{
  "author_info": {
    "name": "Niclas Zeller",
    "affiliation": "Karlsruhe University of Applied Sciences",
    "email_verified": "Verified email at h-ka.de - Homepage",
    "website": "https://www.h-ka.de/",
    "interests": [
      "Computer Vision",
      "SLAM",
      "3D Reconstruction",
      "Light Field Imaging"
    ],
    "photo_url": "https://scholar.googleusercontent.com/citations?view_op=view_photo&user=-tegRu0AAAAJ&citpid=7"
  },
  "citation_stats": {
    "citations_all": 736,
    "citations_since_2020": 569,
    "h_index_all": 12,
    "h_index_since_2020": 11,
    "i10_index_all": 14,
    "i10_index_since_2020": 12,
    "citation_graph": [
      {
        "year": 2014,
        "citations": 4
      },
      {
        "year": 2015,
        "citations": 12
      },
      {
        "year": 2016,
        "citations": 32
      },
      {
        "year": 2017,
        "citations": 32
      },
      {
        "year": 2018,
        "citations": 53
      },
      {
        "year": 2019,
        "citations": 33
      },
      {
        "year": 2020,
        "citations": 32
      },
      {
        "year": 2021,
        "citations": 48
      },
      {
        "year": 2022,
        "citations": 70
      },
      {
        "year": 2023,
        "citations": 135
      },
      {
        "year": 2024,
        "citations": 130
      },
      {
        "year": 2025,
        "citations": 153
      }
    ]
  },
  "papers": [
    {
      "title": "Hi-slam2: Geometry-aware gaussian slam for fast monocular scene reconstruction",
      "url": "https://scholar.google.com/citations?view_op=view_citation&hl=en&user=-tegRu0AAAAJ&citation_for_view=-tegRu0AAAAJ:qxL8FJ1GzNcC",
      "authors": "W Zhang, Q Cheng, D Skuddis, N Zeller, D Cremers, N Haala",
      "venue": "IEEE Transactions on Robotics 41, 6478-6493, 2025",
      "year": 2025,
      "citations": 12
    },
    {
      "title": "4seasons: Benchmarking visual slam and long-term localization for autonomous driving in challenging conditions",
      "url": "https://scholar.google.com/citations?view_op=view_citation&hl=en&user=-tegRu0AAAAJ&citation_for_view=-tegRu0AAAAJ:_kc_bZDykSQC",
      "authors": "P Wenzel, N Yang, R Wang, N Zeller, D Cremers",
      "venue": "International Journal of Computer Vision 133 (4), 1564-1586, 2025",
      "year": 2025,
      "citations": 9
    },
    {
      "title": "Semidefinite relaxations for robust multiview triangulation",
      "url": "https://scholar.google.com/citations?view_op=view_citation&hl=en&user=-tegRu0AAAAJ&citation_for_view=-tegRu0AAAAJ:4TOpqqG69KYC",
      "authors": "L Härenstam-Nielsen, N Zeller, D Cremers",
      "venue": "Proceedings of the IEEE/CVF Conference on Computer Vision and Pattern …, 2023",
      "year": 2023,
      "citations": 8
    },
    {
      "title": "Vision-based Large-scale 3D Semantic Mapping for Autonomous Driving Applications",
      "url": "https://scholar.google.com/citations?view_op=view_citation&hl=en&user=-tegRu0AAAAJ&citation_for_view=-tegRu0AAAAJ:ULOm3_A8WrAC",
      "authors": "Q Cheng, N Zeller, D Cremers",
      "venue": "2022 International Conference on Robotics and Automation (ICRA), 9235-9242, 2022",
      "year": 2022,
      "citations": 12
    },
    {
      "title": "MonoRec: Semi-supervised dense reconstruction in dynamic environments from a single moving camera",
      "url": "https://scholar.google.com/citations?view_op=view_citation&hl=en&user=-tegRu0AAAAJ&citation_for_view=-tegRu0AAAAJ:3fE2CSJIrl8C",
      "authors": "F Wimbauer, N Yang, L von Stumberg, N Zeller, D Cremers",
      "venue": "Proceedings of the IEEE/CVF Conference on Computer Vision and Pattern …, 2021",
      "year": 2021,
      "citations": 117
    },
    {
      "title": "TANDEM: Tracking and Dense Mapping in Real-time using Deep Multi-view Stereo",
      "url": "https://scholar.google.com/citations?view_op=view_citation&hl=en&user=-tegRu0AAAAJ&citation_for_view=-tegRu0AAAAJ:Zph67rFs4hoC",
      "authors": "L Koestler, N Yang, N Zeller, D Cremers",
      "venue": "5th Annual Conference on Robot Learning, 2021",
      "year": 2021,
      "citations": 105
    },
    {
      "title": "Tight integration of feature-based relocalization in monocular direct visual odometry",
      "url": "https://scholar.google.com/citations?view_op=view_citation&hl=en&user=-tegRu0AAAAJ&citation_for_view=-tegRu0AAAAJ:kNdYIx-mwKoC",
      "authors": "M Gladkova, R Wang, N Zeller, D Cremers",
      "venue": "2021 IEEE International Conference on Robotics and Automation (ICRA), 9608-9614, 2021",
      "year": 2021,
      "citations": 17
    },
    {
      "title": "4Seasons: A Cross-Season Dataset for Multi-Weather SLAM in Autonomous Driving",
      "url": "https://scholar.google.com/citations?view_op=view_citation&hl=en&user=-tegRu0AAAAJ&citation_for_view=-tegRu0AAAAJ:8k81kl-MbHgC",
      "authors": "P Wenzel, R Wang, N Yang, Q Cheng, Q Khan, L von Stumberg, N Zeller, ...",
      "venue": "German Conference on Pattern Recognition (GCPR), 2020",
      "year": 2020,
      "citations": 115
    },
    {
      "title": "On the fusion of camera and lidar for 3D object detection and classification",
      "url": "https://scholar.google.com/citations?view_op=view_citation&hl=en&user=-tegRu0AAAAJ&citation_for_view=-tegRu0AAAAJ:5nxA0vEk-isC",
      "authors": "N Kozonek, N Zeller, H Bock, M Pfeifle",
      "venue": "The International Archives of Photogrammetry, Remote Sensing and Spatial …, 2019",
      "year": 2019,
      "citations": 8
    },
    {
      "title": "Scale-awareness of light field camera based visual odometry",
      "url": "https://scholar.google.com/citations?view_op=view_citation&hl=en&user=-tegRu0AAAAJ&citation_for_view=-tegRu0AAAAJ:roLk4NBRz8UC",
      "authors": "N Zeller, F Quint, U Stilla",
      "venue": "Proceedings of the European Conference on Computer Vision (ECCV), 715-730, 2018",
      "year": 2018,
      "citations": 16
    },
    {
      "title": "Direct Plenoptic Odometry-Robust Tracking and Mapping with a Light Field Camera",
      "url": "https://scholar.google.com/citations?view_op=view_citation&hl=en&user=-tegRu0AAAAJ&citation_for_view=-tegRu0AAAAJ:0EnyYjriUFMC",
      "authors": "N Zeller",
      "venue": "Technische Universität München, 2018",
      "year": 2018,
      "citations": 10
    },
    {
      "title": "A Synchronized Stereo and Plenoptic Visual Odometry Dataset",
      "url": "https://scholar.google.com/citations?view_op=view_citation&hl=en&user=-tegRu0AAAAJ&citation_for_view=-tegRu0AAAAJ:LkGwnXOMwfcC",
      "authors": "N Zeller, F Quint, U Stilla",
      "venue": "arXiv preprint arXiv:1807.09372, 2018",
      "year": 2018,
      "citations": 9
    },
    {
      "title": "From the calibration of a light-field camera to direct plenoptic odometry",
      "url": "https://scholar.google.com/citations?view_op=view_citation&hl=en&user=-tegRu0AAAAJ&citation_for_view=-tegRu0AAAAJ:_FxGoFyzp5QC",
      "authors": "N Zeller, F Quint, U Stilla",
      "venue": "IEEE Journal of Selected Topics in Signal Processing 11 (7), 1004-1019, 2017",
      "year": 2017,
      "citations": 41
    },
    {
      "title": "Depth estimation and camera calibration of a focused plenoptic camera for visual odometry",
      "url": "https://scholar.google.com/citations?view_op=view_citation&hl=en&user=-tegRu0AAAAJ&citation_for_view=-tegRu0AAAAJ:Tyk-4Ss8FVUC",
      "authors": "N Zeller, F Quint, U Stilla",
      "venue": "ISPRS Journal of Photogrammetry and Remote Sensing 118, 83-100, 2016",
      "year": 2016,
      "citations": 72
    },
    {
      "title": "Metric calibration of a focused plenoptic camera based on a 3D calibration target",
      "url": "https://scholar.google.com/citations?view_op=view_citation&hl=en&user=-tegRu0AAAAJ&citation_for_view=-tegRu0AAAAJ:zYLM7Y9cAGgC",
      "authors": "N Zeller, CA Noury, F Quint, C Teulière, U Stilla, M Dhome",
      "venue": "ISPRS Annals of Photogrammetry, Remote Sensing and Spatial Information …, 2016",
      "year": 2016,
      "citations": 31
    },
    {
      "title": "Establishing a probabilistic depth map from focused plenoptic cameras",
      "url": "https://scholar.google.com/citations?view_op=view_citation&hl=en&user=-tegRu0AAAAJ&citation_for_view=-tegRu0AAAAJ:W7OEmFMy1HYC",
      "authors": "N Zeller, F Quint, U Stilla",
      "venue": "2015 International Conference on 3D Vision, 91-99, 2015",
      "year": 2015,
      "citations": 20
    },
    {
      "title": "Narrow Field-Of-View Visual Odometry Based on a Focused Plenoptic Camera",
      "url": "https://scholar.google.com/citations?view_op=view_citation&hl=en&user=-tegRu0AAAAJ&citation_for_view=-tegRu0AAAAJ:UeHWp8X0CEIC",
      "authors": "N Zeller, F Quint, U Stilla",
      "venue": "ISPRS Annals of Photogrammetry, Remote Sensing and Spatial Information …, 2015",
      "year": 2015,
      "citations": 17
    },
    {
      "title": "A real-time depth estimation approach for a focused plenoptic camera",
      "url": "https://scholar.google.com/citations?view_op=view_citation&hl=en&user=-tegRu0AAAAJ&citation_for_view=-tegRu0AAAAJ:IjCSPb-OGe4C",
      "authors": "R Vasko, N Zeller, F Quint, U Stilla",
      "venue": "Advances in Visual Computing: 11th International Symposium, ISVC 2015, Las …, 2015",
      "year": 2015,
      "citations": 6
    },
    {
      "title": "Calibration and accuracy analysis of a focused plenoptic camera",
      "url": "https://scholar.google.com/citations?view_op=view_citation&hl=en&user=-tegRu0AAAAJ&citation_for_view=-tegRu0AAAAJ:qjMakFHDy7sC",
      "authors": "N Zeller, F Quint, U Stilla",
      "venue": "ISPRS Annals of Photogrammetry, Remote Sensing and Spatial Information …, 2014",
      "year": 2014,
      "citations": 58
    },
    {
      "title": "Kalibrierung und Genauigkeitsuntersuchung einer fokussierten plenoptischen Kamera",
      "url": "https://scholar.google.com/citations?view_op=view_citation&hl=en&user=-tegRu0AAAAJ&citation_for_view=-tegRu0AAAAJ:d1gkVwhDpl0C",
      "authors": "N Zeller, F Quint, U Stilla",
      "venue": "34. Wissenschaftlich-Technische Jahrestagung der DGPF (DGPF Tagungsband 23 …, 2014",
      "year": 2014,
      "citations": 8
    }
  ],
  "co_authors": [
    {
      "name": "Daniel Cremers",
      "scholar_id": "cXQciMEAAAAJ",
      "url": "https://scholar.google.com/citations?user=cXQciMEAAAAJ"
    },
    {
      "name": "Uwe Stilla",
      "scholar_id": "M3beNHEAAAAJ",
      "url": "https://scholar.google.com/citations?user=M3beNHEAAAAJ"
    },
    {
      "name": "Nan Yang",
      "scholar_id": "pUj2ffwAAAAJ",
      "url": "https://scholar.google.com/citations?user=pUj2ffwAAAAJ"
    },
    {
      "name": "Qing Cheng (程清)",
      "scholar_id": "IjlSpsQAAAAJ",
      "url": "https://scholar.google.com/citations?user=IjlSpsQAAAAJ"
    },
    {
      "name": "Lukas von Stumberg",
      "scholar_id": "jBgFEukAAAAJ",
      "url": "https://scholar.google.com/citations?user=jBgFEukAAAAJ"
    },
    {
      "name": "Rui Wang (王锐)",
      "scholar_id": "buN3yw8AAAAJ",
      "url": "https://scholar.google.com/citations?user=buN3yw8AAAAJ"
    },
    {
      "name": "Patrick Wenzel",
      "scholar_id": "w7r0gcwAAAAJ",
      "url": "https://scholar.google.com/citations?user=w7r0gcwAAAAJ"
    },
    {
      "name": "Felix Wimbauer",
      "scholar_id": "SRPTcxAAAAAJ",
      "url": "https://scholar.google.com/citations?user=SRPTcxAAAAAJ"
    },
    {
      "name": "Lukas Koestler",
      "scholar_id": "vepdJTQAAAAJ",
      "url": "https://scholar.google.com/citations?user=vepdJTQAAAAJ"
    },
    {
      "name": "Wei Zhang",
      "scholar_id": "EvaEv3gAAAAJ",
      "url": "https://scholar.google.com/citations?user=EvaEv3gAAAAJ"
    },
    {
      "name": "Michel Dhome",
      "scholar_id": "_YEWm6oAAAAJ",
      "url": "https://scholar.google.com/citations?user=_YEWm6oAAAAJ"
    },
    {
      "name": "Céline Teulière",
      "scholar_id": "uG6UkEAAAAAJ",
      "url": "https://scholar.google.com/citations?user=uG6UkEAAAAAJ"
    },
    {
      "name": "Mariia Gladkova",
      "scholar_id": "bj6Wf14AAAAJ",
      "url": "https://scholar.google.com/citations?user=bj6Wf14AAAAJ"
    },
    {
      "name": "Norbert Haala",
      "scholar_id": "dmrsx_EAAAAJ",
      "url": "https://scholar.google.com/citations?user=dmrsx_EAAAAJ"
    },
    {
      "name": "David Skuddis",
      "scholar_id": "3ep4GqAAAAAJ",
      "url": "https://scholar.google.com/citations?user=3ep4GqAAAAAJ"
    },
    {
      "name": "Mathias Ziebarth",
      "scholar_id": "LAkIEeAAAAAJ",
      "url": "https://scholar.google.com/citations?user=LAkIEeAAAAAJ"
    },
    {
      "name": "Linus Härenstam-Nielsen",
      "scholar_id": "HWAAVg8AAAAJ",
      "url": "https://scholar.google.com/citations?user=HWAAVg8AAAAJ"
    },
    {
      "name": "Juergen Beyerer",
      "scholar_id": "-BCKzg0AAAAJ",
      "url": "https://scholar.google.com/citations?user=-BCKzg0AAAAJ"
    },
    {
      "name": "Shun-Cheng Wu",
      "scholar_id": "qEo9eiMAAAAJ",
      "url": "https://scholar.google.com/citations?user=qEo9eiMAAAAJ"
    },
    {
      "name": "Stefano Gasperini",
      "scholar_id": "YuWTPaIAAAAJ",
      "url": "https://scholar.google.com/citations?user=YuWTPaIAAAAJ"
    }
  ]
}