{
  "author_info": {
    "name": "Qingwen Bu",
    "affiliation": "HKU | OpenDriveLab",
    "email_verified": "Verified email at connect.hku.hk",
    "interests": [
      "Robot Learning",
      "Computer Vision",
      "Machine Learning"
    ],
    "photo_url": "https://scholar.googleusercontent.com/citations?view_op=view_photo&user=-JCRysgAAAAJ&citpid=2"
  },
  "citation_stats": {
    "citations_all": 836,
    "citations_since_2020": 835,
    "h_index_all": 11,
    "h_index_since_2020": 11,
    "i10_index_all": 11,
    "i10_index_since_2020": 11,
    "citation_graph": [
      {
        "year": 2023,
        "citations": 10
      },
      {
        "year": 2024,
        "citations": 176
      },
      {
        "year": 2025,
        "citations": 646
      }
    ]
  },
  "papers": [
    {
      "title": "Agibot World Colosseo: A Large-scale Manipulation Platform for Scalable and Intelligent Embodied Systems",
      "url": "https://scholar.google.com/citations?view_op=view_citation&hl=en&user=-JCRysgAAAAJ&citation_for_view=-JCRysgAAAAJ:4JMBOYKVnBMC",
      "authors": "Q Bu, J Cai, L Chen, X Cui, Y Ding, S Feng, S Gao, X He, X Hu, X Huang, ...",
      "venue": "International Conference on Intelligent Robots and Systems (IROS), 2025",
      "year": 2025,
      "citations": 112
    },
    {
      "title": "UniVLA: Learning to Act Anywhere with Task-centric Latent Actions",
      "url": "https://scholar.google.com/citations?view_op=view_citation&hl=en&user=-JCRysgAAAAJ&citation_for_view=-JCRysgAAAAJ:e5wmG9Sq2KIC",
      "authors": "Q Bu, Y Yang, J Cai, S Gao, G Ren, M Yao, P Luo, H Li",
      "venue": "Robotics: Science and Systems (RSS), 2025",
      "year": 2025,
      "citations": 64
    },
    {
      "title": "Agility Meets Stability: Versatile Humanoid Control with Heterogeneous Data",
      "url": "https://scholar.google.com/citations?view_op=view_citation&hl=en&user=-JCRysgAAAAJ&citation_for_view=-JCRysgAAAAJ:maZDTaKrznsC",
      "authors": "Y Pan, R Qiao, L Chen, K Chitta, L Pan, H Mai, Q Bu, H Zhao, C Zheng, ...",
      "venue": "arXiv preprint arXiv:2511.17373, 2025",
      "year": 2025,
      "citations": 0
    },
    {
      "title": "Embodied Understanding of Driving Scenarios",
      "url": "https://scholar.google.com/citations?view_op=view_citation&hl=en&user=-JCRysgAAAAJ&citation_for_view=-JCRysgAAAAJ:YsMSGLbcyi4C",
      "authors": "Y Zhou*, L Huang*, Q Bu*, J Zeng, T Li, H Qiu, H Zhu, M Guo, Y Qiao, H Li",
      "venue": "European Conference on Computer Vision (ECCV), 2024",
      "year": 2024,
      "citations": 64
    },
    {
      "title": "Learning Manipulation by Predicting Interaction",
      "url": "https://scholar.google.com/citations?view_op=view_citation&hl=en&user=-JCRysgAAAAJ&citation_for_view=-JCRysgAAAAJ:LkGwnXOMwfcC",
      "authors": "J Zeng*, Q Bu*, B Wang*, W Xia*, L Chen, H Dong, H Song, D Wang, ...",
      "venue": "Robotics: Science and Systems (RSS), 2024",
      "year": 2024,
      "citations": 42
    },
    {
      "title": "RoboDual: Towards Synergistic, Generalized, and Efficient Dual-System for Robotic Manipulation",
      "url": "https://scholar.google.com/citations?view_op=view_citation&hl=en&user=-JCRysgAAAAJ&citation_for_view=-JCRysgAAAAJ:kNdYIx-mwKoC",
      "authors": "Q Bu, H Li, L Chen, J Cai, J Zeng, H Cui, M Yao, Y Qiao",
      "venue": "arXiv preprint arXiv:2410.08001, 2024",
      "year": 2024,
      "citations": 35
    },
    {
      "title": "Closed-Loop Visuomotor Control with Generative Expectation for Robotic Manipulation",
      "url": "https://scholar.google.com/citations?view_op=view_citation&hl=en&user=-JCRysgAAAAJ&citation_for_view=-JCRysgAAAAJ:8k81kl-MbHgC",
      "authors": "Q Bu*, J Zeng*, L Chen*, Y Yang, G Zhou, J Yan, P Luo, H Cui, Y Ma, H Li",
      "venue": "Annual Conference on Neural Information Processing Systems (NeurIPS), 2024",
      "year": 2024,
      "citations": 32
    },
    {
      "title": "SRFormer: text detection transformer with incorporated segmentation and regression",
      "url": "https://scholar.google.com/citations?view_op=view_citation&hl=en&user=-JCRysgAAAAJ&citation_for_view=-JCRysgAAAAJ:ZeXyd9-uunAC",
      "authors": "Q Bu, S Park, M Khang, Y Cheng",
      "venue": "AAAI Conference on Artificial Intelligence (AAAI), 2024",
      "year": 2024,
      "citations": 17
    },
    {
      "title": "AgentCoder: Multi-Agent-based Code Generation with Iterative Testing and Optimisation",
      "url": "https://scholar.google.com/citations?view_op=view_citation&hl=en&user=-JCRysgAAAAJ&citation_for_view=-JCRysgAAAAJ:zYLM7Y9cAGgC",
      "authors": "D Huang*, Q Bu*, JM Zhang, M Luck, H Cui",
      "venue": "arXiv preprint arXiv:2312.13010, 2023",
      "year": 2023,
      "citations": 282
    },
    {
      "title": "Bias Assessment and Mitigation in LLM-based Code Generation",
      "url": "https://scholar.google.com/citations?view_op=view_citation&hl=en&user=-JCRysgAAAAJ&citation_for_view=-JCRysgAAAAJ:UebtZRa9Y70C",
      "authors": "D Huang, Q Bu, J Zhang, X Xie, J Chen, H Cui",
      "venue": "ACM Transactions on Software Engineering and Methodology (TOSEM), 2023",
      "year": 2023,
      "citations": 116
    },
    {
      "title": "Codecot and beyond: Learning to program and test like a developer",
      "url": "https://scholar.google.com/citations?view_op=view_citation&hl=en&user=-JCRysgAAAAJ&citation_for_view=-JCRysgAAAAJ:4DMP91E08xMC",
      "authors": "D Huang*, Q Bu*, Y Qin, H Cui",
      "venue": "arXiv preprint arXiv:2308.08784 23, 2023",
      "year": 2023,
      "citations": 53
    },
    {
      "title": "Towards Building More Robust Models with Frequency Bias",
      "url": "https://scholar.google.com/citations?view_op=view_citation&hl=en&user=-JCRysgAAAAJ&citation_for_view=-JCRysgAAAAJ:Y0pCki6q_DkC",
      "authors": "Q Bu, D Huang, H Cui",
      "venue": "International Conference on Computer Vision (ICCV), 2023",
      "year": 2023,
      "citations": 19
    }
  ],
  "co_authors": [
    {
      "name": "Hongyang Li",
      "scholar_id": "Hfrih1EAAAAJ",
      "url": "https://scholar.google.com/citations?user=Hfrih1EAAAAJ"
    },
    {
      "name": "Jia Zeng",
      "scholar_id": "kYrUfMoAAAAJ",
      "url": "https://scholar.google.com/citations?user=kYrUfMoAAAAJ"
    },
    {
      "name": "Ping Luo (羅平)",
      "scholar_id": "aXdjxb4AAAAJ",
      "url": "https://scholar.google.com/citations?user=aXdjxb4AAAAJ"
    },
    {
      "name": "Li Chen",
      "scholar_id": "ulZxvY0AAAAJ",
      "url": "https://scholar.google.com/citations?user=ulZxvY0AAAAJ"
    },
    {
      "name": "Shenyuan Gao",
      "scholar_id": "hZtOnecAAAAJ",
      "url": "https://scholar.google.com/citations?user=hZtOnecAAAAJ"
    },
    {
      "name": "Yunsong Zhou",
      "scholar_id": "bTsmnwcAAAAJ",
      "url": "https://scholar.google.com/citations?user=bTsmnwcAAAAJ"
    },
    {
      "name": "Yi Ma (马毅)",
      "scholar_id": "XqLiBQMAAAAJ",
      "url": "https://scholar.google.com/citations?user=XqLiBQMAAAAJ"
    },
    {
      "name": "Junchi Yan",
      "scholar_id": "ga230VoAAAAJ",
      "url": "https://scholar.google.com/citations?user=ga230VoAAAAJ"
    },
    {
      "name": "Tianyu Li",
      "scholar_id": "X6vTmEMAAAAJ",
      "url": "https://scholar.google.com/citations?user=X6vTmEMAAAAJ"
    }
  ]
}