{
  "author_info": {
    "name": "Cheng Wan",
    "affiliation": "PhD student Cornell University",
    "email_verified": "Verified email at cornell.edu - Homepage",
    "website": "https://jornywan.github.io/",
    "interests": [
      "Multimodal Learning",
      "Generative Model",
      "AI for Medical Imaging"
    ],
    "photo_url": "https://scholar.googleusercontent.com/citations?view_op=view_photo&user=-6P5hV8AAAAJ&citpid=13"
  },
  "citation_stats": {
    "citations_all": 395,
    "citations_since_2020": 395,
    "h_index_all": 7,
    "h_index_since_2020": 7,
    "i10_index_all": 7,
    "i10_index_since_2020": 7,
    "citation_graph": [
      {
        "year": 2022,
        "citations": 2
      },
      {
        "year": 2023,
        "citations": 21
      },
      {
        "year": 2024,
        "citations": 125
      },
      {
        "year": 2025,
        "citations": 237
      }
    ]
  },
  "papers": [
    {
      "title": "The tenth NTIRE 2025 efficient super-resolution challenge report",
      "url": "https://scholar.google.com/citations?view_op=view_citation&hl=en&user=-6P5hV8AAAAJ&citation_for_view=-6P5hV8AAAAJ:ufrVoPGSRksC",
      "authors": "B Ren, H Guo, L Sun, Z Wu, R Timofte, Y Li",
      "venue": "Proceedings of the Computer Vision and Pattern Recognition Conference, 917-966, 2025",
      "year": 2025,
      "citations": 28
    },
    {
      "title": "A Multi-scenario Attention-based Generative Model for Personalized Blood Pressure Time Series Forecasting",
      "url": "https://scholar.google.com/citations?view_op=view_citation&hl=en&user=-6P5hV8AAAAJ&citation_for_view=-6P5hV8AAAAJ:WF5omc3nYNoC",
      "authors": "C Wan, C Xie, L Liu, D Wu, Y Li",
      "venue": "ICASSP 2025, 1-5, 2025",
      "year": 2025,
      "citations": 2
    },
    {
      "title": "WASABI: A Metric for Evaluating Morphometric Plausibility of Synthetic Brain MRIs",
      "url": "https://scholar.google.com/citations?view_op=view_citation&hl=en&user=-6P5hV8AAAAJ&citation_for_view=-6P5hV8AAAAJ:roLk4NBRz8UC",
      "authors": "B Jafrasteh, W Peng, C Wan, Y Luo, E Adeli, Q Zhao",
      "venue": "MICCAI 2025, 684-694, 2025",
      "year": 2025,
      "citations": 0
    },
    {
      "title": "Anatomical Similarity as a New Metric to Evaluate Brain Generative Models",
      "url": "https://scholar.google.com/citations?view_op=view_citation&hl=en&user=-6P5hV8AAAAJ&citation_for_view=-6P5hV8AAAAJ:_FxGoFyzp5QC",
      "authors": "B Jafrasteh, W Peng, C Wan, Y Luo, E Adeli, Q Zhao",
      "venue": "arXiv preprint arXiv:2504.21771, 2025",
      "year": 2025,
      "citations": 0
    },
    {
      "title": "Ntire 2024 challenge on image super-resolution (x4): Methods and results",
      "url": "https://scholar.google.com/citations?view_op=view_citation&hl=en&user=-6P5hV8AAAAJ&citation_for_view=-6P5hV8AAAAJ:IjCSPb-OGe4C",
      "authors": "Z Chen, Z Wu, E Zamfir, K Zhang, Y Zhang, R Timofte, X Yang, H Yu, ...",
      "venue": "Proceedings of the IEEE/CVF Conference on Computer Vision and Pattern …, 2024",
      "year": 2024,
      "citations": 129
    },
    {
      "title": "Swift parameter-free attention network for efficient super-resolution",
      "url": "https://scholar.google.com/citations?view_op=view_citation&hl=en&user=-6P5hV8AAAAJ&citation_for_view=-6P5hV8AAAAJ:9yKSN-GCB0IC",
      "authors": "C Wan, H Yu, Z Li, Y Chen, Y Zou, Y Liu, X Yin, K Zuo",
      "venue": "Proceedings of the IEEE/CVF Conference on Computer Vision and Pattern …, 2024",
      "year": 2024,
      "citations": 74
    },
    {
      "title": "The ninth NTIRE 2024 efficient super-resolution challenge report",
      "url": "https://scholar.google.com/citations?view_op=view_citation&hl=en&user=-6P5hV8AAAAJ&citation_for_view=-6P5hV8AAAAJ:qjMakFHDy7sC",
      "authors": "B Ren, Y Li, N Mehta, R Timofte, H Yu, C Wan, Y Hong, B Han, Z Wu, ...",
      "venue": "Proceedings of the IEEE/CVF Conference on Computer Vision and Pattern …, 2024",
      "year": 2024,
      "citations": 69
    },
    {
      "title": "Deep raw image super-resolution. a NTIRE 2024 challenge survey",
      "url": "https://scholar.google.com/citations?view_op=view_citation&hl=en&user=-6P5hV8AAAAJ&citation_for_view=-6P5hV8AAAAJ:YsMSGLbcyi4C",
      "authors": "MV Conde, FA Vasluianu, R Timofte, J Zhang, J Li, F Wang, X Li, Z Liu, ...",
      "venue": "Proceedings of the IEEE/CVF Conference on Computer Vision and Pattern …, 2024",
      "year": 2024,
      "citations": 25
    },
    {
      "title": "HyCTAS: Multi-Objective Hybrid Convolution-Transformer Architecture Search for Real-Time Image Segmentation",
      "url": "https://scholar.google.com/citations?view_op=view_citation&hl=en&user=-6P5hV8AAAAJ&citation_for_view=-6P5hV8AAAAJ:2osOgNQ5qMEC",
      "authors": "H Yu, C Wan, X Dai, M Liu, D Chen, B Xiao, Y Huang, Y Lu, L Wang",
      "venue": "Neurocomputing, 2024",
      "year": 2024,
      "citations": 22
    },
    {
      "title": "Advancing Sleep Disorder Diagnostics: A Transformer-based EEG Model for Sleep Stage Classification and OSA Prediction",
      "url": "https://scholar.google.com/citations?view_op=view_citation&hl=en&user=-6P5hV8AAAAJ&citation_for_view=-6P5hV8AAAAJ:W7OEmFMy1HYC",
      "authors": "C Wan, MC Nnamdi, W Shi, B Smith, C Purnell, MD Wang",
      "venue": "IEEE Journal of Biomedical and Health Informatics, 2024",
      "year": 2024,
      "citations": 7
    },
    {
      "title": "ECG-LLM: Leveraging Large Language Models for Low-Quality ECG Signal Restoration",
      "url": "https://scholar.google.com/citations?view_op=view_citation&hl=en&user=-6P5hV8AAAAJ&citation_for_view=-6P5hV8AAAAJ:eQOLeE2rZwMC",
      "authors": "L Liu, G Cui, C Wan, D Wu, Y Li",
      "venue": "2024 IEEE International Conference on Bioinformatics and Biomedicine (BIBM …, 2024",
      "year": 2024,
      "citations": 5
    },
    {
      "title": "RITA: A Real-time Interactive Talking Avatars Framework",
      "url": "https://scholar.google.com/citations?view_op=view_citation&hl=en&user=-6P5hV8AAAAJ&citation_for_view=-6P5hV8AAAAJ:UebtZRa9Y70C",
      "authors": "W Cheng*, C Wan*, Y Cao*, S Chen*",
      "venue": "CVPR 2024 (Demo Track), 2024",
      "year": 2024,
      "citations": 0
    },
    {
      "title": "The first visual object tracking segmentation vots2023 challenge results",
      "url": "https://scholar.google.com/citations?view_op=view_citation&hl=en&user=-6P5hV8AAAAJ&citation_for_view=-6P5hV8AAAAJ:u-x6o8ySG0sC",
      "authors": "M Kristan, J Matas, M Danelljan, M Felsberg, HJ Chang, LČ Zajc, ...",
      "venue": "ICCV 2023, 1796-1818, 2023",
      "year": 2023,
      "citations": 29
    },
    {
      "title": "Effects of pulse transit time and pulse arrival time on cuff-less blood pressure estimation: a comparison study with multiple experimental interventions",
      "url": "https://scholar.google.com/citations?view_op=view_citation&hl=en&user=-6P5hV8AAAAJ&citation_for_view=-6P5hV8AAAAJ:d1gkVwhDpl0C",
      "authors": "C Xie, C Wan, Y Wang, J Song, D Wu, Y Li",
      "venue": "2023 45th Annual International Conference of the IEEE Engineering in …, 2023",
      "year": 2023,
      "citations": 5
    },
    {
      "title": "Unveiling Linear Mode Connectivity of Re-basin from Neuron Distribution Perspective",
      "url": "https://scholar.google.com/citations?view_op=view_citation&hl=en&user=-6P5hV8AAAAJ&citation_for_view=-6P5hV8AAAAJ:LkGwnXOMwfcC",
      "authors": "Z Li, Z Li, M Wu, C Wan, C Wu",
      "venue": "",
      "citations": 0
    }
  ],
  "co_authors": [
    {
      "name": "Hongyuan Yu 俞宏远",
      "scholar_id": "yfnvzxYAAAAJ",
      "url": "https://scholar.google.com/citations?user=yfnvzxYAAAAJ"
    },
    {
      "name": "Zhiqi Li",
      "scholar_id": "gh_nHawAAAAJ",
      "url": "https://scholar.google.com/citations?user=gh_nHawAAAAJ"
    },
    {
      "name": "Dongdong Chen",
      "scholar_id": "sYKpKqEAAAAJ",
      "url": "https://scholar.google.com/citations?user=sYKpKqEAAAAJ"
    },
    {
      "name": "Xiyang Dai",
      "scholar_id": "QC8RwcoAAAAJ",
      "url": "https://scholar.google.com/citations?user=QC8RwcoAAAAJ"
    },
    {
      "name": "Wenqi Shi",
      "scholar_id": "4qkrZTAAAAAJ",
      "url": "https://scholar.google.com/citations?user=4qkrZTAAAAAJ"
    },
    {
      "name": "Qingyu Zhao",
      "scholar_id": "yHpHM34AAAAJ",
      "url": "https://scholar.google.com/citations?user=yHpHM34AAAAJ"
    },
    {
      "name": "Bahram Jafrasteh",
      "scholar_id": "ShNTw54AAAAJ",
      "url": "https://scholar.google.com/citations?user=ShNTw54AAAAJ"
    },
    {
      "name": "Ehsan Adeli",
      "scholar_id": "7NX_J_cAAAAJ",
      "url": "https://scholar.google.com/citations?user=7NX_J_cAAAAJ"
    }
  ]
}