{
  "author_info": {
    "name": "Mark Emberton",
    "affiliation": "Professor of Interventional Oncology, University College London, UK",
    "email_verified": "Verified email at ucl.ac.uk",
    "interests": [
      "Prostate cancer",
      "Voiding dissorder",
      "imaging",
      "trial design"
    ],
    "photo_url": "https://scholar.googleusercontent.com/citations?view_op=view_photo&user=-nqARLAAAAAJ&citpid=2"
  },
  "citation_stats": {
    "citations_all": 50779,
    "citations_since_2020": 25422,
    "h_index_all": 105,
    "h_index_since_2020": 69,
    "i10_index_all": 438,
    "i10_index_since_2020": 326,
    "citation_graph": [
      {
        "year": 2003,
        "citations": 130
      },
      {
        "year": 2004,
        "citations": 185
      },
      {
        "year": 2005,
        "citations": 249
      },
      {
        "year": 2006,
        "citations": 498
      },
      {
        "year": 2007,
        "citations": 546
      },
      {
        "year": 2008,
        "citations": 588
      },
      {
        "year": 2009,
        "citations": 690
      },
      {
        "year": 2010,
        "citations": 835
      },
      {
        "year": 2011,
        "citations": 984
      },
      {
        "year": 2012,
        "citations": 1381
      },
      {
        "year": 2013,
        "citations": 1485
      },
      {
        "year": 2014,
        "citations": 2193
      },
      {
        "year": 2015,
        "citations": 2513
      },
      {
        "year": 2016,
        "citations": 2676
      },
      {
        "year": 2017,
        "citations": 2821
      },
      {
        "year": 2018,
        "citations": 2940
      },
      {
        "year": 2019,
        "citations": 3463
      },
      {
        "year": 2020,
        "citations": 3801
      },
      {
        "year": 2021,
        "citations": 4275
      },
      {
        "year": 2022,
        "citations": 4195
      },
      {
        "year": 2023,
        "citations": 3891
      },
      {
        "year": 2024,
        "citations": 4519
      },
      {
        "year": 2025,
        "citations": 4657
      }
    ]
  },
  "papers": [
    {
      "title": "Early detection of cancer",
      "url": "https://scholar.google.com/citations?view_op=view_citation&hl=en&user=-nqARLAAAAAJ&citation_for_view=-nqARLAAAAAJ:Q7MrCZSQ2BMC",
      "authors": "D Crosby, S Bhatia, KM Brindle, LM Coussens, C Dive, M Emberton, ...",
      "venue": "Science 375 (6586), eaay9040, 2022",
      "year": 2022,
      "citations": 1211
    },
    {
      "title": "Multiparametric MRI for prostate cancer diagnosis: current status and future directions",
      "url": "https://scholar.google.com/citations?view_op=view_citation&hl=en&user=-nqARLAAAAAJ&citation_for_view=-nqARLAAAAAJ:Uett3gagOK8C",
      "authors": "A Stabile, F Giganti, AB Rosenkrantz, SS Taneja, G Villeirs, IS Gill, C Allen, ...",
      "venue": "Nature reviews urology 17 (1), 41-61, 2020",
      "year": 2020,
      "citations": 464
    },
    {
      "title": "MRI-targeted or standard biopsy for prostate-cancer diagnosis",
      "url": "https://scholar.google.com/citations?view_op=view_citation&hl=en&user=-nqARLAAAAAJ&citation_for_view=-nqARLAAAAAJ:xBbUbSzpRCkC",
      "authors": "V Kasivisvanathan, AS Rannikko, M Borghi, V Panebianco, LA Mynderse, ...",
      "venue": "New England Journal of Medicine 378 (19), 1767-1777, 2018",
      "year": 2018,
      "citations": 3581
    },
    {
      "title": "Weakly-supervised convolutional neural networks for multimodal image registration",
      "url": "https://scholar.google.com/citations?view_op=view_citation&hl=en&user=-nqARLAAAAAJ&citation_for_view=-nqARLAAAAAJ:eThWPngL6FsC",
      "authors": "Y Hu, M Modat, E Gibson, W Li, N Ghavami, E Bonmati, G Wang, ...",
      "venue": "Medical image analysis 49, 1-13, 2018",
      "year": 2018,
      "citations": 546
    },
    {
      "title": "Medical image computing and computer assisted intervention–MICCAI 2018",
      "url": "https://scholar.google.com/citations?view_op=view_citation&hl=en&user=-nqARLAAAAAJ&citation_for_view=-nqARLAAAAAJ:A5mcrx2i-EUC",
      "authors": "U Schmidt, M Weigert, C Broaddus, G Myers, AF Frangi, JA Schnabel, ...",
      "venue": "21st International Conference, Granada, Spain, 265-273, 2018",
      "year": 2018,
      "citations": 450
    },
    {
      "title": "Diagnostic accuracy of multi-parametric MRI and TRUS biopsy in prostate cancer (PROMIS): a paired validating confirmatory study",
      "url": "https://scholar.google.com/citations?view_op=view_citation&hl=en&user=-nqARLAAAAAJ&citation_for_view=-nqARLAAAAAJ:bjbQ1S6M1lUC",
      "authors": "HU Ahmed, AES Bosaily, LC Brown, R Gabe, R Kaplan, MK Parmar, ...",
      "venue": "The Lancet 389 (10071), 815-822, 2017",
      "year": 2017,
      "citations": 3794
    },
    {
      "title": "Padeliporfin vascular-targeted photodynamic therapy versus active surveillance in men with low-risk prostate cancer (CLIN1001 PCM301): an open-label, phase 3, randomised …",
      "url": "https://scholar.google.com/citations?view_op=view_citation&hl=en&user=-nqARLAAAAAJ&citation_for_view=-nqARLAAAAAJ:-ssuBh8vdzEC",
      "authors": "AR Azzouzi, S Vincendeau, E Barret, A Cicco, F Kleinclauss, ...",
      "venue": "The Lancet Oncology 18 (2), 181-191, 2017",
      "year": 2017,
      "citations": 404
    },
    {
      "title": "Can clinically significant prostate cancer be detected with multiparametric magnetic resonance imaging? A systematic review of the literature",
      "url": "https://scholar.google.com/citations?view_op=view_citation&hl=en&user=-nqARLAAAAAJ&citation_for_view=-nqARLAAAAAJ:dkLjhTRAQr4C",
      "authors": "JJ Fütterer, A Briganti, P De Visschere, M Emberton, G Giannarini, ...",
      "venue": "European urology 68 (6), 1045-1053, 2015",
      "year": 2015,
      "citations": 980
    },
    {
      "title": "Detection of clinically significant prostate cancer using magnetic resonance imaging–ultrasound fusion targeted biopsy: a systematic review",
      "url": "https://scholar.google.com/citations?view_op=view_citation&hl=en&user=-nqARLAAAAAJ&citation_for_view=-nqARLAAAAAJ:wkm4DBaukwsC",
      "authors": "M Valerio, I Donaldson, M Emberton, B Ehdaie, BA Hadaschik, LS Marks, ...",
      "venue": "European urology 68 (1), 8-19, 2015",
      "year": 2015,
      "citations": 580
    },
    {
      "title": "The role of focal therapy in the management of localised prostate cancer: a systematic review",
      "url": "https://scholar.google.com/citations?view_op=view_citation&hl=en&user=-nqARLAAAAAJ&citation_for_view=-nqARLAAAAAJ:W2uZP3ddy8sC",
      "authors": "M Valerio, HU Ahmed, M Emberton, N Lawrentschuk, M Lazzeri, ...",
      "venue": "European urology 66 (4), 732-751, 2014",
      "year": 2014,
      "citations": 458
    },
    {
      "title": "EAU guidelines on the treatment and follow-up of non-neurogenic male lower urinary tract symptoms including benign prostatic obstruction",
      "url": "https://scholar.google.com/citations?view_op=view_citation&hl=en&user=-nqARLAAAAAJ&citation_for_view=-nqARLAAAAAJ:X0DADzN9RKwC",
      "authors": "M Oelke, A Bachmann, A Descazeaud, M Emberton, S Gravas, MC Michel, ...",
      "venue": "European urology 64 (1), 118-140, 2013",
      "year": 2013,
      "citations": 1580
    },
    {
      "title": "Systematic review of complications of prostate biopsy",
      "url": "https://scholar.google.com/citations?view_op=view_citation&hl=en&user=-nqARLAAAAAJ&citation_for_view=-nqARLAAAAAJ:cBPnxVikjH8C",
      "authors": "S Loeb, A Vellekoop, HU Ahmed, J Catto, M Emberton, R Nam, ...",
      "venue": "European urology 64 (6), 876-892, 2013",
      "year": 2013,
      "citations": 1404
    },
    {
      "title": "Image-guided prostate biopsy using magnetic resonance imaging–derived targets: a systematic review",
      "url": "https://scholar.google.com/citations?view_op=view_citation&hl=en&user=-nqARLAAAAAJ&citation_for_view=-nqARLAAAAAJ:2v_ZtQDX9iAC",
      "authors": "CM Moore, NL Robertson, N Arsanious, T Middleton, A Villers, L Klotz, ...",
      "venue": "European urology 63 (1), 125-140, 2013",
      "year": 2013,
      "citations": 712
    },
    {
      "title": "Standards of reporting for MRI-targeted biopsy studies (START) of the prostate: recommendations from an International Working Group",
      "url": "https://scholar.google.com/citations?view_op=view_citation&hl=en&user=-nqARLAAAAAJ&citation_for_view=-nqARLAAAAAJ:37UQlXuwjP4C",
      "authors": "CM Moore, V Kasivisvanathan, S Eggener, M Emberton, JJ Fütterer, ...",
      "venue": "European urology 64 (4), 544-552, 2013",
      "year": 2013,
      "citations": 512
    },
    {
      "title": "Focal therapy for localised unifocal and multifocal prostate cancer: a prospective development study",
      "url": "https://scholar.google.com/citations?view_op=view_citation&hl=en&user=-nqARLAAAAAJ&citation_for_view=-nqARLAAAAAJ:DyXnQzXoVgIC",
      "authors": "HU Ahmed, RG Hindley, L Dickinson, A Freeman, AP Kirkham, M Sahu, ...",
      "venue": "The lancet oncology 13 (6), 622-632, 2012",
      "year": 2012,
      "citations": 473
    },
    {
      "title": "Magnetic resonance imaging for the detection, localisation, and characterisation of prostate cancer: recommendations from a European consensus meeting",
      "url": "https://scholar.google.com/citations?view_op=view_citation&hl=en&user=-nqARLAAAAAJ&citation_for_view=-nqARLAAAAAJ:PkcyUWeTMh0C",
      "authors": "L Dickinson, HU Ahmed, C Allen, JO Barentsz, B Carey, JJ Futterer, ...",
      "venue": "European urology 59 (4), 477-494, 2011",
      "year": 2011,
      "citations": 940
    },
    {
      "title": "Photodynamic therapy for prostate cancer—a review of current status and future promise",
      "url": "https://scholar.google.com/citations?view_op=view_citation&hl=en&user=-nqARLAAAAAJ&citation_for_view=-nqARLAAAAAJ:roLk4NBRz8UC",
      "authors": "CM Moore, D Pendse, M Emberton",
      "venue": "Nature clinical practice Urology 6 (1), 18-30, 2009",
      "year": 2009,
      "citations": 407
    },
    {
      "title": "How good is MRI at detecting and characterising cancer within the prostate?",
      "url": "https://scholar.google.com/citations?view_op=view_citation&hl=en&user=-nqARLAAAAAJ&citation_for_view=-nqARLAAAAAJ:2osOgNQ5qMEC",
      "authors": "APS Kirkham, M Emberton, C Allen",
      "venue": "European urology 50 (6), 1163-1175, 2006",
      "year": 2006,
      "citations": 458
    },
    {
      "title": "EAU 2004 guidelines on assessment, therapy and follow-up of men with lower urinary tract symptoms suggestive of benign prostatic obstruction (BPH guidelines)",
      "url": "https://scholar.google.com/citations?view_op=view_citation&hl=en&user=-nqARLAAAAAJ&citation_for_view=-nqARLAAAAAJ:u5HHmVD_uO8C",
      "authors": "S Madersbacher, G Alivizatos, J Nordling, CR Sanz, M Emberton, ...",
      "venue": "European urology 46 (5), 547-554, 2004",
      "year": 2004,
      "citations": 910
    },
    {
      "title": "EAU Guidelines on benign prostatic hyperplasia (BPH)",
      "url": "https://scholar.google.com/citations?view_op=view_citation&hl=en&user=-nqARLAAAAAJ&citation_for_view=-nqARLAAAAAJ:Se3iqnhoufwC",
      "authors": "JJ de la Rosette, G Alivizatos, S Madersbacher, M Perachino, D Thomas, ...",
      "venue": "European urology 40 (3), 256-263, 2001",
      "year": 2001,
      "citations": 464
    }
  ],
  "co_authors": [
    {
      "name": "Professor Hashim U Ahmed",
      "scholar_id": "xVnw-_MAAAAJ",
      "url": "https://scholar.google.com/citations?user=xVnw-_MAAAAJ"
    },
    {
      "name": "Professor Caroline M Moore",
      "scholar_id": "0wG6b20AAAAJ",
      "url": "https://scholar.google.com/citations?user=0wG6b20AAAAJ"
    },
    {
      "name": "Dean Barratt",
      "scholar_id": "hgqgNbsAAAAJ",
      "url": "https://scholar.google.com/citations?user=hgqgNbsAAAAJ"
    },
    {
      "name": "D J Hawkes",
      "scholar_id": "XqcO8foAAAAJ",
      "url": "https://scholar.google.com/citations?user=XqcO8foAAAAJ"
    },
    {
      "name": "Doug Pendsé",
      "scholar_id": "fInncrAAAAAJ",
      "url": "https://scholar.google.com/citations?user=fInncrAAAAAJ"
    },
    {
      "name": "Mike Grocott",
      "scholar_id": "dOyaMNoAAAAJ",
      "url": "https://scholar.google.com/citations?user=dOyaMNoAAAAJ"
    },
    {
      "name": "Steven Joniau",
      "scholar_id": "isl0USIAAAAJ",
      "url": "https://scholar.google.com/citations?user=isl0USIAAAAJ"
    },
    {
      "name": "Philippe PUECH",
      "scholar_id": "Mp5IkGkAAAAJ",
      "url": "https://scholar.google.com/citations?user=Mp5IkGkAAAAJ"
    },
    {
      "name": "Jelle Barentsz",
      "scholar_id": "XOBUGgDygUAC",
      "url": "https://scholar.google.com/citations?user=XOBUGgDygUAC"
    },
    {
      "name": "Stanton Newman",
      "scholar_id": "Mdn_Ve8AAAAJ",
      "url": "https://scholar.google.com/citations?user=Mdn_Ve8AAAAJ"
    },
    {
      "name": "Zeike A. Taylor",
      "scholar_id": "I46iAUYAAAAJ",
      "url": "https://scholar.google.com/citations?user=I46iAUYAAAAJ"
    },
    {
      "name": "mark hamilton",
      "scholar_id": "YHWbko0AAAAJ",
      "url": "https://scholar.google.com/citations?user=YHWbko0AAAAJ"
    },
    {
      "name": "Matthew R Sydes",
      "scholar_id": "_gG8a4cAAAAJ",
      "url": "https://scholar.google.com/citations?user=_gG8a4cAAAAJ"
    },
    {
      "name": "Arash Rashidian",
      "scholar_id": "2o7KmAUAAAAJ",
      "url": "https://scholar.google.com/citations?user=2o7KmAUAAAAJ"
    },
    {
      "name": "Gareth Ambler",
      "scholar_id": "HuxFCQoAAAAJ",
      "url": "https://scholar.google.com/citations?user=HuxFCQoAAAAJ"
    },
    {
      "name": "Joseph L. Chin",
      "scholar_id": "_glD04cAAAAJ",
      "url": "https://scholar.google.com/citations?user=_glD04cAAAAJ"
    },
    {
      "name": "Samuel I Watson",
      "scholar_id": "R7SNAyoAAAAJ",
      "url": "https://scholar.google.com/citations?user=R7SNAyoAAAAJ"
    },
    {
      "name": "Denny Levett",
      "scholar_id": "pvPRKAwAAAAJ",
      "url": "https://scholar.google.com/citations?user=pvPRKAwAAAAJ"
    },
    {
      "name": "Shahrokh F. Shariat, M.D.",
      "scholar_id": "RbPenJUAAAAJ",
      "url": "https://scholar.google.com/citations?user=RbPenJUAAAAJ"
    },
    {
      "name": "Jeremy Kepner",
      "scholar_id": "BSrwwfYAAAAJ",
      "url": "https://scholar.google.com/citations?user=BSrwwfYAAAAJ"
    }
  ]
}