{
  "author_info": {
    "name": "Fulong Ye",
    "affiliation": "ByteDance",
    "email_verified": "Verified email at bytedance.com",
    "interests": [
      "Vision-Language Pretrain",
      "Generative models",
      "Diffusion Models"
    ],
    "photo_url": "https://scholar.googleusercontent.com/citations?view_op=view_photo&user=-BbQ5VgAAAAJ&citpid=2"
  },
  "citation_stats": {
    "citations_all": 182,
    "citations_since_2020": 182,
    "h_index_all": 5,
    "h_index_since_2020": 5,
    "i10_index_all": 2,
    "i10_index_since_2020": 2,
    "citation_graph": [
      {
        "year": 2022,
        "citations": 2
      },
      {
        "year": 2023,
        "citations": 29
      },
      {
        "year": 2024,
        "citations": 67
      },
      {
        "year": 2025,
        "citations": 83
      }
    ]
  },
  "papers": [
    {
      "title": "Anydressing: Customizable multi-garment virtual dressing via latent diffusion models",
      "url": "https://scholar.google.com/citations?view_op=view_citation&hl=en&user=-BbQ5VgAAAAJ&citation_for_view=-BbQ5VgAAAAJ:2osOgNQ5qMEC",
      "authors": "X Li, Q Sun, P Zhang, F Ye, Z Liao, W Feng, S Zhao, Q He",
      "venue": "2025 IEEE/CVF Conference on Computer Vision and Pattern Recognition (CVPR …, 2025",
      "year": 2025,
      "citations": 7
    },
    {
      "title": "DreamID: High-Fidelity and Fast diffusion-based Face Swapping via Triplet ID Group Learning",
      "url": "https://scholar.google.com/citations?view_op=view_citation&hl=en&user=-BbQ5VgAAAAJ&citation_for_view=-BbQ5VgAAAAJ:qjMakFHDy7sC",
      "authors": "F Ye, M Hua, P Zhang, X Li, Q Sun, S Zhao, Q He, X Wu",
      "venue": "arXiv preprint arXiv:2504.14509, 2025",
      "year": 2025,
      "citations": 5
    },
    {
      "title": "InstructX: Towards Unified Visual Editing with MLLM Guidance",
      "url": "https://scholar.google.com/citations?view_op=view_citation&hl=en&user=-BbQ5VgAAAAJ&citation_for_view=-BbQ5VgAAAAJ:UeHWp8X0CEIC",
      "authors": "C Mou, Q Sun, Y Wu, P Zhang, X Li, F Ye, S Zhao, Q He",
      "venue": "arXiv preprint arXiv:2510.08485, 2025",
      "year": 2025,
      "citations": 1
    },
    {
      "title": "Altdiffusion: A multilingual text-to-image diffusion model",
      "url": "https://scholar.google.com/citations?view_op=view_citation&hl=en&user=-BbQ5VgAAAAJ&citation_for_view=-BbQ5VgAAAAJ:u-x6o8ySG0sC",
      "authors": "F Ye, G Liu, X Wu, L Wu",
      "venue": "Proceedings of the AAAI conference on artificial intelligence 38 (7), 6648-6656, 2024",
      "year": 2024,
      "citations": 40
    },
    {
      "title": "Altclip: Altering the language encoder in clip for extended language capabilities",
      "url": "https://scholar.google.com/citations?view_op=view_citation&hl=en&user=-BbQ5VgAAAAJ&citation_for_view=-BbQ5VgAAAAJ:9yKSN-GCB0IC",
      "authors": "Z Chen, G Liu, BW Zhang, Y Fulong, Q Yang, L Wu",
      "venue": "Findings of the Association for Computational Linguistics: ACL 2023, 8666-8682, 2023",
      "year": 2023,
      "citations": 115
    },
    {
      "title": "Spring: Situated conversation agent pretrained with multimodal questions from incremental layout graph",
      "url": "https://scholar.google.com/citations?view_op=view_citation&hl=en&user=-BbQ5VgAAAAJ&citation_for_view=-BbQ5VgAAAAJ:u5HHmVD_uO8C",
      "authors": "Y Long, B Hui, F Ye, Y Li, Z Han, C Yuan, Y Li, X Wang",
      "venue": "Proceedings of the AAAI Conference on Artificial Intelligence 37 (11), 13309 …, 2023",
      "year": 2023,
      "citations": 8
    },
    {
      "title": "Whether you can locate or not? Interactive Referring Expression Generation",
      "url": "https://scholar.google.com/citations?view_op=view_citation&hl=en&user=-BbQ5VgAAAAJ&citation_for_view=-BbQ5VgAAAAJ:d1gkVwhDpl0C",
      "authors": "F Ye, Y Long, F Feng, X Wang",
      "venue": "Proceedings of the 31st ACM International Conference on Multimedia, 4697-4706, 2023",
      "year": 2023,
      "citations": 6
    }
  ],
  "co_authors": [
    {
      "name": "Ledell (Yu) Wu",
      "scholar_id": "-eJHVt8AAAAJ",
      "url": "https://scholar.google.com/citations?user=-eJHVt8AAAAJ"
    },
    {
      "name": "Zhongzhi Chen",
      "scholar_id": "D3S6g3IAAAAJ",
      "url": "https://scholar.google.com/citations?user=D3S6g3IAAAAJ"
    },
    {
      "name": "Qian He",
      "scholar_id": "9rWWCgUAAAAJ",
      "url": "https://scholar.google.com/citations?user=9rWWCgUAAAAJ"
    },
    {
      "name": "Yuxing Long",
      "scholar_id": "UqQ41BIAAAAJ",
      "url": "https://scholar.google.com/citations?user=UqQ41BIAAAAJ"
    },
    {
      "name": "Xiaojie Wang",
      "scholar_id": "-RtarngAAAAJ",
      "url": "https://scholar.google.com/citations?user=-RtarngAAAAJ"
    },
    {
      "name": "Fangxiang Feng",
      "scholar_id": "W0O_dfoAAAAJ",
      "url": "https://scholar.google.com/citations?user=W0O_dfoAAAAJ"
    },
    {
      "name": "Lucen Zhong",
      "scholar_id": "BbDO3lcAAAAJ",
      "url": "https://scholar.google.com/citations?user=BbDO3lcAAAAJ"
    },
    {
      "name": "Guang Liu",
      "scholar_id": "PqsOPSwAAAAJ",
      "url": "https://scholar.google.com/citations?user=PqsOPSwAAAAJ"
    }
  ]
}