{
  "author_info": {
    "name": "Rodrigo Mira",
    "affiliation": "Google DeepMind",
    "email_verified": "Verified email at google.com - Homepage",
    "website": "https://miraodasilva.github.io/",
    "interests": [
      "Video-To-Speech",
      "Self-supervised learning",
      "Audio-visual Speech",
      "Speech enhancement"
    ],
    "photo_url": "https://scholar.googleusercontent.com/citations?view_op=view_photo&user=08YfKjcAAAAJ&citpid=3"
  },
  "citation_stats": {
    "citations_all": 539,
    "citations_since_2020": 539,
    "h_index_all": 8,
    "h_index_since_2020": 8,
    "i10_index_all": 8,
    "i10_index_since_2020": 8,
    "citation_graph": [
      {
        "year": 2021,
        "citations": 3
      },
      {
        "year": 2022,
        "citations": 44
      },
      {
        "year": 2023,
        "citations": 99
      },
      {
        "year": 2024,
        "citations": 171
      },
      {
        "year": 2025,
        "citations": 221
      }
    ]
  },
  "papers": [
    {
      "title": "KeyFace: Expressive Audio-Driven Facial Animation for Long Sequences via KeyFrame Interpolation",
      "url": "https://scholar.google.com/citations?view_op=view_citation&hl=en&user=08YfKjcAAAAJ&citation_for_view=08YfKjcAAAAJ:Se3iqnhoufwC",
      "authors": "A Bigata, R Mira, S Bounareli, K Vougioukas, Z Landgraf, N Drobyshev, ...",
      "venue": "Proceedings of the IEEE/CVF conference on computer vision and pattern …, 2025",
      "year": 2025,
      "citations": 5
    },
    {
      "title": "KeySync: A robust approach for leakage-free lip synchronization in high resolution",
      "url": "https://scholar.google.com/citations?view_op=view_citation&hl=en&user=08YfKjcAAAAJ&citation_for_view=08YfKjcAAAAJ:0EnyYjriUFMC",
      "authors": "A Bigata, R Mira, S Bounareli, M Stypułkowski, K Vougioukas, S Petridis, ...",
      "venue": "arXiv preprint arXiv:2505.00497, 2025",
      "year": 2025,
      "citations": 3
    },
    {
      "title": "Contextual Speech Extraction: Leveraging Textual History as an Implicit Cue for Target Speech Extraction",
      "url": "https://scholar.google.com/citations?view_op=view_citation&hl=en&user=08YfKjcAAAAJ&citation_for_view=08YfKjcAAAAJ:UebtZRa9Y70C",
      "authors": "M Kim, R Mira, H Chen, S Petridis, M Pantic",
      "venue": "ICASSP 2025-2025 IEEE International Conference on Acoustics, Speech and …, 2025",
      "year": 2025,
      "citations": 2
    },
    {
      "title": "Lookahead Anchoring: Preserving Character Identity in Audio-Driven Human Animation",
      "url": "https://scholar.google.com/citations?view_op=view_citation&hl=en&user=08YfKjcAAAAJ&citation_for_view=08YfKjcAAAAJ:MXK_kJrjxJIC",
      "authors": "J Seo, R Mira, A Haliassos, S Bounareli, H Chen, L Tran, S Kim, ...",
      "venue": "arXiv preprint arXiv:2510.23581, 2025",
      "year": 2025,
      "citations": 0
    },
    {
      "title": "BRAVEn: Improving self-supervised pre-training for visual and auditory speech recognition",
      "url": "https://scholar.google.com/citations?view_op=view_citation&hl=en&user=08YfKjcAAAAJ&citation_for_view=08YfKjcAAAAJ:_FxGoFyzp5QC",
      "authors": "A Haliassos, A Zinonos, R Mira, S Petridis, M Pantic",
      "venue": "ICASSP 2024-2024 IEEE International Conference on Acoustics, Speech and …, 2024",
      "year": 2024,
      "citations": 22
    },
    {
      "title": "Unified Speech Recognition: A Single Model for Auditory, Visual, and Audiovisual Inputs",
      "url": "https://scholar.google.com/citations?view_op=view_citation&hl=en&user=08YfKjcAAAAJ&citation_for_view=08YfKjcAAAAJ:roLk4NBRz8UC",
      "authors": "A Haliassos, R Mira, H Chen, Z Landgraf, S Petridis, M Pantic",
      "venue": "Advances in Neural Information Processing Systems, 2024, 2024",
      "year": 2024,
      "citations": 15
    },
    {
      "title": "RT-LA-VocE: Real-Time Low-SNR Audio-Visual Speech Enhancement",
      "url": "https://scholar.google.com/citations?view_op=view_citation&hl=en&user=08YfKjcAAAAJ&citation_for_view=08YfKjcAAAAJ:LkGwnXOMwfcC",
      "authors": "H Chen, R Mira, S Petridis, M Pantic",
      "venue": "Proc. Interspeech 2024, 2024",
      "year": 2024,
      "citations": 8
    },
    {
      "title": "LA-VocE: Low-SNR audio-visual speech enhancement using neural vocoders",
      "url": "https://scholar.google.com/citations?view_op=view_citation&hl=en&user=08YfKjcAAAAJ&citation_for_view=08YfKjcAAAAJ:UeHWp8X0CEIC",
      "authors": "R Mira, B Xu, J Donley, A Kumar, S Petridis, VK Ithapu, M Pantic",
      "venue": "ICASSP 2023-2023 IEEE International Conference on Acoustics, Speech and …, 2023",
      "year": 2023,
      "citations": 17
    },
    {
      "title": "Laughing Matters: Introducing Laughing-Face Generation using Diffusion Models",
      "url": "https://scholar.google.com/citations?view_op=view_citation&hl=en&user=08YfKjcAAAAJ&citation_for_view=08YfKjcAAAAJ:W7OEmFMy1HYC",
      "authors": "AB Casademunt, R Mira, N Drobyshev, K Vougioukas, S Petridis, ...",
      "venue": "British Machine Vision Conference (BMVC) 2023, 2023",
      "year": 2023,
      "citations": 3
    },
    {
      "title": "Automated composition of Galician Xota—tuning RNN-based composers for specific musical styles using deep Q-learning",
      "url": "https://scholar.google.com/citations?view_op=view_citation&hl=en&user=08YfKjcAAAAJ&citation_for_view=08YfKjcAAAAJ:Y0pCki6q_DkC",
      "authors": "R Mira, E Coutinho, E Parada-Cabaleiro, BW Schuller",
      "venue": "PeerJ Computer Science 9, e1356, 2023",
      "year": 2023,
      "citations": 2
    },
    {
      "title": "Leveraging Audio-visual Speech Effectively via Deep Learning",
      "url": "https://scholar.google.com/citations?view_op=view_citation&hl=en&user=08YfKjcAAAAJ&citation_for_view=08YfKjcAAAAJ:WF5omc3nYNoC",
      "authors": "R Schonburg Carrillo De Mira",
      "venue": "Doctor of Philosophy (PhD) Thesis, 2023",
      "year": 2023,
      "citations": 0
    },
    {
      "title": "Leveraging real talking faces via self-supervision for robust forgery detection",
      "url": "https://scholar.google.com/citations?view_op=view_citation&hl=en&user=08YfKjcAAAAJ&citation_for_view=08YfKjcAAAAJ:9yKSN-GCB0IC",
      "authors": "A Haliassos, R Mira, S Petridis, M Pantic",
      "venue": "Proceedings of the IEEE/CVF conference on computer vision and pattern …, 2022",
      "year": 2022,
      "citations": 197
    },
    {
      "title": "Jointly learning visual and auditory speech representations from raw data",
      "url": "https://scholar.google.com/citations?view_op=view_citation&hl=en&user=08YfKjcAAAAJ&citation_for_view=08YfKjcAAAAJ:IjCSPb-OGe4C",
      "authors": "A Haliassos, P Ma, R Mira, S Petridis, M Pantic",
      "venue": "The Eleventh International Conference on Learning Representations (ICLR) 2023, 2022",
      "year": 2022,
      "citations": 80
    },
    {
      "title": "End-to-end Video-to-Speech Synthesis using Generative Adversarial Networks",
      "url": "https://scholar.google.com/citations?view_op=view_citation&hl=en&user=08YfKjcAAAAJ&citation_for_view=08YfKjcAAAAJ:u5HHmVD_uO8C",
      "authors": "R Mira, K Vougioukas, P Ma, S Petridis, BW Schuller, M Pantic",
      "venue": "IEEE Transactions on Cybernetics, 2022",
      "year": 2022,
      "citations": 71
    },
    {
      "title": "SVTS: Scalable Video-to-Speech Synthesis",
      "url": "https://scholar.google.com/citations?view_op=view_citation&hl=en&user=08YfKjcAAAAJ&citation_for_view=08YfKjcAAAAJ:zYLM7Y9cAGgC",
      "authors": "R Mira, A Haliassos, S Petridis, BW Schuller, M Pantic",
      "venue": "Proc. Interspeech 2022, 1836-1840, 2022",
      "year": 2022,
      "citations": 49
    },
    {
      "title": "LiRA: Learning Visual Speech Representations from Audio through Self-Supervision",
      "url": "https://scholar.google.com/citations?view_op=view_citation&hl=en&user=08YfKjcAAAAJ&citation_for_view=08YfKjcAAAAJ:d1gkVwhDpl0C",
      "authors": "P Ma, R Mira, S Petridis, BW Schuller, M Pantic",
      "venue": "Proc. Interspeech 2021, 3011-3015, 2021",
      "year": 2021,
      "citations": 65
    }
  ],
  "co_authors": [
    {
      "name": "Maja Pantic",
      "scholar_id": "ygpxbK8AAAAJ",
      "url": "https://scholar.google.com/citations?user=ygpxbK8AAAAJ"
    },
    {
      "name": "Stavros Petridis",
      "scholar_id": "6v-UKEMAAAAJ",
      "url": "https://scholar.google.com/citations?user=6v-UKEMAAAAJ"
    },
    {
      "name": "Alexandros Haliassos",
      "scholar_id": "qejRKDYAAAAJ",
      "url": "https://scholar.google.com/citations?user=qejRKDYAAAAJ"
    },
    {
      "name": "Konstantinos Vougioukas",
      "scholar_id": "WwLpK44AAAAJ",
      "url": "https://scholar.google.com/citations?user=WwLpK44AAAAJ"
    },
    {
      "name": "Björn Schuller",
      "scholar_id": "TxKNCSoAAAAJ",
      "url": "https://scholar.google.com/citations?user=TxKNCSoAAAAJ"
    },
    {
      "name": "Pingchuan Ma",
      "scholar_id": "ZUW256sAAAAJ",
      "url": "https://scholar.google.com/citations?user=ZUW256sAAAAJ"
    },
    {
      "name": "Antoni Bigata Casademunt",
      "scholar_id": "LuIdiV8AAAAJ",
      "url": "https://scholar.google.com/citations?user=LuIdiV8AAAAJ"
    },
    {
      "name": "Nikita Drobyshev",
      "scholar_id": "itNst7wAAAAJ",
      "url": "https://scholar.google.com/citations?user=itNst7wAAAAJ"
    },
    {
      "name": "Jacob Donley",
      "scholar_id": "uBRc_BwAAAAJ",
      "url": "https://scholar.google.com/citations?user=uBRc_BwAAAAJ"
    },
    {
      "name": "Vamsi Krishna Ithapu",
      "scholar_id": "R-q0WzkAAAAJ",
      "url": "https://scholar.google.com/citations?user=R-q0WzkAAAAJ"
    },
    {
      "name": "Buye Xu",
      "scholar_id": "EmGf8k0AAAAJ",
      "url": "https://scholar.google.com/citations?user=EmGf8k0AAAAJ"
    },
    {
      "name": "Anurag Kumar",
      "scholar_id": "HH5cCX0AAAAJ",
      "url": "https://scholar.google.com/citations?user=HH5cCX0AAAAJ"
    },
    {
      "name": "Emilia Parada-Cabaleiro",
      "scholar_id": "HHRfxvgAAAAJ",
      "url": "https://scholar.google.com/citations?user=HHRfxvgAAAAJ"
    }
  ]
}