{
  "author_info": {
    "name": "Jiayuan Mao",
    "affiliation": "MIT CSAIL",
    "email_verified": "Verified email at mit.edu - Homepage",
    "website": "http://jiayuanm.com/",
    "interests": [
      "Artificial Intelligence",
      "Robotics",
      "Computer Vision",
      "Natural Language Processing",
      "Machine Learning"
    ],
    "photo_url": "https://scholar.googleusercontent.com/citations?view_op=view_photo&user=-xaOIZIAAAAJ&citpid=22"
  },
  "citation_stats": {
    "citations_all": 4920,
    "citations_since_2020": 4614,
    "h_index_all": 25,
    "h_index_since_2020": 25,
    "i10_index_all": 41,
    "i10_index_since_2020": 41,
    "citation_graph": [
      {
        "year": 2018,
        "citations": 53
      },
      {
        "year": 2019,
        "citations": 231
      },
      {
        "year": 2020,
        "citations": 468
      },
      {
        "year": 2021,
        "citations": 605
      },
      {
        "year": 2022,
        "citations": 690
      },
      {
        "year": 2023,
        "citations": 784
      },
      {
        "year": 2024,
        "citations": 907
      },
      {
        "year": 2025,
        "citations": 1160
      }
    ]
  },
  "papers": [
    {
      "title": "Embodied agent interface: Benchmarking llms for embodied decision making",
      "url": "https://scholar.google.com/citations?view_op=view_citation&hl=en&user=-xaOIZIAAAAJ&citation_for_view=-xaOIZIAAAAJ:3s1wT3WcHBgC",
      "authors": "M Li, S Zhao, Q Wang, K Wang, Y Zhou, S Srivastava, C Gokmen, T Lee, ...",
      "venue": "Advances in Neural Information Processing Systems 37, 100428-100534, 2024",
      "year": 2024,
      "citations": 140
    },
    {
      "title": "Agent Workflow Memory",
      "url": "https://scholar.google.com/citations?view_op=view_citation&hl=en&user=-xaOIZIAAAAJ&citation_for_view=-xaOIZIAAAAJ:ldfaerwXgEUC",
      "authors": "Z Zhiruo Wang, J Mao, D Fried, G Neubig",
      "venue": "arXiv e-prints, arXiv: 2409.07429, 2024",
      "year": 2024,
      "citations": 127
    },
    {
      "title": "Learning to act from actionless videos through dense correspondences",
      "url": "https://scholar.google.com/citations?view_op=view_citation&hl=en&user=-xaOIZIAAAAJ&citation_for_view=-xaOIZIAAAAJ:hMod-77fHWUC",
      "authors": "PC Ko, J Mao, Y Du, SH Sun, JB Tenenbaum",
      "venue": "arXiv preprint arXiv:2310.08576, 2023",
      "year": 2023,
      "citations": 124
    },
    {
      "title": "Ns3d: Neuro-symbolic grounding of 3d objects and relations",
      "url": "https://scholar.google.com/citations?view_op=view_citation&hl=en&user=-xaOIZIAAAAJ&citation_for_view=-xaOIZIAAAAJ:k_IJM867U9cC",
      "authors": "J Hsu, J Mao, J Wu",
      "venue": "Proceedings of the IEEE/CVF Conference on Computer Vision and Pattern …, 2023",
      "year": 2023,
      "citations": 70
    },
    {
      "title": "Learning Adaptive Planning Representations with Natural Language Guidance",
      "url": "https://scholar.google.com/citations?view_op=view_citation&hl=en&user=-xaOIZIAAAAJ&citation_for_view=-xaOIZIAAAAJ:BqipwSGYUEgC",
      "authors": "L Wong, J Mao, P Sharma, ZS Siegel, J Feng, N Korneev, JB Tenenbaum, ...",
      "venue": "arXiv preprint arXiv:2312.08566, 2023",
      "year": 2023,
      "citations": 53
    },
    {
      "title": "Programmatically grounded, compositionally generalizable robotic manipulation",
      "url": "https://scholar.google.com/citations?view_op=view_citation&hl=en&user=-xaOIZIAAAAJ&citation_for_view=-xaOIZIAAAAJ:TFP_iSt0sucC",
      "authors": "R Wang, J Mao, J Hsu, H Zhao, J Wu, Y Gao",
      "venue": "arXiv preprint arXiv:2304.13826, 2023",
      "year": 2023,
      "citations": 52
    },
    {
      "title": "What’s left? concept grounding with logic-enhanced foundation models",
      "url": "https://scholar.google.com/citations?view_op=view_citation&hl=en&user=-xaOIZIAAAAJ&citation_for_view=-xaOIZIAAAAJ:NMxIlDl6LWMC",
      "authors": "J Hsu, J Mao, J Tenenbaum, J Wu",
      "venue": "Advances in Neural Information Processing Systems 36, 38798-38814, 2023",
      "year": 2023,
      "citations": 47
    },
    {
      "title": "Compositional diffusion-based continuous constraint solvers",
      "url": "https://scholar.google.com/citations?view_op=view_citation&hl=en&user=-xaOIZIAAAAJ&citation_for_view=-xaOIZIAAAAJ:blknAaTinKkC",
      "authors": "Z Yang, J Mao, Y Du, J Wu, JB Tenenbaum, T Lozano-Pérez, ...",
      "venue": "arXiv preprint arXiv:2309.00966, 2023",
      "year": 2023,
      "citations": 42
    },
    {
      "title": "Pdsketch: Integrated domain programming, learning, and planning",
      "url": "https://scholar.google.com/citations?view_op=view_citation&hl=en&user=-xaOIZIAAAAJ&citation_for_view=-xaOIZIAAAAJ:4JMBOYKVnBMC",
      "authors": "J Mao, T Lozano-Pérez, J Tenenbaum, L Kaelbling",
      "venue": "Advances in Neural Information Processing Systems 35, 36972-36984, 2022",
      "year": 2022,
      "citations": 50
    },
    {
      "title": "Handmethat: Human-robot communication in physical and social environments",
      "url": "https://scholar.google.com/citations?view_op=view_citation&hl=en&user=-xaOIZIAAAAJ&citation_for_view=-xaOIZIAAAAJ:HDshCWvjkbEC",
      "authors": "Y Wan, J Mao, J Tenenbaum",
      "venue": "Advances in Neural Information Processing Systems 35, 12014-12026, 2022",
      "year": 2022,
      "citations": 36
    },
    {
      "title": "Clevrer-humans: Describing physical and causal events the human way",
      "url": "https://scholar.google.com/citations?view_op=view_citation&hl=en&user=-xaOIZIAAAAJ&citation_for_view=-xaOIZIAAAAJ:mB3voiENLucC",
      "authors": "J Mao, X Yang, X Zhang, N Goodman, J Wu",
      "venue": "Advances in Neural Information Processing Systems 35, 7755-7768, 2022",
      "year": 2022,
      "citations": 30
    },
    {
      "title": "Grounding physical object and event concepts through dynamic visual reasoning",
      "url": "https://scholar.google.com/citations?view_op=view_citation&hl=en&user=-xaOIZIAAAAJ&citation_for_view=-xaOIZIAAAAJ:-f6ydRqryjwC",
      "authors": "Z Chen, J Mao, J Wu, KYK Wong, JB Tenenbaum, C Gan",
      "venue": "International Conference on Learning Representations, 2021",
      "year": 2021,
      "citations": 114
    },
    {
      "title": "The neuro-symbolic concept learner: Interpreting scenes, words, and sentences from natural supervision",
      "url": "https://scholar.google.com/citations?view_op=view_citation&hl=en&user=-xaOIZIAAAAJ&citation_for_view=-xaOIZIAAAAJ:Tyk-4Ss8FVUC",
      "authors": "J Mao, C Gan, P Kohli, JB Tenenbaum, J Wu",
      "venue": "arXiv preprint arXiv:1904.12584, 2019",
      "year": 2019,
      "citations": 1032
    },
    {
      "title": "Neural logic machines",
      "url": "https://scholar.google.com/citations?view_op=view_citation&hl=en&user=-xaOIZIAAAAJ&citation_for_view=-xaOIZIAAAAJ:zYLM7Y9cAGgC",
      "authors": "H Dong, J Mao, T Lin, C Wang, L Li, D Zhou",
      "venue": "arXiv preprint arXiv:1904.11694, 2019",
      "year": 2019,
      "citations": 400
    },
    {
      "title": "Unified visual-semantic embeddings: Bridging vision and language with structured meaning representations",
      "url": "https://scholar.google.com/citations?view_op=view_citation&hl=en&user=-xaOIZIAAAAJ&citation_for_view=-xaOIZIAAAAJ:W7OEmFMy1HYC",
      "authors": "H Wu, J Mao, Y Zhang, Y Jiang, L Li, W Sun, WY Ma",
      "venue": "Proceedings of the IEEE/CVF Conference on Computer Vision and Pattern …, 2019",
      "year": 2019,
      "citations": 235
    },
    {
      "title": "Visually grounded neural syntax acquisition",
      "url": "https://scholar.google.com/citations?view_op=view_citation&hl=en&user=-xaOIZIAAAAJ&citation_for_view=-xaOIZIAAAAJ:eQOLeE2rZwMC",
      "authors": "F Shi, J Mao, K Gimpel, K Livescu",
      "venue": "Proceedings of the 57th annual meeting of the Association for Computational …, 2019",
      "year": 2019,
      "citations": 99
    },
    {
      "title": "Visual concept-metaconcept learning",
      "url": "https://scholar.google.com/citations?view_op=view_citation&hl=en&user=-xaOIZIAAAAJ&citation_for_view=-xaOIZIAAAAJ:roLk4NBRz8UC",
      "authors": "C Han, J Mao, C Gan, J Tenenbaum, J Wu",
      "venue": "Advances in Neural Information Processing Systems 32, 2019",
      "year": 2019,
      "citations": 91
    },
    {
      "title": "Acquisition of localization confidence for accurate object detection",
      "url": "https://scholar.google.com/citations?view_op=view_citation&hl=en&user=-xaOIZIAAAAJ&citation_for_view=-xaOIZIAAAAJ:qjMakFHDy7sC",
      "authors": "B Jiang, R Luo, J Mao, T Xiao, Y Jiang",
      "venue": "Proceedings of the European conference on computer vision (ECCV), 784-799, 2018",
      "year": 2018,
      "citations": 1253
    },
    {
      "title": "Learning visually-grounded semantics from contrastive adversarial samples",
      "url": "https://scholar.google.com/citations?view_op=view_citation&hl=en&user=-xaOIZIAAAAJ&citation_for_view=-xaOIZIAAAAJ:9yKSN-GCB0IC",
      "authors": "F Shi, J Mao, T Xiao, Y Jiang, J Sun",
      "venue": "Proceedings of the 27th international conference on computational …, 2018",
      "year": 2018,
      "citations": 56
    },
    {
      "title": "What can help pedestrian detection?",
      "url": "https://scholar.google.com/citations?view_op=view_citation&hl=en&user=-xaOIZIAAAAJ&citation_for_view=-xaOIZIAAAAJ:d1gkVwhDpl0C",
      "authors": "J Mao, T Xiao, Y Jiang, Z Cao",
      "venue": "Proceedings of the IEEE conference on computer vision and pattern …, 2017",
      "year": 2017,
      "citations": 371
    }
  ],
  "co_authors": [
    {
      "name": "Joshua B. Tenenbaum",
      "scholar_id": "rRJ9wTJMUB8C",
      "url": "https://scholar.google.com/citations?user=rRJ9wTJMUB8C"
    },
    {
      "name": "Jiajun Wu",
      "scholar_id": "2efgcS0AAAAJ",
      "url": "https://scholar.google.com/citations?user=2efgcS0AAAAJ"
    },
    {
      "name": "Chuang Gan",
      "scholar_id": "PTeSCbIAAAAJ",
      "url": "https://scholar.google.com/citations?user=PTeSCbIAAAAJ"
    },
    {
      "name": "Leslie Kaelbling",
      "scholar_id": "IcasIiwAAAAJ",
      "url": "https://scholar.google.com/citations?user=IcasIiwAAAAJ"
    },
    {
      "name": "Yuning Jiang",
      "scholar_id": "Z7v-NA4AAAAJ",
      "url": "https://scholar.google.com/citations?user=Z7v-NA4AAAAJ"
    },
    {
      "name": "Tomas Lozano-Perez",
      "scholar_id": "gQOKAggAAAAJ",
      "url": "https://scholar.google.com/citations?user=gQOKAggAAAAJ"
    },
    {
      "name": "Yilun Du",
      "scholar_id": "GRMMc_MAAAAJ",
      "url": "https://scholar.google.com/citations?user=GRMMc_MAAAAJ"
    },
    {
      "name": "Joy Hsu",
      "scholar_id": "Zr7RJT4AAAAJ",
      "url": "https://scholar.google.com/citations?user=Zr7RJT4AAAAJ"
    },
    {
      "name": "Honghua Dong",
      "scholar_id": "MrGN4oMAAAAJ",
      "url": "https://scholar.google.com/citations?user=MrGN4oMAAAAJ"
    },
    {
      "name": "Weiyu Liu",
      "scholar_id": "PHi0YEQAAAAJ",
      "url": "https://scholar.google.com/citations?user=PHi0YEQAAAAJ"
    },
    {
      "name": "Freda Shi",
      "scholar_id": "jkDd-3QAAAAJ",
      "url": "https://scholar.google.com/citations?user=jkDd-3QAAAAJ"
    },
    {
      "name": "Jacob Andreas",
      "scholar_id": "dnZ8udEAAAAJ",
      "url": "https://scholar.google.com/citations?user=dnZ8udEAAAAJ"
    },
    {
      "name": "Zhezheng Luo",
      "scholar_id": "k_L7pZgAAAAJ",
      "url": "https://scholar.google.com/citations?user=k_L7pZgAAAAJ"
    },
    {
      "name": "Zora Zhiruo Wang",
      "scholar_id": "K2hRQgUAAAAJ",
      "url": "https://scholar.google.com/citations?user=K2hRQgUAAAAJ"
    },
    {
      "name": "Xiuming Zhang",
      "scholar_id": "5hl9MqMAAAAJ",
      "url": "https://scholar.google.com/citations?user=5hl9MqMAAAAJ"
    },
    {
      "name": "Yikai Li",
      "scholar_id": "0EVzwD8AAAAJ",
      "url": "https://scholar.google.com/citations?user=0EVzwD8AAAAJ"
    },
    {
      "name": "Roger Levy",
      "scholar_id": "i86O0SAAAAAJ",
      "url": "https://scholar.google.com/citations?user=i86O0SAAAAAJ"
    },
    {
      "name": "Sumith Kulal",
      "scholar_id": "1bYESBYAAAAJ",
      "url": "https://scholar.google.com/citations?user=1bYESBYAAAAJ"
    },
    {
      "name": "Xiaolin Fang",
      "scholar_id": "MOq_UZEAAAAJ",
      "url": "https://scholar.google.com/citations?user=MOq_UZEAAAAJ"
    },
    {
      "name": "Yuyao Liu",
      "scholar_id": "QgETxGoAAAAJ",
      "url": "https://scholar.google.com/citations?user=QgETxGoAAAAJ"
    }
  ]
}