{
  "author_info": {
    "name": "Yaohua Zha",
    "affiliation": "SIGS, Tsinghua University",
    "email_verified": "Verified email at mails.tsinghua.edu.cn",
    "interests": [
      "3D Vision",
      "Computational Vision"
    ],
    "photo_url": "https://scholar.googleusercontent.com/citations?view_op=view_photo&user=-zUO4_QAAAAJ&citpid=11"
  },
  "citation_stats": {
    "citations_all": 289,
    "citations_since_2020": 289,
    "h_index_all": 9,
    "h_index_since_2020": 9,
    "i10_index_all": 7,
    "i10_index_since_2020": 7,
    "citation_graph": [
      {
        "year": 2023,
        "citations": 1
      },
      {
        "year": 2024,
        "citations": 84
      },
      {
        "year": 2025,
        "citations": 202
      }
    ]
  },
  "papers": [
    {
      "title": "PMA: Towards Parameter-Efficient Point Cloud Understanding via Point Mamba Adapter",
      "url": "https://scholar.google.com/citations?view_op=view_citation&hl=en&user=-zUO4_QAAAAJ&citation_for_view=-zUO4_QAAAAJ:0EnyYjriUFMC",
      "authors": "Y Zha, Y Wang, H Guo, J Wang, T Dai, B Chen, Z Ouyang, X Yuerong, ...",
      "venue": "[CVPR'25] Proceedings of the IEEE/CVF Conference on Computer Vision and …, 2025",
      "year": 2025,
      "citations": 2
    },
    {
      "title": "CASL: Curvature-Augmented Self-supervised Learning for 3D Anomaly Detection",
      "url": "https://scholar.google.com/citations?view_op=view_citation&hl=en&user=-zUO4_QAAAAJ&citation_for_view=-zUO4_QAAAAJ:Zph67rFs4hoC",
      "authors": "Y Zha, X Yuerong, C Fan, Y Wang, T Dai, K Chen, ST Xia",
      "venue": "[AAAI'26] Proceedings of the AAAI Conference on Artificial Intelligence, 2025",
      "year": 2025,
      "citations": 0
    },
    {
      "title": "Expert-Enhanced Masked Point Modeling for Point Cloud Self-Supervised Learning",
      "url": "https://scholar.google.com/citations?view_op=view_citation&hl=en&user=-zUO4_QAAAAJ&citation_for_view=-zUO4_QAAAAJ:kNdYIx-mwKoC",
      "authors": "Y Liu*, Y Zha*, N Li, T Dai, B Chen, ST Xia",
      "venue": "[ICRA'25] IEEE International Conference on Robotics and Automation, 1436-1443, 2025",
      "year": 2025,
      "citations": 0
    },
    {
      "title": "Embracing Collaboration Over Competition: Condensing Multiple Prompts for Visual In-Context Learning",
      "url": "https://scholar.google.com/citations?view_op=view_citation&hl=en&user=-zUO4_QAAAAJ&citation_for_view=-zUO4_QAAAAJ:Se3iqnhoufwC",
      "authors": "J Wang, T Luo, Y Zha, Y Feng, R Luo, B Chen, T Dai, L Chen, Y Wang, ...",
      "venue": "[CVPR'25] Proceedings of the IEEE/CVF Conference on Computer Vision and …, 2025",
      "year": 2025,
      "citations": 0
    },
    {
      "title": "GCD-Sampling: A General Cross-scale Decoupled Sampling for Point Cloud",
      "url": "https://scholar.google.com/citations?view_op=view_citation&hl=en&user=-zUO4_QAAAAJ&citation_for_view=-zUO4_QAAAAJ:LkGwnXOMwfcC",
      "authors": "T Dai, Y Wang, J Xiong, Y Zha, ST Xia, Z Zhu",
      "venue": "[AAAI'25] Proceedings of the AAAI Conference on Artificial Intelligence 39 …, 2025",
      "year": 2025,
      "citations": 0
    },
    {
      "title": "Adapting Pre-trained 3D Models for Point Cloud Video Understanding via Cross-frame Spatio-temporal Perception",
      "url": "https://scholar.google.com/citations?view_op=view_citation&hl=en&user=-zUO4_QAAAAJ&citation_for_view=-zUO4_QAAAAJ:MXK_kJrjxJIC",
      "authors": "B Lv*, Y Zha*, T Dai, X Yuerong, K Chen, ST Xia",
      "venue": "[CVPR'25] Proceedings of the IEEE/CVF Conference on Computer Vision and …, 2025",
      "year": 2025,
      "citations": 0
    },
    {
      "title": "MambaIRv2: Attentive State Space Restoration",
      "url": "https://scholar.google.com/citations?view_op=view_citation&hl=en&user=-zUO4_QAAAAJ&citation_for_view=-zUO4_QAAAAJ:WF5omc3nYNoC",
      "authors": "H Guo, Y Guo, Y Zha, Y Zhang, W Li, T Dai, ST Xia, Y Li",
      "venue": "[CVPR'25] Proceedings of the IEEE/CVF Conference on Computer Vision and …, 2024",
      "year": 2024,
      "citations": 88
    },
    {
      "title": "Towards Compact 3D Representations via Point Feature Enhancement Masked Autoencoders",
      "url": "https://scholar.google.com/citations?view_op=view_citation&hl=en&user=-zUO4_QAAAAJ&citation_for_view=-zUO4_QAAAAJ:qjMakFHDy7sC",
      "authors": "Y Zha, H Ji, J Li, R Li, T Dai, B Chen, Z Wang, ST Xia",
      "venue": "[AAAI'24] Proceedings of the AAAI Conference on Artificial Intelligence 38 …, 2024",
      "year": 2024,
      "citations": 56
    },
    {
      "title": "LCM: Locally Constrained Compact Point Cloud Model for Masked Point Modeling",
      "url": "https://scholar.google.com/citations?view_op=view_citation&hl=en&user=-zUO4_QAAAAJ&citation_for_view=-zUO4_QAAAAJ:UebtZRa9Y70C",
      "authors": "Y Zha, N Li, Y Wang, T Dai, H Guo, B Chen, Z Wang, Z Ouyang, ST Xia",
      "venue": "[NeurIPS'24] Advances in Neural Information Processing Systems, 2024",
      "year": 2024,
      "citations": 16
    },
    {
      "title": "ReFIR: Grounding Large Restoration Models with Retrieval Augmentation",
      "url": "https://scholar.google.com/citations?view_op=view_citation&hl=en&user=-zUO4_QAAAAJ&citation_for_view=-zUO4_QAAAAJ:W7OEmFMy1HYC",
      "authors": "H Guo, T Dai, Z Ouyang, T Zhang, Y Zha, B Chen, S Xia",
      "venue": "[NeurIPS'24] Advances in Neural Information Processing Systems, 2024",
      "year": 2024,
      "citations": 11
    },
    {
      "title": "Large Point-to-Gaussian Model for Image-to-3D Generation",
      "url": "https://scholar.google.com/citations?view_op=view_citation&hl=en&user=-zUO4_QAAAAJ&citation_for_view=-zUO4_QAAAAJ:Tyk-4Ss8FVUC",
      "authors": "L Lu, H Gao, T Dai, Y Zha, Z Hou, J Wu, ST Xia",
      "venue": "[ACM MM'24] Proceedings of the ACM International Conference on Multimedia …, 2024",
      "year": 2024,
      "citations": 10
    },
    {
      "title": "Towards scalable semantic representation for recommendation",
      "url": "https://scholar.google.com/citations?view_op=view_citation&hl=en&user=-zUO4_QAAAAJ&citation_for_view=-zUO4_QAAAAJ:eQOLeE2rZwMC",
      "authors": "T Zhang, J Pan, J Wang, Y Zha, T Dai, B Chen, R Luo, X Deng, Y Wang, ...",
      "venue": "arXiv preprint arXiv:2410.09560, 2024",
      "year": 2024,
      "citations": 9
    },
    {
      "title": "Invertible Residual Rescaling Models",
      "url": "https://scholar.google.com/citations?view_op=view_citation&hl=en&user=-zUO4_QAAAAJ&citation_for_view=-zUO4_QAAAAJ:UeHWp8X0CEIC",
      "authors": "J Li, T Dai, Y Zha, Y Luo, L Lu, B Chen, Z Wang, ST Xia, J Zhang",
      "venue": "[IJCAI'24] International Joint Conference on Artificial Intelligence, 2024",
      "year": 2024,
      "citations": 2
    },
    {
      "title": "LR-MAE: Locate while Reconstructing with Masked Autoencoders for Point Cloud Self-supervised Learning",
      "url": "https://scholar.google.com/citations?view_op=view_citation&hl=en&user=-zUO4_QAAAAJ&citation_for_view=-zUO4_QAAAAJ:Y0pCki6q_DkC",
      "authors": "H Ji*, Y Zha*, Q Liao",
      "venue": "[ICME'24] International Conference on Multimedia and Expo, 1-6, 2024",
      "year": 2024,
      "citations": 1
    },
    {
      "title": "Point Cloud Mixture-of-Domain-Experts Model for 3D Self-supervised Learning",
      "url": "https://scholar.google.com/citations?view_op=view_citation&hl=en&user=-zUO4_QAAAAJ&citation_for_view=-zUO4_QAAAAJ:3fE2CSJIrl8C",
      "authors": "Y Zha, T Dai, H Guo, Y Wang, B Chen, K Chen, ST Xia",
      "venue": "[IJCAI'25] International Joint Conference on Artificial Intelligence, 2024",
      "year": 2024,
      "citations": 1
    },
    {
      "title": "Pre-training Point Cloud Compact Model with Partial-aware Reconstruction",
      "url": "https://scholar.google.com/citations?view_op=view_citation&hl=en&user=-zUO4_QAAAAJ&citation_for_view=-zUO4_QAAAAJ:hqOjcs7Dif8C",
      "authors": "Y Zha, Y Wang, T Dai, ST Xia",
      "venue": "arXiv preprint arXiv:2407.09344, 2024",
      "year": 2024,
      "citations": 0
    },
    {
      "title": "Instance-aware Dynamic Prompt Tuning for Pre-trained Point Cloud Models",
      "url": "https://scholar.google.com/citations?view_op=view_citation&hl=en&user=-zUO4_QAAAAJ&citation_for_view=-zUO4_QAAAAJ:d1gkVwhDpl0C",
      "authors": "Y Zha, J Wang, T Dai, B Chen, Z Wang, ST Xia",
      "venue": "[ICCV'23] Proceedings of the IEEE/CVF International Conference on Computer …, 2023",
      "year": 2023,
      "citations": 72
    },
    {
      "title": "SFR: Semantic-Aware Feature Rendering of Point Cloud",
      "url": "https://scholar.google.com/citations?view_op=view_citation&hl=en&user=-zUO4_QAAAAJ&citation_for_view=-zUO4_QAAAAJ:u-x6o8ySG0sC",
      "authors": "Y Zha, R Li, T Dai, J Xiong, X Wang, ST Xia",
      "venue": "[ICASSP'23] International Conference on Acoustics, Speech and Signal …, 2023",
      "year": 2023,
      "citations": 11
    },
    {
      "title": "Semantic Preserving Learning for Task-Oriented Point Cloud Downsampling",
      "url": "https://scholar.google.com/citations?view_op=view_citation&hl=en&user=-zUO4_QAAAAJ&citation_for_view=-zUO4_QAAAAJ:9yKSN-GCB0IC",
      "authors": "J Xiong, T Dai, Y Zha, X Wang, ST Xia",
      "venue": "[ICASSP'23] International Conference on Acoustics, Speech and Signal …, 2023",
      "year": 2023,
      "citations": 9
    },
    {
      "title": "Instanceaware dynamic prompt tuning for pre-trained point cloud models supplementary file",
      "url": "https://scholar.google.com/citations?view_op=view_citation&hl=en&user=-zUO4_QAAAAJ&citation_for_view=-zUO4_QAAAAJ:KlAtU1dfN6UC",
      "authors": "Y Zha, J Wang, T Dai, B Chen, Z Wang, ST Xia",
      "venue": "Proc. IEEE Int. Conf. Comput. Vis, 14, 0",
      "citations": 1
    }
  ],
  "co_authors": [
    {
      "name": "Shu-Tao Xia",
      "scholar_id": "koAXTXgAAAAJ",
      "url": "https://scholar.google.com/citations?user=koAXTXgAAAAJ"
    },
    {
      "name": "Tao Dai",
      "scholar_id": "MqJNdaAAAAAJ",
      "url": "https://scholar.google.com/citations?user=MqJNdaAAAAAJ"
    },
    {
      "name": "Bin Chen (陈斌）",
      "scholar_id": "Yl0wv7AAAAAJ",
      "url": "https://scholar.google.com/citations?user=Yl0wv7AAAAAJ"
    },
    {
      "name": "Hang Guo",
      "scholar_id": "fRwhfpoAAAAJ",
      "url": "https://scholar.google.com/citations?user=fRwhfpoAAAAJ"
    },
    {
      "name": "Jinpeng Wang",
      "scholar_id": "853-0n8AAAAJ",
      "url": "https://scholar.google.com/citations?user=853-0n8AAAAJ"
    }
  ]
}