{
  "author_info": {
    "name": "Nanqing Dong",
    "affiliation": "Shanghai Artificial Intelligence Laboratory; University of Oxford",
    "email_verified": "Verified email at cs.ox.ac.uk",
    "interests": [
      "Machine Learning",
      "Computer Vision",
      "Optimization",
      "AI for Science"
    ],
    "photo_url": "/citations/images/avatar_scholar_128.png"
  },
  "citation_stats": {
    "citations_all": 2852,
    "citations_since_2020": 2680,
    "h_index_all": 23,
    "h_index_since_2020": 23,
    "i10_index_all": 30,
    "i10_index_since_2020": 30,
    "citation_graph": [
      {
        "year": 2018,
        "citations": 40
      },
      {
        "year": 2019,
        "citations": 117
      },
      {
        "year": 2020,
        "citations": 184
      },
      {
        "year": 2021,
        "citations": 246
      },
      {
        "year": 2022,
        "citations": 344
      },
      {
        "year": 2023,
        "citations": 442
      },
      {
        "year": 2024,
        "citations": 653
      },
      {
        "year": 2025,
        "citations": 798
      }
    ]
  },
  "papers": [
    {
      "title": "Many Heads Are Better Than One: Improved Scientific Idea Generation by A LLM-Based Multi-Agent System",
      "url": "https://scholar.google.com/citations?view_op=view_citation&hl=en&user=0DX2YsQAAAAJ&citation_for_view=0DX2YsQAAAAJ:e5wmG9Sq2KIC",
      "authors": "H Su, R Chen, S Tang, Z Yin, X Zheng, J Li, B Qi, Q Wu, H Li, W Ouyang, ...",
      "venue": "Annual Meeting of the Association for Computational Linguistics 1, 28201--28240, 2025",
      "year": 2025,
      "citations": 64
    },
    {
      "title": "Defending Against Poisoning Attacks in Federated Learning with Blockchain",
      "url": "https://scholar.google.com/citations?view_op=view_citation&hl=en&user=0DX2YsQAAAAJ&citation_for_view=0DX2YsQAAAAJ:dhFuZR0502QC",
      "authors": "N Dong, Z Wang, J Sun, M Kampffmeyer, W Knottenbelt, E Xing",
      "venue": "IEEE Transactions on Artificial Intelligence 5 (7), 2691-4581, 2024",
      "year": 2024,
      "citations": 49
    },
    {
      "title": "zkfl: Zero-knowledge proof-based gradient aggregation for federated learning",
      "url": "https://scholar.google.com/citations?view_op=view_citation&hl=en&user=0DX2YsQAAAAJ&citation_for_view=0DX2YsQAAAAJ:L8Ckcad2t8MC",
      "authors": "Z Wang, N Dong, J Sun, W Knottenbelt, Y Guo",
      "venue": "IEEE Transactions on Big Data 11 (2), 447-460, 2024",
      "year": 2024,
      "citations": 41
    },
    {
      "title": "ContraNovo: A Contrastive Learning Approach to Enhance De Novo Peptide Sequencing",
      "url": "https://scholar.google.com/citations?view_op=view_citation&hl=en&user=0DX2YsQAAAAJ&citation_for_view=0DX2YsQAAAAJ:qUcmZB5y_30C",
      "authors": "Z Jin, S Xu, X Zhang, T Ling, N Dong, W Ouyang, Z Gao, C Chang, S Sun",
      "venue": "Proceedings of the AAAI Conference on Artificial Intelligence 38 (1), 144--152, 2024",
      "year": 2024,
      "citations": 28
    },
    {
      "title": "Demand-side Joint Electricity and Carbon Trading Mechanism",
      "url": "https://scholar.google.com/citations?view_op=view_citation&hl=en&user=0DX2YsQAAAAJ&citation_for_view=0DX2YsQAAAAJ:IWHjjKOFINEC",
      "authors": "H Hua, X Chen, L Gan, J Sun, N Dong, D Liu, Z Qin, K Li, S Hu",
      "venue": "IEEE Transactions on Industrial Cyber-Physical Systems 2, 14-25, 2023",
      "year": 2023,
      "citations": 48
    },
    {
      "title": "Edge computing with artificial intelligence: A machine learning perspective",
      "url": "https://scholar.google.com/citations?view_op=view_citation&hl=en&user=0DX2YsQAAAAJ&citation_for_view=0DX2YsQAAAAJ:4DMP91E08xMC",
      "authors": "H Hua, Y Li, T Wang, N Dong, W Li, J Cao",
      "venue": "ACM Computing Surveys 55 (9), 1-35, 2022",
      "year": 2022,
      "citations": 558
    },
    {
      "title": "Data-driven Dynamical Control for Bottom-up Energy Internet System",
      "url": "https://scholar.google.com/citations?view_op=view_citation&hl=en&user=0DX2YsQAAAAJ&citation_for_view=0DX2YsQAAAAJ:KlAtU1dfN6UC",
      "authors": "H Hua, Z Qin, N Dong, Y Qin, M Ye, Z Wang, X Chen, J Cao",
      "venue": "IEEE Transactions on Sustainable Energy 13 (1), 315-327, 2022",
      "year": 2022,
      "citations": 145
    },
    {
      "title": "Computationally-efficient vision transformer for medical image semantic segmentation via dual pseudo-label supervision",
      "url": "https://scholar.google.com/citations?view_op=view_citation&hl=en&user=0DX2YsQAAAAJ&citation_for_view=0DX2YsQAAAAJ:aqlVkmm33-oC",
      "authors": "Z Wang, N Dong, I Voiculescu",
      "venue": "IEEE International Conference on Image Processing (ICIP), 1961-1965, 2022",
      "year": 2022,
      "citations": 29
    },
    {
      "title": "Federated Contrastive Learning for Decentralized Unlabeled Medical Images",
      "url": "https://scholar.google.com/citations?view_op=view_citation&hl=en&user=0DX2YsQAAAAJ&citation_for_view=0DX2YsQAAAAJ:Zph67rFs4hoC",
      "authors": "N Dong, I Voiculescu",
      "venue": "International Conference on Medical Image Computing and Computer-Assisted …, 2021",
      "year": 2021,
      "citations": 81
    },
    {
      "title": "Self-Supervised Multi-Task Representation Learning for Sequential Medical Images",
      "url": "https://scholar.google.com/citations?view_op=view_citation&hl=en&user=0DX2YsQAAAAJ&citation_for_view=0DX2YsQAAAAJ:kNdYIx-mwKoC",
      "authors": "N Dong, M Kampffmeyer, I Voiculescu",
      "venue": "European Conference on Machine Learning, 779-794, 2021",
      "year": 2021,
      "citations": 28
    },
    {
      "title": "Toward Understanding the Impact of Staleness in Distributed Machine Learning",
      "url": "https://scholar.google.com/citations?view_op=view_citation&hl=en&user=0DX2YsQAAAAJ&citation_for_view=0DX2YsQAAAAJ:Y0pCki6q_DkC",
      "authors": "W Dai, Y Zhou, N Dong, H Zhang, E Xing",
      "venue": "International Conference on Learning Representations, 2019",
      "year": 2019,
      "citations": 111
    },
    {
      "title": "Neural architecture search for adversarial medical image segmentation",
      "url": "https://scholar.google.com/citations?view_op=view_citation&hl=en&user=0DX2YsQAAAAJ&citation_for_view=0DX2YsQAAAAJ:roLk4NBRz8UC",
      "authors": "N Dong, M Xu, X Liang, Y Jiang, W Dai, E Xing",
      "venue": "International Conference on Medical Image Computing and Computer Assisted …, 2019",
      "year": 2019,
      "citations": 56
    },
    {
      "title": "Ellipse detection of optic disc-and-cup boundary in fundus images",
      "url": "https://scholar.google.com/citations?view_op=view_citation&hl=en&user=0DX2YsQAAAAJ&citation_for_view=0DX2YsQAAAAJ:_FxGoFyzp5QC",
      "authors": "Z Wang, N Dong, SD Rosario, M Xu, P Xie, EP Xing",
      "venue": "IEEE International Symposium on Biomedical Imaging, 601-604, 2019",
      "year": 2019,
      "citations": 35
    },
    {
      "title": "Few-shot semantic segmentation with prototype learning",
      "url": "https://scholar.google.com/citations?view_op=view_citation&hl=en&user=0DX2YsQAAAAJ&citation_for_view=0DX2YsQAAAAJ:IjCSPb-OGe4C",
      "authors": "N Dong, EP Xing",
      "venue": "British Machine Vision Conference, 2018",
      "year": 2018,
      "citations": 642
    },
    {
      "title": "Scan: Structure correcting adversarial network for organ segmentation in chest x-rays",
      "url": "https://scholar.google.com/citations?view_op=view_citation&hl=en&user=0DX2YsQAAAAJ&citation_for_view=0DX2YsQAAAAJ:Se3iqnhoufwC",
      "authors": "W Dai, N Dong, Z Wang, X Liang, H Zhang, EP Xing",
      "venue": "Deep Learning in Medical Image Analysis and Multimodal Learning for Clinical …, 2018",
      "year": 2018,
      "citations": 307
    },
    {
      "title": "Unsupervised domain adaptation for automatic estimation of cardiothoracic ratio",
      "url": "https://scholar.google.com/citations?view_op=view_citation&hl=en&user=0DX2YsQAAAAJ&citation_for_view=0DX2YsQAAAAJ:qjMakFHDy7sC",
      "authors": "N Dong, M Kampffmeyer, X Liang, Z Wang, W Dai, E Xing",
      "venue": "International Conference on Medical Image Computing and Computer-Assisted …, 2018",
      "year": 2018,
      "citations": 117
    },
    {
      "title": "ConnNet: A long-range relation-aware pixel-connectivity network for salient segmentation",
      "url": "https://scholar.google.com/citations?view_op=view_citation&hl=en&user=0DX2YsQAAAAJ&citation_for_view=0DX2YsQAAAAJ:9yKSN-GCB0IC",
      "authors": "M Kampffmeyer, N Dong, X Liang, Y Zhang, EP Xing",
      "venue": "IEEE Transactions on Image Processing 28 (5), 2518-2529, 2018",
      "year": 2018,
      "citations": 85
    },
    {
      "title": "Reinforced Auto-Zoom Net: Towards Accurate and Fast Breast Cancer Segmentation in Whole-Slide Images",
      "url": "https://scholar.google.com/citations?view_op=view_citation&hl=en&user=0DX2YsQAAAAJ&citation_for_view=0DX2YsQAAAAJ:UeHWp8X0CEIC",
      "authors": "N Dong, M Kampffmeyer, X Liang, Z Wang, W Dai, E Xing",
      "venue": "Deep Learning in Medical Image Analysis and Multimodal Learning for Clinical …, 2018",
      "year": 2018,
      "citations": 58
    },
    {
      "title": "Domain Adaption in One-Shot Learning",
      "url": "https://scholar.google.com/citations?view_op=view_citation&hl=en&user=0DX2YsQAAAAJ&citation_for_view=0DX2YsQAAAAJ:W7OEmFMy1HYC",
      "authors": "N Dong, EP Xing",
      "venue": "European Conference on Machine Learning, 573-588, 2018",
      "year": 2018,
      "citations": 53
    },
    {
      "title": "Classification of breast cancer histopathological images using convolutional neural networks with hierarchical loss and global pooling",
      "url": "https://scholar.google.com/citations?view_op=view_citation&hl=en&user=0DX2YsQAAAAJ&citation_for_view=0DX2YsQAAAAJ:2osOgNQ5qMEC",
      "authors": "Z Wang, N Dong, W Dai, SD Rosario, EP Xing",
      "venue": "International Conference on Image Analysis and Recognition, 745-753, 2018",
      "year": 2018,
      "citations": 50
    }
  ],
  "co_authors": [
    {
      "name": "Eric Xing",
      "scholar_id": "5pKTRxEAAAAJ",
      "url": "https://scholar.google.com/citations?user=5pKTRxEAAAAJ"
    },
    {
      "name": "Michael Christian Kampffmeyer",
      "scholar_id": "9lDh2UgAAAAJ",
      "url": "https://scholar.google.com/citations?user=9lDh2UgAAAAJ"
    },
    {
      "name": "Wanli Ouyang (欧阳万里)",
      "scholar_id": "pw_0Z_UAAAAJ",
      "url": "https://scholar.google.com/citations?user=pw_0Z_UAAAAJ"
    },
    {
      "name": "Wei Dai",
      "scholar_id": "M9oUY4cAAAAJ",
      "url": "https://scholar.google.com/citations?user=M9oUY4cAAAAJ"
    },
    {
      "name": "Xiaodan Liang",
      "scholar_id": "voxznZAAAAAJ",
      "url": "https://scholar.google.com/citations?user=voxznZAAAAAJ"
    },
    {
      "name": "Zeya Wang, Ph.D.",
      "scholar_id": "3xUT1e0AAAAJ",
      "url": "https://scholar.google.com/citations?user=3xUT1e0AAAAJ"
    },
    {
      "name": "Junwei Cao",
      "scholar_id": "ITycvd4AAAAJ",
      "url": "https://scholar.google.com/citations?user=ITycvd4AAAAJ"
    },
    {
      "name": "Hao Zhang",
      "scholar_id": "H1d4BS8AAAAJ",
      "url": "https://scholar.google.com/citations?user=H1d4BS8AAAAJ"
    },
    {
      "name": "Min Xu",
      "scholar_id": "Y3Cqt0cAAAAJ",
      "url": "https://scholar.google.com/citations?user=Y3Cqt0cAAAAJ"
    },
    {
      "name": "William Knottenbelt",
      "scholar_id": "Vz8XWRoAAAAJ",
      "url": "https://scholar.google.com/citations?user=Vz8XWRoAAAAJ"
    },
    {
      "name": "Steven McDonagh",
      "scholar_id": "k8-q2AoAAAAJ",
      "url": "https://scholar.google.com/citations?user=k8-q2AoAAAAJ"
    },
    {
      "name": "Ales Leonardis",
      "scholar_id": "BEFl4j0AAAAJ",
      "url": "https://scholar.google.com/citations?user=BEFl4j0AAAAJ"
    },
    {
      "name": "Zidong Wang",
      "scholar_id": "Bbz0jRUAAAAJ",
      "url": "https://scholar.google.com/citations?user=Bbz0jRUAAAAJ"
    },
    {
      "name": "Pengtao Xie",
      "scholar_id": "cnncomYAAAAJ",
      "url": "https://scholar.google.com/citations?user=cnncomYAAAAJ"
    },
    {
      "name": "Yongxin Yang",
      "scholar_id": "F7PtrL8AAAAJ",
      "url": "https://scholar.google.com/citations?user=F7PtrL8AAAAJ"
    },
    {
      "name": "Matteo Maggioni",
      "scholar_id": "Zo97gUQAAAAJ",
      "url": "https://scholar.google.com/citations?user=Zo97gUQAAAAJ"
    },
    {
      "name": "Philip Torr",
      "scholar_id": "kPxa2w0AAAAJ",
      "url": "https://scholar.google.com/citations?user=kPxa2w0AAAAJ"
    },
    {
      "name": "Bowen Zhou",
      "scholar_id": "h3Nsz6YAAAAJ",
      "url": "https://scholar.google.com/citations?user=h3Nsz6YAAAAJ"
    },
    {
      "name": "Azeddine Beghdadi",
      "scholar_id": "D5CISpEAAAAJ",
      "url": "https://scholar.google.com/citations?user=D5CISpEAAAAJ"
    }
  ]
}