{
  "author_info": {
    "name": "Tong Zhang",
    "affiliation": "South China Unversity of Technology, China",
    "email_verified": "Verified email at scut.edu.cn",
    "interests": [
      "Computer Science",
      "Artificial Intelligence",
      "Affective Computing"
    ],
    "photo_url": "https://scholar.googleusercontent.com/citations?view_op=view_photo&user=-neWbpUAAAAJ&citpid=11"
  },
  "citation_stats": {
    "citations_all": 5043,
    "citations_since_2020": 4694,
    "h_index_all": 35,
    "h_index_since_2020": 35,
    "i10_index_all": 81,
    "i10_index_since_2020": 75,
    "citation_graph": [
      {
        "year": 2017,
        "citations": 27
      },
      {
        "year": 2018,
        "citations": 81
      },
      {
        "year": 2019,
        "citations": 205
      },
      {
        "year": 2020,
        "citations": 335
      },
      {
        "year": 2021,
        "citations": 484
      },
      {
        "year": 2022,
        "citations": 639
      },
      {
        "year": 2023,
        "citations": 727
      },
      {
        "year": 2024,
        "citations": 1165
      },
      {
        "year": 2025,
        "citations": 1316
      }
    ]
  },
  "papers": [
    {
      "title": "Consistent123: Improve consistency for one image to 3d object synthesis",
      "url": "https://scholar.google.com/citations?view_op=view_citation&hl=en&user=-neWbpUAAAAJ&citation_for_view=-neWbpUAAAAJ:lmc2jWPfTJgC",
      "authors": "H Weng, T Yang, J Wang, Y Li, T Zhang, CL Chen, L Zhang",
      "venue": "arXiv preprint arXiv:2310.08092, 2023",
      "year": 2023,
      "citations": 81
    },
    {
      "title": "Cross-cultural emotion recognition with EEG and eye movement signals based on multiple stacked broad learning system",
      "url": "https://scholar.google.com/citations?view_op=view_citation&hl=en&user=-neWbpUAAAAJ&citation_for_view=-neWbpUAAAAJ:dQ2og3OwTAUC",
      "authors": "X Gong, CLP Chen, T Zhang",
      "venue": "IEEE Transactions on Computational Social Systems 11 (2), 2014-2025, 2023",
      "year": 2023,
      "citations": 71
    },
    {
      "title": "A survey on siamese network: Methodologies, applications, and opportunities",
      "url": "https://scholar.google.com/citations?view_op=view_citation&hl=en&user=-neWbpUAAAAJ&citation_for_view=-neWbpUAAAAJ:JoZmwDi-zQgC",
      "authors": "Y Li, CLP Chen, T Zhang",
      "venue": "IEEE Transactions on artificial intelligence 3 (6), 994-1014, 2022",
      "year": 2022,
      "citations": 101
    },
    {
      "title": "Hierarchical dynamic graph convolutional network with interpretability for EEG-based emotion recognition",
      "url": "https://scholar.google.com/citations?view_op=view_citation&hl=en&user=-neWbpUAAAAJ&citation_for_view=-neWbpUAAAAJ:9vf0nzSNQJEC",
      "authors": "M Ye, CLP Chen, T Zhang",
      "venue": "IEEE transactions on neural networks and learning systems, 2022",
      "year": 2022,
      "citations": 95
    },
    {
      "title": "Cross-Database Micro-Expression Recognition: A Benchmark",
      "url": "https://scholar.google.com/citations?view_op=view_citation&hl=en&user=-neWbpUAAAAJ&citation_for_view=-neWbpUAAAAJ:_Ybze24A_UAC",
      "authors": "GZ Tong Zhang, Yuan Zong, Wenming Zheng, C. L. Philip Chen, Xiaopeng Hong ...",
      "venue": "IEEE Transactions on Knowledge and Data Engineering 34 (no. 2), pp. 544-559, 2022",
      "year": 2022,
      "citations": 93
    },
    {
      "title": "Research review for broad learning system: Algorithms, theory, and applications",
      "url": "https://scholar.google.com/citations?view_op=view_citation&hl=en&user=-neWbpUAAAAJ&citation_for_view=-neWbpUAAAAJ:D_sINldO8mEC",
      "authors": "X Gong, T Zhang, CLP Chen, Z Liu",
      "venue": "IEEE Transactions on Cybernetics 52 (9), 8922-8950, 2021",
      "year": 2021,
      "citations": 323
    },
    {
      "title": "BMT-Net: Broad multitask transformer network for sentiment analysis",
      "url": "https://scholar.google.com/citations?view_op=view_citation&hl=en&user=-neWbpUAAAAJ&citation_for_view=-neWbpUAAAAJ:eJXPG6dFmWUC",
      "authors": "T Zhang, X Gong, CLP Chen",
      "venue": "IEEE transactions on cybernetics 52 (7), 6232-6243, 2021",
      "year": 2021,
      "citations": 138
    },
    {
      "title": "Edge computing and its role in Industrial Internet: Methodologies, applications, and future directions",
      "url": "https://scholar.google.com/citations?view_op=view_citation&hl=en&user=-neWbpUAAAAJ&citation_for_view=-neWbpUAAAAJ:sSrBHYA8nusC",
      "authors": "T Zhang, Y Li, CLP Chen",
      "venue": "Information Sciences 557, 34-65, 2021",
      "year": 2021,
      "citations": 95
    },
    {
      "title": "AS-NAS: Adaptive scalable neural architecture search with reinforced evolutionary algorithm for deep learning",
      "url": "https://scholar.google.com/citations?view_op=view_citation&hl=en&user=-neWbpUAAAAJ&citation_for_view=-neWbpUAAAAJ:LPZeul_q3PIC",
      "authors": "T Zhang, C Lei, Z Zhang, XB Meng, CLP Chen",
      "venue": "IEEE Transactions on Evolutionary Computation 25 (5), 830-841, 2021",
      "year": 2021,
      "citations": 95
    },
    {
      "title": "Emotion recognition from multimodal physiological signals using a regularized deep fusion of kernel machine",
      "url": "https://scholar.google.com/citations?view_op=view_citation&hl=en&user=-neWbpUAAAAJ&citation_for_view=-neWbpUAAAAJ:ldfaerwXgEUC",
      "authors": "X Zhang, J Liu, J Shen, S Li, K Hou, B Hu, J Gao, T Zhang",
      "venue": "IEEE transactions on cybernetics 51 (9), 4386-4399, 2020",
      "year": 2020,
      "citations": 185
    },
    {
      "title": "Stacked broad learning system: From incremental flatted structure to deep model",
      "url": "https://scholar.google.com/citations?view_op=view_citation&hl=en&user=-neWbpUAAAAJ&citation_for_view=-neWbpUAAAAJ:4fKUyHm3Qg0C",
      "authors": "Z Liu, CLP Chen, S Feng, Q Feng, T Zhang",
      "venue": "IEEE Transactions on Systems, Man, and Cybernetics: Systems 51 (1), 209-222, 2020",
      "year": 2020,
      "citations": 139
    },
    {
      "title": "Situational assessment for intelligent vehicles based on stochastic model and Gaussian distributions in typical traffic scenarios",
      "url": "https://scholar.google.com/citations?view_op=view_citation&hl=en&user=-neWbpUAAAAJ&citation_for_view=-neWbpUAAAAJ:bFI3QPDXJZMC",
      "authors": "H Gao, J Zhu, T Zhang, G Xie, Z Kan, Z Hao, K Liu",
      "venue": "IEEE Transactions on Systems, Man, and Cybernetics: Systems 52 (3), 1426-1436, 2020",
      "year": 2020,
      "citations": 105
    },
    {
      "title": "GCB-Net: Graph convolutional broad network and its application in emotion recognition",
      "url": "https://scholar.google.com/citations?view_op=view_citation&hl=en&user=-neWbpUAAAAJ&citation_for_view=-neWbpUAAAAJ:NaGl4SEjCO4C",
      "authors": "T Zhang, X Wang, X Xu, CLP Chen",
      "venue": "IEEE Transactions on Affective Computing 13 (1), 379-388, 2019",
      "year": 2019,
      "citations": 388
    },
    {
      "title": "Underwater Internet of Things in smart ocean: System architecture and open issues",
      "url": "https://scholar.google.com/citations?view_op=view_citation&hl=en&user=-neWbpUAAAAJ&citation_for_view=-neWbpUAAAAJ:RGFaLdJalmkC",
      "authors": "T Qiu, Z Zhao, T Zhang, C Chen, CLP Chen",
      "venue": "IEEE transactions on industrial informatics 16 (7), 4297-4307, 2019",
      "year": 2019,
      "citations": 380
    },
    {
      "title": "Motor learning and generalization using broad learning adaptive neural control",
      "url": "https://scholar.google.com/citations?view_op=view_citation&hl=en&user=-neWbpUAAAAJ&citation_for_view=-neWbpUAAAAJ:ns9cj8rnVeAC",
      "authors": "H Huang, T Zhang, C Yang, CLP Chen",
      "venue": "IEEE Transactions on Industrial Electronics 67 (10), 8608-8617, 2019",
      "year": 2019,
      "citations": 162
    },
    {
      "title": "Hierarchical lifelong learning by sharing representations and integrating hypothesis",
      "url": "https://scholar.google.com/citations?view_op=view_citation&hl=en&user=-neWbpUAAAAJ&citation_for_view=-neWbpUAAAAJ:MXK_kJrjxJIC",
      "authors": "T Zhang, G Su, C Qing, X Xu, B Cai, X Xing",
      "venue": "IEEE Transactions on Systems, Man, and Cybernetics: Systems 51 (2), 1004-1014, 2019",
      "year": 2019,
      "citations": 101
    },
    {
      "title": "Design of highly nonlinear substitution boxes based on I-Ching operators",
      "url": "https://scholar.google.com/citations?view_op=view_citation&hl=en&user=-neWbpUAAAAJ&citation_for_view=-neWbpUAAAAJ:YsMSGLbcyi4C",
      "authors": "T Zhang, CLP Chen, L Chen, X Xu, B Hu",
      "venue": "IEEE transactions on cybernetics 48 (12), 3349-3358, 2018",
      "year": 2018,
      "citations": 200
    },
    {
      "title": "EEG emotion recognition using dynamical graph convolutional neural networks and broad learning system",
      "url": "https://scholar.google.com/citations?view_op=view_citation&hl=en&user=-neWbpUAAAAJ&citation_for_view=-neWbpUAAAAJ:L8Ckcad2t8MC",
      "authors": "X Wang, T Zhang, X Xu, L Chen, X Xing, CLP Chen",
      "venue": "2018 IEEE International Conference on Bioinformatics and Biomedicine (BIBM …, 2018",
      "year": 2018,
      "citations": 136
    },
    {
      "title": "Multi-scale convolutional neural networks for crowd counting",
      "url": "https://scholar.google.com/citations?view_op=view_citation&hl=en&user=-neWbpUAAAAJ&citation_for_view=-neWbpUAAAAJ:_kc_bZDykSQC",
      "authors": "L Zeng, X Xu, B Cai, S Qiu, T Zhang",
      "venue": "2017 IEEE International Conference on Image Processing (ICIP), 465-469, 2017",
      "year": 2017,
      "citations": 258
    },
    {
      "title": "I-Ching divination evolutionary algorithm and its convergence analysis",
      "url": "https://scholar.google.com/citations?view_op=view_citation&hl=en&user=-neWbpUAAAAJ&citation_for_view=-neWbpUAAAAJ:ULOm3_A8WrAC",
      "authors": "CLP Chen, T Zhang, L Chen, SC Tam",
      "venue": "IEEE Transactions on Cybernetics 47 (1), 2-13, 2016",
      "year": 2016,
      "citations": 119
    }
  ],
  "co_authors": [
    {
      "name": "C. L. Philip Chen",
      "scholar_id": "Q5248zwAAAAJ",
      "url": "https://scholar.google.com/citations?user=Q5248zwAAAAJ"
    },
    {
      "name": "Bin Hu",
      "scholar_id": "5kcgY8MAAAAJ",
      "url": "https://scholar.google.com/citations?user=5kcgY8MAAAAJ"
    },
    {
      "name": "Chenguang Yang",
      "scholar_id": "e8io0fYAAAAJ",
      "url": "https://scholar.google.com/citations?user=e8io0fYAAAAJ"
    },
    {
      "name": "Tie Qiu",
      "scholar_id": "oi6ZBJYAAAAJ",
      "url": "https://scholar.google.com/citations?user=oi6ZBJYAAAAJ"
    },
    {
      "name": "Wenming Zheng",
      "scholar_id": "k5fqIogAAAAJ",
      "url": "https://scholar.google.com/citations?user=k5fqIogAAAAJ"
    },
    {
      "name": "Yuan Zong",
      "scholar_id": "rv14ap4AAAAJ",
      "url": "https://scholar.google.com/citations?user=rv14ap4AAAAJ"
    }
  ]
}