{
  "author_info": {
    "name": "张佳维 Zhang Jiawei",
    "affiliation": "家里蹲",
    "email_verified": "Verified email at mail.ustc.edu.cn - Homepage",
    "website": "https://sites.google.com/site/zhjw1988",
    "interests": [
      "Computer Vision",
      "Image Processing",
      "Computational photography"
    ],
    "photo_url": "https://scholar.googleusercontent.com/citations?view_op=view_photo&user=0GTpIAIAAAAJ&citpid=4"
  },
  "citation_stats": {
    "citations_all": 9423,
    "citations_since_2020": 8388,
    "h_index_all": 31,
    "h_index_since_2020": 31,
    "i10_index_all": 42,
    "i10_index_since_2020": 42,
    "citation_graph": [
      {
        "year": 2017,
        "citations": 41
      },
      {
        "year": 2018,
        "citations": 321
      },
      {
        "year": 2019,
        "citations": 636
      },
      {
        "year": 2020,
        "citations": 1051
      },
      {
        "year": 2021,
        "citations": 1349
      },
      {
        "year": 2022,
        "citations": 1458
      },
      {
        "year": 2023,
        "citations": 1513
      },
      {
        "year": 2024,
        "citations": 1652
      },
      {
        "year": 2025,
        "citations": 1362
      }
    ]
  },
  "papers": [
    {
      "title": "Restoreformer: High-quality blind face restoration from undegraded key-value pairs",
      "url": "https://scholar.google.com/citations?view_op=view_citation&hl=en&user=0GTpIAIAAAAJ&citation_for_view=0GTpIAIAAAAJ:BqipwSGYUEgC",
      "authors": "Z Wang, J Zhang, R Chen, W Wang, P Luo",
      "venue": "Proceedings of the IEEE/CVF conference on computer vision and pattern …, 2022",
      "year": 2022,
      "citations": 152
    },
    {
      "title": "Deep blind video super-resolution",
      "url": "https://scholar.google.com/citations?view_op=view_citation&hl=en&user=0GTpIAIAAAAJ&citation_for_view=0GTpIAIAAAAJ:RHpTSmoSYBkC",
      "authors": "J Pan, H Bai, J Dong, J Zhang, J Tang",
      "venue": "Proceedings of the IEEE/CVF international conference on computer vision …, 2021",
      "year": 2021,
      "citations": 78
    },
    {
      "title": "Cross-scale internal graph neural network for image super-resolution",
      "url": "https://scholar.google.com/citations?view_op=view_citation&hl=en&user=0GTpIAIAAAAJ&citation_for_view=0GTpIAIAAAAJ:-f6ydRqryjwC",
      "authors": "S Zhou, J Zhang, W Zuo, CC Loy",
      "venue": "Advances in neural information processing systems 33, 3499-3509, 2020",
      "year": 2020,
      "citations": 308
    },
    {
      "title": "Physics-based generative adversarial models for image restoration and beyond",
      "url": "https://scholar.google.com/citations?view_op=view_citation&hl=en&user=0GTpIAIAAAAJ&citation_for_view=0GTpIAIAAAAJ:9ZlFYXVOiuMC",
      "authors": "J Pan, J Dong, Y Liu, J Zhang, J Ren, J Tang, YW Tai, MH Yang",
      "venue": "IEEE transactions on pattern analysis and machine intelligence 43 (7), 2449-2462, 2020",
      "year": 2020,
      "citations": 213
    },
    {
      "title": "Learning event-driven video deblurring and interpolation",
      "url": "https://scholar.google.com/citations?view_op=view_citation&hl=en&user=0GTpIAIAAAAJ&citation_for_view=0GTpIAIAAAAJ:HDshCWvjkbEC",
      "authors": "S Lin, J Zhang, J Pan, Z Jiang, D Zou, Y Wang, J Chen, J Ren",
      "venue": "European Conference on Computer Vision, 695-710, 2020",
      "year": 2020,
      "citations": 178
    },
    {
      "title": "Aim 2020 challenge on learned image signal processing pipeline",
      "url": "https://scholar.google.com/citations?view_op=view_citation&hl=en&user=0GTpIAIAAAAJ&citation_for_view=0GTpIAIAAAAJ:e5wmG9Sq2KIC",
      "authors": "A Ignatov, R Timofte, Z Zhang, M Liu, H Wang, W Zuo, J Zhang, R Zhang, ...",
      "venue": "European Conference on Computer Vision, 152-170, 2020",
      "year": 2020,
      "citations": 83
    },
    {
      "title": "Spatio-temporal filter adaptive network for video deblurring",
      "url": "https://scholar.google.com/citations?view_op=view_citation&hl=en&user=0GTpIAIAAAAJ&citation_for_view=0GTpIAIAAAAJ:mVmsd5A6BfQC",
      "authors": "S Zhou, J Zhang, J Pan, H Xie, W Zuo, J Ren",
      "venue": "Proceedings of the IEEE/CVF international conference on computer vision …, 2019",
      "year": 2019,
      "citations": 267
    },
    {
      "title": "Davanet: Stereo deblurring with view aggregation",
      "url": "https://scholar.google.com/citations?view_op=view_citation&hl=en&user=0GTpIAIAAAAJ&citation_for_view=0GTpIAIAAAAJ:_kc_bZDykSQC",
      "authors": "S Zhou, J Zhang, W Zuo, H Xie, J Pan, JS Ren",
      "venue": "Proceedings of the IEEE/CVF Conference on Computer Vision and Pattern …, 2019",
      "year": 2019,
      "citations": 129
    },
    {
      "title": "Gated fusion network for single image dehazing",
      "url": "https://scholar.google.com/citations?view_op=view_citation&hl=en&user=0GTpIAIAAAAJ&citation_for_view=0GTpIAIAAAAJ:roLk4NBRz8UC",
      "authors": "W Ren, L Ma, J Zhang, J Pan, X Cao, W Liu, MH Yang",
      "venue": "Conference on Computer Vision and Pattern Recognition (CVPR), 2018",
      "year": 2018,
      "citations": 1106
    },
    {
      "title": "Unsupervised image super-resolution using cycle-in-cycle generative adversarial networks",
      "url": "https://scholar.google.com/citations?view_op=view_citation&hl=en&user=0GTpIAIAAAAJ&citation_for_view=0GTpIAIAAAAJ:ULOm3_A8WrAC",
      "authors": "Y Yuan, S Liu, J Zhang, Y Zhang, C Dong, L Lin",
      "venue": "Proceedings of the IEEE conference on computer vision and pattern …, 2018",
      "year": 2018,
      "citations": 971
    },
    {
      "title": "Dynamic scene deblurring using spatially variant recurrent neural networks",
      "url": "https://scholar.google.com/citations?view_op=view_citation&hl=en&user=0GTpIAIAAAAJ&citation_for_view=0GTpIAIAAAAJ:hqOjcs7Dif8C",
      "authors": "J Zhang, J Pan, J Ren, Y Song, L Bao, RWH Lau, MH Yang",
      "venue": "Proceedings of the IEEE conference on computer vision and pattern …, 2018",
      "year": 2018,
      "citations": 486
    },
    {
      "title": "Learning dual convolutional neural networks for low-level vision",
      "url": "https://scholar.google.com/citations?view_op=view_citation&hl=en&user=0GTpIAIAAAAJ&citation_for_view=0GTpIAIAAAAJ:UebtZRa9Y70C",
      "authors": "J Pan, S Liu, D Sun, J Zhang, Y Liu, J Ren, Z Li, J Tang, H Lu, YW Tai, ...",
      "venue": "Proceedings of the IEEE conference on computer vision and pattern …, 2018",
      "year": 2018,
      "citations": 249
    },
    {
      "title": "Grassmann pooling as compact homogeneous bilinear pooling for fine-grained visual classification",
      "url": "https://scholar.google.com/citations?view_op=view_citation&hl=en&user=0GTpIAIAAAAJ&citation_for_view=0GTpIAIAAAAJ:8k81kl-MbHgC",
      "authors": "X Wei, Y Zhang, Y Gong, J Zhang, N Zheng",
      "venue": "Proceedings of the European conference on computer vision (ECCV), 355-370, 2018",
      "year": 2018,
      "citations": 122
    },
    {
      "title": "Deep non-blind deconvolution via generalized low-rank approximation",
      "url": "https://scholar.google.com/citations?view_op=view_citation&hl=en&user=0GTpIAIAAAAJ&citation_for_view=0GTpIAIAAAAJ:3fE2CSJIrl8C",
      "authors": "W Ren, J Zhang, L Ma, J Pan, X Cao, W Zuo, W Liu, MH Yang",
      "venue": "Advances in neural information processing systems 31, 2018",
      "year": 2018,
      "citations": 102
    },
    {
      "title": "Ntire 2017 challenge on single image super-resolution: Methods and results",
      "url": "https://scholar.google.com/citations?view_op=view_citation&hl=en&user=0GTpIAIAAAAJ&citation_for_view=0GTpIAIAAAAJ:YOwf2qJgpHMC",
      "authors": "R Timofte, E Agustsson, L Van Gool, MH Yang, L Zhang",
      "venue": "Proceedings of the IEEE conference on computer vision and pattern …, 2017",
      "year": 2017,
      "citations": 2310
    },
    {
      "title": "Crest: Convolutional residual learning for visual tracking",
      "url": "https://scholar.google.com/citations?view_op=view_citation&hl=en&user=0GTpIAIAAAAJ&citation_for_view=0GTpIAIAAAAJ:YsMSGLbcyi4C",
      "authors": "Y Song, C Ma, L Gong, J Zhang, R Lau, MH Yang",
      "venue": "International Conference on Computer Vision (ICCV), 2017",
      "year": 2017,
      "citations": 663
    },
    {
      "title": "RGBD Salient Object Detection via Deep Fusion",
      "url": "https://scholar.google.com/citations?view_op=view_citation&hl=en&user=0GTpIAIAAAAJ&citation_for_view=0GTpIAIAAAAJ:UeHWp8X0CEIC",
      "authors": "L Qu, S He, J Zhang, J Tian, Y Tang, Q Yang",
      "venue": "IEEE Transactions on Image Processing, 2017",
      "year": 2017,
      "citations": 441
    },
    {
      "title": "A Hand Pose Tracking Benchmark from Stereo Matching",
      "url": "https://scholar.google.com/citations?view_op=view_citation&hl=en&user=0GTpIAIAAAAJ&citation_for_view=0GTpIAIAAAAJ:_FxGoFyzp5QC",
      "authors": "J Zhang, J Jiao, M Chen, L Qu, X Xu, Q Yang",
      "venue": "24th IEEE International Conference on Image Processing, ICIP 2017, 2017",
      "year": 2017,
      "citations": 305
    },
    {
      "title": "Learning Fully Convolutional Networks for Iterative Non-blind Deconvolution",
      "url": "https://scholar.google.com/citations?view_op=view_citation&hl=en&user=0GTpIAIAAAAJ&citation_for_view=0GTpIAIAAAAJ:zYLM7Y9cAGgC",
      "authors": "J Zhang, J Pan, WS Lai, R Lau, MH Yang",
      "venue": "Conference on Computer Vision and Pattern Recognition (CVPR), 2017",
      "year": 2017,
      "citations": 224
    },
    {
      "title": "Learning to hallucinate face images via component generation and enhancement",
      "url": "https://scholar.google.com/citations?view_op=view_citation&hl=en&user=0GTpIAIAAAAJ&citation_for_view=0GTpIAIAAAAJ:Tyk-4Ss8FVUC",
      "authors": "Y Song, J Zhang, S He, L Bao, Q Yang",
      "venue": "International Joint Conference on Artificial Intelligence (IJCAI), 2017",
      "year": 2017,
      "citations": 121
    }
  ],
  "co_authors": [
    {
      "name": "Jinshan Pan",
      "scholar_id": "CMsNjGIAAAAJ",
      "url": "https://scholar.google.com/citations?user=CMsNjGIAAAAJ"
    },
    {
      "name": "Ming-Hsuan Yang",
      "scholar_id": "p9-ohHsAAAAJ",
      "url": "https://scholar.google.com/citations?user=p9-ohHsAAAAJ"
    },
    {
      "name": "Qingxiong Yang 杨庆雄",
      "scholar_id": "4WirkacAAAAJ",
      "url": "https://scholar.google.com/citations?user=4WirkacAAAAJ"
    },
    {
      "name": "Yibing Song",
      "scholar_id": "oRhJHmIAAAAJ",
      "url": "https://scholar.google.com/citations?user=oRhJHmIAAAAJ"
    },
    {
      "name": "邹冬青 Dongqing Zou",
      "scholar_id": "K1-PFhYAAAAJ",
      "url": "https://scholar.google.com/citations?user=K1-PFhYAAAAJ"
    },
    {
      "name": "Shangchen Zhou",
      "scholar_id": "suaDwBQAAAAJ",
      "url": "https://scholar.google.com/citations?user=suaDwBQAAAAJ"
    },
    {
      "name": "Zhouxia Wang",
      "scholar_id": "JWds_bQAAAAJ",
      "url": "https://scholar.google.com/citations?user=JWds_bQAAAAJ"
    },
    {
      "name": "Liang Chen",
      "scholar_id": "ZRd8xLIAAAAJ",
      "url": "https://scholar.google.com/citations?user=ZRd8xLIAAAAJ"
    },
    {
      "name": "Xuejin Chen",
      "scholar_id": "sAe6v4AAAAAJ",
      "url": "https://scholar.google.com/citations?user=sAe6v4AAAAAJ"
    }
  ]
}