{
  "author_info": {
    "name": "Bharatesh Chakravarthi",
    "affiliation": "School of Computing and AI, Arizona State University",
    "email_verified": "Verified email at asu.edu - Homepage",
    "website": "https://chakravarthi589.github.io/",
    "interests": [
      "Event-based Vision",
      "ITS",
      "Human Pose Estimation"
    ],
    "photo_url": "https://scholar.googleusercontent.com/citations?view_op=view_photo&user=-aR9N7UAAAAJ&citpid=20"
  },
  "citation_stats": {
    "citations_all": 347,
    "citations_since_2020": 344,
    "h_index_all": 10,
    "h_index_since_2020": 9,
    "i10_index_all": 10,
    "i10_index_since_2020": 9,
    "citation_graph": [
      {
        "year": 2018,
        "citations": 1
      },
      {
        "year": 2019,
        "citations": 2
      },
      {
        "year": 2020,
        "citations": 8
      },
      {
        "year": 2021,
        "citations": 15
      },
      {
        "year": 2022,
        "citations": 36
      },
      {
        "year": 2023,
        "citations": 34
      },
      {
        "year": 2024,
        "citations": 61
      },
      {
        "year": 2025,
        "citations": 188
      }
    ]
  },
  "papers": [
    {
      "title": "Event quality score (eqs): Assessing the realism of simulated event camera streams via distance in latent space",
      "url": "https://scholar.google.com/citations?view_op=view_citation&hl=en&user=-aR9N7UAAAAJ&citation_for_view=-aR9N7UAAAAJ:IWHjjKOFINEC",
      "authors": "K Chanda, A Verma, A Vaghela, Y Yang, B Chakravarthi",
      "venue": "Proceedings of the Computer Vision and Pattern Recognition Conference, 5105-5113, 2025",
      "year": 2025,
      "citations": 4
    },
    {
      "title": "Recent Event Camera Innovations: A Survey",
      "url": "https://scholar.google.com/citations?view_op=view_citation&hl=en&user=-aR9N7UAAAAJ&citation_for_view=-aR9N7UAAAAJ:aqlVkmm33-oC",
      "authors": "B Chakravarthi, AA Verma, K Daniilidis, C Fermuller, Y Yang",
      "venue": "ECCV 2024 Workshop on Neuromorphic Vision: Advantages and Applications of …, 2024",
      "year": 2024,
      "citations": 80
    },
    {
      "title": "etram: Event-based traffic monitoring dataset",
      "url": "https://scholar.google.com/citations?view_op=view_citation&hl=en&user=-aR9N7UAAAAJ&citation_for_view=-aR9N7UAAAAJ:Zph67rFs4hoC",
      "authors": "AA Verma, B Chakravarthi, A Vaghela, H Wei, Y Yang",
      "venue": "Proceedings of the IEEE/CVF Conference on Computer Vision and Pattern …, 2024",
      "year": 2024,
      "citations": 27
    },
    {
      "title": "Digital forensic framework for smart contract vulnerabilities using ensemble models",
      "url": "https://scholar.google.com/citations?view_op=view_citation&hl=en&user=-aR9N7UAAAAJ&citation_for_view=-aR9N7UAAAAJ:8k81kl-MbHgC",
      "authors": "L JJ, K Singh, B Chakravarthi",
      "venue": "Multimedia Tools and Applications 83 (17), 51469-51512, 2024",
      "year": 2024,
      "citations": 21
    },
    {
      "title": "SEVD: Synthetic Event-based Vision Dataset for Ego and Fixed Traffic Perception",
      "url": "https://scholar.google.com/citations?view_op=view_citation&hl=en&user=-aR9N7UAAAAJ&citation_for_view=-aR9N7UAAAAJ:4TOpqqG69KYC",
      "authors": "MR Aliminati, B Chakravarthi, AA Verma, A Vaghela, H Wei, X Zhou, ...",
      "venue": "CVPR 2024 Workshop on Synthetic Data for Computer Vision, 2024",
      "year": 2024,
      "citations": 14
    },
    {
      "title": "KAT to KANs: A review of Kolmogorov-Arnold Networks and the neural leap forward",
      "url": "https://scholar.google.com/citations?view_op=view_citation&hl=en&user=-aR9N7UAAAAJ&citation_for_view=-aR9N7UAAAAJ:9ZlFYXVOiuMC",
      "authors": "D Basina, JR Vishal, A Choudhary, B Chakravarthi",
      "venue": "arXiv preprint arXiv:2411.10622, 2024",
      "year": 2024,
      "citations": 9
    },
    {
      "title": "Eyes on the Road: State-of-the-Art Video Question Answering Models Assessment for Traffic Monitoring Tasks",
      "url": "https://scholar.google.com/citations?view_op=view_citation&hl=en&user=-aR9N7UAAAAJ&citation_for_view=-aR9N7UAAAAJ:QIV2ME_5wuYC",
      "authors": "JR Vishal, D Basina, A Choudhary, B Chakravarthi",
      "venue": "arXiv preprint arXiv:2412.01132, 2024",
      "year": 2024,
      "citations": 3
    },
    {
      "title": "SynTraC: A Synthetic Dataset for Traffic Signal Control from Traffic Monitoring Cameras",
      "url": "https://scholar.google.com/citations?view_op=view_citation&hl=en&user=-aR9N7UAAAAJ&citation_for_view=-aR9N7UAAAAJ:qxL8FJ1GzNcC",
      "authors": "T Chen, P Shirke, B Chakravarthi, A Vaghela, L Da, D Lu, Y Yang, H Wei",
      "venue": "2024 IEEE 27th International Conference on Intelligent Transportation …, 2024",
      "year": 2024,
      "citations": 3
    },
    {
      "title": "Event-based sensing for improved traffic detection and tracking in intelligent transport systems toward sustainable mobility",
      "url": "https://scholar.google.com/citations?view_op=view_citation&hl=en&user=-aR9N7UAAAAJ&citation_for_view=-aR9N7UAAAAJ:kNdYIx-mwKoC",
      "authors": "B Chakravarthi, M Manoj Kumar, BN Pavan Kumar",
      "venue": "International Conference on Interdisciplinary Approaches in Civil …, 2023",
      "year": 2023,
      "citations": 7
    },
    {
      "title": "Innovative Exploration Techniques: Utilizing IoT-Enabled Robots for Safe and Efficient Underground Tunnel Investigation",
      "url": "https://scholar.google.com/citations?view_op=view_citation&hl=en&user=-aR9N7UAAAAJ&citation_for_view=-aR9N7UAAAAJ:3fE2CSJIrl8C",
      "authors": "N Shravan, M Manoj Kumar, B Chakravarthi, C Bhargavi",
      "venue": "International Conference on Interdisciplinary Approaches in Civil …, 2023",
      "year": 2023,
      "citations": 7
    },
    {
      "title": "A comprehensive review of leap motion controller-based hand gesture datasets",
      "url": "https://scholar.google.com/citations?view_op=view_citation&hl=en&user=-aR9N7UAAAAJ&citation_for_view=-aR9N7UAAAAJ:5nxA0vEk-isC",
      "authors": "B Chakravarthi, P Prasad, R Imandi, PK BN",
      "venue": "2023 International Conference on Next Generation Electronics (NEleX), 1-7, 2023",
      "year": 2023,
      "citations": 5
    },
    {
      "title": "SKoPe3D: A Synthetic Dataset for Vehicle Keypoint Perception in 3D from Traffic Monitoring Cameras",
      "url": "https://scholar.google.com/citations?view_op=view_citation&hl=en&user=-aR9N7UAAAAJ&citation_for_view=-aR9N7UAAAAJ:hqOjcs7Dif8C",
      "authors": "H Pahadia, D Lu, B Chakravarthi, Y Yang",
      "venue": "2023 IEEE 26th International Conference on Intelligent Transportation …, 2023",
      "year": 2023,
      "citations": 3
    },
    {
      "title": "Angular features-based human action recognition system for a real application with subtle unit actions",
      "url": "https://scholar.google.com/citations?view_op=view_citation&hl=en&user=-aR9N7UAAAAJ&citation_for_view=-aR9N7UAAAAJ:LkGwnXOMwfcC",
      "authors": "J Ryu, AK Patil, B Chakravarthi, A Balasubramanyam, S Park, Y Chai",
      "venue": "IEEE Access 10, 9645-9657, 2022",
      "year": 2022,
      "citations": 13
    },
    {
      "title": "Real-time human motion tracking and reconstruction using IMU sensors",
      "url": "https://scholar.google.com/citations?view_op=view_citation&hl=en&user=-aR9N7UAAAAJ&citation_for_view=-aR9N7UAAAAJ:UebtZRa9Y70C",
      "authors": "B Chakravarthi, BMP Prasad, B Chethana, BNP Kumar",
      "venue": "2022 International Conference on Electrical, Computer and Energy …, 2022",
      "year": 2022,
      "citations": 12
    },
    {
      "title": "Scenario-based sensed human motion editing and validation through the motion-sphere",
      "url": "https://scholar.google.com/citations?view_op=view_citation&hl=en&user=-aR9N7UAAAAJ&citation_for_view=-aR9N7UAAAAJ:roLk4NBRz8UC",
      "authors": "B Chakravarthi, AK Patil, JY Ryu, A Balasubramanyam, YH Chai",
      "venue": "IEEE Access 10, 28295-28307, 2022",
      "year": 2022,
      "citations": 6
    },
    {
      "title": "An open-source platform for human pose estimation and tracking using a heterogeneous multi-sensor system",
      "url": "https://scholar.google.com/citations?view_op=view_citation&hl=en&user=-aR9N7UAAAAJ&citation_for_view=-aR9N7UAAAAJ:WF5omc3nYNoC",
      "authors": "AK Patil, A Balasubramanyam, JY Ryu, B Chakravarthi, YH Chai",
      "venue": "Sensors 21 (7), 2340, 2021",
      "year": 2021,
      "citations": 32
    },
    {
      "title": "Fusion of multiple lidars and inertial sensors for the real-time pose tracking of human motion",
      "url": "https://scholar.google.com/citations?view_op=view_citation&hl=en&user=-aR9N7UAAAAJ&citation_for_view=-aR9N7UAAAAJ:YsMSGLbcyi4C",
      "authors": "AK Patil, A Balasubramanyam, JY Ryu, PK BN, B Chakravarthi, YH Chai",
      "venue": "Sensors 20 (18), 5342, 2020",
      "year": 2020,
      "citations": 51
    },
    {
      "title": "Motion-sphere: Visual representation of the subtle motion of human joints",
      "url": "https://scholar.google.com/citations?view_op=view_citation&hl=en&user=-aR9N7UAAAAJ&citation_for_view=-aR9N7UAAAAJ:W7OEmFMy1HYC",
      "authors": "A Balasubramanyam, AK Patil, B Chakravarthi, JY Ryu, YH Chai",
      "venue": "Applied Sciences 10 (18), 6462, 2020",
      "year": 2020,
      "citations": 21
    },
    {
      "title": "Pilot experiment of a 2D trajectory representation of quaternion-based 3D gesture tracking",
      "url": "https://scholar.google.com/citations?view_op=view_citation&hl=en&user=-aR9N7UAAAAJ&citation_for_view=-aR9N7UAAAAJ:zYLM7Y9cAGgC",
      "authors": "AK Patil, B Chakravarthi S B, SH Kim, A Balasubramanyam, JY Ryu, ...",
      "venue": "Proceedings of the ACM SIGCHI Symposium on Engineering Interactive Computing …, 2019",
      "year": 2019,
      "citations": 6
    },
    {
      "title": "Intensifying the lifetime of Wireless Sensor Network using a centralized energy accumulator node with RF energy transmission",
      "url": "https://scholar.google.com/citations?view_op=view_citation&hl=en&user=-aR9N7UAAAAJ&citation_for_view=-aR9N7UAAAAJ:u5HHmVD_uO8C",
      "authors": "JJ Lohith, BC SB",
      "venue": "2015 IEEE International Advance Computing Conference (IACC), 180-184, 2015",
      "year": 2015,
      "citations": 10
    }
  ],
  "co_authors": [
    {
      "name": "Yezhou (YZ) Yang",
      "scholar_id": "k2suuZgAAAAJ",
      "url": "https://scholar.google.com/citations?user=k2suuZgAAAAJ"
    },
    {
      "name": "Young Ho Chai",
      "scholar_id": "nId52QgAAAAJ",
      "url": "https://scholar.google.com/citations?user=nId52QgAAAAJ"
    },
    {
      "name": "Aayush Atul Verma",
      "scholar_id": "139ShbMAAAAJ",
      "url": "https://scholar.google.com/citations?user=139ShbMAAAAJ"
    },
    {
      "name": "Ashok Kumar Patil",
      "scholar_id": "I18gfJQAAAAJ",
      "url": "https://scholar.google.com/citations?user=I18gfJQAAAAJ"
    },
    {
      "name": "Adithya Balasubramanyam",
      "scholar_id": "5YK8wMoAAAAJ",
      "url": "https://scholar.google.com/citations?user=5YK8wMoAAAAJ"
    },
    {
      "name": "Jae Yeong Ryu",
      "scholar_id": "pdAspGoAAAAJ",
      "url": "https://scholar.google.com/citations?user=pdAspGoAAAAJ"
    },
    {
      "name": "Arpitsinh Vaghela",
      "scholar_id": "OhpRnnsAAAAJ",
      "url": "https://scholar.google.com/citations?user=OhpRnnsAAAAJ"
    },
    {
      "name": "B N Pavan Kumar",
      "scholar_id": "eE0mJfoAAAAJ",
      "url": "https://scholar.google.com/citations?user=eE0mJfoAAAAJ"
    },
    {
      "name": "Hua Wei",
      "scholar_id": "F1CEAKwAAAAJ",
      "url": "https://scholar.google.com/citations?user=F1CEAKwAAAAJ"
    },
    {
      "name": "Cornelia Fermuller",
      "scholar_id": "0gEOJSEAAAAJ",
      "url": "https://scholar.google.com/citations?user=0gEOJSEAAAAJ"
    },
    {
      "name": "Kostas Daniilidis",
      "scholar_id": "dGs2BcIAAAAJ",
      "url": "https://scholar.google.com/citations?user=dGs2BcIAAAAJ"
    },
    {
      "name": "Dr. Lohith J.J. Ph.D. ( NIT Tiruchirappa...",
      "scholar_id": "dmSdWtEAAAAJ",
      "url": "https://scholar.google.com/citations?user=dmSdWtEAAAAJ"
    },
    {
      "name": "Duo Lu",
      "scholar_id": "Q8loe9kAAAAJ",
      "url": "https://scholar.google.com/citations?user=Q8loe9kAAAAJ"
    },
    {
      "name": "Kaustav Chanda",
      "scholar_id": "LuiJZhMAAAAJ",
      "url": "https://scholar.google.com/citations?user=LuiJZhMAAAAJ"
    },
    {
      "name": "Dr. Manoj Kumar M",
      "scholar_id": "3HzuYxIAAAAJ",
      "url": "https://scholar.google.com/citations?user=3HzuYxIAAAAJ"
    },
    {
      "name": "Kunwar Singh",
      "scholar_id": "vA-q4TwAAAAJ",
      "url": "https://scholar.google.com/citations?user=vA-q4TwAAAAJ"
    },
    {
      "name": "Vishal Joseph",
      "scholar_id": "dvKgV9kAAAAJ",
      "url": "https://scholar.google.com/citations?user=dvKgV9kAAAAJ"
    },
    {
      "name": "Kaiyuan Tan",
      "scholar_id": "2eJF1UAAAAAJ",
      "url": "https://scholar.google.com/citations?user=2eJF1UAAAAAJ"
    },
    {
      "name": "Mohammad Farhadi",
      "scholar_id": "38Fdcc8AAAAJ",
      "url": "https://scholar.google.com/citations?user=38Fdcc8AAAAJ"
    },
    {
      "name": "Krishna Vinod",
      "scholar_id": "ayVuixoAAAAJ",
      "url": "https://scholar.google.com/citations?user=ayVuixoAAAAJ"
    }
  ]
}