{
  "author_info": {
    "name": "Soumik Sarkar",
    "affiliation": "Director, Translational AI Center, Professor, Iowa State University",
    "email_verified": "Verified email at iastate.edu - Homepage",
    "website": "http://web.me.iastate.edu/soumiks/",
    "interests": [
      "Machine learning",
      "Cyber-physical systems"
    ],
    "photo_url": "https://scholar.googleusercontent.com/citations?view_op=view_photo&user=-rmRjqIAAAAJ&citpid=2"
  },
  "citation_stats": {
    "citations_all": 13812,
    "citations_since_2020": 11445,
    "h_index_all": 53,
    "h_index_since_2020": 46,
    "i10_index_all": 175,
    "i10_index_since_2020": 139,
    "citation_graph": [
      {
        "year": 2011,
        "citations": 77
      },
      {
        "year": 2012,
        "citations": 36
      },
      {
        "year": 2013,
        "citations": 53
      },
      {
        "year": 2014,
        "citations": 84
      },
      {
        "year": 2015,
        "citations": 102
      },
      {
        "year": 2016,
        "citations": 189
      },
      {
        "year": 2017,
        "citations": 300
      },
      {
        "year": 2018,
        "citations": 506
      },
      {
        "year": 2019,
        "citations": 781
      },
      {
        "year": 2020,
        "citations": 1106
      },
      {
        "year": 2021,
        "citations": 1619
      },
      {
        "year": 2022,
        "citations": 1864
      },
      {
        "year": 2023,
        "citations": 2026
      },
      {
        "year": 2024,
        "citations": 2352
      },
      {
        "year": 2025,
        "citations": 2442
      }
    ]
  },
  "papers": [
    {
      "title": "Challenges and opportunities in machine-augmented plant stress phenotyping",
      "url": "https://scholar.google.com/citations?view_op=view_citation&hl=en&user=-rmRjqIAAAAJ&citation_for_view=-rmRjqIAAAAJ:RoXSNcbkSzsC",
      "authors": "A Singh, S Jones, B Ganapathysubramanian, S Sarkar, D Mueller, ...",
      "venue": "Trends in Plant Science 26 (1), 53-69, 2021",
      "year": 2021,
      "citations": 235
    },
    {
      "title": "Crop yield prediction integrating genotype and weather variables using deep learning",
      "url": "https://scholar.google.com/citations?view_op=view_citation&hl=en&user=-rmRjqIAAAAJ&citation_for_view=-rmRjqIAAAAJ:j7_hQOaDUrUC",
      "authors": "J Shook, T Gangopadhyay, L Wu, B Ganapathysubramanian, S Sarkar, ...",
      "venue": "Plos one 16 (6), e0252402, 2021",
      "year": 2021,
      "citations": 230
    },
    {
      "title": "UAS-based plant phenotyping for research and breeding applications",
      "url": "https://scholar.google.com/citations?view_op=view_citation&hl=en&user=-rmRjqIAAAAJ&citation_for_view=-rmRjqIAAAAJ:-yGd096yOn8C",
      "authors": "W Guo, ME Carroll, A Singh, TL Swetnam, N Merchant, S Sarkar, ...",
      "venue": "Plant Phenomics, 2021",
      "year": 2021,
      "citations": 149
    },
    {
      "title": "Computer vision and machine learning enabled soybean root phenotyping pipeline",
      "url": "https://scholar.google.com/citations?view_op=view_citation&hl=en&user=-rmRjqIAAAAJ&citation_for_view=-rmRjqIAAAAJ:a3BOlSfXSfwC",
      "authors": "KG Falk, TZ Jubery, SV Mirnezami, KA Parmley, S Sarkar, A Singh, ...",
      "venue": "Plant methods 16 (1), 5, 2020",
      "year": 2020,
      "citations": 144
    },
    {
      "title": "Plant disease identification using explainable 3D deep learning on hyperspectral images",
      "url": "https://scholar.google.com/citations?view_op=view_citation&hl=en&user=-rmRjqIAAAAJ&citation_for_view=-rmRjqIAAAAJ:6ZxmRoH8BuwC",
      "authors": "K Nagasubramanian, S Jones, AK Singh, S Sarkar, A Singh, ...",
      "venue": "Plant methods 15 (1), 98, 2019",
      "year": 2019,
      "citations": 485
    },
    {
      "title": "A weakly supervised deep learning framework for sorghum head detection and counting",
      "url": "https://scholar.google.com/citations?view_op=view_citation&hl=en&user=-rmRjqIAAAAJ&citation_for_view=-rmRjqIAAAAJ:a9-T7VOCCH8C",
      "authors": "S Ghosal, B Zheng, SC Chapman, AB Potgieter, DR Jordan, X Wang, ...",
      "venue": "Plant Phenomics, 2019",
      "year": 2019,
      "citations": 231
    },
    {
      "title": "An adaptive spatiotemporal feature learning approach for fault diagnosis in complex systems",
      "url": "https://scholar.google.com/citations?view_op=view_citation&hl=en&user=-rmRjqIAAAAJ&citation_for_view=-rmRjqIAAAAJ:S16KYo8Pm5AC",
      "authors": "T Han, C Liu, L Wu, S Sarkar, D Jiang",
      "venue": "Mechanical Systems and Signal Processing 117, 170-187, 2019",
      "year": 2019,
      "citations": 189
    },
    {
      "title": "Semantic adversarial attacks: Parametric transformations that fool deep classifiers",
      "url": "https://scholar.google.com/citations?view_op=view_citation&hl=en&user=-rmRjqIAAAAJ&citation_for_view=-rmRjqIAAAAJ:9pM33mqn1YgC",
      "authors": "A Joshi, A Mukherjee, S Sarkar, C Hegde",
      "venue": "Proceedings of the IEEE/CVF international conference on computer vision …, 2019",
      "year": 2019,
      "citations": 146
    },
    {
      "title": "Occupancy sensing in buildings: A review of data analytics approaches",
      "url": "https://scholar.google.com/citations?view_op=view_citation&hl=en&user=-rmRjqIAAAAJ&citation_for_view=-rmRjqIAAAAJ:YohjEiUPhakC",
      "authors": "H Saha, AR Florita, GP Henze, S Sarkar",
      "venue": "Energy and Buildings 188, 278-285, 2019",
      "year": 2019,
      "citations": 129
    },
    {
      "title": "Machine learning approach for prescriptive plant breeding",
      "url": "https://scholar.google.com/citations?view_op=view_citation&hl=en&user=-rmRjqIAAAAJ&citation_for_view=-rmRjqIAAAAJ:cWzG1nlazyYC",
      "authors": "KA Parmley, RH Higgins, B Ganapathysubramanian, S Sarkar, AK Singh",
      "venue": "Scientific reports 9 (1), 17132, 2019",
      "year": 2019,
      "citations": 128
    },
    {
      "title": "Deep learning for plant stress phenotyping: trends and future perspectives",
      "url": "https://scholar.google.com/citations?view_op=view_citation&hl=en&user=-rmRjqIAAAAJ&citation_for_view=-rmRjqIAAAAJ:e_rmSamDkqQC",
      "authors": "AK Singh, B Ganapathysubramanian, S Sarkar, A Singh",
      "venue": "Trends in plant science 23 (10), 883-898, 2018",
      "year": 2018,
      "citations": 690
    },
    {
      "title": "An explainable deep machine vision framework for plant stress phenotyping",
      "url": "https://scholar.google.com/citations?view_op=view_citation&hl=en&user=-rmRjqIAAAAJ&citation_for_view=-rmRjqIAAAAJ:TIZ-Mc8IlK0C",
      "authors": "S Ghosal, D Blystone, AK Singh, B Ganapathysubramanian, A Singh, ...",
      "venue": "Proceedings of the National Academy of Sciences 115 (18), 4613-4618, 2018",
      "year": 2018,
      "citations": 640
    },
    {
      "title": "Hyperspectral band selection using genetic algorithm and support vector machines for early identification of charcoal rot disease in soybean stems",
      "url": "https://scholar.google.com/citations?view_op=view_citation&hl=en&user=-rmRjqIAAAAJ&citation_for_view=-rmRjqIAAAAJ:BUYA1_V_uYcC",
      "authors": "K Nagasubramanian, S Jones, S Sarkar, AK Singh, A Singh, ...",
      "venue": "Plant methods 14 (1), 86, 2018",
      "year": 2018,
      "citations": 200
    },
    {
      "title": "Traffic congestion detection from camera images using deep convolution neural networks",
      "url": "https://scholar.google.com/citations?view_op=view_citation&hl=en&user=-rmRjqIAAAAJ&citation_for_view=-rmRjqIAAAAJ:g3aElNc5_aQC",
      "authors": "P Chakraborty, YO Adu-Gyamfi, S Poddar, V Ahsani, A Sharma, S Sarkar",
      "venue": "Transportation Research Record 2672 (45), 222-231, 2018",
      "year": 2018,
      "citations": 167
    },
    {
      "title": "A deep learning framework to discern and count microscopic nematode eggs",
      "url": "https://scholar.google.com/citations?view_op=view_citation&hl=en&user=-rmRjqIAAAAJ&citation_for_view=-rmRjqIAAAAJ:gsN89kCJA0AC",
      "authors": "A Akintayo, GL Tylka, AK Singh, B Ganapathysubramanian, A Singh, ...",
      "venue": "Scientific reports 8 (1), 9145, 2018",
      "year": 2018,
      "citations": 144
    },
    {
      "title": "LLNet: A deep autoencoder approach to natural low-light image enhancement",
      "url": "https://scholar.google.com/citations?view_op=view_citation&hl=en&user=-rmRjqIAAAAJ&citation_for_view=-rmRjqIAAAAJ:08ZZubdj9fEC",
      "authors": "KG Lore, A Akintayo, S Sarkar",
      "venue": "Pattern Recognition 61, 650-662, 2017",
      "year": 2017,
      "citations": 2060
    },
    {
      "title": "Collaborative deep learning in fixed topology networks",
      "url": "https://scholar.google.com/citations?view_op=view_citation&hl=en&user=-rmRjqIAAAAJ&citation_for_view=-rmRjqIAAAAJ:evX43VCCuoAC",
      "authors": "Z Jiang, A Balu, C Hegde, S Sarkar",
      "venue": "Advances in Neural Information Processing Systems 30, 2017",
      "year": 2017,
      "citations": 229
    },
    {
      "title": "A real-time phenotyping framework using machine learning for plant stress severity rating in soybean",
      "url": "https://scholar.google.com/citations?view_op=view_citation&hl=en&user=-rmRjqIAAAAJ&citation_for_view=-rmRjqIAAAAJ:7T2F9Uy0os0C",
      "authors": "HS Naik, J Zhang, A Lofquist, T Assefa, S Sarkar, D Ackerman, A Singh, ...",
      "venue": "Plant methods 13 (1), 23, 2017",
      "year": 2017,
      "citations": 226
    },
    {
      "title": "Machine learning for high-throughput stress phenotyping in plants",
      "url": "https://scholar.google.com/citations?view_op=view_citation&hl=en&user=-rmRjqIAAAAJ&citation_for_view=-rmRjqIAAAAJ:4fKUyHm3Qg0C",
      "authors": "A Singh, B Ganapathysubramanian, AK Singh, S Sarkar",
      "venue": "Trends in plant science 21 (2), 110-124, 2016",
      "year": 2016,
      "citations": 1288
    },
    {
      "title": "Review and comparative evaluation of symbolic dynamic filtering for detection of anomaly patterns",
      "url": "https://scholar.google.com/citations?view_op=view_citation&hl=en&user=-rmRjqIAAAAJ&citation_for_view=-rmRjqIAAAAJ:u5HHmVD_uO8C",
      "authors": "C Rao, A Ray, S Sarkar, M Yasar",
      "venue": "Signal, Image and Video Processing 3 (2), 101-114, 2009",
      "year": 2009,
      "citations": 162
    }
  ],
  "co_authors": [
    {
      "name": "Baskar Ganapathysubramanian",
      "scholar_id": "R1JIs4cAAAAJ",
      "url": "https://scholar.google.com/citations?user=R1JIs4cAAAAJ"
    },
    {
      "name": "Asheesh K. Singh",
      "scholar_id": "lzTBffEAAAAJ",
      "url": "https://scholar.google.com/citations?user=lzTBffEAAAAJ"
    },
    {
      "name": "Arti Singh",
      "scholar_id": "P-GSJbwAAAAJ",
      "url": "https://scholar.google.com/citations?user=P-GSJbwAAAAJ"
    },
    {
      "name": "Aditya Balu",
      "scholar_id": "GNuXi6oAAAAJ",
      "url": "https://scholar.google.com/citations?user=GNuXi6oAAAAJ"
    },
    {
      "name": "Chinmay Hegde",
      "scholar_id": "eJAV17IAAAAJ",
      "url": "https://scholar.google.com/citations?user=eJAV17IAAAAJ"
    },
    {
      "name": "Zhanhong Jiang",
      "scholar_id": "zRRvPRMAAAAJ",
      "url": "https://scholar.google.com/citations?user=zRRvPRMAAAAJ"
    },
    {
      "name": "Adarsh Krishnamurthy",
      "scholar_id": "iVTMSxoAAAAJ",
      "url": "https://scholar.google.com/citations?user=iVTMSxoAAAAJ"
    },
    {
      "name": "Asok Ray",
      "scholar_id": "P62gJzcAAAAJ",
      "url": "https://scholar.google.com/citations?user=P62gJzcAAAAJ"
    },
    {
      "name": "Kin Gwn Lore",
      "scholar_id": "rVWjsIoAAAAJ",
      "url": "https://scholar.google.com/citations?user=rVWjsIoAAAAJ"
    },
    {
      "name": "Chao Liu",
      "scholar_id": "WISfoo8AAAAJ",
      "url": "https://scholar.google.com/citations?user=WISfoo8AAAAJ"
    },
    {
      "name": "Sambuddha Ghosal",
      "scholar_id": "gsQYjWcAAAAJ",
      "url": "https://scholar.google.com/citations?user=gsQYjWcAAAAJ"
    },
    {
      "name": "Kushal Mukherjee",
      "scholar_id": "CW6vcuUAAAAJ",
      "url": "https://scholar.google.com/citations?user=CW6vcuUAAAAJ"
    },
    {
      "name": "Soumalya Sarkar",
      "scholar_id": "O__IzHEAAAAJ",
      "url": "https://scholar.google.com/citations?user=O__IzHEAAAAJ"
    },
    {
      "name": "Jiaoping Zhang",
      "scholar_id": "8nBMTpMAAAAJ",
      "url": "https://scholar.google.com/citations?user=8nBMTpMAAAAJ"
    },
    {
      "name": "Daniel Stoecklein",
      "scholar_id": "I6NTbaoAAAAJ",
      "url": "https://scholar.google.com/citations?user=I6NTbaoAAAAJ"
    },
    {
      "name": "Abhishek Srivastav",
      "scholar_id": "XTGuzeMAAAAJ",
      "url": "https://scholar.google.com/citations?user=XTGuzeMAAAAJ"
    },
    {
      "name": "Marcus Naik Hsiang Sing",
      "scholar_id": "WPvBOiAAAAAJ",
      "url": "https://scholar.google.com/citations?user=WPvBOiAAAAAJ"
    },
    {
      "name": "Xin Jin",
      "scholar_id": "QxcmyVcAAAAJ",
      "url": "https://scholar.google.com/citations?user=QxcmyVcAAAAJ"
    },
    {
      "name": "Michael Davies",
      "scholar_id": "OFbsKkEAAAAJ",
      "url": "https://scholar.google.com/citations?user=OFbsKkEAAAAJ"
    },
    {
      "name": "Chinmay Rao",
      "scholar_id": "mC7qBvkAAAAJ",
      "url": "https://scholar.google.com/citations?user=mC7qBvkAAAAJ"
    }
  ]
}