{
  "author_info": {
    "name": "Vincent Frémont",
    "affiliation": "Full Professor, Centrale Nantes, ARMEN team @ LS2N Lab, UMR 6004",
    "email_verified": "Verified email at ec-nantes.fr - Homepage",
    "website": "https://sites.google.com/view/vincent-fremont-ecnantes/",
    "interests": [
      "Autonomous Mobile Robotics",
      "Vision for Robotics",
      "Machine Learning",
      "Multi-sensor Fusion"
    ],
    "photo_url": "https://scholar.googleusercontent.com/citations?view_op=view_photo&user=0BzH_AEAAAAJ&citpid=4"
  },
  "citation_stats": {
    "citations_all": 2456,
    "citations_since_2020": 1392,
    "h_index_all": 28,
    "h_index_since_2020": 20,
    "i10_index_all": 58,
    "i10_index_since_2020": 44,
    "citation_graph": [
      {
        "year": 2005,
        "citations": 9
      },
      {
        "year": 2006,
        "citations": 9
      },
      {
        "year": 2007,
        "citations": 9
      },
      {
        "year": 2008,
        "citations": 13
      },
      {
        "year": 2009,
        "citations": 13
      },
      {
        "year": 2010,
        "citations": 12
      },
      {
        "year": 2011,
        "citations": 36
      },
      {
        "year": 2012,
        "citations": 43
      },
      {
        "year": 2013,
        "citations": 59
      },
      {
        "year": 2014,
        "citations": 86
      },
      {
        "year": 2015,
        "citations": 115
      },
      {
        "year": 2016,
        "citations": 100
      },
      {
        "year": 2017,
        "citations": 147
      },
      {
        "year": 2018,
        "citations": 160
      },
      {
        "year": 2019,
        "citations": 231
      },
      {
        "year": 2020,
        "citations": 224
      },
      {
        "year": 2021,
        "citations": 199
      },
      {
        "year": 2022,
        "citations": 246
      },
      {
        "year": 2023,
        "citations": 257
      },
      {
        "year": 2024,
        "citations": 261
      },
      {
        "year": 2025,
        "citations": 202
      }
    ]
  },
  "papers": [
    {
      "title": "Active slam: A review on last decade",
      "url": "https://scholar.google.com/citations?view_op=view_citation&hl=en&user=0BzH_AEAAAAJ&citation_for_view=0BzH_AEAAAAJ:geHnlv5EZngC",
      "authors": "MF Ahmed, K Masood, V Fremont, I Fantoni",
      "venue": "Sensors 23 (19), 8097, 2023",
      "year": 2023,
      "citations": 75
    },
    {
      "title": "Communicating multi-uav system for cooperative slam-based exploration",
      "url": "https://scholar.google.com/citations?view_op=view_citation&hl=en&user=0BzH_AEAAAAJ&citation_for_view=0BzH_AEAAAAJ:yD5IFk8b50cC",
      "authors": "N Mahdoui, V Frémont, E Natalizio",
      "venue": "Journal of Intelligent & Robotic Systems 98 (2), 325-343, 2020",
      "year": 2020,
      "citations": 72
    },
    {
      "title": "Device for signalling objects to a navigation module of a vehicle equipped with this device",
      "url": "https://scholar.google.com/citations?view_op=view_citation&hl=en&user=0BzH_AEAAAAJ&citation_for_view=0BzH_AEAAAAJ:hMod-77fHWUC",
      "authors": "J Ibanez-Guzman, V FREMONT, S Bonnet, ADEM NETO",
      "venue": "US Patent 10,035,508, 2018",
      "year": 2018,
      "citations": 60
    },
    {
      "title": "Moving object detection and segmentation in urban environments from a moving platform",
      "url": "https://scholar.google.com/citations?view_op=view_citation&hl=en&user=0BzH_AEAAAAJ&citation_for_view=0BzH_AEAAAAJ:ns9cj8rnVeAC",
      "authors": "D Zhou, V Frémont, B Quost, Y Dai, H Li",
      "venue": "Image and Vision Computing 68, 76-87, 2017",
      "year": 2017,
      "citations": 48
    },
    {
      "title": "Exploiting fully convolutional neural networks for fast road detection",
      "url": "https://scholar.google.com/citations?view_op=view_citation&hl=en&user=0BzH_AEAAAAJ&citation_for_view=0BzH_AEAAAAJ:bEWYMUwI8FkC",
      "authors": "CCT Mendes, V Frémont, DF Wolf",
      "venue": "2016 IEEE International Conference on Robotics and Automation (ICRA), 3174-3179, 2016",
      "year": 2016,
      "citations": 167
    },
    {
      "title": "Enhancing the driver awareness of pedestrian using augmented reality cues",
      "url": "https://scholar.google.com/citations?view_op=view_citation&hl=en&user=0BzH_AEAAAAJ&citation_for_view=0BzH_AEAAAAJ:M3NEmzRMIkIC",
      "authors": "MT Phan, I Thouvenin, V Frémont",
      "venue": "2016 IEEE 19th International Conference on Intelligent Transportation …, 2016",
      "year": 2016,
      "citations": 59
    },
    {
      "title": "Color-based road detection and its evaluation on the KITTI road benchmark",
      "url": "https://scholar.google.com/citations?view_op=view_citation&hl=en&user=0BzH_AEAAAAJ&citation_for_view=0BzH_AEAAAAJ:dhFuZR0502QC",
      "authors": "B Wang, V Frémont, SA Rodríguez",
      "venue": "2014 IEEE Intelligent Vehicles Symposium Proceedings, 31-36, 2014",
      "year": 2014,
      "citations": 80
    },
    {
      "title": "Multi-modal object detection and localization for high integrity driving assistance",
      "url": "https://scholar.google.com/citations?view_op=view_citation&hl=en&user=0BzH_AEAAAAJ&citation_for_view=0BzH_AEAAAAJ:LkGwnXOMwfcC",
      "authors": "SA Rodríguez Flórez, V Frémont, P Bonnifait, V Cherfaoui",
      "venue": "Machine vision and applications 25 (3), 583-598, 2014",
      "year": 2014,
      "citations": 57
    },
    {
      "title": "Mapping and localization using GPS, lane markings and proprioceptive sensors",
      "url": "https://scholar.google.com/citations?view_op=view_citation&hl=en&user=0BzH_AEAAAAJ&citation_for_view=0BzH_AEAAAAJ:qxL8FJ1GzNcC",
      "authors": "Z Tao, P Bonnifait, V Fremont, J Ibanez-Guzman",
      "venue": "2013 IEEE/RSJ International Conference on Intelligent Robots and Systems …, 2013",
      "year": 2013,
      "citations": 141
    },
    {
      "title": "Lane marking aided vehicle localization",
      "url": "https://scholar.google.com/citations?view_op=view_citation&hl=en&user=0BzH_AEAAAAJ&citation_for_view=0BzH_AEAAAAJ:aqlVkmm33-oC",
      "authors": "Z Tao, P Bonnifait, V Fremont, J Ibanez-Guzman",
      "venue": "16th International IEEE Conference on Intelligent Transportation Systems …, 2013",
      "year": 2013,
      "citations": 97
    },
    {
      "title": "Fast road detection from color images",
      "url": "https://scholar.google.com/citations?view_op=view_citation&hl=en&user=0BzH_AEAAAAJ&citation_for_view=0BzH_AEAAAAJ:M3ejUd6NZC8C",
      "authors": "B Wang, V Frémont",
      "venue": "2013 IEEE Intelligent Vehicles Symposium (IV), 1209-1214, 2013",
      "year": 2013,
      "citations": 48
    },
    {
      "title": "DAARIA: Driver assistance by augmented reality for intelligent automobile",
      "url": "https://scholar.google.com/citations?view_op=view_citation&hl=en&user=0BzH_AEAAAAJ&citation_for_view=0BzH_AEAAAAJ:0EnyYjriUFMC",
      "authors": "P George, I Thouvenin, V Fremont, V Cherfaoui",
      "venue": "2012 IEEE Intelligent Vehicles Symposium, 1043-1048, 2012",
      "year": 2012,
      "citations": 46
    },
    {
      "title": "Real time UAV altitude, attitude and motion estimation from hybrid stereovision",
      "url": "https://scholar.google.com/citations?view_op=view_citation&hl=en&user=0BzH_AEAAAAJ&citation_for_view=0BzH_AEAAAAJ:3fE2CSJIrl8C",
      "authors": "D Eynard, P Vasseur, C Demonceaux, V Frémont",
      "venue": "Autonomous Robots 33 (1), 157-172, 2012",
      "year": 2012,
      "citations": 41
    },
    {
      "title": "An Embedded Multi-Modal System for Object Localization and Tracking",
      "url": "https://scholar.google.com/citations?view_op=view_citation&hl=en&user=0BzH_AEAAAAJ&citation_for_view=0BzH_AEAAAAJ:4TOpqqG69KYC",
      "authors": "S Rodriguez, V Frémont, B Philippe, V Cherfaoui",
      "venue": "IEEE Intelligent Transportation Systems Magazine 4 (4), 42-53, 2012",
      "year": 2012,
      "citations": 37
    },
    {
      "title": "UAV altitude estimation by mixed stereoscopic vision",
      "url": "https://scholar.google.com/citations?view_op=view_citation&hl=en&user=0BzH_AEAAAAJ&citation_for_view=0BzH_AEAAAAJ:9yKSN-GCB0IC",
      "authors": "D Eynard, P Vasseur, C Demonceaux, V Frémont",
      "venue": "2010 IEEE/RSJ International Conference on Intelligent Robots and Systems …, 2010",
      "year": 2010,
      "citations": 90
    },
    {
      "title": "Automatic camera-based microscope calibration for a telemicromanipulation system using a virtual pattern",
      "url": "https://scholar.google.com/citations?view_op=view_citation&hl=en&user=0BzH_AEAAAAJ&citation_for_view=0BzH_AEAAAAJ:UeHWp8X0CEIC",
      "authors": "M Ammi, V Frémont, A Ferreira",
      "venue": "IEEE Transactions on Robotics 25 (1), 184-191, 2009",
      "year": 2009,
      "citations": 58
    },
    {
      "title": "An experiment of a 3d real-time robust visual odometry for intelligent vehicles",
      "url": "https://scholar.google.com/citations?view_op=view_citation&hl=en&user=0BzH_AEAAAAJ&citation_for_view=0BzH_AEAAAAJ:TFP_iSt0sucC",
      "authors": "R Florez, V Fremont, P Bonnifait",
      "venue": "2009 12th International IEEE Conference on Intelligent Transportation …, 2009",
      "year": 2009,
      "citations": 41
    },
    {
      "title": "Extrinsic calibration between a multi-layer lidar and a camera",
      "url": "https://scholar.google.com/citations?view_op=view_citation&hl=en&user=0BzH_AEAAAAJ&citation_for_view=0BzH_AEAAAAJ:zYLM7Y9cAGgC",
      "authors": "V Fremont, P Bonnifait",
      "venue": "2008 IEEE International Conference on Multisensor Fusion and Integration for …, 2008",
      "year": 2008,
      "citations": 166
    },
    {
      "title": "Flexible microscope calibration using virtual pattern for 3-d telemicromanipulation",
      "url": "https://scholar.google.com/citations?view_op=view_citation&hl=en&user=0BzH_AEAAAAJ&citation_for_view=0BzH_AEAAAAJ:u-x6o8ySG0sC",
      "authors": "M Ammi, V Fremont, A Ferreira",
      "venue": "Proceedings of the 2005 IEEE International Conference on Robotics and …, 2005",
      "year": 2005,
      "citations": 41
    },
    {
      "title": "Direct camera calibration using two concentric circles from a single view",
      "url": "https://scholar.google.com/citations?view_op=view_citation&hl=en&user=0BzH_AEAAAAJ&citation_for_view=0BzH_AEAAAAJ:u5HHmVD_uO8C",
      "authors": "V Fremont, R Chellali",
      "venue": "International Conference on Artificial Reality and Telexistence, 93-98, 2002",
      "year": 2002,
      "citations": 58
    }
  ],
  "co_authors": [
    {
      "name": "Philippe Bonnifait",
      "scholar_id": "o6GC9-0AAAAJ",
      "url": "https://scholar.google.com/citations?user=o6GC9-0AAAAJ"
    },
    {
      "name": "Isabelle Fantoni",
      "scholar_id": "343dbTEAAAAJ",
      "url": "https://scholar.google.com/citations?user=343dbTEAAAAJ"
    },
    {
      "name": "Véronique Cherfaoui",
      "scholar_id": "2kA3Q4MAAAAJ",
      "url": "https://scholar.google.com/citations?user=2kA3Q4MAAAAJ"
    },
    {
      "name": "Javier Ibanez-Guzman",
      "scholar_id": "-6ZDjqAAAAAJ",
      "url": "https://scholar.google.com/citations?user=-6ZDjqAAAAAJ"
    },
    {
      "name": "Indira Thouvenin",
      "scholar_id": "ooBn78MAAAAJ",
      "url": "https://scholar.google.com/citations?user=ooBn78MAAAAJ"
    },
    {
      "name": "Enrico Natalizio",
      "scholar_id": "GqUoa8EAAAAJ",
      "url": "https://scholar.google.com/citations?user=GqUoa8EAAAAJ"
    },
    {
      "name": "Minh-Quan Dao",
      "scholar_id": "w1FN2WUAAAAJ",
      "url": "https://scholar.google.com/citations?user=w1FN2WUAAAAJ"
    },
    {
      "name": "Sergio Rodríguez F.",
      "scholar_id": "AOD98yEAAAAJ",
      "url": "https://scholar.google.com/citations?user=AOD98yEAAAAJ"
    },
    {
      "name": "ryad chellali",
      "scholar_id": "hsTZKsgAAAAJ",
      "url": "https://scholar.google.com/citations?user=hsTZKsgAAAAJ"
    },
    {
      "name": "Bihao Wang",
      "scholar_id": "Fr2ZyrYAAAAJ",
      "url": "https://scholar.google.com/citations?user=Fr2ZyrYAAAAJ"
    },
    {
      "name": "Khayyam Masood",
      "scholar_id": "JXRvlT8AAAAJ",
      "url": "https://scholar.google.com/citations?user=JXRvlT8AAAAJ"
    },
    {
      "name": "Cédric Demonceaux",
      "scholar_id": "CCvaUR4AAAAJ",
      "url": "https://scholar.google.com/citations?user=CCvaUR4AAAAJ"
    },
    {
      "name": "Pascal Vasseur",
      "scholar_id": "5dPw73sAAAAJ",
      "url": "https://scholar.google.com/citations?user=5dPw73sAAAAJ"
    },
    {
      "name": "Damien Eynard",
      "scholar_id": "U8QKrYIAAAAJ",
      "url": "https://scholar.google.com/citations?user=U8QKrYIAAAAJ"
    },
    {
      "name": "Zui Tao",
      "scholar_id": "xQAOzTYAAAAJ",
      "url": "https://scholar.google.com/citations?user=xQAOzTYAAAAJ"
    },
    {
      "name": "Elcio Hideiti Shiguemori",
      "scholar_id": "yPfica0AAAAJ",
      "url": "https://scholar.google.com/citations?user=yPfica0AAAAJ"
    },
    {
      "name": "Mateus Habermann",
      "scholar_id": "5rCp0S0AAAAJ",
      "url": "https://scholar.google.com/citations?user=5rCp0S0AAAAJ"
    },
    {
      "name": "Eliseo Ferrante",
      "scholar_id": "cVjuZJoAAAAJ",
      "url": "https://scholar.google.com/citations?user=cVjuZJoAAAAJ"
    },
    {
      "name": "Nicolas Cambier",
      "scholar_id": "IMSPnusAAAAJ",
      "url": "https://scholar.google.com/citations?user=IMSPnusAAAAJ"
    },
    {
      "name": "Muhammad Farhan Ahmed",
      "scholar_id": "E3B5ikIAAAAJ",
      "url": "https://scholar.google.com/citations?user=E3B5ikIAAAAJ"
    }
  ]
}