{
  "author_info": {
    "name": "zhanhui kang",
    "affiliation": "Tencent Inc.",
    "email_verified": "Verified email at tencent.com",
    "interests": [
      "LLM，Semantic Search，AI Infra"
    ],
    "photo_url": "/citations/images/avatar_scholar_128.png"
  },
  "citation_stats": {
    "citations_all": 726,
    "citations_since_2020": 699,
    "h_index_all": 16,
    "h_index_since_2020": 15,
    "i10_index_all": 25,
    "i10_index_since_2020": 24,
    "citation_graph": [
      {
        "year": 2014,
        "citations": 5
      },
      {
        "year": 2015,
        "citations": 2
      },
      {
        "year": 2016,
        "citations": 6
      },
      {
        "year": 2017,
        "citations": 4
      },
      {
        "year": 2018,
        "citations": 4
      },
      {
        "year": 2019,
        "citations": 4
      },
      {
        "year": 2020,
        "citations": 7
      },
      {
        "year": 2021,
        "citations": 21
      },
      {
        "year": 2022,
        "citations": 21
      },
      {
        "year": 2023,
        "citations": 33
      },
      {
        "year": 2024,
        "citations": 148
      },
      {
        "year": 2025,
        "citations": 460
      }
    ]
  },
  "papers": [
    {
      "title": "Hmoe: Heterogeneous mixture of experts for language modeling",
      "url": "https://scholar.google.com/citations?view_op=view_citation&hl=en&user=-YtqGjUAAAAJ&citation_for_view=-YtqGjUAAAAJ:YOwf2qJgpHMC",
      "authors": "A Wang, X Sun, R Xie, S Li, J Zhu, Z Yang, P Zhao, W Han, Z Kang, ...",
      "venue": "Proceedings of the 2025 Conference on Empirical Methods in Natural Language …, 2025",
      "year": 2025,
      "citations": 25
    },
    {
      "title": "Hunyuan-turbos: Advancing large language models through mamba-transformer synergy and adaptive chain-of-thought",
      "url": "https://scholar.google.com/citations?view_op=view_citation&hl=en&user=-YtqGjUAAAAJ&citation_for_view=-YtqGjUAAAAJ:_Qo2XoVZTnwC",
      "authors": "TH Team, A Liu, B Zhou, C Xu, C Zhou, CC Zhang, C Xu, C Wang, D Wu, ...",
      "venue": "arXiv preprint arXiv:2505.15431, 2025",
      "year": 2025,
      "citations": 15
    },
    {
      "title": "PhD: A ChatGPT-Prompted Visual Hallucination Evaluation Dataset",
      "url": "https://scholar.google.com/citations?view_op=view_citation&hl=en&user=-YtqGjUAAAAJ&citation_for_view=-YtqGjUAAAAJ:-f6ydRqryjwC",
      "authors": "J Liu, Y Fu, R Xie, R Xie, X Sun, F Lian, Z Kang, X Li",
      "venue": "Proceedings of the Computer Vision and Pattern Recognition Conference, 19857 …, 2025",
      "year": 2025,
      "citations": 13
    },
    {
      "title": "Plug-in diffusion model for sequential recommendation",
      "url": "https://scholar.google.com/citations?view_op=view_citation&hl=en&user=-YtqGjUAAAAJ&citation_for_view=-YtqGjUAAAAJ:Y0pCki6q_DkC",
      "authors": "H Ma, R Xie, L Meng, X Chen, X Zhang, L Lin, Z Kang",
      "venue": "Proceedings of the AAAI conference on artificial intelligence 38 (8), 8886-8894, 2024",
      "year": 2024,
      "citations": 86
    },
    {
      "title": "Hunyuan-large: An open-source moe model with 52 billion activated parameters by tencent",
      "url": "https://scholar.google.com/citations?view_op=view_citation&hl=en&user=-YtqGjUAAAAJ&citation_for_view=-YtqGjUAAAAJ:QIV2ME_5wuYC",
      "authors": "X Sun, Y Chen, Y Huang, R Xie, J Zhu, K Zhang, S Li, Z Yang, J Han, ...",
      "venue": "arXiv preprint arXiv:2411.02265, 2024",
      "year": 2024,
      "citations": 66
    },
    {
      "title": "Truth forest: Toward multi-scale truthfulness in large language models through intervention without tuning",
      "url": "https://scholar.google.com/citations?view_op=view_citation&hl=en&user=-YtqGjUAAAAJ&citation_for_view=-YtqGjUAAAAJ:IjCSPb-OGe4C",
      "authors": "Z Chen, X Sun, X Jiao, F Lian, Z Kang, D Wang, C Xu",
      "venue": "Proceedings of the AAAI Conference on Artificial Intelligence 38 (19), 20967 …, 2024",
      "year": 2024,
      "citations": 38
    },
    {
      "title": "Towards empathetic conversational recommender systems",
      "url": "https://scholar.google.com/citations?view_op=view_citation&hl=en&user=-YtqGjUAAAAJ&citation_for_view=-YtqGjUAAAAJ:qxL8FJ1GzNcC",
      "authors": "X Zhang, R Xie, Y Lyu, X Xin, P Ren, M Liang, B Zhang, Z Kang, ...",
      "venue": "Proceedings of the 18th ACM Conference on Recommender Systems, 84-93, 2024",
      "year": 2024,
      "citations": 37
    },
    {
      "title": "Phd: A prompted visual hallucination evaluation dataset",
      "url": "https://scholar.google.com/citations?view_op=view_citation&hl=en&user=-YtqGjUAAAAJ&citation_for_view=-YtqGjUAAAAJ:0EnyYjriUFMC",
      "authors": "J Liu, Y Fu, R Xie, R Xie, X Sun, F Lian, Z Kang, X Li",
      "venue": "CoRR, 2024",
      "year": 2024,
      "citations": 27
    },
    {
      "title": "Improving multi-modal recommender systems by denoising and aligning multi-modal content and user feedback",
      "url": "https://scholar.google.com/citations?view_op=view_citation&hl=en&user=-YtqGjUAAAAJ&citation_for_view=-YtqGjUAAAAJ:KlAtU1dfN6UC",
      "authors": "G Xv, X Li, R Xie, C Lin, C Liu, F Xia, Z Kang, L Lin",
      "venue": "Proceedings of the 30th ACM SIGKDD Conference on Knowledge Discovery and …, 2024",
      "year": 2024,
      "citations": 25
    },
    {
      "title": "Negative sampling in recommendation: A survey and future directions",
      "url": "https://scholar.google.com/citations?view_op=view_citation&hl=en&user=-YtqGjUAAAAJ&citation_for_view=-YtqGjUAAAAJ:4TOpqqG69KYC",
      "authors": "H Ma, R Xie, L Meng, F Feng, X Du, X Sun, Z Kang, X Meng",
      "venue": "arXiv preprint arXiv:2409.07237, 2024",
      "year": 2024,
      "citations": 21
    },
    {
      "title": "Seedrec: sememe-based diffusion for sequential recommendation",
      "url": "https://scholar.google.com/citations?view_op=view_citation&hl=en&user=-YtqGjUAAAAJ&citation_for_view=-YtqGjUAAAAJ:ULOm3_A8WrAC",
      "authors": "H Ma, R Xie, L Meng, Y Yang, X Sun, Z Kang",
      "venue": "Proceedings of IJCAI, 1-9, 2024",
      "year": 2024,
      "citations": 18
    },
    {
      "title": "Rosepo: Aligning llm-based recommenders with human values",
      "url": "https://scholar.google.com/citations?view_op=view_citation&hl=en&user=-YtqGjUAAAAJ&citation_for_view=-YtqGjUAAAAJ:4DMP91E08xMC",
      "authors": "J Liao, X He, R Xie, J Wu, Y Yuan, X Sun, Z Kang, X Wang",
      "venue": "arXiv preprint arXiv:2410.12519, 2024",
      "year": 2024,
      "citations": 17
    },
    {
      "title": "The elephant in the room: rethinking the usage of pre-trained language model in sequential recommendation",
      "url": "https://scholar.google.com/citations?view_op=view_citation&hl=en&user=-YtqGjUAAAAJ&citation_for_view=-YtqGjUAAAAJ:8k81kl-MbHgC",
      "authors": "Z Qu, R Xie, C Xiao, Z Kang, X Sun",
      "venue": "Proceedings of the 18th ACM Conference on Recommender Systems, 53-62, 2024",
      "year": 2024,
      "citations": 14
    },
    {
      "title": "Tencentpretrain: A scalable and flexible toolkit for pre-training models of different modalities",
      "url": "https://scholar.google.com/citations?view_op=view_citation&hl=en&user=-YtqGjUAAAAJ&citation_for_view=-YtqGjUAAAAJ:zYLM7Y9cAGgC",
      "authors": "Z Zhao, Y Li, C Hou, J Zhao, R Tian, W Liu, Y Chen, N Sun, H Liu, W Mao, ...",
      "venue": "Proceedings of the 61st Annual Meeting of the Association for Computational …, 2023",
      "year": 2023,
      "citations": 29
    },
    {
      "title": "E-sparse: Boosting the large language model inference through entropy-based n: M sparsity",
      "url": "https://scholar.google.com/citations?view_op=view_citation&hl=en&user=-YtqGjUAAAAJ&citation_for_view=-YtqGjUAAAAJ:2osOgNQ5qMEC",
      "authors": "Y Li, L Niu, X Zhang, K Liu, J Zhu, Z Kang",
      "venue": "arXiv preprint arXiv:2310.15929, 2023",
      "year": 2023,
      "citations": 26
    },
    {
      "title": "Easyquant: An efficient data-free quantization algorithm for llms",
      "url": "https://scholar.google.com/citations?view_op=view_citation&hl=en&user=-YtqGjUAAAAJ&citation_for_view=-YtqGjUAAAAJ:YsMSGLbcyi4C",
      "authors": "H Tang, Y Sun, D Wu, K Liu, J Zhu, Z Kang",
      "venue": "Proceedings of the 2023 Conference on Empirical Methods in Natural Language …, 2023",
      "year": 2023,
      "citations": 15
    },
    {
      "title": "Mkq-bert: Quantized bert with 4-bits weights and activations",
      "url": "https://scholar.google.com/citations?view_op=view_citation&hl=en&user=-YtqGjUAAAAJ&citation_for_view=-YtqGjUAAAAJ:qjMakFHDy7sC",
      "authors": "H Tang, X Zhang, K Liu, J Zhu, Z Kang",
      "venue": "arXiv preprint arXiv:2203.13483, 2022",
      "year": 2022,
      "citations": 18
    },
    {
      "title": "Texsmart: A system for enhanced natural language understanding",
      "url": "https://scholar.google.com/citations?view_op=view_citation&hl=en&user=-YtqGjUAAAAJ&citation_for_view=-YtqGjUAAAAJ:UebtZRa9Y70C",
      "authors": "L Liu, H Zhang, H Jiang, Y Li, E Zhao, K Xu, L Song, S Zheng, B Zhou, ...",
      "venue": "Proceedings of the 59th Annual Meeting of the Association for Computational …, 2021",
      "year": 2021,
      "citations": 22
    },
    {
      "title": "Texsmart: A text understanding system for fine-grained ner and enhanced semantic analysis",
      "url": "https://scholar.google.com/citations?view_op=view_citation&hl=en&user=-YtqGjUAAAAJ&citation_for_view=-YtqGjUAAAAJ:UeHWp8X0CEIC",
      "authors": "H Zhang, L Liu, H Jiang, Y Li, E Zhao, K Xu, L Song, S Zheng, B Zhou, ...",
      "venue": "arXiv preprint arXiv:2012.15639, 2020",
      "year": 2020,
      "citations": 26
    },
    {
      "title": "Searching for information based on generic attributes of the query",
      "url": "https://scholar.google.com/citations?view_op=view_citation&hl=en&user=-YtqGjUAAAAJ&citation_for_view=-YtqGjUAAAAJ:W7OEmFMy1HYC",
      "authors": "F Lin, Z Kang, P Huang",
      "venue": "US Patent 8,560,513, 2013",
      "year": 2013,
      "citations": 34
    }
  ],
  "co_authors": []
}