{
  "author_info": {
    "name": "Hao Shi",
    "affiliation": "PhD Student, Zhejiang University",
    "email_verified": "Verified email at zju.edu.cn",
    "interests": [
      "Machine Learning",
      "Multi-Modal",
      "3D Vision"
    ],
    "photo_url": "https://scholar.googleusercontent.com/citations?view_op=view_photo&user=0EI9msQAAAAJ&citpid=2"
  },
  "citation_stats": {
    "citations_all": 988,
    "citations_since_2020": 987,
    "h_index_all": 16,
    "h_index_since_2020": 16,
    "i10_index_all": 25,
    "i10_index_since_2020": 25,
    "citation_graph": [
      {
        "year": 2022,
        "citations": 30
      },
      {
        "year": 2023,
        "citations": 100
      },
      {
        "year": 2024,
        "citations": 311
      },
      {
        "year": 2025,
        "citations": 542
      }
    ]
  },
  "papers": [
    {
      "title": "Memoryvla: Perceptual-cognitive memory in vision-language-action models for robotic manipulation",
      "url": "https://scholar.google.com/citations?view_op=view_citation&hl=en&user=0EI9msQAAAAJ&citation_for_view=0EI9msQAAAAJ:zA6iFVUQeVQC",
      "authors": "H Shi, B Xie, Y Liu, L Sun, F Liu, T Wang, E Zhou, H Fan, X Zhang, ...",
      "venue": "arXiv preprint arXiv:2508.19236, 2025",
      "year": 2025,
      "citations": 13
    },
    {
      "title": "Towards anytime optical flow estimation with event cameras",
      "url": "https://scholar.google.com/citations?view_op=view_citation&hl=en&user=0EI9msQAAAAJ&citation_for_view=0EI9msQAAAAJ:LkGwnXOMwfcC",
      "authors": "Y Ye, H Shi, K Yang, Z Wang, X Yin, L Sun, Y Wang, K Wang",
      "venue": "Sensors 25 (10), 3158, 2025",
      "year": 2025,
      "citations": 13
    },
    {
      "title": "Behind every domain there is a shift: Adapting distortion-aware vision transformers for panoramic semantic segmentation",
      "url": "https://scholar.google.com/citations?view_op=view_citation&hl=en&user=0EI9msQAAAAJ&citation_for_view=0EI9msQAAAAJ:M3ejUd6NZC8C",
      "authors": "J Zhang, K Yang, H Shi, S Reiß, K Peng, C Ma, H Fu, PHS Torr, K Wang, ...",
      "venue": "IEEE Transactions on Pattern Analysis and Machine Intelligence 46 (12), 8549 …, 2024",
      "year": 2024,
      "citations": 62
    },
    {
      "title": "Cobev: Elevating roadside 3d object detection with depth and height complementarity",
      "url": "https://scholar.google.com/citations?view_op=view_citation&hl=en&user=0EI9msQAAAAJ&citation_for_view=0EI9msQAAAAJ:MXK_kJrjxJIC",
      "authors": "H Shi, C Pang, J Zhang, K Yang, Y Wu, H Ni, Y Lin, R Stiefelhagen, ...",
      "venue": "IEEE Transactions on Image Processing, 2024",
      "year": 2024,
      "citations": 35
    },
    {
      "title": "360bev: Panoramic semantic mapping for indoor bird's-eye view",
      "url": "https://scholar.google.com/citations?view_op=view_citation&hl=en&user=0EI9msQAAAAJ&citation_for_view=0EI9msQAAAAJ:_FxGoFyzp5QC",
      "authors": "Z Teng, J Zhang, K Yang, K Peng, H Shi, S Reiß, K Cao, R Stiefelhagen",
      "venue": "Proceedings of the IEEE/CVF Winter Conference on Applications of Computer …, 2024",
      "year": 2024,
      "citations": 23
    },
    {
      "title": "Minimalist and high-quality panoramic imaging with PSF-aware transformers",
      "url": "https://scholar.google.com/citations?view_op=view_citation&hl=en&user=0EI9msQAAAAJ&citation_for_view=0EI9msQAAAAJ:0EnyYjriUFMC",
      "authors": "Q Jiang, S Gao, Y Gao, K Yang, Z Yi, H Shi, L Sun, K Wang",
      "venue": "IEEE Transactions on Image Processing, 2024",
      "year": 2024,
      "citations": 19
    },
    {
      "title": "DTCLMapper: Dual temporal consistent learning for vectorized hd map construction",
      "url": "https://scholar.google.com/citations?view_op=view_citation&hl=en&user=0EI9msQAAAAJ&citation_for_view=0EI9msQAAAAJ:ZeXyd9-uunAC",
      "authors": "S Li, J Lin, H Shi, J Zhang, S Wang, Y Yao, Z Li, K Yang",
      "venue": "IEEE Transactions on Intelligent Transportation Systems, 2024",
      "year": 2024,
      "citations": 18
    },
    {
      "title": "Mambamos: Lidar-based 3d moving object segmentation with motion-aware state space model",
      "url": "https://scholar.google.com/citations?view_op=view_citation&hl=en&user=0EI9msQAAAAJ&citation_for_view=0EI9msQAAAAJ:KlAtU1dfN6UC",
      "authors": "K Zeng, H Shi, J Lin, S Li, J Cheng, K Wang, Z Li, K Yang",
      "venue": "Proceedings of the 32nd ACM International Conference on Multimedia, 1505-1513, 2024",
      "year": 2024,
      "citations": 15
    },
    {
      "title": "Delivering arbitrary-modal semantic segmentation",
      "url": "https://scholar.google.com/citations?view_op=view_citation&hl=en&user=0EI9msQAAAAJ&citation_for_view=0EI9msQAAAAJ:eQOLeE2rZwMC",
      "authors": "J Zhang, R Liu, H Shi, K Yang, S Reiß, K Peng, H Fu, K Wang, ...",
      "venue": "Proceedings of the IEEE/CVF Conference on Computer Vision and Pattern …, 2023",
      "year": 2023,
      "citations": 207
    },
    {
      "title": "PanoFlow: Learning 360 optical flow for surrounding temporal understanding",
      "url": "https://scholar.google.com/citations?view_op=view_citation&hl=en&user=0EI9msQAAAAJ&citation_for_view=0EI9msQAAAAJ:W7OEmFMy1HYC",
      "authors": "H Shi, Y Zhou, K Yang, X Yin, Z Wang, Y Ye, Z Yin, S Meng, P Li, K Wang",
      "venue": "IEEE Transactions on Intelligent Transportation Systems 24 (5), 5570-5585, 2023",
      "year": 2023,
      "citations": 39
    },
    {
      "title": "Bi-mapper: Holistic bev semantic mapping for autonomous driving",
      "url": "https://scholar.google.com/citations?view_op=view_citation&hl=en&user=0EI9msQAAAAJ&citation_for_view=0EI9msQAAAAJ:ufrVoPGSRksC",
      "authors": "S Li, K Yang, H Shi, J Zhang, J Lin, Z Teng, Z Li",
      "venue": "IEEE Robotics and Automation Letters 8 (11), 7034-7041, 2023",
      "year": 2023,
      "citations": 23
    },
    {
      "title": "Annular computational imaging: Capture clear panoramic images through simple lens",
      "url": "https://scholar.google.com/citations?view_op=view_citation&hl=en&user=0EI9msQAAAAJ&citation_for_view=0EI9msQAAAAJ:qjMakFHDy7sC",
      "authors": "Q Jiang, H Shi, L Sun, S Gao, K Yang, K Wang",
      "venue": "IEEE Transactions on Computational Imaging 8, 1250-1264, 2023",
      "year": 2023,
      "citations": 23
    },
    {
      "title": "LF-VISLAM: A SLAM framework for large field-of-view cameras with negative imaging plane on mobile agents",
      "url": "https://scholar.google.com/citations?view_op=view_citation&hl=en&user=0EI9msQAAAAJ&citation_for_view=0EI9msQAAAAJ:4TOpqqG69KYC",
      "authors": "Z Wang, K Yang, H Shi, P Li, F Gao, J Bai, K Wang",
      "venue": "IEEE Transactions on Automation Science and Engineering 21 (4), 6321-6335, 2023",
      "year": 2023,
      "citations": 19
    },
    {
      "title": "FishDreamer: Towards fisheye semantic completion via unified image outpainting and segmentation",
      "url": "https://scholar.google.com/citations?view_op=view_citation&hl=en&user=0EI9msQAAAAJ&citation_for_view=0EI9msQAAAAJ:WF5omc3nYNoC",
      "authors": "H Shi, Y Li, K Yang, J Zhang, K Peng, A Roitberg, Y Ye, H Ni, K Wang, ...",
      "venue": "arXiv preprint arXiv:2303.13842, 2023",
      "year": 2023,
      "citations": 18
    },
    {
      "title": "Open compound domain adaptation with object style compensation for semantic segmentation",
      "url": "https://scholar.google.com/citations?view_op=view_citation&hl=en&user=0EI9msQAAAAJ&citation_for_view=0EI9msQAAAAJ:JV2RwH3_ST0C",
      "authors": "T Feng, H Shi, X Liu, W Feng, L Wan, Y Zhou, D Lin",
      "venue": "Advances in Neural Information Processing Systems 36, 63136-63149, 2023",
      "year": 2023,
      "citations": 14
    },
    {
      "title": "Review on panoramic imaging and its applications in scene understanding",
      "url": "https://scholar.google.com/citations?view_op=view_citation&hl=en&user=0EI9msQAAAAJ&citation_for_view=0EI9msQAAAAJ:9yKSN-GCB0IC",
      "authors": "S Gao, K Yang, H Shi, K Wang, J Bai",
      "venue": "IEEE Transactions on Instrumentation and Measurement 71, 1-34, 2022",
      "year": 2022,
      "citations": 156
    },
    {
      "title": "Efficient human pose estimation via 3d event point cloud",
      "url": "https://scholar.google.com/citations?view_op=view_citation&hl=en&user=0EI9msQAAAAJ&citation_for_view=0EI9msQAAAAJ:u-x6o8ySG0sC",
      "authors": "J Chen, H Shi, Y Ye, K Yang, L Sun, K Wang",
      "venue": "2022 International Conference on 3D Vision (3DV), 1-10, 2022",
      "year": 2022,
      "citations": 42
    },
    {
      "title": "CSFlow: Learning optical flow via cross strip correlation for autonomous driving",
      "url": "https://scholar.google.com/citations?view_op=view_citation&hl=en&user=0EI9msQAAAAJ&citation_for_view=0EI9msQAAAAJ:d1gkVwhDpl0C",
      "authors": "H Shi, Y Zhou, K Yang, X Yin, K Wang",
      "venue": "2022 IEEE intelligent vehicles symposium (IV), 1851-1858, 2022",
      "year": 2022,
      "citations": 34
    },
    {
      "title": "Compact and lightweight panoramic annular lens for computer vision tasks",
      "url": "https://scholar.google.com/citations?view_op=view_citation&hl=en&user=0EI9msQAAAAJ&citation_for_view=0EI9msQAAAAJ:YsMSGLbcyi4C",
      "authors": "S Gao, L Sun, Q Jiang, H Shi, J Wang, K Wang, J Bai",
      "venue": "Optics express 30 (17), 29940-29956, 2022",
      "year": 2022,
      "citations": 27
    },
    {
      "title": "LF-VIO: A visual-inertial-odometry framework for large field-of-view cameras with negative plane",
      "url": "https://scholar.google.com/citations?view_op=view_citation&hl=en&user=0EI9msQAAAAJ&citation_for_view=0EI9msQAAAAJ:u5HHmVD_uO8C",
      "authors": "Z Wang, K Yang, H Shi, P Li, F Gao, K Wang",
      "venue": "2022 IEEE/RSJ International Conference on Intelligent Robots and Systems …, 2022",
      "year": 2022,
      "citations": 23
    }
  ],
  "co_authors": [
    {
      "name": "Kailun Yang",
      "scholar_id": "pKFqWhgAAAAJ",
      "url": "https://scholar.google.com/citations?user=pKFqWhgAAAAJ"
    },
    {
      "name": "Kaiwei Wang",
      "scholar_id": "B6xWNvgAAAAJ",
      "url": "https://scholar.google.com/citations?user=B6xWNvgAAAAJ"
    },
    {
      "name": "Jiaming Zhang",
      "scholar_id": "8diau40AAAAJ",
      "url": "https://scholar.google.com/citations?user=8diau40AAAAJ"
    },
    {
      "name": "Rainer Stiefelhagen",
      "scholar_id": "SFCOJxMAAAAJ",
      "url": "https://scholar.google.com/citations?user=SFCOJxMAAAAJ"
    },
    {
      "name": "Kunyu Peng",
      "scholar_id": "pA9c0YsAAAAJ",
      "url": "https://scholar.google.com/citations?user=pA9c0YsAAAAJ"
    },
    {
      "name": "Shaohua Gao",
      "scholar_id": "gO6PvQsAAAAJ",
      "url": "https://scholar.google.com/citations?user=gO6PvQsAAAAJ"
    },
    {
      "name": "Lei Sun",
      "scholar_id": "VLFyM50AAAAJ",
      "url": "https://scholar.google.com/citations?user=VLFyM50AAAAJ"
    },
    {
      "name": "Ze Wang",
      "scholar_id": "7iVQ_9sAAAAJ",
      "url": "https://scholar.google.com/citations?user=7iVQ_9sAAAAJ"
    },
    {
      "name": "Yaozu Ye",
      "scholar_id": "bVDtN9oAAAAJ",
      "url": "https://scholar.google.com/citations?user=bVDtN9oAAAAJ"
    },
    {
      "name": "Jian Bai",
      "scholar_id": "U8LLylMAAAAJ",
      "url": "https://scholar.google.com/citations?user=U8LLylMAAAAJ"
    },
    {
      "name": "Simon Reiß",
      "scholar_id": "pAiIxxkAAAAJ",
      "url": "https://scholar.google.com/citations?user=pAiIxxkAAAAJ"
    },
    {
      "name": "Yifan Zhou",
      "scholar_id": "KOpdhzcAAAAJ",
      "url": "https://scholar.google.com/citations?user=KOpdhzcAAAAJ"
    },
    {
      "name": "Ruiping LIU",
      "scholar_id": "tJYUHDgAAAAJ",
      "url": "https://scholar.google.com/citations?user=tJYUHDgAAAAJ"
    },
    {
      "name": "Fei Gao",
      "scholar_id": "4RObDv0AAAAJ",
      "url": "https://scholar.google.com/citations?user=4RObDv0AAAAJ"
    },
    {
      "name": "Philip Torr",
      "scholar_id": "kPxa2w0AAAAJ",
      "url": "https://scholar.google.com/citations?user=kPxa2w0AAAAJ"
    },
    {
      "name": "Guangming Wang",
      "scholar_id": "GGHfHSIAAAAJ",
      "url": "https://scholar.google.com/citations?user=GGHfHSIAAAAJ"
    },
    {
      "name": "Alina Roitberg",
      "scholar_id": "UuEFRDoAAAAJ",
      "url": "https://scholar.google.com/citations?user=UuEFRDoAAAAJ"
    }
  ]
}