{
  "author_info": {
    "name": "Razi Mahmood",
    "affiliation": "UC Berkeley",
    "email_verified": "Verified email at berkeley.edu - Homepage",
    "website": "https://razi-mahmood.github.io/",
    "interests": [
      "Deep Learning",
      "NLP",
      "Healthtech",
      "Medical Imaging",
      "Computer Vision"
    ],
    "photo_url": "https://scholar.googleusercontent.com/citations?view_op=medium_photo&user=-Ee8GDYAAAAJ&citpid=1"
  },
  "citation_stats": {
    "citations_all": 24,
    "citations_since_2020": 22,
    "h_index_all": 2,
    "h_index_since_2020": 2,
    "i10_index_all": 1,
    "i10_index_since_2020": 1,
    "citation_graph": [
      {
        "year": 2018,
        "citations": 2
      },
      {
        "year": 2019,
        "citations": 2
      },
      {
        "year": 2020,
        "citations": 1
      },
      {
        "year": 2021,
        "citations": 7
      },
      {
        "year": 2022,
        "citations": 12
      }
    ]
  },
  "papers": [
    {
      "title": "Evaluating Automated Radiology Report Quality Through Fine-Grained Phrasal Grounding of Clinical Findings",
      "url": "https://scholar.google.com/citations?view_op=view_citation&hl=en&user=-Ee8GDYAAAAJ&citation_for_view=-Ee8GDYAAAAJ:9yKSN-GCB0IC",
      "authors": "R Mahmood, P Yan, DM Reyes, G Wang, MK Kalra, P Kaviani, JT Wu, ...",
      "venue": "2025 IEEE 22nd International Symposium on Biomedical Imaging (ISBI), 1-5, 2025",
      "year": 2025,
      "citations": 2
    },
    {
      "title": "Phrase-grounded Fact-checking for Automatically Generated Chest X-ray Reports",
      "url": "https://scholar.google.com/citations?view_op=view_citation&hl=en&user=-Ee8GDYAAAAJ&citation_for_view=-Ee8GDYAAAAJ:qjMakFHDy7sC",
      "authors": "R Mahmood, D Machado-Reyes, J Wu, P Kaviani, KCL Wong, N D’Souza, ...",
      "venue": "International Conference on Medical Image Computing and Computer-Assisted …, 2025",
      "year": 2025,
      "citations": 0
    },
    {
      "title": "Anatomically-Grounded Fact Checking of Automated Chest X-ray Reports",
      "url": "https://scholar.google.com/citations?view_op=view_citation&hl=en&user=-Ee8GDYAAAAJ&citation_for_view=-Ee8GDYAAAAJ:2osOgNQ5qMEC",
      "authors": "R Mahmood, KCL Wong, DM Reyes, N D'Souza, L Shi, J Wu, P Kaviani, ...",
      "venue": "arXiv preprint arXiv:2412.02177, 2024",
      "year": 2024,
      "citations": 0
    },
    {
      "title": "Fact-checking of ai-generated reports",
      "url": "https://scholar.google.com/citations?view_op=view_citation&hl=en&user=-Ee8GDYAAAAJ&citation_for_view=-Ee8GDYAAAAJ:d1gkVwhDpl0C",
      "authors": "R Mahmood, G Wang, M Kalra, P Yan",
      "venue": "International Workshop on Machine Learning in Medical Imaging, 214-223, 2023",
      "year": 2023,
      "citations": 18
    },
    {
      "title": "Spatially-Preserving Flattening for Location-Aware Classification of Findings in Chest X-Rays",
      "url": "https://scholar.google.com/citations?view_op=view_citation&hl=en&user=-Ee8GDYAAAAJ&citation_for_view=-Ee8GDYAAAAJ:u5HHmVD_uO8C",
      "authors": "N Srivathsa, R Mahmood, T Syeda-Mahmood",
      "venue": "2022 IEEE 19th International Symposium on Biomedical Imaging (ISBI), 1-5, 2022",
      "year": 2022,
      "citations": 0
    },
    {
      "title": "Automatic detection of left ventricular aneurysms in echocardiograms",
      "url": "https://scholar.google.com/citations?view_op=view_citation&hl=en&user=-Ee8GDYAAAAJ&citation_for_view=-Ee8GDYAAAAJ:u-x6o8ySG0sC",
      "authors": "R Mahmood, T Syeda-Mahmood",
      "venue": "2015 IEEE 12th International Symposium on Biomedical Imaging (ISBI), 1308-1311, 2015",
      "year": 2015,
      "citations": 4
    }
  ],
  "co_authors": []
}