{
  "author_info": {
    "name": "Handong Li",
    "affiliation": "Institute of Automation, Chinese Academy of Sciences",
    "email_verified": "Verified email at ia.ac.cn - Homepage",
    "website": "https://openreview.net/profile?id=~Handong_Li1",
    "interests": [
      "cross-modality pretraining"
    ],
    "photo_url": "https://scholar.googleusercontent.com/citations?view_op=view_photo&user=-LnWwgIAAAAJ&citpid=1"
  },
  "citation_stats": {
    "citations_all": 325,
    "citations_since_2020": 325,
    "h_index_all": 4,
    "h_index_since_2020": 4,
    "i10_index_all": 3,
    "i10_index_since_2020": 3,
    "citation_graph": [
      {
        "year": 2023,
        "citations": 18
      },
      {
        "year": 2024,
        "citations": 102
      },
      {
        "year": 2025,
        "citations": 205
      }
    ]
  },
  "papers": [
    {
      "title": "Scaling Omni-modal Pretraining with Multimodal Context: Advancing Universal Representation Learning Across Modalities",
      "url": "https://scholar.google.com/citations?view_op=view_citation&hl=en&user=-LnWwgIAAAAJ&citation_for_view=-LnWwgIAAAAJ:IjCSPb-OGe4C",
      "authors": "Y Zhang, H Li, J Liu, X Yue",
      "venue": "Proceedings of the IEEE/CVF International Conference on Computer Vision …, 2025",
      "year": 2025,
      "citations": 4
    },
    {
      "title": "Breaking the Encoder Barrier for Seamless Video-Language Understanding",
      "url": "https://scholar.google.com/citations?view_op=view_citation&hl=en&user=-LnWwgIAAAAJ&citation_for_view=-LnWwgIAAAAJ:qjMakFHDy7sC",
      "authors": "H Li, Y Zhang, L Guo, X Yue, J Liu",
      "venue": "Proceedings of the IEEE/CVF International Conference on Computer Vision …, 2025",
      "year": 2025,
      "citations": 1
    },
    {
      "title": "Learning Beyond Still Frames: Scaling Vision-Language Models with Video",
      "url": "https://scholar.google.com/citations?view_op=view_citation&hl=en&user=-LnWwgIAAAAJ&citation_for_view=-LnWwgIAAAAJ:UeHWp8X0CEIC",
      "authors": "Y Zhang, H Li, J Liu, X Yue",
      "venue": "Proceedings of the IEEE/CVF International Conference on Computer Vision …, 2025",
      "year": 2025,
      "citations": 0
    },
    {
      "title": "GeneCompass: deciphering universal gene regulatory mechanisms with a knowledge-informed cross-species foundation model",
      "url": "https://scholar.google.com/citations?view_op=view_citation&hl=en&user=-LnWwgIAAAAJ&citation_for_view=-LnWwgIAAAAJ:9yKSN-GCB0IC",
      "authors": "X Yang, G Liu, G Feng, D Bu, P Wang, J Jiang, S Chen, Q Yang, H Miao, ...",
      "venue": "Cell Research 34 (12), 830-845, 2024",
      "year": 2024,
      "citations": 95
    },
    {
      "title": "Vast: A vision-audio-subtitle-text omni-modality foundation model and dataset",
      "url": "https://scholar.google.com/citations?view_op=view_citation&hl=en&user=-LnWwgIAAAAJ&citation_for_view=-LnWwgIAAAAJ:u-x6o8ySG0sC",
      "authors": "S Chen, H Li, Q Wang, Z Zhao, M Sun, X Zhu, J Liu",
      "venue": "Advances in Neural Information Processing Systems 36, 72842-72866, 2023",
      "year": 2023,
      "citations": 206
    },
    {
      "title": "Cosa: Concatenated sample pretrained vision-language foundation model",
      "url": "https://scholar.google.com/citations?view_op=view_citation&hl=en&user=-LnWwgIAAAAJ&citation_for_view=-LnWwgIAAAAJ:d1gkVwhDpl0C",
      "authors": "S Chen, X He, H Li, X Jin, J Feng, J Liu",
      "venue": "arXiv preprint arXiv:2306.09085, 2023",
      "year": 2023,
      "citations": 16
    },
    {
      "title": "Enhancing Vision-Language Pre-Training with Jointly Learned Questioner and Dense Captioner",
      "url": "https://scholar.google.com/citations?view_op=view_citation&hl=en&user=-LnWwgIAAAAJ&citation_for_view=-LnWwgIAAAAJ:u5HHmVD_uO8C",
      "authors": "Z Liu, S Chen, L Guo, H Li, X He, J Liu",
      "venue": "Proceedings of the 31st ACM International Conference on Multimedia, 5120-5131, 2023",
      "year": 2023,
      "citations": 3
    }
  ],
  "co_authors": [
    {
      "name": "Jing Liu 刘静",
      "scholar_id": "sOI-S7oAAAAJ",
      "url": "https://scholar.google.com/citations?user=sOI-S7oAAAAJ"
    },
    {
      "name": "Sihan Chen",
      "scholar_id": "4pHKj8kAAAAJ",
      "url": "https://scholar.google.com/citations?user=4pHKj8kAAAAJ"
    },
    {
      "name": "mingzhen sun",
      "scholar_id": "nZiDfO8AAAAJ",
      "url": "https://scholar.google.com/citations?user=nZiDfO8AAAAJ"
    },
    {
      "name": "Xinxin Zhu 朱欣鑫",
      "scholar_id": "MGL0W4gAAAAJ",
      "url": "https://scholar.google.com/citations?user=MGL0W4gAAAAJ"
    },
    {
      "name": "Zijia Zhao",
      "scholar_id": "g_9KoD8AAAAJ",
      "url": "https://scholar.google.com/citations?user=g_9KoD8AAAAJ"
    },
    {
      "name": "Xingjian He",
      "scholar_id": "XWunp9YAAAAJ",
      "url": "https://scholar.google.com/citations?user=XWunp9YAAAAJ"
    },
    {
      "name": "Xiangyu Yue",
      "scholar_id": "-xQ-C1sAAAAJ",
      "url": "https://scholar.google.com/citations?user=-xQ-C1sAAAAJ"
    },
    {
      "name": "Yiyuan Zhang",
      "scholar_id": "KuYlJCIAAAAJ",
      "url": "https://scholar.google.com/citations?user=KuYlJCIAAAAJ"
    },
    {
      "name": "Longteng Guo 郭龙腾",
      "scholar_id": "OaGRHWYAAAAJ",
      "url": "https://scholar.google.com/citations?user=OaGRHWYAAAAJ"
    },
    {
      "name": "Zikang Liu",
      "scholar_id": "pwlBJKAAAAAJ",
      "url": "https://scholar.google.com/citations?user=pwlBJKAAAAAJ"
    }
  ]
}