{
  "author_info": {
    "name": "Vincent J. Kalkman",
    "affiliation": "Naturalis Biodiversity Center",
    "email_verified": "Verified email at naturalis.nl - Homepage",
    "website": "https://www.naturalis.nl/vincent-kalkman",
    "interests": [
      "Insects",
      "Biodiversity",
      "Invertebrates",
      "Odonata",
      "Conservation"
    ],
    "photo_url": "https://scholar.googleusercontent.com/citations?view_op=view_photo&user=-aWRk3IAAAAJ&citpid=4"
  },
  "citation_stats": {
    "citations_all": 7285,
    "citations_since_2020": 3408,
    "h_index_all": 37,
    "h_index_since_2020": 27,
    "i10_index_all": 85,
    "i10_index_since_2020": 46,
    "citation_graph": [
      {
        "year": 2004,
        "citations": 30
      },
      {
        "year": 2005,
        "citations": 26
      },
      {
        "year": 2006,
        "citations": 40
      },
      {
        "year": 2007,
        "citations": 51
      },
      {
        "year": 2008,
        "citations": 63
      },
      {
        "year": 2009,
        "citations": 145
      },
      {
        "year": 2010,
        "citations": 231
      },
      {
        "year": 2011,
        "citations": 199
      },
      {
        "year": 2012,
        "citations": 254
      },
      {
        "year": 2013,
        "citations": 285
      },
      {
        "year": 2014,
        "citations": 330
      },
      {
        "year": 2015,
        "citations": 373
      },
      {
        "year": 2016,
        "citations": 384
      },
      {
        "year": 2017,
        "citations": 446
      },
      {
        "year": 2018,
        "citations": 438
      },
      {
        "year": 2019,
        "citations": 400
      },
      {
        "year": 2020,
        "citations": 491
      },
      {
        "year": 2021,
        "citations": 573
      },
      {
        "year": 2022,
        "citations": 478
      },
      {
        "year": 2023,
        "citations": 490
      },
      {
        "year": 2024,
        "citations": 601
      },
      {
        "year": 2025,
        "citations": 759
      }
    ]
  },
  "papers": [
    {
      "title": "One-quarter of freshwater fauna threatened with extinction",
      "url": "https://scholar.google.com/citations?view_op=view_citation&hl=en&user=-aWRk3IAAAAJ&citation_for_view=-aWRk3IAAAAJ:-6RzNnnwWf8C",
      "authors": "CA Sayer, E Fernando, RR Jimenez, NBW Macfarlane, G Rapacciuolo, ...",
      "venue": "Nature 638 (8049), 138-145, 2025",
      "year": 2025,
      "citations": 202
    },
    {
      "title": "Phylogeny and classification of Odonata using targeted genomics",
      "url": "https://scholar.google.com/citations?view_op=view_citation&hl=en&user=-aWRk3IAAAAJ&citation_for_view=-aWRk3IAAAAJ:ubry08Y2EpUC",
      "authors": "SM Bybee, VJ Kalkman, RJ Erickson, PB Frandsen, JW Breinholt, ...",
      "venue": "Molecular phylogenetics and evolution 160, 107115, 2021",
      "year": 2021,
      "citations": 111
    },
    {
      "title": "Checklist of the dragonflies and damselflies (Insecta: Odonata) of Bangladesh, Bhutan, India, Nepal, Pakistan and Sri Lanka",
      "url": "https://scholar.google.com/citations?view_op=view_citation&hl=en&user=-aWRk3IAAAAJ&citation_for_view=-aWRk3IAAAAJ:vDZJ-YLwNdEC",
      "authors": "VJ Kalkman, R Babu, M Bedjanič, K Conniff, T Gyeltshen, MK Khan, ...",
      "venue": "Zootaxa 4849 (1), 1-84, 2020",
      "year": 2020,
      "citations": 161
    },
    {
      "title": "Distribution trends of European dragonflies under climate change",
      "url": "https://scholar.google.com/citations?view_op=view_citation&hl=en&user=-aWRk3IAAAAJ&citation_for_view=-aWRk3IAAAAJ:nZcligLrVowC",
      "authors": "T Termaat, AJ van Strien, RHA van Grunsven, G De Knijf, U Bjelke, ...",
      "venue": "Diversity and Distributions 25 (6), 936-950, 2019",
      "year": 2019,
      "citations": 141
    },
    {
      "title": "Diversity and conservation of European dragonflies and damselflies (Odonata)",
      "url": "https://scholar.google.com/citations?view_op=view_citation&hl=en&user=-aWRk3IAAAAJ&citation_for_view=-aWRk3IAAAAJ:QYdC8u9Cj1oC",
      "authors": "VJ Kalkman, JP Boudot, R Bernard, G De Knijf, F Suhling, T Termaat",
      "venue": "Hydrobiologia 811 (1), 269-282, 2018",
      "year": 2018,
      "citations": 101
    },
    {
      "title": "Atlas of the European dragonflies and damselflies",
      "url": "https://scholar.google.com/citations?view_op=view_citation&hl=en&user=-aWRk3IAAAAJ&citation_for_view=-aWRk3IAAAAJ:vbGhcppDl1QC",
      "authors": "JP Boudot, VJ Kalkman",
      "venue": "KNNV-Publishing, the Netherlands, 2015",
      "year": 2015,
      "citations": 355
    },
    {
      "title": "Order Odonata.",
      "url": "https://scholar.google.com/citations?view_op=view_citation&hl=en&user=-aWRk3IAAAAJ&citation_for_view=-aWRk3IAAAAJ:AvfA0Oy_GE0C",
      "authors": "TJ Suhling F, Sahlén G, Gorb S, Kalkman VJ, Dijkstra K-DB",
      "venue": "Thorp J, Rogers DC (eds.): Ecology and general biology: Thorp and Covich's …, 2015",
      "year": 2015,
      "citations": 150
    },
    {
      "title": "Redefining the damselfly families: a comprehensive molecular phylogeny of Z ygoptera (O donata)",
      "url": "https://scholar.google.com/citations?view_op=view_citation&hl=en&user=-aWRk3IAAAAJ&citation_for_view=-aWRk3IAAAAJ:HDshCWvjkbEC",
      "authors": "KDB DIJKSTRA, VJ Kalkman, RA Dow, FR Stokvis, JAN Van Tol",
      "venue": "Systematic entomology 39 (1), 68-96, 2014",
      "year": 2014,
      "citations": 379
    },
    {
      "title": "The classification and diversity of dragonflies and damselflies (Odonata)",
      "url": "https://scholar.google.com/citations?view_op=view_citation&hl=en&user=-aWRk3IAAAAJ&citation_for_view=-aWRk3IAAAAJ:M3ejUd6NZC8C",
      "authors": "KDB Dijkstra, G Bechly, SM Bybee, RA Dow, HJ Dumont, G Fleck, ...",
      "venue": "Zootaxa 3703 (1), 36-45, 2013",
      "year": 2013,
      "citations": 252
    },
    {
      "title": "Spineless: status and trends of the world's invertebrates",
      "url": "https://scholar.google.com/citations?view_op=view_citation&hl=en&user=-aWRk3IAAAAJ&citation_for_view=-aWRk3IAAAAJ:cFHS6HbyZ2cC",
      "authors": "B Collen, M Böhm, R Kemp, JEM Baillie",
      "venue": "Zoological Society of London, 2012",
      "year": 2012,
      "citations": 188
    },
    {
      "title": "Phylogeny, classification and taxonomy of European dragonflies and damselflies (Odonata): a review",
      "url": "https://scholar.google.com/citations?view_op=view_citation&hl=en&user=-aWRk3IAAAAJ&citation_for_view=-aWRk3IAAAAJ:8k81kl-MbHgC",
      "authors": "KDB Dijkstra, VJ Kalkman",
      "venue": "Organisms Diversity & Evolution 12 (3), 209-227, 2012",
      "year": 2012,
      "citations": 105
    },
    {
      "title": "European red list of dragonflies",
      "url": "https://scholar.google.com/citations?view_op=view_citation&hl=en&user=-aWRk3IAAAAJ&citation_for_view=-aWRk3IAAAAJ:2osOgNQ5qMEC",
      "authors": "ERGS Kalkman, V.J., J.-P. Boudot, R. Bernard, K.-J. Conze, G. De Knijf, E ...",
      "venue": "Publications Office of the European Union, 2010",
      "year": 2010,
      "citations": 444
    },
    {
      "title": "Odonata enter the biodiversity crisis debate: the first global assessment of an insect group",
      "url": "https://scholar.google.com/citations?view_op=view_citation&hl=en&user=-aWRk3IAAAAJ&citation_for_view=-aWRk3IAAAAJ:u-x6o8ySG0sC",
      "authors": "V Clausnitzer, VJ Kalkman, M Ram, B Collen, JEM Baillie, M Bedjanič, ...",
      "venue": "Biological conservation 142 (8), 1864-1869, 2009",
      "year": 2009,
      "citations": 506
    },
    {
      "title": "Atlas of the Odonata of the Mediterranean and North Africa",
      "url": "https://scholar.google.com/citations?view_op=view_citation&hl=en&user=-aWRk3IAAAAJ&citation_for_view=-aWRk3IAAAAJ:u_35RYKgDlwC",
      "authors": "JP Boudot, VJ Kalkman, M Amorin, Azpilicueta, T Bogdanović, ...",
      "venue": "Gesellschaft deutschsprachiger Odonatologen, 2009",
      "year": 2009,
      "citations": 373
    },
    {
      "title": "Freshwater biodiversity: a hidden resource under threat",
      "url": "https://scholar.google.com/citations?view_op=view_citation&hl=en&user=-aWRk3IAAAAJ&citation_for_view=-aWRk3IAAAAJ:9yKSN-GCB0IC",
      "authors": "W Darwall, K Smith, D Allen, M Seddon, GMG Reid, V Clausnitzer, ...",
      "venue": "Wildlife in a changing world–An Analysis of the 2008 IUCN Red List of …, 2009",
      "year": 2009,
      "citations": 183
    },
    {
      "title": "The status and distribution of dragonflies of the Mediterranean Basin",
      "url": "https://scholar.google.com/citations?view_op=view_citation&hl=en&user=-aWRk3IAAAAJ&citation_for_view=-aWRk3IAAAAJ:a0OBvERweLwC",
      "authors": "E Riservato, JP Boudot, S Ferreira, M Jović, VJ Kalkman, W Schneider, ...",
      "venue": "IUCN, 2009",
      "year": 2009,
      "citations": 153
    },
    {
      "title": "Global diversity of dragonflies (Odonata) in freshwater",
      "url": "https://scholar.google.com/citations?view_op=view_citation&hl=en&user=-aWRk3IAAAAJ&citation_for_view=-aWRk3IAAAAJ:u5HHmVD_uO8C",
      "authors": "VJ Kalkman, V Clausnitzer, KDB Dijkstra, AG Orr, DR Paulson, J Van Tol",
      "venue": "Hydrobiologia 595 (1), 351-363, 2008",
      "year": 2008,
      "citations": 637
    },
    {
      "title": "Changing temperature regimes have advanced the phenology of Odonata in the Netherlands",
      "url": "https://scholar.google.com/citations?view_op=view_citation&hl=en&user=-aWRk3IAAAAJ&citation_for_view=-aWRk3IAAAAJ:d1gkVwhDpl0C",
      "authors": "NJ Dingemanse, VJ Kalkman",
      "venue": "Ecological Entomology 33 (3), 394-402, 2008",
      "year": 2008,
      "citations": 143
    },
    {
      "title": "Key to the dragonflies of Turkey including species known from Greece, Bulgaria, Lebanon, Syria, the Trans-Caucasus and Iran",
      "url": "https://scholar.google.com/citations?view_op=view_citation&hl=en&user=-aWRk3IAAAAJ&citation_for_view=-aWRk3IAAAAJ:qjMakFHDy7sC",
      "authors": "VJ Kalkman",
      "venue": "Brachytron 10 (1), 3-82, 2006",
      "year": 2006,
      "citations": 99
    },
    {
      "title": "De Nederlandse Libellen (Odonata).–Nederlandse Fauna 4",
      "url": "https://scholar.google.com/citations?view_op=view_citation&hl=en&user=-aWRk3IAAAAJ&citation_for_view=-aWRk3IAAAAJ:3s1wT3WcHBgC",
      "authors": "NVV LIBELLENSTUDIE",
      "venue": "Nationaal Natuurhistorisch Museum Naturalis, KNNV Uitgeverij & European …, 2002",
      "year": 2002,
      "citations": 363
    }
  ],
  "co_authors": []
}