{
  "author_info": {
    "name": "Yilong Ren",
    "affiliation": "Associate Professor, School of Transportation Science and Engineering, Beihang University",
    "email_verified": "Verified email at buaa.edu.cn - Homepage",
    "website": "http://shi.buaa.edu.cn/renyilong/zh_CN/index.htm",
    "interests": [
      "Cooperative vehicle infrastructure system",
      "Traffic big data",
      "Traffic signal control"
    ],
    "photo_url": "/citations/images/avatar_scholar_128.png"
  },
  "citation_stats": {
    "citations_all": 1762,
    "citations_since_2020": 1688,
    "h_index_all": 22,
    "h_index_since_2020": 22,
    "i10_index_all": 40,
    "i10_index_since_2020": 40,
    "citation_graph": [
      {
        "year": 2017,
        "citations": 5
      },
      {
        "year": 2018,
        "citations": 22
      },
      {
        "year": 2019,
        "citations": 40
      },
      {
        "year": 2020,
        "citations": 59
      },
      {
        "year": 2021,
        "citations": 47
      },
      {
        "year": 2022,
        "citations": 109
      },
      {
        "year": 2023,
        "citations": 254
      },
      {
        "year": 2024,
        "citations": 400
      },
      {
        "year": 2025,
        "citations": 798
      }
    ]
  },
  "papers": [
    {
      "title": "TPLLM: A traffic prediction framework based on pretrained large language models",
      "url": "https://scholar.google.com/citations?view_op=view_citation&hl=en&user=-ipc0scAAAAJ&citation_for_view=-ipc0scAAAAJ:NaGl4SEjCO4C",
      "authors": "Y Ren, Y Chen, S Liu, B Wang, H Yu, Z Cui",
      "venue": "arXiv preprint arXiv:2403.02221, 2024",
      "year": 2024,
      "citations": 77
    },
    {
      "title": "Traj-llm: A new exploration for empowering trajectory prediction with pre-trained large language models",
      "url": "https://scholar.google.com/citations?view_op=view_citation&hl=en&user=-ipc0scAAAAJ&citation_for_view=-ipc0scAAAAJ:lSLTfruPkqcC",
      "authors": "Z Lan, L Liu, B Fan, Y Lv, Y Ren, Z Cui",
      "venue": "IEEE Transactions on Intelligent Vehicles, 2024",
      "year": 2024,
      "citations": 62
    },
    {
      "title": "Occsora: 4d occupancy generation models as world simulators for autonomous driving",
      "url": "https://scholar.google.com/citations?view_op=view_citation&hl=en&user=-ipc0scAAAAJ&citation_for_view=-ipc0scAAAAJ:70eg2SAEIzsC",
      "authors": "L Wang, W Zheng, Y Ren, H Jiang, Z Cui, H Yu, J Lu",
      "venue": "arXiv preprint arXiv:2405.20337, 2024",
      "year": 2024,
      "citations": 60
    },
    {
      "title": "CALRA: practical conditional anonymous and leakage-resilient authentication scheme for vehicular crowdsensing communication",
      "url": "https://scholar.google.com/citations?view_op=view_citation&hl=en&user=-ipc0scAAAAJ&citation_for_view=-ipc0scAAAAJ:a0OBvERweLwC",
      "authors": "J Xiao, Y Ren, J Du, Y Zhao, S Kumari, MJF Alenazi, H Yu",
      "venue": "IEEE Transactions on Intelligent Transportation Systems, 2024",
      "year": 2024,
      "citations": 54
    },
    {
      "title": "EMSIN: Enhanced Multistream Interaction Network for Vehicle Trajectory Prediction",
      "url": "https://scholar.google.com/citations?view_op=view_citation&hl=en&user=-ipc0scAAAAJ&citation_for_view=-ipc0scAAAAJ:RGFaLdJalmkC",
      "authors": "Y Ren, Z Lan, L Liu, H Yu",
      "venue": "IEEE Transactions on Fuzzy Systems 33 (1), 54-68, 2024",
      "year": 2024,
      "citations": 48
    },
    {
      "title": "Koma: Knowledge-driven multi-agent framework for autonomous driving with large language models",
      "url": "https://scholar.google.com/citations?view_op=view_citation&hl=en&user=-ipc0scAAAAJ&citation_for_view=-ipc0scAAAAJ:ZHo1McVdvXMC",
      "authors": "K Jiang, X Cai, Z Cui, A Li, Y Ren, H Yu, H Yang, D Fu, L Wen, P Cai",
      "venue": "IEEE Transactions on Intelligent Vehicles, 2024",
      "year": 2024,
      "citations": 35
    },
    {
      "title": "Accidentgpt: Accident analysis and prevention from v2x environmental perception with multi-modal large model",
      "url": "https://scholar.google.com/citations?view_op=view_citation&hl=en&user=-ipc0scAAAAJ&citation_for_view=-ipc0scAAAAJ:BqipwSGYUEgC",
      "authors": "L Wang, Y Ren, H Jiang, P Cai, D Fu, T Wang, Z Cui, H Yu, X Wang, ...",
      "venue": "arXiv preprint arXiv:2312.13156, 2023",
      "year": 2023,
      "citations": 41
    },
    {
      "title": "SHIP: A state-aware hybrid incentive program for urban crowd sensing with for-hire vehicles",
      "url": "https://scholar.google.com/citations?view_op=view_citation&hl=en&user=-ipc0scAAAAJ&citation_for_view=-ipc0scAAAAJ:maZDTaKrznsC",
      "authors": "H Jiang, Y Ren, J Fang, Y Yang, L Xu, H Yu",
      "venue": "IEEE Transactions on Intelligent Transportation Systems 25 (3), 3041-3053, 2023",
      "year": 2023,
      "citations": 32
    },
    {
      "title": "TBSM: A traffic burst-sensitive model for short-term prediction under special events",
      "url": "https://scholar.google.com/citations?view_op=view_citation&hl=en&user=-ipc0scAAAAJ&citation_for_view=-ipc0scAAAAJ:dhFuZR0502QC",
      "authors": "Y Ren, H Jiang, N Ji, H Yu",
      "venue": "Knowledge-Based Systems 240, 108120, 2022",
      "year": 2022,
      "citations": 89
    },
    {
      "title": "Connected and automated vehicle platoon maintenance under communication failures",
      "url": "https://scholar.google.com/citations?view_op=view_citation&hl=en&user=-ipc0scAAAAJ&citation_for_view=-ipc0scAAAAJ:5nxA0vEk-isC",
      "authors": "R Liu, Y Ren, H Yu, Z Li, H Jiang",
      "venue": "Vehicular Communications 35, 100467, 2022",
      "year": 2022,
      "citations": 71
    },
    {
      "title": "ACP-based modeling of the parallel vehicular crowd sensing system: Framework, components and an application example",
      "url": "https://scholar.google.com/citations?view_op=view_citation&hl=en&user=-ipc0scAAAAJ&citation_for_view=-ipc0scAAAAJ:_Qo2XoVZTnwC",
      "authors": "Y Ren, H Jiang, X Feng, Y Zhao, R Liu, H Yu",
      "venue": "IEEE Transactions on Intelligent Vehicles 8 (2), 1536-1548, 2022",
      "year": 2022,
      "citations": 60
    },
    {
      "title": "Identity-based broadcast signcryption scheme for vehicular platoon communication",
      "url": "https://scholar.google.com/citations?view_op=view_citation&hl=en&user=-ipc0scAAAAJ&citation_for_view=-ipc0scAAAAJ:-f6ydRqryjwC",
      "authors": "Y Zhao, Y Wang, Y Liang, H Yu, Y Ren",
      "venue": "IEEE Transactions on Industrial Informatics 19 (6), 7814-7824, 2022",
      "year": 2022,
      "citations": 51
    },
    {
      "title": "An RSU Deployment Strategy Based on Traffic Demand in Vehicular Ad Hoc Networks (VANETs)",
      "url": "https://scholar.google.com/citations?view_op=view_citation&hl=en&user=-ipc0scAAAAJ&citation_for_view=-ipc0scAAAAJ:2osOgNQ5qMEC",
      "authors": "H Yu, R Liu, Z Li, Y Ren, H Jiang",
      "venue": "IEEE Internet of Things Journal 9 (9), 6496-6505, 2021",
      "year": 2021,
      "citations": 97
    },
    {
      "title": "RFAP: A revocable fine-grained access control mechanism for autonomous vehicle platoon",
      "url": "https://scholar.google.com/citations?view_op=view_citation&hl=en&user=-ipc0scAAAAJ&citation_for_view=-ipc0scAAAAJ:zYLM7Y9cAGgC",
      "authors": "Y Zhao, Y Wang, X Cheng, H Chen, H Yu, Y Ren",
      "venue": "IEEE Transactions on Intelligent Transportation Systems 23 (7), 9668-9679, 2021",
      "year": 2021,
      "citations": 31
    },
    {
      "title": "Research on factors that influence the fast charging behavior of private battery electric vehicles",
      "url": "https://scholar.google.com/citations?view_op=view_citation&hl=en&user=-ipc0scAAAAJ&citation_for_view=-ipc0scAAAAJ:M3ejUd6NZC8C",
      "authors": "Y Yang, Z Tan, Y Ren",
      "venue": "Sustainability 12 (8), 3439, 2020",
      "year": 2020,
      "citations": 67
    },
    {
      "title": "A special event-based K-nearest neighbor model for short-term traffic state prediction",
      "url": "https://scholar.google.com/citations?view_op=view_citation&hl=en&user=-ipc0scAAAAJ&citation_for_view=-ipc0scAAAAJ:0EnyYjriUFMC",
      "authors": "H Yu, N Ji, Y Ren, C Yang",
      "venue": "Ieee Access 7, 81717-81729, 2019",
      "year": 2019,
      "citations": 54
    },
    {
      "title": "Short-term traffic state prediction based on the spatiotemporal features of critical road sections",
      "url": "https://scholar.google.com/citations?view_op=view_citation&hl=en&user=-ipc0scAAAAJ&citation_for_view=-ipc0scAAAAJ:_kc_bZDykSQC",
      "authors": "G Yang, Y Wang, H Yu, Y Ren, J Xie",
      "venue": "Sensors 18 (7), 2287, 2018",
      "year": 2018,
      "citations": 85
    },
    {
      "title": "Estimation of red-light running frequency using high-resolution traffic and signal data",
      "url": "https://scholar.google.com/citations?view_op=view_citation&hl=en&user=-ipc0scAAAAJ&citation_for_view=-ipc0scAAAAJ:UeHWp8X0CEIC",
      "authors": "P Chen, G Yu, X Wu, Y Ren, Y Li",
      "venue": "Accident Analysis & Prevention 102, 235-247, 2017",
      "year": 2017,
      "citations": 58
    },
    {
      "title": "An adaptive signal control scheme to prevent intersection traffic blockage",
      "url": "https://scholar.google.com/citations?view_op=view_citation&hl=en&user=-ipc0scAAAAJ&citation_for_view=-ipc0scAAAAJ:u-x6o8ySG0sC",
      "authors": "Y Ren, Y Wang, G Yu, H Liu, L Xiao",
      "venue": "IEEE Transactions on Intelligent Transportation Systems 18 (6), 1519-1528, 2016",
      "year": 2016,
      "citations": 94
    },
    {
      "title": "Influential factors of red-light running at signalized intersection and prediction using a rare events logistic regression model",
      "url": "https://scholar.google.com/citations?view_op=view_citation&hl=en&user=-ipc0scAAAAJ&citation_for_view=-ipc0scAAAAJ:Zph67rFs4hoC",
      "authors": "Y Ren, Y Wang, X Wu, G Yu, C Ding",
      "venue": "Accident Analysis & Prevention 95, 266-273, 2016",
      "year": 2016,
      "citations": 54
    }
  ],
  "co_authors": [
    {
      "name": "Zhiyong Cui",
      "scholar_id": "kKHcRDkAAAAJ",
      "url": "https://scholar.google.com/citations?user=kKHcRDkAAAAJ"
    },
    {
      "name": "Yinhai Wang",
      "scholar_id": "XBg0AAkAAAAJ",
      "url": "https://scholar.google.com/citations?user=XBg0AAkAAAAJ"
    },
    {
      "name": "Henry Liu",
      "scholar_id": "HmnVtlQAAAAJ",
      "url": "https://scholar.google.com/citations?user=HmnVtlQAAAAJ"
    },
    {
      "name": "Chuan Ding",
      "scholar_id": "R7_sBVoAAAAJ",
      "url": "https://scholar.google.com/citations?user=R7_sBVoAAAAJ"
    },
    {
      "name": "Peng CHEN",
      "scholar_id": "GC2SEBsAAAAJ",
      "url": "https://scholar.google.com/citations?user=GC2SEBsAAAAJ"
    },
    {
      "name": "Xiaolei Ma",
      "scholar_id": "GAQKxKAAAAAJ",
      "url": "https://scholar.google.com/citations?user=GAQKxKAAAAAJ"
    }
  ]
}