{
  "author_info": {
    "name": "fabio merizzi",
    "affiliation": "PhD student at Bologna University",
    "email_verified": "Verified email at unibo.it - Homepage",
    "website": "https://www.unibo.it/sitoweb/fabio.merizzi",
    "interests": [
      "artificial intelligence",
      "diffusion models",
      "deep image prior",
      "aml"
    ],
    "photo_url": "https://scholar.googleusercontent.com/citations?view_op=view_photo&user=-lF8rKEAAAAJ&citpid=2"
  },
  "citation_stats": {
    "citations_all": 238,
    "citations_since_2020": 238,
    "h_index_all": 6,
    "h_index_since_2020": 6,
    "i10_index_all": 6,
    "i10_index_since_2020": 6,
    "citation_graph": [
      {
        "year": 2022,
        "citations": 5
      },
      {
        "year": 2023,
        "citations": 26
      },
      {
        "year": 2024,
        "citations": 77
      },
      {
        "year": 2025,
        "citations": 123
      }
    ]
  },
  "papers": [
    {
      "title": "Controlling ensemble variance in diffusion models: An application for reanalyses downscaling",
      "url": "https://scholar.google.com/citations?view_op=view_citation&hl=en&user=-lF8rKEAAAAJ&citation_for_view=-lF8rKEAAAAJ:YsMSGLbcyi4C",
      "authors": "F Merizzi, D Evangelista, H Loukos",
      "venue": "arXiv preprint arXiv:2501.14822, 2025",
      "year": 2025,
      "citations": 2
    },
    {
      "title": "Vision Transformers for Multi-Variable Climate Downscaling: Emulating Regional Climate Models with a Shared Encoder and Multi-Decoder Architecture",
      "url": "https://scholar.google.com/citations?view_op=view_citation&hl=en&user=-lF8rKEAAAAJ&citation_for_view=-lF8rKEAAAAJ:ufrVoPGSRksC",
      "authors": "F Merizzi, H Loukos",
      "venue": "arXiv preprint arXiv:2506.22447, 2025",
      "year": 2025,
      "citations": 0
    },
    {
      "title": "Wind speed super-resolution and validation: from ERA5 to CERRA via diffusion models",
      "url": "https://scholar.google.com/citations?view_op=view_citation&hl=en&user=-lF8rKEAAAAJ&citation_for_view=-lF8rKEAAAAJ:qjMakFHDy7sC",
      "authors": "F Merizzi, A Asperti, S Colamonaco",
      "venue": "Neural Computing and Applications 36 (34), 21899-21921, 2024",
      "year": 2024,
      "citations": 28
    },
    {
      "title": "Deep image prior inpainting of ancient frescoes in the Mediterranean Alpine arc",
      "url": "https://scholar.google.com/citations?view_op=view_citation&hl=en&user=-lF8rKEAAAAJ&citation_for_view=-lF8rKEAAAAJ:2osOgNQ5qMEC",
      "authors": "F Merizzi, P Saillard, O Acquier, E Morotti, EL Piccolomini, L Calatroni, ...",
      "venue": "Heritage Science 12 (1), 1-22, 2024",
      "year": 2024,
      "citations": 11
    },
    {
      "title": "Procedural terrain generation with style transfer",
      "url": "https://scholar.google.com/citations?view_op=view_citation&hl=en&user=-lF8rKEAAAAJ&citation_for_view=-lF8rKEAAAAJ:UeHWp8X0CEIC",
      "authors": "F Merizzi",
      "venue": "arXiv preprint arXiv:2403.08782, 2024",
      "year": 2024,
      "citations": 3
    },
    {
      "title": "Deep learning for sea surface temperature reconstruction under cloud occlusion",
      "url": "https://scholar.google.com/citations?view_op=view_citation&hl=en&user=-lF8rKEAAAAJ&citation_for_view=-lF8rKEAAAAJ:W7OEmFMy1HYC",
      "authors": "A Asperti, A Aydogdu, A Greco, F Merizzi, P Miraglio, B Tartufoli, A Testa, ...",
      "venue": "arXiv preprint arXiv:2412.03413, 2024",
      "year": 2024,
      "citations": 2
    },
    {
      "title": "Inpainting with style: forcing style coherence to image inpainting with deep image prior",
      "url": "https://scholar.google.com/citations?view_op=view_citation&hl=en&user=-lF8rKEAAAAJ&citation_for_view=-lF8rKEAAAAJ:Tyk-4Ss8FVUC",
      "authors": "E Morotti, F Merizzi, D Evangelista, P Cascarano",
      "venue": "Frontiers in Computer Science 6, 1478233, 2024",
      "year": 2024,
      "citations": 2
    },
    {
      "title": "Detecting anomalous cryptocurrency transactions: An AML/CFT application of machine learning-based forensics",
      "url": "https://scholar.google.com/citations?view_op=view_citation&hl=en&user=-lF8rKEAAAAJ&citation_for_view=-lF8rKEAAAAJ:u-x6o8ySG0sC",
      "authors": "N Pocher, M Zichichi, F Merizzi, MZ Shafiq, S Ferretti",
      "venue": "Electronic Markets 33 (1), 37, 2023",
      "year": 2023,
      "citations": 97
    },
    {
      "title": "Precipitation nowcasting with generative diffusion models",
      "url": "https://scholar.google.com/citations?view_op=view_citation&hl=en&user=-lF8rKEAAAAJ&citation_for_view=-lF8rKEAAAAJ:9yKSN-GCB0IC",
      "authors": "A Asperti, F Merizzi, A Paparella, G Pedrazzi, M Angelinelli, ...",
      "venue": "arXiv preprint arXiv:2308.06733, 2023",
      "year": 2023,
      "citations": 49
    },
    {
      "title": "Image embedding for denoising generative models",
      "url": "https://scholar.google.com/citations?view_op=view_citation&hl=en&user=-lF8rKEAAAAJ&citation_for_view=-lF8rKEAAAAJ:d1gkVwhDpl0C",
      "authors": "A Asperti, D Evangelista, S Marro, F Merizzi",
      "venue": "Artificial Intelligence Review 56 (12), 14511-14533, 2023",
      "year": 2023,
      "citations": 14
    },
    {
      "title": "Precipitation nowcasting with generative diffusion models. arXiv",
      "url": "https://scholar.google.com/citations?view_op=view_citation&hl=en&user=-lF8rKEAAAAJ&citation_for_view=-lF8rKEAAAAJ:eQOLeE2rZwMC",
      "authors": "A Asperti, F Merizzi, A Paparella, G Pedrazzi, M Angelinelli, ...",
      "venue": "arXiv preprint arXiv:2308.06733, 2023",
      "year": 2023,
      "citations": 5
    },
    {
      "title": "Precipitation nowcasting with generative diffusion models. arXiv 2023",
      "url": "https://scholar.google.com/citations?view_op=view_citation&hl=en&user=-lF8rKEAAAAJ&citation_for_view=-lF8rKEAAAAJ:Y0pCki6q_DkC",
      "authors": "A Asperti, F Merizzi, A Paparella, G Pedrazzi, M Angelinelli, ...",
      "venue": "arXiv preprint arXiv:2308.06733, 2023",
      "year": 2023,
      "citations": 3
    },
    {
      "title": "A sentiment and emotion annotated dataset for bitcoin price forecasting based on reddit posts",
      "url": "https://scholar.google.com/citations?view_op=view_citation&hl=en&user=-lF8rKEAAAAJ&citation_for_view=-lF8rKEAAAAJ:u5HHmVD_uO8C",
      "authors": "P Seroyizhko, Z Zhexenova, MZ Shafiq, F Merizzi, A Galassi, F Ruggeri",
      "venue": "Proceedings of the Fourth Workshop on Financial Technology and Natural …, 2022",
      "year": 2022,
      "citations": 16
    },
    {
      "title": "Detecting Anomalous Cryptocurrency Transactions: an AML",
      "url": "https://scholar.google.com/citations?view_op=view_citation&hl=en&user=-lF8rKEAAAAJ&citation_for_view=-lF8rKEAAAAJ:WF5omc3nYNoC",
      "authors": "N Pocher, M Zichichi, F Merizzi, MZ Shafiq, S Ferretti",
      "venue": "CFT Application of Machine Learning-based Forensics, 2022",
      "year": 2022,
      "citations": 6
    },
    {
      "title": "Deep Learning Models for Downscaling of Metereological Variables",
      "url": "https://scholar.google.com/citations?view_op=view_citation&hl=en&user=-lF8rKEAAAAJ&citation_for_view=-lF8rKEAAAAJ:zYLM7Y9cAGgC",
      "authors": "S Colamonaco",
      "venue": "",
      "citations": 0
    },
    {
      "title": "Diffusion generative models for weather forecasting",
      "url": "https://scholar.google.com/citations?view_op=view_citation&hl=en&user=-lF8rKEAAAAJ&citation_for_view=-lF8rKEAAAAJ:IjCSPb-OGe4C",
      "authors": "A Paparella",
      "venue": "",
      "citations": 0
    }
  ],
  "co_authors": []
}