{
  "author_info": {
    "name": "Youngmin Ro",
    "affiliation": "Assistant Professor, University of Seoul",
    "email_verified": "Verified email at uos.ac.kr - Homepage",
    "website": "https://sites.google.com/view/youngmin-ro-vision",
    "interests": [
      "deep learning",
      "computer vision"
    ],
    "photo_url": "https://scholar.googleusercontent.com/citations?view_op=view_photo&user=-2MnHEIAAAAJ&citpid=5"
  },
  "citation_stats": {
    "citations_all": 508,
    "citations_since_2020": 504,
    "h_index_all": 9,
    "h_index_since_2020": 9,
    "i10_index_all": 8,
    "i10_index_since_2020": 8,
    "citation_graph": [
      {
        "year": 2019,
        "citations": 4
      },
      {
        "year": 2020,
        "citations": 10
      },
      {
        "year": 2021,
        "citations": 15
      },
      {
        "year": 2022,
        "citations": 21
      },
      {
        "year": 2023,
        "citations": 71
      },
      {
        "year": 2024,
        "citations": 122
      },
      {
        "year": 2025,
        "citations": 261
      }
    ]
  },
  "papers": [
    {
      "title": "SoMA: Singular Value Decomposed Minor Components Adaptation for Domain Generalizable Representation Learning",
      "url": "https://scholar.google.com/citations?view_op=view_citation&hl=en&user=-2MnHEIAAAAJ&citation_for_view=-2MnHEIAAAAJ:_kc_bZDykSQC",
      "authors": "S Yun, S Chae, D Lee, Y Ro",
      "venue": "Proceedings of the Computer Vision and Pattern Recognition Conference, 25602 …, 2025",
      "year": 2025,
      "citations": 8
    },
    {
      "title": "Emulating Self-attention with Convolution for Efficient Image Super-Resolution",
      "url": "https://scholar.google.com/citations?view_op=view_citation&hl=en&user=-2MnHEIAAAAJ&citation_for_view=-2MnHEIAAAAJ:YOwf2qJgpHMC",
      "authors": "D Lee, S Yun, Y Ro",
      "venue": "arXiv preprint arXiv:2503.06671, 2025",
      "year": 2025,
      "citations": 3
    },
    {
      "title": "SHViT: Single-Head Vision Transformer with Memory Efficient Macro Design",
      "url": "https://scholar.google.com/citations?view_op=view_citation&hl=en&user=-2MnHEIAAAAJ&citation_for_view=-2MnHEIAAAAJ:hqOjcs7Dif8C",
      "authors": "S Yun, Y Ro",
      "venue": "Conference on Computer Vision and Pattern Recognition (CVPR 2024), 2024",
      "year": 2024,
      "citations": 109
    },
    {
      "title": "Partial large kernel CNNS for efficient super-resolution",
      "url": "https://scholar.google.com/citations?view_op=view_citation&hl=en&user=-2MnHEIAAAAJ&citation_for_view=-2MnHEIAAAAJ:MXK_kJrjxJIC",
      "authors": "D Lee, S Yun, Y Ro",
      "venue": "arXiv preprint arXiv:2404.11848, 2024",
      "year": 2024,
      "citations": 9
    },
    {
      "title": "Strengthening Dynamic Convolution With Attention and Residual Connection in Kernel Space",
      "url": "https://scholar.google.com/citations?view_op=view_citation&hl=en&user=-2MnHEIAAAAJ&citation_for_view=-2MnHEIAAAAJ:5nxA0vEk-isC",
      "authors": "S Yun, Y Ro",
      "venue": "IEEE Access 12, 13626-13633, 2024",
      "year": 2024,
      "citations": 7
    },
    {
      "title": "Instance-Dependent Multi-Label Noise Generation for Multi-Label Remote Sensing Image Classification",
      "url": "https://scholar.google.com/citations?view_op=view_citation&hl=en&user=-2MnHEIAAAAJ&citation_for_view=-2MnHEIAAAAJ:Zph67rFs4hoC",
      "authors": "Y Kim, S Kim, Y Ro, J Lee",
      "venue": "IEEE Journal of Selected Topics in Applied Earth Observations and Remote Sensing, 2024",
      "year": 2024,
      "citations": 6
    },
    {
      "title": "Adversarial deep energy method for solving saddle point problems involving dielectric elastomers",
      "url": "https://scholar.google.com/citations?view_op=view_citation&hl=en&user=-2MnHEIAAAAJ&citation_for_view=-2MnHEIAAAAJ:0EnyYjriUFMC",
      "authors": "SW Lee, C Truong-Quoc, Y Ro, DN Kim",
      "venue": "Computer Methods in Applied Mechanics and Engineering 421, 116825, 2024",
      "year": 2024,
      "citations": 4
    },
    {
      "title": "Method and apparatus for classifying fake images",
      "url": "https://scholar.google.com/citations?view_op=view_citation&hl=en&user=-2MnHEIAAAAJ&citation_for_view=-2MnHEIAAAAJ:_FxGoFyzp5QC",
      "authors": "YH Jeong, JW Choi, YM RO",
      "venue": "US Patent 12,039,705, 2024",
      "year": 2024,
      "citations": 3
    },
    {
      "title": "Self-supervised scheme for generalizing GAN image detection",
      "url": "https://scholar.google.com/citations?view_op=view_citation&hl=en&user=-2MnHEIAAAAJ&citation_for_view=-2MnHEIAAAAJ:kNdYIx-mwKoC",
      "authors": "Y Jeong, D Kim, P Kim, Y Ro, J Choi",
      "venue": "Pattern Recognition Letters 184, 219-224, 2024",
      "year": 2024,
      "citations": 2
    },
    {
      "title": "Metamixer is all you need",
      "url": "https://scholar.google.com/citations?view_op=view_citation&hl=en&user=-2MnHEIAAAAJ&citation_for_view=-2MnHEIAAAAJ:3fE2CSJIrl8C",
      "authors": "S Yun, D Lee, Y Ro",
      "venue": "arXiv e-prints, arXiv: 2406.02021, 2024",
      "year": 2024,
      "citations": 2
    },
    {
      "title": "SoRA: Singular Value Decomposed Low-Rank Adaptation for Domain Generalizable Representation Learning",
      "url": "https://scholar.google.com/citations?view_op=view_citation&hl=en&user=-2MnHEIAAAAJ&citation_for_view=-2MnHEIAAAAJ:ULOm3_A8WrAC",
      "authors": "S Yun, S Chae, D Lee, Y Ro",
      "venue": "arXiv e-prints, arXiv: 2412.04077, 2024",
      "year": 2024,
      "citations": 1
    },
    {
      "title": "Frepgan: robust deepfake detection using frequency-level perturbations",
      "url": "https://scholar.google.com/citations?view_op=view_citation&hl=en&user=-2MnHEIAAAAJ&citation_for_view=-2MnHEIAAAAJ:WF5omc3nYNoC",
      "authors": "Y Jeong, D Kim, Y Ro, J Choi",
      "venue": "Proceedings of the AAAI conference on artificial intelligence 36 (1), 1060-1068, 2022",
      "year": 2022,
      "citations": 154
    },
    {
      "title": "Fingerprintnet: Synthesized fingerprints for generated image detection",
      "url": "https://scholar.google.com/citations?view_op=view_citation&hl=en&user=-2MnHEIAAAAJ&citation_for_view=-2MnHEIAAAAJ:LkGwnXOMwfcC",
      "authors": "Y Jeong, D Kim, Y Ro, P Kim, J Choi",
      "venue": "European Conference on Computer Vision, 76-94, 2022",
      "year": 2022,
      "citations": 46
    },
    {
      "title": "Differentially private normalizing flows for synthetic tabular data generation",
      "url": "https://scholar.google.com/citations?view_op=view_citation&hl=en&user=-2MnHEIAAAAJ&citation_for_view=-2MnHEIAAAAJ:ufrVoPGSRksC",
      "authors": "J Lee, M Kim, Y Jeong, Y Ro",
      "venue": "Proceedings of the AAAI Conference on Artificial Intelligence 36 (7), 7345-7353, 2022",
      "year": 2022,
      "citations": 28
    },
    {
      "title": "Autolr: Layer-wise pruning and auto-tuning of learning rates in fine-tuning of deep networks",
      "url": "https://scholar.google.com/citations?view_op=view_citation&hl=en&user=-2MnHEIAAAAJ&citation_for_view=-2MnHEIAAAAJ:Y0pCki6q_DkC",
      "authors": "Y Ro, JY Choi",
      "venue": "Proceedings of the AAAI Conference on Artificial Intelligence 35 (3), 2486-2494, 2021",
      "year": 2021,
      "citations": 59
    },
    {
      "title": "FICGAN: facial identity controllable GAN for de-identification",
      "url": "https://scholar.google.com/citations?view_op=view_citation&hl=en&user=-2MnHEIAAAAJ&citation_for_view=-2MnHEIAAAAJ:YsMSGLbcyi4C",
      "authors": "Y Jeong, J Choi, S Kim, Y Ro, TH Oh, D Kim, H Ha, S Yoon",
      "venue": "arXiv preprint arXiv:2110.00740, 2021",
      "year": 2021,
      "citations": 26
    },
    {
      "title": "Rollback ensemble with multiple local minima in fine-tuning deep learning networks",
      "url": "https://scholar.google.com/citations?view_op=view_citation&hl=en&user=-2MnHEIAAAAJ&citation_for_view=-2MnHEIAAAAJ:W7OEmFMy1HYC",
      "authors": "Y Ro, J Choi, B Heo, JY Choi",
      "venue": "IEEE transactions on neural networks and learning systems 33 (9), 4648-4660, 2021",
      "year": 2021,
      "citations": 11
    },
    {
      "title": "Self-supervised gan detector",
      "url": "https://scholar.google.com/citations?view_op=view_citation&hl=en&user=-2MnHEIAAAAJ&citation_for_view=-2MnHEIAAAAJ:eQOLeE2rZwMC",
      "authors": "Y Jeong, D Kim, P Kim, Y Ro, J Choi",
      "venue": "arXiv preprint arXiv:2111.06575, 2021",
      "year": 2021,
      "citations": 2
    },
    {
      "title": "Backbone cannot be trained at once: Rolling back to pre-trained network for person re-identification",
      "url": "https://scholar.google.com/citations?view_op=view_citation&hl=en&user=-2MnHEIAAAAJ&citation_for_view=-2MnHEIAAAAJ:IjCSPb-OGe4C",
      "authors": "Y Ro, J Choi, DU Jo, B Heo, J Lim, JY Choi",
      "venue": "Proceedings of the AAAI Conference on Artificial Intelligence 33 (01), 8859-8867, 2019",
      "year": 2019,
      "citations": 25
    },
    {
      "title": "Performance improvement of the horizontal control system for a tractor implement using sensor signal from the front axle",
      "url": "https://scholar.google.com/citations?view_op=view_citation&hl=en&user=-2MnHEIAAAAJ&citation_for_view=-2MnHEIAAAAJ:UeHWp8X0CEIC",
      "authors": "YM Ro, JH Moon, KU Kim",
      "venue": "Journal of Biosystems Engineering 41 (2), 67-74, 2016",
      "year": 2016,
      "citations": 2
    }
  ],
  "co_authors": [
    {
      "name": "Yonghyun Jeong",
      "scholar_id": "e9pHCjUAAAAJ",
      "url": "https://scholar.google.com/citations?user=e9pHCjUAAAAJ"
    },
    {
      "name": "Jongwon Choi",
      "scholar_id": "F3u9qHcAAAAJ",
      "url": "https://scholar.google.com/citations?user=F3u9qHcAAAAJ"
    },
    {
      "name": "Doyeon Kim",
      "scholar_id": "86KKsfsAAAAJ",
      "url": "https://scholar.google.com/citations?user=86KKsfsAAAAJ"
    },
    {
      "name": "jin young choi",
      "scholar_id": "NoEVFWQAAAAJ",
      "url": "https://scholar.google.com/citations?user=NoEVFWQAAAAJ"
    },
    {
      "name": "Byeongho Heo",
      "scholar_id": "4_7rLDIAAAAJ",
      "url": "https://scholar.google.com/citations?user=4_7rLDIAAAAJ"
    },
    {
      "name": "Dae Ung Jo",
      "scholar_id": "ADbgR44AAAAJ",
      "url": "https://scholar.google.com/citations?user=ADbgR44AAAAJ"
    },
    {
      "name": "Jongin Lim",
      "scholar_id": "6jxQqmoAAAAJ",
      "url": "https://scholar.google.com/citations?user=6jxQqmoAAAAJ"
    },
    {
      "name": "Sangdoo Yun",
      "scholar_id": "o0qtjzYAAAAJ",
      "url": "https://scholar.google.com/citations?user=o0qtjzYAAAAJ"
    },
    {
      "name": "Kikyung Kim",
      "scholar_id": "IDkEraAAAAAJ",
      "url": "https://scholar.google.com/citations?user=IDkEraAAAAAJ"
    },
    {
      "name": "Moonsub Byeon",
      "scholar_id": "8R_02PsAAAAJ",
      "url": "https://scholar.google.com/citations?user=8R_02PsAAAAJ"
    }
  ]
}