{
  "author_info": {
    "name": "Nan Chen",
    "affiliation": "University of Science and Technology of China",
    "email_verified": "Verified email at mail.ustc.edu.cn - Homepage",
    "website": "https://openreview.net/profile?id=~Nan_Chen13",
    "interests": [
      "computer vision"
    ],
    "photo_url": "https://scholar.googleusercontent.com/citations?view_op=view_photo&user=0B9b1EMAAAAJ&citpid=3"
  },
  "citation_stats": {
    "citations_all": 19,
    "citations_since_2020": 19,
    "h_index_all": 3,
    "h_index_since_2020": 3,
    "i10_index_all": 0,
    "i10_index_since_2020": 0,
    "citation_graph": []
  },
  "papers": [
    {
      "title": "Customcontrast: A multilevel contrastive perspective for subject-driven text-to-image customization",
      "url": "https://scholar.google.com/citations?view_op=view_citation&hl=en&user=0B9b1EMAAAAJ&citation_for_view=0B9b1EMAAAAJ:d1gkVwhDpl0C",
      "authors": "N Chen, M Huang, Z Chen, Y Zheng, L Zhang, Z Mao",
      "venue": "Proceedings of the AAAI Conference on Artificial Intelligence 39 (2), 2123-2131, 2025",
      "year": 2025,
      "citations": 8
    },
    {
      "title": "D  iT: Dynamic Diffusion Transformer for Accurate Image Generation",
      "url": "https://scholar.google.com/citations?view_op=view_citation&hl=en&user=0B9b1EMAAAAJ&citation_for_view=0B9b1EMAAAAJ:9yKSN-GCB0IC",
      "authors": "W Jia, M Huang, N Chen, L Zhang, Z Mao",
      "venue": "The IEEE/CVF Conference on Computer Vision and Pattern Recognition 2025, 2025",
      "year": 2025,
      "citations": 6
    },
    {
      "title": "LongAnimation: Long Animation Generation with Dynamic Global-Local Memory",
      "url": "https://scholar.google.com/citations?view_op=view_citation&hl=en&user=0B9b1EMAAAAJ&citation_for_view=0B9b1EMAAAAJ:zYLM7Y9cAGgC",
      "authors": "N Chen, M Huang, Y Meng, Z Mao",
      "venue": "Proceedings of the IEEE/CVF International Conference on Computer Vision …, 2025",
      "year": 2025,
      "citations": 4
    },
    {
      "title": "Pro3D-Editor: A Progressive-Views Perspective for Consistent and Precise 3D Editing",
      "url": "https://scholar.google.com/citations?view_op=view_citation&hl=en&user=0B9b1EMAAAAJ&citation_for_view=0B9b1EMAAAAJ:UeHWp8X0CEIC",
      "authors": "Y Zheng, M Huang, N Chen, Z Mao",
      "venue": "arXiv preprint arXiv:2506.00512, 2025",
      "year": 2025,
      "citations": 1
    },
    {
      "title": "MoGA: Mixture-of-Groups Attention for End-to-End Long Video Generation",
      "url": "https://scholar.google.com/citations?view_op=view_citation&hl=en&user=0B9b1EMAAAAJ&citation_for_view=0B9b1EMAAAAJ:W7OEmFMy1HYC",
      "authors": "W Jia, Y Lu, M Huang, H Wang, B Huang, N Chen, M Liu, J Jiang, Z Mao",
      "venue": "arXiv preprint arXiv:2510.18692, 2025",
      "year": 2025,
      "citations": 0
    },
    {
      "title": "PPT: A Minor Language News Recommendation Model via Cross-Lingual Preference Pattern Transfer",
      "url": "https://scholar.google.com/citations?view_op=view_citation&hl=en&user=0B9b1EMAAAAJ&citation_for_view=0B9b1EMAAAAJ:Tyk-4Ss8FVUC",
      "authors": "Y Zhang, N Chen",
      "venue": "Proceedings of the 63rd Annual Meeting of the Association for Computational …, 2025",
      "year": 2025,
      "citations": 0
    },
    {
      "title": "HDGlyph: A Hierarchical Disentangled Glyph-Based Framework for Long-Tail Text Rendering in Diffusion Models",
      "url": "https://scholar.google.com/citations?view_op=view_citation&hl=en&user=0B9b1EMAAAAJ&citation_for_view=0B9b1EMAAAAJ:IjCSPb-OGe4C",
      "authors": "S Zhuang, M Huang, F Fu, N Chen, B Lei, Z Mao",
      "venue": "arXiv preprint arXiv:2505.06543, 2025",
      "year": 2025,
      "citations": 0
    },
    {
      "title": "Skin-Adapter: Fine-Grained Skin-Color Preservation for Text-to-Image Generation",
      "url": "https://scholar.google.com/citations?view_op=view_citation&hl=en&user=0B9b1EMAAAAJ&citation_for_view=0B9b1EMAAAAJ:u-x6o8ySG0sC",
      "authors": "Z Chen, M Huang, N Chen, Z Mao",
      "venue": "International Conference on Multimedia Modeling, 16-29, 2025",
      "year": 2025,
      "citations": 0
    },
    {
      "title": "Pro3D-Editor: A Progressive Framework for Consistent and Precise 3D Editing",
      "url": "https://scholar.google.com/citations?view_op=view_citation&hl=en&user=0B9b1EMAAAAJ&citation_for_view=0B9b1EMAAAAJ:YsMSGLbcyi4C",
      "authors": "Y Zheng, M Huang, N Chen, Z Mao",
      "venue": "The Thirty-ninth Annual Conference on Neural Information Processing Systems, 0",
      "citations": 0
    },
    {
      "title": "LongAnimation: Long Animation Generation with Dynamic Global-Local Memory (Supplementary Material)",
      "url": "https://scholar.google.com/citations?view_op=view_citation&hl=en&user=0B9b1EMAAAAJ&citation_for_view=0B9b1EMAAAAJ:Y0pCki6q_DkC",
      "authors": "N Chen, M Huang, Y Meng, Z Mao",
      "venue": "",
      "citations": 0
    },
    {
      "title": "D2iT: Dynamic Diffusion Transformer for Accurate Image Generation (Supplementary Material)",
      "url": "https://scholar.google.com/citations?view_op=view_citation&hl=en&user=0B9b1EMAAAAJ&citation_for_view=0B9b1EMAAAAJ:qjMakFHDy7sC",
      "authors": "W Jia, M Huang, N Chen, L Zhang, Z Mao",
      "venue": "Parameters 136 (467M), 687M, 0",
      "citations": 0
    }
  ],
  "co_authors": [
    {
      "name": "Zhendong Mao",
      "scholar_id": "m-0P8sgAAAAJ",
      "url": "https://scholar.google.com/citations?user=m-0P8sgAAAAJ"
    },
    {
      "name": "Mengqi Huang",
      "scholar_id": "BJvM6gsAAAAJ",
      "url": "https://scholar.google.com/citations?user=BJvM6gsAAAAJ"
    },
    {
      "name": "weinan jia",
      "scholar_id": "aiY4v3oAAAAJ",
      "url": "https://scholar.google.com/citations?user=aiY4v3oAAAAJ"
    },
    {
      "name": "Yang Zheng",
      "scholar_id": "sxUPH0QAAAAJ",
      "url": "https://scholar.google.com/citations?user=sxUPH0QAAAAJ"
    },
    {
      "name": "Zhuowei Chen",
      "scholar_id": "ow1jGJkAAAAJ",
      "url": "https://scholar.google.com/citations?user=ow1jGJkAAAAJ"
    },
    {
      "name": "yihao meng",
      "scholar_id": "Wz5AnCYAAAAJ",
      "url": "https://scholar.google.com/citations?user=Wz5AnCYAAAAJ"
    },
    {
      "name": "Fengyi Fu",
      "scholar_id": "FXxoQlsAAAAJ",
      "url": "https://scholar.google.com/citations?user=FXxoQlsAAAAJ"
    },
    {
      "name": "Yiyang Zhang",
      "scholar_id": "McZpHvQAAAAJ",
      "url": "https://scholar.google.com/citations?user=McZpHvQAAAAJ"
    }
  ]
}