{
  "author_info": {
    "name": "Frank Keller",
    "affiliation": "University of Edinburgh",
    "email_verified": "Verified email at inf.ed.ac.uk - Homepage",
    "website": "http://homepages.inf.ed.ac.uk/keller/",
    "interests": [
      "natural language processing",
      "language and vision",
      "cognitive modeling",
      "computational narrative"
    ],
    "photo_url": "https://scholar.googleusercontent.com/citations?view_op=view_photo&user=-lbtnAgAAAAJ&citpid=1"
  },
  "citation_stats": {
    "citations_all": 10980,
    "citations_since_2020": 4260,
    "h_index_all": 54,
    "h_index_since_2020": 33,
    "i10_index_all": 119,
    "i10_index_since_2020": 79,
    "citation_graph": [
      {
        "year": 2001,
        "citations": 37
      },
      {
        "year": 2002,
        "citations": 59
      },
      {
        "year": 2003,
        "citations": 117
      },
      {
        "year": 2004,
        "citations": 143
      },
      {
        "year": 2005,
        "citations": 223
      },
      {
        "year": 2006,
        "citations": 230
      },
      {
        "year": 2007,
        "citations": 295
      },
      {
        "year": 2008,
        "citations": 303
      },
      {
        "year": 2009,
        "citations": 254
      },
      {
        "year": 2010,
        "citations": 360
      },
      {
        "year": 2011,
        "citations": 354
      },
      {
        "year": 2012,
        "citations": 341
      },
      {
        "year": 2013,
        "citations": 442
      },
      {
        "year": 2014,
        "citations": 393
      },
      {
        "year": 2015,
        "citations": 453
      },
      {
        "year": 2016,
        "citations": 558
      },
      {
        "year": 2017,
        "citations": 607
      },
      {
        "year": 2018,
        "citations": 658
      },
      {
        "year": 2019,
        "citations": 688
      },
      {
        "year": 2020,
        "citations": 690
      },
      {
        "year": 2021,
        "citations": 740
      },
      {
        "year": 2022,
        "citations": 681
      },
      {
        "year": 2023,
        "citations": 777
      },
      {
        "year": 2024,
        "citations": 762
      },
      {
        "year": 2025,
        "citations": 606
      }
    ]
  },
  "papers": [
    {
      "title": "Extreme clicking for efficient object annotation",
      "url": "https://scholar.google.com/citations?view_op=view_citation&hl=en&user=-lbtnAgAAAAJ&citation_for_view=-lbtnAgAAAAJ:OTTXONDVkokC",
      "authors": "DP Papadopoulos, JRR Uijlings, F Keller, V Ferrari",
      "venue": "Proceedings of the IEEE International Conference on Computer Vision (ICCV …, 2017",
      "year": 2017,
      "citations": 342
    },
    {
      "title": "Training object class detectors with click supervision",
      "url": "https://scholar.google.com/citations?view_op=view_citation&hl=en&user=-lbtnAgAAAAJ&citation_for_view=-lbtnAgAAAAJ:2VqYfGB8ITEC",
      "authors": "DP Papadopoulos, JRR Uijlings, F Keller, V Ferrari",
      "venue": "Proceedings of the IEEE Conference on Computer Vision and Pattern …, 2017",
      "year": 2017,
      "citations": 165
    },
    {
      "title": "Automatic description generation from images: A survey of models, datasets, and evaluation measures",
      "url": "https://scholar.google.com/citations?view_op=view_citation&hl=en&user=-lbtnAgAAAAJ&citation_for_view=-lbtnAgAAAAJ:0N-VGjzr574C",
      "authors": "R Bernardi, R Cakici, D Elliott, A Erdem, E Erdem, N Ikizler-Cinbis, ...",
      "venue": "Journal of Artificial Intelligence Research 55, 409-442, 2016",
      "year": 2016,
      "citations": 509
    },
    {
      "title": "We don't need no bounding-boxes: Training object class detectors using only human verification",
      "url": "https://scholar.google.com/citations?view_op=view_citation&hl=en&user=-lbtnAgAAAAJ&citation_for_view=-lbtnAgAAAAJ:86PQX7AUzd4C",
      "authors": "DP Papadopoulos, JRR Uijlings, F Keller, V Ferrari",
      "venue": "Computer Vision and Pattern Recognition, 2016",
      "year": 2016,
      "citations": 182
    },
    {
      "title": "Training object class detectors from eye tracking data",
      "url": "https://scholar.google.com/citations?view_op=view_citation&hl=en&user=-lbtnAgAAAAJ&citation_for_view=-lbtnAgAAAAJ:MLfJN-KU85MC",
      "authors": "DP Papadopoulos, ADF Clarke, F Keller, V Ferrari",
      "venue": "European conference on computer vision, 361-376, 2014",
      "year": 2014,
      "citations": 192
    },
    {
      "title": "Comparing automatic evaluation measures for image description",
      "url": "https://scholar.google.com/citations?view_op=view_citation&hl=en&user=-lbtnAgAAAAJ&citation_for_view=-lbtnAgAAAAJ:kuK5TVdYjLIC",
      "authors": "D Elliott, F Keller",
      "venue": "52nd Annual Meeting of the Association for Computational Linguistics, 452-457, 2014",
      "year": 2014,
      "citations": 174
    },
    {
      "title": "Image description using visual dependency representations",
      "url": "https://scholar.google.com/citations?view_op=view_citation&hl=en&user=-lbtnAgAAAAJ&citation_for_view=-lbtnAgAAAAJ:zLWjf1WUPmwC",
      "authors": "D Elliott, F Keller",
      "venue": "Proceedings of the 2013 conference on empirical methods in natural language …, 2013",
      "year": 2013,
      "citations": 408
    },
    {
      "title": "Expectation and locality effects in German verb-final structures",
      "url": "https://scholar.google.com/citations?view_op=view_citation&hl=en&user=-lbtnAgAAAAJ&citation_for_view=-lbtnAgAAAAJ:tkaPQYYpVKoC",
      "authors": "RP Levy, F Keller",
      "venue": "Journal of memory and language 68 (2), 199-222, 2013",
      "year": 2013,
      "citations": 195
    },
    {
      "title": "A computational cognitive model of syntactic priming",
      "url": "https://scholar.google.com/citations?view_op=view_citation&hl=en&user=-lbtnAgAAAAJ&citation_for_view=-lbtnAgAAAAJ:L8Ckcad2t8MC",
      "authors": "D Reitter, F Keller, JD Moore",
      "venue": "Cognitive science 35 (4), 587-637, 2011",
      "year": 2011,
      "citations": 399
    },
    {
      "title": "Timing accuracy of web experiments: A case study using the WebExp software package",
      "url": "https://scholar.google.com/citations?view_op=view_citation&hl=en&user=-lbtnAgAAAAJ&citation_for_view=-lbtnAgAAAAJ:UebtZRa9Y70C",
      "authors": "F Keller, S Gunasekharan, N Mayo, M Corley",
      "venue": "Behavior research methods 41 (1), 1-12, 2009",
      "year": 2009,
      "citations": 170
    },
    {
      "title": "Data from eye-tracking corpora as evidence for theories of syntactic processing complexity",
      "url": "https://scholar.google.com/citations?view_op=view_citation&hl=en&user=-lbtnAgAAAAJ&citation_for_view=-lbtnAgAAAAJ:zYLM7Y9cAGgC",
      "authors": "V Demberg, F Keller",
      "venue": "Cognition 109 (2), 193-210, 2008",
      "year": 2008,
      "citations": 797
    },
    {
      "title": "Locality, cyclicity, and resumption: At the interface between the grammar and the human sentence processor",
      "url": "https://scholar.google.com/citations?view_op=view_citation&hl=en&user=-lbtnAgAAAAJ&citation_for_view=-lbtnAgAAAAJ:WF5omc3nYNoC",
      "authors": "T Alexopoulou, F Keller",
      "venue": "Language 83 (1), 110-160, 2007",
      "year": 2007,
      "citations": 230
    },
    {
      "title": "Priming of syntactic rules in task-oriented dialogue and spontaneous conversation",
      "url": "https://scholar.google.com/citations?view_op=view_citation&hl=en&user=-lbtnAgAAAAJ&citation_for_view=-lbtnAgAAAAJ:roLk4NBRz8UC",
      "authors": "D Reitter, JD Moore",
      "venue": "Proceedings of the Annual Meeting of the Cognitive Science Society 28 (28), 2006",
      "year": 2006,
      "citations": 179
    },
    {
      "title": "Gradience in linguistic data",
      "url": "https://scholar.google.com/citations?view_op=view_citation&hl=en&user=-lbtnAgAAAAJ&citation_for_view=-lbtnAgAAAAJ:d1gkVwhDpl0C",
      "authors": "A Sorace, F Keller",
      "venue": "Lingua 115 (11), 1497-1524, 2005",
      "year": 2005,
      "citations": 495
    },
    {
      "title": "Web-based models for natural language processing",
      "url": "https://scholar.google.com/citations?view_op=view_citation&hl=en&user=-lbtnAgAAAAJ&citation_for_view=-lbtnAgAAAAJ:9yKSN-GCB0IC",
      "authors": "M Lapata, F Keller",
      "venue": "ACM Transactions on Speech and Language Processing (TSLP) 2 (1), 3-es, 2005",
      "year": 2005,
      "citations": 249
    },
    {
      "title": "Using the web to obtain frequencies for unseen bigrams",
      "url": "https://scholar.google.com/citations?view_op=view_citation&hl=en&user=-lbtnAgAAAAJ&citation_for_view=-lbtnAgAAAAJ:u5HHmVD_uO8C",
      "authors": "F Keller, M Lapata",
      "venue": "Computational linguistics 29 (3), 459-484, 2003",
      "year": 2003,
      "citations": 482
    },
    {
      "title": "Gradient auxiliary selection and impersonal passivization in German: An experimental investigation",
      "url": "https://scholar.google.com/citations?view_op=view_citation&hl=en&user=-lbtnAgAAAAJ&citation_for_view=-lbtnAgAAAAJ:YsMSGLbcyi4C",
      "authors": "F Keller, A Sorace",
      "venue": "Journal of Linguistics 39 (1), 57-108, 2003",
      "year": 2003,
      "citations": 174
    },
    {
      "title": "Using the web to overcome data sparseness",
      "url": "https://scholar.google.com/citations?view_op=view_citation&hl=en&user=-lbtnAgAAAAJ&citation_for_view=-lbtnAgAAAAJ:2osOgNQ5qMEC",
      "authors": "F Keller, M Lapata, O Ourioupina",
      "venue": "Proceedings of the 2002 Conference on Empirical Methods in Natural Language …, 2002",
      "year": 2002,
      "citations": 145
    },
    {
      "title": "Phonology competes with syntax: Experimental evidence for the interaction of word order and accent placement in the realization of information structure",
      "url": "https://scholar.google.com/citations?view_op=view_citation&hl=en&user=-lbtnAgAAAAJ&citation_for_view=-lbtnAgAAAAJ:UeHWp8X0CEIC",
      "authors": "F Keller, T Alexopoulou",
      "venue": "Cognition 79 (3), 301-372, 2001",
      "year": 2001,
      "citations": 152
    },
    {
      "title": "Gradience in grammar: Experimental and computational aspects of degrees of grammaticality",
      "url": "https://scholar.google.com/citations?view_op=view_citation&hl=en&user=-lbtnAgAAAAJ&citation_for_view=-lbtnAgAAAAJ:u-x6o8ySG0sC",
      "authors": "F Keller",
      "venue": "",
      "citations": 589,
      "year": 2000
    }
  ],
  "co_authors": [
    {
      "name": "Moreno Coco",
      "scholar_id": "bVUSGz4AAAAJ",
      "url": "https://scholar.google.com/citations?user=bVUSGz4AAAAJ"
    },
    {
      "name": "Vera Demberg",
      "scholar_id": "l2CFSAMAAAAJ",
      "url": "https://scholar.google.com/citations?user=l2CFSAMAAAAJ"
    },
    {
      "name": "Antonella Sorace",
      "scholar_id": "k3W5l3EAAAAJ",
      "url": "https://scholar.google.com/citations?user=k3W5l3EAAAAJ"
    },
    {
      "name": "Desmond Elliott",
      "scholar_id": "OjYpMi4AAAAJ",
      "url": "https://scholar.google.com/citations?user=OjYpMi4AAAAJ"
    },
    {
      "name": "David Reitter",
      "scholar_id": "YltWPluDRQQJ",
      "url": "https://scholar.google.com/citations?user=YltWPluDRQQJ"
    },
    {
      "name": "Matthew W. Crocker",
      "scholar_id": "WmiophIAAAAJ",
      "url": "https://scholar.google.com/citations?user=WmiophIAAAAJ"
    },
    {
      "name": "Vittorio Ferrari",
      "scholar_id": "4QvYJ00AAAAJ",
      "url": "https://scholar.google.com/citations?user=4QvYJ00AAAAJ"
    },
    {
      "name": "Dim P. Papadopoulos",
      "scholar_id": "-_JAhdQAAAAJ",
      "url": "https://scholar.google.com/citations?user=-_JAhdQAAAAJ"
    },
    {
      "name": "Patrick Sturt",
      "scholar_id": "tINgWG4AAAAJ",
      "url": "https://scholar.google.com/citations?user=tINgWG4AAAAJ"
    },
    {
      "name": "Alasdair Clarke",
      "scholar_id": "E6dG3IsAAAAJ",
      "url": "https://scholar.google.com/citations?user=E6dG3IsAAAAJ"
    },
    {
      "name": "Laura Sevilla-Lara",
      "scholar_id": "bel5BBcAAAAJ",
      "url": "https://scholar.google.com/citations?user=bel5BBcAAAAJ"
    },
    {
      "name": "Martin Corley",
      "scholar_id": "S8CNvAMAAAAJ",
      "url": "https://scholar.google.com/citations?user=S8CNvAMAAAAJ"
    },
    {
      "name": "Johanna Moore",
      "scholar_id": "9cb0uoAAAAAJ",
      "url": "https://scholar.google.com/citations?user=9cb0uoAAAAAJ"
    },
    {
      "name": "Jasper R. R. Uijlings",
      "scholar_id": "jInmtEkAAAAJ",
      "url": "https://scholar.google.com/citations?user=jInmtEkAAAAJ"
    },
    {
      "name": "Spandana Gella",
      "scholar_id": "fChTW6MAAAAJ",
      "url": "https://scholar.google.com/citations?user=fChTW6MAAAAJ"
    },
    {
      "name": "Christoph Scheepers",
      "scholar_id": "xynJRTMAAAAJ",
      "url": "https://scholar.google.com/citations?user=xynJRTMAAAAJ"
    },
    {
      "name": "Roger Levy",
      "scholar_id": "i86O0SAAAAAJ",
      "url": "https://scholar.google.com/citations?user=i86O0SAAAAAJ"
    },
    {
      "name": "Pinelopi Papalampidi",
      "scholar_id": "vo37o9kAAAAJ",
      "url": "https://scholar.google.com/citations?user=vo37o9kAAAAJ"
    },
    {
      "name": "Marcus Rohrbach",
      "scholar_id": "3kDtybgAAAAJ",
      "url": "https://scholar.google.com/citations?user=3kDtybgAAAAJ"
    },
    {
      "name": "Michael Hahn",
      "scholar_id": "9y9ALCQAAAAJ",
      "url": "https://scholar.google.com/citations?user=9y9ALCQAAAAJ"
    }
  ]
}