{
  "author_info": {
    "name": "Lujia Jin",
    "affiliation": "Peking University",
    "email_verified": "Verified email at pku.edu.cn",
    "interests": [
      "Image Denoising",
      "Image Super Resolution",
      "Medical Image Processing",
      "Deep Learning"
    ],
    "photo_url": "https://scholar.googleusercontent.com/citations?view_op=view_photo&user=-BWasB8AAAAJ&citpid=1"
  },
  "citation_stats": {
    "citations_all": 374,
    "citations_since_2020": 374,
    "h_index_all": 8,
    "h_index_since_2020": 8,
    "i10_index_all": 8,
    "i10_index_since_2020": 8,
    "citation_graph": [
      {
        "year": 2021,
        "citations": 2
      },
      {
        "year": 2022,
        "citations": 20
      },
      {
        "year": 2023,
        "citations": 70
      },
      {
        "year": 2024,
        "citations": 104
      },
      {
        "year": 2025,
        "citations": 174
      }
    ]
  },
  "papers": [
    {
      "title": "NTIRE 2025 challenge on light field image super-resolution: Methods and results",
      "url": "https://scholar.google.com/citations?view_op=view_citation&hl=en&user=-BWasB8AAAAJ&citation_for_view=-BWasB8AAAAJ:_FxGoFyzp5QC",
      "authors": "Y Wang, Z Liang, F Zhang, L Tian, L Wang, J Li, J Yang, R Timofte, Y Guo, ...",
      "venue": "Proceedings of the Computer Vision and Pattern Recognition Conference, 1227-1246, 2025",
      "year": 2025,
      "citations": 53
    },
    {
      "title": "Universal image restoration pre-training via degradation classification",
      "url": "https://scholar.google.com/citations?view_op=view_citation&hl=en&user=-BWasB8AAAAJ&citation_for_view=-BWasB8AAAAJ:Se3iqnhoufwC",
      "authors": "JK Hu, L Jin, Z Yao, Y Lu",
      "venue": "arXiv preprint arXiv:2501.15510, 2025",
      "year": 2025,
      "citations": 17
    },
    {
      "title": "Enhancing Image Restoration Transformer via Adaptive Translation Equivariance",
      "url": "https://scholar.google.com/citations?view_op=view_citation&hl=en&user=-BWasB8AAAAJ&citation_for_view=-BWasB8AAAAJ:hqOjcs7Dif8C",
      "authors": "JK Hu, Z Yao, L Jin, H He, Y Lu",
      "venue": "arXiv preprint arXiv:2506.18520, 2025",
      "year": 2025,
      "citations": 1
    },
    {
      "title": "Universal Image Restoration Pre-training via Masked Degradation Classification",
      "url": "https://scholar.google.com/citations?view_op=view_citation&hl=en&user=-BWasB8AAAAJ&citation_for_view=-BWasB8AAAAJ:0EnyYjriUFMC",
      "authors": "JK Hu, Z Yao, L Jin, Y Chen, Y Lu",
      "venue": "arXiv preprint arXiv:2510.13282, 2025",
      "year": 2025,
      "citations": 0
    },
    {
      "title": "Scribble hides class: Promoting scribble-based weakly-supervised semantic segmentation with its class label",
      "url": "https://scholar.google.com/citations?view_op=view_citation&hl=en&user=-BWasB8AAAAJ&citation_for_view=-BWasB8AAAAJ:YsMSGLbcyi4C",
      "authors": "X Zhang, L Zhu, H He, L Jin, Y Lu",
      "venue": "Proceedings of the AAAI Conference on Artificial Intelligence 38 (7), 7332-7340, 2024",
      "year": 2024,
      "citations": 16
    },
    {
      "title": "PSCAT: a lightweight transformer for simultaneous denoising and super-resolution of OCT images",
      "url": "https://scholar.google.com/citations?view_op=view_citation&hl=en&user=-BWasB8AAAAJ&citation_for_view=-BWasB8AAAAJ:WF5omc3nYNoC",
      "authors": "B Yao, L Jin, J Hu, Y Liu, Y Yan, Q Li, Y Lu",
      "venue": "Biomedical Optics Express 15 (5), 2958-2976, 2024",
      "year": 2024,
      "citations": 14
    },
    {
      "title": "One-pot multi-frame denoising",
      "url": "https://scholar.google.com/citations?view_op=view_citation&hl=en&user=-BWasB8AAAAJ&citation_for_view=-BWasB8AAAAJ:W7OEmFMy1HYC",
      "authors": "L Jin, Q Guo, S Zhao, L Zhu, Q Chen, Q Ren, Y Lu",
      "venue": "International Journal of Computer Vision 132 (2), 515-536, 2024",
      "year": 2024,
      "citations": 4
    },
    {
      "title": "Noise-imitation learning: unpaired speckle noise reduction for optical coherence tomography",
      "url": "https://scholar.google.com/citations?view_op=view_citation&hl=en&user=-BWasB8AAAAJ&citation_for_view=-BWasB8AAAAJ:ufrVoPGSRksC",
      "authors": "B Yao, L Jin, J Hu, Y Liu, Y Yan, Q Li, Y Lu",
      "venue": "Physics in Medicine & Biology 69 (18), 185003, 2024",
      "year": 2024,
      "citations": 1
    },
    {
      "title": "Background-aware classification activation map for weakly supervised object localization",
      "url": "https://scholar.google.com/citations?view_op=view_citation&hl=en&user=-BWasB8AAAAJ&citation_for_view=-BWasB8AAAAJ:IjCSPb-OGe4C",
      "authors": "L Zhu, Q She, Q Chen, X Meng, M Geng, L Jin, Y Zhang, Q Ren, Y Lu",
      "venue": "IEEE Transactions on Pattern Analysis and Machine Intelligence 45 (12 …, 2023",
      "year": 2023,
      "citations": 35
    },
    {
      "title": "Multi-level Asymmetric Contrastive Learning for Volumetric Medical Image Segmentation Pre-training",
      "url": "https://scholar.google.com/citations?view_op=view_citation&hl=en&user=-BWasB8AAAAJ&citation_for_view=-BWasB8AAAAJ:UebtZRa9Y70C",
      "authors": "S Zeng, L Zhu, X Zhang, Q Chen, H He, L Jin, Z Tian, Q Ren, Z Xie, Y Lu",
      "venue": "arXiv preprint arXiv:2309.11876, 2023",
      "year": 2023,
      "citations": 2
    },
    {
      "title": "Multi-level Asymmetric Contrastive Learning for Medical Image Segmentation Pre-training.",
      "url": "https://scholar.google.com/citations?view_op=view_citation&hl=en&user=-BWasB8AAAAJ&citation_for_view=-BWasB8AAAAJ:LkGwnXOMwfcC",
      "authors": "S Zeng, L Zhu, X Zhang, Z Tian, Q Chen, L Jin, J Wang, Y Lu",
      "venue": "CoRR, 2023",
      "year": 2023,
      "citations": 0
    },
    {
      "title": "Bagging regional classification activation maps for weakly supervised object localization",
      "url": "https://scholar.google.com/citations?view_op=view_citation&hl=en&user=-BWasB8AAAAJ&citation_for_view=-BWasB8AAAAJ:zYLM7Y9cAGgC",
      "authors": "L Zhu, Q Chen, L Jin, Y You, Y Lu",
      "venue": "European conference on computer vision, 176-192, 2022",
      "year": 2022,
      "citations": 33
    },
    {
      "title": "Boosting medical image segmentation via conditional-synergistic convolution and lesion decoupling",
      "url": "https://scholar.google.com/citations?view_op=view_citation&hl=en&user=-BWasB8AAAAJ&citation_for_view=-BWasB8AAAAJ:Tyk-4Ss8FVUC",
      "authors": "H Yang, Q Chen, K Fu, L Zhu, L Jin, B Qiu, Q Ren, H Du, Y Lu",
      "venue": "Computerized Medical Imaging and Graphics 101, 102110, 2022",
      "year": 2022,
      "citations": 13
    },
    {
      "title": "Evaluating the impact of different positron emitters on the performance of a clinical PET/MR system",
      "url": "https://scholar.google.com/citations?view_op=view_citation&hl=en&user=-BWasB8AAAAJ&citation_for_view=-BWasB8AAAAJ:UeHWp8X0CEIC",
      "authors": "X Meng, H Liu, H Li, S Wang, H Sun, F Wang, J Ding, L He, X Chen, L Jin, ...",
      "venue": "Medical Physics 49 (4), 2642-2651, 2022",
      "year": 2022,
      "citations": 7
    },
    {
      "title": "Content-noise complementary learning for medical image denoising",
      "url": "https://scholar.google.com/citations?view_op=view_citation&hl=en&user=-BWasB8AAAAJ&citation_for_view=-BWasB8AAAAJ:qjMakFHDy7sC",
      "authors": "M Geng, X Meng, J Yu, L Zhu, L Jin, Z Jiang, B Qiu, H Li, H Kong, J Yuan, ...",
      "venue": "IEEE transactions on medical imaging 41 (2), 407-419, 2021",
      "year": 2021,
      "citations": 178
    },
    {
      "title": "Analysis of New Super-Resolution Microscopy Technology",
      "url": "https://scholar.google.com/citations?view_op=view_citation&hl=en&user=-BWasB8AAAAJ&citation_for_view=-BWasB8AAAAJ:Y0pCki6q_DkC",
      "authors": "L Jin, Y He, L Qu, C Zhang, M Li, P Xi",
      "venue": "Laser & Optoelectronics Progress 55 (3), 030006, 2018",
      "year": 2018,
      "citations": 0
    },
    {
      "title": "ART-FR: masked Auto-Regressive Transformer for Face Restoration",
      "url": "https://scholar.google.com/citations?view_op=view_citation&hl=en&user=-BWasB8AAAAJ&citation_for_view=-BWasB8AAAAJ:roLk4NBRz8UC",
      "authors": "Z Yao, JK Hu, L Jin, L Zhu, H He, Y Lu",
      "venue": "",
      "citations": 0
    },
    {
      "title": "ShareFormer: Share Attention for Efficient Image Restoration",
      "url": "https://scholar.google.com/citations?view_op=view_citation&hl=en&user=-BWasB8AAAAJ&citation_for_view=-BWasB8AAAAJ:eQOLeE2rZwMC",
      "authors": "JK Hu, L Jin, Y Lu",
      "venue": "",
      "citations": 0
    }
  ],
  "co_authors": [
    {
      "name": "Yanye Lu",
      "scholar_id": "WSFToOMAAAAJ",
      "url": "https://scholar.google.com/citations?user=WSFToOMAAAAJ"
    },
    {
      "name": "Qiushi Ren",
      "scholar_id": "7cOdUFgAAAAJ",
      "url": "https://scholar.google.com/citations?user=7cOdUFgAAAAJ"
    },
    {
      "name": "Xiangxi Meng",
      "scholar_id": "M0Op3IYAAAAJ",
      "url": "https://scholar.google.com/citations?user=M0Op3IYAAAAJ"
    },
    {
      "name": "Qian Chen",
      "scholar_id": "Wz0lfcwAAAAJ",
      "url": "https://scholar.google.com/citations?user=Wz0lfcwAAAAJ"
    },
    {
      "name": "JiaKui Hu",
      "scholar_id": "VagFt-sAAAAJ",
      "url": "https://scholar.google.com/citations?user=VagFt-sAAAAJ"
    },
    {
      "name": "Hangzhou He",
      "scholar_id": "IVvW2kMAAAAJ",
      "url": "https://scholar.google.com/citations?user=IVvW2kMAAAAJ"
    },
    {
      "name": "Qi She (佘琪)",
      "scholar_id": "iHoGTt4AAAAJ",
      "url": "https://scholar.google.com/citations?user=iHoGTt4AAAAJ"
    },
    {
      "name": "Keren Fu",
      "scholar_id": "aga7vDkAAAAJ",
      "url": "https://scholar.google.com/citations?user=aga7vDkAAAAJ"
    },
    {
      "name": "Shi Zhao",
      "scholar_id": "d4dHv9oAAAAJ",
      "url": "https://scholar.google.com/citations?user=d4dHv9oAAAAJ"
    }
  ]
}