{
  "author_info": {
    "name": "Roni Paiss",
    "affiliation": "Google DeepMind",
    "email_verified": "Verified email at google.com",
    "interests": [],
    "photo_url": "https://scholar.googleusercontent.com/citations?view_op=view_photo&user=-KSDNZQAAAAJ&citpid=1"
  },
  "citation_stats": {
    "citations_all": 851,
    "citations_since_2020": 851,
    "h_index_all": 10,
    "h_index_since_2020": 10,
    "i10_index_all": 10,
    "i10_index_since_2020": 10,
    "citation_graph": [
      {
        "year": 2022,
        "citations": 13
      },
      {
        "year": 2023,
        "citations": 66
      },
      {
        "year": 2024,
        "citations": 289
      },
      {
        "year": 2025,
        "citations": 479
      }
    ]
  },
  "papers": [
    {
      "title": "Recapture: Generative video camera controls for user-provided videos using masked video fine-tuning",
      "url": "https://scholar.google.com/citations?view_op=view_citation&hl=en&user=-KSDNZQAAAAJ&citation_for_view=-KSDNZQAAAAJ:W7OEmFMy1HYC",
      "authors": "DJ Zhang, R Paiss, S Zada, N Karnad, DE Jacobs, Y Pritch, I Mosseri, ...",
      "venue": "Proceedings of the Computer Vision and Pattern Recognition Conference, 2050-2062, 2025",
      "year": 2025,
      "citations": 25
    },
    {
      "title": "Tokenverse: Versatile multi-concept personalization in token modulation space",
      "url": "https://scholar.google.com/citations?view_op=view_citation&hl=en&user=-KSDNZQAAAAJ&citation_for_view=-KSDNZQAAAAJ:WF5omc3nYNoC",
      "authors": "D Garibi, S Yadin, R Paiss, O Tov, S Zada, A Ephrat, T Michaeli, I Mosseri, ...",
      "venue": "ACM Transactions On Graphics (TOG) 44 (4), 1-11, 2025",
      "year": 2025,
      "citations": 11
    },
    {
      "title": "What are you doing? a closer look at controllable human video generation",
      "url": "https://scholar.google.com/citations?view_op=view_citation&hl=en&user=-KSDNZQAAAAJ&citation_for_view=-KSDNZQAAAAJ:ufrVoPGSRksC",
      "authors": "E Bugliarello, A Arnab, R Paiss, PJ Kindermans, C Schmid",
      "venue": "arXiv preprint arXiv:2503.04666, 2025",
      "year": 2025,
      "citations": 2
    },
    {
      "title": "Simvs: Simulating world inconsistencies for robust view synthesis",
      "url": "https://scholar.google.com/citations?view_op=view_citation&hl=en&user=-KSDNZQAAAAJ&citation_for_view=-KSDNZQAAAAJ:eQOLeE2rZwMC",
      "authors": "A Trevithick, R Paiss, P Henzler, D Verbin, R Wu, H Alzayer, R Gao, ...",
      "venue": "Proceedings of the Computer Vision and Pattern Recognition Conference, 16464 …, 2025",
      "year": 2025,
      "citations": 2
    },
    {
      "title": "SAEdit: Token-level control for continuous image editing via Sparse AutoEncoder",
      "url": "https://scholar.google.com/citations?view_op=view_citation&hl=en&user=-KSDNZQAAAAJ&citation_for_view=-KSDNZQAAAAJ:_FxGoFyzp5QC",
      "authors": "R Kamenetsky, S Dorfman, D Garibi, R Paiss, O Patashnik, D Cohen-Or",
      "venue": "arXiv preprint arXiv:2510.05081, 2025",
      "year": 2025,
      "citations": 0
    },
    {
      "title": "Lumiere: A space-time diffusion model for video generation",
      "url": "https://scholar.google.com/citations?view_op=view_citation&hl=en&user=-KSDNZQAAAAJ&citation_for_view=-KSDNZQAAAAJ:qjMakFHDy7sC",
      "authors": "O Bar-Tal, H Chefer, O Tov, C Herrmann, R Paiss, S Zada, A Ephrat, J Hur, ...",
      "venue": "SIGGRAPH Asia 2024 Conference Papers, 1-11, 2024",
      "year": 2024,
      "citations": 368
    },
    {
      "title": "Imagen 3",
      "url": "https://scholar.google.com/citations?view_op=view_citation&hl=en&user=-KSDNZQAAAAJ&citation_for_view=-KSDNZQAAAAJ:Y0pCki6q_DkC",
      "authors": "J Baldridge, J Bauer, M Bhutani, N Brichtova, A Bunner, L Castrejon, ...",
      "venue": "arXiv preprint arXiv:2408.07009, 2024",
      "year": 2024,
      "citations": 82
    },
    {
      "title": "Still-moving: Customized video generation without customized video data",
      "url": "https://scholar.google.com/citations?view_op=view_citation&hl=en&user=-KSDNZQAAAAJ&citation_for_view=-KSDNZQAAAAJ:IjCSPb-OGe4C",
      "authors": "H Chefer, S Zada, R Paiss, A Ephrat, O Tov, M Rubinstein, L Wolf, T Dekel, ...",
      "venue": "ACM Transactions on Graphics (TOG) 43 (6), 1-11, 2024",
      "year": 2024,
      "citations": 45
    },
    {
      "title": "VidPanos: Generative panoramic videos from casual panning videos",
      "url": "https://scholar.google.com/citations?view_op=view_citation&hl=en&user=-KSDNZQAAAAJ&citation_for_view=-KSDNZQAAAAJ:zYLM7Y9cAGgC",
      "authors": "J Ma, E Lu, R Paiss, S Zada, A Holynski, T Dekel, B Curless, M Rubinstein, ...",
      "venue": "SIGGRAPH Asia 2024 Conference Papers, 1-11, 2024",
      "year": 2024,
      "citations": 6
    },
    {
      "title": "The Slingshot Effect: A Late-Stage Optimization Anomaly in Adaptive Gradient Methods",
      "url": "https://scholar.google.com/citations?view_op=view_citation&hl=en&user=-KSDNZQAAAAJ&citation_for_view=-KSDNZQAAAAJ:UeHWp8X0CEIC",
      "authors": "V Thilak, E Littwin, S Zhai, O Saremi, R Paiss, JM Susskind",
      "venue": "Transactions on Machine Learning Research, 2024",
      "year": 2024,
      "citations": 2
    },
    {
      "title": "ReCapture: Generative Video Camera Controls for User-Provided Videos using Masked Video Fine-Tuning",
      "url": "https://scholar.google.com/citations?view_op=view_citation&hl=en&user=-KSDNZQAAAAJ&citation_for_view=-KSDNZQAAAAJ:YsMSGLbcyi4C",
      "authors": "D Junhao Zhang, R Paiss, S Zada, N Karnad, DE Jacobs, Y Pritch, ...",
      "venue": "arXiv e-prints, arXiv: 2411.05003, 2024",
      "year": 2024,
      "citations": 0
    },
    {
      "title": "Teaching clip to count to ten",
      "url": "https://scholar.google.com/citations?view_op=view_citation&hl=en&user=-KSDNZQAAAAJ&citation_for_view=-KSDNZQAAAAJ:2osOgNQ5qMEC",
      "authors": "R Paiss, A Ephrat, O Tov, S Zada, I Mosseri, M Irani, T Dekel",
      "venue": "Proceedings of the IEEE/CVF International Conference on Computer Vision …, 2023",
      "year": 2023,
      "citations": 145
    },
    {
      "title": "The slingshot mechanism: An empirical study of adaptive optimizers and the grokking phenomenon",
      "url": "https://scholar.google.com/citations?view_op=view_citation&hl=en&user=-KSDNZQAAAAJ&citation_for_view=-KSDNZQAAAAJ:d1gkVwhDpl0C",
      "authors": "V Thilak, E Littwin, S Zhai, O Saremi, R Paiss, J Susskind",
      "venue": "arXiv preprint arXiv:2206.04817, 2022",
      "year": 2022,
      "citations": 65
    },
    {
      "title": "Image-based clip-guided essence transfer",
      "url": "https://scholar.google.com/citations?view_op=view_citation&hl=en&user=-KSDNZQAAAAJ&citation_for_view=-KSDNZQAAAAJ:u-x6o8ySG0sC",
      "authors": "H Chefer, S Benaim, R Paiss, L Wolf",
      "venue": "European Conference on Computer Vision, 695-711, 2022",
      "year": 2022,
      "citations": 50
    },
    {
      "title": "No token left behind: Explainability-aided image classification and generation",
      "url": "https://scholar.google.com/citations?view_op=view_citation&hl=en&user=-KSDNZQAAAAJ&citation_for_view=-KSDNZQAAAAJ:u5HHmVD_uO8C",
      "authors": "R Paiss, H Chefer, L Wolf",
      "venue": "European conference on computer vision, 334-350, 2022",
      "year": 2022,
      "citations": 35
    },
    {
      "title": "The slingshot mechanism: An empirical study of adaptive optimizers and the\\emph {Grokking Phenomenon}",
      "url": "https://scholar.google.com/citations?view_op=view_citation&hl=en&user=-KSDNZQAAAAJ&citation_for_view=-KSDNZQAAAAJ:9yKSN-GCB0IC",
      "authors": "V Thilak, E Littwin, S Zhai, O Saremi, R Paiss, JM Susskind",
      "venue": "Has it Trained Yet? NeurIPS 2022 Workshop, 2022",
      "year": 2022,
      "citations": 2
    },
    {
      "title": "Lumiere: A space-time diffusion model for video generation, 2024",
      "url": "https://scholar.google.com/citations?view_op=view_citation&hl=en&user=-KSDNZQAAAAJ&citation_for_view=-KSDNZQAAAAJ:Tyk-4Ss8FVUC",
      "authors": "O Bar-Tal, H Chefer, O Tov, C Herrmann, R Paiss, S Zada, A Ephrat, J Hur, ...",
      "venue": "URL https://arxiv. org/abs/2401.12945 1 (4), 0",
      "citations": 11
    }
  ],
  "co_authors": []
}