{
  "author_info": {
    "name": "Long Chen (陈隆)",
    "affiliation": "Assistant Professor, Dept. of CSE, Hong Kong University of Science and Technology",
    "email_verified": "Verified email at ust.hk - Homepage",
    "website": "https://zjuchenlong.github.io/",
    "interests": [
      "Computer Vision",
      "Multimodality",
      "Multimedia",
      "Machine Learning",
      "Vision-Language"
    ],
    "photo_url": "https://scholar.googleusercontent.com/citations?view_op=view_photo&user=-gtmMpIAAAAJ&citpid=9"
  },
  "citation_stats": {
    "citations_all": 8274,
    "citations_since_2020": 7762,
    "h_index_all": 38,
    "h_index_since_2020": 38,
    "i10_index_all": 77,
    "i10_index_since_2020": 77,
    "citation_graph": [
      {
        "year": 2017,
        "citations": 21
      },
      {
        "year": 2018,
        "citations": 133
      },
      {
        "year": 2019,
        "citations": 338
      },
      {
        "year": 2020,
        "citations": 499
      },
      {
        "year": 2021,
        "citations": 758
      },
      {
        "year": 2022,
        "citations": 1138
      },
      {
        "year": 2023,
        "citations": 1517
      },
      {
        "year": 2024,
        "citations": 1861
      },
      {
        "year": 2025,
        "citations": 1954
      }
    ]
  },
  "papers": [
    {
      "title": "Crossformer++: A Versatile Vision Transformer Hinging on Cross-Scale Attention",
      "url": "https://scholar.google.com/citations?view_op=view_citation&hl=en&user=-gtmMpIAAAAJ&citation_for_view=-gtmMpIAAAAJ:L7CI7m0gUJcC",
      "authors": "W Wang, W Chen, Q Qiu, L Chen, B Wu, B Lin, X He, W Liu",
      "venue": "IEEE Transactions on Pattern Analysis and Machine Intelligence (TPAMI), 2023 …, 2023",
      "year": 2023,
      "citations": 512
    },
    {
      "title": "Federated Unsupervised Representation Learning",
      "url": "https://scholar.google.com/citations?view_op=view_citation&hl=en&user=-gtmMpIAAAAJ&citation_for_view=-gtmMpIAAAAJ:RGFaLdJalmkC",
      "authors": "F Zhang, K Kuang, L Chen, Z You, T Shen, J Xiao, Y Zhang, C Wu, F Wu, ...",
      "venue": "Frontiers of Information Technology & Electronic Engineering (FITEE), 2023, 2023",
      "year": 2023,
      "citations": 201
    },
    {
      "title": "Crossformer: A Versatile Vision Transformer Hinging on Cross-Scale Attention",
      "url": "https://scholar.google.com/citations?view_op=view_citation&hl=en&user=-gtmMpIAAAAJ&citation_for_view=-gtmMpIAAAAJ:BUYA1_V_uYcC",
      "authors": "W Wang, L Yao, L Chen, B Lin, D Cai, X He, W Liu",
      "venue": "International Conference on Learning Representations (ICLR), 2022, 2023",
      "year": 2023,
      "citations": 103
    },
    {
      "title": "A Closer Look at Debiased Temporal Sentence Grounding in Videos: Dataset, Metric, and Approach",
      "url": "https://scholar.google.com/citations?view_op=view_citation&hl=en&user=-gtmMpIAAAAJ&citation_for_view=-gtmMpIAAAAJ:O3NaXMp0MMsC",
      "authors": "X Lan, Y Yuan, X Wang, L Chen, Z Wang, L Ma, W Zhu",
      "venue": "ACM Transactions on Multimedia Computing, Communications, and Applications …, 2023",
      "year": 2023,
      "citations": 89
    },
    {
      "title": "Few-Shot Object Detection with Fully Cross-Transformer",
      "url": "https://scholar.google.com/citations?view_op=view_citation&hl=en&user=-gtmMpIAAAAJ&citation_for_view=-gtmMpIAAAAJ:blknAaTinKkC",
      "authors": "G Han, J Ma, S Huang, L Chen, SF Chang",
      "venue": "Computer Vision and Pattern Recognition (CVPR, Oral), 2022, 2022",
      "year": 2022,
      "citations": 232
    },
    {
      "title": "The Devil is in the Labels: Noisy Label Correction for Robust Scene Graph Generation",
      "url": "https://scholar.google.com/citations?view_op=view_citation&hl=en&user=-gtmMpIAAAAJ&citation_for_view=-gtmMpIAAAAJ:hMsQuOkrut0C",
      "authors": "L Li, L Chen, Y Huang, Z Zhang, S Zhang, J Xiao",
      "venue": "Computer Vision and Pattern Recognition (CVPR), 2022, 18869-18878, 2022",
      "year": 2022,
      "citations": 144
    },
    {
      "title": "Deep Learning for Weakly-Supervised Object Detection and Object Localization: A Survey",
      "url": "https://scholar.google.com/citations?view_op=view_citation&hl=en&user=-gtmMpIAAAAJ&citation_for_view=-gtmMpIAAAAJ:qUcmZB5y_30C",
      "authors": "F Shao, L Chen, J Shao, W Ji, S Xiao, L Ye, Y Zhuang, J Xiao",
      "venue": "Neurocomputing, 2022, 2022",
      "year": 2022,
      "citations": 119
    },
    {
      "title": "Boundary Proposal Network for Two-Stage Natural Language Video Localization",
      "url": "https://scholar.google.com/citations?view_op=view_citation&hl=en&user=-gtmMpIAAAAJ&citation_for_view=-gtmMpIAAAAJ:hFOr9nPyWt4C",
      "authors": "S Xiao, L Chen, S Zhang, W Ji, J Shao, L Ye, J Xiao",
      "venue": "AAAI Conference on Artificial Intelligence (AAAI), 2021 35 (4), 2986-2994, 2021",
      "year": 2021,
      "citations": 201
    },
    {
      "title": "Ref-NMS: Breaking Proposal Bottlenecks in Two-Stage Referring Expression Grounding",
      "url": "https://scholar.google.com/citations?view_op=view_citation&hl=en&user=-gtmMpIAAAAJ&citation_for_view=-gtmMpIAAAAJ:mB3voiENLucC",
      "authors": "L Chen*, W Ma*, J Xiao, H Zhang, SF Chang",
      "venue": "AAAI Conference on Artificial Intelligence (AAAI), 2021 35 (2), 1036-1044, 2021",
      "year": 2021,
      "citations": 137
    },
    {
      "title": "On Pursuit of Designing Multi-modal Transformer for Video Grounding",
      "url": "https://scholar.google.com/citations?view_op=view_citation&hl=en&user=-gtmMpIAAAAJ&citation_for_view=-gtmMpIAAAAJ:RHpTSmoSYBkC",
      "authors": "M Cao, L Chen, MZ Shou, C Zhang, Y Zou",
      "venue": "Empirical Methods in Natural Language Processing (EMNLP, Oral), 2021, 2021",
      "year": 2021,
      "citations": 106
    },
    {
      "title": "Shapley Counterfactual Credits for Multi-Agent Reinforcement Learning",
      "url": "https://scholar.google.com/citations?view_op=view_citation&hl=en&user=-gtmMpIAAAAJ&citation_for_view=-gtmMpIAAAAJ:hC7cP41nSMkC",
      "authors": "J Li, K Kuang, B Wang, F Liu, L Chen, F Wu, J Xiao",
      "venue": "SIGKDD Conference on Knowledge Discovery and Data Mining (KDD), 2021, 2021",
      "year": 2021,
      "citations": 98
    },
    {
      "title": "Human-like Controllable Image Captioning with Verb-specific Semantic Roles",
      "url": "https://scholar.google.com/citations?view_op=view_citation&hl=en&user=-gtmMpIAAAAJ&citation_for_view=-gtmMpIAAAAJ:QIV2ME_5wuYC",
      "authors": "L Chen*, Z Jiang*, J Xiao, W Liu",
      "venue": "Computer Vision and Pattern Recognition (CVPR), 2021, 2021",
      "year": 2021,
      "citations": 91
    },
    {
      "title": "Counterfactual Samples Synthesizing for Robust Visual Question Answering",
      "url": "https://scholar.google.com/citations?view_op=view_citation&hl=en&user=-gtmMpIAAAAJ&citation_for_view=-gtmMpIAAAAJ:ILKRHgRFtOwC",
      "authors": "L Chen, X Yan, J Xiao, H Zhang, S Pu, Y Zhuang",
      "venue": "Computer Vision and Pattern Recognition (CVPR), 2020, 10800-10809, 2020",
      "year": 2020,
      "citations": 436
    },
    {
      "title": "Rethinking the Bottom-Up Framework for Query-based Video Localization",
      "url": "https://scholar.google.com/citations?view_op=view_citation&hl=en&user=-gtmMpIAAAAJ&citation_for_view=-gtmMpIAAAAJ:0EnyYjriUFMC",
      "authors": "L Chen*, C Lu*, S Tang, J Xiao, D Zhang, C Tan, X Li",
      "venue": "AAAI Conference on Artificial Intelligence (AAAI, Oral), 2020, 2020",
      "year": 2020,
      "citations": 192
    },
    {
      "title": "Hierarchical Fashion Graph Network for Personalised Outfit Recommendation",
      "url": "https://scholar.google.com/citations?view_op=view_citation&hl=en&user=-gtmMpIAAAAJ&citation_for_view=-gtmMpIAAAAJ:MXK_kJrjxJIC",
      "authors": "X Li, X Wang, X He, L Chen, J Xiao, TS Chua",
      "venue": "ACM Conference on Research and Development in Information Retrieval (SIGIR …, 2020",
      "year": 2020,
      "citations": 171
    },
    {
      "title": "Counterfactual Critic Multi-Agent Training for Scene Graph Generation",
      "url": "https://scholar.google.com/citations?view_op=view_citation&hl=en&user=-gtmMpIAAAAJ&citation_for_view=-gtmMpIAAAAJ:zYLM7Y9cAGgC",
      "authors": "L Chen, H Zhang, J Xiao, X He, S Pu, SF Chang",
      "venue": "International Conference on Computer Vision (ICCV, Oral), 2019, 2019",
      "year": 2019,
      "citations": 206
    },
    {
      "title": "DEBUG: A Dense Bottom-Up Grounding Approach for Natural Language Video Localization",
      "url": "https://scholar.google.com/citations?view_op=view_citation&hl=en&user=-gtmMpIAAAAJ&citation_for_view=-gtmMpIAAAAJ:5nxA0vEk-isC",
      "authors": "C Lu*, L Chen*, C Tan, X Li, J Xiao",
      "venue": "Empirical Methods in Natural Language Processing (EMNLP, Oral), 2019, 2019",
      "year": 2019,
      "citations": 171
    },
    {
      "title": "Zero-Shot Visual Recognition using Semantics-Preserving Adversarial Embedding Networks",
      "url": "https://scholar.google.com/citations?view_op=view_citation&hl=en&user=-gtmMpIAAAAJ&citation_for_view=-gtmMpIAAAAJ:UeHWp8X0CEIC",
      "authors": "L Chen, H Zhang, J Xiao, W Liu, SF Chang",
      "venue": "Computer Vision and Pattern Recognition (CVPR), 2018, 2018",
      "year": 2018,
      "citations": 383
    },
    {
      "title": "SCA-CNN: Spatial and Channel-wise Attention in Convolutional Networks for Image Captioning",
      "url": "https://scholar.google.com/citations?view_op=view_citation&hl=en&user=-gtmMpIAAAAJ&citation_for_view=-gtmMpIAAAAJ:2osOgNQ5qMEC",
      "authors": "L Chen, H Zhang, J Xiao, L Nie, J Shao, W Liu, TS Chua",
      "venue": "Computer Vision and Pattern Recognition (CVPR), 2017, 2017",
      "year": 2017,
      "citations": 2431
    },
    {
      "title": "Video Question Answering via Attribute-Augmented Attention Network Learning",
      "url": "https://scholar.google.com/citations?view_op=view_citation&hl=en&user=-gtmMpIAAAAJ&citation_for_view=-gtmMpIAAAAJ:d1gkVwhDpl0C",
      "authors": "Y Ye, Z Zhao, Y Li, L Chen, J Xiao, Y Zhuang",
      "venue": "ACM Conference on Research and Development in Information Retrieval (SIGIR …, 2017",
      "year": 2017,
      "citations": 134
    }
  ],
  "co_authors": [
    {
      "name": "Jun XIAO （肖俊）",
      "scholar_id": "fqOwFhQAAAAJ",
      "url": "https://scholar.google.com/citations?user=fqOwFhQAAAAJ"
    },
    {
      "name": "Hanwang Zhang (张含望）",
      "scholar_id": "YG0DFyYAAAAJ",
      "url": "https://scholar.google.com/citations?user=YG0DFyYAAAAJ"
    },
    {
      "name": "Wei Liu, AAAS/IEEE/IAPR Fellow",
      "scholar_id": "AjxoEpIAAAAJ",
      "url": "https://scholar.google.com/citations?user=AjxoEpIAAAAJ"
    },
    {
      "name": "Shih-Fu Chang",
      "scholar_id": "OMVTRscAAAAJ",
      "url": "https://scholar.google.com/citations?user=OMVTRscAAAAJ"
    },
    {
      "name": "Kun Kuang",
      "scholar_id": "FOsNiMQAAAAJ",
      "url": "https://scholar.google.com/citations?user=FOsNiMQAAAAJ"
    },
    {
      "name": "Tat-Seng Chua",
      "scholar_id": "Z9DWCBEAAAAJ",
      "url": "https://scholar.google.com/citations?user=Z9DWCBEAAAAJ"
    },
    {
      "name": "Dong Zhang（张冬）",
      "scholar_id": "zxVy7sIAAAAJ",
      "url": "https://scholar.google.com/citations?user=zxVy7sIAAAAJ"
    },
    {
      "name": "Wenxiao Wang",
      "scholar_id": "rcxOjikAAAAJ",
      "url": "https://scholar.google.com/citations?user=rcxOjikAAAAJ"
    },
    {
      "name": "Meng Cao",
      "scholar_id": "ZRbRQ0cAAAAJ",
      "url": "https://scholar.google.com/citations?user=ZRbRQ0cAAAAJ"
    },
    {
      "name": "Fei Wu",
      "scholar_id": "XJLn4MYAAAAJ",
      "url": "https://scholar.google.com/citations?user=XJLn4MYAAAAJ"
    },
    {
      "name": "Zhen Wang",
      "scholar_id": "eQ-G_bQAAAAJ",
      "url": "https://scholar.google.com/citations?user=eQ-G_bQAAAAJ"
    },
    {
      "name": "Jiahui Li",
      "scholar_id": "epB593kAAAAJ",
      "url": "https://scholar.google.com/citations?user=epB593kAAAAJ"
    },
    {
      "name": "Fengda Zhang (张凤达）",
      "scholar_id": "odIl1AIAAAAJ",
      "url": "https://scholar.google.com/citations?user=odIl1AIAAAAJ"
    },
    {
      "name": "Yulei Niu",
      "scholar_id": "WXd3dDwAAAAJ",
      "url": "https://scholar.google.com/citations?user=WXd3dDwAAAAJ"
    },
    {
      "name": "Yi Yang",
      "scholar_id": "RMSuNFwAAAAJ",
      "url": "https://scholar.google.com/citations?user=RMSuNFwAAAAJ"
    },
    {
      "name": "Guangxing Han",
      "scholar_id": "1dh5WWUAAAAJ",
      "url": "https://scholar.google.com/citations?user=1dh5WWUAAAAJ"
    },
    {
      "name": "Songyang Zhang",
      "scholar_id": "80LwB0cAAAAJ",
      "url": "https://scholar.google.com/citations?user=80LwB0cAAAAJ"
    },
    {
      "name": "Liqiang Nie, IAPR Fellow",
      "scholar_id": "yywVMhUAAAAJ",
      "url": "https://scholar.google.com/citations?user=yywVMhUAAAAJ"
    },
    {
      "name": "Kaifeng Gao - 高凯锋",
      "scholar_id": "gpk70j8AAAAJ",
      "url": "https://scholar.google.com/citations?user=gpk70j8AAAAJ"
    },
    {
      "name": "Jiawei Phoenix MA",
      "scholar_id": "kXbWREkAAAAJ",
      "url": "https://scholar.google.com/citations?user=kXbWREkAAAAJ"
    }
  ]
}