{
  "author_info": {
    "name": "Dovile Juodelyte",
    "affiliation": "PhD Fellow, IT University of Copenhagen",
    "email_verified": "Verified email at itu.dk",
    "interests": [
      "Data Science",
      "Machine Learning",
      "Transfer Learning",
      "Medical Imaging"
    ],
    "photo_url": "https://scholar.googleusercontent.com/citations?view_op=view_photo&user=-93_z-wAAAAJ&citpid=1"
  },
  "citation_stats": {
    "citations_all": 134,
    "citations_since_2020": 134,
    "h_index_all": 7,
    "h_index_since_2020": 7,
    "i10_index_all": 6,
    "i10_index_since_2020": 6,
    "citation_graph": [
      {
        "year": 2023,
        "citations": 8
      },
      {
        "year": 2024,
        "citations": 37
      },
      {
        "year": 2025,
        "citations": 86
      }
    ]
  },
  "papers": [
    {
      "title": "In the picture: Medical imaging datasets, artifacts, and their living review",
      "url": "https://scholar.google.com/citations?view_op=view_citation&hl=en&user=-93_z-wAAAAJ&citation_for_view=-93_z-wAAAAJ:LkGwnXOMwfcC",
      "authors": "A Jiménez-Sánchez, NR Avlona, S de Boer, VM Campello, A Feragen, ...",
      "venue": "Proceedings of the 2025 ACM Conference on Fairness, Accountability, and …, 2025",
      "year": 2025,
      "citations": 8
    },
    {
      "title": "Exploring connections of spectral analysis and transfer learning in medical imaging",
      "url": "https://scholar.google.com/citations?view_op=view_citation&hl=en&user=-93_z-wAAAAJ&citation_for_view=-93_z-wAAAAJ:eQOLeE2rZwMC",
      "authors": "Y Lu, D Juodelyte, JD Victor, V Cheplygina",
      "venue": "Medical Imaging 2025: Image Processing 13406, 763-770, 2025",
      "year": 2025,
      "citations": 3
    },
    {
      "title": "Learning to Harmonize Cross-Vendor X-ray Images by Non-linear Image Dynamics Correction",
      "url": "https://scholar.google.com/citations?view_op=view_citation&hl=en&user=-93_z-wAAAAJ&citation_for_view=-93_z-wAAAAJ:hqOjcs7Dif8C",
      "authors": "Y Lu, S Wang, D Juodelyte, V Cheplygina",
      "venue": "Annual Conference on Medical Image Understanding and Analysis, 102-115, 2025",
      "year": 2025,
      "citations": 0
    },
    {
      "title": "Augmenting Chest X-ray Datasets with Non-Expert Annotations",
      "url": "https://scholar.google.com/citations?view_op=view_citation&hl=en&user=-93_z-wAAAAJ&citation_for_view=-93_z-wAAAAJ:UebtZRa9Y70C",
      "authors": "V Cheplygina, C Damgaard, TN Eriksen, D Juodelyte, ...",
      "venue": "Annual Conference on Medical Image Understanding and Analysis, 133-144, 2025",
      "year": 2025,
      "citations": 0
    },
    {
      "title": "In the Picture: Medical Imaging Datasets, Artifacts, and their Living Review",
      "url": "https://scholar.google.com/citations?view_op=view_citation&hl=en&user=-93_z-wAAAAJ&citation_for_view=-93_z-wAAAAJ:MXK_kJrjxJIC",
      "authors": "NR Avlona, S de Boer, VM Campello, A Feragen, E Ferrante, M Ganz, ...",
      "venue": "",
      "citations": 0,
      "year": 2025
    },
    {
      "title": "From Cats to CTs: Cross-Domain Transfer in Medical Image Classification",
      "url": "https://scholar.google.com/citations?view_op=view_citation&hl=en&user=-93_z-wAAAAJ&citation_for_view=-93_z-wAAAAJ:5nxA0vEk-isC",
      "authors": "D Juodelyte",
      "venue": "",
      "citations": 0,
      "year": 2025
    },
    {
      "title": "Source matters: Source dataset impact on model robustness in medical imaging",
      "url": "https://scholar.google.com/citations?view_op=view_citation&hl=en&user=-93_z-wAAAAJ&citation_for_view=-93_z-wAAAAJ:W7OEmFMy1HYC",
      "authors": "D Juodelyte, Y Lu, A Jiménez-Sánchez, S Bottazzi, E Ferrante, ...",
      "venue": "International Workshop on Applications of Medical AI, 105-115, 2024",
      "year": 2024,
      "citations": 19
    },
    {
      "title": "Copycats: the many lives of a publicly available medical imaging dataset",
      "url": "https://scholar.google.com/citations?view_op=view_citation&hl=en&user=-93_z-wAAAAJ&citation_for_view=-93_z-wAAAAJ:ufrVoPGSRksC",
      "authors": "AJ Sánchez, NR Avlona, D Juodelyte, T Sourget, C Vang-Larsen, ...",
      "venue": "Advances in Neural Information Processing Systems 38 (NeurIPS 2024 …, 2024",
      "year": 2024,
      "citations": 10
    },
    {
      "title": "[Citation needed] Data usage and citation practices in medical imaging conferences",
      "url": "https://scholar.google.com/citations?view_op=view_citation&hl=en&user=-93_z-wAAAAJ&citation_for_view=-93_z-wAAAAJ:Tyk-4Ss8FVUC",
      "authors": "T Sourget, A Akkoç, S Winther, CL Galsgaard, A Jiménez-Sánchez, ...",
      "venue": "arXiv preprint arXiv:2402.03003, 2024",
      "year": 2024,
      "citations": 7
    },
    {
      "title": "On dataset transferability in medical image classification",
      "url": "https://scholar.google.com/citations?view_op=view_citation&hl=en&user=-93_z-wAAAAJ&citation_for_view=-93_z-wAAAAJ:_FxGoFyzp5QC",
      "authors": "D Juodelyte, E Ferrante, Y Lu, P Singh, J Vanschoren, V Cheplygina",
      "venue": "arXiv preprint arXiv:2412.20172, 2024",
      "year": 2024,
      "citations": 2
    },
    {
      "title": "From Cats to CTs: Cross-Domain Transfer in Medical Image",
      "url": "https://scholar.google.com/citations?view_op=view_citation&hl=en&user=-93_z-wAAAAJ&citation_for_view=-93_z-wAAAAJ:0EnyYjriUFMC",
      "authors": "D Juodelyte",
      "venue": "",
      "citations": 0,
      "year": 2024
    },
    {
      "title": "Revisiting Hidden Representations in Transfer Learning for Medical Imaging",
      "url": "https://scholar.google.com/citations?view_op=view_citation&hl=en&user=-93_z-wAAAAJ&citation_for_view=-93_z-wAAAAJ:qjMakFHDy7sC",
      "authors": "D Juodelyte, A Jiménez-Sánchez, V Cheplygina",
      "venue": "Transactions on Machine Learning Research, 2023",
      "year": 2023,
      "citations": 17
    },
    {
      "title": "Augmenting chest x-ray datasets with non-expert annotations",
      "url": "https://scholar.google.com/citations?view_op=view_citation&hl=en&user=-93_z-wAAAAJ&citation_for_view=-93_z-wAAAAJ:zYLM7Y9cAGgC",
      "authors": "C Damgaard, TN Eriksen, D Juodelyte, V Cheplygina, ...",
      "venue": "arXiv preprint arXiv:2309.02244, 2023",
      "year": 2023,
      "citations": 11
    },
    {
      "title": "Detecting Shortcuts in Medical Images—A Case Study in Chest X-rays",
      "url": "https://scholar.google.com/citations?view_op=view_citation&hl=en&user=-93_z-wAAAAJ&citation_for_view=-93_z-wAAAAJ:UeHWp8X0CEIC",
      "authors": "AJ Sánchez, D Juodelyte, B Chamberlain, V Cheplygina",
      "venue": "",
      "citations": 30,
      "year": 2022
    },
    {
      "title": "Predicting bearings degradation stages for predictive maintenance in the pharmaceutical industry",
      "url": "https://scholar.google.com/citations?view_op=view_citation&hl=en&user=-93_z-wAAAAJ&citation_for_view=-93_z-wAAAAJ:d1gkVwhDpl0C",
      "authors": "D Juodelyte, V Cheplygina, T Graversen, P Bonnet",
      "venue": "Proceedings of the 28th acm sigkdd conference on knowledge discovery and …, 2022",
      "year": 2022,
      "citations": 27
    },
    {
      "title": "Detecting Shortcuts in Medical Images--A Case Study in Chest X-rays",
      "url": "https://scholar.google.com/citations?view_op=view_citation&hl=en&user=-93_z-wAAAAJ&citation_for_view=-93_z-wAAAAJ:8k81kl-MbHgC",
      "authors": "D Juodelyte",
      "venue": "arXiv (Cornell University), 2022",
      "year": 2022,
      "citations": 0
    },
    {
      "title": "Source Matters: Source Dataset Impact on Model Robustness in Medical Imaging",
      "url": "https://scholar.google.com/citations?view_op=view_citation&hl=en&user=-93_z-wAAAAJ&citation_for_view=-93_z-wAAAAJ:roLk4NBRz8UC",
      "authors": "D Juodelyte, Y Lu, A Jiménez-Sánchez, S Bottazzi, E Ferrante, ...",
      "venue": "Applications of Medical Artificial Intelligence: Third International …, 0",
      "citations": 0
    }
  ],
  "co_authors": [
    {
      "name": "Veronika Cheplygina",
      "scholar_id": "4x1y2bwAAAAJ",
      "url": "https://scholar.google.com/citations?user=4x1y2bwAAAAJ"
    },
    {
      "name": "Amelia Jiménez-Sánchez",
      "scholar_id": "2xeIA9sAAAAJ",
      "url": "https://scholar.google.com/citations?user=2xeIA9sAAAAJ"
    },
    {
      "name": "Yucheng Lu",
      "scholar_id": "OjqNAD0AAAAJ",
      "url": "https://scholar.google.com/citations?user=OjqNAD0AAAAJ"
    },
    {
      "name": "Philippe Bonnet",
      "scholar_id": "S9zyMRgAAAAJ",
      "url": "https://scholar.google.com/citations?user=S9zyMRgAAAAJ"
    },
    {
      "name": "Therese Graversen",
      "scholar_id": "Q5A51XMAAAAJ",
      "url": "https://scholar.google.com/citations?user=Q5A51XMAAAAJ"
    }
  ]
}