{
  "author_info": {
    "name": "Yihao Zhi",
    "affiliation": "CUHK(SZ)",
    "email_verified": "Verified email at link.cuhk.edu.cn",
    "interests": [
      "3D Vision"
    ],
    "photo_url": "/citations/images/avatar_scholar_128.png"
  },
  "citation_stats": {
    "citations_all": 221,
    "citations_since_2020": 221,
    "h_index_all": 6,
    "h_index_since_2020": 6,
    "i10_index_all": 5,
    "i10_index_since_2020": 5,
    "citation_graph": [
      {
        "year": 2022,
        "citations": 13
      },
      {
        "year": 2023,
        "citations": 29
      },
      {
        "year": 2024,
        "citations": 74
      },
      {
        "year": 2025,
        "citations": 104
      }
    ]
  },
  "papers": [
    {
      "title": "Surfel-based Gaussian inverse rendering for fast and relightable dynamic human reconstruction from monocular videos",
      "url": "https://scholar.google.com/citations?view_op=view_citation&hl=en&user=-LATi7MAAAAJ&citation_for_view=-LATi7MAAAAJ:9yKSN-GCB0IC",
      "authors": "Y Zhao, C Wu, B Huang, Y Zhi, C Zhao, J Wang, S Gao",
      "venue": "IEEE Transactions on Pattern Analysis and Machine Intelligence, 2025",
      "year": 2025,
      "citations": 12
    },
    {
      "title": "StruGauAvatar: Learning Structured 3D Gaussians for Animatable Avatars from Monocular Videos",
      "url": "https://scholar.google.com/citations?view_op=view_citation&hl=en&user=-LATi7MAAAAJ&citation_for_view=-LATi7MAAAAJ:Tyk-4Ss8FVUC",
      "authors": "Y Zhi, W Sun, J Chang, C Ye, W Feng, X Han",
      "venue": "IEEE Transactions on Visualization and Computer Graphics, 2025",
      "year": 2025,
      "citations": 6
    },
    {
      "title": "MVHumanNet++: A Large-scale Dataset of Multi-view Daily Dressing Human Captures with Richer Annotations for 3D Human Digitization",
      "url": "https://scholar.google.com/citations?view_op=view_citation&hl=en&user=-LATi7MAAAAJ&citation_for_view=-LATi7MAAAAJ:Y0pCki6q_DkC",
      "authors": "C Li, H Liao, Y Zhi, X Yang, Z Sun, J Chang, S Cui, X Han",
      "venue": "arXiv preprint arXiv:2505.01838, 2025",
      "year": 2025,
      "citations": 1
    },
    {
      "title": "MAG: Multi-Modal Aligned Autoregressive Co-Speech Gesture Generation without Vector Quantization",
      "url": "https://scholar.google.com/citations?view_op=view_citation&hl=en&user=-LATi7MAAAAJ&citation_for_view=-LATi7MAAAAJ:IjCSPb-OGe4C",
      "authors": "B Liu, L Liu, S Zhang, S Gu, Y Zhi, T Zhu, L Yang, L Ye",
      "venue": "arXiv preprint arXiv:2503.14040, 2025",
      "year": 2025,
      "citations": 1
    },
    {
      "title": "ReconViaGen: Towards Accurate Multi-view 3D Object Reconstruction via Generation",
      "url": "https://scholar.google.com/citations?view_op=view_citation&hl=en&user=-LATi7MAAAAJ&citation_for_view=-LATi7MAAAAJ:YsMSGLbcyi4C",
      "authors": "J Chang, C Ye, Y Wu, Y Chen, Y Zhang, Z Luo, C Li, Y Zhi, X Han",
      "venue": "arXiv preprint arXiv:2510.23306, 2025",
      "year": 2025,
      "citations": 0
    },
    {
      "title": "MV-Performer: Taming Video Diffusion Model for Faithful and Synchronized Multi-view Performer Synthesis",
      "url": "https://scholar.google.com/citations?view_op=view_citation&hl=en&user=-LATi7MAAAAJ&citation_for_view=-LATi7MAAAAJ:W7OEmFMy1HYC",
      "authors": "Y Zhi, C Li, H Liao, X Yang, Z Sun, J Chang, X Cun, W Feng, X Han",
      "venue": "arXiv preprint arXiv:2510.07190, 2025",
      "year": 2025,
      "citations": 0
    },
    {
      "title": "Exploring Disentangled and Controllable Human Image Synthesis: From End-to-End to Stage-by-Stage",
      "url": "https://scholar.google.com/citations?view_op=view_citation&hl=en&user=-LATi7MAAAAJ&citation_for_view=-LATi7MAAAAJ:zYLM7Y9cAGgC",
      "authors": "Z Sun, C Li, H Liao, X Yang, K Zheng, H Li, Y Zhi, S Ning, S Cui, X Han",
      "venue": "arXiv preprint arXiv:2503.19486, 2025",
      "year": 2025,
      "citations": 0
    },
    {
      "title": "Gaustudio: A modular framework for 3d gaussian splatting and beyond",
      "url": "https://scholar.google.com/citations?view_op=view_citation&hl=en&user=-LATi7MAAAAJ&citation_for_view=-LATi7MAAAAJ:UeHWp8X0CEIC",
      "authors": "C Ye, Y Nie, J Chang, Y Chen, Y Zhi, X Han",
      "venue": "arXiv preprint arXiv:2403.19632, 2024",
      "year": 2024,
      "citations": 29
    },
    {
      "title": "Heromaker: Human-centric video editing with motion priors",
      "url": "https://scholar.google.com/citations?view_op=view_citation&hl=en&user=-LATi7MAAAAJ&citation_for_view=-LATi7MAAAAJ:u-x6o8ySG0sC",
      "authors": "S Liu, Z Zhao, Y Zhi, Y Zhao, B Huang, S Wang, R Wang, M Xuan, Z Li, ...",
      "venue": "Proceedings of the 32nd ACM International Conference on Multimedia, 3761-3770, 2024",
      "year": 2024,
      "citations": 1
    },
    {
      "title": "Livelyspeaker: Towards semantic-aware co-speech gesture generation",
      "url": "https://scholar.google.com/citations?view_op=view_citation&hl=en&user=-LATi7MAAAAJ&citation_for_view=-LATi7MAAAAJ:qjMakFHDy7sC",
      "authors": "Y Zhi, X Cun, X Chen, X Shen, W Guo, S Huang, S Gao",
      "venue": "Proceedings of the IEEE/CVF international conference on computer vision …, 2023",
      "year": 2023,
      "citations": 45
    },
    {
      "title": "Dual-space nerf: Learning animatable avatars and scene lighting in separate spaces",
      "url": "https://scholar.google.com/citations?view_op=view_citation&hl=en&user=-LATi7MAAAAJ&citation_for_view=-LATi7MAAAAJ:u5HHmVD_uO8C",
      "authors": "Y Zhi, S Qian, X Yan, S Gao",
      "venue": "2022 International Conference on 3D Vision (3DV), 1-10, 2022",
      "year": 2022,
      "citations": 26
    },
    {
      "title": "Speech drives templates: Co-speech gesture synthesis with learned templates",
      "url": "https://scholar.google.com/citations?view_op=view_citation&hl=en&user=-LATi7MAAAAJ&citation_for_view=-LATi7MAAAAJ:d1gkVwhDpl0C",
      "authors": "S Qian, Z Tu, Y Zhi, W Liu, S Gao",
      "venue": "Proceedings of the IEEE/CVF international conference on computer vision …, 2021",
      "year": 2021,
      "citations": 100
    },
    {
      "title": "Speech Drives Templates: Co-Speech Gesture Synthesis With Learned Templates–Supplementary–",
      "url": "https://scholar.google.com/citations?view_op=view_citation&hl=en&user=-LATi7MAAAAJ&citation_for_view=-LATi7MAAAAJ:2osOgNQ5qMEC",
      "authors": "S Qian, Z Tu, Y Zhi, W Liu, S Gao",
      "venue": "",
      "citations": 0
    }
  ],
  "co_authors": []
}