{
  "author_info": {
    "name": "Jianlong Fu",
    "affiliation": "Microsoft Research",
    "email_verified": "Verified email at microsoft.com - Homepage",
    "website": "https://www.microsoft.com/en-us/research/people/jianf/",
    "interests": [
      "Multimedia Analysis",
      "Computer Vision",
      "Robot Learning"
    ],
    "photo_url": "https://scholar.googleusercontent.com/citations?view_op=view_photo&user=-WqSwu8AAAAJ&citpid=5"
  },
  "citation_stats": {
    "citations_all": 21877,
    "citations_since_2020": 20711,
    "h_index_all": 64,
    "h_index_since_2020": 62,
    "i10_index_all": 136,
    "i10_index_since_2020": 133,
    "citation_graph": [
      {
        "year": 2017,
        "citations": 79
      },
      {
        "year": 2018,
        "citations": 306
      },
      {
        "year": 2019,
        "citations": 673
      },
      {
        "year": 2020,
        "citations": 1145
      },
      {
        "year": 2021,
        "citations": 2204
      },
      {
        "year": 2022,
        "citations": 3324
      },
      {
        "year": 2023,
        "citations": 4366
      },
      {
        "year": 2024,
        "citations": 5039
      },
      {
        "year": 2025,
        "citations": 4589
      }
    ]
  },
  "papers": [
    {
      "title": "Mm-diffusion: Learning multi-modal diffusion models for joint audio and video generation",
      "url": "https://scholar.google.com/citations?view_op=view_citation&hl=en&user=-WqSwu8AAAAJ&citation_for_view=-WqSwu8AAAAJ:AXPGKjj_ei8C",
      "authors": "L Ruan, Y Ma, H Yang, H He, B Liu, J Fu, NJ Yuan, Q Jin, B Guo",
      "venue": "Proceedings of the IEEE/CVF Conference on Computer Vision and Pattern …, 2023",
      "year": 2023,
      "citations": 302
    },
    {
      "title": "Tinyvit: Fast pretraining distillation for small vision transformers",
      "url": "https://scholar.google.com/citations?view_op=view_citation&hl=en&user=-WqSwu8AAAAJ&citation_for_view=-WqSwu8AAAAJ:eJXPG6dFmWUC",
      "authors": "K Wu, J Zhang, H Peng, M Liu, B Xiao, J Fu, L Yuan",
      "venue": "European conference on computer vision, 68-85, 2022",
      "year": 2022,
      "citations": 518
    },
    {
      "title": "Expanding language-image pretrained models for general video recognition",
      "url": "https://scholar.google.com/citations?view_op=view_citation&hl=en&user=-WqSwu8AAAAJ&citation_for_view=-WqSwu8AAAAJ:D_sINldO8mEC",
      "authors": "B Ni, H Peng, M Chen, S Zhang, G Meng, J Fu, S Xiang, H Ling",
      "venue": "European conference on computer vision, 1-18, 2022",
      "year": 2022,
      "citations": 475
    },
    {
      "title": "Aggregated contextual transformations for high-resolution image inpainting",
      "url": "https://scholar.google.com/citations?view_op=view_citation&hl=en&user=-WqSwu8AAAAJ&citation_for_view=-WqSwu8AAAAJ:70eg2SAEIzsC",
      "authors": "Y Zeng, J Fu, H Chao, B Guo",
      "venue": "IEEE transactions on visualization and computer graphics 29 (7), 3266-3280, 2022",
      "year": 2022,
      "citations": 367
    },
    {
      "title": "Learning spatio-temporal transformer for visual tracking",
      "url": "https://scholar.google.com/citations?view_op=view_citation&hl=en&user=-WqSwu8AAAAJ&citation_for_view=-WqSwu8AAAAJ:35N4QoGY0k4C",
      "authors": "B Yan, H Peng, J Fu, D Wang, H Lu",
      "venue": "Proceedings of the IEEE/CVF international conference on computer vision …, 2021",
      "year": 2021,
      "citations": 1336
    },
    {
      "title": "Pixel-bert: Aligning image pixels with text by deep multi-modal transformers",
      "url": "https://scholar.google.com/citations?view_op=view_citation&hl=en&user=-WqSwu8AAAAJ&citation_for_view=-WqSwu8AAAAJ:hkOj_22Ku90C",
      "authors": "Z Huang, Z Zeng, Y Huang, B Liu, D Fu, J Fu",
      "venue": "Proceedings of the IEEE/CVF Conference on Computer Vision and Pattern …, 2021",
      "year": 2021,
      "citations": 531
    },
    {
      "title": "Rethinking and improving relative position encoding for vision transformer",
      "url": "https://scholar.google.com/citations?view_op=view_citation&hl=en&user=-WqSwu8AAAAJ&citation_for_view=-WqSwu8AAAAJ:WJVC3Jt7v1AC",
      "authors": "K Wu, H Peng, M Chen, J Fu, H Chao",
      "venue": "Proceedings of the IEEE/CVF international conference on computer vision …, 2021",
      "year": 2021,
      "citations": 524
    },
    {
      "title": "Autoformer: Searching transformers for visual recognition",
      "url": "https://scholar.google.com/citations?view_op=view_citation&hl=en&user=-WqSwu8AAAAJ&citation_for_view=-WqSwu8AAAAJ:ZHo1McVdvXMC",
      "authors": "M Chen, H Peng, J Fu, H Ling",
      "venue": "Proceedings of the IEEE/CVF international conference on computer vision …, 2021",
      "year": 2021,
      "citations": 495
    },
    {
      "title": "Seeing out of the box: End-to-end pre-training for vision-language representation learning",
      "url": "https://scholar.google.com/citations?view_op=view_citation&hl=en&user=-WqSwu8AAAAJ&citation_for_view=-WqSwu8AAAAJ:YohjEiUPhakC",
      "authors": "Z Huang, Z Zeng, Y Huang, B Liu, D Fu, J Fu",
      "venue": "Proceedings of the IEEE/CVF conference on computer vision and pattern …, 2021",
      "year": 2021,
      "citations": 334
    },
    {
      "title": "Lighttrack: Finding lightweight neural networks for object tracking via one-shot architecture search",
      "url": "https://scholar.google.com/citations?view_op=view_citation&hl=en&user=-WqSwu8AAAAJ&citation_for_view=-WqSwu8AAAAJ:ldfaerwXgEUC",
      "authors": "B Yan, H Peng, K Wu, D Wang, J Fu, H Lu",
      "venue": "Proceedings of the IEEE/CVF conference on computer vision and pattern …, 2021",
      "year": 2021,
      "citations": 304
    },
    {
      "title": "Learning texture transformer network for image super-resolution",
      "url": "https://scholar.google.com/citations?view_op=view_citation&hl=en&user=-WqSwu8AAAAJ&citation_for_view=-WqSwu8AAAAJ:j3f4tGmQtD8C",
      "authors": "F Yang, H Yang, J Fu, H Lu, B Guo",
      "venue": "Proceedings of the IEEE/CVF conference on computer vision and pattern …, 2020",
      "year": 2020,
      "citations": 1219
    },
    {
      "title": "Ocean: Object-aware anchor-free tracking",
      "url": "https://scholar.google.com/citations?view_op=view_citation&hl=en&user=-WqSwu8AAAAJ&citation_for_view=-WqSwu8AAAAJ:J_g5lzvAfSwC",
      "authors": "Z Zhang, H Peng, J Fu, B Li, W Hu",
      "venue": "European conference on computer vision, 771-787, 2020",
      "year": 2020,
      "citations": 1031
    },
    {
      "title": "Learning 2d temporal adjacent networks for moment localization with natural language",
      "url": "https://scholar.google.com/citations?view_op=view_citation&hl=en&user=-WqSwu8AAAAJ&citation_for_view=-WqSwu8AAAAJ:HDshCWvjkbEC",
      "authors": "S Zhang, H Peng, J Fu, J Luo",
      "venue": "Proceedings of the AAAI conference on artificial intelligence 34 (07), 12870 …, 2020",
      "year": 2020,
      "citations": 631
    },
    {
      "title": "Learning joint spatial-temporal transformations for video inpainting",
      "url": "https://scholar.google.com/citations?view_op=view_citation&hl=en&user=-WqSwu8AAAAJ&citation_for_view=-WqSwu8AAAAJ:iH-uZ7U-co4C",
      "authors": "Y Zeng, J Fu, H Chao",
      "venue": "European conference on computer vision, 528-543, 2020",
      "year": 2020,
      "citations": 414
    },
    {
      "title": "The eighth visual object tracking VOT2020 challenge results",
      "url": "https://scholar.google.com/citations?view_op=view_citation&hl=en&user=-WqSwu8AAAAJ&citation_for_view=-WqSwu8AAAAJ:blknAaTinKkC",
      "authors": "M Kristan, A Leonardis, J Matas, M Felsberg, R Pflugfelder, ...",
      "venue": "European conference on computer vision, 547-601, 2020",
      "year": 2020,
      "citations": 409
    },
    {
      "title": "Learning pyramid-context encoder network for high-quality image inpainting",
      "url": "https://scholar.google.com/citations?view_op=view_citation&hl=en&user=-WqSwu8AAAAJ&citation_for_view=-WqSwu8AAAAJ:4TOpqqG69KYC",
      "authors": "Y Zeng, J Fu, H Chao, B Guo",
      "venue": "Proceedings of the IEEE/CVF conference on computer vision and pattern …, 2019",
      "year": 2019,
      "citations": 658
    },
    {
      "title": "The seventh visual object tracking vot2019 challenge results",
      "url": "https://scholar.google.com/citations?view_op=view_citation&hl=en&user=-WqSwu8AAAAJ&citation_for_view=-WqSwu8AAAAJ:YFjsv_pBGBYC",
      "authors": "M Kristan, J Matas, A Leonardis, M Felsberg, R Pflugfelder, ...",
      "venue": "Proceedings of the IEEE/CVF international conference on computer vision …, 2019",
      "year": 2019,
      "citations": 653
    },
    {
      "title": "Looking for the devil in the details: Learning trilinear attention sampling network for fine-grained image recognition",
      "url": "https://scholar.google.com/citations?view_op=view_citation&hl=en&user=-WqSwu8AAAAJ&citation_for_view=-WqSwu8AAAAJ:nrtMV_XWKgEC",
      "authors": "H Zheng, J Fu, ZJ Zha, J Luo",
      "venue": "Proceedings of the IEEE/CVF Conference on Computer Vision and Pattern …, 2019",
      "year": 2019,
      "citations": 570
    },
    {
      "title": "Look closer to see better: Recurrent attention convolutional neural network for fine-grained image recognition",
      "url": "https://scholar.google.com/citations?view_op=view_citation&hl=en&user=-WqSwu8AAAAJ&citation_for_view=-WqSwu8AAAAJ:ufrVoPGSRksC",
      "authors": "J Fu, H Zheng, T Mei",
      "venue": "Proceedings of the IEEE conference on computer vision and pattern …, 2017",
      "year": 2017,
      "citations": 1726
    },
    {
      "title": "Learning multi-attention convolutional neural network for fine-grained image recognition",
      "url": "https://scholar.google.com/citations?view_op=view_citation&hl=en&user=-WqSwu8AAAAJ&citation_for_view=-WqSwu8AAAAJ:kz9GbA2Ns4gC",
      "authors": "H Zheng, J Fu, T Mei, J Luo",
      "venue": "Proceedings of the IEEE international conference on computer vision, 5209-5217, 2017",
      "year": 2017,
      "citations": 1211
    }
  ],
  "co_authors": []
}