{
  "author_info": {
    "name": "Dexing Huang",
    "affiliation": "Institute of Automation, Chinese Academy of Sciences",
    "email_verified": "Verified email at ia.ac.cn - Homepage",
    "website": "https://dxhuang-casia.github.io/",
    "interests": [
      "Medical Image Processing",
      "Computer Vision",
      "Foundation Model"
    ],
    "photo_url": "https://scholar.googleusercontent.com/citations?view_op=view_photo&user=01Pcm-AAAAAJ&citpid=3"
  },
  "citation_stats": {
    "citations_all": 80,
    "citations_since_2020": 80,
    "h_index_all": 5,
    "h_index_since_2020": 5,
    "i10_index_all": 2,
    "i10_index_since_2020": 2,
    "citation_graph": [
      {
        "year": 2023,
        "citations": 1
      },
      {
        "year": 2024,
        "citations": 22
      },
      {
        "year": 2025,
        "citations": 57
      }
    ]
  },
  "papers": [
    {
      "title": "Real-Time 2D/3D Registration via CNN Regression and Centroid Alignment",
      "url": "https://scholar.google.com/citations?view_op=view_citation&hl=en&user=01Pcm-AAAAAJ&citation_for_view=01Pcm-AAAAAJ:_kc_bZDykSQC",
      "authors": "DX Huang, XH Zhou, XL Xie, SQ Liu, ZQ Feng, ZG Hou, N Ma, L Yan",
      "venue": "IEEE TASE, 2025",
      "year": 2025,
      "citations": 18
    },
    {
      "title": "A Novel Orthogonal Halbach Bilayer for Super-Resolution Tactile Perception",
      "url": "https://scholar.google.com/citations?view_op=view_citation&hl=en&user=01Pcm-AAAAAJ&citation_for_view=01Pcm-AAAAAJ:r0BpntZqJG4C",
      "authors": "MJ Gui, XH Zhou, XL Xie, SQ Liu, SY Wang, HC Liao, TY Xiang, ...",
      "venue": "IEEE/ASME TMECH, 2025",
      "year": 2025,
      "citations": 1
    },
    {
      "title": "Upper Limb Motor Sequence Analysis: From Isolated to Sequential",
      "url": "https://scholar.google.com/citations?view_op=view_citation&hl=en&user=01Pcm-AAAAAJ&citation_for_view=01Pcm-AAAAAJ:4JMBOYKVnBMC",
      "authors": "TY Xiang, XH Zhou, MJ Gui, XL Xie, SQ Liu, H Li, DX Huang, JX Wang, ...",
      "venue": "IEEE TII, 2025",
      "year": 2025,
      "citations": 1
    },
    {
      "title": "CAS-GAN for contrast-free angiography synthesis",
      "url": "https://scholar.google.com/citations?view_op=view_citation&hl=en&user=01Pcm-AAAAAJ&citation_for_view=01Pcm-AAAAAJ:TQgYirikUcIC",
      "authors": "DX Huang, XH Zhou, MJ Gui, XL Xie, SQ Liu, SY Wang, H Li, TY Xiang, ...",
      "venue": "SSCI 2025 (🥈Best Paper Finalists), 2025",
      "year": 2025,
      "citations": 1
    },
    {
      "title": "REASON: Probability map-guided dual-branch fusion framework for gastric content assessment",
      "url": "https://scholar.google.com/citations?view_op=view_citation&hl=en&user=01Pcm-AAAAAJ&citation_for_view=01Pcm-AAAAAJ:isC4tDSrTZIC",
      "authors": "NF Xiao*, DX Huang*, LT Wang*, MJ Gui, Q Fu, XL Xie, SQ Liu, S Wang, ...",
      "venue": "arXiv preprint arXiv:2511.01302, 2025",
      "year": 2025,
      "citations": 0
    },
    {
      "title": "VasoMIM: Vascular Anatomy-Aware Masked Image Modeling for Vessel Segmentation",
      "url": "https://scholar.google.com/citations?view_op=view_citation&hl=en&user=01Pcm-AAAAAJ&citation_for_view=01Pcm-AAAAAJ:bEWYMUwI8FkC",
      "authors": "DX Huang, XH Zhou, MJ Gui, XL Xie, SQ Liu, SY Wang, TY Xiang, RZ Ma, ...",
      "venue": "AAAI 2026, 2025",
      "year": 2025,
      "citations": 0
    },
    {
      "title": "CAS-IQA: Teaching Vision-Language Models for Synthetic Angiography Quality Assessment",
      "url": "https://scholar.google.com/citations?view_op=view_citation&hl=en&user=01Pcm-AAAAAJ&citation_for_view=01Pcm-AAAAAJ:j3f4tGmQtD8C",
      "authors": "B Wang*, DX Huang*, XH Zhou, MJ Gui, NF Xiao, JL Hao, MY Liu, ...",
      "venue": "ICONIP 2025, 2025",
      "year": 2025,
      "citations": 0
    },
    {
      "title": "Model-based offline reinforcement learning for autonomous delivery of guidewire",
      "url": "https://scholar.google.com/citations?view_op=view_citation&hl=en&user=01Pcm-AAAAAJ&citation_for_view=01Pcm-AAAAAJ:ZeXyd9-uunAC",
      "authors": "H Li, XH Zhou, XL Xie, SQ Liu, ZQ Feng, MJ Gui, TY Xiang, DX Huang, ...",
      "venue": "IEEE TMRB, 2024",
      "year": 2024,
      "citations": 7
    },
    {
      "title": "SPIRONet: Spatial-Frequency Learning and Topological Channel Interaction Network for Vessel Segmentation",
      "url": "https://scholar.google.com/citations?view_op=view_citation&hl=en&user=01Pcm-AAAAAJ&citation_for_view=01Pcm-AAAAAJ:IWHjjKOFINEC",
      "authors": "DX Huang, XH Zhou, XL Xie, SQ Liu, SY Wang, ZQ Feng, MJ Gui, H Li, ...",
      "venue": "arXiv preprint arXiv:2406.19749, 2024",
      "year": 2024,
      "citations": 6
    },
    {
      "title": "Learning Motor Cues in Brain-Muscle Modulation",
      "url": "https://scholar.google.com/citations?view_op=view_citation&hl=en&user=01Pcm-AAAAAJ&citation_for_view=01Pcm-AAAAAJ:R3hNpaxXUhUC",
      "authors": "TY Xiang, XH Zhou, XL Xie, SQ Liu, MJ Gui, H Li, DX Huang, XL Liu, ...",
      "venue": "IEEE TCYB, 2024",
      "year": 2024,
      "citations": 5
    },
    {
      "title": "MOSformer: Momentum encoder-based inter-slice fusion transformer for medical image segmentation",
      "url": "https://scholar.google.com/citations?view_op=view_citation&hl=en&user=01Pcm-AAAAAJ&citation_for_view=01Pcm-AAAAAJ:TFP_iSt0sucC",
      "authors": "DX Huang, XH Zhou, XL Xie, SQ Liu, ZQ Feng, MJ Gui, H Li, TY Xiang, ...",
      "venue": "BIROB, 2024",
      "year": 2024,
      "citations": 5
    },
    {
      "title": "Learning EEG Motor Characteristics via Temporal-Spatial Representations",
      "url": "https://scholar.google.com/citations?view_op=view_citation&hl=en&user=01Pcm-AAAAAJ&citation_for_view=01Pcm-AAAAAJ:mB3voiENLucC",
      "authors": "TY Xiang, XH Zhou, XL Xie, SQ Liu, HJ Yang, ZQ Feng, MJ Gui, H Li, ...",
      "venue": "IEEE TETCI, 2024",
      "year": 2024,
      "citations": 3
    },
    {
      "title": "Highly Interpretable Representation for Multi-Dimensional Tactile Perception",
      "url": "https://scholar.google.com/citations?view_op=view_citation&hl=en&user=01Pcm-AAAAAJ&citation_for_view=01Pcm-AAAAAJ:4TOpqqG69KYC",
      "authors": "MJ Gui, XH Zhou, XL Xie, SQ Liu, ZQ Feng, H Li, TY Xiang, DX Huang, ...",
      "venue": "IEEE TMRB, 2024",
      "year": 2024,
      "citations": 3
    },
    {
      "title": "Cross-Modal Motor Representation Learning",
      "url": "https://scholar.google.com/citations?view_op=view_citation&hl=en&user=01Pcm-AAAAAJ&citation_for_view=01Pcm-AAAAAJ:HDshCWvjkbEC",
      "authors": "TY Xiang, XH Zhou, XL Xie, SQ Liu, MJ Gui, H Li, DX Huang, ZG Hou",
      "venue": "IJCNN 2024, 2024",
      "year": 2024,
      "citations": 0
    },
    {
      "title": "A Learning-based Acceleration Framework for Transient Hemodynamic Simulations",
      "url": "https://scholar.google.com/citations?view_op=view_citation&hl=en&user=01Pcm-AAAAAJ&citation_for_view=01Pcm-AAAAAJ:e5wmG9Sq2KIC",
      "authors": "QY Zhang, XH Zhou, XL Xie, SQ Liu, ZQ Feng, MJ Gui, H Li, TY Xiang, ...",
      "venue": "ICBIR 2024, 2024",
      "year": 2024,
      "citations": 0
    },
    {
      "title": "Learning Shared Semantic Information from Multimodal Bio-signals for Brain-Muscle Modulation Analysis",
      "url": "https://scholar.google.com/citations?view_op=view_citation&hl=en&user=01Pcm-AAAAAJ&citation_for_view=01Pcm-AAAAAJ:LkGwnXOMwfcC",
      "authors": "TY Xiang, XH Zhou, XL Xie, SQ Liu, HJ Yang, ZQ Feng, MJ Gui, H Li, ...",
      "venue": "ACM MM 2023, 2023",
      "year": 2023,
      "citations": 11
    },
    {
      "title": "MICRO: Model-Based Offline Reinforcement Learning with a Conservative Bellman Operator",
      "url": "https://scholar.google.com/citations?view_op=view_citation&hl=en&user=01Pcm-AAAAAJ&citation_for_view=01Pcm-AAAAAJ:5nxA0vEk-isC",
      "authors": "XY Liu, XH Zhou, GT Li, H Li, MJ Gui, TY Xiang, DX Huang, ZG Hou",
      "venue": "IJCAI 2024, 2023",
      "year": 2023,
      "citations": 8
    },
    {
      "title": "MEDIA-Net: Multi-scale Feature Extraction and DepthwIse Attention Network for Accurate Carotid Artery Segmentation",
      "url": "https://scholar.google.com/citations?view_op=view_citation&hl=en&user=01Pcm-AAAAAJ&citation_for_view=01Pcm-AAAAAJ:0EnyYjriUFMC",
      "authors": "WT Wang, XH Zhou, XL Xie, SQ Liu, DX Huang, H Li, TY Xiang, ZG Hou",
      "venue": "ICBIR 2023, 2023",
      "year": 2023,
      "citations": 5
    },
    {
      "title": "Effective Skill Learning on Vascular Robotic Systems: Combining Offline and Online Reinforcement Learning",
      "url": "https://scholar.google.com/citations?view_op=view_citation&hl=en&user=01Pcm-AAAAAJ&citation_for_view=01Pcm-AAAAAJ:hqOjcs7Dif8C",
      "authors": "H Li, XH Zhou, XL Xie, SQ Liu, MJ Gui, TY Xiang, DX Huang, ZG Hou",
      "venue": "ICONIP 2023, 2023",
      "year": 2023,
      "citations": 3
    },
    {
      "title": "A Novel Two-Stage Framework for 2D/3D Registration in Neurological Interventions",
      "url": "https://scholar.google.com/citations?view_op=view_citation&hl=en&user=01Pcm-AAAAAJ&citation_for_view=01Pcm-AAAAAJ:d1gkVwhDpl0C",
      "authors": "DX Huang, XH Zhou, XL Xie, SQ Liu, ZQ Feng, JL Hao, ZG Hou, N Ma, ...",
      "venue": "ROBIO 2022, 2022",
      "year": 2022,
      "citations": 3
    }
  ],
  "co_authors": [
    {
      "name": "Xiao-Hu Zhou",
      "scholar_id": "e9_7q0gAAAAJ",
      "url": "https://scholar.google.com/citations?user=e9_7q0gAAAAJ"
    },
    {
      "name": "Xiao-Liang Xie",
      "scholar_id": "GfP72-0AAAAJ",
      "url": "https://scholar.google.com/citations?user=GfP72-0AAAAJ"
    },
    {
      "name": "Mei-Jiang Gui",
      "scholar_id": "_oQTTCAAAAAJ",
      "url": "https://scholar.google.com/citations?user=_oQTTCAAAAAJ"
    },
    {
      "name": "Tianyu Xiang",
      "scholar_id": "S3oniHQAAAAJ",
      "url": "https://scholar.google.com/citations?user=S3oniHQAAAAJ"
    },
    {
      "name": "Hao Li",
      "scholar_id": "Yae5hXEAAAAJ",
      "url": "https://scholar.google.com/citations?user=Yae5hXEAAAAJ"
    },
    {
      "name": "Xiao-Yin Liu",
      "scholar_id": "DvWTs5YAAAAJ",
      "url": "https://scholar.google.com/citations?user=DvWTs5YAAAAJ"
    },
    {
      "name": "Qin-Yi Zhang 张钦奕",
      "scholar_id": "NePbSy4AAAAJ",
      "url": "https://scholar.google.com/citations?user=NePbSy4AAAAJ"
    },
    {
      "name": "Zeng-Guang Hou",
      "scholar_id": "tU0CwGwAAAAJ",
      "url": "https://scholar.google.com/citations?user=tU0CwGwAAAAJ"
    }
  ]
}