{
  "author_info": {
    "name": "Ivan Laptev",
    "affiliation": "Professor at MBZUAI, on leave from INRIA",
    "email_verified": "Verified email at inria.fr - Homepage",
    "website": "https://www.di.ens.fr/~laptev/",
    "interests": [
      "Computer Vision",
      "Robotics",
      "Action Recognition",
      "Object Recognition"
    ],
    "photo_url": "https://scholar.googleusercontent.com/citations?view_op=view_photo&user=-9ifK0cAAAAJ&citpid=9"
  },
  "citation_stats": {
    "citations_all": 56843,
    "citations_since_2020": 28756,
    "h_index_all": 84,
    "h_index_since_2020": 66,
    "i10_index_all": 155,
    "i10_index_since_2020": 132,
    "citation_graph": [
      {
        "year": 2006,
        "citations": 152
      },
      {
        "year": 2007,
        "citations": 246
      },
      {
        "year": 2008,
        "citations": 436
      },
      {
        "year": 2009,
        "citations": 738
      },
      {
        "year": 2010,
        "citations": 1069
      },
      {
        "year": 2011,
        "citations": 1395
      },
      {
        "year": 2012,
        "citations": 2013
      },
      {
        "year": 2013,
        "citations": 2397
      },
      {
        "year": 2014,
        "citations": 2630
      },
      {
        "year": 2015,
        "citations": 2513
      },
      {
        "year": 2016,
        "citations": 3044
      },
      {
        "year": 2017,
        "citations": 3184
      },
      {
        "year": 2018,
        "citations": 3550
      },
      {
        "year": 2019,
        "citations": 3559
      },
      {
        "year": 2020,
        "citations": 3676
      },
      {
        "year": 2021,
        "citations": 4096
      },
      {
        "year": 2022,
        "citations": 4532
      },
      {
        "year": 2023,
        "citations": 5369
      },
      {
        "year": 2024,
        "citations": 5728
      },
      {
        "year": 2025,
        "citations": 5061
      }
    ]
  },
  "papers": [
    {
      "title": "Segmenter: Transformer for semantic segmentation",
      "url": "https://scholar.google.com/citations?view_op=view_citation&hl=en&user=-9ifK0cAAAAJ&citation_for_view=-9ifK0cAAAAJ:WZBGuue-350C",
      "authors": "R Strudel, R Garcia, I Laptev, C Schmid",
      "venue": "Proceedings of the IEEE/CVF international conference on computer vision …, 2021",
      "year": 2021,
      "citations": 2994
    },
    {
      "title": "End-to-end learning of visual representations from uncurated instructional videos",
      "url": "https://scholar.google.com/citations?view_op=view_citation&hl=en&user=-9ifK0cAAAAJ&citation_for_view=-9ifK0cAAAAJ:fEOibwPWpKIC",
      "authors": "A Miech, JB Alayrac, L Smaira, I Laptev, J Sivic, A Zisserman",
      "venue": "Proceedings of the IEEE/CVF conference on computer vision and pattern …, 2020",
      "year": 2020,
      "citations": 928
    },
    {
      "title": "Howto100m: Learning a text-video embedding by watching hundred million narrated video clips",
      "url": "https://scholar.google.com/citations?view_op=view_citation&hl=en&user=-9ifK0cAAAAJ&citation_for_view=-9ifK0cAAAAJ:uLbwQdceFCQC",
      "authors": "A Miech, D Zhukov, JB Alayrac, M Tapaswi, I Laptev, J Sivic",
      "venue": "Proceedings of the IEEE/CVF international conference on computer vision …, 2019",
      "year": 2019,
      "citations": 1578
    },
    {
      "title": "Learning joint reconstruction of hands and manipulated objects",
      "url": "https://scholar.google.com/citations?view_op=view_citation&hl=en&user=-9ifK0cAAAAJ&citation_for_view=-9ifK0cAAAAJ:hkOj_22Ku90C",
      "authors": "Y Hasson, G Varol, D Tzionas, I Kalevatykh, MJ Black, I Laptev, C Schmid",
      "venue": "Proceedings of the IEEE/CVF conference on computer vision and pattern …, 2019",
      "year": 2019,
      "citations": 696
    },
    {
      "title": "Bodynet: Volumetric inference of 3d human body shapes",
      "url": "https://scholar.google.com/citations?view_op=view_citation&hl=en&user=-9ifK0cAAAAJ&citation_for_view=-9ifK0cAAAAJ:olpn-zPbct0C",
      "authors": "G Varol, D Ceylan, B Russell, J Yang, E Yumer, I Laptev, C Schmid",
      "venue": "Proceedings of the European conference on computer vision (ECCV), 20-36, 2018",
      "year": 2018,
      "citations": 550
    },
    {
      "title": "Learning from synthetic humans",
      "url": "https://scholar.google.com/citations?view_op=view_citation&hl=en&user=-9ifK0cAAAAJ&citation_for_view=-9ifK0cAAAAJ:sSrBHYA8nusC",
      "authors": "G Varol, J Romero, X Martin, N Mahmood, MJ Black, I Laptev, C Schmid",
      "venue": "Proceedings of the IEEE conference on computer vision and pattern …, 2017",
      "year": 2017,
      "citations": 1277
    },
    {
      "title": "Long-term temporal convolutions for action recognition",
      "url": "https://scholar.google.com/citations?view_op=view_citation&hl=en&user=-9ifK0cAAAAJ&citation_for_view=-9ifK0cAAAAJ:CHSYGLWDkRkC",
      "authors": "G Varol, I Laptev, C Schmid",
      "venue": "IEEE transactions on pattern analysis and machine intelligence 40 (6), 1510-1517, 2017",
      "year": 2017,
      "citations": 1238
    },
    {
      "title": "The thumos challenge on action recognition for videos “in the wild”",
      "url": "https://scholar.google.com/citations?view_op=view_citation&hl=en&user=-9ifK0cAAAAJ&citation_for_view=-9ifK0cAAAAJ:u9iWguZQMMsC",
      "authors": "H Idrees, AR Zamir, YG Jiang, A Gorban, I Laptev, R Sukthankar, M Shah",
      "venue": "Computer Vision and Image Understanding 155, 1-23, 2017",
      "year": 2017,
      "citations": 752
    },
    {
      "title": "Hollywood in homes: Crowdsourcing data collection for activity understanding",
      "url": "https://scholar.google.com/citations?view_op=view_citation&hl=en&user=-9ifK0cAAAAJ&citation_for_view=-9ifK0cAAAAJ:p2g8aNsByqUC",
      "authors": "GA Sigurdsson, G Varol, X Wang, A Farhadi, I Laptev, A Gupta",
      "venue": "European conference on computer vision, 510-526, 2016",
      "year": 2016,
      "citations": 1678
    },
    {
      "title": "Is object localization for free?-weakly-supervised learning with convolutional neural networks",
      "url": "https://scholar.google.com/citations?view_op=view_citation&hl=en&user=-9ifK0cAAAAJ&citation_for_view=-9ifK0cAAAAJ:f2IySw72cVMC",
      "authors": "M Oquab, L Bottou, I Laptev, J Sivic",
      "venue": "Proceedings of the IEEE conference on computer vision and pattern …, 2015",
      "year": 2015,
      "citations": 1371
    },
    {
      "title": "P-cnn: Pose-based cnn features for action recognition",
      "url": "https://scholar.google.com/citations?view_op=view_citation&hl=en&user=-9ifK0cAAAAJ&citation_for_view=-9ifK0cAAAAJ:EUQCXRtRnyEC",
      "authors": "G Chéron, I Laptev, C Schmid",
      "venue": "Proceedings of the IEEE international conference on computer vision, 3218-3226, 2015",
      "year": 2015,
      "citations": 801
    },
    {
      "title": "Learning and transferring mid-level image representations using convolutional neural networks",
      "url": "https://scholar.google.com/citations?view_op=view_citation&hl=en&user=-9ifK0cAAAAJ&citation_for_view=-9ifK0cAAAAJ:O3NaXMp0MMsC",
      "authors": "M Oquab, L Bottou, I Laptev, J Sivic",
      "venue": "Proceedings of the IEEE conference on computer vision and pattern …, 2014",
      "year": 2014,
      "citations": 4332
    },
    {
      "title": "THUMOS challenge: Action recognition with a large number of classes",
      "url": "https://scholar.google.com/citations?view_op=view_citation&hl=en&user=-9ifK0cAAAAJ&citation_for_view=-9ifK0cAAAAJ:P5F9QuxV20EC",
      "authors": "YG Jiang, J Liu, AR Zamir, G Toderici, I Laptev, M Shah, R Sukthankar",
      "venue": "",
      "citations": 841,
      "year": 2014
    },
    {
      "title": "Evaluation of local spatio-temporal features for action recognition",
      "url": "https://scholar.google.com/citations?view_op=view_citation&hl=en&user=-9ifK0cAAAAJ&citation_for_view=-9ifK0cAAAAJ:zYLM7Y9cAGgC",
      "authors": "H Wang, MM Ullah, A Klaser, I Laptev, C Schmid",
      "venue": "Bmvc 2009-british machine vision conference, 124.1-124.11, 2009",
      "year": 2009,
      "citations": 1839
    },
    {
      "title": "Actions in context",
      "url": "https://scholar.google.com/citations?view_op=view_citation&hl=en&user=-9ifK0cAAAAJ&citation_for_view=-9ifK0cAAAAJ:Tyk-4Ss8FVUC",
      "authors": "M Marszalek, I Laptev, C Schmid",
      "venue": "2009 IEEE conference on computer vision and pattern recognition, 2929-2936, 2009",
      "year": 2009,
      "citations": 1775
    },
    {
      "title": "Learning realistic human actions from movies",
      "url": "https://scholar.google.com/citations?view_op=view_citation&hl=en&user=-9ifK0cAAAAJ&citation_for_view=-9ifK0cAAAAJ:d1gkVwhDpl0C",
      "authors": "I Laptev, M Marszalek, C Schmid, B Rozenfeld",
      "venue": "2008 IEEE conference on computer vision and pattern recognition, 1-8, 2008",
      "year": 2008,
      "citations": 4733
    },
    {
      "title": "Retrieving actions in movies",
      "url": "https://scholar.google.com/citations?view_op=view_citation&hl=en&user=-9ifK0cAAAAJ&citation_for_view=-9ifK0cAAAAJ:UeHWp8X0CEIC",
      "authors": "I Laptev, P Pérez",
      "venue": "2007 IEEE 11th International Conference on Computer Vision, 1-8, 2007",
      "year": 2007,
      "citations": 607
    },
    {
      "title": "On space-time interest points",
      "url": "https://scholar.google.com/citations?view_op=view_citation&hl=en&user=-9ifK0cAAAAJ&citation_for_view=-9ifK0cAAAAJ:u-x6o8ySG0sC",
      "authors": "I Laptev",
      "venue": "International journal of computer vision 64 (2), 107-123, 2005",
      "year": 2005,
      "citations": 5100
    },
    {
      "title": "Recognizing human actions: a local SVM approach",
      "url": "https://scholar.google.com/citations?view_op=view_citation&hl=en&user=-9ifK0cAAAAJ&citation_for_view=-9ifK0cAAAAJ:u5HHmVD_uO8C",
      "authors": "C Schuldt, I Laptev, B Caputo",
      "venue": "Proceedings of the 17th International Conference on Pattern Recognition …, 2004",
      "year": 2004,
      "citations": 5392
    },
    {
      "title": "Hand gesture recognition using multi-scale colour features, hierarchical models and particle filtering",
      "url": "https://scholar.google.com/citations?view_op=view_citation&hl=en&user=-9ifK0cAAAAJ&citation_for_view=-9ifK0cAAAAJ:9yKSN-GCB0IC",
      "authors": "L Bretzner, I Laptev, T Lindeberg",
      "venue": "Proceedings of fifth IEEE international conference on automatic face gesture …, 2002",
      "year": 2002,
      "citations": 543
    }
  ],
  "co_authors": [
    {
      "name": "Cordelia Schmid",
      "scholar_id": "IvqCXP4AAAAJ",
      "url": "https://scholar.google.com/citations?user=IvqCXP4AAAAJ"
    },
    {
      "name": "Josef Sivic",
      "scholar_id": "NCtKHnQAAAAJ",
      "url": "https://scholar.google.com/citations?user=NCtKHnQAAAAJ"
    },
    {
      "name": "Tony Lindeberg",
      "scholar_id": "uySrc0MAAAAJ",
      "url": "https://scholar.google.com/citations?user=uySrc0MAAAAJ"
    },
    {
      "name": "Piotr Bojanowski",
      "scholar_id": "lJ_oh2EAAAAJ",
      "url": "https://scholar.google.com/citations?user=lJ_oh2EAAAAJ"
    },
    {
      "name": "Leon Bottou",
      "scholar_id": "kbN88gsAAAAJ",
      "url": "https://scholar.google.com/citations?user=kbN88gsAAAAJ"
    },
    {
      "name": "patrick pérez",
      "scholar_id": "8Cph5uQAAAAJ",
      "url": "https://scholar.google.com/citations?user=8Cph5uQAAAAJ"
    },
    {
      "name": "Abhinav Gupta",
      "scholar_id": "bqL73OkAAAAJ",
      "url": "https://scholar.google.com/citations?user=bqL73OkAAAAJ"
    },
    {
      "name": "Andrew Zisserman",
      "scholar_id": "UZ5wscMAAAAJ",
      "url": "https://scholar.google.com/citations?user=UZ5wscMAAAAJ"
    },
    {
      "name": "Barbara Caputo",
      "scholar_id": "mHbdIAwAAAAJ",
      "url": "https://scholar.google.com/citations?user=mHbdIAwAAAAJ"
    },
    {
      "name": "Jean Ponce",
      "scholar_id": "vC2vywcAAAAJ",
      "url": "https://scholar.google.com/citations?user=vC2vywcAAAAJ"
    },
    {
      "name": "Vincent Delaitre",
      "scholar_id": "odEM5hMAAAAJ",
      "url": "https://scholar.google.com/citations?user=odEM5hMAAAAJ"
    },
    {
      "name": "Mikel Rodriguez",
      "scholar_id": "FmwvCGAAAAAJ",
      "url": "https://scholar.google.com/citations?user=FmwvCGAAAAAJ"
    },
    {
      "name": "Francis Bach",
      "scholar_id": "6PJWcFEAAAAJ",
      "url": "https://scholar.google.com/citations?user=6PJWcFEAAAAJ"
    },
    {
      "name": "Simon Lacoste-Julien",
      "scholar_id": "oejm5IUAAAAJ",
      "url": "https://scholar.google.com/citations?user=oejm5IUAAAAJ"
    },
    {
      "name": "Helmut Mayer",
      "scholar_id": "f_n9lOIAAAAJ",
      "url": "https://scholar.google.com/citations?user=f_n9lOIAAAAJ"
    },
    {
      "name": "Imran Nazir Junejo",
      "scholar_id": "1VPrIawAAAAJ",
      "url": "https://scholar.google.com/citations?user=1VPrIawAAAAJ"
    },
    {
      "name": "David Fouhey",
      "scholar_id": "FLcpd34AAAAJ",
      "url": "https://scholar.google.com/citations?user=FLcpd34AAAAJ"
    },
    {
      "name": "Heng Wang",
      "scholar_id": "ghmgyewAAAAJ",
      "url": "https://scholar.google.com/citations?user=ghmgyewAAAAJ"
    },
    {
      "name": "Karteek Alahari",
      "scholar_id": "qcyG7rwAAAAJ",
      "url": "https://scholar.google.com/citations?user=qcyG7rwAAAAJ"
    },
    {
      "name": "Rémi Lajugie",
      "scholar_id": "eJ3IibcAAAAJ",
      "url": "https://scholar.google.com/citations?user=eJ3IibcAAAAJ"
    }
  ]
}