{
  "author_info": {
    "name": "Keun Hee Park",
    "affiliation": "Arizona State University",
    "email_verified": "Verified email at asu.edu - Homepage",
    "website": "https://search.asu.edu/profile/3537036",
    "interests": [
      "Machine Learning"
    ],
    "photo_url": "https://scholar.googleusercontent.com/citations?view_op=view_photo&user=-QseKLUAAAAJ&citpid=18"
  },
  "citation_stats": {
    "citations_all": 130,
    "citations_since_2020": 130,
    "h_index_all": 3,
    "h_index_since_2020": 3,
    "i10_index_all": 2,
    "i10_index_since_2020": 2,
    "citation_graph": [
      {
        "year": 2023,
        "citations": 15
      },
      {
        "year": 2024,
        "citations": 57
      },
      {
        "year": 2025,
        "citations": 57
      }
    ]
  },
  "papers": [
    {
      "title": "Concept-Centric Transformers: Enhancing Model Interpretability through Object-Centric Concept Learning within a Shared Global Workspace",
      "url": "https://scholar.google.com/citations?view_op=view_citation&hl=en&user=-QseKLUAAAAJ&citation_for_view=-QseKLUAAAAJ:d1gkVwhDpl0C",
      "authors": "J Hong, KH Park, TP Pavlic",
      "venue": "IEEE/CVF Winter Conference on Applications of Computer Vision (WACV) 2024, 2024",
      "year": 2024,
      "citations": 13
    },
    {
      "title": "Bi-ICE: An Inner Interpretable Framework for Image Classification via Bi-directional Interactions between Concept and Input Embeddings",
      "url": "https://scholar.google.com/citations?view_op=view_citation&hl=en&user=-QseKLUAAAAJ&citation_for_view=-QseKLUAAAAJ:W7OEmFMy1HYC",
      "authors": "J Hong, Y Kim, KH Park, S Han, N Kwak, TP Pavlic",
      "venue": "arXiv preprint arXiv:2411.18645, 2024",
      "year": 2024,
      "citations": 1
    },
    {
      "title": "Learning Decomposable and Debiased Representations via Attribute-Centric Information Bottlenecks",
      "url": "https://scholar.google.com/citations?view_op=view_citation&hl=en&user=-QseKLUAAAAJ&citation_for_view=-QseKLUAAAAJ:IjCSPb-OGe4C",
      "authors": "J Hong, ES Jeon, C Kim, KH Park, U Nath, Y Yang, P Turaga, TP Pavlic",
      "venue": "arXiv preprint arXiv:2403.14140, 2024",
      "year": 2024,
      "citations": 0
    },
    {
      "title": "A Cognitive Framework for Learning Debiased and Interpretable Representations via Debiasing Global Workspace",
      "url": "https://scholar.google.com/citations?view_op=view_citation&hl=en&user=-QseKLUAAAAJ&citation_for_view=-QseKLUAAAAJ:Y0pCki6q_DkC",
      "authors": "J Hong, ES Jeon, C Kim, KH Park, U Nath, Y Yang, PK Turaga, TP Pavlic",
      "venue": "UniReps: 2nd Edition of the Workshop on Unifying Representations in Neural …, 2024",
      "year": 2024,
      "citations": 0
    },
    {
      "title": "Debiasing Global Workspace: A Cognitive Neural Framework for Learning Debiased and Interpretable Representations",
      "url": "https://scholar.google.com/citations?view_op=view_citation&hl=en&user=-QseKLUAAAAJ&citation_for_view=-QseKLUAAAAJ:Tyk-4Ss8FVUC",
      "authors": "J Hong, ES Jeon, C Kim, KH Park, U Nath, Y Yang, PK Turaga, TP Pavlic",
      "venue": "NeurIPS 2024 Workshop on Behavioral Machine Learning, 2024",
      "year": 2024,
      "citations": 0
    },
    {
      "title": "Integrating Adversarial Training, Noise Injection, and Mixup into XAI: Pathways to Enhancing Data Efficiency and Generalizability",
      "url": "https://scholar.google.com/citations?view_op=view_citation&hl=en&user=-QseKLUAAAAJ&citation_for_view=-QseKLUAAAAJ:zYLM7Y9cAGgC",
      "authors": "KH Park",
      "venue": "Arizona State University, 2024",
      "year": 2024,
      "citations": 0
    },
    {
      "title": "Adversarial Demonstration Attacks on Large Language Models",
      "url": "https://scholar.google.com/citations?view_op=view_citation&hl=en&user=-QseKLUAAAAJ&citation_for_view=-QseKLUAAAAJ:u5HHmVD_uO8C",
      "authors": "J Wang, Z Liu, KH Park, M Chen, C Xiao",
      "venue": "arXiv preprint arXiv:2305.14950, 2023",
      "year": 2023,
      "citations": 113
    },
    {
      "title": "Interpreting Indirect Answers to Yes-No Questions in Multiple Languages",
      "url": "https://scholar.google.com/citations?view_op=view_citation&hl=en&user=-QseKLUAAAAJ&citation_for_view=-QseKLUAAAAJ:UeHWp8X0CEIC",
      "authors": "Z Wang, MM Hossain, S Mathur, TC Melo, KB Ozler, KH Park, J Quintero, ...",
      "venue": "EMNLP 2023 Findings, 2023",
      "year": 2023,
      "citations": 3
    },
    {
      "title": "Interpreting Answers to Yes-No Questions in User-Generated Content",
      "url": "https://scholar.google.com/citations?view_op=view_citation&hl=en&user=-QseKLUAAAAJ&citation_for_view=-QseKLUAAAAJ:qjMakFHDy7sC",
      "authors": "S Mathur, KH Park, D Chinnappa, S Kotamraju, B Eduardo",
      "venue": "EMNLP 2023 Findings, 2023",
      "year": 2023,
      "citations": 0
    }
  ],
  "co_authors": [
    {
      "name": "Jinyung Hong",
      "scholar_id": "JaQMvXsAAAAJ",
      "url": "https://scholar.google.com/citations?user=JaQMvXsAAAAJ"
    },
    {
      "name": "Theodore (Ted) P. Pavlic",
      "scholar_id": "UAmGg-cAAAAJ",
      "url": "https://scholar.google.com/citations?user=UAmGg-cAAAAJ"
    },
    {
      "name": "Chaowei Xiao",
      "scholar_id": "Juoqtj8AAAAJ",
      "url": "https://scholar.google.com/citations?user=Juoqtj8AAAAJ"
    },
    {
      "name": "Muhao Chen",
      "scholar_id": "k79yEZkAAAAJ",
      "url": "https://scholar.google.com/citations?user=k79yEZkAAAAJ"
    },
    {
      "name": "Jiongxiao Wang",
      "scholar_id": "sIGapHMAAAAJ",
      "url": "https://scholar.google.com/citations?user=sIGapHMAAAAJ"
    },
    {
      "name": "Eduardo Blanco",
      "scholar_id": "AqGa3-MAAAAJ",
      "url": "https://scholar.google.com/citations?user=AqGa3-MAAAAJ"
    },
    {
      "name": "Pavan Turaga",
      "scholar_id": "zJH58wkAAAAJ",
      "url": "https://scholar.google.com/citations?user=zJH58wkAAAAJ"
    },
    {
      "name": "Eunsom Jeon",
      "scholar_id": "-MWWsMUAAAAJ",
      "url": "https://scholar.google.com/citations?user=-MWWsMUAAAAJ"
    },
    {
      "name": "Yezhou (YZ) Yang",
      "scholar_id": "k2suuZgAAAAJ",
      "url": "https://scholar.google.com/citations?user=k2suuZgAAAAJ"
    },
    {
      "name": "Nojun Kwak",
      "scholar_id": "h_8-1M0AAAAJ",
      "url": "https://scholar.google.com/citations?user=h_8-1M0AAAAJ"
    },
    {
      "name": "Yearim Kim",
      "scholar_id": "nS8vgAQAAAAJ",
      "url": "https://scholar.google.com/citations?user=nS8vgAQAAAAJ"
    }
  ]
}