{
  "author_info": {
    "name": "Gang Pan",
    "affiliation": "Tianjin University",
    "email_verified": "Verified email at tju.edu.cn",
    "interests": [
      "Computer vision",
      "Multimodal",
      "AI"
    ],
    "photo_url": "/citations/images/avatar_scholar_128.png"
  },
  "citation_stats": {
    "citations_all": 475,
    "citations_since_2020": 466,
    "h_index_all": 11,
    "h_index_since_2020": 11,
    "i10_index_all": 13,
    "i10_index_since_2020": 12,
    "citation_graph": [
      {
        "year": 2017,
        "citations": 4
      },
      {
        "year": 2018,
        "citations": 1
      },
      {
        "year": 2019,
        "citations": 7
      },
      {
        "year": 2020,
        "citations": 28
      },
      {
        "year": 2021,
        "citations": 50
      },
      {
        "year": 2022,
        "citations": 67
      },
      {
        "year": 2023,
        "citations": 141
      },
      {
        "year": 2024,
        "citations": 167
      }
    ]
  },
  "papers": [
    {
      "title": "Automated quantification of sewage pipe cracks using deep learning for urban water environment management",
      "url": "https://scholar.google.com/citations?view_op=view_citation&hl=en&user=-PZc7YQAAAAJ&citation_for_view=-PZc7YQAAAAJ:ULOm3_A8WrAC",
      "authors": "C Yang, F Zheng, Z Kapelan, D Savic, G Pan, Y Feng, Y Ma",
      "venue": "Tunnelling and Underground Space Technology 155, 106195, 2025",
      "year": 2025,
      "citations": 5
    },
    {
      "title": "Sewer image super‐resolution with depth priors and its lightweight network",
      "url": "https://scholar.google.com/citations?view_op=view_citation&hl=en&user=-PZc7YQAAAAJ&citation_for_view=-PZc7YQAAAAJ:0EnyYjriUFMC",
      "authors": "G Pan, C Wang, Z Sui, S Guo, Y Lv, H Li, D Sun, Z Xia",
      "venue": "Computer‐Aided Civil and Infrastructure Engineering, 2025",
      "year": 2025,
      "citations": 3
    },
    {
      "title": "LLMs as bridges: Reformulating grounded multimodal named entity recognition",
      "url": "https://scholar.google.com/citations?view_op=view_citation&hl=en&user=-PZc7YQAAAAJ&citation_for_view=-PZc7YQAAAAJ:ufrVoPGSRksC",
      "authors": "J Li, H Li, D Sun, J Wang, W Zhang, Z Wang, G Pan",
      "venue": "arXiv preprint arXiv:2402.09989, 2024",
      "year": 2024,
      "citations": 28
    },
    {
      "title": "Advancing grounded multimodal named entity recognition via LLM-based reformulation and box-based segmentation",
      "url": "https://scholar.google.com/citations?view_op=view_citation&hl=en&user=-PZc7YQAAAAJ&citation_for_view=-PZc7YQAAAAJ:eQOLeE2rZwMC",
      "authors": "J Li, Z Li, H Li, J Yu, R Xia, D Sun, G Pan",
      "venue": "arXiv preprint arXiv:2406.07268, 2024",
      "year": 2024,
      "citations": 7
    },
    {
      "title": "Distributed decision making for unmanned aerial vehicle inspection with limited energy constraint",
      "url": "https://scholar.google.com/citations?view_op=view_citation&hl=en&user=-PZc7YQAAAAJ&citation_for_view=-PZc7YQAAAAJ:kNdYIx-mwKoC",
      "authors": "Q Wang, H Zhu, G Pan, J Wei, C Zhang, Z Huang, G Ling",
      "venue": "Energy and AI 18, 100429, 2024",
      "year": 2024,
      "citations": 3
    },
    {
      "title": "Logo: Video text spotting with language collaboration and glyph perception model",
      "url": "https://scholar.google.com/citations?view_op=view_citation&hl=en&user=-PZc7YQAAAAJ&citation_for_view=-PZc7YQAAAAJ:2osOgNQ5qMEC",
      "authors": "H Liu, D Sun, J Wang, Y Liu, G Pan",
      "venue": "arXiv preprint arXiv:2405.19194, 2024",
      "year": 2024,
      "citations": 3
    },
    {
      "title": "Prompting ChatGPT in MNER: Enhanced multimodal named entity recognition with auxiliary refined knowledge",
      "url": "https://scholar.google.com/citations?view_op=view_citation&hl=en&user=-PZc7YQAAAAJ&citation_for_view=-PZc7YQAAAAJ:qjMakFHDy7sC",
      "authors": "J Li, H Li, Z Pan, D Sun, J Wang, W Zhang, G Pan",
      "venue": "arXiv preprint arXiv:2305.12212, 2023",
      "year": 2023,
      "citations": 48
    },
    {
      "title": "Structure‐aware dehazing of sewer inspection images based on monocular depth cues",
      "url": "https://scholar.google.com/citations?view_op=view_citation&hl=en&user=-PZc7YQAAAAJ&citation_for_view=-PZc7YQAAAAJ:W7OEmFMy1HYC",
      "authors": "Z Xia, S Guo, D Sun, Y Lv, H Li, G Pan",
      "venue": "Computer‐Aided Civil and Infrastructure Engineering 38 (6), 762-778, 2023",
      "year": 2023,
      "citations": 9
    },
    {
      "title": "Rethinking sampling strategies for unsupervised person re-identification",
      "url": "https://scholar.google.com/citations?view_op=view_citation&hl=en&user=-PZc7YQAAAAJ&citation_for_view=-PZc7YQAAAAJ:d1gkVwhDpl0C",
      "authors": "X Han, X Yu, G Li, J Zhao, G Pan, Q Ye, J Jiao, Z Han",
      "venue": "IEEE Transactions on Image Processing 32, 29-42, 2022",
      "year": 2022,
      "citations": 73
    },
    {
      "title": "From coarse to fine: Hierarchical structure-aware video summarization",
      "url": "https://scholar.google.com/citations?view_op=view_citation&hl=en&user=-PZc7YQAAAAJ&citation_for_view=-PZc7YQAAAAJ:Se3iqnhoufwC",
      "authors": "W Li, G Pan, C Wang, Z Xing, Z Han",
      "venue": "ACM Transactions on Multimedia Computing, Communications, and Applications …, 2022",
      "year": 2022,
      "citations": 20
    },
    {
      "title": "Deep supervised image retargeting",
      "url": "https://scholar.google.com/citations?view_op=view_citation&hl=en&user=-PZc7YQAAAAJ&citation_for_view=-PZc7YQAAAAJ:_FxGoFyzp5QC",
      "authors": "Y Mei, X Guo, D Sun, G Pan, J Zhang",
      "venue": "2021 IEEE international conference on multimedia and expo (ICME), 1-6, 2021",
      "year": 2021,
      "citations": 21
    },
    {
      "title": "Chinese character inpainting with contextual semantic constraints",
      "url": "https://scholar.google.com/citations?view_op=view_citation&hl=en&user=-PZc7YQAAAAJ&citation_for_view=-PZc7YQAAAAJ:roLk4NBRz8UC",
      "authors": "J Wang, G Pan, D Sun, J Zhang",
      "venue": "Proceedings of the 29th ACM International Conference on Multimedia, 1829-1837, 2021",
      "year": 2021,
      "citations": 18
    },
    {
      "title": "Automatic sewer pipe defect semantic segmentation based on improved U-Net",
      "url": "https://scholar.google.com/citations?view_op=view_citation&hl=en&user=-PZc7YQAAAAJ&citation_for_view=-PZc7YQAAAAJ:YsMSGLbcyi4C",
      "authors": "G Pan, Y Zheng, S Guo, Y Lv",
      "venue": "Automation in Construction 119, 103383, 2020",
      "year": 2020,
      "citations": 135
    },
    {
      "title": "Statistical analysis of sewer odour based on 10-year complaint data",
      "url": "https://scholar.google.com/citations?view_op=view_citation&hl=en&user=-PZc7YQAAAAJ&citation_for_view=-PZc7YQAAAAJ:Y0pCki6q_DkC",
      "authors": "G Pan, B Wang, S Guo, W Zhang, S Edwini-Bonsu",
      "venue": "Water Science and Technology 81 (6), 1221-1230, 2020",
      "year": 2020,
      "citations": 19
    },
    {
      "title": "A bottom-up summarization algorithm for videos in the wild",
      "url": "https://scholar.google.com/citations?view_op=view_citation&hl=en&user=-PZc7YQAAAAJ&citation_for_view=-PZc7YQAAAAJ:LkGwnXOMwfcC",
      "authors": "G Pan, Y Zheng, R Zhang, Z Han, D Sun, X Qu",
      "venue": "EURASIP Journal on Advances in Signal Processing 2019 (1), 15, 2019",
      "year": 2019,
      "citations": 18
    },
    {
      "title": "Mural2sketch: A combined line drawing generation method for ancient mural painting",
      "url": "https://scholar.google.com/citations?view_op=view_citation&hl=en&user=-PZc7YQAAAAJ&citation_for_view=-PZc7YQAAAAJ:UeHWp8X0CEIC",
      "authors": "D Sun, J Zhang, G Pan, R Zhan",
      "venue": "2018 IEEE International Conference on Multimedia and Expo (ICME), 1-6, 2018",
      "year": 2018,
      "citations": 13
    },
    {
      "title": "Mural sketch generation via style-aware convolutional neural network",
      "url": "https://scholar.google.com/citations?view_op=view_citation&hl=en&user=-PZc7YQAAAAJ&citation_for_view=-PZc7YQAAAAJ:9yKSN-GCB0IC",
      "authors": "G Pan, D Sun, R Zhan, J Zhang",
      "venue": "Proceedings of Computer Graphics International 2018, 239-245, 2018",
      "year": 2018,
      "citations": 11
    },
    {
      "title": "Video clip growth: A general algorithm for multi-view video summarization",
      "url": "https://scholar.google.com/citations?view_op=view_citation&hl=en&user=-PZc7YQAAAAJ&citation_for_view=-PZc7YQAAAAJ:Tyk-4Ss8FVUC",
      "authors": "G Pan, X Qu, L Lv, S Guo, D Sun",
      "venue": "Pacific Rim Conference on Multimedia, 112-122, 2018",
      "year": 2018,
      "citations": 10
    },
    {
      "title": "Symmetry-aware face completion with generative adversarial networks",
      "url": "https://scholar.google.com/citations?view_op=view_citation&hl=en&user=-PZc7YQAAAAJ&citation_for_view=-PZc7YQAAAAJ:WF5omc3nYNoC",
      "authors": "J Zhang, R Zhan, D Sun, G Pan",
      "venue": "Asian Conference on Computer Vision, 289-304, 2018",
      "year": 2018,
      "citations": 7
    },
    {
      "title": "Reverse seam carving",
      "url": "https://scholar.google.com/citations?view_op=view_citation&hl=en&user=-PZc7YQAAAAJ&citation_for_view=-PZc7YQAAAAJ:IjCSPb-OGe4C",
      "authors": "G Pan, W Li, W Bai, J Chen, L Li",
      "venue": "2011 Sixth International Conference on Image and Graphics, 50-55, 2011",
      "year": 2011,
      "citations": 11
    }
  ],
  "co_authors": []
}