{
  "author_info": {
    "name": "Hyoung Suk Park",
    "affiliation": "Senior Researcher, National Institute for Mathematical Sciences",
    "email_verified": "Verified email at nims.re.kr",
    "interests": [
      "medical imaging",
      "computed tomography",
      "deep learning"
    ],
    "photo_url": "https://scholar.googleusercontent.com/citations?view_op=view_photo&user=-YLjGfAAAAAJ&citpid=1"
  },
  "citation_stats": {
    "citations_all": 1190,
    "citations_since_2020": 1003,
    "h_index_all": 15,
    "h_index_since_2020": 14,
    "i10_index_all": 18,
    "i10_index_since_2020": 17,
    "citation_graph": [
      {
        "year": 2014,
        "citations": 4
      },
      {
        "year": 2015,
        "citations": 12
      },
      {
        "year": 2016,
        "citations": 18
      },
      {
        "year": 2017,
        "citations": 27
      },
      {
        "year": 2018,
        "citations": 44
      },
      {
        "year": 2019,
        "citations": 68
      },
      {
        "year": 2020,
        "citations": 77
      },
      {
        "year": 2021,
        "citations": 124
      },
      {
        "year": 2022,
        "citations": 147
      },
      {
        "year": 2023,
        "citations": 194
      },
      {
        "year": 2024,
        "citations": 239
      },
      {
        "year": 2025,
        "citations": 221
      }
    ]
  },
  "papers": [
    {
      "title": "Implicit neural representation‐based method for metal‐induced beam hardening artifact reduction in X‐ray CT imaging",
      "url": "https://scholar.google.com/citations?view_op=view_citation&hl=en&user=-YLjGfAAAAAJ&citation_for_view=-YLjGfAAAAAJ:M3ejUd6NZC8C",
      "authors": "HS Park, JK Seo, K Jeon",
      "venue": "Medical Physics 52 (4), 2201-2211, 2025",
      "year": 2025,
      "citations": 8
    },
    {
      "title": "Automatic 3D Registration of Dental CBCT and Face Scan Data using 2D Projection Images",
      "url": "https://scholar.google.com/citations?view_op=view_citation&hl=en&user=-YLjGfAAAAAJ&citation_for_view=-YLjGfAAAAAJ:YOwf2qJgpHMC",
      "authors": "HS Park, CM Hyun, SH Lee, JK Seo, K Jeon",
      "venue": "IEEE Access, 2024",
      "year": 2024,
      "citations": 6
    },
    {
      "title": "Deep learning method for reducing metal artifacts in dental cone-beam CT using supplementary information from intra-oral scan",
      "url": "https://scholar.google.com/citations?view_op=view_citation&hl=en&user=-YLjGfAAAAAJ&citation_for_view=-YLjGfAAAAAJ:0EnyYjriUFMC",
      "authors": "CM Hyun, T Bayaraa, HS Yun, TJ Jang, HS Park, JK Seo",
      "venue": "Physics in Medicine & Biology 67 (17), 175007, 2022",
      "year": 2022,
      "citations": 43
    },
    {
      "title": "A fidelity‐embedded learning for metal artifact reduction in dental CBCT",
      "url": "https://scholar.google.com/citations?view_op=view_citation&hl=en&user=-YLjGfAAAAAJ&citation_for_view=-YLjGfAAAAAJ:UebtZRa9Y70C",
      "authors": "HS Park, JK Seo, CM Hyun, SM Lee, K Jeon",
      "venue": "Medical Physics 49 (8), 5195-5205, 2022",
      "year": 2022,
      "citations": 26
    },
    {
      "title": "Denoising of pediatric low dose abdominal CT using deep learning based algorithm",
      "url": "https://scholar.google.com/citations?view_op=view_citation&hl=en&user=-YLjGfAAAAAJ&citation_for_view=-YLjGfAAAAAJ:roLk4NBRz8UC",
      "authors": "HS Park, K Jeon, JE Lee, SK You",
      "venue": "Plos one 17 (1), e0260369, 2022",
      "year": 2022,
      "citations": 13
    },
    {
      "title": "Unpaired-paired learning for shading correction in cone-beam computed tomography",
      "url": "https://scholar.google.com/citations?view_op=view_citation&hl=en&user=-YLjGfAAAAAJ&citation_for_view=-YLjGfAAAAAJ:Se3iqnhoufwC",
      "authors": "HS Park, K Jeon, SH Lee, JK Seo",
      "venue": "IEEE Access 10, 26140-26148, 2022",
      "year": 2022,
      "citations": 12
    },
    {
      "title": "Restoration of amyloid PET images obtained with short-time data using a generative adversarial networks framework",
      "url": "https://scholar.google.com/citations?view_op=view_citation&hl=en&user=-YLjGfAAAAAJ&citation_for_view=-YLjGfAAAAAJ:9yKSN-GCB0IC",
      "authors": "YJ Jeong, HS Park, JE Jeong, HJ Yoon, K Jeon, K Cho, DY Kang",
      "venue": "Scientific reports 11 (1), 4825, 2021",
      "year": 2021,
      "citations": 26
    },
    {
      "title": "Diagnostic performance of a new convolutional neural network algorithm for detecting developmental dysplasia of the hip on anteroposterior radiographs",
      "url": "https://scholar.google.com/citations?view_op=view_citation&hl=en&user=-YLjGfAAAAAJ&citation_for_view=-YLjGfAAAAAJ:qjMakFHDy7sC",
      "authors": "HS Park, K Jeon, YJ Cho, SW Kim, SB Lee, G Choi, S Lee, YH Choi, ...",
      "venue": "Korean journal of radiology 22 (4), 612, 2020",
      "year": 2020,
      "citations": 37
    },
    {
      "title": "Low-dose CT image reconstruction with a deep learning prior",
      "url": "https://scholar.google.com/citations?view_op=view_citation&hl=en&user=-YLjGfAAAAAJ&citation_for_view=-YLjGfAAAAAJ:W7OEmFMy1HYC",
      "authors": "HS Park, K Kim, K Jeon",
      "venue": "IEEE Access 8, 158647-158655, 2020",
      "year": 2020,
      "citations": 11
    },
    {
      "title": "RETOUCH: The retinal OCT fluid detection and segmentation benchmark and challenge",
      "url": "https://scholar.google.com/citations?view_op=view_citation&hl=en&user=-YLjGfAAAAAJ&citation_for_view=-YLjGfAAAAAJ:Tyk-4Ss8FVUC",
      "authors": "H Bogunović, F Venhuizen, S Klimscha, S Apostolopoulos, ...",
      "venue": "IEEE transactions on medical imaging 38 (8), 1858-1874, 2019",
      "year": 2019,
      "citations": 305
    },
    {
      "title": "Unpaired image denoising using a generative adversarial network in X-ray CT",
      "url": "https://scholar.google.com/citations?view_op=view_citation&hl=en&user=-YLjGfAAAAAJ&citation_for_view=-YLjGfAAAAAJ:UeHWp8X0CEIC",
      "authors": "HS Park, J Baek, SK You, JK Choi, JK Seo",
      "venue": "IEEE Access 7, 110414-110425, 2019",
      "year": 2019,
      "citations": 99
    },
    {
      "title": "CT sinogram‐consistency learning for metal‐induced beam hardening correction",
      "url": "https://scholar.google.com/citations?view_op=view_citation&hl=en&user=-YLjGfAAAAAJ&citation_for_view=-YLjGfAAAAAJ:YsMSGLbcyi4C",
      "authors": "HS Park, SM Lee, HP Kim, JK Seo, YE Chung",
      "venue": "Medical physics 45 (12), 5376-5384, 2018",
      "year": 2018,
      "citations": 184
    },
    {
      "title": "Deep neural networks for the detection and segmentation of the retinal fluid in OCT images",
      "url": "https://scholar.google.com/citations?view_op=view_citation&hl=en&user=-YLjGfAAAAAJ&citation_for_view=-YLjGfAAAAAJ:u5HHmVD_uO8C",
      "authors": "SH Kang, HS Park, J Jang, K Jeon",
      "venue": "MICCAI Retinal OCT Fluid Challenge (RETOUCH), 2017",
      "year": 2017,
      "citations": 43
    },
    {
      "title": "Characterization of metal artifacts in X‐ray computed tomography",
      "url": "https://scholar.google.com/citations?view_op=view_citation&hl=en&user=-YLjGfAAAAAJ&citation_for_view=-YLjGfAAAAAJ:2osOgNQ5qMEC",
      "authors": "HS Park, JK Choi, JK Seo",
      "venue": "Communications on Pure and Applied Mathematics 70 (11), 2191-2217, 2017",
      "year": 2017,
      "citations": 42
    },
    {
      "title": "Machine-learning-based nonlinear decomposition of CT images for metal artifact reduction",
      "url": "https://scholar.google.com/citations?view_op=view_citation&hl=en&user=-YLjGfAAAAAJ&citation_for_view=-YLjGfAAAAAJ:LkGwnXOMwfcC",
      "authors": "HS Park, SM Lee, HP Kim, JK Seo",
      "venue": "arXiv preprint arXiv:1708.00244, 2017",
      "year": 2017,
      "citations": 24
    },
    {
      "title": "Metal artifact reduction for polychromatic X-ray CT based on a beam-hardening corrector",
      "url": "https://scholar.google.com/citations?view_op=view_citation&hl=en&user=-YLjGfAAAAAJ&citation_for_view=-YLjGfAAAAAJ:Y0pCki6q_DkC",
      "authors": "HS Park, D Hwang, JK Seo",
      "venue": "IEEE transactions on medical imaging 35 (2), 480-487, 2015",
      "year": 2015,
      "citations": 123
    },
    {
      "title": "Computed tomographic beam-hardening artefacts: mathematical characterization and analysis",
      "url": "https://scholar.google.com/citations?view_op=view_citation&hl=en&user=-YLjGfAAAAAJ&citation_for_view=-YLjGfAAAAAJ:u-x6o8ySG0sC",
      "authors": "HS Park, YE Chung, JK Seo",
      "venue": "Philosophical Transactions of the Royal Society A: Mathematical, Physical …, 2015",
      "year": 2015,
      "citations": 68
    },
    {
      "title": "Inverse problem in quantitative susceptibility mapping",
      "url": "https://scholar.google.com/citations?view_op=view_citation&hl=en&user=-YLjGfAAAAAJ&citation_for_view=-YLjGfAAAAAJ:eQOLeE2rZwMC",
      "authors": "JK Choi, HS Park, S Wang, Y Wang, JK Seo",
      "venue": "SIAM Journal on Imaging Sciences 7 (3), 1669-1689, 2014",
      "year": 2014,
      "citations": 41
    },
    {
      "title": "Metal artifact reduction in CT by identifying missing data hidden in metals",
      "url": "https://scholar.google.com/citations?view_op=view_citation&hl=en&user=-YLjGfAAAAAJ&citation_for_view=-YLjGfAAAAAJ:IjCSPb-OGe4C",
      "authors": "HS Park, JK Choi, KR Park, KS Kim, SH Lee, JC Ye, JK Seo",
      "venue": "Journal of X-ray science and technology 21 (3), 357-372, 2013",
      "year": 2013,
      "citations": 40
    },
    {
      "title": "Three-dimensional vector analysis of mandibular structural asymmetry",
      "url": "https://scholar.google.com/citations?view_op=view_citation&hl=en&user=-YLjGfAAAAAJ&citation_for_view=-YLjGfAAAAAJ:WF5omc3nYNoC",
      "authors": "KR Park, HS Park, Z Piao, MK Kim, HS Yu, JK Seo, SH Lee",
      "venue": "Journal of Cranio-Maxillofacial Surgery 41 (4), 338-344, 2013",
      "year": 2013,
      "citations": 21
    }
  ],
  "co_authors": [
    {
      "name": "Jin Keun Seo",
      "scholar_id": "t1p7qPcAAAAJ",
      "url": "https://scholar.google.com/citations?user=t1p7qPcAAAAJ"
    },
    {
      "name": "Sung Min Lee",
      "scholar_id": "pjUyCTkAAAAJ",
      "url": "https://scholar.google.com/citations?user=pjUyCTkAAAAJ"
    },
    {
      "name": "Hwa Pyung Kim",
      "scholar_id": "wKO68VYAAAAJ",
      "url": "https://scholar.google.com/citations?user=wKO68VYAAAAJ"
    },
    {
      "name": "Sang-Hwy Lee",
      "scholar_id": "rO_ZnmEAAAAJ",
      "url": "https://scholar.google.com/citations?user=rO_ZnmEAAAAJ"
    },
    {
      "name": "Dosik Hwang",
      "scholar_id": "PciqeBcAAAAJ",
      "url": "https://scholar.google.com/citations?user=PciqeBcAAAAJ"
    },
    {
      "name": "Kyungsang Kim",
      "scholar_id": "pdewAHgAAAAJ",
      "url": "https://scholar.google.com/citations?user=pdewAHgAAAAJ"
    },
    {
      "name": "Tae Jun Jang",
      "scholar_id": "_WOgKJ4AAAAJ",
      "url": "https://scholar.google.com/citations?user=_WOgKJ4AAAAJ"
    },
    {
      "name": "Hye Sun Yun",
      "scholar_id": "B1VXdPsAAAAJ",
      "url": "https://scholar.google.com/citations?user=B1VXdPsAAAAJ"
    },
    {
      "name": "Yi Wang",
      "scholar_id": "Ncjxb9oAAAAJ",
      "url": "https://scholar.google.com/citations?user=Ncjxb9oAAAAJ"
    },
    {
      "name": "Jong Chul Ye",
      "scholar_id": "HNMjoNEAAAAJ",
      "url": "https://scholar.google.com/citations?user=HNMjoNEAAAAJ"
    },
    {
      "name": "Young Hun Choi",
      "scholar_id": "QCfEIycAAAAJ",
      "url": "https://scholar.google.com/citations?user=QCfEIycAAAAJ"
    },
    {
      "name": "Do-Young Kang",
      "scholar_id": "EHnKdQEAAAAJ",
      "url": "https://scholar.google.com/citations?user=EHnKdQEAAAAJ"
    },
    {
      "name": "Hao Gao",
      "scholar_id": "fzw8KgYAAAAJ",
      "url": "https://scholar.google.com/citations?user=fzw8KgYAAAAJ"
    },
    {
      "name": "jongduk baek",
      "scholar_id": "Cj0ntKwAAAAJ",
      "url": "https://scholar.google.com/citations?user=Cj0ntKwAAAAJ"
    },
    {
      "name": "Chang Min Hyun",
      "scholar_id": "bmvy8ewAAAAJ",
      "url": "https://scholar.google.com/citations?user=bmvy8ewAAAAJ"
    }
  ]
}