{
  "author_info": {
    "name": "Dingjie Su",
    "affiliation": "Ph.D student Vanderbilt University",
    "email_verified": "Verified email at vanderbilt.edu",
    "interests": [
      "computer vision"
    ],
    "photo_url": "/citations/images/avatar_scholar_128.png"
  },
  "citation_stats": {
    "citations_all": 23,
    "citations_since_2020": 23,
    "h_index_all": 3,
    "h_index_since_2020": 3,
    "i10_index_all": 0,
    "i10_index_since_2020": 0,
    "citation_graph": [
      {
        "year": 2021,
        "citations": 1
      },
      {
        "year": 2022,
        "citations": 5
      },
      {
        "year": 2023,
        "citations": 6
      },
      {
        "year": 2024,
        "citations": 2
      },
      {
        "year": 2025,
        "citations": 9
      }
    ]
  },
  "papers": [
    {
      "title": "Data-Driven abdominal phenotypes of type 2 diabetes in Lean, Overweight, and obese cohorts",
      "url": "https://scholar.google.com/citations?view_op=view_citation&hl=en&user=-bWWeRUAAAAJ&citation_for_view=-bWWeRUAAAAJ:_FxGoFyzp5QC",
      "authors": "LW Remedios, C Cho, TM Schwartz, D Su, G Rudravaram, C Gao, ...",
      "venue": "arXiv preprint arXiv:2508.11063, 2025",
      "year": 2025,
      "citations": 2
    },
    {
      "title": "Lifespan Pancreas Morphology for Control vs Type 2 Diabetes using AI on Largescale Clinical Imaging",
      "url": "https://scholar.google.com/citations?view_op=view_citation&hl=en&user=-bWWeRUAAAAJ&citation_for_view=-bWWeRUAAAAJ:LkGwnXOMwfcC",
      "authors": "LW Remedios, C Cho, TM Schwartz, D Su, G Rudravaram, C Gao, ...",
      "venue": "arXiv preprint arXiv:2508.14878, 2025",
      "year": 2025,
      "citations": 1
    },
    {
      "title": "Calibrating CT slice location and body part in body part regression",
      "url": "https://scholar.google.com/citations?view_op=view_citation&hl=en&user=-bWWeRUAAAAJ&citation_for_view=-bWWeRUAAAAJ:W7OEmFMy1HYC",
      "authors": "D Su, T Li, L Zuo, Y Tang, BM Dawant, BA Landman",
      "venue": "Medical Imaging 2025: Image Processing 13406, 587-591, 2025",
      "year": 2025,
      "citations": 1
    },
    {
      "title": "CT Contrast Phase Identification by Predicting the Temporal Angle Using Circular Regression",
      "url": "https://scholar.google.com/citations?view_op=view_citation&hl=en&user=-bWWeRUAAAAJ&citation_for_view=-bWWeRUAAAAJ:WF5omc3nYNoC",
      "authors": "D Su, KD Van Schaik, LW Remedios, T Li, F Maldonado, KL Sandler, ...",
      "venue": "2025 IEEE 22nd International Symposium on Biomedical Imaging (ISBI), 1-5, 2025",
      "year": 2025,
      "citations": 0
    },
    {
      "title": "Self-supervised Mamba-based mastoidectomy shape prediction for cochlear implant surgery",
      "url": "https://scholar.google.com/citations?view_op=view_citation&hl=en&user=-bWWeRUAAAAJ&citation_for_view=-bWWeRUAAAAJ:eQOLeE2rZwMC",
      "authors": "Y Zhang, E Davalos, D Su, A Lou, JH Noble",
      "venue": "Medical Imaging 2025: Image Processing 13406, 201-207, 2025",
      "year": 2025,
      "citations": 0
    },
    {
      "title": "Localization of ear landmarks in head CT images using self-supervised anatomical embeddings",
      "url": "https://scholar.google.com/citations?view_op=view_citation&hl=en&user=-bWWeRUAAAAJ&citation_for_view=-bWWeRUAAAAJ:YsMSGLbcyi4C",
      "authors": "D Su, Y Fan, BM Dawant",
      "venue": "Medical Imaging 2025: Image Processing 13406, 478-482, 2025",
      "year": 2025,
      "citations": 0
    },
    {
      "title": "Robust body composition analysis by generating 3D CT volumes from limited 2D slices",
      "url": "https://scholar.google.com/citations?view_op=view_citation&hl=en&user=-bWWeRUAAAAJ&citation_for_view=-bWWeRUAAAAJ:Tyk-4Ss8FVUC",
      "authors": "L Zuo, X Yu, D Su, K Xu, AR Krishnan, Y Liu, S Bao, F Maldonado, ...",
      "venue": "Medical Imaging 2025: Image Processing 13406, 101-108, 2025",
      "year": 2025,
      "citations": 0
    },
    {
      "title": "Beyond the lungs: extending the field-of-view in chest CT with latent diffusion models",
      "url": "https://scholar.google.com/citations?view_op=view_citation&hl=en&user=-bWWeRUAAAAJ&citation_for_view=-bWWeRUAAAAJ:zYLM7Y9cAGgC",
      "authors": "L Zuo, K Xu, D Su, X Yu, AR Krishnan, Y Liu, S Bao, T Li, KL Sandler, ...",
      "venue": "Medical Imaging 2025: Image Processing 13406, 117-124, 2025",
      "year": 2025,
      "citations": 0
    },
    {
      "title": "Monocular microscope to CT registration using pose estimation of the incus for augmented reality cochlear implant surgery",
      "url": "https://scholar.google.com/citations?view_op=view_citation&hl=en&user=-bWWeRUAAAAJ&citation_for_view=-bWWeRUAAAAJ:UeHWp8X0CEIC",
      "authors": "Y Zhang, E Davalos, D Su, A Lou, JH Noble",
      "venue": "Medical Imaging 2024: Image-Guided Procedures, Robotic Interventions, and …, 2024",
      "year": 2024,
      "citations": 4
    },
    {
      "title": "Unsupervised Mastoidectomy for Cochlear CT Mesh Reconstruction Using Highly Noisy Data",
      "url": "https://scholar.google.com/citations?view_op=view_citation&hl=en&user=-bWWeRUAAAAJ&citation_for_view=-bWWeRUAAAAJ:qjMakFHDy7sC",
      "authors": "Y Zhang, D Su, E Davalos, JH Noble",
      "venue": "arXiv e-prints, arXiv: 2407.15787, 2024",
      "year": 2024,
      "citations": 0
    },
    {
      "title": "3D Shape Correspondence for Medical Applications Using Neural Descriptor Fields",
      "url": "https://scholar.google.com/citations?view_op=view_citation&hl=en&user=-bWWeRUAAAAJ&citation_for_view=-bWWeRUAAAAJ:2osOgNQ5qMEC",
      "authors": "D Su, Y Fan, Y Zhang, B Dawant",
      "venue": "2024 IEEE International Symposium on Biomedical Imaging (ISBI), 1-5, 2024",
      "year": 2024,
      "citations": 0
    },
    {
      "title": "Automatic, deep-learning-based segmentation of the amygdalohippocampectomy resection cavity in MR images",
      "url": "https://scholar.google.com/citations?view_op=view_citation&hl=en&user=-bWWeRUAAAAJ&citation_for_view=-bWWeRUAAAAJ:9yKSN-GCB0IC",
      "authors": "D Su, DL Paulo, T Ball, VL Morgan, DJ Englot, BM Dawant",
      "venue": "Medical Imaging 2023: Image-Guided Procedures, Robotic Interventions, and …, 2023",
      "year": 2023,
      "citations": 0
    },
    {
      "title": "Unsupervised domain adaptation for vestibular schwannoma and cochlea segmentation via semi-supervised learning and label fusion",
      "url": "https://scholar.google.com/citations?view_op=view_citation&hl=en&user=-bWWeRUAAAAJ&citation_for_view=-bWWeRUAAAAJ:u-x6o8ySG0sC",
      "authors": "H Liu, Y Fan, C Cui, D Su, A McNeil, BM Dawant",
      "venue": "International MICCAI Brainlesion Workshop, 529-539, 2021",
      "year": 2021,
      "citations": 7
    },
    {
      "title": "Cross-modality domain adaptation for vestibular schwannoma and cochlea segmentation",
      "url": "https://scholar.google.com/citations?view_op=view_citation&hl=en&user=-bWWeRUAAAAJ&citation_for_view=-bWWeRUAAAAJ:u5HHmVD_uO8C",
      "authors": "H Liu, Y Fan, C Cui, D Su, A McNeil, BM Dawant",
      "venue": "arXiv preprint arXiv:2109.06274, 2021",
      "year": 2021,
      "citations": 5
    },
    {
      "title": "Atlas-based segmentation of intracochlear anatomy in metal artifact affected CT images of the ear with co-trained deep neural networks",
      "url": "https://scholar.google.com/citations?view_op=view_citation&hl=en&user=-bWWeRUAAAAJ&citation_for_view=-bWWeRUAAAAJ:d1gkVwhDpl0C",
      "authors": "J Wang, D Su, Y Fan, S Chakravorti, JH Noble, BM Dawant",
      "venue": "International Conference on Medical Image Computing and Computer-Assisted …, 2021",
      "year": 2021,
      "citations": 2
    },
    {
      "title": "Mesh-Prompted Anatomy Segmentation",
      "url": "https://scholar.google.com/citations?view_op=view_citation&hl=en&user=-bWWeRUAAAAJ&citation_for_view=-bWWeRUAAAAJ:Y0pCki6q_DkC",
      "authors": "D Su, Y Liu, L Zuo, B Dawant",
      "venue": "Medical Imaging with Deep Learning, 0",
      "citations": 1
    }
  ],
  "co_authors": []
}