{
  "author_info": {
    "name": "Gita Sukthankar",
    "affiliation": "Professor, Department of Computer Science, University of Central Florida",
    "email_verified": "Verified email at eecs.ucf.edu - Homepage",
    "website": "http://www.eecs.ucf.edu/~gitars",
    "interests": [
      "multi-agent systems",
      "plan recognition",
      "AI in games",
      "agent-based social simulations"
    ],
    "photo_url": "https://scholar.googleusercontent.com/citations?view_op=view_photo&user=087P6LMAAAAJ&citpid=2"
  },
  "citation_stats": {
    "citations_all": 3801,
    "citations_since_2020": 1429,
    "h_index_all": 30,
    "h_index_since_2020": 18,
    "i10_index_all": 93,
    "i10_index_since_2020": 46,
    "citation_graph": [
      {
        "year": 2002,
        "citations": 14
      },
      {
        "year": 2003,
        "citations": 20
      },
      {
        "year": 2004,
        "citations": 33
      },
      {
        "year": 2005,
        "citations": 63
      },
      {
        "year": 2006,
        "citations": 55
      },
      {
        "year": 2007,
        "citations": 71
      },
      {
        "year": 2008,
        "citations": 69
      },
      {
        "year": 2009,
        "citations": 111
      },
      {
        "year": 2010,
        "citations": 104
      },
      {
        "year": 2011,
        "citations": 114
      },
      {
        "year": 2012,
        "citations": 131
      },
      {
        "year": 2013,
        "citations": 165
      },
      {
        "year": 2014,
        "citations": 200
      },
      {
        "year": 2015,
        "citations": 199
      },
      {
        "year": 2016,
        "citations": 229
      },
      {
        "year": 2017,
        "citations": 234
      },
      {
        "year": 2018,
        "citations": 262
      },
      {
        "year": 2019,
        "citations": 211
      },
      {
        "year": 2020,
        "citations": 275
      },
      {
        "year": 2021,
        "citations": 236
      },
      {
        "year": 2022,
        "citations": 242
      },
      {
        "year": 2023,
        "citations": 244
      },
      {
        "year": 2024,
        "citations": 225
      },
      {
        "year": 2025,
        "citations": 205
      }
    ]
  },
  "papers": [
    {
      "title": "Learning social graph topologies using generative adversarial neural networks",
      "url": "https://scholar.google.com/citations?view_op=view_citation&hl=en&user=087P6LMAAAAJ&citation_for_view=087P6LMAAAAJ:ZuybSZzF8UAC",
      "authors": "S Tavakoli, A Hajibagheri, G Sukthankar",
      "venue": "International Conference on Social Computing, Behavioral-Cultural Modeling …, 2017",
      "year": 2017,
      "citations": 40
    },
    {
      "title": "Plan, activity, and intent recognition: Theory and practice",
      "url": "https://scholar.google.com/citations?view_op=view_citation&hl=en&user=087P6LMAAAAJ&citation_for_view=087P6LMAAAAJ:1sJd4Hv_s6UC",
      "authors": "G Sukthankar, C Geib, HH Bui, D Pynadath, RP Goldman",
      "venue": "Newnes, 2014",
      "year": 2014,
      "citations": 343
    },
    {
      "title": "Community detection in dynamic social networks: A game-theoretic approach",
      "url": "https://scholar.google.com/citations?view_op=view_citation&hl=en&user=087P6LMAAAAJ&citation_for_view=087P6LMAAAAJ:K3LRdlH-MEoC",
      "authors": "H Alvari, A Hajibagheri, G Sukthankar",
      "venue": "2014 IEEE/ACM International Conference on Advances in Social Networks …, 2014",
      "year": 2014,
      "citations": 76
    },
    {
      "title": "Multi-label relational neighbor classification using social context features",
      "url": "https://scholar.google.com/citations?view_op=view_citation&hl=en&user=087P6LMAAAAJ&citation_for_view=087P6LMAAAAJ:bFI3QPDXJZMC",
      "authors": "X Wang, G Sukthankar",
      "venue": "Proceedings of the 19th ACM SIGKDD international conference on Knowledge …, 2013",
      "year": 2013,
      "citations": 96
    },
    {
      "title": "Tractable POMDP representations for intelligent tutoring systems",
      "url": "https://scholar.google.com/citations?view_op=view_citation&hl=en&user=087P6LMAAAAJ&citation_for_view=087P6LMAAAAJ:BqipwSGYUEgC",
      "authors": "JT Folsom-Kovarik, G Sukthankar, S Schatz",
      "venue": "ACM Transactions on Intelligent Systems and Technology (TIST) 4 (2), 1-22, 2013",
      "year": 2013,
      "citations": 56
    },
    {
      "title": "Incremental relabeling for active learning with noisy crowdsourced annotations",
      "url": "https://scholar.google.com/citations?view_op=view_citation&hl=en&user=087P6LMAAAAJ&citation_for_view=087P6LMAAAAJ:HDshCWvjkbEC",
      "authors": "L Zhao, G Sukthankar, R Sukthankar",
      "venue": "2011 IEEE third international conference on privacy, security, risk and …, 2011",
      "year": 2011,
      "citations": 116
    },
    {
      "title": "Learning policies for first person shooter games using inverse reinforcement learning",
      "url": "https://scholar.google.com/citations?view_op=view_citation&hl=en&user=087P6LMAAAAJ&citation_for_view=087P6LMAAAAJ:e5wmG9Sq2KIC",
      "authors": "B Tastan, G Sukthankar",
      "venue": "Proceedings of the AAAI Conference on Artificial Intelligence and …, 2011",
      "year": 2011,
      "citations": 72
    },
    {
      "title": "Robust Active Learning Using Crowdsourced Annotations for Activity Recognition.",
      "url": "https://scholar.google.com/citations?view_op=view_citation&hl=en&user=087P6LMAAAAJ&citation_for_view=087P6LMAAAAJ:hC7cP41nSMkC",
      "authors": "L Zhao, G Sukthankar, R Sukthankar",
      "venue": "Human Computation 32, 2011",
      "year": 2011,
      "citations": 59
    },
    {
      "title": "Improving offensive performance through opponent modeling",
      "url": "https://scholar.google.com/citations?view_op=view_citation&hl=en&user=087P6LMAAAAJ&citation_for_view=087P6LMAAAAJ:YsMSGLbcyi4C",
      "authors": "K Laviers, G Sukthankar, D Aha, M Molineaux",
      "venue": "Proceedings of the AAAI Conference on Artificial Intelligence and …, 2009",
      "year": 2009,
      "citations": 70
    },
    {
      "title": "Hypothesis Pruning and Ranking for Large Plan Recognition Problems.",
      "url": "https://scholar.google.com/citations?view_op=view_citation&hl=en&user=087P6LMAAAAJ&citation_for_view=087P6LMAAAAJ:ufrVoPGSRksC",
      "authors": "G Sukthankar, KP Sycara",
      "venue": "AAAI 8, 998-1003, 2008",
      "year": 2008,
      "citations": 47
    },
    {
      "title": "Literature review of teamwork models",
      "url": "https://scholar.google.com/citations?view_op=view_citation&hl=en&user=087P6LMAAAAJ&citation_for_view=087P6LMAAAAJ:Tyk-4Ss8FVUC",
      "authors": "K Sycara, G Sukthankar",
      "venue": "Robotics Institute, Carnegie Mellon University 31 (31), 1-31, 2006",
      "year": 2006,
      "citations": 164
    },
    {
      "title": "Wireless multi-user multi-projector presentation system",
      "url": "https://scholar.google.com/citations?view_op=view_citation&hl=en&user=087P6LMAAAAJ&citation_for_view=087P6LMAAAAJ:bEWYMUwI8FkC",
      "authors": "R Sukthankar, TJ Cham, GR Sukthankar, JM Rehg",
      "venue": "US Patent 7,006,055, 2006",
      "year": 2006,
      "citations": 136
    },
    {
      "title": "Robust recognition of physical team behaviors using spatio-temporal models",
      "url": "https://scholar.google.com/citations?view_op=view_citation&hl=en&user=087P6LMAAAAJ&citation_for_view=087P6LMAAAAJ:9yKSN-GCB0IC",
      "authors": "G Sukthankar, K Sycara",
      "venue": "Proceedings of the fifth international joint conference on Autonomous agents …, 2006",
      "year": 2006,
      "citations": 75
    },
    {
      "title": "Simultaneous team assignment and behavior recognition from spatio-temporal agent traces",
      "url": "https://scholar.google.com/citations?view_op=view_citation&hl=en&user=087P6LMAAAAJ&citation_for_view=087P6LMAAAAJ:UeHWp8X0CEIC",
      "authors": "G Sukthankar, K Sycara",
      "venue": "AAAI 6, 716-721, 2006",
      "year": 2006,
      "citations": 55
    },
    {
      "title": "Research directions for service-oriented multiagent systems",
      "url": "https://scholar.google.com/citations?view_op=view_citation&hl=en&user=087P6LMAAAAJ&citation_for_view=087P6LMAAAAJ:u5HHmVD_uO8C",
      "authors": "MN Huhns, MP Singh, M Burstein, K Decker, KE Durfee, T Finin, ...",
      "venue": "IEEE Internet Computing 9 (6), 65-70, 2005",
      "year": 2005,
      "citations": 197
    },
    {
      "title": "A cost minimization approach to human behavior recognition",
      "url": "https://scholar.google.com/citations?view_op=view_citation&hl=en&user=087P6LMAAAAJ&citation_for_view=087P6LMAAAAJ:2osOgNQ5qMEC",
      "authors": "G Sukthankar, K Sycara",
      "venue": "Proceedings of the fourth international joint conference on Autonomous …, 2005",
      "year": 2005,
      "citations": 72
    },
    {
      "title": "Shadow elimination and occluder light suppression for multi-projector displays",
      "url": "https://scholar.google.com/citations?view_op=view_citation&hl=en&user=087P6LMAAAAJ&citation_for_view=087P6LMAAAAJ:d1gkVwhDpl0C",
      "authors": "TJ Cham, JM Rehg, R Sukthankar, G Sukthankar",
      "venue": "2003 IEEE Computer Society Conference on Computer Vision and Pattern …, 2003",
      "year": 2003,
      "citations": 79
    },
    {
      "title": "Projected light displays using visual feedback",
      "url": "https://scholar.google.com/citations?view_op=view_citation&hl=en&user=087P6LMAAAAJ&citation_for_view=087P6LMAAAAJ:IjCSPb-OGe4C",
      "authors": "JM Rehg, M Flagg, TJ Cham, R Sukthankar, G Sukthankar",
      "venue": "7th International Conference on Control, Automation, Robotics and Vision …, 2002",
      "year": 2002,
      "citations": 40
    },
    {
      "title": "Dynamic shadow elimination for multi-projector displays",
      "url": "https://scholar.google.com/citations?view_op=view_citation&hl=en&user=087P6LMAAAAJ&citation_for_view=087P6LMAAAAJ:u-x6o8ySG0sC",
      "authors": "R Sukthankar, TJ Cham, G Sukthankar",
      "venue": "Proceedings of the 2001 IEEE Computer Society Conference on Computer Vision …, 2001",
      "year": 2001,
      "citations": 109
    },
    {
      "title": "Face recognition: a critical look at biologically-inspired approaches",
      "url": "https://scholar.google.com/citations?view_op=view_citation&hl=en&user=087P6LMAAAAJ&citation_for_view=087P6LMAAAAJ:zYLM7Y9cAGgC",
      "authors": "G Sukthankar",
      "venue": "Carnegie Mellon University, the Robotics Institute, 2000",
      "year": 2000,
      "citations": 40
    }
  ],
  "co_authors": [
    {
      "name": "Katia Sycara",
      "scholar_id": "VWv6a9kAAAAJ",
      "url": "https://scholar.google.com/citations?user=VWv6a9kAAAAJ"
    },
    {
      "name": "Rahul Sukthankar",
      "scholar_id": "bmZbi_UNs-oC",
      "url": "https://scholar.google.com/citations?user=bmZbi_UNs-oC"
    },
    {
      "name": "Kiran Lakkaraju",
      "scholar_id": "nxuhv0wAAAAJ",
      "url": "https://scholar.google.com/citations?user=nxuhv0wAAAAJ"
    },
    {
      "name": "Alireza Hajibagheri, PhD",
      "scholar_id": "eEeL-c0AAAAJ",
      "url": "https://scholar.google.com/citations?user=eEeL-c0AAAAJ"
    },
    {
      "name": "Liyue Zhao",
      "scholar_id": "7vqFKwkAAAAJ",
      "url": "https://scholar.google.com/citations?user=7vqFKwkAAAAJ"
    },
    {
      "name": "Hung Bui",
      "scholar_id": "mDLwSZAAAAAJ",
      "url": "https://scholar.google.com/citations?user=mDLwSZAAAAAJ"
    },
    {
      "name": "Christopher Geib",
      "scholar_id": "jF9nhWAAAAAJ",
      "url": "https://scholar.google.com/citations?user=jF9nhWAAAAAJ"
    },
    {
      "name": "Xi Wang",
      "scholar_id": "Clwj3d4AAAAJ",
      "url": "https://scholar.google.com/citations?user=Clwj3d4AAAAJ"
    },
    {
      "name": "David V. Pynadath",
      "scholar_id": "r3zJb3YAAAAJ",
      "url": "https://scholar.google.com/citations?user=r3zJb3YAAAAJ"
    },
    {
      "name": "Robert P. Goldman",
      "scholar_id": "o7VWaikAAAAJ",
      "url": "https://scholar.google.com/citations?user=o7VWaikAAAAJ"
    },
    {
      "name": "Tat-Jen Cham",
      "scholar_id": "Lx3X7W0AAAAJ",
      "url": "https://scholar.google.com/citations?user=Lx3X7W0AAAAJ"
    },
    {
      "name": "Rahmatollah Beheshti",
      "scholar_id": "hi0U4RwAAAAJ",
      "url": "https://scholar.google.com/citations?user=hi0U4RwAAAAJ"
    },
    {
      "name": "Hamidreza Alvari",
      "scholar_id": "x1fvh14AAAAJ",
      "url": "https://scholar.google.com/citations?user=x1fvh14AAAAJ"
    },
    {
      "name": "James M. Rehg",
      "scholar_id": "8kA3eDwAAAAJ",
      "url": "https://scholar.google.com/citations?user=8kA3eDwAAAAJ"
    },
    {
      "name": "Mahsa Maghami",
      "scholar_id": "BihJRRsAAAAJ",
      "url": "https://scholar.google.com/citations?user=BihJRRsAAAAJ"
    },
    {
      "name": "Samaneh Saadat",
      "scholar_id": "CfU6fLMAAAAJ",
      "url": "https://scholar.google.com/citations?user=CfU6fLMAAAAJ"
    },
    {
      "name": "David W. Aha",
      "scholar_id": "V6bim9AAAAAJ",
      "url": "https://scholar.google.com/citations?user=V6bim9AAAAAJ"
    },
    {
      "name": "Matthew Molineaux",
      "scholar_id": "9Zru6S0AAAAJ",
      "url": "https://scholar.google.com/citations?user=9Zru6S0AAAAJ"
    },
    {
      "name": "Muhammad Junaid Khan",
      "scholar_id": "GnogxwoAAAAJ",
      "url": "https://scholar.google.com/citations?user=GnogxwoAAAAJ"
    },
    {
      "name": "Keith Decker",
      "scholar_id": "8odG5jkAAAAJ",
      "url": "https://scholar.google.com/citations?user=8odG5jkAAAAJ"
    }
  ]
}