{
  "author_info": {
    "name": "Xinyue Hu",
    "affiliation": "PhD student, The University of Texas at Arlington",
    "email_verified": "Verified email at mavs.uta.edu",
    "interests": [
      "Computer Vision",
      "Medical Imaging Analysis"
    ],
    "photo_url": "/citations/images/avatar_scholar_128.png"
  },
  "citation_stats": {
    "citations_all": 138,
    "citations_since_2020": 138,
    "h_index_all": 4,
    "h_index_since_2020": 4,
    "i10_index_all": 3,
    "i10_index_since_2020": 3,
    "citation_graph": [
      {
        "year": 2023,
        "citations": 5
      },
      {
        "year": 2024,
        "citations": 28
      },
      {
        "year": 2025,
        "citations": 101
      }
    ]
  },
  "papers": [
    {
      "title": "Interpretable medical image visual question answering via multi-modal relationship graph learning",
      "url": "https://scholar.google.com/citations?view_op=view_citation&hl=en&user=-iNnSkEAAAAJ&citation_for_view=-iNnSkEAAAAJ:2osOgNQ5qMEC",
      "authors": "X Hu, L Gu, K Kobayashi, L Liu, M Zhang, T Harada, RM Summers, Y Zhu",
      "venue": "Medical Image Analysis 97, 103279, 2024",
      "year": 2024,
      "citations": 45
    },
    {
      "title": "A New Benchmark: Clinical Uncertainty and Severity Aware Labeled Chest X-Ray Images With Multi-Relationship Graph Learning",
      "url": "https://scholar.google.com/citations?view_op=view_citation&hl=en&user=-iNnSkEAAAAJ&citation_for_view=-iNnSkEAAAAJ:Tyk-4Ss8FVUC",
      "authors": "M Zhang, X Hu, L Gu, L Liu, K Kobayashi, T Harada, Y Yan, RM Summers, ...",
      "venue": "IEEE Transactions on Medical Imaging, 2024",
      "year": 2024,
      "citations": 3
    },
    {
      "title": "Expert knowledge-aware image difference graph representation learning for difference-aware medical visual question answering",
      "url": "https://scholar.google.com/citations?view_op=view_citation&hl=en&user=-iNnSkEAAAAJ&citation_for_view=-iNnSkEAAAAJ:qjMakFHDy7sC",
      "authors": "X Hu, L Gu, Q An, M Zhang, L Liu, K Kobayashi, T Harada, RM Summers, ...",
      "venue": "Proceedings of the 29th ACM SIGKDD Conference on Knowledge Discovery and …, 2023",
      "year": 2023,
      "citations": 64
    },
    {
      "title": "Medical-diff-vqa: a large-scale medical dataset for difference visual question answering on chest x-ray images",
      "url": "https://scholar.google.com/citations?view_op=view_citation&hl=en&user=-iNnSkEAAAAJ&citation_for_view=-iNnSkEAAAAJ:zYLM7Y9cAGgC",
      "authors": "X Hu, L Gu, Q An, M Zhang, L Liu, K Kobayashi, T Harada, R Summers, ...",
      "venue": "PhysioNet 12, 13, 2023",
      "year": 2023,
      "citations": 10
    },
    {
      "title": "Expert uncertainty and severity aware chest X-Ray classification by multi-relationship graph learning",
      "url": "https://scholar.google.com/citations?view_op=view_citation&hl=en&user=-iNnSkEAAAAJ&citation_for_view=-iNnSkEAAAAJ:UeHWp8X0CEIC",
      "authors": "M Zhang, X Hu, L Gu, L Liu, K Kobayashi, T Harada, RM Summers, Y Zhu",
      "venue": "arXiv preprint arXiv:2309.03331, 2023",
      "year": 2023,
      "citations": 5
    },
    {
      "title": "Dual frame-level and region-level alignment for unsupervised video domain adaptation",
      "url": "https://scholar.google.com/citations?view_op=view_citation&hl=en&user=-iNnSkEAAAAJ&citation_for_view=-iNnSkEAAAAJ:u-x6o8ySG0sC",
      "authors": "X Hu, Y Zhu",
      "venue": "Neurocomputing 550, 126454, 2023",
      "year": 2023,
      "citations": 4
    },
    {
      "title": "Cad-chest: Comprehensive annotation of diseases based on mimic-cxr radiology report",
      "url": "https://scholar.google.com/citations?view_op=view_citation&hl=en&user=-iNnSkEAAAAJ&citation_for_view=-iNnSkEAAAAJ:IjCSPb-OGe4C",
      "authors": "M Zhang, X Hu, L Gu, T Harada, K Kobayashi, R Summers, Y Zhu",
      "venue": "No Title, 2023",
      "year": 2023,
      "citations": 3
    },
    {
      "title": "Integrative analyses of neuroimaging, clinical, and multi-omics data identified meaningful Alzheimer’s disease progression subtypes",
      "url": "https://scholar.google.com/citations?view_op=view_citation&hl=en&user=-iNnSkEAAAAJ&citation_for_view=-iNnSkEAAAAJ:d1gkVwhDpl0C",
      "authors": "Q An, M Zhang, X Hu, C Su, F Wang, Y Zhu",
      "venue": "medRxiv, 2022.11. 01.22281820, 2022",
      "year": 2022,
      "citations": 4
    },
    {
      "title": "Memory Efficient Temporal & Visual Graph Model for Unsupervised Video Domain Adaptation",
      "url": "https://scholar.google.com/citations?view_op=view_citation&hl=en&user=-iNnSkEAAAAJ&citation_for_view=-iNnSkEAAAAJ:9yKSN-GCB0IC",
      "authors": "X Hu, L Gu, L Liu, R Li, C Su, T Harada, Y Zhu",
      "venue": "arXiv preprint arXiv:2208.06554, 2022",
      "year": 2022,
      "citations": 0
    },
    {
      "title": "Medical-CXR-VQA dataset: A Large-Scale LLM-Enhanced Medical Dataset for Visual Question Answering on Chest X-Ray Images",
      "url": "https://scholar.google.com/citations?view_op=view_citation&hl=en&user=-iNnSkEAAAAJ&citation_for_view=-iNnSkEAAAAJ:Y0pCki6q_DkC",
      "authors": "X Hu",
      "venue": "",
      "citations": 0
    },
    {
      "title": "Anatomical Structure-Aware Image Difference Graph Learning for Difference-Aware Medical Visual Question Answering",
      "url": "https://scholar.google.com/citations?view_op=view_citation&hl=en&user=-iNnSkEAAAAJ&citation_for_view=-iNnSkEAAAAJ:u5HHmVD_uO8C",
      "authors": "X Hu, L Gu, Q Chen, L Liu, K Kobayashi, Q An, Z Mengliang, T Harada, ...",
      "venue": "",
      "citations": 0
    }
  ],
  "co_authors": []
}