{
  "author_info": {
    "name": "Xikai Yang",
    "affiliation": "Chinese University of Hong Kong",
    "email_verified": "Verified email at cse.cuhk.edu.hk - Homepage",
    "website": "https://xikai97.github.io/",
    "interests": [
      "Medical Image Analysis",
      "Vision Language Models",
      "Temporal Image Analysis",
      "CT reconstruction"
    ],
    "photo_url": "https://scholar.googleusercontent.com/citations?view_op=view_photo&user=-pgvqdcAAAAJ&citpid=1"
  },
  "citation_stats": {
    "citations_all": 46,
    "citations_since_2020": 46,
    "h_index_all": 4,
    "h_index_since_2020": 4,
    "i10_index_all": 1,
    "i10_index_since_2020": 1,
    "citation_graph": [
      {
        "year": 2020,
        "citations": 2
      },
      {
        "year": 2021,
        "citations": 3
      },
      {
        "year": 2022,
        "citations": 4
      },
      {
        "year": 2023,
        "citations": 3
      },
      {
        "year": 2024,
        "citations": 8
      },
      {
        "year": 2025,
        "citations": 26
      }
    ]
  },
  "papers": [
    {
      "title": "Medical large vision language models with multi-image visual ability",
      "url": "https://scholar.google.com/citations?view_op=view_citation&hl=en&user=-pgvqdcAAAAJ&citation_for_view=-pgvqdcAAAAJ:Se3iqnhoufwC",
      "authors": "X Yang, J Miao, Y Yuan, J Wang, Q Dou, J Li, PA Heng",
      "venue": "International Conference on Medical Image Computing and Computer-Assisted …, 2025",
      "year": 2025,
      "citations": 1
    },
    {
      "title": "Sequence-Independent Continual Test-Time Adaptation with Mixture of Incremental Experts for Cross-Domain Segmentation",
      "url": "https://scholar.google.com/citations?view_op=view_citation&hl=en&user=-pgvqdcAAAAJ&citation_for_view=-pgvqdcAAAAJ:5nxA0vEk-isC",
      "authors": "D Xu, Y Yuan, D Zhou, X Yang, J Zhang, J Li, PA Heng",
      "venue": "International Conference on Medical Image Computing and Computer-Assisted …, 2025",
      "year": 2025,
      "citations": 0
    },
    {
      "title": "SurgPub-Video: A Comprehensive Surgical Video Dataset for Enhanced Surgical Intelligence in Vision-Language Model",
      "url": "https://scholar.google.com/citations?view_op=view_citation&hl=en&user=-pgvqdcAAAAJ&citation_for_view=-pgvqdcAAAAJ:0EnyYjriUFMC",
      "authors": "Y Li*, X Yang*, D Xu*, Y Yu, L Zhao, X Hu, J Li, PA Heng",
      "venue": "arXiv preprint arXiv:2508.10054, 2025",
      "year": 2025,
      "citations": 0
    },
    {
      "title": "From Learning to Unlearning: Biomedical Security Protection in Multimodal Large Language Models",
      "url": "https://scholar.google.com/citations?view_op=view_citation&hl=en&user=-pgvqdcAAAAJ&citation_for_view=-pgvqdcAAAAJ:UebtZRa9Y70C",
      "authors": "D Xu*, X Yang*, Y Li, J Li, PA Heng",
      "venue": "arXiv preprint arXiv:2508.04192, 2025",
      "year": 2025,
      "citations": 0
    },
    {
      "title": "Temporal‐multimodal consistency alignment for Alzheimer's cognitive assessment prediction",
      "url": "https://scholar.google.com/citations?view_op=view_citation&hl=en&user=-pgvqdcAAAAJ&citation_for_view=-pgvqdcAAAAJ:roLk4NBRz8UC",
      "authors": "X Yang*, X Dang*, J Cai, J Li, X Wang, PA Heng",
      "venue": "Medical Physics, 2025",
      "year": 2025,
      "citations": 0
    },
    {
      "title": "Effective Semi-Supervised Medical Image Segmentation With Probabilistic Representations and Prototype Learning",
      "url": "https://scholar.google.com/citations?view_op=view_citation&hl=en&user=-pgvqdcAAAAJ&citation_for_view=-pgvqdcAAAAJ:WF5omc3nYNoC",
      "authors": "Y Yuan, X Wang, X Yang, PA Heng",
      "venue": "IEEE Transactions on Medical Imaging, 2024",
      "year": 2024,
      "citations": 5
    },
    {
      "title": "Multi-scale Spatio-temporal Transformer-based Imbalanced Longitudinal Learning for Glaucoma Forecasting from Irregular Time Series Images",
      "url": "https://scholar.google.com/citations?view_op=view_citation&hl=en&user=-pgvqdcAAAAJ&citation_for_view=-pgvqdcAAAAJ:_FxGoFyzp5QC",
      "authors": "X Yang*, J Wu*, X Wang, Y Yuan, J Li, G Chen, NL Wang, PA Heng",
      "venue": "IEEE Journal of Biomedical and Health Informatics, 2024",
      "year": 2024,
      "citations": 4
    },
    {
      "title": "Coarse-to-fine latent diffusion model for glaucoma forecast on sequential fundus images",
      "url": "https://scholar.google.com/citations?view_op=view_citation&hl=en&user=-pgvqdcAAAAJ&citation_for_view=-pgvqdcAAAAJ:eQOLeE2rZwMC",
      "authors": "Y Zhang, K Huang, X Yang, X Ma, J Wu, N Wang, X Wang, PA Heng",
      "venue": "International Conference on Medical Image Computing and Computer-Assisted …, 2024",
      "year": 2024,
      "citations": 3
    },
    {
      "title": "Decoupling Feature Representations of Ego and Other Modalities for Incomplete Multi-modal Brain Tumor Segmentation",
      "url": "https://scholar.google.com/citations?view_op=view_citation&hl=en&user=-pgvqdcAAAAJ&citation_for_view=-pgvqdcAAAAJ:YsMSGLbcyi4C",
      "authors": "K Yang, W Shan, X Li, X Wang, X Yang, X Wang, PA Heng, Q Li, Z Wang",
      "venue": "2024 IEEE International Conference on Bioinformatics and Biomedicine (BIBM …, 2024",
      "year": 2024,
      "citations": 1
    },
    {
      "title": "Semi-supervised class imbalanced deep learning for cardiac mri segmentation",
      "url": "https://scholar.google.com/citations?view_op=view_citation&hl=en&user=-pgvqdcAAAAJ&citation_for_view=-pgvqdcAAAAJ:IjCSPb-OGe4C",
      "authors": "Y Yuan, X Wang, X Yang, R Li, PA Heng",
      "venue": "International Conference on Medical Image Computing and Computer-Assisted …, 2023",
      "year": 2023,
      "citations": 7
    },
    {
      "title": "Multi‐layer clustering‐based residual sparsifying transform for low‐dose CT image reconstruction",
      "url": "https://scholar.google.com/citations?view_op=view_citation&hl=en&user=-pgvqdcAAAAJ&citation_for_view=-pgvqdcAAAAJ:Tyk-4Ss8FVUC",
      "authors": "L Chen*, X Yang*, Z Huang, Y Long, S Ravishankar",
      "venue": "Medical Physics, 2023",
      "year": 2023,
      "citations": 1
    },
    {
      "title": "CPSC: Conformal prediction with shrunken centroids for efficient prediction reliability quantification and data augmentation, a case in alternative herbal medicine …",
      "url": "https://scholar.google.com/citations?view_op=view_citation&hl=en&user=-pgvqdcAAAAJ&citation_for_view=-pgvqdcAAAAJ:2osOgNQ5qMEC",
      "authors": "L Liu*, X Zhan*, X Yang*, X Guan, R Wu, Z Wang, Z Luo, Y Wang, G Li",
      "venue": "IEEE Transactions on Instrumentation and Measurement 71, 1-11, 2022",
      "year": 2022,
      "citations": 16
    },
    {
      "title": "Multi-layer Residual Sparsifying Transform (MARS) Model for Low-dose CT Image Reconstruction",
      "url": "https://scholar.google.com/citations?view_op=view_citation&hl=en&user=-pgvqdcAAAAJ&citation_for_view=-pgvqdcAAAAJ:u-x6o8ySG0sC",
      "authors": "X Yang, Y Long, S Ravishankar",
      "venue": "Medical Physics, 6388-6400, 2021",
      "year": 2021,
      "citations": 4
    },
    {
      "title": "Learned Multi-layer Residual Sparsifying Transform Model for Low-dose CT Reconstruction",
      "url": "https://scholar.google.com/citations?view_op=view_citation&hl=en&user=-pgvqdcAAAAJ&citation_for_view=-pgvqdcAAAAJ:u5HHmVD_uO8C",
      "authors": "X Yang, X Zheng, Y Long, S Ravishankar",
      "venue": "The 6th International Conference on Image Formation in X-Ray Computed …, 2021",
      "year": 2021,
      "citations": 3
    },
    {
      "title": "Two-layer clustering-based sparsifying transform learning for low-dose CT reconstruction",
      "url": "https://scholar.google.com/citations?view_op=view_citation&hl=en&user=-pgvqdcAAAAJ&citation_for_view=-pgvqdcAAAAJ:d1gkVwhDpl0C",
      "authors": "X Yang, Y Long, S Ravishankar",
      "venue": "The 16th International Meeting on Fully 3D Image Reconstruction in Radiology …, 2021",
      "year": 2021,
      "citations": 1
    },
    {
      "title": "NU-WAY, an Application of Numerical Methods in Campus Running Route Evaluation",
      "url": "https://scholar.google.com/citations?view_op=view_citation&hl=en&user=-pgvqdcAAAAJ&citation_for_view=-pgvqdcAAAAJ:9yKSN-GCB0IC",
      "authors": "Z Xianghao, Y Xikai, Z Jianming",
      "venue": "2018 Chinese Automation Congress (CAC), 798-803, 2018",
      "year": 2018,
      "citations": 0
    }
  ],
  "co_authors": [
    {
      "name": "Saiprasad Ravishankar",
      "scholar_id": "xC_PIeAAAAAJ",
      "url": "https://scholar.google.com/citations?user=xC_PIeAAAAAJ"
    },
    {
      "name": "Xianghao Zhan",
      "scholar_id": "sNzifSQAAAAJ",
      "url": "https://scholar.google.com/citations?user=sNzifSQAAAAJ"
    },
    {
      "name": "Li Liu",
      "scholar_id": "hLHzhqkAAAAJ",
      "url": "https://scholar.google.com/citations?user=hLHzhqkAAAAJ"
    },
    {
      "name": "Zhishen Huang",
      "scholar_id": "vVZcPNwAAAAJ",
      "url": "https://scholar.google.com/citations?user=vVZcPNwAAAAJ"
    },
    {
      "name": "Xuehang Zheng (郑雪杭)",
      "scholar_id": "2Ukz_u8AAAAJ",
      "url": "https://scholar.google.com/citations?user=2Ukz_u8AAAAJ"
    }
  ]
}