{
  "author_info": {
    "name": "Mingli Zhu",
    "affiliation": "The Chinese University of Hong Kong, Shenzhen",
    "email_verified": "Verified email at link.cuhk.edu.cn",
    "interests": [
      "Trustworthy Machine Learning",
      "Backdoor Leanring",
      "AI security"
    ],
    "photo_url": "https://scholar.googleusercontent.com/citations?view_op=view_photo&user=-m7qie8AAAAJ&citpid=5"
  },
  "citation_stats": {
    "citations_all": 414,
    "citations_since_2020": 413,
    "h_index_all": 7,
    "h_index_since_2020": 7,
    "i10_index_all": 7,
    "i10_index_since_2020": 7,
    "citation_graph": [
      {
        "year": 2023,
        "citations": 13
      },
      {
        "year": 2024,
        "citations": 148
      },
      {
        "year": 2025,
        "citations": 251
      }
    ]
  },
  "papers": [
    {
      "title": "Revisiting Backdoor Attacks against Large Vision-Language Models from Domain Shift",
      "url": "https://scholar.google.com/citations?view_op=view_citation&hl=en&user=-m7qie8AAAAJ&citation_for_view=-m7qie8AAAAJ:hqOjcs7Dif8C",
      "authors": "S Liang, J Liang, T Pang, C Du, A Liu, M Zhu, X Cao, D Tao",
      "venue": "Proceedings of the Computer Vision and Pattern Recognition Conference, 9477-9486, 2025",
      "year": 2025,
      "citations": 61
    },
    {
      "title": "Backdoorbench: A comprehensive benchmark and analysis of backdoor learning",
      "url": "https://scholar.google.com/citations?view_op=view_citation&hl=en&user=-m7qie8AAAAJ&citation_for_view=-m7qie8AAAAJ:W7OEmFMy1HYC",
      "authors": "B Wu, H Chen, M Zhang, Z Zhu, S Wei, D Yuan, M Zhu, R Wang, L Liu, ...",
      "venue": "International Journal of Computer Vision, 1-88, 2025",
      "year": 2025,
      "citations": 16
    },
    {
      "title": "BadVideo: Stealthy Backdoor Attack against Text-to-Video Generation",
      "url": "https://scholar.google.com/citations?view_op=view_citation&hl=en&user=-m7qie8AAAAJ&citation_for_view=-m7qie8AAAAJ:UebtZRa9Y70C",
      "authors": "R Wang, M Zhu, J Ou, R Chen, X Tao, P Wan, B Wu",
      "venue": "arXiv preprint arXiv:2504.16907, 2025",
      "year": 2025,
      "citations": 3
    },
    {
      "title": "Defenses in Adversarial Machine Learning: a Systematic Survey from the Lifecycle Perspective",
      "url": "https://scholar.google.com/citations?view_op=view_citation&hl=en&user=-m7qie8AAAAJ&citation_for_view=-m7qie8AAAAJ:0EnyYjriUFMC",
      "authors": "B Wu, M Zhu, M Zheng, Z Zhu, S Wei, M Zhang, H Chen, D Yuan, L Liu, ...",
      "venue": "IEEE Transactions on Pattern Analysis and Machine Intelligence, 2025",
      "year": 2025,
      "citations": 0
    },
    {
      "title": "Class-Conditional Neural Polarizer: A Lightweight and Effective Backdoor Defense by Purifying Poisoned Features",
      "url": "https://scholar.google.com/citations?view_op=view_citation&hl=en&user=-m7qie8AAAAJ&citation_for_view=-m7qie8AAAAJ:_FxGoFyzp5QC",
      "authors": "M Zhu, S Wei, H Zha, B Wu",
      "venue": "arXiv preprint arXiv:2502.18520, 2025",
      "year": 2025,
      "citations": 0
    },
    {
      "title": "Badclip: Dual-embedding guided backdoor attack on multimodal contrastive learning",
      "url": "https://scholar.google.com/citations?view_op=view_citation&hl=en&user=-m7qie8AAAAJ&citation_for_view=-m7qie8AAAAJ:zYLM7Y9cAGgC",
      "authors": "S Liang, M Zhu, A Liu, B Wu, X Cao, EC Chang",
      "venue": "Proceedings of the IEEE/CVF conference on computer vision and pattern …, 2024",
      "year": 2024,
      "citations": 107
    },
    {
      "title": "Breaking the false sense of security in backdoor defense through re-activation attack",
      "url": "https://scholar.google.com/citations?view_op=view_citation&hl=en&user=-m7qie8AAAAJ&citation_for_view=-m7qie8AAAAJ:eQOLeE2rZwMC",
      "authors": "M Zhu, S Liang, B Wu",
      "venue": "Advances in Neural Information Processing Systems 37, 114928-114964, 2024",
      "year": 2024,
      "citations": 23
    },
    {
      "title": "Enhanced few-shot class-incremental learning via ensemble models",
      "url": "https://scholar.google.com/citations?view_op=view_citation&hl=en&user=-m7qie8AAAAJ&citation_for_view=-m7qie8AAAAJ:Y0pCki6q_DkC",
      "authors": "M Zhu, Z Zhu, S Chen, C Chen, B Wu",
      "venue": "arXiv preprint arXiv:2401.07208, 2024",
      "year": 2024,
      "citations": 7
    },
    {
      "title": "Reliable poisoned sample detection against backdoor attacks enhanced by sharpness aware minimization",
      "url": "https://scholar.google.com/citations?view_op=view_citation&hl=en&user=-m7qie8AAAAJ&citation_for_view=-m7qie8AAAAJ:WF5omc3nYNoC",
      "authors": "M Zhang, M Zhu, Z Zhu, B Wu",
      "venue": "arXiv preprint arXiv:2411.11525, 2024",
      "year": 2024,
      "citations": 3
    },
    {
      "title": "Enhancing fine-tuning based backdoor defense with sharpness-aware minimization",
      "url": "https://scholar.google.com/citations?view_op=view_citation&hl=en&user=-m7qie8AAAAJ&citation_for_view=-m7qie8AAAAJ:2osOgNQ5qMEC",
      "authors": "M Zhu, S Wei, L Shen, Y Fan, B Wu",
      "venue": "Proceedings of the IEEE/CVF International Conference on Computer Vision …, 2023",
      "year": 2023,
      "citations": 96
    },
    {
      "title": "Neural polarizer: A lightweight and effective backdoor defense via purifying poisoned features",
      "url": "https://scholar.google.com/citations?view_op=view_citation&hl=en&user=-m7qie8AAAAJ&citation_for_view=-m7qie8AAAAJ:UeHWp8X0CEIC",
      "authors": "M Zhu, S Wei, H Zha, B Wu",
      "venue": "Advances in Neural Information Processing Systems 36, 1132-1153, 2023",
      "year": 2023,
      "citations": 64
    },
    {
      "title": "Defenses in adversarial machine learning: A survey",
      "url": "https://scholar.google.com/citations?view_op=view_citation&hl=en&user=-m7qie8AAAAJ&citation_for_view=-m7qie8AAAAJ:Tyk-4Ss8FVUC",
      "authors": "B Wu, S Wei, M Zhu, M Zheng, Z Zhu, M Zhang, H Chen, D Yuan, L Liu, ...",
      "venue": "arXiv preprint arXiv:2312.08890, 2023",
      "year": 2023,
      "citations": 34
    }
  ],
  "co_authors": [
    {
      "name": "Baoyuan Wu",
      "scholar_id": "JNTG1KoAAAAJ",
      "url": "https://scholar.google.com/citations?user=JNTG1KoAAAAJ"
    },
    {
      "name": "Shaokui Wei",
      "scholar_id": "WHkEfnsAAAAJ",
      "url": "https://scholar.google.com/citations?user=WHkEfnsAAAAJ"
    }
  ]
}