{
  "author_info": {
    "name": "Abu Saleh Musa Miah, Ph.D. ORCID:0000-0002-1238-0464",
    "affiliation": "World's Top 2% Scientist, Visiting Professor, The University of Aizu",
    "email_verified": "Verified email at u-aizu.ac.jp - Homepage",
    "website": "https://u-aizu.ac.jp/labs/is-pp/pplab/labmember.html",
    "interests": [
      "Video Processing",
      "Image Processing",
      "Sign Language",
      "BCI",
      "EEG"
    ],
    "photo_url": "https://scholar.googleusercontent.com/citations?view_op=view_photo&user=-1uXsVMAAAAJ&citpid=7"
  },
  "citation_stats": {
    "citations_all": 1988,
    "citations_since_2020": 1982,
    "h_index_all": 25,
    "h_index_since_2020": 25,
    "i10_index_all": 51,
    "i10_index_since_2020": 51,
    "citation_graph": [
      {
        "year": 2020,
        "citations": 5
      },
      {
        "year": 2021,
        "citations": 18
      },
      {
        "year": 2022,
        "citations": 45
      },
      {
        "year": 2023,
        "citations": 235
      },
      {
        "year": 2024,
        "citations": 709
      },
      {
        "year": 2025,
        "citations": 934
      }
    ]
  },
  "papers": [
    {
      "title": "Sign Language Recognition using Graph and General Deep Neural Network Based on Large Scale Dataset",
      "url": "https://scholar.google.com/citations?view_op=view_citation&hl=en&user=-1uXsVMAAAAJ&citation_for_view=-1uXsVMAAAAJ:iH-uZ7U-co4C",
      "authors": "ASM Miah, MAM Hasan, S Nishimura, J Shin",
      "venue": "IEEE Access, 2024",
      "year": 2024,
      "citations": 80
    },
    {
      "title": "A Deep Bidirectional LSTM Model Enhanced by Transfer-Learning-Based Feature Extraction for Dynamic Human Activity Recognition",
      "url": "https://scholar.google.com/citations?view_op=view_citation&hl=en&user=-1uXsVMAAAAJ&citation_for_view=-1uXsVMAAAAJ:ZeXyd9-uunAC",
      "authors": "N Hassan, ASM Miah, J Shin",
      "venue": "Applied Sciences 14 (2), 603, 2024",
      "year": 2024,
      "citations": 75
    },
    {
      "title": "Hand Gesture Recognition for Multi-Culture Sign Language Using Graph and General Deep Learning Network",
      "url": "https://scholar.google.com/citations?view_op=view_citation&hl=en&user=-1uXsVMAAAAJ&citation_for_view=-1uXsVMAAAAJ:j3f4tGmQtD8C",
      "authors": "ASM Miah, MAM Hasan, Y Tomioka, J Shin",
      "venue": "IEEE Open Journal of the Computer Society, 2024",
      "year": 2024,
      "citations": 71
    },
    {
      "title": "A Methodological and Structural Review of Hand Gesture Recognition Across Diverse Data Modalities",
      "url": "https://scholar.google.com/citations?view_op=view_citation&hl=en&user=-1uXsVMAAAAJ&citation_for_view=-1uXsVMAAAAJ:M05iB0D1s5AC",
      "authors": "J Shin, ASM Miah, MH Kabir, MA Rahim, AA Shiam",
      "venue": "IEEE Access, 2024",
      "year": 2024,
      "citations": 49
    },
    {
      "title": "Korean Sign Language Alphabet Recognition through the Integration of Handcrafted and Deep Learning-Based Two-Stream Feature Extraction Approach",
      "url": "https://scholar.google.com/citations?view_op=view_citation&hl=en&user=-1uXsVMAAAAJ&citation_for_view=-1uXsVMAAAAJ:JV2RwH3_ST0C",
      "authors": "J Shin, ASM Miah, Y Akiba, K Hirooka, N Hassan, YS Hwang",
      "venue": "IEEE Access, 2024",
      "year": 2024,
      "citations": 37
    },
    {
      "title": "Dynamic hand gesture recognition using multi-branch attention based graph and general deep learning model",
      "url": "https://scholar.google.com/citations?view_op=view_citation&hl=en&user=-1uXsVMAAAAJ&citation_for_view=-1uXsVMAAAAJ:ULOm3_A8WrAC",
      "authors": "ASM Miah, MAM Hasan, J Shin",
      "venue": "IEEE Access 11, 4703-4716, 2023",
      "year": 2023,
      "citations": 124
    },
    {
      "title": "Korean sign language recognition using transformer-based deep neural network",
      "url": "https://scholar.google.com/citations?view_op=view_citation&hl=en&user=-1uXsVMAAAAJ&citation_for_view=-1uXsVMAAAAJ:qxL8FJ1GzNcC",
      "authors": "J Shin, AS Musa Miah, MAM Hasan, K Hirooka, K Suzuki, HS Lee, ...",
      "venue": "Applied Sciences 13 (5), 3029, 2023",
      "year": 2023,
      "citations": 102
    },
    {
      "title": "Multistage spatial attention-based neural network for hand gesture recognition",
      "url": "https://scholar.google.com/citations?view_op=view_citation&hl=en&user=-1uXsVMAAAAJ&citation_for_view=-1uXsVMAAAAJ:YOwf2qJgpHMC",
      "authors": "ASM Miah, MAM Hasan, J Shin, Y Okuyama, Y Tomioka",
      "venue": "Computers 12 (1), 13, 2023",
      "year": 2023,
      "citations": 69
    },
    {
      "title": "Multistage Spatial Attention-Based Neural Network for Hand Gesture Recognition",
      "url": "https://scholar.google.com/citations?view_op=view_citation&hl=en&user=-1uXsVMAAAAJ&citation_for_view=-1uXsVMAAAAJ:bEWYMUwI8FkC",
      "authors": "ASM Miah, MAM Hasan, J Shin, Y Okuyama, Y Tomioka",
      "venue": "Computers 12 (1), 13, 2023",
      "year": 2023,
      "citations": 69
    },
    {
      "title": "Investigating feature selection techniques to enhance the performance of EEG-based motor imagery tasks classification",
      "url": "https://scholar.google.com/citations?view_op=view_citation&hl=en&user=-1uXsVMAAAAJ&citation_for_view=-1uXsVMAAAAJ:aqlVkmm33-oC",
      "authors": "MH Kabir, S Mahmood, A Al Shiam, AS Musa Miah, J Shin, MKI Molla",
      "venue": "Mathematics 11 (8), 1921, 2023",
      "year": 2023,
      "citations": 54
    },
    {
      "title": "Multi-stream general and graph-based deep neural networks for skeleton-based sign language recognition",
      "url": "https://scholar.google.com/citations?view_op=view_citation&hl=en&user=-1uXsVMAAAAJ&citation_for_view=-1uXsVMAAAAJ:4DMP91E08xMC",
      "authors": "ASM Miah, MAM Hasan, SW Jang, HS Lee, J Shin",
      "venue": "Electronics 12 (13), 2841, 2023",
      "year": 2023,
      "citations": 53
    },
    {
      "title": "Multi-Stream Graph-based Deep Neural Networks for Skeleton-based Sign Language Recognition",
      "url": "https://scholar.google.com/citations?view_op=view_citation&hl=en&user=-1uXsVMAAAAJ&citation_for_view=-1uXsVMAAAAJ:M3ejUd6NZC8C",
      "authors": "ASM Miah, MAM Hasan, SW Jang, HS Lee, J Shin",
      "venue": "Electonics 12 (13), 2841, 2023",
      "year": 2023,
      "citations": 53
    },
    {
      "title": "Dynamic Korean Sign Language Recognition Using Pose Estimation Based and Attention-based Neural Network",
      "url": "https://scholar.google.com/citations?view_op=view_citation&hl=en&user=-1uXsVMAAAAJ&citation_for_view=-1uXsVMAAAAJ:L8Ckcad2t8MC",
      "authors": "J Shin, ASM Miah, K Suzuki, K Hirooka, MAM Hasan",
      "venue": "IEEE Access, 2023",
      "year": 2023,
      "citations": 50
    },
    {
      "title": "Dynamic fall detection using graph-based spatial temporal convolution and attention network",
      "url": "https://scholar.google.com/citations?view_op=view_citation&hl=en&user=-1uXsVMAAAAJ&citation_for_view=-1uXsVMAAAAJ:Wp0gIr-vW9MC",
      "authors": "R Egawa, ASM Miah, K Hirooka, Y Tomioka, J Shin",
      "venue": "Electronics 12 (15), 3234, 2023",
      "year": 2023,
      "citations": 39
    },
    {
      "title": "BenSignNet: Bengali Sign Language Alphabet Recognition Using Concatenated Segmentation and Convolutional Neural Network",
      "url": "https://scholar.google.com/citations?view_op=view_citation&hl=en&user=-1uXsVMAAAAJ&citation_for_view=-1uXsVMAAAAJ:8k81kl-MbHgC",
      "authors": "ASM Miah, J Shin, MAM Hasan, M Abdur Rahim",
      "venue": "Applied Sciences 12 (8), 3933, 2022",
      "year": 2022,
      "citations": 103
    },
    {
      "title": "Rotation, Translation And Scale Invariant Sign Word Recognition Using Deep Learning",
      "url": "https://scholar.google.com/citations?view_op=view_citation&hl=en&user=-1uXsVMAAAAJ&citation_for_view=-1uXsVMAAAAJ:Zph67rFs4hoC",
      "authors": "Y Miah, Abu Saleh Musa, Shin Jungpil and Hasan, Md Al Mehedi and Rahim, Md ...",
      "venue": "Computer Systems Science and Engineering 44 (3), 2521-2536, 2022",
      "year": 2022,
      "citations": 56
    },
    {
      "title": "Natural Human Emotion Recognition Based on Various Mixed Reality (MR) Games and Electroencephalography (EEG) Signals",
      "url": "https://scholar.google.com/citations?view_op=view_citation&hl=en&user=-1uXsVMAAAAJ&citation_for_view=-1uXsVMAAAAJ:KlAtU1dfN6UC",
      "authors": "ASM Miah, J Shin, MM Islam, MKI Molla",
      "venue": "2022 IEEE 5th Eurasian Conference on Educational Innovation (ECEI), 408-411, 2022",
      "year": 2022,
      "citations": 34
    },
    {
      "title": "Motor-imagery classification using riemannian geometry with median absolute deviation",
      "url": "https://scholar.google.com/citations?view_op=view_citation&hl=en&user=-1uXsVMAAAAJ&citation_for_view=-1uXsVMAAAAJ:Y0pCki6q_DkC",
      "authors": "ASM Miah, MA Rahim, J Shin",
      "venue": "Electronics 9 (10), 1584, 2020",
      "year": 2020,
      "citations": 53
    },
    {
      "title": "Hand gesture recognition based on optimal segmentation in human-computer interaction",
      "url": "https://scholar.google.com/citations?view_op=view_citation&hl=en&user=-1uXsVMAAAAJ&citation_for_view=-1uXsVMAAAAJ:_FxGoFyzp5QC",
      "authors": "MA Rahim, ASM Miah, A Sayeed, J Shin",
      "venue": "2020 3rd IEEE International Conference on Knowledge Innovation and Invention …, 2020",
      "year": 2020,
      "citations": 53
    },
    {
      "title": "Motor-Imagery BCI task classification using riemannian geometry and averaging with mean absolute deviation",
      "url": "https://scholar.google.com/citations?view_op=view_citation&hl=en&user=-1uXsVMAAAAJ&citation_for_view=-1uXsVMAAAAJ:u-x6o8ySG0sC",
      "authors": "ASM Miah, SRA Ahmed, MR Ahmed, O Bayat, AD Duru, MKI Molla",
      "venue": "2019 Scientific Meeting on Electrical-Electronics & Biomedical Engineering …, 2019",
      "year": 2019,
      "citations": 35
    }
  ],
  "co_authors": [
    {
      "name": "Dr. Jungpil Shin",
      "scholar_id": "x8__gM4AAAAJ",
      "url": "https://scholar.google.com/citations?user=x8__gM4AAAAJ"
    },
    {
      "name": "Dr. Md. Al Mehedi Hasan",
      "scholar_id": "kMspjFIAAAAJ",
      "url": "https://scholar.google.com/citations?user=kMspjFIAAAAJ"
    },
    {
      "name": "Yoichi TOMIOKA",
      "scholar_id": "hcA2B84AAAAJ",
      "url": "https://scholar.google.com/citations?user=hcA2B84AAAAJ"
    },
    {
      "name": "Dr. Md. Abdur Rahim",
      "scholar_id": "9-QmKOUAAAAJ",
      "url": "https://scholar.google.com/citations?user=9-QmKOUAAAAJ"
    },
    {
      "name": "Yuichi Okuyama",
      "scholar_id": "K8i6uGkAAAAJ",
      "url": "https://scholar.google.com/citations?user=K8i6uGkAAAAJ"
    },
    {
      "name": "Md. Khademul Islam Molla",
      "scholar_id": "7X_FeIIAAAAJ",
      "url": "https://scholar.google.com/citations?user=7X_FeIIAAAAJ"
    },
    {
      "name": "Md. Humaun Kabir",
      "scholar_id": "ciKFEUcAAAAJ",
      "url": "https://scholar.google.com/citations?user=ciKFEUcAAAAJ"
    },
    {
      "name": "Saadaldeen Rashid Ahmed Ahmed",
      "scholar_id": "iS73PI4AAAAJ",
      "url": "https://scholar.google.com/citations?user=iS73PI4AAAAJ"
    },
    {
      "name": "Abdullah Al Shiam",
      "scholar_id": "Kjvv3OQAAAAJ",
      "url": "https://scholar.google.com/citations?user=Kjvv3OQAAAAJ"
    },
    {
      "name": "Md Rabiul Islam",
      "scholar_id": "3IeFcWgAAAAJ",
      "url": "https://scholar.google.com/citations?user=3IeFcWgAAAAJ"
    },
    {
      "name": "Mohammed Rashid Ahmed AHMED",
      "scholar_id": "ybu8rPEAAAAJ",
      "url": "https://scholar.google.com/citations?user=ybu8rPEAAAAJ"
    },
    {
      "name": "Muhammad Nazrul Islam",
      "scholar_id": "hPyJkJEAAAAJ",
      "url": "https://scholar.google.com/citations?user=hPyJkJEAAAAJ"
    },
    {
      "name": "Shabbir Mahmood",
      "scholar_id": "lEInLHQAAAAJ",
      "url": "https://scholar.google.com/citations?user=lEInLHQAAAAJ"
    },
    {
      "name": "Oguz Bayat",
      "scholar_id": "UqRrOQkAAAAJ",
      "url": "https://scholar.google.com/citations?user=UqRrOQkAAAAJ"
    },
    {
      "name": "Adil Deniz Duru",
      "scholar_id": "a1zTzuIAAAAJ",
      "url": "https://scholar.google.com/citations?user=a1zTzuIAAAAJ"
    },
    {
      "name": "Md Nahid Siddique",
      "scholar_id": "h6K4-NgAAAAJ",
      "url": "https://scholar.google.com/citations?user=h6K4-NgAAAAJ"
    },
    {
      "name": "Md. Sabir Hossain",
      "scholar_id": "wqff1vgAAAAJ",
      "url": "https://scholar.google.com/citations?user=wqff1vgAAAAJ"
    },
    {
      "name": "Mohammad Hasan",
      "scholar_id": "cWjftMUAAAAJ",
      "url": "https://scholar.google.com/citations?user=cWjftMUAAAAJ"
    },
    {
      "name": "Najmul Hassan",
      "scholar_id": "BGDvAJsAAAAJ",
      "url": "https://scholar.google.com/citations?user=BGDvAJsAAAAJ"
    }
  ]
}