{
  "author_info": {
    "name": "Wenliang Dai",
    "affiliation": "Research Scientist, NVIDIA",
    "email_verified": "Verified email at nvidia.com - Homepage",
    "website": "https://wenliangdai.github.io/",
    "interests": [
      "Large Language Models",
      "Post-Training",
      "Multimodal"
    ],
    "photo_url": "https://scholar.googleusercontent.com/citations?view_op=view_photo&user=-_xy3jAAAAAJ&citpid=16"
  },
  "citation_stats": {
    "citations_all": 12642,
    "citations_since_2020": 12633,
    "h_index_all": 20,
    "h_index_since_2020": 20,
    "i10_index_all": 23,
    "i10_index_since_2020": 23,
    "citation_graph": [
      {
        "year": 2021,
        "citations": 44
      },
      {
        "year": 2022,
        "citations": 285
      },
      {
        "year": 2023,
        "citations": 2064
      },
      {
        "year": 2024,
        "citations": 4801
      },
      {
        "year": 2025,
        "citations": 5320
      }
    ]
  },
  "papers": [
    {
      "title": "Nemotron-h: A family of accurate and efficient hybrid mamba-transformer models",
      "url": "https://scholar.google.com/citations?view_op=view_citation&hl=en&user=-_xy3jAAAAAJ&citation_for_view=-_xy3jAAAAAJ:TIZ-Mc8IlK0C",
      "authors": "A Blakeman, A Basant, A Khattar, A Renduchintala, A Bercovich, A Ficek, ...",
      "venue": "arXiv preprint arXiv:2504.03624, 2025",
      "year": 2025,
      "citations": 24
    },
    {
      "title": "NVLM: Open Frontier-Class Multimodal LLMs",
      "url": "https://scholar.google.com/citations?view_op=view_citation&hl=en&user=-_xy3jAAAAAJ&citation_for_view=-_xy3jAAAAAJ:nrtMV_XWKgEC",
      "authors": "W Dai, N Lee, B Wang, Z Yang, Z Liu, J Barker, T Rintamaki, M Shoeybi, ...",
      "venue": "arXiv preprint arXiv:2409.11402, 2024",
      "year": 2024,
      "citations": 114
    },
    {
      "title": "InstructBLIP: Towards General-purpose Vision-Language Models with Instruction Tuning",
      "url": "https://scholar.google.com/citations?view_op=view_citation&hl=en&user=-_xy3jAAAAAJ&citation_for_view=-_xy3jAAAAAJ:qUcmZB5y_30C",
      "authors": "W Dai, J Li, D Li, AMH Tiong, J Zhao, W Wang, B Li, P Fung, S Hoi",
      "venue": "37th Conference on Neural Information Processing Systems (NeurIPS 2023), 2023",
      "year": 2023,
      "citations": 2253
    },
    {
      "title": "A Multitask, Multilingual, Multimodal Evaluation of ChatGPT on Reasoning, Hallucination, and Interactivity",
      "url": "https://scholar.google.com/citations?view_op=view_citation&hl=en&user=-_xy3jAAAAAJ&citation_for_view=-_xy3jAAAAAJ:KxtntwgDAa4C",
      "authors": "Y Bang, S Cahyawijaya, N Lee, W Dai, D Su, B Wilie, H Lovenia, Z Ji, ...",
      "venue": "AACL 2023 - Area Chair Award (Language Modeling and Analysis), 2023",
      "year": 2023,
      "citations": 2153
    },
    {
      "title": "Negative object presence evaluation (nope) to measure object hallucination in vision-language models",
      "url": "https://scholar.google.com/citations?view_op=view_citation&hl=en&user=-_xy3jAAAAAJ&citation_for_view=-_xy3jAAAAAJ:mB3voiENLucC",
      "authors": "H Lovenia, W Dai, S Cahyawijaya, Z Ji, P Fung",
      "venue": "Proceedings of the 3rd Workshop on Advances in Language and Vision Research …, 2023",
      "year": 2023,
      "citations": 101
    },
    {
      "title": "Plausible May Not Be Faithful: Probing Object Hallucination in Vision-Language Pre-training",
      "url": "https://scholar.google.com/citations?view_op=view_citation&hl=en&user=-_xy3jAAAAAJ&citation_for_view=-_xy3jAAAAAJ:Se3iqnhoufwC",
      "authors": "W Dai, Z Liu, Z Ji, D Su, P Fung",
      "venue": "EACL 2023, 2023",
      "year": 2023,
      "citations": 90
    },
    {
      "title": "Visual Instruction Tuning with Polite Flamingo",
      "url": "https://scholar.google.com/citations?view_op=view_citation&hl=en&user=-_xy3jAAAAAJ&citation_for_view=-_xy3jAAAAAJ:dhFuZR0502QC",
      "authors": "D Chen, J Liu, W Dai, B Wang",
      "venue": "The 38th Annual AAAI Conference on Artificial Intelligence (AAAI-24), 2023",
      "year": 2023,
      "citations": 59
    },
    {
      "title": "mCLIP: Multilingual CLIP via Cross-lingual Transfer",
      "url": "https://scholar.google.com/citations?view_op=view_citation&hl=en&user=-_xy3jAAAAAJ&citation_for_view=-_xy3jAAAAAJ:7PzlFSSx8tAC",
      "authors": "G Chen, L Hou, Y Chen, W Dai, L Shang, X Jiang, Q Liu, J Pan, W Wang",
      "venue": "ACL 2023, 2023",
      "year": 2023,
      "citations": 50
    },
    {
      "title": "Survey of social bias in vision-language models",
      "url": "https://scholar.google.com/citations?view_op=view_citation&hl=en&user=-_xy3jAAAAAJ&citation_for_view=-_xy3jAAAAAJ:hFOr9nPyWt4C",
      "authors": "N Lee, Y Bang, H Lovenia, S Cahyawijaya, W Dai, P Fung",
      "venue": "arXiv preprint arXiv:2309.14381, 2023",
      "year": 2023,
      "citations": 43
    },
    {
      "title": "Survey of Hallucination in Natural Language Generation",
      "url": "https://scholar.google.com/citations?view_op=view_citation&hl=en&user=-_xy3jAAAAAJ&citation_for_view=-_xy3jAAAAAJ:0EnyYjriUFMC",
      "authors": "Z Ji, N Lee, R Frieske, T Yu, D Su, Y Xu, E Ishii, Y Bang, W Dai, A Madotto, ...",
      "venue": "ACM Computing Surveys, 2022",
      "year": 2022,
      "citations": 6108
    },
    {
      "title": "NusaCrowd: Open Source Initiative for Indonesian NLP Resources",
      "url": "https://scholar.google.com/citations?view_op=view_citation&hl=en&user=-_xy3jAAAAAJ&citation_for_view=-_xy3jAAAAAJ:Zph67rFs4hoC",
      "authors": "S Cahyawijaya, H Lovenia, AF Aji, GI Winata, B Wilie, R Mahendra, ...",
      "venue": "Findings of ACL 2023, 2022",
      "year": 2022,
      "citations": 829
    },
    {
      "title": "Enabling Multimodal Generation on CLIP via Vision-Language Knowledge Distillation",
      "url": "https://scholar.google.com/citations?view_op=view_citation&hl=en&user=-_xy3jAAAAAJ&citation_for_view=-_xy3jAAAAAJ:_FxGoFyzp5QC",
      "authors": "W Dai, L Hou, L Shang, X Jiang, Q Liu, P Fung",
      "venue": "Findings of ACL 2022, 2022",
      "year": 2022,
      "citations": 133
    },
    {
      "title": "Automatic Speech Recognition Datasets in Cantonese: A Survey and New Dataset",
      "url": "https://scholar.google.com/citations?view_op=view_citation&hl=en&user=-_xy3jAAAAAJ&citation_for_view=-_xy3jAAAAAJ:ufrVoPGSRksC",
      "authors": "T Yu, R Frieske, P Xu, S Cahyawijaya, CTS Yiu, H Lovenia, W Dai, ...",
      "venue": "LREC 2022, 2022",
      "year": 2022,
      "citations": 23
    },
    {
      "title": "Multimodal End-to-End Sparse Model for Emotion Recognition",
      "url": "https://scholar.google.com/citations?view_op=view_citation&hl=en&user=-_xy3jAAAAAJ&citation_for_view=-_xy3jAAAAAJ:IjCSPb-OGe4C",
      "authors": "W Dai, S Cahyawijaya, Z Liu, P Fung",
      "venue": "NAACL 2021, 2021",
      "year": 2021,
      "citations": 106
    },
    {
      "title": "Vision Guided Generative Pre-trained Language Models for Multimodal Abstractive Summarization",
      "url": "https://scholar.google.com/citations?view_op=view_citation&hl=en&user=-_xy3jAAAAAJ&citation_for_view=-_xy3jAAAAAJ:Tyk-4Ss8FVUC",
      "authors": "T Yu*, W Dai*, Z Liu, P Fung",
      "venue": "EMNLP 2021, 2021",
      "year": 2021,
      "citations": 98
    },
    {
      "title": "ASCEND: A Spontaneous Chinese-English Dataset for Code-switching in Multi-turn Conversation",
      "url": "https://scholar.google.com/citations?view_op=view_citation&hl=en&user=-_xy3jAAAAAJ&citation_for_view=-_xy3jAAAAAJ:YsMSGLbcyi4C",
      "authors": "H Lovenia, S Cahyawijaya, GI Winata, P Xu, X Yan, Z Liu, R Frieske, T Yu, ...",
      "venue": "LREC 2022, 2021",
      "year": 2021,
      "citations": 51
    },
    {
      "title": "CrossNER: Evaluating Cross-Domain Named Entity Recognition",
      "url": "https://scholar.google.com/citations?view_op=view_citation&hl=en&user=-_xy3jAAAAAJ&citation_for_view=-_xy3jAAAAAJ:UeHWp8X0CEIC",
      "authors": "Z Liu, Y Xu, T Yu, W Dai, Z Ji, S Cahyawijaya, A Madotto, P Fung",
      "venue": "The Thirty-Fifth AAAI Conference on Artificial Intelligence (AAAI-21), 2020",
      "year": 2020,
      "citations": 212
    },
    {
      "title": "Multi-hop Question Generation with Graph Convolutional Network",
      "url": "https://scholar.google.com/citations?view_op=view_citation&hl=en&user=-_xy3jAAAAAJ&citation_for_view=-_xy3jAAAAAJ:2osOgNQ5qMEC",
      "authors": "D Su, Y Xu, W Dai, Z Ji, T Yu, P Fung",
      "venue": "Findings of EMNLP 2020, 4636–4647, 2020",
      "year": 2020,
      "citations": 52
    },
    {
      "title": "Modality-Transferable Emotion Embeddings for Low-Resource Multimodal Emotion Recognition",
      "url": "https://scholar.google.com/citations?view_op=view_citation&hl=en&user=-_xy3jAAAAAJ&citation_for_view=-_xy3jAAAAAJ:d1gkVwhDpl0C",
      "authors": "W Dai, Z Liu, T Yu, P Fung",
      "venue": "AACL-IJCNLP 2020, 269–280, 2020",
      "year": 2020,
      "citations": 47
    },
    {
      "title": "BERT-Based Multi-Task Learning for Offensive Language Detection",
      "url": "https://scholar.google.com/citations?view_op=view_citation&hl=en&user=-_xy3jAAAAAJ&citation_for_view=-_xy3jAAAAAJ:u5HHmVD_uO8C",
      "authors": "W Dai, T Yu, Z Liu, P Fung",
      "venue": "Proceedings of the Fourteenth Workshop on Semantic Evaluation, 2060–2066, 2020",
      "year": 2020,
      "citations": 39
    }
  ],
  "co_authors": [
    {
      "name": "Pascale Fung",
      "scholar_id": "QEMJWzEAAAAJ",
      "url": "https://scholar.google.com/citations?user=QEMJWzEAAAAJ"
    },
    {
      "name": "Yejin Bang",
      "scholar_id": "s2bVuXEAAAAJ",
      "url": "https://scholar.google.com/citations?user=s2bVuXEAAAAJ"
    },
    {
      "name": "Samuel Cahyawijaya",
      "scholar_id": "w5w_WZEAAAAJ",
      "url": "https://scholar.google.com/citations?user=w5w_WZEAAAAJ"
    },
    {
      "name": "Tiezheng Yu",
      "scholar_id": "JK7nNekAAAAJ",
      "url": "https://scholar.google.com/citations?user=JK7nNekAAAAJ"
    },
    {
      "name": "Ziwei Ji",
      "scholar_id": "oSnZ9mMAAAAJ",
      "url": "https://scholar.google.com/citations?user=oSnZ9mMAAAAJ"
    },
    {
      "name": "Nayeon Lee",
      "scholar_id": "HN6Y7z0AAAAJ",
      "url": "https://scholar.google.com/citations?user=HN6Y7z0AAAAJ"
    },
    {
      "name": "Holy Lovenia",
      "scholar_id": "bugb-lAAAAAJ",
      "url": "https://scholar.google.com/citations?user=bugb-lAAAAAJ"
    },
    {
      "name": "Yan Xu",
      "scholar_id": "j1t9_ScAAAAJ",
      "url": "https://scholar.google.com/citations?user=j1t9_ScAAAAJ"
    },
    {
      "name": "Zihan Liu",
      "scholar_id": "LPabcsYAAAAJ",
      "url": "https://scholar.google.com/citations?user=LPabcsYAAAAJ"
    },
    {
      "name": "Junnan Li",
      "scholar_id": "MuUhwi0AAAAJ",
      "url": "https://scholar.google.com/citations?user=MuUhwi0AAAAJ"
    },
    {
      "name": "Dongxu Li",
      "scholar_id": "h5XtaUUAAAAJ",
      "url": "https://scholar.google.com/citations?user=h5XtaUUAAAAJ"
    },
    {
      "name": "Lu Hou (侯璐)",
      "scholar_id": "rnjoL5cAAAAJ",
      "url": "https://scholar.google.com/citations?user=rnjoL5cAAAAJ"
    },
    {
      "name": "Delong Chen (陈德龙)",
      "scholar_id": "7PW095gAAAAJ",
      "url": "https://scholar.google.com/citations?user=7PW095gAAAAJ"
    },
    {
      "name": "Wei Ping",
      "scholar_id": "6gKEYRgAAAAJ",
      "url": "https://scholar.google.com/citations?user=6gKEYRgAAAAJ"
    },
    {
      "name": "Bryan Catanzaro",
      "scholar_id": "UZ6kI2AAAAAJ",
      "url": "https://scholar.google.com/citations?user=UZ6kI2AAAAAJ"
    },
    {
      "name": "Mohammad Shoeybi",
      "scholar_id": "62ElavIAAAAJ",
      "url": "https://scholar.google.com/citations?user=62ElavIAAAAJ"
    }
  ]
}