{
  "author_info": {
    "name": "Haojin Yang",
    "affiliation": "Hasso Plattner Institute",
    "email_verified": "Verified email at hpi.de - Homepage",
    "website": "https://hpi.de/meinel/lehrstuhl/team-fotos/senior-researcher/haojin-yang.html",
    "interests": [
      "Efficient Deep Learning",
      "Edge AI",
      "Sustainable AI"
    ],
    "photo_url": "https://scholar.googleusercontent.com/citations?view_op=view_photo&user=-338Jh0AAAAJ&citpid=3"
  },
  "citation_stats": {
    "citations_all": 6479,
    "citations_since_2020": 5299,
    "h_index_all": 31,
    "h_index_since_2020": 26,
    "i10_index_all": 54,
    "i10_index_since_2020": 48,
    "citation_graph": [
      {
        "year": 2013,
        "citations": 24
      },
      {
        "year": 2014,
        "citations": 39
      },
      {
        "year": 2015,
        "citations": 59
      },
      {
        "year": 2016,
        "citations": 64
      },
      {
        "year": 2017,
        "citations": 147
      },
      {
        "year": 2018,
        "citations": 251
      },
      {
        "year": 2019,
        "citations": 519
      },
      {
        "year": 2020,
        "citations": 727
      },
      {
        "year": 2021,
        "citations": 844
      },
      {
        "year": 2022,
        "citations": 953
      },
      {
        "year": 2023,
        "citations": 984
      },
      {
        "year": 2024,
        "citations": 973
      },
      {
        "year": 2025,
        "citations": 816
      }
    ]
  },
  "papers": [
    {
      "title": "Brainlesion: Glioma, Multiple Sclerosis, Stroke and Traumatic Brain Injuries: 6th International Workshop, BrainLes 2020, Held in Conjunction with MICCAI 2020, Lima, Peru …",
      "url": "https://scholar.google.com/citations?view_op=view_citation&hl=en&user=-338Jh0AAAAJ&citation_for_view=-338Jh0AAAAJ:ns9cj8rnVeAC",
      "authors": "A Crimi, S Bakas",
      "venue": "Springer Nature, 2021",
      "year": 2021,
      "citations": 323
    },
    {
      "title": "MeliusNet: Can Binary Neural Networks Achieve MobileNet-level Accuracy?",
      "url": "https://scholar.google.com/citations?view_op=view_citation&hl=en&user=-338Jh0AAAAJ&citation_for_view=-338Jh0AAAAJ:g5m5HwL7SMYC",
      "authors": "J Bethge, C Bartz, H Yang, C Meinel",
      "venue": "arXiv preprint arXiv:2001.05936, 2020",
      "year": 2020,
      "citations": 171
    },
    {
      "title": "Recurrent generative adversarial network for learning imbalanced medical image semantic segmentation",
      "url": "https://scholar.google.com/citations?view_op=view_citation&hl=en&user=-338Jh0AAAAJ&citation_for_view=-338Jh0AAAAJ:BqipwSGYUEgC",
      "authors": "M Rezaei, H Yang, C Meinel",
      "venue": "Multimedia Tools and Applications 79 (21), 15329-15348, 2020",
      "year": 2020,
      "citations": 98
    },
    {
      "title": "BinaryDenseNet: Developing an architecture for binary neural networks",
      "url": "https://scholar.google.com/citations?view_op=view_citation&hl=en&user=-338Jh0AAAAJ&citation_for_view=-338Jh0AAAAJ:Fu2w8maKXqMC",
      "authors": "J Bethge, H Yang, M Bornstein, C Meinel",
      "venue": "Proceedings of the IEEE/CVF International Conference on Computer Vision …, 2019",
      "year": 2019,
      "citations": 146
    },
    {
      "title": "Identifying the best machine learning algorithms for brain tumor segmentation, progression assessment, and overall survival prediction in the BRATS challenge",
      "url": "https://scholar.google.com/citations?view_op=view_citation&hl=en&user=-338Jh0AAAAJ&citation_for_view=-338Jh0AAAAJ:O3NaXMp0MMsC",
      "authors": "",
      "venue": "arXiv preprint arXiv:1811.02629, 2018",
      "year": 2018,
      "citations": 2724
    },
    {
      "title": "Image captioning with deep bidirectional LSTMs and multi-task learning",
      "url": "https://scholar.google.com/citations?view_op=view_citation&hl=en&user=-338Jh0AAAAJ&citation_for_view=-338Jh0AAAAJ:_Qo2XoVZTnwC",
      "authors": "C Wang, H Yang, C Meinel",
      "venue": "ACM transactions on multimedia computing, communications, and applications …, 2018",
      "year": 2018,
      "citations": 150
    },
    {
      "title": "See: towards semi-supervised end-to-end scene text recognition",
      "url": "https://scholar.google.com/citations?view_op=view_citation&hl=en&user=-338Jh0AAAAJ&citation_for_view=-338Jh0AAAAJ:hFOr9nPyWt4C",
      "authors": "C Bartz, H Yang, C Meinel",
      "venue": "Proceedings of the AAAI conference on artificial intelligence 32 (1), 2018",
      "year": 2018,
      "citations": 91
    },
    {
      "title": "Dropout-gan: Learning from a dynamic ensemble of discriminators",
      "url": "https://scholar.google.com/citations?view_op=view_citation&hl=en&user=-338Jh0AAAAJ&citation_for_view=-338Jh0AAAAJ:RHpTSmoSYBkC",
      "authors": "G Mordido, H Yang, C Meinel",
      "venue": "arXiv preprint arXiv:1807.11346, 2018",
      "year": 2018,
      "citations": 87
    },
    {
      "title": "A conditional adversarial network for semantic segmentation of brain tumor",
      "url": "https://scholar.google.com/citations?view_op=view_citation&hl=en&user=-338Jh0AAAAJ&citation_for_view=-338Jh0AAAAJ:ZeXyd9-uunAC",
      "authors": "M Rezaei, K Harmuth, W Gierke, T Kellermeier, M Fischer, H Yang, ...",
      "venue": "International MICCAI Brainlesion Workshop, 241-252, 2017",
      "year": 2017,
      "citations": 188
    },
    {
      "title": "Language identification using deep convolutional recurrent neural networks",
      "url": "https://scholar.google.com/citations?view_op=view_citation&hl=en&user=-338Jh0AAAAJ&citation_for_view=-338Jh0AAAAJ:IWHjjKOFINEC",
      "authors": "C Bartz, T Herold, H Yang, C Meinel",
      "venue": "International conference on neural information processing, 880-889, 2017",
      "year": 2017,
      "citations": 134
    },
    {
      "title": "STN-OCR: A single neural network for text detection and text recognition",
      "url": "https://scholar.google.com/citations?view_op=view_citation&hl=en&user=-338Jh0AAAAJ&citation_for_view=-338Jh0AAAAJ:dhFuZR0502QC",
      "authors": "C Bartz, H Yang, C Meinel",
      "venue": "arXiv preprint arXiv:1707.08831, 2017",
      "year": 2017,
      "citations": 98
    },
    {
      "title": "Bmxnet: An open-source binary neural network implementation based on mxnet",
      "url": "https://scholar.google.com/citations?view_op=view_citation&hl=en&user=-338Jh0AAAAJ&citation_for_view=-338Jh0AAAAJ:mVmsd5A6BfQC",
      "authors": "H Yang, M Fritzsche, C Bartz, C Meinel",
      "venue": "Proceedings of the 25th ACM international conference on Multimedia, 1209-1212, 2017",
      "year": 2017,
      "citations": 88
    },
    {
      "title": "Automatic online lecture highlighting based on multimedia analysis",
      "url": "https://scholar.google.com/citations?view_op=view_citation&hl=en&user=-338Jh0AAAAJ&citation_for_view=-338Jh0AAAAJ:XiSMed-E-HIC",
      "authors": "X Che, H Yang, C Meinel",
      "venue": "IEEE Transactions on Learning Technologies 11 (1), 27-40, 2017",
      "year": 2017,
      "citations": 72
    },
    {
      "title": "Deep neural network with l2-norm unit for brain lesions detection",
      "url": "https://scholar.google.com/citations?view_op=view_citation&hl=en&user=-338Jh0AAAAJ&citation_for_view=-338Jh0AAAAJ:-f6ydRqryjwC",
      "authors": "M Rezaei, H Yang, C Meinel",
      "venue": "International Conference on Neural Information Processing, 798-807, 2017",
      "year": 2017,
      "citations": 63
    },
    {
      "title": "Image captioning with deep bidirectional LSTMs",
      "url": "https://scholar.google.com/citations?view_op=view_citation&hl=en&user=-338Jh0AAAAJ&citation_for_view=-338Jh0AAAAJ:eQOLeE2rZwMC",
      "authors": "C Wang, H Yang, C Bartz, C Meinel",
      "venue": "Proceedings of the 24th ACM international conference on Multimedia, 988-997, 2016",
      "year": 2016,
      "citations": 388
    },
    {
      "title": "Punctuation prediction for unsegmented transcript based on word vector",
      "url": "https://scholar.google.com/citations?view_op=view_citation&hl=en&user=-338Jh0AAAAJ&citation_for_view=-338Jh0AAAAJ:Y0pCki6q_DkC",
      "authors": "X Che, C Wang, H Yang, C Meinel",
      "venue": "Proceedings of the Tenth International Conference on Language Resources and …, 2016",
      "year": 2016,
      "citations": 136
    },
    {
      "title": "Signature embedding: Writer independent offline signature verification with deep metric learning",
      "url": "https://scholar.google.com/citations?view_op=view_citation&hl=en&user=-338Jh0AAAAJ&citation_for_view=-338Jh0AAAAJ:kNdYIx-mwKoC",
      "authors": "H Rantzsch, H Yang, C Meinel",
      "venue": "International symposium on visual computing, 616-625, 2016",
      "year": 2016,
      "citations": 71
    },
    {
      "title": "Deep semantic mapping for cross-modal retrieval",
      "url": "https://scholar.google.com/citations?view_op=view_citation&hl=en&user=-338Jh0AAAAJ&citation_for_view=-338Jh0AAAAJ:ufrVoPGSRksC",
      "authors": "C Wang, H Yang, C Meinel",
      "venue": "2015 IEEE 27th International conference on tools with artificial …, 2015",
      "year": 2015,
      "citations": 72
    },
    {
      "title": "Content based lecture video retrieval using speech and video text information",
      "url": "https://scholar.google.com/citations?view_op=view_citation&hl=en&user=-338Jh0AAAAJ&citation_for_view=-338Jh0AAAAJ:TFP_iSt0sucC",
      "authors": "H Yang, C Meinel",
      "venue": "IEEE transactions on learning technologies 7 (2), 142-154, 2014",
      "year": 2014,
      "citations": 271
    },
    {
      "title": "Lecture video indexing and analysis using video ocr technology",
      "url": "https://scholar.google.com/citations?view_op=view_citation&hl=en&user=-338Jh0AAAAJ&citation_for_view=-338Jh0AAAAJ:d1gkVwhDpl0C",
      "authors": "H Yang, M Siebert, P Luhne, H Sack, C Meinel",
      "venue": "2011 Seventh International Conference on Signal Image Technology & Internet …, 2011",
      "year": 2011,
      "citations": 70
    }
  ],
  "co_authors": [
    {
      "name": "christoph meinel",
      "scholar_id": "3NXnJ3IAAAAJ",
      "url": "https://scholar.google.com/citations?user=3NXnJ3IAAAAJ"
    },
    {
      "name": "Christian Bartz",
      "scholar_id": "ZsZjZ18AAAAJ",
      "url": "https://scholar.google.com/citations?user=ZsZjZ18AAAAJ"
    },
    {
      "name": "Cheng Wang",
      "scholar_id": "L2CUcFsAAAAJ",
      "url": "https://scholar.google.com/citations?user=L2CUcFsAAAAJ"
    },
    {
      "name": "Joseph Bethge",
      "scholar_id": "kWwB7HkAAAAJ",
      "url": "https://scholar.google.com/citations?user=kWwB7HkAAAAJ"
    },
    {
      "name": "Mina Rezaei",
      "scholar_id": "gwQH-xUAAAAJ",
      "url": "https://scholar.google.com/citations?user=gwQH-xUAAAAJ"
    },
    {
      "name": "Xiaoyin Che",
      "scholar_id": "3hptqlUAAAAJ",
      "url": "https://scholar.google.com/citations?user=3hptqlUAAAAJ"
    },
    {
      "name": "Harald Sack",
      "scholar_id": "_ZG20kAAAAAJ",
      "url": "https://scholar.google.com/citations?user=_ZG20kAAAAAJ"
    },
    {
      "name": "Nianhui Guo",
      "scholar_id": "IFqtYMkAAAAJ",
      "url": "https://scholar.google.com/citations?user=IFqtYMkAAAAJ"
    },
    {
      "name": "Ziyun Li",
      "scholar_id": "RQnQkwoAAAAJ",
      "url": "https://scholar.google.com/citations?user=RQnQkwoAAAAJ"
    },
    {
      "name": "Gonçalo Mordido",
      "scholar_id": "PpCX8YMAAAAJ",
      "url": "https://scholar.google.com/citations?user=PpCX8YMAAAAJ"
    },
    {
      "name": "Jona Otholt",
      "scholar_id": "gQHg4XkAAAAJ",
      "url": "https://scholar.google.com/citations?user=gQHg4XkAAAAJ"
    },
    {
      "name": "Ben Dai",
      "scholar_id": "dl9PxlIAAAAJ",
      "url": "https://scholar.google.com/citations?user=dl9PxlIAAAAJ"
    },
    {
      "name": "Di Hu",
      "scholar_id": "F7bvTOEAAAAJ",
      "url": "https://scholar.google.com/citations?user=F7bvTOEAAAAJ"
    },
    {
      "name": "David A. Clifton",
      "scholar_id": "mFN2KJ4AAAAJ",
      "url": "https://scholar.google.com/citations?user=mFN2KJ4AAAAJ"
    },
    {
      "name": "Xinshao Wang",
      "scholar_id": "yOBhB7UAAAAJ",
      "url": "https://scholar.google.com/citations?user=yOBhB7UAAAAJ"
    },
    {
      "name": "Xuefei Ning",
      "scholar_id": "oVslpJsAAAAJ",
      "url": "https://scholar.google.com/citations?user=oVslpJsAAAAJ"
    },
    {
      "name": "Hong Guo",
      "scholar_id": "TU-CXsQAAAAJ",
      "url": "https://scholar.google.com/citations?user=TU-CXsQAAAAJ"
    },
    {
      "name": "Zhen Shen（申震）",
      "scholar_id": "EY9GiDsAAAAJ",
      "url": "https://scholar.google.com/citations?user=EY9GiDsAAAAJ"
    },
    {
      "name": "Yucheng Zhao",
      "scholar_id": "gTj_y0oAAAAJ",
      "url": "https://scholar.google.com/citations?user=gTj_y0oAAAAJ"
    },
    {
      "name": "Weixing Wang",
      "scholar_id": "Tc3ZAicAAAAJ",
      "url": "https://scholar.google.com/citations?user=Tc3ZAicAAAAJ"
    }
  ]
}