{
  "author_info": {
    "name": "Chien-Yi Wang",
    "affiliation": "Amazon",
    "email_verified": "Verified email at amazon.com - Homepage",
    "website": "http://chienyiwang.github.io/",
    "interests": [
      "Computer Vision",
      "Artificial Intelligence"
    ],
    "photo_url": "https://scholar.googleusercontent.com/citations?view_op=view_photo&user=05LW2DcAAAAJ&citpid=2"
  },
  "citation_stats": {
    "citations_all": 1574,
    "citations_since_2020": 1542,
    "h_index_all": 16,
    "h_index_since_2020": 16,
    "i10_index_all": 20,
    "i10_index_since_2020": 20,
    "citation_graph": [
      {
        "year": 2016,
        "citations": 5
      },
      {
        "year": 2017,
        "citations": 5
      },
      {
        "year": 2018,
        "citations": 5
      },
      {
        "year": 2019,
        "citations": 15
      },
      {
        "year": 2020,
        "citations": 17
      },
      {
        "year": 2021,
        "citations": 28
      },
      {
        "year": 2022,
        "citations": 48
      },
      {
        "year": 2023,
        "citations": 119
      },
      {
        "year": 2024,
        "citations": 450
      },
      {
        "year": 2025,
        "citations": 871
      }
    ]
  },
  "papers": [
    {
      "title": "V2v-llm: Vehicle-to-vehicle cooperative autonomous driving with multi-modal large language models",
      "url": "https://scholar.google.com/citations?view_op=view_citation&hl=en&user=05LW2DcAAAAJ&citation_for_view=05LW2DcAAAAJ:q3CdL3IzO_QC",
      "authors": "H Chiu, R Hachiuma, CY Wang, SF Smith, YCF Wang, MH Chen",
      "venue": "arXiv preprint arXiv:2502.09980, 2025",
      "year": 2025,
      "citations": 20
    },
    {
      "title": "DoRA: Weight-Decomposed Low-Rank Adaptation",
      "url": "https://scholar.google.com/citations?view_op=view_citation&hl=en&user=05LW2DcAAAAJ&citation_for_view=05LW2DcAAAAJ:WZBGuue-350C",
      "authors": "SY Liu, CY Wang, H Yin, P Molchanov, YCF Wang, KT Cheng, MH Chen",
      "venue": "arXiv preprint arXiv:2402.09353, 2024",
      "year": 2024,
      "citations": 806
    },
    {
      "title": "Dora: Weight-decomposed low-rank adaptation, 2024",
      "url": "https://scholar.google.com/citations?view_op=view_citation&hl=en&user=05LW2DcAAAAJ&citation_for_view=05LW2DcAAAAJ:PoWvk5oyLR8C",
      "authors": "SY Liu, CY Wang, H Yin, P Molchanov, YCF Wang, KT Cheng, MH Chen",
      "venue": "URL https://arxiv. org/abs/2402.09353, 2024",
      "year": 2024,
      "citations": 33
    },
    {
      "title": "Probabilistic 3d multi-object cooperative tracking for autonomous driving via differentiable multi-sensor kalman filter",
      "url": "https://scholar.google.com/citations?view_op=view_citation&hl=en&user=05LW2DcAAAAJ&citation_for_view=05LW2DcAAAAJ:VaXvl8Fpj5cC",
      "authors": "HK Chiu, CY Wang, MH Chen, SF Smith",
      "venue": "2024 IEEE International Conference on Robotics and Automation (ICRA), 18458 …, 2024",
      "year": 2024,
      "citations": 26
    },
    {
      "title": "Weight-decomposed low-rank adaptation",
      "url": "https://scholar.google.com/citations?view_op=view_citation&hl=en&user=05LW2DcAAAAJ&citation_for_view=05LW2DcAAAAJ:foquWX3nUaYC",
      "authors": "SY Liu, CY Wang, H Yin, P Molchanov, YCF Wang, KT Cheng, MHD Chen",
      "venue": "arXiv preprint arXiv:2402.09353, 2024",
      "year": 2024,
      "citations": 20
    },
    {
      "title": "Mcpnet: An interpretable classifier via multi-level concept prototypes",
      "url": "https://scholar.google.com/citations?view_op=view_citation&hl=en&user=05LW2DcAAAAJ&citation_for_view=05LW2DcAAAAJ:e_rmSamDkqQC",
      "authors": "BS Wang, CY Wang, WC Chiu",
      "venue": "Proceedings of the IEEE/CVF Conference on Computer Vision and Pattern …, 2024",
      "year": 2024,
      "citations": 16
    },
    {
      "title": "Semples: Semantic prompt learning for weakly-supervised semantic segmentation",
      "url": "https://scholar.google.com/citations?view_op=view_citation&hl=en&user=05LW2DcAAAAJ&citation_for_view=05LW2DcAAAAJ:-FonjvnnhkoC",
      "authors": "CS Lin, CY Wang, YCF Wang, MH Chen",
      "venue": "arXiv preprint arXiv:2401.11791, 2024",
      "year": 2024,
      "citations": 11
    },
    {
      "title": "Efficient model personalization in federated learning via client-specific prompt generation",
      "url": "https://scholar.google.com/citations?view_op=view_citation&hl=en&user=05LW2DcAAAAJ&citation_for_view=05LW2DcAAAAJ:k8Z6L05lTy4C",
      "authors": "FE Yang, CY Wang, YCF Wang",
      "venue": "Proceedings of the IEEE/CVF International Conference on Computer Vision …, 2023",
      "year": 2023,
      "citations": 85
    },
    {
      "title": "Mixfairface: Towards ultimate fairness via mixfair adapter in face recognition",
      "url": "https://scholar.google.com/citations?view_op=view_citation&hl=en&user=05LW2DcAAAAJ&citation_for_view=05LW2DcAAAAJ:gsN89kCJA0AC",
      "authors": "FE Wang, CY Wang, M Sun, SH Lai",
      "venue": "Proceedings of the AAAI Conference on Artificial Intelligence 37 (12), 14531 …, 2023",
      "year": 2023,
      "citations": 12
    },
    {
      "title": "Patchnet: A simple face anti-spoofing framework via fine-grained patch recognition",
      "url": "https://scholar.google.com/citations?view_op=view_citation&hl=en&user=05LW2DcAAAAJ&citation_for_view=05LW2DcAAAAJ:tYavs44e6CUC",
      "authors": "CY Wang, YD Lu, ST Yang, SH Lai",
      "venue": "Proceedings of the IEEE/CVF conference on computer vision and pattern …, 2022",
      "year": 2022,
      "citations": 179
    },
    {
      "title": "Fedfr: Joint optimization federated framework for generic and personalized face recognition",
      "url": "https://scholar.google.com/citations?view_op=view_citation&hl=en&user=05LW2DcAAAAJ&citation_for_view=05LW2DcAAAAJ:hMsQuOkrut0C",
      "authors": "CT Liu, CY Wang, SY Chien, SH Lai",
      "venue": "Proceedings of the AAAI Conference on Artificial Intelligence 36 (2), 1656-1664, 2022",
      "year": 2022,
      "citations": 51
    },
    {
      "title": "Disentangled representation with dual-stage feature learning for face anti-spoofing",
      "url": "https://scholar.google.com/citations?view_op=view_citation&hl=en&user=05LW2DcAAAAJ&citation_for_view=05LW2DcAAAAJ:ILKRHgRFtOwC",
      "authors": "YC Wang, CY Wang, SH Lai",
      "venue": "Proceedings of the IEEE/CVF Winter conference on applications of computer …, 2022",
      "year": 2022,
      "citations": 34
    },
    {
      "title": "Local-adaptive face recognition via graph-based meta-clustering and regularized adaptation",
      "url": "https://scholar.google.com/citations?view_op=view_citation&hl=en&user=05LW2DcAAAAJ&citation_for_view=05LW2DcAAAAJ:KUbvn5osdkgC",
      "authors": "W Zhu, CY Wang, KL Tseng, SH Lai, B Wang",
      "venue": "Proceedings of the IEEE/CVF conference on computer vision and pattern …, 2022",
      "year": 2022,
      "citations": 16
    },
    {
      "title": "Joint 3D object detection and orientation estimation via multimodal fusion",
      "url": "https://scholar.google.com/citations?view_op=view_citation&hl=en&user=05LW2DcAAAAJ&citation_for_view=05LW2DcAAAAJ:TIZ-Mc8IlK0C",
      "authors": "W Chien-Yi, AL NARAYANAN, YT Chen",
      "venue": "US Patent 10,885,398, 2021",
      "year": 2021,
      "citations": 28
    },
    {
      "title": "High-accuracy RGB-D face recognition via segmentation-aware face depth estimation and mask-guided attention network",
      "url": "https://scholar.google.com/citations?view_op=view_citation&hl=en&user=05LW2DcAAAAJ&citation_for_view=05LW2DcAAAAJ:g3aElNc5_aQC",
      "authors": "MT Chiu, HY Cheng, CY Wang, SH Lai",
      "venue": "2021 16th IEEE International conference on automatic face and gesture …, 2021",
      "year": 2021,
      "citations": 17
    },
    {
      "title": "Unified representation learning for cross model compatibility",
      "url": "https://scholar.google.com/citations?view_op=view_citation&hl=en&user=05LW2DcAAAAJ&citation_for_view=05LW2DcAAAAJ:L7CI7m0gUJcC",
      "authors": "CY Wang, YL Chang, ST Yang, D Chen, SH Lai",
      "venue": "arXiv preprint arXiv:2008.04821, 2020",
      "year": 2020,
      "citations": 37
    },
    {
      "title": "Systems for generating parking maps and methods thereof",
      "url": "https://scholar.google.com/citations?view_op=view_citation&hl=en&user=05LW2DcAAAAJ&citation_for_view=05LW2DcAAAAJ:EYYDruWGBe4C",
      "authors": "W Chien-Yi, YT Chen, B Dariush",
      "venue": "US Patent 10,078,790, 2018",
      "year": 2018,
      "citations": 68
    },
    {
      "title": "A 3d dynamic scene analysis framework for development of intelligent transportation systems",
      "url": "https://scholar.google.com/citations?view_op=view_citation&hl=en&user=05LW2DcAAAAJ&citation_for_view=05LW2DcAAAAJ:p__nRnzSRKYC",
      "authors": "CY Wang, A Narayanan, A Patil, W Zhan, YT Chen",
      "venue": "2018 IEEE Intelligent Vehicles Symposium (IV), 1800-1806, 2018",
      "year": 2018,
      "citations": 13
    },
    {
      "title": "Robust image segmentation using contour-guided color palettes",
      "url": "https://scholar.google.com/citations?view_op=view_citation&hl=en&user=05LW2DcAAAAJ&citation_for_view=05LW2DcAAAAJ:BwyfMAYsbu0C",
      "authors": "X Fu, CY Wang, C Chen, C Wang, CCJ Kuo",
      "venue": "Proceedings of the IEEE International Conference on Computer Vision, 1618-1625, 2015",
      "year": 2015,
      "citations": 36
    },
    {
      "title": "Dora: Weight-decomposed low-rank adaptation. arXiv 2024",
      "url": "https://scholar.google.com/citations?view_op=view_citation&hl=en&user=05LW2DcAAAAJ&citation_for_view=05LW2DcAAAAJ:xtoqd-5pKcoC",
      "authors": "SY Liu, CY Wang, H Yin, P Molchanov, YCF Wang, KT Cheng, MH Chen",
      "venue": "arXiv preprint arXiv:2402.09353, 0",
      "citations": 16
    }
  ],
  "co_authors": [
    {
      "name": "Min-Hung Chen",
      "scholar_id": "ovzuxi8AAAAJ",
      "url": "https://scholar.google.com/citations?user=ovzuxi8AAAAJ"
    },
    {
      "name": "Yu-Chiang Frank Wang",
      "scholar_id": "HSGvdtoAAAAJ",
      "url": "https://scholar.google.com/citations?user=HSGvdtoAAAAJ"
    },
    {
      "name": "Shang-Hong Lai",
      "scholar_id": "LlybOXQAAAAJ",
      "url": "https://scholar.google.com/citations?user=LlybOXQAAAAJ"
    },
    {
      "name": "Shih-Yang Liu",
      "scholar_id": "eBXRoDgAAAAJ",
      "url": "https://scholar.google.com/citations?user=eBXRoDgAAAAJ"
    },
    {
      "name": "Pavlo Molchanov",
      "scholar_id": "J9PoyoIAAAAJ",
      "url": "https://scholar.google.com/citations?user=J9PoyoIAAAAJ"
    },
    {
      "name": "Hongxu (Danny) Yin",
      "scholar_id": "4gdSoOYAAAAJ",
      "url": "https://scholar.google.com/citations?user=4gdSoOYAAAAJ"
    },
    {
      "name": "Yi-Ting Chen",
      "scholar_id": "8tRH7RMAAAAJ",
      "url": "https://scholar.google.com/citations?user=8tRH7RMAAAAJ"
    },
    {
      "name": "Fu-En Yang",
      "scholar_id": "k6Iz9VoAAAAJ",
      "url": "https://scholar.google.com/citations?user=k6Iz9VoAAAAJ"
    },
    {
      "name": "Hsu-kuang Chiu",
      "scholar_id": "F_c5sHkAAAAJ",
      "url": "https://scholar.google.com/citations?user=F_c5sHkAAAAJ"
    },
    {
      "name": "Ryo Hachiuma",
      "scholar_id": "W1KPqGEAAAAJ",
      "url": "https://scholar.google.com/citations?user=W1KPqGEAAAAJ"
    },
    {
      "name": "Behzad Dariush",
      "scholar_id": "FgxRWPcAAAAJ",
      "url": "https://scholar.google.com/citations?user=FgxRWPcAAAAJ"
    },
    {
      "name": "Chih-Ting Liu",
      "scholar_id": "Q5CbftwAAAAJ",
      "url": "https://scholar.google.com/citations?user=Q5CbftwAAAAJ"
    },
    {
      "name": "Shao-Yi Chien",
      "scholar_id": "QYwb_54AAAAJ",
      "url": "https://scholar.google.com/citations?user=QYwb_54AAAAJ"
    },
    {
      "name": "Baoyuan Wang",
      "scholar_id": "OWa5rOEAAAAJ",
      "url": "https://scholar.google.com/citations?user=OWa5rOEAAAAJ"
    },
    {
      "name": "Wei-Chen Chiu (邱維辰)",
      "scholar_id": "FiFOBS8AAAAJ",
      "url": "https://scholar.google.com/citations?user=FiFOBS8AAAAJ"
    },
    {
      "name": "Bor-Shiun Wang",
      "scholar_id": "tbM40zwAAAAJ",
      "url": "https://scholar.google.com/citations?user=tbM40zwAAAAJ"
    },
    {
      "name": "Fu-En Wang",
      "scholar_id": "iMtObVMAAAAJ",
      "url": "https://scholar.google.com/citations?user=iMtObVMAAAAJ"
    },
    {
      "name": "Ping-Chun Hsieh",
      "scholar_id": "ix38JgoAAAAJ",
      "url": "https://scholar.google.com/citations?user=ix38JgoAAAAJ"
    }
  ]
}