{
  "author_info": {
    "name": "Sameer Singh",
    "affiliation": "Professor, UC Irvine | CTO, Spiffy AI",
    "email_verified": "Verified email at uci.edu - Homepage",
    "website": "http://sameersingh.org/",
    "interests": [
      "AI",
      "Machine Learning",
      "Natural Language Processing",
      "LLMs"
    ],
    "photo_url": "https://scholar.googleusercontent.com/citations?view_op=view_photo&user=-hGZC54AAAAJ&citpid=8"
  },
  "citation_stats": {
    "citations_all": 58131,
    "citations_since_2020": 52629,
    "h_index_all": 68,
    "h_index_since_2020": 62,
    "i10_index_all": 162,
    "i10_index_since_2020": 141,
    "citation_graph": [
      {
        "year": 2014,
        "citations": 157
      },
      {
        "year": 2015,
        "citations": 218
      },
      {
        "year": 2016,
        "citations": 263
      },
      {
        "year": 2017,
        "citations": 579
      },
      {
        "year": 2018,
        "citations": 1215
      },
      {
        "year": 2019,
        "citations": 2278
      },
      {
        "year": 2020,
        "citations": 3978
      },
      {
        "year": 2021,
        "citations": 6237
      },
      {
        "year": 2022,
        "citations": 7933
      },
      {
        "year": 2023,
        "citations": 10104
      },
      {
        "year": 2024,
        "citations": 12061
      },
      {
        "year": 2025,
        "citations": 12260
      }
    ]
  },
  "papers": [
    {
      "title": "ART: Automatic multi-step reasoning and tool-use for large language models",
      "url": "https://scholar.google.com/citations?view_op=view_citation&hl=en&user=-hGZC54AAAAJ&citation_for_view=-hGZC54AAAAJ:Mx5hWS9ctUkC",
      "authors": "B Paranjape, S Lundberg, S Singh, H Hajishirzi, L Zettlemoyer, ...",
      "venue": "arXiv preprint arXiv:2303.09014, 2023",
      "year": 2023,
      "citations": 301
    },
    {
      "title": "Impact of pretraining term frequencies on few-shot numerical reasoning",
      "url": "https://scholar.google.com/citations?view_op=view_citation&hl=en&user=-hGZC54AAAAJ&citation_for_view=-hGZC54AAAAJ:k8to_Y4Q4_EC",
      "authors": "Y Razeghi, RL Logan IV, M Gardner, S Singh",
      "venue": "Findings of the Association for Computational Linguistics: EMNLP 2022, 840-854, 2022",
      "year": 2022,
      "citations": 340
    },
    {
      "title": "Calibrate before use: Improving few-shot performance of language models",
      "url": "https://scholar.google.com/citations?view_op=view_citation&hl=en&user=-hGZC54AAAAJ&citation_for_view=-hGZC54AAAAJ:GUYAmugLYisC",
      "authors": "Z Zhao, E Wallace, S Feng, D Klein, S Singh",
      "venue": "International Conference on Machine Learning, 12697-12706, 2021",
      "year": 2021,
      "citations": 1835
    },
    {
      "title": "Entity-Based Knowledge Conflicts in Question Answering",
      "url": "https://scholar.google.com/citations?view_op=view_citation&hl=en&user=-hGZC54AAAAJ&citation_for_view=-hGZC54AAAAJ:1_W9tMSvGuwC",
      "authors": "S Longpre, K Perisetla, A Chen, N Ramesh, C DuBois, S Singh",
      "venue": "arXiv preprint arXiv:2109.05052, 2021",
      "year": 2021,
      "citations": 308
    },
    {
      "title": "AutoPrompt: Eliciting Knowledge from Language Models with Automatically Generated Prompts",
      "url": "https://scholar.google.com/citations?view_op=view_citation&hl=en&user=-hGZC54AAAAJ&citation_for_view=-hGZC54AAAAJ:TiIbgCYny7sC",
      "authors": "T Shin, Y Razeghi, RL Logan IV, E Wallace, S Singh",
      "venue": "Empirical Methods in Natural Language Processing (EMNLP), 2020",
      "year": 2020,
      "citations": 2446
    },
    {
      "title": "Beyond Accuracy: Behavioral Testing of NLP Models with CheckList",
      "url": "https://scholar.google.com/citations?view_op=view_citation&hl=en&user=-hGZC54AAAAJ&citation_for_view=-hGZC54AAAAJ:ehoypfNsBj8C",
      "authors": "MT Ribeiro, T Wu, C Guestrin, S Singh",
      "venue": "arXiv preprint arXiv:2005.04118, 2020",
      "year": 2020,
      "citations": 1443
    },
    {
      "title": "Fooling LIME and SHAP: Adversarial Attacks on Post hoc Explanation Methods",
      "url": "https://scholar.google.com/citations?view_op=view_citation&hl=en&user=-hGZC54AAAAJ&citation_for_view=-hGZC54AAAAJ:HKviVsUxM5wC",
      "authors": "D Slack, S Hilgard, E Jia, S Singh, H Lakkaraju",
      "venue": "Proceedings of the AAAI/ACM Conference on AI, Ethics, and Society, 180-186, 2020",
      "year": 2020,
      "citations": 1314
    },
    {
      "title": "Evaluating models’ local decision boundaries via contrast sets",
      "url": "https://scholar.google.com/citations?view_op=view_citation&hl=en&user=-hGZC54AAAAJ&citation_for_view=-hGZC54AAAAJ:pxXbYLTb8EgC",
      "authors": "M Gardner, Y Artzi, V Basmov, J Berant, B Bogin, S Chen, P Dasigi, D Dua, ...",
      "venue": "Proceedings of the 2020 Conference on Empirical Methods in Natural Language …, 2020",
      "year": 2020,
      "citations": 547
    },
    {
      "title": "DROP: A Reading Comprehension Benchmark Requiring Discrete Reasoning Over Paragraphs",
      "url": "https://scholar.google.com/citations?view_op=view_citation&hl=en&user=-hGZC54AAAAJ&citation_for_view=-hGZC54AAAAJ:oynPyU19kbsC",
      "authors": "D Dua, Y Wang, P Dasigi, G Stanovsky, S Singh, M Gardner",
      "venue": "Annual Conference of the North American Chapter of the Association for …, 2019",
      "year": 2019,
      "citations": 1277
    },
    {
      "title": "Universal Adversarial Triggers for Attacking and Analyzing NLP",
      "url": "https://scholar.google.com/citations?view_op=view_citation&hl=en&user=-hGZC54AAAAJ&citation_for_view=-hGZC54AAAAJ:cdwqcPQS8ssC",
      "authors": "E Wallace, S Feng, N Kandpal, M Gardner, S Singh",
      "venue": "Empirical Methods in Natural Language Processing (EMNLP), 2019",
      "year": 2019,
      "citations": 1184
    },
    {
      "title": "Knowledge enhanced contextual word representations",
      "url": "https://scholar.google.com/citations?view_op=view_citation&hl=en&user=-hGZC54AAAAJ&citation_for_view=-hGZC54AAAAJ:tgTmbKTkO1IC",
      "authors": "ME Peters, M Neumann, R Logan, R Schwartz, V Joshi, S Singh, ...",
      "venue": "Proceedings of the 2019 conference on empirical methods in natural language …, 2019",
      "year": 2019,
      "citations": 1009
    },
    {
      "title": "Do NLP Models Know Numbers? Probing Numeracy in Embeddings",
      "url": "https://scholar.google.com/citations?view_op=view_citation&hl=en&user=-hGZC54AAAAJ&citation_for_view=-hGZC54AAAAJ:Cvh0bltMcLgC",
      "authors": "E Wallace, Y Wang, S Li, S Singh, M Gardner",
      "venue": "arXiv preprint arXiv:1909.07940, 2019",
      "year": 2019,
      "citations": 350
    },
    {
      "title": "Anchors: High-precision model-agnostic explanations",
      "url": "https://scholar.google.com/citations?view_op=view_citation&hl=en&user=-hGZC54AAAAJ&citation_for_view=-hGZC54AAAAJ:iKswqCX-FLkC",
      "authors": "MT Ribeiro, S Singh, C Guestrin",
      "venue": "Proceedings of the AAAI Conference on Artificial Intelligence 32 (1), 2018",
      "year": 2018,
      "citations": 3226
    },
    {
      "title": "Generating Natural Adversarial Examples",
      "url": "https://scholar.google.com/citations?view_op=view_citation&hl=en&user=-hGZC54AAAAJ&citation_for_view=-hGZC54AAAAJ:IT1MJ6E3JesC",
      "authors": "Z Zhao, D Dua, S Singh",
      "venue": "International Conference on Learning Representations (ICLR), 2018",
      "year": 2018,
      "citations": 782
    },
    {
      "title": "Semantically Equivalent Adversarial Rules for Debugging NLP Models",
      "url": "https://scholar.google.com/citations?view_op=view_citation&hl=en&user=-hGZC54AAAAJ&citation_for_view=-hGZC54AAAAJ:oAywNP-vUhwC",
      "authors": "MT Ribeiro, S Singh, C Guestrin",
      "venue": "Annual Meeting of the Association for Computational Linguistics (ACL), 2018",
      "year": 2018,
      "citations": 627
    },
    {
      "title": "Entity linking via joint encoding of types, descriptions, and context",
      "url": "https://scholar.google.com/citations?view_op=view_citation&hl=en&user=-hGZC54AAAAJ&citation_for_view=-hGZC54AAAAJ:CCeGMaHljPEC",
      "authors": "N Gupta, S Singh, D Roth",
      "venue": "Proceedings of the 2017 Conference on Empirical Methods in Natural Language …, 2017",
      "year": 2017,
      "citations": 292
    },
    {
      "title": "\"Why Should I Trust You?\": Explaining the Predictions of Any Classifier",
      "url": "https://scholar.google.com/citations?view_op=view_citation&hl=en&user=-hGZC54AAAAJ&citation_for_view=-hGZC54AAAAJ:wBLCggQE-ToC",
      "authors": "MT Ribeiro, S Singh, C Guestrin",
      "venue": "Knowledge Discovery and Data Mining (KDD), 2016",
      "year": 2016,
      "citations": 28376
    },
    {
      "title": "Model-Agnostic Interpretability of Machine Learning",
      "url": "https://scholar.google.com/citations?view_op=view_citation&hl=en&user=-hGZC54AAAAJ&citation_for_view=-hGZC54AAAAJ:gmHTDCtJMcoC",
      "authors": "MT Ribeiro, S Singh, C Guestrin",
      "venue": "ICML 2016 Workshop on Human Interpretability in Machine Learning, 2016",
      "year": 2016,
      "citations": 1533
    },
    {
      "title": "Injecting logical background knowledge into embeddings for relation extraction",
      "url": "https://scholar.google.com/citations?view_op=view_citation&hl=en&user=-hGZC54AAAAJ&citation_for_view=-hGZC54AAAAJ:fQNAKQ3IYiAC",
      "authors": "T Rocktäschel, S Singh, S Riedel",
      "venue": "Proceedings of the 2015 Human Language Technology Conference of the North …, 2015",
      "year": 2015,
      "citations": 329
    },
    {
      "title": "Factorie: Probabilistic programming via imperatively defined factor graphs",
      "url": "https://scholar.google.com/citations?view_op=view_citation&hl=en&user=-hGZC54AAAAJ&citation_for_view=-hGZC54AAAAJ:u5HHmVD_uO8C",
      "authors": "A McCallum, K Schultz, S Singh",
      "venue": "Advances in Neural Information Processing Systems 22, 1249-1257, 2009",
      "year": 2009,
      "citations": 300
    }
  ],
  "co_authors": [
    {
      "name": "Carlos Guestrin",
      "scholar_id": "DpLFv4gAAAAJ",
      "url": "https://scholar.google.com/citations?user=DpLFv4gAAAAJ"
    },
    {
      "name": "Marco Tulio Ribeiro",
      "scholar_id": "rmsIyGMAAAAJ",
      "url": "https://scholar.google.com/citations?user=rmsIyGMAAAAJ"
    },
    {
      "name": "Matt Gardner",
      "scholar_id": "SfKdzrUAAAAJ",
      "url": "https://scholar.google.com/citations?user=SfKdzrUAAAAJ"
    },
    {
      "name": "Eric Wallace",
      "scholar_id": "SgST3LkAAAAJ",
      "url": "https://scholar.google.com/citations?user=SgST3LkAAAAJ"
    },
    {
      "name": "Robert L Logan IV",
      "scholar_id": "D9LqlQkAAAAJ",
      "url": "https://scholar.google.com/citations?user=D9LqlQkAAAAJ"
    },
    {
      "name": "Andrew McCallum",
      "scholar_id": "yILa1y0AAAAJ",
      "url": "https://scholar.google.com/citations?user=yILa1y0AAAAJ"
    },
    {
      "name": "Yasaman Razeghi",
      "scholar_id": "YCtmdaMAAAAJ",
      "url": "https://scholar.google.com/citations?user=YCtmdaMAAAAJ"
    },
    {
      "name": "Dheeru Dua",
      "scholar_id": "RDky42sAAAAJ",
      "url": "https://scholar.google.com/citations?user=RDky42sAAAAJ"
    },
    {
      "name": "Dylan Slack",
      "scholar_id": "pyhz-gUAAAAJ",
      "url": "https://scholar.google.com/citations?user=pyhz-gUAAAAJ"
    },
    {
      "name": "Sebastian Riedel",
      "scholar_id": "AcCtcrsAAAAJ",
      "url": "https://scholar.google.com/citations?user=AcCtcrsAAAAJ"
    },
    {
      "name": "Himabindu Lakkaraju",
      "scholar_id": "oWid5PQAAAAJ",
      "url": "https://scholar.google.com/citations?user=oWid5PQAAAAJ"
    },
    {
      "name": "Tim Rocktäschel",
      "scholar_id": "mWBY8aIAAAAJ",
      "url": "https://scholar.google.com/citations?user=mWBY8aIAAAAJ"
    },
    {
      "name": "Shi Feng",
      "scholar_id": "d0npq2oAAAAJ",
      "url": "https://scholar.google.com/citations?user=d0npq2oAAAAJ"
    },
    {
      "name": "Tony Z. Zhao",
      "scholar_id": "2IXVwTMAAAAJ",
      "url": "https://scholar.google.com/citations?user=2IXVwTMAAAAJ"
    },
    {
      "name": "Pouya Pezeshkpour",
      "scholar_id": "sjY8zjUAAAAJ",
      "url": "https://scholar.google.com/citations?user=sjY8zjUAAAAJ"
    },
    {
      "name": "Hannaneh Hajishirzi",
      "scholar_id": "LOV6_WIAAAAJ",
      "url": "https://scholar.google.com/citations?user=LOV6_WIAAAAJ"
    },
    {
      "name": "Nitish Gupta",
      "scholar_id": "STiAua8AAAAJ",
      "url": "https://scholar.google.com/citations?user=STiAua8AAAAJ"
    },
    {
      "name": "Tianqi Chen",
      "scholar_id": "7nlvOMQAAAAJ",
      "url": "https://scholar.google.com/citations?user=7nlvOMQAAAAJ"
    },
    {
      "name": "Noah A. Smith",
      "scholar_id": "TjdFs3EAAAAJ",
      "url": "https://scholar.google.com/citations?user=TjdFs3EAAAAJ"
    },
    {
      "name": "Yoshitomo Matsubara",
      "scholar_id": "hCX-ZYUAAAAJ",
      "url": "https://scholar.google.com/citations?user=hCX-ZYUAAAAJ"
    }
  ]
}