{
  "author_info": {
    "name": "Ting Yu (余婷)",
    "affiliation": "Hang Zhou Normal University",
    "email_verified": "Verified email at hznu.edu.cn - Homepage",
    "website": "https://hise.hznu.edu.cn/c/2022-03-22/2672708.shtml",
    "interests": [
      "Cross-media Analysis"
    ],
    "photo_url": "https://scholar.googleusercontent.com/citations?view_op=view_photo&user=01_-U40AAAAJ&citpid=7"
  },
  "citation_stats": {
    "citations_all": 1032,
    "citations_since_2020": 1024,
    "h_index_all": 9,
    "h_index_since_2020": 9,
    "i10_index_all": 8,
    "i10_index_since_2020": 8,
    "citation_graph": [
      {
        "year": 2019,
        "citations": 7
      },
      {
        "year": 2020,
        "citations": 54
      },
      {
        "year": 2021,
        "citations": 91
      },
      {
        "year": 2022,
        "citations": 105
      },
      {
        "year": 2023,
        "citations": 143
      },
      {
        "year": 2024,
        "citations": 235
      },
      {
        "year": 2025,
        "citations": 395
      }
    ]
  },
  "papers": [
    {
      "title": "Fine-grained Adaptive Visual Prompt for Generative Medical Visual Question Answering",
      "url": "https://scholar.google.com/citations?view_op=view_citation&hl=en&user=01_-U40AAAAJ&citation_for_view=01_-U40AAAAJ:pyW8ca7W8N0C",
      "authors": "T Yu, Z Tong, J Yu, K Zhang",
      "venue": "Proceedings of the AAAI Conference on Artificial Intelligence 39 (9), 9662-9670, 2025",
      "year": 2025,
      "citations": 6
    },
    {
      "title": "Semi-supervised RGB-D hand gesture recognition via mutual learning of self-supervised models",
      "url": "https://scholar.google.com/citations?view_op=view_citation&hl=en&user=01_-U40AAAAJ&citation_for_view=01_-U40AAAAJ:4OULZ7Gr8RgC",
      "authors": "J Zhang, K He, T Yu, J Yu, Z Yuan",
      "venue": "ACM Transactions on Multimedia Computing, Communications and Applications 21 …, 2025",
      "year": 2025,
      "citations": 6
    },
    {
      "title": "Adapter-Enhanced Hierarchical Cross-Modal Pre-training for Lightweight Medical Report Generation",
      "url": "https://scholar.google.com/citations?view_op=view_citation&hl=en&user=01_-U40AAAAJ&citation_for_view=01_-U40AAAAJ:D03iK_w7-QYC",
      "authors": "T Yu, W Lu, Y Yang, W Han, Q Huang, J Yu, K Zhang",
      "venue": "IEEE Journal of Biomedical and Health Informatics, 2025",
      "year": 2025,
      "citations": 4
    },
    {
      "title": "WP-CMA: Waypoint Prediction for Cross-modal Alignment of Vision-and-Language Navigation in Continuous Environments",
      "url": "https://scholar.google.com/citations?view_op=view_citation&hl=en&user=01_-U40AAAAJ&citation_for_view=01_-U40AAAAJ:_xSYboBqXhAC",
      "authors": "S Fu, Y Wu, T Yu",
      "venue": "Proceedings of the 7th ACM International Conference on Multimedia in Asia, 1-6, 2025",
      "year": 2025,
      "citations": 0
    },
    {
      "title": "MossVLN: Memory-Observation Synergistic System for Continuous Vision-Language Navigation",
      "url": "https://scholar.google.com/citations?view_op=view_citation&hl=en&user=01_-U40AAAAJ&citation_for_view=01_-U40AAAAJ:bFI3QPDXJZMC",
      "authors": "T Yu, Y Wu, Q Cui, Q Huang, J Yu",
      "venue": "IEEE Transactions on Multimedia, 2025",
      "year": 2025,
      "citations": 0
    },
    {
      "title": "Vision-Guided Action: Enhancing 3D Human Motion Prediction with Gaze-informed Affordance in 3D Scenes",
      "url": "https://scholar.google.com/citations?view_op=view_citation&hl=en&user=01_-U40AAAAJ&citation_for_view=01_-U40AAAAJ:f2IySw72cVMC",
      "authors": "T Yu, Y Lin, J Yu, Z Lou, Q Cui",
      "venue": "Proceedings of the Computer Vision and Pattern Recognition Conference, 12335 …, 2025",
      "year": 2025,
      "citations": 0
    },
    {
      "title": "Token-Mixer: Bind Image and Text in One Embedding Space for Medical Image Reporting",
      "url": "https://scholar.google.com/citations?view_op=view_citation&hl=en&user=01_-U40AAAAJ&citation_for_view=01_-U40AAAAJ:yD5IFk8b50cC",
      "authors": "WH Yan Yang, Jun Yu, Zhenqi Fu, Ke Zhang, Ting Yu, Xianyun Wang, Hanliang ...",
      "venue": "IEEE Transactions on Medical Imaging 43 (11), 4017-4028, 2024",
      "year": 2024,
      "citations": 27
    },
    {
      "title": "Prompting video-language foundation models with domain-specific fine-grained heuristics for video question answering",
      "url": "https://scholar.google.com/citations?view_op=view_citation&hl=en&user=01_-U40AAAAJ&citation_for_view=01_-U40AAAAJ:fPk4N6BV_jEC",
      "authors": "T Yu, K Fu, S Wang, Q Huang, J Yu",
      "venue": "IEEE Transactions on Circuits and Systems for Video Technology, 2024",
      "year": 2024,
      "citations": 10
    },
    {
      "title": "Multi-granularity contrastive cross-modal collaborative generation for end-to-end long-term video question answering",
      "url": "https://scholar.google.com/citations?view_op=view_citation&hl=en&user=01_-U40AAAAJ&citation_for_view=01_-U40AAAAJ:zA6iFVUQeVQC",
      "authors": "T Yu, K Fu, J Zhang, Q Huang, J Yu",
      "venue": "IEEE Transactions on Image Processing 33, 3115-3129, 2024",
      "year": 2024,
      "citations": 9
    },
    {
      "title": "Consistency Conditioned Memory Augmented Dynamic Diagnosis Model for Medical Visual Question Answering",
      "url": "https://scholar.google.com/citations?view_op=view_citation&hl=en&user=01_-U40AAAAJ&citation_for_view=01_-U40AAAAJ:cFHS6HbyZ2cC",
      "authors": "T Yu, B Ge, S Wang, Y Yang, Q Huang, J Yu",
      "venue": "IEEE Journal of Biomedical and Health Informatics, 2024",
      "year": 2024,
      "citations": 5
    },
    {
      "title": "3D human pose estimation with multi-hypotheses gated transformer",
      "url": "https://scholar.google.com/citations?view_op=view_citation&hl=en&user=01_-U40AAAAJ&citation_for_view=01_-U40AAAAJ:u_35RYKgDlwC",
      "authors": "X Dong, J Zhang, J Yu, T Yu",
      "venue": "Multimedia Systems 30 (6), 309, 2024",
      "year": 2024,
      "citations": 1
    },
    {
      "title": "BVR-AD: Bridging Virtual and Real for Autonomous Driving with Environment Adaptation",
      "url": "https://scholar.google.com/citations?view_op=view_citation&hl=en&user=01_-U40AAAAJ&citation_for_view=01_-U40AAAAJ:a0OBvERweLwC",
      "authors": "T Yu, W Lu",
      "venue": "2024 IEEE 16th International Conference on Advanced Infocomm Technology …, 2024",
      "year": 2024,
      "citations": 0
    },
    {
      "title": "A comprehensive survey of 3D dense captioning: Localizing and describing objects in 3D scenes",
      "url": "https://scholar.google.com/citations?view_op=view_citation&hl=en&user=01_-U40AAAAJ&citation_for_view=01_-U40AAAAJ:2P1L_qKh6hAC",
      "authors": "T Yu, X Lin, S Wang, W Sheng, Q Huang, J Yu",
      "venue": "IEEE Transactions on Circuits and Systems for Video Technology 34 (3), 1322-1338, 2023",
      "year": 2023,
      "citations": 21
    },
    {
      "title": "Long-term video question answering via multimodal hierarchical memory attentive networks",
      "url": "https://scholar.google.com/citations?view_op=view_citation&hl=en&user=01_-U40AAAAJ&citation_for_view=01_-U40AAAAJ:NaGl4SEjCO4C",
      "authors": "T Yu, J Yu, Z Yu, Q Huang, Q Tian",
      "venue": "IEEE Transactions on Circuits and Systems for Video Technology 31 (3), 931-944, 2020",
      "year": 2020,
      "citations": 70
    },
    {
      "title": "Multi-task compositional network for visual relationship detection",
      "url": "https://scholar.google.com/citations?view_op=view_citation&hl=en&user=01_-U40AAAAJ&citation_for_view=01_-U40AAAAJ:lSLTfruPkqcC",
      "authors": "Y Zhan, J Yu, T Yu, D Tao",
      "venue": "International Journal of Computer Vision 128 (8), 2146-2165, 2020",
      "year": 2020,
      "citations": 39
    },
    {
      "title": "Activitynet-qa: A dataset for understanding complex web videos via question answering",
      "url": "https://scholar.google.com/citations?view_op=view_citation&hl=en&user=01_-U40AAAAJ&citation_for_view=01_-U40AAAAJ:vV6vV6tmYwMC",
      "authors": "Z Yu, D Xu, J Yu, T Yu, Z Zhao, Y Zhuang, D Tao",
      "venue": "Proceedings of the AAAI Conference on Artificial Intelligence 33 (01), 9127-9134, 2019",
      "year": 2019,
      "citations": 667
    },
    {
      "title": "On exploring undetermined relationships for visual relationship detection",
      "url": "https://scholar.google.com/citations?view_op=view_citation&hl=en&user=01_-U40AAAAJ&citation_for_view=01_-U40AAAAJ:RYcK_YlVTxYC",
      "authors": "Y Zhan, J Yu, T Yu, D Tao",
      "venue": "Proceedings of the IEEE/CVF Conference on Computer Vision and Pattern …, 2019",
      "year": 2019,
      "citations": 110
    },
    {
      "title": "Compositional attention networks with two-stream fusion for video question answering",
      "url": "https://scholar.google.com/citations?view_op=view_citation&hl=en&user=01_-U40AAAAJ&citation_for_view=01_-U40AAAAJ:J_g5lzvAfSwC",
      "authors": "T Yu, J Yu, Z Yu, D Tao",
      "venue": "IEEE Transactions on Image Processing 29, 1204-1218, 2019",
      "year": 2019,
      "citations": 57
    }
  ],
  "co_authors": [
    {
      "name": "Dacheng Tao",
      "scholar_id": "RwlJNLcAAAAJ",
      "url": "https://scholar.google.com/citations?user=RwlJNLcAAAAJ"
    },
    {
      "name": "Qingming Huang",
      "scholar_id": "J1vMnRgAAAAJ",
      "url": "https://scholar.google.com/citations?user=J1vMnRgAAAAJ"
    },
    {
      "name": "Shuhui Wang（王树徽）",
      "scholar_id": "h-JxBSYAAAAJ",
      "url": "https://scholar.google.com/citations?user=h-JxBSYAAAAJ"
    },
    {
      "name": "Qi Tian (田奇), PhD, Fellow of ACM an...",
      "scholar_id": "61b6eYkAAAAJ",
      "url": "https://scholar.google.com/citations?user=61b6eYkAAAAJ"
    },
    {
      "name": "Jun Yu(俞俊)",
      "scholar_id": "3XTEwtAAAAAJ",
      "url": "https://scholar.google.com/citations?user=3XTEwtAAAAAJ"
    },
    {
      "name": "Zhou Yu (余宙)",
      "scholar_id": "yidozyMAAAAJ",
      "url": "https://scholar.google.com/citations?user=yidozyMAAAAJ"
    }
  ]
}