{
  "author_info": {
    "name": "Tae Joon Jun",
    "affiliation": "University of Ulsan College of Medicine, Asan Medical Center",
    "email_verified": "Verified email at amc.seoul.kr - Homepage",
    "website": "https://www.chilab.kr/",
    "interests": [
      "Artificial Intelligence",
      "Medical Informatics"
    ],
    "photo_url": "https://scholar.googleusercontent.com/citations?view_op=view_photo&user=-a2slUgAAAAJ&citpid=15"
  },
  "citation_stats": {
    "citations_all": 1421,
    "citations_since_2020": 1316,
    "h_index_all": 19,
    "h_index_since_2020": 19,
    "i10_index_all": 32,
    "i10_index_since_2020": 32,
    "citation_graph": [
      {
        "year": 2017,
        "citations": 7
      },
      {
        "year": 2018,
        "citations": 24
      },
      {
        "year": 2019,
        "citations": 55
      },
      {
        "year": 2020,
        "citations": 127
      },
      {
        "year": 2021,
        "citations": 164
      },
      {
        "year": 2022,
        "citations": 221
      },
      {
        "year": 2023,
        "citations": 223
      },
      {
        "year": 2024,
        "citations": 263
      },
      {
        "year": 2025,
        "citations": 314
      }
    ]
  },
  "papers": [
    {
      "title": "Clinical assessment of fine-tuned open-source llms in cardiology: From progress notes to discharge summary",
      "url": "https://scholar.google.com/citations?view_op=view_citation&hl=en&user=-a2slUgAAAAJ&citation_for_view=-a2slUgAAAAJ:LjlpjdlvIbIC",
      "authors": "HJ Jung, Y Kim, J Seo, H Choi, M Kim, J Han, G Kee, S Ko, B Kim, B Choi, ...",
      "venue": "Journal of Healthcare Informatics Research 9 (4), 686-702, 2025",
      "year": 2025,
      "citations": 38
    },
    {
      "title": "Task-specific transformer-based language models in health care: scoping review",
      "url": "https://scholar.google.com/citations?view_op=view_citation&hl=en&user=-a2slUgAAAAJ&citation_for_view=-a2slUgAAAAJ:Y5dfb0dijaUC",
      "authors": "HN Cho, TJ Jun, YH Kim, H Kang, I Ahn, H Gwon, Y Kim, J Seo, H Choi, ...",
      "venue": "JMIR Medical Informatics 12, e49724, 2024",
      "year": 2024,
      "citations": 32
    },
    {
      "title": "LDP-GAN: generative adversarial networks with local differential privacy for patient medical records synthesis",
      "url": "https://scholar.google.com/citations?view_op=view_citation&hl=en&user=-a2slUgAAAAJ&citation_for_view=-a2slUgAAAAJ:eJXPG6dFmWUC",
      "authors": "H Gwon, I Ahn, Y Kim, HJ Kang, H Seo, H Choi, HN Cho, M Kim, JY Han, ...",
      "venue": "Computers in Biology and Medicine 168, 107738, 2024",
      "year": 2024,
      "citations": 19
    },
    {
      "title": "TRk-CNN: transferable ranking-CNN for image classification of glaucoma, glaucoma suspect, and normal eyes",
      "url": "https://scholar.google.com/citations?view_op=view_citation&hl=en&user=-a2slUgAAAAJ&citation_for_view=-a2slUgAAAAJ:yD5IFk8b50cC",
      "authors": "TJ Jun, Y Eom, D Kim, C Kim, JH Park, HM Nguyen, YH Kim, D Kim",
      "venue": "Expert Systems with Applications 182, 115211, 2021",
      "year": 2021,
      "citations": 40
    },
    {
      "title": "CardioNet: a manually curated database for artificial intelligence-based research on cardiovascular diseases",
      "url": "https://scholar.google.com/citations?view_op=view_citation&hl=en&user=-a2slUgAAAAJ&citation_for_view=-a2slUgAAAAJ:UxriW0iASnsC",
      "authors": "I Ahn, W Na, O Kwon, DH Yang, GM Park, H Gwon, HJ Kang, YU Jeong, ...",
      "venue": "BMC medical informatics and decision making 21 (1), 29, 2021",
      "year": 2021,
      "citations": 39
    },
    {
      "title": "xECGNet: Fine-tuning attention map within convolutional neural network to improve detection and explainability of concurrent cardiac arrhythmias",
      "url": "https://scholar.google.com/citations?view_op=view_citation&hl=en&user=-a2slUgAAAAJ&citation_for_view=-a2slUgAAAAJ:uWQEDVKXjbEC",
      "authors": "J Yoo, TJ Jun, YH Kim",
      "venue": "Computer Methods and Programs in Biomedicine 208, 106281, 2021",
      "year": 2021,
      "citations": 36
    },
    {
      "title": "Explaining how deep neural networks forget by deep visualization",
      "url": "https://scholar.google.com/citations?view_op=view_citation&hl=en&user=-a2slUgAAAAJ&citation_for_view=-a2slUgAAAAJ:nb7KW1ujOQ8C",
      "authors": "G Nguyen, S Chen, TJ Jun, D Kim",
      "venue": "International Conference on Pattern Recognition, 162-173, 2021",
      "year": 2021,
      "citations": 32
    },
    {
      "title": "Machine learning–based hospital discharge prediction for patients with cardiovascular diseases: development and usability study",
      "url": "https://scholar.google.com/citations?view_op=view_citation&hl=en&user=-a2slUgAAAAJ&citation_for_view=-a2slUgAAAAJ:Tiz5es2fbqcC",
      "authors": "I Ahn, H Gwon, H Kang, Y Kim, H Seo, H Choi, HN Cho, M Kim, TJ Jun, ...",
      "venue": "JMIR Medical Informatics 9 (11), e32662, 2021",
      "year": 2021,
      "citations": 22
    },
    {
      "title": "T-net: Nested encoder–decoder architecture for the main vessel segmentation in coronary angiography",
      "url": "https://scholar.google.com/citations?view_op=view_citation&hl=en&user=-a2slUgAAAAJ&citation_for_view=-a2slUgAAAAJ:KxtntwgDAa4C",
      "authors": "TJ Jun, J Kweon, YH Kim, D Kim",
      "venue": "Neural Networks 128, 216-233, 2020",
      "year": 2020,
      "citations": 83
    },
    {
      "title": "Dapas: Denoising autoencoder to prevent adversarial attack in semantic segmentation",
      "url": "https://scholar.google.com/citations?view_op=view_citation&hl=en&user=-a2slUgAAAAJ&citation_for_view=-a2slUgAAAAJ:D03iK_w7-QYC",
      "authors": "S Cho, TJ Jun, B Oh, D Kim",
      "venue": "2020 International Joint Conference on Neural Networks (IJCNN), 1-8, 2020",
      "year": 2020,
      "citations": 43
    },
    {
      "title": "Unbalanced gans: Pre-training the generator of generative adversarial network using variational autoencoder",
      "url": "https://scholar.google.com/citations?view_op=view_citation&hl=en&user=-a2slUgAAAAJ&citation_for_view=-a2slUgAAAAJ:vRqMK49ujn8C",
      "authors": "H Ham, TJ Jun, D Kim",
      "venue": "arXiv preprint arXiv:2002.02112, 2020",
      "year": 2020,
      "citations": 40
    },
    {
      "title": "Automated detection of vulnerable plaque in intravascular ultrasound images",
      "url": "https://scholar.google.com/citations?view_op=view_citation&hl=en&user=-a2slUgAAAAJ&citation_for_view=-a2slUgAAAAJ:HoB7MX3m0LUC",
      "authors": "TJ Jun, SJ Kang, JG Lee, J Kweon, W Na, D Kang, D Kim, D Kim, YH Kim",
      "venue": "Medical & biological engineering & computing 57 (4), 863-876, 2019",
      "year": 2019,
      "citations": 56
    },
    {
      "title": "Tournament based ranking CNN for the cataract grading",
      "url": "https://scholar.google.com/citations?view_op=view_citation&hl=en&user=-a2slUgAAAAJ&citation_for_view=-a2slUgAAAAJ:fPk4N6BV_jEC",
      "authors": "TJ Jun, Y Eom, C Kim, D Kim",
      "venue": "2019 41st Annual International Conference of the IEEE Engineering in …, 2019",
      "year": 2019,
      "citations": 28
    },
    {
      "title": "Contcap: A scalable framework for continual image captioning",
      "url": "https://scholar.google.com/citations?view_op=view_citation&hl=en&user=-a2slUgAAAAJ&citation_for_view=-a2slUgAAAAJ:dshw04ExmUIC",
      "authors": "G Nguyen, TJ Jun, T Tran, T Yalew, D Kim",
      "venue": "arXiv preprint arXiv:1909.08745, 2019",
      "year": 2019,
      "citations": 21
    },
    {
      "title": "ECG arrhythmia classification using a 2-D convolutional neural network",
      "url": "https://scholar.google.com/citations?view_op=view_citation&hl=en&user=-a2slUgAAAAJ&citation_for_view=-a2slUgAAAAJ:SeFeTyx0c_EC",
      "authors": "TJ Jun, HM Nguyen, D Kang, D Kim, D Kim, YH Kim",
      "venue": "arXiv preprint arXiv:1804.06812, 2018",
      "year": 2018,
      "citations": 370
    },
    {
      "title": "Gpu enabled serverless computing framework",
      "url": "https://scholar.google.com/citations?view_op=view_citation&hl=en&user=-a2slUgAAAAJ&citation_for_view=-a2slUgAAAAJ:rO6llkc54NcC",
      "authors": "J Kim, TJ Jun, D Kang, D Kim, D Kim",
      "venue": "2018 26th Euromicro International Conference on Parallel, Distributed and …, 2018",
      "year": 2018,
      "citations": 64
    },
    {
      "title": "Automated diagnosis of pneumothorax using an ensemble of convolutional neural networks with multi-sized chest radiography images",
      "url": "https://scholar.google.com/citations?view_op=view_citation&hl=en&user=-a2slUgAAAAJ&citation_for_view=-a2slUgAAAAJ:ZHo1McVdvXMC",
      "authors": "TJ Jun, D Kim, D Kim",
      "venue": "arXiv preprint arXiv:1804.06821, 2018",
      "year": 2018,
      "citations": 20
    },
    {
      "title": "ConVGPU: GPU management middleware in container based virtualized environment",
      "url": "https://scholar.google.com/citations?view_op=view_citation&hl=en&user=-a2slUgAAAAJ&citation_for_view=-a2slUgAAAAJ:70eg2SAEIzsC",
      "authors": "D Kang, TJ Jun, D Kim, J Kim, D Kim",
      "venue": "2017 IEEE international conference on cluster computing (CLUSTER), 301-309, 2017",
      "year": 2017,
      "citations": 39
    },
    {
      "title": "Premature ventricular contraction beat detection with deep neural networks",
      "url": "https://scholar.google.com/citations?view_op=view_citation&hl=en&user=-a2slUgAAAAJ&citation_for_view=-a2slUgAAAAJ:lSLTfruPkqcC",
      "authors": "TJ Jun, HJ Park, NH Minh, D Kim, YH Kim",
      "venue": "2016 15th IEEE International Conference on Machine Learning and Applications …, 2016",
      "year": 2016,
      "citations": 76
    },
    {
      "title": "A workload prediction approach using models stacking based on recurrent neural network and autoencoder",
      "url": "https://scholar.google.com/citations?view_op=view_citation&hl=en&user=-a2slUgAAAAJ&citation_for_view=-a2slUgAAAAJ:IjCSPb-OGe4C",
      "authors": "HM Nguyen, S Woo, J Im, T Jun, D Kim",
      "venue": "2016 IEEE 18th International Conference on High Performance Computing and …, 2016",
      "year": 2016,
      "citations": 25
    }
  ],
  "co_authors": [
    {
      "name": "Young-hak Kim",
      "scholar_id": "OxMvWi0AAAAJ",
      "url": "https://scholar.google.com/citations?user=OxMvWi0AAAAJ"
    },
    {
      "name": "Daeyoung Kim",
      "scholar_id": "VZezrzcAAAAJ",
      "url": "https://scholar.google.com/citations?user=VZezrzcAAAAJ"
    },
    {
      "name": "Minkyoung Kim",
      "scholar_id": "4I9UJ7YAAAAJ",
      "url": "https://scholar.google.com/citations?user=4I9UJ7YAAAAJ"
    },
    {
      "name": "Jiye Han",
      "scholar_id": "7VoLlfAAAAAJ",
      "url": "https://scholar.google.com/citations?user=7VoLlfAAAAAJ"
    },
    {
      "name": "Jiahn Seo",
      "scholar_id": "ZUgh6qAAAAAJ",
      "url": "https://scholar.google.com/citations?user=ZUgh6qAAAAAJ"
    },
    {
      "name": "Hansle Gwon",
      "scholar_id": "TXMeTHYAAAAJ",
      "url": "https://scholar.google.com/citations?user=TXMeTHYAAAAJ"
    },
    {
      "name": "Daeyoun Kang",
      "scholar_id": "EvBjqgQAAAAJ",
      "url": "https://scholar.google.com/citations?user=EvBjqgQAAAAJ"
    },
    {
      "name": "Ha Na Cho",
      "scholar_id": "CQ5FA_EAAAAJ",
      "url": "https://scholar.google.com/citations?user=CQ5FA_EAAAAJ"
    },
    {
      "name": "Hyoje Jung",
      "scholar_id": "_rcjve4AAAAJ",
      "url": "https://scholar.google.com/citations?user=_rcjve4AAAAJ"
    },
    {
      "name": "Jihoon Kweon",
      "scholar_id": "36orW5EAAAAJ",
      "url": "https://scholar.google.com/citations?user=36orW5EAAAAJ"
    },
    {
      "name": "Giang Nguyen",
      "scholar_id": "9JYuDRYAAAAJ",
      "url": "https://scholar.google.com/citations?user=9JYuDRYAAAAJ"
    },
    {
      "name": "Kyuwoong Kim",
      "scholar_id": "UEudWWAAAAAJ",
      "url": "https://scholar.google.com/citations?user=UEudWWAAAAAJ"
    },
    {
      "name": "Youngsub Eom",
      "scholar_id": "xay7Dd8AAAAJ",
      "url": "https://scholar.google.com/citations?user=xay7Dd8AAAAJ"
    },
    {
      "name": "Cherry Kim",
      "scholar_id": "QZ7uv_YAAAAJ",
      "url": "https://scholar.google.com/citations?user=QZ7uv_YAAAAJ"
    },
    {
      "name": "Dong Hyun Yang",
      "scholar_id": "f0tY5B0AAAAJ",
      "url": "https://scholar.google.com/citations?user=f0tY5B0AAAAJ"
    },
    {
      "name": "Jung-Min Ahn",
      "scholar_id": "ROgo6GwAAAAJ",
      "url": "https://scholar.google.com/citations?user=ROgo6GwAAAAJ"
    },
    {
      "name": "Jungsun Yoo",
      "scholar_id": "RfaVfPcAAAAJ",
      "url": "https://scholar.google.com/citations?user=RfaVfPcAAAAJ"
    },
    {
      "name": "Gaurav Kalra",
      "scholar_id": "Zabc6g4AAAAJ",
      "url": "https://scholar.google.com/citations?user=Zabc6g4AAAAJ"
    },
    {
      "name": "Byungsoo Oh",
      "scholar_id": "vjpwFacAAAAJ",
      "url": "https://scholar.google.com/citations?user=vjpwFacAAAAJ"
    },
    {
      "name": "HYEYUN JUNG",
      "scholar_id": "sOKCvdQAAAAJ",
      "url": "https://scholar.google.com/citations?user=sOKCvdQAAAAJ"
    }
  ]
}