{
  "author_info": {
    "name": "Bingrong Xu",
    "affiliation": "Wuhan University of Technology",
    "email_verified": "Verified email at whut.edu.cn",
    "interests": [
      "machine learning",
      "transfer learning"
    ],
    "photo_url": "/citations/images/avatar_scholar_128.png"
  },
  "citation_stats": {
    "citations_all": 806,
    "citations_since_2020": 791,
    "h_index_all": 17,
    "h_index_since_2020": 17,
    "i10_index_all": 21,
    "i10_index_since_2020": 21,
    "citation_graph": [
      {
        "year": 2018,
        "citations": 3
      },
      {
        "year": 2019,
        "citations": 12
      },
      {
        "year": 2020,
        "citations": 10
      },
      {
        "year": 2021,
        "citations": 16
      },
      {
        "year": 2022,
        "citations": 29
      },
      {
        "year": 2023,
        "citations": 89
      },
      {
        "year": 2024,
        "citations": 258
      },
      {
        "year": 2025,
        "citations": 373
      }
    ]
  },
  "papers": [
    {
      "title": "Mixdehazenet: Mix structure block for image dehazing network",
      "url": "https://scholar.google.com/citations?view_op=view_citation&hl=en&user=-7jYfpoAAAAJ&citation_for_view=-7jYfpoAAAAJ:5nxA0vEk-isC",
      "authors": "LP Lu, Q Xiong, B Xu, D Chu",
      "venue": "2024 International Joint Conference on Neural Networks (IJCNN), 1-10, 2024",
      "year": 2024,
      "citations": 107
    },
    {
      "title": "Lightweight PCB defect detection algorithm based on MSD-YOLO",
      "url": "https://scholar.google.com/citations?view_op=view_citation&hl=en&user=-7jYfpoAAAAJ&citation_for_view=-7jYfpoAAAAJ:_kc_bZDykSQC",
      "authors": "G Zhou, L Yu, Y Su, B Xu, G Zhou",
      "venue": "Cluster Computing 27 (3), 3559-3573, 2024",
      "year": 2024,
      "citations": 29
    },
    {
      "title": "12-Lead ECG signal classification for detecting ECG arrhythmia via an information bottleneck-based multi-scale network",
      "url": "https://scholar.google.com/citations?view_op=view_citation&hl=en&user=-7jYfpoAAAAJ&citation_for_view=-7jYfpoAAAAJ:qxL8FJ1GzNcC",
      "authors": "S Zhang, C Lian, B Xu, Y Su, A Alhudhaif",
      "venue": "Information Sciences 662, 120239, 2024",
      "year": 2024,
      "citations": 25
    },
    {
      "title": "Multiscale global prompt transformer for EEG-based driver fatigue recognition",
      "url": "https://scholar.google.com/citations?view_op=view_citation&hl=en&user=-7jYfpoAAAAJ&citation_for_view=-7jYfpoAAAAJ:9ZlFYXVOiuMC",
      "authors": "P Zhao, C Lian, B Xu, Z Zeng",
      "venue": "IEEE Transactions on Automation Science and Engineering 22, 2700-2711, 2024",
      "year": 2024,
      "citations": 22
    },
    {
      "title": "TCAMS-Trans: Efficient temporal-channel attention multi-scale transformer for net load forecasting",
      "url": "https://scholar.google.com/citations?view_op=view_citation&hl=en&user=-7jYfpoAAAAJ&citation_for_view=-7jYfpoAAAAJ:Wp0gIr-vW9MC",
      "authors": "Q Zhang, S Zhou, B Xu, X Li",
      "venue": "Computers and Electrical Engineering 118, 109415, 2024",
      "year": 2024,
      "citations": 18
    },
    {
      "title": "Cardiac signals classification via optional multimodal multiscale receptive fields CNN-enhanced Transformer",
      "url": "https://scholar.google.com/citations?view_op=view_citation&hl=en&user=-7jYfpoAAAAJ&citation_for_view=-7jYfpoAAAAJ:ZeXyd9-uunAC",
      "authors": "T Zhang, C Lian, B Xu, Y Su, Z Zeng",
      "venue": "Knowledge-Based Systems 300, 112175, 2024",
      "year": 2024,
      "citations": 14
    },
    {
      "title": "Low-rank optimal transport for robust domain adaptation",
      "url": "https://scholar.google.com/citations?view_op=view_citation&hl=en&user=-7jYfpoAAAAJ&citation_for_view=-7jYfpoAAAAJ:7PzlFSSx8tAC",
      "authors": "B Xu, J Yin, C Lian, Y Su, Z Zeng",
      "venue": "IEEE/CAA Journal of Automatica Sinica 11 (7), 1667-1680, 2024",
      "year": 2024,
      "citations": 11
    },
    {
      "title": "A multi-view multi-scale neural network for multi-label ECG classification",
      "url": "https://scholar.google.com/citations?view_op=view_citation&hl=en&user=-7jYfpoAAAAJ&citation_for_view=-7jYfpoAAAAJ:roLk4NBRz8UC",
      "authors": "S Yang, C Lian, Z Zeng, B Xu, J Zang, Z Zhang",
      "venue": "IEEE Transactions on Emerging Topics in Computational Intelligence 7 (3 …, 2023",
      "year": 2023,
      "citations": 104
    },
    {
      "title": "Multimodal multi-instance learning for long-term ECG classification",
      "url": "https://scholar.google.com/citations?view_op=view_citation&hl=en&user=-7jYfpoAAAAJ&citation_for_view=-7jYfpoAAAAJ:Se3iqnhoufwC",
      "authors": "H Han, C Lian, Z Zeng, B Xu, J Zang, C Xue",
      "venue": "Knowledge-Based Systems 270, 110555, 2023",
      "year": 2023,
      "citations": 51
    },
    {
      "title": "A token selection-based multi-scale dual-branch CNN-transformer network for 12-lead ECG signal classification",
      "url": "https://scholar.google.com/citations?view_op=view_citation&hl=en&user=-7jYfpoAAAAJ&citation_for_view=-7jYfpoAAAAJ:YOwf2qJgpHMC",
      "authors": "S Zhang, C Lian, B Xu, J Zang, Z Zeng",
      "venue": "Knowledge-Based Systems 280, 111006, 2023",
      "year": 2023,
      "citations": 24
    },
    {
      "title": "Cross-modal multiscale multi-instance learning for long-term ECG classification",
      "url": "https://scholar.google.com/citations?view_op=view_citation&hl=en&user=-7jYfpoAAAAJ&citation_for_view=-7jYfpoAAAAJ:MXK_kJrjxJIC",
      "authors": "L Chen, C Lian, Z Zeng, B Xu, Y Su",
      "venue": "Information Sciences 643, 119230, 2023",
      "year": 2023,
      "citations": 21
    },
    {
      "title": "AmtNet: Attentional multi-scale temporal network for phonocardiogram signal classification",
      "url": "https://scholar.google.com/citations?view_op=view_citation&hl=en&user=-7jYfpoAAAAJ&citation_for_view=-7jYfpoAAAAJ:UebtZRa9Y70C",
      "authors": "J Zang, C Lian, B Xu, Z Zhang, Y Su, C Xue",
      "venue": "Biomedical Signal Processing and Control 85, 104934, 2023",
      "year": 2023,
      "citations": 17
    },
    {
      "title": "Generative mixup networks for zero-shot learning",
      "url": "https://scholar.google.com/citations?view_op=view_citation&hl=en&user=-7jYfpoAAAAJ&citation_for_view=-7jYfpoAAAAJ:qjMakFHDy7sC",
      "authors": "B Xu, Z Zeng, C Lian, Z Ding",
      "venue": "IEEE transactions on neural networks and learning systems 36 (3), 4054-4065, 2022",
      "year": 2022,
      "citations": 43
    },
    {
      "title": "Few-shot domain adaptation via mixup optimal transport",
      "url": "https://scholar.google.com/citations?view_op=view_citation&hl=en&user=-7jYfpoAAAAJ&citation_for_view=-7jYfpoAAAAJ:9yKSN-GCB0IC",
      "authors": "B Xu, Z Zeng, C Lian, Z Ding",
      "venue": "IEEE Transactions on Image Processing 31, 2518-2528, 2022",
      "year": 2022,
      "citations": 41
    },
    {
      "title": "An aggregated convolutional transformer based on slices and channels for multivariate time series classification",
      "url": "https://scholar.google.com/citations?view_op=view_citation&hl=en&user=-7jYfpoAAAAJ&citation_for_view=-7jYfpoAAAAJ:IjCSPb-OGe4C",
      "authors": "Y Wu, C Lian, Z Zeng, B Xu, Y Su",
      "venue": "IEEE Transactions on Emerging Topics in Computational Intelligence 7 (3 …, 2022",
      "year": 2022,
      "citations": 35
    },
    {
      "title": "Imbalanced heart sound signal classification based on two-stage trained dsanet",
      "url": "https://scholar.google.com/citations?view_op=view_citation&hl=en&user=-7jYfpoAAAAJ&citation_for_view=-7jYfpoAAAAJ:eQOLeE2rZwMC",
      "authors": "G Tian, C Lian, Z Zeng, B Xu, Y Su, J Zang, Z Zhang, C Xue",
      "venue": "Cognitive Computation 14 (4), 1378-1391, 2022",
      "year": 2022,
      "citations": 17
    },
    {
      "title": "Semi-supervised low-rank semantics grouping for zero-shot learning",
      "url": "https://scholar.google.com/citations?view_op=view_citation&hl=en&user=-7jYfpoAAAAJ&citation_for_view=-7jYfpoAAAAJ:WF5omc3nYNoC",
      "authors": "B Xu, Z Zeng, C Lian, Z Ding",
      "venue": "IEEE Transactions on Image Processing 30, 2207-2219, 2021",
      "year": 2021,
      "citations": 31
    },
    {
      "title": "Towards fair knowledge transfer for imbalanced domain adaptation",
      "url": "https://scholar.google.com/citations?view_op=view_citation&hl=en&user=-7jYfpoAAAAJ&citation_for_view=-7jYfpoAAAAJ:_FxGoFyzp5QC",
      "authors": "T Jing, B Xu, Z Ding",
      "venue": "IEEE Transactions on Image Processing 30, 8200-8211, 2021",
      "year": 2021,
      "citations": 26
    },
    {
      "title": "A discrete-time projection neural network for sparse signal reconstruction with application to face recognition",
      "url": "https://scholar.google.com/citations?view_op=view_citation&hl=en&user=-7jYfpoAAAAJ&citation_for_view=-7jYfpoAAAAJ:zYLM7Y9cAGgC",
      "authors": "B Xu, Q Liu, T Huang",
      "venue": "IEEE transactions on neural networks and learning systems 30 (1), 151-162, 2018",
      "year": 2018,
      "citations": 60
    },
    {
      "title": "Iterative projection based sparse reconstruction for face recognition",
      "url": "https://scholar.google.com/citations?view_op=view_citation&hl=en&user=-7jYfpoAAAAJ&citation_for_view=-7jYfpoAAAAJ:Tyk-4Ss8FVUC",
      "authors": "B Xu, Q Liu",
      "venue": "Neurocomputing 284, 99-106, 2018",
      "year": 2018,
      "citations": 13
    }
  ],
  "co_authors": [
    {
      "name": "Zhigang Zeng",
      "scholar_id": "BrJUTvoAAAAJ",
      "url": "https://scholar.google.com/citations?user=BrJUTvoAAAAJ"
    },
    {
      "name": "Cheng Lian",
      "scholar_id": "bkDORbAAAAAJ",
      "url": "https://scholar.google.com/citations?user=bkDORbAAAAAJ"
    },
    {
      "name": "Zhengming Ding",
      "scholar_id": "TKbyRRsAAAAJ",
      "url": "https://scholar.google.com/citations?user=TKbyRRsAAAAJ"
    }
  ]
}