{
  "author_info": {
    "name": "Chris Careaga",
    "affiliation": "PhD Student, Simon Fraser University",
    "email_verified": "Verified email at sfu.ca - Homepage",
    "website": "https://ccareaga.github.io/",
    "interests": [
      "Computational Photography",
      "Deep Learning",
      "Computer Vision"
    ],
    "photo_url": "https://scholar.googleusercontent.com/citations?view_op=view_photo&user=-98CGCIAAAAJ&citpid=7"
  },
  "citation_stats": {
    "citations_all": 156,
    "citations_since_2020": 156,
    "h_index_all": 6,
    "h_index_since_2020": 6,
    "i10_index_all": 6,
    "i10_index_since_2020": 6,
    "citation_graph": [
      {
        "year": 2020,
        "citations": 4
      },
      {
        "year": 2021,
        "citations": 11
      },
      {
        "year": 2022,
        "citations": 10
      },
      {
        "year": 2023,
        "citations": 18
      },
      {
        "year": 2024,
        "citations": 30
      },
      {
        "year": 2025,
        "citations": 83
      }
    ]
  },
  "papers": [
    {
      "title": "Physically Controllable Relighting of Photographs",
      "url": "https://scholar.google.com/citations?view_op=view_citation&hl=en&user=-98CGCIAAAAJ&citation_for_view=-98CGCIAAAAJ:roLk4NBRz8UC",
      "authors": "C Careaga, Y Aksoy",
      "venue": "Proceedings of the Special Interest Group on Computer Graphics and …, 2025",
      "year": 2025,
      "citations": 1
    },
    {
      "title": "Interactive Object Insertion with Differentiable Rendering",
      "url": "https://scholar.google.com/citations?view_op=view_citation&hl=en&user=-98CGCIAAAAJ&citation_for_view=-98CGCIAAAAJ:UebtZRa9Y70C",
      "authors": "W Peng, S Taira, C Careaga, Y Aksoy",
      "venue": "Proceedings of the Special Interest Group on Computer Graphics and …, 2025",
      "year": 2025,
      "citations": 0
    },
    {
      "title": "Colorful diffuse intrinsic image decomposition in the wild",
      "url": "https://scholar.google.com/citations?view_op=view_citation&hl=en&user=-98CGCIAAAAJ&citation_for_view=-98CGCIAAAAJ:LkGwnXOMwfcC",
      "authors": "C Careaga, Y Aksoy",
      "venue": "ACM Transactions on Graphics (TOG) 43 (6), 1-12, 2024",
      "year": 2024,
      "citations": 24
    },
    {
      "title": "Intrinsic single-image hdr reconstruction",
      "url": "https://scholar.google.com/citations?view_op=view_citation&hl=en&user=-98CGCIAAAAJ&citation_for_view=-98CGCIAAAAJ:_FxGoFyzp5QC",
      "authors": "S Dille, C Careaga, Y Aksoy",
      "venue": "European Conference on Computer Vision, 161-177, 2024",
      "year": 2024,
      "citations": 10
    },
    {
      "title": "Intrinsic image decomposition via ordinal shading",
      "url": "https://scholar.google.com/citations?view_op=view_citation&hl=en&user=-98CGCIAAAAJ&citation_for_view=-98CGCIAAAAJ:YsMSGLbcyi4C",
      "authors": "C Careaga, Y Aksoy",
      "venue": "ACM Transactions on Graphics 43 (1), 1-24, 2023",
      "year": 2023,
      "citations": 53
    },
    {
      "title": "Intrinsic harmonization for illumination-aware image compositing",
      "url": "https://scholar.google.com/citations?view_op=view_citation&hl=en&user=-98CGCIAAAAJ&citation_for_view=-98CGCIAAAAJ:ufrVoPGSRksC",
      "authors": "C Careaga, SMH Miangoleh, Y Aksoy",
      "venue": "SIGGRAPH Asia 2023 Conference Papers, 1-10, 2023",
      "year": 2023,
      "citations": 17
    },
    {
      "title": "Computational flash photography through intrinsics",
      "url": "https://scholar.google.com/citations?view_op=view_citation&hl=en&user=-98CGCIAAAAJ&citation_for_view=-98CGCIAAAAJ:2osOgNQ5qMEC",
      "authors": "SS Maralan, C Careaga, Y Aksoy",
      "venue": "Proceedings of the IEEE/CVF Conference on Computer Vision and Pattern …, 2023",
      "year": 2023,
      "citations": 4
    },
    {
      "title": "Datamoshing with Optical Flow",
      "url": "https://scholar.google.com/citations?view_op=view_citation&hl=en&user=-98CGCIAAAAJ&citation_for_view=-98CGCIAAAAJ:Tyk-4Ss8FVUC",
      "authors": "C Careaga, MKK Reddy, Y Aksoy",
      "venue": "SIGGRAPH Asia 2023 Posters, 1-2, 2023",
      "year": 2023,
      "citations": 0
    },
    {
      "title": "DynaPix: Normal Map Pixelization for Dynamic Lighting",
      "url": "https://scholar.google.com/citations?view_op=view_citation&hl=en&user=-98CGCIAAAAJ&citation_for_view=-98CGCIAAAAJ:d1gkVwhDpl0C",
      "authors": "G Gandeaga, D Iliash, C Careaga, Y Aksoy",
      "venue": "ACM SIGGRAPH 2022 Posters, 1-2, 2022",
      "year": 2022,
      "citations": 0
    },
    {
      "title": "A study of few-shot audio classification",
      "url": "https://scholar.google.com/citations?view_op=view_citation&hl=en&user=-98CGCIAAAAJ&citation_for_view=-98CGCIAAAAJ:u5HHmVD_uO8C",
      "authors": "P Wolters, C Careaga, B Hutchinson, L Phillips",
      "venue": "arXiv preprint arXiv:2012.01573, 2020",
      "year": 2020,
      "citations": 12
    },
    {
      "title": "Metric-based few-shot learning for video action recognition",
      "url": "https://scholar.google.com/citations?view_op=view_citation&hl=en&user=-98CGCIAAAAJ&citation_for_view=-98CGCIAAAAJ:u-x6o8ySG0sC",
      "authors": "C Careaga, B Hutchinson, N Hodas, L Phillips",
      "venue": "arXiv preprint arXiv:1909.09602, 2019",
      "year": 2019,
      "citations": 35
    }
  ],
  "co_authors": [
    {
      "name": "Yağız Aksoy",
      "scholar_id": "AC445kUAAAAJ",
      "url": "https://scholar.google.com/citations?user=AC445kUAAAAJ"
    },
    {
      "name": "Brian Hutchinson",
      "scholar_id": "i6fNEIEAAAAJ",
      "url": "https://scholar.google.com/citations?user=i6fNEIEAAAAJ"
    },
    {
      "name": "S. Mahdi H. Miangoleh",
      "scholar_id": "mqJpOqkAAAAJ",
      "url": "https://scholar.google.com/citations?user=mqJpOqkAAAAJ"
    },
    {
      "name": "Mahesh Reddy",
      "scholar_id": "Fx43OTsAAAAJ",
      "url": "https://scholar.google.com/citations?user=Fx43OTsAAAAJ"
    }
  ]
}