{
  "author_info": {
    "name": "Li Yuan, 袁粒",
    "affiliation": "Peking University, Shenzhen Graduate School, School of ECE",
    "email_verified": "Verified email at pku.edu.cn - Homepage",
    "website": "https://yuanli2333.github.io/",
    "interests": [
      "multimodal machine learning",
      "computer vision"
    ],
    "photo_url": "https://scholar.googleusercontent.com/citations?view_op=view_photo&user=-5juAR0AAAAJ&citpid=8"
  },
  "citation_stats": {
    "citations_all": 16294,
    "citations_since_2020": 16260,
    "h_index_all": 50,
    "h_index_since_2020": 50,
    "i10_index_all": 100,
    "i10_index_since_2020": 100,
    "citation_graph": [
      {
        "year": 2020,
        "citations": 131
      },
      {
        "year": 2021,
        "citations": 610
      },
      {
        "year": 2022,
        "citations": 1407
      },
      {
        "year": 2023,
        "citations": 2125
      },
      {
        "year": 2024,
        "citations": 4447
      },
      {
        "year": 2025,
        "citations": 7218
      }
    ]
  },
  "papers": [
    {
      "title": "LLaVA-CoT: Let Vision Language Models Reason Step-by-Step",
      "url": "https://scholar.google.com/citations?view_op=view_citation&hl=en&user=-5juAR0AAAAJ&citation_for_view=-5juAR0AAAAJ:kh2fBNsKQNwC",
      "authors": "G Xu, P Jin, L Hao, Y Song, L Sun, L Yuan",
      "venue": "ICCV, 2025",
      "year": 2025,
      "citations": 305
    },
    {
      "title": "Video-LLaVA: Learning United Visual Representation by Alignment Before Projection",
      "url": "https://scholar.google.com/citations?view_op=view_citation&hl=en&user=-5juAR0AAAAJ&citation_for_view=-5juAR0AAAAJ:ipzZ9siozwsC",
      "authors": "B Lin, B Zhu, Y Ye, M Ning, P Jin, L Yuan",
      "venue": "Empirical Methods in Natural Language Processing, EMNLP, 2024",
      "year": 2024,
      "citations": 1128
    },
    {
      "title": "Chat-univi: Unified visual representation empowers large language models with image and video understanding",
      "url": "https://scholar.google.com/citations?view_op=view_citation&hl=en&user=-5juAR0AAAAJ&citation_for_view=-5juAR0AAAAJ:0KyAp5RtaNEC",
      "authors": "P Jin, R Takanobu, C Zhang, X Cao, L Yuan",
      "venue": "CVPR Highlight, 2024",
      "year": 2024,
      "citations": 371
    },
    {
      "title": "Moe-llava: Mixture of experts for large vision-language models",
      "url": "https://scholar.google.com/citations?view_op=view_citation&hl=en&user=-5juAR0AAAAJ&citation_for_view=-5juAR0AAAAJ:Z5m8FVwuT1cC",
      "authors": "B Lin, Z Tang, Y Ye, J Cui, B Zhu, P Jin, J Zhang, M Ning, L Yuan",
      "venue": "arXiv preprint arXiv:2401.15947, 2024",
      "year": 2024,
      "citations": 360
    },
    {
      "title": "LanguageBind: Extending Video-Language Pretraining to N-modality by Language-based Semantic Alignment",
      "url": "https://scholar.google.com/citations?view_op=view_citation&hl=en&user=-5juAR0AAAAJ&citation_for_view=-5juAR0AAAAJ:uJ-U7cs_P_0C",
      "authors": "B Zhu, B Lin, M Ning, Y Yan, J Cui, HF Wang, Y Pang, W Jiang, J Zhang, ...",
      "venue": "ICLR, 2024",
      "year": 2024,
      "citations": 345
    },
    {
      "title": "Effort: Efficient orthogonal modeling for generalizable ai-generated image detection",
      "url": "https://scholar.google.com/citations?view_op=view_citation&hl=en&user=-5juAR0AAAAJ&citation_for_view=-5juAR0AAAAJ:4fGpz3EwCPoC",
      "authors": "Z Yan, J Wang, Z Wang, P Jin, KY Zhang, S Chen, T Yao, S Ding, B Wu, ...",
      "venue": "ICML Oral, 2024",
      "year": 2024,
      "citations": 314
    },
    {
      "title": "Sharegpt4video: Improving video understanding and generation with better captions",
      "url": "https://scholar.google.com/citations?view_op=view_citation&hl=en&user=-5juAR0AAAAJ&citation_for_view=-5juAR0AAAAJ:tuHXwOkdijsC",
      "authors": "L Chen, X Wei, J Li, X Dong, P Zhang, Y Zang, Z Chen, H Duan, B Lin, ...",
      "venue": "NeurIPS, 2024",
      "year": 2024,
      "citations": 307
    },
    {
      "title": "ChatLaw: Open-Source Legal Large Language Model with Integrated External Knowledge Bases",
      "url": "https://scholar.google.com/citations?view_op=view_citation&hl=en&user=-5juAR0AAAAJ&citation_for_view=-5juAR0AAAAJ:tzM49s52ZIMC",
      "authors": "J Cui, Z Li, Y Yan, B Chen, L Yuan",
      "venue": "arXiv preprint arXiv:2306.16092, 2023",
      "year": 2023,
      "citations": 709
    },
    {
      "title": "Spikformer: When Spiking Neural Network Meets Transformer",
      "url": "https://scholar.google.com/citations?view_op=view_citation&hl=en&user=-5juAR0AAAAJ&citation_for_view=-5juAR0AAAAJ:BrmTIyaxlBUC",
      "authors": "Z Zhou, Y Zhu, C He, Y Wang, S Yan, Y Tian, L Yuan",
      "venue": "ICLR, 2023",
      "year": 2023,
      "citations": 471
    },
    {
      "title": "Volo: Vision outlooker for visual recognition",
      "url": "https://scholar.google.com/citations?view_op=view_citation&hl=en&user=-5juAR0AAAAJ&citation_for_view=-5juAR0AAAAJ:b0M2c_1WBrUC",
      "authors": "L Yuan, Q Hou, Z Jiang, J Feng, S Yan",
      "venue": "IEEE Transactions on Pattern Analysis and Machine Intelligence (TPAMI), 2023",
      "year": 2023,
      "citations": 433
    },
    {
      "title": "Llm lies: Hallucinations are not bugs, but features as adversarial examples",
      "url": "https://scholar.google.com/citations?view_op=view_citation&hl=en&user=-5juAR0AAAAJ&citation_for_view=-5juAR0AAAAJ:j8SEvjWlNXcC",
      "authors": "JY Yao, KP Ning, ZH Liu, MN Ning, L Yuan",
      "venue": "arXiv preprint arXiv:2310.01469, 2023",
      "year": 2023,
      "citations": 324
    },
    {
      "title": "Spike-driven Transformer",
      "url": "https://scholar.google.com/citations?view_op=view_citation&hl=en&user=-5juAR0AAAAJ&citation_for_view=-5juAR0AAAAJ:2KloaMYe4IUC",
      "authors": "M Yao, J Hu, Z Zhou, L Yuan, Y Tian, B Xu, G Li",
      "venue": "NeurIPS, 2023",
      "year": 2023,
      "citations": 290
    },
    {
      "title": "Masked Autoencoders for Point Cloud Self-supervised Learning",
      "url": "https://scholar.google.com/citations?view_op=view_citation&hl=en&user=-5juAR0AAAAJ&citation_for_view=-5juAR0AAAAJ:B3FOqHPlNUQC",
      "authors": "Y Pang, W Wang, FEH Tay, W Liu, Y Tian, L Yuan",
      "venue": "ECCV, 2022",
      "year": 2022,
      "citations": 810
    },
    {
      "title": "Vision permutator: A permutable mlp-like architecture for visual recognition",
      "url": "https://scholar.google.com/citations?view_op=view_citation&hl=en&user=-5juAR0AAAAJ&citation_for_view=-5juAR0AAAAJ:tOudhMTPpwUC",
      "authors": "Q Hou, Z Jiang, L Yuan, MM Cheng, S Yan, J Feng",
      "venue": "IEEE Transactions on Pattern Analysis and Machine Intelligence (TPAMI), 2022",
      "year": 2022,
      "citations": 272
    },
    {
      "title": "Tokens-to-token vit: Training vision transformers from scratch on imagenet",
      "url": "https://scholar.google.com/citations?view_op=view_citation&hl=en&user=-5juAR0AAAAJ&citation_for_view=-5juAR0AAAAJ:WbkHhVStYXYC",
      "authors": "L Yuan, Y Chen, T Wang, W Yu, Y Shi, ZH Jiang, FEH Tay, J Feng, S Yan",
      "venue": "Proceedings of the IEEE/CVF International Conference on Computer Vision, 558-567, 2021",
      "year": 2021,
      "citations": 3031
    },
    {
      "title": "All tokens matter: Token labeling for training better vision transformers",
      "url": "https://scholar.google.com/citations?view_op=view_citation&hl=en&user=-5juAR0AAAAJ&citation_for_view=-5juAR0AAAAJ:l7t_Zn2s7bgC",
      "authors": "ZH Jiang, Q Hou, L Yuan, D Zhou, Y Shi, X Jin, A Wang, J Feng",
      "venue": "Advances in Neural Information Processing Systems 34, 2021",
      "year": 2021,
      "citations": 326
    },
    {
      "title": "Revisiting knowledge distillation via label smoothing regularization",
      "url": "https://scholar.google.com/citations?view_op=view_citation&hl=en&user=-5juAR0AAAAJ&citation_for_view=-5juAR0AAAAJ:pyW8ca7W8N0C",
      "authors": "L Yuan, FEH Tay, G Li, T Wang, J Feng",
      "venue": "CVPR Oral 2020, 3903-3911, 2020",
      "year": 2020,
      "citations": 889
    },
    {
      "title": "Central similarity quantization for efficient image and video retrieval",
      "url": "https://scholar.google.com/citations?view_op=view_citation&hl=en&user=-5juAR0AAAAJ&citation_for_view=-5juAR0AAAAJ:bEWYMUwI8FkC",
      "authors": "L Yuan, T Wang, X Zhang, FEH Tay, Z Jie, W Liu, J Feng",
      "venue": "Proceedings of the IEEE/CVF Conference on Computer Vision and Pattern …, 2020",
      "year": 2020,
      "citations": 457
    },
    {
      "title": "Distilling object detectors with fine-grained feature imitation",
      "url": "https://scholar.google.com/citations?view_op=view_citation&hl=en&user=-5juAR0AAAAJ&citation_for_view=-5juAR0AAAAJ:f2IySw72cVMC",
      "authors": "T Wang, L Yuan, X Zhang, J Feng",
      "venue": "Proceedings of the IEEE/CVF Conference on Computer Vision and Pattern …, 2019",
      "year": 2019,
      "citations": 583
    },
    {
      "title": "Few-shot adaptive faster r-cnn",
      "url": "https://scholar.google.com/citations?view_op=view_citation&hl=en&user=-5juAR0AAAAJ&citation_for_view=-5juAR0AAAAJ:P7Ujq4OLJYoC",
      "authors": "T Wang, X Zhang, L Yuan, J Feng",
      "venue": "Proceedings of the IEEE/CVF conference on computer vision and pattern …, 2019",
      "year": 2019,
      "citations": 193
    }
  ],
  "co_authors": [
    {
      "name": "Yonghong Tian, IEEE Fellow",
      "scholar_id": "fn6hJx0AAAAJ",
      "url": "https://scholar.google.com/citations?user=fn6hJx0AAAAJ"
    },
    {
      "name": "Jiashi Feng",
      "scholar_id": "Q8iay0gAAAAJ",
      "url": "https://scholar.google.com/citations?user=Q8iay0gAAAAJ"
    },
    {
      "name": "Peng Jin",
      "scholar_id": "HHXLexAAAAAJ",
      "url": "https://scholar.google.com/citations?user=HHXLexAAAAAJ"
    },
    {
      "name": "Eng Hock Francis Tay",
      "scholar_id": "mfH9UFIAAAAJ",
      "url": "https://scholar.google.com/citations?user=mfH9UFIAAAAJ"
    },
    {
      "name": "Bin Lin (林彬)",
      "scholar_id": "GCOVDKoAAAAJ",
      "url": "https://scholar.google.com/citations?user=GCOVDKoAAAAJ"
    },
    {
      "name": "Shuicheng Yan, with fun in e-AGI: effici...",
      "scholar_id": "DNuiPHwAAAAJ",
      "url": "https://scholar.google.com/citations?user=DNuiPHwAAAAJ"
    },
    {
      "name": "Munan Ning",
      "scholar_id": "zdBKgeUAAAAJ",
      "url": "https://scholar.google.com/citations?user=zdBKgeUAAAAJ"
    },
    {
      "name": "Yujun Shi (施宇钧)",
      "scholar_id": "Okeolr8AAAAJ",
      "url": "https://scholar.google.com/citations?user=Okeolr8AAAAJ"
    },
    {
      "name": "Zihang Jiang",
      "scholar_id": "Wo8tMSMAAAAJ",
      "url": "https://scholar.google.com/citations?user=Wo8tMSMAAAAJ"
    },
    {
      "name": "Bin Zhu",
      "scholar_id": "2ageYbMAAAAJ",
      "url": "https://scholar.google.com/citations?user=2ageYbMAAAAJ"
    },
    {
      "name": "Li Hao",
      "scholar_id": "y4va91AAAAAJ",
      "url": "https://scholar.google.com/citations?user=y4va91AAAAAJ"
    },
    {
      "name": "Xinhua Cheng",
      "scholar_id": "NI4c3kcAAAAJ",
      "url": "https://scholar.google.com/citations?user=NI4c3kcAAAAJ"
    },
    {
      "name": "Zhou Zhaokun （周昭坤）",
      "scholar_id": "4nz-h1QAAAAJ",
      "url": "https://scholar.google.com/citations?user=4nz-h1QAAAAJ"
    },
    {
      "name": "Jinfa Huang",
      "scholar_id": "2t7iBnkAAAAJ",
      "url": "https://scholar.google.com/citations?user=2t7iBnkAAAAJ"
    },
    {
      "name": "Zhiyuan Yan",
      "scholar_id": "U_u-mvoAAAAJ",
      "url": "https://scholar.google.com/citations?user=U_u-mvoAAAAJ"
    },
    {
      "name": "Shenghai Yuan (袁盛海)",
      "scholar_id": "kcgdO0sAAAAJ",
      "url": "https://scholar.google.com/citations?user=kcgdO0sAAAAJ"
    },
    {
      "name": "Weihao Yu",
      "scholar_id": "LYxjt1QAAAAJ",
      "url": "https://scholar.google.com/citations?user=LYxjt1QAAAAJ"
    },
    {
      "name": "Kun-Peng Ning",
      "scholar_id": "oE8ge7sAAAAJ",
      "url": "https://scholar.google.com/citations?user=oE8ge7sAAAAJ"
    },
    {
      "name": "Qibin Hou",
      "scholar_id": "fF8OFV8AAAAJ",
      "url": "https://scholar.google.com/citations?user=fF8OFV8AAAAJ"
    },
    {
      "name": "Zeke Xie",
      "scholar_id": "ysXmZCMAAAAJ",
      "url": "https://scholar.google.com/citations?user=ysXmZCMAAAAJ"
    }
  ]
}