{
  "author_info": {
    "name": "Max F. Burg",
    "affiliation": "PhD Student International Max Planck Research School for Intelligent Systems",
    "email_verified": "Verified email at bethgelab.org",
    "interests": [
      "Neuroscience",
      "Machine Learning",
      "Data Science"
    ],
    "photo_url": "https://scholar.googleusercontent.com/citations?view_op=view_photo&user=-T_5tc0AAAAJ&citpid=2"
  },
  "citation_stats": {
    "citations_all": 253,
    "citations_since_2020": 252,
    "h_index_all": 8,
    "h_index_since_2020": 8,
    "i10_index_all": 7,
    "i10_index_since_2020": 7,
    "citation_graph": [
      {
        "year": 2020,
        "citations": 3
      },
      {
        "year": 2021,
        "citations": 8
      },
      {
        "year": 2022,
        "citations": 25
      },
      {
        "year": 2023,
        "citations": 45
      },
      {
        "year": 2024,
        "citations": 102
      },
      {
        "year": 2025,
        "citations": 68
      }
    ]
  },
  "papers": [
    {
      "title": "Spatial Adaptation of Primate Retinal Ganglion Cells between Artificial and Natural Stimuli",
      "url": "https://scholar.google.com/citations?view_op=view_citation&hl=en&user=-T_5tc0AAAAJ&citation_for_view=-T_5tc0AAAAJ:Se3iqnhoufwC",
      "authors": "M Vystrčilová, S Sridhar, MF Burg, MH Khani, D Karamanlis, HM Schreyer, ...",
      "venue": "bioRxiv, 2025.04. 09.647910, 2025",
      "year": 2025,
      "citations": 2
    },
    {
      "title": "Interpreting convolutional neural networks to study wide-field amacrine cell inhibition in the retina",
      "url": "https://scholar.google.com/citations?view_op=view_citation&hl=en&user=-T_5tc0AAAAJ&citation_for_view=-T_5tc0AAAAJ:UebtZRa9Y70C",
      "authors": "M Vystrčilová, S Sridhar, MF Burg, T Gollisch, AS Ecker",
      "venue": "bioRxiv, 2025.09. 08.674839, 2025",
      "year": 2025,
      "citations": 0
    },
    {
      "title": "A multi-domain EHR foundation model for predicting Hepatitis B liver disease: a clinical perspective",
      "url": "https://scholar.google.com/citations?view_op=view_citation&hl=en&user=-T_5tc0AAAAJ&citation_for_view=-T_5tc0AAAAJ:hqOjcs7Dif8C",
      "authors": "CV Weis, M Horn, MF Burg, F Grazioli, A Kania, G Visona, J Golob, ...",
      "venue": "NeurIPS 2025 2nd Workshop on Multi-modal Foundation Models and Large …, 0",
      "year": 2025,
      "citations": 0
    },
    {
      "title": "Most discriminative stimuli for functional cell type clustering",
      "url": "https://scholar.google.com/citations?view_op=view_citation&hl=en&user=-T_5tc0AAAAJ&citation_for_view=-T_5tc0AAAAJ:WF5omc3nYNoC",
      "authors": "MF Burg, T Zenkel, M Vystrčilová, J Oesterle, L Höfling, KF Willeke, ...",
      "venue": "The Twelfth International Conference on Learning Representations, 2024",
      "year": 2024,
      "citations": 11
    },
    {
      "title": "Visual Data-Type Understanding does not emerge from Scaling Vision-Language Models",
      "url": "https://scholar.google.com/citations?view_op=view_citation&hl=en&user=-T_5tc0AAAAJ&citation_for_view=-T_5tc0AAAAJ:YsMSGLbcyi4C",
      "authors": "V Udandarao, MF Burg, S Albanie, M Bethge",
      "venue": "The Twelfth International Conference on Learning Representations, 2024",
      "year": 2024,
      "citations": 11
    },
    {
      "title": "Convolutional neural network models of the primate retina reveal adaptation to natural stimulus statistics",
      "url": "https://scholar.google.com/citations?view_op=view_citation&hl=en&user=-T_5tc0AAAAJ&citation_for_view=-T_5tc0AAAAJ:_FxGoFyzp5QC",
      "authors": "M Vystrčilová, S Sridhar, MF Burg, T Gollisch, AS Ecker",
      "venue": "bioRxiv, 2024.03. 06.583740, 2024",
      "year": 2024,
      "citations": 9
    },
    {
      "title": "Reproducibility of predictive networks for mouse visual cortex",
      "url": "https://scholar.google.com/citations?view_op=view_citation&hl=en&user=-T_5tc0AAAAJ&citation_for_view=-T_5tc0AAAAJ:LkGwnXOMwfcC",
      "authors": "P Turishcheva, MF Burg, FH Sinz, AS Ecker",
      "venue": "Advances in Neural Information Processing Systems 37, 7930-7956, 2024",
      "year": 2024,
      "citations": 4
    },
    {
      "title": "Image retrieval outperforms diffusion models on data augmentation",
      "url": "https://scholar.google.com/citations?view_op=view_citation&hl=en&user=-T_5tc0AAAAJ&citation_for_view=-T_5tc0AAAAJ:Y0pCki6q_DkC",
      "authors": "MF Burg, F Wenzel, D Zietlow, M Horn, O Makansi, F Locatello, C Russell",
      "venue": "Transactions on Machine Learning Research, 2023",
      "year": 2023,
      "citations": 49
    },
    {
      "title": "Retrospective on the SENSORIUM 2022 competition",
      "url": "https://scholar.google.com/citations?view_op=view_citation&hl=en&user=-T_5tc0AAAAJ&citation_for_view=-T_5tc0AAAAJ:W7OEmFMy1HYC",
      "authors": "KF Willeke, PG Fahey, M Bashiri, L Hansel, C Blessing, KK Lurz, MF Burg, ...",
      "venue": "NeurIPS 2022 Competition Track, 314-333, 2023",
      "year": 2023,
      "citations": 6
    },
    {
      "title": "Hard: Hard augmentations for robust distillation",
      "url": "https://scholar.google.com/citations?view_op=view_citation&hl=en&user=-T_5tc0AAAAJ&citation_for_view=-T_5tc0AAAAJ:Tyk-4Ss8FVUC",
      "authors": "AF Nix, MF Burg, FH Sinz",
      "venue": "arXiv preprint arXiv:2305.14890, 2023",
      "year": 2023,
      "citations": 1
    },
    {
      "title": "The sensorium competition on predicting large-scale mouse primary visual cortex activity",
      "url": "https://scholar.google.com/citations?view_op=view_citation&hl=en&user=-T_5tc0AAAAJ&citation_for_view=-T_5tc0AAAAJ:zYLM7Y9cAGgC",
      "authors": "KF Willeke, PG Fahey, M Bashiri, L Pede, MF Burg, C Blessing, ...",
      "venue": "arXiv preprint arXiv:2206.08666, 2022",
      "year": 2022,
      "citations": 37
    },
    {
      "title": "Digital twin reveals combinatorial code of non-linear computations in the mouse primary visual cortex",
      "url": "https://scholar.google.com/citations?view_op=view_citation&hl=en&user=-T_5tc0AAAAJ&citation_for_view=-T_5tc0AAAAJ:qjMakFHDy7sC",
      "authors": "I Ustyuzhaninov, MF Burg, SA Cadena, J Fu, T Muhammad, K Ponder, ...",
      "venue": "BioRxiv, 2022.02. 10.479884, 2022",
      "year": 2022,
      "citations": 15
    },
    {
      "title": "The sensorium competition on predicting large-scale mouse primary visual cortex activity. arXiv",
      "url": "https://scholar.google.com/citations?view_op=view_citation&hl=en&user=-T_5tc0AAAAJ&citation_for_view=-T_5tc0AAAAJ:roLk4NBRz8UC",
      "authors": "KF Willeke, PG Fahey, M Bashiri, L Pede, MF Burg, C Blessing, ...",
      "venue": "",
      "citations": 13,
      "year": 2022
    },
    {
      "title": "Leading by example: Guiding knowledge transfer with adversarial data augmentation",
      "url": "https://scholar.google.com/citations?view_op=view_citation&hl=en&user=-T_5tc0AAAAJ&citation_for_view=-T_5tc0AAAAJ:IjCSPb-OGe4C",
      "authors": "A Nix, MF Burg, FH Sinz",
      "venue": "NeurIPS 2022 Workshop on Synthetic Data for Empowering ML Research, 2022",
      "year": 2022,
      "citations": 0
    },
    {
      "title": "Learning divisive normalization in primary visual cortex",
      "url": "https://scholar.google.com/citations?view_op=view_citation&hl=en&user=-T_5tc0AAAAJ&citation_for_view=-T_5tc0AAAAJ:u-x6o8ySG0sC",
      "authors": "MF Burg, SA Cadena, GH Denfield, EY Walker, AS Tolias, M Bethge, ...",
      "venue": "PLOS Computational Biology 17 (6), e1009028, 2021",
      "year": 2021,
      "citations": 83
    },
    {
      "title": "Obscuring digital route-choice information prevents delay-induced congestion",
      "url": "https://scholar.google.com/citations?view_op=view_citation&hl=en&user=-T_5tc0AAAAJ&citation_for_view=-T_5tc0AAAAJ:2osOgNQ5qMEC",
      "authors": "V Krall, MF Burg, F Pagenkopf, H Wolf, M Timme, M Schröder",
      "venue": "Chaos: An Interdisciplinary Journal of Nonlinear Science 31 (11), 2021",
      "year": 2021,
      "citations": 2
    },
    {
      "title": "Number Fluctuations Induce Persistent Congestion",
      "url": "https://scholar.google.com/citations?view_op=view_citation&hl=en&user=-T_5tc0AAAAJ&citation_for_view=-T_5tc0AAAAJ:9yKSN-GCB0IC",
      "authors": "V Krall, MF Burg, M Schröder, M Timme",
      "venue": "Transport Findings, 2020",
      "year": 2020,
      "citations": 3
    },
    {
      "title": "Learning divisive normalization in primary visual cortex. bioRxiv",
      "url": "https://scholar.google.com/citations?view_op=view_citation&hl=en&user=-T_5tc0AAAAJ&citation_for_view=-T_5tc0AAAAJ:d1gkVwhDpl0C",
      "authors": "MF Günthner, SA Cadena, GH Denfield, EY Walker, AS Tolias, M Bethge, ...",
      "venue": "DOI][PMC free article][PubMed], 767285, 2019",
      "year": 2019,
      "citations": 3
    },
    {
      "title": "The Sensorium competition on predicting large-scale mouse primary visual cortex activity, June 2022",
      "url": "https://scholar.google.com/citations?view_op=view_citation&hl=en&user=-T_5tc0AAAAJ&citation_for_view=-T_5tc0AAAAJ:eQOLeE2rZwMC",
      "authors": "KF Willeke, PG Fahey, M Bashiri, L Pede, MF Burg, C Blessing, ...",
      "venue": "arXiv preprint arXiv:2206.08666, 0",
      "citations": 4
    },
    {
      "title": "Supplementary Material for\" Obscuring digital route-choice information prevents delay-induced congestion\"",
      "url": "https://scholar.google.com/citations?view_op=view_citation&hl=en&user=-T_5tc0AAAAJ&citation_for_view=-T_5tc0AAAAJ:0EnyYjriUFMC",
      "authors": "V Krall, MF Burg, F Pagenkopf, H Wolf, M Timme, M Schröder",
      "venue": "Zenodo, 0",
      "citations": 0
    }
  ],
  "co_authors": [
    {
      "name": "Alexander S. Ecker",
      "scholar_id": "VgYU_m8AAAAJ",
      "url": "https://scholar.google.com/citations?user=VgYU_m8AAAAJ"
    },
    {
      "name": "Santiago A. Cadena",
      "scholar_id": "_XJDXjEAAAAJ",
      "url": "https://scholar.google.com/citations?user=_XJDXjEAAAAJ"
    },
    {
      "name": "Andreas Tolias",
      "scholar_id": "O6q2Tr4AAAAJ",
      "url": "https://scholar.google.com/citations?user=O6q2Tr4AAAAJ"
    },
    {
      "name": "Matthias Bethge",
      "scholar_id": "0z0fNxUAAAAJ",
      "url": "https://scholar.google.com/citations?user=0z0fNxUAAAAJ"
    },
    {
      "name": "Konstantin F. Willeke",
      "scholar_id": "sc3jZTsAAAAJ",
      "url": "https://scholar.google.com/citations?user=sc3jZTsAAAAJ"
    },
    {
      "name": "Fabian Sinz",
      "scholar_id": "xpwMxy8AAAAJ",
      "url": "https://scholar.google.com/citations?user=xpwMxy8AAAAJ"
    },
    {
      "name": "Konstantin-Klemens Lurz",
      "scholar_id": "UIKKMbwAAAAJ",
      "url": "https://scholar.google.com/citations?user=UIKKMbwAAAAJ"
    },
    {
      "name": "Tim Gollisch",
      "scholar_id": "yrtgRRkAAAAJ",
      "url": "https://scholar.google.com/citations?user=yrtgRRkAAAAJ"
    },
    {
      "name": "Max Horn",
      "scholar_id": "60cGPvIAAAAJ",
      "url": "https://scholar.google.com/citations?user=60cGPvIAAAAJ"
    },
    {
      "name": "George Denfield",
      "scholar_id": "dfcd8TUAAAAJ",
      "url": "https://scholar.google.com/citations?user=dfcd8TUAAAAJ"
    },
    {
      "name": "Chris Russell",
      "scholar_id": "RM2sHhYAAAAJ",
      "url": "https://scholar.google.com/citations?user=RM2sHhYAAAAJ"
    },
    {
      "name": "Francesco Locatello",
      "scholar_id": "wQanfTIAAAAJ",
      "url": "https://scholar.google.com/citations?user=wQanfTIAAAAJ"
    },
    {
      "name": "Osama Makansi",
      "scholar_id": "xnd0Jz8AAAAJ",
      "url": "https://scholar.google.com/citations?user=xnd0Jz8AAAAJ"
    },
    {
      "name": "Dominik Zietlow",
      "scholar_id": "jkIx0f8AAAAJ",
      "url": "https://scholar.google.com/citations?user=jkIx0f8AAAAJ"
    },
    {
      "name": "Edgar Y. Walker",
      "scholar_id": "mhynbpgAAAAJ",
      "url": "https://scholar.google.com/citations?user=mhynbpgAAAAJ"
    },
    {
      "name": "Florian Wenzel",
      "scholar_id": "6TmK--IAAAAJ",
      "url": "https://scholar.google.com/citations?user=6TmK--IAAAAJ"
    },
    {
      "name": "Philipp Berens",
      "scholar_id": "lPQLk3QAAAAJ",
      "url": "https://scholar.google.com/citations?user=lPQLk3QAAAAJ"
    },
    {
      "name": "Thomas Euler",
      "scholar_id": "XeqGapgAAAAJ",
      "url": "https://scholar.google.com/citations?user=XeqGapgAAAAJ"
    },
    {
      "name": "Marc Timme",
      "scholar_id": "04azk58AAAAJ",
      "url": "https://scholar.google.com/citations?user=04azk58AAAAJ"
    },
    {
      "name": "Ivan Ustyuzhaninov",
      "scholar_id": "YGEMpYUAAAAJ",
      "url": "https://scholar.google.com/citations?user=YGEMpYUAAAAJ"
    }
  ]
}