{
  "author_info": {
    "name": "Ming Lin",
    "affiliation": "Oracle Cloud",
    "email_verified": "Verified email at oracle.com - Homepage",
    "website": "https://minglin-home.github.io/",
    "interests": [
      "Generative AI"
    ],
    "photo_url": "https://scholar.googleusercontent.com/citations?view_op=view_photo&user=08qZeTUAAAAJ&citpid=1"
  },
  "citation_stats": {
    "citations_all": 2852,
    "citations_since_2020": 2182,
    "h_index_all": 26,
    "h_index_since_2020": 24,
    "i10_index_all": 42,
    "i10_index_since_2020": 33,
    "citation_graph": [
      {
        "year": 2014,
        "citations": 9
      },
      {
        "year": 2015,
        "citations": 47
      },
      {
        "year": 2016,
        "citations": 112
      },
      {
        "year": 2017,
        "citations": 141
      },
      {
        "year": 2018,
        "citations": 190
      },
      {
        "year": 2019,
        "citations": 148
      },
      {
        "year": 2020,
        "citations": 158
      },
      {
        "year": 2021,
        "citations": 157
      },
      {
        "year": 2022,
        "citations": 208
      },
      {
        "year": 2023,
        "citations": 397
      },
      {
        "year": 2024,
        "citations": 645
      },
      {
        "year": 2025,
        "citations": 608
      }
    ]
  },
  "papers": [
    {
      "title": "Zero-shot neural architecture search: Challenges, solutions, and opportunities",
      "url": "https://scholar.google.com/citations?view_op=view_citation&hl=en&user=08qZeTUAAAAJ&citation_for_view=08qZeTUAAAAJ:lSLTfruPkqcC",
      "authors": "G Li, D Hoang, K Bhardwaj, M Lin, Z Wang, R Marculescu",
      "venue": "IEEE Transactions on Pattern Analysis and Machine Intelligence 46 (12), 7618 …, 2024",
      "year": 2024,
      "citations": 56
    },
    {
      "title": "Agile-quant: Activation-guided quantization for faster inference of LLMs on the edge",
      "url": "https://scholar.google.com/citations?view_op=view_citation&hl=en&user=08qZeTUAAAAJ&citation_for_view=08qZeTUAAAAJ:35N4QoGY0k4C",
      "authors": "X Shen, P Dong, L Lu, Z Kong, Z Li, M Lin, C Wu, Y Wang",
      "venue": "Proceedings of the AAAI Conference on Artificial Intelligence 38 (17), 18944 …, 2024",
      "year": 2024,
      "citations": 45
    },
    {
      "title": "Pac-nerf: Physics augmented continuum neural radiance fields for geometry-agnostic system identification",
      "url": "https://scholar.google.com/citations?view_op=view_citation&hl=en&user=08qZeTUAAAAJ&citation_for_view=08qZeTUAAAAJ:ns9cj8rnVeAC",
      "authors": "X Li, YL Qiao, PY Chen, KM Jatavallabhula, M Lin, C Jiang, C Gan",
      "venue": "arXiv preprint arXiv:2303.05512, 2023",
      "year": 2023,
      "citations": 129
    },
    {
      "title": "Deepmad: Mathematical architecture design for deep convolutional neural network",
      "url": "https://scholar.google.com/citations?view_op=view_citation&hl=en&user=08qZeTUAAAAJ&citation_for_view=08qZeTUAAAAJ:NaGl4SEjCO4C",
      "authors": "X Shen, Y Wang, M Lin, Y Huang, H Tang, X Sun, Y Wang",
      "venue": "Proceedings of the IEEE/CVF conference on computer vision and pattern …, 2023",
      "year": 2023,
      "citations": 64
    },
    {
      "title": "Making vision transformers efficient from a token sparsification view",
      "url": "https://scholar.google.com/citations?view_op=view_citation&hl=en&user=08qZeTUAAAAJ&citation_for_view=08qZeTUAAAAJ:J_g5lzvAfSwC",
      "authors": "S Chang, P Wang, M Lin, F Wang, DJ Zhang, R Jin, MZ Shou",
      "venue": "Proceedings of the IEEE/CVF Conference on Computer Vision and Pattern …, 2023",
      "year": 2023,
      "citations": 49
    },
    {
      "title": "GiraffeDet: A heavy-neck paradigm for object detection",
      "url": "https://scholar.google.com/citations?view_op=view_citation&hl=en&user=08qZeTUAAAAJ&citation_for_view=08qZeTUAAAAJ:maZDTaKrznsC",
      "authors": "Y Jiang, Z Tan, J Wang, X Sun, M Lin, H Li",
      "venue": "arXiv preprint arXiv:2202.04256, 2022",
      "year": 2022,
      "citations": 229
    },
    {
      "title": "Entroformer: A transformer-based entropy model for learned image compression",
      "url": "https://scholar.google.com/citations?view_op=view_citation&hl=en&user=08qZeTUAAAAJ&citation_for_view=08qZeTUAAAAJ:M3NEmzRMIkIC",
      "authors": "Y Qian, M Lin, X Sun, Z Tan, R Jin",
      "venue": "arXiv preprint arXiv:2202.05492, 2022",
      "year": 2022,
      "citations": 210
    },
    {
      "title": "KVT: k-NN Attention for Boosting Vision Transformers",
      "url": "https://scholar.google.com/citations?view_op=view_citation&hl=en&user=08qZeTUAAAAJ&citation_for_view=08qZeTUAAAAJ:r0BpntZqJG4C",
      "authors": "P Wang, X Wang, F Wang, M Lin, S Chang, H Li, R Jin",
      "venue": "European conference on computer vision, 285-302, 2022",
      "year": 2022,
      "citations": 158
    },
    {
      "title": "Entropy-driven mixed-precision quantization for deep network design",
      "url": "https://scholar.google.com/citations?view_op=view_citation&hl=en&user=08qZeTUAAAAJ&citation_for_view=08qZeTUAAAAJ:BqipwSGYUEgC",
      "authors": "Z Sun, C Ge, J Wang, M Lin, H Chen, H Li, X Sun",
      "venue": "Advances in Neural Information Processing Systems 35, 21508-21520, 2022",
      "year": 2022,
      "citations": 41
    },
    {
      "title": "Zen-nas: A zero-shot nas for high-performance image recognition",
      "url": "https://scholar.google.com/citations?view_op=view_citation&hl=en&user=08qZeTUAAAAJ&citation_for_view=08qZeTUAAAAJ:j3f4tGmQtD8C",
      "authors": "M Lin, P Wang, Z Sun, H Chen, X Sun, Q Qian, H Li, R Jin",
      "venue": "Proceedings of the IEEE/CVF international conference on computer vision, 347-356, 2021",
      "year": 2021,
      "citations": 239
    },
    {
      "title": "Mae-det: Revisiting maximum entropy principle in zero-shot nas for efficient object detection",
      "url": "https://scholar.google.com/citations?view_op=view_citation&hl=en&user=08qZeTUAAAAJ&citation_for_view=08qZeTUAAAAJ:hMod-77fHWUC",
      "authors": "Z Sun, M Lin, X Sun, Z Tan, H Li, R Jin",
      "venue": "arXiv preprint arXiv:2111.13336, 2021",
      "year": 2021,
      "citations": 56
    },
    {
      "title": "Learning accurate entropy model with global reference for image compression",
      "url": "https://scholar.google.com/citations?view_op=view_citation&hl=en&user=08qZeTUAAAAJ&citation_for_view=08qZeTUAAAAJ:4JMBOYKVnBMC",
      "authors": "Y Qian, Z Tan, X Sun, M Lin, D Li, Z Sun, H Li, R Jin",
      "venue": "arXiv preprint arXiv:2010.08321, 2020",
      "year": 2020,
      "citations": 98
    },
    {
      "title": "Knapsack pruning with inner distillation",
      "url": "https://scholar.google.com/citations?view_op=view_citation&hl=en&user=08qZeTUAAAAJ&citation_for_view=08qZeTUAAAAJ:_Qo2XoVZTnwC",
      "authors": "Y Aflalo, A Noy, M Lin, I Friedman, L Zelnik",
      "venue": "arXiv preprint arXiv:2002.08258, 2020",
      "year": 2020,
      "citations": 46
    },
    {
      "title": "Big data analytical approaches to the NACC dataset: aiding preclinical trial enrichment",
      "url": "https://scholar.google.com/citations?view_op=view_citation&hl=en&user=08qZeTUAAAAJ&citation_for_view=08qZeTUAAAAJ:qUcmZB5y_30C",
      "authors": "M Lin, P Gong, T Yang, J Ye, RL Albin, HH Dodge",
      "venue": "Alzheimer Disease & Associated Disorders 32 (1), 18-27, 2018",
      "year": 2018,
      "citations": 47
    },
    {
      "title": "Feature interaction augmented sparse learning for fast kinect motion detection",
      "url": "https://scholar.google.com/citations?view_op=view_citation&hl=en&user=08qZeTUAAAAJ&citation_for_view=08qZeTUAAAAJ:Wp0gIr-vW9MC",
      "authors": "X Chang, Z Ma, M Lin, Y Yang, AG Hauptmann",
      "venue": "IEEE transactions on image processing 26 (8), 3911-3920, 2017",
      "year": 2017,
      "citations": 217
    },
    {
      "title": "Concepts not alone: Exploring pairwise relationships for zero-shot video activity recognition",
      "url": "https://scholar.google.com/citations?view_op=view_citation&hl=en&user=08qZeTUAAAAJ&citation_for_view=08qZeTUAAAAJ:LkGwnXOMwfcC",
      "authors": "C Gan, M Lin, Y Yang, G Melo, AG Hauptmann",
      "venue": "Proceedings of the AAAI Conference on Artificial Intelligence 30 (1), 2016",
      "year": 2016,
      "citations": 98
    },
    {
      "title": "Beyond gaussian pyramid: Multi-skip feature stacking for action recognition",
      "url": "https://scholar.google.com/citations?view_op=view_citation&hl=en&user=08qZeTUAAAAJ&citation_for_view=08qZeTUAAAAJ:Se3iqnhoufwC",
      "authors": "Z Lan, M Lin, X Li, AG Hauptmann, B Raj",
      "venue": "Proceedings of the IEEE conference on computer vision and pattern …, 2015",
      "year": 2015,
      "citations": 373
    },
    {
      "title": "Exploring semantic inter-class relationships (sir) for zero-shot action recognition",
      "url": "https://scholar.google.com/citations?view_op=view_citation&hl=en&user=08qZeTUAAAAJ&citation_for_view=08qZeTUAAAAJ:u-x6o8ySG0sC",
      "authors": "C Gan, M Lin, Y Yang, Y Zhuang, AG Hauptmann",
      "venue": "Proceedings of the AAAI conference on artificial intelligence 29 (1), 2015",
      "year": 2015,
      "citations": 125
    },
    {
      "title": "Informedia@ TrecVID 2014: MED and MER",
      "url": "https://scholar.google.com/citations?view_op=view_citation&hl=en&user=08qZeTUAAAAJ&citation_for_view=08qZeTUAAAAJ:Zph67rFs4hoC",
      "authors": "SI Yu, L Jiang, Z Xu, Z Lan, S Xu, X Chang, X Li, Z Mao, C Gan, Y Miao, ...",
      "venue": "TREC Video Retrieval Evaluation 2014, 2014",
      "year": 2014,
      "citations": 43
    },
    {
      "title": "Online kernel learning with a near optimal sparsity bound",
      "url": "https://scholar.google.com/citations?view_op=view_citation&hl=en&user=08qZeTUAAAAJ&citation_for_view=08qZeTUAAAAJ:hqOjcs7Dif8C",
      "authors": "L Zhang, J Yi, R Jin, M Lin, X He",
      "venue": "International Conference on Machine Learning, 621-629, 2013",
      "year": 2013,
      "citations": 42
    }
  ],
  "co_authors": []
}