{
  "author_info": {
    "name": "Wonmin Byeon",
    "affiliation": "NVIDIA Research",
    "email_verified": "Verified email at nvidia.com",
    "interests": [
      "Machine Learning",
      "Computer Vision",
      "Artificial Intelligence"
    ],
    "photo_url": "/citations/images/avatar_scholar_128.png"
  },
  "citation_stats": {
    "citations_all": 5502,
    "citations_since_2020": 4825,
    "h_index_all": 23,
    "h_index_since_2020": 23,
    "i10_index_all": 34,
    "i10_index_since_2020": 30,
    "citation_graph": [
      {
        "year": 2015,
        "citations": 21
      },
      {
        "year": 2016,
        "citations": 104
      },
      {
        "year": 2017,
        "citations": 123
      },
      {
        "year": 2018,
        "citations": 148
      },
      {
        "year": 2019,
        "citations": 241
      },
      {
        "year": 2020,
        "citations": 273
      },
      {
        "year": 2021,
        "citations": 338
      },
      {
        "year": 2022,
        "citations": 450
      },
      {
        "year": 2023,
        "citations": 696
      },
      {
        "year": 2024,
        "citations": 1170
      },
      {
        "year": 2025,
        "citations": 1367
      }
    ]
  },
  "papers": [
    {
      "title": "An Empirical Study of Mamba-based Language Models",
      "url": "https://scholar.google.com/citations?view_op=view_citation&hl=en&user=0497CHoAAAAJ&citation_for_view=0497CHoAAAAJ:35N4QoGY0k4C",
      "authors": "R Waleffe, W Byeon, D Riach, B Norick, V Korthikanti, T Dao, A Gu, ...",
      "venue": "arXiv preprint arXiv:2406.07887, 2024",
      "year": 2024,
      "citations": 195
    },
    {
      "title": "Regiongpt: Towards region understanding vision language model",
      "url": "https://scholar.google.com/citations?view_op=view_citation&hl=en&user=0497CHoAAAAJ&citation_for_view=0497CHoAAAAJ:NaGl4SEjCO4C",
      "authors": "Q Guo, S De Mello, H Yin, W Byeon, KC Cheung, Y Yu, P Luo, S Liu",
      "venue": "Proceedings of the IEEE/CVF Conference on Computer Vision and Pattern …, 2024",
      "year": 2024,
      "citations": 97
    },
    {
      "title": "Mevg: Multi-event video generation with text-to-video models",
      "url": "https://scholar.google.com/citations?view_op=view_citation&hl=en&user=0497CHoAAAAJ&citation_for_view=0497CHoAAAAJ:2P1L_qKh6hAC",
      "authors": "G Oh, J Jeong, S Kim, W Byeon, J Kim, S Kim, S Kim",
      "venue": "European Conference on Computer Vision, 401-418, 2024",
      "year": 2024,
      "citations": 39
    },
    {
      "title": "Open-vocabulary panoptic segmentation with text-to-image diffusion models",
      "url": "https://scholar.google.com/citations?view_op=view_citation&hl=en&user=0497CHoAAAAJ&citation_for_view=0497CHoAAAAJ:k_IJM867U9cC",
      "authors": "J Xu, S Liu, A Vahdat, W Byeon, X Wang, S De Mello",
      "venue": "Proceedings of the IEEE/CVF conference on computer vision and pattern …, 2023",
      "year": 2023,
      "citations": 641
    },
    {
      "title": "The power of sound (tpos): Audio reactive video generation with stable diffusion",
      "url": "https://scholar.google.com/citations?view_op=view_citation&hl=en&user=0497CHoAAAAJ&citation_for_view=0497CHoAAAAJ:BqipwSGYUEgC",
      "authors": "Y Jeong, W Ryoo, S Lee, D Seo, W Byeon, S Kim, J Kim",
      "venue": "Proceedings of the IEEE/CVF International Conference on Computer Vision …, 2023",
      "year": 2023,
      "citations": 47
    },
    {
      "title": "Groupvit: Semantic segmentation emerges from text supervision",
      "url": "https://scholar.google.com/citations?view_op=view_citation&hl=en&user=0497CHoAAAAJ&citation_for_view=0497CHoAAAAJ:e5wmG9Sq2KIC",
      "authors": "J Xu, S De Mello, S Liu, W Byeon, T Breuel, J Kautz, X Wang",
      "venue": "Proceedings of the IEEE/CVF conference on computer vision and pattern …, 2022",
      "year": 2022,
      "citations": 747
    },
    {
      "title": "Sound-guided semantic image manipulation",
      "url": "https://scholar.google.com/citations?view_op=view_citation&hl=en&user=0497CHoAAAAJ&citation_for_view=0497CHoAAAAJ:hFOr9nPyWt4C",
      "authors": "SH Lee, W Roh, W Byeon, SH Yoon, C Kim, J Kim, S Kim",
      "venue": "Proceedings of the IEEE/CVF conference on computer vision and pattern …, 2022",
      "year": 2022,
      "citations": 356
    },
    {
      "title": "Sound-guided semantic video generation",
      "url": "https://scholar.google.com/citations?view_op=view_citation&hl=en&user=0497CHoAAAAJ&citation_for_view=0497CHoAAAAJ:RHpTSmoSYBkC",
      "authors": "SH Lee, G Oh, W Byeon, C Kim, WJ Ryoo, SH Yoon, H Cho, J Bae, J Kim, ...",
      "venue": "European Conference on Computer Vision, 34-50, 2022",
      "year": 2022,
      "citations": 327
    },
    {
      "title": "Future object trajectory predictions for autonomous machine applications",
      "url": "https://scholar.google.com/citations?view_op=view_citation&hl=en&user=0497CHoAAAAJ&citation_for_view=0497CHoAAAAJ:4DMP91E08xMC",
      "authors": "R Villegas, A Troccoli, I Frosio, S Tyree, W Byeon, J Kautz",
      "venue": "US Patent 11,514,293, 2022",
      "year": 2022,
      "citations": 57
    },
    {
      "title": "NVIDIA SimNet™: An AI-accelerated multi-physics simulation framework",
      "url": "https://scholar.google.com/citations?view_op=view_citation&hl=en&user=0497CHoAAAAJ&citation_for_view=0497CHoAAAAJ:QIV2ME_5wuYC",
      "authors": "O Hennigh, S Narasimhan, MA Nabian, A Subramaniam, K Tangsali, ...",
      "venue": "International conference on computational science, 447-461, 2021",
      "year": 2021,
      "citations": 371
    },
    {
      "title": "Weakly-supervised physically unconstrained gaze estimation",
      "url": "https://scholar.google.com/citations?view_op=view_citation&hl=en&user=0497CHoAAAAJ&citation_for_view=0497CHoAAAAJ:L8Ckcad2t8MC",
      "authors": "R Kothari, S De Mello, U Iqbal, W Byeon, S Park, J Kautz",
      "venue": "Proceedings of the IEEE/CVF conference on computer vision and pattern …, 2021",
      "year": 2021,
      "citations": 53
    },
    {
      "title": "Convolutional tensor-train LSTM for spatio-temporal learning",
      "url": "https://scholar.google.com/citations?view_op=view_citation&hl=en&user=0497CHoAAAAJ&citation_for_view=0497CHoAAAAJ:aqlVkmm33-oC",
      "authors": "J Su*, W Byeon*, J Kossaifi, F Huang, J Kautz, A Anandkumar",
      "venue": "Advances in Neural Information Processing Systems 33, 13714-13726, 2020",
      "year": 2020,
      "citations": 183
    },
    {
      "title": "Automated identification and deep classification of cut marks on bones and its paleoanthropological implications",
      "url": "https://scholar.google.com/citations?view_op=view_citation&hl=en&user=0497CHoAAAAJ&citation_for_view=0497CHoAAAAJ:_kc_bZDykSQC",
      "authors": "W Byeon, M Dominguez-Rodrigo, G Arampatzis, E Baquedano, ...",
      "venue": "Journal of Computational Science 32, 36-43, 2019",
      "year": 2019,
      "citations": 66
    },
    {
      "title": "Boosting segmentation with weak supervision from image-to-image translation",
      "url": "https://scholar.google.com/citations?view_op=view_citation&hl=en&user=0497CHoAAAAJ&citation_for_view=0497CHoAAAAJ:4TOpqqG69KYC",
      "authors": "E Vorontsov, P Molchanov, W Byeon, S De Mello, V Jampani, MY Liu, ...",
      "venue": "arXiv preprint arXiv:1904.01636 6, 2019",
      "year": 2019,
      "citations": 46
    },
    {
      "title": "Data-driven forecasting of high-dimensional chaotic systems with long short-term memory networks",
      "url": "https://scholar.google.com/citations?view_op=view_citation&hl=en&user=0497CHoAAAAJ&citation_for_view=0497CHoAAAAJ:8k81kl-MbHgC",
      "authors": "PR Vlachas, W Byeon, ZY Wan, TP Sapsis, P Koumoutsakos",
      "venue": "Proceedings of the Royal Society A: Mathematical, Physical and Engineering …, 2018",
      "year": 2018,
      "citations": 645
    },
    {
      "title": "ContextVP: Fully Context-Aware Video Prediction",
      "url": "https://scholar.google.com/citations?view_op=view_citation&hl=en&user=0497CHoAAAAJ&citation_for_view=0497CHoAAAAJ:ULOm3_A8WrAC",
      "authors": "W Byeon, Q Wang, RK Srivastava, P Koumoutsakos",
      "venue": "European Conference on Computer Vision, 1122-1126, 2018",
      "year": 2018,
      "citations": 200
    },
    {
      "title": "Scene Labeling with LSTM Recurrent Neural Networks",
      "url": "https://scholar.google.com/citations?view_op=view_citation&hl=en&user=0497CHoAAAAJ&citation_for_view=0497CHoAAAAJ:_FxGoFyzp5QC",
      "authors": "W Byeon, TM Breuel, F Raue, M Liwicki",
      "venue": "IEEE Conf. on Computer Vision and Pattern Recognition 3, 2015",
      "year": 2015,
      "citations": 524
    },
    {
      "title": "Parallel multi-dimensional LSTM, with application to fast biomedical volumetric image segmentation",
      "url": "https://scholar.google.com/citations?view_op=view_citation&hl=en&user=0497CHoAAAAJ&citation_for_view=0497CHoAAAAJ:d1gkVwhDpl0C",
      "authors": "MF Stollenga*, W Byeon*, M Liwicki, J Schmidhuber",
      "venue": "Advances in neural information processing systems, 2015",
      "year": 2015,
      "citations": 405
    },
    {
      "title": "Object recognition in multi-view dual energy x-ray images.",
      "url": "https://scholar.google.com/citations?view_op=view_citation&hl=en&user=0497CHoAAAAJ&citation_for_view=0497CHoAAAAJ:u-x6o8ySG0sC",
      "authors": "M Bastan, W Byeon, TM Breuel",
      "venue": "BMVC 1 (2), 11, 2013",
      "year": 2013,
      "citations": 91
    },
    {
      "title": "Hymba: A hybrid-head architecture for small language models",
      "url": "https://scholar.google.com/citations?view_op=view_citation&hl=en&user=0497CHoAAAAJ&citation_for_view=0497CHoAAAAJ:yD5IFk8b50cC",
      "authors": "X Dong, Y Fu, S Diao, W Byeon, Z Chen, AS Mahabaleshwarkar, SY Liu, ...",
      "venue": "The Thirteenth International Conference on Learning Representations, 0",
      "citations": 78
    }
  ],
  "co_authors": []
}