{
  "author_info": {
    "name": "Fanwen Wang",
    "affiliation": "Imperial College London",
    "email_verified": "Verified email at imperial.ac.uk",
    "interests": [
      "Medical imaging",
      "MRI reconstruction",
      "Image registration"
    ],
    "photo_url": "https://scholar.googleusercontent.com/citations?view_op=view_photo&user=-lT1KRoAAAAJ&citpid=2"
  },
  "citation_stats": {
    "citations_all": 268,
    "citations_since_2020": 267,
    "h_index_all": 9,
    "h_index_since_2020": 9,
    "i10_index_all": 8,
    "i10_index_since_2020": 8,
    "citation_graph": [
      {
        "year": 2022,
        "citations": 6
      },
      {
        "year": 2023,
        "citations": 16
      },
      {
        "year": 2024,
        "citations": 69
      },
      {
        "year": 2025,
        "citations": 159
      }
    ]
  },
  "papers": [
    {
      "title": "The state-of-the-art in cardiac mri reconstruction: Results of the cmrxrecon challenge in miccai 2023",
      "url": "https://scholar.google.com/citations?view_op=view_citation&hl=en&user=-lT1KRoAAAAJ&citation_for_view=-lT1KRoAAAAJ:7PzlFSSx8tAC",
      "authors": "J Lyu, C Qin, S Wang, F Wang, Y Li, Z Wang, K Guo, C Ouyang, M Tänzer, ...",
      "venue": "Medical Image Analysis 101, 103485, 2025",
      "year": 2025,
      "citations": 35
    },
    {
      "title": "Enhancing global sensitivity and uncertainty quantification in medical image reconstruction with Monte Carlo arbitrary-masked mamba",
      "url": "https://scholar.google.com/citations?view_op=view_citation&hl=en&user=-lT1KRoAAAAJ&citation_for_view=-lT1KRoAAAAJ:e5wmG9Sq2KIC",
      "authors": "J Huang, L Yang, F Wang, Y Wu, Y Nan, W Wu, C Wang, K Shi, ...",
      "venue": "Medical Image Analysis 99, 103334, 2025",
      "year": 2025,
      "citations": 30
    },
    {
      "title": "Cmrxrecon2024: A multimodality, multiview k-space dataset boosting universal machine learning for accelerated cardiac mri",
      "url": "https://scholar.google.com/citations?view_op=view_citation&hl=en&user=-lT1KRoAAAAJ&citation_for_view=-lT1KRoAAAAJ:hC7cP41nSMkC",
      "authors": "Z Wang, F Wang, C Qin, J Lyu, C Ouyang, S Wang, Y Li, M Yu, H Zhang, ...",
      "venue": "Radiology: Artificial Intelligence 7 (2), e240443, 2025",
      "year": 2025,
      "citations": 26
    },
    {
      "title": "Enhancing Diffusion-Weighted Images (DWI) for Diffusion MRI: Is it Enough without Non-Diffusion-Weighted B= 0 Reference?",
      "url": "https://scholar.google.com/citations?view_op=view_citation&hl=en&user=-lT1KRoAAAAJ&citation_for_view=-lT1KRoAAAAJ:isC4tDSrTZIC",
      "authors": "Y Wu, J Huang, F Wang, M Gao, C Liao, G Yang, K Setsompop",
      "venue": "2025 IEEE 22nd International Symposium on Biomedical Imaging (ISBI), 1-4, 2025",
      "year": 2025,
      "citations": 1
    },
    {
      "title": "Is fitting error a reliable metric for assessing deformable motion correction in quantitative MRI?",
      "url": "https://scholar.google.com/citations?view_op=view_citation&hl=en&user=-lT1KRoAAAAJ&citation_for_view=-lT1KRoAAAAJ:iH-uZ7U-co4C",
      "authors": "F Wang, K Wen, Y Luo, Y Wu, J Huang, DJ Pennell, PF Ferreira, AD Scott, ...",
      "venue": "2025 IEEE 22nd International Symposium on Biomedical Imaging (ISBI), 1-5, 2025",
      "year": 2025,
      "citations": 1
    },
    {
      "title": "Mambamir: An arbitrary-masked mamba for joint medical image reconstruction and uncertainty estimation",
      "url": "https://scholar.google.com/citations?view_op=view_citation&hl=en&user=-lT1KRoAAAAJ&citation_for_view=-lT1KRoAAAAJ:dhFuZR0502QC",
      "authors": "J Huang, L Yang, F Wang, Y Nan, AI Aviles-Rivero, CB Schönlieb, ...",
      "venue": "arXiv preprint arXiv:2402.18451, 2024",
      "year": 2024,
      "citations": 37
    },
    {
      "title": "CMRxRecon: A publicly available k-space dataset and benchmark to advance deep learning for cardiac MRI",
      "url": "https://scholar.google.com/citations?view_op=view_citation&hl=en&user=-lT1KRoAAAAJ&citation_for_view=-lT1KRoAAAAJ:mB3voiENLucC",
      "authors": "C Wang, J Lyu, S Wang, C Qin, K Guo, X Zhang, X Yu, Y Li, F Wang, J Jin, ...",
      "venue": "Scientific Data 11 (1), 687, 2024",
      "year": 2024,
      "citations": 24
    },
    {
      "title": "Data-and physics-driven deep learning based reconstruction for fast mri: Fundamentals and methodologies",
      "url": "https://scholar.google.com/citations?view_op=view_citation&hl=en&user=-lT1KRoAAAAJ&citation_for_view=-lT1KRoAAAAJ:hFOr9nPyWt4C",
      "authors": "J Huang, Y Wu, F Wang, Y Fang, Y Nan, C Alkan, D Abraham, C Liao, ...",
      "venue": "IEEE Reviews in Biomedical Engineering, 2024",
      "year": 2024,
      "citations": 16
    },
    {
      "title": "Groupwise deformable registration of diffusion tensor cardiovascular magnetic resonance: Disentangling diffusion contrast, respiratory and cardiac motions",
      "url": "https://scholar.google.com/citations?view_op=view_citation&hl=en&user=-lT1KRoAAAAJ&citation_for_view=-lT1KRoAAAAJ:HDshCWvjkbEC",
      "authors": "F Wang, Y Luo, K Wen, J Huang, PF Ferreira, Y Luo, Y Wu, C Munoz, ...",
      "venue": "International Conference on Medical Image Computing and Computer-Assisted …, 2024",
      "year": 2024,
      "citations": 4
    },
    {
      "title": "Explicit differentiable slicing and global deformation for cardiac mesh reconstruction",
      "url": "https://scholar.google.com/citations?view_op=view_citation&hl=en&user=-lT1KRoAAAAJ&citation_for_view=-lT1KRoAAAAJ:bEWYMUwI8FkC",
      "authors": "Y Luo, D Sesia, F Wang, Y Wu, W Ding, J Huang, F Shi, A Shah, A Kaural, ...",
      "venue": "arXiv preprint arXiv:2409.02070, 2024",
      "year": 2024,
      "citations": 4
    },
    {
      "title": "Low-rank based motion correction followed by automatic frame selection in dt-cmr",
      "url": "https://scholar.google.com/citations?view_op=view_citation&hl=en&user=-lT1KRoAAAAJ&citation_for_view=-lT1KRoAAAAJ:R3hNpaxXUhUC",
      "authors": "F Wang, PF Ferreira, C Munoz, K Wen, Y Luo, J Huang, Y Wu, DJ Pennell, ...",
      "venue": "arXiv preprint arXiv:2406.13708, 2024",
      "year": 2024,
      "citations": 3
    },
    {
      "title": "Data and physics driven deep learning models for fast MRI reconstruction: Fundamentals and methodologies. arXiv e-prints",
      "url": "https://scholar.google.com/citations?view_op=view_citation&hl=en&user=-lT1KRoAAAAJ&citation_for_view=-lT1KRoAAAAJ:8k81kl-MbHgC",
      "authors": "J Huang, Y Wu, F Wang, Y Fang, Y Nan, C Alkan, L Xu, Z Gao, W Wu, ...",
      "venue": "arXiv preprint arXiv:2401.16564, 2024",
      "year": 2024,
      "citations": 2
    },
    {
      "title": "High-resolution reference image assisted volumetric super-resolution of cardiac diffusion weighted imaging",
      "url": "https://scholar.google.com/citations?view_op=view_citation&hl=en&user=-lT1KRoAAAAJ&citation_for_view=-lT1KRoAAAAJ:TQgYirikUcIC",
      "authors": "Y Wu, J Huang, F Wang, P Ferreira, A Scott, S Nielles-Vallespin, G Yang",
      "venue": "Medical Imaging 2024: Image Processing 12926, 515-518, 2024",
      "year": 2024,
      "citations": 1
    },
    {
      "title": "Efficient post-processing of diffusion tensor cardiac magnetic imaging using texture-conserving deformable registration",
      "url": "https://scholar.google.com/citations?view_op=view_citation&hl=en&user=-lT1KRoAAAAJ&citation_for_view=-lT1KRoAAAAJ:Tyk-4Ss8FVUC",
      "authors": "F Wang, PF Ferreira, Y Wu, C Munoz, K Wen, Y Luo, J Huang, DJ Pennell, ...",
      "venue": "Medical Imaging 2024: Clinical and Biomedical Imaging 12930, 214-219, 2024",
      "year": 2024,
      "citations": 1
    },
    {
      "title": "CMRxRecon: an open cardiac MRI dataset for the competition of accelerated image reconstruction",
      "url": "https://scholar.google.com/citations?view_op=view_citation&hl=en&user=-lT1KRoAAAAJ&citation_for_view=-lT1KRoAAAAJ:9yKSN-GCB0IC",
      "authors": "C Wang, J Lyu, S Wang, C Qin, K Guo, X Zhang, X Yu, Y Li, F Wang, J Jin, ...",
      "venue": "arXiv preprint arXiv:2309.10836, 2023",
      "year": 2023,
      "citations": 47
    },
    {
      "title": "Multi-level temporal information sharing transformer-based feature reuse network for cardiac MRI reconstruction",
      "url": "https://scholar.google.com/citations?view_op=view_citation&hl=en&user=-lT1KRoAAAAJ&citation_for_view=-lT1KRoAAAAJ:3fE2CSJIrl8C",
      "authors": "G Wang, J Lyu, F Wang, C Wang, J Qin",
      "venue": "International Workshop on Statistical Atlases and Computational Models of …, 2023",
      "year": 2023,
      "citations": 2
    },
    {
      "title": "Multiple B-value model-based residual network (MORN) for accelerated high-resolution diffusion-weighted imaging",
      "url": "https://scholar.google.com/citations?view_op=view_citation&hl=en&user=-lT1KRoAAAAJ&citation_for_view=-lT1KRoAAAAJ:u-x6o8ySG0sC",
      "authors": "F Wang, H Zhang, F Dai, W Chen, S Xu, Z Yang, D Shen, C Wang, ...",
      "venue": "IEEE Journal of Biomedical and Health Informatics 26 (9), 4575-4586, 2022",
      "year": 2022,
      "citations": 9
    },
    {
      "title": "EPI phase error correction with deep learning (PEC‐DL) at 7 T",
      "url": "https://scholar.google.com/citations?view_op=view_citation&hl=en&user=-lT1KRoAAAAJ&citation_for_view=-lT1KRoAAAAJ:u5HHmVD_uO8C",
      "authors": "L Wang, C Wang, F Wang, Y Chu, Z Yang, H Wang",
      "venue": "Magnetic resonance in medicine 88 (4), 1775-1784, 2022",
      "year": 2022,
      "citations": 4
    },
    {
      "title": "Deep learning based multiplexed sensitivity-encoding (DL-MUSE) for high-resolution multi-shot DWI",
      "url": "https://scholar.google.com/citations?view_op=view_citation&hl=en&user=-lT1KRoAAAAJ&citation_for_view=-lT1KRoAAAAJ:2osOgNQ5qMEC",
      "authors": "H Zhang, C Wang, W Chen, F Wang, Z Yang, S Xu, H Wang",
      "venue": "NeuroImage 244, 118632, 2021",
      "year": 2021,
      "citations": 16
    },
    {
      "title": "MAGnitude-Image-to-Complex K-space (MAGIC-K) Net: A Data Augmentation Network for Image Reconstruction",
      "url": "https://scholar.google.com/citations?view_op=view_citation&hl=en&user=-lT1KRoAAAAJ&citation_for_view=-lT1KRoAAAAJ:d1gkVwhDpl0C",
      "authors": "F Wang, H Zhang, F Dai, W Chen, C Wang, H Wang",
      "venue": "Diagnostics 11 (10), 1935, 2021",
      "year": 2021,
      "citations": 2
    }
  ],
  "co_authors": []
}