{
  "author_info": {
    "name": "Stefanos Kollias",
    "affiliation": "Professor of Computer and Electricall Engineering National Technical University of Athens",
    "email_verified": "Verified email at cs.ntua.gr - Homepage",
    "website": "http://www.image.ntua.gr/",
    "interests": [
      "Machine Learning Neural Networks Intelligent Systems Multimedia Analysis Search Semantics Emotion Sentiment  Analysis HCI"
    ],
    "photo_url": "https://scholar.googleusercontent.com/citations?view_op=view_photo&user=-h2va3cAAAAJ&citpid=3"
  },
  "citation_stats": {
    "citations_all": 16283,
    "citations_since_2020": 5241,
    "h_index_all": 60,
    "h_index_since_2020": 35,
    "i10_index_all": 239,
    "i10_index_since_2020": 93,
    "citation_graph": [
      {
        "year": 1993,
        "citations": 45
      },
      {
        "year": 1994,
        "citations": 43
      },
      {
        "year": 1995,
        "citations": 34
      },
      {
        "year": 1996,
        "citations": 65
      },
      {
        "year": 1997,
        "citations": 55
      },
      {
        "year": 1998,
        "citations": 69
      },
      {
        "year": 1999,
        "citations": 121
      },
      {
        "year": 2000,
        "citations": 159
      },
      {
        "year": 2001,
        "citations": 166
      },
      {
        "year": 2002,
        "citations": 219
      },
      {
        "year": 2003,
        "citations": 245
      },
      {
        "year": 2004,
        "citations": 336
      },
      {
        "year": 2005,
        "citations": 351
      },
      {
        "year": 2006,
        "citations": 486
      },
      {
        "year": 2007,
        "citations": 511
      },
      {
        "year": 2008,
        "citations": 596
      },
      {
        "year": 2009,
        "citations": 617
      },
      {
        "year": 2010,
        "citations": 618
      },
      {
        "year": 2011,
        "citations": 691
      },
      {
        "year": 2012,
        "citations": 732
      },
      {
        "year": 2013,
        "citations": 834
      },
      {
        "year": 2014,
        "citations": 662
      },
      {
        "year": 2015,
        "citations": 704
      },
      {
        "year": 2016,
        "citations": 590
      },
      {
        "year": 2017,
        "citations": 535
      },
      {
        "year": 2018,
        "citations": 605
      },
      {
        "year": 2019,
        "citations": 588
      },
      {
        "year": 2020,
        "citations": 707
      },
      {
        "year": 2021,
        "citations": 794
      },
      {
        "year": 2022,
        "citations": 926
      },
      {
        "year": 2023,
        "citations": 873
      },
      {
        "year": 2024,
        "citations": 1059
      },
      {
        "year": 2025,
        "citations": 866
      }
    ]
  },
  "papers": [
    {
      "title": "Mia-cov19d: Covid-19 detection through 3-d chest ct image analysis",
      "url": "https://scholar.google.com/citations?view_op=view_citation&hl=en&user=-h2va3cAAAAJ&citation_for_view=-h2va3cAAAAJ:FsLZdJ3BAzkC",
      "authors": "D Kollias, A Arsenos, L Soukissian, S Kollias",
      "venue": "Proceedings of the IEEE/CVF International Conference on Computer Vision, 537-544, 2021",
      "year": 2021,
      "citations": 125
    },
    {
      "title": "Capsule routing via variational bayes",
      "url": "https://scholar.google.com/citations?view_op=view_citation&hl=en&user=-h2va3cAAAAJ&citation_for_view=-h2va3cAAAAJ:X0DADzN9RKwC",
      "authors": "FDS Ribeiro, G Leontidis, S Kollias",
      "venue": "Proceedings of the AAAI Conference on Artificial Intelligence 34 (04), 3749-3756, 2020",
      "year": 2020,
      "citations": 127
    },
    {
      "title": "Using deep learning to predict plant growth and yield in greenhouse environments",
      "url": "https://scholar.google.com/citations?view_op=view_citation&hl=en&user=-h2va3cAAAAJ&citation_for_view=-h2va3cAAAAJ:nqdriD65xNoC",
      "authors": "B Alhnaity, S Pearson, G Leontidis, S Kollias",
      "venue": "International Symposium on Advanced Technologies and Management for …, 2019",
      "year": 2019,
      "citations": 137
    },
    {
      "title": "Deep neural architectures for prediction in healthcare",
      "url": "https://scholar.google.com/citations?view_op=view_citation&hl=en&user=-h2va3cAAAAJ&citation_for_view=-h2va3cAAAAJ:hSRAE-fF4OAC",
      "authors": "D Kollias, A Tagaris, A Stafylopatis, S Kollias, G Tagaris",
      "venue": "Complex & Intelligent Systems 4 (2), 119-131, 2018",
      "year": 2018,
      "citations": 220
    },
    {
      "title": "Estimation of behavioral user state based on eye gaze and head pose—application in an e-learning environment",
      "url": "https://scholar.google.com/citations?view_op=view_citation&hl=en&user=-h2va3cAAAAJ&citation_for_view=-h2va3cAAAAJ:W7OEmFMy1HYC",
      "authors": "S Asteriadis, P Tzouveli, K Karpouzis, S Kollias",
      "venue": "Multimedia Tools and Applications 41 (3), 469-493, 2009",
      "year": 2009,
      "citations": 250
    },
    {
      "title": "Dense saliency-based spatiotemporal feature points for action recognition",
      "url": "https://scholar.google.com/citations?view_op=view_citation&hl=en&user=-h2va3cAAAAJ&citation_for_view=-h2va3cAAAAJ:F2UWTTQJPOcC",
      "authors": "K Rapantzikos, Y Avrithis, S Kollias",
      "venue": "2009 IEEE Conference on Computer Vision and Pattern Recognition, 1454-1461, 2009",
      "year": 2009,
      "citations": 225
    },
    {
      "title": "Semantic image segmentation and object labeling",
      "url": "https://scholar.google.com/citations?view_op=view_citation&hl=en&user=-h2va3cAAAAJ&citation_for_view=-h2va3cAAAAJ:zYLM7Y9cAGgC",
      "authors": "T Athanasiadis, P Mylonas, Y Avrithis, S Kollias",
      "venue": "IEEE transactions on circuits and systems for video technology 17 (3), 298-312, 2007",
      "year": 2007,
      "citations": 302
    },
    {
      "title": "Uncertainty and the semantic web",
      "url": "https://scholar.google.com/citations?view_op=view_citation&hl=en&user=-h2va3cAAAAJ&citation_for_view=-h2va3cAAAAJ:2osOgNQ5qMEC",
      "authors": "G Stoilos, N Simou, G Stamou, S Kollias",
      "venue": "IEEE Intelligent Systems 21 (5), 84-87, 2006",
      "year": 2006,
      "citations": 192
    },
    {
      "title": "A string metric for ontology alignment",
      "url": "https://scholar.google.com/citations?view_op=view_citation&hl=en&user=-h2va3cAAAAJ&citation_for_view=-h2va3cAAAAJ:u-x6o8ySG0sC",
      "authors": "G Stoilos, G Stamou, S Kollias",
      "venue": "International semantic web conference, 624-637, 2005",
      "year": 2005,
      "citations": 649
    },
    {
      "title": "Emotion recognition through facial expression analysis based on a neurofuzzy network",
      "url": "https://scholar.google.com/citations?view_op=view_citation&hl=en&user=-h2va3cAAAAJ&citation_for_view=-h2va3cAAAAJ:9yKSN-GCB0IC",
      "authors": "SV Ioannou, AT Raouzaiou, VA Tzouvaras, TP Mailis, KC Karpouzis, ...",
      "venue": "Neural Networks 18 (4), 423-435, 2005",
      "year": 2005,
      "citations": 364
    },
    {
      "title": "Emotion analysis in man-machine interaction systems",
      "url": "https://scholar.google.com/citations?view_op=view_citation&hl=en&user=-h2va3cAAAAJ&citation_for_view=-h2va3cAAAAJ:YsMSGLbcyi4C",
      "authors": "T Balomenos, A Raouzaiou, S Ioannou, A Drosopoulos, K Karpouzis, ...",
      "venue": "International workshop on machine learning for multimodal interaction, 318-328, 2004",
      "year": 2004,
      "citations": 184
    },
    {
      "title": "An adaptable neural-network model for recursive nonlinear traffic prediction and modeling of MPEG video sources",
      "url": "https://scholar.google.com/citations?view_op=view_citation&hl=en&user=-h2va3cAAAAJ&citation_for_view=-h2va3cAAAAJ:WF5omc3nYNoC",
      "authors": "AD Doulamis, ND Doulamis, SD Kollias",
      "venue": "IEEE Transactions on Neural Networks 14 (1), 150-166, 2003",
      "year": 2003,
      "citations": 134
    },
    {
      "title": "An adaptive least squares algorithm for the efficient training of artificial neural networks",
      "url": "https://scholar.google.com/citations?view_op=view_citation&hl=en&user=-h2va3cAAAAJ&citation_for_view=-h2va3cAAAAJ:d1gkVwhDpl0C",
      "authors": "S Kollias, D Anastassiou",
      "venue": "IEEE transactions on Circuits and Systems 36 (8), 1092-1101, 2002",
      "year": 2002,
      "citations": 301
    },
    {
      "title": "Parameterized facial expression synthesis based on MPEG-4",
      "url": "https://scholar.google.com/citations?view_op=view_citation&hl=en&user=-h2va3cAAAAJ&citation_for_view=-h2va3cAAAAJ:qjMakFHDy7sC",
      "authors": "A Raouzaiou, N Tsapatsoulis, K Karpouzis, S Kollias",
      "venue": "EURASIP Journal on Advances in Signal Processing 2002 (10), 521048, 2002",
      "year": 2002,
      "citations": 170
    },
    {
      "title": "Efficient summarization of stereoscopic video sequences",
      "url": "https://scholar.google.com/citations?view_op=view_citation&hl=en&user=-h2va3cAAAAJ&citation_for_view=-h2va3cAAAAJ:Y0pCki6q_DkC",
      "authors": "ND Doulamis, AD Doulamis, YS Avrithis, KS Ntalianis, SD Kollias",
      "venue": "IEEE Transactions on Circuits and Systems for Video Technology 10 (4), 501-517, 2002",
      "year": 2002,
      "citations": 134
    },
    {
      "title": "Low bit-rate coding of image sequences using adaptive regions of interest",
      "url": "https://scholar.google.com/citations?view_op=view_citation&hl=en&user=-h2va3cAAAAJ&citation_for_view=-h2va3cAAAAJ:UeHWp8X0CEIC",
      "authors": "N Doulamis, A Doulamis, D Kalogeras, S Kollias",
      "venue": "IEEE transactions on circuits and systems for video technology 8 (8), 928-934, 2002",
      "year": 2002,
      "citations": 134
    },
    {
      "title": "Emotion recognition in human-computer interaction",
      "url": "https://scholar.google.com/citations?view_op=view_citation&hl=en&user=-h2va3cAAAAJ&citation_for_view=-h2va3cAAAAJ:u5HHmVD_uO8C",
      "authors": "R Cowie, E Douglas-Cowie, N Tsapatsoulis, G Votsis, S Kollias, ...",
      "venue": "IEEE Signal processing magazine 18 (1), 32-80, 2001",
      "year": 2001,
      "citations": 3521
    },
    {
      "title": "A fuzzy video content representation for video summarization and content-based retrieval",
      "url": "https://scholar.google.com/citations?view_op=view_citation&hl=en&user=-h2va3cAAAAJ&citation_for_view=-h2va3cAAAAJ:IjCSPb-OGe4C",
      "authors": "AD Doulamis, ND Doulamis, SD Kollias",
      "venue": "Signal processing 80 (6), 1049-1067, 2000",
      "year": 2000,
      "citations": 163
    },
    {
      "title": "On-line retrainable neural networks: improving the performance of neural networks in image analysis problems",
      "url": "https://scholar.google.com/citations?view_op=view_citation&hl=en&user=-h2va3cAAAAJ&citation_for_view=-h2va3cAAAAJ:Tyk-4Ss8FVUC",
      "authors": "AD Doulamis, ND Doulamis, SD Kollias",
      "venue": "IEEE Transactions on neural networks 11 (1), 137-155, 2000",
      "year": 2000,
      "citations": 149
    },
    {
      "title": "A stochastic framework for optimal key frame extraction from MPEG video databases",
      "url": "https://scholar.google.com/citations?view_op=view_citation&hl=en&user=-h2va3cAAAAJ&citation_for_view=-h2va3cAAAAJ:eQOLeE2rZwMC",
      "authors": "YS Avrithis, AD Doulamis, ND Doulamis, SD Kollias",
      "venue": "Computer Vision and Image Understanding 75 (1-2), 3-24, 1999",
      "year": 1999,
      "citations": 144
    }
  ],
  "co_authors": []
}