{
  "author_info": {
    "name": "Yanning Zhang",
    "affiliation": "Northwestern Polytechnical University",
    "email_verified": "Verified email at nwpu.edu.cn",
    "interests": [
      "Computer Vision"
    ],
    "photo_url": "/citations/images/avatar_scholar_128.png"
  },
  "citation_stats": {
    "citations_all": 17051,
    "citations_since_2020": 14277,
    "h_index_all": 66,
    "h_index_since_2020": 59,
    "i10_index_all": 259,
    "i10_index_since_2020": 230,
    "citation_graph": [
      {
        "year": 2011,
        "citations": 43
      },
      {
        "year": 2012,
        "citations": 97
      },
      {
        "year": 2013,
        "citations": 126
      },
      {
        "year": 2014,
        "citations": 169
      },
      {
        "year": 2015,
        "citations": 279
      },
      {
        "year": 2016,
        "citations": 310
      },
      {
        "year": 2017,
        "citations": 355
      },
      {
        "year": 2018,
        "citations": 548
      },
      {
        "year": 2019,
        "citations": 697
      },
      {
        "year": 2020,
        "citations": 1051
      },
      {
        "year": 2021,
        "citations": 1546
      },
      {
        "year": 2022,
        "citations": 2124
      },
      {
        "year": 2023,
        "citations": 2495
      },
      {
        "year": 2024,
        "citations": 3477
      },
      {
        "year": 2025,
        "citations": 3542
      }
    ]
  },
  "papers": [
    {
      "title": "Vadclip: Adapting vision-language models for weakly supervised video anomaly detection",
      "url": "https://scholar.google.com/citations?view_op=view_citation&hl=en&user=-wzlS7QAAAAJ&citation_for_view=-wzlS7QAAAAJ:MnogvFdIBdwC",
      "authors": "P Wu, X Zhou, G Pang, L Zhou, Q Yan, P Wang, Y Zhang",
      "venue": "Proceedings of the AAAI Conference on Artificial Intelligence 38 (6), 6074-6082, 2024",
      "year": 2024,
      "citations": 192
    },
    {
      "title": "3D registration with maximal cliques",
      "url": "https://scholar.google.com/citations?view_op=view_citation&hl=en&user=-wzlS7QAAAAJ&citation_for_view=-wzlS7QAAAAJ:hrkNWuzUpWwC",
      "authors": "X Zhang, J Yang, S Zhang, Y Zhang",
      "venue": "Proceedings of the IEEE/CVF conference on computer vision and pattern …, 2023",
      "year": 2023,
      "citations": 226
    },
    {
      "title": "Blindly assess image quality in the wild guided by a self-adaptive hyper network",
      "url": "https://scholar.google.com/citations?view_op=view_citation&hl=en&user=-wzlS7QAAAAJ&citation_for_view=-wzlS7QAAAAJ:RJNGbXJAtMsC",
      "authors": "S Su, Q Yan, Y Zhu, C Zhang, X Ge, J Sun, Y Zhang",
      "venue": "Proceedings of the IEEE/CVF conference on computer vision and pattern …, 2020",
      "year": 2020,
      "citations": 987
    },
    {
      "title": "NAS-FCOS: Fast neural architecture search for object detection",
      "url": "https://scholar.google.com/citations?view_op=view_citation&hl=en&user=-wzlS7QAAAAJ&citation_for_view=-wzlS7QAAAAJ:h-xndbdg2koC",
      "authors": "N Wang, Y Gao, H Chen, P Wang, Z Tian, C Shen, Y Zhang",
      "venue": "proceedings of the IEEE/CVF conference on computer vision and pattern …, 2020",
      "year": 2020,
      "citations": 311
    },
    {
      "title": "Deep HDR imaging via a non-local network",
      "url": "https://scholar.google.com/citations?view_op=view_citation&hl=en&user=-wzlS7QAAAAJ&citation_for_view=-wzlS7QAAAAJ:aNch6Af-aFkC",
      "authors": "Q Yan, L Zhang, Y Liu, Y Zhu, J Sun, Q Shi, Y Zhang",
      "venue": "IEEE Transactions on Image Processing 29, 4308-4322, 2020",
      "year": 2020,
      "citations": 268
    },
    {
      "title": "A robust attentional framework for license plate recognition in the wild",
      "url": "https://scholar.google.com/citations?view_op=view_citation&hl=en&user=-wzlS7QAAAAJ&citation_for_view=-wzlS7QAAAAJ:7XUxBq3GufIC",
      "authors": "L Zhang, P Wang, H Li, Z Li, C Shen, Y Zhang",
      "venue": "IEEE Transactions on Intelligent Transportation Systems 22 (11), 6967-6976, 2020",
      "year": 2020,
      "citations": 159
    },
    {
      "title": "Task offloading in vehicular edge computing networks: A load-balancing solution",
      "url": "https://scholar.google.com/citations?view_op=view_citation&hl=en&user=-wzlS7QAAAAJ&citation_for_view=-wzlS7QAAAAJ:IvSMUa3B7yYC",
      "authors": "J Zhang, H Guo, J Liu, Y Zhang",
      "venue": "IEEE Transactions on Vehicular Technology 69 (2), 2092-2104, 2019",
      "year": 2019,
      "citations": 469
    },
    {
      "title": "Attention-guided network for ghost-free high dynamic range imaging",
      "url": "https://scholar.google.com/citations?view_op=view_citation&hl=en&user=-wzlS7QAAAAJ&citation_for_view=-wzlS7QAAAAJ:43LB_KcVqeAC",
      "authors": "Q Yan, D Gong, Q Shi, A Hengel, C Shen, I Reid, Y Zhang",
      "venue": "Proceedings of the IEEE/CVF Conference on Computer Vision and Pattern …, 2019",
      "year": 2019,
      "citations": 391
    },
    {
      "title": "Smart and resilient EV charging in SDN-enhanced vehicular edge computing networks",
      "url": "https://scholar.google.com/citations?view_op=view_citation&hl=en&user=-wzlS7QAAAAJ&citation_for_view=-wzlS7QAAAAJ:10A3hb2jUxYC",
      "authors": "J Liu, H Guo, J Xiong, N Kato, J Zhang, Y Zhang",
      "venue": "IEEE Journal on Selected Areas in Communications 38 (1), 217-228, 2019",
      "year": 2019,
      "citations": 186
    },
    {
      "title": "Automobile driver fingerprinting: A new machine learning based authentication scheme",
      "url": "https://scholar.google.com/citations?view_op=view_citation&hl=en&user=-wzlS7QAAAAJ&citation_for_view=-wzlS7QAAAAJ:Zbx7W2Xs4QsC",
      "authors": "Y Xun, J Liu, N Kato, Y Fang, Y Zhang",
      "venue": "IEEE Transactions on Industrial Informatics 16 (2), 1417-1426, 2019",
      "year": 2019,
      "citations": 158
    },
    {
      "title": "Significantly fast and robust fuzzy c-means clustering algorithm based on morphological reconstruction and membership filtering",
      "url": "https://scholar.google.com/citations?view_op=view_citation&hl=en&user=-wzlS7QAAAAJ&citation_for_view=-wzlS7QAAAAJ:s1ouQE5r0WUC",
      "authors": "T Lei, X Jia, Y Zhang, L He, H Meng, AK Nandi",
      "venue": "IEEE Transactions on Fuzzy Systems 26 (5), 3027-3041, 2018",
      "year": 2018,
      "citations": 541
    },
    {
      "title": "Superpixel-based fast fuzzy C-means clustering for color image segmentation",
      "url": "https://scholar.google.com/citations?view_op=view_citation&hl=en&user=-wzlS7QAAAAJ&citation_for_view=-wzlS7QAAAAJ:ZqLB7dQ1iF4C",
      "authors": "T Lei, X Jia, Y Zhang, S Liu, H Meng, AK Nandi",
      "venue": "IEEE Transactions on Fuzzy Systems 27 (9), 1753-1766, 2018",
      "year": 2018,
      "citations": 407
    },
    {
      "title": "Two-stream convolutional networks for blind image quality assessment",
      "url": "https://scholar.google.com/citations?view_op=view_citation&hl=en&user=-wzlS7QAAAAJ&citation_for_view=-wzlS7QAAAAJ:t9Ks5LMjN0QC",
      "authors": "Q Yan, D Gong, Y Zhang",
      "venue": "IEEE Transactions on Image Processing 28 (5), 2200-2211, 2018",
      "year": 2018,
      "citations": 199
    },
    {
      "title": "Skeleton-based action recognition with gated convolutional neural networks",
      "url": "https://scholar.google.com/citations?view_op=view_citation&hl=en&user=-wzlS7QAAAAJ&citation_for_view=-wzlS7QAAAAJ:-38epGy1wY0C",
      "authors": "C Cao, C Lan, Y Zhang, W Zeng, H Lu, Y Zhang",
      "venue": "IEEE Transactions on Circuits and Systems for Video Technology 29 (11), 3247 …, 2018",
      "year": 2018,
      "citations": 164
    },
    {
      "title": "Single hyperspectral image super-resolution with grouped deep recursive residual network",
      "url": "https://scholar.google.com/citations?view_op=view_citation&hl=en&user=-wzlS7QAAAAJ&citation_for_view=-wzlS7QAAAAJ:9tXw7Op4-u0C",
      "authors": "Y Li, L Zhang, C Dingl, W Wei, Y Zhang",
      "venue": "2018 IEEE Fourth International Conference on Multimedia Big Data (BigMM), 1-4, 2018",
      "year": 2018,
      "citations": 159
    },
    {
      "title": "From motion blur to motion flow: A deep learning solution for removing heterogeneous motion blur",
      "url": "https://scholar.google.com/citations?view_op=view_citation&hl=en&user=-wzlS7QAAAAJ&citation_for_view=-wzlS7QAAAAJ:w7CBUyPWg-0C",
      "authors": "D Gong, J Yang, L Liu, Y Zhang, I Reid, C Shen, A Van Den Hengel, Q Shi",
      "venue": "Proceedings of the IEEE conference on computer vision and pattern …, 2017",
      "year": 2017,
      "citations": 521
    },
    {
      "title": "Hybrid deep neural network--hidden markov model (dnn-hmm) based speech emotion recognition",
      "url": "https://scholar.google.com/citations?view_op=view_citation&hl=en&user=-wzlS7QAAAAJ&citation_for_view=-wzlS7QAAAAJ:4tNoA7Af41QC",
      "authors": "L Li, Y Zhao, D Jiang, Y Zhang, F Wang, I Gonzalez, E Valentin, H Sahli",
      "venue": "2013 Humaine association conference on affective computing and intelligent …, 2013",
      "year": 2013,
      "citations": 251
    },
    {
      "title": "Part-based visual tracking with online latent structural learning",
      "url": "https://scholar.google.com/citations?view_op=view_citation&hl=en&user=-wzlS7QAAAAJ&citation_for_view=-wzlS7QAAAAJ:Ei5r6KrKXVQC",
      "authors": "R Yao, Q Shi, C Shen, Y Zhang, A Van Den Hengel",
      "venue": "Proceedings of the IEEE conference on computer vision and pattern …, 2013",
      "year": 2013,
      "citations": 240
    },
    {
      "title": "Multi-image blind deblurring using a coupled adaptive sparse prior",
      "url": "https://scholar.google.com/citations?view_op=view_citation&hl=en&user=-wzlS7QAAAAJ&citation_for_view=-wzlS7QAAAAJ:anDooRL1HQEC",
      "authors": "H Zhang, D Wipf, Y Zhang",
      "venue": "Proceedings of the IEEE Conference on Computer Vision and Pattern …, 2013",
      "year": 2013,
      "citations": 209
    },
    {
      "title": "Close the loop: Joint blind image restoration and recognition with sparse representation prior",
      "url": "https://scholar.google.com/citations?view_op=view_citation&hl=en&user=-wzlS7QAAAAJ&citation_for_view=-wzlS7QAAAAJ:WM2K3OHRCGMC",
      "authors": "H Zhang, J Yang, Y Zhang, NM Nasrabadi, TS Huang",
      "venue": "2011 International Conference on Computer Vision, 770-777, 2011",
      "year": 2011,
      "citations": 211
    }
  ],
  "co_authors": []
}