{
  "author_info": {
    "name": "Huayu Chen",
    "affiliation": "Tsinghua University",
    "email_verified": "Verified email at mails.tsinghua.edu.cn - Homepage",
    "website": "http://chendrag.github.io/",
    "interests": [
      "Reinforcement Learning",
      "Deep Generative Models",
      "Machine Learning"
    ],
    "photo_url": "https://scholar.googleusercontent.com/citations?view_op=view_photo&user=0FBCHc4AAAAJ&citpid=1"
  },
  "citation_stats": {
    "citations_all": 1598,
    "citations_since_2020": 1595,
    "h_index_all": 13,
    "h_index_since_2020": 13,
    "i10_index_all": 16,
    "i10_index_since_2020": 16,
    "citation_graph": [
      {
        "year": 2021,
        "citations": 16
      },
      {
        "year": 2022,
        "citations": 49
      },
      {
        "year": 2023,
        "citations": 107
      },
      {
        "year": 2024,
        "citations": 259
      },
      {
        "year": 2025,
        "citations": 1158
      }
    ]
  },
  "papers": [
    {
      "title": "Process reinforcement through implicit rewards",
      "url": "https://scholar.google.com/citations?view_op=view_citation&hl=en&user=0FBCHc4AAAAJ&citation_for_view=0FBCHc4AAAAJ:8k81kl-MbHgC",
      "authors": "G Cui, L Yuan, Z Wang, H Wang, Y Zhang, J Chen, W Li, B He, Y Fan, ...",
      "venue": "arXiv preprint arXiv:2502.01456, 2025",
      "year": 2025,
      "citations": 178
    },
    {
      "title": "The entropy mechanism of reinforcement learning for reasoning language models",
      "url": "https://scholar.google.com/citations?view_op=view_citation&hl=en&user=0FBCHc4AAAAJ&citation_for_view=0FBCHc4AAAAJ:YOwf2qJgpHMC",
      "authors": "G Cui, Y Zhang, J Chen, L Yuan, Z Wang, Y Zuo, H Li, Y Fan, H Chen, ...",
      "venue": "arXiv preprint arXiv:2505.22617, 2025",
      "year": 2025,
      "citations": 125
    },
    {
      "title": "Cosmos-reason1: From physical common sense to embodied reasoning",
      "url": "https://scholar.google.com/citations?view_op=view_citation&hl=en&user=0FBCHc4AAAAJ&citation_for_view=0FBCHc4AAAAJ:KlAtU1dfN6UC",
      "authors": "A Azzolini, J Bai, H Brandon, J Cao, P Chattopadhyay, H Chen, J Chu, ...",
      "venue": "arXiv preprint arXiv:2503.15558, 2025",
      "year": 2025,
      "citations": 42
    },
    {
      "title": "A survey of reinforcement learning for large reasoning models",
      "url": "https://scholar.google.com/citations?view_op=view_citation&hl=en&user=0FBCHc4AAAAJ&citation_for_view=0FBCHc4AAAAJ:M3ejUd6NZC8C",
      "authors": "K Zhang, Y Zuo, B He, Y Sun, R Liu, C Jiang, Y Fan, K Tian, G Jia, P Li, ...",
      "venue": "arXiv preprint arXiv:2509.08827, 2025",
      "year": 2025,
      "citations": 33
    },
    {
      "title": "Bridging supervised learning and reinforcement learning in math reasoning",
      "url": "https://scholar.google.com/citations?view_op=view_citation&hl=en&user=0FBCHc4AAAAJ&citation_for_view=0FBCHc4AAAAJ:Zph67rFs4hoC",
      "authors": "H Chen, K Zheng, Q Zhang, G Cui, Y Cui, H Ye, TY Lin, MY Liu, J Zhu, ...",
      "venue": "arXiv preprint arXiv:2505.18116, 2025",
      "year": 2025,
      "citations": 12
    },
    {
      "title": "Direct Discriminative Optimization: Your Likelihood-Based Visual Generative Model is Secretly a GAN Discriminator",
      "url": "https://scholar.google.com/citations?view_op=view_citation&hl=en&user=0FBCHc4AAAAJ&citation_for_view=0FBCHc4AAAAJ:kNdYIx-mwKoC",
      "authors": "K Zheng, Y Chen, H Chen, G He, MY Liu, J Zhu, Q Zhang",
      "venue": "International Conference on Machine Learning (ICML), 2025",
      "year": 2025,
      "citations": 11
    },
    {
      "title": "DiffusionNFT: Online Diffusion Reinforcement with Forward Process",
      "url": "https://scholar.google.com/citations?view_op=view_citation&hl=en&user=0FBCHc4AAAAJ&citation_for_view=0FBCHc4AAAAJ:4TOpqqG69KYC",
      "authors": "K Zheng*, H Chen*, H Ye, H Wang, Q Zhang, K Jiang, H Su, S Ermon, ...",
      "venue": "arXiv preprint arXiv:2509.16117, 2025",
      "year": 2025,
      "citations": 3
    },
    {
      "title": "Visual Generation Without Guidance",
      "url": "https://scholar.google.com/citations?view_op=view_citation&hl=en&user=0FBCHc4AAAAJ&citation_for_view=0FBCHc4AAAAJ:MXK_kJrjxJIC",
      "authors": "H Chen*, K Jiang*, K Zheng, J Chen, H Su, J Zhu",
      "venue": "International Conference on Machine Learning (ICML), 2025",
      "year": 2025,
      "citations": 3
    },
    {
      "title": "Rdt-1b: a diffusion foundation model for bimanual manipulation",
      "url": "https://scholar.google.com/citations?view_op=view_citation&hl=en&user=0FBCHc4AAAAJ&citation_for_view=0FBCHc4AAAAJ:0EnyYjriUFMC",
      "authors": "S Liu, L Wu, B Li, H Tan, H Chen, Z Wang, K Xu, H Su, J Zhu",
      "venue": "International Conference on Learning Representations (ICLR), 2024",
      "year": 2024,
      "citations": 303
    },
    {
      "title": "Free process rewards without process labels",
      "url": "https://scholar.google.com/citations?view_op=view_citation&hl=en&user=0FBCHc4AAAAJ&citation_for_view=0FBCHc4AAAAJ:5nxA0vEk-isC",
      "authors": "L Yuan, W Li, H Chen, G Cui, N Ding, K Zhang, B Zhou, Z Liu, H Peng",
      "venue": "International Conference on Machine Learning (ICML), 2024",
      "year": 2024,
      "citations": 82
    },
    {
      "title": "Noise contrastive alignment of language models with explicit rewards",
      "url": "https://scholar.google.com/citations?view_op=view_citation&hl=en&user=0FBCHc4AAAAJ&citation_for_view=0FBCHc4AAAAJ:_FxGoFyzp5QC",
      "authors": "H Chen, G He, L Yuan, G Cui, H Su, J Zhu",
      "venue": "The Annual Conference on Neural Information Processing Systems (NeurIPS), 2024",
      "year": 2024,
      "citations": 71
    },
    {
      "title": "Toward Guidance-Free AR Visual Generation via Condition Contrastive Alignment",
      "url": "https://scholar.google.com/citations?view_op=view_citation&hl=en&user=0FBCHc4AAAAJ&citation_for_view=0FBCHc4AAAAJ:hqOjcs7Dif8C",
      "authors": "H Chen, H Su, P Sun, J Zhu",
      "venue": "International Conference on Learning Representations (ICLR), 2024",
      "year": 2024,
      "citations": 10
    },
    {
      "title": "Aligning Diffusion Behaviors with Q-functions for Efficient Continuous Control",
      "url": "https://scholar.google.com/citations?view_op=view_citation&hl=en&user=0FBCHc4AAAAJ&citation_for_view=0FBCHc4AAAAJ:UebtZRa9Y70C",
      "authors": "H Chen, K Zheng, H Su, J Zhu",
      "venue": "The Annual Conference on Neural Information Processing Systems (NeurIPS), 2024",
      "year": 2024,
      "citations": 8
    },
    {
      "title": "C-GAIL: Stabilizing Generative Adversarial Imitation Learning with Control Theory",
      "url": "https://scholar.google.com/citations?view_op=view_citation&hl=en&user=0FBCHc4AAAAJ&citation_for_view=0FBCHc4AAAAJ:LkGwnXOMwfcC",
      "authors": "T Luo, T Pearce, H Chen, J Chen, J Zhu",
      "venue": "The Annual Conference on Neural Information Processing Systems (NeurIPS), 2024",
      "year": 2024,
      "citations": 6
    },
    {
      "title": "Contrastive Energy Prediction for Exact Energy-Guided Diffusion Sampling in Offline Reinforcement Learning",
      "url": "https://scholar.google.com/citations?view_op=view_citation&hl=en&user=0FBCHc4AAAAJ&citation_for_view=0FBCHc4AAAAJ:WF5omc3nYNoC",
      "authors": "C Lu*, H Chen*, J Chen, H Su, C Li, J Zhu",
      "venue": "International Conference on Machine Learning (ICML), 2023",
      "year": 2023,
      "citations": 122
    },
    {
      "title": "Score Regularized Policy Optimization through Diffusion Behavior",
      "url": "https://scholar.google.com/citations?view_op=view_citation&hl=en&user=0FBCHc4AAAAJ&citation_for_view=0FBCHc4AAAAJ:ufrVoPGSRksC",
      "authors": "H Chen, C Lu, Z Wang, H Su, J Zhu",
      "venue": "The Twelfth International Conference on Learning Representations (ICLR), 2023",
      "year": 2023,
      "citations": 40
    },
    {
      "title": "Tianshou: A highly modularized deep reinforcement learning library",
      "url": "https://scholar.google.com/citations?view_op=view_citation&hl=en&user=0FBCHc4AAAAJ&citation_for_view=0FBCHc4AAAAJ:qjMakFHDy7sC",
      "authors": "J Weng*, H Chen*, D Yan, K You, A Duburcq, M Zhang, H Su, J Zhu",
      "venue": "Journal of Machine Learning Research 23 (267), 2022",
      "year": 2022,
      "citations": 332
    },
    {
      "title": "Offline reinforcement learning via high-fidelity generative behavior modeling",
      "url": "https://scholar.google.com/citations?view_op=view_citation&hl=en&user=0FBCHc4AAAAJ&citation_for_view=0FBCHc4AAAAJ:9yKSN-GCB0IC",
      "authors": "H Chen, C Lu, C Ying, H Su, J Zhu",
      "venue": "The Eleventh International Conference on Learning Representations (ICLR), 2022",
      "year": 2022,
      "citations": 170
    },
    {
      "title": "Process reinforcement through implicit rewards, 2025",
      "url": "https://scholar.google.com/citations?view_op=view_citation&hl=en&user=0FBCHc4AAAAJ&citation_for_view=0FBCHc4AAAAJ:qxL8FJ1GzNcC",
      "authors": "G Cui, L Yuan, Z Wang, H Wang, W Li, B He, Y Fan, T Yu, Q Xu, W Chen, ...",
      "venue": "URL https://arxiv. org/abs/2502.01456, 0",
      "citations": 22
    },
    {
      "title": "The entropy mechanism of reinforcement learning for reasoning language models, 2025",
      "url": "https://scholar.google.com/citations?view_op=view_citation&hl=en&user=0FBCHc4AAAAJ&citation_for_view=0FBCHc4AAAAJ:4DMP91E08xMC",
      "authors": "G Cui, Y Zhang, J Chen, L Yuan, Z Wang, Y Zuo, H Li, Y Fan, H Chen, ...",
      "venue": "URL https://arxiv. org/abs/2505.22617, 0",
      "citations": 21
    }
  ],
  "co_authors": [
    {
      "name": "Jun Zhu",
      "scholar_id": "axsP38wAAAAJ",
      "url": "https://scholar.google.com/citations?user=axsP38wAAAAJ"
    },
    {
      "name": "Hang Su",
      "scholar_id": "dxN1_X0AAAAJ",
      "url": "https://scholar.google.com/citations?user=dxN1_X0AAAAJ"
    },
    {
      "name": "Ganqu Cui",
      "scholar_id": "3IVSzZgAAAAJ",
      "url": "https://scholar.google.com/citations?user=3IVSzZgAAAAJ"
    },
    {
      "name": "Lifan Yuan",
      "scholar_id": "WPAuAOgAAAAJ",
      "url": "https://scholar.google.com/citations?user=WPAuAOgAAAAJ"
    },
    {
      "name": "Jiayi Weng",
      "scholar_id": "CQrkQbIAAAAJ",
      "url": "https://scholar.google.com/citations?user=CQrkQbIAAAAJ"
    },
    {
      "name": "Cheng Lu",
      "scholar_id": "vPE9VRoAAAAJ",
      "url": "https://scholar.google.com/citations?user=vPE9VRoAAAAJ"
    },
    {
      "name": "Jianfei Chen",
      "scholar_id": "di5RZ1MAAAAJ",
      "url": "https://scholar.google.com/citations?user=di5RZ1MAAAAJ"
    },
    {
      "name": "Kaiwen Zheng",
      "scholar_id": "0d80xSIAAAAJ",
      "url": "https://scholar.google.com/citations?user=0d80xSIAAAAJ"
    },
    {
      "name": "Chongxuan Li",
      "scholar_id": "UKMcQn4AAAAJ",
      "url": "https://scholar.google.com/citations?user=UKMcQn4AAAAJ"
    }
  ]
}