{
  "author_info": {
    "name": "Richang Hong",
    "affiliation": "Hefei University of Technology",
    "email_verified": "Verified email at hfut.edu.cn - Homepage",
    "website": "https://sites.google.com/site/homeofrichanghong/",
    "interests": [
      "Multimedia",
      "Pattern Recognition"
    ],
    "photo_url": "https://scholar.googleusercontent.com/citations?view_op=view_photo&user=-ReoUxUAAAAJ&citpid=5"
  },
  "citation_stats": {
    "citations_all": 27461,
    "citations_since_2020": 18635,
    "h_index_all": 82,
    "h_index_since_2020": 62,
    "i10_index_all": 279,
    "i10_index_since_2020": 241,
    "citation_graph": [
      {
        "year": 2010,
        "citations": 131
      },
      {
        "year": 2011,
        "citations": 261
      },
      {
        "year": 2012,
        "citations": 414
      },
      {
        "year": 2013,
        "citations": 604
      },
      {
        "year": 2014,
        "citations": 644
      },
      {
        "year": 2015,
        "citations": 846
      },
      {
        "year": 2016,
        "citations": 1158
      },
      {
        "year": 2017,
        "citations": 1251
      },
      {
        "year": 2018,
        "citations": 1485
      },
      {
        "year": 2019,
        "citations": 1834
      },
      {
        "year": 2020,
        "citations": 2079
      },
      {
        "year": 2021,
        "citations": 2362
      },
      {
        "year": 2022,
        "citations": 2717
      },
      {
        "year": 2023,
        "citations": 3178
      },
      {
        "year": 2024,
        "citations": 3873
      },
      {
        "year": 2025,
        "citations": 4372
      }
    ]
  },
  "papers": [
    {
      "title": "Revisiting graph based collaborative filtering: A linear residual graph convolutional network approach",
      "url": "https://scholar.google.com/citations?view_op=view_citation&hl=en&user=-ReoUxUAAAAJ&citation_for_view=-ReoUxUAAAAJ:zCSUwVk65WsC",
      "authors": "L Chen, L Wu, R Hong, K Zhang, M Wang",
      "venue": "Proceedings of the AAAI conference on artificial intelligence 34 (01), 27-34, 2020",
      "year": 2020,
      "citations": 774
    },
    {
      "title": "Diffnet++: A neural influence and interest diffusion network for social recommendation",
      "url": "https://scholar.google.com/citations?view_op=view_citation&hl=en&user=-ReoUxUAAAAJ&citation_for_view=-ReoUxUAAAAJ:jU7OWUQzBzMC",
      "authors": "L Wu, J Li, P Sun, R Hong, Y Ge, M Wang",
      "venue": "IEEE Transactions on Knowledge and Data Engineering 34 (10), 4753-4766, 2020",
      "year": 2020,
      "citations": 414
    },
    {
      "title": "Estimation-action-reflection: Towards deep interaction between conversational and recommender systems",
      "url": "https://scholar.google.com/citations?view_op=view_citation&hl=en&user=-ReoUxUAAAAJ&citation_for_view=-ReoUxUAAAAJ:otzGkya1bYkC",
      "authors": "W Lei, X He, Y Miao, Q Wu, R Hong, MY Kan, TS Chua",
      "venue": "Proceedings of the 13th international conference on web search and data …, 2020",
      "year": 2020,
      "citations": 384
    },
    {
      "title": "MMGCN: Multi-modal graph convolution network for personalized recommendation of micro-video",
      "url": "https://scholar.google.com/citations?view_op=view_citation&hl=en&user=-ReoUxUAAAAJ&citation_for_view=-ReoUxUAAAAJ:6yz0xqPARnAC",
      "authors": "Y Wei, X Wang, L Nie, X He, R Hong, TS Chua",
      "venue": "Proceedings of the 27th ACM international conference on multimedia, 1437-1445, 2019",
      "year": 2019,
      "citations": 922
    },
    {
      "title": "A neural influence diffusion model for social recommendation",
      "url": "https://scholar.google.com/citations?view_op=view_citation&hl=en&user=-ReoUxUAAAAJ&citation_for_view=-ReoUxUAAAAJ:artPoR2Yc-kC",
      "authors": "L Wu, P Sun, Y Fu, R Hong, X Wang, M Wang",
      "venue": "Proceedings of the 42nd international ACM SIGIR conference on research and …, 2019",
      "year": 2019,
      "citations": 659
    },
    {
      "title": "Deep representation learning with part loss for person re-identification",
      "url": "https://scholar.google.com/citations?view_op=view_citation&hl=en&user=-ReoUxUAAAAJ&citation_for_view=-ReoUxUAAAAJ:GFxP56DSvIMC",
      "authors": "H Yao, S Zhang, R Hong, Y Zhang, C Xu, Q Tian",
      "venue": "IEEE Transactions on Image Processing 28 (6), 2860-2871, 2019",
      "year": 2019,
      "citations": 518
    },
    {
      "title": "Deep item-based collaborative filtering for top-n recommendation",
      "url": "https://scholar.google.com/citations?view_op=view_citation&hl=en&user=-ReoUxUAAAAJ&citation_for_view=-ReoUxUAAAAJ:nZcligLrVowC",
      "authors": "F Xue, X He, X Wang, J Xu, K Liu, R Hong",
      "venue": "ACM Transactions on Information Systems (TOIS) 37 (3), 1-25, 2019",
      "year": 2019,
      "citations": 386
    },
    {
      "title": "Adaptive transfer network for cross-domain person re-identification",
      "url": "https://scholar.google.com/citations?view_op=view_citation&hl=en&user=-ReoUxUAAAAJ&citation_for_view=-ReoUxUAAAAJ:Ak0FvsSvgGUC",
      "authors": "J Liu, ZJ Zha, D Chen, R Hong, M Wang",
      "venue": "Proceedings of the IEEE/CVF conference on computer vision and pattern …, 2019",
      "year": 2019,
      "citations": 364
    },
    {
      "title": "Multi-cue correlation filters for robust visual tracking",
      "url": "https://scholar.google.com/citations?view_op=view_citation&hl=en&user=-ReoUxUAAAAJ&citation_for_view=-ReoUxUAAAAJ:DJbcl8HfkQkC",
      "authors": "N Wang, W Zhou, Q Tian, R Hong, M Wang, H Li",
      "venue": "Proceedings of the IEEE conference on computer vision and pattern …, 2018",
      "year": 2018,
      "citations": 544
    },
    {
      "title": "Attentive group recommendation",
      "url": "https://scholar.google.com/citations?view_op=view_citation&hl=en&user=-ReoUxUAAAAJ&citation_for_view=-ReoUxUAAAAJ:4vMrXwiscB8C",
      "authors": "D Cao, X He, L Miao, Y An, C Yang, R Hong",
      "venue": "The 41st International ACM SIGIR conference on research & development in …, 2018",
      "year": 2018,
      "citations": 333
    },
    {
      "title": "Self-supervised video hashing with hierarchical binary auto-encoder",
      "url": "https://scholar.google.com/citations?view_op=view_citation&hl=en&user=-ReoUxUAAAAJ&citation_for_view=-ReoUxUAAAAJ:mlAyqtXpCwEC",
      "authors": "J Song, H Zhang, X Li, L Gao, M Wang, R Hong",
      "venue": "IEEE Transactions on Image Processing 27 (7), 3210-3221, 2018",
      "year": 2018,
      "citations": 297
    },
    {
      "title": "Point-of-interest recommendations: Learning potential check-ins from friends",
      "url": "https://scholar.google.com/citations?view_op=view_citation&hl=en&user=-ReoUxUAAAAJ&citation_for_view=-ReoUxUAAAAJ:HtEfBTGE9r8C",
      "authors": "H Li, Y Ge, R Hong, H Zhu",
      "venue": "Proceedings of the 22nd ACM SIGKDD international conference on knowledge …, 2016",
      "year": 2016,
      "citations": 335
    },
    {
      "title": "Crowded scene analysis: A survey",
      "url": "https://scholar.google.com/citations?view_op=view_citation&hl=en&user=-ReoUxUAAAAJ&citation_for_view=-ReoUxUAAAAJ:u_35RYKgDlwC",
      "authors": "T Li, H Chang, M Wang, B Ni, R Hong, S Yan",
      "venue": "IEEE transactions on circuits and systems for video technology 25 (3), 367-386, 2014",
      "year": 2014,
      "citations": 585
    },
    {
      "title": "Event driven web video summarization by tag localization and key-shot identification",
      "url": "https://scholar.google.com/citations?view_op=view_citation&hl=en&user=-ReoUxUAAAAJ&citation_for_view=-ReoUxUAAAAJ:HDshCWvjkbEC",
      "authors": "M Wang, R Hong, G Li, ZJ Zha, S Yan, TS Chua",
      "venue": "IEEE Transactions on Multimedia 14 (4), 975-985, 2012",
      "year": 2012,
      "citations": 310
    },
    {
      "title": "Multiple feature hashing for real-time large scale near-duplicate video retrieval",
      "url": "https://scholar.google.com/citations?view_op=view_citation&hl=en&user=-ReoUxUAAAAJ&citation_for_view=-ReoUxUAAAAJ:Se3iqnhoufwC",
      "authors": "J Song, Y Yang, Z Huang, HT Shen, R Hong",
      "venue": "Proceedings of the 19th ACM international conference on Multimedia, 423-432, 2011",
      "year": 2011,
      "citations": 387
    },
    {
      "title": "Image annotation by kNN-sparse graph-based label propagation over noisily tagged web images",
      "url": "https://scholar.google.com/citations?view_op=view_citation&hl=en&user=-ReoUxUAAAAJ&citation_for_view=-ReoUxUAAAAJ:zYLM7Y9cAGgC",
      "authors": "J Tang, R Hong, S Yan, TS Chua, GJ Qi, R Jain",
      "venue": "ACM Transactions on Intelligent Systems and Technology (TIST) 2 (2), 1-15, 2011",
      "year": 2011,
      "citations": 284
    },
    {
      "title": "Camera Constraint-Free View-Based 3D Object Retrieval",
      "url": "https://scholar.google.com/citations?view_op=view_citation&hl=en&user=-ReoUxUAAAAJ&citation_for_view=-ReoUxUAAAAJ:e5wmG9Sq2KIC",
      "authors": "Y Gao, J Tang, R Hong, S Yan, Q Dai, N Zhang, TS Chua",
      "venue": "Image Processing, IEEE Transactions on, 1-1, 2011",
      "year": 2011,
      "citations": 257
    },
    {
      "title": "Nus-wide: a real-world web image database from national university of singapore",
      "url": "https://scholar.google.com/citations?view_op=view_citation&hl=en&user=-ReoUxUAAAAJ&citation_for_view=-ReoUxUAAAAJ:u5HHmVD_uO8C",
      "authors": "TS Chua, J Tang, R Hong, H Li, Z Luo, Y Zheng",
      "venue": "Proceedings of the ACM international conference on image and video retrieval …, 2009",
      "year": 2009,
      "citations": 3825
    },
    {
      "title": "Unified video annotation via multigraph learning",
      "url": "https://scholar.google.com/citations?view_op=view_citation&hl=en&user=-ReoUxUAAAAJ&citation_for_view=-ReoUxUAAAAJ:u-x6o8ySG0sC",
      "authors": "M Wang, XS Hua, R Hong, J Tang, GJ Qi, Y Song",
      "venue": "IEEE Transactions on Circuits and Systems for Video Technology 19 (5), 733-746, 2009",
      "year": 2009,
      "citations": 510
    },
    {
      "title": "Beyond distance measurement: Constructing neighborhood similarity for video annotation",
      "url": "https://scholar.google.com/citations?view_op=view_citation&hl=en&user=-ReoUxUAAAAJ&citation_for_view=-ReoUxUAAAAJ:d1gkVwhDpl0C",
      "authors": "M Wang, XS Hua, J Tang, R Hong",
      "venue": "IEEE Transactions on Multimedia 11 (3), 465-476, 2009",
      "year": 2009,
      "citations": 319
    }
  ],
  "co_authors": [
    {
      "name": "Meng Wang, IEEE Fellow, IAPR Fellow",
      "scholar_id": "rHagaaIAAAAJ",
      "url": "https://scholar.google.com/citations?user=rHagaaIAAAAJ"
    },
    {
      "name": "Tat-Seng Chua",
      "scholar_id": "Z9DWCBEAAAAJ",
      "url": "https://scholar.google.com/citations?user=Z9DWCBEAAAAJ"
    },
    {
      "name": "Le Wu",
      "scholar_id": "4EzlnxwAAAAJ",
      "url": "https://scholar.google.com/citations?user=4EzlnxwAAAAJ"
    },
    {
      "name": "Shuicheng Yan, e-AGI: efficient, embo...",
      "scholar_id": "DNuiPHwAAAAJ",
      "url": "https://scholar.google.com/citations?user=DNuiPHwAAAAJ"
    },
    {
      "name": "Qi Tian (田奇), PhD, Fellow of ACM an...",
      "scholar_id": "61b6eYkAAAAJ",
      "url": "https://scholar.google.com/citations?user=61b6eYkAAAAJ"
    },
    {
      "name": "Jinhui Tang (唐金辉)",
      "scholar_id": "ByBLlEwAAAAJ",
      "url": "https://scholar.google.com/citations?user=ByBLlEwAAAAJ"
    },
    {
      "name": "Liqiang Nie, IAPR Fellow",
      "scholar_id": "yywVMhUAAAAJ",
      "url": "https://scholar.google.com/citations?user=yywVMhUAAAAJ"
    },
    {
      "name": "Yong Ge",
      "scholar_id": "lU4gAFQAAAAJ",
      "url": "https://scholar.google.com/citations?user=lU4gAFQAAAAJ"
    },
    {
      "name": "Xiangnan He",
      "scholar_id": "X45Go24AAAAJ",
      "url": "https://scholar.google.com/citations?user=X45Go24AAAAJ"
    },
    {
      "name": "Hanwang Zhang (张含望）",
      "scholar_id": "YG0DFyYAAAAJ",
      "url": "https://scholar.google.com/citations?user=YG0DFyYAAAAJ"
    },
    {
      "name": "Xian-Sheng Hua (华先胜)(IEEE Fellow)",
      "scholar_id": "6G-l4o0AAAAJ",
      "url": "https://scholar.google.com/citations?user=6G-l4o0AAAAJ"
    },
    {
      "name": "Guo-Jun Qi (齐国君), Fellow of IEEE &...",
      "scholar_id": "Nut-uvoAAAAJ",
      "url": "https://scholar.google.com/citations?user=Nut-uvoAAAAJ"
    },
    {
      "name": "Yue Gao",
      "scholar_id": "UTDfWocAAAAJ",
      "url": "https://scholar.google.com/citations?user=UTDfWocAAAAJ"
    },
    {
      "name": "Yi Yang",
      "scholar_id": "RMSuNFwAAAAJ",
      "url": "https://scholar.google.com/citations?user=RMSuNFwAAAAJ"
    },
    {
      "name": "Lingxi Xie (谢凌曦)",
      "scholar_id": "EEMm7hwAAAAJ",
      "url": "https://scholar.google.com/citations?user=EEMm7hwAAAAJ"
    },
    {
      "name": "Houqiang Li",
      "scholar_id": "7sFMIKoAAAAJ",
      "url": "https://scholar.google.com/citations?user=7sFMIKoAAAAJ"
    },
    {
      "name": "Dacheng Tao",
      "scholar_id": "RwlJNLcAAAAJ",
      "url": "https://scholar.google.com/citations?user=RwlJNLcAAAAJ"
    },
    {
      "name": "Qionghai  Dai",
      "scholar_id": "CHAajY4AAAAJ",
      "url": "https://scholar.google.com/citations?user=CHAajY4AAAAJ"
    }
  ]
}