{
  "author_info": {
    "name": "Thomas Martinetz",
    "affiliation": "Professor of Computer Science, University of Lübeck",
    "email_verified": "Verified email at inb.uni-luebeck.de - Homepage",
    "website": "https://www.inb.uni-luebeck.de/en/mitarbeiter/mitarbeiter/professoren/thomas-martinetz-english?tx_wapublications_pi1%5Baction%5D=0&tx_wapublications_pi1%5Bid%5D=2233&cHash=379ee835751811328293ac96031a3119",
    "interests": [
      "neural networks",
      "machine learning",
      "artificial intelligence",
      "computational neuroscience",
      "künstliche"
    ],
    "photo_url": "https://scholar.googleusercontent.com/citations?view_op=view_photo&user=0-tDtUIAAAAJ&citpid=20"
  },
  "citation_stats": {
    "citations_all": 15443,
    "citations_since_2020": 3893,
    "h_index_all": 47,
    "h_index_since_2020": 27,
    "i10_index_all": 132,
    "i10_index_since_2020": 52,
    "citation_graph": [
      {
        "year": 1990,
        "citations": 47
      },
      {
        "year": 1991,
        "citations": 79
      },
      {
        "year": 1992,
        "citations": 117
      },
      {
        "year": 1993,
        "citations": 148
      },
      {
        "year": 1994,
        "citations": 224
      },
      {
        "year": 1995,
        "citations": 219
      },
      {
        "year": 1996,
        "citations": 265
      },
      {
        "year": 1997,
        "citations": 287
      },
      {
        "year": 1998,
        "citations": 281
      },
      {
        "year": 1999,
        "citations": 273
      },
      {
        "year": 2000,
        "citations": 284
      },
      {
        "year": 2001,
        "citations": 253
      },
      {
        "year": 2002,
        "citations": 358
      },
      {
        "year": 2003,
        "citations": 337
      },
      {
        "year": 2004,
        "citations": 348
      },
      {
        "year": 2005,
        "citations": 389
      },
      {
        "year": 2006,
        "citations": 478
      },
      {
        "year": 2007,
        "citations": 425
      },
      {
        "year": 2008,
        "citations": 472
      },
      {
        "year": 2009,
        "citations": 472
      },
      {
        "year": 2010,
        "citations": 492
      },
      {
        "year": 2011,
        "citations": 592
      },
      {
        "year": 2012,
        "citations": 532
      },
      {
        "year": 2013,
        "citations": 512
      },
      {
        "year": 2014,
        "citations": 559
      },
      {
        "year": 2015,
        "citations": 580
      },
      {
        "year": 2016,
        "citations": 575
      },
      {
        "year": 2017,
        "citations": 603
      },
      {
        "year": 2018,
        "citations": 533
      },
      {
        "year": 2019,
        "citations": 627
      },
      {
        "year": 2020,
        "citations": 591
      },
      {
        "year": 2021,
        "citations": 692
      },
      {
        "year": 2022,
        "citations": 776
      },
      {
        "year": 2023,
        "citations": 684
      },
      {
        "year": 2024,
        "citations": 591
      },
      {
        "year": 2025,
        "citations": 501
      }
    ]
  },
  "papers": [
    {
      "title": "Ensemble deep learning and internet of things‐based automated COVID‐19 diagnosis framework",
      "url": "https://scholar.google.com/citations?view_op=view_citation&hl=en&user=0-tDtUIAAAAJ&citation_for_view=0-tDtUIAAAAJ:QD3KBmkZPeQC",
      "authors": "AS Kini, AN Gopal Reddy, M Kaur, S Satheesh, J Singh, T Martinetz, ...",
      "venue": "Contrast Media & Molecular Imaging 2022 (1), 7377502, 2022",
      "year": 2022,
      "citations": 131
    },
    {
      "title": "Explainable COVID-19 detection using chest CT scans and deep learning",
      "url": "https://scholar.google.com/citations?view_op=view_citation&hl=en&user=0-tDtUIAAAAJ&citation_for_view=0-tDtUIAAAAJ:gVv57TyPmFsC",
      "authors": "H Alshazly, C Linse, E Barth, T Martinetz",
      "venue": "Sensors 21 (2), 455, 2021",
      "year": 2021,
      "citations": 242
    },
    {
      "title": "Driving sleep slow oscillations by auditory closed-loop stimulation—a self-limiting process",
      "url": "https://scholar.google.com/citations?view_op=view_citation&hl=en&user=0-tDtUIAAAAJ&citation_for_view=0-tDtUIAAAAJ:ClCfbGk0d_YC",
      "authors": "HVV Ngo, A Miedema, I Faude, T Martinetz, M Mölle, J Born",
      "venue": "Journal of Neuroscience 35 (17), 6630-6638, 2015",
      "year": 2015,
      "citations": 287
    },
    {
      "title": "Classifiers for ischemic stroke lesion segmentation: a comparison study",
      "url": "https://scholar.google.com/citations?view_op=view_citation&hl=en&user=0-tDtUIAAAAJ&citation_for_view=0-tDtUIAAAAJ:kh2fBNsKQNwC",
      "authors": "O Maier, C Schröder, ND Forkert, T Martinetz, H Handels",
      "venue": "PloS one 10 (12), e0145118, 2015",
      "year": 2015,
      "citations": 170
    },
    {
      "title": "Deep convolutional neural networks as generic feature extractors",
      "url": "https://scholar.google.com/citations?view_op=view_citation&hl=en&user=0-tDtUIAAAAJ&citation_for_view=0-tDtUIAAAAJ:YohjEiUPhakC",
      "authors": "L Hertel, E Barth, T Käster, T Martinetz",
      "venue": "2015 International Joint Conference on Neural Networks (IJCNN), 1-4, 2015",
      "year": 2015,
      "citations": 154
    },
    {
      "title": "Auditory closed-loop stimulation of the sleep slow oscillation enhances memory",
      "url": "https://scholar.google.com/citations?view_op=view_citation&hl=en&user=0-tDtUIAAAAJ&citation_for_view=0-tDtUIAAAAJ:AvfA0Oy_GE0C",
      "authors": "HVV Ngo, T Martinetz, J Born, M Mölle",
      "venue": "Neuron 78 (3), 545-553, 2013",
      "year": 2013,
      "citations": 1144
    },
    {
      "title": "AFP-Pred: A random forest approach for predicting antifreeze proteins from sequence-derived properties",
      "url": "https://scholar.google.com/citations?view_op=view_citation&hl=en&user=0-tDtUIAAAAJ&citation_for_view=0-tDtUIAAAAJ:rO6llkc54NcC",
      "authors": "KK Kandaswamy, KC Chou, T Martinetz, S Möller, PN Suganthan, ...",
      "venue": "Journal of theoretical biology 270 (1), 56-62, 2011",
      "year": 2011,
      "citations": 292
    },
    {
      "title": "Variability of eye movements when viewing dynamic natural scenes",
      "url": "https://scholar.google.com/citations?view_op=view_citation&hl=en&user=0-tDtUIAAAAJ&citation_for_view=0-tDtUIAAAAJ:uWQEDVKXjbEC",
      "authors": "M Dorr, T Martinetz, KR Gegenfurtner, E Barth",
      "venue": "Journal of vision 10 (10), 28-28, 2010",
      "year": 2010,
      "citations": 602
    },
    {
      "title": "Prediction of apoptosis protein locations with genetic algorithms and support vector machines through a new mode of pseudo amino acid composition",
      "url": "https://scholar.google.com/citations?view_op=view_citation&hl=en&user=0-tDtUIAAAAJ&citation_for_view=0-tDtUIAAAAJ:u_35RYKgDlwC",
      "authors": "K Kumar Kandaswamy, G Pugalenthi, S Moller, E Hartmann, ...",
      "venue": "Protein and Peptide Letters 17 (12), 1473-1479, 2010",
      "year": 2010,
      "citations": 110
    },
    {
      "title": "Simple method for high-performance digit recognition based on sparse coding",
      "url": "https://scholar.google.com/citations?view_op=view_citation&hl=en&user=0-tDtUIAAAAJ&citation_for_view=0-tDtUIAAAAJ:a0OBvERweLwC",
      "authors": "K Labusch, E Barth, T Martinetz",
      "venue": "Neural Networks, IEEE Transactions on 19 (11), 1985-1989, 2008",
      "year": 2008,
      "citations": 136
    },
    {
      "title": "Dynamic fitness landscapes in molecular evolution",
      "url": "https://scholar.google.com/citations?view_op=view_citation&hl=en&user=0-tDtUIAAAAJ&citation_for_view=0-tDtUIAAAAJ:2P1L_qKh6hAC",
      "authors": "CO Wilke, C Ronnewinkel, T Martinetz",
      "venue": "Physics Reports 349 (5), 395-446, 2001",
      "year": 2001,
      "citations": 132
    },
    {
      "title": "Topology preservation in self-organizing feature maps: exact definition and measurement",
      "url": "https://scholar.google.com/citations?view_op=view_citation&hl=en&user=0-tDtUIAAAAJ&citation_for_view=0-tDtUIAAAAJ:vV6vV6tmYwMC",
      "authors": "T Villmann, R Der, M Herrmann, TM Martinetz",
      "venue": "IEEE transactions on neural networks 8 (2), 256-266, 1997",
      "year": 1997,
      "citations": 447
    },
    {
      "title": "Topology representing networks",
      "url": "https://scholar.google.com/citations?view_op=view_citation&hl=en&user=0-tDtUIAAAAJ&citation_for_view=0-tDtUIAAAAJ:NaGl4SEjCO4C",
      "authors": "T Martinetz, K Schulten",
      "venue": "Neural Networks 7 (3), 507-522, 1994",
      "year": 1994,
      "citations": 1220
    },
    {
      "title": "'Neural-gas' network for vector quantization and its application to time-series prediction",
      "url": "https://scholar.google.com/citations?view_op=view_citation&hl=en&user=0-tDtUIAAAAJ&citation_for_view=0-tDtUIAAAAJ:ns9cj8rnVeAC",
      "authors": "TM Martinetz, SG Berkovich, KJ Schulten",
      "venue": "IEEE transactions on neural networks 4 (4), 558-569, 1993",
      "year": 1993,
      "citations": 2030
    },
    {
      "title": "Competitive Hebbian learning rule forms perfectly topology preserving maps",
      "url": "https://scholar.google.com/citations?view_op=view_citation&hl=en&user=0-tDtUIAAAAJ&citation_for_view=0-tDtUIAAAAJ:70eg2SAEIzsC",
      "authors": "T Martinetz",
      "venue": "International conference on artificial neural networks, 427-434, 1993",
      "year": 1993,
      "citations": 462
    },
    {
      "title": "Neural Computation and Self-Organizing Maps; An Introduction",
      "url": "https://scholar.google.com/citations?view_op=view_citation&hl=en&user=0-tDtUIAAAAJ&citation_for_view=0-tDtUIAAAAJ:XoXfffV-tXoC",
      "authors": "H Ritter, T Martinetz, K Schulten",
      "venue": "Addison-Wesley Longman Publishing Co., Inc., 1992",
      "year": 1992,
      "citations": 1310
    },
    {
      "title": "A\" neural-gas\" network learns topologies",
      "url": "https://scholar.google.com/citations?view_op=view_citation&hl=en&user=0-tDtUIAAAAJ&citation_for_view=0-tDtUIAAAAJ:3htObqc8RwsC",
      "authors": "T Martinetz, K Schulten",
      "venue": "University of Illinois at Urbana-Champaign 1 (01), 1991",
      "year": 1991,
      "citations": 1347
    },
    {
      "title": "Neuronale netze",
      "url": "https://scholar.google.com/citations?view_op=view_citation&hl=en&user=0-tDtUIAAAAJ&citation_for_view=0-tDtUIAAAAJ:oNZyr7d5Mn4C",
      "authors": "H Ritter, T Martinetz, K Schulten",
      "venue": "Munchen: Addison-Wesley, 1991",
      "year": 1991,
      "citations": 400
    },
    {
      "title": "Three-dimensional neural net for learning visuomotor coordination of a robot arm",
      "url": "https://scholar.google.com/citations?view_op=view_citation&hl=en&user=0-tDtUIAAAAJ&citation_for_view=0-tDtUIAAAAJ:35N4QoGY0k4C",
      "authors": "TM Martinetz, HJ Ritter, KJ Schulten",
      "venue": "IEEE transactions on neural networks 1 (1), 131-136, 1990",
      "year": 1990,
      "citations": 388
    },
    {
      "title": "Topology-conserving maps for learning visuo-motor-coordination",
      "url": "https://scholar.google.com/citations?view_op=view_citation&hl=en&user=0-tDtUIAAAAJ&citation_for_view=0-tDtUIAAAAJ:lSLTfruPkqcC",
      "authors": "HJ Ritter, TM Martinetz, KJ Schulten",
      "venue": "Neural networks 2 (3), 159-168, 1989",
      "year": 1989,
      "citations": 385
    }
  ],
  "co_authors": [
    {
      "name": "Erhardt Barth",
      "scholar_id": "YX3ympsAAAAJ",
      "url": "https://scholar.google.com/citations?user=YX3ympsAAAAJ"
    },
    {
      "name": "Klaus Schulten",
      "scholar_id": "k7vghtEAAAAJ",
      "url": "https://scholar.google.com/citations?user=k7vghtEAAAAJ"
    },
    {
      "name": "Helge Ritter",
      "scholar_id": "yplv734AAAAJ",
      "url": "https://scholar.google.com/citations?user=yplv734AAAAJ"
    },
    {
      "name": "Michael Dorr",
      "scholar_id": "Yus26nAAAAAJ",
      "url": "https://scholar.google.com/citations?user=Yus26nAAAAAJ"
    },
    {
      "name": "Christoph Linse",
      "scholar_id": "NotInswAAAAJ",
      "url": "https://scholar.google.com/citations?user=NotInswAAAAJ"
    },
    {
      "name": "Hong-Viet V. Ngo",
      "scholar_id": "-E0M1qMAAAAJ",
      "url": "https://scholar.google.com/citations?user=-E0M1qMAAAAJ"
    },
    {
      "name": "Karl Gegenfurtner",
      "scholar_id": "hq36sqQAAAAJ",
      "url": "https://scholar.google.com/citations?user=hq36sqQAAAAJ"
    },
    {
      "name": "Claus Wilke",
      "scholar_id": "Nc8U6E4AAAAJ",
      "url": "https://scholar.google.com/citations?user=Nc8U6E4AAAAJ"
    },
    {
      "name": "Thomas Villmann",
      "scholar_id": "K14cpD8AAAAJ",
      "url": "https://scholar.google.com/citations?user=K14cpD8AAAAJ"
    },
    {
      "name": "Jan Born",
      "scholar_id": "LHECVeYAAAAJ",
      "url": "https://scholar.google.com/citations?user=LHECVeYAAAAJ"
    },
    {
      "name": "Amir Madany Mamlouk",
      "scholar_id": "po8FlEYAAAAJ",
      "url": "https://scholar.google.com/citations?user=po8FlEYAAAAJ"
    },
    {
      "name": "Arne Weigenand",
      "scholar_id": "_GalCyAAAAAJ",
      "url": "https://scholar.google.com/citations?user=_GalCyAAAAAJ"
    },
    {
      "name": "Daniel Polani",
      "scholar_id": "wdZT8N8AAAAJ",
      "url": "https://scholar.google.com/citations?user=wdZT8N8AAAAJ"
    },
    {
      "name": "Jens Christian Claussen",
      "scholar_id": "fCjDwsIAAAAJ",
      "url": "https://scholar.google.com/citations?user=fCjDwsIAAAAJ"
    },
    {
      "name": "Ralf Der",
      "scholar_id": "EZ7wXc0AAAAJ",
      "url": "https://scholar.google.com/citations?user=EZ7wXc0AAAAJ"
    },
    {
      "name": "Prof. P. N. Suganthan, FIEEE'2015, SC...",
      "scholar_id": "yZNzBU0AAAAJ",
      "url": "https://scholar.google.com/citations?user=yZNzBU0AAAAJ"
    },
    {
      "name": "J. Michael Herrmann",
      "scholar_id": "3BXww6YAAAAJ",
      "url": "https://scholar.google.com/citations?user=3BXww6YAAAAJ"
    },
    {
      "name": "Heinz Handels",
      "scholar_id": "39hYEG8AAAAJ",
      "url": "https://scholar.google.com/citations?user=39hYEG8AAAAJ"
    },
    {
      "name": "Eleonora Vig",
      "scholar_id": "4aXIZXkAAAAJ",
      "url": "https://scholar.google.com/citations?user=4aXIZXkAAAAJ"
    },
    {
      "name": "Steffen Udluft",
      "scholar_id": "GHLtt4cAAAAJ",
      "url": "https://scholar.google.com/citations?user=GHLtt4cAAAAJ"
    }
  ]
}