{
  "author_info": {
    "name": "Hyungmin Kim",
    "affiliation": "Samsung Electro-Mechanics",
    "email_verified": "Verified email at kaist.ac.kr",
    "interests": [
      "Artificial Intelligence",
      "Machine Learning",
      "Computer Vision",
      "Pattern Recognition"
    ],
    "photo_url": "/citations/images/avatar_scholar_128.png"
  },
  "citation_stats": {
    "citations_all": 85,
    "citations_since_2020": 71,
    "h_index_all": 6,
    "h_index_since_2020": 4,
    "i10_index_all": 3,
    "i10_index_since_2020": 3,
    "citation_graph": [
      {
        "year": 2011,
        "citations": 1
      },
      {
        "year": 2012,
        "citations": 4
      },
      {
        "year": 2013,
        "citations": 1
      },
      {
        "year": 2014,
        "citations": 2
      },
      {
        "year": 2015,
        "citations": 5
      },
      {
        "year": 2016,
        "citations": 1
      },
      {
        "year": 2017,
        "citations": 1
      },
      {
        "year": 2018,
        "citations": 1
      },
      {
        "year": 2019,
        "citations": 6
      },
      {
        "year": 2020,
        "citations": 26
      },
      {
        "year": 2021,
        "citations": 36
      }
    ]
  },
  "papers": [
    {
      "title": "SPACE: SPAtial-aware Consistency rEgularization for anomaly detection in Industrial applications",
      "url": "https://scholar.google.com/citations?view_op=view_citation&hl=en&user=0-nAoqUAAAAJ&citation_for_view=0-nAoqUAAAAJ:Y0pCki6q_DkC",
      "authors": "D Kim, H Kim, D Jeong, S Suh, H Cho",
      "venue": "2025 IEEE/CVF Winter Conference on Applications of Computer Vision (WACV …, 2025",
      "year": 2025,
      "citations": 1
    },
    {
      "title": "AI-KD: Adversarial learning and Implicit regularization for self-Knowledge Distillation",
      "url": "https://scholar.google.com/citations?view_op=view_citation&hl=en&user=0-nAoqUAAAAJ&citation_for_view=0-nAoqUAAAAJ:u5HHmVD_uO8C",
      "authors": "H Kim, S Suh, S Baek, D Kim, D Jeong, H Cho, J Kim",
      "venue": "Knowledge-Based Systems 293, 111692, 2024",
      "year": 2024,
      "citations": 14
    },
    {
      "title": "ContextMix: A context-aware data augmentation method for industrial visual inspection systems",
      "url": "https://scholar.google.com/citations?view_op=view_citation&hl=en&user=0-nAoqUAAAAJ&citation_for_view=0-nAoqUAAAAJ:UeHWp8X0CEIC",
      "authors": "H Kim, D Kim, P Ahn, S Suh, H Cho, J Kim",
      "venue": "Engineering Applications of Artificial Intelligence 131, 107842, 2024",
      "year": 2024,
      "citations": 8
    },
    {
      "title": "Defect Detection in the Manufacturing Domain Using Product Design Data and Self-Knowledge Distillation",
      "url": "https://scholar.google.com/citations?view_op=view_citation&hl=en&user=0-nAoqUAAAAJ&citation_for_view=0-nAoqUAAAAJ:zYLM7Y9cAGgC",
      "authors": "S Choi, H Kim, H Cho",
      "venue": "2024 International Conference on Electronics, Information, and Communication …, 2024",
      "year": 2024,
      "citations": 2
    },
    {
      "title": "Enhancing Anomaly Detection Performance in Manufacturing Industry through Improved Alignment Algorithms",
      "url": "https://scholar.google.com/citations?view_op=view_citation&hl=en&user=0-nAoqUAAAAJ&citation_for_view=0-nAoqUAAAAJ:IjCSPb-OGe4C",
      "authors": "H Ban, D Kim, H Kim, H Cho",
      "venue": "2024 International Conference on Electronics, Information, and Communication …, 2024",
      "year": 2024,
      "citations": 0
    },
    {
      "title": "Proxy anchor-based unsupervised learning for continuous generalized category discovery",
      "url": "https://scholar.google.com/citations?view_op=view_citation&hl=en&user=0-nAoqUAAAAJ&citation_for_view=0-nAoqUAAAAJ:qjMakFHDy7sC",
      "authors": "H Kim, S Suh, D Kim, D Jeong, H Cho, J Kim",
      "venue": "Proceedings of the IEEE/CVF international conference on computer vision …, 2023",
      "year": 2023,
      "citations": 30
    },
    {
      "title": "Spatial contrastive learning for anomaly detection and localization",
      "url": "https://scholar.google.com/citations?view_op=view_citation&hl=en&user=0-nAoqUAAAAJ&citation_for_view=0-nAoqUAAAAJ:u-x6o8ySG0sC",
      "authors": "D Kim, D Jeong, H Kim, K Chong, S Kim, H Cho",
      "venue": "IEEE Access 10, 17366-17376, 2022",
      "year": 2022,
      "citations": 13
    },
    {
      "title": "Virtual storyteller using marker based AR and FPGA",
      "url": "https://scholar.google.com/citations?view_op=view_citation&hl=en&user=0-nAoqUAAAAJ&citation_for_view=0-nAoqUAAAAJ:d1gkVwhDpl0C",
      "authors": "HM Kim, TH Song, SM Jung, KH Kwon, JW Jeon",
      "venue": "2011 IEEE 54th International Midwest Symposium on Circuits and Systems …, 2011",
      "year": 2011,
      "citations": 8
    },
    {
      "title": "Human neck’s posture measurement using a 3-axis accelerometer sensor",
      "url": "https://scholar.google.com/citations?view_op=view_citation&hl=en&user=0-nAoqUAAAAJ&citation_for_view=0-nAoqUAAAAJ:9yKSN-GCB0IC",
      "authors": "S Jeong, T Song, H Kim, M Kang, K Kwon, JW Jeon",
      "venue": "International Conference on Computational Science and Its Applications, 96-109, 2011",
      "year": 2011,
      "citations": 7
    },
    {
      "title": "Direct Share: Photo Management System Based on Round-Robin Concept-Driven User Preference Feedback.",
      "url": "https://scholar.google.com/citations?view_op=view_citation&hl=en&user=0-nAoqUAAAAJ&citation_for_view=0-nAoqUAAAAJ:2osOgNQ5qMEC",
      "authors": "TH Song, SM Jeong, HM Kim, KH Kwon, JW Jeon",
      "venue": "KSII Transactions on Internet & Information Systems 5 (7), 2011",
      "year": 2011,
      "citations": 2
    }
  ],
  "co_authors": [
    {
      "name": "Hansang Cho",
      "scholar_id": "eHjfrzYAAAAJ",
      "url": "https://scholar.google.com/citations?user=eHjfrzYAAAAJ"
    },
    {
      "name": "Daehwan Kim",
      "scholar_id": "VbcYbMAAAAAJ",
      "url": "https://scholar.google.com/citations?user=VbcYbMAAAAAJ"
    },
    {
      "name": "Daun Jeong ( 정다운 )",
      "scholar_id": "fUXNmr8AAAAJ",
      "url": "https://scholar.google.com/citations?user=fUXNmr8AAAAJ"
    },
    {
      "name": "Sungho Suh",
      "scholar_id": "DMjDOYwAAAAJ",
      "url": "https://scholar.google.com/citations?user=DMjDOYwAAAAJ"
    },
    {
      "name": "Junmo Kim",
      "scholar_id": "GdQtWNQAAAAJ",
      "url": "https://scholar.google.com/citations?user=GdQtWNQAAAAJ"
    },
    {
      "name": "Jae Wook Jeon",
      "scholar_id": "9z0SfKoAAAAJ",
      "url": "https://scholar.google.com/citations?user=9z0SfKoAAAAJ"
    },
    {
      "name": "Sunghyun Baek",
      "scholar_id": "3t2Y3xcAAAAJ",
      "url": "https://scholar.google.com/citations?user=3t2Y3xcAAAAJ"
    },
    {
      "name": "Pyunghwan Ahn",
      "scholar_id": "-__ECRsAAAAJ",
      "url": "https://scholar.google.com/citations?user=-__ECRsAAAAJ"
    }
  ]
}