{
  "author_info": {
    "name": "Wen Yang",
    "affiliation": "Professor, School of Electronic Information, Wuhan University",
    "email_verified": "Verified email at whu.edu.cn - Homepage",
    "website": "http://www.captain-whu.com/yangwen.html",
    "interests": [
      "Image Processing",
      "Pattern Recognition",
      "Machine Learning"
    ],
    "photo_url": "https://scholar.googleusercontent.com/citations?view_op=view_photo&user=-aVL-UQAAAAJ&citpid=3"
  },
  "citation_stats": {
    "citations_all": 9965,
    "citations_since_2020": 8127,
    "h_index_all": 47,
    "h_index_since_2020": 40,
    "i10_index_all": 136,
    "i10_index_since_2020": 110,
    "citation_graph": [
      {
        "year": 2011,
        "citations": 35
      },
      {
        "year": 2012,
        "citations": 69
      },
      {
        "year": 2013,
        "citations": 81
      },
      {
        "year": 2014,
        "citations": 85
      },
      {
        "year": 2015,
        "citations": 199
      },
      {
        "year": 2016,
        "citations": 264
      },
      {
        "year": 2017,
        "citations": 305
      },
      {
        "year": 2018,
        "citations": 298
      },
      {
        "year": 2019,
        "citations": 434
      },
      {
        "year": 2020,
        "citations": 460
      },
      {
        "year": 2021,
        "citations": 730
      },
      {
        "year": 2022,
        "citations": 880
      },
      {
        "year": 2023,
        "citations": 1360
      },
      {
        "year": 2024,
        "citations": 2298
      },
      {
        "year": 2025,
        "citations": 2369
      }
    ]
  },
  "papers": [
    {
      "title": "Dynamic coarse-to-fine learning for oriented tiny object detection",
      "url": "https://scholar.google.com/citations?view_op=view_citation&hl=en&user=-aVL-UQAAAAJ&citation_for_view=-aVL-UQAAAAJ:qdR3duxP4mUC",
      "authors": "C Xu, J Ding, J Wang, W Yang, H Yu, L Yu, GS Xia",
      "venue": "Proceedings of the IEEE/CVF conference on computer vision and pattern …, 2023",
      "year": 2023,
      "citations": 138
    },
    {
      "title": "Detecting tiny objects in aerial images: A normalized Wasserstein distance and a new benchmark",
      "url": "https://scholar.google.com/citations?view_op=view_citation&hl=en&user=-aVL-UQAAAAJ&citation_for_view=-aVL-UQAAAAJ:Hx6RvaqUy9IC",
      "authors": "C Xu, J Wang, W Yang, H Yu, L Yu, GS Xia",
      "venue": "ISPRS Journal of Photogrammetry and Remote Sensing 190, 79-93, 2022",
      "year": 2022,
      "citations": 923
    },
    {
      "title": "RFLA: Gaussian receptive field based label assignment for tiny object detection",
      "url": "https://scholar.google.com/citations?view_op=view_citation&hl=en&user=-aVL-UQAAAAJ&citation_for_view=-aVL-UQAAAAJ:xyKys1DtkaQC",
      "authors": "C Xu, J Wang, W Yang, H Yu, L Yu, GS Xia",
      "venue": "European conference on computer vision, 526-543, 2022",
      "year": 2022,
      "citations": 280
    },
    {
      "title": "GLF-CR: SAR-enhanced cloud removal with global–local fusion",
      "url": "https://scholar.google.com/citations?view_op=view_citation&hl=en&user=-aVL-UQAAAAJ&citation_for_view=-aVL-UQAAAAJ:041faMmbr2QC",
      "authors": "F Xu, Y Shi, P Ebel, L Yu, GS Xia, W Yang, XX Zhu",
      "venue": "ISPRS Journal of Photogrammetry and Remote Sensing 192, 268-278, 2022",
      "year": 2022,
      "citations": 124
    },
    {
      "title": "Object detection in aerial images: A large-scale benchmark and challenges",
      "url": "https://scholar.google.com/citations?view_op=view_citation&hl=en&user=-aVL-UQAAAAJ&citation_for_view=-aVL-UQAAAAJ:_hb0F9yZ3cgC",
      "authors": "J Ding, N Xue, GS Xia, X Bai, W Yang, MY Yang, S Belongie, J Luo, ...",
      "venue": "IEEE transactions on pattern analysis and machine intelligence 44 (11), 7778 …, 2021",
      "year": 2021,
      "citations": 635
    },
    {
      "title": "Tiny object detection in aerial images",
      "url": "https://scholar.google.com/citations?view_op=view_citation&hl=en&user=-aVL-UQAAAAJ&citation_for_view=-aVL-UQAAAAJ:TRpSR8MJMSgC",
      "authors": "J Wang, W Yang, H Guo, R Zhang, GS Xia",
      "venue": "2020 25th international conference on pattern recognition (ICPR), 3791-3798, 2021",
      "year": 2021,
      "citations": 386
    },
    {
      "title": "On creating benchmark dataset for aerial image interpretation: Reviews, guidances, and million-aid",
      "url": "https://scholar.google.com/citations?view_op=view_citation&hl=en&user=-aVL-UQAAAAJ&citation_for_view=-aVL-UQAAAAJ:wP5e0sba15sC",
      "authors": "Y Long, GS Xia, S Li, W Yang, MY Yang, XX Zhu, L Zhang, D Li",
      "venue": "IEEE Journal of selected topics in applied earth observations and remote …, 2021",
      "year": 2021,
      "citations": 278
    },
    {
      "title": "Asymmetric siamese networks for semantic change detection in aerial images",
      "url": "https://scholar.google.com/citations?view_op=view_citation&hl=en&user=-aVL-UQAAAAJ&citation_for_view=-aVL-UQAAAAJ:vtskfw0NoLIC",
      "authors": "K Yang, GS Xia, Z Liu, B Du, W Yang, M Pelillo, L Zhang",
      "venue": "IEEE Transactions on Geoscience and Remote Sensing 60, 1-18, 2021",
      "year": 2021,
      "citations": 274
    },
    {
      "title": "Dot distance for tiny object detection in aerial images",
      "url": "https://scholar.google.com/citations?view_op=view_citation&hl=en&user=-aVL-UQAAAAJ&citation_for_view=-aVL-UQAAAAJ:PzCY1I33v7QC",
      "authors": "C Xu, J Wang, W Yang, L Yu",
      "venue": "Proceedings of the IEEE/CVF conference on computer vision and pattern …, 2021",
      "year": 2021,
      "citations": 161
    },
    {
      "title": "Motion deblurring with real events",
      "url": "https://scholar.google.com/citations?view_op=view_citation&hl=en&user=-aVL-UQAAAAJ&citation_for_view=-aVL-UQAAAAJ:WtgKeONp1i0C",
      "authors": "F Xu, L Yu, B Wang, W Yang, GS Xia, X Jia, Z Qiao, J Liu",
      "venue": "Proceedings of the IEEE/CVF International Conference on Computer Vision …, 2021",
      "year": 2021,
      "citations": 132
    },
    {
      "title": "Learning center probability map for detecting objects in aerial images",
      "url": "https://scholar.google.com/citations?view_op=view_citation&hl=en&user=-aVL-UQAAAAJ&citation_for_view=-aVL-UQAAAAJ:4kG_yR6n1dAC",
      "authors": "J Wang, W Yang, HC Li, H Zhang, GS Xia",
      "venue": "IEEE Transactions on Geoscience and Remote Sensing 59 (5), 4307-4323, 2020",
      "year": 2020,
      "citations": 266
    },
    {
      "title": "Event enhanced high-quality image recovery",
      "url": "https://scholar.google.com/citations?view_op=view_citation&hl=en&user=-aVL-UQAAAAJ&citation_for_view=-aVL-UQAAAAJ:1GbOEZ86UTAC",
      "authors": "B Wang, J He, L Yu, GS Xia, W Yang",
      "venue": "European Conference on Computer Vision, 155-171, 2020",
      "year": 2020,
      "citations": 160
    },
    {
      "title": "Mask OBB: A semantic attention-based mask oriented bounding box representation for multi-category object detection in aerial images",
      "url": "https://scholar.google.com/citations?view_op=view_citation&hl=en&user=-aVL-UQAAAAJ&citation_for_view=-aVL-UQAAAAJ:bsCEZ5n1K3cC",
      "authors": "J Wang, J Ding, H Guo, W Cheng, T Pan, W Yang",
      "venue": "Remote Sensing 11 (24), 2930, 2019",
      "year": 2019,
      "citations": 194
    },
    {
      "title": "Detecting power lines in UAV images with convolutional features and structured constraints",
      "url": "https://scholar.google.com/citations?view_op=view_citation&hl=en&user=-aVL-UQAAAAJ&citation_for_view=-aVL-UQAAAAJ:V2uI0bKpj5cC",
      "authors": "H Zhang, W Yang, H Yu, H Zhang, GS Xia",
      "venue": "Remote Sensing 11 (11), 1342, 2019",
      "year": 2019,
      "citations": 106
    },
    {
      "title": "Geospatial object detection in high resolution satellite images based on multi-scale convolutional neural network",
      "url": "https://scholar.google.com/citations?view_op=view_citation&hl=en&user=-aVL-UQAAAAJ&citation_for_view=-aVL-UQAAAAJ:jMMVlDWEh88C",
      "authors": "W Guo, W Yang, H Zhang, G Hua",
      "venue": "Remote Sensing 10 (1), 131, 2018",
      "year": 2018,
      "citations": 201
    },
    {
      "title": "Learning high-level features for satellite image classification with limited labeled samples",
      "url": "https://scholar.google.com/citations?view_op=view_citation&hl=en&user=-aVL-UQAAAAJ&citation_for_view=-aVL-UQAAAAJ:3htObqc8RwsC",
      "authors": "W Yang, X Yin, GS Xia",
      "venue": "IEEE Transactions on Geoscience and Remote Sensing 53 (8), 4472-4482, 2015",
      "year": 2015,
      "citations": 150
    },
    {
      "title": "High-resolution satellite scene classification using a sparse coding based multiple feature combination",
      "url": "https://scholar.google.com/citations?view_op=view_citation&hl=en&user=-aVL-UQAAAAJ&citation_for_view=-aVL-UQAAAAJ:R3hNpaxXUhUC",
      "authors": "G Sheng, W Yang, T Xu, H Sun",
      "venue": "International journal of remote sensing 33 (8), 2395-2412, 2012",
      "year": 2012,
      "citations": 345
    },
    {
      "title": "Laplacian eigenmaps-based polarimetric dimensionality reduction for SAR image classification",
      "url": "https://scholar.google.com/citations?view_op=view_citation&hl=en&user=-aVL-UQAAAAJ&citation_for_view=-aVL-UQAAAAJ:mB3voiENLucC",
      "authors": "ST Tu, JY Chen, W Yang, H Sun",
      "venue": "IEEE Transactions on Geoscience and Remote Sensing 50 (1), 170-179, 2011",
      "year": 2011,
      "citations": 114
    },
    {
      "title": "Satellite image classification via two-layer sparse coding with biased image representation",
      "url": "https://scholar.google.com/citations?view_op=view_citation&hl=en&user=-aVL-UQAAAAJ&citation_for_view=-aVL-UQAAAAJ:UeHWp8X0CEIC",
      "authors": "D Dai, W Yang",
      "venue": "IEEE Geoscience and remote sensing letters 8 (1), 173-176, 2010",
      "year": 2010,
      "citations": 403
    },
    {
      "title": "Structural high-resolution satellite image indexing",
      "url": "https://scholar.google.com/citations?view_op=view_citation&hl=en&user=-aVL-UQAAAAJ&citation_for_view=-aVL-UQAAAAJ:blknAaTinKkC",
      "authors": "GS Xia, W Yang, J Delon, Y Gousseau, H Sun, H Maître",
      "venue": "ISPRS TC VII Symposium-100 Years ISPRS 38, 298-303, 2010",
      "year": 2010,
      "citations": 376
    }
  ],
  "co_authors": [
    {
      "name": "Gui-Song Xia",
      "scholar_id": "SAUCVsEAAAAJ",
      "url": "https://scholar.google.com/citations?user=SAUCVsEAAAAJ"
    },
    {
      "name": "Lei Yu",
      "scholar_id": "Klc_GHUAAAAJ",
      "url": "https://scholar.google.com/citations?user=Klc_GHUAAAAJ"
    },
    {
      "name": "Haijian Zhang",
      "scholar_id": "cEWbejoAAAAJ",
      "url": "https://scholar.google.com/citations?user=cEWbejoAAAAJ"
    },
    {
      "name": "Dengxin Dai",
      "scholar_id": "T51W57YAAAAJ",
      "url": "https://scholar.google.com/citations?user=T51W57YAAAAJ"
    },
    {
      "name": "Gang Liu",
      "scholar_id": "ZyzfB9sAAAAJ",
      "url": "https://scholar.google.com/citations?user=ZyzfB9sAAAAJ"
    },
    {
      "name": "Chu HE",
      "scholar_id": "mvo0cL8AAAAJ",
      "url": "https://scholar.google.com/citations?user=mvo0cL8AAAAJ"
    },
    {
      "name": "Bill Triggs",
      "scholar_id": "hSpEF0gAAAAJ",
      "url": "https://scholar.google.com/citations?user=hSpEF0gAAAAJ"
    },
    {
      "name": "Julie Delon",
      "scholar_id": "X6MBHUUAAAAJ",
      "url": "https://scholar.google.com/citations?user=X6MBHUUAAAAJ"
    },
    {
      "name": "Yann Gousseau",
      "scholar_id": "iIUyg0gAAAAJ",
      "url": "https://scholar.google.com/citations?user=iIUyg0gAAAAJ"
    },
    {
      "name": "Xin Huang",
      "scholar_id": "TS6FzEwAAAAJ",
      "url": "https://scholar.google.com/citations?user=TS6FzEwAAAAJ"
    }
  ]
}