{
  "author_info": {
    "name": "Wing-Kwong (Ricky) Chan",
    "affiliation": "Department of Computer Science, City University of Hong Kong",
    "email_verified": "Verified email at cityu.edu.hk - Homepage",
    "website": "http://www.cs.cityu.edu.hk/~wkchan",
    "interests": [
      "Software Engineering",
      "AI for SE",
      "SE for AI",
      "Program Analysis and Testing"
    ],
    "photo_url": "https://scholar.googleusercontent.com/citations?view_op=medium_photo&user=-GAmIvsAAAAJ&citpid=3"
  },
  "citation_stats": {
    "citations_all": 7605,
    "citations_since_2020": 3162,
    "h_index_all": 44,
    "h_index_since_2020": 25,
    "i10_index_all": 124,
    "i10_index_since_2020": 58,
    "citation_graph": [
      {
        "year": 2006,
        "citations": 41
      },
      {
        "year": 2007,
        "citations": 56
      },
      {
        "year": 2008,
        "citations": 120
      },
      {
        "year": 2009,
        "citations": 220
      },
      {
        "year": 2010,
        "citations": 293
      },
      {
        "year": 2011,
        "citations": 337
      },
      {
        "year": 2012,
        "citations": 346
      },
      {
        "year": 2013,
        "citations": 463
      },
      {
        "year": 2014,
        "citations": 405
      },
      {
        "year": 2015,
        "citations": 403
      },
      {
        "year": 2016,
        "citations": 428
      },
      {
        "year": 2017,
        "citations": 332
      },
      {
        "year": 2018,
        "citations": 370
      },
      {
        "year": 2019,
        "citations": 373
      },
      {
        "year": 2020,
        "citations": 411
      },
      {
        "year": 2021,
        "citations": 408
      },
      {
        "year": 2022,
        "citations": 498
      },
      {
        "year": 2023,
        "citations": 628
      },
      {
        "year": 2024,
        "citations": 626
      },
      {
        "year": 2025,
        "citations": 588
      }
    ]
  },
  "papers": [
    {
      "title": "Apricot: A Weight-Adaptation Approach to Fixing Deep Learning Models",
      "url": "https://scholar.google.com/citations?view_op=view_citation&hl=en&user=-GAmIvsAAAAJ&citation_for_view=-GAmIvsAAAAJ:SC9kKMAi-DoC",
      "authors": "H Zhang, WK Chan",
      "venue": "2019 34th IEEE/ACM International Conference on Automated Software …, 2019",
      "year": 2019,
      "citations": 113
    },
    {
      "title": "Contractfuzzer: Fuzzing smart contracts for vulnerability detection",
      "url": "https://scholar.google.com/citations?view_op=view_citation&hl=en&user=-GAmIvsAAAAJ&citation_for_view=-GAmIvsAAAAJ:QxlgOPrhsAcC",
      "authors": "B Jiang, Y Liu, WK Chan",
      "venue": "Proceedings of the 33rd ACM/IEEE International Conference on Automated …, 2018",
      "year": 2018,
      "citations": 1017
    },
    {
      "title": "Cross-validation based K nearest neighbor imputation for software quality datasets: An empirical study",
      "url": "https://scholar.google.com/citations?view_op=view_citation&hl=en&user=-GAmIvsAAAAJ&citation_for_view=-GAmIvsAAAAJ:tFyepMjQr3wC",
      "authors": "J Huang, JW Keung, F Sarro, YF Li, YT Yu, WK Chan, H Sun",
      "venue": "Journal of Systems and Software 132, 226-252, 2017",
      "year": 2017,
      "citations": 123
    },
    {
      "title": "MagicFuzzer: Scalable Deadlock Detection for Large-Scale Applications",
      "url": "https://scholar.google.com/citations?view_op=view_citation&hl=en&user=-GAmIvsAAAAJ&citation_for_view=-GAmIvsAAAAJ:GnPB-g6toBAC",
      "authors": "Y Cai, WK Chan",
      "venue": "Proceedings of the 34th International Conference on Software Engineering …, 2012",
      "year": 2012,
      "citations": 114
    },
    {
      "title": "Detecting atomic-set serializability violations in multithreaded programs through active randomized testing",
      "url": "https://scholar.google.com/citations?view_op=view_citation&hl=en&user=-GAmIvsAAAAJ&citation_for_view=-GAmIvsAAAAJ:0EnyYjriUFMC",
      "authors": "Z Lai, SC Cheung, WK Chan",
      "venue": "Proceedings of the 32nd ACM/IEEE International Conference on Software …, 2010",
      "year": 2010,
      "citations": 113
    },
    {
      "title": "Partial constraint checking for context consistency in pervasive computing",
      "url": "https://scholar.google.com/citations?view_op=view_citation&hl=en&user=-GAmIvsAAAAJ&citation_for_view=-GAmIvsAAAAJ:KlAtU1dfN6UC",
      "authors": "C Xu, SC Cheung, WK Chan, C Ye",
      "venue": "ACM Transactions on Software Engineering and Methodology (TOSEM) 19 (3), 9, 2010",
      "year": 2010,
      "citations": 99
    },
    {
      "title": "Adaptive random test case prioritization",
      "url": "https://scholar.google.com/citations?view_op=view_citation&hl=en&user=-GAmIvsAAAAJ&citation_for_view=-GAmIvsAAAAJ:Tyk-4Ss8FVUC",
      "authors": "B Jiang, Z Zhang, WK Chan, TH Tse",
      "venue": "Automated Software Engineering, 2009. ASE'09. 24th IEEE/ACM International …, 2009",
      "year": 2009,
      "citations": 328
    },
    {
      "title": "Taming coincidental correctness: Coverage refinement with context patterns to improve fault localization",
      "url": "https://scholar.google.com/citations?view_op=view_citation&hl=en&user=-GAmIvsAAAAJ&citation_for_view=-GAmIvsAAAAJ:zYLM7Y9cAGgC",
      "authors": "X Wang, SC Cheung, WK Chan, Z Zhang",
      "venue": "Proceedings of the 31st International Conference on Software Engineering, 45-55, 2009",
      "year": 2009,
      "citations": 227
    },
    {
      "title": "Capturing propagation of infected program states",
      "url": "https://scholar.google.com/citations?view_op=view_citation&hl=en&user=-GAmIvsAAAAJ&citation_for_view=-GAmIvsAAAAJ:Y0pCki6q_DkC",
      "authors": "Z Zhang, WK Chan, TH Tse, B Jiang, X Wang",
      "venue": "Proceedings of the the 7th joint meeting of the European software …, 2009",
      "year": 2009,
      "citations": 160
    },
    {
      "title": "Test case prioritization for regression testing of service-oriented business applications",
      "url": "https://scholar.google.com/citations?view_op=view_citation&hl=en&user=-GAmIvsAAAAJ&citation_for_view=-GAmIvsAAAAJ:YsMSGLbcyi4C",
      "authors": "L Mei, Z Zhang, WK Chan, TH Tse",
      "venue": "Proceedings of the 18th international conference on World wide web, 901-910, 2009",
      "year": 2009,
      "citations": 112
    },
    {
      "title": "Modeling and testing of cloud applications",
      "url": "https://scholar.google.com/citations?view_op=view_citation&hl=en&user=-GAmIvsAAAAJ&citation_for_view=-GAmIvsAAAAJ:3fE2CSJIrl8C",
      "authors": "WK Chan, L Mei, Z Zhang",
      "venue": "Services Computing Conference, 2009. APSCC 2009. IEEE Asia-Pacific, 111-118, 2009",
      "year": 2009,
      "citations": 111
    },
    {
      "title": "A tale of clouds: paradigm comparisons and some thoughts on research issues",
      "url": "https://scholar.google.com/citations?view_op=view_citation&hl=en&user=-GAmIvsAAAAJ&citation_for_view=-GAmIvsAAAAJ:u5HHmVD_uO8C",
      "authors": "L Mei, WK Chan, TH Tse",
      "venue": "Asia-Pacific Services Computing Conference, 2008. APSCC'08. IEEE, 464-469, 2008",
      "year": 2008,
      "citations": 383
    },
    {
      "title": "Data flow testing of service-oriented workflow applications",
      "url": "https://scholar.google.com/citations?view_op=view_citation&hl=en&user=-GAmIvsAAAAJ&citation_for_view=-GAmIvsAAAAJ:2osOgNQ5qMEC",
      "authors": "L Mei, WK Chan, TH Tse",
      "venue": "Software Engineering, 2008. ICSE'08. ACM/IEEE 30th International Conference …, 2008",
      "year": 2008,
      "citations": 118
    },
    {
      "title": "A metamorphic testing approach for online testing of service-oriented software applications",
      "url": "https://scholar.google.com/citations?view_op=view_citation&hl=en&user=-GAmIvsAAAAJ&citation_for_view=-GAmIvsAAAAJ:u-x6o8ySG0sC",
      "authors": "WK Chan, SC Cheung, KRPH Leung",
      "venue": "International Journal of Web Services Research (IJWSR) 4 (2), 61-81, 2007",
      "year": 2007,
      "citations": 153
    },
    {
      "title": "Incremental consistency checking for pervasive context",
      "url": "https://scholar.google.com/citations?view_op=view_citation&hl=en&user=-GAmIvsAAAAJ&citation_for_view=-GAmIvsAAAAJ:d1gkVwhDpl0C",
      "authors": "C Xu, SC Cheung, WK Chan",
      "venue": "Proceedings of the 28th international conference on Software engineering …, 2006",
      "year": 2006,
      "citations": 116
    },
    {
      "title": "Testing context-aware middleware-centric programs: a data flow approach and an RFID-based experimentation",
      "url": "https://scholar.google.com/citations?view_op=view_citation&hl=en&user=-GAmIvsAAAAJ&citation_for_view=-GAmIvsAAAAJ:9yKSN-GCB0IC",
      "authors": "H Lu, WK Chan, TH Tse",
      "venue": "Proceedings of the 14th ACM SIGSOFT international symposium on Foundations …, 2006",
      "year": 2006,
      "citations": 110
    },
    {
      "title": "Fault-based testing of database application programs with conceptual data model",
      "url": "https://scholar.google.com/citations?view_op=view_citation&hl=en&user=-GAmIvsAAAAJ&citation_for_view=-GAmIvsAAAAJ:qjMakFHDy7sC",
      "authors": "WK Chan, SC Cheung, TH Tse",
      "venue": "Quality Software, 2005.(QSIC 2005). Fifth International Conference on, 187-196, 2005",
      "year": 2005,
      "citations": 100
    },
    {
      "title": "Towards a metamorphic testing methodology for service-oriented software applications",
      "url": "https://scholar.google.com/citations?view_op=view_citation&hl=en&user=-GAmIvsAAAAJ&citation_for_view=-GAmIvsAAAAJ:W7OEmFMy1HYC",
      "authors": "WK Chan, SC Cheung, KRPH Leung",
      "venue": "SEIW 2005, Quality Software, 2005.(QSIC 2005). Fifth International …, 2005",
      "year": 2005,
      "citations": 82
    },
    {
      "title": "Testing context-sensitive middleware-based software applications",
      "url": "https://scholar.google.com/citations?view_op=view_citation&hl=en&user=-GAmIvsAAAAJ&citation_for_view=-GAmIvsAAAAJ:rO6llkc54NcC",
      "authors": "TH Tse, SS Yau, WK Chan, TY Lu, ., and Chen",
      "venue": "Computer Software and Applications Conference, 2004. COMPSAC 2004 …, 2004",
      "year": 2004,
      "citations": 136
    },
    {
      "title": "Chairs",
      "url": "https://scholar.google.com/citations?view_op=view_citation&hl=en&user=-GAmIvsAAAAJ&citation_for_view=-GAmIvsAAAAJ:00hq1xGbIBsC",
      "authors": "WK Chan, J Voas, X Bai, P Brune, H Cai, D Cao, Y Cao, JY Chung, ...",
      "venue": "",
      "citations": 221
    }
  ],
  "co_authors": [
    {
      "name": "T.H. Tse",
      "scholar_id": "vy2QmV0AAAAJ",
      "url": "https://scholar.google.com/citations?user=vy2QmV0AAAAJ"
    },
    {
      "name": "Bo Jiang, Professor",
      "scholar_id": "_1q8WiMAAAAJ",
      "url": "https://scholar.google.com/citations?user=_1q8WiMAAAAJ"
    },
    {
      "name": "Shing-Chi Cheung",
      "scholar_id": "5RIgb3wAAAAJ",
      "url": "https://scholar.google.com/citations?user=5RIgb3wAAAAJ"
    },
    {
      "name": "Zhenyu (Charles) ZHANG",
      "scholar_id": "Jv4QqAsAAAAJ",
      "url": "https://scholar.google.com/citations?user=Jv4QqAsAAAAJ"
    },
    {
      "name": "Yan Cai",
      "scholar_id": "QotyxBEAAAAJ",
      "url": "https://scholar.google.com/citations?user=QotyxBEAAAAJ"
    },
    {
      "name": "Tsong Yueh Chen",
      "scholar_id": "usJzGjUAAAAJ",
      "url": "https://scholar.google.com/citations?user=usJzGjUAAAAJ"
    },
    {
      "name": "Chong-Wah Ngo",
      "scholar_id": "HM39HrUAAAAJ",
      "url": "https://scholar.google.com/citations?user=HM39HrUAAAAJ"
    },
    {
      "name": "Chunyang YE",
      "scholar_id": "EA6Er_MAAAAJ",
      "url": "https://scholar.google.com/citations?user=EA6Er_MAAAAJ"
    },
    {
      "name": "Chang Xu",
      "scholar_id": "jlZOlxIAAAAJ",
      "url": "https://scholar.google.com/citations?user=jlZOlxIAAAAJ"
    },
    {
      "name": "Prof. Jacky Keung",
      "scholar_id": "UpuYcQoAAAAJ",
      "url": "https://scholar.google.com/citations?user=UpuYcQoAAAAJ"
    },
    {
      "name": "Imran Ashraf",
      "scholar_id": "r3aC4qgAAAAJ",
      "url": "https://scholar.google.com/citations?user=r3aC4qgAAAAJ"
    },
    {
      "name": "Haipeng Wang",
      "scholar_id": "GO2__ogAAAAJ",
      "url": "https://scholar.google.com/citations?user=GO2__ogAAAAJ"
    },
    {
      "name": "Fei-Ching Kuo",
      "scholar_id": "ZW5xgQUAAAAJ",
      "url": "https://scholar.google.com/citations?user=ZW5xgQUAAAAJ"
    },
    {
      "name": "Zhijian Hou (侯智健)",
      "scholar_id": "v_ufvFUAAAAJ",
      "url": "https://scholar.google.com/citations?user=v_ufvFUAAAAJ"
    },
    {
      "name": "Stephen S. Yau",
      "scholar_id": "yPr7vZgAAAAJ",
      "url": "https://scholar.google.com/citations?user=yPr7vZgAAAAJ"
    },
    {
      "name": "Xiaoxue MA",
      "scholar_id": "yijwBIIAAAAJ",
      "url": "https://scholar.google.com/citations?user=yijwBIIAAAAJ"
    },
    {
      "name": "Hao ZHANG",
      "scholar_id": "JS7kYXgAAAAJ",
      "url": "https://scholar.google.com/citations?user=JS7kYXgAAAAJ"
    },
    {
      "name": "Chung-Man Tang",
      "scholar_id": "jyMJ6FkAAAAJ",
      "url": "https://scholar.google.com/citations?user=jyMJ6FkAAAAJ"
    },
    {
      "name": "Chang-ai Sun",
      "scholar_id": "RgeJefYAAAAJ",
      "url": "https://scholar.google.com/citations?user=RgeJefYAAAAJ"
    },
    {
      "name": "Huai Liu",
      "scholar_id": "4lpaH2wAAAAJ",
      "url": "https://scholar.google.com/citations?user=4lpaH2wAAAAJ"
    }
  ]
}