{
  "author_info": {
    "name": "Haibin Yan",
    "affiliation": "Beijing University of Posts and Telecommunications",
    "email_verified": "Verified email at bupt.edu.cn - Homepage",
    "website": "https://smp.bupt.edu.cn/info/1154/2621.htm",
    "interests": [
      "Computer Vision",
      "Pattern Recognition",
      "Robotics"
    ],
    "photo_url": "/citations/images/avatar_scholar_128.png"
  },
  "citation_stats": {
    "citations_all": 1858,
    "citations_since_2020": 1157,
    "h_index_all": 20,
    "h_index_since_2020": 17,
    "i10_index_all": 26,
    "i10_index_since_2020": 24,
    "citation_graph": [
      {
        "year": 2014,
        "citations": 14
      },
      {
        "year": 2015,
        "citations": 51
      },
      {
        "year": 2016,
        "citations": 98
      },
      {
        "year": 2017,
        "citations": 138
      },
      {
        "year": 2018,
        "citations": 170
      },
      {
        "year": 2019,
        "citations": 208
      },
      {
        "year": 2020,
        "citations": 153
      },
      {
        "year": 2021,
        "citations": 182
      },
      {
        "year": 2022,
        "citations": 220
      },
      {
        "year": 2023,
        "citations": 169
      },
      {
        "year": 2024,
        "citations": 172
      },
      {
        "year": 2025,
        "citations": 259
      }
    ]
  },
  "papers": [
    {
      "title": "Embodied task planning with large language models",
      "url": "https://scholar.google.com/citations?view_op=view_citation&hl=en&user=-AQLKlsAAAAJ&citation_for_view=-AQLKlsAAAAJ:SeFeTyx0c_EC",
      "authors": "Z Wu, Z Wang, X Xu, J Lu, H Yan",
      "venue": "arXiv preprint arXiv:2307.01848, 2023",
      "year": 2023,
      "citations": 140
    },
    {
      "title": "Multi-scale deep relational reasoning for facial kinship verification",
      "url": "https://scholar.google.com/citations?view_op=view_citation&hl=en&user=-AQLKlsAAAAJ&citation_for_view=-AQLKlsAAAAJ:vV6vV6tmYwMC",
      "authors": "H Yan, C Song",
      "venue": "Pattern Recognition 110, 107541, 2021",
      "year": 2021,
      "citations": 51
    },
    {
      "title": "Discriminative sampling via deep reinforcement learning for kinship verification",
      "url": "https://scholar.google.com/citations?view_op=view_citation&hl=en&user=-AQLKlsAAAAJ&citation_for_view=-AQLKlsAAAAJ:lSLTfruPkqcC",
      "authors": "S Wang, H Yan",
      "venue": "Pattern Recognition Letters 138, 38-43, 2020",
      "year": 2020,
      "citations": 30
    },
    {
      "title": "Kinmix: A data augmentation approach for kinship verification",
      "url": "https://scholar.google.com/citations?view_op=view_citation&hl=en&user=-AQLKlsAAAAJ&citation_for_view=-AQLKlsAAAAJ:J_g5lzvAfSwC",
      "authors": "C Song, H Yan",
      "venue": "2020 IEEE international conference on multimedia and expo (ICME), 1-6, 2020",
      "year": 2020,
      "citations": 27
    },
    {
      "title": "Learning discriminative compact binary face descriptor for kinship verification",
      "url": "https://scholar.google.com/citations?view_op=view_citation&hl=en&user=-AQLKlsAAAAJ&citation_for_view=-AQLKlsAAAAJ:O3NaXMp0MMsC",
      "authors": "H Yan",
      "venue": "Pattern Recognition Letters 117, 146-152, 2019",
      "year": 2019,
      "citations": 45
    },
    {
      "title": "Learning part-aware attention networks for kinship verification",
      "url": "https://scholar.google.com/citations?view_op=view_citation&hl=en&user=-AQLKlsAAAAJ&citation_for_view=-AQLKlsAAAAJ:NaGl4SEjCO4C",
      "authors": "H Yan, S Wang",
      "venue": "Pattern Recognition Letters 128, 169-175, 2019",
      "year": 2019,
      "citations": 40
    },
    {
      "title": "Collaborative discriminative multi-metric learning for facial expression recognition in video",
      "url": "https://scholar.google.com/citations?view_op=view_citation&hl=en&user=-AQLKlsAAAAJ&citation_for_view=-AQLKlsAAAAJ:4JMBOYKVnBMC",
      "authors": "H Yan",
      "venue": "Pattern Recognition 75, 33-40, 2018",
      "year": 2018,
      "citations": 72
    },
    {
      "title": "Video-based kinship verification using distance metric learning",
      "url": "https://scholar.google.com/citations?view_op=view_citation&hl=en&user=-AQLKlsAAAAJ&citation_for_view=-AQLKlsAAAAJ:j3f4tGmQtD8C",
      "authors": "H Yan, J Hu",
      "venue": "Pattern Recognition 75, 15-24, 2018",
      "year": 2018,
      "citations": 69
    },
    {
      "title": "Kinship verification using neighborhood repulsed correlation metric learning",
      "url": "https://scholar.google.com/citations?view_op=view_citation&hl=en&user=-AQLKlsAAAAJ&citation_for_view=-AQLKlsAAAAJ:R3hNpaxXUhUC",
      "authors": "H Yan",
      "venue": "Image and Vision Computing 60, 91-97, 2017",
      "year": 2017,
      "citations": 75
    },
    {
      "title": "Ensemble similarity learning for kinship verification from facial images in the wild",
      "url": "https://scholar.google.com/citations?view_op=view_citation&hl=en&user=-AQLKlsAAAAJ&citation_for_view=-AQLKlsAAAAJ:3fE2CSJIrl8C",
      "authors": "X Zhou, Y Shang, H Yan, G Guo",
      "venue": "Information Fusion 32, 40-48, 2016",
      "year": 2016,
      "citations": 121
    },
    {
      "title": "Kinship verification from facial images by scalable similarity fusion",
      "url": "https://scholar.google.com/citations?view_op=view_citation&hl=en&user=-AQLKlsAAAAJ&citation_for_view=-AQLKlsAAAAJ:-f6ydRqryjwC",
      "authors": "X Zhou, H Yan, Y Shang",
      "venue": "Neurocomputing 197, 136-142, 2016",
      "year": 2016,
      "citations": 64
    },
    {
      "title": "Transfer subspace learning for cross-dataset facial expression recognition",
      "url": "https://scholar.google.com/citations?view_op=view_citation&hl=en&user=-AQLKlsAAAAJ&citation_for_view=-AQLKlsAAAAJ:HDshCWvjkbEC",
      "authors": "H Yan",
      "venue": "Neurocomputing 208, 165-173, 2016",
      "year": 2016,
      "citations": 49
    },
    {
      "title": "Prototype-based discriminative feature learning for kinship verification",
      "url": "https://scholar.google.com/citations?view_op=view_citation&hl=en&user=-AQLKlsAAAAJ&citation_for_view=-AQLKlsAAAAJ:2osOgNQ5qMEC",
      "authors": "H Yan, J Lu, X Zhou",
      "venue": "IEEE Transactions on Cybernetics, 2015",
      "year": 2015,
      "citations": 211
    },
    {
      "title": "Real-time human-robot interaction in complex environment using kinect v2 image recognition",
      "url": "https://scholar.google.com/citations?view_op=view_citation&hl=en&user=-AQLKlsAAAAJ&citation_for_view=-AQLKlsAAAAJ:YOwf2qJgpHMC",
      "authors": "YR Yang, H Yan, M Dehghan, MH Ang",
      "venue": "2015 IEEE 7th International Conference on Cybernetics and Intelligent …, 2015",
      "year": 2015,
      "citations": 27
    },
    {
      "title": "Discriminative Multi-Metric Learning for Kinship Verification",
      "url": "https://scholar.google.com/citations?view_op=view_citation&hl=en&user=-AQLKlsAAAAJ&citation_for_view=-AQLKlsAAAAJ:u5HHmVD_uO8C",
      "authors": "H Yan, J Lu, W Deng, X Zhou",
      "venue": "IEEE Transactions on Information Forensics and Security 9 (8), 1169-1178, 2014",
      "year": 2014,
      "citations": 261
    },
    {
      "title": "A survey on perception methods for human–robot interaction in social robots",
      "url": "https://scholar.google.com/citations?view_op=view_citation&hl=en&user=-AQLKlsAAAAJ&citation_for_view=-AQLKlsAAAAJ:9yKSN-GCB0IC",
      "authors": "H Yan, MH Ang Jr, AN Poo",
      "venue": "International Journal of Social Robotics 6 (1), 85-119, 2014",
      "year": 2014,
      "citations": 194
    },
    {
      "title": "Cost-sensitive ordinal regression for fully automatic facial beauty assessment",
      "url": "https://scholar.google.com/citations?view_op=view_citation&hl=en&user=-AQLKlsAAAAJ&citation_for_view=-AQLKlsAAAAJ:UeHWp8X0CEIC",
      "authors": "H Yan",
      "venue": "Neurocomputing 129, 334-342, 2014",
      "year": 2014,
      "citations": 78
    },
    {
      "title": "Multi-feature multi-manifold learning for single-sample face recognition",
      "url": "https://scholar.google.com/citations?view_op=view_citation&hl=en&user=-AQLKlsAAAAJ&citation_for_view=-AQLKlsAAAAJ:qjMakFHDy7sC",
      "authors": "H Yan, J Lu, X Zhou, Y Shang",
      "venue": "Neurocomputing 143, 134-143, 2014",
      "year": 2014,
      "citations": 61
    },
    {
      "title": "Weighted biased linear discriminant analysis for misalignment-robust facial expression recognition",
      "url": "https://scholar.google.com/citations?view_op=view_citation&hl=en&user=-AQLKlsAAAAJ&citation_for_view=-AQLKlsAAAAJ:eQOLeE2rZwMC",
      "authors": "H Yan, MH Ang Jr, AN Poo",
      "venue": "IEEE International Conference on Robotics and Automation (ICRA), 3881-3886, 2011",
      "year": 2011,
      "citations": 29
    },
    {
      "title": "Cross-dataset facial expression recognition",
      "url": "https://scholar.google.com/citations?view_op=view_citation&hl=en&user=-AQLKlsAAAAJ&citation_for_view=-AQLKlsAAAAJ:u-x6o8ySG0sC",
      "authors": "H Yan, VMH Ang, AN Poo",
      "venue": "IEEE International Conference on Robotics and Automation (ICRA), 5985-5990, 2011",
      "year": 2011,
      "citations": 29
    }
  ],
  "co_authors": [
    {
      "name": "Jiwen Lu (鲁继文)",
      "scholar_id": "TN8uDQoAAAAJ",
      "url": "https://scholar.google.com/citations?user=TN8uDQoAAAAJ"
    },
    {
      "name": "Marcelo Ang",
      "scholar_id": "dMogb2EAAAAJ",
      "url": "https://scholar.google.com/citations?user=dMogb2EAAAAJ"
    },
    {
      "name": "Weihong Deng",
      "scholar_id": "1rhBlUEAAAAJ",
      "url": "https://scholar.google.com/citations?user=1rhBlUEAAAAJ"
    },
    {
      "name": "Junlin Hu",
      "scholar_id": "P5epW8oAAAAJ",
      "url": "https://scholar.google.com/citations?user=P5epW8oAAAAJ"
    },
    {
      "name": "Venice Erin Liong",
      "scholar_id": "q3AmlWMAAAAJ",
      "url": "https://scholar.google.com/citations?user=q3AmlWMAAAAJ"
    }
  ]
}