{
  "author_info": {
    "name": "Zhengzhuo Xu",
    "affiliation": "清华大学",
    "email_verified": "Verified email at mails.tsinghua.edu.cn",
    "interests": [],
    "photo_url": "/citations/images/avatar_scholar_128.png"
  },
  "citation_stats": {
    "citations_all": 779,
    "citations_since_2020": 779,
    "h_index_all": 15,
    "h_index_since_2020": 15,
    "i10_index_all": 18,
    "i10_index_since_2020": 18,
    "citation_graph": [
      {
        "year": 2020,
        "citations": 14
      },
      {
        "year": 2021,
        "citations": 14
      },
      {
        "year": 2022,
        "citations": 20
      },
      {
        "year": 2023,
        "citations": 84
      },
      {
        "year": 2024,
        "citations": 199
      },
      {
        "year": 2025,
        "citations": 443
      }
    ]
  },
  "papers": [
    {
      "title": "Seed1. 5-vl technical report",
      "url": "https://scholar.google.com/citations?view_op=view_citation&hl=en&user=08hV-X8AAAAJ&citation_for_view=08hV-X8AAAAJ:MXK_kJrjxJIC",
      "authors": "D Guo, F Wu, F Zhu, F Leng, G Shi, H Chen, H Fan, J Wang, J Jiang, ...",
      "venue": "arXiv preprint arXiv:2505.07062, 2025",
      "year": 2025,
      "citations": 117
    },
    {
      "title": "MultiChartQA: Benchmarking vision-language models on multi-chart problems",
      "url": "https://scholar.google.com/citations?view_op=view_citation&hl=en&user=08hV-X8AAAAJ&citation_for_view=08hV-X8AAAAJ:5nxA0vEk-isC",
      "authors": "Z Zhu, M Jia, Z Zhang, L Li, M Jiang",
      "venue": "Proceedings of the 2025 Conference of the Nations of the Americas Chapter of …, 2025",
      "year": 2025,
      "citations": 16
    },
    {
      "title": "Intactkv: Improving large language model quantization by keeping pivot tokens intact",
      "url": "https://scholar.google.com/citations?view_op=view_citation&hl=en&user=08hV-X8AAAAJ&citation_for_view=08hV-X8AAAAJ:_FxGoFyzp5QC",
      "authors": "R Liu, H Bai, H Lin, Y Li, H Gao, Z Xu, L Hou, J Yao, C Yuan",
      "venue": "arXiv preprint arXiv:2403.01241, 2024",
      "year": 2024,
      "citations": 47
    },
    {
      "title": "ChartMoE: Mixture of diversely aligned expert connector for chart understanding",
      "url": "https://scholar.google.com/citations?view_op=view_citation&hl=en&user=08hV-X8AAAAJ&citation_for_view=08hV-X8AAAAJ:hqOjcs7Dif8C",
      "authors": "Z Xu, B Qu, Y Qi, S Du, C Xu, C Yuan, J Guo",
      "venue": "arXiv preprint arXiv:2409.03277, 2024",
      "year": 2024,
      "citations": 26
    },
    {
      "title": "Learning imbalanced data with vision transformers",
      "url": "https://scholar.google.com/citations?view_op=view_citation&hl=en&user=08hV-X8AAAAJ&citation_for_view=08hV-X8AAAAJ:Tyk-4Ss8FVUC",
      "authors": "Z Xu, R Liu, S Yang, Z Chai, C Yuan",
      "venue": "Proceedings of the IEEE/CVF conference on computer vision and pattern …, 2023",
      "year": 2023,
      "citations": 85
    },
    {
      "title": "Chartbench: A benchmark for complex visual reasoning in charts",
      "url": "https://scholar.google.com/citations?view_op=view_citation&hl=en&user=08hV-X8AAAAJ&citation_for_view=08hV-X8AAAAJ:WF5omc3nYNoC",
      "authors": "Z Xu, S Du, Y Qi, C Xu, C Yuan, J Guo",
      "venue": "arXiv preprint arXiv:2312.15915, 2023",
      "year": 2023,
      "citations": 73
    },
    {
      "title": "Accurate 3d face reconstruction with facial component tokens",
      "url": "https://scholar.google.com/citations?view_op=view_citation&hl=en&user=08hV-X8AAAAJ&citation_for_view=08hV-X8AAAAJ:eQOLeE2rZwMC",
      "authors": "T Zhang, X Chu, Y Liu, L Lin, Z Yang, Z Xu, C Cao, F Yu, C Zhou, C Yuan, ...",
      "venue": "Proceedings of the IEEE/CVF international conference on computer vision …, 2023",
      "year": 2023,
      "citations": 33
    },
    {
      "title": "A lightweight approach for network intrusion detection based on self-knowledge distillation",
      "url": "https://scholar.google.com/citations?view_op=view_citation&hl=en&user=08hV-X8AAAAJ&citation_for_view=08hV-X8AAAAJ:roLk4NBRz8UC",
      "authors": "S Yang, X Zheng, Z Xu, X Wang",
      "venue": "ICC 2023-IEEE International Conference on Communications, 3000-3005, 2023",
      "year": 2023,
      "citations": 23
    },
    {
      "title": "Towards effective collaborative learning in long-tailed recognition",
      "url": "https://scholar.google.com/citations?view_op=view_citation&hl=en&user=08hV-X8AAAAJ&citation_for_view=08hV-X8AAAAJ:YsMSGLbcyi4C",
      "authors": "Z Xu, Z Chai, C Xu, C Yuan, H Yang",
      "venue": "IEEE Transactions on Multimedia 26, 3754-3764, 2023",
      "year": 2023,
      "citations": 12
    },
    {
      "title": "Rethink long-tailed recognition with vision transforms",
      "url": "https://scholar.google.com/citations?view_op=view_citation&hl=en&user=08hV-X8AAAAJ&citation_for_view=08hV-X8AAAAJ:W7OEmFMy1HYC",
      "authors": "Z Xu, S Yang, X Wang, C Yuan",
      "venue": "ICASSP 2023-2023 IEEE International Conference on Acoustics, Speech and …, 2023",
      "year": 2023,
      "citations": 5
    },
    {
      "title": "Realy: Rethinking the evaluation of 3d face reconstruction",
      "url": "https://scholar.google.com/citations?view_op=view_citation&hl=en&user=08hV-X8AAAAJ&citation_for_view=08hV-X8AAAAJ:zYLM7Y9cAGgC",
      "authors": "Z Chai, H Zhang, J Ren, D Kang, Z Xu, X Zhe, C Yuan, L Bao",
      "venue": "European conference on computer vision, 74-92, 2022",
      "year": 2022,
      "citations": 60
    },
    {
      "title": "HHF: Hashing-guided hinge function for deep hashing retrieval",
      "url": "https://scholar.google.com/citations?view_op=view_citation&hl=en&user=08hV-X8AAAAJ&citation_for_view=08hV-X8AAAAJ:qjMakFHDy7sC",
      "authors": "C Xu, Z Chai, Z Xu, H Li, Q Zuo, L Yang, C Yuan",
      "venue": "IEEE Transactions on Multimedia 25, 7428-7440, 2022",
      "year": 2022,
      "citations": 43
    },
    {
      "title": "HyP2 Loss: Beyond Hypersphere Metric Space for Multi-label Image Retrieval",
      "url": "https://scholar.google.com/citations?view_op=view_citation&hl=en&user=08hV-X8AAAAJ&citation_for_view=08hV-X8AAAAJ:IjCSPb-OGe4C",
      "authors": "C Xu, Z Chai, Z Xu, C Yuan, Y Fan, J Wang",
      "venue": "Proceedings of the 30th ACM international conference on multimedia, 3173-3184, 2022",
      "year": 2022,
      "citations": 40
    },
    {
      "title": "Semantic-sparse colorization network for deep exemplar-based colorization",
      "url": "https://scholar.google.com/citations?view_op=view_citation&hl=en&user=08hV-X8AAAAJ&citation_for_view=08hV-X8AAAAJ:2osOgNQ5qMEC",
      "authors": "Y Bai, C Dong, Z Chai, A Wang, Z Xu, C Yuan",
      "venue": "European Conference on Computer Vision, 505-521, 2022",
      "year": 2022,
      "citations": 25
    },
    {
      "title": "CMS-LSTM: Context embedding and multi-scale spatiotemporal expression LSTM for predictive learning",
      "url": "https://scholar.google.com/citations?view_op=view_citation&hl=en&user=08hV-X8AAAAJ&citation_for_view=08hV-X8AAAAJ:Y0pCki6q_DkC",
      "authors": "Z Chai, Z Xu, Y Bail, Z Lin, C Yuan",
      "venue": "2022 IEEE International Conference on Multimedia and Expo (ICME), 01-06, 2022",
      "year": 2022,
      "citations": 18
    },
    {
      "title": "Modernn: Towards fine-grained motion details for spatiotemporal predictive learning",
      "url": "https://scholar.google.com/citations?view_op=view_citation&hl=en&user=08hV-X8AAAAJ&citation_for_view=08hV-X8AAAAJ:UeHWp8X0CEIC",
      "authors": "Z Chai, Z Xu, C Yuan",
      "venue": "ICASSP 2022-2022 IEEE International Conference on Acoustics, Speech and …, 2022",
      "year": 2022,
      "citations": 5
    },
    {
      "title": "Towards calibrated model for long-tailed visual recognition from prior perspective",
      "url": "https://scholar.google.com/citations?view_op=view_citation&hl=en&user=08hV-X8AAAAJ&citation_for_view=08hV-X8AAAAJ:9yKSN-GCB0IC",
      "authors": "Z Xu, Z Chai, C Yuan",
      "venue": "Advances in Neural Information Processing Systems 34, 7139-7152, 2021",
      "year": 2021,
      "citations": 81
    },
    {
      "title": "Backscatter-assisted computation offloading for energy harvesting IoT devices via policy-based deep reinforcement learning",
      "url": "https://scholar.google.com/citations?view_op=view_citation&hl=en&user=08hV-X8AAAAJ&citation_for_view=08hV-X8AAAAJ:u5HHmVD_uO8C",
      "authors": "Y Xie, Z Xu, Y Zhong, J Xu, S Gong, Y Wang",
      "venue": "2019 IEEE/CIC international conference on communications workshops in China …, 2019",
      "year": 2019,
      "citations": 40
    },
    {
      "title": "Backscatter-assisted hybrid relaying strategy for wireless powered IoT communications",
      "url": "https://scholar.google.com/citations?view_op=view_citation&hl=en&user=08hV-X8AAAAJ&citation_for_view=08hV-X8AAAAJ:u-x6o8ySG0sC",
      "authors": "Y Xie, Z Xu, S Gong, J Xu, DT Hoang, D Niyato",
      "venue": "2019 IEEE Global Communications Conference (GLOBECOM), 1-6, 2019",
      "year": 2019,
      "citations": 14
    },
    {
      "title": "Backscatter-aided hybrid data offloading for mobile edge computing via deep reinforcement learning",
      "url": "https://scholar.google.com/citations?view_op=view_citation&hl=en&user=08hV-X8AAAAJ&citation_for_view=08hV-X8AAAAJ:d1gkVwhDpl0C",
      "authors": "Y Xie, Z Xu, J Xu, S Gong, Y Wang",
      "venue": "International Conference on Machine Learning and Intelligent Communications …, 2019",
      "year": 2019,
      "citations": 11
    }
  ],
  "co_authors": []
}