{
  "author_info": {
    "name": "Eunsom Jeon",
    "affiliation": "Seoul National University of Science and Technology",
    "email_verified": "Verified email at seoultech.ac.kr",
    "interests": [],
    "photo_url": "/citations/images/avatar_scholar_128.png"
  },
  "citation_stats": {
    "citations_all": 248,
    "citations_since_2020": 168,
    "h_index_all": 8,
    "h_index_since_2020": 8,
    "i10_index_all": 6,
    "i10_index_since_2020": 6,
    "citation_graph": [
      {
        "year": 2015,
        "citations": 5
      },
      {
        "year": 2016,
        "citations": 13
      },
      {
        "year": 2017,
        "citations": 25
      },
      {
        "year": 2018,
        "citations": 16
      },
      {
        "year": 2019,
        "citations": 20
      },
      {
        "year": 2020,
        "citations": 23
      },
      {
        "year": 2021,
        "citations": 26
      },
      {
        "year": 2022,
        "citations": 13
      },
      {
        "year": 2023,
        "citations": 32
      },
      {
        "year": 2024,
        "citations": 32
      },
      {
        "year": 2025,
        "citations": 42
      }
    ]
  },
  "papers": [
    {
      "title": "Deep Geometric Moments Promote Shape Consistency in Text-to-3D Generation",
      "url": "https://scholar.google.com/citations?view_op=view_citation&hl=en&user=-MWWsMUAAAAJ&citation_for_view=-MWWsMUAAAAJ:LkGwnXOMwfcC",
      "authors": "U Nath, R Goel, ES Jeon, C Kim, K Min, Y Yang, Y Yang, P Turaga",
      "venue": "2025 IEEE/CVF Winter Conference on Applications of Computer Vision (WACV …, 2025",
      "year": 2025,
      "citations": 3
    },
    {
      "title": "Ground Reaction Force Estimation via Time-aware Knowledge Distillation",
      "url": "https://scholar.google.com/citations?view_op=view_citation&hl=en&user=-MWWsMUAAAAJ&citation_for_view=-MWWsMUAAAAJ:5nxA0vEk-isC",
      "authors": "ES Jeon, S Mitra, J Lee, OM Save, A Shukla, H Lee, P Turaga",
      "venue": "IEEE Internet of Things Journal, 2025",
      "year": 2025,
      "citations": 2
    },
    {
      "title": "Image Representation-Driven Knowledge Distillation for Improved Time-Series Interpretation on Wearable Sensor Data",
      "url": "https://scholar.google.com/citations?view_op=view_citation&hl=en&user=-MWWsMUAAAAJ&citation_for_view=-MWWsMUAAAAJ:MXK_kJrjxJIC",
      "authors": "JC Jeong, MP Buman, P Turaga, ES Jeon",
      "venue": "Sensors 25 (20), 6396, 2025",
      "year": 2025,
      "citations": 0
    },
    {
      "title": "DCR-KD: Dynamic Class Relation Knowledge Distillation for Semantic Segmentation With the Frontal-Viewing Camera of Limited Field of View in an Internet of Things Environment",
      "url": "https://scholar.google.com/citations?view_op=view_citation&hl=en&user=-MWWsMUAAAAJ&citation_for_view=-MWWsMUAAAAJ:8k81kl-MbHgC",
      "authors": "SI Jeong, MS Jeong, ES Jeon, KR Park",
      "venue": "IEEE Internet of Things Journal, 2025",
      "year": 2025,
      "citations": 0
    },
    {
      "title": "Intra-class patch swap for self-distillation",
      "url": "https://scholar.google.com/citations?view_op=view_citation&hl=en&user=-MWWsMUAAAAJ&citation_for_view=-MWWsMUAAAAJ:0EnyYjriUFMC",
      "authors": "H Choi, ES Jeon, A Shukla, P Turaga",
      "venue": "Neurocomputing, 130408, 2025",
      "year": 2025,
      "citations": 0
    },
    {
      "title": "Topological persistence guided knowledge distillation for wearable sensor data",
      "url": "https://scholar.google.com/citations?view_op=view_citation&hl=en&user=-MWWsMUAAAAJ&citation_for_view=-MWWsMUAAAAJ:eQOLeE2rZwMC",
      "authors": "ES Jeon, H Choi, A Shukla, Y Wang, H Lee, MP Buman, P Turaga",
      "venue": "Engineering applications of artificial intelligence 130, 107719, 2024",
      "year": 2024,
      "citations": 8
    },
    {
      "title": "Robustness of topological persistence in knowledge distillation for wearable sensor data",
      "url": "https://scholar.google.com/citations?view_op=view_citation&hl=en&user=-MWWsMUAAAAJ&citation_for_view=-MWWsMUAAAAJ:UebtZRa9Y70C",
      "authors": "ES Jeon, H Choi, A Shukla, Y Wang, MP Buman, H Lee, P Turaga",
      "venue": "EPJ Data Science 13 (1), 77, 2024",
      "year": 2024,
      "citations": 1
    },
    {
      "title": "Leveraging topological guidance for improved knowledge distillation",
      "url": "https://scholar.google.com/citations?view_op=view_citation&hl=en&user=-MWWsMUAAAAJ&citation_for_view=-MWWsMUAAAAJ:_FxGoFyzp5QC",
      "authors": "ES Jeon, R Khurana, A Pathak, P Turaga",
      "venue": "arXiv preprint arXiv:2407.05316, 2024",
      "year": 2024,
      "citations": 1
    },
    {
      "title": "Uncertainty-aware topological persistence guided knowledge distillation on wearable sensor data",
      "url": "https://scholar.google.com/citations?view_op=view_citation&hl=en&user=-MWWsMUAAAAJ&citation_for_view=-MWWsMUAAAAJ:ufrVoPGSRksC",
      "authors": "ES Jeon, MP Buman, P Turaga",
      "venue": "IEEE Internet of Things Journal 11 (18), 30413-30429, 2024",
      "year": 2024,
      "citations": 1
    },
    {
      "title": "Role of Mixup in Topological Persistence Based Knowledge Distillation for Wearable Sensor Data",
      "url": "https://scholar.google.com/citations?view_op=view_citation&hl=en&user=-MWWsMUAAAAJ&citation_for_view=-MWWsMUAAAAJ:hqOjcs7Dif8C",
      "authors": "ES Jeon, H Choi, MP Buman, P Turaga",
      "venue": "IEEE Sensors Journal, 2024",
      "year": 2024,
      "citations": 0
    },
    {
      "title": "Debiasing Global Workspace: A Cognitive Neural Framework for Learning Debiased and Interpretable Representations",
      "url": "https://scholar.google.com/citations?view_op=view_citation&hl=en&user=-MWWsMUAAAAJ&citation_for_view=-MWWsMUAAAAJ:roLk4NBRz8UC",
      "authors": "J Hong, ES Jeon, C Kim, KH Park, U Nath, Y Yang, PK Turaga, TP Pavlic",
      "venue": "NeurIPS 2024 Workshop on Behavioral Machine Learning, 2024",
      "year": 2024,
      "citations": 0
    },
    {
      "title": "Understanding the role of mixup in knowledge distillation: An empirical study",
      "url": "https://scholar.google.com/citations?view_op=view_citation&hl=en&user=-MWWsMUAAAAJ&citation_for_view=-MWWsMUAAAAJ:UeHWp8X0CEIC",
      "authors": "H Choi, ES Jeon, A Shukla, P Turaga",
      "venue": "Proceedings of the IEEE/CVF Winter Conference on Applications of Computer …, 2023",
      "year": 2023,
      "citations": 16
    },
    {
      "title": "Leveraging angular distributions for improved knowledge distillation",
      "url": "https://scholar.google.com/citations?view_op=view_citation&hl=en&user=-MWWsMUAAAAJ&citation_for_view=-MWWsMUAAAAJ:IjCSPb-OGe4C",
      "authors": "ES Jeon, H Choi, A Shukla, P Turaga",
      "venue": "Neurocomputing 518, 466-481, 2023",
      "year": 2023,
      "citations": 8
    },
    {
      "title": "Robust time series recovery and classification using test-time noise simulator networks",
      "url": "https://scholar.google.com/citations?view_op=view_citation&hl=en&user=-MWWsMUAAAAJ&citation_for_view=-MWWsMUAAAAJ:Y0pCki6q_DkC",
      "authors": "ES Jeon, S Lohit, R Anirudh, P Turaga",
      "venue": "ICASSP 2023-2023 IEEE International Conference on Acoustics, Speech and …, 2023",
      "year": 2023,
      "citations": 5
    },
    {
      "title": "Constrained adaptive distillation based on topological persistence for wearable sensor data",
      "url": "https://scholar.google.com/citations?view_op=view_citation&hl=en&user=-MWWsMUAAAAJ&citation_for_view=-MWWsMUAAAAJ:W7OEmFMy1HYC",
      "authors": "ES Jeon, H Choi, A Shukla, Y Wang, MP Buman, P Turaga",
      "venue": "IEEE transactions on instrumentation and measurement 72, 1-14, 2023",
      "year": 2023,
      "citations": 3
    },
    {
      "title": "Topological knowledge distillation for wearable sensor data",
      "url": "https://scholar.google.com/citations?view_op=view_citation&hl=en&user=-MWWsMUAAAAJ&citation_for_view=-MWWsMUAAAAJ:Tyk-4Ss8FVUC",
      "authors": "ES Jeon, H Choi, A Shukla, Y Wang, MP Buman, P Turaga",
      "venue": "2022 56th Asilomar Conference on Signals, Systems, and Computers, 837-842, 2022",
      "year": 2022,
      "citations": 10
    },
    {
      "title": "Role of data augmentation strategies in knowledge distillation for wearable sensor data",
      "url": "https://scholar.google.com/citations?view_op=view_citation&hl=en&user=-MWWsMUAAAAJ&citation_for_view=-MWWsMUAAAAJ:2osOgNQ5qMEC",
      "authors": "ES Jeon, A Som, A Shukla, K Hasanaj, MP Buman, P Turaga",
      "venue": "IEEE internet of things journal 9 (14), 12848-12860, 2021",
      "year": 2021,
      "citations": 23
    },
    {
      "title": "Human detection based on the generation of a background image and fuzzy system by using a thermal camera",
      "url": "https://scholar.google.com/citations?view_op=view_citation&hl=en&user=-MWWsMUAAAAJ&citation_for_view=-MWWsMUAAAAJ:u5HHmVD_uO8C",
      "authors": "ES Jeon, JH Kim, HG Hong, G Batchuluun, KR Park",
      "venue": "Sensors 16 (4), 453, 2016",
      "year": 2016,
      "citations": 30
    },
    {
      "title": "Human detection based on the generation of a background image by using a far-infrared light camera",
      "url": "https://scholar.google.com/citations?view_op=view_citation&hl=en&user=-MWWsMUAAAAJ&citation_for_view=-MWWsMUAAAAJ:9yKSN-GCB0IC",
      "authors": "ES Jeon, JS Choi, JH Lee, KY Shin, YG Kim, TT Le, KR Park",
      "venue": "Sensors 15 (3), 6763-6788, 2015",
      "year": 2015,
      "citations": 76
    },
    {
      "title": "Robust pedestrian detection by combining visible and thermal infrared cameras",
      "url": "https://scholar.google.com/citations?view_op=view_citation&hl=en&user=-MWWsMUAAAAJ&citation_for_view=-MWWsMUAAAAJ:d1gkVwhDpl0C",
      "authors": "JH Lee, JS Choi, ES Jeon, YG Kim, T Thanh Le, KY Shin, HC Lee, ...",
      "venue": "Sensors 15 (5), 10580-10615, 2015",
      "year": 2015,
      "citations": 61
    }
  ],
  "co_authors": []
}