{
  "author_info": {
    "name": "Xizhe Xue",
    "affiliation": "Technical University of Munich",
    "email_verified": "Verified email at tum.de - Homepage",
    "website": "https://www.asg.ed.tum.de/sipeo/team/dr-xizhe-xue/",
    "interests": [
      "AI4EO",
      "VLM",
      "Aerial Vision",
      "HSI classification",
      "Open world vision"
    ],
    "photo_url": "/citations/images/avatar_scholar_128.png"
  },
  "citation_stats": {
    "citations_all": 830,
    "citations_since_2020": 791,
    "h_index_all": 9,
    "h_index_since_2020": 9,
    "i10_index_all": 9,
    "i10_index_since_2020": 9,
    "citation_graph": [
      {
        "year": 2018,
        "citations": 5
      },
      {
        "year": 2019,
        "citations": 32
      },
      {
        "year": 2020,
        "citations": 71
      },
      {
        "year": 2021,
        "citations": 112
      },
      {
        "year": 2022,
        "citations": 125
      },
      {
        "year": 2023,
        "citations": 137
      },
      {
        "year": 2024,
        "citations": 152
      },
      {
        "year": 2025,
        "citations": 193
      }
    ]
  },
  "papers": [
    {
      "title": "Advancements in vision–language models for remote sensing: Datasets, capabilities, and enhancement techniques",
      "url": "https://scholar.google.com/citations?view_op=view_citation&hl=en&user=-IbM66UAAAAJ&citation_for_view=-IbM66UAAAAJ:qxL8FJ1GzNcC",
      "authors": "L Tao, H Zhang, H Jing, Y Liu, D Yan, G Wei, X Xue",
      "venue": "Remote Sensing 17 (1), 162, 2025",
      "year": 2025,
      "citations": 24
    },
    {
      "title": "Bridging Sensor Gaps via Attention Gated Tuning for Hyperspectral Image Classification",
      "url": "https://scholar.google.com/citations?view_op=view_citation&hl=en&user=-IbM66UAAAAJ&citation_for_view=-IbM66UAAAAJ:QIV2ME_5wuYC",
      "authors": "X Xue, H Zhang, H Jing, L Tao, Z Bai, Y Li",
      "venue": "IEEE Journal of Selected Topics in Applied Earth Observations and Remote Sensing, 2025",
      "year": 2025,
      "citations": 3
    },
    {
      "title": "Regression in Earth Observation: Are vision–language models up to the challenge?",
      "url": "https://scholar.google.com/citations?view_op=view_citation&hl=en&user=-IbM66UAAAAJ&citation_for_view=-IbM66UAAAAJ:mB3voiENLucC",
      "authors": "X Xue, XX Zhu",
      "venue": "IEEE Geoscience and Remote Sensing Magazine, 2025",
      "year": 2025,
      "citations": 2
    },
    {
      "title": "Open-Vocabulary Object Detection in UAV Imagery: A Review and Future Perspectives",
      "url": "https://scholar.google.com/citations?view_op=view_citation&hl=en&user=-IbM66UAAAAJ&citation_for_view=-IbM66UAAAAJ:hFOr9nPyWt4C",
      "authors": "Y Zhou, J Li, C Ou, D Yan, H Zhang, X Xue",
      "venue": "Drones 9 (8), 557, 2025",
      "year": 2025,
      "citations": 1
    },
    {
      "title": "UVLM: Benchmarking Video Language Model for Underwater World Understanding",
      "url": "https://scholar.google.com/citations?view_op=view_citation&hl=en&user=-IbM66UAAAAJ&citation_for_view=-IbM66UAAAAJ:hC7cP41nSMkC",
      "authors": "X Xue, Y Zhou, D Yan, Y Li, H Zhang, R Xiao",
      "venue": "Proceedings of the AAAI Conference on Artificial Intelligence, arXiv …, 2025",
      "year": 2025,
      "citations": 1
    },
    {
      "title": "From Word to Sentence: A Large-Scale Multi-Instance Dataset for Open-Set Aerial Detection",
      "url": "https://scholar.google.com/citations?view_op=view_citation&hl=en&user=-IbM66UAAAAJ&citation_for_view=-IbM66UAAAAJ:ZeXyd9-uunAC",
      "authors": "G Wei, Y Liu, X Yuan, X Xue, L Guo, Y Yang, C Zhao, Z Bai, H Zhang, ...",
      "venue": "arXiv preprint arXiv:2505.03334, 2025",
      "year": 2025,
      "citations": 1
    },
    {
      "title": "Ova-det: Open vocabulary aerial object detection with image-text collaboration",
      "url": "https://scholar.google.com/citations?view_op=view_citation&hl=en&user=-IbM66UAAAAJ&citation_for_view=-IbM66UAAAAJ:-f6ydRqryjwC",
      "authors": "G Wei, X Yuan, Y Liu, Z Shang, X Xue, P Wang, K Yao, C Zhao, H Zhang, ...",
      "venue": "arXiv preprint arXiv:2408.12246, 2024",
      "year": 2024,
      "citations": 12
    },
    {
      "title": "Reo-vlm: Transforming vlm to meet regression challenges in earth observation",
      "url": "https://scholar.google.com/citations?view_op=view_citation&hl=en&user=-IbM66UAAAAJ&citation_for_view=-IbM66UAAAAJ:9ZlFYXVOiuMC",
      "authors": "X Xue, G Wei, H Chen, H Zhang, F Lin, C Shen, XX Zhu",
      "venue": "arXiv preprint arXiv:2412.16583, 2024",
      "year": 2024,
      "citations": 6
    },
    {
      "title": "3d-rcnet: Learning from transformer to build a 3d relational convnet for hyperspectral image classification",
      "url": "https://scholar.google.com/citations?view_op=view_citation&hl=en&user=-IbM66UAAAAJ&citation_for_view=-IbM66UAAAAJ:M3ejUd6NZC8C",
      "authors": "H Jing, L Wan, X Xue, H Zhang, Y Li",
      "venue": "arXiv preprint arXiv:2408.13728, 2024",
      "year": 2024,
      "citations": 2
    },
    {
      "title": "Transformer-based open-world instance segmentation with cross-task consistency regularization",
      "url": "https://scholar.google.com/citations?view_op=view_citation&hl=en&user=-IbM66UAAAAJ&citation_for_view=-IbM66UAAAAJ:Zph67rFs4hoC",
      "authors": "X Xue, D Yu, L Liu, Y Liu, S Tsutsui, Y Li, Z Yuan, P Song, MZ Shou",
      "venue": "Proceedings of the 31st ACM International Conference on Multimedia, 2507-2515, 2023",
      "year": 2023,
      "citations": 6
    },
    {
      "title": "Grafting Transformer on Automatically Designed Convolutional Neural Network for Hyperspectral Image Classification",
      "url": "https://scholar.google.com/citations?view_op=view_citation&hl=en&user=-IbM66UAAAAJ&citation_for_view=-IbM66UAAAAJ:UebtZRa9Y70C",
      "authors": "X Xue, H Zhang, Z Bai, Y Li",
      "venue": "IEEE Transactions on Geoscience and Remote Sensing 60, 1-16, 2022",
      "year": 2022,
      "citations": 40
    },
    {
      "title": "Learning correlation filter with fused feature and reliable response for real-time tracking",
      "url": "https://scholar.google.com/citations?view_op=view_citation&hl=en&user=-IbM66UAAAAJ&citation_for_view=-IbM66UAAAAJ:MXK_kJrjxJIC",
      "authors": "B Lin, X Xue, Y Li, Q Shen",
      "venue": "Journal of Real-Time Image Processing 19 (2), 417-427, 2022",
      "year": 2022,
      "citations": 4
    },
    {
      "title": "DCF-ASN: Coarse-to-fine Real-time Visual Tracking via Discriminative Correlation Filter and Attentional Siamese Network",
      "url": "https://scholar.google.com/citations?view_op=view_citation&hl=en&user=-IbM66UAAAAJ&citation_for_view=-IbM66UAAAAJ:hqOjcs7Dif8C",
      "authors": "X Xue, Y Li, X Yin, Q Shen",
      "venue": "arXiv preprint arXiv:2103.10607, 2021",
      "year": 2021,
      "citations": 1
    },
    {
      "title": "Semantic-aware real-time correlation tracking framework for UAV videos",
      "url": "https://scholar.google.com/citations?view_op=view_citation&hl=en&user=-IbM66UAAAAJ&citation_for_view=-IbM66UAAAAJ:eQOLeE2rZwMC",
      "authors": "X Xue, Y Li, X Yin, C Shang, T Peng, Q Shen",
      "venue": "IEEE transactions on cybernetics 52 (4), 2418-2429, 2020",
      "year": 2020,
      "citations": 19
    },
    {
      "title": "VisDrone-SOT2019: The vision meets drone single object tracking challenge results",
      "url": "https://scholar.google.com/citations?view_op=view_citation&hl=en&user=-IbM66UAAAAJ&citation_for_view=-IbM66UAAAAJ:7PzlFSSx8tAC",
      "authors": "D Du, P Zhu, L Wen, X Bian, H Ling, Q Hu, J Zheng, T Peng, X Wang, ...",
      "venue": "Proceedings of the IEEE/CVF International Conference on Computer Vision …, 2019",
      "year": 2019,
      "citations": 81
    },
    {
      "title": "Robust particle tracking via spatio-temporal context learning and multi-task joint local sparse representation",
      "url": "https://scholar.google.com/citations?view_op=view_citation&hl=en&user=-IbM66UAAAAJ&citation_for_view=-IbM66UAAAAJ:0EnyYjriUFMC",
      "authors": "X Xue, Y Li",
      "venue": "Multimedia Tools and Applications 78 (15), 21187-21204, 2019",
      "year": 2019,
      "citations": 6
    },
    {
      "title": "Deep learning for remote sensing image classification: A survey",
      "url": "https://scholar.google.com/citations?view_op=view_citation&hl=en&user=-IbM66UAAAAJ&citation_for_view=-IbM66UAAAAJ:_FxGoFyzp5QC",
      "authors": "Y Li, H Zhang, X Xue, Y Jiang, Q Shen",
      "venue": "Wiley Interdisciplinary Reviews: Data Mining and Knowledge Discovery 8 (6 …, 2018",
      "year": 2018,
      "citations": 565
    },
    {
      "title": "Coarse-to-fine salient object detection based on deep convolutional neural networks",
      "url": "https://scholar.google.com/citations?view_op=view_citation&hl=en&user=-IbM66UAAAAJ&citation_for_view=-IbM66UAAAAJ:YsMSGLbcyi4C",
      "authors": "Y Li, F Cui, X Xue, JCW Chan",
      "venue": "Signal Processing: Image Communication 64, 21-32, 2018",
      "year": 2018,
      "citations": 22
    },
    {
      "title": "Unmanned aerial vehicle object tracking by correlation filter with adaptive appearance model",
      "url": "https://scholar.google.com/citations?view_op=view_citation&hl=en&user=-IbM66UAAAAJ&citation_for_view=-IbM66UAAAAJ:LkGwnXOMwfcC",
      "authors": "X Xue, Y Li, Q Shen",
      "venue": "Sensors 18 (9), 2751, 2018",
      "year": 2018,
      "citations": 20
    },
    {
      "title": "Robust correlation tracking for UAV videos via feature fusion and saliency proposals",
      "url": "https://scholar.google.com/citations?view_op=view_citation&hl=en&user=-IbM66UAAAAJ&citation_for_view=-IbM66UAAAAJ:Se3iqnhoufwC",
      "authors": "X Xue, Y Li, H Dong, Q Shen",
      "venue": "Remote sensing 10 (10), 1644, 2018",
      "year": 2018,
      "citations": 13
    }
  ],
  "co_authors": [
    {
      "name": "Haokui Zhang",
      "scholar_id": "m3gPwCoAAAAJ",
      "url": "https://scholar.google.com/citations?user=m3gPwCoAAAAJ"
    },
    {
      "name": "Qiang Shen",
      "scholar_id": "bew3SPIAAAAJ",
      "url": "https://scholar.google.com/citations?user=bew3SPIAAAAJ"
    },
    {
      "name": "Yu Liu",
      "scholar_id": "g_gMjsYAAAAJ",
      "url": "https://scholar.google.com/citations?user=g_gMjsYAAAAJ"
    },
    {
      "name": "Xiao Xiang Zhu",
      "scholar_id": "CNakdIgAAAAJ",
      "url": "https://scholar.google.com/citations?user=CNakdIgAAAAJ"
    },
    {
      "name": "Jonathan Cheung-Wai Chan",
      "scholar_id": "qt-t5P0AAAAJ",
      "url": "https://scholar.google.com/citations?user=qt-t5P0AAAAJ"
    },
    {
      "name": "Mike Z. SHOU",
      "scholar_id": "h1-3lSoAAAAJ",
      "url": "https://scholar.google.com/citations?user=h1-3lSoAAAAJ"
    },
    {
      "name": "Dongdong Yu",
      "scholar_id": "B2RmjSYAAAAJ",
      "url": "https://scholar.google.com/citations?user=B2RmjSYAAAAJ"
    },
    {
      "name": "Zehuan Yuan",
      "scholar_id": "FqMOHnEAAAAJ",
      "url": "https://scholar.google.com/citations?user=FqMOHnEAAAAJ"
    },
    {
      "name": "Satoshi Tsutsui",
      "scholar_id": "tiXMNRIAAAAJ",
      "url": "https://scholar.google.com/citations?user=tiXMNRIAAAAJ"
    },
    {
      "name": "Lingqiao Liu",
      "scholar_id": "Y2xu62UAAAAJ",
      "url": "https://scholar.google.com/citations?user=Y2xu62UAAAAJ"
    }
  ]
}