{
  "author_info": {
    "name": "Xian Yang",
    "affiliation": "University of Manchester",
    "email_verified": "Verified email at manchester.ac.uk",
    "interests": [
      "Artificial Intelligence",
      "Machine Learning",
      "Healthcare AI",
      "Natural Language Processing"
    ],
    "photo_url": "/citations/images/avatar_scholar_128.png"
  },
  "citation_stats": {
    "citations_all": 1081,
    "citations_since_2020": 986,
    "h_index_all": 18,
    "h_index_since_2020": 17,
    "i10_index_all": 25,
    "i10_index_since_2020": 23,
    "citation_graph": [
      {
        "year": 2014,
        "citations": 9
      },
      {
        "year": 2015,
        "citations": 5
      },
      {
        "year": 2016,
        "citations": 16
      },
      {
        "year": 2017,
        "citations": 9
      },
      {
        "year": 2018,
        "citations": 14
      },
      {
        "year": 2019,
        "citations": 37
      },
      {
        "year": 2020,
        "citations": 44
      },
      {
        "year": 2021,
        "citations": 109
      },
      {
        "year": 2022,
        "citations": 127
      },
      {
        "year": 2023,
        "citations": 161
      },
      {
        "year": 2024,
        "citations": 241
      },
      {
        "year": 2025,
        "citations": 301
      }
    ]
  },
  "papers": [
    {
      "title": "Modelling patient longitudinal data for clinical decision support: A case study on emerging AI healthcare technologies",
      "url": "https://scholar.google.com/citations?view_op=view_citation&hl=en&user=-ks1YKkAAAAJ&citation_for_view=-ks1YKkAAAAJ:70eg2SAEIzsC",
      "authors": "S Niu, J Ma, Q Yin, Z Wang, L Bai, X Yang",
      "venue": "Information Systems Frontiers 27 (2), 409-427, 2025",
      "year": 2025,
      "citations": 16
    },
    {
      "title": "EHR-KnowGen: Knowledge-enhanced multimodal learning for disease diagnosis generation",
      "url": "https://scholar.google.com/citations?view_op=view_citation&hl=en&user=-ks1YKkAAAAJ&citation_for_view=-ks1YKkAAAAJ:GnPB-g6toBAC",
      "authors": "S Niu, J Ma, L Bai, Z Wang, L Guo, X Yang",
      "venue": "Information Fusion 102, 102069, 2024",
      "year": 2024,
      "citations": 59
    },
    {
      "title": "Enhancing healthcare decision support through explainable AI models for risk prediction",
      "url": "https://scholar.google.com/citations?view_op=view_citation&hl=en&user=-ks1YKkAAAAJ&citation_for_view=-ks1YKkAAAAJ:35N4QoGY0k4C",
      "authors": "S Niu, Q Yin, J Ma, Y Song, Y Xu, L Bai, W Pan, X Yang",
      "venue": "Decision Support Systems 181, 114228, 2024",
      "year": 2024,
      "citations": 28
    },
    {
      "title": "High-order graph attention network",
      "url": "https://scholar.google.com/citations?view_op=view_citation&hl=en&user=-ks1YKkAAAAJ&citation_for_view=-ks1YKkAAAAJ:blknAaTinKkC",
      "authors": "L He, L Bai, X Yang, H Du, J Liang",
      "venue": "Information Sciences 630, 222-234, 2023",
      "year": 2023,
      "citations": 76
    },
    {
      "title": "Enhancing drug recommendations via heterogeneous graph representation learning in EHR networks",
      "url": "https://scholar.google.com/citations?view_op=view_citation&hl=en&user=-ks1YKkAAAAJ&citation_for_view=-ks1YKkAAAAJ:RGFaLdJalmkC",
      "authors": "H Zhang, X Yang, L Bai, J Liang",
      "venue": "IEEE Transactions on Knowledge and Data Engineering 36 (7), 3024-3035, 2023",
      "year": 2023,
      "citations": 23
    },
    {
      "title": "Stratification of asthma by lipidomic profiling of induced sputum supernatant",
      "url": "https://scholar.google.com/citations?view_op=view_citation&hl=en&user=-ks1YKkAAAAJ&citation_for_view=-ks1YKkAAAAJ:hMod-77fHWUC",
      "authors": "J Brandsma, JPR Schofield, X Yang, F Strazzeri, C Barber, VM Goss, ...",
      "venue": "Journal of Allergy and Clinical Immunology 152 (1), 117-125, 2023",
      "year": 2023,
      "citations": 20
    },
    {
      "title": "Label dependent attention model for disease risk prediction using multimodal electronic health records",
      "url": "https://scholar.google.com/citations?view_op=view_citation&hl=en&user=-ks1YKkAAAAJ&citation_for_view=-ks1YKkAAAAJ:TFP_iSt0sucC",
      "authors": "S Niu, Q Yin, Y Song, Y Guo, X Yang",
      "venue": "2021 IEEE International Conference on Data Mining (ICDM), 449-458, 2021",
      "year": 2021,
      "citations": 28
    },
    {
      "title": "Nonlinear modulation of COVID‐19 transmission by climate conditions",
      "url": "https://scholar.google.com/citations?view_op=view_citation&hl=en&user=-ks1YKkAAAAJ&citation_for_view=-ks1YKkAAAAJ:JV2RwH3_ST0C",
      "authors": "M Gao, Q Zhou, X Yang, Q Li, S Zhang, KKL Yung, Y Guo",
      "venue": "Meteorological Applications 28 (2), e1985, 2021",
      "year": 2021,
      "citations": 18
    },
    {
      "title": "Self-supervised detection of contextual synonyms in a multi-class setting: Phenotype annotation use case",
      "url": "https://scholar.google.com/citations?view_op=view_citation&hl=en&user=-ks1YKkAAAAJ&citation_for_view=-ks1YKkAAAAJ:j3f4tGmQtD8C",
      "authors": "J Zhang, LB Trujillo, T Li, A Tanwar, G Freire, X Yang, J Ive, V Gupta, ...",
      "venue": "Proceedings of the 2021 Conference on Empirical Methods in Natural Language …, 2021",
      "year": 2021,
      "citations": 17
    },
    {
      "title": "An epidemiological modelling approach for COVID-19 via data assimilation",
      "url": "https://scholar.google.com/citations?view_op=view_citation&hl=en&user=-ks1YKkAAAAJ&citation_for_view=-ks1YKkAAAAJ:hFOr9nPyWt4C",
      "authors": "P Nadler, S Wang, R Arcucci, X Yang, Y Guo",
      "venue": "European Journal of Epidemiology 35 (8), 749, 2020",
      "year": 2020,
      "citations": 56
    },
    {
      "title": "Identifying linked incidents in large-scale online service systems",
      "url": "https://scholar.google.com/citations?view_op=view_citation&hl=en&user=-ks1YKkAAAAJ&citation_for_view=-ks1YKkAAAAJ:dhFuZR0502QC",
      "authors": "Y Chen, X Yang, H Dong, X He, H Zhang, Q Lin, J Chen, P Zhao, Y Kang, ...",
      "venue": "Proceedings of the 28th ACM joint meeting on European software engineering …, 2020",
      "year": 2020,
      "citations": 54
    },
    {
      "title": "A bayesian updating scheme for pandemics: estimating the infection dynamics of covid-19",
      "url": "https://scholar.google.com/citations?view_op=view_citation&hl=en&user=-ks1YKkAAAAJ&citation_for_view=-ks1YKkAAAAJ:hC7cP41nSMkC",
      "authors": "S Wang, X Yang, L Li, P Nadler, R Arcucci, Y Huang, Z Teng, Y Guo",
      "venue": "IEEE Computational Intelligence Magazine 15 (4), 23-33, 2020",
      "year": 2020,
      "citations": 21
    },
    {
      "title": "Integrated multi-omics analysis using variational autoencoders: application to pan-cancer classification",
      "url": "https://scholar.google.com/citations?view_op=view_citation&hl=en&user=-ks1YKkAAAAJ&citation_for_view=-ks1YKkAAAAJ:aqlVkmm33-oC",
      "authors": "X Zhang, J Zhang, K Sun, X Yang, C Dai, Y Guo",
      "venue": "2019 IEEE International Conference on Bioinformatics and Biomedicine (BIBM …, 2019",
      "year": 2019,
      "citations": 110
    },
    {
      "title": "Outage prediction and diagnosis for cloud service systems",
      "url": "https://scholar.google.com/citations?view_op=view_citation&hl=en&user=-ks1YKkAAAAJ&citation_for_view=-ks1YKkAAAAJ:_FxGoFyzp5QC",
      "authors": "Y Chen, X Yang, Q Lin, H Zhang, F Gao, Z Xu, Y Dang, D Zhang, H Dong, ...",
      "venue": "The world wide web conference, 2659-2665, 2019",
      "year": 2019,
      "citations": 103
    },
    {
      "title": "Stratification of asthma phenotypes by airway proteomic signatures",
      "url": "https://scholar.google.com/citations?view_op=view_citation&hl=en&user=-ks1YKkAAAAJ&citation_for_view=-ks1YKkAAAAJ:LkGwnXOMwfcC",
      "authors": "JPR Schofield, D Burg, B Nicholas, F Strazzeri, J Brandsma, D Staykova, ...",
      "venue": "Journal of Allergy and Clinical Immunology 144 (1), 70-82, 2019",
      "year": 2019,
      "citations": 93
    },
    {
      "title": "Epithelial dysregulation in obese severe asthmatics with gastro-oesophageal reflux",
      "url": "https://scholar.google.com/citations?view_op=view_citation&hl=en&user=-ks1YKkAAAAJ&citation_for_view=-ks1YKkAAAAJ:9yKSN-GCB0IC",
      "authors": "JM Perotin, JPR Schofield, SJ Wilson, J Ward, J Brandsma, F Strazzeri, ...",
      "venue": "European Respiratory Journal, 2019",
      "year": 2019,
      "citations": 26
    },
    {
      "title": "A computational framework for complex disease stratification from multiple large-scale datasets",
      "url": "https://scholar.google.com/citations?view_op=view_citation&hl=en&user=-ks1YKkAAAAJ&citation_for_view=-ks1YKkAAAAJ:Tyk-4Ss8FVUC",
      "authors": "B De Meulder, D Lefaudeux, AT Bansal, A Mazein, A Chaiboonchoe, ...",
      "venue": "BMC systems biology 12 (1), 60, 2018",
      "year": 2018,
      "citations": 44
    },
    {
      "title": "Lipid phenotyping of lung epithelial lining fluid in healthy human volunteers",
      "url": "https://scholar.google.com/citations?view_op=view_citation&hl=en&user=-ks1YKkAAAAJ&citation_for_view=-ks1YKkAAAAJ:2osOgNQ5qMEC",
      "authors": "J Brandsma, VM Goss, X Yang, PS Bakke, M Caruso, P Chanez, ...",
      "venue": "Metabolomics 14 (10), 123, 2018",
      "year": 2018,
      "citations": 31
    },
    {
      "title": "Large-scale label-free quantitative mapping of the sputum proteome",
      "url": "https://scholar.google.com/citations?view_op=view_citation&hl=en&user=-ks1YKkAAAAJ&citation_for_view=-ks1YKkAAAAJ:roLk4NBRz8UC",
      "authors": "D Burg, JPR Schofield, J Brandsma, D Staykova, C Folisi, A Bansal, ...",
      "venue": "Journal of proteome research 17 (6), 2072-2091, 2018",
      "year": 2018,
      "citations": 22
    },
    {
      "title": "Modelling and performance analysis of clinical pathways using the stochastic process algebra PEPA",
      "url": "https://scholar.google.com/citations?view_op=view_citation&hl=en&user=-ks1YKkAAAAJ&citation_for_view=-ks1YKkAAAAJ:zYLM7Y9cAGgC",
      "authors": "X Yang, R Han, Y Guo, J Bradley, B Cox, R Dickinson, R Kitney",
      "venue": "BMC bioinformatics 13 (Suppl 14), S4, 2012",
      "year": 2012,
      "citations": 25
    }
  ],
  "co_authors": []
}