{
  "author_info": {
    "name": "Suha Kwak",
    "affiliation": "POSTECH",
    "email_verified": "Verified email at postech.ac.kr - Homepage",
    "website": "https://suhakwak.github.io/",
    "interests": [
      "Computer Vision",
      "Machine Learning"
    ],
    "photo_url": "https://scholar.googleusercontent.com/citations?view_op=view_photo&user=-gscDIEAAAAJ&citpid=1"
  },
  "citation_stats": {
    "citations_all": 8050,
    "citations_since_2020": 6562,
    "h_index_all": 36,
    "h_index_since_2020": 33,
    "i10_index_all": 64,
    "i10_index_since_2020": 59,
    "citation_graph": [
      {
        "year": 2012,
        "citations": 22
      },
      {
        "year": 2013,
        "citations": 44
      },
      {
        "year": 2014,
        "citations": 58
      },
      {
        "year": 2015,
        "citations": 94
      },
      {
        "year": 2016,
        "citations": 180
      },
      {
        "year": 2017,
        "citations": 246
      },
      {
        "year": 2018,
        "citations": 339
      },
      {
        "year": 2019,
        "citations": 440
      },
      {
        "year": 2020,
        "citations": 557
      },
      {
        "year": 2021,
        "citations": 843
      },
      {
        "year": 2022,
        "citations": 1061
      },
      {
        "year": 2023,
        "citations": 1214
      },
      {
        "year": 2024,
        "citations": 1486
      },
      {
        "year": 2025,
        "citations": 1386
      }
    ]
  },
  "papers": [
    {
      "title": "Improving cross-modal retrieval with set of diverse embeddings",
      "url": "https://scholar.google.com/citations?view_op=view_citation&hl=en&user=-gscDIEAAAAJ&citation_for_view=-gscDIEAAAAJ:4OULZ7Gr8RgC",
      "authors": "D Kim, N Kim, S Kwak",
      "venue": "Proceedings of the IEEE/CVF conference on computer vision and pattern …, 2023",
      "year": 2023,
      "citations": 94
    },
    {
      "title": "Promptstyler: Prompt-driven style generation for source-free domain generalization",
      "url": "https://scholar.google.com/citations?view_op=view_citation&hl=en&user=-gscDIEAAAAJ&citation_for_view=-gscDIEAAAAJ:1sJd4Hv_s6UC",
      "authors": "J Cho, G Nam, S Kim, H Yang, S Kwak",
      "venue": "Proceedings of the IEEE/CVF International Conference on Computer Vision …, 2023",
      "year": 2023,
      "citations": 93
    },
    {
      "title": "Restr: Convolution-free referring image segmentation using transformers",
      "url": "https://scholar.google.com/citations?view_op=view_citation&hl=en&user=-gscDIEAAAAJ&citation_for_view=-gscDIEAAAAJ:BqipwSGYUEgC",
      "authors": "N Kim, D Kim, C Lan, W Zeng, S Kwak",
      "venue": "Proceedings of the IEEE/CVF Conference on Computer Vision and Pattern …, 2022",
      "year": 2022,
      "citations": 201
    },
    {
      "title": "Semi-supervised semantic segmentation with error localization network",
      "url": "https://scholar.google.com/citations?view_op=view_citation&hl=en&user=-gscDIEAAAAJ&citation_for_view=-gscDIEAAAAJ:ns9cj8rnVeAC",
      "authors": "D Kwon, S Kwak",
      "venue": "Proceedings of the IEEE/CVF conference on computer vision and pattern …, 2022",
      "year": 2022,
      "citations": 142
    },
    {
      "title": "Style neophile: Constantly seeking novel styles for domain generalization",
      "url": "https://scholar.google.com/citations?view_op=view_citation&hl=en&user=-gscDIEAAAAJ&citation_for_view=-gscDIEAAAAJ:vV6vV6tmYwMC",
      "authors": "J Kang, S Lee, N Kim, S Kwak",
      "venue": "Proceedings of the IEEE/CVF Conference on Computer Vision and Pattern …, 2022",
      "year": 2022,
      "citations": 137
    },
    {
      "title": "Proxy anchor loss for deep metric learning",
      "url": "https://scholar.google.com/citations?view_op=view_citation&hl=en&user=-gscDIEAAAAJ&citation_for_view=-gscDIEAAAAJ:3s1wT3WcHBgC",
      "authors": "S Kim, D Kim, M Cho, S Kwak",
      "venue": "Proceedings of the IEEE/CVF conference on computer vision and pattern …, 2020",
      "year": 2020,
      "citations": 535
    },
    {
      "title": "Motionsqueeze: Neural motion feature learning for video understanding",
      "url": "https://scholar.google.com/citations?view_op=view_citation&hl=en&user=-gscDIEAAAAJ&citation_for_view=-gscDIEAAAAJ:QIV2ME_5wuYC",
      "authors": "H Kwon, M Kim, S Kwak, M Cho",
      "venue": "European conference on computer vision, 345-362, 2020",
      "year": 2020,
      "citations": 184
    },
    {
      "title": "Weakly Supervised Learning of Instance Segmentation with Inter-pixel Relations",
      "url": "https://scholar.google.com/citations?view_op=view_citation&hl=en&user=-gscDIEAAAAJ&citation_for_view=-gscDIEAAAAJ:ULOm3_A8WrAC",
      "authors": "J Ahn, S Cho, S Kwak",
      "venue": "Proceedings of the IEEE Conference on Computer Vision and Pattern …, 2019",
      "year": 2019,
      "citations": 811
    },
    {
      "title": "Domain-Specific Batch Normalization for Unsupervised Domain Adaptation",
      "url": "https://scholar.google.com/citations?view_op=view_citation&hl=en&user=-gscDIEAAAAJ&citation_for_view=-gscDIEAAAAJ:M3ejUd6NZC8C",
      "authors": "WG Chang, T You, S Seo, S Kwak, B Han",
      "venue": "Proceedings of the IEEE Conference on Computer Vision and Pattern …, 2019",
      "year": 2019,
      "citations": 617
    },
    {
      "title": "Deep Metric Learning Beyond Binary Supervision",
      "url": "https://scholar.google.com/citations?view_op=view_citation&hl=en&user=-gscDIEAAAAJ&citation_for_view=-gscDIEAAAAJ:4TOpqqG69KYC",
      "authors": "S Kim, M Seo, I Laptev, M Cho, S Kwak",
      "venue": "Proceedings of the IEEE Conference on Computer Vision and Pattern …, 2019",
      "year": 2019,
      "citations": 136
    },
    {
      "title": "Learning Pixel-level Semantic Affinity with Image-level Supervision for Weakly Supervised Semantic Segmentation",
      "url": "https://scholar.google.com/citations?view_op=view_citation&hl=en&user=-gscDIEAAAAJ&citation_for_view=-gscDIEAAAAJ:MXK_kJrjxJIC",
      "authors": "J Ahn, S Kwak",
      "venue": "Computer Vision and Pattern Recognition (CVPR), 2018 IEEE Conference on, 2018",
      "year": 2018,
      "citations": 1088
    },
    {
      "title": "Weakly Supervised Semantic Segmentation using Web-Crawled Videos",
      "url": "https://scholar.google.com/citations?view_op=view_citation&hl=en&user=-gscDIEAAAAJ&citation_for_view=-gscDIEAAAAJ:Se3iqnhoufwC",
      "authors": "S Hong, D Yeo, S Kwak, H Lee, B Han",
      "venue": "Computer Vision and Pattern Recognition (CVPR), 2017 IEEE Conference on, 2017",
      "year": 2017,
      "citations": 193
    },
    {
      "title": "Weakly Supervised Semantic Segmentation Using Superpixel Pooling Network",
      "url": "https://scholar.google.com/citations?view_op=view_citation&hl=en&user=-gscDIEAAAAJ&citation_for_view=-gscDIEAAAAJ:UebtZRa9Y70C",
      "authors": "S Kwak, S Hong, B Han",
      "venue": "AAAI Conference on Artificial Intelligence, 2017",
      "year": 2017,
      "citations": 170
    },
    {
      "title": "Online tracking by learning discriminative saliency map with convolutional neural network",
      "url": "https://scholar.google.com/citations?view_op=view_citation&hl=en&user=-gscDIEAAAAJ&citation_for_view=-gscDIEAAAAJ:WF5omc3nYNoC",
      "authors": "S Hong, T You, S Kwak, B Han",
      "venue": "International Conference on Machine Learning, 2015",
      "year": 2015,
      "citations": 1051
    },
    {
      "title": "Unsupervised object discovery and localization in the wild: Part-based matching with bottom-up region proposals",
      "url": "https://scholar.google.com/citations?view_op=view_citation&hl=en&user=-gscDIEAAAAJ&citation_for_view=-gscDIEAAAAJ:YsMSGLbcyi4C",
      "authors": "M Cho, S Kwak, C Schmid, J Ponce",
      "venue": "Computer Vision and Pattern Recognition (CVPR), 2015 IEEE Conference on, 2015",
      "year": 2015,
      "citations": 331
    },
    {
      "title": "Unsupervised object discovery and tracking in video collections",
      "url": "https://scholar.google.com/citations?view_op=view_citation&hl=en&user=-gscDIEAAAAJ&citation_for_view=-gscDIEAAAAJ:eQOLeE2rZwMC",
      "authors": "S Kwak, M Cho, I Laptev, J Ponce, C Schmid",
      "venue": "Proceedings of the IEEE international conference on computer vision, 3173-3181, 2015",
      "year": 2015,
      "citations": 152
    },
    {
      "title": "Tackgeun You, Suha Kwak, and Bohyung Han. Online tracking by learning discriminative saliency map with convolutional neural network",
      "url": "https://scholar.google.com/citations?view_op=view_citation&hl=en&user=-gscDIEAAAAJ&citation_for_view=-gscDIEAAAAJ:CHSYGLWDkRkC",
      "authors": "S Hong",
      "venue": "International conference on machine learning 1 (3), 2015",
      "year": 2015,
      "citations": 116
    },
    {
      "title": "Online multi-target tracking by large margin structured learning",
      "url": "https://scholar.google.com/citations?view_op=view_citation&hl=en&user=-gscDIEAAAAJ&citation_for_view=-gscDIEAAAAJ:qjMakFHDy7sC",
      "authors": "S Kim, S Kwak, J Feyereisl, B Han",
      "venue": "Asian Conference on Computer Vision, 98-111, 2012",
      "year": 2012,
      "citations": 92
    },
    {
      "title": "Learning occlusion with likelihoods for visual tracking",
      "url": "https://scholar.google.com/citations?view_op=view_citation&hl=en&user=-gscDIEAAAAJ&citation_for_view=-gscDIEAAAAJ:u5HHmVD_uO8C",
      "authors": "S Kwak, W Nam, B Han, JH Han",
      "venue": "2011 international conference on computer vision, 1551-1558, 2011",
      "year": 2011,
      "citations": 149
    },
    {
      "title": "Generalized background subtraction based on hybrid inference by belief propagation and bayesian filtering",
      "url": "https://scholar.google.com/citations?view_op=view_citation&hl=en&user=-gscDIEAAAAJ&citation_for_view=-gscDIEAAAAJ:u-x6o8ySG0sC",
      "authors": "S Kwak, T Lim, W Nam, B Han, JH Han",
      "venue": "2011 International Conference on Computer Vision, 2174-2181, 2011",
      "year": 2011,
      "citations": 97
    }
  ],
  "co_authors": [
    {
      "name": "Minsu Cho",
      "scholar_id": "5TyoF5QAAAAJ",
      "url": "https://scholar.google.com/citations?user=5TyoF5QAAAAJ"
    },
    {
      "name": "Bohyung Han",
      "scholar_id": "9aaeCToAAAAJ",
      "url": "https://scholar.google.com/citations?user=9aaeCToAAAAJ"
    },
    {
      "name": "Dongwon Kim",
      "scholar_id": "abXotYsAAAAJ",
      "url": "https://scholar.google.com/citations?user=abXotYsAAAAJ"
    },
    {
      "name": "Sungyeon Kim",
      "scholar_id": "05Ff7hcAAAAJ",
      "url": "https://scholar.google.com/citations?user=05Ff7hcAAAAJ"
    },
    {
      "name": "Namyup Kim",
      "scholar_id": "s0gtpmIAAAAJ",
      "url": "https://scholar.google.com/citations?user=s0gtpmIAAAAJ"
    },
    {
      "name": "Seunghoon Hong",
      "scholar_id": "hvr3ALkAAAAJ",
      "url": "https://scholar.google.com/citations?user=hvr3ALkAAAAJ"
    },
    {
      "name": "Sohyun Lee",
      "scholar_id": "S_IGo4UAAAAJ",
      "url": "https://scholar.google.com/citations?user=S_IGo4UAAAAJ"
    },
    {
      "name": "Sunghyun Cho",
      "scholar_id": "JcmBvtUAAAAJ",
      "url": "https://scholar.google.com/citations?user=JcmBvtUAAAAJ"
    },
    {
      "name": "Boseung Jeong",
      "scholar_id": "CiQLGVMAAAAJ",
      "url": "https://scholar.google.com/citations?user=CiQLGVMAAAAJ"
    },
    {
      "name": "Heeseung Kwon",
      "scholar_id": "tVoF-4IAAAAJ",
      "url": "https://scholar.google.com/citations?user=tVoF-4IAAAAJ"
    },
    {
      "name": "Nayeong Kim",
      "scholar_id": "XqX08VAAAAAJ",
      "url": "https://scholar.google.com/citations?user=XqX08VAAAAAJ"
    },
    {
      "name": "Joon Hee Han",
      "scholar_id": "_mMeOTgAAAAJ",
      "url": "https://scholar.google.com/citations?user=_mMeOTgAAAAJ"
    },
    {
      "name": "Jiwoon Ahn",
      "scholar_id": "ULG6jsUAAAAJ",
      "url": "https://scholar.google.com/citations?user=ULG6jsUAAAAJ"
    },
    {
      "name": "Juwon Kang",
      "scholar_id": "nwN9X2UAAAAJ",
      "url": "https://scholar.google.com/citations?user=nwN9X2UAAAAJ"
    },
    {
      "name": "Tackgeun You",
      "scholar_id": "VDOtnIEAAAAJ",
      "url": "https://scholar.google.com/citations?user=VDOtnIEAAAAJ"
    },
    {
      "name": "Manjin Kim",
      "scholar_id": "kqddtlwAAAAJ",
      "url": "https://scholar.google.com/citations?user=kqddtlwAAAAJ"
    },
    {
      "name": "Jungseul Ok",
      "scholar_id": "KWG3UUMAAAAJ",
      "url": "https://scholar.google.com/citations?user=KWG3UUMAAAAJ"
    },
    {
      "name": "Sehyun Hwang",
      "scholar_id": "GW4KY8IAAAAJ",
      "url": "https://scholar.google.com/citations?user=GW4KY8IAAAAJ"
    },
    {
      "name": "Cuiling Lan (兰翠玲)",
      "scholar_id": "XZugqiwAAAAJ",
      "url": "https://scholar.google.com/citations?user=XZugqiwAAAAJ"
    },
    {
      "name": "Donghyeon Kwon",
      "scholar_id": "Xy8bpc8AAAAJ",
      "url": "https://scholar.google.com/citations?user=Xy8bpc8AAAAJ"
    }
  ]
}