{
  "author_info": {
    "name": "Xiangyu Yue",
    "affiliation": "The Chinese University of Hong Kong / UC Berkeley / Stanford University / NJU",
    "email_verified": "Verified email at eecs.berkeley.edu - Homepage",
    "website": "https://xyyue.github.io/",
    "interests": [
      "Artificial Intelligence",
      "Computer Vision",
      "Multi-modal Learning"
    ],
    "photo_url": "https://scholar.googleusercontent.com/citations?view_op=view_photo&user=-xQ-C1sAAAAJ&citpid=14"
  },
  "citation_stats": {
    "citations_all": 13084,
    "citations_since_2020": 12466,
    "h_index_all": 34,
    "h_index_since_2020": 34,
    "i10_index_all": 61,
    "i10_index_since_2020": 60,
    "citation_graph": [
      {
        "year": 2018,
        "citations": 100
      },
      {
        "year": 2019,
        "citations": 449
      },
      {
        "year": 2020,
        "citations": 824
      },
      {
        "year": 2021,
        "citations": 1258
      },
      {
        "year": 2022,
        "citations": 1677
      },
      {
        "year": 2023,
        "citations": 2253
      },
      {
        "year": 2024,
        "citations": 2966
      },
      {
        "year": 2025,
        "citations": 3445
      }
    ]
  },
  "papers": [
    {
      "title": "UniRepLKNet: A Universal Perception Large-Kernel ConvNet for Audio Video Point Cloud Time-Series and Image Recognition",
      "url": "https://scholar.google.com/citations?view_op=view_citation&hl=en&user=-xQ-C1sAAAAJ&citation_for_view=-xQ-C1sAAAAJ:35N4QoGY0k4C",
      "authors": "X Ding, Y Zhang, Y Ge, S Zhao, L Song, X Yue, Y Shan",
      "venue": "Proceedings of the IEEE/CVF Conference on Computer Vision and Pattern …, 2024",
      "year": 2024,
      "citations": 360
    },
    {
      "title": "Onellm: One framework to align all modalities with language",
      "url": "https://scholar.google.com/citations?view_op=view_citation&hl=en&user=-xQ-C1sAAAAJ&citation_for_view=-xQ-C1sAAAAJ:vV6vV6tmYwMC",
      "authors": "J Han, K Gong, Y Zhang, J Wang, K Zhang, D Lin, Y Qiao, P Gao, X Yue",
      "venue": "Proceedings of the IEEE/CVF Conference on Computer Vision and Pattern …, 2024",
      "year": 2024,
      "citations": 205
    },
    {
      "title": "LLaMA-Adapter V2: Parameter-Efficient Visual Instruction Model",
      "url": "https://scholar.google.com/citations?view_op=view_citation&hl=en&user=-xQ-C1sAAAAJ&citation_for_view=-xQ-C1sAAAAJ:TFP_iSt0sucC",
      "authors": "P Gao, J Han, R Zhang, Z Lin, S Geng, A Zhou, W Zhang, P Lu, C He, ...",
      "venue": "arXiv preprint arXiv:2304.15010, 2023",
      "year": 2023,
      "citations": 748
    },
    {
      "title": "Meta-Transformer: A Unified Framework for Multimodal Learning",
      "url": "https://scholar.google.com/citations?view_op=view_citation&hl=en&user=-xQ-C1sAAAAJ&citation_for_view=-xQ-C1sAAAAJ:M3NEmzRMIkIC",
      "authors": "Y Zhang, K Gong, K Zhang, H Li, Y Qiao, W Ouyang, X Yue",
      "venue": "arXiv preprint arXiv:2307.10802, 2023",
      "year": 2023,
      "citations": 221
    },
    {
      "title": "ImageBind-LLM: Multi-modality Instruction Tuning",
      "url": "https://scholar.google.com/citations?view_op=view_citation&hl=en&user=-xQ-C1sAAAAJ&citation_for_view=-xQ-C1sAAAAJ:BqipwSGYUEgC",
      "authors": "J Han, R Zhang, W Shao, P Gao, P Xu, H Xiao, K Zhang, C Liu, S Wen, ...",
      "venue": "arXiv preprint arXiv:2309.03905, 2023",
      "year": 2023,
      "citations": 178
    },
    {
      "title": "Preventing Zero-Shot Transfer Degradation in Continual Learning of Vision-Language Models",
      "url": "https://scholar.google.com/citations?view_op=view_citation&hl=en&user=-xQ-C1sAAAAJ&citation_for_view=-xQ-C1sAAAAJ:isC4tDSrTZIC",
      "authors": "Z Zheng, M Ma, K Wang, Z Qin, X Yue, Y You",
      "venue": "Proceedings of the IEEE/CVF International Conference on Computer Vision, 2023",
      "year": 2023,
      "citations": 162
    },
    {
      "title": "Unsupervised Point Cloud Pre-Training via Occlusion Completion",
      "url": "https://scholar.google.com/citations?view_op=view_citation&hl=en&user=-xQ-C1sAAAAJ&citation_for_view=-xQ-C1sAAAAJ:qUcmZB5y_30C",
      "authors": "H Wang, Q Liu, X Yue, J Lasenby, MJ Kusner",
      "venue": "Proceedings of the IEEE/CVF International Conference on Computer Vision …, 2021",
      "year": 2021,
      "citations": 379
    },
    {
      "title": "Prototypical Cross-domain Self-supervised Learning for Few-shot Unsupervised Domain Adaptation",
      "url": "https://scholar.google.com/citations?view_op=view_citation&hl=en&user=-xQ-C1sAAAAJ&citation_for_view=-xQ-C1sAAAAJ:qxL8FJ1GzNcC",
      "authors": "X Yue, Z Zheng, S Zhang, Y Gao, T Darrell, K Keutzer, AS Vincentelli",
      "venue": "Proceedings of the IEEE/CVF Conference on Computer Vision and Pattern …, 2021",
      "year": 2021,
      "citations": 240
    },
    {
      "title": "Polarnet: An improved grid representation for online lidar point clouds semantic segmentation",
      "url": "https://scholar.google.com/citations?view_op=view_citation&hl=en&user=-xQ-C1sAAAAJ&citation_for_view=-xQ-C1sAAAAJ:UebtZRa9Y70C",
      "authors": "Y Zhang, Z Zhou, P David, X Yue, Z Xi, B Gong, H Foroosh",
      "venue": "Proceedings of the IEEE/CVF Conference on Computer Vision and Pattern …, 2020",
      "year": 2020,
      "citations": 700
    },
    {
      "title": "A review of single-source deep unsupervised visual domain adaptation",
      "url": "https://scholar.google.com/citations?view_op=view_citation&hl=en&user=-xQ-C1sAAAAJ&citation_for_view=-xQ-C1sAAAAJ:3fE2CSJIrl8C",
      "authors": "S Zhao, X Yue, S Zhang, B Li, H Zhao, B Wu, R Krishna, JE Gonzalez, ...",
      "venue": "IEEE Transactions on Neural Networks and Learning Systems 33 (2), 473-493, 2020",
      "year": 2020,
      "citations": 388
    },
    {
      "title": "Squeezesegv2: Improved model structure and unsupervised domain adaptation for road-object segmentation from a lidar point cloud",
      "url": "https://scholar.google.com/citations?view_op=view_citation&hl=en&user=-xQ-C1sAAAAJ&citation_for_view=-xQ-C1sAAAAJ:eQOLeE2rZwMC",
      "authors": "B Wu, X Zhou, S Zhao, X Yue, K Keutzer",
      "venue": "2019 International Conference on Robotics and Automation (ICRA), 4376-4382, 2019",
      "year": 2019,
      "citations": 916
    },
    {
      "title": "Domain randomization and pyramid consistency: Simulation-to-real generalization without accessing target domain data",
      "url": "https://scholar.google.com/citations?view_op=view_citation&hl=en&user=-xQ-C1sAAAAJ&citation_for_view=-xQ-C1sAAAAJ:NMxIlDl6LWMC",
      "authors": "X Yue, Y Zhang, S Zhao, A Sangiovanni-Vincentelli, K Keutzer, B Gong",
      "venue": "Proceedings of the IEEE/CVF International Conference on Computer Vision …, 2019",
      "year": 2019,
      "citations": 547
    },
    {
      "title": "Scenic: a language for scenario specification and scene generation",
      "url": "https://scholar.google.com/citations?view_op=view_citation&hl=en&user=-xQ-C1sAAAAJ&citation_for_view=-xQ-C1sAAAAJ:_FxGoFyzp5QC",
      "authors": "DJ Fremont, X Yue*, T Dreossi*, S Ghosh*, AL Sangiovanni-Vincentelli, ...",
      "venue": "Proceedings of the 40th ACM SIGPLAN Conference on Programming Language …, 2019",
      "year": 2019,
      "citations": 443
    },
    {
      "title": "Multi-source domain adaptation for semantic segmentation",
      "url": "https://scholar.google.com/citations?view_op=view_citation&hl=en&user=-xQ-C1sAAAAJ&citation_for_view=-xQ-C1sAAAAJ:MXK_kJrjxJIC",
      "authors": "X Yue*, S Zhao*, B Li*, Y Gu, P Xu, R Hu, H Chai, K Keutzer",
      "venue": "Advances in Neural Information Processing Systems, 7287-7300, 2019",
      "year": 2019,
      "citations": 217
    },
    {
      "title": "Identifying the best machine learning algorithms for brain tumor segmentation, progression assessment, and overall survival prediction in the BRATS challenge",
      "url": "https://scholar.google.com/citations?view_op=view_citation&hl=en&user=-xQ-C1sAAAAJ&citation_for_view=-xQ-C1sAAAAJ:9ZlFYXVOiuMC",
      "authors": "S Bakas, M Reyes, A Jakab, S Bauer, M Rempfler, A Crimi, RT Shinohara, ...",
      "venue": "arXiv preprint arXiv:1811.02629, 2018",
      "year": 2018,
      "citations": 2702
    },
    {
      "title": "Squeezeseg: Convolutional neural nets with recurrent crf for real-time road-object segmentation from 3d lidar point cloud",
      "url": "https://scholar.google.com/citations?view_op=view_citation&hl=en&user=-xQ-C1sAAAAJ&citation_for_view=-xQ-C1sAAAAJ:9yKSN-GCB0IC",
      "authors": "B Wu, A Wan, X Yue, K Keutzer",
      "venue": "2018 IEEE International Conference on Robotics and Automation (ICRA), 1887-1893, 2018",
      "year": 2018,
      "citations": 1257
    },
    {
      "title": "Shift: A zero flop, zero parameter alternative to spatial convolutions",
      "url": "https://scholar.google.com/citations?view_op=view_citation&hl=en&user=-xQ-C1sAAAAJ&citation_for_view=-xQ-C1sAAAAJ:IjCSPb-OGe4C",
      "authors": "B Wu, X Yue*, A Wan*, P Jin, S Zhao, N Golmant, A Gholaminejad, ...",
      "venue": "Proceedings of the IEEE Conference on Computer Vision and Pattern …, 2018",
      "year": 2018,
      "citations": 514
    },
    {
      "title": "Squeezenext: Hardware-aware neural network design",
      "url": "https://scholar.google.com/citations?view_op=view_citation&hl=en&user=-xQ-C1sAAAAJ&citation_for_view=-xQ-C1sAAAAJ:zYLM7Y9cAGgC",
      "authors": "A Gholami, K Kwon, B Wu, Z Tai, X Yue, P Jin, S Zhao, K Keutzer",
      "venue": "Proceedings of the IEEE Conference on Computer Vision and Pattern …, 2018",
      "year": 2018,
      "citations": 448
    },
    {
      "title": "A lidar point cloud generator: from a virtual world to autonomous driving",
      "url": "https://scholar.google.com/citations?view_op=view_citation&hl=en&user=-xQ-C1sAAAAJ&citation_for_view=-xQ-C1sAAAAJ:Tyk-4Ss8FVUC",
      "authors": "X Yue, B Wu, SA Seshia, K Keutzer, AL Sangiovanni-Vincentelli",
      "venue": "Proceedings of the 2018 ACM on International Conference on Multimedia …, 2018",
      "year": 2018,
      "citations": 307
    },
    {
      "title": "Formal specification for deep neural networks",
      "url": "https://scholar.google.com/citations?view_op=view_citation&hl=en&user=-xQ-C1sAAAAJ&citation_for_view=-xQ-C1sAAAAJ:YsMSGLbcyi4C",
      "authors": "SA Seshia, A Desai, T Dreossi, DJ Fremont, S Ghosh, E Kim, ...",
      "venue": "International Symposium on Automated Technology for Verification and …, 2018",
      "year": 2018,
      "citations": 163
    }
  ],
  "co_authors": [
    {
      "name": "Kurt Keutzer",
      "scholar_id": "ID9QePIAAAAJ",
      "url": "https://scholar.google.com/citations?user=ID9QePIAAAAJ"
    },
    {
      "name": "Alberto Sangiovanni Vincentelli",
      "scholar_id": "AhgjQ2QAAAAJ",
      "url": "https://scholar.google.com/citations?user=AhgjQ2QAAAAJ"
    },
    {
      "name": "Bichen Wu",
      "scholar_id": "K3QJPdMAAAAJ",
      "url": "https://scholar.google.com/citations?user=K3QJPdMAAAAJ"
    },
    {
      "name": "Sanjit A. Seshia",
      "scholar_id": "SlZavnIAAAAJ",
      "url": "https://scholar.google.com/citations?user=SlZavnIAAAAJ"
    },
    {
      "name": "Wanli Ouyang (欧阳万里)",
      "scholar_id": "pw_0Z_UAAAAJ",
      "url": "https://scholar.google.com/citations?user=pw_0Z_UAAAAJ"
    },
    {
      "name": "Yu Qiao",
      "scholar_id": "gFtI-8QAAAAJ",
      "url": "https://scholar.google.com/citations?user=gFtI-8QAAAAJ"
    },
    {
      "name": "Boqing Gong",
      "scholar_id": "lv9ZeVUAAAAJ",
      "url": "https://scholar.google.com/citations?user=lv9ZeVUAAAAJ"
    },
    {
      "name": "Zangwei Zheng",
      "scholar_id": "FTqutJEAAAAJ",
      "url": "https://scholar.google.com/citations?user=FTqutJEAAAAJ"
    },
    {
      "name": "Hongsheng Li (李鸿升)",
      "scholar_id": "BN2Ze-QAAAAJ",
      "url": "https://scholar.google.com/citations?user=BN2Ze-QAAAAJ"
    },
    {
      "name": "Ying Shan",
      "scholar_id": "4oXBp9UAAAAJ",
      "url": "https://scholar.google.com/citations?user=4oXBp9UAAAAJ"
    },
    {
      "name": "Trevor Darrell",
      "scholar_id": "bh-uRFMAAAAJ",
      "url": "https://scholar.google.com/citations?user=bh-uRFMAAAAJ"
    },
    {
      "name": "Amir Gholami",
      "scholar_id": "b0ehAgIAAAAJ",
      "url": "https://scholar.google.com/citations?user=b0ehAgIAAAAJ"
    },
    {
      "name": "Bo Zheng",
      "scholar_id": "3gHhO9QAAAAJ",
      "url": "https://scholar.google.com/citations?user=3gHhO9QAAAAJ"
    },
    {
      "name": "Chen Tao (陈涛)",
      "scholar_id": "w3OoFL0AAAAJ",
      "url": "https://scholar.google.com/citations?user=w3OoFL0AAAAJ"
    },
    {
      "name": "Matt J. Kusner",
      "scholar_id": "57KRSu8AAAAJ",
      "url": "https://scholar.google.com/citations?user=57KRSu8AAAAJ"
    },
    {
      "name": "Hanchen Wang",
      "scholar_id": "Yu_0vEEAAAAJ",
      "url": "https://scholar.google.com/citations?user=Yu_0vEEAAAAJ"
    },
    {
      "name": "Joan Lasenby",
      "scholar_id": "tZwXV7QAAAAJ",
      "url": "https://scholar.google.com/citations?user=tZwXV7QAAAAJ"
    },
    {
      "name": "Hassan Foroosh",
      "scholar_id": "vNHN42cAAAAJ",
      "url": "https://scholar.google.com/citations?user=vNHN42cAAAAJ"
    },
    {
      "name": "Yang You (尤洋)",
      "scholar_id": "jF4dPZwAAAAJ",
      "url": "https://scholar.google.com/citations?user=jF4dPZwAAAAJ"
    },
    {
      "name": "Dahua Lin",
      "scholar_id": "GMzzRRUAAAAJ",
      "url": "https://scholar.google.com/citations?user=GMzzRRUAAAAJ"
    }
  ]
}