{
  "author_info": {
    "name": "Shun Lu",
    "affiliation": "Institute of Computing Technology, Chinese Academy of Sciences",
    "email_verified": "Verified email at ict.ac.cn - Homepage",
    "website": "https://shunlu91.github.io/",
    "interests": [
      "Neural Architecture Search"
    ],
    "photo_url": "https://scholar.googleusercontent.com/citations?view_op=view_photo&user=-zX83WMAAAAJ&citpid=2"
  },
  "citation_stats": {
    "citations_all": 529,
    "citations_since_2020": 527,
    "h_index_all": 10,
    "h_index_since_2020": 10,
    "i10_index_all": 10,
    "i10_index_since_2020": 10,
    "citation_graph": [
      {
        "year": 2020,
        "citations": 9
      },
      {
        "year": 2021,
        "citations": 36
      },
      {
        "year": 2022,
        "citations": 71
      },
      {
        "year": 2023,
        "citations": 110
      },
      {
        "year": 2024,
        "citations": 138
      },
      {
        "year": 2025,
        "citations": 162
      }
    ]
  },
  "papers": [
    {
      "title": "PID: physics-informed diffusion model for infrared image generation",
      "url": "https://scholar.google.com/citations?view_op=view_citation&hl=en&user=-zX83WMAAAAJ&citation_for_view=-zX83WMAAAAJ:MXK_kJrjxJIC",
      "authors": "F Mao, J Mei, S Lu, F Liu, L Chen, F Zhao, Y Hu",
      "venue": "Pattern Recognition 169, 111816, 2026",
      "year": 2026,
      "citations": 11
    },
    {
      "title": "UNIV: Unified Foundation Model for Infrared and Visible Modalities",
      "url": "https://scholar.google.com/citations?view_op=view_citation&hl=en&user=-zX83WMAAAAJ&citation_for_view=-zX83WMAAAAJ:KlAtU1dfN6UC",
      "authors": "F Mao, S Wang, J Mei, C Min, S Lu, F Liu, Y Hu",
      "venue": "arXiv preprint arXiv:2509.15642, 2025",
      "year": 2025,
      "citations": 0
    },
    {
      "title": "PHD-NAS: Preserving helpful data to promote Neural Architecture Search",
      "url": "https://scholar.google.com/citations?view_op=view_citation&hl=en&user=-zX83WMAAAAJ&citation_for_view=-zX83WMAAAAJ:8k81kl-MbHgC",
      "authors": "S Lu, Y Hu, L Yang, J Mei, Z Sun, J Tan, C Song",
      "venue": "Neurocomputing 587, 127646, 2024",
      "year": 2024,
      "citations": 4
    },
    {
      "title": "Master: Multimodal segmentation with text prompts",
      "url": "https://scholar.google.com/citations?view_op=view_citation&hl=en&user=-zX83WMAAAAJ&citation_for_view=-zX83WMAAAAJ:3fE2CSJIrl8C",
      "authors": "F Liu, S Lu, J Mei, Y Hu",
      "venue": "CCF Intelligent Vehicles Symposium, 220-228, 2024",
      "year": 2024,
      "citations": 1
    },
    {
      "title": "Pinat: A permutation invariance augmented transformer for nas predictor",
      "url": "https://scholar.google.com/citations?view_op=view_citation&hl=en&user=-zX83WMAAAAJ&citation_for_view=-zX83WMAAAAJ:LkGwnXOMwfcC",
      "authors": "S Lu, Y Hu, P Wang, Y Han, J Tan, J Li, S Yang, J Liu",
      "venue": "Proceedings of the AAAI Conference on Artificial Intelligence 37 (7), 8957-8965, 2023",
      "year": 2023,
      "citations": 31
    },
    {
      "title": "PA&DA: Jointly Sampling PAth and DAta for Consistent NAS",
      "url": "https://scholar.google.com/citations?view_op=view_citation&hl=en&user=-zX83WMAAAAJ&citation_for_view=-zX83WMAAAAJ:ufrVoPGSRksC",
      "authors": "S Lu, Y Hu, L Yang, Z Sun, J Mei, J Tan, C Song",
      "venue": "CVPR 2023, 2023",
      "year": 2023,
      "citations": 25
    },
    {
      "title": "Unleashing the power of gradient signal-to-noise ratio for zero-shot nas",
      "url": "https://scholar.google.com/citations?view_op=view_citation&hl=en&user=-zX83WMAAAAJ&citation_for_view=-zX83WMAAAAJ:UebtZRa9Y70C",
      "authors": "Z Sun, Y Sun, L Yang, S Lu, J Mei, W Zhao, Y Hu",
      "venue": "Proceedings of the IEEE/CVF international conference on computer vision …, 2023",
      "year": 2023,
      "citations": 16
    },
    {
      "title": "Sweet Gradient matters: Designing consistent and efficient estimator for Zero-shot Architecture Search",
      "url": "https://scholar.google.com/citations?view_op=view_citation&hl=en&user=-zX83WMAAAAJ&citation_for_view=-zX83WMAAAAJ:roLk4NBRz8UC",
      "authors": "L Yang, Y Fu, S Lu, Z Sun, J Mei, W Zhao, Y Hu",
      "venue": "Neural Networks 168, 237-255, 2023",
      "year": 2023,
      "citations": 6
    },
    {
      "title": "AGNAS: Attention-guided micro and macro-architecture search",
      "url": "https://scholar.google.com/citations?view_op=view_citation&hl=en&user=-zX83WMAAAAJ&citation_for_view=-zX83WMAAAAJ:Y0pCki6q_DkC",
      "authors": "Z Sun, Y Hu, S Lu, L Yang, J Mei, Y Han, X Li",
      "venue": "International conference on machine learning, 20777-20789, 2022",
      "year": 2022,
      "citations": 24
    },
    {
      "title": "Searching for burgerformer with micro-meso-macro space design",
      "url": "https://scholar.google.com/citations?view_op=view_citation&hl=en&user=-zX83WMAAAAJ&citation_for_view=-zX83WMAAAAJ:Tyk-4Ss8FVUC",
      "authors": "L Yang, Y Hu, S Lu, Z Sun, J Mei, Y Han, X Li",
      "venue": "International conference on machine learning, 25055-25069, 2022",
      "year": 2022,
      "citations": 13
    },
    {
      "title": "STC-NAS: Fast neural architecture search with source-target consistency",
      "url": "https://scholar.google.com/citations?view_op=view_citation&hl=en&user=-zX83WMAAAAJ&citation_for_view=-zX83WMAAAAJ:UeHWp8X0CEIC",
      "authors": "Z Sun, Y Hu, L Yang, S Lu, J Mei, Y Han, X Li",
      "venue": "Neurocomputing 497, 227-238, 2022",
      "year": 2022,
      "citations": 9
    },
    {
      "title": "Conformer Space Neural Architecture Search for Multi-Task Audio Separation",
      "url": "https://scholar.google.com/citations?view_op=view_citation&hl=en&user=-zX83WMAAAAJ&citation_for_view=-zX83WMAAAAJ:YsMSGLbcyi4C",
      "authors": "S Lu, Y Wang, P Yao, C Li, J Tan, F Deng, X Wang, C Song",
      "venue": "Proc. Interspeech 2022, 2022",
      "year": 2022,
      "citations": 2
    },
    {
      "title": "WA-Transformer: Window Attention-based Transformer with Two-stage Strategy for Multi-task Audio Source Separation.",
      "url": "https://scholar.google.com/citations?view_op=view_citation&hl=en&user=-zX83WMAAAAJ&citation_for_view=-zX83WMAAAAJ:W7OEmFMy1HYC",
      "authors": "Y Wang, C Li, F Deng, S Lu, P Yao, J Tan, C Song, X Wang",
      "venue": "INTERSPEECH, 5373-5377, 2022",
      "year": 2022,
      "citations": 1
    },
    {
      "title": "Tnasp: A transformer-based nas predictor with a self-evolution framework",
      "url": "https://scholar.google.com/citations?view_op=view_citation&hl=en&user=-zX83WMAAAAJ&citation_for_view=-zX83WMAAAAJ:d1gkVwhDpl0C",
      "authors": "S Lu, J Li, J Tan, S Yang, J Liu",
      "venue": "Advances in Neural Information Processing Systems 34, 15125-15137, 2021",
      "year": 2021,
      "citations": 51
    },
    {
      "title": "Dynamic coherent diffractive imaging with a physics-driven untrained learning method",
      "url": "https://scholar.google.com/citations?view_op=view_citation&hl=en&user=-zX83WMAAAAJ&citation_for_view=-zX83WMAAAAJ:2osOgNQ5qMEC",
      "authors": "D Yang, J Zhang, Y Tao, W Lv, S Lu, H Chen, W Xu, Y Shi",
      "venue": "Optics Express 29 (20), 31426-31442, 2021",
      "year": 2021,
      "citations": 35
    },
    {
      "title": "DU-DARTS: Decreasing the Uncertainty of Differentiable Architecture Search",
      "url": "https://scholar.google.com/citations?view_op=view_citation&hl=en&user=-zX83WMAAAAJ&citation_for_view=-zX83WMAAAAJ:IjCSPb-OGe4C",
      "authors": "S Lu, Y Hu, L Yang, Z Sun, J Mei, Y Zeng, X Li, T ADlab",
      "venue": "BMVC 2021, 2021",
      "year": 2021,
      "citations": 8
    },
    {
      "title": "SpeechNAS: Towards better trade-off between latency and accuracy for large-scale speaker verification",
      "url": "https://scholar.google.com/citations?view_op=view_citation&hl=en&user=-zX83WMAAAAJ&citation_for_view=-zX83WMAAAAJ:9yKSN-GCB0IC",
      "authors": "W Zhu, T Kong, S Lu, J Li, D Zhang, F Deng, X Wang, S Yang, J Liu",
      "venue": "2021 IEEE Automatic Speech Recognition and Understanding Workshop (ASRU …, 2021",
      "year": 2021,
      "citations": 7
    },
    {
      "title": "DDSAS: dynamic and differentiable space-architecture search",
      "url": "https://scholar.google.com/citations?view_op=view_citation&hl=en&user=-zX83WMAAAAJ&citation_for_view=-zX83WMAAAAJ:qjMakFHDy7sC",
      "authors": "L Yang, Y Hu, S Lu, Z Sun, J Mei, Y Zeng, Z Shi, Y Han, X Li",
      "venue": "Asian Conference on Machine Learning, 284-299, 2021",
      "year": 2021,
      "citations": 2
    },
    {
      "title": "Darts-: robustly stepping out of performance collapse without indicators",
      "url": "https://scholar.google.com/citations?view_op=view_citation&hl=en&user=-zX83WMAAAAJ&citation_for_view=-zX83WMAAAAJ:u-x6o8ySG0sC",
      "authors": "X Chu, X Wang, B Zhang, S Lu, X Wei, J Yan",
      "venue": "arXiv preprint arXiv:2009.01027, 2020",
      "year": 2020,
      "citations": 239
    },
    {
      "title": "MixPath: A Unified Approach for One-shot Neural Architecture Search",
      "url": "https://scholar.google.com/citations?view_op=view_citation&hl=en&user=-zX83WMAAAAJ&citation_for_view=-zX83WMAAAAJ:u5HHmVD_uO8C",
      "authors": "X Chu, X Li, S Lu, B Zhang, J Li",
      "venue": "arXiv preprint arXiv:2001.05887, 2020",
      "year": 2020,
      "citations": 44
    }
  ],
  "co_authors": [
    {
      "name": "Yu Hu (胡 瑜)",
      "scholar_id": "VPA-MkkAAAAJ",
      "url": "https://scholar.google.com/citations?user=VPA-MkkAAAAJ"
    },
    {
      "name": "Jilin Mei",
      "scholar_id": "WOQhmr8AAAAJ",
      "url": "https://scholar.google.com/citations?user=WOQhmr8AAAAJ"
    },
    {
      "name": "Zihao Sun",
      "scholar_id": "oSmC9pMAAAAJ",
      "url": "https://scholar.google.com/citations?user=oSmC9pMAAAAJ"
    },
    {
      "name": "Longxing Yang",
      "scholar_id": "FhdrIgcAAAAJ",
      "url": "https://scholar.google.com/citations?user=FhdrIgcAAAAJ"
    },
    {
      "name": "Jianchao Tan",
      "scholar_id": "1Gywy80AAAAJ",
      "url": "https://scholar.google.com/citations?user=1Gywy80AAAAJ"
    },
    {
      "name": "Xiangxiang Chu 初祥祥",
      "scholar_id": "jn21pUsAAAAJ",
      "url": "https://scholar.google.com/citations?user=jn21pUsAAAAJ"
    },
    {
      "name": "Bo Zhang",
      "scholar_id": "uUNQnu0AAAAJ",
      "url": "https://scholar.google.com/citations?user=uUNQnu0AAAAJ"
    },
    {
      "name": "Fuyang Liu",
      "scholar_id": "VxylwikAAAAJ",
      "url": "https://scholar.google.com/citations?user=VxylwikAAAAJ"
    },
    {
      "name": "Xudong Li",
      "scholar_id": "2KSmpuIecgsC",
      "url": "https://scholar.google.com/citations?user=2KSmpuIecgsC"
    },
    {
      "name": "Yishi Shi",
      "scholar_id": "H8G9rucAAAAJ",
      "url": "https://scholar.google.com/citations?user=H8G9rucAAAAJ"
    },
    {
      "name": "Fangyuan Mao",
      "scholar_id": "2XFA6oYAAAAJ",
      "url": "https://scholar.google.com/citations?user=2XFA6oYAAAAJ"
    },
    {
      "name": "Chen Min (闵称)",
      "scholar_id": "pE9gTMQAAAAJ",
      "url": "https://scholar.google.com/citations?user=pE9gTMQAAAAJ"
    },
    {
      "name": "Chengru Song",
      "scholar_id": "tWO1A6IAAAAJ",
      "url": "https://scholar.google.com/citations?user=tWO1A6IAAAAJ"
    },
    {
      "name": "jixiang li",
      "scholar_id": "nVNkE_EAAAAJ",
      "url": "https://scholar.google.com/citations?user=nVNkE_EAAAAJ"
    }
  ]
}