{
  "author_info": {
    "name": "Tahira Shehzadi",
    "affiliation": "Researcher at DFKI",
    "email_verified": "Verified email at dfki.de - Homepage",
    "website": "https://tahirashehzadi.github.io/",
    "interests": [
      "Computer Vision",
      "Object Detection",
      "Document Image Analysis"
    ],
    "photo_url": "https://scholar.googleusercontent.com/citations?view_op=view_photo&user=-QzlQU8AAAAJ&citpid=64"
  },
  "citation_stats": {
    "citations_all": 277,
    "citations_since_2020": 277,
    "h_index_all": 11,
    "h_index_since_2020": 11,
    "i10_index_all": 11,
    "i10_index_since_2020": 11,
    "citation_graph": [
      {
        "year": 2021,
        "citations": 2
      },
      {
        "year": 2022,
        "citations": 2
      },
      {
        "year": 2023,
        "citations": 9
      },
      {
        "year": 2024,
        "citations": 113
      },
      {
        "year": 2025,
        "citations": 150
      }
    ]
  },
  "papers": [
    {
      "title": "Object detection with transformers: A review",
      "url": "https://scholar.google.com/citations?view_op=view_citation&hl=en&user=-QzlQU8AAAAJ&citation_for_view=-QzlQU8AAAAJ:IjCSPb-OGe4C",
      "authors": "T Shehzadi, KA Hashmi, D Stricker, MZ Afzal",
      "venue": "Sensors 25 (19), 6025, 2025",
      "year": 2025,
      "citations": 71
    },
    {
      "title": "FD-SSD: Semi-supervised Detection of Bone Fenestration and Dehiscence in Intraoral Images",
      "url": "https://scholar.google.com/citations?view_op=view_citation&hl=en&user=-QzlQU8AAAAJ&citation_for_view=-QzlQU8AAAAJ:KlAtU1dfN6UC",
      "authors": "T Shehzadi, I Ifza, D Stricker, MZ Afzal",
      "venue": "Medical Image Understanding and Analysis (MIUA) 2025 15917, 2025",
      "year": 2025,
      "citations": 3
    },
    {
      "title": "Classroom-Inspired Multi-mentor Distillation with Adaptive Learning Strategies",
      "url": "https://scholar.google.com/citations?view_op=view_citation&hl=en&user=-QzlQU8AAAAJ&citation_for_view=-QzlQU8AAAAJ:5nxA0vEk-isC",
      "authors": "S Sarode, MSU Khan, T Shehzadi, D Stricker, MZ Afzal",
      "venue": "Intelligent Systems Conference, 294-324, 2025",
      "year": 2025,
      "citations": 1
    },
    {
      "title": "STEP-DETR: Advancing DETR-based Semi-Supervised Object Detection with Super Teacher and Pseudo-Label Guided Text Queries",
      "url": "https://scholar.google.com/citations?view_op=view_citation&hl=en&user=-QzlQU8AAAAJ&citation_for_view=-QzlQU8AAAAJ:M3ejUd6NZC8C",
      "authors": "T Shehzadi, KA Hashmi, S Sarode, D Stricker, MZ Afzal",
      "venue": "Proceedings of the IEEE/CVF International Conference on Computer Vision …, 2025",
      "year": 2025,
      "citations": 0
    },
    {
      "title": "Efficient Additive Attention for Transformer-based Semi-supervised Document Layout Analysis",
      "url": "https://scholar.google.com/citations?view_op=view_citation&hl=en&user=-QzlQU8AAAAJ&citation_for_view=-QzlQU8AAAAJ:qxL8FJ1GzNcC",
      "authors": "T Shehzadi, I Ifza, D Stricker, MZ Afzal",
      "venue": "Proceedings of the IEEE/CVF International Conference on Computer Vision …, 2025",
      "year": 2025,
      "citations": 0
    },
    {
      "title": "DocSemi: Efficient Document Layout Analysis with Guided Queries",
      "url": "https://scholar.google.com/citations?view_op=view_citation&hl=en&user=-QzlQU8AAAAJ&citation_for_view=-QzlQU8AAAAJ:4TOpqqG69KYC",
      "authors": "T Shehzadi, I Ifza, D Stricker, MZ Afzal",
      "venue": "Proceedings of the IEEE/CVF International Conference on Computer Vision …, 2025",
      "year": 2025,
      "citations": 0
    },
    {
      "title": "Sparse semi-detr: Sparse learnable queries for semi-supervised object detection",
      "url": "https://scholar.google.com/citations?view_op=view_citation&hl=en&user=-QzlQU8AAAAJ&citation_for_view=-QzlQU8AAAAJ:YsMSGLbcyi4C",
      "authors": "T Shehzadi, KA Hashmi, D Stricker, MZ Afzal",
      "venue": "Proceedings of the IEEE/CVF Conference on Computer Vision and Pattern …, 2024",
      "year": 2024,
      "citations": 39
    },
    {
      "title": "A hybrid approach for document layout analysis in document images",
      "url": "https://scholar.google.com/citations?view_op=view_citation&hl=en&user=-QzlQU8AAAAJ&citation_for_view=-QzlQU8AAAAJ:eQOLeE2rZwMC",
      "authors": "T Shehzadi, D Stricker, MZ Afzal",
      "venue": "International Conference on Document Analysis and Recognition, 21-39, 2024",
      "year": 2024,
      "citations": 19
    },
    {
      "title": "End-to-end semi-supervised approach with modulated object queries for table detection in documents",
      "url": "https://scholar.google.com/citations?view_op=view_citation&hl=en&user=-QzlQU8AAAAJ&citation_for_view=-QzlQU8AAAAJ:ufrVoPGSRksC",
      "authors": "I Ehsan*, T Shehzadi*, D Stricker, MZ Afzal",
      "venue": "International Journal on Document Analysis and Recognition (IJDAR), 1-16, 2024",
      "year": 2024,
      "citations": 11
    },
    {
      "title": "Towards End-to-End Semi-supervised Table Detection with Semantic Aligned Matching Transformer",
      "url": "https://scholar.google.com/citations?view_op=view_citation&hl=en&user=-QzlQU8AAAAJ&citation_for_view=-QzlQU8AAAAJ:WF5omc3nYNoC",
      "authors": "T Shehzadi, S Sarode, D Stricker, MZ Afzal",
      "venue": "International Conference on Document Analysis and Recognition, 295-318, 2024",
      "year": 2024,
      "citations": 6
    },
    {
      "title": "Semi-Supervised Object Detection: A Survey on Progress from CNN to Transformer",
      "url": "https://scholar.google.com/citations?view_op=view_citation&hl=en&user=-QzlQU8AAAAJ&citation_for_view=-QzlQU8AAAAJ:0EnyYjriUFMC",
      "authors": "T Shehzadi, Ifza, D Stricker, MZ Afzal",
      "venue": "arXiv preprint arXiv:2407.08460, 2024",
      "year": 2024,
      "citations": 5
    },
    {
      "title": "UnSupDLA: Towards Unsupervised Document Layout Analysis",
      "url": "https://scholar.google.com/citations?view_op=view_citation&hl=en&user=-QzlQU8AAAAJ&citation_for_view=-QzlQU8AAAAJ:roLk4NBRz8UC",
      "authors": "TU Sheikh*, T Shehzadi*, K Azeem Hashmi, D Stricker, MZ Afzal",
      "venue": "International Workshop on Document Analysis Systems, 142-161, 2024",
      "year": 2024,
      "citations": 3
    },
    {
      "title": "Enhanced Bank Check Security: Introducing a Novel Dataset and Transformer-Based Approach for Detection and Verification",
      "url": "https://scholar.google.com/citations?view_op=view_citation&hl=en&user=-QzlQU8AAAAJ&citation_for_view=-QzlQU8AAAAJ:UebtZRa9Y70C",
      "authors": "MSU Khan*, T Shehzadi*, R Noor, D Stricker, MZ Afzal",
      "venue": "International Workshop on Document Analysis Systems, 37-54, 2024",
      "year": 2024,
      "citations": 2
    },
    {
      "title": "Towards end-to-end semi-supervised table detection with deformable transformer",
      "url": "https://scholar.google.com/citations?view_op=view_citation&hl=en&user=-QzlQU8AAAAJ&citation_for_view=-QzlQU8AAAAJ:qjMakFHDy7sC",
      "authors": "T Shehzadi, K Azeem Hashmi, D Stricker, M Liwicki, M Zeshan Afzal",
      "venue": "International Conference on Document Analysis and Recognition, 51-76, 2023",
      "year": 2023,
      "citations": 22
    },
    {
      "title": "Bridging the performance gap between detr and r-cnn for graphical object detection in document images",
      "url": "https://scholar.google.com/citations?view_op=view_citation&hl=en&user=-QzlQU8AAAAJ&citation_for_view=-QzlQU8AAAAJ:Tyk-4Ss8FVUC",
      "authors": "T Shehzadi, KA Hashmi, D Stricker, M Liwicki, MZ Afzal",
      "venue": "arXiv preprint arXiv:2306.13526, 2023",
      "year": 2023,
      "citations": 15
    },
    {
      "title": "Mask-aware semi-supervised object detection in floor plans",
      "url": "https://scholar.google.com/citations?view_op=view_citation&hl=en&user=-QzlQU8AAAAJ&citation_for_view=-QzlQU8AAAAJ:9yKSN-GCB0IC",
      "authors": "T Shehzadi, KA Hashmi, A Pagani, M Liwicki, D Stricker, MZ Afzal",
      "venue": "Applied Sciences 12 (19), 9398, 2022",
      "year": 2022,
      "citations": 22
    },
    {
      "title": "Protein active site prediction for early drug discovery and designing",
      "url": "https://scholar.google.com/citations?view_op=view_citation&hl=en&user=-QzlQU8AAAAJ&citation_for_view=-QzlQU8AAAAJ:u-x6o8ySG0sC",
      "authors": "A Yousaf, T Shehzadi, A Farooq, K Ilyas",
      "venue": "International Review of Applied Sciences and Engineering 13 (1), 98-105, 2021",
      "year": 2021,
      "citations": 20
    },
    {
      "title": "Geometric features and traffic dynamic analysis on 4-leg intersections",
      "url": "https://scholar.google.com/citations?view_op=view_citation&hl=en&user=-QzlQU8AAAAJ&citation_for_view=-QzlQU8AAAAJ:W7OEmFMy1HYC",
      "authors": "W Saeed, MS Saleh, MN Gull, H Raza, R Saeed, T Shehzadi",
      "venue": "International Review of Applied Sciences and Engineering, 2021",
      "year": 2021,
      "citations": 15
    },
    {
      "title": "Intelligent predictor using cancer-related biologically information extraction from cancer transcriptomes",
      "url": "https://scholar.google.com/citations?view_op=view_citation&hl=en&user=-QzlQU8AAAAJ&citation_for_view=-QzlQU8AAAAJ:u5HHmVD_uO8C",
      "authors": "T Shehzadi, A Majid, M Hameed, A Farooq, A Yousaf",
      "venue": "2020 International Symposium on Recent Advances in Electrical Engineering …, 2020",
      "year": 2020,
      "citations": 12
    },
    {
      "title": "Object Detection with Transformers: A Review. arXiv 2023",
      "url": "https://scholar.google.com/citations?view_op=view_citation&hl=en&user=-QzlQU8AAAAJ&citation_for_view=-QzlQU8AAAAJ:8k81kl-MbHgC",
      "authors": "T Shehzadi, KA Hashmi, D Stricker, MZ Afzal",
      "venue": "arXiv preprint arXiv:2306.04670, 0",
      "citations": 11
    }
  ],
  "co_authors": [
    {
      "name": "Didier Stricker",
      "scholar_id": "ImhXfxgAAAAJ",
      "url": "https://scholar.google.com/citations?user=ImhXfxgAAAAJ"
    },
    {
      "name": "Muhammad Zeshan Afzal",
      "scholar_id": "kHMVj6oAAAAJ",
      "url": "https://scholar.google.com/citations?user=kHMVj6oAAAAJ"
    },
    {
      "name": "Khurram Azeem Hashmi",
      "scholar_id": "0CN11t4AAAAJ",
      "url": "https://scholar.google.com/citations?user=0CN11t4AAAAJ"
    },
    {
      "name": "Marcus Liwicki",
      "scholar_id": "n1Y4zq4AAAAJ",
      "url": "https://scholar.google.com/citations?user=n1Y4zq4AAAAJ"
    },
    {
      "name": "Aqeel Farooq",
      "scholar_id": "CbtvBEwAAAAJ",
      "url": "https://scholar.google.com/citations?user=CbtvBEwAAAAJ"
    },
    {
      "name": "Aqsa Yousaf",
      "scholar_id": "eynzXqIAAAAJ",
      "url": "https://scholar.google.com/citations?user=eynzXqIAAAAJ"
    },
    {
      "name": "Shalini Sarode",
      "scholar_id": "PNrpLnQAAAAJ",
      "url": "https://scholar.google.com/citations?user=PNrpLnQAAAAJ"
    },
    {
      "name": "Alain Pagani",
      "scholar_id": "uAdyAn0AAAAJ",
      "url": "https://scholar.google.com/citations?user=uAdyAn0AAAAJ"
    },
    {
      "name": "Dr. Abdul Majid",
      "scholar_id": "t5zKCYEAAAAJ",
      "url": "https://scholar.google.com/citations?user=t5zKCYEAAAAJ"
    },
    {
      "name": "Madiha Hameed Awan",
      "scholar_id": "OqKTUkUAAAAJ",
      "url": "https://scholar.google.com/citations?user=OqKTUkUAAAAJ"
    },
    {
      "name": "Muhammad Saif Ullah Khan",
      "scholar_id": "HzyC1ysAAAAJ",
      "url": "https://scholar.google.com/citations?user=HzyC1ysAAAAJ"
    },
    {
      "name": "Sheikh Talha Uddin",
      "scholar_id": "yW7VfAgAAAAJ",
      "url": "https://scholar.google.com/citations?user=yW7VfAgAAAAJ"
    },
    {
      "name": "Ifza Ifza",
      "scholar_id": "fw57w9gAAAAJ",
      "url": "https://scholar.google.com/citations?user=fw57w9gAAAAJ"
    }
  ]
}