{
  "author_info": {
    "name": "Joni Pajarinen",
    "affiliation": "Associate Professor at Aalto University",
    "email_verified": "Verified email at aalto.fi - Homepage",
    "website": "https://rl.aalto.fi/",
    "interests": [
      "Reinforcement Learning",
      "Robotics",
      "Machine Learning"
    ],
    "photo_url": "https://scholar.googleusercontent.com/citations?view_op=view_photo&user=-2fJStwAAAAJ&citpid=4"
  },
  "citation_stats": {
    "citations_all": 3048,
    "citations_since_2020": 2669,
    "h_index_all": 23,
    "h_index_since_2020": 21,
    "i10_index_all": 47,
    "i10_index_since_2020": 43,
    "citation_graph": [
      {
        "year": 2011,
        "citations": 9
      },
      {
        "year": 2012,
        "citations": 9
      },
      {
        "year": 2013,
        "citations": 30
      },
      {
        "year": 2014,
        "citations": 20
      },
      {
        "year": 2015,
        "citations": 28
      },
      {
        "year": 2016,
        "citations": 43
      },
      {
        "year": 2017,
        "citations": 39
      },
      {
        "year": 2018,
        "citations": 62
      },
      {
        "year": 2019,
        "citations": 116
      },
      {
        "year": 2020,
        "citations": 195
      },
      {
        "year": 2021,
        "citations": 255
      },
      {
        "year": 2022,
        "citations": 369
      },
      {
        "year": 2023,
        "citations": 510
      },
      {
        "year": 2024,
        "citations": 653
      },
      {
        "year": 2025,
        "citations": 674
      }
    ]
  },
  "papers": [
    {
      "title": "Partially Observable Markov Decision Processes in Robotics: A Survey",
      "url": "https://scholar.google.com/citations?view_op=view_citation&hl=en&user=-2fJStwAAAAJ&citation_for_view=-2fJStwAAAAJ:ZHo1McVdvXMC",
      "authors": "M Lauri, D Hsu, J Pajarinen",
      "venue": "IEEE Transactions on Robotics 39 (1), 21-40, 2022",
      "year": 2022,
      "citations": 215
    },
    {
      "title": "Curriculum reinforcement learning via constrained optimal transport",
      "url": "https://scholar.google.com/citations?view_op=view_citation&hl=en&user=-2fJStwAAAAJ&citation_for_view=-2fJStwAAAAJ:35N4QoGY0k4C",
      "authors": "P Klink, H Yang, C D’Eramo, J Pajarinen, J Peters",
      "venue": "International Conference on Machine Learning (ICML), 11341-11358, 2022",
      "year": 2022,
      "citations": 54
    },
    {
      "title": "Monte-carlo robot path planning",
      "url": "https://scholar.google.com/citations?view_op=view_citation&hl=en&user=-2fJStwAAAAJ&citation_for_view=-2fJStwAAAAJ:HoB7MX3m0LUC",
      "authors": "T Dam, G Chalvatzaki, J Peters, J Pajarinen",
      "venue": "IEEE Robotics and Automation Letters 7 (4), 11213-11220, 2022",
      "year": 2022,
      "citations": 53
    },
    {
      "title": "Redeeming Intrinsic Rewards via Constrained Optimization",
      "url": "https://scholar.google.com/citations?view_op=view_citation&hl=en&user=-2fJStwAAAAJ&citation_for_view=-2fJStwAAAAJ:u_35RYKgDlwC",
      "authors": "E Chen, ZW Hong, J Pajarinen, P Agrawal",
      "venue": "Advances in Neural Information Processing Systems (NeurIPS), 2022",
      "year": 2022,
      "citations": 48
    },
    {
      "title": "Adaptive behavior cloning regularization for stable offline-to-online reinforcement learning",
      "url": "https://scholar.google.com/citations?view_op=view_citation&hl=en&user=-2fJStwAAAAJ&citation_for_view=-2fJStwAAAAJ:YFjsv_pBGBYC",
      "authors": "Y Zhao, R Boney, A Ilin, J Kannala, J Pajarinen",
      "venue": "European Symposium on Artificial Neural Networks, Computational Intelligence …, 2022",
      "year": 2022,
      "citations": 42
    },
    {
      "title": "Reinforcement learning based underwater wireless optical communication alignment for autonomous underwater vehicles",
      "url": "https://scholar.google.com/citations?view_op=view_citation&hl=en&user=-2fJStwAAAAJ&citation_for_view=-2fJStwAAAAJ:M05iB0D1s5AC",
      "authors": "Y Weng, J Pajarinen, R Akrour, T Matsuda, J Peters, T Maki",
      "venue": "IEEE Journal of Oceanic Engineering 47 (4), 1231-1245, 2022",
      "year": 2022,
      "citations": 39
    },
    {
      "title": "Topological Experience Replay",
      "url": "https://scholar.google.com/citations?view_op=view_citation&hl=en&user=-2fJStwAAAAJ&citation_for_view=-2fJStwAAAAJ:NMxIlDl6LWMC",
      "authors": "ZW Hong, T Chen, YC Lin, J Pajarinen, P Agrawal",
      "venue": "International Conference on Learning Representations (ICLR), 2022",
      "year": 2022,
      "citations": 32
    },
    {
      "title": "Latent Derivative Bayesian Last Layer Networks",
      "url": "https://scholar.google.com/citations?view_op=view_citation&hl=en&user=-2fJStwAAAAJ&citation_for_view=-2fJStwAAAAJ:j3f4tGmQtD8C",
      "authors": "J Watson, JA Lin, P Klink, J Pajarinen, J Peters",
      "venue": "International Conference on Artificial Intelligence and Statistics (AISTATS …, 2021",
      "year": 2021,
      "citations": 51
    },
    {
      "title": "A Probabilistic Interpretation of Self-Paced Learning with Applications to Reinforcement Learning",
      "url": "https://scholar.google.com/citations?view_op=view_citation&hl=en&user=-2fJStwAAAAJ&citation_for_view=-2fJStwAAAAJ:4JMBOYKVnBMC",
      "authors": "P Klink, H Abdulsamad, B Belousov, C D'Eramo, J Peters, J Pajarinen",
      "venue": "Journal of Machine Learning Research 22 (182), 1-52, 2021",
      "year": 2021,
      "citations": 36
    },
    {
      "title": "Self-Paced Deep Reinforcement Learning",
      "url": "https://scholar.google.com/citations?view_op=view_citation&hl=en&user=-2fJStwAAAAJ&citation_for_view=-2fJStwAAAAJ:L8Ckcad2t8MC",
      "authors": "P Klink, C D'Eramo, J Peters, J Pajarinen",
      "venue": "Advances in Neural Information Processing Systems (NeurIPS), 2020",
      "year": 2020,
      "citations": 77
    },
    {
      "title": "Multi-sensor next-best-view planning as matroid-constrained submodular maximization",
      "url": "https://scholar.google.com/citations?view_op=view_citation&hl=en&user=-2fJStwAAAAJ&citation_for_view=-2fJStwAAAAJ:mB3voiENLucC",
      "authors": "M Lauri, J Pajarinen, J Peters, S Frintrop",
      "venue": "IEEE Robotics and Automation Letters 5 (4), 5323-5330, 2020",
      "year": 2020,
      "citations": 48
    },
    {
      "title": "Learning intention aware online adaptation of movement primitives",
      "url": "https://scholar.google.com/citations?view_op=view_citation&hl=en&user=-2fJStwAAAAJ&citation_for_view=-2fJStwAAAAJ:4DMP91E08xMC",
      "authors": "D Koert, J Pajarinen, A Schotschneider, S Trick, C Rothkopf, J Peters",
      "venue": "IEEE Robotics and Automation Letters 4 (4), 3719-3726, 2019",
      "year": 2019,
      "citations": 48
    },
    {
      "title": "Compatible natural gradient policy search",
      "url": "https://scholar.google.com/citations?view_op=view_citation&hl=en&user=-2fJStwAAAAJ&citation_for_view=-2fJStwAAAAJ:ULOm3_A8WrAC",
      "authors": "J Pajarinen, HL Thai, R Akrour, J Peters, G Neumann",
      "venue": "Machine Learning 108 (8), 1443-1466, 2019",
      "year": 2019,
      "citations": 37
    },
    {
      "title": "An Algorithmic Perspective on Imitation Learning",
      "url": "https://scholar.google.com/citations?view_op=view_citation&hl=en&user=-2fJStwAAAAJ&citation_for_view=-2fJStwAAAAJ:3fE2CSJIrl8C",
      "authors": "T Osa, J Pajarinen, G Neumann, JA Bagnell, P Abbeel, J Peters",
      "venue": "Foundations and Trends in Robotics 7 (1-2), 1-179, 2018",
      "year": 2018,
      "citations": 1188
    },
    {
      "title": "Robotic manipulation of multiple objects as a POMDP",
      "url": "https://scholar.google.com/citations?view_op=view_citation&hl=en&user=-2fJStwAAAAJ&citation_for_view=-2fJStwAAAAJ:2osOgNQ5qMEC",
      "authors": "J Pajarinen, V Kyrki",
      "venue": "Artificial Intelligence 247, 213-228, 2017",
      "year": 2017,
      "citations": 90
    },
    {
      "title": "Learning in-contact control strategies from demonstration",
      "url": "https://scholar.google.com/citations?view_op=view_citation&hl=en&user=-2fJStwAAAAJ&citation_for_view=-2fJStwAAAAJ:8k81kl-MbHgC",
      "authors": "M Racca, J Pajarinen, A Montebelli, V Kyrki",
      "venue": "2016 IEEE/RSJ international conference on intelligent robots and systems …, 2016",
      "year": 2016,
      "citations": 75
    },
    {
      "title": "Optimizing spatial and temporal reuse in wireless networks by decentralized partially observable Markov decision processes",
      "url": "https://scholar.google.com/citations?view_op=view_citation&hl=en&user=-2fJStwAAAAJ&citation_for_view=-2fJStwAAAAJ:qjMakFHDy7sC",
      "authors": "J Pajarinen, A Hottinen, J Peltonen",
      "venue": "IEEE Transactions on Mobile Computing 13 (4), 866-879, 2013",
      "year": 2013,
      "citations": 39
    },
    {
      "title": "Periodic finite state controllers for efficient POMDP and DEC-POMDP planning",
      "url": "https://scholar.google.com/citations?view_op=view_citation&hl=en&user=-2fJStwAAAAJ&citation_for_view=-2fJStwAAAAJ:u-x6o8ySG0sC",
      "authors": "J Pajarinen, J Peltonen",
      "venue": "Advances in neural information processing systems 24, 2011",
      "year": 2011,
      "citations": 79
    },
    {
      "title": "Efficient planning for factored infinite-horizon DEC-POMDPs",
      "url": "https://scholar.google.com/citations?view_op=view_citation&hl=en&user=-2fJStwAAAAJ&citation_for_view=-2fJStwAAAAJ:u5HHmVD_uO8C",
      "authors": "J Pajarinen, J Peltonen",
      "venue": "IJCAI Proceedings-International Joint Conference on Artificial Intelligence …, 2011",
      "year": 2011,
      "citations": 52
    },
    {
      "title": "Processing of data packets within a network element cluster",
      "url": "https://scholar.google.com/citations?view_op=view_citation&hl=en&user=-2fJStwAAAAJ&citation_for_view=-2fJStwAAAAJ:hqOjcs7Dif8C",
      "authors": "A Kuukankorpi, J Pajarinen, C Jalio, M Nippula",
      "venue": "US Patent 7,130,305, 2006",
      "year": 2006,
      "citations": 36
    }
  ],
  "co_authors": [
    {
      "name": "Jan Peters",
      "scholar_id": "-kIVAcAAAAAJ",
      "url": "https://scholar.google.com/citations?user=-kIVAcAAAAAJ"
    },
    {
      "name": "Ville Kyrki",
      "scholar_id": "8OBnyXQAAAAJ",
      "url": "https://scholar.google.com/citations?user=8OBnyXQAAAAJ"
    },
    {
      "name": "Carlo D'Eramo",
      "scholar_id": "1Rt_86gAAAAJ",
      "url": "https://scholar.google.com/citations?user=1Rt_86gAAAAJ"
    },
    {
      "name": "Juho Kannala",
      "scholar_id": "c4mWQPQAAAAJ",
      "url": "https://scholar.google.com/citations?user=c4mWQPQAAAAJ"
    },
    {
      "name": "Jaakko Peltonen",
      "scholar_id": "WFYU6DkAAAAJ",
      "url": "https://scholar.google.com/citations?user=WFYU6DkAAAAJ"
    },
    {
      "name": "Gerhard Neumann",
      "scholar_id": "GL360kMAAAAJ",
      "url": "https://scholar.google.com/citations?user=GL360kMAAAAJ"
    },
    {
      "name": "Pascal Klink",
      "scholar_id": "ZjqU_KwAAAAJ",
      "url": "https://scholar.google.com/citations?user=ZjqU_KwAAAAJ"
    },
    {
      "name": "Yi Zhao",
      "scholar_id": "OxdZ3CIAAAAJ",
      "url": "https://scholar.google.com/citations?user=OxdZ3CIAAAAJ"
    },
    {
      "name": "Mikko Lauri",
      "scholar_id": "Ark4dHoAAAAJ",
      "url": "https://scholar.google.com/citations?user=Ark4dHoAAAAJ"
    },
    {
      "name": "Joni-Kristian Kämäräinen",
      "scholar_id": "r6Y4nacAAAAJ",
      "url": "https://scholar.google.com/citations?user=r6Y4nacAAAAJ"
    },
    {
      "name": "Wenyan Yang",
      "scholar_id": "0bTF5XUAAAAJ",
      "url": "https://scholar.google.com/citations?user=0bTF5XUAAAAJ"
    },
    {
      "name": "Zhang-Wei Hong",
      "scholar_id": "GZkyN4cAAAAJ",
      "url": "https://scholar.google.com/citations?user=GZkyN4cAAAAJ"
    },
    {
      "name": "Wenshuai Zhao",
      "scholar_id": "cuNOys8AAAAJ",
      "url": "https://scholar.google.com/citations?user=cuNOys8AAAAJ"
    },
    {
      "name": "Yang Weng",
      "scholar_id": "NyUXdwIAAAAJ",
      "url": "https://scholar.google.com/citations?user=NyUXdwIAAAAJ"
    },
    {
      "name": "Toshihiro Maki",
      "scholar_id": "NMnNuhkAAAAJ",
      "url": "https://scholar.google.com/citations?user=NMnNuhkAAAAJ"
    },
    {
      "name": "Ari Hottinen",
      "scholar_id": "tUXH8_UAAAAJ",
      "url": "https://scholar.google.com/citations?user=tUXH8_UAAAAJ"
    },
    {
      "name": "Pieter Abbeel",
      "scholar_id": "vtwH6GkAAAAJ",
      "url": "https://scholar.google.com/citations?user=vtwH6GkAAAAJ"
    },
    {
      "name": "Takayuki Osa",
      "scholar_id": "LqVev6MAAAAJ",
      "url": "https://scholar.google.com/citations?user=LqVev6MAAAAJ"
    },
    {
      "name": "J. Andrew Bagnell",
      "scholar_id": "7t4jbPQAAAAJ",
      "url": "https://scholar.google.com/citations?user=7t4jbPQAAAAJ"
    },
    {
      "name": "Aidan Scannell",
      "scholar_id": "piA0zS4AAAAJ",
      "url": "https://scholar.google.com/citations?user=piA0zS4AAAAJ"
    }
  ]
}