{
  "author_info": {
    "name": "Stefan De Gendt",
    "affiliation": "Professor KULeuven / fellow imec",
    "email_verified": "Verified email at imec.be",
    "interests": [],
    "photo_url": "/citations/images/avatar_scholar_128.png"
  },
  "citation_stats": {
    "citations_all": 18105,
    "citations_since_2020": 6661,
    "h_index_all": 63,
    "h_index_since_2020": 38,
    "i10_index_all": 402,
    "i10_index_since_2020": 170,
    "citation_graph": [
      {
        "year": 2001,
        "citations": 62
      },
      {
        "year": 2002,
        "citations": 82
      },
      {
        "year": 2003,
        "citations": 146
      },
      {
        "year": 2004,
        "citations": 222
      },
      {
        "year": 2005,
        "citations": 319
      },
      {
        "year": 2006,
        "citations": 546
      },
      {
        "year": 2007,
        "citations": 633
      },
      {
        "year": 2008,
        "citations": 525
      },
      {
        "year": 2009,
        "citations": 626
      },
      {
        "year": 2010,
        "citations": 581
      },
      {
        "year": 2011,
        "citations": 613
      },
      {
        "year": 2012,
        "citations": 683
      },
      {
        "year": 2013,
        "citations": 892
      },
      {
        "year": 2014,
        "citations": 804
      },
      {
        "year": 2015,
        "citations": 770
      },
      {
        "year": 2016,
        "citations": 818
      },
      {
        "year": 2017,
        "citations": 893
      },
      {
        "year": 2018,
        "citations": 957
      },
      {
        "year": 2019,
        "citations": 1003
      },
      {
        "year": 2020,
        "citations": 1042
      },
      {
        "year": 2021,
        "citations": 1053
      },
      {
        "year": 2022,
        "citations": 1126
      },
      {
        "year": 2023,
        "citations": 1187
      },
      {
        "year": 2024,
        "citations": 1140
      },
      {
        "year": 2025,
        "citations": 1101
      }
    ]
  },
  "papers": [
    {
      "title": "Code generation using machine learning: A systematic review",
      "url": "https://scholar.google.com/citations?view_op=view_citation&hl=en&user=-CEDXcMAAAAJ&citation_for_view=-CEDXcMAAAAJ:pUxgyZctzPYC",
      "authors": "E Dehaerne, B Dey, S Halder, S De Gendt, W Meert",
      "venue": "Ieee Access 10, 82434-82455, 2022",
      "year": 2022,
      "citations": 143
    },
    {
      "title": "Vapor-deposited zeolitic imidazolate frameworks as gap-filling ultra-low-k dielectrics",
      "url": "https://scholar.google.com/citations?view_op=view_citation&hl=en&user=-CEDXcMAAAAJ&citation_for_view=-CEDXcMAAAAJ:NyGDZy8z5eUC",
      "authors": "M Krishtab, I Stassen, T Stassin, AJ Cruz, OO Okudur, S Armini, C Wilson, ...",
      "venue": "Nature Communications 10 (1), 3729, 2019",
      "year": 2019,
      "citations": 160
    },
    {
      "title": "Advanced interconnects: materials, processing, and reliability",
      "url": "https://scholar.google.com/citations?view_op=view_citation&hl=en&user=-CEDXcMAAAAJ&citation_for_view=-CEDXcMAAAAJ:3fE2CSJIrl8C",
      "authors": "MR Baklanov, C Adelmann, L Zhao, S De Gendt",
      "venue": "ECS Journal of Solid State Science and Technology 4 (1), Y1, 2014",
      "year": 2014,
      "citations": 172
    },
    {
      "title": "First-principles simulation of oxygen diffusion in HfOx: Role in the resistive switching mechanism",
      "url": "https://scholar.google.com/citations?view_op=view_citation&hl=en&user=-CEDXcMAAAAJ&citation_for_view=-CEDXcMAAAAJ:c1AJUTjuCtUC",
      "authors": "S Clima, YY Chen, R Degraeve, M Mees, K Sankaran, B Govoreanu, ...",
      "venue": "Applied Physics Letters 100 (13), 2012",
      "year": 2012,
      "citations": 111
    },
    {
      "title": "Fabrication of porogen residues free and mechanically robust low-k materials",
      "url": "https://scholar.google.com/citations?view_op=view_citation&hl=en&user=-CEDXcMAAAAJ&citation_for_view=-CEDXcMAAAAJ:iWL_APfBKHwC",
      "authors": "AM Urbanowicz, P Verdonck, D Shamiryan, K Vanstreels, M Baklanov, ...",
      "venue": "US Patent App. 12/831,935, 2011",
      "year": 2011,
      "citations": 525
    },
    {
      "title": "Measuring the electrical resistivity and contact resistance of vertical carbon nanotubebundles for application as interconnects",
      "url": "https://scholar.google.com/citations?view_op=view_citation&hl=en&user=-CEDXcMAAAAJ&citation_for_view=-CEDXcMAAAAJ:HE397vMXCloC",
      "authors": "S Masahito, Y Kashiwagi, Y Li, K Arstila, O Richard, DJ Cott, M Heyns, ...",
      "venue": "Nanotechnology 22 (8), 085302, 2011",
      "year": 2011,
      "citations": 128
    },
    {
      "title": "Bandgap opening in oxygen plasma-treated graphene",
      "url": "https://scholar.google.com/citations?view_op=view_citation&hl=en&user=-CEDXcMAAAAJ&citation_for_view=-CEDXcMAAAAJ:tH6gc1N1XXoC",
      "authors": "A Nourbakhsh, M Cantoro, T Vosch, G Pourtois, F Clemente, ...",
      "venue": "Nanotechnology 21 (43), 435203, 2010",
      "year": 2010,
      "citations": 388
    },
    {
      "title": "Performance enhancement in multi gate tunneling field effect transistors by scaling the fin-width",
      "url": "https://scholar.google.com/citations?view_op=view_citation&hl=en&user=-CEDXcMAAAAJ&citation_for_view=-CEDXcMAAAAJ:g30IDTdgJMgC",
      "authors": "D Leonelli, A Vandooren, R Rooyackers, AS Verhulst, S De Gendt, ...",
      "venue": "Japanese Journal of Applied Physics 49 (4S), 04DC10, 2010",
      "year": 2010,
      "citations": 119
    },
    {
      "title": "Atomic layer deposition method for depositing a layer",
      "url": "https://scholar.google.com/citations?view_op=view_citation&hl=en&user=-CEDXcMAAAAJ&citation_for_view=-CEDXcMAAAAJ:bxPAEoiBajcC",
      "authors": "P Zimmerman, M Caymax, S De Gendt, A Delabie, LA Ragnarsson",
      "venue": "US Patent 7,579,285, 2009",
      "year": 2009,
      "citations": 463
    },
    {
      "title": "Complementary silicon-based heterostructure tunnel-FETs with high tunnel rates",
      "url": "https://scholar.google.com/citations?view_op=view_citation&hl=en&user=-CEDXcMAAAAJ&citation_for_view=-CEDXcMAAAAJ:EYYDruWGBe4C",
      "authors": "AS Verhulst, WG Vandenberghe, K Maex, S De Gendt, MM Heyns, ...",
      "venue": "IEEE electron device letters 29 (12), 1398-1401, 2008",
      "year": 2008,
      "citations": 233
    },
    {
      "title": "Dielectric properties of dysprosium-and scandium-doped hafnium dioxide thin films",
      "url": "https://scholar.google.com/citations?view_op=view_citation&hl=en&user=-CEDXcMAAAAJ&citation_for_view=-CEDXcMAAAAJ:XoXfffV-tXoC",
      "authors": "C Adelmann, V Sriramkumar, S Van Elshocht, P Lehnen, T Conard, ...",
      "venue": "Applied Physics Letters 91 (16), 2007",
      "year": 2007,
      "citations": 112
    },
    {
      "title": "Electrical properties of high-κ gate dielectrics: Challenges, current issues, and possible solutions",
      "url": "https://scholar.google.com/citations?view_op=view_citation&hl=en&user=-CEDXcMAAAAJ&citation_for_view=-CEDXcMAAAAJ:ijdKiLOsEJMC",
      "authors": "M Houssa, L Pantisano, LÅ Ragnarsson, R Degraeve, T Schram, ...",
      "venue": "Materials Science and Engineering: R: Reports 51 (4-6), 37-85, 2006",
      "year": 2006,
      "citations": 351
    },
    {
      "title": "Development and function of the adult generation of Leydig cells in mice with Sertoli cell-selective or total ablation of the androgen receptor",
      "url": "https://scholar.google.com/citations?view_op=view_citation&hl=en&user=-CEDXcMAAAAJ&citation_for_view=-CEDXcMAAAAJ:NZNkWSpQBv0C",
      "authors": "K De Gendt, N Atanassova, KAL Tan, LR de França, GG Parreira, ...",
      "venue": "Endocrinology 146 (9), 4117-4126, 2005",
      "year": 2005,
      "citations": 133
    },
    {
      "title": "A study of the influence of typical wet chemical treatments on the germanium wafer surface",
      "url": "https://scholar.google.com/citations?view_op=view_citation&hl=en&user=-CEDXcMAAAAJ&citation_for_view=-CEDXcMAAAAJ:E8ajGqO0XoUC",
      "authors": "B Onsia, T Conard, S De Gendt, M Heyns, I Hoflijk, P Mertens, M Meuris, ...",
      "venue": "Solid State Phenom. 103, 19-22, 2005",
      "year": 2005,
      "citations": 118
    },
    {
      "title": "Island growth in the atomic layer deposition of zirconium oxide and aluminum oxide on hydrogen-terminated silicon: Growth mode modeling and transmission electron microscopy",
      "url": "https://scholar.google.com/citations?view_op=view_citation&hl=en&user=-CEDXcMAAAAJ&citation_for_view=-CEDXcMAAAAJ:FQ36aI_S1AEC",
      "authors": "RL Puurunen, W Vandervorst, WFA Besling, O Richard, H Bender, ...",
      "venue": "Journal of applied physics 96 (9), 4878-4889, 2004",
      "year": 2004,
      "citations": 223
    },
    {
      "title": "Deposition of HfO2 on germanium and the impact of surface pretreatments",
      "url": "https://scholar.google.com/citations?view_op=view_citation&hl=en&user=-CEDXcMAAAAJ&citation_for_view=-CEDXcMAAAAJ:geHnlv5EZngC",
      "authors": "S Van Elshocht, B Brijs, M Caymax, T Conard, T Chiarella, S De Gendt, ...",
      "venue": "Applied physics letters 85 (17), 3824-3826, 2004",
      "year": 2004,
      "citations": 141
    },
    {
      "title": "Passivation and interface state density of -based/polycrystalline-Si gate stacks",
      "url": "https://scholar.google.com/citations?view_op=view_citation&hl=en&user=-CEDXcMAAAAJ&citation_for_view=-CEDXcMAAAAJ:Br1UauaknNIC",
      "authors": "RJ Carter, E Cartier, A Kerber, L Pantisano, T Schram, S De Gendt, ...",
      "venue": "Applied physics letters 83 (3), 533-535, 2003",
      "year": 2003,
      "citations": 161
    },
    {
      "title": "Characterization of ALCVD-Al2O3 and ZrO2 layer using X-ray photoelectron spectroscopy",
      "url": "https://scholar.google.com/citations?view_op=view_citation&hl=en&user=-CEDXcMAAAAJ&citation_for_view=-CEDXcMAAAAJ:ce2CqMG-AY4C",
      "authors": "H Nohira, W Tsai, W Besling, E Young, J Pétry, T Conard, W Vandervorst, ...",
      "venue": "Journal of non-crystalline solids 303 (1), 83-87, 2002",
      "year": 2002,
      "citations": 305
    },
    {
      "title": "Polarity effect on the temperature dependence of leakage current through  gate dielectric stacks",
      "url": "https://scholar.google.com/citations?view_op=view_citation&hl=en&user=-CEDXcMAAAAJ&citation_for_view=-CEDXcMAAAAJ:L1USKYWJimsC",
      "authors": "Z Xu, M Houssa, S De Gendt, M Heyns",
      "venue": "Applied physics letters 80 (11), 1975-1977, 2002",
      "year": 2002,
      "citations": 221
    },
    {
      "title": "Characterisation of ALCVD Al2O3–ZrO2 nanolaminates, link between electrical and structural properties",
      "url": "https://scholar.google.com/citations?view_op=view_citation&hl=en&user=-CEDXcMAAAAJ&citation_for_view=-CEDXcMAAAAJ:4X0JR2_MtJMC",
      "authors": "WFA Besling, E Young, T Conard, C Zhao, R Carter, W Vandervorst, ...",
      "venue": "Journal of Non-Crystalline Solids 303 (1), 123-133, 2002",
      "year": 2002,
      "citations": 129
    }
  ],
  "co_authors": []
}