{
  "author_info": {
    "name": "yue han",
    "affiliation": "Zhejiang University",
    "email_verified": "Verified email at zju.edu.cn",
    "interests": [
      "image generation"
    ],
    "photo_url": "https://scholar.googleusercontent.com/citations?view_op=view_photo&user=08E500gAAAAJ&citpid=1"
  },
  "citation_stats": {
    "citations_all": 459,
    "citations_since_2020": 459,
    "h_index_all": 9,
    "h_index_since_2020": 9,
    "i10_index_all": 9,
    "i10_index_since_2020": 9,
    "citation_graph": [
      {
        "year": 2022,
        "citations": 2
      },
      {
        "year": 2023,
        "citations": 39
      },
      {
        "year": 2024,
        "citations": 140
      },
      {
        "year": 2025,
        "citations": 274
      }
    ]
  },
  "papers": [
    {
      "title": "Llm-powered gui agents in phone automation: Surveying progress and prospects",
      "url": "https://scholar.google.com/citations?view_op=view_citation&hl=en&user=08E500gAAAAJ&citation_for_view=08E500gAAAAJ:W7OEmFMy1HYC",
      "authors": "G Liu, P Zhao, L Liu, Y Guo, H Xiao, W Lin, Y Chai, Y Han, S Ren, H Wang, ...",
      "venue": "arXiv preprint arXiv:2504.19838, 2025",
      "year": 2025,
      "citations": 35
    },
    {
      "title": "GroundingFace: Fine-grained Face Understanding via Pixel Grounding Multimodal Large Language Model",
      "url": "https://scholar.google.com/citations?view_op=view_citation&hl=en&user=08E500gAAAAJ&citation_for_view=08E500gAAAAJ:YsMSGLbcyi4C",
      "authors": "Y Han, J Zhang, J Zhu, R Hou, X Ji, C Lin, X Hu, Z Xue, Y Liu",
      "venue": "Proceedings of the Computer Vision and Pattern Recognition Conference, 3942-3951, 2025",
      "year": 2025,
      "citations": 0
    },
    {
      "title": "Face-adapter for pre-trained diffusion models with fine-grained id and attribute control",
      "url": "https://scholar.google.com/citations?view_op=view_citation&hl=en&user=08E500gAAAAJ&citation_for_view=08E500gAAAAJ:2osOgNQ5qMEC",
      "authors": "Y Han, J Zhu, K He, X Chen, Y Ge, W Li, X Li, J Zhang, C Wang, Y Liu",
      "venue": "European Conference on Computer Vision, 20-36, 2024",
      "year": 2024,
      "citations": 50
    },
    {
      "title": "Reference twice: A simple and unified baseline for few-shot instance segmentation",
      "url": "https://scholar.google.com/citations?view_op=view_citation&hl=en&user=08E500gAAAAJ&citation_for_view=08E500gAAAAJ:9yKSN-GCB0IC",
      "authors": "Y Han, J Zhang, Y Wang, C Wang, Y Liu, L Qi, MH Yang, X Li",
      "venue": "IEEE transactions on pattern analysis and machine intelligence 46 (12), 9221 …, 2024",
      "year": 2024,
      "citations": 28
    },
    {
      "title": "MIMAFace: Face Animation via Motion-Identity Modulated Appearance Feature Learning",
      "url": "https://scholar.google.com/citations?view_op=view_citation&hl=en&user=08E500gAAAAJ&citation_for_view=08E500gAAAAJ:qjMakFHDy7sC",
      "authors": "Y Han, J Zhu, Y Feng, X Ji, K He, X Li, Y Liu",
      "venue": "arXiv preprint arXiv:2409.15179, 2024",
      "year": 2024,
      "citations": 2
    },
    {
      "title": "April-gan: A zero-/few-shot anomaly classification and segmentation method for cvpr 2023 vand workshop challenge tracks 1&2: 1st place on zero-shot ad and 4th place on few-shot ad",
      "url": "https://scholar.google.com/citations?view_op=view_citation&hl=en&user=08E500gAAAAJ&citation_for_view=08E500gAAAAJ:IjCSPb-OGe4C",
      "authors": "X Chen, Y Han, J Zhang",
      "venue": "arXiv preprint arXiv:2305.17382, 2023",
      "year": 2023,
      "citations": 174
    },
    {
      "title": "High-fidelity generalized emotional talking face generation with multi-modal emotion space learning",
      "url": "https://scholar.google.com/citations?view_op=view_citation&hl=en&user=08E500gAAAAJ&citation_for_view=08E500gAAAAJ:d1gkVwhDpl0C",
      "authors": "C Xu, J Zhu, J Zhang, Y Han, W Chu, Y Tai, C Wang, Z Xie, Y Liu",
      "venue": "Proceedings of the IEEE/CVF conference on computer vision and pattern …, 2023",
      "year": 2023,
      "citations": 58
    },
    {
      "title": "A generalist facex via learning unified facial representation",
      "url": "https://scholar.google.com/citations?view_op=view_citation&hl=en&user=08E500gAAAAJ&citation_for_view=08E500gAAAAJ:UeHWp8X0CEIC",
      "authors": "Y Han, J Zhang, J Zhu, X Li, Y Ge, W Li, C Wang, Y Liu, X Liu, Y Tai",
      "venue": "arXiv preprint arXiv:2401.00551, 2023",
      "year": 2023,
      "citations": 18
    },
    {
      "title": "Learning global-aware kernel for image harmonization",
      "url": "https://scholar.google.com/citations?view_op=view_citation&hl=en&user=08E500gAAAAJ&citation_for_view=08E500gAAAAJ:Tyk-4Ss8FVUC",
      "authors": "X Shen, J Zhang, J Chen, S Bai, Y Han, Y Wang, C Wang, Y Liu",
      "venue": "Proceedings of the IEEE/CVF International Conference on Computer Vision …, 2023",
      "year": 2023,
      "citations": 14
    },
    {
      "title": "Designing one unified framework for high-fidelity face reenactment and swapping",
      "url": "https://scholar.google.com/citations?view_op=view_citation&hl=en&user=08E500gAAAAJ&citation_for_view=08E500gAAAAJ:u-x6o8ySG0sC",
      "authors": "C Xu, J Zhang, Y Han, G Tian, X Zeng, Y Tai, Y Wang, C Wang, Y Liu",
      "venue": "European conference on computer vision, 54-71, 2022",
      "year": 2022,
      "citations": 60
    },
    {
      "title": "Scsnet: An efficient paradigm for learning simultaneously image colorization and super-resolution",
      "url": "https://scholar.google.com/citations?view_op=view_citation&hl=en&user=08E500gAAAAJ&citation_for_view=08E500gAAAAJ:u5HHmVD_uO8C",
      "authors": "J Zhang, C Xu, J Li, Y Han, Y Wang, Y Tai, Y Liu",
      "venue": "Proceedings of the AAAI Conference on Artificial Intelligence 36 (3), 3271-3279, 2022",
      "year": 2022,
      "citations": 20
    }
  ],
  "co_authors": []
}