{
  "author_info": {
    "name": "Or Patashnik",
    "affiliation": "Tel Aviv University",
    "email_verified": "Verified email at mail.tau.ac.il - Homepage",
    "website": "http://orpatashnik.github.io/",
    "interests": [],
    "photo_url": "https://scholar.googleusercontent.com/citations?view_op=view_photo&user=-SlS0mgAAAAJ&citpid=3"
  },
  "citation_stats": {
    "citations_all": 9831,
    "citations_since_2020": 9822,
    "h_index_all": 22,
    "h_index_since_2020": 22,
    "i10_index_all": 25,
    "i10_index_since_2020": 25,
    "citation_graph": [
      {
        "year": 2021,
        "citations": 181
      },
      {
        "year": 2022,
        "citations": 1142
      },
      {
        "year": 2023,
        "citations": 2396
      },
      {
        "year": 2024,
        "citations": 3107
      },
      {
        "year": 2025,
        "citations": 2958
      }
    ]
  },
  "papers": [
    {
      "title": "Stable flow: Vital layers for training-free image editing",
      "url": "https://scholar.google.com/citations?view_op=view_citation&hl=en&user=-SlS0mgAAAAJ&citation_for_view=-SlS0mgAAAAJ:qxL8FJ1GzNcC",
      "authors": "O Avrahami, O Patashnik, O Fried, E Nemchinov, K Aberman, D Lischinski, ...",
      "venue": "Proceedings of the Computer Vision and Pattern Recognition Conference, 7877-7888, 2025",
      "year": 2025,
      "citations": 37
    },
    {
      "title": "Cross-image attention for zero-shot appearance transfer",
      "url": "https://scholar.google.com/citations?view_op=view_citation&hl=en&user=-SlS0mgAAAAJ&citation_for_view=-SlS0mgAAAAJ:8k81kl-MbHgC",
      "authors": "Y Alaluf, D Garibi, O Patashnik, H Averbuch-Elor, D Cohen-Or",
      "venue": "ACM SIGGRAPH 2024 conference papers, 1-12, 2024",
      "year": 2024,
      "citations": 115
    },
    {
      "title": "Renoise: Real image inversion through iterative noising",
      "url": "https://scholar.google.com/citations?view_op=view_citation&hl=en&user=-SlS0mgAAAAJ&citation_for_view=-SlS0mgAAAAJ:KlAtU1dfN6UC",
      "authors": "D Garibi, O Patashnik, A Voynov, H Averbuch-Elor, D Cohen-Or",
      "venue": "European Conference on Computer Vision, 395-413, 2024",
      "year": 2024,
      "citations": 72
    },
    {
      "title": "Be yourself: Bounded attention for multi-subject text-to-image generation",
      "url": "https://scholar.google.com/citations?view_op=view_citation&hl=en&user=-SlS0mgAAAAJ&citation_for_view=-SlS0mgAAAAJ:Zph67rFs4hoC",
      "authors": "O Dahary, O Patashnik, K Aberman, D Cohen-Or",
      "venue": "European Conference on Computer Vision, 432-448, 2024",
      "year": 2024,
      "citations": 53
    },
    {
      "title": "Lcm-lookahead for encoder-based text-to-image personalization",
      "url": "https://scholar.google.com/citations?view_op=view_citation&hl=en&user=-SlS0mgAAAAJ&citation_for_view=-SlS0mgAAAAJ:ULOm3_A8WrAC",
      "authors": "R Gal, O Lichter, E Richardson, O Patashnik, AH Bermano, G Chechik, ...",
      "venue": "European Conference on Computer Vision, 322-340, 2024",
      "year": 2024,
      "citations": 41
    },
    {
      "title": "Turboedit: Text-based image editing using few-step diffusion models",
      "url": "https://scholar.google.com/citations?view_op=view_citation&hl=en&user=-SlS0mgAAAAJ&citation_for_view=-SlS0mgAAAAJ:_kc_bZDykSQC",
      "authors": "G Deutch, R Gal, D Garibi, O Patashnik, D Cohen-Or",
      "venue": "SIGGRAPH Asia 2024 Conference Papers, 1-12, 2024",
      "year": 2024,
      "citations": 39
    },
    {
      "title": "Using deep neural networks to disentangle visual and semantic information in human perception and memory",
      "url": "https://scholar.google.com/citations?view_op=view_citation&hl=en&user=-SlS0mgAAAAJ&citation_for_view=-SlS0mgAAAAJ:3fE2CSJIrl8C",
      "authors": "A Shoham, ID Grosbard, O Patashnik, D Cohen-Or, G Yovel",
      "venue": "Nature Human Behaviour 8 (4), 702-717, 2024",
      "year": 2024,
      "citations": 35
    },
    {
      "title": "Latent-nerf for shape-guided generation of 3d shapes and textures",
      "url": "https://scholar.google.com/citations?view_op=view_citation&hl=en&user=-SlS0mgAAAAJ&citation_for_view=-SlS0mgAAAAJ:Se3iqnhoufwC",
      "authors": "G Metzer, E Richardson, O Patashnik, R Giryes, D Cohen-Or",
      "venue": "Proceedings of the IEEE/CVF conference on computer vision and pattern …, 2023",
      "year": 2023,
      "citations": 590
    },
    {
      "title": "Localizing object-level shape variations with text-to-image diffusion models",
      "url": "https://scholar.google.com/citations?view_op=view_citation&hl=en&user=-SlS0mgAAAAJ&citation_for_view=-SlS0mgAAAAJ:hqOjcs7Dif8C",
      "authors": "O Patashnik, D Garibi, I Azuri, H Averbuch-Elor, D Cohen-Or",
      "venue": "Proceedings of the IEEE/CVF international conference on computer vision …, 2023",
      "year": 2023,
      "citations": 168
    },
    {
      "title": "Noise-free score distillation",
      "url": "https://scholar.google.com/citations?view_op=view_citation&hl=en&user=-SlS0mgAAAAJ&citation_for_view=-SlS0mgAAAAJ:5nxA0vEk-isC",
      "authors": "O Katzir, O Patashnik, D Cohen-Or, D Lischinski",
      "venue": "arXiv preprint arXiv:2310.17590, 2023",
      "year": 2023,
      "citations": 154
    },
    {
      "title": "An image is worth one word: Personalizing text-to-image generation using textual inversion",
      "url": "https://scholar.google.com/citations?view_op=view_citation&hl=en&user=-SlS0mgAAAAJ&citation_for_view=-SlS0mgAAAAJ:LkGwnXOMwfcC",
      "authors": "R Gal, Y Alaluf, Y Atzmon, O Patashnik, AH Bermano, G Chechik, ...",
      "venue": "arXiv preprint arXiv:2208.01618, 2022",
      "year": 2022,
      "citations": 2547
    },
    {
      "title": "Stylegan-nada: Clip-guided domain adaptation of image generators",
      "url": "https://scholar.google.com/citations?view_op=view_citation&hl=en&user=-SlS0mgAAAAJ&citation_for_view=-SlS0mgAAAAJ:UebtZRa9Y70C",
      "authors": "R Gal, O Patashnik, H Maron, AH Bermano, G Chechik, D Cohen-Or",
      "venue": "ACM Transactions on Graphics (TOG) 41 (4), 1-13, 2022",
      "year": 2022,
      "citations": 831
    },
    {
      "title": "State‐of‐the‐Art in the Architecture, Methods and Applications of StyleGAN",
      "url": "https://scholar.google.com/citations?view_op=view_citation&hl=en&user=-SlS0mgAAAAJ&citation_for_view=-SlS0mgAAAAJ:WF5omc3nYNoC",
      "authors": "AH Bermano, R Gal, Y Alaluf, R Mokady, Y Nitzan, O Tov, O Patashnik, ...",
      "venue": "Computer Graphics Forum 41 (2), 591-611, 2022",
      "year": 2022,
      "citations": 131
    },
    {
      "title": "Third time’s the charm? image and video editing with stylegan3",
      "url": "https://scholar.google.com/citations?view_op=view_citation&hl=en&user=-SlS0mgAAAAJ&citation_for_view=-SlS0mgAAAAJ:YsMSGLbcyi4C",
      "authors": "Y Alaluf, O Patashnik, Z Wu, A Zamir, E Shechtman, D Lischinski, ...",
      "venue": "European Conference on Computer Vision, 204-220, 2022",
      "year": 2022,
      "citations": 101
    },
    {
      "title": "Stylefusion: Disentangling spatial segments in stylegan-generated images",
      "url": "https://scholar.google.com/citations?view_op=view_citation&hl=en&user=-SlS0mgAAAAJ&citation_for_view=-SlS0mgAAAAJ:ufrVoPGSRksC",
      "authors": "O Kafri, O Patashnik, Y Alaluf, D Cohen-Or",
      "venue": "ACM Transactions on Graphics 41 (5), 1-15, 2022",
      "year": 2022,
      "citations": 57
    },
    {
      "title": "Styleclip: Text-driven manipulation of stylegan imagery",
      "url": "https://scholar.google.com/citations?view_op=view_citation&hl=en&user=-SlS0mgAAAAJ&citation_for_view=-SlS0mgAAAAJ:qjMakFHDy7sC",
      "authors": "O Patashnik, Z Wu, E Shechtman, D Cohen-Or, D Lischinski",
      "venue": "Proceedings of the IEEE/CVF international conference on computer vision …, 2021",
      "year": 2021,
      "citations": 1571
    },
    {
      "title": "Encoding in style: a stylegan encoder for image-to-image translation",
      "url": "https://scholar.google.com/citations?view_op=view_citation&hl=en&user=-SlS0mgAAAAJ&citation_for_view=-SlS0mgAAAAJ:u5HHmVD_uO8C",
      "authors": "E Richardson, Y Alaluf, O Patashnik, Y Nitzan, Y Azar, S Shapiro, ...",
      "venue": "Proceedings of the IEEE/CVF conference on computer vision and pattern …, 2021",
      "year": 2021,
      "citations": 1551
    },
    {
      "title": "Designing an encoder for stylegan image manipulation",
      "url": "https://scholar.google.com/citations?view_op=view_citation&hl=en&user=-SlS0mgAAAAJ&citation_for_view=-SlS0mgAAAAJ:9yKSN-GCB0IC",
      "authors": "O Tov, Y Alaluf, Y Nitzan, O Patashnik, D Cohen-Or",
      "venue": "ACM Transactions on Graphics (TOG) 40 (4), 1-14, 2021",
      "year": 2021,
      "citations": 978
    },
    {
      "title": "Restyle: A residual-based stylegan encoder via iterative refinement",
      "url": "https://scholar.google.com/citations?view_op=view_citation&hl=en&user=-SlS0mgAAAAJ&citation_for_view=-SlS0mgAAAAJ:UeHWp8X0CEIC",
      "authors": "Y Alaluf, O Patashnik, D Cohen-Or",
      "venue": "Proceedings of the IEEE/CVF international conference on computer vision …, 2021",
      "year": 2021,
      "citations": 437
    },
    {
      "title": "Only a matter of style: Age transformation using a style-based regression model",
      "url": "https://scholar.google.com/citations?view_op=view_citation&hl=en&user=-SlS0mgAAAAJ&citation_for_view=-SlS0mgAAAAJ:2osOgNQ5qMEC",
      "authors": "Y Alaluf, O Patashnik, D Cohen-Or",
      "venue": "ACM Transactions on Graphics (TOG) 40 (4), 1-12, 2021",
      "year": 2021,
      "citations": 186
    }
  ],
  "co_authors": [
    {
      "name": "Daniel Cohen-Or",
      "scholar_id": "fAxws1sAAAAJ",
      "url": "https://scholar.google.com/citations?user=fAxws1sAAAAJ"
    },
    {
      "name": "Yuval Alaluf",
      "scholar_id": "uvaPP80AAAAJ",
      "url": "https://scholar.google.com/citations?user=uvaPP80AAAAJ"
    },
    {
      "name": "Rinon Gal",
      "scholar_id": "928yXx4AAAAJ",
      "url": "https://scholar.google.com/citations?user=928yXx4AAAAJ"
    },
    {
      "name": "Amit Haim Bermano",
      "scholar_id": "EPO5_f4AAAAJ",
      "url": "https://scholar.google.com/citations?user=EPO5_f4AAAAJ"
    },
    {
      "name": "Dani Lischinski",
      "scholar_id": "haahCZ4AAAAJ",
      "url": "https://scholar.google.com/citations?user=haahCZ4AAAAJ"
    },
    {
      "name": "Yotam Nitzan",
      "scholar_id": "pTUX5wEAAAAJ",
      "url": "https://scholar.google.com/citations?user=pTUX5wEAAAAJ"
    },
    {
      "name": "Gal Chechik",
      "scholar_id": "Wk2gAZUAAAAJ",
      "url": "https://scholar.google.com/citations?user=Wk2gAZUAAAAJ"
    },
    {
      "name": "Zongze Wu",
      "scholar_id": "V8FwQGkAAAAJ",
      "url": "https://scholar.google.com/citations?user=V8FwQGkAAAAJ"
    },
    {
      "name": "Elad Richardson",
      "scholar_id": "9npMV2kAAAAJ",
      "url": "https://scholar.google.com/citations?user=9npMV2kAAAAJ"
    },
    {
      "name": "Eli Shechtman",
      "scholar_id": "B_FTboQAAAAJ",
      "url": "https://scholar.google.com/citations?user=B_FTboQAAAAJ"
    },
    {
      "name": "Daniel Garibi",
      "scholar_id": "_kIKZXIAAAAJ",
      "url": "https://scholar.google.com/citations?user=_kIKZXIAAAAJ"
    },
    {
      "name": "Kfir Aberman",
      "scholar_id": "jdbZDakAAAAJ",
      "url": "https://scholar.google.com/citations?user=jdbZDakAAAAJ"
    },
    {
      "name": "Yuval Atzmon",
      "scholar_id": "VJZj2MsAAAAJ",
      "url": "https://scholar.google.com/citations?user=VJZj2MsAAAAJ"
    },
    {
      "name": "Omer Tov",
      "scholar_id": "lbo_R54AAAAJ",
      "url": "https://scholar.google.com/citations?user=lbo_R54AAAAJ"
    },
    {
      "name": "Hadar Averbuch-Elor",
      "scholar_id": "oBldxf0AAAAJ",
      "url": "https://scholar.google.com/citations?user=oBldxf0AAAAJ"
    },
    {
      "name": "Haggai Maron",
      "scholar_id": "4v8uJrIAAAAJ",
      "url": "https://scholar.google.com/citations?user=4v8uJrIAAAAJ"
    },
    {
      "name": "Raja Giryes",
      "scholar_id": "9aQUYVQAAAAJ",
      "url": "https://scholar.google.com/citations?user=9aQUYVQAAAAJ"
    },
    {
      "name": "Gal Metzer",
      "scholar_id": "QVeYd9YAAAAJ",
      "url": "https://scholar.google.com/citations?user=QVeYd9YAAAAJ"
    },
    {
      "name": "Oren Katzir",
      "scholar_id": "h0NDeF8AAAAJ",
      "url": "https://scholar.google.com/citations?user=h0NDeF8AAAAJ"
    },
    {
      "name": "Ron Mokady",
      "scholar_id": "9I9VevsAAAAJ",
      "url": "https://scholar.google.com/citations?user=9I9VevsAAAAJ"
    }
  ]
}