{
  "author_info": {
    "name": "Changxi Zheng",
    "affiliation": "Columbia University",
    "email_verified": "Verified email at cs.columbia.edu - Homepage",
    "website": "http://www.cs.columbia.edu/~cxz",
    "interests": [
      "Scientific Computing",
      "Computer Graphics",
      "Simulation"
    ],
    "photo_url": "https://scholar.googleusercontent.com/citations?view_op=view_photo&user=-0rEuLgAAAAJ&citpid=2"
  },
  "citation_stats": {
    "citations_all": 5640,
    "citations_since_2020": 3758,
    "h_index_all": 43,
    "h_index_since_2020": 32,
    "i10_index_all": 79,
    "i10_index_since_2020": 74,
    "citation_graph": [
      {
        "year": 2007,
        "citations": 32
      },
      {
        "year": 2008,
        "citations": 44
      },
      {
        "year": 2009,
        "citations": 76
      },
      {
        "year": 2010,
        "citations": 76
      },
      {
        "year": 2011,
        "citations": 80
      },
      {
        "year": 2012,
        "citations": 80
      },
      {
        "year": 2013,
        "citations": 116
      },
      {
        "year": 2014,
        "citations": 114
      },
      {
        "year": 2015,
        "citations": 135
      },
      {
        "year": 2016,
        "citations": 235
      },
      {
        "year": 2017,
        "citations": 240
      },
      {
        "year": 2018,
        "citations": 256
      },
      {
        "year": 2019,
        "citations": 321
      },
      {
        "year": 2020,
        "citations": 426
      },
      {
        "year": 2021,
        "citations": 490
      },
      {
        "year": 2022,
        "citations": 543
      },
      {
        "year": 2023,
        "citations": 637
      },
      {
        "year": 2024,
        "citations": 740
      },
      {
        "year": 2025,
        "citations": 911
      }
    ]
  },
  "papers": [
    {
      "title": "Physdreamer: Physics-based interaction with 3d objects via video generation",
      "url": "https://scholar.google.com/citations?view_op=view_citation&hl=en&user=-0rEuLgAAAAJ&citation_for_view=-0rEuLgAAAAJ:SpbeaW3--B0C",
      "authors": "T Zhang, HX Yu, R Wu, BY Feng, C Zheng, N Snavely, J Wu, WT Freeman",
      "venue": "European Conference on Computer Vision, 388-406, 2024",
      "year": 2024,
      "citations": 113
    },
    {
      "title": "Deepcad: A deep generative network for computer-aided design models",
      "url": "https://scholar.google.com/citations?view_op=view_citation&hl=en&user=-0rEuLgAAAAJ&citation_for_view=-0rEuLgAAAAJ:ipzZ9siozwsC",
      "authors": "R Wu, C Xiao, C Zheng",
      "venue": "Proceedings of the IEEE/CVF International Conference on Computer Vision …, 2021",
      "year": 2021,
      "citations": 280
    },
    {
      "title": "Dielectric metasurfaces for complete and independent control of the optical amplitude and phase",
      "url": "https://scholar.google.com/citations?view_op=view_citation&hl=en&user=-0rEuLgAAAAJ&citation_for_view=-0rEuLgAAAAJ:JQOojiI6XY0C",
      "authors": "AC Overvig, S Shrestha, SC Malek, M Lu, A Stein, C Zheng, N Yu",
      "venue": "Light: Science & Applications 8 (1), 92, 2019",
      "year": 2019,
      "citations": 525
    },
    {
      "title": "Enhancing Adversarial Defense by -Winners-Take-All",
      "url": "https://scholar.google.com/citations?view_op=view_citation&hl=en&user=-0rEuLgAAAAJ&citation_for_view=-0rEuLgAAAAJ:W5xh706n7nkC",
      "authors": "C Xiao, P Zhong, C Zheng",
      "venue": "arXiv preprint arXiv:1905.10510, 2019",
      "year": 2019,
      "citations": 172
    },
    {
      "title": "A differential theory of radiative transfer",
      "url": "https://scholar.google.com/citations?view_op=view_citation&hl=en&user=-0rEuLgAAAAJ&citation_for_view=-0rEuLgAAAAJ:_Re3VWB3Y0AC",
      "authors": "C Zhang, L Wu, C Zheng, I Gkioulekas, R Ramamoorthi, S Zhao",
      "venue": "ACM Transactions on Graphics (TOG) 38 (6), 1-16, 2019",
      "year": 2019,
      "citations": 152
    },
    {
      "title": "Bourgan: Generative networks with metric embeddings",
      "url": "https://scholar.google.com/citations?view_op=view_citation&hl=en&user=-0rEuLgAAAAJ&citation_for_view=-0rEuLgAAAAJ:_B80troHkn4C",
      "authors": "C Xiao, P Zhong, C Zheng",
      "venue": "Advances in neural information processing systems 31, 2018",
      "year": 2018,
      "citations": 87
    },
    {
      "title": "A multi-scale model for simulating liquid-fabric interactions",
      "url": "https://scholar.google.com/citations?view_op=view_citation&hl=en&user=-0rEuLgAAAAJ&citation_for_view=-0rEuLgAAAAJ:WqliGbK-hY8C",
      "authors": "Y Fei, C Batty, E Grinspun, C Zheng",
      "venue": "ACM Transactions on Graphics (TOG) 37 (4), 1-16, 2018",
      "year": 2018,
      "citations": 79
    },
    {
      "title": "Interactive design space exploration and optimization for CAD models",
      "url": "https://scholar.google.com/citations?view_op=view_citation&hl=en&user=-0rEuLgAAAAJ&citation_for_view=-0rEuLgAAAAJ:bnK-pcrLprsC",
      "authors": "A Schulz, J Xu, B Zhu, C Zheng, E Grinspun, W Matusik",
      "venue": "ACM Transactions on Graphics (TOG) 36 (4), 1-14, 2017",
      "year": 2017,
      "citations": 108
    },
    {
      "title": "Acoustic Voxels: Computational Optimization of Modular Acoustic Filters",
      "url": "https://scholar.google.com/citations?view_op=view_citation&hl=en&user=-0rEuLgAAAAJ&citation_for_view=-0rEuLgAAAAJ:SP6oXDckpogC",
      "authors": "D Li, DIW Levin, W Matusik, C Zheng",
      "venue": "ACM Transactions on Graphics 35 (4), 2016",
      "year": 2016,
      "citations": 80
    },
    {
      "title": "Continuum foam: A material point method for shear-dependent flows",
      "url": "https://scholar.google.com/citations?view_op=view_citation&hl=en&user=-0rEuLgAAAAJ&citation_for_view=-0rEuLgAAAAJ:D03iK_w7-QYC",
      "authors": "Y Yue, B Smith, C Batty, C Zheng, E Grinspun",
      "venue": "ACM Transactions on Graphics (TOG) 34 (5), 1-20, 2015",
      "year": 2015,
      "citations": 177
    },
    {
      "title": "Computational Hydrographic Printing",
      "url": "https://scholar.google.com/citations?view_op=view_citation&hl=en&user=-0rEuLgAAAAJ&citation_for_view=-0rEuLgAAAAJ:JV2RwH3_ST0C",
      "authors": "Y Zhang, C Yin, C Zheng, K Zhou",
      "venue": "ACM Transactions on Graphics 34 (4), 2015",
      "year": 2015,
      "citations": 82
    },
    {
      "title": "An Asymptotic Numerical Method for Inverse Elastic Shape Design",
      "url": "https://scholar.google.com/citations?view_op=view_citation&hl=en&user=-0rEuLgAAAAJ&citation_for_view=-0rEuLgAAAAJ:R3hNpaxXUhUC",
      "authors": "X Chen, C Zheng, W Xu, K Zhou",
      "venue": "ACM Transactions on Graphics 33 (4), 2014",
      "year": 2014,
      "citations": 119
    },
    {
      "title": "Learning to place new objects in a scene",
      "url": "https://scholar.google.com/citations?view_op=view_citation&hl=en&user=-0rEuLgAAAAJ&citation_for_view=-0rEuLgAAAAJ:_FxGoFyzp5QC",
      "authors": "Y Jiang, M Lim, C Zheng, A Saxena",
      "venue": "The International Journal of Robotics Research 31 (9), 1021-1043, 2012",
      "year": 2012,
      "citations": 186
    },
    {
      "title": "Toward high-quality modal contact sound",
      "url": "https://scholar.google.com/citations?view_op=view_citation&hl=en&user=-0rEuLgAAAAJ&citation_for_view=-0rEuLgAAAAJ:zYLM7Y9cAGgC",
      "authors": "C Zheng, DL James",
      "venue": "ACM SIGGRAPH 2011 papers, 1-12, 2011",
      "year": 2011,
      "citations": 120
    },
    {
      "title": "Rigid-body fracture sound with precomputed soundbanks",
      "url": "https://scholar.google.com/citations?view_op=view_citation&hl=en&user=-0rEuLgAAAAJ&citation_for_view=-0rEuLgAAAAJ:9yKSN-GCB0IC",
      "authors": "C Zheng, DL James",
      "venue": "ACM SIGGRAPH 2010 papers, 1-13, 2010",
      "year": 2010,
      "citations": 126
    },
    {
      "title": "Guided random seek support for media streaming",
      "url": "https://scholar.google.com/citations?view_op=view_citation&hl=en&user=-0rEuLgAAAAJ&citation_for_view=-0rEuLgAAAAJ:W7OEmFMy1HYC",
      "authors": "GB Shen, S Li, C Zheng",
      "venue": "US Patent 7,640,353, 2009",
      "year": 2009,
      "citations": 133
    },
    {
      "title": "Harmonic fluids",
      "url": "https://scholar.google.com/citations?view_op=view_citation&hl=en&user=-0rEuLgAAAAJ&citation_for_view=-0rEuLgAAAAJ:2osOgNQ5qMEC",
      "authors": "C Zheng, DL James",
      "venue": "ACM Transactions on Graphics (TOG) 28 (3), 1-12, 2009",
      "year": 2009,
      "citations": 87
    },
    {
      "title": "A light-weight distributed scheme for detecting IP prefix hijacks in real-time",
      "url": "https://scholar.google.com/citations?view_op=view_citation&hl=en&user=-0rEuLgAAAAJ&citation_for_view=-0rEuLgAAAAJ:u-x6o8ySG0sC",
      "authors": "C Zheng, L Ji, D Pei, J Wang, P Francis",
      "venue": "ACM SIGCOMM Computer Communication Review 37 (4), 277-288, 2007",
      "year": 2007,
      "citations": 237
    },
    {
      "title": "Distributed Segment Tree: Support of Range Query and Cover Query over DHT.",
      "url": "https://scholar.google.com/citations?view_op=view_citation&hl=en&user=-0rEuLgAAAAJ&citation_for_view=-0rEuLgAAAAJ:u5HHmVD_uO8C",
      "authors": "C Zheng, G Shen, S Li, S Shenker",
      "venue": "IPTPS, 2006",
      "year": 2006,
      "citations": 173
    },
    {
      "title": "Distributed prefetching scheme for random seek support in peer-to-peer streaming applications",
      "url": "https://scholar.google.com/citations?view_op=view_citation&hl=en&user=-0rEuLgAAAAJ&citation_for_view=-0rEuLgAAAAJ:d1gkVwhDpl0C",
      "authors": "C Zheng, G Shen, S Li",
      "venue": "Proceedings of the ACM workshop on Advances in peer-to-peer multimedia …, 2005",
      "year": 2005,
      "citations": 125
    }
  ],
  "co_authors": [
    {
      "name": "Chang Xiao",
      "scholar_id": "QghjQNYAAAAJ",
      "url": "https://scholar.google.com/citations?user=QghjQNYAAAAJ"
    },
    {
      "name": "Eitan Grinspun",
      "scholar_id": "-HyEryoAAAAJ",
      "url": "https://scholar.google.com/citations?user=-HyEryoAAAAJ"
    },
    {
      "name": "Rundi Wu",
      "scholar_id": "ulf_Pt0AAAAJ",
      "url": "https://scholar.google.com/citations?user=ulf_Pt0AAAAJ"
    },
    {
      "name": "Dingzeyu Li",
      "scholar_id": "BmaJwicAAAAJ",
      "url": "https://scholar.google.com/citations?user=BmaJwicAAAAJ"
    },
    {
      "name": "Kun Zhou",
      "scholar_id": "N-iYby0AAAAJ",
      "url": "https://scholar.google.com/citations?user=N-iYby0AAAAJ"
    },
    {
      "name": "Doug L. James",
      "scholar_id": "r70ags0AAAAJ",
      "url": "https://scholar.google.com/citations?user=r70ags0AAAAJ"
    },
    {
      "name": "Shipeng Li, Ph.D., IEEE Fellow, IEAS...",
      "scholar_id": "2sQYtYwAAAAJ",
      "url": "https://scholar.google.com/citations?user=2sQYtYwAAAAJ"
    },
    {
      "name": "Shree Nayar",
      "scholar_id": "3pZs3j0AAAAJ",
      "url": "https://scholar.google.com/citations?user=3pZs3j0AAAAJ"
    },
    {
      "name": "Yun (Raymond) Fei",
      "scholar_id": "Zyh1OcMAAAAJ",
      "url": "https://scholar.google.com/citations?user=Zyh1OcMAAAAJ"
    },
    {
      "name": "Christopher Batty",
      "scholar_id": "6V4WUckAAAAJ",
      "url": "https://scholar.google.com/citations?user=6V4WUckAAAAJ"
    },
    {
      "name": "Peilin Zhong",
      "scholar_id": "l4ffN_QAAAAJ",
      "url": "https://scholar.google.com/citations?user=l4ffN_QAAAAJ"
    },
    {
      "name": "Nanfang Yu",
      "scholar_id": "khlVUT0AAAAJ",
      "url": "https://scholar.google.com/citations?user=khlVUT0AAAAJ"
    },
    {
      "name": "Wojciech Matusik",
      "scholar_id": "wbIMbL8AAAAJ",
      "url": "https://scholar.google.com/citations?user=wbIMbL8AAAAJ"
    },
    {
      "name": "Xia Zhou",
      "scholar_id": "t_DFZvgAAAAJ",
      "url": "https://scholar.google.com/citations?user=t_DFZvgAAAAJ"
    },
    {
      "name": "Xiang Chen, 陈翔",
      "scholar_id": "I6P3k0AAAAAJ",
      "url": "https://scholar.google.com/citations?user=I6P3k0AAAAAJ"
    },
    {
      "name": "David I.W. Levin",
      "scholar_id": "UokN-dcAAAAJ",
      "url": "https://scholar.google.com/citations?user=UokN-dcAAAAJ"
    },
    {
      "name": "Ashutosh Saxena",
      "scholar_id": "J6iSjTcAAAAJ",
      "url": "https://scholar.google.com/citations?user=J6iSjTcAAAAJ"
    },
    {
      "name": "Yun Jiang",
      "scholar_id": "KKTPjWcAAAAJ",
      "url": "https://scholar.google.com/citations?user=KKTPjWcAAAAJ"
    },
    {
      "name": "Timothy Sun",
      "scholar_id": "mm-fpzQAAAAJ",
      "url": "https://scholar.google.com/citations?user=mm-fpzQAAAAJ"
    },
    {
      "name": "Weiwei Xu",
      "scholar_id": "qRXK__gAAAAJ",
      "url": "https://scholar.google.com/citations?user=qRXK__gAAAAJ"
    }
  ]
}