{
  "author_info": {
    "name": "René Schuster",
    "affiliation": "Team Leader Automotive Scene Understanding, DFKI",
    "email_verified": "Verified email at dfki.de - Homepage",
    "website": "http://av.dfki.de/members/schuster/",
    "interests": [
      "Computer Vision",
      "Machine Learning",
      "Automotive"
    ],
    "photo_url": "https://scholar.googleusercontent.com/citations?view_op=view_photo&user=-QuwLyTNzvAC&citpid=1"
  },
  "citation_stats": {
    "citations_all": 586,
    "citations_since_2020": 526,
    "h_index_all": 14,
    "h_index_since_2020": 14,
    "i10_index_all": 15,
    "i10_index_since_2020": 15,
    "citation_graph": [
      {
        "year": 2018,
        "citations": 20
      },
      {
        "year": 2019,
        "citations": 37
      },
      {
        "year": 2020,
        "citations": 62
      },
      {
        "year": 2021,
        "citations": 82
      },
      {
        "year": 2022,
        "citations": 75
      },
      {
        "year": 2023,
        "citations": 97
      },
      {
        "year": 2024,
        "citations": 118
      },
      {
        "year": 2025,
        "citations": 91
      }
    ]
  },
  "papers": [
    {
      "title": "RMS-FlowNet++: Efficient and Robust Multi-scale Scene Flow Estimation for Large-Scale Point Clouds",
      "url": "https://scholar.google.com/citations?view_op=view_citation&hl=en&user=-QuwLyTNzvAC&citation_for_view=-QuwLyTNzvAC:QIV2ME_5wuYC",
      "authors": "R Battrawy, R Schuster, D Stricker",
      "venue": "International Journal of Computer Vision, 1-22, 2024",
      "year": 2024,
      "citations": 25
    },
    {
      "title": "ShapeAug: Occlusion Augmentation for Event Camera Data",
      "url": "https://scholar.google.com/citations?view_op=view_citation&hl=en&user=-QuwLyTNzvAC&citation_for_view=-QuwLyTNzvAC:mVmsd5A6BfQC",
      "authors": "K Bendig, R Schuster, D Stricker",
      "venue": "International Conference on Pattern Recognition Applications and Methods …, 2024",
      "year": 2024,
      "citations": 8
    },
    {
      "title": "Attribution-aware Weight Transfer: A Warm-Start Initialization for Class-Incremental Semantic Segmentation",
      "url": "https://scholar.google.com/citations?view_op=view_citation&hl=en&user=-QuwLyTNzvAC&citation_for_view=-QuwLyTNzvAC:kNdYIx-mwKoC",
      "authors": "D Goswami, R Schuster, J van de Weijer, D Stricker",
      "venue": "Proceedings of the IEEE/CVF Winter Conference on Applications of Computer …, 2023",
      "year": 2023,
      "citations": 33
    },
    {
      "title": "Multi-task Fusion for Efficient Panoptic-Part Segmentation",
      "url": "https://scholar.google.com/citations?view_op=view_citation&hl=en&user=-QuwLyTNzvAC&citation_for_view=-QuwLyTNzvAC:Zph67rFs4hoC",
      "authors": "SK Jagadeesh, R Schuster, D Stricker",
      "venue": "International Conference on Pattern Recognition Applications and Methods, 2023",
      "year": 2023,
      "citations": 7
    },
    {
      "title": "Self-Superflow: Self-Supervised Scene Flow Prediction in Stereo Sequences",
      "url": "https://scholar.google.com/citations?view_op=view_citation&hl=en&user=-QuwLyTNzvAC&citation_for_view=-QuwLyTNzvAC:3fE2CSJIrl8C",
      "authors": "K Bendig, R Schuster, D Stricker",
      "venue": "2022 IEEE International Conference on Image Processing (ICIP), 481-485, 2022",
      "year": 2022,
      "citations": 7
    },
    {
      "title": "HPERL: 3D Human Pose Estimation from RGB and LiDAR",
      "url": "https://scholar.google.com/citations?view_op=view_citation&hl=en&user=-QuwLyTNzvAC&citation_for_view=-QuwLyTNzvAC:UebtZRa9Y70C",
      "authors": "M Fürst, STP Gupta, R Schuster, O Wasenmüller, D Stricker",
      "venue": "2020 25th International Conference on Pattern Recognition (ICPR), 7321-7327, 2021",
      "year": 2021,
      "citations": 51
    },
    {
      "title": "SSGP: Sparse Spatial Guided Propagation for Robust and Generic Interpolation",
      "url": "https://scholar.google.com/citations?view_op=view_citation&hl=en&user=-QuwLyTNzvAC&citation_for_view=-QuwLyTNzvAC:roLk4NBRz8UC",
      "authors": "R Schuster, O Wasenmuller, C Unger, D Stricker",
      "venue": "Proceedings of the IEEE/CVF Winter Conference on Applications of Computer …, 2021",
      "year": 2021,
      "citations": 36
    },
    {
      "title": "A Deep Temporal Fusion Framework for Scene Flow Using a Learnable Motion Model and Occlusions",
      "url": "https://scholar.google.com/citations?view_op=view_citation&hl=en&user=-QuwLyTNzvAC&citation_for_view=-QuwLyTNzvAC:0EnyYjriUFMC",
      "authors": "R Schuster, C Unger, D Stricker",
      "venue": "Proceedings of the IEEE/CVF Winter Conference on Applications of Computer …, 2021",
      "year": 2021,
      "citations": 14
    },
    {
      "title": "ResFPN: Residual Skip Connections in Multi-Resolution Feature Pyramid Networks for Accurate Dense Pixel Matching",
      "url": "https://scholar.google.com/citations?view_op=view_citation&hl=en&user=-QuwLyTNzvAC&citation_for_view=-QuwLyTNzvAC:_FxGoFyzp5QC",
      "authors": "Rishav, R Schuster, R Battrawy, O Wasenmüller, D Stricker",
      "venue": "IEEE International Conference on Pattern Recongnition (ICPR), 2020, 2021",
      "year": 2021,
      "citations": 12
    },
    {
      "title": "Deeplidarflow: A deep learning architecture for scene flow estimation using monocular camera and sparse lidar. In 2020 IEEE",
      "url": "https://scholar.google.com/citations?view_op=view_citation&hl=en&user=-QuwLyTNzvAC&citation_for_view=-QuwLyTNzvAC:4TOpqqG69KYC",
      "authors": "R Rishav, R Battrawy, R Schuster, O Wasenmüller, D Stricker",
      "venue": "International Conference on Intelligent Robots and Systems (IROS), 10460-10467, 2020",
      "year": 2020,
      "citations": 40
    },
    {
      "title": "MonoComb: A Sparse-to-Dense Combination Approach for Monocular Scene Flow",
      "url": "https://scholar.google.com/citations?view_op=view_citation&hl=en&user=-QuwLyTNzvAC&citation_for_view=-QuwLyTNzvAC:hqOjcs7Dif8C",
      "authors": "R Schuster, C Unger, D Stricker",
      "venue": "ACM Computer Science in Cars Symposium (CSCS) 4, 1-8, 2020",
      "year": 2020,
      "citations": 5
    },
    {
      "title": "SDC - Stacked Dilated Convolution: A unified descriptor network for dense matching tasks",
      "url": "https://scholar.google.com/citations?view_op=view_citation&hl=en&user=-QuwLyTNzvAC&citation_for_view=-QuwLyTNzvAC:Tyk-4Ss8FVUC",
      "authors": "R Schuster, O Wasenmüller, C Unger, D Stricker",
      "venue": "Proceedings of the IEEE Conference on Computer Vision and Pattern …, 2019",
      "year": 2019,
      "citations": 63
    },
    {
      "title": "PWOC-3D: Deep occlusion-aware end-to-end scene flow estimation",
      "url": "https://scholar.google.com/citations?view_op=view_citation&hl=en&user=-QuwLyTNzvAC&citation_for_view=-QuwLyTNzvAC:Y0pCki6q_DkC",
      "authors": "R Saxena, R Schuster, O Wasenmuller, D Stricker",
      "venue": "2019 IEEE Intelligent Vehicles Symposium (IV), 324-331, 2019",
      "year": 2019,
      "citations": 52
    },
    {
      "title": "LiDAR-Flow: Dense scene flow estimation from sparse lidar and stereo images",
      "url": "https://scholar.google.com/citations?view_op=view_citation&hl=en&user=-QuwLyTNzvAC&citation_for_view=-QuwLyTNzvAC:WF5omc3nYNoC",
      "authors": "R Battrawy, R Schuster, O Wasenmüller, Q Rao, D Stricker",
      "venue": "2019 IEEE/RSJ International Conference on Intelligent Robots and Systems …, 2019",
      "year": 2019,
      "citations": 35
    },
    {
      "title": "SceneFlowFields++: Multi-frame Matching, Visibility Prediction, and Robust Interpolation for Scene Flow Estimation",
      "url": "https://scholar.google.com/citations?view_op=view_citation&hl=en&user=-QuwLyTNzvAC&citation_for_view=-QuwLyTNzvAC:ufrVoPGSRksC",
      "authors": "R Schuster, O Wasenmueller, C Unger, G Kuschk, D Stricker",
      "venue": "INTERNATIONAL JOURNAL OF COMPUTER VISION, 2019",
      "year": 2019,
      "citations": 23
    },
    {
      "title": "SceneFlowFields: Dense Interpolation of Sparse Scene Flow Correspondences",
      "url": "https://scholar.google.com/citations?view_op=view_citation&hl=en&user=-QuwLyTNzvAC&citation_for_view=-QuwLyTNzvAC:d1gkVwhDpl0C",
      "authors": "R Schuster, O Wasenmuller, G Kuschk, C Bailer, D Stricker",
      "venue": "2018 IEEE Winter Conference on Applications of Computer Vision (WACV), 1056-1065, 2018",
      "year": 2018,
      "citations": 49
    },
    {
      "title": "Combining Stereo Disparity and Optical Flow for Basic Scene Flow",
      "url": "https://scholar.google.com/citations?view_op=view_citation&hl=en&user=-QuwLyTNzvAC&citation_for_view=-QuwLyTNzvAC:9yKSN-GCB0IC",
      "authors": "R Schuster, C Bailer, O Wasenmüller, D Stricker",
      "venue": "Commercial Vehicle Technology 2018, 90-101, 2018",
      "year": 2018,
      "citations": 35
    },
    {
      "title": "Dynamic risk assessment for vehicles of higher automation levels by deep learning",
      "url": "https://scholar.google.com/citations?view_op=view_citation&hl=en&user=-QuwLyTNzvAC&citation_for_view=-QuwLyTNzvAC:UeHWp8X0CEIC",
      "authors": "P Feth, MN Akram, R Schuster, O Wasenmüller",
      "venue": "International Conference on Computer Safety, Reliability, and Security, 535-547, 2018",
      "year": 2018,
      "citations": 30
    },
    {
      "title": "FlowFields++: Accurate Optical Flow Correspondences Meet Robust Interpolation",
      "url": "https://scholar.google.com/citations?view_op=view_citation&hl=en&user=-QuwLyTNzvAC&citation_for_view=-QuwLyTNzvAC:2osOgNQ5qMEC",
      "authors": "R Schuster, C Bailer, O Wasenmüller, D Stricker",
      "venue": "2018 25th IEEE International Conference on Image Processing (ICIP), 1463-1467, 2018",
      "year": 2018,
      "citations": 29
    },
    {
      "title": "Dense Scene Flow from Stereo Disparity and Optical Flow",
      "url": "https://scholar.google.com/citations?view_op=view_citation&hl=en&user=-QuwLyTNzvAC&citation_for_view=-QuwLyTNzvAC:IjCSPb-OGe4C",
      "authors": "R Schuster, O Wasenmüller, D Stricker",
      "venue": "ACM Computer Science in Cars Symposium (CSCS) 2, 2018",
      "year": 2018,
      "citations": 7
    }
  ],
  "co_authors": [
    {
      "name": "Didier Stricker",
      "scholar_id": "ImhXfxgAAAAJ",
      "url": "https://scholar.google.com/citations?user=ImhXfxgAAAAJ"
    },
    {
      "name": "Oliver Wasenmüller",
      "scholar_id": "GkHxKY8AAAAJ",
      "url": "https://scholar.google.com/citations?user=GkHxKY8AAAAJ"
    },
    {
      "name": "Ramy Battrawy",
      "scholar_id": "6idXduoAAAAJ",
      "url": "https://scholar.google.com/citations?user=6idXduoAAAAJ"
    },
    {
      "name": "Christian Bailer",
      "scholar_id": "Dvbt1eYAAAAJ",
      "url": "https://scholar.google.com/citations?user=Dvbt1eYAAAAJ"
    },
    {
      "name": "Katharina Bendig",
      "scholar_id": "Pjh8p-cAAAAJ",
      "url": "https://scholar.google.com/citations?user=Pjh8p-cAAAAJ"
    },
    {
      "name": "Michael Fürst",
      "scholar_id": "5acGjL8AAAAJ",
      "url": "https://scholar.google.com/citations?user=5acGjL8AAAAJ"
    },
    {
      "name": "Shishir Muralidhara",
      "scholar_id": "rkGiCxEAAAAJ",
      "url": "https://scholar.google.com/citations?user=rkGiCxEAAAAJ"
    },
    {
      "name": "Joost van de Weijer",
      "scholar_id": "Gsw2iUEAAAAJ",
      "url": "https://scholar.google.com/citations?user=Gsw2iUEAAAAJ"
    },
    {
      "name": "Shriya T. P. Gupta",
      "scholar_id": "3RRL_0QAAAAJ",
      "url": "https://scholar.google.com/citations?user=3RRL_0QAAAAJ"
    },
    {
      "name": "Rishav",
      "scholar_id": "DlT4loUAAAAJ",
      "url": "https://scholar.google.com/citations?user=DlT4loUAAAAJ"
    },
    {
      "name": "Dipam Goswami",
      "scholar_id": "6_aj45AAAAAJ",
      "url": "https://scholar.google.com/citations?user=6_aj45AAAAAJ"
    },
    {
      "name": "Karen Joisten",
      "scholar_id": "5sYZdjEAAAAJ",
      "url": "https://scholar.google.com/citations?user=5sYZdjEAAAAJ"
    },
    {
      "name": "Niharika Hegde",
      "scholar_id": "CrCCcUgAAAAJ",
      "url": "https://scholar.google.com/citations?user=CrCCcUgAAAAJ"
    },
    {
      "name": "Syed Muhammad Kumail Raza",
      "scholar_id": "IZBbkEgAAAAJ",
      "url": "https://scholar.google.com/citations?user=IZBbkEgAAAAJ"
    },
    {
      "name": "Artem Savkin",
      "scholar_id": "_yXe7u4AAAAJ",
      "url": "https://scholar.google.com/citations?user=_yXe7u4AAAAJ"
    },
    {
      "name": "Ankit Sonthalia",
      "scholar_id": "XUB_XqIAAAAJ",
      "url": "https://scholar.google.com/citations?user=XUB_XqIAAAAJ"
    },
    {
      "name": "Rohan Saxena",
      "scholar_id": "dAYgqtIAAAAJ",
      "url": "https://scholar.google.com/citations?user=dAYgqtIAAAAJ"
    },
    {
      "name": "Mohammad-Ali Nikouei Mahani",
      "scholar_id": "9D3HgLsAAAAJ",
      "url": "https://scholar.google.com/citations?user=9D3HgLsAAAAJ"
    }
  ]
}