{
  "author_info": {
    "name": "Anlan Zhang",
    "affiliation": "Adobe Research; University of Southern California",
    "email_verified": "Verified email at adobe.com - Homepage",
    "website": "https://zhan6841.github.io/",
    "interests": [
      "Mobile Computing",
      "Networked Systems",
      "VR/AR/MR"
    ],
    "photo_url": "https://scholar.googleusercontent.com/citations?view_op=view_photo&user=-l4I2wEAAAAJ&citpid=4"
  },
  "citation_stats": {
    "citations_all": 1002,
    "citations_since_2020": 995,
    "h_index_all": 10,
    "h_index_since_2020": 10,
    "i10_index_all": 10,
    "i10_index_since_2020": 10,
    "citation_graph": [
      {
        "year": 2019,
        "citations": 5
      },
      {
        "year": 2020,
        "citations": 27
      },
      {
        "year": 2021,
        "citations": 71
      },
      {
        "year": 2022,
        "citations": 103
      },
      {
        "year": 2023,
        "citations": 220
      },
      {
        "year": 2024,
        "citations": 270
      },
      {
        "year": 2025,
        "citations": 301
      }
    ]
  },
  "papers": [
    {
      "title": "Video-in-the-loop: Span-grounded long video qa with interleaved reasoning",
      "url": "https://scholar.google.com/citations?view_op=view_citation&hl=en&user=-l4I2wEAAAAJ&citation_for_view=-l4I2wEAAAAJ:3fE2CSJIrl8C",
      "authors": "C Wang, D Bai, Y Yang, X Jin, A Zhang, R Wang, S Jiang, Y Yang, H Wu, ...",
      "venue": "arXiv preprint arXiv:2510.04022, 2025",
      "year": 2025,
      "citations": 2
    },
    {
      "title": "Exponentially Weighted Instance-Aware Repeat Factor Sampling for Long-Tailed Object Detection Model Training in Unmanned Aerial Vehicles Surveillance Scenarios",
      "url": "https://scholar.google.com/citations?view_op=view_citation&hl=en&user=-l4I2wEAAAAJ&citation_for_view=-l4I2wEAAAAJ:hqOjcs7Dif8C",
      "authors": "T Ahmed, A Kumar, CA Casado, A Zhang, T Hänninen, L Loven, ...",
      "venue": "arXiv preprint arXiv:2503.21893, 2025",
      "year": 2025,
      "citations": 2
    },
    {
      "title": "VoLUT: Efficient Volumetric streaming enhanced by LUT-based super-resolution",
      "url": "https://scholar.google.com/citations?view_op=view_citation&hl=en&user=-l4I2wEAAAAJ&citation_for_view=-l4I2wEAAAAJ:Se3iqnhoufwC",
      "authors": "C Wang, A Zhang, Y Yang, L Qiu, Y Yang, X Jiang, F Qian, S Banerjee",
      "venue": "arXiv preprint arXiv:2502.12151, 2025",
      "year": 2025,
      "citations": 2
    },
    {
      "title": "Zoomer: Adaptive image focus optimization for black-box mllm",
      "url": "https://scholar.google.com/citations?view_op=view_citation&hl=en&user=-l4I2wEAAAAJ&citation_for_view=-l4I2wEAAAAJ:0EnyYjriUFMC",
      "authors": "J Qian, C Wang, Y Yang, C Zhang, H Jiang, X Luo, Y Kang, Q Lin, ...",
      "venue": "arXiv preprint arXiv:2505.00742, 2025",
      "year": 2025,
      "citations": 1
    },
    {
      "title": "OPCM: Opportunistic Performance-driven Connectivity Management for 5G/xG Networks",
      "url": "https://scholar.google.com/citations?view_op=view_citation&hl=en&user=-l4I2wEAAAAJ&citation_for_view=-l4I2wEAAAAJ:kNdYIx-mwKoC",
      "authors": "A Hassan, W Ye, A Zhang, RAK Fezeu, J Carpenter, R Zhu, S Jin, M Lee, ...",
      "venue": "Proceedings of the ACM on Networking 3 (CoNEXT4), 1-23, 2025",
      "year": 2025,
      "citations": 0
    },
    {
      "title": "NIER: Practical Neural-enhanced Low-bitrate Video Conferencing",
      "url": "https://scholar.google.com/citations?view_op=view_citation&hl=en&user=-l4I2wEAAAAJ&citation_for_view=-l4I2wEAAAAJ:8k81kl-MbHgC",
      "authors": "A Zhang, Y Hu, C Wang, Y Liu, Z Zhang, H Gong, A Hassan, S Xu, Z Li, ...",
      "venue": "Proceedings of the ACM SIGCOMM 2025 Conference, 1266-1268, 2025",
      "year": 2025,
      "citations": 0
    },
    {
      "title": "Dissecting carrier aggregation in 5G networks: Measurement, QoE implications and prediction",
      "url": "https://scholar.google.com/citations?view_op=view_citation&hl=en&user=-l4I2wEAAAAJ&citation_for_view=-l4I2wEAAAAJ:ufrVoPGSRksC",
      "authors": "W Ye, X Hu, S Sleder, A Zhang, UK Dayalan, A Hassan, RAK Fezeu, ...",
      "venue": "Proceedings of the ACM SIGCOMM 2024 Conference, 340-357, 2024",
      "year": 2024,
      "citations": 31
    },
    {
      "title": "A first look at gpt apps: Landscape and vulnerability",
      "url": "https://scholar.google.com/citations?view_op=view_citation&hl=en&user=-l4I2wEAAAAJ&citation_for_view=-l4I2wEAAAAJ:Y0pCki6q_DkC",
      "authors": "Z Zhang, L Zhang, X Yuan, A Zhang, M Xu, F Qian",
      "venue": "arXiv preprint arXiv:2402.15105, 2024",
      "year": 2024,
      "citations": 25
    },
    {
      "title": "Muv2: scaling up multi-user mobile volumetric video streaming via content hybridization and sharing",
      "url": "https://scholar.google.com/citations?view_op=view_citation&hl=en&user=-l4I2wEAAAAJ&citation_for_view=-l4I2wEAAAAJ:eQOLeE2rZwMC",
      "authors": "Y Liu, P Zhou, Z Zhang, A Zhang, B Han, Z Li, F Qian",
      "venue": "Proceedings of the 30th Annual International Conference on Mobile Computing …, 2024",
      "year": 2024,
      "citations": 12
    },
    {
      "title": "Habitus: Boosting Mobile Immersive Content Delivery through Full-body Pose Tracking and Multipath Networking",
      "url": "https://scholar.google.com/citations?view_op=view_citation&hl=en&user=-l4I2wEAAAAJ&citation_for_view=-l4I2wEAAAAJ:YsMSGLbcyi4C",
      "authors": "A Zhang, C Wang, Y Hu, A Hassan, Z Zhang, B Han, F Qian, S Xu",
      "venue": "21st USENIX Symposium on Networked Systems Design and Implementation (NSDI 24), 2024",
      "year": 2024,
      "citations": 7
    },
    {
      "title": "Boosting collaborative vehicular perception on the edge with vehicle-to-vehicle communication",
      "url": "https://scholar.google.com/citations?view_op=view_citation&hl=en&user=-l4I2wEAAAAJ&citation_for_view=-l4I2wEAAAAJ:_FxGoFyzp5QC",
      "authors": "R Zhu, X Zhu, A Zhang, X Zhang, J Sun, F Qian, H Qiu, ZM Mao, M Lee",
      "venue": "Proceedings of the 22nd ACM Conference on Embedded Networked Sensor Systems …, 2024",
      "year": 2024,
      "citations": 6
    },
    {
      "title": "The Case for Boosting Mobile Application QoE via Smart Band Switching in 5G/xG Networks",
      "url": "https://scholar.google.com/citations?view_op=view_citation&hl=en&user=-l4I2wEAAAAJ&citation_for_view=-l4I2wEAAAAJ:Tyk-4Ss8FVUC",
      "authors": "A Hassan, W Ye, A Zhang, J Carpenter, R Zhu, S Jin, F Qian, ZM Mao, ...",
      "venue": "Proceedings of the 25th International Workshop on Mobile Computing Systems …, 2024",
      "year": 2024,
      "citations": 3
    },
    {
      "title": "An In-depth Study of Bandwidth Allocation across Media Sources in Video Conferencing",
      "url": "https://scholar.google.com/citations?view_op=view_citation&hl=en&user=-l4I2wEAAAAJ&citation_for_view=-l4I2wEAAAAJ:WF5omc3nYNoC",
      "authors": "Z Zhang, X Zhu, A Zhang, F Qian",
      "venue": "Proceedings of the 32nd ACM International Conference on Multimedia, 7696-7704, 2024",
      "year": 2024,
      "citations": 2
    },
    {
      "title": "{YuZu}:{Neural-Enhanced} volumetric video streaming",
      "url": "https://scholar.google.com/citations?view_op=view_citation&hl=en&user=-l4I2wEAAAAJ&citation_for_view=-l4I2wEAAAAJ:d1gkVwhDpl0C",
      "authors": "A Zhang, C Wang, B Han, F Qian",
      "venue": "19th USENIX Symposium on Networked Systems Design and Implementation (NSDI …, 2022",
      "year": 2022,
      "citations": 116
    },
    {
      "title": "Vivisecting mobility management in 5G cellular networks",
      "url": "https://scholar.google.com/citations?view_op=view_citation&hl=en&user=-l4I2wEAAAAJ&citation_for_view=-l4I2wEAAAAJ:u5HHmVD_uO8C",
      "authors": "A Hassan, A Narayanan, A Zhang, W Ye, R Zhu, S Jin, J Carpenter, ...",
      "venue": "Proceedings of the ACM SIGCOMM 2022 Conference, 86-100, 2022",
      "year": 2022,
      "citations": 114
    },
    {
      "title": "Emp: Edge-assisted multi-vehicle perception",
      "url": "https://scholar.google.com/citations?view_op=view_citation&hl=en&user=-l4I2wEAAAAJ&citation_for_view=-l4I2wEAAAAJ:u-x6o8ySG0sC",
      "authors": "X Zhang, A Zhang, J Sun, X Zhu, YE Guo, F Qian, ZM Mao",
      "venue": "Proceedings of the 27th Annual International Conference on Mobile Computing …, 2021",
      "year": 2021,
      "citations": 163
    },
    {
      "title": "Efficient volumetric video streaming through super resolution",
      "url": "https://scholar.google.com/citations?view_op=view_citation&hl=en&user=-l4I2wEAAAAJ&citation_for_view=-l4I2wEAAAAJ:9yKSN-GCB0IC",
      "authors": "A Zhang, C Wang, B Han, F Qian",
      "venue": "Proceedings of the 22nd International Workshop on Mobile Computing Systems …, 2021",
      "year": 2021,
      "citations": 44
    },
    {
      "title": "Mobile volumetric video streaming enhanced by super resolution",
      "url": "https://scholar.google.com/citations?view_op=view_citation&hl=en&user=-l4I2wEAAAAJ&citation_for_view=-l4I2wEAAAAJ:qjMakFHDy7sC",
      "authors": "A Zhang, C Wang, X Liu, B Han, F Qian",
      "venue": "Proceedings of the 18th International Conference on Mobile Systems …, 2020",
      "year": 2020,
      "citations": 23
    },
    {
      "title": "Perceptual-sensitive gan for generating adversarial patches",
      "url": "https://scholar.google.com/citations?view_op=view_citation&hl=en&user=-l4I2wEAAAAJ&citation_for_view=-l4I2wEAAAAJ:UeHWp8X0CEIC",
      "authors": "A Liu, X Liu, J Fan, Y Ma, A Zhang, H Xie, D Tao",
      "venue": "Proceedings of the AAAI conference on artificial intelligence 33 (01), 1028-1035, 2019",
      "year": 2019,
      "citations": 405
    },
    {
      "title": "Driving big data: A first look at driving behavior via a large-scale private car dataset",
      "url": "https://scholar.google.com/citations?view_op=view_citation&hl=en&user=-l4I2wEAAAAJ&citation_for_view=-l4I2wEAAAAJ:2osOgNQ5qMEC",
      "authors": "T Li, A Alhilal, A Zhang, MA Hoque, D Chatzopoulos, Z Xiao, Y Li, P Hui",
      "venue": "2019 IEEE 35th international conference on data engineering workshops (ICDEW …, 2019",
      "year": 2019,
      "citations": 44
    }
  ],
  "co_authors": [
    {
      "name": "Feng Qian",
      "scholar_id": "-ExSBb0AAAAJ",
      "url": "https://scholar.google.com/citations?user=-ExSBb0AAAAJ"
    },
    {
      "name": "Chendong WANG",
      "scholar_id": "BCBHdbQAAAAJ",
      "url": "https://scholar.google.com/citations?user=BCBHdbQAAAAJ"
    },
    {
      "name": "Bo Han",
      "scholar_id": "BhRa314AAAAJ",
      "url": "https://scholar.google.com/citations?user=BhRa314AAAAJ"
    },
    {
      "name": "Z. Morley Mao (茅斫青)",
      "scholar_id": "Ba_Ci9UAAAAJ",
      "url": "https://scholar.google.com/citations?user=Ba_Ci9UAAAAJ"
    },
    {
      "name": "Ahmad Hassan",
      "scholar_id": "2y0cZ1wAAAAJ",
      "url": "https://scholar.google.com/citations?user=2y0cZ1wAAAAJ"
    },
    {
      "name": "Zhi-Li Zhang",
      "scholar_id": "2X6fAZgAAAAJ",
      "url": "https://scholar.google.com/citations?user=2X6fAZgAAAAJ"
    },
    {
      "name": "Wei Ye",
      "scholar_id": "1ofa-usAAAAJ",
      "url": "https://scholar.google.com/citations?user=1ofa-usAAAAJ"
    },
    {
      "name": "Shuowei Jin",
      "scholar_id": "hxeEwm8AAAAJ",
      "url": "https://scholar.google.com/citations?user=hxeEwm8AAAAJ"
    },
    {
      "name": "Zejun Zhang",
      "scholar_id": "moQ2NcAAAAAJ",
      "url": "https://scholar.google.com/citations?user=moQ2NcAAAAAJ"
    },
    {
      "name": "Xumiao Zhang",
      "scholar_id": "NM8MfzQAAAAJ",
      "url": "https://scholar.google.com/citations?user=NM8MfzQAAAAJ"
    },
    {
      "name": "Yu Liu",
      "scholar_id": "ko2HAfcAAAAJ",
      "url": "https://scholar.google.com/citations?user=ko2HAfcAAAAJ"
    }
  ]
}