{
  "author_info": {
    "name": "Congyi Zhang",
    "affiliation": "University of Texas at Dallas, University of British Columbia",
    "email_verified": "Verified email at utdallas.edu - Homepage",
    "website": "https://cong-yi.github.io/",
    "interests": [
      "computer graphics",
      "virtual reality",
      "human-computer interaction"
    ],
    "photo_url": "https://scholar.googleusercontent.com/citations?view_op=view_photo&user=-Ke6AGEAAAAJ&citpid=2"
  },
  "citation_stats": {
    "citations_all": 518,
    "citations_since_2020": 513,
    "h_index_all": 11,
    "h_index_since_2020": 11,
    "i10_index_all": 14,
    "i10_index_since_2020": 13,
    "citation_graph": [
      {
        "year": 2019,
        "citations": 4
      },
      {
        "year": 2020,
        "citations": 17
      },
      {
        "year": 2021,
        "citations": 29
      },
      {
        "year": 2022,
        "citations": 53
      },
      {
        "year": 2023,
        "citations": 75
      },
      {
        "year": 2024,
        "citations": 136
      },
      {
        "year": 2025,
        "citations": 195
      }
    ]
  },
  "papers": [
    {
      "title": "Patch-Grid: an efficient and feature-preserving neural implicit surface representation",
      "url": "https://scholar.google.com/citations?view_op=view_citation&hl=en&user=-Ke6AGEAAAAJ&citation_for_view=-Ke6AGEAAAAJ:3fE2CSJIrl8C",
      "authors": "G Lin, L Yang, C Zhang, H Pan, Y Ping, G Wei, T Komura, J Keyser, ...",
      "venue": "ACM Transactions on Graphics 44 (2), 1-21, 2025",
      "year": 2025,
      "citations": 17
    },
    {
      "title": "CMD: Controllable Multiview Diffusion for 3D Editing and Progressive Generation",
      "url": "https://scholar.google.com/citations?view_op=view_citation&hl=en&user=-Ke6AGEAAAAJ&citation_for_view=-Ke6AGEAAAAJ:dhFuZR0502QC",
      "authors": "P Li, S Ma, J Chen, Y Liu, C Zhang, W Xue, W Luo, A Sheffer, W Wang, ...",
      "venue": "Proceedings of the Special Interest Group on Computer Graphics and …, 2025",
      "year": 2025,
      "citations": 6
    },
    {
      "title": "Facial surgery preview based on the orthognathic treatment prediction",
      "url": "https://scholar.google.com/citations?view_op=view_citation&hl=en&user=-Ke6AGEAAAAJ&citation_for_view=-Ke6AGEAAAAJ:QIV2ME_5wuYC",
      "authors": "H Han, C Zhang, L Zhu, P Singh, RTC Hsung, YY Leung, T Komura, ...",
      "venue": "Computer Methods and Programs in Biomedicine, 108781, 2025",
      "year": 2025,
      "citations": 5
    },
    {
      "title": "TexPainter: Generative Mesh Texturing with Multi-view Consistency",
      "url": "https://scholar.google.com/citations?view_op=view_citation&hl=en&user=-Ke6AGEAAAAJ&citation_for_view=-Ke6AGEAAAAJ:aqlVkmm33-oC",
      "authors": "H Zhang, Z Pan, C Zhang, L Zhu, X Gao",
      "venue": "ACM SIGGRAPH 2024 Conference Papers, 1-11, 2024",
      "year": 2024,
      "citations": 30
    },
    {
      "title": "NESI: Shape Representation via Neural Explicit Surface Intersection",
      "url": "https://scholar.google.com/citations?view_op=view_citation&hl=en&user=-Ke6AGEAAAAJ&citation_for_view=-Ke6AGEAAAAJ:9ZlFYXVOiuMC",
      "authors": "C Zhang, J Yang, E Hedlin, S Takikawa, N Vining, KM Yi, W Wang, ...",
      "venue": "arXiv preprint arXiv:2409.06030, 2024",
      "year": 2024,
      "citations": 5
    },
    {
      "title": "Skull-to-Face: Anatomy-Guided 3D Facial Reconstruction and Editing",
      "url": "https://scholar.google.com/citations?view_op=view_citation&hl=en&user=-Ke6AGEAAAAJ&citation_for_view=-Ke6AGEAAAAJ:M3ejUd6NZC8C",
      "authors": "Y Liang, C Zhang, J Zhao, W Wang, X Li",
      "venue": "IEEE Transactions on Visualization and Computer Graphics, 2024",
      "year": 2024,
      "citations": 4
    },
    {
      "title": "Surface Extraction from Neural Unsigned Distance Fields",
      "url": "https://scholar.google.com/citations?view_op=view_citation&hl=en&user=-Ke6AGEAAAAJ&citation_for_view=-Ke6AGEAAAAJ:Zph67rFs4hoC",
      "authors": "C Zhang, G Lin, L Yang, X Li, T Komura, S Schaefer, J Keyser, W Wang",
      "venue": "Proceedings of the IEEE/CVF International Conference on Computer Vision …, 2023",
      "year": 2023,
      "citations": 15
    },
    {
      "title": "Three-dimensional assessment of facial asymmetry in class III subjects, part 2: evaluating asymmetry index and asymmetry scores",
      "url": "https://scholar.google.com/citations?view_op=view_citation&hl=en&user=-Ke6AGEAAAAJ&citation_for_view=-Ke6AGEAAAAJ:kNdYIx-mwKoC",
      "authors": "DH Ajmera, C Zhang, JHH Ng, RTC Hsung, WYH Lam, W Wang, ...",
      "venue": "Clinical Oral Investigations 27 (10), 5813-5826, 2023",
      "year": 2023,
      "citations": 13
    },
    {
      "title": "Neural Parametric Surfaces for Shape Modeling",
      "url": "https://scholar.google.com/citations?view_op=view_citation&hl=en&user=-Ke6AGEAAAAJ&citation_for_view=-Ke6AGEAAAAJ:ULOm3_A8WrAC",
      "authors": "L Yang, Y Liang, X Li, C Zhang, G Lin, A Sheffer, S Schaefer, J Keyser, ...",
      "venue": "arXiv preprint arXiv:2309.09911, 2023",
      "year": 2023,
      "citations": 11
    },
    {
      "title": "Batch-based Model Registration for Fast 3D Sherd Reconstruction",
      "url": "https://scholar.google.com/citations?view_op=view_citation&hl=en&user=-Ke6AGEAAAAJ&citation_for_view=-Ke6AGEAAAAJ:YOwf2qJgpHMC",
      "authors": "J Wang, C Zhang, P Wang, X Li, PJ Cobb, C Theobalt, W Wang",
      "venue": "Proceedings of the IEEE/CVF International Conference on Computer Vision …, 2023",
      "year": 2023,
      "citations": 5
    },
    {
      "title": "An Implicit Parametric Morphable Dental Model",
      "url": "https://scholar.google.com/citations?view_op=view_citation&hl=en&user=-Ke6AGEAAAAJ&citation_for_view=-Ke6AGEAAAAJ:5nxA0vEk-isC",
      "authors": "C Zhang, M Elgharib, G Fox, M Gu, C Theobalt, W Wang",
      "venue": "ACM Transactions on Graphics (TOG) 41 (6), 1-13, 2022",
      "year": 2022,
      "citations": 18
    },
    {
      "title": "CreatureShop: Interactive 3D Character Modeling and Texturing from a Single Color Drawing",
      "url": "https://scholar.google.com/citations?view_op=view_citation&hl=en&user=-Ke6AGEAAAAJ&citation_for_view=-Ke6AGEAAAAJ:0EnyYjriUFMC",
      "authors": "C Zhang, L Yang, N Chen, N Vining, A Sheffer, FCM Lau, G Wang, ...",
      "venue": "IEEE Transactions on Visualization and Computer Graphics, 2022",
      "year": 2022,
      "citations": 11
    },
    {
      "title": "HandPainter-3D Sketching in VR with Hand-based Physical Proxy",
      "url": "https://scholar.google.com/citations?view_op=view_citation&hl=en&user=-Ke6AGEAAAAJ&citation_for_view=-Ke6AGEAAAAJ:_FxGoFyzp5QC",
      "authors": "Y Jiang, C Zhang, H Fu, A Cannavò, F Lamberti, HYK Lau, W Wang",
      "venue": "Proceedings of the 2021 CHI Conference on Human Factors in Computing Systems …, 2021",
      "year": 2021,
      "citations": 80
    },
    {
      "title": "Anthropometric﻿ accuracy of three-dimensional average faces compared to conventional facial measurements",
      "url": "https://scholar.google.com/citations?view_op=view_citation&hl=en&user=-Ke6AGEAAAAJ&citation_for_view=-Ke6AGEAAAAJ:LkGwnXOMwfcC",
      "authors": "Z Shan, RTC Hsung, C Zhang, J Ji, WS Choi, W Wang, Y Yang, M Gu, ...",
      "venue": "Scientific Reports 11 (1), 12254, 2021",
      "year": 2021,
      "citations": 19
    },
    {
      "title": "Dgaze: Cnn-based gaze prediction in dynamic scenes",
      "url": "https://scholar.google.com/citations?view_op=view_citation&hl=en&user=-Ke6AGEAAAAJ&citation_for_view=-Ke6AGEAAAAJ:YsMSGLbcyi4C",
      "authors": "Z Hu, S Li, C Zhang, K Yi, G Wang, D Manocha",
      "venue": "IEEE transactions on visualization and computer graphics 26 (5), 1902-1911, 2020",
      "year": 2020,
      "citations": 124
    },
    {
      "title": "Automatic generation of affective 3D virtual environments from 2D images",
      "url": "https://scholar.google.com/citations?view_op=view_citation&hl=en&user=-Ke6AGEAAAAJ&citation_for_view=-Ke6AGEAAAAJ:eQOLeE2rZwMC",
      "authors": "A Cannavò, A D'Alessandro, D Maglione, G Marullo, C Zhang, F Lamberti",
      "venue": "Proc. 15th International Conference on Computer Graphics Theory and …, 2020",
      "year": 2020,
      "citations": 17
    },
    {
      "title": "CPPM: chi-squared progressive photon mapping",
      "url": "https://scholar.google.com/citations?view_op=view_citation&hl=en&user=-Ke6AGEAAAAJ&citation_for_view=-Ke6AGEAAAAJ:WF5omc3nYNoC",
      "authors": "Z Lin, S Li, X Zeng, C Zhang, J Jia, G Wang, D Manocha",
      "venue": "ACM Transactions on Graphics (TOG) 39 (6), 1-12, 2020",
      "year": 2020,
      "citations": 13
    },
    {
      "title": "Posing 3D Characters in Virtual Reality Through In-the-Air Sketches",
      "url": "https://scholar.google.com/citations?view_op=view_citation&hl=en&user=-Ke6AGEAAAAJ&citation_for_view=-Ke6AGEAAAAJ:ufrVoPGSRksC",
      "authors": "A Cannavò, C Zhang, W Wang, F Lamberti",
      "venue": "International Conference on Computer Animation and Social Agents, 51-61, 2020",
      "year": 2020,
      "citations": 9
    },
    {
      "title": "Sgaze: A data-driven eye-head coordination model for realtime gaze prediction",
      "url": "https://scholar.google.com/citations?view_op=view_citation&hl=en&user=-Ke6AGEAAAAJ&citation_for_view=-Ke6AGEAAAAJ:IjCSPb-OGe4C",
      "authors": "Z Hu, C Zhang, S Li, G Wang, D Manocha",
      "venue": "IEEE transactions on visualization and computer graphics 25 (5), 2002-2010, 2019",
      "year": 2019,
      "citations": 93
    },
    {
      "title": "Real-time editing of man-made mesh models under geometric constraints",
      "url": "https://scholar.google.com/citations?view_op=view_citation&hl=en&user=-Ke6AGEAAAAJ&citation_for_view=-Ke6AGEAAAAJ:zYLM7Y9cAGgC",
      "authors": "C Zhang, L Yang, L Xu, G Wang, W Wang",
      "venue": "Computers & Graphics 82, 174-182, 2019",
      "year": 2019,
      "citations": 10
    }
  ],
  "co_authors": [
    {
      "name": "Wenping Wang",
      "scholar_id": "28shvv0AAAAJ",
      "url": "https://scholar.google.com/citations?user=28shvv0AAAAJ"
    },
    {
      "name": "Fabrizio Lamberti",
      "scholar_id": "w-x8r1QAAAAJ",
      "url": "https://scholar.google.com/citations?user=w-x8r1QAAAAJ"
    },
    {
      "name": "Min GU",
      "scholar_id": "IOU3h6kAAAAJ",
      "url": "https://scholar.google.com/citations?user=IOU3h6kAAAAJ"
    },
    {
      "name": "Dinesh Manocha",
      "scholar_id": "X08l_4IAAAAJ",
      "url": "https://scholar.google.com/citations?user=X08l_4IAAAAJ"
    },
    {
      "name": "Lei Yang (杨磊)",
      "scholar_id": "JAzFhXQAAAAJ",
      "url": "https://scholar.google.com/citations?user=JAzFhXQAAAAJ"
    },
    {
      "name": "Alberto Cannavò",
      "scholar_id": "P-3NxFMAAAAJ",
      "url": "https://scholar.google.com/citations?user=P-3NxFMAAAAJ"
    },
    {
      "name": "Alla Sheffer",
      "scholar_id": "IgkGxLsAAAAJ",
      "url": "https://scholar.google.com/citations?user=IgkGxLsAAAAJ"
    },
    {
      "name": "Zhiming Hu",
      "scholar_id": "OLB_xBEAAAAJ",
      "url": "https://scholar.google.com/citations?user=OLB_xBEAAAAJ"
    },
    {
      "name": "John Keyser",
      "scholar_id": "K4o-D-cAAAAJ",
      "url": "https://scholar.google.com/citations?user=K4o-D-cAAAAJ"
    },
    {
      "name": "Taku Komura",
      "scholar_id": "TApLOhkAAAAJ",
      "url": "https://scholar.google.com/citations?user=TApLOhkAAAAJ"
    },
    {
      "name": "Xin (Shane) Li",
      "scholar_id": "Begpk8wAAAAJ",
      "url": "https://scholar.google.com/citations?user=Begpk8wAAAAJ"
    },
    {
      "name": "Guying Lin",
      "scholar_id": "B4XcF1AAAAAJ",
      "url": "https://scholar.google.com/citations?user=B4XcF1AAAAAJ"
    },
    {
      "name": "Scott Schaefer",
      "scholar_id": "tIgxLTUAAAAJ",
      "url": "https://scholar.google.com/citations?user=tIgxLTUAAAAJ"
    },
    {
      "name": "Christian Theobalt",
      "scholar_id": "eIWg8NMAAAAJ",
      "url": "https://scholar.google.com/citations?user=eIWg8NMAAAAJ"
    },
    {
      "name": "Hongbo Fu",
      "scholar_id": "S7D5ygcAAAAJ",
      "url": "https://scholar.google.com/citations?user=S7D5ygcAAAAJ"
    },
    {
      "name": "Nicholas Vining",
      "scholar_id": "qahNVwUAAAAJ",
      "url": "https://scholar.google.com/citations?user=qahNVwUAAAAJ"
    },
    {
      "name": "Yongqing Liang",
      "scholar_id": "bDo9RPwAAAAJ",
      "url": "https://scholar.google.com/citations?user=bDo9RPwAAAAJ"
    },
    {
      "name": "Xifeng Gao",
      "scholar_id": "wSUVcN0AAAAJ",
      "url": "https://scholar.google.com/citations?user=wSUVcN0AAAAJ"
    },
    {
      "name": "zherong pan",
      "scholar_id": "0KfKHOsAAAAJ",
      "url": "https://scholar.google.com/citations?user=0KfKHOsAAAAJ"
    },
    {
      "name": "Yuan Liu",
      "scholar_id": "yRAHVcgAAAAJ",
      "url": "https://scholar.google.com/citations?user=yRAHVcgAAAAJ"
    }
  ]
}