{
  "author_info": {
    "name": "Kazuki Shimada",
    "affiliation": "Sony",
    "email_verified": "Verified email at sony.com",
    "interests": [
      "Signal Processing",
      "Speech Recognition"
    ],
    "photo_url": "https://scholar.googleusercontent.com/citations?view_op=view_photo&user=-t9IslAAAAAJ&citpid=8"
  },
  "citation_stats": {
    "citations_all": 867,
    "citations_since_2020": 857,
    "h_index_all": 14,
    "h_index_since_2020": 13,
    "i10_index_all": 16,
    "i10_index_since_2020": 16,
    "citation_graph": [
      {
        "year": 2018,
        "citations": 4
      },
      {
        "year": 2019,
        "citations": 6
      },
      {
        "year": 2020,
        "citations": 15
      },
      {
        "year": 2021,
        "citations": 45
      },
      {
        "year": 2022,
        "citations": 113
      },
      {
        "year": 2023,
        "citations": 149
      },
      {
        "year": 2024,
        "citations": 216
      },
      {
        "year": 2025,
        "citations": 317
      }
    ]
  },
  "papers": [
    {
      "title": "STARSS23: An audio-visual dataset of spatial recordings of real scenes with spatiotemporal annotations of sound events",
      "url": "https://scholar.google.com/citations?view_op=view_citation&hl=en&user=-t9IslAAAAAJ&citation_for_view=-t9IslAAAAAJ:qxL8FJ1GzNcC",
      "authors": "K Shimada, A Politis, P Sudarsanam, DA Krause, K Uchida, S Adavanne, ...",
      "venue": "Advances in Neural Information Processing Systems 36, 2024",
      "year": 2024,
      "citations": 97
    },
    {
      "title": "Diffusion-based speech enhancement with joint generative and predictive decoders",
      "url": "https://scholar.google.com/citations?view_op=view_citation&hl=en&user=-t9IslAAAAAJ&citation_for_view=-t9IslAAAAAJ:0EnyYjriUFMC",
      "authors": "H Shi, K Shimada, M Hirano, T Shibuya, Y Koyama, Z Zhong, S Takahashi, ...",
      "venue": "ICASSP 2024-2024 IEEE International Conference on Acoustics, Speech and …, 2024",
      "year": 2024,
      "citations": 32
    },
    {
      "title": "Zero-and few-shot sound event localization and detection",
      "url": "https://scholar.google.com/citations?view_op=view_citation&hl=en&user=-t9IslAAAAAJ&citation_for_view=-t9IslAAAAAJ:3fE2CSJIrl8C",
      "authors": "K Shimada, K Uchida, Y Koyama, T Shibuya, S Takahashi, Y Mitsufuji, ...",
      "venue": "ICASSP 2024-2024 IEEE International Conference on Acoustics, Speech and …, 2024",
      "year": 2024,
      "citations": 14
    },
    {
      "title": "Baseline Models and Evaluation of Sound Event Localization and Detection with Distance Estimation in DCASE2024 Challenge",
      "url": "https://scholar.google.com/citations?view_op=view_citation&hl=en&user=-t9IslAAAAAJ&citation_for_view=-t9IslAAAAAJ:aqlVkmm33-oC",
      "authors": "D Diaz-Guerra, A Politis, P Sudarsanam, K Shimada, DA Krause, ...",
      "venue": "",
      "citations": 12,
      "year": 2024
    },
    {
      "title": "Music foundation model as generic booster for music downstream tasks",
      "url": "https://scholar.google.com/citations?view_op=view_citation&hl=en&user=-t9IslAAAAAJ&citation_for_view=-t9IslAAAAAJ:4DMP91E08xMC",
      "authors": "WH Liao, Y Takida, Y Ikemiya, Z Zhong, CH Lai, G Fabbro, K Shimada, ...",
      "venue": "arXiv preprint arXiv:2411.01135, 2024",
      "year": 2024,
      "citations": 7
    },
    {
      "title": "Hq-vae: Hierarchical discrete representation learning with variational bayes",
      "url": "https://scholar.google.com/citations?view_op=view_citation&hl=en&user=-t9IslAAAAAJ&citation_for_view=-t9IslAAAAAJ:kNdYIx-mwKoC",
      "authors": "Y Takida, Y Ikemiya, T Shibuya, K Shimada, W Choi, CH Lai, N Murata, ...",
      "venue": "arXiv preprint arXiv:2401.00365, 2023",
      "year": 2023,
      "citations": 25
    },
    {
      "title": "An attention-based approach to hierarchical multi-label music instrument classification",
      "url": "https://scholar.google.com/citations?view_op=view_citation&hl=en&user=-t9IslAAAAAJ&citation_for_view=-t9IslAAAAAJ:Se3iqnhoufwC",
      "authors": "Z Zhong, M Hirano, K Shimada, K Tateishi, S Takahashi, Y Mitsufuji",
      "venue": "ICASSP 2023-2023 IEEE International Conference on Acoustics, Speech and …, 2023",
      "year": 2023,
      "citations": 23
    },
    {
      "title": "Diffusion-based signal refiner for speech separation",
      "url": "https://scholar.google.com/citations?view_op=view_citation&hl=en&user=-t9IslAAAAAJ&citation_for_view=-t9IslAAAAAJ:5nxA0vEk-isC",
      "authors": "M Hirano, K Shimada, Y Koyama, S Takahashi, Y Mitsufuji",
      "venue": "arXiv preprint arXiv:2305.05857, 2023",
      "year": 2023,
      "citations": 10
    },
    {
      "title": "Extending audio masked autoencoders toward audio restoration",
      "url": "https://scholar.google.com/citations?view_op=view_citation&hl=en&user=-t9IslAAAAAJ&citation_for_view=-t9IslAAAAAJ:UebtZRa9Y70C",
      "authors": "Z Zhong, H Shi, M Hirano, K Shimada, K Tateishi, T Shibuya, S Takahashi, ...",
      "venue": "2023 IEEE Workshop on Applications of Signal Processing to Audio and …, 2023",
      "year": 2023,
      "citations": 9
    },
    {
      "title": "STARSS23: Sony-TAu Realistic Spatial Soundscapes 2023",
      "url": "https://scholar.google.com/citations?view_op=view_citation&hl=en&user=-t9IslAAAAAJ&citation_for_view=-t9IslAAAAAJ:M3ejUd6NZC8C",
      "authors": "A Politis, K Shimada, P Sudarsanam, A Hakala, S Takahashi, DA Krause, ...",
      "venue": "Mar, 2023",
      "year": 2023,
      "citations": 7
    },
    {
      "title": "Multi-accdoa: Localizing and detecting overlapping sounds from the same class with auxiliary duplicating permutation invariant training",
      "url": "https://scholar.google.com/citations?view_op=view_citation&hl=en&user=-t9IslAAAAAJ&citation_for_view=-t9IslAAAAAJ:_FxGoFyzp5QC",
      "authors": "K Shimada, Y Koyama, S Takahashi, N Takahashi, E Tsunoo, Y Mitsufuji",
      "venue": "ICASSP 2022-2022 IEEE international conference on acoustics, speech and …, 2022",
      "year": 2022,
      "citations": 132
    },
    {
      "title": "STARSS22: A dataset of spatial recordings of real scenes with spatiotemporal annotations of sound events",
      "url": "https://scholar.google.com/citations?view_op=view_citation&hl=en&user=-t9IslAAAAAJ&citation_for_view=-t9IslAAAAAJ:roLk4NBRz8UC",
      "authors": "A Politis, K Shimada, P Sudarsanam, S Adavanne, D Krause, Y Koyama, ...",
      "venue": "arXiv preprint arXiv:2206.01948, 2022",
      "year": 2022,
      "citations": 119
    },
    {
      "title": "Spatial data augmentation with simulated room impulse responses for sound event localization and detection",
      "url": "https://scholar.google.com/citations?view_op=view_citation&hl=en&user=-t9IslAAAAAJ&citation_for_view=-t9IslAAAAAJ:WF5omc3nYNoC",
      "authors": "Y Koyama, K Shigemi, M Takahashi, K Shimada, N Takahashi, E Tsunoo, ...",
      "venue": "ICASSP 2022-2022 IEEE International Conference on Acoustics, Speech and …, 2022",
      "year": 2022,
      "citations": 20
    },
    {
      "title": "Spatial mixup: Directional loudness modification as data augmentation for sound event localization and detection",
      "url": "https://scholar.google.com/citations?view_op=view_citation&hl=en&user=-t9IslAAAAAJ&citation_for_view=-t9IslAAAAAJ:ufrVoPGSRksC",
      "authors": "R Falcón-Pérez, K Shimada, Y Koyama, S Takahashi, Y Mitsufuji",
      "venue": "ICASSP 2022-2022 IEEE International Conference on Acoustics, Speech and …, 2022",
      "year": 2022,
      "citations": 9
    },
    {
      "title": "ACCDOA: Activity-coupled cartesian direction of arrival representation for sound event localization and detection",
      "url": "https://scholar.google.com/citations?view_op=view_citation&hl=en&user=-t9IslAAAAAJ&citation_for_view=-t9IslAAAAAJ:UeHWp8X0CEIC",
      "authors": "K Shimada, Y Koyama, N Takahashi, S Takahashi, Y Mitsufuji",
      "venue": "ICASSP 2021-2021 IEEE international conference on acoustics, speech and …, 2021",
      "year": 2021,
      "citations": 152
    },
    {
      "title": "Ensemble of ACCDOA-and EINV2-based systems with D3Nets and impulse response simulation for sound event localization and detection",
      "url": "https://scholar.google.com/citations?view_op=view_citation&hl=en&user=-t9IslAAAAAJ&citation_for_view=-t9IslAAAAAJ:W7OEmFMy1HYC",
      "authors": "K Shimada, N Takahashi, Y Koyama, S Takahashi, E Tsunoo, ...",
      "venue": "arXiv preprint arXiv:2106.10806, 2021",
      "year": 2021,
      "citations": 36
    },
    {
      "title": "Metric learning with background noise class for few-shot detection of rare sound events",
      "url": "https://scholar.google.com/citations?view_op=view_citation&hl=en&user=-t9IslAAAAAJ&citation_for_view=-t9IslAAAAAJ:2osOgNQ5qMEC",
      "authors": "K Shimada, Y Koyama, A Inoue",
      "venue": "ICASSP 2020-2020 IEEE International Conference on Acoustics, Speech and …, 2020",
      "year": 2020,
      "citations": 31
    },
    {
      "title": "Sound event localization and detection using activity-coupled cartesian DOA vector and RD3Net",
      "url": "https://scholar.google.com/citations?view_op=view_citation&hl=en&user=-t9IslAAAAAJ&citation_for_view=-t9IslAAAAAJ:qjMakFHDy7sC",
      "authors": "K Shimada, N Takahashi, S Takahashi, Y Mitsufuji",
      "venue": "arXiv preprint arXiv:2006.12014, 2020",
      "year": 2020,
      "citations": 23
    },
    {
      "title": "Unsupervised speech enhancement based on multichannel NMF-informed beamforming for noise-robust automatic speech recognition",
      "url": "https://scholar.google.com/citations?view_op=view_citation&hl=en&user=-t9IslAAAAAJ&citation_for_view=-t9IslAAAAAJ:d1gkVwhDpl0C",
      "authors": "K Shimada, Y Bando, M Mimura, K Itoyama, K Yoshii, T Kawahara",
      "venue": "IEEE/ACM Transactions on Audio, Speech, and Language Processing 27 (5), 960-971, 2019",
      "year": 2019,
      "citations": 72
    },
    {
      "title": "Unsupervised beamforming based on multichannel nonnegative matrix factorization for noisy speech recognition",
      "url": "https://scholar.google.com/citations?view_op=view_citation&hl=en&user=-t9IslAAAAAJ&citation_for_view=-t9IslAAAAAJ:9yKSN-GCB0IC",
      "authors": "K Shimada, Y Bando, M Mimura, K Itoyama, K Yoshii, T Kawahara",
      "venue": "2018 IEEE International Conference on Acoustics, Speech and Signal …, 2018",
      "year": 2018,
      "citations": 17
    }
  ],
  "co_authors": [
    {
      "name": "Yuki Mitsufuji",
      "scholar_id": "GMytI10AAAAJ",
      "url": "https://scholar.google.com/citations?user=GMytI10AAAAJ"
    },
    {
      "name": "Shusuke Takahashi",
      "scholar_id": "_mhxayYAAAAJ",
      "url": "https://scholar.google.com/citations?user=_mhxayYAAAAJ"
    },
    {
      "name": "Naoya Takahashi",
      "scholar_id": "JbtYJMoAAAAJ",
      "url": "https://scholar.google.com/citations?user=JbtYJMoAAAAJ"
    },
    {
      "name": "Takashi Shibuya",
      "scholar_id": "XCRO260AAAAJ",
      "url": "https://scholar.google.com/citations?user=XCRO260AAAAJ"
    },
    {
      "name": "Parthasaarathy Sudarsanam",
      "scholar_id": "yxZ1qAIAAAAJ",
      "url": "https://scholar.google.com/citations?user=yxZ1qAIAAAAJ"
    },
    {
      "name": "Kengo Uchida",
      "scholar_id": "zAXF4EYAAAAJ",
      "url": "https://scholar.google.com/citations?user=zAXF4EYAAAAJ"
    },
    {
      "name": "Tatsuya Kawahara",
      "scholar_id": "o3AmlFYAAAAJ",
      "url": "https://scholar.google.com/citations?user=o3AmlFYAAAAJ"
    },
    {
      "name": "Daniel Aleksander Krause",
      "scholar_id": "pSLng-8AAAAJ",
      "url": "https://scholar.google.com/citations?user=pSLng-8AAAAJ"
    },
    {
      "name": "Archontis Politis",
      "scholar_id": "DuCqB3sAAAAJ",
      "url": "https://scholar.google.com/citations?user=DuCqB3sAAAAJ"
    },
    {
      "name": "Tuomas Virtanen",
      "scholar_id": "hRjwVoMAAAAJ",
      "url": "https://scholar.google.com/citations?user=hRjwVoMAAAAJ"
    },
    {
      "name": "Zhi Zhong",
      "scholar_id": "iRVT3A8AAAAJ",
      "url": "https://scholar.google.com/citations?user=iRVT3A8AAAAJ"
    },
    {
      "name": "Emiru Tsunoo",
      "scholar_id": "34_X2z4AAAAJ",
      "url": "https://scholar.google.com/citations?user=34_X2z4AAAAJ"
    },
    {
      "name": "Sharath Adavanne",
      "scholar_id": "xCEvnG8AAAAJ",
      "url": "https://scholar.google.com/citations?user=xCEvnG8AAAAJ"
    },
    {
      "name": "Kazuyoshi Yoshii",
      "scholar_id": "QaNTClUAAAAJ",
      "url": "https://scholar.google.com/citations?user=QaNTClUAAAAJ"
    },
    {
      "name": "Yoshiaki Bando",
      "scholar_id": "bLtTkPMAAAAJ",
      "url": "https://scholar.google.com/citations?user=bLtTkPMAAAAJ"
    },
    {
      "name": "Masato Mimura",
      "scholar_id": "ZZahl3cAAAAJ",
      "url": "https://scholar.google.com/citations?user=ZZahl3cAAAAJ"
    },
    {
      "name": "Katsutoshi Itoyama",
      "scholar_id": "BbT624QAAAAJ",
      "url": "https://scholar.google.com/citations?user=BbT624QAAAAJ"
    },
    {
      "name": "Hao Shi",
      "scholar_id": "DclFbLwAAAAJ",
      "url": "https://scholar.google.com/citations?user=DclFbLwAAAAJ"
    },
    {
      "name": "Yukara Ikemiya",
      "scholar_id": "tWE8kNIAAAAJ",
      "url": "https://scholar.google.com/citations?user=tWE8kNIAAAAJ"
    },
    {
      "name": "Woosung Choi",
      "scholar_id": "zVirpHQAAAAJ",
      "url": "https://scholar.google.com/citations?user=zVirpHQAAAAJ"
    }
  ]
}