{
  "author_info": {
    "name": "Xin Wang",
    "affiliation": "Fudan University",
    "email_verified": "Verified email at m.fudan.edu.cn - Homepage",
    "website": "https://xinwong.github.io/",
    "interests": [
      "Computer Vision",
      "Trustworthy ML"
    ],
    "photo_url": "https://scholar.googleusercontent.com/citations?view_op=view_photo&user=-3rl91gAAAAJ&citpid=8"
  },
  "citation_stats": {
    "citations_all": 168,
    "citations_since_2020": 168,
    "h_index_all": 7,
    "h_index_since_2020": 7,
    "i10_index_all": 6,
    "i10_index_since_2020": 6,
    "citation_graph": [
      {
        "year": 2021,
        "citations": 3
      },
      {
        "year": 2022,
        "citations": 7
      },
      {
        "year": 2023,
        "citations": 5
      },
      {
        "year": 2024,
        "citations": 24
      },
      {
        "year": 2025,
        "citations": 127
      }
    ]
  },
  "papers": [
    {
      "title": "Safety at Scale: A Comprehensive Survey of Large Model and Agent Safety",
      "url": "https://scholar.google.com/citations?view_op=view_citation&hl=en&user=-3rl91gAAAAJ&citation_for_view=-3rl91gAAAAJ:5nxA0vEk-isC",
      "authors": "X Ma, Y Gao, Y Wang, R Wang, X Wang, Y Sun, Y Ding, H Xu, Y Chen, ...",
      "venue": "Foundations and Trends® in Privacy and Security 8 (3-4), 254-469, 2025",
      "year": 2025,
      "citations": 50
    },
    {
      "title": "TAPT: Test-Time Adversarial Prompt Tuning for Robust Inference in Vision-Language Models",
      "url": "https://scholar.google.com/citations?view_op=view_citation&hl=en&user=-3rl91gAAAAJ&citation_for_view=-3rl91gAAAAJ:MXK_kJrjxJIC",
      "authors": "X Wang, K Chen, J Zhang, J Chen, X Ma",
      "venue": "CVPR 2025, 19910-19920, 2025",
      "year": 2025,
      "citations": 15
    },
    {
      "title": "SafeVid: Toward Safety Aligned Video Large Multimodal Models",
      "url": "https://scholar.google.com/citations?view_op=view_citation&hl=en&user=-3rl91gAAAAJ&citation_for_view=-3rl91gAAAAJ:WF5omc3nYNoC",
      "authors": "Y Wang, J Song, Y Gao, X Wang, Y Yao, Y Teng, X Ma, Y Wang, YG Jiang",
      "venue": "NeurIPS 2025 D&B Track, 2025",
      "year": 2025,
      "citations": 2
    },
    {
      "title": "Argus Inspection: Do Multimodal Large Language Models Possess the Eye of Panoptes?",
      "url": "https://scholar.google.com/citations?view_op=view_citation&hl=en&user=-3rl91gAAAAJ&citation_for_view=-3rl91gAAAAJ:Zph67rFs4hoC",
      "authors": "Y Yao, L Li, J Song, C Chen, Z He, Y Wang, X Wang, T Gu, J Li, Y Teng, ...",
      "venue": "ACM MM 2025 Datasets Track (Oral), 13133-13140, 2025",
      "year": 2025,
      "citations": 1
    },
    {
      "title": "SafeEvalAgent: Toward Agentic and Self-Evolving Safety Evaluation of LLMs",
      "url": "https://scholar.google.com/citations?view_op=view_citation&hl=en&user=-3rl91gAAAAJ&citation_for_view=-3rl91gAAAAJ:3fE2CSJIrl8C",
      "authors": "Y Wang, X Wang, Y Yao, X Li, Y Teng, X Ma, Y Wang",
      "venue": "arXiv preprint arXiv:2509.26100, 2025",
      "year": 2025,
      "citations": 1
    },
    {
      "title": "BackdoorVLM: A Benchmark for Backdoor Attacks on Vision-Language Models",
      "url": "https://scholar.google.com/citations?view_op=view_citation&hl=en&user=-3rl91gAAAAJ&citation_for_view=-3rl91gAAAAJ:ULOm3_A8WrAC",
      "authors": "J Li, Y Li, H Huang, Y Chen, X Wang, Y Wang, X Ma, YG Jiang",
      "venue": "arXiv preprint arXiv:2511.18921, 2025",
      "year": 2025,
      "citations": 0
    },
    {
      "title": "Evolve the Method, Not the Prompts: Evolutionary Synthesis of Jailbreak Attacks on LLMs",
      "url": "https://scholar.google.com/citations?view_op=view_citation&hl=en&user=-3rl91gAAAAJ&citation_for_view=-3rl91gAAAAJ:KlAtU1dfN6UC",
      "authors": "Y Chen*, X Wang*, J Li, Y Wang, J Li, Y Teng, Y Wang, X Ma",
      "venue": "arXiv preprint arXiv:2511.12710, 2025",
      "year": 2025,
      "citations": 0
    },
    {
      "title": "Imperceptible Jailbreaking against Large Language Models",
      "url": "https://scholar.google.com/citations?view_op=view_citation&hl=en&user=-3rl91gAAAAJ&citation_for_view=-3rl91gAAAAJ:kNdYIx-mwKoC",
      "authors": "K Gao, Y Li, C Du, X Wang, X Ma, ST Xia, T Pang",
      "venue": "arXiv preprint arXiv:2510.05025, 2025",
      "year": 2025,
      "citations": 0
    },
    {
      "title": "FreezeVLA: Action-Freezing Attacks against Vision-Language-Action Models",
      "url": "https://scholar.google.com/citations?view_op=view_citation&hl=en&user=-3rl91gAAAAJ&citation_for_view=-3rl91gAAAAJ:8k81kl-MbHgC",
      "authors": "X Wang, J Li, Z Weng, Y Wang, Y Gao, T Pang, C Du, Y Teng, Y Wang, ...",
      "venue": "arXiv preprint arXiv:2509.19870, 2025",
      "year": 2025,
      "citations": 0
    },
    {
      "title": "Simulated Ensemble Attack: Transferring Jailbreaks Across Fine-tuned Vision-Language Models",
      "url": "https://scholar.google.com/citations?view_op=view_citation&hl=en&user=-3rl91gAAAAJ&citation_for_view=-3rl91gAAAAJ:UebtZRa9Y70C",
      "authors": "R Wang, X Wang, Y Yao, X Tong, X Ma",
      "venue": "arXiv preprint arXiv:2508.01741, 2025",
      "year": 2025,
      "citations": 0
    },
    {
      "title": "LeakyCLIP: Extracting Training Data from CLIP",
      "url": "https://scholar.google.com/citations?view_op=view_citation&hl=en&user=-3rl91gAAAAJ&citation_for_view=-3rl91gAAAAJ:hqOjcs7Dif8C",
      "authors": "Y Chen, S Wang, X Wang, X Ma",
      "venue": "arXiv preprint arXiv:2508.00756, 2025",
      "year": 2025,
      "citations": 0
    },
    {
      "title": "SafeWork-R1: Coevolving Safety and Intelligence under the AI-45 Law",
      "url": "https://scholar.google.com/citations?view_op=view_citation&hl=en&user=-3rl91gAAAAJ&citation_for_view=-3rl91gAAAAJ:Se3iqnhoufwC",
      "authors": "SAI Lab, Y Bao, G Chen, M Chen, Y Chen, C Chen, L Chen, S Chen, ...",
      "venue": "Technical Report, 2025",
      "year": 2025,
      "citations": 0
    },
    {
      "title": "NAP-Tuning: Neural Augmented Prompt Tuning for Adversarially Robust Vision-Language Models",
      "url": "https://scholar.google.com/citations?view_op=view_citation&hl=en&user=-3rl91gAAAAJ&citation_for_view=-3rl91gAAAAJ:_FxGoFyzp5QC",
      "authors": "J Zhang, X Wang, X Ma, L Qiu, YG Jiang, J Sang",
      "venue": "arXiv preprint arXiv:2506.12706, 2025",
      "year": 2025,
      "citations": 0
    },
    {
      "title": "DAVID-XR1: Detecting AI-Generated Videos with Explainable Reasoning",
      "url": "https://scholar.google.com/citations?view_op=view_citation&hl=en&user=-3rl91gAAAAJ&citation_for_view=-3rl91gAAAAJ:LkGwnXOMwfcC",
      "authors": "Y Gao, Y Ding, H Su, J Li, Y Zhao, L Luo, Z Chen, L Wang, X Wang, ...",
      "venue": "arXiv preprint arXiv:2506.14827, 2025",
      "year": 2025,
      "citations": 0
    },
    {
      "title": "Adversarial Prompt Tuning for Vision-Language Models",
      "url": "https://scholar.google.com/citations?view_op=view_citation&hl=en&user=-3rl91gAAAAJ&citation_for_view=-3rl91gAAAAJ:YsMSGLbcyi4C",
      "authors": "J Zhang, X Ma, X Wang, L Qiu, J Wang, YG Jiang, J Sang",
      "venue": "ECCV 2024, 56-72, 2024",
      "year": 2024,
      "citations": 45
    },
    {
      "title": "AdvQDet: Detecting Query-Based Adversarial Attacks with Adversarial Contrastive Prompt Tuning",
      "url": "https://scholar.google.com/citations?view_op=view_citation&hl=en&user=-3rl91gAAAAJ&citation_for_view=-3rl91gAAAAJ:zYLM7Y9cAGgC",
      "authors": "X Wang, K Chen, X Ma, Z Chen, J Chen, YG Jiang",
      "venue": "ACM MM 2024, 6212-6221, 2024",
      "year": 2024,
      "citations": 11
    },
    {
      "title": "Adversarial Prompt Distillation for Vision-Language Models",
      "url": "https://scholar.google.com/citations?view_op=view_citation&hl=en&user=-3rl91gAAAAJ&citation_for_view=-3rl91gAAAAJ:Y0pCki6q_DkC",
      "authors": "L Luo, X Wang, B Zi, S Zhao, X Ma, YG Jiang",
      "venue": "arXiv preprint arXiv:2411.15244, 2024",
      "year": 2024,
      "citations": 9
    },
    {
      "title": "Lossless Medical Image Compression Based on Anatomical Information and Deep Neural Networks",
      "url": "https://scholar.google.com/citations?view_op=view_citation&hl=en&user=-3rl91gAAAAJ&citation_for_view=-3rl91gAAAAJ:2osOgNQ5qMEC",
      "authors": "Q Min, X Wang, B Huang, Z Zhou",
      "venue": "Biomedical Signal Processing and Control 74, 103499, 2022",
      "year": 2022,
      "citations": 21
    },
    {
      "title": "Web-Based Technology for Remote Viewing of Radiological Images: App Validation",
      "url": "https://scholar.google.com/citations?view_op=view_citation&hl=en&user=-3rl91gAAAAJ&citation_for_view=-3rl91gAAAAJ:u5HHmVD_uO8C",
      "authors": "Q Min*, X Wang*, B Huang, L Xu",
      "venue": "Journal of Medical Internet Research 22 (9), e16224, 2020",
      "year": 2020,
      "citations": 13
    }
  ],
  "co_authors": [
    {
      "name": "Xingjun Ma",
      "scholar_id": "XQViiyYAAAAJ",
      "url": "https://scholar.google.com/citations?user=XQViiyYAAAAJ"
    },
    {
      "name": "Yu-Gang Jiang",
      "scholar_id": "f3_FP8AAAAAJ",
      "url": "https://scholar.google.com/citations?user=f3_FP8AAAAAJ"
    },
    {
      "name": "Jiaming Zhang",
      "scholar_id": "C5mp_2kAAAAJ",
      "url": "https://scholar.google.com/citations?user=C5mp_2kAAAAJ"
    },
    {
      "name": "Jingjing Chen",
      "scholar_id": "DfWdqzQAAAAJ",
      "url": "https://scholar.google.com/citations?user=DfWdqzQAAAAJ"
    },
    {
      "name": "YANG YAO",
      "scholar_id": "a8-jrAoAAAAJ",
      "url": "https://scholar.google.com/citations?user=a8-jrAoAAAAJ"
    },
    {
      "name": "Zhineng Chen",
      "scholar_id": "RS4jR14AAAAJ",
      "url": "https://scholar.google.com/citations?user=RS4jR14AAAAJ"
    },
    {
      "name": "Yunhao Chen",
      "scholar_id": "xhZDfxEAAAAJ",
      "url": "https://scholar.google.com/citations?user=xhZDfxEAAAAJ"
    },
    {
      "name": "Tianyu Pang",
      "scholar_id": "wYDbtFsAAAAJ",
      "url": "https://scholar.google.com/citations?user=wYDbtFsAAAAJ"
    },
    {
      "name": "Lingyu Li",
      "scholar_id": "WCF6bV8AAAAJ",
      "url": "https://scholar.google.com/citations?user=WCF6bV8AAAAJ"
    },
    {
      "name": "Zuxuan Wu",
      "scholar_id": "7t12hVkAAAAJ",
      "url": "https://scholar.google.com/citations?user=7t12hVkAAAAJ"
    },
    {
      "name": "RUOFAN WANG",
      "scholar_id": "Nt2YnmQAAAAJ",
      "url": "https://scholar.google.com/citations?user=Nt2YnmQAAAAJ"
    },
    {
      "name": "Kuofeng Gao",
      "scholar_id": "0hVZ0woAAAAJ",
      "url": "https://scholar.google.com/citations?user=0hVZ0woAAAAJ"
    },
    {
      "name": "Zejia Weng",
      "scholar_id": "qMT0sqAAAAAJ",
      "url": "https://scholar.google.com/citations?user=qMT0sqAAAAAJ"
    },
    {
      "name": "Kai Chen",
      "scholar_id": "y01ICTAAAAAJ",
      "url": "https://scholar.google.com/citations?user=y01ICTAAAAAJ"
    },
    {
      "name": "Chao Du",
      "scholar_id": "QOp7xW0AAAAJ",
      "url": "https://scholar.google.com/citations?user=QOp7xW0AAAAJ"
    }
  ]
}