{
  "author_info": {
    "name": "Kyle Sargent",
    "affiliation": "PhD student, Stanford University",
    "email_verified": "Verified email at cs.stanford.edu - Homepage",
    "website": "http://kylesargent.github.io/",
    "interests": [
      "Computer Vision"
    ],
    "photo_url": "/citations/images/avatar_scholar_128.png"
  },
  "citation_stats": {
    "citations_all": 615,
    "citations_since_2020": 614,
    "h_index_all": 10,
    "h_index_since_2020": 10,
    "i10_index_all": 10,
    "i10_index_since_2020": 10,
    "citation_graph": [
      {
        "year": 2022,
        "citations": 23
      },
      {
        "year": 2023,
        "citations": 59
      },
      {
        "year": 2024,
        "citations": 178
      },
      {
        "year": 2025,
        "citations": 353
      }
    ]
  },
  "papers": [
    {
      "title": "Flow to the mode: Mode-seeking diffusion autoencoders for state-of-the-art image tokenization",
      "url": "https://scholar.google.com/citations?view_op=view_citation&hl=en&user=-3vo5ukAAAAJ&citation_for_view=-3vo5ukAAAAJ:eQOLeE2rZwMC",
      "authors": "K Sargent, K Hsu, J Johnson, L Fei-Fei, J Wu",
      "venue": "arXiv preprint arXiv:2503.11056, 2025",
      "year": 2025,
      "citations": 14
    },
    {
      "title": "Single Image 3D Photography with Soft-Layering and Depth-aware Inpainting",
      "url": "https://scholar.google.com/citations?view_op=view_citation&hl=en&user=-3vo5ukAAAAJ&citation_for_view=-3vo5ukAAAAJ:WF5omc3nYNoC",
      "authors": "V Jampani, H Chang, K Sargent, A Kar, R Tucker, D Kaeser, BL Curless, ...",
      "venue": "US Patent App. 19/061,659, 2025",
      "year": 2025,
      "citations": 0
    },
    {
      "title": "Single image 3D photography with soft-layering and depth-aware inpainting",
      "url": "https://scholar.google.com/citations?view_op=view_citation&hl=en&user=-3vo5ukAAAAJ&citation_for_view=-3vo5ukAAAAJ:W7OEmFMy1HYC",
      "authors": "V Jampani, H Chang, K Sargent, A Kar, R Tucker, D Kaeser, BL Curless, ...",
      "venue": "US Patent 12,260,572, 2025",
      "year": 2025,
      "citations": 0
    },
    {
      "title": "Zeronvs: Zero-shot 360-degree view synthesis from a single image",
      "url": "https://scholar.google.com/citations?view_op=view_citation&hl=en&user=-3vo5ukAAAAJ&citation_for_view=-3vo5ukAAAAJ:zYLM7Y9cAGgC",
      "authors": "K Sargent, Z Li, T Shah, C Herrmann, HX Yu, Y Zhang, ER Chan, D Lagun, ...",
      "venue": "Proceedings of the IEEE/CVF Conference on Computer Vision and Pattern …, 2024",
      "year": 2024,
      "citations": 192
    },
    {
      "title": "Wonderjourney: Going from anywhere to everywhere",
      "url": "https://scholar.google.com/citations?view_op=view_citation&hl=en&user=-3vo5ukAAAAJ&citation_for_view=-3vo5ukAAAAJ:qjMakFHDy7sC",
      "authors": "HX Yu, H Duan, J Hur, K Sargent, M Rubinstein, WT Freeman, F Cole, ...",
      "venue": "Proceedings of the IEEE/CVF Conference on Computer Vision and Pattern …, 2024",
      "year": 2024,
      "citations": 115
    },
    {
      "title": "Generative camera dolly: Extreme monocular dynamic novel view synthesis",
      "url": "https://scholar.google.com/citations?view_op=view_citation&hl=en&user=-3vo5ukAAAAJ&citation_for_view=-3vo5ukAAAAJ:u-x6o8ySG0sC",
      "authors": "B Van Hoorick, R Wu, E Ozguroglu, K Sargent, R Liu, P Tokmakov, ...",
      "venue": "European Conference on Computer Vision, 313-331, 2024",
      "year": 2024,
      "citations": 48
    },
    {
      "title": "View-invariant policy learning via zero-shot novel view synthesis",
      "url": "https://scholar.google.com/citations?view_op=view_citation&hl=en&user=-3vo5ukAAAAJ&citation_for_view=-3vo5ukAAAAJ:YsMSGLbcyi4C",
      "authors": "S Tian, B Wulfe, K Sargent, K Liu, S Zakharov, V Guizilini, J Wu",
      "venue": "arXiv preprint arXiv:2409.03685, 2024",
      "year": 2024,
      "citations": 25
    },
    {
      "title": "Vq3d: Learning a 3d-aware generative model on imagenet",
      "url": "https://scholar.google.com/citations?view_op=view_citation&hl=en&user=-3vo5ukAAAAJ&citation_for_view=-3vo5ukAAAAJ:IjCSPb-OGe4C",
      "authors": "K Sargent, JY Koh, H Zhang, H Chang, C Herrmann, P Srinivasan, J Wu, ...",
      "venue": "Proceedings of the IEEE/CVF International Conference on Computer Vision …, 2023",
      "year": 2023,
      "citations": 36
    },
    {
      "title": "Navi: Category-agnostic image collections with high-quality 3d shape and pose annotations",
      "url": "https://scholar.google.com/citations?view_op=view_citation&hl=en&user=-3vo5ukAAAAJ&citation_for_view=-3vo5ukAAAAJ:Y0pCki6q_DkC",
      "authors": "V Jampani, KK Maninis, A Engelhardt, A Karpur, K Truong, K Sargent, ...",
      "venue": "Advances in Neural Information Processing Systems 36, 76061-76084, 2023",
      "year": 2023,
      "citations": 35
    },
    {
      "title": "Self-supervised autoflow",
      "url": "https://scholar.google.com/citations?view_op=view_citation&hl=en&user=-3vo5ukAAAAJ&citation_for_view=-3vo5ukAAAAJ:d1gkVwhDpl0C",
      "authors": "HP Huang, C Herrmann, J Hur, E Lu, K Sargent, A Stone, MH Yang, ...",
      "venue": "Proceedings of the IEEE/CVF Conference on Computer Vision and Pattern …, 2023",
      "year": 2023,
      "citations": 14
    },
    {
      "title": "Pyramid adversarial training improves vit performance",
      "url": "https://scholar.google.com/citations?view_op=view_citation&hl=en&user=-3vo5ukAAAAJ&citation_for_view=-3vo5ukAAAAJ:UeHWp8X0CEIC",
      "authors": "C Herrmann, K Sargent, L Jiang, R Zabih, H Chang, C Liu, D Krishnan, ...",
      "venue": "Proceedings of the IEEE/CVF conference on computer vision and pattern …, 2022",
      "year": 2022,
      "citations": 79
    },
    {
      "title": "Slide: Single image 3d photography with soft layering and depth-aware inpainting",
      "url": "https://scholar.google.com/citations?view_op=view_citation&hl=en&user=-3vo5ukAAAAJ&citation_for_view=-3vo5ukAAAAJ:u5HHmVD_uO8C",
      "authors": "V Jampani, H Chang, K Sargent, A Kar, R Tucker, M Krainin, D Kaeser, ...",
      "venue": "Proceedings of the IEEE/CVF International Conference on Computer Vision …, 2021",
      "year": 2021,
      "citations": 56
    },
    {
      "title": "Lipschitz Constraints in Generative Adversarial Networks",
      "url": "https://scholar.google.com/citations?view_op=view_citation&hl=en&user=-3vo5ukAAAAJ&citation_for_view=-3vo5ukAAAAJ:9yKSN-GCB0IC",
      "authors": "KG Sargent",
      "venue": "",
      "citations": 1,
      "year": 2019
    },
    {
      "title": "Supplementary Material for SLIDE: Single Image 3D Photography with Soft Layering and Depth-aware Inpainting",
      "url": "https://scholar.google.com/citations?view_op=view_citation&hl=en&user=-3vo5ukAAAAJ&citation_for_view=-3vo5ukAAAAJ:2osOgNQ5qMEC",
      "authors": "V Jampani, H Chang, K Sargent, A Kar, R Tucker, M Krainin, D Kaeser, ...",
      "venue": "",
      "citations": 0
    }
  ],
  "co_authors": []
}