{
  "author_info": {
    "name": "Ziyi Lin",
    "affiliation": "The Chinese University of Hong Kong",
    "email_verified": "Verified email at link.cuhk.edu.hk",
    "interests": [
      "Computer Vision",
      "Deep Learning"
    ],
    "photo_url": "/citations/images/avatar_scholar_128.png"
  },
  "citation_stats": {
    "citations_all": 2681,
    "citations_since_2020": 2647,
    "h_index_all": 9,
    "h_index_since_2020": 9,
    "i10_index_all": 9,
    "i10_index_since_2020": 9,
    "citation_graph": [
      {
        "year": 2018,
        "citations": 7
      },
      {
        "year": 2019,
        "citations": 25
      },
      {
        "year": 2020,
        "citations": 46
      },
      {
        "year": 2021,
        "citations": 60
      },
      {
        "year": 2022,
        "citations": 92
      },
      {
        "year": 2023,
        "citations": 423
      },
      {
        "year": 2024,
        "citations": 1075
      },
      {
        "year": 2025,
        "citations": 942
      }
    ]
  },
  "papers": [
    {
      "title": "SPHINX: A Mixer of Weights, Visual Embeddings and Image Scales for Multi-modal Large Language Models",
      "url": "https://scholar.google.com/citations?view_op=view_citation&hl=en&user=-VOnnzUAAAAJ&citation_for_view=-VOnnzUAAAAJ:0EnyYjriUFMC",
      "authors": "Z Lin, D Liu, R Zhang, P Gao, L Qiu, H Xiao, H Qiu, W Shao, K Chen, ...",
      "venue": "European Conference on Computer Vision, 36-55, 2025",
      "year": 2025,
      "citations": 327
    },
    {
      "title": "Mimic before reconstruct: Enhancing masked autoencoders with feature mimicking",
      "url": "https://scholar.google.com/citations?view_op=view_citation&hl=en&user=-VOnnzUAAAAJ&citation_for_view=-VOnnzUAAAAJ:Tyk-4Ss8FVUC",
      "authors": "P Gao, Z Lin, R Zhang, R Fang, H Li, H Li, Y Qiao",
      "venue": "International Journal of Computer Vision 132 (5), 1546-1556, 2024",
      "year": 2024,
      "citations": 25
    },
    {
      "title": "TerDiT: Ternary Diffusion Models with Transformers",
      "url": "https://scholar.google.com/citations?view_op=view_citation&hl=en&user=-VOnnzUAAAAJ&citation_for_view=-VOnnzUAAAAJ:hqOjcs7Dif8C",
      "authors": "X Lu, A Zhou, Z Lin, Q Liu, Y Xu, R Zhang, Y Wen, S Ren, P Gao, J Yan, ...",
      "venue": "arXiv preprint arXiv:2405.14854, 2024",
      "year": 2024,
      "citations": 7
    },
    {
      "title": "LLaMA-Adapter V2: Parameter-Efficient Visual Instruction Model",
      "url": "https://scholar.google.com/citations?view_op=view_citation&hl=en&user=-VOnnzUAAAAJ&citation_for_view=-VOnnzUAAAAJ:zYLM7Y9cAGgC",
      "authors": "P Gao, J Han, R Zhang, Z Lin, S Geng, A Zhou, W Zhang, P Lu, C He, ...",
      "venue": "arXiv preprint arXiv:2304.15010, 2023",
      "year": 2023,
      "citations": 759
    },
    {
      "title": "Retrieving-to-answer: Zero-shot video question answering with frozen large language models",
      "url": "https://scholar.google.com/citations?view_op=view_citation&hl=en&user=-VOnnzUAAAAJ&citation_for_view=-VOnnzUAAAAJ:eQOLeE2rZwMC",
      "authors": "J Pan*, Z Lin*, Y Ge, X Zhu, R Zhang, Y Wang, Y Qiao, H Li",
      "venue": "Proceedings of the IEEE/CVF International Conference on Computer Vision, 272-283, 2023",
      "year": 2023,
      "citations": 45
    },
    {
      "title": "ChatIllusion: Efficient-Aligning Interleaved Generation ability with Visual Instruction Model",
      "url": "https://scholar.google.com/citations?view_op=view_citation&hl=en&user=-VOnnzUAAAAJ&citation_for_view=-VOnnzUAAAAJ:roLk4NBRz8UC",
      "authors": "X Chi, Y Liu, Z Jiang, R Zhang, Z Lin, R Zhang, P Gao, C Fu, S Zhang, ...",
      "venue": "arXiv preprint arXiv:2311.17963, 2023",
      "year": 2023,
      "citations": 3
    },
    {
      "title": "ST-Adapter: Parameter-Efficient Image-to-Video Transfer Learning",
      "url": "https://scholar.google.com/citations?view_op=view_citation&hl=en&user=-VOnnzUAAAAJ&citation_for_view=-VOnnzUAAAAJ:Y0pCki6q_DkC",
      "authors": "J Pan*, Z Lin*, X Zhu, J Shao, H Li",
      "venue": "Advances in Neural Information Processing Systems 35, 26462-26477, 2022",
      "year": 2022,
      "citations": 385
    },
    {
      "title": "Frozen clip models are efficient video learners",
      "url": "https://scholar.google.com/citations?view_op=view_citation&hl=en&user=-VOnnzUAAAAJ&citation_for_view=-VOnnzUAAAAJ:IjCSPb-OGe4C",
      "authors": "Z Lin, S Geng, R Zhang, P Gao, G de Melo, X Wang, J Dai, Y Qiao, H Li",
      "venue": "European Conference on Computer Vision, 388-404, 2022",
      "year": 2022,
      "citations": 321
    },
    {
      "title": "MCMAE: Masked convolution meets masked autoencoders",
      "url": "https://scholar.google.com/citations?view_op=view_citation&hl=en&user=-VOnnzUAAAAJ&citation_for_view=-VOnnzUAAAAJ:YsMSGLbcyi4C",
      "authors": "P Gao, T Ma, H Li, Z Lin, J Dai, Y Qiao",
      "venue": "Advances in Neural Information Processing Systems 35, 35632-35644, 2022",
      "year": 2022,
      "citations": 245
    },
    {
      "title": "1st place solution for ava-kinetics crossover in acitivitynet challenge 2020",
      "url": "https://scholar.google.com/citations?view_op=view_citation&hl=en&user=-VOnnzUAAAAJ&citation_for_view=-VOnnzUAAAAJ:WF5omc3nYNoC",
      "authors": "S Chen, J Pan, G Song, M Zhang, H Shao, Z Lin, J Shao, H Li, Y Liu",
      "venue": "arXiv preprint arXiv:2006.09116, 2020",
      "year": 2020,
      "citations": 6
    },
    {
      "title": "Avatar-net: Multi-scale zero-shot style transfer by feature decoration",
      "url": "https://scholar.google.com/citations?view_op=view_citation&hl=en&user=-VOnnzUAAAAJ&citation_for_view=-VOnnzUAAAAJ:u5HHmVD_uO8C",
      "authors": "L Sheng, Z Lin, J Shao, X Wang",
      "venue": "Proceedings of the IEEE Conference on Computer Vision and Pattern …, 2018",
      "year": 2018,
      "citations": 397
    },
    {
      "title": "SPHINX-X: Scaling Data and Parameters for a Family of Multi-modal Large Language Models",
      "url": "https://scholar.google.com/citations?view_op=view_citation&hl=en&user=-VOnnzUAAAAJ&citation_for_view=-VOnnzUAAAAJ:UebtZRa9Y70C",
      "authors": "D Liu, R Zhang, L Qiu, S Huang, W Lin, S Zhao, S Geng, Z Lin, P Jin, ...",
      "venue": "Forty-first International Conference on Machine Learning, 0",
      "citations": 161
    }
  ],
  "co_authors": []
}