{
  "author_info": {
    "name": "Huan Ling",
    "affiliation": "Nvidia",
    "email_verified": "Verified email at cs.toronto.edu - Homepage",
    "website": "http://www.cs.toronto.edu/~linghuan/",
    "interests": [
      "computer vision"
    ],
    "photo_url": "https://scholar.googleusercontent.com/citations?view_op=view_photo&user=03n03GEAAAAJ&citpid=1"
  },
  "citation_stats": {
    "citations_all": 5235,
    "citations_since_2020": 5089,
    "h_index_all": 23,
    "h_index_since_2020": 23,
    "i10_index_all": 29,
    "i10_index_since_2020": 29,
    "citation_graph": [
      {
        "year": 2018,
        "citations": 27
      },
      {
        "year": 2019,
        "citations": 100
      },
      {
        "year": 2020,
        "citations": 248
      },
      {
        "year": 2021,
        "citations": 346
      },
      {
        "year": 2022,
        "citations": 509
      },
      {
        "year": 2023,
        "citations": 767
      },
      {
        "year": 2024,
        "citations": 1362
      },
      {
        "year": 2025,
        "citations": 1842
      }
    ]
  },
  "papers": [
    {
      "title": "Cosmos world foundation model platform for physical ai",
      "url": "https://scholar.google.com/citations?view_op=view_citation&hl=en&user=03n03GEAAAAJ&citation_for_view=03n03GEAAAAJ:IWHjjKOFINEC",
      "authors": "N Agarwal, A Ali, M Bala, Y Balaji, E Barker, T Cai, P Chattopadhyay, ...",
      "venue": "arXiv preprint arXiv:2501.03575, 2025",
      "year": 2025,
      "citations": 261
    },
    {
      "title": "Gen3c: 3d-informed world-consistent video generation with precise camera control",
      "url": "https://scholar.google.com/citations?view_op=view_citation&hl=en&user=03n03GEAAAAJ&citation_for_view=03n03GEAAAAJ:7PzlFSSx8tAC",
      "authors": "X Ren, T Shen, J Huang, H Ling, Y Lu, M Nimier-David, T Müller, A Keller, ...",
      "venue": "Proceedings of the Computer Vision and Pattern Recognition Conference, 6121-6132, 2025",
      "year": 2025,
      "citations": 58
    },
    {
      "title": "Diffusion Renderer: Neural Inverse and Forward Rendering with Video Diffusion Models",
      "url": "https://scholar.google.com/citations?view_op=view_citation&hl=en&user=03n03GEAAAAJ&citation_for_view=03n03GEAAAAJ:9ZlFYXVOiuMC",
      "authors": "R Liang, Z Gojcic, H Ling, J Munkberg, J Hasselgren, CH Lin, J Gao, ...",
      "venue": "Proceedings of the Computer Vision and Pattern Recognition Conference, 26069 …, 2025",
      "year": 2025,
      "citations": 30
    },
    {
      "title": "Cosmos-transfer1: Conditional world generation with adaptive multimodal control",
      "url": "https://scholar.google.com/citations?view_op=view_citation&hl=en&user=03n03GEAAAAJ&citation_for_view=03n03GEAAAAJ:qUcmZB5y_30C",
      "authors": "HA Alhaija, J Alvarez, M Bala, T Cai, T Cao, L Cha, J Chen, M Chen, ...",
      "venue": "arXiv preprint arXiv:2503.14492, 2025",
      "year": 2025,
      "citations": 26
    },
    {
      "title": "Align your gaussians: Text-to-4d with dynamic 3d gaussians and composed diffusion models",
      "url": "https://scholar.google.com/citations?view_op=view_citation&hl=en&user=03n03GEAAAAJ&citation_for_view=03n03GEAAAAJ:ULOm3_A8WrAC",
      "authors": "H Ling, SW Kim, A Torralba, S Fidler, K Kreis",
      "venue": "Proceedings of the IEEE/CVF conference on computer vision and pattern …, 2024",
      "year": 2024,
      "citations": 179
    },
    {
      "title": "L4gm: Large 4d gaussian reconstruction model",
      "url": "https://scholar.google.com/citations?view_op=view_citation&hl=en&user=03n03GEAAAAJ&citation_for_view=03n03GEAAAAJ:4TOpqqG69KYC",
      "authors": "J Ren, C Xie, A Mirzaei, K Kreis, Z Liu, A Torralba, S Fidler, SW Kim, ...",
      "venue": "Advances in Neural Information Processing Systems 37, 56828-56858, 2024",
      "year": 2024,
      "citations": 89
    },
    {
      "title": "Align your latents: High-resolution video synthesis with latent diffusion models",
      "url": "https://scholar.google.com/citations?view_op=view_citation&hl=en&user=03n03GEAAAAJ&citation_for_view=03n03GEAAAAJ:MXK_kJrjxJIC",
      "authors": "A Blattmann, R Rombach, H Ling, T Dockhorn, SW Kim, S Fidler, K Kreis",
      "venue": "Proceedings of the IEEE/CVF conference on computer vision and pattern …, 2023",
      "year": 2023,
      "citations": 1589
    },
    {
      "title": "Dreamteacher: Pretraining image backbones with deep generative models",
      "url": "https://scholar.google.com/citations?view_op=view_citation&hl=en&user=03n03GEAAAAJ&citation_for_view=03n03GEAAAAJ:KlAtU1dfN6UC",
      "authors": "D Li, H Ling, A Kar, D Acuna, SW Kim, K Kreis, A Torralba, S Fidler",
      "venue": "Proceedings of the IEEE/CVF International Conference on Computer Vision …, 2023",
      "year": 2023,
      "citations": 34
    },
    {
      "title": "Bigdatasetgan: Synthesizing imagenet with pixel-wise annotations",
      "url": "https://scholar.google.com/citations?view_op=view_citation&hl=en&user=03n03GEAAAAJ&citation_for_view=03n03GEAAAAJ:hqOjcs7Dif8C",
      "authors": "D Li, H Ling, SW Kim, K Kreis, S Fidler, A Torralba",
      "venue": "Proceedings of the IEEE/CVF Conference on Computer Vision and Pattern …, 2022",
      "year": 2022,
      "citations": 144
    },
    {
      "title": "Datasetgan: Efficient labeled data factory with minimal human effort",
      "url": "https://scholar.google.com/citations?view_op=view_citation&hl=en&user=03n03GEAAAAJ&citation_for_view=03n03GEAAAAJ:LkGwnXOMwfcC",
      "authors": "Y Zhang, H Ling, J Gao, K Yin, JF Lafleche, A Barriuso, A Torralba, ...",
      "venue": "Proceedings of the IEEE/CVF Conference on Computer Vision and Pattern …, 2021",
      "year": 2021,
      "citations": 439
    },
    {
      "title": "Editgan: High-precision semantic image editing",
      "url": "https://scholar.google.com/citations?view_op=view_citation&hl=en&user=03n03GEAAAAJ&citation_for_view=03n03GEAAAAJ:Se3iqnhoufwC",
      "authors": "H Ling, K Kreis, D Li, SW Kim, A Torralba, S Fidler",
      "venue": "Advances in Neural Information Processing Systems 34, 16331-16345, 2021",
      "year": 2021,
      "citations": 302
    },
    {
      "title": "Image gans meet differentiable rendering for inverse graphics and interpretable 3d neural rendering",
      "url": "https://scholar.google.com/citations?view_op=view_citation&hl=en&user=03n03GEAAAAJ&citation_for_view=03n03GEAAAAJ:QIV2ME_5wuYC",
      "authors": "Y Zhang, W Chen, H Ling, J Gao, Y Zhang, A Torralba, S Fidler",
      "venue": "arXiv preprint arXiv:2010.09125, 2020",
      "year": 2020,
      "citations": 152
    },
    {
      "title": "Variational amodal object completion",
      "url": "https://scholar.google.com/citations?view_op=view_citation&hl=en&user=03n03GEAAAAJ&citation_for_view=03n03GEAAAAJ:_FxGoFyzp5QC",
      "authors": "H Ling, D Acuna, K Kreis, SW Kim, S Fidler",
      "venue": "Advances in Neural Information Processing Systems 33, 16246-16257, 2020",
      "year": 2020,
      "citations": 59
    },
    {
      "title": "Scribblebox: Interactive annotation framework for video object segmentation",
      "url": "https://scholar.google.com/citations?view_op=view_citation&hl=en&user=03n03GEAAAAJ&citation_for_view=03n03GEAAAAJ:eQOLeE2rZwMC",
      "authors": "B Chen, H Ling, X Zeng, J Gao, Z Xu, S Fidler",
      "venue": "European Conference on Computer Vision, 293-310, 2020",
      "year": 2020,
      "citations": 28
    },
    {
      "title": "Learning to predict 3d objects with an interpolation-based differentiable renderer",
      "url": "https://scholar.google.com/citations?view_op=view_citation&hl=en&user=03n03GEAAAAJ&citation_for_view=03n03GEAAAAJ:zYLM7Y9cAGgC",
      "authors": "W Chen, H Ling, J Gao, E Smith, J Lehtinen, A Jacobson, S Fidler",
      "venue": "Advances in neural information processing systems 32, 2019",
      "year": 2019,
      "citations": 472
    },
    {
      "title": "Fast interactive object annotation with curve-gcn",
      "url": "https://scholar.google.com/citations?view_op=view_citation&hl=en&user=03n03GEAAAAJ&citation_for_view=03n03GEAAAAJ:UeHWp8X0CEIC",
      "authors": "H Ling, J Gao, A Kar, W Chen, S Fidler",
      "venue": "Proceedings of the IEEE/CVF conference on computer vision and pattern …, 2019",
      "year": 2019,
      "citations": 359
    },
    {
      "title": "Object instance annotation with deep extreme level set evolution",
      "url": "https://scholar.google.com/citations?view_op=view_citation&hl=en&user=03n03GEAAAAJ&citation_for_view=03n03GEAAAAJ:IjCSPb-OGe4C",
      "authors": "Z Wang, D Acuna, H Ling, A Kar, S Fidler",
      "venue": "Proceedings of the IEEE/CVF conference on computer vision and pattern …, 2019",
      "year": 2019,
      "citations": 106
    },
    {
      "title": "Efficient interactive annotation of segmentation datasets with polygon-rnn++",
      "url": "https://scholar.google.com/citations?view_op=view_citation&hl=en&user=03n03GEAAAAJ&citation_for_view=03n03GEAAAAJ:u5HHmVD_uO8C",
      "authors": "D Acuna, H Ling, A Kar, S Fidler",
      "venue": "Proceedings of the IEEE conference on Computer Vision and Pattern …, 2018",
      "year": 2018,
      "citations": 560
    },
    {
      "title": "Adversarial contrastive estimation",
      "url": "https://scholar.google.com/citations?view_op=view_citation&hl=en&user=03n03GEAAAAJ&citation_for_view=03n03GEAAAAJ:d1gkVwhDpl0C",
      "authors": "AJ Bose, H Ling, Y Cao",
      "venue": "arXiv preprint arXiv:1805.03642, 2018",
      "year": 2018,
      "citations": 72
    },
    {
      "title": "Teaching machines to describe images with natural language feedback",
      "url": "https://scholar.google.com/citations?view_op=view_citation&hl=en&user=03n03GEAAAAJ&citation_for_view=03n03GEAAAAJ:u-x6o8ySG0sC",
      "authors": "S Fidler",
      "venue": "Advances in Neural Information Processing Systems 30, 2017",
      "year": 2017,
      "citations": 80
    }
  ],
  "co_authors": []
}