{
  "author_info": {
    "name": "Chong Luo",
    "affiliation": "Microsoft Research",
    "email_verified": "Verified email at microsoft.com - Homepage",
    "website": "http://research.microsoft.com/en-us/people/cluo/",
    "interests": [
      "multimedia communications",
      "computer vision"
    ],
    "photo_url": "https://scholar.googleusercontent.com/citations?view_op=view_photo&user=01iBf38AAAAJ&citpid=1"
  },
  "citation_stats": {
    "citations_all": 9556,
    "citations_since_2020": 6595,
    "h_index_all": 43,
    "h_index_since_2020": 33,
    "i10_index_all": 103,
    "i10_index_since_2020": 69,
    "citation_graph": [
      {
        "year": 2009,
        "citations": 26
      },
      {
        "year": 2010,
        "citations": 57
      },
      {
        "year": 2011,
        "citations": 105
      },
      {
        "year": 2012,
        "citations": 156
      },
      {
        "year": 2013,
        "citations": 248
      },
      {
        "year": 2014,
        "citations": 350
      },
      {
        "year": 2015,
        "citations": 311
      },
      {
        "year": 2016,
        "citations": 344
      },
      {
        "year": 2017,
        "citations": 311
      },
      {
        "year": 2018,
        "citations": 390
      },
      {
        "year": 2019,
        "citations": 596
      },
      {
        "year": 2020,
        "citations": 692
      },
      {
        "year": 2021,
        "citations": 988
      },
      {
        "year": 2022,
        "citations": 983
      },
      {
        "year": 2023,
        "citations": 1031
      },
      {
        "year": 2024,
        "citations": 1180
      },
      {
        "year": 2025,
        "citations": 1710
      }
    ]
  },
  "papers": [
    {
      "title": "Logic-rl: Unleashing llm reasoning with rule-based reinforcement learning",
      "url": "https://scholar.google.com/citations?view_op=view_citation&hl=en&user=01iBf38AAAAJ&citation_for_view=01iBf38AAAAJ:uc_IGeMz5qoC",
      "authors": "T Xie, Z Gao, Q Ren, H Luo, Y Hong, B Dai, J Zhou, K Qiu, Z Wu, C Luo",
      "venue": "arXiv preprint arXiv:2502.14768, 2025",
      "year": 2025,
      "citations": 215
    },
    {
      "title": "Phi-4-mini technical report: Compact yet powerful multimodal language models via mixture-of-loras",
      "url": "https://scholar.google.com/citations?view_op=view_citation&hl=en&user=01iBf38AAAAJ&citation_for_view=01iBf38AAAAJ:EkHepimYqZsC",
      "authors": "A Abouelenin, A Ashfaq, A Atkinson, H Awadalla, N Bach, J Bao, ...",
      "venue": "arXiv preprint arXiv:2503.01743, 2025",
      "year": 2025,
      "citations": 164
    },
    {
      "title": "Phi-3 technical report: A highly capable language model locally on your phone, 2024",
      "url": "https://scholar.google.com/citations?view_op=view_citation&hl=en&user=01iBf38AAAAJ&citation_for_view=01iBf38AAAAJ:URolC5Kub84C",
      "authors": "M Abdin, J Aneja, H Awadalla, A Awadallah, AA Awan, N Bach, A Bahree, ...",
      "venue": "URL https://arxiv. org/abs/2404.14219 2, 6, 2024",
      "year": 2024,
      "citations": 119
    },
    {
      "title": "Panacea: Panoramic and controllable video generation for autonomous driving",
      "url": "https://scholar.google.com/citations?view_op=view_citation&hl=en&user=01iBf38AAAAJ&citation_for_view=01iBf38AAAAJ:tKAzc9rXhukC",
      "authors": "Y Wen, Y Zhao, Y Liu, F Jia, Y Wang, C Luo, C Zhang, T Wang, X Sun, ...",
      "venue": "Proceedings of the IEEE/CVF Conference on Computer Vision and Pattern …, 2024",
      "year": 2024,
      "citations": 115
    },
    {
      "title": "Omnivl: One foundation model for image-language and video-language tasks",
      "url": "https://scholar.google.com/citations?view_op=view_citation&hl=en&user=01iBf38AAAAJ&citation_for_view=01iBf38AAAAJ:uLbwQdceFCQC",
      "authors": "J Wang, D Chen, Z Wu, C Luo, L Zhou, Y Zhao, Y Xie, C Liu, YG Jiang, ...",
      "venue": "Advances in neural information processing systems 35, 5696-5710, 2022",
      "year": 2022,
      "citations": 204
    },
    {
      "title": "Sparse MLP for image recognition: Is self-attention really necessary?",
      "url": "https://scholar.google.com/citations?view_op=view_citation&hl=en&user=01iBf38AAAAJ&citation_for_view=01iBf38AAAAJ:tkaPQYYpVKoC",
      "authors": "C Tang, Y Zhao, G Wang, C Luo, W Xie, W Zeng",
      "venue": "Proceedings of the AAAI conference on artificial intelligence 36 (2), 2344-2351, 2022",
      "year": 2022,
      "citations": 135
    },
    {
      "title": "Make it move: controllable image-to-video generation with text descriptions",
      "url": "https://scholar.google.com/citations?view_op=view_citation&hl=en&user=01iBf38AAAAJ&citation_for_view=01iBf38AAAAJ:PELIpwtuRlgC",
      "authors": "Y Hu, C Luo, Z Chen",
      "venue": "Proceedings of the IEEE/CVF Conference on Computer Vision and Pattern …, 2022",
      "year": 2022,
      "citations": 111
    },
    {
      "title": "When shift operation meets vision transformer: An extremely simple alternative to attention mechanism",
      "url": "https://scholar.google.com/citations?view_op=view_citation&hl=en&user=01iBf38AAAAJ&citation_for_view=01iBf38AAAAJ:JoZmwDi-zQgC",
      "authors": "G Wang, Y Zhao, C Tang, C Luo, W Zeng",
      "venue": "Proceedings of the AAAI conference on artificial intelligence 36 (2), 2423-2430, 2022",
      "year": 2022,
      "citations": 99
    },
    {
      "title": "A battle of network structures: An empirical study of cnn, transformer, and mlp",
      "url": "https://scholar.google.com/citations?view_op=view_citation&hl=en&user=01iBf38AAAAJ&citation_for_view=01iBf38AAAAJ:eMMeJKvmdy0C",
      "authors": "Y Zhao, G Wang, C Tang, C Luo, W Zeng, ZJ Zha",
      "venue": "arXiv preprint arXiv:2108.13002, 2021",
      "year": 2021,
      "citations": 140
    },
    {
      "title": "Joint time-frequency and time domain learning for speech enhancement",
      "url": "https://scholar.google.com/citations?view_op=view_citation&hl=en&user=01iBf38AAAAJ&citation_for_view=01iBf38AAAAJ:5ugPr518TE4C",
      "authors": "C Tang, C Luo, Z Zhao, W Xie, W Zeng",
      "venue": "Proceedings of the twenty-ninth international conference on international …, 2021",
      "year": 2021,
      "citations": 94
    },
    {
      "title": "Phasen: A phase-and-harmonics-aware speech enhancement network",
      "url": "https://scholar.google.com/citations?view_op=view_citation&hl=en&user=01iBf38AAAAJ&citation_for_view=01iBf38AAAAJ:mvPsJ3kp5DgC",
      "authors": "D Yin, C Luo, Z Xiong, W Zeng",
      "venue": "Proceedings of the AAAI conference on artificial intelligence 34 (05), 9458-9465, 2020",
      "year": 2020,
      "citations": 426
    },
    {
      "title": "Tracking by instance detection: A meta-learning approach",
      "url": "https://scholar.google.com/citations?view_op=view_citation&hl=en&user=01iBf38AAAAJ&citation_for_view=01iBf38AAAAJ:V3AGJWp-ZtQC",
      "authors": "G Wang, C Luo, X Sun, Z Xiong, W Zeng",
      "venue": "Proceedings of the IEEE/CVF conference on computer vision and pattern …, 2020",
      "year": 2020,
      "citations": 245
    },
    {
      "title": "The seventh visual object tracking vot2019 challenge results",
      "url": "https://scholar.google.com/citations?view_op=view_citation&hl=en&user=01iBf38AAAAJ&citation_for_view=01iBf38AAAAJ:35r97b3x0nAC",
      "authors": "M Kristan, J Matas, A Leonardis, M Felsberg, R Pflugfelder, ...",
      "venue": "Proceedings of the IEEE/CVF international conference on computer vision …, 2019",
      "year": 2019,
      "citations": 652
    },
    {
      "title": "Spm-tracker: Series-parallel matching for real-time visual object tracking",
      "url": "https://scholar.google.com/citations?view_op=view_citation&hl=en&user=01iBf38AAAAJ&citation_for_view=01iBf38AAAAJ:D_sINldO8mEC",
      "authors": "G Wang, C Luo, Z Xiong, W Zeng",
      "venue": "Proceedings of the IEEE/CVF conference on computer vision and pattern …, 2019",
      "year": 2019,
      "citations": 299
    },
    {
      "title": "The sixth visual object tracking vot2018 challenge results",
      "url": "https://scholar.google.com/citations?view_op=view_citation&hl=en&user=01iBf38AAAAJ&citation_for_view=01iBf38AAAAJ:vRqMK49ujn8C",
      "authors": "M Kristan, A Leonardis, J Matas, M Felsberg, R Pflugfelder, ...",
      "venue": "Proceedings of the European conference on computer vision (ECCV) workshops, 0-0, 2018",
      "year": 2018,
      "citations": 1067
    },
    {
      "title": "A twofold siamese network for real-time object tracking",
      "url": "https://scholar.google.com/citations?view_op=view_citation&hl=en&user=01iBf38AAAAJ&citation_for_view=01iBf38AAAAJ:OU6Ihb5iCvQC",
      "authors": "A He, C Luo, X Tian, W Zeng",
      "venue": "Proceedings of the IEEE conference on computer vision and pattern …, 2018",
      "year": 2018,
      "citations": 853
    },
    {
      "title": "Multimedia cloud computing",
      "url": "https://scholar.google.com/citations?view_op=view_citation&hl=en&user=01iBf38AAAAJ&citation_for_view=01iBf38AAAAJ:u-x6o8ySG0sC",
      "authors": "W Zhu, C Luo, J Wang, S Li",
      "venue": "IEEE Signal Processing Magazine 28 (3), 59-69, 2011",
      "year": 2011,
      "citations": 606
    },
    {
      "title": "Efficient measurement generation and pervasive sparsity for compressive data gathering",
      "url": "https://scholar.google.com/citations?view_op=view_citation&hl=en&user=01iBf38AAAAJ&citation_for_view=01iBf38AAAAJ:d1gkVwhDpl0C",
      "authors": "C Luo, F Wu, J Sun, CW Chen",
      "venue": "IEEE Transactions on Wireless Communications 9 (12), 3728-3738, 2010",
      "year": 2010,
      "citations": 286
    },
    {
      "title": "Peer-to-peer aided live video sharing system",
      "url": "https://scholar.google.com/citations?view_op=view_citation&hl=en&user=01iBf38AAAAJ&citation_for_view=01iBf38AAAAJ:UebtZRa9Y70C",
      "authors": "Y Hu, C Luo, J Tang, JG Lou, H Cai, J Li",
      "venue": "US Patent 7,733,808, 2010",
      "year": 2010,
      "citations": 98
    },
    {
      "title": "Compressive data gathering for large-scale wireless sensor networks",
      "url": "https://scholar.google.com/citations?view_op=view_citation&hl=en&user=01iBf38AAAAJ&citation_for_view=01iBf38AAAAJ:HDshCWvjkbEC",
      "authors": "C Luo, F Wu, J Sun, CW Chen",
      "venue": "Proceedings of the 15th annual international conference on Mobile computing …, 2009",
      "year": 2009,
      "citations": 780
    }
  ],
  "co_authors": [
    {
      "name": "Feng Wu 吴枫",
      "scholar_id": "5bInRDEAAAAJ",
      "url": "https://scholar.google.com/citations?user=5bInRDEAAAAJ"
    },
    {
      "name": "Wenjun (Kevin) Zeng, Ph.D., IEEE Fell...",
      "scholar_id": "_cUfvYQAAAAJ",
      "url": "https://scholar.google.com/citations?user=_cUfvYQAAAAJ"
    },
    {
      "name": "Chang Wen Chen",
      "scholar_id": "w2HXPUUAAAAJ",
      "url": "https://scholar.google.com/citations?user=w2HXPUUAAAAJ"
    },
    {
      "name": "Zhiwei Xiong",
      "scholar_id": "Snl0HPEAAAAJ",
      "url": "https://scholar.google.com/citations?user=Snl0HPEAAAAJ"
    },
    {
      "name": "Guangting Wang",
      "scholar_id": "cKY8e8sAAAAJ",
      "url": "https://scholar.google.com/citations?user=cKY8e8sAAAAJ"
    },
    {
      "name": "Dongdong Chen",
      "scholar_id": "sYKpKqEAAAAJ",
      "url": "https://scholar.google.com/citations?user=sYKpKqEAAAAJ"
    },
    {
      "name": "Yucheng Zhao",
      "scholar_id": "QWemjjQAAAAJ",
      "url": "https://scholar.google.com/citations?user=QWemjjQAAAAJ"
    },
    {
      "name": "Dacheng Yin",
      "scholar_id": "bvSAvkcAAAAJ",
      "url": "https://scholar.google.com/citations?user=bvSAvkcAAAAJ"
    },
    {
      "name": "Shipeng Li, Ph.D., IEEE Fellow, IEAS...",
      "scholar_id": "2sQYtYwAAAAJ",
      "url": "https://scholar.google.com/citations?user=2sQYtYwAAAAJ"
    },
    {
      "name": "Xiaoyan Sun",
      "scholar_id": "VRG3dw4AAAAJ",
      "url": "https://scholar.google.com/citations?user=VRG3dw4AAAAJ"
    },
    {
      "name": "查正军，Zheng-Jun Zha",
      "scholar_id": "gDnBC1gAAAAJ",
      "url": "https://scholar.google.com/citations?user=gDnBC1gAAAAJ"
    },
    {
      "name": "Ruiqin Xiong",
      "scholar_id": "46Rur-YAAAAJ",
      "url": "https://scholar.google.com/citations?user=46Rur-YAAAAJ"
    },
    {
      "name": "Wenwu Zhu",
      "scholar_id": "7t2jzpgAAAAJ",
      "url": "https://scholar.google.com/citations?user=7t2jzpgAAAAJ"
    },
    {
      "name": "Wei Pu",
      "scholar_id": "OZDVlq0AAAAJ",
      "url": "https://scholar.google.com/citations?user=OZDVlq0AAAAJ"
    },
    {
      "name": "Xinmei Tian",
      "scholar_id": "-tels3wAAAAJ",
      "url": "https://scholar.google.com/citations?user=-tels3wAAAAJ"
    },
    {
      "name": "Anfeng He",
      "scholar_id": "g2c96MQAAAAJ",
      "url": "https://scholar.google.com/citations?user=g2c96MQAAAAJ"
    },
    {
      "name": "Cuiling Lan (兰翠玲)",
      "scholar_id": "XZugqiwAAAAJ",
      "url": "https://scholar.google.com/citations?user=XZugqiwAAAAJ"
    },
    {
      "name": "Xiaopeng Fan",
      "scholar_id": "4LsZhDgAAAAJ",
      "url": "https://scholar.google.com/citations?user=4LsZhDgAAAAJ"
    },
    {
      "name": "Wenjun Hu",
      "scholar_id": "SvnnEI8AAAAJ",
      "url": "https://scholar.google.com/citations?user=SvnnEI8AAAAJ"
    },
    {
      "name": "Kun Tan",
      "scholar_id": "pizBYKkAAAAJ",
      "url": "https://scholar.google.com/citations?user=pizBYKkAAAAJ"
    }
  ]
}