{
  "author_info": {
    "name": "Xinmei Tian",
    "affiliation": "University of Science and Technology of China",
    "email_verified": "Verified email at ustc.edu.cn",
    "interests": [
      "Multimedia Information Retrieval"
    ],
    "photo_url": "/citations/images/avatar_scholar_128.png"
  },
  "citation_stats": {
    "citations_all": 11542,
    "citations_since_2020": 10010,
    "h_index_all": 45,
    "h_index_since_2020": 39,
    "i10_index_all": 106,
    "i10_index_since_2020": 81,
    "citation_graph": [
      {
        "year": 2010,
        "citations": 41
      },
      {
        "year": 2011,
        "citations": 51
      },
      {
        "year": 2012,
        "citations": 96
      },
      {
        "year": 2013,
        "citations": 112
      },
      {
        "year": 2014,
        "citations": 110
      },
      {
        "year": 2015,
        "citations": 110
      },
      {
        "year": 2016,
        "citations": 123
      },
      {
        "year": 2017,
        "citations": 133
      },
      {
        "year": 2018,
        "citations": 181
      },
      {
        "year": 2019,
        "citations": 513
      },
      {
        "year": 2020,
        "citations": 934
      },
      {
        "year": 2021,
        "citations": 1382
      },
      {
        "year": 2022,
        "citations": 1636
      },
      {
        "year": 2023,
        "citations": 1916
      },
      {
        "year": 2024,
        "citations": 2185
      },
      {
        "year": 2025,
        "citations": 1945
      }
    ]
  },
  "papers": [
    {
      "title": "Fedfed: Feature distillation against data heterogeneity in federated learning",
      "url": "https://scholar.google.com/citations?view_op=view_citation&hl=en&user=-tels3wAAAAJ&citation_for_view=-tels3wAAAAJ:DUooU5lO8OsC",
      "authors": "Z Yang, Y Zhang, Y Zheng, X Tian, H Peng, T Liu, B Han",
      "venue": "Advances in neural information processing systems 36, 60397-60428, 2023",
      "year": 2023,
      "citations": 150
    },
    {
      "title": "Prompt distribution learning",
      "url": "https://scholar.google.com/citations?view_op=view_citation&hl=en&user=-tels3wAAAAJ&citation_for_view=-tels3wAAAAJ:PVjk1bu6vJQC",
      "authors": "Y Lu, J Liu, Y Zhang, Y Liu, X Tian",
      "venue": "Proceedings of the IEEE/CVF conference on computer vision and pattern …, 2022",
      "year": 2022,
      "citations": 437
    },
    {
      "title": "Dispfl: Towards communication-efficient personalized federated learning via decentralized sparse training",
      "url": "https://scholar.google.com/citations?view_op=view_citation&hl=en&user=-tels3wAAAAJ&citation_for_view=-tels3wAAAAJ:rmuvC79q63oC",
      "authors": "R Dai, L Shen, F He, X Tian, D Tao",
      "venue": "arXiv preprint arXiv:2206.00187, 2022",
      "year": 2022,
      "citations": 200
    },
    {
      "title": "3d local convolutional neural networks for gait recognition",
      "url": "https://scholar.google.com/citations?view_op=view_citation&hl=en&user=-tels3wAAAAJ&citation_for_view=-tels3wAAAAJ:PoWvk5oyLR8C",
      "authors": "Z Huang, D Xue, X Shen, X Tian, H Li, J Huang, XS Hua",
      "venue": "Proceedings of the IEEE/CVF International Conference on Computer Vision …, 2021",
      "year": 2021,
      "citations": 175
    },
    {
      "title": "The seventh visual object tracking vot2019 challenge results",
      "url": "https://scholar.google.com/citations?view_op=view_citation&hl=en&user=-tels3wAAAAJ&citation_for_view=-tels3wAAAAJ:e_rmSamDkqQC",
      "authors": "M Kristan, J Matas, A Leonardis, M Felsberg, R Pflugfelder, ...",
      "venue": "Proceedings of the IEEE/CVF international conference on computer vision …, 2019",
      "year": 2019,
      "citations": 652
    },
    {
      "title": "A multi-organ nucleus segmentation challenge",
      "url": "https://scholar.google.com/citations?view_op=view_citation&hl=en&user=-tels3wAAAAJ&citation_for_view=-tels3wAAAAJ:gVv57TyPmFsC",
      "authors": "N Kumar, R Verma, D Anand, Y Zhou, OF Onder, E Tsougenis, H Chen, ...",
      "venue": "IEEE transactions on medical imaging 39 (5), 1380-1391, 2019",
      "year": 2019,
      "citations": 598
    },
    {
      "title": "Quantization networks",
      "url": "https://scholar.google.com/citations?view_op=view_citation&hl=en&user=-tels3wAAAAJ&citation_for_view=-tels3wAAAAJ:L7CI7m0gUJcC",
      "authors": "J Yang, X Shen, J Xing, X Tian, H Li, B Deng, J Huang, X Hua",
      "venue": "Proceedings of the IEEE/CVF conference on computer vision and pattern …, 2019",
      "year": 2019,
      "citations": 559
    },
    {
      "title": "Gaussian temporal awareness networks for action localization",
      "url": "https://scholar.google.com/citations?view_op=view_citation&hl=en&user=-tels3wAAAAJ&citation_for_view=-tels3wAAAAJ:hMsQuOkrut0C",
      "authors": "F Long, T Yao, Z Qiu, X Tian, J Luo, T Mei",
      "venue": "Proceedings of the IEEE/CVF conference on computer vision and pattern …, 2019",
      "year": 2019,
      "citations": 461
    },
    {
      "title": "Exploring object relation in mean teacher for cross-domain detection",
      "url": "https://scholar.google.com/citations?view_op=view_citation&hl=en&user=-tels3wAAAAJ&citation_for_view=-tels3wAAAAJ:BwyfMAYsbu0C",
      "authors": "Q Cai, Y Pan, CW Ngo, X Tian, L Duan, T Yao",
      "venue": "Proceedings of the IEEE/CVF conference on computer vision and pattern …, 2019",
      "year": 2019,
      "citations": 408
    },
    {
      "title": "Learning spatio-temporal representation with local and global diffusion",
      "url": "https://scholar.google.com/citations?view_op=view_citation&hl=en&user=-tels3wAAAAJ&citation_for_view=-tels3wAAAAJ:EYYDruWGBe4C",
      "authors": "Z Qiu, T Yao, CW Ngo, X Tian, T Mei",
      "venue": "Proceedings of the IEEE/CVF conference on computer vision and pattern …, 2019",
      "year": 2019,
      "citations": 241
    },
    {
      "title": "Graph edge convolutional neural networks for skeleton-based action recognition",
      "url": "https://scholar.google.com/citations?view_op=view_citation&hl=en&user=-tels3wAAAAJ&citation_for_view=-tels3wAAAAJ:p__nRnzSRKYC",
      "authors": "X Zhang, C Xu, X Tian, D Tao",
      "venue": "IEEE transactions on neural networks and learning systems 31 (8), 3047-3060, 2019",
      "year": 2019,
      "citations": 235
    },
    {
      "title": "Camera lens super-resolution",
      "url": "https://scholar.google.com/citations?view_op=view_citation&hl=en&user=-tels3wAAAAJ&citation_for_view=-tels3wAAAAJ:vbGhcppDl1QC",
      "authors": "C Chen, Z Xiong, X Tian, ZJ Zha, F Wu",
      "venue": "Proceedings of the IEEE/CVF Conference on Computer Vision and Pattern …, 2019",
      "year": 2019,
      "citations": 206
    },
    {
      "title": "The sixth visual object tracking vot2018 challenge results",
      "url": "https://scholar.google.com/citations?view_op=view_citation&hl=en&user=-tels3wAAAAJ&citation_for_view=-tels3wAAAAJ:Z5m8FVwuT1cC",
      "authors": "M Kristan, A Leonardis, J Matas, M Felsberg, R Pflugfelder, ...",
      "venue": "Proceedings of the European conference on computer vision (ECCV) workshops, 0-0, 2018",
      "year": 2018,
      "citations": 1067
    },
    {
      "title": "Deep domain generalization via conditional invariant adversarial networks",
      "url": "https://scholar.google.com/citations?view_op=view_citation&hl=en&user=-tels3wAAAAJ&citation_for_view=-tels3wAAAAJ:EkHepimYqZsC",
      "authors": "Y Li, X Tian, M Gong, Y Liu, T Liu, K Zhang, D Tao",
      "venue": "Proceedings of the European conference on computer vision (ECCV), 624-639, 2018",
      "year": 2018,
      "citations": 956
    },
    {
      "title": "A twofold siamese network for real-time object tracking",
      "url": "https://scholar.google.com/citations?view_op=view_citation&hl=en&user=-tels3wAAAAJ&citation_for_view=-tels3wAAAAJ:XD-gHx7UXLsC",
      "authors": "A He, C Luo, X Tian, W Zeng",
      "venue": "Proceedings of the IEEE conference on computer vision and pattern …, 2018",
      "year": 2018,
      "citations": 853
    },
    {
      "title": "Domain generalization via conditional invariant representations",
      "url": "https://scholar.google.com/citations?view_op=view_citation&hl=en&user=-tels3wAAAAJ&citation_for_view=-tels3wAAAAJ:0KyAp5RtaNEC",
      "authors": "Y Li, M Gong, X Tian, T Liu, D Tao",
      "venue": "Proceedings of the AAAI conference on artificial intelligence 32 (1), 2018",
      "year": 2018,
      "citations": 302
    },
    {
      "title": "Deep boosting for image denoising",
      "url": "https://scholar.google.com/citations?view_op=view_citation&hl=en&user=-tels3wAAAAJ&citation_for_view=-tels3wAAAAJ:ipzZ9siozwsC",
      "authors": "C Chen, Z Xiong, X Tian, F Wu",
      "venue": "Proceedings of the European conference on computer vision (ECCV), 3-18, 2018",
      "year": 2018,
      "citations": 129
    },
    {
      "title": "Sparse transfer learning for interactive video search reranking",
      "url": "https://scholar.google.com/citations?view_op=view_citation&hl=en&user=-tels3wAAAAJ&citation_for_view=-tels3wAAAAJ:u-x6o8ySG0sC",
      "authors": "X Tian, D Tao, Y Rui",
      "venue": "ACM Transactions on Multimedia Computing, Communications, and Applications …, 2012",
      "year": 2012,
      "citations": 134
    },
    {
      "title": "Active reranking for web image search",
      "url": "https://scholar.google.com/citations?view_op=view_citation&hl=en&user=-tels3wAAAAJ&citation_for_view=-tels3wAAAAJ:d1gkVwhDpl0C",
      "authors": "X Tian, D Tao, XS Hua, X Wu",
      "venue": "IEEE Transactions on Image Processing 19 (3), 805-820, 2009",
      "year": 2009,
      "citations": 139
    },
    {
      "title": "Bayesian video search reranking",
      "url": "https://scholar.google.com/citations?view_op=view_citation&hl=en&user=-tels3wAAAAJ&citation_for_view=-tels3wAAAAJ:u5HHmVD_uO8C",
      "authors": "X Tian, L Yang, J Wang, Y Yang, X Wu, XS Hua",
      "venue": "Proceedings of the 16th ACM international conference on Multimedia, 131-140, 2008",
      "year": 2008,
      "citations": 180
    }
  ],
  "co_authors": [
    {
      "name": "Dacheng Tao",
      "scholar_id": "RwlJNLcAAAAJ",
      "url": "https://scholar.google.com/citations?user=RwlJNLcAAAAJ"
    },
    {
      "name": "Tao Mei",
      "scholar_id": "7Yq4wf4AAAAJ",
      "url": "https://scholar.google.com/citations?user=7Yq4wf4AAAAJ"
    },
    {
      "name": "Xu Shen",
      "scholar_id": "38jwGs8AAAAJ",
      "url": "https://scholar.google.com/citations?user=38jwGs8AAAAJ"
    },
    {
      "name": "Houqiang Li",
      "scholar_id": "7sFMIKoAAAAJ",
      "url": "https://scholar.google.com/citations?user=7sFMIKoAAAAJ"
    },
    {
      "name": "Xian-Sheng Hua (华先胜)(IEEE Fellow)",
      "scholar_id": "6G-l4o0AAAAJ",
      "url": "https://scholar.google.com/citations?user=6G-l4o0AAAAJ"
    },
    {
      "name": "Linjun Yang",
      "scholar_id": "cvgKxDQAAAAJ",
      "url": "https://scholar.google.com/citations?user=cvgKxDQAAAAJ"
    },
    {
      "name": "Jingdong Wang (王井东), Fellow of CA...",
      "scholar_id": "z5SPCmgAAAAJ",
      "url": "https://scholar.google.com/citations?user=z5SPCmgAAAAJ"
    },
    {
      "name": "Feng Wu 吴枫",
      "scholar_id": "5bInRDEAAAAJ",
      "url": "https://scholar.google.com/citations?user=5bInRDEAAAAJ"
    },
    {
      "name": "Yong Rui, Fellow of ACM, IEEE, AAAS,...",
      "scholar_id": "rCGsLtcAAAAJ",
      "url": "https://scholar.google.com/citations?user=rCGsLtcAAAAJ"
    }
  ]
}