{
  "author_info": {
    "name": "Runmin Cong (丛润民)",
    "affiliation": "Professor, Shandong University",
    "email_verified": "Verified email at sdu.edu.cn - Homepage",
    "website": "https://rmcong.github.io/",
    "interests": [
      "Pattern Recognition",
      "Machine Learning",
      "Computer Vision",
      "Saliency"
    ],
    "photo_url": "https://scholar.googleusercontent.com/citations?view_op=view_photo&user=-VrKJ0EAAAAJ&citpid=52"
  },
  "citation_stats": {
    "citations_all": 15756,
    "citations_since_2020": 15349,
    "h_index_all": 52,
    "h_index_since_2020": 52,
    "i10_index_all": 90,
    "i10_index_since_2020": 90,
    "citation_graph": [
      {
        "year": 2018,
        "citations": 105
      },
      {
        "year": 2019,
        "citations": 243
      },
      {
        "year": 2020,
        "citations": 623
      },
      {
        "year": 2021,
        "citations": 1232
      },
      {
        "year": 2022,
        "citations": 2127
      },
      {
        "year": 2023,
        "citations": 3022
      },
      {
        "year": 2024,
        "citations": 3838
      },
      {
        "year": 2025,
        "citations": 4449
      }
    ]
  },
  "papers": [
    {
      "title": "Pugan: Physical model-guided underwater image enhancement using gan with dual-discriminators",
      "url": "https://scholar.google.com/citations?view_op=view_citation&hl=en&user=-VrKJ0EAAAAJ&citation_for_view=-VrKJ0EAAAAJ:cFHS6HbyZ2cC",
      "authors": "R Cong, W Yang, W Zhang, C Li, CL Guo, Q Huang, S Kwong",
      "venue": "IEEE Transactions on Image Processing 32, 4472-4485, 2023",
      "year": 2023,
      "citations": 238
    },
    {
      "title": "Image dehazing transformer with transmission-aware 3d position embedding",
      "url": "https://scholar.google.com/citations?view_op=view_citation&hl=en&user=-VrKJ0EAAAAJ&citation_for_view=-VrKJ0EAAAAJ:blknAaTinKkC",
      "authors": "CL Guo, Q Yan, S Anwar, R Cong, W Ren, C Li",
      "venue": "Proceedings of the IEEE/CVF conference on computer vision and pattern …, 2022",
      "year": 2022,
      "citations": 570
    },
    {
      "title": "Underwater image enhancement quality evaluation: Benchmark dataset and objective metric",
      "url": "https://scholar.google.com/citations?view_op=view_citation&hl=en&user=-VrKJ0EAAAAJ&citation_for_view=-VrKJ0EAAAAJ:hMod-77fHWUC",
      "authors": "Q Jiang, Y Gu, C Li, R Cong, F Shao",
      "venue": "IEEE Transactions on Circuits and Systems for Video Technology 32 (9), 5959-5974, 2022",
      "year": 2022,
      "citations": 251
    },
    {
      "title": "CIR-Net: Cross-modality interaction and refinement for RGB-D salient object detection",
      "url": "https://scholar.google.com/citations?view_op=view_citation&hl=en&user=-VrKJ0EAAAAJ&citation_for_view=-VrKJ0EAAAAJ:lSLTfruPkqcC",
      "authors": "R Cong, Q Lin, C Zhang, C Li, X Cao, Q Huang, Y Zhao",
      "venue": "IEEE Transactions on Image Processing 31, 6800-6815, 2022",
      "year": 2022,
      "citations": 201
    },
    {
      "title": "Edge-guided recurrent positioning network for salient object detection in optical remote sensing images",
      "url": "https://scholar.google.com/citations?view_op=view_citation&hl=en&user=-VrKJ0EAAAAJ&citation_for_view=-VrKJ0EAAAAJ:NMxIlDl6LWMC",
      "authors": "X Zhou, K Shen, L Weng, R Cong, B Zheng, J Zhang, C Yan",
      "venue": "IEEE Transactions on Cybernetics 53 (1), 539-552, 2022",
      "year": 2022,
      "citations": 181
    },
    {
      "title": "Underwater image enhancement via medium transmission-guided multi-color space embedding",
      "url": "https://scholar.google.com/citations?view_op=view_citation&hl=en&user=-VrKJ0EAAAAJ&citation_for_view=-VrKJ0EAAAAJ:R3hNpaxXUhUC",
      "authors": "C Li, S Anwar, J Hou, R Cong, C Guo, W Ren",
      "venue": "IEEE Transactions on Image Processing 30, 4985-5000, 2021",
      "year": 2021,
      "citations": 912
    },
    {
      "title": "Zero-reference deep curve estimation for low-light image enhancement",
      "url": "https://scholar.google.com/citations?view_op=view_citation&hl=en&user=-VrKJ0EAAAAJ&citation_for_view=-VrKJ0EAAAAJ:4TOpqqG69KYC",
      "authors": "C Guo, C Li, J Guo, CC Loy, J Hou, S Kwong, R Cong",
      "venue": "Proceedings of the IEEE/CVF conference on computer vision and pattern …, 2020",
      "year": 2020,
      "citations": 2579
    },
    {
      "title": "Global context-aware progressive aggregation network for salient object detection",
      "url": "https://scholar.google.com/citations?view_op=view_citation&hl=en&user=-VrKJ0EAAAAJ&citation_for_view=-VrKJ0EAAAAJ:qxL8FJ1GzNcC",
      "authors": "Z Chen, Q Xu, R Cong, Q Huang",
      "venue": "Proceedings of the AAAI conference on artificial intelligence 34 (07), 10599 …, 2020",
      "year": 2020,
      "citations": 564
    },
    {
      "title": "Dense attention fluid network for salient object detection in optical remote sensing images",
      "url": "https://scholar.google.com/citations?view_op=view_citation&hl=en&user=-VrKJ0EAAAAJ&citation_for_view=-VrKJ0EAAAAJ:IWHjjKOFINEC",
      "authors": "Q Zhang, R Cong, C Li, MM Cheng, Y Fang, X Cao, Y Zhao, S Kwong",
      "venue": "IEEE Transactions on Image Processing 30, 1305-1317, 2020",
      "year": 2020,
      "citations": 314
    },
    {
      "title": "ASIF-Net: Attention steered interweave fusion network for RGB-D salient object detection",
      "url": "https://scholar.google.com/citations?view_op=view_citation&hl=en&user=-VrKJ0EAAAAJ&citation_for_view=-VrKJ0EAAAAJ:M3ejUd6NZC8C",
      "authors": "C Li, R Cong, S Kwong, J Hou, H Fu, G Zhu, D Zhang, Q Huang",
      "venue": "IEEE transactions on cybernetics 51 (1), 88-100, 2020",
      "year": 2020,
      "citations": 255
    },
    {
      "title": "DPANet: Depth potentiality-aware gated attention network for RGB-D salient object detection",
      "url": "https://scholar.google.com/citations?view_op=view_citation&hl=en&user=-VrKJ0EAAAAJ&citation_for_view=-VrKJ0EAAAAJ:L8Ckcad2t8MC",
      "authors": "Z Chen, R Cong, Q Xu, Q Huang",
      "venue": "IEEE Transactions on Image Processing 30, 7012-7024, 2020",
      "year": 2020,
      "citations": 249
    },
    {
      "title": "Perceptual hashing for image authentication: A survey",
      "url": "https://scholar.google.com/citations?view_op=view_citation&hl=en&user=-VrKJ0EAAAAJ&citation_for_view=-VrKJ0EAAAAJ:_kc_bZDykSQC",
      "authors": "L Du, ATS Ho, R Cong",
      "venue": "Signal Processing: Image Communication 81, 115713, 2020",
      "year": 2020,
      "citations": 181
    },
    {
      "title": "An underwater image enhancement benchmark dataset and beyond",
      "url": "https://scholar.google.com/citations?view_op=view_citation&hl=en&user=-VrKJ0EAAAAJ&citation_for_view=-VrKJ0EAAAAJ:0EnyYjriUFMC",
      "authors": "C Li, C Guo, W Ren, R Cong, J Hou, S Kwong, D Tao",
      "venue": "IEEE transactions on image processing 29, 4376-4389, 2019",
      "year": 2019,
      "citations": 2196
    },
    {
      "title": "Review of visual saliency detection with comprehensive information",
      "url": "https://scholar.google.com/citations?view_op=view_citation&hl=en&user=-VrKJ0EAAAAJ&citation_for_view=-VrKJ0EAAAAJ:W7OEmFMy1HYC",
      "authors": "R Cong, J Lei, H Fu, MM Cheng, W Lin, Q Huang",
      "venue": "IEEE Transactions on Circuits and Systems for Video Technology 29 (10), 2941 …, 2019",
      "year": 2019,
      "citations": 465
    },
    {
      "title": "Nested network with two-stream pyramid for salient object detection in optical remote sensing images",
      "url": "https://scholar.google.com/citations?view_op=view_citation&hl=en&user=-VrKJ0EAAAAJ&citation_for_view=-VrKJ0EAAAAJ:YOwf2qJgpHMC",
      "authors": "C Li, R Cong, J Hou, S Zhang, Y Qian, S Kwong",
      "venue": "IEEE Transactions on Geoscience and Remote Sensing 57 (11), 9156-9166, 2019",
      "year": 2019,
      "citations": 311
    },
    {
      "title": "Hierarchical features driven residual learning for depth map super-resolution",
      "url": "https://scholar.google.com/citations?view_op=view_citation&hl=en&user=-VrKJ0EAAAAJ&citation_for_view=-VrKJ0EAAAAJ:hqOjcs7Dif8C",
      "authors": "C Guo, C Li, J Guo, R Cong, H Fu, P Han",
      "venue": "IEEE Transactions on Image Processing 28 (5), 2545-2557, 2019",
      "year": 2019,
      "citations": 212
    },
    {
      "title": "PDR-Net: perception-inspired single image dehazing network with refinement",
      "url": "https://scholar.google.com/citations?view_op=view_citation&hl=en&user=-VrKJ0EAAAAJ&citation_for_view=-VrKJ0EAAAAJ:KlAtU1dfN6UC",
      "authors": "C Li, C Guo, J Guo, P Han, H Fu, R Cong",
      "venue": "IEEE Transactions on Multimedia, 2019",
      "year": 2019,
      "citations": 189
    },
    {
      "title": "A hybrid method for underwater image correction",
      "url": "https://scholar.google.com/citations?view_op=view_citation&hl=en&user=-VrKJ0EAAAAJ&citation_for_view=-VrKJ0EAAAAJ:IjCSPb-OGe4C",
      "authors": "C Li, J Guo, C Guo, R Cong, J Gong",
      "venue": "Pattern Recognition Letters 94, 62-67, 2017",
      "year": 2017,
      "citations": 237
    },
    {
      "title": "Underwater image enhancement by dehazing with minimum information loss and histogram distribution prior",
      "url": "https://scholar.google.com/citations?view_op=view_citation&hl=en&user=-VrKJ0EAAAAJ&citation_for_view=-VrKJ0EAAAAJ:UeHWp8X0CEIC",
      "authors": "CY Li, JC Guo, RM Cong, YW Pang, B Wang",
      "venue": "IEEE Transactions on Image Processing 25 (12), 5664-5677, 2016",
      "year": 2016,
      "citations": 926
    },
    {
      "title": "Saliency detection for stereoscopic images based on depth confidence analysis and multiple cues fusion",
      "url": "https://scholar.google.com/citations?view_op=view_citation&hl=en&user=-VrKJ0EAAAAJ&citation_for_view=-VrKJ0EAAAAJ:2osOgNQ5qMEC",
      "authors": "R Cong, J Lei, C Zhang, Q Huang, X Cao, C Hou",
      "venue": "IEEE Signal Processing Letters 23 (6), 819-823, 2016",
      "year": 2016,
      "citations": 259
    }
  ],
  "co_authors": [
    {
      "name": "Sam Kwong",
      "scholar_id": "_PVI6EAAAAAJ",
      "url": "https://scholar.google.com/citations?user=_PVI6EAAAAAJ"
    },
    {
      "name": "Yao Zhao， 赵耀",
      "scholar_id": "474TbQYAAAAJ",
      "url": "https://scholar.google.com/citations?user=474TbQYAAAAJ"
    },
    {
      "name": "Qingming Huang",
      "scholar_id": "J1vMnRgAAAAJ",
      "url": "https://scholar.google.com/citations?user=J1vMnRgAAAAJ"
    },
    {
      "name": "Jianjun Lei",
      "scholar_id": "z_qd4pwAAAAJ",
      "url": "https://scholar.google.com/citations?user=z_qd4pwAAAAJ"
    },
    {
      "name": "Feng Li",
      "scholar_id": "mYfWM6oAAAAJ",
      "url": "https://scholar.google.com/citations?user=mYfWM6oAAAAJ"
    },
    {
      "name": "Xiaochun Cao",
      "scholar_id": "PDgp6OkAAAAJ",
      "url": "https://scholar.google.com/citations?user=PDgp6OkAAAAJ"
    },
    {
      "name": "Wei Zhang",
      "scholar_id": "qCWuPHsAAAAJ",
      "url": "https://scholar.google.com/citations?user=qCWuPHsAAAAJ"
    },
    {
      "name": "Chen Zhang",
      "scholar_id": "1QgIaYkAAAAJ",
      "url": "https://scholar.google.com/citations?user=1QgIaYkAAAAJ"
    },
    {
      "name": "Weisi Lin",
      "scholar_id": "D_S41X4AAAAJ",
      "url": "https://scholar.google.com/citations?user=D_S41X4AAAAJ"
    },
    {
      "name": "Hua Li",
      "scholar_id": "0O2iY34AAAAJ",
      "url": "https://scholar.google.com/citations?user=0O2iY34AAAAJ"
    },
    {
      "name": "Xiaofei Zhou (周晓飞)",
      "scholar_id": "2PUAFW8AAAAJ",
      "url": "https://scholar.google.com/citations?user=2PUAFW8AAAAJ"
    },
    {
      "name": "Jinpeng Chen",
      "scholar_id": "HdnFJ5kAAAAJ",
      "url": "https://scholar.google.com/citations?user=HdnFJ5kAAAAJ"
    },
    {
      "name": "Hongyu Liu",
      "scholar_id": "KcbGTNUAAAAJ",
      "url": "https://scholar.google.com/citations?user=KcbGTNUAAAAJ"
    }
  ]
}