{
  "author_info": {
    "name": "Ho Kei Cheng",
    "affiliation": "University of Illinois Urbana-Champaign",
    "email_verified": "Verified email at illinois.edu - Homepage",
    "website": "https://hkchengrex.github.io/",
    "interests": [
      "Computer Vision",
      "Generative Models"
    ],
    "photo_url": "https://scholar.googleusercontent.com/citations?view_op=view_photo&user=-ONsrGAAAAAJ&citpid=9"
  },
  "citation_stats": {
    "citations_all": 2298,
    "citations_since_2020": 2297,
    "h_index_all": 7,
    "h_index_since_2020": 7,
    "i10_index_all": 7,
    "i10_index_since_2020": 7,
    "citation_graph": [
      {
        "year": 2021,
        "citations": 37
      },
      {
        "year": 2022,
        "citations": 193
      },
      {
        "year": 2023,
        "citations": 413
      },
      {
        "year": 2024,
        "citations": 728
      },
      {
        "year": 2025,
        "citations": 913
      }
    ]
  },
  "papers": [
    {
      "title": "MMAudio: Taming Multimodal Joint Training for High-Quality Video-to-Audio Synthesis",
      "url": "https://scholar.google.com/citations?view_op=view_citation&hl=en&user=-ONsrGAAAAAJ&citation_for_view=-ONsrGAAAAAJ:ULOm3_A8WrAC",
      "authors": "HK Cheng, M Ishii, A Hayakawa, T Shibuya, A Schwing, Y Mitsufuji",
      "venue": "Conference on Computer Vision and Pattern Recognition (CVPR), 2025, 2025",
      "year": 2025,
      "citations": 65
    },
    {
      "title": "The Curse of Conditions: Analyzing and Improving Optimal Transport for Conditional Flow-Based Generation",
      "url": "https://scholar.google.com/citations?view_op=view_citation&hl=en&user=-ONsrGAAAAAJ&citation_for_view=-ONsrGAAAAAJ:Zph67rFs4hoC",
      "authors": "HK Cheng, A Schwing",
      "venue": "International Conference on Computer Vision (ICCV), 2025, 2025",
      "year": 2025,
      "citations": 3
    },
    {
      "title": "GENERALIZED MASK PROPAGATION FOR VIDEO SEGMENTATION",
      "url": "https://scholar.google.com/citations?view_op=view_citation&hl=en&user=-ONsrGAAAAAJ&citation_for_view=-ONsrGAAAAAJ:KlAtU1dfN6UC",
      "authors": "J Lee, SW OH, HK Cheng, B Price",
      "venue": "US Patent App. 18/356,892, 2025",
      "year": 2025,
      "citations": 0
    },
    {
      "title": "Putting the Object Back into Video Object Segmentation",
      "url": "https://scholar.google.com/citations?view_op=view_citation&hl=en&user=-ONsrGAAAAAJ&citation_for_view=-ONsrGAAAAAJ:MXK_kJrjxJIC",
      "authors": "HK Cheng, SW Oh, B Price, JY Lee, A Schwing",
      "venue": "Conference on Computer Vision and Pattern Recognition (CVPR), 2024, 2024",
      "year": 2024,
      "citations": 198
    },
    {
      "title": "PANOPTIC MASK PROPAGATION WITH ACTIVE REGIONS",
      "url": "https://scholar.google.com/citations?view_op=view_citation&hl=en&user=-ONsrGAAAAAJ&citation_for_view=-ONsrGAAAAAJ:kNdYIx-mwKoC",
      "authors": "J Lee, SW OH, HK Cheng, B Price",
      "venue": "US Patent App. 18/322,310, 2024",
      "year": 2024,
      "citations": 1
    },
    {
      "title": "Tracking Anything with Decoupled Video Segmentation",
      "url": "https://scholar.google.com/citations?view_op=view_citation&hl=en&user=-ONsrGAAAAAJ&citation_for_view=-ONsrGAAAAAJ:8k81kl-MbHgC",
      "authors": "HK Cheng, SW Oh, B Price, A Schwing, JY Lee",
      "venue": "International Conference on Computer Vision (ICCV), 2023, 2023",
      "year": 2023,
      "citations": 284
    },
    {
      "title": "XMem: Long-Term Video Object Segmentation with an Atkinson-Shiffrin Memory Model",
      "url": "https://scholar.google.com/citations?view_op=view_citation&hl=en&user=-ONsrGAAAAAJ&citation_for_view=-ONsrGAAAAAJ:5nxA0vEk-isC",
      "authors": "HK Cheng, AG Schwing",
      "venue": "European Conference on Computer Vision (ECCV), 2022, 2022",
      "year": 2022,
      "citations": 651
    },
    {
      "title": "Rethinking Space-Time Networks with Improved Memory Coverage for Efficient Video Object Segmentation",
      "url": "https://scholar.google.com/citations?view_op=view_citation&hl=en&user=-ONsrGAAAAAJ&citation_for_view=-ONsrGAAAAAJ:hqOjcs7Dif8C",
      "authors": "HK Cheng, YW Tai, CK Tang",
      "venue": "Advances in Neural Information Processing Systems (NeurIPS), 2021, 2021",
      "year": 2021,
      "citations": 476
    },
    {
      "title": "Modular Interactive Video Object Segmentation: Interaction-to-Mask, Propagation and Difference-Aware Fusion",
      "url": "https://scholar.google.com/citations?view_op=view_citation&hl=en&user=-ONsrGAAAAAJ&citation_for_view=-ONsrGAAAAAJ:UebtZRa9Y70C",
      "authors": "HK Cheng, YW Tai, CK Tang",
      "venue": "Conference on Computer Vision and Pattern Recognition (CVPR), 2021, 2021",
      "year": 2021,
      "citations": 298
    },
    {
      "title": "CascadePSP: Toward Class-Agnostic and Very High-Resolution Segmentation via Global and Local Refinement",
      "url": "https://scholar.google.com/citations?view_op=view_citation&hl=en&user=-ONsrGAAAAAJ&citation_for_view=-ONsrGAAAAAJ:2osOgNQ5qMEC",
      "authors": "HK Cheng, J Chung, YW Tai, CK Tang",
      "venue": "Conference on Computer Vision and Pattern Recognition (CVPR), 2020, 2020",
      "year": 2020,
      "citations": 322
    }
  ],
  "co_authors": [
    {
      "name": "Alexander Schwing",
      "scholar_id": "3B2c31wAAAAJ",
      "url": "https://scholar.google.com/citations?user=3B2c31wAAAAJ"
    },
    {
      "name": "Yu-Wing Tai",
      "scholar_id": "nFhLmFkAAAAJ",
      "url": "https://scholar.google.com/citations?user=nFhLmFkAAAAJ"
    },
    {
      "name": "Chi Keung Tang",
      "scholar_id": "EWfpM74AAAAJ",
      "url": "https://scholar.google.com/citations?user=EWfpM74AAAAJ"
    },
    {
      "name": "Brian Price",
      "scholar_id": "ntGll74AAAAJ",
      "url": "https://scholar.google.com/citations?user=ntGll74AAAAJ"
    },
    {
      "name": "Seoung Wug Oh",
      "scholar_id": "BWME3BoAAAAJ",
      "url": "https://scholar.google.com/citations?user=BWME3BoAAAAJ"
    },
    {
      "name": "Joon-Young Lee",
      "scholar_id": "6ajse1YAAAAJ",
      "url": "https://scholar.google.com/citations?user=6ajse1YAAAAJ"
    },
    {
      "name": "Jihoon Chung",
      "scholar_id": "RMLgxlsAAAAJ",
      "url": "https://scholar.google.com/citations?user=RMLgxlsAAAAJ"
    },
    {
      "name": "Masato Ishii",
      "scholar_id": "RRIO1CcAAAAJ",
      "url": "https://scholar.google.com/citations?user=RRIO1CcAAAAJ"
    },
    {
      "name": "Akio Hayakawa",
      "scholar_id": "sXAjHFIAAAAJ",
      "url": "https://scholar.google.com/citations?user=sXAjHFIAAAAJ"
    },
    {
      "name": "Yuki Mitsufuji",
      "scholar_id": "GMytI10AAAAJ",
      "url": "https://scholar.google.com/citations?user=GMytI10AAAAJ"
    },
    {
      "name": "Takashi Shibuya",
      "scholar_id": "XCRO260AAAAJ",
      "url": "https://scholar.google.com/citations?user=XCRO260AAAAJ"
    }
  ]
}