{
  "author_info": {
    "name": "Cheng Zhuo",
    "affiliation": "Zhejiang University",
    "email_verified": "Verified email at zju.edu.cn",
    "interests": [
      "EDA algorithms",
      "VLSI design"
    ],
    "photo_url": "/citations/images/avatar_scholar_128.png"
  },
  "citation_stats": {
    "citations_all": 4137,
    "citations_since_2020": 3406,
    "h_index_all": 35,
    "h_index_since_2020": 31,
    "i10_index_all": 105,
    "i10_index_since_2020": 93,
    "citation_graph": [
      {
        "year": 2009,
        "citations": 16
      },
      {
        "year": 2010,
        "citations": 28
      },
      {
        "year": 2011,
        "citations": 44
      },
      {
        "year": 2012,
        "citations": 31
      },
      {
        "year": 2013,
        "citations": 38
      },
      {
        "year": 2014,
        "citations": 72
      },
      {
        "year": 2015,
        "citations": 59
      },
      {
        "year": 2016,
        "citations": 83
      },
      {
        "year": 2017,
        "citations": 87
      },
      {
        "year": 2018,
        "citations": 119
      },
      {
        "year": 2019,
        "citations": 119
      },
      {
        "year": 2020,
        "citations": 151
      },
      {
        "year": 2021,
        "citations": 277
      },
      {
        "year": 2022,
        "citations": 458
      },
      {
        "year": 2023,
        "citations": 616
      },
      {
        "year": 2024,
        "citations": 918
      },
      {
        "year": 2025,
        "citations": 978
      }
    ]
  },
  "papers": [
    {
      "title": "Senputing: An ultra-low-power always-on vision perception chip featuring the deep fusion of sensing and computing",
      "url": "https://scholar.google.com/citations?view_op=view_citation&hl=en&user=-XSbEFAAAAAJ&citation_for_view=-XSbEFAAAAAJ:BzfGm06jWhQC",
      "authors": "H Xu, N Lin, L Luo, Q Wei, R Wang, C Zhuo, X Yin, F Qiao, H Yang",
      "venue": "IEEE Transactions on Circuits and Systems I: Regular Papers 69 (1), 232-243, 2021",
      "year": 2021,
      "citations": 85
    },
    {
      "title": "GoodFloorplan: Graph convolutional network and reinforcement learning-based floorplanning",
      "url": "https://scholar.google.com/citations?view_op=view_citation&hl=en&user=-XSbEFAAAAAJ&citation_for_view=-XSbEFAAAAAJ:7BrZ7Jt4UNcC",
      "authors": "Q Xu, H Geng, S Chen, B Yuan, C Zhuo, Y Kang, X Wen",
      "venue": "IEEE Transactions on Computer-Aided Design of Integrated Circuits and …, 2021",
      "year": 2021,
      "citations": 64
    },
    {
      "title": "RCoNet: Deformable mutual information maximization and high-order uncertainty-aware learning for robust COVID-19 detection",
      "url": "https://scholar.google.com/citations?view_op=view_citation&hl=en&user=-XSbEFAAAAAJ&citation_for_view=-XSbEFAAAAAJ:48xauSegjOkC",
      "authors": "S Dong, Q Yang, Y Fu, M Tian, C Zhuo",
      "venue": "IEEE Transactions on Neural Networks and Learning Systems 32 (8), 3401-3411, 2021",
      "year": 2021,
      "citations": 57
    },
    {
      "title": "Reghd: Robust and efficient regression in hyper-dimensional learning system",
      "url": "https://scholar.google.com/citations?view_op=view_citation&hl=en&user=-XSbEFAAAAAJ&citation_for_view=-XSbEFAAAAAJ:7Hz3ACDFbsoC",
      "authors": "A Hernández-Cano, C Zhuo, X Yin, M Imani",
      "venue": "2021 58th ACM/IEEE Design Automation Conference (DAC), 7-12, 2021",
      "year": 2021,
      "citations": 54
    },
    {
      "title": "A deep learning framework for 18F-FDG PET imaging diagnosis in pediatric patients with temporal lobe epilepsy",
      "url": "https://scholar.google.com/citations?view_op=view_citation&hl=en&user=-XSbEFAAAAAJ&citation_for_view=-XSbEFAAAAAJ:wMgC3FpKEyYC",
      "authors": "Q Zhang, Y Liao, X Wang, T Zhang, J Feng, J Deng, K Shi, L Chen, ...",
      "venue": "European journal of nuclear medicine and molecular imaging 48 (8), 2476-2485, 2021",
      "year": 2021,
      "citations": 51
    },
    {
      "title": "Spatio-temporal deformable convolution for compressed video quality enhancement",
      "url": "https://scholar.google.com/citations?view_op=view_citation&hl=en&user=-XSbEFAAAAAJ&citation_for_view=-XSbEFAAAAAJ:PVgj2kMGcgYC",
      "authors": "J Deng, L Wang, S Pu, C Zhuo",
      "venue": "Proceedings of the AAAI conference on artificial intelligence 34 (07), 10696 …, 2020",
      "year": 2020,
      "citations": 188
    },
    {
      "title": "FeCAM: A universal compact digital and analog content addressable memory using ferroelectric",
      "url": "https://scholar.google.com/citations?view_op=view_citation&hl=en&user=-XSbEFAAAAAJ&citation_for_view=-XSbEFAAAAAJ:F1b5ZUV5XREC",
      "authors": "X Yin, C Li, Q Huang, L Zhang, M Niemier, XS Hu, C Zhuo, K Ni",
      "venue": "IEEE Transactions on Electron Devices 67 (7), 2785-2792, 2020",
      "year": 2020,
      "citations": 153
    },
    {
      "title": "A scalable design of multi-bit ferroelectric content addressable memory for data-centric computing",
      "url": "https://scholar.google.com/citations?view_op=view_citation&hl=en&user=-XSbEFAAAAAJ&citation_for_view=-XSbEFAAAAAJ:QD3KBmkZPeQC",
      "authors": "C Li, F Müller, T Ali, R Olivo, M Imani, S Deng, C Zhuo, T Kämpfe, X Yin, ...",
      "venue": "2020 IEEE International Electron Devices Meeting (IEDM), 29.3. 1-29.3. 4, 2020",
      "year": 2020,
      "citations": 92
    },
    {
      "title": "When single event upset meets deep neural networks: Observations, explorations, and remedies",
      "url": "https://scholar.google.com/citations?view_op=view_citation&hl=en&user=-XSbEFAAAAAJ&citation_for_view=-XSbEFAAAAAJ:gVv57TyPmFsC",
      "authors": "Z Yan, Y Shi, W Liao, M Hashimoto, X Zhou, C Zhuo",
      "venue": "2020 25th Asia and South Pacific Design Automation Conference (ASP-DAC), 163-168, 2020",
      "year": 2020,
      "citations": 78
    },
    {
      "title": "Ms-nas: Multi-scale neural architecture search for medical image segmentation",
      "url": "https://scholar.google.com/citations?view_op=view_citation&hl=en&user=-XSbEFAAAAAJ&citation_for_view=-XSbEFAAAAAJ:6yz0xqPARnAC",
      "authors": "X Yan, W Jiang, Y Shi, C Zhuo",
      "venue": "International Conference on Medical Image Computing and Computer-Assisted …, 2020",
      "year": 2020,
      "citations": 75
    },
    {
      "title": "Countering variations and thermal effects for accurate optical neural networks",
      "url": "https://scholar.google.com/citations?view_op=view_citation&hl=en&user=-XSbEFAAAAAJ&citation_for_view=-XSbEFAAAAAJ:4xDN1ZYqzskC",
      "authors": "Y Zhu, GL Zhang, B Li, X Yin, C Zhuo, H Gu, TY Ho, U Schlichtmann",
      "venue": "Proceedings of the 39th International Conference on Computer-Aided Design, 1-7, 2020",
      "year": 2020,
      "citations": 52
    },
    {
      "title": "Noise-aware DVFS for efficient transitions on battery-powered IoT devices",
      "url": "https://scholar.google.com/citations?view_op=view_citation&hl=en&user=-XSbEFAAAAAJ&citation_for_view=-XSbEFAAAAAJ:P7Ujq4OLJYoC",
      "authors": "C Zhuo, S Luo, H Gan, J Hu, Z Shi",
      "venue": "IEEE Transactions on Computer-Aided Design of Integrated Circuits and …, 2019",
      "year": 2019,
      "citations": 92
    },
    {
      "title": "Energy-efficient real-time UAV object detection on embedded platforms",
      "url": "https://scholar.google.com/citations?view_op=view_citation&hl=en&user=-XSbEFAAAAAJ&citation_for_view=-XSbEFAAAAAJ:BJbdYPG6LGMC",
      "authors": "J Deng, Z Shi, C Zhuo",
      "venue": "IEEE Transactions on Computer-Aided Design of Integrated Circuits and …, 2019",
      "year": 2019,
      "citations": 58
    },
    {
      "title": "From layout to system: Early stage power delivery and architecture co-exploration",
      "url": "https://scholar.google.com/citations?view_op=view_citation&hl=en&user=-XSbEFAAAAAJ&citation_for_view=-XSbEFAAAAAJ:OcBU2YAGkTUC",
      "authors": "C Zhuo, K Unda, Y Shi, WK Shih",
      "venue": "IEEE Transactions on Computer-Aided Design of Integrated Circuits and …, 2018",
      "year": 2018,
      "citations": 62
    },
    {
      "title": "On the efficacy of through-silicon-via inductors",
      "url": "https://scholar.google.com/citations?view_op=view_citation&hl=en&user=-XSbEFAAAAAJ&citation_for_view=-XSbEFAAAAAJ:LO7wyVUgiFcC",
      "authors": "UR Tida, R Yang, C Zhuo, Y Shi",
      "venue": "IEEE Transactions on Very Large Scale Integration (VLSI) Systems 23 (7 …, 2015",
      "year": 2015,
      "citations": 82
    },
    {
      "title": "Novel Through-Silicon-Via Inductor-Based On-Chip DC-DC Converter Designs in 3D ICs",
      "url": "https://scholar.google.com/citations?view_op=view_citation&hl=en&user=-XSbEFAAAAAJ&citation_for_view=-XSbEFAAAAAJ:anf4URPfarAC",
      "authors": "UR Tida, C Zhuo, Y Shi",
      "venue": "ACM Journal on Emerging Technologies in Computing Systems (JETC) 11 (2), 16, 2014",
      "year": 2014,
      "citations": 54
    },
    {
      "title": "An improved benchmark suite for the ISPD-2013 discrete cell sizing contest",
      "url": "https://scholar.google.com/citations?view_op=view_citation&hl=en&user=-XSbEFAAAAAJ&citation_for_view=-XSbEFAAAAAJ:KlAtU1dfN6UC",
      "authors": "MM Ozdal, C Amin, A Ayupov, SM Burns, GR Wilke, C Zhuo",
      "venue": "Proceedings of the 2013 ACM International symposium on Physical Design, 168-170, 2013",
      "year": 2013,
      "citations": 67
    },
    {
      "title": "The ISPD-2012 discrete cell sizing contest and benchmark suite",
      "url": "https://scholar.google.com/citations?view_op=view_citation&hl=en&user=-XSbEFAAAAAJ&citation_for_view=-XSbEFAAAAAJ:5nxA0vEk-isC",
      "authors": "MM Ozdal, C Amin, A Ayupov, S Burns, G Wilke, C Zhuo",
      "venue": "Proceedings of the 2012 ACM international symposium on International …, 2012",
      "year": 2012,
      "citations": 124
    },
    {
      "title": "Process variation and temperature-aware reliability management",
      "url": "https://scholar.google.com/citations?view_op=view_citation&hl=en&user=-XSbEFAAAAAJ&citation_for_view=-XSbEFAAAAAJ:9yKSN-GCB0IC",
      "authors": "C Zhuo, D Sylvester, D Blaauw",
      "venue": "2010 Design, Automation & Test in Europe Conference & Exhibition (DATE 2010 …, 2010",
      "year": 2010,
      "citations": 86
    },
    {
      "title": "Power grid analysis and optimization using algebraic multigrid",
      "url": "https://scholar.google.com/citations?view_op=view_citation&hl=en&user=-XSbEFAAAAAJ&citation_for_view=-XSbEFAAAAAJ:u5HHmVD_uO8C",
      "authors": "C Zhuo, J Hu, M Zhao, K Chen",
      "venue": "Computer-Aided Design of Integrated Circuits and Systems, IEEE Transactions …, 2008",
      "year": 2008,
      "citations": 67
    }
  ],
  "co_authors": [
    {
      "name": "Xunzhao Yin",
      "scholar_id": "snOTdoIAAAAJ",
      "url": "https://scholar.google.com/citations?user=snOTdoIAAAAJ"
    },
    {
      "name": "Yiyu Shi",
      "scholar_id": "LrjbEkIAAAAJ",
      "url": "https://scholar.google.com/citations?user=LrjbEkIAAAAJ"
    },
    {
      "name": "Xiaobo Sharon Hu",
      "scholar_id": "tQRvus8AAAAJ",
      "url": "https://scholar.google.com/citations?user=tQRvus8AAAAJ"
    },
    {
      "name": "Umamaheswara Rao Tida",
      "scholar_id": "gwUrkUwAAAAJ",
      "url": "https://scholar.google.com/citations?user=gwUrkUwAAAAJ"
    },
    {
      "name": "David Blaauw",
      "scholar_id": "P3JdmqAAAAAJ",
      "url": "https://scholar.google.com/citations?user=P3JdmqAAAAAJ"
    },
    {
      "name": "Dennis Sylvester",
      "scholar_id": "zT8cqLkAAAAJ",
      "url": "https://scholar.google.com/citations?user=zT8cqLkAAAAJ"
    },
    {
      "name": "Xiaowei Xu",
      "scholar_id": "1vVgUeQAAAAJ",
      "url": "https://scholar.google.com/citations?user=1vVgUeQAAAAJ"
    },
    {
      "name": "Jiang Hu",
      "scholar_id": "TWw91rQAAAAJ",
      "url": "https://scholar.google.com/citations?user=TWw91rQAAAAJ"
    },
    {
      "name": "Gustavo Reis Wilke",
      "scholar_id": "_ZejBFcAAAAJ",
      "url": "https://scholar.google.com/citations?user=_ZejBFcAAAAJ"
    },
    {
      "name": "Mustafa Ozdal",
      "scholar_id": "mD2TUGQAAAAJ",
      "url": "https://scholar.google.com/citations?user=mD2TUGQAAAAJ"
    },
    {
      "name": "Min Zhao",
      "scholar_id": "fseIKR8AAAAJ",
      "url": "https://scholar.google.com/citations?user=fseIKR8AAAAJ"
    },
    {
      "name": "Eric Karl",
      "scholar_id": "aAcR5V8AAAAJ",
      "url": "https://scholar.google.com/citations?user=aAcR5V8AAAAJ"
    }
  ]
}