{
  "author_info": {
    "name": "Yanhua Cheng",
    "affiliation": "快手",
    "email_verified": "Verified email at kuaishou.com - Homepage",
    "website": "http://yanhuacheng.github.io/",
    "interests": [
      "Computer Vision",
      "Machine Learning",
      "Recommendation"
    ],
    "photo_url": "https://scholar.googleusercontent.com/citations?view_op=view_photo&user=-2cjTqYAAAAJ&citpid=2"
  },
  "citation_stats": {
    "citations_all": 968,
    "citations_since_2020": 629,
    "h_index_all": 12,
    "h_index_since_2020": 10,
    "i10_index_all": 12,
    "i10_index_since_2020": 10,
    "citation_graph": [
      {
        "year": 2015,
        "citations": 11
      },
      {
        "year": 2016,
        "citations": 48
      },
      {
        "year": 2017,
        "citations": 89
      },
      {
        "year": 2018,
        "citations": 83
      },
      {
        "year": 2019,
        "citations": 104
      },
      {
        "year": 2020,
        "citations": 96
      },
      {
        "year": 2021,
        "citations": 126
      },
      {
        "year": 2022,
        "citations": 108
      },
      {
        "year": 2023,
        "citations": 98
      },
      {
        "year": 2024,
        "citations": 84
      },
      {
        "year": 2025,
        "citations": 116
      }
    ]
  },
  "papers": [
    {
      "title": "Bbqrec: Behavior-bind quantization for multi-modal sequential recommendation",
      "url": "https://scholar.google.com/citations?view_op=view_citation&hl=en&user=-2cjTqYAAAAJ&citation_for_view=-2cjTqYAAAAJ:aqlVkmm33-oC",
      "authors": "K Li, R Xiang, Y Bai, Y Tang, Y Cheng, X Liu, P Jiang, K Gai",
      "venue": "arXiv preprint arXiv:2504.06636, 2025",
      "year": 2025,
      "citations": 8
    },
    {
      "title": "S-diff: An anisotropic diffusion model for collaborative filtering in spectral domain",
      "url": "https://scholar.google.com/citations?view_op=view_citation&hl=en&user=-2cjTqYAAAAJ&citation_for_view=-2cjTqYAAAAJ:M3ejUd6NZC8C",
      "authors": "R Xia, Y Cheng, Y Tang, X Liu, X Liu, L Wang, P Jiang",
      "venue": "Proceedings of the Eighteenth ACM International Conference on Web Search and …, 2025",
      "year": 2025,
      "citations": 7
    },
    {
      "title": "Chime: A compressive framework for holistic interest modeling",
      "url": "https://scholar.google.com/citations?view_op=view_citation&hl=en&user=-2cjTqYAAAAJ&citation_for_view=-2cjTqYAAAAJ:qxL8FJ1GzNcC",
      "authors": "Y Bai, R Xiang, K Li, Y Tang, Y Cheng, X Liu, P Jiang, K Gai",
      "venue": "arXiv preprint arXiv:2504.06780, 2025",
      "year": 2025,
      "citations": 3
    },
    {
      "title": "EBaReT: Expert-guided Bag Reward Transformer for Auto Bidding",
      "url": "https://scholar.google.com/citations?view_op=view_citation&hl=en&user=-2cjTqYAAAAJ&citation_for_view=-2cjTqYAAAAJ:mVmsd5A6BfQC",
      "authors": "K Li, P Wang, Y Peng, P Yuan, Y Zeng, R Xiang, Y Cheng, X Liu, P Jiang",
      "venue": "Companion Proceedings of the ACM on Web Conference 2025, 1104-1108, 2025",
      "year": 2025,
      "citations": 1
    },
    {
      "title": "Towards efficient and effective text-to-video retrieval with coarse-to-fine visual representation learning",
      "url": "https://scholar.google.com/citations?view_op=view_citation&hl=en&user=-2cjTqYAAAAJ&citation_for_view=-2cjTqYAAAAJ:3fE2CSJIrl8C",
      "authors": "K Tian, Y Cheng, Y Liu, X Hou, Q Chen, H Li",
      "venue": "Proceedings of the AAAI conference on artificial intelligence 38 (6), 5207-5214, 2024",
      "year": 2024,
      "citations": 19
    },
    {
      "title": "Knowledge condensation and reasoning for knowledge-based VQA",
      "url": "https://scholar.google.com/citations?view_op=view_citation&hl=en&user=-2cjTqYAAAAJ&citation_for_view=-2cjTqYAAAAJ:_kc_bZDykSQC",
      "authors": "D Hao, J Jia, L Guo, Q Wang, T Yang, Y Li, Y Cheng, B Wang, Q Chen, ...",
      "venue": "arXiv preprint arXiv:2403.10037, 2024",
      "year": 2024,
      "citations": 5
    },
    {
      "title": "Enhancing instruction-following capability of visual-language models by reducing image redundancy",
      "url": "https://scholar.google.com/citations?view_op=view_citation&hl=en&user=-2cjTqYAAAAJ&citation_for_view=-2cjTqYAAAAJ:4TOpqqG69KYC",
      "authors": "T Yang, J Jia, X Zhu, W Zhao, B Wang, Y Cheng, Y Li, S Liu, Q Chen, ...",
      "venue": "arXiv preprint arXiv:2411.15453, 2024",
      "year": 2024,
      "citations": 4
    },
    {
      "title": "Cross-domain product representation learning for rich-content e-commerce",
      "url": "https://scholar.google.com/citations?view_op=view_citation&hl=en&user=-2cjTqYAAAAJ&citation_for_view=-2cjTqYAAAAJ:MXK_kJrjxJIC",
      "authors": "X Bai, Y Li, Y Cheng, W Yang, Q Chen, H Li",
      "venue": "Proceedings of the IEEE/CVF International Conference on Computer Vision …, 2023",
      "year": 2023,
      "citations": 7
    },
    {
      "title": "Cross-view semantic alignment for livestreaming product recognition",
      "url": "https://scholar.google.com/citations?view_op=view_citation&hl=en&user=-2cjTqYAAAAJ&citation_for_view=-2cjTqYAAAAJ:8k81kl-MbHgC",
      "authors": "W Yang, Y Chen, Y Li, Y Cheng, X Liu, Q Chen, H Li",
      "venue": "Proceedings of the IEEE/CVF International Conference on Computer Vision …, 2023",
      "year": 2023,
      "citations": 4
    },
    {
      "title": "MAPNet: Multi-modal attentive pooling network for RGB-D indoor scene classification",
      "url": "https://scholar.google.com/citations?view_op=view_citation&hl=en&user=-2cjTqYAAAAJ&citation_for_view=-2cjTqYAAAAJ:UebtZRa9Y70C",
      "authors": "Y Li, Z Zhang, Y Cheng, L Wang, T Tan",
      "venue": "Pattern Recognition 90, 436-449, 2019",
      "year": 2019,
      "citations": 36
    },
    {
      "title": "DF2Net: Discriminative Feature Learning and Fusion Network for RGB-D Indoor Scene Classification",
      "url": "https://scholar.google.com/citations?view_op=view_citation&hl=en&user=-2cjTqYAAAAJ&citation_for_view=-2cjTqYAAAAJ:Y0pCki6q_DkC",
      "authors": "Y Li, J Zhang, Y Cheng, K Huang, T Tan",
      "venue": "Proceedings of the AAAI Conference on Artificial Intelligence 32 (1), 2018",
      "year": 2018,
      "citations": 52
    },
    {
      "title": "Locality-sensitive deconvolution networks with gated fusion for RGB-D indoor semantic segmentation",
      "url": "https://scholar.google.com/citations?view_op=view_citation&hl=en&user=-2cjTqYAAAAJ&citation_for_view=-2cjTqYAAAAJ:2osOgNQ5qMEC",
      "authors": "Y Cheng, R Cai, Z Li, X Zhao, K Huang",
      "venue": "Proceedings of the IEEE conference on computer vision and pattern …, 2017",
      "year": 2017,
      "citations": 292
    },
    {
      "title": "Semantics-guided multi-level RGB-D feature fusion for indoor semantic segmentation",
      "url": "https://scholar.google.com/citations?view_op=view_citation&hl=en&user=-2cjTqYAAAAJ&citation_for_view=-2cjTqYAAAAJ:W7OEmFMy1HYC",
      "authors": "Y Li, J Zhang, Y Cheng, K Huang, T Tan",
      "venue": "2017 IEEE international conference on image processing (ICIP), 1262-1266, 2017",
      "year": 2017,
      "citations": 47
    },
    {
      "title": "Semi-Supervised Multimodal Deep Learning for RGB-D Object Recognition.",
      "url": "https://scholar.google.com/citations?view_op=view_citation&hl=en&user=-2cjTqYAAAAJ&citation_for_view=-2cjTqYAAAAJ:qjMakFHDy7sC",
      "authors": "Y Cheng, X Zhao, R Cai, Z Li, K Huang, Y Rui",
      "venue": "IJCAI, 3345-3351, 2016",
      "year": 2016,
      "citations": 83
    },
    {
      "title": "Meshstereo: A global stereo model with mesh alignment regularization for view interpolation",
      "url": "https://scholar.google.com/citations?view_op=view_citation&hl=en&user=-2cjTqYAAAAJ&citation_for_view=-2cjTqYAAAAJ:IjCSPb-OGe4C",
      "authors": "C Zhang, Z Li, Y Cheng, R Cai, H Chao, Y Rui",
      "venue": "Proceedings of the IEEE international conference on computer vision, 2057-2065, 2015",
      "year": 2015,
      "citations": 207
    },
    {
      "title": "Semi-supervised learning and feature evaluation for RGB-D object recognition",
      "url": "https://scholar.google.com/citations?view_op=view_citation&hl=en&user=-2cjTqYAAAAJ&citation_for_view=-2cjTqYAAAAJ:9yKSN-GCB0IC",
      "authors": "Y Cheng, X Zhao, K Huang, T Tan",
      "venue": "Computer Vision and Image Understanding 139, 149-160, 2015",
      "year": 2015,
      "citations": 56
    },
    {
      "title": "Convolutional fisher kernels for RGB-D object recognition",
      "url": "https://scholar.google.com/citations?view_op=view_citation&hl=en&user=-2cjTqYAAAAJ&citation_for_view=-2cjTqYAAAAJ:u-x6o8ySG0sC",
      "authors": "Y Cheng, R Cai, X Zhao, K Huang",
      "venue": "2015 International Conference on 3D Vision, 135-143, 2015",
      "year": 2015,
      "citations": 47
    },
    {
      "title": "SHREC’15 Track: 3D object retrieval with multimodal views",
      "url": "https://scholar.google.com/citations?view_op=view_citation&hl=en&user=-2cjTqYAAAAJ&citation_for_view=-2cjTqYAAAAJ:d1gkVwhDpl0C",
      "authors": "Y Gao, A Liu, W Nie, Y Su, Q Dai, F Chen, Y Chen, Y Cheng, S Dong, ...",
      "venue": "Proc. Eurograph. Workshop 3D Object Retrieval, 129-136, 2015",
      "year": 2015,
      "citations": 19
    },
    {
      "title": "Query adaptive similarity measure for RGB-D object recognition",
      "url": "https://scholar.google.com/citations?view_op=view_citation&hl=en&user=-2cjTqYAAAAJ&citation_for_view=-2cjTqYAAAAJ:Tyk-4Ss8FVUC",
      "authors": "Y Cheng, R Cai, C Zhang, Z Li, X Zhao, K Huang, Y Rui",
      "venue": "Proceedings of the IEEE International Conference on Computer Vision, 145-153, 2015",
      "year": 2015,
      "citations": 18
    },
    {
      "title": "Semi-supervised learning for RGB-D object recognition",
      "url": "https://scholar.google.com/citations?view_op=view_citation&hl=en&user=-2cjTqYAAAAJ&citation_for_view=-2cjTqYAAAAJ:UeHWp8X0CEIC",
      "authors": "Y Cheng, X Zhao, K Huang, T Tan",
      "venue": "2014 22nd International Conference on Pattern Recognition, 2377-2382, 2014",
      "year": 2014,
      "citations": 51
    }
  ],
  "co_authors": [
    {
      "name": "kaiqi huang",
      "scholar_id": "caQ-OmYAAAAJ",
      "url": "https://scholar.google.com/citations?user=caQ-OmYAAAAJ"
    },
    {
      "name": "Xin Zhao",
      "scholar_id": "Emz6Cbv7LqEC",
      "url": "https://scholar.google.com/citations?user=Emz6Cbv7LqEC"
    },
    {
      "name": "Rui CAI",
      "scholar_id": "6WCyi64AAAAJ",
      "url": "https://scholar.google.com/citations?user=6WCyi64AAAAJ"
    },
    {
      "name": "Zhiwei Li",
      "scholar_id": "iL8SeoEAAAAJ",
      "url": "https://scholar.google.com/citations?user=iL8SeoEAAAAJ"
    },
    {
      "name": "Tieniu Tan",
      "scholar_id": "W-FGd_UAAAAJ",
      "url": "https://scholar.google.com/citations?user=W-FGd_UAAAAJ"
    },
    {
      "name": "Yong Rui, Fellow of ACM, IEEE, AAAS,...",
      "scholar_id": "rCGsLtcAAAAJ",
      "url": "https://scholar.google.com/citations?user=rCGsLtcAAAAJ"
    },
    {
      "name": "Peng Jiang",
      "scholar_id": "9o5swhQAAAAJ",
      "url": "https://scholar.google.com/citations?user=9o5swhQAAAAJ"
    },
    {
      "name": "Chi Zhang",
      "scholar_id": "aTA2wL4AAAAJ",
      "url": "https://scholar.google.com/citations?user=aTA2wL4AAAAJ"
    },
    {
      "name": "Junge ZHANG",
      "scholar_id": "gbStvusAAAAJ",
      "url": "https://scholar.google.com/citations?user=gbStvusAAAAJ"
    },
    {
      "name": "Hongyang Chao",
      "scholar_id": "qnbpG6gAAAAJ",
      "url": "https://scholar.google.com/citations?user=qnbpG6gAAAAJ"
    },
    {
      "name": "Kaiyuan Li",
      "scholar_id": "xgbZrSsAAAAJ",
      "url": "https://scholar.google.com/citations?user=xgbZrSsAAAAJ"
    },
    {
      "name": "Jian Jia",
      "scholar_id": "tiDd-T0AAAAJ",
      "url": "https://scholar.google.com/citations?user=tiDd-T0AAAAJ"
    },
    {
      "name": "Zhang Zhang",
      "scholar_id": "rnRNwEMAAAAJ",
      "url": "https://scholar.google.com/citations?user=rnRNwEMAAAAJ"
    },
    {
      "name": "Liang Wang",
      "scholar_id": "8kzzUboAAAAJ",
      "url": "https://scholar.google.com/citations?user=8kzzUboAAAAJ"
    },
    {
      "name": "Te Yang",
      "scholar_id": "UPDhfTEAAAAJ",
      "url": "https://scholar.google.com/citations?user=UPDhfTEAAAAJ"
    },
    {
      "name": "Xiangyu Zhu",
      "scholar_id": "1rbNk5oAAAAJ",
      "url": "https://scholar.google.com/citations?user=1rbNk5oAAAAJ"
    }
  ]
}