{
  "author_info": {
    "name": "Phong Ha Nguyen",
    "affiliation": "Senior Researcher, Qualcomm AI Research",
    "email_verified": "Verified email at vinai.io - Homepage",
    "website": "https://phongnhhn.info/",
    "interests": [
      "Computer Vision",
      "Artificial Intelligence",
      "Deep Learning"
    ],
    "photo_url": "https://scholar.googleusercontent.com/citations?view_op=view_photo&user=030WAOoAAAAJ&citpid=1"
  },
  "citation_stats": {
    "citations_all": 1146,
    "citations_since_2020": 915,
    "h_index_all": 13,
    "h_index_since_2020": 13,
    "i10_index_all": 16,
    "i10_index_since_2020": 14,
    "citation_graph": [
      {
        "year": 2011,
        "citations": 4
      },
      {
        "year": 2012,
        "citations": 6
      },
      {
        "year": 2013,
        "citations": 11
      },
      {
        "year": 2014,
        "citations": 14
      },
      {
        "year": 2015,
        "citations": 20
      },
      {
        "year": 2016,
        "citations": 26
      },
      {
        "year": 2017,
        "citations": 12
      },
      {
        "year": 2018,
        "citations": 37
      },
      {
        "year": 2019,
        "citations": 95
      },
      {
        "year": 2020,
        "citations": 110
      },
      {
        "year": 2021,
        "citations": 116
      },
      {
        "year": 2022,
        "citations": 170
      },
      {
        "year": 2023,
        "citations": 159
      },
      {
        "year": 2024,
        "citations": 177
      },
      {
        "year": 2025,
        "citations": 181
      }
    ]
  },
  "papers": [
    {
      "title": "Sharpdepth: Sharpening metric depth predictions using diffusion distillation",
      "url": "https://scholar.google.com/citations?view_op=view_citation&hl=en&user=030WAOoAAAAJ&citation_for_view=030WAOoAAAAJ:e5wmG9Sq2KIC",
      "authors": "DH Pham, T Do, P Nguyen, BS Hua, K Nguyen, R Nguyen",
      "venue": "Proceedings of the Computer Vision and Pattern Recognition Conference, 17060 …, 2025",
      "year": 2025,
      "citations": 9
    },
    {
      "title": "Diverse text-to-3d synthesis with augmented text embedding",
      "url": "https://scholar.google.com/citations?view_op=view_citation&hl=en&user=030WAOoAAAAJ&citation_for_view=030WAOoAAAAJ:TQgYirikUcIC",
      "authors": "UD Tran, M Luu, PH Nguyen, K Nguyen, BS Hua",
      "venue": "European Conference on Computer Vision, 217-235, 2024",
      "year": 2024,
      "citations": 8
    },
    {
      "title": "Lightweight monocular depth with a novel neural architecture search method",
      "url": "https://scholar.google.com/citations?view_op=view_citation&hl=en&user=030WAOoAAAAJ&citation_for_view=030WAOoAAAAJ:4TOpqqG69KYC",
      "authors": "L Huynh, P Nguyen, J Matas, E Rahtu, J Heikkilä",
      "venue": "Proceedings of the IEEE/CVF winter conference on applications of computer …, 2022",
      "year": 2022,
      "citations": 20
    },
    {
      "title": "Free-viewpoint rgb-d human performance capture and rendering",
      "url": "https://scholar.google.com/citations?view_op=view_citation&hl=en&user=030WAOoAAAAJ&citation_for_view=030WAOoAAAAJ:qUcmZB5y_30C",
      "authors": "P Nguyen-Ha, N Sarafianos, C Lassner, J Heikkilä, T Tung",
      "venue": "European Conference on Computer Vision, 473-491, 2022",
      "year": 2022,
      "citations": 19
    },
    {
      "title": "Boosting monocular depth estimation with lightweight 3d point fusion",
      "url": "https://scholar.google.com/citations?view_op=view_citation&hl=en&user=030WAOoAAAAJ&citation_for_view=030WAOoAAAAJ:qxL8FJ1GzNcC",
      "authors": "L Huynh, P Nguyen, J Matas, E Rahtu, J Heikkilä",
      "venue": "Proceedings of the IEEE/CVF International Conference on Computer Vision …, 2021",
      "year": 2021,
      "citations": 35
    },
    {
      "title": "Superfluid Transition and Specific Heat of the 2D x-y Model: Monte Carlo Simulation",
      "url": "https://scholar.google.com/citations?view_op=view_citation&hl=en&user=030WAOoAAAAJ&citation_for_view=030WAOoAAAAJ:4DMP91E08xMC",
      "authors": "PH Nguyen, M Boninsegni",
      "venue": "Applied Sciences 11 (11), 4931, 2021",
      "year": 2021,
      "citations": 29
    },
    {
      "title": "Rgbd-net: Predicting color and depth images for novel views synthesis",
      "url": "https://scholar.google.com/citations?view_op=view_citation&hl=en&user=030WAOoAAAAJ&citation_for_view=030WAOoAAAAJ:_kc_bZDykSQC",
      "authors": "P Nguyen, A Karnewar, L Huynh, E Rahtu, J Matas, J Heikkila",
      "venue": "2021 International Conference on 3D Vision (3DV), 1095-1105, 2021",
      "year": 2021,
      "citations": 16
    },
    {
      "title": "SP-GPT2: semantics improvement in vietnamese poetry generation",
      "url": "https://scholar.google.com/citations?view_op=view_citation&hl=en&user=030WAOoAAAAJ&citation_for_view=030WAOoAAAAJ:aqlVkmm33-oC",
      "authors": "T Nguyen, P Nguyen, H Pham, T Bui, T Nguyen, D Luong",
      "venue": "2021 20th IEEE International Conference on Machine Learning and Applications …, 2021",
      "year": 2021,
      "citations": 13
    },
    {
      "title": "Guiding monocular depth estimation using depth-attention volume",
      "url": "https://scholar.google.com/citations?view_op=view_citation&hl=en&user=030WAOoAAAAJ&citation_for_view=030WAOoAAAAJ:KlAtU1dfN6UC",
      "authors": "L Huynh, P Nguyen-Ha, J Matas, E Rahtu, J Heikkilä",
      "venue": "European Conference on Computer Vision, 581-597, 2020",
      "year": 2020,
      "citations": 206
    },
    {
      "title": "Deep learning-based super-resolution reconstruction and marker detection for drone landing",
      "url": "https://scholar.google.com/citations?view_op=view_citation&hl=en&user=030WAOoAAAAJ&citation_for_view=030WAOoAAAAJ:roLk4NBRz8UC",
      "authors": "NQ Truong, PH Nguyen, SH Nam, KR Park",
      "venue": "IEEE Access 7, 61639-61655, 2019",
      "year": 2019,
      "citations": 65
    },
    {
      "title": "Deep retinanet-based detection and classification of road markings by visible light camera sensors",
      "url": "https://scholar.google.com/citations?view_op=view_citation&hl=en&user=030WAOoAAAAJ&citation_for_view=030WAOoAAAAJ:eQOLeE2rZwMC",
      "authors": "TM Hoang, PH Nguyen, NQ Truong, YW Lee, KR Park",
      "venue": "Sensors 19 (2), 281, 2019",
      "year": 2019,
      "citations": 59
    },
    {
      "title": "Predicting novel views using generative adversarial query network",
      "url": "https://scholar.google.com/citations?view_op=view_citation&hl=en&user=030WAOoAAAAJ&citation_for_view=030WAOoAAAAJ:ufrVoPGSRksC",
      "authors": "P Nguyen-Ha, L Huynh, E Rahtu, J Heikkilä",
      "venue": "Scandinavian Conference on Image Analysis, 16-27, 2019",
      "year": 2019,
      "citations": 9
    },
    {
      "title": "IrisDenseNet: Robust iris segmentation using densely connected fully convolutional networks in the images by visible light and near-infrared light camera sensors",
      "url": "https://scholar.google.com/citations?view_op=view_citation&hl=en&user=030WAOoAAAAJ&citation_for_view=030WAOoAAAAJ:UeHWp8X0CEIC",
      "authors": "M Arsalan, RA Naqvi, DS Kim, PH Nguyen, M Owais, KR Park",
      "venue": "Sensors 18 (5), 1501, 2018",
      "year": 2018,
      "citations": 140
    },
    {
      "title": "LightDenseYOLO: A fast and accurate marker tracker for autonomous UAV landing by visible light camera sensor on drone",
      "url": "https://scholar.google.com/citations?view_op=view_citation&hl=en&user=030WAOoAAAAJ&citation_for_view=030WAOoAAAAJ:u-x6o8ySG0sC",
      "authors": "PH Nguyen, M Arsalan, JH Koo, RA Naqvi, NQ Truong, KR Park",
      "venue": "Sensors 18 (6), 1703, 2018",
      "year": 2018,
      "citations": 97
    },
    {
      "title": "Multichannel acoustic scene classification by blind dereverberation, blind source separation, data augmentation, and model ensembling",
      "url": "https://scholar.google.com/citations?view_op=view_citation&hl=en&user=030WAOoAAAAJ&citation_for_view=030WAOoAAAAJ:kNdYIx-mwKoC",
      "authors": "R Tanabe, T Endo, Y Nikaido, T Ichige, P Nguyen, Y Kawaguchi, ...",
      "venue": "DCASE 2018 Challenge, 2018",
      "year": 2018,
      "citations": 28
    },
    {
      "title": "Remote marker-based tracking for UAV landing using visible-light camera sensor",
      "url": "https://scholar.google.com/citations?view_op=view_citation&hl=en&user=030WAOoAAAAJ&citation_for_view=030WAOoAAAAJ:zYLM7Y9cAGgC",
      "authors": "PH Nguyen, KW Kim, YW Lee, KR Park",
      "venue": "Sensors 17 (9), 1987, 2017",
      "year": 2017,
      "citations": 95
    },
    {
      "title": "Advances in Natural Sciences",
      "url": "https://scholar.google.com/citations?view_op=view_citation&hl=en&user=030WAOoAAAAJ&citation_for_view=030WAOoAAAAJ:bEWYMUwI8FkC",
      "authors": "BH Nguyen, VH Nguyen, PH Nguyen",
      "venue": "Nanoscience and Nanotechnology 7 (3), 035003, 2016",
      "year": 2016,
      "citations": 229
    },
    {
      "title": "Optimization of the spring-back in roll forming process with finite element simulation",
      "url": "https://scholar.google.com/citations?view_op=view_citation&hl=en&user=030WAOoAAAAJ&citation_for_view=030WAOoAAAAJ:9yKSN-GCB0IC",
      "authors": "Y Zhang, HP Nguyen, DW Jung",
      "venue": "International Journal of Mechanical Engineering and Robotics Research 5 (4), 2016",
      "year": 2016,
      "citations": 7
    },
    {
      "title": "Dioxin contamination in Bien Hoa Airbase and its vicinities: environmental levels and implication of sources",
      "url": "https://scholar.google.com/citations?view_op=view_citation&hl=en&user=030WAOoAAAAJ&citation_for_view=030WAOoAAAAJ:blknAaTinKkC",
      "authors": "NH Minh, LK Son, PH Nguyen, N Truong, P Hoai",
      "venue": "Organohalogen Compound 70, 000543-000546, 2008",
      "year": 2008,
      "citations": 10
    },
    {
      "title": "Behavioral effects of the R-(+)-and S-(−)-enantiomers of the dopamine D1-like partial receptor agonist SKF 83959 in monkeys",
      "url": "https://scholar.google.com/citations?view_op=view_citation&hl=en&user=030WAOoAAAAJ&citation_for_view=030WAOoAAAAJ:L8Ckcad2t8MC",
      "authors": "RI Desai, JL Neumeyer, CA Paronis, P Nguyen, J Bergman",
      "venue": "European journal of pharmacology 558 (1-3), 98-106, 2007",
      "year": 2007,
      "citations": 13
    }
  ],
  "co_authors": [
    {
      "name": "Janne Heikkilä",
      "scholar_id": "SCR4RY8AAAAJ",
      "url": "https://scholar.google.com/citations?user=SCR4RY8AAAAJ"
    },
    {
      "name": "Lam Huynh",
      "scholar_id": "lFnx0uIAAAAJ",
      "url": "https://scholar.google.com/citations?user=lFnx0uIAAAAJ"
    },
    {
      "name": "Esa Rahtu",
      "scholar_id": "SmGZwHYAAAAJ",
      "url": "https://scholar.google.com/citations?user=SmGZwHYAAAAJ"
    },
    {
      "name": "Jiri Matas",
      "scholar_id": "EJCNY6QAAAAJ",
      "url": "https://scholar.google.com/citations?user=EJCNY6QAAAAJ"
    },
    {
      "name": "Muhammad Arsalan",
      "scholar_id": "Yg1Rmp4AAAAJ",
      "url": "https://scholar.google.com/citations?user=Yg1Rmp4AAAAJ"
    },
    {
      "name": "Toan Minh Hoang",
      "scholar_id": "ZLp6FcoAAAAJ",
      "url": "https://scholar.google.com/citations?user=ZLp6FcoAAAAJ"
    },
    {
      "name": "Christoph Lassner",
      "scholar_id": "o_M5CBMAAAAJ",
      "url": "https://scholar.google.com/citations?user=o_M5CBMAAAAJ"
    },
    {
      "name": "Nikolaos Sarafianos",
      "scholar_id": "O_TOBmAAAAAJ",
      "url": "https://scholar.google.com/citations?user=O_TOBmAAAAAJ"
    },
    {
      "name": "Tony TUNG",
      "scholar_id": "ni3EbYgAAAAJ",
      "url": "https://scholar.google.com/citations?user=ni3EbYgAAAAJ"
    }
  ]
}