{
  "author_info": {
    "name": "P.Y. Mok",
    "affiliation": "The Hong Kong University of Science and Technology",
    "email_verified": "Verified email at ust.hk - Homepage",
    "website": "https://www.cafilab.com/",
    "interests": [
      "Computer aided design",
      "technology engineering",
      "clothing simulation",
      "Artificial Intelligence"
    ],
    "photo_url": "/citations/images/avatar_scholar_128.png"
  },
  "citation_stats": {
    "citations_all": 2837,
    "citations_since_2020": 1438,
    "h_index_all": 30,
    "h_index_since_2020": 21,
    "i10_index_all": 55,
    "i10_index_since_2020": 37,
    "citation_graph": [
      {
        "year": 2006,
        "citations": 10
      },
      {
        "year": 2007,
        "citations": 12
      },
      {
        "year": 2008,
        "citations": 8
      },
      {
        "year": 2009,
        "citations": 27
      },
      {
        "year": 2010,
        "citations": 29
      },
      {
        "year": 2011,
        "citations": 65
      },
      {
        "year": 2012,
        "citations": 83
      },
      {
        "year": 2013,
        "citations": 121
      },
      {
        "year": 2014,
        "citations": 157
      },
      {
        "year": 2015,
        "citations": 171
      },
      {
        "year": 2016,
        "citations": 187
      },
      {
        "year": 2017,
        "citations": 159
      },
      {
        "year": 2018,
        "citations": 164
      },
      {
        "year": 2019,
        "citations": 176
      },
      {
        "year": 2020,
        "citations": 193
      },
      {
        "year": 2021,
        "citations": 198
      },
      {
        "year": 2022,
        "citations": 204
      },
      {
        "year": 2023,
        "citations": 215
      },
      {
        "year": 2024,
        "citations": 289
      },
      {
        "year": 2025,
        "citations": 337
      }
    ]
  },
  "papers": [
    {
      "title": "Ktpformer: Kinematics and trajectory prior knowledge-enhanced transformer for 3d human pose estimation",
      "url": "https://scholar.google.com/citations?view_op=view_citation&hl=en&user=-83FFXcAAAAJ&citation_for_view=-83FFXcAAAAJ:eflP2zaiRacC",
      "authors": "J Peng, Y Zhou, PY Mok",
      "venue": "Proceedings of the IEEE/CVF Conference on Computer Vision and Pattern …, 2024",
      "year": 2024,
      "citations": 68
    },
    {
      "title": "Fashion recommendations through cross-media information retrieval",
      "url": "https://scholar.google.com/citations?view_op=view_citation&hl=en&user=-83FFXcAAAAJ&citation_for_view=-83FFXcAAAAJ:u_35RYKgDlwC",
      "authors": "W Zhou, PY Mok, Y Zhou, Y Zhou, J Shen, Q Qu, KP Chau",
      "venue": "Journal of Visual Communication and Image Representation 61, 112-120, 2019",
      "year": 2019,
      "citations": 53
    },
    {
      "title": "A new design concept: 3D to 2D textile pattern design for garments",
      "url": "https://scholar.google.com/citations?view_op=view_citation&hl=en&user=-83FFXcAAAAJ&citation_for_view=-83FFXcAAAAJ:P5F9QuxV20EC",
      "authors": "S Lu, PY Mok, X Jin",
      "venue": "Computer-Aided Design 89, 35-49, 2017",
      "year": 2017,
      "citations": 81
    },
    {
      "title": "An IGA-based design support system for realistic and practical fashion designs",
      "url": "https://scholar.google.com/citations?view_op=view_citation&hl=en&user=-83FFXcAAAAJ&citation_for_view=-83FFXcAAAAJ:5nxA0vEk-isC",
      "authors": "PY Mok, J Xu, XX Wang, JT Fan, YL Kwok, JH Xin",
      "venue": "Computer-Aided Design 45 (11), 1442-1458, 2013",
      "year": 2013,
      "citations": 96
    },
    {
      "title": "An efficient human model customization method based on orthogonal-view monocular photos",
      "url": "https://scholar.google.com/citations?view_op=view_citation&hl=en&user=-83FFXcAAAAJ&citation_for_view=-83FFXcAAAAJ:kNdYIx-mwKoC",
      "authors": "S Zhu, PY Mok, YL Kwok",
      "venue": "Computer-Aided Design 45 (11), 1314-1332, 2013",
      "year": 2013,
      "citations": 67
    },
    {
      "title": "Quantification of environmental impact and ecological sustainability for textile fibres",
      "url": "https://scholar.google.com/citations?view_op=view_citation&hl=en&user=-83FFXcAAAAJ&citation_for_view=-83FFXcAAAAJ:IjCSPb-OGe4C",
      "authors": "SS Muthu, Y Li, JY Hu, PY Mok",
      "venue": "Ecological Indicators 13 (1), 66-74, 2012",
      "year": 2012,
      "citations": 170
    },
    {
      "title": "Computer aided clothing pattern design with 3D editing and pattern alteration",
      "url": "https://scholar.google.com/citations?view_op=view_citation&hl=en&user=-83FFXcAAAAJ&citation_for_view=-83FFXcAAAAJ:ufrVoPGSRksC",
      "authors": "Y Meng, PY Mok, X Jin",
      "venue": "Computer-Aided Design 44 (8), 721-734, 2012",
      "year": 2012,
      "citations": 135
    },
    {
      "title": "Block pattern generation: From parameterizing human bodies to fit feature-aligned and flattenable 3D garments",
      "url": "https://scholar.google.com/citations?view_op=view_citation&hl=en&user=-83FFXcAAAAJ&citation_for_view=-83FFXcAAAAJ:zYLM7Y9cAGgC",
      "authors": "HQ Huang, PY Mok, YL Kwok, JS Au",
      "venue": "Computers in Industry 63 (7), 680-691, 2012",
      "year": 2012,
      "citations": 126
    },
    {
      "title": "A robust adaptive clustering analysis method for automatic identification of clusters",
      "url": "https://scholar.google.com/citations?view_op=view_citation&hl=en&user=-83FFXcAAAAJ&citation_for_view=-83FFXcAAAAJ:9yKSN-GCB0IC",
      "authors": "PY Mok, HQ Huang, YL Kwok, JS Au",
      "venue": "Pattern Recognition 45 (8), 3017-3033, 2012",
      "year": 2012,
      "citations": 102
    },
    {
      "title": "Recyclability Potential Index (RPI): The concept and quantification of RPI for textile fibres",
      "url": "https://scholar.google.com/citations?view_op=view_citation&hl=en&user=-83FFXcAAAAJ&citation_for_view=-83FFXcAAAAJ:J_g5lzvAfSwC",
      "authors": "SS Muthu, Y Li, JY Hu, PY Mok",
      "venue": "Ecological indicators 18, 58-62, 2012",
      "year": 2012,
      "citations": 94
    },
    {
      "title": "Eco-impact of plastic and paper shopping bags",
      "url": "https://scholar.google.com/citations?view_op=view_citation&hl=en&user=-83FFXcAAAAJ&citation_for_view=-83FFXcAAAAJ:MXK_kJrjxJIC",
      "authors": "SS Muthu, Y Li, JY Hu, PY Mok, X Ding",
      "venue": "Journal of engineered fibers and fabrics 7 (1), 155892501200700103, 2012",
      "year": 2012,
      "citations": 74
    },
    {
      "title": "Intelligent product cross-selling system with radio frequency identification technology for retailing",
      "url": "https://scholar.google.com/citations?view_op=view_citation&hl=en&user=-83FFXcAAAAJ&citation_for_view=-83FFXcAAAAJ:eQOLeE2rZwMC",
      "authors": "WK Wong, SYS Leung, ZX Guo, XH Zeng, PY Mok",
      "venue": "International Journal of Production Economics 135 (1), 308-319, 2012",
      "year": 2012,
      "citations": 67
    },
    {
      "title": "Carbon footprint of shopping (grocery) bags in China, Hong Kong and India",
      "url": "https://scholar.google.com/citations?view_op=view_citation&hl=en&user=-83FFXcAAAAJ&citation_for_view=-83FFXcAAAAJ:u-x6o8ySG0sC",
      "authors": "SS Muthu, Y Li, JY Hu, PY Mok",
      "venue": "Atmospheric environment 45 (2), 469-475, 2011",
      "year": 2011,
      "citations": 139
    },
    {
      "title": "An adaptive multi-parameter based dispatching strategy for single-loop interbay material handling systems",
      "url": "https://scholar.google.com/citations?view_op=view_citation&hl=en&user=-83FFXcAAAAJ&citation_for_view=-83FFXcAAAAJ:W7OEmFMy1HYC",
      "authors": "LH Wu, PY Mok, J Zhang",
      "venue": "Computers in Industry 62 (2), 175-186, 2011",
      "year": 2011,
      "citations": 58
    },
    {
      "title": "An investigation on the validity of 3D clothing simulation for garment fit evaluation",
      "url": "https://scholar.google.com/citations?view_op=view_citation&hl=en&user=-83FFXcAAAAJ&citation_for_view=-83FFXcAAAAJ:hqOjcs7Dif8C",
      "authors": "YY Wu, PY Mok, YL Kwok, JT Fan, JH Xin",
      "venue": "International conference on Innovative Methods in Product Design, 2011",
      "year": 2011,
      "citations": 58
    },
    {
      "title": "Interactive virtual try-on clothing design systems",
      "url": "https://scholar.google.com/citations?view_op=view_citation&hl=en&user=-83FFXcAAAAJ&citation_for_view=-83FFXcAAAAJ:u5HHmVD_uO8C",
      "authors": "Y Meng, PY Mok, X Jin",
      "venue": "Computer-Aided Design 42 (4), 310-321, 2010",
      "year": 2010,
      "citations": 165
    },
    {
      "title": "A fashion mix-and-match expert system for fashion retailers using fuzzy screening approach",
      "url": "https://scholar.google.com/citations?view_op=view_citation&hl=en&user=-83FFXcAAAAJ&citation_for_view=-83FFXcAAAAJ:UeHWp8X0CEIC",
      "authors": "WK Wong, XH Zeng, WMR Au, PY Mok, SYS Leung",
      "venue": "Expert Systems with Applications 36 (2), 1750-1764, 2009",
      "year": 2009,
      "citations": 61
    },
    {
      "title": "An exploratory comparative study on eco-impact of paper and plastic bags",
      "url": "https://scholar.google.com/citations?view_op=view_citation&hl=en&user=-83FFXcAAAAJ&citation_for_view=-83FFXcAAAAJ:YsMSGLbcyi4C",
      "authors": "SS Muthu, Y Li, JY Hu, PY Mok",
      "venue": "纤维生物工程及信息杂志 1 (4), 307-320, 2009",
      "year": 2009,
      "citations": 59
    },
    {
      "title": "Optimisation of fault-tolerant fabric-cutting schedules using genetic algorithms and fuzzy set theory",
      "url": "https://scholar.google.com/citations?view_op=view_citation&hl=en&user=-83FFXcAAAAJ&citation_for_view=-83FFXcAAAAJ:2osOgNQ5qMEC",
      "authors": "PY Mok, CK Kwong, WK Wong",
      "venue": "European Journal of Operational Research 177 (3), 1876-1893, 2007",
      "year": 2007,
      "citations": 68
    },
    {
      "title": "Developing a genetic optimisation approach to balance an apparel assembly line",
      "url": "https://scholar.google.com/citations?view_op=view_citation&hl=en&user=-83FFXcAAAAJ&citation_for_view=-83FFXcAAAAJ:d1gkVwhDpl0C",
      "authors": "WK Wong, PY Mok, SYS Leung",
      "venue": "The International Journal of Advanced Manufacturing Technology 28 (3), 387-394, 2006",
      "year": 2006,
      "citations": 65
    }
  ],
  "co_authors": []
}