{
  "author_info": {
    "name": "Xingming Long",
    "affiliation": "中国科学院计算技术研究所",
    "email_verified": "Verified email at vipl.ict.ac.cn",
    "interests": [],
    "photo_url": "/citations/images/avatar_scholar_128.png"
  },
  "citation_stats": {
    "citations_all": 115,
    "citations_since_2020": 115,
    "h_index_all": 6,
    "h_index_since_2020": 6,
    "i10_index_all": 2,
    "i10_index_since_2020": 2,
    "citation_graph": [
      {
        "year": 2021,
        "citations": 1
      },
      {
        "year": 2022,
        "citations": 12
      },
      {
        "year": 2023,
        "citations": 27
      },
      {
        "year": 2024,
        "citations": 29
      },
      {
        "year": 2025,
        "citations": 44
      }
    ]
  },
  "papers": [
    {
      "title": "Confidence aware learning for reliable face anti-spoofing",
      "url": "https://scholar.google.com/citations?view_op=view_citation&hl=en&user=-MzDkGYAAAAJ&citation_for_view=-MzDkGYAAAAJ:LkGwnXOMwfcC",
      "authors": "X Long, J Zhang, S Shan",
      "venue": "IEEE Transactions on Information Forensics and Security, 2025",
      "year": 2025,
      "citations": 6
    },
    {
      "title": "VOPE: Revisiting Hallucination of Vision-Language Models in Voluntary Imagination Task",
      "url": "https://scholar.google.com/citations?view_op=view_citation&hl=en&user=-MzDkGYAAAAJ&citation_for_view=-MzDkGYAAAAJ:roLk4NBRz8UC",
      "authors": "X Long, J Zhang, S Shan, X Chen",
      "venue": "arXiv preprint arXiv:2511.13420, 2025",
      "year": 2025,
      "citations": 0
    },
    {
      "title": "Generalized Face Liveness Detection via De-Fake Face Generator",
      "url": "https://scholar.google.com/citations?view_op=view_citation&hl=en&user=-MzDkGYAAAAJ&citation_for_view=-MzDkGYAAAAJ:_FxGoFyzp5QC",
      "authors": "X Long, J Zhang, S Shan",
      "venue": "IEEE Transactions on Pattern Analysis and Machine Intelligence, 2024",
      "year": 2024,
      "citations": 7
    },
    {
      "title": "Rethinking the Evaluation of Out-of-Distribution Detection: A Sorites Paradox",
      "url": "https://scholar.google.com/citations?view_op=view_citation&hl=en&user=-MzDkGYAAAAJ&citation_for_view=-MzDkGYAAAAJ:eQOLeE2rZwMC",
      "authors": "X Long, J Zhang, S Shan, X Chen",
      "venue": "Advances in Neural Information Processing Systems 37, 89806-89833, 2024",
      "year": 2024,
      "citations": 4
    },
    {
      "title": "Semantic or Covariate? A Study on the Intractable Case of Out-of-Distribution Detection",
      "url": "https://scholar.google.com/citations?view_op=view_citation&hl=en&user=-MzDkGYAAAAJ&citation_for_view=-MzDkGYAAAAJ:Tyk-4Ss8FVUC",
      "authors": "X Long, J Zhang, S Shan, X Chen",
      "venue": "arXiv preprint arXiv:2411.11254, 2024",
      "year": 2024,
      "citations": 0
    },
    {
      "title": "Generalized Face Liveness Detection via De-spoofing Face Generator",
      "url": "https://scholar.google.com/citations?view_op=view_citation&hl=en&user=-MzDkGYAAAAJ&citation_for_view=-MzDkGYAAAAJ:W7OEmFMy1HYC",
      "authors": "X Long, S Shan, J Zhang",
      "venue": "arXiv preprint arXiv:2401.09006, 2024",
      "year": 2024,
      "citations": 0
    },
    {
      "title": "Dual sampling based causal intervention for face anti-spoofing with identity debiasing",
      "url": "https://scholar.google.com/citations?view_op=view_citation&hl=en&user=-MzDkGYAAAAJ&citation_for_view=-MzDkGYAAAAJ:Y0pCki6q_DkC",
      "authors": "X Long, J Zhang, S Wu, X Jin, S Shan",
      "venue": "IEEE Transactions on Information Forensics and Security 19, 851-862, 2023",
      "year": 2023,
      "citations": 9
    },
    {
      "title": "Tactile-based fabric defect detection using convolutional neural network with attention mechanism",
      "url": "https://scholar.google.com/citations?view_op=view_citation&hl=en&user=-MzDkGYAAAAJ&citation_for_view=-MzDkGYAAAAJ:WF5omc3nYNoC",
      "authors": "B Fang, X Long, F Sun, H Liu, S Zhang, C Fang",
      "venue": "IEEE Transactions on Instrumentation and Measurement 71, 1-9, 2022",
      "year": 2022,
      "citations": 64
    },
    {
      "title": "Fabric defect detection using tactile information",
      "url": "https://scholar.google.com/citations?view_op=view_citation&hl=en&user=-MzDkGYAAAAJ&citation_for_view=-MzDkGYAAAAJ:YsMSGLbcyi4C",
      "authors": "X Long, B Fang, Y Zhang, GY Luo, F Sun",
      "venue": "2021 IEEE International Conference on Robotics and Automation (ICRA), 11169 …, 2021",
      "year": 2021,
      "citations": 16
    },
    {
      "title": "Fabric defect detection using vision-based tactile sensor",
      "url": "https://scholar.google.com/citations?view_op=view_citation&hl=en&user=-MzDkGYAAAAJ&citation_for_view=-MzDkGYAAAAJ:ufrVoPGSRksC",
      "authors": "B Fang, X Long, Y Zhang, GY Luo, F Sun, H Liu",
      "venue": "arXiv preprint arXiv:2003.00839, 2020",
      "year": 2020,
      "citations": 9
    }
  ],
  "co_authors": []
}