{
  "author_info": {
    "name": "Ya Jing",
    "affiliation": "Beijing University of Technology",
    "email_verified": "Verified email at bjut.edu.cn",
    "interests": [
      "Computer Vision",
      "Robot Learning",
      "Cross-modal Learning"
    ],
    "photo_url": "https://scholar.googleusercontent.com/citations?view_op=view_photo&user=-dWGUzoAAAAJ&citpid=1"
  },
  "citation_stats": {
    "citations_all": 1750,
    "citations_since_2020": 1686,
    "h_index_all": 12,
    "h_index_since_2020": 12,
    "i10_index_all": 14,
    "i10_index_since_2020": 14,
    "citation_graph": [
      {
        "year": 2019,
        "citations": 53
      },
      {
        "year": 2020,
        "citations": 83
      },
      {
        "year": 2021,
        "citations": 164
      },
      {
        "year": 2022,
        "citations": 162
      },
      {
        "year": 2023,
        "citations": 206
      },
      {
        "year": 2024,
        "citations": 366
      },
      {
        "year": 2025,
        "citations": 699
      }
    ]
  },
  "papers": [
    {
      "title": "Image processing method, storage medium and comptuer device",
      "url": "https://scholar.google.com/citations?view_op=view_citation&hl=en&user=-dWGUzoAAAAJ&citation_for_view=-dWGUzoAAAAJ:0EnyYjriUFMC",
      "authors": "Y Jing, T Kong",
      "venue": "US Patent App. 18/839,645, 2025",
      "year": 2025,
      "citations": 0
    },
    {
      "title": "Method, device and medium for operating robot arm",
      "url": "https://scholar.google.com/citations?view_op=view_citation&hl=en&user=-dWGUzoAAAAJ&citation_for_view=-dWGUzoAAAAJ:hqOjcs7Dif8C",
      "authors": "H Wu, Y Jing, C CHEANG, G CHEN, J Xu, T Kong",
      "venue": "US Patent App. 18/774,064, 2025",
      "year": 2025,
      "citations": 0
    },
    {
      "title": "Information processing method, task execution method, apparatus, device and medium",
      "url": "https://scholar.google.com/citations?view_op=view_citation&hl=en&user=-dWGUzoAAAAJ&citation_for_view=-dWGUzoAAAAJ:UebtZRa9Y70C",
      "authors": "H ZHANG, LI Xinghang, LIU Minghuan, J Xu, H Wu, Y Jing, C CHEANG, ...",
      "venue": "US Patent App. 18/900,502, 2025",
      "year": 2025,
      "citations": 0
    },
    {
      "title": "DSACap: Enhancing Visual-Semantic Alignment with Diffusion-based Framework for Image Captioning",
      "url": "https://scholar.google.com/citations?view_op=view_citation&hl=en&user=-dWGUzoAAAAJ&citation_for_view=-dWGUzoAAAAJ:5nxA0vEk-isC",
      "authors": "L Fu, J Wang, Y Li, Q Jin, H Wang, Y Jing, L Huang, L Yao, J Zheng, X Wu, ...",
      "venue": "ACM MM 2025, 2025",
      "year": 2025,
      "citations": 0
    },
    {
      "title": "Vision-language foundation models as effective robot imitators",
      "url": "https://scholar.google.com/citations?view_op=view_citation&hl=en&user=-dWGUzoAAAAJ&citation_for_view=-dWGUzoAAAAJ:ufrVoPGSRksC",
      "authors": "X Li, M Liu, H Zhang, C Yu, J Xu, H Wu, C Cheang, Y Jing, W Zhang, ...",
      "venue": "ICLR 2024, 2024",
      "year": 2024,
      "citations": 293
    },
    {
      "title": "Unleashing large-scale video generative pre-training for visual robot manipulation",
      "url": "https://scholar.google.com/citations?view_op=view_citation&hl=en&user=-dWGUzoAAAAJ&citation_for_view=-dWGUzoAAAAJ:WF5omc3nYNoC",
      "authors": "H Wu*, Y Jing*, C Cheang, G Chen, J Xu, X Li, M Liu, H Li, T Kong",
      "venue": "ICLR 2024, 2024",
      "year": 2024,
      "citations": 204
    },
    {
      "title": "Gr-2: A generative video-language-action model with web-scale knowledge for robot manipulation",
      "url": "https://scholar.google.com/citations?view_op=view_citation&hl=en&user=-dWGUzoAAAAJ&citation_for_view=-dWGUzoAAAAJ:LkGwnXOMwfcC",
      "authors": "CL Cheang, G Chen, Y Jing, T Kong, H Li, Y Li, Y Liu, H Wu, J Xu, Y Yang, ...",
      "venue": "arXiv preprint arXiv:2410.06158, 2024",
      "year": 2024,
      "citations": 155
    },
    {
      "title": "Memory-adaptive vision-and-language navigation",
      "url": "https://scholar.google.com/citations?view_op=view_citation&hl=en&user=-dWGUzoAAAAJ&citation_for_view=-dWGUzoAAAAJ:_FxGoFyzp5QC",
      "authors": "K He, Y Jing, Y Huang, Z Lu, D An, L Wang",
      "venue": "Pattern Recognition 153, 110511, 2024",
      "year": 2024,
      "citations": 10
    },
    {
      "title": "Method and apparatus for robot control, device, robot, and medium",
      "url": "https://scholar.google.com/citations?view_op=view_citation&hl=en&user=-dWGUzoAAAAJ&citation_for_view=-dWGUzoAAAAJ:Se3iqnhoufwC",
      "authors": "Y Taozheng, Y Jing, H Wu, S Kuankuan, S Qie, T Kong",
      "venue": "US Patent App. 18/659,595, 2024",
      "year": 2024,
      "citations": 0
    },
    {
      "title": "Exploring visual pre-training for robot manipulation: Datasets, models and methods",
      "url": "https://scholar.google.com/citations?view_op=view_citation&hl=en&user=-dWGUzoAAAAJ&citation_for_view=-dWGUzoAAAAJ:9yKSN-GCB0IC",
      "authors": "Y Jing*, X Zhu*, X Liu*, Q Sima, T Yang, Y Feng, T Kong",
      "venue": "IROS 2023, 2023",
      "year": 2023,
      "citations": 21
    },
    {
      "title": "MOMA-Force: Visual-Force Imitation for Real-World Mobile Manipulation",
      "url": "https://scholar.google.com/citations?view_op=view_citation&hl=en&user=-dWGUzoAAAAJ&citation_for_view=-dWGUzoAAAAJ:YsMSGLbcyi4C",
      "authors": "T Yang*, Y Jing*, H Wu*, J Xu*, K Sima, G Chen, Q Sima, T Kong",
      "venue": "IROS 2023, 2023",
      "year": 2023,
      "citations": 18
    },
    {
      "title": "Learning to explore informative trajectories and samples for embodied perception",
      "url": "https://scholar.google.com/citations?view_op=view_citation&hl=en&user=-dWGUzoAAAAJ&citation_for_view=-dWGUzoAAAAJ:W7OEmFMy1HYC",
      "authors": "Y Jing, T Kong",
      "venue": "ICRA 2023, 2023",
      "year": 2023,
      "citations": 10
    },
    {
      "title": "Towards unifying reference expression generation and comprehension",
      "url": "https://scholar.google.com/citations?view_op=view_citation&hl=en&user=-dWGUzoAAAAJ&citation_for_view=-dWGUzoAAAAJ:2osOgNQ5qMEC",
      "authors": "D Zheng, T Kong, Y Jing, J Wang, X Wang",
      "venue": "EMNLP 2022, 2022",
      "year": 2022,
      "citations": 7
    },
    {
      "title": "Locate then segment: A strong pipeline for referring image segmentation",
      "url": "https://scholar.google.com/citations?view_op=view_citation&hl=en&user=-dWGUzoAAAAJ&citation_for_view=-dWGUzoAAAAJ:d1gkVwhDpl0C",
      "authors": "Y Jing, T Kong, W Wang, L Wang, L Li, T Tan",
      "venue": "CVPR 2021, 2021",
      "year": 2021,
      "citations": 193
    },
    {
      "title": "Learning aligned image-text representations using graph attentive relational network",
      "url": "https://scholar.google.com/citations?view_op=view_citation&hl=en&user=-dWGUzoAAAAJ&citation_for_view=-dWGUzoAAAAJ:Tyk-4Ss8FVUC",
      "authors": "Y Jing, W Wang, L Wang, T Tan",
      "venue": "IEEE Transactions on Image Processing (TIP) 30, 1840-1852, 2021",
      "year": 2021,
      "citations": 20
    },
    {
      "title": "Pose-guided multi-granularity attention network for text-based person search",
      "url": "https://scholar.google.com/citations?view_op=view_citation&hl=en&user=-dWGUzoAAAAJ&citation_for_view=-dWGUzoAAAAJ:IjCSPb-OGe4C",
      "authors": "Y Jing, C Si, J Wang, W Wang, L Wang, T Tan",
      "venue": "AAAI 2020, 2020",
      "year": 2020,
      "citations": 207
    },
    {
      "title": "Skeleton-based action recognition with hierarchical spatial reasoning and temporal stack learning network",
      "url": "https://scholar.google.com/citations?view_op=view_citation&hl=en&user=-dWGUzoAAAAJ&citation_for_view=-dWGUzoAAAAJ:roLk4NBRz8UC",
      "authors": "C Si*, Y Jing*, W Wang, L Wang, T Tan",
      "venue": "Pattern Recognition 107, 107511, 2020",
      "year": 2020,
      "citations": 97
    },
    {
      "title": "Cross-modal cross-domain moment alignment network for person search",
      "url": "https://scholar.google.com/citations?view_op=view_citation&hl=en&user=-dWGUzoAAAAJ&citation_for_view=-dWGUzoAAAAJ:u5HHmVD_uO8C",
      "authors": "Y Jing, W Wang, L Wang, T Tan",
      "venue": "CVPR 2020, 2020",
      "year": 2020,
      "citations": 33
    },
    {
      "title": "Relational graph neural network for situation recognition",
      "url": "https://scholar.google.com/citations?view_op=view_citation&hl=en&user=-dWGUzoAAAAJ&citation_for_view=-dWGUzoAAAAJ:u-x6o8ySG0sC",
      "authors": "Y Jing, J Wang, W Wang, L Wang, T Tan",
      "venue": "Pattern Recognition 108, 107544, 2020",
      "year": 2020,
      "citations": 22
    },
    {
      "title": "Skeleton-based action recognition with spatial reasoning and temporal stack learning",
      "url": "https://scholar.google.com/citations?view_op=view_citation&hl=en&user=-dWGUzoAAAAJ&citation_for_view=-dWGUzoAAAAJ:zYLM7Y9cAGgC",
      "authors": "C Si, Y Jing, W Wang, L Wang, T Tan",
      "venue": "ECCV 2018, 2018",
      "year": 2018,
      "citations": 460
    }
  ],
  "co_authors": [
    {
      "name": "Tao Kong",
      "scholar_id": "kSUXLPkAAAAJ",
      "url": "https://scholar.google.com/citations?user=kSUXLPkAAAAJ"
    },
    {
      "name": "Liang Wang",
      "scholar_id": "8kzzUboAAAAJ",
      "url": "https://scholar.google.com/citations?user=8kzzUboAAAAJ"
    },
    {
      "name": "Tieniu Tan",
      "scholar_id": "W-FGd_UAAAAJ",
      "url": "https://scholar.google.com/citations?user=W-FGd_UAAAAJ"
    },
    {
      "name": "Wang Wei（王威）",
      "scholar_id": "bW7FUnYAAAAJ",
      "url": "https://scholar.google.com/citations?user=bW7FUnYAAAAJ"
    },
    {
      "name": "Lei Li",
      "scholar_id": "1B0l7U8AAAAJ",
      "url": "https://scholar.google.com/citations?user=1B0l7U8AAAAJ"
    }
  ]
}