{
  "author_info": {
    "name": "Ji-Zhe Zhou",
    "affiliation": "Sichuan University",
    "email_verified": "Verified email at scu.edu.cn - Homepage",
    "website": "http://knightzjz.github.io/",
    "interests": [
      "Fake Image Detection",
      "Reconstruction for Perception",
      "Vision Foundation"
    ],
    "photo_url": "https://scholar.googleusercontent.com/citations?view_op=view_photo&user=-cNWmJMAAAAJ&citpid=8"
  },
  "citation_stats": {
    "citations_all": 596,
    "citations_since_2020": 557,
    "h_index_all": 11,
    "h_index_since_2020": 11,
    "i10_index_all": 13,
    "i10_index_since_2020": 12,
    "citation_graph": [
      {
        "year": 2015,
        "citations": 2
      },
      {
        "year": 2016,
        "citations": 1
      },
      {
        "year": 2017,
        "citations": 5
      },
      {
        "year": 2018,
        "citations": 13
      },
      {
        "year": 2019,
        "citations": 14
      },
      {
        "year": 2020,
        "citations": 13
      },
      {
        "year": 2021,
        "citations": 17
      },
      {
        "year": 2022,
        "citations": 43
      },
      {
        "year": 2023,
        "citations": 85
      },
      {
        "year": 2024,
        "citations": 120
      },
      {
        "year": 2025,
        "citations": 270
      }
    ]
  },
  "papers": [
    {
      "title": "Can We Get Rid of Handcrafted Feature Extractors? SparseViT: Nonsemantics-Centered, Parameter-Efficient Image Manipulation Localization Through Spare-Coding Transformer",
      "url": "https://scholar.google.com/citations?view_op=view_citation&hl=en&user=-cNWmJMAAAAJ&citation_for_view=-cNWmJMAAAAJ:rO6llkc54NcC",
      "authors": "L Su, X Ma, X Zhu, C Niu, Z Lei, JZ Zhou",
      "venue": "AAAI 2025, 2025",
      "year": 2025,
      "citations": 30
    },
    {
      "title": "Mesoscopic Insights: Orchestrating Multi-Scale & Hybrid Architecture for Image Manipulation Localization",
      "url": "https://scholar.google.com/citations?view_op=view_citation&hl=en&user=-cNWmJMAAAAJ&citation_for_view=-cNWmJMAAAAJ:3s1wT3WcHBgC",
      "authors": "X Zhu, X Ma, L Su, Z Jiang, B Du, X Wang, Z Lei, W Feng, CM Pun, JZ Zhou",
      "venue": "AAAI 2025, 2025",
      "year": 2025,
      "citations": 19
    },
    {
      "title": "ForensicHub: A Unified Benchmark & Codebase for All-Domain Fake Image Detection and Localization",
      "url": "https://scholar.google.com/citations?view_op=view_citation&hl=en&user=-cNWmJMAAAAJ&citation_for_view=-cNWmJMAAAAJ:cFHS6HbyZ2cC",
      "authors": "B Du, X Zhu, X Ma, C Qu, K Feng, Z Yang, CM Pun, J Liu, J Zhou",
      "venue": "arXiv preprint arXiv:2505.11003, 2025",
      "year": 2025,
      "citations": 3
    },
    {
      "title": "IMDL-BenCo: A Comprehensive Benchmark and Codebase for Image Manipulation Detection & Localization",
      "url": "https://scholar.google.com/citations?view_op=view_citation&hl=en&user=-cNWmJMAAAAJ&citation_for_view=-cNWmJMAAAAJ:NaGl4SEjCO4C",
      "authors": "Ma, Xiaochen and Zhu, Xuekang and Su, Lei and Du, Bo and Jiang, Zhuohang and ...",
      "venue": "Conference on Neural Information Processing Systems (NeurIPS 2024) 37 …, 2024",
      "year": 2024,
      "citations": 21
    },
    {
      "title": "Diffusion Posterior Proximal Sampling for Image Restoration",
      "url": "https://scholar.google.com/citations?view_op=view_citation&hl=en&user=-cNWmJMAAAAJ&citation_for_view=-cNWmJMAAAAJ:JV2RwH3_ST0C",
      "authors": "H Wu, Linchao He, Mingqin Zhang, Dongdong Chen, Kunming Luo, Mengting Luo ...",
      "venue": "ACM MM 2024, 2024",
      "year": 2024,
      "citations": 18
    },
    {
      "title": "Research about the Ability of LLM in the Tamper-Detection Area",
      "url": "https://scholar.google.com/citations?view_op=view_citation&hl=en&user=-cNWmJMAAAAJ&citation_for_view=-cNWmJMAAAAJ:RHpTSmoSYBkC",
      "authors": "X Yang, J Zhou",
      "venue": "arXiv preprint arXiv:2401.13504, 2024",
      "year": 2024,
      "citations": 6
    },
    {
      "title": "DP-RAE: A Dual-Phase Merging Reversible Adversarial Example for Image Privacy Protection",
      "url": "https://scholar.google.com/citations?view_op=view_citation&hl=en&user=-cNWmJMAAAAJ&citation_for_view=-cNWmJMAAAAJ:J_g5lzvAfSwC",
      "authors": "J Zhu, X Du, J Zhou, CM Pun, Q Xu, X Liu",
      "venue": "ACM MM 2024, 671-680, 2024",
      "year": 2024,
      "citations": 5
    },
    {
      "title": "IML-ViT: Image Manipulation Localization by Vision Transformer",
      "url": "https://scholar.google.com/citations?view_op=view_citation&hl=en&user=-cNWmJMAAAAJ&citation_for_view=-cNWmJMAAAAJ:e5wmG9Sq2KIC",
      "authors": "X Ma, B Du, X Liu, AYA Hammadi, J Zhou",
      "venue": "arXiv preprint arXiv:2307.14863, 2023",
      "year": 2023,
      "citations": 79
    },
    {
      "title": "Pre-Training-Free Image Manipulation Localization through Non-Mutually Exclusive Contrastive Learning",
      "url": "https://scholar.google.com/citations?view_op=view_citation&hl=en&user=-cNWmJMAAAAJ&citation_for_view=-cNWmJMAAAAJ:IWHjjKOFINEC",
      "authors": "J Zhou, X Ma, X Du, AY Alhammadi, W Feng",
      "venue": "ICCV 2023, 2023",
      "year": 2023,
      "citations": 56
    },
    {
      "title": "Revisiting the transferability of adversarial examples via source-agnostic adversarial feature inducing method",
      "url": "https://scholar.google.com/citations?view_op=view_citation&hl=en&user=-cNWmJMAAAAJ&citation_for_view=-cNWmJMAAAAJ:0EnyYjriUFMC",
      "authors": "Y Xiao, J Zhou, K Chen, Z Liu",
      "venue": "Pattern Recognition 144, 109828, 2023",
      "year": 2023,
      "citations": 10
    },
    {
      "title": "Exploring the first-move balance point of Go-Moku based on reinforcement learning and Monte Carlo tree search",
      "url": "https://scholar.google.com/citations?view_op=view_citation&hl=en&user=-cNWmJMAAAAJ&citation_for_view=-cNWmJMAAAAJ:_FxGoFyzp5QC",
      "authors": "P Liu, J Zhou, J Lv",
      "venue": "Knowledge-Based Systems 261, 110207, 2023",
      "year": 2023,
      "citations": 9
    },
    {
      "title": "M2ATS: A Real-world Multimodal Air Traffic Situation Benchmark Dataset and Beyond",
      "url": "https://scholar.google.com/citations?view_op=view_citation&hl=en&user=-cNWmJMAAAAJ&citation_for_view=-cNWmJMAAAAJ:qUcmZB5y_30C",
      "authors": "D Guo, Y Lin, X You, ZYang, J Zhou, B Yang, J Zhang, H Shi, S Hu, ZZhang",
      "venue": "ACM MM 2023, 2023",
      "year": 2023,
      "citations": 7
    },
    {
      "title": "Towards recognition for radio-echo speech in air traffic control: Dataset and a contrastive learning approach",
      "url": "https://scholar.google.com/citations?view_op=view_citation&hl=en&user=-cNWmJMAAAAJ&citation_for_view=-cNWmJMAAAAJ:5nxA0vEk-isC",
      "authors": "Y Lin, Q Wang, X Yu, Z Zhang, D Guo, J Zhou",
      "venue": "IEEE/ACM Transactions on Audio, Speech, and Language Processing 31, 3249-3262, 2023",
      "year": 2023,
      "citations": 5
    },
    {
      "title": "DHI-GAN: improving dental-based human identification using generative adversarial networks",
      "url": "https://scholar.google.com/citations?view_op=view_citation&hl=en&user=-cNWmJMAAAAJ&citation_for_view=-cNWmJMAAAAJ:R3hNpaxXUhUC",
      "authors": "Y Lin, F Fan, J Zhang, J Zhou, P Liao, H Chen, Z Deng, Y Zhang",
      "venue": "IEEE Transactions on Neural Networks and Learning Systems 34 (12), 9700-9712, 2022",
      "year": 2022,
      "citations": 11
    },
    {
      "title": "Abstract rule learning for paraphrase generation",
      "url": "https://scholar.google.com/citations?view_op=view_citation&hl=en&user=-cNWmJMAAAAJ&citation_for_view=-cNWmJMAAAAJ:TQgYirikUcIC",
      "authors": "J Zhou, Xianggen Liu, Wenqiang Lei, Jiancheng Lv",
      "venue": "IJCAI 2022, 4273--4279, 2022",
      "year": 2022,
      "citations": 7
    },
    {
      "title": "Paraphrase generation: A survey of the state of the art",
      "url": "https://scholar.google.com/citations?view_op=view_citation&hl=en&user=-cNWmJMAAAAJ&citation_for_view=-cNWmJMAAAAJ:UebtZRa9Y70C",
      "authors": "J Zhou, S Bhat",
      "venue": "Proceedings of the 2021 conference on empirical methods in natural language …, 2021",
      "year": 2021,
      "citations": 113
    },
    {
      "title": "Personal privacy protection via irrelevant faces tracking and pixelation in video live streaming",
      "url": "https://scholar.google.com/citations?view_op=view_citation&hl=en&user=-cNWmJMAAAAJ&citation_for_view=-cNWmJMAAAAJ:dfsIfKJdRG4C",
      "authors": "J Zhou, CM Pun",
      "venue": "IEEE Transactions on Information Forensics and Security 16, 1088-1103, 2020",
      "year": 2020,
      "citations": 63
    },
    {
      "title": "Privacy-sensitive objects pixelation for live video streaming",
      "url": "https://scholar.google.com/citations?view_op=view_citation&hl=en&user=-cNWmJMAAAAJ&citation_for_view=-cNWmJMAAAAJ:hC7cP41nSMkC",
      "authors": "J Zhou, Chi-Man Pun, Yu Tong",
      "venue": "ACM MM 2020, 2020",
      "year": 2020,
      "citations": 17
    },
    {
      "title": "Joint resource allocation and user association for heterogeneous services in multi-access edge computing networks",
      "url": "https://scholar.google.com/citations?view_op=view_citation&hl=en&user=-cNWmJMAAAAJ&citation_for_view=-cNWmJMAAAAJ:hqOjcs7Dif8C",
      "authors": "J Zhou, X Zhang, W Wang",
      "venue": "IEEE Access 7, 12272-12282, 2019",
      "year": 2019,
      "citations": 72
    },
    {
      "title": "Real-time personalized content catering via viewer sentiment feedback: a QoE perspective",
      "url": "https://scholar.google.com/citations?view_op=view_citation&hl=en&user=-cNWmJMAAAAJ&citation_for_view=-cNWmJMAAAAJ:MXK_kJrjxJIC",
      "authors": "X Tao, L Dong, Y Li, J Zhou, N Ge, J Lu",
      "venue": "IEEE Network 29 (6), 14-19, 2015",
      "year": 2015,
      "citations": 27
    }
  ],
  "co_authors": [
    {
      "name": "Chi-Man Pun",
      "scholar_id": "JTkP_EAAAAAJ",
      "url": "https://scholar.google.com/citations?user=JTkP_EAAAAAJ"
    },
    {
      "name": "Xiaochen Ma",
      "scholar_id": "hGEIyCEAAAAJ",
      "url": "https://scholar.google.com/citations?user=hGEIyCEAAAAJ"
    },
    {
      "name": "Jiancheng LV",
      "scholar_id": "0TCaWKwAAAAJ",
      "url": "https://scholar.google.com/citations?user=0TCaWKwAAAAJ"
    },
    {
      "name": "Xia Du",
      "scholar_id": "JheiwGAAAAAJ",
      "url": "https://scholar.google.com/citations?user=JheiwGAAAAAJ"
    },
    {
      "name": "Dr.-Ing. Wentao Feng",
      "scholar_id": "TfvIKm4AAAAJ",
      "url": "https://scholar.google.com/citations?user=TfvIKm4AAAAJ"
    },
    {
      "name": "Yu Tong",
      "scholar_id": "2iRQuW8AAAAJ",
      "url": "https://scholar.google.com/citations?user=2iRQuW8AAAAJ"
    },
    {
      "name": "Ahmed Alhammadi",
      "scholar_id": "m6BPDY0AAAAJ",
      "url": "https://scholar.google.com/citations?user=m6BPDY0AAAAJ"
    },
    {
      "name": "Qin Li",
      "scholar_id": "2D8SI18AAAAJ",
      "url": "https://scholar.google.com/citations?user=2D8SI18AAAAJ"
    }
  ]
}