{
  "author_info": {
    "name": "Jiankun Wang",
    "affiliation": "Southern University of Science and Technology",
    "email_verified": "Verified email at sustech.edu.cn - Homepage",
    "website": "https://jkwang1992.github.io/",
    "interests": [
      "Robotics",
      "Path Planning",
      "Motion Control",
      "Human-Robot Interaction"
    ],
    "photo_url": "https://scholar.googleusercontent.com/citations?view_op=view_photo&user=08U8joq2FOQC&citpid=4"
  },
  "citation_stats": {
    "citations_all": 3027,
    "citations_since_2020": 2983,
    "h_index_all": 27,
    "h_index_since_2020": 27,
    "i10_index_all": 53,
    "i10_index_since_2020": 53,
    "citation_graph": [
      {
        "year": 2019,
        "citations": 31
      },
      {
        "year": 2020,
        "citations": 74
      },
      {
        "year": 2021,
        "citations": 226
      },
      {
        "year": 2022,
        "citations": 332
      },
      {
        "year": 2023,
        "citations": 591
      },
      {
        "year": 2024,
        "citations": 804
      },
      {
        "year": 2025,
        "citations": 932
      }
    ]
  },
  "papers": [
    {
      "title": "GMR-RRT*: Sampling-based path planning using gaussian mixture regression",
      "url": "https://scholar.google.com/citations?view_op=view_citation&hl=en&user=08U8joq2FOQC&citation_for_view=08U8joq2FOQC:RHpTSmoSYBkC",
      "authors": "J Wang, T Li, B Li, MQH Meng",
      "venue": "IEEE Transactions on Intelligent Vehicles 7 (3), 690-700, 2022",
      "year": 2022,
      "citations": 107
    },
    {
      "title": "Bi-Risk-RRT based efficient motion planning for autonomous ground vehicles",
      "url": "https://scholar.google.com/citations?view_op=view_citation&hl=en&user=08U8joq2FOQC&citation_for_view=08U8joq2FOQC:HoB7MX3m0LUC",
      "authors": "H Ma, F Meng, C Ye, J Wang, MQH Meng",
      "venue": "IEEE Transactions on Intelligent Vehicles 7 (3), 722-733, 2022",
      "year": 2022,
      "citations": 41
    },
    {
      "title": "A generalized Voronoi diagram-based efficient heuristic path planning method for RRTs in mobile robots",
      "url": "https://scholar.google.com/citations?view_op=view_citation&hl=en&user=08U8joq2FOQC&citation_for_view=08U8joq2FOQC:4DMP91E08xMC",
      "authors": "W Chi, Z Ding, J Wang, G Chen, L Sun",
      "venue": "IEEE Transactions on Industrial Electronics 69 (5), 4926-4937, 2021",
      "year": 2021,
      "citations": 181
    },
    {
      "title": "Kinematic Constrained Bi-directional RRT with Efficient Branch Pruning for robot path planning",
      "url": "https://scholar.google.com/citations?view_op=view_citation&hl=en&user=08U8joq2FOQC&citation_for_view=08U8joq2FOQC:ULOm3_A8WrAC",
      "authors": "J Wang, B Li, MQH Meng",
      "venue": "Expert Systems with Applications 170, 114541, 2021",
      "year": 2021,
      "citations": 153
    },
    {
      "title": "A survey of learning‐based robot motion planning",
      "url": "https://scholar.google.com/citations?view_op=view_citation&hl=en&user=08U8joq2FOQC&citation_for_view=08U8joq2FOQC:mVmsd5A6BfQC",
      "authors": "J Wang, T Zhang, N Ma, Z Li, H Ma, F Meng, MQH Meng",
      "venue": "IET Cyber‐Systems and Robotics 3 (4), 302-314, 2021",
      "year": 2021,
      "citations": 105
    },
    {
      "title": "A survey of the development of biomimetic intelligence and robotics",
      "url": "https://scholar.google.com/citations?view_op=view_citation&hl=en&user=08U8joq2FOQC&citation_for_view=08U8joq2FOQC:aqlVkmm33-oC",
      "authors": "J Wang, W Chen, X Xiao, Y Xu, C Li, X Jia, MQH Meng",
      "venue": "Biomimetic Intelligence and Robotics 1, 100001, 2021",
      "year": 2021,
      "citations": 96
    },
    {
      "title": "Generative adversarial network based heuristics for sampling-based path planning",
      "url": "https://scholar.google.com/citations?view_op=view_citation&hl=en&user=08U8joq2FOQC&citation_for_view=08U8joq2FOQC:KlAtU1dfN6UC",
      "authors": "T Zhang, J Wang, MQH Meng",
      "venue": "IEEE/CAA Journal of Automatica Sinica 9 (1), 64-74, 2021",
      "year": 2021,
      "citations": 81
    },
    {
      "title": "Conditional generative adversarial networks for optimal path planning",
      "url": "https://scholar.google.com/citations?view_op=view_citation&hl=en&user=08U8joq2FOQC&citation_for_view=08U8joq2FOQC:Zph67rFs4hoC",
      "authors": "N Ma, J Wang, J Liu, MQH Meng",
      "venue": "IEEE Transactions on Cognitive and Developmental Systems 14 (2), 662-671, 2021",
      "year": 2021,
      "citations": 66
    },
    {
      "title": "Efficient robot motion planning using bidirectional-unidirectional RRT extend function",
      "url": "https://scholar.google.com/citations?view_op=view_citation&hl=en&user=08U8joq2FOQC&citation_for_view=08U8joq2FOQC:e5wmG9Sq2KIC",
      "authors": "J Wang, W Chi, C Li, MQH Meng",
      "venue": "IEEE Transactions on Automation Science and Engineering 19 (3), 1859-1868, 2021",
      "year": 2021,
      "citations": 51
    },
    {
      "title": "Deep neural network enhanced sampling-based path planning in 3D space",
      "url": "https://scholar.google.com/citations?view_op=view_citation&hl=en&user=08U8joq2FOQC&citation_for_view=08U8joq2FOQC:R3hNpaxXUhUC",
      "authors": "J Wang, X Jia, T Zhang, N Ma, MQH Meng",
      "venue": "IEEE Transactions on Automation Science and Engineering 19 (4), 3434-3443, 2021",
      "year": 2021,
      "citations": 49
    },
    {
      "title": "Robot path planning via neural-network-driven prediction",
      "url": "https://scholar.google.com/citations?view_op=view_citation&hl=en&user=08U8joq2FOQC&citation_for_view=08U8joq2FOQC:-f6ydRqryjwC",
      "authors": "J Wang, J Liu, W Chen, W Chi, MQH Meng",
      "venue": "IEEE transactions on artificial intelligence 3 (3), 451-460, 2021",
      "year": 2021,
      "citations": 41
    },
    {
      "title": "Neural RRT*: Learning-based optimal path planning",
      "url": "https://scholar.google.com/citations?view_op=view_citation&hl=en&user=08U8joq2FOQC&citation_for_view=08U8joq2FOQC:YOwf2qJgpHMC",
      "authors": "J Wang, W Chi, C Li, C Wang, MQH Meng",
      "venue": "IEEE Transactions on Automation Science and Engineering 17 (4), 1748-1758, 2020",
      "year": 2020,
      "citations": 614
    },
    {
      "title": "EB-RRT: Optimal motion planning for mobile robots",
      "url": "https://scholar.google.com/citations?view_op=view_citation&hl=en&user=08U8joq2FOQC&citation_for_view=08U8joq2FOQC:3fE2CSJIrl8C",
      "authors": "J Wang, MQH Meng, O Khatib",
      "venue": "IEEE Transactions on Automation Science and Engineering 17 (4), 2063-2073, 2020",
      "year": 2020,
      "citations": 177
    },
    {
      "title": "Optimal path planning using generalized voronoi graph and multiple potential functions",
      "url": "https://scholar.google.com/citations?view_op=view_citation&hl=en&user=08U8joq2FOQC&citation_for_view=08U8joq2FOQC:8k81kl-MbHgC",
      "authors": "J Wang, MQH Meng",
      "venue": "IEEE transactions on industrial electronics 67 (12), 10621-10630, 2020",
      "year": 2020,
      "citations": 110
    },
    {
      "title": "SARL: Deep reinforcement learning based human-aware navigation for mobile robot in indoor environments",
      "url": "https://scholar.google.com/citations?view_op=view_citation&hl=en&user=08U8joq2FOQC&citation_for_view=08U8joq2FOQC:5nxA0vEk-isC",
      "authors": "K Li, Y Xu, J Wang, MQH Meng",
      "venue": "2019 IEEE International Conference on Robotics and Biomimetics (ROBIO), 688-694, 2019",
      "year": 2019,
      "citations": 64
    },
    {
      "title": "Finding a high-quality initial solution for the RRTs algorithms in 2D environments",
      "url": "https://scholar.google.com/citations?view_op=view_citation&hl=en&user=08U8joq2FOQC&citation_for_view=08U8joq2FOQC:WF5omc3nYNoC",
      "authors": "J Wang, W Chi, M Shao, MQH Meng",
      "venue": "Robotica 37 (10), 1677-1694, 2019",
      "year": 2019,
      "citations": 56
    },
    {
      "title": "Safe and robust mobile robot navigation in uneven indoor environments",
      "url": "https://scholar.google.com/citations?view_op=view_citation&hl=en&user=08U8joq2FOQC&citation_for_view=08U8joq2FOQC:Se3iqnhoufwC",
      "authors": "C Wang, J Wang, C Li, D Ho, J Cheng, T Yan, L Meng, MQH Meng",
      "venue": "Sensors 19 (13), 2993, 2019",
      "year": 2019,
      "citations": 47
    },
    {
      "title": "Risk-DTRRT-based optimal motion planning algorithm for mobile robots",
      "url": "https://scholar.google.com/citations?view_op=view_citation&hl=en&user=08U8joq2FOQC&citation_for_view=08U8joq2FOQC:Tyk-4Ss8FVUC",
      "authors": "W Chi, C Wang, J Wang, MQH Meng",
      "venue": "IEEE Transactions on Automation Science and Engineering 16 (3), 1271-1288, 2018",
      "year": 2018,
      "citations": 96
    },
    {
      "title": "Efficient object search with belief road map using mobile robot",
      "url": "https://scholar.google.com/citations?view_op=view_citation&hl=en&user=08U8joq2FOQC&citation_for_view=08U8joq2FOQC:zYLM7Y9cAGgC",
      "authors": "C Wang, J Cheng, J Wang, X Li, MQH Meng",
      "venue": "IEEE Robotics and Automation Letters 3 (4), 3081-3088, 2018",
      "year": 2018,
      "citations": 61
    },
    {
      "title": "Continuous systolic and diastolic blood pressure estimation utilizing long short-term memory network",
      "url": "https://scholar.google.com/citations?view_op=view_citation&hl=en&user=08U8joq2FOQC&citation_for_view=08U8joq2FOQC:qjMakFHDy7sC",
      "authors": "FPW Lo, CXT Li, J Wang, J Cheng, MQH Meng",
      "venue": "2017 39th annual international conference of the IEEE engineering in …, 2017",
      "year": 2017,
      "citations": 44
    }
  ],
  "co_authors": [
    {
      "name": "Max Q.-H. Meng",
      "scholar_id": "DxDCU7AAAAAJ",
      "url": "https://scholar.google.com/citations?user=DxDCU7AAAAAJ"
    },
    {
      "name": "Wenzheng Chi",
      "scholar_id": "LufVm3IAAAAJ",
      "url": "https://scholar.google.com/citations?user=LufVm3IAAAAJ"
    },
    {
      "name": "Jianbang Liu",
      "scholar_id": "bkgX8osAAAAJ",
      "url": "https://scholar.google.com/citations?user=bkgX8osAAAAJ"
    },
    {
      "name": "Xintong Li",
      "scholar_id": "l996-A8AAAAJ",
      "url": "https://scholar.google.com/citations?user=l996-A8AAAAJ"
    },
    {
      "name": "Oussama Khatib",
      "scholar_id": "4arkOLcAAAAJ",
      "url": "https://scholar.google.com/citations?user=4arkOLcAAAAJ"
    },
    {
      "name": "Frank Lo",
      "scholar_id": "lLHEIC4AAAAJ",
      "url": "https://scholar.google.com/citations?user=lLHEIC4AAAAJ"
    },
    {
      "name": "Mingjie Shao",
      "scholar_id": "anBs1YsAAAAJ",
      "url": "https://scholar.google.com/citations?user=anBs1YsAAAAJ"
    },
    {
      "name": "Zhaoting Li",
      "scholar_id": "KAVUl24AAAAJ",
      "url": "https://scholar.google.com/citations?user=KAVUl24AAAAJ"
    },
    {
      "name": "Yu Sun",
      "scholar_id": "U3w720cAAAAJ",
      "url": "https://scholar.google.com/citations?user=U3w720cAAAAJ"
    }
  ]
}