{
  "author_info": {
    "name": "Junwei Zhu",
    "affiliation": "Algorithm Engineer at Tencent",
    "email_verified": "Verified email at tencent.com",
    "interests": [
      "CV"
    ],
    "photo_url": "/citations/images/avatar_scholar_128.png"
  },
  "citation_stats": {
    "citations_all": 1023,
    "citations_since_2020": 1021,
    "h_index_all": 15,
    "h_index_since_2020": 15,
    "i10_index_all": 17,
    "i10_index_since_2020": 17,
    "citation_graph": [
      {
        "year": 2021,
        "citations": 7
      },
      {
        "year": 2022,
        "citations": 40
      },
      {
        "year": 2023,
        "citations": 158
      },
      {
        "year": 2024,
        "citations": 287
      },
      {
        "year": 2025,
        "citations": 525
      }
    ]
  },
  "papers": [
    {
      "title": "Sonic: Shifting focus to global audio perception in portrait animation",
      "url": "https://scholar.google.com/citations?view_op=view_citation&hl=en&user=-OxQlHsAAAAJ&citation_for_view=-OxQlHsAAAAJ:Wp0gIr-vW9MC",
      "authors": "X Ji, X Hu, Z Xu, J Zhu, C Lin, Q He, J Zhang, D Luo, Y Chen, Q Lin, Q Lu, ...",
      "venue": "Proceedings of the Computer Vision and Pattern Recognition Conference, 193-203, 2025",
      "year": 2025,
      "citations": 26
    },
    {
      "title": "Hunyuanportrait: Implicit condition control for enhanced portrait animation",
      "url": "https://scholar.google.com/citations?view_op=view_citation&hl=en&user=-OxQlHsAAAAJ&citation_for_view=-OxQlHsAAAAJ:dhFuZR0502QC",
      "authors": "Z Xu, Z Yu, Z Zhou, J Zhou, X Jin, FT Hong, X Ji, J Zhu, C Cai, S Tang, ...",
      "venue": "Proceedings of the Computer Vision and Pattern Recognition Conference, 15909 …, 2025",
      "year": 2025,
      "citations": 20
    },
    {
      "title": "Df40: Toward next-generation deepfake detection",
      "url": "https://scholar.google.com/citations?view_op=view_citation&hl=en&user=-OxQlHsAAAAJ&citation_for_view=-OxQlHsAAAAJ:Zph67rFs4hoC",
      "authors": "Z Yan, T Yao, S Chen, Y Zhao, X Fu, J Zhu, D Luo, C Wang, S Ding, Y Wu, ...",
      "venue": "Advances in Neural Information Processing Systems 37, 29387-29434, 2024",
      "year": 2024,
      "citations": 97
    },
    {
      "title": "Portraitbooth: A versatile portrait model for fast identity-preserved personalization",
      "url": "https://scholar.google.com/citations?view_op=view_citation&hl=en&user=-OxQlHsAAAAJ&citation_for_view=-OxQlHsAAAAJ:hqOjcs7Dif8C",
      "authors": "X Peng, J Zhu, B Jiang, Y Tai, D Luo, J Zhang, W Lin, T Jin, C Wang, R Ji",
      "venue": "Proceedings of the IEEE/CVF Conference on Computer Vision and Pattern …, 2024",
      "year": 2024,
      "citations": 72
    },
    {
      "title": "Face-adapter for pre-trained diffusion models with fine-grained id and attribute control",
      "url": "https://scholar.google.com/citations?view_op=view_citation&hl=en&user=-OxQlHsAAAAJ&citation_for_view=-OxQlHsAAAAJ:KlAtU1dfN6UC",
      "authors": "Y Han, J Zhu, K He, X Chen, Y Ge, W Li, X Li, J Zhang, C Wang, Y Liu",
      "venue": "European Conference on Computer Vision, 20-36, 2024",
      "year": 2024,
      "citations": 50
    },
    {
      "title": "Texdreamer: Towards zero-shot high-fidelity 3d human texture generation",
      "url": "https://scholar.google.com/citations?view_op=view_citation&hl=en&user=-OxQlHsAAAAJ&citation_for_view=-OxQlHsAAAAJ:8k81kl-MbHgC",
      "authors": "Y Liu, J Zhu, J Tang, S Zhang, J Zhang, W Cao, C Wang, Y Wu, D Huang",
      "venue": "European conference on computer vision, 184-202, 2024",
      "year": 2024,
      "citations": 13
    },
    {
      "title": "Realtalk: Real-time and realistic audio-driven face generation with 3d facial prior-guided identity alignment network",
      "url": "https://scholar.google.com/citations?view_op=view_citation&hl=en&user=-OxQlHsAAAAJ&citation_for_view=-OxQlHsAAAAJ:ULOm3_A8WrAC",
      "authors": "X Ji, C Lin, Z Ding, Y Tai, J Zhu, X Hu, D Luo, Y Ge, C Wang",
      "venue": "arXiv preprint arXiv:2406.18284, 2024",
      "year": 2024,
      "citations": 9
    },
    {
      "title": "ClotheDreamer: Text-Guided Garment Generation with 3D Gaussians",
      "url": "https://scholar.google.com/citations?view_op=view_citation&hl=en&user=-OxQlHsAAAAJ&citation_for_view=-OxQlHsAAAAJ:YOwf2qJgpHMC",
      "authors": "Y Liu, J Tang, C Zheng, S Zhang, J Hao, J Zhu, D Huang",
      "venue": "arXiv preprint arXiv:2406.16815, 2024",
      "year": 2024,
      "citations": 8
    },
    {
      "title": "High-fidelity generalized emotional talking face generation with multi-modal emotion space learning",
      "url": "https://scholar.google.com/citations?view_op=view_citation&hl=en&user=-OxQlHsAAAAJ&citation_for_view=-OxQlHsAAAAJ:Y0pCki6q_DkC",
      "authors": "C Xu, J Zhu, J Zhang, Y Han, W Chu, Y Tai, C Wang, Z Xie, Y Liu",
      "venue": "Proceedings of the IEEE/CVF conference on computer vision and pattern …, 2023",
      "year": 2023,
      "citations": 58
    },
    {
      "title": "Fully context-aware image inpainting with a learned semantic pyramid",
      "url": "https://scholar.google.com/citations?view_op=view_citation&hl=en&user=-OxQlHsAAAAJ&citation_for_view=-OxQlHsAAAAJ:9yKSN-GCB0IC",
      "authors": "W Zhang, Y Wang, B Ni, X Yang",
      "venue": "Pattern Recognition 143, 109741, 2023",
      "year": 2023,
      "citations": 25
    },
    {
      "title": "A generalist facex via learning unified facial representation",
      "url": "https://scholar.google.com/citations?view_op=view_citation&hl=en&user=-OxQlHsAAAAJ&citation_for_view=-OxQlHsAAAAJ:0EnyYjriUFMC",
      "authors": "Y Han, J Zhang, J Zhu, X Li, Y Ge, W Li, C Wang, Y Liu, X Liu, Y Tai",
      "venue": "arXiv preprint arXiv:2401.00551, 2023",
      "year": 2023,
      "citations": 18
    },
    {
      "title": "Multimodal-driven talking face generation via a unified diffusion-based generator",
      "url": "https://scholar.google.com/citations?view_op=view_citation&hl=en&user=-OxQlHsAAAAJ&citation_for_view=-OxQlHsAAAAJ:zYLM7Y9cAGgC",
      "authors": "C Xu, S Zhu, J Zhu, T Huang, J Zhang, Y Tai, Y Liu",
      "venue": "arXiv preprint arXiv:2305.02594, 2023",
      "year": 2023,
      "citations": 17
    },
    {
      "title": "Seedformer: Patch seeds based point cloud completion with upsample transformer",
      "url": "https://scholar.google.com/citations?view_op=view_citation&hl=en&user=-OxQlHsAAAAJ&citation_for_view=-OxQlHsAAAAJ:UeHWp8X0CEIC",
      "authors": "H Zhou, Y Cao, W Chu, J Zhu, T Lu, Y Tai, C Wang",
      "venue": "European conference on computer vision, 416-432, 2022",
      "year": 2022,
      "citations": 226
    },
    {
      "title": "Blind face restoration via integrating face shape and generative priors",
      "url": "https://scholar.google.com/citations?view_op=view_citation&hl=en&user=-OxQlHsAAAAJ&citation_for_view=-OxQlHsAAAAJ:2osOgNQ5qMEC",
      "authors": "F Zhu, J Zhu, W Chu, X Zhang, X Ji, C Wang, Y Tai",
      "venue": "Proceedings of the IEEE/CVF conference on computer vision and pattern …, 2022",
      "year": 2022,
      "citations": 60
    },
    {
      "title": "Styleface: Towards identity-disentangled face generation on megapixels",
      "url": "https://scholar.google.com/citations?view_op=view_citation&hl=en&user=-OxQlHsAAAAJ&citation_for_view=-OxQlHsAAAAJ:IjCSPb-OGe4C",
      "authors": "Y Luo, J Zhu, K He, W Chu, Y Tai, C Wang, J Yan",
      "venue": "European conference on computer vision, 297-312, 2022",
      "year": 2022,
      "citations": 28
    },
    {
      "title": "Learning to memorize feature hallucination for one-shot image generation",
      "url": "https://scholar.google.com/citations?view_op=view_citation&hl=en&user=-OxQlHsAAAAJ&citation_for_view=-OxQlHsAAAAJ:qjMakFHDy7sC",
      "authors": "Y Xie, Y Fu, Y Tai, Y Cao, J Zhu, C Wang",
      "venue": "Proceedings of the IEEE/CVF conference on computer vision and pattern …, 2022",
      "year": 2022,
      "citations": 11
    },
    {
      "title": "Hififace: 3d shape and semantic prior guided high fidelity face swapping",
      "url": "https://scholar.google.com/citations?view_op=view_citation&hl=en&user=-OxQlHsAAAAJ&citation_for_view=-OxQlHsAAAAJ:u-x6o8ySG0sC",
      "authors": "Y Wang, X Chen, J Zhu, W Chu, Y Tai, C Wang, J Li, Y Wu, F Huang, R Ji",
      "venue": "arXiv preprint arXiv:2106.09965, 2021",
      "year": 2021,
      "citations": 165
    },
    {
      "title": "Context-aware image inpainting with learned semantic priors",
      "url": "https://scholar.google.com/citations?view_op=view_citation&hl=en&user=-OxQlHsAAAAJ&citation_for_view=-OxQlHsAAAAJ:u5HHmVD_uO8C",
      "authors": "W Zhang, J Zhu, Y Tai, Y Wang, W Chu, B Ni, C Wang, X Yang",
      "venue": "arXiv preprint arXiv:2106.07220, 2021",
      "year": 2021,
      "citations": 51
    },
    {
      "title": "3d shape and semantic prior guided high fidelity face swapping",
      "url": "https://scholar.google.com/citations?view_op=view_citation&hl=en&user=-OxQlHsAAAAJ&citation_for_view=-OxQlHsAAAAJ:eQOLeE2rZwMC",
      "authors": "Y Wang, X Chen, J Zhu, W Chu, Y Tai, C Wang, J Li, Y Wu, F Huang, ...",
      "venue": "arXiv preprint arXiv:2106.09965 1 (2), 8, 2021",
      "year": 2021,
      "citations": 18
    },
    {
      "title": "Effect of argon ion etching on the magnetic properties of FeCoB films",
      "url": "https://scholar.google.com/citations?view_op=view_citation&hl=en&user=-OxQlHsAAAAJ&citation_for_view=-OxQlHsAAAAJ:d1gkVwhDpl0C",
      "authors": "J Zhu, K Zhou, Y Yang, D Tang, B Zhang, M Lu, H Lu",
      "venue": "Journal of Magnetism and Magnetic Materials 374, 544-547, 2015",
      "year": 2015,
      "citations": 8
    }
  ],
  "co_authors": []
}