{
  "author_info": {
    "name": "Jin Wu 吳藎",
    "affiliation": "Full Professor, USTB 北京科技大學, PhD in HKUST 香港科技大學, Bsc in UESTC 電子科技大學",
    "email_verified": "Verified email at ustb.edu.cn - Homepage",
    "website": "https://zarathustr.github.io/",
    "interests": [
      "Aerospace Engineering",
      "Symbolic Computation",
      "SLAM",
      "Embedded Systems",
      "3D Reconstruction"
    ],
    "photo_url": "https://scholar.googleusercontent.com/citations?view_op=view_photo&user=0-fm_T0AAAAJ&citpid=9"
  },
  "citation_stats": {
    "citations_all": 3579,
    "citations_since_2020": 3309,
    "h_index_all": 32,
    "h_index_since_2020": 32,
    "i10_index_all": 86,
    "i10_index_since_2020": 82,
    "citation_graph": [
      {
        "year": 2017,
        "citations": 25
      },
      {
        "year": 2018,
        "citations": 79
      },
      {
        "year": 2019,
        "citations": 155
      },
      {
        "year": 2020,
        "citations": 197
      },
      {
        "year": 2021,
        "citations": 347
      },
      {
        "year": 2022,
        "citations": 411
      },
      {
        "year": 2023,
        "citations": 532
      },
      {
        "year": 2024,
        "citations": 808
      },
      {
        "year": 2025,
        "citations": 1002
      }
    ]
  },
  "papers": [
    {
      "title": "Dcl-slam: A distributed collaborative lidar slam framework for a robotic swarm",
      "url": "https://scholar.google.com/citations?view_op=view_citation&hl=en&user=0-fm_T0AAAAJ&citation_for_view=0-fm_T0AAAAJ:OR75R8vi5nAC",
      "authors": "S Zhong, Y Qi, Z Chen, J Wu, H Chen",
      "venue": "IEEE Sensors Journal, 2024",
      "year": 2024,
      "citations": 82
    },
    {
      "title": "S3E: A Multi-Robot Multimodal Dataset for Collaborative SLAM",
      "url": "https://scholar.google.com/citations?view_op=view_citation&hl=en&user=0-fm_T0AAAAJ&citation_for_view=0-fm_T0AAAAJ:AXkvAH5U_nMC",
      "authors": "D Feng, Y Qi, S Zhong, Z Chen, Q Chen, H Chen, J Wu, J Ma",
      "venue": "IEEE Robotics and Automation Letters, 2024",
      "year": 2024,
      "citations": 51
    },
    {
      "title": "Reinforcement learning and cooperative H∞ output regulation of linear continuous-time multi-agent systems",
      "url": "https://scholar.google.com/citations?view_op=view_citation&hl=en&user=0-fm_T0AAAAJ&citation_for_view=0-fm_T0AAAAJ:9pM33mqn1YgC",
      "authors": "Y Jiang, W Gao, J Wu, T Chai, FL Lewis",
      "venue": "Automatica 148, 110768, 2023",
      "year": 2023,
      "citations": 105
    },
    {
      "title": "Computer vision for road imaging and pothole detection: a state-of-the-art review of systems and algorithms",
      "url": "https://scholar.google.com/citations?view_op=view_citation&hl=en&user=0-fm_T0AAAAJ&citation_for_view=0-fm_T0AAAAJ:PVgj2kMGcgYC",
      "authors": "N Ma, J Fan, W Wang, J Wu, Y Jiang, L Xie, R Fan",
      "venue": "Transportation safety and Environment 4 (4), tdac026, 2022",
      "year": 2022,
      "citations": 134
    },
    {
      "title": "Adaptive leader-following performance guaranteed formation control for multiple spacecraft with collision avoidance and connectivity assurance",
      "url": "https://scholar.google.com/citations?view_op=view_citation&hl=en&user=0-fm_T0AAAAJ&citation_for_view=0-fm_T0AAAAJ:ClCfbGk0d_YC",
      "authors": "C Wei, X Wu, B Xiao, J Wu, C Zhang",
      "venue": "Aerospace Science and Technology 120, 107266, 2022",
      "year": 2022,
      "citations": 97
    },
    {
      "title": "A computationally efficient outlier-robust cubature Kalman filter for underwater gravity matching navigation",
      "url": "https://scholar.google.com/citations?view_op=view_citation&hl=en&user=0-fm_T0AAAAJ&citation_for_view=0-fm_T0AAAAJ:z_wVstp3MssC",
      "authors": "Z Wang, Y Huang, M Wang, J Wu, Y Zhang",
      "venue": "IEEE transactions on instrumentation and measurement 71, 1-18, 2022",
      "year": 2022,
      "citations": 66
    },
    {
      "title": "Fusionportable: A multi-sensor campus-scene dataset for evaluation of localization and mapping accuracy on diverse platforms",
      "url": "https://scholar.google.com/citations?view_op=view_citation&hl=en&user=0-fm_T0AAAAJ&citation_for_view=0-fm_T0AAAAJ:KbBQZpvPDL4C",
      "authors": "J Jiao, H Wei, T Hu, X Hu, Y Zhu, Z He, J Wu, J Yu, X Xie, H Huang, ...",
      "venue": "2022 IEEE/RSJ International Conference on Intelligent Robots and Systems …, 2022",
      "year": 2022,
      "citations": 57
    },
    {
      "title": "Industrial serial robot calibration considering geometric and deformation errors",
      "url": "https://scholar.google.com/citations?view_op=view_citation&hl=en&user=0-fm_T0AAAAJ&citation_for_view=0-fm_T0AAAAJ:gsN89kCJA0AC",
      "authors": "Y Song, M Liu, B Lian, Y Qi, Y Wang, J Wu, Q Li",
      "venue": "Robotics and Computer-Integrated Manufacturing 76, 102328, 2022",
      "year": 2022,
      "citations": 55
    },
    {
      "title": "Learning collision-free space detection from stereo images: Homography matrix brings better data augmentation",
      "url": "https://scholar.google.com/citations?view_op=view_citation&hl=en&user=0-fm_T0AAAAJ&citation_for_view=0-fm_T0AAAAJ:eq2jaN3J8jMC",
      "authors": "R Fan, H Wang, P Cai, J Wu, MJ Bocus, L Qiao",
      "venue": "IEEE/ASME Transactions on Mechatronics 27 (1), 225-233, 2021",
      "year": 2021,
      "citations": 83
    },
    {
      "title": "Globally optimal symbolic hand-eye calibration",
      "url": "https://scholar.google.com/citations?view_op=view_citation&hl=en&user=0-fm_T0AAAAJ&citation_for_view=0-fm_T0AAAAJ:ALROH1vI_8AC",
      "authors": "J Wu, Y Zhu, Z Zou, MZ Dai, C Zhang, Y Jiang, C Li",
      "venue": "IEEE/ASME Transactions on Mechatronics 26 (4), 1877-1885, 2021",
      "year": 2021,
      "citations": 71
    },
    {
      "title": "Neural-networks and event-based fault-tolerant control for spacecraft attitude stabilization",
      "url": "https://scholar.google.com/citations?view_op=view_citation&hl=en&user=0-fm_T0AAAAJ&citation_for_view=0-fm_T0AAAAJ:hkOj_22Ku90C",
      "authors": "C Zhang, MZ Dai, J Wu, B Xiao, B Li, M Wang",
      "venue": "Aerospace Science and Technology 114, 106746, 2021",
      "year": 2021,
      "citations": 66
    },
    {
      "title": "Differential information aided 3-d registration for accurate navigation and scene reconstruction",
      "url": "https://scholar.google.com/citations?view_op=view_citation&hl=en&user=0-fm_T0AAAAJ&citation_for_view=0-fm_T0AAAAJ:L7CI7m0gUJcC",
      "authors": "J Wu, S Zhang, Y Zhu, R Geng, Z Fu",
      "venue": "2021 IEEE International Conference on Robotics and Automation (ICRA), 1156-1162, 2021",
      "year": 2021,
      "citations": 58
    },
    {
      "title": "Hand-eye Calibration: 4D Procrustes Analysis Approach",
      "url": "https://scholar.google.com/citations?view_op=view_citation&hl=en&user=0-fm_T0AAAAJ&citation_for_view=0-fm_T0AAAAJ:4JMBOYKVnBMC",
      "authors": "J Wu, Y Sun, M Wang",
      "venue": "IEEE Transactions on Instrumentation and Measurement 69 (6), 2966 - 2981, 2020",
      "year": 2020,
      "citations": 97
    },
    {
      "title": "Correspondence Matching and Time Delay Estimation for Hand-Eye Calibration",
      "url": "https://scholar.google.com/citations?view_op=view_citation&hl=en&user=0-fm_T0AAAAJ&citation_for_view=0-fm_T0AAAAJ:wMgC3FpKEyYC",
      "authors": "J Wu, C Zhang, Z Zhou",
      "venue": "IEEE Transactions on Instrumentation and Measurement 69 (8), 5772-5781, 2020",
      "year": 2020,
      "citations": 60
    },
    {
      "title": "Ultrafast Mode Reversal Coriolis Gyroscopes",
      "url": "https://scholar.google.com/citations?view_op=view_citation&hl=en&user=0-fm_T0AAAAJ&citation_for_view=0-fm_T0AAAAJ:lgwcVrK6X84C",
      "authors": "Y Wang, J Hou, C Li, J Wu, Y Jiang, J Hung",
      "venue": "IEEE/ASME Transactions on Mechatronics 26 (2), 1118-1128, 2020",
      "year": 2020,
      "citations": 58
    },
    {
      "title": "Fast Linear Attitude Estimator Using Vector Observations",
      "url": "https://scholar.google.com/citations?view_op=view_citation&hl=en&user=0-fm_T0AAAAJ&citation_for_view=0-fm_T0AAAAJ:9yKSN-GCB0IC",
      "authors": "J Wu, Z Zhou, B Gao, Y Cheng, R Li, H Fourati",
      "venue": "IEEE Transactions on Automation Science and Engineering 15 (1), 307-319, 2018",
      "year": 2018,
      "citations": 128
    },
    {
      "title": "Generalized Linear Quaternion Complementary Filter for Attitude Estimation from Multi-Sensor Observations: An Optimization Approach",
      "url": "https://scholar.google.com/citations?view_op=view_citation&hl=en&user=0-fm_T0AAAAJ&citation_for_view=0-fm_T0AAAAJ:M3ejUd6NZC8C",
      "authors": "J Wu, Z Zhou, H Fourati, R Li",
      "venue": "IEEE Transactions on Automation Science and Engineering 16 (3), 1330-1343, 2018",
      "year": 2018,
      "citations": 100
    },
    {
      "title": "Novel MARG‐Sensor Orientation Estimation Algorithm Using Fast Kalman Filter",
      "url": "https://scholar.google.com/citations?view_op=view_citation&hl=en&user=0-fm_T0AAAAJ&citation_for_view=0-fm_T0AAAAJ:jgBuDB5drN8C",
      "authors": "S Guo, J Wu, Z Wang, J Qian",
      "venue": "Journal of Sensors 2017 (1), 8542153, 2017",
      "year": 2017,
      "citations": 58
    },
    {
      "title": "Real-time magnetic disturbance determination for micro air vehicles via gravity and global navigation satellite system measurements",
      "url": "https://scholar.google.com/citations?view_op=view_citation&hl=en&user=0-fm_T0AAAAJ&citation_for_view=0-fm_T0AAAAJ:6ZxmRoH8BuwC",
      "authors": "J Wu, Z Zhou, X Zhang, M Chen, P Shao",
      "venue": "Measurement Science and Technology 97, 111-125, 2017",
      "year": 2017,
      "citations": 52
    },
    {
      "title": "Fast Complementary Filter for Attitude Estimation using Low-Cost MARG Sensors",
      "url": "https://scholar.google.com/citations?view_op=view_citation&hl=en&user=0-fm_T0AAAAJ&citation_for_view=0-fm_T0AAAAJ:u5HHmVD_uO8C",
      "authors": "J Wu, Z Zhou, J Chen, H Fourati, R Li",
      "venue": "IEEE Sensors Journal 16 (18), 6997-7007, 2016",
      "year": 2016,
      "citations": 258
    }
  ],
  "co_authors": [
    {
      "name": "Chengxi Zhang 张承玺",
      "scholar_id": "oHzlz50AAAAJ",
      "url": "https://scholar.google.com/citations?user=oHzlz50AAAAJ"
    },
    {
      "name": "Jianhao JIAO",
      "scholar_id": "psqleSQAAAAJ",
      "url": "https://scholar.google.com/citations?user=psqleSQAAAAJ"
    },
    {
      "name": "Xiangcheng Hu",
      "scholar_id": "KEqfn3oAAAAJ",
      "url": "https://scholar.google.com/citations?user=KEqfn3oAAAAJ"
    },
    {
      "name": "Yi Jiang | 姜艺",
      "scholar_id": "HhoLzRAAAAAJ",
      "url": "https://scholar.google.com/citations?user=HhoLzRAAAAAJ"
    },
    {
      "name": "Ming-Zhe Dai  戴明哲",
      "scholar_id": "rgA6Ny4AAAAJ",
      "url": "https://scholar.google.com/citations?user=rgA6Ny4AAAAJ"
    },
    {
      "name": "Yilong Zhu",
      "scholar_id": "x8n6v2oAAAAJ",
      "url": "https://scholar.google.com/citations?user=x8n6v2oAAAAJ"
    },
    {
      "name": "Chong Li",
      "scholar_id": "bnwFX-cAAAAJ",
      "url": "https://scholar.google.com/citations?user=bnwFX-cAAAAJ"
    },
    {
      "name": "Xiaoyu Tang",
      "scholar_id": "3Pcn53kAAAAJ",
      "url": "https://scholar.google.com/citations?user=3Pcn53kAAAAJ"
    },
    {
      "name": "Choon Ki Ahn",
      "scholar_id": "AycN0eAAAAAJ",
      "url": "https://scholar.google.com/citations?user=AycN0eAAAAAJ"
    },
    {
      "name": "Zhiqiang Chen",
      "scholar_id": "Kg7kg74AAAAJ",
      "url": "https://scholar.google.com/citations?user=Kg7kg74AAAAJ"
    },
    {
      "name": "Yulong Huang",
      "scholar_id": "42DV_5kAAAAJ",
      "url": "https://scholar.google.com/citations?user=42DV_5kAAAAJ"
    },
    {
      "name": "Yu Jiang",
      "scholar_id": "QYanTRsAAAAJ",
      "url": "https://scholar.google.com/citations?user=QYanTRsAAAAJ"
    },
    {
      "name": "Xieyuanli Chen",
      "scholar_id": "DvrngV4AAAAJ",
      "url": "https://scholar.google.com/citations?user=DvrngV4AAAAJ"
    },
    {
      "name": "Miaomiao Wang (王苗苗)",
      "scholar_id": "6CBcXH8AAAAJ",
      "url": "https://scholar.google.com/citations?user=6CBcXH8AAAAJ"
    },
    {
      "name": "Caisheng Wei",
      "scholar_id": "M9g5jMEAAAAJ",
      "url": "https://scholar.google.com/citations?user=M9g5jMEAAAAJ"
    },
    {
      "name": "F.L. Lewis",
      "scholar_id": "rMRit3UAAAAJ",
      "url": "https://scholar.google.com/citations?user=rMRit3UAAAAJ"
    },
    {
      "name": "Shuyang ZHANG",
      "scholar_id": "sjyGLBQAAAAJ",
      "url": "https://scholar.google.com/citations?user=sjyGLBQAAAAJ"
    },
    {
      "name": "Yuxiang Sun",
      "scholar_id": "CuCSzQQAAAAJ",
      "url": "https://scholar.google.com/citations?user=CuCSzQQAAAAJ"
    },
    {
      "name": "Weinan Gao",
      "scholar_id": "XNYwzswAAAAJ",
      "url": "https://scholar.google.com/citations?user=XNYwzswAAAAJ"
    },
    {
      "name": "Wenshuo Wang",
      "scholar_id": "vQ1dKQwAAAAJ",
      "url": "https://scholar.google.com/citations?user=vQ1dKQwAAAAJ"
    }
  ]
}