{
  "author_info": {
    "name": "Kaisa Kraft",
    "affiliation": "Researcher, Finnish Environment Institute, SYKE",
    "email_verified": "Verified email at syke.fi",
    "interests": [
      "phytoplankton",
      "imaging flow cytometry",
      "phytoplankton ecology",
      "high-frequency phytoplankton"
    ],
    "photo_url": "https://scholar.googleusercontent.com/citations?view_op=view_photo&user=03EayGsAAAAJ&citpid=12"
  },
  "citation_stats": {
    "citations_all": 211,
    "citations_since_2020": 211,
    "h_index_all": 6,
    "h_index_since_2020": 6,
    "i10_index_all": 4,
    "i10_index_since_2020": 4,
    "citation_graph": [
      {
        "year": 2020,
        "citations": 2
      },
      {
        "year": 2021,
        "citations": 4
      },
      {
        "year": 2022,
        "citations": 14
      },
      {
        "year": 2023,
        "citations": 36
      },
      {
        "year": 2024,
        "citations": 66
      },
      {
        "year": 2025,
        "citations": 89
      }
    ]
  },
  "papers": [
    {
      "title": "Monitoring cyanobacteria blooms with complementary measurements–a similar story told using high-throughput imaging, optical sensors, light microscopy, and satellite-based methods",
      "url": "https://scholar.google.com/citations?view_op=view_citation&hl=en&user=03EayGsAAAAJ&citation_for_view=03EayGsAAAAJ:Zph67rFs4hoC",
      "authors": "K Kraft, L Haraguchi, H Hällfors, S Suikkanen, P Ylöstalo, S Kielosto, ...",
      "venue": "Harmful Algae, 102865, 2025",
      "year": 2025,
      "citations": 5
    },
    {
      "title": "The Use of Pretrained Convolutional Neural Networks in Recognizing Phytoplankton Species. Cases from a marine, a brakishwater and a freshwater site.",
      "url": "https://scholar.google.com/citations?view_op=view_citation&hl=en&user=03EayGsAAAAJ&citation_for_view=03EayGsAAAAJ:YOwf2qJgpHMC",
      "authors": "M Bastianini, K Kraft, A Oggioni, A Di Cicco, E Organelli, T Talamo, ...",
      "venue": "ARPHA Conference Abstracts 8, e151406, 2025",
      "year": 2025,
      "citations": 1
    },
    {
      "title": "Self-supervised pretraining for fine-grained plankton recognition",
      "url": "https://scholar.google.com/citations?view_op=view_citation&hl=en&user=03EayGsAAAAJ&citation_for_view=03EayGsAAAAJ:MXK_kJrjxJIC",
      "authors": "J Kareinen, T Eerola, K Kraft, L Lensu, S Suikkanen, H Kälviäinen",
      "venue": "arXiv preprint arXiv:2503.11341, 2025",
      "year": 2025,
      "citations": 1
    },
    {
      "title": "Survey of automatic plankton image recognition: challenges, existing solutions and future perspectives",
      "url": "https://scholar.google.com/citations?view_op=view_citation&hl=en&user=03EayGsAAAAJ&citation_for_view=03EayGsAAAAJ:WF5omc3nYNoC",
      "authors": "T Eerola, D Batrakhanov, NV Barazandeh, K Kraft, L Haraguchi, L Lensu, ...",
      "venue": "Artificial Intelligence Review 57 (5), 114, 2024",
      "year": 2024,
      "citations": 41
    },
    {
      "title": "Daplankton: Benchmark dataset for multi-instrument plankton recognition via fine-grained domain adaptation",
      "url": "https://scholar.google.com/citations?view_op=view_citation&hl=en&user=03EayGsAAAAJ&citation_for_view=03EayGsAAAAJ:LkGwnXOMwfcC",
      "authors": "D Batrakhanov, T Eerola, K Kraft, L Haraguchi, L Lensu, S Suikkanen, ...",
      "venue": "2024 IEEE International Conference on Image Processing (ICIP), 158-164, 2024",
      "year": 2024,
      "citations": 6
    },
    {
      "title": "Open-set plankton recognition",
      "url": "https://scholar.google.com/citations?view_op=view_citation&hl=en&user=03EayGsAAAAJ&citation_for_view=03EayGsAAAAJ:3fE2CSJIrl8C",
      "authors": "J Kareinen, A Skyttä, T Eerola, K Kraft, L Lensu, S Suikkanen, ...",
      "venue": "European Conference on Computer Vision, 168-184, 2024",
      "year": 2024,
      "citations": 4
    },
    {
      "title": "Shipping and algae emissions have a major impact on ambient air mixing ratios of non-methane hydrocarbons (NMHCs) and methanethiol on Utö Island in the Baltic Sea",
      "url": "https://scholar.google.com/citations?view_op=view_citation&hl=en&user=03EayGsAAAAJ&citation_for_view=03EayGsAAAAJ:hqOjcs7Dif8C",
      "authors": "H Hellén, R Kouznetsov, K Kraft, J Seppälä, M Vestenius, JP Jalkanen, ...",
      "venue": "Atmospheric Chemistry and Physics 24 (8), 4717-4731, 2024",
      "year": 2024,
      "citations": 4
    },
    {
      "title": "High-throughput imaging of the Baltic Sea phytoplankton community with an emphasis on bloom-forming cyanobacteria",
      "url": "https://scholar.google.com/citations?view_op=view_citation&hl=en&user=03EayGsAAAAJ&citation_for_view=03EayGsAAAAJ:0EnyYjriUFMC",
      "authors": "K Kraft",
      "venue": "Helsingin yliopisto, 2024",
      "year": 2024,
      "citations": 1
    },
    {
      "title": "Toward phytoplankton parasite detection using autoencoders",
      "url": "https://scholar.google.com/citations?view_op=view_citation&hl=en&user=03EayGsAAAAJ&citation_for_view=03EayGsAAAAJ:Y0pCki6q_DkC",
      "authors": "S Bilik, D Batrakhanov, T Eerola, L Haraguchi, K Kraft, ...",
      "venue": "Machine Vision and Applications 34 (6), 101, 2023",
      "year": 2023,
      "citations": 8
    },
    {
      "title": "Trait response of three Baltic Sea spring dinoflagellates to temperature, salinity, and light gradients",
      "url": "https://scholar.google.com/citations?view_op=view_citation&hl=en&user=03EayGsAAAAJ&citation_for_view=03EayGsAAAAJ:W7OEmFMy1HYC",
      "authors": "L Haraguchi, K Kraft, P Ylöstalo, S Kielosto, H Hällfors, T Tamminen, ...",
      "venue": "Frontiers in Marine Science 10, 1156487, 2023",
      "year": 2023,
      "citations": 6
    },
    {
      "title": "Shipping and algae emissions have a major impact on ambient air mixing ratios of NMHCs and methanethiol on Utö island in the Baltic Sea",
      "url": "https://scholar.google.com/citations?view_op=view_citation&hl=en&user=03EayGsAAAAJ&citation_for_view=03EayGsAAAAJ:ufrVoPGSRksC",
      "authors": "H Hellén, R Kouznetsov, K Kraft, J Seppälä, M Vestenius, JP Jalkanen, ...",
      "venue": "EGUsphere 2023, 1-27, 2023",
      "year": 2023,
      "citations": 1
    },
    {
      "title": "Towards operational phytoplankton recognition with automated high-throughput imaging, near-real-time data processing, and convolutional neural networks",
      "url": "https://scholar.google.com/citations?view_op=view_citation&hl=en&user=03EayGsAAAAJ&citation_for_view=03EayGsAAAAJ:qjMakFHDy7sC",
      "authors": "K Kraft, O Velhonoja, T Eerola, S Suikkanen, T Tamminen, L Haraguchi, ...",
      "venue": "Frontiers in Marine Science 9, 867695, 2022",
      "year": 2022,
      "citations": 47
    },
    {
      "title": "Brownification affects phytoplankton community composition but not primary productivity in eutrophic coastal waters: A mesocosm experiment in the Baltic Sea",
      "url": "https://scholar.google.com/citations?view_op=view_citation&hl=en&user=03EayGsAAAAJ&citation_for_view=03EayGsAAAAJ:2osOgNQ5qMEC",
      "authors": "K Spilling, E Asmala, N Haavisto, L Haraguchi, K Kraft, AM Lehto, ...",
      "venue": "Science of the Total Environment 841, 156510, 2022",
      "year": 2022,
      "citations": 16
    },
    {
      "title": "Open-Set Plankton Recognition Using Similarity Learning.",
      "url": "https://scholar.google.com/citations?view_op=view_citation&hl=en&user=03EayGsAAAAJ&citation_for_view=03EayGsAAAAJ:_kc_bZDykSQC",
      "authors": "OBB Mohamed, T Eerola, K Kraft, L Lensu, H Kälviäinen",
      "venue": "ISVC (1), 174-183, 2022",
      "year": 2022,
      "citations": 5
    },
    {
      "title": "Open-set plankton recognition using similarity learning",
      "url": "https://scholar.google.com/citations?view_op=view_citation&hl=en&user=03EayGsAAAAJ&citation_for_view=03EayGsAAAAJ:zYLM7Y9cAGgC",
      "authors": "O Badreldeen Bdawy Mohamed, T Eerola, K Kraft, L Lensu, H Kälviäinen",
      "venue": "International Symposium on Visual Computing, 174-183, 2022",
      "year": 2022,
      "citations": 4
    },
    {
      "title": "Dataset from a mesocosm experiment on brownification in the Baltic Sea",
      "url": "https://scholar.google.com/citations?view_op=view_citation&hl=en&user=03EayGsAAAAJ&citation_for_view=03EayGsAAAAJ:IjCSPb-OGe4C",
      "authors": "K Spilling, E Asmala, N Haavisto, L Haraguchi, K Kraft, AM Lehto, ...",
      "venue": "Data in brief 45, 108755, 2022",
      "year": 2022,
      "citations": 3
    },
    {
      "title": "Syke-plankton_IFCB_2022",
      "url": "https://scholar.google.com/citations?view_op=view_citation&hl=en&user=03EayGsAAAAJ&citation_for_view=03EayGsAAAAJ:UeHWp8X0CEIC",
      "authors": "K Kraft, O Velhonoja, J Seppälä, H Hällfors, S Suikkanen, P Ylöstalo, ...",
      "venue": "",
      "citations": 3,
      "year": 2022
    },
    {
      "title": "First application of IFCB high-frequency imaging-in-flow cytometry to investigate bloom-forming filamentous cyanobacteria in the Baltic Sea",
      "url": "https://scholar.google.com/citations?view_op=view_citation&hl=en&user=03EayGsAAAAJ&citation_for_view=03EayGsAAAAJ:u-x6o8ySG0sC",
      "authors": "K Kraft, J Seppälä, H Hällfors, S Suikkanen, P Ylöstalo, S Anglès, ...",
      "venue": "Frontiers in marine science 8, 594144, 2021",
      "year": 2021,
      "citations": 43
    },
    {
      "title": "The evolution of cyanobacteria bloom observation in the Baltic Sea",
      "url": "https://scholar.google.com/citations?view_op=view_citation&hl=en&user=03EayGsAAAAJ&citation_for_view=03EayGsAAAAJ:9yKSN-GCB0IC",
      "authors": "L Haraguchi, S Lehtinen, J Attila, H Alasalmi, M Lindholm, K Kraft, ...",
      "venue": "Oceanography 34 (4), 30-31, 2021",
      "year": 2021,
      "citations": 3
    },
    {
      "title": "Towards operational phytoplankton recognition with automated high-throughput imaging and compact convolutional neural networks",
      "url": "https://scholar.google.com/citations?view_op=view_citation&hl=en&user=03EayGsAAAAJ&citation_for_view=03EayGsAAAAJ:u5HHmVD_uO8C",
      "authors": "T Eerola, K Kraft, O Grönberg, L Lensu, S Suikkanen, J Seppälä, ...",
      "venue": "Ocean Science Discussions 2020, 1-20, 2020",
      "year": 2020,
      "citations": 9
    }
  ],
  "co_authors": []
}