{
  "author_info": {
    "name": "Mayank Vatsa",
    "affiliation": "Professor, IIT Jodhpur",
    "email_verified": "Verified email at iitj.ac.in - Homepage",
    "website": "http://iab-rubric.org/",
    "interests": [
      "biometrics",
      "image processing",
      "deep learning",
      "machine learning",
      "computer vision"
    ],
    "photo_url": "https://scholar.googleusercontent.com/citations?view_op=view_photo&user=-DAxp-cAAAAJ&citpid=2"
  },
  "citation_stats": {
    "citations_all": 16290,
    "citations_since_2020": 9000,
    "h_index_all": 71,
    "h_index_since_2020": 54,
    "i10_index_all": 261,
    "i10_index_since_2020": 208,
    "citation_graph": [
      {
        "year": 2007,
        "citations": 67
      },
      {
        "year": 2008,
        "citations": 136
      },
      {
        "year": 2009,
        "citations": 165
      },
      {
        "year": 2010,
        "citations": 213
      },
      {
        "year": 2011,
        "citations": 262
      },
      {
        "year": 2012,
        "citations": 458
      },
      {
        "year": 2013,
        "citations": 368
      },
      {
        "year": 2014,
        "citations": 594
      },
      {
        "year": 2015,
        "citations": 712
      },
      {
        "year": 2016,
        "citations": 786
      },
      {
        "year": 2017,
        "citations": 797
      },
      {
        "year": 2018,
        "citations": 1147
      },
      {
        "year": 2019,
        "citations": 1347
      },
      {
        "year": 2020,
        "citations": 1375
      },
      {
        "year": 2021,
        "citations": 1548
      },
      {
        "year": 2022,
        "citations": 1560
      },
      {
        "year": 2023,
        "citations": 1603
      },
      {
        "year": 2024,
        "citations": 1552
      },
      {
        "year": 2025,
        "citations": 1347
      }
    ]
  },
  "papers": [
    {
      "title": "Generalized zero-shot learning via over-complete distribution",
      "url": "https://scholar.google.com/citations?view_op=view_citation&hl=en&user=-DAxp-cAAAAJ&citation_for_view=-DAxp-cAAAAJ:qt-6tCTBDsQC",
      "authors": "R Keshari, R Singh, M Vatsa",
      "venue": "Proceedings of the IEEE/CVF conference on computer vision and pattern …, 2020",
      "year": 2020,
      "citations": 176
    },
    {
      "title": "Unravelling robustness of deep learning based face recognition against adversarial attacks",
      "url": "https://scholar.google.com/citations?view_op=view_citation&hl=en&user=-DAxp-cAAAAJ&citation_for_view=-DAxp-cAAAAJ:O0MA3yP7Y3UC",
      "authors": "G Goswami, N Ratha, A Agarwal, R Singh, M Vatsa",
      "venue": "Proceedings of the AAAI Conference on Artificial Intelligence 32 (1), 2018",
      "year": 2018,
      "citations": 230
    },
    {
      "title": "LivDet iris 2017—Iris liveness detection competition 2017",
      "url": "https://scholar.google.com/citations?view_op=view_citation&hl=en&user=-DAxp-cAAAAJ&citation_for_view=-DAxp-cAAAAJ:G887dSk7Sz8C",
      "authors": "D Yambay, B Becker, N Kohli, D Yadav, A Czajka, KW Bowyer, ...",
      "venue": "2017 IEEE International Joint Conference on Biometrics (IJCB), 733-741, 2017",
      "year": 2017,
      "citations": 212
    },
    {
      "title": "Detecting silicone mask-based presentation attack via deep dictionary learning",
      "url": "https://scholar.google.com/citations?view_op=view_citation&hl=en&user=-DAxp-cAAAAJ&citation_for_view=-DAxp-cAAAAJ:w9ZB08sdvuUC",
      "authors": "I Manjani, S Tariyal, M Vatsa, R Singh, A Majumdar",
      "venue": "IEEE Transactions on Information Forensics and Security 12 (7), 1713-1723, 2017",
      "year": 2017,
      "citations": 180
    },
    {
      "title": "Deep dictionary learning",
      "url": "https://scholar.google.com/citations?view_op=view_citation&hl=en&user=-DAxp-cAAAAJ&citation_for_view=-DAxp-cAAAAJ:t9Ks5LMjN0QC",
      "authors": "S Tariyal, A Majumdar, R Singh, M Vatsa",
      "venue": "IEEE Access 4, 10096-10109, 2016",
      "year": 2016,
      "citations": 205
    },
    {
      "title": "Detecting facial retouching using supervised deep learning",
      "url": "https://scholar.google.com/citations?view_op=view_citation&hl=en&user=-DAxp-cAAAAJ&citation_for_view=-DAxp-cAAAAJ:q09DtPQ_434C",
      "authors": "A Bharati, R Singh, M Vatsa, KW Bowyer",
      "venue": "IEEE Transactions on Information Forensics and Security 11 (9), 1903-1913, 2016",
      "year": 2016,
      "citations": 172
    },
    {
      "title": "Ocular biometrics: A survey of modalities and fusion approaches",
      "url": "https://scholar.google.com/citations?view_op=view_citation&hl=en&user=-DAxp-cAAAAJ&citation_for_view=-DAxp-cAAAAJ:3WNXLiBY60kC",
      "authors": "I Nigam, M Vatsa, R Singh",
      "venue": "Information Fusion 26, 1-35, 2015",
      "year": 2015,
      "citations": 176
    },
    {
      "title": "Unraveling the effect of textured contact lenses on iris recognition",
      "url": "https://scholar.google.com/citations?view_op=view_citation&hl=en&user=-DAxp-cAAAAJ&citation_for_view=-DAxp-cAAAAJ:Pqt4MY__2vwC",
      "authors": "D Yadav, N Kohli, JS Doyle, R Singh, M Vatsa, KW Bowyer",
      "venue": "IEEE Transactions on Information Forensics and Security 9 (5), 851-862, 2014",
      "year": 2014,
      "citations": 199
    },
    {
      "title": "Biometric quality: a review of fingerprint, iris, and face",
      "url": "https://scholar.google.com/citations?view_op=view_citation&hl=en&user=-DAxp-cAAAAJ&citation_for_view=-DAxp-cAAAAJ:RJujIP1NYNUC",
      "authors": "S Bharadwaj, M Vatsa, R Singh",
      "venue": "EURASIP journal on Image and Video Processing 2014 (1), 34, 2014",
      "year": 2014,
      "citations": 180
    },
    {
      "title": "Recognizing disguised faces: Human and machine evaluation",
      "url": "https://scholar.google.com/citations?view_op=view_citation&hl=en&user=-DAxp-cAAAAJ&citation_for_view=-DAxp-cAAAAJ:v6PuF9mNY3oC",
      "authors": "TI Dhamecha, R Singh, M Vatsa, A Kumar",
      "venue": "PloS one 9 (7), e99212, 2014",
      "year": 2014,
      "citations": 168
    },
    {
      "title": "Computationally efficient face spoofing detection with motion magnification",
      "url": "https://scholar.google.com/citations?view_op=view_citation&hl=en&user=-DAxp-cAAAAJ&citation_for_view=-DAxp-cAAAAJ:KxtntwgDAa4C",
      "authors": "S Bharadwaj, TI Dhamecha, M Vatsa, R Singh",
      "venue": "Proceedings of the IEEE conference on computer vision and pattern …, 2013",
      "year": 2013,
      "citations": 331
    },
    {
      "title": "On RGB-D face recognition using Kinect",
      "url": "https://scholar.google.com/citations?view_op=view_citation&hl=en&user=-DAxp-cAAAAJ&citation_for_view=-DAxp-cAAAAJ:SP6oXDckpogC",
      "authors": "G Goswami, S Bharadwaj, M Vatsa, R Singh",
      "venue": "2013 IEEE Sixth International Conference on Biometrics: Theory, Applications …, 2013",
      "year": 2013,
      "citations": 155
    },
    {
      "title": "Memetically optimized MCWLD for matching sketches with digital face images",
      "url": "https://scholar.google.com/citations?view_op=view_citation&hl=en&user=-DAxp-cAAAAJ&citation_for_view=-DAxp-cAAAAJ:zA6iFVUQeVQC",
      "authors": "HS Bhatt, S Bharadwaj, R Singh, M Vatsa",
      "venue": "IEEE Transactions on Information Forensics and Security 7 (5), 1522-1535, 2012",
      "year": 2012,
      "citations": 181
    },
    {
      "title": "Plastic surgery: A new dimension to face recognition",
      "url": "https://scholar.google.com/citations?view_op=view_citation&hl=en&user=-DAxp-cAAAAJ&citation_for_view=-DAxp-cAAAAJ:roLk4NBRz8UC",
      "authors": "R Singh, M Vatsa, HS Bhatt, S Bharadwaj, A Noore, SS Nooreyezdan",
      "venue": "IEEE Transactions on Information Forensics and Security 5 (3), 441-448, 2010",
      "year": 2010,
      "citations": 241
    },
    {
      "title": "Periocular biometrics: When iris recognition fails",
      "url": "https://scholar.google.com/citations?view_op=view_citation&hl=en&user=-DAxp-cAAAAJ&citation_for_view=-DAxp-cAAAAJ:4TOpqqG69KYC",
      "authors": "S Bharadwaj, HS Bhatt, M Vatsa, R Singh",
      "venue": "2010 fourth IEEE international conference on Biometrics: Theory …, 2010",
      "year": 2010,
      "citations": 221
    },
    {
      "title": "Feature based RDWT watermarking for multimodal biometric system",
      "url": "https://scholar.google.com/citations?view_op=view_citation&hl=en&user=-DAxp-cAAAAJ&citation_for_view=-DAxp-cAAAAJ:qjMakFHDy7sC",
      "authors": "M Vatsa, R Singh, A Noore",
      "venue": "Image and Vision Computing 27 (3), 293-304, 2009",
      "year": 2009,
      "citations": 152
    },
    {
      "title": "Improving iris recognition performance using segmentation, quality enhancement, match score fusion, and indexing",
      "url": "https://scholar.google.com/citations?view_op=view_citation&hl=en&user=-DAxp-cAAAAJ&citation_for_view=-DAxp-cAAAAJ:u-x6o8ySG0sC",
      "authors": "M Vatsa, R Singh, A Noore",
      "venue": "IEEE Transactions on Systems, Man, and Cybernetics, Part B (Cybernetics) 38 …, 2008",
      "year": 2008,
      "citations": 357
    },
    {
      "title": "Integrated multilevel image fusion and match score fusion of visible and infrared face images for robust face recognition",
      "url": "https://scholar.google.com/citations?view_op=view_citation&hl=en&user=-DAxp-cAAAAJ&citation_for_view=-DAxp-cAAAAJ:9yKSN-GCB0IC",
      "authors": "R Singh, M Vatsa, A Noore",
      "venue": "Pattern Recognition 41 (3), 880-893, 2008",
      "year": 2008,
      "citations": 242
    },
    {
      "title": "Reducing the false rejection rate of iris recognition using textural and topological features",
      "url": "https://scholar.google.com/citations?view_op=view_citation&hl=en&user=-DAxp-cAAAAJ&citation_for_view=-DAxp-cAAAAJ:2osOgNQ5qMEC",
      "authors": "M Vatsa, R Singh, A Noore",
      "venue": "International Journal of Signal Processing 2 (2), 66-72, 2005",
      "year": 2005,
      "citations": 173
    },
    {
      "title": "A robust skin color based face detection algorithm",
      "url": "https://scholar.google.com/citations?view_op=view_citation&hl=en&user=-DAxp-cAAAAJ&citation_for_view=-DAxp-cAAAAJ:u5HHmVD_uO8C",
      "authors": "SK Singh, DS Chauhan, M Vatsa, R Singh",
      "venue": "Tamkang Journal of Science and Engineering 6 (4), 227-234, 2003",
      "year": 2003,
      "citations": 570
    }
  ],
  "co_authors": [
    {
      "name": "Richa Singh",
      "scholar_id": "okqK5UAAAAAJ",
      "url": "https://scholar.google.com/citations?user=okqK5UAAAAAJ"
    },
    {
      "name": "Akshay Agarwal, PhD",
      "scholar_id": "LrW6Hb4AAAAJ",
      "url": "https://scholar.google.com/citations?user=LrW6Hb4AAAAJ"
    },
    {
      "name": "Nalini Ratha",
      "scholar_id": "mIPd9DkAAAAJ",
      "url": "https://scholar.google.com/citations?user=mIPd9DkAAAAJ"
    },
    {
      "name": "Maneet Singh",
      "scholar_id": "Wo__eiwAAAAJ",
      "url": "https://scholar.google.com/citations?user=Wo__eiwAAAAJ"
    },
    {
      "name": "Samarth Bharadwaj",
      "scholar_id": "zEnqhxkAAAAJ",
      "url": "https://scholar.google.com/citations?user=zEnqhxkAAAAJ"
    },
    {
      "name": "Gaurav Goswami",
      "scholar_id": "T7GEOxIAAAAJ",
      "url": "https://scholar.google.com/citations?user=T7GEOxIAAAAJ"
    },
    {
      "name": "Shruti Nagpal",
      "scholar_id": "JBAv0d0AAAAJ",
      "url": "https://scholar.google.com/citations?user=JBAv0d0AAAAJ"
    },
    {
      "name": "Himanshu Sharad Bhatt",
      "scholar_id": "dZQOltMAAAAJ",
      "url": "https://scholar.google.com/citations?user=dZQOltMAAAAJ"
    },
    {
      "name": "Naman Kohli",
      "scholar_id": "j5K3UOAAAAAJ",
      "url": "https://scholar.google.com/citations?user=j5K3UOAAAAAJ"
    },
    {
      "name": "Daksha Yadav",
      "scholar_id": "_B5T_CAAAAAJ",
      "url": "https://scholar.google.com/citations?user=_B5T_CAAAAAJ"
    },
    {
      "name": "Tejas Indulal Dhamecha",
      "scholar_id": "Fln8oI8AAAAJ",
      "url": "https://scholar.google.com/citations?user=Fln8oI8AAAAJ"
    },
    {
      "name": "Angshul Majumdar",
      "scholar_id": "nwNIkAUAAAAJ",
      "url": "https://scholar.google.com/citations?user=nwNIkAUAAAAJ"
    },
    {
      "name": "Kartik Thakral",
      "scholar_id": "dSqzxC4AAAAJ",
      "url": "https://scholar.google.com/citations?user=dSqzxC4AAAAJ"
    },
    {
      "name": "Puspita Majumdar",
      "scholar_id": "GaWMs0AAAAAJ",
      "url": "https://scholar.google.com/citations?user=GaWMs0AAAAAJ"
    },
    {
      "name": "Surbhi Mittal",
      "scholar_id": "aKKs_ogAAAAJ",
      "url": "https://scholar.google.com/citations?user=aKKs_ogAAAAJ"
    },
    {
      "name": "Aakarsh Malhotra",
      "scholar_id": "zr1H6t8AAAAJ",
      "url": "https://scholar.google.com/citations?user=zr1H6t8AAAAJ"
    },
    {
      "name": "Rohit Keshari",
      "scholar_id": "Ib_LM-8AAAAJ",
      "url": "https://scholar.google.com/citations?user=Ib_LM-8AAAAJ"
    },
    {
      "name": "Saheb Chhabra",
      "scholar_id": "pUYrZFAAAAAJ",
      "url": "https://scholar.google.com/citations?user=pUYrZFAAAAAJ"
    },
    {
      "name": "Kevin W. Bowyer",
      "scholar_id": "XZkvOTEAAAAJ",
      "url": "https://scholar.google.com/citations?user=XZkvOTEAAAAJ"
    },
    {
      "name": "Arun Ross",
      "scholar_id": "7IiUQDkAAAAJ",
      "url": "https://scholar.google.com/citations?user=7IiUQDkAAAAJ"
    }
  ]
}