{
  "author_info": {
    "name": "Dongting Hu",
    "affiliation": "University of Melbourne",
    "email_verified": "Verified email at student.unimelb.edu.au - Homepage",
    "website": "https://timmy11hu.github.io/",
    "interests": [
      "Computer Vision",
      "Generative AI"
    ],
    "photo_url": "https://scholar.googleusercontent.com/citations?view_op=view_photo&user=0CVmdVEAAAAJ&citpid=6"
  },
  "citation_stats": {
    "citations_all": 70,
    "citations_since_2020": 70,
    "h_index_all": 5,
    "h_index_since_2020": 5,
    "i10_index_all": 3,
    "i10_index_since_2020": 3,
    "citation_graph": [
      {
        "year": 2023,
        "citations": 7
      },
      {
        "year": 2024,
        "citations": 19
      },
      {
        "year": 2025,
        "citations": 44
      }
    ]
  },
  "papers": [
    {
      "title": "AniFaceDiff: Animating stylized avatars via parametric conditioned diffusion models",
      "url": "https://scholar.google.com/citations?view_op=view_citation&hl=en&user=0CVmdVEAAAAJ&citation_for_view=0CVmdVEAAAAJ:YsMSGLbcyi4C",
      "authors": "K Chen, S Seneviratne, W Wang, D Hu, S Saha, MT Hasan, S Rasnayaka, ...",
      "venue": "Pattern Recognition 170, 112017, 2026",
      "year": 2026,
      "citations": 4
    },
    {
      "title": "SnapGen: Taming high-resolution text-to-image models for mobile devices with efficient architectures and training",
      "url": "https://scholar.google.com/citations?view_op=view_citation&hl=en&user=0CVmdVEAAAAJ&citation_for_view=0CVmdVEAAAAJ:UeHWp8X0CEIC",
      "authors": "D Hu, J Chen, X Huang, H Coskun, A Sahni, A Gupta, A Goyal, D Lahiri, ...",
      "venue": "Proceedings of the Computer Vision and Pattern Recognition Conference, 7997-8008, 2025",
      "year": 2025,
      "citations": 14
    },
    {
      "title": "Stochastic Diffusion: A Diffusion Based Model for Stochastic Time Series Forecasting",
      "url": "https://scholar.google.com/citations?view_op=view_citation&hl=en&user=0CVmdVEAAAAJ&citation_for_view=0CVmdVEAAAAJ:WF5omc3nYNoC",
      "authors": "Y Liu, S Wijewickrema, D Hu, C Bester, S O'Leary, J Bailey",
      "venue": "Proceedings of the 31st ACM SIGKDD Conference on Knowledge Discovery and …, 2025",
      "year": 2025,
      "citations": 5
    },
    {
      "title": "MFT-VITON: High-Fidelity Virtual Try-On with Minimal Input via a Mask-Free Transformer-Diffusion Model",
      "url": "https://scholar.google.com/citations?view_op=view_citation&hl=en&user=0CVmdVEAAAAJ&citation_for_view=0CVmdVEAAAAJ:ufrVoPGSRksC",
      "authors": "Z Wan, Y Xu, D Hu, W Cheng, T Chen, Z Wang, F Liu, T Liu, M Gong",
      "venue": "Proceedings of the IEEE/CVF International Conference on Computer Vision …, 2025",
      "year": 2025,
      "citations": 2
    },
    {
      "title": "STBA: Towards Evaluating the Robustness of DNNs for Query-Limited Black-box Scenario",
      "url": "https://scholar.google.com/citations?view_op=view_citation&hl=en&user=0CVmdVEAAAAJ&citation_for_view=0CVmdVEAAAAJ:9yKSN-GCB0IC",
      "authors": "R Liu, KY Lam, W Zhou, S Wu, J Zhao, D Hu, M Gong",
      "venue": "IEEE Transactions on Multimedia, 2025",
      "year": 2025,
      "citations": 1
    },
    {
      "title": "ProtoGS: Efficient and High-Quality Rendering with 3D Gaussian Prototypes",
      "url": "https://scholar.google.com/citations?view_op=view_citation&hl=en&user=0CVmdVEAAAAJ&citation_for_view=0CVmdVEAAAAJ:W7OEmFMy1HYC",
      "authors": "Z Gao, D Hu, JW Bian, H Fu, Y Li, T Liu, M Gong, K Zhang",
      "venue": "arXiv preprint arXiv:2503.17486, 2025",
      "year": 2025,
      "citations": 0
    },
    {
      "title": "OpenInsGaussian: Open-vocabulary Instance Gaussian Segmentation with Context-aware Cross-view Fusion",
      "url": "https://scholar.google.com/citations?view_op=view_citation&hl=en&user=0CVmdVEAAAAJ&citation_for_view=0CVmdVEAAAAJ:_FxGoFyzp5QC",
      "authors": "T Huang, R Chen, D Hu, F Huang, M Gong, T Liu",
      "venue": "Proceedings of the IEEE/CVF International Conference on Computer Vision …, 2025",
      "year": 2025,
      "citations": 0
    },
    {
      "title": "Probabilistic Modeling of Disparity Uncertainty for Robust and Efficient Stereo Matching",
      "url": "https://scholar.google.com/citations?view_op=view_citation&hl=en&user=0CVmdVEAAAAJ&citation_for_view=0CVmdVEAAAAJ:eQOLeE2rZwMC",
      "authors": "W Cai, D Hu, R Yin, J Deng, H Fu, W Yang, M Gong",
      "venue": "arXiv preprint arXiv:2412.18703, 2024",
      "year": 2024,
      "citations": 2
    },
    {
      "title": "In-N-Out: Lifting 2D Diffusion Prior for 3D Object Removal via Tuning-Free Latents Alignment",
      "url": "https://scholar.google.com/citations?view_op=view_citation&hl=en&user=0CVmdVEAAAAJ&citation_for_view=0CVmdVEAAAAJ:qjMakFHDy7sC",
      "authors": "D Hu, H Fu, J Guo, L Peng, T Chu, F Liu, T Liu, M Gong",
      "venue": "The Thirty-eighth Annual Conference on Neural Information Processing Systems, 2024",
      "year": 2024,
      "citations": 1
    },
    {
      "title": "Multiscale Representation for Real-Time Anti-Aliasing Neural Rendering",
      "url": "https://scholar.google.com/citations?view_op=view_citation&hl=en&user=0CVmdVEAAAAJ&citation_for_view=0CVmdVEAAAAJ:d1gkVwhDpl0C",
      "authors": "D Hu, Z Zhang, T Hou, T Liu, H Fu, M Gong",
      "venue": "Proceedings of the IEEE/CVF International Conference on Computer Vision …, 2023",
      "year": 2023,
      "citations": 16
    },
    {
      "title": "DualFlow: Generating imperceptible adversarial examples by flow field and normalize flow-based model",
      "url": "https://scholar.google.com/citations?view_op=view_citation&hl=en&user=0CVmdVEAAAAJ&citation_for_view=0CVmdVEAAAAJ:u-x6o8ySG0sC",
      "authors": "R Liu, X Jin, D Hu, J Zhang, Y Wang, J Zhang, W Zhou",
      "venue": "Frontiers in Neurorobotics 17, 1129720, 2023",
      "year": 2023,
      "citations": 9
    },
    {
      "title": "Uncertainty Quantification in Depth Estimation via Constrained Ordinal Regression",
      "url": "https://scholar.google.com/citations?view_op=view_citation&hl=en&user=0CVmdVEAAAAJ&citation_for_view=0CVmdVEAAAAJ:u5HHmVD_uO8C",
      "authors": "D Hu, L Peng, T Chu, X Zhang, Y Mao, H Bondell, M Gong",
      "venue": "European Conference on Computer Vision, 237-256, 2022",
      "year": 2022,
      "citations": 16
    }
  ],
  "co_authors": [
    {
      "name": "Mingming Gong",
      "scholar_id": "6BmiCJIAAAAJ",
      "url": "https://scholar.google.com/citations?user=6BmiCJIAAAAJ"
    },
    {
      "name": "Tingjin Chu",
      "scholar_id": "lzyHiI8AAAAJ",
      "url": "https://scholar.google.com/citations?user=lzyHiI8AAAAJ"
    },
    {
      "name": "Liuhua Peng",
      "scholar_id": "SstmL7wAAAAJ",
      "url": "https://scholar.google.com/citations?user=SstmL7wAAAAJ"
    },
    {
      "name": "Howard Bondell",
      "scholar_id": "rkIgsQQAAAAJ",
      "url": "https://scholar.google.com/citations?user=rkIgsQQAAAAJ"
    },
    {
      "name": "Jian Ren",
      "scholar_id": "vDALiU4AAAAJ",
      "url": "https://scholar.google.com/citations?user=vDALiU4AAAAJ"
    },
    {
      "name": "Yanwu Xu",
      "scholar_id": "NOEyacoAAAAJ",
      "url": "https://scholar.google.com/citations?user=NOEyacoAAAAJ"
    },
    {
      "name": "Anil Kag",
      "scholar_id": "bZdVsMkAAAAJ",
      "url": "https://scholar.google.com/citations?user=bZdVsMkAAAAJ"
    },
    {
      "name": "Sergey Tulyakov",
      "scholar_id": "mgzXR0sAAAAJ",
      "url": "https://scholar.google.com/citations?user=mgzXR0sAAAAJ"
    }
  ]
}