{
  "author_info": {
    "name": "Daniela Massiceti",
    "affiliation": "Microsoft Research",
    "email_verified": "Verified email at microsoft.com - Homepage",
    "website": "https://danielamassiceti.github.io/",
    "interests": [
      "computer vision",
      "machine learning",
      "assistive technologies"
    ],
    "photo_url": "https://scholar.googleusercontent.com/citations?view_op=view_photo&user=-4fo-SwAAAAJ&citpid=5"
  },
  "citation_stats": {
    "citations_all": 779,
    "citations_since_2020": 673,
    "h_index_all": 15,
    "h_index_since_2020": 15,
    "i10_index_all": 17,
    "i10_index_since_2020": 17,
    "citation_graph": [
      {
        "year": 2017,
        "citations": 11
      },
      {
        "year": 2018,
        "citations": 26
      },
      {
        "year": 2019,
        "citations": 61
      },
      {
        "year": 2020,
        "citations": 60
      },
      {
        "year": 2021,
        "citations": 62
      },
      {
        "year": 2022,
        "citations": 86
      },
      {
        "year": 2023,
        "citations": 100
      },
      {
        "year": 2024,
        "citations": 152
      },
      {
        "year": 2025,
        "citations": 212
      }
    ]
  },
  "papers": [
    {
      "title": "Strong baselines for parameter-efficient few-shot fine-tuning",
      "url": "https://scholar.google.com/citations?view_op=view_citation&hl=en&user=-4fo-SwAAAAJ&citation_for_view=-4fo-SwAAAAJ:kNdYIx-mwKoC",
      "authors": "S Basu, S Hu, D Massiceti, S Feizi",
      "venue": "Proceedings of the AAAI Conference on Artificial Intelligence 38 (10), 11024 …, 2024",
      "year": 2024,
      "citations": 50
    },
    {
      "title": "Understanding information storage and transfer in multi-modal large language models",
      "url": "https://scholar.google.com/citations?view_op=view_citation&hl=en&user=-4fo-SwAAAAJ&citation_for_view=-4fo-SwAAAAJ:aqlVkmm33-oC",
      "authors": "S Basu, M Grayson, C Morrison, B Nushi, S Feizi, D Massiceti",
      "venue": "Advances in Neural Information Processing Systems 37, 7400-7426, 2024",
      "year": 2024,
      "citations": 41
    },
    {
      "title": "Explaining CLIP's performance disparities on data from blind/low vision users",
      "url": "https://scholar.google.com/citations?view_op=view_citation&hl=en&user=-4fo-SwAAAAJ&citation_for_view=-4fo-SwAAAAJ:_kc_bZDykSQC",
      "authors": "D Massiceti, C Longden, A Slowik, S Wills, M Grayson, C Morrison",
      "venue": "Proceedings of the IEEE/CVF Conference on Computer Vision and Pattern …, 2024",
      "year": 2024,
      "citations": 14
    },
    {
      "title": "Find my things: personalized accessibility through Teachable AI for people who are blind or low vision",
      "url": "https://scholar.google.com/citations?view_op=view_citation&hl=en&user=-4fo-SwAAAAJ&citation_for_view=-4fo-SwAAAAJ:qxL8FJ1GzNcC",
      "authors": "LY Wen, C Morrison, M Grayson, RF Marques, D Massiceti, C Longden, ...",
      "venue": "Extended Abstracts of the CHI Conference on Human Factors in Computing …, 2024",
      "year": 2024,
      "citations": 13
    },
    {
      "title": "Understanding personalized accessibility through teachable ai: Designing and evaluating find my things for people who are blind or low vision",
      "url": "https://scholar.google.com/citations?view_op=view_citation&hl=en&user=-4fo-SwAAAAJ&citation_for_view=-4fo-SwAAAAJ:YOwf2qJgpHMC",
      "authors": "C Morrison, M Grayson, RF Marques, D Massiceti, C Longden, L Wen, ...",
      "venue": "Proceedings of the 25th International ACM SIGACCESS Conference on Computers …, 2023",
      "year": 2023,
      "citations": 38
    },
    {
      "title": "Editval: Benchmarking diffusion based text-guided image editing methods",
      "url": "https://scholar.google.com/citations?view_op=view_citation&hl=en&user=-4fo-SwAAAAJ&citation_for_view=-4fo-SwAAAAJ:ULOm3_A8WrAC",
      "authors": "S Basu, M Saberi, S Bhardwaj, AM Chegini, D Massiceti, M Sanjabi, ...",
      "venue": "arXiv preprint arXiv:2310.02426, 2023",
      "year": 2023,
      "citations": 30
    },
    {
      "title": "NP-SemiSeg: when neural processes meet semi-supervised semantic segmentation",
      "url": "https://scholar.google.com/citations?view_op=view_citation&hl=en&user=-4fo-SwAAAAJ&citation_for_view=-4fo-SwAAAAJ:KlAtU1dfN6UC",
      "authors": "J Wang, D Massiceti, X Hu, V Pavlovic, T Lukasiewicz",
      "venue": "International Conference on Machine Learning, 36138-36156, 2023",
      "year": 2023,
      "citations": 16
    },
    {
      "title": "Augmenting clip with improved visio-linguistic reasoning",
      "url": "https://scholar.google.com/citations?view_op=view_citation&hl=en&user=-4fo-SwAAAAJ&citation_for_view=-4fo-SwAAAAJ:Zph67rFs4hoC",
      "authors": "S Basu, M Sanjabi, D Massiceti, SX Hu, S Feizi",
      "venue": "arXiv preprint arXiv:2307.09233 2 (6), 10, 2023",
      "year": 2023,
      "citations": 7
    },
    {
      "title": "Np-match: When neural processes meet semi-supervised learning",
      "url": "https://scholar.google.com/citations?view_op=view_citation&hl=en&user=-4fo-SwAAAAJ&citation_for_view=-4fo-SwAAAAJ:8k81kl-MbHgC",
      "authors": "J Wang, T Lukasiewicz, D Massiceti, X Hu, V Pavlovic, A Neophytou",
      "venue": "International Conference on Machine Learning, 22919-22934, 2022",
      "year": 2022,
      "citations": 60
    },
    {
      "title": "Hard-meta-dataset++: Towards understanding few-shot performance on difficult tasks",
      "url": "https://scholar.google.com/citations?view_op=view_citation&hl=en&user=-4fo-SwAAAAJ&citation_for_view=-4fo-SwAAAAJ:3fE2CSJIrl8C",
      "authors": "S Basu, M Stanley, JF Bronskill, S Feizi, D Massiceti",
      "venue": "The Eleventh International Conference on Learning Representations, 2022",
      "year": 2022,
      "citations": 7
    },
    {
      "title": "ORBIT: A Real-World Few-Shot Dataset for Teachable Object Recognition",
      "url": "https://scholar.google.com/citations?view_op=view_citation&hl=en&user=-4fo-SwAAAAJ&citation_for_view=-4fo-SwAAAAJ:roLk4NBRz8UC",
      "authors": "D Massiceti, L Zintgraf, J Bronskill, L Theodorou, MT Harris, E Cutrell, ...",
      "venue": "Proceedings of the IEEE International Conference on Computer Vision 2021, 2021",
      "year": 2021,
      "citations": 62
    },
    {
      "title": "Disability-first dataset creation: lessons from constructing a dataset for teachable object recognition with blind and low vision data collectors",
      "url": "https://scholar.google.com/citations?view_op=view_citation&hl=en&user=-4fo-SwAAAAJ&citation_for_view=-4fo-SwAAAAJ:UebtZRa9Y70C",
      "authors": "L Theodorou, D Massiceti, L Zintgraf, S Stumpf, C Morrison, E Cutrell, ...",
      "venue": "Proceedings of the 23rd International ACM SIGACCESS Conference on Computers …, 2021",
      "year": 2021,
      "citations": 47
    },
    {
      "title": "Memory efficient meta-learning with large images",
      "url": "https://scholar.google.com/citations?view_op=view_citation&hl=en&user=-4fo-SwAAAAJ&citation_for_view=-4fo-SwAAAAJ:Se3iqnhoufwC",
      "authors": "J Bronskill, D Massiceti, M Patacchiola, K Hofmann, S Nowozin, R Turner",
      "venue": "Advances in neural information processing systems 34, 24327-24339, 2021",
      "year": 2021,
      "citations": 29
    },
    {
      "title": "ORBIT: A real-world few-shot dataset for teachable object recognition collected from people who are blind or low vision",
      "url": "https://scholar.google.com/citations?view_op=view_citation&hl=en&user=-4fo-SwAAAAJ&citation_for_view=-4fo-SwAAAAJ:hqOjcs7Dif8C",
      "authors": "D Massiceti, L Theodorou, L Zintgraf, MT Harris, S Stumpf, C Morrison, ...",
      "venue": "URL https://doi. org/10.25383/city 14294597, 2021",
      "year": 2021,
      "citations": 5
    },
    {
      "title": "A dynamic AI system for extending the capabilities of blind people",
      "url": "https://scholar.google.com/citations?view_op=view_citation&hl=en&user=-4fo-SwAAAAJ&citation_for_view=-4fo-SwAAAAJ:LkGwnXOMwfcC",
      "authors": "M Grayson, A Thieme, R Marques, D Massiceti, E Cutrell, C Morrison",
      "venue": "Extended Abstracts of the 2020 CHI Conference on Human Factors in Computing …, 2020",
      "year": 2020,
      "citations": 34
    },
    {
      "title": "Stereosonic vision: Exploring visual-to-auditory sensory substitution mappings in an immersive virtual reality navigation paradigm",
      "url": "https://scholar.google.com/citations?view_op=view_citation&hl=en&user=-4fo-SwAAAAJ&citation_for_view=-4fo-SwAAAAJ:qjMakFHDy7sC",
      "authors": "D Massiceti, SL Hicks, JJ van Rheede",
      "venue": "PloS one 13 (7), e0199389, 2018",
      "year": 2018,
      "citations": 81
    },
    {
      "title": "FlipDial: A generative model for two-way visual dialogue",
      "url": "https://scholar.google.com/citations?view_op=view_citation&hl=en&user=-4fo-SwAAAAJ&citation_for_view=-4fo-SwAAAAJ:2osOgNQ5qMEC",
      "authors": "D Massiceti, N Siddharth, PK Dokania, PHS Torr",
      "venue": "Proceedings of the IEEE Conference on Computer Vision and Pattern …, 2018",
      "year": 2018,
      "citations": 48
    },
    {
      "title": "Visual dialogue without vision or dialogue",
      "url": "https://scholar.google.com/citations?view_op=view_citation&hl=en&user=-4fo-SwAAAAJ&citation_for_view=-4fo-SwAAAAJ:zYLM7Y9cAGgC",
      "authors": "D Massiceti, PK Dokania, N Siddharth, PHS Torr",
      "venue": "NeurIPS Workshop on Critiquing and Correcting Trends in Machine Learning 2019, 2018",
      "year": 2018,
      "citations": 34
    },
    {
      "title": "Random forests versus Neural Networks—What's best for camera localization?",
      "url": "https://scholar.google.com/citations?view_op=view_citation&hl=en&user=-4fo-SwAAAAJ&citation_for_view=-4fo-SwAAAAJ:d1gkVwhDpl0C",
      "authors": "D Massiceti, A Krull, E Brachmann, C Rother, PHS Torr",
      "venue": "2017 IEEE International Conference on Robotics and Automation (ICRA), 5118-5125, 2017",
      "year": 2017,
      "citations": 92
    },
    {
      "title": "Bottom-up top-down cues for weakly-supervised semantic segmentation",
      "url": "https://scholar.google.com/citations?view_op=view_citation&hl=en&user=-4fo-SwAAAAJ&citation_for_view=-4fo-SwAAAAJ:9yKSN-GCB0IC",
      "authors": "Q Hou, D Massiceti, PK Dokania, Y Wei, MM Cheng, P Torr",
      "venue": "2017 Conference on Energy Minimization Methods in Computer Vision and …, 2016",
      "year": 2016,
      "citations": 59
    }
  ],
  "co_authors": [
    {
      "name": "Philip Torr",
      "scholar_id": "kPxa2w0AAAAJ",
      "url": "https://scholar.google.com/citations?user=kPxa2w0AAAAJ"
    },
    {
      "name": "Puneet K. Dokania",
      "scholar_id": "WsM7ybkAAAAJ",
      "url": "https://scholar.google.com/citations?user=WsM7ybkAAAAJ"
    },
    {
      "name": "N. Siddharth",
      "scholar_id": "V7D7hxMAAAAJ",
      "url": "https://scholar.google.com/citations?user=V7D7hxMAAAAJ"
    },
    {
      "name": "Ming-Ming Cheng",
      "scholar_id": "huWpVyEAAAAJ",
      "url": "https://scholar.google.com/citations?user=huWpVyEAAAAJ"
    },
    {
      "name": "Qibin Hou",
      "scholar_id": "fF8OFV8AAAAJ",
      "url": "https://scholar.google.com/citations?user=fF8OFV8AAAAJ"
    },
    {
      "name": "Alexander Krull",
      "scholar_id": "KpeizkgAAAAJ",
      "url": "https://scholar.google.com/citations?user=KpeizkgAAAAJ"
    },
    {
      "name": "Carsten Rother",
      "scholar_id": "N_YNMIMAAAAJ",
      "url": "https://scholar.google.com/citations?user=N_YNMIMAAAAJ"
    },
    {
      "name": "Eric Brachmann",
      "scholar_id": "cAIshsYAAAAJ",
      "url": "https://scholar.google.com/citations?user=cAIshsYAAAAJ"
    },
    {
      "name": "Joram van Rheede",
      "scholar_id": "Eh8-R1MAAAAJ",
      "url": "https://scholar.google.com/citations?user=Eh8-R1MAAAAJ"
    }
  ]
}