{
  "author_info": {
    "name": "Douglas Lanman",
    "affiliation": "Senior Director, Display Systems Research, Reality Labs Research",
    "email_verified": "Verified email at meta.com - Homepage",
    "website": "http://lanman.info/",
    "interests": [
      "Computational Displays",
      "Computational Imaging",
      "Virtual Reality",
      "Augmented Reality",
      "Computer Vision"
    ],
    "photo_url": "https://scholar.googleusercontent.com/citations?view_op=view_photo&user=-qncsGYAAAAJ&citpid=8"
  },
  "citation_stats": {
    "citations_all": 8392,
    "citations_since_2020": 5096,
    "h_index_all": 46,
    "h_index_since_2020": 38,
    "i10_index_all": 110,
    "i10_index_since_2020": 90,
    "citation_graph": [
      {
        "year": 2009,
        "citations": 33
      },
      {
        "year": 2010,
        "citations": 57
      },
      {
        "year": 2011,
        "citations": 83
      },
      {
        "year": 2012,
        "citations": 157
      },
      {
        "year": 2013,
        "citations": 246
      },
      {
        "year": 2014,
        "citations": 250
      },
      {
        "year": 2015,
        "citations": 292
      },
      {
        "year": 2016,
        "citations": 387
      },
      {
        "year": 2017,
        "citations": 400
      },
      {
        "year": 2018,
        "citations": 499
      },
      {
        "year": 2019,
        "citations": 768
      },
      {
        "year": 2020,
        "citations": 808
      },
      {
        "year": 2021,
        "citations": 757
      },
      {
        "year": 2022,
        "citations": 773
      },
      {
        "year": 2023,
        "citations": 939
      },
      {
        "year": 2024,
        "citations": 910
      },
      {
        "year": 2025,
        "citations": 901
      }
    ]
  },
  "papers": [
    {
      "title": "Neural supersampling for real-time rendering",
      "url": "https://scholar.google.com/citations?view_op=view_citation&hl=en&user=-qncsGYAAAAJ&citation_for_view=-qncsGYAAAAJ:Kv9jytqXTosC",
      "authors": "L Xiao, S Nouri, M Chapman, A Fix, D Lanman, A Kaplanyan",
      "venue": "ACM Transactions on Graphics (TOG) 39 (4), 142: 1-142: 12, 2020",
      "year": 2020,
      "citations": 130
    },
    {
      "title": "Autofocus virtual reality headset",
      "url": "https://scholar.google.com/citations?view_op=view_citation&hl=en&user=-qncsGYAAAAJ&citation_for_view=-qncsGYAAAAJ:IExZWSxeYXUC",
      "authors": "AJ Fix, DR Lanman, Y Geng",
      "venue": "US Patent 10,445,860, 2019",
      "year": 2019,
      "citations": 121
    },
    {
      "title": "Focus adjusting virtual reality headset",
      "url": "https://scholar.google.com/citations?view_op=view_citation&hl=en&user=-qncsGYAAAAJ&citation_for_view=-qncsGYAAAAJ:JdL-Xu2nR38C",
      "authors": "DR Lanman, RM Ebert, AJ Fix, WA Nicholls, MS Mounier, RD Cavin",
      "venue": "US Patent 10,025,060, 2018",
      "year": 2018,
      "citations": 148
    },
    {
      "title": "Deepfocus: Learned image synthesis for computational display",
      "url": "https://scholar.google.com/citations?view_op=view_citation&hl=en&user=-qncsGYAAAAJ&citation_for_view=-qncsGYAAAAJ:dhpJJ7xvgBgC",
      "authors": "L Xiao, A Kaplanyan, A Fix, M Chapman, D Lanman",
      "venue": "ACM SIGGRAPH 2018 Talks, 1-2, 2018",
      "year": 2018,
      "citations": 107
    },
    {
      "title": "Near-eye microlens array displays",
      "url": "https://scholar.google.com/citations?view_op=view_citation&hl=en&user=-qncsGYAAAAJ&citation_for_view=-qncsGYAAAAJ:35N4QoGY0k4C",
      "authors": "DP Luebke, D Lanman, TF Fox, G Slavenburg",
      "venue": "US Patent 9,841,537, 2017",
      "year": 2017,
      "citations": 351
    },
    {
      "title": "Near-eye optical deconvolution displays",
      "url": "https://scholar.google.com/citations?view_op=view_citation&hl=en&user=-qncsGYAAAAJ&citation_for_view=-qncsGYAAAAJ:70eg2SAEIzsC",
      "authors": "DP Luebke, D Lanman, TF Fox, G Slavenburg",
      "venue": "US Patent 9,557,565, 2017",
      "year": 2017,
      "citations": 180
    },
    {
      "title": "Focal surface displays",
      "url": "https://scholar.google.com/citations?view_op=view_citation&hl=en&user=-qncsGYAAAAJ&citation_for_view=-qncsGYAAAAJ:I2jIoRS3jIgC",
      "authors": "N Matsuda, A Fix, D Lanman",
      "venue": "ACM Transactions on Graphics (TOG) 36 (4), 1-14, 2017",
      "year": 2017,
      "citations": 168
    },
    {
      "title": "System, method, and computer program product to produce images for a near-eye light field display having a defect",
      "url": "https://scholar.google.com/citations?view_op=view_citation&hl=en&user=-qncsGYAAAAJ&citation_for_view=-qncsGYAAAAJ:HoB7MX3m0LUC",
      "authors": "DR Lanman, DP Luebke",
      "venue": "US Patent 9,519,144, 2016",
      "year": 2016,
      "citations": 166
    },
    {
      "title": "Pinlight displays: wide field of view augmented reality eyeglasses using defocused point light sources",
      "url": "https://scholar.google.com/citations?view_op=view_citation&hl=en&user=-qncsGYAAAAJ&citation_for_view=-qncsGYAAAAJ:RGFaLdJalmkC",
      "authors": "A Maimone, D Lanman, K Rathinavel, K Keller, D Luebke, H Fuchs",
      "venue": "ACM SIGGRAPH 2014 emerging technologies, 1-1, 2014",
      "year": 2014,
      "citations": 258
    },
    {
      "title": "Bi-directional screen",
      "url": "https://scholar.google.com/citations?view_op=view_citation&hl=en&user=-qncsGYAAAAJ&citation_for_view=-qncsGYAAAAJ:0EnyYjriUFMC",
      "authors": "M Hirsch, R Raskar, H Holtzman, D Lanman",
      "venue": "US Patent 8,654,234, 2014",
      "year": 2014,
      "citations": 125
    },
    {
      "title": "Polarization fields for dynamic light field display",
      "url": "https://scholar.google.com/citations?view_op=view_citation&hl=en&user=-qncsGYAAAAJ&citation_for_view=-qncsGYAAAAJ:maZDTaKrznsC",
      "authors": "D Lanman, G Wetzstein, M Hirsch, W Heidrich, R Raskar",
      "venue": "US Patent 8,651,678, 2014",
      "year": 2014,
      "citations": 109
    },
    {
      "title": "Near-eye light field displays",
      "url": "https://scholar.google.com/citations?view_op=view_citation&hl=en&user=-qncsGYAAAAJ&citation_for_view=-qncsGYAAAAJ:M3NEmzRMIkIC",
      "authors": "D Lanman, D Luebke",
      "venue": "ACM transactions on graphics (TOG) 32 (6), 1-10, 2013",
      "year": 2013,
      "citations": 656
    },
    {
      "title": "Focus 3D: Compressive accommodation display.",
      "url": "https://scholar.google.com/citations?view_op=view_citation&hl=en&user=-qncsGYAAAAJ&citation_for_view=-qncsGYAAAAJ:hMod-77fHWUC",
      "authors": "A Maimone, G Wetzstein, M Hirsch, D Lanman, R Raskar, H Fuchs",
      "venue": "ACM Trans. Graph. 32 (5), 153:1-153:13, 2013",
      "year": 2013,
      "citations": 154
    },
    {
      "title": "Tensor displays: compressive light field synthesis using multilayer displays with directional backlighting",
      "url": "https://scholar.google.com/citations?view_op=view_citation&hl=en&user=-qncsGYAAAAJ&citation_for_view=-qncsGYAAAAJ:e5wmG9Sq2KIC",
      "authors": "G Wetzstein, DR Lanman, MW Hirsch, R Raskar",
      "venue": "Association for Computing Machinery, 2012",
      "year": 2012,
      "citations": 716
    },
    {
      "title": "Layered 3D: tomographic image synthesis for attenuation-based light field and high dynamic range displays",
      "url": "https://scholar.google.com/citations?view_op=view_citation&hl=en&user=-qncsGYAAAAJ&citation_for_view=-qncsGYAAAAJ:IjCSPb-OGe4C",
      "authors": "G Wetzstein, D Lanman, W Heidrich, R Raskar",
      "venue": "ACM SIGGRAPH 2011 papers, 1-12, 2011",
      "year": 2011,
      "citations": 357
    },
    {
      "title": "Polarization fields: dynamic light field display using multi-layer LCDs",
      "url": "https://scholar.google.com/citations?view_op=view_citation&hl=en&user=-qncsGYAAAAJ&citation_for_view=-qncsGYAAAAJ:hqOjcs7Dif8C",
      "authors": "D Lanman, G Wetzstein, M Hirsch, W Heidrich, R Raskar",
      "venue": "Proceedings of the 2011 SIGGRAPH Asia Conference, 1-10, 2011",
      "year": 2011,
      "citations": 251
    },
    {
      "title": "Computational plenoptic imaging",
      "url": "https://scholar.google.com/citations?view_op=view_citation&hl=en&user=-qncsGYAAAAJ&citation_for_view=-qncsGYAAAAJ:WF5omc3nYNoC",
      "authors": "G Wetzstein, I Ihrke, D Lanman, W Heidrich",
      "venue": "Computer Graphics Forum 30 (8), 2397-2426, 2011",
      "year": 2011,
      "citations": 134
    },
    {
      "title": "Content-adaptive parallax barriers: optimizing dual-layer 3D displays using low-rank light field factorization",
      "url": "https://scholar.google.com/citations?view_op=view_citation&hl=en&user=-qncsGYAAAAJ&citation_for_view=-qncsGYAAAAJ:Tyk-4Ss8FVUC",
      "authors": "D Lanman, M Hirsch, Y Kim, R Raskar",
      "venue": "ACM SIGGRAPH Asia 2010 papers, 1-10, 2010",
      "year": 2010,
      "citations": 296
    },
    {
      "title": "Build your own 3D scanner: 3D photography for beginners",
      "url": "https://scholar.google.com/citations?view_op=view_citation&hl=en&user=-qncsGYAAAAJ&citation_for_view=-qncsGYAAAAJ:UeHWp8X0CEIC",
      "authors": "D Lanman, G Taubin",
      "venue": "ACM siggraph 2009 courses, 1-94, 2009",
      "year": 2009,
      "citations": 196
    },
    {
      "title": "BiDi screen: a thin, depth-sensing LCD for 3D interaction using light fields",
      "url": "https://scholar.google.com/citations?view_op=view_citation&hl=en&user=-qncsGYAAAAJ&citation_for_view=-qncsGYAAAAJ:u-x6o8ySG0sC",
      "authors": "M Hirsch, D Lanman, H Holtzman, R Raskar",
      "venue": "ACM Transactions on Graphics (ToG) 28 (5), 1-9, 2009",
      "year": 2009,
      "citations": 109
    }
  ],
  "co_authors": []
}