{
  "author_info": {
    "name": "Hexiang (Frank) Hu",
    "affiliation": "xAI",
    "email_verified": "Verified email at x.ai - Homepage",
    "website": "http://hexianghu.com/",
    "interests": [
      "Multimodal Models"
    ],
    "photo_url": "/citations/images/avatar_scholar_128.png"
  },
  "citation_stats": {
    "citations_all": 16142,
    "citations_since_2020": 15736,
    "h_index_all": 35,
    "h_index_since_2020": 34,
    "i10_index_all": 43,
    "i10_index_since_2020": 43,
    "citation_graph": [
      {
        "year": 2017,
        "citations": 58
      },
      {
        "year": 2018,
        "citations": 123
      },
      {
        "year": 2019,
        "citations": 202
      },
      {
        "year": 2020,
        "citations": 349
      },
      {
        "year": 2021,
        "citations": 570
      },
      {
        "year": 2022,
        "citations": 764
      },
      {
        "year": 2023,
        "citations": 1026
      },
      {
        "year": 2024,
        "citations": 4764
      },
      {
        "year": 2025,
        "citations": 8234
      }
    ]
  },
  "papers": [
    {
      "title": "Scaling Inference Time Compute for Diffusion Models",
      "url": "https://scholar.google.com/citations?view_op=view_citation&hl=en&user=--YtdhAAAAAJ&citation_for_view=--YtdhAAAAAJ:xtRiw3GOFMkC",
      "authors": "N Ma, S Tong, H Jia, H Hu, YC Su, M Zhang, X Yang, Y Li, T Jaakkola, ...",
      "venue": "Proceedings of the Computer Vision and Pattern Recognition Conference, 2523-2534, 2025",
      "year": 2025,
      "citations": 107
    },
    {
      "title": "On scaling up a multilingual vision and language model",
      "url": "https://scholar.google.com/citations?view_op=view_citation&hl=en&user=--YtdhAAAAAJ&citation_for_view=--YtdhAAAAAJ:4OULZ7Gr8RgC",
      "authors": "X Chen, J Djolonga, P Padlewski, B Mustafa, S Changpinyo, J Wu, ...",
      "venue": "Proceedings of the IEEE/CVF Conference on Computer Vision and Pattern …, 2024",
      "year": 2024,
      "citations": 269
    },
    {
      "title": "Subject-driven text-to-image generation via apprenticeship learning",
      "url": "https://scholar.google.com/citations?view_op=view_citation&hl=en&user=--YtdhAAAAAJ&citation_for_view=--YtdhAAAAAJ:2P1L_qKh6hAC",
      "authors": "W Chen*, H Hu*, Y Li, N Ruiz, X Jia, MW Chang, WW Cohen",
      "venue": "NeurIPS 2024 36, 2024",
      "year": 2024,
      "citations": 255
    },
    {
      "title": "Uniir: Training and benchmarking universal multimodal information retrievers",
      "url": "https://scholar.google.com/citations?view_op=view_citation&hl=en&user=--YtdhAAAAAJ&citation_for_view=--YtdhAAAAAJ:HoB7MX3m0LUC",
      "authors": "C Wei, Y Chen, H Chen, H Hu, G Zhang, J Fu, A Ritter, W Chen",
      "venue": "European Conference on Computer Vision, 387-404, 2024",
      "year": 2024,
      "citations": 118
    },
    {
      "title": "From pixels to ui actions: Learning to follow instructions via graphical user interfaces",
      "url": "https://scholar.google.com/citations?view_op=view_citation&hl=en&user=--YtdhAAAAAJ&citation_for_view=--YtdhAAAAAJ:M05iB0D1s5AC",
      "authors": "P Shaw, M Joshi, J Cohan, J Berant, P Pasupat, H Hu, U Khandelwal, ...",
      "venue": "NeurIPS 2024 36, 2024",
      "year": 2024,
      "citations": 108
    },
    {
      "title": "Gemini: a family of highly capable multimodal models",
      "url": "https://scholar.google.com/citations?view_op=view_citation&hl=en&user=--YtdhAAAAAJ&citation_for_view=--YtdhAAAAAJ:rO6llkc54NcC",
      "authors": "G Team, R Anil, S Borgeaud, Y Wu, JB Alayrac, J Yu, R Soricut, ...",
      "venue": "Technical Report, 2023",
      "year": 2023,
      "citations": 9706
    },
    {
      "title": "Pix2Struct: Screenshot parsing as pretraining for visual language understanding",
      "url": "https://scholar.google.com/citations?view_op=view_citation&hl=en&user=--YtdhAAAAAJ&citation_for_view=--YtdhAAAAAJ:RGFaLdJalmkC",
      "authors": "K Lee, M Joshi, I Turc, H Hu, F Liu, J Eisenschlos, U Khandelwal, P Shaw, ...",
      "venue": "ICML 2023, 2023",
      "year": 2023,
      "citations": 411
    },
    {
      "title": "Can Pre-trained Vision and Language Models Answer Visual Information-Seeking Questions?",
      "url": "https://scholar.google.com/citations?view_op=view_citation&hl=en&user=--YtdhAAAAAJ&citation_for_view=--YtdhAAAAAJ:vV6vV6tmYwMC",
      "authors": "Y Chen, H Hu, Y Luan, H Sun, S Changpinyo, A Ritter, MW Chang",
      "venue": "EMNLP 2023, 2023",
      "year": 2023,
      "citations": 151
    },
    {
      "title": "Open-domain visual entity recognition: Towards recognizing millions of wikipedia entities",
      "url": "https://scholar.google.com/citations?view_op=view_citation&hl=en&user=--YtdhAAAAAJ&citation_for_view=--YtdhAAAAAJ:lSLTfruPkqcC",
      "authors": "H Hu, Y Luan, Y Chen, U Khandelwal, M Joshi, K Lee, K Toutanova, ...",
      "venue": "ICCV 2023, 2023",
      "year": 2023,
      "citations": 103
    },
    {
      "title": "Re-imagen: Retrieval-augmented text-to-image generator",
      "url": "https://scholar.google.com/citations?view_op=view_citation&hl=en&user=--YtdhAAAAAJ&citation_for_view=--YtdhAAAAAJ:O3NaXMp0MMsC",
      "authors": "W Chen, H Hu, C Saharia, WW Cohen",
      "venue": "ICLR 2023, 2022",
      "year": 2022,
      "citations": 257
    },
    {
      "title": "MuRAG: Multimodal Retrieval-Augmented Generator for Open Question Answering over Images and Text",
      "url": "https://scholar.google.com/citations?view_op=view_citation&hl=en&user=--YtdhAAAAAJ&citation_for_view=--YtdhAAAAAJ:ns9cj8rnVeAC",
      "authors": "W Chen, H Hu, X Chen, P Verga, WW Cohen",
      "venue": "EMNLP 2022, 2022",
      "year": 2022,
      "citations": 249
    },
    {
      "title": "Learning the best pooling strategy for visual semantic embedding",
      "url": "https://scholar.google.com/citations?view_op=view_citation&hl=en&user=--YtdhAAAAAJ&citation_for_view=--YtdhAAAAAJ:4JMBOYKVnBMC",
      "authors": "J Chen*, H Hu*, H Wu, Y Jiang, C Wang",
      "venue": "Proceedings of the IEEE/CVF conference on computer vision and pattern …, 2021",
      "year": 2021,
      "citations": 353
    },
    {
      "title": "Few-shot learning via embedding adaptation with set-to-set functions",
      "url": "https://scholar.google.com/citations?view_op=view_citation&hl=en&user=--YtdhAAAAAJ&citation_for_view=--YtdhAAAAAJ:mB3voiENLucC",
      "authors": "HJ Ye, H Hu, DC Zhan, F Sha",
      "venue": "Proceedings of the IEEE/CVF conference on computer vision and pattern …, 2020",
      "year": 2020,
      "citations": 1126
    },
    {
      "title": "BabyWalk: Going Farther in Vision-and-Language Navigation by Taking Baby Steps",
      "url": "https://scholar.google.com/citations?view_op=view_citation&hl=en&user=--YtdhAAAAAJ&citation_for_view=--YtdhAAAAAJ:hC7cP41nSMkC",
      "authors": "W Zhu*, H Hu*, J Chen, Z Deng, V Jain, E Ie, F Sha",
      "venue": "ACL 2020, 2020",
      "year": 2020,
      "citations": 94
    },
    {
      "title": "Multimodal Model-Agnostic Meta-Learning via Task-Aware Modulation",
      "url": "https://scholar.google.com/citations?view_op=view_citation&hl=en&user=--YtdhAAAAAJ&citation_for_view=--YtdhAAAAAJ:QIV2ME_5wuYC",
      "authors": "R Vuorio, SH Sun, H Hu, JJ Lim",
      "venue": "Advances in Neural Information Processing Systems (NeurIPS) 2019, 2019",
      "year": 2019,
      "citations": 342
    },
    {
      "title": "Engaging image captioning via personality",
      "url": "https://scholar.google.com/citations?view_op=view_citation&hl=en&user=--YtdhAAAAAJ&citation_for_view=--YtdhAAAAAJ:0EnyYjriUFMC",
      "authors": "K Shuster, S Humeau, H Hu, A Bordes, J Weston",
      "venue": "Computer Vision and Pattern Recognition (CVPR), 2019 Proceedings of IEEE …, 2018",
      "year": 2018,
      "citations": 206
    },
    {
      "title": "Cross-Modal and Hierarchical Modeling of Video and Text",
      "url": "https://scholar.google.com/citations?view_op=view_citation&hl=en&user=--YtdhAAAAAJ&citation_for_view=--YtdhAAAAAJ:hqOjcs7Dif8C",
      "authors": "B Zhang*, H Hu*, F Sha",
      "venue": "Proceedings of the European Conference on Computer Vision (ECCV), 2018",
      "year": 2018,
      "citations": 191
    },
    {
      "title": "Compressed Video Action Recognition",
      "url": "https://scholar.google.com/citations?view_op=view_citation&hl=en&user=--YtdhAAAAAJ&citation_for_view=--YtdhAAAAAJ:Y0pCki6q_DkC",
      "authors": "CY Wu, M Zaheer, H Hu, R Manmatha, AJ Smola, P Krähenbühl",
      "venue": "Computer Vision and Pattern Recognition (CVPR), 2018 Proceedings of …, 2017",
      "year": 2017,
      "citations": 458
    },
    {
      "title": "Structure inference machines: Recurrent neural networks for analyzing relations in group activity recognition",
      "url": "https://scholar.google.com/citations?view_op=view_citation&hl=en&user=--YtdhAAAAAJ&citation_for_view=--YtdhAAAAAJ:u-x6o8ySG0sC",
      "authors": "Z Deng, A Vahdat, H Hu, G Mori",
      "venue": "Computer Vision and Pattern Recognition (CVPR), 2016 Proceedings of IEEE …, 2016",
      "year": 2016,
      "citations": 314
    },
    {
      "title": "Learning structured inference neural networks with label relations",
      "url": "https://scholar.google.com/citations?view_op=view_citation&hl=en&user=--YtdhAAAAAJ&citation_for_view=--YtdhAAAAAJ:u5HHmVD_uO8C",
      "authors": "H Hu, GT Zhou, Z Deng, Z Liao, G Mori",
      "venue": "Computer Vision and Pattern Recognition (CVPR), 2016 Proceedings of IEEE …, 2016",
      "year": 2016,
      "citations": 191
    }
  ],
  "co_authors": []
}