{
  "author_info": {
    "name": "Yun Zheng",
    "affiliation": "Alibaba",
    "email_verified": "Verified email at alibaba-inc.com",
    "interests": [
      "Computer Vision",
      "Multimodal Modeling"
    ],
    "photo_url": "/citations/images/avatar_scholar_128.png"
  },
  "citation_stats": {
    "citations_all": 1943,
    "citations_since_2020": 1809,
    "h_index_all": 17,
    "h_index_since_2020": 16,
    "i10_index_all": 27,
    "i10_index_since_2020": 22,
    "citation_graph": [
      {
        "year": 2011,
        "citations": 13
      },
      {
        "year": 2012,
        "citations": 8
      },
      {
        "year": 2013,
        "citations": 10
      },
      {
        "year": 2014,
        "citations": 14
      },
      {
        "year": 2015,
        "citations": 14
      },
      {
        "year": 2016,
        "citations": 10
      },
      {
        "year": 2017,
        "citations": 11
      },
      {
        "year": 2018,
        "citations": 17
      },
      {
        "year": 2019,
        "citations": 27
      },
      {
        "year": 2020,
        "citations": 33
      },
      {
        "year": 2021,
        "citations": 74
      },
      {
        "year": 2022,
        "citations": 180
      },
      {
        "year": 2023,
        "citations": 352
      },
      {
        "year": 2024,
        "citations": 496
      },
      {
        "year": 2025,
        "citations": 672
      }
    ]
  },
  "papers": [
    {
      "title": "Wan: Open and advanced large-scale video generative models",
      "url": "https://scholar.google.com/citations?view_op=view_citation&hl=en&user=-hFpScAAAAAJ&citation_for_view=-hFpScAAAAAJ:j3f4tGmQtD8C",
      "authors": "T Wan, A Wang, B Ai, B Wen, C Mao, CW Xie, D Chen, F Yu, H Zhao, ...",
      "venue": "arXiv preprint arXiv:2503.20314, 2025",
      "year": 2025,
      "citations": 127
    },
    {
      "title": "Relevant intrinsic feature enhancement network for few-shot semantic segmentation",
      "url": "https://scholar.google.com/citations?view_op=view_citation&hl=en&user=-hFpScAAAAAJ&citation_for_view=-hFpScAAAAAJ:dhFuZR0502QC",
      "authors": "X Bao, J Qin, S Sun, X Wang, Y Zheng",
      "venue": "Proceedings of the AAAI Conference on Artificial Intelligence 38 (2), 765-773, 2024",
      "year": 2024,
      "citations": 31
    },
    {
      "title": "Cores: Orchestrating the dance of reasoning and segmentation",
      "url": "https://scholar.google.com/citations?view_op=view_citation&hl=en&user=-hFpScAAAAAJ&citation_for_view=-hFpScAAAAAJ:qUcmZB5y_30C",
      "authors": "X Bao, S Sun, S Ma, K Zheng, Y Guo, G Zhao, Y Zheng, X Wang",
      "venue": "European Conference on Computer Vision, 187-204, 2024",
      "year": 2024,
      "citations": 16
    },
    {
      "title": "Crossmae: Cross-modality masked autoencoders for region-aware audio-visual pre-training",
      "url": "https://scholar.google.com/citations?view_op=view_citation&hl=en&user=-hFpScAAAAAJ&citation_for_view=-hFpScAAAAAJ:hC7cP41nSMkC",
      "authors": "Y Guo, S Sun, S Ma, K Zheng, X Bao, S Ma, W Zou, Y Zheng",
      "venue": "Proceedings of the IEEE/CVF Conference on Computer Vision and Pattern …, 2024",
      "year": 2024,
      "citations": 16
    },
    {
      "title": "Momentdiff: Generative video moment retrieval from random to real",
      "url": "https://scholar.google.com/citations?view_op=view_citation&hl=en&user=-hFpScAAAAAJ&citation_for_view=-hFpScAAAAAJ:4DMP91E08xMC",
      "authors": "P Li, CW Xie, H Xie, L Zhao, L Zhang, Y Zheng, D Zhao, Y Zhang",
      "venue": "Advances in neural information processing systems 36, 65948-65966, 2023",
      "year": 2023,
      "citations": 107
    },
    {
      "title": "Progressive spatio-temporal prototype matching for text-video retrieval",
      "url": "https://scholar.google.com/citations?view_op=view_citation&hl=en&user=-hFpScAAAAAJ&citation_for_view=-hFpScAAAAAJ:9ZlFYXVOiuMC",
      "authors": "P Li, CW Xie, L Zhao, H Xie, J Ge, Y Zheng, D Zhao, Y Zhang",
      "venue": "Proceedings of the IEEE/CVF international conference on computer vision …, 2023",
      "year": 2023,
      "citations": 62
    },
    {
      "title": "Ra-clip: Retrieval augmented contrastive language-image pre-training",
      "url": "https://scholar.google.com/citations?view_op=view_citation&hl=en&user=-hFpScAAAAAJ&citation_for_view=-hFpScAAAAAJ:M3ejUd6NZC8C",
      "authors": "CW Xie, S Sun, X Xiong, Y Zheng, D Zhao, J Zhou",
      "venue": "Proceedings of the IEEE/CVF Conference on Computer Vision and Pattern …, 2023",
      "year": 2023,
      "citations": 55
    },
    {
      "title": "Dual mean-teacher: An unbiased semi-supervised framework for audio-visual source localization",
      "url": "https://scholar.google.com/citations?view_op=view_citation&hl=en&user=-hFpScAAAAAJ&citation_for_view=-hFpScAAAAAJ:L8Ckcad2t8MC",
      "authors": "Y Guo, S Ma, H Su, Z Wang, Y Zhao, W Zou, S Sun, Y Zheng",
      "venue": "Advances in Neural Information Processing Systems 36, 48639-48661, 2023",
      "year": 2023,
      "citations": 17
    },
    {
      "title": "Disentangled representation learning for text-video retrieval",
      "url": "https://scholar.google.com/citations?view_op=view_citation&hl=en&user=-hFpScAAAAAJ&citation_for_view=-hFpScAAAAAJ:R3hNpaxXUhUC",
      "authors": "Q Wang, Y Zhang, Y Zheng, P Pan, XS Hua",
      "venue": "arXiv preprint arXiv:2203.07111, 2022",
      "year": 2022,
      "citations": 120
    },
    {
      "title": "Rcl: Recurrent continuous localization for temporal action detection",
      "url": "https://scholar.google.com/citations?view_op=view_citation&hl=en&user=-hFpScAAAAAJ&citation_for_view=-hFpScAAAAAJ:3fE2CSJIrl8C",
      "authors": "Q Wang, Y Zhang, Y Zheng, P Pan",
      "venue": "Proceedings of the IEEE/CVF conference on computer vision and pattern …, 2022",
      "year": 2022,
      "citations": 61
    },
    {
      "title": "Deeply exploit visual and language information for social media popularity prediction",
      "url": "https://scholar.google.com/citations?view_op=view_citation&hl=en&user=-hFpScAAAAAJ&citation_for_view=-hFpScAAAAAJ:YOwf2qJgpHMC",
      "authors": "J Wu, L Zhao, D Li, CW Xie, S Sun, Y Zheng",
      "venue": "Proceedings of the 30th ACM International Conference on Multimedia, 7045-7049, 2022",
      "year": 2022,
      "citations": 26
    },
    {
      "title": "Token embeddings alignment for cross-modal retrieval",
      "url": "https://scholar.google.com/citations?view_op=view_citation&hl=en&user=-hFpScAAAAAJ&citation_for_view=-hFpScAAAAAJ:4TOpqqG69KYC",
      "authors": "CW Xie, J Wu, Y Zheng, P Pan, XS Hua",
      "venue": "Proceedings of the 30th ACM international conference on multimedia, 4555-4563, 2022",
      "year": 2022,
      "citations": 19
    },
    {
      "title": "Few-shot incremental learning with continually evolved classifiers",
      "url": "https://scholar.google.com/citations?view_op=view_citation&hl=en&user=-hFpScAAAAAJ&citation_for_view=-hFpScAAAAAJ:roLk4NBRz8UC",
      "authors": "C Zhang, N Song, G Lin, Y Zheng, P Pan, Y Xu",
      "venue": "Proceedings of the IEEE/CVF conference on computer vision and pattern …, 2021",
      "year": 2021,
      "citations": 487
    },
    {
      "title": "Multiple object tracking with correlation learning",
      "url": "https://scholar.google.com/citations?view_op=view_citation&hl=en&user=-hFpScAAAAAJ&citation_for_view=-hFpScAAAAAJ:LkGwnXOMwfcC",
      "authors": "Q Wang, Y Zheng, P Pan, Y Xu",
      "venue": "Proceedings of the IEEE/CVF conference on computer vision and pattern …, 2021",
      "year": 2021,
      "citations": 278
    },
    {
      "title": "Asynce: Disentangling false-positives for weakly-supervised video grounding",
      "url": "https://scholar.google.com/citations?view_op=view_citation&hl=en&user=-hFpScAAAAAJ&citation_for_view=-hFpScAAAAAJ:5nxA0vEk-isC",
      "authors": "C Da, Y Zhang, Y Zheng, P Pan, Y Xu, C Pan",
      "venue": "Proceedings of the 29th ACM International Conference on Multimedia, 1129-1137, 2021",
      "year": 2021,
      "citations": 19
    },
    {
      "title": "Weakly supervised learning with side information for noisy labeled images",
      "url": "https://scholar.google.com/citations?view_op=view_citation&hl=en&user=-hFpScAAAAAJ&citation_for_view=-hFpScAAAAAJ:Y0pCki6q_DkC",
      "authors": "L Cheng, X Zhou, L Zhao, D Li, H Shang, Y Zheng, P Pan, Y Xu",
      "venue": "European Conference on Computer Vision, 306-321, 2020",
      "year": 2020,
      "citations": 68
    },
    {
      "title": "Visual search at alibaba",
      "url": "https://scholar.google.com/citations?view_op=view_citation&hl=en&user=-hFpScAAAAAJ&citation_for_view=-hFpScAAAAAJ:IjCSPb-OGe4C",
      "authors": "Y Zhang, P Pan, Y Zheng, K Zhao, Y Zhang, X Ren, R Jin",
      "venue": "Proceedings of the 24th ACM SIGKDD international conference on knowledge …, 2018",
      "year": 2018,
      "citations": 164
    },
    {
      "title": "A flexible H. 264/AVC compressed video watermarking scheme using particle swarm optimization based dither modulation",
      "url": "https://scholar.google.com/citations?view_op=view_citation&hl=en&user=-hFpScAAAAAJ&citation_for_view=-hFpScAAAAAJ:2osOgNQ5qMEC",
      "authors": "CH Wu, Y Zheng, WH Ip, CY Chan, KL Yung, ZM Lu",
      "venue": "AEU-International Journal of Electronics and Communications 65 (1), 27-36, 2011",
      "year": 2011,
      "citations": 49
    },
    {
      "title": "Robust dual watermarking algorithm for AVS video",
      "url": "https://scholar.google.com/citations?view_op=view_citation&hl=en&user=-hFpScAAAAAJ&citation_for_view=-hFpScAAAAAJ:W7OEmFMy1HYC",
      "authors": "YG Wang, ZM Lu, L Fan, Y Zheng",
      "venue": "Signal Processing: Image Communication 24 (4), 333-344, 2009",
      "year": 2009,
      "citations": 22
    },
    {
      "title": "Optimal robust image watermarking based on PSO and HVS in integer DCT domain",
      "url": "https://scholar.google.com/citations?view_op=view_citation&hl=en&user=-hFpScAAAAAJ&citation_for_view=-hFpScAAAAAJ:u5HHmVD_uO8C",
      "authors": "Y Zheng, CH Wu, ZM Lu, WH Ip",
      "venue": "International Journal of Computer Sciences and Engineering Systems 2 (4 …, 2008",
      "year": 2008,
      "citations": 20
    }
  ],
  "co_authors": [
    {
      "name": "Yanhao Zhang",
      "scholar_id": "J1OguXAAAAAJ",
      "url": "https://scholar.google.com/citations?user=J1OguXAAAAAJ"
    },
    {
      "name": "Siyang Sun",
      "scholar_id": "IK9DwSIAAAAJ",
      "url": "https://scholar.google.com/citations?user=IK9DwSIAAAAJ"
    },
    {
      "name": "Liming Zhao",
      "scholar_id": "noI8iqIAAAAJ",
      "url": "https://scholar.google.com/citations?user=noI8iqIAAAAJ"
    },
    {
      "name": "Chen-Wei Xie",
      "scholar_id": "UHCDCRMAAAAJ",
      "url": "https://scholar.google.com/citations?user=UHCDCRMAAAAJ"
    },
    {
      "name": "Qiang Wang",
      "scholar_id": "_bwYVa4AAAAJ",
      "url": "https://scholar.google.com/citations?user=_bwYVa4AAAAJ"
    },
    {
      "name": "Pandeng Li",
      "scholar_id": "Moy-4-0AAAAJ",
      "url": "https://scholar.google.com/citations?user=Moy-4-0AAAAJ"
    },
    {
      "name": "Deli Zhao",
      "scholar_id": "7LhjCn0AAAAJ",
      "url": "https://scholar.google.com/citations?user=7LhjCn0AAAAJ"
    },
    {
      "name": "Rong Jin",
      "scholar_id": "CS5uNscAAAAJ",
      "url": "https://scholar.google.com/citations?user=CS5uNscAAAAJ"
    },
    {
      "name": "xiaoyi bao",
      "scholar_id": "gSI_eiIAAAAJ",
      "url": "https://scholar.google.com/citations?user=gSI_eiIAAAAJ"
    },
    {
      "name": "Nan Song",
      "scholar_id": "LcAmIHMAAAAJ",
      "url": "https://scholar.google.com/citations?user=LcAmIHMAAAAJ"
    },
    {
      "name": "Dangwei Li",
      "scholar_id": "t6fzW_MAAAAJ",
      "url": "https://scholar.google.com/citations?user=t6fzW_MAAAAJ"
    },
    {
      "name": "Kang Zhao",
      "scholar_id": "02H8RBIAAAAJ",
      "url": "https://scholar.google.com/citations?user=02H8RBIAAAAJ"
    },
    {
      "name": "yingya zhang",
      "scholar_id": "16RDSEUAAAAJ",
      "url": "https://scholar.google.com/citations?user=16RDSEUAAAAJ"
    },
    {
      "name": "Xiong Xiong (熊雄)",
      "scholar_id": "TFW16kIAAAAJ",
      "url": "https://scholar.google.com/citations?user=TFW16kIAAAAJ"
    },
    {
      "name": "Yuxin Guo",
      "scholar_id": "x_0spxgAAAAJ",
      "url": "https://scholar.google.com/citations?user=x_0spxgAAAAJ"
    },
    {
      "name": "Guosheng Lin",
      "scholar_id": "ZudEhvcAAAAJ",
      "url": "https://scholar.google.com/citations?user=ZudEhvcAAAAJ"
    },
    {
      "name": "Jingren Zhou",
      "scholar_id": "64zxhRUAAAAJ",
      "url": "https://scholar.google.com/citations?user=64zxhRUAAAAJ"
    },
    {
      "name": "Xiangzeng Zhou",
      "scholar_id": "Y8sY9zgAAAAJ",
      "url": "https://scholar.google.com/citations?user=Y8sY9zgAAAAJ"
    },
    {
      "name": "Xiaofeng Ren",
      "scholar_id": "1KFFbEIAAAAJ",
      "url": "https://scholar.google.com/citations?user=1KFFbEIAAAAJ"
    },
    {
      "name": "Chun-Ho Wu",
      "scholar_id": "YrVSjs0AAAAJ",
      "url": "https://scholar.google.com/citations?user=YrVSjs0AAAAJ"
    }
  ]
}