{
  "author_info": {
    "name": "Frédéric Precioso",
    "affiliation": "Universite Cote d'Azur",
    "email_verified": "Verified email at unice.fr - Homepage",
    "website": "http://www.i3s.unice.fr/~precioso/",
    "interests": [
      "Machine Learning",
      "Data Mining"
    ],
    "photo_url": "/citations/images/avatar_scholar_128.png"
  },
  "citation_stats": {
    "citations_all": 4268,
    "citations_since_2020": 2620,
    "h_index_all": 28,
    "h_index_since_2020": 21,
    "i10_index_all": 79,
    "i10_index_since_2020": 38,
    "citation_graph": [
      {
        "year": 2003,
        "citations": 14
      },
      {
        "year": 2004,
        "citations": 38
      },
      {
        "year": 2005,
        "citations": 37
      },
      {
        "year": 2006,
        "citations": 48
      },
      {
        "year": 2007,
        "citations": 47
      },
      {
        "year": 2008,
        "citations": 39
      },
      {
        "year": 2009,
        "citations": 44
      },
      {
        "year": 2010,
        "citations": 73
      },
      {
        "year": 2011,
        "citations": 69
      },
      {
        "year": 2012,
        "citations": 86
      },
      {
        "year": 2013,
        "citations": 123
      },
      {
        "year": 2014,
        "citations": 109
      },
      {
        "year": 2015,
        "citations": 120
      },
      {
        "year": 2016,
        "citations": 172
      },
      {
        "year": 2017,
        "citations": 177
      },
      {
        "year": 2018,
        "citations": 196
      },
      {
        "year": 2019,
        "citations": 219
      },
      {
        "year": 2020,
        "citations": 301
      },
      {
        "year": 2021,
        "citations": 326
      },
      {
        "year": 2022,
        "citations": 373
      },
      {
        "year": 2023,
        "citations": 435
      },
      {
        "year": 2024,
        "citations": 602
      },
      {
        "year": 2025,
        "citations": 574
      }
    ]
  },
  "papers": [
    {
      "title": "Interpretable neural-symbolic concept reasoning",
      "url": "https://scholar.google.com/citations?view_op=view_citation&hl=en&user=-0cKTucAAAAJ&citation_for_view=-0cKTucAAAAJ:hMsQuOkrut0C",
      "authors": "P Barbiero, G Ciravegna, F Giannini, ME Zarlenga, LC Magister, A Tonda, ...",
      "venue": "International Conference on Machine Learning, 1801-1825, 2023",
      "year": 2023,
      "citations": 51
    },
    {
      "title": "DeepWILD: Wildlife Identification, Localisation and estimation on camera trap videos using Deep learning",
      "url": "https://scholar.google.com/citations?view_op=view_citation&hl=en&user=-0cKTucAAAAJ&citation_for_view=-0cKTucAAAAJ:AvfA0Oy_GE0C",
      "authors": "F Simões, C Bouveyron, F Precioso",
      "venue": "Ecological Informatics 75, 102095, 2023",
      "year": 2023,
      "citations": 45
    },
    {
      "title": "Concept embedding models: Beyond the accuracy-explainability trade-off",
      "url": "https://scholar.google.com/citations?view_op=view_citation&hl=en&user=-0cKTucAAAAJ&citation_for_view=-0cKTucAAAAJ:ML0RJ9NH7IQC",
      "authors": "M Espinosa Zarlenga, P Barbiero, G Ciravegna, G Marra, F Giannini, ...",
      "venue": "Advances in neural information processing systems 35, 21400-21413, 2022",
      "year": 2022,
      "citations": 260
    },
    {
      "title": "TRACK: A New Method From a Re-Examination of Deep Architectures for Head Motion Prediction in 360 Videos",
      "url": "https://scholar.google.com/citations?view_op=view_citation&hl=en&user=-0cKTucAAAAJ&citation_for_view=-0cKTucAAAAJ:tKAzc9rXhukC",
      "authors": "MFR Rondón, L Sassatelli, R Aparicio-Pardo, F Precioso",
      "venue": "IEEE Transactions on Pattern Analysis and Machine Intelligence 44 (9), 5681-5699, 2021",
      "year": 2021,
      "citations": 82
    },
    {
      "title": "Cumulative learning enables convolutional neural network representations for small mass spectrometry data classification",
      "url": "https://scholar.google.com/citations?view_op=view_citation&hl=en&user=-0cKTucAAAAJ&citation_for_view=-0cKTucAAAAJ:Fu2w8maKXqMC",
      "authors": "K Seddiki, P Saudemont, F Precioso, N Ogrinc, M Wisztorski, M Salzet, ...",
      "venue": "Nature communications 11 (1), 5595, 2020",
      "year": 2020,
      "citations": 84
    },
    {
      "title": "A deep architecture for multimodal summarization of soccer games",
      "url": "https://scholar.google.com/citations?view_op=view_citation&hl=en&user=-0cKTucAAAAJ&citation_for_view=-0cKTucAAAAJ:tkaPQYYpVKoC",
      "authors": "M Sanabria, Sherly, F Precioso, T Menguy",
      "venue": "Proceedings Proceedings of the 2nd International Workshop on Multimedia …, 2019",
      "year": 2019,
      "citations": 40
    },
    {
      "title": "Adversarial active learning for deep networks: a margin based approach",
      "url": "https://scholar.google.com/citations?view_op=view_citation&hl=en&user=-0cKTucAAAAJ&citation_for_view=-0cKTucAAAAJ:tS2w5q8j5-wC",
      "authors": "M Ducoffe, F Precioso",
      "venue": "arXiv preprint arXiv:1802.09841, 2018",
      "year": 2018,
      "citations": 384
    },
    {
      "title": "Textual deconvolution saliency (TDS): a deep tool box for linguistic analysis",
      "url": "https://scholar.google.com/citations?view_op=view_citation&hl=en&user=-0cKTucAAAAJ&citation_for_view=-0cKTucAAAAJ:5Ul4iDaHHb8C",
      "authors": "L Vanni, M Ducoffe, C Aguilar, F Precioso, D Mayaffre",
      "venue": "Proceedings of the 56th Annual Meeting of the Association for Computational …, 2018",
      "year": 2018,
      "citations": 60
    },
    {
      "title": "Atrial fibrillation detection and ECG classification based on convolutional recurrent neural network",
      "url": "https://scholar.google.com/citations?view_op=view_citation&hl=en&user=-0cKTucAAAAJ&citation_for_view=-0cKTucAAAAJ:D_sINldO8mEC",
      "authors": "M Limam, F Precioso",
      "venue": "2017 computing in cardiology (CinC), 1-4, 2017",
      "year": 2017,
      "citations": 98
    },
    {
      "title": "Assessment of algorithms for mitosis detection in breast cancer histopathology images",
      "url": "https://scholar.google.com/citations?view_op=view_citation&hl=en&user=-0cKTucAAAAJ&citation_for_view=-0cKTucAAAAJ:3s1wT3WcHBgC",
      "authors": "M Veta, PJ Van Diest, SM Willems, H Wang, A Madabhushi, A Cruz-Roa, ...",
      "venue": "Medical image analysis 20 (1), 237-248, 2015",
      "year": 2015,
      "citations": 560
    },
    {
      "title": "Recipe recognition with large multimodal food dataset",
      "url": "https://scholar.google.com/citations?view_op=view_citation&hl=en&user=-0cKTucAAAAJ&citation_for_view=-0cKTucAAAAJ:dfsIfKJdRG4C",
      "authors": "X Wang, D Kumar, N Thome, M Cord, F Precioso",
      "venue": "2015 IEEE International Conference on Multimedia & Expo Workshops (ICMEW), 1-6, 2015",
      "year": 2015,
      "citations": 327
    },
    {
      "title": "Short text classification using semantic random forest",
      "url": "https://scholar.google.com/citations?view_op=view_citation&hl=en&user=-0cKTucAAAAJ&citation_for_view=-0cKTucAAAAJ:HoB7MX3m0LUC",
      "authors": "A Bouaziz, C Dartigues-Pallez, C da Costa Pereira, F Precioso, P Lloret",
      "venue": "International Conference on Data Warehousing and Knowledge Discovery, 288-299, 2014",
      "year": 2014,
      "citations": 81
    },
    {
      "title": "Standardized evaluation framework for evaluating coronary artery stenosis detection, stenosis quantification and lumen segmentation algorithms in computed tomography angiography",
      "url": "https://scholar.google.com/citations?view_op=view_citation&hl=en&user=-0cKTucAAAAJ&citation_for_view=-0cKTucAAAAJ:70eg2SAEIzsC",
      "authors": "HA Kirişli, M Schaap, CT Metz, AS Dharampal, WB Meijboom, ...",
      "venue": "Medical image analysis 17 (8), 859-876, 2013",
      "year": 2013,
      "citations": 261
    },
    {
      "title": "Locality-sensitive hashing for chi2 distance",
      "url": "https://scholar.google.com/citations?view_op=view_citation&hl=en&user=-0cKTucAAAAJ&citation_for_view=-0cKTucAAAAJ:mVmsd5A6BfQC",
      "authors": "D Gorisse, M Cord, F Precioso",
      "venue": "IEEE transactions on pattern analysis and machine intelligence 34 (2), 402-409, 2011",
      "year": 2011,
      "citations": 120
    },
    {
      "title": "Text detection and recognition in urban scenes",
      "url": "https://scholar.google.com/citations?view_op=view_citation&hl=en&user=-0cKTucAAAAJ&citation_for_view=-0cKTucAAAAJ:4TOpqqG69KYC",
      "authors": "R Minetto, N Thome, M Cord, J Stolfi, F Precioso, J Guyomard, NJ Leite",
      "venue": "2011 IEEE International conference on computer vision workshops (ICCV …, 2011",
      "year": 2011,
      "citations": 47
    },
    {
      "title": "Shot boundary detection by a hierarchical supervised approach",
      "url": "https://scholar.google.com/citations?view_op=view_citation&hl=en&user=-0cKTucAAAAJ&citation_for_view=-0cKTucAAAAJ:W7OEmFMy1HYC",
      "authors": "G Camara-Chavez, F Precioso, M Cord, S Phillip-Foliguet, AA Araujo",
      "venue": "2007 14th international workshop on systems, signals and image processing …, 2007",
      "year": 2007,
      "citations": 50
    },
    {
      "title": "Robust real-time segmentation of images and videos using a smooth-spline snake-based algorithm",
      "url": "https://scholar.google.com/citations?view_op=view_citation&hl=en&user=-0cKTucAAAAJ&citation_for_view=-0cKTucAAAAJ:u5HHmVD_uO8C",
      "authors": "F Precioso, M Barlaud, T Blu, M Unser",
      "venue": "IEEE Transactions on Image Processing 14 (7), 910-924, 2005",
      "year": 2005,
      "citations": 117
    },
    {
      "title": "Using a multimedia ontology infrastructure for semantic annotation of multimedia content",
      "url": "https://scholar.google.com/citations?view_op=view_citation&hl=en&user=-0cKTucAAAAJ&citation_for_view=-0cKTucAAAAJ:u-x6o8ySG0sC",
      "authors": "T Athanasiadis, V Tzouvaras",
      "venue": "",
      "citations": 84,
      "year": 2005
    },
    {
      "title": "Smoothing B-spline active contour for fast and robust image and video segmentation",
      "url": "https://scholar.google.com/citations?view_op=view_citation&hl=en&user=-0cKTucAAAAJ&citation_for_view=-0cKTucAAAAJ:d1gkVwhDpl0C",
      "authors": "F Precioso, M Barlaud, T Blu, M Unser",
      "venue": "Proceedings 2003 International Conference on Image Processing (Cat. No …, 2003",
      "year": 2003,
      "citations": 58
    },
    {
      "title": "B-spline active contour with handling of topology changes for fast video segmentation",
      "url": "https://scholar.google.com/citations?view_op=view_citation&hl=en&user=-0cKTucAAAAJ&citation_for_view=-0cKTucAAAAJ:9yKSN-GCB0IC",
      "authors": "F Precioso, M Barlaud",
      "venue": "EURASIP Journal on Advances in Signal Processing 2002 (6), 793184, 2002",
      "year": 2002,
      "citations": 44
    }
  ],
  "co_authors": [
    {
      "name": "Matthieu Cord",
      "scholar_id": "SpAotDcAAAAJ",
      "url": "https://scholar.google.com/citations?user=SpAotDcAAAAJ"
    },
    {
      "name": "Aymeric Histace",
      "scholar_id": "y0MU8CAAAAAJ",
      "url": "https://scholar.google.com/citations?user=y0MU8CAAAAAJ"
    },
    {
      "name": "Philippe-Henri Gosselin",
      "scholar_id": "uSpXQckAAAAJ",
      "url": "https://scholar.google.com/citations?user=uSpXQckAAAAJ"
    },
    {
      "name": "Michel Barlaud",
      "scholar_id": "3AVrKosAAAAJ",
      "url": "https://scholar.google.com/citations?user=3AVrKosAAAAJ"
    },
    {
      "name": "Michel Riveill",
      "scholar_id": "X6MChWcAAAAJ",
      "url": "https://scholar.google.com/citations?user=X6MChWcAAAAJ"
    },
    {
      "name": "Leïla Meziou",
      "scholar_id": "US0kr34AAAAJ",
      "url": "https://scholar.google.com/citations?user=US0kr34AAAAJ"
    },
    {
      "name": "Nicolas Thome",
      "scholar_id": "3f3Zq-8AAAAJ",
      "url": "https://scholar.google.com/citations?user=3f3Zq-8AAAAJ"
    },
    {
      "name": "Nicolas Pasquier",
      "scholar_id": "WWke4ocAAAAJ",
      "url": "https://scholar.google.com/citations?user=WWke4ocAAAAJ"
    },
    {
      "name": "Arnaldo de Albuquerque Araujo",
      "scholar_id": "AitxvQIAAAAJ",
      "url": "https://scholar.google.com/citations?user=AitxvQIAAAAJ"
    },
    {
      "name": "Jenny Benois-Pineau",
      "scholar_id": "ZHHc360AAAAJ",
      "url": "https://scholar.google.com/citations?user=ZHHc360AAAAJ"
    },
    {
      "name": "Guillermo Camara Chavez",
      "scholar_id": "W4TRXycAAAAJ",
      "url": "https://scholar.google.com/citations?user=W4TRXycAAAAJ"
    },
    {
      "name": "Georges Quénot",
      "scholar_id": "nHLsXAEAAAAJ",
      "url": "https://scholar.google.com/citations?user=nHLsXAEAAAAJ"
    },
    {
      "name": "Michael Unser",
      "scholar_id": "nKVDcQoAAAAJ",
      "url": "https://scholar.google.com/citations?user=nKVDcQoAAAAJ"
    },
    {
      "name": "Denis Pallez",
      "scholar_id": "ouKgW18AAAAJ",
      "url": "https://scholar.google.com/citations?user=ouKgW18AAAAJ"
    },
    {
      "name": "Alexis Lechervy",
      "scholar_id": "f0dI8vMAAAAJ",
      "url": "https://scholar.google.com/citations?user=f0dI8vMAAAAJ"
    },
    {
      "name": "Ioannis (Yiannis) Kompatsiaris",
      "scholar_id": "Nr7smP8AAAAJ",
      "url": "https://scholar.google.com/citations?user=Nr7smP8AAAAJ"
    },
    {
      "name": "Thierry Blu",
      "scholar_id": "KyuvBaQAAAAJ",
      "url": "https://scholar.google.com/citations?user=KyuvBaQAAAAJ"
    }
  ]
}