{
  "author_info": {
    "name": "Mehrdad Noori",
    "affiliation": "PhD Student, Ecole de Technologie Supérieure",
    "email_verified": "Verified email at ens.etsmtl.ca - Homepage",
    "website": "https://mehrdad-noori.github.io/",
    "interests": [
      "Deep Learning",
      "Machine Learning",
      "Computer Vision",
      "Multimodal AI"
    ],
    "photo_url": "https://scholar.googleusercontent.com/citations?view_op=view_photo&user=01l47WEAAAAJ&citpid=8"
  },
  "citation_stats": {
    "citations_all": 586,
    "citations_since_2020": 583,
    "h_index_all": 10,
    "h_index_since_2020": 10,
    "i10_index_all": 10,
    "i10_index_since_2020": 10,
    "citation_graph": [
      {
        "year": 2020,
        "citations": 15
      },
      {
        "year": 2021,
        "citations": 66
      },
      {
        "year": 2022,
        "citations": 98
      },
      {
        "year": 2023,
        "citations": 94
      },
      {
        "year": 2024,
        "citations": 115
      },
      {
        "year": 2025,
        "citations": 194
      }
    ]
  },
  "papers": [
    {
      "title": "CLIPArTT: Adaptation of CLIP to New Domains at Test Time",
      "url": "https://scholar.google.com/citations?view_op=view_citation&hl=en&user=01l47WEAAAAJ&citation_for_view=01l47WEAAAAJ:MXK_kJrjxJIC",
      "authors": "GAV Hakim, D Osowiechi, M Noori, M Cheraghalikhani, A Bahri, ...",
      "venue": "IEEE/CVF Winter Conference on Applications of Computer Vision (WACV), 2025",
      "year": 2025,
      "citations": 17
    },
    {
      "title": "Test-Time Adaptation in Point Clouds: Leveraging Sampling Variation with Weight Averaging",
      "url": "https://scholar.google.com/citations?view_op=view_citation&hl=en&user=01l47WEAAAAJ&citation_for_view=01l47WEAAAAJ:0EnyYjriUFMC",
      "authors": "A Bahri, M Yazdanpanah, M Noori, S Dastani, M Cheraghalikhani, ...",
      "venue": "IEEE/CVF Winter Conference on Applications of Computer Vision (WACV) - Oral, 2025",
      "year": 2025,
      "citations": 4
    },
    {
      "title": "Spectral State Space Model for Rotation-Invariant Visual Representation Learning",
      "url": "https://scholar.google.com/citations?view_op=view_citation&hl=en&user=01l47WEAAAAJ&citation_for_view=01l47WEAAAAJ:KlAtU1dfN6UC",
      "authors": "S Dastani, A Bahri, M Yazdanpanah, M Noori, D Osowiechi, GAV Hakim, ...",
      "venue": "IEEE/CVF Conference on Computer Vision and Pattern Recognition (CVPR), 2025",
      "year": 2025,
      "citations": 3
    },
    {
      "title": "Spectral Informed Mamba for Robust Point Cloud Processing",
      "url": "https://scholar.google.com/citations?view_op=view_citation&hl=en&user=01l47WEAAAAJ&citation_for_view=01l47WEAAAAJ:kNdYIx-mwKoC",
      "authors": "A Bahri, M Yazdanpanah, M Noori, S Dastani, M Cheraghalikhani, ...",
      "venue": "IEEE/CVF Conference on Computer Vision and Pattern Recognition (CVPR), 2025",
      "year": 2025,
      "citations": 3
    },
    {
      "title": "Test-Time Adaptation of Vision-Language Models for Open-Vocabulary Semantic Segmentation",
      "url": "https://scholar.google.com/citations?view_op=view_citation&hl=en&user=01l47WEAAAAJ&citation_for_view=01l47WEAAAAJ:YOwf2qJgpHMC",
      "authors": "M Noori, D Osowiechi, GAV Hakim, A Bahri, M Yazdanpanah, S Dastani, ...",
      "venue": "Neural Information Processing Systems (NeurIPS), 2025",
      "year": 2025,
      "citations": 2
    },
    {
      "title": "SMART-PC: Skeletal Model Adaptation for Robust Test-Time Training in Point Clouds",
      "url": "https://scholar.google.com/citations?view_op=view_citation&hl=en&user=01l47WEAAAAJ&citation_for_view=01l47WEAAAAJ:ULOm3_A8WrAC",
      "authors": "A Bahri, M Yazdanpanah, S Dastani, M Noori, GAV Hakim, D Osowiechi, ...",
      "venue": "arXiv preprint arXiv:2505.19546, 2025",
      "year": 2025,
      "citations": 2
    },
    {
      "title": "Purge-Gate: Backpropagation-Free Test-Time Adaptation for Point Clouds Classification via Token purging",
      "url": "https://scholar.google.com/citations?view_op=view_citation&hl=en&user=01l47WEAAAAJ&citation_for_view=01l47WEAAAAJ:Wp0gIr-vW9MC",
      "authors": "M Yazdanpanah, A Bahri, M Noori, S Dastani, GAV Hakim, D Osowiechi, ...",
      "venue": "Proceedings of the IEEE/CVF International Conference on Computer Vision …, 2025",
      "year": 2025,
      "citations": 1
    },
    {
      "title": "TRUST: Test-Time Refinement using Uncertainty-Guided SSM Traverses",
      "url": "https://scholar.google.com/citations?view_op=view_citation&hl=en&user=01l47WEAAAAJ&citation_for_view=01l47WEAAAAJ:mVmsd5A6BfQC",
      "authors": "S Dastani, A Bahri, GAV Hakim, M Yazdanpanah, M Noori, D Osowiechi, ...",
      "venue": "arXiv preprint arXiv:2509.22813, 2025",
      "year": 2025,
      "citations": 0
    },
    {
      "title": "WATT: Weight Average Test-Time Adaptation of CLIP",
      "url": "https://scholar.google.com/citations?view_op=view_citation&hl=en&user=01l47WEAAAAJ&citation_for_view=01l47WEAAAAJ:UebtZRa9Y70C",
      "authors": "D Osowiechi, M Noori, GAV Hakim, M Yazdanpanah, A Bahri, ...",
      "venue": "Neural Information Processing Systems (NeurIPS), 2024",
      "year": 2024,
      "citations": 28
    },
    {
      "title": "Nc-ttt: A noise constrastive approach for test-time training",
      "url": "https://scholar.google.com/citations?view_op=view_citation&hl=en&user=01l47WEAAAAJ&citation_for_view=01l47WEAAAAJ:WF5omc3nYNoC",
      "authors": "D Osowiechi, GAV Hakim, M Noori, M Cheraghalikhani, A Bahri, ...",
      "venue": "IEEE/CVF Conference on Computer Vision and Pattern Recognition (CVPR), 2024",
      "year": 2024,
      "citations": 26
    },
    {
      "title": "Tfs-vit: Token-level feature stylization for domain generalization",
      "url": "https://scholar.google.com/citations?view_op=view_citation&hl=en&user=01l47WEAAAAJ&citation_for_view=01l47WEAAAAJ:zYLM7Y9cAGgC",
      "authors": "M Noori, M Cheraghalikhani, A Bahri, GAV Hakim, D Osowiechi, IB Ayed, ...",
      "venue": "Pattern Recognition 149, 110213, 2024",
      "year": 2024,
      "citations": 22
    },
    {
      "title": "FDS: Feedback-guided Domain Synthesis with Multi-Source Conditional Diffusion Models for Domain Generalization",
      "url": "https://scholar.google.com/citations?view_op=view_citation&hl=en&user=01l47WEAAAAJ&citation_for_view=01l47WEAAAAJ:4DMP91E08xMC",
      "authors": "M Noori, M Cheraghalikhani, A Bahri, GAV Hakim, D Osowiechi, ...",
      "venue": "arXiv preprint arXiv:2407.03588, 2024",
      "year": 2024,
      "citations": 6
    },
    {
      "title": "Geomask3d: Geometrically informed mask selection for self-supervised point cloud learning in 3d",
      "url": "https://scholar.google.com/citations?view_op=view_citation&hl=en&user=01l47WEAAAAJ&citation_for_view=01l47WEAAAAJ:roLk4NBRz8UC",
      "authors": "A Bahri, M Yazdanpanah, M Noori, M Cheraghalikhani, GAV Hakim, ...",
      "venue": "arXiv preprint arXiv:2405.12419, 2024",
      "year": 2024,
      "citations": 4
    },
    {
      "title": "Structure-aware feature stylization for domain generalization",
      "url": "https://scholar.google.com/citations?view_op=view_citation&hl=en&user=01l47WEAAAAJ&citation_for_view=01l47WEAAAAJ:ufrVoPGSRksC",
      "authors": "M Cheraghalikhani, M Noori, D Osowiechi, GAV Hakim, IB Ayed, ...",
      "venue": "Computer Vision and Image Understanding 244, 104016, 2024",
      "year": 2024,
      "citations": 3
    },
    {
      "title": "Tttflow: Unsupervised test-time training with normalizing flow",
      "url": "https://scholar.google.com/citations?view_op=view_citation&hl=en&user=01l47WEAAAAJ&citation_for_view=01l47WEAAAAJ:UeHWp8X0CEIC",
      "authors": "D Osowiechi, GAV Hakim, M Noori, M Cheraghalikhani, I Ben Ayed, ...",
      "venue": "IEEE/CVF Winter Conference on Applications of Computer Vision (WACV), 2023",
      "year": 2023,
      "citations": 43
    },
    {
      "title": "Clust3: Information invariant test-time training",
      "url": "https://scholar.google.com/citations?view_op=view_citation&hl=en&user=01l47WEAAAAJ&citation_for_view=01l47WEAAAAJ:Y0pCki6q_DkC",
      "authors": "GAV Hakim, D Osowiechi, M Noori, M Cheraghalikhani, A Bahri, ...",
      "venue": "IEEE/CVF International Conference on Computer Vision (ICCV), 2023",
      "year": 2023,
      "citations": 26
    },
    {
      "title": "CAGNet: Content-aware guidance for salient object detection",
      "url": "https://scholar.google.com/citations?view_op=view_citation&hl=en&user=01l47WEAAAAJ&citation_for_view=01l47WEAAAAJ:d1gkVwhDpl0C",
      "authors": "S Mohammadi, M Noori, A Bahri, SG Majelan, M Havaei",
      "venue": "Pattern Recognition 103, 107303, 2020",
      "year": 2020,
      "citations": 130
    },
    {
      "title": "DFNet: Discriminative feature extraction and integration network for salient object detection",
      "url": "https://scholar.google.com/citations?view_op=view_citation&hl=en&user=01l47WEAAAAJ&citation_for_view=01l47WEAAAAJ:u5HHmVD_uO8C",
      "authors": "M Noori, S Mohammadi, SG Majelan, A Bahri, M Havaei",
      "venue": "Engineering Applications of Artificial Intelligence 89, 103419, 2020",
      "year": 2020,
      "citations": 39
    },
    {
      "title": "Attention-guided version of 2D UNet for automatic brain tumor segmentation",
      "url": "https://scholar.google.com/citations?view_op=view_citation&hl=en&user=01l47WEAAAAJ&citation_for_view=01l47WEAAAAJ:2osOgNQ5qMEC",
      "authors": "M Noori, A Bahri, K Mohammadi",
      "venue": "2019 9th international conference on computer and knowledge engineering …, 2019",
      "year": 2019,
      "citations": 168
    },
    {
      "title": "Remote sensing image classification via improved cross-entropy loss and transfer learning strategy based on deep convolutional neural networks",
      "url": "https://scholar.google.com/citations?view_op=view_citation&hl=en&user=01l47WEAAAAJ&citation_for_view=01l47WEAAAAJ:u-x6o8ySG0sC",
      "authors": "A Bahri, SG Majelan, S Mohammadi, M Noori, K Mohammadi",
      "venue": "IEEE Geoscience and Remote Sensing Letters 17 (6), 1087-1091, 2019",
      "year": 2019,
      "citations": 59
    }
  ],
  "co_authors": [
    {
      "name": "Ali Bahri",
      "scholar_id": "0gSvAv8AAAAJ",
      "url": "https://scholar.google.com/citations?user=0gSvAv8AAAAJ"
    },
    {
      "name": "Christian Desrosiers",
      "scholar_id": "XJ0jF3gAAAAJ",
      "url": "https://scholar.google.com/citations?user=XJ0jF3gAAAAJ"
    },
    {
      "name": "David Osowiechi",
      "scholar_id": "Rzb_YhgAAAAJ",
      "url": "https://scholar.google.com/citations?user=Rzb_YhgAAAAJ"
    },
    {
      "name": "Gustavo Vargas Hákim",
      "scholar_id": "9q4ltOcAAAAJ",
      "url": "https://scholar.google.com/citations?user=9q4ltOcAAAAJ"
    },
    {
      "name": "Ismail Ben Ayed",
      "scholar_id": "29vyUccAAAAJ",
      "url": "https://scholar.google.com/citations?user=29vyUccAAAAJ"
    },
    {
      "name": "moslem yazdanpanah",
      "scholar_id": "lt7_RKkAAAAJ",
      "url": "https://scholar.google.com/citations?user=lt7_RKkAAAAJ"
    },
    {
      "name": "sahar dastani",
      "scholar_id": "wxbHuCsAAAAJ",
      "url": "https://scholar.google.com/citations?user=wxbHuCsAAAAJ"
    },
    {
      "name": "Sina Mohammadi",
      "scholar_id": "SQ_rJ98AAAAJ",
      "url": "https://scholar.google.com/citations?user=SQ_rJ98AAAAJ"
    },
    {
      "name": "Farzad Beizaee",
      "scholar_id": "bvKkqO0AAAAJ",
      "url": "https://scholar.google.com/citations?user=bvKkqO0AAAAJ"
    },
    {
      "name": "Mohammad Havaei",
      "scholar_id": "LAoMyyoAAAAJ",
      "url": "https://scholar.google.com/citations?user=LAoMyyoAAAAJ"
    },
    {
      "name": "Milad Alikhani",
      "scholar_id": "MWafinQAAAAJ",
      "url": "https://scholar.google.com/citations?user=MWafinQAAAAJ"
    }
  ]
}