{
  "author_info": {
    "name": "Yihang Chen",
    "affiliation": "SJTU-Monash",
    "email_verified": "Verified email at monash.edu - Homepage",
    "website": "https://yihangchen-ee.github.io/",
    "interests": [],
    "photo_url": "/citations/images/avatar_scholar_128.png"
  },
  "citation_stats": {
    "citations_all": 312,
    "citations_since_2020": 312,
    "h_index_all": 7,
    "h_index_since_2020": 7,
    "i10_index_all": 7,
    "i10_index_since_2020": 7,
    "citation_graph": [
      {
        "year": 2022,
        "citations": 1
      },
      {
        "year": 2023,
        "citations": 3
      },
      {
        "year": 2024,
        "citations": 47
      },
      {
        "year": 2025,
        "citations": 260
      }
    ]
  },
  "papers": [
    {
      "title": "Hac++: Towards 100x compression of 3d gaussian splatting",
      "url": "https://scholar.google.com/citations?view_op=view_citation&hl=en&user=05KWkUAAAAAJ&citation_for_view=05KWkUAAAAAJ:zYLM7Y9cAGgC",
      "authors": "Y Chen, Q Wu, W Lin, M Harandi, J Cai",
      "venue": "IEEE Trans. on Pattern Analysis and Machine Intelligence (TPAMI), 2025",
      "year": 2025,
      "citations": 24
    },
    {
      "title": "Pcgs: Progressive compression of 3d gaussian splatting",
      "url": "https://scholar.google.com/citations?view_op=view_citation&hl=en&user=05KWkUAAAAAJ&citation_for_view=05KWkUAAAAAJ:Tyk-4Ss8FVUC",
      "authors": "Y Chen, M Li, Q Wu, W Lin, M Harandi, J Cai",
      "venue": "The 40th Annual AAAI Conference on Artificial Intelligence (AAAI), 2025",
      "year": 2025,
      "citations": 12
    },
    {
      "title": "MECD+: Unlocking Event-Level Causal Graph Discovery for Video Reasoning",
      "url": "https://scholar.google.com/citations?view_op=view_citation&hl=en&user=05KWkUAAAAAJ&citation_for_view=05KWkUAAAAAJ:IjCSPb-OGe4C",
      "authors": "T Chen, H Liu, Y Wang, Y Chen, T He, C Gan, H He, W Lin",
      "venue": "IEEE Trans. on Pattern Analysis and Machine Intelligence (TPAMI), 2025",
      "year": 2025,
      "citations": 1
    },
    {
      "title": "HAC: Hash-grid Assisted Context for 3D Gaussian Splatting Compression",
      "url": "https://scholar.google.com/citations?view_op=view_citation&hl=en&user=05KWkUAAAAAJ&citation_for_view=05KWkUAAAAAJ:u-x6o8ySG0sC",
      "authors": "Y Chen, Q Wu, W Lin, M Harandi, J Cai",
      "venue": "European Conference on Computer Vision (ECCV) 2024, 2024",
      "year": 2024,
      "citations": 174
    },
    {
      "title": "How far can we compress instant-ngp-based nerf?",
      "url": "https://scholar.google.com/citations?view_op=view_citation&hl=en&user=05KWkUAAAAAJ&citation_for_view=05KWkUAAAAAJ:9yKSN-GCB0IC",
      "authors": "Y Chen, Q Wu, M Harandi, J Cai",
      "venue": "Proceedings of the IEEE/CVF Conference on Computer Vision and Pattern …, 2024",
      "year": 2024,
      "citations": 39
    },
    {
      "title": "Fast feedforward 3d gaussian splatting compression",
      "url": "https://scholar.google.com/citations?view_op=view_citation&hl=en&user=05KWkUAAAAAJ&citation_for_view=05KWkUAAAAAJ:UeHWp8X0CEIC",
      "authors": "Y Chen, Q Wu, M Li, W Lin, M Harandi, J Cai",
      "venue": "ICLR 2025, 2024",
      "year": 2024,
      "citations": 26
    },
    {
      "title": "MECD: Unlocking Multi-Event Causal Discovery in Video Reasoning",
      "url": "https://scholar.google.com/citations?view_op=view_citation&hl=en&user=05KWkUAAAAAJ&citation_for_view=05KWkUAAAAAJ:qjMakFHDy7sC",
      "authors": "T Chen, H Liu, T He, Y Chen, C Gan, X Ma, C Zhong, Y Zhang, Y Wang, ...",
      "venue": "NeurIPS 2024, 2024",
      "year": 2024,
      "citations": 17
    },
    {
      "title": "A robust online multi-camera people tracking system with geometric consistency and state-aware re-id correction",
      "url": "https://scholar.google.com/citations?view_op=view_citation&hl=en&user=05KWkUAAAAAJ&citation_for_view=05KWkUAAAAAJ:2osOgNQ5qMEC",
      "authors": "Z Xie, Z Ni, W Yang, Y Zhang, Y Chen, Y Zhang, X Ma",
      "venue": "Proceedings of the IEEE/CVF Conference on Computer Vision and Pattern …, 2024",
      "year": 2024,
      "citations": 13
    },
    {
      "title": "A unified framework for jointly compressing visual and semantic data",
      "url": "https://scholar.google.com/citations?view_op=view_citation&hl=en&user=05KWkUAAAAAJ&citation_for_view=05KWkUAAAAAJ:d1gkVwhDpl0C",
      "authors": "S Liu, W Lin, Y Chen, Y Zhang, W Dai, J See, HK Xiong",
      "venue": "ACM Transactions on Multimedia Computing, Communications and Applications 20 …, 2024",
      "year": 2024,
      "citations": 1
    },
    {
      "title": "A dual realization of Chua’s chaotic oscillator using a current-controlled nonlinear resistor",
      "url": "https://scholar.google.com/citations?view_op=view_citation&hl=en&user=05KWkUAAAAAJ&citation_for_view=05KWkUAAAAAJ:u5HHmVD_uO8C",
      "authors": "Y Chen, W Dong, Y Xie",
      "venue": "2021 IEEE 3rd International Conference on Circuits and Systems (ICCS), 100-105, 2021",
      "year": 2021,
      "citations": 5
    }
  ],
  "co_authors": []
}