{
  "author_info": {
    "name": "Minheng Ni",
    "affiliation": "Hong Kong Polytechnic University",
    "email_verified": "Verified email at connect.polyu.hk - Homepage",
    "website": "https://kodenii.github.io/",
    "interests": [
      "Responsible AI",
      "Generative AI",
      "Multimodal"
    ],
    "photo_url": "https://scholar.googleusercontent.com/citations?view_op=view_photo&user=-ybr4_cAAAAJ&citpid=11"
  },
  "citation_stats": {
    "citations_all": 922,
    "citations_since_2020": 921,
    "h_index_all": 12,
    "h_index_since_2020": 12,
    "i10_index_all": 13,
    "i10_index_since_2020": 13,
    "citation_graph": [
      {
        "year": 2020,
        "citations": 12
      },
      {
        "year": 2021,
        "citations": 79
      },
      {
        "year": 2022,
        "citations": 136
      },
      {
        "year": 2023,
        "citations": 197
      },
      {
        "year": 2024,
        "citations": 228
      },
      {
        "year": 2025,
        "citations": 262
      }
    ]
  },
  "papers": [
    {
      "title": "Ref-Diff: Zero-shot Referring Image Segmentation with Generative Models",
      "url": "https://scholar.google.com/citations?view_op=view_citation&hl=en&user=-ybr4_cAAAAJ&citation_for_view=-ybr4_cAAAAJ:_FxGoFyzp5QC",
      "authors": "M Ni, Y Zhang, K Feng, X Li, Y Guo, W Zuo",
      "venue": "Science China Information Sciences (SCIS), 2025",
      "year": 2025,
      "citations": 29
    },
    {
      "title": "Visual-O1: Understanding ambiguous instructions via multi-modal multi-turn chain-of-thoughts reasoning",
      "url": "https://scholar.google.com/citations?view_op=view_citation&hl=en&user=-ybr4_cAAAAJ&citation_for_view=-ybr4_cAAAAJ:5nxA0vEk-isC",
      "authors": "M Ni, Y Fan, L Zhang, W Zuo",
      "venue": "Proceedings of the International Conference on Learning Representations (ICLR), 2025",
      "year": 2025,
      "citations": 16
    },
    {
      "title": "Point-RFT: Improving Multimodal Reasoning with Visually Grounded Reinforcement Finetuning",
      "url": "https://scholar.google.com/citations?view_op=view_citation&hl=en&user=-ybr4_cAAAAJ&citation_for_view=-ybr4_cAAAAJ:Zph67rFs4hoC",
      "authors": "M Ni, Z Yang, L Li, CC Lin, K Lin, W Zuo, L Wang",
      "venue": "Advances in Neural Information Processing Systems (NeurIPS), 2025",
      "year": 2025,
      "citations": 9
    },
    {
      "title": "Don't Let Your Robot be Harmful: Responsible Robotic Manipulation via Safety-as-Policy",
      "url": "https://scholar.google.com/citations?view_op=view_citation&hl=en&user=-ybr4_cAAAAJ&citation_for_view=-ybr4_cAAAAJ:3fE2CSJIrl8C",
      "authors": "M Ni, L Zhang, Z Chen, K Bai, Z Chen, J Zhang, L Zhang, W Zuo",
      "venue": "IEEE Robotics and Automation Letters (RA-L), 2025",
      "year": 2025,
      "citations": 6
    },
    {
      "title": "FineRAG: Fine-grained Retrieval-Augmented Text-to-lmage Generation",
      "url": "https://scholar.google.com/citations?view_op=view_citation&hl=en&user=-ybr4_cAAAAJ&citation_for_view=-ybr4_cAAAAJ:MXK_kJrjxJIC",
      "authors": "H Yuan, Z Zhao, S Wang, S Xiao, M Ni, Z Liu, Z Dou",
      "venue": "Proceedings of the International Conference on Computational Linguistics …, 2025",
      "year": 2025,
      "citations": 6
    },
    {
      "title": "MIRAGE: Assessing Hallucination in Multimodal Reasoning Chains of MLLM",
      "url": "https://scholar.google.com/citations?view_op=view_citation&hl=en&user=-ybr4_cAAAAJ&citation_for_view=-ybr4_cAAAAJ:ULOm3_A8WrAC",
      "authors": "B Dong, M Ni, Z Huang, G Yang, W Zuo, L Zhang",
      "venue": "Advances in Neural Information Processing Systems (NeurIPS), 2025",
      "year": 2025,
      "citations": 1
    },
    {
      "title": "StrokeNUWA: Tokenizing Strokes for Vector Graphic Synthesis",
      "url": "https://scholar.google.com/citations?view_op=view_citation&hl=en&user=-ybr4_cAAAAJ&citation_for_view=-ybr4_cAAAAJ:Se3iqnhoufwC",
      "authors": "Z Tang, C Wu, Z Zhang, M Ni, S Yin, Y Liu, Z Yang, L Wang, Z Liu, J Li, ...",
      "venue": "Proceedings of the International Conference on Machine Learning (ICML), 2024",
      "year": 2024,
      "citations": 20
    },
    {
      "title": "Responsible Visual Editing",
      "url": "https://scholar.google.com/citations?view_op=view_citation&hl=en&user=-ybr4_cAAAAJ&citation_for_view=-ybr4_cAAAAJ:UebtZRa9Y70C",
      "authors": "M Ni, Y Shen, L Zhang, W Zuo",
      "venue": "Proceedings of the European Conference on Computer Vision (ECCV), 2024",
      "year": 2024,
      "citations": 6
    },
    {
      "title": "AutoDirector: Online Auto-scheduling Agents for Multi-sensory Composition",
      "url": "https://scholar.google.com/citations?view_op=view_citation&hl=en&user=-ybr4_cAAAAJ&citation_for_view=-ybr4_cAAAAJ:0EnyYjriUFMC",
      "authors": "M Ni, C Wu, H Yuan, Z Yang, M Gong, L Wang, Z Liu, W Zuo, N Duan",
      "venue": "arXiv preprint arXiv:2408.11564, 2024",
      "year": 2024,
      "citations": 1
    },
    {
      "title": "NUWA-XL: Diffusion over Diffusion for Extremely Long Video Generation",
      "url": "https://scholar.google.com/citations?view_op=view_citation&hl=en&user=-ybr4_cAAAAJ&citation_for_view=-ybr4_cAAAAJ:eQOLeE2rZwMC",
      "authors": "S Yin, C Wu, H Yang, J Wang, X Wang, M Ni, Z Yang, L Li, S Liu, F Yang, ...",
      "venue": "Proceedings of the Annual Meeting of the Association for Computational …, 2023",
      "year": 2023,
      "citations": 172
    },
    {
      "title": "NÜWA-LIP: Language Guided Image Inpainting with Defect-free VQGAN",
      "url": "https://scholar.google.com/citations?view_op=view_citation&hl=en&user=-ybr4_cAAAAJ&citation_for_view=-ybr4_cAAAAJ:Y0pCki6q_DkC",
      "authors": "M Ni, X Li, W Zuo",
      "venue": "Proceedings of the IEEE/CVF Conference on Computer Vision and Pattern …, 2023",
      "year": 2023,
      "citations": 35
    },
    {
      "title": "ImaginaryNet: Learning Object Detectors without Real Images and Annotations",
      "url": "https://scholar.google.com/citations?view_op=view_citation&hl=en&user=-ybr4_cAAAAJ&citation_for_view=-ybr4_cAAAAJ:W7OEmFMy1HYC",
      "authors": "M Ni, Z Huang, K Feng, W Zuo",
      "venue": "Proceedings of the International Conference on Learning Representations (ICLR), 2023",
      "year": 2023,
      "citations": 22
    },
    {
      "title": "ORES: Open-vocabulary Responsible Visual Synthesis",
      "url": "https://scholar.google.com/citations?view_op=view_citation&hl=en&user=-ybr4_cAAAAJ&citation_for_view=-ybr4_cAAAAJ:ufrVoPGSRksC",
      "authors": "M Ni, C Wu, X Wang, S Yin, L Wang, Z Liu, N Duan",
      "venue": "Proceedings of the AAAI Conference on Artificial Intelligence, 2023",
      "year": 2023,
      "citations": 14
    },
    {
      "title": "Learning 3D Photography Videos via Self-supervised Diffusion on Single Images",
      "url": "https://scholar.google.com/citations?view_op=view_citation&hl=en&user=-ybr4_cAAAAJ&citation_for_view=-ybr4_cAAAAJ:YsMSGLbcyi4C",
      "authors": "X Wang, C Wu, S Yin, M Ni, J Wang, L Li, Z Yang, F Yang, L Wang, Z Liu, ...",
      "venue": "Proceedings of the International Conference on International Joint …, 2023",
      "year": 2023,
      "citations": 6
    },
    {
      "title": "Multi-domain Spoken Language Understanding Using Domain-and Task-aware Parameterization",
      "url": "https://scholar.google.com/citations?view_op=view_citation&hl=en&user=-ybr4_cAAAAJ&citation_for_view=-ybr4_cAAAAJ:d1gkVwhDpl0C",
      "authors": "L Qin, F Wei, M Ni, Y Zhang, W Che, Y Li, T Liu",
      "venue": "Transactions on Asian and Low-Resource Language Information Processing 21 (4 …, 2022",
      "year": 2022,
      "citations": 11
    },
    {
      "title": "M3P: Learning Universal Representations via Multitask Multilingual Multimodal Pre-training",
      "url": "https://scholar.google.com/citations?view_op=view_citation&hl=en&user=-ybr4_cAAAAJ&citation_for_view=-ybr4_cAAAAJ:Tyk-4Ss8FVUC",
      "authors": "M Ni, H Huang, L Su, E Cui, T Bharti, L Wang, D Zhang, N Duan",
      "venue": "Proceedings of the IEEE/CVF Conference on Computer Vision and Pattern …, 2021",
      "year": 2021,
      "citations": 139
    },
    {
      "title": "Co-GAT: A Co-interactive Graph Attention Network for Joint Dialog Act Recognition and Sentiment Classification",
      "url": "https://scholar.google.com/citations?view_op=view_citation&hl=en&user=-ybr4_cAAAAJ&citation_for_view=-ybr4_cAAAAJ:2osOgNQ5qMEC",
      "authors": "L Qin, Z Li, W Che, M Ni, T Liu",
      "venue": "Proceedings of the AAAI Conference on Artificial Intelligence 35 (15), 13709 …, 2021",
      "year": 2021,
      "citations": 93
    },
    {
      "title": "Knowing Where to Leverage: Context-aware Graph Convolutional Network with an Adaptive Fusion Layer for Contextual Spoken Language Understanding",
      "url": "https://scholar.google.com/citations?view_op=view_citation&hl=en&user=-ybr4_cAAAAJ&citation_for_view=-ybr4_cAAAAJ:qjMakFHDy7sC",
      "authors": "L Qin, W Che, M Ni, Y Li, T Liu",
      "venue": "IEEE/ACM Transactions on Audio, Speech, and Language Processing 29, 1280-1289, 2021",
      "year": 2021,
      "citations": 30
    },
    {
      "title": "CoSDA-ML: Multi-lingual Code-switching Data Augmentation for Zero-shot Cross-lingual NLP",
      "url": "https://scholar.google.com/citations?view_op=view_citation&hl=en&user=-ybr4_cAAAAJ&citation_for_view=-ybr4_cAAAAJ:9yKSN-GCB0IC",
      "authors": "L Qin, M Ni, Y Zhang, W Che",
      "venue": "Proceedings of the International Conference on International Joint …, 2020",
      "year": 2020,
      "citations": 190
    },
    {
      "title": "DCR-Net: A Deep Co-interactive Relation Network for Joint Dialog Act Recognition and Sentiment Classification",
      "url": "https://scholar.google.com/citations?view_op=view_citation&hl=en&user=-ybr4_cAAAAJ&citation_for_view=-ybr4_cAAAAJ:u5HHmVD_uO8C",
      "authors": "L Qin, W Che, Y Li, M Ni, T Liu",
      "venue": "Proceedings of the AAAI Conference on Artificial Intelligence 34 (05), 8665-8672, 2020",
      "year": 2020,
      "citations": 116
    }
  ],
  "co_authors": [
    {
      "name": "Lijuan Wang",
      "scholar_id": "cDcWXuIAAAAJ",
      "url": "https://scholar.google.com/citations?user=cDcWXuIAAAAJ"
    },
    {
      "name": "Wangmeng Zuo",
      "scholar_id": "rUOpCEYAAAAJ",
      "url": "https://scholar.google.com/citations?user=rUOpCEYAAAAJ"
    },
    {
      "name": "Nan Duan",
      "scholar_id": "Qaa6OxIAAAAJ",
      "url": "https://scholar.google.com/citations?user=Qaa6OxIAAAAJ"
    },
    {
      "name": "Libo Qin (覃立波)",
      "scholar_id": "8lVpK1QAAAAJ",
      "url": "https://scholar.google.com/citations?user=8lVpK1QAAAAJ"
    },
    {
      "name": "Wanxiang Che",
      "scholar_id": "SVlQ6IEAAAAJ",
      "url": "https://scholar.google.com/citations?user=SVlQ6IEAAAAJ"
    },
    {
      "name": "Chenfei Wu(吴晨飞)",
      "scholar_id": "1YlFL5UAAAAJ",
      "url": "https://scholar.google.com/citations?user=1YlFL5UAAAAJ"
    },
    {
      "name": "Zicheng Liu",
      "scholar_id": "bkALdvsAAAAJ",
      "url": "https://scholar.google.com/citations?user=bkALdvsAAAAJ"
    },
    {
      "name": "Zhengyuan Yang",
      "scholar_id": "rP02ve8AAAAJ",
      "url": "https://scholar.google.com/citations?user=rP02ve8AAAAJ"
    },
    {
      "name": "Shengming Yin",
      "scholar_id": "rzaiNqIAAAAJ",
      "url": "https://scholar.google.com/citations?user=rzaiNqIAAAAJ"
    },
    {
      "name": "Xiaodong Wang",
      "scholar_id": "BEI2qi8AAAAJ",
      "url": "https://scholar.google.com/citations?user=BEI2qi8AAAAJ"
    },
    {
      "name": "Linjie Li",
      "scholar_id": "WR875gYAAAAJ",
      "url": "https://scholar.google.com/citations?user=WR875gYAAAAJ"
    },
    {
      "name": "Yangming Li",
      "scholar_id": "Aqx2kJkAAAAJ",
      "url": "https://scholar.google.com/citations?user=Aqx2kJkAAAAJ"
    },
    {
      "name": "Yue Zhang",
      "scholar_id": "6hA7WmUAAAAJ",
      "url": "https://scholar.google.com/citations?user=6hA7WmUAAAAJ"
    },
    {
      "name": "Kailai Feng",
      "scholar_id": "CCdeEeQAAAAJ",
      "url": "https://scholar.google.com/citations?user=CCdeEeQAAAAJ"
    },
    {
      "name": "Lei Zhang",
      "scholar_id": "tAK5l1IAAAAJ",
      "url": "https://scholar.google.com/citations?user=tAK5l1IAAAAJ"
    },
    {
      "name": "Xiaoming Li",
      "scholar_id": "tmT_voUAAAAJ",
      "url": "https://scholar.google.com/citations?user=tmT_voUAAAAJ"
    },
    {
      "name": "Zitong Huang",
      "scholar_id": "WHVC7kkAAAAJ",
      "url": "https://scholar.google.com/citations?user=WHVC7kkAAAAJ"
    },
    {
      "name": "Yabo Zhang (张亚博)",
      "scholar_id": "LnYDPdAAAAAJ",
      "url": "https://scholar.google.com/citations?user=LnYDPdAAAAAJ"
    },
    {
      "name": "Yiwen Guo",
      "scholar_id": "oi_lEwYAAAAJ",
      "url": "https://scholar.google.com/citations?user=oi_lEwYAAAAJ"
    },
    {
      "name": "Kevin Lin",
      "scholar_id": "LKSy1kwAAAAJ",
      "url": "https://scholar.google.com/citations?user=LKSy1kwAAAAJ"
    }
  ]
}