{
  "author_info": {
    "name": "Jun Peng",
    "affiliation": "PengCheng Laboratory, Shenzhen, China",
    "email_verified": "Verified email at pcl.ac.cn",
    "interests": [
      "Multimodal",
      "Text-to-Image"
    ],
    "photo_url": "https://scholar.googleusercontent.com/citations?view_op=view_photo&user=-qz1l28AAAAJ&citpid=2"
  },
  "citation_stats": {
    "citations_all": 119,
    "citations_since_2020": 117,
    "h_index_all": 6,
    "h_index_since_2020": 6,
    "i10_index_all": 4,
    "i10_index_since_2020": 4,
    "citation_graph": [
      {
        "year": 2019,
        "citations": 2
      },
      {
        "year": 2020,
        "citations": 6
      },
      {
        "year": 2021,
        "citations": 4
      },
      {
        "year": 2022,
        "citations": 13
      },
      {
        "year": 2023,
        "citations": 25
      },
      {
        "year": 2024,
        "citations": 24
      },
      {
        "year": 2025,
        "citations": 43
      }
    ]
  },
  "papers": [
    {
      "title": "Graph-empowered Text-to-SQL generation on Electronic Medical Records",
      "url": "https://scholar.google.com/citations?view_op=view_citation&hl=en&user=-qz1l28AAAAJ&citation_for_view=-qz1l28AAAAJ:UebtZRa9Y70C",
      "authors": "Q Chen, J Peng, B Song, Y Zhou, R Ji",
      "venue": "Pattern Recognition 169, 111800, 2026",
      "year": 2026,
      "citations": 2
    },
    {
      "title": "TextRefiner: Internal Visual Feature as Efficient Refiner for Vision-Language Models Prompt Tuning",
      "url": "https://scholar.google.com/citations?view_op=view_citation&hl=en&user=-qz1l28AAAAJ&citation_for_view=-qz1l28AAAAJ:roLk4NBRz8UC",
      "authors": "J Xie, Y Zhang, J Peng, Z Huang, L Cao",
      "venue": "Proceedings of the AAAI Conference on Artificial Intelligence 39 (8), 8718-8726, 2025",
      "year": 2025,
      "citations": 13
    },
    {
      "title": "From Objects to Events: Unlocking Complex Visual Understanding in Object Detectors via LLM-guided Symbolic Reasoning",
      "url": "https://scholar.google.com/citations?view_op=view_citation&hl=en&user=-qz1l28AAAAJ&citation_for_view=-qz1l28AAAAJ:0EnyYjriUFMC",
      "authors": "Y Zeng, H Wu, W Nie, G Chen, X Zheng, Y Shen, J Peng, Y Tian, R Ji",
      "venue": "Proceedings of the IEEE/CVF International Conference on Computer Vision …, 2025",
      "year": 2025,
      "citations": 2
    },
    {
      "title": "Adaflow: Efficient long video editing via adaptive attention slimming and keyframe selection",
      "url": "https://scholar.google.com/citations?view_op=view_citation&hl=en&user=-qz1l28AAAAJ&citation_for_view=-qz1l28AAAAJ:Se3iqnhoufwC",
      "authors": "S Zhang, Y Liu, H Zhou, J Peng, Y Zhou, X Sun, R Ji",
      "venue": "arXiv preprint arXiv:2502.05433, 2025",
      "year": 2025,
      "citations": 1
    },
    {
      "title": "Multimodal Representation Learning Techniques for Comprehensive Facial State Analysis",
      "url": "https://scholar.google.com/citations?view_op=view_citation&hl=en&user=-qz1l28AAAAJ&citation_for_view=-qz1l28AAAAJ:hqOjcs7Dif8C",
      "authors": "K Zheng, X Ge, J Fu, J Peng, JM Jose",
      "venue": "arXiv preprint arXiv:2504.10351, 2025",
      "year": 2025,
      "citations": 0
    },
    {
      "title": "Efficient event stream super-resolution with recursive multi-branch fusion",
      "url": "https://scholar.google.com/citations?view_op=view_citation&hl=en&user=-qz1l28AAAAJ&citation_for_view=-qz1l28AAAAJ:LkGwnXOMwfcC",
      "authors": "Q Liang, Z Huang, X Zheng, F Yang, J Peng, K Huang, Y Tian",
      "venue": "arXiv preprint arXiv:2406.19640, 2024",
      "year": 2024,
      "citations": 5
    },
    {
      "title": "Fast text-to-3D-aware face generation and manipulation via direct cross-modal mapping and geometric regularization",
      "url": "https://scholar.google.com/citations?view_op=view_citation&hl=en&user=-qz1l28AAAAJ&citation_for_view=-qz1l28AAAAJ:_FxGoFyzp5QC",
      "authors": "J Zhang, Y Zhou, Q Zheng, X Du, G Luo, J Peng, X Sun, R Ji",
      "venue": "arXiv preprint arXiv:2403.06702, 2024",
      "year": 2024,
      "citations": 5
    },
    {
      "title": "Pixelface+: Towards controllable face generation and manipulation with text descriptions and segmentation masks",
      "url": "https://scholar.google.com/citations?view_op=view_citation&hl=en&user=-qz1l28AAAAJ&citation_for_view=-qz1l28AAAAJ:WF5omc3nYNoC",
      "authors": "X Du, J Peng, Y Zhou, J Zhang, S Chen, G Jiang, X Sun, R Ji",
      "venue": "Proceedings of the 31st acm international conference on multimedia, 4666-4677, 2023",
      "year": 2023,
      "citations": 10
    },
    {
      "title": "Multimodal Topic and Sentiment Recognition for Chinese Data Based on Pre-trained Encoders",
      "url": "https://scholar.google.com/citations?view_op=view_citation&hl=en&user=-qz1l28AAAAJ&citation_for_view=-qz1l28AAAAJ:ufrVoPGSRksC",
      "authors": "Q Chen, S Chen, C Wu, J Peng",
      "venue": "Chinese Conference on Pattern Recognition and Computer Vision (PRCV), 323-334, 2023",
      "year": 2023,
      "citations": 0
    },
    {
      "title": "Pixelfolder: an efficient progressive pixel synthesis network for image generation",
      "url": "https://scholar.google.com/citations?view_op=view_citation&hl=en&user=-qz1l28AAAAJ&citation_for_view=-qz1l28AAAAJ:Y0pCki6q_DkC",
      "authors": "J He, Y Zhou, Q Zhang, J Peng, Y Shen, X Sun, C Chen, R Ji",
      "venue": "European Conference on Computer Vision, 643-660, 2022",
      "year": 2022,
      "citations": 9
    },
    {
      "title": "Towards open-ended text-to-face generation, combination and manipulation",
      "url": "https://scholar.google.com/citations?view_op=view_citation&hl=en&user=-qz1l28AAAAJ&citation_for_view=-qz1l28AAAAJ:YsMSGLbcyi4C",
      "authors": "J Peng, H Pan, Y Zhou, J He, X Sun, Y Wang, Y Wu, R Ji",
      "venue": "Proceedings of the 30th ACM international conference on multimedia, 5045-5054, 2022",
      "year": 2022,
      "citations": 7
    },
    {
      "title": "Learning dynamic prior knowledge for text-to-face pixel synthesis",
      "url": "https://scholar.google.com/citations?view_op=view_citation&hl=en&user=-qz1l28AAAAJ&citation_for_view=-qz1l28AAAAJ:eQOLeE2rZwMC",
      "authors": "J Peng, X Du, Y Zhou, J He, Y Shen, X Sun, R Ji",
      "venue": "Proceedings of the 30th ACM International Conference on Multimedia, 5132-5141, 2022",
      "year": 2022,
      "citations": 6
    },
    {
      "title": "Knowledge-driven generative adversarial network for text-to-image synthesis",
      "url": "https://scholar.google.com/citations?view_op=view_citation&hl=en&user=-qz1l28AAAAJ&citation_for_view=-qz1l28AAAAJ:zYLM7Y9cAGgC",
      "authors": "J Peng, Y Zhou, X Sun, L Cao, Y Wu, F Huang, R Ji",
      "venue": "IEEE Transactions on Multimedia 24, 4356-4366, 2021",
      "year": 2021,
      "citations": 38
    },
    {
      "title": "Towards cross-modality topic modelling via deep topical correlation analysis",
      "url": "https://scholar.google.com/citations?view_op=view_citation&hl=en&user=-qz1l28AAAAJ&citation_for_view=-qz1l28AAAAJ:W7OEmFMy1HYC",
      "authors": "J Peng, Y Zhou, L Cao, X Sun, J Su, R Ji",
      "venue": "ICASSP 2019-2019 IEEE International Conference on Acoustics, Speech and …, 2019",
      "year": 2019,
      "citations": 3
    },
    {
      "title": "Social media based topic modeling for smart campus: a deep topical correlation analysis method",
      "url": "https://scholar.google.com/citations?view_op=view_citation&hl=en&user=-qz1l28AAAAJ&citation_for_view=-qz1l28AAAAJ:u5HHmVD_uO8C",
      "authors": "J Peng, Y Zhou, X Sun, J Su, R Ji",
      "venue": "IEEE Access 7, 7555-7564, 2018",
      "year": 2018,
      "citations": 18
    }
  ],
  "co_authors": [
    {
      "name": "Rongrong Ji 纪荣嵘",
      "scholar_id": "lRSD7PQAAAAJ",
      "url": "https://scholar.google.com/citations?user=lRSD7PQAAAAJ"
    },
    {
      "name": "Yiyi Zhou",
      "scholar_id": "w3_2ep0AAAAJ",
      "url": "https://scholar.google.com/citations?user=w3_2ep0AAAAJ"
    },
    {
      "name": "Xiaoshuai Sun 孙晓帅",
      "scholar_id": "KPMK3B4AAAAJ",
      "url": "https://scholar.google.com/citations?user=KPMK3B4AAAAJ"
    },
    {
      "name": "Jing He",
      "scholar_id": "RsLS11MAAAAJ",
      "url": "https://scholar.google.com/citations?user=RsLS11MAAAAJ"
    },
    {
      "name": "Yunhang Shen 沈云航",
      "scholar_id": "29teR74AAAAJ",
      "url": "https://scholar.google.com/citations?user=29teR74AAAAJ"
    },
    {
      "name": "Jinlu Zhang",
      "scholar_id": "LuZUq_Cz8D8C",
      "url": "https://scholar.google.com/citations?user=LuZUq_Cz8D8C"
    },
    {
      "name": "Yonghong Tian, IEEE Fellow",
      "scholar_id": "fn6hJx0AAAAJ",
      "url": "https://scholar.google.com/citations?user=fn6hJx0AAAAJ"
    },
    {
      "name": "Yuxin Zhang",
      "scholar_id": "6IeJLJoAAAAJ",
      "url": "https://scholar.google.com/citations?user=6IeJLJoAAAAJ"
    },
    {
      "name": "Xuri Ge 葛旭日",
      "scholar_id": "P2U13UsAAAAJ",
      "url": "https://scholar.google.com/citations?user=P2U13UsAAAAJ"
    },
    {
      "name": "Jianyuan Guo",
      "scholar_id": "UnAbd4gAAAAJ",
      "url": "https://scholar.google.com/citations?user=UnAbd4gAAAAJ"
    }
  ]
}