{
  "author_info": {
    "name": "Yini Fang",
    "affiliation": "Hong Kong University of Science and Technology",
    "email_verified": "Verified email at connect.ust.hk",
    "interests": [
      "Mobile Traffic Prediction",
      "Facial Expression",
      "Humanoid",
      "Gaze"
    ],
    "photo_url": "https://scholar.googleusercontent.com/citations?view_op=view_photo&user=-jFRlXIAAAAJ&citpid=2"
  },
  "citation_stats": {
    "citations_all": 219,
    "citations_since_2020": 218,
    "h_index_all": 4,
    "h_index_since_2020": 4,
    "i10_index_all": 2,
    "i10_index_since_2020": 2,
    "citation_graph": [
      {
        "year": 2021,
        "citations": 1
      },
      {
        "year": 2022,
        "citations": 4
      },
      {
        "year": 2023,
        "citations": 16
      },
      {
        "year": 2024,
        "citations": 58
      },
      {
        "year": 2025,
        "citations": 137
      }
    ]
  },
  "papers": [
    {
      "title": "End-to-End Facial Expression Detection in Long Videos",
      "url": "https://scholar.google.com/citations?view_op=view_citation&hl=en&user=-jFRlXIAAAAJ&citation_for_view=-jFRlXIAAAAJ:_FxGoFyzp5QC",
      "authors": "Y Fang, A Diallo, Y Shi, F Jumelle, B Shi",
      "venue": "arXiv preprint arXiv:2504.07660, 2025",
      "year": 2025,
      "citations": 1
    },
    {
      "title": "FaceSleuth: Learning-Driven Single-Orientation Attention Verifies Vertical Dominance in Micro-Expression Recognition",
      "url": "https://scholar.google.com/citations?view_op=view_citation&hl=en&user=-jFRlXIAAAAJ&citation_for_view=-jFRlXIAAAAJ:roLk4NBRz8UC",
      "authors": "L Wu, T Jiang, W Duan, Y Fang, J Keung",
      "venue": "arXiv preprint arXiv:2506.02695, 2025",
      "year": 2025,
      "citations": 0
    },
    {
      "title": "Understanding Emotion and Gaze During Visual Behavior",
      "url": "https://scholar.google.com/citations?view_op=view_citation&hl=en&user=-jFRlXIAAAAJ&citation_for_view=-jFRlXIAAAAJ:Se3iqnhoufwC",
      "authors": "Y Fang",
      "venue": "PQDT-Global, 2025",
      "year": 2025,
      "citations": 0
    },
    {
      "title": "HIC-YOLOv5: Improved YOLOv5 for small object detection",
      "url": "https://scholar.google.com/citations?view_op=view_citation&hl=en&user=-jFRlXIAAAAJ&citation_for_view=-jFRlXIAAAAJ:UeHWp8X0CEIC",
      "authors": "S Tang, S Zhang, Y Fang",
      "venue": "2024 IEEE international conference on robotics and automation (ICRA), 6614-6619, 2024",
      "year": 2024,
      "citations": 161
    },
    {
      "title": "OAT: Object-level attention transformer for gaze scanpath prediction",
      "url": "https://scholar.google.com/citations?view_op=view_citation&hl=en&user=-jFRlXIAAAAJ&citation_for_view=-jFRlXIAAAAJ:IjCSPb-OGe4C",
      "authors": "Y Fang, J Yu, H Zhang, R van der Lans, B Shi",
      "venue": "European Conference on Computer Vision, 366-382, 2024",
      "year": 2024,
      "citations": 4
    },
    {
      "title": "A Humanoid Robot Dialogue System Architecture Targeting Patient Interview Tasks",
      "url": "https://scholar.google.com/citations?view_op=view_citation&hl=en&user=-jFRlXIAAAAJ&citation_for_view=-jFRlXIAAAAJ:W7OEmFMy1HYC",
      "authors": "Y Shen, D Liu, Y Bang, HS Chan, R Frieske, HC Chung, J Nieles, T Zhang, ...",
      "venue": "2024 33rd IEEE International Conference on Robot and Human Interactive …, 2024",
      "year": 2024,
      "citations": 1
    },
    {
      "title": "Deep Learning-driven Mobile Traffic Measurement Collection and Analysis",
      "url": "https://scholar.google.com/citations?view_op=view_citation&hl=en&user=-jFRlXIAAAAJ&citation_for_view=-jFRlXIAAAAJ:YsMSGLbcyi4C",
      "authors": "Y Fang",
      "venue": "arXiv preprint arXiv:2410.19777, 2024",
      "year": 2024,
      "citations": 0
    },
    {
      "title": "RMES: real-time micro-expression spotting using phase from Riesz pyramid",
      "url": "https://scholar.google.com/citations?view_op=view_citation&hl=en&user=-jFRlXIAAAAJ&citation_for_view=-jFRlXIAAAAJ:9yKSN-GCB0IC",
      "authors": "Y Fang, D Deng, L Wu, F Jumelle, B Shi",
      "venue": "2023 IEEE International Conference on Multimedia and Expo (ICME), 222-227, 2023",
      "year": 2023,
      "citations": 8
    },
    {
      "title": "Integrating holistic and local information to estimate emotional reaction intensity",
      "url": "https://scholar.google.com/citations?view_op=view_citation&hl=en&user=-jFRlXIAAAAJ&citation_for_view=-jFRlXIAAAAJ:d1gkVwhDpl0C",
      "authors": "Y Fang, L Wu, F Jumelle, B Shi",
      "venue": "Proceedings of the IEEE/CVF Conference on Computer Vision and Pattern …, 2023",
      "year": 2023,
      "citations": 4
    },
    {
      "title": "SDGNet: A handover-aware spatiotemporal graph neural network for mobile traffic forecasting",
      "url": "https://scholar.google.com/citations?view_op=view_citation&hl=en&user=-jFRlXIAAAAJ&citation_for_view=-jFRlXIAAAAJ:u-x6o8ySG0sC",
      "authors": "Y Fang, S Ergüt, P Patras",
      "venue": "IEEE Communications Letters 26 (3), 582-586, 2022",
      "year": 2022,
      "citations": 39
    },
    {
      "title": "Spider: Deep learning-driven sparse mobile traffic measurement collection and reconstruction",
      "url": "https://scholar.google.com/citations?view_op=view_citation&hl=en&user=-jFRlXIAAAAJ&citation_for_view=-jFRlXIAAAAJ:u5HHmVD_uO8C",
      "authors": "Y Fang, AF Diallo, C Zhang, P Patras",
      "venue": "2021 IEEE Global Communications Conference (GLOBECOM), 1-6, 2021",
      "year": 2021,
      "citations": 1
    }
  ],
  "co_authors": [
    {
      "name": "Bertram E Shi",
      "scholar_id": "KaaF6ooAAAAJ",
      "url": "https://scholar.google.com/citations?user=KaaF6ooAAAAJ"
    },
    {
      "name": "Paul Patras",
      "scholar_id": "0kC3nVgAAAAJ",
      "url": "https://scholar.google.com/citations?user=0kC3nVgAAAAJ"
    },
    {
      "name": "Frederic Jumelle",
      "scholar_id": "pFDcWNEAAAAJ",
      "url": "https://scholar.google.com/citations?user=pFDcWNEAAAAJ"
    },
    {
      "name": "Liang Wu",
      "scholar_id": "txk_odoAAAAJ",
      "url": "https://scholar.google.com/citations?user=txk_odoAAAAJ"
    },
    {
      "name": "Didan Deng",
      "scholar_id": "sM_MNbgAAAAJ",
      "url": "https://scholar.google.com/citations?user=sM_MNbgAAAAJ"
    },
    {
      "name": "Alec F. Diallo",
      "scholar_id": "IyHaFk0AAAAJ",
      "url": "https://scholar.google.com/citations?user=IyHaFk0AAAAJ"
    },
    {
      "name": "Haozheng Zhang",
      "scholar_id": "lkTUyE8AAAAJ",
      "url": "https://scholar.google.com/citations?user=lkTUyE8AAAAJ"
    },
    {
      "name": "Ralf van der Lans",
      "scholar_id": "5sHyfrAAAAAJ",
      "url": "https://scholar.google.com/citations?user=5sHyfrAAAAAJ"
    },
    {
      "name": "Jingling Yu",
      "scholar_id": "_M_yyckAAAAJ",
      "url": "https://scholar.google.com/citations?user=_M_yyckAAAAJ"
    },
    {
      "name": "Chaoyun Zhang",
      "scholar_id": "5h9KUFIAAAAJ",
      "url": "https://scholar.google.com/citations?user=5h9KUFIAAAAJ"
    },
    {
      "name": "Rita Frieske",
      "scholar_id": "swI-NnIAAAAJ",
      "url": "https://scholar.google.com/citations?user=swI-NnIAAAAJ"
    }
  ]
}