{
  "author_info": {
    "name": "Tianhang Nan",
    "affiliation": "Northeastern University",
    "email_verified": "Verified email at stu.neu.edu.cn",
    "interests": [
      "Computer Vision",
      "Biomedical Engineering"
    ],
    "photo_url": "https://scholar.googleusercontent.com/citations?view_op=view_photo&user=-EYYqtsAAAAJ&citpid=1"
  },
  "citation_stats": {
    "citations_all": 72,
    "citations_since_2020": 72,
    "h_index_all": 3,
    "h_index_since_2020": 3,
    "i10_index_all": 2,
    "i10_index_since_2020": 2,
    "citation_graph": [
      {
        "year": 2023,
        "citations": 3
      },
      {
        "year": 2024,
        "citations": 15
      },
      {
        "year": 2025,
        "citations": 54
      }
    ]
  },
  "papers": [
    {
      "title": "Deep learning quantifies pathologists’ visual patterns for whole slide image diagnosis",
      "url": "https://scholar.google.com/citations?view_op=view_citation&hl=en&user=-EYYqtsAAAAJ&citation_for_view=-EYYqtsAAAAJ:zYLM7Y9cAGgC",
      "authors": "T Nan, S Zheng, S Qiao, H Quan, X Gao, J Niu, B Zheng, C Guo, Y Zhang, ...",
      "venue": "Nature Communications 16 (1), 5493, 2025",
      "year": 2025,
      "citations": 15
    },
    {
      "title": "Data knee pads: a lower limb motion capture system based on heterogeneous sensors",
      "url": "https://scholar.google.com/citations?view_op=view_citation&hl=en&user=-EYYqtsAAAAJ&citation_for_view=-EYYqtsAAAAJ:UeHWp8X0CEIC",
      "authors": "Y Ding, T Nan, F Wang, Y Zhao, X Cui",
      "venue": "IEEE Journal of Biomedical and Health Informatics, 2025",
      "year": 2025,
      "citations": 0
    },
    {
      "title": "Dual-channel prototype network for few-shot pathology image classification",
      "url": "https://scholar.google.com/citations?view_op=view_citation&hl=en&user=-EYYqtsAAAAJ&citation_for_view=-EYYqtsAAAAJ:9yKSN-GCB0IC",
      "authors": "H Quan, X Li, D Hu, T Nan, X Cui",
      "venue": "IEEE Journal of Biomedical and Health Informatics 28 (7), 4132-4144, 2024",
      "year": 2024,
      "citations": 43
    },
    {
      "title": "Establishing Causal Relationship Between Whole Slide Image Predictions and Diagnostic Evidence Subregions in Deep Learning",
      "url": "https://scholar.google.com/citations?view_op=view_citation&hl=en&user=-EYYqtsAAAAJ&citation_for_view=-EYYqtsAAAAJ:IjCSPb-OGe4C",
      "authors": "T Nan, Y Ding, H Quan, D Li, L Li, G Zhao, X Cui",
      "venue": "arXiv preprint arXiv:2407.17157, 2024",
      "year": 2024,
      "citations": 2
    },
    {
      "title": "Establishing truly causal relationship between whole slide image predictions and diagnostic evidence subregions in deep learning",
      "url": "https://scholar.google.com/citations?view_op=view_citation&hl=en&user=-EYYqtsAAAAJ&citation_for_view=-EYYqtsAAAAJ:qjMakFHDy7sC",
      "authors": "T Nan, Y Ding, H Quan, D Li, M Zou, X Cui",
      "venue": "arXiv e-prints, arXiv: 2407.17157, 2024",
      "year": 2024,
      "citations": 2
    },
    {
      "title": "Distilling High Diagnostic Value Patches for Whole Slide Image Classification Using Attention Mechanism",
      "url": "https://scholar.google.com/citations?view_op=view_citation&hl=en&user=-EYYqtsAAAAJ&citation_for_view=-EYYqtsAAAAJ:2osOgNQ5qMEC",
      "authors": "T Nan, H Quan, Y Ding, X Li, K Yang, X Cui",
      "venue": "arXiv preprint arXiv:2407.19821, 2024",
      "year": 2024,
      "citations": 0
    },
    {
      "title": "Dual-channel Prototype Network for few-shot Classification of Pathological Images",
      "url": "https://scholar.google.com/citations?view_op=view_citation&hl=en&user=-EYYqtsAAAAJ&citation_for_view=-EYYqtsAAAAJ:d1gkVwhDpl0C",
      "authors": "H Quan, X Li, D Hu, T Nan, X Cui",
      "venue": "arXiv preprint arXiv:2311.07871, 2023",
      "year": 2023,
      "citations": 1
    },
    {
      "title": "Dynamic opinion maximization framework with hybrid method in social networks",
      "url": "https://scholar.google.com/citations?view_op=view_citation&hl=en&user=-EYYqtsAAAAJ&citation_for_view=-EYYqtsAAAAJ:u-x6o8ySG0sC",
      "authors": "Q He, X Yan, X Wang, T Nan, Z Chen, X He, M Huang",
      "venue": "IEEE Transactions on Network Science and Engineering 10 (1), 441-451, 2022",
      "year": 2022,
      "citations": 8
    },
    {
      "title": "A Deep Reinforcement Learning Framework for Rapid Diagnosis of Whole Slide Pathological Images",
      "url": "https://scholar.google.com/citations?view_op=view_citation&hl=en&user=-EYYqtsAAAAJ&citation_for_view=-EYYqtsAAAAJ:u5HHmVD_uO8C",
      "authors": "T Zheng, S Li, H Quan, Q Bai, T Nan, S Zheng, X Gao, Y Zhao, X Cui",
      "venue": "arXiv preprint arXiv:2205.02850, 2022",
      "year": 2022,
      "citations": 1
    }
  ],
  "co_authors": []
}