{
  "author_info": {
    "name": "EUI-NAM HUH",
    "affiliation": "Kyung Hee University",
    "email_verified": "Verified email at khu.ac.kr",
    "interests": [
      "Cloud computing",
      "machine learning"
    ],
    "photo_url": "/citations/images/avatar_scholar_128.png"
  },
  "citation_stats": {
    "citations_all": 11141,
    "citations_since_2020": 5637,
    "h_index_all": 49,
    "h_index_since_2020": 34,
    "i10_index_all": 196,
    "i10_index_since_2020": 116,
    "citation_graph": [
      {
        "year": 2006,
        "citations": 33
      },
      {
        "year": 2007,
        "citations": 22
      },
      {
        "year": 2008,
        "citations": 37
      },
      {
        "year": 2009,
        "citations": 57
      },
      {
        "year": 2010,
        "citations": 99
      },
      {
        "year": 2011,
        "citations": 123
      },
      {
        "year": 2012,
        "citations": 216
      },
      {
        "year": 2013,
        "citations": 291
      },
      {
        "year": 2014,
        "citations": 392
      },
      {
        "year": 2015,
        "citations": 461
      },
      {
        "year": 2016,
        "citations": 643
      },
      {
        "year": 2017,
        "citations": 799
      },
      {
        "year": 2018,
        "citations": 987
      },
      {
        "year": 2019,
        "citations": 1057
      },
      {
        "year": 2020,
        "citations": 1040
      },
      {
        "year": 2021,
        "citations": 1067
      },
      {
        "year": 2022,
        "citations": 967
      },
      {
        "year": 2023,
        "citations": 913
      },
      {
        "year": 2024,
        "citations": 855
      },
      {
        "year": 2025,
        "citations": 777
      }
    ]
  },
  "papers": [
    {
      "title": "Partial computation offloading in parked vehicle-assisted multi-access edge computing: A game-theoretic approach",
      "url": "https://scholar.google.com/citations?view_op=view_citation&hl=en&user=0ATpZl0AAAAJ&citation_for_view=0ATpZl0AAAAJ:wyM6WWKXmoIC",
      "authors": "XQ Pham, T Huynh-The, EN Huh, DS Kim",
      "venue": "IEEE Transactions on Vehicular Technology 71 (9), 10220-10225, 2022",
      "year": 2022,
      "citations": 99
    },
    {
      "title": "A cost-and performance-effective approach for task scheduling based on collaboration between cloud and fog computing",
      "url": "https://scholar.google.com/citations?view_op=view_citation&hl=en&user=0ATpZl0AAAAJ&citation_for_view=0ATpZl0AAAAJ:Dem6FJhTUoYC",
      "authors": "XQ Pham, ND Man, NDT Tri, NQ Thai, EN Huh",
      "venue": "International Journal of Distributed Sensor Networks 13 (11), 1550147717742073, 2017",
      "year": 2017,
      "citations": 190
    },
    {
      "title": "Energy efficiency for cloud computing system based on predictive optimization",
      "url": "https://scholar.google.com/citations?view_op=view_citation&hl=en&user=0ATpZl0AAAAJ&citation_for_view=0ATpZl0AAAAJ:lvd772isFD0C",
      "authors": "DM Bui, YI Yoon, EN Huh, SI Jun, S Lee",
      "venue": "Journal of Parallel and Distributed Computing 102, 103-114, 2017",
      "year": 2017,
      "citations": 106
    },
    {
      "title": "Towards task scheduling in a cloud-fog computing system",
      "url": "https://scholar.google.com/citations?view_op=view_citation&hl=en&user=0ATpZl0AAAAJ&citation_for_view=0ATpZl0AAAAJ:ZqE1mSdD_DYC",
      "authors": "XQ Pham, EN Huh",
      "venue": "2016 18th Asia-Pacific network operations and management symposium (APNOMS), 1-4, 2016",
      "year": 2016,
      "citations": 290
    },
    {
      "title": "Fog computing: The cloud-iot\\/ioe middleware paradigm",
      "url": "https://scholar.google.com/citations?view_op=view_citation&hl=en&user=0ATpZl0AAAAJ&citation_for_view=0ATpZl0AAAAJ:r_AWSJRzSzQC",
      "authors": "M Aazam, EN Huh",
      "venue": "IEEE Potentials 35 (3), 40-44, 2016",
      "year": 2016,
      "citations": 286
    },
    {
      "title": "An architecture of IoT service delegation and resource allocation based on collaboration between fog and cloud computing",
      "url": "https://scholar.google.com/citations?view_op=view_citation&hl=en&user=0ATpZl0AAAAJ&citation_for_view=0ATpZl0AAAAJ:8k81kl-MbHgC",
      "authors": "AA Alsaffar, HP Pham, CS Hong, EN Huh, M Aazam",
      "venue": "Mobile Information Systems 2016 (1), 6123234, 2016",
      "year": 2016,
      "citations": 131
    },
    {
      "title": "Fog computing micro datacenter based dynamic resource estimation and pricing model for IoT",
      "url": "https://scholar.google.com/citations?view_op=view_citation&hl=en&user=0ATpZl0AAAAJ&citation_for_view=0ATpZl0AAAAJ:q3CdL3IzO_QC",
      "authors": "M Aazam, EN Huh",
      "venue": "2015 IEEE 29th international conference on advanced information networking …, 2015",
      "year": 2015,
      "citations": 534
    },
    {
      "title": "Dynamic resource provisioning through fog micro datacenter",
      "url": "https://scholar.google.com/citations?view_op=view_citation&hl=en&user=0ATpZl0AAAAJ&citation_for_view=0ATpZl0AAAAJ:OBSaB-F7qqsC",
      "authors": "M Aazam, EN Huh",
      "venue": "2015 IEEE international conference on pervasive computing and communication …, 2015",
      "year": 2015,
      "citations": 280
    },
    {
      "title": "E-HAMC: Leveraging Fog computing for emergency alert service",
      "url": "https://scholar.google.com/citations?view_op=view_citation&hl=en&user=0ATpZl0AAAAJ&citation_for_view=0ATpZl0AAAAJ:JQOojiI6XY0C",
      "authors": "M Aazam, EN Huh",
      "venue": "2015 ieee international conference on pervasive computing and communication …, 2015",
      "year": 2015,
      "citations": 158
    },
    {
      "title": "How geo-distributed data centers do demand response: A game-theoretic approach",
      "url": "https://scholar.google.com/citations?view_op=view_citation&hl=en&user=0ATpZl0AAAAJ&citation_for_view=0ATpZl0AAAAJ:pyW8ca7W8N0C",
      "authors": "NH Tran, DH Tran, S Ren, Z Han, EN Huh, CS Hong",
      "venue": "IEEE Transactions on Smart Grid 7 (2), 937-947, 2015",
      "year": 2015,
      "citations": 143
    },
    {
      "title": "Low cost real-time system monitoring using Raspberry Pi",
      "url": "https://scholar.google.com/citations?view_op=view_citation&hl=en&user=0ATpZl0AAAAJ&citation_for_view=0ATpZl0AAAAJ:V3AGJWp-ZtQC",
      "authors": "HQ Nguyen, TTK Loan, BD Mao, EN Huh",
      "venue": "2015 Seventh international conference on ubiquitous and future networks, 857-859, 2015",
      "year": 2015,
      "citations": 120
    },
    {
      "title": "Cloud of things: integration of IoT with cloud computing",
      "url": "https://scholar.google.com/citations?view_op=view_citation&hl=en&user=0ATpZl0AAAAJ&citation_for_view=0ATpZl0AAAAJ:eq2jaN3J8jMC",
      "authors": "M Aazam, EN Huh, M St-Hilaire, CH Lung, I Lambadaris",
      "venue": "Robots and sensor clouds, 77-94, 2015",
      "year": 2015,
      "citations": 99
    },
    {
      "title": "Fog computing and smart gateway based communication for cloud of things",
      "url": "https://scholar.google.com/citations?view_op=view_citation&hl=en&user=0ATpZl0AAAAJ&citation_for_view=0ATpZl0AAAAJ:nRpfm8aw39MC",
      "authors": "M Aazam, EN Huh",
      "venue": "2014 International conference on future internet of things and cloud, 464-470, 2014",
      "year": 2014,
      "citations": 879
    },
    {
      "title": "Cloud of Things: Integrating Internet of Things and cloud computing and the issues involved",
      "url": "https://scholar.google.com/citations?view_op=view_citation&hl=en&user=0ATpZl0AAAAJ&citation_for_view=0ATpZl0AAAAJ:-f6ydRqryjwC",
      "authors": "M Aazam, I Khan, AA Alsaffar, EN Huh",
      "venue": "Proceedings of 2014 11th International Bhurban Conference on Applied …, 2014",
      "year": 2014,
      "citations": 686
    },
    {
      "title": "Smart gateway based communication for cloud of things",
      "url": "https://scholar.google.com/citations?view_op=view_citation&hl=en&user=0ATpZl0AAAAJ&citation_for_view=0ATpZl0AAAAJ:mKu_rENv82IC",
      "authors": "M Aazam, PP Hung, EN Huh",
      "venue": "2014 IEEE ninth international conference on intelligent sensors, sensor …, 2014",
      "year": 2014,
      "citations": 159
    },
    {
      "title": "Cooperative game-based distributed resource allocation in horizontal dynamic cloud federation platform",
      "url": "https://scholar.google.com/citations?view_op=view_citation&hl=en&user=0ATpZl0AAAAJ&citation_for_view=0ATpZl0AAAAJ:lSLTfruPkqcC",
      "authors": "MM Hassan, MS Hossain, AMJ Sarkar, EN Huh",
      "venue": "Information Systems Frontiers 16 (4), 523-542, 2014",
      "year": 2014,
      "citations": 115
    },
    {
      "title": "A survey on virtualization of wireless sensor networks",
      "url": "https://scholar.google.com/citations?view_op=view_citation&hl=en&user=0ATpZl0AAAAJ&citation_for_view=0ATpZl0AAAAJ:-jrNzM816MMC",
      "authors": "MM Islam, MM Hassan, GW Lee, EN Huh",
      "venue": "Sensors 12 (2), 2175-2207, 2012",
      "year": 2012,
      "citations": 147
    },
    {
      "title": "A framework of sensor-cloud integration opportunities and challenges",
      "url": "https://scholar.google.com/citations?view_op=view_citation&hl=en&user=0ATpZl0AAAAJ&citation_for_view=0ATpZl0AAAAJ:YOwf2qJgpHMC",
      "authors": "MM Hassan, B Song, EN Huh",
      "venue": "Proceedings of the 3rd international conference on Ubiquitous information …, 2009",
      "year": 2009,
      "citations": 273
    },
    {
      "title": "Efficient service recommendation system for cloud computing market",
      "url": "https://scholar.google.com/citations?view_op=view_citation&hl=en&user=0ATpZl0AAAAJ&citation_for_view=0ATpZl0AAAAJ:-yGd096yOn8C",
      "authors": "SM Han, MM Hassan, CW Yoon, EN Huh",
      "venue": "Proceedings of the 2nd international conference on interaction sciences …, 2009",
      "year": 2009,
      "citations": 180
    },
    {
      "title": "Detecting selective forwarding attacks in wireless sensor networks using two-hops neighbor knowledge",
      "url": "https://scholar.google.com/citations?view_op=view_citation&hl=en&user=0ATpZl0AAAAJ&citation_for_view=0ATpZl0AAAAJ:-95Q15plzcUC",
      "authors": "TH Hai, EN Huh",
      "venue": "2008 Seventh IEEE International Symposium on Network Computing and …, 2008",
      "year": 2008,
      "citations": 131
    }
  ],
  "co_authors": []
}