{
  "author_info": {
    "name": "Matthew O'Toole",
    "affiliation": "Assistant Professor, Carnegie Mellon University",
    "email_verified": "Verified email at cmu.edu - Homepage",
    "website": "http://www.cs.cmu.edu/~motoole2/",
    "interests": [
      "Computer Graphics",
      "Computer Vision"
    ],
    "photo_url": "https://scholar.googleusercontent.com/citations?view_op=view_photo&user=0GLMGTEAAAAJ&citpid=6"
  },
  "citation_stats": {
    "citations_all": 3874,
    "citations_since_2020": 2939,
    "h_index_all": 26,
    "h_index_since_2020": 24,
    "i10_index_all": 39,
    "i10_index_since_2020": 37,
    "citation_graph": [
      {
        "year": 2010,
        "citations": 14
      },
      {
        "year": 2011,
        "citations": 19
      },
      {
        "year": 2012,
        "citations": 19
      },
      {
        "year": 2013,
        "citations": 41
      },
      {
        "year": 2014,
        "citations": 66
      },
      {
        "year": 2015,
        "citations": 89
      },
      {
        "year": 2016,
        "citations": 92
      },
      {
        "year": 2017,
        "citations": 89
      },
      {
        "year": 2018,
        "citations": 148
      },
      {
        "year": 2019,
        "citations": 297
      },
      {
        "year": 2020,
        "citations": 356
      },
      {
        "year": 2021,
        "citations": 367
      },
      {
        "year": 2022,
        "citations": 367
      },
      {
        "year": 2023,
        "citations": 552
      },
      {
        "year": 2024,
        "citations": 656
      },
      {
        "year": 2025,
        "citations": 639
      }
    ]
  },
  "papers": [
    {
      "title": "Hyperreel: High-fidelity 6-dof video with ray-conditioned sampling",
      "url": "https://scholar.google.com/citations?view_op=view_citation&hl=en&user=0GLMGTEAAAAJ&citation_for_view=0GLMGTEAAAAJ:ZHo1McVdvXMC",
      "authors": "B Attal, JB Huang, C Richardt, M Zollhoefer, J Kopf, M O’Toole, C Kim",
      "venue": "Proceedings of the IEEE/CVF Conference on Computer Vision and Pattern …, 2023",
      "year": 2023,
      "citations": 184
    },
    {
      "title": "Time-multiplexed neural holography: a flexible framework for holographic near-eye displays with fast heavily-quantized spatial light modulators",
      "url": "https://scholar.google.com/citations?view_op=view_citation&hl=en&user=0GLMGTEAAAAJ&citation_for_view=0GLMGTEAAAAJ:J_g5lzvAfSwC",
      "authors": "S Choi, M Gopakumar, Y Peng, J Kim, M O'Toole, G Wetzstein",
      "venue": "ACM SIGGRAPH 2022 Conference Proceedings, 1-9, 2022",
      "year": 2022,
      "citations": 112
    },
    {
      "title": "Modality-agnostic learning for radar-lidar fusion in vehicle detection",
      "url": "https://scholar.google.com/citations?view_op=view_citation&hl=en&user=0GLMGTEAAAAJ&citation_for_view=0GLMGTEAAAAJ:70eg2SAEIzsC",
      "authors": "YJ Li, J Park, M O'Toole, K Kitani",
      "venue": "proceedings of the IEEE/CVF conference on computer vision and pattern …, 2022",
      "year": 2022,
      "citations": 63
    },
    {
      "title": "TöRF: Time-of-Flight Radiance Fields for Dynamic Scene View Synthesis",
      "url": "https://scholar.google.com/citations?view_op=view_citation&hl=en&user=0GLMGTEAAAAJ&citation_for_view=0GLMGTEAAAAJ:JV2RwH3_ST0C",
      "authors": "B Attal, E Laidlaw, A Gokaslan, C Kim, C Richardt, J Tompkin, M O'Toole",
      "venue": "arXiv preprint arXiv:2109.15271, 2021",
      "year": 2021,
      "citations": 143
    },
    {
      "title": "All-in-one drive: A comprehensive perception dataset with high-density long-range point clouds",
      "url": "https://scholar.google.com/citations?view_op=view_citation&hl=en&user=0GLMGTEAAAAJ&citation_for_view=0GLMGTEAAAAJ:e5wmG9Sq2KIC",
      "authors": "X Weng, Y Man, J Park, Y Yuan, M O'Toole, KM Kitani",
      "venue": "",
      "citations": 56,
      "year": 2021
    },
    {
      "title": "Optical non-line-of-sight physics-based 3d human pose estimation",
      "url": "https://scholar.google.com/citations?view_op=view_citation&hl=en&user=0GLMGTEAAAAJ&citation_for_view=0GLMGTEAAAAJ:9ZlFYXVOiuMC",
      "authors": "M Isogawa, Y Yuan, M O'Toole, KM Kitani",
      "venue": "Proceedings of the IEEE/CVF conference on computer vision and pattern …, 2020",
      "year": 2020,
      "citations": 100
    },
    {
      "title": "Wave-based non-line-of-sight imaging using fast f-k migration",
      "url": "https://scholar.google.com/citations?view_op=view_citation&hl=en&user=0GLMGTEAAAAJ&citation_for_view=0GLMGTEAAAAJ:4DMP91E08xMC",
      "authors": "DB Lindell, G Wetzstein, M O'Toole",
      "venue": "ACM Transactions on Graphics (ToG) 38 (4), 1-13, 2019",
      "year": 2019,
      "citations": 324
    },
    {
      "title": "Non-line-of-sight imaging with partial occluders and surface normals",
      "url": "https://scholar.google.com/citations?view_op=view_citation&hl=en&user=0GLMGTEAAAAJ&citation_for_view=0GLMGTEAAAAJ:qxL8FJ1GzNcC",
      "authors": "F Heide, M O’Toole, K Zang, DB Lindell, S Diamond, G Wetzstein",
      "venue": "ACM Transactions on Graphics (ToG) 38 (3), 1-10, 2019",
      "year": 2019,
      "citations": 187
    },
    {
      "title": "Confocal non-line-of-sight imaging based on the light-cone transform",
      "url": "https://scholar.google.com/citations?view_op=view_citation&hl=en&user=0GLMGTEAAAAJ&citation_for_view=0GLMGTEAAAAJ:3fE2CSJIrl8C",
      "authors": "M O’Toole, DB Lindell, G Wetzstein",
      "venue": "Nature 555 (7696), 338-341, 2018",
      "year": 2018,
      "citations": 613
    },
    {
      "title": "Single-photon 3d imaging with deep sensor fusion.",
      "url": "https://scholar.google.com/citations?view_op=view_citation&hl=en&user=0GLMGTEAAAAJ&citation_for_view=0GLMGTEAAAAJ:ULOm3_A8WrAC",
      "authors": "DB Lindell, M O'Toole, G Wetzstein",
      "venue": "ACM Trans. Graph. 37 (4), 113, 2018",
      "year": 2018,
      "citations": 250
    },
    {
      "title": "Tracking multiple objects outside the line of sight using speckle imaging",
      "url": "https://scholar.google.com/citations?view_op=view_citation&hl=en&user=0GLMGTEAAAAJ&citation_for_view=0GLMGTEAAAAJ:Zph67rFs4hoC",
      "authors": "BM Smith, M O'Toole, M Gupta",
      "venue": "Proceedings of the IEEE Conference on Computer Vision and Pattern …, 2018",
      "year": 2018,
      "citations": 81
    },
    {
      "title": "Reconstructing transient images from single-photon sensors",
      "url": "https://scholar.google.com/citations?view_op=view_citation&hl=en&user=0GLMGTEAAAAJ&citation_for_view=0GLMGTEAAAAJ:hqOjcs7Dif8C",
      "authors": "M O'Toole, F Heide, DB Lindell, K Zang, S Diamond, G Wetzstein",
      "venue": "Proceedings of the IEEE conference on computer vision and pattern …, 2017",
      "year": 2017,
      "citations": 153
    },
    {
      "title": "Homogeneous codes for energy-efficient illumination and imaging",
      "url": "https://scholar.google.com/citations?view_op=view_citation&hl=en&user=0GLMGTEAAAAJ&citation_for_view=0GLMGTEAAAAJ:LkGwnXOMwfcC",
      "authors": "M O'Toole, S Achar, SG Narasimhan, KN Kutulakos",
      "venue": "ACM Transactions on Graphics (ToG) 34 (4), 1-13, 2015",
      "year": 2015,
      "citations": 176
    },
    {
      "title": "3D shape and indirect appearance by structured light transport",
      "url": "https://scholar.google.com/citations?view_op=view_citation&hl=en&user=0GLMGTEAAAAJ&citation_for_view=0GLMGTEAAAAJ:Tyk-4Ss8FVUC",
      "authors": "M O’Toole, J Mather, KN Kutulakos",
      "venue": "Proc. CVPR, 2014",
      "year": 2014,
      "citations": 177
    },
    {
      "title": "Temporal frequency probing for 5D transient analysis of global light transport",
      "url": "https://scholar.google.com/citations?view_op=view_citation&hl=en&user=0GLMGTEAAAAJ&citation_for_view=0GLMGTEAAAAJ:YsMSGLbcyi4C",
      "authors": "M O'Toole, F Heide, L Xiao, MB Hullin, W Heidrich, KN Kutulakos",
      "venue": "ACM Transactions on Graphics (ToG) 33 (4), 1-11, 2014",
      "year": 2014,
      "citations": 149
    },
    {
      "title": "Decomposing global light transport using time of flight imaging",
      "url": "https://scholar.google.com/citations?view_op=view_citation&hl=en&user=0GLMGTEAAAAJ&citation_for_view=0GLMGTEAAAAJ:d1gkVwhDpl0C",
      "authors": "D Wu, A Velten, M O’Toole, B Masia, A Agrawal, Q Dai, R Raskar",
      "venue": "International journal of computer vision 107 (2), 123-138, 2014",
      "year": 2014,
      "citations": 142
    },
    {
      "title": "Primal-dual coding to probe light transport.",
      "url": "https://scholar.google.com/citations?view_op=view_citation&hl=en&user=0GLMGTEAAAAJ&citation_for_view=0GLMGTEAAAAJ:qjMakFHDy7sC",
      "authors": "M O'Toole, R Raskar, KN Kutulakos",
      "venue": "ACM Trans. Graph. 31 (4), 39:1-39:11, 2012",
      "year": 2012,
      "citations": 126
    },
    {
      "title": "Optical computing for fast light transport analysis",
      "url": "https://scholar.google.com/citations?view_op=view_citation&hl=en&user=0GLMGTEAAAAJ&citation_for_view=0GLMGTEAAAAJ:u-x6o8ySG0sC",
      "authors": "M O'Toole, KN Kutulakos",
      "venue": "ACM Transactions on Graphics (ToG) 29 (6), 1-12, 2010",
      "year": 2010,
      "citations": 98
    },
    {
      "title": "A basis illumination approach to BRDF measurement",
      "url": "https://scholar.google.com/citations?view_op=view_citation&hl=en&user=0GLMGTEAAAAJ&citation_for_view=0GLMGTEAAAAJ:9yKSN-GCB0IC",
      "authors": "A Ghosh, W Heidrich, S Achutha, M O’Toole",
      "venue": "International journal of computer vision 90 (2), 183-197, 2010",
      "year": 2010,
      "citations": 69
    },
    {
      "title": "BRDF acquisition with basis illumination",
      "url": "https://scholar.google.com/citations?view_op=view_citation&hl=en&user=0GLMGTEAAAAJ&citation_for_view=0GLMGTEAAAAJ:u5HHmVD_uO8C",
      "authors": "A Ghosh, S Achutha, W Heidrich, M O'Toole",
      "venue": "2007 IEEE 11th International Conference on Computer Vision, 1-8, 2007",
      "year": 2007,
      "citations": 127
    }
  ],
  "co_authors": [
    {
      "name": "Gordon Wetzstein",
      "scholar_id": "VOf45S0AAAAJ",
      "url": "https://scholar.google.com/citations?user=VOf45S0AAAAJ"
    },
    {
      "name": "David Lindell",
      "scholar_id": "_m-BTtAAAAAJ",
      "url": "https://scholar.google.com/citations?user=_m-BTtAAAAAJ"
    },
    {
      "name": "Kyros Kutulakos",
      "scholar_id": "bQJWJPYAAAAJ",
      "url": "https://scholar.google.com/citations?user=bQJWJPYAAAAJ"
    },
    {
      "name": "Srinivasa Narasimhan",
      "scholar_id": "MhYrLJAAAAAJ",
      "url": "https://scholar.google.com/citations?user=MhYrLJAAAAAJ"
    },
    {
      "name": "Wolfgang Heidrich",
      "scholar_id": "IQSbom0AAAAJ",
      "url": "https://scholar.google.com/citations?user=IQSbom0AAAAJ"
    },
    {
      "name": "Ramesh Raskar",
      "scholar_id": "8hpOmVgAAAAJ",
      "url": "https://scholar.google.com/citations?user=8hpOmVgAAAAJ"
    },
    {
      "name": "Supreeth Achar",
      "scholar_id": "xDYdjOkAAAAJ",
      "url": "https://scholar.google.com/citations?user=xDYdjOkAAAAJ"
    },
    {
      "name": "Kai Zang",
      "scholar_id": "PgAKaZwAAAAJ",
      "url": "https://scholar.google.com/citations?user=PgAKaZwAAAAJ"
    },
    {
      "name": "Abhijeet Ghosh",
      "scholar_id": "EG_UZvwAAAAJ",
      "url": "https://scholar.google.com/citations?user=EG_UZvwAAAAJ"
    },
    {
      "name": "Qionghai  Dai",
      "scholar_id": "CHAajY4AAAAJ",
      "url": "https://scholar.google.com/citations?user=CHAajY4AAAAJ"
    },
    {
      "name": "Matthias B. Hullin",
      "scholar_id": "pYR5TAcAAAAJ",
      "url": "https://scholar.google.com/citations?user=pYR5TAcAAAAJ"
    },
    {
      "name": "Lei Xiao",
      "scholar_id": "Qx17Zl8AAAAJ",
      "url": "https://scholar.google.com/citations?user=Qx17Zl8AAAAJ"
    },
    {
      "name": "Belen Masia",
      "scholar_id": "d10sXc8AAAAJ",
      "url": "https://scholar.google.com/citations?user=d10sXc8AAAAJ"
    },
    {
      "name": "Amit Agrawal",
      "scholar_id": "Q3puGtcAAAAJ",
      "url": "https://scholar.google.com/citations?user=Q3puGtcAAAAJ"
    },
    {
      "name": "Mohit Gupta",
      "scholar_id": "Y3wdd8oAAAAJ",
      "url": "https://scholar.google.com/citations?user=Y3wdd8oAAAAJ"
    },
    {
      "name": "Nikhil Naik",
      "scholar_id": "M1IgIyMAAAAJ",
      "url": "https://scholar.google.com/citations?user=M1IgIyMAAAAJ"
    },
    {
      "name": "Thomas Willwacher",
      "scholar_id": "M_VZBvsAAAAJ",
      "url": "https://scholar.google.com/citations?user=M_VZBvsAAAAJ"
    },
    {
      "name": "Andreas Kolb",
      "scholar_id": "T_Fwt_oAAAAJ",
      "url": "https://scholar.google.com/citations?user=T_Fwt_oAAAAJ"
    },
    {
      "name": "Navid Sarhangnejad",
      "scholar_id": "rWQukzEAAAAJ",
      "url": "https://scholar.google.com/citations?user=rWQukzEAAAAJ"
    },
    {
      "name": "Nikola Katic",
      "scholar_id": "qcpTdzYAAAAJ",
      "url": "https://scholar.google.com/citations?user=qcpTdzYAAAAJ"
    }
  ]
}