{
  "author_info": {
    "name": "Zheng Wang",
    "affiliation": "Wuhan University",
    "email_verified": "Verified email at whu.edu.cn - Homepage",
    "website": "https://wangzwhu.github.io/home/",
    "interests": [
      "Multimedia Content Analysis",
      "Computer Vision",
      "Artificial Intelligence"
    ],
    "photo_url": "https://scholar.googleusercontent.com/citations?view_op=view_photo&user=-WHTbpUAAAAJ&citpid=11"
  },
  "citation_stats": {
    "citations_all": 7340,
    "citations_since_2020": 6485,
    "h_index_all": 42,
    "h_index_since_2020": 40,
    "i10_index_all": 123,
    "i10_index_since_2020": 118,
    "citation_graph": [
      {
        "year": 2016,
        "citations": 50
      },
      {
        "year": 2017,
        "citations": 129
      },
      {
        "year": 2018,
        "citations": 235
      },
      {
        "year": 2019,
        "citations": 406
      },
      {
        "year": 2020,
        "citations": 568
      },
      {
        "year": 2021,
        "citations": 696
      },
      {
        "year": 2022,
        "citations": 904
      },
      {
        "year": 2023,
        "citations": 1087
      },
      {
        "year": 2024,
        "citations": 1476
      },
      {
        "year": 2025,
        "citations": 1726
      }
    ]
  },
  "papers": [
    {
      "title": "Physical adversarial attack meets computer vision: A decade survey",
      "url": "https://scholar.google.com/citations?view_op=view_citation&hl=en&user=-WHTbpUAAAAJ&citation_for_view=-WHTbpUAAAAJ:p__nRnzSRKYC",
      "authors": "H Wei, H Tang, X Jia, Z Wang, H Yu, Z Li, S Satoh, L Van Gool, Z Wang",
      "venue": "IEEE Transactions on Pattern Analysis and Machine Intelligence, 2024",
      "year": 2024,
      "citations": 131
    },
    {
      "title": "Good Is Bad: Causality Inspired Cloth-Debiasing for Cloth-Changing Person Re-Identification",
      "url": "https://scholar.google.com/citations?view_op=view_citation&hl=en&user=-WHTbpUAAAAJ&citation_for_view=-WHTbpUAAAAJ:e_rmSamDkqQC",
      "authors": "Z Yang, M Lin, X Zhong, Y Wu, Z Wang",
      "venue": "CVPR, 1472-1481, 2023",
      "year": 2023,
      "citations": 142
    },
    {
      "title": "Magic ELF: Image Deraining Meets Association Learning and Transformer",
      "url": "https://scholar.google.com/citations?view_op=view_citation&hl=en&user=-WHTbpUAAAAJ&citation_for_view=-WHTbpUAAAAJ:uc_IGeMz5qoC",
      "authors": "K Jiang, Z Wang, C Chen, Z Wang, L Cui, CW Lin",
      "venue": "ACM Multimedia, 2022",
      "year": 2022,
      "citations": 105
    },
    {
      "title": "Rain-free and residue hand-in-hand: A progressive coupled network for real-time image deraining",
      "url": "https://scholar.google.com/citations?view_op=view_citation&hl=en&user=-WHTbpUAAAAJ&citation_for_view=-WHTbpUAAAAJ:Fu2w8maKXqMC",
      "authors": "K Jiang, Z Wang, P Yi, C Chen, Z Wang, X Wang, J Jiang, CW Lin",
      "venue": "IEEE Transactions on Image Processing 30, 7404-7418, 2021",
      "year": 2021,
      "citations": 179
    },
    {
      "title": "Image Inpainting Guided by Coherence Priors of Semantics and Textures",
      "url": "https://scholar.google.com/citations?view_op=view_citation&hl=en&user=-WHTbpUAAAAJ&citation_for_view=-WHTbpUAAAAJ:5awf1xo2G04C",
      "authors": "L Liao, J Xiao, Z Wang, CW Lin, S Satoh",
      "venue": "CVPR, 2021",
      "year": 2021,
      "citations": 129
    },
    {
      "title": "Guidance and Evaluation: Semantic-Aware Image Inpainting for Mixed Scenes",
      "url": "https://scholar.google.com/citations?view_op=view_citation&hl=en&user=-WHTbpUAAAAJ&citation_for_view=-WHTbpUAAAAJ:eMMeJKvmdy0C",
      "authors": "L Liao, J Xiao, Z Wang, C Lin, S Satoh",
      "venue": "ECCV, 2020",
      "year": 2020,
      "citations": 163
    },
    {
      "title": "Exploring Image Enhancement for Salient Object Detection in Low Light Images",
      "url": "https://scholar.google.com/citations?view_op=view_citation&hl=en&user=-WHTbpUAAAAJ&citation_for_view=-WHTbpUAAAAJ:AXPGKjj_ei8C",
      "authors": "X Xu, S Wang, Z Wang, X Zhang, R Hu",
      "venue": "ACM Transactions on Multimedia Computing, Communications, and Applications …, 2020",
      "year": 2020,
      "citations": 126
    },
    {
      "title": "Illumination-adaptive person re-identification",
      "url": "https://scholar.google.com/citations?view_op=view_citation&hl=en&user=-WHTbpUAAAAJ&citation_for_view=-WHTbpUAAAAJ:D_sINldO8mEC",
      "authors": "Z Zeng, Z Wang, Z Wang, Y Zheng, YY Chuang, S Satoh",
      "venue": "IEEE Transactions on Multimedia, 2020",
      "year": 2020,
      "citations": 122
    },
    {
      "title": "SDL: Spectrum-disentangled representation learning for visible-infrared person re-identification",
      "url": "https://scholar.google.com/citations?view_op=view_citation&hl=en&user=-WHTbpUAAAAJ&citation_for_view=-WHTbpUAAAAJ:J-pR_7NvFogC",
      "authors": "K Kansal, AV Subramanyam, Z Wang, S Satoh",
      "venue": "IEEE Transactions on Circuits and Systems for Video Technology 30 (10), 3422 …, 2020",
      "year": 2020,
      "citations": 109
    },
    {
      "title": "Learning to reduce dual-level discrepancy for infrared-visible person re-identification",
      "url": "https://scholar.google.com/citations?view_op=view_citation&hl=en&user=-WHTbpUAAAAJ&citation_for_view=-WHTbpUAAAAJ:fQNAKQ3IYiAC",
      "authors": "Z Wang, Z Wang, Y Zheng, YY Chuang, S Satoh",
      "venue": "CVPR, 618-626, 2019",
      "year": 2019,
      "citations": 575
    },
    {
      "title": "Bi-directional center-constrained top-ranking for visible thermal person re-identification",
      "url": "https://scholar.google.com/citations?view_op=view_citation&hl=en&user=-WHTbpUAAAAJ&citation_for_view=-WHTbpUAAAAJ:BrmTIyaxlBUC",
      "authors": "M Ye, X Lan, Z Wang, PC Yuen",
      "venue": "IEEE transactions on information forensics and security 15, 407-419, 2019",
      "year": 2019,
      "citations": 379
    },
    {
      "title": "Learning sparse and identity-preserved hidden attributes for person re-identification",
      "url": "https://scholar.google.com/citations?view_op=view_citation&hl=en&user=-WHTbpUAAAAJ&citation_for_view=-WHTbpUAAAAJ:kRWSkSYxWN8C",
      "authors": "Z Wang, J Jiang, Y Wu, M Ye, X Bai, S Satoh",
      "venue": "IEEE Transactions on Image Processing 29, 2013-2025, 2019",
      "year": 2019,
      "citations": 89
    },
    {
      "title": "Visible thermal person re-identification via dual-constrained top-ranking.",
      "url": "https://scholar.google.com/citations?view_op=view_citation&hl=en&user=-WHTbpUAAAAJ&citation_for_view=-WHTbpUAAAAJ:P5F9QuxV20EC",
      "authors": "M Ye, Z Wang, X Lan, PC Yuen",
      "venue": "IJCAI 1, 2, 2018",
      "year": 2018,
      "citations": 487
    },
    {
      "title": "Hyperspectral image classification in the presence of noisy labels",
      "url": "https://scholar.google.com/citations?view_op=view_citation&hl=en&user=-WHTbpUAAAAJ&citation_for_view=-WHTbpUAAAAJ:SP6oXDckpogC",
      "authors": "J Jiang, J Ma, Z Wang, C Chen, X Liu",
      "venue": "IEEE Transactions on Geoscience and Remote Sensing 57 (2), 851-865, 2018",
      "year": 2018,
      "citations": 210
    },
    {
      "title": "Cascaded SR-GAN for scale-adaptive low resolution person re-identification.",
      "url": "https://scholar.google.com/citations?view_op=view_citation&hl=en&user=-WHTbpUAAAAJ&citation_for_view=-WHTbpUAAAAJ:1sJd4Hv_s6UC",
      "authors": "Z Wang, M Ye, F Yang, X Bai, S Satoh",
      "venue": "IJCAI 1 (2), 4, 2018",
      "year": 2018,
      "citations": 138
    },
    {
      "title": "Person reidentification via discrepancy matrix and matrix metric",
      "url": "https://scholar.google.com/citations?view_op=view_citation&hl=en&user=-WHTbpUAAAAJ&citation_for_view=-WHTbpUAAAAJ:dfsIfKJdRG4C",
      "authors": "Z Wang, R Hu, C Chen, Y Yu, J Jiang, C Liang, S Satoh",
      "venue": "IEEE Transactions on Cybernetics 48 (10), 3006-3020, 2017",
      "year": 2017,
      "citations": 91
    },
    {
      "title": "Person reidentification via ranking aggregation of similarity pulling and dissimilarity pushing",
      "url": "https://scholar.google.com/citations?view_op=view_citation&hl=en&user=-WHTbpUAAAAJ&citation_for_view=-WHTbpUAAAAJ:NMxIlDl6LWMC",
      "authors": "M Ye, C Liang, Y Yu, Z Wang, Q Leng, C Xiao, J Chen, R Hu",
      "venue": "IEEE Transactions on Multimedia 18 (12), 2553-2566, 2016",
      "year": 2016,
      "citations": 241
    },
    {
      "title": "SRLSP: A face image super-resolution algorithm using smooth regression with local structure prior",
      "url": "https://scholar.google.com/citations?view_op=view_citation&hl=en&user=-WHTbpUAAAAJ&citation_for_view=-WHTbpUAAAAJ:GnPB-g6toBAC",
      "authors": "J Jiang, C Chen, J Ma, Z Wang, Z Wang, R Hu",
      "venue": "IEEE Transactions on Multimedia 19 (1), 27-40, 2016",
      "year": 2016,
      "citations": 169
    },
    {
      "title": "Noise robust face image super-resolution through smooth sparse representation",
      "url": "https://scholar.google.com/citations?view_op=view_citation&hl=en&user=-WHTbpUAAAAJ&citation_for_view=-WHTbpUAAAAJ:J_g5lzvAfSwC",
      "authors": "J Jiang, J Ma, C Chen, X Jiang, Z Wang",
      "venue": "IEEE Transactions on Cybernetics 47 (11), 3991-4002, 2016",
      "year": 2016,
      "citations": 157
    },
    {
      "title": "Zero-shot person re-identification via cross-view consistency",
      "url": "https://scholar.google.com/citations?view_op=view_citation&hl=en&user=-WHTbpUAAAAJ&citation_for_view=-WHTbpUAAAAJ:9ZlFYXVOiuMC",
      "authors": "Z Wang, R Hu, C Liang, Y Yu, J Jiang, M Ye, J Chen, Q Leng",
      "venue": "IEEE Transactions on Multimedia 18 (2), 260-272, 2015",
      "year": 2015,
      "citations": 178
    }
  ],
  "co_authors": [
    {
      "name": "Shin'ichi Satoh",
      "scholar_id": "7aEF5cQAAAAJ",
      "url": "https://scholar.google.com/citations?user=7aEF5cQAAAAJ"
    },
    {
      "name": "Chia-Wen Lin (林嘉文)",
      "scholar_id": "fXN3dl0AAAAJ",
      "url": "https://scholar.google.com/citations?user=fXN3dl0AAAAJ"
    },
    {
      "name": "Yinqiang Zheng",
      "scholar_id": "JD-5DKcAAAAJ",
      "url": "https://scholar.google.com/citations?user=JD-5DKcAAAAJ"
    },
    {
      "name": "Toshihiko Yamasaki",
      "scholar_id": "rE9iY5MAAAAJ",
      "url": "https://scholar.google.com/citations?user=rE9iY5MAAAAJ"
    },
    {
      "name": "Wenjun (Kevin) Zeng, Ph.D., IEEE Fell...",
      "scholar_id": "_cUfvYQAAAAJ",
      "url": "https://scholar.google.com/citations?user=_cUfvYQAAAAJ"
    },
    {
      "name": "Mohan Kankanhalli",
      "scholar_id": "6Lx_eowAAAAJ",
      "url": "https://scholar.google.com/citations?user=6Lx_eowAAAAJ"
    }
  ]
}