{
  "author_info": {
    "name": "Xuanhua He",
    "affiliation": "The Hong Kong University of Science and Technology",
    "email_verified": "Verified email at connect.ust.hk - Homepage",
    "website": "https://xuanhuahe.github.io/",
    "interests": [
      "low level vision",
      "video generation"
    ],
    "photo_url": "https://scholar.googleusercontent.com/citations?view_op=view_photo&user=-bDAN2YAAAAJ&citpid=4"
  },
  "citation_stats": {
    "citations_all": 570,
    "citations_since_2020": 570,
    "h_index_all": 11,
    "h_index_since_2020": 11,
    "i10_index_all": 12,
    "i10_index_since_2020": 12,
    "citation_graph": [
      {
        "year": 2023,
        "citations": 4
      },
      {
        "year": 2024,
        "citations": 92
      },
      {
        "year": 2025,
        "citations": 468
      }
    ]
  },
  "papers": [
    {
      "title": "Pan-mamba: Effective pan-sharpening with state space model",
      "url": "https://scholar.google.com/citations?view_op=view_citation&hl=en&user=-bDAN2YAAAAJ&citation_for_view=-bDAN2YAAAAJ:qjMakFHDy7sC",
      "authors": "X He, K Cao, J Zhang, K Yan, Y Wang, R Li, C Xie, D Hong, M Zhou",
      "venue": "Information Fusion 115, 102779, 2025",
      "year": 2025,
      "citations": 178
    },
    {
      "title": "Controllable video generation: A survey",
      "url": "https://scholar.google.com/citations?view_op=view_citation&hl=en&user=-bDAN2YAAAAJ&citation_for_view=-bDAN2YAAAAJ:3fE2CSJIrl8C",
      "authors": "Y Ma, K Feng, Z Hu, X Wang, Y Wang, M Zheng, X He, C Zhu, H Liu, Y He, ...",
      "venue": "arXiv preprint arXiv:2507.16869, 2025",
      "year": 2025,
      "citations": 23
    },
    {
      "title": "UNIC: Unified In-Context Video Editing",
      "url": "https://scholar.google.com/citations?view_op=view_citation&hl=en&user=-bDAN2YAAAAJ&citation_for_view=-bDAN2YAAAAJ:5nxA0vEk-isC",
      "authors": "Z Ye, X He, Q Liu, Q Wang, X Wang, P Wan, D Zhang, K Gai, Q Chen, ...",
      "venue": "arXiv preprint arXiv:2506.04216, 2025",
      "year": 2025,
      "citations": 11
    },
    {
      "title": "Relactrl: Relevance-guided efficient control for diffusion transformers",
      "url": "https://scholar.google.com/citations?view_op=view_citation&hl=en&user=-bDAN2YAAAAJ&citation_for_view=-bDAN2YAAAAJ:Se3iqnhoufwC",
      "authors": "K Cao, J Wang, A Ma, J Feng, Z Zhang, X He, S Liu, B Cheng, D Leng, ...",
      "venue": "arXiv preprint arXiv:2502.14377, 2025",
      "year": 2025,
      "citations": 9
    },
    {
      "title": "Learning Diffusion High-Quality Priors for Pan-Sharpening: A Two-Stage Approach With Time-Aware Adapter Fine-Tuning",
      "url": "https://scholar.google.com/citations?view_op=view_citation&hl=en&user=-bDAN2YAAAAJ&citation_for_view=-bDAN2YAAAAJ:roLk4NBRz8UC",
      "authors": "Y Wang, Y Lin, X He, H Zheng, K Yan, L Fan, Y Huang, X Ding",
      "venue": "IEEE Transactions on Geoscience and Remote Sensing, 2025",
      "year": 2025,
      "citations": 7
    },
    {
      "title": "Fulldit2: Efficient in-context conditioning for video diffusion transformers",
      "url": "https://scholar.google.com/citations?view_op=view_citation&hl=en&user=-bDAN2YAAAAJ&citation_for_view=-bDAN2YAAAAJ:0EnyYjriUFMC",
      "authors": "X He, Q Liu, Z Ye, W Ye, Q Wang, X Wang, Q Chen, P Wan, D Zhang, ...",
      "venue": "arXiv preprint arXiv:2506.04213, 2025",
      "year": 2025,
      "citations": 4
    },
    {
      "title": "Towards Generalizable Pan-sharpening: Conditional Flow-based Learning Guided by Implicit High-frequency Priors",
      "url": "https://scholar.google.com/citations?view_op=view_citation&hl=en&user=-bDAN2YAAAAJ&citation_for_view=-bDAN2YAAAAJ:LkGwnXOMwfcC",
      "authors": "Y Wang, H Zheng, F Li, Y Lin, L Fan, X He, Y Huang, X Ding",
      "venue": "IEEE Transactions on Geoscience and Remote Sensing, 2025",
      "year": 2025,
      "citations": 3
    },
    {
      "title": "ContextFlow: Training-Free Video Object Editing via Adaptive Context Enrichment",
      "url": "https://scholar.google.com/citations?view_op=view_citation&hl=en&user=-bDAN2YAAAAJ&citation_for_view=-bDAN2YAAAAJ:ULOm3_A8WrAC",
      "authors": "Y Chen, X He, X Ma, Y Ma",
      "venue": "arXiv preprint arXiv:2509.17818, 2025",
      "year": 2025,
      "citations": 1
    },
    {
      "title": "Id-animator: Zero-shot identity-preserving human video generation",
      "url": "https://scholar.google.com/citations?view_op=view_citation&hl=en&user=-bDAN2YAAAAJ&citation_for_view=-bDAN2YAAAAJ:IjCSPb-OGe4C",
      "authors": "X He, Q Liu, S Qian, X Wang, T Hu, K Cao, K Yan, J Zhang",
      "venue": "arXiv preprint arXiv:2404.15275, 2024",
      "year": 2024,
      "citations": 86
    },
    {
      "title": "Gamegen-x: Interactive open-world game video generation",
      "url": "https://scholar.google.com/citations?view_op=view_citation&hl=en&user=-bDAN2YAAAAJ&citation_for_view=-bDAN2YAAAAJ:_FxGoFyzp5QC",
      "authors": "H Che, X He, Q Liu, C Jin, H Chen",
      "venue": "The Thirteenth International Conference on Learning Representation, 2024",
      "year": 2024,
      "citations": 63
    },
    {
      "title": "Pan-Sharpening With Wavelet-Enhanced High-Frequency Information",
      "url": "https://scholar.google.com/citations?view_op=view_citation&hl=en&user=-bDAN2YAAAAJ&citation_for_view=-bDAN2YAAAAJ:UeHWp8X0CEIC",
      "authors": "J Zhang, X He, K Yan, K Cao, R Li, C Xie, M Zhou, D Hong",
      "venue": "IEEE Transactions on Geoscience and Remote Sensing 62, 1-14, 2024",
      "year": 2024,
      "citations": 29
    },
    {
      "title": "Frequency-adaptive pan-sharpening with mixture of experts",
      "url": "https://scholar.google.com/citations?view_op=view_citation&hl=en&user=-bDAN2YAAAAJ&citation_for_view=-bDAN2YAAAAJ:9yKSN-GCB0IC",
      "authors": "X He, K Yan, R Li, C Xie, J Zhang, M Zhou",
      "venue": "Proceedings of the AAAI Conference on Artificial Intelligence 38 (3), 2121-2129, 2024",
      "year": 2024,
      "citations": 25
    },
    {
      "title": "Cross-modality interaction network for pan-sharpening",
      "url": "https://scholar.google.com/citations?view_op=view_citation&hl=en&user=-bDAN2YAAAAJ&citation_for_view=-bDAN2YAAAAJ:zYLM7Y9cAGgC",
      "authors": "Y Wang, X He, Y Dong, Y Lin, Y Huang, X Ding",
      "venue": "IEEE Transactions on Geoscience and Remote Sensing 62, 1-16, 2024",
      "year": 2024,
      "citations": 22
    },
    {
      "title": "Probing synergistic high-order interaction for multi-modal image fusion",
      "url": "https://scholar.google.com/citations?view_op=view_citation&hl=en&user=-bDAN2YAAAAJ&citation_for_view=-bDAN2YAAAAJ:eQOLeE2rZwMC",
      "authors": "M Zhou, N Zheng, X He, D Hong, J Chanussot",
      "venue": "IEEE Transactions on Pattern Analysis and Machine Intelligence, 2024",
      "year": 2024,
      "citations": 18
    },
    {
      "title": "Enhancing RAW-to-sRGB with decoupled style structure in Fourier domain",
      "url": "https://scholar.google.com/citations?view_op=view_citation&hl=en&user=-bDAN2YAAAAJ&citation_for_view=-bDAN2YAAAAJ:u-x6o8ySG0sC",
      "authors": "X He, T Hu, G Wang, Z Wang, R Wang, Q Zhang, K Yan, Z Chen, R Li, ...",
      "venue": "Proceedings of the AAAI Conference on Artificial Intelligence 38 (3), 2130-2138, 2024",
      "year": 2024,
      "citations": 14
    },
    {
      "title": "Frequency decoupled domain-irrelevant feature learning for pan-sharpening",
      "url": "https://scholar.google.com/citations?view_op=view_citation&hl=en&user=-bDAN2YAAAAJ&citation_for_view=-bDAN2YAAAAJ:WF5omc3nYNoC",
      "authors": "J Zhang, K Cao, K Yan, Y Lin, X He, Y Wang, R Li, C Xie, J Zhang, M Zhou",
      "venue": "IEEE Transactions on Circuits and Systems for Video Technology, 2024",
      "year": 2024,
      "citations": 7
    },
    {
      "title": "Shuffle mamba: State space models with random shuffle for multi-modal image fusion",
      "url": "https://scholar.google.com/citations?view_op=view_citation&hl=en&user=-bDAN2YAAAAJ&citation_for_view=-bDAN2YAAAAJ:W7OEmFMy1HYC",
      "authors": "K Cao, X He, T Hu, C Xie, J Zhang, M Zhou, D Hong",
      "venue": "arXiv preprint arXiv:2409.01728, 2024",
      "year": 2024,
      "citations": 6
    },
    {
      "title": "Spatially-adaptive large-kernel network for efficient image super-resolution",
      "url": "https://scholar.google.com/citations?view_op=view_citation&hl=en&user=-bDAN2YAAAAJ&citation_for_view=-bDAN2YAAAAJ:Y0pCki6q_DkC",
      "authors": "X He, K Cao, T Hu, J Zhang, R Li",
      "venue": "IEEE Signal Processing Letters, 2024",
      "year": 2024,
      "citations": 6
    },
    {
      "title": "Multiscale dual-domain guidance network for pan-sharpening",
      "url": "https://scholar.google.com/citations?view_op=view_citation&hl=en&user=-bDAN2YAAAAJ&citation_for_view=-bDAN2YAAAAJ:d1gkVwhDpl0C",
      "authors": "X He, K Yan, J Zhang, R Li, C Xie, M Zhou, D Hong",
      "venue": "IEEE Transactions on Geoscience and Remote Sensing 61, 1-13, 2023",
      "year": 2023,
      "citations": 37
    },
    {
      "title": "Pyramid dual domain injection network for pan-sharpening",
      "url": "https://scholar.google.com/citations?view_op=view_citation&hl=en&user=-bDAN2YAAAAJ&citation_for_view=-bDAN2YAAAAJ:2osOgNQ5qMEC",
      "authors": "X He, K Yan, R Li, C Xie, J Zhang, M Zhou",
      "venue": "Proceedings of the IEEE/CVF International Conference on Computer Vision …, 2023",
      "year": 2023,
      "citations": 21
    }
  ],
  "co_authors": []
}