{
  "author_info": {
    "name": "Lyudmila Mihaylova",
    "affiliation": "Professor of Signal Processing and Control, University of Sheffield, UK",
    "email_verified": "Verified email at sheffield.ac.uk - Homepage",
    "website": "https://www.sheffield.ac.uk/acse/people/lsm",
    "interests": [
      "Statistical signal processing",
      "Machine learning",
      "Autonomous systems",
      "AI",
      "Complex systems"
    ],
    "photo_url": "https://scholar.googleusercontent.com/citations?view_op=view_photo&user=-tI15hMAAAAJ&citpid=20"
  },
  "citation_stats": {
    "citations_all": 9036,
    "citations_since_2020": 4893,
    "h_index_all": 50,
    "h_index_since_2020": 35,
    "i10_index_all": 170,
    "i10_index_since_2020": 115,
    "citation_graph": [
      {
        "year": 2005,
        "citations": 36
      },
      {
        "year": 2006,
        "citations": 37
      },
      {
        "year": 2007,
        "citations": 66
      },
      {
        "year": 2008,
        "citations": 94
      },
      {
        "year": 2009,
        "citations": 112
      },
      {
        "year": 2010,
        "citations": 162
      },
      {
        "year": 2011,
        "citations": 205
      },
      {
        "year": 2012,
        "citations": 261
      },
      {
        "year": 2013,
        "citations": 331
      },
      {
        "year": 2014,
        "citations": 340
      },
      {
        "year": 2015,
        "citations": 397
      },
      {
        "year": 2016,
        "citations": 420
      },
      {
        "year": 2017,
        "citations": 466
      },
      {
        "year": 2018,
        "citations": 511
      },
      {
        "year": 2019,
        "citations": 554
      },
      {
        "year": 2020,
        "citations": 730
      },
      {
        "year": 2021,
        "citations": 743
      },
      {
        "year": 2022,
        "citations": 819
      },
      {
        "year": 2023,
        "citations": 843
      },
      {
        "year": 2024,
        "citations": 909
      },
      {
        "year": 2025,
        "citations": 835
      }
    ]
  },
  "papers": [
    {
      "title": "A deep learning-enhanced Digital Twin framework for improving safety and reliability in human–robot collaborative manufacturing",
      "url": "https://scholar.google.com/citations?view_op=view_citation&hl=en&user=-tI15hMAAAAJ&citation_for_view=-tI15hMAAAAJ:m92CDrhVnKEC",
      "authors": "S Wang, J Zhang, P Wang, J Law, R Calinescu, L Mihaylova",
      "venue": "Robotics and computer-integrated manufacturing 85, 102608, 2024",
      "year": 2024,
      "citations": 153
    },
    {
      "title": "Weighted transfer learning for improving motor imagery-based brain–computer interface",
      "url": "https://scholar.google.com/citations?view_op=view_citation&hl=en&user=-tI15hMAAAAJ&citation_for_view=-tI15hMAAAAJ:KNjnJ3z-R6IC",
      "authors": "AM Azab, L Mihaylova, KK Ang, M Arvaneh",
      "venue": "IEEE Transactions on Neural Systems and Rehabilitation Engineering 27 (7 …, 2019",
      "year": 2019,
      "citations": 196
    },
    {
      "title": "Toward efficient energy systems based on natural gas consumption prediction with LSTM Recurrent Neural Networks",
      "url": "https://scholar.google.com/citations?view_op=view_citation&hl=en&user=-tI15hMAAAAJ&citation_for_view=-tI15hMAAAAJ:OBSaB-F7qqsC",
      "authors": "O Laib, MT Khadir, L Mihaylova",
      "venue": "Energy 177, 530-542, 2019",
      "year": 2019,
      "citations": 159
    },
    {
      "title": "A review of point set registration: From pairwise registration to groupwise registration",
      "url": "https://scholar.google.com/citations?view_op=view_citation&hl=en&user=-tI15hMAAAAJ&citation_for_view=-tI15hMAAAAJ:-7ulzOJl1JYC",
      "authors": "H Zhu, B Guo, K Zou, Y Li, KV Yuen, L Mihaylova, H Leung",
      "venue": "Sensors 19 (5), 1191, 2019",
      "year": 2019,
      "citations": 117
    },
    {
      "title": "Wildlife surveillance using deep learning methods",
      "url": "https://scholar.google.com/citations?view_op=view_citation&hl=en&user=-tI15hMAAAAJ&citation_for_view=-tI15hMAAAAJ:ce2CqMG-AY4C",
      "authors": "R Chen, R Little, L Mihaylova, R Delahay, R Cox",
      "venue": "Ecology and evolution 9 (17), 9453-9466, 2019",
      "year": 2019,
      "citations": 101
    },
    {
      "title": "Overview of environment perception for intelligent vehicles",
      "url": "https://scholar.google.com/citations?view_op=view_citation&hl=en&user=-tI15hMAAAAJ&citation_for_view=-tI15hMAAAAJ:OcBU2YAGkTUC",
      "authors": "H Zhu, KV Yuen, L Mihaylova, H Leung",
      "venue": "IEEE Transactions on Intelligent Transportation Systems 18 (10), 2584-2601, 2017",
      "year": 2017,
      "citations": 454
    },
    {
      "title": "Overview of Bayesian sequential Monte Carlo methods for group and extended object tracking",
      "url": "https://scholar.google.com/citations?view_op=view_citation&hl=en&user=-tI15hMAAAAJ&citation_for_view=-tI15hMAAAAJ:j8SEvjWlNXcC",
      "authors": "L Mihaylova, AY Carmi, F Septier, A Gning, SK Pang, S Godsill",
      "venue": "Digital Signal Processing 25, 1-16, 2014",
      "year": 2014,
      "citations": 277
    },
    {
      "title": "Sequential Monte Carlo methods for state and parameter estimation in abruptly changing environments",
      "url": "https://scholar.google.com/citations?view_op=view_citation&hl=en&user=-tI15hMAAAAJ&citation_for_view=-tI15hMAAAAJ:VLnqNzywnoUC",
      "authors": "C Nemeth, P Fearnhead, L Mihaylova",
      "venue": "IEEE Transactions on Signal Processing 62 (5), 1245-1255, 2013",
      "year": 2013,
      "citations": 107
    },
    {
      "title": "Particle Filtering Combined with Interval Methods for Tracking Applications, Ch. 2 in: Integrated tracking, Classification, and Sensor Management: theory and applications …",
      "url": "https://scholar.google.com/citations?view_op=view_citation&hl=en&user=-tI15hMAAAAJ&citation_for_view=-tI15hMAAAAJ:buQ7SEKw-1sC",
      "authors": "A. Gning, L. Mihaylova, F. Abdallah, B. Ristic",
      "venue": "John Wiley & Sons, 2012",
      "year": 2012,
      "citations": 166
    },
    {
      "title": "Bernoulli particle/box-particle filters for detection and tracking in the presence of triple measurement uncertainty",
      "url": "https://scholar.google.com/citations?view_op=view_citation&hl=en&user=-tI15hMAAAAJ&citation_for_view=-tI15hMAAAAJ:dshw04ExmUIC",
      "authors": "A Gning, B Ristic, L Mihaylova",
      "venue": "IEEE Transactions on Signal Processing 60 (5), 2138-2151, 2012",
      "year": 2012,
      "citations": 113
    },
    {
      "title": "Group object structure and state estimation with evolving networks and Monte Carlo methods",
      "url": "https://scholar.google.com/citations?view_op=view_citation&hl=en&user=-tI15hMAAAAJ&citation_for_view=-tI15hMAAAAJ:7PzlFSSx8tAC",
      "authors": "A Gning, L Mihaylova, S Maskell, SK Pang, S Godsill",
      "venue": "IEEE Transactions on Signal Processing 59 (4), 1383-1396, 2010",
      "year": 2010,
      "citations": 110
    },
    {
      "title": "Extended object tracking using Monte Carlo methods",
      "url": "https://scholar.google.com/citations?view_op=view_citation&hl=en&user=-tI15hMAAAAJ&citation_for_view=-tI15hMAAAAJ:IjCSPb-OGe4C",
      "authors": "D Angelova, L Mihaylova",
      "venue": "IEEE Transactions on Signal Processing 56 (2), 825-832, 2008",
      "year": 2008,
      "citations": 116
    },
    {
      "title": "Freeway traffic estimation within particle filtering framework",
      "url": "https://scholar.google.com/citations?view_op=view_citation&hl=en&user=-tI15hMAAAAJ&citation_for_view=-tI15hMAAAAJ:2osOgNQ5qMEC",
      "authors": "L Mihaylova, R Boel, A Hegyi",
      "venue": "Automatica 43 (2), 290-300, 2007",
      "year": 2007,
      "citations": 248
    },
    {
      "title": "Sequential Monte Carlo tracking by fusing multiple cues in video sequences",
      "url": "https://scholar.google.com/citations?view_op=view_citation&hl=en&user=-tI15hMAAAAJ&citation_for_view=-tI15hMAAAAJ:u-x6o8ySG0sC",
      "authors": "P Brasnett, L Mihaylova, D Bull, N Canagarajah",
      "venue": "Image and vision computing 25 (8), 1217-1227, 2007",
      "year": 2007,
      "citations": 244
    },
    {
      "title": "Mobility tracking in cellular networks using particle filtering",
      "url": "https://scholar.google.com/citations?view_op=view_citation&hl=en&user=-tI15hMAAAAJ&citation_for_view=-tI15hMAAAAJ:d1gkVwhDpl0C",
      "authors": "L Mihaylova, D Angelova, S Honary, DR Bull, CN Canagarajah, B Ristic",
      "venue": "IEEE Transactions on Wireless Communications 6 (10), 3589-3599, 2007",
      "year": 2007,
      "citations": 137
    },
    {
      "title": "A compositional stochastic model for real time freeway traffic simulation",
      "url": "https://scholar.google.com/citations?view_op=view_citation&hl=en&user=-tI15hMAAAAJ&citation_for_view=-tI15hMAAAAJ:qjMakFHDy7sC",
      "authors": "R Boel, L Mihaylova",
      "venue": "Transportation Research Part B: Methodological 40 (4), 319-334, 2006",
      "year": 2006,
      "citations": 169
    },
    {
      "title": "Multiple object tracking using particle filters",
      "url": "https://scholar.google.com/citations?view_op=view_citation&hl=en&user=-tI15hMAAAAJ&citation_for_view=-tI15hMAAAAJ:zYLM7Y9cAGgC",
      "authors": "M Jaward, L Mihaylova, N Canagarajah, D Bull",
      "venue": "2006 IEEE Aerospace Conference, 8 pp., 2006",
      "year": 2006,
      "citations": 121
    },
    {
      "title": "Structural similarity-based object tracking in video sequences",
      "url": "https://scholar.google.com/citations?view_op=view_citation&hl=en&user=-tI15hMAAAAJ&citation_for_view=-tI15hMAAAAJ:W7OEmFMy1HYC",
      "authors": "A Loza, L Mihaylova, N Canagarajah, D Bull",
      "venue": "2006 9th International Conference on Information Fusion, 1-6, 2006",
      "year": 2006,
      "citations": 105
    },
    {
      "title": "A particle filter for freeway traffic estimation",
      "url": "https://scholar.google.com/citations?view_op=view_citation&hl=en&user=-tI15hMAAAAJ&citation_for_view=-tI15hMAAAAJ:UeHWp8X0CEIC",
      "authors": "L Mihaylova, R Boel",
      "venue": "2004 43rd IEEE Conference on Decision and Control (CDC)(IEEE Cat. No …, 2004",
      "year": 2004,
      "citations": 113
    },
    {
      "title": "A comparison of decision making criteria and optimization methods for active robotic sensing",
      "url": "https://scholar.google.com/citations?view_op=view_citation&hl=en&user=-tI15hMAAAAJ&citation_for_view=-tI15hMAAAAJ:fEOibwPWpKIC",
      "authors": "L Mihaylova, T Lefebvre, H Bruyninckx, K Gadeyne, J De Schutter",
      "venue": "International Conference on Numerical Methods and Applications, 316-324, 2002",
      "year": 2002,
      "citations": 185
    }
  ],
  "co_authors": [
    {
      "name": "Amadou Gning",
      "scholar_id": "Q0jhTQQAAAAJ",
      "url": "https://scholar.google.com/citations?user=Q0jhTQQAAAAJ"
    },
    {
      "name": "donka angelova",
      "scholar_id": "jQ9JQd4AAAAJ",
      "url": "https://scholar.google.com/citations?user=jQ9JQd4AAAAJ"
    },
    {
      "name": "David Bull",
      "scholar_id": "WraDXlkAAAAJ",
      "url": "https://scholar.google.com/citations?user=WraDXlkAAAAJ"
    },
    {
      "name": "Peng Wang",
      "scholar_id": "ZOhomxwAAAAJ",
      "url": "https://scholar.google.com/citations?user=ZOhomxwAAAAJ"
    },
    {
      "name": "Simon Godsill",
      "scholar_id": "vmcOEc0AAAAJ",
      "url": "https://scholar.google.com/citations?user=vmcOEc0AAAAJ"
    },
    {
      "name": "Mahnaz Arvaneh",
      "scholar_id": "HBxF7nAAAAAJ",
      "url": "https://scholar.google.com/citations?user=HBxF7nAAAAAJ"
    },
    {
      "name": "Francois Septier",
      "scholar_id": "zGqIh9UAAAAJ",
      "url": "https://scholar.google.com/citations?user=zGqIh9UAAAAJ"
    },
    {
      "name": "Jonathon A Chambers",
      "scholar_id": "UeOcj28AAAAJ",
      "url": "https://scholar.google.com/citations?user=UeOcj28AAAAJ"
    },
    {
      "name": "Harish Bhaskar",
      "scholar_id": "dvyg1KAAAAAJ",
      "url": "https://scholar.google.com/citations?user=dvyg1KAAAAAJ"
    },
    {
      "name": "Avishy Carmi",
      "scholar_id": "cgzKwu4AAAAJ",
      "url": "https://scholar.google.com/citations?user=cgzKwu4AAAAJ"
    },
    {
      "name": "Olga Isupova",
      "scholar_id": "QgXMiksAAAAJ",
      "url": "https://scholar.google.com/citations?user=QgXMiksAAAAJ"
    },
    {
      "name": "Hao Zhu",
      "scholar_id": "wOf1Ez8AAAAJ",
      "url": "https://scholar.google.com/citations?user=wOf1Ez8AAAAJ"
    },
    {
      "name": "Nidhal Carla Bouaynaya",
      "scholar_id": "Cja4jlYAAAAJ",
      "url": "https://scholar.google.com/citations?user=Cja4jlYAAAAJ"
    },
    {
      "name": "Allan De Freitas",
      "scholar_id": "lOpkjecAAAAJ",
      "url": "https://scholar.google.com/citations?user=lOpkjecAAAAJ"
    },
    {
      "name": "Simon Maskell",
      "scholar_id": "p1OtmlsAAAAJ",
      "url": "https://scholar.google.com/citations?user=p1OtmlsAAAAJ"
    },
    {
      "name": "Branko Ristic",
      "scholar_id": "5boTjFAAAAAJ",
      "url": "https://scholar.google.com/citations?user=5boTjFAAAAAJ"
    },
    {
      "name": "Hayder Amer",
      "scholar_id": "ZUGEnv8AAAAJ",
      "url": "https://scholar.google.com/citations?user=ZUGEnv8AAAAJ"
    },
    {
      "name": "Le Yang",
      "scholar_id": "l-xC8hMAAAAJ",
      "url": "https://scholar.google.com/citations?user=l-xC8hMAAAAJ"
    },
    {
      "name": "Sean R Anderson",
      "scholar_id": "QElTKwkAAAAJ",
      "url": "https://scholar.google.com/citations?user=QElTKwkAAAAJ"
    },
    {
      "name": "Fabrice LE BARS",
      "scholar_id": "55q_3FsAAAAJ",
      "url": "https://scholar.google.com/citations?user=55q_3FsAAAAJ"
    }
  ]
}