{
  "author_info": {
    "name": "Peiliang Gong",
    "affiliation": "Nanyang Technological University; A*STAR",
    "email_verified": "Verified email at nuaa.edu.cn - Homepage",
    "website": "https://tokenmw.github.io/",
    "interests": [
      "Time Series",
      "Brain-Computer Interfaces",
      "Domain Adaptation",
      "Foundation Models"
    ],
    "photo_url": "https://scholar.googleusercontent.com/citations?view_op=view_photo&user=0AQhhVQAAAAJ&citpid=3"
  },
  "citation_stats": {
    "citations_all": 370,
    "citations_since_2020": 370,
    "h_index_all": 11,
    "h_index_since_2020": 11,
    "i10_index_all": 12,
    "i10_index_since_2020": 12,
    "citation_graph": [
      {
        "year": 2020,
        "citations": 5
      },
      {
        "year": 2021,
        "citations": 6
      },
      {
        "year": 2022,
        "citations": 1
      },
      {
        "year": 2023,
        "citations": 24
      },
      {
        "year": 2024,
        "citations": 118
      },
      {
        "year": 2025,
        "citations": 206
      }
    ]
  },
  "papers": [
    {
      "title": "Attention detection using EEG signals and machine learning: a review",
      "url": "https://scholar.google.com/citations?view_op=view_citation&hl=en&user=0AQhhVQAAAAJ&citation_for_view=0AQhhVQAAAAJ:ULOm3_A8WrAC",
      "authors": "Q Sun, Y Zhou, P Gong, D Zhang",
      "venue": "Machine Intelligence Research 22 (2), 219-238, 2025",
      "year": 2025,
      "citations": 6
    },
    {
      "title": "Evidentially calibrated source-free time-series domain adaptation with temporal imputation",
      "url": "https://scholar.google.com/citations?view_op=view_citation&hl=en&user=0AQhhVQAAAAJ&citation_for_view=0AQhhVQAAAAJ:kNdYIx-mwKoC",
      "authors": "M Ragab, P Gong, E Eldele, W Zhang, M Wu, CS Foo, D Zhang, X Li, ...",
      "venue": "IEEE Transactions on Knowledge and Data Engineering, 2025",
      "year": 2025,
      "citations": 5
    },
    {
      "title": "Augmented Contrastive Clustering with Uncertainty-Aware Prototyping for Time Series Test Time Adaptation",
      "url": "https://scholar.google.com/citations?view_op=view_citation&hl=en&user=0AQhhVQAAAAJ&citation_for_view=0AQhhVQAAAAJ:YOwf2qJgpHMC",
      "authors": "P Gong, M Ragab, M Wu, Z Chen, Y Su, X Li, D Zhang",
      "venue": "2025 ACM SIGKDD International Conference on Knowledge Discovery and Data Mining, 2025",
      "year": 2025,
      "citations": 4
    },
    {
      "title": "Cross-subject mental workload recognition using bi-classifier domain adversarial learning",
      "url": "https://scholar.google.com/citations?view_op=view_citation&hl=en&user=0AQhhVQAAAAJ&citation_for_view=0AQhhVQAAAAJ:_kc_bZDykSQC",
      "authors": "Y Zhou, P Wang, P Gong, P Wan, X Wen, D Zhang",
      "venue": "Cognitive Neurodynamics 19 (1), 16, 2025",
      "year": 2025,
      "citations": 2
    },
    {
      "title": "Tfac-net: A temporal-frequential attentional convolutional network for driver drowsiness recognition with single-channel eeg",
      "url": "https://scholar.google.com/citations?view_op=view_citation&hl=en&user=0AQhhVQAAAAJ&citation_for_view=0AQhhVQAAAAJ:UebtZRa9Y70C",
      "authors": "P Gong, P Wang, Y Zhou, X Wen, D Zhang",
      "venue": "IEEE Transactions on Intelligent Transportation Systems 25 (7), 7004-7016, 2024",
      "year": 2024,
      "citations": 25
    },
    {
      "title": "Speech imagery decoding using EEG signals and deep learning: A survey",
      "url": "https://scholar.google.com/citations?view_op=view_citation&hl=en&user=0AQhhVQAAAAJ&citation_for_view=0AQhhVQAAAAJ:5nxA0vEk-isC",
      "authors": "L Zhang, Y Zhou, P Gong, D Zhang",
      "venue": "IEEE Transactions on Cognitive and Developmental Systems, 2024",
      "year": 2024,
      "citations": 19
    },
    {
      "title": "CLIP-guided Source-free Object Detection in Aerial Images",
      "url": "https://scholar.google.com/citations?view_op=view_citation&hl=en&user=0AQhhVQAAAAJ&citation_for_view=0AQhhVQAAAAJ:roLk4NBRz8UC",
      "authors": "N Liu, X Xu, Y Su, C Liu, P Gong, HC Li",
      "venue": "The International Geoscience and Remote Sensing Symposium (IGARSS) 2024, 2024",
      "year": 2024,
      "citations": 12
    },
    {
      "title": "A dual-adversarial model for cross-time and cross-subject cognitive workload decoding",
      "url": "https://scholar.google.com/citations?view_op=view_citation&hl=en&user=0AQhhVQAAAAJ&citation_for_view=0AQhhVQAAAAJ:0EnyYjriUFMC",
      "authors": "Y Shao, Y Zhou, P Gong, Q Sun, D Zhang",
      "venue": "IEEE Transactions on Neural Systems and Rehabilitation Engineering 32, 2324-2335, 2024",
      "year": 2024,
      "citations": 8
    },
    {
      "title": "Temporal source recovery for time-series source-free unsupervised domain adaptation",
      "url": "https://scholar.google.com/citations?view_op=view_citation&hl=en&user=0AQhhVQAAAAJ&citation_for_view=0AQhhVQAAAAJ:3fE2CSJIrl8C",
      "authors": "Y Wang, P Gong, M Wu, F Ott, X Li, L Xie, Z Chen",
      "venue": "arXiv preprint arXiv:2409.19635, 2024",
      "year": 2024,
      "citations": 7
    },
    {
      "title": "A spiking neural network with adaptive graph convolution and LSTM for EEG-based brain-computer interfaces",
      "url": "https://scholar.google.com/citations?view_op=view_citation&hl=en&user=0AQhhVQAAAAJ&citation_for_view=0AQhhVQAAAAJ:UeHWp8X0CEIC",
      "authors": "P Gong, P Wang, Y Zhou, D Zhang",
      "venue": "IEEE Transactions on Neural Systems and Rehabilitation Engineering 31, 1440-1450, 2023",
      "year": 2023,
      "citations": 92
    },
    {
      "title": "Cross-subject cognitive workload recognition based on EEG and deep domain adaptation",
      "url": "https://scholar.google.com/citations?view_op=view_citation&hl=en&user=0AQhhVQAAAAJ&citation_for_view=0AQhhVQAAAAJ:W7OEmFMy1HYC",
      "authors": "Y Zhou, P Wang, P Gong, F Wei, X Wen, X Wu, D Zhang",
      "venue": "IEEE Transactions on Instrumentation and Measurement 72, 1-12, 2023",
      "year": 2023,
      "citations": 42
    },
    {
      "title": "ASTDF-net: attention-based spatial-temporal dual-stream fusion network for EEG-based emotion recognition",
      "url": "https://scholar.google.com/citations?view_op=view_citation&hl=en&user=0AQhhVQAAAAJ&citation_for_view=0AQhhVQAAAAJ:eQOLeE2rZwMC",
      "authors": "P Gong, Z Jia, P Wang, Y Zhou, D Zhang",
      "venue": "Proceedings of the 31st ACM international conference on multimedia, 883-892, 2023",
      "year": 2023,
      "citations": 41
    },
    {
      "title": "A temporal-spectral fused and attention-based deep model for automatic sleep staging",
      "url": "https://scholar.google.com/citations?view_op=view_citation&hl=en&user=0AQhhVQAAAAJ&citation_for_view=0AQhhVQAAAAJ:2osOgNQ5qMEC",
      "authors": "G Fu, Y Zhou, P Gong, P Wang, W Shao, D Zhang",
      "venue": "IEEE transactions on neural systems and rehabilitation engineering 31, 1008-1018, 2023",
      "year": 2023,
      "citations": 29
    },
    {
      "title": "A comprehensive review on motion trajectory reconstruction for EEG-based brain-computer interface",
      "url": "https://scholar.google.com/citations?view_op=view_citation&hl=en&user=0AQhhVQAAAAJ&citation_for_view=0AQhhVQAAAAJ:Y0pCki6q_DkC",
      "authors": "P Wang, X Cao, Y Zhou, P Gong, M Yousefnezhad, W Shao, D Zhang",
      "venue": "Frontiers in neuroscience 17, 1086472, 2023",
      "year": 2023,
      "citations": 15
    },
    {
      "title": "MTRT: Motion trajectory reconstruction transformer for EEG-based BCI decoding",
      "url": "https://scholar.google.com/citations?view_op=view_citation&hl=en&user=0AQhhVQAAAAJ&citation_for_view=0AQhhVQAAAAJ:zYLM7Y9cAGgC",
      "authors": "P Wang, Z Li, P Gong, Y Zhou, F Chen, D Zhang",
      "venue": "IEEE Transactions on Neural Systems and Rehabilitation Engineering 31, 2349-2358, 2023",
      "year": 2023,
      "citations": 11
    },
    {
      "title": "Cross-operator Cognitive Workload Recognition Based on Convolutional Neural Network and Domain Generalization",
      "url": "https://scholar.google.com/citations?view_op=view_citation&hl=en&user=0AQhhVQAAAAJ&citation_for_view=0AQhhVQAAAAJ:Tyk-4Ss8FVUC",
      "authors": "Y ZHOU, P GONG, P WANG, X WEN, D ZHANG",
      "venue": "电子与信息学报 45 (8), 2796-2805, 2023",
      "year": 2023,
      "citations": 3
    },
    {
      "title": "Decoding the continuous motion imagery trajectories of upper limb skeleton points for EEG-based brain–computer interface",
      "url": "https://scholar.google.com/citations?view_op=view_citation&hl=en&user=0AQhhVQAAAAJ&citation_for_view=0AQhhVQAAAAJ:9yKSN-GCB0IC",
      "authors": "P Wang, P Gong, Y Zhou, X Wen, D Zhang",
      "venue": "IEEE Transactions on Instrumentation and Measurement 72, 1-12, 2022",
      "year": 2022,
      "citations": 18
    },
    {
      "title": "Deep Domain Adaptation for EEG-Based Cross-Subject Cognitive Workload Recognition",
      "url": "https://scholar.google.com/citations?view_op=view_citation&hl=en&user=0AQhhVQAAAAJ&citation_for_view=0AQhhVQAAAAJ:IjCSPb-OGe4C",
      "authors": "Y Zhou, P Wang, P Gong, Y Liu, X Wen, X Wu, D Zhang",
      "venue": "International Conference on Neural Information Processing, 231-242, 2022",
      "year": 2022,
      "citations": 2
    },
    {
      "title": "Hopf bifurcation and turing instability analysis for the Gierer–Meinhardt model of the depletion type",
      "url": "https://scholar.google.com/citations?view_op=view_citation&hl=en&user=0AQhhVQAAAAJ&citation_for_view=0AQhhVQAAAAJ:u-x6o8ySG0sC",
      "authors": "L Gu, P Gong, H Wang",
      "venue": "Discrete Dynamics in Nature and Society 2020 (1), 5293748, 2020",
      "year": 2020,
      "citations": 10
    },
    {
      "title": "Neighborhood adaptive graph convolutional network for node classification",
      "url": "https://scholar.google.com/citations?view_op=view_citation&hl=en&user=0AQhhVQAAAAJ&citation_for_view=0AQhhVQAAAAJ:d1gkVwhDpl0C",
      "authors": "P Gong, L Ai",
      "venue": "IEEE Access 7, 170578-170588, 2019",
      "year": 2019,
      "citations": 15
    }
  ],
  "co_authors": [
    {
      "name": "Daoqiang Zhang",
      "scholar_id": "6zCAGLcAAAAJ",
      "url": "https://scholar.google.com/citations?user=6zCAGLcAAAAJ"
    },
    {
      "name": "ZHENGHUA CHEN",
      "scholar_id": "WUgu3nwAAAAJ",
      "url": "https://scholar.google.com/citations?user=WUgu3nwAAAAJ"
    },
    {
      "name": "Wu Min",
      "scholar_id": "Hji1uWQAAAAJ",
      "url": "https://scholar.google.com/citations?user=Hji1uWQAAAAJ"
    },
    {
      "name": "Xiaoli Li (李晓黎)",
      "scholar_id": "E3yQKloAAAAJ",
      "url": "https://scholar.google.com/citations?user=E3yQKloAAAAJ"
    },
    {
      "name": "WANG Yucheng",
      "scholar_id": "fYdXtSoAAAAJ",
      "url": "https://scholar.google.com/citations?user=fYdXtSoAAAAJ"
    },
    {
      "name": "Yongyi Su",
      "scholar_id": "0MDbs-8AAAAJ",
      "url": "https://scholar.google.com/citations?user=0MDbs-8AAAAJ"
    },
    {
      "name": "Nanqing Liu",
      "scholar_id": "x3dCJrAAAAAJ",
      "url": "https://scholar.google.com/citations?user=x3dCJrAAAAAJ"
    },
    {
      "name": "Emadeldeen Eldele",
      "scholar_id": "2LdeHIYAAAAJ",
      "url": "https://scholar.google.com/citations?user=2LdeHIYAAAAJ"
    },
    {
      "name": "Chuan-Sheng Foo",
      "scholar_id": "AgbeqGkAAAAJ",
      "url": "https://scholar.google.com/citations?user=AgbeqGkAAAAJ"
    },
    {
      "name": "Mohamed Ragab",
      "scholar_id": "nNeT_NUAAAAJ",
      "url": "https://scholar.google.com/citations?user=nNeT_NUAAAAJ"
    }
  ]
}