{
  "author_info": {
    "name": "Fadime Sener",
    "affiliation": "Meta Superintelligence Labs",
    "email_verified": "Verified email at cs.uni-bonn.de - Homepage",
    "website": "https://fadimesener.github.io/",
    "interests": [
      "Computer Vision",
      "Machine Learning"
    ],
    "photo_url": "https://scholar.googleusercontent.com/citations?view_op=view_photo&user=-juoweoAAAAJ&citpid=12"
  },
  "citation_stats": {
    "citations_all": 1483,
    "citations_since_2020": 1381,
    "h_index_all": 15,
    "h_index_since_2020": 14,
    "i10_index_all": 17,
    "i10_index_since_2020": 17,
    "citation_graph": [
      {
        "year": 2013,
        "citations": 4
      },
      {
        "year": 2014,
        "citations": 6
      },
      {
        "year": 2015,
        "citations": 3
      },
      {
        "year": 2016,
        "citations": 13
      },
      {
        "year": 2017,
        "citations": 14
      },
      {
        "year": 2018,
        "citations": 19
      },
      {
        "year": 2019,
        "citations": 34
      },
      {
        "year": 2020,
        "citations": 51
      },
      {
        "year": 2021,
        "citations": 109
      },
      {
        "year": 2022,
        "citations": 141
      },
      {
        "year": 2023,
        "citations": 215
      },
      {
        "year": 2024,
        "citations": 396
      },
      {
        "year": 2025,
        "citations": 465
      }
    ]
  },
  "papers": [
    {
      "title": "Spatial and temporal beliefs for mistake detection in assembly tasks",
      "url": "https://scholar.google.com/citations?view_op=view_citation&hl=en&user=-juoweoAAAAJ&citation_for_view=-juoweoAAAAJ:bEWYMUwI8FkC",
      "authors": "G Ding, F Sener, S Ma, A Yao",
      "venue": "Computer Vision and Image Understanding 254, 104338, 2025",
      "year": 2025,
      "citations": 22
    },
    {
      "title": "Diffh2o: Diffusion-based synthesis of hand-object interactions from textual descriptions",
      "url": "https://scholar.google.com/citations?view_op=view_citation&hl=en&user=-juoweoAAAAJ&citation_for_view=-juoweoAAAAJ:RHpTSmoSYBkC",
      "authors": "S Christen, S Hampali, F Sener, E Remelli, T Hodan, E Sauser, S Ma, ...",
      "venue": "SIGGRAPH Asia 2024 Conference Papers, 1-11, 2024",
      "year": 2024,
      "citations": 35
    },
    {
      "title": "On the utility of 3d hand poses for action recognition",
      "url": "https://scholar.google.com/citations?view_op=view_citation&hl=en&user=-juoweoAAAAJ&citation_for_view=-juoweoAAAAJ:R3hNpaxXUhUC",
      "authors": "MS Shamil, D Chatterjee, F Sener, S Ma, A Yao",
      "venue": "European Conference on Computer Vision, 436-454, 2024",
      "year": 2024,
      "citations": 14
    },
    {
      "title": "X-MIC: Cross-Modal Instance Conditioning for Egocentric Action Generalization",
      "url": "https://scholar.google.com/citations?view_op=view_citation&hl=en&user=-juoweoAAAAJ&citation_for_view=-juoweoAAAAJ:TFP_iSt0sucC",
      "authors": "A Kukleva, F Sener, E Remelli, B Tekin, E Sauser, B Schiele, S Ma",
      "venue": "Proceedings of the IEEE/CVF Conference on Computer Vision and Pattern …, 2024",
      "year": 2024,
      "citations": 7
    },
    {
      "title": "Temporal action segmentation: An analysis of modern techniques",
      "url": "https://scholar.google.com/citations?view_op=view_citation&hl=en&user=-juoweoAAAAJ&citation_for_view=-juoweoAAAAJ:7PzlFSSx8tAC",
      "authors": "G Ding, F Sener, A Yao",
      "venue": "IEEE Transactions on Pattern Analysis and Machine Intelligence 46 (2), 1011-1030, 2023",
      "year": 2023,
      "citations": 141
    },
    {
      "title": "Assemblyhands: Towards egocentric activity understanding via 3d hand pose estimation",
      "url": "https://scholar.google.com/citations?view_op=view_citation&hl=en&user=-juoweoAAAAJ&citation_for_view=-juoweoAAAAJ:qUcmZB5y_30C",
      "authors": "T Ohkawa, K He, F Sener, T Hodan, L Tran, C Keskin",
      "venue": "Proceedings of the IEEE/CVF conference on computer vision and pattern …, 2023",
      "year": 2023,
      "citations": 94
    },
    {
      "title": "Opening the vocabulary of egocentric actions",
      "url": "https://scholar.google.com/citations?view_op=view_citation&hl=en&user=-juoweoAAAAJ&citation_for_view=-juoweoAAAAJ:-f6ydRqryjwC",
      "authors": "D Chatterjee, F Sener, S Ma, A Yao",
      "venue": "Advances in Neural Information Processing Systems 36, 33174-33187, 2023",
      "year": 2023,
      "citations": 29
    },
    {
      "title": "Assembly101: A large-scale multi-view video dataset for understanding procedural activities",
      "url": "https://scholar.google.com/citations?view_op=view_citation&hl=en&user=-juoweoAAAAJ&citation_for_view=-juoweoAAAAJ:9ZlFYXVOiuMC",
      "authors": "F Sener, D Chatterjee, D Shelepov, K He, D Singhania, R Wang, A Yao",
      "venue": "Proceedings of the IEEE/CVF Conference on Computer Vision and Pattern …, 2022",
      "year": 2022,
      "citations": 333
    },
    {
      "title": "Transferring knowledge from text to video: Zero-shot anticipation for procedural actions",
      "url": "https://scholar.google.com/citations?view_op=view_citation&hl=en&user=-juoweoAAAAJ&citation_for_view=-juoweoAAAAJ:L8Ckcad2t8MC",
      "authors": "F Sener, R Saraf, A Yao",
      "venue": "IEEE transactions on pattern analysis and machine intelligence 45 (6), 7836-7852, 2022",
      "year": 2022,
      "citations": 25
    },
    {
      "title": "Technical report: Temporal aggregate representations",
      "url": "https://scholar.google.com/citations?view_op=view_citation&hl=en&user=-juoweoAAAAJ&citation_for_view=-juoweoAAAAJ:4DMP91E08xMC",
      "authors": "F Sener, D Chatterjee, A Yao",
      "venue": "arXiv preprint arXiv:2106.03152, 2021",
      "year": 2021,
      "citations": 13
    },
    {
      "title": "Temporal aggregate representations for long-range video understanding",
      "url": "https://scholar.google.com/citations?view_op=view_citation&hl=en&user=-juoweoAAAAJ&citation_for_view=-juoweoAAAAJ:M3ejUd6NZC8C",
      "authors": "F Sener, D Singhania, A Yao",
      "venue": "European conference on computer vision, 154-171, 2020",
      "year": 2020,
      "citations": 210
    },
    {
      "title": "Unsupervised learning of action classes with continuous temporal embedding",
      "url": "https://scholar.google.com/citations?view_op=view_citation&hl=en&user=-juoweoAAAAJ&citation_for_view=-juoweoAAAAJ:0EnyYjriUFMC",
      "authors": "A Kukleva, H Kuehne, F Sener, J Gall",
      "venue": "Proceedings of the IEEE/CVF Conference on Computer Vision and Pattern …, 2019",
      "year": 2019,
      "citations": 158
    },
    {
      "title": "Zero-shot anticipation for instructional activities",
      "url": "https://scholar.google.com/citations?view_op=view_citation&hl=en&user=-juoweoAAAAJ&citation_for_view=-juoweoAAAAJ:roLk4NBRz8UC",
      "authors": "F Sener, A Yao",
      "venue": "Proceedings of the IEEE/CVF international conference on computer vision, 862-871, 2019",
      "year": 2019,
      "citations": 84
    },
    {
      "title": "Unsupervised learning and segmentation of complex activities from video",
      "url": "https://scholar.google.com/citations?view_op=view_citation&hl=en&user=-juoweoAAAAJ&citation_for_view=-juoweoAAAAJ:YsMSGLbcyi4C",
      "authors": "F Sener, A Yao",
      "venue": "Proceedings of the IEEE Conference on Computer Vision and Pattern …, 2018",
      "year": 2018,
      "citations": 150
    },
    {
      "title": "Learning style compatibility for furniture",
      "url": "https://scholar.google.com/citations?view_op=view_citation&hl=en&user=-juoweoAAAAJ&citation_for_view=-juoweoAAAAJ:Se3iqnhoufwC",
      "authors": "D Aggarwal, E Valiyev, F Sener, A Yao",
      "venue": "German Conference on Pattern Recognition, 552-566, 2018",
      "year": 2018,
      "citations": 17
    },
    {
      "title": "DRAW: Deep networks for Recognizing styles of Artists Who illustrate children's books",
      "url": "https://scholar.google.com/citations?view_op=view_citation&hl=en&user=-juoweoAAAAJ&citation_for_view=-juoweoAAAAJ:zYLM7Y9cAGgC",
      "authors": "S Hicsonmez, N Samet, F Sener, P Duygulu",
      "venue": "Proceedings of the 2017 ACM on international conference on multimedia …, 2017",
      "year": 2017,
      "citations": 28
    },
    {
      "title": "Creating image tags for text based image retrieval using additional corpora",
      "url": "https://scholar.google.com/citations?view_op=view_citation&hl=en&user=-juoweoAAAAJ&citation_for_view=-juoweoAAAAJ:W7OEmFMy1HYC",
      "authors": "N Samet, S Hiçsönmez, F Şener",
      "venue": "2016 24th Signal Processing and Communication Application Conference (SIU …, 2016",
      "year": 2016,
      "citations": 6
    },
    {
      "title": "Two-person interaction recognition via spatial multiple instance embedding",
      "url": "https://scholar.google.com/citations?view_op=view_citation&hl=en&user=-juoweoAAAAJ&citation_for_view=-juoweoAAAAJ:UeHWp8X0CEIC",
      "authors": "F Sener, N Ikizler-Cinbis",
      "venue": "Journal of Visual Communication and Image Representation 32, 63-73, 2015",
      "year": 2015,
      "citations": 49
    },
    {
      "title": "On recognizing actions in still images via multiple features",
      "url": "https://scholar.google.com/citations?view_op=view_citation&hl=en&user=-juoweoAAAAJ&citation_for_view=-juoweoAAAAJ:u5HHmVD_uO8C",
      "authors": "F Sener, C Bas, N Ikizler-Cinbis",
      "venue": "European Conference on Computer Vision, 263-272, 2012",
      "year": 2012,
      "citations": 44
    },
    {
      "title": "Identification of illustrators",
      "url": "https://scholar.google.com/citations?view_op=view_citation&hl=en&user=-juoweoAAAAJ&citation_for_view=-juoweoAAAAJ:9yKSN-GCB0IC",
      "authors": "F Sener, N Samet, PD Sahin",
      "venue": "European Conference on Computer Vision, 589-597, 2012",
      "year": 2012,
      "citations": 8
    }
  ],
  "co_authors": [
    {
      "name": "Angela Yao",
      "scholar_id": "-LJCZMMAAAAJ",
      "url": "https://scholar.google.com/citations?user=-LJCZMMAAAAJ"
    },
    {
      "name": "Dibyadip Chatterjee",
      "scholar_id": "6AxH8lcAAAAJ",
      "url": "https://scholar.google.com/citations?user=6AxH8lcAAAAJ"
    },
    {
      "name": "Nazli Ikizler-Cinbis",
      "scholar_id": "gwLessAAAAAJ",
      "url": "https://scholar.google.com/citations?user=gwLessAAAAAJ"
    },
    {
      "name": "Ding Guodong",
      "scholar_id": "PqlGbTYAAAAJ",
      "url": "https://scholar.google.com/citations?user=PqlGbTYAAAAJ"
    },
    {
      "name": "Kun He",
      "scholar_id": "eLFhiSYAAAAJ",
      "url": "https://scholar.google.com/citations?user=eLFhiSYAAAAJ"
    },
    {
      "name": "Anna Kukleva",
      "scholar_id": "eLZ_clAAAAAJ",
      "url": "https://scholar.google.com/citations?user=eLZ_clAAAAAJ"
    },
    {
      "name": "Robert Wang",
      "scholar_id": "fBzfSdwAAAAJ",
      "url": "https://scholar.google.com/citations?user=fBzfSdwAAAAJ"
    },
    {
      "name": "Pinar Duygulu Sahin",
      "scholar_id": "1KEMrHkAAAAJ",
      "url": "https://scholar.google.com/citations?user=1KEMrHkAAAAJ"
    },
    {
      "name": "Cem Keskin",
      "scholar_id": "9HoiYnYAAAAJ",
      "url": "https://scholar.google.com/citations?user=9HoiYnYAAAAJ"
    },
    {
      "name": "Juergen Gall",
      "scholar_id": "1CLaPMEAAAAJ",
      "url": "https://scholar.google.com/citations?user=1CLaPMEAAAAJ"
    },
    {
      "name": "Hilde Kuehne",
      "scholar_id": "pxhCcH0AAAAJ",
      "url": "https://scholar.google.com/citations?user=pxhCcH0AAAAJ"
    },
    {
      "name": "Takehiko Ohkawa",
      "scholar_id": "WNIxd2UAAAAJ",
      "url": "https://scholar.google.com/citations?user=WNIxd2UAAAAJ"
    },
    {
      "name": "zhanzhong Pang",
      "scholar_id": "PqDLBpkAAAAJ",
      "url": "https://scholar.google.com/citations?user=PqDLBpkAAAAJ"
    }
  ]
}