{
  "author_info": {
    "name": "Isabela Albuquerque",
    "affiliation": "Staff Research Scientist, Google DeepMind",
    "email_verified": "Verified email at deepmind.com",
    "interests": [],
    "photo_url": "https://scholar.googleusercontent.com/citations?view_op=view_photo&user=-Ss9QGkAAAAJ&citpid=2"
  },
  "citation_stats": {
    "citations_all": 4066,
    "citations_since_2020": 3957,
    "h_index_all": 20,
    "h_index_since_2020": 19,
    "i10_index_all": 28,
    "i10_index_since_2020": 25,
    "citation_graph": [
      {
        "year": 2017,
        "citations": 22
      },
      {
        "year": 2018,
        "citations": 12
      },
      {
        "year": 2019,
        "citations": 60
      },
      {
        "year": 2020,
        "citations": 229
      },
      {
        "year": 2021,
        "citations": 403
      },
      {
        "year": 2022,
        "citations": 440
      },
      {
        "year": 2023,
        "citations": 492
      },
      {
        "year": 2024,
        "citations": 560
      },
      {
        "year": 2025,
        "citations": 1827
      }
    ]
  },
  "papers": [
    {
      "title": "Gemini 2.5: Pushing the frontier with advanced reasoning, multimodality, long context, and next generation agentic capabilities",
      "url": "https://scholar.google.com/citations?view_op=view_citation&hl=en&user=-Ss9QGkAAAAJ&citation_for_view=-Ss9QGkAAAAJ:YFjsv_pBGBYC",
      "authors": "G Comanici, E Bieber, M Schaekermann, I Pasupat, N Sachdeva, I Dhillon, ...",
      "venue": "arXiv preprint arXiv:2507.06261, 2025",
      "year": 2025,
      "citations": 1073
    },
    {
      "title": "Generative models improve fairness of medical classifiers under distribution shifts",
      "url": "https://scholar.google.com/citations?view_op=view_citation&hl=en&user=-Ss9QGkAAAAJ&citation_for_view=-Ss9QGkAAAAJ:j3f4tGmQtD8C",
      "authors": "I Ktena, O Wiles, I Albuquerque, SA Rebuffi, R Tanno, AG Roy, S Azizi, ...",
      "venue": "Nature Medicine 30 (4), 1166-1173, 2024",
      "year": 2024,
      "citations": 179
    },
    {
      "title": "Imagen 3",
      "url": "https://scholar.google.com/citations?view_op=view_citation&hl=en&user=-Ss9QGkAAAAJ&citation_for_view=-Ss9QGkAAAAJ:JV2RwH3_ST0C",
      "authors": "J Baldridge, J Bauer, M Bhutani, N Brichtova, A Bunner, L Castrejon, ...",
      "venue": "arXiv preprint arXiv:2408.07009, 2024",
      "year": 2024,
      "citations": 85
    },
    {
      "title": "Revisiting Text-to-Image Evaluation with Gecko: On Metrics, Prompts, and Human Ratings",
      "url": "https://scholar.google.com/citations?view_op=view_citation&hl=en&user=-Ss9QGkAAAAJ&citation_for_view=-Ss9QGkAAAAJ:isC4tDSrTZIC",
      "authors": "O Wiles*, C Zhang*, I Albuquerque*, I Kajić, S Wang, E Bugliarello, ...",
      "venue": "arXiv preprint arXiv:2404.16820, 2024",
      "year": 2024,
      "citations": 35
    },
    {
      "title": "Discovering bugs in vision models using off-the-shelf image generation and captioning",
      "url": "https://scholar.google.com/citations?view_op=view_citation&hl=en&user=-Ss9QGkAAAAJ&citation_for_view=-Ss9QGkAAAAJ:_Qo2XoVZTnwC",
      "authors": "O Wiles, I Albuquerque, S Gowal",
      "venue": "arXiv preprint arXiv:2208.08831, 2022",
      "year": 2022,
      "citations": 48
    },
    {
      "title": "Adaptive filtering for improved EEG-based mental workload assessment of ambulant users",
      "url": "https://scholar.google.com/citations?view_op=view_citation&hl=en&user=-Ss9QGkAAAAJ&citation_for_view=-Ss9QGkAAAAJ:qUcmZB5y_30C",
      "authors": "O Rosanne, I Albuquerque, R Cassani, JF Gagnon, S Tremblay, TH Falk",
      "venue": "Frontiers in Neuroscience 15, 611962, 2021",
      "year": 2021,
      "citations": 53
    },
    {
      "title": "Single-shot real-time compressed ultrahigh-speed imaging enabled by a snapshot-to-video autoencoder",
      "url": "https://scholar.google.com/citations?view_op=view_citation&hl=en&user=-Ss9QGkAAAAJ&citation_for_view=-Ss9QGkAAAAJ:mB3voiENLucC",
      "authors": "X Liu, J Monteiro, I Albuquerque, Y Lai, C Jiang, S Zhang, TH Falk, ...",
      "venue": "Photonics Research 9 (12), 2464-2474, 2021",
      "year": 2021,
      "citations": 31
    },
    {
      "title": "WAUC: a multi-modal database for mental workload assessment under physical activity",
      "url": "https://scholar.google.com/citations?view_op=view_citation&hl=en&user=-Ss9QGkAAAAJ&citation_for_view=-Ss9QGkAAAAJ:ZeXyd9-uunAC",
      "authors": "I Albuquerque, A Tiwari, M Parent, R Cassani, JF Gagnon, D Lafond, ...",
      "venue": "Frontiers in Neuroscience 14, 2020",
      "year": 2020,
      "citations": 74
    },
    {
      "title": "Improving out-of-distribution generalization via multi-task self-supervised pretraining",
      "url": "https://scholar.google.com/citations?view_op=view_citation&hl=en&user=-Ss9QGkAAAAJ&citation_for_view=-Ss9QGkAAAAJ:7PzlFSSx8tAC",
      "authors": "I Albuquerque, N Naik, J Li, N Keskar, R Socher",
      "venue": "arXiv preprint arXiv:2003.13525, 2020",
      "year": 2020,
      "citations": 52
    },
    {
      "title": "Pass: a multimodal database of physical activity and stress for mobile passive body/brain-computer interface research",
      "url": "https://scholar.google.com/citations?view_op=view_citation&hl=en&user=-Ss9QGkAAAAJ&citation_for_view=-Ss9QGkAAAAJ:IWHjjKOFINEC",
      "authors": "M Parent, I Albuquerque, A Tiwari, R Cassani, JF Gagnon, D Lafond, ...",
      "venue": "Frontiers in Neuroscience 14, 542934, 2020",
      "year": 2020,
      "citations": 49
    },
    {
      "title": "Deep learning-based electroencephalography analysis: a systematic review",
      "url": "https://scholar.google.com/citations?view_op=view_citation&hl=en&user=-Ss9QGkAAAAJ&citation_for_view=-Ss9QGkAAAAJ:hFOr9nPyWt4C",
      "authors": "Y Roy, H Banville, I Albuquerque, A Gramfort, TH Falk, J Faubert",
      "venue": "arXiv preprint arXiv:1901.05498, 2019",
      "year": 2019,
      "citations": 1581
    },
    {
      "title": "Generalizing to unseen domains via distribution matching",
      "url": "https://scholar.google.com/citations?view_op=view_citation&hl=en&user=-Ss9QGkAAAAJ&citation_for_view=-Ss9QGkAAAAJ:4DMP91E08xMC",
      "authors": "I Albuquerque, J Monteiro, M Darvishi, TH Falk, I Mitliagkas",
      "venue": "arXiv preprint arXiv:1911.00804, 2019",
      "year": 2019,
      "citations": 251
    },
    {
      "title": "Self-supervised representation learning from electroencephalography signals",
      "url": "https://scholar.google.com/citations?view_op=view_citation&hl=en&user=-Ss9QGkAAAAJ&citation_for_view=-Ss9QGkAAAAJ:aqlVkmm33-oC",
      "authors": "H Banville, I Albuquerque, G Moffat, DA Engemann, A Hyvärinen, ...",
      "venue": "2019 IEEE 29th International Workshop on Machine Learning for Signal …, 2019",
      "year": 2019,
      "citations": 103
    },
    {
      "title": "Multi-objective training of Generative Adversarial Networks with multiple discriminators",
      "url": "https://scholar.google.com/citations?view_op=view_citation&hl=en&user=-Ss9QGkAAAAJ&citation_for_view=-Ss9QGkAAAAJ:YsMSGLbcyi4C",
      "authors": "I Albuquerque, J Monteiro, T Doan, B Considine, T Falk, I Mitliagkas",
      "venue": "Proceedings of the 36th International Conference on Machine Learning (ICML 2019), 2019",
      "year": 2019,
      "citations": 94
    },
    {
      "title": "On-line adaptative curriculum learning for gans",
      "url": "https://scholar.google.com/citations?view_op=view_citation&hl=en&user=-Ss9QGkAAAAJ&citation_for_view=-Ss9QGkAAAAJ:UeHWp8X0CEIC",
      "authors": "T Doan, J Monteiro, I Albuquerque, B Mazoure, A Durand, J Pineau, ...",
      "venue": "Proceedings of the AAAI Conference on Artificial Intelligence 33 (01), 3470-3477, 2019",
      "year": 2019,
      "citations": 53
    },
    {
      "title": "Multi-scale heart beat entropy measures for mental workload assessment of ambulant users",
      "url": "https://scholar.google.com/citations?view_op=view_citation&hl=en&user=-Ss9QGkAAAAJ&citation_for_view=-Ss9QGkAAAAJ:_kc_bZDykSQC",
      "authors": "A Tiwari, I Albuquerque, M Parent, JF Gagnon, D Lafond, S Tremblay, ...",
      "venue": "Entropy 21 (8), 783, 2019",
      "year": 2019,
      "citations": 24
    },
    {
      "title": "A multimodal approach to improve the robustness of physiological stress prediction during physical activity",
      "url": "https://scholar.google.com/citations?view_op=view_citation&hl=en&user=-Ss9QGkAAAAJ&citation_for_view=-Ss9QGkAAAAJ:mVmsd5A6BfQC",
      "authors": "M Parent, A Tiwari, I Albuquerque, JF Gagnon, D Lafond, S Tremblay, ...",
      "venue": "2019 IEEE International Conference on Systems, Man and Cybernetics (SMC …, 2019",
      "year": 2019,
      "citations": 21
    },
    {
      "title": "Cross-subject statistical shift estimation for generalized electroencephalography-based mental workload assessment",
      "url": "https://scholar.google.com/citations?view_op=view_citation&hl=en&user=-Ss9QGkAAAAJ&citation_for_view=-Ss9QGkAAAAJ:Zph67rFs4hoC",
      "authors": "I Albuquerque, J Monteiro, O Rosanne, A Tiwari, JF Gagnon, TH Falk",
      "venue": "2019 IEEE International Conference on Systems, Man and Cybernetics (SMC …, 2019",
      "year": 2019,
      "citations": 20
    },
    {
      "title": "Generalizable Adversarial Examples Detection Based on Bi-model Decision Mismatch",
      "url": "https://scholar.google.com/citations?view_op=view_citation&hl=en&user=-Ss9QGkAAAAJ&citation_for_view=-Ss9QGkAAAAJ:KlAtU1dfN6UC",
      "authors": "J Monteiro, I Albuquerque, Z Akhtar, TH Falk",
      "venue": "arXiv preprint arXiv:1802.07770, 2018",
      "year": 2018,
      "citations": 38
    },
    {
      "title": "On the analysis of EEG features for mental workload assessment during physical activity",
      "url": "https://scholar.google.com/citations?view_op=view_citation&hl=en&user=-Ss9QGkAAAAJ&citation_for_view=-Ss9QGkAAAAJ:2osOgNQ5qMEC",
      "authors": "I Albuquerque, A Tiwari, JF Gagnon, D Lafond, M Parent, S Tremblay, ...",
      "venue": "2018 IEEE International Conference on Systems, Man, and Cybernetics (SMC …, 2018",
      "year": 2018,
      "citations": 25
    }
  ],
  "co_authors": [
    {
      "name": "Tiago H. Falk",
      "scholar_id": "_i58BPYAAAAJ",
      "url": "https://scholar.google.com/citations?user=_i58BPYAAAAJ"
    },
    {
      "name": "Joao Monteiro",
      "scholar_id": "hkO47vsAAAAJ",
      "url": "https://scholar.google.com/citations?user=hkO47vsAAAAJ"
    },
    {
      "name": "Jean-François Gagnon",
      "scholar_id": "-s-42q8AAAAJ",
      "url": "https://scholar.google.com/citations?user=-s-42q8AAAAJ"
    },
    {
      "name": "Olivia Wiles",
      "scholar_id": "XQzHJSgAAAAJ",
      "url": "https://scholar.google.com/citations?user=XQzHJSgAAAAJ"
    },
    {
      "name": "Hubert Banville",
      "scholar_id": "Qoh3xVgAAAAJ",
      "url": "https://scholar.google.com/citations?user=Qoh3xVgAAAAJ"
    },
    {
      "name": "Alexandre Gramfort",
      "scholar_id": "fhxshS0AAAAJ",
      "url": "https://scholar.google.com/citations?user=fhxshS0AAAAJ"
    },
    {
      "name": "Sven Gowal",
      "scholar_id": "7wclGnQAAAAJ",
      "url": "https://scholar.google.com/citations?user=7wclGnQAAAAJ"
    },
    {
      "name": "Yannick Roy",
      "scholar_id": "x5c5jRgAAAAJ",
      "url": "https://scholar.google.com/citations?user=x5c5jRgAAAAJ"
    },
    {
      "name": "Ioannis (Yannis) Mitliagkas",
      "scholar_id": "K757SxgAAAAJ",
      "url": "https://scholar.google.com/citations?user=K757SxgAAAAJ"
    },
    {
      "name": "Raymundo Cassani",
      "scholar_id": "3A9_Ww8AAAAJ",
      "url": "https://scholar.google.com/citations?user=3A9_Ww8AAAAJ"
    },
    {
      "name": "Aida Nematzadeh",
      "scholar_id": "FWJZYMYAAAAJ",
      "url": "https://scholar.google.com/citations?user=FWJZYMYAAAAJ"
    },
    {
      "name": "Thang Doan",
      "scholar_id": "UYO_Vj4AAAAJ",
      "url": "https://scholar.google.com/citations?user=UYO_Vj4AAAAJ"
    },
    {
      "name": "Aapo Hyvärinen",
      "scholar_id": "UnrY-40AAAAJ",
      "url": "https://scholar.google.com/citations?user=UnrY-40AAAAJ"
    },
    {
      "name": "Joelle Pineau",
      "scholar_id": "CEt6_mMAAAAJ",
      "url": "https://scholar.google.com/citations?user=CEt6_mMAAAAJ"
    },
    {
      "name": "Rishabh Gupta",
      "scholar_id": "ZGMMpZgAAAAJ",
      "url": "https://scholar.google.com/citations?user=ZGMMpZgAAAAJ"
    },
    {
      "name": "Ricardo M. Campello de Souza",
      "scholar_id": "xWO0x48AAAAJ",
      "url": "https://scholar.google.com/citations?user=xWO0x48AAAAJ"
    }
  ]
}