{
  "author_info": {
    "name": "Yichi Zhang",
    "affiliation": "Zhejiang University",
    "email_verified": "Verified email at zju.edu.cn - Homepage",
    "website": "https://zhang-each.github.io/",
    "interests": [
      "Knowledge Graphs",
      "Large Language Models",
      "Multi-modal Learning"
    ],
    "photo_url": "https://scholar.googleusercontent.com/citations?view_op=view_photo&user=-ys4Y-EAAAAJ&citpid=2"
  },
  "citation_stats": {
    "citations_all": 828,
    "citations_since_2020": 828,
    "h_index_all": 14,
    "h_index_since_2020": 14,
    "i10_index_all": 16,
    "i10_index_since_2020": 16,
    "citation_graph": [
      {
        "year": 2022,
        "citations": 4
      },
      {
        "year": 2023,
        "citations": 31
      },
      {
        "year": 2024,
        "citations": 223
      },
      {
        "year": 2025,
        "citations": 553
      }
    ]
  },
  "papers": [
    {
      "title": "Tokenization, fusion, and augmentation: Towards fine-grained multi-modal entity representation",
      "url": "https://scholar.google.com/citations?view_op=view_citation&hl=en&user=-ys4Y-EAAAAJ&citation_for_view=-ys4Y-EAAAAJ:YOwf2qJgpHMC",
      "authors": "Y Zhang, Z Chen, L Guo, Y Xu, B Hu, Z Liu, W Zhang, H Chen",
      "venue": "Proceedings of the AAAI Conference on Artificial Intelligence 39 (12), 13322 …, 2025",
      "year": 2025,
      "citations": 32
    },
    {
      "title": "OntoTune: Ontology-Driven Self-training for Aligning Large Language Models",
      "url": "https://scholar.google.com/citations?view_op=view_citation&hl=en&user=-ys4Y-EAAAAJ&citation_for_view=-ys4Y-EAAAAJ:Zph67rFs4hoC",
      "authors": "Z Liu, C Gan, J Wang, Y Zhang, Z Bo, M Sun, H Chen, W Zhang",
      "venue": "WWW 2025 (Oral), 2025",
      "year": 2025,
      "citations": 13
    },
    {
      "title": "K-ON: Stacking Knowledge On the Head Layer of Large Language Model",
      "url": "https://scholar.google.com/citations?view_op=view_citation&hl=en&user=-ys4Y-EAAAAJ&citation_for_view=-ys4Y-EAAAAJ:KlAtU1dfN6UC",
      "authors": "L Guo, Y Zhang, Z Bo, Z Chen, M Sun, Z Zhang, W Zhang, H Chen",
      "venue": "AAAI 2025 (Oral), 2025",
      "year": 2025,
      "citations": 6
    },
    {
      "title": "Towards Structure-aware Model for Multi-modal Knowledge Graph Completion",
      "url": "https://scholar.google.com/citations?view_op=view_citation&hl=en&user=-ys4Y-EAAAAJ&citation_for_view=-ys4Y-EAAAAJ:_kc_bZDykSQC",
      "authors": "L Li, Z Jin, Y Zhang, D Jin, C Dou, Y He, X Zhang, H Zhao",
      "venue": "arXiv preprint arXiv:2505.21973, 2025",
      "year": 2025,
      "citations": 5
    },
    {
      "title": "Knowledge graphs meet multi-modal learning: A comprehensive survey",
      "url": "https://scholar.google.com/citations?view_op=view_citation&hl=en&user=-ys4Y-EAAAAJ&citation_for_view=-ys4Y-EAAAAJ:Y0pCki6q_DkC",
      "authors": "Z Chen, Y Zhang, Y Fang, Y Geng, L Guo, X Chen, Q Li, W Zhang, J Chen, ...",
      "venue": "arXiv preprint arXiv:2402.05391, 2024",
      "year": 2024,
      "citations": 116
    },
    {
      "title": "Unleashing the Power of Imbalanced Modality Information for Multi-modal Knowledge Graph Completion",
      "url": "https://scholar.google.com/citations?view_op=view_citation&hl=en&user=-ys4Y-EAAAAJ&citation_for_view=-ys4Y-EAAAAJ:W7OEmFMy1HYC",
      "authors": "Y Zhang, Z Chen, L Liang, H Chen, W Zhang",
      "venue": "LREC-COLING 2024 (Poster), 2024",
      "year": 2024,
      "citations": 52
    },
    {
      "title": "NativE: Multi-modal Knowledge Graph Completion in the Wild",
      "url": "https://scholar.google.com/citations?view_op=view_citation&hl=en&user=-ys4Y-EAAAAJ&citation_for_view=-ys4Y-EAAAAJ:LkGwnXOMwfcC",
      "authors": "Y Zhang, Z Chen, L Guo, Y Xu, B Hu, Z Liu, W Zhang, H Chen",
      "venue": "SIGIR 2024 (Oral), 2024",
      "year": 2024,
      "citations": 44
    },
    {
      "title": "Distributed representations of entities in open-world knowledge graphs",
      "url": "https://scholar.google.com/citations?view_op=view_citation&hl=en&user=-ys4Y-EAAAAJ&citation_for_view=-ys4Y-EAAAAJ:YsMSGLbcyi4C",
      "authors": "L Guo, Z Chen, J Chen, Y Zhang, Z Sun, Z Bo, Y Fang, X Liu, H Chen, ...",
      "venue": "Knowledge-Based Systems 290, 111582, 2024",
      "year": 2024,
      "citations": 24
    },
    {
      "title": "Evaluating the factuality of large language models using large-scale knowledge graphs",
      "url": "https://scholar.google.com/citations?view_op=view_citation&hl=en&user=-ys4Y-EAAAAJ&citation_for_view=-ys4Y-EAAAAJ:_FxGoFyzp5QC",
      "authors": "X Liu, F Wu, T Xu, Z Chen, Y Zhang, X Wang, J Gao",
      "venue": "arXiv preprint arXiv:2404.00942, 2024",
      "year": 2024,
      "citations": 23
    },
    {
      "title": "Multiple Heads are Better than One: Mixture of Modality Knowledge Experts for Entity Representation Learning",
      "url": "https://scholar.google.com/citations?view_op=view_citation&hl=en&user=-ys4Y-EAAAAJ&citation_for_view=-ys4Y-EAAAAJ:ULOm3_A8WrAC",
      "authors": "Y Zhang, Z Chen, L Guo, Y Xu, B Hu, Z Liu, W Zhang, H Chen",
      "venue": "ICLR 2025, 2024",
      "year": 2024,
      "citations": 14
    },
    {
      "title": "MKGL: Mastery of a Three-Word Language",
      "url": "https://scholar.google.com/citations?view_op=view_citation&hl=en&user=-ys4Y-EAAAAJ&citation_for_view=-ys4Y-EAAAAJ:8k81kl-MbHgC",
      "authors": "L Guo, Z Bo, Z Chen, Y Zhang, J Chen, Y Lan, Y Luo, Q Li, Q Zhang, ...",
      "venue": "NeurIPS 2024 (Spotlight), 2024",
      "year": 2024,
      "citations": 7
    },
    {
      "title": "Multi-domain knowledge graph collaborative pre-training and prompt tuning for diverse downstream tasks",
      "url": "https://scholar.google.com/citations?view_op=view_citation&hl=en&user=-ys4Y-EAAAAJ&citation_for_view=-ys4Y-EAAAAJ:Se3iqnhoufwC",
      "authors": "Y Zhang, B Hu, Z Chen, L Guo, Z Liu, Z Zhang, L Liang, H Chen, W Zhang",
      "venue": "arXiv preprint arXiv:2405.13085, 2024",
      "year": 2024,
      "citations": 7
    },
    {
      "title": "Making large language models perform better in knowledge graph completion",
      "url": "https://scholar.google.com/citations?view_op=view_citation&hl=en&user=-ys4Y-EAAAAJ&citation_for_view=-ys4Y-EAAAAJ:zYLM7Y9cAGgC",
      "authors": "Y Zhang, Z Chen, L Guo, Y Xu, W Zhang, H Chen",
      "venue": "ACM MM 2024 (Oral), 2023",
      "year": 2023,
      "citations": 149
    },
    {
      "title": "Rethinking Uncertainly Missing and Ambiguous Visual Modality in Multi-Modal Entity Alignment",
      "url": "https://scholar.google.com/citations?view_op=view_citation&hl=en&user=-ys4Y-EAAAAJ&citation_for_view=-ys4Y-EAAAAJ:UeHWp8X0CEIC",
      "authors": "Z Chen, L Guo, Y Fang, Y Zhang, J Chen, JZ Pan, Y Li, H Chen, W Zhang",
      "venue": "ISWC 2023 (Best Paper Candidate), 2023",
      "year": 2023,
      "citations": 62
    },
    {
      "title": "Knowledgeable preference alignment for llms in domain-specific question answering",
      "url": "https://scholar.google.com/citations?view_op=view_citation&hl=en&user=-ys4Y-EAAAAJ&citation_for_view=-ys4Y-EAAAAJ:Tyk-4Ss8FVUC",
      "authors": "Y Zhang, Z Chen, Y Fang, L Cheng, Y Lu, F Li, W Zhang, H Chen",
      "venue": "ACL 2024 Findings, 2023",
      "year": 2023,
      "citations": 54
    },
    {
      "title": "Modality-Aware Negative Sampling for Multi-modal Knowledge Graph Embedding",
      "url": "https://scholar.google.com/citations?view_op=view_citation&hl=en&user=-ys4Y-EAAAAJ&citation_for_view=-ys4Y-EAAAAJ:u-x6o8ySG0sC",
      "authors": "Y Zhang, M Chen, W Zhang",
      "venue": "IJCNN 2023 (Oral), 2023",
      "year": 2023,
      "citations": 36
    },
    {
      "title": "MACO: A Modality Adversarial and Contrastive Framework for Modality-missing Multi-modal Knowledge Graph Completion",
      "url": "https://scholar.google.com/citations?view_op=view_citation&hl=en&user=-ys4Y-EAAAAJ&citation_for_view=-ys4Y-EAAAAJ:IjCSPb-OGe4C",
      "authors": "Y Zhang, Z Chen, W Zhang",
      "venue": "NLPCC 2023 (Oral), 2023",
      "year": 2023,
      "citations": 16
    },
    {
      "title": "MEAformer: Multi-modal Entity Alignment Transformer for Meta Modality Hybrid",
      "url": "https://scholar.google.com/citations?view_op=view_citation&hl=en&user=-ys4Y-EAAAAJ&citation_for_view=-ys4Y-EAAAAJ:2osOgNQ5qMEC",
      "authors": "Z Chen, J Chen, W Zhang, L Guo, Y Fang, Y Huang, Y Zhang, Y Geng, ...",
      "venue": "ACM MM 2023, 2022",
      "year": 2022,
      "citations": 84
    },
    {
      "title": "Knowledge Graph Completion with Pre-trained Multimodal Transformer and Twins Negative Sampling",
      "url": "https://scholar.google.com/citations?view_op=view_citation&hl=en&user=-ys4Y-EAAAAJ&citation_for_view=-ys4Y-EAAAAJ:u5HHmVD_uO8C",
      "authors": "Y Zhang, W Zhang",
      "venue": "KDD 2022 UC Track, 2022",
      "year": 2022,
      "citations": 44
    },
    {
      "title": "Tele-Knowledge Pre-training for Fault Analysis",
      "url": "https://scholar.google.com/citations?view_op=view_citation&hl=en&user=-ys4Y-EAAAAJ&citation_for_view=-ys4Y-EAAAAJ:d1gkVwhDpl0C",
      "authors": "Z Chen, W Zhang, Y Huang, M Chen, Y Geng, H Yu, Z Bi, Y Zhang, Z Yao, ...",
      "venue": "ICDE 2023 Industry Track, 2022",
      "year": 2022,
      "citations": 28
    }
  ],
  "co_authors": [
    {
      "name": "Wen Zhang",
      "scholar_id": "Ig9ho4kAAAAJ",
      "url": "https://scholar.google.com/citations?user=Ig9ho4kAAAAJ"
    },
    {
      "name": "Chen Huajun (陈华钧), Professor, PhD",
      "scholar_id": "T6om-m4AAAAJ",
      "url": "https://scholar.google.com/citations?user=T6om-m4AAAAJ"
    },
    {
      "name": "Lingbing Guo",
      "scholar_id": "og4v8cMAAAAJ",
      "url": "https://scholar.google.com/citations?user=og4v8cMAAAAJ"
    },
    {
      "name": "Yin Fang",
      "scholar_id": "4rWspjsAAAAJ",
      "url": "https://scholar.google.com/citations?user=4rWspjsAAAAJ"
    },
    {
      "name": "Jiaoyan Chen",
      "scholar_id": "5Cy4z8wAAAAJ",
      "url": "https://scholar.google.com/citations?user=5Cy4z8wAAAAJ"
    },
    {
      "name": "Binbin Hu",
      "scholar_id": "a70Jt9oAAAAJ",
      "url": "https://scholar.google.com/citations?user=a70Jt9oAAAAJ"
    },
    {
      "name": "Xiaoze Liu",
      "scholar_id": "MaIQOwsAAAAJ",
      "url": "https://scholar.google.com/citations?user=MaIQOwsAAAAJ"
    },
    {
      "name": "Yuxia Geng",
      "scholar_id": "9NLYuA4AAAAJ",
      "url": "https://scholar.google.com/citations?user=9NLYuA4AAAAJ"
    },
    {
      "name": "Yufeng Huang",
      "scholar_id": "UO11s0AAAAAJ",
      "url": "https://scholar.google.com/citations?user=UO11s0AAAAAJ"
    },
    {
      "name": "Mingyang Chen",
      "scholar_id": "ofNVwaQAAAAJ",
      "url": "https://scholar.google.com/citations?user=ofNVwaQAAAAJ"
    },
    {
      "name": "Zhuo Chen",
      "scholar_id": "LBFhHMgAAAAJ",
      "url": "https://scholar.google.com/citations?user=LBFhHMgAAAAJ"
    }
  ]
}