{
  "author_info": {
    "name": "Aykut Erdem",
    "affiliation": "Associate Professor of Computer Science, Koç University, Istanbul, Turkey",
    "email_verified": "Verified email at ku.edu.tr - Homepage",
    "website": "https://aykuterdem.github.io/",
    "interests": [
      "Computer Vision",
      "Natural Language Processing",
      "Machine Learning",
      "Artificial Intelligence"
    ],
    "photo_url": "https://scholar.googleusercontent.com/citations?view_op=view_photo&user=-xA1_OAAAAAJ&citpid=4"
  },
  "citation_stats": {
    "citations_all": 7830,
    "citations_since_2020": 6100,
    "h_index_all": 33,
    "h_index_since_2020": 27,
    "i10_index_all": 64,
    "i10_index_since_2020": 57,
    "citation_graph": [
      {
        "year": 2009,
        "citations": 23
      },
      {
        "year": 2010,
        "citations": 29
      },
      {
        "year": 2011,
        "citations": 19
      },
      {
        "year": 2012,
        "citations": 25
      },
      {
        "year": 2013,
        "citations": 29
      },
      {
        "year": 2014,
        "citations": 92
      },
      {
        "year": 2015,
        "citations": 128
      },
      {
        "year": 2016,
        "citations": 213
      },
      {
        "year": 2017,
        "citations": 274
      },
      {
        "year": 2018,
        "citations": 369
      },
      {
        "year": 2019,
        "citations": 451
      },
      {
        "year": 2020,
        "citations": 548
      },
      {
        "year": 2021,
        "citations": 580
      },
      {
        "year": 2022,
        "citations": 750
      },
      {
        "year": 2023,
        "citations": 1130
      },
      {
        "year": 2024,
        "citations": 1479
      },
      {
        "year": 2025,
        "citations": 1589
      }
    ]
  },
  "papers": [
    {
      "title": "Beyond the imitation game: Quantifying and extrapolating the capabilities of language models",
      "url": "https://scholar.google.com/citations?view_op=view_citation&hl=en&user=-xA1_OAAAAAJ&citation_for_view=-xA1_OAAAAAJ:uLbwQdceFCQC",
      "authors": "A Srivastava, A Rastogi, A Rao, AAM Shoeb, A Abid, A Fisch, AR Brown, ...",
      "venue": "Transactions on machine learning research, 2023",
      "year": 2023,
      "citations": 2129
    },
    {
      "title": "Inst-inpaint: Instructing to remove objects with diffusion models",
      "url": "https://scholar.google.com/citations?view_op=view_citation&hl=en&user=-xA1_OAAAAAJ&citation_for_view=-xA1_OAAAAAJ:2KloaMYe4IUC",
      "authors": "AB Yildirim, V Baday, E Erdem, A Erdem, A Dundar",
      "venue": "arXiv preprint arXiv:2304.03246, 2023",
      "year": 2023,
      "citations": 85
    },
    {
      "title": "Neural natural language generation: A survey on multilinguality, multimodality, controllability and learning",
      "url": "https://scholar.google.com/citations?view_op=view_citation&hl=en&user=-xA1_OAAAAAJ&citation_for_view=-xA1_OAAAAAJ:1yQoGdGgb4wC",
      "authors": "E Erdem, M Kuyu, S Yagcioglu, A Frank, L Parcalabescu, B Plank, A Babii, ...",
      "venue": "Journal of Artificial Intelligence Research 73, 1131-1207, 2022",
      "year": 2022,
      "citations": 82
    },
    {
      "title": "mustGAN: multi-stream generative adversarial networks for MR image synthesis",
      "url": "https://scholar.google.com/citations?view_op=view_citation&hl=en&user=-xA1_OAAAAAJ&citation_for_view=-xA1_OAAAAAJ:K3LRdlH-MEoC",
      "authors": "M Yurt, SUH Dar, A Erdem, E Erdem, KK Oguz, T Çukur",
      "venue": "Medical image analysis 70, 101944, 2021",
      "year": 2021,
      "citations": 205
    },
    {
      "title": "Image synthesis in multi-contrast MRI with conditional generative adversarial networks",
      "url": "https://scholar.google.com/citations?view_op=view_citation&hl=en&user=-xA1_OAAAAAJ&citation_for_view=-xA1_OAAAAAJ:D03iK_w7-QYC",
      "authors": "SUH Dar, M Yurt, L Karacan, A Erdem, E Erdem, T Cukur",
      "venue": "IEEE transactions on medical imaging 38 (10), 2375-2388, 2019",
      "year": 2019,
      "citations": 719
    },
    {
      "title": "Recipeqa: A challenge dataset for multimodal comprehension of cooking recipes",
      "url": "https://scholar.google.com/citations?view_op=view_citation&hl=en&user=-xA1_OAAAAAJ&citation_for_view=-xA1_OAAAAAJ:OU6Ihb5iCvQC",
      "authors": "S Yagcioglu, A Erdem, E Erdem, N Ikizler-Cinbis",
      "venue": "arXiv preprint arXiv:1809.00812, 2018",
      "year": 2018,
      "citations": 206
    },
    {
      "title": "Re-evaluating automatic metrics for image captioning",
      "url": "https://scholar.google.com/citations?view_op=view_citation&hl=en&user=-xA1_OAAAAAJ&citation_for_view=-xA1_OAAAAAJ:GnPB-g6toBAC",
      "authors": "M Kilickaya, A Erdem, N Ikizler-Cinbis, E Erdem",
      "venue": "Proceedings of the 15th Conference of the European Chapter of the …, 2017",
      "year": 2017,
      "citations": 232
    },
    {
      "title": "Spatio-temporal saliency networks for dynamic saliency prediction",
      "url": "https://scholar.google.com/citations?view_op=view_citation&hl=en&user=-xA1_OAAAAAJ&citation_for_view=-xA1_OAAAAAJ:35N4QoGY0k4C",
      "authors": "C Bak, A Kocak, E Erdem, A Erdem",
      "venue": "IEEE Transactions on Multimedia 20 (7), 1688-1698, 2017",
      "year": 2017,
      "citations": 206
    },
    {
      "title": "Automatic description generation from images: A survey of models, datasets, and evaluation measures",
      "url": "https://scholar.google.com/citations?view_op=view_citation&hl=en&user=-xA1_OAAAAAJ&citation_for_view=-xA1_OAAAAAJ:L8Ckcad2t8MC",
      "authors": "R Bernardi, R Cakici, D Elliott, A Erdem, E Erdem, N Ikizler-Cinbis, ...",
      "venue": "Journal of Artificial Intelligence Research 55, 409-442, 2016",
      "year": 2016,
      "citations": 511
    },
    {
      "title": "Learning to generate images of outdoor scenes from attributes and semantic layouts",
      "url": "https://scholar.google.com/citations?view_op=view_citation&hl=en&user=-xA1_OAAAAAJ&citation_for_view=-xA1_OAAAAAJ:YFjsv_pBGBYC",
      "authors": "L Karacan, Z Akata, A Erdem, E Erdem",
      "venue": "arXiv preprint arXiv:1612.00215, 2016",
      "year": 2016,
      "citations": 423
    },
    {
      "title": "The visual object tracking vot2016 challenge results",
      "url": "https://scholar.google.com/citations?view_op=view_citation&hl=en&user=-xA1_OAAAAAJ&citation_for_view=-xA1_OAAAAAJ:hMsQuOkrut0C",
      "authors": "G Roffo, S Melzi",
      "venue": "Computer Vision--ECCV 2016 Workshops: Amsterdam, The Netherlands, October 8 …, 2016",
      "year": 2016,
      "citations": 178
    },
    {
      "title": "An objective deghosting quality metric for HDR images",
      "url": "https://scholar.google.com/citations?view_op=view_citation&hl=en&user=-xA1_OAAAAAJ&citation_for_view=-xA1_OAAAAAJ:ZeXyd9-uunAC",
      "authors": "OT Tursun, AO Akyüz, A Erdem, E Erdem",
      "venue": "Computer Graphics Forum 35 (2), 139-152, 2016",
      "year": 2016,
      "citations": 106
    },
    {
      "title": "Deformable part-based tracking by coupled global and local correlation filters",
      "url": "https://scholar.google.com/citations?view_op=view_citation&hl=en&user=-xA1_OAAAAAJ&citation_for_view=-xA1_OAAAAAJ:TQgYirikUcIC",
      "authors": "O Akin, E Erdem, A Erdem, K Mikolajczyk",
      "venue": "Journal of Visual Communication and Image Representation 38, 763-774, 2016",
      "year": 2016,
      "citations": 96
    },
    {
      "title": "The state of the art in HDR deghosting: A survey and evaluation",
      "url": "https://scholar.google.com/citations?view_op=view_citation&hl=en&user=-xA1_OAAAAAJ&citation_for_view=-xA1_OAAAAAJ:Wp0gIr-vW9MC",
      "authors": "OT Tursun, AO Akyüz, A Erdem, E Erdem",
      "venue": "Computer Graphics Forum 34 (2), 683-707, 2015",
      "year": 2015,
      "citations": 142
    },
    {
      "title": "Image matting with KL-divergence based sparse sampling",
      "url": "https://scholar.google.com/citations?view_op=view_citation&hl=en&user=-xA1_OAAAAAJ&citation_for_view=-xA1_OAAAAAJ:7PzlFSSx8tAC",
      "authors": "L Karacan, A Erdem, E Erdem",
      "venue": "Proceedings of the IEEE international conference on computer vision, 424-432, 2015",
      "year": 2015,
      "citations": 96
    },
    {
      "title": "Visual saliency estimation by nonlinearly integrating features using region covariances",
      "url": "https://scholar.google.com/citations?view_op=view_citation&hl=en&user=-xA1_OAAAAAJ&citation_for_view=-xA1_OAAAAAJ:0EnyYjriUFMC",
      "authors": "E Erdem, A Erdem",
      "venue": "Journal of vision 13 (4), 11-11, 2013",
      "year": 2013,
      "citations": 516
    },
    {
      "title": "Structure-preserving image smoothing via region covariances",
      "url": "https://scholar.google.com/citations?view_op=view_citation&hl=en&user=-xA1_OAAAAAJ&citation_for_view=-xA1_OAAAAAJ:3fE2CSJIrl8C",
      "authors": "L Karacan, E Erdem, A Erdem",
      "venue": "ACM Transactions on Graphics (TOG) 32 (6), 1-11, 2013",
      "year": 2013,
      "citations": 248
    },
    {
      "title": "Dissimilarity between two skeletal trees in a context",
      "url": "https://scholar.google.com/citations?view_op=view_citation&hl=en&user=-xA1_OAAAAAJ&citation_for_view=-xA1_OAAAAAJ:u-x6o8ySG0sC",
      "authors": "E Baseski, A Erdem, S Tari",
      "venue": "Pattern Recognition 42 (3), 370-385, 2009",
      "year": 2009,
      "citations": 65
    },
    {
      "title": "Disconnected skeleton: Shape at its absolute scale",
      "url": "https://scholar.google.com/citations?view_op=view_citation&hl=en&user=-xA1_OAAAAAJ&citation_for_view=-xA1_OAAAAAJ:u5HHmVD_uO8C",
      "authors": "C Aslan, A Erdem, E Erdem, S Tari",
      "venue": "IEEE Transactions on Pattern Analysis and Machine Intelligence 30 (12), 2188 …, 2008",
      "year": 2008,
      "citations": 118
    },
    {
      "title": "Computer vision based mouse",
      "url": "https://scholar.google.com/citations?view_op=view_citation&hl=en&user=-xA1_OAAAAAJ&citation_for_view=-xA1_OAAAAAJ:rO6llkc54NcC",
      "authors": "A Erdem, E Erdem, Y Yardimci, V Atalay, AE Cetin",
      "venue": "2002 IEEE International Conference on Acoustics, Speech, and Signal …, 2002",
      "year": 2002,
      "citations": 79
    }
  ],
  "co_authors": [
    {
      "name": "Erkut Erdem",
      "scholar_id": "eALwl74AAAAJ",
      "url": "https://scholar.google.com/citations?user=eALwl74AAAAJ"
    },
    {
      "name": "Levent Karacan",
      "scholar_id": "I8A1STcAAAAJ",
      "url": "https://scholar.google.com/citations?user=I8A1STcAAAAJ"
    },
    {
      "name": "Nazli Ikizler-Cinbis",
      "scholar_id": "gwLessAAAAAJ",
      "url": "https://scholar.google.com/citations?user=gwLessAAAAAJ"
    },
    {
      "name": "Semih Yagcioglu",
      "scholar_id": "FWKVjw0AAAAJ",
      "url": "https://scholar.google.com/citations?user=FWKVjw0AAAAJ"
    },
    {
      "name": "Tolga Cukur",
      "scholar_id": "5GLKJvwAAAAJ",
      "url": "https://scholar.google.com/citations?user=5GLKJvwAAAAJ"
    },
    {
      "name": "Salman Ul Hassan Dar",
      "scholar_id": "ex7cGIwAAAAJ",
      "url": "https://scholar.google.com/citations?user=ex7cGIwAAAAJ"
    },
    {
      "name": "Mahmut Yurt",
      "scholar_id": "oAXHlRMAAAAJ",
      "url": "https://scholar.google.com/citations?user=oAXHlRMAAAAJ"
    },
    {
      "name": "Sibel Tari",
      "scholar_id": "H8hwB58AAAAJ",
      "url": "https://scholar.google.com/citations?user=H8hwB58AAAAJ"
    },
    {
      "name": "Ahmet Oguz Akyuz",
      "scholar_id": "F_kPcyEAAAAJ",
      "url": "https://scholar.google.com/citations?user=F_kPcyEAAAAJ"
    },
    {
      "name": "Zeynep Akata",
      "scholar_id": "jQl9RtkAAAAJ",
      "url": "https://scholar.google.com/citations?user=jQl9RtkAAAAJ"
    },
    {
      "name": "Nevrez Imamoglu",
      "scholar_id": "VJgx61MAAAAJ",
      "url": "https://scholar.google.com/citations?user=VJgx61MAAAAJ"
    },
    {
      "name": "İlker Kesen",
      "scholar_id": "Ma__oU0AAAAJ",
      "url": "https://scholar.google.com/citations?user=Ma__oU0AAAAJ"
    },
    {
      "name": "Mert Kilickaya",
      "scholar_id": "MBMjO0sAAAAJ",
      "url": "https://scholar.google.com/citations?user=MBMjO0sAAAAJ"
    },
    {
      "name": "Menekşe Kuyu",
      "scholar_id": "BMOtkTEAAAAJ",
      "url": "https://scholar.google.com/citations?user=BMOtkTEAAAAJ"
    },
    {
      "name": "Cara Tursun",
      "scholar_id": "Bvcmhy4AAAAJ",
      "url": "https://scholar.google.com/citations?user=Bvcmhy4AAAAJ"
    },
    {
      "name": "Bora Çelikkale",
      "scholar_id": "1OFbeLgAAAAJ",
      "url": "https://scholar.google.com/citations?user=1OFbeLgAAAAJ"
    },
    {
      "name": "Burak Ercan",
      "scholar_id": "XkNBtssAAAAJ",
      "url": "https://scholar.google.com/citations?user=XkNBtssAAAAJ"
    },
    {
      "name": "M. Volkan Atalay",
      "scholar_id": "Dk-ZeFkAAAAJ",
      "url": "https://scholar.google.com/citations?user=Dk-ZeFkAAAAJ"
    },
    {
      "name": "Deniz Yuret",
      "scholar_id": "EJurXJ4AAAAJ",
      "url": "https://scholar.google.com/citations?user=EJurXJ4AAAAJ"
    },
    {
      "name": "Begum Citamak Erdinc",
      "scholar_id": "vYqlyG0AAAAJ",
      "url": "https://scholar.google.com/citations?user=vYqlyG0AAAAJ"
    }
  ]
}