{
  "author_info": {
    "name": "Raul San Jose Estepar",
    "affiliation": "Associate Professor, Brigham and Women's Hospital, Harvard Medical School",
    "email_verified": "Verified email at bwh.harvard.edu - Homepage",
    "website": "https://acil.bwh.harvard.edu/raul-san-jose-estepar.html",
    "interests": [
      "Quantitative Imaging",
      "COPD",
      "PVD",
      "Biomarkers",
      "Artificial Intelligence in Medicine"
    ],
    "photo_url": "https://scholar.googleusercontent.com/citations?view_op=view_photo&user=-FEKnUcAAAAJ&citpid=5"
  },
  "citation_stats": {
    "citations_all": 16817,
    "citations_since_2020": 11033,
    "h_index_all": 69,
    "h_index_since_2020": 53,
    "i10_index_all": 245,
    "i10_index_since_2020": 217,
    "citation_graph": [
      {
        "year": 2007,
        "citations": 71
      },
      {
        "year": 2008,
        "citations": 89
      },
      {
        "year": 2009,
        "citations": 122
      },
      {
        "year": 2010,
        "citations": 172
      },
      {
        "year": 2011,
        "citations": 239
      },
      {
        "year": 2012,
        "citations": 311
      },
      {
        "year": 2013,
        "citations": 356
      },
      {
        "year": 2014,
        "citations": 426
      },
      {
        "year": 2015,
        "citations": 493
      },
      {
        "year": 2016,
        "citations": 571
      },
      {
        "year": 2017,
        "citations": 724
      },
      {
        "year": 2018,
        "citations": 849
      },
      {
        "year": 2019,
        "citations": 1174
      },
      {
        "year": 2020,
        "citations": 1293
      },
      {
        "year": 2021,
        "citations": 1676
      },
      {
        "year": 2022,
        "citations": 1721
      },
      {
        "year": 2023,
        "citations": 1861
      },
      {
        "year": 2024,
        "citations": 2197
      },
      {
        "year": 2025,
        "citations": 2245
      }
    ]
  },
  "papers": [
    {
      "title": "Airway-occluding mucus plugs and mortality in patients with chronic obstructive pulmonary disease",
      "url": "https://scholar.google.com/citations?view_op=view_citation&hl=en&user=-FEKnUcAAAAJ&citation_for_view=-FEKnUcAAAAJ:4uoR24qA-WYC",
      "authors": "AA Diaz, JL Orejas, S Grumley, HP Nath, W Wang, WR Dolliver, A Yen, ...",
      "venue": "Jama 329 (21), 1832-1839, 2023",
      "year": 2023,
      "citations": 164
    },
    {
      "title": "Interstitial lung abnormalities detected incidentally on CT: a position paper from the Fleischner Society",
      "url": "https://scholar.google.com/citations?view_op=view_citation&hl=en&user=-FEKnUcAAAAJ&citation_for_view=-FEKnUcAAAAJ:E8ajGqO0XoUC",
      "authors": "H Hatabu, GM Hunninghake, L Richeldi, KK Brown, AU Wells, ...",
      "venue": "The lancet Respiratory medicine 8 (7), 726-737, 2020",
      "year": 2020,
      "citations": 554
    },
    {
      "title": "COPDGene® 2019: redefining the diagnosis of chronic obstructive pulmonary disease",
      "url": "https://scholar.google.com/citations?view_op=view_citation&hl=en&user=-FEKnUcAAAAJ&citation_for_view=-FEKnUcAAAAJ:oAywNP-vUhwC",
      "authors": "KE Lowe, EA Regan, A Anzueto, E Austin, JHM Austin, TH Beaty, ...",
      "venue": "Chronic Obstructive Pulmonary Diseases: Journal of the COPD Foundation 6 (5 …, 2019",
      "year": 2019,
      "citations": 252
    },
    {
      "title": "Disease staging and prognosis in smokers using deep learning in chest computed tomography",
      "url": "https://scholar.google.com/citations?view_op=view_citation&hl=en&user=-FEKnUcAAAAJ&citation_for_view=-FEKnUcAAAAJ:4e5Qn2KL_jwC",
      "authors": "G González, SY Ash, G Vegas-Sánchez-Ferrero, J Onieva Onieva, ...",
      "venue": "American journal of respiratory and critical care medicine 197 (2), 193-203, 2018",
      "year": 2018,
      "citations": 329
    },
    {
      "title": "Blood eosinophil count thresholds and exacerbations in patients with chronic obstructive pulmonary disease",
      "url": "https://scholar.google.com/citations?view_op=view_citation&hl=en&user=-FEKnUcAAAAJ&citation_for_view=-FEKnUcAAAAJ:cRMvf6lLvU8C",
      "authors": "JH Yun, A Lamb, R Chase, D Singh, MM Parker, A Saferali, J Vestbo, ...",
      "venue": "Journal of allergy and clinical immunology 141 (6), 2037-2047. e10, 2018",
      "year": 2018,
      "citations": 289
    },
    {
      "title": "Pulmonary artery–vein classification in CT images using deep learning",
      "url": "https://scholar.google.com/citations?view_op=view_citation&hl=en&user=-FEKnUcAAAAJ&citation_for_view=-FEKnUcAAAAJ:M_lZXyI38BkC",
      "authors": "P Nardelli, D Jimenez-Carretero, D Bermejo-Pelaez, GR Washko, ...",
      "venue": "IEEE transactions on medical imaging 37 (11), 2428-2440, 2018",
      "year": 2018,
      "citations": 213
    },
    {
      "title": "Association between interstitial lung abnormalities and all-cause mortality",
      "url": "https://scholar.google.com/citations?view_op=view_citation&hl=en&user=-FEKnUcAAAAJ&citation_for_view=-FEKnUcAAAAJ:Xl6nMSl579sC",
      "authors": "RK Putman, H Hatabu, T Araki, G Gudmundsson, W Gao, M Nishino, ...",
      "venue": "Jama 315 (7), 672-681, 2016",
      "year": 2016,
      "citations": 492
    },
    {
      "title": "Development and progression of interstitial lung abnormalities in the Framingham Heart Study",
      "url": "https://scholar.google.com/citations?view_op=view_citation&hl=en&user=-FEKnUcAAAAJ&citation_for_view=-FEKnUcAAAAJ:DyXnQzXoVgIC",
      "authors": "T Araki, RK Putman, H Hatabu, W Gao, J Dupuis, JC Latourelle, ...",
      "venue": "American journal of respiratory and critical care medicine 194 (12), 1514-1522, 2016",
      "year": 2016,
      "citations": 346
    },
    {
      "title": "Three-dimensional printing and 3D slicer: powerful tools in understanding and treating structural lung disease",
      "url": "https://scholar.google.com/citations?view_op=view_citation&hl=en&user=-FEKnUcAAAAJ&citation_for_view=-FEKnUcAAAAJ:silx2ntsSuwC",
      "authors": "GZ Cheng, RSJ Estepar, E Folch, J Onieva, S Gangadharan, A Majid",
      "venue": "Chest 149 (5), 1136-1142, 2016",
      "year": 2016,
      "citations": 158
    },
    {
      "title": "A genome-wide association study of emphysema and airway quantitative imaging phenotypes",
      "url": "https://scholar.google.com/citations?view_op=view_citation&hl=en&user=-FEKnUcAAAAJ&citation_for_view=-FEKnUcAAAAJ:rbm3iO8VlycC",
      "authors": "MH Cho, PJ Castaldi, CP Hersh, BD Hobbs, RG Barr, R Tal-Singer, ...",
      "venue": "American journal of respiratory and critical care medicine 192 (5), 559-569, 2015",
      "year": 2015,
      "citations": 164
    },
    {
      "title": "Quantitative computed tomography measures of pectoralis muscle area and disease severity in chronic obstructive pulmonary disease. A cross-sectional study",
      "url": "https://scholar.google.com/citations?view_op=view_citation&hl=en&user=-FEKnUcAAAAJ&citation_for_view=-FEKnUcAAAAJ:AXkvAH5U_nMC",
      "authors": "MLN McDonald, AA Diaz, JC Ross, R San Jose Estepar, L Zhou, ...",
      "venue": "Annals of the American Thoracic Society 11 (3), 326-334, 2014",
      "year": 2014,
      "citations": 259
    },
    {
      "title": "Comparing algorithms for automated vessel segmentation in computed tomography scans of the lung: the VESSEL12 study",
      "url": "https://scholar.google.com/citations?view_op=view_citation&hl=en&user=-FEKnUcAAAAJ&citation_for_view=-FEKnUcAAAAJ:1DsIQWDZLl8C",
      "authors": "RD Rudyanto, S Kerkstra, EM Van Rikxoort, C Fetita, PY Brillet, C Lefevre, ...",
      "venue": "Medical image analysis 18 (7), 1217-1232, 2014",
      "year": 2014,
      "citations": 199
    },
    {
      "title": "MUC5B Promoter Polymorphism and Interstitial Lung Abnormalities",
      "url": "https://scholar.google.com/citations?view_op=view_citation&hl=en&user=-FEKnUcAAAAJ&citation_for_view=-FEKnUcAAAAJ:7BrZ7Jt4UNcC",
      "authors": "GM Hunninghake, H Hatabu, Y Okajima, W Gao, J Dupuis, JC Latourelle, ...",
      "venue": "New England Journal of Medicine 368 (23), 2192-2200, 2013",
      "year": 2013,
      "citations": 476
    },
    {
      "title": "Computed tomographic measures of pulmonary vascular morphology in smokers and their clinical implications",
      "url": "https://scholar.google.com/citations?view_op=view_citation&hl=en&user=-FEKnUcAAAAJ&citation_for_view=-FEKnUcAAAAJ:PaBasH6fAo0C",
      "authors": "RSJ Estépar, GL Kinney, JL Black-Shinn, RP Bowler, GL Kindlmann, ...",
      "venue": "American journal of respiratory and critical care medicine 188 (2), 231-239, 2013",
      "year": 2013,
      "citations": 275
    },
    {
      "title": "Lung volumes and emphysema in smokers with interstitial lung abnormalities",
      "url": "https://scholar.google.com/citations?view_op=view_citation&hl=en&user=-FEKnUcAAAAJ&citation_for_view=-FEKnUcAAAAJ:QYdC8u9Cj1oC",
      "authors": "GR Washko, GM Hunninghake, IE Fernandez, M Nishino, Y Okajima, ...",
      "venue": "New England Journal of Medicine 364 (10), 897-906, 2011",
      "year": 2011,
      "citations": 671
    },
    {
      "title": "Pulmonary hypertension and computed tomography measurement of small pulmonary vessels in severe emphysema",
      "url": "https://scholar.google.com/citations?view_op=view_citation&hl=en&user=-FEKnUcAAAAJ&citation_for_view=-FEKnUcAAAAJ:4vMrXwiscB8C",
      "authors": "S Matsuoka, GR Washko, T Yamashiro, RSJ Estepar, A Diaz, ...",
      "venue": "American journal of respiratory and critical care medicine 181 (3), 218-225, 2010",
      "year": 2010,
      "citations": 232
    },
    {
      "title": "Identification of early interstitial lung disease in smokers from the COPDGene Study",
      "url": "https://scholar.google.com/citations?view_op=view_citation&hl=en&user=-FEKnUcAAAAJ&citation_for_view=-FEKnUcAAAAJ:artPoR2Yc-kC",
      "authors": "GR Washko, DA Lynch, S Matsuoka, JC Ross, S Umeoka, A Diaz, ...",
      "venue": "Academic radiology 17 (1), 48-53, 2010",
      "year": 2010,
      "citations": 231
    },
    {
      "title": "Quantitative CT measurement of cross-sectional area of small pulmonary vessel in COPD: correlations with emphysema and airflow limitation",
      "url": "https://scholar.google.com/citations?view_op=view_citation&hl=en&user=-FEKnUcAAAAJ&citation_for_view=-FEKnUcAAAAJ:Bg7qf7VwUHIC",
      "authors": "S Matsuoka, GR Washko, MT Dransfield, T Yamashiro, RSJ Estepar, ...",
      "venue": "Academic radiology 17 (1), 93-99, 2010",
      "year": 2010,
      "citations": 181
    },
    {
      "title": "Gender differences in the severity of CT emphysema in COPD",
      "url": "https://scholar.google.com/citations?view_op=view_citation&hl=en&user=-FEKnUcAAAAJ&citation_for_view=-FEKnUcAAAAJ:WJVC3Jt7v1AC",
      "authors": "MT Dransfield, GR Washko, MG Foreman, RSJ Estepar, J Reilly, ...",
      "venue": "Chest 132 (2), 464-470, 2007",
      "year": 2007,
      "citations": 221
    },
    {
      "title": "Image quality assessment based on local variance",
      "url": "https://scholar.google.com/citations?view_op=view_citation&hl=en&user=-FEKnUcAAAAJ&citation_for_view=-FEKnUcAAAAJ:OTTXONDVkokC",
      "authors": "S Aja-Fernandez, RSJ Estepar, C Alberola-Lopez, CF Westin",
      "venue": "2006 international conference of the ieee engineering in medicine and …, 2006",
      "year": 2006,
      "citations": 260
    }
  ],
  "co_authors": [
    {
      "name": "Carl-Fredrik Westin",
      "scholar_id": "fUqBrO4AAAAJ",
      "url": "https://scholar.google.com/citations?user=fUqBrO4AAAAJ"
    },
    {
      "name": "Sila Kurugol, PhD",
      "scholar_id": "Y-c3lSsAAAAJ",
      "url": "https://scholar.google.com/citations?user=Y-c3lSsAAAAJ"
    },
    {
      "name": "Gordon Kindlmann",
      "scholar_id": "Ky1op0MAAAAJ",
      "url": "https://scholar.google.com/citations?user=Ky1op0MAAAAJ"
    },
    {
      "name": "Marc Niethammer",
      "scholar_id": "KqtBi6MAAAAJ",
      "url": "https://scholar.google.com/citations?user=KqtBi6MAAAAJ"
    },
    {
      "name": "Martha E. Shenton",
      "scholar_id": "bUGiGKcAAAAJ",
      "url": "https://scholar.google.com/citations?user=bUGiGKcAAAAJ"
    },
    {
      "name": "Demian Wassermann",
      "scholar_id": "TX-vLhIAAAAJ",
      "url": "https://scholar.google.com/citations?user=TX-vLhIAAAAJ"
    },
    {
      "name": "Jayender Jagadeesan",
      "scholar_id": "i3Blz1UAAAAJ",
      "url": "https://scholar.google.com/citations?user=i3Blz1UAAAAJ"
    },
    {
      "name": "Marcos Martín Fernández",
      "scholar_id": "pSRG1DsAAAAJ",
      "url": "https://scholar.google.com/citations?user=pSRG1DsAAAAJ"
    },
    {
      "name": "Santiago Aja Fernandez",
      "scholar_id": "jt3LYaMAAAAJ",
      "url": "https://scholar.google.com/citations?user=jt3LYaMAAAAJ"
    },
    {
      "name": "Dr. Ramtin Shams",
      "scholar_id": "ry3yh0YAAAAJ",
      "url": "https://scholar.google.com/citations?user=ry3yh0YAAAAJ"
    },
    {
      "name": "Arrate Muñoz Barrutia",
      "scholar_id": "2NKlRCAAAAAJ",
      "url": "https://scholar.google.com/citations?user=2NKlRCAAAAAJ"
    }
  ]
}