{
  "author_info": {
    "name": "Andreas Fischer",
    "affiliation": "University of Fribourg",
    "email_verified": "Verified email at unifr.ch - Homepage",
    "website": "https://www.unifr.ch/inf/en/all/people/2866/825d2",
    "interests": [
      "Pattern Recognition",
      "Deep Learning",
      "Graph Matching",
      "Document Analysis",
      "Handwriting Recognition"
    ],
    "photo_url": "https://scholar.googleusercontent.com/citations?view_op=view_photo&user=-HlcweoAAAAJ&citpid=3"
  },
  "citation_stats": {
    "citations_all": 4475,
    "citations_since_2020": 2025,
    "h_index_all": 34,
    "h_index_since_2020": 23,
    "i10_index_all": 83,
    "i10_index_since_2020": 54,
    "citation_graph": [
      {
        "year": 2010,
        "citations": 25
      },
      {
        "year": 2011,
        "citations": 40
      },
      {
        "year": 2012,
        "citations": 111
      },
      {
        "year": 2013,
        "citations": 155
      },
      {
        "year": 2014,
        "citations": 217
      },
      {
        "year": 2015,
        "citations": 271
      },
      {
        "year": 2016,
        "citations": 330
      },
      {
        "year": 2017,
        "citations": 346
      },
      {
        "year": 2018,
        "citations": 419
      },
      {
        "year": 2019,
        "citations": 408
      },
      {
        "year": 2020,
        "citations": 376
      },
      {
        "year": 2021,
        "citations": 422
      },
      {
        "year": 2022,
        "citations": 333
      },
      {
        "year": 2023,
        "citations": 307
      },
      {
        "year": 2024,
        "citations": 339
      },
      {
        "year": 2025,
        "citations": 242
      }
    ]
  },
  "papers": [
    {
      "title": "A comprehensive study of imagenet pre-training for historical document image analysis",
      "url": "https://scholar.google.com/citations?view_op=view_citation&hl=en&user=-HlcweoAAAAJ&citation_for_view=-HlcweoAAAAJ:lSLTfruPkqcC",
      "authors": "L Studer, M Alberti, V Pondenkandath, P Goktepe, T Kolonko, A Fischer, ...",
      "venue": "2019 International Conference on Document Analysis and Recognition (ICDAR …, 2019",
      "year": 2019,
      "citations": 98
    },
    {
      "title": "Combining graph edit distance and triplet networks for offline signature verification",
      "url": "https://scholar.google.com/citations?view_op=view_citation&hl=en&user=-HlcweoAAAAJ&citation_for_view=-HlcweoAAAAJ:k_IJM867U9cC",
      "authors": "P Maergner, V Pondenkandath, M Alberti, M Liwicki, K Riesen, R Ingold, ...",
      "venue": "Pattern Recognition Letters 125, 527-533, 2019",
      "year": 2019,
      "citations": 83
    },
    {
      "title": "Learning graph distances with message passing neural networks",
      "url": "https://scholar.google.com/citations?view_op=view_citation&hl=en&user=-HlcweoAAAAJ&citation_for_view=-HlcweoAAAAJ:ldfaerwXgEUC",
      "authors": "P Riba, A Fischer, J Lladós, A Fornés",
      "venue": "2018 24th International Conference on Pattern Recognition (ICPR), 2239-2244, 2018",
      "year": 2018,
      "citations": 65
    },
    {
      "title": "Improved quadratic time approximation of graph edit distance by combining Hausdorff matching and greedy assignment",
      "url": "https://scholar.google.com/citations?view_op=view_citation&hl=en&user=-HlcweoAAAAJ&citation_for_view=-HlcweoAAAAJ:r0BpntZqJG4C",
      "authors": "A Fischer, K Riesen, H Bunke",
      "venue": "Pattern Recognition Letters 87, 55-62, 2017",
      "year": 2017,
      "citations": 62
    },
    {
      "title": "A survey on applications of bipartite graph edit distance",
      "url": "https://scholar.google.com/citations?view_op=view_citation&hl=en&user=-HlcweoAAAAJ&citation_for_view=-HlcweoAAAAJ:rO6llkc54NcC",
      "authors": "M Stauffer, T Tschachtli, A Fischer, K Riesen",
      "venue": "International Workshop on Graph-Based Representations in Pattern Recognition …, 2017",
      "year": 2017,
      "citations": 61
    },
    {
      "title": "Dynamic signature verification system based on one real signature",
      "url": "https://scholar.google.com/citations?view_op=view_citation&hl=en&user=-HlcweoAAAAJ&citation_for_view=-HlcweoAAAAJ:TFP_iSt0sucC",
      "authors": "M Diaz, A Fischer, MA Ferrer, R Plamondon",
      "venue": "IEEE transactions on cybernetics 48 (1), 228-239, 2016",
      "year": 2016,
      "citations": 163
    },
    {
      "title": "Signature verification based on the kinematic theory of rapid human movements",
      "url": "https://scholar.google.com/citations?view_op=view_citation&hl=en&user=-HlcweoAAAAJ&citation_for_view=-HlcweoAAAAJ:j3f4tGmQtD8C",
      "authors": "A Fischer, R Plamondon",
      "venue": "IEEE Transactions on Human-Machine Systems 47 (2), 169-180, 2016",
      "year": 2016,
      "citations": 82
    },
    {
      "title": "Approximation of graph edit distance based on Hausdorff matching",
      "url": "https://scholar.google.com/citations?view_op=view_citation&hl=en&user=-HlcweoAAAAJ&citation_for_view=-HlcweoAAAAJ:ZeXyd9-uunAC",
      "authors": "A Fischer, CY Suen, V Frinken, K Riesen, H Bunke",
      "venue": "Pattern Recognition 48 (2), 331-343, 2015",
      "year": 2015,
      "citations": 182
    },
    {
      "title": "Robust score normalization for DTW-based on-line signature verification",
      "url": "https://scholar.google.com/citations?view_op=view_citation&hl=en&user=-HlcweoAAAAJ&citation_for_view=-HlcweoAAAAJ:abG-DnoFyZgC",
      "authors": "A Fischer, M Diaz, R Plamondon, MA Ferrer",
      "venue": "2015 13th international conference on document analysis and recognition …, 2015",
      "year": 2015,
      "citations": 77
    },
    {
      "title": "Neural network language models for off-line handwriting recognition",
      "url": "https://scholar.google.com/citations?view_op=view_citation&hl=en&user=-HlcweoAAAAJ&citation_for_view=-HlcweoAAAAJ:MXK_kJrjxJIC",
      "authors": "F Zamora-Martínez, V Frinken, S España-Boquera, MJ Castro-Bleda, ...",
      "venue": "Pattern Recognition 47 (4), 1642-1652, 2014",
      "year": 2014,
      "citations": 109
    },
    {
      "title": "A fast matching algorithm for graph-based handwriting recognition",
      "url": "https://scholar.google.com/citations?view_op=view_citation&hl=en&user=-HlcweoAAAAJ&citation_for_view=-HlcweoAAAAJ:KlAtU1dfN6UC",
      "authors": "A Fischer, CY Suen, V Frinken, K Riesen, H Bunke",
      "venue": "International Workshop on Graph-Based Representations in Pattern Recognition …, 2013",
      "year": 2013,
      "citations": 81
    },
    {
      "title": "Improving hmm-based keyword spotting with character language models",
      "url": "https://scholar.google.com/citations?view_op=view_citation&hl=en&user=-HlcweoAAAAJ&citation_for_view=-HlcweoAAAAJ:Zph67rFs4hoC",
      "authors": "A Fischer, V Frinken, H Bunke, CY Suen",
      "venue": "2013 12th International Conference on Document Analysis and Recognition, 506-510, 2013",
      "year": 2013,
      "citations": 59
    },
    {
      "title": "Lexicon-free handwritten word spotting using character HMMs",
      "url": "https://scholar.google.com/citations?view_op=view_citation&hl=en&user=-HlcweoAAAAJ&citation_for_view=-HlcweoAAAAJ:u-x6o8ySG0sC",
      "authors": "A Fischer, A Keller, V Frinken, H Bunke",
      "venue": "Pattern recognition letters 33 (7), 934-942, 2012",
      "year": 2012,
      "citations": 441
    },
    {
      "title": "Binarization-free text line segmentation for historical documents based on interest point clustering",
      "url": "https://scholar.google.com/citations?view_op=view_citation&hl=en&user=-HlcweoAAAAJ&citation_for_view=-HlcweoAAAAJ:YsMSGLbcyi4C",
      "authors": "A Garz, A Fischer, R Sablatnig, H Bunke",
      "venue": "2012 10th IAPR International Workshop on Document Analysis Systems, 95-99, 2012",
      "year": 2012,
      "citations": 78
    },
    {
      "title": "A novel word spotting method based on recurrent neural networks",
      "url": "https://scholar.google.com/citations?view_op=view_citation&hl=en&user=-HlcweoAAAAJ&citation_for_view=-HlcweoAAAAJ:u5HHmVD_uO8C",
      "authors": "V Frinken, A Fischer, R Manmatha, H Bunke",
      "venue": "IEEE transactions on pattern analysis and machine intelligence 34 (2), 211-224, 2011",
      "year": 2011,
      "citations": 407
    },
    {
      "title": "Transcription alignment of Latin manuscripts using hidden Markov models",
      "url": "https://scholar.google.com/citations?view_op=view_citation&hl=en&user=-HlcweoAAAAJ&citation_for_view=-HlcweoAAAAJ:UeHWp8X0CEIC",
      "authors": "A Fischer, V Frinken, A Fornés, H Bunke",
      "venue": "Proceedings of the 2011 workshop on historical document imaging and …, 2011",
      "year": 2011,
      "citations": 191
    },
    {
      "title": "HMM-based word spotting in handwritten documents using subword models",
      "url": "https://scholar.google.com/citations?view_op=view_citation&hl=en&user=-HlcweoAAAAJ&citation_for_view=-HlcweoAAAAJ:9yKSN-GCB0IC",
      "authors": "A Fischer, A Keller, V Frinken, H Bunke",
      "venue": "2010 20th International Conference on Pattern Recognition, 3416-3419, 2010",
      "year": 2010,
      "citations": 159
    },
    {
      "title": "Ground truth creation for handwriting recognition in historical documents",
      "url": "https://scholar.google.com/citations?view_op=view_citation&hl=en&user=-HlcweoAAAAJ&citation_for_view=-HlcweoAAAAJ:qjMakFHDy7sC",
      "authors": "A Fischer, E Indermühle, H Bunke, G Viehhauser, M Stolz",
      "venue": "Proceedings of the 9th IAPR International Workshop on Document Analysis …, 2010",
      "year": 2010,
      "citations": 131
    },
    {
      "title": "Graph similarity features for HMM-based handwriting recognition in historical documents",
      "url": "https://scholar.google.com/citations?view_op=view_citation&hl=en&user=-HlcweoAAAAJ&citation_for_view=-HlcweoAAAAJ:zYLM7Y9cAGgC",
      "authors": "A Fischer, K Riesen, H Bunke",
      "venue": "2010 12th International Conference on Frontiers in Handwriting Recognition …, 2010",
      "year": 2010,
      "citations": 79
    },
    {
      "title": "Automatic transcription of handwritten medieval documents",
      "url": "https://scholar.google.com/citations?view_op=view_citation&hl=en&user=-HlcweoAAAAJ&citation_for_view=-HlcweoAAAAJ:d1gkVwhDpl0C",
      "authors": "A Fischer, M Wuthrich, M Liwicki, V Frinken, H Bunke, G Viehhauser, ...",
      "venue": "2009 15th International Conference on Virtual Systems and Multimedia, 137-142, 2009",
      "year": 2009,
      "citations": 129
    }
  ],
  "co_authors": []
}