{
  "author_info": {
    "name": "Shih-Han Chou",
    "affiliation": "The University of British Columbia",
    "email_verified": "Verified email at cs.ubc.ca - Homepage",
    "website": "https://shihhanchou.github.io/",
    "interests": [
      "Computer Vision",
      "AI",
      "Deep Learning"
    ],
    "photo_url": "https://scholar.googleusercontent.com/citations?view_op=view_photo&user=-6k9sp8AAAAJ&citpid=1"
  },
  "citation_stats": {
    "citations_all": 343,
    "citations_since_2020": 328,
    "h_index_all": 5,
    "h_index_since_2020": 5,
    "i10_index_all": 5,
    "i10_index_since_2020": 5,
    "citation_graph": [
      {
        "year": 2017,
        "citations": 1
      },
      {
        "year": 2018,
        "citations": 6
      },
      {
        "year": 2019,
        "citations": 8
      },
      {
        "year": 2020,
        "citations": 20
      },
      {
        "year": 2021,
        "citations": 30
      },
      {
        "year": 2022,
        "citations": 56
      },
      {
        "year": 2023,
        "citations": 66
      },
      {
        "year": 2024,
        "citations": 70
      },
      {
        "year": 2025,
        "citations": 86
      }
    ]
  },
  "papers": [
    {
      "title": "Multimodal classification of alzheimer’s disease by combining facial and eye-tracking data",
      "url": "https://scholar.google.com/citations?view_op=view_citation&hl=en&user=-6k9sp8AAAAJ&citation_for_view=-6k9sp8AAAAJ:ufrVoPGSRksC",
      "authors": "SH Chou, M Teng, H Sriram, C Li, G Carenini, C Conati, TS Field, H Jang, ...",
      "venue": "Machine Learning for Health (ML4H), 219-232, 2025",
      "year": 2025,
      "citations": 2
    },
    {
      "title": "MM-R3: On (In-) Consistency of Vision-Language Models (VLMs)",
      "url": "https://scholar.google.com/citations?view_op=view_citation&hl=en&user=-6k9sp8AAAAJ&citation_for_view=-6k9sp8AAAAJ:LkGwnXOMwfcC",
      "authors": "SH Chou, S Chandhok, J Little, L Sigal",
      "venue": "Findings of the Association for Computational Linguistics: ACL 2025, 4762-4788, 2025",
      "year": 2025,
      "citations": 0
    },
    {
      "title": "Test-Time Consistency in Vision Language Models",
      "url": "https://scholar.google.com/citations?view_op=view_citation&hl=en&user=-6k9sp8AAAAJ&citation_for_view=-6k9sp8AAAAJ:_FxGoFyzp5QC",
      "authors": "SH Chou, S Chandhok, JJ Little, L Sigal",
      "venue": "arXiv preprint arXiv:2506.22395, 2025",
      "year": 2025,
      "citations": 0
    },
    {
      "title": "Implicit and explicit commonsense for multi-sentence video captioning",
      "url": "https://scholar.google.com/citations?view_op=view_citation&hl=en&user=-6k9sp8AAAAJ&citation_for_view=-6k9sp8AAAAJ:YsMSGLbcyi4C",
      "authors": "SH Chou, JJ Little, L Sigal",
      "venue": "Computer Vision and Image Understanding 247, 104064, 2024",
      "year": 2024,
      "citations": 2
    },
    {
      "title": "Multi-modal news understanding with professionally labelled videos (reutersvilnews)",
      "url": "https://scholar.google.com/citations?view_op=view_citation&hl=en&user=-6k9sp8AAAAJ&citation_for_view=-6k9sp8AAAAJ:eQOLeE2rZwMC",
      "authors": "SH Chou, M Kowal, Y Niknam, D Moyano, S Mehdi, R Pito, C Zhang, ...",
      "venue": "arXiv preprint arXiv:2401.12419, 2024",
      "year": 2024,
      "citations": 1
    },
    {
      "title": "MM-R: On (In-)Consistency of Multi-modal Large Language Models (MLLMs)",
      "url": "https://scholar.google.com/citations?view_op=view_citation&hl=en&user=-6k9sp8AAAAJ&citation_for_view=-6k9sp8AAAAJ:WF5omc3nYNoC",
      "authors": "SH Chou, S Chandhok, J Little, L Sigal",
      "venue": "",
      "citations": 0,
      "year": 2024
    },
    {
      "title": "Semi-supervised grounding alignment for multi-modal feature learning",
      "url": "https://scholar.google.com/citations?view_op=view_citation&hl=en&user=-6k9sp8AAAAJ&citation_for_view=-6k9sp8AAAAJ:zYLM7Y9cAGgC",
      "authors": "SH Chou, Z Fan, JJ Little, L Sigal",
      "venue": "2022 19th Conference on Robots and Vision (CRV), 48-57, 2022",
      "year": 2022,
      "citations": 5
    },
    {
      "title": "Automatic Composition Recommendations for Portrait Photography",
      "url": "https://scholar.google.com/citations?view_op=view_citation&hl=en&user=-6k9sp8AAAAJ&citation_for_view=-6k9sp8AAAAJ:Y0pCki6q_DkC",
      "authors": "WS Lai, Y Zhuang, Y Shih, SH Chou",
      "venue": "",
      "citations": 1,
      "year": 2022
    },
    {
      "title": "An improved attention for visual question answering",
      "url": "https://scholar.google.com/citations?view_op=view_citation&hl=en&user=-6k9sp8AAAAJ&citation_for_view=-6k9sp8AAAAJ:Tyk-4Ss8FVUC",
      "authors": "T Rahman, SH Chou, L Sigal, G Carenini",
      "venue": "Proceedings of the IEEE/CVF conference on computer vision and pattern …, 2021",
      "year": 2021,
      "citations": 83
    },
    {
      "title": "360-indoor: Towards learning real-world objects in 360deg indoor equirectangular images",
      "url": "https://scholar.google.com/citations?view_op=view_citation&hl=en&user=-6k9sp8AAAAJ&citation_for_view=-6k9sp8AAAAJ:9yKSN-GCB0IC",
      "authors": "SH Chou, C Sun, WY Chang, WT Hsu, M Sun, J Fu",
      "venue": "Proceedings of the IEEE/CVF Winter Conference on Applications of Computer …, 2020",
      "year": 2020,
      "citations": 72
    },
    {
      "title": "Visual question answering on 360deg images",
      "url": "https://scholar.google.com/citations?view_op=view_citation&hl=en&user=-6k9sp8AAAAJ&citation_for_view=-6k9sp8AAAAJ:2osOgNQ5qMEC",
      "authors": "SH Chou, WL Chao, WS Lai, M Sun, MH Yang",
      "venue": "Proceedings of the IEEE/CVF winter conference on applications of computer …, 2020",
      "year": 2020,
      "citations": 43
    },
    {
      "title": "Self-view grounding given a narrated 360 video",
      "url": "https://scholar.google.com/citations?view_op=view_citation&hl=en&user=-6k9sp8AAAAJ&citation_for_view=-6k9sp8AAAAJ:u5HHmVD_uO8C",
      "authors": "SH Chou, YC Chen, KH Zeng, HN Hu, J Fu, M Sun",
      "venue": "Proceedings of the AAAI Conference on Artificial Intelligence 32 (1), 2018",
      "year": 2018,
      "citations": 26
    },
    {
      "title": "Agent-centric risk assessment: Accident anticipation and risky region localization",
      "url": "https://scholar.google.com/citations?view_op=view_citation&hl=en&user=-6k9sp8AAAAJ&citation_for_view=-6k9sp8AAAAJ:d1gkVwhDpl0C",
      "authors": "KH Zeng, SH Chou, FH Chan, J Carlos Niebles, M Sun",
      "venue": "Proceedings of the IEEE Conference on Computer Vision and Pattern …, 2017",
      "year": 2017,
      "citations": 106
    },
    {
      "title": "Self-view grounding given a narrated 360 {\\deg} video",
      "url": "https://scholar.google.com/citations?view_op=view_citation&hl=en&user=-6k9sp8AAAAJ&citation_for_view=-6k9sp8AAAAJ:u-x6o8ySG0sC",
      "authors": "SH Chou, YC Chen, KH Zeng, HN Hu, J Fu, M Sun",
      "venue": "arXiv preprint arXiv:1711.08664, 2017",
      "year": 2017,
      "citations": 2
    },
    {
      "title": "README: A Literature Survey Assistant",
      "url": "https://scholar.google.com/citations?view_op=view_citation&hl=en&user=-6k9sp8AAAAJ&citation_for_view=-6k9sp8AAAAJ:IjCSPb-OGe4C",
      "authors": "R Goyal, SH Chou, S Khandelwal",
      "venue": "Mathematics and Computers in Simulation 2011, 2008",
      "year": 2008,
      "citations": 0
    }
  ],
  "co_authors": [
    {
      "name": "Min Sun",
      "scholar_id": "1Rf6sGcAAAAJ",
      "url": "https://scholar.google.com/citations?user=1Rf6sGcAAAAJ"
    },
    {
      "name": "Jianlong Fu",
      "scholar_id": "-WqSwu8AAAAJ",
      "url": "https://scholar.google.com/citations?user=-WqSwu8AAAAJ"
    },
    {
      "name": "Juan Carlos Niebles",
      "scholar_id": "hqNhUCYAAAAJ",
      "url": "https://scholar.google.com/citations?user=hqNhUCYAAAAJ"
    },
    {
      "name": "Fu-Hsiang Chan",
      "scholar_id": "JYy3LkcAAAAJ",
      "url": "https://scholar.google.com/citations?user=JYy3LkcAAAAJ"
    },
    {
      "name": "Hou-Ning Hu",
      "scholar_id": "VNSzxhUAAAAJ",
      "url": "https://scholar.google.com/citations?user=VNSzxhUAAAAJ"
    }
  ]
}