{
  "author_info": {
    "name": "Xue-Cheng Tai",
    "affiliation": "Norwegian Research Center (NORCE)",
    "email_verified": "Verified email at norceresearch.no - Homepage",
    "website": "https://www.norceresearch.no/en/persons/xue-cheng-tai-tai/36095434",
    "interests": [
      "numerical and computational mathematics",
      "computational imaging",
      "image processing",
      "data analysis"
    ],
    "photo_url": "https://scholar.googleusercontent.com/citations?view_op=view_photo&user=09Jag9sAAAAJ&citpid=3"
  },
  "citation_stats": {
    "citations_all": 13415,
    "citations_since_2020": 4090,
    "h_index_all": 56,
    "h_index_since_2020": 30,
    "i10_index_all": 182,
    "i10_index_since_2020": 103,
    "citation_graph": [
      {
        "year": 1998,
        "citations": 53
      },
      {
        "year": 1999,
        "citations": 50
      },
      {
        "year": 2000,
        "citations": 22
      },
      {
        "year": 2001,
        "citations": 54
      },
      {
        "year": 2002,
        "citations": 57
      },
      {
        "year": 2003,
        "citations": 95
      },
      {
        "year": 2004,
        "citations": 89
      },
      {
        "year": 2005,
        "citations": 169
      },
      {
        "year": 2006,
        "citations": 200
      },
      {
        "year": 2007,
        "citations": 331
      },
      {
        "year": 2008,
        "citations": 278
      },
      {
        "year": 2009,
        "citations": 419
      },
      {
        "year": 2010,
        "citations": 465
      },
      {
        "year": 2011,
        "citations": 707
      },
      {
        "year": 2012,
        "citations": 687
      },
      {
        "year": 2013,
        "citations": 924
      },
      {
        "year": 2014,
        "citations": 789
      },
      {
        "year": 2015,
        "citations": 842
      },
      {
        "year": 2016,
        "citations": 815
      },
      {
        "year": 2017,
        "citations": 683
      },
      {
        "year": 2018,
        "citations": 667
      },
      {
        "year": 2019,
        "citations": 729
      },
      {
        "year": 2020,
        "citations": 649
      },
      {
        "year": 2021,
        "citations": 606
      },
      {
        "year": 2022,
        "citations": 644
      },
      {
        "year": 2023,
        "citations": 664
      },
      {
        "year": 2024,
        "citations": 672
      },
      {
        "year": 2025,
        "citations": 838
      }
    ]
  },
  "papers": [
    {
      "title": "Thin, soft, wearable system for continuous wireless monitoring of artery blood pressure",
      "url": "https://scholar.google.com/citations?view_op=view_citation&hl=en&user=09Jag9sAAAAJ&citation_for_view=09Jag9sAAAAJ:s9piBQ-TX4wC",
      "authors": "",
      "venue": "Nature communications 14 (1), 5009, 2023",
      "year": 2023,
      "citations": 233
    },
    {
      "title": "A fast algorithm for Euler's elastica model using augmented Lagrangian method",
      "url": "https://scholar.google.com/citations?view_op=view_citation&hl=en&user=09Jag9sAAAAJ&citation_for_view=09Jag9sAAAAJ:M3NEmzRMIkIC",
      "authors": "XC Tai, J Hahn, GJ Chung",
      "venue": "SIAM Journal on Imaging Sciences 4 (1), 313--344, 2011",
      "year": 2011,
      "citations": 229
    },
    {
      "title": "Global minimization for continuous multiphase partitioning problems using a dual approach",
      "url": "https://scholar.google.com/citations?view_op=view_citation&hl=en&user=09Jag9sAAAAJ&citation_for_view=09Jag9sAAAAJ:M3ejUd6NZC8C",
      "authors": "E Bae, J Yuan, XC Tai",
      "venue": "International journal of computer vision 92 (1), 112--129, 2011",
      "year": 2011,
      "citations": 221
    },
    {
      "title": "Augmented Lagrangian method for total variation restoration with non-quadratic fidelity",
      "url": "https://scholar.google.com/citations?view_op=view_citation&hl=en&user=09Jag9sAAAAJ&citation_for_view=09Jag9sAAAAJ:4PzMk9GH2tkC",
      "authors": "C Wu, J Zhang, XC Tai",
      "venue": "Inverse Probl. Imaging 5 (1), 237-261, 2011",
      "year": 2011,
      "citations": 203
    },
    {
      "title": "Augmented Lagrangian method, dual methods, and split Bregman iteration for ROF, vectorial TV, and high order models",
      "url": "https://scholar.google.com/citations?view_op=view_citation&hl=en&user=09Jag9sAAAAJ&citation_for_view=09Jag9sAAAAJ:MXK_kJrjxJIC",
      "authors": "C Wu, XC Tai",
      "venue": "SIAM Journal on Imaging Sciences 3 (3), 300-339, 2010",
      "year": 2010,
      "citations": 685
    },
    {
      "title": "A study on continuous max-flow and min-cut approaches",
      "url": "https://scholar.google.com/citations?view_op=view_citation&hl=en&user=09Jag9sAAAAJ&citation_for_view=09Jag9sAAAAJ:_Qo2XoVZTnwC",
      "authors": "J Yuan, E Bae, XC Tai",
      "venue": "2010 ieee computer society conference on computer vision and pattern …, 2010",
      "year": 2010,
      "citations": 355
    },
    {
      "title": "A continuous max-flow approach to potts model",
      "url": "https://scholar.google.com/citations?view_op=view_citation&hl=en&user=09Jag9sAAAAJ&citation_for_view=09Jag9sAAAAJ:hMod-77fHWUC",
      "authors": "J Yuan, E Bae, XC Tai, Y Boykov",
      "venue": "Computer Vision–ECCV 2010, 379-392, 2010",
      "year": 2010,
      "citations": 240
    },
    {
      "title": "Augmented Lagrangian method, dual methods and split Bregman iteration for ROF model",
      "url": "https://scholar.google.com/citations?view_op=view_citation&hl=en&user=09Jag9sAAAAJ&citation_for_view=09Jag9sAAAAJ:eQOLeE2rZwMC",
      "authors": "XC Tai, C Wu",
      "venue": "Scale Space and Variational Methods in Computer Vision, 502-513, 2009",
      "year": 2009,
      "citations": 246
    },
    {
      "title": "A binary level set model and some applications to Mumford-Shah image segmentation",
      "url": "https://scholar.google.com/citations?view_op=view_citation&hl=en&user=09Jag9sAAAAJ&citation_for_view=09Jag9sAAAAJ:d1gkVwhDpl0C",
      "authors": "J Lie, M Lysaker, XC Tai",
      "venue": "Image Processing, IEEE Transactions on 15 (5), 1171-1181, 2006",
      "year": 2006,
      "citations": 508
    },
    {
      "title": "Iterative image restoration combining total variation minimization and a second-order functional",
      "url": "https://scholar.google.com/citations?view_op=view_citation&hl=en&user=09Jag9sAAAAJ&citation_for_view=09Jag9sAAAAJ:W7OEmFMy1HYC",
      "authors": "M Lysaker, XC Tai",
      "venue": "International Journal of Computer Vision 66 (1), 5-18, 2006",
      "year": 2006,
      "citations": 364
    },
    {
      "title": "A variant of the level set method and applications to image segmentation",
      "url": "https://scholar.google.com/citations?view_op=view_citation&hl=en&user=09Jag9sAAAAJ&citation_for_view=09Jag9sAAAAJ:2osOgNQ5qMEC",
      "authors": "J Lie, M Lysaker, XC Tai",
      "venue": "Mathematics of computation 75 (255), 1155-1174, 2006",
      "year": 2006,
      "citations": 321
    },
    {
      "title": "Electrical impedance tomography using level set representation and total variational regularization",
      "url": "https://scholar.google.com/citations?view_op=view_citation&hl=en&user=09Jag9sAAAAJ&citation_for_view=09Jag9sAAAAJ:Y0pCki6q_DkC",
      "authors": "ET Chung, TF Chan, XC Tai",
      "venue": "Journal of Computational Physics 205 (1), 357-372, 2005",
      "year": 2005,
      "citations": 311
    },
    {
      "title": "Noise removal using smoothed normals and surface fitting",
      "url": "https://scholar.google.com/citations?view_op=view_citation&hl=en&user=09Jag9sAAAAJ&citation_for_view=09Jag9sAAAAJ:u-x6o8ySG0sC",
      "authors": "M Lysaker, S Osher, XC Tai",
      "venue": "IEEE Transactions on image processing 13 (10), 1345-1357, 2004",
      "year": 2004,
      "citations": 309
    },
    {
      "title": "Level set and total variation regularization for elliptic inverse problems with discontinuous coefficients",
      "url": "https://scholar.google.com/citations?view_op=view_citation&hl=en&user=09Jag9sAAAAJ&citation_for_view=09Jag9sAAAAJ:9yKSN-GCB0IC",
      "authors": "TF Chan, XC Tai",
      "venue": "Journal of Computational Physics 193 (1), 40-66, 2004",
      "year": 2004,
      "citations": 278
    },
    {
      "title": "A survey on multiple level set methods with applications for identifying piecewise constant functions",
      "url": "https://scholar.google.com/citations?view_op=view_citation&hl=en&user=09Jag9sAAAAJ&citation_for_view=09Jag9sAAAAJ:PNc4OtJD23oC",
      "authors": "XC Tai, TF Chan",
      "venue": "International Journal of Numerical Analysis and Modeling 1 (1), 25-48, 2004",
      "year": 2004,
      "citations": 175
    },
    {
      "title": "Noise removal using fourth-order partial differential equation with applications to medical magnetic resonance images in space and time",
      "url": "https://scholar.google.com/citations?view_op=view_citation&hl=en&user=09Jag9sAAAAJ&citation_for_view=09Jag9sAAAAJ:u5HHmVD_uO8C",
      "authors": "M Lysaker, A Lundervold, XC Tai",
      "venue": "IEEE Transactions on image processing 12 (12), 1579-1590, 2003",
      "year": 2003,
      "citations": 1204
    },
    {
      "title": "A robust finite element method for Darcy-Stokes flow",
      "url": "https://scholar.google.com/citations?view_op=view_citation&hl=en&user=09Jag9sAAAAJ&citation_for_view=09Jag9sAAAAJ:Tyk-4Ss8FVUC",
      "authors": "KA Mardal, XC Tai, R Winther",
      "venue": "SIAM Journal on Numerical Analysis, 1605-1631, 2003",
      "year": 2003,
      "citations": 297
    },
    {
      "title": "Identification of discontinuous coefficients in elliptic problems using total variation regularization.",
      "url": "https://scholar.google.com/citations?view_op=view_citation&hl=en&user=09Jag9sAAAAJ&citation_for_view=09Jag9sAAAAJ:YsMSGLbcyi4C",
      "authors": "TF Chan, XC Tai",
      "venue": "SIAM Journal on Scientific Computing 25 (3), 881-904, 2003",
      "year": 2003,
      "citations": 157
    },
    {
      "title": "Global and uniform convergence of subspace correction methods for some convex optimization problems",
      "url": "https://scholar.google.com/citations?view_op=view_citation&hl=en&user=09Jag9sAAAAJ&citation_for_view=09Jag9sAAAAJ:IjCSPb-OGe4C",
      "authors": "XC Tai, J Xu",
      "venue": "Mathematics of Computation 71 (237), 105-124, 2002",
      "year": 2002,
      "citations": 201
    },
    {
      "title": "A parallel splitting up method and its application to Navier-Stokes equations",
      "url": "https://scholar.google.com/citations?view_op=view_citation&hl=en&user=09Jag9sAAAAJ&citation_for_view=09Jag9sAAAAJ:qjMakFHDy7sC",
      "authors": "T Lu, P Neittaanmäki, XC Tai",
      "venue": "Applied Mathematics Letters 4 (2), 25-29, 1991",
      "year": 1991,
      "citations": 185
    }
  ],
  "co_authors": [
    {
      "name": "T F Chan",
      "scholar_id": "UO7McmEAAAAJ",
      "url": "https://scholar.google.com/citations?user=UO7McmEAAAAJ"
    },
    {
      "name": "Egil Bae",
      "scholar_id": "4gZun2oAAAAJ",
      "url": "https://scholar.google.com/citations?user=4gZun2oAAAAJ"
    },
    {
      "name": "Jing Yuan",
      "scholar_id": "eMPV_ZkAAAAJ",
      "url": "https://scholar.google.com/citations?user=eMPV_ZkAAAAJ"
    },
    {
      "name": "Pekka Neittaanmäki",
      "scholar_id": "BShrE6oAAAAJ",
      "url": "https://scholar.google.com/citations?user=BShrE6oAAAAJ"
    },
    {
      "name": "Arvid Lundervold, BSc, MD, PhD",
      "scholar_id": "HqmyBUUAAAAJ",
      "url": "https://scholar.google.com/citations?user=HqmyBUUAAAAJ"
    },
    {
      "name": "Jooyoung Hahn",
      "scholar_id": "4w2vNhcAAAAJ",
      "url": "https://scholar.google.com/citations?user=4w2vNhcAAAAJ"
    },
    {
      "name": "Roland Glowinski",
      "scholar_id": "C6E528wAAAAJ",
      "url": "https://scholar.google.com/citations?user=C6E528wAAAAJ"
    },
    {
      "name": "Jun Liu",
      "scholar_id": "Ofzm8awAAAAJ",
      "url": "https://scholar.google.com/citations?user=Ofzm8awAAAAJ"
    },
    {
      "name": "Raymond H. Chan",
      "scholar_id": "ICiiEOAAAAAJ",
      "url": "https://scholar.google.com/citations?user=ICiiEOAAAAAJ"
    },
    {
      "name": "Ron Kimmel",
      "scholar_id": "yV7LaW8AAAAJ",
      "url": "https://scholar.google.com/citations?user=yV7LaW8AAAAJ"
    },
    {
      "name": "Yuri Boykov",
      "scholar_id": "h6_PdYsAAAAJ",
      "url": "https://scholar.google.com/citations?user=h6_PdYsAAAAJ"
    },
    {
      "name": "S osher",
      "scholar_id": "d3UtiX8AAAAJ",
      "url": "https://scholar.google.com/citations?user=d3UtiX8AAAAJ"
    },
    {
      "name": "Li-Lian Wang",
      "scholar_id": "19-d58sAAAAJ",
      "url": "https://scholar.google.com/citations?user=19-d58sAAAAJ"
    },
    {
      "name": "Wei Zhu",
      "scholar_id": "RAKBqb0AAAAJ",
      "url": "https://scholar.google.com/citations?user=RAKBqb0AAAAJ"
    },
    {
      "name": "Hao Liu",
      "scholar_id": "apN2TF0AAAAJ",
      "url": "https://scholar.google.com/citations?user=apN2TF0AAAAJ"
    },
    {
      "name": "Wenbing Tao",
      "scholar_id": "jRDPE2AAAAAJ",
      "url": "https://scholar.google.com/citations?user=jRDPE2AAAAAJ"
    },
    {
      "name": "Huibin Chang",
      "scholar_id": "5OHdMtMAAAAJ",
      "url": "https://scholar.google.com/citations?user=5OHdMtMAAAAJ"
    },
    {
      "name": "Jinchao Xu",
      "scholar_id": "pBHiYxcAAAAJ",
      "url": "https://scholar.google.com/citations?user=pBHiYxcAAAAJ"
    },
    {
      "name": "Guy Rosman",
      "scholar_id": "aQeTAr4AAAAJ",
      "url": "https://scholar.google.com/citations?user=aQeTAr4AAAAJ"
    },
    {
      "name": "Talal Rahman",
      "scholar_id": "hXE1zsUAAAAJ",
      "url": "https://scholar.google.com/citations?user=hXE1zsUAAAAJ"
    }
  ]
}