{
  "author_info": {
    "name": "Yogesh Balaji",
    "affiliation": "Research Scientist at NVIDIA",
    "email_verified": "Verified email at nvidia.com - Homepage",
    "website": "https://yogeshbalaji.github.io/",
    "interests": [
      "Machine Learning",
      "Computer Vision",
      "Artificial Intelligence"
    ],
    "photo_url": "https://scholar.googleusercontent.com/citations?view_op=view_photo&user=0I2qH0oAAAAJ&citpid=6"
  },
  "citation_stats": {
    "citations_all": 5618,
    "citations_since_2020": 5315,
    "h_index_all": 22,
    "h_index_since_2020": 22,
    "i10_index_all": 25,
    "i10_index_since_2020": 25,
    "citation_graph": [
      {
        "year": 2018,
        "citations": 55
      },
      {
        "year": 2019,
        "citations": 226
      },
      {
        "year": 2020,
        "citations": 403
      },
      {
        "year": 2021,
        "citations": 616
      },
      {
        "year": 2022,
        "citations": 667
      },
      {
        "year": 2023,
        "citations": 1021
      },
      {
        "year": 2024,
        "citations": 1293
      },
      {
        "year": 2025,
        "citations": 1307
      }
    ]
  },
  "papers": [
    {
      "title": "Cosmos world foundation model platform for physical ai",
      "url": "https://scholar.google.com/citations?view_op=view_citation&hl=en&user=0I2qH0oAAAAJ&citation_for_view=0I2qH0oAAAAJ:qUcmZB5y_30C",
      "authors": "N Agarwal, A Ali, M Bala, Y Balaji, E Barker, T Cai, P Chattopadhyay, ...",
      "venue": "arXiv preprint arXiv:2501.03575, 2025",
      "year": 2025,
      "citations": 261
    },
    {
      "title": "Jedi: Joint-image diffusion models for finetuning-free personalized text-to-image generation",
      "url": "https://scholar.google.com/citations?view_op=view_citation&hl=en&user=0I2qH0oAAAAJ&citation_for_view=0I2qH0oAAAAJ:dhFuZR0502QC",
      "authors": "Y Zeng, VM Patel, H Wang, X Huang, TC Wang, MY Liu, Y Balaji",
      "venue": "Proceedings of the IEEE/CVF Conference on Computer Vision and Pattern …, 2024",
      "year": 2024,
      "citations": 52
    },
    {
      "title": "One-step diffusion policy: Fast visuomotor policies via diffusion distillation",
      "url": "https://scholar.google.com/citations?view_op=view_citation&hl=en&user=0I2qH0oAAAAJ&citation_for_view=0I2qH0oAAAAJ:ZeXyd9-uunAC",
      "authors": "Z Wang, Z Li, A Mandlekar, Z Xu, J Fan, Y Narang, L Fan, Y Zhu, Y Balaji, ...",
      "venue": "arXiv preprint arXiv:2410.21257, 2024",
      "year": 2024,
      "citations": 30
    },
    {
      "title": "Preserve your own correlation: A noise prior for video diffusion models",
      "url": "https://scholar.google.com/citations?view_op=view_citation&hl=en&user=0I2qH0oAAAAJ&citation_for_view=0I2qH0oAAAAJ:4DMP91E08xMC",
      "authors": "S Ge, S Nah, G Liu, T Poon, A Tao, B Catanzaro, D Jacobs, JB Huang, ...",
      "venue": "Proceedings of the IEEE/CVF International Conference on Computer Vision …, 2023",
      "year": 2023,
      "citations": 321
    },
    {
      "title": "ediff-i: Text-to-image diffusion models with an ensemble of expert denoisers",
      "url": "https://scholar.google.com/citations?view_op=view_citation&hl=en&user=0I2qH0oAAAAJ&citation_for_view=0I2qH0oAAAAJ:aqlVkmm33-oC",
      "authors": "Y Balaji, S Nah, X Huang, A Vahdat, J Song, Q Zhang, K Kreis, M Aittala, ...",
      "venue": "arXiv preprint arXiv:2211.01324, 2022",
      "year": 2022,
      "citations": 1019
    },
    {
      "title": "A comprehensive study of image classification model sensitivity to foregrounds, backgrounds, and visual attributes",
      "url": "https://scholar.google.com/citations?view_op=view_citation&hl=en&user=0I2qH0oAAAAJ&citation_for_view=0I2qH0oAAAAJ:_kc_bZDykSQC",
      "authors": "M Moayeri, P Pope, Y Balaji, S Feizi",
      "venue": "Proceedings of the IEEE/CVF Conference on Computer Vision and Pattern …, 2022",
      "year": 2022,
      "citations": 84
    },
    {
      "title": "Winning lottery tickets in deep generative models",
      "url": "https://scholar.google.com/citations?view_op=view_citation&hl=en&user=0I2qH0oAAAAJ&citation_for_view=0I2qH0oAAAAJ:0EnyYjriUFMC",
      "authors": "NM Kalibhat, Y Balaji, S Feizi",
      "venue": "Proceedings of the AAAI Conference on Artificial Intelligence 35 (9), 8038-8046, 2021",
      "year": 2021,
      "citations": 43
    },
    {
      "title": "Understanding overparameterization in generative adversarial networks",
      "url": "https://scholar.google.com/citations?view_op=view_citation&hl=en&user=0I2qH0oAAAAJ&citation_for_view=0I2qH0oAAAAJ:kNdYIx-mwKoC",
      "authors": "Y Balaji, M Sajedi, NM Kalibhat, M Ding, D Stöger, M Soltanolkotabi, ...",
      "venue": "arXiv preprint arXiv:2104.05605, 2021",
      "year": 2021,
      "citations": 40
    },
    {
      "title": "Learning to balance specificity and invariance for in and out of domain generalization",
      "url": "https://scholar.google.com/citations?view_op=view_citation&hl=en&user=0I2qH0oAAAAJ&citation_for_view=0I2qH0oAAAAJ:UebtZRa9Y70C",
      "authors": "P Chattopadhyay, Y Balaji, J Hoffman",
      "venue": "European Conference on Computer Vision, 301-318, 2020",
      "year": 2020,
      "citations": 271
    },
    {
      "title": "Curriculum manager for source selection in multi-source domain adaptation",
      "url": "https://scholar.google.com/citations?view_op=view_citation&hl=en&user=0I2qH0oAAAAJ&citation_for_view=0I2qH0oAAAAJ:Se3iqnhoufwC",
      "authors": "L Yang, Y Balaji, SN Lim, A Shrivastava",
      "venue": "European conference on computer vision, 608-624, 2020",
      "year": 2020,
      "citations": 165
    },
    {
      "title": "Robust optimal transport with applications in generative modeling and domain adaptation",
      "url": "https://scholar.google.com/citations?view_op=view_citation&hl=en&user=0I2qH0oAAAAJ&citation_for_view=0I2qH0oAAAAJ:MXK_kJrjxJIC",
      "authors": "Y Balaji, R Chellappa, S Feizi",
      "venue": "Advances in Neural Information Processing Systems 33, 12934-12944, 2020",
      "year": 2020,
      "citations": 145
    },
    {
      "title": "The effectiveness of memory replay in large scale continual learning",
      "url": "https://scholar.google.com/citations?view_op=view_citation&hl=en&user=0I2qH0oAAAAJ&citation_for_view=0I2qH0oAAAAJ:5nxA0vEk-isC",
      "authors": "Y Balaji, M Farajtabar, D Yin, A Mott, A Li",
      "venue": "arXiv preprint arXiv:2010.02418, 2020",
      "year": 2020,
      "citations": 41
    },
    {
      "title": "Conditional GAN with Discriminative Filter Generation for Text-to-Video Synthesis.",
      "url": "https://scholar.google.com/citations?view_op=view_citation&hl=en&user=0I2qH0oAAAAJ&citation_for_view=0I2qH0oAAAAJ:W7OEmFMy1HYC",
      "authors": "Y Balaji, MR Min, B Bai, R Chellappa, HP Graf",
      "venue": "IJCAI 1 (2019), 2, 2019",
      "year": 2019,
      "citations": 200
    },
    {
      "title": "Instance adaptive adversarial training: Improved accuracy tradeoffs in neural nets",
      "url": "https://scholar.google.com/citations?view_op=view_citation&hl=en&user=0I2qH0oAAAAJ&citation_for_view=0I2qH0oAAAAJ:YsMSGLbcyi4C",
      "authors": "Y Balaji, T Goldstein, J Hoffman",
      "venue": "arXiv preprint arXiv:1910.08051, 2019",
      "year": 2019,
      "citations": 160
    },
    {
      "title": "Normalized wasserstein for mixture distributions with applications in adversarial learning and domain adaptation",
      "url": "https://scholar.google.com/citations?view_op=view_citation&hl=en&user=0I2qH0oAAAAJ&citation_for_view=0I2qH0oAAAAJ:eQOLeE2rZwMC",
      "authors": "Y Balaji, R Chellappa, S Feizi",
      "venue": "Proceedings of the IEEE/CVF international conference on computer vision …, 2019",
      "year": 2019,
      "citations": 70
    },
    {
      "title": "Entropic gans meet vaes: A statistical approach to compute sample likelihoods in gans",
      "url": "https://scholar.google.com/citations?view_op=view_citation&hl=en&user=0I2qH0oAAAAJ&citation_for_view=0I2qH0oAAAAJ:IjCSPb-OGe4C",
      "authors": "Y Balaji, H Hassani, R Chellappa, S Feizi",
      "venue": "International Conference on Machine Learning, 414-423, 2019",
      "year": 2019,
      "citations": 28
    },
    {
      "title": "Metareg: Towards domain generalization using meta-regularization",
      "url": "https://scholar.google.com/citations?view_op=view_citation&hl=en&user=0I2qH0oAAAAJ&citation_for_view=0I2qH0oAAAAJ:Tyk-4Ss8FVUC",
      "authors": "Y Balaji, S Sankaranarayanan, R Chellappa",
      "venue": "Advances in neural information processing systems 31, 2018",
      "year": 2018,
      "citations": 922
    },
    {
      "title": "Learning from synthetic data: Addressing domain shift for semantic segmentation",
      "url": "https://scholar.google.com/citations?view_op=view_citation&hl=en&user=0I2qH0oAAAAJ&citation_for_view=0I2qH0oAAAAJ:UeHWp8X0CEIC",
      "authors": "S Sankaranarayanan, Y Balaji, A Jain, SN Lim, R Chellappa",
      "venue": "Proceedings of the IEEE conference on computer vision and pattern …, 2018",
      "year": 2018,
      "citations": 693
    },
    {
      "title": "Generate To Adapt: Aligning Domains using Generative Adversarial Networks",
      "url": "https://scholar.google.com/citations?view_op=view_citation&hl=en&user=0I2qH0oAAAAJ&citation_for_view=0I2qH0oAAAAJ:d1gkVwhDpl0C",
      "authors": "S Sankaranarayanan, Y Balaji, CD Castillo, R Chellappa",
      "venue": "CVPR 2018, 2017",
      "year": 2017,
      "citations": 872
    },
    {
      "title": "Unrolling the shutter: Cnn to correct motion distortions",
      "url": "https://scholar.google.com/citations?view_op=view_citation&hl=en&user=0I2qH0oAAAAJ&citation_for_view=0I2qH0oAAAAJ:9yKSN-GCB0IC",
      "authors": "V Rengarajan, Y Balaji, AN Rajagopalan",
      "venue": "Proceedings of the IEEE Conference on computer Vision and Pattern …, 2017",
      "year": 2017,
      "citations": 86
    }
  ],
  "co_authors": [
    {
      "name": "Rama Chellappa",
      "scholar_id": "L60tuywAAAAJ",
      "url": "https://scholar.google.com/citations?user=L60tuywAAAAJ"
    },
    {
      "name": "Soheil Feizi",
      "scholar_id": "lptAmrMAAAAJ",
      "url": "https://scholar.google.com/citations?user=lptAmrMAAAAJ"
    },
    {
      "name": "Swami Sankaranarayanan",
      "scholar_id": "w3KgvQIAAAAJ",
      "url": "https://scholar.google.com/citations?user=w3KgvQIAAAAJ"
    },
    {
      "name": "Sernam Lim",
      "scholar_id": "HX0BfLYAAAAJ",
      "url": "https://scholar.google.com/citations?user=HX0BfLYAAAAJ"
    },
    {
      "name": "Arpit Jain",
      "scholar_id": "oiZHMtkAAAAJ",
      "url": "https://scholar.google.com/citations?user=oiZHMtkAAAAJ"
    },
    {
      "name": "Judy Hoffman",
      "scholar_id": "mqpjAt4AAAAJ",
      "url": "https://scholar.google.com/citations?user=mqpjAt4AAAAJ"
    },
    {
      "name": "Carlos D. Castillo",
      "scholar_id": "jxf3Qv0AAAAJ",
      "url": "https://scholar.google.com/citations?user=jxf3Qv0AAAAJ"
    },
    {
      "name": "Neha Kalibhat",
      "scholar_id": "HYT-q5MAAAAJ",
      "url": "https://scholar.google.com/citations?user=HYT-q5MAAAAJ"
    },
    {
      "name": "Hans Peter Graf",
      "scholar_id": "yIkgW-cAAAAJ",
      "url": "https://scholar.google.com/citations?user=yIkgW-cAAAAJ"
    },
    {
      "name": "Prithvijit Chattopadhyay",
      "scholar_id": "rIK7AMkAAAAJ",
      "url": "https://scholar.google.com/citations?user=rIK7AMkAAAAJ"
    },
    {
      "name": "Phillip E. Pope",
      "scholar_id": "w_Y1qcwAAAAJ",
      "url": "https://scholar.google.com/citations?user=w_Y1qcwAAAAJ"
    },
    {
      "name": "A N Rajagopalan",
      "scholar_id": "jXTZEw4AAAAJ",
      "url": "https://scholar.google.com/citations?user=jXTZEw4AAAAJ"
    },
    {
      "name": "Luyu Yang",
      "scholar_id": "n0nlmhoAAAAJ",
      "url": "https://scholar.google.com/citations?user=n0nlmhoAAAAJ"
    },
    {
      "name": "Abhinav Shrivastava",
      "scholar_id": "mIF9BowAAAAJ",
      "url": "https://scholar.google.com/citations?user=mIF9BowAAAAJ"
    },
    {
      "name": "Tom Goldstein",
      "scholar_id": "KmSuVtgAAAAJ",
      "url": "https://scholar.google.com/citations?user=KmSuVtgAAAAJ"
    },
    {
      "name": "Vijay Rengarajan",
      "scholar_id": "dhgCkowAAAAJ",
      "url": "https://scholar.google.com/citations?user=dhgCkowAAAAJ"
    },
    {
      "name": "Mehrdad Farajtabar",
      "scholar_id": "shkKxnQAAAAJ",
      "url": "https://scholar.google.com/citations?user=shkKxnQAAAAJ"
    },
    {
      "name": "Dong Yin",
      "scholar_id": "YtM8P88AAAAJ",
      "url": "https://scholar.google.com/citations?user=YtM8P88AAAAJ"
    },
    {
      "name": "Ang Li",
      "scholar_id": "6bRXWXEAAAAJ",
      "url": "https://scholar.google.com/citations?user=6bRXWXEAAAAJ"
    },
    {
      "name": "Hamed Hassani",
      "scholar_id": "M9V6y-0AAAAJ",
      "url": "https://scholar.google.com/citations?user=M9V6y-0AAAAJ"
    }
  ]
}