{
  "author_info": {
    "name": "Bo Yuan",
    "affiliation": "Rutgers University",
    "email_verified": "Verified email at soe.rutgers.edu - Homepage",
    "website": "https://sites.google.com/site/boyuaneecs/home?authuser=0",
    "interests": [
      "AI",
      "Computing Hardware",
      "Robotics",
      "Signal Processing"
    ],
    "photo_url": "/citations/images/avatar_scholar_128.png"
  },
  "citation_stats": {
    "citations_all": 6148,
    "citations_since_2020": 4706,
    "h_index_all": 41,
    "h_index_since_2020": 35,
    "i10_index_all": 102,
    "i10_index_since_2020": 91,
    "citation_graph": [
      {
        "year": 2013,
        "citations": 19
      },
      {
        "year": 2014,
        "citations": 47
      },
      {
        "year": 2015,
        "citations": 95
      },
      {
        "year": 2016,
        "citations": 145
      },
      {
        "year": 2017,
        "citations": 171
      },
      {
        "year": 2018,
        "citations": 389
      },
      {
        "year": 2019,
        "citations": 538
      },
      {
        "year": 2020,
        "citations": 548
      },
      {
        "year": 2021,
        "citations": 653
      },
      {
        "year": 2022,
        "citations": 752
      },
      {
        "year": 2023,
        "citations": 830
      },
      {
        "year": 2024,
        "citations": 998
      },
      {
        "year": 2025,
        "citations": 919
      }
    ]
  },
  "papers": [
    {
      "title": "Chip: Channel independence-based pruning for compact neural networks",
      "url": "https://scholar.google.com/citations?view_op=view_citation&hl=en&user=-ULaUMEAAAAJ&citation_for_view=-ULaUMEAAAAJ:M3NEmzRMIkIC",
      "authors": "Y Sui, M Yin, Y Xie, H Phan, S Aliari Zonouz, B Yuan",
      "venue": "Advances in Neural Information Processing Systems 34, 24604-24616, 2021",
      "year": 2021,
      "citations": 206
    },
    {
      "title": "Towards efficient tensor decomposition-based dnn model compression with optimization framework",
      "url": "https://scholar.google.com/citations?view_op=view_citation&hl=en&user=-ULaUMEAAAAJ&citation_for_view=-ULaUMEAAAAJ:isC4tDSrTZIC",
      "authors": "M Yin, Y Sui, S Liao, B Yuan",
      "venue": "Proceedings of the IEEE/CVF Conference on Computer Vision and Pattern …, 2021",
      "year": 2021,
      "citations": 131
    },
    {
      "title": "GoSPA: An energy-efficient high-performance globally optimized sparse convolutional neural network accelerator",
      "url": "https://scholar.google.com/citations?view_op=view_citation&hl=en&user=-ULaUMEAAAAJ&citation_for_view=-ULaUMEAAAAJ:iH-uZ7U-co4C",
      "authors": "C Deng, Y Sui, S Liao, X Qian, B Yuan",
      "venue": "2021 ACM/IEEE 48th Annual International Symposium on Computer Architecture …, 2021",
      "year": 2021,
      "citations": 98
    },
    {
      "title": "Enabling fast and universal audio adversarial attack using generative model",
      "url": "https://scholar.google.com/citations?view_op=view_citation&hl=en&user=-ULaUMEAAAAJ&citation_for_view=-ULaUMEAAAAJ:f2IySw72cVMC",
      "authors": "Y Xie, Z Li, C Shi, J Liu, Y Chen, B Yuan",
      "venue": "Proceedings of the AAAI conference on artificial intelligence 35 (16), 14129 …, 2021",
      "year": 2021,
      "citations": 94
    },
    {
      "title": "Advpulse: Universal, synchronization-free, and targeted audio adversarial attacks via subsecond perturbations",
      "url": "https://scholar.google.com/citations?view_op=view_citation&hl=en&user=-ULaUMEAAAAJ&citation_for_view=-ULaUMEAAAAJ:XiSMed-E-HIC",
      "authors": "Z Li, Y Wu, J Liu, Y Chen, B Yuan",
      "venue": "Proceedings of the 2020 ACM SIGSAC Conference on Computer and Communications …, 2020",
      "year": 2020,
      "citations": 157
    },
    {
      "title": "Real-time, universal, and robust adversarial attacks against speaker recognition systems",
      "url": "https://scholar.google.com/citations?view_op=view_citation&hl=en&user=-ULaUMEAAAAJ&citation_for_view=-ULaUMEAAAAJ:nb7KW1ujOQ8C",
      "authors": "Y Xie, C Shi, Z Li, J Liu, Y Chen, B Yuan",
      "venue": "ICASSP 2020-2020 IEEE international conference on acoustics, speech and …, 2020",
      "year": 2020,
      "citations": 126
    },
    {
      "title": "Practical adversarial attacks against speaker recognition systems",
      "url": "https://scholar.google.com/citations?view_op=view_citation&hl=en&user=-ULaUMEAAAAJ&citation_for_view=-ULaUMEAAAAJ:YsMSGLbcyi4C",
      "authors": "Z Li, C Shi, Y Xie, J Liu, B Yuan, Y Chen",
      "venue": "Proceedings of the 21st international workshop on mobile computing systems …, 2020",
      "year": 2020,
      "citations": 118
    },
    {
      "title": "TIE: Energy-efficient tensor train-based inference engine for deep neural network",
      "url": "https://scholar.google.com/citations?view_op=view_citation&hl=en&user=-ULaUMEAAAAJ&citation_for_view=-ULaUMEAAAAJ:hqOjcs7Dif8C",
      "authors": "C Deng, F Sun, X Qian, J Lin, Z Wang, B Yuan",
      "venue": "Proceedings of the 46th International Symposium on Computer Architecture …, 2019",
      "year": 2019,
      "citations": 97
    },
    {
      "title": "C-LSTM: Enabling efficient LSTM using structured compression techniques on FPGAs",
      "url": "https://scholar.google.com/citations?view_op=view_citation&hl=en&user=-ULaUMEAAAAJ&citation_for_view=-ULaUMEAAAAJ:WF5omc3nYNoC",
      "authors": "S Wang, Z Li, C Ding, B Yuan, Q Qiu, Y Wang, Y Liang",
      "venue": "Proceedings of the 2018 ACM/SIGDA International Symposium on Field …, 2018",
      "year": 2018,
      "citations": 273
    },
    {
      "title": "PermDNN: Efficient compressed DNN architecture with permuted diagonal matrices",
      "url": "https://scholar.google.com/citations?view_op=view_citation&hl=en&user=-ULaUMEAAAAJ&citation_for_view=-ULaUMEAAAAJ:O3NaXMp0MMsC",
      "authors": "C Deng, S Liao, Y Xie, KK Parhi, X Qian, B Yuan",
      "venue": "2018 51st Annual IEEE/ACM international symposium on microarchitecture …, 2018",
      "year": 2018,
      "citations": 144
    },
    {
      "title": "HEIF: Highly efficient stochastic computing-based inference framework for deep neural networks",
      "url": "https://scholar.google.com/citations?view_op=view_citation&hl=en&user=-ULaUMEAAAAJ&citation_for_view=-ULaUMEAAAAJ:roLk4NBRz8UC",
      "authors": "Z Li, J Li, A Ren, R Cai, C Ding, X Qian, J Draper, B Yuan, J Tang, Q Qiu, ...",
      "venue": "IEEE Transactions on Computer-Aided Design of Integrated Circuits and …, 2018",
      "year": 2018,
      "citations": 103
    },
    {
      "title": "CirCNN: accelerating and compressing deep neural networks using block-circulant weight matrices",
      "url": "https://scholar.google.com/citations?view_op=view_citation&hl=en&user=-ULaUMEAAAAJ&citation_for_view=-ULaUMEAAAAJ:a0OBvERweLwC",
      "authors": "C Ding, S Liao, Y Wang, Z Li, N Liu, Y Zhuo, C Wang, X Qian, Y Bai, ...",
      "venue": "Proceedings of the 50th Annual IEEE/ACM International Symposium on …, 2017",
      "year": 2017,
      "citations": 369
    },
    {
      "title": "Sc-dcnn: Highly-scalable deep convolutional neural network using stochastic computing",
      "url": "https://scholar.google.com/citations?view_op=view_citation&hl=en&user=-ULaUMEAAAAJ&citation_for_view=-ULaUMEAAAAJ:HoB7MX3m0LUC",
      "authors": "A Ren, Z Li, C Ding, Q Qiu, Y Wang, J Li, X Qian, B Yuan",
      "venue": "ACM Sigplan Notices 52 (4), 405-418, 2017",
      "year": 2017,
      "citations": 296
    },
    {
      "title": "Towards acceleration of deep convolutional neural networks using stochastic computing",
      "url": "https://scholar.google.com/citations?view_op=view_citation&hl=en&user=-ULaUMEAAAAJ&citation_for_view=-ULaUMEAAAAJ:abG-DnoFyZgC",
      "authors": "J Li, A Ren, Z Li, C Ding, B Yuan, Q Qiu, Y Wang",
      "venue": "2017 22nd Asia and South Pacific Design Automation Conference (ASP-DAC), 115-120, 2017",
      "year": 2017,
      "citations": 99
    },
    {
      "title": "Efficient Hardware Architecture of Softmax Layer in Deep Neural Network",
      "url": "https://scholar.google.com/citations?view_op=view_citation&hl=en&user=-ULaUMEAAAAJ&citation_for_view=-ULaUMEAAAAJ:wbdj-CoPYUoC",
      "authors": "B Yuan",
      "venue": "2016 29th IEEE International System-on-Chip Conference (SOCC), 2016",
      "year": 2016,
      "citations": 174
    },
    {
      "title": "Early stopping criteria for energy-efficient low-latency belief-propagation polar code decoders",
      "url": "https://scholar.google.com/citations?view_op=view_citation&hl=en&user=-ULaUMEAAAAJ&citation_for_view=-ULaUMEAAAAJ:cFHS6HbyZ2cC",
      "authors": "B Yuan, KK Parhi",
      "venue": "IEEE transactions on signal processing 62 (24), 6496-6506, 2014",
      "year": 2014,
      "citations": 272
    },
    {
      "title": "Low-latency successive-cancellation list decoders for polar codes with multibit decision",
      "url": "https://scholar.google.com/citations?view_op=view_citation&hl=en&user=-ULaUMEAAAAJ&citation_for_view=-ULaUMEAAAAJ:Tiz5es2fbqcC",
      "authors": "B Yuan, KK Parhi",
      "venue": "IEEE Transactions on very large scale integration (VLSI) Systems 23 (10 …, 2014",
      "year": 2014,
      "citations": 156
    },
    {
      "title": "Low-latency successive-cancellation polar decoder architectures using 2-bit decoding",
      "url": "https://scholar.google.com/citations?view_op=view_citation&hl=en&user=-ULaUMEAAAAJ&citation_for_view=-ULaUMEAAAAJ:bFI3QPDXJZMC",
      "authors": "B Yuan, KK Parhi",
      "venue": "IEEE Transactions on Circuits and Systems I: Regular Papers 61 (4), 1241-1254, 2013",
      "year": 2013,
      "citations": 184
    },
    {
      "title": "Architecture optimizations for BP polar decoders",
      "url": "https://scholar.google.com/citations?view_op=view_citation&hl=en&user=-ULaUMEAAAAJ&citation_for_view=-ULaUMEAAAAJ:sSrBHYA8nusC",
      "authors": "B Yuan, KK Parhi",
      "venue": "2013 IEEE international conference on acoustics, speech and signal …, 2013",
      "year": 2013,
      "citations": 134
    },
    {
      "title": "Reduced-latency SC polar decoder architectures",
      "url": "https://scholar.google.com/citations?view_op=view_citation&hl=en&user=-ULaUMEAAAAJ&citation_for_view=-ULaUMEAAAAJ:5Ul4iDaHHb8C",
      "authors": "C Zhang, B Yuan, KK Parhi",
      "venue": "2012 IEEE International conference on communications (ICC), 3471-3475, 2012",
      "year": 2012,
      "citations": 150
    }
  ],
  "co_authors": [
    {
      "name": "Yanzhi Wang",
      "scholar_id": "a7akgIEAAAAJ",
      "url": "https://scholar.google.com/citations?user=a7akgIEAAAAJ"
    },
    {
      "name": "Keshab K. Parhi",
      "scholar_id": "G8RIjYMAAAAJ",
      "url": "https://scholar.google.com/citations?user=G8RIjYMAAAAJ"
    },
    {
      "name": "Yingying Chen",
      "scholar_id": "jCZaWOEAAAAJ",
      "url": "https://scholar.google.com/citations?user=jCZaWOEAAAAJ"
    },
    {
      "name": "Xue Lin",
      "scholar_id": "p87KNLIAAAAJ",
      "url": "https://scholar.google.com/citations?user=p87KNLIAAAAJ"
    },
    {
      "name": "Saman Zonouz",
      "scholar_id": "kgFnNewAAAAJ",
      "url": "https://scholar.google.com/citations?user=kgFnNewAAAAJ"
    },
    {
      "name": "David J. Lilja",
      "scholar_id": "So0jGcwAAAAJ",
      "url": "https://scholar.google.com/citations?user=So0jGcwAAAAJ"
    },
    {
      "name": "Jiang Hu",
      "scholar_id": "TWw91rQAAAAJ",
      "url": "https://scholar.google.com/citations?user=TWw91rQAAAAJ"
    },
    {
      "name": "Jinjun Xiong",
      "scholar_id": "tRt1xPYAAAAJ",
      "url": "https://scholar.google.com/citations?user=tRt1xPYAAAAJ"
    },
    {
      "name": "Xuan Sharon Di",
      "scholar_id": "P7ndQrkAAAAJ",
      "url": "https://scholar.google.com/citations?user=P7ndQrkAAAAJ"
    },
    {
      "name": "Chris H. Kim",
      "scholar_id": "qv-YB50AAAAJ",
      "url": "https://scholar.google.com/citations?user=qv-YB50AAAAJ"
    }
  ]
}