{
  "author_info": {
    "name": "Dr. Vipul K Dabhi",
    "affiliation": "Professor at Department of Information Technology, Dharmsinh Desai University, Nadiad",
    "email_verified": "Verified email at ddu.ac.in - Homepage",
    "website": "https://sites.google.com/site/vipulkdabhi/",
    "interests": [
      "Evolutionary Computing",
      "Distributed Computing",
      "Service Oriented Architecture",
      "Machine Learning",
      "Time Series Analysis"
    ],
    "photo_url": "https://scholar.googleusercontent.com/citations?view_op=view_photo&user=-y0-xfsAAAAJ&citpid=2"
  },
  "citation_stats": {
    "citations_all": 2398,
    "citations_since_2020": 1849,
    "h_index_all": 22,
    "h_index_since_2020": 18,
    "i10_index_all": 39,
    "i10_index_since_2020": 28,
    "citation_graph": [
      {
        "year": 2012,
        "citations": 10
      },
      {
        "year": 2013,
        "citations": 4
      },
      {
        "year": 2014,
        "citations": 27
      },
      {
        "year": 2015,
        "citations": 36
      },
      {
        "year": 2016,
        "citations": 60
      },
      {
        "year": 2017,
        "citations": 93
      },
      {
        "year": 2018,
        "citations": 110
      },
      {
        "year": 2019,
        "citations": 184
      },
      {
        "year": 2020,
        "citations": 235
      },
      {
        "year": 2021,
        "citations": 315
      },
      {
        "year": 2022,
        "citations": 384
      },
      {
        "year": 2023,
        "citations": 357
      },
      {
        "year": 2024,
        "citations": 318
      },
      {
        "year": 2025,
        "citations": 233
      }
    ]
  },
  "papers": [
    {
      "title": "Voice Recognition and Voice Comparison using Machine Learning Techniques: A Survey",
      "url": "https://scholar.google.com/citations?view_op=view_citation&hl=en&user=-y0-xfsAAAAJ&citation_for_view=-y0-xfsAAAAJ:4JMBOYKVnBMC",
      "authors": "NH Tandel, HB Prajapati, VK Dabhi",
      "venue": "2020 6th International Conference on Advanced Computing and Communication …, 2020",
      "year": 2020,
      "citations": 105
    },
    {
      "title": "Skin Disease Classification from Image-A Survey",
      "url": "https://scholar.google.com/citations?view_op=view_citation&hl=en&user=-y0-xfsAAAAJ&citation_for_view=-y0-xfsAAAAJ:r0BpntZqJG4C",
      "authors": "T Goswami, VK Dabhi, HB Prajapati",
      "venue": "2020 6th International Conference on Advanced Computing and Communication …, 2020",
      "year": 2020,
      "citations": 63
    },
    {
      "title": "Survey on Face Expression Recognition using CNN",
      "url": "https://scholar.google.com/citations?view_op=view_citation&hl=en&user=-y0-xfsAAAAJ&citation_for_view=-y0-xfsAAAAJ:TQgYirikUcIC",
      "authors": "AS Vyas, HB Prajapati, VK Dabhi",
      "venue": "2019 5th International Conference on Advanced Computing & Communication …, 2019",
      "year": 2019,
      "citations": 64
    },
    {
      "title": "Clustering Using a Combination of Particle Swarm Optimization and K-means",
      "url": "https://scholar.google.com/citations?view_op=view_citation&hl=en&user=-y0-xfsAAAAJ&citation_for_view=-y0-xfsAAAAJ:QIV2ME_5wuYC",
      "authors": "GK Patel, VK Dabhi, HB Prajapati",
      "venue": "Journal of Intelligent Systems 26 (3), 457-469, 2017",
      "year": 2017,
      "citations": 35
    },
    {
      "title": "Empirical Study of Job Scheduling Algorithms in Hadoop MapReduce",
      "url": "https://scholar.google.com/citations?view_op=view_citation&hl=en&user=-y0-xfsAAAAJ&citation_for_view=-y0-xfsAAAAJ:IWHjjKOFINEC",
      "authors": "JV Gautam, HB Prajapati, VK Dabhi, S Chaudhary",
      "venue": "Cybernetics and Information Technologies 17 (1), 146-163, 2017",
      "year": 2017,
      "citations": 28
    },
    {
      "title": "A survey on IoT based road traffic surveillance and accident detection system (A smart way to handle traffic and concerned problems)",
      "url": "https://scholar.google.com/citations?view_op=view_citation&hl=en&user=-y0-xfsAAAAJ&citation_for_view=-y0-xfsAAAAJ:hFOr9nPyWt4C",
      "authors": "R Patel, VK Dabhi, HB Prajapati",
      "venue": "Power and Advanced Computing Technologies (i-PACT), 2017 Innovations in, 1-7, 2017",
      "year": 2017,
      "citations": 24
    },
    {
      "title": "A survey on detection and classification of rice plant diseases",
      "url": "https://scholar.google.com/citations?view_op=view_citation&hl=en&user=-y0-xfsAAAAJ&citation_for_view=-y0-xfsAAAAJ:7PzlFSSx8tAC",
      "authors": "JP Shah, HB Prajapati, VK Dabhi",
      "venue": "Current Trends in Advanced Computing (ICCTAC), IEEE International Conference …, 2016",
      "year": 2016,
      "citations": 200
    },
    {
      "title": "A Survey on Detection and Classification of Cotton Leaf Diseases",
      "url": "https://scholar.google.com/citations?view_op=view_citation&hl=en&user=-y0-xfsAAAAJ&citation_for_view=-y0-xfsAAAAJ:L8Ckcad2t8MC",
      "authors": "BS Prajapati, VK Dabhi, HB Prajapati",
      "venue": "International Conference on Electrical, Electronics, and Optimization …, 2016",
      "year": 2016,
      "citations": 121
    },
    {
      "title": "Improving NSGA-II for solving multi objective function optimization problems",
      "url": "https://scholar.google.com/citations?view_op=view_citation&hl=en&user=-y0-xfsAAAAJ&citation_for_view=-y0-xfsAAAAJ:dhFuZR0502QC",
      "authors": "VL Vachhani, VK Dabhi, HB Prajapati",
      "venue": "Computer Communication and Informatics (ICCCI), 2016 International …, 2016",
      "year": 2016,
      "citations": 43
    },
    {
      "title": "A Survey of Document Clustering using Semantic Approach",
      "url": "https://scholar.google.com/citations?view_op=view_citation&hl=en&user=-y0-xfsAAAAJ&citation_for_view=-y0-xfsAAAAJ:ZeXyd9-uunAC",
      "authors": "NY Saiyad, HB Prajapati, VK Dabhi",
      "venue": "International Conference on Electrical, Electronics, and Optimization …, 2016",
      "year": 2016,
      "citations": 31
    },
    {
      "title": "Classification of ECG signals using machine learning techniques: A survey",
      "url": "https://scholar.google.com/citations?view_op=view_citation&hl=en&user=-y0-xfsAAAAJ&citation_for_view=-y0-xfsAAAAJ:aqlVkmm33-oC",
      "authors": "SH Jambukia, VK Dabhi, HB Prajapati",
      "venue": "Computer Engineering and Applications (ICACEA), 2015 International …, 2015",
      "year": 2015,
      "citations": 365
    },
    {
      "title": "Rainfall forecasting using neural network: A survey",
      "url": "https://scholar.google.com/citations?view_op=view_citation&hl=en&user=-y0-xfsAAAAJ&citation_for_view=-y0-xfsAAAAJ:_kc_bZDykSQC",
      "authors": "MP Darji, VK Dabhi, HB Prajapati",
      "venue": "Computer Engineering and Applications (ICACEA), 2015 International …, 2015",
      "year": 2015,
      "citations": 166
    },
    {
      "title": "A survey on job scheduling algorithms in Big data processing",
      "url": "https://scholar.google.com/citations?view_op=view_citation&hl=en&user=-y0-xfsAAAAJ&citation_for_view=-y0-xfsAAAAJ:4DMP91E08xMC",
      "authors": "JV Gautam, HB Prajapati, VK Dabhi, S Chaudhary",
      "venue": "Electrical, Computer and Communication Technologies (ICECCT), 2015 IEEE …, 2015",
      "year": 2015,
      "citations": 84
    },
    {
      "title": "Survey of multi objective evolutionary algorithms",
      "url": "https://scholar.google.com/citations?view_op=view_citation&hl=en&user=-y0-xfsAAAAJ&citation_for_view=-y0-xfsAAAAJ:4TOpqqG69KYC",
      "authors": "VL Vachhani, VK Dabhi, HB Prajapati",
      "venue": "Circuit, Power and Computing Technologies (ICCPCT), 2015 International …, 2015",
      "year": 2015,
      "citations": 70
    },
    {
      "title": "A survey on semantic document clustering",
      "url": "https://scholar.google.com/citations?view_op=view_citation&hl=en&user=-y0-xfsAAAAJ&citation_for_view=-y0-xfsAAAAJ:mVmsd5A6BfQC",
      "authors": "MP Naik, HB Prajapati, VK Dabhi",
      "venue": "Electrical, Computer and Communication Technologies (ICECCT), 2015 IEEE …, 2015",
      "year": 2015,
      "citations": 50
    },
    {
      "title": "Empirical modeling using genetic programming: a survey of issues and approaches",
      "url": "https://scholar.google.com/citations?view_op=view_citation&hl=en&user=-y0-xfsAAAAJ&citation_for_view=-y0-xfsAAAAJ:Se3iqnhoufwC",
      "authors": "VK Dabhi, S Chaudhary",
      "venue": "Natural Computing 14 (2), 303-330, 2014",
      "year": 2014,
      "citations": 73
    },
    {
      "title": "Hybrid Wavelet-Postfix-GP model for rainfall prediction of anand region of india",
      "url": "https://scholar.google.com/citations?view_op=view_citation&hl=en&user=-y0-xfsAAAAJ&citation_for_view=-y0-xfsAAAAJ:8k81kl-MbHgC",
      "authors": "VK Dabhi, S Chaudhary",
      "venue": "Advances in Artificial Intelligence 2014, 3, 2014",
      "year": 2014,
      "citations": 39
    },
    {
      "title": "Classification of printed Gujarati characters using som based k-Nearest Neighbor Classifier",
      "url": "https://scholar.google.com/citations?view_op=view_citation&hl=en&user=-y0-xfsAAAAJ&citation_for_view=-y0-xfsAAAAJ:roLk4NBRz8UC",
      "authors": "MM Goswami, HB Prajapati, VK Dabhi",
      "venue": "Image Information Processing (ICIIP), 2011 International Conference on, 1-5, 2011",
      "year": 2011,
      "citations": 25
    },
    {
      "title": "Empirical modeling using symbolic regression via postfix Genetic Programming",
      "url": "https://scholar.google.com/citations?view_op=view_citation&hl=en&user=-y0-xfsAAAAJ&citation_for_view=-y0-xfsAAAAJ:Y0pCki6q_DkC",
      "authors": "VK Dabhi, SK Vij",
      "venue": "Image Information Processing (ICIIP), 2011 International Conference on, 1-6, 2011",
      "year": 2011,
      "citations": 25
    },
    {
      "title": "Detection and classification of rice plant diseases",
      "url": "https://scholar.google.com/citations?view_op=view_citation&hl=en&user=-y0-xfsAAAAJ&citation_for_view=-y0-xfsAAAAJ:hC7cP41nSMkC",
      "authors": "HB Prajapati, JP Shah, VK Dabhi",
      "venue": "Intelligent Decision Technologies, 1-17, 0",
      "citations": 423
    }
  ],
  "co_authors": [
    {
      "name": "Dr. Harshadkumar B. Prajapati",
      "scholar_id": "_3BMswcAAAAJ",
      "url": "https://scholar.google.com/citations?user=_3BMswcAAAAJ"
    },
    {
      "name": "Sanjay Chaudhary",
      "scholar_id": "YHA8_6QAAAAJ",
      "url": "https://scholar.google.com/citations?user=YHA8_6QAAAAJ"
    },
    {
      "name": "Jitesh Shah",
      "scholar_id": "YoptSLMAAAAJ",
      "url": "https://scholar.google.com/citations?user=YoptSLMAAAAJ"
    },
    {
      "name": "Shweta Jambukia",
      "scholar_id": "aevpkygAAAAJ",
      "url": "https://scholar.google.com/citations?user=aevpkygAAAAJ"
    },
    {
      "name": "Vimal Vachhani",
      "scholar_id": "xDyJ1vYAAAAJ",
      "url": "https://scholar.google.com/citations?user=xDyJ1vYAAAAJ"
    },
    {
      "name": "Dr. Mohini Darji",
      "scholar_id": "-iElh68AAAAJ",
      "url": "https://scholar.google.com/citations?user=-iElh68AAAAJ"
    },
    {
      "name": "Hardik Maheta",
      "scholar_id": "AV1OQlEAAAAJ",
      "url": "https://scholar.google.com/citations?user=AV1OQlEAAAAJ"
    },
    {
      "name": "Bhumika Prajapati",
      "scholar_id": "-Z6gSNEAAAAJ",
      "url": "https://scholar.google.com/citations?user=-Z6gSNEAAAAJ"
    },
    {
      "name": "Prof. Tanvi Goswami",
      "scholar_id": "DgcS77sAAAAJ",
      "url": "https://scholar.google.com/citations?user=DgcS77sAAAAJ"
    },
    {
      "name": "Ravindra Vyas",
      "scholar_id": "7uciKfAAAAAJ",
      "url": "https://scholar.google.com/citations?user=7uciKfAAAAAJ"
    },
    {
      "name": "Dr. Mukesh M. Goswami",
      "scholar_id": "R-cSNR4AAAAJ",
      "url": "https://scholar.google.com/citations?user=R-cSNR4AAAAJ"
    },
    {
      "name": "Sagar Patel",
      "scholar_id": "RHy6zHAAAAAJ",
      "url": "https://scholar.google.com/citations?user=RHy6zHAAAAAJ"
    },
    {
      "name": "Prof. Roshni M. Raval",
      "scholar_id": "bJwKQlQAAAAJ",
      "url": "https://scholar.google.com/citations?user=bJwKQlQAAAAJ"
    },
    {
      "name": "Brijesh Bhatt",
      "scholar_id": "PE3JpngAAAAJ",
      "url": "https://scholar.google.com/citations?user=PE3JpngAAAAJ"
    },
    {
      "name": "Sandeep Suthar",
      "scholar_id": "WegubcEAAAAJ",
      "url": "https://scholar.google.com/citations?user=WegubcEAAAAJ"
    },
    {
      "name": "Sunil Vithlani",
      "scholar_id": "YySur2cAAAAJ",
      "url": "https://scholar.google.com/citations?user=YySur2cAAAAJ"
    },
    {
      "name": "Bhagyasri Patel",
      "scholar_id": "PqPWmjYAAAAJ",
      "url": "https://scholar.google.com/citations?user=PqPWmjYAAAAJ"
    },
    {
      "name": "Prof. C. K. Bhensdadia",
      "scholar_id": "sgRqPaQAAAAJ",
      "url": "https://scholar.google.com/citations?user=sgRqPaQAAAAJ"
    }
  ]
}