{
  "author_info": {
    "name": "Felix Tristram",
    "affiliation": "PhD at Technical University Munich",
    "email_verified": "Verified email at tum.de",
    "interests": [
      "Computer Vision"
    ],
    "photo_url": "https://scholar.googleusercontent.com/citations?view_op=view_photo&user=-tv59HYAAAAJ&citpid=2"
  },
  "citation_stats": {
    "citations_all": 18,
    "citations_since_2020": 17,
    "h_index_all": 2,
    "h_index_since_2020": 1,
    "i10_index_all": 1,
    "i10_index_since_2020": 1,
    "citation_graph": [
      {
        "year": 2024,
        "citations": 2
      },
      {
        "year": 2025,
        "citations": 15
      }
    ]
  },
  "papers": [
    {
      "title": "Mm-or: A large multimodal operating room dataset for semantic understanding of high-intensity surgical environments",
      "url": "https://scholar.google.com/citations?view_op=view_citation&hl=en&user=-tv59HYAAAAJ&citation_for_view=-tv59HYAAAAJ:2osOgNQ5qMEC",
      "authors": "E Özsoy, C Pellegrini, T Czempiel, F Tristram, K Yuan, D Bani-Harouni, ...",
      "venue": "Proceedings of the Computer Vision and Pattern Recognition Conference, 19378 …, 2025",
      "year": 2025,
      "citations": 14
    },
    {
      "title": "FLex: joint pose and dynamic radiance fields optimization for stereo endoscopic videos",
      "url": "https://scholar.google.com/citations?view_op=view_citation&hl=en&user=-tv59HYAAAAJ&citation_for_view=-tv59HYAAAAJ:u-x6o8ySG0sC",
      "authors": "F Stilz, M Karaoglu, F Tristram, N Navab, B Busam, A Ladikos",
      "venue": "International Journal of Computer Assisted Radiology and Surgery, 1-10, 2025",
      "year": 2025,
      "citations": 1
    },
    {
      "title": "EgoExOR: An Ego-Exo-Centric Operating Room Dataset for Surgical Activity Understanding",
      "url": "https://scholar.google.com/citations?view_op=view_citation&hl=en&user=-tv59HYAAAAJ&citation_for_view=-tv59HYAAAAJ:UeHWp8X0CEIC",
      "authors": "E Özsoy, A Mamur, F Tristram, C Pellegrini, M Wysocki, B Busam, ...",
      "venue": "arXiv preprint arXiv:2505.24287, 2025",
      "year": 2025,
      "citations": 1
    },
    {
      "title": "ICE-PoGO: Improving Dynamic Panoramic Reconstruction of 4D ICE Imaging Through Pose Graph Optimization",
      "url": "https://scholar.google.com/citations?view_op=view_citation&hl=en&user=-tv59HYAAAAJ&citation_for_view=-tv59HYAAAAJ:zYLM7Y9cAGgC",
      "authors": "S Herz, M Wysocki, F Tristram, J Hickler, L Neary-Zajiczek, ...",
      "venue": "International Conference on Medical Image Computing and Computer-Assisted …, 2025",
      "year": 2025,
      "citations": 0
    },
    {
      "title": "Re-Nerfing: Improving Novel View Synthesis through Novel View Synthesis",
      "url": "https://scholar.google.com/citations?view_op=view_citation&hl=en&user=-tv59HYAAAAJ&citation_for_view=-tv59HYAAAAJ:IjCSPb-OGe4C",
      "authors": "F Tristram, S Gasperini, N Navab, F Tombari",
      "venue": "arXiv preprint arXiv:2312.02255, 2023",
      "year": 2023,
      "citations": 2
    }
  ],
  "co_authors": [
    {
      "name": "Nassir Navab",
      "scholar_id": "kzoVUPYAAAAJ",
      "url": "https://scholar.google.com/citations?user=kzoVUPYAAAAJ"
    },
    {
      "name": "Benjamin Busam",
      "scholar_id": "u4rJZwUAAAAJ",
      "url": "https://scholar.google.com/citations?user=u4rJZwUAAAAJ"
    },
    {
      "name": "Federico Tombari",
      "scholar_id": "TFsE4BIAAAAJ",
      "url": "https://scholar.google.com/citations?user=TFsE4BIAAAAJ"
    },
    {
      "name": "Stefano Gasperini",
      "scholar_id": "YuWTPaIAAAAJ",
      "url": "https://scholar.google.com/citations?user=YuWTPaIAAAAJ"
    },
    {
      "name": "Mert Asim Karaoglu",
      "scholar_id": "j2REtlAAAAAJ",
      "url": "https://scholar.google.com/citations?user=j2REtlAAAAAJ"
    },
    {
      "name": "Alexander Ladikos",
      "scholar_id": "0fUQE3EAAAAJ",
      "url": "https://scholar.google.com/citations?user=0fUQE3EAAAAJ"
    },
    {
      "name": "Florian Philipp Stilz",
      "scholar_id": "OXoekJcAAAAJ",
      "url": "https://scholar.google.com/citations?user=OXoekJcAAAAJ"
    }
  ]
}