{
  "author_info": {
    "name": "Yanyue Xie",
    "affiliation": "ByteDance Seed",
    "email_verified": "Verified email at bytedance.com - Homepage",
    "website": "https://yanyuexie.com/",
    "interests": [
      "ML System",
      "Efficient Deep Learning",
      "Algorithm-Hardware Co-Design"
    ],
    "photo_url": "https://scholar.googleusercontent.com/citations?view_op=view_photo&user=-T1n-IgAAAAJ&citpid=1"
  },
  "citation_stats": {
    "citations_all": 442,
    "citations_since_2020": 441,
    "h_index_all": 9,
    "h_index_since_2020": 9,
    "i10_index_all": 9,
    "i10_index_since_2020": 9,
    "citation_graph": [
      {
        "year": 2020,
        "citations": 5
      },
      {
        "year": 2021,
        "citations": 6
      },
      {
        "year": 2022,
        "citations": 11
      },
      {
        "year": 2023,
        "citations": 46
      },
      {
        "year": 2024,
        "citations": 139
      },
      {
        "year": 2025,
        "citations": 234
      }
    ]
  },
  "papers": [
    {
      "title": "DraftAttention: Fast Video Diffusion via Low-Resolution Attention Guidance",
      "url": "https://scholar.google.com/citations?view_op=view_citation&hl=en&user=-T1n-IgAAAAJ&citation_for_view=-T1n-IgAAAAJ:4DMP91E08xMC",
      "authors": "X Shen, C Han, Y Zhou, Y Xie, Y Gong, Q Wang, Y Wang, Y Wang, ...",
      "venue": "arXiv preprint arXiv:2505.14708, 2025",
      "year": 2025,
      "citations": 5
    },
    {
      "title": "Fastcar: Cache attentive replay for fast auto-regressive video generation on the edge",
      "url": "https://scholar.google.com/citations?view_op=view_citation&hl=en&user=-T1n-IgAAAAJ&citation_for_view=-T1n-IgAAAAJ:Wp0gIr-vW9MC",
      "authors": "X Shen, W Ma, Y Zhou, E Tang, Y Xie, Z Li, Y Gong, Q Wang, H Ding, ...",
      "venue": "arXiv preprint arXiv:2505.14709, 2025",
      "year": 2025,
      "citations": 4
    },
    {
      "title": "Moe-pruner: Pruning mixture-of-experts large language model using the hints from its router",
      "url": "https://scholar.google.com/citations?view_op=view_citation&hl=en&user=-T1n-IgAAAAJ&citation_for_view=-T1n-IgAAAAJ:Zph67rFs4hoC",
      "authors": "Y Xie, Z Zhang, D Zhou, C Xie, Z Song, X Liu, Y Wang, X Lin, A Xu",
      "venue": "arXiv preprint arXiv:2410.12013, 2024",
      "year": 2024,
      "citations": 27
    },
    {
      "title": "HotaQ: Hardware Oriented Token Adaptive Quantization for Large Language Models",
      "url": "https://scholar.google.com/citations?view_op=view_citation&hl=en&user=-T1n-IgAAAAJ&citation_for_view=-T1n-IgAAAAJ:ULOm3_A8WrAC",
      "authors": "X Shen, Z Han, L Lu, Z Kong, P Dong, Z Li, Y Xie, C Wu, M Leeser, P Zhao, ...",
      "venue": "IEEE Transactions on Computer-Aided Design of Integrated Circuits and Systems, 2024",
      "year": 2024,
      "citations": 14
    },
    {
      "title": "Sda: Low-bit stable diffusion acceleration on edge fpgas",
      "url": "https://scholar.google.com/citations?view_op=view_citation&hl=en&user=-T1n-IgAAAAJ&citation_for_view=-T1n-IgAAAAJ:3fE2CSJIrl8C",
      "authors": "G Yang, Y Xie, ZJ Xue, SE Chang, Y Li, P Dong, J Lei, W Xie, Y Wang, ...",
      "venue": "2024 34th International Conference on Field-Programmable Logic and …, 2024",
      "year": 2024,
      "citations": 13
    },
    {
      "title": "Quasar-vit: Hardware-oriented quantization-aware architecture search for vision transformers",
      "url": "https://scholar.google.com/citations?view_op=view_citation&hl=en&user=-T1n-IgAAAAJ&citation_for_view=-T1n-IgAAAAJ:8k81kl-MbHgC",
      "authors": "Z Li, A Lu, Y Xie, Z Kong, M Sun, H Tang, ZJ Xue, P Dong, C Ding, ...",
      "venue": "Proceedings of the 38th ACM International Conference on Supercomputing, 324-337, 2024",
      "year": 2024,
      "citations": 13
    },
    {
      "title": "Hybridflow: Infusing continuity into masked codebook for extreme low-bitrate image compression",
      "url": "https://scholar.google.com/citations?view_op=view_citation&hl=en&user=-T1n-IgAAAAJ&citation_for_view=-T1n-IgAAAAJ:5nxA0vEk-isC",
      "authors": "L Lu, Y Xie, W Jiang, W Wang, X Lin, Y Wang",
      "venue": "Proceedings of the 32nd ACM International Conference on Multimedia, 3010-3018, 2024",
      "year": 2024,
      "citations": 9
    },
    {
      "title": "Heatvit: Hardware-efficient adaptive token pruning for vision transformers",
      "url": "https://scholar.google.com/citations?view_op=view_citation&hl=en&user=-T1n-IgAAAAJ&citation_for_view=-T1n-IgAAAAJ:UeHWp8X0CEIC",
      "authors": "P Dong, M Sun, A Lu, Y Xie, K Liu, Z Kong, X Meng, Z Li, X Lin, Z Fang, ...",
      "venue": "2023 IEEE International Symposium on High-Performance Computer Architecture …, 2023",
      "year": 2023,
      "citations": 112
    },
    {
      "title": "Peeling the onion: Hierarchical reduction of data redundancy for efficient vision transformer training",
      "url": "https://scholar.google.com/citations?view_op=view_citation&hl=en&user=-T1n-IgAAAAJ&citation_for_view=-T1n-IgAAAAJ:IjCSPb-OGe4C",
      "authors": "Z Kong, H Ma, G Yuan, M Sun, Y Xie, P Dong, X Meng, X Shen, H Tang, ...",
      "venue": "Proceedings of the AAAI Conference on Artificial Intelligence 37 (7), 8360-8368, 2023",
      "year": 2023,
      "citations": 37
    },
    {
      "title": "SupeRBNN: Randomized binary neural network using adiabatic superconductor Josephson devices",
      "url": "https://scholar.google.com/citations?view_op=view_citation&hl=en&user=-T1n-IgAAAAJ&citation_for_view=-T1n-IgAAAAJ:Se3iqnhoufwC",
      "authors": "Z Li, G Yuan, T Yamauchi, Z Masoud, Y Xie, P Dong, X Tang, ...",
      "venue": "Proceedings of the 56th Annual IEEE/ACM International Symposium on …, 2023",
      "year": 2023,
      "citations": 8
    },
    {
      "title": "Machine learning across network-connected fpgas",
      "url": "https://scholar.google.com/citations?view_op=view_citation&hl=en&user=-T1n-IgAAAAJ&citation_for_view=-T1n-IgAAAAJ:UebtZRa9Y70C",
      "authors": "D Diaconu, Y Xie, M Gungor, S Handagala, X Lin, M Leeser",
      "venue": "2023 IEEE High Performance Extreme Computing Conference (HPEC), 1-7, 2023",
      "year": 2023,
      "citations": 7
    },
    {
      "title": "Esru: Extremely low-bit and hardware-efficient stochastic rounding unit design for low-bit dnn training",
      "url": "https://scholar.google.com/citations?view_op=view_citation&hl=en&user=-T1n-IgAAAAJ&citation_for_view=-T1n-IgAAAAJ:ufrVoPGSRksC",
      "authors": "SE Chang, G Yuan, A Lu, M Sun, Y Li, X Ma, Z Li, Y Xie, M Qin, X Lin, ...",
      "venue": "2023 Design, Automation & Test in Europe Conference & Exhibition (DATE), 1-6, 2023",
      "year": 2023,
      "citations": 6
    },
    {
      "title": "Auto-vit-acc: An fpga-aware automatic acceleration framework for vision transformer with mixed-scheme quantization",
      "url": "https://scholar.google.com/citations?view_op=view_citation&hl=en&user=-T1n-IgAAAAJ&citation_for_view=-T1n-IgAAAAJ:zYLM7Y9cAGgC",
      "authors": "Z Li, M Sun, A Lu, H Ma, G Yuan, Y Xie, H Tang, Y Li, M Leeser, Z Wang, ...",
      "venue": "2022 32nd International Conference on Field-Programmable Logic and …, 2022",
      "year": 2022,
      "citations": 95
    },
    {
      "title": "FPGA-aware automatic acceleration framework for vision transformer with mixed-scheme quantization: Late breaking results",
      "url": "https://scholar.google.com/citations?view_op=view_citation&hl=en&user=-T1n-IgAAAAJ&citation_for_view=-T1n-IgAAAAJ:2osOgNQ5qMEC",
      "authors": "M Sun, Z Li, A Lu, H Ma, G Yuan, Y Xie, H Tang, Y Li, M Leeser, Z Wang, ...",
      "venue": "Proceedings of the 59th ACM/IEEE Design Automation Conference, 1394-1395, 2022",
      "year": 2022,
      "citations": 12
    },
    {
      "title": "TAAS: A timing-aware analytical strategy for AQFP-capable placement automation",
      "url": "https://scholar.google.com/citations?view_op=view_citation&hl=en&user=-T1n-IgAAAAJ&citation_for_view=-T1n-IgAAAAJ:u5HHmVD_uO8C",
      "authors": "P Dong*, Y Xie*, H Li*, M Sun, O Chen, N Yoshikawa, Y Wang",
      "venue": "Proceedings of the 59th ACM/IEEE Design Automation Conference, 1321-1326, 2022",
      "year": 2022,
      "citations": 9
    },
    {
      "title": "You already have it: A generator-free low-precision dnn training framework using stochastic rounding",
      "url": "https://scholar.google.com/citations?view_op=view_citation&hl=en&user=-T1n-IgAAAAJ&citation_for_view=-T1n-IgAAAAJ:W7OEmFMy1HYC",
      "authors": "G Yuan, SE Chang, Q Jin, A Lu, Y Li, Y Wu, Z Kong, Y Xie, P Dong, M Qin, ...",
      "venue": "European Conference on Computer Vision, 34-51, 2022",
      "year": 2022,
      "citations": 7
    },
    {
      "title": "Timing-driven placement for FPGAs with heterogeneous architectures and clock constraints",
      "url": "https://scholar.google.com/citations?view_op=view_citation&hl=en&user=-T1n-IgAAAAJ&citation_for_view=-T1n-IgAAAAJ:qjMakFHDy7sC",
      "authors": "Z Lin, Y Xie, G Qian, J Chen, S Wang, J Yu, YW Chang",
      "venue": "2021 Design, Automation & Test in Europe Conference & Exhibition (DATE …, 2021",
      "year": 2021,
      "citations": 8
    },
    {
      "title": "An incremental placement flow for advanced FPGAs with timing awareness",
      "url": "https://scholar.google.com/citations?view_op=view_citation&hl=en&user=-T1n-IgAAAAJ&citation_for_view=-T1n-IgAAAAJ:d1gkVwhDpl0C",
      "authors": "Z Lin, Y Xie, P Zou, S Wang, J Yu, J Chen",
      "venue": "IEEE Transactions on Computer-Aided Design of Integrated Circuits and …, 2021",
      "year": 2021,
      "citations": 6
    },
    {
      "title": "Late breaking results: An analytical timing-driven placer for heterogeneous FPGAs",
      "url": "https://scholar.google.com/citations?view_op=view_citation&hl=en&user=-T1n-IgAAAAJ&citation_for_view=-T1n-IgAAAAJ:Y0pCki6q_DkC",
      "authors": "Z Lin, Y Xie, G Qian, S Wang, J Yu, J Chen",
      "venue": "2020 57th ACM/IEEE Design Automation Conference (DAC), 1-2, 2020",
      "year": 2020,
      "citations": 6
    },
    {
      "title": "Mixed-cell-height placement with complex minimum-implant-area constraints",
      "url": "https://scholar.google.com/citations?view_op=view_citation&hl=en&user=-T1n-IgAAAAJ&citation_for_view=-T1n-IgAAAAJ:WF5omc3nYNoC",
      "authors": "J Chen, P Yang, X Li, W Zhu, YW Chang",
      "venue": "Proceedings of the International Conference on Computer-Aided Design, 1-8, 2018",
      "year": 2018,
      "citations": 34
    }
  ],
  "co_authors": [
    {
      "name": "Yanzhi Wang",
      "scholar_id": "a7akgIEAAAAJ",
      "url": "https://scholar.google.com/citations?user=a7akgIEAAAAJ"
    },
    {
      "name": "Xue Lin",
      "scholar_id": "p87KNLIAAAAJ",
      "url": "https://scholar.google.com/citations?user=p87KNLIAAAAJ"
    },
    {
      "name": "Zhengang Li",
      "scholar_id": "hH1Oun0AAAAJ",
      "url": "https://scholar.google.com/citations?user=hH1Oun0AAAAJ"
    },
    {
      "name": "Peiyan (Peggie) Dong",
      "scholar_id": "OGU3CVoAAAAJ",
      "url": "https://scholar.google.com/citations?user=OGU3CVoAAAAJ"
    },
    {
      "name": "Mengshu Sun",
      "scholar_id": "JKUtxEgAAAAJ",
      "url": "https://scholar.google.com/citations?user=JKUtxEgAAAAJ"
    },
    {
      "name": "Zhenman Fang",
      "scholar_id": "v_FAgbgAAAAJ",
      "url": "https://scholar.google.com/citations?user=v_FAgbgAAAAJ"
    },
    {
      "name": "Alec Lu",
      "scholar_id": "3C4k54wAAAAJ",
      "url": "https://scholar.google.com/citations?user=3C4k54wAAAAJ"
    },
    {
      "name": "Geng Yuan",
      "scholar_id": "tBIAgtgAAAAJ",
      "url": "https://scholar.google.com/citations?user=tBIAgtgAAAAJ"
    },
    {
      "name": "Yanyu Li",
      "scholar_id": "XUj8koUAAAAJ",
      "url": "https://scholar.google.com/citations?user=XUj8koUAAAAJ"
    },
    {
      "name": "Miriam Leeser",
      "scholar_id": "Rjuj_acAAAAJ",
      "url": "https://scholar.google.com/citations?user=Rjuj_acAAAAJ"
    },
    {
      "name": "Zhenglun Kong",
      "scholar_id": "XYa4NVYAAAAJ",
      "url": "https://scholar.google.com/citations?user=XYa4NVYAAAAJ"
    },
    {
      "name": "Xuan Shen",
      "scholar_id": "Pvj14ZUAAAAJ",
      "url": "https://scholar.google.com/citations?user=Pvj14ZUAAAAJ"
    },
    {
      "name": "Xiaolong Ma",
      "scholar_id": "ryKbiHsAAAAJ",
      "url": "https://scholar.google.com/citations?user=ryKbiHsAAAAJ"
    },
    {
      "name": "Olivia Chen",
      "scholar_id": "snJXnIkAAAAJ",
      "url": "https://scholar.google.com/citations?user=snJXnIkAAAAJ"
    },
    {
      "name": "Zhifeng Lin",
      "scholar_id": "jOZ-KbkAAAAJ",
      "url": "https://scholar.google.com/citations?user=jOZ-KbkAAAAJ"
    },
    {
      "name": "Pu Zhao",
      "scholar_id": "rWZLnpwAAAAJ",
      "url": "https://scholar.google.com/citations?user=rWZLnpwAAAAJ"
    },
    {
      "name": "Yao-Wen Chang",
      "scholar_id": "qKJ_7jAAAAAJ",
      "url": "https://scholar.google.com/citations?user=qKJ_7jAAAAAJ"
    }
  ]
}