{
  "author_info": {
    "name": "Xuanang Xu",
    "affiliation": "Department of Radiology and Biomedical Imaging, Yale School of Medicine",
    "email_verified": "Verified email at yale.edu - Homepage",
    "website": "http://superxuang.github.io/",
    "interests": [
      "Medical image analysis",
      "Medical image segmentation",
      "Deep learning"
    ],
    "photo_url": "https://scholar.googleusercontent.com/citations?view_op=view_photo&user=-wbE0RQAAAAJ&citpid=6"
  },
  "citation_stats": {
    "citations_all": 1489,
    "citations_since_2020": 1455,
    "h_index_all": 19,
    "h_index_since_2020": 19,
    "i10_index_all": 28,
    "i10_index_since_2020": 27,
    "citation_graph": [
      {
        "year": 2015,
        "citations": 4
      },
      {
        "year": 2016,
        "citations": 5
      },
      {
        "year": 2017,
        "citations": 3
      },
      {
        "year": 2018,
        "citations": 4
      },
      {
        "year": 2019,
        "citations": 11
      },
      {
        "year": 2020,
        "citations": 37
      },
      {
        "year": 2021,
        "citations": 82
      },
      {
        "year": 2022,
        "citations": 190
      },
      {
        "year": 2023,
        "citations": 294
      },
      {
        "year": 2024,
        "citations": 390
      },
      {
        "year": 2025,
        "citations": 450
      }
    ]
  },
  "papers": [
    {
      "title": "Federated cross learning for medical image segmentation",
      "url": "https://scholar.google.com/citations?view_op=view_citation&hl=en&user=-wbE0RQAAAAJ&citation_for_view=-wbE0RQAAAAJ:r0BpntZqJG4C",
      "authors": "X Xu, HH Deng, T Chen, T Kuang, JC Barber, D Kim, J Gateno, JJ Xia, ...",
      "venue": "Medical Imaging with Deep Learning, 1441-1452, 2024",
      "year": 2024,
      "citations": 26
    },
    {
      "title": "General purpose image encoder DINOv2 for medical image registration",
      "url": "https://scholar.google.com/citations?view_op=view_citation&hl=en&user=-wbE0RQAAAAJ&citation_for_view=-wbE0RQAAAAJ:4JMBOYKVnBMC",
      "authors": "X Song, X Xu, P Yan",
      "venue": "arXiv preprint arXiv:2402.15687, 2024",
      "year": 2024,
      "citations": 20
    },
    {
      "title": "Machine Learning in Medical Imaging: 14th International Workshop, MLMI 2023, Held in Conjunction with MICCAI 2023, Vancouver, BC, Canada, October 8, 2023, Proceedings, Part II",
      "url": "https://scholar.google.com/citations?view_op=view_citation&hl=en&user=-wbE0RQAAAAJ&citation_for_view=-wbE0RQAAAAJ:TQgYirikUcIC",
      "authors": "X Cao, X Xu, I Rekik, Z Cui, X Ouyang",
      "venue": "Springer Nature, 2023",
      "year": 2023,
      "citations": 62
    },
    {
      "title": "Federated multi-organ segmentation with inconsistent labels",
      "url": "https://scholar.google.com/citations?view_op=view_citation&hl=en&user=-wbE0RQAAAAJ&citation_for_view=-wbE0RQAAAAJ:qUcmZB5y_30C",
      "authors": "X Xu, HH Deng, J Gateno, P Yan",
      "venue": "IEEE transactions on medical imaging 42 (10), 2948-2960, 2023",
      "year": 2023,
      "citations": 36
    },
    {
      "title": "Clinical feasibility of deep learning-based automatic head CBCT image segmentation and landmark detection in computer-aided surgical simulation for orthognathic surgery",
      "url": "https://scholar.google.com/citations?view_op=view_citation&hl=en&user=-wbE0RQAAAAJ&citation_for_view=-wbE0RQAAAAJ:iH-uZ7U-co4C",
      "authors": "HH Deng, Q Liu, A Chen, T Kuang, P Yuan, J Gateno, D Kim, JC Barber, ...",
      "venue": "International Journal of Oral and Maxillofacial Surgery 52 (7), 793-800, 2023",
      "year": 2023,
      "citations": 24
    },
    {
      "title": "Cross-modal attention for multi-modal image registration",
      "url": "https://scholar.google.com/citations?view_op=view_citation&hl=en&user=-wbE0RQAAAAJ&citation_for_view=-wbE0RQAAAAJ:mVmsd5A6BfQC",
      "authors": "X Song, H Chao, X Xu, H Guo, S Xu, B Turkbey, BJ Wood, T Sanford, ...",
      "venue": "Medical Image Analysis 82, 102612, 2022",
      "year": 2022,
      "citations": 100
    },
    {
      "title": "OpenKBP-Opt: an international and reproducible evaluation of 76 knowledge-based planning pipelines",
      "url": "https://scholar.google.com/citations?view_op=view_citation&hl=en&user=-wbE0RQAAAAJ&citation_for_view=-wbE0RQAAAAJ:qxL8FJ1GzNcC",
      "authors": "A Babier, R Mahmood, B Zhang, VGL Alves, AM Barragán-Montero, ...",
      "venue": "Physics in Medicine & Biology 67 (18), 185012, 2022",
      "year": 2022,
      "citations": 39
    },
    {
      "title": "Deep learning for biomechanical modeling of facial tissue deformation in orthognathic surgical planning",
      "url": "https://scholar.google.com/citations?view_op=view_citation&hl=en&user=-wbE0RQAAAAJ&citation_for_view=-wbE0RQAAAAJ:M3ejUd6NZC8C",
      "authors": "N Lampen, D Kim, X Fang, X Xu, T Kuang, HH Deng, JC Barber, J Gateno, ...",
      "venue": "International journal of computer assisted radiology and surgery 17 (5), 945-952, 2022",
      "year": 2022,
      "citations": 36
    },
    {
      "title": "Polar transform network for prostate ultrasound segmentation with uncertainty estimation",
      "url": "https://scholar.google.com/citations?view_op=view_citation&hl=en&user=-wbE0RQAAAAJ&citation_for_view=-wbE0RQAAAAJ:4TOpqqG69KYC",
      "authors": "X Xu, T Sanford, B Turkbey, S Xu, BJ Wood, P Yan",
      "venue": "Medical image analysis 78, 102418, 2022",
      "year": 2022,
      "citations": 31
    },
    {
      "title": "Deep learning-based head and neck radiotherapy planning dose prediction via beam-wise dose decomposition",
      "url": "https://scholar.google.com/citations?view_op=view_citation&hl=en&user=-wbE0RQAAAAJ&citation_for_view=-wbE0RQAAAAJ:9ZlFYXVOiuMC",
      "authors": "B Wang, L Teng, L Mei, Z Cui, X Xu, Q Feng, D Shen",
      "venue": "International Conference on Medical Image Computing and Computer-Assisted …, 2022",
      "year": 2022,
      "citations": 21
    },
    {
      "title": "Multi-task learning for segmentation and classification of tumors in 3D automated breast ultrasound images",
      "url": "https://scholar.google.com/citations?view_op=view_citation&hl=en&user=-wbE0RQAAAAJ&citation_for_view=-wbE0RQAAAAJ:ufrVoPGSRksC",
      "authors": "Y Zhou, H Chen, Y Li, Q Liu, X Xu, S Wang, PT Yap, D Shen",
      "venue": "Medical image analysis 70, 101918, 2021",
      "year": 2021,
      "citations": 366
    },
    {
      "title": "Cross-modal attention for MRI and ultrasound volume registration",
      "url": "https://scholar.google.com/citations?view_op=view_citation&hl=en&user=-wbE0RQAAAAJ&citation_for_view=-wbE0RQAAAAJ:roLk4NBRz8UC",
      "authors": "X Song, H Guo, X Xu, H Chao, S Xu, B Turkbey, BJ Wood, G Wang, P Yan",
      "venue": "International conference on medical image computing and computer-assisted …, 2021",
      "year": 2021,
      "citations": 89
    },
    {
      "title": "Shadow-consistent semi-supervised learning for prostate ultrasound segmentation",
      "url": "https://scholar.google.com/citations?view_op=view_citation&hl=en&user=-wbE0RQAAAAJ&citation_for_view=-wbE0RQAAAAJ:ULOm3_A8WrAC",
      "authors": "X Xu, T Sanford, B Turkbey, S Xu, BJ Wood, P Yan",
      "venue": "IEEE Transactions on Medical Imaging 41 (6), 1331-1345, 2021",
      "year": 2021,
      "citations": 75
    },
    {
      "title": "Task-oriented low-dose CT image denoising",
      "url": "https://scholar.google.com/citations?view_op=view_citation&hl=en&user=-wbE0RQAAAAJ&citation_for_view=-wbE0RQAAAAJ:Se3iqnhoufwC",
      "authors": "J Zhang, H Chao, X Xu, C Niu, G Wang, P Yan",
      "venue": "International Conference on Medical Image Computing and Computer-Assisted …, 2021",
      "year": 2021,
      "citations": 31
    },
    {
      "title": "End-to-end ultrasound frame to volume registration",
      "url": "https://scholar.google.com/citations?view_op=view_citation&hl=en&user=-wbE0RQAAAAJ&citation_for_view=-wbE0RQAAAAJ:LkGwnXOMwfcC",
      "authors": "H Guo, X Xu, S Xu, BJ Wood, P Yan",
      "venue": "International Conference on Medical Image Computing and Computer-Assisted …, 2021",
      "year": 2021,
      "citations": 27
    },
    {
      "title": "Asymmetric multi-task attention network for prostate bed segmentation in computed tomography images",
      "url": "https://scholar.google.com/citations?view_op=view_citation&hl=en&user=-wbE0RQAAAAJ&citation_for_view=-wbE0RQAAAAJ:_FxGoFyzp5QC",
      "authors": "X Xu, C Lian, S Wang, T Zhu, RC Chen, AZ Wang, TJ Royce, PT Yap, ...",
      "venue": "Medical image analysis 72, 102116, 2021",
      "year": 2021,
      "citations": 27
    },
    {
      "title": "Asymmetrical multi-task attention u-net for the segmentation of prostate bed in ct image",
      "url": "https://scholar.google.com/citations?view_op=view_citation&hl=en&user=-wbE0RQAAAAJ&citation_for_view=-wbE0RQAAAAJ:WF5omc3nYNoC",
      "authors": "X Xu, C Lian, S Wang, A Wang, T Royce, R Chen, J Lian, D Shen",
      "venue": "International Conference on Medical Image Computing and Computer-Assisted …, 2020",
      "year": 2020,
      "citations": 23
    },
    {
      "title": "Efficient Multiple Organ Localization in CT Image using 3D Region Proposal Network",
      "url": "https://scholar.google.com/citations?view_op=view_citation&hl=en&user=-wbE0RQAAAAJ&citation_for_view=-wbE0RQAAAAJ:u-x6o8ySG0sC",
      "authors": "X Xu, F Zhou, B Liu, D Fu, X Bai",
      "venue": "IEEE Transactions on Medical Imaging 38 (8), 1885-1898, 2019",
      "year": 2019,
      "citations": 199
    },
    {
      "title": "Multiple organ localization in CT image using triple-branch fully convolutional networks",
      "url": "https://scholar.google.com/citations?view_op=view_citation&hl=en&user=-wbE0RQAAAAJ&citation_for_view=-wbE0RQAAAAJ:u5HHmVD_uO8C",
      "authors": "X Xu, F Zhou, B Liu, X Bai",
      "venue": "Ieee Access 7, 98083-98093, 2019",
      "year": 2019,
      "citations": 17
    },
    {
      "title": "Automatic bladder segmentation from CT images using deep CNN and 3D fully connected CRF-RNN",
      "url": "https://scholar.google.com/citations?view_op=view_citation&hl=en&user=-wbE0RQAAAAJ&citation_for_view=-wbE0RQAAAAJ:d1gkVwhDpl0C",
      "authors": "X Xu, F Zhou, B Liu",
      "venue": "International Journal of Computer Assisted Radiology and Surgery 13 (7), 967-975, 2018",
      "year": 2018,
      "citations": 53
    }
  ],
  "co_authors": [
    {
      "name": "Pingkun Yan",
      "scholar_id": "qkIp7AEAAAAJ",
      "url": "https://scholar.google.com/citations?user=qkIp7AEAAAAJ"
    },
    {
      "name": "Xinrui Song",
      "scholar_id": "ms_5p0sAAAAJ",
      "url": "https://scholar.google.com/citations?user=ms_5p0sAAAAJ"
    },
    {
      "name": "Dinggang Shen",
      "scholar_id": "v6VYQC8AAAAJ",
      "url": "https://scholar.google.com/citations?user=v6VYQC8AAAAJ"
    },
    {
      "name": "Xi Fang",
      "scholar_id": "gXBde2IAAAAJ",
      "url": "https://scholar.google.com/citations?user=gXBde2IAAAAJ"
    },
    {
      "name": "Nathan Lampen",
      "scholar_id": "6d7jCfAAAAAJ",
      "url": "https://scholar.google.com/citations?user=6d7jCfAAAAAJ"
    },
    {
      "name": "Hengtao Guo",
      "scholar_id": "MiOqrWkAAAAJ",
      "url": "https://scholar.google.com/citations?user=MiOqrWkAAAAJ"
    },
    {
      "name": "Ge Wang",
      "scholar_id": "pjK2mQwAAAAJ",
      "url": "https://scholar.google.com/citations?user=pjK2mQwAAAAJ"
    },
    {
      "name": "Jun Lian",
      "scholar_id": "Nr1lom4AAAAJ",
      "url": "https://scholar.google.com/citations?user=Nr1lom4AAAAJ"
    },
    {
      "name": "Hanqing Chao (巢汉青)",
      "scholar_id": "P4Y_RSgAAAAJ",
      "url": "https://scholar.google.com/citations?user=P4Y_RSgAAAAJ"
    },
    {
      "name": "Chunfeng Lian",
      "scholar_id": "JkHtHM0AAAAJ",
      "url": "https://scholar.google.com/citations?user=JkHtHM0AAAAJ"
    },
    {
      "name": "Jungwook Lee",
      "scholar_id": "uCpue6EAAAAJ",
      "url": "https://scholar.google.com/citations?user=uCpue6EAAAAJ"
    },
    {
      "name": "Jiajin Zhang",
      "scholar_id": "NGCJREYAAAAJ",
      "url": "https://scholar.google.com/citations?user=NGCJREYAAAAJ"
    },
    {
      "name": "James J. Xia, MD, PhD",
      "scholar_id": "Chl1rh0AAAAJ",
      "url": "https://scholar.google.com/citations?user=Chl1rh0AAAAJ"
    }
  ]
}