{
  "author_info": {
    "name": "yaomin huang",
    "affiliation": "East China Normal University",
    "email_verified": "Verified email at stu.ecnu.edu.cn",
    "interests": [
      "computer vision",
      "3D perception"
    ],
    "photo_url": "/citations/images/avatar_scholar_128.png"
  },
  "citation_stats": {
    "citations_all": 54,
    "citations_since_2020": 53,
    "h_index_all": 3,
    "h_index_since_2020": 3,
    "i10_index_all": 2,
    "i10_index_since_2020": 2,
    "citation_graph": [
      {
        "year": 2022,
        "citations": 3
      },
      {
        "year": 2023,
        "citations": 8
      },
      {
        "year": 2024,
        "citations": 21
      },
      {
        "year": 2025,
        "citations": 21
      }
    ]
  },
  "papers": [
    {
      "title": "Explicit Depth-Aware Blurry Video Frame Interpolation Guided by Differential Curves",
      "url": "https://scholar.google.com/citations?view_op=view_citation&hl=en&user=-UZEqwwAAAAJ&citation_for_view=-UZEqwwAAAAJ:IjCSPb-OGe4C",
      "authors": "Z Yan, P Lei, T Wang, F Fang, J Zhang, Y Huang, H Song",
      "venue": "Proceedings of the Computer Vision and Pattern Recognition Conference, 1994-2004, 2025",
      "year": 2025,
      "citations": 1
    },
    {
      "title": "Student-Oriented Teacher Knowledge Refinement for Knowledge Distillation",
      "url": "https://scholar.google.com/citations?view_op=view_citation&hl=en&user=-UZEqwwAAAAJ&citation_for_view=-UZEqwwAAAAJ:9yKSN-GCB0IC",
      "authors": "C Shen, Y Huang, H Zhu, J Fan, G Zhang",
      "venue": "Proceedings of the 32nd ACM International Conference on Multimedia, 4543-4552, 2024",
      "year": 2024,
      "citations": 3
    },
    {
      "title": "Harmonizing knowledge Transfer in Neural Network with Unified Distillation",
      "url": "https://scholar.google.com/citations?view_op=view_citation&hl=en&user=-UZEqwwAAAAJ&citation_for_view=-UZEqwwAAAAJ:2osOgNQ5qMEC",
      "authors": "Y Huang, Z Yan, C Shen, F Fang, G Zhang",
      "venue": "European Conference on Computer Vision, 2024",
      "year": 2024,
      "citations": 1
    },
    {
      "title": "CP3: Channel pruning plug-in for point-based networks",
      "url": "https://scholar.google.com/citations?view_op=view_citation&hl=en&user=-UZEqwwAAAAJ&citation_for_view=-UZEqwwAAAAJ:d1gkVwhDpl0C",
      "authors": "Y Huang, N Liu, Z Che, Z Xu, C Shen, Y Peng, G Zhang, X Liu, F Feng, ...",
      "venue": "Proceedings of the IEEE/CVF Conference on Computer Vision and Pattern …, 2023",
      "year": 2023,
      "citations": 27
    },
    {
      "title": "CMG-Net: an end-to-end contact-based multi-finger dexterous grasping network",
      "url": "https://scholar.google.com/citations?view_op=view_citation&hl=en&user=-UZEqwwAAAAJ&citation_for_view=-UZEqwwAAAAJ:u-x6o8ySG0sC",
      "authors": "M Wei, Y Huang, Z Xu, N Liu, Z Che, X Zhang, C Shen, F Feng, C Shan, ...",
      "venue": "arXiv preprint arXiv:2303.13182, 2023",
      "year": 2023,
      "citations": 4
    },
    {
      "title": "Label-guided auxiliary training improves 3d object detector",
      "url": "https://scholar.google.com/citations?view_op=view_citation&hl=en&user=-UZEqwwAAAAJ&citation_for_view=-UZEqwwAAAAJ:u5HHmVD_uO8C",
      "authors": "Y Huang, X Liu, Y Zhu, Z Xu, C Shen, Z Che, G Zhang, Y Peng, F Feng, ...",
      "venue": "European Conference on Computer Vision, 684-700, 2022",
      "year": 2022,
      "citations": 18
    },
    {
      "title": "Surface-Aware Feed-Forward Quadratic Gaussian for Frame Interpolation with Large Motion",
      "url": "https://scholar.google.com/citations?view_op=view_citation&hl=en&user=-UZEqwwAAAAJ&citation_for_view=-UZEqwwAAAAJ:zYLM7Y9cAGgC",
      "authors": "Z Yan, Y Huang, Q Chen, G Zhang, F Fang",
      "venue": "The Thirty-ninth Annual Conference on Neural Information Processing Systems, 0",
      "citations": 0
    }
  ],
  "co_authors": []
}