{
  "author_info": {
    "name": "Yuhang Ma",
    "affiliation": "Bytedance, University College London",
    "email_verified": "Verified email at bytedance.com - Homepage",
    "website": "https://yuhang-ma.github.io/",
    "interests": [
      "Generative AI",
      "Multi-module Pretraining",
      "(Conditional) Text-to-image Generation (AIGC)"
    ],
    "photo_url": "https://scholar.googleusercontent.com/citations?view_op=view_photo&user=0I5QGngAAAAJ&citpid=3"
  },
  "citation_stats": {
    "citations_all": 130,
    "citations_since_2020": 130,
    "h_index_all": 4,
    "h_index_since_2020": 4,
    "i10_index_all": 3,
    "i10_index_since_2020": 3,
    "citation_graph": [
      {
        "year": 2023,
        "citations": 4
      },
      {
        "year": 2024,
        "citations": 17
      },
      {
        "year": 2025,
        "citations": 108
      }
    ]
  },
  "papers": [
    {
      "title": "Hpsv3: Towards wide-spectrum human preference score",
      "url": "https://scholar.google.com/citations?view_op=view_citation&hl=en&user=0I5QGngAAAAJ&citation_for_view=0I5QGngAAAAJ:UeHWp8X0CEIC",
      "authors": "Y Ma, X Wu, K Sun, H Li",
      "venue": "Proceedings of the IEEE/CVF International Conference on Computer Vision …, 2025",
      "year": 2025,
      "citations": 25
    },
    {
      "title": "ComfyGPT: A Self-Optimizing Multi-Agent System for Comprehensive ComfyUI Workflow Generation",
      "url": "https://scholar.google.com/citations?view_op=view_citation&hl=en&user=0I5QGngAAAAJ&citation_for_view=0I5QGngAAAAJ:2osOgNQ5qMEC",
      "authors": "O Huang*, Y Ma*, Z Zhao, M Wu, J Ji, R Zhang, Z Hu, X Sun, R Ji",
      "venue": "arXiv preprint arXiv:2503.17671, 2025",
      "year": 2025,
      "citations": 3
    },
    {
      "title": "Multimodal conditional retrieval with high controllability",
      "url": "https://scholar.google.com/citations?view_op=view_citation&hl=en&user=0I5QGngAAAAJ&citation_for_view=0I5QGngAAAAJ:qjMakFHDy7sC",
      "authors": "X Yang, X Cheng, M Fang, H Qiu, Y Ma, JY Lu, J Duan, S Cai, Z Wang, ...",
      "venue": "Proceedings of the 31st ACM SIGKDD Conference on Knowledge Discovery and …, 2025",
      "year": 2025,
      "citations": 2
    },
    {
      "title": "Llm4gen: Leveraging semantic representation of llms for text-to-image generation",
      "url": "https://scholar.google.com/citations?view_op=view_citation&hl=en&user=0I5QGngAAAAJ&citation_for_view=0I5QGngAAAAJ:d1gkVwhDpl0C",
      "authors": "M Liu*, Y Ma*, Y Zhen, J Dan, Y Yu, Z Zhao, Z Hu, B Liu, C Fan",
      "venue": "AAAI2025, 2024",
      "year": 2024,
      "citations": 42
    },
    {
      "title": "Character-adapter: Prompt-guided region control for high-fidelity character customization",
      "url": "https://scholar.google.com/citations?view_op=view_citation&hl=en&user=0I5QGngAAAAJ&citation_for_view=0I5QGngAAAAJ:u5HHmVD_uO8C",
      "authors": "Y Ma*, W Xu*, J Tang*, Q Jin, R Zhang, Z Zhao, C Fan, Z Hu",
      "venue": "arXiv preprint arXiv:2406.16537, 2024",
      "year": 2024,
      "citations": 6
    },
    {
      "title": "Storynizor: Consistent Story Generation via Inter-Frame Synchronized and Shuffled ID Injection",
      "url": "https://scholar.google.com/citations?view_op=view_citation&hl=en&user=0I5QGngAAAAJ&citation_for_view=0I5QGngAAAAJ:9yKSN-GCB0IC",
      "authors": "Y Ma*, W Xu*, C Zhao*, K Sun, Q Jin, Z Zhao, C Fan, Z Hu",
      "venue": "AAAI2025, 2024",
      "year": 2024,
      "citations": 4
    },
    {
      "title": "You can even annotate text with voice: Transcription-only-supervised text spotting",
      "url": "https://scholar.google.com/citations?view_op=view_citation&hl=en&user=0I5QGngAAAAJ&citation_for_view=0I5QGngAAAAJ:u-x6o8ySG0sC",
      "authors": "J Tang, S Qiao, B Cui, Y Ma, S Zhang, D Kanoulas",
      "venue": "Proceedings of the 30th ACM International Conference on Multimedia, 4154-4163, 2022",
      "year": 2022,
      "citations": 48
    }
  ],
  "co_authors": [
    {
      "name": "Keqiang Sun",
      "scholar_id": "AJ7qJDEAAAAJ",
      "url": "https://scholar.google.com/citations?user=AJ7qJDEAAAAJ"
    },
    {
      "name": "Jingqun Tang",
      "scholar_id": "OxQXSioAAAAJ",
      "url": "https://scholar.google.com/citations?user=OxQXSioAAAAJ"
    },
    {
      "name": "Dimitrios Kanoulas",
      "scholar_id": "cE8_5EsAAAAJ",
      "url": "https://scholar.google.com/citations?user=cE8_5EsAAAAJ"
    },
    {
      "name": "Mushui Liu",
      "scholar_id": "-WUyWpMAAAAJ",
      "url": "https://scholar.google.com/citations?user=-WUyWpMAAAAJ"
    },
    {
      "name": "Rongsheng Zhang",
      "scholar_id": "H1VQcLAAAAAJ",
      "url": "https://scholar.google.com/citations?user=H1VQcLAAAAAJ"
    }
  ]
}