{
  "author_info": {
    "name": "Shuhang Gu",
    "affiliation": "University of Electronic Science and Technology of China",
    "email_verified": "Verified email at uestc.edu.cn - Homepage",
    "website": "https://shuhanggu.github.io/",
    "interests": [
      "image processing",
      "pattern recognition",
      "computer vision"
    ],
    "photo_url": "https://scholar.googleusercontent.com/citations?view_op=view_photo&user=-kSTt40AAAAJ&citpid=1"
  },
  "citation_stats": {
    "citations_all": 18594,
    "citations_since_2020": 15571,
    "h_index_all": 48,
    "h_index_since_2020": 45,
    "i10_index_all": 83,
    "i10_index_since_2020": 79,
    "citation_graph": [
      {
        "year": 2015,
        "citations": 63
      },
      {
        "year": 2016,
        "citations": 175
      },
      {
        "year": 2017,
        "citations": 416
      },
      {
        "year": 2018,
        "citations": 889
      },
      {
        "year": 2019,
        "citations": 1367
      },
      {
        "year": 2020,
        "citations": 1939
      },
      {
        "year": 2021,
        "citations": 2352
      },
      {
        "year": 2022,
        "citations": 2620
      },
      {
        "year": 2023,
        "citations": 2818
      },
      {
        "year": 2024,
        "citations": 3047
      },
      {
        "year": 2025,
        "citations": 2782
      }
    ]
  },
  "papers": [
    {
      "title": "You only look yourself: Unsupervised and untrained single image dehazing neural network",
      "url": "https://scholar.google.com/citations?view_op=view_citation&hl=en&user=-kSTt40AAAAJ&citation_for_view=-kSTt40AAAAJ:GnPB-g6toBAC",
      "authors": "B Li, Y Gou, S Gu, JZ Liu, JT Zhou, X Peng",
      "venue": "International Journal of Computer Vision 129 (5), 1754-1767, 2021",
      "year": 2021,
      "citations": 276
    },
    {
      "title": "Flow-based kernel prior with application to blind super-resolution",
      "url": "https://scholar.google.com/citations?view_op=view_citation&hl=en&user=-kSTt40AAAAJ&citation_for_view=-kSTt40AAAAJ:vV6vV6tmYwMC",
      "authors": "J Liang, K Zhang, S Gu, L Van Gool, R Timofte",
      "venue": "Proceedings of the IEEE/CVF conference on computer vision and pattern …, 2021",
      "year": 2021,
      "citations": 198
    },
    {
      "title": "Unsupervised real-world image super resolution via domain-distance aware training",
      "url": "https://scholar.google.com/citations?view_op=view_citation&hl=en&user=-kSTt40AAAAJ&citation_for_view=-kSTt40AAAAJ:M3NEmzRMIkIC",
      "authors": "Y Wei, S Gu, Y Li, R Timofte, L Jin, H Song",
      "venue": "Proceedings of the IEEE/CVF conference on computer vision and pattern …, 2021",
      "year": 2021,
      "citations": 195
    },
    {
      "title": "Group sparsity: The hinge between filter pruning and decomposition for network compression",
      "url": "https://scholar.google.com/citations?view_op=view_citation&hl=en&user=-kSTt40AAAAJ&citation_for_view=-kSTt40AAAAJ:isC4tDSrTZIC",
      "authors": "Y Li, S Gu, C Mayer, LV Gool, R Timofte",
      "venue": "Proceedings of the IEEE/CVF conference on computer vision and pattern …, 2020",
      "year": 2020,
      "citations": 306
    },
    {
      "title": "Video super-resolution with recurrent structure-detail network",
      "url": "https://scholar.google.com/citations?view_op=view_citation&hl=en&user=-kSTt40AAAAJ&citation_for_view=-kSTt40AAAAJ:ns9cj8rnVeAC",
      "authors": "T Isobe, X Jia, S Gu, S Li, S Wang, Q Tian",
      "venue": "European conference on computer vision, 645-660, 2020",
      "year": 2020,
      "citations": 304
    },
    {
      "title": "Frequency separation for real-world super-resolution",
      "url": "https://scholar.google.com/citations?view_op=view_citation&hl=en&user=-kSTt40AAAAJ&citation_for_view=-kSTt40AAAAJ:RHpTSmoSYBkC",
      "authors": "M Fritsche, S Gu, R Timofte",
      "venue": "2019 IEEE/CVF International Conference on Computer Vision Workshop (ICCVW …, 2019",
      "year": 2019,
      "citations": 297
    },
    {
      "title": "Self-guided network for fast image denoising",
      "url": "https://scholar.google.com/citations?view_op=view_citation&hl=en&user=-kSTt40AAAAJ&citation_for_view=-kSTt40AAAAJ:mB3voiENLucC",
      "authors": "S Gu, Y Li, LV Gool, R Timofte",
      "venue": "Proceedings of the IEEE/CVF International Conference on Computer Vision …, 2019",
      "year": 2019,
      "citations": 246
    },
    {
      "title": "Efficient video super-resolution through recurrent latent space propagation",
      "url": "https://scholar.google.com/citations?view_op=view_citation&hl=en&user=-kSTt40AAAAJ&citation_for_view=-kSTt40AAAAJ:hFOr9nPyWt4C",
      "authors": "D Fuoli, S Gu, R Timofte",
      "venue": "2019 IEEE/CVF International Conference on Computer Vision Workshop (ICCVW …, 2019",
      "year": 2019,
      "citations": 184
    },
    {
      "title": "Learning a deep single image contrast enhancer from multi-exposure images",
      "url": "https://scholar.google.com/citations?view_op=view_citation&hl=en&user=-kSTt40AAAAJ&citation_for_view=-kSTt40AAAAJ:_kc_bZDykSQC",
      "authors": "J Cai, S Gu, L Zhang",
      "venue": "IEEE Transactions on Image Processing 27 (4), 2049-2062, 2018",
      "year": 2018,
      "citations": 1266
    },
    {
      "title": "Learning convolutional networks for content-weighted image compression",
      "url": "https://scholar.google.com/citations?view_op=view_citation&hl=en&user=-kSTt40AAAAJ&citation_for_view=-kSTt40AAAAJ:5nxA0vEk-isC",
      "authors": "M Li, W Zuo, S Gu, D Zhao, D Zhang",
      "venue": "Proceedings of the IEEE conference on computer vision and pattern …, 2018",
      "year": 2018,
      "citations": 503
    },
    {
      "title": "Video rain streak removal by multiscale convolutional sparse coding",
      "url": "https://scholar.google.com/citations?view_op=view_citation&hl=en&user=-kSTt40AAAAJ&citation_for_view=-kSTt40AAAAJ:M3ejUd6NZC8C",
      "authors": "M Li, Q Xie, Q Zhao, W Wei, S Gu, J Tao, D Meng",
      "venue": "Proceedings of the IEEE conference on computer vision and pattern …, 2018",
      "year": 2018,
      "citations": 239
    },
    {
      "title": "Learning deep CNN denoiser prior for image restoration",
      "url": "https://scholar.google.com/citations?view_op=view_citation&hl=en&user=-kSTt40AAAAJ&citation_for_view=-kSTt40AAAAJ:8k81kl-MbHgC",
      "authors": "K Zhang, W Zuo, S Gu, L Zhang",
      "venue": "Proceedings of the IEEE conference on computer vision and pattern …, 2017",
      "year": 2017,
      "citations": 2631
    },
    {
      "title": "Ntire 2017 challenge on single image super-resolution: Methods and results",
      "url": "https://scholar.google.com/citations?view_op=view_citation&hl=en&user=-kSTt40AAAAJ&citation_for_view=-kSTt40AAAAJ:QIV2ME_5wuYC",
      "authors": "R Timofte, E Agustsson, L Van Gool, MH Yang, L Zhang",
      "venue": "Proceedings of the IEEE conference on computer vision and pattern …, 2017",
      "year": 2017,
      "citations": 2619
    },
    {
      "title": "Weighted nuclear norm minimization and its applications to low level vision",
      "url": "https://scholar.google.com/citations?view_op=view_citation&hl=en&user=-kSTt40AAAAJ&citation_for_view=-kSTt40AAAAJ:UebtZRa9Y70C",
      "authors": "S Gu, Q Xie, D Meng, W Zuo, X Feng, L Zhang",
      "venue": "International journal of computer vision 121 (2), 183-208, 2017",
      "year": 2017,
      "citations": 931
    },
    {
      "title": "Joint convolutional analysis and synthesis sparse representation for single image layer separation",
      "url": "https://scholar.google.com/citations?view_op=view_citation&hl=en&user=-kSTt40AAAAJ&citation_for_view=-kSTt40AAAAJ:KlAtU1dfN6UC",
      "authors": "S Gu, D Meng, W Zuo, L Zhang",
      "venue": "Proceedings of the IEEE international conference on computer vision, 1708-1716, 2017",
      "year": 2017,
      "citations": 273
    },
    {
      "title": "Weighted Schatten-Norm Minimization for Image Denoising and Background Subtraction",
      "url": "https://scholar.google.com/citations?view_op=view_citation&hl=en&user=-kSTt40AAAAJ&citation_for_view=-kSTt40AAAAJ:WF5omc3nYNoC",
      "authors": "Y Xie, S Gu, Y Liu, W Zuo, W Zhang, L Zhang",
      "venue": "IEEE transactions on image processing 25 (10), 4842-4857, 2016",
      "year": 2016,
      "citations": 480
    },
    {
      "title": "Multispectral images denoising by intrinsic tensor sparsity regularization",
      "url": "https://scholar.google.com/citations?view_op=view_citation&hl=en&user=-kSTt40AAAAJ&citation_for_view=-kSTt40AAAAJ:Se3iqnhoufwC",
      "authors": "Q Xie, Q Zhao, D Meng, Z Xu, S Gu, W Zuo, L Zhang",
      "venue": "Proceedings of the IEEE conference on computer vision and pattern …, 2016",
      "year": 2016,
      "citations": 290
    },
    {
      "title": "Convolutional sparse coding for image super-resolution",
      "url": "https://scholar.google.com/citations?view_op=view_citation&hl=en&user=-kSTt40AAAAJ&citation_for_view=-kSTt40AAAAJ:ufrVoPGSRksC",
      "authors": "S Gu, W Zuo, Q Xie, D Meng, X Feng, L Zhang",
      "venue": "Proceedings of the IEEE International Conference on Computer Vision, 1823-1831, 2015",
      "year": 2015,
      "citations": 459
    },
    {
      "title": "Weighted nuclear norm minimization with application to image denoising",
      "url": "https://scholar.google.com/citations?view_op=view_citation&hl=en&user=-kSTt40AAAAJ&citation_for_view=-kSTt40AAAAJ:IjCSPb-OGe4C",
      "authors": "S Gu, L Zhang, W Zuo, X Feng",
      "venue": "Proceedings of the IEEE conference on computer vision and pattern …, 2014",
      "year": 2014,
      "citations": 2786
    },
    {
      "title": "Projective dictionary pair learning for pattern classification",
      "url": "https://scholar.google.com/citations?view_op=view_citation&hl=en&user=-kSTt40AAAAJ&citation_for_view=-kSTt40AAAAJ:Tyk-4Ss8FVUC",
      "authors": "S Gu, L Zhang, W Zuo, X Feng",
      "venue": "Advances in neural information processing systems 27, 2014",
      "year": 2014,
      "citations": 385
    }
  ],
  "co_authors": [
    {
      "name": "Radu Timofte",
      "scholar_id": "u3MwH5kAAAAJ",
      "url": "https://scholar.google.com/citations?user=u3MwH5kAAAAJ"
    },
    {
      "name": "Lei Zhang",
      "scholar_id": "tAK5l1IAAAAJ",
      "url": "https://scholar.google.com/citations?user=tAK5l1IAAAAJ"
    },
    {
      "name": "Wangmeng Zuo",
      "scholar_id": "rUOpCEYAAAAJ",
      "url": "https://scholar.google.com/citations?user=rUOpCEYAAAAJ"
    },
    {
      "name": "Luc Van Gool",
      "scholar_id": "TwMib_QAAAAJ",
      "url": "https://scholar.google.com/citations?user=TwMib_QAAAAJ"
    },
    {
      "name": "Deyu Meng",
      "scholar_id": "an6w-64AAAAJ",
      "url": "https://scholar.google.com/citations?user=an6w-64AAAAJ"
    },
    {
      "name": "David Zhang, Dapeng",
      "scholar_id": "IOagLnEAAAAJ",
      "url": "https://scholar.google.com/citations?user=IOagLnEAAAAJ"
    },
    {
      "name": "Mai Xu",
      "scholar_id": "JdhDuXAAAAAJ",
      "url": "https://scholar.google.com/citations?user=JdhDuXAAAAAJ"
    },
    {
      "name": "Nong Sang",
      "scholar_id": "ky_ZowEAAAAJ",
      "url": "https://scholar.google.com/citations?user=ky_ZowEAAAAJ"
    },
    {
      "name": "Ce Zhu",
      "scholar_id": "C7iZbYMAAAAJ",
      "url": "https://scholar.google.com/citations?user=C7iZbYMAAAAJ"
    }
  ]
}