{
  "author_info": {
    "name": "André Oliveira Françani",
    "affiliation": "Universidade de São Paulo",
    "email_verified": "Verified email at usp.br",
    "interests": [
      "Computer Vision",
      "Deep Learning",
      "Visual Odometry",
      "Artificial Intelligence",
      "Digital Signal Processing"
    ],
    "photo_url": "https://scholar.googleusercontent.com/citations?view_op=view_photo&user=031ZSLQAAAAJ&citpid=18"
  },
  "citation_stats": {
    "citations_all": 111,
    "citations_since_2020": 111,
    "h_index_all": 4,
    "h_index_since_2020": 4,
    "i10_index_all": 4,
    "i10_index_since_2020": 4,
    "citation_graph": [
      {
        "year": 2020,
        "citations": 1
      },
      {
        "year": 2021,
        "citations": 7
      },
      {
        "year": 2022,
        "citations": 16
      },
      {
        "year": 2023,
        "citations": 24
      },
      {
        "year": 2024,
        "citations": 20
      },
      {
        "year": 2025,
        "citations": 41
      }
    ]
  },
  "papers": [
    {
      "title": "Transformer-based model for monocular visual odometry: a video understanding approach",
      "url": "https://scholar.google.com/citations?view_op=view_citation&hl=en&user=031ZSLQAAAAJ&citation_for_view=031ZSLQAAAAJ:Tyk-4Ss8FVUC",
      "authors": "AO Françani, MROA Maximo",
      "venue": "IEEE Access, 2025",
      "year": 2025,
      "citations": 31
    },
    {
      "title": "Motion Consistency Loss for Monocular Visual Odometry with Attention-Based Deep Learning",
      "url": "https://scholar.google.com/citations?view_op=view_citation&hl=en&user=031ZSLQAAAAJ&citation_for_view=031ZSLQAAAAJ:Y0pCki6q_DkC",
      "authors": "AO Françani, MROA Maximo",
      "venue": "2023 Latin American Robotics Symposium (LARS), 2023 Brazilian Symposium on …, 2023",
      "year": 2023,
      "citations": 4
    },
    {
      "title": "An instance segmentation dataset of yeast cells in microstructures",
      "url": "https://scholar.google.com/citations?view_op=view_citation&hl=en&user=031ZSLQAAAAJ&citation_for_view=031ZSLQAAAAJ:IjCSPb-OGe4C",
      "authors": "C Reich, T Prangemeier, AO Françani, H Koeppl",
      "venue": "2023 45th Annual International Conference of the IEEE Engineering in …, 2023",
      "year": 2023,
      "citations": 2
    },
    {
      "title": "Yeast Cells in Microstructures Dataset",
      "url": "https://scholar.google.com/citations?view_op=view_citation&hl=en&user=031ZSLQAAAAJ&citation_for_view=031ZSLQAAAAJ:zYLM7Y9cAGgC",
      "authors": "C Reich, T Prangemeier, A Françani, H Koeppl",
      "venue": "",
      "citations": 0,
      "year": 2023
    },
    {
      "title": "Yeast cell segmentation in microstructured environments with deep learning",
      "url": "https://scholar.google.com/citations?view_op=view_citation&hl=en&user=031ZSLQAAAAJ&citation_for_view=031ZSLQAAAAJ:9yKSN-GCB0IC",
      "authors": "T Prangemeier, C Wildner, AO Françani, C Reich, H Koeppl",
      "venue": "Biosystems 211, 104557, 2022",
      "year": 2022,
      "citations": 30
    },
    {
      "title": "Dense Prediction Transformer for Scale Estimation in Monocular Visual Odometry",
      "url": "https://scholar.google.com/citations?view_op=view_citation&hl=en&user=031ZSLQAAAAJ&citation_for_view=031ZSLQAAAAJ:qjMakFHDy7sC",
      "authors": "AO Françani, MROA Maximo",
      "venue": "2022 Latin American Robotics Symposium (LARS), 2022 Brazilian Symposium on …, 2022",
      "year": 2022,
      "citations": 19
    },
    {
      "title": "Analysis of the performance of U-Net neural networks for the segmentation of living cells",
      "url": "https://scholar.google.com/citations?view_op=view_citation&hl=en&user=031ZSLQAAAAJ&citation_for_view=031ZSLQAAAAJ:UeHWp8X0CEIC",
      "authors": "AO Françani",
      "venue": "arXiv preprint arXiv:2210.01538, 2022",
      "year": 2022,
      "citations": 4
    },
    {
      "title": "Performance Comparison of Convolutional Neural Network Models for Object Detection in Tethered Balloon Imagery",
      "url": "https://scholar.google.com/citations?view_op=view_citation&hl=en&user=031ZSLQAAAAJ&citation_for_view=031ZSLQAAAAJ:2osOgNQ5qMEC",
      "authors": "DF Dos Santos, AO Françani, MROA Maximo, ASC Ferreira",
      "venue": "2021 Latin American Robotics Symposium (LARS), 2021 Brazilian Symposium on …, 2021",
      "year": 2021,
      "citations": 4
    },
    {
      "title": "Multiclass yeast segmentation in microstructured environments with deep learning",
      "url": "https://scholar.google.com/citations?view_op=view_citation&hl=en&user=031ZSLQAAAAJ&citation_for_view=031ZSLQAAAAJ:u-x6o8ySG0sC",
      "authors": "T Prangemeier, C Wildner, AO Françani, C Reich, H Koeppl",
      "venue": "2020 IEEE Conference on Computational Intelligence in Bioinformatics and …, 2020",
      "year": 2020,
      "citations": 17
    },
    {
      "title": "Estudo da NMF auxiliada por partitura aplicada à separação de sons de instrumentos musicais",
      "url": "https://scholar.google.com/citations?view_op=view_citation&hl=en&user=031ZSLQAAAAJ&citation_for_view=031ZSLQAAAAJ:d1gkVwhDpl0C",
      "authors": "AO Françani, MTM Silva",
      "venue": "XXXV Simpósio Brasileiro de Telecomunicações e Processamento de Sinais, 2017",
      "year": 2017,
      "citations": 0
    }
  ],
  "co_authors": [
    {
      "name": "Marcos Maximo",
      "scholar_id": "nMn5OfAAAAAJ",
      "url": "https://scholar.google.com/citations?user=nMn5OfAAAAAJ"
    },
    {
      "name": "Christoph Reich",
      "scholar_id": "0OYstzAAAAAJ",
      "url": "https://scholar.google.com/citations?user=0OYstzAAAAAJ"
    },
    {
      "name": "Tim Prangemeier",
      "scholar_id": "Ut23u2YAAAAJ",
      "url": "https://scholar.google.com/citations?user=Ut23u2YAAAAJ"
    },
    {
      "name": "Heinz Koeppl",
      "scholar_id": "WaPW80kAAAAJ",
      "url": "https://scholar.google.com/citations?user=WaPW80kAAAAJ"
    },
    {
      "name": "Christian Wildner",
      "scholar_id": "xMHnSSsAAAAJ",
      "url": "https://scholar.google.com/citations?user=xMHnSSsAAAAJ"
    },
    {
      "name": "Magno T. M. Silva",
      "scholar_id": "1W7daz4AAAAJ",
      "url": "https://scholar.google.com/citations?user=1W7daz4AAAAJ"
    }
  ]
}