{
  "author_info": {
    "name": "V.K. Cody Bumgardner",
    "affiliation": "Assoc. Prof. College of Medicine,  joint appt. College of Engineering, University of Kentucky",
    "email_verified": "Verified email at uky.edu - Homepage",
    "website": "https://caai.ai.uky.edu/",
    "interests": [
      "Medical Informatics",
      "Edge Computing",
      "Distributed Systems",
      "Networking"
    ],
    "photo_url": "https://scholar.googleusercontent.com/citations?view_op=view_photo&user=-CkpZKIAAAAJ&citpid=4"
  },
  "citation_stats": {
    "citations_all": 313,
    "citations_since_2020": 169,
    "h_index_all": 8,
    "h_index_since_2020": 8,
    "i10_index_all": 7,
    "i10_index_since_2020": 4,
    "citation_graph": [
      {
        "year": 2005,
        "citations": 2
      },
      {
        "year": 2006,
        "citations": 2
      },
      {
        "year": 2007,
        "citations": 5
      },
      {
        "year": 2008,
        "citations": 1
      },
      {
        "year": 2009,
        "citations": 1
      },
      {
        "year": 2010,
        "citations": 2
      },
      {
        "year": 2011,
        "citations": 3
      },
      {
        "year": 2012,
        "citations": 4
      },
      {
        "year": 2013,
        "citations": 8
      },
      {
        "year": 2014,
        "citations": 11
      },
      {
        "year": 2015,
        "citations": 28
      },
      {
        "year": 2016,
        "citations": 34
      },
      {
        "year": 2017,
        "citations": 41
      },
      {
        "year": 2018,
        "citations": 28
      },
      {
        "year": 2019,
        "citations": 14
      },
      {
        "year": 2020,
        "citations": 13
      },
      {
        "year": 2021,
        "citations": 17
      },
      {
        "year": 2022,
        "citations": 20
      },
      {
        "year": 2023,
        "citations": 75
      }
    ]
  },
  "papers": [
    {
      "title": "Environment scan of generative AI infrastructure for clinical and translational science",
      "url": "https://scholar.google.com/citations?view_op=view_citation&hl=en&user=-CkpZKIAAAAJ&citation_for_view=-CkpZKIAAAAJ:O3NaXMp0MMsC",
      "authors": "B Idnay, Z Xu, WG Adams, M Adibuzzaman, NR Anderson, N Bahroos, ...",
      "venue": "npj Health Systems 2 (1), 4, 2025",
      "year": 2025,
      "citations": 8
    },
    {
      "title": "Development of an artificial intelligence powered software for automated analysis of skeletal muscle ultrasonography",
      "url": "https://scholar.google.com/citations?view_op=view_citation&hl=en&user=-CkpZKIAAAAJ&citation_for_view=-CkpZKIAAAAJ:J_g5lzvAfSwC",
      "authors": "ZC Rivera, F González-Seguel, A Horikawa-Strakovsky, C Granger, ...",
      "venue": "Scientific Reports 15 (1), 14936, 2025",
      "year": 2025,
      "citations": 4
    },
    {
      "title": "Toward Automated Clinical Transcriptions",
      "url": "https://scholar.google.com/citations?view_op=view_citation&hl=en&user=-CkpZKIAAAAJ&citation_for_view=-CkpZKIAAAAJ:4JMBOYKVnBMC",
      "authors": "MA Klusty, WV Logan, SE Armstrong, AD Mullen, CN Leach, K Calvert, ...",
      "venue": "AMIA Summits on Translational Science Proceedings 2025, 235, 2025",
      "year": 2025,
      "citations": 2
    },
    {
      "title": "Local large language models for complex structured tasks",
      "url": "https://scholar.google.com/citations?view_op=view_citation&hl=en&user=-CkpZKIAAAAJ&citation_for_view=-CkpZKIAAAAJ:R3hNpaxXUhUC",
      "authors": "VKC Bumgardner, A Mullen, SE Armstrong, C Hickey, V Marek, J Talbert",
      "venue": "AMIA Summits on Translational Science Proceedings 2024, 105, 2024",
      "year": 2024,
      "citations": 10
    },
    {
      "title": "Utility of artificial intelligence in a binary classification of soft tissue tumors",
      "url": "https://scholar.google.com/citations?view_op=view_citation&hl=en&user=-CkpZKIAAAAJ&citation_for_view=-CkpZKIAAAAJ:HDshCWvjkbEC",
      "authors": "J Di, C Hickey, C Bumgardner, M Yousif, M Zapata, T Bocklage, B Balzer, ...",
      "venue": "Journal of Pathology Informatics 15, 100368, 2024",
      "year": 2024,
      "citations": 8
    },
    {
      "title": "Predicting extubation readiness in preterm infants utilizing machine learning: a diagnostic utility study",
      "url": "https://scholar.google.com/citations?view_op=view_citation&hl=en&user=-CkpZKIAAAAJ&citation_for_view=-CkpZKIAAAAJ:maZDTaKrznsC",
      "authors": "M Brasher, A Virodov, TM Raffay, HS Bada, MD Cunningham, ...",
      "venue": "The Journal of Pediatrics 271, 114043, 2024",
      "year": 2024,
      "citations": 6
    },
    {
      "title": "CLASSify: a web-based tool for machine learning",
      "url": "https://scholar.google.com/citations?view_op=view_citation&hl=en&user=-CkpZKIAAAAJ&citation_for_view=-CkpZKIAAAAJ:IWHjjKOFINEC",
      "authors": "AD Mullen, SE Armstrong, J Talbert, VKC Bumgardner",
      "venue": "AMIA Summits on Translational Science Proceedings 2024, 364, 2024",
      "year": 2024,
      "citations": 4
    },
    {
      "title": "DINO-LG: A Task-Specific DINO Model for Coronary Calcium Scoring",
      "url": "https://scholar.google.com/citations?view_op=view_citation&hl=en&user=-CkpZKIAAAAJ&citation_for_view=-CkpZKIAAAAJ:bEWYMUwI8FkC",
      "authors": "MS Gokmen, C Ozcan, MN Haque, SW Leung, CS Parker, WB Seales, ...",
      "venue": "arXiv preprint arXiv:2411.07976, 2024",
      "year": 2024,
      "citations": 3
    },
    {
      "title": "Artificial intelligence evaluation of focused assessment with sonography in trauma",
      "url": "https://scholar.google.com/citations?view_op=view_citation&hl=en&user=-CkpZKIAAAAJ&citation_for_view=-CkpZKIAAAAJ:M3NEmzRMIkIC",
      "authors": "BE Levy, JT Castle, A Virodov, WS Wilt, C Bumgardner, T Brim, E McAtee, ...",
      "venue": "Journal of Trauma and Acute Care Surgery 95 (5), 706-712, 2023",
      "year": 2023,
      "citations": 19
    },
    {
      "title": "Local large language models for complex structured medical tasks",
      "url": "https://scholar.google.com/citations?view_op=view_citation&hl=en&user=-CkpZKIAAAAJ&citation_for_view=-CkpZKIAAAAJ:L8Ckcad2t8MC",
      "authors": "VK Bumgardner, A Mullen, S Armstrong, C Hickey, J Talbert",
      "venue": "arXiv preprint arXiv:2308.01727, 2023",
      "year": 2023,
      "citations": 9
    },
    {
      "title": "Making Sense of Edge Computing",
      "url": "https://scholar.google.com/citations?view_op=view_citation&hl=en&user=-CkpZKIAAAAJ&citation_for_view=-CkpZKIAAAAJ:qUcmZB5y_30C",
      "authors": "C Bumgardner",
      "venue": "New York, NY, USA: Manning Publications Co, 2021",
      "year": 2021,
      "citations": 3
    },
    {
      "title": "An edge-focused model for distributed streaming data applications",
      "url": "https://scholar.google.com/citations?view_op=view_citation&hl=en&user=-CkpZKIAAAAJ&citation_for_view=-CkpZKIAAAAJ:ULOm3_A8WrAC",
      "authors": "VKC Bumgardner, C Hickey, VW Marek",
      "venue": "2018 IEEE International Conference on Pervasive Computing and Communications …, 2018",
      "year": 2018,
      "citations": 8
    },
    {
      "title": "Edge-enabled distributed network measurement",
      "url": "https://scholar.google.com/citations?view_op=view_citation&hl=en&user=-CkpZKIAAAAJ&citation_for_view=-CkpZKIAAAAJ:YOwf2qJgpHMC",
      "authors": "VKC Bumgardner, C Hickey, VW Marek",
      "venue": "2018 IEEE International Conference on Pervasive Computing and Communications …, 2018",
      "year": 2018,
      "citations": 3
    },
    {
      "title": "Encyclopedia of cloud computing",
      "url": "https://scholar.google.com/citations?view_op=view_citation&hl=en&user=-CkpZKIAAAAJ&citation_for_view=-CkpZKIAAAAJ:3fE2CSJIrl8C",
      "authors": "S Murugesan, I Bojanova",
      "venue": "John Wiley & Sons, 2016",
      "year": 2016,
      "citations": 86
    },
    {
      "title": "OpenStack in action",
      "url": "https://scholar.google.com/citations?view_op=view_citation&hl=en&user=-CkpZKIAAAAJ&citation_for_view=-CkpZKIAAAAJ:Se3iqnhoufwC",
      "authors": "C Bumgardner",
      "venue": "Simon and Schuster, 2016",
      "year": 2016,
      "citations": 39
    },
    {
      "title": "Cresco: A distributed agent-based edge computing framework",
      "url": "https://scholar.google.com/citations?view_op=view_citation&hl=en&user=-CkpZKIAAAAJ&citation_for_view=-CkpZKIAAAAJ:8k81kl-MbHgC",
      "authors": "VKC Bumgardner, VW Marek, CD Hickey",
      "venue": "2016 12th International Conference on Network and Service Management (CNSM …, 2016",
      "year": 2016,
      "citations": 19
    },
    {
      "title": "Collating time-series resource data for system-wide job profiling",
      "url": "https://scholar.google.com/citations?view_op=view_citation&hl=en&user=-CkpZKIAAAAJ&citation_for_view=-CkpZKIAAAAJ:hqOjcs7Dif8C",
      "authors": "VKC Bumgardner, VW Marek, RL Hyatt",
      "venue": "NOMS 2016-2016 IEEE/IFIP Network Operations and Management Symposium, 1043-1048, 2016",
      "year": 2016,
      "citations": 4
    },
    {
      "title": "Constellation: A secure self-optimizing framework for genomic processing",
      "url": "https://scholar.google.com/citations?view_op=view_citation&hl=en&user=-CkpZKIAAAAJ&citation_for_view=-CkpZKIAAAAJ:5nxA0vEk-isC",
      "authors": "VKC Bumgardner, VW Marek, CD Hickey, K Nandakumar",
      "venue": "2016 IEEE 18th International Conference on e-Health Networking, Applications …, 2016",
      "year": 2016,
      "citations": 3
    },
    {
      "title": "Scalable hybrid stream and hadoop network analysis system",
      "url": "https://scholar.google.com/citations?view_op=view_citation&hl=en&user=-CkpZKIAAAAJ&citation_for_view=-CkpZKIAAAAJ:ufrVoPGSRksC",
      "authors": "VKC Bumgardner, VW Marek",
      "venue": "Proceedings of the 5th ACM/SPEC international conference on Performance …, 2014",
      "year": 2014,
      "citations": 33
    },
    {
      "title": "The personal digital assistant (PDA) as a tool for telementoring endoscopic procedures",
      "url": "https://scholar.google.com/citations?view_op=view_citation&hl=en&user=-CkpZKIAAAAJ&citation_for_view=-CkpZKIAAAAJ:JV2RwH3_ST0C",
      "authors": "A Gandsas, K McIntire, K Montgomery, C Bumgardner, L Rice",
      "venue": "Medicine Meets Virtual Reality 12, 99-103, 2004",
      "year": 2004,
      "citations": 21
    }
  ],
  "co_authors": [
    {
      "name": "Caylin Hickey",
      "scholar_id": "wtNPVAUAAAAJ",
      "url": "https://scholar.google.com/citations?user=wtNPVAUAAAAJ"
    }
  ]
}