{
  "author_info": {
    "name": "Xiuping Jia",
    "affiliation": "University of New South Wales",
    "email_verified": "Verified email at adfa.edu.au",
    "interests": [
      "remote sensing",
      "hyperspectral"
    ],
    "photo_url": "https://scholar.googleusercontent.com/citations?view_op=view_photo&user=-vl0ZSEAAAAJ&citpid=1"
  },
  "citation_stats": {
    "citations_all": 33677,
    "citations_since_2020": 17763,
    "h_index_all": 78,
    "h_index_since_2020": 65,
    "i10_index_all": 258,
    "i10_index_since_2020": 210,
    "citation_graph": [
      {
        "year": 1995,
        "citations": 89
      },
      {
        "year": 1996,
        "citations": 116
      },
      {
        "year": 1997,
        "citations": 138
      },
      {
        "year": 1998,
        "citations": 149
      },
      {
        "year": 1999,
        "citations": 167
      },
      {
        "year": 2000,
        "citations": 219
      },
      {
        "year": 2001,
        "citations": 265
      },
      {
        "year": 2002,
        "citations": 353
      },
      {
        "year": 2003,
        "citations": 396
      },
      {
        "year": 2004,
        "citations": 397
      },
      {
        "year": 2005,
        "citations": 395
      },
      {
        "year": 2006,
        "citations": 459
      },
      {
        "year": 2007,
        "citations": 461
      },
      {
        "year": 2008,
        "citations": 444
      },
      {
        "year": 2009,
        "citations": 475
      },
      {
        "year": 2010,
        "citations": 521
      },
      {
        "year": 2011,
        "citations": 642
      },
      {
        "year": 2012,
        "citations": 721
      },
      {
        "year": 2013,
        "citations": 728
      },
      {
        "year": 2014,
        "citations": 862
      },
      {
        "year": 2015,
        "citations": 961
      },
      {
        "year": 2016,
        "citations": 1152
      },
      {
        "year": 2017,
        "citations": 1314
      },
      {
        "year": 2018,
        "citations": 1622
      },
      {
        "year": 2019,
        "citations": 2256
      },
      {
        "year": 2020,
        "citations": 2296
      },
      {
        "year": 2021,
        "citations": 2621
      },
      {
        "year": 2022,
        "citations": 2627
      },
      {
        "year": 2023,
        "citations": 2995
      },
      {
        "year": 2024,
        "citations": 3681
      },
      {
        "year": 2025,
        "citations": 3499
      }
    ]
  },
  "papers": [
    {
      "title": "SpectralGPT: Spectral remote sensing foundation model",
      "url": "https://scholar.google.com/citations?view_op=view_citation&hl=en&user=-vl0ZSEAAAAJ&citation_for_view=-vl0ZSEAAAAJ:QUX0mv85b1cC",
      "authors": "D Hong, B Zhang, X Li, Y Li, C Li, J Yao, N Yokoya, H Li, P Ghamisi, X Jia, ...",
      "venue": "arXiv preprint arXiv:2311.07113, 2023",
      "year": 2023,
      "citations": 812
    },
    {
      "title": "X-shaped interactive autoencoders with cross-modality mutual learning for unsupervised hyperspectral image super-resolution",
      "url": "https://scholar.google.com/citations?view_op=view_citation&hl=en&user=-vl0ZSEAAAAJ&citation_for_view=-vl0ZSEAAAAJ:An6A6Jpfc1oC",
      "authors": "J Li, K Zheng, Z Li, L Gao, X Jia",
      "venue": "IEEE transactions on geoscience and remote sensing 61, 1-17, 2023",
      "year": 2023,
      "citations": 178
    },
    {
      "title": "Hyperspectral image classification with multi-attention transformer and adaptive superpixel segmentation-based active learning",
      "url": "https://scholar.google.com/citations?view_op=view_citation&hl=en&user=-vl0ZSEAAAAJ&citation_for_view=-vl0ZSEAAAAJ:kF1pexMAQbMC",
      "authors": "C Zhao, B Qin, S Feng, W Zhu, W Sun, W Li, X Jia",
      "venue": "IEEE Transactions on Image Processing 32, 3606-3621, 2023",
      "year": 2023,
      "citations": 162
    },
    {
      "title": "Enhanced autoencoders with attention-embedded degradation learning for unsupervised hyperspectral image super-resolution",
      "url": "https://scholar.google.com/citations?view_op=view_citation&hl=en&user=-vl0ZSEAAAAJ&citation_for_view=-vl0ZSEAAAAJ:mUJArPsKIAAC",
      "authors": "L Gao, J Li, K Zheng, X Jia",
      "venue": "IEEE Transactions on Geoscience and Remote Sensing 61, 1-17, 2023",
      "year": 2023,
      "citations": 161
    },
    {
      "title": "An attention-fused network for semantic segmentation of very-high-resolution remote sensing imagery",
      "url": "https://scholar.google.com/citations?view_op=view_citation&hl=en&user=-vl0ZSEAAAAJ&citation_for_view=-vl0ZSEAAAAJ:owLR8QvbtFgC",
      "authors": "X Yang, S Li, Z Chen, J Chanussot, X Jia, B Zhang, B Li, P Chen",
      "venue": "ISPRS Journal of Photogrammetry and Remote Sensing 177, 238-262, 2021",
      "year": 2021,
      "citations": 171
    },
    {
      "title": "Remote sensing image super-resolution using novel dense-sampling networks",
      "url": "https://scholar.google.com/citations?view_op=view_citation&hl=en&user=-vl0ZSEAAAAJ&citation_for_view=-vl0ZSEAAAAJ:QD3KBmkZPeQC",
      "authors": "X Dong, X Sun, X Jia, Z Xi, L Gao, B Zhang",
      "venue": "IEEE Transactions on Geoscience and Remote Sensing 59 (2), 1618-1633, 2020",
      "year": 2020,
      "citations": 153
    },
    {
      "title": "Deep learning ensemble for hyperspectral image classification",
      "url": "https://scholar.google.com/citations?view_op=view_citation&hl=en&user=-vl0ZSEAAAAJ&citation_for_view=-vl0ZSEAAAAJ:OP4eGU-M3BUC",
      "authors": "Y Chen, Y Wang, Y Gu, X He, P Ghamisi, X Jia",
      "venue": "IEEE Journal of Selected Topics in Applied Earth Observations and Remote …, 2019",
      "year": 2019,
      "citations": 176
    },
    {
      "title": "Hyperspectral image classification using convolutional neural networks and multiple feature learning",
      "url": "https://scholar.google.com/citations?view_op=view_citation&hl=en&user=-vl0ZSEAAAAJ&citation_for_view=-vl0ZSEAAAAJ:9pM33mqn1YgC",
      "authors": "Q Gao, S Lim, X Jia",
      "venue": "Remote Sensing 10 (2), 299, 2018",
      "year": 2018,
      "citations": 216
    },
    {
      "title": "Hyperspectral images classification with Gabor filtering and convolutional neural network",
      "url": "https://scholar.google.com/citations?view_op=view_citation&hl=en&user=-vl0ZSEAAAAJ&citation_for_view=-vl0ZSEAAAAJ:PVjk1bu6vJQC",
      "authors": "Y Chen, L Zhu, P Ghamisi, X Jia, G Li, L Tang",
      "venue": "IEEE Geoscience and Remote Sensing Letters 14 (12), 2355-2359, 2017",
      "year": 2017,
      "citations": 291
    },
    {
      "title": "Deep fusion of remote sensing data for accurate classification",
      "url": "https://scholar.google.com/citations?view_op=view_citation&hl=en&user=-vl0ZSEAAAAJ&citation_for_view=-vl0ZSEAAAAJ:-FonjvnnhkoC",
      "authors": "Y Chen, C Li, P Ghamisi, X Jia, Y Gu",
      "venue": "IEEE Geoscience and Remote Sensing Letters 14 (8), 1253-1257, 2017",
      "year": 2017,
      "citations": 267
    },
    {
      "title": "Multiple kernel learning for hyperspectral image classification: A review",
      "url": "https://scholar.google.com/citations?view_op=view_citation&hl=en&user=-vl0ZSEAAAAJ&citation_for_view=-vl0ZSEAAAAJ:q3CdL3IzO_QC",
      "authors": "Y Gu, J Chanussot, X Jia, JA Benediktsson",
      "venue": "IEEE Transactions on Geoscience and Remote Sensing 55 (11), 6547-6565, 2017",
      "year": 2017,
      "citations": 256
    },
    {
      "title": "Deep feature extraction and classification of hyperspectral images based on convolutional neural networks",
      "url": "https://scholar.google.com/citations?view_op=view_citation&hl=en&user=-vl0ZSEAAAAJ&citation_for_view=-vl0ZSEAAAAJ:NJ774b8OgUMC",
      "authors": "Y Chen, H Jiang, C Li, X Jia, P Ghamisi",
      "venue": "IEEE transactions on geoscience and remote sensing 54 (10), 6232-6251, 2016",
      "year": 2016,
      "citations": 3208
    },
    {
      "title": "Nonlinear multiple kernel learning with multiple-structure-element extended morphological profiles for hyperspectral image classification",
      "url": "https://scholar.google.com/citations?view_op=view_citation&hl=en&user=-vl0ZSEAAAAJ&citation_for_view=-vl0ZSEAAAAJ:4fKUyHm3Qg0C",
      "authors": "Y Gu, T Liu, X Jia, JA Benediktsson, J Chanussot",
      "venue": "IEEE Transactions on Geoscience and Remote Sensing 54 (6), 3235-3247, 2016",
      "year": 2016,
      "citations": 248
    },
    {
      "title": "Spectral–spatial classification of hyperspectral data based on deep belief network",
      "url": "https://scholar.google.com/citations?view_op=view_citation&hl=en&user=-vl0ZSEAAAAJ&citation_for_view=-vl0ZSEAAAAJ:mB3voiENLucC",
      "authors": "Y Chen, X Zhao, X Jia",
      "venue": "IEEE journal of selected topics in applied earth observations and remote …, 2015",
      "year": 2015,
      "citations": 1382
    },
    {
      "title": "Feature mining for hyperspectral image classification",
      "url": "https://scholar.google.com/citations?view_op=view_citation&hl=en&user=-vl0ZSEAAAAJ&citation_for_view=-vl0ZSEAAAAJ:9yKSN-GCB0IC",
      "authors": "X Jia, BC Kuo, MM Crawford",
      "venue": "Proceedings of the IEEE 101 (3), 676-697, 2013",
      "year": 2013,
      "citations": 463
    },
    {
      "title": "Adaptive Markov random field approach for classification of hyperspectral imagery",
      "url": "https://scholar.google.com/citations?view_op=view_citation&hl=en&user=-vl0ZSEAAAAJ&citation_for_view=-vl0ZSEAAAAJ:UeHWp8X0CEIC",
      "authors": "B Zhang, S Li, X Jia, L Gao, M Peng",
      "venue": "IEEE Geoscience and Remote Sensing Letters 8 (5), 973-977, 2011",
      "year": 2011,
      "citations": 226
    },
    {
      "title": "Foreword to the special issue on spectral unmixing of remotely sensed data",
      "url": "https://scholar.google.com/citations?view_op=view_citation&hl=en&user=-vl0ZSEAAAAJ&citation_for_view=-vl0ZSEAAAAJ:PoWvk5oyLR8C",
      "authors": "A Plaza, Q Du, JM Bioucas-Dias, X Jia, FA Kruse",
      "venue": "IEEE transactions on geoscience and remote sensing 49 (11), 4103-4110, 2011",
      "year": 2011,
      "citations": 188
    },
    {
      "title": "Remote Sensing Digital Image Analysis",
      "url": "https://scholar.google.com/citations?view_op=view_citation&hl=en&user=-vl0ZSEAAAAJ&citation_for_view=-vl0ZSEAAAAJ:u-x6o8ySG0sC",
      "authors": "JA Richards, X Jia",
      "venue": "Springer 6, 1999",
      "year": 1999,
      "citations": 11993
    },
    {
      "title": "Segmented principal components transformation for efficient hyperspectral remote-sensing image display and classification",
      "url": "https://scholar.google.com/citations?view_op=view_citation&hl=en&user=-vl0ZSEAAAAJ&citation_for_view=-vl0ZSEAAAAJ:u5HHmVD_uO8C",
      "authors": "X Jia, JA Richards",
      "venue": "IEEE transactions on Geoscience and Remote Sensing 37 (1), 538-542, 1999",
      "year": 1999,
      "citations": 587
    },
    {
      "title": "Efficient maximum likelihood classification for imaging spectrometer data sets",
      "url": "https://scholar.google.com/citations?view_op=view_citation&hl=en&user=-vl0ZSEAAAAJ&citation_for_view=-vl0ZSEAAAAJ:d1gkVwhDpl0C",
      "authors": "X Jia, JA Richards",
      "venue": "IEEE Transactions on Geoscience and Remote Sensing 32 (2), 274-281, 1994",
      "year": 1994,
      "citations": 196
    }
  ],
  "co_authors": [
    {
      "name": "Mark Pickering",
      "scholar_id": "fOAQgRYAAAAJ",
      "url": "https://scholar.google.com/citations?user=fOAQgRYAAAAJ"
    },
    {
      "name": "Jocelyn Chanussot",
      "scholar_id": "6owK2OQAAAAJ",
      "url": "https://scholar.google.com/citations?user=6owK2OQAAAAJ"
    },
    {
      "name": "Antonio Plaza",
      "scholar_id": "F1UAj8oAAAAJ",
      "url": "https://scholar.google.com/citations?user=F1UAj8oAAAAJ"
    },
    {
      "name": "Jón Atli Benediktsson",
      "scholar_id": "C6d7qe0AAAAJ",
      "url": "https://scholar.google.com/citations?user=C6d7qe0AAAAJ"
    },
    {
      "name": "Yushi Chen",
      "scholar_id": "A39S7JgAAAAJ",
      "url": "https://scholar.google.com/citations?user=A39S7JgAAAAJ"
    },
    {
      "name": "Yanfeng Gu",
      "scholar_id": "WHkRZscAAAAJ",
      "url": "https://scholar.google.com/citations?user=WHkRZscAAAAJ"
    },
    {
      "name": "Jihao Yin",
      "scholar_id": "-1deilUAAAAJ",
      "url": "https://scholar.google.com/citations?user=-1deilUAAAAJ"
    },
    {
      "name": "Ngaiming Kwok",
      "scholar_id": "aCDz32wAAAAJ",
      "url": "https://scholar.google.com/citations?user=aCDz32wAAAAJ"
    }
  ]
}