{
  "author_info": {
    "name": "Polina Kirichenko",
    "affiliation": "New York University",
    "email_verified": "Verified email at nyu.edu - Homepage",
    "website": "https://polkirichenko.github.io/",
    "interests": [
      "Deep Learning",
      "Robustness",
      "Uncertainty Estimation",
      "Generative Models"
    ],
    "photo_url": "https://scholar.googleusercontent.com/citations?view_op=view_photo&user=05uQHIgAAAAJ&citpid=3"
  },
  "citation_stats": {
    "citations_all": 2139,
    "citations_since_2020": 2118,
    "h_index_all": 15,
    "h_index_since_2020": 15,
    "i10_index_all": 15,
    "i10_index_since_2020": 15,
    "citation_graph": [
      {
        "year": 2019,
        "citations": 20
      },
      {
        "year": 2020,
        "citations": 53
      },
      {
        "year": 2021,
        "citations": 130
      },
      {
        "year": 2022,
        "citations": 257
      },
      {
        "year": 2023,
        "citations": 460
      },
      {
        "year": 2024,
        "citations": 607
      },
      {
        "year": 2025,
        "citations": 606
      }
    ]
  },
  "papers": [
    {
      "title": "AbstentionBench: Reasoning LLMs Fail on Unanswerable Questions",
      "url": "https://scholar.google.com/citations?view_op=view_citation&hl=en&user=05uQHIgAAAAJ&citation_for_view=05uQHIgAAAAJ:ULOm3_A8WrAC",
      "authors": "P Kirichenko, M Ibrahim, K Chaudhuri, SJ Bell",
      "venue": "NeurIPS 2025, 2025",
      "year": 2025,
      "citations": 19
    },
    {
      "title": "Out-of-Distribution Detection Methods Answer the Wrong Questions",
      "url": "https://scholar.google.com/citations?view_op=view_citation&hl=en&user=05uQHIgAAAAJ&citation_for_view=05uQHIgAAAAJ:_kc_bZDykSQC",
      "authors": "YL Li, D Lu, P Kirichenko, S Qiu, TGJ Rudner, CB Bruss, AG Wilson",
      "venue": "ICML 2025, 2025",
      "year": 2025,
      "citations": 6
    },
    {
      "title": "Compact: Compositional atomic-to-complex visual capability tuning",
      "url": "https://scholar.google.com/citations?view_op=view_citation&hl=en&user=05uQHIgAAAAJ&citation_for_view=05uQHIgAAAAJ:Zph67rFs4hoC",
      "authors": "X Wu, HS Hwang, P Kirichenko, O Russakovsky",
      "venue": "arXiv preprint arXiv:2504.21850, 2025",
      "year": 2025,
      "citations": 3
    },
    {
      "title": "The Impact of Coreset Selection on Spurious Correlations and Group Robustness",
      "url": "https://scholar.google.com/citations?view_op=view_citation&hl=en&user=05uQHIgAAAAJ&citation_for_view=05uQHIgAAAAJ:4TOpqqG69KYC",
      "authors": "A Dharmasiri, W Yang, P Kirichenko, L Liu, O Russakovsky",
      "venue": "NeurIPS 2025, 2025",
      "year": 2025,
      "citations": 1
    },
    {
      "title": "What's in Common? Multimodal Models Hallucinate When Reasoning Across Scenes",
      "url": "https://scholar.google.com/citations?view_op=view_citation&hl=en&user=05uQHIgAAAAJ&citation_for_view=05uQHIgAAAAJ:qxL8FJ1GzNcC",
      "authors": "C Ross, F Bordes, A Williams, P Kirichenko, M Ibrahim",
      "venue": "arXiv preprint arXiv:2511.03768, 2025",
      "year": 2025,
      "citations": 0
    },
    {
      "title": "Modeling Caption Diversity in Contrastive Vision-Language Pretraining",
      "url": "https://scholar.google.com/citations?view_op=view_citation&hl=en&user=05uQHIgAAAAJ&citation_for_view=05uQHIgAAAAJ:5nxA0vEk-isC",
      "authors": "S Lavoie, P Kirichenko, M Ibrahim, M Assran, AG Wildon, A Courville, ...",
      "venue": "International Conference on Machine Learning (ICML 2024), 2024",
      "year": 2024,
      "citations": 40
    },
    {
      "title": "Does Progress On Object Recognition Benchmarks Improve Generalization on Crowdsourced, Global Data?",
      "url": "https://scholar.google.com/citations?view_op=view_citation&hl=en&user=05uQHIgAAAAJ&citation_for_view=05uQHIgAAAAJ:0EnyYjriUFMC",
      "authors": "M Richards, P Kirichenko, D Bouchacourt, M Ibrahim",
      "venue": "The Twelfth International Conference on Learning Representations, 2024",
      "year": 2024,
      "citations": 17
    },
    {
      "title": "Decomposed evaluations of geographic disparities in text-to-image models",
      "url": "https://scholar.google.com/citations?view_op=view_citation&hl=en&user=05uQHIgAAAAJ&citation_for_view=05uQHIgAAAAJ:8k81kl-MbHgC",
      "authors": "A Sureddy, D Padalia, N Periyakaruppa, O Saha, A Williams, ...",
      "venue": "ICML 2024 TiFA Workshop, 2024",
      "year": 2024,
      "citations": 5
    },
    {
      "title": "Understanding the Detrimental Class-level Effects of Data Augmentation",
      "url": "https://scholar.google.com/citations?view_op=view_citation&hl=en&user=05uQHIgAAAAJ&citation_for_view=05uQHIgAAAAJ:hqOjcs7Dif8C",
      "authors": "P Kirichenko, M Ibrahim, R Balestriero, D Bouchacourt, R Vedantam, ...",
      "venue": "Advances in Neural Information Processing Systems (NeurIPS), 2023",
      "year": 2023,
      "citations": 24
    },
    {
      "title": "Last layer re-training is sufficient for robustness to spurious correlations",
      "url": "https://scholar.google.com/citations?view_op=view_citation&hl=en&user=05uQHIgAAAAJ&citation_for_view=05uQHIgAAAAJ:eQOLeE2rZwMC",
      "authors": "P Kirichenko, P Izmailov, AG Wilson",
      "venue": "International Conference on Learning Representations (ICLR 2023), 2022",
      "year": 2022,
      "citations": 472
    },
    {
      "title": "On Feature Learning in the Presence of Spurious Correlations",
      "url": "https://scholar.google.com/citations?view_op=view_citation&hl=en&user=05uQHIgAAAAJ&citation_for_view=05uQHIgAAAAJ:LkGwnXOMwfcC",
      "authors": "P Izmailov, P Kirichenko, N Gruver, AG Wilson",
      "venue": "Advances in Neural Information Processing Systems (NeurIPS), 2022",
      "year": 2022,
      "citations": 196
    },
    {
      "title": "Chroma-vae: Mitigating shortcut learning with generative classifiers",
      "url": "https://scholar.google.com/citations?view_op=view_citation&hl=en&user=05uQHIgAAAAJ&citation_for_view=05uQHIgAAAAJ:roLk4NBRz8UC",
      "authors": "W Yang, P Kirichenko, M Goldblum, AG Wilson",
      "venue": "Advances in Neural Information Processing Systems 35, 20351-20365, 2022",
      "year": 2022,
      "citations": 18
    },
    {
      "title": "Does Knowledge Distillation Really Work?",
      "url": "https://scholar.google.com/citations?view_op=view_citation&hl=en&user=05uQHIgAAAAJ&citation_for_view=05uQHIgAAAAJ:zYLM7Y9cAGgC",
      "authors": "S Stanton, P Izmailov, P Kirichenko, AA Alemi, AG Wilson",
      "venue": "Advances in Neural Information Processing Systems (NeurIPS), 2021",
      "year": 2021,
      "citations": 332
    },
    {
      "title": "Effective Surrogate Models for Protein Design with Bayesian Optimization",
      "url": "https://scholar.google.com/citations?view_op=view_citation&hl=en&user=05uQHIgAAAAJ&citation_for_view=05uQHIgAAAAJ:YsMSGLbcyi4C",
      "authors": "N Gruver, S Stanton, P Kirichenko, M Finzi, P Maffettone, V Myers, ...",
      "venue": "2021 ICML Workshop on Computational Biology, 2021",
      "year": 2021,
      "citations": 28
    },
    {
      "title": "Task-agnostic continual learning with hybrid probabilistic models",
      "url": "https://scholar.google.com/citations?view_op=view_citation&hl=en&user=05uQHIgAAAAJ&citation_for_view=05uQHIgAAAAJ:Tyk-4Ss8FVUC",
      "authors": "P Kirichenko, M Farajtabar, D Rao, B Lakshminarayanan, N Levine, A Li, ...",
      "venue": "Workshop on Invertible Neural Nets and Normalizing Flows, International …, 2021",
      "year": 2021,
      "citations": 27
    },
    {
      "title": "Why normalizing flows fail to detect out-of-distribution data",
      "url": "https://scholar.google.com/citations?view_op=view_citation&hl=en&user=05uQHIgAAAAJ&citation_for_view=05uQHIgAAAAJ:2osOgNQ5qMEC",
      "authors": "P Kirichenko, P Izmailov, AG Wilson",
      "venue": "Advances in Neural Information Processing Systems (NeurIPS), 2020",
      "year": 2020,
      "citations": 394
    },
    {
      "title": "Subspace inference for bayesian deep learning",
      "url": "https://scholar.google.com/citations?view_op=view_citation&hl=en&user=05uQHIgAAAAJ&citation_for_view=05uQHIgAAAAJ:d1gkVwhDpl0C",
      "authors": "P Izmailov, WJ Maddox, P Kirichenko, T Garipov, D Vetrov, AG Wilson",
      "venue": "Uncertainty in Artificial Intelligence (UAI), 2019",
      "year": 2019,
      "citations": 222
    },
    {
      "title": "Semi-Supervised Learning with Normalizing Flows",
      "url": "https://scholar.google.com/citations?view_op=view_citation&hl=en&user=05uQHIgAAAAJ&citation_for_view=05uQHIgAAAAJ:u5HHmVD_uO8C",
      "authors": "P Izmailov, P Kirichenko, M Finzi, AG Wilson",
      "venue": "International Conference on Machine Learning (ICML), 2019",
      "year": 2019,
      "citations": 170
    },
    {
      "title": "Swalp: Stochastic weight averaging in low-precision training",
      "url": "https://scholar.google.com/citations?view_op=view_citation&hl=en&user=05uQHIgAAAAJ&citation_for_view=05uQHIgAAAAJ:u-x6o8ySG0sC",
      "authors": "G Yang, T Zhang, P Kirichenko, J Bai, AG Wilson, C De Sa",
      "venue": "International Conference on Machine Learning (ICML), 2019",
      "year": 2019,
      "citations": 137
    },
    {
      "title": "Invertible convolutional networks",
      "url": "https://scholar.google.com/citations?view_op=view_citation&hl=en&user=05uQHIgAAAAJ&citation_for_view=05uQHIgAAAAJ:9yKSN-GCB0IC",
      "authors": "M Finzi, P Izmailov, W Maddox, P Kirichenko, AG Wilson",
      "venue": "Workshop on Invertible Neural Nets and Normalizing Flows, International …, 2019",
      "year": 2019,
      "citations": 28
    }
  ],
  "co_authors": [
    {
      "name": "Andrew Gordon Wilson",
      "scholar_id": "twWX2LIAAAAJ",
      "url": "https://scholar.google.com/citations?user=twWX2LIAAAAJ"
    },
    {
      "name": "Pavel Izmailov",
      "scholar_id": "AXxTpGUAAAAJ",
      "url": "https://scholar.google.com/citations?user=AXxTpGUAAAAJ"
    },
    {
      "name": "Mark Ibrahim",
      "scholar_id": "AqYyoCMAAAAJ",
      "url": "https://scholar.google.com/citations?user=AqYyoCMAAAAJ"
    },
    {
      "name": "Marc Finzi",
      "scholar_id": "ysMAhlwAAAAJ",
      "url": "https://scholar.google.com/citations?user=ysMAhlwAAAAJ"
    },
    {
      "name": "Samuel Stanton",
      "scholar_id": "r2Gjhg4AAAAJ",
      "url": "https://scholar.google.com/citations?user=r2Gjhg4AAAAJ"
    },
    {
      "name": "Nate Gruver",
      "scholar_id": "R5QNdhcAAAAJ",
      "url": "https://scholar.google.com/citations?user=R5QNdhcAAAAJ"
    },
    {
      "name": "Alexander A Alemi",
      "scholar_id": "68hTs9wAAAAJ",
      "url": "https://scholar.google.com/citations?user=68hTs9wAAAAJ"
    },
    {
      "name": "Dmitry Vetrov",
      "scholar_id": "7HU0UoUAAAAJ",
      "url": "https://scholar.google.com/citations?user=7HU0UoUAAAAJ"
    },
    {
      "name": "Timur Garipov",
      "scholar_id": "gWQzBQMAAAAJ",
      "url": "https://scholar.google.com/citations?user=gWQzBQMAAAAJ"
    },
    {
      "name": "Wesley J. Maddox",
      "scholar_id": "zE3NIQ4AAAAJ",
      "url": "https://scholar.google.com/citations?user=zE3NIQ4AAAAJ"
    },
    {
      "name": "Diane Bouchacourt",
      "scholar_id": "iXOzeWUAAAAJ",
      "url": "https://scholar.google.com/citations?user=iXOzeWUAAAAJ"
    },
    {
      "name": "Guandao Yang",
      "scholar_id": "_kElCmMAAAAJ",
      "url": "https://scholar.google.com/citations?user=_kElCmMAAAAJ"
    },
    {
      "name": "Christopher De Sa",
      "scholar_id": "v7EjGHkAAAAJ",
      "url": "https://scholar.google.com/citations?user=v7EjGHkAAAAJ"
    },
    {
      "name": "Junwen Bai",
      "scholar_id": "JD7wLV4AAAAJ",
      "url": "https://scholar.google.com/citations?user=JD7wLV4AAAAJ"
    },
    {
      "name": "Tianyi Zhang",
      "scholar_id": "OI0HSa0AAAAJ",
      "url": "https://scholar.google.com/citations?user=OI0HSa0AAAAJ"
    },
    {
      "name": "Megan Richards",
      "scholar_id": "Fw7f9eoAAAAJ",
      "url": "https://scholar.google.com/citations?user=Fw7f9eoAAAAJ"
    },
    {
      "name": "Randall Balestriero",
      "scholar_id": "S1x_xqcAAAAJ",
      "url": "https://scholar.google.com/citations?user=S1x_xqcAAAAJ"
    },
    {
      "name": "Rama Vedantam",
      "scholar_id": "v1CRzeAAAAAJ",
      "url": "https://scholar.google.com/citations?user=v1CRzeAAAAAJ"
    },
    {
      "name": "Samuel J. Bell",
      "scholar_id": "yfgSAi8AAAAJ",
      "url": "https://scholar.google.com/citations?user=yfgSAi8AAAAJ"
    },
    {
      "name": "Nicolas Ballas",
      "scholar_id": "euUV4iUAAAAJ",
      "url": "https://scholar.google.com/citations?user=euUV4iUAAAAJ"
    }
  ]
}