{
  "author_info": {
    "name": "Litong Gong",
    "affiliation": "Alibaba Group",
    "email_verified": "Verified email at alibaba-inc.com",
    "interests": [
      "Video Generation",
      "Multimodal Understanding"
    ],
    "photo_url": "/citations/images/avatar_scholar_128.png"
  },
  "citation_stats": {
    "citations_all": 90,
    "citations_since_2020": 90,
    "h_index_all": 4,
    "h_index_since_2020": 4,
    "i10_index_all": 3,
    "i10_index_since_2020": 3,
    "citation_graph": [
      {
        "year": 2023,
        "citations": 1
      },
      {
        "year": 2024,
        "citations": 22
      },
      {
        "year": 2025,
        "citations": 66
      }
    ]
  },
  "papers": [
    {
      "title": "RISE-T2V: Rephrasing and Injecting Semantics with LLM for Expansive Text-to-Video Generation",
      "url": "https://scholar.google.com/citations?view_op=view_citation&hl=en&user=09N7Ql0AAAAJ&citation_for_view=09N7Ql0AAAAJ:UeHWp8X0CEIC",
      "authors": "X Zhang, L Gong, Y Zheng, Y Liu, W Jiang, M Xu, B Wang, T Ge, M Zeng",
      "venue": "arXiv preprint arXiv:2511.04317, 2025",
      "year": 2025,
      "citations": 0
    },
    {
      "title": "Enhancing Taobao Display Advertising with Multimodal Representations: Challenges, Approaches and Insights",
      "url": "https://scholar.google.com/citations?view_op=view_citation&hl=en&user=09N7Ql0AAAAJ&citation_for_view=09N7Ql0AAAAJ:9yKSN-GCB0IC",
      "authors": "XR Sheng, F Yang, L Gong, B Wang, Z Chan, Y Zhang, Y Cheng, YN Zhu, ...",
      "venue": "Proceedings of the 33rd ACM International Conference on Information and …, 2024",
      "year": 2024,
      "citations": 34
    },
    {
      "title": "Atomovideo: High fidelity image-to-video generation",
      "url": "https://scholar.google.com/citations?view_op=view_citation&hl=en&user=09N7Ql0AAAAJ&citation_for_view=09N7Ql0AAAAJ:u5HHmVD_uO8C",
      "authors": "L Gong, Y Zhu, W Li, X Kang, B Wang, T Ge, B Zheng",
      "venue": "arXiv preprint arXiv:2403.01800, 2024",
      "year": 2024,
      "citations": 26
    },
    {
      "title": "Tuning-free noise rectification for high fidelity image-to-video generation",
      "url": "https://scholar.google.com/citations?view_op=view_citation&hl=en&user=09N7Ql0AAAAJ&citation_for_view=09N7Ql0AAAAJ:d1gkVwhDpl0C",
      "authors": "W Li, L Gong, Y Zhu, F Fan, B Wang, T Ge, B Zheng",
      "venue": "arXiv preprint arXiv:2403.02827, 2024",
      "year": 2024,
      "citations": 4
    },
    {
      "title": "Hierarchical masked 3d diffusion model for video outpainting",
      "url": "https://scholar.google.com/citations?view_op=view_citation&hl=en&user=09N7Ql0AAAAJ&citation_for_view=09N7Ql0AAAAJ:qjMakFHDy7sC",
      "authors": "F Fan, C Guo, L Gong, B Wang, T Ge, Y Jiang, C Luo, J Zhan",
      "venue": "Proceedings of the 31st ACM International Conference on Multimedia, 7890-7900, 2023",
      "year": 2023,
      "citations": 26
    },
    {
      "title": "Temporal Correlation-Diversity Representations for Video-Based Person Re-Identification",
      "url": "https://scholar.google.com/citations?view_op=view_citation&hl=en&user=09N7Ql0AAAAJ&citation_for_view=09N7Ql0AAAAJ:u-x6o8ySG0sC",
      "authors": "L Gong, R Zhang, S Tang, J Cao",
      "venue": "Chinese Conference on Pattern Recognition and Computer Vision (PRCV), 94-105, 2022",
      "year": 2022,
      "citations": 0
    },
    {
      "title": "Domain Balanced Sampling and Iterative Search for Product Identification",
      "url": "https://scholar.google.com/citations?view_op=view_citation&hl=en&user=09N7Ql0AAAAJ&citation_for_view=09N7Ql0AAAAJ:2osOgNQ5qMEC",
      "authors": "L Gong, S Tang, J Cao",
      "venue": "Proceedings of the 1st Workshop on Multimodal Product Identification in …, 2021",
      "year": 2021,
      "citations": 0
    },
    {
      "title": "A Hybrid Paradigm for Vision Autoencoders: Unifying CNNs and Transformers for Learning Efficiency and Scalability",
      "url": "https://scholar.google.com/citations?view_op=view_citation&hl=en&user=09N7Ql0AAAAJ&citation_for_view=09N7Ql0AAAAJ:zYLM7Y9cAGgC",
      "authors": "Z Lu, S Chai, C Liu, L Gong, P Li, T Ge, H Xie",
      "venue": "",
      "citations": 0
    },
    {
      "title": "VC-VAE: Enhancing Video VAE with Video Codec Standard for Latent Video Diffusion Model",
      "url": "https://scholar.google.com/citations?view_op=view_citation&hl=en&user=09N7Ql0AAAAJ&citation_for_view=09N7Ql0AAAAJ:IjCSPb-OGe4C",
      "authors": "X Ge, S Chai, L Gong, Z YU, X Liu, T Ge",
      "venue": "",
      "citations": 0
    }
  ],
  "co_authors": []
}