{
  "author_info": {
    "name": "Quanwei Yang",
    "affiliation": "PhD student, University of Science and Technology of China",
    "email_verified": "Verified email at mail.ustc.edu.cn - Homepage",
    "website": "https://mumuwei.github.io/",
    "interests": [
      "Human video generation"
    ],
    "photo_url": "/citations/images/avatar_scholar_128.png"
  },
  "citation_stats": {
    "citations_all": 51,
    "citations_since_2020": 51,
    "h_index_all": 5,
    "h_index_since_2020": 5,
    "i10_index_all": 2,
    "i10_index_since_2020": 2,
    "citation_graph": [
      {
        "year": 2024,
        "citations": 6
      },
      {
        "year": 2025,
        "citations": 44
      }
    ]
  },
  "papers": [
    {
      "title": "Re-hold: Video hand object interaction reenactment via adaptive layout-instructed diffusion model",
      "url": "https://scholar.google.com/citations?view_op=view_citation&hl=en&user=04ErssaM7W8C&citation_for_view=04ErssaM7W8C:W7OEmFMy1HYC",
      "authors": "Y Fan, Q Yang, K Wang, H Zhou, Y Li, H Feng, E Ding, Y Wu, J Wang",
      "venue": "Proceedings of the Computer Vision and Pattern Recognition Conference, 17550 …, 2025",
      "year": 2025,
      "citations": 5
    },
    {
      "title": "AudCast: Audio-Driven Human Video Generation by Cascaded Diffusion Transformers",
      "url": "https://scholar.google.com/citations?view_op=view_citation&hl=en&user=04ErssaM7W8C&citation_for_view=04ErssaM7W8C:YsMSGLbcyi4C",
      "authors": "J Guan, K Wang, Z Xu, Q Yang, Y Sun, S He, B Liang, Y Cao, Y Li, H Feng, ...",
      "venue": "Proceedings of the Computer Vision and Pattern Recognition Conference, 10678 …, 2025",
      "year": 2025,
      "citations": 2
    },
    {
      "title": "Cosh-DiT: Co-Speech Gesture Video Synthesis via Hybrid Audio-Visual Diffusion Transformers",
      "url": "https://scholar.google.com/citations?view_op=view_citation&hl=en&user=04ErssaM7W8C&citation_for_view=04ErssaM7W8C:Y0pCki6q_DkC",
      "authors": "Y Sun, Z Xu, H Zhou, J Guan, Q Yang, K Wang, B Liang, Y Li, H Feng, ...",
      "venue": "arXiv preprint arXiv:2503.09942, 2025",
      "year": 2025,
      "citations": 1
    },
    {
      "title": "THGS: Lifelike Talking Human Avatar Synthesis From Monocular Video Via 3D Gaussian Splatting",
      "url": "https://scholar.google.com/citations?view_op=view_citation&hl=en&user=04ErssaM7W8C&citation_for_view=04ErssaM7W8C:Tyk-4Ss8FVUC",
      "authors": "C Chen, L Yu, Q Yang, A Zheng, H Xie",
      "venue": "Computer Graphics Forum 44 (1), e15282, 2025",
      "year": 2025,
      "citations": 1
    },
    {
      "title": "GestureHYDRA: Semantic Co-speech Gesture Synthesis via Hybrid Modality Diffusion Transformer and Cascaded-Synchronized Retrieval-Augmented Generation",
      "url": "https://scholar.google.com/citations?view_op=view_citation&hl=en&user=04ErssaM7W8C&citation_for_view=04ErssaM7W8C:ufrVoPGSRksC",
      "authors": "Q Yang, L Huang, K Wang, J Guan, S He, F Li, H Zhou, L Yu, Y Li, H Feng, ...",
      "venue": "Proceedings of the IEEE/CVF International Conference on Computer Vision …, 2025",
      "year": 2025,
      "citations": 1
    },
    {
      "title": "TalkingAvatar: Learning 3D talking human avatar via NeRF",
      "url": "https://scholar.google.com/citations?view_op=view_citation&hl=en&user=04ErssaM7W8C&citation_for_view=04ErssaM7W8C:_FxGoFyzp5QC",
      "authors": "L Yu, C Chen, C Liu, W Liu, Q Yang, Y Liu, M Shao",
      "venue": "Neurocomputing, 131513, 2025",
      "year": 2025,
      "citations": 0
    },
    {
      "title": "High Fidelity Face Swapping via Facial Texture and Structure Consistency Mining",
      "url": "https://scholar.google.com/citations?view_op=view_citation&hl=en&user=04ErssaM7W8C&citation_for_view=04ErssaM7W8C:eQOLeE2rZwMC",
      "authors": "F Liu, L Yu, Q Yang, M Shao, H Xie",
      "venue": "IEEE Transactions on Multimedia, 2025",
      "year": 2025,
      "citations": 0
    },
    {
      "title": "Forensic-MoE: Exploring Comprehensive Synthetic Image Detection Traces with Mixture of Experts",
      "url": "https://scholar.google.com/citations?view_op=view_citation&hl=en&user=04ErssaM7W8C&citation_for_view=04ErssaM7W8C:LkGwnXOMwfcC",
      "authors": "M Fang, Z Li, L Yu, Q Yang, H Xie, Y Zhang",
      "venue": "Proceedings of the IEEE/CVF International Conference on Computer Vision …, 2025",
      "year": 2025,
      "citations": 0
    },
    {
      "title": "Showmaker: Creating high-fidelity 2d human video via fine-grained diffusion modeling",
      "url": "https://scholar.google.com/citations?view_op=view_citation&hl=en&user=04ErssaM7W8C&citation_for_view=04ErssaM7W8C:IjCSPb-OGe4C",
      "authors": "Q Yang, J Guan, K Wang, L Yu, W Chu, H Zhou, ZQ Feng, H Feng, E Ding, ...",
      "venue": "Advances in Neural Information Processing Systems 37, 51039-51062, 2024",
      "year": 2024,
      "citations": 12
    },
    {
      "title": "Talk-act: Enhance textural-awareness for 2d speaking avatar reenactment with diffusion model",
      "url": "https://scholar.google.com/citations?view_op=view_citation&hl=en&user=04ErssaM7W8C&citation_for_view=04ErssaM7W8C:zYLM7Y9cAGgC",
      "authors": "J Guan, Q Yang, K Wang, H Zhou, S He, Z Xu, H Feng, E Ding, J Wang, ...",
      "venue": "SIGGRAPH Asia 2024 Conference Papers, 1-11, 2024",
      "year": 2024,
      "citations": 12
    },
    {
      "title": "Motion capture from inertial and vision sensors",
      "url": "https://scholar.google.com/citations?view_op=view_citation&hl=en&user=04ErssaM7W8C&citation_for_view=04ErssaM7W8C:UeHWp8X0CEIC",
      "authors": "X Chen, W Liu, Q Bao, X Liu, Q Yang, R Dai, T Mei",
      "venue": "arXiv preprint arXiv:2407.16341, 2024",
      "year": 2024,
      "citations": 5
    },
    {
      "title": "Symmetrical Siamese Network for pose-guided person synthesis",
      "url": "https://scholar.google.com/citations?view_op=view_citation&hl=en&user=04ErssaM7W8C&citation_for_view=04ErssaM7W8C:qjMakFHDy7sC",
      "authors": "Q Yang, L Yu, F Liu, Y Song, M Shao, G Jin, H Xie",
      "venue": "Computer Vision and Image Understanding 248, 104134, 2024",
      "year": 2024,
      "citations": 1
    },
    {
      "title": "High fidelity face swapping via semantics disentanglement and structure enhancement",
      "url": "https://scholar.google.com/citations?view_op=view_citation&hl=en&user=04ErssaM7W8C&citation_for_view=04ErssaM7W8C:9yKSN-GCB0IC",
      "authors": "F Liu, L Yu, H Xie, C Liu, Z Ding, Q Yang, Y Zhang",
      "venue": "Proceedings of the 31st ACM International Conference on Multimedia, 6907-6917, 2023",
      "year": 2023,
      "citations": 4
    },
    {
      "title": "REMOT: A region-to-whole framework for realistic human motion transfer",
      "url": "https://scholar.google.com/citations?view_op=view_citation&hl=en&user=04ErssaM7W8C&citation_for_view=04ErssaM7W8C:2osOgNQ5qMEC",
      "authors": "Q Yang, X Liu, W Liu, H Xie, X Gu, L Yu, Y Zhang",
      "venue": "Proceedings of the 30th ACM International Conference on Multimedia, 1128-1137, 2022",
      "year": 2022,
      "citations": 7
    }
  ],
  "co_authors": []
}