{
  "author_info": {
    "name": "Minh Nguyen Nhat To",
    "affiliation": "University of British Columbia, PhD Candidate",
    "email_verified": "Verified email at student.ubc.ca - Homepage",
    "website": "https://minhto2802.github.io/",
    "interests": [
      "Computer Science",
      "Machine Learning",
      "Deep Learning",
      "Medical Image Processing"
    ],
    "photo_url": "https://scholar.googleusercontent.com/citations?view_op=view_photo&user=-oSQmxwAAAAJ&citpid=16"
  },
  "citation_stats": {
    "citations_all": 1489,
    "citations_since_2020": 1412,
    "h_index_all": 11,
    "h_index_since_2020": 11,
    "i10_index_all": 12,
    "i10_index_since_2020": 11,
    "citation_graph": [
      {
        "year": 2018,
        "citations": 4
      },
      {
        "year": 2019,
        "citations": 61
      },
      {
        "year": 2020,
        "citations": 130
      },
      {
        "year": 2021,
        "citations": 209
      },
      {
        "year": 2022,
        "citations": 219
      },
      {
        "year": 2023,
        "citations": 220
      },
      {
        "year": 2024,
        "citations": 303
      },
      {
        "year": 2025,
        "citations": 330
      }
    ]
  },
  "papers": [
    {
      "title": "Cinepro: Robust training of foundation models for cancer detection in prostate ultrasound cineloops",
      "url": "https://scholar.google.com/citations?view_op=view_citation&hl=en&user=-oSQmxwAAAAJ&citation_for_view=-oSQmxwAAAAJ:M05iB0D1s5AC",
      "authors": "M Harmanani, A Jamzad, MNN To, PFR Wilson, Z Guo, F Fooladgar, ...",
      "venue": "2025 IEEE 22nd International Symposium on Biomedical Imaging (ISBI), 1-5, 2025",
      "year": 2025,
      "citations": 3
    },
    {
      "title": "Self-supervised Prototype Learning for Spatio-Temporal Enhanced Ultrasound-based Prostate Cancer Detection",
      "url": "https://scholar.google.com/citations?view_op=view_citation&hl=en&user=-oSQmxwAAAAJ&citation_for_view=-oSQmxwAAAAJ:pqnbT2bcN3wC",
      "authors": "T Elghareb, A Jamzad, MNN To, F Fooladgar, PFR Wilson, S Sojoudi, ...",
      "venue": "2025 IEEE 22nd International Symposium on Biomedical Imaging (ISBI), 1-5, 2025",
      "year": 2025,
      "citations": 2
    },
    {
      "title": "TRUSWorthy: toward clinically applicable deep learning for confident detection of prostate cancer in micro-ultrasound",
      "url": "https://scholar.google.com/citations?view_op=view_citation&hl=en&user=-oSQmxwAAAAJ&citation_for_view=-oSQmxwAAAAJ:g5m5HwL7SMYC",
      "authors": "M Harmanani, PFR Wilson, MNN To, M Gilany, A Jamzad, F Fooladgar, ...",
      "venue": "International Journal of Computer Assisted Radiology and Surgery, 1-9, 2025",
      "year": 2025,
      "citations": 2
    },
    {
      "title": "Manifold DivideMix: A semi-supervised contrastive learning framework for severe label noise",
      "url": "https://scholar.google.com/citations?view_op=view_citation&hl=en&user=-oSQmxwAAAAJ&citation_for_view=-oSQmxwAAAAJ:blknAaTinKkC",
      "authors": "F Fooladgar, MNN To, P Mousavi, P Abolmaesumi",
      "venue": "Proceedings of the IEEE/CVF Conference on Computer Vision and Pattern …, 2024",
      "year": 2024,
      "citations": 20
    },
    {
      "title": "Prostnfound: Integrating foundation models with ultrasound domain knowledge and clinical context for robust prostate cancer detection",
      "url": "https://scholar.google.com/citations?view_op=view_citation&hl=en&user=-oSQmxwAAAAJ&citation_for_view=-oSQmxwAAAAJ:2P1L_qKh6hAC",
      "authors": "PFR Wilson, MNN To, A Jamzad, M Gilany, M Harmanani, T Elghareb, ...",
      "venue": "International Conference on Medical Image Computing and Computer-Assisted …, 2024",
      "year": 2024,
      "citations": 11
    },
    {
      "title": "LensePro: Label noise-tolerant prototype-based network for improving cancer detection in prostate ultrasound with limited annotations",
      "url": "https://scholar.google.com/citations?view_op=view_citation&hl=en&user=-oSQmxwAAAAJ&citation_for_view=-oSQmxwAAAAJ:O3NaXMp0MMsC",
      "authors": "MNN To, F Fooladgar, P Wilson, M Harmanani, M Gilany, S Sojoudi, ...",
      "venue": "International Journal of Computer Assisted Radiology and Surgery 19 (6 …, 2024",
      "year": 2024,
      "citations": 6
    },
    {
      "title": "Toward confident prostate cancer detection using ultrasound: a multi-center study",
      "url": "https://scholar.google.com/citations?view_op=view_citation&hl=en&user=-oSQmxwAAAAJ&citation_for_view=-oSQmxwAAAAJ:lSLTfruPkqcC",
      "authors": "PFR Wilson, M Harmanani, MNN To, M Gilany, A Jamzad, F Fooladgar, ...",
      "venue": "International Journal of Computer Assisted Radiology and Surgery 19 (5), 841-849, 2024",
      "year": 2024,
      "citations": 6
    },
    {
      "title": "Benchmarking image transformers for prostate cancer detection from ultrasound data",
      "url": "https://scholar.google.com/citations?view_op=view_citation&hl=en&user=-oSQmxwAAAAJ&citation_for_view=-oSQmxwAAAAJ:GnPB-g6toBAC",
      "authors": "M Harmanani, PFR Wilson, F Fooladgar, A Jamzad, M Gilany, MNN To, ...",
      "venue": "Medical Imaging 2024: Image-Guided Procedures, Robotic Interventions, and …, 2024",
      "year": 2024,
      "citations": 2
    },
    {
      "title": "Self-supervised learning with limited labeled data for prostate cancer detection in high-frequency ultrasound",
      "url": "https://scholar.google.com/citations?view_op=view_citation&hl=en&user=-oSQmxwAAAAJ&citation_for_view=-oSQmxwAAAAJ:isC4tDSrTZIC",
      "authors": "PFR Wilson, M Gilany, A Jamzad, F Fooladgar, MNN To, B Wodlinger, ...",
      "venue": "IEEE Transactions on Ultrasonics, Ferroelectrics, and Frequency Control 70 …, 2023",
      "year": 2023,
      "citations": 37
    },
    {
      "title": "TRUSformer: improving prostate cancer detection from micro-ultrasound using attention and self-supervision",
      "url": "https://scholar.google.com/citations?view_op=view_citation&hl=en&user=-oSQmxwAAAAJ&citation_for_view=-oSQmxwAAAAJ:JV2RwH3_ST0C",
      "authors": "M Gilany, P Wilson, A Perera-Ortega, A Jamzad, MNN To, F Fooladgar, ...",
      "venue": "International Journal of Computer Assisted Radiology and Surgery 18 (7 …, 2023",
      "year": 2023,
      "citations": 20
    },
    {
      "title": "Towards confident detection of prostate cancer using high resolution micro-ultrasound",
      "url": "https://scholar.google.com/citations?view_op=view_citation&hl=en&user=-oSQmxwAAAAJ&citation_for_view=-oSQmxwAAAAJ:4JMBOYKVnBMC",
      "authors": "M Gilany, P Wilson, A Jamzad, F Fooladgar, MNN To, B Wodlinger, ...",
      "venue": "International conference on medical image computing and computer-assisted …, 2022",
      "year": 2022,
      "citations": 18
    },
    {
      "title": "Uncertainty-aware deep ensemble model for targeted ultrasound-guided prostate biopsy",
      "url": "https://scholar.google.com/citations?view_op=view_citation&hl=en&user=-oSQmxwAAAAJ&citation_for_view=-oSQmxwAAAAJ:4DMP91E08xMC",
      "authors": "F Fooladgar, MNN To, G Javadi, S Samadi, S Bayat, S Sojoudi, ...",
      "venue": "2022 IEEE 19th international symposium on biomedical imaging (ISBI), 1-5, 2022",
      "year": 2022,
      "citations": 16
    },
    {
      "title": "Coarse label refinement for improving prostate cancer detection in ultrasound imaging",
      "url": "https://scholar.google.com/citations?view_op=view_citation&hl=en&user=-oSQmxwAAAAJ&citation_for_view=-oSQmxwAAAAJ:UebtZRa9Y70C",
      "authors": "MNN To, F Fooladgar, G Javadi, S Bayat, S Sojoudi, A Hurtado, S Chang, ...",
      "venue": "International Journal of Computer Assisted Radiology and Surgery 17 (5), 841-847, 2022",
      "year": 2022,
      "citations": 8
    },
    {
      "title": "Complex cancer detector: Complex neural networks on non-stationary time series for guiding systematic prostate biopsy",
      "url": "https://scholar.google.com/citations?view_op=view_citation&hl=en&user=-oSQmxwAAAAJ&citation_for_view=-oSQmxwAAAAJ:YsMSGLbcyi4C",
      "authors": "G Javadi, MNN To, S Samadi, S Bayat, S Sojoudi, A Hurtado, S Chang, ...",
      "venue": "International conference on medical image computing and computer-assisted …, 2020",
      "year": 2020,
      "citations": 13
    },
    {
      "title": "Deep regression neural networks for collateral imaging from dynamic susceptibility contrast-enhanced magnetic resonance perfusion in acute ischemic stroke",
      "url": "https://scholar.google.com/citations?view_op=view_citation&hl=en&user=-oSQmxwAAAAJ&citation_for_view=-oSQmxwAAAAJ:UeHWp8X0CEIC",
      "authors": "MNN To, HJ Kim, HG Roh, YS Cho, JT Kwak",
      "venue": "International Journal of Computer Assisted Radiology and Surgery 15 (1), 151-162, 2020",
      "year": 2020,
      "citations": 13
    },
    {
      "title": "Improving dense pixelwise prediction of epithelial density using unsupervised data augmentation for consistency regularization",
      "url": "https://scholar.google.com/citations?view_op=view_citation&hl=en&user=-oSQmxwAAAAJ&citation_for_view=-oSQmxwAAAAJ:W7OEmFMy1HYC",
      "authors": "MNN To, S Sankineni, S Xu, B Turkbey, PA Pinto, V Moreno, M Merino, ...",
      "venue": "International Conference on Medical Image Computing and Computer-Assisted …, 2020",
      "year": 2020,
      "citations": 4
    },
    {
      "title": "Bach: Grand challenge on breast cancer histology images",
      "url": "https://scholar.google.com/citations?view_op=view_citation&hl=en&user=-oSQmxwAAAAJ&citation_for_view=-oSQmxwAAAAJ:2osOgNQ5qMEC",
      "authors": "G Aresta, T Araújo, S Kwok, SS Chennamsetty, M Safwan, V Alex, ...",
      "venue": "Medical image analysis 56, 122-139, 2019",
      "year": 2019,
      "citations": 838
    },
    {
      "title": "Methods for segmentation and classification of digital microscopy tissue images",
      "url": "https://scholar.google.com/citations?view_op=view_citation&hl=en&user=-oSQmxwAAAAJ&citation_for_view=-oSQmxwAAAAJ:qjMakFHDy7sC",
      "authors": "QD Vu, S Graham, T Kurc, MNN To, M Shaban, T Qaiser, NA Koohbanani, ...",
      "venue": "Frontiers in bioengineering and biotechnology 7, 53, 2019",
      "year": 2019,
      "citations": 391
    },
    {
      "title": "Deep dense multi-path neural network for prostate segmentation in magnetic resonance imaging",
      "url": "https://scholar.google.com/citations?view_op=view_citation&hl=en&user=-oSQmxwAAAAJ&citation_for_view=-oSQmxwAAAAJ:9yKSN-GCB0IC",
      "authors": "MNN To, DQ Vu, B Turkbey, PL Choyke, JT Kwak",
      "venue": "International journal of computer assisted radiology and surgery 13 (11 …, 2018",
      "year": 2018,
      "citations": 66
    },
    {
      "title": "Micro and macro breast histology image analysis by partial network re-use",
      "url": "https://scholar.google.com/citations?view_op=view_citation&hl=en&user=-oSQmxwAAAAJ&citation_for_view=-oSQmxwAAAAJ:d1gkVwhDpl0C",
      "authors": "QD Vu, MNN To, E Kim, JT Kwak",
      "venue": "International Conference Image Analysis and Recognition, 895-902, 2018",
      "year": 2018,
      "citations": 10
    }
  ],
  "co_authors": [
    {
      "name": "Purang Abolmaesumi",
      "scholar_id": "gKZS5-IAAAAJ",
      "url": "https://scholar.google.com/citations?user=gKZS5-IAAAAJ"
    },
    {
      "name": "Fahimeh Fooladgar",
      "scholar_id": "UITl6ysAAAAJ",
      "url": "https://scholar.google.com/citations?user=UITl6ysAAAAJ"
    },
    {
      "name": "Jin Tae Kwak",
      "scholar_id": "NZWxQ-wAAAAJ",
      "url": "https://scholar.google.com/citations?user=NZWxQ-wAAAAJ"
    },
    {
      "name": "Amoon Jamzad",
      "scholar_id": "StQV08sAAAAJ",
      "url": "https://scholar.google.com/citations?user=StQV08sAAAAJ"
    },
    {
      "name": "Mahdi Gilany Asl",
      "scholar_id": "njpAOrEAAAAJ",
      "url": "https://scholar.google.com/citations?user=njpAOrEAAAAJ"
    },
    {
      "name": "Quoc Dang Vu",
      "scholar_id": "qRPaefgAAAAJ",
      "url": "https://scholar.google.com/citations?user=qRPaefgAAAAJ"
    },
    {
      "name": "Peter Black",
      "scholar_id": "B-SSpDcAAAAJ",
      "url": "https://scholar.google.com/citations?user=B-SSpDcAAAAJ"
    },
    {
      "name": "Mohamed Harmanani",
      "scholar_id": "dNDG5CgAAAAJ",
      "url": "https://scholar.google.com/citations?user=dNDG5CgAAAAJ"
    },
    {
      "name": "Golara Javadi",
      "scholar_id": "cx57e9sAAAAJ",
      "url": "https://scholar.google.com/citations?user=cx57e9sAAAAJ"
    },
    {
      "name": "Baris Turkbey",
      "scholar_id": "XiMbUboAAAAJ",
      "url": "https://scholar.google.com/citations?user=XiMbUboAAAAJ"
    },
    {
      "name": "Sharareh Bayat",
      "scholar_id": "WcPKI2MAAAAJ",
      "url": "https://scholar.google.com/citations?user=WcPKI2MAAAAJ"
    },
    {
      "name": "Peter Choyke",
      "scholar_id": "IsMkW2UAAAAJ",
      "url": "https://scholar.google.com/citations?user=IsMkW2UAAAAJ"
    },
    {
      "name": "Andrea Perera-Ortega",
      "scholar_id": "TCY5MzYAAAAJ",
      "url": "https://scholar.google.com/citations?user=TCY5MzYAAAAJ"
    },
    {
      "name": "Sandeep Sankineni",
      "scholar_id": "6CTWlJsAAAAJ",
      "url": "https://scholar.google.com/citations?user=6CTWlJsAAAAJ"
    },
    {
      "name": "Maria J Merino",
      "scholar_id": "AfGk_70AAAAJ",
      "url": "https://scholar.google.com/citations?user=AfGk_70AAAAJ"
    },
    {
      "name": "Bradford J. Wood",
      "scholar_id": "5hOjrW8AAAAJ",
      "url": "https://scholar.google.com/citations?user=5hOjrW8AAAAJ"
    },
    {
      "name": "Paul F. R. Wilson",
      "scholar_id": "wC0CC9QAAAAJ",
      "url": "https://scholar.google.com/citations?user=wC0CC9QAAAAJ"
    },
    {
      "name": "Parvin Mousavi",
      "scholar_id": "v3_yocgAAAAJ",
      "url": "https://scholar.google.com/citations?user=v3_yocgAAAAJ"
    },
    {
      "name": "Trinh T.L. Vuong",
      "scholar_id": "trFdwLkAAAAJ",
      "url": "https://scholar.google.com/citations?user=trFdwLkAAAAJ"
    },
    {
      "name": "Silvia D. Chang",
      "scholar_id": "svnaq70AAAAJ",
      "url": "https://scholar.google.com/citations?user=svnaq70AAAAJ"
    }
  ]
}