{
  "author_info": {
    "name": "Mohammad Reza Taesiri",
    "affiliation": "EA Sports",
    "email_verified": "Verified email at ea.com - Homepage",
    "website": "https://taesiri.ai/",
    "interests": [
      "VLMs",
      "LLMs",
      "Post-Training",
      "Evals",
      "Computer Games"
    ],
    "photo_url": "https://scholar.googleusercontent.com/citations?view_op=view_photo&user=-egLZy8AAAAJ&citpid=6"
  },
  "citation_stats": {
    "citations_all": 444,
    "citations_since_2020": 443,
    "h_index_all": 11,
    "h_index_since_2020": 11,
    "i10_index_all": 13,
    "i10_index_since_2020": 13,
    "citation_graph": [
      {
        "year": 2021,
        "citations": 2
      },
      {
        "year": 2022,
        "citations": 16
      },
      {
        "year": 2023,
        "citations": 39
      },
      {
        "year": 2024,
        "citations": 123
      },
      {
        "year": 2025,
        "citations": 263
      }
    ]
  },
  "papers": [
    {
      "title": "Zerobench: An impossible visual benchmark for contemporary large multimodal models",
      "url": "https://scholar.google.com/citations?view_op=view_citation&hl=en&user=-egLZy8AAAAJ&citation_for_view=-egLZy8AAAAJ:HoB7MX3m0LUC",
      "authors": "J Roberts, MR Taesiri, A Sharma, A Gupta, S Roberts, I Croitoru, ...",
      "venue": "arXiv preprint arXiv:2502.09696, 2025",
      "year": 2025,
      "citations": 20
    },
    {
      "title": "Vision Language Models are Biased",
      "url": "https://scholar.google.com/citations?view_op=view_citation&hl=en&user=-egLZy8AAAAJ&citation_for_view=-egLZy8AAAAJ:uWQEDVKXjbEC",
      "authors": "A Vo, KN Nguyen, MR Taesiri, VT Dang, AT Nguyen, D Kim",
      "venue": "2nd AI for Math Workshop@ ICML 2025, 2025",
      "year": 2025,
      "citations": 12
    },
    {
      "title": "Hot: Highlighted chain of thought for referencing supporting facts from inputs",
      "url": "https://scholar.google.com/citations?view_op=view_citation&hl=en&user=-egLZy8AAAAJ&citation_for_view=-egLZy8AAAAJ:SeFeTyx0c_EC",
      "authors": "T Nguyen, L Bolton, MR Taesiri, T Bui, AT Nguyen",
      "venue": "arXiv preprint arXiv:2503.02003, 2025",
      "year": 2025,
      "citations": 5
    },
    {
      "title": "Understanding Generative AI Capabilities in Everyday Image Editing Tasks",
      "url": "https://scholar.google.com/citations?view_op=view_citation&hl=en&user=-egLZy8AAAAJ&citation_for_view=-egLZy8AAAAJ:bFI3QPDXJZMC",
      "authors": "MR Taesiri, B Collins, L Bolton, VD Lai, F Dernoncourt, T Bui, AT Nguyen",
      "venue": "arXiv preprint arXiv:2505.16181, 2025",
      "year": 2025,
      "citations": 2
    },
    {
      "title": "VideoGameQA-Bench: Evaluating Vision-Language Models for Video Game Quality Assurance",
      "url": "https://scholar.google.com/citations?view_op=view_citation&hl=en&user=-egLZy8AAAAJ&citation_for_view=-egLZy8AAAAJ:f2IySw72cVMC",
      "authors": "MR Taesiri, A Ghildyal, S Zadtootaghaj, N Barman, CP Bezemer",
      "venue": "arXiv preprint arXiv:2505.15952, 2025",
      "year": 2025,
      "citations": 2
    },
    {
      "title": "B-score: Detecting biases in large language models using response history",
      "url": "https://scholar.google.com/citations?view_op=view_citation&hl=en&user=-egLZy8AAAAJ&citation_for_view=-egLZy8AAAAJ:_xSYboBqXhAC",
      "authors": "A Vo, MR Taesiri, D Kim, AT Nguyen",
      "venue": "arXiv preprint arXiv:2505.18545, 2025",
      "year": 2025,
      "citations": 1
    },
    {
      "title": "Vision language models are blind",
      "url": "https://scholar.google.com/citations?view_op=view_citation&hl=en&user=-egLZy8AAAAJ&citation_for_view=-egLZy8AAAAJ:NMxIlDl6LWMC",
      "authors": "P Rahmanzadehgervi, L Bolton, MR Taesiri, AT Nguyen",
      "venue": "Asian Conference on Computer Vision (ACCV) 2024, 2024",
      "year": 2024,
      "citations": 154
    },
    {
      "title": "Fine-tuning language models for triple extraction with data augmentation",
      "url": "https://scholar.google.com/citations?view_op=view_citation&hl=en&user=-egLZy8AAAAJ&citation_for_view=-egLZy8AAAAJ:GnPB-g6toBAC",
      "authors": "Y Zhang, T Sadler, MR Taesiri, W Xu, M Reformat",
      "venue": "Proceedings of the 1st Workshop on Knowledge Graphs and Large Language …, 2024",
      "year": 2024,
      "citations": 11
    },
    {
      "title": "Allowing humans to interactively guide machines where to look does not always improve a human-AI team's classification accuracy",
      "url": "https://scholar.google.com/citations?view_op=view_citation&hl=en&user=-egLZy8AAAAJ&citation_for_view=-egLZy8AAAAJ:M3NEmzRMIkIC",
      "authors": "G Nguyen, MR Taesiri, SSY Kim, A Nguyen",
      "venue": "CVPR 2024 Explainable AI for Computer Vision Workshop, 2024",
      "year": 2024,
      "citations": 11
    },
    {
      "title": "VideoGameBunny: Towards vision assistants for video games",
      "url": "https://scholar.google.com/citations?view_op=view_citation&hl=en&user=-egLZy8AAAAJ&citation_for_view=-egLZy8AAAAJ:BqipwSGYUEgC",
      "authors": "MR Taesiri, CP Bezemer",
      "venue": "IEEE/CVF Winter Conference on Applications of Computer Vision (WACV)  2025, 2024",
      "year": 2024,
      "citations": 8
    },
    {
      "title": "PCNN: Probable-Class Nearest-Neighbor Explanations Improve Fine-Grained Image Classification Accuracy for AIs and Humans",
      "url": "https://scholar.google.com/citations?view_op=view_citation&hl=en&user=-egLZy8AAAAJ&citation_for_view=-egLZy8AAAAJ:NaGl4SEjCO4C",
      "authors": "G Nguyen, V Chen, MR Taesiri, A Nguyen",
      "venue": "Transactions on Machine Learning Research, 2024",
      "year": 2024,
      "citations": 6
    },
    {
      "title": "Searching bug instances in gameplay video repositories",
      "url": "https://scholar.google.com/citations?view_op=view_citation&hl=en&user=-egLZy8AAAAJ&citation_for_view=-egLZy8AAAAJ:maZDTaKrznsC",
      "authors": "MR Taesiri, F Macklon, S Habchi, CP Bezemer",
      "venue": "IEEE Transactions on Games 16 (3), 697-710, 2024",
      "year": 2024,
      "citations": 5
    },
    {
      "title": "ImageNet-Hard: The Hardest Images Remaining from a Study of the Power of Zoom and Spatial Biases in Image Classification",
      "url": "https://scholar.google.com/citations?view_op=view_citation&hl=en&user=-egLZy8AAAAJ&citation_for_view=-egLZy8AAAAJ:iH-uZ7U-co4C",
      "authors": "MR Taesiri, G Nguyen, S Habchi, CP Bezemer, A Nguyen",
      "venue": "Advances in Neural Information Processing Systems, 2023",
      "year": 2023,
      "citations": 29
    },
    {
      "title": "GlitchBench: Can large multimodal models detect video game glitches?",
      "url": "https://scholar.google.com/citations?view_op=view_citation&hl=en&user=-egLZy8AAAAJ&citation_for_view=-egLZy8AAAAJ:k_IJM867U9cC",
      "authors": "MR Taesiri, T Feng, CP Bezemer, A Nguyen",
      "venue": "Proceedings of the IEEE/CVF Conference on Computer Vision and Pattern …, 2023",
      "year": 2023,
      "citations": 25
    },
    {
      "title": "Visual correspondence-based explanations improve AI robustness and human-AI team accuracy",
      "url": "https://scholar.google.com/citations?view_op=view_citation&hl=en&user=-egLZy8AAAAJ&citation_for_view=-egLZy8AAAAJ:_Qo2XoVZTnwC",
      "authors": "MR Taesiri, G Nguyen, A Nguyen",
      "venue": "Advances in Neural Information Processing Systems, 2022",
      "year": 2022,
      "citations": 60
    },
    {
      "title": "CLIP meets GamePhysics: Towards bug identification in gameplay videos using zero-shot transfer learning",
      "url": "https://scholar.google.com/citations?view_op=view_citation&hl=en&user=-egLZy8AAAAJ&citation_for_view=-egLZy8AAAAJ:ufrVoPGSRksC",
      "authors": "MR Taesiri, F Macklon, CP Bezemer",
      "venue": "Proceedings of the 19th International Conference on Mining Software …, 2022",
      "year": 2022,
      "citations": 24
    },
    {
      "title": "Large language models are pretty good zero-shot video game bug detectors",
      "url": "https://scholar.google.com/citations?view_op=view_citation&hl=en&user=-egLZy8AAAAJ&citation_for_view=-egLZy8AAAAJ:R3hNpaxXUhUC",
      "authors": "MR Taesiri, F Macklon, Y Wang, H Shen, CP Bezemer",
      "venue": "arXiv preprint arXiv:2210.02506, 2022",
      "year": 2022,
      "citations": 22
    },
    {
      "title": "A Data-Driven Analysis on Nft Auctions: Assessment, Opportunities and Fraudulent Activities",
      "url": "https://scholar.google.com/citations?view_op=view_citation&hl=en&user=-egLZy8AAAAJ&citation_for_view=-egLZy8AAAAJ:bEWYMUwI8FkC",
      "authors": "MA Fazli, A Owfi, MR Taesiri",
      "venue": "Opportunities and Fraudulent Activities, 2022",
      "year": 2022,
      "citations": 20
    },
    {
      "title": "Automatically detecting visual bugs in html5 canvas games",
      "url": "https://scholar.google.com/citations?view_op=view_citation&hl=en&user=-egLZy8AAAAJ&citation_for_view=-egLZy8AAAAJ:-f6ydRqryjwC",
      "authors": "F Macklon, MR Taesiri, M Viggiato, S Antoszko, N Romanova, D Paas, ...",
      "venue": "Proceedings of the 37th IEEE/ACM International Conference on Automated …, 2022",
      "year": 2022,
      "citations": 14
    },
    {
      "title": "A video game testing method utilizing deep learning",
      "url": "https://scholar.google.com/citations?view_op=view_citation&hl=en&user=-egLZy8AAAAJ&citation_for_view=-egLZy8AAAAJ:eQOLeE2rZwMC",
      "authors": "MR Taesiri, M Habibi, MA Fazli",
      "venue": "Iran Journal of Computer Science 17 (2), 2020",
      "year": 2020,
      "citations": 13
    }
  ],
  "co_authors": [
    {
      "name": "Anh Totti Nguyen",
      "scholar_id": "EQw8d9AAAAAJ",
      "url": "https://scholar.google.com/citations?user=EQw8d9AAAAAJ"
    },
    {
      "name": "Cor-Paul Bezemer",
      "scholar_id": "8HgcKdoAAAAJ",
      "url": "https://scholar.google.com/citations?user=8HgcKdoAAAAJ"
    },
    {
      "name": "Logan Bolton",
      "scholar_id": "1vfLo4UAAAAJ",
      "url": "https://scholar.google.com/citations?user=1vfLo4UAAAAJ"
    },
    {
      "name": "Pooyan Rahmanzadehgervi",
      "scholar_id": "XSkv_7EAAAAJ",
      "url": "https://scholar.google.com/citations?user=XSkv_7EAAAAJ"
    },
    {
      "name": "Ali Owfi",
      "scholar_id": "uQ0rwVYAAAAJ",
      "url": "https://scholar.google.com/citations?user=uQ0rwVYAAAAJ"
    },
    {
      "name": "Trung H. Bui",
      "scholar_id": "FpFTduYAAAAJ",
      "url": "https://scholar.google.com/citations?user=FpFTduYAAAAJ"
    },
    {
      "name": "Valerie Chen",
      "scholar_id": "94yn2j0AAAAJ",
      "url": "https://scholar.google.com/citations?user=94yn2j0AAAAJ"
    },
    {
      "name": "Markos Viggiato",
      "scholar_id": "RPZ154QAAAAJ",
      "url": "https://scholar.google.com/citations?user=RPZ154QAAAAJ"
    },
    {
      "name": "Sunnie S. Y. Kim",
      "scholar_id": "dF8_yxsAAAAJ",
      "url": "https://scholar.google.com/citations?user=dF8_yxsAAAAJ"
    },
    {
      "name": "Giang Nguyen",
      "scholar_id": "l_kfXecAAAAJ",
      "url": "https://scholar.google.com/citations?user=l_kfXecAAAAJ"
    },
    {
      "name": "Tin Nguyen",
      "scholar_id": "zSAfD80AAAAJ",
      "url": "https://scholar.google.com/citations?user=zSAfD80AAAAJ"
    },
    {
      "name": "Franck Dernoncourt",
      "scholar_id": "kz2aIc8AAAAJ",
      "url": "https://scholar.google.com/citations?user=kz2aIc8AAAAJ"
    },
    {
      "name": "Viet Lai",
      "scholar_id": "TtxmNccAAAAJ",
      "url": "https://scholar.google.com/citations?user=TtxmNccAAAAJ"
    },
    {
      "name": "Saman Zadtootaghaj",
      "scholar_id": "cx3WgewAAAAJ",
      "url": "https://scholar.google.com/citations?user=cx3WgewAAAAJ"
    },
    {
      "name": "Dr Nabajeet Barman",
      "scholar_id": "69Xj8bEAAAAJ",
      "url": "https://scholar.google.com/citations?user=69Xj8bEAAAAJ"
    },
    {
      "name": "Abhijay Ghildyal",
      "scholar_id": "8Sdd57YAAAAJ",
      "url": "https://scholar.google.com/citations?user=8Sdd57YAAAAJ"
    },
    {
      "name": "Brandon Collins",
      "scholar_id": "IPhE1BwAAAAJ",
      "url": "https://scholar.google.com/citations?user=IPhE1BwAAAAJ"
    }
  ]
}