{
  "author_info": {
    "name": "Wenjia Wang",
    "affiliation": "University of Hong Kong",
    "email_verified": "Verified email at connect.hku.hk - Homepage",
    "website": "http://wenjiawang0312.github.io/",
    "interests": [
      "Computer Vision",
      "Computer Graphics"
    ],
    "photo_url": "/citations/images/avatar_scholar_128.png"
  },
  "citation_stats": {
    "citations_all": 1894,
    "citations_since_2020": 1892,
    "h_index_all": 12,
    "h_index_since_2020": 12,
    "i10_index_all": 12,
    "i10_index_since_2020": 12,
    "citation_graph": [
      {
        "year": 2020,
        "citations": 29
      },
      {
        "year": 2021,
        "citations": 142
      },
      {
        "year": 2022,
        "citations": 288
      },
      {
        "year": 2023,
        "citations": 388
      },
      {
        "year": 2024,
        "citations": 519
      },
      {
        "year": 2025,
        "citations": 526
      }
    ]
  },
  "papers": [
    {
      "title": "Tokenhsi: Unified synthesis of physical human-scene interactions through task tokenization",
      "url": "https://scholar.google.com/citations?view_op=view_citation&hl=en&user=-KXrF4cAAAAJ&citation_for_view=-KXrF4cAAAAJ:WF5omc3nYNoC",
      "authors": "L Pan, Z Yang, Z Dou, W Wang, B Huang, B Dai, T Komura, J Wang",
      "venue": "CVPR2025 Oral, 5379-5391, 2025",
      "year": 2025,
      "citations": 21
    },
    {
      "title": "Zero-shot human-object interaction synthesis with multimodal priors",
      "url": "https://scholar.google.com/citations?view_op=view_citation&hl=en&user=-KXrF4cAAAAJ&citation_for_view=-KXrF4cAAAAJ:ufrVoPGSRksC",
      "authors": "Y Lou, Y Wang, Z Wu, R Zhao, W Wang, M Shi, T Komura",
      "venue": "arXiv preprint arXiv:2503.20118, 2025",
      "year": 2025,
      "citations": 2
    },
    {
      "title": "Emdm: Efficient motion diffusion model for fast and high-quality motion generation",
      "url": "https://scholar.google.com/citations?view_op=view_citation&hl=en&user=-KXrF4cAAAAJ&citation_for_view=-KXrF4cAAAAJ:2osOgNQ5qMEC",
      "authors": "W Zhou, Z Dou, Z Cao, Z Liao, J Wang, W Wang, Y Liu, T Komura, ...",
      "venue": "ECCV2024, 18-38, 2024",
      "year": 2024,
      "citations": 93
    },
    {
      "title": "Aios: All-in-one-stage expressive human pose and shape estimation",
      "url": "https://scholar.google.com/citations?view_op=view_citation&hl=en&user=-KXrF4cAAAAJ&citation_for_view=-KXrF4cAAAAJ:d1gkVwhDpl0C",
      "authors": "Q Sun, Y Wang, A Zeng, W Yin, C Wei, W Wang, H Mei, CS Leung, Z Liu, ...",
      "venue": "CVPR2024, 1834-1843, 2024",
      "year": 2024,
      "citations": 42
    },
    {
      "title": "Mushroom: Multi-sensor hybrid room dataset for joint 3d reconstruction and novel view synthesis",
      "url": "https://scholar.google.com/citations?view_op=view_citation&hl=en&user=-KXrF4cAAAAJ&citation_for_view=-KXrF4cAAAAJ:Y0pCki6q_DkC",
      "authors": "X Ren, W Wang, D Cai, T Tuominen, J Kannala, E Rahtu",
      "venue": "WACV2024, 4508-4517, 2024",
      "year": 2024,
      "citations": 18
    },
    {
      "title": "SIMS: Simulating Stylized Human-Scene Interactions with Retrieval-Augmented Script Generation",
      "url": "https://scholar.google.com/citations?view_op=view_citation&hl=en&user=-KXrF4cAAAAJ&citation_for_view=-KXrF4cAAAAJ:W7OEmFMy1HYC",
      "authors": "W Wang, L Pan, Z Dou, J Mei, Z Liao, Y Lou, yifan Wu, L Yang, J Wang, ...",
      "venue": "ICCV2025, 2024",
      "year": 2024,
      "citations": 12
    },
    {
      "title": "3d human reconstruction in the wild with synthetic data using generative models",
      "url": "https://scholar.google.com/citations?view_op=view_citation&hl=en&user=-KXrF4cAAAAJ&citation_for_view=-KXrF4cAAAAJ:YsMSGLbcyi4C",
      "authors": "Y Ge, W Wang, Y Chen, H Chen, C Shen",
      "venue": "IEEE Transactions on Pattern Analysis and Machine Intelligence 2025, 2024",
      "year": 2024,
      "citations": 9
    },
    {
      "title": "RMD: A Simple Baseline for More General Human Motion Generation via Training-free Retrieval-Augmented Motion Diffuse",
      "url": "https://scholar.google.com/citations?view_op=view_citation&hl=en&user=-KXrF4cAAAAJ&citation_for_view=-KXrF4cAAAAJ:Tyk-4Ss8FVUC",
      "authors": "Z Liao, M Zhang, W Wang, L Yang, T Komura",
      "venue": "arXiv preprint arXiv:2412.04343, 2024",
      "year": 2024,
      "citations": 3
    },
    {
      "title": "Zolly: Zoom focal length correctly for perspective-distorted human mesh reconstruction",
      "url": "https://scholar.google.com/citations?view_op=view_citation&hl=en&user=-KXrF4cAAAAJ&citation_for_view=-KXrF4cAAAAJ:9yKSN-GCB0IC",
      "authors": "W Wang, Y Ge, H Mei, Z Cai, Q Sun, Y Wang, C Shen, L Yang, T Komura",
      "venue": "ICCV2023 Oral, 3925-3935, 2023",
      "year": 2023,
      "citations": 51
    },
    {
      "title": "Learning dense uv completion for human mesh recovery",
      "url": "https://scholar.google.com/citations?view_op=view_citation&hl=en&user=-KXrF4cAAAAJ&citation_for_view=-KXrF4cAAAAJ:eQOLeE2rZwMC",
      "authors": "Y Wang, Q Sun, W Wang, J Ling, Z Cai, R Xie, L Song",
      "venue": "arXiv preprint arXiv:2307.11074, 2023",
      "year": 2023,
      "citations": 8
    },
    {
      "title": "Humman: Multi-modal 4d human dataset for versatile sensing and modeling",
      "url": "https://scholar.google.com/citations?view_op=view_citation&hl=en&user=-KXrF4cAAAAJ&citation_for_view=-KXrF4cAAAAJ:zYLM7Y9cAGgC",
      "authors": "Z Cai, D Ren, A Zeng, Z Lin, T Yu, W Wang, X Fan, Y Gao, Y Yu, L Pan, ...",
      "venue": "ECCV2022 Oral, 557-577, 2022",
      "year": 2022,
      "citations": 159
    },
    {
      "title": "Segmenting transparent object in the wild with transformer",
      "url": "https://scholar.google.com/citations?view_op=view_citation&hl=en&user=-KXrF4cAAAAJ&citation_for_view=-KXrF4cAAAAJ:IjCSPb-OGe4C",
      "authors": "E Xie, W Wang, W Wang, P Sun, H Xu, D Liang, P Luo",
      "venue": "IJCAI2021, 2021",
      "year": 2021,
      "citations": 179
    },
    {
      "title": "Segmenting transparent objects in the wild",
      "url": "https://scholar.google.com/citations?view_op=view_citation&hl=en&user=-KXrF4cAAAAJ&citation_for_view=-KXrF4cAAAAJ:u-x6o8ySG0sC",
      "authors": "E Xie, W Wang, W Wang, M Ding, C Shen, P Luo",
      "venue": "ECCV2020, 696-711, 2020",
      "year": 2020,
      "citations": 254
    },
    {
      "title": "Scene text image super-resolution in the wild",
      "url": "https://scholar.google.com/citations?view_op=view_citation&hl=en&user=-KXrF4cAAAAJ&citation_for_view=-KXrF4cAAAAJ:UeHWp8X0CEIC",
      "authors": "W Wang, E Xie, X Liu, W Wang, D Liang, C Shen, X Bai",
      "venue": "ECCV2020, 650-666, 2020",
      "year": 2020,
      "citations": 210
    },
    {
      "title": "Efficient and accurate arbitrary-shaped text detection with pixel aggregation network",
      "url": "https://scholar.google.com/citations?view_op=view_citation&hl=en&user=-KXrF4cAAAAJ&citation_for_view=-KXrF4cAAAAJ:u5HHmVD_uO8C",
      "authors": "W Wang, E Xie, X Song, Y Zang, W Wang, T Lu, G Yu, C Shen",
      "venue": "ICCV2019, 8440-8449, 2019",
      "year": 2019,
      "citations": 732
    },
    {
      "title": "Textsr: Content-aware text super-resolution guided by recognition",
      "url": "https://scholar.google.com/citations?view_op=view_citation&hl=en&user=-KXrF4cAAAAJ&citation_for_view=-KXrF4cAAAAJ:qjMakFHDy7sC",
      "authors": "W Wang, E Xie, P Sun, W Wang, L Tian, C Shen, P Luo",
      "venue": "arXiv preprint arXiv:1909.07113, 2019",
      "year": 2019,
      "citations": 101
    }
  ],
  "co_authors": [
    {
      "name": "Chunhua Shen",
      "scholar_id": "Ljk2BvIAAAAJ",
      "url": "https://scholar.google.com/citations?user=Ljk2BvIAAAAJ"
    },
    {
      "name": "Taku Komura",
      "scholar_id": "TApLOhkAAAAJ",
      "url": "https://scholar.google.com/citations?user=TApLOhkAAAAJ"
    },
    {
      "name": "Lei Yang",
      "scholar_id": "jZH2IPYAAAAJ",
      "url": "https://scholar.google.com/citations?user=jZH2IPYAAAAJ"
    },
    {
      "name": "Zhongang Cai (蔡中昂)",
      "scholar_id": "WrDKqIAAAAAJ",
      "url": "https://scholar.google.com/citations?user=WrDKqIAAAAAJ"
    },
    {
      "name": "Jingbo Wang",
      "scholar_id": "GStTsxAAAAAJ",
      "url": "https://scholar.google.com/citations?user=GStTsxAAAAAJ"
    },
    {
      "name": "Zhouyingcheng Liao",
      "scholar_id": "ldtL6LwAAAAJ",
      "url": "https://scholar.google.com/citations?user=ldtL6LwAAAAJ"
    },
    {
      "name": "Mingyuan Zhang",
      "scholar_id": "2QLD4fAAAAAJ",
      "url": "https://scholar.google.com/citations?user=2QLD4fAAAAAJ"
    },
    {
      "name": "Yongtao Ge",
      "scholar_id": "r8SywYYAAAAJ",
      "url": "https://scholar.google.com/citations?user=r8SywYYAAAAJ"
    },
    {
      "name": "Liang Pan",
      "scholar_id": "B5rO1jcAAAAJ",
      "url": "https://scholar.google.com/citations?user=B5rO1jcAAAAJ"
    },
    {
      "name": "Yuan Liu",
      "scholar_id": "yRAHVcgAAAAJ",
      "url": "https://scholar.google.com/citations?user=yRAHVcgAAAAJ"
    },
    {
      "name": "Wenping Wang",
      "scholar_id": "28shvv0AAAAJ",
      "url": "https://scholar.google.com/citations?user=28shvv0AAAAJ"
    },
    {
      "name": "Yuke Lou",
      "scholar_id": "za7xQWgAAAAJ",
      "url": "https://scholar.google.com/citations?user=za7xQWgAAAAJ"
    },
    {
      "name": "Yifan Wu",
      "scholar_id": "UruMKUkAAAAJ",
      "url": "https://scholar.google.com/citations?user=UruMKUkAAAAJ"
    }
  ]
}