{
  "author_info": {
    "name": "Deguo Ma",
    "affiliation": "northeastern university",
    "email_verified": "Verified email at stu.neu.edu.cn",
    "interests": [],
    "photo_url": "https://scholar.googleusercontent.com/citations?view_op=view_photo&user=-rII64QAAAAJ&citpid=1"
  },
  "citation_stats": {
    "citations_all": 79,
    "citations_since_2020": 78,
    "h_index_all": 4,
    "h_index_since_2020": 4,
    "i10_index_all": 3,
    "i10_index_since_2020": 3,
    "citation_graph": [
      {
        "year": 2023,
        "citations": 6
      },
      {
        "year": 2024,
        "citations": 24
      },
      {
        "year": 2025,
        "citations": 45
      }
    ]
  },
  "papers": [
    {
      "title": "ECPC-IDS: A benchmark endometrial cancer PET/CT image dataset for evaluation of semantic segmentation and detection of hypermetabolic regions",
      "url": "https://scholar.google.com/citations?view_op=view_citation&hl=en&user=-rII64QAAAAJ&citation_for_view=-rII64QAAAAJ:u5HHmVD_uO8C",
      "authors": "D Tang, C Li, T Du, H Jiang, D Ma, Z Ma, M Grzegorzek, T Jiang, H Sun",
      "venue": "Computers in Biology and Medicine 171, 108217, 2024",
      "year": 2024,
      "citations": 14
    },
    {
      "title": "PHE-SICH-CT-IDS: A benchmark CT image dataset for evaluation semantic segmentation, object detection and radiomic feature extraction of perihematomal edema in spontaneous …",
      "url": "https://scholar.google.com/citations?view_op=view_citation&hl=en&user=-rII64QAAAAJ&citation_for_view=-rII64QAAAAJ:u-x6o8ySG0sC",
      "authors": "D Ma, C Li, T Du, L Qiao, D Tang, Z Ma, L Shi, G Lu, Q Meng, Z Chen, ...",
      "venue": "Computers in Biology and Medicine 173, 108342, 2024",
      "year": 2024,
      "citations": 10
    },
    {
      "title": "AATCT-IDS: A benchmark Abdominal Adipose Tissue CT Image Dataset for image denoising, semantic segmentation, and radiomics evaluation",
      "url": "https://scholar.google.com/citations?view_op=view_citation&hl=en&user=-rII64QAAAAJ&citation_for_view=-rII64QAAAAJ:d1gkVwhDpl0C",
      "authors": "Z Ma, C Li, T Du, L Zhang, D Tang, D Ma, S Huang, Y Liu, Y Sun, Z Chen, ...",
      "venue": "Computers in Biology and Medicine 177, 108628, 2024",
      "year": 2024,
      "citations": 8
    },
    {
      "title": "EBHI-Seg: A novel enteroscope biopsy histopathological hematoxylin and eosin image dataset for image segmentation tasks",
      "url": "https://scholar.google.com/citations?view_op=view_citation&hl=en&user=-rII64QAAAAJ&citation_for_view=-rII64QAAAAJ:9yKSN-GCB0IC",
      "authors": "L Shi, X Li, W Hu, H Chen, J Chen, Z Fan, M Gao, Y Jing, G Lu, D Ma, ...",
      "venue": "Frontiers in Medicine 10, 1114673, 2023",
      "year": 2023,
      "citations": 47
    }
  ],
  "co_authors": []
}