{
  "author_info": {
    "name": "Sensen Gao",
    "affiliation": "MBZUAI",
    "email_verified": "Verified email at mbzuai.ac.ae - Homepage",
    "website": "https://sensengao.github.io/",
    "interests": [
      "Computer Vision"
    ],
    "photo_url": "https://scholar.googleusercontent.com/citations?view_op=view_photo&user=-UkpA7oAAAAJ&citpid=5"
  },
  "citation_stats": {
    "citations_all": 119,
    "citations_since_2020": 119,
    "h_index_all": 5,
    "h_index_since_2020": 5,
    "i10_index_all": 4,
    "i10_index_since_2020": 4,
    "citation_graph": [
      {
        "year": 2024,
        "citations": 15
      },
      {
        "year": 2025,
        "citations": 104
      }
    ]
  },
  "papers": [
    {
      "title": "Adversarial Attacks against Closed-Source MLLMs via Feature Optimal Alignment",
      "url": "https://scholar.google.com/citations?view_op=view_citation&hl=en&user=-UkpA7oAAAAJ&citation_for_view=-UkpA7oAAAAJ:WF5omc3nYNoC",
      "authors": "X Jia, S Gao, S Qin, T Pang, C Du, Y Huang, X Li, Y Li, B Li, Y Liu",
      "venue": "NeurIPS2025, 2025",
      "year": 2025,
      "citations": 10
    },
    {
      "title": "Semantic-Aligned Adversarial Evolution Triangle for High-Transferability Vision-Language Attack",
      "url": "https://scholar.google.com/citations?view_op=view_citation&hl=en&user=-UkpA7oAAAAJ&citation_for_view=-UkpA7oAAAAJ:LkGwnXOMwfcC",
      "authors": "X Jia*, S Gao*, Q Guo, K Ma, Y Huang, S Qin, Y Liu, X Cao",
      "venue": "TPAMI2025, 2025",
      "year": 2025,
      "citations": 8
    },
    {
      "title": "Evolution-based Region Adversarial Prompt Learning for Robustness Enhancement in Vision-Language Models",
      "url": "https://scholar.google.com/citations?view_op=view_citation&hl=en&user=-UkpA7oAAAAJ&citation_for_view=-UkpA7oAAAAJ:YsMSGLbcyi4C",
      "authors": "X Jia*, S Gao*, S Qin, K Ma, X Li, Y Huang, W Dong, Y Liu, X Cao",
      "venue": "arXiv preprint arXiv:2503.12874, 2025",
      "year": 2025,
      "citations": 4
    },
    {
      "title": "Ovis2. 5 technical report",
      "url": "https://scholar.google.com/citations?view_op=view_citation&hl=en&user=-UkpA7oAAAAJ&citation_for_view=-UkpA7oAAAAJ:roLk4NBRz8UC",
      "authors": "S Lu, Y Li, Y Xia, Y Hu, S Zhao, Y Ma, Z Wei, Y Li, L Duan, J Zhao, Y Han, ...",
      "venue": "arXiv preprint arXiv:2508.11737, 2025",
      "year": 2025,
      "citations": 2
    },
    {
      "title": "Hyper3d: Efficient 3d representation via hybrid triplane and octree feature for enhanced 3d shape variational auto-encoders",
      "url": "https://scholar.google.com/citations?view_op=view_citation&hl=en&user=-UkpA7oAAAAJ&citation_for_view=-UkpA7oAAAAJ:W7OEmFMy1HYC",
      "authors": "J Guo, S Gao, JW Bian, W Sun, H Zheng, R Jia, M Gong",
      "venue": "arXiv preprint arXiv:2503.10403, 2025",
      "year": 2025,
      "citations": 1
    },
    {
      "title": "Scaling Beyond Context: A Survey of Multimodal Retrieval-Augmented Generation for Document Understanding",
      "url": "https://scholar.google.com/citations?view_op=view_citation&hl=en&user=-UkpA7oAAAAJ&citation_for_view=-UkpA7oAAAAJ:UebtZRa9Y70C",
      "authors": "S Gao, S Zhao, X Jiang, L Duan, YX Chng, QG Chen, W Luo, K Zhang, ...",
      "venue": "arXiv preprint arXiv:2510.15253, 2025",
      "year": 2025,
      "citations": 0
    },
    {
      "title": "Boosting transferability in vision-language attacks via diversification along the intersection region of adversarial trajectory",
      "url": "https://scholar.google.com/citations?view_op=view_citation&hl=en&user=-UkpA7oAAAAJ&citation_for_view=-UkpA7oAAAAJ:Y0pCki6q_DkC",
      "authors": "S Gao, X Jia, X Ren, I Tsang, Q Guo",
      "venue": "ECCV2024, 2024",
      "year": 2024,
      "citations": 45
    },
    {
      "title": "HTS-Attack: Heuristic Token Search for Jailbreaking Text-to-Image Models",
      "url": "https://scholar.google.com/citations?view_op=view_citation&hl=en&user=-UkpA7oAAAAJ&citation_for_view=-UkpA7oAAAAJ:ufrVoPGSRksC",
      "authors": "S Gao, X Jia, Y Huang, R Duan, J Gu, Y Bai, Y Liu, Q Guo",
      "venue": "arXiv preprint arXiv:2408.13896, 2024",
      "year": 2024,
      "citations": 31
    },
    {
      "title": "Towards transferable attacks against vision-llms in autonomous driving with typography",
      "url": "https://scholar.google.com/citations?view_op=view_citation&hl=en&user=-UkpA7oAAAAJ&citation_for_view=-UkpA7oAAAAJ:2osOgNQ5qMEC",
      "authors": "N Chung, S Gao, TA Vu, J Zhang, A Liu, Y Lin, JS Dong, Q Guo",
      "venue": "arXiv preprint arXiv:2405.14169, 2024",
      "year": 2024,
      "citations": 16
    },
    {
      "title": "Exploring Scaffolding Techniques for Agent-Administered Brief Cognitive Screening in Hospital Settings",
      "url": "https://scholar.google.com/citations?view_op=view_citation&hl=en&user=-UkpA7oAAAAJ&citation_for_view=-UkpA7oAAAAJ:qjMakFHDy7sC",
      "authors": "D Liu, S Gao, Z Chen, Y Shen, C Shi, BE Shi, X Ma",
      "venue": "DIS2024, 2024",
      "year": 2024,
      "citations": 2
    }
  ],
  "co_authors": []
}