{
  "author_info": {
    "name": "Dr Tomas Jakab",
    "affiliation": "Postdoc, VGG, University of Oxford",
    "email_verified": "Verified email at robots.ox.ac.uk - Homepage",
    "website": "http://www.robots.ox.ac.uk/~tomj/",
    "interests": [
      "Computer Vision",
      "Machine Learning"
    ],
    "photo_url": "https://scholar.googleusercontent.com/citations?view_op=view_photo&user=-gFCCLMAAAAJ&citpid=4"
  },
  "citation_stats": {
    "citations_all": 783,
    "citations_since_2020": 755,
    "h_index_all": 7,
    "h_index_since_2020": 7,
    "i10_index_all": 7,
    "i10_index_since_2020": 7,
    "citation_graph": [
      {
        "year": 2018,
        "citations": 3
      },
      {
        "year": 2019,
        "citations": 24
      },
      {
        "year": 2020,
        "citations": 59
      },
      {
        "year": 2021,
        "citations": 95
      },
      {
        "year": 2022,
        "citations": 114
      },
      {
        "year": 2023,
        "citations": 134
      },
      {
        "year": 2024,
        "citations": 177
      },
      {
        "year": 2025,
        "citations": 172
      }
    ]
  },
  "papers": [
    {
      "title": "DualPM: dual posed-canonical point maps for 3D shape and pose reconstruction",
      "url": "https://scholar.google.com/citations?view_op=view_citation&hl=en&user=-gFCCLMAAAAJ&citation_for_view=-gFCCLMAAAAJ:e5wmG9Sq2KIC",
      "authors": "B Kaye, T Jakab, S Wu, C Ruprecht, A Vedaldi",
      "venue": "Proceedings of the Computer Vision and Pattern Recognition Conference, 6425-6435, 2025",
      "year": 2025,
      "citations": 6
    },
    {
      "title": "VMem: Consistent Interactive Video Scene Generation with Surfel-Indexed View Memory",
      "url": "https://scholar.google.com/citations?view_op=view_citation&hl=en&user=-gFCCLMAAAAJ&citation_for_view=-gFCCLMAAAAJ:_Qo2XoVZTnwC",
      "authors": "R Li, P Torr, A Vedaldi, T Jakab",
      "venue": "arXiv preprint arXiv:2506.18903, 2025",
      "year": 2025,
      "citations": 5
    },
    {
      "title": "Dreamhoi: Subject-driven generation of 3d human-object interactions with diffusion priors",
      "url": "https://scholar.google.com/citations?view_op=view_citation&hl=en&user=-gFCCLMAAAAJ&citation_for_view=-gFCCLMAAAAJ:HDshCWvjkbEC",
      "authors": "H Zhu, R Li, T Jakab",
      "venue": "Proceedings of the IEEE/CVF International Conference on Computer Vision …, 2025",
      "year": 2025,
      "citations": 4
    },
    {
      "title": "DreamBeast: Distilling 3D Fantastical Animals with Part-Aware Knowledge Transfer",
      "url": "https://scholar.google.com/citations?view_op=view_citation&hl=en&user=-gFCCLMAAAAJ&citation_for_view=-gFCCLMAAAAJ:TQgYirikUcIC",
      "authors": "R Li, J Han, L Melas-Kyriazi, C Sun, Z An, Z Gui, S Sun, P Torr, T Jakab",
      "venue": "2025 International Conference on 3D Vision (3DV), 1243-1252, 2025",
      "year": 2025,
      "citations": 1
    },
    {
      "title": "Farm3d: Learning articulated 3d animals by distilling 2d diffusion",
      "url": "https://scholar.google.com/citations?view_op=view_citation&hl=en&user=-gFCCLMAAAAJ&citation_for_view=-gFCCLMAAAAJ:qUcmZB5y_30C",
      "authors": "T Jakab, R Li, S Wu, C Rupprecht, A Vedaldi",
      "venue": "2024 International Conference on 3D Vision (3DV), 852-861, 2024",
      "year": 2024,
      "citations": 36
    },
    {
      "title": "Learning the 3d fauna of the web",
      "url": "https://scholar.google.com/citations?view_op=view_citation&hl=en&user=-gFCCLMAAAAJ&citation_for_view=-gFCCLMAAAAJ:hFOr9nPyWt4C",
      "authors": "Z Li, D Litvak, R Li, Y Zhang, T Jakab, C Rupprecht, S Wu, A Vedaldi, ...",
      "venue": "Proceedings of the IEEE/CVF Conference on Computer Vision and Pattern …, 2024",
      "year": 2024,
      "citations": 36
    },
    {
      "title": "Instant uncertainty calibration of NeRFs using a meta-calibrator",
      "url": "https://scholar.google.com/citations?view_op=view_citation&hl=en&user=-gFCCLMAAAAJ&citation_for_view=-gFCCLMAAAAJ:mB3voiENLucC",
      "authors": "N Amini-Naieni, T Jakab, A Vedaldi, R Clark",
      "venue": "European Conference on Computer Vision, 309-324, 2024",
      "year": 2024,
      "citations": 3
    },
    {
      "title": "Scene-conditional 3d object stylization and composition",
      "url": "https://scholar.google.com/citations?view_op=view_citation&hl=en&user=-gFCCLMAAAAJ&citation_for_view=-gFCCLMAAAAJ:-f6ydRqryjwC",
      "authors": "J Zhou, T Jakab, P Torr, C Rupprecht",
      "venue": "European Conference on Computer Vision, 289-305, 2024",
      "year": 2024,
      "citations": 3
    },
    {
      "title": "Magicpony: Learning articulated 3d animals in the wild",
      "url": "https://scholar.google.com/citations?view_op=view_citation&hl=en&user=-gFCCLMAAAAJ&citation_for_view=-gFCCLMAAAAJ:IWHjjKOFINEC",
      "authors": "S Wu, R Li, T Jakab, C Rupprecht, A Vedaldi",
      "venue": "Proceedings of the IEEE/CVF Conference on Computer Vision and Pattern …, 2023",
      "year": 2023,
      "citations": 99
    },
    {
      "title": "Dove: Learning deformable 3d objects by watching videos",
      "url": "https://scholar.google.com/citations?view_op=view_citation&hl=en&user=-gFCCLMAAAAJ&citation_for_view=-gFCCLMAAAAJ:mVmsd5A6BfQC",
      "authors": "S Wu, T Jakab, C Rupprecht, A Vedaldi",
      "venue": "International Journal of Computer Vision 131 (10), 2623-2634, 2023",
      "year": 2023,
      "citations": 72
    },
    {
      "title": "Keypointdeformer: Unsupervised 3d keypoint discovery for shape control",
      "url": "https://scholar.google.com/citations?view_op=view_citation&hl=en&user=-gFCCLMAAAAJ&citation_for_view=-gFCCLMAAAAJ:4DMP91E08xMC",
      "authors": "T Jakab, R Tucker, A Makadia, J Wu, N Snavely, A Kanazawa",
      "venue": "Proceedings of the IEEE/CVF Conference on Computer Vision and Pattern …, 2021",
      "year": 2021,
      "citations": 80
    },
    {
      "title": "Self-supervised learning of structural representations of visual objects",
      "url": "https://scholar.google.com/citations?view_op=view_citation&hl=en&user=-gFCCLMAAAAJ&citation_for_view=-gFCCLMAAAAJ:ZeXyd9-uunAC",
      "authors": "T Jakab",
      "venue": "University of Oxford, 2021",
      "year": 2021,
      "citations": 0
    },
    {
      "title": "Self-supervised learning of interpretable keypoints from unlabelled videos",
      "url": "https://scholar.google.com/citations?view_op=view_citation&hl=en&user=-gFCCLMAAAAJ&citation_for_view=-gFCCLMAAAAJ:qxL8FJ1GzNcC",
      "authors": "T Jakab, A Gupta, H Bilen, A Vedaldi",
      "venue": "Proceedings of the IEEE/CVF Conference on Computer Vision and Pattern …, 2020",
      "year": 2020,
      "citations": 117
    },
    {
      "title": "Unsupervised Learning of Object Landmarks through Conditional Image Generation",
      "url": "https://scholar.google.com/citations?view_op=view_citation&hl=en&user=-gFCCLMAAAAJ&citation_for_view=-gFCCLMAAAAJ:Zph67rFs4hoC",
      "authors": "T Jakab, A Gupta, H Bilen, A Vedaldi",
      "venue": "Advances in Neural Information Processing Systems 31, 2018",
      "year": 2018,
      "citations": 321
    },
    {
      "title": "VMem: Consistent Interactive Video Scene Generation with Surfel-Indexed View Memory",
      "url": "https://scholar.google.com/citations?view_op=view_citation&hl=en&user=-gFCCLMAAAAJ&citation_for_view=-gFCCLMAAAAJ:RHpTSmoSYBkC",
      "authors": "RLPTA Vedaldi, T Jakab",
      "venue": "",
      "citations": 0
    }
  ],
  "co_authors": []
}