{
  "author_info": {
    "name": "Luce Morin",
    "affiliation": "Professor, Insa Rennes",
    "email_verified": "Verified email at insa-rennes.fr",
    "interests": [
      "Image processing",
      "Computer vision",
      "Video compression"
    ],
    "photo_url": "https://scholar.googleusercontent.com/citations?view_op=view_photo&user=-jmN3DQAAAAJ&citpid=1"
  },
  "citation_stats": {
    "citations_all": 2335,
    "citations_since_2020": 1012,
    "h_index_all": 25,
    "h_index_since_2020": 15,
    "i10_index_all": 65,
    "i10_index_since_2020": 27,
    "citation_graph": [
      {
        "year": 1992,
        "citations": 15
      },
      {
        "year": 1993,
        "citations": 29
      },
      {
        "year": 1994,
        "citations": 18
      },
      {
        "year": 1995,
        "citations": 20
      },
      {
        "year": 1996,
        "citations": 13
      },
      {
        "year": 1997,
        "citations": 12
      },
      {
        "year": 1998,
        "citations": 19
      },
      {
        "year": 1999,
        "citations": 13
      },
      {
        "year": 2000,
        "citations": 14
      },
      {
        "year": 2001,
        "citations": 24
      },
      {
        "year": 2002,
        "citations": 18
      },
      {
        "year": 2003,
        "citations": 11
      },
      {
        "year": 2004,
        "citations": 22
      },
      {
        "year": 2005,
        "citations": 29
      },
      {
        "year": 2006,
        "citations": 60
      },
      {
        "year": 2007,
        "citations": 30
      },
      {
        "year": 2008,
        "citations": 21
      },
      {
        "year": 2009,
        "citations": 43
      },
      {
        "year": 2010,
        "citations": 23
      },
      {
        "year": 2011,
        "citations": 59
      },
      {
        "year": 2012,
        "citations": 67
      },
      {
        "year": 2013,
        "citations": 77
      },
      {
        "year": 2014,
        "citations": 77
      },
      {
        "year": 2015,
        "citations": 85
      },
      {
        "year": 2016,
        "citations": 99
      },
      {
        "year": 2017,
        "citations": 100
      },
      {
        "year": 2018,
        "citations": 143
      },
      {
        "year": 2019,
        "citations": 161
      },
      {
        "year": 2020,
        "citations": 159
      },
      {
        "year": 2021,
        "citations": 183
      },
      {
        "year": 2022,
        "citations": 156
      },
      {
        "year": 2023,
        "citations": 158
      },
      {
        "year": 2024,
        "citations": 175
      },
      {
        "year": 2025,
        "citations": 173
      }
    ]
  },
  "papers": [
    {
      "title": "Quality assessment of DIBR-synthesized views: An overview",
      "url": "https://scholar.google.com/citations?view_op=view_citation&hl=en&user=-jmN3DQAAAAJ&citation_for_view=-jmN3DQAAAAJ:j8SEvjWlNXcC",
      "authors": "S Tian, L Zhang, W Zou, X Li, T Su, L Morin, O Deforges",
      "venue": "Neurocomputing 423, 158-178, 2021",
      "year": 2021,
      "citations": 34
    },
    {
      "title": "A benchmark of DIBR synthesized view quality assessment metrics on a new database for immersive media applications",
      "url": "https://scholar.google.com/citations?view_op=view_citation&hl=en&user=-jmN3DQAAAAJ&citation_for_view=-jmN3DQAAAAJ:ZfRJV9d4-WMC",
      "authors": "S Tian, L Zhang, L Morin, O Déforges",
      "venue": "IEEE Transactions on Multimedia 21 (5), 1235-1247, 2018",
      "year": 2018,
      "citations": 59
    },
    {
      "title": "NIQSV+: A no-reference synthesized view quality assessment metric",
      "url": "https://scholar.google.com/citations?view_op=view_citation&hl=en&user=-jmN3DQAAAAJ&citation_for_view=-jmN3DQAAAAJ:1yQoGdGgb4wC",
      "authors": "S Tian, L Zhang, L Morin, O Déforges",
      "venue": "IEEE Transactions on Image Processing 27 (4), 1652-1664, 2017",
      "year": 2017,
      "citations": 98
    },
    {
      "title": "NIQSV: A no reference image quality assessment metric for 3D synthesized views",
      "url": "https://scholar.google.com/citations?view_op=view_citation&hl=en&user=-jmN3DQAAAAJ&citation_for_view=-jmN3DQAAAAJ:LjlpjdlvIbIC",
      "authors": "S Tian, L Zhang, L Morin, O Deforges",
      "venue": "2017 IEEE International Conference on Acoustics, Speech and Signal …, 2017",
      "year": 2017,
      "citations": 61
    },
    {
      "title": "Study of the impact of standard image compression techniques on performance of image classification with a convolutional neural network",
      "url": "https://scholar.google.com/citations?view_op=view_citation&hl=en&user=-jmN3DQAAAAJ&citation_for_view=-jmN3DQAAAAJ:PR6Y55bgFSsC",
      "authors": "M Dejean-Servières, K Desnos, K Abdelouahab, W Hamidouche, L Morin, ...",
      "venue": "INSA Rennes; Univ Rennes; IETR; Institut Pascal, 2017",
      "year": 2017,
      "citations": 37
    },
    {
      "title": "Hybrid approach for fast occlusion processing in computer-generated hologram calculation",
      "url": "https://scholar.google.com/citations?view_op=view_citation&hl=en&user=-jmN3DQAAAAJ&citation_for_view=-jmN3DQAAAAJ:t6usbXjVLHcC",
      "authors": "A Gilles, P Gioia, R Cozot, L Morin",
      "venue": "Applied optics 55 (20), 5459-5470, 2016",
      "year": 2016,
      "citations": 75
    },
    {
      "title": "Computer generated hologram from multiview-plus-depth data considering specular reflections",
      "url": "https://scholar.google.com/citations?view_op=view_citation&hl=en&user=-jmN3DQAAAAJ&citation_for_view=-jmN3DQAAAAJ:Mojj43d5GZwC",
      "authors": "A Gilles, P Gioia, R Cozot, L Morin",
      "venue": "2016 IEEE International Conference on Multimedia & Expo Workshops (ICMEW), 1-6, 2016",
      "year": 2016,
      "citations": 60
    },
    {
      "title": "Wavelet compression of digital holograms: towards a view-dependent framework",
      "url": "https://scholar.google.com/citations?view_op=view_citation&hl=en&user=-jmN3DQAAAAJ&citation_for_view=-jmN3DQAAAAJ:xtRiw3GOFMkC",
      "authors": "K Viswanathan, P Gioia, L Morin",
      "venue": "Applications of Digital Image Processing XXXVI 8856, 539-548, 2013",
      "year": 2013,
      "citations": 43
    },
    {
      "title": "Objective view synthesis quality assessment",
      "url": "https://scholar.google.com/citations?view_op=view_citation&hl=en&user=-jmN3DQAAAAJ&citation_for_view=-jmN3DQAAAAJ:hC7cP41nSMkC",
      "authors": "PH Conze, P Robert, L Morin",
      "venue": "Stereoscopic Displays and Applications XXIII 8288, 557-570, 2012",
      "year": 2012,
      "citations": 90
    },
    {
      "title": "Visual quality assessment of synthesized views in the context of 3D-TV",
      "url": "https://scholar.google.com/citations?view_op=view_citation&hl=en&user=-jmN3DQAAAAJ&citation_for_view=-jmN3DQAAAAJ:ZHo1McVdvXMC",
      "authors": "E Bosc, P Le Callet, L Morin, M Pressigout",
      "venue": "3D-TV System with Depth-Image-Based Rendering: Architectures, Techniques and …, 2012",
      "year": 2012,
      "citations": 44
    },
    {
      "title": "An edge-based structural distortion indicator for the quality assessment of 3D synthesized views",
      "url": "https://scholar.google.com/citations?view_op=view_citation&hl=en&user=-jmN3DQAAAAJ&citation_for_view=-jmN3DQAAAAJ:fPk4N6BV_jEC",
      "authors": "E Bosc, P Le Callet, L Morin, M Pressigout",
      "venue": "2012 Picture Coding Symposium, 249-252, 2012",
      "year": 2012,
      "citations": 32
    },
    {
      "title": "Towards a new quality metric for 3-D synthesized view assessment",
      "url": "https://scholar.google.com/citations?view_op=view_citation&hl=en&user=-jmN3DQAAAAJ&citation_for_view=-jmN3DQAAAAJ:YsMSGLbcyi4C",
      "authors": "E Bosc, R Pepion, P Le Callet, M Koppel, P Ndjiki-Nya, M Pressigout, ...",
      "venue": "IEEE Journal of Selected Topics in Signal Processing 5 (7), 1332-1343, 2011",
      "year": 2011,
      "citations": 275
    },
    {
      "title": "Bit-rate allocation for multi-view video plus depth",
      "url": "https://scholar.google.com/citations?view_op=view_citation&hl=en&user=-jmN3DQAAAAJ&citation_for_view=-jmN3DQAAAAJ:8k81kl-MbHgC",
      "authors": "E Bosc, V Jantet, M Pressigout, L Morin, C Guillemot",
      "venue": "2011 3DTV Conference: The True Vision-Capture, Transmission and Display of …, 2011",
      "year": 2011,
      "citations": 38
    },
    {
      "title": "Can 3D synthesized views be reliably assessed through usual subjective and objective evaluation protocols?",
      "url": "https://scholar.google.com/citations?view_op=view_citation&hl=en&user=-jmN3DQAAAAJ&citation_for_view=-jmN3DQAAAAJ:0EnyYjriUFMC",
      "authors": "E Bosc, M Köppel, R Pépion, M Pressigout, L Morin, P Ndjiki-Nya, ...",
      "venue": "2011 18th IEEE International Conference on Image Processing, 2597-2600, 2011",
      "year": 2011,
      "citations": 34
    },
    {
      "title": "Object-based layered depth images for improved virtual view synthesis in rate-constrained context",
      "url": "https://scholar.google.com/citations?view_op=view_citation&hl=en&user=-jmN3DQAAAAJ&citation_for_view=-jmN3DQAAAAJ:hFOr9nPyWt4C",
      "authors": "V Jantet, C Guillemot, L Morin",
      "venue": "2011 18th IEEE International Conference on Image Processing, 125-128, 2011",
      "year": 2011,
      "citations": 32
    },
    {
      "title": "One-dimensional dense disparity estimation for three-dimensional reconstruction",
      "url": "https://scholar.google.com/citations?view_op=view_citation&hl=en&user=-jmN3DQAAAAJ&citation_for_view=-jmN3DQAAAAJ:Y0pCki6q_DkC",
      "authors": "L Oisel, É Mémin, L Morin, F Galpin",
      "venue": "IEEE Transactions on Image Processing 12 (9), 1107-1119, 2003",
      "year": 2003,
      "citations": 33
    },
    {
      "title": "Quelques contributions des invariants projectifs à la vision par ordinateur",
      "url": "https://scholar.google.com/citations?view_op=view_citation&hl=en&user=-jmN3DQAAAAJ&citation_for_view=-jmN3DQAAAAJ:JoZmwDi-zQgC",
      "authors": "L Morin",
      "venue": "Institut National Polytechnique de Grenoble-INPG, 1993",
      "year": 1993,
      "citations": 39
    },
    {
      "title": "Random cross ratios",
      "url": "https://scholar.google.com/citations?view_op=view_citation&hl=en&user=-jmN3DQAAAAJ&citation_for_view=-jmN3DQAAAAJ:UeHWp8X0CEIC",
      "authors": "K Aastrom, L Morin",
      "venue": "",
      "citations": 45,
      "year": 1992
    },
    {
      "title": "Relative positioning with uncalibrated cameras",
      "url": "https://scholar.google.com/citations?view_op=view_citation&hl=en&user=-jmN3DQAAAAJ&citation_for_view=-jmN3DQAAAAJ:IjCSPb-OGe4C",
      "authors": "R Mohr, L Morin, E Grosso",
      "venue": "Geometric invariance in computer vision, 440--460, 1992",
      "year": 1992,
      "citations": 38
    },
    {
      "title": "Relative positioning from geometric invariants.",
      "url": "https://scholar.google.com/citations?view_op=view_citation&hl=en&user=-jmN3DQAAAAJ&citation_for_view=-jmN3DQAAAAJ:qjMakFHDy7sC",
      "authors": "R Mohr, L Morin",
      "venue": "CVPR 91, 139-144, 1991",
      "year": 1991,
      "citations": 65
    }
  ],
  "co_authors": []
}