{
  "author_info": {
    "name": "Heikki Kälviäinen",
    "affiliation": "Professor of Computer Science and Engineering, Lappeenranta-Lahti University of Technology (LUT)",
    "email_verified": "Verified email at lut.fi - Homepage",
    "website": "https://research.lut.fi/converis/portal/detail/Person/178848?auxfun=&lang=en_GB",
    "interests": [
      "Computer Vision",
      "Machine Learning",
      "Pattern Recognition",
      "Machine Vision",
      "Animal Biometrics"
    ],
    "photo_url": "https://scholar.googleusercontent.com/citations?view_op=view_photo&user=0FEARkUAAAAJ&citpid=4"
  },
  "citation_stats": {
    "citations_all": 7140,
    "citations_since_2020": 2328,
    "h_index_all": 39,
    "h_index_since_2020": 21,
    "i10_index_all": 110,
    "i10_index_since_2020": 48,
    "citation_graph": [
      {
        "year": 1996,
        "citations": 25
      },
      {
        "year": 1997,
        "citations": 20
      },
      {
        "year": 1998,
        "citations": 25
      },
      {
        "year": 1999,
        "citations": 27
      },
      {
        "year": 2000,
        "citations": 50
      },
      {
        "year": 2001,
        "citations": 45
      },
      {
        "year": 2002,
        "citations": 68
      },
      {
        "year": 2003,
        "citations": 81
      },
      {
        "year": 2004,
        "citations": 94
      },
      {
        "year": 2005,
        "citations": 128
      },
      {
        "year": 2006,
        "citations": 160
      },
      {
        "year": 2007,
        "citations": 203
      },
      {
        "year": 2008,
        "citations": 223
      },
      {
        "year": 2009,
        "citations": 272
      },
      {
        "year": 2010,
        "citations": 283
      },
      {
        "year": 2011,
        "citations": 288
      },
      {
        "year": 2012,
        "citations": 271
      },
      {
        "year": 2013,
        "citations": 313
      },
      {
        "year": 2014,
        "citations": 306
      },
      {
        "year": 2015,
        "citations": 367
      },
      {
        "year": 2016,
        "citations": 330
      },
      {
        "year": 2017,
        "citations": 329
      },
      {
        "year": 2018,
        "citations": 393
      },
      {
        "year": 2019,
        "citations": 394
      },
      {
        "year": 2020,
        "citations": 415
      },
      {
        "year": 2021,
        "citations": 354
      },
      {
        "year": 2022,
        "citations": 394
      },
      {
        "year": 2023,
        "citations": 388
      },
      {
        "year": 2024,
        "citations": 382
      },
      {
        "year": 2025,
        "citations": 390
      }
    ]
  },
  "papers": [
    {
      "title": "Siamese network based pelage pattern matching for ringed seal re-identification",
      "url": "https://scholar.google.com/citations?view_op=view_citation&hl=en&user=0FEARkUAAAAJ&citation_for_view=0FEARkUAAAAJ:HbR8gkJAVGIC",
      "authors": "E Nepovinnykh, T Eerola, H Kalviainen",
      "venue": "Proceedings of the IEEE/CVF winter conference on applications of computer …, 2020",
      "year": 2020,
      "citations": 59
    },
    {
      "title": "Comparison of bubble detectors and size distribution estimators",
      "url": "https://scholar.google.com/citations?view_op=view_citation&hl=en&user=0FEARkUAAAAJ&citation_for_view=0FEARkUAAAAJ:KUbvn5osdkgC",
      "authors": "J Ilonen, R Juránek, T Eerola, L Lensu, M Dubská, P Zemčík, H Kälviäinen",
      "venue": "Pattern Recognition Letters 101, 60-66, 2018",
      "year": 2018,
      "citations": 64
    },
    {
      "title": "Joint facial expression recognition and intensity estimation based on weighted votes of image sequences",
      "url": "https://scholar.google.com/citations?view_op=view_citation&hl=en&user=0FEARkUAAAAJ&citation_for_view=0FEARkUAAAAJ:ML0RJ9NH7IQC",
      "authors": "SKA Kamarol, MH Jaward, H Kälviäinen, J Parkkinen, R Parthiban",
      "venue": "Pattern Recognition Letters 92, 25-32, 2017",
      "year": 2017,
      "citations": 65
    },
    {
      "title": "Segmentation of overlapping elliptical objects in silhouette images",
      "url": "https://scholar.google.com/citations?view_op=view_citation&hl=en&user=0FEARkUAAAAJ&citation_for_view=0FEARkUAAAAJ:nrtMV_XWKgEC",
      "authors": "S Zafari, T Eerola, J Sampo, H Kälviäinen, H Haario",
      "venue": "IEEE Transactions on Image Processing 24 (12), 5942-5952, 2015",
      "year": 2015,
      "citations": 139
    },
    {
      "title": "Image feature localization by multiple hypothesis testing of Gabor features",
      "url": "https://scholar.google.com/citations?view_op=view_citation&hl=en&user=0FEARkUAAAAJ&citation_for_view=0FEARkUAAAAJ:YsMSGLbcyi4C",
      "authors": "J Ilonen, JK Kamarainen, P Paalanen, M Hamouz, J Kittler, H Kalviainen",
      "venue": "IEEE Transactions on Image Processing 17 (3), 311-325, 2008",
      "year": 2008,
      "citations": 74
    },
    {
      "title": "DIARETDB1 diabetic retinopathy database and evaluation protocol",
      "url": "https://scholar.google.com/citations?view_op=view_citation&hl=en&user=0FEARkUAAAAJ&citation_for_view=0FEARkUAAAAJ:blknAaTinKkC",
      "authors": "T Kauppi, V Kalesnykiene, JK Kamarainen, L Lensu, I Sorri, A Raninen, ...",
      "venue": "British Machine Vision Conference (BMVC) 1, 252-261, 2007",
      "year": 2007,
      "citations": 1236
    },
    {
      "title": "Invariance properties of Gabor filter-based features-overview and applications",
      "url": "https://scholar.google.com/citations?view_op=view_citation&hl=en&user=0FEARkUAAAAJ&citation_for_view=0FEARkUAAAAJ:u-x6o8ySG0sC",
      "authors": "JK Kamarainen, V Kyrki, H Kälviäinen",
      "venue": "IEEE Transactions on Image Processing 15 (5), 1088-1099, 2006",
      "year": 2006,
      "citations": 474
    },
    {
      "title": "DIARETDB0: Evaluation database and methodology for diabetic retinopathy algorithms",
      "url": "https://scholar.google.com/citations?view_op=view_citation&hl=en&user=0FEARkUAAAAJ&citation_for_view=0FEARkUAAAAJ:GnPB-g6toBAC",
      "authors": "T Kauppi, V Kalesnykiene, JK Kamarainen, L Lensu, I Sorri, H Uusitalo, ...",
      "venue": "Technical Report, Machine Vision and Pattern Recognition Research Group …, 2006",
      "year": 2006,
      "citations": 439
    },
    {
      "title": "Feature representation and discrimination based on Gaussian mixture model probability densities—Practices and algorithms",
      "url": "https://scholar.google.com/citations?view_op=view_citation&hl=en&user=0FEARkUAAAAJ&citation_for_view=0FEARkUAAAAJ:d1gkVwhDpl0C",
      "authors": "P Paalanen, JK Kamarainen, J Ilonen, H Kälviäinen",
      "venue": "Pattern Recognition 39 (7), 1346-1358, 2006",
      "year": 2006,
      "citations": 219
    },
    {
      "title": "Feature-based affine-invariant localization of faces",
      "url": "https://scholar.google.com/citations?view_op=view_citation&hl=en&user=0FEARkUAAAAJ&citation_for_view=0FEARkUAAAAJ:9yKSN-GCB0IC",
      "authors": "M Hamouz, J Kittler, JK Kamarainen, P Paalanen, H Kälviäinen, J Matas",
      "venue": "IEEE Transactions on Pattern Analysis and Machine Intelligence 27 (9), 1490-1495, 2005",
      "year": 2005,
      "citations": 201
    },
    {
      "title": "Diagnosis tool for motor condition monitoring",
      "url": "https://scholar.google.com/citations?view_op=view_citation&hl=en&user=0FEARkUAAAAJ&citation_for_view=0FEARkUAAAAJ:UeHWp8X0CEIC",
      "authors": "J Ilonen, JK Kamarainen, T Lindh, J Ahola, H Kälviäinen, J Partanen",
      "venue": "IEEE Transactions on Industry Applications 41 (4), 963-971, 2005",
      "year": 2005,
      "citations": 131
    },
    {
      "title": "Efficient computation of Gabor features",
      "url": "https://scholar.google.com/citations?view_op=view_citation&hl=en&user=0FEARkUAAAAJ&citation_for_view=0FEARkUAAAAJ:RYcK_YlVTxYC",
      "authors": "J Ilonen, JK Kämäräinen, H Kälviäinen",
      "venue": "Research Report 100, Lappeenranta University of Technology, 2005",
      "year": 2005,
      "citations": 78
    },
    {
      "title": "Simple Gabor feature space for invariant object recognition",
      "url": "https://scholar.google.com/citations?view_op=view_citation&hl=en&user=0FEARkUAAAAJ&citation_for_view=0FEARkUAAAAJ:u5HHmVD_uO8C",
      "authors": "V Kyrki, JK Kamarainen, H Kälviäinen",
      "venue": "Pattern Recognition Letters 25 (3), 311-318, 2004",
      "year": 2004,
      "citations": 313
    },
    {
      "title": "Color features for quality control in ceramic tile industry",
      "url": "https://scholar.google.com/citations?view_op=view_citation&hl=en&user=0FEARkUAAAAJ&citation_for_view=0FEARkUAAAAJ:NMxIlDl6LWMC",
      "authors": "S Kukkonen, HA Kälviäinen, JPS Parkkinen",
      "venue": "Optical Engineering 40 (2), 170-178, 2001",
      "year": 2001,
      "citations": 78
    },
    {
      "title": "A State-of-the-practice Survey on Requirements Engineering in Small-and Medium-sized Enterprises",
      "url": "https://scholar.google.com/citations?view_op=view_citation&hl=en&user=0FEARkUAAAAJ&citation_for_view=0FEARkUAAAAJ:M3NEmzRMIkIC",
      "authors": "U Nikula, J Sajaniemi, H Kälviäinen",
      "venue": "Research Report, Lappeenranta University of Technology, 2000",
      "year": 2000,
      "citations": 147
    },
    {
      "title": "Randomized or probabilistic Hough transform: unified performance evaluation",
      "url": "https://scholar.google.com/citations?view_op=view_citation&hl=en&user=0FEARkUAAAAJ&citation_for_view=0FEARkUAAAAJ:JV2RwH3_ST0C",
      "authors": "N Kiryati, H Kälviäinen, S Alaoutinen",
      "venue": "Pattern Recognition Letters 21 (13-14), 1157-1164, 2000",
      "year": 2000,
      "citations": 113
    },
    {
      "title": "Compression of multispectral remote sensing images using clustering and spectral reduction",
      "url": "https://scholar.google.com/citations?view_op=view_citation&hl=en&user=0FEARkUAAAAJ&citation_for_view=0FEARkUAAAAJ:qjMakFHDy7sC",
      "authors": "A Kaarna, P Zemcik, H Kälviäinen, J Parkkinen",
      "venue": "IEEE Transactions on Geoscience and Remote Sensing 38 (2), 1073-1082, 2000",
      "year": 2000,
      "citations": 109
    },
    {
      "title": "Content-based matching of line-drawing images using the Hough transform",
      "url": "https://scholar.google.com/citations?view_op=view_citation&hl=en&user=0FEARkUAAAAJ&citation_for_view=0FEARkUAAAAJ:hMod-77fHWUC",
      "authors": "P Fränti, A Mednonogov, V Kyrki, H Kälviäinen",
      "venue": "International Journal on Document Analysis and Recognition 3 (2), 117-124, 2000",
      "year": 2000,
      "citations": 65
    },
    {
      "title": "An extension to the randomized Hough transform exploiting connectivity",
      "url": "https://scholar.google.com/citations?view_op=view_citation&hl=en&user=0FEARkUAAAAJ&citation_for_view=0FEARkUAAAAJ:2osOgNQ5qMEC",
      "authors": "H Kälviäinen, P Hirvonen",
      "venue": "Pattern Recognition Letters 18 (1), 77-85, 1997",
      "year": 1997,
      "citations": 65
    },
    {
      "title": "Probabilistic and non-probabilistic Hough transforms: overview and comparisons",
      "url": "https://scholar.google.com/citations?view_op=view_citation&hl=en&user=0FEARkUAAAAJ&citation_for_view=0FEARkUAAAAJ:maZDTaKrznsC",
      "authors": "H Kälviäinen, P Hirvonen, L Xu, E Oja",
      "venue": "Image and Vision Computing 13 (4), 239-252, 1995",
      "year": 1995,
      "citations": 362
    }
  ],
  "co_authors": [
    {
      "name": "Joni-Kristian Kämäräinen",
      "scholar_id": "r6Y4nacAAAAJ",
      "url": "https://scholar.google.com/citations?user=r6Y4nacAAAAJ"
    },
    {
      "name": "Lasse Lensu",
      "scholar_id": "dk2Ezl0AAAAJ",
      "url": "https://scholar.google.com/citations?user=dk2Ezl0AAAAJ"
    },
    {
      "name": "Tuomas Eerola",
      "scholar_id": "dq1L9hgAAAAJ",
      "url": "https://scholar.google.com/citations?user=dq1L9hgAAAAJ"
    },
    {
      "name": "Ville Kyrki",
      "scholar_id": "8OBnyXQAAAAJ",
      "url": "https://scholar.google.com/citations?user=8OBnyXQAAAAJ"
    },
    {
      "name": "Uusitalo Hannu",
      "scholar_id": "lNPWy-AAAAAJ",
      "url": "https://scholar.google.com/citations?user=lNPWy-AAAAAJ"
    },
    {
      "name": "Jussi Parkkinen",
      "scholar_id": "3OLDgDsAAAAJ",
      "url": "https://scholar.google.com/citations?user=3OLDgDsAAAAJ"
    },
    {
      "name": "heikki haario",
      "scholar_id": "p-y1OBgAAAAJ",
      "url": "https://scholar.google.com/citations?user=p-y1OBgAAAAJ"
    },
    {
      "name": "Ekaterina Nepovinnykh",
      "scholar_id": "lmYki4gAAAAJ",
      "url": "https://scholar.google.com/citations?user=lmYki4gAAAAJ"
    },
    {
      "name": "Arto Kaarna",
      "scholar_id": "utQiOQMAAAAJ",
      "url": "https://scholar.google.com/citations?user=utQiOQMAAAAJ"
    },
    {
      "name": "Erkki Oja",
      "scholar_id": "5m2QIMQAAAAJ",
      "url": "https://scholar.google.com/citations?user=5m2QIMQAAAAJ"
    },
    {
      "name": "Josef Kittler",
      "scholar_id": "pk-yb_kAAAAJ",
      "url": "https://scholar.google.com/citations?user=pk-yb_kAAAAJ"
    },
    {
      "name": "Miroslav Hamouz",
      "scholar_id": "bnAcDz8AAAAJ",
      "url": "https://scholar.google.com/citations?user=bnAcDz8AAAAJ"
    },
    {
      "name": "Sahar Zafari",
      "scholar_id": "l8yyVh0AAAAJ",
      "url": "https://scholar.google.com/citations?user=l8yyVh0AAAAJ"
    },
    {
      "name": "Pavel Zemcik",
      "scholar_id": "WK7-dIkAAAAJ",
      "url": "https://scholar.google.com/citations?user=WK7-dIkAAAAJ"
    },
    {
      "name": "Kaisa Kraft",
      "scholar_id": "03EayGsAAAAJ",
      "url": "https://scholar.google.com/citations?user=03EayGsAAAAJ"
    },
    {
      "name": "Lei Xu",
      "scholar_id": "rN2ny9kAAAAJ",
      "url": "https://scholar.google.com/citations?user=rN2ny9kAAAAJ"
    },
    {
      "name": "Heikki Handroos",
      "scholar_id": "D9yG2M4AAAAJ",
      "url": "https://scholar.google.com/citations?user=D9yG2M4AAAAJ"
    },
    {
      "name": "Xin Liu",
      "scholar_id": "xHkC5U0AAAAJ",
      "url": "https://scholar.google.com/citations?user=xHkC5U0AAAAJ"
    },
    {
      "name": "Nataliya Strokina",
      "scholar_id": "uhCgGkMAAAAJ",
      "url": "https://scholar.google.com/citations?user=uhCgGkMAAAAJ"
    },
    {
      "name": "Göte Nyman",
      "scholar_id": "FfIEMZIAAAAJ",
      "url": "https://scholar.google.com/citations?user=FfIEMZIAAAAJ"
    }
  ]
}