{
  "author_info": {
    "name": "Rui-Jie Zhu",
    "affiliation": "Ph.D. Student, University of California, Santa Cruz",
    "email_verified": "Verified email at ucsc.edu - Homepage",
    "website": "https://ruijie-zhu.github.io/",
    "interests": [
      "Brain-Inspired Engineering",
      "Language Modeling"
    ],
    "photo_url": "https://scholar.googleusercontent.com/citations?view_op=view_photo&user=08ITzJsAAAAJ&citpid=4"
  },
  "citation_stats": {
    "citations_all": 2014,
    "citations_since_2020": 2012,
    "h_index_all": 15,
    "h_index_since_2020": 15,
    "i10_index_all": 18,
    "i10_index_since_2020": 18,
    "citation_graph": [
      {
        "year": 2022,
        "citations": 5
      },
      {
        "year": 2023,
        "citations": 158
      },
      {
        "year": 2024,
        "citations": 682
      },
      {
        "year": 2025,
        "citations": 1153
      }
    ]
  },
  "papers": [
    {
      "title": "Magictime: Time-lapse video generation models as metamorphic simulators",
      "url": "https://scholar.google.com/citations?view_op=view_citation&hl=en&user=08ITzJsAAAAJ&citation_for_view=08ITzJsAAAAJ:4DMP91E08xMC",
      "authors": "S Yuan, J Huang, Y Shi, Y Xu, R Zhu, B Lin, X Cheng, L Yuan, J Luo",
      "venue": "IEEE Transactions on Pattern Analysis and Machine Intelligence, 2025",
      "year": 2025,
      "citations": 54
    },
    {
      "title": "A comprehensive survey on long context language modeling",
      "url": "https://scholar.google.com/citations?view_op=view_citation&hl=en&user=08ITzJsAAAAJ&citation_for_view=08ITzJsAAAAJ:RYcK_YlVTxYC",
      "authors": "J Liu, D Zhu, Z Bai, Y He, H Liao, H Que, Z Wang, C Zhang, G Zhang, ...",
      "venue": "arXiv preprint arXiv:2503.17407, 2025",
      "year": 2025,
      "citations": 50
    },
    {
      "title": "A survey on latent reasoning",
      "url": "https://scholar.google.com/citations?view_op=view_citation&hl=en&user=08ITzJsAAAAJ&citation_for_view=08ITzJsAAAAJ:M05iB0D1s5AC",
      "authors": "RJ Zhu, T Peng, T Cheng, X Qu, J Huang, D Zhu, H Wang, K Xue, ...",
      "venue": "arXiv preprint arXiv:2507.06203, 2025",
      "year": 2025,
      "citations": 22
    },
    {
      "title": "Quantized Spike-driven Transformer",
      "url": "https://scholar.google.com/citations?view_op=view_citation&hl=en&user=08ITzJsAAAAJ&citation_for_view=08ITzJsAAAAJ:maZDTaKrznsC",
      "authors": "X Qiu, J Zhang, W Wei, H Cao, J Guo, RJ Zhu, Y Shan, Y Yang, M Zhang, ...",
      "venue": "ICLR 2025, 2025",
      "year": 2025,
      "citations": 13
    },
    {
      "title": "Advancing Spiking Neural Networks towards Multiscale Spatiotemporal Interaction Learning",
      "url": "https://scholar.google.com/citations?view_op=view_citation&hl=en&user=08ITzJsAAAAJ&citation_for_view=08ITzJsAAAAJ:IWHjjKOFINEC",
      "authors": "Y Shan, M Zhang, R Zhu, X Qiu, JK Eshraghian, H Qu",
      "venue": "AAAI 2025, 2025",
      "year": 2025,
      "citations": 11
    },
    {
      "title": "SpikeGPT: Generative pre-trained language model with spiking neural networks",
      "url": "https://scholar.google.com/citations?view_op=view_citation&hl=en&user=08ITzJsAAAAJ&citation_for_view=08ITzJsAAAAJ:UeHWp8X0CEIC",
      "authors": "RJ Zhu, Q Zhao, G Li, JK Eshraghian",
      "venue": "TMLR, Invited to Present at ICLR 2025, 2024",
      "year": 2024,
      "citations": 179
    },
    {
      "title": "Eagle and finch: RWKV with matrix-valued states and dynamic recurrence",
      "url": "https://scholar.google.com/citations?view_op=view_citation&hl=en&user=08ITzJsAAAAJ&citation_for_view=08ITzJsAAAAJ:Wp0gIr-vW9MC",
      "authors": "B Peng, D Goldstein, Q Anthony, A Albalak, E Alcaide, S Biderman, ...",
      "venue": "COLM 2024, 2024",
      "year": 2024,
      "citations": 133
    },
    {
      "title": "TCJA-SNN: Temporal-channel joint attention for spiking neural networks",
      "url": "https://scholar.google.com/citations?view_op=view_citation&hl=en&user=08ITzJsAAAAJ&citation_for_view=08ITzJsAAAAJ:mVmsd5A6BfQC",
      "authors": "RJ Zhu, M Zhang, Q Zhao, H Deng, Y Duan, LJ Deng",
      "venue": "IEEE Transactions on Neural Networks and Learning Systems, 2024",
      "year": 2024,
      "citations": 126
    },
    {
      "title": "Gated attention coding for training high-performance and efficient spiking neural networks",
      "url": "https://scholar.google.com/citations?view_op=view_citation&hl=en&user=08ITzJsAAAAJ&citation_for_view=08ITzJsAAAAJ:dhFuZR0502QC",
      "authors": "X Qiu, RJ Zhu, Y Chou, Z Wang, L Deng, G Li",
      "venue": "AAAI 2024, 2024",
      "year": 2024,
      "citations": 75
    },
    {
      "title": "Scalable matmul-free language modeling",
      "url": "https://scholar.google.com/citations?view_op=view_citation&hl=en&user=08ITzJsAAAAJ&citation_for_view=08ITzJsAAAAJ:-f6ydRqryjwC",
      "authors": "RJ Zhu, Y Zhang, S Abreu, E Sifferman, T Sheaves, Y Wang, D Richmond, ...",
      "venue": "arXiv preprint arXiv:2406.02528, 2024",
      "year": 2024,
      "citations": 54
    },
    {
      "title": "Chronomagic-bench: A benchmark for metamorphic evaluation of text-to-time-lapse video generation",
      "url": "https://scholar.google.com/citations?view_op=view_citation&hl=en&user=08ITzJsAAAAJ&citation_for_view=08ITzJsAAAAJ:hFOr9nPyWt4C",
      "authors": "S Yuan, J Huang, Y Xu, Y Liu, S Zhang, Y Shi, R Zhu, X Cheng, J Luo, ...",
      "venue": "NeurIPS 2024 Spotlight, 2024",
      "year": 2024,
      "citations": 49
    },
    {
      "title": "Gated Slot Attention for Efficient Linear-Time Sequence Modeling",
      "url": "https://scholar.google.com/citations?view_op=view_citation&hl=en&user=08ITzJsAAAAJ&citation_for_view=08ITzJsAAAAJ:TQgYirikUcIC",
      "authors": "Y Zhang, S Yang, R Zhu, Y Zhang, L Cui, Y Wang, B Wang, F Shi, B Wang, ...",
      "venue": "NeurIPS 2024, 2024",
      "year": 2024,
      "citations": 44
    },
    {
      "title": "Optically tunable electrical oscillations in oxide‐based memristors for neuromorphic computing",
      "url": "https://scholar.google.com/citations?view_op=view_citation&hl=en&user=08ITzJsAAAAJ&citation_for_view=08ITzJsAAAAJ:7PzlFSSx8tAC",
      "authors": "SK Nath, SK Das, SK Nandi, C Xi, CV Marquez, A Rúa, M Uenuma, ...",
      "venue": "Advanced Materials 36 (25), 2400904, 2024",
      "year": 2024,
      "citations": 37
    },
    {
      "title": "Autonomous Driving with Spiking Neural Networks",
      "url": "https://scholar.google.com/citations?view_op=view_citation&hl=en&user=08ITzJsAAAAJ&citation_for_view=08ITzJsAAAAJ:hC7cP41nSMkC",
      "authors": "RJ Zhu, Z Wang, L Gilpin, JK Eshraghian",
      "venue": "NeurIPS 2024, 2024",
      "year": 2024,
      "citations": 30
    },
    {
      "title": "Tensor decomposition based attention module for spiking neural networks",
      "url": "https://scholar.google.com/citations?view_op=view_citation&hl=en&user=08ITzJsAAAAJ&citation_for_view=08ITzJsAAAAJ:Se3iqnhoufwC",
      "authors": "H Deng, R Zhu, X Qiu, Y Duan, M Zhang, LJ Deng",
      "venue": "Knowledge-Based Systems 295, 111780, 2024",
      "year": 2024,
      "citations": 23
    },
    {
      "title": "MetaLA: Unified Optimal Linear Approximation to Softmax Attention Map",
      "url": "https://scholar.google.com/citations?view_op=view_citation&hl=en&user=08ITzJsAAAAJ&citation_for_view=08ITzJsAAAAJ:TFP_iSt0sucC",
      "authors": "Y Chou, M Yao, K Wang, Y Pan, RJ Zhu, J Wu, Y Zhong, Y Qiao, XU Bo, ...",
      "venue": "NeurIPS 2024 Oral, 2024",
      "year": 2024,
      "citations": 20
    },
    {
      "title": "Recent advances in scalable energy-efficient and trustworthy spiking neural networks: from algorithms to technology",
      "url": "https://scholar.google.com/citations?view_op=view_citation&hl=en&user=08ITzJsAAAAJ&citation_for_view=08ITzJsAAAAJ:aqlVkmm33-oC",
      "authors": "S Kundu, RJ Zhu, A Jaiswal, PA Beerel",
      "venue": "ICASSP 2024-2024 IEEE International Conference on Acoustics, Speech and …, 2024",
      "year": 2024,
      "citations": 8
    },
    {
      "title": "RWKV: Reinventing RNNs for the Transformer Era",
      "url": "https://scholar.google.com/citations?view_op=view_citation&hl=en&user=08ITzJsAAAAJ&citation_for_view=08ITzJsAAAAJ:YsMSGLbcyi4C",
      "authors": "B Peng, E Alcaide, Q Anthony, A Albalak, S Arcadinho, H Cao, X Cheng, ...",
      "venue": "EMNLP 2023 Findings, 2023",
      "year": 2023,
      "citations": 1013
    },
    {
      "title": "VTSNN: A Virtual Temporal Spiking Neural Network",
      "url": "https://scholar.google.com/citations?view_op=view_citation&hl=en&user=08ITzJsAAAAJ&citation_for_view=08ITzJsAAAAJ:eQOLeE2rZwMC",
      "authors": "X Qiu, Z Wang, Z Luan, RJ Zhu, X Wu, M Zhang, LJ Deng",
      "venue": "Frontiers in Neuroscience 17, 838, 2023",
      "year": 2023,
      "citations": 14
    },
    {
      "title": "SynA-ResNet: Spike-driven ResNet Achieved through OR Residual Connection",
      "url": "https://scholar.google.com/citations?view_op=view_citation&hl=en&user=08ITzJsAAAAJ&citation_for_view=08ITzJsAAAAJ:YFjsv_pBGBYC",
      "authors": "Y Shan, X Qiu, R Zhu, JK Eshraghian, M Zhang, H Qu",
      "venue": "arXiv preprint arXiv:2311.06570, 2023",
      "year": 2023,
      "citations": 8
    }
  ],
  "co_authors": []
}