{
  "author_info": {
    "name": "Sanjiv Kumar",
    "affiliation": "Google Fellow, VP, Google DeepMind",
    "email_verified": "Verified email at google.com - Homepage",
    "website": "http://www.sanjivk.com/",
    "interests": [
      "Large Language Models",
      "Artificial Intelligence",
      "Computer Vision",
      "Robotics"
    ],
    "photo_url": "https://scholar.googleusercontent.com/citations?view_op=view_photo&user=08CNqrYAAAAJ&citpid=2"
  },
  "citation_stats": {
    "citations_all": 42840,
    "citations_since_2020": 26586,
    "h_index_all": 86,
    "h_index_since_2020": 68,
    "i10_index_all": 440,
    "i10_index_since_2020": 244,
    "citation_graph": [
      {
        "year": 2004,
        "citations": 151
      },
      {
        "year": 2005,
        "citations": 216
      },
      {
        "year": 2006,
        "citations": 288
      },
      {
        "year": 2007,
        "citations": 348
      },
      {
        "year": 2008,
        "citations": 371
      },
      {
        "year": 2009,
        "citations": 403
      },
      {
        "year": 2010,
        "citations": 546
      },
      {
        "year": 2011,
        "citations": 662
      },
      {
        "year": 2012,
        "citations": 814
      },
      {
        "year": 2013,
        "citations": 1036
      },
      {
        "year": 2014,
        "citations": 1221
      },
      {
        "year": 2015,
        "citations": 1385
      },
      {
        "year": 2016,
        "citations": 1653
      },
      {
        "year": 2017,
        "citations": 1829
      },
      {
        "year": 2018,
        "citations": 2031
      },
      {
        "year": 2019,
        "citations": 2364
      },
      {
        "year": 2020,
        "citations": 2763
      },
      {
        "year": 2021,
        "citations": 3351
      },
      {
        "year": 2022,
        "citations": 4256
      },
      {
        "year": 2023,
        "citations": 4660
      },
      {
        "year": 2024,
        "citations": 5582
      },
      {
        "year": 2025,
        "citations": 5935
      }
    ]
  },
  "papers": [
    {
      "title": "Gemini 2.5: Pushing the frontier with advanced reasoning, multimodality, long context, and next generation agentic capabilities",
      "url": "https://scholar.google.com/citations?view_op=view_citation&hl=en&user=08CNqrYAAAAJ&citation_for_view=08CNqrYAAAAJ:pdvbghDNWVwC",
      "authors": "G Comanici, E Bieber, M Schaekermann, I Pasupat, N Sachdeva, I Dhillon, ...",
      "venue": "arXiv preprint arXiv:2507.06261, 2025",
      "year": 2025,
      "citations": 812
    },
    {
      "title": "Adaptive federated optimization",
      "url": "https://scholar.google.com/citations?view_op=view_citation&hl=en&user=08CNqrYAAAAJ&citation_for_view=08CNqrYAAAAJ:xf1e8nhopU8C",
      "authors": "S Reddi, Z Charles, M Zaheer, Z Garrett, K Rush, J Konečný, S Kumar, ...",
      "venue": "arXiv preprint arXiv:2003.00295, 2020",
      "year": 2020,
      "citations": 2175
    },
    {
      "title": "Long-tail learning via logit adjustment",
      "url": "https://scholar.google.com/citations?view_op=view_citation&hl=en&user=08CNqrYAAAAJ&citation_for_view=08CNqrYAAAAJ:mpKBprgMMYoC",
      "authors": "AK Menon, S Jayasumana, AS Rawat, H Jain, A Veit, S Kumar",
      "venue": "arXiv preprint arXiv:2007.07314, 2020",
      "year": 2020,
      "citations": 1059
    },
    {
      "title": "Accelerating large-scale inference with anisotropic vector quantization",
      "url": "https://scholar.google.com/citations?view_op=view_citation&hl=en&user=08CNqrYAAAAJ&citation_for_view=08CNqrYAAAAJ:qX8Uol8xobUC",
      "authors": "R Guo, P Sun, E Lindgren, Q Geng, D Simcha, F Chern, S Kumar",
      "venue": "International Conference on Machine Learning, 3887-3896, 2020",
      "year": 2020,
      "citations": 610
    },
    {
      "title": "On the convergence of adam and beyond",
      "url": "https://scholar.google.com/citations?view_op=view_citation&hl=en&user=08CNqrYAAAAJ&citation_for_view=08CNqrYAAAAJ:AoZQGyKLABkC",
      "authors": "SJ Reddi, S Kale, S Kumar",
      "venue": "arXiv preprint arXiv:1904.09237, 2019",
      "year": 2019,
      "citations": 3756
    },
    {
      "title": "Large batch optimization for deep learning: Training bert in 76 minutes",
      "url": "https://scholar.google.com/citations?view_op=view_citation&hl=en&user=08CNqrYAAAAJ&citation_for_view=08CNqrYAAAAJ:I6NsDE_zpjAC",
      "authors": "Y You, J Li, S Reddi, J Hseu, S Kumar, S Bhojanapalli, X Song, J Demmel, ...",
      "venue": "arXiv preprint arXiv:1904.00962, 2019",
      "year": 2019,
      "citations": 1357
    },
    {
      "title": "Are transformers universal approximators of sequence-to-sequence functions?",
      "url": "https://scholar.google.com/citations?view_op=view_citation&hl=en&user=08CNqrYAAAAJ&citation_for_view=08CNqrYAAAAJ:GfmJYSX3z1gC",
      "authors": "C Yun, S Bhojanapalli, AS Rawat, SJ Reddi, S Kumar",
      "venue": "arXiv preprint arXiv:1912.10077, 2019",
      "year": 2019,
      "citations": 535
    },
    {
      "title": "cpSGD: Communication-efficient and differentially-private distributed SGD",
      "url": "https://scholar.google.com/citations?view_op=view_citation&hl=en&user=08CNqrYAAAAJ&citation_for_view=08CNqrYAAAAJ:GFlsLV1XnBgC",
      "authors": "N Agarwal, AT Suresh, FXX Yu, S Kumar, B McMahan",
      "venue": "Advances in neural information processing systems 31, 2018",
      "year": 2018,
      "citations": 623
    },
    {
      "title": "Adaptive methods for nonconvex optimization",
      "url": "https://scholar.google.com/citations?view_op=view_citation&hl=en&user=08CNqrYAAAAJ&citation_for_view=08CNqrYAAAAJ:mX7u5ZFzxS0C",
      "authors": "M Zaheer, S Reddi, D Sachan, S Kale, S Kumar",
      "venue": "Advances in neural information processing systems 31, 2018",
      "year": 2018,
      "citations": 576
    },
    {
      "title": "Efficient natural language response suggestion for smart reply",
      "url": "https://scholar.google.com/citations?view_op=view_citation&hl=en&user=08CNqrYAAAAJ&citation_for_view=08CNqrYAAAAJ:MOzItdknnOoC",
      "authors": "M Henderson, R Al-Rfou, B Strope, YH Sung, L Lukács, R Guo, S Kumar, ...",
      "venue": "arXiv preprint arXiv:1705.00652, 2017",
      "year": 2017,
      "citations": 503
    },
    {
      "title": "Learning to hash for indexing big data—A survey",
      "url": "https://scholar.google.com/citations?view_op=view_citation&hl=en&user=08CNqrYAAAAJ&citation_for_view=08CNqrYAAAAJ:23IbrMdp7nQC",
      "authors": "J Wang, W Liu, S Kumar, SF Chang",
      "venue": "Proceedings of the IEEE 104 (1), 34-57, 2015",
      "year": 2015,
      "citations": 672
    },
    {
      "title": "Discrete graph hashing",
      "url": "https://scholar.google.com/citations?view_op=view_citation&hl=en&user=08CNqrYAAAAJ&citation_for_view=08CNqrYAAAAJ:IQTLpiDzPJAC",
      "authors": "W Liu, C Mu, S Kumar, SF Chang",
      "venue": "Advances in neural information processing systems 27, 2014",
      "year": 2014,
      "citations": 674
    },
    {
      "title": "Semi-supervised hashing for large-scale search",
      "url": "https://scholar.google.com/citations?view_op=view_citation&hl=en&user=08CNqrYAAAAJ&citation_for_view=08CNqrYAAAAJ:P7LlSSNAG1YC",
      "authors": "J Wang, S Kumar, SF Chang",
      "venue": "IEEE transactions on pattern analysis and machine intelligence 34 (12), 2393 …, 2012",
      "year": 2012,
      "citations": 955
    },
    {
      "title": "Sampling methods for the Nyström method",
      "url": "https://scholar.google.com/citations?view_op=view_citation&hl=en&user=08CNqrYAAAAJ&citation_for_view=08CNqrYAAAAJ:-f6ydRqryjwC",
      "authors": "S Kumar, M Mohri, A Talwalkar",
      "venue": "The Journal of Machine Learning Research 13 (1), 981-1006, 2012",
      "year": 2012,
      "citations": 501
    },
    {
      "title": "Hashing with graphs",
      "url": "https://scholar.google.com/citations?view_op=view_citation&hl=en&user=08CNqrYAAAAJ&citation_for_view=08CNqrYAAAAJ:g5mQy6j-DB0C",
      "authors": "W Liu, J Wang, S Kumar, SF Chang",
      "venue": "Proceedings of the 28th international conference on machine learning (ICML …, 2011",
      "year": 2011,
      "citations": 1245
    },
    {
      "title": "Semi-supervised hashing for scalable image retrieval",
      "url": "https://scholar.google.com/citations?view_op=view_citation&hl=en&user=08CNqrYAAAAJ&citation_for_view=08CNqrYAAAAJ:W7OEmFMy1HYC",
      "authors": "J Wang, S Kumar, SF Chang",
      "venue": "2010 IEEE Computer Society Conference on Computer Vision and Pattern …, 2010",
      "year": 2010,
      "citations": 757
    },
    {
      "title": "Face tracking and recognition with visual constraints in real-world videos",
      "url": "https://scholar.google.com/citations?view_op=view_citation&hl=en&user=08CNqrYAAAAJ&citation_for_view=08CNqrYAAAAJ:zYLM7Y9cAGgC",
      "authors": "M Kim, S Kumar, V Pavlovic, H Rowley",
      "venue": "2008 IEEE Conference on computer vision and pattern recognition, 1-8, 2008",
      "year": 2008,
      "citations": 643
    },
    {
      "title": "A new baseline for image annotation",
      "url": "https://scholar.google.com/citations?view_op=view_citation&hl=en&user=08CNqrYAAAAJ&citation_for_view=08CNqrYAAAAJ:qjMakFHDy7sC",
      "authors": "A Makadia, V Pavlovic, S Kumar",
      "venue": "European conference on computer vision, 316-329, 2008",
      "year": 2008,
      "citations": 609
    },
    {
      "title": "Discriminative random fields",
      "url": "https://scholar.google.com/citations?view_op=view_citation&hl=en&user=08CNqrYAAAAJ&citation_for_view=08CNqrYAAAAJ:42pP4lWl3kgC",
      "authors": "S Kumar, M Hebert",
      "venue": "International Journal of Computer Vision 68 (2), 179-201, 2006",
      "year": 2006,
      "citations": 525
    },
    {
      "title": "Discriminative random fields: A discriminative framework for contextual interaction in classification",
      "url": "https://scholar.google.com/citations?view_op=view_citation&hl=en&user=08CNqrYAAAAJ&citation_for_view=08CNqrYAAAAJ:u5HHmVD_uO8C",
      "authors": "S Kumar",
      "venue": "Proceedings ninth IEEE international conference on computer vision, 1150-1157, 2003",
      "year": 2003,
      "citations": 655
    }
  ],
  "co_authors": [
    {
      "name": "Sashank J. Reddi",
      "scholar_id": "70lgwYwAAAAJ",
      "url": "https://scholar.google.com/citations?user=70lgwYwAAAAJ"
    },
    {
      "name": "Felix Xinnan Yu",
      "scholar_id": "lYvF6cUAAAAJ",
      "url": "https://scholar.google.com/citations?user=lYvF6cUAAAAJ"
    },
    {
      "name": "Ankit Singh Rawat",
      "scholar_id": "U0_ab4cAAAAJ",
      "url": "https://scholar.google.com/citations?user=U0_ab4cAAAAJ"
    },
    {
      "name": "Aditya Krishna Menon",
      "scholar_id": "li4mEfcAAAAJ",
      "url": "https://scholar.google.com/citations?user=li4mEfcAAAAJ"
    },
    {
      "name": "Shih-Fu Chang",
      "scholar_id": "OMVTRscAAAAJ",
      "url": "https://scholar.google.com/citations?user=OMVTRscAAAAJ"
    },
    {
      "name": "Henry A. Rowley",
      "scholar_id": "6fPYTesAAAAJ",
      "url": "https://scholar.google.com/citations?user=6fPYTesAAAAJ"
    },
    {
      "name": "Ruiqi Guo",
      "scholar_id": "Cgb68qkAAAAJ",
      "url": "https://scholar.google.com/citations?user=Cgb68qkAAAAJ"
    },
    {
      "name": "Srinadh Bhojanapalli",
      "scholar_id": "bpSF_9EAAAAJ",
      "url": "https://scholar.google.com/citations?user=bpSF_9EAAAAJ"
    },
    {
      "name": "Manzil Zaheer",
      "scholar_id": "A33FhJMAAAAJ",
      "url": "https://scholar.google.com/citations?user=A33FhJMAAAAJ"
    },
    {
      "name": "Satyen Kale",
      "scholar_id": "gZgQLkgAAAAJ",
      "url": "https://scholar.google.com/citations?user=gZgQLkgAAAAJ"
    },
    {
      "name": "Ananda Theertha Suresh",
      "scholar_id": "K6ef57QAAAAJ",
      "url": "https://scholar.google.com/citations?user=K6ef57QAAAAJ"
    },
    {
      "name": "Andreas Veit",
      "scholar_id": "UA9Hb2EAAAAJ",
      "url": "https://scholar.google.com/citations?user=UA9Hb2EAAAAJ"
    },
    {
      "name": "Sadeep Jayasumana",
      "scholar_id": "qYLOPxoAAAAJ",
      "url": "https://scholar.google.com/citations?user=qYLOPxoAAAAJ"
    },
    {
      "name": "Cho-Jui Hsieh",
      "scholar_id": "Wy89g4IAAAAJ",
      "url": "https://scholar.google.com/citations?user=Wy89g4IAAAAJ"
    },
    {
      "name": "David Simcha",
      "scholar_id": "T7WPNdMAAAAJ",
      "url": "https://scholar.google.com/citations?user=T7WPNdMAAAAJ"
    },
    {
      "name": "Michal Lukasik",
      "scholar_id": "cLZLZCQAAAAJ",
      "url": "https://scholar.google.com/citations?user=cLZLZCQAAAAJ"
    },
    {
      "name": "Jun Wang",
      "scholar_id": "i0KkESEAAAAJ",
      "url": "https://scholar.google.com/citations?user=i0KkESEAAAAJ"
    },
    {
      "name": "H. Brendan McMahan",
      "scholar_id": "iKPWydkAAAAJ",
      "url": "https://scholar.google.com/citations?user=iKPWydkAAAAJ"
    },
    {
      "name": "martial hebert",
      "scholar_id": "0ytii2EAAAAJ",
      "url": "https://scholar.google.com/citations?user=0ytii2EAAAAJ"
    },
    {
      "name": "Wittawat Jitkrittum",
      "scholar_id": "D7h5R5kAAAAJ",
      "url": "https://scholar.google.com/citations?user=D7h5R5kAAAAJ"
    }
  ]
}