{
  "author_info": {
    "name": "Ziran Zhang (张自然)",
    "affiliation": "Honor, Zhejiang University",
    "email_verified": "Verified email at zju.edu.cn - Homepage",
    "website": "https://naturezhanghn.github.io/",
    "interests": [
      "AI for Imaging",
      "Generative AI",
      "Computational Optics",
      "Imaging Sensors"
    ],
    "photo_url": "https://scholar.googleusercontent.com/citations?view_op=view_photo&user=-1d4kR0AAAAJ&citpid=26"
  },
  "citation_stats": {
    "citations_all": 125,
    "citations_since_2020": 125,
    "h_index_all": 6,
    "h_index_since_2020": 6,
    "i10_index_all": 4,
    "i10_index_since_2020": 4,
    "citation_graph": [
      {
        "year": 2021,
        "citations": 1
      },
      {
        "year": 2022,
        "citations": 4
      },
      {
        "year": 2023,
        "citations": 10
      },
      {
        "year": 2024,
        "citations": 40
      },
      {
        "year": 2025,
        "citations": 69
      }
    ]
  },
  "papers": [
    {
      "title": "Egvd: Event-guided video diffusion model for physically realistic large-motion frame interpolation",
      "url": "https://scholar.google.com/citations?view_op=view_citation&hl=en&user=-1d4kR0AAAAJ&citation_for_view=-1d4kR0AAAAJ:anf4URPfarAC",
      "authors": "Z Zhang, X Li, Y Liu, Y Wang, Y Chen, T Xue, S Guo",
      "venue": "arXiv preprint arXiv:2503.20268, 2025",
      "year": 2025,
      "citations": 3
    },
    {
      "title": "Jitter-Aware Restoration With Equivalent Jitter Model for Remote Sensing Push-Broom Image",
      "url": "https://scholar.google.com/citations?view_op=view_citation&hl=en&user=-1d4kR0AAAAJ&citation_for_view=-1d4kR0AAAAJ:9pM33mqn1YgC",
      "authors": "Z Zhang, Z Chen, D Hu, M Li, Z Xu, H Feng, Q Li, Y Chen",
      "venue": "IEEE Transactions on Geoscience and Remote Sensing, 2025",
      "year": 2025,
      "citations": 3
    },
    {
      "title": "From Sim-to-Real: Toward General Event-based Low-light Frame Interpolation with Per-scene Optimization",
      "url": "https://scholar.google.com/citations?view_op=view_citation&hl=en&user=-1d4kR0AAAAJ&citation_for_view=-1d4kR0AAAAJ:rmuvC79q63oC",
      "authors": "Z Zhang, Y Ma, Y Chen, F Zhang, J Gu, T Xue, S Guo",
      "venue": "SIGGRAPH Asia 2024 Conference Papers, 1-10, 2024",
      "year": 2024,
      "citations": 7
    },
    {
      "title": "Deep Linear Array Pushbroom Image Restoration: A Degradation Pipeline and Jitter-Aware Restoration Network",
      "url": "https://scholar.google.com/citations?view_op=view_citation&hl=en&user=-1d4kR0AAAAJ&citation_for_view=-1d4kR0AAAAJ:kuK5TVdYjLIC",
      "authors": "Z Chen, Z Zhang, H Li, M Li, Y Chen, Q Li, H Feng, Z Xu, S Chen",
      "venue": "Proceedings of the AAAI conference on artificial intelligence 38 (2), 290-1298, 2024",
      "year": 2024,
      "citations": 6
    },
    {
      "title": "Event-assisted 12-stop HDR Imaging of Dynamic Scene",
      "url": "https://scholar.google.com/citations?view_op=view_citation&hl=en&user=-1d4kR0AAAAJ&citation_for_view=-1d4kR0AAAAJ:YohjEiUPhakC",
      "authors": "S Guo, Z Chen, Z Zhang, Y Chen, G Xu, T Xue",
      "venue": "arXiv preprint arXiv:2412.14705, 2024",
      "year": 2024,
      "citations": 2
    },
    {
      "title": "Real-world deep local motion deblurring",
      "url": "https://scholar.google.com/citations?view_op=view_citation&hl=en&user=-1d4kR0AAAAJ&citation_for_view=-1d4kR0AAAAJ:KUbvn5osdkgC",
      "authors": "H Li, Z Zhang, T Jiang, P Luo, H Feng, Z Xu",
      "venue": "Proceedings of the AAAI conference on artificial intelligence 37 (1), 1314-1322, 2023",
      "year": 2023,
      "citations": 53
    },
    {
      "title": "ASF-Transformer: neutralizing the impact of atmospheric turbulence on optical imaging through alternating learning in the spatial and frequency domains",
      "url": "https://scholar.google.com/citations?view_op=view_citation&hl=en&user=-1d4kR0AAAAJ&citation_for_view=-1d4kR0AAAAJ:gsN89kCJA0AC",
      "authors": "Z Zhang, B Zhao, Y Chen, Z Wang, D Wang, J Sun, J Zhang, Z Xu, X Li",
      "venue": "Optics Express 31 (22), 37128-37141, 2023",
      "year": 2023,
      "citations": 12
    },
    {
      "title": "Imaging simulation and learning-based image restoration for remote sensing time delay and integration cameras",
      "url": "https://scholar.google.com/citations?view_op=view_citation&hl=en&user=-1d4kR0AAAAJ&citation_for_view=-1d4kR0AAAAJ:tYavs44e6CUC",
      "authors": "M Li, Z Zhang, S Chen, Z Xu, Q Li, H Feng, Y Chen",
      "venue": "IEEE Transactions on Geoscience and Remote Sensing 61, 1-17, 2023",
      "year": 2023,
      "citations": 11
    },
    {
      "title": "Deep learning-based image reconstruction for photonic integrated interferometric imaging",
      "url": "https://scholar.google.com/citations?view_op=view_citation&hl=en&user=-1d4kR0AAAAJ&citation_for_view=-1d4kR0AAAAJ:TIZ-Mc8IlK0C",
      "authors": "Z Zhang, H Li, G Lv, H Zhou, H Feng, Z Xu, Q Li, T Jiang, Y Chen",
      "venue": "Optics Express 30 (23), 41359-41373, 2022",
      "year": 2022,
      "citations": 14
    },
    {
      "title": "Analysis of signal energy and noise in photonic integrated interferometric imaging system",
      "url": "https://scholar.google.com/citations?view_op=view_citation&hl=en&user=-1d4kR0AAAAJ&citation_for_view=-1d4kR0AAAAJ:kh2fBNsKQNwC",
      "authors": "Z Zhang, G Lv, H Feng, Z Xu, Q Li, Z Hao, Y Chen",
      "venue": "Acta Optica Sinica 42, 1311001, 2022",
      "year": 2022,
      "citations": 6
    },
    {
      "title": "Thermodynamics controlled sharp transformation from InP to GaP nanowires via introducing trace amount of gallium",
      "url": "https://scholar.google.com/citations?view_op=view_citation&hl=en&user=-1d4kR0AAAAJ&citation_for_view=-1d4kR0AAAAJ:NXb4pA-qfm4C",
      "authors": "Z Tian, X Yuan, Z Zhang, W Jia, J Zhou, H Huang, J Meng, J He, Y Du",
      "venue": "Nanoscale Research Letters 16 (1), 49, 2021",
      "year": 2021,
      "citations": 8
    }
  ],
  "co_authors": [
    {
      "name": "Tianfan Xue",
      "scholar_id": "RfSQKrIAAAAJ",
      "url": "https://scholar.google.com/citations?user=RfSQKrIAAAAJ"
    },
    {
      "name": "Shi Guo",
      "scholar_id": "5hsEmuQAAAAJ",
      "url": "https://scholar.google.com/citations?user=5hsEmuQAAAAJ"
    },
    {
      "name": "Shiqi Chen",
      "scholar_id": "gJCsz90AAAAJ",
      "url": "https://scholar.google.com/citations?user=gJCsz90AAAAJ"
    },
    {
      "name": "Xuelong Li（李学龙）Fellow of AAAI 202...",
      "scholar_id": "ahUibskAAAAJ",
      "url": "https://scholar.google.com/citations?user=ahUibskAAAAJ"
    },
    {
      "name": "Jinwei Gu",
      "scholar_id": "k_T8t30AAAAJ",
      "url": "https://scholar.google.com/citations?user=k_T8t30AAAAJ"
    },
    {
      "name": "Yongrui Ma",
      "scholar_id": "JwQLEocAAAAJ",
      "url": "https://scholar.google.com/citations?user=JwQLEocAAAAJ"
    },
    {
      "name": "Yueting Chen",
      "scholar_id": "gS-0tfAAAAAJ",
      "url": "https://scholar.google.com/citations?user=gS-0tfAAAAAJ"
    },
    {
      "name": "Yihao Liu",
      "scholar_id": "WRIYcNwAAAAJ",
      "url": "https://scholar.google.com/citations?user=WRIYcNwAAAAJ"
    },
    {
      "name": "Haoying Li",
      "scholar_id": "inMLhvkAAAAJ",
      "url": "https://scholar.google.com/citations?user=inMLhvkAAAAJ"
    },
    {
      "name": "Huajun Feng",
      "scholar_id": "5321HVgAAAAJ",
      "url": "https://scholar.google.com/citations?user=5321HVgAAAAJ"
    }
  ]
}