{
  "author_info": {
    "name": "Muzhi Zhu",
    "affiliation": "Zhejiang University",
    "email_verified": "Verified email at zju.edu.cn",
    "interests": [
      "Computer Vision",
      "Machine Learning"
    ],
    "photo_url": "/citations/images/avatar_scholar_128.png"
  },
  "citation_stats": {
    "citations_all": 299,
    "citations_since_2020": 299,
    "h_index_all": 9,
    "h_index_since_2020": 9,
    "i10_index_all": 9,
    "i10_index_since_2020": 9,
    "citation_graph": [
      {
        "year": 2023,
        "citations": 13
      },
      {
        "year": 2024,
        "citations": 99
      },
      {
        "year": 2025,
        "citations": 187
      }
    ]
  },
  "papers": [
    {
      "title": "Omni-R1: Reinforcement Learning for Omnimodal Reasoning via Two-System Collaboration",
      "url": "https://scholar.google.com/citations?view_op=view_citation&hl=en&user=064gBH4AAAAJ&citation_for_view=064gBH4AAAAJ:YFjsv_pBGBYC",
      "authors": "H Zhong, M Zhu, Z Du, Z Huang, C Zhao, M Liu, W Wang, H Chen, ...",
      "venue": "arXiv preprint arXiv:2505.20256, 2025",
      "year": 2025,
      "citations": 13
    },
    {
      "title": "Diception: A generalist diffusion model for visual perceptual tasks",
      "url": "https://scholar.google.com/citations?view_op=view_citation&hl=en&user=064gBH4AAAAJ&citation_for_view=064gBH4AAAAJ:KlAtU1dfN6UC",
      "authors": "C Zhao, Y Sun, M Liu, H Zheng, M Zhu, Z Zhao, H Chen, T He, C Shen",
      "venue": "arXiv preprint arXiv:2502.17157, 2025",
      "year": 2025,
      "citations": 11
    },
    {
      "title": "Masked channel modeling for bootstrapping visual pre-training",
      "url": "https://scholar.google.com/citations?view_op=view_citation&hl=en&user=064gBH4AAAAJ&citation_for_view=064gBH4AAAAJ:Y0pCki6q_DkC",
      "authors": "Y Liu, X Wang, M Zhu, Y Cao, T Huang, C Shen",
      "venue": "International Journal of Computer Vision 133 (2), 760-780, 2025",
      "year": 2025,
      "citations": 9
    },
    {
      "title": "SegAgent: Exploring Pixel Understanding Capabilities in MLLMs by Imitating Human Annotator Trajectories",
      "url": "https://scholar.google.com/citations?view_op=view_citation&hl=en&user=064gBH4AAAAJ&citation_for_view=064gBH4AAAAJ:mVmsd5A6BfQC",
      "authors": "M Zhu, Y Tian, H Chen, C Zhou, Q Guo, Y Liu, M Yang, C Shen",
      "venue": "CVPR2025, 2025",
      "year": 2025,
      "citations": 6
    },
    {
      "title": "Active-O3: Empowering Multimodal Large Language Models with Active Perception via GRPO",
      "url": "https://scholar.google.com/citations?view_op=view_citation&hl=en&user=064gBH4AAAAJ&citation_for_view=064gBH4AAAAJ:NMxIlDl6LWMC",
      "authors": "M Zhu, H Zhong, C Zhao, Z Du, Z Huang, M Liu, H Chen, C Zou, J Chen, ...",
      "venue": "arXiv preprint arXiv:2505.21457, 2025",
      "year": 2025,
      "citations": 5
    },
    {
      "title": "Hieratok: Multi-scale visual tokenizer improves image reconstruction and generation",
      "url": "https://scholar.google.com/citations?view_op=view_citation&hl=en&user=064gBH4AAAAJ&citation_for_view=064gBH4AAAAJ:NaGl4SEjCO4C",
      "authors": "C Chen, Z Huang, C Zou, M Zhu, K Ji, J Liu, J Chen, H Chen, C Shen",
      "venue": "arXiv preprint arXiv:2509.23736, 2025",
      "year": 2025,
      "citations": 2
    },
    {
      "title": "A Denoising Pre-training Framework for Accelerating Novel Material Discovery",
      "url": "https://scholar.google.com/citations?view_op=view_citation&hl=en&user=064gBH4AAAAJ&citation_for_view=064gBH4AAAAJ:blknAaTinKkC",
      "authors": "S Shen, K Liu, M Zhu, H Chen",
      "venue": "Proceedings of the AAAI Conference on Artificial Intelligence 39 (27), 28368 …, 2025",
      "year": 2025,
      "citations": 2
    },
    {
      "title": "Segment Anything in Context with Vision Foundation Models",
      "url": "https://scholar.google.com/citations?view_op=view_citation&hl=en&user=064gBH4AAAAJ&citation_for_view=064gBH4AAAAJ:GnPB-g6toBAC",
      "authors": "Y Liu, M Zhu, H Chen, X Wang, B Feng, H Wang, S Li, R Vemulapalli, ...",
      "venue": "International Journal of Computer Vision 133 (10), 7460-7485, 2025",
      "year": 2025,
      "citations": 1
    },
    {
      "title": "NoTVLA: Narrowing of Dense Action Trajectories for Generalizable Robot Manipulation",
      "url": "https://scholar.google.com/citations?view_op=view_citation&hl=en&user=064gBH4AAAAJ&citation_for_view=064gBH4AAAAJ:RYcK_YlVTxYC",
      "authors": "Z Huang, M Liu, X Lin, M Zhu, C Zhao, Z Du, X Li, Y Jia, H Zhong, H Chen, ...",
      "venue": "arXiv preprint arXiv:2510.03895, 2025",
      "year": 2025,
      "citations": 0
    },
    {
      "title": "Bridge Thinking and Acting: Unleashing Physical Potential of VLM with Generalizable Action Expert",
      "url": "https://scholar.google.com/citations?view_op=view_citation&hl=en&user=064gBH4AAAAJ&citation_for_view=064gBH4AAAAJ:J_g5lzvAfSwC",
      "authors": "M Liu, Z Huang, X Lin, M Zhu, C Zhao, Z Du, Y Wang, H Zhu, H Chen, ...",
      "venue": "arXiv preprint arXiv:2510.03896, 2025",
      "year": 2025,
      "citations": 0
    },
    {
      "title": "GUI-Shepherd: Reliable Process Reward and Verification for Long-Sequence GUI Tasks",
      "url": "https://scholar.google.com/citations?view_op=view_citation&hl=en&user=064gBH4AAAAJ&citation_for_view=064gBH4AAAAJ:RGFaLdJalmkC",
      "authors": "C Chen, K Ji, H Zhong, M Zhu, A Li, G Gan, Z Huang, C Zou, J Liu, J Chen, ...",
      "venue": "arXiv preprint arXiv:2509.23738, 2025",
      "year": 2025,
      "citations": 0
    },
    {
      "title": "Unified Open-World Segmentation with Multi-Modal Prompts",
      "url": "https://scholar.google.com/citations?view_op=view_citation&hl=en&user=064gBH4AAAAJ&citation_for_view=064gBH4AAAAJ:lSLTfruPkqcC",
      "authors": "Y Liu, Y Yin, C Jing, M Zhu, H Chen, Y Xi, B Feng, H Wang, S Li, C Shen",
      "venue": "Proceedings of the IEEE/CVF International Conference on Computer Vision …, 2025",
      "year": 2025,
      "citations": 0
    },
    {
      "title": "Unleashing the Potential of the Diffusion Model in Few-shot Semantic Segmentation",
      "url": "https://scholar.google.com/citations?view_op=view_citation&hl=en&user=064gBH4AAAAJ&citation_for_view=064gBH4AAAAJ:YsMSGLbcyi4C",
      "authors": "M Zhu, Y Liu, Z Luo, C Jing, H Chen, G Xu, X Wang, C Shen",
      "venue": "NeurIPS2024, 2024",
      "year": 2024,
      "citations": 19
    },
    {
      "title": "A Simple Image Segmentation Framework via In-Context Examples",
      "url": "https://scholar.google.com/citations?view_op=view_citation&hl=en&user=064gBH4AAAAJ&citation_for_view=064gBH4AAAAJ:WF5omc3nYNoC",
      "authors": "Y Liu, C Jing, H Li, M Zhu, H Chen, X Wang, C Shen",
      "venue": "NeurIPS2024, 2024",
      "year": 2024,
      "citations": 17
    },
    {
      "title": "DiverGen: Improving Instance Segmentation by Learning Wider Data Distribution with More Diverse Generative Data",
      "url": "https://scholar.google.com/citations?view_op=view_citation&hl=en&user=064gBH4AAAAJ&citation_for_view=064gBH4AAAAJ:UeHWp8X0CEIC",
      "authors": "C Fan, M Zhu, H Chen, Y Liu, W Wu, H Zhang, C Shen",
      "venue": "CVPR2024, 2024",
      "year": 2024,
      "citations": 14
    },
    {
      "title": "Generative Active Learning for Long-tailed Instance Segmentation",
      "url": "https://scholar.google.com/citations?view_op=view_citation&hl=en&user=064gBH4AAAAJ&citation_for_view=064gBH4AAAAJ:IjCSPb-OGe4C",
      "authors": "M Zhu, C Fan, H Chen, Y Liu, W Mao, X Xu, C Shen",
      "venue": "ICML2024, 2024",
      "year": 2024,
      "citations": 10
    },
    {
      "title": "Unveiling universal forensics of diffusion models with adversarial perturbations",
      "url": "https://scholar.google.com/citations?view_op=view_citation&hl=en&user=064gBH4AAAAJ&citation_for_view=064gBH4AAAAJ:BqipwSGYUEgC",
      "authors": "K Xie, J Liu, M Zhu, G Ding, Z Liu, H Chen, H Chen",
      "venue": "2024 International Joint Conference on Neural Networks (IJCNN), 1-8, 2024",
      "year": 2024,
      "citations": 1
    },
    {
      "title": "Matcher: Segment anything with one shot using all-purpose feature matching",
      "url": "https://scholar.google.com/citations?view_op=view_citation&hl=en&user=064gBH4AAAAJ&citation_for_view=064gBH4AAAAJ:u-x6o8ySG0sC",
      "authors": "Y Liu, M Zhu, H Li, H Chen, X Wang, C Shen",
      "venue": "ICLR, 2023",
      "year": 2023,
      "citations": 136
    },
    {
      "title": "Segprompt: Boosting open-world segmentation via category-level prompt learning",
      "url": "https://scholar.google.com/citations?view_op=view_citation&hl=en&user=064gBH4AAAAJ&citation_for_view=064gBH4AAAAJ:9yKSN-GCB0IC",
      "authors": "M Zhu, H Li, H Chen, C Fan, W Mao, C Jing, Y Liu, C Shen",
      "venue": "ICCV2023, 999-1008, 2023",
      "year": 2023,
      "citations": 29
    },
    {
      "title": "De novo protein design using geometric vector field networks",
      "url": "https://scholar.google.com/citations?view_op=view_citation&hl=en&user=064gBH4AAAAJ&citation_for_view=064gBH4AAAAJ:2osOgNQ5qMEC",
      "authors": "W Mao, M Zhu, Z Sun, S Shen, LY Wu, H Chen, C Shen",
      "venue": "ICLR 2024(spotlight), 2023",
      "year": 2023,
      "citations": 24
    }
  ],
  "co_authors": [
    {
      "name": "Chunhua Shen",
      "scholar_id": "Ljk2BvIAAAAJ",
      "url": "https://scholar.google.com/citations?user=Ljk2BvIAAAAJ"
    },
    {
      "name": "Yang Liu",
      "scholar_id": "9JcQ2hwAAAAJ",
      "url": "https://scholar.google.com/citations?user=9JcQ2hwAAAAJ"
    },
    {
      "name": "Hao Chen",
      "scholar_id": "FaOqRpcAAAAJ",
      "url": "https://scholar.google.com/citations?user=FaOqRpcAAAAJ"
    },
    {
      "name": "Chenchen Jing(景宸琛)",
      "scholar_id": "0TKm3fgAAAAJ",
      "url": "https://scholar.google.com/citations?user=0TKm3fgAAAAJ"
    },
    {
      "name": "Weian Mao",
      "scholar_id": "Qu-QXTsAAAAJ",
      "url": "https://scholar.google.com/citations?user=Qu-QXTsAAAAJ"
    },
    {
      "name": "Chengxiang Fan",
      "scholar_id": "I2aAMsAAAAAJ",
      "url": "https://scholar.google.com/citations?user=I2aAMsAAAAAJ"
    },
    {
      "name": "Canyu Zhao",
      "scholar_id": "U_Mjiz8AAAAJ",
      "url": "https://scholar.google.com/citations?user=U_Mjiz8AAAAJ"
    },
    {
      "name": "Xinlong Wang",
      "scholar_id": "DPz0DjYAAAAJ",
      "url": "https://scholar.google.com/citations?user=DPz0DjYAAAAJ"
    },
    {
      "name": "Shuaike Shen",
      "scholar_id": "1-CaJnAAAAAJ",
      "url": "https://scholar.google.com/citations?user=1-CaJnAAAAAJ"
    },
    {
      "name": "Ke Liu",
      "scholar_id": "s1TTrDUAAAAJ",
      "url": "https://scholar.google.com/citations?user=s1TTrDUAAAAJ"
    }
  ]
}