{
  "author_info": {
    "name": "Francis Engelmann",
    "affiliation": "Stanford University",
    "email_verified": "Verified email at cs.stanford.edu - Homepage",
    "website": "https://francisengelmann.github.io/",
    "interests": [
      "3D Generation",
      "3D Scene Understanding",
      "Computer Vision",
      "Deep Learning"
    ],
    "photo_url": "https://scholar.googleusercontent.com/citations?view_op=view_photo&user=-xOsXi8AAAAJ&citpid=7"
  },
  "citation_stats": {
    "citations_all": 2985,
    "citations_since_2020": 2795,
    "h_index_all": 25,
    "h_index_since_2020": 24,
    "i10_index_all": 33,
    "i10_index_since_2020": 33,
    "citation_graph": [
      {
        "year": 2017,
        "citations": 19
      },
      {
        "year": 2018,
        "citations": 55
      },
      {
        "year": 2019,
        "citations": 106
      },
      {
        "year": 2020,
        "citations": 199
      },
      {
        "year": 2021,
        "citations": 224
      },
      {
        "year": 2022,
        "citations": 275
      },
      {
        "year": 2023,
        "citations": 379
      },
      {
        "year": 2024,
        "citations": 725
      },
      {
        "year": 2025,
        "citations": 981
      }
    ]
  },
  "papers": [
    {
      "title": "SceneFun3D: Fine-Grained Functionality and Affordance Understanding in 3D Scenes",
      "url": "https://scholar.google.com/citations?view_op=view_citation&hl=en&user=-xOsXi8AAAAJ&citation_for_view=-xOsXi8AAAAJ:hMod-77fHWUC",
      "authors": "A Delitzas, AË Takmaz, R Sumner, F Tombari, M Pollefeys, F Engelmann",
      "venue": "IEEE/CVF Conference on Computer Vision and Pattern Recognition (CVPR), 2024, 2024",
      "year": 2024,
      "citations": 68
    },
    {
      "title": "OpenNeRF: Open Set 3D Neural Scene Segmentation with Pixel-Wise Features and Rendered Novel Views",
      "url": "https://scholar.google.com/citations?view_op=view_citation&hl=en&user=-xOsXi8AAAAJ&citation_for_view=-xOsXi8AAAAJ:NaGl4SEjCO4C",
      "authors": "F Engelmann, F Manhardt, M Niemeyer, K Tateno, M Pollefeys, F Tombari",
      "venue": "International Conference on Learning Representations (ICLR), 2024, 2024",
      "year": 2024,
      "citations": 57
    },
    {
      "title": "Segment3D: Learning Fine-grained Class-agnostic 3D Segmentation Without Manual Labels",
      "url": "https://scholar.google.com/citations?view_op=view_citation&hl=en&user=-xOsXi8AAAAJ&citation_for_view=-xOsXi8AAAAJ:TFP_iSt0sucC",
      "authors": "R Huang, S Peng, A Takmaz, F Tombari, M Pollefeys, S Song, G Huang, ...",
      "venue": "European Conference on Computer Vision (ECCV), 2024",
      "year": 2024,
      "citations": 52
    },
    {
      "title": "Improving 2D Feature Representations by 3D-Aware Fine-Tuning",
      "url": "https://scholar.google.com/citations?view_op=view_citation&hl=en&user=-xOsXi8AAAAJ&citation_for_view=-xOsXi8AAAAJ:M05iB0D1s5AC",
      "authors": "Y Yue, A Das, F Engelmann, S Tang, J Lenssen",
      "venue": "European Conference on Computer Vision (ECCV), 2024, 2024",
      "year": 2024,
      "citations": 50
    },
    {
      "title": "Mask3D: Mask Transformer for 3D Semantic Instance Segmentation",
      "url": "https://scholar.google.com/citations?view_op=view_citation&hl=en&user=-xOsXi8AAAAJ&citation_for_view=-xOsXi8AAAAJ:ns9cj8rnVeAC",
      "authors": "J Schult, F Engelmann, A Hermans, O Litany, S Tang, B Leibe",
      "venue": "IEEE International Conference on Robotics and Automation (ICRA), 2023, 2023",
      "year": 2023,
      "citations": 400
    },
    {
      "title": "OpenMask3D: Open-Vocabulary 3D Instance Segmentation",
      "url": "https://scholar.google.com/citations?view_op=view_citation&hl=en&user=-xOsXi8AAAAJ&citation_for_view=-xOsXi8AAAAJ:hC7cP41nSMkC",
      "authors": "A Takmaz, E Fedele, RW Sumner, M Pollefeys, F Tombari, F Engelmann",
      "venue": "Conference on Neural Information Processing Systems (NeurIPS), 2023, 2023",
      "year": 2023,
      "citations": 262
    },
    {
      "title": "Connecting the Dots: Floorplan Reconstruction Using Two-Level Queries",
      "url": "https://scholar.google.com/citations?view_op=view_citation&hl=en&user=-xOsXi8AAAAJ&citation_for_view=-xOsXi8AAAAJ:7PzlFSSx8tAC",
      "authors": "Y Yue, T Kontogianni, K Schindler, F Engelmann",
      "venue": "IEEE/CVF Conference on Computer Vision and Pattern Recognition (CVPR), 2023, 2023",
      "year": 2023,
      "citations": 69
    },
    {
      "title": "Box2Mask: Weakly Supervised 3D Semantic Instance Segmentation Using Bounding Boxes",
      "url": "https://scholar.google.com/citations?view_op=view_citation&hl=en&user=-xOsXi8AAAAJ&citation_for_view=-xOsXi8AAAAJ:qxL8FJ1GzNcC",
      "authors": "J Chibane, F Engelmann, TA Tran, G Pons-Moll",
      "venue": "European Conference on Computer Vision (ECCV), 2022, 2022",
      "year": 2022,
      "citations": 87
    },
    {
      "title": "Or Litany, Siyu Tang, and Bastian Leibe. Mask3d for 3d semantic instance segmentation",
      "url": "https://scholar.google.com/citations?view_op=view_citation&hl=en&user=-xOsXi8AAAAJ&citation_for_view=-xOsXi8AAAAJ:70eg2SAEIzsC",
      "authors": "J Schult, F Engelmann, A Hermans",
      "venue": "arXiv preprint arXiv:2210.03105 1 (2), 3, 2022",
      "year": 2022,
      "citations": 45
    },
    {
      "title": "Mix3D: Out-of-Context Data Augmentation for 3D Scenes",
      "url": "https://scholar.google.com/citations?view_op=view_citation&hl=en&user=-xOsXi8AAAAJ&citation_for_view=-xOsXi8AAAAJ:KlAtU1dfN6UC",
      "authors": "A Nekrasov, J Schult, O Litany, B Leibe, F Engelmann",
      "venue": "International Conference on 3D Vision (3DV), 2021, 2021",
      "year": 2021,
      "citations": 186
    },
    {
      "title": "From Points to Multi-Object 3D Reconstruction",
      "url": "https://scholar.google.com/citations?view_op=view_citation&hl=en&user=-xOsXi8AAAAJ&citation_for_view=-xOsXi8AAAAJ:MXK_kJrjxJIC",
      "authors": "F Engelmann, K Rematas, B Leibe, V Ferrari",
      "venue": "IEEE/CVF Conference on Computer Vision and Pattern Recognition (CVPR), 2021, 2021",
      "year": 2021,
      "citations": 64
    },
    {
      "title": "3D-MPA: Multi-Proposal Aggregation for 3D Semantic Instance Segmentation",
      "url": "https://scholar.google.com/citations?view_op=view_citation&hl=en&user=-xOsXi8AAAAJ&citation_for_view=-xOsXi8AAAAJ:ufrVoPGSRksC",
      "authors": "F Engelmann, M Bokeloh, A Fathi, B Leibe, M Nießner",
      "venue": "IEEE Conference on Computer Vision and Pattern Recognition (CVPR'20), 2020",
      "year": 2020,
      "citations": 279
    },
    {
      "title": "Dilated Point Convolutions: On the Receptive Field Size of Point Convolutions on 3D Point Clouds",
      "url": "https://scholar.google.com/citations?view_op=view_citation&hl=en&user=-xOsXi8AAAAJ&citation_for_view=-xOsXi8AAAAJ:Tyk-4Ss8FVUC",
      "authors": "F Engelmann, T Kontogianni, B Leibe",
      "venue": "IEEE International Conference on Robotics and Automation (ICRA'20), 2020",
      "year": 2020,
      "citations": 152
    },
    {
      "title": "DualConvMesh-Net: Joint Geodesic and Euclidean Convolutions on 3D Meshes.",
      "url": "https://scholar.google.com/citations?view_op=view_citation&hl=en&user=-xOsXi8AAAAJ&citation_for_view=-xOsXi8AAAAJ:GnPB-g6toBAC",
      "authors": "J Schult*, F Engelmann*, T Kontogianni, B Leibe",
      "venue": "IEEE/CVF Conference on Computer Vision and Pattern Recognition (CVPR'20), 2020",
      "year": 2020,
      "citations": 117
    },
    {
      "title": "3D-BEVIS: Bird’s-Eye-View Instance Segmentation",
      "url": "https://scholar.google.com/citations?view_op=view_citation&hl=en&user=-xOsXi8AAAAJ&citation_for_view=-xOsXi8AAAAJ:Y0pCki6q_DkC",
      "authors": "C Elich, F Engelmann, T Kontogianni, B Leibe",
      "venue": "German Conference on Pattern Recognition, 48-61, 2019",
      "year": 2019,
      "citations": 80
    },
    {
      "title": "Know What Your Neighbors Do: 3D Semantic Segmentation of Point Clouds",
      "url": "https://scholar.google.com/citations?view_op=view_citation&hl=en&user=-xOsXi8AAAAJ&citation_for_view=-xOsXi8AAAAJ:UeHWp8X0CEIC",
      "authors": "F Engelmann, T Kontogianni, J Schult, B Leibe",
      "venue": "IEEE European Conference on Computer Vision, GMDL Workshop (ECCV'18), 2018",
      "year": 2018,
      "citations": 141
    },
    {
      "title": "Exploring Spatial Context for 3D Semantic Segmentation of Point Clouds",
      "url": "https://scholar.google.com/citations?view_op=view_citation&hl=en&user=-xOsXi8AAAAJ&citation_for_view=-xOsXi8AAAAJ:qjMakFHDy7sC",
      "authors": "F Engelmann, T Kontogianni, A Hermans, B Leibe",
      "venue": "Proceedings of the IEEE International Conference on Computer Vision, 3DRMS …, 2017",
      "year": 2017,
      "citations": 341
    },
    {
      "title": "Keyframe-based Visual-inertial Online SLAM with Relocalization",
      "url": "https://scholar.google.com/citations?view_op=view_citation&hl=en&user=-xOsXi8AAAAJ&citation_for_view=-xOsXi8AAAAJ:Se3iqnhoufwC",
      "authors": "A Kasyanov, F Engelmann, J Stckler, B Leibe",
      "venue": "RSJ International Conference on Intelligent Robots and Systems (IROS), 6662-6669, 2017",
      "year": 2017,
      "citations": 64
    },
    {
      "title": "Joint Object Pose Estimation and Shape Reconstruction in Urban Street Scenes Using 3D Shape Priors",
      "url": "https://scholar.google.com/citations?view_op=view_citation&hl=en&user=-xOsXi8AAAAJ&citation_for_view=-xOsXi8AAAAJ:u-x6o8ySG0sC",
      "authors": "F Engelmann, J Stückler, B Leibe",
      "venue": "German Conference on Pattern Recognition (GCPR'16), 219-230, 2016",
      "year": 2016,
      "citations": 72
    },
    {
      "title": "Multi-scale Object Candidates for Generic Object Tracking in Street Scenes",
      "url": "https://scholar.google.com/citations?view_op=view_citation&hl=en&user=-xOsXi8AAAAJ&citation_for_view=-xOsXi8AAAAJ:QIV2ME_5wuYC",
      "authors": "A Ošep, A Hermans, F Engelmann, D Klostermann, M Mathias, B Leibe",
      "venue": "IEEE International Conference on Robotics and Automation (ICRA), 2016, 3180-3187, 2016",
      "year": 2016,
      "citations": 53
    }
  ],
  "co_authors": [
    {
      "name": "Bastian Leibe",
      "scholar_id": "ZcULDB0AAAAJ",
      "url": "https://scholar.google.com/citations?user=ZcULDB0AAAAJ"
    },
    {
      "name": "Marc Pollefeys",
      "scholar_id": "YYH0BjEAAAAJ",
      "url": "https://scholar.google.com/citations?user=YYH0BjEAAAAJ"
    },
    {
      "name": "Jonas Schult",
      "scholar_id": "iW4T05IAAAAJ",
      "url": "https://scholar.google.com/citations?user=iW4T05IAAAAJ"
    },
    {
      "name": "Theodora Kontogianni",
      "scholar_id": "QVJIkWwAAAAJ",
      "url": "https://scholar.google.com/citations?user=QVJIkWwAAAAJ"
    },
    {
      "name": "Federico Tombari",
      "scholar_id": "TFsE4BIAAAAJ",
      "url": "https://scholar.google.com/citations?user=TFsE4BIAAAAJ"
    },
    {
      "name": "Ayca Takmaz",
      "scholar_id": "q8cyjtcAAAAJ",
      "url": "https://scholar.google.com/citations?user=q8cyjtcAAAAJ"
    },
    {
      "name": "Siyu Tang",
      "scholar_id": "BUDh_4wAAAAJ",
      "url": "https://scholar.google.com/citations?user=BUDh_4wAAAAJ"
    },
    {
      "name": "Or Litany",
      "scholar_id": "Ihs8dwsAAAAJ",
      "url": "https://scholar.google.com/citations?user=Ihs8dwsAAAAJ"
    },
    {
      "name": "Yuanwen Yue",
      "scholar_id": "rO_8EHsAAAAJ",
      "url": "https://scholar.google.com/citations?user=rO_8EHsAAAAJ"
    },
    {
      "name": "Elisabetta Fedele",
      "scholar_id": "LxISK5sAAAAJ",
      "url": "https://scholar.google.com/citations?user=LxISK5sAAAAJ"
    },
    {
      "name": "Leonidas Guibas",
      "scholar_id": "5JlEyTAAAAAJ",
      "url": "https://scholar.google.com/citations?user=5JlEyTAAAAAJ"
    },
    {
      "name": "Konrad Schindler",
      "scholar_id": "FZuNgqIAAAAJ",
      "url": "https://scholar.google.com/citations?user=FZuNgqIAAAAJ"
    },
    {
      "name": "Alexandros Delitzas",
      "scholar_id": "1NH2hXoAAAAJ",
      "url": "https://scholar.google.com/citations?user=1NH2hXoAAAAJ"
    },
    {
      "name": "Keisuke Tateno",
      "scholar_id": "ml3laqEAAAAJ",
      "url": "https://scholar.google.com/citations?user=ml3laqEAAAAJ"
    },
    {
      "name": "Martin Bokeloh",
      "scholar_id": "2BNtbXMAAAAJ",
      "url": "https://scholar.google.com/citations?user=2BNtbXMAAAAJ"
    },
    {
      "name": "Matthias Nießner",
      "scholar_id": "eUtEs6YAAAAJ",
      "url": "https://scholar.google.com/citations?user=eUtEs6YAAAAJ"
    },
    {
      "name": "Songyou Peng",
      "scholar_id": "eNypkO0AAAAJ",
      "url": "https://scholar.google.com/citations?user=eNypkO0AAAAJ"
    },
    {
      "name": "Julian Chibane",
      "scholar_id": "U4tFPMQAAAAJ",
      "url": "https://scholar.google.com/citations?user=U4tFPMQAAAAJ"
    },
    {
      "name": "Gerard Pons-Moll",
      "scholar_id": "OpXMNnMAAAAJ",
      "url": "https://scholar.google.com/citations?user=OpXMNnMAAAAJ"
    },
    {
      "name": "Alexey Nekrasov",
      "scholar_id": "xJW2v3cAAAAJ",
      "url": "https://scholar.google.com/citations?user=xJW2v3cAAAAJ"
    }
  ]
}