{
  "author_info": {
    "name": "Haozhe Cheng",
    "affiliation": "Xi'an Jiaotong University",
    "email_verified": "Verified email at stu.xjtu.edu.cn",
    "interests": [
      "3D vision",
      "Deep learning"
    ],
    "photo_url": "https://scholar.googleusercontent.com/citations?view_op=view_photo&user=06JuApUAAAAJ&citpid=4"
  },
  "citation_stats": {
    "citations_all": 120,
    "citations_since_2020": 120,
    "h_index_all": 5,
    "h_index_since_2020": 5,
    "i10_index_all": 3,
    "i10_index_since_2020": 3,
    "citation_graph": [
      {
        "year": 2021,
        "citations": 1
      },
      {
        "year": 2022,
        "citations": 6
      },
      {
        "year": 2023,
        "citations": 19
      },
      {
        "year": 2024,
        "citations": 46
      },
      {
        "year": 2025,
        "citations": 46
      }
    ]
  },
  "papers": [
    {
      "title": "Neighbor-Based Completion for Addressing Incomplete Multiview Clustering",
      "url": "https://scholar.google.com/citations?view_op=view_citation&hl=en&user=06JuApUAAAAJ&citation_for_view=06JuApUAAAAJ:Se3iqnhoufwC",
      "authors": "W Yan, J Zhu, Y Zhou, J Chen, H Cheng, K Yue, Q Zheng",
      "venue": "IEEE Transactions on Neural Networks and Learning Systems, 2025",
      "year": 2025,
      "citations": 3
    },
    {
      "title": "Partially multi-view clustering via re-alignment",
      "url": "https://scholar.google.com/citations?view_op=view_citation&hl=en&user=06JuApUAAAAJ&citation_for_view=06JuApUAAAAJ:_FxGoFyzp5QC",
      "authors": "W Yan, J Zhu, J Chen, H Cheng, S Bai, L Duan, Q Zheng",
      "venue": "Neural Networks 182, 106884, 2025",
      "year": 2025,
      "citations": 3
    },
    {
      "title": "Label distribution-driven multi-view representation learning",
      "url": "https://scholar.google.com/citations?view_op=view_citation&hl=en&user=06JuApUAAAAJ&citation_for_view=06JuApUAAAAJ:eQOLeE2rZwMC",
      "authors": "W Yan, M Wu, Y Zhou, Q Zheng, J Chen, H Cheng, J Zhu",
      "venue": "Information Fusion 115, 102727, 2025",
      "year": 2025,
      "citations": 1
    },
    {
      "title": "BeyondPoints: Curve Fusion and Attention-Driven Local Feature Learning for 3D Semantic Segmentation",
      "url": "https://scholar.google.com/citations?view_op=view_citation&hl=en&user=06JuApUAAAAJ&citation_for_view=06JuApUAAAAJ:LkGwnXOMwfcC",
      "authors": "L Luo, J Lu, K Zhang, H Cheng, X Chen",
      "venue": "IEEE Internet of Things Journal, 2025",
      "year": 2025,
      "citations": 1
    },
    {
      "title": "HyperPoint: Multimodal 3D Foundation Model in Hyperbolic Space",
      "url": "https://scholar.google.com/citations?view_op=view_citation&hl=en&user=06JuApUAAAAJ&citation_for_view=06JuApUAAAAJ:5nxA0vEk-isC",
      "authors": "Y Sun, H Cheng, C Lu, Z Li, M Wu, H Lu, J Zhu",
      "venue": "Pattern Recognition, 112800, 2025",
      "year": 2025,
      "citations": 0
    },
    {
      "title": "PointFM: Point Cloud Understanding by Flow Matching",
      "url": "https://scholar.google.com/citations?view_op=view_citation&hl=en&user=06JuApUAAAAJ&citation_for_view=06JuApUAAAAJ:hqOjcs7Dif8C",
      "authors": "H Cheng, L Wei, W Wang, J Lu, J Xiao, J Zhu",
      "venue": "IEEE Robotics and Automation Letters, 2025",
      "year": 2025,
      "citations": 0
    },
    {
      "title": "Graph Variational Multi-View Clustering",
      "url": "https://scholar.google.com/citations?view_op=view_citation&hl=en&user=06JuApUAAAAJ&citation_for_view=06JuApUAAAAJ:UebtZRa9Y70C",
      "authors": "W Yan, J Zhu, J Chen, H Cheng, Q Zheng",
      "venue": "IEEE Transactions on Circuits and Systems for Video Technology 35 (10), 9804 …, 2025",
      "year": 2025,
      "citations": 0
    },
    {
      "title": "EDGCNet: Joint dynamic hyperbolic graph convolution and dual squeeze-and-attention for 3D point cloud segmentation",
      "url": "https://scholar.google.com/citations?view_op=view_citation&hl=en&user=06JuApUAAAAJ&citation_for_view=06JuApUAAAAJ:IjCSPb-OGe4C",
      "authors": "H Cheng, J Zhu, J Lu, X Han",
      "venue": "Expert Systems with Applications 237, 121551, 2024",
      "year": 2024,
      "citations": 19
    },
    {
      "title": "Multi-trusted cross-modal information bottleneck for 3d self-supervised representation learning",
      "url": "https://scholar.google.com/citations?view_op=view_citation&hl=en&user=06JuApUAAAAJ&citation_for_view=06JuApUAAAAJ:zYLM7Y9cAGgC",
      "authors": "H Cheng, X Han, P Shi, J Zhu, Z Li",
      "venue": "Knowledge-Based Systems 283, 111217, 2024",
      "year": 2024,
      "citations": 5
    },
    {
      "title": "3D-JEPA: A Joint Embedding Predictive Architecture for 3D Self-Supervised Representation Learning",
      "url": "https://scholar.google.com/citations?view_op=view_citation&hl=en&user=06JuApUAAAAJ&citation_for_view=06JuApUAAAAJ:YsMSGLbcyi4C",
      "authors": "N Hu, H Cheng, Y Xie, S Li, J Zhu",
      "venue": "arXiv preprint arXiv:2409.15803, 2024",
      "year": 2024,
      "citations": 4
    },
    {
      "title": "Ptm: Torus masking for 3d representation learning guided by robust and trusted teachers",
      "url": "https://scholar.google.com/citations?view_op=view_citation&hl=en&user=06JuApUAAAAJ&citation_for_view=06JuApUAAAAJ:Y0pCki6q_DkC",
      "authors": "H Cheng, J Zhu, N Hu, J Chen, W Yan",
      "venue": "IEEE Transactions on Circuits and Systems for Video Technology, 2024",
      "year": 2024,
      "citations": 4
    },
    {
      "title": "Hyperbolic Image-and-Pointcloud Contrastive Learning for 3D Classification",
      "url": "https://scholar.google.com/citations?view_op=view_citation&hl=en&user=06JuApUAAAAJ&citation_for_view=06JuApUAAAAJ:W7OEmFMy1HYC",
      "authors": "N Hu, H Cheng, Y Xie, P Shi, J Zhu",
      "venue": "2024 IEEE/RSJ International Conference on Intelligent Robots and Systems …, 2024",
      "year": 2024,
      "citations": 2
    },
    {
      "title": "Trusted 3D self-supervised representation learning with cross-modal settings",
      "url": "https://scholar.google.com/citations?view_op=view_citation&hl=en&user=06JuApUAAAAJ&citation_for_view=06JuApUAAAAJ:Tyk-4Ss8FVUC",
      "authors": "X Han, H Cheng, P Shi, J Zhu",
      "venue": "Machine Vision and Applications 35 (4), 77, 2024",
      "year": 2024,
      "citations": 2
    },
    {
      "title": "DualGenerator: Information interaction-based generative network for point cloud completion",
      "url": "https://scholar.google.com/citations?view_op=view_citation&hl=en&user=06JuApUAAAAJ&citation_for_view=06JuApUAAAAJ:qjMakFHDy7sC",
      "authors": "P Shi, H Cheng, X Han, Y Zhou, J Zhu",
      "venue": "IEEE Robotics and Automation Letters 8 (10), 6627-6634, 2023",
      "year": 2023,
      "citations": 9
    },
    {
      "title": "Overlap bias matching is necessary for point cloud registration",
      "url": "https://scholar.google.com/citations?view_op=view_citation&hl=en&user=06JuApUAAAAJ&citation_for_view=06JuApUAAAAJ:UeHWp8X0CEIC",
      "authors": "P Shi, J Zhang, H Cheng, J Wang, Y Zhou, C Zhao, J Zhu",
      "venue": "arXiv preprint arXiv:2308.09364, 2023",
      "year": 2023,
      "citations": 3
    },
    {
      "title": "Transition information enhanced disentangled graph neural networks for session-based recommendation",
      "url": "https://scholar.google.com/citations?view_op=view_citation&hl=en&user=06JuApUAAAAJ&citation_for_view=06JuApUAAAAJ:u-x6o8ySG0sC",
      "authors": "A Li, J Zhu, Z Li, H Cheng",
      "venue": "Expert Systems with Applications 210, 118336, 2022",
      "year": 2022,
      "citations": 13
    },
    {
      "title": "PTANet: Triple attention network for point cloud semantic segmentation",
      "url": "https://scholar.google.com/citations?view_op=view_citation&hl=en&user=06JuApUAAAAJ&citation_for_view=06JuApUAAAAJ:9yKSN-GCB0IC",
      "authors": "H Cheng, J Lu, M Luo, W Liu, K Zhang",
      "venue": "Engineering Applications of Artificial Intelligence 102, 104239, 2021",
      "year": 2021,
      "citations": 38
    },
    {
      "title": "DenseConv for 3D point set upsampling",
      "url": "https://scholar.google.com/citations?view_op=view_citation&hl=en&user=06JuApUAAAAJ&citation_for_view=06JuApUAAAAJ:d1gkVwhDpl0C",
      "authors": "J Lu, Z Li, H Cheng, X Jia, K Zhang",
      "venue": "Electronics Letters 57 (10), 397-399, 2021",
      "year": 2021,
      "citations": 1
    },
    {
      "title": "PUConv: Upsampling convolutional network for point cloud semantic segmentation",
      "url": "https://scholar.google.com/citations?view_op=view_citation&hl=en&user=06JuApUAAAAJ&citation_for_view=06JuApUAAAAJ:2osOgNQ5qMEC",
      "authors": "J Lu, H Cheng, M Luo, T Liu, K Zhang",
      "venue": "Electronics letters 56 (9), 435-438, 2020",
      "year": 2020,
      "citations": 7
    },
    {
      "title": "PFCN: a fully convolutional network for point cloud semantic segmentation",
      "url": "https://scholar.google.com/citations?view_op=view_citation&hl=en&user=06JuApUAAAAJ&citation_for_view=06JuApUAAAAJ:u5HHmVD_uO8C",
      "authors": "J Lu, T Liu, M Luo, H Cheng, K Zhang",
      "venue": "Electronics Letters 55 (20), 1088-1090, 2019",
      "year": 2019,
      "citations": 5
    }
  ],
  "co_authors": [
    {
      "name": "jihua zhu",
      "scholar_id": "JcN97sQAAAAJ",
      "url": "https://scholar.google.com/citations?user=JcN97sQAAAAJ"
    },
    {
      "name": "Yiyang Zhou",
      "scholar_id": "6KltFMAAAAAJ",
      "url": "https://scholar.google.com/citations?user=6KltFMAAAAAJ"
    },
    {
      "name": "Zhongyu Li",
      "scholar_id": "S2FbC8oAAAAJ",
      "url": "https://scholar.google.com/citations?user=S2FbC8oAAAAJ"
    }
  ]
}