{
  "author_info": {
    "name": "Yi Yang",
    "affiliation": "KTH Royal Institute of Technology",
    "email_verified": "Verified email at kth.se",
    "interests": [
      "machine learning",
      "motion prediction",
      "autonomous driving"
    ],
    "photo_url": "/citations/images/avatar_scholar_128.png"
  },
  "citation_stats": {
    "citations_all": 123,
    "citations_since_2020": 123,
    "h_index_all": 5,
    "h_index_since_2020": 5,
    "i10_index_all": 4,
    "i10_index_since_2020": 4,
    "citation_graph": [
      {
        "year": 2023,
        "citations": 2
      },
      {
        "year": 2024,
        "citations": 41
      },
      {
        "year": 2025,
        "citations": 79
      }
    ]
  },
  "papers": [
    {
      "title": "HiMo: High-Speed Objects Motion Compensation in Point Clouds",
      "url": "https://scholar.google.com/citations?view_op=view_citation&hl=en&user=01M8SFIAAAAJ&citation_for_view=01M8SFIAAAAJ:_FxGoFyzp5QC",
      "authors": "Q Zhang, A Khoche, Y Yang, L Ling, SS Mansouri, O Andersson, ...",
      "venue": "arXiv preprint arXiv:2503.00803, 2025",
      "year": 2025,
      "citations": 2
    },
    {
      "title": "Ensemble of pre-trained models for long-tailed trajectory prediction",
      "url": "https://scholar.google.com/citations?view_op=view_citation&hl=en&user=01M8SFIAAAAJ&citation_for_view=01M8SFIAAAAJ:roLk4NBRz8UC",
      "authors": "D Thuremella, Y Yang, S Wanna, L Kunze, D De Martini",
      "venue": "arXiv preprint arXiv:2509.13914, 2025",
      "year": 2025,
      "citations": 0
    },
    {
      "title": "AutoScale: Linear Scalarization Guided by Multi-Task Optimization Metrics",
      "url": "https://scholar.google.com/citations?view_op=view_citation&hl=en&user=01M8SFIAAAAJ&citation_for_view=01M8SFIAAAAJ:LkGwnXOMwfcC",
      "authors": "Y Yang, K Ikemura, Q Zhang, X Zhu, C Li, N Batool, SS Mansouri, ...",
      "venue": "arXiv preprint arXiv:2508.13979, 2025",
      "year": 2025,
      "citations": 0
    },
    {
      "title": "Human-centric autonomous systems with llms for user command reasoning",
      "url": "https://scholar.google.com/citations?view_op=view_citation&hl=en&user=01M8SFIAAAAJ&citation_for_view=01M8SFIAAAAJ:zYLM7Y9cAGgC",
      "authors": "Y Yang, Q Zhang, C Li, DS Marta, N Batool, J Folkesson",
      "venue": "Proceedings of the IEEE/CVF Winter Conference on Applications of Computer …, 2024",
      "year": 2024,
      "citations": 42
    },
    {
      "title": "Seflow: A self-supervised scene flow method in autonomous driving",
      "url": "https://scholar.google.com/citations?view_op=view_citation&hl=en&user=01M8SFIAAAAJ&citation_for_view=01M8SFIAAAAJ:W7OEmFMy1HYC",
      "authors": "Q Zhang, Y Yang, P Li, O Andersson, P Jensfelt",
      "venue": "European Conference on Computer Vision, 353-369, 2024",
      "year": 2024,
      "citations": 29
    },
    {
      "title": "DeFlow: Decoder of scene flow network in autonomous driving",
      "url": "https://scholar.google.com/citations?view_op=view_citation&hl=en&user=01M8SFIAAAAJ&citation_for_view=01M8SFIAAAAJ:Tyk-4Ss8FVUC",
      "authors": "Q Zhang, Y Yang, H Fang, R Geng, P Jensfelt",
      "venue": "2024 IEEE International Conference on Robotics and Automation (ICRA), 2105-2111, 2024",
      "year": 2024,
      "citations": 29
    },
    {
      "title": "Hard cases detection in motion prediction by vision-language foundation models",
      "url": "https://scholar.google.com/citations?view_op=view_citation&hl=en&user=01M8SFIAAAAJ&citation_for_view=01M8SFIAAAAJ:Y0pCki6q_DkC",
      "authors": "Y Yang, Q Zhang, K Ikemura, N Batool, J Folkesson",
      "venue": "2024 IEEE Intelligent Vehicles Symposium (IV), 2405-2412, 2024",
      "year": 2024,
      "citations": 7
    },
    {
      "title": "Dessie: Disentanglement for Articulated 3D Horse Shape and Pose Estimation from Images",
      "url": "https://scholar.google.com/citations?view_op=view_citation&hl=en&user=01M8SFIAAAAJ&citation_for_view=01M8SFIAAAAJ:WF5omc3nYNoC",
      "authors": "C Li, Y Yang, Z Weng, E Hernlund, S Zuffi, H Kjellström",
      "venue": "Proceedings of the Asian Conference on Computer Vision, 764-783, 2024",
      "year": 2024,
      "citations": 4
    },
    {
      "title": "Rmp: A random mask pretrain framework for motion prediction",
      "url": "https://scholar.google.com/citations?view_op=view_citation&hl=en&user=01M8SFIAAAAJ&citation_for_view=01M8SFIAAAAJ:IjCSPb-OGe4C",
      "authors": "Y Yang, Q Zhang, T Gilles, N Batool, J Folkesson",
      "venue": "2023 IEEE 26th International Conference on Intelligent Transportation …, 2023",
      "year": 2023,
      "citations": 10
    },
    {
      "title": "Automatic Online Calibration Between Lidar and Camera",
      "url": "https://scholar.google.com/citations?view_op=view_citation&hl=en&user=01M8SFIAAAAJ&citation_for_view=01M8SFIAAAAJ:UeHWp8X0CEIC",
      "authors": "Y Yang",
      "venue": "",
      "citations": 0,
      "year": 2019
    },
    {
      "title": "Supplementary Material for: Dessie: Disentanglement for Articulated 3D Horse Shape and Pose Estimation from Images",
      "url": "https://scholar.google.com/citations?view_op=view_citation&hl=en&user=01M8SFIAAAAJ&citation_for_view=01M8SFIAAAAJ:ufrVoPGSRksC",
      "authors": "C Li, Y Yang, Z Weng, E Hernlund, S Zuffi, H Kjellström",
      "venue": "",
      "citations": 0
    },
    {
      "title": "SeFlow Supplementary Material",
      "url": "https://scholar.google.com/citations?view_op=view_citation&hl=en&user=01M8SFIAAAAJ&citation_for_view=01M8SFIAAAAJ:eQOLeE2rZwMC",
      "authors": "Q Zhang, Y Yang, P Li, O Andersson, P Jensfelt",
      "venue": "",
      "citations": 0
    }
  ],
  "co_authors": []
}