{
  "author_info": {
    "name": "Dim P. Papadopoulos",
    "affiliation": "Associate Professor, Technical University of Denmark",
    "email_verified": "Verified email at dtu.dk - Homepage",
    "website": "https://dimipapa.github.io/",
    "interests": [
      "Computer Vision",
      "Machine Learning"
    ],
    "photo_url": "https://scholar.googleusercontent.com/citations?view_op=view_photo&user=-_JAhdQAAAAJ&citpid=2"
  },
  "citation_stats": {
    "citations_all": 1552,
    "citations_since_2020": 1088,
    "h_index_all": 16,
    "h_index_since_2020": 13,
    "i10_index_all": 16,
    "i10_index_since_2020": 14,
    "citation_graph": [
      {
        "year": 2013,
        "citations": 5
      },
      {
        "year": 2014,
        "citations": 8
      },
      {
        "year": 2015,
        "citations": 35
      },
      {
        "year": 2016,
        "citations": 39
      },
      {
        "year": 2017,
        "citations": 73
      },
      {
        "year": 2018,
        "citations": 126
      },
      {
        "year": 2019,
        "citations": 164
      },
      {
        "year": 2020,
        "citations": 152
      },
      {
        "year": 2021,
        "citations": 199
      },
      {
        "year": 2022,
        "citations": 150
      },
      {
        "year": 2023,
        "citations": 192
      },
      {
        "year": 2024,
        "citations": 197
      },
      {
        "year": 2025,
        "citations": 193
      }
    ]
  },
  "papers": [
    {
      "title": "Learning the What and How of Annotation in Video Object Segmentation",
      "url": "https://scholar.google.com/citations?view_op=view_citation&hl=en&user=-_JAhdQAAAAJ&citation_for_view=-_JAhdQAAAAJ:Zh0EY9V9P6UC",
      "authors": "T Delatolas, V Kalogeiton, DP Papadopoulos",
      "venue": "Proceedings of the IEEE/CVF Winter Conference on Applications of Computer …, 2024",
      "year": 2024,
      "citations": 22
    },
    {
      "title": "Latent directions: A simple pathway to bias mitigation in generative ai",
      "url": "https://scholar.google.com/citations?view_op=view_citation&hl=en&user=-_JAhdQAAAAJ&citation_for_view=-_JAhdQAAAAJ:s9ia6_kGH2AC",
      "authors": "CL Olmos, A Neophytou, S Sengupta, DP Papadopoulos",
      "venue": "Proceedings of the IEEE/CVF Conference on Computer Vision and Pattern …, 2024",
      "year": 2024,
      "citations": 8
    },
    {
      "title": "CrashCar101: Procedural Generation for Damage Assessment",
      "url": "https://scholar.google.com/citations?view_op=view_citation&hl=en&user=-_JAhdQAAAAJ&citation_for_view=-_JAhdQAAAAJ:8dzOF9BpDQoC",
      "authors": "J Parslov, E Riise, DP Papadopoulos",
      "venue": "Proceedings of the IEEE/CVF Winter Conference on Applications of Computer …, 2024",
      "year": 2024,
      "citations": 7
    },
    {
      "title": "Learning Program Representations for Food Images and Cooking Recipes",
      "url": "https://scholar.google.com/citations?view_op=view_citation&hl=en&user=-_JAhdQAAAAJ&citation_for_view=-_JAhdQAAAAJ:JP7YXuLIOvAC",
      "authors": "DP Papadopoulos, E Mora, N Chepurko, KW Huang, F Ofli, A Torralba",
      "venue": "Proceedings of the IEEE/CVF Conference on Computer Vision and Pattern …, 2022",
      "year": 2022,
      "citations": 52
    },
    {
      "title": "Incidents1M: a large-scale dataset of images with natural disasters, damage, and incidents",
      "url": "https://scholar.google.com/citations?view_op=view_citation&hl=en&user=-_JAhdQAAAAJ&citation_for_view=-_JAhdQAAAAJ:MIg0yeAD4ggC",
      "authors": "E Weber, DP Papadopoulos, A Lapedriza, F Ofli, M Imran, A Torralba",
      "venue": "IEEE transactions on pattern analysis and machine intelligence 45 (4), 4768-4781, 2022",
      "year": 2022,
      "citations": 50
    },
    {
      "title": "Scaling Up Instance Annotation via Label Propagation",
      "url": "https://scholar.google.com/citations?view_op=view_citation&hl=en&user=-_JAhdQAAAAJ&citation_for_view=-_JAhdQAAAAJ:T_ojBgVMvoEC",
      "authors": "DP Papadopoulos, E Weber, A Torralba",
      "venue": "Proceedings of the IEEE/CVF International Conference on Computer Vision …, 2021",
      "year": 2021,
      "citations": 20
    },
    {
      "title": "Detecting natural disasters, damage, and incidents in the wild",
      "url": "https://scholar.google.com/citations?view_op=view_citation&hl=en&user=-_JAhdQAAAAJ&citation_for_view=-_JAhdQAAAAJ:tHtfpZlB6tUC",
      "authors": "E Weber, N Marzo, DP Papadopoulos, A Biswas, A Lapedriza, F Ofli, ...",
      "venue": "European conference on computer vision, 331-350, 2020",
      "year": 2020,
      "citations": 86
    },
    {
      "title": "How to Make a Pizza: Learning a Compositional Layer-Based GAN Model",
      "url": "https://scholar.google.com/citations?view_op=view_citation&hl=en&user=-_JAhdQAAAAJ&citation_for_view=-_JAhdQAAAAJ:5qfkUJPXOUwC",
      "authors": "DP Papadopoulos, Y Tamaazousti, F Ofli, I Weber, A Torralba",
      "venue": "Proceedings of the IEEE Conference on Computer Vision and Pattern …, 2019",
      "year": 2019,
      "citations": 53
    },
    {
      "title": "Extreme clicking for efficient object annotation",
      "url": "https://scholar.google.com/citations?view_op=view_citation&hl=en&user=-_JAhdQAAAAJ&citation_for_view=-_JAhdQAAAAJ:UebtZRa9Y70C",
      "authors": "DP Papadopoulos, JRR Uijlings, F Keller, V Ferrari",
      "venue": "Proceedings of the IEEE International Conference on Computer Vision, 4930-4939, 2017",
      "year": 2017,
      "citations": 351
    },
    {
      "title": "Training object class detectors with click supervision",
      "url": "https://scholar.google.com/citations?view_op=view_citation&hl=en&user=-_JAhdQAAAAJ&citation_for_view=-_JAhdQAAAAJ:LkGwnXOMwfcC",
      "authors": "DP Papadopoulos, JRR Uijlings, F Keller, V Ferrari",
      "venue": "Proceedings of the IEEE Conference on Computer Vision and Pattern …, 2017",
      "year": 2017,
      "citations": 168
    },
    {
      "title": "Programmable crossbar quantum-dot cellular automata circuits",
      "url": "https://scholar.google.com/citations?view_op=view_citation&hl=en&user=-_JAhdQAAAAJ&citation_for_view=-_JAhdQAAAAJ:eQOLeE2rZwMC",
      "authors": "VS Kalogeiton, DP Papadopoulos, O Liolis, VA Mardiris, GC Sirakoulis, ...",
      "venue": "IEEE Transactions on Computer-Aided Design of Integrated Circuits and …, 2017",
      "year": 2017,
      "citations": 44
    },
    {
      "title": "We don't need no bounding-boxes: Training object class detectors using only human verification",
      "url": "https://scholar.google.com/citations?view_op=view_citation&hl=en&user=-_JAhdQAAAAJ&citation_for_view=-_JAhdQAAAAJ:W7OEmFMy1HYC",
      "authors": "DP Papadopoulos, JRR Uijlings, F Keller, V Ferrari",
      "venue": "Proceedings of the IEEE Conference on Computer Vision and Pattern …, 2016",
      "year": 2016,
      "citations": 188
    },
    {
      "title": "How Hard Can It Be? Estimating the Difficulty of Visual Search in an Image",
      "url": "https://scholar.google.com/citations?view_op=view_citation&hl=en&user=-_JAhdQAAAAJ&citation_for_view=-_JAhdQAAAAJ:WF5omc3nYNoC",
      "authors": "R Tudor Ionescu, B Alexe, M Leordeanu, M Popescu, DP Papadopoulos, ...",
      "venue": "Proceedings of the IEEE Conference on Computer Vision and Pattern …, 2016",
      "year": 2016,
      "citations": 171
    },
    {
      "title": "Cellular automaton model of crowd evacuation inspired by slime mould",
      "url": "https://scholar.google.com/citations?view_op=view_citation&hl=en&user=-_JAhdQAAAAJ&citation_for_view=-_JAhdQAAAAJ:Tyk-4Ss8FVUC",
      "authors": "VS Kalogeiton, DP Papadopoulos, IP Georgilas, GC Sirakoulis, ...",
      "venue": "International Journal of General Systems 44 (3), 354-391, 2015",
      "year": 2015,
      "citations": 49
    },
    {
      "title": "Biomimicry of crowd evacuation with a slime mould cellular automaton model",
      "url": "https://scholar.google.com/citations?view_op=view_citation&hl=en&user=-_JAhdQAAAAJ&citation_for_view=-_JAhdQAAAAJ:Y0pCki6q_DkC",
      "authors": "VS Kalogeiton, DP Papadopoulos, IP Georgilas, GC Sirakoulis, ...",
      "venue": "Computational Intelligence, Medicine and Biology, 123-151, 2015",
      "year": 2015,
      "citations": 7
    },
    {
      "title": "Training object class detectors from eye tracking data",
      "url": "https://scholar.google.com/citations?view_op=view_citation&hl=en&user=-_JAhdQAAAAJ&citation_for_view=-_JAhdQAAAAJ:IjCSPb-OGe4C",
      "authors": "DP Papadopoulos, ADF Clarke, F Keller, V Ferrari",
      "venue": "European Conference on Computer Vision, 361-376, 2014",
      "year": 2014,
      "citations": 192
    },
    {
      "title": "Hey Physarum! Can you Perform SLAM?",
      "url": "https://scholar.google.com/citations?view_op=view_citation&hl=en&user=-_JAhdQAAAAJ&citation_for_view=-_JAhdQAAAAJ:UeHWp8X0CEIC",
      "authors": "VS KALOGEITON, DIMP PAPADOPOULOS, GCH SIRAKOULIS",
      "venue": "International Journal of Unconventional Computing 10 (4), 2014",
      "year": 2014,
      "citations": 21
    },
    {
      "title": "Automatic summarization and annotation of videos with lack of metadata information",
      "url": "https://scholar.google.com/citations?view_op=view_citation&hl=en&user=-_JAhdQAAAAJ&citation_for_view=-_JAhdQAAAAJ:2osOgNQ5qMEC",
      "authors": "DP Papadopoulos, VS Kalogeiton, SA Chatzichristofis, N Papamarkos",
      "venue": "Expert Systems with Applications 40 (14), 5765-5778, 2013",
      "year": 2013,
      "citations": 29
    },
    {
      "title": "Morphological Edge Detector Implemented in Quantum Cellular Automata",
      "url": "https://scholar.google.com/citations?view_op=view_citation&hl=en&user=-_JAhdQAAAAJ&citation_for_view=-_JAhdQAAAAJ:qjMakFHDy7sC",
      "authors": "O Liolis, VS Kalogeiton, DP Papadopoulos, GC Sirakoulis, V Mardiris, ...",
      "venue": "Imaging Systems and Techniques (IST), 2013 IEEE International Conference on …, 2013",
      "year": 2013,
      "citations": 4
    },
    {
      "title": "Video summarization using a self-growing and self-organized neural gas network",
      "url": "https://scholar.google.com/citations?view_op=view_citation&hl=en&user=-_JAhdQAAAAJ&citation_for_view=-_JAhdQAAAAJ:u-x6o8ySG0sC",
      "authors": "DP Papadopoulos, SA Chatzichristofis, N Papamarkos",
      "venue": "Computer Vision/Computer Graphics Collaboration Techniques, 216-226, 2011",
      "year": 2011,
      "citations": 17
    }
  ],
  "co_authors": [
    {
      "name": "Vittorio Ferrari",
      "scholar_id": "4QvYJ00AAAAJ",
      "url": "https://scholar.google.com/citations?user=4QvYJ00AAAAJ"
    },
    {
      "name": "Frank Keller",
      "scholar_id": "-lbtnAgAAAAJ",
      "url": "https://scholar.google.com/citations?user=-lbtnAgAAAAJ"
    },
    {
      "name": "Vicky Kalogeiton",
      "scholar_id": "gIRvhKkAAAAJ",
      "url": "https://scholar.google.com/citations?user=gIRvhKkAAAAJ"
    },
    {
      "name": "Jasper R. R. Uijlings",
      "scholar_id": "jInmtEkAAAAJ",
      "url": "https://scholar.google.com/citations?user=jInmtEkAAAAJ"
    },
    {
      "name": "Antonio Torralba",
      "scholar_id": "8cxDHS4AAAAJ",
      "url": "https://scholar.google.com/citations?user=8cxDHS4AAAAJ"
    },
    {
      "name": "Georgios Ch. Sirakoulis",
      "scholar_id": "WhBartYAAAAJ",
      "url": "https://scholar.google.com/citations?user=WhBartYAAAAJ"
    },
    {
      "name": "Ferda Ofli",
      "scholar_id": "vgFqXEIAAAAJ",
      "url": "https://scholar.google.com/citations?user=vgFqXEIAAAAJ"
    },
    {
      "name": "Ethan Weber",
      "scholar_id": "zw1TzeEAAAAJ",
      "url": "https://scholar.google.com/citations?user=zw1TzeEAAAAJ"
    },
    {
      "name": "Savvas A. Chatzichristofis",
      "scholar_id": "n3DR7UEAAAAJ",
      "url": "https://scholar.google.com/citations?user=n3DR7UEAAAAJ"
    },
    {
      "name": "Alasdair Clarke",
      "scholar_id": "E6dG3IsAAAAJ",
      "url": "https://scholar.google.com/citations?user=E6dG3IsAAAAJ"
    },
    {
      "name": "Agata Lapedriza",
      "scholar_id": "5smUr5IAAAAJ",
      "url": "https://scholar.google.com/citations?user=5smUr5IAAAAJ"
    },
    {
      "name": "Muhammad Imran",
      "scholar_id": "z8niHlEAAAAJ",
      "url": "https://scholar.google.com/citations?user=z8niHlEAAAAJ"
    },
    {
      "name": "Ioannis Georgilas",
      "scholar_id": "vX4GNiQAAAAJ",
      "url": "https://scholar.google.com/citations?user=vX4GNiQAAAAJ"
    },
    {
      "name": "Nikos Papamarkos",
      "scholar_id": "E8a90xYAAAAJ",
      "url": "https://scholar.google.com/citations?user=E8a90xYAAAAJ"
    },
    {
      "name": "Radu Tudor Ionescu",
      "scholar_id": "qVbwC6QAAAAJ",
      "url": "https://scholar.google.com/citations?user=qVbwC6QAAAAJ"
    },
    {
      "name": "Marius Leordeanu",
      "scholar_id": "se9kni0AAAAJ",
      "url": "https://scholar.google.com/citations?user=se9kni0AAAAJ"
    },
    {
      "name": "Marius Popescu",
      "scholar_id": "UPWSjkAAAAAJ",
      "url": "https://scholar.google.com/citations?user=UPWSjkAAAAAJ"
    },
    {
      "name": "Bogdan Alexe",
      "scholar_id": "t5JG-ScAAAAJ",
      "url": "https://scholar.google.com/citations?user=t5JG-ScAAAAJ"
    },
    {
      "name": "Andrew Adamatzky",
      "scholar_id": "suo5D8wAAAAJ",
      "url": "https://scholar.google.com/citations?user=suo5D8wAAAAJ"
    },
    {
      "name": "Orestis Liolis",
      "scholar_id": "yzmnVzQAAAAJ",
      "url": "https://scholar.google.com/citations?user=yzmnVzQAAAAJ"
    }
  ]
}