{
  "author_info": {
    "name": "James T. Kwok",
    "affiliation": "Professor of Computer Science and Engineering, Hong Kong University of Science and Technology",
    "email_verified": "Verified email at cse.ust.hk - Homepage",
    "website": "http://www.cse.ust.hk/~jamesk/",
    "interests": [
      "Machine learning"
    ],
    "photo_url": "https://scholar.googleusercontent.com/citations?view_op=view_photo&user=-oTraZ4AAAAJ&citpid=2"
  },
  "citation_stats": {
    "citations_all": 34569,
    "citations_since_2020": 19351,
    "h_index_all": 82,
    "h_index_since_2020": 51,
    "i10_index_all": 204,
    "i10_index_since_2020": 148,
    "citation_graph": [
      {
        "year": 2002,
        "citations": 118
      },
      {
        "year": 2003,
        "citations": 157
      },
      {
        "year": 2004,
        "citations": 184
      },
      {
        "year": 2005,
        "citations": 289
      },
      {
        "year": 2006,
        "citations": 377
      },
      {
        "year": 2007,
        "citations": 471
      },
      {
        "year": 2008,
        "citations": 583
      },
      {
        "year": 2009,
        "citations": 647
      },
      {
        "year": 2010,
        "citations": 813
      },
      {
        "year": 2011,
        "citations": 877
      },
      {
        "year": 2012,
        "citations": 931
      },
      {
        "year": 2013,
        "citations": 1004
      },
      {
        "year": 2014,
        "citations": 1162
      },
      {
        "year": 2015,
        "citations": 1204
      },
      {
        "year": 2016,
        "citations": 1321
      },
      {
        "year": 2017,
        "citations": 1338
      },
      {
        "year": 2018,
        "citations": 1553
      },
      {
        "year": 2019,
        "citations": 1732
      },
      {
        "year": 2020,
        "citations": 2114
      },
      {
        "year": 2021,
        "citations": 2493
      },
      {
        "year": 2022,
        "citations": 2874
      },
      {
        "year": 2023,
        "citations": 3169
      },
      {
        "year": 2024,
        "citations": 4218
      },
      {
        "year": 2025,
        "citations": 4437
      }
    ]
  },
  "papers": [
    {
      "title": "MetaMath: Bootstrap Your Own Mathematical Questions for Large Language Models",
      "url": "https://scholar.google.com/citations?view_op=view_citation&hl=en&user=-oTraZ4AAAAJ&citation_for_view=-oTraZ4AAAAJ:BzfGm06jWhQC",
      "authors": "L Yu, W Jiang, H Shi, J Yu, Z Liu, Y Zhang, JT Kwok, Z Li, A Weller, W Liu",
      "venue": "arXiv preprint arXiv:2309.12284, 2023",
      "year": 2023,
      "citations": 941
    },
    {
      "title": "PixArt-: Fast Training of Diffusion Transformer for Photorealistic Text-to-Image Synthesis",
      "url": "https://scholar.google.com/citations?view_op=view_citation&hl=en&user=-oTraZ4AAAAJ&citation_for_view=-oTraZ4AAAAJ:U4n9YNQMCAIC",
      "authors": "J Chen, J Yu, C Ge, L Yao, E Xie, Y Wu, Z Wang, J Kwok, P Luo, H Lu, Z Li",
      "venue": "arXiv preprint arXiv:2310.00426, 2023",
      "year": 2023,
      "citations": 895
    },
    {
      "title": "Generalizing from a few examples: A survey on few-shot learning",
      "url": "https://scholar.google.com/citations?view_op=view_citation&hl=en&user=-oTraZ4AAAAJ&citation_for_view=-oTraZ4AAAAJ:mNrWkgRL2YcC",
      "authors": "Y Wang, Q Yao, JT Kwok, LM Ni",
      "venue": "ACM Computing Surveys (CSUR) 53 (3), 1-34, 2020",
      "year": 2020,
      "citations": 4479
    },
    {
      "title": "Timeseries anomaly detection using temporal hierarchical one-class network",
      "url": "https://scholar.google.com/citations?view_op=view_citation&hl=en&user=-oTraZ4AAAAJ&citation_for_view=-oTraZ4AAAAJ:LhH-TYMQEocC",
      "authors": "L Shen, Z Li, J Kwok",
      "venue": "Advances in Neural Information Processing Systems 33, 13016-13026, 2020",
      "year": 2020,
      "citations": 484
    },
    {
      "title": "Multi-label learning with global and local label correlation",
      "url": "https://scholar.google.com/citations?view_op=view_citation&hl=en&user=-oTraZ4AAAAJ&citation_for_view=-oTraZ4AAAAJ:bz8QjSJIRt4C",
      "authors": "Y Zhu, JT Kwok, ZH Zhou",
      "venue": "IEEE Transactions on Knowledge and Data Engineering 30 (6), 1081-1094, 2017",
      "year": 2017,
      "citations": 454
    },
    {
      "title": "Asynchronous Distributed ADMM for Consensus Optimization",
      "url": "https://scholar.google.com/citations?view_op=view_citation&hl=en&user=-oTraZ4AAAAJ&citation_for_view=-oTraZ4AAAAJ:LI9QrySNdTsC",
      "authors": "R Zhang, J Kwok",
      "venue": "Proceedings of the 31st International Conference on Machine Learning (ICML …, 2014",
      "year": 2014,
      "citations": 523
    },
    {
      "title": "Domain adaptation via transfer component analysis",
      "url": "https://scholar.google.com/citations?view_op=view_citation&hl=en&user=-oTraZ4AAAAJ&citation_for_view=-oTraZ4AAAAJ:Se3iqnhoufwC",
      "authors": "SJ Pan, IW Tsang, JT Kwok, Q Yang",
      "venue": "IEEE Transactions on Neural Networks 22 (2), 199-210, 2011",
      "year": 2011,
      "citations": 5516
    },
    {
      "title": "Transfer Learning via Dimensionality Reduction.",
      "url": "https://scholar.google.com/citations?view_op=view_citation&hl=en&user=-oTraZ4AAAAJ&citation_for_view=-oTraZ4AAAAJ:W7OEmFMy1HYC",
      "authors": "SJ Pan, JT Kwok, Q Yang",
      "venue": "AAAI 8, 677-682, 2008",
      "year": 2008,
      "citations": 913
    },
    {
      "title": "Improved Nyström low-rank approximation and error analysis",
      "url": "https://scholar.google.com/citations?view_op=view_citation&hl=en&user=-oTraZ4AAAAJ&citation_for_view=-oTraZ4AAAAJ:0EnyYjriUFMC",
      "authors": "K Zhang, IW Tsang, JT Kwok",
      "venue": "Proceedings of the 25th international conference on Machine learning, 1232-1239, 2008",
      "year": 2008,
      "citations": 464
    },
    {
      "title": "Core vector machines: Fast SVM training on very large data sets",
      "url": "https://scholar.google.com/citations?view_op=view_citation&hl=en&user=-oTraZ4AAAAJ&citation_for_view=-oTraZ4AAAAJ:rmuvC79q63oC",
      "authors": "IW Tsang, JT Kwok, PM Cheung",
      "venue": "Journal of Machine Learning Research 6 (Apr), 363-392, 2005",
      "year": 2005,
      "citations": 1469
    },
    {
      "title": "Core vector machines: Fast SVM training on very large data sets",
      "url": "https://scholar.google.com/citations?view_op=view_citation&hl=en&user=-oTraZ4AAAAJ&citation_for_view=-oTraZ4AAAAJ:u5HHmVD_uO8C",
      "authors": "IW Tsang, JT Kwok, PM Cheung",
      "venue": "Journal of Machine Learning Research 6 (Apr), 363-392, 2005",
      "year": 2005,
      "citations": 1469
    },
    {
      "title": "The pre-image problem in kernel methods",
      "url": "https://scholar.google.com/citations?view_op=view_citation&hl=en&user=-oTraZ4AAAAJ&citation_for_view=-oTraZ4AAAAJ:eflP2zaiRacC",
      "authors": "Kwok",
      "venue": "IEEE Transactions on Neural Networks 15 (6), 1517-1525, 2004",
      "year": 2004,
      "citations": 514
    },
    {
      "title": "The pre-image problem in kernel methods",
      "url": "https://scholar.google.com/citations?view_op=view_citation&hl=en&user=-oTraZ4AAAAJ&citation_for_view=-oTraZ4AAAAJ:roLk4NBRz8UC",
      "authors": "JT Kwok, IW Tsang",
      "venue": "ICML, 408-415, 2003",
      "year": 2003,
      "citations": 625
    },
    {
      "title": "Mining customer product ratings for personalized marketing",
      "url": "https://scholar.google.com/citations?view_op=view_citation&hl=en&user=-oTraZ4AAAAJ&citation_for_view=-oTraZ4AAAAJ:qjMakFHDy7sC",
      "authors": "KW Cheung, JT Kwok, MH Law, KC Tsui",
      "venue": "Decision Support Systems 35 (2), 231-243, 2003",
      "year": 2003,
      "citations": 437
    },
    {
      "title": "Texture classification using the support vector machines",
      "url": "https://scholar.google.com/citations?view_op=view_citation&hl=en&user=-oTraZ4AAAAJ&citation_for_view=-oTraZ4AAAAJ:9yKSN-GCB0IC",
      "authors": "S Li, JT Kwok, H Zhu, Y Wang",
      "venue": "Pattern recognition 36 (12), 2883-2893, 2003",
      "year": 2003,
      "citations": 303
    },
    {
      "title": "Using the discrete wavelet frame transform to merge Landsat TM and SPOT panchromatic images",
      "url": "https://scholar.google.com/citations?view_op=view_citation&hl=en&user=-oTraZ4AAAAJ&citation_for_view=-oTraZ4AAAAJ:d1gkVwhDpl0C",
      "authors": "S Li, JT Kwok, Y Wang",
      "venue": "Information Fusion 3 (1), 17-23, 2002",
      "year": 2002,
      "citations": 441
    },
    {
      "title": "Multifocus image fusion using artificial neural networks",
      "url": "https://scholar.google.com/citations?view_op=view_citation&hl=en&user=-oTraZ4AAAAJ&citation_for_view=-oTraZ4AAAAJ:2osOgNQ5qMEC",
      "authors": "S Li, JT Kwok, Y Wang",
      "venue": "Pattern Recognition Letters 23 (8), 985-997, 2002",
      "year": 2002,
      "citations": 426
    },
    {
      "title": "Combination of images with diverse focuses using the spatial frequency",
      "url": "https://scholar.google.com/citations?view_op=view_citation&hl=en&user=-oTraZ4AAAAJ&citation_for_view=-oTraZ4AAAAJ:UeHWp8X0CEIC",
      "authors": "S Li, JT Kwok, Y Wang",
      "venue": "Information fusion 2 (3), 169-176, 2001",
      "year": 2001,
      "citations": 567
    },
    {
      "title": "Constructive algorithms for structure learning in feedforward neural networks for regression problems",
      "url": "https://scholar.google.com/citations?view_op=view_citation&hl=en&user=-oTraZ4AAAAJ&citation_for_view=-oTraZ4AAAAJ:eJXPG6dFmWUC",
      "authors": "Y Kwok",
      "venue": "IEEE Transactions on Neural Networks 8 (3), 630-645, 1997",
      "year": 1997,
      "citations": 689
    },
    {
      "title": "Objective functions for training new hidden units in constructive neural networks",
      "url": "https://scholar.google.com/citations?view_op=view_citation&hl=en&user=-oTraZ4AAAAJ&citation_for_view=-oTraZ4AAAAJ:VOx2b1Wkg3QC",
      "authors": "Y Kwok",
      "venue": "IEEE Transactions on Neural Networks 8 (5), 1131-1148, 1997",
      "year": 1997,
      "citations": 311
    }
  ],
  "co_authors": []
}