{
  "author_info": {
    "name": "Amir Vaxman",
    "affiliation": "The University of Edinburgh",
    "email_verified": "Verified email at inf.ed.ac.uk - Homepage",
    "website": "https://avaxman.github.io/",
    "interests": [
      "Digital Geometry Processing",
      "Shape Science",
      "Computer Graphics"
    ],
    "photo_url": "https://scholar.googleusercontent.com/citations?view_op=view_photo&user=-1btDzYAAAAJ&citpid=3"
  },
  "citation_stats": {
    "citations_all": 2589,
    "citations_since_2020": 1340,
    "h_index_all": 20,
    "h_index_since_2020": 15,
    "i10_index_all": 32,
    "i10_index_since_2020": 26,
    "citation_graph": [
      {
        "year": 2008,
        "citations": 21
      },
      {
        "year": 2009,
        "citations": 47
      },
      {
        "year": 2010,
        "citations": 63
      },
      {
        "year": 2011,
        "citations": 76
      },
      {
        "year": 2012,
        "citations": 64
      },
      {
        "year": 2013,
        "citations": 91
      },
      {
        "year": 2014,
        "citations": 83
      },
      {
        "year": 2015,
        "citations": 108
      },
      {
        "year": 2016,
        "citations": 155
      },
      {
        "year": 2017,
        "citations": 168
      },
      {
        "year": 2018,
        "citations": 155
      },
      {
        "year": 2019,
        "citations": 186
      },
      {
        "year": 2020,
        "citations": 211
      },
      {
        "year": 2021,
        "citations": 223
      },
      {
        "year": 2022,
        "citations": 227
      },
      {
        "year": 2023,
        "citations": 217
      },
      {
        "year": 2024,
        "citations": 223
      },
      {
        "year": 2025,
        "citations": 237
      }
    ]
  },
  "papers": [
    {
      "title": "Constrained delaunay tetrahedrization: A robust and practical approach",
      "url": "https://scholar.google.com/citations?view_op=view_citation&hl=en&user=-1btDzYAAAAJ&citation_for_view=-1btDzYAAAAJ:b0M2c_1WBrUC",
      "authors": "L Diazzi, D Panozzo, A Vaxman, M Attene",
      "venue": "ACM Transactions on Graphics (TOG) 42 (6), 1-15, 2023",
      "year": 2023,
      "citations": 24
    },
    {
      "title": "Dev2PQ: Planar quadrilateral strip remeshing of developable surfaces",
      "url": "https://scholar.google.com/citations?view_op=view_citation&hl=en&user=-1btDzYAAAAJ&citation_for_view=-1btDzYAAAAJ:isC4tDSrTZIC",
      "authors": "F Verhoeven, A Vaxman, T Hoffmann, O Sorkine-Hornung",
      "venue": "ACM Transactions on Graphics (TOG) 41 (3), 1-18, 2022",
      "year": 2022,
      "citations": 32
    },
    {
      "title": "Chebyshev nets from commuting PolyVector fields",
      "url": "https://scholar.google.com/citations?view_op=view_citation&hl=en&user=-1btDzYAAAAJ&citation_for_view=-1btDzYAAAAJ:HDshCWvjkbEC",
      "authors": "AO Sageman-Furnas, A Chern, M Ben-Chen, A Vaxman",
      "venue": "ACM Transactions on Graphics (TOG) 38 (6), 1-16, 2019",
      "year": 2019,
      "citations": 57
    },
    {
      "title": "Hierarchical functional maps between subdivision surfaces",
      "url": "https://scholar.google.com/citations?view_op=view_citation&hl=en&user=-1btDzYAAAAJ&citation_for_view=-1btDzYAAAAJ:hFOr9nPyWt4C",
      "authors": "M Shoham, A Vaxman, M Ben‐Chen",
      "venue": "Computer Graphics Forum 38 (5), 55-73, 2019",
      "year": 2019,
      "citations": 25
    },
    {
      "title": "Canonical möbius subdivision",
      "url": "https://scholar.google.com/citations?view_op=view_citation&hl=en&user=-1btDzYAAAAJ&citation_for_view=-1btDzYAAAAJ:QIV2ME_5wuYC",
      "authors": "A Vaxman, C Müller, O Weber",
      "venue": "ACM Transactions on Graphics (TOG) 37 (6), 1-15, 2018",
      "year": 2018,
      "citations": 23
    },
    {
      "title": "Boundary element octahedral fields in volumes",
      "url": "https://scholar.google.com/citations?view_op=view_citation&hl=en&user=-1btDzYAAAAJ&citation_for_view=-1btDzYAAAAJ:MXK_kJrjxJIC",
      "authors": "J Solomon, A Vaxman, D Bommes",
      "venue": "ACM Transactions on Graphics (TOG) 36 (4), 1, 2017",
      "year": 2017,
      "citations": 74
    },
    {
      "title": "Position-based tensegrity design",
      "url": "https://scholar.google.com/citations?view_op=view_citation&hl=en&user=-1btDzYAAAAJ&citation_for_view=-1btDzYAAAAJ:ULOm3_A8WrAC",
      "authors": "N Pietroni, M Tarini, A Vaxman, D Panozzo, P Cignoni",
      "venue": "ACM Transactions on Graphics 36 (6), 2017",
      "year": 2017,
      "citations": 39
    },
    {
      "title": "Directional field synthesis, design, and processing",
      "url": "https://scholar.google.com/citations?view_op=view_citation&hl=en&user=-1btDzYAAAAJ&citation_for_view=-1btDzYAAAAJ:UebtZRa9Y70C",
      "authors": "A Vaxman, M Campen, O Diamanti, D Panozzo, D Bommes, ...",
      "venue": "Computer graphics forum 35 (2), 545-572, 2016",
      "year": 2016,
      "citations": 257
    },
    {
      "title": "Architectural geometry",
      "url": "https://scholar.google.com/citations?view_op=view_citation&hl=en&user=-1btDzYAAAAJ&citation_for_view=-1btDzYAAAAJ:WF5omc3nYNoC",
      "authors": "H Pottmann, M Eigensatz, A Vaxman, J Wallner",
      "venue": "Computers & graphics 47, 145-164, 2015",
      "year": 2015,
      "citations": 1166
    },
    {
      "title": "Polyhedral patterns",
      "url": "https://scholar.google.com/citations?view_op=view_citation&hl=en&user=-1btDzYAAAAJ&citation_for_view=-1btDzYAAAAJ:roLk4NBRz8UC",
      "authors": "C Jiang, C Tang, A Vaxman, P Wonka, H Pottmann",
      "venue": "ACM Transactions On Graphics (TOG) 34 (6), 1-12, 2015",
      "year": 2015,
      "citations": 124
    },
    {
      "title": "Integrable polyvector fields",
      "url": "https://scholar.google.com/citations?view_op=view_citation&hl=en&user=-1btDzYAAAAJ&citation_for_view=-1btDzYAAAAJ:_FxGoFyzp5QC",
      "authors": "O Diamanti, A Vaxman, D Panozzo, O Sorkine-Hornung",
      "venue": "ACM Transactions on Graphics (TOG) 34 (4), 1-12, 2015",
      "year": 2015,
      "citations": 86
    },
    {
      "title": "Conformal mesh deformations with Möbius transformations",
      "url": "https://scholar.google.com/citations?view_op=view_citation&hl=en&user=-1btDzYAAAAJ&citation_for_view=-1btDzYAAAAJ:LkGwnXOMwfcC",
      "authors": "A Vaxman, C Müller, O Weber",
      "venue": "ACM Transactions on Graphics (TOG) 34 (4), 1-11, 2015",
      "year": 2015,
      "citations": 41
    },
    {
      "title": "Single breath-hold 3D measurement of left atrial volume using compressed sensing cardiovascular magnetic resonance and a non-model-based reconstruction approach",
      "url": "https://scholar.google.com/citations?view_op=view_citation&hl=en&user=-1btDzYAAAAJ&citation_for_view=-1btDzYAAAAJ:ufrVoPGSRksC",
      "authors": "O Vardoulis, P Monney, A Bermano, A Vaxman, C Gotsman, J Schwitter, ...",
      "venue": "Journal of Cardiovascular Magnetic Resonance 17 (1), 47, 2015",
      "year": 2015,
      "citations": 28
    },
    {
      "title": "Designing N‐PolyVector Fields with Complex Polynomials",
      "url": "https://scholar.google.com/citations?view_op=view_citation&hl=en&user=-1btDzYAAAAJ&citation_for_view=-1btDzYAAAAJ:W7OEmFMy1HYC",
      "authors": "O Diamanti, A Vaxman, D Panozzo, O Sorkine‐Hornung",
      "venue": "Computer Graphics Forum 33 (5), 1-11, 2014",
      "year": 2014,
      "citations": 136
    },
    {
      "title": "Modeling polyhedral meshes with affine maps",
      "url": "https://scholar.google.com/citations?view_op=view_citation&hl=en&user=-1btDzYAAAAJ&citation_for_view=-1btDzYAAAAJ:2osOgNQ5qMEC",
      "authors": "A Vaxman",
      "venue": "Computer Graphics Forum 31 (5), 1647-1656, 2012",
      "year": 2012,
      "citations": 20
    },
    {
      "title": "Online reconstruction of 3d objects from arbitrary cross-sections",
      "url": "https://scholar.google.com/citations?view_op=view_citation&hl=en&user=-1btDzYAAAAJ&citation_for_view=-1btDzYAAAAJ:qjMakFHDy7sC",
      "authors": "A Bermano, A Vaxman, C Gotsman",
      "venue": "ACM Transactions on Graphics (TOG) 30 (5), 1-11, 2011",
      "year": 2011,
      "citations": 46
    },
    {
      "title": "A multi-resolution approach to heat kernels on discrete surfaces",
      "url": "https://scholar.google.com/citations?view_op=view_citation&hl=en&user=-1btDzYAAAAJ&citation_for_view=-1btDzYAAAAJ:u-x6o8ySG0sC",
      "authors": "A Vaxman, M Ben-Chen, C Gotsman",
      "venue": "ACM SIGGRAPH 2010 papers, 1-10, 2010",
      "year": 2010,
      "citations": 80
    },
    {
      "title": "Reconstruction of Multi‐Label Domains from Partial Planar Cross‐Sections",
      "url": "https://scholar.google.com/citations?view_op=view_citation&hl=en&user=-1btDzYAAAAJ&citation_for_view=-1btDzYAAAAJ:9yKSN-GCB0IC",
      "authors": "G Barequet, A Vaxman",
      "venue": "Computer Graphics Forum 28 (5), 1327-1337, 2009",
      "year": 2009,
      "citations": 25
    },
    {
      "title": "Straight skeletons of three-dimensional polyhedra",
      "url": "https://scholar.google.com/citations?view_op=view_citation&hl=en&user=-1btDzYAAAAJ&citation_for_view=-1btDzYAAAAJ:abG-DnoFyZgC",
      "authors": "G Barequet, D Eppstein, MT Goodrich, A Vaxman",
      "venue": "European Symposium on Algorithms, 148-160, 2008",
      "year": 2008,
      "citations": 54
    },
    {
      "title": "Nonlinear interpolation between slices",
      "url": "https://scholar.google.com/citations?view_op=view_citation&hl=en&user=-1btDzYAAAAJ&citation_for_view=-1btDzYAAAAJ:u5HHmVD_uO8C",
      "authors": "G Barequet, A Vaxman",
      "venue": "Proceedings of the 2007 ACM symposium on Solid and physical modeling, 97-107, 2007",
      "year": 2007,
      "citations": 45
    }
  ],
  "co_authors": [
    {
      "name": "Mirela Ben-Chen",
      "scholar_id": "19AaowkAAAAJ",
      "url": "https://scholar.google.com/citations?user=19AaowkAAAAJ"
    },
    {
      "name": "Daniele Panozzo",
      "scholar_id": "XUp6qhMAAAAJ",
      "url": "https://scholar.google.com/citations?user=XUp6qhMAAAAJ"
    },
    {
      "name": "Craig Gotsman",
      "scholar_id": "0JRBzUEAAAAJ",
      "url": "https://scholar.google.com/citations?user=0JRBzUEAAAAJ"
    },
    {
      "name": "Helmut Pottmann",
      "scholar_id": "L5IgnDMAAAAJ",
      "url": "https://scholar.google.com/citations?user=L5IgnDMAAAAJ"
    },
    {
      "name": "Amit Haim Bermano",
      "scholar_id": "EPO5_f4AAAAJ",
      "url": "https://scholar.google.com/citations?user=EPO5_f4AAAAJ"
    },
    {
      "name": "Olga Sorkine-Hornung",
      "scholar_id": "GBU568oAAAAJ",
      "url": "https://scholar.google.com/citations?user=GBU568oAAAAJ"
    },
    {
      "name": "Johannes Wallner",
      "scholar_id": "hMZiTL4AAAAJ",
      "url": "https://scholar.google.com/citations?user=hMZiTL4AAAAJ"
    },
    {
      "name": "Christian Müller",
      "scholar_id": "0xfkQl8AAAAJ",
      "url": "https://scholar.google.com/citations?user=0xfkQl8AAAAJ"
    },
    {
      "name": "David Bommes",
      "scholar_id": "NwQztEazRfUC",
      "url": "https://scholar.google.com/citations?user=NwQztEazRfUC"
    },
    {
      "name": "Ofir Weber",
      "scholar_id": "fTb1mW4AAAAJ",
      "url": "https://scholar.google.com/citations?user=fTb1mW4AAAAJ"
    },
    {
      "name": "Klaus Hildebrandt",
      "scholar_id": "qYZBq5cAAAAJ",
      "url": "https://scholar.google.com/citations?user=qYZBq5cAAAAJ"
    },
    {
      "name": "Marcel Campen",
      "scholar_id": "KMgjzh4AAAAJ",
      "url": "https://scholar.google.com/citations?user=KMgjzh4AAAAJ"
    },
    {
      "name": "Justin Solomon",
      "scholar_id": "pImSVwoAAAAJ",
      "url": "https://scholar.google.com/citations?user=pImSVwoAAAAJ"
    },
    {
      "name": "Matthias Stuber, PhD",
      "scholar_id": "6GDMNicAAAAJ",
      "url": "https://scholar.google.com/citations?user=6GDMNicAAAAJ"
    },
    {
      "name": "Peter Wonka",
      "scholar_id": "0EKXSXgAAAAJ",
      "url": "https://scholar.google.com/citations?user=0EKXSXgAAAAJ"
    },
    {
      "name": "Chengcheng Tang",
      "scholar_id": "WbG27wQAAAAJ",
      "url": "https://scholar.google.com/citations?user=WbG27wQAAAAJ"
    },
    {
      "name": "Caigui Jiang",
      "scholar_id": "5uDZVvgAAAAJ",
      "url": "https://scholar.google.com/citations?user=5uDZVvgAAAAJ"
    },
    {
      "name": "Orestis Vardoulis",
      "scholar_id": "_E5hc9MAAAAJ",
      "url": "https://scholar.google.com/citations?user=_E5hc9MAAAAJ"
    },
    {
      "name": "Nikos Stergiopulos",
      "scholar_id": "WTB0v3YAAAAJ",
      "url": "https://scholar.google.com/citations?user=WTB0v3YAAAAJ"
    },
    {
      "name": "Marc van Kreveld",
      "scholar_id": "Q_d-0KAAAAAJ",
      "url": "https://scholar.google.com/citations?user=Q_d-0KAAAAAJ"
    }
  ]
}