{
  "author_info": {
    "name": "Jan Peters",
    "affiliation": "Professor for Intelligent Autonomous Systems/TU Darmstadt, Dept. Head/German AI Research Center DFKI",
    "email_verified": "Verified email at ias.tu-darmstadt.de - Homepage",
    "website": "http://www.jan-peters.net/",
    "interests": [
      "Robot Learning",
      "Reinforcement Learning",
      "Machine Learning",
      "Robotics",
      "Biomimetic Systems"
    ],
    "photo_url": "https://scholar.googleusercontent.com/citations?view_op=view_photo&user=-kIVAcAAAAAJ&citpid=4"
  },
  "citation_stats": {
    "citations_all": 47875,
    "citations_since_2020": 29296,
    "h_index_all": 97,
    "h_index_since_2020": 73,
    "i10_index_all": 425,
    "i10_index_since_2020": 364,
    "citation_graph": [
      {
        "year": 2007,
        "citations": 153
      },
      {
        "year": 2008,
        "citations": 264
      },
      {
        "year": 2009,
        "citations": 295
      },
      {
        "year": 2010,
        "citations": 545
      },
      {
        "year": 2011,
        "citations": 746
      },
      {
        "year": 2012,
        "citations": 864
      },
      {
        "year": 2013,
        "citations": 1161
      },
      {
        "year": 2014,
        "citations": 1398
      },
      {
        "year": 2015,
        "citations": 1498
      },
      {
        "year": 2016,
        "citations": 2083
      },
      {
        "year": 2017,
        "citations": 2505
      },
      {
        "year": 2018,
        "citations": 2925
      },
      {
        "year": 2019,
        "citations": 3589
      },
      {
        "year": 2020,
        "citations": 3973
      },
      {
        "year": 2021,
        "citations": 4300
      },
      {
        "year": 2022,
        "citations": 4702
      },
      {
        "year": 2023,
        "citations": 5097
      },
      {
        "year": 2024,
        "citations": 5412
      },
      {
        "year": 2025,
        "citations": 5764
      }
    ]
  },
  "papers": [
    {
      "title": "Open x-embodiment: Robotic learning datasets and rt-x models",
      "url": "https://scholar.google.com/citations?view_op=view_citation&hl=en&user=-kIVAcAAAAAJ&citation_for_view=-kIVAcAAAAAJ:eLuibZyXBAwC",
      "authors": "A O'Neill, A Rehman, A Gupta, A Maddukuri, A Gupta, A Padalkar, A Lee, ...",
      "venue": "IEEE International Conference on Robotics and Automation, 2024",
      "year": 2024,
      "citations": 806
    },
    {
      "title": "Deep lagrangian networks: Using physics as model prior for deep learning",
      "url": "https://scholar.google.com/citations?view_op=view_citation&hl=en&user=-kIVAcAAAAAJ&citation_for_view=-kIVAcAAAAAJ:Qx5QGsQ0O-cC",
      "authors": "M Lutter, C Ritter, J Peters",
      "venue": "International Conference on Learning Representations (ICLR), 2019",
      "year": 2019,
      "citations": 581
    },
    {
      "title": "An algorithmic perspective on imitation learning",
      "url": "https://scholar.google.com/citations?view_op=view_citation&hl=en&user=-kIVAcAAAAAJ&citation_for_view=-kIVAcAAAAAJ:4xcnnZsK8tIC",
      "authors": "T Osa, J Pajarinen, G Neumann, JA Bagnell, P Abbeel, J Peters",
      "venue": "Foundations and Trends® in Robotics 7 (1-2), 1-179, 2018",
      "year": 2018,
      "citations": 1188
    },
    {
      "title": "Natural evolution strategies",
      "url": "https://scholar.google.com/citations?view_op=view_citation&hl=en&user=-kIVAcAAAAAJ&citation_for_view=-kIVAcAAAAAJ:WF5omc3nYNoC",
      "authors": "D Wierstra, T Schaul, T Glasmachers, Y Sun, J Peters, J Schmidhuber",
      "venue": "The Journal of Machine Learning Research 15 (1), 949-980, 2014",
      "year": 2014,
      "citations": 1235
    },
    {
      "title": "Reinforcement learning in robotics: A survey",
      "url": "https://scholar.google.com/citations?view_op=view_citation&hl=en&user=-kIVAcAAAAAJ&citation_for_view=-kIVAcAAAAAJ:WJVC3Jt7v1AC",
      "authors": "J Kober, JA Bagnell, J Peters",
      "venue": "The International Journal of Robotics Research 32 (11), 1238-1274, 2013",
      "year": 2013,
      "citations": 5202
    },
    {
      "title": "A survey on policy search for robotics",
      "url": "https://scholar.google.com/citations?view_op=view_citation&hl=en&user=-kIVAcAAAAAJ&citation_for_view=-kIVAcAAAAAJ:HtEfBTGE9r8C",
      "authors": "MP Deisenroth, G Neumann, J Peters",
      "venue": "Foundations and Trends® in Robotics 2 (1–2), 1-142, 2013",
      "year": 2013,
      "citations": 1369
    },
    {
      "title": "Probabilistic movement primitives",
      "url": "https://scholar.google.com/citations?view_op=view_citation&hl=en&user=-kIVAcAAAAAJ&citation_for_view=-kIVAcAAAAAJ:PVjk1bu6vJQC",
      "authors": "A Paraschos, C Daniel, JR Peters, G Neumann",
      "venue": "Advances in neural information processing systems 26, 2013",
      "year": 2013,
      "citations": 867
    },
    {
      "title": "Learning to select and generalize striking movements in robot table tennis",
      "url": "https://scholar.google.com/citations?view_op=view_citation&hl=en&user=-kIVAcAAAAAJ&citation_for_view=-kIVAcAAAAAJ:M7yex6snE4oC",
      "authors": "K Mülling, J Kober, O Kroemer, J Peters",
      "venue": "The International Journal of Robotics Research 32 (3), 263-279, 2013",
      "year": 2013,
      "citations": 608
    },
    {
      "title": "Policy search for motor primitives in robotics",
      "url": "https://scholar.google.com/citations?view_op=view_citation&hl=en&user=-kIVAcAAAAAJ&citation_for_view=-kIVAcAAAAAJ:Mojj43d5GZwC",
      "authors": "J Kober, J Peters",
      "venue": "Machine Learning 84 (1), 171–203, 2011",
      "year": 2011,
      "citations": 970
    },
    {
      "title": "Model learning for robot control: a survey",
      "url": "https://scholar.google.com/citations?view_op=view_citation&hl=en&user=-kIVAcAAAAAJ&citation_for_view=-kIVAcAAAAAJ:nrtMV_XWKgEC",
      "authors": "D Nguyen-Tuong, J Peters",
      "venue": "Cognitive processing 12 (4), 319-340, 2011",
      "year": 2011,
      "citations": 688
    },
    {
      "title": "Relative entropy inverse reinforcement learning",
      "url": "https://scholar.google.com/citations?view_op=view_citation&hl=en&user=-kIVAcAAAAAJ&citation_for_view=-kIVAcAAAAAJ:zA6iFVUQeVQC",
      "authors": "A Boularias, J Kober, J Peters",
      "venue": "14th International Conference on Artificial Intelligence and Statistics …, 2011",
      "year": 2011,
      "citations": 499
    },
    {
      "title": "Relative entropy policy search",
      "url": "https://scholar.google.com/citations?view_op=view_citation&hl=en&user=-kIVAcAAAAAJ&citation_for_view=-kIVAcAAAAAJ:mB3voiENLucC",
      "authors": "J Peters, K Mülling, Y Altun",
      "venue": "Proceedings of the Twenty-fourth National Conference on Artificial …, 2010",
      "year": 2010,
      "citations": 928
    },
    {
      "title": "Reinforcement learning of motor skills with policy gradients",
      "url": "https://scholar.google.com/citations?view_op=view_citation&hl=en&user=-kIVAcAAAAAJ&citation_for_view=-kIVAcAAAAAJ:qjMakFHDy7sC",
      "authors": "J Peters, S Schaal",
      "venue": "Neural networks 21 (4), 682-697, 2008",
      "year": 2008,
      "citations": 1347
    },
    {
      "title": "Natural actor-critic",
      "url": "https://scholar.google.com/citations?view_op=view_citation&hl=en&user=-kIVAcAAAAAJ&citation_for_view=-kIVAcAAAAAJ:0KyAp5RtaNEC",
      "authors": "J Peters, S Schaal",
      "venue": "Neurocomputing 71 (7-9), 1180-1190, 2008",
      "year": 2008,
      "citations": 1267
    },
    {
      "title": "Operational space control: A theoretical and empirical comparison",
      "url": "https://scholar.google.com/citations?view_op=view_citation&hl=en&user=-kIVAcAAAAAJ&citation_for_view=-kIVAcAAAAAJ:Tyk-4Ss8FVUC",
      "authors": "J Nakanishi, R Cory, M Mistry, J Peters, S Schaal",
      "venue": "The International Journal of Robotics Research 27 (6), 737-757, 2008",
      "year": 2008,
      "citations": 506
    },
    {
      "title": "Reinforcement learning by reward-weighted regression for operational space control",
      "url": "https://scholar.google.com/citations?view_op=view_citation&hl=en&user=-kIVAcAAAAAJ&citation_for_view=-kIVAcAAAAAJ:hqOjcs7Dif8C",
      "authors": "J Peters, S Schaal",
      "venue": "Proceedings of the 24th international conference on Machine learning, 745-750, 2007",
      "year": 2007,
      "citations": 463
    },
    {
      "title": "Policy gradient methods for robotics",
      "url": "https://scholar.google.com/citations?view_op=view_citation&hl=en&user=-kIVAcAAAAAJ&citation_for_view=-kIVAcAAAAAJ:2osOgNQ5qMEC",
      "authors": "J Peters, S Schaal",
      "venue": "Proceedings of the IEEE/RSJ International Conference on Intelligent Robots …, 2006",
      "year": 2006,
      "citations": 849
    },
    {
      "title": "Learning movement primitives",
      "url": "https://scholar.google.com/citations?view_op=view_citation&hl=en&user=-kIVAcAAAAAJ&citation_for_view=-kIVAcAAAAAJ:9yKSN-GCB0IC",
      "authors": "S Schaal, J Peters, J Nakanishi, A Ijspeert",
      "venue": "Proceedings of the International Symposium on Robotics Research (ISRR), 561-572, 2005",
      "year": 2005,
      "citations": 526
    },
    {
      "title": "Natural actor-critic",
      "url": "https://scholar.google.com/citations?view_op=view_citation&hl=en&user=-kIVAcAAAAAJ&citation_for_view=-kIVAcAAAAAJ:GHBXLLE7pSwC",
      "authors": "J Peters, S Vijayakumar, S Schaal",
      "venue": "European Conference on Machine Learning, 280-291, 2005",
      "year": 2005,
      "citations": 516
    },
    {
      "title": "Reinforcement learning for humanoid robotics",
      "url": "https://scholar.google.com/citations?view_op=view_citation&hl=en&user=-kIVAcAAAAAJ&citation_for_view=-kIVAcAAAAAJ:u5HHmVD_uO8C",
      "authors": "J Peters, S Vijayakumar, S Schaal",
      "venue": "Proceedings of the 3rd IEEE-RAS International Conference on Humanoid Robots …, 2003",
      "year": 2003,
      "citations": 558
    }
  ],
  "co_authors": [
    {
      "name": "Gerhard Neumann",
      "scholar_id": "GL360kMAAAAJ",
      "url": "https://scholar.google.com/citations?user=GL360kMAAAAJ"
    },
    {
      "name": "Jens Kober",
      "scholar_id": "XOWZzUcAAAAJ",
      "url": "https://scholar.google.com/citations?user=XOWZzUcAAAAJ"
    },
    {
      "name": "Stefan Schaal",
      "scholar_id": "YGQs1AYAAAAJ",
      "url": "https://scholar.google.com/citations?user=YGQs1AYAAAAJ"
    },
    {
      "name": "Oliver Kroemer",
      "scholar_id": "_tbXjP4AAAAJ",
      "url": "https://scholar.google.com/citations?user=_tbXjP4AAAAJ"
    },
    {
      "name": "Marc Deisenroth",
      "scholar_id": "GDabimYAAAAJ",
      "url": "https://scholar.google.com/citations?user=GDabimYAAAAJ"
    },
    {
      "name": "Joni Pajarinen",
      "scholar_id": "-2fJStwAAAAJ",
      "url": "https://scholar.google.com/citations?user=-2fJStwAAAAJ"
    },
    {
      "name": "Georgia Chalvatzaki",
      "scholar_id": "mlho5FkAAAAJ",
      "url": "https://scholar.google.com/citations?user=mlho5FkAAAAJ"
    },
    {
      "name": "Boris Belousov",
      "scholar_id": "XjNbRVYAAAAJ",
      "url": "https://scholar.google.com/citations?user=XjNbRVYAAAAJ"
    },
    {
      "name": "Bernhard Schölkopf",
      "scholar_id": "DZ-fHPgAAAAJ",
      "url": "https://scholar.google.com/citations?user=DZ-fHPgAAAAJ"
    },
    {
      "name": "Duy Nguyen-Tuong",
      "scholar_id": "VzJAvWEAAAAJ",
      "url": "https://scholar.google.com/citations?user=VzJAvWEAAAAJ"
    },
    {
      "name": "Davide Tateo",
      "scholar_id": "LGnu3SEAAAAJ",
      "url": "https://scholar.google.com/citations?user=LGnu3SEAAAAJ"
    },
    {
      "name": "Guilherme Jorge Maeda",
      "scholar_id": "fVCyyDgAAAAJ",
      "url": "https://scholar.google.com/citations?user=fVCyyDgAAAAJ"
    },
    {
      "name": "Katharina Muelling",
      "scholar_id": "4hbasIcAAAAJ",
      "url": "https://scholar.google.com/citations?user=4hbasIcAAAAJ"
    },
    {
      "name": "Rudolf Lioutikov",
      "scholar_id": "hvjV43MAAAAJ",
      "url": "https://scholar.google.com/citations?user=hvjV43MAAAAJ"
    },
    {
      "name": "Marco Ewerton",
      "scholar_id": "x_H-MdIAAAAJ",
      "url": "https://scholar.google.com/citations?user=x_H-MdIAAAAJ"
    },
    {
      "name": "Univ.-Prof. Dr. Elmar Rueckert",
      "scholar_id": "EKUvWkkAAAAJ",
      "url": "https://scholar.google.com/citations?user=EKUvWkkAAAAJ"
    },
    {
      "name": "Roberto Calandra",
      "scholar_id": "fA0rYxMAAAAJ",
      "url": "https://scholar.google.com/citations?user=fA0rYxMAAAAJ"
    },
    {
      "name": "Carlo D'Eramo",
      "scholar_id": "1Rt_86gAAAAJ",
      "url": "https://scholar.google.com/citations?user=1Rt_86gAAAAJ"
    },
    {
      "name": "Christian Daniel",
      "scholar_id": "PxgVi0cAAAAJ",
      "url": "https://scholar.google.com/citations?user=PxgVi0cAAAAJ"
    },
    {
      "name": "Michael Lutter",
      "scholar_id": "Wvdo5bYAAAAJ",
      "url": "https://scholar.google.com/citations?user=Wvdo5bYAAAAJ"
    }
  ]
}