{
  "author_info": {
    "name": "Phong Tran",
    "affiliation": "PhD Student, Mohamed bin Zayed University of Artificial Intelligence",
    "email_verified": "Verified email at mbzuai.ac.ae - Homepage",
    "website": "https://p0lyfish.github.io/portfolio/",
    "interests": [
      "Computer vision",
      "deep learning",
      "computer graphics"
    ],
    "photo_url": "/citations/images/avatar_scholar_128.png"
  },
  "citation_stats": {
    "citations_all": 175,
    "citations_since_2020": 175,
    "h_index_all": 4,
    "h_index_since_2020": 4,
    "i10_index_all": 4,
    "i10_index_since_2020": 4,
    "citation_graph": [
      {
        "year": 2021,
        "citations": 3
      },
      {
        "year": 2022,
        "citations": 17
      },
      {
        "year": 2023,
        "citations": 33
      },
      {
        "year": 2024,
        "citations": 42
      },
      {
        "year": 2025,
        "citations": 80
      }
    ]
  },
  "papers": [
    {
      "title": "DiffPortrait360: Consistent Portrait Diffusion for 360 View Synthesis",
      "url": "https://scholar.google.com/citations?view_op=view_citation&hl=en&user=-BPaFHcAAAAJ&citation_for_view=-BPaFHcAAAAJ:0EnyYjriUFMC",
      "authors": "Y Gu, P Tran, Y Zheng, H Xu, H Li, A Karmanov, H Li",
      "venue": "Proceedings of the Computer Vision and Pattern Recognition Conference, 26263 …, 2025",
      "year": 2025,
      "citations": 1
    },
    {
      "title": "Voodoo 3d: Volumetric portrait disentanglement for one-shot 3d head reenactment",
      "url": "https://scholar.google.com/citations?view_op=view_citation&hl=en&user=-BPaFHcAAAAJ&citation_for_view=-BPaFHcAAAAJ:eQOLeE2rZwMC",
      "authors": "P Tran, E Zakharov, LN Ho, AT Tran, L Hu, H Li",
      "venue": "Proceedings of the IEEE/CVF Conference on Computer Vision and Pattern …, 2024",
      "year": 2024,
      "citations": 26
    },
    {
      "title": "Blur2blur: Blur conversion for unsupervised image deblurring on unknown domains",
      "url": "https://scholar.google.com/citations?view_op=view_citation&hl=en&user=-BPaFHcAAAAJ&citation_for_view=-BPaFHcAAAAJ:hqOjcs7Dif8C",
      "authors": "BD Pham, P Tran, A Tran, C Pham, R Nguyen, M Hoai",
      "venue": "Proceedings of the IEEE/CVF Conference on Computer Vision and Pattern …, 2024",
      "year": 2024,
      "citations": 16
    },
    {
      "title": "Voodoo xp: Expressive one-shot head reenactment for vr telepresence",
      "url": "https://scholar.google.com/citations?view_op=view_citation&hl=en&user=-BPaFHcAAAAJ&citation_for_view=-BPaFHcAAAAJ:LkGwnXOMwfcC",
      "authors": "P Tran, E Zakharov, LN Ho, L Hu, A Karmanov, A Agarwal, ML Goldwhite, ...",
      "venue": "arXiv preprint arXiv:2405.16204, 2024",
      "year": 2024,
      "citations": 14
    },
    {
      "title": "Hypercut: Video sequence from a single blurry image using unsupervised ordering",
      "url": "https://scholar.google.com/citations?view_op=view_citation&hl=en&user=-BPaFHcAAAAJ&citation_for_view=-BPaFHcAAAAJ:Y0pCki6q_DkC",
      "authors": "BD Pham, P Tran, A Tran, C Pham, R Nguyen, M Hoai",
      "venue": "Proceedings of the IEEE/CVF Conference on Computer Vision and Pattern …, 2023",
      "year": 2023,
      "citations": 4
    },
    {
      "title": "QC-StyleGAN-quality controllable image generation and manipulation",
      "url": "https://scholar.google.com/citations?view_op=view_citation&hl=en&user=-BPaFHcAAAAJ&citation_for_view=-BPaFHcAAAAJ:qjMakFHDy7sC",
      "authors": "DVT Nguyen, TM Dinh, C Pham, A Tran",
      "venue": "Advances in Neural Information Processing Systems 35, 18850-18863, 2022",
      "year": 2022,
      "citations": 3
    },
    {
      "title": "Explore image deblurring via encoded blur kernel space",
      "url": "https://scholar.google.com/citations?view_op=view_citation&hl=en&user=-BPaFHcAAAAJ&citation_for_view=-BPaFHcAAAAJ:d1gkVwhDpl0C",
      "authors": "P Tran, AT Tran, Q Phung, M Hoai",
      "venue": "Proceedings of the IEEE/CVF conference on computer vision and pattern …, 2021",
      "year": 2021,
      "citations": 109
    },
    {
      "title": "FineNet: Frame interpolation and enhancement for face video deblurring",
      "url": "https://scholar.google.com/citations?view_op=view_citation&hl=en&user=-BPaFHcAAAAJ&citation_for_view=-BPaFHcAAAAJ:u5HHmVD_uO8C",
      "authors": "P Tran, A Tran, T Nguyen, M Hoai",
      "venue": "arXiv preprint arXiv:2103.00871, 2021",
      "year": 2021,
      "citations": 1
    },
    {
      "title": "Transferability Between Regression Tasks",
      "url": "https://scholar.google.com/citations?view_op=view_citation&hl=en&user=-BPaFHcAAAAJ&citation_for_view=-BPaFHcAAAAJ:UeHWp8X0CEIC",
      "authors": "CN Nguyen, LST Ho, VC Dinh, AT Tran, T Hassner, CV Nguyen",
      "venue": "",
      "citations": 1
    }
  ],
  "co_authors": []
}