{
  "author_info": {
    "name": "Zewen Du",
    "affiliation": "Beijing Institute of Technology",
    "email_verified": "Verified email at bit.edu.cn",
    "interests": [
      "计算机视觉"
    ],
    "photo_url": "/citations/images/avatar_scholar_128.png"
  },
  "citation_stats": {
    "citations_all": 53,
    "citations_since_2020": 53,
    "h_index_all": 3,
    "h_index_since_2020": 3,
    "i10_index_all": 2,
    "i10_index_since_2020": 2,
    "citation_graph": [
      {
        "year": 2024,
        "citations": 5
      },
      {
        "year": 2025,
        "citations": 47
      }
    ]
  },
  "papers": [
    {
      "title": "Cross-layer feature pyramid transformer for small object detection in aerial images",
      "url": "https://scholar.google.com/citations?view_op=view_citation&hl=en&user=-BMQaPgAAAAJ&citation_for_view=-BMQaPgAAAAJ:zYLM7Y9cAGgC",
      "authors": "Z Du, Z Hu, G Zhao, Y Jin, H Ma",
      "venue": "IEEE Transactions on Geoscience and Remote Sensing, 2025",
      "year": 2025,
      "citations": 34
    },
    {
      "title": "Cross-PCR: A Robust Cross-Source Point Cloud Registration Framework",
      "url": "https://scholar.google.com/citations?view_op=view_citation&hl=en&user=-BMQaPgAAAAJ&citation_for_view=-BMQaPgAAAAJ:Y0pCki6q_DkC",
      "authors": "G Zhao, Z Guo, Z Du, H Ma",
      "venue": "Proceedings of the AAAI Conference on Artificial Intelligence 39 (10), 10403 …, 2025",
      "year": 2025,
      "citations": 4
    },
    {
      "title": "Enhanced Head: Exploring Strong Detection Heads With Vision Transformer",
      "url": "https://scholar.google.com/citations?view_op=view_citation&hl=en&user=-BMQaPgAAAAJ&citation_for_view=-BMQaPgAAAAJ:WF5omc3nYNoC",
      "authors": "Z Du, Z Hu, G Zhao, Y Jin, H Ma",
      "venue": "IEEE Transactions on Multimedia, 2025",
      "year": 2025,
      "citations": 0
    },
    {
      "title": "Steel Cutting Path Planning for Multi-Contour Bridging Parts with Improved Genetic Algorithm",
      "url": "https://scholar.google.com/citations?view_op=view_citation&hl=en&user=-BMQaPgAAAAJ&citation_for_view=-BMQaPgAAAAJ:eQOLeE2rZwMC",
      "authors": "G Zhao, Y Xu, Z Hu, Z Du, Z Guo, H Ma",
      "venue": "2025 37th Chinese Control and Decision Conference (CCDC), 533-538, 2025",
      "year": 2025,
      "citations": 0
    },
    {
      "title": "Vrhcf: Cross-source point cloud registration via voxel representation and hierarchical correspondence filtering",
      "url": "https://scholar.google.com/citations?view_op=view_citation&hl=en&user=-BMQaPgAAAAJ&citation_for_view=-BMQaPgAAAAJ:d1gkVwhDpl0C",
      "authors": "G Zhao, Z Du, Z Guo, H Ma",
      "venue": "2024 IEEE International Conference on Multimedia and Expo (ICME), 1-6, 2024",
      "year": 2024,
      "citations": 10
    },
    {
      "title": "LDA-AQU: Adaptive Query-guided Upsampling via Local Deformable Attention",
      "url": "https://scholar.google.com/citations?view_op=view_citation&hl=en&user=-BMQaPgAAAAJ&citation_for_view=-BMQaPgAAAAJ:IjCSPb-OGe4C",
      "authors": "Z Du, Z Hu, G Zhao, Y Jin, H Ma",
      "venue": "Proceedings of the 32nd ACM International Conference on Multimedia, 4919-4927, 2024",
      "year": 2024,
      "citations": 2
    },
    {
      "title": "A Lightweight and Accurate Method for Detecting Traffic Flow in Real Time",
      "url": "https://scholar.google.com/citations?view_op=view_citation&hl=en&user=-BMQaPgAAAAJ&citation_for_view=-BMQaPgAAAAJ:u-x6o8ySG0sC",
      "authors": "Z Du, Y Jin, H Ma, P Liu",
      "venue": "Journal of Advanced Computational Intelligence and Intelligent Informatics …, 2023",
      "year": 2023,
      "citations": 3
    },
    {
      "title": "Dga-Net: Dual Guided Attention Network for Object Detection",
      "url": "https://scholar.google.com/citations?view_op=view_citation&hl=en&user=-BMQaPgAAAAJ&citation_for_view=-BMQaPgAAAAJ:Tyk-4Ss8FVUC",
      "authors": "Z Du, G Zhao, Y Jin, H Ma",
      "venue": "Available at SSRN 4887613, 0",
      "citations": 0
    },
    {
      "title": "A Decision-Making Method of Multimodal Fusion Based on Deep Reinforcement Learning for Highway Autonomous Driving",
      "url": "https://scholar.google.com/citations?view_op=view_citation&hl=en&user=-BMQaPgAAAAJ&citation_for_view=-BMQaPgAAAAJ:9yKSN-GCB0IC",
      "authors": "P Liu, H Ma, Y Jin, Y Ding, B Cao, Z Du",
      "venue": "",
      "citations": 0
    },
    {
      "title": "Traffic Flow Detection Based on Improved YOLOX and DeepSORT",
      "url": "https://scholar.google.com/citations?view_op=view_citation&hl=en&user=-BMQaPgAAAAJ&citation_for_view=-BMQaPgAAAAJ:u5HHmVD_uO8C",
      "authors": "Z Du, Y Jin, H Ma, P Liu",
      "venue": "",
      "citations": 0
    }
  ],
  "co_authors": [
    {
      "name": "Guiyu Zhao",
      "scholar_id": "PI1U14MAAAAJ",
      "url": "https://scholar.google.com/citations?user=PI1U14MAAAAJ"
    }
  ]
}