{
  "author_info": {
    "name": "Dorin Comaniciu",
    "affiliation": "Siemens Healthineers",
    "email_verified": "Verified email at siemens-healthineers.com - Homepage",
    "website": "http://www.comaniciu.net/",
    "interests": [
      "Medical Image Analysis",
      "Medical Image Computing",
      "Image-Guided Interventions",
      "Artificial Intelligence",
      "Computer Vision"
    ],
    "photo_url": "https://scholar.googleusercontent.com/citations?view_op=view_photo&user=-XZ2HrAAAAAJ&citpid=22"
  },
  "citation_stats": {
    "citations_all": 68260,
    "citations_since_2020": 20860,
    "h_index_all": 110,
    "h_index_since_2020": 66,
    "i10_index_all": 485,
    "i10_index_since_2020": 311,
    "citation_graph": [
      {
        "year": 2002,
        "citations": 287
      },
      {
        "year": 2003,
        "citations": 465
      },
      {
        "year": 2004,
        "citations": 728
      },
      {
        "year": 2005,
        "citations": 1168
      },
      {
        "year": 2006,
        "citations": 1542
      },
      {
        "year": 2007,
        "citations": 1903
      },
      {
        "year": 2008,
        "citations": 2342
      },
      {
        "year": 2009,
        "citations": 2899
      },
      {
        "year": 2010,
        "citations": 3176
      },
      {
        "year": 2011,
        "citations": 3323
      },
      {
        "year": 2012,
        "citations": 3631
      },
      {
        "year": 2013,
        "citations": 3688
      },
      {
        "year": 2014,
        "citations": 3854
      },
      {
        "year": 2015,
        "citations": 3851
      },
      {
        "year": 2016,
        "citations": 3606
      },
      {
        "year": 2017,
        "citations": 3154
      },
      {
        "year": 2018,
        "citations": 3093
      },
      {
        "year": 2019,
        "citations": 3628
      },
      {
        "year": 2020,
        "citations": 3490
      },
      {
        "year": 2021,
        "citations": 3925
      },
      {
        "year": 2022,
        "citations": 3843
      },
      {
        "year": 2023,
        "citations": 3854
      },
      {
        "year": 2024,
        "citations": 3553
      },
      {
        "year": 2025,
        "citations": 2178
      }
    ]
  },
  "papers": [
    {
      "title": "Artificial Intelligence in Cardiovascular Imaging: JACC State-of-the-Art Review",
      "url": "https://scholar.google.com/citations?view_op=view_citation&hl=en&user=-XZ2HrAAAAAJ&citation_for_view=-XZ2HrAAAAAJ:KPAPMsW7zc0C",
      "authors": "D Dey, PJ Slomka, P Leeson, D Comaniciu, S Shrestha, PP Sengupta, ...",
      "venue": "Journal of the American College of Cardiology 73 (11), 1317-1335, 2019",
      "year": 2019,
      "citations": 721
    },
    {
      "title": "Combo loss: Handling input and output imbalance in multi-organ segmentation",
      "url": "https://scholar.google.com/citations?view_op=view_citation&hl=en&user=-XZ2HrAAAAAJ&citation_for_view=-XZ2HrAAAAAJ:oFn-K-OQSCAC",
      "authors": "SA Taghanaki, Y Zheng, SK Zhou, B Georgescu, P Sharma, D Xu, ...",
      "venue": "Computerized Medical Imaging and Graphics 75, 24-33, 2019",
      "year": 2019,
      "citations": 506
    },
    {
      "title": "Multi-scale deep reinforcement learning for real-time 3D-landmark detection in CT scans",
      "url": "https://scholar.google.com/citations?view_op=view_citation&hl=en&user=-XZ2HrAAAAAJ&citation_for_view=-XZ2HrAAAAAJ:ynsZFq2pu0MC",
      "authors": "FC Ghesu, B Georgescu, Y Zheng, S Grbic, A Maier, J Hornegger, ...",
      "venue": "IEEE transactions on pattern analysis and machine intelligence 41 (1), 176-189, 2017",
      "year": 2017,
      "citations": 385
    },
    {
      "title": "Automatic liver segmentation using an adversarial image-to-image network",
      "url": "https://scholar.google.com/citations?view_op=view_citation&hl=en&user=-XZ2HrAAAAAJ&citation_for_view=-XZ2HrAAAAAJ:w7CBUyPWg-0C",
      "authors": "D Yang, D Xu, SK Zhou, B Georgescu, M Chen, S Grbic, D Metaxas, ...",
      "venue": "International conference on medical image computing and computer-assisted …, 2017",
      "year": 2017,
      "citations": 330
    },
    {
      "title": "Method and system for anatomical object detection using marginal space deep neural networks",
      "url": "https://scholar.google.com/citations?view_op=view_citation&hl=en&user=-XZ2HrAAAAAJ&citation_for_view=-XZ2HrAAAAAJ:VjBpw8Hezy4C",
      "authors": "B Georgescu, Y Zheng, H Nguyen, VK Singh, D Comaniciu, D Liu",
      "venue": "US Patent 9,730,643, 2017",
      "year": 2017,
      "citations": 315
    },
    {
      "title": "A machine-learning approach for computation of fractional flow reserve from coronary computed tomography",
      "url": "https://scholar.google.com/citations?view_op=view_citation&hl=en&user=-XZ2HrAAAAAJ&citation_for_view=-XZ2HrAAAAAJ:xii_ZKWM4-0C",
      "authors": "L Itu, S Rapaka, T Passerini, B Georgescu, C Schwemmer, ...",
      "venue": "Journal of applied physiology 121 (1), 42-52, 2016",
      "year": 2016,
      "citations": 483
    },
    {
      "title": "Method and system for non-invasive assessment of coronary artery disease",
      "url": "https://scholar.google.com/citations?view_op=view_citation&hl=en&user=-XZ2HrAAAAAJ&citation_for_view=-XZ2HrAAAAAJ:u-coK7KVo8oC",
      "authors": "P Sharma, B Georgescu, V Mihalef, T Chen, D Comaniciu",
      "venue": "US Patent 9,119,540, 2015",
      "year": 2015,
      "citations": 300
    },
    {
      "title": "Four-chamber heart modeling and automatic segmentation for 3-D cardiac CT volumes using marginal space learning and steerable features",
      "url": "https://scholar.google.com/citations?view_op=view_citation&hl=en&user=-XZ2HrAAAAAJ&citation_for_view=-XZ2HrAAAAAJ:W7OEmFMy1HYC",
      "authors": "Y Zheng, A Barbu, B Georgescu, M Scheuering, D Comaniciu",
      "venue": "IEEE transactions on medical imaging 27 (11), 1668-1681, 2008",
      "year": 2008,
      "citations": 787
    },
    {
      "title": "Computer aided diagnostic assistance for medical imaging",
      "url": "https://scholar.google.com/citations?view_op=view_citation&hl=en&user=-XZ2HrAAAAAJ&citation_for_view=-XZ2HrAAAAAJ:eJXPG6dFmWUC",
      "authors": "B Duggirala, DS Paine, D Comaniciu, A Krishnan, X Zhou",
      "venue": "US Patent 7,244,230, 2007",
      "year": 2007,
      "citations": 357
    },
    {
      "title": "Total variation models for variable lighting face recognition",
      "url": "https://scholar.google.com/citations?view_op=view_citation&hl=en&user=-XZ2HrAAAAAJ&citation_for_view=-XZ2HrAAAAAJ:zYLM7Y9cAGgC",
      "authors": "T Chen, W Yin, XS Zhou, D Comaniciu, TS Huang",
      "venue": "IEEE transactions on pattern analysis and machine intelligence 28 (9), 1519-1524, 2006",
      "year": 2006,
      "citations": 628
    },
    {
      "title": "A common framework for nonlinear diffusion, adaptive smoothing, bilateral filtering and mean shift",
      "url": "https://scholar.google.com/citations?view_op=view_citation&hl=en&user=-XZ2HrAAAAAJ&citation_for_view=-XZ2HrAAAAAJ:Y0pCki6q_DkC",
      "authors": "D Barash, D Comaniciu",
      "venue": "Image and Vision Computing 22 (1), 73-81, 2004",
      "year": 2004,
      "citations": 311
    },
    {
      "title": "Kernel-based object tracking",
      "url": "https://scholar.google.com/citations?view_op=view_citation&hl=en&user=-XZ2HrAAAAAJ&citation_for_view=-XZ2HrAAAAAJ:u-x6o8ySG0sC",
      "authors": "D Comaniciu, P Meer",
      "venue": "IEEE Transactions on pattern analysis and machine intelligence 25 (5), 2003",
      "year": 2003,
      "citations": 7082
    },
    {
      "title": "An algorithm for data-driven bandwidth selection",
      "url": "https://scholar.google.com/citations?view_op=view_citation&hl=en&user=-XZ2HrAAAAAJ&citation_for_view=-XZ2HrAAAAAJ:UeHWp8X0CEIC",
      "authors": "D Comaniciu",
      "venue": "IEEE Transactions on pattern analysis and machine intelligence 25 (2), 281-288, 2003",
      "year": 2003,
      "citations": 576
    },
    {
      "title": "v. Ramesh, and P. Meer.“Kernel-based object tracking”",
      "url": "https://scholar.google.com/citations?view_op=view_citation&hl=en&user=-XZ2HrAAAAAJ&citation_for_view=-XZ2HrAAAAAJ:YEBtnu9hOHUC",
      "authors": "D Comaniciu",
      "venue": "IEEE Trans. on PAMI 25, 564-575, 2003",
      "year": 2003,
      "citations": 412
    },
    {
      "title": "Mean shift: A robust approach toward feature space analysis",
      "url": "https://scholar.google.com/citations?view_op=view_citation&hl=en&user=-XZ2HrAAAAAJ&citation_for_view=-XZ2HrAAAAAJ:mJbmKSuM8toC",
      "authors": "D Comaniciu, P Meer",
      "venue": "IEEE Transactions on pattern analysis and machine intelligence 24 (5), 603-619, 2002",
      "year": 2002,
      "citations": 17044
    },
    {
      "title": "The variable bandwidth mean shift and data-driven scale selection",
      "url": "https://scholar.google.com/citations?view_op=view_citation&hl=en&user=-XZ2HrAAAAAJ&citation_for_view=-XZ2HrAAAAAJ:qjMakFHDy7sC",
      "authors": "D Comaniciu, V Ramesh, P Meer",
      "venue": "Proceedings Eighth IEEE International Conference on Computer Vision. ICCV …, 2001",
      "year": 2001,
      "citations": 709
    },
    {
      "title": "Real-time tracking of non-rigid objects using mean shift",
      "url": "https://scholar.google.com/citations?view_op=view_citation&hl=en&user=-XZ2HrAAAAAJ&citation_for_view=-XZ2HrAAAAAJ:d1gkVwhDpl0C",
      "authors": "D Comaniciu, V Ramesh, P Meer",
      "venue": "Proceedings IEEE Conference on Computer Vision and Pattern Recognition. CVPR …, 2000",
      "year": 2000,
      "citations": 5098
    },
    {
      "title": "Mean shift and optimal prediction for efficient object tracking",
      "url": "https://scholar.google.com/citations?view_op=view_citation&hl=en&user=-XZ2HrAAAAAJ&citation_for_view=-XZ2HrAAAAAJ:IjCSPb-OGe4C",
      "authors": "D Comaniciu, V Ramesh",
      "venue": "Proceedings 2000 International Conference on Image Processing (Cat. No …, 2000",
      "year": 2000,
      "citations": 374
    },
    {
      "title": "Mean shift analysis and applications",
      "url": "https://scholar.google.com/citations?view_op=view_citation&hl=en&user=-XZ2HrAAAAAJ&citation_for_view=-XZ2HrAAAAAJ:9yKSN-GCB0IC",
      "authors": "D Comaniciu, P Meer",
      "venue": "Proceedings of the seventh IEEE international conference on computer vision …, 1999",
      "year": 1999,
      "citations": 1717
    },
    {
      "title": "Robust analysis of feature spaces: Color image segmentation",
      "url": "https://scholar.google.com/citations?view_op=view_citation&hl=en&user=-XZ2HrAAAAAJ&citation_for_view=-XZ2HrAAAAAJ:2osOgNQ5qMEC",
      "authors": "D Comaniciu, P Meer",
      "venue": "Proceedings of IEEE computer society conference on computer vision and …, 1997",
      "year": 1997,
      "citations": 1187
    }
  ],
  "co_authors": []
}