{
  "author_info": {
    "name": "Liu Yang",
    "affiliation": "Shanghai Jiao Tong University",
    "email_verified": "Verified email at sjtu.edu.cn",
    "interests": [],
    "photo_url": "/citations/images/avatar_scholar_128.png"
  },
  "citation_stats": {
    "citations_all": 105,
    "citations_since_2020": 105,
    "h_index_all": 6,
    "h_index_since_2020": 6,
    "i10_index_all": 3,
    "i10_index_since_2020": 3,
    "citation_graph": [
      {
        "year": 2024,
        "citations": 12
      },
      {
        "year": 2025,
        "citations": 92
      }
    ]
  },
  "papers": [
    {
      "title": "Finevq: Fine-grained user generated content video quality assessment",
      "url": "https://scholar.google.com/citations?view_op=view_citation&hl=en&user=-pD_qMYAAAAJ&citation_for_view=-pD_qMYAAAAJ:UeHWp8X0CEIC",
      "authors": "H Duan, Q Hu, J Wang, L Yang, Z Xu, L Liu, X Min, C Cai, T Ye, X Zhang, ...",
      "venue": "Proceedings of the Computer Vision and Pattern Recognition Conference, 3206-3217, 2025",
      "year": 2025,
      "citations": 28
    },
    {
      "title": "ESIQA: Perceptual Quality Assessment of Vision-Pro-based Egocentric Spatial Images",
      "url": "https://scholar.google.com/citations?view_op=view_citation&hl=en&user=-pD_qMYAAAAJ&citation_for_view=-pD_qMYAAAAJ:W7OEmFMy1HYC",
      "authors": "X Zhu, L Yang, H Duan, X Min, G Zhai, P Le Callet",
      "venue": "IEEE Transactions on Visualization and Computer Graphics, 2025",
      "year": 2025,
      "citations": 11
    },
    {
      "title": "Lmme3dhf: Benchmarking and evaluating multimodal 3d human face generation with lmms",
      "url": "https://scholar.google.com/citations?view_op=view_citation&hl=en&user=-pD_qMYAAAAJ&citation_for_view=-pD_qMYAAAAJ:YsMSGLbcyi4C",
      "authors": "WY Yang, J Wang, S Wu, H Duan, Y Zhu, L Yang, K Fu, G Zhai, X Min",
      "venue": "Proceedings of the 33rd ACM International Conference on Multimedia, 8825-8834, 2025",
      "year": 2025,
      "citations": 8
    },
    {
      "title": "F-bench: Rethinking human preference evaluation metrics for benchmarking face generation, customization, and restoration",
      "url": "https://scholar.google.com/citations?view_op=view_citation&hl=en&user=-pD_qMYAAAAJ&citation_for_view=-pD_qMYAAAAJ:qjMakFHDy7sC",
      "authors": "L Liu, H Duan, Q Hu, L Yang, C Cai, T Ye, H Liu, X Zhang, G Zhai",
      "venue": "Proceedings of the IEEE/CVF International Conference on Computer Vision …, 2025",
      "year": 2025,
      "citations": 7
    },
    {
      "title": "Harmonyiqa: Pioneering benchmark and model for image harmonization quality assessment",
      "url": "https://scholar.google.com/citations?view_op=view_citation&hl=en&user=-pD_qMYAAAAJ&citation_for_view=-pD_qMYAAAAJ:2osOgNQ5qMEC",
      "authors": "Z Xu, H Duan, G Ma, L Yang, J Wang, Q Wu, X Min, G Zhai, PL Callet",
      "venue": "arXiv preprint arXiv:2501.01116, 2025",
      "year": 2025,
      "citations": 6
    },
    {
      "title": "Omni: Unifying Omnidirectional Image Generation and Editing in an Omni Model",
      "url": "https://scholar.google.com/citations?view_op=view_citation&hl=en&user=-pD_qMYAAAAJ&citation_for_view=-pD_qMYAAAAJ:Tyk-4Ss8FVUC",
      "authors": "L Yang, H Duan, Y Zhu, X Liu, L Liu, Z Xu, G Ma, X Min, G Zhai, PL Callet",
      "venue": "arXiv preprint arXiv:2504.11379, 2025",
      "year": 2025,
      "citations": 4
    },
    {
      "title": "Lmm4edit: Benchmarking and evaluating multimodal image editing with lmms",
      "url": "https://scholar.google.com/citations?view_op=view_citation&hl=en&user=-pD_qMYAAAAJ&citation_for_view=-pD_qMYAAAAJ:LkGwnXOMwfcC",
      "authors": "Z Xu, H Duan, B Liu, G Ma, J Wang, L Yang, S Gao, X Wang, J Wang, ...",
      "venue": "Proceedings of the 33rd ACM International Conference on Multimedia, 6908-6917, 2025",
      "year": 2025,
      "citations": 3
    },
    {
      "title": "ODI-Bench: Can MLLMs Understand Immersive Omnidirectional Environments?",
      "url": "https://scholar.google.com/citations?view_op=view_citation&hl=en&user=-pD_qMYAAAAJ&citation_for_view=-pD_qMYAAAAJ:UebtZRa9Y70C",
      "authors": "L Yang, H Duan, R Tao, J Cheng, S Wu, Y Li, J Liu, X Min, G Zhai",
      "venue": "arXiv preprint arXiv:2510.11549, 2025",
      "year": 2025,
      "citations": 1
    },
    {
      "title": "Quality assessment and distortion-aware saliency prediction for ai-generated omnidirectional images",
      "url": "https://scholar.google.com/citations?view_op=view_citation&hl=en&user=-pD_qMYAAAAJ&citation_for_view=-pD_qMYAAAAJ:_FxGoFyzp5QC",
      "authors": "L Yang, H Duan, J Wang, J Liu, M Hu, X Min, G Zhai, P Le Callet",
      "venue": "IEEE Transactions on Circuits and Systems for Video Technology, 2025",
      "year": 2025,
      "citations": 1
    },
    {
      "title": "RGC-VQA: An Exploration Database for Robotic-Generated Video Quality Assessment",
      "url": "https://scholar.google.com/citations?view_op=view_citation&hl=en&user=-pD_qMYAAAAJ&citation_for_view=-pD_qMYAAAAJ:ufrVoPGSRksC",
      "authors": "J Jin, J Ying, H Duan, L Yang, S Wu, Y Li, Y Zheng, X Min, G Zhai",
      "venue": "Proceedings of the 33rd ACM International Conference on Multimedia, 13413-13420, 2025",
      "year": 2025,
      "citations": 0
    },
    {
      "title": "NTIRE 2025 challenge on Text to Image Generation Model Quality Assessment",
      "url": "https://scholar.google.com/citations?view_op=view_citation&hl=en&user=-pD_qMYAAAAJ&citation_for_view=-pD_qMYAAAAJ:WF5omc3nYNoC",
      "authors": "S Han, H Fan, F Kong, W Liao, C Guo, C Li, R Timofte, L Li, T Li, J Cui, ...",
      "venue": "Proceedings of the Computer Vision and Pattern Recognition Conference, 1104-1125, 2025",
      "year": 2025,
      "citations": 0
    },
    {
      "title": "NTIRE 2025 XGC Quality Assessment Challenge: Methods and Results",
      "url": "https://scholar.google.com/citations?view_op=view_citation&hl=en&user=-pD_qMYAAAAJ&citation_for_view=-pD_qMYAAAAJ:eQOLeE2rZwMC",
      "authors": "X Liu, X Min, Q Hu, X Zhang, J Guo, G Zhai, S Wang, Y Zhou, L Liu, J Li, ...",
      "venue": "Proceedings of the Computer Vision and Pattern Recognition Conference, 1389-1402, 2025",
      "year": 2025,
      "citations": 0
    },
    {
      "title": "Aigcoiqa2024: Perceptual quality assessment of ai generated omnidirectional images",
      "url": "https://scholar.google.com/citations?view_op=view_citation&hl=en&user=-pD_qMYAAAAJ&citation_for_view=-pD_qMYAAAAJ:d1gkVwhDpl0C",
      "authors": "L Yang, H Duan, L Teng, Y Zhu, X Liu, M Hu, X Min, G Zhai, P Le Callet",
      "venue": "2024 IEEE International Conference on Image Processing (ICIP), 1239-1245, 2024",
      "year": 2024,
      "citations": 32
    },
    {
      "title": "ESVQA: Perceptual Quality Assessment of Egocentric Spatial Videos",
      "url": "https://scholar.google.com/citations?view_op=view_citation&hl=en&user=-pD_qMYAAAAJ&citation_for_view=-pD_qMYAAAAJ:9yKSN-GCB0IC",
      "authors": "X Zhu, H Duan, L Yang, Y Zhu, X Min, G Zhai, PL Callet",
      "venue": "arXiv preprint arXiv:2412.20423, 2024",
      "year": 2024,
      "citations": 4
    },
    {
      "title": "ISSUE ON INTERACTIVE MEDIA PROCESSING FOR IMMERSIVE COMMUNICATION",
      "url": "https://scholar.google.com/citations?view_op=view_citation&hl=en&user=-pD_qMYAAAAJ&citation_for_view=-pD_qMYAAAAJ:Y0pCki6q_DkC",
      "authors": "G Cheung, D Florencio, P Callet, CW Lin, E Magli, F Li, S Gao, G Shi, Q Li, ...",
      "venue": "",
      "citations": 0
    }
  ],
  "co_authors": []
}