{
  "author_info": {
    "name": "Yintong Shang",
    "affiliation": "PhD student, University of Utah",
    "email_verified": "Verified email at utah.edu - Homepage",
    "website": "https://shayito.github.io/",
    "interests": [
      "computer graphics"
    ],
    "photo_url": "https://scholar.googleusercontent.com/citations?view_op=view_photo&user=00p1yksAAAAJ&citpid=1"
  },
  "citation_stats": {
    "citations_all": 132,
    "citations_since_2020": 132,
    "h_index_all": 5,
    "h_index_since_2020": 5,
    "i10_index_all": 3,
    "i10_index_since_2020": 3,
    "citation_graph": [
      {
        "year": 2024,
        "citations": 37
      },
      {
        "year": 2025,
        "citations": 93
      }
    ]
  },
  "papers": [
    {
      "title": "Gaussian splashing: Unified particles for versatile motion synthesis and rendering",
      "url": "https://scholar.google.com/citations?view_op=view_citation&hl=en&user=00p1yksAAAAJ&citation_for_view=00p1yksAAAAJ:UeHWp8X0CEIC",
      "authors": "Y Feng, X Feng, Y Shang, Y Jiang, C Yu, Z Zong, T Shao, H Wu, K Zhou, ...",
      "venue": "Proceedings of the Computer Vision and Pattern Recognition Conference, 518-529, 2025",
      "year": 2025,
      "citations": 23
    },
    {
      "title": "ARM: appearance reconstruction model for relightable 3d generation",
      "url": "https://scholar.google.com/citations?view_op=view_citation&hl=en&user=00p1yksAAAAJ&citation_for_view=00p1yksAAAAJ:zYLM7Y9cAGgC",
      "authors": "X Feng, C Yu, Z Bi, Y Shang, F Gao, H Wu, K Zhou, C Jiang, Y Yang",
      "venue": "Proceedings of the Computer Vision and Pattern Recognition Conference, 21425 …, 2025",
      "year": 2025,
      "citations": 7
    },
    {
      "title": "Pie-nerf: Physics-based interactive elastodynamics with nerf",
      "url": "https://scholar.google.com/citations?view_op=view_citation&hl=en&user=00p1yksAAAAJ&citation_for_view=00p1yksAAAAJ:IjCSPb-OGe4C",
      "authors": "Y Feng, Y Shang, X Li, T Shao, C Jiang, Y Yang",
      "venue": "Proceedings of the IEEE/CVF Conference on Computer Vision and Pattern …, 2024",
      "year": 2024,
      "citations": 55
    },
    {
      "title": "Gaussian splashing: Dynamic fluid synthesis with gaussian splatting",
      "url": "https://scholar.google.com/citations?view_op=view_citation&hl=en&user=00p1yksAAAAJ&citation_for_view=00p1yksAAAAJ:2osOgNQ5qMEC",
      "authors": "Y Feng, X Feng, Y Shang, Y Jiang, C Yu, Z Zong, T Shao, H Wu, K Zhou, ...",
      "venue": "CoRR, 2024",
      "year": 2024,
      "citations": 39
    },
    {
      "title": "Elastogen: 4d generative elastodynamics",
      "url": "https://scholar.google.com/citations?view_op=view_citation&hl=en&user=00p1yksAAAAJ&citation_for_view=00p1yksAAAAJ:qjMakFHDy7sC",
      "authors": "Y Feng, Y Shang, X Feng, L Lan, S Zhe, T Shao, H Wu, K Zhou, C Jiang, ...",
      "venue": "arXiv preprint arXiv:2405.15056, 2024",
      "year": 2024,
      "citations": 8
    }
  ],
  "co_authors": []
}