{
  "author_info": {
    "name": "Fisher Yu",
    "affiliation": "ETH Zurich",
    "email_verified": "Verified email at ethz.ch - Homepage",
    "website": "https://www.yf.io/",
    "interests": [
      "Computer Vision",
      "Machine Learning",
      "Robotics",
      "Autonomous Driving"
    ],
    "photo_url": "https://scholar.googleusercontent.com/citations?view_op=view_photo&user=-XCiamcAAAAJ&citpid=4"
  },
  "citation_stats": {
    "citations_all": 62813,
    "citations_since_2020": 53928,
    "h_index_all": 67,
    "h_index_since_2020": 65,
    "i10_index_all": 105,
    "i10_index_since_2020": 105,
    "citation_graph": [
      {
        "year": 2016,
        "citations": 342
      },
      {
        "year": 2017,
        "citations": 1107
      },
      {
        "year": 2018,
        "citations": 2661
      },
      {
        "year": 2019,
        "citations": 4301
      },
      {
        "year": 2020,
        "citations": 5333
      },
      {
        "year": 2021,
        "citations": 6902
      },
      {
        "year": 2022,
        "citations": 7992
      },
      {
        "year": 2023,
        "citations": 9731
      },
      {
        "year": 2024,
        "citations": 12360
      },
      {
        "year": 2025,
        "citations": 11527
      }
    ]
  },
  "papers": [
    {
      "title": "Scaling vision transformers to 22 billion parameters",
      "url": "https://scholar.google.com/citations?view_op=view_citation&hl=en&user=-XCiamcAAAAJ&citation_for_view=-XCiamcAAAAJ:0765WKWsAZMC",
      "authors": "M Dehghani, J Djolonga, B Mustafa, P Padlewski, J Heek, J Gilmer, ...",
      "venue": "International Conference on Machine Learning (ICML), 2023",
      "year": 2023,
      "citations": 857
    },
    {
      "title": "Segment anything in high quality",
      "url": "https://scholar.google.com/citations?view_op=view_citation&hl=en&user=-XCiamcAAAAJ&citation_for_view=-XCiamcAAAAJ:wEOyVsangm4C",
      "authors": "L Ke, M Ye, M Danelljan, YW Tai, CK Tang, F Yu",
      "venue": "Advances in Neural Information Processing Systems 36, 29914-29934, 2023",
      "year": 2023,
      "citations": 614
    },
    {
      "title": "RePaint: Inpainting using Denoising Diffusion Probabilistic Models",
      "url": "https://scholar.google.com/citations?view_op=view_citation&hl=en&user=-XCiamcAAAAJ&citation_for_view=-XCiamcAAAAJ:kRWl-cVF35UC",
      "authors": "A Lugmayr, M Danelljan, A Romero, F Yu, R Timofte, L Van Gool",
      "venue": "IEEE/CVF Conference on Computer Vision and Pattern Recognition, 2022",
      "year": 2022,
      "citations": 2532
    },
    {
      "title": "Transforming Model Prediction for Tracking",
      "url": "https://scholar.google.com/citations?view_op=view_citation&hl=en&user=-XCiamcAAAAJ&citation_for_view=-XCiamcAAAAJ:Ba4ZglSFa04C",
      "authors": "C Mayer, M Danelljan, G Bhat, M Paul, DP Paudel, F Yu, L Van Gool",
      "venue": "IEEE/CVF Conference on Computer Vision and Pattern Recognition, 2022",
      "year": 2022,
      "citations": 484
    },
    {
      "title": "Exploring cross-image pixel contrast for semantic segmentation",
      "url": "https://scholar.google.com/citations?view_op=view_citation&hl=en&user=-XCiamcAAAAJ&citation_for_view=-XCiamcAAAAJ:FuNQ1RLggQIC",
      "authors": "W Wang, T Zhou, F Yu, J Dai, E Konukoglu, L Van Gool",
      "venue": "Proceedings of the IEEE/CVF international conference on computer vision …, 2021",
      "year": 2021,
      "citations": 685
    },
    {
      "title": "Quasi-Dense Similarity Learning for Multiple Object Tracking",
      "url": "https://scholar.google.com/citations?view_op=view_citation&hl=en&user=-XCiamcAAAAJ&citation_for_view=-XCiamcAAAAJ:_r6PDwDh8pAC",
      "authors": "J Pang, L Qiu, X Li, H Chen, Q Li, T Darrell, F Yu",
      "venue": "IEEE/CVF Conference on Computer Vision and Pattern Recognition, 2021",
      "year": 2021,
      "citations": 563
    },
    {
      "title": "BDD100K: A Diverse Driving Dataset for Heterogeneous Multitask Learning",
      "url": "https://scholar.google.com/citations?view_op=view_citation&hl=en&user=-XCiamcAAAAJ&citation_for_view=-XCiamcAAAAJ:dX-nQPao9noC",
      "authors": "F Yu, H Chen, X Wang, W Xian, Y Chen, F Liu, V Madhavan, T Darrell",
      "venue": "The IEEE/CVF conference on Computer Vision and Pattern Recognition (CVPR), 2020",
      "year": 2020,
      "citations": 4592
    },
    {
      "title": "Frustratingly simple few-shot object detection",
      "url": "https://scholar.google.com/citations?view_op=view_citation&hl=en&user=-XCiamcAAAAJ&citation_for_view=-XCiamcAAAAJ:RGp4dj-Wy-oC",
      "authors": "X Wang, TE Huang, T Darrell, JE Gonzalez, F Yu",
      "venue": "International Conference on Machine Learning, 2020",
      "year": 2020,
      "citations": 871
    },
    {
      "title": "Few-shot object detection via feature reweighting",
      "url": "https://scholar.google.com/citations?view_op=view_citation&hl=en&user=-XCiamcAAAAJ&citation_for_view=-XCiamcAAAAJ:Cv-mv52rCCkC",
      "authors": "B Kang, Z Liu, X Wang, F Yu, J Feng, T Darrell",
      "venue": "Proceedings of the IEEE/CVF international conference on computer vision …, 2019",
      "year": 2019,
      "citations": 1109
    },
    {
      "title": "Deep Layer Aggregation",
      "url": "https://scholar.google.com/citations?view_op=view_citation&hl=en&user=-XCiamcAAAAJ&citation_for_view=-XCiamcAAAAJ:yifHVNw3tWEC",
      "authors": "F Yu, D Wang, E Shelhamer, T Darrell",
      "venue": "IEEE Conference on Computer Vision and Pattern Recognition (CVPR), 2018",
      "year": 2018,
      "citations": 1964
    },
    {
      "title": "Skipnet: Learning dynamic routing in convolutional networks",
      "url": "https://scholar.google.com/citations?view_op=view_citation&hl=en&user=-XCiamcAAAAJ&citation_for_view=-XCiamcAAAAJ:2168PZyDXAcC",
      "authors": "X Wang, F Yu, ZY Dou, T Darrell, JE Gonzalez",
      "venue": "Proceedings of the European conference on computer vision (ECCV), 409-424, 2018",
      "year": 2018,
      "citations": 933
    },
    {
      "title": "Dilated Residual Networks",
      "url": "https://scholar.google.com/citations?view_op=view_citation&hl=en&user=-XCiamcAAAAJ&citation_for_view=-XCiamcAAAAJ:6E5OHDUOeTQC",
      "authors": "F Yu, V Koltun, T Funkhouser",
      "venue": "The IEEE Conference on Computer Vision and Pattern Recognition (CVPR), 2017",
      "year": 2017,
      "citations": 2328
    },
    {
      "title": "Semantic scene completion from a single depth image",
      "url": "https://scholar.google.com/citations?view_op=view_citation&hl=en&user=-XCiamcAAAAJ&citation_for_view=-XCiamcAAAAJ:RELVpAr6_7wC",
      "authors": "S Song, F Yu, A Zeng, AX Chang, M Savva, T Funkhouser",
      "venue": "Proceedings of the IEEE conference on computer vision and pattern …, 2017",
      "year": 2017,
      "citations": 1602
    },
    {
      "title": "End-to-end learning of driving models from large-scale video datasets",
      "url": "https://scholar.google.com/citations?view_op=view_citation&hl=en&user=-XCiamcAAAAJ&citation_for_view=-XCiamcAAAAJ:k6hhvAYhr9EC",
      "authors": "H Xu, Y Gao, F Yu, T Darrell",
      "venue": "Proceedings of the IEEE conference on computer vision and pattern …, 2017",
      "year": 2017,
      "citations": 1180
    },
    {
      "title": "Scribbler: Controlling deep image synthesis with sketch and color",
      "url": "https://scholar.google.com/citations?view_op=view_citation&hl=en&user=-XCiamcAAAAJ&citation_for_view=-XCiamcAAAAJ:Y3Sh7dCAXz0C",
      "authors": "P Sangkloy, J Lu, C Fang, F Yu, J Hays",
      "venue": "Proceedings of the IEEE conference on computer vision and pattern …, 2017",
      "year": 2017,
      "citations": 663
    },
    {
      "title": "Multi-scale context aggregation by dilated convolutions",
      "url": "https://scholar.google.com/citations?view_op=view_citation&hl=en&user=-XCiamcAAAAJ&citation_for_view=-XCiamcAAAAJ:rPSSLjQITZsC",
      "authors": "F Yu, V Koltun",
      "venue": "International Conference on Learning Representations (ICLR), 2016",
      "year": 2016,
      "citations": 12676
    },
    {
      "title": "Fcns in the wild: Pixel-level adversarial and constraint-based adaptation",
      "url": "https://scholar.google.com/citations?view_op=view_citation&hl=en&user=-XCiamcAAAAJ&citation_for_view=-XCiamcAAAAJ:FSl0EHHYj-kC",
      "authors": "J Hoffman, D Wang, F Yu, T Darrell",
      "venue": "arXiv preprint arXiv:1612.02649, 2016",
      "year": 2016,
      "citations": 987
    },
    {
      "title": "3d shapenets: A deep representation for volumetric shapes",
      "url": "https://scholar.google.com/citations?view_op=view_citation&hl=en&user=-XCiamcAAAAJ&citation_for_view=-XCiamcAAAAJ:FgeqF4j-V1wC",
      "authors": "Z Wu, S Song, A Khosla, F Yu, L Zhang, X Tang, J Xiao",
      "venue": "Proceedings of the IEEE conference on computer vision and pattern …, 2015",
      "year": 2015,
      "citations": 8118
    },
    {
      "title": "Shapenet: An information-rich 3d model repository",
      "url": "https://scholar.google.com/citations?view_op=view_citation&hl=en&user=-XCiamcAAAAJ&citation_for_view=-XCiamcAAAAJ:UuaQgmrAG1sC",
      "authors": "AX Chang, T Funkhouser, L Guibas, P Hanrahan, Q Huang, Z Li, ...",
      "venue": "arXiv preprint arXiv:1512.03012, 2015",
      "year": 2015,
      "citations": 7423
    },
    {
      "title": "LSUN: Construction of a Large-scale Image Dataset using Deep Learning with Humans in the Loop",
      "url": "https://scholar.google.com/citations?view_op=view_citation&hl=en&user=-XCiamcAAAAJ&citation_for_view=-XCiamcAAAAJ:f408LfHov48C",
      "authors": "F Yu, A Seff, Y Zhang, S Song, T Funkhouser, J Xiao",
      "venue": "arXiv preprint arXiv:1506.03365, 2015",
      "year": 2015,
      "citations": 3028
    }
  ],
  "co_authors": []
}