{
  "author_info": {
    "name": "Brais Martinez",
    "affiliation": "Samsung AI Centre",
    "email_verified": "Verified email at samsung.com - Homepage",
    "website": "http://www.braismartinez.org/",
    "interests": [
      "Computer Vision and Machine Learning"
    ],
    "photo_url": "https://scholar.googleusercontent.com/citations?view_op=view_photo&user=-62MApgAAAAJ&citpid=2"
  },
  "citation_stats": {
    "citations_all": 5396,
    "citations_since_2020": 3857,
    "h_index_all": 33,
    "h_index_since_2020": 28,
    "i10_index_all": 48,
    "i10_index_since_2020": 37,
    "citation_graph": [
      {
        "year": 2011,
        "citations": 22
      },
      {
        "year": 2012,
        "citations": 43
      },
      {
        "year": 2013,
        "citations": 82
      },
      {
        "year": 2014,
        "citations": 123
      },
      {
        "year": 2015,
        "citations": 156
      },
      {
        "year": 2016,
        "citations": 229
      },
      {
        "year": 2017,
        "citations": 255
      },
      {
        "year": 2018,
        "citations": 292
      },
      {
        "year": 2019,
        "citations": 277
      },
      {
        "year": 2020,
        "citations": 344
      },
      {
        "year": 2021,
        "citations": 469
      },
      {
        "year": 2022,
        "citations": 603
      },
      {
        "year": 2023,
        "citations": 768
      },
      {
        "year": 2024,
        "citations": 868
      },
      {
        "year": 2025,
        "citations": 796
      }
    ]
  },
  "papers": [
    {
      "title": "Bayesian Prompt Learning for Image-Language Model Generalization",
      "url": "https://scholar.google.com/citations?view_op=view_citation&hl=en&user=-62MApgAAAAJ&citation_for_view=-62MApgAAAAJ:08ZZubdj9fEC",
      "authors": "MM Derakhshani, E Sanchez, A Bulat, VGT da Costa, CGM Snoek, ...",
      "venue": "International Conference on Computer Vision (ICCV), 2023",
      "year": 2023,
      "citations": 118
    },
    {
      "title": "EdgeViTs: Competing Light-weight CNNs on Mobile Devices with Vision Transformers",
      "url": "https://scholar.google.com/citations?view_op=view_citation&hl=en&user=-62MApgAAAAJ&citation_for_view=-62MApgAAAAJ:XiSMed-E-HIC",
      "authors": "J Pan, A Bulat, F Tan, X Zhu, L Dudziak, H Li, G Tzimiropoulos, B Martinez",
      "venue": "European Conference on Computer Vision (ECCV), 2022",
      "year": 2022,
      "citations": 334
    },
    {
      "title": "Knowledge distillation via softmax regression representation learning",
      "url": "https://scholar.google.com/citations?view_op=view_citation&hl=en&user=-62MApgAAAAJ&citation_for_view=-62MApgAAAAJ:CHSYGLWDkRkC",
      "authors": "J Yang, B Martinez, A Bulat, G Tzimiropoulos",
      "venue": "International Conference on Learning Representations (ICLR), 2021",
      "year": 2021,
      "citations": 266
    },
    {
      "title": "Space-time Mixing Attention for Video Transformer",
      "url": "https://scholar.google.com/citations?view_op=view_citation&hl=en&user=-62MApgAAAAJ&citation_for_view=-62MApgAAAAJ:P5F9QuxV20EC",
      "authors": "A Bulat, JM Perez-Rua, S Sudhakaran, B Martinez, G Tzimiropoulos",
      "venue": "Neural Information Processing Systems (NeurIPS), 2021",
      "year": 2021,
      "citations": 162
    },
    {
      "title": "Towards practical lipreading with distilled and efficient models",
      "url": "https://scholar.google.com/citations?view_op=view_citation&hl=en&user=-62MApgAAAAJ&citation_for_view=-62MApgAAAAJ:_xSYboBqXhAC",
      "authors": "P Ma, B Martinez, S Petridis, M Pantic",
      "venue": "IEEE International Conference on Acoustics, Speech and Signal Processing …, 2021",
      "year": 2021,
      "citations": 149
    },
    {
      "title": "Few-shot action recognition with prototype-centered attentive learning",
      "url": "https://scholar.google.com/citations?view_op=view_citation&hl=en&user=-62MApgAAAAJ&citation_for_view=-62MApgAAAAJ:xtRiw3GOFMkC",
      "authors": "X Zhu, A Toisoul, JM Perez-Rua, L Zhang, B Martinez, T Xiang",
      "venue": "British Machine Vision Conference (BMVC), 2021",
      "year": 2021,
      "citations": 80
    },
    {
      "title": "Lipreading using Temporal Convolutional Networks",
      "url": "https://scholar.google.com/citations?view_op=view_citation&hl=en&user=-62MApgAAAAJ&citation_for_view=-62MApgAAAAJ:cFHS6HbyZ2cC",
      "authors": "B Martinez, P Ma, S Petridis, M Pantic",
      "venue": "IEEE International Conference on Acoustics, Speech and Signal Processing …, 2020",
      "year": 2020,
      "citations": 366
    },
    {
      "title": "Training binary neural networks with real-to-binary convolutions",
      "url": "https://scholar.google.com/citations?view_op=view_citation&hl=en&user=-62MApgAAAAJ&citation_for_view=-62MApgAAAAJ:D03iK_w7-QYC",
      "authors": "B Martinez, J Yang, A Bulat, G Tzimiropoulos",
      "venue": "International Conference on Learning Representations (ICLR), 2020",
      "year": 2020,
      "citations": 320
    },
    {
      "title": "BATS: Binary ArchitecTure Search",
      "url": "https://scholar.google.com/citations?view_op=view_citation&hl=en&user=-62MApgAAAAJ&citation_for_view=-62MApgAAAAJ:yD5IFk8b50cC",
      "authors": "A Bulat, B Martinez, G Tzimiropoulos",
      "venue": "European Conference on Computer Vision (ECCV), 2020",
      "year": 2020,
      "citations": 88
    },
    {
      "title": "Automatic analysis of facial actions: A survey",
      "url": "https://scholar.google.com/citations?view_op=view_citation&hl=en&user=-62MApgAAAAJ&citation_for_view=-62MApgAAAAJ:k_IJM867U9cC",
      "authors": "B Martinez, MF Valstar, B Jiang, M Pantic",
      "venue": "IEEE transactions on affective computing 10 (3), 325-347, 2019",
      "year": 2019,
      "citations": 435
    },
    {
      "title": "Action recognition with spatial-temporal discriminative filter banks",
      "url": "https://scholar.google.com/citations?view_op=view_citation&hl=en&user=-62MApgAAAAJ&citation_for_view=-62MApgAAAAJ:fPk4N6BV_jEC",
      "authors": "B Martinez, D Modolo, Y Xiong, J Tighe",
      "venue": "International Conference on Computer Vision (ICCV), 2019",
      "year": 2019,
      "citations": 92
    },
    {
      "title": "Fusing deep learned and hand-crafted features of appearance, shape, and dynamics for automatic pain estimation",
      "url": "https://scholar.google.com/citations?view_op=view_citation&hl=en&user=-62MApgAAAAJ&citation_for_view=-62MApgAAAAJ:bEWYMUwI8FkC",
      "authors": "J Egede, M Valstar, B Martinez",
      "venue": "2017 12th IEEE international conference on automatic face & gesture …, 2017",
      "year": 2017,
      "citations": 98
    },
    {
      "title": "The automatic detection of chronic pain-related expression: requirements, challenges and the multimodal EmoPain dataset",
      "url": "https://scholar.google.com/citations?view_op=view_citation&hl=en&user=-62MApgAAAAJ&citation_for_view=-62MApgAAAAJ:dhFuZR0502QC",
      "authors": "MSH Aung, S Kaltwang, B Romera-Paredes, B Martinez, A Singh, M Cella, ...",
      "venue": "",
      "citations": 252,
      "year": 2016
    },
    {
      "title": "Advances, Challenges, and Opportunities in Automatic Facial Expression Recognition",
      "url": "https://scholar.google.com/citations?view_op=view_citation&hl=en&user=-62MApgAAAAJ&citation_for_view=-62MApgAAAAJ:QIV2ME_5wuYC",
      "authors": "B Martinez, MF Valstar",
      "venue": "",
      "citations": 190,
      "year": 2016
    },
    {
      "title": "The visual object tracking vot2016 challenge results",
      "url": "https://scholar.google.com/citations?view_op=view_citation&hl=en&user=-62MApgAAAAJ&citation_for_view=-62MApgAAAAJ:tkaPQYYpVKoC",
      "authors": "G Roffo, S Melzi",
      "venue": "Computer Vision--ECCV 2016 Workshops: Amsterdam, The Netherlands, October 8 …, 2016",
      "year": 2016,
      "citations": 185
    },
    {
      "title": "Chalearn looking at people and faces of the world: Face analysis workshop and challenge 2016",
      "url": "https://scholar.google.com/citations?view_op=view_citation&hl=en&user=-62MApgAAAAJ&citation_for_view=-62MApgAAAAJ:iH-uZ7U-co4C",
      "authors": "S Escalera, M Torres Torres, B Martinez, X Baró, H Jair Escalante, ...",
      "venue": "Proceedings of the IEEE Conference on Computer Vision and Pattern …, 2016",
      "year": 2016,
      "citations": 145
    },
    {
      "title": "A Dynamic Appearance Descriptor Approach to Facial Actions Temporal Modelling",
      "url": "https://scholar.google.com/citations?view_op=view_citation&hl=en&user=-62MApgAAAAJ&citation_for_view=-62MApgAAAAJ:_FxGoFyzp5QC",
      "authors": "B Jiang, M Valstar, B Martinez, M Pantic",
      "venue": "IEEE Transactions on Systems, Man and Cybernetics - Part B 44 (2), 161-174, 2014",
      "year": 2014,
      "citations": 201
    },
    {
      "title": "The MAHNOB Laughter Database",
      "url": "https://scholar.google.com/citations?view_op=view_citation&hl=en&user=-62MApgAAAAJ&citation_for_view=-62MApgAAAAJ:qjMakFHDy7sC",
      "authors": "S Petridis, B Martinez, M Pantic",
      "venue": "Image and Vision Computing 31 (2), 186-202, 2013",
      "year": 2013,
      "citations": 177
    },
    {
      "title": "Local Evidence Aggregation for Regression Based Facial Point Detection",
      "url": "https://scholar.google.com/citations?view_op=view_citation&hl=en&user=-62MApgAAAAJ&citation_for_view=-62MApgAAAAJ:WF5omc3nYNoC",
      "authors": "B Martinez, M Valstar, X Binefa, M Pantic",
      "venue": "IEEE Transactions on Pattern Analysis and Machine Intelligence 35 (5), 1149-1163, 2013",
      "year": 2013,
      "citations": 176
    },
    {
      "title": "Facial point detection using boosted regression and graph models",
      "url": "https://scholar.google.com/citations?view_op=view_citation&hl=en&user=-62MApgAAAAJ&citation_for_view=-62MApgAAAAJ:u5HHmVD_uO8C",
      "authors": "M Valstar, B Martinez, X Binefa, M Pantic",
      "venue": "IEEE Conference on Computer Vision and Pattern Recognition (CVPR), 2010",
      "year": 2010,
      "citations": 436
    }
  ],
  "co_authors": [
    {
      "name": "Georgios (Yorgos) Tzimiropoulos",
      "scholar_id": "D4JkWxf-8fwC",
      "url": "https://scholar.google.com/citations?user=D4JkWxf-8fwC"
    },
    {
      "name": "Adrian Bulat",
      "scholar_id": "5sKcsg0AAAAJ",
      "url": "https://scholar.google.com/citations?user=5sKcsg0AAAAJ"
    },
    {
      "name": "Michel Valstar",
      "scholar_id": "SRs5RFEAAAAJ",
      "url": "https://scholar.google.com/citations?user=SRs5RFEAAAAJ"
    },
    {
      "name": "Maja Pantic",
      "scholar_id": "ygpxbK8AAAAJ",
      "url": "https://scholar.google.com/citations?user=ygpxbK8AAAAJ"
    },
    {
      "name": "xavier binefa",
      "scholar_id": "1PId8CAAAAAJ",
      "url": "https://scholar.google.com/citations?user=1PId8CAAAAAJ"
    },
    {
      "name": "Xiatian Zhu",
      "scholar_id": "ZbA-z1cAAAAJ",
      "url": "https://scholar.google.com/citations?user=ZbA-z1cAAAAJ"
    },
    {
      "name": "Juan-Manuel Pérez-Rúa",
      "scholar_id": "Vbvimu4AAAAJ",
      "url": "https://scholar.google.com/citations?user=Vbvimu4AAAAJ"
    },
    {
      "name": "Enrique Sanchez",
      "scholar_id": "VLIQpIYAAAAJ",
      "url": "https://scholar.google.com/citations?user=VLIQpIYAAAAJ"
    },
    {
      "name": "Bihan Jiang",
      "scholar_id": "HtNA0ywAAAAJ",
      "url": "https://scholar.google.com/citations?user=HtNA0ywAAAAJ"
    },
    {
      "name": "Jing Yang",
      "scholar_id": "a0HJYXcAAAAJ",
      "url": "https://scholar.google.com/citations?user=a0HJYXcAAAAJ"
    },
    {
      "name": "Victor Escorcia",
      "scholar_id": "PxayLNwAAAAJ",
      "url": "https://scholar.google.com/citations?user=PxayLNwAAAAJ"
    },
    {
      "name": "Stavros Petridis",
      "scholar_id": "6v-UKEMAAAAJ",
      "url": "https://scholar.google.com/citations?user=6v-UKEMAAAAJ"
    },
    {
      "name": "Tao Xiang",
      "scholar_id": "MeS5d4gAAAAJ",
      "url": "https://scholar.google.com/citations?user=MeS5d4gAAAAJ"
    },
    {
      "name": "Bernardino Romera-Paredes",
      "scholar_id": "_LC9U6EAAAAJ",
      "url": "https://scholar.google.com/citations?user=_LC9U6EAAAAJ"
    },
    {
      "name": "Nadia Bianchi-Berthouze",
      "scholar_id": "gk2VyMwAAAAJ",
      "url": "https://scholar.google.com/citations?user=gk2VyMwAAAAJ"
    },
    {
      "name": "Mengmeng Xu (Frost)",
      "scholar_id": "be_ox9QAAAAJ",
      "url": "https://scholar.google.com/citations?user=be_ox9QAAAAJ"
    },
    {
      "name": "Sebastian Kaltwang",
      "scholar_id": "pYjUtVIAAAAJ",
      "url": "https://scholar.google.com/citations?user=pYjUtVIAAAAJ"
    },
    {
      "name": "Joseph Tighe",
      "scholar_id": "TJo2_hAAAAAJ",
      "url": "https://scholar.google.com/citations?user=TJo2_hAAAAAJ"
    },
    {
      "name": "Davide Modolo",
      "scholar_id": "l1SQgzIAAAAJ",
      "url": "https://scholar.google.com/citations?user=l1SQgzIAAAAJ"
    },
    {
      "name": "Yuanjun Xiong",
      "scholar_id": "ojKsx6AAAAAJ",
      "url": "https://scholar.google.com/citations?user=ojKsx6AAAAAJ"
    }
  ]
}