{
  "author_info": {
    "name": "Miika Aittala",
    "affiliation": "Senior Research Scientist, NVIDIA",
    "email_verified": "Verified email at nvidia.com",
    "interests": [
      "computer graphics",
      "computer vision",
      "machine learning"
    ],
    "photo_url": "/citations/images/avatar_scholar_128.png"
  },
  "citation_stats": {
    "citations_all": 24502,
    "citations_since_2020": 23592,
    "h_index_all": 31,
    "h_index_since_2020": 29,
    "i10_index_all": 37,
    "i10_index_since_2020": 37,
    "citation_graph": [
      {
        "year": 2015,
        "citations": 67
      },
      {
        "year": 2016,
        "citations": 83
      },
      {
        "year": 2017,
        "citations": 85
      },
      {
        "year": 2018,
        "citations": 109
      },
      {
        "year": 2019,
        "citations": 375
      },
      {
        "year": 2020,
        "citations": 889
      },
      {
        "year": 2021,
        "citations": 1929
      },
      {
        "year": 2022,
        "citations": 3332
      },
      {
        "year": 2023,
        "citations": 5086
      },
      {
        "year": 2024,
        "citations": 6299
      },
      {
        "year": 2025,
        "citations": 5967
      }
    ]
  },
  "papers": [
    {
      "title": "Analyzing and improving the training dynamics of diffusion models",
      "url": "https://scholar.google.com/citations?view_op=view_citation&hl=en&user=-_EKVQ0AAAAJ&citation_for_view=-_EKVQ0AAAAJ:KxtntwgDAa4C",
      "authors": "T Karras, M Aittala, J Lehtinen, J Hellsten, T Aila, S Laine",
      "venue": "Proceedings of the IEEE/CVF Conference on Computer Vision and Pattern …, 2024",
      "year": 2024,
      "citations": 301
    },
    {
      "title": "Guiding a diffusion model with a bad version of itself",
      "url": "https://scholar.google.com/citations?view_op=view_citation&hl=en&user=-_EKVQ0AAAAJ&citation_for_view=-_EKVQ0AAAAJ:4fKUyHm3Qg0C",
      "authors": "T Karras, M Aittala, T Kynkäänniemi, J Lehtinen, T Aila, S Laine",
      "venue": "Advances in Neural Information Processing Systems 37, 52996-53021, 2024",
      "year": 2024,
      "citations": 137
    },
    {
      "title": "Applying guidance in a limited interval improves sample and distribution quality in diffusion models",
      "url": "https://scholar.google.com/citations?view_op=view_citation&hl=en&user=-_EKVQ0AAAAJ&citation_for_view=-_EKVQ0AAAAJ:OU6Ihb5iCvQC",
      "authors": "T Kynkäänniemi, M Aittala, T Karras, S Laine, T Aila, J Lehtinen",
      "venue": "Advances in Neural Information Processing Systems 37, 122458-122483, 2024",
      "year": 2024,
      "citations": 114
    },
    {
      "title": "Generative novel view synthesis with 3d-aware diffusion models",
      "url": "https://scholar.google.com/citations?view_op=view_citation&hl=en&user=-_EKVQ0AAAAJ&citation_for_view=-_EKVQ0AAAAJ:dfsIfKJdRG4C",
      "authors": "ER Chan, K Nagano, MA Chan, AW Bergman, JJ Park, A Levy, M Aittala, ...",
      "venue": "Proceedings of the IEEE/CVF International Conference on Computer Vision …, 2023",
      "year": 2023,
      "citations": 305
    },
    {
      "title": "Elucidating the design space of diffusion-based generative models",
      "url": "https://scholar.google.com/citations?view_op=view_citation&hl=en&user=-_EKVQ0AAAAJ&citation_for_view=-_EKVQ0AAAAJ:M3NEmzRMIkIC",
      "authors": "T Karras, M Aittala, T Aila, S Laine",
      "venue": "Advances in neural information processing systems 35, 26565-26577, 2022",
      "year": 2022,
      "citations": 2946
    },
    {
      "title": "ediff-i: Text-to-image diffusion models with an ensemble of expert denoisers",
      "url": "https://scholar.google.com/citations?view_op=view_citation&hl=en&user=-_EKVQ0AAAAJ&citation_for_view=-_EKVQ0AAAAJ:ldfaerwXgEUC",
      "authors": "Y Balaji, S Nah, X Huang, A Vahdat, J Song, Q Zhang, K Kreis, M Aittala, ...",
      "venue": "arXiv preprint arXiv:2211.01324, 2022",
      "year": 2022,
      "citations": 1019
    },
    {
      "title": "The role of imagenet classes in fr\\'echet inception distance",
      "url": "https://scholar.google.com/citations?view_op=view_citation&hl=en&user=-_EKVQ0AAAAJ&citation_for_view=-_EKVQ0AAAAJ:4JMBOYKVnBMC",
      "authors": "T Kynkäänniemi, T Karras, M Aittala, T Aila, J Lehtinen",
      "venue": "arXiv preprint arXiv:2203.06026, 2022",
      "year": 2022,
      "citations": 265
    },
    {
      "title": "Generating long videos of dynamic scenes",
      "url": "https://scholar.google.com/citations?view_op=view_citation&hl=en&user=-_EKVQ0AAAAJ&citation_for_view=-_EKVQ0AAAAJ:JV2RwH3_ST0C",
      "authors": "T Brooks, J Hellsten, M Aittala, TC Wang, T Aila, J Lehtinen, MY Liu, ...",
      "venue": "Advances in Neural Information Processing Systems 35, 31769-31781, 2022",
      "year": 2022,
      "citations": 159
    },
    {
      "title": "Alias-free generative adversarial networks",
      "url": "https://scholar.google.com/citations?view_op=view_citation&hl=en&user=-_EKVQ0AAAAJ&citation_for_view=-_EKVQ0AAAAJ:hFOr9nPyWt4C",
      "authors": "T Karras, M Aittala, S Laine, E Härkönen, J Hellsten, J Lehtinen, T Aila",
      "venue": "Advances in neural information processing systems 34, 852-863, 2021",
      "year": 2021,
      "citations": 2346
    },
    {
      "title": "Analyzing and improving the image quality of stylegan",
      "url": "https://scholar.google.com/citations?view_op=view_citation&hl=en&user=-_EKVQ0AAAAJ&citation_for_view=-_EKVQ0AAAAJ:qxL8FJ1GzNcC",
      "authors": "T Karras, S Laine, M Aittala, J Hellsten, J Lehtinen, T Aila",
      "venue": "Proceedings of the IEEE/CVF conference on computer vision and pattern …, 2020",
      "year": 2020,
      "citations": 8710
    },
    {
      "title": "Training generative adversarial networks with limited data",
      "url": "https://scholar.google.com/citations?view_op=view_citation&hl=en&user=-_EKVQ0AAAAJ&citation_for_view=-_EKVQ0AAAAJ:4DMP91E08xMC",
      "authors": "T Karras, M Aittala, J Hellsten, S Laine, J Lehtinen, T Aila",
      "venue": "Advances in neural information processing systems 33, 12104-12114, 2020",
      "year": 2020,
      "citations": 2695
    },
    {
      "title": "Flexible svbrdf capture with a multi‐image deep network",
      "url": "https://scholar.google.com/citations?view_op=view_citation&hl=en&user=-_EKVQ0AAAAJ&citation_for_view=-_EKVQ0AAAAJ:8k81kl-MbHgC",
      "authors": "V Deschaintre, M Aittala, F Durand, G Drettakis, A Bousseau",
      "venue": "Computer graphics forum 38 (4), 1-13, 2019",
      "year": 2019,
      "citations": 148
    },
    {
      "title": "Noise2Noise: Learning image restoration without clean data",
      "url": "https://scholar.google.com/citations?view_op=view_citation&hl=en&user=-_EKVQ0AAAAJ&citation_for_view=-_EKVQ0AAAAJ:W7OEmFMy1HYC",
      "authors": "J Lehtinen, J Munkberg, J Hasselgren, S Laine, T Karras, M Aittala, T Aila",
      "venue": "arXiv preprint arXiv:1803.04189, 2018",
      "year": 2018,
      "citations": 2551
    },
    {
      "title": "Differentiable monte carlo ray tracing through edge sampling",
      "url": "https://scholar.google.com/citations?view_op=view_citation&hl=en&user=-_EKVQ0AAAAJ&citation_for_view=-_EKVQ0AAAAJ:ufrVoPGSRksC",
      "authors": "TM Li, M Aittala, F Durand, J Lehtinen",
      "venue": "ACM Transactions on Graphics (TOG) 37 (6), 1-11, 2018",
      "year": 2018,
      "citations": 666
    },
    {
      "title": "Single-image svbrdf capture with a rendering-aware deep network",
      "url": "https://scholar.google.com/citations?view_op=view_citation&hl=en&user=-_EKVQ0AAAAJ&citation_for_view=-_EKVQ0AAAAJ:d1gkVwhDpl0C",
      "authors": "V Deschaintre, M Aittala, F Durand, G Drettakis, A Bousseau",
      "venue": "ACM Transactions on Graphics (ToG) 37 (4), 1-15, 2018",
      "year": 2018,
      "citations": 338
    },
    {
      "title": "Burst image deblurring using permutation invariant convolutional neural networks",
      "url": "https://scholar.google.com/citations?view_op=view_citation&hl=en&user=-_EKVQ0AAAAJ&citation_for_view=-_EKVQ0AAAAJ:eQOLeE2rZwMC",
      "authors": "M Aittala, F Durand",
      "venue": "Proceedings of the European conference on computer vision (ECCV), 731-747, 2018",
      "year": 2018,
      "citations": 155
    },
    {
      "title": "Reflectance modeling by neural texture synthesis",
      "url": "https://scholar.google.com/citations?view_op=view_citation&hl=en&user=-_EKVQ0AAAAJ&citation_for_view=-_EKVQ0AAAAJ:Y0pCki6q_DkC",
      "authors": "M Aittala, T Aila, J Lehtinen",
      "venue": "ACM Transactions on Graphics (ToG) 35 (4), 1-13, 2016",
      "year": 2016,
      "citations": 190
    },
    {
      "title": "Two-shot SVBRDF capture for stationary materials.",
      "url": "https://scholar.google.com/citations?view_op=view_citation&hl=en&user=-_EKVQ0AAAAJ&citation_for_view=-_EKVQ0AAAAJ:UeHWp8X0CEIC",
      "authors": "M Aittala, T Weyrich, J Lehtinen",
      "venue": "ACM Trans. Graph. 34 (4), 110:1-110:13, 2015",
      "year": 2015,
      "citations": 204
    },
    {
      "title": "Practical SVBRDF capture in the frequency domain.",
      "url": "https://scholar.google.com/citations?view_op=view_citation&hl=en&user=-_EKVQ0AAAAJ&citation_for_view=-_EKVQ0AAAAJ:9yKSN-GCB0IC",
      "authors": "M Aittala, T Weyrich, J Lehtinen",
      "venue": "ACM Trans. Graph. 32 (4), 110:1-110:12, 2013",
      "year": 2013,
      "citations": 157
    },
    {
      "title": "Gradient-domain metropolis light transport",
      "url": "https://scholar.google.com/citations?view_op=view_citation&hl=en&user=-_EKVQ0AAAAJ&citation_for_view=-_EKVQ0AAAAJ:u-x6o8ySG0sC",
      "authors": "J Lehtinen, T Karras, S Laine, M Aittala, F Durand, T Aila",
      "venue": "ACM Transactions on Graphics (TOG) 32 (4), 1-12, 2013",
      "year": 2013,
      "citations": 115
    }
  ],
  "co_authors": []
}