{
  "author_info": {
    "name": "Hani Itani",
    "affiliation": "PhD Student, King Abdullah University of Science and Technology",
    "email_verified": "Verified email at kaust.edu.sa",
    "interests": [
      "Computer Vision",
      "Machine Learning"
    ],
    "photo_url": "/citations/images/avatar_scholar_128.png"
  },
  "citation_stats": {
    "citations_all": 1586,
    "citations_since_2020": 1581,
    "h_index_all": 8,
    "h_index_since_2020": 8,
    "i10_index_all": 7,
    "i10_index_since_2020": 6,
    "citation_graph": [
      {
        "year": 2022,
        "citations": 6
      },
      {
        "year": 2023,
        "citations": 90
      },
      {
        "year": 2024,
        "citations": 480
      },
      {
        "year": 2025,
        "citations": 999
      }
    ]
  },
  "papers": [
    {
      "title": "Beyond the last answer: Your reasoning trace uncovers more than you think",
      "url": "https://scholar.google.com/citations?view_op=view_citation&hl=en&user=0GkfZ64AAAAJ&citation_for_view=0GkfZ64AAAAJ:5nxA0vEk-isC",
      "authors": "HAAK Hammoud, H Itani, B Ghanem",
      "venue": "arXiv preprint arXiv:2504.20708, 2025",
      "year": 2025,
      "citations": 8
    },
    {
      "title": "Transformers from Compressed Representations",
      "url": "https://scholar.google.com/citations?view_op=view_citation&hl=en&user=0GkfZ64AAAAJ&citation_for_view=0GkfZ64AAAAJ:MXK_kJrjxJIC",
      "authors": "JCL Alcazar, M Soldan, M Saatialsoruji, A Pardo, H Itani, JC Perez, ...",
      "venue": "arXiv preprint arXiv:2510.23665, 2025",
      "year": 2025,
      "citations": 0
    },
    {
      "title": "Beyond the Last Answer: Your Reasoning Trace Uncovers More than You Think",
      "url": "https://scholar.google.com/citations?view_op=view_citation&hl=en&user=0GkfZ64AAAAJ&citation_for_view=0GkfZ64AAAAJ:8k81kl-MbHgC",
      "authors": "H Abed Al Kader Hammoud, H Itani, B Ghanem",
      "venue": "arXiv e-prints, arXiv: 2504.20708, 2025",
      "year": 2025,
      "citations": 0
    },
    {
      "title": "SynthCLIP: Are we ready for a fully synthetic CLIP training?",
      "url": "https://scholar.google.com/citations?view_op=view_citation&hl=en&user=0GkfZ64AAAAJ&citation_for_view=0GkfZ64AAAAJ:YsMSGLbcyi4C",
      "authors": "HAAK Hammoud, H Itani, F Pizzati, P Torr, A Bibi, B Ghanem",
      "venue": "arXiv preprint arXiv:2402.01832, 2024",
      "year": 2024,
      "citations": 69
    },
    {
      "title": "X-vars: Introducing explainability in football refereeing with multi-modal large language models",
      "url": "https://scholar.google.com/citations?view_op=view_citation&hl=en&user=0GkfZ64AAAAJ&citation_for_view=0GkfZ64AAAAJ:WF5omc3nYNoC",
      "authors": "J Held, H Itani, A Cioppa, S Giancola, B Ghanem, M Van Droogenbroeck",
      "venue": "Proceedings of the IEEE/CVF Conference on Computer Vision and Pattern …, 2024",
      "year": 2024,
      "citations": 48
    },
    {
      "title": "Compressed-language models for understanding compressed file formats: a jpeg exploration",
      "url": "https://scholar.google.com/citations?view_op=view_citation&hl=en&user=0GkfZ64AAAAJ&citation_for_view=0GkfZ64AAAAJ:ufrVoPGSRksC",
      "authors": "JC Pérez, A Pardo, M Soldan, H Itani, J Leon-Alcazar, B Ghanem",
      "venue": "arXiv preprint arXiv:2405.17146, 2024",
      "year": 2024,
      "citations": 7
    },
    {
      "title": "SynthCLIP: Are We Ready for a Fully Synthetic CLIP Training?",
      "url": "https://scholar.google.com/citations?view_op=view_citation&hl=en&user=0GkfZ64AAAAJ&citation_for_view=0GkfZ64AAAAJ:eQOLeE2rZwMC",
      "authors": "H Abed Al Kader Hammoud, H Itani, F Pizzati, P Torr, A Bibi, B Ghanem",
      "venue": "arXiv e-prints, arXiv: 2402.01832, 2024",
      "year": 2024,
      "citations": 0
    },
    {
      "title": "Camel: Communicative agents for\" mind\" exploration of large language model society",
      "url": "https://scholar.google.com/citations?view_op=view_citation&hl=en&user=0GkfZ64AAAAJ&citation_for_view=0GkfZ64AAAAJ:zYLM7Y9cAGgC",
      "authors": "G Li, H Hammoud, H Itani, D Khizbullin, B Ghanem",
      "venue": "Advances in Neural Information Processing Systems 36, 51991-52008, 2023",
      "year": 2023,
      "citations": 1069
    },
    {
      "title": "Camel: Communicative agents for\" mind\" exploration of large scale language model society",
      "url": "https://scholar.google.com/citations?view_op=view_citation&hl=en&user=0GkfZ64AAAAJ&citation_for_view=0GkfZ64AAAAJ:roLk4NBRz8UC",
      "authors": "G Li, HAAK Hammoud, H Itani, D Khizbullin, B Ghanem",
      "venue": "ArXiv, 2023",
      "year": 2023,
      "citations": 311
    },
    {
      "title": "Revisiting test time adaptation under online evaluation",
      "url": "https://scholar.google.com/citations?view_op=view_citation&hl=en&user=0GkfZ64AAAAJ&citation_for_view=0GkfZ64AAAAJ:Tyk-4Ss8FVUC",
      "authors": "M Alfarra, H Itani, A Pardo, SY Alhuwaider, M Ramazanova, JC Pérez, ...",
      "venue": "arXiv, 2023",
      "year": 2023,
      "citations": 16
    },
    {
      "title": "CAMEL: Communicative Agents for “Mind” Exploration of Large Language Model Society",
      "url": "https://scholar.google.com/citations?view_op=view_citation&hl=en&user=0GkfZ64AAAAJ&citation_for_view=0GkfZ64AAAAJ:UebtZRa9Y70C",
      "authors": "L Guohao, HAAK Hammoud, H Itani, D Khizbullin, B Ghanem",
      "venue": "Neural information processing systems foundation, 2023",
      "year": 2023,
      "citations": 6
    },
    {
      "title": "Evaluation of test-time adaptation under computational time constraints",
      "url": "https://scholar.google.com/citations?view_op=view_citation&hl=en&user=0GkfZ64AAAAJ&citation_for_view=0GkfZ64AAAAJ:_FxGoFyzp5QC",
      "authors": "M Alfarra, H Itani, A Pardo, S Alhuwaider, M Ramazanova, JC Pérez, ...",
      "venue": "arXiv preprint arXiv:2304.04795, 2023",
      "year": 2023,
      "citations": 5
    },
    {
      "title": "MotasemAlfarra/Online_Test_Time_Adaptation: Revisiting Test Time Adaptation Under Online Evaluation",
      "url": "https://scholar.google.com/citations?view_op=view_citation&hl=en&user=0GkfZ64AAAAJ&citation_for_view=0GkfZ64AAAAJ:Y0pCki6q_DkC",
      "authors": "M Alfarra, H Itani, A Pardo, SY Alhuwaider, M Ramazanova, JC Pérez, ...",
      "venue": "Github, 2023",
      "year": 2023,
      "citations": 0
    },
    {
      "title": "CAMEL: Communicative Agents for\" Mind\" Exploration of Large Language Model Society https://www. camel-ai. org",
      "url": "https://scholar.google.com/citations?view_op=view_citation&hl=en&user=0GkfZ64AAAAJ&citation_for_view=0GkfZ64AAAAJ:Se3iqnhoufwC",
      "authors": "L Guohao, HAAK Hammoud, H Itani, D Khizbullin, B Ghanem",
      "venue": "",
      "citations": 0,
      "year": 2023
    },
    {
      "title": "Sala: Soft assignment local aggregation for 3d semantic segmentation",
      "url": "https://scholar.google.com/citations?view_op=view_citation&hl=en&user=0GkfZ64AAAAJ&citation_for_view=0GkfZ64AAAAJ:qjMakFHDy7sC",
      "authors": "H Itani, S Giancola, AK Thabet, B Ghanem",
      "venue": "arXiv, 2020",
      "year": 2020,
      "citations": 2
    },
    {
      "title": "SALA: Soft Assignment Local Aggregation for Parameter Efficient 3D Semantic Segmentation",
      "url": "https://scholar.google.com/citations?view_op=view_citation&hl=en&user=0GkfZ64AAAAJ&citation_for_view=0GkfZ64AAAAJ:UeHWp8X0CEIC",
      "authors": "H Itani, S Giancola, A Thabet, B Ghanem",
      "venue": "arXiv preprint arXiv:2012.14929, 2020",
      "year": 2020,
      "citations": 0
    },
    {
      "title": "A Closer Look at Neighborhoods in Graph Based Point Cloud Scene Semantic Segmentation Networks",
      "url": "https://scholar.google.com/citations?view_op=view_citation&hl=en&user=0GkfZ64AAAAJ&citation_for_view=0GkfZ64AAAAJ:2osOgNQ5qMEC",
      "authors": "H Itani",
      "venue": "",
      "citations": 0,
      "year": 2020
    },
    {
      "title": "Fftlasso: Large-scale lasso in the fourier domain",
      "url": "https://scholar.google.com/citations?view_op=view_citation&hl=en&user=0GkfZ64AAAAJ&citation_for_view=0GkfZ64AAAAJ:u5HHmVD_uO8C",
      "authors": "A Bibi, H Itani, B Ghanem",
      "venue": "Proceedings of the IEEE Conference on Computer Vision and Pattern …, 2017",
      "year": 2017,
      "citations": 11
    },
    {
      "title": "KAUST Architecture: Sustainability in a Changing Climate",
      "url": "https://scholar.google.com/citations?view_op=view_citation&hl=en&user=0GkfZ64AAAAJ&citation_for_view=0GkfZ64AAAAJ:IjCSPb-OGe4C",
      "authors": "H Itani",
      "venue": "",
      "citations": 0,
      "year": 2016
    },
    {
      "title": "Camel: Communicative agents for” mind” exploration of large language model society, 2023",
      "url": "https://scholar.google.com/citations?view_op=view_citation&hl=en&user=0GkfZ64AAAAJ&citation_for_view=0GkfZ64AAAAJ:hqOjcs7Dif8C",
      "authors": "G Li, HAAK Hammoud, H Itani, D Khizbullin, B Ghanem",
      "venue": "URL https://arxiv. org/abs/2303.17760, 0",
      "citations": 34
    }
  ],
  "co_authors": [
    {
      "name": "Bernard Ghanem",
      "scholar_id": "rVsGTeEAAAAJ",
      "url": "https://scholar.google.com/citations?user=rVsGTeEAAAAJ"
    },
    {
      "name": "Adel Bibi",
      "scholar_id": "Q4j2laYAAAAJ",
      "url": "https://scholar.google.com/citations?user=Q4j2laYAAAAJ"
    }
  ]
}