{
  "author_info": {
    "name": "Weijian Huang",
    "affiliation": "PhD of Paul C Lauterbur Research Center, Chinese Academy of Sciences",
    "email_verified": "Verified email at siat.ac.cn",
    "interests": [
      "Medical imaging",
      "Machine learning",
      "Image processing"
    ],
    "photo_url": "https://scholar.googleusercontent.com/citations?view_op=view_photo&user=-dT6ungAAAAJ&citpid=11"
  },
  "citation_stats": {
    "citations_all": 588,
    "citations_since_2020": 581,
    "h_index_all": 7,
    "h_index_since_2020": 7,
    "i10_index_all": 6,
    "i10_index_since_2020": 6,
    "citation_graph": [
      {
        "year": 2019,
        "citations": 2
      },
      {
        "year": 2020,
        "citations": 34
      },
      {
        "year": 2021,
        "citations": 60
      },
      {
        "year": 2022,
        "citations": 69
      },
      {
        "year": 2023,
        "citations": 125
      },
      {
        "year": 2024,
        "citations": 125
      },
      {
        "year": 2025,
        "citations": 162
      }
    ]
  },
  "papers": [
    {
      "title": "Enhancing Representation in Radiography-Reports Foundation Model: A Granular Alignment Algorithm Using Masked Contrastive Learning",
      "url": "https://scholar.google.com/citations?view_op=view_citation&hl=en&user=-dT6ungAAAAJ&citation_for_view=-dT6ungAAAAJ:LkGwnXOMwfcC",
      "authors": "W Huang, C Li, HY Zhou, H Yang, J Liu, Y Liang, H Zheng, S Zhang, ...",
      "venue": "Nature Communications 15 (1), 7620, 2024",
      "year": 2024,
      "citations": 66
    },
    {
      "title": "Enhancing the vision-language foundation model with key semantic knowledge-emphasized report refinement",
      "url": "https://scholar.google.com/citations?view_op=view_citation&hl=en&user=-dT6ungAAAAJ&citation_for_view=-dT6ungAAAAJ:KlAtU1dfN6UC",
      "authors": "W Huang, C Li, H Yang, J Liu, Y Liang, H Zheng, S Wang",
      "venue": "Medical Image Analysis, 103299, 2024",
      "year": 2024,
      "citations": 14
    },
    {
      "title": "Mlip: medical language-image pre-training with masked local representation learning",
      "url": "https://scholar.google.com/citations?view_op=view_citation&hl=en&user=-dT6ungAAAAJ&citation_for_view=-dT6ungAAAAJ:hqOjcs7Dif8C",
      "authors": "J Liu, HY Zhou, C Li, W Huang, H Yang, Y Liang, G Shi, H Zheng, S Wang",
      "venue": "2024 IEEE International Symposium on Biomedical Imaging (ISBI), 1-5, 2024",
      "year": 2024,
      "citations": 10
    },
    {
      "title": "Collaborative learning for annotation‐efficient volumetric MR image segmentation",
      "url": "https://scholar.google.com/citations?view_op=view_citation&hl=en&user=-dT6ungAAAAJ&citation_for_view=-dT6ungAAAAJ:Se3iqnhoufwC",
      "authors": "YBM Osman, C Li, W Huang, S Wang",
      "venue": "Journal of Magnetic Resonance Imaging 60 (4), 1604-1614, 2024",
      "year": 2024,
      "citations": 6
    },
    {
      "title": "Multimodal self-supervised learning for lesion localization",
      "url": "https://scholar.google.com/citations?view_op=view_citation&hl=en&user=-dT6ungAAAAJ&citation_for_view=-dT6ungAAAAJ:UebtZRa9Y70C",
      "authors": "H Yang, HY Zhou, C Li, W Huang, J Liu, Y Liang, G Shi, H Zheng, Q Liu, ...",
      "venue": "2024 IEEE International Symposium on Biomedical Imaging (ISBI), 1-5, 2024",
      "year": 2024,
      "citations": 6
    },
    {
      "title": "Multi-modal vision-language model for generalizable annotation-free pathology localization and clinical diagnosis",
      "url": "https://scholar.google.com/citations?view_op=view_citation&hl=en&user=-dT6ungAAAAJ&citation_for_view=-dT6ungAAAAJ:YOwf2qJgpHMC",
      "authors": "H Yang, HY Zhou, Z Li, Y Gao, C Li, W Huang, J Liu, H Zheng, K Zhang, ...",
      "venue": "arXiv preprint arXiv:2401.02044, 2024",
      "year": 2024,
      "citations": 5
    },
    {
      "title": "Enhancing representation in medical vision-language foundation models via multi-scale information extraction techniques",
      "url": "https://scholar.google.com/citations?view_op=view_citation&hl=en&user=-dT6ungAAAAJ&citation_for_view=-dT6ungAAAAJ:Zph67rFs4hoC",
      "authors": "W Huang, C Li, HY Zhou, J Liu, H Yang, Y Liang, G Shi, H Zheng, S Wang",
      "venue": "2024 IEEE International Symposium on Biomedical Imaging (ISBI), 1-5, 2024",
      "year": 2024,
      "citations": 3
    },
    {
      "title": "Generalizable vision-language pre-training for annotation-free pathology localization.",
      "url": "https://scholar.google.com/citations?view_op=view_citation&hl=en&user=-dT6ungAAAAJ&citation_for_view=-dT6ungAAAAJ:5nxA0vEk-isC",
      "authors": "H Yang, HY Zhou, C Li, W Huang, J Liu, S Wang",
      "venue": "CoRR, 2024",
      "year": 2024,
      "citations": 2
    },
    {
      "title": "Semi-supervised and self-supervised collaborative learning for prostate 3D MR image segmentation",
      "url": "https://scholar.google.com/citations?view_op=view_citation&hl=en&user=-dT6ungAAAAJ&citation_for_view=-dT6ungAAAAJ:WF5omc3nYNoC",
      "authors": "YBM Osman, C Li, W Huang, N Elsayed, L Ying, H Zheng, S Wang",
      "venue": "2023 IEEE 20th International Symposium on Biomedical Imaging (ISBI), 1-4, 2023",
      "year": 2023,
      "citations": 7
    },
    {
      "title": "DIGEST: Deeply supervIsed knowledGE tranSfer neTwork learning for brain tumor segmentation with incomplete multi-modal MRI scans",
      "url": "https://scholar.google.com/citations?view_op=view_citation&hl=en&user=-dT6ungAAAAJ&citation_for_view=-dT6ungAAAAJ:eQOLeE2rZwMC",
      "authors": "H Li, C Li, W Huang, X Zheng, Y Xi, S Wang",
      "venue": "2023 IEEE 20th International Symposium on Biomedical Imaging (ISBI), 1-4, 2023",
      "year": 2023,
      "citations": 6
    },
    {
      "title": "Sparse annotation learning for dense volumetric mr image segmentation with uncertainty estimation",
      "url": "https://scholar.google.com/citations?view_op=view_citation&hl=en&user=-dT6ungAAAAJ&citation_for_view=-dT6ungAAAAJ:roLk4NBRz8UC",
      "authors": "YBM Osman, C Li, W Huang, S Wang",
      "venue": "Physics in Medicine & Biology 69 (1), 015009, 2023",
      "year": 2023,
      "citations": 5
    },
    {
      "title": "Machine learning for automatic Alzheimer’s disease detection: addressing domain shift issues for building robust models",
      "url": "https://scholar.google.com/citations?view_op=view_citation&hl=en&user=-dT6ungAAAAJ&citation_for_view=-dT6ungAAAAJ:_FxGoFyzp5QC",
      "authors": "C Li, NMA Elsayed Bakheet, W Huang, S Wang",
      "venue": "Radiology Science 2 (01), 10-21, 2023",
      "year": 2023,
      "citations": 2
    },
    {
      "title": "Uncertainty-Aware Multi-Parametric Magnetic Resonance Image Information Fusion for 3D Object Segmentation",
      "url": "https://scholar.google.com/citations?view_op=view_citation&hl=en&user=-dT6ungAAAAJ&citation_for_view=-dT6ungAAAAJ:Tyk-4Ss8FVUC",
      "authors": "C Li, YBM Osman, W Huang, Z Xue, H Han, H Zheng, S Wang",
      "venue": "2023 IEEE 20th International Symposium on Biomedical Imaging (ISBI), 1-4, 2023",
      "year": 2023,
      "citations": 2
    },
    {
      "title": "Multiparametric magnetic resonance imaging information fusion using graph convolutional network for glioma grading",
      "url": "https://scholar.google.com/citations?view_op=view_citation&hl=en&user=-dT6ungAAAAJ&citation_for_view=-dT6ungAAAAJ:UeHWp8X0CEIC",
      "authors": "P Guo, L Li, C Li, W Huang, G Zhao, S Wang, M Wang, Y Lin",
      "venue": "Journal of Healthcare Engineering 2022 (1), 7315665, 2022",
      "year": 2022,
      "citations": 7
    },
    {
      "title": "Rethinking the optimization process for self-supervised model-driven MRI reconstruction",
      "url": "https://scholar.google.com/citations?view_op=view_citation&hl=en&user=-dT6ungAAAAJ&citation_for_view=-dT6ungAAAAJ:qjMakFHDy7sC",
      "authors": "W Huang, C Li, W Fan, Y Zhou, Q Liu, H Zheng, S Wang",
      "venue": "International Workshop on Machine Learning for Medical Image Reconstruction …, 2022",
      "year": 2022,
      "citations": 3
    },
    {
      "title": "A coarse-to-fine deformable transformation framework for unsupervised multi-contrast MR image registration with dual consistency constraint",
      "url": "https://scholar.google.com/citations?view_op=view_citation&hl=en&user=-dT6ungAAAAJ&citation_for_view=-dT6ungAAAAJ:9yKSN-GCB0IC",
      "authors": "W Huang, H Yang, X Liu, C Li, I Zhang, R Wang, H Zheng, S Wang",
      "venue": "IEEE Transactions on Medical Imaging 40 (10), 2589-2599, 2021",
      "year": 2021,
      "citations": 88
    },
    {
      "title": "D-UNet: a dimension-fusion U shape network for chronic stroke lesion segmentation",
      "url": "https://scholar.google.com/citations?view_op=view_citation&hl=en&user=-dT6ungAAAAJ&citation_for_view=-dT6ungAAAAJ:u-x6o8ySG0sC",
      "authors": "Y Zhou, W Huang, P Dong, Y Xia, S Wang",
      "venue": "IEEE/ACM transactions on computational biology and bioinformatics 18 (3 …, 2019",
      "year": 2019,
      "citations": 242
    },
    {
      "title": "CLCI-Net: Cross-level fusion and context inference networks for lesion segmentation of chronic stroke",
      "url": "https://scholar.google.com/citations?view_op=view_citation&hl=en&user=-dT6ungAAAAJ&citation_for_view=-dT6ungAAAAJ:d1gkVwhDpl0C",
      "authors": "H Yang, W Huang, K Qi, C Li, X Liu, M Wang, H Zheng, S Wang",
      "venue": "International Conference on Medical Image Computing and Computer-Assisted …, 2019",
      "year": 2019,
      "citations": 107
    },
    {
      "title": "Gear shifting of quadriceps during isometric knee extension disclosed using ultrasonography",
      "url": "https://scholar.google.com/citations?view_op=view_citation&hl=en&user=-dT6ungAAAAJ&citation_for_view=-dT6ungAAAAJ:u5HHmVD_uO8C",
      "authors": "S Zhang, W Huang, Y Zeng, W Shi, X Diao, X Wei, S Ling",
      "venue": "BioMed Research International 2018 (1), 6385315, 2018",
      "year": 2018,
      "citations": 2
    },
    {
      "title": "Therapeutic effect of paclitaxel liposomes delivered by ultrasound with microbubbles on nude mice bearing intracranial glioblastoma xenografts monitored by bioluminescence imaging",
      "url": "https://scholar.google.com/citations?view_op=view_citation&hl=en&user=-dT6ungAAAAJ&citation_for_view=-dT6ungAAAAJ:IjCSPb-OGe4C",
      "authors": "Z Pi, X Chen, F Li, Y Li, Y Chen, W Huang, Y Hu, Y Shen, F Yan, H Zheng",
      "venue": "2016 IEEE International Ultrasonics Symposium (IUS), 1-4, 2016",
      "year": 2016,
      "citations": 3
    }
  ],
  "co_authors": [
    {
      "name": "Shanshan Wang",
      "scholar_id": "8pnz5L4AAAAJ",
      "url": "https://scholar.google.com/citations?user=8pnz5L4AAAAJ"
    },
    {
      "name": "Hao Yang",
      "scholar_id": "cZX7mo8AAAAJ",
      "url": "https://scholar.google.com/citations?user=cZX7mo8AAAAJ"
    }
  ]
}