{
  "author_info": {
    "name": "ByeongUk Lee",
    "affiliation": "Amazon Robotics",
    "email_verified": "Verified email at amazon.com - Homepage",
    "website": "https://sites.google.com/view/bulee",
    "interests": [
      "3D Generation",
      "3D Computer Vision",
      "Deep Learning"
    ],
    "photo_url": "https://scholar.googleusercontent.com/citations?view_op=view_photo&user=0ISM7DsAAAAJ&citpid=6"
  },
  "citation_stats": {
    "citations_all": 461,
    "citations_since_2020": 461,
    "h_index_all": 11,
    "h_index_since_2020": 11,
    "i10_index_all": 12,
    "i10_index_since_2020": 12,
    "citation_graph": [
      {
        "year": 2020,
        "citations": 13
      },
      {
        "year": 2021,
        "citations": 25
      },
      {
        "year": 2022,
        "citations": 62
      },
      {
        "year": 2023,
        "citations": 81
      },
      {
        "year": 2024,
        "citations": 134
      },
      {
        "year": 2025,
        "citations": 143
      }
    ]
  },
  "papers": [
    {
      "title": "Orak: A Foundational Benchmark for Training and Evaluating LLM Agents on Diverse Video Games",
      "url": "https://scholar.google.com/citations?view_op=view_citation&hl=en&user=0ISM7DsAAAAJ&citation_for_view=0ISM7DsAAAAJ:8k81kl-MbHgC",
      "authors": "D Park, M Kim, B Choi, J Kim, K Lee, J Lee, I Park, BU Lee, J Hwang, ...",
      "venue": "arXiv preprint arXiv:2506.03610, 2025",
      "year": 2025,
      "citations": 7
    },
    {
      "title": "HUSH: Holistic Panoramic 3D Scene Understanding using Spherical Harmonics",
      "url": "https://scholar.google.com/citations?view_op=view_citation&hl=en&user=0ISM7DsAAAAJ&citation_for_view=0ISM7DsAAAAJ:0EnyYjriUFMC",
      "authors": "J Lee, H Park, BU Lee, K Joo",
      "venue": "Proceedings of the Computer Vision and Pattern Recognition Conference, 16599 …, 2025",
      "year": 2025,
      "citations": 5
    },
    {
      "title": "Emotion Manipulation for Talking-Head Videos via Facial Landmarks",
      "url": "https://scholar.google.com/citations?view_op=view_citation&hl=en&user=0ISM7DsAAAAJ&citation_for_view=0ISM7DsAAAAJ:MXK_kJrjxJIC",
      "authors": "K Seo, R Culaway, BU Lee, J Noh",
      "venue": "ACM Transactions on Graphics 45 (1), 1-15, 2025",
      "year": 2025,
      "citations": 0
    },
    {
      "title": "How to Move Your Dragon: Text-to-Motion Synthesis for Large-Vocabulary Objects",
      "url": "https://scholar.google.com/citations?view_op=view_citation&hl=en&user=0ISM7DsAAAAJ&citation_for_view=0ISM7DsAAAAJ:hqOjcs7Dif8C",
      "authors": "W Lee, J Jeong, T Moon, HJ Kim, J Kim, G Kim, BU Lee",
      "venue": "arXiv preprint arXiv:2503.04257, 2025",
      "year": 2025,
      "citations": 0
    },
    {
      "title": "Learning to control camera exposure via reinforcement learning",
      "url": "https://scholar.google.com/citations?view_op=view_citation&hl=en&user=0ISM7DsAAAAJ&citation_for_view=0ISM7DsAAAAJ:roLk4NBRz8UC",
      "authors": "K Lee, U Shin, BU Lee",
      "venue": "Proceedings of the IEEE/CVF Conference on Computer Vision and Pattern …, 2024",
      "year": 2024,
      "citations": 11
    },
    {
      "title": "Stable Surface Regularization for Fast Few-Shot NeRF",
      "url": "https://scholar.google.com/citations?view_op=view_citation&hl=en&user=0ISM7DsAAAAJ&citation_for_view=0ISM7DsAAAAJ:LkGwnXOMwfcC",
      "authors": "B Joung, BU Lee, J Choe, U Shin, M Kang, T Lee, IS Kweon, KJ Yoon",
      "venue": "2024 International Conference on 3D Vision (3DV), 1478-1487, 2024",
      "year": 2024,
      "citations": 0
    },
    {
      "title": "Tta-cope: Test-time adaptation for category-level object pose estimation",
      "url": "https://scholar.google.com/citations?view_op=view_citation&hl=en&user=0ISM7DsAAAAJ&citation_for_view=0ISM7DsAAAAJ:eQOLeE2rZwMC",
      "authors": "T Lee, J Tremblay, V Blukis, B Wen, BU Lee, I Shin, S Birchfield, IS Kweon, ...",
      "venue": "Proceedings of the IEEE/CVF Conference on Computer Vision and Pattern …, 2023",
      "year": 2023,
      "citations": 55
    },
    {
      "title": "Self-supervised monocular depth estimation from thermal images via adversarial multi-spectral adaptation",
      "url": "https://scholar.google.com/citations?view_op=view_citation&hl=en&user=0ISM7DsAAAAJ&citation_for_view=0ISM7DsAAAAJ:YsMSGLbcyi4C",
      "authors": "U Shin, K Park, BU Lee, K Lee, IS Kweon",
      "venue": "Proceedings of the IEEE/CVF Winter Conference on Applications of Computer …, 2023",
      "year": 2023,
      "citations": 25
    },
    {
      "title": "Joint self-supervised learning and adversarial adaptation for monocular depth estimation from thermal image",
      "url": "https://scholar.google.com/citations?view_op=view_citation&hl=en&user=0ISM7DsAAAAJ&citation_for_view=0ISM7DsAAAAJ:ufrVoPGSRksC",
      "authors": "U Shin, K Park, K Lee, BU Lee, IS Kweon",
      "venue": "Machine Vision and Applications 34 (4), 55, 2023",
      "year": 2023,
      "citations": 3
    },
    {
      "title": "Single View Scene Scale Estimation using Scale Field",
      "url": "https://scholar.google.com/citations?view_op=view_citation&hl=en&user=0ISM7DsAAAAJ&citation_for_view=0ISM7DsAAAAJ:WF5omc3nYNoC",
      "authors": "BU Lee, J Zhang, Y Hold-Geoffroy, IS Kweon",
      "venue": "Proceedings of the IEEE/CVF Conference on Computer Vision and Pattern …, 2023",
      "year": 2023,
      "citations": 0
    },
    {
      "title": "UDA-COPE: Unsupervised domain adaptation for category-level object pose estimation",
      "url": "https://scholar.google.com/citations?view_op=view_citation&hl=en&user=0ISM7DsAAAAJ&citation_for_view=0ISM7DsAAAAJ:Tyk-4Ss8FVUC",
      "authors": "T Lee, BU Lee, I Shin, J Choe, U Shin, IS Kweon, KJ Yoon",
      "venue": "Proceedings of the IEEE/CVF conference on computer vision and pattern …, 2022",
      "year": 2022,
      "citations": 66
    },
    {
      "title": "Maximizing self-supervision from thermal image for effective self-supervised learning of depth and ego-motion",
      "url": "https://scholar.google.com/citations?view_op=view_citation&hl=en&user=0ISM7DsAAAAJ&citation_for_view=0ISM7DsAAAAJ:Y0pCki6q_DkC",
      "authors": "U Shin, K Lee, BU Lee, IS Kweon",
      "venue": "IEEE Robotics and Automation Letters 7 (3), 7771-7778, 2022",
      "year": 2022,
      "citations": 24
    },
    {
      "title": "Depth completion using plane-residual representation",
      "url": "https://scholar.google.com/citations?view_op=view_citation&hl=en&user=0ISM7DsAAAAJ&citation_for_view=0ISM7DsAAAAJ:2osOgNQ5qMEC",
      "authors": "BU Lee, K Lee, IS Kweon",
      "venue": "Proceedings of the IEEE/CVF Conference on Computer Vision and Pattern …, 2021",
      "year": 2021,
      "citations": 73
    },
    {
      "title": "Category-level metric scale object shape and pose estimation",
      "url": "https://scholar.google.com/citations?view_op=view_citation&hl=en&user=0ISM7DsAAAAJ&citation_for_view=0ISM7DsAAAAJ:zYLM7Y9cAGgC",
      "authors": "T Lee, BU Lee, M Kim, IS Kweon",
      "venue": "IEEE Robotics and Automation Letters 6 (4), 8575-8582, 2021",
      "year": 2021,
      "citations": 70
    },
    {
      "title": "A large-scale virtual dataset and egocentric localization for disaster responses",
      "url": "https://scholar.google.com/citations?view_op=view_citation&hl=en&user=0ISM7DsAAAAJ&citation_for_view=0ISM7DsAAAAJ:IjCSPb-OGe4C",
      "authors": "HG Jeon, S Im, BU Lee, F Rameau, DG Choi, J Oh, IS Kweon, M Hebert",
      "venue": "IEEE transactions on pattern analysis and machine intelligence 45 (6), 6766-6782, 2021",
      "year": 2021,
      "citations": 12
    },
    {
      "title": "CNN-Based Simultaneous Dehazing and Depth Estimation",
      "url": "https://scholar.google.com/citations?view_op=view_citation&hl=en&user=0ISM7DsAAAAJ&citation_for_view=0ISM7DsAAAAJ:d1gkVwhDpl0C",
      "authors": "BU Lee, K Lee, J Oh, IS Kweon",
      "venue": "2020 IEEE International Conference on Robotics and Automation, 2020",
      "year": 2020,
      "citations": 29
    },
    {
      "title": "An efficient asynchronous method for integrating evolutionary and gradient-based policy search",
      "url": "https://scholar.google.com/citations?view_op=view_citation&hl=en&user=0ISM7DsAAAAJ&citation_for_view=0ISM7DsAAAAJ:9yKSN-GCB0IC",
      "authors": "K Lee, BU Lee, U Shin, IS Kweon",
      "venue": "Advances in Neural Information Processing Systems 33, 10124-10135, 2020",
      "year": 2020,
      "citations": 24
    },
    {
      "title": "Depth Completion with Deep Geometry and Context Guidance",
      "url": "https://scholar.google.com/citations?view_op=view_citation&hl=en&user=0ISM7DsAAAAJ&citation_for_view=0ISM7DsAAAAJ:u-x6o8ySG0sC",
      "authors": "BU Lee, HG Jeon, S Im, IS Kweon",
      "venue": "2019 IEEE International Conference on Robotics and Automation, 2019",
      "year": 2019,
      "citations": 41
    },
    {
      "title": "DISC: A Large-scale Virtual Dataset for Simulating Disaster Scenarios",
      "url": "https://scholar.google.com/citations?view_op=view_citation&hl=en&user=0ISM7DsAAAAJ&citation_for_view=0ISM7DsAAAAJ:u5HHmVD_uO8C",
      "authors": "HG Jeon, S Im, BU Lee, DG Choi, M Hebert, IS Kweon",
      "venue": "2019 IEEE/RSJ International Conference on Intelligent Robots and Systems, 2019",
      "year": 2019,
      "citations": 16
    }
  ],
  "co_authors": [
    {
      "name": "In So Kweon",
      "scholar_id": "XA8EOlEAAAAJ",
      "url": "https://scholar.google.com/citations?user=XA8EOlEAAAAJ"
    },
    {
      "name": "Ukcheol Shin",
      "scholar_id": "ZvxI80EAAAAJ",
      "url": "https://scholar.google.com/citations?user=ZvxI80EAAAAJ"
    },
    {
      "name": "Kyunghyun Lee",
      "scholar_id": "WOBfTQoAAAAJ",
      "url": "https://scholar.google.com/citations?user=WOBfTQoAAAAJ"
    },
    {
      "name": "Taeyeop Lee",
      "scholar_id": "wwGGcd0AAAAJ",
      "url": "https://scholar.google.com/citations?user=wwGGcd0AAAAJ"
    },
    {
      "name": "Inkyu Shin",
      "scholar_id": "XpHl_HEAAAAJ",
      "url": "https://scholar.google.com/citations?user=XpHl_HEAAAAJ"
    },
    {
      "name": "Kuk-Jin Yoon",
      "scholar_id": "1NvBj_gAAAAJ",
      "url": "https://scholar.google.com/citations?user=1NvBj_gAAAAJ"
    },
    {
      "name": "Jaesung Choe",
      "scholar_id": "dQ7NO0IAAAAJ",
      "url": "https://scholar.google.com/citations?user=dQ7NO0IAAAAJ"
    },
    {
      "name": "Sunghoon Im",
      "scholar_id": "37fSLtAAAAAJ",
      "url": "https://scholar.google.com/citations?user=37fSLtAAAAAJ"
    },
    {
      "name": "Hae-Gon Jeon",
      "scholar_id": "Ei00xroAAAAJ",
      "url": "https://scholar.google.com/citations?user=Ei00xroAAAAJ"
    },
    {
      "name": "Kwanyong Park",
      "scholar_id": "5EwTX0YAAAAJ",
      "url": "https://scholar.google.com/citations?user=5EwTX0YAAAAJ"
    },
    {
      "name": "Jean Oh",
      "scholar_id": "jizMCFAAAAAJ",
      "url": "https://scholar.google.com/citations?user=jizMCFAAAAAJ"
    },
    {
      "name": "Myungchul Kim",
      "scholar_id": "iMLuuj4AAAAJ",
      "url": "https://scholar.google.com/citations?user=iMLuuj4AAAAJ"
    },
    {
      "name": "martial hebert",
      "scholar_id": "0ytii2EAAAAJ",
      "url": "https://scholar.google.com/citations?user=0ytii2EAAAAJ"
    },
    {
      "name": "Dong-Geol Choi",
      "scholar_id": "1498JWoAAAAJ",
      "url": "https://scholar.google.com/citations?user=1498JWoAAAAJ"
    },
    {
      "name": "François Rameau",
      "scholar_id": "Hfx_pykAAAAJ",
      "url": "https://scholar.google.com/citations?user=Hfx_pykAAAAJ"
    },
    {
      "name": "Jianming Zhang",
      "scholar_id": "TkVHKDgAAAAJ",
      "url": "https://scholar.google.com/citations?user=TkVHKDgAAAAJ"
    },
    {
      "name": "Yannick Hold-Geoffroy",
      "scholar_id": "B10T64oAAAAJ",
      "url": "https://scholar.google.com/citations?user=B10T64oAAAAJ"
    },
    {
      "name": "Minjun Kang",
      "scholar_id": "cUJ1PMoAAAAJ",
      "url": "https://scholar.google.com/citations?user=cUJ1PMoAAAAJ"
    }
  ]
}