{
  "author_info": {
    "name": "Pascal Frossard",
    "affiliation": "Ecole Polytechnique Fédérale de Lausanne, EPFL",
    "email_verified": "Verified email at epfl.ch - Homepage",
    "website": "http://lts4.epfl.ch/frossard",
    "interests": [
      "machine learning",
      "image processing",
      "computer vision",
      "multimedia communications"
    ],
    "photo_url": "https://scholar.googleusercontent.com/citations?view_op=view_photo&user=-Ve9sJ0AAAAJ&citpid=3"
  },
  "citation_stats": {
    "citations_all": 39469,
    "citations_since_2020": 26419,
    "h_index_all": 70,
    "h_index_since_2020": 53,
    "i10_index_all": 309,
    "i10_index_since_2020": 158,
    "citation_graph": [
      {
        "year": 2004,
        "citations": 155
      },
      {
        "year": 2005,
        "citations": 186
      },
      {
        "year": 2006,
        "citations": 222
      },
      {
        "year": 2007,
        "citations": 290
      },
      {
        "year": 2008,
        "citations": 274
      },
      {
        "year": 2009,
        "citations": 403
      },
      {
        "year": 2010,
        "citations": 407
      },
      {
        "year": 2011,
        "citations": 397
      },
      {
        "year": 2012,
        "citations": 488
      },
      {
        "year": 2013,
        "citations": 578
      },
      {
        "year": 2014,
        "citations": 713
      },
      {
        "year": 2015,
        "citations": 823
      },
      {
        "year": 2016,
        "citations": 1094
      },
      {
        "year": 2017,
        "citations": 1514
      },
      {
        "year": 2018,
        "citations": 2118
      },
      {
        "year": 2019,
        "citations": 2932
      },
      {
        "year": 2020,
        "citations": 3649
      },
      {
        "year": 2021,
        "citations": 4340
      },
      {
        "year": 2022,
        "citations": 4442
      },
      {
        "year": 2023,
        "citations": 4655
      },
      {
        "year": 2024,
        "citations": 4833
      },
      {
        "year": 2025,
        "citations": 4471
      }
    ]
  },
  "papers": [
    {
      "title": "Equivariant 3d-conditional diffusion models for molecular linker design",
      "url": "https://scholar.google.com/citations?view_op=view_citation&hl=en&user=-Ve9sJ0AAAAJ&citation_for_view=-Ve9sJ0AAAAJ:f13iAvnbnnYC",
      "authors": "I Igashov, H Stärk, C Vignac, VG Satorras, P Frossard, M Welling, ...",
      "venue": "Nature Machine Intelligence, 2024",
      "year": 2024,
      "citations": 251
    },
    {
      "title": "Digress: Discrete denoising diffusion for graph generation",
      "url": "https://scholar.google.com/citations?view_op=view_citation&hl=en&user=-Ve9sJ0AAAAJ&citation_for_view=-Ve9sJ0AAAAJ:RZBefGmQYygC",
      "authors": "C Vignac, I Krawczuk, A Siraudin, B Wang, V Cevher, P Frossard",
      "venue": "ICLR, 2023",
      "year": 2023,
      "citations": 643
    },
    {
      "title": "Graph signal processing for machine learning: A review and new perspectives",
      "url": "https://scholar.google.com/citations?view_op=view_citation&hl=en&user=-Ve9sJ0AAAAJ&citation_for_view=-Ve9sJ0AAAAJ:d6JCS5z0ckYC",
      "authors": "X Dong, D Thanou, L Toni, M Bronstein, P Frossard",
      "venue": "IEEE Signal processing magazine 37 (6), 117-127, 2020",
      "year": 2020,
      "citations": 274
    },
    {
      "title": "Learning graphs from data: A signal representation perspective",
      "url": "https://scholar.google.com/citations?view_op=view_citation&hl=en&user=-Ve9sJ0AAAAJ&citation_for_view=-Ve9sJ0AAAAJ:SgM-ki2adj0C",
      "authors": "X Dong, D Thanou, M Rabbat, P Frossard",
      "venue": "IEEE Signal Processing Magazine 36 (3), 44-63, 2019",
      "year": 2019,
      "citations": 525
    },
    {
      "title": "Robustness via curvature regularization, and vice versa",
      "url": "https://scholar.google.com/citations?view_op=view_citation&hl=en&user=-Ve9sJ0AAAAJ&citation_for_view=-Ve9sJ0AAAAJ:g30IDTdgJMgC",
      "authors": "SM Moosavi-Dezfooli, A Fawzi, J Uesato, P Frossard",
      "venue": "Proceedings of the IEEE/CVF Conference on Computer Vision and Pattern …, 2019",
      "year": 2019,
      "citations": 420
    },
    {
      "title": "Sparsefool: a few pixels make a big difference",
      "url": "https://scholar.google.com/citations?view_op=view_citation&hl=en&user=-Ve9sJ0AAAAJ&citation_for_view=-Ve9sJ0AAAAJ:BFa5h04uPMwC",
      "authors": "A Modas, SM Moosavi-Dezfooli, P Frossard",
      "venue": "Proceedings of the IEEE/CVF conference on computer vision and pattern …, 2019",
      "year": 2019,
      "citations": 267
    },
    {
      "title": "Graph signal processing: Overview, challenges, and applications",
      "url": "https://scholar.google.com/citations?view_op=view_citation&hl=en&user=-Ve9sJ0AAAAJ&citation_for_view=-Ve9sJ0AAAAJ:bCjgOgSFrM0C",
      "authors": "A Ortega, P Frossard, J Kovačević, JMF Moura, P Vandergheynst",
      "venue": "Proceedings of the IEEE 106 (5), 808-828, 2018",
      "year": 2018,
      "citations": 2239
    },
    {
      "title": "Adaptive quantization for deep neural network",
      "url": "https://scholar.google.com/citations?view_op=view_citation&hl=en&user=-Ve9sJ0AAAAJ&citation_for_view=-Ve9sJ0AAAAJ:J4E9jCG1tHUC",
      "authors": "Y Zhou, SM Moosavi-Dezfooli, NM Cheung, P Frossard",
      "venue": "Proceedings of the AAAI Conference on Artificial Intelligence 32 (1), 2018",
      "year": 2018,
      "citations": 286
    },
    {
      "title": "Empirical study of the topology and geometry of deep networks",
      "url": "https://scholar.google.com/citations?view_op=view_citation&hl=en&user=-Ve9sJ0AAAAJ&citation_for_view=-Ve9sJ0AAAAJ:j8pvxH-kN2QC",
      "authors": "A Fawzi, SM Moosavi-Dezfooli, P Frossard, S Soatto",
      "venue": "IEEE CVPR, 2018",
      "year": 2018,
      "citations": 260
    },
    {
      "title": "Universal adversarial perturbations",
      "url": "https://scholar.google.com/citations?view_op=view_citation&hl=en&user=-Ve9sJ0AAAAJ&citation_for_view=-Ve9sJ0AAAAJ:2Q0AJrNhS-QC",
      "authors": "SM Moosavi-Dezfooli, A Fawzi, O Fawzi, P Frossard",
      "venue": "IEEE CVPR, 2017",
      "year": 2017,
      "citations": 3680
    },
    {
      "title": "Analysis of classifiers’ robustness to adversarial perturbations",
      "url": "https://scholar.google.com/citations?view_op=view_citation&hl=en&user=-Ve9sJ0AAAAJ&citation_for_view=-Ve9sJ0AAAAJ:L7vk9XBBNxgC",
      "authors": "A Fawzi, O Fawzi, P Frossard",
      "venue": "Machine Learning, 2017",
      "year": 2017,
      "citations": 445
    },
    {
      "title": "The robustness of deep networks: A geometrical perspective",
      "url": "https://scholar.google.com/citations?view_op=view_citation&hl=en&user=-Ve9sJ0AAAAJ&citation_for_view=-Ve9sJ0AAAAJ:VjBpw8Hezy4C",
      "authors": "A Fawzi, SM Moosavi-Dezfooli, P Frossard",
      "venue": "IEEE Signal Processing Magazine 34 (6), 50-62, 2017",
      "year": 2017,
      "citations": 239
    },
    {
      "title": "DeepFool: a simple and accurate method to fool deep neural networks",
      "url": "https://scholar.google.com/citations?view_op=view_citation&hl=en&user=-Ve9sJ0AAAAJ&citation_for_view=-Ve9sJ0AAAAJ:eFf2swCANGcC",
      "authors": "SM Moosavi-Dezfooli, A Fawzi, P Frossard",
      "venue": "IEEE CVPR, 2016",
      "year": 2016,
      "citations": 7188
    },
    {
      "title": "Learning Laplacian Matrix in Smooth Graph Signal Representations",
      "url": "https://scholar.google.com/citations?view_op=view_citation&hl=en&user=-Ve9sJ0AAAAJ&citation_for_view=-Ve9sJ0AAAAJ:NU-BerS4NX4C",
      "authors": "X Dong, D Thanou, P Frossard, P Vandergheynst",
      "venue": "IEEE Transactions on Signal Processing 64 (23), 6160 - 6173, 2016",
      "year": 2016,
      "citations": 807
    },
    {
      "title": "Robustness of classifiers: from adversarial to random noise",
      "url": "https://scholar.google.com/citations?view_op=view_citation&hl=en&user=-Ve9sJ0AAAAJ&citation_for_view=-Ve9sJ0AAAAJ:e3CVSTJ63dQC",
      "authors": "A Fawzi, SM Moosavi-Dezfooli, P Frossard",
      "venue": "NIPS, 2016",
      "year": 2016,
      "citations": 476
    },
    {
      "title": "Adaptive data augmentation for image classification",
      "url": "https://scholar.google.com/citations?view_op=view_citation&hl=en&user=-Ve9sJ0AAAAJ&citation_for_view=-Ve9sJ0AAAAJ:oYLFIHfuHKwC",
      "authors": "A Fawzi, H Samulowitz, D Turaga, P Frossard",
      "venue": "2016 IEEE international conference on image processing (ICIP), 3688-3692, 2016",
      "year": 2016,
      "citations": 353
    },
    {
      "title": "Graph-based compression of dynamic 3D point cloud sequences",
      "url": "https://scholar.google.com/citations?view_op=view_citation&hl=en&user=-Ve9sJ0AAAAJ&citation_for_view=-Ve9sJ0AAAAJ:ufKn5pxu7C0C",
      "authors": "D Thanou, PA Chou, P Frossard",
      "venue": "IEEE Transactions on Image Processing 25 (4), 1765-1778, 2016",
      "year": 2016,
      "citations": 327
    },
    {
      "title": "The emerging field of signal processing on graphs: Extending high-dimensional data analysis to networks and other irregular domains",
      "url": "https://scholar.google.com/citations?view_op=view_citation&hl=en&user=-Ve9sJ0AAAAJ&citation_for_view=-Ve9sJ0AAAAJ:7H_MAutzIkAC",
      "authors": "DI Shuman, SK Narang, P Frossard, A Ortega, P Vandergheynst",
      "venue": "IEEE signal processing magazine 30 (3), 83-98, 2013",
      "year": 2013,
      "citations": 5336
    },
    {
      "title": "Clustering on multi-layer graphs via subspace analysis on Grassmann manifolds",
      "url": "https://scholar.google.com/citations?view_op=view_citation&hl=en&user=-Ve9sJ0AAAAJ&citation_for_view=-Ve9sJ0AAAAJ:gV6rEsy15s0C",
      "authors": "X Dong, P Frossard, P Vandergheynst, N Nefedov",
      "venue": "IEEE Transactions on signal processing 62 (4), 905-918, 2013",
      "year": 2013,
      "citations": 264
    },
    {
      "title": "Dictionary learning",
      "url": "https://scholar.google.com/citations?view_op=view_citation&hl=en&user=-Ve9sJ0AAAAJ&citation_for_view=-Ve9sJ0AAAAJ:dTyEYWd-f8wC",
      "authors": "I Tošić, P Frossard",
      "venue": "Signal Processing Magazine, IEEE 28 (2), 27-38, 2011",
      "year": 2011,
      "citations": 1224
    }
  ],
  "co_authors": [
    {
      "name": "Pierre Vandergheynst",
      "scholar_id": "1p9NOFEAAAAJ",
      "url": "https://scholar.google.com/citations?user=1p9NOFEAAAAJ"
    },
    {
      "name": "Seyed-Mohsen Moosavi-Dezfooli",
      "scholar_id": "qosS83IAAAAJ",
      "url": "https://scholar.google.com/citations?user=qosS83IAAAAJ"
    },
    {
      "name": "Alhussein Fawzi",
      "scholar_id": "BAtMB04AAAAJ",
      "url": "https://scholar.google.com/citations?user=BAtMB04AAAAJ"
    },
    {
      "name": "Dorina Thanou",
      "scholar_id": "UIHKfY0AAAAJ",
      "url": "https://scholar.google.com/citations?user=UIHKfY0AAAAJ"
    },
    {
      "name": "Antonio Ortega",
      "scholar_id": "K4bCJYcAAAAJ",
      "url": "https://scholar.google.com/citations?user=K4bCJYcAAAAJ"
    },
    {
      "name": "Ivana Tosic",
      "scholar_id": "n2pZ2xkAAAAJ",
      "url": "https://scholar.google.com/citations?user=n2pZ2xkAAAAJ"
    },
    {
      "name": "Laura Toni",
      "scholar_id": "fQ-oWKUAAAAJ",
      "url": "https://scholar.google.com/citations?user=fQ-oWKUAAAAJ"
    },
    {
      "name": "Olivier Verscheure",
      "scholar_id": "He3iYXIAAAAJ",
      "url": "https://scholar.google.com/citations?user=He3iYXIAAAAJ"
    },
    {
      "name": "Thomas Maugey",
      "scholar_id": "XP1wgekAAAAJ",
      "url": "https://scholar.google.com/citations?user=XP1wgekAAAAJ"
    },
    {
      "name": "Xiaowen Dong",
      "scholar_id": "_8tUq8kAAAAJ",
      "url": "https://scholar.google.com/citations?user=_8tUq8kAAAAJ"
    },
    {
      "name": "Nikolaos Thomos",
      "scholar_id": "qIWRQbUAAAAJ",
      "url": "https://scholar.google.com/citations?user=qIWRQbUAAAAJ"
    },
    {
      "name": "Jacob Chakareski",
      "scholar_id": "56gJcDoAAAAJ",
      "url": "https://scholar.google.com/citations?user=56gJcDoAAAAJ"
    },
    {
      "name": "David I Shuman",
      "scholar_id": "NC5GvvUAAAAJ",
      "url": "https://scholar.google.com/citations?user=NC5GvvUAAAAJ"
    },
    {
      "name": "Efi Kokiopoulou",
      "scholar_id": "9om-fCsAAAAJ",
      "url": "https://scholar.google.com/citations?user=9om-fCsAAAAJ"
    },
    {
      "name": "Guillermo Ortiz-Jiménez",
      "scholar_id": "xAsJnG0AAAAJ",
      "url": "https://scholar.google.com/citations?user=xAsJnG0AAAAJ"
    },
    {
      "name": "Dan Jurca",
      "scholar_id": "RYp9Ko8AAAAJ",
      "url": "https://scholar.google.com/citations?user=RYp9Ko8AAAAJ"
    },
    {
      "name": "Clément Vignac",
      "scholar_id": "HmmK8okAAAAJ",
      "url": "https://scholar.google.com/citations?user=HmmK8okAAAAJ"
    },
    {
      "name": "Omar Fawzi",
      "scholar_id": "eAHAxi0AAAAJ",
      "url": "https://scholar.google.com/citations?user=eAHAxi0AAAAJ"
    },
    {
      "name": "Mireille El Gheche",
      "scholar_id": "yi46_McAAAAJ",
      "url": "https://scholar.google.com/citations?user=yi46_McAAAAJ"
    },
    {
      "name": "Gene Cheung",
      "scholar_id": "bYvl2kwAAAAJ",
      "url": "https://scholar.google.com/citations?user=bYvl2kwAAAAJ"
    }
  ]
}