{
  "author_info": {
    "name": "Alexander H. Berger",
    "affiliation": "Technical University of Munich",
    "email_verified": "Verified email at tum.de",
    "interests": [],
    "photo_url": "/citations/images/avatar_scholar_128.png"
  },
  "citation_stats": {
    "citations_all": 35,
    "citations_since_2020": 35,
    "h_index_all": 4,
    "h_index_since_2020": 4,
    "i10_index_all": 2,
    "i10_index_since_2020": 2,
    "citation_graph": [
      {
        "year": 2024,
        "citations": 4
      },
      {
        "year": 2025,
        "citations": 31
      }
    ]
  },
  "papers": [
    {
      "title": "Topograph: An efficient Graph-Based Framework for Strictly Topology Preserving Image Segmentation",
      "url": "https://scholar.google.com/citations?view_op=view_citation&hl=en&user=-DTXAScAAAAJ&citation_for_view=-DTXAScAAAAJ:2osOgNQ5qMEC",
      "authors": "L Lux*, AH Berger*, A Weers, N Stucki, D Rueckert, U Bauer, JC Paetzold",
      "venue": "ICLR, 2025",
      "year": 2025,
      "citations": 10
    },
    {
      "title": "Pitfalls of topology-aware image segmentation",
      "url": "https://scholar.google.com/citations?view_op=view_citation&hl=en&user=-DTXAScAAAAJ&citation_for_view=-DTXAScAAAAJ:UeHWp8X0CEIC",
      "authors": "AH Berger*, L Lux*, A Weers, M Menten, D Rueckert, JC Paetzold",
      "venue": "Information Processing in Medical Imaging, 2025",
      "year": 2025,
      "citations": 7
    },
    {
      "title": "From Pixels to Histopathology: A Graph-Based Framework for Interpretable Whole Slide Image Analysis",
      "url": "https://scholar.google.com/citations?view_op=view_citation&hl=en&user=-DTXAScAAAAJ&citation_for_view=-DTXAScAAAAJ:YsMSGLbcyi4C",
      "authors": "A Weers, AH Berger, L Lux, P Schüffler, D Rueckert, JC Paetzold",
      "venue": "arXiv preprint arXiv:2503.11846, 2025",
      "year": 2025,
      "citations": 4
    },
    {
      "title": "Fine-tuning vision language models with graph-based knowledge for explainable medical image analysis",
      "url": "https://scholar.google.com/citations?view_op=view_citation&hl=en&user=-DTXAScAAAAJ&citation_for_view=-DTXAScAAAAJ:W7OEmFMy1HYC",
      "authors": "C Li, L Lux, AH Berger, MJ Menten, MR Sabuncu, JC Paetzold",
      "venue": "International Conference on Medical Image Computing and Computer-Assisted …, 2025",
      "year": 2025,
      "citations": 2
    },
    {
      "title": "Explainable and Interpretable Diabetic Retinopathy Prediction with Graph Learning",
      "url": "https://scholar.google.com/citations?view_op=view_citation&hl=en&user=-DTXAScAAAAJ&citation_for_view=-DTXAScAAAAJ:WF5omc3nYNoC",
      "authors": "L Lux, C Li, A Berger, M Menten, J Weidner, L Kreitner, AE Fayed, ...",
      "venue": "Investigative Ophthalmology & Visual Science 66 (8), 4177-4177, 2025",
      "year": 2025,
      "citations": 0
    },
    {
      "title": "Cross-Domain and Cross-Dimension Learning for Image-to-Graph Transformers",
      "url": "https://scholar.google.com/citations?view_op=view_citation&hl=en&user=-DTXAScAAAAJ&citation_for_view=-DTXAScAAAAJ:u5HHmVD_uO8C",
      "authors": "AH Berger, L Lux, S Shit, I Ezhov, G Kaissis, MJ Menten, D Rueckert, ...",
      "venue": "2025 IEEE/CVF Winter Conference on Applications of Computer Vision (WACV), 64-74, 2025",
      "year": 2025,
      "citations": 0
    },
    {
      "title": "Interpretable Retinal Disease Prediction Using Biology-Informed Heterogeneous Graph Representations",
      "url": "https://scholar.google.com/citations?view_op=view_citation&hl=en&user=-DTXAScAAAAJ&citation_for_view=-DTXAScAAAAJ:IjCSPb-OGe4C",
      "authors": "L Lux, AH Berger, MR Tricas, R Rosen, AE Fayed, S Sivaprasada, ...",
      "venue": "arXiv preprint arXiv:2502.16697, 2025",
      "year": 2025,
      "citations": 0
    },
    {
      "title": "Topologically faithful multi-class segmentation in medical images",
      "url": "https://scholar.google.com/citations?view_op=view_citation&hl=en&user=-DTXAScAAAAJ&citation_for_view=-DTXAScAAAAJ:d1gkVwhDpl0C",
      "authors": "AH Berger, L Lux, N Stucki, V Bürgin, S Shit, A Banaszak, D Rueckert, ...",
      "venue": "International Conference on Medical Image Computing and Computer-Assisted …, 2024",
      "year": 2024,
      "citations": 12
    },
    {
      "title": "From Language to Pixels: Task Recognition and Task Learning in LLMs",
      "url": "https://scholar.google.com/citations?view_op=view_citation&hl=en&user=-DTXAScAAAAJ&citation_for_view=-DTXAScAAAAJ:qjMakFHDy7sC",
      "authors": "J Falkenstein, CM Schuster, AH Berger, G Groh",
      "venue": "Proceedings of the 2nd GenBench Workshop on Generalisation (Benchmarking) in …, 2024",
      "year": 2024,
      "citations": 0
    },
    {
      "title": "Supervised Contrastive Learning for Image-to-Graph Transformers",
      "url": "https://scholar.google.com/citations?view_op=view_citation&hl=en&user=-DTXAScAAAAJ&citation_for_view=-DTXAScAAAAJ:Tyk-4Ss8FVUC",
      "authors": "A Banaszak, AH Berger, L Lux, S Shit, D Rueckert, JC Paetzold",
      "venue": "International Workshop on Graphs in Biomedical Image Analysis, 1-11, 2024",
      "year": 2024,
      "citations": 0
    },
    {
      "title": "Exploring Graphs as Data Representation for Disease Classification in Ophthalmology",
      "url": "https://scholar.google.com/citations?view_op=view_citation&hl=en&user=-DTXAScAAAAJ&citation_for_view=-DTXAScAAAAJ:zYLM7Y9cAGgC",
      "authors": "L Lux, AH Berger, M Romeo-Tricas, MJ Menten, D Rueckert, JC Paetzold",
      "venue": "International Workshop on Graphs in Biomedical Image Analysis, 43-56, 2024",
      "year": 2024,
      "citations": 0
    }
  ],
  "co_authors": [
    {
      "name": "Laurin Lux",
      "scholar_id": "5OIAaZcAAAAJ",
      "url": "https://scholar.google.com/citations?user=5OIAaZcAAAAJ"
    },
    {
      "name": "Johannes C. Paetzold",
      "scholar_id": "7Bv7PmgAAAAJ",
      "url": "https://scholar.google.com/citations?user=7Bv7PmgAAAAJ"
    },
    {
      "name": "Daniel Rueckert",
      "scholar_id": "H0O0WnQAAAAJ",
      "url": "https://scholar.google.com/citations?user=H0O0WnQAAAAJ"
    },
    {
      "name": "Martin J. Menten",
      "scholar_id": "FSlGL2oAAAAJ",
      "url": "https://scholar.google.com/citations?user=FSlGL2oAAAAJ"
    },
    {
      "name": "Suprosanna Shit",
      "scholar_id": "WhAMNrcAAAAJ",
      "url": "https://scholar.google.com/citations?user=WhAMNrcAAAAJ"
    },
    {
      "name": "Georgios (Georg[e]) Kaissis",
      "scholar_id": "g-WdmSgAAAAJ",
      "url": "https://scholar.google.com/citations?user=g-WdmSgAAAAJ"
    }
  ]
}