{
  "author_info": {
    "name": "Yahao Shi",
    "affiliation": "Beihang University",
    "email_verified": "Verified email at buaa.edu.cn",
    "interests": [
      "computer graphics"
    ],
    "photo_url": "https://scholar.googleusercontent.com/citations?view_op=view_photo&user=-VJZrUkAAAAJ&citpid=1"
  },
  "citation_stats": {
    "citations_all": 364,
    "citations_since_2020": 360,
    "h_index_all": 5,
    "h_index_since_2020": 5,
    "i10_index_all": 4,
    "i10_index_since_2020": 4,
    "citation_graph": [
      {
        "year": 2019,
        "citations": 2
      },
      {
        "year": 2020,
        "citations": 13
      },
      {
        "year": 2021,
        "citations": 16
      },
      {
        "year": 2022,
        "citations": 37
      },
      {
        "year": 2023,
        "citations": 38
      },
      {
        "year": 2024,
        "citations": 74
      },
      {
        "year": 2025,
        "citations": 179
      }
    ]
  },
  "papers": [
    {
      "title": "Drive Any Mesh: 4D Latent Diffusion for Mesh Deformation from Video",
      "url": "https://scholar.google.com/citations?view_op=view_citation&hl=en&user=-VJZrUkAAAAJ&citation_for_view=-VJZrUkAAAAJ:Tyk-4Ss8FVUC",
      "authors": "Y Shi, Y Liu, Y Wu, X Liu, C Zhao, J Luo, B Zhou",
      "venue": "arXiv preprint arXiv:2506.07489, 2025",
      "year": 2025,
      "citations": 2
    },
    {
      "title": "GSV3D: Gaussian Splatting-based Geometric Distillation with Stable Video Diffusion for Single-Image 3D Object Generation",
      "url": "https://scholar.google.com/citations?view_op=view_citation&hl=en&user=-VJZrUkAAAAJ&citation_for_view=-VJZrUkAAAAJ:zYLM7Y9cAGgC",
      "authors": "Y Tao, J Zhang, Y Shi, D Zou, B Zhou",
      "venue": "IEEE/CVF International Conference on Computer Vision (ICCV), 2025, 2025",
      "year": 2025,
      "citations": 0
    },
    {
      "title": "Opengaussian: Towards point-level 3d gaussian-based open vocabulary understanding",
      "url": "https://scholar.google.com/citations?view_op=view_citation&hl=en&user=-VJZrUkAAAAJ&citation_for_view=-VJZrUkAAAAJ:IjCSPb-OGe4C",
      "authors": "Y Wu, J Meng, H Li, C Wu, Y Shi, X Cheng, C Zhao, H Feng, E Ding, ...",
      "venue": "The 38th Conference on Neural Information Processing Systems (NeurIPS), 2024, 2024",
      "year": 2024,
      "citations": 85
    },
    {
      "title": "Articulated Motion-Aware NeRF for 3D Dynamic Appearance and Geometry Reconstruction by Implicit Motion States",
      "url": "https://scholar.google.com/citations?view_op=view_citation&hl=en&user=-VJZrUkAAAAJ&citation_for_view=-VJZrUkAAAAJ:qjMakFHDy7sC",
      "authors": "Y Shi, Y Tao, M Yang, Y Liu, L Yi, B Zhou",
      "venue": "IEEE transactions on visualization and computer graphics (TVCG), 2024, 2024",
      "year": 2024,
      "citations": 4
    },
    {
      "title": "Gir: 3d gaussian inverse rendering for relightable scene factorization",
      "url": "https://scholar.google.com/citations?view_op=view_citation&hl=en&user=-VJZrUkAAAAJ&citation_for_view=-VJZrUkAAAAJ:2osOgNQ5qMEC",
      "authors": "Y Shi, Y Wu, C Wu, X Liu, C Zhao, H Feng, J Zhang, B Zhou, E Ding, ...",
      "venue": "IEEE Transactions on Pattern Analysis and Machine Intelligence (TPAMI), 2025, 2023",
      "year": 2023,
      "citations": 71
    },
    {
      "title": "p^ 3-net: Part mobility parsing from point cloud sequences via learning explicit point correspondence",
      "url": "https://scholar.google.com/citations?view_op=view_citation&hl=en&user=-VJZrUkAAAAJ&citation_for_view=-VJZrUkAAAAJ:9yKSN-GCB0IC",
      "authors": "Y Shi, X Cao, F Lu, B Zhou",
      "venue": "the AAAI Conference on Artificial Intelligence (AAAI), 2022, 2022",
      "year": 2022,
      "citations": 9
    },
    {
      "title": "Self‐Supervised Learning of Part Mobility from Point Cloud Sequence",
      "url": "https://scholar.google.com/citations?view_op=view_citation&hl=en&user=-VJZrUkAAAAJ&citation_for_view=-VJZrUkAAAAJ:u-x6o8ySG0sC",
      "authors": "Y Shi, X Cao, B Zhou",
      "venue": "Computer Graphics Forum (CGF), 2021, 2021",
      "year": 2021,
      "citations": 29
    },
    {
      "title": "Shape2motion: Joint analysis of motion parts and attributes from 3d shapes",
      "url": "https://scholar.google.com/citations?view_op=view_citation&hl=en&user=-VJZrUkAAAAJ&citation_for_view=-VJZrUkAAAAJ:d1gkVwhDpl0C",
      "authors": "X Wang, B Zhou, Y Shi, X Chen, Q Zhao, K Xu",
      "venue": "IEEE/CVF Conference on Computer Vision and Pattern Recognition (CVPR), 2019, 2019",
      "year": 2019,
      "citations": 161
    },
    {
      "title": "Learning semantic abstraction of shape via 3D region of interest",
      "url": "https://scholar.google.com/citations?view_op=view_citation&hl=en&user=-VJZrUkAAAAJ&citation_for_view=-VJZrUkAAAAJ:u5HHmVD_uO8C",
      "authors": "H Fang, X Wang, Z Cai, Y Shi, X Sun, S Wu, B Zhou",
      "venue": "Graphical Models (GM), 2019, 2019",
      "year": 2019,
      "citations": 3
    }
  ],
  "co_authors": []
}