{
  "author_info": {
    "name": "Huadai Liu (刘华岱)",
    "affiliation": "HKUST, Zhejiang University",
    "email_verified": "Verified email at zju.edu.cn",
    "interests": [
      "Audio Generation & Unified Model"
    ],
    "photo_url": "https://scholar.googleusercontent.com/citations?view_op=view_photo&user=-avcK5sAAAAJ&citpid=8"
  },
  "citation_stats": {
    "citations_all": 765,
    "citations_since_2020": 765,
    "h_index_all": 10,
    "h_index_since_2020": 10,
    "i10_index_all": 10,
    "i10_index_since_2020": 10,
    "citation_graph": [
      {
        "year": 2022,
        "citations": 11
      },
      {
        "year": 2023,
        "citations": 89
      },
      {
        "year": 2024,
        "citations": 191
      },
      {
        "year": 2025,
        "citations": 472
      }
    ]
  },
  "papers": [
    {
      "title": "FlashAudio: Rectified Flows for Fast and High-Fidelity Text-to-Audio Generation",
      "url": "https://scholar.google.com/citations?view_op=view_citation&hl=en&user=-avcK5sAAAAJ&citation_for_view=-avcK5sAAAAJ:ufrVoPGSRksC",
      "authors": "H Liu, J Wang, R Huang, Y Liu, H Lu, W Xue, Z Zhao",
      "venue": "ACL 2025 (Oral) - SAC HIghlights Award, 0",
      "year": 2025,
      "citations": 9
    },
    {
      "title": "OmniAudio: Generating Spatial Audio from 360-Degree Video",
      "url": "https://scholar.google.com/citations?view_op=view_citation&hl=en&user=-avcK5sAAAAJ&citation_for_view=-avcK5sAAAAJ:3fE2CSJIrl8C",
      "authors": "H Liu, T Luo, Q Jiang, K Luo, P Sun, J Wan, R Huang, Q Chen, W Wang, ...",
      "venue": "ICML 2025, 2025",
      "year": 2025,
      "citations": 8
    },
    {
      "title": "ThinkSound: Chain-of-Thought Reasoning in Multimodal Large Language Models for Audio Generation and Editing",
      "url": "https://scholar.google.com/citations?view_op=view_citation&hl=en&user=-avcK5sAAAAJ&citation_for_view=-avcK5sAAAAJ:ULOm3_A8WrAC",
      "authors": "H Liu, J Wang, K Luo, W Wang, Q Chen, Z Zhao, W Xue",
      "venue": "NeurIPS 2025, 2025",
      "year": 2025,
      "citations": 7
    },
    {
      "title": "MEDIC: Zero-shot Music Editing with Disentangled Inversion Control",
      "url": "https://scholar.google.com/citations?view_op=view_citation&hl=en&user=-avcK5sAAAAJ&citation_for_view=-avcK5sAAAAJ:Y0pCki6q_DkC",
      "authors": "H Liu, J Wang, X Li, R Huang, Y Liu, J Xu, Z Zhao",
      "venue": "ACM MM 2025, 2025",
      "year": 2025,
      "citations": 6
    },
    {
      "title": "Fast adaptation of pretrained speaker verification system for source speaker tracking",
      "url": "https://scholar.google.com/citations?view_op=view_citation&hl=en&user=-avcK5sAAAAJ&citation_for_view=-avcK5sAAAAJ:5nxA0vEk-isC",
      "authors": "X Lyu, Y Wang, T Zhao, H Liu",
      "venue": "ICASSP 2025, 2025",
      "year": 2025,
      "citations": 4
    },
    {
      "title": "Mme-emotion: A holistic evaluation benchmark for emotional intelligence in multimodal large language models",
      "url": "https://scholar.google.com/citations?view_op=view_citation&hl=en&user=-avcK5sAAAAJ&citation_for_view=-avcK5sAAAAJ:YOwf2qJgpHMC",
      "authors": "F Zhang, Z Cheng, C Deng, H Li, Z Lian, Q Chen, H Liu, W Wang, ...",
      "venue": "arXiv preprint arXiv:2508.09210, 2025",
      "year": 2025,
      "citations": 3
    },
    {
      "title": "Build LLM-Based Zero-Shot Streaming TTS System with Cosyvoice",
      "url": "https://scholar.google.com/citations?view_op=view_citation&hl=en&user=-avcK5sAAAAJ&citation_for_view=-avcK5sAAAAJ:8k81kl-MbHgC",
      "authors": "X Lyu, Y Wang, T Zhao, H Wang, H Liu, Z Du",
      "venue": "ICASSP 2025, 2025",
      "year": 2025,
      "citations": 2
    },
    {
      "title": "SpaceVista: All-Scale Visual Spatial Reasoning from mm to km",
      "url": "https://scholar.google.com/citations?view_op=view_citation&hl=en&user=-avcK5sAAAAJ&citation_for_view=-avcK5sAAAAJ:_kc_bZDykSQC",
      "authors": "P Sun, S Lang, D Wu, Y Ding, K Feng, H Liu, Z Ye, R Liu, YH Liu, J Wang, ...",
      "venue": "arXiv preprint arXiv:2510.09606, 2025",
      "year": 2025,
      "citations": 0
    },
    {
      "title": "Cosyvoice 2: Scalable streaming speech synthesis with large language models",
      "url": "https://scholar.google.com/citations?view_op=view_citation&hl=en&user=-avcK5sAAAAJ&citation_for_view=-avcK5sAAAAJ:Se3iqnhoufwC",
      "authors": "Z Du, Y Wang, Q Chen, X Shi, X Lv, T Zhao, Z Gao, Y Yang, C Gao, ...",
      "venue": "arXiv preprint arXiv:2412.10117, 2024",
      "year": 2024,
      "citations": 230
    },
    {
      "title": "AudioLCM: Text-to-audio generation with Latent Consistency Models",
      "url": "https://scholar.google.com/citations?view_op=view_citation&hl=en&user=-avcK5sAAAAJ&citation_for_view=-avcK5sAAAAJ:WF5omc3nYNoC",
      "authors": "H Liu, R Huang, Y Liu, H Cao, J Wang, X Cheng, S Zheng, Z Zhao",
      "venue": "ACM MM 2024, 2024",
      "year": 2024,
      "citations": 31
    },
    {
      "title": "Extending multi-modal contrastive representations",
      "url": "https://scholar.google.com/citations?view_op=view_citation&hl=en&user=-avcK5sAAAAJ&citation_for_view=-avcK5sAAAAJ:0EnyYjriUFMC",
      "authors": "Z Zhang, Z Wang, L Liu, R Huang, X Cheng, Z Ye, H Liu, H Huang, ...",
      "venue": "NeurIPS 2024, 2024",
      "year": 2024,
      "citations": 23
    },
    {
      "title": "Both Ears Wide Open: Towards Language-Driven Spatial Audio Generation",
      "url": "https://scholar.google.com/citations?view_op=view_citation&hl=en&user=-avcK5sAAAAJ&citation_for_view=-avcK5sAAAAJ:_FxGoFyzp5QC",
      "authors": "P Sun, S Cheng, X Li, Z Ye, H Liu, H Zhang, W Xue, Y Guo",
      "venue": "ICLR 2025 (Spotlight), 2024",
      "year": 2024,
      "citations": 23
    },
    {
      "title": "ViT-TTS: visual text-to-speech with scalable diffusion transformer",
      "url": "https://scholar.google.com/citations?view_op=view_citation&hl=en&user=-avcK5sAAAAJ&citation_for_view=-avcK5sAAAAJ:d1gkVwhDpl0C",
      "authors": "H Liu, R Huang, X Lin, W Xu, M Zheng, H Chen, J He, Z Zhao",
      "venue": "EMNLP 2023, 2023",
      "year": 2023,
      "citations": 33
    },
    {
      "title": "Mixspeech: Cross-modality self-learning with audio-visual stream mixup for visual speech translation and recognition",
      "url": "https://scholar.google.com/citations?view_op=view_citation&hl=en&user=-avcK5sAAAAJ&citation_for_view=-avcK5sAAAAJ:IjCSPb-OGe4C",
      "authors": "X Cheng, T Jin, R Huang, L Li, W Lin, Z Wang, Y Wang, H Liu, A Yin, ...",
      "venue": "ICCV 2023, 2023",
      "year": 2023,
      "citations": 30
    },
    {
      "title": "Rmssinger: Realistic-music-score based singing voice synthesis",
      "url": "https://scholar.google.com/citations?view_op=view_citation&hl=en&user=-avcK5sAAAAJ&citation_for_view=-avcK5sAAAAJ:UeHWp8X0CEIC",
      "authors": "J He, J Liu, Z Ye, R Huang, C Cui, H Liu, Z Zhao",
      "venue": "ACL 2023 Findings, 2023",
      "year": 2023,
      "citations": 29
    },
    {
      "title": "AV-TranSpeech: Audio-visual robust speech-to-speech translation",
      "url": "https://scholar.google.com/citations?view_op=view_citation&hl=en&user=-avcK5sAAAAJ&citation_for_view=-avcK5sAAAAJ:2osOgNQ5qMEC",
      "authors": "R Huang, H Liu, X Cheng, Y Ren, L Li, Z Ye, J He, L Zhang, J Liu, X Yin, ...",
      "venue": "ACL 2023, 2023",
      "year": 2023,
      "citations": 22
    },
    {
      "title": "Wav2SQL: Direct generalizable Speech-to-SQL Parsing",
      "url": "https://scholar.google.com/citations?view_op=view_citation&hl=en&user=-avcK5sAAAAJ&citation_for_view=-avcK5sAAAAJ:qjMakFHDy7sC",
      "authors": "H Liu, R Huang, J He, G Sun, R Shen, X Cheng, Z Zhao",
      "venue": "ACL 2024 Findings, 2023",
      "year": 2023,
      "citations": 5
    },
    {
      "title": "Prodiff: Progressive fast diffusion model for high-quality text-to-speech",
      "url": "https://scholar.google.com/citations?view_op=view_citation&hl=en&user=-avcK5sAAAAJ&citation_for_view=-avcK5sAAAAJ:u-x6o8ySG0sC",
      "authors": "R Huang, H Liu, Z Zhao, J Liu, C Cui, Y Ren",
      "venue": "ACM MM 2022, 2022",
      "year": 2022,
      "citations": 241
    },
    {
      "title": "Transpeech: Speech-to-speech translation with bilateral perturbation",
      "url": "https://scholar.google.com/citations?view_op=view_citation&hl=en&user=-avcK5sAAAAJ&citation_for_view=-avcK5sAAAAJ:MXK_kJrjxJIC",
      "authors": "R Huang, J Liu, H Liu, Y Ren, L Zhang, J He, Z Zhao",
      "venue": "ICLR 2023, 2022",
      "year": 2022,
      "citations": 58
    },
    {
      "title": "AntCritic: Argument Mining for Free-Form and Visually-Rich Financial Comments",
      "url": "https://scholar.google.com/citations?view_op=view_citation&hl=en&user=-avcK5sAAAAJ&citation_for_view=-avcK5sAAAAJ:W7OEmFMy1HYC",
      "authors": "H Liu, W Xu, X Lin, J Huo, H Chen, Z Zhao",
      "venue": "LREC COLING 2024, 2022",
      "year": 2022,
      "citations": 1
    }
  ],
  "co_authors": [
    {
      "name": "Zhou Zhao",
      "scholar_id": "IIoFY90AAAAJ",
      "url": "https://scholar.google.com/citations?user=IIoFY90AAAAJ"
    },
    {
      "name": "Rongjie Huang",
      "scholar_id": "iRHBUsgAAAAJ",
      "url": "https://scholar.google.com/citations?user=iRHBUsgAAAAJ"
    },
    {
      "name": "Xize Cheng（成曦泽）",
      "scholar_id": "7w1U0l4AAAAJ",
      "url": "https://scholar.google.com/citations?user=7w1U0l4AAAAJ"
    },
    {
      "name": "Qian Chen (陈谦)",
      "scholar_id": "8eosmSQAAAAJ",
      "url": "https://scholar.google.com/citations?user=8eosmSQAAAAJ"
    },
    {
      "name": "Wen Wang",
      "scholar_id": "85Tj1OwAAAAJ",
      "url": "https://scholar.google.com/citations?user=85Tj1OwAAAAJ"
    },
    {
      "name": "Yi Ren (任意)",
      "scholar_id": "4FA6C0AAAAAJ",
      "url": "https://scholar.google.com/citations?user=4FA6C0AAAAAJ"
    },
    {
      "name": "ShiLiang Zhang",
      "scholar_id": "BcWMSE4AAAAJ",
      "url": "https://scholar.google.com/citations?user=BcWMSE4AAAAJ"
    },
    {
      "name": "Wei Xue",
      "scholar_id": "77lSoywAAAAJ",
      "url": "https://scholar.google.com/citations?user=77lSoywAAAAJ"
    },
    {
      "name": "Xiangtai Li",
      "scholar_id": "FL3ReD0AAAAJ",
      "url": "https://scholar.google.com/citations?user=FL3ReD0AAAAJ"
    },
    {
      "name": "Jinglin Liu (刘静林)",
      "scholar_id": "Ri8x0jEAAAAJ",
      "url": "https://scholar.google.com/citations?user=Ri8x0jEAAAAJ"
    }
  ]
}