{
  "author_info": {
    "name": "Mac Schwager",
    "affiliation": "Stanford University",
    "email_verified": "Verified email at stanford.edu - Homepage",
    "website": "http://web.stanford.edu/~schwager/",
    "interests": [
      "Robotics",
      "Control",
      "Multi-Agent Systems",
      "Machine Learning",
      "Statistical Inference and Estimation"
    ],
    "photo_url": "https://scholar.googleusercontent.com/citations?view_op=view_photo&user=-EqbTXoAAAAJ&citpid=1"
  },
  "citation_stats": {
    "citations_all": 12843,
    "citations_since_2020": 8637,
    "h_index_all": 63,
    "h_index_since_2020": 54,
    "i10_index_all": 163,
    "i10_index_since_2020": 146,
    "citation_graph": [
      {
        "year": 2008,
        "citations": 40
      },
      {
        "year": 2009,
        "citations": 103
      },
      {
        "year": 2010,
        "citations": 160
      },
      {
        "year": 2011,
        "citations": 210
      },
      {
        "year": 2012,
        "citations": 230
      },
      {
        "year": 2013,
        "citations": 278
      },
      {
        "year": 2014,
        "citations": 360
      },
      {
        "year": 2015,
        "citations": 408
      },
      {
        "year": 2016,
        "citations": 439
      },
      {
        "year": 2017,
        "citations": 504
      },
      {
        "year": 2018,
        "citations": 709
      },
      {
        "year": 2019,
        "citations": 682
      },
      {
        "year": 2020,
        "citations": 893
      },
      {
        "year": 2021,
        "citations": 1121
      },
      {
        "year": 2022,
        "citations": 1179
      },
      {
        "year": 2023,
        "citations": 1466
      },
      {
        "year": 2024,
        "citations": 1820
      },
      {
        "year": 2025,
        "citations": 2132
      }
    ]
  },
  "papers": [
    {
      "title": "Foundation models in robotics: Applications, challenges, and the future",
      "url": "https://scholar.google.com/citations?view_op=view_citation&hl=en&user=-EqbTXoAAAAJ&citation_for_view=-EqbTXoAAAAJ:n8FNryW2AHIC",
      "authors": "R Firoozi, J Tucker, S Tian, A Majumdar, J Sun, W Liu, Y Zhu, S Song, ...",
      "venue": "The International Journal of Robotics Research 44 (5), 701-739, 2025",
      "year": 2025,
      "citations": 338
    },
    {
      "title": "Vision-only robot navigation in a neural radiance world",
      "url": "https://scholar.google.com/citations?view_op=view_citation&hl=en&user=-EqbTXoAAAAJ&citation_for_view=-EqbTXoAAAAJ:kiex5tMzGo8C",
      "authors": "M Adamkiewicz, T Chen, A Caccavale, R Gardner, P Culbertson, J Bohg, ...",
      "venue": "IEEE Robotics and Automation Letters 7 (2), 4606-4613, 2022",
      "year": 2022,
      "citations": 320
    },
    {
      "title": "Game-theoretic planning for self-driving cars in multivehicle competitive scenarios",
      "url": "https://scholar.google.com/citations?view_op=view_citation&hl=en&user=-EqbTXoAAAAJ&citation_for_view=-EqbTXoAAAAJ:eJD0kABLposC",
      "authors": "M Wang, Z Wang, J Talbot, JC Gerdes, M Schwager",
      "venue": "IEEE Transactions on Robotics 37 (4), 1313-1325, 2021",
      "year": 2021,
      "citations": 274
    },
    {
      "title": "A real-time game theoretic planner for autonomous two-player drone racing",
      "url": "https://scholar.google.com/citations?view_op=view_citation&hl=en&user=-EqbTXoAAAAJ&citation_for_view=-EqbTXoAAAAJ:jMZTt8odoasC",
      "authors": "R Spica, E Cristofalo, Z Wang, E Montijano, M Schwager",
      "venue": "IEEE Transactions on Robotics 36 (5), 1389-1403, 2020",
      "year": 2020,
      "citations": 226
    },
    {
      "title": "An untethered isoperimetric soft robot",
      "url": "https://scholar.google.com/citations?view_op=view_citation&hl=en&user=-EqbTXoAAAAJ&citation_for_view=-EqbTXoAAAAJ:4Wrxgq2JVp0C",
      "authors": "NS Usevitch, ZM Hammond, M Schwager, AM Okamura, EW Hawkes, ...",
      "venue": "Science Robotics 5 (40), eaaz0492, 2020",
      "year": 2020,
      "citations": 195
    },
    {
      "title": "Distributed multi-robot formation control in dynamic environments",
      "url": "https://scholar.google.com/citations?view_op=view_citation&hl=en&user=-EqbTXoAAAAJ&citation_for_view=-EqbTXoAAAAJ:5p9vMBpPSXYC",
      "authors": "J Alonso-Mora, E Montijano, T Nägeli, O Hilliges, M Schwager, D Rus",
      "venue": "Autonomous Robots 43 (5), 1079-1100, 2019",
      "year": 2019,
      "citations": 184
    },
    {
      "title": "Agile coordination and assistive collision avoidance for quadrotor swarms using virtual structures",
      "url": "https://scholar.google.com/citations?view_op=view_citation&hl=en&user=-EqbTXoAAAAJ&citation_for_view=-EqbTXoAAAAJ:eLRq4zTgah0C",
      "authors": "D Zhou, Z Wang, M Schwager",
      "venue": "IEEE Transactions on Robotics 34 (4), 916-923, 2018",
      "year": 2018,
      "citations": 224
    },
    {
      "title": "Fast, on-line collision avoidance for dynamic vehicles using buffered voronoi cells",
      "url": "https://scholar.google.com/citations?view_op=view_citation&hl=en&user=-EqbTXoAAAAJ&citation_for_view=-EqbTXoAAAAJ:4uoR24qA-WYC",
      "authors": "D Zhou, Z Wang, S Bandyopadhyay, M Schwager",
      "venue": "IEEE Robotics and Automation Letters 2 (2), 1047-1054, 2017",
      "year": 2017,
      "citations": 371
    },
    {
      "title": "Q-learning for robust satisfaction of signal temporal logic specifications",
      "url": "https://scholar.google.com/citations?view_op=view_citation&hl=en&user=-EqbTXoAAAAJ&citation_for_view=-EqbTXoAAAAJ:CC3C2HR4nz8C",
      "authors": "D Aksaray, A Jones, Z Kong, M Schwager, C Belta",
      "venue": "2016 IEEE 55th Conference on Decision and Control (CDC), 6565-6570, 2016",
      "year": 2016,
      "citations": 197
    },
    {
      "title": "Vision-based distributed formation control without an external positioning system",
      "url": "https://scholar.google.com/citations?view_op=view_citation&hl=en&user=-EqbTXoAAAAJ&citation_for_view=-EqbTXoAAAAJ:rJyh6hJnyfgC",
      "authors": "E Montijano, E Cristofalo, D Zhou, M Schwager, C Saguees",
      "venue": "IEEE Transactions on Robotics 32 (2), 339-351, 2016",
      "year": 2016,
      "citations": 182
    },
    {
      "title": "Intercepting rogue robots: An algorithm for capturing multiple evaders with multiple pursuers",
      "url": "https://scholar.google.com/citations?view_op=view_citation&hl=en&user=-EqbTXoAAAAJ&citation_for_view=-EqbTXoAAAAJ:rDsFeusoTZkC",
      "authors": "A Pierson, Z Wang, M Schwager",
      "venue": "IEEE Robotics and Automation Letters 2 (2), 530-537, 2016",
      "year": 2016,
      "citations": 162
    },
    {
      "title": "Persistent robotic tasks: Monitoring and sweeping in changing environments",
      "url": "https://scholar.google.com/citations?view_op=view_citation&hl=en&user=-EqbTXoAAAAJ&citation_for_view=-EqbTXoAAAAJ:ufrVoPGSRksC",
      "authors": "SL Smith, M Schwager, D Rus",
      "venue": "IEEE Transactions on Robotics 28 (2), 410-426, 2012",
      "year": 2012,
      "citations": 306
    },
    {
      "title": "Distributed robotic sensor networks: An information-theoretic approach",
      "url": "https://scholar.google.com/citations?view_op=view_citation&hl=en&user=-EqbTXoAAAAJ&citation_for_view=-EqbTXoAAAAJ:pAkWuXOU-OoC",
      "authors": "BJ Julian, M Angermann, M Schwager, D Rus",
      "venue": "The International Journal of Robotics Research 31 (10), 1134-1154, 2012",
      "year": 2012,
      "citations": 228
    },
    {
      "title": "Eyes in the sky: Decentralized control for the deployment of robotic camera networks",
      "url": "https://scholar.google.com/citations?view_op=view_citation&hl=en&user=-EqbTXoAAAAJ&citation_for_view=-EqbTXoAAAAJ:ubry08Y2EpUC",
      "authors": "M Schwager, BJ Julian, M Angermann, D Rus",
      "venue": "Proceedings of the IEEE 99 (9), 1541-1561, 2011",
      "year": 2011,
      "citations": 282
    },
    {
      "title": "Persistent ocean monitoring with underwater gliders: Adapting sampling resolution",
      "url": "https://scholar.google.com/citations?view_op=view_citation&hl=en&user=-EqbTXoAAAAJ&citation_for_view=-EqbTXoAAAAJ:LkGwnXOMwfcC",
      "authors": "RN Smith, M Schwager, SL Smith, BH Jones, D Rus, GS Sukhatme",
      "venue": "Journal of Field Robotics 28 (5), 714-741, 2011",
      "year": 2011,
      "citations": 277
    },
    {
      "title": "Unifying geometric, probabilistic, and potential field approaches to multi-robot deployment",
      "url": "https://scholar.google.com/citations?view_op=view_citation&hl=en&user=-EqbTXoAAAAJ&citation_for_view=-EqbTXoAAAAJ:Weau3kkTRIMC",
      "authors": "M Schwager, D Rus, JJ Slotine",
      "venue": "The International Journal of Robotics Research 30 (3), 371-383, 2011",
      "year": 2011,
      "citations": 216
    },
    {
      "title": "Voronoi coverage of non-convex environments with a group of networked robots",
      "url": "https://scholar.google.com/citations?view_op=view_citation&hl=en&user=-EqbTXoAAAAJ&citation_for_view=-EqbTXoAAAAJ:W7OEmFMy1HYC",
      "authors": "A Breitenmoser, M Schwager, JC Metzger, R Siegwart, D Rus",
      "venue": "2010 IEEE international conference on robotics and automation, 4982-4989, 2010",
      "year": 2010,
      "citations": 297
    },
    {
      "title": "Simultaneous coverage and tracking (SCAT) of moving targets with robot networks",
      "url": "https://scholar.google.com/citations?view_op=view_citation&hl=en&user=-EqbTXoAAAAJ&citation_for_view=-EqbTXoAAAAJ:UeHWp8X0CEIC",
      "authors": "LCA Pimenta, M Schwager, Q Lindsey, V Kumar, D Rus, RC Mesquita, ...",
      "venue": "Algorithmic Foundation of Robotics VIII: Selected Contributions of the …, 2010",
      "year": 2010,
      "citations": 174
    },
    {
      "title": "Decentralized, adaptive coverage control for networked robots",
      "url": "https://scholar.google.com/citations?view_op=view_citation&hl=en&user=-EqbTXoAAAAJ&citation_for_view=-EqbTXoAAAAJ:u5HHmVD_uO8C",
      "authors": "M Schwager, D Rus, JJ Slotine",
      "venue": "The International Journal of Robotics Research 28 (3), 357-375, 2009",
      "year": 2009,
      "citations": 635
    },
    {
      "title": "Distributed coverage control with sensory feedback for networked robots",
      "url": "https://scholar.google.com/citations?view_op=view_citation&hl=en&user=-EqbTXoAAAAJ&citation_for_view=-EqbTXoAAAAJ:kNdYIx-mwKoC",
      "authors": "M Schwager, J McLurkin, D Rus",
      "venue": "Robotics: Science and Systems II, 49-56, 2007",
      "year": 2007,
      "citations": 208
    }
  ],
  "co_authors": [
    {
      "name": "Daniela Rus",
      "scholar_id": "910z20QAAAAJ",
      "url": "https://scholar.google.com/citations?user=910z20QAAAAJ"
    },
    {
      "name": "Zijian Wang",
      "scholar_id": "XC8CHRMAAAAJ",
      "url": "https://scholar.google.com/citations?user=XC8CHRMAAAAJ"
    },
    {
      "name": "Eduardo Montijano",
      "scholar_id": "KD6ysH8AAAAJ",
      "url": "https://scholar.google.com/citations?user=KD6ysH8AAAAJ"
    },
    {
      "name": "Calin Belta",
      "scholar_id": "72yPqG4AAAAJ",
      "url": "https://scholar.google.com/citations?user=72yPqG4AAAAJ"
    },
    {
      "name": "Jiankai Sun",
      "scholar_id": "726MCb8AAAAJ",
      "url": "https://scholar.google.com/citations?user=726MCb8AAAAJ"
    },
    {
      "name": "Dingjiang Zhou Ph.D.",
      "scholar_id": "6rxTkmYAAAAJ",
      "url": "https://scholar.google.com/citations?user=6rxTkmYAAAAJ"
    },
    {
      "name": "Brian J. Julian",
      "scholar_id": "9J0Oi4IAAAAJ",
      "url": "https://scholar.google.com/citations?user=9J0Oi4IAAAAJ"
    },
    {
      "name": "Marco Pavone",
      "scholar_id": "RhOpyXcAAAAJ",
      "url": "https://scholar.google.com/citations?user=RhOpyXcAAAAJ"
    },
    {
      "name": "Vijay Kumar",
      "scholar_id": "FUOEBDUAAAAJ",
      "url": "https://scholar.google.com/citations?user=FUOEBDUAAAAJ"
    },
    {
      "name": "Jean-Jacques Slotine",
      "scholar_id": "TcREpMQAAAAJ",
      "url": "https://scholar.google.com/citations?user=TcREpMQAAAAJ"
    },
    {
      "name": "Stephen L. Smith",
      "scholar_id": "_gfwCNwAAAAJ",
      "url": "https://scholar.google.com/citations?user=_gfwCNwAAAAJ"
    },
    {
      "name": "Alyssa Pierson",
      "scholar_id": "lvIVU3wAAAAJ",
      "url": "https://scholar.google.com/citations?user=lvIVU3wAAAAJ"
    },
    {
      "name": "Michael Angermann",
      "scholar_id": "8nt2dXMAAAAJ",
      "url": "https://scholar.google.com/citations?user=8nt2dXMAAAAJ"
    },
    {
      "name": "Kevin Leahy",
      "scholar_id": "pjiUykUAAAAJ",
      "url": "https://scholar.google.com/citations?user=pjiUykUAAAAJ"
    },
    {
      "name": "Philip Dames",
      "scholar_id": "s4yerDQAAAAJ",
      "url": "https://scholar.google.com/citations?user=s4yerDQAAAAJ"
    },
    {
      "name": "Saptarshi Bandyopadhyay",
      "scholar_id": "EbSL-rgAAAAJ",
      "url": "https://scholar.google.com/citations?user=EbSL-rgAAAAJ"
    },
    {
      "name": "James McLurkin",
      "scholar_id": "V_dRxO8AAAAJ",
      "url": "https://scholar.google.com/citations?user=V_dRxO8AAAAJ"
    },
    {
      "name": "Zhaodan Kong",
      "scholar_id": "gnFnmOIAAAAJ",
      "url": "https://scholar.google.com/citations?user=gnFnmOIAAAAJ"
    },
    {
      "name": "Derya Aksaray",
      "scholar_id": "kCEHo6EAAAAJ",
      "url": "https://scholar.google.com/citations?user=kCEHo6EAAAAJ"
    },
    {
      "name": "Gaurav Sukhatme",
      "scholar_id": "lRUi-A8AAAAJ",
      "url": "https://scholar.google.com/citations?user=lRUi-A8AAAAJ"
    }
  ]
}