{
  "author_info": {
    "name": "Zheqi He",
    "affiliation": "Beijing Academy of Artificial Intelligence",
    "email_verified": "Verified email at baai.ac.cn",
    "interests": [
      "Computer vision",
      "LLM"
    ],
    "photo_url": "/citations/images/avatar_scholar_128.png"
  },
  "citation_stats": {
    "citations_all": 690,
    "citations_since_2020": 663,
    "h_index_all": 8,
    "h_index_since_2020": 7,
    "i10_index_all": 8,
    "i10_index_since_2020": 7,
    "citation_graph": [
      {
        "year": 2016,
        "citations": 2
      },
      {
        "year": 2017,
        "citations": 2
      },
      {
        "year": 2018,
        "citations": 9
      },
      {
        "year": 2019,
        "citations": 14
      },
      {
        "year": 2020,
        "citations": 15
      },
      {
        "year": 2021,
        "citations": 34
      },
      {
        "year": 2022,
        "citations": 19
      },
      {
        "year": 2023,
        "citations": 34
      },
      {
        "year": 2024,
        "citations": 74
      },
      {
        "year": 2025,
        "citations": 486
      }
    ]
  },
  "papers": [
    {
      "title": "Robobrain 2.0 technical report",
      "url": "https://scholar.google.com/citations?view_op=view_citation&hl=en&user=-2JfogsAAAAJ&citation_for_view=-2JfogsAAAAJ:ufrVoPGSRksC",
      "authors": "BRB Team, M Cao, H Tan, Y Ji, X Chen, M Lin, Z Li, Z Cao, P Wang, ...",
      "venue": "arXiv preprint arXiv:2507.02029, 2025",
      "year": 2025,
      "citations": 38
    },
    {
      "title": "Video-safetybench: A benchmark for safety evaluation of video lvlms",
      "url": "https://scholar.google.com/citations?view_op=view_citation&hl=en&user=-2JfogsAAAAJ&citation_for_view=-2JfogsAAAAJ:YsMSGLbcyi4C",
      "authors": "X Liu, Z Li, Z He, P Li, S Xia, X Cui, H Huang, X Yang, R He",
      "venue": "arXiv preprint arXiv:2505.11842, 2025",
      "year": 2025,
      "citations": 4
    },
    {
      "title": "Flagevalmm: A flexible framework for comprehensive multimodal model evaluation",
      "url": "https://scholar.google.com/citations?view_op=view_citation&hl=en&user=-2JfogsAAAAJ&citation_for_view=-2JfogsAAAAJ:eQOLeE2rZwMC",
      "authors": "Z He, Y Liu, J Zheng, X Li, JG Yao, B Qin, R Xuan, X Yang",
      "venue": "Proceedings of the 63rd Annual Meeting of the Association for Computational …, 2025",
      "year": 2025,
      "citations": 3
    },
    {
      "title": "T2VEval: Benchmark Dataset and Objective Evaluation Method for T2V-generated Videos",
      "url": "https://scholar.google.com/citations?view_op=view_citation&hl=en&user=-2JfogsAAAAJ&citation_for_view=-2JfogsAAAAJ:W7OEmFMy1HYC",
      "authors": "Z Qi, P Shi, S Wang, C Zhang, F Zhao, Z Ying, D Pan, X Yang, Z He, T Dai",
      "venue": "arXiv preprint arXiv:2501.08545, 2025",
      "year": 2025,
      "citations": 2
    },
    {
      "title": "Beyond Multiple Choice: A Hybrid Framework for Unifying Robust Evaluation and Verifiable Reasoning Training",
      "url": "https://scholar.google.com/citations?view_op=view_citation&hl=en&user=-2JfogsAAAAJ&citation_for_view=-2JfogsAAAAJ:Se3iqnhoufwC",
      "authors": "Y Liu, H Li, H Xu, B Pei, J Wang, M Zhao, J Zheng, Z He, JG Yao, B Qin, ...",
      "venue": "arXiv preprint arXiv:2511.17405, 2025",
      "year": 2025,
      "citations": 0
    },
    {
      "title": "LaoBench: A Large-Scale Multidimensional Lao Benchmark for Large Language Models",
      "url": "https://scholar.google.com/citations?view_op=view_citation&hl=en&user=-2JfogsAAAAJ&citation_for_view=-2JfogsAAAAJ:roLk4NBRz8UC",
      "authors": "J Gao, R Xuan, Z Kang, D Liao, W Huang, Z Huang, Y Xu, B Qin, Z He, ...",
      "venue": "arXiv preprint arXiv:2511.11334, 2025",
      "year": 2025,
      "citations": 0
    },
    {
      "title": "Beyond Multiple Choice: Verifiable OpenQA for Robust Vision-Language RFT",
      "url": "https://scholar.google.com/citations?view_op=view_citation&hl=en&user=-2JfogsAAAAJ&citation_for_view=-2JfogsAAAAJ:UebtZRa9Y70C",
      "authors": "Y Liu, H Li, H Xu, B Pei, J Wang, M Zhao, J Zheng, Z He, JG Yao, B Qin, ...",
      "venue": "arXiv e-prints, arXiv: 2511.17405, 2025",
      "year": 2025,
      "citations": 0
    },
    {
      "title": "Do Vision-Language Models Measure Up? Benchmarking Visual Measurement Reading with MeasureBench",
      "url": "https://scholar.google.com/citations?view_op=view_citation&hl=en&user=-2JfogsAAAAJ&citation_for_view=-2JfogsAAAAJ:LkGwnXOMwfcC",
      "authors": "F Lin, Y Liu, H Xu, C Yue, Z He, M Zhao, MH Chen, J Liu, JG Yao, X Yang",
      "venue": "arXiv preprint arXiv:2510.26865, 2025",
      "year": 2025,
      "citations": 0
    },
    {
      "title": "FlagEval Findings Report: A Preliminary Evaluation of Large Reasoning Models on Automatically Verifiable Textual and Visual Questions",
      "url": "https://scholar.google.com/citations?view_op=view_citation&hl=en&user=-2JfogsAAAAJ&citation_for_view=-2JfogsAAAAJ:_FxGoFyzp5QC",
      "authors": "B Qin, C Yue, F Yin, H Wang, JG Yao, J Liu, JS Zheng, MH Chen, R Xuan, ...",
      "venue": "arXiv preprint arXiv:2509.17177, 2025",
      "year": 2025,
      "citations": 0
    },
    {
      "title": "FlagEval-Arena: A Side-by-Side Comparative Evaluation Platform for Large Language Models and Text-Driven AIGC",
      "url": "https://scholar.google.com/citations?view_op=view_citation&hl=en&user=-2JfogsAAAAJ&citation_for_view=-2JfogsAAAAJ:WF5omc3nYNoC",
      "authors": "JS Zheng, R Xuan, B Qin, Z He, X Li, J Yao, X Yang",
      "venue": "Proceedings of the 63rd Annual Meeting of the Association for Computational …, 2025",
      "year": 2025,
      "citations": 0
    },
    {
      "title": "Emu3: Next-token prediction is all you need",
      "url": "https://scholar.google.com/citations?view_op=view_citation&hl=en&user=-2JfogsAAAAJ&citation_for_view=-2JfogsAAAAJ:Tyk-4Ss8FVUC",
      "authors": "X Wang, X Zhang, Z Luo, Q Sun, Y Cui, J Wang, F Zhang, Y Wang, Z Li, ...",
      "venue": "arXiv preprint arXiv:2409.18869, 2024",
      "year": 2024,
      "citations": 435
    },
    {
      "title": "Cmmu: A benchmark for chinese multi-modal multi-type question understanding and reasoning",
      "url": "https://scholar.google.com/citations?view_op=view_citation&hl=en&user=-2JfogsAAAAJ&citation_for_view=-2JfogsAAAAJ:IjCSPb-OGe4C",
      "authors": "Z He, X Wu, P Zhou, R Xuan, G Liu, X Yang, Q Zhu, H Huang",
      "venue": "arXiv preprint arXiv:2401.14011, 2024",
      "year": 2024,
      "citations": 29
    },
    {
      "title": "Evaluating Attribute Comprehension in Large Vision-Language Models",
      "url": "https://scholar.google.com/citations?view_op=view_citation&hl=en&user=-2JfogsAAAAJ&citation_for_view=-2JfogsAAAAJ:Y0pCki6q_DkC",
      "authors": "H Zhang, Z Yang, Y Liu, X Wang, Z He, K Liang, Z Ma",
      "venue": "Chinese Conference on Pattern Recognition and Computer Vision (PRCV), 98-113, 2024",
      "year": 2024,
      "citations": 0
    },
    {
      "title": "A quadrilateral scene text detector with two-stage network architecture",
      "url": "https://scholar.google.com/citations?view_op=view_citation&hl=en&user=-2JfogsAAAAJ&citation_for_view=-2JfogsAAAAJ:UeHWp8X0CEIC",
      "authors": "S Wang, Y Liu, Z He, Y Wang, Z Tang",
      "venue": "Pattern Recognition 102, 107230, 2020",
      "year": 2020,
      "citations": 36
    },
    {
      "title": "Towards accurate panel detection in manga: A combined effort of cnn and heuristics",
      "url": "https://scholar.google.com/citations?view_op=view_citation&hl=en&user=-2JfogsAAAAJ&citation_for_view=-2JfogsAAAAJ:qjMakFHDy7sC",
      "authors": "Y Zhou, Y Wang, Z He, Z Tang, CY Suen",
      "venue": "International Conference on Multimedia Modeling, 215-226, 2019",
      "year": 2019,
      "citations": 5
    },
    {
      "title": "An end-to-end quadrilateral regression network for comic panel extraction",
      "url": "https://scholar.google.com/citations?view_op=view_citation&hl=en&user=-2JfogsAAAAJ&citation_for_view=-2JfogsAAAAJ:2osOgNQ5qMEC",
      "authors": "Z He, Y Zhou, Y Wang, S Wang, X Lu, Z Tang, L Cai",
      "venue": "Proceedings of the 26th ACM international conference on Multimedia, 887-895, 2018",
      "year": 2018,
      "citations": 29
    },
    {
      "title": "A faster R-CNN based method for comic characters face detection",
      "url": "https://scholar.google.com/citations?view_op=view_citation&hl=en&user=-2JfogsAAAAJ&citation_for_view=-2JfogsAAAAJ:u-x6o8ySG0sC",
      "authors": "X Qin, Y Zhou, Z He, Y Wang, Z Tang",
      "venue": "2017 14th IAPR International Conference on Document Analysis and Recognition …, 2017",
      "year": 2017,
      "citations": 72
    },
    {
      "title": "Sren: Shape regression network for comic storyboard extraction",
      "url": "https://scholar.google.com/citations?view_op=view_citation&hl=en&user=-2JfogsAAAAJ&citation_for_view=-2JfogsAAAAJ:9yKSN-GCB0IC",
      "authors": "Z He, Y Zhou, Y Wang, Z Tang",
      "venue": "Proceedings of the AAAI Conference on Artificial Intelligence 31 (1), 2017",
      "year": 2017,
      "citations": 11
    },
    {
      "title": "Geometric object 3d reconstruction from single line drawing image with bottom-up and top-down classification and sketch generation",
      "url": "https://scholar.google.com/citations?view_op=view_citation&hl=en&user=-2JfogsAAAAJ&citation_for_view=-2JfogsAAAAJ:d1gkVwhDpl0C",
      "authors": "T Guo, Y Wang, Y Zhou, Z He, Z Tang",
      "venue": "2017 14th IAPR International Conference on Document Analysis and Recognition …, 2017",
      "year": 2017,
      "citations": 3
    },
    {
      "title": "A fast and robust ellipse detector based on top-down least-square fitting",
      "url": "https://scholar.google.com/citations?view_op=view_citation&hl=en&user=-2JfogsAAAAJ&citation_for_view=-2JfogsAAAAJ:u5HHmVD_uO8C",
      "authors": "Y Wang, Z He, X Liu, Z Tang, L Li",
      "venue": "Comput. Electr. Eng 40 (4), 1415-1428, 2014",
      "year": 2014,
      "citations": 23
    }
  ],
  "co_authors": []
}