{
  "author_info": {
    "name": "Dongsheng Jiang",
    "affiliation": "Senior research fellow, Huawei Cloud",
    "email_verified": "Verified email at huawei.com - Homepage",
    "website": "https://sites.google.com/site/dongshengjiangbme/",
    "interests": [
      "Multimodal generation and understanding",
      "self-supervised learning",
      "supervised learning"
    ],
    "photo_url": "https://scholar.googleusercontent.com/citations?view_op=view_photo&user=-eGIgsoAAAAJ&citpid=6"
  },
  "citation_stats": {
    "citations_all": 10478,
    "citations_since_2020": 10383,
    "h_index_all": 15,
    "h_index_since_2020": 15,
    "i10_index_all": 19,
    "i10_index_since_2020": 18,
    "citation_graph": [
      {
        "year": 2019,
        "citations": 36
      },
      {
        "year": 2020,
        "citations": 66
      },
      {
        "year": 2021,
        "citations": 108
      },
      {
        "year": 2022,
        "citations": 457
      },
      {
        "year": 2023,
        "citations": 1349
      },
      {
        "year": 2024,
        "citations": 3624
      },
      {
        "year": 2025,
        "citations": 4647
      }
    ]
  },
  "papers": [
    {
      "title": "AeroGen: Enhancing remote sensing object detection with diffusion-driven data generation",
      "url": "https://scholar.google.com/citations?view_op=view_citation&hl=en&user=-eGIgsoAAAAJ&citation_for_view=-eGIgsoAAAAJ:tS2w5q8j5-wC",
      "authors": "D Tang, X Cao, X Wu, J Li, J Yao, X Bai, D Jiang, Y Li, D Meng",
      "venue": "Proceedings of the Computer Vision and Pattern Recognition Conference, 3614-3624, 2025",
      "year": 2025,
      "citations": 33
    },
    {
      "title": "SAM2MOT: A Novel Paradigm of Multi-Object Tracking by Segmentation",
      "url": "https://scholar.google.com/citations?view_op=view_citation&hl=en&user=-eGIgsoAAAAJ&citation_for_view=-eGIgsoAAAAJ:K3LRdlH-MEoC",
      "authors": "J Jiang, Z Wang, M Zhao, Y Li, DS Jiang",
      "venue": "arXiv preprint arXiv:2504.04519, 2025",
      "year": 2025,
      "citations": 11
    },
    {
      "title": "Improving image restoration through removing degradations in textual representations",
      "url": "https://scholar.google.com/citations?view_op=view_citation&hl=en&user=-eGIgsoAAAAJ&citation_for_view=-eGIgsoAAAAJ:uWQEDVKXjbEC",
      "authors": "J Lin, Z Zhang, Y Wei, D Ren, D Jiang, Q Tian, W Zuo",
      "venue": "Proceedings of the IEEE/CVF Conference on Computer Vision and Pattern …, 2024",
      "year": 2024,
      "citations": 47
    },
    {
      "title": "Sdpt: Semantic-aware dimension-pooling transformer for image segmentation",
      "url": "https://scholar.google.com/citations?view_op=view_citation&hl=en&user=-eGIgsoAAAAJ&citation_for_view=-eGIgsoAAAAJ:WbkHhVStYXYC",
      "authors": "H Cao, G Chen, H Zhao, D Jiang, X Zhang, Q Tian, A Knoll",
      "venue": "IEEE Transactions on Intelligent Transportation Systems 25 (11), 15934-15946, 2024",
      "year": 2024,
      "citations": 13
    },
    {
      "title": "From clip to dino: Visual encoders shout in multi-modal large language models",
      "url": "https://scholar.google.com/citations?view_op=view_citation&hl=en&user=-eGIgsoAAAAJ&citation_for_view=-eGIgsoAAAAJ:UxriW0iASnsC",
      "authors": "D Jiang, Y Liu, S Liu, J Zhao, H Zhang, Z Gao, X Zhang, J Li, H Xiong",
      "venue": "arXiv preprint arXiv:2310.08825, 2023",
      "year": 2023,
      "citations": 3140
    },
    {
      "title": "Segment anything in 3d with nerfs",
      "url": "https://scholar.google.com/citations?view_op=view_citation&hl=en&user=-eGIgsoAAAAJ&citation_for_view=-eGIgsoAAAAJ:p2g8aNsByqUC",
      "authors": "J Cen, Z Zhou, J Fang, W Shen, L Xie, D Jiang, X Zhang, Q Tian",
      "venue": "Advances in Neural Information Processing Systems 36, 25971-25990, 2023",
      "year": 2023,
      "citations": 232
    },
    {
      "title": "A survey on label-efficient deep image segmentation: Bridging the gap between weak supervision and dense prediction",
      "url": "https://scholar.google.com/citations?view_op=view_citation&hl=en&user=-eGIgsoAAAAJ&citation_for_view=-eGIgsoAAAAJ:D03iK_w7-QYC",
      "authors": "W Shen, Z Peng, X Wang, H Wang, J Cen, D Jiang, L Xie, X Yang, Q Tian",
      "venue": "IEEE transactions on pattern analysis and machine intelligence 45 (8), 9284-9305, 2023",
      "year": 2023,
      "citations": 142
    },
    {
      "title": "Usage: A unified seed area generation paradigm for weakly supervised semantic segmentation",
      "url": "https://scholar.google.com/citations?view_op=view_citation&hl=en&user=-eGIgsoAAAAJ&citation_for_view=-eGIgsoAAAAJ:NhqRSupF_l8C",
      "authors": "Z Peng, G Wang, L Xie, D Jiang, W Shen, Q Tian",
      "venue": "Proceedings of the IEEE/CVF International Conference on Computer Vision, 624-634, 2023",
      "year": 2023,
      "citations": 51
    },
    {
      "title": "Ailurus: a scalable vit framework for dense prediction",
      "url": "https://scholar.google.com/citations?view_op=view_citation&hl=en&user=-eGIgsoAAAAJ&citation_for_view=-eGIgsoAAAAJ:SP6oXDckpogC",
      "authors": "J Li, Y Wang, X Zhang, B Shi, D Jiang, C Li, W Dai, H Xiong, Q Tian",
      "venue": "Advances in Neural Information Processing Systems 36, 30979-30996, 2023",
      "year": 2023,
      "citations": 15
    },
    {
      "title": "Progressively compressed auto-encoder for self-supervised representation learning",
      "url": "https://scholar.google.com/citations?view_op=view_citation&hl=en&user=-eGIgsoAAAAJ&citation_for_view=-eGIgsoAAAAJ:b0M2c_1WBrUC",
      "authors": "J Li, Y Wang, X Zhang, Y Chen, D Jiang, W Dai, C Li, H Xiong, Q Tian",
      "venue": "The Eleventh International Conference on Learning Representations, 2023",
      "year": 2023,
      "citations": 15
    },
    {
      "title": "Consensus synergizes with memory: A simple approach for anomaly segmentation in urban scenes",
      "url": "https://scholar.google.com/citations?view_op=view_citation&hl=en&user=-eGIgsoAAAAJ&citation_for_view=-eGIgsoAAAAJ:1sJd4Hv_s6UC",
      "authors": "J Cen, Z Jiang, L Xie, D Jiang, W Shen, Q Tian",
      "venue": "IEEE Transactions on Circuits and Systems for Video Technology 34 (2), 1086-1097, 2023",
      "year": 2023,
      "citations": 6
    },
    {
      "title": "Swin-unet: Unet-like pure transformer for medical image segmentation",
      "url": "https://scholar.google.com/citations?view_op=view_citation&hl=en&user=-eGIgsoAAAAJ&citation_for_view=-eGIgsoAAAAJ:yD5IFk8b50cC",
      "authors": "H Cao, Y Wang, J Chen, D Jiang, X Zhang, Q Tian, M Wang",
      "venue": "European conference on computer vision, 205-218, 2022",
      "year": 2022,
      "citations": 6160
    },
    {
      "title": "Sdae: Self-distillated masked autoencoder",
      "url": "https://scholar.google.com/citations?view_op=view_citation&hl=en&user=-eGIgsoAAAAJ&citation_for_view=-eGIgsoAAAAJ:f2IySw72cVMC",
      "authors": "Y Chen, Y Liu, D Jiang, X Zhang, W Dai, H Xiong, Q Tian",
      "venue": "European conference on computer vision, 108-124, 2022",
      "year": 2022,
      "citations": 117
    },
    {
      "title": "A transformer-based decoder for semantic segmentation with multi-level context mining",
      "url": "https://scholar.google.com/citations?view_op=view_citation&hl=en&user=-eGIgsoAAAAJ&citation_for_view=-eGIgsoAAAAJ:bFI3QPDXJZMC",
      "authors": "B Shi, D Jiang, X Zhang, H Li, W Dai, J Zou, H Xiong, Q Tian",
      "venue": "European conference on computer vision, 624-639, 2022",
      "year": 2022,
      "citations": 33
    },
    {
      "title": "Image synthesis-based multi-modal image registration framework by using deep fully convolutional networks",
      "url": "https://scholar.google.com/citations?view_op=view_citation&hl=en&user=-eGIgsoAAAAJ&citation_for_view=-eGIgsoAAAAJ:4OULZ7Gr8RgC",
      "authors": "X Liu, D Jiang, M Wang, Z Song",
      "venue": "Medical & Biological Engineering & Computing 57 (5), 1037-1048, 2019",
      "year": 2019,
      "citations": 49
    },
    {
      "title": "Denoising of 3D magnetic resonance images with multi-channel residual learning of convolutional neural network",
      "url": "https://scholar.google.com/citations?view_op=view_citation&hl=en&user=-eGIgsoAAAAJ&citation_for_view=-eGIgsoAAAAJ:dfsIfKJdRG4C",
      "authors": "D Jiang, W Dou, L Vosters, X Xu, Y Sun, T Tan",
      "venue": "Japanese journal of radiology 36 (9), 566-574, 2018",
      "year": 2018,
      "citations": 258
    },
    {
      "title": "Fast and robust multimodal image registration using a local derivative pattern",
      "url": "https://scholar.google.com/citations?view_op=view_citation&hl=en&user=-eGIgsoAAAAJ&citation_for_view=-eGIgsoAAAAJ:zA6iFVUQeVQC",
      "authors": "D Jiang, Y Shi, X Chen, M Wang, Z Song",
      "venue": "Medical Physics 44 (2), 497-509, 2017",
      "year": 2017,
      "citations": 24
    },
    {
      "title": "miLBP: a robust and fast modality-independent 3D LBP for multimodal deformable registration",
      "url": "https://scholar.google.com/citations?view_op=view_citation&hl=en&user=-eGIgsoAAAAJ&citation_for_view=-eGIgsoAAAAJ:rO6llkc54NcC",
      "authors": "D Jiang, Y Shi, D Yao, M Wang, Z Song",
      "venue": "International journal of computer assisted radiology and surgery 11 (6), 997 …, 2016",
      "year": 2016,
      "citations": 20
    },
    {
      "title": "Segmentation of MR image using local and global region based geodesic model",
      "url": "https://scholar.google.com/citations?view_op=view_citation&hl=en&user=-eGIgsoAAAAJ&citation_for_view=-eGIgsoAAAAJ:ZHo1McVdvXMC",
      "authors": "X Li, D Jiang, Y Shi, W Li",
      "venue": "Biomedical engineering online 14 (1), 8, 2015",
      "year": 2015,
      "citations": 27
    },
    {
      "title": "A new markerless patient‐to‐image registration method using a portable 3D scanner",
      "url": "https://scholar.google.com/citations?view_op=view_citation&hl=en&user=-eGIgsoAAAAJ&citation_for_view=-eGIgsoAAAAJ:3s1wT3WcHBgC",
      "authors": "Y Fan, D Jiang, M Wang, Z Song",
      "venue": "Medical physics 41 (10), 101910, 2014",
      "year": 2014,
      "citations": 64
    }
  ],
  "co_authors": [
    {
      "name": "Qi Tian (田奇), PhD, Fellow of ACM an...",
      "scholar_id": "61b6eYkAAAAJ",
      "url": "https://scholar.google.com/citations?user=61b6eYkAAAAJ"
    },
    {
      "name": "manning wang",
      "scholar_id": "6I8hSp8AAAAJ",
      "url": "https://scholar.google.com/citations?user=6I8hSp8AAAAJ"
    },
    {
      "name": "Xiaopeng Zhang (张晓鹏)",
      "scholar_id": "Ud6aBAcAAAAJ",
      "url": "https://scholar.google.com/citations?user=Ud6aBAcAAAAJ"
    },
    {
      "name": "Hu Cao (曹虎)",
      "scholar_id": "O7qS9DkAAAAJ",
      "url": "https://scholar.google.com/citations?user=O7qS9DkAAAAJ"
    },
    {
      "name": "Lingxi Xie (谢凌曦)",
      "scholar_id": "EEMm7hwAAAAJ",
      "url": "https://scholar.google.com/citations?user=EEMm7hwAAAAJ"
    },
    {
      "name": "Wei Shen (沈为)",
      "scholar_id": "Ae2kRCEAAAAJ",
      "url": "https://scholar.google.com/citations?user=Ae2kRCEAAAAJ"
    },
    {
      "name": "Tao Tan",
      "scholar_id": "lLg3WRkAAAAJ",
      "url": "https://scholar.google.com/citations?user=lLg3WRkAAAAJ"
    }
  ]
}