{
  "author_info": {
    "name": "Haoran Xie",
    "affiliation": "Japan Advanced Institute of Science and Technology",
    "email_verified": "Verified email at jaist.ac.jp - Homepage",
    "website": "http://www.jaist.ac.jp/~xie/",
    "interests": [
      "Human-Centered AI",
      "Computer Graphics"
    ],
    "photo_url": "https://scholar.googleusercontent.com/citations?view_op=view_photo&user=-RYDu_4AAAAJ&citpid=2"
  },
  "citation_stats": {
    "citations_all": 979,
    "citations_since_2020": 949,
    "h_index_all": 15,
    "h_index_since_2020": 15,
    "i10_index_all": 30,
    "i10_index_since_2020": 29,
    "citation_graph": [
      {
        "year": 2014,
        "citations": 3
      },
      {
        "year": 2015,
        "citations": 11
      },
      {
        "year": 2016,
        "citations": 3
      },
      {
        "year": 2017,
        "citations": 2
      },
      {
        "year": 2018,
        "citations": 6
      },
      {
        "year": 2019,
        "citations": 42
      },
      {
        "year": 2020,
        "citations": 104
      },
      {
        "year": 2021,
        "citations": 110
      },
      {
        "year": 2022,
        "citations": 143
      },
      {
        "year": 2023,
        "citations": 215
      },
      {
        "year": 2024,
        "citations": 330
      }
    ]
  },
  "papers": [
    {
      "title": "Generative AI models for different steps in architectural design: A literature review",
      "url": "https://scholar.google.com/citations?view_op=view_citation&hl=en&user=-RYDu_4AAAAJ&citation_for_view=-RYDu_4AAAAJ:BzfGm06jWhQC",
      "authors": "C Li, T Zhang, X Du, Y Zhang, H Xie",
      "venue": "Frontiers of Architectural Research 14 (3), 759-783, 2025",
      "year": 2025,
      "citations": 92
    },
    {
      "title": "Generative AI for architectural design: A literature review",
      "url": "https://scholar.google.com/citations?view_op=view_citation&hl=en&user=-RYDu_4AAAAJ&citation_for_view=-RYDu_4AAAAJ:U4n9YNQMCAIC",
      "authors": "C Li, T Zhang, X Du, Y Zhang, H Xie",
      "venue": "arXiv preprint arXiv 2404, 2024",
      "year": 2024,
      "citations": 39
    },
    {
      "title": "DualSmoke: Sketch-based smoke illustration design with two-stage generative model",
      "url": "https://scholar.google.com/citations?view_op=view_citation&hl=en&user=-RYDu_4AAAAJ&citation_for_view=-RYDu_4AAAAJ:JQOojiI6XY0C",
      "authors": "H Xie, K Arihara, S Sato, K Miyata",
      "venue": "Computational Visual Media 10 (5), 965-979, 2024",
      "year": 2024,
      "citations": 18
    },
    {
      "title": "Ecnet: Effective controllable text-to-image diffusion models",
      "url": "https://scholar.google.com/citations?view_op=view_citation&hl=en&user=-RYDu_4AAAAJ&citation_for_view=-RYDu_4AAAAJ:ruyezt5ZtCIC",
      "authors": "S Li, K Sun, Z Lai, X Wu, F Qiu, H Xie, K Miyata, H Li",
      "venue": "arXiv preprint arXiv:2403.18417, 2024",
      "year": 2024,
      "citations": 13
    },
    {
      "title": "Sketch-guided text-to-image generation with spatial control",
      "url": "https://scholar.google.com/citations?view_op=view_citation&hl=en&user=-RYDu_4AAAAJ&citation_for_view=-RYDu_4AAAAJ:LO7wyVUgiFcC",
      "authors": "T Zhang, H Xie",
      "venue": "2024 2nd International Conference on Computer Graphics and Image Processing …, 2024",
      "year": 2024,
      "citations": 13
    },
    {
      "title": "Anifacedrawing: Anime portrait exploration during your sketching",
      "url": "https://scholar.google.com/citations?view_op=view_citation&hl=en&user=-RYDu_4AAAAJ&citation_for_view=-RYDu_4AAAAJ:ILKRHgRFtOwC",
      "authors": "Z Huang, H Xie, T Fukusato, K Miyata",
      "venue": "ACM SIGGRAPH 2023 conference proceedings, 1-11, 2023",
      "year": 2023,
      "citations": 27
    },
    {
      "title": "Difffacesketch: High-fidelity face image synthesis with sketch-guided latent diffusion model",
      "url": "https://scholar.google.com/citations?view_op=view_citation&hl=en&user=-RYDu_4AAAAJ&citation_for_view=-RYDu_4AAAAJ:otzGkya1bYkC",
      "authors": "Y Peng, C Zhao, H Xie, T Fukusato, K Miyata",
      "venue": "arXiv preprint arXiv:2302.06908, 2023",
      "year": 2023,
      "citations": 25
    },
    {
      "title": "Sketch-guided latent diffusion model for high-fidelity face image synthesis",
      "url": "https://scholar.google.com/citations?view_op=view_citation&hl=en&user=-RYDu_4AAAAJ&citation_for_view=-RYDu_4AAAAJ:CaZNVDsoPx4C",
      "authors": "Y Peng, C Zhao, H Xie, T Fukusato, K Miyata",
      "venue": "IEEE Access 12, 5770-5780, 2023",
      "year": 2023,
      "citations": 17
    },
    {
      "title": "dualface: Two-stage drawing guidance for freehand portrait sketching",
      "url": "https://scholar.google.com/citations?view_op=view_citation&hl=en&user=-RYDu_4AAAAJ&citation_for_view=-RYDu_4AAAAJ:e_rmSamDkqQC",
      "authors": "Z Huang, Y Peng, T Hibino, C Zhao, H Xie, T Fukusato, K Miyata",
      "venue": "Computational Visual Media 8, 63-77, 2022",
      "year": 2022,
      "citations": 56
    },
    {
      "title": "Using a biomimicry approach in the design of a kinetic façade to regulate the amount of daylight entering a working space",
      "url": "https://scholar.google.com/citations?view_op=view_citation&hl=en&user=-RYDu_4AAAAJ&citation_for_view=-RYDu_4AAAAJ:fEOibwPWpKIC",
      "authors": "S Sankaewthong, T Horanont, K Miyata, J Karnjana, C Busayarat, H Xie",
      "venue": "Buildings 12 (12), 2089, 2022",
      "year": 2022,
      "citations": 25
    },
    {
      "title": "Xlimb: Wearable robot arm with storable and extendable mechanisms",
      "url": "https://scholar.google.com/citations?view_op=view_citation&hl=en&user=-RYDu_4AAAAJ&citation_for_view=-RYDu_4AAAAJ:738O_yMBCRsC",
      "authors": "Z Ding, S Yoshida, T Torii, H Xie",
      "venue": "12th Augmented Human International Conference, 1-4, 2021",
      "year": 2021,
      "citations": 21
    },
    {
      "title": "Sketch-based normal map generation with geometric sampling",
      "url": "https://scholar.google.com/citations?view_op=view_citation&hl=en&user=-RYDu_4AAAAJ&citation_for_view=-RYDu_4AAAAJ:NhqRSupF_l8C",
      "authors": "Y He, H Xie, C Zhang, X Yang, K Miyata",
      "venue": "International Workshop on Advanced Imaging Technology (IWAIT) 2021 11766 …, 2021",
      "year": 2021,
      "citations": 17
    },
    {
      "title": "Cgmvae: Coupling gmm prior and gmm estimator for unsupervised clustering and disentanglement",
      "url": "https://scholar.google.com/citations?view_op=view_citation&hl=en&user=-RYDu_4AAAAJ&citation_for_view=-RYDu_4AAAAJ:u9iWguZQMMsC",
      "authors": "C Gu, H Xie, X Lu, C Zhang",
      "venue": "IEEE Access 9, 65140-65149, 2021",
      "year": 2021,
      "citations": 15
    },
    {
      "title": "Interactive projection system for calligraphy practice",
      "url": "https://scholar.google.com/citations?view_op=view_citation&hl=en&user=-RYDu_4AAAAJ&citation_for_view=-RYDu_4AAAAJ:LdasjJ6CEcoC",
      "authors": "Z He, H Xie, K Miyata",
      "venue": "2020 Nicograph International (NicoInt), 55-61, 2020",
      "year": 2020,
      "citations": 21
    },
    {
      "title": "Xclothes: Augmenting human thermoregulation using shape changing clothes",
      "url": "https://scholar.google.com/citations?view_op=view_citation&hl=en&user=-RYDu_4AAAAJ&citation_for_view=-RYDu_4AAAAJ:NaGl4SEjCO4C",
      "authors": "H Xie, H Matsuzaki, T Torii",
      "venue": "Proceedings of the 11th Augmented Human International Conference, 1-8, 2020",
      "year": 2020,
      "citations": 14
    },
    {
      "title": "Augmenting human with a tail",
      "url": "https://scholar.google.com/citations?view_op=view_citation&hl=en&user=-RYDu_4AAAAJ&citation_for_view=-RYDu_4AAAAJ:r0BpntZqJG4C",
      "authors": "H Xie, K Mitsuhashi, T Torii",
      "venue": "Proceedings of the 10th augmented human international conference 2019, 1-7, 2019",
      "year": 2019,
      "citations": 48
    },
    {
      "title": "Sketch2VF: Sketch‐based flow design with conditional generative adversarial network",
      "url": "https://scholar.google.com/citations?view_op=view_citation&hl=en&user=-RYDu_4AAAAJ&citation_for_view=-RYDu_4AAAAJ:M3NEmzRMIkIC",
      "authors": "Z Hu, H Xie, T Fukusato, T Sato, T Igarashi",
      "venue": "Computer Animation and Virtual Worlds 30 (3-4), e1889, 2019",
      "year": 2019,
      "citations": 44
    },
    {
      "title": "Balloonfab: Digital fabrication of large-scale balloon art",
      "url": "https://scholar.google.com/citations?view_op=view_citation&hl=en&user=-RYDu_4AAAAJ&citation_for_view=-RYDu_4AAAAJ:IaI1MmNe2tcC",
      "authors": "H Xie, Y Peng, N Chen, D Xie, CM Chang, K Miyata",
      "venue": "Extended Abstracts of the 2019 CHI Conference on Human Factors in Computing …, 2019",
      "year": 2019,
      "citations": 22
    },
    {
      "title": "Visual feedback for core training with 3d human shape and pose",
      "url": "https://scholar.google.com/citations?view_op=view_citation&hl=en&user=-RYDu_4AAAAJ&citation_for_view=-RYDu_4AAAAJ:hMod-77fHWUC",
      "authors": "H Xie, A Watatani, K Miyata",
      "venue": "2019 Nicograph International (NicoInt), 49-56, 2019",
      "year": 2019,
      "citations": 16
    },
    {
      "title": "Precomputed panel solver for aerodynamics simulation",
      "url": "https://scholar.google.com/citations?view_op=view_citation&hl=en&user=-RYDu_4AAAAJ&citation_for_view=-RYDu_4AAAAJ:_Qo2XoVZTnwC",
      "authors": "H Xie, T Igarashi, K Miyata",
      "venue": "ACM Transactions on Graphics (TOG) 37 (2), 1-12, 2018",
      "year": 2018,
      "citations": 15
    }
  ],
  "co_authors": [
    {
      "name": "Kazunori Miyata",
      "scholar_id": "zeS8qXUAAAAJ",
      "url": "https://scholar.google.com/citations?user=zeS8qXUAAAAJ"
    },
    {
      "name": "Tsukasa Fukusato",
      "scholar_id": "8qQVDCEAAAAJ",
      "url": "https://scholar.google.com/citations?user=8qQVDCEAAAAJ"
    },
    {
      "name": "Yichen Peng",
      "scholar_id": "9sWVrREAAAAJ",
      "url": "https://scholar.google.com/citations?user=9sWVrREAAAAJ"
    },
    {
      "name": "Xi Yang",
      "scholar_id": "EefsD-EAAAAJ",
      "url": "https://scholar.google.com/citations?user=EefsD-EAAAAJ"
    },
    {
      "name": "Takeo Igarashi",
      "scholar_id": "2LJJtI8AAAAJ",
      "url": "https://scholar.google.com/citations?user=2LJJtI8AAAAJ"
    },
    {
      "name": "Chia-Ming Chang",
      "scholar_id": "zP7htZMAAAAJ",
      "url": "https://scholar.google.com/citations?user=zP7htZMAAAAJ"
    },
    {
      "name": "Chao Zhang",
      "scholar_id": "0M04ZMAAAAAJ",
      "url": "https://scholar.google.com/citations?user=0M04ZMAAAAAJ"
    },
    {
      "name": "Syuhei Sato",
      "scholar_id": "ny1AjFYAAAAJ",
      "url": "https://scholar.google.com/citations?user=ny1AjFYAAAAJ"
    },
    {
      "name": "Shaojun HU",
      "scholar_id": "uH2vamQAAAAJ",
      "url": "https://scholar.google.com/citations?user=uH2vamQAAAAJ"
    },
    {
      "name": "Hsin-Ruey Tsai",
      "scholar_id": "PlBCvzIAAAAJ",
      "url": "https://scholar.google.com/citations?user=PlBCvzIAAAAJ"
    },
    {
      "name": "I-Chao Shen",
      "scholar_id": "0XSoTYMAAAAJ",
      "url": "https://scholar.google.com/citations?user=0XSoTYMAAAAJ"
    },
    {
      "name": "Ye Zhao",
      "scholar_id": "SFSwXqMAAAAJ",
      "url": "https://scholar.google.com/citations?user=SFSwXqMAAAAJ"
    },
    {
      "name": "Humphrey Yang",
      "scholar_id": "U1UIzSMAAAAJ",
      "url": "https://scholar.google.com/citations?user=U1UIzSMAAAAJ"
    },
    {
      "name": "Lining Yao",
      "scholar_id": "FEnuzckAAAAJ",
      "url": "https://scholar.google.com/citations?user=FEnuzckAAAAJ"
    },
    {
      "name": "Bo Zhu",
      "scholar_id": "atNjbs0AAAAJ",
      "url": "https://scholar.google.com/citations?user=atNjbs0AAAAJ"
    },
    {
      "name": "Shinjiro Sueda",
      "scholar_id": "mBqenhsAAAAJ",
      "url": "https://scholar.google.com/citations?user=mBqenhsAAAAJ"
    },
    {
      "name": "Ryan S. Zesch",
      "scholar_id": "NvHfy8gAAAAJ",
      "url": "https://scholar.google.com/citations?user=NvHfy8gAAAAJ"
    }
  ]
}