{
  "author_info": {
    "name": "Cusuh Ham",
    "affiliation": "Adobe Research",
    "email_verified": "Verified email at adobe.com - Homepage",
    "website": "https://cusuh.github.io/",
    "interests": [
      "Computer Vision",
      "Machine Learning"
    ],
    "photo_url": "https://scholar.googleusercontent.com/citations?view_op=view_photo&user=-2uX93cAAAAJ&citpid=1"
  },
  "citation_stats": {
    "citations_all": 1336,
    "citations_since_2020": 1136,
    "h_index_all": 9,
    "h_index_since_2020": 9,
    "i10_index_all": 9,
    "i10_index_since_2020": 9,
    "citation_graph": [
      {
        "year": 2016,
        "citations": 6
      },
      {
        "year": 2017,
        "citations": 39
      },
      {
        "year": 2018,
        "citations": 64
      },
      {
        "year": 2019,
        "citations": 79
      },
      {
        "year": 2020,
        "citations": 114
      },
      {
        "year": 2021,
        "citations": 155
      },
      {
        "year": 2022,
        "citations": 193
      },
      {
        "year": 2023,
        "citations": 212
      },
      {
        "year": 2024,
        "citations": 239
      },
      {
        "year": 2025,
        "citations": 222
      }
    ]
  },
  "papers": [
    {
      "title": "Motioncanvas: Cinematic shot design with controllable image-to-video generation",
      "url": "https://scholar.google.com/citations?view_op=view_citation&hl=en&user=-2uX93cAAAAJ&citation_for_view=-2uX93cAAAAJ:eQOLeE2rZwMC",
      "authors": "J Xing, L Mai, C Ham, J Huang, A Mahapatra, CW Fu, TT Wong, F Liu",
      "venue": "Proceedings of the Special Interest Group on Computer Graphics and …, 2025",
      "year": 2025,
      "citations": 16
    },
    {
      "title": "MITO: A Millimeter-Wave Dataset and Simulator for Non-Line-of-Sight Perception",
      "url": "https://scholar.google.com/citations?view_op=view_citation&hl=en&user=-2uX93cAAAAJ&citation_for_view=-2uX93cAAAAJ:WF5omc3nYNoC",
      "authors": "L Dodds, T Boroushaki, C Ham, F Adib",
      "venue": "arXiv preprint arXiv:2502.10259, 2025",
      "year": 2025,
      "citations": 3
    },
    {
      "title": "CineVerse: Consistent Keyframe Synthesis for Cinematic Scene Composition",
      "url": "https://scholar.google.com/citations?view_op=view_citation&hl=en&user=-2uX93cAAAAJ&citation_for_view=-2uX93cAAAAJ:ufrVoPGSRksC",
      "authors": "Q Phung, L Mai, FDC Heilbron, F Liu, JB Huang, C Ham",
      "venue": "arXiv preprint arXiv:2504.19894, 2025",
      "year": 2025,
      "citations": 2
    },
    {
      "title": "Localized attention-guided sampling for image generation",
      "url": "https://scholar.google.com/citations?view_op=view_citation&hl=en&user=-2uX93cAAAAJ&citation_for_view=-2uX93cAAAAJ:_FxGoFyzp5QC",
      "authors": "C Ham, MD Fisher, NI Kolkin, Y Liu, R Zhang, T Hinz",
      "venue": "US Patent App. 18/664,600, 2025",
      "year": 2025,
      "citations": 0
    },
    {
      "title": "Multimodal diffusion models",
      "url": "https://scholar.google.com/citations?view_op=view_citation&hl=en&user=-2uX93cAAAAJ&citation_for_view=-2uX93cAAAAJ:W7OEmFMy1HYC",
      "authors": "C Ham, T Hinz, J Lu, KK Singh, Z Zhang",
      "venue": "US Patent 12,462,348, 2025",
      "year": 2025,
      "citations": 0
    },
    {
      "title": "Personalized Residuals for Concept-Driven Text-to-Image Generation",
      "url": "https://scholar.google.com/citations?view_op=view_citation&hl=en&user=-2uX93cAAAAJ&citation_for_view=-2uX93cAAAAJ:Y0pCki6q_DkC",
      "authors": "C Ham, M Fisher, J Hays, N Kolkin, Y Liu, R Zhang, T Hinz",
      "venue": "IEEE Conference on Computer Vision and Pattern Recognition, 2024",
      "year": 2024,
      "citations": 10
    },
    {
      "title": "Modulating pretrained diffusion models for multimodal image synthesis",
      "url": "https://scholar.google.com/citations?view_op=view_citation&hl=en&user=-2uX93cAAAAJ&citation_for_view=-2uX93cAAAAJ:Tyk-4Ss8FVUC",
      "authors": "C Ham, J Hays, J Lu, KK Singh, Z Zhang, T Hinz",
      "venue": "ACM SIGGRAPH 2023 Conference Proceedings, 1-11, 2023",
      "year": 2023,
      "citations": 23
    },
    {
      "title": "Controllability and Uncertainty in Generative Models",
      "url": "https://scholar.google.com/citations?view_op=view_citation&hl=en&user=-2uX93cAAAAJ&citation_for_view=-2uX93cAAAAJ:YsMSGLbcyi4C",
      "authors": "C Ham",
      "venue": "Georgia Institute of Technology, 2023",
      "year": 2023,
      "citations": 0
    },
    {
      "title": "CoGS: Controllable Generation and Search from Sketch and Style",
      "url": "https://scholar.google.com/citations?view_op=view_citation&hl=en&user=-2uX93cAAAAJ&citation_for_view=-2uX93cAAAAJ:zYLM7Y9cAGgC",
      "authors": "C Ham, GC Tarres, T Bui, J Hays, Z Lin, J Collomosse",
      "venue": "European Conference on Computer Vision, 2022",
      "year": 2022,
      "citations": 21
    },
    {
      "title": "Density of states estimation for out of distribution detection",
      "url": "https://scholar.google.com/citations?view_op=view_citation&hl=en&user=-2uX93cAAAAJ&citation_for_view=-2uX93cAAAAJ:UeHWp8X0CEIC",
      "authors": "W Morningstar, C Ham, A Gallagher, B Lakshminarayanan, A Alemi, ...",
      "venue": "International Conference on Artificial Intelligence and Statistics, 3232-3240, 2021",
      "year": 2021,
      "citations": 118
    },
    {
      "title": "Automatic differentiation variational inference with mixtures",
      "url": "https://scholar.google.com/citations?view_op=view_citation&hl=en&user=-2uX93cAAAAJ&citation_for_view=-2uX93cAAAAJ:IjCSPb-OGe4C",
      "authors": "W Morningstar, S Vikram, C Ham, A Gallagher, J Dillon",
      "venue": "International Conference on Artificial Intelligence and Statistics, 3250-3258, 2021",
      "year": 2021,
      "citations": 42
    },
    {
      "title": "ContactDB: Analyzing and Predicting Grasp Contact via Thermal Imaging",
      "url": "https://scholar.google.com/citations?view_op=view_citation&hl=en&user=-2uX93cAAAAJ&citation_for_view=-2uX93cAAAAJ:2osOgNQ5qMEC",
      "authors": "S Brahmbhatt, C Ham, CC Kemp, J Hays",
      "venue": "IEEE Conference on Computer Vision and Pattern Recognition, 2019",
      "year": 2019,
      "citations": 283
    },
    {
      "title": "Learning to generate textures on 3d meshes",
      "url": "https://scholar.google.com/citations?view_op=view_citation&hl=en&user=-2uX93cAAAAJ&citation_for_view=-2uX93cAAAAJ:qjMakFHDy7sC",
      "authors": "A Raj, C Ham, C Barnes, V Kim, J Lu, J Hays",
      "venue": "Proceedings of the IEEE/CVF Conference on Computer Vision and Pattern …, 2019",
      "year": 2019,
      "citations": 23
    },
    {
      "title": "Variational image inpainting",
      "url": "https://scholar.google.com/citations?view_op=view_citation&hl=en&user=-2uX93cAAAAJ&citation_for_view=-2uX93cAAAAJ:9yKSN-GCB0IC",
      "authors": "C Ham, A Raj, V Cartillier, I Essa",
      "venue": "Advances in Neural Information Processing Systems Bayesian Deep Learning, 2018",
      "year": 2018,
      "citations": 0
    },
    {
      "title": "Compositional generation of images",
      "url": "https://scholar.google.com/citations?view_op=view_citation&hl=en&user=-2uX93cAAAAJ&citation_for_view=-2uX93cAAAAJ:d1gkVwhDpl0C",
      "authors": "A Raj, C Ham, H Alamri, V Cartillier, S Lee, J Hays",
      "venue": "Advances in Neural Information Processing Systems Visually-Grounded …, 2017",
      "year": 2017,
      "citations": 3
    },
    {
      "title": "The sketchy database: learning to retrieve badly drawn bunnies",
      "url": "https://scholar.google.com/citations?view_op=view_citation&hl=en&user=-2uX93cAAAAJ&citation_for_view=-2uX93cAAAAJ:u5HHmVD_uO8C",
      "authors": "P Sangkloy, N Burnell, C Ham, J Hays",
      "venue": "ACM Transactions on Graphics (TOG) 35 (4), 1-12, 2016",
      "year": 2016,
      "citations": 792
    },
    {
      "title": "RT 117: Development and Application of the Framework for Assessing Cost and Technology (FACT) to Support USMC Ground Vehicle Design Analysis",
      "url": "https://scholar.google.com/citations?view_op=view_citation&hl=en&user=-2uX93cAAAAJ&citation_for_view=-2uX93cAAAAJ:u-x6o8ySG0sC",
      "authors": "S Balestrini-Robinson, D Freeman, M Rost, D Mehta, T Mark, R Kempf, ...",
      "venue": "",
      "citations": 0,
      "year": 2015
    }
  ],
  "co_authors": [
    {
      "name": "James Hays",
      "scholar_id": "vjZrDKQAAAAJ",
      "url": "https://scholar.google.com/citations?user=vjZrDKQAAAAJ"
    },
    {
      "name": "Patsorn Sangkloy",
      "scholar_id": "w129gS8AAAAJ",
      "url": "https://scholar.google.com/citations?user=w129gS8AAAAJ"
    },
    {
      "name": "Andrew Gallagher",
      "scholar_id": "-RFj-kYAAAAJ",
      "url": "https://scholar.google.com/citations?user=-RFj-kYAAAAJ"
    },
    {
      "name": "Warren Morningstar",
      "scholar_id": "muLakuUAAAAJ",
      "url": "https://scholar.google.com/citations?user=muLakuUAAAAJ"
    },
    {
      "name": "Charles C. Kemp | Charlie Kemp",
      "scholar_id": "uh7PNBoAAAAJ",
      "url": "https://scholar.google.com/citations?user=uh7PNBoAAAAJ"
    },
    {
      "name": "Samarth Brahmbhatt",
      "scholar_id": "4Me5raoAAAAJ",
      "url": "https://scholar.google.com/citations?user=4Me5raoAAAAJ"
    },
    {
      "name": "Tobias Hinz",
      "scholar_id": "SugTw28AAAAJ",
      "url": "https://scholar.google.com/citations?user=SugTw28AAAAJ"
    },
    {
      "name": "Balaji Lakshminarayanan",
      "scholar_id": "QYn8RbgAAAAJ",
      "url": "https://scholar.google.com/citations?user=QYn8RbgAAAAJ"
    },
    {
      "name": "Alexander A Alemi",
      "scholar_id": "68hTs9wAAAAJ",
      "url": "https://scholar.google.com/citations?user=68hTs9wAAAAJ"
    },
    {
      "name": "Zhifei Zhang",
      "scholar_id": "HuerflQAAAAJ",
      "url": "https://scholar.google.com/citations?user=HuerflQAAAAJ"
    },
    {
      "name": "Krishna Kumar Singh",
      "scholar_id": "3TMipekAAAAJ",
      "url": "https://scholar.google.com/citations?user=3TMipekAAAAJ"
    },
    {
      "name": "Sharad Vikram",
      "scholar_id": "nxd3mDcAAAAJ",
      "url": "https://scholar.google.com/citations?user=nxd3mDcAAAAJ"
    },
    {
      "name": "Richard Zhang",
      "scholar_id": "LW8ze_UAAAAJ",
      "url": "https://scholar.google.com/citations?user=LW8ze_UAAAAJ"
    },
    {
      "name": "Nicholas Kolkin",
      "scholar_id": "MqWYTj0AAAAJ",
      "url": "https://scholar.google.com/citations?user=MqWYTj0AAAAJ"
    },
    {
      "name": "Matthew Fisher",
      "scholar_id": "PUSWc4EAAAAJ",
      "url": "https://scholar.google.com/citations?user=PUSWc4EAAAAJ"
    },
    {
      "name": "Jingwan Lu",
      "scholar_id": "jN2Y51YAAAAJ",
      "url": "https://scholar.google.com/citations?user=jN2Y51YAAAAJ"
    },
    {
      "name": "John Collomosse",
      "scholar_id": "yVnCUg0AAAAJ",
      "url": "https://scholar.google.com/citations?user=yVnCUg0AAAAJ"
    },
    {
      "name": "Tu Bui",
      "scholar_id": "lo9t52oAAAAJ",
      "url": "https://scholar.google.com/citations?user=lo9t52oAAAAJ"
    },
    {
      "name": "Zhe L. Lin",
      "scholar_id": "R0bnqaAAAAAJ",
      "url": "https://scholar.google.com/citations?user=R0bnqaAAAAAJ"
    },
    {
      "name": "Gemma Canet Tarrés",
      "scholar_id": "upj-lOAAAAAJ",
      "url": "https://scholar.google.com/citations?user=upj-lOAAAAAJ"
    }
  ]
}