{
  "author_info": {
    "name": "Akshay Chaudhari",
    "affiliation": "Assistant Professor, Stanford University",
    "email_verified": "Verified email at stanford.edu - Homepage",
    "website": "https://med.stanford.edu/mimi.html",
    "interests": [
      "Biomedical Imaging",
      "Multi-Modal Learning",
      "Deep Learning",
      "Radiology"
    ],
    "photo_url": "https://scholar.googleusercontent.com/citations?view_op=view_photo&user=08Y4NhMAAAAJ&citpid=2"
  },
  "citation_stats": {
    "citations_all": 6900,
    "citations_since_2020": 6639,
    "h_index_all": 42,
    "h_index_since_2020": 41,
    "i10_index_all": 87,
    "i10_index_since_2020": 86,
    "citation_graph": [
      {
        "year": 2018,
        "citations": 30
      },
      {
        "year": 2019,
        "citations": 75
      },
      {
        "year": 2020,
        "citations": 164
      },
      {
        "year": 2021,
        "citations": 357
      },
      {
        "year": 2022,
        "citations": 416
      },
      {
        "year": 2023,
        "citations": 781
      },
      {
        "year": 2024,
        "citations": 1693
      },
      {
        "year": 2025,
        "citations": 3108
      }
    ]
  },
  "papers": [
    {
      "title": "A vision–language foundation model for the generation of realistic chest x-ray images",
      "url": "https://scholar.google.com/citations?view_op=view_citation&hl=en&user=08Y4NhMAAAAJ&citation_for_view=08Y4NhMAAAAJ:WZBGuue-350C",
      "authors": "C Bluethgen, P Chambon, JB Delbrouck, R Van Der Sluijs, M Połacin, ...",
      "venue": "Nature Biomedical Engineering 9 (4), 494-506, 2025",
      "year": 2025,
      "citations": 270
    },
    {
      "title": "Adapted large language models can outperform medical experts in clinical text summarization",
      "url": "https://scholar.google.com/citations?view_op=view_citation&hl=en&user=08Y4NhMAAAAJ&citation_for_view=08Y4NhMAAAAJ:j8SEvjWlNXcC",
      "authors": "D Van Veen, C Van Uden, L Blankemeier, JB Delbrouck, A Aali, ...",
      "venue": "Nature medicine 30 (4), 1134-1142, 2024",
      "year": 2024,
      "citations": 892
    },
    {
      "title": "Chexagent: Towards a foundation model for chest x-ray interpretation",
      "url": "https://scholar.google.com/citations?view_op=view_citation&hl=en&user=08Y4NhMAAAAJ&citation_for_view=08Y4NhMAAAAJ:2KloaMYe4IUC",
      "authors": "Z Chen, M Varma, JB Delbrouck, M Paschali, L Blankemeier, D Van Veen, ...",
      "venue": "arXiv preprint arXiv:2401.12208, 2024",
      "year": 2024,
      "citations": 192
    },
    {
      "title": "Merlin: A vision language foundation model for 3d computed tomography",
      "url": "https://scholar.google.com/citations?view_op=view_citation&hl=en&user=08Y4NhMAAAAJ&citation_for_view=08Y4NhMAAAAJ:p__nRnzSRKYC",
      "authors": "L Blankemeier, JP Cohen, A Kumar, D Van Veen, SJS Gardezi, ...",
      "venue": "Research Square, rs. 3. rs-4546309, 2024",
      "year": 2024,
      "citations": 112
    },
    {
      "title": "Medalign: A clinician-generated dataset for instruction following with electronic medical records",
      "url": "https://scholar.google.com/citations?view_op=view_citation&hl=en&user=08Y4NhMAAAAJ&citation_for_view=08Y4NhMAAAAJ:hkOj_22Ku90C",
      "authors": "SL Fleming, A Lozano, WJ Haberkorn, JA Jindal, E Reis, R Thapa, ...",
      "venue": "Proceedings of the AAAI Conference on Artificial Intelligence 38 (20), 22021 …, 2024",
      "year": 2024,
      "citations": 105
    },
    {
      "title": "Deep learning for accelerated and robust MRI reconstruction",
      "url": "https://scholar.google.com/citations?view_op=view_citation&hl=en&user=08Y4NhMAAAAJ&citation_for_view=08Y4NhMAAAAJ:TIZ-Mc8IlK0C",
      "authors": "R Heckel, M Jacob, A Chaudhari, O Perlman, E Shimron",
      "venue": "Magnetic Resonance Materials in Physics, Biology and Medicine 37 (3), 335-368, 2024",
      "year": 2024,
      "citations": 101
    },
    {
      "title": "Green: Generative radiology report evaluation and error notation",
      "url": "https://scholar.google.com/citations?view_op=view_citation&hl=en&user=08Y4NhMAAAAJ&citation_for_view=08Y4NhMAAAAJ:vDijr-p_gm4C",
      "authors": "S Ostmeier, J Xu, Z Chen, M Varma, L Blankemeier, C Bluethgen, ...",
      "venue": "Findings of the association for computational linguistics: EMNLP 2024, 374-390, 2024",
      "year": 2024,
      "citations": 88
    },
    {
      "title": "Self-supervised learning for medical image classification: a systematic review and implementation guidelines",
      "url": "https://scholar.google.com/citations?view_op=view_citation&hl=en&user=08Y4NhMAAAAJ&citation_for_view=08Y4NhMAAAAJ:J-pR_7NvFogC",
      "authors": "SC Huang, A Pareek, M Jensen, MP Lungren, S Yeung, AS Chaudhari",
      "venue": "NPJ Digital Medicine 6 (1), 74, 2023",
      "year": 2023,
      "citations": 403
    },
    {
      "title": "OpenCap: Human movement dynamics from smartphone videos",
      "url": "https://scholar.google.com/citations?view_op=view_citation&hl=en&user=08Y4NhMAAAAJ&citation_for_view=08Y4NhMAAAAJ:WbkHhVStYXYC",
      "authors": "SD Uhlrich, A Falisse, Ł Kidziński, J Muccini, M Ko, AS Chaudhari, ...",
      "venue": "PLoS computational biology 19 (10), e1011462, 2023",
      "year": 2023,
      "citations": 392
    },
    {
      "title": "Federated benchmarking of medical artificial intelligence with MedPerf",
      "url": "https://scholar.google.com/citations?view_op=view_citation&hl=en&user=08Y4NhMAAAAJ&citation_for_view=08Y4NhMAAAAJ:kRWSkSYxWN8C",
      "authors": "A Karargyris, R Umeton, MJ Sheller, A Aristizabal, J George, A Wuest, ...",
      "venue": "Nature machine intelligence 5 (7), 799-810, 2023",
      "year": 2023,
      "citations": 198
    },
    {
      "title": "DDM: Self-Supervised Diffusion MRI Denoising with Generative Diffusion Models",
      "url": "https://scholar.google.com/citations?view_op=view_citation&hl=en&user=08Y4NhMAAAAJ&citation_for_view=08Y4NhMAAAAJ:5Ul4iDaHHb8C",
      "authors": "T Xiang, M Yurt, AB Syed, K Setsompop, A Chaudhari",
      "venue": "arXiv preprint arXiv:2302.03018, 2023",
      "year": 2023,
      "citations": 106
    },
    {
      "title": "TorchXRayVision: A library of chest X-ray datasets and models",
      "url": "https://scholar.google.com/citations?view_op=view_citation&hl=en&user=08Y4NhMAAAAJ&citation_for_view=08Y4NhMAAAAJ:35N4QoGY0k4C",
      "authors": "JP Cohen, JD Viviano, P Bertin, P Morrison, P Torabian, M Guarrera, ...",
      "venue": "International Conference on Medical Imaging with Deep Learning, 231-249, 2022",
      "year": 2022,
      "citations": 200
    },
    {
      "title": "Adapting pretrained vision-language foundational models to medical imaging domains",
      "url": "https://scholar.google.com/citations?view_op=view_citation&hl=en&user=08Y4NhMAAAAJ&citation_for_view=08Y4NhMAAAAJ:l7t_Zn2s7bgC",
      "authors": "P Chambon, C Bluethgen, CP Langlotz, A Chaudhari",
      "venue": "arXiv preprint arXiv:2210.04133, 2022",
      "year": 2022,
      "citations": 166
    },
    {
      "title": "Skm-tea: A dataset for accelerated mri reconstruction with dense image labels for quantitative clinical evaluation",
      "url": "https://scholar.google.com/citations?view_op=view_citation&hl=en&user=08Y4NhMAAAAJ&citation_for_view=08Y4NhMAAAAJ:BqipwSGYUEgC",
      "authors": "AD Desai, AM Schmidt, EB Rubin, CM Sandino, MS Black, V Mazzoli, ...",
      "venue": "arXiv preprint arXiv:2203.06823, 2022",
      "year": 2022,
      "citations": 100
    },
    {
      "title": "Measuring robustness in deep learning based compressive sensing",
      "url": "https://scholar.google.com/citations?view_op=view_citation&hl=en&user=08Y4NhMAAAAJ&citation_for_view=08Y4NhMAAAAJ:R3hNpaxXUhUC",
      "authors": "MZ Darestani, AS Chaudhari, R Heckel",
      "venue": "International Conference on Machine Learning, 2433-2444, 2021",
      "year": 2021,
      "citations": 122
    },
    {
      "title": "Prospective deployment of deep learning in MRI: a framework for important considerations, challenges, and recommendations for best practices",
      "url": "https://scholar.google.com/citations?view_op=view_citation&hl=en&user=08Y4NhMAAAAJ&citation_for_view=08Y4NhMAAAAJ:QIV2ME_5wuYC",
      "authors": "AS Chaudhari, CM Sandino, EK Cole, DB Larson, GE Gold, ...",
      "venue": "Journal of Magnetic Resonance Imaging 54 (2), 357-371, 2021",
      "year": 2021,
      "citations": 100
    },
    {
      "title": "Simultaneous NODDI and GFA parameter map generation from subsampled q‐space imaging using deep learning",
      "url": "https://scholar.google.com/citations?view_op=view_citation&hl=en&user=08Y4NhMAAAAJ&citation_for_view=08Y4NhMAAAAJ:0EnyYjriUFMC",
      "authors": "EK Gibbons, KK Hodgson, AS Chaudhari, LG Richards, JJ Majersik, ...",
      "venue": "Magnetic resonance in medicine 81 (4), 2399-2411, 2019",
      "year": 2019,
      "citations": 96
    },
    {
      "title": "Super‐resolution musculoskeletal MRI using deep learning",
      "url": "https://scholar.google.com/citations?view_op=view_citation&hl=en&user=08Y4NhMAAAAJ&citation_for_view=08Y4NhMAAAAJ:eQOLeE2rZwMC",
      "authors": "AS Chaudhari, Z Fang, F Kogan, J Wood, KJ Stevens, EK Gibbons, ...",
      "venue": "Magnetic resonance in medicine 80 (5), 2139-2154, 2018",
      "year": 2018,
      "citations": 464
    },
    {
      "title": "Five‐minute knee MRI for simultaneous morphometry and T2 relaxometry of cartilage and meniscus and for semiquantitative radiological assessment using double …",
      "url": "https://scholar.google.com/citations?view_op=view_citation&hl=en&user=08Y4NhMAAAAJ&citation_for_view=08Y4NhMAAAAJ:Tyk-4Ss8FVUC",
      "authors": "AS Chaudhari, MS Black, S Eijgenraam, W Wirth, S Maschek, ...",
      "venue": "Journal of Magnetic Resonance Imaging 47 (5), 1328-1341, 2018",
      "year": 2018,
      "citations": 91
    },
    {
      "title": "A simple analytic method for estimating T2 in the knee from DESS",
      "url": "https://scholar.google.com/citations?view_op=view_citation&hl=en&user=08Y4NhMAAAAJ&citation_for_view=08Y4NhMAAAAJ:qjMakFHDy7sC",
      "authors": "B Sveinsson, AS Chaudhari, GE Gold, BA Hargreaves",
      "venue": "Magnetic resonance imaging 38, 63-70, 2017",
      "year": 2017,
      "citations": 122
    }
  ],
  "co_authors": [
    {
      "name": "Garry Gold",
      "scholar_id": "KP2EfmcAAAAJ",
      "url": "https://scholar.google.com/citations?user=KP2EfmcAAAAJ"
    },
    {
      "name": "Brian Hargreaves",
      "scholar_id": "aBxHVEQAAAAJ",
      "url": "https://scholar.google.com/citations?user=aBxHVEQAAAAJ"
    },
    {
      "name": "Curtis P. Langlotz",
      "scholar_id": "WQkBYwQAAAAJ",
      "url": "https://scholar.google.com/citations?user=WQkBYwQAAAAJ"
    },
    {
      "name": "Feliks Kogan",
      "scholar_id": "Y_-VY6oAAAAJ",
      "url": "https://scholar.google.com/citations?user=Y_-VY6oAAAAJ"
    },
    {
      "name": "Arjun Desai",
      "scholar_id": "0tusMC4AAAAJ",
      "url": "https://scholar.google.com/citations?user=0tusMC4AAAAJ"
    },
    {
      "name": "Christian Bluethgen",
      "scholar_id": "ao8Yld4AAAAJ",
      "url": "https://scholar.google.com/citations?user=ao8Yld4AAAAJ"
    },
    {
      "name": "Scott Delp",
      "scholar_id": "OEivUAQAAAAJ",
      "url": "https://scholar.google.com/citations?user=OEivUAQAAAAJ"
    },
    {
      "name": "John Pauly",
      "scholar_id": "Fc6GIIQAAAAJ",
      "url": "https://scholar.google.com/citations?user=Fc6GIIQAAAAJ"
    },
    {
      "name": "Robert D. Boutin",
      "scholar_id": "SKGR8-8AAAAJ",
      "url": "https://scholar.google.com/citations?user=SKGR8-8AAAAJ"
    },
    {
      "name": "Sergios Gatidis",
      "scholar_id": "7vCEi-gAAAAJ",
      "url": "https://scholar.google.com/citations?user=7vCEi-gAAAAJ"
    },
    {
      "name": "Zhongnan FANG",
      "scholar_id": "NEzHPTsAAAAJ",
      "url": "https://scholar.google.com/citations?user=NEzHPTsAAAAJ"
    },
    {
      "name": "Bragi Sveinsson",
      "scholar_id": "9ZEU-WAAAAAJ",
      "url": "https://scholar.google.com/citations?user=9ZEU-WAAAAAJ"
    }
  ]
}