{
  "author_info": {
    "name": "Xinzhou Wang",
    "affiliation": "Tsinghua University, Tongji University",
    "email_verified": "Verified email at tongji.edu.cn - Homepage",
    "website": "http://zz7379.github.io/",
    "interests": [
      "AIGC",
      "3D Generation",
      "Video Generation"
    ],
    "photo_url": "https://scholar.googleusercontent.com/citations?view_op=view_photo&user=-ticq7EAAAAJ&citpid=2"
  },
  "citation_stats": {
    "citations_all": 434,
    "citations_since_2020": 434,
    "h_index_all": 10,
    "h_index_since_2020": 10,
    "i10_index_all": 10,
    "i10_index_since_2020": 10,
    "citation_graph": [
      {
        "year": 2021,
        "citations": 4
      },
      {
        "year": 2022,
        "citations": 9
      },
      {
        "year": 2023,
        "citations": 11
      },
      {
        "year": 2024,
        "citations": 89
      },
      {
        "year": 2025,
        "citations": 316
      }
    ]
  },
  "papers": [
    {
      "title": "Hunyuan3d 2.0: Scaling diffusion models for high resolution textured 3d assets generation",
      "url": "https://scholar.google.com/citations?view_op=view_citation&hl=en&user=-ticq7EAAAAJ&citation_for_view=-ticq7EAAAAJ:WF5omc3nYNoC",
      "authors": "Z Zhao, Z Lai, Q Lin, Y Zhao, H Liu, S Yang, Y Feng, M Yang, S Zhang, ...",
      "venue": "arXiv preprint arXiv:2501.12202, 2025",
      "year": 2025,
      "citations": 106
    },
    {
      "title": "Medical multimodal foundation models in clinical diagnosis and treatment: Applications, challenges, and future directions",
      "url": "https://scholar.google.com/citations?view_op=view_citation&hl=en&user=-ticq7EAAAAJ&citation_for_view=-ticq7EAAAAJ:_FxGoFyzp5QC",
      "authors": "K Sun, S Xue, F Sun, H Sun, Y Luo, L Wang, S Wang, N Guo, L Liu, ...",
      "venue": "Artificial Intelligence in Medicine, 103265, 2025",
      "year": 2025,
      "citations": 27
    },
    {
      "title": "Video4DGen: Enhancing Video and 4D Generation through Mutual Optimization",
      "url": "https://scholar.google.com/citations?view_op=view_citation&hl=en&user=-ticq7EAAAAJ&citation_for_view=-ticq7EAAAAJ:Se3iqnhoufwC",
      "authors": "Y Wang, G Liu, X Wang, Z Chen, J Li, X Liang, F Sun, J Zhu",
      "venue": "arXiv preprint arXiv:2504.04153, 2025",
      "year": 2025,
      "citations": 2
    },
    {
      "title": "Phys-Field: Physics-Enhanced Neural Surfaces for Sim(3) Estimation in Robotic Assembly Using a Single RGB Sensor",
      "url": "https://scholar.google.com/citations?view_op=view_citation&hl=en&user=-ticq7EAAAAJ&citation_for_view=-ticq7EAAAAJ:LkGwnXOMwfcC",
      "authors": "X Wang, F Sun, L Wang, K Sun, X Zhang, X Wang, B He, H Zhou",
      "venue": "IEEE Sensors Journal, 2025",
      "year": 2025,
      "citations": 1
    },
    {
      "title": "Sync-4D: Monocular 4D reconstruction and generation with Synchronized Canonical Distillation",
      "url": "https://scholar.google.com/citations?view_op=view_citation&hl=en&user=-ticq7EAAAAJ&citation_for_view=-ticq7EAAAAJ:hqOjcs7Dif8C",
      "authors": "X Wang, K Sun, X Zhang, F Sun, L Wang, B He",
      "venue": "Journal of Visual Communication and Image Representation, 104483, 2025",
      "year": 2025,
      "citations": 0
    },
    {
      "title": "Equivariant Local Reference Frames With Optimization for Robust Non-Rigid Point Cloud Correspondence",
      "url": "https://scholar.google.com/citations?view_op=view_citation&hl=en&user=-ticq7EAAAAJ&citation_for_view=-ticq7EAAAAJ:0EnyYjriUFMC",
      "authors": "L Wang, R Chen, F Sun, X Wang, K Sun, C Zhong, G Fu, Y Wang",
      "venue": "IEEE Transactions on Image Processing, 2025",
      "year": 2025,
      "citations": 0
    },
    {
      "title": "Dreamreward: Text-to-3d generation with human preference",
      "url": "https://scholar.google.com/citations?view_op=view_citation&hl=en&user=-ticq7EAAAAJ&citation_for_view=-ticq7EAAAAJ:qjMakFHDy7sC",
      "authors": "J Ye, F Liu, Q Li, Z Wang, Y Wang, X Wang, Y Duan, J Zhu",
      "venue": "European Conference on Computer Vision, 259-276, 2024",
      "year": 2024,
      "citations": 57
    },
    {
      "title": "Hunyuan3d 1.0: A unified framework for text-to-3d and image-to-3d generation",
      "url": "https://scholar.google.com/citations?view_op=view_citation&hl=en&user=-ticq7EAAAAJ&citation_for_view=-ticq7EAAAAJ:Y0pCki6q_DkC",
      "authors": "X Yang, H Shi, B Zhang, F Yang, J Wang, H Zhao, X Liu, X Wang, Q Lin, ...",
      "venue": "arXiv preprint arXiv:2411.02293, 2024",
      "year": 2024,
      "citations": 41
    },
    {
      "title": "Vidu4d: Single generated video to high-fidelity 4d reconstruction with dynamic gaussian surfels",
      "url": "https://scholar.google.com/citations?view_op=view_citation&hl=en&user=-ticq7EAAAAJ&citation_for_view=-ticq7EAAAAJ:d1gkVwhDpl0C",
      "authors": "Y Wang, X Wang, Z Chen, Z Wang, F Sun, J Zhu",
      "venue": "Advances in Neural Information Processing Systems 37, 131316-131343, 2024",
      "year": 2024,
      "citations": 32
    },
    {
      "title": "Animatabledreamer: Text-guided non-rigid 3d model generation and reconstruction with canonical score distillation",
      "url": "https://scholar.google.com/citations?view_op=view_citation&hl=en&user=-ticq7EAAAAJ&citation_for_view=-ticq7EAAAAJ:9yKSN-GCB0IC",
      "authors": "X Wang, Y Wang, J Ye, F Sun, Z Wang, L Wang, P Liu, K Sun, X Wang, ...",
      "venue": "European Conference on Computer Vision, 321-339, 2024",
      "year": 2024,
      "citations": 22
    },
    {
      "title": "Digital-twin-assisted skill learning for 3C assembly tasks",
      "url": "https://scholar.google.com/citations?view_op=view_citation&hl=en&user=-ticq7EAAAAJ&citation_for_view=-ticq7EAAAAJ:UeHWp8X0CEIC",
      "authors": "F Sun, N Liu, X Wang, R Sun, S Miao, Z Kang, B Fang, H Liu, Y Zhao, ...",
      "venue": "IEEE Transactions on Cybernetics 54 (7), 3852-3863, 2024",
      "year": 2024,
      "citations": 9
    },
    {
      "title": "Isotropic3D: Image-to-3D generation based on a single clip embedding",
      "url": "https://scholar.google.com/citations?view_op=view_citation&hl=en&user=-ticq7EAAAAJ&citation_for_view=-ticq7EAAAAJ:2osOgNQ5qMEC",
      "authors": "P Liu, Y Wang, F Sun, J Li, H Xiao, H Xue, X Wang",
      "venue": "arXiv preprint arXiv:2403.10395, 2024",
      "year": 2024,
      "citations": 9
    },
    {
      "title": "Equivariant local reference frames for unsupervised non-rigid point cloud shape correspondence",
      "url": "https://scholar.google.com/citations?view_op=view_citation&hl=en&user=-ticq7EAAAAJ&citation_for_view=-ticq7EAAAAJ:Tyk-4Ss8FVUC",
      "authors": "L Wang, R Chen, Y Wang, F Sun, X Wang, S Kai, G Fu, J Zhang, W Huang",
      "venue": "arXiv preprint arXiv:2404.00959, 2024",
      "year": 2024,
      "citations": 1
    },
    {
      "title": "Tencent hunyuan3d-1.0: A unified framework for text-to-3d and image-to-3d generation",
      "url": "https://scholar.google.com/citations?view_op=view_citation&hl=en&user=-ticq7EAAAAJ&citation_for_view=-ticq7EAAAAJ:YsMSGLbcyi4C",
      "authors": "X Yang, H Shi, B Zhang, F Yang, J Wang, H Zhao, X Liu, X Wang, Q Lin, ...",
      "venue": "Preprint, 2024",
      "year": 2024,
      "citations": 0
    },
    {
      "title": "The effects of thermal annealing on the performance of material extrusion 3D printed polymer parts",
      "url": "https://scholar.google.com/citations?view_op=view_citation&hl=en&user=-ticq7EAAAAJ&citation_for_view=-ticq7EAAAAJ:eQOLeE2rZwMC",
      "authors": "W Yu, X Wang, X Yin, E Ferraris, J Zhang",
      "venue": "Materials & Design 226, 111687, 2023",
      "year": 2023,
      "citations": 78
    },
    {
      "title": "Temporal and Spatial Analysis of Deformation Monitoring of the Ming Great Wall in Shanxi Province through InSAR",
      "url": "https://scholar.google.com/citations?view_op=view_citation&hl=en&user=-ticq7EAAAAJ&citation_for_view=-ticq7EAAAAJ:ufrVoPGSRksC",
      "authors": "Q Liu, X Wang, K Cong, J Zhang, Z Yang",
      "venue": "Applied Sciences 13 (22), 12179, 2023",
      "year": 2023,
      "citations": 3
    },
    {
      "title": "Deep learning based tongue prickles detection in traditional Chinese medicine",
      "url": "https://scholar.google.com/citations?view_op=view_citation&hl=en&user=-ticq7EAAAAJ&citation_for_view=-ticq7EAAAAJ:IjCSPb-OGe4C",
      "authors": "X Wang, S Luo, G Tian, X Rao, B He, F Sun",
      "venue": "Evidence‐Based Complementary and Alternative Medicine 2022 (1), 5899975, 2022",
      "year": 2022,
      "citations": 12
    },
    {
      "title": "Camouflaged object segmentation with transformer",
      "url": "https://scholar.google.com/citations?view_op=view_citation&hl=en&user=-ticq7EAAAAJ&citation_for_view=-ticq7EAAAAJ:u5HHmVD_uO8C",
      "authors": "H Wang, X Wang, F Sun, Y Song",
      "venue": "International Conference on Cognitive Systems and Signal Processing, 225-237, 2021",
      "year": 2021,
      "citations": 14
    },
    {
      "title": "Suitability zoning of groundwater source heat pump in Shijiazhuang based on GIS-FAHP",
      "url": "https://scholar.google.com/citations?view_op=view_citation&hl=en&user=-ticq7EAAAAJ&citation_for_view=-ticq7EAAAAJ:UebtZRa9Y70C",
      "authors": "YAN Baizhong, SUN Jian, W Xinzhou",
      "venue": "Journal of Jilin University (Earth Science Edition) 51 (4), 1172-1181, 2021",
      "year": 2021,
      "citations": 7
    },
    {
      "title": "Multivariable LSTM neural network model for groundwater levels prediction.",
      "url": "https://scholar.google.com/citations?view_op=view_citation&hl=en&user=-ticq7EAAAAJ&citation_for_view=-ticq7EAAAAJ:W7OEmFMy1HYC",
      "authors": "Y Baizhong, S Jian, W Xinzhou, H Na, L Bo",
      "venue": "",
      "citations": 13,
      "year": 2020
    }
  ],
  "co_authors": []
}