{
  "author_info": {
    "name": "Michel Hayoz",
    "affiliation": "Universität Bern",
    "email_verified": "Verified email at unibe.ch",
    "interests": [
      "computer vision",
      "optimization"
    ],
    "photo_url": "/citations/images/avatar_scholar_128.png"
  },
  "citation_stats": {
    "citations_all": 99,
    "citations_since_2020": 98,
    "h_index_all": 4,
    "h_index_since_2020": 4,
    "i10_index_all": 2,
    "i10_index_since_2020": 2,
    "citation_graph": [
      {
        "year": 2018,
        "citations": 1
      },
      {
        "year": 2019,
        "citations": 2
      },
      {
        "year": 2020,
        "citations": 5
      },
      {
        "year": 2021,
        "citations": 8
      },
      {
        "year": 2022,
        "citations": 27
      },
      {
        "year": 2023,
        "citations": 55
      }
    ]
  },
  "papers": [
    {
      "title": "AI-Assisted Optical Coherence Tomography Segmentation for Enhanced Diagnosis of Inherited Retinal Diseases",
      "url": "https://scholar.google.com/citations?view_op=view_citation&hl=en&user=-MyptR4AAAAJ&citation_for_view=-MyptR4AAAAJ:Tyk-4Ss8FVUC",
      "authors": "VG Peter, M Hayoz, D Scandella, R Sznitman, P Escher, MS Zinkernagel",
      "venue": "Translational Vision Science & Technology 14 (12), 8-8, 2025",
      "year": 2025,
      "citations": 0
    },
    {
      "title": "Artificial Intelligence–Enhanced OCT Biomarkers Analysis in Macula-off Rhegmatogenous Retinal Detachment Patients",
      "url": "https://scholar.google.com/citations?view_op=view_citation&hl=en&user=-MyptR4AAAAJ&citation_for_view=-MyptR4AAAAJ:IjCSPb-OGe4C",
      "authors": "LF Desideri, T Danilovska, E Bernardi, D Artemiev, K Paschon, M Hayoz, ...",
      "venue": "Translational Vision Science & Technology 13 (10), 21-21, 2024",
      "year": 2024,
      "citations": 8
    },
    {
      "title": "Online 3D reconstruction and dense tracking in endoscopic videos",
      "url": "https://scholar.google.com/citations?view_op=view_citation&hl=en&user=-MyptR4AAAAJ&citation_for_view=-MyptR4AAAAJ:qjMakFHDy7sC",
      "authors": "M Hayoz, C Hahne, T Kurmann, M Allan, G Beldi, D Candinas, ...",
      "venue": "International Conference on Medical Image Computing and Computer-Assisted …, 2024",
      "year": 2024,
      "citations": 4
    },
    {
      "title": "StofNet: Super-Resolution Time of Flight Network",
      "url": "https://scholar.google.com/citations?view_op=view_citation&hl=en&user=-MyptR4AAAAJ&citation_for_view=-MyptR4AAAAJ:u-x6o8ySG0sC",
      "authors": "C Hahne, M Hayoz, R Sznitman",
      "venue": "ICASSP 2024-2024 IEEE International Conference on Acoustics, Speech and …, 2024",
      "year": 2024,
      "citations": 2
    },
    {
      "title": "Translational Vision Science & Technology",
      "url": "https://scholar.google.com/citations?view_op=view_citation&hl=en&user=-MyptR4AAAAJ&citation_for_view=-MyptR4AAAAJ:UeHWp8X0CEIC",
      "authors": "RS Chuck, LF Desideri, T Danilovska, E Bernardi, D Artemiev, K Paschon, ...",
      "venue": "Artificial Intelligence 13, 17, 2024",
      "year": 2024,
      "citations": 0
    },
    {
      "title": "Learning how to robustly estimate camera pose in endoscopic videos",
      "url": "https://scholar.google.com/citations?view_op=view_citation&hl=en&user=-MyptR4AAAAJ&citation_for_view=-MyptR4AAAAJ:2osOgNQ5qMEC",
      "authors": "M Hayoz, C Hahne, M Gallardo, D Candinas, T Kurmann, M Allan, ...",
      "venue": "International journal of computer assisted radiology and surgery 18 (7 …, 2023",
      "year": 2023,
      "citations": 58
    },
    {
      "title": "Open Library of Bioscience",
      "url": "https://scholar.google.com/citations?view_op=view_citation&hl=en&user=-MyptR4AAAAJ&citation_for_view=-MyptR4AAAAJ:zYLM7Y9cAGgC",
      "authors": "M Hayoz, C Hahne, M Gallardo, D Candinas, T Kurmann, M Allan, ...",
      "venue": "Learning 18 (7), 1185-1192, 2023",
      "year": 2023,
      "citations": 0
    },
    {
      "title": "Catanet: Predicting remaining cataract surgery duration",
      "url": "https://scholar.google.com/citations?view_op=view_citation&hl=en&user=-MyptR4AAAAJ&citation_for_view=-MyptR4AAAAJ:u5HHmVD_uO8C",
      "authors": "A Marafioti, M Hayoz, M Gallardo, P Márquez Neila, S Wolf, M Zinkernagel, ...",
      "venue": "International Conference on Medical Image Computing and Computer-Assisted …, 2021",
      "year": 2021,
      "citations": 23
    },
    {
      "title": "Zero-crossing detector for a piezoelectric energy harvester",
      "url": "https://scholar.google.com/citations?view_op=view_citation&hl=en&user=-MyptR4AAAAJ&citation_for_view=-MyptR4AAAAJ:d1gkVwhDpl0C",
      "authors": "FM Schüffny, M Hayoz, C Bae, I Arya, M Gokhale, AH Chandar, ...",
      "venue": "2017 IEEE Nordic Circuits and Systems Conference (NORCAS): NORCHIP and …, 2017",
      "year": 2017,
      "citations": 4
    },
    {
      "title": "Predicting remaining duration of cataract surgeries",
      "url": "https://scholar.google.com/citations?view_op=view_citation&hl=en&user=-MyptR4AAAAJ&citation_for_view=-MyptR4AAAAJ:9yKSN-GCB0IC",
      "authors": "A Marafioti, M Hayoz, M Gallardo, PM Neila, M Zinkernagel, S Wolf, ...",
      "venue": "",
      "citations": 0
    }
  ],
  "co_authors": []
}