{
  "author_info": {
    "name": "Yann Labbé",
    "affiliation": "Research Scientist",
    "email_verified": "Verified email at ens-cachan.fr - Homepage",
    "website": "http://ylabbe.github.io/",
    "interests": [
      "computer science",
      "computer vision",
      "robotics"
    ],
    "photo_url": "https://scholar.googleusercontent.com/citations?view_op=view_photo&user=030pukwAAAAJ&citpid=1"
  },
  "citation_stats": {
    "citations_all": 1723,
    "citations_since_2020": 1721,
    "h_index_all": 9,
    "h_index_since_2020": 9,
    "i10_index_all": 9,
    "i10_index_since_2020": 9,
    "citation_graph": [
      {
        "year": 2020,
        "citations": 11
      },
      {
        "year": 2021,
        "citations": 115
      },
      {
        "year": 2022,
        "citations": 259
      },
      {
        "year": 2023,
        "citations": 287
      },
      {
        "year": 2024,
        "citations": 459
      },
      {
        "year": 2025,
        "citations": 583
      }
    ]
  },
  "papers": [
    {
      "title": "6D Object Pose Tracking in Internet Videos for Robotic Manipulation",
      "url": "https://scholar.google.com/citations?view_op=view_citation&hl=en&user=030pukwAAAAJ&citation_for_view=030pukwAAAAJ:5nxA0vEk-isC",
      "authors": "G Ponimatkin, M Cífka, T Soucek, M Fourmy, Y Labbé, V Petrik, J Sivic",
      "venue": "The Thirteenth International Conference on Learning Representations, 2025",
      "year": 2025,
      "citations": 9
    },
    {
      "title": "BOP Challenge 2024 on Model-Based and Model-Free 6D Object Pose Estimation.",
      "url": "https://scholar.google.com/citations?view_op=view_citation&hl=en&user=030pukwAAAAJ&citation_for_view=030pukwAAAAJ:KlAtU1dfN6UC",
      "authors": "Van Nguyen Nguyen, S Tyree, A Guo, M Fourmy, A Gouda, T Lee, ...",
      "venue": "CoRR, 2025",
      "year": 2025,
      "citations": 8
    },
    {
      "title": "Surfer-h meets holo1: Cost-efficient web agent powered by open weights",
      "url": "https://scholar.google.com/citations?view_op=view_citation&hl=en&user=030pukwAAAAJ&citation_for_view=030pukwAAAAJ:3fE2CSJIrl8C",
      "authors": "M Andreux, BB Skuk, H Benchekroun, E Biré, A Bonnet, R Bordie, N Bout, ...",
      "venue": "arXiv preprint arXiv:2506.02865, 2025",
      "year": 2025,
      "citations": 4
    },
    {
      "title": "Bop challenge 2023 on detection segmentation and pose estimation of seen and unseen rigid objects",
      "url": "https://scholar.google.com/citations?view_op=view_citation&hl=en&user=030pukwAAAAJ&citation_for_view=030pukwAAAAJ:0EnyYjriUFMC",
      "authors": "T Hodan, M Sundermeyer, Y Labbe, VN Nguyen, G Wang, E Brachmann, ...",
      "venue": "Proceedings of the IEEE/CVF Conference on Computer Vision and Pattern …, 2024",
      "year": 2024,
      "citations": 93
    },
    {
      "title": "Foundpose: Unseen object pose estimation with foundation features",
      "url": "https://scholar.google.com/citations?view_op=view_citation&hl=en&user=030pukwAAAAJ&citation_for_view=030pukwAAAAJ:roLk4NBRz8UC",
      "authors": "EP Örnek, Y Labbé, B Tekin, L Ma, C Keskin, C Forster, T Hodan",
      "venue": "European Conference on Computer Vision, 163-182, 2024",
      "year": 2024,
      "citations": 80
    },
    {
      "title": "Focalpose++: Focal length and object pose estimation via render and compare",
      "url": "https://scholar.google.com/citations?view_op=view_citation&hl=en&user=030pukwAAAAJ&citation_for_view=030pukwAAAAJ:Se3iqnhoufwC",
      "authors": "M Cífka, G Ponimatkin, Y Labbé, B Russell, M Aubry, V Petrik, J Sivic",
      "venue": "IEEE Transactions on Pattern Analysis and Machine Intelligence, 2024",
      "year": 2024,
      "citations": 4
    },
    {
      "title": "Bop challenge 2022 on detection, segmentation and pose estimation of specific rigid objects",
      "url": "https://scholar.google.com/citations?view_op=view_citation&hl=en&user=030pukwAAAAJ&citation_for_view=030pukwAAAAJ:_FxGoFyzp5QC",
      "authors": "M Sundermeyer, T Hodaň, Y Labbe, G Wang, E Brachmann, B Drost, ...",
      "venue": "Proceedings of the IEEE/CVF Conference on Computer Vision and Pattern …, 2023",
      "year": 2023,
      "citations": 114
    },
    {
      "title": "Pose estimation of rigid objects and robots",
      "url": "https://scholar.google.com/citations?view_op=view_citation&hl=en&user=030pukwAAAAJ&citation_for_view=030pukwAAAAJ:LkGwnXOMwfcC",
      "authors": "Y Labbé",
      "venue": "Ecole Normale Supérieure, 2023",
      "year": 2023,
      "citations": 0
    },
    {
      "title": "MegaPose: 6D Pose Estimation of Novel Objects via Render & Compare",
      "url": "https://scholar.google.com/citations?view_op=view_citation&hl=en&user=030pukwAAAAJ&citation_for_view=030pukwAAAAJ:ufrVoPGSRksC",
      "authors": "Y Labbé, L Manuelli, A Mousavian, S Tyree, S Birchfield, J Tremblay, ...",
      "venue": "6th Annual Conference on Robot Learning, 2022",
      "year": 2022,
      "citations": 247
    },
    {
      "title": "Focal length and object pose estimation via render and compare",
      "url": "https://scholar.google.com/citations?view_op=view_citation&hl=en&user=030pukwAAAAJ&citation_for_view=030pukwAAAAJ:eQOLeE2rZwMC",
      "authors": "G Ponimatkin, Y Labbé, B Russell, M Aubry, J Sivic",
      "venue": "Proceedings of the IEEE/CVF Conference on Computer Vision and Pattern …, 2022",
      "year": 2022,
      "citations": 32
    },
    {
      "title": "Single-view robot pose and joint angle estimation via render & compare",
      "url": "https://scholar.google.com/citations?view_op=view_citation&hl=en&user=030pukwAAAAJ&citation_for_view=030pukwAAAAJ:Tyk-4Ss8FVUC",
      "authors": "Y Labbé, J Carpentier, M Aubry, J Sivic",
      "venue": "Proceedings of the IEEE/CVF Conference on Computer Vision and Pattern …, 2021",
      "year": 2021,
      "citations": 72
    },
    {
      "title": "CosySLAM: tracking contact features using visual-inertial object-level SLAM for locomotion",
      "url": "https://scholar.google.com/citations?view_op=view_citation&hl=en&user=030pukwAAAAJ&citation_for_view=030pukwAAAAJ:W7OEmFMy1HYC",
      "authors": "C Debeunne, M Fourmy, Y Labbé, PA Léziart, G Saurel, J Sola, ...",
      "venue": "Sep. 2021, working paper or preprint.[Online]. Available: https://hal …, 2021",
      "year": 2021,
      "citations": 2
    },
    {
      "title": "Cosypose: Consistent multi-view multi-object 6d pose estimation",
      "url": "https://scholar.google.com/citations?view_op=view_citation&hl=en&user=030pukwAAAAJ&citation_for_view=030pukwAAAAJ:UeHWp8X0CEIC",
      "authors": "Y Labbé, J Carpentier, M Aubry, J Sivic",
      "venue": "European Conference on Computer Vision, 574-591, 2020",
      "year": 2020,
      "citations": 598
    },
    {
      "title": "BOP challenge 2020 on 6D object localization",
      "url": "https://scholar.google.com/citations?view_op=view_citation&hl=en&user=030pukwAAAAJ&citation_for_view=030pukwAAAAJ:IjCSPb-OGe4C",
      "authors": "T Hodaň, M Sundermeyer, B Drost, Y Labbé, E Brachmann, F Michel, ...",
      "venue": "European Conference on Computer Vision, 577-594, 2020",
      "year": 2020,
      "citations": 357
    },
    {
      "title": "Monte-carlo tree search for efficient visually guided rearrangement planning",
      "url": "https://scholar.google.com/citations?view_op=view_citation&hl=en&user=030pukwAAAAJ&citation_for_view=030pukwAAAAJ:qjMakFHDy7sC",
      "authors": "Y Labbé, S Zagoruyko, I Kalevatykh, I Laptev, J Carpentier, M Aubry, ...",
      "venue": "IEEE Robotics and Automation Letters 5 (2), 3715-3722, 2020",
      "year": 2020,
      "citations": 103
    }
  ],
  "co_authors": []
}