{
  "author_info": {
    "name": "Tyler Zhu",
    "affiliation": "PhD student, Princeton University",
    "email_verified": "Verified email at princeton.edu - Homepage",
    "website": "http://tylerzhu.com/",
    "interests": [
      "computer vision",
      "machine learning"
    ],
    "photo_url": "https://scholar.googleusercontent.com/citations?view_op=view_photo&user=-aoybA4AAAAJ&citpid=5"
  },
  "citation_stats": {
    "citations_all": 2551,
    "citations_since_2020": 2548,
    "h_index_all": 3,
    "h_index_since_2020": 3,
    "i10_index_all": 1,
    "i10_index_since_2020": 1,
    "citation_graph": [
      {
        "year": 2020,
        "citations": 19
      },
      {
        "year": 2021,
        "citations": 143
      },
      {
        "year": 2022,
        "citations": 325
      },
      {
        "year": 2023,
        "citations": 515
      },
      {
        "year": 2024,
        "citations": 728
      },
      {
        "year": 2025,
        "citations": 811
      }
    ]
  },
  "papers": [
    {
      "title": "Unifying specialized visual encoders for video language models",
      "url": "https://scholar.google.com/citations?view_op=view_citation&hl=en&user=-aoybA4AAAAJ&citation_for_view=-aoybA4AAAAJ:Y0pCki6q_DkC",
      "authors": "J Chung, T Zhu, MG Saez-Diez, JC Niebles, H Zhou, O Russakovsky",
      "venue": "Forty-second International Conference on Machine Learning, 2025",
      "year": 2025,
      "citations": 6
    },
    {
      "title": "Attention IoU: Examining Biases in CelebA using Attention Maps",
      "url": "https://scholar.google.com/citations?view_op=view_citation&hl=en&user=-aoybA4AAAAJ&citation_for_view=-aoybA4AAAAJ:zYLM7Y9cAGgC",
      "authors": "A Serianni, T Zhu, O Russakovsky, VV Ramaswamy",
      "venue": "Proceedings of the Computer Vision and Pattern Recognition Conference, 4386-4397, 2025",
      "year": 2025,
      "citations": 2
    },
    {
      "title": "Dynamic Reflections: Probing Video Representations with Text Alignment",
      "url": "https://scholar.google.com/citations?view_op=view_citation&hl=en&user=-aoybA4AAAAJ&citation_for_view=-aoybA4AAAAJ:W7OEmFMy1HYC",
      "authors": "T Zhu, T Han, L Guibas, V Pătrăucean, M Ovsjanikov",
      "venue": "arXiv preprint arXiv:2511.02767, 2025",
      "year": 2025,
      "citations": 0
    },
    {
      "title": "xT: Nested Tokenization for Larger Context in Large Images",
      "url": "https://scholar.google.com/citations?view_op=view_citation&hl=en&user=-aoybA4AAAAJ&citation_for_view=-aoybA4AAAAJ:qjMakFHDy7sC",
      "authors": "R Gupta*, S Li*, T Zhu*, J Malik, T Darrell, K Mangalam",
      "venue": "Forty-first International Conference on Machine Learning, 2024",
      "year": 2024,
      "citations": 8
    },
    {
      "title": "PaReprop: Fast Parallelized Reversible Backpropagation",
      "url": "https://scholar.google.com/citations?view_op=view_citation&hl=en&user=-aoybA4AAAAJ&citation_for_view=-aoybA4AAAAJ:2osOgNQ5qMEC",
      "authors": "T Zhu*, K Mangalam*",
      "venue": "Spotlight at CVPR 2023 Transformers for Vision Workshop, 2023",
      "year": 2023,
      "citations": 2
    },
    {
      "title": "Making Reversible Transformers Accurate, Efficient, and Fast",
      "url": "https://scholar.google.com/citations?view_op=view_citation&hl=en&user=-aoybA4AAAAJ&citation_for_view=-aoybA4AAAAJ:UeHWp8X0CEIC",
      "authors": "T Zhu",
      "venue": "",
      "citations": 0,
      "year": 2023
    },
    {
      "title": "The many faces of robustness: A critical analysis of out-of-distribution generalization",
      "url": "https://scholar.google.com/citations?view_op=view_citation&hl=en&user=-aoybA4AAAAJ&citation_for_view=-aoybA4AAAAJ:9yKSN-GCB0IC",
      "authors": "D Hendrycks, S Basart, N Mu, S Kadavath, F Wang, E Dorundo, R Desai, ...",
      "venue": "Proceedings of the IEEE/CVF international conference on computer vision …, 2021",
      "year": 2021,
      "citations": 2533
    }
  ],
  "co_authors": [
    {
      "name": "Dan Hendrycks",
      "scholar_id": "czyretsAAAAJ",
      "url": "https://scholar.google.com/citations?user=czyretsAAAAJ"
    },
    {
      "name": "Karttikeya Mangalam",
      "scholar_id": "2l1fWEoAAAAJ",
      "url": "https://scholar.google.com/citations?user=2l1fWEoAAAAJ"
    }
  ]
}