{
  "author_info": {
    "name": "Guanghao Zheng",
    "affiliation": "上海交通大学",
    "email_verified": "Verified email at sjtu.edu.cn",
    "interests": [
      "计算机视觉、深度学习、多模态大模型"
    ],
    "photo_url": "/citations/images/avatar_scholar_128.png"
  },
  "citation_stats": {
    "citations_all": 24,
    "citations_since_2020": 24,
    "h_index_all": 2,
    "h_index_since_2020": 2,
    "i10_index_all": 1,
    "i10_index_since_2020": 1,
    "citation_graph": [
      {
        "year": 2023,
        "citations": 2
      },
      {
        "year": 2024,
        "citations": 11
      },
      {
        "year": 2025,
        "citations": 11
      }
    ]
  },
  "papers": [
    {
      "title": "GranViT: A Fine-Grained Vision Model With Autoregressive Perception For MLLMs",
      "url": "https://scholar.google.com/citations?view_op=view_citation&hl=en&user=WfeyQvkAAAAJ&citation_for_view=WfeyQvkAAAAJ:9yKSN-GCB0IC",
      "authors": "G Zheng, B Shi, M Xu, R Sun, P Zhao, Z Zhang, W Dai, J Zou, H Xiong, ...",
      "venue": "arXiv preprint arXiv:2510.21501, 2025",
      "year": 2025,
      "citations": 0
    },
    {
      "title": "Towards unified representation of invariant-specific features in missing modality face anti-spoofing",
      "url": "https://scholar.google.com/citations?view_op=view_citation&hl=en&user=WfeyQvkAAAAJ&citation_for_view=WfeyQvkAAAAJ:u5HHmVD_uO8C",
      "authors": "G Zheng, Y Liu, W Dai, C Li, J Zou, H Xiong",
      "venue": "European Conference on Computer Vision, 93-110, 2024",
      "year": 2024,
      "citations": 7
    },
    {
      "title": "MC-DiT: Contextual Enhancement via Clean-to-Clean Reconstruction for Masked Diffusion Models",
      "url": "https://scholar.google.com/citations?view_op=view_citation&hl=en&user=WfeyQvkAAAAJ&citation_for_view=WfeyQvkAAAAJ:d1gkVwhDpl0C",
      "authors": "G Zheng, Y Liu, W Dai, C Li, J Zou, H Xiong",
      "venue": "Advances in Neural Information Processing Systems 37, 97353-97377, 2024",
      "year": 2024,
      "citations": 1
    },
    {
      "title": "Learning causal representations for generalizable face anti spoofing",
      "url": "https://scholar.google.com/citations?view_op=view_citation&hl=en&user=WfeyQvkAAAAJ&citation_for_view=WfeyQvkAAAAJ:u-x6o8ySG0sC",
      "authors": "G Zheng, Y Liu, W Dai, C Li, J Zou, H Xiong",
      "venue": "ICASSP 2023-2023 IEEE international conference on acoustics, speech and …, 2023",
      "year": 2023,
      "citations": 16
    }
  ],
  "co_authors": []
}