{
  "author_info": {
    "name": "Katherine Liu",
    "affiliation": "Research Scientist @ Toyota Research Institute",
    "email_verified": "Verified email at tri.global - Homepage",
    "website": "http://thekatherineliu.com/",
    "interests": [
      "Robotics",
      "Computer Vision",
      "Machine Learning",
      "Neural Fields",
      "Manipulation"
    ],
    "photo_url": "https://scholar.googleusercontent.com/citations?view_op=view_photo&user=PhpQD2YAAAAJ&citpid=1"
  },
  "citation_stats": {
    "citations_all": 657,
    "citations_since_2020": 647,
    "h_index_all": 11,
    "h_index_since_2020": 11,
    "i10_index_all": 11,
    "i10_index_since_2020": 11,
    "citation_graph": [
      {
        "year": 2019,
        "citations": 10
      },
      {
        "year": 2020,
        "citations": 36
      },
      {
        "year": 2021,
        "citations": 58
      },
      {
        "year": 2022,
        "citations": 87
      },
      {
        "year": 2023,
        "citations": 93
      },
      {
        "year": 2024,
        "citations": 145
      },
      {
        "year": 2025,
        "citations": 224
      }
    ]
  },
  "papers": [
    {
      "title": "A careful examination of large behavior models for multitask dexterous manipulation",
      "url": "https://scholar.google.com/citations?view_op=view_citation&hl=en&user=PhpQD2YAAAAJ&citation_for_view=PhpQD2YAAAAJ:nRpfm8aw39MC",
      "authors": "J Barreiros, A Beaulieu, A Bhat, R Cory, E Cousineau, H Dai, CH Fang, ...",
      "venue": "arXiv preprint arXiv:2507.05331, 2025",
      "year": 2025,
      "citations": 27
    },
    {
      "title": "ZeroGrasp: Zero-Shot Shape Reconstruction Enabled Robotic Grasping",
      "url": "https://scholar.google.com/citations?view_op=view_citation&hl=en&user=PhpQD2YAAAAJ&citation_for_view=PhpQD2YAAAAJ:MpfHP-DdYjUC",
      "authors": "S Iwase, MZ Irshad, K Liu, V Guizilini, R Lee, T Ikeda, A Amma, ...",
      "venue": "Proceedings of the Computer Vision and Pattern Recognition Conference, 17405 …, 2025",
      "year": 2025,
      "citations": 4
    },
    {
      "title": "CodeDiffuser: Attention-Enhanced Diffusion Policy via VLM-Generated Code for Instruction Ambiguity",
      "url": "https://scholar.google.com/citations?view_op=view_citation&hl=en&user=PhpQD2YAAAAJ&citation_for_view=PhpQD2YAAAAJ:7BrZ7Jt4UNcC",
      "authors": "G Yin, Y Li, Y Wang, D McConachie, P Shah, K Hashimoto, H Zhang, ...",
      "venue": "arXiv preprint arXiv:2506.16652, 2025",
      "year": 2025,
      "citations": 3
    },
    {
      "title": "Omnishape: Zero-shot multi-hypothesis shape and pose estimation in the real world",
      "url": "https://scholar.google.com/citations?view_op=view_citation&hl=en&user=PhpQD2YAAAAJ&citation_for_view=PhpQD2YAAAAJ:j7_hQOaDUrUC",
      "authors": "K Liu, S Zakharov, D Chen, T Ikeda, G Shakhnarovich, A Gaidon, ...",
      "venue": "2025 IEEE International Conference on Robotics and Automation (ICRA), 16020 …, 2025",
      "year": 2025,
      "citations": 1
    },
    {
      "title": "View-invariant policy learning via zero-shot novel view synthesis",
      "url": "https://scholar.google.com/citations?view_op=view_citation&hl=en&user=PhpQD2YAAAAJ&citation_for_view=PhpQD2YAAAAJ:BzfGm06jWhQC",
      "authors": "S Tian, B Wulfe, K Sargent, K Liu, S Zakharov, V Guizilini, J Wu",
      "venue": "arXiv preprint arXiv:2409.03685, 2024",
      "year": 2024,
      "citations": 25
    },
    {
      "title": "Diffusionnocs: Managing symmetry and uncertainty in sim2real multi-modal category-level pose estimation",
      "url": "https://scholar.google.com/citations?view_op=view_citation&hl=en&user=PhpQD2YAAAAJ&citation_for_view=PhpQD2YAAAAJ:ALROH1vI_8AC",
      "authors": "T Ikeda, S Zakharov, T Ko, MZ Irshad, R Lee, K Liu, R Ambrus, ...",
      "venue": "2024 IEEE/RSJ International Conference on Intelligent Robots and Systems …, 2024",
      "year": 2024,
      "citations": 24
    },
    {
      "title": "Zero-shot multi-object scene completion",
      "url": "https://scholar.google.com/citations?view_op=view_citation&hl=en&user=PhpQD2YAAAAJ&citation_for_view=PhpQD2YAAAAJ:cK4Rrx0J3m0C",
      "authors": "S Iwase, K Liu, V Guizilini, A Gaidon, K Kitani, R Ambruş, S Zakharov",
      "venue": "European Conference on Computer Vision, 96-113, 2024",
      "year": 2024,
      "citations": 6
    },
    {
      "title": "Equivariant Ray Embeddings for Implicit Multi-View Depth Estimation",
      "url": "https://scholar.google.com/citations?view_op=view_citation&hl=en&user=PhpQD2YAAAAJ&citation_for_view=PhpQD2YAAAAJ:LdasjJ6CEcoC",
      "authors": "Y Xu, D Chen, K Liu, S Zakharov, R Ambrus, K Daniilidis, V Guizilini",
      "venue": "Advances in Neural Information Processing Systems 37, 13627-13659, 2024",
      "year": 2024,
      "citations": 5
    },
    {
      "title": "Refine: Recursive field networks for cross-modal multi-scene representation",
      "url": "https://scholar.google.com/citations?view_op=view_citation&hl=en&user=PhpQD2YAAAAJ&citation_for_view=PhpQD2YAAAAJ:jgBuDB5drN8C",
      "authors": "S Zakharov, K Liu, A Gaidon, R Ambrus",
      "venue": "ACM SIGGRAPH 2024 Conference Papers, 1-9, 2024",
      "year": 2024,
      "citations": 2
    },
    {
      "title": "Carto: Category and joint agnostic reconstruction of articulated objects",
      "url": "https://scholar.google.com/citations?view_op=view_citation&hl=en&user=PhpQD2YAAAAJ&citation_for_view=PhpQD2YAAAAJ:QD3KBmkZPeQC",
      "authors": "N Heppert, MZ Irshad, S Zakharov, K Liu, RA Ambrus, J Bohg, A Valada, ...",
      "venue": "Proceedings of the IEEE/CVF Conference on Computer Vision and Pattern …, 2023",
      "year": 2023,
      "citations": 62
    },
    {
      "title": "Neo 360: Neural fields for sparse view synthesis of outdoor scenes",
      "url": "https://scholar.google.com/citations?view_op=view_citation&hl=en&user=PhpQD2YAAAAJ&citation_for_view=PhpQD2YAAAAJ:CaZNVDsoPx4C",
      "authors": "MZ Irshad, S Zakharov, K Liu, V Guizilini, T Kollar, A Gaidon, Z Kira, ...",
      "venue": "Proceedings of the IEEE/CVF International Conference on Computer Vision …, 2023",
      "year": 2023,
      "citations": 61
    },
    {
      "title": "Multi-object manipulation via object-centric neural scattering functions",
      "url": "https://scholar.google.com/citations?view_op=view_citation&hl=en&user=PhpQD2YAAAAJ&citation_for_view=PhpQD2YAAAAJ:buQ7SEKw-1sC",
      "authors": "S Tian, Y Cai, HX Yu, S Zakharov, K Liu, A Gaidon, Y Li, J Wu",
      "venue": "Proceedings of the IEEE/CVF Conference on Computer Vision and Pattern …, 2023",
      "year": 2023,
      "citations": 15
    },
    {
      "title": "Road: Learning an implicit recursive octree auto-decoder to efficiently encode 3d shapes",
      "url": "https://scholar.google.com/citations?view_op=view_citation&hl=en&user=PhpQD2YAAAAJ&citation_for_view=PhpQD2YAAAAJ:4xDN1ZYqzskC",
      "authors": "S Zakharov, R Ambrus, K Liu, A Gaidon",
      "venue": "arXiv preprint arXiv:2212.06193, 2022",
      "year": 2022,
      "citations": 6
    },
    {
      "title": "Hierarchical object map estimation for efficient and robust navigation",
      "url": "https://scholar.google.com/citations?view_op=view_citation&hl=en&user=PhpQD2YAAAAJ&citation_for_view=PhpQD2YAAAAJ:-_dYPAW6P2MC",
      "authors": "K Ok, K Liu, N Roy",
      "venue": "2021 IEEE International Conference on Robotics and Automation (ICRA), 1132-1139, 2021",
      "year": 2021,
      "citations": 15
    },
    {
      "title": "VoluMon: Weakly-supervised volumetric monocular estimation with ellipsoid representations",
      "url": "https://scholar.google.com/citations?view_op=view_citation&hl=en&user=PhpQD2YAAAAJ&citation_for_view=PhpQD2YAAAAJ:PVgj2kMGcgYC",
      "authors": "K Liu, K Ok, N Roy",
      "venue": "2021 IEEE/RSJ International Conference on Intelligent Robots and Systems …, 2021",
      "year": 2021,
      "citations": 2
    },
    {
      "title": "Online High-Level Model Estimation for Efficient Hierarchical Robot Navigation",
      "url": "https://scholar.google.com/citations?view_op=view_citation&hl=en&user=PhpQD2YAAAAJ&citation_for_view=PhpQD2YAAAAJ:Ri6SYOTghG4C",
      "authors": "M Stadler, K Liu, N Roy",
      "venue": "2021 IEEE/RSJ International Conference on Intelligent Robots and Systems …, 2021",
      "year": 2021,
      "citations": 2
    },
    {
      "title": "Search and rescue under the forest canopy using multiple UAVs",
      "url": "https://scholar.google.com/citations?view_op=view_citation&hl=en&user=PhpQD2YAAAAJ&citation_for_view=PhpQD2YAAAAJ:UxriW0iASnsC",
      "authors": "Y Tian, K Liu, K Ok, L Tran, D Allen, N Roy, JP How",
      "venue": "The International Journal of Robotics Research 39 (10-11), 1201-1221, 2020",
      "year": 2020,
      "citations": 191
    },
    {
      "title": "Learned sampling distributions for efficient planning in hybrid geometric and object-level representations",
      "url": "https://scholar.google.com/citations?view_op=view_citation&hl=en&user=PhpQD2YAAAAJ&citation_for_view=PhpQD2YAAAAJ:VOx2b1Wkg3QC",
      "authors": "K Liu, M Stadler, N Roy",
      "venue": "2020 IEEE International Conference on Robotics and Automation (ICRA), 9555-9562, 2020",
      "year": 2020,
      "citations": 20
    },
    {
      "title": "Robust object-based slam for high-speed autonomous navigation",
      "url": "https://scholar.google.com/citations?view_op=view_citation&hl=en&user=PhpQD2YAAAAJ&citation_for_view=PhpQD2YAAAAJ:abG-DnoFyZgC",
      "authors": "K Ok, K Liu, K Frey, JP How, N Roy",
      "venue": "2019 International Conference on Robotics and Automation (ICRA), 669-675, 2019",
      "year": 2019,
      "citations": 101
    },
    {
      "title": "Deep inference for covariance estimation: Learning gaussian noise models for state estimation",
      "url": "https://scholar.google.com/citations?view_op=view_citation&hl=en&user=PhpQD2YAAAAJ&citation_for_view=PhpQD2YAAAAJ:SeFeTyx0c_EC",
      "authors": "K Liu, K Ok, W Vega-Brown, N Roy",
      "venue": "2018 IEEE International Conference on Robotics and Automation (ICRA), 1436-1443, 2018",
      "year": 2018,
      "citations": 84
    }
  ],
  "co_authors": [
    {
      "name": "Rares Ambrus",
      "scholar_id": "2xjjS3oAAAAJ",
      "url": "https://scholar.google.com/citations?user=2xjjS3oAAAAJ"
    },
    {
      "name": "Sergey Zakharov",
      "scholar_id": "3DK3I-8AAAAJ",
      "url": "https://scholar.google.com/citations?user=3DK3I-8AAAAJ"
    },
    {
      "name": "Nicholas Roy",
      "scholar_id": "aM3i_9oAAAAJ",
      "url": "https://scholar.google.com/citations?user=aM3i_9oAAAAJ"
    },
    {
      "name": "Adrien Gaidon",
      "scholar_id": "2StUgf4AAAAJ",
      "url": "https://scholar.google.com/citations?user=2StUgf4AAAAJ"
    },
    {
      "name": "Kyel Ok",
      "scholar_id": "Nar-RwcAAAAJ",
      "url": "https://scholar.google.com/citations?user=Nar-RwcAAAAJ"
    },
    {
      "name": "Vitor Campagnolo Guizilini",
      "scholar_id": "ow3r9ogAAAAJ",
      "url": "https://scholar.google.com/citations?user=ow3r9ogAAAAJ"
    },
    {
      "name": "Muhammad Zubair Irshad",
      "scholar_id": "K2XA5XEAAAAJ",
      "url": "https://scholar.google.com/citations?user=K2XA5XEAAAAJ"
    },
    {
      "name": "Thomas Kollar",
      "scholar_id": "AEKT17QAAAAJ",
      "url": "https://scholar.google.com/citations?user=AEKT17QAAAAJ"
    },
    {
      "name": "Jonathan P. How",
      "scholar_id": "gX7rSCcAAAAJ",
      "url": "https://scholar.google.com/citations?user=gX7rSCcAAAAJ"
    },
    {
      "name": "Jiajun Wu",
      "scholar_id": "2efgcS0AAAAJ",
      "url": "https://scholar.google.com/citations?user=2efgcS0AAAAJ"
    },
    {
      "name": "Zsolt Kira",
      "scholar_id": "2a5XgNAAAAAJ",
      "url": "https://scholar.google.com/citations?user=2a5XgNAAAAAJ"
    },
    {
      "name": "Yulun Tian",
      "scholar_id": "r-v0cusAAAAJ",
      "url": "https://scholar.google.com/citations?user=r-v0cusAAAAJ"
    },
    {
      "name": "Bonnie Danette Allen",
      "scholar_id": "81OHgP4AAAAJ",
      "url": "https://scholar.google.com/citations?user=81OHgP4AAAAJ"
    },
    {
      "name": "Nick Heppert",
      "scholar_id": "btkVpywAAAAJ",
      "url": "https://scholar.google.com/citations?user=btkVpywAAAAJ"
    },
    {
      "name": "Jeannette Bohg",
      "scholar_id": "rjnJnEkAAAAJ",
      "url": "https://scholar.google.com/citations?user=rjnJnEkAAAAJ"
    },
    {
      "name": "Kristoffer Frey",
      "scholar_id": "5WggaiEAAAAJ",
      "url": "https://scholar.google.com/citations?user=5WggaiEAAAAJ"
    },
    {
      "name": "Shun Iwase",
      "scholar_id": "XP3hIDUAAAAJ",
      "url": "https://scholar.google.com/citations?user=XP3hIDUAAAAJ"
    },
    {
      "name": "Kris Kitani",
      "scholar_id": "yv3sH74AAAAJ",
      "url": "https://scholar.google.com/citations?user=yv3sH74AAAAJ"
    },
    {
      "name": "Stephen Tian",
      "scholar_id": "l19pn2sAAAAJ",
      "url": "https://scholar.google.com/citations?user=l19pn2sAAAAJ"
    },
    {
      "name": "Will Vega-Brown",
      "scholar_id": "kKtonZIAAAAJ",
      "url": "https://scholar.google.com/citations?user=kKtonZIAAAAJ"
    }
  ]
}