{
  "author_info": {
    "name": "Muhammad Akhtar Munir",
    "affiliation": "Mohamed bin Zayed University of Artificial Intelligence, UAE",
    "email_verified": "Verified email at mbzuai.ac.ae - Homepage",
    "website": "https://akhtarvision.github.io/",
    "interests": [
      "Deep Learning",
      "Model Calibration",
      "Domain Generalization",
      "VLMs",
      "Remote Sensing"
    ],
    "photo_url": "https://scholar.googleusercontent.com/citations?view_op=view_photo&user=sT-epZAAAAAJ&citpid=12"
  },
  "citation_stats": {
    "citations_all": 355,
    "citations_since_2020": 350,
    "h_index_all": 11,
    "h_index_since_2020": 11,
    "i10_index_all": 12,
    "i10_index_since_2020": 12,
    "citation_graph": [
      {
        "year": 2018,
        "citations": 1
      },
      {
        "year": 2019,
        "citations": 1
      },
      {
        "year": 2020,
        "citations": 4
      },
      {
        "year": 2021,
        "citations": 9
      },
      {
        "year": 2022,
        "citations": 21
      },
      {
        "year": 2023,
        "citations": 55
      },
      {
        "year": 2024,
        "citations": 87
      },
      {
        "year": 2025,
        "citations": 171
      }
    ]
  },
  "papers": [
    {
      "title": "Earthdial: Turning multi-sensory earth observations to interactive dialogues",
      "url": "https://scholar.google.com/citations?view_op=view_citation&hl=en&user=sT-epZAAAAAJ&citation_for_view=sT-epZAAAAAJ:LkGwnXOMwfcC",
      "authors": "S Soni, A Dudhane, H Debary, M Fiaz, MA Munir, MS Danish, P Fraccaro, ...",
      "venue": "Proceedings of the Computer Vision and Pattern Recognition Conference, 14303 …, 2025",
      "year": 2025,
      "citations": 24
    },
    {
      "title": "Geobench-vlm: Benchmarking vision-language models for geospatial tasks",
      "url": "https://scholar.google.com/citations?view_op=view_citation&hl=en&user=sT-epZAAAAAJ&citation_for_view=sT-epZAAAAAJ:_FxGoFyzp5QC",
      "authors": "M Danish, MA Munir, SRA Shah, K Kuckreja, FS Khan, P Fraccaro, ...",
      "venue": "Proceedings of the IEEE/CVF International Conference on Computer Vision …, 2025",
      "year": 2025,
      "citations": 18
    },
    {
      "title": "O-TPT: Orthogonality Constraints for Calibrating Test-time Prompt Tuning in Vision-Language Models",
      "url": "https://scholar.google.com/citations?view_op=view_citation&hl=en&user=sT-epZAAAAAJ&citation_for_view=sT-epZAAAAAJ:Se3iqnhoufwC",
      "authors": "A Sharifdeen, MA Munir, S Baliah, S Khan, MH Khan",
      "venue": "Proceedings of the Computer Vision and Pattern Recognition Conference, 19942 …, 2025",
      "year": 2025,
      "citations": 10
    },
    {
      "title": "ThinkGeo: Evaluating Tool-Augmented Agents for Remote Sensing Tasks",
      "url": "https://scholar.google.com/citations?view_op=view_citation&hl=en&user=sT-epZAAAAAJ&citation_for_view=sT-epZAAAAAJ:0EnyYjriUFMC",
      "authors": "A Shabbir, MA Munir, A Dudhane, MU Sheikh, MH Khan, P Fraccaro, ...",
      "venue": "arXiv preprint arXiv:2505.23752, 2025",
      "year": 2025,
      "citations": 3
    },
    {
      "title": "TerraFM: A Scalable Foundation Model for Unified Multisensor Earth Observation",
      "url": "https://scholar.google.com/citations?view_op=view_citation&hl=en&user=sT-epZAAAAAJ&citation_for_view=sT-epZAAAAAJ:5nxA0vEk-isC",
      "authors": "MS Danish, MA Munir, SRA Shah, MH Khan, RM Anwer, J Laaksonen, ...",
      "venue": "arXiv preprint arXiv:2506.06281, 2025",
      "year": 2025,
      "citations": 2
    },
    {
      "title": "Synergistic Neural Forecasting of Air Pollution with Stochastic Sampling",
      "url": "https://scholar.google.com/citations?view_op=view_citation&hl=en&user=sT-epZAAAAAJ&citation_for_view=sT-epZAAAAAJ:8k81kl-MbHgC",
      "authors": "Y Abeysinghe, MA Munir, S Baliah, R Sarafian, FS Khan, Y Rudich, ...",
      "venue": "arXiv preprint arXiv:2510.23977, 2025",
      "year": 2025,
      "citations": 0
    },
    {
      "title": "AirCast: Improving Air Pollution Forecasting Through Multi-Variable Data Alignment",
      "url": "https://scholar.google.com/citations?view_op=view_citation&hl=en&user=sT-epZAAAAAJ&citation_for_view=sT-epZAAAAAJ:roLk4NBRz8UC",
      "authors": "V Nedungadi, MA Munir, M Rußwurm, R Sarafian, IN Athanasiadis, ...",
      "venue": "arXiv preprint arXiv:2502.17919, 2025",
      "year": 2025,
      "citations": 0
    },
    {
      "title": "A train-time loss in a system and method for calibrating object detection",
      "url": "https://scholar.google.com/citations?view_op=view_citation&hl=en&user=sT-epZAAAAAJ&citation_for_view=sT-epZAAAAAJ:UebtZRa9Y70C",
      "authors": "MA Munir, MH Khan, S Khan, FS Khan",
      "venue": "US Patent App. 18/526,254, 2025",
      "year": 2025,
      "citations": 0
    },
    {
      "title": "Improving Single Domain-Generalized Object Detection: A Focus on Diversification and Alignment",
      "url": "https://scholar.google.com/citations?view_op=view_citation&hl=en&user=sT-epZAAAAAJ&citation_for_view=sT-epZAAAAAJ:YsMSGLbcyi4C",
      "authors": "MS Danish, MH Khan, MA Munir, MS Sarfraz, M Ali",
      "venue": "Proceedings of the IEEE/CVF Conference on Computer Vision and Pattern …, 2024",
      "year": 2024,
      "citations": 28
    },
    {
      "title": "Cal-DETR: Calibrated Detection Transformer",
      "url": "https://scholar.google.com/citations?view_op=view_citation&hl=en&user=sT-epZAAAAAJ&citation_for_view=sT-epZAAAAAJ:Tyk-4Ss8FVUC",
      "authors": "MA Munir, SH Khan, MH Khan, M Ali, F Shahbaz Khan",
      "venue": "Advances in Neural Information Processing Systems 36, 2024",
      "year": 2024,
      "citations": 15
    },
    {
      "title": "Efficient Localized Adaptation of Neural Weather Forecasting: A Case Study in the MENA Region",
      "url": "https://scholar.google.com/citations?view_op=view_citation&hl=en&user=sT-epZAAAAAJ&citation_for_view=sT-epZAAAAAJ:ufrVoPGSRksC",
      "authors": "MA Munir, FS Khan, S Khan",
      "venue": "arXiv preprint arXiv:2409.07585, 2024",
      "year": 2024,
      "citations": 4
    },
    {
      "title": "Bridging Precision and Confidence: A Train-Time Loss for Calibrating Object Detection",
      "url": "https://scholar.google.com/citations?view_op=view_citation&hl=en&user=sT-epZAAAAAJ&citation_for_view=sT-epZAAAAAJ:UeHWp8X0CEIC",
      "authors": "MA Munir, MH Khan, S Khan, FS Khan",
      "venue": "Proceedings of the IEEE/CVF Conference on Computer Vision and Pattern …, 2023",
      "year": 2023,
      "citations": 25
    },
    {
      "title": "Domain Adaptive Object Detection via Balancing between Self-Training and Adversarial Learning",
      "url": "https://scholar.google.com/citations?view_op=view_citation&hl=en&user=sT-epZAAAAAJ&citation_for_view=sT-epZAAAAAJ:IjCSPb-OGe4C",
      "authors": "MA Munir, MH Khan, MS Sarfraz, M Ali",
      "venue": "IEEE Transactions on Pattern Analysis and Machine Intelligence, 2023",
      "year": 2023,
      "citations": 17
    },
    {
      "title": "Detection and Localization of Firearm Carriers in Complex Scenes for Improved Safety Measures",
      "url": "https://scholar.google.com/citations?view_op=view_citation&hl=en&user=sT-epZAAAAAJ&citation_for_view=sT-epZAAAAAJ:zYLM7Y9cAGgC",
      "authors": "A Mahmood, A Basit, MA Munir, M Ali",
      "venue": "IEEE Transactions on Computational Social Systems, 2023",
      "year": 2023,
      "citations": 1
    },
    {
      "title": "Towards improving calibration in object detection under domain shift",
      "url": "https://scholar.google.com/citations?view_op=view_citation&hl=en&user=sT-epZAAAAAJ&citation_for_view=sT-epZAAAAAJ:qjMakFHDy7sC",
      "authors": "MA Munir, MH Khan, M Sarfraz, M Ali",
      "venue": "Advances in Neural Information Processing Systems 35, 38706-38718, 2022",
      "year": 2022,
      "citations": 27
    },
    {
      "title": "SSAL: Synergizing between Self-Training and Adversarial Learning for Domain Adaptive Object Detection",
      "url": "https://scholar.google.com/citations?view_op=view_citation&hl=en&user=sT-epZAAAAAJ&citation_for_view=sT-epZAAAAAJ:2osOgNQ5qMEC",
      "authors": "MA Munir, MH Khan, M Sarfraz, M Ali",
      "venue": "Advances in Neural Information Processing Systems 34, 2021",
      "year": 2021,
      "citations": 99
    },
    {
      "title": "Leveraging orientation for weakly supervised object detection with application to firearm localization",
      "url": "https://scholar.google.com/citations?view_op=view_citation&hl=en&user=sT-epZAAAAAJ&citation_for_view=sT-epZAAAAAJ:WF5omc3nYNoC",
      "authors": "J Iqbal, MA Munir, A Mahmood, AR Ali, M Ali",
      "venue": "Neurocomputing 440, 310-320, 2021",
      "year": 2021,
      "citations": 44
    },
    {
      "title": "Localizing Firearm Carriers By Identifying Human-Object Pairs",
      "url": "https://scholar.google.com/citations?view_op=view_citation&hl=en&user=sT-epZAAAAAJ&citation_for_view=sT-epZAAAAAJ:d1gkVwhDpl0C",
      "authors": "A Basit, MA Munir, M Ali, N Werghi, A Mahmood",
      "venue": "2020 IEEE International Conference on Image Processing (ICIP), 2031-2035, 2020",
      "year": 2020,
      "citations": 17
    },
    {
      "title": "Orientation aware object detection with application to firearms",
      "url": "https://scholar.google.com/citations?view_op=view_citation&hl=en&user=sT-epZAAAAAJ&citation_for_view=sT-epZAAAAAJ:eQOLeE2rZwMC",
      "authors": "J Iqbal, MA Munir, A Mahmood, AR Ali, M Ali",
      "venue": "arXiv preprint arXiv:1904.10032 22, 2019",
      "year": 2019,
      "citations": 17
    },
    {
      "title": "A new additive watermarking technique for multimodal biometric identification",
      "url": "https://scholar.google.com/citations?view_op=view_citation&hl=en&user=sT-epZAAAAAJ&citation_for_view=sT-epZAAAAAJ:u5HHmVD_uO8C",
      "authors": "A Javed, M Fasihullah, MA Munir, I Usman, MF Shafique, T Bashir, ...",
      "venue": "Journal of Basic and Applied Scientific Research 3 (7), 935-942, 2013",
      "year": 2013,
      "citations": 4
    }
  ],
  "co_authors": [
    {
      "name": "Muhammad Haris Khan",
      "scholar_id": "ZgERfFwAAAAJ",
      "url": "https://scholar.google.com/citations?user=ZgERfFwAAAAJ"
    },
    {
      "name": "Mohsen Ali",
      "scholar_id": "59ISSCEAAAAJ",
      "url": "https://scholar.google.com/citations?user=59ISSCEAAAAJ"
    },
    {
      "name": "Salman Khan",
      "scholar_id": "M59O9lkAAAAJ",
      "url": "https://scholar.google.com/citations?user=M59O9lkAAAAJ"
    },
    {
      "name": "Fahad Shahbaz Khan",
      "scholar_id": "zvaeYnUAAAAJ",
      "url": "https://scholar.google.com/citations?user=zvaeYnUAAAAJ"
    },
    {
      "name": "M. Saquib Sarfraz",
      "scholar_id": "4YLsmYIAAAAJ",
      "url": "https://scholar.google.com/citations?user=4YLsmYIAAAAJ"
    },
    {
      "name": "Arif Mahmood",
      "scholar_id": "_e6yGs4AAAAJ",
      "url": "https://scholar.google.com/citations?user=_e6yGs4AAAAJ"
    },
    {
      "name": "Muhammad Sohail Danish",
      "scholar_id": "a8yxkD0AAAAJ",
      "url": "https://scholar.google.com/citations?user=a8yxkD0AAAAJ"
    },
    {
      "name": "Paolo Fraccaro, MEng, PhD",
      "scholar_id": "gDCFa8QAAAAJ",
      "url": "https://scholar.google.com/citations?user=gDCFa8QAAAAJ"
    },
    {
      "name": "Akshay Dudhane",
      "scholar_id": "BG_XEmkAAAAJ",
      "url": "https://scholar.google.com/citations?user=BG_XEmkAAAAJ"
    },
    {
      "name": "Syed Roshaan Ali Shah",
      "scholar_id": "LVAb7A0AAAAJ",
      "url": "https://scholar.google.com/citations?user=LVAb7A0AAAAJ"
    },
    {
      "name": "Levente Klein",
      "scholar_id": "o7kacUAAAAAJ",
      "url": "https://scholar.google.com/citations?user=o7kacUAAAAAJ"
    },
    {
      "name": "Alexandre Lacoste",
      "scholar_id": "71a2-WMAAAAJ",
      "url": "https://scholar.google.com/citations?user=71a2-WMAAAAJ"
    },
    {
      "name": "Kartik Kuckreja",
      "scholar_id": "9_RLvbIAAAAJ",
      "url": "https://scholar.google.com/citations?user=9_RLvbIAAAAJ"
    },
    {
      "name": "Javed Iqbal",
      "scholar_id": "fVOxU-4AAAAJ",
      "url": "https://scholar.google.com/citations?user=fVOxU-4AAAAJ"
    }
  ]
}