{
  "author_info": {
    "name": "YINGFAN WANG",
    "affiliation": "PhD Candidate of Computer Science, Duke University",
    "email_verified": "Verified email at duke.edu",
    "interests": [
      "machine learning",
      "dimension reduction"
    ],
    "photo_url": "/citations/images/avatar_scholar_128.png"
  },
  "citation_stats": {
    "citations_all": 836,
    "citations_since_2020": 834,
    "h_index_all": 4,
    "h_index_since_2020": 4,
    "i10_index_all": 3,
    "i10_index_since_2020": 3,
    "citation_graph": [
      {
        "year": 2021,
        "citations": 19
      },
      {
        "year": 2022,
        "citations": 68
      },
      {
        "year": 2023,
        "citations": 164
      },
      {
        "year": 2024,
        "citations": 250
      },
      {
        "year": 2025,
        "citations": 327
      }
    ]
  },
  "papers": [
    {
      "title": "Dimension reduction with locally adjusted graphs",
      "url": "https://scholar.google.com/citations?view_op=view_citation&hl=en&user=nrq7S6UAAAAJ&citation_for_view=nrq7S6UAAAAJ:UeHWp8X0CEIC",
      "authors": "Y Wang, Y Sun, H Huang, C Rudin",
      "venue": "Proceedings of the AAAI Conference on Artificial Intelligence 39 (20), 21357 …, 2025",
      "year": 2025,
      "citations": 7
    },
    {
      "title": "Machine learning approaches identify immunologic signatures of total and intact HIV DNA during long-term antiretroviral therapy",
      "url": "https://scholar.google.com/citations?view_op=view_citation&hl=en&user=nrq7S6UAAAAJ&citation_for_view=nrq7S6UAAAAJ:2osOgNQ5qMEC",
      "authors": "L Semenova, Y Wang, S Falcinelli, N Archin, AD Cooper-Volkheimer, ...",
      "venue": "Elife 13, RP94899, 2024",
      "year": 2024,
      "citations": 4
    },
    {
      "title": "Navigating the effect of parametrization for dimensionality reduction",
      "url": "https://scholar.google.com/citations?view_op=view_citation&hl=en&user=nrq7S6UAAAAJ&citation_for_view=nrq7S6UAAAAJ:qjMakFHDy7sC",
      "authors": "H Huang, Y Wang, C Rudin",
      "venue": "Advances in Neural Information Processing Systems 37, 12977-13019, 2024",
      "year": 2024,
      "citations": 1
    },
    {
      "title": "Towards a comprehensive evaluation of dimension reduction methods for transcriptomic data visualization",
      "url": "https://scholar.google.com/citations?view_op=view_citation&hl=en&user=nrq7S6UAAAAJ&citation_for_view=nrq7S6UAAAAJ:d1gkVwhDpl0C",
      "authors": "H Huang, Y Wang, C Rudin, EP Browne",
      "venue": "Communications biology 5 (1), 719, 2022",
      "year": 2022,
      "citations": 148
    },
    {
      "title": "Understanding how dimension reduction tools work: an empirical approach to deciphering t-SNE, UMAP, TriMAP, and PaCMAP for data visualization",
      "url": "https://scholar.google.com/citations?view_op=view_citation&hl=en&user=nrq7S6UAAAAJ&citation_for_view=nrq7S6UAAAAJ:u-x6o8ySG0sC",
      "authors": "Y Wang, H Huang, C Rudin, Y Shaposhnik",
      "venue": "Journal of Machine Learning Research 22 (201), 1-73, 2021",
      "year": 2021,
      "citations": 644
    },
    {
      "title": "Approximate group fairness for clustering",
      "url": "https://scholar.google.com/citations?view_op=view_citation&hl=en&user=nrq7S6UAAAAJ&citation_for_view=nrq7S6UAAAAJ:9yKSN-GCB0IC",
      "authors": "B Li, L Li, A Sun, C Wang, Y Wang",
      "venue": "International conference on machine learning, 6381-6391, 2021",
      "year": 2021,
      "citations": 32
    }
  ],
  "co_authors": [
    {
      "name": "Cynthia Rudin",
      "scholar_id": "mezKJyoAAAAJ",
      "url": "https://scholar.google.com/citations?user=mezKJyoAAAAJ"
    },
    {
      "name": "Haiyang Huang",
      "scholar_id": "KvcznOkAAAAJ",
      "url": "https://scholar.google.com/citations?user=KvcznOkAAAAJ"
    },
    {
      "name": "Yaron Shaposhnik",
      "scholar_id": "qKcLj4kAAAAJ",
      "url": "https://scholar.google.com/citations?user=qKcLj4kAAAAJ"
    },
    {
      "name": "Edward P Browne",
      "scholar_id": "Q0-IkGEAAAAJ",
      "url": "https://scholar.google.com/citations?user=Q0-IkGEAAAAJ"
    }
  ]
}