{
  "author_info": {
    "name": "Kazi Ahmed Asif Fuad",
    "affiliation": "Graduate Assistant, Oregon State University; Assistant Professor, AIUB",
    "email_verified": "Verified email at oregonstate.edu - Homepage",
    "website": "http://asifahmedfuad.github.io/",
    "interests": [
      "Hardware Accelerator",
      "Explainable AI",
      "Deep Neural Networks",
      "Digital System Designing"
    ],
    "photo_url": "https://scholar.googleusercontent.com/citations?view_op=view_photo&user=jyz8418AAAAJ&citpid=1"
  },
  "citation_stats": {
    "citations_all": 96,
    "citations_since_2020": 82,
    "h_index_all": 6,
    "h_index_since_2020": 6,
    "i10_index_all": 4,
    "i10_index_since_2020": 3,
    "citation_graph": [
      {
        "year": 2015,
        "citations": 2
      },
      {
        "year": 2016,
        "citations": 4
      },
      {
        "year": 2017,
        "citations": 5
      },
      {
        "year": 2018,
        "citations": 3
      },
      {
        "year": 2019,
        "citations": 8
      },
      {
        "year": 2020,
        "citations": 8
      },
      {
        "year": 2021,
        "citations": 10
      },
      {
        "year": 2022,
        "citations": 10
      },
      {
        "year": 2023,
        "citations": 20
      },
      {
        "year": 2024,
        "citations": 25
      }
    ]
  },
  "papers": [
    {
      "title": "LLM-Ref: Enhancing Reference Handling in Technical Writing with Large Language Models",
      "url": "https://scholar.google.com/citations?view_op=view_citation&hl=en&user=jyz8418AAAAJ&citation_for_view=jyz8418AAAAJ:YsMSGLbcyi4C",
      "authors": "KAA Fuad, L Chen",
      "venue": "arXiv preprint arXiv:2411.00294, 2024",
      "year": 2024,
      "citations": 1
    },
    {
      "title": "A Survey on Sparsity Exploration in Transformer-Based Accelerators",
      "url": "https://scholar.google.com/citations?view_op=view_citation&hl=en&user=jyz8418AAAAJ&citation_for_view=jyz8418AAAAJ:Y0pCki6q_DkC",
      "authors": "KAA Fuad, L Chen",
      "venue": "Electronics 12 (10), 2299, 2023",
      "year": 2023,
      "citations": 15
    },
    {
      "title": "Simul-LLM: A Framework for Exploring High-Quality Simultaneous Translation with Large Language Models",
      "url": "https://scholar.google.com/citations?view_op=view_citation&hl=en&user=jyz8418AAAAJ&citation_for_view=jyz8418AAAAJ:W7OEmFMy1HYC",
      "authors": "V Agostinelli, M Wild, M Raffel, KA Fuad, L Chen",
      "venue": "arXiv preprint arXiv:2312.04691, 2023",
      "year": 2023,
      "citations": 8
    },
    {
      "title": "Computation and memory optimized spectral domain convolutional neural network for throughput and energy-efficient inference",
      "url": "https://scholar.google.com/citations?view_op=view_citation&hl=en&user=jyz8418AAAAJ&citation_for_view=jyz8418AAAAJ:zYLM7Y9cAGgC",
      "authors": "SM Rizvi, AAHA Rahman, UU Sheikh, KAA Fuad, HMF Shehzad",
      "venue": "Applied Intelligence 53 (4), 4499-4523, 2023",
      "year": 2023,
      "citations": 8
    },
    {
      "title": "Edge-Based Heuristics for Optimizing Shortcut-Augmented Topologies for HPC Interconnects",
      "url": "https://scholar.google.com/citations?view_op=view_citation&hl=en&user=jyz8418AAAAJ&citation_for_view=jyz8418AAAAJ:Tyk-4Ss8FVUC",
      "authors": "KAA Fuad, K Zeng, L Chen",
      "venue": "Electronics 11 (17), 2778, 2022",
      "year": 2022,
      "citations": 0
    },
    {
      "title": "Features Understanding in 3D CNNs for Actions Recognition in Video",
      "url": "https://scholar.google.com/citations?view_op=view_citation&hl=en&user=jyz8418AAAAJ&citation_for_view=jyz8418AAAAJ:UeHWp8X0CEIC",
      "authors": "KAA Fuad, PE Martin, R Giot, R Bourqui, J Benois-Pineau, A Zemmari",
      "venue": "2020 Tenth International Conference on Image Processing Theory, Tools and …, 2020",
      "year": 2020,
      "citations": 21
    },
    {
      "title": "Graph Neural Network Inference on FPGA",
      "url": "https://scholar.google.com/citations?view_op=view_citation&hl=en&user=jyz8418AAAAJ&citation_for_view=jyz8418AAAAJ:IjCSPb-OGe4C",
      "authors": "KAA Fuad, S Vallecorsa",
      "venue": "Zenodo, CERN openlab, 2020",
      "year": 2020,
      "citations": 0
    },
    {
      "title": "Watch IT Version-II: An Assistive Device for Hearing and Speaking Impaired",
      "url": "https://scholar.google.com/citations?view_op=view_citation&hl=en&user=jyz8418AAAAJ&citation_for_view=jyz8418AAAAJ:9yKSN-GCB0IC",
      "authors": "MS Mahamud, M Islam, AS Shila, KAA Fuad, MR Islam",
      "venue": "Proceedings of SAI Intelligent Systems Conference, 253-264, 2018",
      "year": 2018,
      "citations": 2
    },
    {
      "title": "Automated anti-collision system for automobiles",
      "url": "https://scholar.google.com/citations?view_op=view_citation&hl=en&user=jyz8418AAAAJ&citation_for_view=jyz8418AAAAJ:d1gkVwhDpl0C",
      "authors": "T Sanjana, KAA Fuad, MM Habib, AA Rumel",
      "venue": "2017 International Conference on Electrical, Computer and Communication …, 2017",
      "year": 2017,
      "citations": 21
    },
    {
      "title": "Hardware software co-simulation of Canny edge detection algorithm",
      "url": "https://scholar.google.com/citations?view_op=view_citation&hl=en&user=jyz8418AAAAJ&citation_for_view=jyz8418AAAAJ:u5HHmVD_uO8C",
      "authors": "KAA Fuad, SM Rizvi",
      "venue": "International Journal of Computer Applications 122 (19), 2015",
      "year": 2015,
      "citations": 18
    },
    {
      "title": "Design and simulation of centralized load controlled automated power system network (CLCAPSN)",
      "url": "https://scholar.google.com/citations?view_op=view_citation&hl=en&user=jyz8418AAAAJ&citation_for_view=jyz8418AAAAJ:2osOgNQ5qMEC",
      "authors": "KAA Fuad, MMI Hasan, LN Manzoor, MA Mannan, CA Hossain",
      "venue": "2015 IEEE International WIE Conference on Electrical and Computer …, 2015",
      "year": 2015,
      "citations": 2
    },
    {
      "title": "Hardware/Software Co-Simulation of Gradient-based Edge Detectors: A Comparative Study",
      "url": "https://scholar.google.com/citations?view_op=view_citation&hl=en&user=jyz8418AAAAJ&citation_for_view=jyz8418AAAAJ:u-x6o8ySG0sC",
      "authors": "KAA Fuad, SM Rizvi",
      "venue": "Journal of Image Processing & Pattern Recognition Progress 2 (3), 30-37, 2015",
      "year": 2015,
      "citations": 0
    },
    {
      "title": "Varying Sample-Width to Realize Area-Efficient FPGA Realization of Sobel-Fieldman Edge Detector",
      "url": "https://scholar.google.com/citations?view_op=view_citation&hl=en&user=jyz8418AAAAJ&citation_for_view=jyz8418AAAAJ:qjMakFHDy7sC",
      "authors": "KAA Fuad, SM Rizvi",
      "venue": "AIUB Journal of Science and Engineering (AJSE) 14 (1), 123-128, 2015",
      "year": 2015,
      "citations": 0
    }
  ],
  "co_authors": [
    {
      "name": "Shahriyar Masud Rizvi",
      "scholar_id": "2vcCkGkAAAAJ",
      "url": "https://scholar.google.com/citations?user=2vcCkGkAAAAJ"
    },
    {
      "name": "Lizhong Chen",
      "scholar_id": "-JoUWNEAAAAJ",
      "url": "https://scholar.google.com/citations?user=-JoUWNEAAAAJ"
    },
    {
      "name": "Jenny Benois-Pineau",
      "scholar_id": "ZHHc360AAAAJ",
      "url": "https://scholar.google.com/citations?user=ZHHc360AAAAJ"
    }
  ]
}