{
  "author_info": {
    "name": "Zhile Chen",
    "affiliation": "South China University of Technology",
    "email_verified": "Verified email at mail.scut.edu.cn",
    "interests": [
      "low-level vision",
      "unsupervised learning",
      "texture representation"
    ],
    "photo_url": "https://scholar.googleusercontent.com/citations?view_op=view_photo&user=zJwYFpEAAAAJ&citpid=3"
  },
  "citation_stats": {
    "citations_all": 133,
    "citations_since_2020": 133,
    "h_index_all": 5,
    "h_index_since_2020": 5,
    "i10_index_all": 4,
    "i10_index_since_2020": 4,
    "citation_graph": [
      {
        "year": 2021,
        "citations": 1
      },
      {
        "year": 2022,
        "citations": 17
      },
      {
        "year": 2023,
        "citations": 20
      },
      {
        "year": 2024,
        "citations": 53
      },
      {
        "year": 2025,
        "citations": 41
      }
    ]
  },
  "papers": [
    {
      "title": "Enhancing texture representation with deep tracing pattern encoding",
      "url": "https://scholar.google.com/citations?view_op=view_citation&hl=en&user=zJwYFpEAAAAJ&citation_for_view=zJwYFpEAAAAJ:qjMakFHDy7sC",
      "authors": "Z Chen, Y Quan, R Xu, L Jin, Y Xu",
      "venue": "Pattern Recognition 146, 109959, 2024",
      "year": 2024,
      "citations": 18
    },
    {
      "title": "Unsupervised Deep Unrolling Networks for Phase Unwrapping",
      "url": "https://scholar.google.com/citations?view_op=view_citation&hl=en&user=zJwYFpEAAAAJ&citation_for_view=zJwYFpEAAAAJ:UeHWp8X0CEIC",
      "authors": "Z Chen, Y Quan, H Ji",
      "venue": "Proceedings of the IEEE/CVF Conference on Computer Vision and Pattern …, 2024",
      "year": 2024,
      "citations": 10
    },
    {
      "title": "Unsupervised deep learning for phase retrieval via teacher-student distillation",
      "url": "https://scholar.google.com/citations?view_op=view_citation&hl=en&user=zJwYFpEAAAAJ&citation_for_view=zJwYFpEAAAAJ:9yKSN-GCB0IC",
      "authors": "Y Quan, Z Chen, T Pang, H Ji",
      "venue": "Proceedings of AAAI Conference on Artificial Intelligence 3, 2023",
      "year": 2023,
      "citations": 8
    },
    {
      "title": "Deep texture recognition via exploiting cross-layer statistical self-similarity",
      "url": "https://scholar.google.com/citations?view_op=view_citation&hl=en&user=zJwYFpEAAAAJ&citation_for_view=zJwYFpEAAAAJ:d1gkVwhDpl0C",
      "authors": "Z Chen, F Li, Y Quan, Y Xu, H Ji",
      "venue": "Proceedings of the IEEE/CVF Conference on Computer Vision and Pattern …, 2021",
      "year": 2021,
      "citations": 53
    },
    {
      "title": "Encoding spatial distribution of convolutional features for texture representation",
      "url": "https://scholar.google.com/citations?view_op=view_citation&hl=en&user=zJwYFpEAAAAJ&citation_for_view=zJwYFpEAAAAJ:u-x6o8ySG0sC",
      "authors": "Y Xu, F Li, Z Chen, J Liang, Y Quan",
      "venue": "Advances in Neural Information Processing Systems 34, 22732-22744, 2021",
      "year": 2021,
      "citations": 44
    }
  ],
  "co_authors": [
    {
      "name": "Yuhui Quan",
      "scholar_id": "JpCZGn4AAAAJ",
      "url": "https://scholar.google.com/citations?user=JpCZGn4AAAAJ"
    },
    {
      "name": "Hui JI",
      "scholar_id": "AsKY0XoAAAAJ",
      "url": "https://scholar.google.com/citations?user=AsKY0XoAAAAJ"
    }
  ]
}