{
  "author_info": {
    "name": "Shaoliang Nie",
    "affiliation": "Meta",
    "email_verified": "Verified email at meta.com",
    "interests": [
      "Language model",
      "Explainability",
      "Visualization"
    ],
    "photo_url": "https://scholar.googleusercontent.com/citations?view_op=view_photo&user=5Ngbf_IAAAAJ&citpid=1"
  },
  "citation_stats": {
    "citations_all": 11979,
    "citations_since_2020": 11956,
    "h_index_all": 17,
    "h_index_since_2020": 16,
    "i10_index_all": 22,
    "i10_index_since_2020": 22,
    "citation_graph": [
      {
        "year": 2021,
        "citations": 37
      },
      {
        "year": 2022,
        "citations": 55
      },
      {
        "year": 2023,
        "citations": 119
      },
      {
        "year": 2024,
        "citations": 1953
      },
      {
        "year": 2025,
        "citations": 9721
      }
    ]
  },
  "papers": [
    {
      "title": "The llama 3 herd of models",
      "url": "https://scholar.google.com/citations?view_op=view_citation&hl=en&user=5Ngbf_IAAAAJ&citation_for_view=5Ngbf_IAAAAJ:YOwf2qJgpHMC",
      "authors": "A Dubey, A Jauhri, A Pandey, A Kadian, A Al-Dahle, A Letman, A Mathur, ...",
      "venue": "arXiv e-prints, arXiv: 2407.21783, 2024",
      "year": 2024,
      "citations": 11376
    },
    {
      "title": "MMPT: Multimodal Prompt Tuning for Zero-shot Instruction Learning",
      "url": "https://scholar.google.com/citations?view_op=view_citation&hl=en&user=5Ngbf_IAAAAJ&citation_for_view=5Ngbf_IAAAAJ:_kc_bZDykSQC",
      "authors": "T Wang, Y Liu, JC Liang, Y Cui, Y Mao, S Nie, J Liu, F Feng, Z Xu, C Han, ...",
      "venue": "EMNLP 2024, 2024",
      "year": 2024,
      "citations": 46
    },
    {
      "title": "The perfect blend: Redefining rlhf with mixture of judges",
      "url": "https://scholar.google.com/citations?view_op=view_citation&hl=en&user=5Ngbf_IAAAAJ&citation_for_view=5Ngbf_IAAAAJ:4TOpqqG69KYC",
      "authors": "T Xu, E Helenowski, KA Sankararaman, D Jin, K Peng, E Han, S Nie, ...",
      "venue": "arXiv preprint arXiv:2409.20370, 2024",
      "year": 2024,
      "citations": 27
    },
    {
      "title": "Unveiling User Satisfaction and Creator Productivity Trade-Offs in Recommendation Platforms",
      "url": "https://scholar.google.com/citations?view_op=view_citation&hl=en&user=5Ngbf_IAAAAJ&citation_for_view=5Ngbf_IAAAAJ:M3ejUd6NZC8C",
      "authors": "F Yao, Y Liao, J Liu, S Nie, Q Wang, H Xu, H Wang",
      "venue": "NeurIPS 2024, 2024",
      "year": 2024,
      "citations": 13
    },
    {
      "title": "APrompt: Attention Prompt Tuning for Efficient Adaptation of Pre-trained Language Models",
      "url": "https://scholar.google.com/citations?view_op=view_citation&hl=en&user=5Ngbf_IAAAAJ&citation_for_view=5Ngbf_IAAAAJ:ULOm3_A8WrAC",
      "authors": "Q Wang, Y Mao, J Wang, H Yu, S Nie, S Wang, F Feng, L Huang, X Quan, ...",
      "venue": "EMNLP 2023, 2023",
      "year": 2023,
      "citations": 49
    },
    {
      "title": "Are Machine Rationales (Not) Useful to Humans? Measuring and Improving Human Utility of Free-Text Rationales",
      "url": "https://scholar.google.com/citations?view_op=view_citation&hl=en&user=5Ngbf_IAAAAJ&citation_for_view=5Ngbf_IAAAAJ:3fE2CSJIrl8C",
      "authors": "B Joshi, Z Liu, S Ramnath, A Chan, Z Tong, S Nie, Q Wang, Y Choi, X Ren",
      "venue": "ACL 2023, 2023",
      "year": 2023,
      "citations": 46
    },
    {
      "title": "MUSTIE: Multimodal Structural Transformer for Web Information Extraction",
      "url": "https://scholar.google.com/citations?view_op=view_citation&hl=en&user=5Ngbf_IAAAAJ&citation_for_view=5Ngbf_IAAAAJ:kNdYIx-mwKoC",
      "authors": "Q Wang, J Wang, X Quan, F Feng, Z Xu, S Nie, S Wang, M Khabsa, ...",
      "venue": "ACL 2023, 2023",
      "year": 2023,
      "citations": 18
    },
    {
      "title": "Unirex: A unified learning framework for language model rationale extraction",
      "url": "https://scholar.google.com/citations?view_op=view_citation&hl=en&user=5Ngbf_IAAAAJ&citation_for_view=5Ngbf_IAAAAJ:UebtZRa9Y70C",
      "authors": "A Chan, M Sanjabi, L Mathias, L Tan, S Nie, X Peng, X Ren, H Firooz",
      "venue": "ICML 2022, 2022",
      "year": 2022,
      "citations": 56
    },
    {
      "title": "Detection, Disambiguation, Re-ranking: Autoregressive Entity Linking as a Multi-Task Problem",
      "url": "https://scholar.google.com/citations?view_op=view_citation&hl=en&user=5Ngbf_IAAAAJ&citation_for_view=5Ngbf_IAAAAJ:YsMSGLbcyi4C",
      "authors": "K Mrini, S Nie, J Gu, S Wang, M Sanjabi, H Firooz",
      "venue": "ACL Findings 2022, 2022",
      "year": 2022,
      "citations": 25
    },
    {
      "title": "Frame: Evaluating simulatability metrics for free-text rationales",
      "url": "https://scholar.google.com/citations?view_op=view_citation&hl=en&user=5Ngbf_IAAAAJ&citation_for_view=5Ngbf_IAAAAJ:u-x6o8ySG0sC",
      "authors": "A Chan, S Nie, L Tan, X Peng, H Firooz, M Sanjabi, X Ren",
      "venue": "EMNLP BlackboxNLP Workshop 2022, 2022",
      "year": 2022,
      "citations": 22
    },
    {
      "title": "Er-test: Evaluating explanation regularization methods for language models",
      "url": "https://scholar.google.com/citations?view_op=view_citation&hl=en&user=5Ngbf_IAAAAJ&citation_for_view=5Ngbf_IAAAAJ:5nxA0vEk-isC",
      "authors": "B Joshi, A Chan, Z Liu, S Nie, M Sanjabi, H Firooz, X Ren",
      "venue": "EMNLP Findings 2022, 2022",
      "year": 2022,
      "citations": 20
    },
    {
      "title": "Findings of the WOAH 5 shared task on fine grained hateful memes detection",
      "url": "https://scholar.google.com/citations?view_op=view_citation&hl=en&user=5Ngbf_IAAAAJ&citation_for_view=5Ngbf_IAAAAJ:Y0pCki6q_DkC",
      "authors": "L Mathias, S Nie, AM Davani, D Kiela, V Prabhakaran, B Vidgen, ...",
      "venue": "ACL WOAH 2021, 2021",
      "year": 2021,
      "citations": 38
    },
    {
      "title": "Barack: Partially supervised group robustness with guarantees",
      "url": "https://scholar.google.com/citations?view_op=view_citation&hl=en&user=5Ngbf_IAAAAJ&citation_for_view=5Ngbf_IAAAAJ:u5HHmVD_uO8C",
      "authors": "NS Sohoni, M Sanjabi, N Ballas, A Grover, S Nie, H Firooz, C Ré",
      "venue": "arXiv preprint, 2021",
      "year": 2021,
      "citations": 30
    },
    {
      "title": "Modality-specific distillation",
      "url": "https://scholar.google.com/citations?view_op=view_citation&hl=en&user=5Ngbf_IAAAAJ&citation_for_view=5Ngbf_IAAAAJ:2osOgNQ5qMEC",
      "authors": "W Jin, M Sanjabi, S Nie, L Tan, X Ren, H Firooz",
      "venue": "ACL MAI Workshop 2021, 2021",
      "year": 2021,
      "citations": 16
    },
    {
      "title": "Visualizing convolutional neural networks",
      "url": "https://scholar.google.com/citations?view_op=view_citation&hl=en&user=5Ngbf_IAAAAJ&citation_for_view=5Ngbf_IAAAAJ:roLk4NBRz8UC",
      "authors": "SP Leeman-Munk, S Sethi, CG Healey, S Nie, K Padia, R Devarajan, ...",
      "venue": "US Patent 10,192,001, 2019",
      "year": 2019,
      "citations": 20
    },
    {
      "title": "Interactive visualizations for a recurrent neural network",
      "url": "https://scholar.google.com/citations?view_op=view_citation&hl=en&user=5Ngbf_IAAAAJ&citation_for_view=5Ngbf_IAAAAJ:WF5omc3nYNoC",
      "authors": "SP Leeman-Munk, S Sethi, CG Healey, S Nie, K Padia, R Devarajan, ...",
      "venue": "US Patent 10,324,983, 2019",
      "year": 2019,
      "citations": 16
    },
    {
      "title": "High resolution face completion with multiple controllable attributes via fully end-to-end progressive generative adversarial networks",
      "url": "https://scholar.google.com/citations?view_op=view_citation&hl=en&user=5Ngbf_IAAAAJ&citation_for_view=5Ngbf_IAAAAJ:IjCSPb-OGe4C",
      "authors": "Z Chen, S Nie, T Wu, CG Healey",
      "venue": "arXiv preprint, 2018",
      "year": 2018,
      "citations": 47
    },
    {
      "title": "Interactive visualizations of a convolutional neural network",
      "url": "https://scholar.google.com/citations?view_op=view_citation&hl=en&user=5Ngbf_IAAAAJ&citation_for_view=5Ngbf_IAAAAJ:eQOLeE2rZwMC",
      "authors": "SP Leeman-Munk, S Sethi, CG Healey, S Nie, K Padia, R Devarajan, ...",
      "venue": "US Patent 10,048,826, 2018",
      "year": 2018,
      "citations": 19
    },
    {
      "title": "Visualizing deep neural networks for text analytics",
      "url": "https://scholar.google.com/citations?view_op=view_citation&hl=en&user=5Ngbf_IAAAAJ&citation_for_view=5Ngbf_IAAAAJ:Tyk-4Ss8FVUC",
      "authors": "S Nie, C Healey, K Padia, S Leeman-Munk, J Benson, D Caira, S Sethi, ...",
      "venue": "PacificVis 2018, 2018",
      "year": 2018,
      "citations": 17
    },
    {
      "title": "Visualizations for electronic narrative analytics",
      "url": "https://scholar.google.com/citations?view_op=view_citation&hl=en&user=5Ngbf_IAAAAJ&citation_for_view=5Ngbf_IAAAAJ:9yKSN-GCB0IC",
      "authors": "R Devarajan, JR Benson, DJ Caira, S Sethi, JA Cox, CG Healey, ...",
      "venue": "US Patent App. 15/177,237, 2016",
      "year": 2016,
      "citations": 19
    }
  ],
  "co_authors": [
    {
      "name": "Christopher G. Healey",
      "scholar_id": "dd1qLRcAAAAJ",
      "url": "https://scholar.google.com/citations?user=dd1qLRcAAAAJ"
    },
    {
      "name": "Kalpesh Padia",
      "scholar_id": "rmd2ndEAAAAJ",
      "url": "https://scholar.google.com/citations?user=rmd2ndEAAAAJ"
    },
    {
      "name": "Tianfu Wu",
      "scholar_id": "V3efzbgAAAAJ",
      "url": "https://scholar.google.com/citations?user=V3efzbgAAAAJ"
    },
    {
      "name": "Zeyuan Chen",
      "scholar_id": "znf-4mgAAAAJ",
      "url": "https://scholar.google.com/citations?user=znf-4mgAAAAJ"
    }
  ]
}