{
  "author_info": {
    "name": "Lu Wang",
    "affiliation": "Associate Professor, Computer Science and Engineering, University of Michigan",
    "email_verified": "Verified email at umich.edu - Homepage",
    "website": "http://web.eecs.umich.edu/~wangluxy/",
    "interests": [
      "Natural Language Processing",
      "Computational Social Science",
      "Machine Learning"
    ],
    "photo_url": "https://scholar.googleusercontent.com/citations?view_op=view_photo&user=uczqEdUAAAAJ&citpid=1"
  },
  "citation_stats": {
    "citations_all": 4662,
    "citations_since_2020": 4123,
    "h_index_all": 38,
    "h_index_since_2020": 33,
    "i10_index_all": 74,
    "i10_index_since_2020": 71,
    "citation_graph": [
      {
        "year": 2014,
        "citations": 17
      },
      {
        "year": 2015,
        "citations": 51
      },
      {
        "year": 2016,
        "citations": 52
      },
      {
        "year": 2017,
        "citations": 80
      },
      {
        "year": 2018,
        "citations": 126
      },
      {
        "year": 2019,
        "citations": 187
      },
      {
        "year": 2020,
        "citations": 270
      },
      {
        "year": 2021,
        "citations": 464
      },
      {
        "year": 2022,
        "citations": 629
      },
      {
        "year": 2023,
        "citations": 731
      },
      {
        "year": 2024,
        "citations": 983
      },
      {
        "year": 2025,
        "citations": 1041
      }
    ]
  },
  "papers": [
    {
      "title": "POLITICS: Pretraining with same-story article comparison for ideology prediction and stance detection",
      "url": "https://scholar.google.com/citations?view_op=view_citation&hl=en&user=uczqEdUAAAAJ&citation_for_view=uczqEdUAAAAJ:zA6iFVUQeVQC",
      "authors": "Y Liu, XF Zhang, D Wegsman, N Beauchamp, L Wang",
      "venue": "Findings of the Association for Computational Linguistics: NAACL 2022, 1354-1374, 2022",
      "year": 2022,
      "citations": 103
    },
    {
      "title": "Efficient Attentions for Long Document Summarization",
      "url": "https://scholar.google.com/citations?view_op=view_citation&hl=en&user=uczqEdUAAAAJ&citation_for_view=uczqEdUAAAAJ:35N4QoGY0k4C",
      "authors": "L Huang, S Cao, N Parulian, H Ji, L Wang",
      "venue": "arXiv preprint arXiv:2104.02112, 2021",
      "year": 2021,
      "citations": 372
    },
    {
      "title": "CLIFF: Contrastive Learning for Improving Faithfulness and Factuality in Abstractive Summarization",
      "url": "https://scholar.google.com/citations?view_op=view_citation&hl=en&user=uczqEdUAAAAJ&citation_for_view=uczqEdUAAAAJ:SeFeTyx0c_EC",
      "authors": "S Cao, L Wang",
      "venue": "arXiv preprint arXiv:2109.09209, 2021",
      "year": 2021,
      "citations": 224
    },
    {
      "title": "Controllable Open-ended Question Generation with A New Question Type Ontology",
      "url": "https://scholar.google.com/citations?view_op=view_citation&hl=en&user=uczqEdUAAAAJ&citation_for_view=uczqEdUAAAAJ:pqnbT2bcN3wC",
      "authors": "S Cao, L Wang",
      "venue": "arXiv preprint arXiv:2107.00152, 2021",
      "year": 2021,
      "citations": 69
    },
    {
      "title": "Knowledge Graph-Augmented Abstractive Summarization with Semantic-Driven Cloze Reward",
      "url": "https://scholar.google.com/citations?view_op=view_citation&hl=en&user=uczqEdUAAAAJ&citation_for_view=uczqEdUAAAAJ:O3NaXMp0MMsC",
      "authors": "L Huang, L Wu, L Wang",
      "venue": "arXiv preprint arXiv:2005.01159, 2020",
      "year": 2020,
      "citations": 215
    },
    {
      "title": "Discourse as a function of event: Profiling discourse structure in news articles around the main event",
      "url": "https://scholar.google.com/citations?view_op=view_citation&hl=en&user=uczqEdUAAAAJ&citation_for_view=uczqEdUAAAAJ:RGFaLdJalmkC",
      "authors": "PK Choubey, A Lee, R Huang, L Wang",
      "venue": "Proceedings of the 58th Annual Meeting of the Association for Computational …, 2020",
      "year": 2020,
      "citations": 83
    },
    {
      "title": "PAIR: Planning and Iterative Refinement in Pre-trained Transformers for Long Text Generation",
      "url": "https://scholar.google.com/citations?view_op=view_citation&hl=en&user=uczqEdUAAAAJ&citation_for_view=uczqEdUAAAAJ:J_g5lzvAfSwC",
      "authors": "X Hua, L Wang",
      "venue": "arXiv preprint arXiv:2010.02301, 2020",
      "year": 2020,
      "citations": 68
    },
    {
      "title": "BIGPATENT: A Large-Scale Dataset for Abstractive and Coherent Summarization",
      "url": "https://scholar.google.com/citations?view_op=view_citation&hl=en&user=uczqEdUAAAAJ&citation_for_view=uczqEdUAAAAJ:maZDTaKrznsC",
      "authors": "E Sharma, C Li, L Wang",
      "venue": "arXiv preprint arXiv:1906.03741, 2019",
      "year": 2019,
      "citations": 319
    },
    {
      "title": "In Plain Sight: Media Bias Through the Lens of Factual Reporting",
      "url": "https://scholar.google.com/citations?view_op=view_citation&hl=en&user=uczqEdUAAAAJ&citation_for_view=uczqEdUAAAAJ:BqipwSGYUEgC",
      "authors": "L Fan, M White, E Sharma, R Su, PK Choubey, R Huang, L Wang",
      "venue": "arXiv preprint arXiv:1909.02670, 2019",
      "year": 2019,
      "citations": 147
    },
    {
      "title": "Neural Keyphrase Generation via Reinforcement Learning with Adaptive Rewards",
      "url": "https://scholar.google.com/citations?view_op=view_citation&hl=en&user=uczqEdUAAAAJ&citation_for_view=uczqEdUAAAAJ:blknAaTinKkC",
      "authors": "HP Chan, W Chen, L Wang, I King",
      "venue": "arXiv preprint arXiv:1906.04106, 2019",
      "year": 2019,
      "citations": 131
    },
    {
      "title": "Argument Mining for Understanding Peer Reviews",
      "url": "https://scholar.google.com/citations?view_op=view_citation&hl=en&user=uczqEdUAAAAJ&citation_for_view=uczqEdUAAAAJ:TFP_iSt0sucC",
      "authors": "X Hua, M Nikolov, N Badugu, L Wang",
      "venue": "arXiv preprint arXiv:1903.10104, 2019",
      "year": 2019,
      "citations": 117
    },
    {
      "title": "Argument Generation with Retrieval, Planning, and Realization",
      "url": "https://scholar.google.com/citations?view_op=view_citation&hl=en&user=uczqEdUAAAAJ&citation_for_view=uczqEdUAAAAJ:k_IJM867U9cC",
      "authors": "X Hua, Z Hu, L Wang",
      "venue": "arXiv preprint arXiv:1906.03717, 2019",
      "year": 2019,
      "citations": 104
    },
    {
      "title": "An Entity-Driven Framework for Abstractive Summarization",
      "url": "https://scholar.google.com/citations?view_op=view_citation&hl=en&user=uczqEdUAAAAJ&citation_for_view=uczqEdUAAAAJ:YFjsv_pBGBYC",
      "authors": "E Sharma, L Huang, Z Hu, L Wang",
      "venue": "arXiv preprint arXiv:1909.02059, 2019",
      "year": 2019,
      "citations": 99
    },
    {
      "title": "Semi-Supervised Learning for Neural Keyphrase Generation",
      "url": "https://scholar.google.com/citations?view_op=view_citation&hl=en&user=uczqEdUAAAAJ&citation_for_view=uczqEdUAAAAJ:iH-uZ7U-co4C",
      "authors": "H Ye, L Wang",
      "venue": "arXiv preprint arXiv:1808.06773, 2018",
      "year": 2018,
      "citations": 121
    },
    {
      "title": "Neural Argument Generation Augmented with Externally Retrieved Evidence",
      "url": "https://scholar.google.com/citations?view_op=view_citation&hl=en&user=uczqEdUAAAAJ&citation_for_view=uczqEdUAAAAJ:4JMBOYKVnBMC",
      "authors": "X Hua, L Wang",
      "venue": "arXiv preprint arXiv:1805.10254, 2018",
      "year": 2018,
      "citations": 84
    },
    {
      "title": "Neural Network-Based Abstract Generation for Opinions and Arguments",
      "url": "https://scholar.google.com/citations?view_op=view_citation&hl=en&user=uczqEdUAAAAJ&citation_for_view=uczqEdUAAAAJ:-f6ydRqryjwC",
      "authors": "L Wang, W Ling",
      "venue": "arXiv preprint arXiv:1606.02785, 2016",
      "year": 2016,
      "citations": 185
    },
    {
      "title": "A Piece of My Mind: A Sentiment Analysis Approach for Online Dispute Detection.",
      "url": "https://scholar.google.com/citations?view_op=view_citation&hl=en&user=uczqEdUAAAAJ&citation_for_view=uczqEdUAAAAJ:u-x6o8ySG0sC",
      "authors": "L Wang, C Cardie",
      "venue": "ACL (2), 693-699, 2014",
      "year": 2014,
      "citations": 70
    },
    {
      "title": "Improving agreement and disagreement identification in online discussions with a socially-tuned sentiment lexicon",
      "url": "https://scholar.google.com/citations?view_op=view_citation&hl=en&user=uczqEdUAAAAJ&citation_for_view=uczqEdUAAAAJ:d1gkVwhDpl0C",
      "authors": "L Wang, C Cardie",
      "venue": "ACL 2014, 97, 2014",
      "year": 2014,
      "citations": 66
    },
    {
      "title": "A Sentence Compression Based Framework to Query-Focused Multi-Document Summarization.",
      "url": "https://scholar.google.com/citations?view_op=view_citation&hl=en&user=uczqEdUAAAAJ&citation_for_view=uczqEdUAAAAJ:2osOgNQ5qMEC",
      "authors": "L Wang, H Raghavan, V Castelli, R Florian, C Cardie",
      "venue": "ACL (1), 1384-1394, 2013",
      "year": 2013,
      "citations": 157
    },
    {
      "title": "Domain-independent abstract generation for focused meeting summarization",
      "url": "https://scholar.google.com/citations?view_op=view_citation&hl=en&user=uczqEdUAAAAJ&citation_for_view=uczqEdUAAAAJ:qjMakFHDy7sC",
      "authors": "L Wang, C Cardie",
      "venue": "Proceedings of the 51st Annual Meeting of the Association for Computational …, 2013",
      "year": 2013,
      "citations": 145
    }
  ],
  "co_authors": [
    {
      "name": "Muhammad Khalifa",
      "scholar_id": "tnmUr30AAAAJ",
      "url": "https://scholar.google.com/citations?user=tnmUr30AAAAJ"
    },
    {
      "name": "Shuyang Cao",
      "scholar_id": "OF3eat8AAAAJ",
      "url": "https://scholar.google.com/citations?user=OF3eat8AAAAJ"
    },
    {
      "name": "Claire Cardie",
      "scholar_id": "ex9BQiIAAAAJ",
      "url": "https://scholar.google.com/citations?user=ex9BQiIAAAAJ"
    },
    {
      "name": "Xinyu Hua",
      "scholar_id": "pwxmh7UAAAAJ",
      "url": "https://scholar.google.com/citations?user=pwxmh7UAAAAJ"
    },
    {
      "name": "Nicholas Beauchamp",
      "scholar_id": "V_9ZK10AAAAJ",
      "url": "https://scholar.google.com/citations?user=V_9ZK10AAAAJ"
    },
    {
      "name": "Honglak Lee",
      "scholar_id": "fmSHtE8AAAAJ",
      "url": "https://scholar.google.com/citations?user=fmSHtE8AAAAJ"
    },
    {
      "name": "Xinliang Frederick Zhang",
      "scholar_id": "-uGCT5QAAAAJ",
      "url": "https://scholar.google.com/citations?user=-uGCT5QAAAAJ"
    },
    {
      "name": "Lajanugen Logeswaran",
      "scholar_id": "dcv4kpIAAAAJ",
      "url": "https://scholar.google.com/citations?user=dcv4kpIAAAAJ"
    },
    {
      "name": "Moontae Lee",
      "scholar_id": "BMvYy9cAAAAJ",
      "url": "https://scholar.google.com/citations?user=BMvYy9cAAAAJ"
    },
    {
      "name": "Luyang Huang",
      "scholar_id": "s0LyQPYAAAAJ",
      "url": "https://scholar.google.com/citations?user=s0LyQPYAAAAJ"
    },
    {
      "name": "Eva Sharma",
      "scholar_id": "hi4Z80sAAAAJ",
      "url": "https://scholar.google.com/citations?user=hi4Z80sAAAAJ"
    },
    {
      "name": "Xin Liu",
      "scholar_id": "AUUYG0QAAAAJ",
      "url": "https://scholar.google.com/citations?user=AUUYG0QAAAAJ"
    },
    {
      "name": "Ruihong Huang",
      "scholar_id": "NU2aHWUAAAAJ",
      "url": "https://scholar.google.com/citations?user=NU2aHWUAAAAJ"
    },
    {
      "name": "Heng Ji",
      "scholar_id": "z7GCqT4AAAAJ",
      "url": "https://scholar.google.com/citations?user=z7GCqT4AAAAJ"
    },
    {
      "name": "Winston Wu",
      "scholar_id": "OtiQrBwAAAAJ",
      "url": "https://scholar.google.com/citations?user=OtiQrBwAAAAJ"
    },
    {
      "name": "Hou Pong Chan",
      "scholar_id": "HCljxf0AAAAJ",
      "url": "https://scholar.google.com/citations?user=HCljxf0AAAAJ"
    },
    {
      "name": "Rada Mihalcea",
      "scholar_id": "UetM7FgAAAAJ",
      "url": "https://scholar.google.com/citations?user=UetM7FgAAAAJ"
    },
    {
      "name": "Yunxiang Zhang",
      "scholar_id": "pbvWlJwAAAAJ",
      "url": "https://scholar.google.com/citations?user=pbvWlJwAAAAJ"
    },
    {
      "name": "Prafulla Kumar Choubey",
      "scholar_id": "k7aMOCsAAAAJ",
      "url": "https://scholar.google.com/citations?user=k7aMOCsAAAAJ"
    },
    {
      "name": "Hema Raghavan",
      "scholar_id": "7fnTHakAAAAJ",
      "url": "https://scholar.google.com/citations?user=7fnTHakAAAAJ"
    }
  ]
}