{
  "author_info": {
    "name": "Haoyu Guo",
    "affiliation": "Shanghai AI Lab",
    "email_verified": "Verified email at pjlab.org.cn",
    "interests": [
      "Computer Vision",
      "3D Vision"
    ],
    "photo_url": "https://scholar.googleusercontent.com/citations?view_op=view_photo&user=56yI64J5Ot8C&citpid=1"
  },
  "citation_stats": {
    "citations_all": 322,
    "citations_since_2020": 322,
    "h_index_all": 6,
    "h_index_since_2020": 6,
    "i10_index_all": 6,
    "i10_index_since_2020": 6,
    "citation_graph": [
      {
        "year": 2022,
        "citations": 11
      },
      {
        "year": 2023,
        "citations": 69
      },
      {
        "year": 2024,
        "citations": 89
      },
      {
        "year": 2025,
        "citations": 152
      }
    ]
  },
  "papers": [
    {
      "title": "Streetcrafter: Street view synthesis with controllable video diffusion models",
      "url": "https://scholar.google.com/citations?view_op=view_citation&hl=en&user=56yI64J5Ot8C&citation_for_view=56yI64J5Ot8C:qjMakFHDy7sC",
      "authors": "Y Yan, Z Xu, H Lin, H Jin, H Guo, Y Wang, K Zhan, X Lang, H Bao, X Zhou, ...",
      "venue": "Proceedings of the Computer Vision and Pattern Recognition Conference, 822-832, 2025",
      "year": 2025,
      "citations": 23
    },
    {
      "title": "Multi-view reconstruction via sfm-guided monocular depth estimation",
      "url": "https://scholar.google.com/citations?view_op=view_citation&hl=en&user=56yI64J5Ot8C&citation_for_view=56yI64J5Ot8C:zYLM7Y9cAGgC",
      "authors": "H Guo, H Zhu, S Peng, H Lin, Y Yan, T Xie, W Wang, X Zhou, H Bao",
      "venue": "Proceedings of the Computer Vision and Pattern Recognition Conference, 5272-5282, 2025",
      "year": 2025,
      "citations": 12
    },
    {
      "title": "WinT3R: Window-Based Streaming Reconstruction with Camera Token Pool",
      "url": "https://scholar.google.com/citations?view_op=view_citation&hl=en&user=56yI64J5Ot8C&citation_for_view=56yI64J5Ot8C:hqOjcs7Dif8C",
      "authors": "Z Li, J Zhou, Y Wang, H Guo, W Chang, Y Zhou, H Zhu, J Chen, C Shen, ...",
      "venue": "arXiv preprint arXiv:2509.05296, 2025",
      "year": 2025,
      "citations": 1
    },
    {
      "title": "Towards Depth Foundation Model: Recent Trends in Vision-Based Depth Estimation",
      "url": "https://scholar.google.com/citations?view_op=view_citation&hl=en&user=56yI64J5Ot8C&citation_for_view=56yI64J5Ot8C:Se3iqnhoufwC",
      "authors": "Z Xu, H Zhou, S Peng, H Lin, H Guo, J Shao, P Yang, Q Yang, S Miao, ...",
      "venue": "arXiv preprint arXiv:2507.11540, 2025",
      "year": 2025,
      "citations": 1
    },
    {
      "title": "Precise action-to-video generation through visual action prompts",
      "url": "https://scholar.google.com/citations?view_op=view_citation&hl=en&user=56yI64J5Ot8C&citation_for_view=56yI64J5Ot8C:UebtZRa9Y70C",
      "authors": "Y Wang, C Wen, H Guo, S Peng, M Qin, H Bao, X Zhou, R Hu",
      "venue": "Proceedings of the IEEE/CVF International Conference on Computer Vision …, 2025",
      "year": 2025,
      "citations": 1
    },
    {
      "title": "BRIDGE--Building Reinforcement-Learning Depth-to-Image Data Generation Engine for Monocular Depth Estimation",
      "url": "https://scholar.google.com/citations?view_op=view_citation&hl=en&user=56yI64J5Ot8C&citation_for_view=56yI64J5Ot8C:5nxA0vEk-isC",
      "authors": "D Liu, H Guo, J Zhou, T He",
      "venue": "arXiv preprint arXiv:2509.25077, 2025",
      "year": 2025,
      "citations": 0
    },
    {
      "title": "OmniWorld: A Multi-Domain and Multi-Modal Dataset for 4D World Modeling",
      "url": "https://scholar.google.com/citations?view_op=view_citation&hl=en&user=56yI64J5Ot8C&citation_for_view=56yI64J5Ot8C:0EnyYjriUFMC",
      "authors": "Y Zhou, Y Wang, J Zhou, W Chang, H Guo, Z Li, K Ma, X Li, Y Wang, ...",
      "venue": "arXiv preprint arXiv:2509.12201, 2025",
      "year": 2025,
      "citations": 0
    },
    {
      "title": "UniRestore3D: A Scalable Framework For General Shape Restoration",
      "url": "https://scholar.google.com/citations?view_op=view_citation&hl=en&user=56yI64J5Ot8C&citation_for_view=56yI64J5Ot8C:IjCSPb-OGe4C",
      "authors": "Y Wang, Y Zhang, S Peng, X He, H Guo, Y Shen, H Bao, X Zhou",
      "venue": "The Thirteenth International Conference on Learning Representations, 2025",
      "year": 2025,
      "citations": 0
    },
    {
      "title": "Sam-guided graph cut for 3d instance segmentation",
      "url": "https://scholar.google.com/citations?view_op=view_citation&hl=en&user=56yI64J5Ot8C&citation_for_view=56yI64J5Ot8C:9yKSN-GCB0IC",
      "authors": "H Guo, H Zhu, S Peng, Y Wang, Y Shen, R Hu, X Zhou",
      "venue": "European Conference on Computer Vision, 234-251, 2024",
      "year": 2024,
      "citations": 31
    },
    {
      "title": "Neural 3d scene reconstruction with indoor planar priors",
      "url": "https://scholar.google.com/citations?view_op=view_citation&hl=en&user=56yI64J5Ot8C&citation_for_view=56yI64J5Ot8C:2osOgNQ5qMEC",
      "authors": "X Zhou, H Guo, S Peng, Y Xiao, H Lin, Q Wang, G Zhang, H Bao",
      "venue": "IEEE Transactions on Pattern Analysis and Machine Intelligence 46 (9), 6355-6366, 2024",
      "year": 2024,
      "citations": 11
    },
    {
      "title": "Real-Time View Synthesis for Large Scenes with Millions of Square Meters",
      "url": "https://scholar.google.com/citations?view_op=view_citation&hl=en&user=56yI64J5Ot8C&citation_for_view=56yI64J5Ot8C:Tyk-4Ss8FVUC",
      "authors": "Q Shuai, H Guo, Z Xu, H Lin, S Peng, H Bao, X Zhou",
      "venue": "arXiv, 2024",
      "year": 2024,
      "citations": 6
    },
    {
      "title": "PlaneStereo: Plane-aware Multi-view Stereo",
      "url": "https://scholar.google.com/citations?view_op=view_citation&hl=en&user=56yI64J5Ot8C&citation_for_view=56yI64J5Ot8C:UeHWp8X0CEIC",
      "authors": "H Guo, S Peng, T Shen, X Zhou",
      "venue": "Machine Intelligence Research 21 (6), 1092-1102, 2024",
      "year": 2024,
      "citations": 1
    },
    {
      "title": "Compact neural volumetric video representations with dynamic codebooks",
      "url": "https://scholar.google.com/citations?view_op=view_citation&hl=en&user=56yI64J5Ot8C&citation_for_view=56yI64J5Ot8C:d1gkVwhDpl0C",
      "authors": "H Guo, S Peng, Y Yan, L Mou, Y Shen, H Bao, X Zhou",
      "venue": "Advances in Neural Information Processing Systems 36, 75884-75895, 2023",
      "year": 2023,
      "citations": 13
    },
    {
      "title": "Neural 3d scene reconstruction with the manhattan-world assumption",
      "url": "https://scholar.google.com/citations?view_op=view_citation&hl=en&user=56yI64J5Ot8C&citation_for_view=56yI64J5Ot8C:u-x6o8ySG0sC",
      "authors": "H Guo, S Peng, H Lin, Q Wang, G Zhang, H Bao, X Zhou",
      "venue": "Proceedings of the IEEE/CVF conference on computer vision and pattern …, 2022",
      "year": 2022,
      "citations": 222
    }
  ],
  "co_authors": [
    {
      "name": "Xiaowei Zhou",
      "scholar_id": "E1vVpg4AAAAJ",
      "url": "https://scholar.google.com/citations?user=E1vVpg4AAAAJ"
    },
    {
      "name": "Sida Peng",
      "scholar_id": "l9NCksYAAAAJ",
      "url": "https://scholar.google.com/citations?user=l9NCksYAAAAJ"
    },
    {
      "name": "Haotong Lin",
      "scholar_id": "uHiT0CYAAAAJ",
      "url": "https://scholar.google.com/citations?user=uHiT0CYAAAAJ"
    },
    {
      "name": "Guofeng Zhang",
      "scholar_id": "F0xfpXAAAAAJ",
      "url": "https://scholar.google.com/citations?user=F0xfpXAAAAAJ"
    },
    {
      "name": "Qianqian Wang",
      "scholar_id": "VdmfIeUAAAAJ",
      "url": "https://scholar.google.com/citations?user=VdmfIeUAAAAJ"
    },
    {
      "name": "Yunzhi Yan",
      "scholar_id": "_kvj3i8AAAAJ",
      "url": "https://scholar.google.com/citations?user=_kvj3i8AAAAJ"
    },
    {
      "name": "Yuang Wang",
      "scholar_id": "uLTRoSsAAAAJ",
      "url": "https://scholar.google.com/citations?user=uLTRoSsAAAAJ"
    },
    {
      "name": "He Zhu",
      "scholar_id": "rI0fhugAAAAJ",
      "url": "https://scholar.google.com/citations?user=rI0fhugAAAAJ"
    }
  ]
}