{
  "author_info": {
    "name": "Jun CEN",
    "affiliation": "Alibaba DAMO Academy; HKUST",
    "email_verified": "Verified email at connect.ust.hk - Homepage",
    "website": "http://cen-jun.com/",
    "interests": [
      "Computer Vision",
      "Embodied AI",
      "MLLM"
    ],
    "photo_url": "https://scholar.googleusercontent.com/citations?view_op=view_photo&user=7SKAhBwAAAAJ&citpid=1"
  },
  "citation_stats": {
    "citations_all": 874,
    "citations_since_2020": 874,
    "h_index_all": 15,
    "h_index_since_2020": 15,
    "i10_index_all": 17,
    "i10_index_since_2020": 17,
    "citation_graph": [
      {
        "year": 2022,
        "citations": 32
      },
      {
        "year": 2023,
        "citations": 115
      },
      {
        "year": 2024,
        "citations": 287
      },
      {
        "year": 2025,
        "citations": 433
      }
    ]
  },
  "papers": [
    {
      "title": "WorldVLA: Towards Autoregressive Action World Model",
      "url": "https://scholar.google.com/citations?view_op=view_citation&hl=en&user=7SKAhBwAAAAJ&citation_for_view=7SKAhBwAAAAJ:RHpTSmoSYBkC",
      "authors": "J Cen, C Yu, H Yuan, Y Jiang, S Huang, J Guo, X Li, Y Song, H Luo, ...",
      "venue": "arXiv preprint arXiv:2506.21539, 2025",
      "year": 2025,
      "citations": 40
    },
    {
      "title": "Generative Artificial Intelligence in Robotic Manipulation: A Survey",
      "url": "https://scholar.google.com/citations?view_op=view_citation&hl=en&user=7SKAhBwAAAAJ&citation_for_view=7SKAhBwAAAAJ:e5wmG9Sq2KIC",
      "authors": "K Zhang, P Yun, J Cen, J Cai, D Zhu, H Yuan, C Zhao, T Feng, MY Wang, ...",
      "venue": "arXiv preprint arXiv:2503.03464, 2025",
      "year": 2025,
      "citations": 22
    },
    {
      "title": "Calib3d: Calibrating model preferences for reliable 3d scene understanding",
      "url": "https://scholar.google.com/citations?view_op=view_citation&hl=en&user=7SKAhBwAAAAJ&citation_for_view=7SKAhBwAAAAJ:qxL8FJ1GzNcC",
      "authors": "L Kong, X Xu, J Cen, W Zhang, L Pan, K Chen, Z Liu",
      "venue": "2025 IEEE/CVF Winter Conference on Applications of Computer Vision (WACV …, 2025",
      "year": 2025,
      "citations": 13
    },
    {
      "title": "Lumos-1: On Autoregressive Video Generation from a Unified Model Perspective",
      "url": "https://scholar.google.com/citations?view_op=view_citation&hl=en&user=7SKAhBwAAAAJ&citation_for_view=7SKAhBwAAAAJ:4JMBOYKVnBMC",
      "authors": "H Yuan, W Chen, J Cen, H Yu, J Liang, S Chang, Z Lin, T Feng, P Liu, ...",
      "venue": "arXiv preprint arXiv:2507.08801, 2025",
      "year": 2025,
      "citations": 9
    },
    {
      "title": "LargeAD: Large-Scale Cross-Sensor Data Pretraining for Autonomous Driving",
      "url": "https://scholar.google.com/citations?view_op=view_citation&hl=en&user=7SKAhBwAAAAJ&citation_for_view=7SKAhBwAAAAJ:TQgYirikUcIC",
      "authors": "L Kong, X Xu, Y Liu, J Cen, R Chen, W Zhang, L Pan, K Chen, Z Liu",
      "venue": "arXiv preprint arXiv:2501.04005, 2025",
      "year": 2025,
      "citations": 7
    },
    {
      "title": "Consistent Prompting for Rehearsal-Free Continual Learning",
      "url": "https://scholar.google.com/citations?view_op=view_citation&hl=en&user=7SKAhBwAAAAJ&citation_for_view=7SKAhBwAAAAJ:4TOpqqG69KYC",
      "authors": "Z Gao, J Cen, X Chang",
      "venue": "Computer Vision and Pattern Recognition (CVPR), 2024",
      "year": 2024,
      "citations": 60
    },
    {
      "title": "Using Left and Right Brains Together: Towards Vision and Language Planning",
      "url": "https://scholar.google.com/citations?view_op=view_citation&hl=en&user=7SKAhBwAAAAJ&citation_for_view=7SKAhBwAAAAJ:_kc_bZDykSQC",
      "authors": "J Cen, C Wu, X Liu, S Yin, Y Pei, J Yang, Q Chen, N Duan, J Zhang",
      "venue": "International Conference on Machine Learning (ICML), 2024",
      "year": 2024,
      "citations": 9
    },
    {
      "title": "Segment Any Point Cloud Sequences by Distilling Vision Foundation Models",
      "url": "https://scholar.google.com/citations?view_op=view_citation&hl=en&user=7SKAhBwAAAAJ&citation_for_view=7SKAhBwAAAAJ:UebtZRa9Y70C",
      "authors": "Y Liu, L Kong, J Cen, R Chen, W Zhang, L Pan, K Chen, Z Liu",
      "venue": "Conference on Neural Information Processing Systems (NeurIPS), 2023",
      "year": 2023,
      "citations": 168
    },
    {
      "title": "CLIP-guided Prototype Modulating for Few-shot Action Recognition",
      "url": "https://scholar.google.com/citations?view_op=view_citation&hl=en&user=7SKAhBwAAAAJ&citation_for_view=7SKAhBwAAAAJ:_FxGoFyzp5QC",
      "authors": "X Wang, S Zhang, J Cen, C Gao, Y Zhang, D Zhao, N Sang",
      "venue": "International Journal of Computer Vision (IJCV), 2023",
      "year": 2023,
      "citations": 99
    },
    {
      "title": "The Devil is in the Wrongly-classified Samples: Towards Unified Open-set Recognition",
      "url": "https://scholar.google.com/citations?view_op=view_citation&hl=en&user=7SKAhBwAAAAJ&citation_for_view=7SKAhBwAAAAJ:ufrVoPGSRksC",
      "authors": "J Cen, D Luan, S Zhang, Y Pei, Y Zhang, D Zhao, S Shen, Q Chen",
      "venue": "International Conference on Learning Representations (ICLR), 2023",
      "year": 2023,
      "citations": 38
    },
    {
      "title": "SAD: segment any RGBD",
      "url": "https://scholar.google.com/citations?view_op=view_citation&hl=en&user=7SKAhBwAAAAJ&citation_for_view=7SKAhBwAAAAJ:ZeXyd9-uunAC",
      "authors": "J Cen, Y Wu, K Wang, X Li, J Yang, Y Pei, L Kong, Z Liu, Q Chen",
      "venue": "arXiv preprint arXiv:2305.14207, 2023",
      "year": 2023,
      "citations": 31
    },
    {
      "title": "4D Panoptic Scene Graph Generation",
      "url": "https://scholar.google.com/citations?view_op=view_citation&hl=en&user=7SKAhBwAAAAJ&citation_for_view=7SKAhBwAAAAJ:3fE2CSJIrl8C",
      "authors": "J Yang, CEN Jun, W Peng, S Liu, F Hong, X Li, K Zhou, Q Chen, Z Liu",
      "venue": "Conference on Neural Information Processing Systems (NeurIPS), 2023",
      "year": 2023,
      "citations": 29
    },
    {
      "title": "CMDFusion: Bidirectional Fusion Network with Cross-modality Knowledge Distillation for LIDAR Semantic Segmentation",
      "url": "https://scholar.google.com/citations?view_op=view_citation&hl=en&user=7SKAhBwAAAAJ&citation_for_view=7SKAhBwAAAAJ:8k81kl-MbHgC",
      "authors": "J Cen, S Zhang, Y Pei, K Li, H Zheng, M Luo, Y Zhang, Q Chen",
      "venue": "IEEE Robotics and Automation Letters (R-AL), 2023",
      "year": 2023,
      "citations": 20
    },
    {
      "title": "Enlarging Instance-specific and Class-specific Information for Open-set Action Recognition",
      "url": "https://scholar.google.com/citations?view_op=view_citation&hl=en&user=7SKAhBwAAAAJ&citation_for_view=7SKAhBwAAAAJ:roLk4NBRz8UC",
      "authors": "J Cen, S Zhang, X Wang, Y Pei, Z Qing, Y Zhang, Q Chen",
      "venue": "Computer Vision and Pattern Recognition (CVPR), 2023",
      "year": 2023,
      "citations": 14
    },
    {
      "title": "Open-world Semantic Segmentation for LIDAR Point Clouds",
      "url": "https://scholar.google.com/citations?view_op=view_citation&hl=en&user=7SKAhBwAAAAJ&citation_for_view=7SKAhBwAAAAJ:YsMSGLbcyi4C",
      "authors": "J Cen, P Yun, S Zhang, J Cai, D Luan, MY Wang, M Liu, M Tang",
      "venue": "European Conference on Computer Vision (ECCV), 2022",
      "year": 2022,
      "citations": 46
    },
    {
      "title": "Real-Time Collision-Free Grasp Pose Detection With Geometry-Aware Refinement Using High-Resolution Volume",
      "url": "https://scholar.google.com/citations?view_op=view_citation&hl=en&user=7SKAhBwAAAAJ&citation_for_view=7SKAhBwAAAAJ:W7OEmFMy1HYC",
      "authors": "J Cai, J Cen, H Wang, MY Wang",
      "venue": "IEEE Robotics and Automation Letters (R-AL), 2022",
      "year": 2022,
      "citations": 31
    },
    {
      "title": "Learning a Condensed Frame for Memory-Efficient Video Class-Incremental Learning",
      "url": "https://scholar.google.com/citations?view_op=view_citation&hl=en&user=7SKAhBwAAAAJ&citation_for_view=7SKAhBwAAAAJ:eQOLeE2rZwMC",
      "authors": "Y Pei, Z Qing, J Cen, X Wang, S Zhang, Y Wang, M Tang, N Sang, X Qian",
      "venue": "Conference on Neural Information Processing Systems (NeurIPS), 2022",
      "year": 2022,
      "citations": 26
    },
    {
      "title": "Deep Metric Learning for Open World Semantic Segmentation",
      "url": "https://scholar.google.com/citations?view_op=view_citation&hl=en&user=7SKAhBwAAAAJ&citation_for_view=7SKAhBwAAAAJ:9yKSN-GCB0IC",
      "authors": "J Cen, P Yun, J Cai, MY Wang, M Liu",
      "venue": "International Conference on Computer Vision (ICCV), 2021",
      "year": 2021,
      "citations": 113
    },
    {
      "title": "Open-set 3D Object Detection",
      "url": "https://scholar.google.com/citations?view_op=view_citation&hl=en&user=7SKAhBwAAAAJ&citation_for_view=7SKAhBwAAAAJ:Tyk-4Ss8FVUC",
      "authors": "J Cen, P Yun, J Cai, MY Wang, M Liu",
      "venue": "International Conference on 3D Vision (3DV), 2021",
      "year": 2021,
      "citations": 41
    },
    {
      "title": "Borm: Bayesian object relation model for indoor scene recognition",
      "url": "https://scholar.google.com/citations?view_op=view_citation&hl=en&user=7SKAhBwAAAAJ&citation_for_view=7SKAhBwAAAAJ:Y0pCki6q_DkC",
      "authors": "L Zhou, J Cen, X Wang, Z Sun, TL Lam, Y Xu",
      "venue": "International Conference on Intelligent Robots and Systems (IROS), 2021",
      "year": 2021,
      "citations": 26
    }
  ],
  "co_authors": [
    {
      "name": "Qifeng Chen",
      "scholar_id": "lLMX9hcAAAAJ",
      "url": "https://scholar.google.com/citations?user=lLMX9hcAAAAJ"
    },
    {
      "name": "Ziwei Liu",
      "scholar_id": "lc45xlcAAAAJ",
      "url": "https://scholar.google.com/citations?user=lc45xlcAAAAJ"
    },
    {
      "name": "Junhao Cai",
      "scholar_id": "GeSCNR4AAAAJ",
      "url": "https://scholar.google.com/citations?user=GeSCNR4AAAAJ"
    },
    {
      "name": "Michael Yu Wang",
      "scholar_id": "Oo7c22wAAAAJ",
      "url": "https://scholar.google.com/citations?user=Oo7c22wAAAAJ"
    },
    {
      "name": "Peng Yun",
      "scholar_id": "alRGtgwAAAAJ",
      "url": "https://scholar.google.com/citations?user=alRGtgwAAAAJ"
    },
    {
      "name": "Shiwei Zhang",
      "scholar_id": "ZO3OQ-8AAAAJ",
      "url": "https://scholar.google.com/citations?user=ZO3OQ-8AAAAJ"
    },
    {
      "name": "Deli Zhao",
      "scholar_id": "7LhjCn0AAAAJ",
      "url": "https://scholar.google.com/citations?user=7LhjCn0AAAAJ"
    },
    {
      "name": "Lingdong Kong",
      "scholar_id": "-j1j7TkAAAAJ",
      "url": "https://scholar.google.com/citations?user=-j1j7TkAAAAJ"
    },
    {
      "name": "Youquan Liu",
      "scholar_id": "J9a48hMAAAAJ",
      "url": "https://scholar.google.com/citations?user=J9a48hMAAAAJ"
    },
    {
      "name": "Hangjie Yuan",
      "scholar_id": "jQ3bFDMAAAAJ",
      "url": "https://scholar.google.com/citations?user=jQ3bFDMAAAAJ"
    },
    {
      "name": "Xiang Wang  (王翔)",
      "scholar_id": "cQbXvkcAAAAJ",
      "url": "https://scholar.google.com/citations?user=cQbXvkcAAAAJ"
    },
    {
      "name": "Liang Pan",
      "scholar_id": "lSDISOcAAAAJ",
      "url": "https://scholar.google.com/citations?user=lSDISOcAAAAJ"
    },
    {
      "name": "Yizheng Wu",
      "scholar_id": "0_iF4jMAAAAJ",
      "url": "https://scholar.google.com/citations?user=0_iF4jMAAAAJ"
    },
    {
      "name": "Kewei Wang",
      "scholar_id": "fW7pUGMAAAAJ",
      "url": "https://scholar.google.com/citations?user=fW7pUGMAAAAJ"
    },
    {
      "name": "Xingyi Li",
      "scholar_id": "XDKQsvUAAAAJ",
      "url": "https://scholar.google.com/citations?user=XDKQsvUAAAAJ"
    },
    {
      "name": "Jingkang Yang",
      "scholar_id": "S-YjbUYAAAAJ",
      "url": "https://scholar.google.com/citations?user=S-YjbUYAAAAJ"
    },
    {
      "name": "Fan Wang",
      "scholar_id": "WCRGTHsAAAAJ",
      "url": "https://scholar.google.com/citations?user=WCRGTHsAAAAJ"
    },
    {
      "name": "Siteng Huang",
      "scholar_id": "mhpkWSYAAAAJ",
      "url": "https://scholar.google.com/citations?user=mhpkWSYAAAAJ"
    },
    {
      "name": "Jiayan Guo",
      "scholar_id": "M-AFBG4AAAAJ",
      "url": "https://scholar.google.com/citations?user=M-AFBG4AAAAJ"
    },
    {
      "name": "Hao Luo",
      "scholar_id": "7QvWnzMAAAAJ",
      "url": "https://scholar.google.com/citations?user=7QvWnzMAAAAJ"
    }
  ]
}