{
  "author_info": {
    "name": "Evgeniia Razumovskaia",
    "affiliation": "Google DeepMind",
    "email_verified": "Verified email at google.com - Homepage",
    "website": "https://evgeniiaraz.github.io/",
    "interests": [
      "natural language processing"
    ],
    "photo_url": "https://scholar.googleusercontent.com/citations?view_op=view_photo&user=grFuVx0AAAAJ&citpid=1"
  },
  "citation_stats": {
    "citations_all": 319,
    "citations_since_2020": 306,
    "h_index_all": 10,
    "h_index_since_2020": 9,
    "i10_index_all": 10,
    "i10_index_since_2020": 9,
    "citation_graph": [
      {
        "year": 2016,
        "citations": 3
      },
      {
        "year": 2017,
        "citations": 1
      },
      {
        "year": 2018,
        "citations": 1
      },
      {
        "year": 2019,
        "citations": 8
      },
      {
        "year": 2020,
        "citations": 27
      },
      {
        "year": 2021,
        "citations": 25
      },
      {
        "year": 2022,
        "citations": 65
      },
      {
        "year": 2023,
        "citations": 55
      },
      {
        "year": 2024,
        "citations": 78
      },
      {
        "year": 2025,
        "citations": 55
      }
    ]
  },
  "papers": [
    {
      "title": "Analyzing and adapting large language models for few-shot multilingual nlu: Are we there yet?",
      "url": "https://scholar.google.com/citations?view_op=view_citation&hl=en&user=grFuVx0AAAAJ&citation_for_view=grFuVx0AAAAJ:KlAtU1dfN6UC",
      "authors": "E Razumovskaia, I Vulić, A Korhonen",
      "venue": "Transactions of the Association for Computational Linguistics 13, 1096-1120, 2025",
      "year": 2025,
      "citations": 11
    },
    {
      "title": "Little red riding hood goes around the globe: Crosslingual story planning and generation with large language models",
      "url": "https://scholar.google.com/citations?view_op=view_citation&hl=en&user=grFuVx0AAAAJ&citation_for_view=grFuVx0AAAAJ:UebtZRa9Y70C",
      "authors": "E Razumovskaia, J Maynez, A Louis, M Lapata, S Narayan",
      "venue": "Proceedings of the 2024 Joint International Conference on Computational …, 2024",
      "year": 2024,
      "citations": 10
    },
    {
      "title": "SQATIN: Supervised instruction tuning meets question answering for improved dialogue NLU",
      "url": "https://scholar.google.com/citations?view_op=view_citation&hl=en&user=grFuVx0AAAAJ&citation_for_view=grFuVx0AAAAJ:kNdYIx-mwKoC",
      "authors": "E Razumovskaia, G Glavaš, A Korhonen, I Vulić",
      "venue": "Proceedings of the 2024 Conference of the North American Chapter of the …, 2024",
      "year": 2024,
      "citations": 6
    },
    {
      "title": "Advancing Language Equity and Sample Efficiency in Task-Oriented Dialogue Systems",
      "url": "https://scholar.google.com/citations?view_op=view_citation&hl=en&user=grFuVx0AAAAJ&citation_for_view=grFuVx0AAAAJ:ULOm3_A8WrAC",
      "authors": "E Razumovskaia",
      "venue": "PQDT-Global, 2024",
      "year": 2024,
      "citations": 0
    },
    {
      "title": "Cross-lingual dialogue dataset creation via outline-based generation",
      "url": "https://scholar.google.com/citations?view_op=view_citation&hl=en&user=grFuVx0AAAAJ&citation_for_view=grFuVx0AAAAJ:WF5omc3nYNoC",
      "authors": "O Majewska, E Razumovskaia, EM Ponti, I Vulić, A Korhonen",
      "venue": "Transactions of the Association for Computational Linguistics 11, 139-156, 2023",
      "year": 2023,
      "citations": 27
    },
    {
      "title": "Multi3NLU++: A multilingual, multi-intent, multi-domain dataset for natural language understanding in task-oriented dialogue",
      "url": "https://scholar.google.com/citations?view_op=view_citation&hl=en&user=grFuVx0AAAAJ&citation_for_view=grFuVx0AAAAJ:hqOjcs7Dif8C",
      "authors": "N Moghe, E Razumovskaia, L Guillou, I Vulić, A Korhonen, A Birch",
      "venue": "Findings of the Association for Computational Linguistics: ACL 2023, 3732-3755, 2023",
      "year": 2023,
      "citations": 26
    },
    {
      "title": "$\\textit {Dial BeInfo for Faithfulness} $: Improving Factuality of Information-Seeking Dialogue via Behavioural Fine-Tuning",
      "url": "https://scholar.google.com/citations?view_op=view_citation&hl=en&user=grFuVx0AAAAJ&citation_for_view=grFuVx0AAAAJ:3fE2CSJIrl8C",
      "authors": "E Razumovskaia, I Vulić, P Marković, T Cichy, Q Zheng, TH Wen, ...",
      "venue": "arXiv preprint arXiv:2311.09800, 2023",
      "year": 2023,
      "citations": 9
    },
    {
      "title": "Transfer-free data-efficient multilingual slot labeling",
      "url": "https://scholar.google.com/citations?view_op=view_citation&hl=en&user=grFuVx0AAAAJ&citation_for_view=grFuVx0AAAAJ:5nxA0vEk-isC",
      "authors": "E Razumovskaia, I Vulić, A Korhonen",
      "venue": "arXiv preprint arXiv:2305.13528, 2023",
      "year": 2023,
      "citations": 2
    },
    {
      "title": "Crossing the conversational chasm: A primer on natural language processing for multilingual task-oriented dialogue systems",
      "url": "https://scholar.google.com/citations?view_op=view_citation&hl=en&user=grFuVx0AAAAJ&citation_for_view=grFuVx0AAAAJ:eQOLeE2rZwMC",
      "authors": "E Razumovskaia, G Glavas, O Majewska, EM Ponti, A Korhonen, I Vulic",
      "venue": "Journal of Artificial Intelligence Research 74, 1351-1402, 2022",
      "year": 2022,
      "citations": 52
    },
    {
      "title": "Natural language processing for multilingual task-oriented dialogue",
      "url": "https://scholar.google.com/citations?view_op=view_citation&hl=en&user=grFuVx0AAAAJ&citation_for_view=grFuVx0AAAAJ:roLk4NBRz8UC",
      "authors": "E Razumovskaia, G Glavaš, O Majewska, E Ponti, I Vulić",
      "venue": "Proceedings of the 60th Annual Meeting of the Association for Computational …, 2022",
      "year": 2022,
      "citations": 13
    },
    {
      "title": "Data augmentation and learned layer aggregation for improved multilingual language understanding in dialogue",
      "url": "https://scholar.google.com/citations?view_op=view_citation&hl=en&user=grFuVx0AAAAJ&citation_for_view=grFuVx0AAAAJ:LkGwnXOMwfcC",
      "authors": "E Razumovskaia, I Vulić, A Korhonen",
      "venue": "Findings of the Association for Computational Linguistics: ACL 2022, 2017-2033, 2022",
      "year": 2022,
      "citations": 7
    },
    {
      "title": "Crossing the conversational chasm: A primer on multilingual task-oriented dialogue systems",
      "url": "https://scholar.google.com/citations?view_op=view_citation&hl=en&user=grFuVx0AAAAJ&citation_for_view=grFuVx0AAAAJ:Tyk-4Ss8FVUC",
      "authors": "E Razumovskaia, G Glavaš, O Majewska, A Korhonen, I Vulic",
      "venue": "arXiv preprint arXiv:2104.08570, 2021",
      "year": 2021,
      "citations": 26
    },
    {
      "title": "Pretraining methods for dialog context representation learning",
      "url": "https://scholar.google.com/citations?view_op=view_citation&hl=en&user=grFuVx0AAAAJ&citation_for_view=grFuVx0AAAAJ:W7OEmFMy1HYC",
      "authors": "S Mehri, E Razumovskaia, T Zhao, M Eskenazi",
      "venue": "arXiv preprint arXiv:1906.00414, 2019",
      "year": 2019,
      "citations": 100
    },
    {
      "title": "Beyond turing: Intelligent agents centered on the user",
      "url": "https://scholar.google.com/citations?view_op=view_citation&hl=en&user=grFuVx0AAAAJ&citation_for_view=grFuVx0AAAAJ:YsMSGLbcyi4C",
      "authors": "M Eskenazi, S Mehri, E Razumovskaia, T Zhao",
      "venue": "arXiv preprint arXiv:1901.06613, 2019",
      "year": 2019,
      "citations": 13
    },
    {
      "title": "Incorporating rules into end-to-end dialog systems",
      "url": "https://scholar.google.com/citations?view_op=view_citation&hl=en&user=grFuVx0AAAAJ&citation_for_view=grFuVx0AAAAJ:zYLM7Y9cAGgC",
      "authors": "E Razumovskaia, M Eskenazi",
      "venue": "Proc. 3rd NeurIPS Workshop on Conversational AI, Vancouver, Canada, 1-11, 2019",
      "year": 2019,
      "citations": 4
    },
    {
      "title": "Evaluation of difficulty and complexity of tasks: casestudy of international on-line competition ‘‘beaver’’",
      "url": "https://scholar.google.com/citations?view_op=view_citation&hl=en&user=grFuVx0AAAAJ&citation_for_view=grFuVx0AAAAJ:IjCSPb-OGe4C",
      "authors": "E Yagunova, S Pozdniakov, N Ryzhova, E Razumovskaia, N Korovkin",
      "venue": "The International journal of engineering education 32 (3), 1141-1150, 2016",
      "year": 2016,
      "citations": 2
    },
    {
      "title": "Tasks classification and age differences in task perception: Case study of international on-line competition “Beaver”",
      "url": "https://scholar.google.com/citations?view_op=view_citation&hl=en&user=grFuVx0AAAAJ&citation_for_view=grFuVx0AAAAJ:Y0pCki6q_DkC",
      "authors": "E Yagunova, S Podznyakov, N Ryzhova, E Razumovskaia, N Korovkin",
      "venue": "Proc. of the 8th ISSEP Conf, 33-43, 2015",
      "year": 2015,
      "citations": 11
    }
  ],
  "co_authors": []
}