{
  "author_info": {
    "name": "Pham Xuan Trung",
    "affiliation": "KAIST",
    "email_verified": "Verified email at kaist.ac.kr - Homepage",
    "website": "https://trungpx.github.io/",
    "interests": [
      "Artificial Intelligence",
      "Deep Learning",
      "Computer Vision",
      "Explainable AI",
      "NLP & Audio Processing"
    ],
    "photo_url": "https://scholar.googleusercontent.com/citations?view_op=view_photo&user=4DkPIIAAAAAJ&citpid=24"
  },
  "citation_stats": {
    "citations_all": 1509,
    "citations_since_2020": 1467,
    "h_index_all": 14,
    "h_index_since_2020": 14,
    "i10_index_all": 17,
    "i10_index_since_2020": 17,
    "citation_graph": [
      {
        "year": 2018,
        "citations": 8
      },
      {
        "year": 2019,
        "citations": 30
      },
      {
        "year": 2020,
        "citations": 72
      },
      {
        "year": 2021,
        "citations": 152
      },
      {
        "year": 2022,
        "citations": 208
      },
      {
        "year": 2023,
        "citations": 279
      },
      {
        "year": 2024,
        "citations": 364
      },
      {
        "year": 2025,
        "citations": 388
      }
    ]
  },
  "papers": [
    {
      "title": "ACDMSR: Accelerated conditional diffusion models for single image super-resolution",
      "url": "https://scholar.google.com/citations?view_op=view_citation&hl=en&user=4DkPIIAAAAAJ&citation_for_view=4DkPIIAAAAAJ:4DMP91E08xMC",
      "authors": "A Niu, TX Pham, K Zhang, J Sun, Y Zhu, Q Yan, IS Kweon, Y Zhang",
      "venue": "IEEE Transactions on Broadcasting 70 (2), 492-504, 2024",
      "year": 2024,
      "citations": 63
    },
    {
      "title": "Learning from multi-perception features for real-word image super-resolution",
      "url": "https://scholar.google.com/citations?view_op=view_citation&hl=en&user=4DkPIIAAAAAJ&citation_for_view=4DkPIIAAAAAJ:qxL8FJ1GzNcC",
      "authors": "A Niu, K Zhang, TX Pham, P Wang, J Sun, IS Kweon, Y Zhang",
      "venue": "IEEE Transactions on Circuits and Systems for Video Technology, 2024",
      "year": 2024,
      "citations": 10
    },
    {
      "title": "Cross-view Masked Diffusion Transformers for Person Image Synthesis",
      "url": "https://scholar.google.com/citations?view_op=view_citation&hl=en&user=4DkPIIAAAAAJ&citation_for_view=4DkPIIAAAAAJ:IWHjjKOFINEC",
      "authors": "TX Pham*, Z Kang*, CD Yoo",
      "venue": "ICML 2024, 2024",
      "year": 2024,
      "citations": 9
    },
    {
      "title": "Cdpmsr: Conditional diffusion probabilistic models for single image super-resolution",
      "url": "https://scholar.google.com/citations?view_op=view_citation&hl=en&user=4DkPIIAAAAAJ&citation_for_view=4DkPIIAAAAAJ:M3ejUd6NZC8C",
      "authors": "A Niu, K Zhang, TX Pham, J Sun, Y Zhu, IS Kweon, Y Zhang",
      "venue": "arXiv preprint arXiv:2302.12831, 2023",
      "year": 2023,
      "citations": 39
    },
    {
      "title": "Self-supervised visual representation learning via residual momentum",
      "url": "https://scholar.google.com/citations?view_op=view_citation&hl=en&user=4DkPIIAAAAAJ&citation_for_view=4DkPIIAAAAAJ:mVmsd5A6BfQC",
      "authors": "TX Pham, A Niu, K Zhang, TJT Jin, JW Hong, CD Yoo",
      "venue": "IEEE Access 11, 116706-116720, 2023",
      "year": 2023,
      "citations": 11
    },
    {
      "title": "DimCL: Dimensional Contrastive Learning for Improving Self-Supervised Learning",
      "url": "https://scholar.google.com/citations?view_op=view_citation&hl=en&user=4DkPIIAAAAAJ&citation_for_view=4DkPIIAAAAAJ:_kc_bZDykSQC",
      "authors": "T Nguyen*, TX Pham*, C Zhang, TM Luu, T Vu, CD Yoo",
      "venue": "IEEE Access 11, 21534-21545, 2023",
      "year": 2023,
      "citations": 11
    },
    {
      "title": "How does simsiam avoid collapse without negative samples? a unified understanding with self-supervised contrastive learning",
      "url": "https://scholar.google.com/citations?view_op=view_citation&hl=en&user=4DkPIIAAAAAJ&citation_for_view=4DkPIIAAAAAJ:8k81kl-MbHgC",
      "authors": "C Zhang, K Zhang, C Zhang, TX Pham, CD Yoo, IS Kweon",
      "venue": "ICLR 2022, 2022",
      "year": 2022,
      "citations": 117
    },
    {
      "title": "Dual temperature helps contrastive learning without many negative samples: Towards understanding and simplifying moco",
      "url": "https://scholar.google.com/citations?view_op=view_citation&hl=en&user=4DkPIIAAAAAJ&citation_for_view=4DkPIIAAAAAJ:kNdYIx-mwKoC",
      "authors": "C Zhang*, K Zhang*, TX Pham*, A Niu, Z Qiao, CD Yoo, IS Kweon",
      "venue": "CVPR 2022, 2022",
      "year": 2022,
      "citations": 73
    },
    {
      "title": "Deep learning-based noise robust flexible piezoelectric acoustic sensors for speech processing",
      "url": "https://scholar.google.com/citations?view_op=view_citation&hl=en&user=4DkPIIAAAAAJ&citation_for_view=4DkPIIAAAAAJ:_FxGoFyzp5QC",
      "authors": "YH Jung*, TX Pham*, D Issa, HS Wang, JH Lee, M Chung, BY Lee, G Kim, ...",
      "venue": "Nano Energy 101, 107610, 2022",
      "year": 2022,
      "citations": 63
    },
    {
      "title": "On the pros and cons of momentum encoder in self-supervised visual representation learning",
      "url": "https://scholar.google.com/citations?view_op=view_citation&hl=en&user=4DkPIIAAAAAJ&citation_for_view=4DkPIIAAAAAJ:Zph67rFs4hoC",
      "authors": "TX Pham, C Zhang, A Niu, K Zhang, CD Yoo",
      "venue": "arXiv preprint arXiv:2208.05744, 2022",
      "year": 2022,
      "citations": 16
    },
    {
      "title": "Lad: A hybrid deep learning system for benign paroxysmal positional vertigo disorders diagnostic",
      "url": "https://scholar.google.com/citations?view_op=view_citation&hl=en&user=4DkPIIAAAAAJ&citation_for_view=4DkPIIAAAAAJ:ULOm3_A8WrAC",
      "authors": "TX Pham*, JW Choi*, RJL Mina, TX Nguyen, SR Madjid, CD Yoo",
      "venue": "IEEE Access 10, 113995-114007, 2022",
      "year": 2022,
      "citations": 14
    },
    {
      "title": "Robust MAML: Prioritization task buffer with adaptive learning process for model-agnostic meta-learning",
      "url": "https://scholar.google.com/citations?view_op=view_citation&hl=en&user=4DkPIIAAAAAJ&citation_for_view=4DkPIIAAAAAJ:YsMSGLbcyi4C",
      "authors": "T Nguyen, T Luu, T Pham, S Rakhimkul, CD Yoo",
      "venue": "ICASSP 2021-2021 IEEE International Conference on Acoustics, Speech and …, 2021",
      "year": 2021,
      "citations": 25
    },
    {
      "title": "Self-supervised Learning with Local Attention-Aware Feature",
      "url": "https://scholar.google.com/citations?view_op=view_citation&hl=en&user=4DkPIIAAAAAJ&citation_for_view=4DkPIIAAAAAJ:eQOLeE2rZwMC",
      "authors": "TX Pham, RJL Mina, D Issa, CD Yoo",
      "venue": "arXiv preprint arXiv: 2108.00475, 2021",
      "year": 2021,
      "citations": 7
    },
    {
      "title": "Flexible piezoelectric acoustic sensors and machine learning for speech processing",
      "url": "https://scholar.google.com/citations?view_op=view_citation&hl=en&user=4DkPIIAAAAAJ&citation_for_view=4DkPIIAAAAAJ:IjCSPb-OGe4C",
      "authors": "YH Jung, SK Hong, HS Wang, JH Han, TX Pham, H Park, J Kim, S Kang, ...",
      "venue": "Advanced Materials 32 (35), 1904020, 2020",
      "year": 2020,
      "citations": 354
    },
    {
      "title": "Modality shifting attention network for multi-modal video question answering",
      "url": "https://scholar.google.com/citations?view_op=view_citation&hl=en&user=4DkPIIAAAAAJ&citation_for_view=4DkPIIAAAAAJ:Tyk-4Ss8FVUC",
      "authors": "J Kim, M Ma, T Pham, K Kim, CD Yoo",
      "venue": "CVPR 2020, 2020",
      "year": 2020,
      "citations": 106
    },
    {
      "title": "Learning augmentation network via influence functions",
      "url": "https://scholar.google.com/citations?view_op=view_citation&hl=en&user=4DkPIIAAAAAJ&citation_for_view=4DkPIIAAAAAJ:zYLM7Y9cAGgC",
      "authors": "D Lee, H Park, T Pham, CD Yoo",
      "venue": "CVPR 2020, 2020",
      "year": 2020,
      "citations": 45
    },
    {
      "title": "Speech recognition: Flexible piezoelectric acoustic sensors and machine learning for speech processing (Adv. Mater. 35/2020)",
      "url": "https://scholar.google.com/citations?view_op=view_citation&hl=en&user=4DkPIIAAAAAJ&citation_for_view=4DkPIIAAAAAJ:Y0pCki6q_DkC",
      "authors": "YH Jung, SK Hong, HS Wang, JH Han, TX Pham, H Park, J Kim, S Kang, ...",
      "venue": "Advanced Materials 32 (35), 2070259, 2020",
      "year": 2020,
      "citations": 7
    },
    {
      "title": "Cascade RPN: Delving into high-quality region proposal network with adaptive convolution",
      "url": "https://scholar.google.com/citations?view_op=view_citation&hl=en&user=4DkPIIAAAAAJ&citation_for_view=4DkPIIAAAAAJ:WF5omc3nYNoC",
      "authors": "T Vu, H Jang, TX Pham, C Yoo",
      "venue": "NeurIPS 2019, 2019",
      "year": 2019,
      "citations": 237
    },
    {
      "title": "Pirm challenge on perceptual image enhancement on smartphones: Report",
      "url": "https://scholar.google.com/citations?view_op=view_citation&hl=en&user=4DkPIIAAAAAJ&citation_for_view=4DkPIIAAAAAJ:2osOgNQ5qMEC",
      "authors": "A Ignatov, R Timofte, T Van Vu, T Minh Luu, T X Pham, C Van Nguyen, ...",
      "venue": "ECCV 2018 Workshops, 2018",
      "year": 2018,
      "citations": 174
    },
    {
      "title": "Fast and efficient image quality enhancement via desubpixel convolutional neural networks",
      "url": "https://scholar.google.com/citations?view_op=view_citation&hl=en&user=4DkPIIAAAAAJ&citation_for_view=4DkPIIAAAAAJ:d1gkVwhDpl0C",
      "authors": "T Vu, C Van Nguyen, TX Pham, TM Luu, CD Yoo",
      "venue": "ECCV 2018, 2018",
      "year": 2018,
      "citations": 113
    }
  ],
  "co_authors": [
    {
      "name": "Chang D. Yoo",
      "scholar_id": "gFWgUQEAAAAJ",
      "url": "https://scholar.google.com/citations?user=gFWgUQEAAAAJ"
    },
    {
      "name": "Kang Zhang",
      "scholar_id": "nj19btQAAAAJ",
      "url": "https://scholar.google.com/citations?user=nj19btQAAAAJ"
    },
    {
      "name": "Axi Niu",
      "scholar_id": "5apnc_UAAAAJ",
      "url": "https://scholar.google.com/citations?user=5apnc_UAAAAJ"
    },
    {
      "name": "In So Kweon",
      "scholar_id": "XA8EOlEAAAAJ",
      "url": "https://scholar.google.com/citations?user=XA8EOlEAAAAJ"
    },
    {
      "name": "Junyeong Kim",
      "scholar_id": "pAww37cAAAAJ",
      "url": "https://scholar.google.com/citations?user=pAww37cAAAAJ"
    },
    {
      "name": "Keon Jae Lee",
      "scholar_id": "JKEx-AkAAAAJ",
      "url": "https://scholar.google.com/citations?user=JKEx-AkAAAAJ"
    },
    {
      "name": "Hyunsin Park",
      "scholar_id": "mwtBKioAAAAJ",
      "url": "https://scholar.google.com/citations?user=mwtBKioAAAAJ"
    },
    {
      "name": "Thang Vu",
      "scholar_id": "MKo69IUAAAAJ",
      "url": "https://scholar.google.com/citations?user=MKo69IUAAAAJ"
    },
    {
      "name": "Young Hoon Jung",
      "scholar_id": "CtiZXIQAAAAJ",
      "url": "https://scholar.google.com/citations?user=CtiZXIQAAAAJ"
    },
    {
      "name": "Sunghun Kang",
      "scholar_id": "gJfozOAAAAAJ",
      "url": "https://scholar.google.com/citations?user=gJfozOAAAAAJ"
    },
    {
      "name": "Dias Issa",
      "scholar_id": "j1S1800AAAAJ",
      "url": "https://scholar.google.com/citations?user=j1S1800AAAAJ"
    },
    {
      "name": "Jae Hyun Han, Ph.D.",
      "scholar_id": "f3eZ2nkAAAAJ",
      "url": "https://scholar.google.com/citations?user=f3eZ2nkAAAAJ"
    },
    {
      "name": "Yanning Zhang",
      "scholar_id": "-wzlS7QAAAAJ",
      "url": "https://scholar.google.com/citations?user=-wzlS7QAAAAJ"
    },
    {
      "name": "Chenshuang Zhang",
      "scholar_id": "HbqjLHYAAAAJ",
      "url": "https://scholar.google.com/citations?user=HbqjLHYAAAAJ"
    },
    {
      "name": "Minuk Ma",
      "scholar_id": "vWZH2LoAAAAJ",
      "url": "https://scholar.google.com/citations?user=vWZH2LoAAAAJ"
    },
    {
      "name": "Bo-Yeon Lee",
      "scholar_id": "m4fAOt8AAAAJ",
      "url": "https://scholar.google.com/citations?user=m4fAOt8AAAAJ"
    },
    {
      "name": "Ji Woo Hong",
      "scholar_id": "1hFsCqYAAAAJ",
      "url": "https://scholar.google.com/citations?user=1hFsCqYAAAAJ"
    },
    {
      "name": "Qingsen Yan",
      "scholar_id": "BSGy3foAAAAJ",
      "url": "https://scholar.google.com/citations?user=BSGy3foAAAAJ"
    },
    {
      "name": "Rusty John Lloyd Mina",
      "scholar_id": "2pJdTTsAAAAJ",
      "url": "https://scholar.google.com/citations?user=2pJdTTsAAAAJ"
    },
    {
      "name": "Donghoon Lee",
      "scholar_id": "yZWFY6gAAAAJ",
      "url": "https://scholar.google.com/citations?user=yZWFY6gAAAAJ"
    }
  ]
}