{
  "author_info": {
    "name": "Mingqiang Wei",
    "affiliation": "Professor at Nanjing University of Aeronautics and Astronautics",
    "email_verified": "Verified email at nuaa.edu.cn",
    "interests": [
      "3D Vision",
      "Multimodal Fusion",
      "Computer Graphics",
      "Deep Geometry Learning",
      "CAD"
    ],
    "photo_url": "https://scholar.googleusercontent.com/citations?view_op=view_photo&user=TdrJj8MAAAAJ&citpid=5"
  },
  "citation_stats": {
    "citations_all": 6684,
    "citations_since_2020": 5503,
    "h_index_all": 40,
    "h_index_since_2020": 36,
    "i10_index_all": 107,
    "i10_index_since_2020": 104,
    "citation_graph": [
      {
        "year": 2013,
        "citations": 15
      },
      {
        "year": 2014,
        "citations": 17
      },
      {
        "year": 2015,
        "citations": 28
      },
      {
        "year": 2016,
        "citations": 34
      },
      {
        "year": 2017,
        "citations": 35
      },
      {
        "year": 2018,
        "citations": 110
      },
      {
        "year": 2019,
        "citations": 155
      },
      {
        "year": 2020,
        "citations": 220
      },
      {
        "year": 2021,
        "citations": 279
      },
      {
        "year": 2022,
        "citations": 537
      },
      {
        "year": 2023,
        "citations": 763
      },
      {
        "year": 2024,
        "citations": 1455
      },
      {
        "year": 2025,
        "citations": 1764
      }
    ]
  },
  "papers": [
    {
      "title": "UCL-dehaze: Toward real-world image dehazing via unsupervised contrastive learning",
      "url": "https://scholar.google.com/citations?view_op=view_citation&hl=en&user=TdrJj8MAAAAJ&citation_for_view=TdrJj8MAAAAJ:LPZeul_q3PIC",
      "authors": "Y Wang, X Yan, FL Wang, H Xie, W Yang, XP Zhang, J Qin, M Wei",
      "venue": "IEEE Transactions on Image Processing 33, 1361-1374, 2024",
      "year": 2024,
      "citations": 155
    },
    {
      "title": "A deep reinforcement learning model for dynamic job-shop scheduling problem with uncertain processing time",
      "url": "https://scholar.google.com/citations?view_op=view_citation&hl=en&user=TdrJj8MAAAAJ&citation_for_view=TdrJj8MAAAAJ:EkHepimYqZsC",
      "authors": "X Wu, X Yan, D Guan, M Wei",
      "venue": "Engineering applications of artificial intelligence 131, 107790, 2024",
      "year": 2024,
      "citations": 71
    },
    {
      "title": "Proxyformer: Proxy alignment assisted point cloud completion with missing part sensitive transformer",
      "url": "https://scholar.google.com/citations?view_op=view_citation&hl=en&user=TdrJj8MAAAAJ&citation_for_view=TdrJj8MAAAAJ:W5xh706n7nkC",
      "authors": "S Li, P Gao, X Tan, M Wei",
      "venue": "Proceedings of the IEEE/CVF conference on computer vision and pattern …, 2023",
      "year": 2023,
      "citations": 117
    },
    {
      "title": "AGConv: Adaptive graph convolution on 3D point clouds",
      "url": "https://scholar.google.com/citations?view_op=view_citation&hl=en&user=TdrJj8MAAAAJ&citation_for_view=TdrJj8MAAAAJ:eflP2zaiRacC",
      "authors": "M Wei, Z Wei, H Zhou, F Hu, H Si, Z Chen, Z Zhu, J Qiu, X Yan, Y Guo, ...",
      "venue": "IEEE Transactions on Pattern Analysis and Machine Intelligence 45 (8), 9374-9392, 2023",
      "year": 2023,
      "citations": 79
    },
    {
      "title": "I can find you! boundary-guided separated attention network for camouflaged object detection",
      "url": "https://scholar.google.com/citations?view_op=view_citation&hl=en&user=TdrJj8MAAAAJ&citation_for_view=TdrJj8MAAAAJ:tOudhMTPpwUC",
      "authors": "H Zhu, P Li, H Xie, X Yan, D Liang, D Chen, M Wei, J Qin",
      "venue": "Proceedings of the AAAI conference on artificial intelligence 36 (3), 3608-3616, 2022",
      "year": 2022,
      "citations": 554
    },
    {
      "title": "Transformers in 3d point clouds: A survey",
      "url": "https://scholar.google.com/citations?view_op=view_citation&hl=en&user=TdrJj8MAAAAJ&citation_for_view=TdrJj8MAAAAJ:fQNAKQ3IYiAC",
      "authors": "D Lu, Q Xie, M Wei, K Gao, L Xu, J Li",
      "venue": "arXiv preprint arXiv:2205.07417, 2022",
      "year": 2022,
      "citations": 304
    },
    {
      "title": "Semantically contrastive learning for low-light image enhancement",
      "url": "https://scholar.google.com/citations?view_op=view_citation&hl=en&user=TdrJj8MAAAAJ&citation_for_view=TdrJj8MAAAAJ:KxtntwgDAa4C",
      "authors": "D Liang, L Li, M Wei, S Yang, L Zhang, W Yang, Y Du, H Zhou",
      "venue": "Proceedings of the AAAI conference on artificial intelligence 36 (2), 1555-1563, 2022",
      "year": 2022,
      "citations": 138
    },
    {
      "title": "Cycle-snspgan: Towards real-world image dehazing via cycle spectral normalized soft likelihood estimation patch gan",
      "url": "https://scholar.google.com/citations?view_op=view_citation&hl=en&user=TdrJj8MAAAAJ&citation_for_view=TdrJj8MAAAAJ:sSrBHYA8nusC",
      "authors": "Y Wang, X Yan, D Guan, M Wei, Y Chen, XP Zhang, J Li",
      "venue": "IEEE Transactions on Intelligent Transportation Systems 23 (11), 20368-20382, 2022",
      "year": 2022,
      "citations": 99
    },
    {
      "title": "Repcd-net: Feature-aware recurrent point cloud denoising network",
      "url": "https://scholar.google.com/citations?view_op=view_citation&hl=en&user=TdrJj8MAAAAJ&citation_for_view=TdrJj8MAAAAJ:uWQEDVKXjbEC",
      "authors": "H Chen, Z Wei, X Li, Y Xu, M Wei, J Wang",
      "venue": "International Journal of Computer Vision 130 (3), 615-629, 2022",
      "year": 2022,
      "citations": 83
    },
    {
      "title": "Adaptive graph convolution for point cloud analysis",
      "url": "https://scholar.google.com/citations?view_op=view_citation&hl=en&user=TdrJj8MAAAAJ&citation_for_view=TdrJj8MAAAAJ:fPk4N6BV_jEC",
      "authors": "H Zhou, Y Feng, M Fang, M Wei, J Qin, T Lu",
      "venue": "Proceedings of the IEEE/CVF international conference on computer vision …, 2021",
      "year": 2021,
      "citations": 228
    },
    {
      "title": "Hyperspectral image classification on insufficient-sample and feature learning using deep neural networks: A review",
      "url": "https://scholar.google.com/citations?view_op=view_citation&hl=en&user=TdrJj8MAAAAJ&citation_for_view=TdrJj8MAAAAJ:_xSYboBqXhAC",
      "authors": "N Wambugu, Y Chen, Z Xiao, K Tan, M Wei, X Liu, J Li",
      "venue": "International Journal of Applied Earth Observation and Geoinformation 105 …, 2021",
      "year": 2021,
      "citations": 162
    },
    {
      "title": "A hybrid deep convolutional neural network for accurate land cover classification",
      "url": "https://scholar.google.com/citations?view_op=view_citation&hl=en&user=TdrJj8MAAAAJ&citation_for_view=TdrJj8MAAAAJ:yD5IFk8b50cC",
      "authors": "N Wambugu, Y Chen, Z Xiao, M Wei, SA Bello, JM Junior, J Li",
      "venue": "International Journal of Applied Earth Observation and Geoinformation 103 …, 2021",
      "year": 2021,
      "citations": 83
    },
    {
      "title": "Venet: Voting enhancement network for 3d object detection",
      "url": "https://scholar.google.com/citations?view_op=view_citation&hl=en&user=TdrJj8MAAAAJ&citation_for_view=TdrJj8MAAAAJ:D03iK_w7-QYC",
      "authors": "Q Xie, YK Lai, J Wu, Z Wang, D Lu, M Wei, J Wang",
      "venue": "Proceedings of the IEEE/CVF International Conference on Computer Vision …, 2021",
      "year": 2021,
      "citations": 72
    },
    {
      "title": "Detail-recovery image deraining via context aggregation networks",
      "url": "https://scholar.google.com/citations?view_op=view_citation&hl=en&user=TdrJj8MAAAAJ&citation_for_view=TdrJj8MAAAAJ:GnPB-g6toBAC",
      "authors": "S Deng, M Wei, J Wang, Y Feng, L Liang, H Xie, FL Wang, M Wang",
      "venue": "Proceedings of the IEEE/CVF conference on computer vision and pattern …, 2020",
      "year": 2020,
      "citations": 231
    },
    {
      "title": "Hierarchical tunnel modeling from 3D raw LiDAR point cloud",
      "url": "https://scholar.google.com/citations?view_op=view_citation&hl=en&user=TdrJj8MAAAAJ&citation_for_view=TdrJj8MAAAAJ:e5wmG9Sq2KIC",
      "authors": "C Yi, D Lu, Q Xie, S Liu, H Li, M Wei, J Wang",
      "venue": "Computer-Aided Design 114, 143-154, 2019",
      "year": 2019,
      "citations": 358
    },
    {
      "title": "Multi-patch collaborative point cloud denoising via low-rank recovery with graph constraint",
      "url": "https://scholar.google.com/citations?view_op=view_citation&hl=en&user=TdrJj8MAAAAJ&citation_for_view=TdrJj8MAAAAJ:j3f4tGmQtD8C",
      "authors": "H Chen, M Wei, Y Sun, X Xie, J Wang",
      "venue": "IEEE transactions on visualization and computer graphics 26 (11), 3255-3270, 2019",
      "year": 2019,
      "citations": 80
    },
    {
      "title": "Mesh denoising guided by patch normal co-filtering via kernel low-rank recovery",
      "url": "https://scholar.google.com/citations?view_op=view_citation&hl=en&user=TdrJj8MAAAAJ&citation_for_view=TdrJj8MAAAAJ:qUcmZB5y_30C",
      "authors": "M Wei, J Huang, X Xie, L Liu, J Wang, J Qin",
      "venue": "IEEE transactions on visualization and computer graphics 25 (10), 2910-2926, 2018",
      "year": 2018,
      "citations": 80
    },
    {
      "title": "Urban building reconstruction from raw LiDAR point data",
      "url": "https://scholar.google.com/citations?view_op=view_citation&hl=en&user=TdrJj8MAAAAJ&citation_for_view=TdrJj8MAAAAJ:M3ejUd6NZC8C",
      "authors": "C Yi, Y Zhang, Q Wu, Y Xu, O Remil, M Wei, J Wang",
      "venue": "Computer-Aided Design 93, 1-14, 2017",
      "year": 2017,
      "citations": 356
    },
    {
      "title": "Tensor voting guided mesh denoising",
      "url": "https://scholar.google.com/citations?view_op=view_citation&hl=en&user=TdrJj8MAAAAJ&citation_for_view=TdrJj8MAAAAJ:3fE2CSJIrl8C",
      "authors": "M Wei, L Liang, WM Pang, J Wang, W Li, H Wu",
      "venue": "IEEE transactions on automation science and engineering 14 (2), 931-945, 2016",
      "year": 2016,
      "citations": 360
    },
    {
      "title": "Bi-normal filtering for mesh denoising",
      "url": "https://scholar.google.com/citations?view_op=view_citation&hl=en&user=TdrJj8MAAAAJ&citation_for_view=TdrJj8MAAAAJ:qjMakFHDy7sC",
      "authors": "M Wei, J Yu, WM Pang, J Wang, J Qin, L Liu, PA Heng",
      "venue": "IEEE transactions on visualization and computer graphics 21 (1), 43-55, 2014",
      "year": 2014,
      "citations": 113
    }
  ],
  "co_authors": [
    {
      "name": "Jun Wang",
      "scholar_id": "vFYyThwAAAAJ",
      "url": "https://scholar.google.com/citations?user=vFYyThwAAAAJ"
    },
    {
      "name": "Haoran Xie",
      "scholar_id": "O4lGUj8AAAAJ",
      "url": "https://scholar.google.com/citations?user=O4lGUj8AAAAJ"
    },
    {
      "name": "Fu Lee Wang",
      "scholar_id": "EN0PM30AAAAJ",
      "url": "https://scholar.google.com/citations?user=EN0PM30AAAAJ"
    },
    {
      "name": "Honghua Chen",
      "scholar_id": "S7yyHpAAAAAJ",
      "url": "https://scholar.google.com/citations?user=S7yyHpAAAAAJ"
    },
    {
      "name": "Weiming Wang",
      "scholar_id": "bxz8Pn8AAAAJ",
      "url": "https://scholar.google.com/citations?user=bxz8Pn8AAAAJ"
    },
    {
      "name": "Luming Liang (梁鹿鸣)",
      "scholar_id": "vTgdAS4AAAAJ",
      "url": "https://scholar.google.com/citations?user=vTgdAS4AAAAJ"
    },
    {
      "name": "Jonathan Li",
      "scholar_id": "7hyYxRkAAAAJ",
      "url": "https://scholar.google.com/citations?user=7hyYxRkAAAAJ"
    },
    {
      "name": "Jianhuang Wu",
      "scholar_id": "g93oJ_wAAAAJ",
      "url": "https://scholar.google.com/citations?user=g93oJ_wAAAAJ"
    },
    {
      "name": "Pheng Ann Heng",
      "scholar_id": "OFdytjoAAAAJ",
      "url": "https://scholar.google.com/citations?user=OFdytjoAAAAJ"
    },
    {
      "name": "Yiping Chen",
      "scholar_id": "e9lv2fUAAAAJ",
      "url": "https://scholar.google.com/citations?user=e9lv2fUAAAAJ"
    },
    {
      "name": "Wai-Man Pang",
      "scholar_id": "Ccp1SQMAAAAJ",
      "url": "https://scholar.google.com/citations?user=Ccp1SQMAAAAJ"
    },
    {
      "name": "Meng Wang, IEEE Fellow, IAPR Fellow",
      "scholar_id": "rHagaaIAAAAJ",
      "url": "https://scholar.google.com/citations?user=rHagaaIAAAAJ"
    },
    {
      "name": "Jinze YU",
      "scholar_id": "YYVik2gAAAAJ",
      "url": "https://scholar.google.com/citations?user=YYVik2gAAAAJ"
    },
    {
      "name": "Ligang Liu",
      "scholar_id": "1U9U_cYAAAAJ",
      "url": "https://scholar.google.com/citations?user=1U9U_cYAAAAJ"
    },
    {
      "name": "Lei Zhu",
      "scholar_id": "AQtqhaYAAAAJ",
      "url": "https://scholar.google.com/citations?user=AQtqhaYAAAAJ"
    },
    {
      "name": "Andrzej Szymczak",
      "scholar_id": "wR5YWC0AAAAJ",
      "url": "https://scholar.google.com/citations?user=wR5YWC0AAAAJ"
    },
    {
      "name": "Anthony Petrella",
      "scholar_id": "fwrCsBAAAAAJ",
      "url": "https://scholar.google.com/citations?user=fwrCsBAAAAAJ"
    },
    {
      "name": "Zeyun Yu",
      "scholar_id": "9kT9SaIAAAAJ",
      "url": "https://scholar.google.com/citations?user=9kT9SaIAAAAJ"
    },
    {
      "name": "Tien-Tsin Wong",
      "scholar_id": "05U81tIAAAAJ",
      "url": "https://scholar.google.com/citations?user=05U81tIAAAAJ"
    }
  ]
}