{
  "author_info": {
    "name": "QIWEI DI",
    "affiliation": "Phd student, Department of Computer Science , University of California, Los Angeles",
    "email_verified": "Verified email at cs.ucla.edu - Homepage",
    "website": "https://qiwei-di1234.github.io/",
    "interests": [
      "Reinforcement learning",
      "optimization"
    ],
    "photo_url": "https://scholar.googleusercontent.com/citations?view_op=view_photo&user=SewL0pkAAAAJ&citpid=1"
  },
  "citation_stats": {
    "citations_all": 63,
    "citations_since_2020": 63,
    "h_index_all": 4,
    "h_index_since_2020": 4,
    "i10_index_all": 2,
    "i10_index_since_2020": 2,
    "citation_graph": [
      {
        "year": 2023,
        "citations": 5
      },
      {
        "year": 2024,
        "citations": 27
      },
      {
        "year": 2025,
        "citations": 31
      }
    ]
  },
  "papers": [
    {
      "title": "Best-of-Majority: Minimax-Optimal Strategy for Pass@ Inference Scaling",
      "url": "https://scholar.google.com/citations?view_op=view_citation&hl=en&user=SewL0pkAAAAJ&citation_for_view=SewL0pkAAAAJ:Y0pCki6q_DkC",
      "authors": "Q Di, K Ji, X Li, H Zhao, Q Gu",
      "venue": "arXiv preprint arXiv:2510.03199, 2025",
      "year": 2025,
      "citations": 0
    },
    {
      "title": "Unified convergence analysis for score-based diffusion models with deterministic samplers",
      "url": "https://scholar.google.com/citations?view_op=view_citation&hl=en&user=SewL0pkAAAAJ&citation_for_view=SewL0pkAAAAJ:Tyk-4Ss8FVUC",
      "authors": "R Li, Q Di, Q Gu",
      "venue": "ICLR2025, 2024",
      "year": 2024,
      "citations": 9
    },
    {
      "title": "Nearly optimal algorithms for contextual dueling bandits from adversarial feedback",
      "url": "https://scholar.google.com/citations?view_op=view_citation&hl=en&user=SewL0pkAAAAJ&citation_for_view=SewL0pkAAAAJ:UeHWp8X0CEIC",
      "authors": "Q Di, J He, Q Gu",
      "venue": "ICML2025, 2024",
      "year": 2024,
      "citations": 4
    },
    {
      "title": "Relative-Translation Invariant Wasserstein Distance",
      "url": "https://scholar.google.com/citations?view_op=view_citation&hl=en&user=SewL0pkAAAAJ&citation_for_view=SewL0pkAAAAJ:zYLM7Y9cAGgC",
      "authors": "B Wang, Q Di, M Yin, M Wang, Q Gu, P Wei",
      "venue": "arXiv preprint arXiv:2409.02416, 2024",
      "year": 2024,
      "citations": 1
    },
    {
      "title": "Variance-Aware Regret Bounds for Stochastic Contextual Dueling Bandits",
      "url": "https://scholar.google.com/citations?view_op=view_citation&hl=en&user=SewL0pkAAAAJ&citation_for_view=SewL0pkAAAAJ:2osOgNQ5qMEC",
      "authors": "Q Di, T Jin, Y Wu, H Zhao, F Farnoud, Q Gu",
      "venue": "International Conference on Learning Representations 2024, 2023",
      "year": 2023,
      "citations": 21
    },
    {
      "title": "Borda regret minimization for generalized linear dueling bandits",
      "url": "https://scholar.google.com/citations?view_op=view_citation&hl=en&user=SewL0pkAAAAJ&citation_for_view=SewL0pkAAAAJ:qjMakFHDy7sC",
      "authors": "Y Wu, T Jin, H Lou, F Farnoud, Q Gu",
      "venue": "ICML2024, 2023",
      "year": 2023,
      "citations": 18
    },
    {
      "title": "Pessimistic nonlinear least-squares value iteration for offline reinforcement learning",
      "url": "https://scholar.google.com/citations?view_op=view_citation&hl=en&user=SewL0pkAAAAJ&citation_for_view=SewL0pkAAAAJ:9yKSN-GCB0IC",
      "authors": "Q Di, H Zhao, J He, Q Gu",
      "venue": "International Conference on Learning Representations 2024, 2023",
      "year": 2023,
      "citations": 7
    },
    {
      "title": "Nearly Minimax Optimal Regret for Learning Linear Mixture Stochastic Shortest Path",
      "url": "https://scholar.google.com/citations?view_op=view_citation&hl=en&user=SewL0pkAAAAJ&citation_for_view=SewL0pkAAAAJ:d1gkVwhDpl0C",
      "authors": "Q Di, J He, D Zhou, Q Gu",
      "venue": "International Conference on Machine Learning, 2023",
      "year": 2023,
      "citations": 3
    }
  ],
  "co_authors": [
    {
      "name": "Quanquan Gu",
      "scholar_id": "GU9HgNAAAAAJ",
      "url": "https://scholar.google.com/citations?user=GU9HgNAAAAAJ"
    },
    {
      "name": "Heyang Zhao",
      "scholar_id": "zHQ1ap0AAAAJ",
      "url": "https://scholar.google.com/citations?user=zHQ1ap0AAAAJ"
    },
    {
      "name": "Farzad Farnoud",
      "scholar_id": "s1NC4EMAAAAJ",
      "url": "https://scholar.google.com/citations?user=s1NC4EMAAAAJ"
    },
    {
      "name": "Tao Jin",
      "scholar_id": "0kCyQGsAAAAJ",
      "url": "https://scholar.google.com/citations?user=0kCyQGsAAAAJ"
    },
    {
      "name": "Yue Wu",
      "scholar_id": "kSQ1mLYAAAAJ",
      "url": "https://scholar.google.com/citations?user=kSQ1mLYAAAAJ"
    },
    {
      "name": "Jiafan He",
      "scholar_id": "F3AXNBwAAAAJ",
      "url": "https://scholar.google.com/citations?user=F3AXNBwAAAAJ"
    },
    {
      "name": "Dongruo Zhou",
      "scholar_id": "1780wr0AAAAJ",
      "url": "https://scholar.google.com/citations?user=1780wr0AAAAJ"
    },
    {
      "name": "Peng Wei",
      "scholar_id": "1cfltHsAAAAJ",
      "url": "https://scholar.google.com/citations?user=1cfltHsAAAAJ"
    },
    {
      "name": "Mengdi Wang",
      "scholar_id": "33yNvIgAAAAJ",
      "url": "https://scholar.google.com/citations?user=33yNvIgAAAAJ"
    }
  ]
}