{
  "author_info": {
    "name": "Runjia Li",
    "affiliation": "PhD Student, University of Oxford",
    "email_verified": "Verified email at robots.ox.ac.uk - Homepage",
    "website": "https://runjiali-rl.github.io/",
    "interests": [
      "Video Generation"
    ],
    "photo_url": "https://scholar.googleusercontent.com/citations?view_op=view_photo&user=Zu3Rwn8AAAAJ&citpid=11"
  },
  "citation_stats": {
    "citations_all": 132,
    "citations_since_2020": 132,
    "h_index_all": 6,
    "h_index_since_2020": 6,
    "i10_index_all": 5,
    "i10_index_since_2020": 5,
    "citation_graph": [
      {
        "year": 2024,
        "citations": 35
      },
      {
        "year": 2025,
        "citations": 96
      }
    ]
  },
  "papers": [
    {
      "title": "Generalized Few-shot 3D Point Cloud Segmentation with Vision-Language Model",
      "url": "https://scholar.google.com/citations?view_op=view_citation&hl=en&user=Zu3Rwn8AAAAJ&citation_for_view=Zu3Rwn8AAAAJ:LkGwnXOMwfcC",
      "authors": "Z An, G Sun, Y Liu, R Li, J Han, E Konukoglu, S Belongie",
      "venue": "CVPR 2025, 2025",
      "year": 2025,
      "citations": 7
    },
    {
      "title": "VMem: Consistent Interactive Video Scene Generation with Surfel-Indexed View Memory",
      "url": "https://scholar.google.com/citations?view_op=view_citation&hl=en&user=Zu3Rwn8AAAAJ&citation_for_view=Zu3Rwn8AAAAJ:roLk4NBRz8UC",
      "authors": "R Li, P Torr, A Vedaldi, T Jakab",
      "venue": "ICCV 2025 (Highlight), 2025",
      "year": 2025,
      "citations": 5
    },
    {
      "title": "Unsupervised Decomposition of 3D Shapes into Expressive and Editable Extruded Profile Primitives",
      "url": "https://scholar.google.com/citations?view_op=view_citation&hl=en&user=Zu3Rwn8AAAAJ&citation_for_view=Zu3Rwn8AAAAJ:0EnyYjriUFMC",
      "authors": "C Sun, J Han, R Li, W Deng, D Campbell, S Gould",
      "venue": "SIGGRAPH 2025, 2025",
      "year": 2025,
      "citations": 0
    },
    {
      "title": "Clip as rnn: Segment countless visual concepts without training endeavor",
      "url": "https://scholar.google.com/citations?view_op=view_citation&hl=en&user=Zu3Rwn8AAAAJ&citation_for_view=Zu3Rwn8AAAAJ:IjCSPb-OGe4C",
      "authors": "R Li*, S Sun*, P Torr, X Gu, S Li",
      "venue": "CVPR 2024, 2024",
      "year": 2024,
      "citations": 52
    },
    {
      "title": "kNN-CLIP: Retrieval Enables Training-Free Segmentation on Continually Expanding Large Vocabularies",
      "url": "https://scholar.google.com/citations?view_op=view_citation&hl=en&user=Zu3Rwn8AAAAJ&citation_for_view=Zu3Rwn8AAAAJ:d1gkVwhDpl0C",
      "authors": "Z Gui, S Sun, R Li, J Yuan, Z An, K Roth, A Prabhu, P Torr",
      "venue": "TMLR, 2024",
      "year": 2024,
      "citations": 18
    },
    {
      "title": "Multimodality Helps Few-Shot 3D Point Cloud Semantic Segmentation",
      "url": "https://scholar.google.com/citations?view_op=view_citation&hl=en&user=Zu3Rwn8AAAAJ&citation_for_view=Zu3Rwn8AAAAJ:YsMSGLbcyi4C",
      "authors": "Z An, G Sun, Y Liu, R Li, M Wu, MM Cheng, E Konukoglu, S Belongie",
      "venue": "ICLR 2025, 2024",
      "year": 2024,
      "citations": 14
    },
    {
      "title": "No Culture Left Behind: ArtELingo-28, a Benchmark of WikiArt with Captions in 28 Languages",
      "url": "https://scholar.google.com/citations?view_op=view_citation&hl=en&user=Zu3Rwn8AAAAJ&citation_for_view=Zu3Rwn8AAAAJ:eQOLeE2rZwMC",
      "authors": "Y Mohamed, R Li, IS Ahmad, K Haydarov, P Torr, KW Church, ...",
      "venue": "EMNLP 2024, 2024",
      "year": 2024,
      "citations": 12
    },
    {
      "title": "Semantic Score Distillation Sampling for Compositional Text-to-3D Generation",
      "url": "https://scholar.google.com/citations?view_op=view_citation&hl=en&user=Zu3Rwn8AAAAJ&citation_for_view=Zu3Rwn8AAAAJ:W7OEmFMy1HYC",
      "authors": "L Yang, Z Zhang, J Han, B Zeng, R Li, P Torr, W Zhang",
      "venue": "arXiv preprint arXiv:2410.09009, 2024",
      "year": 2024,
      "citations": 5
    },
    {
      "title": "DreamBeast: Distilling 3D Fantastical Animals with Part-Aware Knowledge Transfer",
      "url": "https://scholar.google.com/citations?view_op=view_citation&hl=en&user=Zu3Rwn8AAAAJ&citation_for_view=Zu3Rwn8AAAAJ:Y0pCki6q_DkC",
      "authors": "R Li, J Han, L Melas-Kyriazi, C Sun, Z An, Z Gui, S Sun, P Torr, T Jakab",
      "venue": "3DV 2025, 2024",
      "year": 2024,
      "citations": 4
    },
    {
      "title": "Label Alignment Regularization for Distribution Shift",
      "url": "https://scholar.google.com/citations?view_op=view_citation&hl=en&user=Zu3Rwn8AAAAJ&citation_for_view=Zu3Rwn8AAAAJ:2osOgNQ5qMEC",
      "authors": "E Imani, G Zhang, R Li, J Luo, P Poupart, PHS Torr, Y Pan",
      "venue": "JMLR, 2024",
      "year": 2024,
      "citations": 3
    },
    {
      "title": "Can machine make humorous captions from images?",
      "url": "https://scholar.google.com/citations?view_op=view_citation&hl=en&user=Zu3Rwn8AAAAJ&citation_for_view=Zu3Rwn8AAAAJ:UeHWp8X0CEIC",
      "authors": "R Li*, S Sun*, M Elhoseiny, P Torr",
      "venue": "ICCV 2023, 2023",
      "year": 2023,
      "citations": 12
    }
  ],
  "co_authors": [
    {
      "name": "Philip Torr",
      "scholar_id": "kPxa2w0AAAAJ",
      "url": "https://scholar.google.com/citations?user=kPxa2w0AAAAJ"
    },
    {
      "name": "Shuyang Sun",
      "scholar_id": "PoAvGRMAAAAJ",
      "url": "https://scholar.google.com/citations?user=PoAvGRMAAAAJ"
    },
    {
      "name": "Zhaochong An",
      "scholar_id": "K21_pXcAAAAJ",
      "url": "https://scholar.google.com/citations?user=K21_pXcAAAAJ"
    },
    {
      "name": "Junlin Han",
      "scholar_id": "5L0Uj_IAAAAJ",
      "url": "https://scholar.google.com/citations?user=5L0Uj_IAAAAJ"
    },
    {
      "name": "Zhongrui Gui",
      "scholar_id": "HRnLy5wAAAAJ",
      "url": "https://scholar.google.com/citations?user=HRnLy5wAAAAJ"
    },
    {
      "name": "Jianhao Yuan",
      "scholar_id": "BUJPCegAAAAJ",
      "url": "https://scholar.google.com/citations?user=BUJPCegAAAAJ"
    },
    {
      "name": "Dr Tomas Jakab",
      "scholar_id": "-gFCCLMAAAAJ",
      "url": "https://scholar.google.com/citations?user=-gFCCLMAAAAJ"
    },
    {
      "name": "Ming-Ming Cheng",
      "scholar_id": "huWpVyEAAAAJ",
      "url": "https://scholar.google.com/citations?user=huWpVyEAAAAJ"
    },
    {
      "name": "Ameya Prabhu",
      "scholar_id": "0kK7sSAAAAAJ",
      "url": "https://scholar.google.com/citations?user=0kK7sSAAAAAJ"
    },
    {
      "name": "Andrea Vedaldi",
      "scholar_id": "bRT7t28AAAAJ",
      "url": "https://scholar.google.com/citations?user=bRT7t28AAAAJ"
    },
    {
      "name": "Chunyi Sun",
      "scholar_id": "e46WeckAAAAJ",
      "url": "https://scholar.google.com/citations?user=e46WeckAAAAJ"
    },
    {
      "name": "Yangchen Pan",
      "scholar_id": "4M4pOp4AAAAJ",
      "url": "https://scholar.google.com/citations?user=4M4pOp4AAAAJ"
    },
    {
      "name": "Luke Melas-Kyriazi",
      "scholar_id": "btHxkDIAAAAJ",
      "url": "https://scholar.google.com/citations?user=btHxkDIAAAAJ"
    },
    {
      "name": "Weijian Deng",
      "scholar_id": "lReHnAEAAAAJ",
      "url": "https://scholar.google.com/citations?user=lReHnAEAAAAJ"
    },
    {
      "name": "Dylan Campbell",
      "scholar_id": "FayBF1AAAAAJ",
      "url": "https://scholar.google.com/citations?user=FayBF1AAAAAJ"
    },
    {
      "name": "Stephen Gould",
      "scholar_id": "YvdzeM8AAAAJ",
      "url": "https://scholar.google.com/citations?user=YvdzeM8AAAAJ"
    }
  ]
}