{
  "author_info": {
    "name": "Gizem Yüce",
    "affiliation": "PhD Student, EPFL",
    "email_verified": "Verified email at epfl.ch",
    "interests": [
      "Machine Learning"
    ],
    "photo_url": "https://scholar.googleusercontent.com/citations?view_op=view_photo&user=Eo8l9JIAAAAJ&citpid=1"
  },
  "citation_stats": {
    "citations_all": 134,
    "citations_since_2020": 134,
    "h_index_all": 2,
    "h_index_since_2020": 2,
    "i10_index_all": 1,
    "i10_index_since_2020": 1,
    "citation_graph": [
      {
        "year": 2022,
        "citations": 7
      },
      {
        "year": 2023,
        "citations": 24
      },
      {
        "year": 2024,
        "citations": 52
      },
      {
        "year": 2025,
        "citations": 48
      }
    ]
  },
  "papers": [
    {
      "title": "Learning In-context -grams with Transformers: Sub--grams Are Near-Stationary Points",
      "url": "https://scholar.google.com/citations?view_op=view_citation&hl=en&user=Eo8l9JIAAAAJ&citation_for_view=Eo8l9JIAAAAJ:2osOgNQ5qMEC",
      "authors": "A Varre, G Yüce, N Flammarion",
      "venue": "Forty-second International Conference on Machine Learning, 2025",
      "year": 2025,
      "citations": 2
    },
    {
      "title": "Learning Parametric Distributions from Samples and Preferences",
      "url": "https://scholar.google.com/citations?view_op=view_citation&hl=en&user=Eo8l9JIAAAAJ&citation_for_view=Eo8l9JIAAAAJ:9yKSN-GCB0IC",
      "authors": "M Jourdan, G Yüce, N Flammarion",
      "venue": "arXiv preprint arXiv:2505.23557, 2025",
      "year": 2025,
      "citations": 0
    },
    {
      "title": "Can semi-supervised learning use all the data effectively? A lower bound perspective",
      "url": "https://scholar.google.com/citations?view_op=view_citation&hl=en&user=Eo8l9JIAAAAJ&citation_for_view=Eo8l9JIAAAAJ:d1gkVwhDpl0C",
      "authors": "A Tifrea*, G Yüce*, A Sanyal, F Yang",
      "venue": "Thirty-seventh Conference on Neural Information Processing Systems, 2023",
      "year": 2023,
      "citations": 6
    },
    {
      "title": "A Structured Dictionary Perspective on Implicit Neural Representations",
      "url": "https://scholar.google.com/citations?view_op=view_citation&hl=en&user=Eo8l9JIAAAAJ&citation_for_view=Eo8l9JIAAAAJ:u-x6o8ySG0sC",
      "authors": "G Yüce*, G Ortiz-Jiménez*, B Besbinar, P Frossard",
      "venue": "Proceedings of the IEEE/CVF Conference on Computer Vision and Pattern …, 2022",
      "year": 2022,
      "citations": 126
    }
  ],
  "co_authors": [
    {
      "name": "Aditya Varre",
      "scholar_id": "wbB9au0AAAAJ",
      "url": "https://scholar.google.com/citations?user=wbB9au0AAAAJ"
    }
  ]
}