{
  "author_info": {
    "name": "Shrikanth (Shri) Narayanan",
    "affiliation": "University Professor and Niki & Max Nikias Chair in Engineering, University of Southern California",
    "email_verified": "Verified email at sipi.usc.edu - Homepage",
    "website": "https://sail.usc.edu/people/shri.html",
    "interests": [
      "signal processing",
      "speech/language",
      "emotions",
      "biosignals/behavior",
      "multimedia"
    ],
    "photo_url": "https://scholar.googleusercontent.com/citations?view_op=view_photo&user=8EDHmYkAAAAJ&citpid=20"
  },
  "citation_stats": {
    "citations_all": 60398,
    "citations_since_2020": 27127,
    "h_index_all": 110,
    "h_index_since_2020": 68,
    "i10_index_all": 787,
    "i10_index_since_2020": 471,
    "citation_graph": [
      {
        "year": 2002,
        "citations": 193
      },
      {
        "year": 2003,
        "citations": 260
      },
      {
        "year": 2004,
        "citations": 323
      },
      {
        "year": 2005,
        "citations": 468
      },
      {
        "year": 2006,
        "citations": 601
      },
      {
        "year": 2007,
        "citations": 767
      },
      {
        "year": 2008,
        "citations": 1079
      },
      {
        "year": 2009,
        "citations": 1200
      },
      {
        "year": 2010,
        "citations": 1503
      },
      {
        "year": 2011,
        "citations": 2078
      },
      {
        "year": 2012,
        "citations": 1801
      },
      {
        "year": 2013,
        "citations": 2475
      },
      {
        "year": 2014,
        "citations": 2501
      },
      {
        "year": 2015,
        "citations": 2826
      },
      {
        "year": 2016,
        "citations": 3080
      },
      {
        "year": 2017,
        "citations": 3274
      },
      {
        "year": 2018,
        "citations": 3718
      },
      {
        "year": 2019,
        "citations": 4014
      },
      {
        "year": 2020,
        "citations": 3909
      },
      {
        "year": 2021,
        "citations": 4316
      },
      {
        "year": 2022,
        "citations": 4542
      },
      {
        "year": 2023,
        "citations": 4828
      },
      {
        "year": 2024,
        "citations": 5000
      },
      {
        "year": 2025,
        "citations": 4485
      }
    ]
  },
  "papers": [
    {
      "title": "A review of speaker diarization: Recent advances with deep learning",
      "url": "https://scholar.google.com/citations?view_op=view_citation&hl=en&user=8EDHmYkAAAAJ&citation_for_view=8EDHmYkAAAAJ:fXCg-C-QWH4C",
      "authors": "TJ Park, N Kanda, D Dimitriadis, KJ Han, S Watanabe, S Narayanan",
      "venue": "Computer Speech & Language 72, 101317, 2022",
      "year": 2022,
      "citations": 522
    },
    {
      "title": "The Geneva minimalistic acoustic parameter set (GeMAPS) for voice research and affective computing",
      "url": "https://scholar.google.com/citations?view_op=view_citation&hl=en&user=8EDHmYkAAAAJ&citation_for_view=8EDHmYkAAAAJ:-fu4zM_6qcIC",
      "authors": "F Eyben, KR Scherer, BW Schuller, J Sundberg, E André, C Busso, ...",
      "venue": "IEEE transactions on affective computing 7 (2), 190-202, 2015",
      "year": 2015,
      "citations": 2253
    },
    {
      "title": "Paralinguistics in speech and language—state-of-the-art and the challenge",
      "url": "https://scholar.google.com/citations?view_op=view_citation&hl=en&user=8EDHmYkAAAAJ&citation_for_view=8EDHmYkAAAAJ:iyewoVqAXLQC",
      "authors": "B Schuller, S Steidl, A Batliner, F Burkhardt, L Devillers, C MüLler, ...",
      "venue": "Computer Speech & Language 27 (1), 4-39, 2013",
      "year": 2013,
      "citations": 451
    },
    {
      "title": "Behavioral signal processing: Deriving human behavioral informatics from speech and language",
      "url": "https://scholar.google.com/citations?view_op=view_citation&hl=en&user=8EDHmYkAAAAJ&citation_for_view=8EDHmYkAAAAJ:V_vSwabWVtYC",
      "authors": "S Narayanan, PG Georgiou",
      "venue": "Proceedings of the IEEE 101 (5), 1203-1233, 2013",
      "year": 2013,
      "citations": 374
    },
    {
      "title": "A system for real-time twitter sentiment analysis of 2012 us presidential election cycle",
      "url": "https://scholar.google.com/citations?view_op=view_citation&hl=en&user=8EDHmYkAAAAJ&citation_for_view=8EDHmYkAAAAJ:xm0LlTxljI0C",
      "authors": "H Wang, D Can, A Kazemzadeh, F Bar, S Narayanan",
      "venue": "Proceedings of the ACL 2012 system demonstrations, 115-120, 2012",
      "year": 2012,
      "citations": 1095
    },
    {
      "title": "Emotion recognition using a hierarchical binary decision tree approach",
      "url": "https://scholar.google.com/citations?view_op=view_citation&hl=en&user=8EDHmYkAAAAJ&citation_for_view=8EDHmYkAAAAJ:5Ul4iDaHHb8C",
      "authors": "CC Lee, E Mower, C Busso, S Lee, S Narayanan",
      "venue": "Speech communication 53 (9-10), 1162-1171, 2011",
      "year": 2011,
      "citations": 590
    },
    {
      "title": "The INTERSPEECH 2010 paralinguistic challenge",
      "url": "https://scholar.google.com/citations?view_op=view_citation&hl=en&user=8EDHmYkAAAAJ&citation_for_view=8EDHmYkAAAAJ:CHSYGLWDkRkC",
      "authors": "B Schuller, S Steidl, A Batliner, F Burkhardt, L Devillers, C Müller, ...",
      "venue": "",
      "citations": 824,
      "year": 2010
    },
    {
      "title": "A framework for automatic human emotion classification using emotion profiles",
      "url": "https://scholar.google.com/citations?view_op=view_citation&hl=en&user=8EDHmYkAAAAJ&citation_for_view=8EDHmYkAAAAJ:Ug5p-4gJ2f0C",
      "authors": "E Mower, MJ Matarić, S Narayanan",
      "venue": "IEEE Transactions on Audio, Speech, and Language Processing 19 (5), 1057-1070, 2010",
      "year": 2010,
      "citations": 339
    },
    {
      "title": "Environmental sound recognition with time–frequency audio features",
      "url": "https://scholar.google.com/citations?view_op=view_citation&hl=en&user=8EDHmYkAAAAJ&citation_for_view=8EDHmYkAAAAJ:abG-DnoFyZgC",
      "authors": "S Chu, S Narayanan, CCJ Kuo",
      "venue": "IEEE Transactions on Audio, Speech, and Language Processing 17 (6), 1142-1158, 2009",
      "year": 2009,
      "citations": 947
    },
    {
      "title": "Method of using a natural language interface to retrieve information from one or more data resources",
      "url": "https://scholar.google.com/citations?view_op=view_citation&hl=en&user=8EDHmYkAAAAJ&citation_for_view=8EDHmYkAAAAJ:ns9cj8rnVeAC",
      "authors": "IZ E. Levin, S. Narayanan, R. Pieraccini",
      "venue": "US Patent 6,173,279, 2009",
      "year": 2009,
      "citations": 594
    },
    {
      "title": "Analysis of emotionally salient aspects of fundamental frequency for emotion detection",
      "url": "https://scholar.google.com/citations?view_op=view_citation&hl=en&user=8EDHmYkAAAAJ&citation_for_view=8EDHmYkAAAAJ:8AbLer7MMksC",
      "authors": "C Busso, S Lee, S Narayanan",
      "venue": "IEEE transactions on audio, speech, and language processing 17 (4), 582-596, 2009",
      "year": 2009,
      "citations": 434
    },
    {
      "title": "IEMOCAP: Interactive emotional dyadic motion capture database",
      "url": "https://scholar.google.com/citations?view_op=view_citation&hl=en&user=8EDHmYkAAAAJ&citation_for_view=8EDHmYkAAAAJ:SP6oXDckpogC",
      "authors": "C Busso, M Bulut, CC Lee, A Kazemzadeh, E Mower, S Kim, JN Chang, ...",
      "venue": "Language resources and evaluation 42 (4), 335-359, 2008",
      "year": 2008,
      "citations": 4970
    },
    {
      "title": "The Vera am Mittag German audio-visual emotional speech database",
      "url": "https://scholar.google.com/citations?view_op=view_citation&hl=en&user=8EDHmYkAAAAJ&citation_for_view=8EDHmYkAAAAJ:zA6iFVUQeVQC",
      "authors": "M Grimm, K Kroschel, S Narayanan",
      "venue": "2008 IEEE international conference on multimedia and expo, 865-868, 2008",
      "year": 2008,
      "citations": 599
    },
    {
      "title": "System and method for providing a compensated speech recognition model for speech recognition",
      "url": "https://scholar.google.com/citations?view_op=view_citation&hl=en&user=8EDHmYkAAAAJ&citation_for_view=8EDHmYkAAAAJ:HGTzPopzzJcC",
      "authors": "RC Rose, S Pathasarathy, AE Rosenberg, SS Narayanan",
      "venue": "US Patent 7,451,085, 2008",
      "year": 2008,
      "citations": 356
    },
    {
      "title": "Primitives-based evaluation and estimation of emotions in speech",
      "url": "https://scholar.google.com/citations?view_op=view_citation&hl=en&user=8EDHmYkAAAAJ&citation_for_view=8EDHmYkAAAAJ:pqnbT2bcN3wC",
      "authors": "M Grimm, K Kroschel, E Mower, S Narayanan",
      "venue": "Speech communication 49 (10-11), 787-800, 2007",
      "year": 2007,
      "citations": 439
    },
    {
      "title": "Toward detecting emotions in spoken dialogs",
      "url": "https://scholar.google.com/citations?view_op=view_citation&hl=en&user=8EDHmYkAAAAJ&citation_for_view=8EDHmYkAAAAJ:BqipwSGYUEgC",
      "authors": "CM Lee, SS Narayanan",
      "venue": "IEEE transactions on speech and audio processing 13 (2), 293-303, 2005",
      "year": 2005,
      "citations": 1310
    },
    {
      "title": "Analysis of emotion recognition using facial expressions, speech and multimodal information",
      "url": "https://scholar.google.com/citations?view_op=view_citation&hl=en&user=8EDHmYkAAAAJ&citation_for_view=8EDHmYkAAAAJ:O3NaXMp0MMsC",
      "authors": "C Busso, Z Deng, S Yildirim, M Bulut, CM Lee, A Kazemzadeh, S Lee, ...",
      "venue": "Proceedings of the 6th international conference on Multimodal interfaces …, 2004",
      "year": 2004,
      "citations": 1257
    },
    {
      "title": "An approach to real-time magnetic resonance imaging for speech production",
      "url": "https://scholar.google.com/citations?view_op=view_citation&hl=en&user=8EDHmYkAAAAJ&citation_for_view=8EDHmYkAAAAJ:2P1L_qKh6hAC",
      "authors": "S Narayanan, K Nayak, S Lee, A Sethy, D Byrd",
      "venue": "The Journal of the Acoustical Society of America 115 (4), 1771-1776, 2004",
      "year": 2004,
      "citations": 437
    },
    {
      "title": "Emotion recognition based on phoneme classes.",
      "url": "https://scholar.google.com/citations?view_op=view_citation&hl=en&user=8EDHmYkAAAAJ&citation_for_view=8EDHmYkAAAAJ:70eg2SAEIzsC",
      "authors": "CM Lee, S Yildirim, M Bulut, A Kazemzadeh, C Busso, Z Deng, S Lee, ...",
      "venue": "Interspeech, 889-892, 2004",
      "year": 2004,
      "citations": 345
    },
    {
      "title": "Acoustics of children’s speech: Developmental changes of temporal and spectral parameters",
      "url": "https://scholar.google.com/citations?view_op=view_citation&hl=en&user=8EDHmYkAAAAJ&citation_for_view=8EDHmYkAAAAJ:GnPB-g6toBAC",
      "authors": "S Lee, A Potamianos, S Narayanan",
      "venue": "The Journal of the Acoustical Society of America 105 (3), 1455-1468, 1999",
      "year": 1999,
      "citations": 1248
    }
  ],
  "co_authors": [
    {
      "name": "Panayiotis (Panos) Georgiou",
      "scholar_id": "RKt2sFIAAAAJ",
      "url": "https://scholar.google.com/citations?user=RKt2sFIAAAAJ"
    },
    {
      "name": "Sungbok Lee",
      "scholar_id": "AfWajTIAAAAJ",
      "url": "https://scholar.google.com/citations?user=AfWajTIAAAAJ"
    },
    {
      "name": "Carlos Busso",
      "scholar_id": "9CjA7V0AAAAJ",
      "url": "https://scholar.google.com/citations?user=9CjA7V0AAAAJ"
    },
    {
      "name": "Dani Byrd",
      "scholar_id": "eIU6tyoAAAAJ",
      "url": "https://scholar.google.com/citations?user=eIU6tyoAAAAJ"
    },
    {
      "name": "Abe Kazemzadeh",
      "scholar_id": "9Bma3uAAAAAJ",
      "url": "https://scholar.google.com/citations?user=9Bma3uAAAAAJ"
    },
    {
      "name": "Alexandros Potamianos",
      "scholar_id": "pBQViyUAAAAJ",
      "url": "https://scholar.google.com/citations?user=pBQViyUAAAAJ"
    },
    {
      "name": "Krishna S Nayak",
      "scholar_id": "HdgP06oAAAAJ",
      "url": "https://scholar.google.com/citations?user=HdgP06oAAAAJ"
    },
    {
      "name": "Chi-Chun Lee (Jeremy)",
      "scholar_id": "MGqWqOAAAAAJ",
      "url": "https://scholar.google.com/citations?user=MGqWqOAAAAAJ"
    },
    {
      "name": "David C Atkins",
      "scholar_id": "PU9TZ64AAAAJ",
      "url": "https://scholar.google.com/citations?user=PU9TZ64AAAAJ"
    },
    {
      "name": "Emily Mower Provost",
      "scholar_id": "2pH8BZwAAAAJ",
      "url": "https://scholar.google.com/citations?user=2pH8BZwAAAAJ"
    },
    {
      "name": "Murtaza Bulut",
      "scholar_id": "trq3CSYAAAAJ",
      "url": "https://scholar.google.com/citations?user=trq3CSYAAAAJ"
    },
    {
      "name": "Adam Lammert",
      "scholar_id": "OhCJzJAAAAAJ",
      "url": "https://scholar.google.com/citations?user=OhCJzJAAAAAJ"
    },
    {
      "name": "Athanasios Katsamanis",
      "scholar_id": "S08iCqYAAAAJ",
      "url": "https://scholar.google.com/citations?user=S08iCqYAAAAJ"
    },
    {
      "name": "Asterios Toutios",
      "scholar_id": "PvSmXZMAAAAJ",
      "url": "https://scholar.google.com/citations?user=PvSmXZMAAAAJ"
    },
    {
      "name": "Daniel Bone",
      "scholar_id": "No1W21oAAAAJ",
      "url": "https://scholar.google.com/citations?user=No1W21oAAAAJ"
    },
    {
      "name": "Björn Schuller",
      "scholar_id": "TxKNCSoAAAAJ",
      "url": "https://scholar.google.com/citations?user=TxKNCSoAAAAJ"
    },
    {
      "name": "Michael Proctor",
      "scholar_id": "1ZCEkN8AAAAJ",
      "url": "https://scholar.google.com/citations?user=1ZCEkN8AAAAJ"
    },
    {
      "name": "Brian R.W. Baucom",
      "scholar_id": "mzDVKE4AAAAJ",
      "url": "https://scholar.google.com/citations?user=mzDVKE4AAAAJ"
    },
    {
      "name": "Samuel Kim",
      "scholar_id": "FaIWlL0AAAAJ",
      "url": "https://scholar.google.com/citations?user=FaIWlL0AAAAJ"
    },
    {
      "name": "Vikram Ramanarayanan",
      "scholar_id": "mUm8U2IAAAAJ",
      "url": "https://scholar.google.com/citations?user=mUm8U2IAAAAJ"
    }
  ]
}