{
  "author_info": {
    "name": "Wendi Zhou",
    "affiliation": "PhD @ University of Edinburgh",
    "email_verified": "Verified email at ed.ac.uk",
    "interests": [
      "NLP",
      "Argument Mining",
      "LLM"
    ],
    "photo_url": "https://scholar.googleusercontent.com/citations?view_op=view_photo&user=BaaHNPYAAAAJ&citpid=3"
  },
  "citation_stats": {
    "citations_all": 27,
    "citations_since_2020": 27,
    "h_index_all": 2,
    "h_index_since_2020": 2,
    "i10_index_all": 1,
    "i10_index_since_2020": 1,
    "citation_graph": [
      {
        "year": 2022,
        "citations": 3
      },
      {
        "year": 2023,
        "citations": 5
      },
      {
        "year": 2024,
        "citations": 10
      },
      {
        "year": 2025,
        "citations": 9
      }
    ]
  },
  "papers": [
    {
      "title": "Aspect-Based Opinion Summarization with Argumentation Schemes",
      "url": "https://scholar.google.com/citations?view_op=view_citation&hl=en&user=BaaHNPYAAAAJ&citation_for_view=BaaHNPYAAAAJ:qjMakFHDy7sC",
      "authors": "W Zhou, A Saadat-Yazdi, N Kokciyan",
      "venue": "arXiv preprint arXiv:2506.09917, 2025",
      "year": 2025,
      "citations": 1
    },
    {
      "title": "DayDreamer at CQs-Gen 2025: Generating Critical Questions through Argument Scheme Completion",
      "url": "https://scholar.google.com/citations?view_op=view_citation&hl=en&user=BaaHNPYAAAAJ&citation_for_view=BaaHNPYAAAAJ:2osOgNQ5qMEC",
      "authors": "W Zhou, A Saadat-Yazdi, N Kökciyan",
      "venue": "arXiv preprint arXiv:2505.15554, 2025",
      "year": 2025,
      "citations": 1
    },
    {
      "title": "Similarity-Based Domain Adaptation with LLMs",
      "url": "https://scholar.google.com/citations?view_op=view_citation&hl=en&user=BaaHNPYAAAAJ&citation_for_view=BaaHNPYAAAAJ:u5HHmVD_uO8C",
      "authors": "J He, W Zhou, XL Li, JZ Pan",
      "venue": "arXiv preprint arXiv:2503.05281, 2025",
      "year": 2025,
      "citations": 0
    },
    {
      "title": "A Usage-centric Take on Intent Understanding in E-Commerce",
      "url": "https://scholar.google.com/citations?view_op=view_citation&hl=en&user=BaaHNPYAAAAJ&citation_for_view=BaaHNPYAAAAJ:u-x6o8ySG0sC",
      "authors": "W Zhou, T Li, P Vougiouklis, M Steedman, JZ Pan",
      "venue": "arXiv preprint arXiv:2402.14901, 2024",
      "year": 2024,
      "citations": 8
    },
    {
      "title": "From An LLM Swarm To A PDDL-Empowered HIVE: Planning Self-Executed Instructions In A Multi-Modal Jungle",
      "url": "https://scholar.google.com/citations?view_op=view_citation&hl=en&user=BaaHNPYAAAAJ&citation_for_view=BaaHNPYAAAAJ:9yKSN-GCB0IC",
      "authors": "K Vyas, D Graux, Y Yang, S Montella, C Diao, W Zhou, P Vougiouklis, ...",
      "venue": "arXiv preprint arXiv:2412.12839, 2024",
      "year": 2024,
      "citations": 2
    },
    {
      "title": "Unified SVM algorithm based on LS-DC loss",
      "url": "https://scholar.google.com/citations?view_op=view_citation&hl=en&user=BaaHNPYAAAAJ&citation_for_view=BaaHNPYAAAAJ:d1gkVwhDpl0C",
      "authors": "S Zhou, W Zhou",
      "venue": "Machine Learning 112 (8), 2975-3002, 2023",
      "year": 2023,
      "citations": 15
    }
  ],
  "co_authors": [
    {
      "name": "Jeff Z. Pan",
      "scholar_id": "zLDAY8QAAAAJ",
      "url": "https://scholar.google.com/citations?user=zLDAY8QAAAAJ"
    },
    {
      "name": "Pavlos Vougiouklis",
      "scholar_id": "9J7YeR0AAAAJ",
      "url": "https://scholar.google.com/citations?user=9J7YeR0AAAAJ"
    },
    {
      "name": "Tianyi Li",
      "scholar_id": "1HtnSIkAAAAJ",
      "url": "https://scholar.google.com/citations?user=1HtnSIkAAAAJ"
    },
    {
      "name": "Mark Steedman",
      "scholar_id": "ccCd0_YAAAAJ",
      "url": "https://scholar.google.com/citations?user=ccCd0_YAAAAJ"
    },
    {
      "name": "Nadin Kökciyan",
      "scholar_id": "MzquQysAAAAJ",
      "url": "https://scholar.google.com/citations?user=MzquQysAAAAJ"
    },
    {
      "name": "Ameer Saadat-Yazdi",
      "scholar_id": "v6iAy08AAAAJ",
      "url": "https://scholar.google.com/citations?user=v6iAy08AAAAJ"
    },
    {
      "name": "Damien Graux",
      "scholar_id": "H4YS4zwAAAAJ",
      "url": "https://scholar.google.com/citations?user=H4YS4zwAAAAJ"
    },
    {
      "name": "Kaustubh Vyas",
      "scholar_id": "hpwBAlwAAAAJ",
      "url": "https://scholar.google.com/citations?user=hpwBAlwAAAAJ"
    },
    {
      "name": "Jie He",
      "scholar_id": "VMD_HuYAAAAJ",
      "url": "https://scholar.google.com/citations?user=VMD_HuYAAAAJ"
    }
  ]
}