{
  "author_info": {
    "name": "Yongrui Chen（陈永锐）",
    "affiliation": "Southeast University",
    "email_verified": "Verified email at seu.edu.cn - Homepage",
    "website": "https://bahuia.github.io/",
    "interests": [
      "artificial intelligence",
      "natural language processing",
      "knowledge graph"
    ],
    "photo_url": "https://scholar.googleusercontent.com/citations?view_op=view_photo&user=8ZjIHyEAAAAJ&citpid=8"
  },
  "citation_stats": {
    "citations_all": 572,
    "citations_since_2020": 568,
    "h_index_all": 11,
    "h_index_since_2020": 11,
    "i10_index_all": 12,
    "i10_index_since_2020": 12,
    "citation_graph": [
      {
        "year": 2019,
        "citations": 3
      },
      {
        "year": 2020,
        "citations": 1
      },
      {
        "year": 2021,
        "citations": 22
      },
      {
        "year": 2022,
        "citations": 51
      },
      {
        "year": 2023,
        "citations": 69
      },
      {
        "year": 2024,
        "citations": 169
      },
      {
        "year": 2025,
        "citations": 252
      }
    ]
  },
  "papers": [
    {
      "title": "Hegta: Leveraging heterogeneous graph-enhanced large language models for few-shot complex table understanding",
      "url": "https://scholar.google.com/citations?view_op=view_citation&hl=en&user=8ZjIHyEAAAAJ&citation_for_view=8ZjIHyEAAAAJ:_FxGoFyzp5QC",
      "authors": "R Jin, Y Li, G Qi, N Hu, YF Li, J Chen, J Wang, Y Chen, D Min, S Bi",
      "venue": "Proceedings of the AAAI Conference on Artificial Intelligence 39 (23), 24294 …, 2025",
      "year": 2025,
      "citations": 13
    },
    {
      "title": "Large Language Models Meet Knowledge Graphs for Question Answering: Synthesis and Opportunities",
      "url": "https://scholar.google.com/citations?view_op=view_citation&hl=en&user=8ZjIHyEAAAAJ&citation_for_view=8ZjIHyEAAAAJ:mVmsd5A6BfQC",
      "authors": "C Ma, Y Chen, T Wu, A Khan, H Wang",
      "venue": "arXiv preprint arXiv:2505.20099, 2025",
      "year": 2025,
      "citations": 6
    },
    {
      "title": "Single image unlearning: Efficient machine unlearning in multimodal large language models",
      "url": "https://scholar.google.com/citations?view_op=view_citation&hl=en&user=8ZjIHyEAAAAJ&citation_for_view=8ZjIHyEAAAAJ:KlAtU1dfN6UC",
      "authors": "J Li, Q Wei, C Zhang, G Qi, M Du, Y Chen, S Bi, F Liu",
      "venue": "Advances in Neural Information Processing Systems 37, 35414-35453, 2024",
      "year": 2024,
      "citations": 26
    },
    {
      "title": "Exploring the impact of table-to-text methods on augmenting llm-based question answering with domain hybrid data",
      "url": "https://scholar.google.com/citations?view_op=view_citation&hl=en&user=8ZjIHyEAAAAJ&citation_for_view=8ZjIHyEAAAAJ:8k81kl-MbHgC",
      "authors": "D Min, N Hu, R Jin, N Lin, J Chen, Y Chen, Y Li, G Qi, Y Li, N Li, Q Wang",
      "venue": "arXiv preprint arXiv:2402.12869, 2024",
      "year": 2024,
      "citations": 26
    },
    {
      "title": "Dog-instruct: Towards premium instruction-tuning data via text-grounded instruction wrapping",
      "url": "https://scholar.google.com/citations?view_op=view_citation&hl=en&user=8ZjIHyEAAAAJ&citation_for_view=8ZjIHyEAAAAJ:kNdYIx-mwKoC",
      "authors": "Y Chen, H Jiang, X Huang, S Shi, G Qi",
      "venue": "Proceedings of the 2024 Conference of the North American Chapter of the …, 2024",
      "year": 2024,
      "citations": 18
    },
    {
      "title": "MATEval: a multi-agent discussion framework for advancing open-ended text evaluation",
      "url": "https://scholar.google.com/citations?view_op=view_citation&hl=en&user=8ZjIHyEAAAAJ&citation_for_view=8ZjIHyEAAAAJ:eQOLeE2rZwMC",
      "authors": "Y Li, S Zhang, R Wu, X Huang, Y Chen, W Xu, G Qi, D Min",
      "venue": "International Conference on Database Systems for Advanced Applications, 415-426, 2024",
      "year": 2024,
      "citations": 14
    },
    {
      "title": "Event is more valuable than you think: Improving the similar legal case retrieval via event knowledge",
      "url": "https://scholar.google.com/citations?view_op=view_citation&hl=en&user=8ZjIHyEAAAAJ&citation_for_view=8ZjIHyEAAAAJ:3fE2CSJIrl8C",
      "authors": "Y Zhang, S Zhai, Y Meng, S Bi, Y Chen, G Qi",
      "venue": "Information Processing & Management 61 (4), 103729, 2024",
      "year": 2024,
      "citations": 7
    },
    {
      "title": "Mike: A new benchmark for fine-grained multimodal entity knowledge editing",
      "url": "https://scholar.google.com/citations?view_op=view_citation&hl=en&user=8ZjIHyEAAAAJ&citation_for_view=8ZjIHyEAAAAJ:UebtZRa9Y70C",
      "authors": "J Li, M Du, C Zhang, Y Chen, N Hu, G Qi, H Jiang, S Cheng, B Tian",
      "venue": "arXiv preprint arXiv:2402.14835, 2024",
      "year": 2024,
      "citations": 7
    },
    {
      "title": "Can ChatGPT replace traditional KBQA models? An in-depth analysis of the question answering performance of the GPT LLM family",
      "url": "https://scholar.google.com/citations?view_op=view_citation&hl=en&user=8ZjIHyEAAAAJ&citation_for_view=8ZjIHyEAAAAJ:YsMSGLbcyi4C",
      "authors": "Y Tan, D Min, Y Li, W Li, N Hu, Y Chen, G Qi",
      "venue": "International Semantic Web Conference, 348-367, 2023",
      "year": 2023,
      "citations": 180
    },
    {
      "title": "Parameterizing Context: Unleashing the Power of Parameter-Efficient Fine-Tuning and In-Context Tuning for Continual Table Semantic Parsing",
      "url": "https://scholar.google.com/citations?view_op=view_citation&hl=en&user=8ZjIHyEAAAAJ&citation_for_view=8ZjIHyEAAAAJ:W7OEmFMy1HYC",
      "authors": "Y Chen, S Zhang, G Qi, X Guo",
      "venue": "NeurIPS 2023, 2023",
      "year": 2023,
      "citations": 22
    },
    {
      "title": "Learn from yesterday: A semi-supervised continual learning method for supervision-limited text-to-sql task streams",
      "url": "https://scholar.google.com/citations?view_op=view_citation&hl=en&user=8ZjIHyEAAAAJ&citation_for_view=8ZjIHyEAAAAJ:IjCSPb-OGe4C",
      "authors": "Y Chen, X Guo, T Wu, G Qi, Y Li, Y Dong",
      "venue": "Proceedings of the AAAI Conference on Artificial Intelligence 37 (11), 12682 …, 2023",
      "year": 2023,
      "citations": 12
    },
    {
      "title": "Incorporating domain knowledge graph into multimodal movie genre classification with self-supervised attention and contrastive learning",
      "url": "https://scholar.google.com/citations?view_op=view_citation&hl=en&user=8ZjIHyEAAAAJ&citation_for_view=8ZjIHyEAAAAJ:WF5omc3nYNoC",
      "authors": "J Li, G Qi, C Zhang, Y Chen, Y Tan, C Xia, Y Tian",
      "venue": "Proceedings of the 31st ACM International Conference on Multimedia, 3337-3345, 2023",
      "year": 2023,
      "citations": 9
    },
    {
      "title": "MLPQ: A dataset for path question answering over multilingual knowledge graphs",
      "url": "https://scholar.google.com/citations?view_op=view_citation&hl=en&user=8ZjIHyEAAAAJ&citation_for_view=8ZjIHyEAAAAJ:zYLM7Y9cAGgC",
      "authors": "Y Tan, Y Chen, G Qi, W Li, M Wang",
      "venue": "Big Data Research 32, 100381, 2023",
      "year": 2023,
      "citations": 9
    },
    {
      "title": "Tabprompt: Graph-based pre-training and prompting for few-shot table understanding",
      "url": "https://scholar.google.com/citations?view_op=view_citation&hl=en&user=8ZjIHyEAAAAJ&citation_for_view=8ZjIHyEAAAAJ:LkGwnXOMwfcC",
      "authors": "R Jin, J Wang, W Tan, Y Chen, G Qi, W Hao",
      "venue": "Findings of the Association for Computational Linguistics: EMNLP 2023, 7373-7383, 2023",
      "year": 2023,
      "citations": 7
    },
    {
      "title": "CLRN: A reasoning network for multi-relation question answering over cross-lingual knowledge graphs",
      "url": "https://scholar.google.com/citations?view_op=view_citation&hl=en&user=8ZjIHyEAAAAJ&citation_for_view=8ZjIHyEAAAAJ:ufrVoPGSRksC",
      "authors": "Y Tan, X Zhang, Y Chen, Z Ali, Y Hua, G Qi",
      "venue": "Expert Systems with Applications 231, 120721, 2023",
      "year": 2023,
      "citations": 5
    },
    {
      "title": "Outlining and Filling: Hierarchical Query Graph Generation for Answering Complex Questions Over Knowledge Graphs",
      "url": "https://scholar.google.com/citations?view_op=view_citation&hl=en&user=8ZjIHyEAAAAJ&citation_for_view=8ZjIHyEAAAAJ:qjMakFHDy7sC",
      "authors": "Y Chen, H Li, G Qi, T Wu, T Wang",
      "venue": "IEEE Transactions on Knowledge and Data Engineering, TKDE 35 (Aug. 2023 …, 2022",
      "year": 2022,
      "citations": 46
    },
    {
      "title": "Improving Few-Shot Text-to-SQL with Meta Self-Training via Column Specificity.",
      "url": "https://scholar.google.com/citations?view_op=view_citation&hl=en&user=8ZjIHyEAAAAJ&citation_for_view=8ZjIHyEAAAAJ:UeHWp8X0CEIC",
      "authors": "X Guo, Y Chen, G Qi, T Wu, H Xu",
      "venue": "IJCAI, 4150-4156, 2022",
      "year": 2022,
      "citations": 6
    },
    {
      "title": "Leveraging table content for zero-shot text-to-sql with meta-learning",
      "url": "https://scholar.google.com/citations?view_op=view_citation&hl=en&user=8ZjIHyEAAAAJ&citation_for_view=8ZjIHyEAAAAJ:2osOgNQ5qMEC",
      "authors": "Y Chen, X Guo, C Wang, J Qiu, G Qi, M Wang, H Li",
      "venue": "Proceedings of the AAAI Conference on Artificial Intelligence 35 (5), 3992-4000, 2021",
      "year": 2021,
      "citations": 10
    },
    {
      "title": "Formal query building with query structure prediction for complex question answering over knowledge base",
      "url": "https://scholar.google.com/citations?view_op=view_citation&hl=en&user=8ZjIHyEAAAAJ&citation_for_view=8ZjIHyEAAAAJ:u-x6o8ySG0sC",
      "authors": "Y Chen, H Li, Y Hua, G Qi",
      "venue": "Proceedings of the Twenty-Ninth International Joint Conference on Artificial …, 2020",
      "year": 2020,
      "citations": 90
    },
    {
      "title": "DAM: Transformer-based relation detection for Question Answering over Knowledge Base",
      "url": "https://scholar.google.com/citations?view_op=view_citation&hl=en&user=8ZjIHyEAAAAJ&citation_for_view=8ZjIHyEAAAAJ:d1gkVwhDpl0C",
      "authors": "Y Chen, H Li",
      "venue": "Knowledge-Based Systems 201, 106077, 2020",
      "year": 2020,
      "citations": 33
    }
  ],
  "co_authors": [
    {
      "name": "Guilin Qi",
      "scholar_id": "1gw3LJQAAAAJ",
      "url": "https://scholar.google.com/citations?user=1gw3LJQAAAAJ"
    },
    {
      "name": "Nan Hu",
      "scholar_id": "aBamLksAAAAJ",
      "url": "https://scholar.google.com/citations?user=aBamLksAAAAJ"
    },
    {
      "name": "Dehai Min",
      "scholar_id": "lVn0bHUAAAAJ",
      "url": "https://scholar.google.com/citations?user=lVn0bHUAAAAJ"
    },
    {
      "name": "Yu Li",
      "scholar_id": "ikFB2JcAAAAJ",
      "url": "https://scholar.google.com/citations?user=ikFB2JcAAAAJ"
    },
    {
      "name": "Tianxing Wu",
      "scholar_id": "VE7OlAkAAAAJ",
      "url": "https://scholar.google.com/citations?user=VE7OlAkAAAAJ"
    },
    {
      "name": "Jiaqi Li",
      "scholar_id": "dhHKxpoAAAAJ",
      "url": "https://scholar.google.com/citations?user=dhHKxpoAAAAJ"
    },
    {
      "name": "Shenyu Zhang",
      "scholar_id": "UJMUXRgAAAAJ",
      "url": "https://scholar.google.com/citations?user=UJMUXRgAAAAJ"
    },
    {
      "name": "Rihui Jin",
      "scholar_id": "X-XqxMoAAAAJ",
      "url": "https://scholar.google.com/citations?user=X-XqxMoAAAAJ"
    },
    {
      "name": "Yuncheng Hua",
      "scholar_id": "yPwnJCkAAAAJ",
      "url": "https://scholar.google.com/citations?user=yPwnJCkAAAAJ"
    },
    {
      "name": "Tongtong Wu | 吴桐桐",
      "scholar_id": "u1Qp8lUAAAAJ",
      "url": "https://scholar.google.com/citations?user=u1Qp8lUAAAAJ"
    },
    {
      "name": "Haiyun Jiang",
      "scholar_id": "fk684xEAAAAJ",
      "url": "https://scholar.google.com/citations?user=fk684xEAAAAJ"
    }
  ]
}