{
  "author_info": {
    "name": "Zeqiang Lai",
    "affiliation": "CUHK | Tencent | BIT",
    "email_verified": "Verified email at ie.cuhk.edu.hk - Homepage",
    "website": "https://zeqiang-lai.github.io/",
    "interests": [
      "Low Level Vision",
      "Generated Models",
      "Proximal Algorithm"
    ],
    "photo_url": "https://scholar.googleusercontent.com/citations?view_op=view_photo&user=WUMu1KkAAAAJ&citpid=3"
  },
  "citation_stats": {
    "citations_all": 744,
    "citations_since_2020": 741,
    "h_index_all": 14,
    "h_index_since_2020": 14,
    "i10_index_all": 15,
    "i10_index_since_2020": 15,
    "citation_graph": [
      {
        "year": 2022,
        "citations": 6
      },
      {
        "year": 2023,
        "citations": 62
      },
      {
        "year": 2024,
        "citations": 198
      },
      {
        "year": 2025,
        "citations": 472
      }
    ]
  },
  "papers": [
    {
      "title": "Hunyuan3D 2.0: Scaling Diffusion Models for High Resolution Textured 3D Assets Generation",
      "url": "https://scholar.google.com/citations?view_op=view_citation&hl=en&user=WUMu1KkAAAAJ&citation_for_view=WUMu1KkAAAAJ:MXK_kJrjxJIC",
      "authors": "Z Zhao*, Z Lai*, Q Lin*, Y Zhao*, H Liu, S Yang*, Y Feng*, M Yang*, ...",
      "venue": "arXiv preprint arXiv:2501.12202, 2025",
      "year": 2025,
      "citations": 110
    },
    {
      "title": "Hunyuan3D 2.5: Towards High-Fidelity 3D Assets Generation with Ultimate Details",
      "url": "https://scholar.google.com/citations?view_op=view_citation&hl=en&user=WUMu1KkAAAAJ&citation_for_view=WUMu1KkAAAAJ:ULOm3_A8WrAC",
      "authors": "Z Lai, Y Zhao, H Liu, Z Zhao, Q Lin, H Shi, X Yang, M Yang, S Yang, ...",
      "venue": "arXiv preprint arXiv:2506.16504, 2025",
      "year": 2025,
      "citations": 21
    },
    {
      "title": "Hunyuan3D 2.1: From Images to High-Fidelity 3D Assets with Production-Ready PBR Material",
      "url": "https://scholar.google.com/citations?view_op=view_citation&hl=en&user=WUMu1KkAAAAJ&citation_for_view=WUMu1KkAAAAJ:Zph67rFs4hoC",
      "authors": "T Hunyuan3D, S Yang, M Yang, Y Feng, X Huang, S Zhang, Z He, D Luo, ...",
      "venue": "arXiv preprint arXiv:2506.15442, 2025",
      "year": 2025,
      "citations": 18
    },
    {
      "title": "FlexiTex: Enhancing Texture Generation via Visual Guidance",
      "url": "https://scholar.google.com/citations?view_op=view_citation&hl=en&user=WUMu1KkAAAAJ&citation_for_view=WUMu1KkAAAAJ:kNdYIx-mwKoC",
      "authors": "DD Jiang, X Yang, Z Zhao, S Zhang, J Yu, Z Lai, S Yang, C Guo, X Zhou, ...",
      "venue": "Proceedings of the AAAI Conference on Artificial Intelligence 39 (4), 3967-3975, 2025",
      "year": 2025,
      "citations": 11
    },
    {
      "title": "Unleashing Vecset Diffusion Model for Fast Shape Generation",
      "url": "https://scholar.google.com/citations?view_op=view_citation&hl=en&user=WUMu1KkAAAAJ&citation_for_view=WUMu1KkAAAAJ:3fE2CSJIrl8C",
      "authors": "Z Lai, Y Zhao, Z Zhao, H Liu, F Wang, H Shi, X Yang, Q Lin, J Huang, ...",
      "venue": "arXiv preprint arXiv:2503.16302, 2025",
      "year": 2025,
      "citations": 7
    },
    {
      "title": "Unaligned RGB Guided Hyperspectral Image Super-Resolution with Spatial-Spectral Concordance",
      "url": "https://scholar.google.com/citations?view_op=view_citation&hl=en&user=WUMu1KkAAAAJ&citation_for_view=WUMu1KkAAAAJ:KlAtU1dfN6UC",
      "authors": "Y Zhang, Z Lai, T Zhang, Y Fu, C Zhou",
      "venue": "International Journal of Computer Vision, 1-21, 2025",
      "year": 2025,
      "citations": 5
    },
    {
      "title": "X-part: high fidelity and structure coherent shape decomposition",
      "url": "https://scholar.google.com/citations?view_op=view_citation&hl=en&user=WUMu1KkAAAAJ&citation_for_view=WUMu1KkAAAAJ:YOwf2qJgpHMC",
      "authors": "X Yan, J Xu, Y Li, C Ma, Y Yang, C Wang, Z Zhao, Z Lai, Y Zhao, Z Chen, ...",
      "venue": "arXiv preprint arXiv:2509.08643, 2025",
      "year": 2025,
      "citations": 2
    },
    {
      "title": "Hunyuan3d studio: End-to-end ai pipeline for game-ready 3d asset generation",
      "url": "https://scholar.google.com/citations?view_op=view_citation&hl=en&user=WUMu1KkAAAAJ&citation_for_view=WUMu1KkAAAAJ:_kc_bZDykSQC",
      "authors": "B Lei, Y Li, X Liu, S Yang, L Xu, J Huang, R Tang, H Weng, J Liu, J Xu, ...",
      "venue": "arXiv preprint arXiv:2509.12815, 2025",
      "year": 2025,
      "citations": 1
    },
    {
      "title": "VisionLLM v2: An End-to-End Generalist Multimodal Large Language Model for Hundreds of Vision-Language Tasks",
      "url": "https://scholar.google.com/citations?view_op=view_citation&hl=en&user=WUMu1KkAAAAJ&citation_for_view=WUMu1KkAAAAJ:Se3iqnhoufwC",
      "authors": "J Wu*, M Zhong*, S Xing*, Z Lai*, Z Liu*, W Wang, Z Chen, X Zhu, L Lu, ...",
      "venue": "Advances in Neural Information Processing Systems, 2024",
      "year": 2024,
      "citations": 119
    },
    {
      "title": "Scaling Mesh Generation via Compressive Tokenization",
      "url": "https://scholar.google.com/citations?view_op=view_citation&hl=en&user=WUMu1KkAAAAJ&citation_for_view=WUMu1KkAAAAJ:5nxA0vEk-isC",
      "authors": "H Weng, Z Zhao, B Lei, X Yang, J Liu, Z Lai, Z Chen, Y Liu, J Jiang, C Guo, ...",
      "venue": "Proceedings of the IEEE/CVF Conference on Computer Vision and Pattern …, 2024",
      "year": 2024,
      "citations": 33
    },
    {
      "title": "Hyperspectral Image Super Resolution with Real Unaligned RGB Guidance",
      "url": "https://scholar.google.com/citations?view_op=view_citation&hl=en&user=WUMu1KkAAAAJ&citation_for_view=WUMu1KkAAAAJ:9yKSN-GCB0IC",
      "authors": "Z Lai, Y Fu, J Zhang",
      "venue": "IEEE Transactions on Neural Networks and Learning Systems, 2024",
      "year": 2024,
      "citations": 28
    },
    {
      "title": "Mulan: Adapting Multilingual Diffusion Models for Hundreds of Languages with Negligible Cost",
      "url": "https://scholar.google.com/citations?view_op=view_citation&hl=en&user=WUMu1KkAAAAJ&citation_for_view=WUMu1KkAAAAJ:8k81kl-MbHgC",
      "authors": "S Xing*, M Zhong*, Z Lai*, L Li, J Liu, Y Wang, J Dai, W Wang",
      "venue": "arXiv preprint arXiv:2412.01271, 2024",
      "year": 2024,
      "citations": 3
    },
    {
      "title": "InternGPT: Solving Vision-Centric Tasks by Interacting with Chatbots Beyond Language",
      "url": "https://scholar.google.com/citations?view_op=view_citation&hl=en&user=WUMu1KkAAAAJ&citation_for_view=WUMu1KkAAAAJ:UeHWp8X0CEIC",
      "authors": "Z Liu*, Y He*, W Wang*, W Wang*, Y Wang*, S Chen*, Q Zhang*, Z Lai*, ...",
      "venue": "arXiv preprint arXiv:2305.05662, 2023",
      "year": 2023,
      "citations": 126
    },
    {
      "title": "ControlLLM: Augment Language Models with Tools by Searching on Graphs",
      "url": "https://scholar.google.com/citations?view_op=view_citation&hl=en&user=WUMu1KkAAAAJ&citation_for_view=WUMu1KkAAAAJ:_FxGoFyzp5QC",
      "authors": "Z Liu*, Z Lai*, Z Gao, E Cui, Z Li, X Zhu, L Lu, Q Chen, Y Qiao, J Dai, ...",
      "venue": "European Conference on Computer Vision, 2024, 89--105, 2023",
      "year": 2023,
      "citations": 55
    },
    {
      "title": "Hybrid Spectral Denoising Transformer with Guided Attention",
      "url": "https://scholar.google.com/citations?view_op=view_citation&hl=en&user=WUMu1KkAAAAJ&citation_for_view=WUMu1KkAAAAJ:W7OEmFMy1HYC",
      "authors": "Z Lai, C Yan, Y Fu",
      "venue": "Proceedings of the IEEE/CVF International Conference on Computer Vision …, 2023",
      "year": 2023,
      "citations": 34
    },
    {
      "title": "Mini-DALLE3: Interactive Text to Image by Prompting Large Language Models",
      "url": "https://scholar.google.com/citations?view_op=view_citation&hl=en&user=WUMu1KkAAAAJ&citation_for_view=WUMu1KkAAAAJ:YsMSGLbcyi4C",
      "authors": "Z Lai, X Zhu, J Dai, Y Qiao, W Wenhai",
      "venue": "arXiv preprint arXiv:2310.07653, 2023",
      "year": 2023,
      "citations": 33
    },
    {
      "title": "Denoising Diffusion Semantic Segmentation with Mask Prior Modeling",
      "url": "https://scholar.google.com/citations?view_op=view_citation&hl=en&user=WUMu1KkAAAAJ&citation_for_view=WUMu1KkAAAAJ:qjMakFHDy7sC",
      "authors": "Z Lai*, Y Duan*, J Dai, Z Li, Y Fu, H Li, Y Qiao, W Wang",
      "venue": "arXiv preprint arXiv:2306.01721, 2023",
      "year": 2023,
      "citations": 26
    },
    {
      "title": "Mixed Attention Network for Hyperspectral Image Denoising",
      "url": "https://scholar.google.com/citations?view_op=view_citation&hl=en&user=WUMu1KkAAAAJ&citation_for_view=WUMu1KkAAAAJ:d1gkVwhDpl0C",
      "authors": "Z Lai, Y Fu",
      "venue": "arXiv preprint arXiv:2301.11525, 2023",
      "year": 2023,
      "citations": 24
    },
    {
      "title": "∇-Prox: Differentiable Proximal Algorithm Modeling for Large-scale Optimization",
      "url": "https://scholar.google.com/citations?view_op=view_citation&hl=en&user=WUMu1KkAAAAJ&citation_for_view=WUMu1KkAAAAJ:IjCSPb-OGe4C",
      "authors": "Z Lai*, K Wei*, Y Fu, P Härtel, F Heide",
      "venue": "ACM Transactions on Graphics (TOG) 42 (4), 1-19, 2023",
      "year": 2023,
      "citations": 17
    },
    {
      "title": "Deep Plug-and-Play Prior for Hyperspectral Image Restoration",
      "url": "https://scholar.google.com/citations?view_op=view_citation&hl=en&user=WUMu1KkAAAAJ&citation_for_view=WUMu1KkAAAAJ:u5HHmVD_uO8C",
      "authors": "Z Lai, K Wei, Y Fu",
      "venue": "Neurocomputing 481, 281-293, 2022",
      "year": 2022,
      "citations": 71
    }
  ],
  "co_authors": [
    {
      "name": "Wenhai Wang (王文海)",
      "scholar_id": "WM0OglcAAAAJ",
      "url": "https://scholar.google.com/citations?user=WM0OglcAAAAJ"
    },
    {
      "name": "Jifeng Dai",
      "scholar_id": "SH_-B_AAAAAJ",
      "url": "https://scholar.google.com/citations?user=SH_-B_AAAAAJ"
    },
    {
      "name": "Ying Fu",
      "scholar_id": "PE4xMlkAAAAJ",
      "url": "https://scholar.google.com/citations?user=PE4xMlkAAAAJ"
    },
    {
      "name": "Xizhou Zhu",
      "scholar_id": "02RXI00AAAAJ",
      "url": "https://scholar.google.com/citations?user=02RXI00AAAAJ"
    },
    {
      "name": "Yu Qiao",
      "scholar_id": "gFtI-8QAAAAJ",
      "url": "https://scholar.google.com/citations?user=gFtI-8QAAAAJ"
    },
    {
      "name": "Zhe Chen",
      "scholar_id": "j1rq_lYAAAAJ",
      "url": "https://scholar.google.com/citations?user=j1rq_lYAAAAJ"
    },
    {
      "name": "Ping Luo (羅平)",
      "scholar_id": "aXdjxb4AAAAJ",
      "url": "https://scholar.google.com/citations?user=aXdjxb4AAAAJ"
    },
    {
      "name": "Lewei Lu",
      "scholar_id": "zdgKJXIAAAAJ",
      "url": "https://scholar.google.com/citations?user=zdgKJXIAAAAJ"
    },
    {
      "name": "Kaixuan Wei",
      "scholar_id": "2iI4qX4AAAAJ",
      "url": "https://scholar.google.com/citations?user=2iI4qX4AAAAJ"
    },
    {
      "name": "Yinan He",
      "scholar_id": "EgfF_CEAAAAJ",
      "url": "https://scholar.google.com/citations?user=EgfF_CEAAAAJ"
    },
    {
      "name": "Yang Yang",
      "scholar_id": "Q6TME0QAAAAJ",
      "url": "https://scholar.google.com/citations?user=Q6TME0QAAAAJ"
    },
    {
      "name": "Weiyun Wang",
      "scholar_id": "GJYzDkYAAAAJ",
      "url": "https://scholar.google.com/citations?user=GJYzDkYAAAAJ"
    },
    {
      "name": "Jiashuo Yu",
      "scholar_id": "iH0Aq0YAAAAJ",
      "url": "https://scholar.google.com/citations?user=iH0Aq0YAAAAJ"
    },
    {
      "name": "Yi Wang",
      "scholar_id": "Xm2M8UwAAAAJ",
      "url": "https://scholar.google.com/citations?user=Xm2M8UwAAAAJ"
    },
    {
      "name": "Qingyun Li (李青云)",
      "scholar_id": "TvsTun4AAAAJ",
      "url": "https://scholar.google.com/citations?user=TvsTun4AAAAJ"
    },
    {
      "name": "Jiannan Wu",
      "scholar_id": "1euA66EAAAAJ",
      "url": "https://scholar.google.com/citations?user=1euA66EAAAAJ"
    },
    {
      "name": "Yuchen Duan (段雨辰)",
      "scholar_id": "trkSLFoAAAAJ",
      "url": "https://scholar.google.com/citations?user=trkSLFoAAAAJ"
    },
    {
      "name": "Felix Heide",
      "scholar_id": "gRqzSHsAAAAJ",
      "url": "https://scholar.google.com/citations?user=gRqzSHsAAAAJ"
    },
    {
      "name": "Zibo Zhao",
      "scholar_id": "x3EgqesAAAAJ",
      "url": "https://scholar.google.com/citations?user=x3EgqesAAAAJ"
    }
  ]
}