{
  "author_info": {
    "name": "Gongfan Fang",
    "affiliation": "National University of Singapore",
    "email_verified": "Verified email at u.nus.edu - Homepage",
    "website": "https://fangggf.github.io/",
    "interests": [
      "Efficient Deep Learning",
      "Large Language Models",
      "Generative Models",
      "Efficient AI"
    ],
    "photo_url": "https://scholar.googleusercontent.com/citations?view_op=view_photo&user=489YZ_kAAAAJ&citpid=17"
  },
  "citation_stats": {
    "citations_all": 3490,
    "citations_since_2020": 3487,
    "h_index_all": 21,
    "h_index_since_2020": 21,
    "i10_index_all": 23,
    "i10_index_since_2020": 23,
    "citation_graph": [
      {
        "year": 2020,
        "citations": 11
      },
      {
        "year": 2021,
        "citations": 46
      },
      {
        "year": 2022,
        "citations": 80
      },
      {
        "year": 2023,
        "citations": 317
      },
      {
        "year": 2024,
        "citations": 1141
      },
      {
        "year": 2025,
        "citations": 1879
      }
    ]
  },
  "papers": [
    {
      "title": "CoT-Valve: Length-Compressible Chain-of-Thought Tuning",
      "url": "https://scholar.google.com/citations?view_op=view_citation&hl=en&user=489YZ_kAAAAJ&citation_for_view=489YZ_kAAAAJ:hC7cP41nSMkC",
      "authors": "X Ma, G Wan, R Yu, G Fang, X Wang",
      "venue": "ACL 2025, 2025",
      "year": 2025,
      "citations": 93
    },
    {
      "title": "Efficient reasoning models: A survey",
      "url": "https://scholar.google.com/citations?view_op=view_citation&hl=en&user=489YZ_kAAAAJ&citation_for_view=489YZ_kAAAAJ:HDshCWvjkbEC",
      "authors": "S Feng, G Fang, X Ma, X Wang",
      "venue": "TMLR 2025, 2025",
      "year": 2025,
      "citations": 53
    },
    {
      "title": "dkv-cache: The cache for diffusion language models",
      "url": "https://scholar.google.com/citations?view_op=view_citation&hl=en&user=489YZ_kAAAAJ&citation_for_view=489YZ_kAAAAJ:R3hNpaxXUhUC",
      "authors": "X Ma, R Yu, G Fang, X Wang",
      "venue": "NeurIPS 2025, 2025",
      "year": 2025,
      "citations": 36
    },
    {
      "title": "Thinkless: Llm learns when to think",
      "url": "https://scholar.google.com/citations?view_op=view_citation&hl=en&user=489YZ_kAAAAJ&citation_for_view=489YZ_kAAAAJ:TQgYirikUcIC",
      "authors": "G Fang, X Ma, X Wang",
      "venue": "NeurIPS 2025, 2025",
      "year": 2025,
      "citations": 33
    },
    {
      "title": "Deepcache: Accelerating diffusion models for free",
      "url": "https://scholar.google.com/citations?view_op=view_citation&hl=en&user=489YZ_kAAAAJ&citation_for_view=489YZ_kAAAAJ:3fE2CSJIrl8C",
      "authors": "X Ma, G Fang, X Wang",
      "venue": "CVPR 2024, 2024",
      "year": 2024,
      "citations": 280
    },
    {
      "title": "Learning-to-Cache: Accelerating Diffusion Transformer via Layer Caching",
      "url": "https://scholar.google.com/citations?view_op=view_citation&hl=en&user=489YZ_kAAAAJ&citation_for_view=489YZ_kAAAAJ:ULOm3_A8WrAC",
      "authors": "X Ma, G Fang, MB Mi, X Wang",
      "venue": "NeurIPS 2024, 2024",
      "year": 2024,
      "citations": 73
    },
    {
      "title": "MaskLLM: Learnable Semi-Structured Sparsity for Large Language Models",
      "url": "https://scholar.google.com/citations?view_op=view_citation&hl=en&user=489YZ_kAAAAJ&citation_for_view=489YZ_kAAAAJ:L8Ckcad2t8MC",
      "authors": "G Fang, H Yin, S Muralidharan, G Heinrich, J Pool, J Kautz, P Molchanov, ...",
      "venue": "NeurIPS 2024, 2024",
      "year": 2024,
      "citations": 47
    },
    {
      "title": "SlimSAM: 0.1% data makes segment anything slim",
      "url": "https://scholar.google.com/citations?view_op=view_citation&hl=en&user=489YZ_kAAAAJ&citation_for_view=489YZ_kAAAAJ:-f6ydRqryjwC",
      "authors": "Z Chen, G Fang, X Ma, X Wang",
      "venue": "NeurIPS 2024 37, 39434-39461, 2024",
      "year": 2024,
      "citations": 27
    },
    {
      "title": "Isomorphic Pruning for Vision Models",
      "url": "https://scholar.google.com/citations?view_op=view_citation&hl=en&user=489YZ_kAAAAJ&citation_for_view=489YZ_kAAAAJ:qxL8FJ1GzNcC",
      "authors": "G Fang, X Ma, MB Mi, X Wang",
      "venue": "ECCV 2024, 2024",
      "year": 2024,
      "citations": 24
    },
    {
      "title": "TinyFusion: Diffusion Transformers Learned Shallow",
      "url": "https://scholar.google.com/citations?view_op=view_citation&hl=en&user=489YZ_kAAAAJ&citation_for_view=489YZ_kAAAAJ:qUcmZB5y_30C",
      "authors": "G Fang, K Li, X Ma, X Wang",
      "venue": "CVPR 2025, 2024",
      "year": 2024,
      "citations": 22
    },
    {
      "title": "LLM-Pruner: On the Structural Pruning of Large Language Models",
      "url": "https://scholar.google.com/citations?view_op=view_citation&hl=en&user=489YZ_kAAAAJ&citation_for_view=489YZ_kAAAAJ:Se3iqnhoufwC",
      "authors": "X Ma, G Fang, X Wang",
      "venue": "NeurIPS 2023, 2023",
      "year": 2023,
      "citations": 1052
    },
    {
      "title": "DepGraph: Towards Any Structural Pruning",
      "url": "https://scholar.google.com/citations?view_op=view_citation&hl=en&user=489YZ_kAAAAJ&citation_for_view=489YZ_kAAAAJ:ufrVoPGSRksC",
      "authors": "G Fang, X Ma, M Song, MB Mi, X Wang",
      "venue": "CVPR 2023, 2023",
      "year": 2023,
      "citations": 655
    },
    {
      "title": "Structural Pruning for Diffusion Models",
      "url": "https://scholar.google.com/citations?view_op=view_citation&hl=en&user=489YZ_kAAAAJ&citation_for_view=489YZ_kAAAAJ:dhFuZR0502QC",
      "authors": "G Fang, X Ma, X Wang",
      "venue": "NeurIPS 2023, 2023",
      "year": 2023,
      "citations": 384
    },
    {
      "title": "Knowledge Amalgamation for Object Detection with Transformers",
      "url": "https://scholar.google.com/citations?view_op=view_citation&hl=en&user=489YZ_kAAAAJ&citation_for_view=489YZ_kAAAAJ:Y0pCki6q_DkC",
      "authors": "H Zhang, F Mao, M Xue, G Fang, Z Feng, J Song, M Song",
      "venue": "IEEE Transactions on Image Processing, 2022",
      "year": 2022,
      "citations": 22
    },
    {
      "title": "Contrastive Model Inversion for Data-Free Knowledge Distillation",
      "url": "https://scholar.google.com/citations?view_op=view_citation&hl=en&user=489YZ_kAAAAJ&citation_for_view=489YZ_kAAAAJ:UeHWp8X0CEIC",
      "authors": "G Fang, J Song, X Wang, C Shen, X Wang, M Song",
      "venue": "IJCAI 2021, 2021",
      "year": 2021,
      "citations": 127
    },
    {
      "title": "Up to 100 Faster Data-free Knowledge Distillation",
      "url": "https://scholar.google.com/citations?view_op=view_citation&hl=en&user=489YZ_kAAAAJ&citation_for_view=489YZ_kAAAAJ:Tyk-4Ss8FVUC",
      "authors": "G Fang, K Mo, X Wang, J Song, S Bei, H Zhang, M Song",
      "venue": "AAAI 2022, 2021",
      "year": 2021,
      "citations": 111
    },
    {
      "title": "Mosaicking to Distill: Knowledge Distillation from Out-of-Domain Data",
      "url": "https://scholar.google.com/citations?view_op=view_citation&hl=en&user=489YZ_kAAAAJ&citation_for_view=489YZ_kAAAAJ:IjCSPb-OGe4C",
      "authors": "G Fang, Y Bao, J Song, X Wang, D Xie, C Shen, M Song",
      "venue": "NeurIPS 2021, 2021",
      "year": 2021,
      "citations": 47
    },
    {
      "title": "Adversarial Self-Supervised Data-Free Distillation for Text Classification",
      "url": "https://scholar.google.com/citations?view_op=view_citation&hl=en&user=489YZ_kAAAAJ&citation_for_view=489YZ_kAAAAJ:qjMakFHDy7sC",
      "authors": "X Ma, Y Shen, G Fang, C Chen, C Jia, W Lu",
      "venue": "EMNLP 2020, 2020",
      "year": 2020,
      "citations": 27
    },
    {
      "title": "Data-free adversarial distillation",
      "url": "https://scholar.google.com/citations?view_op=view_citation&hl=en&user=489YZ_kAAAAJ&citation_for_view=489YZ_kAAAAJ:9yKSN-GCB0IC",
      "authors": "G Fang, J Song, C Shen, X Wang, D Chen, M Song",
      "venue": "arXiv preprint arXiv:1912.11006, 2019",
      "year": 2019,
      "citations": 207
    },
    {
      "title": "Knowledge amalgamation from heterogeneous networks by common feature learning",
      "url": "https://scholar.google.com/citations?view_op=view_citation&hl=en&user=489YZ_kAAAAJ&citation_for_view=489YZ_kAAAAJ:d1gkVwhDpl0C",
      "authors": "S Luo, X Wang, G Fang, Y Hu, D Tao, M Song",
      "venue": "IJCAI 2019, 2019",
      "year": 2019,
      "citations": 67
    }
  ],
  "co_authors": [
    {
      "name": "Xinchao Wang",
      "scholar_id": "w69Buq0AAAAJ",
      "url": "https://scholar.google.com/citations?user=w69Buq0AAAAJ"
    },
    {
      "name": "Xinyin Ma",
      "scholar_id": "jFUKS0oAAAAJ",
      "url": "https://scholar.google.com/citations?user=jFUKS0oAAAAJ"
    },
    {
      "name": "Song, Mingli",
      "scholar_id": "7oLbhAwAAAAJ",
      "url": "https://scholar.google.com/citations?user=7oLbhAwAAAAJ"
    },
    {
      "name": "Jie Song (宋杰)",
      "scholar_id": "4OjO-WYAAAAJ",
      "url": "https://scholar.google.com/citations?user=4OjO-WYAAAAJ"
    },
    {
      "name": "Chengchao Shen",
      "scholar_id": "lQ8tqZ4AAAAJ",
      "url": "https://scholar.google.com/citations?user=lQ8tqZ4AAAAJ"
    },
    {
      "name": "Zigeng Chen",
      "scholar_id": "fmbaYzIAAAAJ",
      "url": "https://scholar.google.com/citations?user=fmbaYzIAAAAJ"
    },
    {
      "name": "Haofei Zhang",
      "scholar_id": "zHNBmeYAAAAJ",
      "url": "https://scholar.google.com/citations?user=zHNBmeYAAAAJ"
    },
    {
      "name": "Sihui Luo",
      "scholar_id": "AuxHRQsAAAAJ",
      "url": "https://scholar.google.com/citations?user=AuxHRQsAAAAJ"
    },
    {
      "name": "Mengqi Xue",
      "scholar_id": "G4rnrFEAAAAJ",
      "url": "https://scholar.google.com/citations?user=G4rnrFEAAAAJ"
    },
    {
      "name": "Ruonan Yu",
      "scholar_id": "UHP95egAAAAJ",
      "url": "https://scholar.google.com/citations?user=UHP95egAAAAJ"
    },
    {
      "name": "Zhenxiong Tan",
      "scholar_id": "HP9Be6UAAAAJ",
      "url": "https://scholar.google.com/citations?user=HP9Be6UAAAAJ"
    },
    {
      "name": "Sicheng Feng",
      "scholar_id": "v8z7VvwAAAAJ",
      "url": "https://scholar.google.com/citations?user=v8z7VvwAAAAJ"
    },
    {
      "name": "Hongxu (Danny) Yin",
      "scholar_id": "4gdSoOYAAAAJ",
      "url": "https://scholar.google.com/citations?user=4gdSoOYAAAAJ"
    },
    {
      "name": "Pavlo Molchanov",
      "scholar_id": "J9PoyoIAAAAJ",
      "url": "https://scholar.google.com/citations?user=J9PoyoIAAAAJ"
    },
    {
      "name": "Jeff Pool",
      "scholar_id": "DagH37xI9soC",
      "url": "https://scholar.google.com/citations?user=DagH37xI9soC"
    },
    {
      "name": "Saurav Muralidharan",
      "scholar_id": "GXlChWcAAAAJ",
      "url": "https://scholar.google.com/citations?user=GXlChWcAAAAJ"
    },
    {
      "name": "Greg Heinrich",
      "scholar_id": "VrjibvwAAAAJ",
      "url": "https://scholar.google.com/citations?user=VrjibvwAAAAJ"
    },
    {
      "name": "Jan Kautz",
      "scholar_id": "P9FclNEAAAAJ",
      "url": "https://scholar.google.com/citations?user=P9FclNEAAAAJ"
    },
    {
      "name": "Song Wang",
      "scholar_id": "Jj0jbL8AAAAJ",
      "url": "https://scholar.google.com/citations?user=Jj0jbL8AAAAJ"
    },
    {
      "name": "Kunjun Li",
      "scholar_id": "z8lpsMsAAAAJ",
      "url": "https://scholar.google.com/citations?user=z8lpsMsAAAAJ"
    }
  ]
}