{
  "author_info": {
    "name": "Ziheng Xi",
    "affiliation": "Undergraduate Student of Department of Automation, Tsinghua University",
    "email_verified": "Verified email at mails.tsinghua.edu.cn",
    "interests": [
      "Machine Learning",
      "Deep learning",
      "Pattern Recognition"
    ],
    "photo_url": "https://scholar.googleusercontent.com/citations?view_op=view_photo&user=2jhxMu0AAAAJ&citpid=3"
  },
  "citation_stats": {
    "citations_all": 37,
    "citations_since_2020": 37,
    "h_index_all": 3,
    "h_index_since_2020": 3,
    "i10_index_all": 1,
    "i10_index_since_2020": 1,
    "citation_graph": [
      {
        "year": 2024,
        "citations": 5
      },
      {
        "year": 2025,
        "citations": 32
      }
    ]
  },
  "papers": [
    {
      "title": "FineType: Fine-grained Tapping Gesture Recognition for Text Entry",
      "url": "https://scholar.google.com/citations?view_op=view_citation&hl=en&user=2jhxMu0AAAAJ&citation_for_view=2jhxMu0AAAAJ:4DMP91E08xMC",
      "authors": "C Li, Z Xi, J Feng, J Zhou",
      "venue": "Proceedings of the 2025 CHI Conference on Human Factors in Computing Systems …, 2025",
      "year": 2025,
      "citations": 0
    },
    {
      "title": "Lidar-based person re-identification",
      "url": "https://scholar.google.com/citations?view_op=view_citation&hl=en&user=2jhxMu0AAAAJ&citation_for_view=2jhxMu0AAAAJ:u-x6o8ySG0sC",
      "authors": "W Guo, Z Pan, Y Liang, Z Xi, Z Zhong, J Feng, J Zhou",
      "venue": "Proceedings of the IEEE/CVF Conference on Computer Vision and Pattern …, 2024",
      "year": 2024,
      "citations": 25
    },
    {
      "title": "Camera-lidar cross-modality gait recognition",
      "url": "https://scholar.google.com/citations?view_op=view_citation&hl=en&user=2jhxMu0AAAAJ&citation_for_view=2jhxMu0AAAAJ:5nxA0vEk-isC",
      "authors": "W Guo, Y Liang, Z Pan, Z Xi, J Feng, J Zhou",
      "venue": "European Conference on Computer Vision, 439-455, 2024",
      "year": 2024,
      "citations": 7
    },
    {
      "title": "Sports analysis and vr viewing system based on player tracking and pose estimation with multimodal and multiview sensors",
      "url": "https://scholar.google.com/citations?view_op=view_citation&hl=en&user=2jhxMu0AAAAJ&citation_for_view=2jhxMu0AAAAJ:d1gkVwhDpl0C",
      "authors": "W Guo, Z Pan, Z Xi, A Tuerxun, J Feng, J Zhou",
      "venue": "arXiv preprint arXiv:2405.01112, 2024",
      "year": 2024,
      "citations": 5
    },
    {
      "title": "Camera-LiDAR Cross-modality Gait Recognition (Supplementary Material)",
      "url": "https://scholar.google.com/citations?view_op=view_citation&hl=en&user=2jhxMu0AAAAJ&citation_for_view=2jhxMu0AAAAJ:4TOpqqG69KYC",
      "authors": "W Guo, Y Liang, Z Pan, Z Xi, J Feng, J Zhou",
      "venue": "",
      "citations": 0
    }
  ],
  "co_authors": [
    {
      "name": "Jianjiang Feng (冯建江)",
      "scholar_id": "qlcjuzcAAAAJ",
      "url": "https://scholar.google.com/citations?user=qlcjuzcAAAAJ"
    },
    {
      "name": "Wenxuan Guo",
      "scholar_id": "yj--nvoAAAAJ",
      "url": "https://scholar.google.com/citations?user=yj--nvoAAAAJ"
    },
    {
      "name": "Zhiyu Pan",
      "scholar_id": "3tmfTMoAAAAJ",
      "url": "https://scholar.google.com/citations?user=3tmfTMoAAAAJ"
    }
  ]
}