{
  "author_info": {
    "name": "Haoliang Sun (孙皓亮)",
    "affiliation": "Associate Professor, School of Software, Shandong University",
    "email_verified": "Verified email at sdu.edu.cn - Homepage",
    "website": "https://haolsun.github.io/",
    "interests": [
      "Machine Learning",
      "Probabilistic Models",
      "Meta-Learning"
    ],
    "photo_url": "https://scholar.googleusercontent.com/citations?view_op=view_photo&user=s5FAQ5wAAAAJ&citpid=4"
  },
  "citation_stats": {
    "citations_all": 664,
    "citations_since_2020": 629,
    "h_index_all": 12,
    "h_index_since_2020": 12,
    "i10_index_all": 13,
    "i10_index_since_2020": 13,
    "citation_graph": [
      {
        "year": 2018,
        "citations": 6
      },
      {
        "year": 2019,
        "citations": 26
      },
      {
        "year": 2020,
        "citations": 41
      },
      {
        "year": 2021,
        "citations": 50
      },
      {
        "year": 2022,
        "citations": 60
      },
      {
        "year": 2023,
        "citations": 117
      },
      {
        "year": 2024,
        "citations": 164
      },
      {
        "year": 2025,
        "citations": 194
      }
    ]
  },
  "papers": [
    {
      "title": "Variational rectification inference for learning with noisy labels",
      "url": "https://scholar.google.com/citations?view_op=view_citation&hl=en&user=s5FAQ5wAAAAJ&citation_for_view=s5FAQ5wAAAAJ:qxL8FJ1GzNcC",
      "authors": "H Sun, Q Wei, L Feng, Y Hu, F Liu, H Fan, Y Yin",
      "venue": "International Journal of Computer Vision 133 (2), 652-671, 2025",
      "year": 2025,
      "citations": 8
    },
    {
      "title": "Enhancing origin–destination flow prediction via bi-directional spatio-temporal inference and interconnected feature evolution",
      "url": "https://scholar.google.com/citations?view_op=view_citation&hl=en&user=s5FAQ5wAAAAJ&citation_for_view=s5FAQ5wAAAAJ:4DMP91E08xMC",
      "authors": "P Yu, X Zhang, Y Gong, J Zhang, H Sun, J Zhang, X Zhang, Y Yin",
      "venue": "Expert Systems with Applications 264, 125679, 2025",
      "year": 2025,
      "citations": 7
    },
    {
      "title": "Spatio-Temporal Multivariate Probabilistic Modeling for Traffic Prediction",
      "url": "https://scholar.google.com/citations?view_op=view_citation&hl=en&user=s5FAQ5wAAAAJ&citation_for_view=s5FAQ5wAAAAJ:L8Ckcad2t8MC",
      "authors": "Y An, Z Li, X Li, W Liu, X Yang, H Sun, M Chen, Y Zheng, Y Gong",
      "venue": "IEEE Transactions on Knowledge and Data Engineering, 2025",
      "year": 2025,
      "citations": 6
    },
    {
      "title": "Diverse Teacher–Students for deep safe semi-supervised learning under class mismatch",
      "url": "https://scholar.google.com/citations?view_op=view_citation&hl=en&user=s5FAQ5wAAAAJ&citation_for_view=s5FAQ5wAAAAJ:4TOpqqG69KYC",
      "authors": "Q Wang, R He, Y Gong, C Ren, H Sun, X Huang, Y Yin",
      "venue": "Neural Networks 187, 107336, 2025",
      "year": 2025,
      "citations": 4
    },
    {
      "title": "Spatio-temporal Graph Normalizing Flow for Probabilistic Traffic Prediction",
      "url": "https://scholar.google.com/citations?view_op=view_citation&hl=en&user=s5FAQ5wAAAAJ&citation_for_view=s5FAQ5wAAAAJ:aqlVkmm33-oC",
      "authors": "Y An, Z Li, W Liu, H Sun, M Chen, W Lu, Y Gong",
      "venue": "Proceedings of the 33rd ACM international conference on information and …, 2024",
      "year": 2024,
      "citations": 6
    },
    {
      "title": "Fine-Grained Classification with Noisy Labels",
      "url": "https://scholar.google.com/citations?view_op=view_citation&hl=en&user=s5FAQ5wAAAAJ&citation_for_view=s5FAQ5wAAAAJ:5nxA0vEk-isC",
      "authors": "Q Wei, L Feng, H Sun, R Wang, C Guo, Y Yin",
      "venue": "Proceedings of the IEEE/CVF conference on computer vision and pattern …, 2023",
      "year": 2023,
      "citations": 68
    },
    {
      "title": "MetaViewer: Towards A Unified Multi-View Representation",
      "url": "https://scholar.google.com/citations?view_op=view_citation&hl=en&user=s5FAQ5wAAAAJ&citation_for_view=s5FAQ5wAAAAJ:8k81kl-MbHgC",
      "authors": "R Wang, H Sun, Y Ma, X Xi, Y Yin",
      "venue": "Proceedings of the IEEE/CVF conference on computer vision and pattern …, 2023",
      "year": 2023,
      "citations": 21
    },
    {
      "title": "Attentional Prototype Inference for Few-Shot Segmentation",
      "url": "https://scholar.google.com/citations?view_op=view_citation&hl=en&user=s5FAQ5wAAAAJ&citation_for_view=s5FAQ5wAAAAJ:ufrVoPGSRksC",
      "authors": "H Sun, X Lu, H Wang, Y Yin, X Zhen, CGM Snoek, L Shao",
      "venue": "Pattern Recognition, 2023",
      "year": 2023,
      "citations": 18
    },
    {
      "title": "Multi-View Representation Learning via View-Aware Modulation",
      "url": "https://scholar.google.com/citations?view_op=view_citation&hl=en&user=s5FAQ5wAAAAJ&citation_for_view=s5FAQ5wAAAAJ:Zph67rFs4hoC",
      "authors": "R Wang, H Sun, X Nie, Y Lin, X Xi, Y Yin",
      "venue": "Proceedings of the 31st ACM International Conference on Multimedia, 3876-3886, 2023",
      "year": 2023,
      "citations": 4
    },
    {
      "title": "Self-Filtering: A Noise-Aware Sample Selection for Label Noise with Confidence Penalization",
      "url": "https://scholar.google.com/citations?view_op=view_citation&hl=en&user=s5FAQ5wAAAAJ&citation_for_view=s5FAQ5wAAAAJ:Se3iqnhoufwC",
      "authors": "Q Wei, H Sun, X Lu, Y Yin",
      "venue": "European Conference on Computer Vision (ECCV), 2022",
      "year": 2022,
      "citations": 76
    },
    {
      "title": "Learning transferable parameters for unsupervised domain adaptation",
      "url": "https://scholar.google.com/citations?view_op=view_citation&hl=en&user=s5FAQ5wAAAAJ&citation_for_view=s5FAQ5wAAAAJ:_FxGoFyzp5QC",
      "authors": "Z Han, H Sun, Y Yin",
      "venue": "IEEE Transactions on Image Processing 31, 6424-6439, 2022",
      "year": 2022,
      "citations": 73
    },
    {
      "title": "Learning to Rectify for Robust Learning with Noisy Labels",
      "url": "https://scholar.google.com/citations?view_op=view_citation&hl=en&user=s5FAQ5wAAAAJ&citation_for_view=s5FAQ5wAAAAJ:LkGwnXOMwfcC",
      "authors": "H Sun, C Guo, Q Wei, Z Han, Y Yin",
      "venue": "Pattern Recognition 124, 108467, 2022",
      "year": 2022,
      "citations": 47
    },
    {
      "title": "Towards accurate and robust domain adaptation under multiple noisy environments",
      "url": "https://scholar.google.com/citations?view_op=view_citation&hl=en&user=s5FAQ5wAAAAJ&citation_for_view=s5FAQ5wAAAAJ:hqOjcs7Dif8C",
      "authors": "Z Han, XJ Gui, H Sun, Y Yin, S Li",
      "venue": "IEEE Transactions on Pattern Analysis and Machine Intelligence 45 (5), 6460-6479, 2022",
      "year": 2022,
      "citations": 23
    },
    {
      "title": "MetaKernel: Learning variational random features with limited labels",
      "url": "https://scholar.google.com/citations?view_op=view_citation&hl=en&user=s5FAQ5wAAAAJ&citation_for_view=s5FAQ5wAAAAJ:WF5omc3nYNoC",
      "authors": "Y Du, H Sun, X Zhen, J Xu, Y Yin, L Shao, CGM Snoek",
      "venue": "IEEE transactions on pattern analysis and machine intelligence 46 (3), 1464-1478, 2022",
      "year": 2022,
      "citations": 11
    },
    {
      "title": "SNIP-FSL: Finding task-specific lottery jackpots for few-shot learning",
      "url": "https://scholar.google.com/citations?view_op=view_citation&hl=en&user=s5FAQ5wAAAAJ&citation_for_view=s5FAQ5wAAAAJ:roLk4NBRz8UC",
      "authors": "R Wang, H Sun, X Nie, Y Yin",
      "venue": "Knowledge-Based Systems, 2022",
      "year": 2022,
      "citations": 8
    },
    {
      "title": "Learning to learn kernels with variational random features",
      "url": "https://scholar.google.com/citations?view_op=view_citation&hl=en&user=s5FAQ5wAAAAJ&citation_for_view=s5FAQ5wAAAAJ:_kc_bZDykSQC",
      "authors": "X Zhen, H Sun, CS Yingjun Du, Jun Xu, Yilong Yin, Ling Shao",
      "venue": "International Conference on Machine Learning, 11409-11419, 2020",
      "year": 2020,
      "citations": 34
    },
    {
      "title": "Dual-glow: Conditional flow-based generative model for modality transfer",
      "url": "https://scholar.google.com/citations?view_op=view_citation&hl=en&user=s5FAQ5wAAAAJ&citation_for_view=s5FAQ5wAAAAJ:IjCSPb-OGe4C",
      "authors": "H Sun, R Mehta, HH Zhou, Z Huang, SC Johnson, V Prabhakaran, ...",
      "venue": "Proceedings of the IEEE/CVF international conference on computer vision …, 2019",
      "year": 2019,
      "citations": 59
    },
    {
      "title": "Modality-Specific Structure Preserving Hashing for Cross-Modal Retrieval",
      "url": "https://scholar.google.com/citations?view_op=view_citation&hl=en&user=s5FAQ5wAAAAJ&citation_for_view=s5FAQ5wAAAAJ:9yKSN-GCB0IC",
      "authors": "X Liu, X Nie, H Sun, C Cui, Y Yin",
      "venue": "IEEE International Conference on Acoustics, Speech and Signal Processing …, 2018",
      "year": 2018,
      "citations": 25
    },
    {
      "title": "Direct Estimation of Spinal Cobb Angles by Structured Multi-Output Regression",
      "url": "https://scholar.google.com/citations?view_op=view_citation&hl=en&user=s5FAQ5wAAAAJ&citation_for_view=s5FAQ5wAAAAJ:u5HHmVD_uO8C",
      "authors": "S Haoliang, Z Xiantong, B Chris, R Parham, Y Yilong, L Shuo",
      "venue": "Proceedings of International Conference on Information Processing in Medical …, 2017",
      "year": 2017,
      "citations": 98
    },
    {
      "title": "Learning Deep Match Kernels for Image-Set Classification",
      "url": "https://scholar.google.com/citations?view_op=view_citation&hl=en&user=s5FAQ5wAAAAJ&citation_for_view=s5FAQ5wAAAAJ:u-x6o8ySG0sC",
      "authors": "SL Haoliang Sun, Xiantong Zhen, Yuanjie Zheng, Gongping Yang, Yilong Yin",
      "venue": "Proceedings of the IEEE conference on computer vision and pattern recognition, 2017",
      "year": 2017,
      "citations": 49
    }
  ],
  "co_authors": [
    {
      "name": "Xiantong Zhen",
      "scholar_id": "DnBb3e0AAAAJ",
      "url": "https://scholar.google.com/citations?user=DnBb3e0AAAAJ"
    },
    {
      "name": "Qi Wei",
      "scholar_id": "p_ZPeksAAAAJ",
      "url": "https://scholar.google.com/citations?user=p_ZPeksAAAAJ"
    },
    {
      "name": "Yongshun Gong",
      "scholar_id": "WIHqungAAAAJ",
      "url": "https://scholar.google.com/citations?user=WIHqungAAAAJ"
    },
    {
      "name": "Lei Feng",
      "scholar_id": "KomQOFkAAAAJ",
      "url": "https://scholar.google.com/citations?user=KomQOFkAAAAJ"
    },
    {
      "name": "Shuo Li",
      "scholar_id": "6WNtJa0AAAAJ",
      "url": "https://scholar.google.com/citations?user=6WNtJa0AAAAJ"
    },
    {
      "name": "Ling Shao, Fellow of IEEE/IAPR",
      "scholar_id": "z84rLjoAAAAJ",
      "url": "https://scholar.google.com/citations?user=z84rLjoAAAAJ"
    },
    {
      "name": "Zhongyi Han",
      "scholar_id": "0J-PErUAAAAJ",
      "url": "https://scholar.google.com/citations?user=0J-PErUAAAAJ"
    },
    {
      "name": "Cees G. M. Snoek",
      "scholar_id": "0uKdbscAAAAJ",
      "url": "https://scholar.google.com/citations?user=0uKdbscAAAAJ"
    },
    {
      "name": "Xiankai Lu (卢宪凯)",
      "scholar_id": "QS5V5b8AAAAJ",
      "url": "https://scholar.google.com/citations?user=QS5V5b8AAAAJ"
    },
    {
      "name": "Yingjun Du",
      "scholar_id": "oAeW6rAAAAAJ",
      "url": "https://scholar.google.com/citations?user=oAeW6rAAAAAJ"
    },
    {
      "name": "Vikas Singh",
      "scholar_id": "d32BmwcAAAAJ",
      "url": "https://scholar.google.com/citations?user=d32BmwcAAAAJ"
    },
    {
      "name": "Yuanjie Zheng (郑元杰)",
      "scholar_id": "b5jq-mgAAAAJ",
      "url": "https://scholar.google.com/citations?user=b5jq-mgAAAAJ"
    },
    {
      "name": "Hao Zhou",
      "scholar_id": "6Va6E-gAAAAJ",
      "url": "https://scholar.google.com/citations?user=6Va6E-gAAAAJ"
    }
  ]
}