{
  "author_info": {
    "name": "Chao Chen",
    "affiliation": "Harbin Institute of Technology Shenzhen (HITSZ)",
    "email_verified": "Verified email at lehigh.edu",
    "interests": [
      "Explainable Machine Learning",
      "Robustness"
    ],
    "photo_url": "https://scholar.googleusercontent.com/citations?view_op=view_photo&user=kWpAoBkAAAAJ&citpid=1"
  },
  "citation_stats": {
    "citations_all": 102,
    "citations_since_2020": 102,
    "h_index_all": 6,
    "h_index_since_2020": 6,
    "i10_index_all": 4,
    "i10_index_since_2020": 4,
    "citation_graph": [
      {
        "year": 2020,
        "citations": 2
      },
      {
        "year": 2021,
        "citations": 1
      },
      {
        "year": 2022,
        "citations": 13
      },
      {
        "year": 2023,
        "citations": 10
      },
      {
        "year": 2024,
        "citations": 29
      },
      {
        "year": 2025,
        "citations": 47
      }
    ]
  },
  "papers": [
    {
      "title": "Wasserstein-regularized conformal prediction under general distribution shift",
      "url": "https://scholar.google.com/citations?view_op=view_citation&hl=en&user=kWpAoBkAAAAJ&citation_for_view=kWpAoBkAAAAJ:Se3iqnhoufwC",
      "authors": "R Xu, C Chen, Y Sun, P Venkitasubramaniam, S Xie",
      "venue": "arXiv preprint arXiv:2501.13430, 2025",
      "year": 2025,
      "citations": 6
    },
    {
      "title": "MSR: A Multifaceted Self-Retrieval Framework for Microscopic Cascade Prediction",
      "url": "https://scholar.google.com/citations?view_op=view_citation&hl=en&user=kWpAoBkAAAAJ&citation_for_view=kWpAoBkAAAAJ:0EnyYjriUFMC",
      "authors": "D Hong, C Chen, X Li, S Wang, W Lin, X Liao",
      "venue": "Proceedings of the AAAI Conference on Artificial Intelligence 39 (11), 11781 …, 2025",
      "year": 2025,
      "citations": 1
    },
    {
      "title": "From Attribution to Action: Jointly ALIGNing Predictions and Explanations",
      "url": "https://scholar.google.com/citations?view_op=view_citation&hl=en&user=kWpAoBkAAAAJ&citation_for_view=kWpAoBkAAAAJ:MXK_kJrjxJIC",
      "authors": "D Hong, C Chen, Y Chen, S Lin, Z Chen, X Liao",
      "venue": "arXiv preprint arXiv:2511.06944, 2025",
      "year": 2025,
      "citations": 0
    },
    {
      "title": "Fine-Grained Emotion Recognition via In-Context Learning",
      "url": "https://scholar.google.com/citations?view_op=view_citation&hl=en&user=kWpAoBkAAAAJ&citation_for_view=kWpAoBkAAAAJ:8k81kl-MbHgC",
      "authors": "Z Ren, Z Yang, C Ye, H Sun, C Chen, X Zhu, X Liao",
      "venue": "Proceedings of the 34th ACM International Conference on Information and …, 2025",
      "year": 2025,
      "citations": 0
    },
    {
      "title": "An iterative associative memory model for empathetic response generation",
      "url": "https://scholar.google.com/citations?view_op=view_citation&hl=en&user=kWpAoBkAAAAJ&citation_for_view=kWpAoBkAAAAJ:ufrVoPGSRksC",
      "authors": "Z Yang, Z Ren, W Yufeng, H Sun, C Chen, X Zhu, X Liao",
      "venue": "Proceedings of the 62nd Annual Meeting of the Association for Computational …, 2024",
      "year": 2024,
      "citations": 14
    },
    {
      "title": "CTSM: combining trait and state emotions for empathetic response model",
      "url": "https://scholar.google.com/citations?view_op=view_citation&hl=en&user=kWpAoBkAAAAJ&citation_for_view=kWpAoBkAAAAJ:_FxGoFyzp5QC",
      "authors": "Y Wang, C Chen, Z Yang, S Wang, X Liao",
      "venue": "Proceedings of the 2024 joint international conference on computational …, 2024",
      "year": 2024,
      "citations": 10
    },
    {
      "title": "Training for stable explanation for free",
      "url": "https://scholar.google.com/citations?view_op=view_citation&hl=en&user=kWpAoBkAAAAJ&citation_for_view=kWpAoBkAAAAJ:hqOjcs7Dif8C",
      "authors": "C Chen, C Guo, R Chen, G Ma, M Zeng, X Liao, X Zhang, S Xie",
      "venue": "Advances in Neural Information Processing Systems 37, 3421-3457, 2024",
      "year": 2024,
      "citations": 2
    },
    {
      "title": "Incorporating domain differential equations into graph convolutional networks to lower generalization discrepancy",
      "url": "https://scholar.google.com/citations?view_op=view_citation&hl=en&user=kWpAoBkAAAAJ&citation_for_view=kWpAoBkAAAAJ:WF5omc3nYNoC",
      "authors": "Y Sun, C Chen, Y Xu, S Xie, RS Blum, P Venkitasubramaniam",
      "venue": "arXiv preprint arXiv:2404.01217, 2024",
      "year": 2024,
      "citations": 2
    },
    {
      "title": "Robust conformal prediction under distribution shift via physics-informed structural causal model",
      "url": "https://scholar.google.com/citations?view_op=view_citation&hl=en&user=kWpAoBkAAAAJ&citation_for_view=kWpAoBkAAAAJ:eQOLeE2rZwMC",
      "authors": "R Xu, Y Sun, C Chen, P Venkitasubramaniam, S Xie",
      "venue": "arXiv preprint arXiv:2403.15025, 2024",
      "year": 2024,
      "citations": 2
    },
    {
      "title": "Linear uncertainty quantification of graphical model inference",
      "url": "https://scholar.google.com/citations?view_op=view_citation&hl=en&user=kWpAoBkAAAAJ&citation_for_view=kWpAoBkAAAAJ:UebtZRa9Y70C",
      "authors": "C Guo, H Yu, J Liu, C Chen, Q Li, S Xie, X Zhang",
      "venue": "Advances in Neural Information Processing Systems 37, 16438-16458, 2024",
      "year": 2024,
      "citations": 1
    },
    {
      "title": "Uncertainty Quantification on Graph Learning: A Survey",
      "url": "https://scholar.google.com/citations?view_op=view_citation&hl=en&user=kWpAoBkAAAAJ&citation_for_view=kWpAoBkAAAAJ:roLk4NBRz8UC",
      "authors": "C Chen, C Guo, R Xu, X Liao, X Zhang, S Xie, H Xiong, P Yu",
      "venue": "arXiv preprint arXiv:2404.14642, 2024",
      "year": 2024,
      "citations": 0
    },
    {
      "title": "Reaction-diffusion graph ordinary differential equation networks: Traffic-law-informed speed prediction under mismatched data",
      "url": "https://scholar.google.com/citations?view_op=view_citation&hl=en&user=kWpAoBkAAAAJ&citation_for_view=kWpAoBkAAAAJ:W7OEmFMy1HYC",
      "authors": "Y Sun, C Chen, Y Xu, S Xie, RS Blum, P Venkitasubramaniam",
      "venue": "The 12th International Workshop on Urban Computing, held in conjunction with …, 2023",
      "year": 2023,
      "citations": 5
    },
    {
      "title": "Robust Ranking Explanations",
      "url": "https://scholar.google.com/citations?view_op=view_citation&hl=en&user=kWpAoBkAAAAJ&citation_for_view=kWpAoBkAAAAJ:LkGwnXOMwfcC",
      "authors": "C Chen, C Guo, G Ma, M Zeng, X Zhang, S Xie",
      "venue": "arXiv preprint arXiv:2307.04024, 2023",
      "year": 2023,
      "citations": 1
    },
    {
      "title": "Interpretability of Graphical Models",
      "url": "https://scholar.google.com/citations?view_op=view_citation&hl=en&user=kWpAoBkAAAAJ&citation_for_view=kWpAoBkAAAAJ:YsMSGLbcyi4C",
      "authors": "C Chen",
      "venue": "Lehigh University, 2023",
      "year": 2023,
      "citations": 0
    },
    {
      "title": "Provable Robust Saliency-based Explanations",
      "url": "https://scholar.google.com/citations?view_op=view_citation&hl=en&user=kWpAoBkAAAAJ&citation_for_view=kWpAoBkAAAAJ:zYLM7Y9cAGgC",
      "authors": "C Chen, C Guo, G Ma, X Zhang, S Xie",
      "venue": "arXiv preprint arXiv:2212.14106, 2022",
      "year": 2022,
      "citations": 1
    },
    {
      "title": "Multi-objective explanations of GNN predictions",
      "url": "https://scholar.google.com/citations?view_op=view_citation&hl=en&user=kWpAoBkAAAAJ&citation_for_view=kWpAoBkAAAAJ:9yKSN-GCB0IC",
      "authors": "Y Liu, C Chen, Y Liu, X Zhang, S Xie",
      "venue": "2021 IEEE International Conference on Data Mining (ICDM), 409-418, 2021",
      "year": 2021,
      "citations": 22
    },
    {
      "title": "Certification and trade-off of multiple fairness criteria in graph-based spam detection",
      "url": "https://scholar.google.com/citations?view_op=view_citation&hl=en&user=kWpAoBkAAAAJ&citation_for_view=kWpAoBkAAAAJ:d1gkVwhDpl0C",
      "authors": "K Burkholder, K Kwock, Y Xu, J Liu, C Chen, S Xie",
      "venue": "Proceedings of the 30th ACM international conference on information …, 2021",
      "year": 2021,
      "citations": 15
    },
    {
      "title": "Self-learn to explain siamese networks robustly",
      "url": "https://scholar.google.com/citations?view_op=view_citation&hl=en&user=kWpAoBkAAAAJ&citation_for_view=kWpAoBkAAAAJ:2osOgNQ5qMEC",
      "authors": "C Chen, Y Shen, G Ma, X Kong, S Rangarajan, X Zhang, S Xie",
      "venue": "2021 IEEE International Conference on Data Mining (ICDM), 1018-1023, 2021",
      "year": 2021,
      "citations": 6
    },
    {
      "title": "Shapley values and meta-explanations for probabilistic graphical model inference",
      "url": "https://scholar.google.com/citations?view_op=view_citation&hl=en&user=kWpAoBkAAAAJ&citation_for_view=kWpAoBkAAAAJ:UeHWp8X0CEIC",
      "authors": "Y Liu, C Chen, Y Liu, X Zhang, S Xie",
      "venue": "Proceedings of the 29th ACM International Conference on Information …, 2020",
      "year": 2020,
      "citations": 8
    },
    {
      "title": "Scalable explanation of inferences on large graphs",
      "url": "https://scholar.google.com/citations?view_op=view_citation&hl=en&user=kWpAoBkAAAAJ&citation_for_view=kWpAoBkAAAAJ:qjMakFHDy7sC",
      "authors": "C Chen, Y Liu, X Zhang, S Xie",
      "venue": "2019 IEEE International Conference on Data Mining (ICDM), 982-987, 2019",
      "year": 2019,
      "citations": 6
    }
  ],
  "co_authors": []
}