{
  "author_info": {
    "name": "Enzo Tartaglione",
    "affiliation": "Associate Professor, Télécom Paris, Institut Polytechnique de Paris",
    "email_verified": "Verified email at telecom-paris.fr - Homepage",
    "website": "https://enzotarta.github.io/",
    "interests": [
      "deep learning",
      "compression",
      "pruning",
      "debiasing",
      "frugal AI"
    ],
    "photo_url": "https://scholar.googleusercontent.com/citations?view_op=view_photo&user=uKuvN64AAAAJ&citpid=4"
  },
  "citation_stats": {
    "citations_all": 1408,
    "citations_since_2020": 1383,
    "h_index_all": 17,
    "h_index_since_2020": 16,
    "i10_index_all": 28,
    "i10_index_since_2020": 28,
    "citation_graph": [
      {
        "year": 2018,
        "citations": 4
      },
      {
        "year": 2019,
        "citations": 19
      },
      {
        "year": 2020,
        "citations": 56
      },
      {
        "year": 2021,
        "citations": 128
      },
      {
        "year": 2022,
        "citations": 202
      },
      {
        "year": 2023,
        "citations": 257
      },
      {
        "year": 2024,
        "citations": 315
      },
      {
        "year": 2025,
        "citations": 415
      }
    ]
  },
  "papers": [
    {
      "title": "Weighted Ensemble Models Are Strong Continual Learners",
      "url": "https://scholar.google.com/citations?view_op=view_citation&hl=en&user=uKuvN64AAAAJ&citation_for_view=uKuvN64AAAAJ:2P1L_qKh6hAC",
      "authors": "IE Marouf, S Roy, E Tartaglione, S Lathuilière",
      "venue": "ECCV (Oral) 2024, 2024",
      "year": 2024,
      "citations": 38
    },
    {
      "title": "Trimming the Fat: Efficient Compression of 3D Gaussian Splats through Pruning",
      "url": "https://scholar.google.com/citations?view_op=view_citation&hl=en&user=uKuvN64AAAAJ&citation_for_view=uKuvN64AAAAJ:yD5IFk8b50cC",
      "authors": "MS Ali, M Qamar, SH Bae, E Tartaglione",
      "venue": "BMVC 2024, 2024",
      "year": 2024,
      "citations": 24
    },
    {
      "title": "Compressing explicit voxel grid representations: fast nerfs become also small",
      "url": "https://scholar.google.com/citations?view_op=view_citation&hl=en&user=uKuvN64AAAAJ&citation_for_view=uKuvN64AAAAJ:hC7cP41nSMkC",
      "authors": "CL Deng, E Tartaglione",
      "venue": "Proceedings of the IEEE/CVF Winter Conference on Applications of Computer …, 2023",
      "year": 2023,
      "citations": 70
    },
    {
      "title": "Can Unstructured Pruning Reduce the Depth in Deep Neural Networks?",
      "url": "https://scholar.google.com/citations?view_op=view_citation&hl=en&user=uKuvN64AAAAJ&citation_for_view=uKuvN64AAAAJ:GnPB-g6toBAC",
      "authors": "Z Liao, V Quétu, VT Nguyen, E Tartaglione",
      "venue": "Proceedings of the IEEE/CVF International Conference on Computer Vision …, 2023",
      "year": 2023,
      "citations": 51
    },
    {
      "title": "Neural Network-derived perfusion maps: a Model-free approach to computed tomography perfusion in patients with acute ischemic stroke",
      "url": "https://scholar.google.com/citations?view_op=view_citation&hl=en&user=uKuvN64AAAAJ&citation_for_view=uKuvN64AAAAJ:W7OEmFMy1HYC",
      "authors": "UA Gava, F D'Agata, E Tartaglione, M Grangetto, F Bertolino, ...",
      "venue": "Frontiers in Neuroinformatics 17, 2023",
      "year": 2023,
      "citations": 19
    },
    {
      "title": "Unbiased Supervised Contrastive Learning",
      "url": "https://scholar.google.com/citations?view_op=view_citation&hl=en&user=uKuvN64AAAAJ&citation_for_view=uKuvN64AAAAJ:qUcmZB5y_30C",
      "authors": "CA Barbano, B Dufumier, E Tartaglione, M Grangetto, P Gori",
      "venue": "The Eleventh International Conference on Learning Representations (ICLR), 2022",
      "year": 2022,
      "citations": 58
    },
    {
      "title": "Packed-Ensembles for Efficient Uncertainty Estimation",
      "url": "https://scholar.google.com/citations?view_op=view_citation&hl=en&user=uKuvN64AAAAJ&citation_for_view=uKuvN64AAAAJ:ZeXyd9-uunAC",
      "authors": "O Laurent, A Lafage, E Tartaglione, G Daniel, JM Martinez, A Bursuc, ...",
      "venue": "The Eleventh International Conference on Learning Representations (ICLR), 2022",
      "year": 2022,
      "citations": 49
    },
    {
      "title": "Loss-based sensitivity regularization: towards deep sparse neural networks",
      "url": "https://scholar.google.com/citations?view_op=view_citation&hl=en&user=uKuvN64AAAAJ&citation_for_view=uKuvN64AAAAJ:zYLM7Y9cAGgC",
      "authors": "E Tartaglione, A Bragagnolo, A Fiandrotti, M Grangetto",
      "venue": "Neural Networks 146, 230-237, 2022",
      "year": 2022,
      "citations": 39
    },
    {
      "title": "A Two-Step Radiologist-Like Approach for Covid-19 Computer-Aided Diagnosis from Chest X-Ray Images",
      "url": "https://scholar.google.com/citations?view_op=view_citation&hl=en&user=uKuvN64AAAAJ&citation_for_view=uKuvN64AAAAJ:Wp0gIr-vW9MC",
      "authors": "CA Barbano, E Tartaglione, C Berzovini, M Calandri, M Grangetto",
      "venue": "International Conference on Image Analysis and Processing, 173-184, 2022",
      "year": 2022,
      "citations": 16
    },
    {
      "title": "To update or not to update? Neurons at equilibrium in deep models",
      "url": "https://scholar.google.com/citations?view_op=view_citation&hl=en&user=uKuvN64AAAAJ&citation_for_view=uKuvN64AAAAJ:_Qo2XoVZTnwC",
      "authors": "A Bragagnolo, E Tartaglione, M Grangetto",
      "venue": "Advances in Neural Information Processing Systems 35, 2022",
      "year": 2022,
      "citations": 16
    },
    {
      "title": "EnD: Entangling and Disentangling deep representations for bias correction",
      "url": "https://scholar.google.com/citations?view_op=view_citation&hl=en&user=uKuvN64AAAAJ&citation_for_view=uKuvN64AAAAJ:_FxGoFyzp5QC",
      "authors": "E Tartaglione, CA Barbano, M Grangetto",
      "venue": "IEEE/CVF Conference on Computer Vision and Pattern Recognition (CVPR 2021), 2021",
      "year": 2021,
      "citations": 151
    },
    {
      "title": "Unitopatho, a labeled histopathological dataset for colorectal polyps classification and adenoma dysplasia grading",
      "url": "https://scholar.google.com/citations?view_op=view_citation&hl=en&user=uKuvN64AAAAJ&citation_for_view=uKuvN64AAAAJ:YsMSGLbcyi4C",
      "authors": "CA Barbano, D Perlo, E Tartaglione, A Fiandrotti, L Bertero, P Cassoni, ...",
      "venue": "2021 IEEE International Conference on Image Processing (ICIP), 76-80, 2021",
      "year": 2021,
      "citations": 63
    },
    {
      "title": "Delving in the loss landscape to embed robust watermarks into neural networks",
      "url": "https://scholar.google.com/citations?view_op=view_citation&hl=en&user=uKuvN64AAAAJ&citation_for_view=uKuvN64AAAAJ:UebtZRa9Y70C",
      "authors": "E Tartaglione, M Grangetto, D Cavagnino, M Botta",
      "venue": "2020 25th International Conference on Pattern Recognition (ICPR), 1243-1250, 2021",
      "year": 2021,
      "citations": 51
    },
    {
      "title": "SeReNe: Sensitivity based Regularization of Neurons for Structured Sparsity in Neural Networks",
      "url": "https://scholar.google.com/citations?view_op=view_citation&hl=en&user=uKuvN64AAAAJ&citation_for_view=uKuvN64AAAAJ:WF5omc3nYNoC",
      "authors": "E Tartaglione, A Bragagnolo, F Odierna, A Fiandrotti, M Grangetto",
      "venue": "IEEE Transactions on Neural Networks and Learning Systems, 2021",
      "year": 2021,
      "citations": 29
    },
    {
      "title": "On the role of structured pruning for neural network compression",
      "url": "https://scholar.google.com/citations?view_op=view_citation&hl=en&user=uKuvN64AAAAJ&citation_for_view=uKuvN64AAAAJ:MXK_kJrjxJIC",
      "authors": "A Bragagnolo, E Tartaglione, A Fiandrotti, M Grangetto",
      "venue": "2021 IEEE International Conference on Image Processing (ICIP), 3527-3531, 2021",
      "year": 2021,
      "citations": 19
    },
    {
      "title": "Bridging the gap between debiasing and privacy for deep learning",
      "url": "https://scholar.google.com/citations?view_op=view_citation&hl=en&user=uKuvN64AAAAJ&citation_for_view=uKuvN64AAAAJ:KlAtU1dfN6UC",
      "authors": "CA Barbano, E Tartaglione, M Grangetto",
      "venue": "Proceedings of the IEEE/CVF International Conference on Computer Vision …, 2021",
      "year": 2021,
      "citations": 14
    },
    {
      "title": "Unveiling COVID-19 from Chest X-ray with deep learning: a hurdles race with small data",
      "url": "https://scholar.google.com/citations?view_op=view_citation&hl=en&user=uKuvN64AAAAJ&citation_for_view=uKuvN64AAAAJ:IjCSPb-OGe4C",
      "authors": "E Tartaglione, CA Barbano, C Berzovini, M Calandri, M Grangetto",
      "venue": "Int. J. Environ. Res. Public Health 2020 17 (18), 6933, 2020",
      "year": 2020,
      "citations": 251
    },
    {
      "title": "Pruning artificial neural networks: A way to find well-generalizing, high-entropy sharp minima",
      "url": "https://scholar.google.com/citations?view_op=view_citation&hl=en&user=uKuvN64AAAAJ&citation_for_view=uKuvN64AAAAJ:Tyk-4Ss8FVUC",
      "authors": "E Tartaglione, A Bragagnolo, M Grangetto",
      "venue": "International Conference on Artificial Neural Networks, 67-78, 2020",
      "year": 2020,
      "citations": 20
    },
    {
      "title": "Learning sparse neural networks via sensitivity-driven regularization",
      "url": "https://scholar.google.com/citations?view_op=view_citation&hl=en&user=uKuvN64AAAAJ&citation_for_view=uKuvN64AAAAJ:9yKSN-GCB0IC",
      "authors": "E Tartaglione, S Lepsøy, A Fiandrotti, G Francini",
      "venue": "Advances in Neural Information Processing Systems, 3878-3888, 2018",
      "year": 2018,
      "citations": 107
    },
    {
      "title": "Role of synaptic stochasticity in training low-precision neural networks",
      "url": "https://scholar.google.com/citations?view_op=view_citation&hl=en&user=uKuvN64AAAAJ&citation_for_view=uKuvN64AAAAJ:d1gkVwhDpl0C",
      "authors": "C Baldassi, F Gerace, HJ Kappen, C Lucibello, L Saglietti, E Tartaglione, ...",
      "venue": "Physical review letters 120 (26), 268103, 2018",
      "year": 2018,
      "citations": 27
    }
  ],
  "co_authors": []
}