{
  "author_info": {
    "name": "Konstantinos Kallidromitis",
    "affiliation": "Panasonic",
    "email_verified": "Verified email at us.panasonic.com",
    "interests": [
      "Machine Learning"
    ],
    "photo_url": "https://scholar.googleusercontent.com/citations?view_op=view_photo&user=5EuNtbQAAAAJ&citpid=4"
  },
  "citation_stats": {
    "citations_all": 271,
    "citations_since_2020": 271,
    "h_index_all": 9,
    "h_index_since_2020": 9,
    "i10_index_all": 9,
    "i10_index_since_2020": 9,
    "citation_graph": [
      {
        "year": 2022,
        "citations": 9
      },
      {
        "year": 2023,
        "citations": 10
      },
      {
        "year": 2024,
        "citations": 56
      },
      {
        "year": 2025,
        "citations": 194
      }
    ]
  },
  "papers": [
    {
      "title": "Lavida: A large diffusion language model for multimodal understanding",
      "url": "https://scholar.google.com/citations?view_op=view_citation&hl=en&user=5EuNtbQAAAAJ&citation_for_view=5EuNtbQAAAAJ:_FxGoFyzp5QC",
      "authors": "S Li, K Kallidromitis, H Bansal, A Gokul, Y Kato, K Kozuka, J Kuen, Z Lin, ...",
      "venue": "arXiv preprint arXiv:2505.16839, 2025",
      "year": 2025,
      "citations": 29
    },
    {
      "title": "Segllm: Multi-round reasoning segmentation with large language models",
      "url": "https://scholar.google.com/citations?view_op=view_citation&hl=en&user=5EuNtbQAAAAJ&citation_for_view=5EuNtbQAAAAJ:WF5omc3nYNoC",
      "authors": "XD Wang, S Zhang, S Li, K Li, K Kallidromitis, Y Kato, K Kozuka, T Darrell",
      "venue": "The Thirteenth International Conference on Learning Representations, 2025",
      "year": 2025,
      "citations": 21
    },
    {
      "title": "Omniflow: Any-to-any generation with multi-modal rectified flows",
      "url": "https://scholar.google.com/citations?view_op=view_citation&hl=en&user=5EuNtbQAAAAJ&citation_for_view=5EuNtbQAAAAJ:eQOLeE2rZwMC",
      "authors": "S Li, K Kallidromitis, A Gokul, Z Liao, Y Kato, K Kozuka, A Grover",
      "venue": "Proceedings of the Computer Vision and Pattern Recognition Conference, 13178 …, 2025",
      "year": 2025,
      "citations": 17
    },
    {
      "title": "Reflect-DiT: Inference-Time Scaling for Text-to-Image Diffusion Transformers via In-Context Reflection",
      "url": "https://scholar.google.com/citations?view_op=view_citation&hl=en&user=5EuNtbQAAAAJ&citation_for_view=5EuNtbQAAAAJ:ufrVoPGSRksC",
      "authors": "S Li, K Kallidromitis, A Gokul, A Koneru, Y Kato, K Kozuka, A Grover",
      "venue": "arXiv preprint arXiv:2503.12271, 2025",
      "year": 2025,
      "citations": 16
    },
    {
      "title": "Hierarchical Open-Vocabulary Universal Image Segmentation",
      "url": "https://scholar.google.com/citations?view_op=view_citation&hl=en&user=5EuNtbQAAAAJ&citation_for_view=5EuNtbQAAAAJ:IjCSPb-OGe4C",
      "authors": "X Wang, S Li, K Kallidromitis, Y Kato, K Kozuka, T Darrell",
      "venue": "Advances in Neural Information Processing Systems 36, 2024",
      "year": 2024,
      "citations": 66
    },
    {
      "title": "Aligning Diffusion Models by Optimizing Human Utility",
      "url": "https://scholar.google.com/citations?view_op=view_citation&hl=en&user=5EuNtbQAAAAJ&citation_for_view=5EuNtbQAAAAJ:W7OEmFMy1HYC",
      "authors": "S Li, K Kallidromitis, A Gokul, Y Kato, K Kozuka",
      "venue": "Thirty-eighth Conference on Neural Information Processing Systems (NeurIPS 2024), 2024",
      "year": 2024,
      "citations": 63
    },
    {
      "title": "Hyperbolic learning with multimodal large language models",
      "url": "https://scholar.google.com/citations?view_op=view_citation&hl=en&user=5EuNtbQAAAAJ&citation_for_view=5EuNtbQAAAAJ:Y0pCki6q_DkC",
      "authors": "P Mandica, L Franco, K Kallidromitis, S Petryk, F Galasso",
      "venue": "Beyond Euclidean Workshop ECCV 2024, 2024",
      "year": 2024,
      "citations": 13
    },
    {
      "title": "Training method, training device, and non-transitory computer-readable recording medium",
      "url": "https://scholar.google.com/citations?view_op=view_citation&hl=en&user=5EuNtbQAAAAJ&citation_for_view=5EuNtbQAAAAJ:zYLM7Y9cAGgC",
      "authors": "KK Kallidromitis, D Gudovskiy, I Ohama, K Kozuka",
      "venue": "US Patent App. 18/504,300, 2024",
      "year": 2024,
      "citations": 0
    },
    {
      "title": "Hyperbolic Active Learning for Semantic Segmentation under Domain Shift",
      "url": "https://scholar.google.com/citations?view_op=view_citation&hl=en&user=5EuNtbQAAAAJ&citation_for_view=5EuNtbQAAAAJ:2osOgNQ5qMEC",
      "authors": "L Franco, P Mandica, K Kallidromitis, D Guillory, YT Li, T Darrell, ...",
      "venue": "The Forty-first International Conference on Machine Learning, 2023",
      "year": 2023,
      "citations": 23
    },
    {
      "title": "Refine and Represent: Region-to-Object Representation Learning",
      "url": "https://scholar.google.com/citations?view_op=view_citation&hl=en&user=5EuNtbQAAAAJ&citation_for_view=5EuNtbQAAAAJ:u-x6o8ySG0sC",
      "authors": "A Gokul, K Kallidromitis, S Li, Y Kato, K Kozuka, T Darrell, CJ Reed",
      "venue": "arXiv preprint arXiv:2208.11821, 2022",
      "year": 2022,
      "citations": 9
    },
    {
      "title": "Contrastive Neural Processes for Self-Supervised Learning",
      "url": "https://scholar.google.com/citations?view_op=view_citation&hl=en&user=5EuNtbQAAAAJ&citation_for_view=5EuNtbQAAAAJ:u5HHmVD_uO8C",
      "authors": "K Kallidromitis, D Gudovskiy, K Kazuki, O Iku, L Rigazio",
      "venue": "Asian Conference on Machine Learning, 594-609, 2021",
      "year": 2021,
      "citations": 14
    }
  ],
  "co_authors": [
    {
      "name": "Kazuki Kozuka",
      "scholar_id": "_Fq6uvQAAAAJ",
      "url": "https://scholar.google.com/citations?user=_Fq6uvQAAAAJ"
    },
    {
      "name": "Yusuke Kato",
      "scholar_id": "89UKR18AAAAJ",
      "url": "https://scholar.google.com/citations?user=89UKR18AAAAJ"
    },
    {
      "name": "Shufan Li",
      "scholar_id": "x2mptaYAAAAJ",
      "url": "https://scholar.google.com/citations?user=x2mptaYAAAAJ"
    },
    {
      "name": "Akash Gokul",
      "scholar_id": "MYRUJkUAAAAJ",
      "url": "https://scholar.google.com/citations?user=MYRUJkUAAAAJ"
    },
    {
      "name": "Trevor Darrell",
      "scholar_id": "bh-uRFMAAAAJ",
      "url": "https://scholar.google.com/citations?user=bh-uRFMAAAAJ"
    },
    {
      "name": "Aditya Grover",
      "scholar_id": "oOhnPUgAAAAJ",
      "url": "https://scholar.google.com/citations?user=oOhnPUgAAAAJ"
    },
    {
      "name": "XuDong Wang",
      "scholar_id": "Azf07WcAAAAJ",
      "url": "https://scholar.google.com/citations?user=Azf07WcAAAAJ"
    },
    {
      "name": "Fabio Galasso",
      "scholar_id": "2gSuGBEAAAAJ",
      "url": "https://scholar.google.com/citations?user=2gSuGBEAAAAJ"
    },
    {
      "name": "Paolo Mandica",
      "scholar_id": "rUZYZogAAAAJ",
      "url": "https://scholar.google.com/citations?user=rUZYZogAAAAJ"
    },
    {
      "name": "Kai-Wei Chang",
      "scholar_id": "fqDBtzYAAAAJ",
      "url": "https://scholar.google.com/citations?user=fqDBtzYAAAAJ"
    },
    {
      "name": "Hritik Bansal",
      "scholar_id": "gAKTYtoAAAAJ",
      "url": "https://scholar.google.com/citations?user=gAKTYtoAAAAJ"
    },
    {
      "name": "Jason Kuen",
      "scholar_id": "e6u7GlQAAAAJ",
      "url": "https://scholar.google.com/citations?user=e6u7GlQAAAAJ"
    },
    {
      "name": "Kehan Li",
      "scholar_id": "QMwNebEAAAAJ",
      "url": "https://scholar.google.com/citations?user=QMwNebEAAAAJ"
    },
    {
      "name": "Denis Gudovskiy",
      "scholar_id": "03qjEm0AAAAJ",
      "url": "https://scholar.google.com/citations?user=03qjEm0AAAAJ"
    },
    {
      "name": "Zhe L. Lin",
      "scholar_id": "R0bnqaAAAAAJ",
      "url": "https://scholar.google.com/citations?user=R0bnqaAAAAAJ"
    },
    {
      "name": "Kevin Li",
      "scholar_id": "wpm4Sz0AAAAJ",
      "url": "https://scholar.google.com/citations?user=wpm4Sz0AAAAJ"
    },
    {
      "name": "Arsh Koneru",
      "scholar_id": "r4hGPJwAAAAJ",
      "url": "https://scholar.google.com/citations?user=r4hGPJwAAAAJ"
    },
    {
      "name": "Luca Rigazio",
      "scholar_id": "C91hloIAAAAJ",
      "url": "https://scholar.google.com/citations?user=C91hloIAAAAJ"
    },
    {
      "name": "Suzanne Petryk",
      "scholar_id": "nSpXpqMAAAAJ",
      "url": "https://scholar.google.com/citations?user=nSpXpqMAAAAJ"
    },
    {
      "name": "Colorado J Reed",
      "scholar_id": "o6LlkNMAAAAJ",
      "url": "https://scholar.google.com/citations?user=o6LlkNMAAAAJ"
    }
  ]
}