{
  "author_info": {
    "name": "Kamesh Krishnamurthy",
    "affiliation": "CV Starr Fellow & CPBF Fellow, Princeton University",
    "email_verified": "Verified email at princeton.edu - Homepage",
    "website": "https://kameshkk.github.io/",
    "interests": [
      "AI/Machine Learning",
      "Theoretical Neuroscience",
      "Biophysics"
    ],
    "photo_url": "https://scholar.googleusercontent.com/citations?view_op=view_photo&user=EV1i2WIAAAAJ&citpid=1"
  },
  "citation_stats": {
    "citations_all": 489,
    "citations_since_2020": 434,
    "h_index_all": 8,
    "h_index_since_2020": 8,
    "i10_index_all": 7,
    "i10_index_since_2020": 7,
    "citation_graph": [
      {
        "year": 2017,
        "citations": 5
      },
      {
        "year": 2018,
        "citations": 17
      },
      {
        "year": 2019,
        "citations": 26
      },
      {
        "year": 2020,
        "citations": 25
      },
      {
        "year": 2021,
        "citations": 54
      },
      {
        "year": 2022,
        "citations": 56
      },
      {
        "year": 2023,
        "citations": 64
      },
      {
        "year": 2024,
        "citations": 112
      },
      {
        "year": 2025,
        "citations": 120
      }
    ]
  },
  "papers": [
    {
      "title": "Flow-field inference from neural data using deep recurrent networks",
      "url": "https://scholar.google.com/citations?view_op=view_citation&hl=en&user=EV1i2WIAAAAJ&citation_for_view=EV1i2WIAAAAJ:Wp0gIr-vW9MC",
      "authors": "TD Kim, TZ Luo, T Can, K Krishnamurthy, JW Pillow, CD Brody",
      "venue": "Forty-second International Conference on Machine Learning (ICML 2025), 2025",
      "year": 2025,
      "citations": 13
    },
    {
      "title": "Emergence of Robust Memory Manifolds",
      "url": "https://scholar.google.com/citations?view_op=view_citation&hl=en&user=EV1i2WIAAAAJ&citation_for_view=EV1i2WIAAAAJ:9ZlFYXVOiuMC",
      "authors": "T Can, K Krishnamurthy",
      "venue": "PRX Life 3 (2), 023006, 2025",
      "year": 2025,
      "citations": 8
    },
    {
      "title": "Optimization and variability can coexist",
      "url": "https://scholar.google.com/citations?view_op=view_citation&hl=en&user=EV1i2WIAAAAJ&citation_for_view=EV1i2WIAAAAJ:mVmsd5A6BfQC",
      "authors": "M Bauer, W Bialek, C Goddard, CM Holmes, K Krishnamurthy, SE Palmer, ...",
      "venue": "arXiv preprint arXiv:2505.23398, 2025",
      "year": 2025,
      "citations": 2
    },
    {
      "title": "A Group Theoretic Analysis of the Symmetries Underlying Base Addition and Their Learnability by Neural Networks",
      "url": "https://scholar.google.com/citations?view_op=view_citation&hl=en&user=EV1i2WIAAAAJ&citation_for_view=EV1i2WIAAAAJ:QIV2ME_5wuYC",
      "authors": "C Dawes, S Segert, K Krishnamurthy, JD Cohen",
      "venue": "arXiv preprint arXiv:2507.10678, 2025",
      "year": 2025,
      "citations": 0
    },
    {
      "title": "Dynamics of Neural Networks with Nonlinear Synaptic Interactions",
      "url": "https://scholar.google.com/citations?view_op=view_citation&hl=en&user=EV1i2WIAAAAJ&citation_for_view=EV1i2WIAAAAJ:dhFuZR0502QC",
      "authors": "TU Can, K Krishnamurthy",
      "venue": "SMT 2025, 2025",
      "year": 2025,
      "citations": 0
    },
    {
      "title": "The relational bottleneck as an inductive bias for efficient abstraction",
      "url": "https://scholar.google.com/citations?view_op=view_citation&hl=en&user=EV1i2WIAAAAJ&citation_for_view=EV1i2WIAAAAJ:YOwf2qJgpHMC",
      "authors": "TW Webb, SM Frankland, A Altabaa, S Segert, K Krishnamurthy, ...",
      "venue": "Trends in Cognitive Sciences 28 (9), 829-843, 2024",
      "year": 2024,
      "citations": 36
    },
    {
      "title": "High-dimensional non-convex landscapes and gradient descent dynamics",
      "url": "https://scholar.google.com/citations?view_op=view_citation&hl=en&user=EV1i2WIAAAAJ&citation_for_view=EV1i2WIAAAAJ:ULOm3_A8WrAC",
      "authors": "T Bonnaire, D Ghio, K Krishnamurthy, F Mignacco, A Yamamura, G Biroli",
      "venue": "Journal of Statistical Mechanics: Theory and Experiment 2024 (10), 104004, 2024",
      "year": 2024,
      "citations": 8
    },
    {
      "title": "Trainability, Expressivity and Interpretability in Gated Neural ODEs",
      "url": "https://scholar.google.com/citations?view_op=view_citation&hl=en&user=EV1i2WIAAAAJ&citation_for_view=EV1i2WIAAAAJ:kNdYIx-mwKoC",
      "authors": "TD Kim, T Can, K Krishnamurthy",
      "venue": "International Conference on Machine Learning, 2023",
      "year": 2023,
      "citations": 9
    },
    {
      "title": "Robust Memory Manifolds in Neural Networks",
      "url": "https://scholar.google.com/citations?view_op=view_citation&hl=en&user=EV1i2WIAAAAJ&citation_for_view=EV1i2WIAAAAJ:MXK_kJrjxJIC",
      "authors": "T Can, K Krishnamurthy",
      "venue": "APS March Meeting Abstracts 2023, M01. 003, 2023",
      "year": 2023,
      "citations": 0
    },
    {
      "title": "Theory of gating in recurrent neural networks",
      "url": "https://scholar.google.com/citations?view_op=view_citation&hl=en&user=EV1i2WIAAAAJ&citation_for_view=EV1i2WIAAAAJ:IjCSPb-OGe4C",
      "authors": "K Krishnamurthy, T Can, DJ Schwab",
      "venue": "Physical Review X 12 (1), 011011, 2022",
      "year": 2022,
      "citations": 85
    },
    {
      "title": "Disorder and the neural representation of complex odors",
      "url": "https://scholar.google.com/citations?view_op=view_citation&hl=en&user=EV1i2WIAAAAJ&citation_for_view=EV1i2WIAAAAJ:5nxA0vEk-isC",
      "authors": "K Krishnamurthy, AM Hermundstad, T Mora, AM Walczak, ...",
      "venue": "Frontiers in Computational Neuroscience 16, 917786, 2022",
      "year": 2022,
      "citations": 39
    },
    {
      "title": "Emergence of memory manifolds",
      "url": "https://scholar.google.com/citations?view_op=view_citation&hl=en&user=EV1i2WIAAAAJ&citation_for_view=EV1i2WIAAAAJ:hqOjcs7Dif8C",
      "authors": "K Krishnamurthy, T Can",
      "venue": "APS March Meeting Abstracts 2022, G00. 103, 2022",
      "year": 2022,
      "citations": 0
    },
    {
      "title": "Learning and Shaping Manifold Attractors for Computation in Gated Neural ODEs",
      "url": "https://scholar.google.com/citations?view_op=view_citation&hl=en&user=EV1i2WIAAAAJ&citation_for_view=EV1i2WIAAAAJ:8k81kl-MbHgC",
      "authors": "TD Kim, T Can, K Krishnamurthy",
      "venue": "NeurIPS 2022 Workshop on Symmetry and Geometry in Neural Representations, 2022",
      "year": 2022,
      "citations": 0
    },
    {
      "title": "Gated Recurrent Neural Networks 1: marginal stability and line attractors",
      "url": "https://scholar.google.com/citations?view_op=view_citation&hl=en&user=EV1i2WIAAAAJ&citation_for_view=EV1i2WIAAAAJ:_FxGoFyzp5QC",
      "authors": "K Krishnamurthy, T Can, D Schwab",
      "venue": "APS March Meeting Abstracts 2021, X16. 007, 2021",
      "year": 2021,
      "citations": 0
    },
    {
      "title": "Gating creates slow modes and controls phase-space complexity in GRUs and LSTMs",
      "url": "https://scholar.google.com/citations?view_op=view_citation&hl=en&user=EV1i2WIAAAAJ&citation_for_view=EV1i2WIAAAAJ:Tyk-4Ss8FVUC",
      "authors": "T Can, K Krishnamurthy, DJ Schwab",
      "venue": "Mathematical and Scientific Machine Learning, 2020",
      "year": 2020,
      "citations": 23
    },
    {
      "title": "Coding principles in adaptation",
      "url": "https://scholar.google.com/citations?view_op=view_citation&hl=en&user=EV1i2WIAAAAJ&citation_for_view=EV1i2WIAAAAJ:UeHWp8X0CEIC",
      "authors": "AI Weber, K Krishnamurthy, AL Fairhall",
      "venue": "Annual review of vision science 5 (1), 427-449, 2019",
      "year": 2019,
      "citations": 130
    },
    {
      "title": "Arousal-related adjustments of perceptual biases optimize perception in dynamic environments",
      "url": "https://scholar.google.com/citations?view_op=view_citation&hl=en&user=EV1i2WIAAAAJ&citation_for_view=EV1i2WIAAAAJ:9yKSN-GCB0IC",
      "authors": "K Krishnamurthy, MR Nassar, S Sarode, JI Gold",
      "venue": "Nature human behaviour 1 (6), 0107, 2017",
      "year": 2017,
      "citations": 123
    },
    {
      "title": "Is There a General Role for the Monkey Oculomotor System in Perceptual Decision-Making?",
      "url": "https://scholar.google.com/citations?view_op=view_citation&hl=en&user=EV1i2WIAAAAJ&citation_for_view=EV1i2WIAAAAJ:d1gkVwhDpl0C",
      "authors": "Y Li, K Krishnamurthy",
      "venue": "Journal of Neuroscience 35 (27), 9783-9785, 2015",
      "year": 2015,
      "citations": 1
    },
    {
      "title": "Exchanging third-party information in a network",
      "url": "https://scholar.google.com/citations?view_op=view_citation&hl=en&user=EV1i2WIAAAAJ&citation_for_view=EV1i2WIAAAAJ:u5HHmVD_uO8C",
      "authors": "DJ Love, BM Hochwald, K Krishnamurthy",
      "venue": "UCSD Information Theory and Applications Workshop, 2007",
      "year": 2007,
      "citations": 7
    },
    {
      "title": "Disorder and the neural representation of complex odors: smelling in the real world. arXiv. 2017",
      "url": "https://scholar.google.com/citations?view_op=view_citation&hl=en&user=EV1i2WIAAAAJ&citation_for_view=EV1i2WIAAAAJ:4DMP91E08xMC",
      "authors": "K Krishnamurthy, AM Hermundstad, T Mora, AM Walczak, ...",
      "venue": "",
      "citations": 5
    }
  ],
  "co_authors": [
    {
      "name": "Tankut Can",
      "scholar_id": "H5MicWUAAAAJ",
      "url": "https://scholar.google.com/citations?user=H5MicWUAAAAJ"
    },
    {
      "name": "Matthew Nassar",
      "scholar_id": "w-fcLkEAAAAJ",
      "url": "https://scholar.google.com/citations?user=w-fcLkEAAAAJ"
    },
    {
      "name": "Joshua Gold",
      "scholar_id": "o-kMCtAAAAAJ",
      "url": "https://scholar.google.com/citations?user=o-kMCtAAAAAJ"
    },
    {
      "name": "Adrienne Fairhall",
      "scholar_id": "Qd2_0VkAAAAJ",
      "url": "https://scholar.google.com/citations?user=Qd2_0VkAAAAJ"
    },
    {
      "name": "Alison I Weber",
      "scholar_id": "IggVk44AAAAJ",
      "url": "https://scholar.google.com/citations?user=IggVk44AAAAJ"
    },
    {
      "name": "David Schwab",
      "scholar_id": "UreckXYAAAAJ",
      "url": "https://scholar.google.com/citations?user=UreckXYAAAAJ"
    },
    {
      "name": "Ann M Hermundstad",
      "scholar_id": "PSYwZIEAAAAJ",
      "url": "https://scholar.google.com/citations?user=PSYwZIEAAAAJ"
    },
    {
      "name": "Thierry Mora",
      "scholar_id": "895M4C4AAAAJ",
      "url": "https://scholar.google.com/citations?user=895M4C4AAAAJ"
    },
    {
      "name": "Aleksandra Walczak",
      "scholar_id": "0EvbuFoAAAAJ",
      "url": "https://scholar.google.com/citations?user=0EvbuFoAAAAJ"
    },
    {
      "name": "Vijay Balasubramanian",
      "scholar_id": "ltj3BwwAAAAJ",
      "url": "https://scholar.google.com/citations?user=ltj3BwwAAAAJ"
    },
    {
      "name": "Timothy Doyeon Kim",
      "scholar_id": "FTWUPusAAAAJ",
      "url": "https://scholar.google.com/citations?user=FTWUPusAAAAJ"
    },
    {
      "name": "Jonathan D. Cohen",
      "scholar_id": "NCkkQAMAAAAJ",
      "url": "https://scholar.google.com/citations?user=NCkkQAMAAAAJ"
    },
    {
      "name": "Randall O'Reilly",
      "scholar_id": "tZpKKm4AAAAJ",
      "url": "https://scholar.google.com/citations?user=tZpKKm4AAAAJ"
    },
    {
      "name": "Taylor Webb",
      "scholar_id": "WCmrJoQAAAAJ",
      "url": "https://scholar.google.com/citations?user=WCmrJoQAAAAJ"
    },
    {
      "name": "Awni Altabaa",
      "scholar_id": "SQ4FERQAAAAJ",
      "url": "https://scholar.google.com/citations?user=SQ4FERQAAAAJ"
    },
    {
      "name": "Jacob Russin",
      "scholar_id": "Ns-K-IcAAAAJ",
      "url": "https://scholar.google.com/citations?user=Ns-K-IcAAAAJ"
    },
    {
      "name": "Carlos Brody",
      "scholar_id": "l5iPz6oAAAAJ",
      "url": "https://scholar.google.com/citations?user=l5iPz6oAAAAJ"
    },
    {
      "name": "Jonathan Pillow",
      "scholar_id": "-ElvJ9wAAAAJ",
      "url": "https://scholar.google.com/citations?user=-ElvJ9wAAAAJ"
    },
    {
      "name": "Thomas Zhihao Luo",
      "scholar_id": "w59lcBoAAAAJ",
      "url": "https://scholar.google.com/citations?user=w59lcBoAAAAJ"
    },
    {
      "name": "Giulio Biroli",
      "scholar_id": "BadZJUsAAAAJ",
      "url": "https://scholar.google.com/citations?user=BadZJUsAAAAJ"
    }
  ]
}