{
  "author_info": {
    "name": "Irene Wang",
    "affiliation": "PhD Student, Georgia Institute of Technology",
    "email_verified": "Verified email at gatech.edu - Homepage",
    "website": "https://sites.gatech.edu/irenewang/",
    "interests": [
      "Systems for Machine Learning",
      "Computer Architecture",
      "System Infrastructure Design"
    ],
    "photo_url": "/citations/images/avatar_scholar_128.png"
  },
  "citation_stats": {
    "citations_all": 57,
    "citations_since_2020": 57,
    "h_index_all": 4,
    "h_index_since_2020": 4,
    "i10_index_all": 3,
    "i10_index_since_2020": 3,
    "citation_graph": [
      {
        "year": 2023,
        "citations": 2
      },
      {
        "year": 2024,
        "citations": 17
      },
      {
        "year": 2025,
        "citations": 38
      }
    ]
  },
  "papers": [
    {
      "title": "CATransformers: Carbon Aware Transformers Through Joint Model-Hardware Optimization",
      "url": "https://scholar.google.com/citations?view_op=view_citation&hl=en&user=vNPoWx0AAAAJ&citation_for_view=vNPoWx0AAAAJ:9yKSN-GCB0IC",
      "authors": "I Wang, M Elhoushi, E Sumbul, S Hsia, D Jiang, N Ardalani, D Mahajan, ...",
      "venue": "Advances in Neural Information Processing Systems (NeurIPS) 39, 2025",
      "year": 2025,
      "citations": 4
    },
    {
      "title": "Flashlight: PyTorch Compiler Extensions to Accelerate Attention Variants",
      "url": "https://scholar.google.com/citations?view_op=view_citation&hl=en&user=vNPoWx0AAAAJ&citation_for_view=vNPoWx0AAAAJ:qjMakFHDy7sC",
      "authors": "B You, I Wang, ZS Mustafaoglu, A Jangda, AÃ Moreira, R Dathathri, ...",
      "venue": "arXiv preprint arXiv:2511.02043, 2025",
      "year": 2025,
      "citations": 0
    },
    {
      "title": "Characterizing the Efficiency of Distributed Training: A Power, Performance, and Thermal Perspective",
      "url": "https://scholar.google.com/citations?view_op=view_citation&hl=en&user=vNPoWx0AAAAJ&citation_for_view=vNPoWx0AAAAJ:2osOgNQ5qMEC",
      "authors": "S Go, J Park, S More, H Wu, I Wang, A Jezghani, T Krishna, D Mahajan",
      "venue": "Proceedings of the 58th IEEE/ACM International Symposium on …, 2025",
      "year": 2025,
      "citations": 0
    },
    {
      "title": "Integrated Hardware Architecture and Device Placement Search",
      "url": "https://scholar.google.com/citations?view_op=view_citation&hl=en&user=vNPoWx0AAAAJ&citation_for_view=vNPoWx0AAAAJ:u-x6o8ySG0sC",
      "authors": "I Wang, J Tarnawski, A Phanishayee, D Mahajan",
      "venue": "International Conference on Machine Learning (ICML), 2024",
      "year": 2024,
      "citations": 17
    },
    {
      "title": "Fluid: Mitigating stragglers in federated learning using invariant dropout",
      "url": "https://scholar.google.com/citations?view_op=view_citation&hl=en&user=vNPoWx0AAAAJ&citation_for_view=vNPoWx0AAAAJ:u5HHmVD_uO8C",
      "authors": "I Wang, P Nair, D Mahajan",
      "venue": "Advances in Neural Information Processing Systems (NeurIPS) 36, 2023",
      "year": 2023,
      "citations": 25
    },
    {
      "title": "Evaluation of gem5 for performance modeling of ARM Cortex-R based embedded SoCs",
      "url": "https://scholar.google.com/citations?view_op=view_citation&hl=en&user=vNPoWx0AAAAJ&citation_for_view=vNPoWx0AAAAJ:d1gkVwhDpl0C",
      "authors": "I Wang, P Chakraborty, ZY Xue, YF Lin",
      "venue": "Microprocessors and Microsystems 93, 104599, 2022",
      "year": 2022,
      "citations": 11
    }
  ],
  "co_authors": []
}