{
  "author_info": {
    "name": "Jian Jia",
    "affiliation": "Institute of Automation, Chinese Academy of Sciences (CASIA)",
    "email_verified": "Verified email at ia.ac.cn",
    "interests": [
      "computer vision"
    ],
    "photo_url": "https://scholar.googleusercontent.com/citations?view_op=view_photo&user=tiDd-T0AAAAJ&citpid=1"
  },
  "citation_stats": {
    "citations_all": 700,
    "citations_since_2020": 700,
    "h_index_all": 12,
    "h_index_since_2020": 12,
    "i10_index_all": 12,
    "i10_index_since_2020": 12,
    "citation_graph": [
      {
        "year": 2020,
        "citations": 3
      },
      {
        "year": 2021,
        "citations": 14
      },
      {
        "year": 2022,
        "citations": 46
      },
      {
        "year": 2023,
        "citations": 105
      },
      {
        "year": 2024,
        "citations": 238
      },
      {
        "year": 2025,
        "citations": 288
      }
    ]
  },
  "papers": [
    {
      "title": "From principles to applications: A comprehensive survey of discrete tokenizers in generation, comprehension, recommendation, and information retrieval",
      "url": "https://scholar.google.com/citations?view_op=view_citation&hl=en&user=tiDd-T0AAAAJ&citation_for_view=tiDd-T0AAAAJ:5nxA0vEk-isC",
      "authors": "J Jia, J Gao, B Xue, J Wang, Q Cai, Q Chen, X Zhao, P Jiang, K Gai",
      "venue": "arXiv preprint arXiv:2502.12448, 2025",
      "year": 2025,
      "citations": 8
    },
    {
      "title": "A novel anti-ischemic stroke candidate drug AAPB with dual effects of neuroprotection and cerebral blood flow improvement",
      "url": "https://scholar.google.com/citations?view_op=view_citation&hl=en&user=tiDd-T0AAAAJ&citation_for_view=tiDd-T0AAAAJ:M3ejUd6NZC8C",
      "authors": "J Wu, D Ji, W Jiao, J Jia, J Zhu, T Hang, X Chen, Y Ding, Y Xu, X Chang, ...",
      "venue": "Acta Pharmaceutica Sinica B 15 (2), 1070-1083, 2025",
      "year": 2025,
      "citations": 4
    },
    {
      "title": "Drugs/agents for the treatment of ischemic stroke: advances and perspectives",
      "url": "https://scholar.google.com/citations?view_op=view_citation&hl=en&user=tiDd-T0AAAAJ&citation_for_view=tiDd-T0AAAAJ:YOwf2qJgpHMC",
      "authors": "J Jia, W Jiao, G Wang, J Wu, Z Huang, Y Zhang",
      "venue": "Medicinal Research Reviews 44 (3), 975-1012, 2024",
      "year": 2024,
      "citations": 31
    },
    {
      "title": "Knowledge adaptation from large language model to recommendation for practical industrial application",
      "url": "https://scholar.google.com/citations?view_op=view_citation&hl=en&user=tiDd-T0AAAAJ&citation_for_view=tiDd-T0AAAAJ:0EnyYjriUFMC",
      "authors": "J Jia, Y Wang, Y Li, H Chen, X Bai, Z Liu, J Liang, Q Chen, H Li, P Jiang, ...",
      "venue": "CoRR, 2024",
      "year": 2024,
      "citations": 29
    },
    {
      "title": "Orthus: Autoregressive interleaved image-text generation with modality-specific heads",
      "url": "https://scholar.google.com/citations?view_op=view_citation&hl=en&user=tiDd-T0AAAAJ&citation_for_view=tiDd-T0AAAAJ:UebtZRa9Y70C",
      "authors": "S Kou, J Jin, Z Liu, C Liu, Y Ma, J Jia, Q Chen, P Jiang, Z Deng",
      "venue": "arXiv preprint arXiv:2412.00127, 2024",
      "year": 2024,
      "citations": 21
    },
    {
      "title": "Knowledge condensation and reasoning for knowledge-based VQA",
      "url": "https://scholar.google.com/citations?view_op=view_citation&hl=en&user=tiDd-T0AAAAJ&citation_for_view=tiDd-T0AAAAJ:_FxGoFyzp5QC",
      "authors": "D Hao, J Jia, L Guo, Q Wang, T Yang, Y Li, Y Cheng, B Wang, Q Chen, ...",
      "venue": "arXiv preprint arXiv:2403.10037, 2024",
      "year": 2024,
      "citations": 5
    },
    {
      "title": "Enhancing instruction-following capability of visual-language models by reducing image redundancy",
      "url": "https://scholar.google.com/citations?view_op=view_citation&hl=en&user=tiDd-T0AAAAJ&citation_for_view=tiDd-T0AAAAJ:Se3iqnhoufwC",
      "authors": "T Yang, J Jia, X Zhu, W Zhao, B Wang, Y Cheng, Y Li, S Liu, Q Chen, ...",
      "venue": "arXiv preprint arXiv:2411.15453, 2024",
      "year": 2024,
      "citations": 4
    },
    {
      "title": "Sweettokenizer: Semantic-aware spatial-temporal tokenizer for compact visual discretization",
      "url": "https://scholar.google.com/citations?view_op=view_citation&hl=en&user=tiDd-T0AAAAJ&citation_for_view=tiDd-T0AAAAJ:hqOjcs7Dif8C",
      "authors": "Z Tan, B Xue, J Jia, J Wang, W Ye, S Shi, M Sun, W Wu, Q Chen, P Jiang",
      "venue": "arXiv e-prints, arXiv: 2412.10443, 2024",
      "year": 2024,
      "citations": 3
    },
    {
      "title": "Beyond appearance: a semantic controllable self-supervised learning framework for human-centric visual tasks",
      "url": "https://scholar.google.com/citations?view_op=view_citation&hl=en&user=tiDd-T0AAAAJ&citation_for_view=tiDd-T0AAAAJ:W7OEmFMy1HYC",
      "authors": "W Chen, X Xu, J Jia, H Luo, Y Wang, F Wang, R Jin, X Sun",
      "venue": "Proceedings of the IEEE/CVF conference on computer vision and pattern …, 2023",
      "year": 2023,
      "citations": 168
    },
    {
      "title": "Advances in nitric oxide regulators for the treatment of ischemic stroke",
      "url": "https://scholar.google.com/citations?view_op=view_citation&hl=en&user=tiDd-T0AAAAJ&citation_for_view=tiDd-T0AAAAJ:qxL8FJ1GzNcC",
      "authors": "J Wu, J Jia, D Ji, W Jiao, Z Huang, Y Zhang",
      "venue": "European Journal of Medicinal Chemistry 262, 115912, 2023",
      "year": 2023,
      "citations": 23
    },
    {
      "title": "Learning disentangled attribute representations for robust pedestrian attribute recognition",
      "url": "https://scholar.google.com/citations?view_op=view_citation&hl=en&user=tiDd-T0AAAAJ&citation_for_view=tiDd-T0AAAAJ:qjMakFHDy7sC",
      "authors": "J Jia, N Gao, F He, X Chen, K Huang",
      "venue": "Proceedings of the AAAI Conference on Artificial Intelligence 36 (1), 1069-1077, 2022",
      "year": 2022,
      "citations": 53
    },
    {
      "title": "Queryprop: Object query propagation for high-performance video object detection",
      "url": "https://scholar.google.com/citations?view_op=view_citation&hl=en&user=tiDd-T0AAAAJ&citation_for_view=tiDd-T0AAAAJ:UeHWp8X0CEIC",
      "authors": "F He, N Gao, J Jia, X Zhao, K Huang",
      "venue": "Proceedings of the AAAI Conference on Artificial Intelligence 36 (1), 834-842, 2022",
      "year": 2022,
      "citations": 41
    },
    {
      "title": "Panopticdepth: A unified framework for depth-aware panoptic segmentation",
      "url": "https://scholar.google.com/citations?view_op=view_citation&hl=en&user=tiDd-T0AAAAJ&citation_for_view=tiDd-T0AAAAJ:IjCSPb-OGe4C",
      "authors": "N Gao, F He, J Jia, Y Shan, H Zhang, X Zhao, K Huang",
      "venue": "Proceedings of the IEEE/CVF Conference on Computer Vision and Pattern …, 2022",
      "year": 2022,
      "citations": 34
    },
    {
      "title": "Inspro: Propagating instance query and proposal for online video instance segmentation",
      "url": "https://scholar.google.com/citations?view_op=view_citation&hl=en&user=tiDd-T0AAAAJ&citation_for_view=tiDd-T0AAAAJ:zYLM7Y9cAGgC",
      "authors": "F He, H Zhang, N Gao, J Jia, Y Shan, X Zhao, K Huang",
      "venue": "Advances in Neural Information Processing Systems 35, 19370-19383, 2022",
      "year": 2022,
      "citations": 22
    },
    {
      "title": "Synthesis and biological evaluation of hybrids from optically active ring-opened 3-N-butylphthalide derivatives and 4-fluro-edaravone as potential anti-acute ischemic stroke agents",
      "url": "https://scholar.google.com/citations?view_op=view_citation&hl=en&user=tiDd-T0AAAAJ&citation_for_view=tiDd-T0AAAAJ:Zph67rFs4hoC",
      "authors": "J Jia, J Wu, D Ji, W Jiao, X Wang, Z Huang, Y Zhang",
      "venue": "Bioorganic & Medicinal Chemistry 69, 116891, 2022",
      "year": 2022,
      "citations": 9
    },
    {
      "title": "Learning disentangled label representations for multi-label classification",
      "url": "https://scholar.google.com/citations?view_op=view_citation&hl=en&user=tiDd-T0AAAAJ&citation_for_view=tiDd-T0AAAAJ:Tyk-4Ss8FVUC",
      "authors": "J Jia, F He, N Gao, X Chen, K Huang",
      "venue": "arXiv preprint arXiv:2212.01461, 2022",
      "year": 2022,
      "citations": 5
    },
    {
      "title": "Rethinking of pedestrian attribute recognition: A reliable evaluation under zero-shot pedestrian identity setting",
      "url": "https://scholar.google.com/citations?view_op=view_citation&hl=en&user=tiDd-T0AAAAJ&citation_for_view=tiDd-T0AAAAJ:d1gkVwhDpl0C",
      "authors": "J Jia, H Huang, X Chen, K Huang",
      "venue": "arXiv preprint arXiv:2107.03576, 2021",
      "year": 2021,
      "citations": 120
    },
    {
      "title": "Spatial and semantic consistency regularizations for pedestrian attribute recognition",
      "url": "https://scholar.google.com/citations?view_op=view_citation&hl=en&user=tiDd-T0AAAAJ&citation_for_view=tiDd-T0AAAAJ:2osOgNQ5qMEC",
      "authors": "J Jia, X Chen, K Huang",
      "venue": "Proceedings of the IEEE/CVF international conference on computer vision, 962-971, 2021",
      "year": 2021,
      "citations": 90
    },
    {
      "title": "Design, Synthesis, and Biological Evaluation of Organic Nitrite (NO2–) Donors as Potential Anticerebral Ischemia Agents",
      "url": "https://scholar.google.com/citations?view_op=view_citation&hl=en&user=tiDd-T0AAAAJ&citation_for_view=tiDd-T0AAAAJ:ULOm3_A8WrAC",
      "authors": "J Wu, W Yin, Z Huang, Y Zhang, J Jia, H Cheng, F Kang, K Huang, T Sun, ...",
      "venue": "Journal of Medicinal Chemistry 64 (15), 10919-10933, 2021",
      "year": 2021,
      "citations": 15
    },
    {
      "title": "Rethinking of pedestrian attribute recognition: realistic datasets and a strong baseline",
      "url": "https://scholar.google.com/citations?view_op=view_citation&hl=en&user=tiDd-T0AAAAJ&citation_for_view=tiDd-T0AAAAJ:3fE2CSJIrl8C",
      "authors": "J Jia, H Huang, W Yang, X Chen, K Huang",
      "venue": "arXiv preprint arXiv:2005.11909 7, 2020",
      "year": 2020,
      "citations": 5
    }
  ],
  "co_authors": []
}