{
  "author_info": {
    "name": "Hao Zhang",
    "affiliation": "Alibaba DAMO Academy, NTU",
    "email_verified": "Verified email at e.ntu.edu.sg - Homepage",
    "website": "https://26hzhang.github.io/",
    "interests": [
      "Large Multimodal Models",
      "Large Language Models",
      "Reasoning"
    ],
    "photo_url": "https://scholar.googleusercontent.com/citations?view_op=view_photo&user=u7nrZOUAAAAJ&citpid=10"
  },
  "citation_stats": {
    "citations_all": 2317,
    "citations_since_2020": 2297,
    "h_index_all": 22,
    "h_index_since_2020": 22,
    "i10_index_all": 34,
    "i10_index_since_2020": 34,
    "citation_graph": [
      {
        "year": 2019,
        "citations": 18
      },
      {
        "year": 2020,
        "citations": 45
      },
      {
        "year": 2021,
        "citations": 128
      },
      {
        "year": 2022,
        "citations": 273
      },
      {
        "year": 2023,
        "citations": 393
      },
      {
        "year": 2024,
        "citations": 582
      },
      {
        "year": 2025,
        "citations": 869
      }
    ]
  },
  "papers": [
    {
      "title": "Frame-Voyager: Learning to Query Frames for Video Large Language Models",
      "url": "https://scholar.google.com/citations?view_op=view_citation&hl=en&user=u7nrZOUAAAAJ&citation_for_view=u7nrZOUAAAAJ:RYcK_YlVTxYC",
      "authors": "S Yu, C Jin, H Wang, Z Chen, S Jin, Z Zuo, X Xu, Z Sun, B Zhang, J Wu, ...",
      "venue": "ICLR, 2025",
      "year": 2025,
      "citations": 32
    },
    {
      "title": "CoIR: A Comprehensive Benchmark for Code Information Retrieval Models",
      "url": "https://scholar.google.com/citations?view_op=view_citation&hl=en&user=u7nrZOUAAAAJ&citation_for_view=u7nrZOUAAAAJ:ns9cj8rnVeAC",
      "authors": "X Li, K Dong, YQ Lee, W Xia, H Zhang, X Dai, Y Wang, R Tang",
      "venue": "ACL, 2025",
      "year": 2025,
      "citations": 30
    },
    {
      "title": "Lingshu: A Generalist Foundation Model for Unified Multimodal Medical Understanding and Reasoning",
      "url": "https://scholar.google.com/citations?view_op=view_citation&hl=en&user=u7nrZOUAAAAJ&citation_for_view=u7nrZOUAAAAJ:dshw04ExmUIC",
      "authors": "L Team, W Xu, HP Chan, L Li, M Aljunied, R Yuan, J Wang, C Xiao, ...",
      "venue": "arXiv preprint arXiv:2506.07044, 2025",
      "year": 2025,
      "citations": 28
    },
    {
      "title": "MR-Ben: A Meta-Reasoning Benchmark for Evaluating System-2 Thinking in LLMs",
      "url": "https://scholar.google.com/citations?view_op=view_citation&hl=en&user=u7nrZOUAAAAJ&citation_for_view=u7nrZOUAAAAJ:zA6iFVUQeVQC",
      "authors": "Z Zeng, Y Liu, Y Wan, J Li, P Chen, J Dai, Y Yao, R Xu, Z Qi, W Zhao, ...",
      "venue": "NeurIPS 37, 119466-119546, 2024",
      "year": 2024,
      "citations": 41
    },
    {
      "title": "LongRAG: Evaluating Long-Context & Long-Form Retrieval-Augmented Generation with Key Point Recall",
      "url": "https://scholar.google.com/citations?view_op=view_citation&hl=en&user=u7nrZOUAAAAJ&citation_for_view=u7nrZOUAAAAJ:EUQCXRtRnyEC",
      "authors": "Z Qi, R Xu, Z Guo, C Wang, H Zhang, W Xu",
      "venue": "Findings of EMNLP, 4852–4872, 2024",
      "year": 2024,
      "citations": 25
    },
    {
      "title": "How Can Recommender Systems Benefit from Large Language Models: A Survey",
      "url": "https://scholar.google.com/citations?view_op=view_citation&hl=en&user=u7nrZOUAAAAJ&citation_for_view=u7nrZOUAAAAJ:dfsIfKJdRG4C",
      "authors": "J Lin, X Dai, Y Xi, W Liu, B Chen, H Zhang, Y Liu, C Wu, X Li, C Zhu, ...",
      "venue": "TOIS 43 (2), 1-47, 2023",
      "year": 2023,
      "citations": 377
    },
    {
      "title": "Temporal Sentence Grounding in Videos: A Survey and Future Directions",
      "url": "https://scholar.google.com/citations?view_op=view_citation&hl=en&user=u7nrZOUAAAAJ&citation_for_view=u7nrZOUAAAAJ:IWHjjKOFINEC",
      "authors": "H Zhang, A Sun, W Jing, JT Zhou",
      "venue": "TPAMI 45 (8), 10443-10465, 2023",
      "year": 2023,
      "citations": 105
    },
    {
      "title": "An Embarrassingly Simple Model for Dialogue Relation Extraction",
      "url": "https://scholar.google.com/citations?view_op=view_citation&hl=en&user=u7nrZOUAAAAJ&citation_for_view=u7nrZOUAAAAJ:_kc_bZDykSQC",
      "authors": "F Xue, A Sun, H Zhang, J Ni, ES Chng",
      "venue": "ICASSP, 6707-6711, 2022",
      "year": 2022,
      "citations": 34
    },
    {
      "title": "Interventional Video Grounding with Dual Contrastive Learning",
      "url": "https://scholar.google.com/citations?view_op=view_citation&hl=en&user=u7nrZOUAAAAJ&citation_for_view=u7nrZOUAAAAJ:fPk4N6BV_jEC",
      "authors": "G Nan, R Qiao, Y Xiao, J Liu, S Leng, H Zhang, W Lu",
      "venue": "CVPR, 2765-2775, 2021",
      "year": 2021,
      "citations": 189
    },
    {
      "title": "Natural Language Video Localization: A Revisit in Span-based Question Answering Framework",
      "url": "https://scholar.google.com/citations?view_op=view_citation&hl=en&user=u7nrZOUAAAAJ&citation_for_view=u7nrZOUAAAAJ:1sJd4Hv_s6UC",
      "authors": "H Zhang, A Sun, W Jing, L Zhen, JT Zhou, RSM Goh",
      "venue": "TPAMI 44 (8), 4252-4266, 2021",
      "year": 2021,
      "citations": 125
    },
    {
      "title": "Video Corpus Moment Retrieval with Contrastive Learning",
      "url": "https://scholar.google.com/citations?view_op=view_citation&hl=en&user=u7nrZOUAAAAJ&citation_for_view=u7nrZOUAAAAJ:QIV2ME_5wuYC",
      "authors": "H Zhang, A Sun, W Jing, G Nan, L Zhen, JT Zhou, RSM Goh",
      "venue": "SIGIR, 685-695, 2021",
      "year": 2021,
      "citations": 118
    },
    {
      "title": "GDPNet: Refining Latent Multi-View Graph for Relation Extraction",
      "url": "https://scholar.google.com/citations?view_op=view_citation&hl=en&user=u7nrZOUAAAAJ&citation_for_view=u7nrZOUAAAAJ:YOwf2qJgpHMC",
      "authors": "F Xue, A Sun, H Zhang, ES Chng",
      "venue": "AAAI 35, 14194-14202, 2021",
      "year": 2021,
      "citations": 109
    },
    {
      "title": "Parallel Attention Network with Sequence Matching for Video Grounding",
      "url": "https://scholar.google.com/citations?view_op=view_citation&hl=en&user=u7nrZOUAAAAJ&citation_for_view=u7nrZOUAAAAJ:dhFuZR0502QC",
      "authors": "H Zhang, A Sun, W Jing, L Zhen, JT Zhou, RSM Goh",
      "venue": "Findings of ACL, 776–790, 2021",
      "year": 2021,
      "citations": 58
    },
    {
      "title": "Towards Debiasing Temporal Sentence Grounding in Video",
      "url": "https://scholar.google.com/citations?view_op=view_citation&hl=en&user=u7nrZOUAAAAJ&citation_for_view=u7nrZOUAAAAJ:ZeXyd9-uunAC",
      "authors": "H Zhang, A Sun, W Jing, JT Zhou",
      "venue": "arXiv preprint arXiv:2111.04321, 2021",
      "year": 2021,
      "citations": 25
    },
    {
      "title": "Span-based Localizing Network for Natural Language Video Localization",
      "url": "https://scholar.google.com/citations?view_op=view_citation&hl=en&user=u7nrZOUAAAAJ&citation_for_view=u7nrZOUAAAAJ:uWQEDVKXjbEC",
      "authors": "H Zhang, A Sun, W Jing, JT Zhou",
      "venue": "ACL, 6543-6554, 2020",
      "year": 2020,
      "citations": 419
    },
    {
      "title": "RoboCoDraw: Robotic Avatar Drawing with GAN-based Style Transfer and Time-efficient Path Optimization",
      "url": "https://scholar.google.com/citations?view_op=view_citation&hl=en&user=u7nrZOUAAAAJ&citation_for_view=u7nrZOUAAAAJ:5nxA0vEk-isC",
      "authors": "H Zhang*, T Wang*, WQ Toh*, X Sui, S Li, Y Liu, W Jing",
      "venue": "AAAI 34, 10402-10409, 2020",
      "year": 2020,
      "citations": 36
    },
    {
      "title": "Multi-Source Meta Transfer for Low Resource Multiple-Choice Question Answering",
      "url": "https://scholar.google.com/citations?view_op=view_citation&hl=en&user=u7nrZOUAAAAJ&citation_for_view=u7nrZOUAAAAJ:MXK_kJrjxJIC",
      "authors": "M Yan, H Zhang, D Jin, JT Zhou",
      "venue": "ACL, 7331-7341, 2020",
      "year": 2020,
      "citations": 32
    },
    {
      "title": "Dual Adversarial Neural Transfer for Low-resource Named Entity Recognition",
      "url": "https://scholar.google.com/citations?view_op=view_citation&hl=en&user=u7nrZOUAAAAJ&citation_for_view=u7nrZOUAAAAJ:_FxGoFyzp5QC",
      "authors": "H Zhang*, JT Zhou*, D Jin, H Zhu, M Fang, RSM Goh, K Kwok",
      "venue": "ACL, 3461-3471, 2019",
      "year": 2019,
      "citations": 137
    },
    {
      "title": "RoSeq: Robust Sequence Labeling",
      "url": "https://scholar.google.com/citations?view_op=view_citation&hl=en&user=u7nrZOUAAAAJ&citation_for_view=u7nrZOUAAAAJ:IjCSPb-OGe4C",
      "authors": "H Zhang*, JT Zhou*, D Jin, X Peng, Y Xiao, Z Cao",
      "venue": "TNNLS 31 (7), 2304-2314, 2019",
      "year": 2019,
      "citations": 32
    },
    {
      "title": "Dual Adversarial Transfer for Sequence Labeling",
      "url": "https://scholar.google.com/citations?view_op=view_citation&hl=en&user=u7nrZOUAAAAJ&citation_for_view=u7nrZOUAAAAJ:roLk4NBRz8UC",
      "authors": "H Zhang*, JT Zhou*, D Jin, X Peng",
      "venue": "TPAMI 43 (2), 434-446, 2019",
      "year": 2019,
      "citations": 30
    }
  ],
  "co_authors": [
    {
      "name": "Joey Tianyi Zhou",
      "scholar_id": "cYNqDokAAAAJ",
      "url": "https://scholar.google.com/citations?user=cYNqDokAAAAJ"
    },
    {
      "name": "Aixin Sun",
      "scholar_id": "wyKGVKUAAAAJ",
      "url": "https://scholar.google.com/citations?user=wyKGVKUAAAAJ"
    },
    {
      "name": "Wei JING",
      "scholar_id": "12L_IZMAAAAJ",
      "url": "https://scholar.google.com/citations?user=12L_IZMAAAAJ"
    },
    {
      "name": "Rick Siow Mong GOH",
      "scholar_id": "fBsBJjoAAAAJ",
      "url": "https://scholar.google.com/citations?user=fBsBJjoAAAAJ"
    },
    {
      "name": "Xinyi Dai",
      "scholar_id": "3p4k0r0AAAAJ",
      "url": "https://scholar.google.com/citations?user=3p4k0r0AAAAJ"
    },
    {
      "name": "Jianghao Lin",
      "scholar_id": "vb30mvwAAAAJ",
      "url": "https://scholar.google.com/citations?user=vb30mvwAAAAJ"
    },
    {
      "name": "Xiangyang li",
      "scholar_id": "_LBW3KEAAAAJ",
      "url": "https://scholar.google.com/citations?user=_LBW3KEAAAAJ"
    },
    {
      "name": "Ruiming TANG",
      "scholar_id": "vXbEJfQAAAAJ",
      "url": "https://scholar.google.com/citations?user=vXbEJfQAAAAJ"
    },
    {
      "name": "Yu Rong",
      "scholar_id": "itezhEMAAAAJ",
      "url": "https://scholar.google.com/citations?user=itezhEMAAAAJ"
    },
    {
      "name": "Di Jin",
      "scholar_id": "x5QTK9YAAAAJ",
      "url": "https://scholar.google.com/citations?user=x5QTK9YAAAAJ"
    },
    {
      "name": "Sicong Leng",
      "scholar_id": "xQsBP6YAAAAJ",
      "url": "https://scholar.google.com/citations?user=xQsBP6YAAAAJ"
    },
    {
      "name": "Zhijiang Guo",
      "scholar_id": "8b-u3icAAAAJ",
      "url": "https://scholar.google.com/citations?user=8b-u3icAAAAJ"
    },
    {
      "name": "Liangli Zhen",
      "scholar_id": "dtv_LZkAAAAJ",
      "url": "https://scholar.google.com/citations?user=dtv_LZkAAAAJ"
    },
    {
      "name": "Huifeng Guo",
      "scholar_id": "jlBcPn8AAAAJ",
      "url": "https://scholar.google.com/citations?user=jlBcPn8AAAAJ"
    },
    {
      "name": "Weiwen Liu",
      "scholar_id": "C7UzRGgAAAAJ",
      "url": "https://scholar.google.com/citations?user=C7UzRGgAAAAJ"
    },
    {
      "name": "Bo Chen",
      "scholar_id": "RZU1wxsAAAAJ",
      "url": "https://scholar.google.com/citations?user=RZU1wxsAAAAJ"
    },
    {
      "name": "Guoshun Nan",
      "scholar_id": "uSykWkMAAAAJ",
      "url": "https://scholar.google.com/citations?user=uSykWkMAAAAJ"
    },
    {
      "name": "Weiwen Xu",
      "scholar_id": "e2XRcAwAAAAJ",
      "url": "https://scholar.google.com/citations?user=e2XRcAwAAAAJ"
    },
    {
      "name": "Hou Pong Chan",
      "scholar_id": "HCljxf0AAAAJ",
      "url": "https://scholar.google.com/citations?user=HCljxf0AAAAJ"
    },
    {
      "name": "Deli Zhao",
      "scholar_id": "7LhjCn0AAAAJ",
      "url": "https://scholar.google.com/citations?user=7LhjCn0AAAAJ"
    }
  ]
}