{
  "author_info": {
    "name": "Hongyan Fei",
    "affiliation": "Peking University",
    "email_verified": "Verified email at stu.pku.edu.cn",
    "interests": [
      "computer vision",
      "biometrics"
    ],
    "photo_url": "https://scholar.googleusercontent.com/citations?view_op=view_photo&user=uFo7ET0AAAAJ&citpid=2"
  },
  "citation_stats": {
    "citations_all": 233,
    "citations_since_2020": 233,
    "h_index_all": 5,
    "h_index_since_2020": 5,
    "i10_index_all": 3,
    "i10_index_since_2020": 3,
    "citation_graph": [
      {
        "year": 2021,
        "citations": 8
      },
      {
        "year": 2022,
        "citations": 33
      },
      {
        "year": 2023,
        "citations": 41
      },
      {
        "year": 2024,
        "citations": 52
      },
      {
        "year": 2025,
        "citations": 99
      }
    ]
  },
  "papers": [
    {
      "title": "Semantic to structure: Learning structural representations for infringement detection",
      "url": "https://scholar.google.com/citations?view_op=view_citation&hl=en&user=uFo7ET0AAAAJ&citation_for_view=uFo7ET0AAAAJ:_FxGoFyzp5QC",
      "authors": "C Huang, Z Jia, H Fei, Y Zhu, Z Yuan, J Zhang, J Zhou",
      "venue": "ICASSP 2025-2025 IEEE International Conference on Acoustics, Speech and …, 2025",
      "year": 2025,
      "citations": 5
    },
    {
      "title": "Secret Lies in Color: Enhancing AI-Generated Images Detection with Color Distribution Analysis",
      "url": "https://scholar.google.com/citations?view_op=view_citation&hl=en&user=uFo7ET0AAAAJ&citation_for_view=uFo7ET0AAAAJ:roLk4NBRz8UC",
      "authors": "Z Jia, C Huang, Y Zhu, H Fei, X Duan, Z Yuan, Y Deng, J Zhang, J Zhang, ...",
      "venue": "Proceedings of the Computer Vision and Pattern Recognition Conference, 13445 …, 2025",
      "year": 2025,
      "citations": 4
    },
    {
      "title": "Control-CLIP: Decoupling Category and Style Guidance in CLIP for Specific-Domain Generation",
      "url": "https://scholar.google.com/citations?view_op=view_citation&hl=en&user=uFo7ET0AAAAJ&citation_for_view=uFo7ET0AAAAJ:LkGwnXOMwfcC",
      "authors": "Z Jia, C Huang, H Fei, Y Zhu, Z Yuan, J Zhang, J Zhou",
      "venue": "arXiv preprint arXiv:2502.11532, 2025",
      "year": 2025,
      "citations": 2
    },
    {
      "title": "A Visual Leap in CLIP Compositionality Reasoning through Generation of Counterfactual Sets",
      "url": "https://scholar.google.com/citations?view_op=view_citation&hl=en&user=uFo7ET0AAAAJ&citation_for_view=uFo7ET0AAAAJ:UebtZRa9Y70C",
      "authors": "Z Jia, C Huang, H Fei, Y Zhu, Z Yuan, Y Deng, J Zhang, J Zhang, J Zhou",
      "venue": "Proceedings of the IEEE/CVF International Conference on Computer Vision …, 2025",
      "year": 2025,
      "citations": 2
    },
    {
      "title": "From Imitation to Innovation: The Emergence of AI's Unique Artistic Styles and the Challenge of Copyright Protection",
      "url": "https://scholar.google.com/citations?view_op=view_citation&hl=en&user=uFo7ET0AAAAJ&citation_for_view=uFo7ET0AAAAJ:Se3iqnhoufwC",
      "authors": "Z Jia, C Huang, Y Zhu, H Fei, Y Deng, Z Yuan, J Zhang, J Zhang, J Zhou",
      "venue": "Proceedings of the IEEE/CVF International Conference on Computer Vision …, 2025",
      "year": 2025,
      "citations": 2
    },
    {
      "title": "ArtFRD: A Fisher-Rao Mixture Metric for Generative Model Aesthetic Evaluation",
      "url": "https://scholar.google.com/citations?view_op=view_citation&hl=en&user=uFo7ET0AAAAJ&citation_for_view=uFo7ET0AAAAJ:0EnyYjriUFMC",
      "authors": "C Huang, Z Jia, H Fei, Y Zhu, Z Yuan, J Zhang, J Zhou",
      "venue": "Proceedings of the 33rd ACM International Conference on Multimedia, 6654-6662, 2025",
      "year": 2025,
      "citations": 0
    },
    {
      "title": "MCID: Multi-aspect Copyright Infringement Detection for Generated Images",
      "url": "https://scholar.google.com/citations?view_op=view_citation&hl=en&user=uFo7ET0AAAAJ&citation_for_view=uFo7ET0AAAAJ:hqOjcs7Dif8C",
      "authors": "C Huang, Z Jia, H Fei, Y Zhu, Z Yuan, Y Deng, J Zhang, X Duan, J Zhang, ...",
      "venue": "Proceedings of the IEEE/CVF International Conference on Computer Vision …, 2025",
      "year": 2025,
      "citations": 0
    },
    {
      "title": "Finger recovery transformer: toward better incomplete fingerprint identification",
      "url": "https://scholar.google.com/citations?view_op=view_citation&hl=en&user=uFo7ET0AAAAJ&citation_for_view=uFo7ET0AAAAJ:eQOLeE2rZwMC",
      "authors": "Z Jia, C Huang, Z Wang, H Fei, S Wu, J Feng",
      "venue": "IEEE Transactions on Information Forensics and Security 19, 8860-8874, 2024",
      "year": 2024,
      "citations": 15
    },
    {
      "title": "Fingerprint presentation attack detection by region decomposition",
      "url": "https://scholar.google.com/citations?view_op=view_citation&hl=en&user=uFo7ET0AAAAJ&citation_for_view=uFo7ET0AAAAJ:IjCSPb-OGe4C",
      "authors": "H Fei, C Huang, S Wu, Z Wang, Z Jia, J Feng",
      "venue": "IEEE Transactions on Information Forensics and Security 19, 3974-3985, 2024",
      "year": 2024,
      "citations": 6
    },
    {
      "title": "Face forgery detection by 3d decomposition and composition search",
      "url": "https://scholar.google.com/citations?view_op=view_citation&hl=en&user=uFo7ET0AAAAJ&citation_for_view=uFo7ET0AAAAJ:qjMakFHDy7sC",
      "authors": "X Zhu, H Fei, B Zhang, T Zhang, X Zhang, SZ Li, Z Lei",
      "venue": "IEEE Transactions on Pattern Analysis and Machine Intelligence 45 (7), 8342-8357, 2023",
      "year": 2023,
      "citations": 39
    },
    {
      "title": "Improving latent fingerprint orientation field estimation using inpainting techniques",
      "url": "https://scholar.google.com/citations?view_op=view_citation&hl=en&user=uFo7ET0AAAAJ&citation_for_view=uFo7ET0AAAAJ:W7OEmFMy1HYC",
      "authors": "Z Wang, Z Jia, C Huang, H Fei, S Wu, J Feng",
      "venue": "2023 IEEE International Joint Conference on Biometrics (IJCB), 1-10, 2023",
      "year": 2023,
      "citations": 3
    },
    {
      "title": "FingerSTR: Weak supervised transformer for latent fingerprint segmentation",
      "url": "https://scholar.google.com/citations?view_op=view_citation&hl=en&user=uFo7ET0AAAAJ&citation_for_view=uFo7ET0AAAAJ:zYLM7Y9cAGgC",
      "authors": "Z Jia, Z Wang, S Wu, H Fei, C Huang, J Feng",
      "venue": "2023 IEEE International Joint Conference on Biometrics (IJCB), 1-10, 2023",
      "year": 2023,
      "citations": 3
    },
    {
      "title": "Fingerprint indexing with minutiae-aided fingerprint multiscale representation",
      "url": "https://scholar.google.com/citations?view_op=view_citation&hl=en&user=uFo7ET0AAAAJ&citation_for_view=uFo7ET0AAAAJ:Tyk-4Ss8FVUC",
      "authors": "S Wu, Z Wang, Z Jia, C Huang, H Fei, J Feng",
      "venue": "Asian Conference on Pattern Recognition, 344-358, 2023",
      "year": 2023,
      "citations": 2
    },
    {
      "title": "Fingerprint Presentation Attack Detection with Supervised Contrastive Learning",
      "url": "https://scholar.google.com/citations?view_op=view_citation&hl=en&user=uFo7ET0AAAAJ&citation_for_view=uFo7ET0AAAAJ:Y0pCki6q_DkC",
      "authors": "C Huang, H Fei, S Wu, Z Wang, Z Jia, J Feng",
      "venue": "2023 IEEE International Joint Conference on Biometrics (IJCB), 1-10, 2023",
      "year": 2023,
      "citations": 0
    },
    {
      "title": "Face forgery detection by 3d decomposition",
      "url": "https://scholar.google.com/citations?view_op=view_citation&hl=en&user=uFo7ET0AAAAJ&citation_for_view=uFo7ET0AAAAJ:u5HHmVD_uO8C",
      "authors": "X Zhu, H Wang, H Fei, Z Lei, SZ Li",
      "venue": "Proceedings of the IEEE/CVF conference on computer vision and pattern …, 2021",
      "year": 2021,
      "citations": 150
    },
    {
      "title": "Comprehensive Artistic Style Representation for Quantitative Evaluation",
      "url": "https://scholar.google.com/citations?view_op=view_citation&hl=en&user=uFo7ET0AAAAJ&citation_for_view=uFo7ET0AAAAJ:ufrVoPGSRksC",
      "authors": "Z Jia, C Huang, H Fei, Y Zhu, Y Deng, J Zhang, Y Zhiqiang, X Duan, ...",
      "venue": "",
      "citations": 0
    }
  ],
  "co_authors": [
    {
      "name": "Xiangyu Zhu",
      "scholar_id": "1rbNk5oAAAAJ",
      "url": "https://scholar.google.com/citations?user=1rbNk5oAAAAJ"
    },
    {
      "name": "Zhen Lei（雷震）",
      "scholar_id": "cuJ3QG8AAAAJ",
      "url": "https://scholar.google.com/citations?user=cuJ3QG8AAAAJ"
    },
    {
      "name": "Stan Z. Li (李子青)",
      "scholar_id": "Y-nyLGIAAAAJ",
      "url": "https://scholar.google.com/citations?user=Y-nyLGIAAAAJ"
    },
    {
      "name": "Hao Wang",
      "scholar_id": "hKFj_QwAAAAJ",
      "url": "https://scholar.google.com/citations?user=hKFj_QwAAAAJ"
    }
  ]
}