{
  "author_info": {
    "name": "Adam White",
    "affiliation": "University of Alberta, Amii (Alberta Machine Intelligence Institute)",
    "email_verified": "Verified email at ualberta.ca - Homepage",
    "website": "http://adamwhite.ca/",
    "interests": [
      "Artificial Intelligence",
      "Reinforcement Learning"
    ],
    "photo_url": "https://scholar.googleusercontent.com/citations?view_op=view_photo&user=1GqGhcsAAAAJ&citpid=3"
  },
  "citation_stats": {
    "citations_all": 2766,
    "citations_since_2020": 1891,
    "h_index_all": 26,
    "h_index_since_2020": 23,
    "i10_index_all": 49,
    "i10_index_since_2020": 45,
    "citation_graph": [
      {
        "year": 2009,
        "citations": 9
      },
      {
        "year": 2010,
        "citations": 17
      },
      {
        "year": 2011,
        "citations": 40
      },
      {
        "year": 2012,
        "citations": 59
      },
      {
        "year": 2013,
        "citations": 73
      },
      {
        "year": 2014,
        "citations": 75
      },
      {
        "year": 2015,
        "citations": 69
      },
      {
        "year": 2016,
        "citations": 75
      },
      {
        "year": 2017,
        "citations": 95
      },
      {
        "year": 2018,
        "citations": 150
      },
      {
        "year": 2019,
        "citations": 165
      },
      {
        "year": 2020,
        "citations": 207
      },
      {
        "year": 2021,
        "citations": 232
      },
      {
        "year": 2022,
        "citations": 289
      },
      {
        "year": 2023,
        "citations": 319
      },
      {
        "year": 2024,
        "citations": 449
      },
      {
        "year": 2025,
        "citations": 390
      }
    ]
  },
  "papers": [
    {
      "title": "Empirical design in reinforcement learning",
      "url": "https://scholar.google.com/citations?view_op=view_citation&hl=en&user=1GqGhcsAAAAJ&citation_for_view=1GqGhcsAAAAJ:S16KYo8Pm5AC",
      "authors": "A Patterson, S Neumann, M White, A White",
      "venue": "Journal of Machine Learning Research 25 (318), 1-63, 2024",
      "year": 2024,
      "citations": 73
    },
    {
      "title": "Investigating the properties of neural network representations in reinforcement learning",
      "url": "https://scholar.google.com/citations?view_op=view_citation&hl=en&user=1GqGhcsAAAAJ&citation_for_view=1GqGhcsAAAAJ:gsN89kCJA0AC",
      "authors": "H Wang, E Miahi, M White, MC Machado, Z Abbas, R Kumaraswamy, ...",
      "venue": "Artificial Intelligence 330, 104100, 2024",
      "year": 2024,
      "citations": 41
    },
    {
      "title": "Loss of plasticity in continual deep reinforcement learning",
      "url": "https://scholar.google.com/citations?view_op=view_citation&hl=en&user=1GqGhcsAAAAJ&citation_for_view=1GqGhcsAAAAJ:e_rmSamDkqQC",
      "authors": "Z Abbas, R Zhao, J Modayil, A White, MC Machado",
      "venue": "Conference on lifelong learning agents, 620-636, 2023",
      "year": 2023,
      "citations": 150
    },
    {
      "title": "The in-sample softmax for offline reinforcement learning",
      "url": "https://scholar.google.com/citations?view_op=view_citation&hl=en&user=1GqGhcsAAAAJ&citation_for_view=1GqGhcsAAAAJ:-FonjvnnhkoC",
      "authors": "C Xiao, H Wang, Y Pan, A White, M White",
      "venue": "arXiv preprint arXiv:2302.14372, 2023",
      "year": 2023,
      "citations": 50
    },
    {
      "title": "General value function networks",
      "url": "https://scholar.google.com/citations?view_op=view_citation&hl=en&user=1GqGhcsAAAAJ&citation_for_view=1GqGhcsAAAAJ:PR6Y55bgFSsC",
      "authors": "M Schlegel, A Jacobsen, Z Abbas, A Patterson, A White, M White",
      "venue": "Journal of Artificial Intelligence Research 70, 497-543, 2021",
      "year": 2021,
      "citations": 45
    },
    {
      "title": "Adapting behavior via intrinsic reward: A survey and empirical study",
      "url": "https://scholar.google.com/citations?view_op=view_citation&hl=en&user=1GqGhcsAAAAJ&citation_for_view=1GqGhcsAAAAJ:-_dYPAW6P2MC",
      "authors": "C Linke, NM Ady, M White, T Degris, A White",
      "venue": "Journal of artificial intelligence research 69, 1287-1332, 2020",
      "year": 2020,
      "citations": 62
    },
    {
      "title": "Gradient temporal-difference learning with regularized corrections",
      "url": "https://scholar.google.com/citations?view_op=view_citation&hl=en&user=1GqGhcsAAAAJ&citation_for_view=1GqGhcsAAAAJ:9Nmd_mFXekcC",
      "authors": "S Ghiassian, A Patterson, S Garg, D Gupta, A White, M White",
      "venue": "International Conference on Machine Learning, 3524-3534, 2020",
      "year": 2020,
      "citations": 62
    },
    {
      "title": "Improving performance in reinforcement learning by breaking generalization in neural networks",
      "url": "https://scholar.google.com/citations?view_op=view_citation&hl=en&user=1GqGhcsAAAAJ&citation_for_view=1GqGhcsAAAAJ:VLnqNzywnoUC",
      "authors": "S Ghiassian, B Rafiee, YL Lo, A White",
      "venue": "arXiv preprint arXiv:2003.07417, 2020",
      "year": 2020,
      "citations": 49
    },
    {
      "title": "Organizing experience: a deeper look at replay mechanisms for sample-based planning in continuous state domains",
      "url": "https://scholar.google.com/citations?view_op=view_citation&hl=en&user=1GqGhcsAAAAJ&citation_for_view=1GqGhcsAAAAJ:ZuybSZzF8UAC",
      "authors": "Y Pan, M Zaheer, A White, A Patterson, M White",
      "venue": "arXiv preprint arXiv:1806.04624, 2018",
      "year": 2018,
      "citations": 62
    },
    {
      "title": "Accelerated gradient temporal difference learning",
      "url": "https://scholar.google.com/citations?view_op=view_citation&hl=en&user=1GqGhcsAAAAJ&citation_for_view=1GqGhcsAAAAJ:eMMeJKvmdy0C",
      "authors": "Y Pan, A White, M White",
      "venue": "Proceedings of the AAAI Conference on Artificial Intelligence 31 (1), 2017",
      "year": 2017,
      "citations": 39
    },
    {
      "title": "A greedy approach to adapting the trace parameter for temporal difference learning",
      "url": "https://scholar.google.com/citations?view_op=view_citation&hl=en&user=1GqGhcsAAAAJ&citation_for_view=1GqGhcsAAAAJ:XiVPGOgt02cC",
      "authors": "M White, A White",
      "venue": "arXiv preprint arXiv:1607.00446, 2016",
      "year": 2016,
      "citations": 54
    },
    {
      "title": "Investigating practical linear temporal difference learning",
      "url": "https://scholar.google.com/citations?view_op=view_citation&hl=en&user=1GqGhcsAAAAJ&citation_for_view=1GqGhcsAAAAJ:olpn-zPbct0C",
      "authors": "A White, M White",
      "venue": "arXiv preprint arXiv:1602.08771, 2016",
      "year": 2016,
      "citations": 49
    },
    {
      "title": "Developing a predictive approach to knowledge",
      "url": "https://scholar.google.com/citations?view_op=view_citation&hl=en&user=1GqGhcsAAAAJ&citation_for_view=1GqGhcsAAAAJ:UxriW0iASnsC",
      "authors": "A White",
      "venue": "University of Alberta, 2015",
      "year": 2015,
      "citations": 85
    },
    {
      "title": "Multi-timescale nexting in a reinforcement learning robot",
      "url": "https://scholar.google.com/citations?view_op=view_citation&hl=en&user=1GqGhcsAAAAJ&citation_for_view=1GqGhcsAAAAJ:zA6iFVUQeVQC",
      "authors": "J Modayil, A White, RS Sutton",
      "venue": "Adaptive Behavior 22 (2), 146-160, 2014",
      "year": 2014,
      "citations": 155
    },
    {
      "title": "Surprise and curiosity for big data robotics",
      "url": "https://scholar.google.com/citations?view_op=view_citation&hl=en&user=1GqGhcsAAAAJ&citation_for_view=1GqGhcsAAAAJ:abG-DnoFyZgC",
      "authors": "A White, J Modayil, RS Sutton",
      "venue": "Workshops at the Twenty-Eighth AAAI Conference on Artificial Intelligence 7, 2014",
      "year": 2014,
      "citations": 40
    },
    {
      "title": "Horde: A scalable real-time architecture for learning knowledge from unsupervised sensorimotor interaction",
      "url": "https://scholar.google.com/citations?view_op=view_citation&hl=en&user=1GqGhcsAAAAJ&citation_for_view=1GqGhcsAAAAJ:SeFeTyx0c_EC",
      "authors": "RS Sutton, J Modayil, M Delp, T Degris, PM Pilarski, A White, D Precup",
      "venue": "The 10th International Conference on Autonomous Agents and Multiagent …, 2011",
      "year": 2011,
      "citations": 669
    },
    {
      "title": "Report on the 2008 reinforcement learning competition",
      "url": "https://scholar.google.com/citations?view_op=view_citation&hl=en&user=1GqGhcsAAAAJ&citation_for_view=1GqGhcsAAAAJ:3s1wT3WcHBgC",
      "authors": "S Whiteson, B Tanner, A White",
      "venue": "AI Magazine 31 (2), 81-81, 2010",
      "year": 2010,
      "citations": 60
    },
    {
      "title": "Interval Estimation for Reinforcement-Learning Algorithms in Continuous-State Domains",
      "url": "https://scholar.google.com/citations?view_op=view_citation&hl=en&user=1GqGhcsAAAAJ&citation_for_view=1GqGhcsAAAAJ:a0OBvERweLwC",
      "authors": "M White, A White",
      "venue": "Advances in Neural Information Processing Systems, 2010",
      "year": 2010,
      "citations": 42
    },
    {
      "title": "RL-Glue: Language-independent software for reinforcement-learning experiments",
      "url": "https://scholar.google.com/citations?view_op=view_citation&hl=en&user=1GqGhcsAAAAJ&citation_for_view=1GqGhcsAAAAJ:HoB7MX3m0LUC",
      "authors": "B Tanner, A White",
      "venue": "The Journal of Machine Learning Research 10, 2133-2136, 2009",
      "year": 2009,
      "citations": 171
    },
    {
      "title": "Feature construction for reinforcement learning in hearts",
      "url": "https://scholar.google.com/citations?view_op=view_citation&hl=en&user=1GqGhcsAAAAJ&citation_for_view=1GqGhcsAAAAJ:ZHo1McVdvXMC",
      "authors": "NR Sturtevant, AM White",
      "venue": "International Conference on Computers and Games, 122-134, 2006",
      "year": 2006,
      "citations": 87
    }
  ],
  "co_authors": [
    {
      "name": "Martha White",
      "scholar_id": "t5zdD_IAAAAJ",
      "url": "https://scholar.google.com/citations?user=t5zdD_IAAAAJ"
    },
    {
      "name": "Joseph Modayil",
      "scholar_id": "G3pvUNEAAAAJ",
      "url": "https://scholar.google.com/citations?user=G3pvUNEAAAAJ"
    },
    {
      "name": "Patrick M. Pilarski",
      "scholar_id": "VGQmtWEAAAAJ",
      "url": "https://scholar.google.com/citations?user=VGQmtWEAAAAJ"
    },
    {
      "name": "Marlos C. Machado",
      "scholar_id": "xf_n4xUAAAAJ",
      "url": "https://scholar.google.com/citations?user=xf_n4xUAAAAJ"
    },
    {
      "name": "Thomas Degris",
      "scholar_id": "fwp4np8AAAAJ",
      "url": "https://scholar.google.com/citations?user=fwp4np8AAAAJ"
    },
    {
      "name": "Doina Precup",
      "scholar_id": "j54VcVEAAAAJ",
      "url": "https://scholar.google.com/citations?user=j54VcVEAAAAJ"
    },
    {
      "name": "Nathan Sturtevant",
      "scholar_id": "3utEUeoAAAAJ",
      "url": "https://scholar.google.com/citations?user=3utEUeoAAAAJ"
    },
    {
      "name": "Craig Sherstan",
      "scholar_id": "z_UYQB8AAAAJ",
      "url": "https://scholar.google.com/citations?user=z_UYQB8AAAAJ"
    },
    {
      "name": "Shimon Whiteson",
      "scholar_id": "9zeEI-cAAAAJ",
      "url": "https://scholar.google.com/citations?user=9zeEI-cAAAAJ"
    }
  ]
}