{
  "author_info": {
    "name": "Yuwei Fang",
    "affiliation": "Principal AI Research Scientist, Zoom",
    "email_verified": "Verified email at zoom.us - Homepage",
    "website": "https://yuwfan.github.io/",
    "interests": [
      "Deep Learning",
      "NLP",
      "Multimodal"
    ],
    "photo_url": "https://scholar.googleusercontent.com/citations?view_op=view_photo&user=Om_-hHsAAAAJ&citpid=14"
  },
  "citation_stats": {
    "citations_all": 2127,
    "citations_since_2020": 2116,
    "h_index_all": 22,
    "h_index_since_2020": 22,
    "i10_index_all": 28,
    "i10_index_since_2020": 28,
    "citation_graph": [
      {
        "year": 2019,
        "citations": 10
      },
      {
        "year": 2020,
        "citations": 34
      },
      {
        "year": 2021,
        "citations": 110
      },
      {
        "year": 2022,
        "citations": 237
      },
      {
        "year": 2023,
        "citations": 371
      },
      {
        "year": 2024,
        "citations": 551
      },
      {
        "year": 2025,
        "citations": 807
      }
    ]
  },
  "papers": [
    {
      "title": "Panda-70m: Captioning 70m videos with multiple cross-modality teachers",
      "url": "https://scholar.google.com/citations?view_op=view_citation&hl=en&user=Om_-hHsAAAAJ&citation_for_view=Om_-hHsAAAAJ:YOwf2qJgpHMC",
      "authors": "TS Chen, A Siarohin, W Menapace, E Deyneka, H Chao, BE Jeon, Y Fang, ...",
      "venue": "Proceedings of the IEEE/CVF Conference on Computer Vision and Pattern …, 2024",
      "year": 2024,
      "citations": 327
    },
    {
      "title": "Evaluating very long-term conversational memory of llm agents",
      "url": "https://scholar.google.com/citations?view_op=view_citation&hl=en&user=Om_-hHsAAAAJ&citation_for_view=Om_-hHsAAAAJ:ULOm3_A8WrAC",
      "authors": "A Maharana, DH Lee, S Tulyakov, M Bansal, F Barbieri, Y Fang",
      "venue": "arXiv preprint arXiv:2402.17753, 2024",
      "year": 2024,
      "citations": 150
    },
    {
      "title": "Snap video: Scaled spatiotemporal transformers for text-to-video synthesis",
      "url": "https://scholar.google.com/citations?view_op=view_citation&hl=en&user=Om_-hHsAAAAJ&citation_for_view=Om_-hHsAAAAJ:Zph67rFs4hoC",
      "authors": "W Menapace, A Siarohin, I Skorokhodov, E Deyneka, TS Chen, A Kag, ...",
      "venue": "Proceedings of the IEEE/CVF Conference on Computer Vision and Pattern …, 2024",
      "year": 2024,
      "citations": 100
    },
    {
      "title": "Moa: Mixture-of-attention for subject-context disentanglement in personalized image generation",
      "url": "https://scholar.google.com/citations?view_op=view_citation&hl=en&user=Om_-hHsAAAAJ&citation_for_view=Om_-hHsAAAAJ:_kc_bZDykSQC",
      "authors": "KC Wang, D Ostashev, Y Fang, S Tulyakov, K Aberman",
      "venue": "SIGGRAPH Asia 2024 Conference Papers, 1-12, 2024",
      "year": 2024,
      "citations": 40
    },
    {
      "title": "Plug: Leveraging pivot language in cross-lingual instruction tuning",
      "url": "https://scholar.google.com/citations?view_op=view_citation&hl=en&user=Om_-hHsAAAAJ&citation_for_view=Om_-hHsAAAAJ:kNdYIx-mwKoC",
      "authors": "Z Zhang, DH Lee, Y Fang, W Yu, M Jia, M Jiang, F Barbieri",
      "venue": "Proceedings of the 62nd Annual Meeting of the Association for Computational …, 2024",
      "year": 2024,
      "citations": 27
    },
    {
      "title": "Unifying vision, text, and layout for universal document processing",
      "url": "https://scholar.google.com/citations?view_op=view_citation&hl=en&user=Om_-hHsAAAAJ&citation_for_view=Om_-hHsAAAAJ:0EnyYjriUFMC",
      "authors": "Z Tang, Z Yang, G Wang, Y Fang, Y Liu, C Zhu, M Zeng, C Zhang, ...",
      "venue": "Proceedings of the IEEE/CVF conference on computer vision and pattern …, 2023",
      "year": 2023,
      "citations": 170
    },
    {
      "title": "i-code: An integrative and composable multimodal learning framework",
      "url": "https://scholar.google.com/citations?view_op=view_citation&hl=en&user=Om_-hHsAAAAJ&citation_for_view=Om_-hHsAAAAJ:roLk4NBRz8UC",
      "authors": "Z Yang, Y Fang, C Zhu, R Pryzant, D Chen, Y Shi, Y Xu, Y Qian, M Gao, ...",
      "venue": "Proceedings of the AAAI Conference on Artificial Intelligence 37 (9), 10880 …, 2023",
      "year": 2023,
      "citations": 54
    },
    {
      "title": "MACSum: Controllable Summarization with Mixed Attributes",
      "url": "https://scholar.google.com/citations?view_op=view_citation&hl=en&user=Om_-hHsAAAAJ&citation_for_view=Om_-hHsAAAAJ:hqOjcs7Dif8C",
      "authors": "Y Zhang, Y Liu, Z Yang, Y Fang, Y Chen, D Radev, C Zhu, M Zeng, ...",
      "venue": "Transactions of the Association for Computational Linguistics 11, 787-803, 2023",
      "year": 2023,
      "citations": 33
    },
    {
      "title": "Kg-fid: Infusing knowledge graph in fusion-in-decoder for open-domain question answering",
      "url": "https://scholar.google.com/citations?view_op=view_citation&hl=en&user=Om_-hHsAAAAJ&citation_for_view=Om_-hHsAAAAJ:eQOLeE2rZwMC",
      "authors": "D Yu, C Zhu, Y Fang, W Yu, S Wang, Y Xu, X Ren, Y Yang, M Zeng",
      "venue": "ACL 2022, 2022",
      "year": 2022,
      "citations": 144
    },
    {
      "title": "Training data is more valuable than you think: A simple and effective method by retrieving from training data",
      "url": "https://scholar.google.com/citations?view_op=view_citation&hl=en&user=Om_-hHsAAAAJ&citation_for_view=Om_-hHsAAAAJ:LkGwnXOMwfcC",
      "authors": "S Wang, Y Xu, Y Fang, Y Liu, S Sun, R Xu, C Zhu, M Zeng",
      "venue": "ACL 2022, 2022",
      "year": 2022,
      "citations": 133
    },
    {
      "title": "Dict-bert: Enhancing language model pre-training with dictionary",
      "url": "https://scholar.google.com/citations?view_op=view_citation&hl=en&user=Om_-hHsAAAAJ&citation_for_view=Om_-hHsAAAAJ:WF5omc3nYNoC",
      "authors": "W Yu, C Zhu, Y Fang, D Yu, S Wang, Y Xu, M Zeng, M Jiang",
      "venue": "Findings of ACL 2022, 2022",
      "year": 2022,
      "citations": 89
    },
    {
      "title": "RetGen: A Joint framework for Retrieval and Grounded Text Generation Modeling",
      "url": "https://scholar.google.com/citations?view_op=view_citation&hl=en&user=Om_-hHsAAAAJ&citation_for_view=Om_-hHsAAAAJ:_FxGoFyzp5QC",
      "authors": "Y Zhang, S Sun, X Gao, Y Fang, C Brockett, M Galley, J Gao, B Dolan",
      "venue": "AAAI 2022, 2022",
      "year": 2022,
      "citations": 45
    },
    {
      "title": "Retrieval augmentation for commonsense reasoning: A unified approach",
      "url": "https://scholar.google.com/citations?view_op=view_citation&hl=en&user=Om_-hHsAAAAJ&citation_for_view=Om_-hHsAAAAJ:UebtZRa9Y70C",
      "authors": "W Yu, C Zhu, Z Zhang, S Wang, Z Zhang, Y Fang, M Jiang",
      "venue": "arXiv preprint arXiv:2210.12887, 2022",
      "year": 2022,
      "citations": 34
    },
    {
      "title": "LightningDOT: Pre-training Visual-Semantic Embeddings for Real-Time Image-Text Retrieval",
      "url": "https://scholar.google.com/citations?view_op=view_citation&hl=en&user=Om_-hHsAAAAJ&citation_for_view=Om_-hHsAAAAJ:IjCSPb-OGe4C",
      "authors": "S Sun, YC Chen, L Li, S Wang, Y Fang, J Liu",
      "venue": "NAACL 2021, 2021",
      "year": 2021,
      "citations": 107
    },
    {
      "title": "Cluster-former: Clustering-based sparse transformer for question answering",
      "url": "https://scholar.google.com/citations?view_op=view_citation&hl=en&user=Om_-hHsAAAAJ&citation_for_view=Om_-hHsAAAAJ:Y0pCki6q_DkC",
      "authors": "S Wang, L Zhou, Z Gan, YC Chen, Y Fang, S Sun, Y Cheng, J Liu",
      "venue": "Findings of ACL 2021, 3958-3968, 2021",
      "year": 2021,
      "citations": 33
    },
    {
      "title": "Leveraging knowledge in multilingual commonsense reasoning",
      "url": "https://scholar.google.com/citations?view_op=view_citation&hl=en&user=Om_-hHsAAAAJ&citation_for_view=Om_-hHsAAAAJ:ufrVoPGSRksC",
      "authors": "Y Fang, S Wang, Y Xu, R Xu, S Sun, C Zhu, M Zeng",
      "venue": "Findings of ACL 2022, 2021",
      "year": 2021,
      "citations": 25
    },
    {
      "title": "Contrastive Distillation on Intermediate Representations for Language Model Compression",
      "url": "https://scholar.google.com/citations?view_op=view_citation&hl=en&user=Om_-hHsAAAAJ&citation_for_view=Om_-hHsAAAAJ:qjMakFHDy7sC",
      "authors": "S Sun, Z Gan, Y Cheng, Y Fang, S Wang, J Liu",
      "venue": "EMNLP 2020, 2020",
      "year": 2020,
      "citations": 87
    },
    {
      "title": "FILTER: An enhanced fusion method for cross-lingual language understanding",
      "url": "https://scholar.google.com/citations?view_op=view_citation&hl=en&user=Om_-hHsAAAAJ&citation_for_view=Om_-hHsAAAAJ:d1gkVwhDpl0C",
      "authors": "Y Fang, S Wang, Z Gan, S Sun, J Liu",
      "venue": "AAAI 2021, 2020",
      "year": 2020,
      "citations": 55
    },
    {
      "title": "Cluster-former: Clustering-based sparse transformer for long-range dependency encoding",
      "url": "https://scholar.google.com/citations?view_op=view_citation&hl=en&user=Om_-hHsAAAAJ&citation_for_view=Om_-hHsAAAAJ:2osOgNQ5qMEC",
      "authors": "S Wang, L Zhou, Z Gan, YC Chen, Y Fang, S Sun, Y Cheng, J Liu",
      "venue": "Findings of ACL 2021, 2020",
      "year": 2020,
      "citations": 37
    },
    {
      "title": "Hierarchical graph network for multi-hop question answering",
      "url": "https://scholar.google.com/citations?view_op=view_citation&hl=en&user=Om_-hHsAAAAJ&citation_for_view=Om_-hHsAAAAJ:u5HHmVD_uO8C",
      "authors": "Y Fang, S Sun, Z Gan, R Pillai, S Wang, J Liu",
      "venue": "EMNLP 2020, 2019",
      "year": 2019,
      "citations": 257
    }
  ],
  "co_authors": [
    {
      "name": "Shuohang Wang",
      "scholar_id": "mN-IO6wAAAAJ",
      "url": "https://scholar.google.com/citations?user=mN-IO6wAAAAJ"
    },
    {
      "name": "Chenguang Zhu",
      "scholar_id": "1b2kKWoAAAAJ",
      "url": "https://scholar.google.com/citations?user=1b2kKWoAAAAJ"
    },
    {
      "name": "Siqi Sun",
      "scholar_id": "2dyg3WgAAAAJ",
      "url": "https://scholar.google.com/citations?user=2dyg3WgAAAAJ"
    },
    {
      "name": "Yichong Xu",
      "scholar_id": "sYza2XwAAAAJ",
      "url": "https://scholar.google.com/citations?user=sYza2XwAAAAJ"
    },
    {
      "name": "Zhe Gan",
      "scholar_id": "E64XWyMAAAAJ",
      "url": "https://scholar.google.com/citations?user=E64XWyMAAAAJ"
    },
    {
      "name": "Ziyi Yang",
      "scholar_id": "JkyLIM0AAAAJ",
      "url": "https://scholar.google.com/citations?user=JkyLIM0AAAAJ"
    },
    {
      "name": "Yang Liu",
      "scholar_id": "HxTr-CtMdrsC",
      "url": "https://scholar.google.com/citations?user=HxTr-CtMdrsC"
    },
    {
      "name": "Yu Cheng",
      "scholar_id": "ORPxbV4AAAAJ",
      "url": "https://scholar.google.com/citations?user=ORPxbV4AAAAJ"
    },
    {
      "name": "Yen-Chun Chen",
      "scholar_id": "Gptgy4YAAAAJ",
      "url": "https://scholar.google.com/citations?user=Gptgy4YAAAAJ"
    },
    {
      "name": "Ruochen Xu",
      "scholar_id": "HTp5S00AAAAJ",
      "url": "https://scholar.google.com/citations?user=HTp5S00AAAAJ"
    },
    {
      "name": "Donghan Yu",
      "scholar_id": "KlwvYcEAAAAJ",
      "url": "https://scholar.google.com/citations?user=KlwvYcEAAAAJ"
    },
    {
      "name": "Reid Pryzant",
      "scholar_id": "FkufKDgAAAAJ",
      "url": "https://scholar.google.com/citations?user=FkufKDgAAAAJ"
    },
    {
      "name": "Jianfeng Gao",
      "scholar_id": "CQ1cqKkAAAAJ",
      "url": "https://scholar.google.com/citations?user=CQ1cqKkAAAAJ"
    },
    {
      "name": "Yizhe Zhang",
      "scholar_id": "WDVMfggAAAAJ",
      "url": "https://scholar.google.com/citations?user=WDVMfggAAAAJ"
    },
    {
      "name": "Xiaodong Liu",
      "scholar_id": "NIewcxMAAAAJ",
      "url": "https://scholar.google.com/citations?user=NIewcxMAAAAJ"
    }
  ]
}