{
  "author_info": {
    "name": "Eunseop Yoon",
    "affiliation": "KAIST",
    "email_verified": "Verified email at kaist.ac.kr - Homepage",
    "website": "http://esyoon7.github.io/",
    "interests": [
      "Deep learning"
    ],
    "photo_url": "https://scholar.googleusercontent.com/citations?view_op=view_photo&user=QbEnxx0AAAAJ&citpid=3"
  },
  "citation_stats": {
    "citations_all": 254,
    "citations_since_2020": 254,
    "h_index_all": 8,
    "h_index_since_2020": 8,
    "i10_index_all": 7,
    "i10_index_since_2020": 7,
    "citation_graph": [
      {
        "year": 2023,
        "citations": 13
      },
      {
        "year": 2024,
        "citations": 82
      },
      {
        "year": 2025,
        "citations": 157
      }
    ]
  },
  "papers": [
    {
      "title": "Can video llms refuse to answer? alignment for answerability in video large language models",
      "url": "https://scholar.google.com/citations?view_op=view_citation&hl=en&user=QbEnxx0AAAAJ&citation_for_view=QbEnxx0AAAAJ:UebtZRa9Y70C",
      "authors": "E Yoon, HS Yoon, MA Hasegawa-Johnson, CD Yoo",
      "venue": "The Thirteenth International Conference on Learning Representations, 2025",
      "year": 2025,
      "citations": 4
    },
    {
      "title": "C-tpt: Calibrated test-time prompt tuning for vision-language models via text feature dispersion",
      "url": "https://scholar.google.com/citations?view_op=view_citation&hl=en&user=QbEnxx0AAAAJ&citation_for_view=QbEnxx0AAAAJ:eQOLeE2rZwMC",
      "authors": "HS Yoon, E Yoon, JTJ Tee, M Hasegawa-Johnson, Y Li, CD Yoo",
      "venue": "arXiv preprint arXiv:2403.14119, 2024",
      "year": 2024,
      "citations": 73
    },
    {
      "title": "Tlcr: Token-level continuous reward for fine-grained reinforcement learning from human feedback",
      "url": "https://scholar.google.com/citations?view_op=view_citation&hl=en&user=QbEnxx0AAAAJ&citation_for_view=QbEnxx0AAAAJ:LkGwnXOMwfcC",
      "authors": "E Yoon, HS Yoon, SH Eom, G Han, D Nam, D Jo, KW On, ...",
      "venue": "Findings of the Association for Computational Linguistics: ACL 2024, 14969-14981, 2024",
      "year": 2024,
      "citations": 34
    },
    {
      "title": "Simpsi: A simple strategy to preserve spectral information in time series data augmentation",
      "url": "https://scholar.google.com/citations?view_op=view_citation&hl=en&user=QbEnxx0AAAAJ&citation_for_view=QbEnxx0AAAAJ:W7OEmFMy1HYC",
      "authors": "H Ryu, S Yoon, HS Yoon, E Yoon, CD Yoo",
      "venue": "Proceedings of the AAAI Conference on Artificial Intelligence 38 (13), 14857 …, 2024",
      "year": 2024,
      "citations": 8
    },
    {
      "title": "Bi-mdrg: Bridging image history in multimodal dialogue response generation",
      "url": "https://scholar.google.com/citations?view_op=view_citation&hl=en&user=QbEnxx0AAAAJ&citation_for_view=QbEnxx0AAAAJ:Se3iqnhoufwC",
      "authors": "HS Yoon, E Yoon, JTJ Tee, K Zhang, YJ Heo, DS Chang, CD Yoo",
      "venue": "European Conference on Computer Vision, 378-396, 2024",
      "year": 2024,
      "citations": 5
    },
    {
      "title": "Adamer-ctc: Connectionist temporal classification with adaptive maximum entropy regularization for automatic speech recognition",
      "url": "https://scholar.google.com/citations?view_op=view_citation&hl=en&user=QbEnxx0AAAAJ&citation_for_view=QbEnxx0AAAAJ:WF5omc3nYNoC",
      "authors": "SH Eom, E Yoon, HS Yoon, C Kim, M Hasegawa-Johnson, CD Yoo",
      "venue": "ICASSP 2024-2024 IEEE International Conference on Acoustics, Speech and …, 2024",
      "year": 2024,
      "citations": 5
    },
    {
      "title": "Li-tta: Language informed test-time adaptation for automatic speech recognition",
      "url": "https://scholar.google.com/citations?view_op=view_citation&hl=en&user=QbEnxx0AAAAJ&citation_for_view=QbEnxx0AAAAJ:roLk4NBRz8UC",
      "authors": "E Yoon, HS Yoon, J Harvill, M Hasegawa-Johnson, CD Yoo",
      "venue": "arXiv preprint arXiv:2408.05769, 2024",
      "year": 2024,
      "citations": 2
    },
    {
      "title": "SQuba: Speech mamba language model with querying-attention for efficient summarization",
      "url": "https://scholar.google.com/citations?view_op=view_citation&hl=en&user=QbEnxx0AAAAJ&citation_for_view=QbEnxx0AAAAJ:hqOjcs7Dif8C",
      "authors": "SH Eom, J Shim, E Yoon, HS Yoon, H Ko, MA Hasegawa-Johnson, ...",
      "venue": "",
      "citations": 1,
      "year": 2024
    },
    {
      "title": "Counterfactual two-stage debiasing for video corpus moment retrieval",
      "url": "https://scholar.google.com/citations?view_op=view_citation&hl=en&user=QbEnxx0AAAAJ&citation_for_view=QbEnxx0AAAAJ:u-x6o8ySG0sC",
      "authors": "S Yoon, JW Hong, S Eom, HS Yoon, E Yoon, D Kim, J Kim, C Kim, ...",
      "venue": "ICASSP 2023-2023 IEEE International Conference on Acoustics, Speech and …, 2023",
      "year": 2023,
      "citations": 14
    },
    {
      "title": "Hear: Hearing enhanced audio response for video-grounded dialogue",
      "url": "https://scholar.google.com/citations?view_op=view_citation&hl=en&user=QbEnxx0AAAAJ&citation_for_view=QbEnxx0AAAAJ:Y0pCki6q_DkC",
      "authors": "S Yoon, D Kim, E Yoon, H Yoon, J Kim, C Yoo",
      "venue": "Findings of the Association for Computational Linguistics: EMNLP 2023, 11911 …, 2023",
      "year": 2023,
      "citations": 13
    },
    {
      "title": "Esd: Expected squared difference as a tuning-free trainable calibration measure",
      "url": "https://scholar.google.com/citations?view_op=view_citation&hl=en&user=QbEnxx0AAAAJ&citation_for_view=QbEnxx0AAAAJ:2osOgNQ5qMEC",
      "authors": "HS Yoon, JTJ Tee, E Yoon, S Yoon, G Kim, Y Li, CD Yoo",
      "venue": "arXiv preprint arXiv:2303.02472, 2023",
      "year": 2023,
      "citations": 13
    },
    {
      "title": "One-shot exemplification modeling via latent sense representations",
      "url": "https://scholar.google.com/citations?view_op=view_citation&hl=en&user=QbEnxx0AAAAJ&citation_for_view=QbEnxx0AAAAJ:IjCSPb-OGe4C",
      "authors": "J Harvill, M Hasegawa-Johnson, HS Yoon, CD Yoo, E Yoon",
      "venue": "Proceedings of the 8th Workshop on Representation Learning for NLP (RepL4NLP …, 2023",
      "year": 2023,
      "citations": 4
    },
    {
      "title": "INTapt: Information-theoretic adversarial prompt tuning for enhanced non-native speech recognition",
      "url": "https://scholar.google.com/citations?view_op=view_citation&hl=en&user=QbEnxx0AAAAJ&citation_for_view=QbEnxx0AAAAJ:UeHWp8X0CEIC",
      "authors": "E Yoon, HS Yoon, J Harvill, M Hasegawa-Johnson, C Yoo",
      "venue": "Findings of the Association for Computational Linguistics: ACL 2023, 9893-9902, 2023",
      "year": 2023,
      "citations": 2
    },
    {
      "title": "Efficient Latent Variable Modeling for Knowledge-Grounded Dialogue Generation",
      "url": "https://scholar.google.com/citations?view_op=view_citation&hl=en&user=QbEnxx0AAAAJ&citation_for_view=QbEnxx0AAAAJ:Tyk-4Ss8FVUC",
      "authors": "G Han, D Jo, D Nam, E Yoon, T Kwon, S Rho, KW On, C Yoo, S Kim",
      "venue": "Findings of the Association for Computational Linguistics: EMNLP 2023, 2683-2702, 2023",
      "year": 2023,
      "citations": 1
    },
    {
      "title": "Mitigating the exposure bias in sentence-level grapheme-to-phoneme (G2P) transduction",
      "url": "https://scholar.google.com/citations?view_op=view_citation&hl=en&user=QbEnxx0AAAAJ&citation_for_view=QbEnxx0AAAAJ:zYLM7Y9cAGgC",
      "authors": "E Yoon, HS Yoon, D Gowda, SH Eom, D Kim, J Harvill, H Gao, ...",
      "venue": "arXiv preprint arXiv:2308.08442, 2023",
      "year": 2023,
      "citations": 1
    },
    {
      "title": "Information-theoretic adversarial prompt tuning for enhanced non-native speech recognition",
      "url": "https://scholar.google.com/citations?view_op=view_citation&hl=en&user=QbEnxx0AAAAJ&citation_for_view=QbEnxx0AAAAJ:YsMSGLbcyi4C",
      "authors": "E Yoon, HS Yoon, J Harvill, M Hasegawa-Johnson, CD Yoo",
      "venue": "The 61st Annual Meeting of the Association for Computational Linguistics, 2023",
      "year": 2023,
      "citations": 1
    },
    {
      "title": "Selective query-guided debiasing for video corpus moment retrieval",
      "url": "https://scholar.google.com/citations?view_op=view_citation&hl=en&user=QbEnxx0AAAAJ&citation_for_view=QbEnxx0AAAAJ:9yKSN-GCB0IC",
      "authors": "S Yoon, JW Hong, E Yoon, D Kim, J Kim, HS Yoon, CD Yoo",
      "venue": "European Conference on Computer Vision, 185-200, 2022",
      "year": 2022,
      "citations": 34
    },
    {
      "title": "Information-theoretic text hallucination reduction for video-grounded dialogue",
      "url": "https://scholar.google.com/citations?view_op=view_citation&hl=en&user=QbEnxx0AAAAJ&citation_for_view=QbEnxx0AAAAJ:d1gkVwhDpl0C",
      "authors": "S Yoon, E Yoon, HS Yoon, J Kim, C Yoo",
      "venue": "Proceedings of the 2022 Conference on Empirical Methods in Natural Language …, 2022",
      "year": 2022,
      "citations": 29
    },
    {
      "title": "Smsmix: Sense-maintained sentence mixup for word sense disambiguation",
      "url": "https://scholar.google.com/citations?view_op=view_citation&hl=en&user=QbEnxx0AAAAJ&citation_for_view=QbEnxx0AAAAJ:qjMakFHDy7sC",
      "authors": "HS Yoon, E Yoon, J Harvill, S Yoon, M Hasegawa-Johnson, C Yoo",
      "venue": "Findings of the Association for Computational Linguistics: EMNLP 2022, 1493-1502, 2022",
      "year": 2022,
      "citations": 7
    },
    {
      "title": "ConfPO: Exploiting Policy Model Confidence for Critical Token Selection in Preference Optimization",
      "url": "https://scholar.google.com/citations?view_op=view_citation&hl=en&user=QbEnxx0AAAAJ&citation_for_view=QbEnxx0AAAAJ:8k81kl-MbHgC",
      "authors": "HS Yoon, E Yoon, MA Hasegawa-Johnson, S Kim, CD Yoo",
      "venue": "Forty-second International Conference on Machine Learning, 0",
      "citations": 3
    }
  ],
  "co_authors": []
}