{
  "author_info": {
    "name": "Laks V.S. Lakshmanan",
    "affiliation": "Professor of Computer Science, University of British Columbia",
    "email_verified": "Verified email at cs.ubc.ca - Homepage",
    "website": "http://www.cs.ubc.ca/~laks",
    "interests": [
      "Data Mangmnt & Mining",
      "Data Warehousing/OLAP",
      "Recommender Systems",
      "Social Networks & Media",
      "NLP & ML"
    ],
    "photo_url": "https://scholar.googleusercontent.com/citations?view_op=view_photo&user=_RCsaOsAAAAJ&citpid=3"
  },
  "citation_stats": {
    "citations_all": 24359,
    "citations_since_2020": 6606,
    "h_index_all": 81,
    "h_index_since_2020": 37,
    "i10_index_all": 202,
    "i10_index_since_2020": 108,
    "citation_graph": [
      {
        "year": 1996,
        "citations": 61
      },
      {
        "year": 1997,
        "citations": 97
      },
      {
        "year": 1998,
        "citations": 146
      },
      {
        "year": 1999,
        "citations": 220
      },
      {
        "year": 2000,
        "citations": 302
      },
      {
        "year": 2001,
        "citations": 387
      },
      {
        "year": 2002,
        "citations": 486
      },
      {
        "year": 2003,
        "citations": 521
      },
      {
        "year": 2004,
        "citations": 681
      },
      {
        "year": 2005,
        "citations": 858
      },
      {
        "year": 2006,
        "citations": 911
      },
      {
        "year": 2007,
        "citations": 875
      },
      {
        "year": 2008,
        "citations": 752
      },
      {
        "year": 2009,
        "citations": 856
      },
      {
        "year": 2010,
        "citations": 782
      },
      {
        "year": 2011,
        "citations": 828
      },
      {
        "year": 2012,
        "citations": 799
      },
      {
        "year": 2013,
        "citations": 927
      },
      {
        "year": 2014,
        "citations": 1099
      },
      {
        "year": 2015,
        "citations": 1017
      },
      {
        "year": 2016,
        "citations": 1142
      },
      {
        "year": 2017,
        "citations": 1219
      },
      {
        "year": 2018,
        "citations": 1207
      },
      {
        "year": 2019,
        "citations": 1148
      },
      {
        "year": 2020,
        "citations": 1104
      },
      {
        "year": 2021,
        "citations": 1043
      },
      {
        "year": 2022,
        "citations": 1107
      },
      {
        "year": 2023,
        "citations": 1070
      },
      {
        "year": 2024,
        "citations": 1132
      },
      {
        "year": 2025,
        "citations": 1144
      }
    ]
  },
  "papers": [
    {
      "title": "Automatic detection of machine generated text: A critical survey",
      "url": "https://scholar.google.com/citations?view_op=view_citation&hl=en&user=_RCsaOsAAAAJ&citation_for_view=_RCsaOsAAAAJ:XUvXOeBm_78C",
      "authors": "G Jawahar, M Abdul-Mageed, VS Laks Lakshmanan",
      "venue": "Proceedings of the 28th international conference on computational …, 2020",
      "year": 2020,
      "citations": 308
    },
    {
      "title": "Attribute truss community search",
      "url": "https://scholar.google.com/citations?view_op=view_citation&hl=en&user=_RCsaOsAAAAJ&citation_for_view=_RCsaOsAAAAJ:mlAyqtXpCwEC",
      "authors": "X Huang, LVS Lakshmanan",
      "venue": "arXiv preprint arXiv:1609.00090, 2016",
      "year": 2016,
      "citations": 297
    },
    {
      "title": "From competition to complementarity: comparative influence diffusion and maximization",
      "url": "https://scholar.google.com/citations?view_op=view_citation&hl=en&user=_RCsaOsAAAAJ&citation_for_view=_RCsaOsAAAAJ:GtLg2Ama23sC",
      "authors": "W Lu, W Chen, LVS Lakshmanan",
      "venue": "arXiv preprint arXiv:1507.00317, 2015",
      "year": 2015,
      "citations": 294
    },
    {
      "title": "Information and influence propagation in social networks",
      "url": "https://scholar.google.com/citations?view_op=view_citation&hl=en&user=_RCsaOsAAAAJ&citation_for_view=_RCsaOsAAAAJ:TIZ-Mc8IlK0C",
      "authors": "W Chen, C Castillo, LVS Lakshmanan",
      "venue": "Morgan & Claypool Publishers, 2013",
      "year": 2013,
      "citations": 599
    },
    {
      "title": "Celf++ optimizing the greedy algorithm for influence maximization in social networks",
      "url": "https://scholar.google.com/citations?view_op=view_citation&hl=en&user=_RCsaOsAAAAJ&citation_for_view=_RCsaOsAAAAJ:u9iWguZQMMsC",
      "authors": "A Goyal, W Lu, LVS Lakshmanan",
      "venue": "Proceedings of the 20th international conference companion on World wide web …, 2011",
      "year": 2011,
      "citations": 1246
    },
    {
      "title": "Simpath: An efficient algorithm for influence maximization under the linear threshold model",
      "url": "https://scholar.google.com/citations?view_op=view_citation&hl=en&user=_RCsaOsAAAAJ&citation_for_view=_RCsaOsAAAAJ:4fKUyHm3Qg0C",
      "authors": "A Goyal, W Lu, LVS Lakshmanan",
      "venue": "2011 IEEE 11th international conference on data mining, 211-220, 2011",
      "year": 2011,
      "citations": 713
    },
    {
      "title": "A data-based approach to social influence maximization",
      "url": "https://scholar.google.com/citations?view_op=view_citation&hl=en&user=_RCsaOsAAAAJ&citation_for_view=_RCsaOsAAAAJ:CHSYGLWDkRkC",
      "authors": "A Goyal, F Bonchi, LVS Lakshmanan",
      "venue": "arXiv preprint arXiv:1109.6886, 2011",
      "year": 2011,
      "citations": 587
    },
    {
      "title": "Learning influence probabilities in social networks",
      "url": "https://scholar.google.com/citations?view_op=view_citation&hl=en&user=_RCsaOsAAAAJ&citation_for_view=_RCsaOsAAAAJ:8k81kl-MbHgC",
      "authors": "A Goyal, F Bonchi, LVS Lakshmanan",
      "venue": "Proceedings of the third ACM international conference on Web search and data …, 2010",
      "year": 2010,
      "citations": 1453
    },
    {
      "title": "Discovering conditional functional dependencies",
      "url": "https://scholar.google.com/citations?view_op=view_citation&hl=en&user=_RCsaOsAAAAJ&citation_for_view=_RCsaOsAAAAJ:ZeXyd9-uunAC",
      "authors": "W Fan, F Geerts, J Li, M Xiong",
      "venue": "IEEE Transactions on Knowledge and Data Engineering 23 (5), 683-698, 2010",
      "year": 2010,
      "citations": 449
    },
    {
      "title": "It takes variety to make a world: diversification in recommender systems",
      "url": "https://scholar.google.com/citations?view_op=view_citation&hl=en&user=_RCsaOsAAAAJ&citation_for_view=_RCsaOsAAAAJ:R3hNpaxXUhUC",
      "authors": "C Yu, L Lakshmanan, S Amer-Yahia",
      "venue": "Proceedings of the 12th international conference on extending database …, 2009",
      "year": 2009,
      "citations": 281
    },
    {
      "title": "FleXPath: Flexible structure and full-text querying for XML",
      "url": "https://scholar.google.com/citations?view_op=view_citation&hl=en&user=_RCsaOsAAAAJ&citation_for_view=_RCsaOsAAAAJ:Y0pCki6q_DkC",
      "authors": "S Amer-Yahia, LVS Lakshmanan, S Pandit",
      "venue": "Proceedings of the 2004 ACM SIGMOD international conference on Management of …, 2004",
      "year": 2004,
      "citations": 295
    },
    {
      "title": "Timber: A native xml database",
      "url": "https://scholar.google.com/citations?view_op=view_citation&hl=en&user=_RCsaOsAAAAJ&citation_for_view=_RCsaOsAAAAJ:u-x6o8ySG0sC",
      "authors": "HV Jagadish, S Al-Khalifa, A Chapman, LVS Lakshmanan, A Nierman, ...",
      "venue": "The VLDB journal 11 (4), 274-291, 2002",
      "year": 2002,
      "citations": 625
    },
    {
      "title": "Quotient cube: How to summarize the semantics of a data cube",
      "url": "https://scholar.google.com/citations?view_op=view_citation&hl=en&user=_RCsaOsAAAAJ&citation_for_view=_RCsaOsAAAAJ:zYLM7Y9cAGgC",
      "authors": "LVS Lakshmanan, J Pei, J Han",
      "venue": "VLDB'02: Proceedings of the 28th International Conference on Very Large …, 2002",
      "year": 2002,
      "citations": 324
    },
    {
      "title": "Mining frequent itemsets with convertible constraints",
      "url": "https://scholar.google.com/citations?view_op=view_citation&hl=en&user=_RCsaOsAAAAJ&citation_for_view=_RCsaOsAAAAJ:UeHWp8X0CEIC",
      "authors": "J Pei, J Han, LVS Lakshmanan",
      "venue": "Proceedings 17th international conference on data engineering, 433-442, 2001",
      "year": 2001,
      "citations": 474
    },
    {
      "title": "TAX: A tree algebra for XML",
      "url": "https://scholar.google.com/citations?view_op=view_citation&hl=en&user=_RCsaOsAAAAJ&citation_for_view=_RCsaOsAAAAJ:qjMakFHDy7sC",
      "authors": "HV Jagadish, LVS Lakshmanan, D Srivastava, K Thompson",
      "venue": "International workshop on database programming languages, 149-164, 2001",
      "year": 2001,
      "citations": 378
    },
    {
      "title": "Minimization of tree pattern queries",
      "url": "https://scholar.google.com/citations?view_op=view_citation&hl=en&user=_RCsaOsAAAAJ&citation_for_view=_RCsaOsAAAAJ:IjCSPb-OGe4C",
      "authors": "S Amer-Yahia, SR Cho, LVS Lakshmanan, D Srivastava",
      "venue": "ACM SIGMOD Record 30 (2), 497-508, 2001",
      "year": 2001,
      "citations": 345
    },
    {
      "title": "Exploratory mining and pruning optimizations of constrained associations rules",
      "url": "https://scholar.google.com/citations?view_op=view_citation&hl=en&user=_RCsaOsAAAAJ&citation_for_view=_RCsaOsAAAAJ:u5HHmVD_uO8C",
      "authors": "RT Ng, LVS Lakshmanan, J Han, A Pang",
      "venue": "ACM Sigmod Record 27 (2), 13-24, 1998",
      "year": 1998,
      "citations": 1068
    },
    {
      "title": "A foundation for multi-dimensional databases",
      "url": "https://scholar.google.com/citations?view_op=view_citation&hl=en&user=_RCsaOsAAAAJ&citation_for_view=_RCsaOsAAAAJ:d1gkVwhDpl0C",
      "authors": "M Gyssens, LVS Lakshmanan",
      "venue": "VLDB 97, 106-115, 1997",
      "year": 1997,
      "citations": 487
    },
    {
      "title": "Probview: A flexible probabilistic database system",
      "url": "https://scholar.google.com/citations?view_op=view_citation&hl=en&user=_RCsaOsAAAAJ&citation_for_view=_RCsaOsAAAAJ:9yKSN-GCB0IC",
      "authors": "LVS Lakshmanan, N Leone, R Ross, VS Subrahmanian",
      "venue": "ACM Transactions on Database Systems (TODS) 22 (3), 419-469, 1997",
      "year": 1997,
      "citations": 477
    },
    {
      "title": "A declarative language for querying and restructuring the Web",
      "url": "https://scholar.google.com/citations?view_op=view_citation&hl=en&user=_RCsaOsAAAAJ&citation_for_view=_RCsaOsAAAAJ:2osOgNQ5qMEC",
      "authors": "LVS Lakshmanan, F Sadri, IN Subramanian",
      "venue": "Proceedings RIDE'96. Sixth International Workshop on Research Issues in Data …, 1996",
      "year": 1996,
      "citations": 374
    }
  ],
  "co_authors": [
    {
      "name": "Divesh Srivastava",
      "scholar_id": "kGKlHp0AAAAJ",
      "url": "https://scholar.google.com/citations?user=kGKlHp0AAAAJ"
    },
    {
      "name": "Raymond Ng",
      "scholar_id": "reYJaYMAAAAJ",
      "url": "https://scholar.google.com/citations?user=reYJaYMAAAAJ"
    },
    {
      "name": "Jiawei Han",
      "scholar_id": "Kv9AbjMAAAAJ",
      "url": "https://scholar.google.com/citations?user=Kv9AbjMAAAAJ"
    },
    {
      "name": "Amit Goyal",
      "scholar_id": "ghwvspoAAAAJ",
      "url": "https://scholar.google.com/citations?user=ghwvspoAAAAJ"
    },
    {
      "name": "Sihem Amer-Yahia",
      "scholar_id": "rMtUkMcAAAAJ",
      "url": "https://scholar.google.com/citations?user=rMtUkMcAAAAJ"
    },
    {
      "name": "H. V. Jagadish",
      "scholar_id": "SKVnHakAAAAJ",
      "url": "https://scholar.google.com/citations?user=SKVnHakAAAAJ"
    },
    {
      "name": "Francesco Bonchi",
      "scholar_id": "R1Jt75cAAAAJ",
      "url": "https://scholar.google.com/citations?user=R1Jt75cAAAAJ"
    },
    {
      "name": "Wei Lu",
      "scholar_id": "I1oD06AAAAAJ",
      "url": "https://scholar.google.com/citations?user=I1oD06AAAAAJ"
    },
    {
      "name": "Fereidoon Sadri",
      "scholar_id": "9O5E9UIAAAAJ",
      "url": "https://scholar.google.com/citations?user=9O5E9UIAAAAJ"
    },
    {
      "name": "Jian Pei",
      "scholar_id": "zIMEVKsAAAAJ",
      "url": "https://scholar.google.com/citations?user=zIMEVKsAAAAJ"
    },
    {
      "name": "Wendy Hui Wang",
      "scholar_id": "3pXvHPUAAAAJ",
      "url": "https://scholar.google.com/citations?user=3pXvHPUAAAAJ"
    },
    {
      "name": "Xin Huang",
      "scholar_id": "PpcRwI0AAAAJ",
      "url": "https://scholar.google.com/citations?user=PpcRwI0AAAAJ"
    },
    {
      "name": "Min Xie",
      "scholar_id": "kk3lug8AAAAJ",
      "url": "https://scholar.google.com/citations?user=kk3lug8AAAAJ"
    },
    {
      "name": "Stelios Paparizos",
      "scholar_id": "2ubDR0gAAAAJ",
      "url": "https://scholar.google.com/citations?user=2ubDR0gAAAAJ"
    },
    {
      "name": "Wei Chen （陈 卫）",
      "scholar_id": "hlEPkxAAAAAJ",
      "url": "https://scholar.google.com/citations?user=hlEPkxAAAAAJ"
    },
    {
      "name": "Carlos Castillo",
      "scholar_id": "D4NJsXEIh1cJ",
      "url": "https://scholar.google.com/citations?user=D4NJsXEIh1cJ"
    },
    {
      "name": "Pei Lee",
      "scholar_id": "c9qHYlQAAAAJ",
      "url": "https://scholar.google.com/citations?user=c9qHYlQAAAAJ"
    },
    {
      "name": "Xiaokui Xiao",
      "scholar_id": "BpgsGX0AAAAJ",
      "url": "https://scholar.google.com/citations?user=BpgsGX0AAAAJ"
    },
    {
      "name": "Gosta Grahne",
      "scholar_id": "9JS9MTwAAAAJ",
      "url": "https://scholar.google.com/citations?user=9JS9MTwAAAAJ"
    },
    {
      "name": "Sharan Vaswani",
      "scholar_id": "bDb2zWwAAAAJ",
      "url": "https://scholar.google.com/citations?user=bDb2zWwAAAAJ"
    }
  ]
}