{
  "author_info": {
    "name": "Baolu Li",
    "affiliation": "Dalian University of Technology",
    "email_verified": "Verified email at mail.dlut.edu.cn",
    "interests": [
      "Computer Vision、Deep Learning、Diffusion Models"
    ],
    "photo_url": "https://scholar.googleusercontent.com/citations?view_op=view_photo&user=rCFTrWkAAAAJ&citpid=4"
  },
  "citation_stats": {
    "citations_all": 21,
    "citations_since_2020": 21,
    "h_index_all": 2,
    "h_index_since_2020": 2,
    "i10_index_all": 1,
    "i10_index_since_2020": 1,
    "citation_graph": [
      {
        "year": 2024,
        "citations": 2
      },
      {
        "year": 2025,
        "citations": 19
      }
    ]
  },
  "papers": [
    {
      "title": "Characterfactory: Sampling consistent characters with gans for diffusion models",
      "url": "https://scholar.google.com/citations?view_op=view_citation&hl=en&user=rCFTrWkAAAAJ&citation_for_view=rCFTrWkAAAAJ:d1gkVwhDpl0C",
      "authors": "Q Wang, B Li, X Li, B Cao, L Ma, H Lu, X Jia",
      "venue": "IEEE Transactions on Image Processing, 2025",
      "year": 2025,
      "citations": 13
    },
    {
      "title": "VLIPP: Towards Physically Plausible Video Generation with Vision and Language Informed Physical Prior",
      "url": "https://scholar.google.com/citations?view_op=view_citation&hl=en&user=rCFTrWkAAAAJ&citation_for_view=rCFTrWkAAAAJ:2osOgNQ5qMEC",
      "authors": "X Yang, B Li, Y Zhang, Z Yin, L Bai, L Ma, Z Wang, J Cai, TT Wong, H Lu, ...",
      "venue": "arXiv preprint arXiv:2503.23368, 2025",
      "year": 2025,
      "citations": 8
    },
    {
      "title": "VFXMaster: Unlocking Dynamic Visual Effect Generation via In-Context Learning",
      "url": "https://scholar.google.com/citations?view_op=view_citation&hl=en&user=rCFTrWkAAAAJ&citation_for_view=rCFTrWkAAAAJ:UeHWp8X0CEIC",
      "authors": "B Li, Y Zhang, Q Wang, L Ma, X Shi, X Wang, P Wan, Z Yin, Y Zhuge, H Lu, ...",
      "venue": "arXiv preprint arXiv:2510.25772, 2025",
      "year": 2025,
      "citations": 0
    },
    {
      "title": "Layout-Conditioned Autoregressive Text-to-Image Generation via Structured Masking",
      "url": "https://scholar.google.com/citations?view_op=view_citation&hl=en&user=rCFTrWkAAAAJ&citation_for_view=rCFTrWkAAAAJ:qjMakFHDy7sC",
      "authors": "Z Zheng, T Isobe, T Shen, X Jia, J Zhao, X Li, M Ge, B Li, Q Wang, D Li, ...",
      "venue": "arXiv preprint arXiv:2509.12046, 2025",
      "year": 2025,
      "citations": 0
    }
  ],
  "co_authors": [
    {
      "name": "Xu Jia",
      "scholar_id": "0YI9rvsAAAAJ",
      "url": "https://scholar.google.com/citations?user=0YI9rvsAAAAJ"
    },
    {
      "name": "Huchuan Lu,  IEEE FELLOW",
      "scholar_id": "D3nE0agAAAAJ",
      "url": "https://scholar.google.com/citations?user=D3nE0agAAAAJ"
    },
    {
      "name": "Qinghe Wang",
      "scholar_id": "bY5ueZsAAAAJ",
      "url": "https://scholar.google.com/citations?user=bY5ueZsAAAAJ"
    },
    {
      "name": "Zhenfei Yin",
      "scholar_id": "ngPR1dIAAAAJ",
      "url": "https://scholar.google.com/citations?user=ngPR1dIAAAAJ"
    },
    {
      "name": "Lei Bai",
      "scholar_id": "sakOO04AAAAJ",
      "url": "https://scholar.google.com/citations?user=sakOO04AAAAJ"
    },
    {
      "name": "Xiaoyu Shi",
      "scholar_id": "fbEuTJUAAAAJ",
      "url": "https://scholar.google.com/citations?user=fbEuTJUAAAAJ"
    },
    {
      "name": "Xintao Wang",
      "scholar_id": "FQgZpQoAAAAJ",
      "url": "https://scholar.google.com/citations?user=FQgZpQoAAAAJ"
    }
  ]
}