{
  "author_info": {
    "name": "Russell Z. Kunes",
    "affiliation": "PhD student, Columbia University",
    "email_verified": "Verified email at columbia.edu",
    "interests": [
      "Statistics"
    ],
    "photo_url": "/citations/images/avatar_scholar_128.png"
  },
  "citation_stats": {
    "citations_all": 163,
    "citations_since_2020": 163,
    "h_index_all": 7,
    "h_index_since_2020": 7,
    "i10_index_all": 6,
    "i10_index_since_2020": 6,
    "citation_graph": [
      {
        "year": 2020,
        "citations": 1
      },
      {
        "year": 2021,
        "citations": 6
      },
      {
        "year": 2022,
        "citations": 10
      },
      {
        "year": 2023,
        "citations": 20
      },
      {
        "year": 2024,
        "citations": 54
      },
      {
        "year": 2025,
        "citations": 72
      }
    ]
  },
  "papers": [
    {
      "title": "Interferon-γ orchestrates leptomeningeal anti-tumour response",
      "url": "https://scholar.google.com/citations?view_op=view_citation&hl=en&user=NxkLyYEAAAAJ&citation_for_view=NxkLyYEAAAAJ:maZDTaKrznsC",
      "authors": "J Remsik, X Tong, RZ Kunes, MJ Li, R Estrera, J Snyder, C Thomson, ...",
      "venue": "Nature, 1-10, 2025",
      "year": 2025,
      "citations": 8
    },
    {
      "title": "Abstract LB342: Learning contextual determinants of cytokine signaling during immunity",
      "url": "https://scholar.google.com/citations?view_op=view_citation&hl=en&user=NxkLyYEAAAAJ&citation_for_view=NxkLyYEAAAAJ:k_IJM867U9cC",
      "authors": "SA Rose, R Kunes, T Walle, S Balachandran, R Sharma, D Pe'er",
      "venue": "Cancer Research 85 (8_Supplement_2), LB342-LB342, 2025",
      "year": 2025,
      "citations": 0
    },
    {
      "title": "Supervised discovery of interpretable gene programs from single-cell data",
      "url": "https://scholar.google.com/citations?view_op=view_citation&hl=en&user=NxkLyYEAAAAJ&citation_for_view=NxkLyYEAAAAJ:Se3iqnhoufwC",
      "authors": "RZ Kunes, T Walle, M Land, T Nawy, D Pe’er",
      "venue": "Nature biotechnology 42 (7), 1084-1095, 2024",
      "year": 2024,
      "citations": 77
    },
    {
      "title": "Wasserstein Wormhole: Scalable Optimal Transport Distance with Transformers",
      "url": "https://scholar.google.com/citations?view_op=view_citation&hl=en&user=NxkLyYEAAAAJ&citation_for_view=NxkLyYEAAAAJ:L8Ckcad2t8MC",
      "authors": "D Haviv, RZ Kunes, T Dougherty, C Burdziak, T Nawy, A Gilbert, D Pe'er",
      "venue": "ICML, 2024",
      "year": 2024,
      "citations": 10
    },
    {
      "title": "Leptomeningeal anti-tumor immunity follows unique signaling principles",
      "url": "https://scholar.google.com/citations?view_op=view_citation&hl=en&user=NxkLyYEAAAAJ&citation_for_view=NxkLyYEAAAAJ:3fE2CSJIrl8C",
      "authors": "J Remsik, X Tong, RZ Kunes, MJ Li, A Osman, K Chabot, UT Sener, ...",
      "venue": "BioRxiv, 2023.03. 17.533041, 2023",
      "year": 2023,
      "citations": 14
    },
    {
      "title": "Cross-platform analysis reveals cellular and molecular landscape of glioblastoma invasion",
      "url": "https://scholar.google.com/citations?view_op=view_citation&hl=en&user=NxkLyYEAAAAJ&citation_for_view=NxkLyYEAAAAJ:YsMSGLbcyi4C",
      "authors": "AT Chen, Y Xiao, X Tang, M Baqri, X Gao, M Reschke, WC Sheu, G Long, ...",
      "venue": "Neuro-oncology 25 (3), 482-494, 2023",
      "year": 2023,
      "citations": 10
    },
    {
      "title": "Gradient estimation for binary latent variables via gradient variance clipping",
      "url": "https://scholar.google.com/citations?view_op=view_citation&hl=en&user=NxkLyYEAAAAJ&citation_for_view=NxkLyYEAAAAJ:WF5omc3nYNoC",
      "authors": "RZ Kunes, M Yin, M Land, D Haviv, D Pe'er, S Tavaré",
      "venue": "Proceedings of the AAAI Conference on Artificial Intelligence 37 (7), 8405-8412, 2023",
      "year": 2023,
      "citations": 4
    },
    {
      "title": "Spot: Spatial optimal transport for analyzing cellular microenvironments",
      "url": "https://scholar.google.com/citations?view_op=view_citation&hl=en&user=NxkLyYEAAAAJ&citation_for_view=NxkLyYEAAAAJ:_FxGoFyzp5QC",
      "authors": "S Mani, D Haviv, R Kunes, D Pe'er",
      "venue": "NeurIPS 2022 Workshop on Learning Meaningful Representations of Life, 2023",
      "year": 2023,
      "citations": 4
    },
    {
      "title": "Topological defects induced by MSC-cancer interaction correlate with cancer cell apoptosis",
      "url": "https://scholar.google.com/citations?view_op=view_citation&hl=en&user=NxkLyYEAAAAJ&citation_for_view=NxkLyYEAAAAJ:4DMP91E08xMC",
      "authors": "S He, YH Lao, S Shankar, R Kunes, R Berris, JH Lee, E Azizi, K Leong, ...",
      "venue": "APS March Meeting Abstracts 2023, CCC09. 001, 2023",
      "year": 2023,
      "citations": 0
    },
    {
      "title": "Cytokine release syndrome-like serum responses after COVID-19 vaccination are frequent and clinically inapparent under cancer immunotherapy",
      "url": "https://scholar.google.com/citations?view_op=view_citation&hl=en&user=NxkLyYEAAAAJ&citation_for_view=NxkLyYEAAAAJ:Y0pCki6q_DkC",
      "authors": "T Walle, S Bajaj, JA Kraske, T Rösner, CS Cussigh, KA Kälber, LJ Müller, ...",
      "venue": "Nature Cancer 3 (9), 1039-1051, 2022",
      "year": 2022,
      "citations": 22
    },
    {
      "title": "Cytokine release syndrome-like serum responses after COVID-19 vaccination are frequent but clinically inapparent in cancer patients under immune checkpoint therapy",
      "url": "https://scholar.google.com/citations?view_op=view_citation&hl=en&user=NxkLyYEAAAAJ&citation_for_view=NxkLyYEAAAAJ:MXK_kJrjxJIC",
      "authors": "T Walle, S Bajaj, JA Kraske, T Rösner, CS Cussigh, KA Kälber, LJ Müller, ...",
      "venue": "medRxiv, 2021.12. 08.21267430, 2021",
      "year": 2021,
      "citations": 0
    },
    {
      "title": "Prediction focused topic models via feature selection",
      "url": "https://scholar.google.com/citations?view_op=view_citation&hl=en&user=NxkLyYEAAAAJ&citation_for_view=NxkLyYEAAAAJ:9yKSN-GCB0IC",
      "authors": "J Ren, R Kunes, F Doshi-Velez",
      "venue": "International conference on artificial intelligence and statistics, 4420-4429, 2020",
      "year": 2020,
      "citations": 10
    },
    {
      "title": "Prediction focused topic models via vocab selection",
      "url": "https://scholar.google.com/citations?view_op=view_citation&hl=en&user=NxkLyYEAAAAJ&citation_for_view=NxkLyYEAAAAJ:Wp0gIr-vW9MC",
      "authors": "J Ren, R Kunes, F Doshi-Velez",
      "venue": "AIstats, 2020",
      "year": 2020,
      "citations": 3
    },
    {
      "title": "Prediction focused topic models for electronic health records",
      "url": "https://scholar.google.com/citations?view_op=view_citation&hl=en&user=NxkLyYEAAAAJ&citation_for_view=NxkLyYEAAAAJ:d1gkVwhDpl0C",
      "authors": "J Ren, R Kunes, F Doshi-Velez",
      "venue": "Neurips ML4Health, 2019",
      "year": 2019,
      "citations": 1
    },
    {
      "title": "Learning Canonical Cellular Environments from Spatial Transcriptomic Data via Optimal Transport",
      "url": "https://scholar.google.com/citations?view_op=view_citation&hl=en&user=NxkLyYEAAAAJ&citation_for_view=NxkLyYEAAAAJ:ULOm3_A8WrAC",
      "authors": "S Mani, D Haviv, RZ Kunes, D Pe’er",
      "venue": "",
      "citations": 0
    },
    {
      "title": "Prediction Focused Topic Models Via Vocab Filtering",
      "url": "https://scholar.google.com/citations?view_op=view_citation&hl=en&user=NxkLyYEAAAAJ&citation_for_view=NxkLyYEAAAAJ:hqOjcs7Dif8C",
      "authors": "R Kunes, J Ren, F Doshi-Velez",
      "venue": "",
      "citations": 0
    },
    {
      "title": "Supervised Tumor Cell Subtype Identification via SCAN",
      "url": "https://scholar.google.com/citations?view_op=view_citation&hl=en&user=NxkLyYEAAAAJ&citation_for_view=NxkLyYEAAAAJ:IjCSPb-OGe4C",
      "authors": "R Kunes, S He, Y Xiao, S Tavaré, D Knowles",
      "venue": "",
      "citations": 0
    }
  ],
  "co_authors": []
}