{
  "author_info": {
    "name": "Wang Chi Cheung",
    "affiliation": "Department of Industrial Systems Engineering and Management, National University of Singapore",
    "email_verified": "Verified email at nus.edu.sg",
    "interests": [
      "Operations Research",
      "Machine Learning"
    ],
    "photo_url": "/citations/images/avatar_scholar_128.png"
  },
  "citation_stats": {
    "citations_all": 2174,
    "citations_since_2020": 1464,
    "h_index_all": 20,
    "h_index_since_2020": 17,
    "i10_index_all": 28,
    "i10_index_since_2020": 25,
    "citation_graph": [
      {
        "year": 2012,
        "citations": 38
      },
      {
        "year": 2013,
        "citations": 88
      },
      {
        "year": 2014,
        "citations": 91
      },
      {
        "year": 2015,
        "citations": 108
      },
      {
        "year": 2016,
        "citations": 93
      },
      {
        "year": 2017,
        "citations": 92
      },
      {
        "year": 2018,
        "citations": 69
      },
      {
        "year": 2019,
        "citations": 114
      },
      {
        "year": 2020,
        "citations": 153
      },
      {
        "year": 2021,
        "citations": 191
      },
      {
        "year": 2022,
        "citations": 261
      },
      {
        "year": 2023,
        "citations": 259
      },
      {
        "year": 2024,
        "citations": 289
      },
      {
        "year": 2025,
        "citations": 309
      }
    ]
  },
  "papers": [
    {
      "title": "Multiobjective stochastic optimization: A case of real-time matching in ride-sourcing markets",
      "url": "https://scholar.google.com/citations?view_op=view_citation&hl=en&user=jiEm3lEAAAAJ&citation_for_view=jiEm3lEAAAAJ:qUcmZB5y_30C",
      "authors": "G Lyu, WC Cheung, CP Teo, H Wang",
      "venue": "Manufacturing & Service Operations Management 26 (2), 500-518, 2024",
      "year": 2024,
      "citations": 28
    },
    {
      "title": "Nonstationary reinforcement learning: The blessing of (more) optimism",
      "url": "https://scholar.google.com/citations?view_op=view_citation&hl=en&user=jiEm3lEAAAAJ&citation_for_view=jiEm3lEAAAAJ:ULOm3_A8WrAC",
      "authors": "WC Cheung, D Simchi-Levi, R Zhu",
      "venue": "Management Science 69 (10), 5722-5739, 2023",
      "year": 2023,
      "citations": 62
    },
    {
      "title": "Inventory balancing with online learning",
      "url": "https://scholar.google.com/citations?view_op=view_citation&hl=en&user=jiEm3lEAAAAJ&citation_for_view=jiEm3lEAAAAJ:Se3iqnhoufwC",
      "authors": "WC Cheung, W Ma, D Simchi-Levi, X Wang",
      "venue": "Management Science 68 (3), 1776-1807, 2022",
      "year": 2022,
      "citations": 39
    },
    {
      "title": "Reinforcement learning for non-stationary markov decision processes: The blessing of (more) optimism",
      "url": "https://scholar.google.com/citations?view_op=view_citation&hl=en&user=jiEm3lEAAAAJ&citation_for_view=jiEm3lEAAAAJ:4TOpqqG69KYC",
      "authors": "WC Cheung, D Simchi-Levi, R Zhu",
      "venue": "International conference on machine learning, 1843-1854, 2020",
      "year": 2020,
      "citations": 142
    },
    {
      "title": "Learning to optimize under non-stationarity",
      "url": "https://scholar.google.com/citations?view_op=view_citation&hl=en&user=jiEm3lEAAAAJ&citation_for_view=jiEm3lEAAAAJ:roLk4NBRz8UC",
      "authors": "WC Cheung, D Simchi-Levi, R Zhu",
      "venue": "The 22nd International Conference on Artificial Intelligence and Statistics …, 2019",
      "year": 2019,
      "citations": 298
    },
    {
      "title": "Sampling-based approximation schemes for capacitated stochastic inventory control models",
      "url": "https://scholar.google.com/citations?view_op=view_citation&hl=en&user=jiEm3lEAAAAJ&citation_for_view=jiEm3lEAAAAJ:zYLM7Y9cAGgC",
      "authors": "WC Cheung, D Simchi-Levi",
      "venue": "Mathematics of Operations Research 44 (2), 668-692, 2019",
      "year": 2019,
      "citations": 87
    },
    {
      "title": "Multi-objective online ride-matching",
      "url": "https://scholar.google.com/citations?view_op=view_citation&hl=en&user=jiEm3lEAAAAJ&citation_for_view=jiEm3lEAAAAJ:0EnyYjriUFMC",
      "authors": "G Lyu, WC Cheung, CP Teo, H Wang",
      "venue": "Available at SSRN 3356823, 1-41, 2019",
      "year": 2019,
      "citations": 78
    },
    {
      "title": "Capacity allocation in flexible production networks: Theory and applications",
      "url": "https://scholar.google.com/citations?view_op=view_citation&hl=en&user=jiEm3lEAAAAJ&citation_for_view=jiEm3lEAAAAJ:ufrVoPGSRksC",
      "authors": "G Lyu, WC Cheung, MC Chou, CP Teo, Z Zheng, Y Zhong",
      "venue": "Management Science 65 (11), 5091-5109, 2019",
      "year": 2019,
      "citations": 62
    },
    {
      "title": "A Thompson sampling algorithm for cascading bandits",
      "url": "https://scholar.google.com/citations?view_op=view_citation&hl=en&user=jiEm3lEAAAAJ&citation_for_view=jiEm3lEAAAAJ:5nxA0vEk-isC",
      "authors": "WC Cheung, V Tan, Z Zhong",
      "venue": "The 22nd International Conference on Artificial Intelligence and Statistics …, 2019",
      "year": 2019,
      "citations": 43
    },
    {
      "title": "Regret minimization for reinforcement learning with vectorial feedback and complex objectives",
      "url": "https://scholar.google.com/citations?view_op=view_citation&hl=en&user=jiEm3lEAAAAJ&citation_for_view=jiEm3lEAAAAJ:KlAtU1dfN6UC",
      "authors": "WC Cheung",
      "venue": "Advances in Neural Information Processing Systems 32, 2019",
      "year": 2019,
      "citations": 42
    },
    {
      "title": "Reinforcement Learning Under Drift",
      "url": "https://scholar.google.com/citations?view_op=view_citation&hl=en&user=jiEm3lEAAAAJ&citation_for_view=jiEm3lEAAAAJ:3fE2CSJIrl8C",
      "authors": "WC Cheung, D Simchi-Levi, R Zhu",
      "venue": "https://papers.ssrn.com/sol3/papers.cfm?abstract_id=3397818, 2019",
      "year": 2019,
      "citations": 39
    },
    {
      "title": "Exploration-Exploitation Trade-off in Reinforcement Learning on Online Markov Decision Processes with Global Concave Rewards",
      "url": "https://scholar.google.com/citations?view_op=view_citation&hl=en&user=jiEm3lEAAAAJ&citation_for_view=jiEm3lEAAAAJ:kNdYIx-mwKoC",
      "authors": "WC Cheung",
      "venue": "https://arxiv.org/abs/1905.06466, 2019",
      "year": 2019,
      "citations": 27
    },
    {
      "title": "Dynamic pricing and demand learning with limited price experimentation",
      "url": "https://scholar.google.com/citations?view_op=view_citation&hl=en&user=jiEm3lEAAAAJ&citation_for_view=jiEm3lEAAAAJ:2osOgNQ5qMEC",
      "authors": "WC Cheung, D Simchi-Levi, H Wang",
      "venue": "Operations Research 65 (6), 1722-1731, 2017",
      "year": 2017,
      "citations": 234
    },
    {
      "title": "Thompson sampling for online personalized assortment optimization problems with multinomial logit choice models",
      "url": "https://scholar.google.com/citations?view_op=view_citation&hl=en&user=jiEm3lEAAAAJ&citation_for_view=jiEm3lEAAAAJ:RHpTSmoSYBkC",
      "authors": "WC Cheung, D Simchi-Levi",
      "venue": "Available at SSRN 3075658, 2017",
      "year": 2017,
      "citations": 77
    },
    {
      "title": "Assortment optimization under unknown multinomial logit choice models",
      "url": "https://scholar.google.com/citations?view_op=view_citation&hl=en&user=jiEm3lEAAAAJ&citation_for_view=jiEm3lEAAAAJ:W7OEmFMy1HYC",
      "authors": "WC Cheung, D Simchi-Levi",
      "venue": "arXiv preprint arXiv:1704.00108, 2017",
      "year": 2017,
      "citations": 27
    },
    {
      "title": "Efficiency and performance guarantees for choice-based network revenue management problems with flexible products",
      "url": "https://scholar.google.com/citations?view_op=view_citation&hl=en&user=jiEm3lEAAAAJ&citation_for_view=jiEm3lEAAAAJ:Y0pCki6q_DkC",
      "authors": "WC Cheung, D Simchi-Levi",
      "venue": "Available at SSRN 2823339, 2016",
      "year": 2016,
      "citations": 23
    },
    {
      "title": "Improved algorithms for vertex cover with hard capacities on multigraphs and hypergraphs",
      "url": "https://scholar.google.com/citations?view_op=view_citation&hl=en&user=jiEm3lEAAAAJ&citation_for_view=jiEm3lEAAAAJ:UeHWp8X0CEIC",
      "authors": "WC Cheung, MX Goemans, SC Wong",
      "venue": "Proceedings of the Twenty-Fifth Annual ACM-SIAM Symposium on Discrete …, 2014",
      "year": 2014,
      "citations": 27
    },
    {
      "title": "Throughput optimization, spectrum allocation, and access control in two-tier femtocell networks",
      "url": "https://scholar.google.com/citations?view_op=view_citation&hl=en&user=jiEm3lEAAAAJ&citation_for_view=jiEm3lEAAAAJ:u5HHmVD_uO8C",
      "authors": "WC Cheung, TQS Quek, M Kountouris",
      "venue": "IEEE Journal on Selected Areas in Communications 30 (3), 561-574, 2012",
      "year": 2012,
      "citations": 459
    },
    {
      "title": "Perfect state transfer in cubelike graphs",
      "url": "https://scholar.google.com/citations?view_op=view_citation&hl=en&user=jiEm3lEAAAAJ&citation_for_view=jiEm3lEAAAAJ:Tyk-4Ss8FVUC",
      "authors": "WC Cheung, C Godsil",
      "venue": "Linear Algebra and its Applications 435 (10), 2468-2474, 2011",
      "year": 2011,
      "citations": 117
    },
    {
      "title": "Energy efficiency analysis of two-tier heterogeneous networks",
      "url": "https://scholar.google.com/citations?view_op=view_citation&hl=en&user=jiEm3lEAAAAJ&citation_for_view=jiEm3lEAAAAJ:u-x6o8ySG0sC",
      "authors": "TQS Quek, WC Cheung, M Kountouris",
      "venue": "17th European Wireless 2011-Sustainable Wireless Technologies, 1-5, 2011",
      "year": 2011,
      "citations": 105
    }
  ],
  "co_authors": [
    {
      "name": "David Simchi-Levi",
      "scholar_id": "h8LFExAAAAAJ",
      "url": "https://scholar.google.com/citations?user=h8LFExAAAAAJ"
    },
    {
      "name": "Marios Kountouris",
      "scholar_id": "QG9iXtUAAAAJ",
      "url": "https://scholar.google.com/citations?user=QG9iXtUAAAAJ"
    },
    {
      "name": "Tony Q.S. Quek",
      "scholar_id": "0o1tkokAAAAJ",
      "url": "https://scholar.google.com/citations?user=0o1tkokAAAAJ"
    },
    {
      "name": "Ruihao Zhu",
      "scholar_id": "n6Izbu4AAAAJ",
      "url": "https://scholar.google.com/citations?user=n6Izbu4AAAAJ"
    },
    {
      "name": "Chung-Piaw Teo",
      "scholar_id": "VsxzMNwAAAAJ",
      "url": "https://scholar.google.com/citations?user=VsxzMNwAAAAJ"
    },
    {
      "name": "Vincent Y. F. Tan",
      "scholar_id": "dJoAVvAAAAAJ",
      "url": "https://scholar.google.com/citations?user=dJoAVvAAAAAJ"
    },
    {
      "name": "He Wang",
      "scholar_id": "OAMYWBAAAAAJ",
      "url": "https://scholar.google.com/citations?user=OAMYWBAAAAAJ"
    },
    {
      "name": "Mabel C. Chou",
      "scholar_id": "A4Fqy74AAAAJ",
      "url": "https://scholar.google.com/citations?user=A4Fqy74AAAAJ"
    },
    {
      "name": "Chris Godsil",
      "scholar_id": "I5kbaRgAAAAJ",
      "url": "https://scholar.google.com/citations?user=I5kbaRgAAAAJ"
    },
    {
      "name": "ZHENG Zhichao (Daniel) 郑智超",
      "scholar_id": "DEM_d_gAAAAJ",
      "url": "https://scholar.google.com/citations?user=DEM_d_gAAAAJ"
    },
    {
      "name": "Michel Goemans",
      "scholar_id": "nf_EnbAAAAAJ",
      "url": "https://scholar.google.com/citations?user=nf_EnbAAAAAJ"
    }
  ]
}