{
  "author_info": {
    "name": "Bruno Kacper Mlodozeniec",
    "affiliation": "University of Cambridge",
    "email_verified": "Verified email at cam.ac.uk - Homepage",
    "website": "https://brunokm.github.io/",
    "interests": [
      "Generalisation",
      "Deep Learning",
      "Probabilistic Methods",
      "Generative Modelling",
      "Diffusion Models"
    ],
    "photo_url": "https://scholar.googleusercontent.com/citations?view_op=view_photo&user=kGPBRy8AAAAJ&citpid=2"
  },
  "citation_stats": {
    "citations_all": 499,
    "citations_since_2020": 495,
    "h_index_all": 8,
    "h_index_since_2020": 8,
    "i10_index_all": 7,
    "i10_index_since_2020": 7,
    "citation_graph": [
      {
        "year": 2020,
        "citations": 22
      },
      {
        "year": 2021,
        "citations": 60
      },
      {
        "year": 2022,
        "citations": 52
      },
      {
        "year": 2023,
        "citations": 64
      },
      {
        "year": 2024,
        "citations": 125
      },
      {
        "year": 2025,
        "citations": 171
      }
    ]
  },
  "papers": [
    {
      "title": "Distributional Training Data Attribution",
      "url": "https://scholar.google.com/citations?view_op=view_citation&hl=en&user=kGPBRy8AAAAJ&citation_for_view=kGPBRy8AAAAJ:roLk4NBRz8UC",
      "authors": "B Mlodozeniec, I Reid, S Power, D Krueger, M Erdogdu, RE Turner, ...",
      "venue": "arXiv preprint arXiv:2506.12965, 2025",
      "year": 2025,
      "citations": 1
    },
    {
      "title": "Better Hessians Matter: Studying the Impact of Curvature Approximations in Influence Functions",
      "url": "https://scholar.google.com/citations?view_op=view_citation&hl=en&user=kGPBRy8AAAAJ&citation_for_view=kGPBRy8AAAAJ:hqOjcs7Dif8C",
      "authors": "S Hong, R Eschenhagen, B Mlodozeniec, R Turner",
      "venue": "arXiv preprint arXiv:2509.23437, 2025",
      "year": 2025,
      "citations": 0
    },
    {
      "title": "Wavelet-Induced Rotary Encodings: RoPE Meets Graphs",
      "url": "https://scholar.google.com/citations?view_op=view_citation&hl=en&user=kGPBRy8AAAAJ&citation_for_view=kGPBRy8AAAAJ:0EnyYjriUFMC",
      "authors": "I Reid, A Sehanobish, C Höfs, B Mlodozeniec, L Vulpius, F Barbero, ...",
      "venue": "arXiv preprint arXiv:2509.22259, 2025",
      "year": 2025,
      "citations": 0
    },
    {
      "title": "SKATE, a Scalable Tournament Eval: Weaker LLMs differentiate between stronger ones using verifiable challenges",
      "url": "https://scholar.google.com/citations?view_op=view_citation&hl=en&user=kGPBRy8AAAAJ&citation_for_view=kGPBRy8AAAAJ:UebtZRa9Y70C",
      "authors": "DSW Gould, B Mlodozeniec, SF Brown",
      "venue": "arXiv preprint arXiv:2508.06111, 2025",
      "year": 2025,
      "citations": 0
    },
    {
      "title": "Influence functions for scalable data attribution in diffusion models",
      "url": "https://scholar.google.com/citations?view_op=view_citation&hl=en&user=kGPBRy8AAAAJ&citation_for_view=kGPBRy8AAAAJ:ufrVoPGSRksC",
      "authors": "B Mlodozeniec, R Eschenhagen, J Bae, A Immer, D Krueger, R Turner",
      "venue": "arXiv preprint arXiv:2410.13850, 2024",
      "year": 2024,
      "citations": 20
    },
    {
      "title": "Denoising diffusion probabilistic models in six simple steps",
      "url": "https://scholar.google.com/citations?view_op=view_citation&hl=en&user=kGPBRy8AAAAJ&citation_for_view=kGPBRy8AAAAJ:zYLM7Y9cAGgC",
      "authors": "RE Turner, CD Diaconu, S Markou, A Shysheya, AYK Foong, ...",
      "venue": "arXiv preprint arXiv:2402.04384, 2024",
      "year": 2024,
      "citations": 13
    },
    {
      "title": "A generative model of symmetry transformations",
      "url": "https://scholar.google.com/citations?view_op=view_citation&hl=en&user=kGPBRy8AAAAJ&citation_for_view=kGPBRy8AAAAJ:Tyk-4Ss8FVUC",
      "authors": "J Allingham, B Mlodozeniec, S Padhy, J Antorán, D Krueger, R Turner, ...",
      "venue": "Advances in Neural Information Processing Systems 37, 91091-91130, 2024",
      "year": 2024,
      "citations": 10
    },
    {
      "title": "Improving linear system solvers for hyperparameter optimisation in iterative Gaussian processes",
      "url": "https://scholar.google.com/citations?view_op=view_citation&hl=en&user=kGPBRy8AAAAJ&citation_for_view=kGPBRy8AAAAJ:W7OEmFMy1HYC",
      "authors": "JA Lin, S Padhy, B Mlodozeniec, J Antorán, JM Hernández-Lobato",
      "venue": "Advances in Neural Information Processing Systems 37, 15460-15496, 2024",
      "year": 2024,
      "citations": 4
    },
    {
      "title": "Implicitly bayesian prediction rules in deep learning",
      "url": "https://scholar.google.com/citations?view_op=view_citation&hl=en&user=kGPBRy8AAAAJ&citation_for_view=kGPBRy8AAAAJ:YsMSGLbcyi4C",
      "authors": "BK Mlodozeniec, RE Turner, D Krueger",
      "venue": "Sixth Symposium on Advances in Approximate Bayesian Inference-Archival Track, 2024",
      "year": 2024,
      "citations": 4
    },
    {
      "title": "Warm Start Marginal Likelihood Optimisation for Iterative Gaussian Processes",
      "url": "https://scholar.google.com/citations?view_op=view_citation&hl=en&user=kGPBRy8AAAAJ&citation_for_view=kGPBRy8AAAAJ:Y0pCki6q_DkC",
      "authors": "JA Lin, S Padhy, B Mlodozeniec, JM Hernández-Lobato",
      "venue": "arXiv preprint arXiv:2405.18328, 2024",
      "year": 2024,
      "citations": 3
    },
    {
      "title": "What Mechanisms Does Knowledge Distillation Distill?",
      "url": "https://scholar.google.com/citations?view_op=view_citation&hl=en&user=kGPBRy8AAAAJ&citation_for_view=kGPBRy8AAAAJ:UeHWp8X0CEIC",
      "authors": "C Wu, ES Lubana, BK Mlodozeniec, R Kirk, D Krueger",
      "venue": "Proceedings of UniReps: the First Workshop on Unifying Representations in …, 2024",
      "year": 2024,
      "citations": 3
    },
    {
      "title": "Trained machine learning model for forecasting molecular conformations",
      "url": "https://scholar.google.com/citations?view_op=view_citation&hl=en&user=kGPBRy8AAAAJ&citation_for_view=kGPBRy8AAAAJ:WF5omc3nYNoC",
      "authors": "LI KLEIN, YK FOONG, TE FJELDE, BK MLODOZENIEC, ...",
      "venue": "US Patent App. 18/179,621, 2024",
      "year": 2024,
      "citations": 0
    },
    {
      "title": "Timewarp: Transferable acceleration of molecular dynamics by learning time-coarsened dynamics",
      "url": "https://scholar.google.com/citations?view_op=view_citation&hl=en&user=kGPBRy8AAAAJ&citation_for_view=kGPBRy8AAAAJ:d1gkVwhDpl0C",
      "authors": "L Klein, A Foong, T Fjelde, B Mlodozeniec, M Brockschmidt, S Nowozin, ...",
      "venue": "Advances in Neural Information Processing Systems 36, 52863-52883, 2023",
      "year": 2023,
      "citations": 80
    },
    {
      "title": "Implicit meta-learning may lead language models to trust more reliable sources",
      "url": "https://scholar.google.com/citations?view_op=view_citation&hl=en&user=kGPBRy8AAAAJ&citation_for_view=kGPBRy8AAAAJ:eQOLeE2rZwMC",
      "authors": "D Krasheninnikov, E Krasheninnikov, B Mlodozeniec, T Maharaj, ...",
      "venue": "arXiv preprint arXiv:2310.15047, 2023",
      "year": 2023,
      "citations": 11
    },
    {
      "title": "Hyperparameter Optimization through Neural Network Partitioning",
      "url": "https://scholar.google.com/citations?view_op=view_citation&hl=en&user=kGPBRy8AAAAJ&citation_for_view=kGPBRy8AAAAJ:9yKSN-GCB0IC",
      "authors": "B Mlodozeniec, M Reisser, C Louizos",
      "venue": "International Conference on Learning Representations, 2023",
      "year": 2023,
      "citations": 11
    },
    {
      "title": "Meta-(out-of-context) learning in neural networks",
      "url": "https://scholar.google.com/citations?view_op=view_citation&hl=en&user=kGPBRy8AAAAJ&citation_for_view=kGPBRy8AAAAJ:qjMakFHDy7sC",
      "authors": "D Krasheninnikov, E Krasheninnikov, BK Mlodozeniec, D Krueger",
      "venue": "",
      "citations": 2,
      "year": 2023
    },
    {
      "title": "Ensemble distribution distillation",
      "url": "https://scholar.google.com/citations?view_op=view_citation&hl=en&user=kGPBRy8AAAAJ&citation_for_view=kGPBRy8AAAAJ:u5HHmVD_uO8C",
      "authors": "A Malinin, B Mlodozeniec, M Gales",
      "venue": "arXiv preprint arXiv:1905.00076, 2019",
      "year": 2019,
      "citations": 324
    },
    {
      "title": "Ensemble distribution distillation. arXiv 2019",
      "url": "https://scholar.google.com/citations?view_op=view_citation&hl=en&user=kGPBRy8AAAAJ&citation_for_view=kGPBRy8AAAAJ:LkGwnXOMwfcC",
      "authors": "A Malinin, B Mlodozeniec, M Gales",
      "venue": "arXiv preprint arXiv:1905.00076, 0",
      "year": 1905,
      "citations": 5
    },
    {
      "title": "Timewarp: Transferable acceleration of molecular dynamics by learning time-coarsened dynamics, 2023",
      "url": "https://scholar.google.com/citations?view_op=view_citation&hl=en&user=kGPBRy8AAAAJ&citation_for_view=kGPBRy8AAAAJ:_FxGoFyzp5QC",
      "authors": "L Klein, AYK Foong, TE Fjelde, B Mlodozeniec, M Brockschmidt, ...",
      "venue": "URL https://arxiv. org/abs/2302.01170, 0",
      "citations": 8
    },
    {
      "title": "Distributional Training Data Attribution: What do Influence Functions Sample?",
      "url": "https://scholar.google.com/citations?view_op=view_citation&hl=en&user=kGPBRy8AAAAJ&citation_for_view=kGPBRy8AAAAJ:5nxA0vEk-isC",
      "authors": "BK Mlodozeniec, I Reid, S Power, D Krueger, MA Erdogdu, RE Turner, ...",
      "venue": "The Thirty-ninth Annual Conference on Neural Information Processing Systems, 0",
      "citations": 0
    }
  ],
  "co_authors": [
    {
      "name": "Mark Gales",
      "scholar_id": "RSFlmjIAAAAJ",
      "url": "https://scholar.google.com/citations?user=RSFlmjIAAAAJ"
    },
    {
      "name": "Andrey Malinin",
      "scholar_id": "PnSFqO0AAAAJ",
      "url": "https://scholar.google.com/citations?user=PnSFqO0AAAAJ"
    },
    {
      "name": "Andrew Y. K. Foong",
      "scholar_id": "2UOjgIUAAAAJ",
      "url": "https://scholar.google.com/citations?user=2UOjgIUAAAAJ"
    },
    {
      "name": "Christos Louizos",
      "scholar_id": "xrSUChoAAAAJ",
      "url": "https://scholar.google.com/citations?user=xrSUChoAAAAJ"
    }
  ]
}