{
  "author_info": {
    "name": "Shi Gu",
    "affiliation": "Zhejiang University",
    "email_verified": "Verified email at sas.upenn.edu - Homepage",
    "website": "http://guslab.org/",
    "interests": [
      "computational neuroscience",
      "network neuroscience",
      "artificial intelligence"
    ],
    "photo_url": "https://scholar.googleusercontent.com/citations?view_op=view_photo&user=9_jlOXUAAAAJ&citpid=12"
  },
  "citation_stats": {
    "citations_all": 6487,
    "citations_since_2020": 5518,
    "h_index_all": 32,
    "h_index_since_2020": 30,
    "i10_index_all": 41,
    "i10_index_since_2020": 40,
    "citation_graph": [
      {
        "year": 2016,
        "citations": 65
      },
      {
        "year": 2017,
        "citations": 189
      },
      {
        "year": 2018,
        "citations": 349
      },
      {
        "year": 2019,
        "citations": 328
      },
      {
        "year": 2020,
        "citations": 497
      },
      {
        "year": 2021,
        "citations": 516
      },
      {
        "year": 2022,
        "citations": 796
      },
      {
        "year": 2023,
        "citations": 1098
      },
      {
        "year": 2024,
        "citations": 1243
      },
      {
        "year": 2025,
        "citations": 1360
      }
    ]
  },
  "papers": [
    {
      "title": "Controllability of functional brain networks and its clinical significance in first-episode schizophrenia",
      "url": "https://scholar.google.com/citations?view_op=view_citation&hl=en&user=9_jlOXUAAAAJ&citation_for_view=9_jlOXUAAAAJ:zA6iFVUQeVQC",
      "authors": "Q Li, L Yao, W You, J Liu, S Deng, B Li, L Luo, Y Zhao, Y Wang, Y Wang, ...",
      "venue": "Schizophrenia Bulletin 49 (3), 659-668, 2023",
      "year": 2023,
      "citations": 67
    },
    {
      "title": "Temporal Efficient Training of Spiking Neural Network via Gradient Re-weighting",
      "url": "https://scholar.google.com/citations?view_op=view_citation&hl=en&user=9_jlOXUAAAAJ&citation_for_view=9_jlOXUAAAAJ:vV6vV6tmYwMC",
      "authors": "S Deng, Y Li, S Zhang, S Gu",
      "venue": "International Conference on Learning Representations (ICLR) 2022, 2022",
      "year": 2022,
      "citations": 411
    },
    {
      "title": "Brecq: Pushing the limit of post-training quantization by block reconstruction",
      "url": "https://scholar.google.com/citations?view_op=view_citation&hl=en&user=9_jlOXUAAAAJ&citation_for_view=9_jlOXUAAAAJ:TFP_iSt0sucC",
      "authors": "Y Li, R Gong, X Tan, Y Yang, P Hu, Q Zhang, F Yu, W Wang, S Gu",
      "venue": "International Conference on Learning Representations (ICLR) 2021, 2021",
      "year": 2021,
      "citations": 639
    },
    {
      "title": "Differentiable spike: Rethinking gradient-descent for training spiking neural networks",
      "url": "https://scholar.google.com/citations?view_op=view_citation&hl=en&user=9_jlOXUAAAAJ&citation_for_view=9_jlOXUAAAAJ:ns9cj8rnVeAC",
      "authors": "Y Li, Y Guo, S Zhang, S Deng, Y Hai, S Gu",
      "venue": "Advances in neural information processing systems 34, 23426-23439, 2021",
      "year": 2021,
      "citations": 363
    },
    {
      "title": "Optimal Conversion of Conventional Artificial Neural Networks to Spiking Neural Networks",
      "url": "https://scholar.google.com/citations?view_op=view_citation&hl=en&user=9_jlOXUAAAAJ&citation_for_view=9_jlOXUAAAAJ:isC4tDSrTZIC",
      "authors": "S Deng, S Gu",
      "venue": "International Conference on Learning Representations (ICLR) 2021, 2021",
      "year": 2021,
      "citations": 313
    },
    {
      "title": "A Free Lunch From ANN: Towards Efficient, Accurate Spiking Neural Networks Calibration",
      "url": "https://scholar.google.com/citations?view_op=view_citation&hl=en&user=9_jlOXUAAAAJ&citation_for_view=9_jlOXUAAAAJ:hMod-77fHWUC",
      "authors": "Y Li, S Deng, X Dong, R Gong, S Gu",
      "venue": "International Conference on Machine Learning (ICML) 2021, 2021",
      "year": 2021,
      "citations": 278
    },
    {
      "title": "Optimization of energy state transition trajectory supports the development of executive function during youth",
      "url": "https://scholar.google.com/citations?view_op=view_citation&hl=en&user=9_jlOXUAAAAJ&citation_for_view=9_jlOXUAAAAJ:QIV2ME_5wuYC",
      "authors": "Z Cui, J Stiso, GL Baum, JZ Kim, DR Roalf, RF Betzel, S Gu, Z Lu, CH Xia, ...",
      "venue": "elife 9, e53060, 2020",
      "year": 2020,
      "citations": 95
    },
    {
      "title": "Robust medical image segmentation from non-expert annotations with tri-network",
      "url": "https://scholar.google.com/citations?view_op=view_citation&hl=en&user=9_jlOXUAAAAJ&citation_for_view=9_jlOXUAAAAJ:r0BpntZqJG4C",
      "authors": "T Zhang, L Yu, N Hu, S Lv, S Gu",
      "venue": "International Conference on medical image computing and computer-assisted …, 2020",
      "year": 2020,
      "citations": 69
    },
    {
      "title": "Temporal lobe epilepsy: Hippocampal pathology modulates connectome topology and controllability",
      "url": "https://scholar.google.com/citations?view_op=view_citation&hl=en&user=9_jlOXUAAAAJ&citation_for_view=9_jlOXUAAAAJ:IWHjjKOFINEC",
      "authors": "BC Bernhardt, F Fadaie, M Liu, B Caldairou, S Gu, E Jefferies, ...",
      "venue": "Neurology 92 (19), e2209-e2220, 2019",
      "year": 2019,
      "citations": 130
    },
    {
      "title": "Interpretable multimodality embedding of cerebral cortex using attention graph network for identifying bipolar disorder",
      "url": "https://scholar.google.com/citations?view_op=view_citation&hl=en&user=9_jlOXUAAAAJ&citation_for_view=9_jlOXUAAAAJ:R3hNpaxXUhUC",
      "authors": "H Yang, X Li, Y Wu, S Li, S Lu, JS Duncan, JC Gee, S Gu",
      "venue": "International Conference on Medical Image Computing and Computer-Assisted …, 2019",
      "year": 2019,
      "citations": 75
    },
    {
      "title": "Linked dimensions of psychopathology and connectivity in functional brain networks",
      "url": "https://scholar.google.com/citations?view_op=view_citation&hl=en&user=9_jlOXUAAAAJ&citation_for_view=9_jlOXUAAAAJ:YOwf2qJgpHMC",
      "authors": "CH Xia, Z Ma, R Ciric, S Gu, RF Betzel, AN Kaczkurkin, ME Calkins, ...",
      "venue": "Nature communications 9 (1), 3003, 2018",
      "year": 2018,
      "citations": 499
    },
    {
      "title": "Detecting hierarchical genome folding with network modularity",
      "url": "https://scholar.google.com/citations?view_op=view_citation&hl=en&user=9_jlOXUAAAAJ&citation_for_view=9_jlOXUAAAAJ:M3ejUd6NZC8C",
      "authors": "HK Norton, DJ Emerson, H Huang, J Kim, KR Titus, S Gu, DS Bassett, ...",
      "venue": "Nature methods 15 (2), 119-122, 2018",
      "year": 2018,
      "citations": 154
    },
    {
      "title": "The energy landscape of neurophysiological activity implicit in brain network structure",
      "url": "https://scholar.google.com/citations?view_op=view_citation&hl=en&user=9_jlOXUAAAAJ&citation_for_view=9_jlOXUAAAAJ:LkGwnXOMwfcC",
      "authors": "S Gu, M Cieslak, B Baird, SF Muldoon, ST Grafton, F Pasqualetti, ...",
      "venue": "Scientific reports 8 (1), 2507, 2018",
      "year": 2018,
      "citations": 130
    },
    {
      "title": "Optimal trajectories of brain state transitions",
      "url": "https://scholar.google.com/citations?view_op=view_citation&hl=en&user=9_jlOXUAAAAJ&citation_for_view=9_jlOXUAAAAJ:_FxGoFyzp5QC",
      "authors": "S Gu, RF Betzel, MG Mattar, M Cieslak, PR Delio, ST Grafton, ...",
      "venue": "NeuroImage 148, 305-317, 2017",
      "year": 2017,
      "citations": 212
    },
    {
      "title": "Developmental increases in white matter network controllability support a growing diversity of brain dynamics",
      "url": "https://scholar.google.com/citations?view_op=view_citation&hl=en&user=9_jlOXUAAAAJ&citation_for_view=9_jlOXUAAAAJ:_kc_bZDykSQC",
      "authors": "E Tang, C Giusti, GL Baum, S Gu, E Pollock, AE Kahn, DR Roalf, ...",
      "venue": "Nature communications 8 (1), 1252, 2017",
      "year": 2017,
      "citations": 206
    },
    {
      "title": "The energy landscape underpinning module dynamics in the human brain connectome",
      "url": "https://scholar.google.com/citations?view_op=view_citation&hl=en&user=9_jlOXUAAAAJ&citation_for_view=9_jlOXUAAAAJ:Se3iqnhoufwC",
      "authors": "A Ashourvan, S Gu, MG Mattar, JM Vettel, DS Bassett",
      "venue": "Neuroimage 157, 364-380, 2017",
      "year": 2017,
      "citations": 74
    },
    {
      "title": "Stimulation-based control of dynamic brain networks",
      "url": "https://scholar.google.com/citations?view_op=view_citation&hl=en&user=9_jlOXUAAAAJ&citation_for_view=9_jlOXUAAAAJ:Y0pCki6q_DkC",
      "authors": "SF Muldoon, F Pasqualetti, S Gu, M Cieslak, ST Grafton, JM Vettel, ...",
      "venue": "PLoS computational biology 12 (9), e1005076, 2016",
      "year": 2016,
      "citations": 334
    },
    {
      "title": "Optimally controlling the human connectome: the role of network topology",
      "url": "https://scholar.google.com/citations?view_op=view_citation&hl=en&user=9_jlOXUAAAAJ&citation_for_view=9_jlOXUAAAAJ:YsMSGLbcyi4C",
      "authors": "RF Betzel, S Gu, JD Medaglia, F Pasqualetti, DS Bassett",
      "venue": "Scientific reports 6 (1), 30770, 2016",
      "year": 2016,
      "citations": 276
    },
    {
      "title": "Controllability of structural brain networks",
      "url": "https://scholar.google.com/citations?view_op=view_citation&hl=en&user=9_jlOXUAAAAJ&citation_for_view=9_jlOXUAAAAJ:9yKSN-GCB0IC",
      "authors": "S Gu, F Pasqualetti, M Cieslak, QK Telesford, AB Yu, AE Kahn, ...",
      "venue": "Nature communications 6 (1), 8414, 2015",
      "year": 2015,
      "citations": 973
    },
    {
      "title": "Emergence of system roles in normative neurodevelopment",
      "url": "https://scholar.google.com/citations?view_op=view_citation&hl=en&user=9_jlOXUAAAAJ&citation_for_view=9_jlOXUAAAAJ:d1gkVwhDpl0C",
      "authors": "S Gu, TD Satterthwaite, JD Medaglia, M Yang, RE Gur, RC Gur, ...",
      "venue": "Proceedings of the National Academy of Sciences 112 (44), 13681-13686, 2015",
      "year": 2015,
      "citations": 381
    }
  ],
  "co_authors": [
    {
      "name": "Danielle (Dani) S. Bassett",
      "scholar_id": "siYpAPsAAAAJ",
      "url": "https://scholar.google.com/citations?user=siYpAPsAAAAJ"
    },
    {
      "name": "Theodore D. Satterthwaite",
      "scholar_id": "E9pynwoAAAAJ",
      "url": "https://scholar.google.com/citations?user=E9pynwoAAAAJ"
    },
    {
      "name": "Ruben Gur",
      "scholar_id": "s0c4v8MAAAAJ",
      "url": "https://scholar.google.com/citations?user=s0c4v8MAAAAJ"
    },
    {
      "name": "Raquel E. Gur",
      "scholar_id": "1GQSnmwAAAAJ",
      "url": "https://scholar.google.com/citations?user=1GQSnmwAAAAJ"
    },
    {
      "name": "Yuhang Li",
      "scholar_id": "3UzXL-AAAAAJ",
      "url": "https://scholar.google.com/citations?user=3UzXL-AAAAAJ"
    },
    {
      "name": "John Medaglia",
      "scholar_id": "LMG409UAAAAJ",
      "url": "https://scholar.google.com/citations?user=LMG409UAAAAJ"
    },
    {
      "name": "Tyler M. Moore",
      "scholar_id": "TlO7ZTsAAAAJ",
      "url": "https://scholar.google.com/citations?user=TlO7ZTsAAAAJ"
    },
    {
      "name": "Scott Grafton MD",
      "scholar_id": "7yJze9oAAAAJ",
      "url": "https://scholar.google.com/citations?user=7yJze9oAAAAJ"
    },
    {
      "name": "David Roalf",
      "scholar_id": "OJCBQJkAAAAJ",
      "url": "https://scholar.google.com/citations?user=OJCBQJkAAAAJ"
    },
    {
      "name": "Matthew Cieslak",
      "scholar_id": "L1cyHW0AAAAJ",
      "url": "https://scholar.google.com/citations?user=L1cyHW0AAAAJ"
    },
    {
      "name": "Ari Kahn",
      "scholar_id": "vOFh3DwAAAAJ",
      "url": "https://scholar.google.com/citations?user=vOFh3DwAAAAJ"
    },
    {
      "name": "Cedric Huchuan Xia",
      "scholar_id": "kYIUKP8AAAAJ",
      "url": "https://scholar.google.com/citations?user=kYIUKP8AAAAJ"
    },
    {
      "name": "Rick Betzel",
      "scholar_id": "3j9gqsEAAAAJ",
      "url": "https://scholar.google.com/citations?user=3j9gqsEAAAAJ"
    },
    {
      "name": "Rastko Ciric",
      "scholar_id": "-V-d13UAAAAJ",
      "url": "https://scholar.google.com/citations?user=-V-d13UAAAAJ"
    },
    {
      "name": "Jean M. Vettel, PhD",
      "scholar_id": "pFzgTV4AAAAJ",
      "url": "https://scholar.google.com/citations?user=pFzgTV4AAAAJ"
    },
    {
      "name": "Qawi Telesford",
      "scholar_id": "SggL5UYAAAAJ",
      "url": "https://scholar.google.com/citations?user=SggL5UYAAAAJ"
    },
    {
      "name": "Graham Baum",
      "scholar_id": "AeKbcIwAAAAJ",
      "url": "https://scholar.google.com/citations?user=AeKbcIwAAAAJ"
    },
    {
      "name": "Marcelo G Mattar",
      "scholar_id": "tcCGGDsZJUsC",
      "url": "https://scholar.google.com/citations?user=tcCGGDsZJUsC"
    },
    {
      "name": "Evelyn Tang",
      "scholar_id": "CQbaZpMAAAAJ",
      "url": "https://scholar.google.com/citations?user=CQbaZpMAAAAJ"
    },
    {
      "name": "Zaixu Cui",
      "scholar_id": "j7amdXoAAAAJ",
      "url": "https://scholar.google.com/citations?user=j7amdXoAAAAJ"
    }
  ]
}