{
  "author_info": {
    "name": "Mathieu Even",
    "affiliation": "Inria Montpellier",
    "email_verified": "Verified email at inria.fr - Homepage",
    "website": "https://mathieueven.netlify.app/",
    "interests": [
      "probabilities",
      "statistics",
      "optimization",
      "machine learning"
    ],
    "photo_url": "https://scholar.googleusercontent.com/citations?view_op=view_photo&user=Mn8_1hQAAAAJ&citpid=2"
  },
  "citation_stats": {
    "citations_all": 456,
    "citations_since_2020": 456,
    "h_index_all": 12,
    "h_index_since_2020": 12,
    "i10_index_all": 12,
    "i10_index_since_2020": 12,
    "citation_graph": [
      {
        "year": 2021,
        "citations": 22
      },
      {
        "year": 2022,
        "citations": 28
      },
      {
        "year": 2023,
        "citations": 97
      },
      {
        "year": 2024,
        "citations": 185
      },
      {
        "year": 2025,
        "citations": 121
      }
    ]
  },
  "papers": [
    {
      "title": "Rethinking the Win Ratio: A Causal Framework for Hierarchical Outcome Analysis",
      "url": "https://scholar.google.com/citations?view_op=view_citation&hl=en&user=Mn8_1hQAAAAJ&citation_for_view=Mn8_1hQAAAAJ:kNdYIx-mwKoC",
      "authors": "M Even, J Josse",
      "venue": "arXiv preprint arXiv:2501.16933, 2025",
      "year": 2025,
      "citations": 1
    },
    {
      "title": "Model Agnostic Differentially Private Causal Inference",
      "url": "https://scholar.google.com/citations?view_op=view_citation&hl=en&user=Mn8_1hQAAAAJ&citation_for_view=Mn8_1hQAAAAJ:Zph67rFs4hoC",
      "authors": "C Lebeda, M Even, A Bellet, J Josse",
      "venue": "arXiv preprint arXiv:2505.19589, 2025",
      "year": 2025,
      "citations": 0
    },
    {
      "title": "Meta-learning of shared linear representations beyond well-specified linear regression",
      "url": "https://scholar.google.com/citations?view_op=view_citation&hl=en&user=Mn8_1hQAAAAJ&citation_for_view=Mn8_1hQAAAAJ:KlAtU1dfN6UC",
      "authors": "M Even, L MassouliÃŠ",
      "venue": "arXiv preprint arXiv:2501.18975, 2025",
      "year": 2025,
      "citations": 0
    },
    {
      "title": "Asynchronous speedup in decentralized optimization",
      "url": "https://scholar.google.com/citations?view_op=view_citation&hl=en&user=Mn8_1hQAAAAJ&citation_for_view=Mn8_1hQAAAAJ:YsMSGLbcyi4C",
      "authors": "M Even, H Hendrikx, L Massoulié",
      "venue": "IEEE Transactions on Automatic Control, 2024",
      "year": 2024,
      "citations": 21
    },
    {
      "title": "Noiseless privacy-preserving decentralized learning",
      "url": "https://scholar.google.com/citations?view_op=view_citation&hl=en&user=Mn8_1hQAAAAJ&citation_for_view=Mn8_1hQAAAAJ:MXK_kJrjxJIC",
      "authors": "S Biswas, M Even, AM Kermarrec, L Massoulié, R Pires, R Sharma, ...",
      "venue": "Proceedings on Privacy Enhancing Technologies Symposium (PoPETS) 2024, 2024",
      "year": 2024,
      "citations": 12
    },
    {
      "title": "Aligning Embeddings and Geometric Random Graphs: Informational Results and Computational Approaches for the Procrustes-Wasserstein Problem",
      "url": "https://scholar.google.com/citations?view_op=view_citation&hl=en&user=Mn8_1hQAAAAJ&citation_for_view=Mn8_1hQAAAAJ:5nxA0vEk-isC",
      "authors": "M Even, L Ganassali, J Maier, L Massoulié",
      "venue": "Advances in Neural Information Processing Systems (2024), 2024",
      "year": 2024,
      "citations": 4
    },
    {
      "title": "Minimax excess risk of first-order methods for statistical learning with data-dependent oracles",
      "url": "https://scholar.google.com/citations?view_op=view_citation&hl=en&user=Mn8_1hQAAAAJ&citation_for_view=Mn8_1hQAAAAJ:0EnyYjriUFMC",
      "authors": "K Scaman, M Even, B Le Bars, L Massoulié",
      "venue": "International Conference on Artificial Intelligence and Statistics, 3709-3717, 2024",
      "year": 2024,
      "citations": 2
    },
    {
      "title": "Long-Context Linear System Identification",
      "url": "https://scholar.google.com/citations?view_op=view_citation&hl=en&user=Mn8_1hQAAAAJ&citation_for_view=Mn8_1hQAAAAJ:8k81kl-MbHgC",
      "authors": "OK Yüksel, M Even, N Flammarion",
      "venue": "ICLR 2025, 2024",
      "year": 2024,
      "citations": 1
    },
    {
      "title": "Towards decentralization, asynchrony, privacy and personalization in federated learning",
      "url": "https://scholar.google.com/citations?view_op=view_citation&hl=en&user=Mn8_1hQAAAAJ&citation_for_view=Mn8_1hQAAAAJ:3fE2CSJIrl8C",
      "authors": "M Even",
      "venue": "Université Paris sciences et lettres, 2024",
      "year": 2024,
      "citations": 0
    },
    {
      "title": "(S) GD over Diagonal Linear Networks: Implicit Regularisation, Large Stepsizes and Edge of Stability",
      "url": "https://scholar.google.com/citations?view_op=view_citation&hl=en&user=Mn8_1hQAAAAJ&citation_for_view=Mn8_1hQAAAAJ:Se3iqnhoufwC",
      "authors": "M Even, S Pesme, S Gunasekar, N Flammarion",
      "venue": "Advances in Neural Information Processing Systems (2023), 2023",
      "year": 2023,
      "citations": 62
    },
    {
      "title": "Stochastic Gradient Descent under Markovian Sampling Schemes",
      "url": "https://scholar.google.com/citations?view_op=view_citation&hl=en&user=Mn8_1hQAAAAJ&citation_for_view=Mn8_1hQAAAAJ:ufrVoPGSRksC",
      "authors": "M Even",
      "venue": "International Conference on Machine Learning, 2023, 2023",
      "year": 2023,
      "citations": 49
    },
    {
      "title": "Asynchronous SGD on Graphs: a Unified Framework for Asynchronous Decentralized and Federated Optimization",
      "url": "https://scholar.google.com/citations?view_op=view_citation&hl=en&user=Mn8_1hQAAAAJ&citation_for_view=Mn8_1hQAAAAJ:roLk4NBRz8UC",
      "authors": "M Even, A Koloskova, L Massoulié",
      "venue": "International Conference on Artificial Intelligence and Statistics, 3709-3717, 2023",
      "year": 2023,
      "citations": 24
    },
    {
      "title": "Generalization Error of First-Order Methods for Statistical Learning with Generic Oracles",
      "url": "https://scholar.google.com/citations?view_op=view_citation&hl=en&user=Mn8_1hQAAAAJ&citation_for_view=Mn8_1hQAAAAJ:_FxGoFyzp5QC",
      "authors": "K Scaman, M Even, L Massoulié",
      "venue": "CoRR, 2023",
      "year": 2023,
      "citations": 0
    },
    {
      "title": "Asynchronous sgd beats minibatch sgd under arbitrary delays",
      "url": "https://scholar.google.com/citations?view_op=view_citation&hl=en&user=Mn8_1hQAAAAJ&citation_for_view=Mn8_1hQAAAAJ:W7OEmFMy1HYC",
      "authors": "K Mishchenko, F Bach, M Even, B Woodworth",
      "venue": "Advances in Neural Information Processing Systems (2022), 2022",
      "year": 2022,
      "citations": 86
    },
    {
      "title": "Muffliato: Peer-to-Peer Privacy Amplification for Decentralized Optimization and Averaging",
      "url": "https://scholar.google.com/citations?view_op=view_citation&hl=en&user=Mn8_1hQAAAAJ&citation_for_view=Mn8_1hQAAAAJ:Y0pCki6q_DkC",
      "authors": "E Cyffers, M Even, A Bellet, L Massoulié",
      "venue": "Advances in Neural Information Processing Systems 36 (2022), 2022",
      "year": 2022,
      "citations": 38
    },
    {
      "title": "On sample optimality in personalized collaborative and federated learning",
      "url": "https://scholar.google.com/citations?view_op=view_citation&hl=en&user=Mn8_1hQAAAAJ&citation_for_view=Mn8_1hQAAAAJ:eQOLeE2rZwMC",
      "authors": "M Even, L Massoulié, K Scaman",
      "venue": "Advances in Neural Information Processing Systems 36 (2022), 2022",
      "year": 2022,
      "citations": 27
    },
    {
      "title": "Continuized accelerations of deterministic and stochastic gradient descents, and of gossip algorithms",
      "url": "https://scholar.google.com/citations?view_op=view_citation&hl=en&user=Mn8_1hQAAAAJ&citation_for_view=Mn8_1hQAAAAJ:IjCSPb-OGe4C",
      "authors": "M Even, R Berthier, F Bach, N Flammarion, H Hendrikx, P Gaillard, ...",
      "venue": "Advances in Neural Information Processing Systems (2021), 2021",
      "year": 2021,
      "citations": 55
    },
    {
      "title": "Fast Stochastic Bregman Gradient Methods: Sharp Analysis and Variance Reduction",
      "url": "https://scholar.google.com/citations?view_op=view_citation&hl=en&user=Mn8_1hQAAAAJ&citation_for_view=Mn8_1hQAAAAJ:9yKSN-GCB0IC",
      "authors": "RA Dragomir, M Even, H Hendrikx",
      "venue": "ICML 2021, 2815-2825, 2021",
      "year": 2021,
      "citations": 49
    },
    {
      "title": "Concentration of Non-Isotropic Random Tensors with Applications to Learning and Empirical Risk Minimization",
      "url": "https://scholar.google.com/citations?view_op=view_citation&hl=en&user=Mn8_1hQAAAAJ&citation_for_view=Mn8_1hQAAAAJ:d1gkVwhDpl0C",
      "authors": "M Even, L Massoulié",
      "venue": "Conference on Learning Theory 2021, 1847-1886, 2021",
      "year": 2021,
      "citations": 13
    },
    {
      "title": "Asynchrony and acceleration in gossip algorithms",
      "url": "https://scholar.google.com/citations?view_op=view_citation&hl=en&user=Mn8_1hQAAAAJ&citation_for_view=Mn8_1hQAAAAJ:u-x6o8ySG0sC",
      "authors": "M Even, H Hendrikx, L Massoulié",
      "venue": "arXiv preprint arXiv:2011.02379, 2020",
      "year": 2020,
      "citations": 12
    }
  ],
  "co_authors": [
    {
      "name": "Laurent Massoulié",
      "scholar_id": "TvVmLjUAAAAJ",
      "url": "https://scholar.google.com/citations?user=TvVmLjUAAAAJ"
    },
    {
      "name": "Hadrien Hendrikx",
      "scholar_id": "7saBgggAAAAJ",
      "url": "https://scholar.google.com/citations?user=7saBgggAAAAJ"
    },
    {
      "name": "Nicolas Flammarion",
      "scholar_id": "7nVGYfgAAAAJ",
      "url": "https://scholar.google.com/citations?user=7nVGYfgAAAAJ"
    },
    {
      "name": "Francis Bach",
      "scholar_id": "6PJWcFEAAAAJ",
      "url": "https://scholar.google.com/citations?user=6PJWcFEAAAAJ"
    },
    {
      "name": "Adrien Taylor",
      "scholar_id": "tcRn4JYAAAAJ",
      "url": "https://scholar.google.com/citations?user=tcRn4JYAAAAJ"
    },
    {
      "name": "Pierre Gaillard",
      "scholar_id": "-CPaGaEAAAAJ",
      "url": "https://scholar.google.com/citations?user=-CPaGaEAAAAJ"
    },
    {
      "name": "Kevin Scaman",
      "scholar_id": "uiR63a8AAAAJ",
      "url": "https://scholar.google.com/citations?user=uiR63a8AAAAJ"
    },
    {
      "name": "Aurélien Bellet",
      "scholar_id": "j8svx3IAAAAJ",
      "url": "https://scholar.google.com/citations?user=j8svx3IAAAAJ"
    },
    {
      "name": "Konstantin Mishchenko",
      "scholar_id": "Z8Y8nhQAAAAJ",
      "url": "https://scholar.google.com/citations?user=Z8Y8nhQAAAAJ"
    },
    {
      "name": "Blake Woodworth",
      "scholar_id": "BnQdO2UAAAAJ",
      "url": "https://scholar.google.com/citations?user=BnQdO2UAAAAJ"
    },
    {
      "name": "Raphaël Berthier",
      "scholar_id": "ZLCLbSQAAAAJ",
      "url": "https://scholar.google.com/citations?user=ZLCLbSQAAAAJ"
    },
    {
      "name": "Scott Pesme",
      "scholar_id": "eBViQXoAAAAJ",
      "url": "https://scholar.google.com/citations?user=eBViQXoAAAAJ"
    },
    {
      "name": "Suriya Gunasekar",
      "scholar_id": "EkREu_QAAAAJ",
      "url": "https://scholar.google.com/citations?user=EkREu_QAAAAJ"
    },
    {
      "name": "Radu-Alexandru Dragomir",
      "scholar_id": "qhBBVKMAAAAJ",
      "url": "https://scholar.google.com/citations?user=qhBBVKMAAAAJ"
    },
    {
      "name": "Edwige Cyffers",
      "scholar_id": "WDB4HqIAAAAJ",
      "url": "https://scholar.google.com/citations?user=WDB4HqIAAAAJ"
    },
    {
      "name": "Anne-Marie Kermarrec",
      "scholar_id": "aIAy-qcAAAAJ",
      "url": "https://scholar.google.com/citations?user=aIAy-qcAAAAJ"
    },
    {
      "name": "Anastasia Koloskova",
      "scholar_id": "ldJpvE8AAAAJ",
      "url": "https://scholar.google.com/citations?user=ldJpvE8AAAAJ"
    },
    {
      "name": "Luca Ganassali",
      "scholar_id": "afDIpsYAAAAJ",
      "url": "https://scholar.google.com/citations?user=afDIpsYAAAAJ"
    },
    {
      "name": "Julie Josse",
      "scholar_id": "AlIkUSAAAAAJ",
      "url": "https://scholar.google.com/citations?user=AlIkUSAAAAAJ"
    },
    {
      "name": "Batiste Le Bars",
      "scholar_id": "A-4CZ8UAAAAJ",
      "url": "https://scholar.google.com/citations?user=A-4CZ8UAAAAJ"
    }
  ]
}