{
  "author_info": {
    "name": "Hidetaka Kamigaito",
    "affiliation": "Nara Institute of Science and Technology (NAIST)",
    "email_verified": "Verified email at is.naist.jp - Homepage",
    "website": "https://sites.google.com/site/hidetakakamigaito",
    "interests": [
      "Natural Language Processing"
    ],
    "photo_url": "/citations/images/avatar_scholar_128.png"
  },
  "citation_stats": {
    "citations_all": 1180,
    "citations_since_2020": 1137,
    "h_index_all": 18,
    "h_index_since_2020": 18,
    "i10_index_all": 39,
    "i10_index_since_2020": 38,
    "citation_graph": [
      {
        "year": 2013,
        "citations": 4
      },
      {
        "year": 2014,
        "citations": 2
      },
      {
        "year": 2015,
        "citations": 4
      },
      {
        "year": 2016,
        "citations": 8
      },
      {
        "year": 2017,
        "citations": 5
      },
      {
        "year": 2018,
        "citations": 7
      },
      {
        "year": 2019,
        "citations": 12
      },
      {
        "year": 2020,
        "citations": 31
      },
      {
        "year": 2021,
        "citations": 72
      },
      {
        "year": 2022,
        "citations": 137
      },
      {
        "year": 2023,
        "citations": 178
      },
      {
        "year": 2024,
        "citations": 286
      },
      {
        "year": 2025,
        "citations": 426
      }
    ]
  },
  "papers": [
    {
      "title": "Attention score is not all you need for token importance indicator in kv cache reduction: Value also matters",
      "url": "https://scholar.google.com/citations?view_op=view_citation&hl=en&user=cyZpch8AAAAJ&citation_for_view=cyZpch8AAAAJ:UxriW0iASnsC",
      "authors": "Z Guo, H Kamigaito, T Watanabe",
      "venue": "arXiv preprint arXiv:2406.12335, 2024",
      "year": 2024,
      "citations": 36
    },
    {
      "title": "mCSQA: Multilingual commonsense reasoning dataset with unified creation strategy by language models and humans",
      "url": "https://scholar.google.com/citations?view_op=view_citation&hl=en&user=cyZpch8AAAAJ&citation_for_view=cyZpch8AAAAJ:KxtntwgDAa4C",
      "authors": "Y Sakai, H Kamigaito, T Watanabe",
      "venue": "arXiv preprint arXiv:2406.04215, 2024",
      "year": 2024,
      "citations": 27
    },
    {
      "title": "Towards artwork explanation in large-scale vision language models",
      "url": "https://scholar.google.com/citations?view_op=view_citation&hl=en&user=cyZpch8AAAAJ&citation_for_view=cyZpch8AAAAJ:l7t_Zn2s7bgC",
      "authors": "K Hayashi, Y Sakai, H Kamigaito, K Hayashi, T Watanabe",
      "venue": "Proceedings of the 62nd Annual Meeting of the Association for Computational …, 2024",
      "year": 2024,
      "citations": 23
    },
    {
      "title": "Bidirectional transformer reranker for grammatical error correction",
      "url": "https://scholar.google.com/citations?view_op=view_citation&hl=en&user=cyZpch8AAAAJ&citation_for_view=cyZpch8AAAAJ:g5m5HwL7SMYC",
      "authors": "Y Zhang, H Kamigaito, M Okumura",
      "venue": "Journal of Natural Language Processing 31 (1), 3-46, 2024",
      "year": 2024,
      "citations": 19
    },
    {
      "title": "Joint learning-based heterogeneous graph attention network for timeline summarization",
      "url": "https://scholar.google.com/citations?view_op=view_citation&hl=en&user=cyZpch8AAAAJ&citation_for_view=cyZpch8AAAAJ:ns9cj8rnVeAC",
      "authors": "J You, D Li, H Kamigaito, K Funakoshi, M Okumura",
      "venue": "Journal of Natural Language Processing 30 (1), 184-214, 2023",
      "year": 2023,
      "citations": 16
    },
    {
      "title": "Comprehensive analysis of negative sampling in knowledge graph representation learning",
      "url": "https://scholar.google.com/citations?view_op=view_citation&hl=en&user=cyZpch8AAAAJ&citation_for_view=cyZpch8AAAAJ:GnPB-g6toBAC",
      "authors": "H Kamigaito, K Hayashi",
      "venue": "International conference on machine learning, 10661-10675, 2022",
      "year": 2022,
      "citations": 42
    },
    {
      "title": "Towards table-to-text generation with numerical reasoning",
      "url": "https://scholar.google.com/citations?view_op=view_citation&hl=en&user=cyZpch8AAAAJ&citation_for_view=cyZpch8AAAAJ:r0BpntZqJG4C",
      "authors": "LH Suadaa, H Kamigaito, K Funakoshi, M Okumura, H Takamura",
      "venue": "Proceedings of the 59th Annual Meeting of the Association for Computational …, 2021",
      "year": 2021,
      "citations": 87
    },
    {
      "title": "Fusing label embedding into bert: An efficient improvement for text classification",
      "url": "https://scholar.google.com/citations?view_op=view_citation&hl=en&user=cyZpch8AAAAJ&citation_for_view=cyZpch8AAAAJ:iH-uZ7U-co4C",
      "authors": "Y Xiong, Y Feng, H Wu, H Kamigaito, M Okumura",
      "venue": "Findings of the association for computational linguistics: ACL-IJCNLP 2021 …, 2021",
      "year": 2021,
      "citations": 69
    },
    {
      "title": "Considering nested tree structure in sentence extractive summarization with pre-trained transformer",
      "url": "https://scholar.google.com/citations?view_op=view_citation&hl=en&user=cyZpch8AAAAJ&citation_for_view=cyZpch8AAAAJ:isC4tDSrTZIC",
      "authors": "J Kwon, N Kobayashi, H Kamigaito, M Okumura",
      "venue": "Proceedings of the 2021 conference on empirical methods in natural language …, 2021",
      "year": 2021,
      "citations": 28
    },
    {
      "title": "An empirical study of generating texts for search engine advertising",
      "url": "https://scholar.google.com/citations?view_op=view_citation&hl=en&user=cyZpch8AAAAJ&citation_for_view=cyZpch8AAAAJ:RHpTSmoSYBkC",
      "authors": "H Kamigaito, P Zhang, H Takamura, M Okumura",
      "venue": "Proceedings of the 2021 Conference of the North American Chapter of the …, 2021",
      "year": 2021,
      "citations": 21
    },
    {
      "title": "Improving neural RST parsing model with silver agreement subtrees",
      "url": "https://scholar.google.com/citations?view_op=view_citation&hl=en&user=cyZpch8AAAAJ&citation_for_view=cyZpch8AAAAJ:_Qo2XoVZTnwC",
      "authors": "N Kobayashi, T Hirao, H Kamigaito, M Okumura, M Nagata",
      "venue": "Proceedings of the 2021 Conference of the North American Chapter of the …, 2021",
      "year": 2021,
      "citations": 18
    },
    {
      "title": "Unified interpretation of softmax cross-entropy and negative sampling: With case study for knowledge graph embedding",
      "url": "https://scholar.google.com/citations?view_op=view_citation&hl=en&user=cyZpch8AAAAJ&citation_for_view=cyZpch8AAAAJ:j3f4tGmQtD8C",
      "authors": "H Kamigaito, K Hayashi",
      "venue": "arXiv preprint arXiv:2106.07250, 2021",
      "year": 2021,
      "citations": 17
    },
    {
      "title": "Soda: Story oriented dense video captioning evaluation framework",
      "url": "https://scholar.google.com/citations?view_op=view_citation&hl=en&user=cyZpch8AAAAJ&citation_for_view=cyZpch8AAAAJ:L8Ckcad2t8MC",
      "authors": "S Fujita, T Hirao, H Kamigaito, M Okumura, M Nagata",
      "venue": "European Conference on Computer Vision, 517-531, 2020",
      "year": 2020,
      "citations": 94
    },
    {
      "title": "Top-down RST parsing utilizing granularity levels in documents",
      "url": "https://scholar.google.com/citations?view_op=view_citation&hl=en&user=cyZpch8AAAAJ&citation_for_view=cyZpch8AAAAJ:7PzlFSSx8tAC",
      "authors": "N Kobayashi, T Hirao, H Kamigaito, M Okumura, M Nagata",
      "venue": "Proceedings of the AAAI Conference on Artificial Intelligence 34 (05), 8099-8106, 2020",
      "year": 2020,
      "citations": 62
    },
    {
      "title": "Syntactically look-ahead attention network for sentence compression",
      "url": "https://scholar.google.com/citations?view_op=view_citation&hl=en&user=cyZpch8AAAAJ&citation_for_view=cyZpch8AAAAJ:dhFuZR0502QC",
      "authors": "H Kamigaito, M Okumura",
      "venue": "Proceedings of the AAAI Conference on Artificial Intelligence 34 (05), 8050-8057, 2020",
      "year": 2020,
      "citations": 26
    },
    {
      "title": "Context-aware neural machine translation with coreference information",
      "url": "https://scholar.google.com/citations?view_op=view_citation&hl=en&user=cyZpch8AAAAJ&citation_for_view=cyZpch8AAAAJ:mVmsd5A6BfQC",
      "authors": "T Ohtani, H Kamigaito, M Nagata, M Okumura",
      "venue": "Proceedings of the Fourth Workshop on Discourse in Machine Translation …, 2019",
      "year": 2019,
      "citations": 18
    },
    {
      "title": "Split or merge: Which is better for unsupervised RST parsing?",
      "url": "https://scholar.google.com/citations?view_op=view_citation&hl=en&user=cyZpch8AAAAJ&citation_for_view=cyZpch8AAAAJ:Wp0gIr-vW9MC",
      "authors": "N Kobayashi, T Hirao, K Nakamura, H Kamigaito, M Okumura, M Nagata",
      "venue": "Proceedings of the 2019 Conference on Empirical Methods in Natural Language …, 2019",
      "year": 2019,
      "citations": 18
    },
    {
      "title": "An empirical study of building a strong baseline for constituency parsing",
      "url": "https://scholar.google.com/citations?view_op=view_citation&hl=en&user=cyZpch8AAAAJ&citation_for_view=cyZpch8AAAAJ:qxL8FJ1GzNcC",
      "authors": "J Suzuki, S Takase, H Kamigaito, M Morishita, M Nagata",
      "venue": "Proceedings of the 56th Annual Meeting of the Association for Computational …, 2018",
      "year": 2018,
      "citations": 25
    },
    {
      "title": "Higher-order Syntactic Attention Network for Long Sentence Compression",
      "url": "https://scholar.google.com/citations?view_op=view_citation&hl=en&user=cyZpch8AAAAJ&citation_for_view=cyZpch8AAAAJ:KlAtU1dfN6UC",
      "authors": "H Kamigaito, K Hayashi, T Hirao, M Nagata",
      "venue": "Proceedings of the 2018 Conference of the North American Chapter of the …, 2018",
      "year": 2018,
      "citations": 24
    },
    {
      "title": "Supervised attention for sequence-to-sequence constituency parsing",
      "url": "https://scholar.google.com/citations?view_op=view_citation&hl=en&user=cyZpch8AAAAJ&citation_for_view=cyZpch8AAAAJ:kNdYIx-mwKoC",
      "authors": "H Kamigaito, K Hayashi, T Hirao, H Takamura, M Okumura, M Nagata",
      "venue": "Proceedings of the Eighth International Joint Conference on Natural Language …, 2017",
      "year": 2017,
      "citations": 29
    }
  ],
  "co_authors": [
    {
      "name": "Taro Watanabe",
      "scholar_id": "zsEEy7kAAAAJ",
      "url": "https://scholar.google.com/citations?user=zsEEy7kAAAAJ"
    },
    {
      "name": "Hiroya TAKAMURA",
      "scholar_id": "o57RFqgAAAAJ",
      "url": "https://scholar.google.com/citations?user=o57RFqgAAAAJ"
    },
    {
      "name": "Eiichiro SUMITA",
      "scholar_id": "AgC7dTQAAAAJ",
      "url": "https://scholar.google.com/citations?user=AgC7dTQAAAAJ"
    }
  ]
}