{
  "author_info": {
    "name": "Derek Ruths",
    "affiliation": "Associate Professor of Computer Science, McGill University",
    "email_verified": "Verified email at mcgill.ca - Homepage",
    "website": "http://www.derekruths.com/",
    "interests": [
      "Models of large-scale human behavior",
      "responsible data science"
    ],
    "photo_url": "https://scholar.googleusercontent.com/citations?view_op=view_photo&user=WZWeI0MAAAAJ&citpid=3"
  },
  "citation_stats": {
    "citations_all": 8009,
    "citations_since_2020": 4377,
    "h_index_all": 39,
    "h_index_since_2020": 29,
    "i10_index_all": 74,
    "i10_index_since_2020": 58,
    "citation_graph": [
      {
        "year": 2006,
        "citations": 20
      },
      {
        "year": 2007,
        "citations": 24
      },
      {
        "year": 2008,
        "citations": 48
      },
      {
        "year": 2009,
        "citations": 54
      },
      {
        "year": 2010,
        "citations": 101
      },
      {
        "year": 2011,
        "citations": 89
      },
      {
        "year": 2012,
        "citations": 122
      },
      {
        "year": 2013,
        "citations": 186
      },
      {
        "year": 2014,
        "citations": 239
      },
      {
        "year": 2015,
        "citations": 348
      },
      {
        "year": 2016,
        "citations": 491
      },
      {
        "year": 2017,
        "citations": 571
      },
      {
        "year": 2018,
        "citations": 599
      },
      {
        "year": 2019,
        "citations": 637
      },
      {
        "year": 2020,
        "citations": 651
      },
      {
        "year": 2021,
        "citations": 852
      },
      {
        "year": 2022,
        "citations": 838
      },
      {
        "year": 2023,
        "citations": 816
      },
      {
        "year": 2024,
        "citations": 624
      },
      {
        "year": 2025,
        "citations": 577
      }
    ]
  },
  "papers": [
    {
      "title": "The causes and consequences of COVID-19 misperceptions: Understanding the role of news and social media",
      "url": "https://scholar.google.com/citations?view_op=view_citation&hl=en&user=WZWeI0MAAAAJ&citation_for_view=WZWeI0MAAAAJ:b0M2c_1WBrUC",
      "authors": "A Bridgman, E Merkley, PJ Loewen, T Owen, D Ruths, L Teichmann, ...",
      "venue": "Harvard Kennedy School Misinformation Review 1 (3), 2020",
      "year": 2020,
      "citations": 636
    },
    {
      "title": "A rare moment of cross-partisan consensus: Elite and public response to the COVID-19 pandemic in Canada",
      "url": "https://scholar.google.com/citations?view_op=view_citation&hl=en&user=WZWeI0MAAAAJ&citation_for_view=WZWeI0MAAAAJ:EUQCXRtRnyEC",
      "authors": "E Merkley, A Bridgman, PJ Loewen, T Owen, D Ruths, O Zhilin",
      "venue": "Canadian Journal of Political Science/Revue canadienne de science politique …, 2020",
      "year": 2020,
      "citations": 291
    },
    {
      "title": "Sentiment analysis: It’s complicated!",
      "url": "https://scholar.google.com/citations?view_op=view_citation&hl=en&user=WZWeI0MAAAAJ&citation_for_view=WZWeI0MAAAAJ:4OULZ7Gr8RgC",
      "authors": "K Kenyon-Dean, E Ahmed, S Fujimoto, J Georges-Filteau, C Glasz, ...",
      "venue": "Proceedings of the 2018 Conference of the North American Chapter of the …, 2018",
      "year": 2018,
      "citations": 117
    },
    {
      "title": "A web of hate: Tackling hateful speech in online social spaces",
      "url": "https://scholar.google.com/citations?view_op=view_citation&hl=en&user=WZWeI0MAAAAJ&citation_for_view=WZWeI0MAAAAJ:rO6llkc54NcC",
      "authors": "HM Saleem, KP Dillon, S Benesch, D Ruths",
      "venue": "arXiv preprint arXiv:1709.10159, 2017",
      "year": 2017,
      "citations": 221
    },
    {
      "title": "User migration in online social networks: A case study on reddit during a period of community unrest",
      "url": "https://scholar.google.com/citations?view_op=view_citation&hl=en&user=WZWeI0MAAAAJ&citation_for_view=WZWeI0MAAAAJ:ns9cj8rnVeAC",
      "authors": "E Newell, D Jurgens, H Saleem, H Vala, J Sassine, C Armstrong, D Ruths",
      "venue": "Proceedings of the International AAAI Conference on Web and Social Media 10 …, 2016",
      "year": 2016,
      "citations": 177
    },
    {
      "title": "Geolocation prediction in twitter using social networks: A critical analysis and review of current practice",
      "url": "https://scholar.google.com/citations?view_op=view_citation&hl=en&user=WZWeI0MAAAAJ&citation_for_view=WZWeI0MAAAAJ:bEWYMUwI8FkC",
      "authors": "D Jurgens, T Finethy, J McCorriston, Y Xu, D Ruths",
      "venue": "Proceedings of the international AAAI conference on web and social media 9 …, 2015",
      "year": 2015,
      "citations": 307
    },
    {
      "title": "Mr. bennet, his coachman, and the archbishop walk into a bar but only one of them gets recognized: On the difficulty of detecting characters in literary texts",
      "url": "https://scholar.google.com/citations?view_op=view_citation&hl=en&user=WZWeI0MAAAAJ&citation_for_view=WZWeI0MAAAAJ:maZDTaKrznsC",
      "authors": "H Vala, D Jurgens, A Piper, D Ruths",
      "venue": "Proceedings of the 2015 conference on empirical methods in natural language …, 2015",
      "year": 2015,
      "citations": 122
    },
    {
      "title": "Social media for large studies of behavior",
      "url": "https://scholar.google.com/citations?view_op=view_citation&hl=en&user=WZWeI0MAAAAJ&citation_for_view=WZWeI0MAAAAJ:HDshCWvjkbEC",
      "authors": "D Ruths, J Pfeffer",
      "venue": "Science 346 (6213), 1063-1064, 2014",
      "year": 2014,
      "citations": 923
    },
    {
      "title": "Control profiles of complex networks",
      "url": "https://scholar.google.com/citations?view_op=view_citation&hl=en&user=WZWeI0MAAAAJ&citation_for_view=WZWeI0MAAAAJ:ZeXyd9-uunAC",
      "authors": "J Ruths, D Ruths",
      "venue": "Science 343 (6177), 1373-1376, 2014",
      "year": 2014,
      "citations": 458
    },
    {
      "title": "Classifying political orientation on Twitter: It’s not easy!",
      "url": "https://scholar.google.com/citations?view_op=view_citation&hl=en&user=WZWeI0MAAAAJ&citation_for_view=WZWeI0MAAAAJ:aqlVkmm33-oC",
      "authors": "R Cohen, D Ruths",
      "venue": "Proceedings of the International AAAI Conference on Web and Social Media 7 …, 2013",
      "year": 2013,
      "citations": 376
    },
    {
      "title": "What's in a Name? Using First Names as Features for Gender Inference in Twitter.",
      "url": "https://scholar.google.com/citations?view_op=view_citation&hl=en&user=WZWeI0MAAAAJ&citation_for_view=WZWeI0MAAAAJ:4TOpqqG69KYC",
      "authors": "W Liu, D Ruths",
      "venue": "AAAI spring symposium: Analyzing microtext 13 (1), 10-16, 2013",
      "year": 2013,
      "citations": 290
    },
    {
      "title": "Gender inference of Twitter users in non-English contexts",
      "url": "https://scholar.google.com/citations?view_op=view_citation&hl=en&user=WZWeI0MAAAAJ&citation_for_view=WZWeI0MAAAAJ:dhFuZR0502QC",
      "authors": "M Ciot, M Sonderegger, D Ruths",
      "venue": "Proceedings of the 2013 conference on empirical methods in natural language …, 2013",
      "year": 2013,
      "citations": 215
    },
    {
      "title": "Homophily and latent attribute inference: Inferring latent attributes of twitter users from neighbors",
      "url": "https://scholar.google.com/citations?view_op=view_citation&hl=en&user=WZWeI0MAAAAJ&citation_for_view=WZWeI0MAAAAJ:Se3iqnhoufwC",
      "authors": "F Al Zamal, W Liu, D Ruths",
      "venue": "Proceedings of the international AAAI conference on web and social media 6 …, 2012",
      "year": 2012,
      "citations": 504
    },
    {
      "title": "Flows of research manuscripts among scientific journals reveal hidden submission patterns",
      "url": "https://scholar.google.com/citations?view_op=view_citation&hl=en&user=WZWeI0MAAAAJ&citation_for_view=WZWeI0MAAAAJ:Zph67rFs4hoC",
      "authors": "V Calcagno, E Demoinet, K Gollner, L Guidi, D Ruths, C de Mazancourt",
      "venue": "Science 338 (6110), 1065-1069, 2012",
      "year": 2012,
      "citations": 158
    },
    {
      "title": "PhyloNet: a software package for analyzing and reconstructing reticulate evolutionary relationships",
      "url": "https://scholar.google.com/citations?view_op=view_citation&hl=en&user=WZWeI0MAAAAJ&citation_for_view=WZWeI0MAAAAJ:qjMakFHDy7sC",
      "authors": "C Than, D Ruths, L Nakhleh",
      "venue": "BMC bioinformatics 9 (1), 322, 2008",
      "year": 2008,
      "citations": 564
    },
    {
      "title": "The signaling petri net-based simulator: a non-parametric strategy for characterizing the dynamics of cell-specific signaling networks",
      "url": "https://scholar.google.com/citations?view_op=view_citation&hl=en&user=WZWeI0MAAAAJ&citation_for_view=WZWeI0MAAAAJ:zYLM7Y9cAGgC",
      "authors": "D Ruths, M Muller, JT Tseng, L Nakhleh, PT Ram",
      "venue": "PLoS computational biology 4 (2), e1000005, 2008",
      "year": 2008,
      "citations": 138
    },
    {
      "title": "Confounding factors in HGT detection: statistical error, coalescent effects, and multiple solutions",
      "url": "https://scholar.google.com/citations?view_op=view_citation&hl=en&user=WZWeI0MAAAAJ&citation_for_view=WZWeI0MAAAAJ:IjCSPb-OGe4C",
      "authors": "C Than, D Ruths, H Innan, L Nakhleh",
      "venue": "Journal of computational biology 14 (4), 517-535, 2007",
      "year": 2007,
      "citations": 112
    },
    {
      "title": "RIATA-HGT: a fast and accurate heuristic for reconstructing horizontal gene transfer",
      "url": "https://scholar.google.com/citations?view_op=view_citation&hl=en&user=WZWeI0MAAAAJ&citation_for_view=WZWeI0MAAAAJ:UeHWp8X0CEIC",
      "authors": "L Nakhleh, D Ruths, LS Wang",
      "venue": "International computing and combinatorics conference, 84-93, 2005",
      "year": 2005,
      "citations": 114
    },
    {
      "title": "Data-centric collaborative computing platform",
      "url": "https://scholar.google.com/citations?view_op=view_citation&hl=en&user=WZWeI0MAAAAJ&citation_for_view=WZWeI0MAAAAJ:u5HHmVD_uO8C",
      "authors": "D Ruths, J Hoye, J Allers",
      "venue": "US Patent App. 10/242,554, 2003",
      "year": 2003,
      "citations": 139
    },
    {
      "title": "System and method for managing collaborative data representations",
      "url": "https://scholar.google.com/citations?view_op=view_citation&hl=en&user=WZWeI0MAAAAJ&citation_for_view=WZWeI0MAAAAJ:u-x6o8ySG0sC",
      "authors": "D Ruths, J Hoye",
      "venue": "US Patent App. 10/242,596, 2003",
      "year": 2003,
      "citations": 109
    }
  ],
  "co_authors": [
    {
      "name": "Luay Nakhleh",
      "scholar_id": "46HLWf8AAAAJ",
      "url": "https://scholar.google.com/citations?user=46HLWf8AAAAJ"
    },
    {
      "name": "Justin Ruths",
      "scholar_id": "bTStxAMAAAAJ",
      "url": "https://scholar.google.com/citations?user=bTStxAMAAAAJ"
    },
    {
      "name": "Faiyaz Al Zamal",
      "scholar_id": "rc_BNMkAAAAJ",
      "url": "https://scholar.google.com/citations?user=rc_BNMkAAAAJ"
    },
    {
      "name": "Hideki Innan",
      "scholar_id": "6wnEbLsAAAAJ",
      "url": "https://scholar.google.com/citations?user=6wnEbLsAAAAJ"
    },
    {
      "name": "Morgan Sonderegger",
      "scholar_id": "6bdEY5oAAAAJ",
      "url": "https://scholar.google.com/citations?user=6bdEY5oAAAAJ"
    },
    {
      "name": "Vincent Calcagno",
      "scholar_id": "SkGGuX0AAAAJ",
      "url": "https://scholar.google.com/citations?user=SkGGuX0AAAAJ"
    },
    {
      "name": "Lionel Guidi",
      "scholar_id": "V_BOcQwAAAAJ",
      "url": "https://scholar.google.com/citations?user=V_BOcQwAAAAJ"
    },
    {
      "name": "Li-San Wang",
      "scholar_id": "ncxi_G4AAAAJ",
      "url": "https://scholar.google.com/citations?user=ncxi_G4AAAAJ"
    },
    {
      "name": "Ed Chen",
      "scholar_id": "ToaHslsAAAAJ",
      "url": "https://scholar.google.com/citations?user=ToaHslsAAAAJ"
    },
    {
      "name": "Gábor Balázsi",
      "scholar_id": "q4jzCrYAAAAJ",
      "url": "https://scholar.google.com/citations?user=q4jzCrYAAAAJ"
    },
    {
      "name": "Thomas Shultz",
      "scholar_id": "z5U6tisAAAAJ",
      "url": "https://scholar.google.com/citations?user=z5U6tisAAAAJ"
    }
  ]
}