{
  "author_info": {
    "name": "Salman Asif",
    "affiliation": "Associate Professor, ECE, University of California, Riverside",
    "email_verified": "Verified email at ucr.edu - Homepage",
    "website": "http://www.ece.ucr.edu/~sasif",
    "interests": [
      "computational imaging",
      "computer vision",
      "machine learning",
      "signal processing",
      "compressive sensing"
    ],
    "photo_url": "https://scholar.googleusercontent.com/citations?view_op=view_photo&user=Dl0puDcAAAAJ&citpid=4"
  },
  "citation_stats": {
    "citations_all": 3847,
    "citations_since_2020": 2616,
    "h_index_all": 33,
    "h_index_since_2020": 31,
    "i10_index_all": 69,
    "i10_index_since_2020": 56,
    "citation_graph": [
      {
        "year": 2010,
        "citations": 47
      },
      {
        "year": 2011,
        "citations": 59
      },
      {
        "year": 2012,
        "citations": 62
      },
      {
        "year": 2013,
        "citations": 116
      },
      {
        "year": 2014,
        "citations": 130
      },
      {
        "year": 2015,
        "citations": 141
      },
      {
        "year": 2016,
        "citations": 127
      },
      {
        "year": 2017,
        "citations": 171
      },
      {
        "year": 2018,
        "citations": 158
      },
      {
        "year": 2019,
        "citations": 194
      },
      {
        "year": 2020,
        "citations": 258
      },
      {
        "year": 2021,
        "citations": 236
      },
      {
        "year": 2022,
        "citations": 343
      },
      {
        "year": 2023,
        "citations": 483
      },
      {
        "year": 2024,
        "citations": 621
      },
      {
        "year": 2025,
        "citations": 667
      }
    ]
  },
  "papers": [
    {
      "title": "Gcndepth: Self-supervised monocular depth estimation based on graph convolutional network",
      "url": "https://scholar.google.com/citations?view_op=view_citation&hl=en&user=Dl0puDcAAAAJ&citation_for_view=Dl0puDcAAAAJ:H_jBuBxbQIAC",
      "authors": "A Masoumian, HA Rashwan, S Abdulwahab, J Cristiano, MS Asif, D Puig",
      "venue": "Neurocomputing 517, 81-92, 2023",
      "year": 2023,
      "citations": 89
    },
    {
      "title": "2022 review of data-driven plasma science",
      "url": "https://scholar.google.com/citations?view_op=view_citation&hl=en&user=Dl0puDcAAAAJ&citation_for_view=Dl0puDcAAAAJ:L_l9e5I586QC",
      "authors": "R Anirudh, R Archibald, MS Asif, MM Becker, S Benkadda, PT Bremer, ...",
      "venue": "IEEE Transactions on Plasma Science 51 (7), 1750-1838, 2023",
      "year": 2023,
      "citations": 87
    },
    {
      "title": "Dnerv: Modeling inherent dynamics via difference neural representation for videos",
      "url": "https://scholar.google.com/citations?view_op=view_citation&hl=en&user=Dl0puDcAAAAJ&citation_for_view=Dl0puDcAAAAJ:YB4bud6kWLwC",
      "authors": "Q Zhao, MS Asif, Z Ma",
      "venue": "Proceedings of the IEEE/CVF Conference on Computer Vision and Pattern …, 2023",
      "year": 2023,
      "citations": 56
    },
    {
      "title": "Monocular depth estimation using deep learning: A review",
      "url": "https://scholar.google.com/citations?view_op=view_citation&hl=en&user=Dl0puDcAAAAJ&citation_for_view=Dl0puDcAAAAJ:MIg0yeAD4ggC",
      "authors": "A Masoumian, HA Rashwan, J Cristiano, MS Asif, D Puig",
      "venue": "Sensors 22 (14), 5353, 2022",
      "year": 2022,
      "citations": 188
    },
    {
      "title": "Adversarial attacks on black box video classifiers: Leveraging the power of geometric transformations",
      "url": "https://scholar.google.com/citations?view_op=view_citation&hl=en&user=Dl0puDcAAAAJ&citation_for_view=Dl0puDcAAAAJ:g5Ck-dwhA_QC",
      "authors": "S Li, A Aich, S Zhu, S Asif, C Song, A Roy-Chowdhury, S Krishnamurthy",
      "venue": "Advances in Neural Information Processing Systems 34, 2085-2096, 2021",
      "year": 2021,
      "citations": 57
    },
    {
      "title": "Recovery analysis for plug-and-play priors using the restricted eigenvalue condition",
      "url": "https://scholar.google.com/citations?view_op=view_citation&hl=en&user=Dl0puDcAAAAJ&citation_for_view=Dl0puDcAAAAJ:DyXnQzXoVgIC",
      "authors": "J Liu, S Asif, B Wohlberg, U Kamilov",
      "venue": "Advances in Neural Information Processing Systems 34, 5921-5933, 2021",
      "year": 2021,
      "citations": 53
    },
    {
      "title": "Sweepcam—depth-aware lensless imaging using programmable masks",
      "url": "https://scholar.google.com/citations?view_op=view_citation&hl=en&user=Dl0puDcAAAAJ&citation_for_view=Dl0puDcAAAAJ:LXmCCkuhhTsC",
      "authors": "Y Hua, S Nakamura, MS Asif, AC Sankaranarayanan",
      "venue": "IEEE Transactions on Pattern Analysis and Machine Intelligence 42 (7), 1606-1617, 2020",
      "year": 2020,
      "citations": 53
    },
    {
      "title": "Alternating phase projected gradient descent with generative priors for solving compressive phase retrieval",
      "url": "https://scholar.google.com/citations?view_op=view_citation&hl=en&user=Dl0puDcAAAAJ&citation_for_view=Dl0puDcAAAAJ:kzcSZmkxUKAC",
      "authors": "R Hyder, V Shah, C Hegde, MS Asif",
      "venue": "ICASSP 2019-2019 IEEE International Conference on Acoustics, Speech and …, 2019",
      "year": 2019,
      "citations": 61
    },
    {
      "title": "Flatcam: Thin, lensless cameras using coded aperture and computation",
      "url": "https://scholar.google.com/citations?view_op=view_citation&hl=en&user=Dl0puDcAAAAJ&citation_for_view=Dl0puDcAAAAJ:ghEM2AJqZyQC",
      "authors": "MS Asif, A Ayremlou, A Sankaranarayanan, A Veeraraghavan, ...",
      "venue": "IEEE Transactions on Computational Imaging 3 (3), 384-397, 2016",
      "year": 2016,
      "citations": 385
    },
    {
      "title": "Toward long-distance subdiffraction imaging using coherent camera arrays",
      "url": "https://scholar.google.com/citations?view_op=view_citation&hl=en&user=Dl0puDcAAAAJ&citation_for_view=Dl0puDcAAAAJ:DBa1UEJaJKAC",
      "authors": "J Holloway, MS Asif, MK Sharma, N Matsuda, R Horstmeyer, O Cossairt, ...",
      "venue": "IEEE Transactions on Computational Imaging 2 (3), 251-265, 2016",
      "year": 2016,
      "citations": 141
    },
    {
      "title": "Lensless imaging: A computational renaissance",
      "url": "https://scholar.google.com/citations?view_op=view_citation&hl=en&user=Dl0puDcAAAAJ&citation_for_view=Dl0puDcAAAAJ:MAUkC_7iAq8C",
      "authors": "V Boominathan, JK Adams, MS Asif, BW Avants, JT Robinson, ...",
      "venue": "IEEE Signal Processing Magazine 33 (5), 23-35, 2016",
      "year": 2016,
      "citations": 112
    },
    {
      "title": "FPA-CS: Focal plane array-based compressive imaging in short-wave infrared",
      "url": "https://scholar.google.com/citations?view_op=view_citation&hl=en&user=Dl0puDcAAAAJ&citation_for_view=Dl0puDcAAAAJ:3NQIlFlcGxIC",
      "authors": "H Chen, M Salman Asif, AC Sankaranarayanan, A Veeraraghavan",
      "venue": "Proceedings of the IEEE Conference on Computer Vision and Pattern …, 2015",
      "year": 2015,
      "citations": 106
    },
    {
      "title": "FlatCam: Replacing Lenses with Masks and Computation",
      "url": "https://scholar.google.com/citations?view_op=view_citation&hl=en&user=Dl0puDcAAAAJ&citation_for_view=Dl0puDcAAAAJ:AXkvAH5U_nMC",
      "authors": "M Asif, A Ayremlou, A Sankaranarayanan, A Veeraraghavan, R Baraniuk",
      "venue": "Proceedings of the IEEE International Conference on Computer Vision …, 2015",
      "year": 2015,
      "citations": 70
    },
    {
      "title": "Sparse Recovery of Streaming Signals Using L1-Homotopy",
      "url": "https://scholar.google.com/citations?view_op=view_citation&hl=en&user=Dl0puDcAAAAJ&citation_for_view=Dl0puDcAAAAJ:maZDTaKrznsC",
      "authors": "MS Asif, J Romberg",
      "venue": "Signal Processing, IEEE Transactions on 62 (16), 4209-4223, 2014",
      "year": 2014,
      "citations": 198
    },
    {
      "title": "Method and system for providing super-resolution of quantized images and video",
      "url": "https://scholar.google.com/citations?view_op=view_citation&hl=en&user=Dl0puDcAAAAJ&citation_for_view=Dl0puDcAAAAJ:M05iB0D1s5AC",
      "authors": "FC Fernandes, E Faramarzi, MS Asif, Z Ma",
      "venue": "US Patent App. 14/085,486, 2014",
      "year": 2014,
      "citations": 106
    },
    {
      "title": "Fast and accurate algorithms for re-weighted L1-norm minimization",
      "url": "https://scholar.google.com/citations?view_op=view_citation&hl=en&user=Dl0puDcAAAAJ&citation_for_view=Dl0puDcAAAAJ:ULOm3_A8WrAC",
      "authors": "MS Asif, J Romberg",
      "venue": "Signal Processing, IEEE Transactions on 61 (23), 5905-5916, 2013",
      "year": 2013,
      "citations": 152
    },
    {
      "title": "Motion‐adaptive spatio‐temporal regularization for accelerated dynamic MRI",
      "url": "https://scholar.google.com/citations?view_op=view_citation&hl=en&user=Dl0puDcAAAAJ&citation_for_view=Dl0puDcAAAAJ:3fE2CSJIrl8C",
      "authors": "MS Asif, L Hamilton, M Brummer, J Romberg",
      "venue": "Magnetic Resonance in Medicine 70 (3), 800-812, 2013",
      "year": 2013,
      "citations": 139
    },
    {
      "title": "Sparsity penalties in dynamical system estimation",
      "url": "https://scholar.google.com/citations?view_op=view_citation&hl=en&user=Dl0puDcAAAAJ&citation_for_view=Dl0puDcAAAAJ:eQOLeE2rZwMC",
      "authors": "A Charles, MS Asif, J Romberg, C Rozell",
      "venue": "2011 45th annual conference on information sciences and systems, 1-6, 2011",
      "year": 2011,
      "citations": 124
    },
    {
      "title": "Dynamic updating for l1 minimization",
      "url": "https://scholar.google.com/citations?view_op=view_citation&hl=en&user=Dl0puDcAAAAJ&citation_for_view=Dl0puDcAAAAJ:u5HHmVD_uO8C",
      "authors": "MS Asif, J Romberg",
      "venue": "Selected Topics in Signal Processing, IEEE Journal of 4 (2), 421-434, 2010",
      "year": 2010,
      "citations": 159
    },
    {
      "title": "Dynamic updating for sparse time varying signals",
      "url": "https://scholar.google.com/citations?view_op=view_citation&hl=en&user=Dl0puDcAAAAJ&citation_for_view=Dl0puDcAAAAJ:u-x6o8ySG0sC",
      "authors": "MS Asif, J Romberg",
      "venue": "2009 43rd Annual Conference on Information Sciences and Systems, 3-8, 2009",
      "year": 2009,
      "citations": 54
    }
  ],
  "co_authors": [
    {
      "name": "Justin Romberg",
      "scholar_id": "mOrJx1wAAAAJ",
      "url": "https://scholar.google.com/citations?user=mOrJx1wAAAAJ"
    },
    {
      "name": "Amit K. Roy-Chowdhury",
      "scholar_id": "hfgwx0oAAAAJ",
      "url": "https://scholar.google.com/citations?user=hfgwx0oAAAAJ"
    },
    {
      "name": "Rakib Hyder",
      "scholar_id": "1q1a4wsAAAAJ",
      "url": "https://scholar.google.com/citations?user=1q1a4wsAAAAJ"
    },
    {
      "name": "Zikui Cai",
      "scholar_id": "-SrU69AAAAAJ",
      "url": "https://scholar.google.com/citations?user=-SrU69AAAAAJ"
    },
    {
      "name": "Ashok Veeraraghavan",
      "scholar_id": "tI-oUmsAAAAJ",
      "url": "https://scholar.google.com/citations?user=tI-oUmsAAAAJ"
    },
    {
      "name": "Aswin C Sankaranarayanan",
      "scholar_id": "UtIervAAAAAJ",
      "url": "https://scholar.google.com/citations?user=UtIervAAAAAJ"
    },
    {
      "name": "Chengyu Song",
      "scholar_id": "EoypoXAAAAAJ",
      "url": "https://scholar.google.com/citations?user=EoypoXAAAAAJ"
    },
    {
      "name": "Zhan Ma",
      "scholar_id": "78KxtRMAAAAJ",
      "url": "https://scholar.google.com/citations?user=78KxtRMAAAAJ"
    },
    {
      "name": "Richard Baraniuk",
      "scholar_id": "N-BBA20AAAAJ",
      "url": "https://scholar.google.com/citations?user=N-BBA20AAAAJ"
    },
    {
      "name": "Srikanth Krishnamurthy",
      "scholar_id": "x8UnxSoAAAAJ",
      "url": "https://scholar.google.com/citations?user=x8UnxSoAAAAJ"
    },
    {
      "name": "Ashley Prater-Bennette",
      "scholar_id": "f1WPBE8AAAAJ",
      "url": "https://scholar.google.com/citations?user=f1WPBE8AAAAJ"
    },
    {
      "name": "Ulugbek S. Kamilov",
      "scholar_id": "3qYUSDwAAAAJ",
      "url": "https://scholar.google.com/citations?user=3qYUSDwAAAAJ"
    },
    {
      "name": "Yucheng Zheng",
      "scholar_id": "lrIKpvcAAAAJ",
      "url": "https://scholar.google.com/citations?user=lrIKpvcAAAAJ"
    },
    {
      "name": "Chinmay Hegde",
      "scholar_id": "eJAV17IAAAAJ",
      "url": "https://scholar.google.com/citations?user=eJAV17IAAAAJ"
    },
    {
      "name": "Petros Boufounos",
      "scholar_id": "cilyP7wAAAAJ",
      "url": "https://scholar.google.com/citations?user=cilyP7wAAAAJ"
    },
    {
      "name": "Christopher J. Rozell",
      "scholar_id": "JHuo2D0AAAAJ",
      "url": "https://scholar.google.com/citations?user=JHuo2D0AAAAJ"
    },
    {
      "name": "Adam Charles",
      "scholar_id": "c8RKLp0AAAAJ",
      "url": "https://scholar.google.com/citations?user=c8RKLp0AAAAJ"
    },
    {
      "name": "Oliver Cossairt",
      "scholar_id": "QxxseqsAAAAJ",
      "url": "https://scholar.google.com/citations?user=QxxseqsAAAAJ"
    },
    {
      "name": "Jason Holloway",
      "scholar_id": "Wczgee4AAAAJ",
      "url": "https://scholar.google.com/citations?user=Wczgee4AAAAJ"
    },
    {
      "name": "Roarke Horstmeyer",
      "scholar_id": "Cqv2nSoAAAAJ",
      "url": "https://scholar.google.com/citations?user=Cqv2nSoAAAAJ"
    }
  ]
}