{
  "author_info": {
    "name": "Sebastiano Vecellio Salto",
    "affiliation": "PhD Student @ FBK & DiPSCo",
    "email_verified": "Verified email at fbk.eu - Homepage",
    "website": "https://www.linkedin.com/in/sebastiano-vecelliosalto/",
    "interests": [
      "Fairness and bias in NLP"
    ],
    "photo_url": "https://scholar.googleusercontent.com/citations?view_op=view_photo&user=nUA11h4AAAAJ&citpid=4"
  },
  "citation_stats": {
    "citations_all": 6,
    "citations_since_2020": 6,
    "h_index_all": 1,
    "h_index_since_2020": 1,
    "i10_index_all": 0,
    "i10_index_since_2020": 0,
    "citation_graph": []
  },
  "papers": [
    {
      "title": "MuLTa-Telegram: A Fine-Grained Italian and Polish Dataset for Hate Speech and Target Detection",
      "url": "https://scholar.google.com/citations?view_op=view_citation&hl=en&user=nUA11h4AAAAJ&citation_for_view=nUA11h4AAAAJ:qjMakFHDy7sC",
      "authors": "E Leonardelli, C Casula, S Vecellio Salto, JE Bak, E Muratore, A Kołos, ...",
      "venue": "Proceedings of the Eleventh Italian Conference on Computational Linguistics …, 2025",
      "year": 2025,
      "citations": 1
    },
    {
      "title": "Job Unfair: An Investigation of Gender and Occupational Bias in Free-Form Text Completions by LLMs",
      "url": "https://scholar.google.com/citations?view_op=view_citation&hl=en&user=nUA11h4AAAAJ&citation_for_view=nUA11h4AAAAJ:UeHWp8X0CEIC",
      "authors": "C Casula, S Vecellio Salto, E Leonardelli, S Tonelli",
      "venue": "Proceedings of the 2025 Conference on Empirical Methods in Natural Language …, 2025",
      "year": 2025,
      "citations": 0
    },
    {
      "title": "Delving into Qualitative Implications of Synthetic Data for Hate Speech Detection",
      "url": "https://scholar.google.com/citations?view_op=view_citation&hl=en&user=nUA11h4AAAAJ&citation_for_view=nUA11h4AAAAJ:u-x6o8ySG0sC",
      "authors": "C Casula, S Vecellio Salto, A Ramponi, S Tonelli",
      "venue": "Proceedings of the 2024 Conference on Empirical Methods in Natural Language …, 2024",
      "year": 2024,
      "citations": 5
    },
    {
      "title": "L'arte di contare i tempi: Prospettive sulla presenza",
      "url": "https://scholar.google.com/citations?view_op=view_citation&hl=en&user=nUA11h4AAAAJ&citation_for_view=nUA11h4AAAAJ:9yKSN-GCB0IC",
      "authors": "S Vecellio Salto",
      "venue": "Digiti. Rivista manoscritta, 37-42, 2024",
      "year": 2024,
      "citations": 0
    },
    {
      "title": "Pas de deux, fenomenologia del movimento reciproco",
      "url": "https://scholar.google.com/citations?view_op=view_citation&hl=en&user=nUA11h4AAAAJ&citation_for_view=nUA11h4AAAAJ:d1gkVwhDpl0C",
      "authors": "S Vecellio Salto",
      "venue": "Digiti. Rivista manoscritta, 44-49, 2023",
      "year": 2023,
      "citations": 0
    }
  ],
  "co_authors": []
}