{
  "author_info": {
    "name": "Song Park",
    "affiliation": "NAVER AI Lab",
    "email_verified": "Verified email at navercorp.com - Homepage",
    "website": "http://8uos.github.io/",
    "interests": [
      "Computer Vision"
    ],
    "photo_url": "https://scholar.googleusercontent.com/citations?view_op=view_photo&user=VR1c0H8AAAAJ&citpid=10"
  },
  "citation_stats": {
    "citations_all": 1465,
    "citations_since_2020": 1440,
    "h_index_all": 10,
    "h_index_since_2020": 10,
    "i10_index_all": 10,
    "i10_index_since_2020": 10,
    "citation_graph": [
      {
        "year": 2017,
        "citations": 2
      },
      {
        "year": 2018,
        "citations": 10
      },
      {
        "year": 2019,
        "citations": 13
      },
      {
        "year": 2020,
        "citations": 18
      },
      {
        "year": 2021,
        "citations": 25
      },
      {
        "year": 2022,
        "citations": 68
      },
      {
        "year": 2023,
        "citations": 77
      },
      {
        "year": 2024,
        "citations": 168
      },
      {
        "year": 2025,
        "citations": 304
      }
    ]
  },
  "papers": [
    {
      "title": "DNNs May Determine Major Properties of Their Outputs Early, with Timing Possibly Driven by Bias",
      "url": "https://scholar.google.com/citations?view_op=view_citation&hl=en&user=VR1c0H8AAAAJ&citation_for_view=VR1c0H8AAAAJ:eQOLeE2rZwMC",
      "authors": "S Park, S Chun, B Heo, D Han",
      "venue": "arXiv preprint arXiv:2502.08167, 2025",
      "year": 2025,
      "citations": 0
    },
    {
      "title": "Rotary position embedding for vision transformer",
      "url": "https://scholar.google.com/citations?view_op=view_citation&hl=en&user=VR1c0H8AAAAJ&citation_for_view=VR1c0H8AAAAJ:Y0pCki6q_DkC",
      "authors": "B Heo, S Park, D Han, S Yun",
      "venue": "European Conference on Computer Vision, 289-305, 2024",
      "year": 2024,
      "citations": 131
    },
    {
      "title": "Probabilistic language-image pre-training",
      "url": "https://scholar.google.com/citations?view_op=view_citation&hl=en&user=VR1c0H8AAAAJ&citation_for_view=VR1c0H8AAAAJ:YsMSGLbcyi4C",
      "authors": "S Chun, W Kim, S Park, S Yun",
      "venue": "arXiv preprint arXiv:2410.18857, 2024",
      "year": 2024,
      "citations": 12
    },
    {
      "title": "Similarity of neural architectures using adversarial attack transferability",
      "url": "https://scholar.google.com/citations?view_op=view_citation&hl=en&user=VR1c0H8AAAAJ&citation_for_view=VR1c0H8AAAAJ:W7OEmFMy1HYC",
      "authors": "J Hwang, D Han, B Heo, S Park, S Chun, JS Lee",
      "venue": "European Conference on Computer Vision, 106-126, 2024",
      "year": 2024,
      "citations": 4
    },
    {
      "title": "Seit: Storage-efficient vision training with tokens using 1% of pixel storage",
      "url": "https://scholar.google.com/citations?view_op=view_citation&hl=en&user=VR1c0H8AAAAJ&citation_for_view=VR1c0H8AAAAJ:IjCSPb-OGe4C",
      "authors": "S Park, S Chun, B Heo, W Kim, S Yun",
      "venue": "Proceedings of the IEEE/CVF International Conference on Computer Vision …, 2023",
      "year": 2023,
      "citations": 12
    },
    {
      "title": "SeiT++: Masked Token Modeling Improves Storage-efficient Training",
      "url": "https://scholar.google.com/citations?view_op=view_citation&hl=en&user=VR1c0H8AAAAJ&citation_for_view=VR1c0H8AAAAJ:Tyk-4Ss8FVUC",
      "authors": "M Lee, S Park, B Heo, D Han, H Shim",
      "venue": "arXiv preprint arXiv:2312.10105, 2023",
      "year": 2023,
      "citations": 2
    },
    {
      "title": "Few-shot font generation with weakly supervised localized representations",
      "url": "https://scholar.google.com/citations?view_op=view_citation&hl=en&user=VR1c0H8AAAAJ&citation_for_view=VR1c0H8AAAAJ:UeHWp8X0CEIC",
      "authors": "S Park, S Chun, J Cha, B Lee, H Shim",
      "venue": "IEEE transactions on pattern analysis and machine intelligence 46 (3), 1479-1495, 2022",
      "year": 2022,
      "citations": 303
    },
    {
      "title": "Eccv caption: Correcting false negatives by collecting machine-and-human-verified image-caption associations for ms-coco",
      "url": "https://scholar.google.com/citations?view_op=view_citation&hl=en&user=VR1c0H8AAAAJ&citation_for_view=VR1c0H8AAAAJ:qjMakFHDy7sC",
      "authors": "S Chun, W Kim, S Park, M Chang, SJ Oh",
      "venue": "European conference on computer vision, 1-19, 2022",
      "year": 2022,
      "citations": 62
    },
    {
      "title": "Similarity of neural architectures based on input gradient transferability",
      "url": "https://scholar.google.com/citations?view_op=view_citation&hl=en&user=VR1c0H8AAAAJ&citation_for_view=VR1c0H8AAAAJ:zYLM7Y9cAGgC",
      "authors": "J Hwang, D Han, B Heo, S Park, S Chun, JS Lee",
      "venue": "",
      "citations": 4,
      "year": 2022
    },
    {
      "title": "Multiple Heads are Better than One: Few-shot Font Generation with Multiple Localized Experts",
      "url": "https://scholar.google.com/citations?view_op=view_citation&hl=en&user=VR1c0H8AAAAJ&citation_for_view=VR1c0H8AAAAJ:9yKSN-GCB0IC",
      "authors": "S Park, S Chun, J Cha, B Lee, H Shim",
      "venue": "International Conference on Computer Vision (ICCV), 2021",
      "year": 2021,
      "citations": 408
    },
    {
      "title": "Few-shot font generation with localized style representations and factorization",
      "url": "https://scholar.google.com/citations?view_op=view_citation&hl=en&user=VR1c0H8AAAAJ&citation_for_view=VR1c0H8AAAAJ:d1gkVwhDpl0C",
      "authors": "S Park, S Chun, J Cha, B Lee, H Shim",
      "venue": "AAAI Conference on Artificial Intelligence, 2021",
      "year": 2021,
      "citations": 406
    },
    {
      "title": "Styleaugment: Learning texture de-biased representations by style augmentation without pre-defined textures",
      "url": "https://scholar.google.com/citations?view_op=view_citation&hl=en&user=VR1c0H8AAAAJ&citation_for_view=VR1c0H8AAAAJ:2osOgNQ5qMEC",
      "authors": "S Chun, S Park",
      "venue": "arXiv preprint arXiv:2108.10549, 2021",
      "year": 2021,
      "citations": 12
    },
    {
      "title": "Semantic-aware neural style transfer",
      "url": "https://scholar.google.com/citations?view_op=view_citation&hl=en&user=VR1c0H8AAAAJ&citation_for_view=VR1c0H8AAAAJ:u5HHmVD_uO8C",
      "authors": "JH Park, S Park, H Shim",
      "venue": "Image and Vision Computing 87, 13-23, 2019",
      "year": 2019,
      "citations": 21
    },
    {
      "title": "Face generation for low-shot learning using generative adversarial networks",
      "url": "https://scholar.google.com/citations?view_op=view_citation&hl=en&user=VR1c0H8AAAAJ&citation_for_view=VR1c0H8AAAAJ:u-x6o8ySG0sC",
      "authors": "J Choe, S Park, K Kim, J Hyun Park, D Kim, H Shim",
      "venue": "Proceedings of the IEEE international conference on computer vision …, 2017",
      "year": 2017,
      "citations": 88
    }
  ],
  "co_authors": [
    {
      "name": "Sanghyuk Chun",
      "scholar_id": "4_uj0xcAAAAJ",
      "url": "https://scholar.google.com/citations?user=4_uj0xcAAAAJ"
    },
    {
      "name": "Hyunjung Shim",
      "scholar_id": "KB5XZGIAAAAJ",
      "url": "https://scholar.google.com/citations?user=KB5XZGIAAAAJ"
    },
    {
      "name": "Junbum Cha",
      "scholar_id": "Py2gKnAAAAAJ",
      "url": "https://scholar.google.com/citations?user=Py2gKnAAAAAJ"
    },
    {
      "name": "Bado Lee",
      "scholar_id": "UAcfGOgAAAAJ",
      "url": "https://scholar.google.com/citations?user=UAcfGOgAAAAJ"
    },
    {
      "name": "Byeongho Heo",
      "scholar_id": "4_7rLDIAAAAJ",
      "url": "https://scholar.google.com/citations?user=4_7rLDIAAAAJ"
    },
    {
      "name": "Dongyoon Han",
      "scholar_id": "jcP7m1QAAAAJ",
      "url": "https://scholar.google.com/citations?user=jcP7m1QAAAAJ"
    },
    {
      "name": "Sangdoo Yun",
      "scholar_id": "o0qtjzYAAAAJ",
      "url": "https://scholar.google.com/citations?user=o0qtjzYAAAAJ"
    },
    {
      "name": "Wonjae Kim",
      "scholar_id": "UpZ41EwAAAAJ",
      "url": "https://scholar.google.com/citations?user=UpZ41EwAAAAJ"
    },
    {
      "name": "Jaehui Hwang",
      "scholar_id": "fkcKO4oAAAAJ",
      "url": "https://scholar.google.com/citations?user=fkcKO4oAAAAJ"
    },
    {
      "name": "Minhyun Lee",
      "scholar_id": "2hUlCnQAAAAJ",
      "url": "https://scholar.google.com/citations?user=2hUlCnQAAAAJ"
    }
  ]
}