{
  "author_info": {
    "name": "Ethan Turok",
    "affiliation": "Columbia University",
    "email_verified": "Verified email at columbia.edu - Homepage",
    "website": "https://eitanturok.github.io/",
    "interests": [
      "Computer Science"
    ],
    "photo_url": "https://scholar.googleusercontent.com/citations?view_op=view_photo&user=9b89t9AAAAAJ&citpid=2"
  },
  "citation_stats": {
    "citations_all": 42,
    "citations_since_2020": 42,
    "h_index_all": 3,
    "h_index_since_2020": 3,
    "i10_index_all": 1,
    "i10_index_since_2020": 1,
    "citation_graph": [
      {
        "year": 2023,
        "citations": 1
      },
      {
        "year": 2024,
        "citations": 22
      },
      {
        "year": 2025,
        "citations": 19
      }
    ]
  },
  "papers": [
    {
      "title": "Introducing DBRX: A New State-of-the-Art Open LLM",
      "url": "https://scholar.google.com/citations?view_op=view_citation&hl=en&user=9b89t9AAAAAJ&citation_for_view=9b89t9AAAAAJ:UeHWp8X0CEIC",
      "authors": "TMR Team",
      "venue": "",
      "citations": 29,
      "year": 2024
    },
    {
      "title": "Differential privacy under class imbalance: Methods and empirical insights",
      "url": "https://scholar.google.com/citations?view_op=view_citation&hl=en&user=9b89t9AAAAAJ&citation_for_view=9b89t9AAAAAJ:2osOgNQ5qMEC",
      "authors": "L Rosenblatt, Y Lut, E Turok, M Avella-Medina, R Cummings",
      "venue": "arXiv preprint arXiv:2411.05733, 2024",
      "year": 2024,
      "citations": 2
    },
    {
      "title": "Fast hyperboloid decision tree algorithms",
      "url": "https://scholar.google.com/citations?view_op=view_citation&hl=en&user=9b89t9AAAAAJ&citation_for_view=9b89t9AAAAAJ:d1gkVwhDpl0C",
      "authors": "P Chlenski, E Turok, A Moretti, I Pe'er",
      "venue": "arXiv preprint arXiv:2310.13841, 2023",
      "year": 2023,
      "citations": 5
    },
    {
      "title": "Tensor ranks and the fine-grained complexity of dynamic programming",
      "url": "https://scholar.google.com/citations?view_op=view_citation&hl=en&user=9b89t9AAAAAJ&citation_for_view=9b89t9AAAAAJ:u5HHmVD_uO8C",
      "authors": "J Alman, E Turok, H Yu, H Zhang",
      "venue": "arXiv preprint arXiv:2309.04683, 2023",
      "year": 2023,
      "citations": 5
    },
    {
      "title": "RecursionVisualizer: Teaching Dynamic Programming with Visualizations",
      "url": "https://scholar.google.com/citations?view_op=view_citation&hl=en&user=9b89t9AAAAAJ&citation_for_view=9b89t9AAAAAJ:u-x6o8ySG0sC",
      "authors": "E Turok",
      "venue": "Proceedings of the 54th ACM Technical Symposium on Computer Science …, 2022",
      "year": 2022,
      "citations": 1
    }
  ],
  "co_authors": []
}