{
  "author_info": {
    "name": "Zhiqi Li",
    "affiliation": "NVIDIA | Nanjing University",
    "email_verified": "Verified email at smail.nju.edu.cn - Homepage",
    "website": "https://zhiqi-li.github.io/",
    "interests": [
      "computer vision"
    ],
    "photo_url": "https://scholar.googleusercontent.com/citations?view_op=view_photo&user=H2fJLqEAAAAJ&citpid=3"
  },
  "citation_stats": {
    "citations_all": 5233,
    "citations_since_2020": 5230,
    "h_index_all": 15,
    "h_index_since_2020": 15,
    "i10_index_all": 16,
    "i10_index_since_2020": 16,
    "citation_graph": [
      {
        "year": 2022,
        "citations": 37
      },
      {
        "year": 2023,
        "citations": 691
      },
      {
        "year": 2024,
        "citations": 1846
      },
      {
        "year": 2025,
        "citations": 2571
      }
    ]
  },
  "papers": [
    {
      "title": "Gr00t n1: An open foundation model for generalist humanoid robots",
      "url": "https://scholar.google.com/citations?view_op=view_citation&hl=en&user=H2fJLqEAAAAJ&citation_for_view=H2fJLqEAAAAJ:Wp0gIr-vW9MC",
      "authors": "J Bjorck, F Castañeda, N Cherniadev, X Da, R Ding, L Fan, Y Fang, D Fox, ...",
      "venue": "arXiv preprint arXiv:2503.14734, 2025",
      "year": 2025,
      "citations": 212
    },
    {
      "title": "Eagle 2: Building post-training data strategies from scratch for frontier vision-language models",
      "url": "https://scholar.google.com/citations?view_op=view_citation&hl=en&user=H2fJLqEAAAAJ&citation_for_view=H2fJLqEAAAAJ:M3ejUd6NZC8C",
      "authors": "Z Li, G Chen, S Liu, S Wang, V VS, Y Ji, S Lan, H Zhang, Y Zhao, ...",
      "venue": "arXiv preprint arXiv:2501.14818, 2025",
      "year": 2025,
      "citations": 38
    },
    {
      "title": "Eagle 2.5: Boosting long-context post-training for frontier vision-language models",
      "url": "https://scholar.google.com/citations?view_op=view_citation&hl=en&user=H2fJLqEAAAAJ&citation_for_view=H2fJLqEAAAAJ:9ZlFYXVOiuMC",
      "authors": "G Chen, Z Li, S Wang, J Jiang, Y Liu, L Lu, DA Huang, W Byeon, M Le, ...",
      "venue": "arXiv preprint arXiv:2504.15271, 2025",
      "year": 2025,
      "citations": 22
    },
    {
      "title": "Token-efficient long video understanding for multimodal llms",
      "url": "https://scholar.google.com/citations?view_op=view_citation&hl=en&user=H2fJLqEAAAAJ&citation_for_view=H2fJLqEAAAAJ:4DMP91E08xMC",
      "authors": "J Jiang, X Li, Z Liu, M Li, G Chen, Z Li, DA Huang, G Liu, Z Yu, K Keutzer, ...",
      "venue": "arXiv preprint arXiv:2503.04130, 2025",
      "year": 2025,
      "citations": 8
    },
    {
      "title": "Cogen: 3d consistent video generation via adaptive conditioning for autonomous driving",
      "url": "https://scholar.google.com/citations?view_op=view_citation&hl=en&user=H2fJLqEAAAAJ&citation_for_view=H2fJLqEAAAAJ:mVmsd5A6BfQC",
      "authors": "Y Ji, Z Zhu, Z Zhu, K Xiong, M Lu, Z Li, L Zhou, H Sun, B Wang, T Lu",
      "venue": "arXiv preprint arXiv:2503.22231, 2025",
      "year": 2025,
      "citations": 5
    },
    {
      "title": "Nvidia nemotron nano v2 vl",
      "url": "https://scholar.google.com/citations?view_op=view_citation&hl=en&user=H2fJLqEAAAAJ&citation_for_view=H2fJLqEAAAAJ:dhFuZR0502QC",
      "authors": "AS Deshmukh, K Chumachenko, T Rintamaki, M Le, T Poon, DM Taheri, ...",
      "venue": "arXiv preprint arXiv:2511.03929, 2025",
      "year": 2025,
      "citations": 1
    },
    {
      "title": "Efficient Deformable ConvNets: Rethinking Dynamic and Sparse Operator for Vision Applications",
      "url": "https://scholar.google.com/citations?view_op=view_citation&hl=en&user=H2fJLqEAAAAJ&citation_for_view=H2fJLqEAAAAJ:UebtZRa9Y70C",
      "authors": "Y Xiong, Z Li, Y Chen, F Wang, X Zhu, J Luo, W Wang, T Lu, H Li, Y Qiao, ...",
      "venue": "IEEE/CVF Conference on Computer Vision and Pattern Recognition (CVPR), 2024",
      "year": 2024,
      "citations": 192
    },
    {
      "title": "Video mamba suite: State space model as a versatile alternative for video understanding",
      "url": "https://scholar.google.com/citations?view_op=view_citation&hl=en&user=H2fJLqEAAAAJ&citation_for_view=H2fJLqEAAAAJ:5nxA0vEk-isC",
      "authors": "G Chen, Y Huang, J Xu, B Pei, Z Chen, Z Li, J Wang, K Li, T Lu, L Wang",
      "venue": "arXiv preprint arXiv:2403.09626, 2024",
      "year": 2024,
      "citations": 143
    },
    {
      "title": "Hydra-mdp: End-to-end multimodal planning with multi-target hydra-distillation",
      "url": "https://scholar.google.com/citations?view_op=view_citation&hl=en&user=H2fJLqEAAAAJ&citation_for_view=H2fJLqEAAAAJ:KlAtU1dfN6UC",
      "authors": "Z Li, K Li, S Wang, S Lan, Z Yu, Y Ji, Z Li, Z Zhu, J Kautz, Z Wu, YG Jiang, ...",
      "venue": "arXiv preprint arXiv:2406.06978, 2024",
      "year": 2024,
      "citations": 95
    },
    {
      "title": "Driving with internvl: Oustanding champion in the track on driving with language of the autonomous grand challenge at cvpr 2024",
      "url": "https://scholar.google.com/citations?view_op=view_citation&hl=en&user=H2fJLqEAAAAJ&citation_for_view=H2fJLqEAAAAJ:_kc_bZDykSQC",
      "authors": "J Li, Z Li, T Lu",
      "venue": "arXiv preprint arXiv:2412.07247, 2024",
      "year": 2024,
      "citations": 2
    },
    {
      "title": "Internimage: Exploring large-scale vision foundation models with deformable convolutions",
      "url": "https://scholar.google.com/citations?view_op=view_citation&hl=en&user=H2fJLqEAAAAJ&citation_for_view=H2fJLqEAAAAJ:Tyk-4Ss8FVUC",
      "authors": "W Wang, J Dai, Z Chen, Z Huang, Z Li, X Zhu, X Hu, T Lu, L Lu, H Li, ...",
      "venue": "Proceedings of the IEEE/CVF conference on computer vision and pattern …, 2023",
      "year": 2023,
      "citations": 1290
    },
    {
      "title": "Delving into the devils of bird’s-eye-view perception: A review, evaluation and recipe",
      "url": "https://scholar.google.com/citations?view_op=view_citation&hl=en&user=H2fJLqEAAAAJ&citation_for_view=H2fJLqEAAAAJ:UeHWp8X0CEIC",
      "authors": "H Li, C Sima, J Dai, W Wang, L Lu, H Wang, J Zeng, Z Li, J Yang, H Deng, ...",
      "venue": "IEEE Transactions on Pattern Analysis and Machine Intelligence 46 (4), 2151-2170, 2023",
      "year": 2023,
      "citations": 226
    },
    {
      "title": "Drivemlm: Aligning multi-modal large language models with behavioral planning states for autonomous driving",
      "url": "https://scholar.google.com/citations?view_op=view_citation&hl=en&user=H2fJLqEAAAAJ&citation_for_view=H2fJLqEAAAAJ:Se3iqnhoufwC",
      "authors": "W Wang, J Xie, CY Hu, H Zou, J Fan, W Tong, Y Wen, S Wu, H Deng, Z Li, ...",
      "venue": "arXiv preprint arXiv:2312.09245, 2023",
      "year": 2023,
      "citations": 203
    },
    {
      "title": "Is Ego Status All You Need for Open-Loop End-to-End Autonomous Driving?",
      "url": "https://scholar.google.com/citations?view_op=view_citation&hl=en&user=H2fJLqEAAAAJ&citation_for_view=H2fJLqEAAAAJ:roLk4NBRz8UC",
      "authors": "Z Li, Z Yu, S Lan, J Li, J Kautz, T Lu, JM Alvarez",
      "venue": "IEEE/CVF Conference on Computer Vision and Pattern Recognition (CVPR), 2023",
      "year": 2023,
      "citations": 156
    },
    {
      "title": "Fb-occ: 3d occupancy prediction based on forward-backward view transformation",
      "url": "https://scholar.google.com/citations?view_op=view_citation&hl=en&user=H2fJLqEAAAAJ&citation_for_view=H2fJLqEAAAAJ:ufrVoPGSRksC",
      "authors": "Z Li, Z Yu, D Austin, M Fang, S Lan, J Kautz, JM Alvarez",
      "venue": "arXiv preprint arXiv:2307.01492, 2023",
      "year": 2023,
      "citations": 156
    },
    {
      "title": "FB-BEV: BEV Representation from Forward-Backward View Transformations",
      "url": "https://scholar.google.com/citations?view_op=view_citation&hl=en&user=H2fJLqEAAAAJ&citation_for_view=H2fJLqEAAAAJ:_FxGoFyzp5QC",
      "authors": "Z Li, Z Yu, W Wang, A Anandkumar, T Lu, JM Alvarez",
      "venue": "ICCV 2023, 2023",
      "year": 2023,
      "citations": 140
    },
    {
      "title": "Leveraging vision-centric multi-modal expertise for 3d object detection",
      "url": "https://scholar.google.com/citations?view_op=view_citation&hl=en&user=H2fJLqEAAAAJ&citation_for_view=H2fJLqEAAAAJ:LkGwnXOMwfcC",
      "authors": "L Huang, Z Li, C Sima, W Wang, J Wang, Y Qiao, H Li",
      "venue": "Advances in Neural Information Processing Systems 36, 38504-38519, 2023",
      "year": 2023,
      "citations": 27
    },
    {
      "title": "BEVFormer: Learning Bird's-Eye-View Representation from Multi-Camera Images via Spatiotemporal Transformers",
      "url": "https://scholar.google.com/citations?view_op=view_citation&hl=en&user=H2fJLqEAAAAJ&citation_for_view=H2fJLqEAAAAJ:2osOgNQ5qMEC",
      "authors": "Z Li, W Wang, H Li, E Xie, C Sima, T Lu, Q Yu, J Dai",
      "venue": "European Conference on Computer Vision (ECCV), 2022",
      "year": 2022,
      "citations": 2063
    },
    {
      "title": "Panoptic SegFormer: Delving Deeper into Panoptic Segmentation with Transformers",
      "url": "https://scholar.google.com/citations?view_op=view_citation&hl=en&user=H2fJLqEAAAAJ&citation_for_view=H2fJLqEAAAAJ:u-x6o8ySG0sC",
      "authors": "Z Li, W Wang, E Xie, Z Yu, A Anandkumar, JM Alvarez, T Lu, P Luo",
      "venue": "IEEE Conference on Computer Vision and Pattern Recognition (CVPR), 2022",
      "year": 2022,
      "citations": 241
    },
    {
      "title": "An introduction of mini-alphastar",
      "url": "https://scholar.google.com/citations?view_op=view_citation&hl=en&user=H2fJLqEAAAAJ&citation_for_view=H2fJLqEAAAAJ:IjCSPb-OGe4C",
      "authors": "RZ Liu, W Wang, Y Shen, Z Li, Y Yu, T Lu",
      "venue": "arXiv preprint arXiv:2104.06890, 2021",
      "year": 2021,
      "citations": 12
    }
  ],
  "co_authors": [
    {
      "name": "Wenhai Wang (王文海)",
      "scholar_id": "WM0OglcAAAAJ",
      "url": "https://scholar.google.com/citations?user=WM0OglcAAAAJ"
    },
    {
      "name": "Jifeng Dai",
      "scholar_id": "SH_-B_AAAAAJ",
      "url": "https://scholar.google.com/citations?user=SH_-B_AAAAAJ"
    },
    {
      "name": "Zhiding Yu",
      "scholar_id": "1VI_oYUAAAAJ",
      "url": "https://scholar.google.com/citations?user=1VI_oYUAAAAJ"
    },
    {
      "name": "Enze Xie",
      "scholar_id": "42MVVPgAAAAJ",
      "url": "https://scholar.google.com/citations?user=42MVVPgAAAAJ"
    },
    {
      "name": "Hongyang Li",
      "scholar_id": "Hfrih1EAAAAJ",
      "url": "https://scholar.google.com/citations?user=Hfrih1EAAAAJ"
    },
    {
      "name": "Chonghao Sima",
      "scholar_id": "dgYJ6esAAAAJ",
      "url": "https://scholar.google.com/citations?user=dgYJ6esAAAAJ"
    },
    {
      "name": "Zhe Chen",
      "scholar_id": "j1rq_lYAAAAJ",
      "url": "https://scholar.google.com/citations?user=j1rq_lYAAAAJ"
    },
    {
      "name": "Jose M. Alvarez",
      "scholar_id": "Oyx-_UIAAAAJ",
      "url": "https://scholar.google.com/citations?user=Oyx-_UIAAAAJ"
    },
    {
      "name": "Jan Kautz",
      "scholar_id": "P9FclNEAAAAJ",
      "url": "https://scholar.google.com/citations?user=P9FclNEAAAAJ"
    },
    {
      "name": "Shiyi Lan",
      "scholar_id": "jIUI6F4AAAAJ",
      "url": "https://scholar.google.com/citations?user=jIUI6F4AAAAJ"
    },
    {
      "name": "Guo Chen",
      "scholar_id": "lRj3moAAAAAJ",
      "url": "https://scholar.google.com/citations?user=lRj3moAAAAAJ"
    },
    {
      "name": "Shihao Wang",
      "scholar_id": "7TWugs4AAAAJ",
      "url": "https://scholar.google.com/citations?user=7TWugs4AAAAJ"
    },
    {
      "name": "Ping Luo (羅平)",
      "scholar_id": "aXdjxb4AAAAJ",
      "url": "https://scholar.google.com/citations?user=aXdjxb4AAAAJ"
    },
    {
      "name": "De-An Huang",
      "scholar_id": "HEY3UzgAAAAJ",
      "url": "https://scholar.google.com/citations?user=HEY3UzgAAAAJ"
    },
    {
      "name": "Jindong Jiang",
      "scholar_id": "6oo8xOQAAAAJ",
      "url": "https://scholar.google.com/citations?user=6oo8xOQAAAAJ"
    },
    {
      "name": "Guilin Liu",
      "scholar_id": "zOQj6-gAAAAJ",
      "url": "https://scholar.google.com/citations?user=zOQj6-gAAAAJ"
    },
    {
      "name": "Tong Lu",
      "scholar_id": "mgqhQGkAAAAJ",
      "url": "https://scholar.google.com/citations?user=mgqhQGkAAAAJ"
    },
    {
      "name": "Linxi \"Jim\" Fan",
      "scholar_id": "sljtWIUAAAAJ",
      "url": "https://scholar.google.com/citations?user=sljtWIUAAAAJ"
    }
  ]
}