{
  "author_info": {
    "name": "Nabeel Hingun",
    "affiliation": "University of California Berkeley",
    "email_verified": "Verified email at berkeley.edu",
    "interests": [],
    "photo_url": "/citations/images/avatar_scholar_128.png"
  },
  "citation_stats": {
    "citations_all": 82,
    "citations_since_2020": 82,
    "h_index_all": 2,
    "h_index_since_2020": 2,
    "i10_index_all": 2,
    "i10_index_since_2020": 2,
    "citation_graph": [
      {
        "year": 2021,
        "citations": 1
      },
      {
        "year": 2022,
        "citations": 16
      },
      {
        "year": 2023,
        "citations": 14
      },
      {
        "year": 2024,
        "citations": 26
      },
      {
        "year": 2025,
        "citations": 24
      }
    ]
  },
  "papers": [
    {
      "title": "REAP: A large-scale realistic adversarial patch benchmark",
      "url": "https://scholar.google.com/citations?view_op=view_citation&hl=en&user=tzqeiKYAAAAJ&citation_for_view=tzqeiKYAAAAJ:u-x6o8ySG0sC",
      "authors": "N Hingun, C Sitawarin, J Li, D Wagner",
      "venue": "Proceedings of the IEEE/CVF International Conference on Computer Vision …, 2023",
      "year": 2023,
      "citations": 28
    },
    {
      "title": "Scaling Part Models: Challenges and Solutions for Robustness on Large Datasets",
      "url": "https://scholar.google.com/citations?view_op=view_citation&hl=en&user=tzqeiKYAAAAJ&citation_for_view=tzqeiKYAAAAJ:d1gkVwhDpl0C",
      "authors": "N Hingun, DA Wagner",
      "venue": "",
      "citations": 0,
      "year": 2023
    },
    {
      "title": "Evading adversarial example detection defenses with orthogonal projected gradient descent",
      "url": "https://scholar.google.com/citations?view_op=view_citation&hl=en&user=tzqeiKYAAAAJ&citation_for_view=tzqeiKYAAAAJ:u5HHmVD_uO8C",
      "authors": "O Bryniarski, N Hingun, P Pachuca, V Wang, N Carlini",
      "venue": "arXiv preprint arXiv:2106.15023, 2021",
      "year": 2021,
      "citations": 54
    }
  ],
  "co_authors": []
}