{
  "author_info": {
    "name": "Nick Antipa",
    "affiliation": "University of California San Diego",
    "email_verified": "Verified email at eng.ucsd.edu",
    "interests": [
      "Computational imaging",
      "optics"
    ],
    "photo_url": "https://scholar.googleusercontent.com/citations?view_op=view_photo&user=15xSd1gAAAAJ&citpid=1"
  },
  "citation_stats": {
    "citations_all": 3817,
    "citations_since_2020": 3118,
    "h_index_all": 17,
    "h_index_since_2020": 16,
    "i10_index_all": 24,
    "i10_index_since_2020": 21,
    "citation_graph": [
      {
        "year": 2014,
        "citations": 28
      },
      {
        "year": 2015,
        "citations": 64
      },
      {
        "year": 2016,
        "citations": 106
      },
      {
        "year": 2017,
        "citations": 117
      },
      {
        "year": 2018,
        "citations": 175
      },
      {
        "year": 2019,
        "citations": 182
      },
      {
        "year": 2020,
        "citations": 359
      },
      {
        "year": 2021,
        "citations": 303
      },
      {
        "year": 2022,
        "citations": 411
      },
      {
        "year": 2023,
        "citations": 515
      },
      {
        "year": 2024,
        "citations": 777
      },
      {
        "year": 2025,
        "citations": 749
      }
    ]
  },
  "papers": [
    {
      "title": "Achievement of target gain larger than unity in an inertial fusion experiment",
      "url": "https://scholar.google.com/citations?view_op=view_citation&hl=en&user=15xSd1gAAAAJ&citation_for_view=15xSd1gAAAAJ:J_g5lzvAfSwC",
      "authors": "H Abu-Shawareb, R Acree, P Adams, J Adams, B Addis, R Aden, P Adrian, ...",
      "venue": "Physical review letters 132 (6), 065102, 2024",
      "year": 2024,
      "citations": 376
    },
    {
      "title": "Ultra-low-cost mechanical smartphone attachment for no-calibration blood pressure measurement",
      "url": "https://scholar.google.com/citations?view_op=view_citation&hl=en&user=15xSd1gAAAAJ&citation_for_view=15xSd1gAAAAJ:ns9cj8rnVeAC",
      "authors": "Y Xuan, C Barry, J De Souza, JH Wen, N Antipa, AA Moore, EJ Wang",
      "venue": "Scientific reports 13 (1), 8105, 2023",
      "year": 2023,
      "citations": 19
    },
    {
      "title": "Lawson criterion for ignition exceeded in an inertial fusion experiment",
      "url": "https://scholar.google.com/citations?view_op=view_citation&hl=en&user=15xSd1gAAAAJ&citation_for_view=15xSd1gAAAAJ:YFjsv_pBGBYC",
      "authors": "H Abu-Shawareb, R Acree, P Adams, J Adams, B Addis, R Aden, P Adrian, ...",
      "venue": "Physical review letters 129 (7), 075001, 2022",
      "year": 2022,
      "citations": 547
    },
    {
      "title": "Unrolled primal-dual networks for lensless cameras",
      "url": "https://scholar.google.com/citations?view_op=view_citation&hl=en&user=15xSd1gAAAAJ&citation_for_view=15xSd1gAAAAJ:hMod-77fHWUC",
      "authors": "O Kingshott, N Antipa, E Bostan, K Akşit",
      "venue": "Optics Express 30 (26), 46324-46335, 2022",
      "year": 2022,
      "citations": 23
    },
    {
      "title": "Miniscope3D: optimized single-shot miniature 3D fluorescence microscopy",
      "url": "https://scholar.google.com/citations?view_op=view_citation&hl=en&user=15xSd1gAAAAJ&citation_for_view=15xSd1gAAAAJ:aqlVkmm33-oC",
      "authors": "K Yanny, N Antipa, W Liberti, S Dehaeck, K Monakhova, FL Liu, K Shen, ...",
      "venue": "Light: Science & Applications 9 (1), 171, 2020",
      "year": 2020,
      "citations": 181
    },
    {
      "title": "Fourier DiffuserScope: single-shot 3D Fourier light field microscopy with a diffuser",
      "url": "https://scholar.google.com/citations?view_op=view_citation&hl=en&user=15xSd1gAAAAJ&citation_for_view=15xSd1gAAAAJ:M3ejUd6NZC8C",
      "authors": "F Linda Liu, G Kuo, N Antipa, K Yanny, L Waller",
      "venue": "Optics Express 28 (20), 28969-28986, 2020",
      "year": 2020,
      "citations": 84
    },
    {
      "title": "A micromirror array with annular partitioning for high-speed random-access axial focusing",
      "url": "https://scholar.google.com/citations?view_op=view_citation&hl=en&user=15xSd1gAAAAJ&citation_for_view=15xSd1gAAAAJ:_kc_bZDykSQC",
      "authors": "NT Ersumo, C Yalcin, N Antipa, N Pégard, L Waller, D Lopez, R Muller",
      "venue": "Light: Science & Applications 9 (1), 183, 2020",
      "year": 2020,
      "citations": 44
    },
    {
      "title": "Learned reconstructions for practical mask-based lensless imaging",
      "url": "https://scholar.google.com/citations?view_op=view_citation&hl=en&user=15xSd1gAAAAJ&citation_for_view=15xSd1gAAAAJ:Zph67rFs4hoC",
      "authors": "K Monakhova, J Yurtsever, G Kuo, N Antipa, K Yanny, L Waller",
      "venue": "Optics express 27 (20), 28075-28090, 2019",
      "year": 2019,
      "citations": 202
    },
    {
      "title": "Video from stills: Lensless imaging with rolling shutter",
      "url": "https://scholar.google.com/citations?view_op=view_citation&hl=en&user=15xSd1gAAAAJ&citation_for_view=15xSd1gAAAAJ:kNdYIx-mwKoC",
      "authors": "N Antipa, P Oare, E Bostan, R Ng, L Waller",
      "venue": "2019 IEEE International Conference on Computational Photography (ICCP), 1-8, 2019",
      "year": 2019,
      "citations": 97
    },
    {
      "title": "Miniature 3D fluorescence microscope using random microlenses",
      "url": "https://scholar.google.com/citations?view_op=view_citation&hl=en&user=15xSd1gAAAAJ&citation_for_view=15xSd1gAAAAJ:MXK_kJrjxJIC",
      "authors": "K Yanny, N Antipa, R Ng, L Waller",
      "venue": "Optics and the Brain, BT3A. 4, 2019",
      "year": 2019,
      "citations": 17
    },
    {
      "title": "Single-shot 3D fluorescence microscopy with Fourier DiffuserCam",
      "url": "https://scholar.google.com/citations?view_op=view_citation&hl=en&user=15xSd1gAAAAJ&citation_for_view=15xSd1gAAAAJ:3fE2CSJIrl8C",
      "authors": "FL Liu, V Madhavan, N Antipa, G Kuo, S Kato, L Waller",
      "venue": "Novel Techniques in Microscopy, NS2B. 3, 2019",
      "year": 2019,
      "citations": 13
    },
    {
      "title": "3d fluorescence microscopy with diffusercam",
      "url": "https://scholar.google.com/citations?view_op=view_citation&hl=en&user=15xSd1gAAAAJ&citation_for_view=15xSd1gAAAAJ:hqOjcs7Dif8C",
      "authors": "G Kuo, N Antipa, R Ng, L Waller",
      "venue": "Computational Optical Sensing and Imaging, CM3E. 3, 2018",
      "year": 2018,
      "citations": 19
    },
    {
      "title": "DiffuserCam: lensless single-exposure 3D imaging",
      "url": "https://scholar.google.com/citations?view_op=view_citation&hl=en&user=15xSd1gAAAAJ&citation_for_view=15xSd1gAAAAJ:Se3iqnhoufwC",
      "authors": "N Antipa, G Kuo, R Heckel, B Mildenhall, E Bostan, R Ng, L Waller",
      "venue": "Optica 5 (1), 1-9, 2017",
      "year": 2017,
      "citations": 726
    },
    {
      "title": "DiffuserCam: diffuser-based lensless cameras",
      "url": "https://scholar.google.com/citations?view_op=view_citation&hl=en&user=15xSd1gAAAAJ&citation_for_view=15xSd1gAAAAJ:LkGwnXOMwfcC",
      "authors": "G Kuo, N Antipa, R Ng, L Waller",
      "venue": "Computational Optical Sensing and Imaging, CTu3B. 2, 2017",
      "year": 2017,
      "citations": 48
    },
    {
      "title": "Compressive light-field microscopy for 3D neural activity recording",
      "url": "https://scholar.google.com/citations?view_op=view_citation&hl=en&user=15xSd1gAAAAJ&citation_for_view=15xSd1gAAAAJ:u-x6o8ySG0sC",
      "authors": "NC Pégard, HY Liu, N Antipa, M Gerlock, H Adesnik, L Waller",
      "venue": "Optica 3 (5), 517-524, 2016",
      "year": 2016,
      "citations": 237
    },
    {
      "title": "Single-shot diffuser-encoded light field imaging",
      "url": "https://scholar.google.com/citations?view_op=view_citation&hl=en&user=15xSd1gAAAAJ&citation_for_view=15xSd1gAAAAJ:qjMakFHDy7sC",
      "authors": "N Antipa, S Necula, R Ng, L Waller",
      "venue": "2016 IEEE International Conference on Computational Photography (ICCP), 1-11, 2016",
      "year": 2016,
      "citations": 88
    },
    {
      "title": "Target development for the national ignition campaign",
      "url": "https://scholar.google.com/citations?view_op=view_citation&hl=en&user=15xSd1gAAAAJ&citation_for_view=15xSd1gAAAAJ:Y0pCki6q_DkC",
      "authors": "AV Hamza, A Nikroo, E Alger, N Antipa, LJ Atherton, D Barker, ...",
      "venue": "Fusion Science and Technology 69 (1), 395-406, 2016",
      "year": 2016,
      "citations": 41
    },
    {
      "title": "Automation of NIF target characterization and laser ablation of domes using the 4pi system",
      "url": "https://scholar.google.com/citations?view_op=view_citation&hl=en&user=15xSd1gAAAAJ&citation_for_view=15xSd1gAAAAJ:IjCSPb-OGe4C",
      "authors": "LC Carlson, EL Alfonso, H Huang, A Nikroo, ME Schoff, MN Emerich, ...",
      "venue": "Fusion Science and Technology 67 (4), 762-770, 2015",
      "year": 2015,
      "citations": 13
    },
    {
      "title": "Review of the national ignition campaign 2009-2012",
      "url": "https://scholar.google.com/citations?view_op=view_citation&hl=en&user=15xSd1gAAAAJ&citation_for_view=15xSd1gAAAAJ:UebtZRa9Y70C",
      "authors": "J Lindl, O Landen, J Edwards, E Moses, NIC team",
      "venue": "Physics of Plasmas 21 (2), 2014",
      "year": 2014,
      "citations": 885
    },
    {
      "title": "Automated ICF capsule characterization using confocal surface profilometry",
      "url": "https://scholar.google.com/citations?view_op=view_citation&hl=en&user=15xSd1gAAAAJ&citation_for_view=15xSd1gAAAAJ:zYLM7Y9cAGgC",
      "authors": "NA Antipa, SH Baxamusa, ES Buice, AD Conder, MN Emerich, MS Flegel, ...",
      "venue": "Fusion Science and Technology 63 (2), 151-159, 2013",
      "year": 2013,
      "citations": 29
    }
  ],
  "co_authors": [
    {
      "name": "Ren Ng",
      "scholar_id": "6H0mhLUAAAAJ",
      "url": "https://scholar.google.com/citations?user=6H0mhLUAAAAJ"
    },
    {
      "name": "Grace Kuo",
      "scholar_id": "ZIddYEgAAAAJ",
      "url": "https://scholar.google.com/citations?user=ZIddYEgAAAAJ"
    },
    {
      "name": "Kristina Monakhova",
      "scholar_id": "X71o1ykAAAAJ",
      "url": "https://scholar.google.com/citations?user=X71o1ykAAAAJ"
    },
    {
      "name": "Nicolas C. Pégard",
      "scholar_id": "hbHRK9wAAAAJ",
      "url": "https://scholar.google.com/citations?user=hbHRK9wAAAAJ"
    },
    {
      "name": "Emrah Bostan",
      "scholar_id": "chP1Vc0AAAAJ",
      "url": "https://scholar.google.com/citations?user=chP1Vc0AAAAJ"
    },
    {
      "name": "Hillel Adesnik",
      "scholar_id": "E0A-ipsAAAAJ",
      "url": "https://scholar.google.com/citations?user=E0A-ipsAAAAJ"
    },
    {
      "name": "Hsiou-Yuan Liu",
      "scholar_id": "1dxAw1cAAAAJ",
      "url": "https://scholar.google.com/citations?user=1dxAw1cAAAAJ"
    },
    {
      "name": "Reinhard Heckel",
      "scholar_id": "ZWV0I7cAAAAJ",
      "url": "https://scholar.google.com/citations?user=ZWV0I7cAAAAJ"
    },
    {
      "name": "Ben Mildenhall",
      "scholar_id": "NozIDL8AAAAJ",
      "url": "https://scholar.google.com/citations?user=NozIDL8AAAAJ"
    },
    {
      "name": "Salmaan Baxamusa",
      "scholar_id": "uxIDhT8AAAAJ",
      "url": "https://scholar.google.com/citations?user=uxIDhT8AAAAJ"
    }
  ]
}