{
  "author_info": {
    "name": "Yi-Lin Sung",
    "affiliation": "UNC Chapel Hill",
    "email_verified": "Verified email at cs.unc.edu - Homepage",
    "website": "https://ylsung.github.io/",
    "interests": [
      "Deep Learning",
      "Multi-Modal Learning",
      "Parameter-Efficient Training"
    ],
    "photo_url": "https://scholar.googleusercontent.com/citations?view_op=view_photo&user=aW2XnF0AAAAJ&citpid=1"
  },
  "citation_stats": {
    "citations_all": 1576,
    "citations_since_2020": 1574,
    "h_index_all": 10,
    "h_index_since_2020": 10,
    "i10_index_all": 11,
    "i10_index_since_2020": 11,
    "citation_graph": [
      {
        "year": 2022,
        "citations": 53
      },
      {
        "year": 2023,
        "citations": 288
      },
      {
        "year": 2024,
        "citations": 600
      },
      {
        "year": 2025,
        "citations": 622
      }
    ]
  },
  "papers": [
    {
      "title": "Dam: Dynamic adapter merging for continual video qa learning",
      "url": "https://scholar.google.com/citations?view_op=view_citation&hl=en&user=aW2XnF0AAAAJ&citation_for_view=aW2XnF0AAAAJ:_FxGoFyzp5QC",
      "authors": "F Cheng, Z Wang, YL Sung, YB Lin, M Bansal, G Bertasius",
      "venue": "2025 IEEE/CVF Winter Conference on Applications of Computer Vision (WACV …, 2025",
      "year": 2025,
      "citations": 13
    },
    {
      "title": "RSQ: Learning from Important Tokens Leads to Better Quantized LLMs",
      "url": "https://scholar.google.com/citations?view_op=view_citation&hl=en&user=aW2XnF0AAAAJ&citation_for_view=aW2XnF0AAAAJ:Se3iqnhoufwC",
      "authors": "YL Sung, P Yadav, J Li, J Yoon, M Bansal",
      "venue": "arXiv preprint arXiv:2503.01820, 2025",
      "year": 2025,
      "citations": 3
    },
    {
      "title": "Glider: Global and local instruction-driven expert router",
      "url": "https://scholar.google.com/citations?view_op=view_citation&hl=en&user=aW2XnF0AAAAJ&citation_for_view=aW2XnF0AAAAJ:LkGwnXOMwfcC",
      "authors": "P Li, P Yadav, J Yoon, J Peng, YL Sung, M Bansal, T Chen",
      "venue": "Proceedings of the 2025 Conference on Empirical Methods in Natural Language …, 2025",
      "year": 2025,
      "citations": 2
    },
    {
      "title": "LoRA Merging with SVD: Understanding Interference and Preserving Performance",
      "url": "https://scholar.google.com/citations?view_op=view_citation&hl=en&user=aW2XnF0AAAAJ&citation_for_view=aW2XnF0AAAAJ:hqOjcs7Dif8C",
      "authors": "D Tang, P Yadav, YL Sung, J Yoon, M Bansal",
      "venue": "ICML 2025 Workshop on Reliable and Responsible Foundation Models, 0",
      "year": 2025,
      "citations": 1
    },
    {
      "title": "Task-Circuit Quantization: Leveraging Knowledge Localization and Interpretability for Compression",
      "url": "https://scholar.google.com/citations?view_op=view_citation&hl=en&user=aW2XnF0AAAAJ&citation_for_view=aW2XnF0AAAAJ:UebtZRa9Y70C",
      "authors": "H Xiao, YL Sung, E Stengel-Eskin, M Bansal",
      "venue": "arXiv preprint arXiv:2504.07389, 2025",
      "year": 2025,
      "citations": 0
    },
    {
      "title": "Efficient Fine-Tuning for Language and Multimodal Models",
      "url": "https://scholar.google.com/citations?view_op=view_citation&hl=en&user=aW2XnF0AAAAJ&citation_for_view=aW2XnF0AAAAJ:0EnyYjriUFMC",
      "authors": "YL Sung",
      "venue": "The University of North Carolina at Chapel Hill, 2025",
      "year": 2025,
      "citations": 0
    },
    {
      "title": "Selma: Learning and merging skill-specific text-to-image experts with auto-generated data",
      "url": "https://scholar.google.com/citations?view_op=view_citation&hl=en&user=aW2XnF0AAAAJ&citation_for_view=aW2XnF0AAAAJ:ufrVoPGSRksC",
      "authors": "J Li, J Cho, YL Sung, J Yoon, M Bansal",
      "venue": "Advances in Neural Information Processing Systems 37, 38530-38558, 2024",
      "year": 2024,
      "citations": 16
    },
    {
      "title": "Unlearning Sensitive Information in Multimodal LLMs: Benchmark and Attack-Defense Evaluation",
      "url": "https://scholar.google.com/citations?view_op=view_citation&hl=en&user=aW2XnF0AAAAJ&citation_for_view=aW2XnF0AAAAJ:roLk4NBRz8UC",
      "authors": "V Patil, YL Sung, P Hase, J Peng, T Chen, M Bansal",
      "venue": "Transactions on Machine Learning Research, 2024",
      "year": 2024,
      "citations": 6
    },
    {
      "title": "Vision transformers are parameter-efficient audio-visual learners",
      "url": "https://scholar.google.com/citations?view_op=view_citation&hl=en&user=aW2XnF0AAAAJ&citation_for_view=aW2XnF0AAAAJ:zYLM7Y9cAGgC",
      "authors": "YB Lin, YL Sung, J Lei, M Bansal, G Bertasius",
      "venue": "Proceedings of the IEEE/CVF Conference on Computer Vision and Pattern …, 2023",
      "year": 2023,
      "citations": 125
    },
    {
      "title": "Unified coarse-to-fine alignment for video-text retrieval",
      "url": "https://scholar.google.com/citations?view_op=view_citation&hl=en&user=aW2XnF0AAAAJ&citation_for_view=aW2XnF0AAAAJ:Y0pCki6q_DkC",
      "authors": "Z Wang, YL Sung, F Cheng, G Bertasius, M Bansal",
      "venue": "Proceedings of the IEEE/CVF international conference on computer vision …, 2023",
      "year": 2023,
      "citations": 93
    },
    {
      "title": "Merge, then compress: Demystify efficient smoe with hints from its routing policy",
      "url": "https://scholar.google.com/citations?view_op=view_citation&hl=en&user=aW2XnF0AAAAJ&citation_for_view=aW2XnF0AAAAJ:YsMSGLbcyi4C",
      "authors": "P Li, Z Zhang, P Yadav, YL Sung, Y Cheng, M Bansal, T Chen",
      "venue": "arXiv preprint arXiv:2310.01334, 2023",
      "year": 2023,
      "citations": 68
    },
    {
      "title": "An empirical study of multimodal model merging",
      "url": "https://scholar.google.com/citations?view_op=view_citation&hl=en&user=aW2XnF0AAAAJ&citation_for_view=aW2XnF0AAAAJ:Tyk-4Ss8FVUC",
      "authors": "YL Sung, L Li, K Lin, Z Gan, M Bansal, L Wang",
      "venue": "arXiv preprint arXiv:2304.14933, 2023",
      "year": 2023,
      "citations": 59
    },
    {
      "title": "Ecoflap: Efficient coarse-to-fine layer-wise pruning for vision-language models",
      "url": "https://scholar.google.com/citations?view_op=view_citation&hl=en&user=aW2XnF0AAAAJ&citation_for_view=aW2XnF0AAAAJ:eQOLeE2rZwMC",
      "authors": "YL Sung, J Yoon, M Bansal",
      "venue": "arXiv preprint arXiv:2310.02998, 2023",
      "year": 2023,
      "citations": 23
    },
    {
      "title": "Vl-adapter: Parameter-efficient transfer learning for vision-and-language tasks",
      "url": "https://scholar.google.com/citations?view_op=view_citation&hl=en&user=aW2XnF0AAAAJ&citation_for_view=aW2XnF0AAAAJ:qjMakFHDy7sC",
      "authors": "YL Sung, J Cho, M Bansal",
      "venue": "Proceedings of the IEEE/CVF conference on computer vision and pattern …, 2022",
      "year": 2022,
      "citations": 524
    },
    {
      "title": "Lst: Ladder side-tuning for parameter and memory efficient transfer learning",
      "url": "https://scholar.google.com/citations?view_op=view_citation&hl=en&user=aW2XnF0AAAAJ&citation_for_view=aW2XnF0AAAAJ:IjCSPb-OGe4C",
      "authors": "YL Sung, J Cho, M Bansal",
      "venue": "Advances in Neural Information Processing Systems 35, 12991-13005, 2022",
      "year": 2022,
      "citations": 334
    },
    {
      "title": "Training neural networks with fixed sparse masks",
      "url": "https://scholar.google.com/citations?view_op=view_citation&hl=en&user=aW2XnF0AAAAJ&citation_for_view=aW2XnF0AAAAJ:2osOgNQ5qMEC",
      "authors": "YL Sung, V Nair, CA Raffel",
      "venue": "Advances in Neural Information Processing Systems 34, 24193-24205, 2021",
      "year": 2021,
      "citations": 294
    },
    {
      "title": "The Maximum a Posterior Estimation of Darts",
      "url": "https://scholar.google.com/citations?view_op=view_citation&hl=en&user=aW2XnF0AAAAJ&citation_for_view=aW2XnF0AAAAJ:9yKSN-GCB0IC",
      "authors": "JL Lin, YL Sung, CY Hong, HH Lee, TL Liu",
      "venue": "2021 IEEE International Conference on Image Processing (ICIP), 419-423, 2021",
      "year": 2021,
      "citations": 0
    },
    {
      "title": "Video summarization with anchors and multi-head attention",
      "url": "https://scholar.google.com/citations?view_op=view_citation&hl=en&user=aW2XnF0AAAAJ&citation_for_view=aW2XnF0AAAAJ:d1gkVwhDpl0C",
      "authors": "YL Sung, CY Hong, YC Hsu, TL Liu",
      "venue": "2020 IEEE International Conference on Image Processing (ICIP), 2396-2400, 2020",
      "year": 2020,
      "citations": 10
    },
    {
      "title": "Difference-Seeking Generative Adversarial Network--Unseen Sample Generation",
      "url": "https://scholar.google.com/citations?view_op=view_citation&hl=en&user=aW2XnF0AAAAJ&citation_for_view=aW2XnF0AAAAJ:u5HHmVD_uO8C",
      "authors": "YL Sung, SH Hsieh, SC Pei, CS Lu",
      "venue": "International Conference on Learning Representations, 2019",
      "year": 2019,
      "citations": 5
    },
    {
      "title": "Supplementary Material for Unified Coarse-to-Fine Alignment for Video-text Retrieval",
      "url": "https://scholar.google.com/citations?view_op=view_citation&hl=en&user=aW2XnF0AAAAJ&citation_for_view=aW2XnF0AAAAJ:W7OEmFMy1HYC",
      "authors": "Z Wang, YL Sung, F Cheng, G Bertasius, M Bansal",
      "venue": "",
      "citations": 0
    }
  ],
  "co_authors": [
    {
      "name": "Mohit Bansal",
      "scholar_id": "DN8QtscAAAAJ",
      "url": "https://scholar.google.com/citations?user=DN8QtscAAAAJ"
    },
    {
      "name": "Jaemin Cho",
      "scholar_id": "IbQZoHQAAAAJ",
      "url": "https://scholar.google.com/citations?user=IbQZoHQAAAAJ"
    },
    {
      "name": "Gedas Bertasius",
      "scholar_id": "8FWkjw8AAAAJ",
      "url": "https://scholar.google.com/citations?user=8FWkjw8AAAAJ"
    },
    {
      "name": "Feng Cheng (程峰)",
      "scholar_id": "L5WbA3EAAAAJ",
      "url": "https://scholar.google.com/citations?user=L5WbA3EAAAAJ"
    },
    {
      "name": "Prateek Yadav",
      "scholar_id": "1lXhc0kAAAAJ",
      "url": "https://scholar.google.com/citations?user=1lXhc0kAAAAJ"
    },
    {
      "name": "Jaehong Yoon",
      "scholar_id": "-5comoUAAAAJ",
      "url": "https://scholar.google.com/citations?user=-5comoUAAAAJ"
    },
    {
      "name": "Yan-Bo Lin",
      "scholar_id": "T4pYUkAAAAAJ",
      "url": "https://scholar.google.com/citations?user=T4pYUkAAAAAJ"
    },
    {
      "name": "Tianlong Chen",
      "scholar_id": "LE3ctn0AAAAJ",
      "url": "https://scholar.google.com/citations?user=LE3ctn0AAAAJ"
    },
    {
      "name": "Varun Nair",
      "scholar_id": "R3SqGgMAAAAJ",
      "url": "https://scholar.google.com/citations?user=R3SqGgMAAAAJ"
    },
    {
      "name": "Colin Raffel",
      "scholar_id": "I66ZBYwAAAAJ",
      "url": "https://scholar.google.com/citations?user=I66ZBYwAAAAJ"
    },
    {
      "name": "Ziyang Wang",
      "scholar_id": "JuIqLPYAAAAJ",
      "url": "https://scholar.google.com/citations?user=JuIqLPYAAAAJ"
    },
    {
      "name": "Pingzhi Li",
      "scholar_id": "QUfhEyQAAAAJ",
      "url": "https://scholar.google.com/citations?user=QUfhEyQAAAAJ"
    },
    {
      "name": "Jialu Li",
      "scholar_id": "KyI1vSgAAAAJ",
      "url": "https://scholar.google.com/citations?user=KyI1vSgAAAAJ"
    }
  ]
}