{
  "author_info": {
    "name": "Charles Nimo",
    "affiliation": "Georgia Institute of Technology",
    "email_verified": "Verified email at gatech.edu - Homepage",
    "website": "https://charlesnimo.me/",
    "interests": [
      "Natural Language Processing"
    ],
    "photo_url": "https://scholar.googleusercontent.com/citations?view_op=view_photo&user=YnkF3lwAAAAJ&citpid=1"
  },
  "citation_stats": {
    "citations_all": 16,
    "citations_since_2020": 14,
    "h_index_all": 2,
    "h_index_since_2020": 2,
    "i10_index_all": 1,
    "i10_index_since_2020": 1,
    "citation_graph": [
      {
        "year": 2017,
        "citations": 1
      },
      {
        "year": 2018,
        "citations": 1
      },
      {
        "year": 2019,
        "citations": 1
      },
      {
        "year": 2020,
        "citations": 12
      }
    ]
  },
  "papers": [
    {
      "title": "AfriMed-QA: A Pan-African, Multi-Specialty, Medical Question-Answering Benchmark Dataset",
      "url": "https://scholar.google.com/citations?view_op=view_citation&hl=en&user=YnkF3lwAAAAJ&citation_for_view=YnkF3lwAAAAJ:9yKSN-GCB0IC",
      "authors": "C Nimo, T Olatunji, AT Owodunni, T Abdullahi, E Ayodele, M Sanni, ...",
      "venue": "Proceedings of the 63rd Annual Meeting of the Association for Computational …, 2025",
      "year": 2025,
      "citations": 1
    },
    {
      "title": "Community-Driven Data Practices for Advancing Ethical and Equitable AI in Low-Resource Language Contexts",
      "url": "https://scholar.google.com/citations?view_op=view_citation&hl=en&user=YnkF3lwAAAAJ&citation_for_view=YnkF3lwAAAAJ:d1gkVwhDpl0C",
      "authors": "C Nimo, S Liu, AZ Chen, RK Mothilal, ML Best",
      "venue": "Proceedings of the ACM SIGCAS/SIGCHI Conference on Computing and Sustainable …, 2025",
      "year": 2025,
      "citations": 0
    },
    {
      "title": "AfriMed-QA: a Pan-African, multi-specialty, medical question-answering benchmark dataset",
      "url": "https://scholar.google.com/citations?view_op=view_citation&hl=en&user=YnkF3lwAAAAJ&citation_for_view=YnkF3lwAAAAJ:u-x6o8ySG0sC",
      "authors": "T Olatunji, C Nimo, A Owodunni, T Abdullahi, E Ayodele, M Sanni, C Aka, ...",
      "venue": "arXiv preprint arXiv:2411.15640, 2024",
      "year": 2024,
      "citations": 10
    },
    {
      "title": "Investigating encrypted IEEE 802.15. 4 and digiMesh communications for small unmanned systems",
      "url": "https://scholar.google.com/citations?view_op=view_citation&hl=en&user=YnkF3lwAAAAJ&citation_for_view=YnkF3lwAAAAJ:u5HHmVD_uO8C",
      "authors": "MT Leccadito, B Yemaneberhane, C Nimo, T Bakker, RH Klenke",
      "venue": "Aiaa information systems-aiaa infotech@ aerospace, 0061, 2017",
      "year": 2017,
      "citations": 5
    }
  ],
  "co_authors": []
}