{
  "author_info": {
    "name": "Giuseppe Attanasio",
    "affiliation": "Postdoctoral Researcher, Instituto de Telecomunicações",
    "email_verified": "Verified email at lx.it.pt - Homepage",
    "website": "https://gattanasio.cc/",
    "interests": [
      "AI",
      "Fairness",
      "Transparency",
      "Safety"
    ],
    "photo_url": "https://scholar.googleusercontent.com/citations?view_op=view_photo&user=IuhnRJQAAAAJ&citpid=3"
  },
  "citation_stats": {
    "citations_all": 1493,
    "citations_since_2020": 1486,
    "h_index_all": 18,
    "h_index_since_2020": 18,
    "i10_index_all": 32,
    "i10_index_since_2020": 32,
    "citation_graph": [
      {
        "year": 2020,
        "citations": 9
      },
      {
        "year": 2021,
        "citations": 15
      },
      {
        "year": 2022,
        "citations": 64
      },
      {
        "year": 2023,
        "citations": 133
      },
      {
        "year": 2024,
        "citations": 456
      },
      {
        "year": 2025,
        "citations": 803
      }
    ]
  },
  "papers": [
    {
      "title": "SHADES: Towards a multilingual assessment of stereotypes in large language models",
      "url": "https://scholar.google.com/citations?view_op=view_citation&hl=en&user=IuhnRJQAAAAJ&citation_for_view=IuhnRJQAAAAJ:2P1L_qKh6hAC",
      "authors": "M Mitchell, G Attanasio, I Baldini, M Clinciu, J Clive, P Delobelle, M Dey, ...",
      "venue": "NAACL 2025, 11995-12041, 2025",
      "year": 2025,
      "citations": 18
    },
    {
      "title": "CALAMITA: Challenge the Abilities of LAnguage Models in ITAlian",
      "url": "https://scholar.google.com/citations?view_op=view_citation&hl=en&user=IuhnRJQAAAAJ&citation_for_view=IuhnRJQAAAAJ:35N4QoGY0k4C",
      "authors": "G Attanasio, P Basile, F Borazio, D Croce, M Francis, J Gili, E Musacchio, ...",
      "venue": "Proceedings of the 10th Italian Conference on Computational Linguistics …, 2024",
      "year": 2024,
      "citations": 32
    },
    {
      "title": "Towards comprehensive subgroup performance analysis in speech models",
      "url": "https://scholar.google.com/citations?view_op=view_citation&hl=en&user=IuhnRJQAAAAJ&citation_for_view=IuhnRJQAAAAJ:_Qo2XoVZTnwC",
      "authors": "A Koudounas, E Pastor, G Attanasio, V Mazzia, M Giollo, T Gueudre, ...",
      "venue": "IEEE/ACM Transactions on Audio, Speech, and Language Processing 32, 1468-1480, 2024",
      "year": 2024,
      "citations": 18
    },
    {
      "title": "Twists, humps, and pebbles: multilingual speech recognition models exhibit gender performance gaps",
      "url": "https://scholar.google.com/citations?view_op=view_citation&hl=en&user=IuhnRJQAAAAJ&citation_for_view=IuhnRJQAAAAJ:ns9cj8rnVeAC",
      "authors": "G Attanasio, B Savoldi, D Fucci, D Hovy",
      "venue": "EMNLP 2024 - 🏅 Social Impact Paper Award, 2024",
      "year": 2024,
      "citations": 18
    },
    {
      "title": "XSTest: A test suite for identifying exaggerated safety behaviours in large language models",
      "url": "https://scholar.google.com/citations?view_op=view_citation&hl=en&user=IuhnRJQAAAAJ&citation_for_view=IuhnRJQAAAAJ:ZeXyd9-uunAC",
      "authors": "P Röttger, HR Kirk, B Vidgen, G Attanasio, F Bianchi, D Hovy",
      "venue": "NAACL 2024, 2023",
      "year": 2023,
      "citations": 378
    },
    {
      "title": "Safety-tuned llamas: Lessons from improving the safety of large language models that follow instructions",
      "url": "https://scholar.google.com/citations?view_op=view_citation&hl=en&user=IuhnRJQAAAAJ&citation_for_view=IuhnRJQAAAAJ:-f6ydRqryjwC",
      "authors": "F Bianchi, M Suzgun, G Attanasio, P Röttger, D Jurafsky, T Hashimoto, ...",
      "venue": "ICLR 2024, 2023",
      "year": 2023,
      "citations": 304
    },
    {
      "title": "A Tale of Pronouns: Interpretability Informs Gender Bias Mitigation for Fairer Instruction-Tuned Machine Translation",
      "url": "https://scholar.google.com/citations?view_op=view_citation&hl=en&user=IuhnRJQAAAAJ&citation_for_view=IuhnRJQAAAAJ:HDshCWvjkbEC",
      "authors": "G Attanasio, FM Plaza-del-Arco, D Nozza, A Lauscher",
      "venue": "EMNLP 2023, 2023",
      "year": 2023,
      "citations": 30
    },
    {
      "title": "ITALIC: An Italian Intent Classification Dataset",
      "url": "https://scholar.google.com/citations?view_op=view_citation&hl=en&user=IuhnRJQAAAAJ&citation_for_view=IuhnRJQAAAAJ:dhFuZR0502QC",
      "authors": "A Koudounas, M La Quatra, L Vaiani, L Colomba, G Attanasio, E Pastor, ...",
      "venue": "INTERSPEECH 2023, 2023",
      "year": 2023,
      "citations": 25
    },
    {
      "title": "Exploring subgroup performance in end-to-end speech models",
      "url": "https://scholar.google.com/citations?view_op=view_citation&hl=en&user=IuhnRJQAAAAJ&citation_for_view=IuhnRJQAAAAJ:Wp0gIr-vW9MC",
      "authors": "A Koudounas, E Pastor, G Attanasio, V Mazzia, M Giollo, T Gueudre, ...",
      "venue": "ICASSP 2023. IEEE International Conference on Acoustics, Speech and Signal …, 2023",
      "year": 2023,
      "citations": 19
    },
    {
      "title": "ferret: a Framework for Benchmarking Explainers on Transformers",
      "url": "https://scholar.google.com/citations?view_op=view_citation&hl=en&user=IuhnRJQAAAAJ&citation_for_view=IuhnRJQAAAAJ:hFOr9nPyWt4C",
      "authors": "G Attanasio, E Pastor, C Di Bonaventura, D Nozza",
      "venue": "EACL 2023, System Demonstrations, 256--266, 2023",
      "year": 2023,
      "citations": 19
    },
    {
      "title": "Meaning modulations and stability in large language models: An analysis of BERT embeddings for psycholinguistic research",
      "url": "https://scholar.google.com/citations?view_op=view_citation&hl=en&user=IuhnRJQAAAAJ&citation_for_view=IuhnRJQAAAAJ:mB3voiENLucC",
      "authors": "G Cassani, F Günther, G Attanasio, F Bianchi, M Marelli",
      "venue": "psyArXiV preprint: 10.31234/osf. io/b45ys, 2023",
      "year": 2023,
      "citations": 18
    },
    {
      "title": "Entropy-based attention regularization frees unintended bias mitigation from lists",
      "url": "https://scholar.google.com/citations?view_op=view_citation&hl=en&user=IuhnRJQAAAAJ&citation_for_view=IuhnRJQAAAAJ:UebtZRa9Y70C",
      "authors": "G Attanasio, D Nozza, D Hovy, E Baralis",
      "venue": "ACL 2022 (Findings), 2022",
      "year": 2022,
      "citations": 93
    },
    {
      "title": "Contrastive language and vision learning of general fashion concepts",
      "url": "https://scholar.google.com/citations?view_op=view_citation&hl=en&user=IuhnRJQAAAAJ&citation_for_view=IuhnRJQAAAAJ:4TOpqqG69KYC",
      "authors": "PJ Chia, G Attanasio, F Bianchi, S Terragni, AR Magalhães, D Goncalves, ...",
      "venue": "Nature Scientific Reports 12 (1), 18958, 2022",
      "year": 2022,
      "citations": 75
    },
    {
      "title": "Benchmarking post-hoc interpretability approaches for transformer-based misogyny detection",
      "url": "https://scholar.google.com/citations?view_op=view_citation&hl=en&user=IuhnRJQAAAAJ&citation_for_view=IuhnRJQAAAAJ:0EnyYjriUFMC",
      "authors": "G Attanasio, D Nozza, E Pastor, D Hovy",
      "venue": "Proceedings of NLP power! the first workshop on efficient benchmarking in NLP, 2022",
      "year": 2022,
      "citations": 29
    },
    {
      "title": "HATE-ITA: Hate speech detection in Italian social media text",
      "url": "https://scholar.google.com/citations?view_op=view_citation&hl=en&user=IuhnRJQAAAAJ&citation_for_view=IuhnRJQAAAAJ:kNdYIx-mwKoC",
      "authors": "D Nozza, F Bianchi, G Attanasio",
      "venue": "Proceedings of the Sixth Workshop on Online Abuse and Harms (WOAH), 252-260, 2022",
      "year": 2022,
      "citations": 19
    },
    {
      "title": "Contrastive language-image pre-training for the italian language",
      "url": "https://scholar.google.com/citations?view_op=view_citation&hl=en&user=IuhnRJQAAAAJ&citation_for_view=IuhnRJQAAAAJ:roLk4NBRz8UC",
      "authors": "F Bianchi, G Attanasio, R Pisoni, S Terragni, G Sarti, D Balestri",
      "venue": "CLiC-it 2023 - 🏅 Best Student Paper Award, 2021",
      "year": 2021,
      "citations": 53
    },
    {
      "title": "E-mimic: Empowering multilingual inclusive communication",
      "url": "https://scholar.google.com/citations?view_op=view_citation&hl=en&user=IuhnRJQAAAAJ&citation_for_view=IuhnRJQAAAAJ:Se3iqnhoufwC",
      "authors": "G Attanasio, S Greco, M La Quatra, L Cagliero, M Tonti, T Cerquitelli, ...",
      "venue": "2021 IEEE International Conference on Big Data (Big Data), 4227-4234, 2021",
      "year": 2021,
      "citations": 18
    },
    {
      "title": "Training ensembles of faceted classification models for quantitative stock trading",
      "url": "https://scholar.google.com/citations?view_op=view_citation&hl=en&user=IuhnRJQAAAAJ&citation_for_view=IuhnRJQAAAAJ:YsMSGLbcyi4C",
      "authors": "L Cagliero, P Garza, G Attanasio, E Baralis",
      "venue": "Computing 102 (5), 1213-1225, 2020",
      "year": 2020,
      "citations": 20
    },
    {
      "title": "Quantitative cryptocurrency trading: exploring the use of machine learning techniques",
      "url": "https://scholar.google.com/citations?view_op=view_citation&hl=en&user=IuhnRJQAAAAJ&citation_for_view=IuhnRJQAAAAJ:Tyk-4Ss8FVUC",
      "authors": "G Attanasio, L Cagliero, P Garza, E Baralis",
      "venue": "Proceedings of the 5th Workshop on Data Science for Macro-modeling with …, 2019",
      "year": 2019,
      "citations": 31
    },
    {
      "title": "Combining news sentiment and technical analysis to predict stock trend reversal",
      "url": "https://scholar.google.com/citations?view_op=view_citation&hl=en&user=IuhnRJQAAAAJ&citation_for_view=IuhnRJQAAAAJ:eQOLeE2rZwMC",
      "authors": "G Attanasio, L Cagliero, P Garza, E Baralis",
      "venue": "2019 International Conference on Data Mining Workshops (ICDMW), 514-521, 2019",
      "year": 2019,
      "citations": 30
    }
  ],
  "co_authors": [
    {
      "name": "Federico Bianchi",
      "scholar_id": "1okGjb8AAAAJ",
      "url": "https://scholar.google.com/citations?user=1okGjb8AAAAJ"
    },
    {
      "name": "Dirk Hovy",
      "scholar_id": "7xluaTAAAAAJ",
      "url": "https://scholar.google.com/citations?user=7xluaTAAAAAJ"
    },
    {
      "name": "Elena Baralis",
      "scholar_id": "0CnVFgQAAAAJ",
      "url": "https://scholar.google.com/citations?user=0CnVFgQAAAAJ"
    },
    {
      "name": "Debora Nozza",
      "scholar_id": "AKi-UWQAAAAJ",
      "url": "https://scholar.google.com/citations?user=AKi-UWQAAAAJ"
    },
    {
      "name": "Luca Cagliero",
      "scholar_id": "0uIAXl8AAAAJ",
      "url": "https://scholar.google.com/citations?user=0uIAXl8AAAAJ"
    },
    {
      "name": "Eliana Pastor",
      "scholar_id": "rYnakoAAAAAJ",
      "url": "https://scholar.google.com/citations?user=rYnakoAAAAAJ"
    },
    {
      "name": "Paul Röttger",
      "scholar_id": "7rpmd9cAAAAJ",
      "url": "https://scholar.google.com/citations?user=7rpmd9cAAAAJ"
    },
    {
      "name": "Jacopo Tagliabue",
      "scholar_id": "NDX19U0AAAAJ",
      "url": "https://scholar.google.com/citations?user=NDX19U0AAAAJ"
    },
    {
      "name": "Patrick John Chia",
      "scholar_id": "6nJbjacAAAAJ",
      "url": "https://scholar.google.com/citations?user=6nJbjacAAAAJ"
    },
    {
      "name": "Ciro Greco",
      "scholar_id": "x32iEOwAAAAJ",
      "url": "https://scholar.google.com/citations?user=x32iEOwAAAAJ"
    },
    {
      "name": "Silvia Terragni",
      "scholar_id": "H9E5cEMAAAAJ",
      "url": "https://scholar.google.com/citations?user=H9E5cEMAAAAJ"
    },
    {
      "name": "Alkis Koudounas",
      "scholar_id": "4-jqTdYAAAAJ",
      "url": "https://scholar.google.com/citations?user=4-jqTdYAAAAJ"
    },
    {
      "name": "Anne Lauscher",
      "scholar_id": "IbJS3UEAAAAJ",
      "url": "https://scholar.google.com/citations?user=IbJS3UEAAAAJ"
    },
    {
      "name": "Bertie Vidgen",
      "scholar_id": "yRhnVoIAAAAJ",
      "url": "https://scholar.google.com/citations?user=yRhnVoIAAAAJ"
    },
    {
      "name": "Paolo Garza",
      "scholar_id": "w9dI8esAAAAJ",
      "url": "https://scholar.google.com/citations?user=w9dI8esAAAAJ"
    },
    {
      "name": "Moreno La Quatra",
      "scholar_id": "JyN-kZsAAAAJ",
      "url": "https://scholar.google.com/citations?user=JyN-kZsAAAAJ"
    },
    {
      "name": "Beatrice Savoldi",
      "scholar_id": "r4XNIh0AAAAJ",
      "url": "https://scholar.google.com/citations?user=r4XNIh0AAAAJ"
    },
    {
      "name": "Hannah Rose Kirk",
      "scholar_id": "Fha8ldEAAAAJ",
      "url": "https://scholar.google.com/citations?user=Fha8ldEAAAAJ"
    },
    {
      "name": "Luca de Alfaro",
      "scholar_id": "gkACFVcAAAAJ",
      "url": "https://scholar.google.com/citations?user=gkACFVcAAAAJ"
    },
    {
      "name": "Tatsunori Hashimoto",
      "scholar_id": "5ygiTwsAAAAJ",
      "url": "https://scholar.google.com/citations?user=5ygiTwsAAAAJ"
    }
  ]
}