{
  "author_info": {
    "name": "Jan Chorowski",
    "affiliation": "Pathway (past: MSR, MILA, Google Brain)",
    "email_verified": "Verified email at pathway.com - Homepage",
    "website": "https://www.pathway.com/research/jan/",
    "interests": [
      "AI"
    ],
    "photo_url": "/citations/images/avatar_scholar_128.png"
  },
  "citation_stats": {
    "citations_all": 13589,
    "citations_since_2020": 8990,
    "h_index_all": 24,
    "h_index_since_2020": 22,
    "i10_index_all": 32,
    "i10_index_since_2020": 30,
    "citation_graph": [
      {
        "year": 2013,
        "citations": 42
      },
      {
        "year": 2014,
        "citations": 89
      },
      {
        "year": 2015,
        "citations": 175
      },
      {
        "year": 2016,
        "citations": 427
      },
      {
        "year": 2017,
        "citations": 774
      },
      {
        "year": 2018,
        "citations": 1309
      },
      {
        "year": 2019,
        "citations": 1642
      },
      {
        "year": 2020,
        "citations": 1906
      },
      {
        "year": 2021,
        "citations": 1954
      },
      {
        "year": 2022,
        "citations": 1671
      },
      {
        "year": 2023,
        "citations": 1527
      },
      {
        "year": 2024,
        "citations": 1150
      },
      {
        "year": 2025,
        "citations": 782
      }
    ]
  },
  "papers": [
    {
      "title": "Efficient transformers with dynamic token pooling",
      "url": "https://scholar.google.com/citations?view_op=view_citation&hl=en&user=Yc94070AAAAJ&citation_for_view=Yc94070AAAAJ:bEWYMUwI8FkC",
      "authors": "P Nawrot, J Chorowski, A Lancucki, EM Ponti",
      "venue": "Proceedings of the 61st Annual Meeting of the Association for Computational …, 2023",
      "year": 2023,
      "citations": 53
    },
    {
      "title": "Speech recognition with sequence-to-sequence models",
      "url": "https://scholar.google.com/citations?view_op=view_citation&hl=en&user=Yc94070AAAAJ&citation_for_view=Yc94070AAAAJ:ZeXyd9-uunAC",
      "authors": "RP Prabhavalkar, Z Chen, B Li, CC Chiu, KK Rao, Y Wu, RJ Weiss, ...",
      "venue": "US Patent 11,145,293, 2021",
      "year": 2021,
      "citations": 44
    },
    {
      "title": "Robust training of vector quantized bottleneck models",
      "url": "https://scholar.google.com/citations?view_op=view_citation&hl=en&user=Yc94070AAAAJ&citation_for_view=Yc94070AAAAJ:IWHjjKOFINEC",
      "authors": "A Łańcucki, J Chorowski, G Sanchez, R Marxer, N Chen, HJGA Dolfing, ...",
      "venue": "2020 International Joint Conference on Neural Networks (IJCNN), 1-7, 2020",
      "year": 2020,
      "citations": 95
    },
    {
      "title": "Unsupervised speech representation learning using wavenet autoencoders",
      "url": "https://scholar.google.com/citations?view_op=view_citation&hl=en&user=Yc94070AAAAJ&citation_for_view=Yc94070AAAAJ:mVmsd5A6BfQC",
      "authors": "J Chorowski, RJ Weiss, S Bengio, A Van Den Oord",
      "venue": "IEEE/ACM transactions on audio, speech, and language processing 27 (12 …, 2019",
      "year": 2019,
      "citations": 444
    },
    {
      "title": "Lingvo: a modular and scalable framework for sequence-to-sequence modeling",
      "url": "https://scholar.google.com/citations?view_op=view_citation&hl=en&user=Yc94070AAAAJ&citation_for_view=Yc94070AAAAJ:9ZlFYXVOiuMC",
      "authors": "J Shen, P Nguyen, Y Wu, Z Chen, MX Chen, Y Jia, A Kannan, T Sainath, ...",
      "venue": "arXiv preprint arXiv:1902.08295, 2019",
      "year": 2019,
      "citations": 218
    },
    {
      "title": "State-of-the-art speech recognition with sequence-to-sequence models",
      "url": "https://scholar.google.com/citations?view_op=view_citation&hl=en&user=Yc94070AAAAJ&citation_for_view=Yc94070AAAAJ:M3ejUd6NZC8C",
      "authors": "CC Chiu, TN Sainath, Y Wu, R Prabhavalkar, P Nguyen, Z Chen, ...",
      "venue": "2018 IEEE international conference on acoustics, speech and signal …, 2018",
      "year": 2018,
      "citations": 1560
    },
    {
      "title": "Regularizing neural networks by penalizing confident output distributions",
      "url": "https://scholar.google.com/citations?view_op=view_citation&hl=en&user=Yc94070AAAAJ&citation_for_view=Yc94070AAAAJ:MXK_kJrjxJIC",
      "authors": "G Pereyra, G Tucker, J Chorowski, Ł Kaiser, G Hinton",
      "venue": "arXiv preprint arXiv:1701.06548, 2017",
      "year": 2017,
      "citations": 1451
    },
    {
      "title": "Sequence-to-sequence models can directly translate foreign speech",
      "url": "https://scholar.google.com/citations?view_op=view_citation&hl=en&user=Yc94070AAAAJ&citation_for_view=Yc94070AAAAJ:Zph67rFs4hoC",
      "authors": "RJ Weiss, J Chorowski, N Jaitly, Y Wu, Z Chen",
      "venue": "arXiv preprint arXiv:1703.08581, 2017",
      "year": 2017,
      "citations": 458
    },
    {
      "title": "Input switched affine networks: An RNN architecture designed for interpretability",
      "url": "https://scholar.google.com/citations?view_op=view_citation&hl=en&user=Yc94070AAAAJ&citation_for_view=Yc94070AAAAJ:YOwf2qJgpHMC",
      "authors": "JN Foerster, J Gilmer, J Sohl-Dickstein, J Chorowski, D Sussillo",
      "venue": "International conference on machine learning, 1136-1145, 2017",
      "year": 2017,
      "citations": 49
    },
    {
      "title": "End-to-end attention-based large vocabulary speech recognition",
      "url": "https://scholar.google.com/citations?view_op=view_citation&hl=en&user=Yc94070AAAAJ&citation_for_view=Yc94070AAAAJ:_FxGoFyzp5QC",
      "authors": "D Bahdanau, J Chorowski, D Serdyuk, P Brakel, Y Bengio",
      "venue": "2016 IEEE international conference on acoustics, speech and signal …, 2016",
      "year": 2016,
      "citations": 1622
    },
    {
      "title": "Theano: A Python framework for fast computation of mathematical expressions",
      "url": "https://scholar.google.com/citations?view_op=view_citation&hl=en&user=Yc94070AAAAJ&citation_for_view=Yc94070AAAAJ:roLk4NBRz8UC",
      "authors": "R Al-Rfou, G Alain, A Almahairi, C Angermueller, D Bahdanau, N Ballas, ...",
      "venue": "arXiv e-prints, arXiv: 1605.02688, 2016",
      "year": 2016,
      "citations": 1174
    },
    {
      "title": "Towards better decoding and language model integration in sequence to sequence models",
      "url": "https://scholar.google.com/citations?view_op=view_citation&hl=en&user=Yc94070AAAAJ&citation_for_view=Yc94070AAAAJ:5nxA0vEk-isC",
      "authors": "J Chorowski, N Jaitly",
      "venue": "arXiv preprint arXiv:1612.02695, 2016",
      "year": 2016,
      "citations": 467
    },
    {
      "title": "Attention-based models for speech recognition",
      "url": "https://scholar.google.com/citations?view_op=view_citation&hl=en&user=Yc94070AAAAJ&citation_for_view=Yc94070AAAAJ:ufrVoPGSRksC",
      "authors": "JK Chorowski, D Bahdanau, D Serdyuk, K Cho, Y Bengio",
      "venue": "Advances in neural information processing systems 28, 2015",
      "year": 2015,
      "citations": 3608
    },
    {
      "title": "Blocks and fuel: Frameworks for deep learning",
      "url": "https://scholar.google.com/citations?view_op=view_citation&hl=en&user=Yc94070AAAAJ&citation_for_view=Yc94070AAAAJ:eQOLeE2rZwMC",
      "authors": "B Van Merriënboer, D Bahdanau, V Dumoulin, D Serdyuk, ...",
      "venue": "arXiv preprint arXiv:1506.00619, 2015",
      "year": 2015,
      "citations": 207
    },
    {
      "title": "Task loss estimation for sequence prediction",
      "url": "https://scholar.google.com/citations?view_op=view_citation&hl=en&user=Yc94070AAAAJ&citation_for_view=Yc94070AAAAJ:LkGwnXOMwfcC",
      "authors": "D Bahdanau, D Serdyuk, P Brakel, NR Ke, J Chorowski, A Courville, ...",
      "venue": "arXiv preprint arXiv:1511.06456, 2015",
      "year": 2015,
      "citations": 35
    },
    {
      "title": "End-to-end continuous speech recognition using attention-based recurrent NN: First results",
      "url": "https://scholar.google.com/citations?view_op=view_citation&hl=en&user=Yc94070AAAAJ&citation_for_view=Yc94070AAAAJ:W7OEmFMy1HYC",
      "authors": "J Chorowski, D Bahdanau, K Cho, Y Bengio",
      "venue": "arXiv preprint arXiv:1412.1602, 2014",
      "year": 2014,
      "citations": 640
    },
    {
      "title": "Review and performance comparison of SVM-and ELM-based classifiers",
      "url": "https://scholar.google.com/citations?view_op=view_citation&hl=en&user=Yc94070AAAAJ&citation_for_view=Yc94070AAAAJ:d1gkVwhDpl0C",
      "authors": "J Chorowski, J Wang, JM Zurada",
      "venue": "Neurocomputing 128, 507-516, 2014",
      "year": 2014,
      "citations": 261
    },
    {
      "title": "Learning understandable neural networks with nonnegative weight constraints",
      "url": "https://scholar.google.com/citations?view_op=view_citation&hl=en&user=Yc94070AAAAJ&citation_for_view=Yc94070AAAAJ:qjMakFHDy7sC",
      "authors": "J Chorowski, JM Zurada",
      "venue": "IEEE transactions on neural networks and learning systems 26 (1), 62-69, 2014",
      "year": 2014,
      "citations": 196
    },
    {
      "title": "Robust 3d action recognition with random occupancy patterns",
      "url": "https://scholar.google.com/citations?view_op=view_citation&hl=en&user=Yc94070AAAAJ&citation_for_view=Yc94070AAAAJ:u5HHmVD_uO8C",
      "authors": "J Wang, Z Liu, J Chorowski, Z Chen, Y Wu",
      "venue": "European conference on computer vision, 872-885, 2012",
      "year": 2012,
      "citations": 623
    },
    {
      "title": "Extracting rules from neural networks as decision diagrams",
      "url": "https://scholar.google.com/citations?view_op=view_citation&hl=en&user=Yc94070AAAAJ&citation_for_view=Yc94070AAAAJ:u-x6o8ySG0sC",
      "authors": "J Chorowski, JM Zurada",
      "venue": "IEEE Transactions on Neural Networks 22 (12), 2435-2446, 2011",
      "year": 2011,
      "citations": 65
    }
  ],
  "co_authors": [
    {
      "name": "Yoshua Bengio",
      "scholar_id": "kukA0LcAAAAJ",
      "url": "https://scholar.google.com/citations?user=kukA0LcAAAAJ"
    },
    {
      "name": "Dzmitry Bahdanau",
      "scholar_id": "Nq0dVMcAAAAJ",
      "url": "https://scholar.google.com/citations?user=Nq0dVMcAAAAJ"
    },
    {
      "name": "Dmitriy Serdyuk",
      "scholar_id": "PsKlNzUAAAAJ",
      "url": "https://scholar.google.com/citations?user=PsKlNzUAAAAJ"
    },
    {
      "name": "Ron J Weiss",
      "scholar_id": "_VhMIOIAAAAJ",
      "url": "https://scholar.google.com/citations?user=_VhMIOIAAAAJ"
    },
    {
      "name": "Navdeep Jaitly",
      "scholar_id": "kjMNMLkAAAAJ",
      "url": "https://scholar.google.com/citations?user=kjMNMLkAAAAJ"
    },
    {
      "name": "Zhifeng Chen",
      "scholar_id": "EemUE4gAAAAJ",
      "url": "https://scholar.google.com/citations?user=EemUE4gAAAAJ"
    },
    {
      "name": "Jacek M. Zurada",
      "scholar_id": "_rOWhBkAAAAJ",
      "url": "https://scholar.google.com/citations?user=_rOWhBkAAAAJ"
    },
    {
      "name": "Tara Sainath",
      "scholar_id": "aMeteU4AAAAJ",
      "url": "https://scholar.google.com/citations?user=aMeteU4AAAAJ"
    },
    {
      "name": "Patrick Nguyen",
      "scholar_id": "38fqeIYAAAAJ",
      "url": "https://scholar.google.com/citations?user=38fqeIYAAAAJ"
    },
    {
      "name": "Kyunghyun Cho",
      "scholar_id": "0RAmmIAAAAAJ",
      "url": "https://scholar.google.com/citations?user=0RAmmIAAAAAJ"
    },
    {
      "name": "Philemon Brakel",
      "scholar_id": "Q6UMpRYAAAAJ",
      "url": "https://scholar.google.com/citations?user=Q6UMpRYAAAAJ"
    },
    {
      "name": "Łukasz Kaiser",
      "scholar_id": "JWmiQR0AAAAJ",
      "url": "https://scholar.google.com/citations?user=JWmiQR0AAAAJ"
    },
    {
      "name": "George Tucker",
      "scholar_id": "-gJkPHIAAAAJ",
      "url": "https://scholar.google.com/citations?user=-gJkPHIAAAAJ"
    },
    {
      "name": "Geoffrey Hinton",
      "scholar_id": "JicYPdAAAAAJ",
      "url": "https://scholar.google.com/citations?user=JicYPdAAAAAJ"
    },
    {
      "name": "Jiang Wang",
      "scholar_id": "UyLVh08AAAAJ",
      "url": "https://scholar.google.com/citations?user=UyLVh08AAAAJ"
    },
    {
      "name": "Vincent Dumoulin",
      "scholar_id": "mZfgLA4AAAAJ",
      "url": "https://scholar.google.com/citations?user=mZfgLA4AAAAJ"
    },
    {
      "name": "David Warde-Farley",
      "scholar_id": "MOgfm8oAAAAJ",
      "url": "https://scholar.google.com/citations?user=MOgfm8oAAAAJ"
    },
    {
      "name": "Bart van Merriënboer",
      "scholar_id": "XE9SDzgAAAAJ",
      "url": "https://scholar.google.com/citations?user=XE9SDzgAAAAJ"
    },
    {
      "name": "Tolga Ensari",
      "scholar_id": "o-TS7FsAAAAJ",
      "url": "https://scholar.google.com/citations?user=o-TS7FsAAAAJ"
    },
    {
      "name": "Jakob Foerster",
      "scholar_id": "6z4lQzMAAAAJ",
      "url": "https://scholar.google.com/citations?user=6z4lQzMAAAAJ"
    }
  ]
}