{
  "author_info": {
    "name": "Weizhi Gao",
    "affiliation": "North Carolina State University",
    "email_verified": "Verified email at ncsu.edu - Homepage",
    "website": "https://weizhigao.github.io/",
    "interests": [
      "Trustworthy",
      "Efficiency",
      "Generative Models"
    ],
    "photo_url": "https://scholar.googleusercontent.com/citations?view_op=view_photo&user=WebNdhQAAAAJ&citpid=1"
  },
  "citation_stats": {
    "citations_all": 78,
    "citations_since_2020": 78,
    "h_index_all": 4,
    "h_index_since_2020": 4,
    "i10_index_all": 1,
    "i10_index_since_2020": 1,
    "citation_graph": [
      {
        "year": 2023,
        "citations": 1
      },
      {
        "year": 2024,
        "citations": 12
      },
      {
        "year": 2025,
        "citations": 65
      }
    ]
  },
  "papers": [
    {
      "title": "Modulated Diffusion: Accelerating Generative Modeling with Modulated Quantization",
      "url": "https://scholar.google.com/citations?view_op=view_citation&hl=en&user=WebNdhQAAAAJ&citation_for_view=WebNdhQAAAAJ:zYLM7Y9cAGgC",
      "authors": "W Gao, Z Hou, J Yin, F Wang, L Peng, X Liu",
      "venue": "arXiv preprint arXiv:2506.22463, 2025",
      "year": 2025,
      "citations": 1
    },
    {
      "title": "Decoding Memories: An Efficient Pipeline for Self-Consistency Hallucination Detection",
      "url": "https://scholar.google.com/citations?view_op=view_citation&hl=en&user=WebNdhQAAAAJ&citation_for_view=WebNdhQAAAAJ:Tyk-4Ss8FVUC",
      "authors": "W Gao, X Liu, F Wang, D Lu, J Yin",
      "venue": "arXiv preprint arXiv:2508.21228, 2025",
      "year": 2025,
      "citations": 0
    },
    {
      "title": "Boosting Adversarial Robustness and Generalization with Structural Prior",
      "url": "https://scholar.google.com/citations?view_op=view_citation&hl=en&user=WebNdhQAAAAJ&citation_for_view=WebNdhQAAAAJ:UeHWp8X0CEIC",
      "authors": "Z Hou, W Gao, H Krim, X Liu",
      "venue": "arXiv preprint arXiv:2502.00834, 2025",
      "year": 2025,
      "citations": 0
    },
    {
      "title": "D^ 4: Dataset Distillation via Disentangled Diffusion Model",
      "url": "https://scholar.google.com/citations?view_op=view_citation&hl=en&user=WebNdhQAAAAJ&citation_for_view=WebNdhQAAAAJ:9yKSN-GCB0IC",
      "authors": "D Su, J Hou, W Gao, Y Tian, B Tang",
      "venue": "Proceedings of the IEEE/CVF Conference on Computer Vision and Pattern …, 2024",
      "year": 2024,
      "citations": 54
    },
    {
      "title": "Protransformer: Robustify transformers via plug-and-play paradigm",
      "url": "https://scholar.google.com/citations?view_op=view_citation&hl=en&user=WebNdhQAAAAJ&citation_for_view=WebNdhQAAAAJ:2osOgNQ5qMEC",
      "authors": "Z Hou, W Gao, Y Shen, F Wang, X Liu",
      "venue": "Advances in Neural Information Processing Systems 37, 137557-137609, 2024",
      "year": 2024,
      "citations": 6
    },
    {
      "title": "Certified robustness for deep equilibrium models via serialized random smoothing",
      "url": "https://scholar.google.com/citations?view_op=view_citation&hl=en&user=WebNdhQAAAAJ&citation_for_view=WebNdhQAAAAJ:qjMakFHDy7sC",
      "authors": "W Gao, Z Hou, H Xu, X Liu",
      "venue": "Advances in Neural Information Processing Systems 37, 1370-1401, 2024",
      "year": 2024,
      "citations": 4
    },
    {
      "title": "Improving long-tailed classification by disentangled variance transfer",
      "url": "https://scholar.google.com/citations?view_op=view_citation&hl=en&user=WebNdhQAAAAJ&citation_for_view=WebNdhQAAAAJ:u-x6o8ySG0sC",
      "authors": "Y Tian, W Gao, Q Zhang, P Sun, D Xu",
      "venue": "Internet of Things 21, 100687, 2023",
      "year": 2023,
      "citations": 6
    },
    {
      "title": "Two-stage training strategy combined with neural network for segmentation of internal mammary artery graft",
      "url": "https://scholar.google.com/citations?view_op=view_citation&hl=en&user=WebNdhQAAAAJ&citation_for_view=WebNdhQAAAAJ:u5HHmVD_uO8C",
      "authors": "S Sun, Y Tian, Z Qi, Y Wu, W Gao, Y Wu",
      "venue": "Biomedical Signal Processing and Control 80, 104278, 2023",
      "year": 2023,
      "citations": 4
    },
    {
      "title": "Breaking through deterministic barriers: Randomized pruning mask generation and selection",
      "url": "https://scholar.google.com/citations?view_op=view_citation&hl=en&user=WebNdhQAAAAJ&citation_for_view=WebNdhQAAAAJ:d1gkVwhDpl0C",
      "authors": "J Li, W Gao, Q Lei, D Xu",
      "venue": "arXiv preprint arXiv:2310.13183, 2023",
      "year": 2023,
      "citations": 3
    }
  ],
  "co_authors": [
    {
      "name": "Yingjie Tian",
      "scholar_id": "CpmL7BkAAAAJ",
      "url": "https://scholar.google.com/citations?user=CpmL7BkAAAAJ"
    },
    {
      "name": "Zhichao Hou",
      "scholar_id": "rraC4ZMAAAAJ",
      "url": "https://scholar.google.com/citations?user=rraC4ZMAAAAJ"
    },
    {
      "name": "Duo Su",
      "scholar_id": "bgrunDUAAAAJ",
      "url": "https://scholar.google.com/citations?user=bgrunDUAAAAJ"
    },
    {
      "name": "Junjie HOU",
      "scholar_id": "488XLdIAAAAJ",
      "url": "https://scholar.google.com/citations?user=488XLdIAAAAJ"
    },
    {
      "name": "Xiaorui Liu",
      "scholar_id": "NhvN1KoAAAAJ",
      "url": "https://scholar.google.com/citations?user=NhvN1KoAAAAJ"
    },
    {
      "name": "Feiyi Wang",
      "scholar_id": "1JMwC1sAAAAJ",
      "url": "https://scholar.google.com/citations?user=1JMwC1sAAAAJ"
    },
    {
      "name": "Qin Zhang",
      "scholar_id": "l4oNAU0AAAAJ",
      "url": "https://scholar.google.com/citations?user=l4oNAU0AAAAJ"
    },
    {
      "name": "Han Xu",
      "scholar_id": "mX2rL3IAAAAJ",
      "url": "https://scholar.google.com/citations?user=mX2rL3IAAAAJ"
    },
    {
      "name": "Junqi Yin",
      "scholar_id": "rYDF8vMAAAAJ",
      "url": "https://scholar.google.com/citations?user=rYDF8vMAAAAJ"
    },
    {
      "name": "Jianwei Li",
      "scholar_id": "6lFRe2MAAAAJ",
      "url": "https://scholar.google.com/citations?user=6lFRe2MAAAAJ"
    },
    {
      "name": "Qi Lei",
      "scholar_id": "kGOgaowAAAAJ",
      "url": "https://scholar.google.com/citations?user=kGOgaowAAAAJ"
    },
    {
      "name": "Linyu Peng",
      "scholar_id": "kiPWkCYAAAAJ",
      "url": "https://scholar.google.com/citations?user=kiPWkCYAAAAJ"
    }
  ]
}