{
  "author_info": {
    "name": "Nicolas Le Roux",
    "affiliation": "McGill, UdeM",
    "email_verified": "Verified email at le-roux.name - Homepage",
    "website": "http://nicolas.le-roux.name/",
    "interests": [
      "Machine Learning",
      "Neural networks",
      "Deep learning",
      "Optimization"
    ],
    "photo_url": "https://scholar.googleusercontent.com/citations?view_op=view_photo&user=LmKtwk8AAAAJ&citpid=5"
  },
  "citation_stats": {
    "citations_all": 11713,
    "citations_since_2020": 5546,
    "h_index_all": 36,
    "h_index_since_2020": 32,
    "i10_index_all": 58,
    "i10_index_since_2020": 52,
    "citation_graph": [
      {
        "year": 2004,
        "citations": 40
      },
      {
        "year": 2005,
        "citations": 70
      },
      {
        "year": 2006,
        "citations": 112
      },
      {
        "year": 2007,
        "citations": 152
      },
      {
        "year": 2008,
        "citations": 157
      },
      {
        "year": 2009,
        "citations": 145
      },
      {
        "year": 2010,
        "citations": 200
      },
      {
        "year": 2011,
        "citations": 209
      },
      {
        "year": 2012,
        "citations": 310
      },
      {
        "year": 2013,
        "citations": 387
      },
      {
        "year": 2014,
        "citations": 447
      },
      {
        "year": 2015,
        "citations": 547
      },
      {
        "year": 2016,
        "citations": 713
      },
      {
        "year": 2017,
        "citations": 736
      },
      {
        "year": 2018,
        "citations": 890
      },
      {
        "year": 2019,
        "citations": 948
      },
      {
        "year": 2020,
        "citations": 960
      },
      {
        "year": 2021,
        "citations": 980
      },
      {
        "year": 2022,
        "citations": 936
      },
      {
        "year": 2023,
        "citations": 902
      },
      {
        "year": 2024,
        "citations": 870
      },
      {
        "year": 2025,
        "citations": 897
      }
    ]
  },
  "papers": [
    {
      "title": "Understanding the impact of entropy on policy optimization",
      "url": "https://scholar.google.com/citations?view_op=view_citation&hl=en&user=LmKtwk8AAAAJ&citation_for_view=LmKtwk8AAAAJ:__bU50VfleQC",
      "authors": "Z Ahmed, N Le Roux, M Norouzi, D Schuurmans",
      "venue": "International Conference on Machine Learning, 151-160, 2019",
      "year": 2019,
      "citations": 354
    },
    {
      "title": "A Geometric Perspective on Optimal Representations for Reinforcement Learning",
      "url": "https://scholar.google.com/citations?view_op=view_citation&hl=en&user=LmKtwk8AAAAJ&citation_for_view=LmKtwk8AAAAJ:wE-fMHVdjMkC",
      "authors": "MG Bellemare, W Dabney, R Dadashi, AA Taiga, PS Castro, N Le Roux, ...",
      "venue": "NeurIPS, 2019",
      "year": 2019,
      "citations": 118
    },
    {
      "title": "Minimizing finite sums with the stochastic average gradient",
      "url": "https://scholar.google.com/citations?view_op=view_citation&hl=en&user=LmKtwk8AAAAJ&citation_for_view=LmKtwk8AAAAJ:X9ykpCP0fEIC",
      "authors": "M Schmidt, N Le Roux, F Bach",
      "venue": "Mathematical Programming 162 (1-2), 83-112, 2017",
      "year": 2017,
      "citations": 1613
    },
    {
      "title": "Fast Convergence of Stochastic Gradient Descent under a Strong Growth Condition",
      "url": "https://scholar.google.com/citations?view_op=view_citation&hl=en&user=LmKtwk8AAAAJ&citation_for_view=LmKtwk8AAAAJ:GnPB-g6toBAC",
      "authors": "M Schmidt, N Le Roux",
      "venue": "arXiv preprint arXiv:1308.6370, 2013",
      "year": 2013,
      "citations": 196
    },
    {
      "title": "A stochastic gradient method with an exponential convergence rate for finite training sets",
      "url": "https://scholar.google.com/citations?view_op=view_citation&hl=en&user=LmKtwk8AAAAJ&citation_for_view=LmKtwk8AAAAJ:CYCckWUYoCcC",
      "authors": "N Le Roux, M Schmidt, F Bach",
      "venue": "NIPS, 2663-2671, 2012",
      "year": 2012,
      "citations": 1162
    },
    {
      "title": "A latent factor model for highly multi-relational data",
      "url": "https://scholar.google.com/citations?view_op=view_citation&hl=en&user=LmKtwk8AAAAJ&citation_for_view=LmKtwk8AAAAJ:J_g5lzvAfSwC",
      "authors": "R Jenatton, N Le Roux, A Bordes, GR Obozinski",
      "venue": "NIPS, 3167-3175, 2012",
      "year": 2012,
      "citations": 548
    },
    {
      "title": "Convergence rates of inexact proximal-gradient methods for convex optimization",
      "url": "https://scholar.google.com/citations?view_op=view_citation&hl=en&user=LmKtwk8AAAAJ&citation_for_view=LmKtwk8AAAAJ:9ZlFYXVOiuMC",
      "authors": "M Schmidt, N Le Roux, F Bach",
      "venue": "NIPS, 2011",
      "year": 2011,
      "citations": 746
    },
    {
      "title": "Ask the locals: multi-way local pooling for image recognition",
      "url": "https://scholar.google.com/citations?view_op=view_citation&hl=en&user=LmKtwk8AAAAJ&citation_for_view=LmKtwk8AAAAJ:3fE2CSJIrl8C",
      "authors": "YL Boureau, N Le Roux, F Bach, J Ponce, Y LeCun",
      "venue": "ICCV, 2011",
      "year": 2011,
      "citations": 395
    },
    {
      "title": "Learning a generative model of images by factoring appearance and shape",
      "url": "https://scholar.google.com/citations?view_op=view_citation&hl=en&user=LmKtwk8AAAAJ&citation_for_view=LmKtwk8AAAAJ:eQOLeE2rZwMC",
      "authors": "N Le Roux, N Heess, J Shotton, J Winn",
      "venue": "Neural Computation 23 (3), 593-650, 2011",
      "year": 2011,
      "citations": 119
    },
    {
      "title": "Deep belief networks are compact universal approximators",
      "url": "https://scholar.google.com/citations?view_op=view_citation&hl=en&user=LmKtwk8AAAAJ&citation_for_view=LmKtwk8AAAAJ:Tyk-4Ss8FVUC",
      "authors": "N Le Roux, Y Bengio",
      "venue": "Neural computation 22 (8), 2192-2207, 2010",
      "year": 2010,
      "citations": 217
    },
    {
      "title": "Representational power of restricted Boltzmann machines and deep belief networks",
      "url": "https://scholar.google.com/citations?view_op=view_citation&hl=en&user=LmKtwk8AAAAJ&citation_for_view=LmKtwk8AAAAJ:2osOgNQ5qMEC",
      "authors": "N Le Roux, Y Bengio",
      "venue": "Neural Computation 20 (6), 1631-1649, 2008",
      "year": 2008,
      "citations": 1093
    },
    {
      "title": "Topmoumoute online natural gradient algorithm",
      "url": "https://scholar.google.com/citations?view_op=view_citation&hl=en&user=LmKtwk8AAAAJ&citation_for_view=LmKtwk8AAAAJ:zYLM7Y9cAGgC",
      "authors": "N Le Roux, PA Manzagol, Y Bengio",
      "venue": "NIPS, 849–856, 2008",
      "year": 2008,
      "citations": 258
    },
    {
      "title": "Label propagation and quadratic criterion",
      "url": "https://scholar.google.com/citations?view_op=view_citation&hl=en&user=LmKtwk8AAAAJ&citation_for_view=LmKtwk8AAAAJ:d1gkVwhDpl0C",
      "authors": "Y Bengio, O Delalleau, N Le Roux",
      "venue": "Semi-supervised learning, 193-216, 2006",
      "year": 2006,
      "citations": 473
    },
    {
      "title": "The curse of highly variable functions for local kernel machines",
      "url": "https://scholar.google.com/citations?view_op=view_citation&hl=en&user=LmKtwk8AAAAJ&citation_for_view=LmKtwk8AAAAJ:9yKSN-GCB0IC",
      "authors": "Y Bengio, O Delalleau, N Le Roux",
      "venue": "NIPS 18, 107, 2006",
      "year": 2006,
      "citations": 326
    },
    {
      "title": "Convex neural networks",
      "url": "https://scholar.google.com/citations?view_op=view_citation&hl=en&user=LmKtwk8AAAAJ&citation_for_view=LmKtwk8AAAAJ:UeHWp8X0CEIC",
      "authors": "Y Bengio, N Le Roux, P Vincent, O Delalleau, P Marcotte",
      "venue": "NIPS, 123-130, 2005",
      "year": 2005,
      "citations": 309
    },
    {
      "title": "Efficient Non-Parametric Function Induction in Semi-Supervised Learning.",
      "url": "https://scholar.google.com/citations?view_op=view_citation&hl=en&user=LmKtwk8AAAAJ&citation_for_view=LmKtwk8AAAAJ:u-x6o8ySG0sC",
      "authors": "O Delalleau, Y Bengio, N Le Roux",
      "venue": "International Conference on Artificial Intelligence and Statistics, 2005",
      "year": 2005,
      "citations": 267
    },
    {
      "title": "The curse of dimensionality for local kernel machines",
      "url": "https://scholar.google.com/citations?view_op=view_citation&hl=en&user=LmKtwk8AAAAJ&citation_for_view=LmKtwk8AAAAJ:O3NaXMp0MMsC",
      "authors": "Y Bengio, O Delalleau, N Le Roux",
      "venue": "Techn. Rep 1258 (12), 1, 2005",
      "year": 2005,
      "citations": 132
    },
    {
      "title": "Out-of-sample extensions for lle, isomap, mds, eigenmaps, and spectral clustering",
      "url": "https://scholar.google.com/citations?view_op=view_citation&hl=en&user=LmKtwk8AAAAJ&citation_for_view=LmKtwk8AAAAJ:u5HHmVD_uO8C",
      "authors": "Y Bengio, JF Paiement, P Vincent, O Delalleau, N Le Roux, M Ouimet",
      "venue": "NIPS 16, 177-184, 2004",
      "year": 2004,
      "citations": 1489
    },
    {
      "title": "Learning eigenfunctions links spectral embedding and kernel PCA",
      "url": "https://scholar.google.com/citations?view_op=view_citation&hl=en&user=LmKtwk8AAAAJ&citation_for_view=LmKtwk8AAAAJ:4DMP91E08xMC",
      "authors": "Y Bengio, O Delalleau, N Le Roux, JF Paiement, P Vincent, M Ouimet",
      "venue": "Neural Computation 16 (10), 2197-2219, 2004",
      "year": 2004,
      "citations": 369
    },
    {
      "title": "Spectral clustering and kernel PCA are learning eigenfunctions",
      "url": "https://scholar.google.com/citations?view_op=view_citation&hl=en&user=LmKtwk8AAAAJ&citation_for_view=LmKtwk8AAAAJ:ns9cj8rnVeAC",
      "authors": "Y Bengio, P Vincent, JF Paiement, O Delalleau, M Ouimet, N Le Roux",
      "venue": "CIRANO, 2003",
      "year": 2003,
      "citations": 92
    }
  ],
  "co_authors": [
    {
      "name": "Yoshua Bengio",
      "scholar_id": "kukA0LcAAAAJ",
      "url": "https://scholar.google.com/citations?user=kukA0LcAAAAJ"
    },
    {
      "name": "Olivier Delalleau",
      "scholar_id": "zqLpO2QAAAAJ",
      "url": "https://scholar.google.com/citations?user=zqLpO2QAAAAJ"
    },
    {
      "name": "Francis Bach",
      "scholar_id": "6PJWcFEAAAAJ",
      "url": "https://scholar.google.com/citations?user=6PJWcFEAAAAJ"
    },
    {
      "name": "Mark Schmidt",
      "scholar_id": "5BtEUJcAAAAJ",
      "url": "https://scholar.google.com/citations?user=5BtEUJcAAAAJ"
    },
    {
      "name": "Pascal Vincent",
      "scholar_id": "WBCKQMsAAAAJ",
      "url": "https://scholar.google.com/citations?user=WBCKQMsAAAAJ"
    },
    {
      "name": "Alessandro Sordoni",
      "scholar_id": "DJon7w4AAAAJ",
      "url": "https://scholar.google.com/citations?user=DJon7w4AAAAJ"
    },
    {
      "name": "Pierre-Antoine Manzagol",
      "scholar_id": "xdlBKc8AAAAJ",
      "url": "https://scholar.google.com/citations?user=xdlBKc8AAAAJ"
    },
    {
      "name": "Dale Schuurmans",
      "scholar_id": "xaQuPloAAAAJ",
      "url": "https://scholar.google.com/citations?user=xaQuPloAAAAJ"
    },
    {
      "name": "Marc G. Bellemare",
      "scholar_id": "uyYPun0AAAAJ",
      "url": "https://scholar.google.com/citations?user=uyYPun0AAAAJ"
    },
    {
      "name": "Sharan Vaswani",
      "scholar_id": "bDb2zWwAAAAJ",
      "url": "https://scholar.google.com/citations?user=bDb2zWwAAAAJ"
    },
    {
      "name": "John Winn",
      "scholar_id": "GYksTEEAAAAJ",
      "url": "https://scholar.google.com/citations?user=GYksTEEAAAAJ"
    },
    {
      "name": "Pablo Samuel Castro",
      "scholar_id": "jn5r6TsAAAAJ",
      "url": "https://scholar.google.com/citations?user=jn5r6TsAAAAJ"
    },
    {
      "name": "Matheus Pereira",
      "scholar_id": "ZiB_W_QAAAAJ",
      "url": "https://scholar.google.com/citations?user=ZiB_W_QAAAAJ"
    },
    {
      "name": "Jamie Shotton",
      "scholar_id": "eSOXB6IAAAAJ",
      "url": "https://scholar.google.com/citations?user=eSOXB6IAAAAJ"
    },
    {
      "name": "Nicolas Heess",
      "scholar_id": "79k7bGEAAAAJ",
      "url": "https://scholar.google.com/citations?user=79k7bGEAAAAJ"
    },
    {
      "name": "Yann LeCun",
      "scholar_id": "WLN3QrAAAAAJ",
      "url": "https://scholar.google.com/citations?user=WLN3QrAAAAAJ"
    },
    {
      "name": "Jean Ponce",
      "scholar_id": "vC2vywcAAAAJ",
      "url": "https://scholar.google.com/citations?user=vC2vywcAAAAJ"
    },
    {
      "name": "Fabian Pedregosa",
      "scholar_id": "PJQNw9oAAAAJ",
      "url": "https://scholar.google.com/citations?user=PJQNw9oAAAAJ"
    },
    {
      "name": "Mohammad Norouzi",
      "scholar_id": "Lncr-VoAAAAJ",
      "url": "https://scholar.google.com/citations?user=Lncr-VoAAAAJ"
    },
    {
      "name": "Zafarali Ahmed",
      "scholar_id": "KZHIDrIAAAAJ",
      "url": "https://scholar.google.com/citations?user=KZHIDrIAAAAJ"
    }
  ]
}