{
  "author_info": {
    "name": "Zane Durante",
    "affiliation": "Stanford University",
    "email_verified": "Verified email at stanford.edu",
    "interests": [
      "Machine Learning",
      "Computer Vision",
      "Multi-modal Learning",
      "AI + Healthcare"
    ],
    "photo_url": "https://scholar.googleusercontent.com/citations?view_op=view_photo&user=qxH2dTsAAAAJ&citpid=6"
  },
  "citation_stats": {
    "citations_all": 815,
    "citations_since_2020": 802,
    "h_index_all": 12,
    "h_index_since_2020": 12,
    "i10_index_all": 12,
    "i10_index_since_2020": 12,
    "citation_graph": [
      {
        "year": 2017,
        "citations": 7
      },
      {
        "year": 2018,
        "citations": 4
      },
      {
        "year": 2019,
        "citations": 1
      },
      {
        "year": 2020,
        "citations": 17
      },
      {
        "year": 2021,
        "citations": 12
      },
      {
        "year": 2022,
        "citations": 20
      },
      {
        "year": 2023,
        "citations": 34
      },
      {
        "year": 2024,
        "citations": 178
      },
      {
        "year": 2025,
        "citations": 538
      }
    ]
  },
  "papers": [
    {
      "title": "An interactive agent foundation model",
      "url": "https://scholar.google.com/citations?view_op=view_citation&hl=en&user=qxH2dTsAAAAJ&citation_for_view=qxH2dTsAAAAJ:roLk4NBRz8UC",
      "authors": "Z Durante, R Gong, B Sarkar, N Wake, R Taori, P Tang, S Lakshmikanth, ...",
      "venue": "Proceedings of the Computer Vision and Pattern Recognition Conference, 3652-3662, 2025",
      "year": 2025,
      "citations": 40
    },
    {
      "title": "Re-thinking temporal search for long-form video understanding",
      "url": "https://scholar.google.com/citations?view_op=view_citation&hl=en&user=qxH2dTsAAAAJ&citation_for_view=qxH2dTsAAAAJ:kNdYIx-mwKoC",
      "authors": "J Ye, Z Wang, H Sun, K Chandrasegaran, Z Durante, C Eyzaguirre, Y Bisk, ...",
      "venue": "Proceedings of the Computer Vision and Pattern Recognition Conference, 8579-8591, 2025",
      "year": 2025,
      "citations": 28
    },
    {
      "title": "Agent AI: Surveying the horizons of multimodal interaction",
      "url": "https://scholar.google.com/citations?view_op=view_citation&hl=en&user=qxH2dTsAAAAJ&citation_for_view=qxH2dTsAAAAJ:LkGwnXOMwfcC",
      "authors": "Z Durante, Q Huang, N Wake, R Gong, JS Park, B Sarkar, R Taori, Y Noda, ...",
      "venue": "arXiv preprint arXiv:2401.03568, 2024",
      "year": 2024,
      "citations": 271
    },
    {
      "title": "Mindagent: Emergent gaming interaction",
      "url": "https://scholar.google.com/citations?view_op=view_citation&hl=en&user=qxH2dTsAAAAJ&citation_for_view=qxH2dTsAAAAJ:_FxGoFyzp5QC",
      "authors": "R Gong, Q Huang, X Ma, Y Noda, Z Durante, Z Zheng, D Terzopoulos, ...",
      "venue": "Findings of the Association for Computational Linguistics: NAACL 2024, 3154-3183, 2024",
      "year": 2024,
      "citations": 142
    },
    {
      "title": "Hourvideo: 1-hour video-language understanding",
      "url": "https://scholar.google.com/citations?view_op=view_citation&hl=en&user=qxH2dTsAAAAJ&citation_for_view=qxH2dTsAAAAJ:0EnyYjriUFMC",
      "authors": "K Chandrasegaran, A Gupta, LM Hadzic, T Kota, J He, C Eyzaguirre, ...",
      "venue": "Advances in Neural Information Processing Systems 37, 53168-53197, 2024",
      "year": 2024,
      "citations": 75
    },
    {
      "title": "Position paper: Agent ai towards a holistic intelligence",
      "url": "https://scholar.google.com/citations?view_op=view_citation&hl=en&user=qxH2dTsAAAAJ&citation_for_view=qxH2dTsAAAAJ:Se3iqnhoufwC",
      "authors": "Q Huang, N Wake, B Sarkar, Z Durante, R Gong, R Taori, Y Noda, ...",
      "venue": "arXiv preprint arXiv:2403.00833, 2024",
      "year": 2024,
      "citations": 41
    },
    {
      "title": "Failures to find transferable image jailbreaks between vision-language models",
      "url": "https://scholar.google.com/citations?view_op=view_citation&hl=en&user=qxH2dTsAAAAJ&citation_for_view=qxH2dTsAAAAJ:5nxA0vEk-isC",
      "authors": "R Schaeffer, D Valentine, L Bailey, J Chua, C Eyzaguirre, Z Durante, ...",
      "venue": "arXiv preprint arXiv:2407.15211, 2024",
      "year": 2024,
      "citations": 18
    },
    {
      "title": "When Do Universal Image Jailbreaks Transfer Between Vision-Language Models?",
      "url": "https://scholar.google.com/citations?view_op=view_citation&hl=en&user=qxH2dTsAAAAJ&citation_for_view=qxH2dTsAAAAJ:hqOjcs7Dif8C",
      "authors": "R Schaeffer, D Valentine, L Bailey, J Chua, C Eyzaguirre, Z Durante, ...",
      "venue": "Workshop on Responsibly Building the Next Generation of Multimodal …, 2024",
      "year": 2024,
      "citations": 13
    },
    {
      "title": "Agent AI: Surveying the horizons of multimodal interaction. arXiv",
      "url": "https://scholar.google.com/citations?view_op=view_citation&hl=en&user=qxH2dTsAAAAJ&citation_for_view=qxH2dTsAAAAJ:YOwf2qJgpHMC",
      "authors": "Z Durante, Q Huang, N Wake, R Gong, JS Park, B Sarkar, R Taori, Y Noda, ...",
      "venue": "arXiv preprint arXiv:2401.03568, 2024",
      "year": 2024,
      "citations": 8
    },
    {
      "title": "Differentially private video activity recognition",
      "url": "https://scholar.google.com/citations?view_op=view_citation&hl=en&user=qxH2dTsAAAAJ&citation_for_view=qxH2dTsAAAAJ:ufrVoPGSRksC",
      "authors": "Z Luo, Y Zou, Y Yang, Z Durante, DA Huang, Z Yu, C Xiao, L Fei-Fei, ...",
      "venue": "Proceedings of the IEEE/CVF Winter Conference on Applications of Computer …, 2024",
      "year": 2024,
      "citations": 8
    },
    {
      "title": "Agent AI: surveying the horizons of multimodal interaction (arXiv: 2401.03568). arXiv",
      "url": "https://scholar.google.com/citations?view_op=view_citation&hl=en&user=qxH2dTsAAAAJ&citation_for_view=qxH2dTsAAAAJ:_kc_bZDykSQC",
      "authors": "Z Durante, Q Huang, N Wake, R Gong, JS Park, B Sarkar, R Taori, Y Noda, ...",
      "venue": "",
      "citations": 6,
      "year": 2024
    },
    {
      "title": "Moma-lrg: Language-refined graphs for multi-object multi-actor activity parsing",
      "url": "https://scholar.google.com/citations?view_op=view_citation&hl=en&user=qxH2dTsAAAAJ&citation_for_view=qxH2dTsAAAAJ:YsMSGLbcyi4C",
      "authors": "Z Luo, Z Durante, L Li, W Xie, R Liu, E Jin, Z Huang, LY Li, J Wu, ...",
      "venue": "Advances in Neural Information Processing Systems 35, 5282-5298, 2022",
      "year": 2022,
      "citations": 28
    },
    {
      "title": "Causal indicators for assessing the truthfulness of child speech in forensic interviews",
      "url": "https://scholar.google.com/citations?view_op=view_citation&hl=en&user=qxH2dTsAAAAJ&citation_for_view=qxH2dTsAAAAJ:Tyk-4Ss8FVUC",
      "authors": "Z Durante, V Ardulov, M Kumar, J Gongola, T Lyon, S Narayanan",
      "venue": "Computer speech & language 71, 101263, 2022",
      "year": 2022,
      "citations": 8
    },
    {
      "title": "Identifying truthful language in child interviews",
      "url": "https://scholar.google.com/citations?view_op=view_citation&hl=en&user=qxH2dTsAAAAJ&citation_for_view=qxH2dTsAAAAJ:zYLM7Y9cAGgC",
      "authors": "V Ardulov, Z Durante, S Williams, T Lyon, S Narayanan",
      "venue": "ICASSP 2020-2020 IEEE International Conference on Acoustics, Speech and …, 2020",
      "year": 2020,
      "citations": 7
    },
    {
      "title": "Canagliflozin inhibits human endothelial cell proliferation and tube formation",
      "url": "https://scholar.google.com/citations?view_op=view_citation&hl=en&user=qxH2dTsAAAAJ&citation_for_view=qxH2dTsAAAAJ:qjMakFHDy7sC",
      "authors": "G Behnammanesh, ZE Durante, KJ Peyton, LA Martinez-Lemus, ...",
      "venue": "Frontiers in pharmacology 10, 362, 2019",
      "year": 2019,
      "citations": 55
    },
    {
      "title": "Heme oxygenase-1-derived bilirubin counteracts HIV protease inhibitor-mediated endothelial cell dysfunction",
      "url": "https://scholar.google.com/citations?view_op=view_citation&hl=en&user=qxH2dTsAAAAJ&citation_for_view=qxH2dTsAAAAJ:u5HHmVD_uO8C",
      "authors": "XM Liu, ZE Durante, KJ Peyton, W Durante",
      "venue": "Free Radical Biology and Medicine 94, 218-229, 2016",
      "year": 2016,
      "citations": 30
    },
    {
      "title": "Agent AI: Surveying the horizons of multimodal interaction. 2024",
      "url": "https://scholar.google.com/citations?view_op=view_citation&hl=en&user=qxH2dTsAAAAJ&citation_for_view=qxH2dTsAAAAJ:ULOm3_A8WrAC",
      "authors": "Z Durante, Q Huang, N Wake, R Gong, JS Park, B Sarkar, R Taori, Y Noda, ...",
      "venue": "URL https://arxiv. org/abs/2401.03568, 0",
      "citations": 12
    },
    {
      "title": "Position Paper: Agent AI Towards a Holistic Intelligence (2024)",
      "url": "https://scholar.google.com/citations?view_op=view_citation&hl=en&user=qxH2dTsAAAAJ&citation_for_view=qxH2dTsAAAAJ:Zph67rFs4hoC",
      "authors": "Q Huang, N Wake, B Sarkar, Z Durante, R Gong, R Taori, Y Noda, ...",
      "venue": "URL https://arxiv. org/abs/2403.00833, 0",
      "citations": 7
    },
    {
      "title": "Agent AI: Surveying the horizons of multimodal interaction. arXiv 2024",
      "url": "https://scholar.google.com/citations?view_op=view_citation&hl=en&user=qxH2dTsAAAAJ&citation_for_view=qxH2dTsAAAAJ:KlAtU1dfN6UC",
      "authors": "Z Durante, Q Huang, N Wake, R Gong, JS Park, B Sarkar, R Taori, Y Noda, ...",
      "venue": "arXiv preprint arXiv:2401.03568, 0",
      "citations": 7
    },
    {
      "title": "When do universal image jailbreaks transfer between vision-language models?, 2024",
      "url": "https://scholar.google.com/citations?view_op=view_citation&hl=en&user=qxH2dTsAAAAJ&citation_for_view=qxH2dTsAAAAJ:MXK_kJrjxJIC",
      "authors": "R Schaeffer, D Valentine, L Bailey, J Chua, C Eyzaguirre, Z Durante, ...",
      "venue": "URL https://arxiv. org/abs/2407.15211, 0",
      "citations": 6
    }
  ],
  "co_authors": [
    {
      "name": "Victor Ardulov",
      "scholar_id": "uxrfU2IAAAAJ",
      "url": "https://scholar.google.com/citations?user=uxrfU2IAAAAJ"
    },
    {
      "name": "Shrikanth (Shri) Narayanan",
      "scholar_id": "8EDHmYkAAAAJ",
      "url": "https://scholar.google.com/citations?user=8EDHmYkAAAAJ"
    }
  ]
}