{
  "author_info": {
    "name": "Yihui Wang",
    "affiliation": "PhD student in CSE, HKUST",
    "email_verified": "Verified email at connect.ust.hk",
    "interests": [
      "Computer Vision",
      "Medical Image Analysis",
      "Computational Pathology"
    ],
    "photo_url": "https://scholar.googleusercontent.com/citations?view_op=view_photo&user=jwXwaO8AAAAJ&citpid=4"
  },
  "citation_stats": {
    "citations_all": 529,
    "citations_since_2020": 529,
    "h_index_all": 7,
    "h_index_since_2020": 7,
    "i10_index_all": 6,
    "i10_index_since_2020": 6,
    "citation_graph": [
      {
        "year": 2024,
        "citations": 104
      },
      {
        "year": 2025,
        "citations": 417
      }
    ]
  },
  "papers": [
    {
      "title": "A generalizable pathology foundation model using a unified knowledge distillation pretraining framework",
      "url": "https://scholar.google.com/citations?view_op=view_citation&hl=en&user=jwXwaO8AAAAJ&citation_for_view=jwXwaO8AAAAJ:8k81kl-MbHgC",
      "authors": "J Ma, Z Guo, F Zhou, Y Wang, Y Xu, J Li, F Yan, Y Cai, Z Zhu, C Jin, Y Lin, ...",
      "venue": "Nature Biomedical Engineering, 1-20, 2025",
      "year": 2025,
      "citations": 53
    },
    {
      "title": "PathBench: A comprehensive comparison benchmark for pathology foundation models towards precision oncology",
      "url": "https://scholar.google.com/citations?view_op=view_citation&hl=en&user=jwXwaO8AAAAJ&citation_for_view=jwXwaO8AAAAJ:ufrVoPGSRksC",
      "authors": "J Ma, Y Xu, F Zhou, Y Wang, C Jin, Z Guo, J Wu, OK Tang, H Zhou, ...",
      "venue": "arXiv preprint arXiv:2505.20202, 2025",
      "year": 2025,
      "citations": 8
    },
    {
      "title": "Conceptclip: Towards trustworthy medical ai via concept-enhanced contrastive langauge-image pre-training",
      "url": "https://scholar.google.com/citations?view_op=view_citation&hl=en&user=jwXwaO8AAAAJ&citation_for_view=jwXwaO8AAAAJ:IjCSPb-OGe4C",
      "authors": "Y Nie, S He, Y Bie, Y Wang, Z Chen, S Yang, H Chen",
      "venue": "arXiv e-prints, arXiv: 2501.15579, 2025",
      "year": 2025,
      "citations": 7
    },
    {
      "title": "Segment Anything in Pathology Images with Natural Language",
      "url": "https://scholar.google.com/citations?view_op=view_citation&hl=en&user=jwXwaO8AAAAJ&citation_for_view=jwXwaO8AAAAJ:UebtZRa9Y70C",
      "authors": "Z Chen, J Hou, L Lin, Y Wang, Y Bie, X Wang, Y Zhou, RCK Chan, ...",
      "venue": "arXiv preprint arXiv:2506.20988, 2025",
      "year": 2025,
      "citations": 5
    },
    {
      "title": "Large-scale Self-supervised Video Foundation Model for Intelligent Surgery",
      "url": "https://scholar.google.com/citations?view_op=view_citation&hl=en&user=jwXwaO8AAAAJ&citation_for_view=jwXwaO8AAAAJ:_FxGoFyzp5QC",
      "authors": "S Yang, F Zhou, L Mayer, F Huang, Y Chen, Y Wang, S He, Y Nie, ...",
      "venue": "arXiv preprint arXiv:2506.02692, 2025",
      "year": 2025,
      "citations": 4
    },
    {
      "title": "Distilled Prompt Learning for Incomplete Multimodal Survival Prediction",
      "url": "https://scholar.google.com/citations?view_op=view_citation&hl=en&user=jwXwaO8AAAAJ&citation_for_view=jwXwaO8AAAAJ:eQOLeE2rZwMC",
      "authors": "Y Xu, F Zhou, C Zhao, Y Wang, C Yang, H Chen",
      "venue": "Proceedings of the Computer Vision and Pattern Recognition Conference, 5102-5111, 2025",
      "year": 2025,
      "citations": 4
    },
    {
      "title": "A versatile pathology co-pilot via reasoning enhanced multimodal large language model",
      "url": "https://scholar.google.com/citations?view_op=view_citation&hl=en&user=jwXwaO8AAAAJ&citation_for_view=jwXwaO8AAAAJ:0EnyYjriUFMC",
      "authors": "Z Xu, Z Liu, J Hou, J Ma, C Jin, Y Wang, Z Chen, Z Zhang, F Huang, Z Guo, ...",
      "venue": "arXiv preprint arXiv:2507.17303, 2025",
      "year": 2025,
      "citations": 2
    },
    {
      "title": "Comparative validation of surgical phase recognition, instrument keypoint estimation, and instrument instance segmentation in endoscopy: Results of the PhaKIR 2024 challenge",
      "url": "https://scholar.google.com/citations?view_op=view_citation&hl=en&user=jwXwaO8AAAAJ&citation_for_view=jwXwaO8AAAAJ:5nxA0vEk-isC",
      "authors": "T Rueckert, D Rauber, R Maerkl, L Klausmann, SR Yildiran, M Gutbrod, ...",
      "venue": "arXiv preprint arXiv:2507.16559, 2025",
      "year": 2025,
      "citations": 2
    },
    {
      "title": "Discovering Pathology Rationale and Token Allocation for Efficient Multimodal Pathology Reasoning",
      "url": "https://scholar.google.com/citations?view_op=view_citation&hl=en&user=jwXwaO8AAAAJ&citation_for_view=jwXwaO8AAAAJ:WF5omc3nYNoC",
      "authors": "Z Xu, C Jin, Y Wang, Z Liu, H Chen",
      "venue": "arXiv preprint arXiv:2505.15687, 2025",
      "year": 2025,
      "citations": 1
    },
    {
      "title": "A clinical-grade universal foundation model for intraoperative pathology",
      "url": "https://scholar.google.com/citations?view_op=view_citation&hl=en&user=jwXwaO8AAAAJ&citation_for_view=jwXwaO8AAAAJ:3fE2CSJIrl8C",
      "authors": "Z Zhao, F Zhou, R Li, B Chu, X Zhang, X Zheng, K Zheng, X Wen, J Ma, ...",
      "venue": "arXiv preprint arXiv:2510.04861, 2025",
      "year": 2025,
      "citations": 0
    },
    {
      "title": "GenAR: Next-Scale Autoregressive Generation for Spatial Gene Expression Prediction",
      "url": "https://scholar.google.com/citations?view_op=view_citation&hl=en&user=jwXwaO8AAAAJ&citation_for_view=jwXwaO8AAAAJ:MXK_kJrjxJIC",
      "authors": "J Ouyang*, Y Wang*, Y Gao, Y Xu, S Yang, H Chen",
      "venue": "arXiv preprint arXiv:2510.04315, 2025",
      "year": 2025,
      "citations": 0
    },
    {
      "title": "Genome-Anchored Foundation Model Embeddings Improve Molecular Prediction from Histology Images",
      "url": "https://scholar.google.com/citations?view_op=view_citation&hl=en&user=jwXwaO8AAAAJ&citation_for_view=jwXwaO8AAAAJ:roLk4NBRz8UC",
      "authors": "C Jin, F Zhou, Y Yu, J Ma, Y Wang, Y Xu, H Zhou, H Jiang, L Luo, L Mao, ...",
      "venue": "arXiv preprint arXiv:2506.19681, 2025",
      "year": 2025,
      "citations": 0
    },
    {
      "title": "Genomic Touchstone: Benchmarking Genomic Language Models in the Context of the Central Dogma",
      "url": "https://scholar.google.com/citations?view_op=view_citation&hl=en&user=jwXwaO8AAAAJ&citation_for_view=jwXwaO8AAAAJ:hqOjcs7Dif8C",
      "authors": "Y Wang, Z Cai, Q Zeng, Y Gao, J Ouyang, Y Xu, S Yang, S He, Y Nie, ...",
      "venue": "bioRxiv, 2025.06. 25.661622, 2025",
      "year": 2025,
      "citations": 0
    },
    {
      "title": "Visual mamba: A survey and new outlooks",
      "url": "https://scholar.google.com/citations?view_op=view_citation&hl=en&user=jwXwaO8AAAAJ&citation_for_view=jwXwaO8AAAAJ:UeHWp8X0CEIC",
      "authors": "R Xu, S Yang, Y Wang, Y Cai, B Du, H Chen",
      "venue": "arXiv preprint arXiv:2404.18861, 2024",
      "year": 2024,
      "citations": 175
    },
    {
      "title": "Mambamil: Enhancing long sequence modeling with sequence reordering in computational pathology",
      "url": "https://scholar.google.com/citations?view_op=view_citation&hl=en&user=jwXwaO8AAAAJ&citation_for_view=jwXwaO8AAAAJ:u-x6o8ySG0sC",
      "authors": "S Yang*, Y Wang*, H Chen",
      "venue": "International Conference on Medical Image Computing and Computer-Assisted …, 2024",
      "year": 2024,
      "citations": 122
    },
    {
      "title": "GSCo: Towards Generalizable AI in Medicine via Generalist-Specialist Collaboration",
      "url": "https://scholar.google.com/citations?view_op=view_citation&hl=en&user=jwXwaO8AAAAJ&citation_for_view=jwXwaO8AAAAJ:YsMSGLbcyi4C",
      "authors": "S He, Y Nie, H Wang, S Yang, Y Wang, Z Cai, Z Chen, Y Xu, L Luo, ...",
      "venue": "arXiv preprint arXiv:2404.15127, 2024",
      "year": 2024,
      "citations": 54
    },
    {
      "title": "A multimodal knowledge-enhanced whole-slide pathology foundation model",
      "url": "https://scholar.google.com/citations?view_op=view_citation&hl=en&user=jwXwaO8AAAAJ&citation_for_view=jwXwaO8AAAAJ:2osOgNQ5qMEC",
      "authors": "Y Xu*, Y Wang*, F Zhou, J Ma, S Yang, H Lin, X Wang, J Wang, L Liang, ...",
      "venue": "arXiv preprint arXiv:2407.15362, 2024",
      "year": 2024,
      "citations": 51
    },
    {
      "title": "Histgen: Histopathology report generation via local-global feature encoding and cross-modal context interaction",
      "url": "https://scholar.google.com/citations?view_op=view_citation&hl=en&user=jwXwaO8AAAAJ&citation_for_view=jwXwaO8AAAAJ:d1gkVwhDpl0C",
      "authors": "Z Guo, J Ma, Y Xu, Y Wang, L Wang, H Chen",
      "venue": "International Conference on Medical Image Computing and Computer-Assisted …, 2024",
      "year": 2024,
      "citations": 41
    }
  ],
  "co_authors": [
    {
      "name": "Hao Chen",
      "scholar_id": "Z_t5DjwAAAAJ",
      "url": "https://scholar.google.com/citations?user=Z_t5DjwAAAAJ"
    },
    {
      "name": "Yingxue Xu",
      "scholar_id": "XY6NCLMAAAAJ",
      "url": "https://scholar.google.com/citations?user=XY6NCLMAAAAJ"
    },
    {
      "name": "Yang Shu",
      "scholar_id": "6QlQF1oAAAAJ",
      "url": "https://scholar.google.com/citations?user=6QlQF1oAAAAJ"
    }
  ]
}