{
  "author_info": {
    "name": "Marc Alexa",
    "affiliation": "Professor of Computer Science, TU Berlin",
    "email_verified": "Verified email at tu-berlin.de - Homepage",
    "website": "http://www.cg.tu-berlin.de/team/prof-dr-marc-alexa/",
    "interests": [
      "Computer Graphics",
      "Geometric Modeling",
      "Geometry Processing"
    ],
    "photo_url": "https://scholar.googleusercontent.com/citations?view_op=view_photo&user=KNwXLLsAAAAJ&citpid=3"
  },
  "citation_stats": {
    "citations_all": 22091,
    "citations_since_2020": 6478,
    "h_index_all": 57,
    "h_index_since_2020": 32,
    "i10_index_all": 132,
    "i10_index_since_2020": 79,
    "citation_graph": [
      {
        "year": 2002,
        "citations": 90
      },
      {
        "year": 2003,
        "citations": 222
      },
      {
        "year": 2004,
        "citations": 505
      },
      {
        "year": 2005,
        "citations": 655
      },
      {
        "year": 2006,
        "citations": 894
      },
      {
        "year": 2007,
        "citations": 995
      },
      {
        "year": 2008,
        "citations": 925
      },
      {
        "year": 2009,
        "citations": 935
      },
      {
        "year": 2010,
        "citations": 882
      },
      {
        "year": 2011,
        "citations": 963
      },
      {
        "year": 2012,
        "citations": 916
      },
      {
        "year": 2013,
        "citations": 1028
      },
      {
        "year": 2014,
        "citations": 1033
      },
      {
        "year": 2015,
        "citations": 1095
      },
      {
        "year": 2016,
        "citations": 1025
      },
      {
        "year": 2017,
        "citations": 1016
      },
      {
        "year": 2018,
        "citations": 1075
      },
      {
        "year": 2019,
        "citations": 949
      },
      {
        "year": 2020,
        "citations": 1042
      },
      {
        "year": 2021,
        "citations": 1060
      },
      {
        "year": 2022,
        "citations": 1113
      },
      {
        "year": 2023,
        "citations": 1086
      },
      {
        "year": 2024,
        "citations": 1083
      },
      {
        "year": 2025,
        "citations": 1088
      }
    ]
  },
  "papers": [
    {
      "title": "As-rigid-as-possible shape interpolation",
      "url": "https://scholar.google.com/citations?view_op=view_citation&hl=en&user=KNwXLLsAAAAJ&citation_for_view=KNwXLLsAAAAJ:9yKSN-GCB0IC",
      "authors": "M Alexa, D Cohen-Or, D Levin",
      "venue": "Seminal Graphics Papers: Pushing the Boundaries, Volume 2, 165-172, 2023",
      "year": 2023,
      "citations": 794
    },
    {
      "title": "Abc: A big cad model dataset for geometric deep learning",
      "url": "https://scholar.google.com/citations?view_op=view_citation&hl=en&user=KNwXLLsAAAAJ&citation_for_view=KNwXLLsAAAAJ:Ri6SYOTghG4C",
      "authors": "S Koch, A Matveev, Z Jiang, F Williams, A Artemov, E Burnaev, M Alexa, ...",
      "venue": "Proceedings of the IEEE/CVF conference on computer vision and pattern …, 2019",
      "year": 2019,
      "citations": 719
    },
    {
      "title": "How do humans sketch objects?",
      "url": "https://scholar.google.com/citations?view_op=view_citation&hl=en&user=KNwXLLsAAAAJ&citation_for_view=KNwXLLsAAAAJ:738O_yMBCRsC",
      "authors": "M Eitz, J Hays, M Alexa",
      "venue": "ACM Transactions on graphics (TOG) 31 (4), 1-10, 2012",
      "year": 2012,
      "citations": 1228
    },
    {
      "title": "Sketch-based shape retrieval",
      "url": "https://scholar.google.com/citations?view_op=view_citation&hl=en&user=KNwXLLsAAAAJ&citation_for_view=KNwXLLsAAAAJ:OP4eGU-M3BUC",
      "authors": "M Eitz, R Richter, T Boubekeur, K Hildebrand, M Alexa",
      "venue": "ACM Transactions on graphics (TOG) 31 (4), 1-10, 2012",
      "year": 2012,
      "citations": 460
    },
    {
      "title": "Sketch-based image retrieval: Benchmark and bag-of-features descriptors",
      "url": "https://scholar.google.com/citations?view_op=view_citation&hl=en&user=KNwXLLsAAAAJ&citation_for_view=KNwXLLsAAAAJ:TFP_iSt0sucC",
      "authors": "M Eitz, K Hildebrand, T Boubekeur, M Alexa",
      "venue": "IEEE transactions on visualization and computer graphics 17 (11), 1624-1636, 2010",
      "year": 2010,
      "citations": 545
    },
    {
      "title": "As-rigid-as-possible surface modeling",
      "url": "https://scholar.google.com/citations?view_op=view_citation&hl=en&user=KNwXLLsAAAAJ&citation_for_view=KNwXLLsAAAAJ:roLk4NBRz8UC",
      "authors": "O Sorkine, M Alexa",
      "venue": "Symposium on Geometry processing 4, 109-116, 2007",
      "year": 2007,
      "citations": 1594
    },
    {
      "title": "Fibermesh: designing freeform surfaces with 3d curves",
      "url": "https://scholar.google.com/citations?view_op=view_citation&hl=en&user=KNwXLLsAAAAJ&citation_for_view=KNwXLLsAAAAJ:Tyk-4Ss8FVUC",
      "authors": "A Nealen, T Igarashi, O Sorkine, M Alexa",
      "venue": "ACM SIGGRAPH 2007 papers, 41-es, 2007",
      "year": 2007,
      "citations": 578
    },
    {
      "title": "Laplacian mesh optimization",
      "url": "https://scholar.google.com/citations?view_op=view_citation&hl=en&user=KNwXLLsAAAAJ&citation_for_view=KNwXLLsAAAAJ:hqOjcs7Dif8C",
      "authors": "A Nealen, T Igarashi, O Sorkine, M Alexa",
      "venue": "Proceedings of the 4th international conference on Computer graphics and …, 2006",
      "year": 2006,
      "citations": 498
    },
    {
      "title": "A sketch-based interface for detail-preserving mesh editing",
      "url": "https://scholar.google.com/citations?view_op=view_citation&hl=en&user=KNwXLLsAAAAJ&citation_for_view=KNwXLLsAAAAJ:zYLM7Y9cAGgC",
      "authors": "A Nealen, O Sorkine, M Alexa, D Cohen-Or",
      "venue": "ACM Transactions on Graphics 24 (3), 1142-1147, 2005",
      "year": 2005,
      "citations": 331
    },
    {
      "title": "Laplacian surface editing",
      "url": "https://scholar.google.com/citations?view_op=view_citation&hl=en&user=KNwXLLsAAAAJ&citation_for_view=KNwXLLsAAAAJ:tH6gc1N1XXoC",
      "authors": "O Sorkine, D Cohen-Or, Y Lipman, M Alexa, C Rössl, HP Seidel",
      "venue": "Proceedings of the 2004 Eurographics/ACM SIGGRAPH symposium on Geometry …, 2004",
      "year": 2004,
      "citations": 1644
    },
    {
      "title": "Point based animation of elastic, plastic and melting objects",
      "url": "https://scholar.google.com/citations?view_op=view_citation&hl=en&user=KNwXLLsAAAAJ&citation_for_view=KNwXLLsAAAAJ:qjMakFHDy7sC",
      "authors": "M Müller, R Keiser, A Nealen, M Pauly, M Gross, M Alexa",
      "venue": "Proceedings of the 2004 ACM SIGGRAPH/Eurographics symposium on Computer …, 2004",
      "year": 2004,
      "citations": 621
    },
    {
      "title": "Context-based surface completion",
      "url": "https://scholar.google.com/citations?view_op=view_citation&hl=en&user=KNwXLLsAAAAJ&citation_for_view=KNwXLLsAAAAJ:ufrVoPGSRksC",
      "authors": "A Sharf, M Alexa, D Cohen-Or",
      "venue": "ACM SIGGRAPH 2004 Papers, 878-887, 2004",
      "year": 2004,
      "citations": 317
    },
    {
      "title": "Computing and rendering point set surfaces",
      "url": "https://scholar.google.com/citations?view_op=view_citation&hl=en&user=KNwXLLsAAAAJ&citation_for_view=KNwXLLsAAAAJ:u5HHmVD_uO8C",
      "authors": "M Alexa, J Behr, D Cohen-Or, S Fleishman, D Levin, CT Silva",
      "venue": "IEEE Transactions on visualization and computer graphics 9 (1), 3-15, 2003",
      "year": 2003,
      "citations": 1499
    },
    {
      "title": "Multi-level partition of unity implicits",
      "url": "https://scholar.google.com/citations?view_op=view_citation&hl=en&user=KNwXLLsAAAAJ&citation_for_view=KNwXLLsAAAAJ:u-x6o8ySG0sC",
      "authors": "Y Ohtake, A Belyaev, M Alexa, G Turk, HP Seidel",
      "venue": "ACM Transactions on Graphics 22 (3), 463-470, 2003",
      "year": 2003,
      "citations": 1416
    },
    {
      "title": "Differential coordinates for local mesh morphing and deformation",
      "url": "https://scholar.google.com/citations?view_op=view_citation&hl=en&user=KNwXLLsAAAAJ&citation_for_view=KNwXLLsAAAAJ:Y0pCki6q_DkC",
      "authors": "M Alexa",
      "venue": "The Visual Computer 19 (2), 105-114, 2003",
      "year": 2003,
      "citations": 349
    },
    {
      "title": "Recent advances in mesh morphing",
      "url": "https://scholar.google.com/citations?view_op=view_citation&hl=en&user=KNwXLLsAAAAJ&citation_for_view=KNwXLLsAAAAJ:IjCSPb-OGe4C",
      "authors": "M Alexa",
      "venue": "Computer graphics forum 21 (2), 173-198, 2002",
      "year": 2002,
      "citations": 338
    },
    {
      "title": "Linear combination of transformations",
      "url": "https://scholar.google.com/citations?view_op=view_citation&hl=en&user=KNwXLLsAAAAJ&citation_for_view=KNwXLLsAAAAJ:W7OEmFMy1HYC",
      "authors": "M Alexa",
      "venue": "ACM Transactions on Graphics (TOG) 21 (3), 380-387, 2002",
      "year": 2002,
      "citations": 318
    },
    {
      "title": "Point set surfaces",
      "url": "https://scholar.google.com/citations?view_op=view_citation&hl=en&user=KNwXLLsAAAAJ&citation_for_view=KNwXLLsAAAAJ:4fGpz3EwCPoC",
      "authors": "M Alexa, J Behr, D Cohen-Or, S Fleishman, D Levin, CT Silva",
      "venue": "Proceedings Visualization, 2001. VIS'01., 21-29, 537, 2001",
      "year": 2001,
      "citations": 1205
    },
    {
      "title": "Visualizing time-series on spirals.",
      "url": "https://scholar.google.com/citations?view_op=view_citation&hl=en&user=KNwXLLsAAAAJ&citation_for_view=KNwXLLsAAAAJ:YsMSGLbcyi4C",
      "authors": "M Weber, M Alexa, W Müller",
      "venue": "Infovis 1, 7-14, 2001",
      "year": 2001,
      "citations": 558
    },
    {
      "title": "Representing animations by principal components",
      "url": "https://scholar.google.com/citations?view_op=view_citation&hl=en&user=KNwXLLsAAAAJ&citation_for_view=KNwXLLsAAAAJ:2osOgNQ5qMEC",
      "authors": "M Alexa, W Müller",
      "venue": "Computer Graphics Forum 19 (3), 411-418, 2000",
      "year": 2000,
      "citations": 425
    }
  ],
  "co_authors": [
    {
      "name": "Daniel Cohen-Or",
      "scholar_id": "fAxws1sAAAAJ",
      "url": "https://scholar.google.com/citations?user=fAxws1sAAAAJ"
    },
    {
      "name": "Andy Nealen",
      "scholar_id": "YjpanIYAAAAJ",
      "url": "https://scholar.google.com/citations?user=YjpanIYAAAAJ"
    },
    {
      "name": "Mathias Eitz",
      "scholar_id": "8TZIS0sAAAAJ",
      "url": "https://scholar.google.com/citations?user=8TZIS0sAAAAJ"
    },
    {
      "name": "Tamy Boubekeur",
      "scholar_id": "3y5bvpEAAAAJ",
      "url": "https://scholar.google.com/citations?user=3y5bvpEAAAAJ"
    },
    {
      "name": "Olga Sorkine-Hornung",
      "scholar_id": "GBU568oAAAAJ",
      "url": "https://scholar.google.com/citations?user=GBU568oAAAAJ"
    },
    {
      "name": "Kristian Hildebrand",
      "scholar_id": "qhEK194AAAAJ",
      "url": "https://scholar.google.com/citations?user=qhEK194AAAAJ"
    },
    {
      "name": "Hans-Peter Seidel",
      "scholar_id": "s2Ibok8AAAAJ",
      "url": "https://scholar.google.com/citations?user=s2Ibok8AAAAJ"
    },
    {
      "name": "Wojciech Matusik",
      "scholar_id": "wbIMbL8AAAAJ",
      "url": "https://scholar.google.com/citations?user=wbIMbL8AAAAJ"
    },
    {
      "name": "Wolfgang Mueller",
      "scholar_id": "Ixxkt9AAAAAJ",
      "url": "https://scholar.google.com/citations?user=Ixxkt9AAAAAJ"
    },
    {
      "name": "Markus Gross",
      "scholar_id": "uxk0GmUAAAAJ",
      "url": "https://scholar.google.com/citations?user=uxk0GmUAAAAJ"
    },
    {
      "name": "Philipp Herholz",
      "scholar_id": "PGXX120AAAAJ",
      "url": "https://scholar.google.com/citations?user=PGXX120AAAAJ"
    },
    {
      "name": "Shachar Fleishman",
      "scholar_id": "nEpKS-8AAAAJ",
      "url": "https://scholar.google.com/citations?user=nEpKS-8AAAAJ"
    },
    {
      "name": "Denis Zorin",
      "scholar_id": "cagVT0AAAAAJ",
      "url": "https://scholar.google.com/citations?user=cagVT0AAAAAJ"
    },
    {
      "name": "Bernd Bickel",
      "scholar_id": "Bt-QKXYAAAAJ",
      "url": "https://scholar.google.com/citations?user=Bt-QKXYAAAAJ"
    },
    {
      "name": "Daniele Panozzo",
      "scholar_id": "XUp6qhMAAAAJ",
      "url": "https://scholar.google.com/citations?user=XUp6qhMAAAAJ"
    },
    {
      "name": "Claudio T. Silva",
      "scholar_id": "YIwiAAsAAAAJ",
      "url": "https://scholar.google.com/citations?user=YIwiAAsAAAAJ"
    },
    {
      "name": "Christian Rössl",
      "scholar_id": "8SZ79v4AAAAJ",
      "url": "https://scholar.google.com/citations?user=8SZ79v4AAAAJ"
    },
    {
      "name": "David Lindlbauer",
      "scholar_id": "DBkNLiwAAAAJ",
      "url": "https://scholar.google.com/citations?user=DBkNLiwAAAAJ"
    },
    {
      "name": "Takeo Igarashi",
      "scholar_id": "2LJJtI8AAAAJ",
      "url": "https://scholar.google.com/citations?user=2LJJtI8AAAAJ"
    },
    {
      "name": "Xi Wang",
      "scholar_id": "IYUPj9MAAAAJ",
      "url": "https://scholar.google.com/citations?user=IYUPj9MAAAAJ"
    }
  ]
}