{
  "author_info": {
    "name": "Yu Xia",
    "affiliation": "University of California San Diego",
    "email_verified": "Verified email at ucsd.edu - Homepage",
    "website": "https://andree-9.github.io/",
    "interests": [
      "Natural Language Processing",
      "Recommender System"
    ],
    "photo_url": "/citations/images/avatar_scholar_128.png"
  },
  "citation_stats": {
    "citations_all": 475,
    "citations_since_2020": 475,
    "h_index_all": 12,
    "h_index_since_2020": 12,
    "i10_index_all": 13,
    "i10_index_since_2020": 13,
    "citation_graph": [
      {
        "year": 2023,
        "citations": 18
      },
      {
        "year": 2024,
        "citations": 69
      },
      {
        "year": 2025,
        "citations": 385
      }
    ]
  },
  "papers": [
    {
      "title": "GUI Agents: A Survey",
      "url": "https://scholar.google.com/citations?view_op=view_citation&hl=en&user=sTVqEUMAAAAJ&citation_for_view=sTVqEUMAAAAJ:roLk4NBRz8UC",
      "authors": "D Nguyen, J Chen, Y Wang, G Wu, N Park, Z Hu, H Lyu, J Wu, R Aponte, ...",
      "venue": "Findings of the Association for Computational Linguistics: ACL 2025, 22522–22538, 2025",
      "year": 2025,
      "citations": 59
    },
    {
      "title": "Beyond Chain-of-Thought: A Survey of Chain-of-X Paradigms for LLMs",
      "url": "https://scholar.google.com/citations?view_op=view_citation&hl=en&user=sTVqEUMAAAAJ&citation_for_view=sTVqEUMAAAAJ:ufrVoPGSRksC",
      "authors": "Y Xia, R Wang, X Liu, M Li, T Yu, X Chen, J McAuley, S Li",
      "venue": "Proceedings of the 31st International Conference on Computational …, 2025",
      "year": 2025,
      "citations": 58
    },
    {
      "title": "Towards Agentic Recommender Systems in the Era of Multimodal Large Language Models",
      "url": "https://scholar.google.com/citations?view_op=view_citation&hl=en&user=sTVqEUMAAAAJ&citation_for_view=sTVqEUMAAAAJ:kNdYIx-mwKoC",
      "authors": "C Huang, J Wu, Y Xia, Z Yu, R Wang, T Yu, R Zhang, RA Rossi, B Kveton, ...",
      "venue": "arXiv preprint arXiv:2503.16734, 2025",
      "year": 2025,
      "citations": 22
    },
    {
      "title": "Knowledge-Aware Query Expansion with Large Language Models for Textual and Relational Retrieval",
      "url": "https://scholar.google.com/citations?view_op=view_citation&hl=en&user=sTVqEUMAAAAJ&citation_for_view=sTVqEUMAAAAJ:UebtZRa9Y70C",
      "authors": "Y Xia, J Wu, S Kim, T Yu, RA Rossi, H Wang, J McAuley",
      "venue": "Proceedings of the 2025 Conference of the Nations of the Americas Chapter of …, 2025",
      "year": 2025,
      "citations": 18
    },
    {
      "title": "From Selection to Generation: A Survey of LLM-based Active Learning",
      "url": "https://scholar.google.com/citations?view_op=view_citation&hl=en&user=sTVqEUMAAAAJ&citation_for_view=sTVqEUMAAAAJ:MXK_kJrjxJIC",
      "authors": "Y Xia, S Mukherjee, Z Xie, J Wu, X Li, R Aponte, H Lyu, J Barrow, H Chen, ...",
      "venue": "Proceedings of the 63rd Annual Meeting of the Association for Computational …, 2025",
      "year": 2025,
      "citations": 11
    },
    {
      "title": "A Survey on Personalized and Pluralistic Preference Alignment in Large Language Models",
      "url": "https://scholar.google.com/citations?view_op=view_citation&hl=en&user=sTVqEUMAAAAJ&citation_for_view=sTVqEUMAAAAJ:KlAtU1dfN6UC",
      "authors": "Z Xie, J Wu, Y Shen, Y Xia, X Li, A Chang, R Rossi, S Kumar, ...",
      "venue": "Second Conference on Language Modeling, 2025",
      "year": 2025,
      "citations": 5
    },
    {
      "title": "OCEAN: Offline Chain-of-thought Evaluation and Alignment in Large Language Models",
      "url": "https://scholar.google.com/citations?view_op=view_citation&hl=en&user=sTVqEUMAAAAJ&citation_for_view=sTVqEUMAAAAJ:_FxGoFyzp5QC",
      "authors": "J Wu, X Li, R Wang, Y Xia, Y Xiong, J Wang, T Yu, X Chen, B Kveton, ...",
      "venue": "The Thirteenth International Conference on Learning Representations, 2025",
      "year": 2025,
      "citations": 5
    },
    {
      "title": "Mitigating Visual Knowledge Forgetting in MLLM Instruction-tuning via Modality-decoupled Gradient Descent",
      "url": "https://scholar.google.com/citations?view_op=view_citation&hl=en&user=sTVqEUMAAAAJ&citation_for_view=sTVqEUMAAAAJ:3fE2CSJIrl8C",
      "authors": "J Wu, Y Xiong, X Li, Y Xia, R Wang, Y Wang, T Yu, S Kim, RA Rossi, ...",
      "venue": "Findings of the Association for Computational Linguistics: EMNLP 2025, 2282-2295, 2025",
      "year": 2025,
      "citations": 4
    },
    {
      "title": "Doc-React: Multi-page Heterogeneous Document Question-answering",
      "url": "https://scholar.google.com/citations?view_op=view_citation&hl=en&user=sTVqEUMAAAAJ&citation_for_view=sTVqEUMAAAAJ:4DMP91E08xMC",
      "authors": "J Wu, Y Xia, T Yu, X Chen, SS Harsha, AV Maharaj, R Zhang, V Bursztyn, ...",
      "venue": "Proceedings of the 63rd Annual Meeting of the Association for Computational …, 2025",
      "year": 2025,
      "citations": 4
    },
    {
      "title": "From Reviews to Dialogues: Active Synthesis for Zero-Shot LLM-based Conversational Recommender System",
      "url": "https://scholar.google.com/citations?view_op=view_citation&hl=en&user=sTVqEUMAAAAJ&citation_for_view=sTVqEUMAAAAJ:ULOm3_A8WrAC",
      "authors": "R Surana, J Wu, Z Xie, Y Xia, H Steck, D Liang, N Kallus, J McAuley",
      "venue": "arXiv preprint arXiv:2504.15476, 2025",
      "year": 2025,
      "citations": 4
    },
    {
      "title": "In-context Ranking Preference Optimization",
      "url": "https://scholar.google.com/citations?view_op=view_citation&hl=en&user=sTVqEUMAAAAJ&citation_for_view=sTVqEUMAAAAJ:Zph67rFs4hoC",
      "authors": "J Wu, R Surana, Z Xie, Y Shen, Y Xia, T Yu, RA Rossi, P Ammanabrolu, ...",
      "venue": "Second Conference on Language Modeling, 2025",
      "year": 2025,
      "citations": 3
    },
    {
      "title": "The Closeness of In-Context Learning and Weight Shifting for Softmax Regression",
      "url": "https://scholar.google.com/citations?view_op=view_citation&hl=en&user=sTVqEUMAAAAJ&citation_for_view=sTVqEUMAAAAJ:u-x6o8ySG0sC",
      "authors": "S Li, Z Song, Y Xia, T Yu, T Zhou",
      "venue": "Advances in Neural Information Processing Systems 37, 2024",
      "year": 2024,
      "citations": 60
    },
    {
      "title": "A Survey of Small Language Models",
      "url": "https://scholar.google.com/citations?view_op=view_citation&hl=en&user=sTVqEUMAAAAJ&citation_for_view=sTVqEUMAAAAJ:Se3iqnhoufwC",
      "authors": "C Van Nguyen, X Shen, R Aponte, Y Xia, S Basu, Z Hu, J Chen, M Parmar, ...",
      "venue": "arXiv preprint arXiv:2410.20011, 2024",
      "year": 2024,
      "citations": 51
    },
    {
      "title": "Visual Prompting in Multimodal Large Language Models: A Survey",
      "url": "https://scholar.google.com/citations?view_op=view_citation&hl=en&user=sTVqEUMAAAAJ&citation_for_view=sTVqEUMAAAAJ:0EnyYjriUFMC",
      "authors": "J Wu, Z Zhang, Y Xia, X Li, Z Xia, A Chang, T Yu, S Kim, RA Rossi, ...",
      "venue": "arXiv preprint arXiv:2409.15310, 2024",
      "year": 2024,
      "citations": 50
    },
    {
      "title": "Federated Large Language Models: Current Progress and Future Directions",
      "url": "https://scholar.google.com/citations?view_op=view_citation&hl=en&user=sTVqEUMAAAAJ&citation_for_view=sTVqEUMAAAAJ:hqOjcs7Dif8C",
      "authors": "Y Yao, J Zhang, J Wu, C Huang, Y Xia, T Yu, R Zhang, S Kim, R Rossi, ...",
      "venue": "arXiv preprint arXiv:2409.15723, 2024",
      "year": 2024,
      "citations": 30
    },
    {
      "title": "Which LLM to Play? Convergence-Aware Online Model Selection with Time-Increasing Bandits",
      "url": "https://scholar.google.com/citations?view_op=view_citation&hl=en&user=sTVqEUMAAAAJ&citation_for_view=sTVqEUMAAAAJ:9yKSN-GCB0IC",
      "authors": "Y Xia, F Kong, T Yu, L Guo, RA Rossi, S Kim, S Li",
      "venue": "Proceedings of the ACM on Web Conference 2024, 4059-4070, 2024",
      "year": 2024,
      "citations": 22
    },
    {
      "title": "Hallucination Diversity-Aware Active Learning for Text Summarization",
      "url": "https://scholar.google.com/citations?view_op=view_citation&hl=en&user=sTVqEUMAAAAJ&citation_for_view=sTVqEUMAAAAJ:UeHWp8X0CEIC",
      "authors": "Y Xia, X Liu, T Yu, S Kim, RA Rossi, A Rao, T Mai, S Li",
      "venue": "Proceedings of the 2024 Conference of the North American Chapter of the …, 2024",
      "year": 2024,
      "citations": 19
    },
    {
      "title": "Aligning as Debiasing: Causality-Aware Alignment via Reinforcement Learning with Interventional Feedback",
      "url": "https://scholar.google.com/citations?view_op=view_citation&hl=en&user=sTVqEUMAAAAJ&citation_for_view=sTVqEUMAAAAJ:IjCSPb-OGe4C",
      "authors": "Y Xia, T Yu, Z He, H Zhao, J McAuley, S Li",
      "venue": "Proceedings of the 2024 Conference of the North American Chapter of the …, 2024",
      "year": 2024,
      "citations": 18
    },
    {
      "title": "Personalized Multimodal Large Language Models: A Survey",
      "url": "https://scholar.google.com/citations?view_op=view_citation&hl=en&user=sTVqEUMAAAAJ&citation_for_view=sTVqEUMAAAAJ:LkGwnXOMwfcC",
      "authors": "J Wu, H Lyu, Y Xia, Z Zhang, J Barrow, I Kumar, M Mirtaheri, H Chen, ...",
      "venue": "arXiv preprint arXiv:2412.02142, 2024",
      "year": 2024,
      "citations": 8
    },
    {
      "title": "User-Regulation Deconfounded Conversational Recommender System with Bandit Feedback",
      "url": "https://scholar.google.com/citations?view_op=view_citation&hl=en&user=sTVqEUMAAAAJ&citation_for_view=sTVqEUMAAAAJ:u5HHmVD_uO8C",
      "authors": "Y Xia, J Wu, T Yu, S Kim, RA Rossi, S Li",
      "venue": "Proceedings of the 29th ACM SIGKDD Conference on Knowledge Discovery and …, 2023",
      "year": 2023,
      "citations": 13
    }
  ],
  "co_authors": []
}