{
  "author_info": {
    "name": "Yingtian Zou",
    "affiliation": "National University of Singapore",
    "email_verified": "Verified email at u.nus.edu - Homepage",
    "website": "https://yingtian.work/",
    "interests": [
      "machine learning",
      "computer vision",
      "deep learning theory"
    ],
    "photo_url": "/citations/images/avatar_scholar_128.png"
  },
  "citation_stats": {
    "citations_all": 2012,
    "citations_since_2020": 2001,
    "h_index_all": 9,
    "h_index_since_2020": 8,
    "i10_index_all": 8,
    "i10_index_since_2020": 8,
    "citation_graph": [
      {
        "year": 2020,
        "citations": 47
      },
      {
        "year": 2021,
        "citations": 185
      },
      {
        "year": 2022,
        "citations": 289
      },
      {
        "year": 2023,
        "citations": 455
      },
      {
        "year": 2024,
        "citations": 559
      },
      {
        "year": 2025,
        "citations": 465
      }
    ]
  },
  "papers": [
    {
      "title": "SWE-Factory: Your Automated Factory for Issue Resolution Training Data and Evaluation Benchmarks",
      "url": "https://scholar.google.com/citations?view_op=view_citation&hl=en&user=APA-glsAAAAJ&citation_for_view=APA-glsAAAAJ:_FxGoFyzp5QC",
      "authors": "L Guo, Y Wang, C Li, P Yang, J Chen, W Tao, Y Zou, D Tang, Z Zheng",
      "venue": "arXiv preprint arXiv:2506.10954, 2025",
      "year": 2025,
      "citations": 3
    },
    {
      "title": "Improve Representation for Imbalanced Regression through Geometric Constraints",
      "url": "https://scholar.google.com/citations?view_op=view_citation&hl=en&user=APA-glsAAAAJ&citation_for_view=APA-glsAAAAJ:ufrVoPGSRksC",
      "authors": "Z Dong, Y Wu, C Chen, Y Zou, Y Zhang, JH Zhou",
      "venue": "Proceedings of the Computer Vision and Pattern Recognition Conference, 5082-5091, 2025",
      "year": 2025,
      "citations": 1
    },
    {
      "title": "Step Guided Reasoning: Improving Mathematical Reasoning using Guidance Generation and Step Reasoning",
      "url": "https://scholar.google.com/citations?view_op=view_citation&hl=en&user=APA-glsAAAAJ&citation_for_view=APA-glsAAAAJ:LkGwnXOMwfcC",
      "authors": "L Cao, Y Zou, C Peng, R Chen, W Ning, Y Li",
      "venue": "Proceedings of the 2025 Conference on Empirical Methods in Natural Language …, 2025",
      "year": 2025,
      "citations": 0
    },
    {
      "title": "Cross-domain feature augmentation for domain generalization",
      "url": "https://scholar.google.com/citations?view_op=view_citation&hl=en&user=APA-glsAAAAJ&citation_for_view=APA-glsAAAAJ:WF5omc3nYNoC",
      "authors": "Y Liu, Y Zou, R Qiao, F Liu, ML Lee, W Hsu",
      "venue": "arXiv preprint arXiv:2405.08586, 2024",
      "year": 2024,
      "citations": 15
    },
    {
      "title": "Towards robust out-of-distribution generalization bounds via sharpness",
      "url": "https://scholar.google.com/citations?view_op=view_citation&hl=en&user=APA-glsAAAAJ&citation_for_view=APA-glsAAAAJ:eQOLeE2rZwMC",
      "authors": "Y Zou, K Kawaguchi, Y Liu, J Liu, ML Lee, W Hsu",
      "venue": "arXiv preprint arXiv:2403.06392, 2024",
      "year": 2024,
      "citations": 10
    },
    {
      "title": "Mixupe: Understanding and improving mixup from directional derivative perspective",
      "url": "https://scholar.google.com/citations?view_op=view_citation&hl=en&user=APA-glsAAAAJ&citation_for_view=APA-glsAAAAJ:W7OEmFMy1HYC",
      "authors": "Y Zou, V Verma, S Mittal, WH Tang, H Pham, J Kannala, Y Bengio, A Solin, ...",
      "venue": "Uncertainty in Artificial Intelligence, 2597-2607, 2023",
      "year": 2023,
      "citations": 13
    },
    {
      "title": "Task similarity aware meta learning: Theory-inspired improvement on MAML",
      "url": "https://scholar.google.com/citations?view_op=view_citation&hl=en&user=APA-glsAAAAJ&citation_for_view=APA-glsAAAAJ:qjMakFHDy7sC",
      "authors": "P Zhou, Y Zou, XT Yuan, J Feng, C Xiong, S Hoi",
      "venue": "Uncertainty in artificial intelligence, 23-33, 2021",
      "year": 2021,
      "citations": 74
    },
    {
      "title": "Image-to-video generation via 3D facial dynamics",
      "url": "https://scholar.google.com/citations?view_op=view_citation&hl=en&user=APA-glsAAAAJ&citation_for_view=APA-glsAAAAJ:YsMSGLbcyi4C",
      "authors": "X Tu, Y Zou, J Zhao, W Ai, J Dong, Y Yao, Z Wang, G Guo, Z Li, W Liu, ...",
      "venue": "IEEE Transactions on Circuits and Systems for Video Technology 32 (4), 1805-1819, 2021",
      "year": 2021,
      "citations": 62
    },
    {
      "title": "Unraveling model-agnostic meta-learning via the adaptation learning rate",
      "url": "https://scholar.google.com/citations?view_op=view_citation&hl=en&user=APA-glsAAAAJ&citation_for_view=APA-glsAAAAJ:Tyk-4Ss8FVUC",
      "authors": "Y Zou, F Liu, Q Li",
      "venue": "International Conference on Learning Representations, 2021",
      "year": 2021,
      "citations": 15
    },
    {
      "title": "Recurrent Temporal Point Process Network for First and Repeated Clinical Events",
      "url": "https://scholar.google.com/citations?view_op=view_citation&hl=en&user=APA-glsAAAAJ&citation_for_view=APA-glsAAAAJ:Y0pCki6q_DkC",
      "authors": "MM Chan, AYR Lam, D Carmody, MEH Ong, Y Zou, W Hsu, ML Lee",
      "venue": "2021 IEEE 33rd International Conference on Tools with Artificial …, 2021",
      "year": 2021,
      "citations": 0
    },
    {
      "title": "Panet: Few-shot image semantic segmentation with prototype alignment",
      "url": "https://scholar.google.com/citations?view_op=view_citation&hl=en&user=APA-glsAAAAJ&citation_for_view=APA-glsAAAAJ:9yKSN-GCB0IC",
      "authors": "K Wang, JH Liew, Y Zou, D Zhou, J Feng",
      "venue": "proceedings of the IEEE/CVF international conference on computer vision …, 2019",
      "year": 2019,
      "citations": 1785
    },
    {
      "title": "Panoptic edge detection",
      "url": "https://scholar.google.com/citations?view_op=view_citation&hl=en&user=APA-glsAAAAJ&citation_for_view=APA-glsAAAAJ:d1gkVwhDpl0C",
      "authors": "Y Hu, Y Zou, J Feng",
      "venue": "arXiv preprint arXiv:1906.00590, 2019",
      "year": 2019,
      "citations": 9
    },
    {
      "title": "Hierarchical meta learning",
      "url": "https://scholar.google.com/citations?view_op=view_citation&hl=en&user=APA-glsAAAAJ&citation_for_view=APA-glsAAAAJ:u5HHmVD_uO8C",
      "authors": "Y Zou, J Feng",
      "venue": "arXiv preprint arXiv:1904.09081, 2019",
      "year": 2019,
      "citations": 8
    },
    {
      "title": "Better guider predicts future better: difference guided generative adversarial networks",
      "url": "https://scholar.google.com/citations?view_op=view_citation&hl=en&user=APA-glsAAAAJ&citation_for_view=APA-glsAAAAJ:u-x6o8ySG0sC",
      "authors": "G Ying, Y Zou, L Wan, Y Hu, J Feng",
      "venue": "Asian Conference on Computer Vision, 277-292, 2018",
      "year": 2018,
      "citations": 14
    },
    {
      "title": "Spatial-temporal synergic residual learning for video person re-identification",
      "url": "https://scholar.google.com/citations?view_op=view_citation&hl=en&user=APA-glsAAAAJ&citation_for_view=APA-glsAAAAJ:2osOgNQ5qMEC",
      "authors": "X Su, Y Zou, Y Cheng, S Xu, M Yu, P Zhou",
      "venue": "arXiv preprint arXiv:1807.05799, 2018",
      "year": 2018,
      "citations": 3
    },
    {
      "title": "Task Similarity Aware Meta Learning: Theory-inspired Improvement on MAML (Supplementary File)",
      "url": "https://scholar.google.com/citations?view_op=view_citation&hl=en&user=APA-glsAAAAJ&citation_for_view=APA-glsAAAAJ:IjCSPb-OGe4C",
      "authors": "P Zhou, Y Zou, XT Yuan, J Feng, C Xiong, S Hoi",
      "venue": "",
      "citations": 0
    }
  ],
  "co_authors": [
    {
      "name": "Kaixin Wang",
      "scholar_id": "AP_Yd6wAAAAJ",
      "url": "https://scholar.google.com/citations?user=AP_Yd6wAAAAJ"
    },
    {
      "name": "Pan Zhou",
      "scholar_id": "0b7ZqlcAAAAJ",
      "url": "https://scholar.google.com/citations?user=0b7ZqlcAAAAJ"
    },
    {
      "name": "Mong Li Lee",
      "scholar_id": "_xFTK8wAAAAJ",
      "url": "https://scholar.google.com/citations?user=_xFTK8wAAAAJ"
    },
    {
      "name": "Fusheng Liu",
      "scholar_id": "GzfM2mIAAAAJ",
      "url": "https://scholar.google.com/citations?user=GzfM2mIAAAAJ"
    },
    {
      "name": "Yingnan Liu",
      "scholar_id": "KMUv_rMAAAAJ",
      "url": "https://scholar.google.com/citations?user=KMUv_rMAAAAJ"
    },
    {
      "name": "Kenji Kawaguchi",
      "scholar_id": "aLl3rYoAAAAJ",
      "url": "https://scholar.google.com/citations?user=aLl3rYoAAAAJ"
    },
    {
      "name": "Wynne HSU",
      "scholar_id": "ljyBjv8AAAAJ",
      "url": "https://scholar.google.com/citations?user=ljyBjv8AAAAJ"
    },
    {
      "name": "Qianxiao Li",
      "scholar_id": "zLgReYoAAAAJ",
      "url": "https://scholar.google.com/citations?user=zLgReYoAAAAJ"
    },
    {
      "name": "Yoshua Bengio",
      "scholar_id": "kukA0LcAAAAJ",
      "url": "https://scholar.google.com/citations?user=kukA0LcAAAAJ"
    },
    {
      "name": "Jiashuo Liu",
      "scholar_id": "b7bpt5MAAAAJ",
      "url": "https://scholar.google.com/citations?user=b7bpt5MAAAAJ"
    }
  ]
}