{
  "author_info": {
    "name": "Kai Xu",
    "affiliation": "Professor, National University of Defense Technology, China",
    "email_verified": "Verified email at nudt.edu.cn - Homepage",
    "website": "http://www.kevinkaixu.net/",
    "interests": [
      "Computer Graphics",
      "3D Vision",
      "Embodied AI"
    ],
    "photo_url": "https://scholar.googleusercontent.com/citations?view_op=view_photo&user=GuVkg-8AAAAJ&citpid=3"
  },
  "citation_stats": {
    "citations_all": 10116,
    "citations_since_2020": 7750,
    "h_index_all": 56,
    "h_index_since_2020": 46,
    "i10_index_all": 139,
    "i10_index_since_2020": 123,
    "citation_graph": [
      {
        "year": 2010,
        "citations": 49
      },
      {
        "year": 2011,
        "citations": 80
      },
      {
        "year": 2012,
        "citations": 83
      },
      {
        "year": 2013,
        "citations": 117
      },
      {
        "year": 2014,
        "citations": 203
      },
      {
        "year": 2015,
        "citations": 238
      },
      {
        "year": 2016,
        "citations": 316
      },
      {
        "year": 2017,
        "citations": 307
      },
      {
        "year": 2018,
        "citations": 387
      },
      {
        "year": 2019,
        "citations": 521
      },
      {
        "year": 2020,
        "citations": 660
      },
      {
        "year": 2021,
        "citations": 741
      },
      {
        "year": 2022,
        "citations": 1044
      },
      {
        "year": 2023,
        "citations": 1535
      },
      {
        "year": 2024,
        "citations": 1773
      },
      {
        "year": 2025,
        "citations": 1980
      }
    ]
  },
  "papers": [
    {
      "title": "Geometric transformer for fast and robust point cloud registration",
      "url": "https://scholar.google.com/citations?view_op=view_citation&hl=en&user=GuVkg-8AAAAJ&citation_for_view=GuVkg-8AAAAJ:IRz6iEL74y4C",
      "authors": "Z Qin, H Yu, C Wang, Y Guo, Y Peng, K Xu",
      "venue": "Proceedings of the IEEE/CVF conference on computer vision and pattern …, 2022",
      "year": 2022,
      "citations": 760
    },
    {
      "title": "Efficient one-pass multi-view subspace clustering with consensus anchors",
      "url": "https://scholar.google.com/citations?view_op=view_citation&hl=en&user=GuVkg-8AAAAJ&citation_for_view=GuVkg-8AAAAJ:bKqednn6t2AC",
      "authors": "S Liu, S Wang, P Zhang, K Xu, X Liu, C Zhang, F Gao",
      "venue": "Proceedings of the AAAI Conference on Artificial Intelligence 36 (7), 7576-7584, 2022",
      "year": 2022,
      "citations": 239
    },
    {
      "title": "Online 3D Bin Packing with Constrained Deep Reinforcement Learning",
      "url": "https://scholar.google.com/citations?view_op=view_citation&hl=en&user=GuVkg-8AAAAJ&citation_for_view=GuVkg-8AAAAJ:LO7wyVUgiFcC",
      "authors": "H Zhao, Q She, C Zhu, Y Yang, K Xu",
      "venue": "The Thirty-Fifth AAAI Conference on Artificial Intelligence (AAAI-21), 2021",
      "year": 2021,
      "citations": 193
    },
    {
      "title": "ROSEFusion: Random Optimization for Online Dense Reconstruction under Fast Camera Motion",
      "url": "https://scholar.google.com/citations?view_op=view_citation&hl=en&user=GuVkg-8AAAAJ&citation_for_view=GuVkg-8AAAAJ:umqufdRvDiIC",
      "authors": "J Zhang, C Zhu, L Zheng, K Xu",
      "venue": "ACM Transactions on Graphics (TOG) 40 (4), 2021",
      "year": 2021,
      "citations": 152
    },
    {
      "title": "Learning Canonical Shape Space for Category-Level 6D Object Pose and Size Estimation",
      "url": "https://scholar.google.com/citations?view_op=view_citation&hl=en&user=GuVkg-8AAAAJ&citation_for_view=GuVkg-8AAAAJ:edDO8Oi4QzsC",
      "authors": "D Chen, J Li, K Xu",
      "venue": "CVPR 2020, 2020",
      "year": 2020,
      "citations": 244
    },
    {
      "title": "Mlcvnet: Multi-level context votenet for 3d object detection",
      "url": "https://scholar.google.com/citations?view_op=view_citation&hl=en&user=GuVkg-8AAAAJ&citation_for_view=GuVkg-8AAAAJ:_axFR9aDTf0C",
      "authors": "Q Xie, YK Lai, J Wu, Z Wang, Y Zhang, K Xu, J Wang",
      "venue": "Proceedings of the IEEE/CVF conference on computer vision and pattern …, 2020",
      "year": 2020,
      "citations": 242
    },
    {
      "title": "Pq-net: A generative part seq2seq network for 3d shapes",
      "url": "https://scholar.google.com/citations?view_op=view_citation&hl=en&user=GuVkg-8AAAAJ&citation_for_view=GuVkg-8AAAAJ:ruyezt5ZtCIC",
      "authors": "R Wu, Y Zhuang, K Xu, H Zhang, B Chen",
      "venue": "Proceedings of the IEEE/CVF conference on computer vision and pattern …, 2020",
      "year": 2020,
      "citations": 210
    },
    {
      "title": "PIE-Net: Parametric inference of point cloud edges",
      "url": "https://scholar.google.com/citations?view_op=view_citation&hl=en&user=GuVkg-8AAAAJ&citation_for_view=GuVkg-8AAAAJ:Ri6SYOTghG4C",
      "authors": "X Wang, Y Xu, K Xu, A Tagliasacchi, B Zhou, A Mahdavi-Amiri, H Zhang",
      "venue": "NeurIPS 2020, 2020",
      "year": 2020,
      "citations": 152
    },
    {
      "title": "Grains: Generative recursive autoencoders for indoor scenes",
      "url": "https://scholar.google.com/citations?view_op=view_citation&hl=en&user=GuVkg-8AAAAJ&citation_for_view=GuVkg-8AAAAJ:AvfA0Oy_GE0C",
      "authors": "M Li, AG Patil, K Xu, S Chaudhuri, O Khan, A Shamir, C Tu, B Chen, ...",
      "venue": "ACM Transactions on Graphics (TOG) 38 (2), 1-16, 2019",
      "year": 2019,
      "citations": 278
    },
    {
      "title": "Shape2Motion: Joint Analysis of Motion Parts and Attributes from 3D Shapes",
      "url": "https://scholar.google.com/citations?view_op=view_citation&hl=en&user=GuVkg-8AAAAJ&citation_for_view=GuVkg-8AAAAJ:tYavs44e6CUC",
      "authors": "X Wang, B Zhou, Y Shi, X Chen, Q Zhao, K Xu",
      "venue": "CVPR 2019, 2019",
      "year": 2019,
      "citations": 156
    },
    {
      "title": "Im2Struct: Recovering 3D Shape Structure from a Single RGB Image",
      "url": "https://scholar.google.com/citations?view_op=view_citation&hl=en&user=GuVkg-8AAAAJ&citation_for_view=GuVkg-8AAAAJ:EkHepimYqZsC",
      "authors": "C Niu, J Li, K Xu",
      "venue": "CVPR 2018, 2018",
      "year": 2018,
      "citations": 156
    },
    {
      "title": "GRASS: Generative Recursive Autoencoders for Shape Structures",
      "url": "https://scholar.google.com/citations?view_op=view_citation&hl=en&user=GuVkg-8AAAAJ&citation_for_view=GuVkg-8AAAAJ:t7zJ5fGR-2UC",
      "authors": "J Li, K Xu, S Chaudhuri, E Yumer, H Zhang, L Guibas",
      "venue": "ACM Transactions on Graphics (TOG) 36 (4), 1-14, 2017",
      "year": 2017,
      "citations": 492
    },
    {
      "title": "Data-driven shape analysis and processing",
      "url": "https://scholar.google.com/citations?view_op=view_citation&hl=en&user=GuVkg-8AAAAJ&citation_for_view=GuVkg-8AAAAJ:tkaPQYYpVKoC",
      "authors": "K Xu, VG Kim, Q Huang, N Mitra, E Kalogerakis",
      "venue": "SIGGRAPH ASIA 2016 Courses, 1-38, 2016",
      "year": 2016,
      "citations": 151
    },
    {
      "title": "Local feature point extraction for quantum images",
      "url": "https://scholar.google.com/citations?view_op=view_citation&hl=en&user=GuVkg-8AAAAJ&citation_for_view=GuVkg-8AAAAJ:uLbwQdceFCQC",
      "authors": "Y Zhang, K Lu, K Xu, Y Gao, R Wilson",
      "venue": "Quantum Information Processing 14 (5), 1573-1588, 2015",
      "year": 2015,
      "citations": 133
    },
    {
      "title": "A novel quantum representation for log-polar images",
      "url": "https://scholar.google.com/citations?view_op=view_citation&hl=en&user=GuVkg-8AAAAJ&citation_for_view=GuVkg-8AAAAJ:Y5dfb0dijaUC",
      "authors": "Y Zhang, K Lu, Y Gao, K Xu",
      "venue": "Quantum information processing 12 (9), 3103-3126, 2013",
      "year": 2013,
      "citations": 230
    },
    {
      "title": "Fit and diverse: Set evolution for inspiring 3D shape galleries",
      "url": "https://scholar.google.com/citations?view_op=view_citation&hl=en&user=GuVkg-8AAAAJ&citation_for_view=GuVkg-8AAAAJ:q3oQSFYPqjQC",
      "authors": "K Xu, H Zhang, D Cohen-Or, B Chen",
      "venue": "ACM Transactions on Graphics (TOG) 31 (4), 57, 2012",
      "year": 2012,
      "citations": 215
    },
    {
      "title": "Symmetry hierarchy of man‐made objects",
      "url": "https://scholar.google.com/citations?view_op=view_citation&hl=en&user=GuVkg-8AAAAJ&citation_for_view=GuVkg-8AAAAJ:4fKUyHm3Qg0C",
      "authors": "Y Wang, K Xu, J Li, H Zhang, A Shamir, L Liu, Z Cheng, Y Xiong",
      "venue": "Computer Graphics Forum (Eurographics 2011) 30 (2), 287-296, 2011",
      "year": 2011,
      "citations": 161
    },
    {
      "title": "Photo-inspired model-driven 3D object modeling",
      "url": "https://scholar.google.com/citations?view_op=view_citation&hl=en&user=GuVkg-8AAAAJ&citation_for_view=GuVkg-8AAAAJ:LPZeul_q3PIC",
      "authors": "K Xu, H Zheng, H Zhang, D Cohen-Or, L Liu, Y Xiong",
      "venue": "ACM Transactions on Graphics (TOG) 30 (4), 1-10, 2011",
      "year": 2011,
      "citations": 143
    },
    {
      "title": "Style-content separation by anisotropic part scales",
      "url": "https://scholar.google.com/citations?view_op=view_citation&hl=en&user=GuVkg-8AAAAJ&citation_for_view=GuVkg-8AAAAJ:tS2w5q8j5-wC",
      "authors": "K Xu, H Li, H Zhang, D Cohen-Or, Y Xiong, ZQ Cheng",
      "venue": "ACM Transactions on Graphics 29 (5), 1-10, 2010",
      "year": 2010,
      "citations": 167
    },
    {
      "title": "Partial intrinsic reflectional symmetry of 3d shapes",
      "url": "https://scholar.google.com/citations?view_op=view_citation&hl=en&user=GuVkg-8AAAAJ&citation_for_view=GuVkg-8AAAAJ:K3LRdlH-MEoC",
      "authors": "K Xu, H Zhang, A Tagliasacchi, L Liu, G Li, M Meng, Y Xiong",
      "venue": "ACM Transactions on Graphics (TOG) 28 (5), 1-10, 2009",
      "year": 2009,
      "citations": 147
    }
  ],
  "co_authors": [
    {
      "name": "Chenyang Zhu",
      "scholar_id": "vThu1hIAAAAJ",
      "url": "https://scholar.google.com/citations?user=vThu1hIAAAAJ"
    },
    {
      "name": "Hao (Richard) Zhang",
      "scholar_id": "osTl-5IAAAAJ",
      "url": "https://scholar.google.com/citations?user=osTl-5IAAAAJ"
    },
    {
      "name": "Hui Huang",
      "scholar_id": "wjzkl3YAAAAJ",
      "url": "https://scholar.google.com/citations?user=wjzkl3YAAAAJ"
    },
    {
      "name": "Daniel Cohen-Or",
      "scholar_id": "fAxws1sAAAAJ",
      "url": "https://scholar.google.com/citations?user=fAxws1sAAAAJ"
    },
    {
      "name": "Baoquan Chen",
      "scholar_id": "iHWtrEAAAAAJ",
      "url": "https://scholar.google.com/citations?user=iHWtrEAAAAAJ"
    },
    {
      "name": "Yulan Guo",
      "scholar_id": "WQRNvdsAAAAJ",
      "url": "https://scholar.google.com/citations?user=WQRNvdsAAAAJ"
    },
    {
      "name": "Ligang Liu",
      "scholar_id": "1U9U_cYAAAAJ",
      "url": "https://scholar.google.com/citations?user=1U9U_cYAAAAJ"
    },
    {
      "name": "Siddhartha Chaudhuri",
      "scholar_id": "QMc-grEAAAAJ",
      "url": "https://scholar.google.com/citations?user=QMc-grEAAAAJ"
    },
    {
      "name": "Ruizhen Hu (胡瑞珍)",
      "scholar_id": "MloRITsAAAAJ",
      "url": "https://scholar.google.com/citations?user=MloRITsAAAAJ"
    },
    {
      "name": "Ariel Shamir",
      "scholar_id": "-q90a0EAAAAJ",
      "url": "https://scholar.google.com/citations?user=-q90a0EAAAAJ"
    },
    {
      "name": "Xinwang Liu",
      "scholar_id": "A56vWC4AAAAJ",
      "url": "https://scholar.google.com/citations?user=A56vWC4AAAAJ"
    },
    {
      "name": "Andrea Tagliasacchi",
      "scholar_id": "1RmD-YsAAAAJ",
      "url": "https://scholar.google.com/citations?user=1RmD-YsAAAAJ"
    },
    {
      "name": "Niloy J. Mitra",
      "scholar_id": "dPrZJWMAAAAJ",
      "url": "https://scholar.google.com/citations?user=dPrZJWMAAAAJ"
    },
    {
      "name": "Ibraheem Alhashim",
      "scholar_id": "LOKz1cIAAAAJ",
      "url": "https://scholar.google.com/citations?user=LOKz1cIAAAAJ"
    },
    {
      "name": "Ralph R. Martin",
      "scholar_id": "INLQHkrsd2QJ",
      "url": "https://scholar.google.com/citations?user=INLQHkrsd2QJ"
    },
    {
      "name": "Evangelos Kalogerakis",
      "scholar_id": "8TwcVQcAAAAJ",
      "url": "https://scholar.google.com/citations?user=8TwcVQcAAAAJ"
    },
    {
      "name": "Vladimir G. Kim",
      "scholar_id": "5S1kGcAAAAAJ",
      "url": "https://scholar.google.com/citations?user=5S1kGcAAAAAJ"
    },
    {
      "name": "Hao Su",
      "scholar_id": "1P8Zu04AAAAJ",
      "url": "https://scholar.google.com/citations?user=1P8Zu04AAAAJ"
    },
    {
      "name": "Andrei Sharf",
      "scholar_id": "QMEZPXEAAAAJ",
      "url": "https://scholar.google.com/citations?user=QMEZPXEAAAAJ"
    }
  ]
}