{
  "author_info": {
    "name": "C.J. Taylor",
    "affiliation": "Amazon",
    "email_verified": "Verified email at amazon.com",
    "interests": [
      "Computer Vision",
      "LLMs"
    ],
    "photo_url": "https://scholar.googleusercontent.com/citations?view_op=view_photo&user=134OWZoAAAAJ&citpid=1"
  },
  "citation_stats": {
    "citations_all": 1515,
    "citations_since_2020": 1037,
    "h_index_all": 22,
    "h_index_since_2020": 18,
    "i10_index_all": 39,
    "i10_index_since_2020": 30,
    "citation_graph": [
      {
        "year": 2010,
        "citations": 9
      },
      {
        "year": 2011,
        "citations": 24
      },
      {
        "year": 2012,
        "citations": 36
      },
      {
        "year": 2013,
        "citations": 49
      },
      {
        "year": 2014,
        "citations": 50
      },
      {
        "year": 2015,
        "citations": 37
      },
      {
        "year": 2016,
        "citations": 30
      },
      {
        "year": 2017,
        "citations": 57
      },
      {
        "year": 2018,
        "citations": 60
      },
      {
        "year": 2019,
        "citations": 90
      },
      {
        "year": 2020,
        "citations": 119
      },
      {
        "year": 2021,
        "citations": 171
      },
      {
        "year": 2022,
        "citations": 164
      },
      {
        "year": 2023,
        "citations": 208
      },
      {
        "year": 2024,
        "citations": 231
      },
      {
        "year": 2025,
        "citations": 144
      }
    ]
  },
  "papers": [
    {
      "title": "Curated environments for augmented reality applications",
      "url": "https://scholar.google.com/citations?view_op=view_citation&hl=en&user=134OWZoAAAAJ&citation_for_view=134OWZoAAAAJ:dhFuZR0502QC",
      "authors": "R Chaturvedi, X Zhang, F Partalis, LOU Yu, CJ Taylor, S Fox",
      "venue": "US Patent 11,922,489, 2024",
      "year": 2024,
      "citations": 45
    },
    {
      "title": "THRONE: An object-based hallucination benchmark for the free-form generations of large vision-language models",
      "url": "https://scholar.google.com/citations?view_op=view_citation&hl=en&user=134OWZoAAAAJ&citation_for_view=134OWZoAAAAJ:BqipwSGYUEgC",
      "authors": "P Kaul, Z Li, H Yang, Y Dukler, A Swaminathan, CJ Taylor, S Soatto",
      "venue": "Proceedings of the IEEE/CVF Conference on Computer Vision and Pattern …, 2024",
      "year": 2024,
      "citations": 36
    },
    {
      "title": "Augmented reality product preview",
      "url": "https://scholar.google.com/citations?view_op=view_citation&hl=en&user=134OWZoAAAAJ&citation_for_view=134OWZoAAAAJ:4JMBOYKVnBMC",
      "authors": "DC Mott, ASK Dhua, CJ Taylor, LOU Yu, CK Wang, S Pantham, H Arora, ...",
      "venue": "US Patent 10,192,364, 2019",
      "year": 2019,
      "citations": 82
    },
    {
      "title": "Markerless image analysis for augmented reality",
      "url": "https://scholar.google.com/citations?view_op=view_citation&hl=en&user=134OWZoAAAAJ&citation_for_view=134OWZoAAAAJ:ZeXyd9-uunAC",
      "authors": "N Corso, MP Cutter, LOU Yu, S Niu, SM Post, CJ Taylor, MS Waldo",
      "venue": "US Patent 10,339,714, 2019",
      "year": 2019,
      "citations": 77
    },
    {
      "title": "Item recommendation based on feature match",
      "url": "https://scholar.google.com/citations?view_op=view_citation&hl=en&user=134OWZoAAAAJ&citation_for_view=134OWZoAAAAJ:d1gkVwhDpl0C",
      "authors": "A Natesh, ASK Dhua, M Du, R Manmatha, CJ Taylor, MN Tek",
      "venue": "US Patent 10,109,051, 2018",
      "year": 2018,
      "citations": 68
    },
    {
      "title": "Attribute similarity-based search",
      "url": "https://scholar.google.com/citations?view_op=view_citation&hl=en&user=134OWZoAAAAJ&citation_for_view=134OWZoAAAAJ:YOwf2qJgpHMC",
      "authors": "M Du, ASK Dhua, DR Gray, M Kabkab, A Natesh, CJ Taylor",
      "venue": "US Patent 10,043,109, 2018",
      "year": 2018,
      "citations": 45
    },
    {
      "title": "Auxiliary device as augmented reality platform",
      "url": "https://scholar.google.com/citations?view_op=view_citation&hl=en&user=134OWZoAAAAJ&citation_for_view=134OWZoAAAAJ:IjCSPb-OGe4C",
      "authors": "IZ Yalniz, R Bhotika, S Cao, MP Cutter, CJ Taylor, MS Waldo, CK Wang, ...",
      "venue": "US Patent 10,026,229, 2018",
      "year": 2018,
      "citations": 25
    },
    {
      "title": "Material recognition for object identification",
      "url": "https://scholar.google.com/citations?view_op=view_citation&hl=en&user=134OWZoAAAAJ&citation_for_view=134OWZoAAAAJ:mB3voiENLucC",
      "authors": "IZ Yalniz, LB Baldwin, ASK Dhua, IT Lewis, CJ Taylor",
      "venue": "US Patent 9,691,161, 2017",
      "year": 2017,
      "citations": 94
    },
    {
      "title": "Object tracking in zoomed video",
      "url": "https://scholar.google.com/citations?view_op=view_citation&hl=en&user=134OWZoAAAAJ&citation_for_view=134OWZoAAAAJ:zYLM7Y9cAGgC",
      "authors": "CBF Waggoner, CJ Taylor, JP Bezos, DR Gray",
      "venue": "US Patent 9,626,084, 2017",
      "year": 2017,
      "citations": 67
    },
    {
      "title": "Augmented reality product preview",
      "url": "https://scholar.google.com/citations?view_op=view_citation&hl=en&user=134OWZoAAAAJ&citation_for_view=134OWZoAAAAJ:_FxGoFyzp5QC",
      "authors": "DC Mott, ASK Dhua, CJ Taylor, LOU Yu, CK Wang, S Pantham, H Arora, ...",
      "venue": "US Patent 9,734,634, 2017",
      "year": 2017,
      "citations": 58
    },
    {
      "title": "Automated highlighting of identified text",
      "url": "https://scholar.google.com/citations?view_op=view_citation&hl=en&user=134OWZoAAAAJ&citation_for_view=134OWZoAAAAJ:4DMP91E08xMC",
      "authors": "AW Kraft, ASK Dhua, DR Gray, X Lin, LOU Yu, S Ramesh, CJ Taylor, ...",
      "venue": "US Patent 9,582,913, 2017",
      "year": 2017,
      "citations": 32
    },
    {
      "title": "Scalable image matching",
      "url": "https://scholar.google.com/citations?view_op=view_citation&hl=en&user=134OWZoAAAAJ&citation_for_view=134OWZoAAAAJ:Wp0gIr-vW9MC",
      "authors": "S Dube, S Ramesh, X Lin, ASK Dhua, CJ Taylor, JK Pillai",
      "venue": "US Patent 9,582,735, 2017",
      "year": 2017,
      "citations": 26
    },
    {
      "title": "Real-time visual effects for a live camera view",
      "url": "https://scholar.google.com/citations?view_op=view_citation&hl=en&user=134OWZoAAAAJ&citation_for_view=134OWZoAAAAJ:KlAtU1dfN6UC",
      "authors": "AW Kraft, CJ Taylor",
      "venue": "US Patent 9,240,077, 2016",
      "year": 2016,
      "citations": 39
    },
    {
      "title": "Scalable image matching",
      "url": "https://scholar.google.com/citations?view_op=view_citation&hl=en&user=134OWZoAAAAJ&citation_for_view=134OWZoAAAAJ:hFOr9nPyWt4C",
      "authors": "S Dube, S Ramesh, X Lin, ASK Dhua, CJ Taylor, JK Pillai",
      "venue": "US Patent 9,280,560, 2016",
      "year": 2016,
      "citations": 35
    },
    {
      "title": "Using sensor data to enhance image data",
      "url": "https://scholar.google.com/citations?view_op=view_citation&hl=en&user=134OWZoAAAAJ&citation_for_view=134OWZoAAAAJ:u-x6o8ySG0sC",
      "authors": "CJ Taylor",
      "venue": "US Patent 9,055,216, 2015",
      "year": 2015,
      "citations": 31
    },
    {
      "title": "Method and system for microfluidic device and imaging thereof",
      "url": "https://scholar.google.com/citations?view_op=view_citation&hl=en&user=134OWZoAAAAJ&citation_for_view=134OWZoAAAAJ:4TOpqqG69KYC",
      "authors": "EC Quan, CJ Taylor, M Lee, CG Ceasar, G Harris, G Sun",
      "venue": "US Patent 8,367,016, 2013",
      "year": 2013,
      "citations": 60
    },
    {
      "title": "Method and system for microfluidic device and imaging thereof",
      "url": "https://scholar.google.com/citations?view_op=view_citation&hl=en&user=134OWZoAAAAJ&citation_for_view=134OWZoAAAAJ:QIV2ME_5wuYC",
      "authors": "EC Quan, CJ Taylor, M Lee, CG Cesar, G Harris, G Sun",
      "venue": "US Patent 8,105,550, 2012",
      "year": 2012,
      "citations": 97
    },
    {
      "title": "Image processing method and system for microfluidic devices",
      "url": "https://scholar.google.com/citations?view_op=view_citation&hl=en&user=134OWZoAAAAJ&citation_for_view=134OWZoAAAAJ:-f6ydRqryjwC",
      "authors": "CJ Taylor, G Sun, S Dube",
      "venue": "US Patent 7,792,345, 2010",
      "year": 2010,
      "citations": 102
    },
    {
      "title": "Method and system for microfluidic device and imaging thereof",
      "url": "https://scholar.google.com/citations?view_op=view_citation&hl=en&user=134OWZoAAAAJ&citation_for_view=134OWZoAAAAJ:e5wmG9Sq2KIC",
      "authors": "EC Quan, CJ Taylor, M Lee, CG Cesar, G Harris, G Sun",
      "venue": "US Patent 7,695,683, 2010",
      "year": 2010,
      "citations": 56
    },
    {
      "title": "Image processing method and system for microfluidic devices",
      "url": "https://scholar.google.com/citations?view_op=view_citation&hl=en&user=134OWZoAAAAJ&citation_for_view=134OWZoAAAAJ:ULOm3_A8WrAC",
      "authors": "CJ Taylor, G Sun, S Dube",
      "venue": "US Patent 7,583,853, 2009",
      "year": 2009,
      "citations": 48
    }
  ],
  "co_authors": [
    {
      "name": "Arnab Dhua",
      "scholar_id": "5-ZdbeAAAAAJ",
      "url": "https://scholar.google.com/citations?user=5-ZdbeAAAAAJ"
    },
    {
      "name": "Douglas Gray",
      "scholar_id": "YliQcmwAAAAJ",
      "url": "https://scholar.google.com/citations?user=YliQcmwAAAAJ"
    },
    {
      "name": "I. Zeki Yalniz",
      "scholar_id": "xq7MwfgAAAAJ",
      "url": "https://scholar.google.com/citations?user=xq7MwfgAAAAJ"
    },
    {
      "name": "Xiaofan Lin",
      "scholar_id": "5oa_2lgAAAAJ",
      "url": "https://scholar.google.com/citations?user=5oa_2lgAAAAJ"
    },
    {
      "name": "Adam Carlson",
      "scholar_id": "BW77MnoAAAAJ",
      "url": "https://scholar.google.com/citations?user=BW77MnoAAAAJ"
    },
    {
      "name": "Adam Kraft",
      "scholar_id": "DkQpcVYAAAAJ",
      "url": "https://scholar.google.com/citations?user=DkQpcVYAAAAJ"
    },
    {
      "name": "Simant Dube",
      "scholar_id": "tbNLAJIAAAAJ",
      "url": "https://scholar.google.com/citations?user=tbNLAJIAAAAJ"
    },
    {
      "name": "Michael J Lee",
      "scholar_id": "FIw0RQsAAAAJ",
      "url": "https://scholar.google.com/citations?user=FIw0RQsAAAAJ"
    },
    {
      "name": "Yu Lou",
      "scholar_id": "PKUbHusAAAAJ",
      "url": "https://scholar.google.com/citations?user=PKUbHusAAAAJ"
    },
    {
      "name": "Xi Zhang",
      "scholar_id": "QBsxaRcAAAAJ",
      "url": "https://scholar.google.com/citations?user=QBsxaRcAAAAJ"
    },
    {
      "name": "Himanshu Arora",
      "scholar_id": "wK23D-sAAAAJ",
      "url": "https://scholar.google.com/citations?user=wK23D-sAAAAJ"
    },
    {
      "name": "R. Manmatha",
      "scholar_id": "_0aMq28AAAAJ",
      "url": "https://scholar.google.com/citations?user=_0aMq28AAAAJ"
    },
    {
      "name": "Stefano Soatto",
      "scholar_id": "lH1PdF8AAAAJ",
      "url": "https://scholar.google.com/citations?user=lH1PdF8AAAAJ"
    },
    {
      "name": "Ashwin Swaminathan",
      "scholar_id": "3CEGNJQAAAAJ",
      "url": "https://scholar.google.com/citations?user=3CEGNJQAAAAJ"
    },
    {
      "name": "Nityananda Jayadevaprakash",
      "scholar_id": "QKF42zsAAAAJ",
      "url": "https://scholar.google.com/citations?user=QKF42zsAAAAJ"
    },
    {
      "name": "Hao Yang",
      "scholar_id": "Y-I1X9QAAAAJ",
      "url": "https://scholar.google.com/citations?user=Y-I1X9QAAAAJ"
    },
    {
      "name": "Rahul Bhotika",
      "scholar_id": "KFeN73wAAAAJ",
      "url": "https://scholar.google.com/citations?user=KFeN73wAAAAJ"
    },
    {
      "name": "Son Tran",
      "scholar_id": "P0EbpmgAAAAJ",
      "url": "https://scholar.google.com/citations?user=P0EbpmgAAAAJ"
    },
    {
      "name": "Paolo Favaro",
      "scholar_id": "w_XDRRsAAAAJ",
      "url": "https://scholar.google.com/citations?user=w_XDRRsAAAAJ"
    },
    {
      "name": "Jiawei Mo",
      "scholar_id": "ROBeZmgAAAAJ",
      "url": "https://scholar.google.com/citations?user=ROBeZmgAAAAJ"
    }
  ]
}