{
  "author_info": {
    "name": "Zhikai Chen",
    "affiliation": "Michigan State University",
    "email_verified": "Verified email at msu.edu - Homepage",
    "website": "https://publish.obsidian.md/zhikaichen/Zhikai+Chen",
    "interests": [
      "graph",
      "geometry",
      "recommendation",
      "tabular data",
      "applied ml theory"
    ],
    "photo_url": "https://scholar.googleusercontent.com/citations?view_op=view_photo&user=6hUny38AAAAJ&citpid=1"
  },
  "citation_stats": {
    "citations_all": 968,
    "citations_since_2020": 968,
    "h_index_all": 10,
    "h_index_since_2020": 10,
    "i10_index_all": 10,
    "i10_index_since_2020": 10,
    "citation_graph": [
      {
        "year": 2023,
        "citations": 42
      },
      {
        "year": 2024,
        "citations": 366
      },
      {
        "year": 2025,
        "citations": 549
      }
    ]
  },
  "papers": [
    {
      "title": "Graph machine learning in the era of large language models (llms)",
      "url": "https://scholar.google.com/citations?view_op=view_citation&hl=en&user=6hUny38AAAAJ&citation_for_view=6hUny38AAAAJ:Zph67rFs4hoC",
      "authors": "S Wang, J Huang, Z Chen, Y Song, W Tang, H Mao, W Fan, H Liu, X Liu, ...",
      "venue": "ACM Transactions on Intelligent Systems and Technology 16 (5), 1-40, 2025",
      "year": 2025,
      "citations": 61
    },
    {
      "title": "Unveiling Mode Connectivity in Graph Neural Networks",
      "url": "https://scholar.google.com/citations?view_op=view_citation&hl=en&user=6hUny38AAAAJ&citation_for_view=6hUny38AAAAJ:wbdj-CoPYUoC",
      "authors": "B Li, Z Chen, H Han, S Zeng, J Liu, J Tang",
      "venue": "KDD 2025, 2025",
      "year": 2025,
      "citations": 2
    },
    {
      "title": "A Pre-training Framework for Relational Data with Information-theoretic Principles",
      "url": "https://scholar.google.com/citations?view_op=view_citation&hl=en&user=6hUny38AAAAJ&citation_for_view=6hUny38AAAAJ:bnK-pcrLprsC",
      "authors": "Q Truong, Z Chen, M Ju, T Zhao, N Shah, J Tang",
      "venue": "arXiv preprint arXiv:2507.09837, 2025",
      "year": 2025,
      "citations": 1
    },
    {
      "title": "AutoG: Towards automatic graph construction from tabular data",
      "url": "https://scholar.google.com/citations?view_op=view_citation&hl=en&user=6hUny38AAAAJ&citation_for_view=6hUny38AAAAJ:5ugPr518TE4C",
      "authors": "Z Chen, H Xie, J Zhang, J Tang, H Rangwala, G Karypis",
      "venue": "ICLR 2025, 2025",
      "year": 2025,
      "citations": 0
    },
    {
      "title": "Exploring the potential of large language models (llms) in learning on graphs",
      "url": "https://scholar.google.com/citations?view_op=view_citation&hl=en&user=6hUny38AAAAJ&citation_for_view=6hUny38AAAAJ:UebtZRa9Y70C",
      "authors": "Z Chen, H Mao, H Li, W Jin, H Wen, X Wei, S Wang, D Yin, W Fan, H Liu, ...",
      "venue": "ACM SIGKDD Explorations Newsletter 25 (2), 42-61, 2024",
      "year": 2024,
      "citations": 437
    },
    {
      "title": "Position: Graph foundation models are already here",
      "url": "https://scholar.google.com/citations?view_op=view_citation&hl=en&user=6hUny38AAAAJ&citation_for_view=6hUny38AAAAJ:VOx2b1Wkg3QC",
      "authors": "H Mao, Z Chen, W Tang, J Zhao, Y Ma, T Zhao, N Shah, M Galkin, J Tang",
      "venue": "Forty-first International Conference on Machine Learning, 2024",
      "year": 2024,
      "citations": 126
    },
    {
      "title": "Label-free node classification on graphs with large language models (llms)",
      "url": "https://scholar.google.com/citations?view_op=view_citation&hl=en&user=6hUny38AAAAJ&citation_for_view=6hUny38AAAAJ:5nxA0vEk-isC",
      "authors": "Z Chen, H Mao, H Wen, H Han, W Jin, H Zhang, H Liu, J Tang",
      "venue": "the twelfth international conference on learning representations, 2024",
      "year": 2024,
      "citations": 122
    },
    {
      "title": "Neural scaling laws on graphs",
      "url": "https://scholar.google.com/citations?view_op=view_citation&hl=en&user=6hUny38AAAAJ&citation_for_view=6hUny38AAAAJ:3fE2CSJIrl8C",
      "authors": "J Liu, H Mao, Z Chen, T Zhao, N Shah, J Tang",
      "venue": "CoRR, 2024",
      "year": 2024,
      "citations": 50
    },
    {
      "title": "Text-space Graph Foundation Models: Comprehensive Benchmarks and New Insights",
      "url": "https://scholar.google.com/citations?view_op=view_citation&hl=en&user=6hUny38AAAAJ&citation_for_view=6hUny38AAAAJ:WbkHhVStYXYC",
      "authors": "Z Chen, H Mao, J Liu, Y Song, B Li, W Jin, B Fatemi, A Tsitsulin, B Perozzi, ...",
      "venue": "NeurIPS 2024 Datasets and Benchmark Track, 2024",
      "year": 2024,
      "citations": 38
    },
    {
      "title": "A pure transformer pretraining framework on text-attributed graphs",
      "url": "https://scholar.google.com/citations?view_op=view_citation&hl=en&user=6hUny38AAAAJ&citation_for_view=6hUny38AAAAJ:tS2w5q8j5-wC",
      "authors": "Y Song, H Mao, J Xiao, J Liu, Z Chen, W Jin, C Yang, J Tang, H Liu",
      "venue": "arXiv preprint arXiv:2406.13873, 2024",
      "year": 2024,
      "citations": 11
    },
    {
      "title": "Improving causal reasoning in large language models: A survey",
      "url": "https://scholar.google.com/citations?view_op=view_citation&hl=en&user=6hUny38AAAAJ&citation_for_view=6hUny38AAAAJ:eJXPG6dFmWUC",
      "authors": "S Xiong, D Chen, Q Wu, L Yu, Q Liu, D Li, Z Chen, X Liu, L Pan",
      "venue": "arXiv e-prints, arXiv: 2410.16676, 2024",
      "year": 2024,
      "citations": 10
    },
    {
      "title": "Learning on graphs with large language models (llms): A deep dive into model robustness",
      "url": "https://scholar.google.com/citations?view_op=view_citation&hl=en&user=6hUny38AAAAJ&citation_for_view=6hUny38AAAAJ:geHnlv5EZngC",
      "authors": "K Guo, Z Liu, Z Chen, H Wen, W Jin, J Tang, Y Chang",
      "venue": "arXiv preprint arXiv:2407.12068, 2024",
      "year": 2024,
      "citations": 10
    },
    {
      "title": "One model for one graph: A new perspective for pretraining with cross-domain graphs",
      "url": "https://scholar.google.com/citations?view_op=view_citation&hl=en&user=6hUny38AAAAJ&citation_for_view=6hUny38AAAAJ:J-pR_7NvFogC",
      "authors": "J Liu, H Mao, Z Chen, B Li, W Fan, M Ju, T Zhao, N Shah, J Tang",
      "venue": "arXiv preprint arXiv:2412.00315, 2024",
      "year": 2024,
      "citations": 6
    },
    {
      "title": "Enhancing id and text fusion via alternative training in session-based recommendation",
      "url": "https://scholar.google.com/citations?view_op=view_citation&hl=en&user=6hUny38AAAAJ&citation_for_view=6hUny38AAAAJ:kNdYIx-mwKoC",
      "authors": "J Li, H Han, Z Chen, H Shomer, W Jin, A Javari, J Tang",
      "venue": "arXiv preprint arXiv:2402.08921, 2024",
      "year": 2024,
      "citations": 6
    },
    {
      "title": "The 1st International Workshop on Graph Foundation Models (GFM)",
      "url": "https://scholar.google.com/citations?view_op=view_citation&hl=en&user=6hUny38AAAAJ&citation_for_view=6hUny38AAAAJ:B3FOqHPlNUQC",
      "authors": "H Mao, J Zhao, X He, Z Chen, Q Huang, Z Zhu, J Tang, M Bronstein, ...",
      "venue": "Companion Proceedings of the ACM Web Conference 2024, 1789-1792, 2024",
      "year": 2024,
      "citations": 0
    },
    {
      "title": "Demystifying structural disparity in graph neural networks: Can one size fit all?",
      "url": "https://scholar.google.com/citations?view_op=view_citation&hl=en&user=6hUny38AAAAJ&citation_for_view=6hUny38AAAAJ:IjCSPb-OGe4C",
      "authors": "H Mao, Z Chen, W Jin, H Han, Y Ma, T Zhao, N Shah, J Tang",
      "venue": "Advances in neural information processing systems 36, 37013-37067, 2023",
      "year": 2023,
      "citations": 86
    },
    {
      "title": "Leveraging diversity-aware context attention networks for fake news detection on social platforms",
      "url": "https://scholar.google.com/citations?view_op=view_citation&hl=en&user=6hUny38AAAAJ&citation_for_view=6hUny38AAAAJ:UeHWp8X0CEIC",
      "authors": "Z Chen, P Wu, L Pan",
      "venue": "2022 International Joint Conference on Neural Networks (IJCNN), 01-08, 2022",
      "year": 2022,
      "citations": 2
    }
  ],
  "co_authors": [
    {
      "name": "Jiliang Tang",
      "scholar_id": "WtzKMWAAAAAJ",
      "url": "https://scholar.google.com/citations?user=WtzKMWAAAAAJ"
    },
    {
      "name": "Wei Jin",
      "scholar_id": "eWow24EAAAAJ",
      "url": "https://scholar.google.com/citations?user=eWow24EAAAAJ"
    },
    {
      "name": "Hui Liu",
      "scholar_id": "EuzF_zsAAAAJ",
      "url": "https://scholar.google.com/citations?user=EuzF_zsAAAAJ"
    },
    {
      "name": "Tong Zhao",
      "scholar_id": "05cRc-MAAAAJ",
      "url": "https://scholar.google.com/citations?user=05cRc-MAAAAJ"
    },
    {
      "name": "Neil Shah",
      "scholar_id": "Qut69OgAAAAJ",
      "url": "https://scholar.google.com/citations?user=Qut69OgAAAAJ"
    },
    {
      "name": "Hongzhi Wen",
      "scholar_id": "9QoHiOoAAAAJ",
      "url": "https://scholar.google.com/citations?user=9QoHiOoAAAAJ"
    },
    {
      "name": "Wenqi FAN",
      "scholar_id": "SQ9UbHIAAAAJ",
      "url": "https://scholar.google.com/citations?user=SQ9UbHIAAAAJ"
    },
    {
      "name": "Dawei Yin",
      "scholar_id": "GuQ9bpAAAAAJ",
      "url": "https://scholar.google.com/citations?user=GuQ9bpAAAAAJ"
    },
    {
      "name": "Haoyu Han",
      "scholar_id": "X8Y3Bk4AAAAJ",
      "url": "https://scholar.google.com/citations?user=X8Y3Bk4AAAAJ"
    },
    {
      "name": "Xiaochi Wei",
      "scholar_id": "2ZkUaYcAAAAJ",
      "url": "https://scholar.google.com/citations?user=2ZkUaYcAAAAJ"
    },
    {
      "name": "Shuaiqiang Wang",
      "scholar_id": "8SbYYcIAAAAJ",
      "url": "https://scholar.google.com/citations?user=8SbYYcIAAAAJ"
    },
    {
      "name": "Yao Ma",
      "scholar_id": "wf9TTOIAAAAJ",
      "url": "https://scholar.google.com/citations?user=wf9TTOIAAAAJ"
    },
    {
      "name": "Wenzhuo Tang",
      "scholar_id": "KpjOK18AAAAJ",
      "url": "https://scholar.google.com/citations?user=KpjOK18AAAAJ"
    },
    {
      "name": "Jingzhe Liu",
      "scholar_id": "OgTXF4cAAAAJ",
      "url": "https://scholar.google.com/citations?user=OgTXF4cAAAAJ"
    },
    {
      "name": "Jianan Zhao",
      "scholar_id": "Pb_UoYwAAAAJ",
      "url": "https://scholar.google.com/citations?user=Pb_UoYwAAAAJ"
    },
    {
      "name": "Yu Song",
      "scholar_id": "17z7IcgAAAAJ",
      "url": "https://scholar.google.com/citations?user=17z7IcgAAAAJ"
    },
    {
      "name": "Hang Li",
      "scholar_id": "25Vx5UIAAAAJ",
      "url": "https://scholar.google.com/citations?user=25Vx5UIAAAAJ"
    },
    {
      "name": "Mikhail Galkin",
      "scholar_id": "yfYRbG4AAAAJ",
      "url": "https://scholar.google.com/citations?user=yfYRbG4AAAAJ"
    },
    {
      "name": "Haiyang Zhang",
      "scholar_id": "PRVJHu0AAAAJ",
      "url": "https://scholar.google.com/citations?user=PRVJHu0AAAAJ"
    },
    {
      "name": "Qing Li",
      "scholar_id": "CFzKpEUAAAAJ",
      "url": "https://scholar.google.com/citations?user=CFzKpEUAAAAJ"
    }
  ]
}