{
  "author_info": {
    "name": "Azalia Mirhoseini",
    "affiliation": "Assistant Professor of Computer Science, Stanford - Google DeepMind",
    "email_verified": "Verified email at stanford.edu - Homepage",
    "website": "http://azaliamirhoseini.com/",
    "interests": [
      "AI",
      "Systems",
      "Scaling"
    ],
    "photo_url": "https://scholar.googleusercontent.com/citations?view_op=view_photo&user=I1nZzWsAAAAJ&citpid=1"
  },
  "citation_stats": {
    "citations_all": 14076,
    "citations_since_2020": 12978,
    "h_index_all": 35,
    "h_index_since_2020": 33,
    "i10_index_all": 63,
    "i10_index_since_2020": 52,
    "citation_graph": [
      {
        "year": 2013,
        "citations": 47
      },
      {
        "year": 2014,
        "citations": 34
      },
      {
        "year": 2015,
        "citations": 37
      },
      {
        "year": 2016,
        "citations": 64
      },
      {
        "year": 2017,
        "citations": 162
      },
      {
        "year": 2018,
        "citations": 304
      },
      {
        "year": 2019,
        "citations": 380
      },
      {
        "year": 2020,
        "citations": 458
      },
      {
        "year": 2021,
        "citations": 646
      },
      {
        "year": 2022,
        "citations": 1064
      },
      {
        "year": 2023,
        "citations": 1813
      },
      {
        "year": 2024,
        "citations": 3293
      },
      {
        "year": 2025,
        "citations": 5658
      }
    ]
  },
  "papers": [
    {
      "title": "Gemini 2.5: Pushing the frontier with advanced reasoning, multimodality, long context, and next generation agentic capabilities",
      "url": "https://scholar.google.com/citations?view_op=view_citation&hl=en&user=I1nZzWsAAAAJ&citation_for_view=I1nZzWsAAAAJ:8AbLer7MMksC",
      "authors": "G Comanici, E Bieber, M Schaekermann, I Pasupat, N Sachdeva, I Dhillon, ...",
      "venue": "arXiv preprint arXiv:2507.06261, 2025",
      "year": 2025,
      "citations": 812
    },
    {
      "title": "Large language monkeys: Scaling inference compute with repeated sampling",
      "url": "https://scholar.google.com/citations?view_op=view_citation&hl=en&user=I1nZzWsAAAAJ&citation_for_view=I1nZzWsAAAAJ:xtRiw3GOFMkC",
      "authors": "B Brown, J Juravsky, R Ehrlich, R Clark, QV Le, C Ré, A Mirhoseini",
      "venue": "arXiv preprint arXiv:2407.21787, 2024",
      "year": 2024,
      "citations": 509
    },
    {
      "title": "Chess: Contextual harnessing for efficient sql synthesis",
      "url": "https://scholar.google.com/citations?view_op=view_citation&hl=en&user=I1nZzWsAAAAJ&citation_for_view=I1nZzWsAAAAJ:EUQCXRtRnyEC",
      "authors": "S Talaei, M Pourreza, YC Chang, A Mirhoseini, A Saberi",
      "venue": "arXiv preprint arXiv:2405.16755, 2024",
      "year": 2024,
      "citations": 154
    },
    {
      "title": "The capacity for moral self-correction in large language models",
      "url": "https://scholar.google.com/citations?view_op=view_citation&hl=en&user=I1nZzWsAAAAJ&citation_for_view=I1nZzWsAAAAJ:pqnbT2bcN3wC",
      "authors": "D Ganguli, A Askell, N Schiefer, TI Liao, K Lukošiūtė, A Chen, A Goldie, ...",
      "venue": "arXiv preprint arXiv:2302.07459, 2023",
      "year": 2023,
      "citations": 217
    },
    {
      "title": "Constitutional ai: Harmlessness from ai feedback",
      "url": "https://scholar.google.com/citations?view_op=view_citation&hl=en&user=I1nZzWsAAAAJ&citation_for_view=I1nZzWsAAAAJ:M05iB0D1s5AC",
      "authors": "Y Bai, S Kadavath, S Kundu, A Askell, J Kernion, A Jones, A Chen, ...",
      "venue": "arXiv preprint arXiv:2212.08073, 2022",
      "year": 2022,
      "citations": 2408
    },
    {
      "title": "{FLAME}: Taming backdoors in federated learning",
      "url": "https://scholar.google.com/citations?view_op=view_citation&hl=en&user=I1nZzWsAAAAJ&citation_for_view=I1nZzWsAAAAJ:O3NaXMp0MMsC",
      "authors": "TD Nguyen, P Rieger, H Chen, H Yalame, H Möllering, H Fereidooni, ...",
      "venue": "31st USENIX Security Symposium (USENIX Security 22), 1415-1432, 2022",
      "year": 2022,
      "citations": 518
    },
    {
      "title": "Measuring progress on scalable oversight for large language models",
      "url": "https://scholar.google.com/citations?view_op=view_citation&hl=en&user=I1nZzWsAAAAJ&citation_for_view=I1nZzWsAAAAJ:2P1L_qKh6hAC",
      "authors": "SR Bowman, J Hyun, E Perez, E Chen, C Pettit, S Heiner, K Lukošiūtė, ...",
      "venue": "arXiv preprint arXiv:2211.03540, 2022",
      "year": 2022,
      "citations": 184
    },
    {
      "title": "A graph placement methodology for fast chip design",
      "url": "https://scholar.google.com/citations?view_op=view_citation&hl=en&user=I1nZzWsAAAAJ&citation_for_view=I1nZzWsAAAAJ:d1gkVwhDpl0C",
      "authors": "A Mirhoseini, A Goldie, M Yazgan, JW Jiang, E Songhori, S Wang, YJ Lee, ...",
      "venue": "Nature 594 (7862), 207-212, 2021",
      "year": 2021,
      "citations": 845
    },
    {
      "title": "Representing long-range context for graph neural networks with global attention",
      "url": "https://scholar.google.com/citations?view_op=view_citation&hl=en&user=I1nZzWsAAAAJ&citation_for_view=I1nZzWsAAAAJ:ufrVoPGSRksC",
      "authors": "Z Wu, P Jain, M Wright, A Mirhoseini, JE Gonzalez, I Stoica",
      "venue": "Advances in neural information processing systems 34, 13266-13279, 2021",
      "year": 2021,
      "citations": 474
    },
    {
      "title": "SAFELearn: Secure aggregation for private federated learning",
      "url": "https://scholar.google.com/citations?view_op=view_citation&hl=en&user=I1nZzWsAAAAJ&citation_for_view=I1nZzWsAAAAJ:9ZlFYXVOiuMC",
      "authors": "H Fereidooni, S Marchal, M Miettinen, A Mirhoseini, H Möllering, ...",
      "venue": "2021 IEEE security and privacy workshops (SPW), 56-62, 2021",
      "year": 2021,
      "citations": 326
    },
    {
      "title": "FLGUARD: Secure and Private Federated Learning.",
      "url": "https://scholar.google.com/citations?view_op=view_citation&hl=en&user=I1nZzWsAAAAJ&citation_for_view=I1nZzWsAAAAJ:_FxGoFyzp5QC",
      "authors": "TD Nguyen, P Rieger, H Yalame, H Möllering, H Fereidooni, S Marchal, ...",
      "venue": "IACR Cryptol. ePrint Arch. 2021, 25, 2021",
      "year": 2021,
      "citations": 107
    },
    {
      "title": "Chip placement with deep reinforcement learning",
      "url": "https://scholar.google.com/citations?view_op=view_citation&hl=en&user=I1nZzWsAAAAJ&citation_for_view=I1nZzWsAAAAJ:hFOr9nPyWt4C",
      "authors": "A Mirhoseini, A Goldie, M Yazgan, J Jiang, E Songhori, S Wang, YJ Lee, ...",
      "venue": "arXiv preprint arXiv:2004.10746, 2020",
      "year": 2020,
      "citations": 318
    },
    {
      "title": "Deep mixture of experts via shallow embedding",
      "url": "https://scholar.google.com/citations?view_op=view_citation&hl=en&user=I1nZzWsAAAAJ&citation_for_view=I1nZzWsAAAAJ:UebtZRa9Y70C",
      "authors": "X Wang, F Yu, L Dunlap, YA Ma, R Wang, A Mirhoseini, T Darrell, ...",
      "venue": "Uncertainty in artificial intelligence, 552-562, 2020",
      "year": 2020,
      "citations": 162
    },
    {
      "title": "Gap: Generalizable approximate graph partitioning framework",
      "url": "https://scholar.google.com/citations?view_op=view_citation&hl=en&user=I1nZzWsAAAAJ&citation_for_view=I1nZzWsAAAAJ:R3hNpaxXUhUC",
      "authors": "A Nazi, W Hang, A Goldie, S Ravi, A Mirhoseini",
      "venue": "arXiv preprint arXiv:1903.00614, 2019",
      "year": 2019,
      "citations": 92
    },
    {
      "title": "A hierarchical model for device placement",
      "url": "https://scholar.google.com/citations?view_op=view_citation&hl=en&user=I1nZzWsAAAAJ&citation_for_view=I1nZzWsAAAAJ:vV6vV6tmYwMC",
      "authors": "A Mirhoseini, A Goldie, H Pham, B Steiner, QV Le, J Dean",
      "venue": "International conference on learning representations, 2018",
      "year": 2018,
      "citations": 220
    },
    {
      "title": "Optimizing task recommendations in context-aware mobile crowdsourcing",
      "url": "https://scholar.google.com/citations?view_op=view_citation&hl=en&user=I1nZzWsAAAAJ&citation_for_view=I1nZzWsAAAAJ:aqlVkmm33-oC",
      "authors": "S Nath, M Goraczko, J Liu, A Mirhoseini",
      "venue": "US Patent 9,911,088, 2018",
      "year": 2018,
      "citations": 134
    },
    {
      "title": "Outrageously large neural networks: The sparsely-gated mixture-of-experts layer",
      "url": "https://scholar.google.com/citations?view_op=view_citation&hl=en&user=I1nZzWsAAAAJ&citation_for_view=I1nZzWsAAAAJ:YFjsv_pBGBYC",
      "authors": "N Shazeer, A Mirhoseini, K Maziarz, A Davis, Q Le, G Hinton, J Dean",
      "venue": "arXiv preprint arXiv:1701.06538, 2017",
      "year": 2017,
      "citations": 4170
    },
    {
      "title": "Device placement optimization with reinforcement learning",
      "url": "https://scholar.google.com/citations?view_op=view_citation&hl=en&user=I1nZzWsAAAAJ&citation_for_view=I1nZzWsAAAAJ:M3ejUd6NZC8C",
      "authors": "A Mirhoseini, H Pham, QV Le, B Steiner, R Larsen, Y Zhou, N Kumar, ...",
      "venue": "International conference on machine learning, 2430-2439, 2017",
      "year": 2017,
      "citations": 598
    },
    {
      "title": "Idetic: A high-level synthesis approach for enabling long computations on transiently-powered ASICs",
      "url": "https://scholar.google.com/citations?view_op=view_citation&hl=en&user=I1nZzWsAAAAJ&citation_for_view=I1nZzWsAAAAJ:lSLTfruPkqcC",
      "authors": "A Mirhoseini, EM Songhori, F Koushanfar",
      "venue": "2013 IEEE International Conference on Pervasive Computing and Communications …, 2013",
      "year": 2013,
      "citations": 90
    },
    {
      "title": "A unified framework for multimodal submodular integrated circuits trojan detection",
      "url": "https://scholar.google.com/citations?view_op=view_citation&hl=en&user=I1nZzWsAAAAJ&citation_for_view=I1nZzWsAAAAJ:iH-uZ7U-co4C",
      "authors": "F Koushanfar, A Mirhoseini",
      "venue": "IEEE Transactions on Information Forensics and Security 6 (1), 162-174, 2010",
      "year": 2010,
      "citations": 158
    }
  ],
  "co_authors": [
    {
      "name": "Jeff Dean",
      "scholar_id": "NMS69lQAAAAJ",
      "url": "https://scholar.google.com/citations?user=NMS69lQAAAAJ"
    },
    {
      "name": "Quoc V. Le",
      "scholar_id": "vfT6-XIAAAAJ",
      "url": "https://scholar.google.com/citations?user=vfT6-XIAAAAJ"
    },
    {
      "name": "Ebrahim M. Songhori",
      "scholar_id": "45dAUpoAAAAJ",
      "url": "https://scholar.google.com/citations?user=45dAUpoAAAAJ"
    },
    {
      "name": "Farinaz Koushanfar",
      "scholar_id": "3XnMVUAAAAAJ",
      "url": "https://scholar.google.com/citations?user=3XnMVUAAAAAJ"
    },
    {
      "name": "Joe Wenjie Jiang",
      "scholar_id": "g7kbvSQAAAAJ",
      "url": "https://scholar.google.com/citations?user=g7kbvSQAAAAJ"
    },
    {
      "name": "Noam Shazeer",
      "scholar_id": "wsGvgA8AAAAJ",
      "url": "https://scholar.google.com/citations?user=wsGvgA8AAAAJ"
    },
    {
      "name": "Christopher Ré",
      "scholar_id": "DnnCWN0AAAAJ",
      "url": "https://scholar.google.com/citations?user=DnnCWN0AAAAJ"
    },
    {
      "name": "Bita Darvish Rouhani",
      "scholar_id": "oqeh4cYAAAAJ",
      "url": "https://scholar.google.com/citations?user=oqeh4cYAAAAJ"
    },
    {
      "name": "Hieu Pham",
      "scholar_id": "0RvAVR4AAAAJ",
      "url": "https://scholar.google.com/citations?user=0RvAVR4AAAAJ"
    },
    {
      "name": "Geoffrey Hinton",
      "scholar_id": "JicYPdAAAAAJ",
      "url": "https://scholar.google.com/citations?user=JicYPdAAAAAJ"
    },
    {
      "name": "Mohammad Norouzi",
      "scholar_id": "Lncr-VoAAAAJ",
      "url": "https://scholar.google.com/citations?user=Lncr-VoAAAAJ"
    },
    {
      "name": "Joseph E. Gonzalez",
      "scholar_id": "B96GkdgAAAAJ",
      "url": "https://scholar.google.com/citations?user=B96GkdgAAAAJ"
    },
    {
      "name": "Ion Stoica",
      "scholar_id": "vN-is70AAAAJ",
      "url": "https://scholar.google.com/citations?user=vN-is70AAAAJ"
    }
  ]
}