{
  "author_info": {
    "name": "Loïc Barthe",
    "affiliation": "IRIT, Université de Toulouse, CNRS",
    "email_verified": "Verified email at irit.fr - Homepage",
    "website": "http://www.irit.fr/~Loic.Barthe",
    "interests": [
      "Computer Graphics",
      "Implicit Surfaces",
      "Shape deformations",
      "Point clouds processing",
      "Machine learning"
    ],
    "photo_url": "https://scholar.googleusercontent.com/citations?view_op=view_photo&user=w4XsexUAAAAJ&citpid=3"
  },
  "citation_stats": {
    "citations_all": 2476,
    "citations_since_2020": 787,
    "h_index_all": 31,
    "h_index_since_2020": 16,
    "i10_index_all": 52,
    "i10_index_since_2020": 25,
    "citation_graph": [
      {
        "year": 2002,
        "citations": 13
      },
      {
        "year": 2003,
        "citations": 15
      },
      {
        "year": 2004,
        "citations": 49
      },
      {
        "year": 2005,
        "citations": 68
      },
      {
        "year": 2006,
        "citations": 70
      },
      {
        "year": 2007,
        "citations": 97
      },
      {
        "year": 2008,
        "citations": 99
      },
      {
        "year": 2009,
        "citations": 97
      },
      {
        "year": 2010,
        "citations": 107
      },
      {
        "year": 2011,
        "citations": 82
      },
      {
        "year": 2012,
        "citations": 97
      },
      {
        "year": 2013,
        "citations": 112
      },
      {
        "year": 2014,
        "citations": 92
      },
      {
        "year": 2015,
        "citations": 122
      },
      {
        "year": 2016,
        "citations": 114
      },
      {
        "year": 2017,
        "citations": 92
      },
      {
        "year": 2018,
        "citations": 145
      },
      {
        "year": 2019,
        "citations": 167
      },
      {
        "year": 2020,
        "citations": 98
      },
      {
        "year": 2021,
        "citations": 112
      },
      {
        "year": 2022,
        "citations": 141
      },
      {
        "year": 2023,
        "citations": 153
      },
      {
        "year": 2024,
        "citations": 134
      },
      {
        "year": 2025,
        "citations": 146
      }
    ]
  },
  "papers": [
    {
      "title": "PCEDNet: A Lightweight Neural Network for Fast and Interactive Edge Detection in 3D Point Clouds",
      "url": "https://scholar.google.com/citations?view_op=view_citation&hl=en&user=w4XsexUAAAAJ&citation_for_view=w4XsexUAAAAJ:tS2w5q8j5-wC",
      "authors": "CE Himeur, T Lejemble, T Pellegrini, M Paulin, L Barthe, N Mellado",
      "venue": "ACM Transactions on Graphics (TOG) 41 (1), 1-21, 2022",
      "year": 2022,
      "citations": 68
    },
    {
      "title": "VIPER: Volume Invariant Position-based Elastic Rods",
      "url": "https://scholar.google.com/citations?view_op=view_citation&hl=en&user=w4XsexUAAAAJ&citation_for_view=w4XsexUAAAAJ:P5F9QuxV20EC",
      "authors": "B Angles, D Rebain, M Macklin, B Wyvill, L Barthe, JP Lewis, ...",
      "venue": "Proceedings of the ACM on Computer Graphics and Interactive Techniques 2 (2), 2019",
      "year": 2019,
      "citations": 56
    },
    {
      "title": "Modeling 3D animals from a side-view sketch",
      "url": "https://scholar.google.com/citations?view_op=view_citation&hl=en&user=w4XsexUAAAAJ&citation_for_view=w4XsexUAAAAJ:70eg2SAEIzsC",
      "authors": "E Entem, L Barthe, MP Cani, F Cordier, M Van De Panne",
      "venue": "Computers & Graphics 46, 221-230, 2015",
      "year": 2015,
      "citations": 55
    },
    {
      "title": "Robust iso-surface tracking for interactive character skinning",
      "url": "https://scholar.google.com/citations?view_op=view_citation&hl=en&user=w4XsexUAAAAJ&citation_for_view=w4XsexUAAAAJ:ldfaerwXgEUC",
      "authors": "R Vaillant, G Guennebaud, L Barthe, B Wyvill, MP Cani",
      "venue": "ACM Transactions on Graphics (TOG) 33 (6), 1-11, 2014",
      "year": 2014,
      "citations": 72
    },
    {
      "title": "Implicit skinning: Real-time skin deformation with contact modeling",
      "url": "https://scholar.google.com/citations?view_op=view_citation&hl=en&user=w4XsexUAAAAJ&citation_for_view=w4XsexUAAAAJ:hMod-77fHWUC",
      "authors": "R VAILLANT, L BARTHE, G GUENNEBAUD, MP CANI, D ROHMER, ...",
      "venue": "ACM Transactions on Graphics - Proc. of Siggraph 32 (4), 2013",
      "year": 2013,
      "citations": 183
    },
    {
      "title": "Adaptive remeshing for real-time mesh deformation",
      "url": "https://scholar.google.com/citations?view_op=view_citation&hl=en&user=w4XsexUAAAAJ&citation_for_view=w4XsexUAAAAJ:Zph67rFs4hoC",
      "authors": "M Dunyach, D Vanderhaeghe, L Barthe, M Botsch",
      "venue": "Eurographics 2013 - short papers, 2013",
      "year": 2013,
      "citations": 98
    },
    {
      "title": "A Gradient-Based Implicit Blend",
      "url": "https://scholar.google.com/citations?view_op=view_citation&hl=en&user=w4XsexUAAAAJ&citation_for_view=w4XsexUAAAAJ:QIV2ME_5wuYC",
      "authors": "O Gourmel, L Barthe, MP Cani, B Wyvill, A Bernhardt, M Paulin, ...",
      "venue": "ACM Transactions on Graphics 32 (2), 2013",
      "year": 2013,
      "citations": 85
    },
    {
      "title": "Combinatorial bidirectional path‐tracing for efficient hybrid CPU/GPU rendering",
      "url": "https://scholar.google.com/citations?view_op=view_citation&hl=en&user=w4XsexUAAAAJ&citation_for_view=w4XsexUAAAAJ:3fE2CSJIrl8C",
      "authors": "A Pajot, L Barthe, M Paulin, P Poulin",
      "venue": "Computer Graphics Forum 30 (2), 315-324, 2011",
      "year": 2011,
      "citations": 59
    },
    {
      "title": "Implicit blending revisited",
      "url": "https://scholar.google.com/citations?view_op=view_citation&hl=en&user=w4XsexUAAAAJ&citation_for_view=w4XsexUAAAAJ:LkGwnXOMwfcC",
      "authors": "A Bernhardt, L Barthe, MP Cani, B Wyvill",
      "venue": "Computer Graphics Forum 29 (2), 367-375, 2010",
      "year": 2010,
      "citations": 70
    },
    {
      "title": "Matisse: Painting 2D regions for modeling free-form shapes",
      "url": "https://scholar.google.com/citations?view_op=view_citation&hl=en&user=w4XsexUAAAAJ&citation_for_view=w4XsexUAAAAJ:qjMakFHDy7sC",
      "authors": "A Bernhardt, A Pihuit, MP Cani, L Barthe",
      "venue": "SBM'08-Eurographics Workshop on Sketch-Based Interfaces and Modeling, 57-64, 2008",
      "year": 2008,
      "citations": 89
    },
    {
      "title": "High‐quality adaptive soft shadow mapping",
      "url": "https://scholar.google.com/citations?view_op=view_citation&hl=en&user=w4XsexUAAAAJ&citation_for_view=w4XsexUAAAAJ:u-x6o8ySG0sC",
      "authors": "G Guennebaud, L Barthe, M Paulin",
      "venue": "Computer graphics forum 26 (3), 525-533, 2007",
      "year": 2007,
      "citations": 84
    },
    {
      "title": "Shape modeling by sketching using convolution surfaces",
      "url": "https://scholar.google.com/citations?view_op=view_citation&hl=en&user=w4XsexUAAAAJ&citation_for_view=w4XsexUAAAAJ:IjCSPb-OGe4C",
      "authors": "A Alexe, L Barthe, MP Cani, V Gaildrat",
      "venue": "ACM SIGGRAPH 2007 courses, 39-es, 2007",
      "year": 2007,
      "citations": 48
    },
    {
      "title": "Real-time Soft Shadow Mapping by Backprojection.",
      "url": "https://scholar.google.com/citations?view_op=view_citation&hl=en&user=w4XsexUAAAAJ&citation_for_view=w4XsexUAAAAJ:u5HHmVD_uO8C",
      "authors": "G Guennebaud, L Barthe, M Paulin",
      "venue": "Eurographics Symposium on Rendering, 227-234, 2006",
      "year": 2006,
      "citations": 145
    },
    {
      "title": "Interactive modelling from sketches using spherical implicit functions",
      "url": "https://scholar.google.com/citations?view_op=view_citation&hl=en&user=w4XsexUAAAAJ&citation_for_view=w4XsexUAAAAJ:7PzlFSSx8tAC",
      "authors": "A Alexe, V Gaildrat, L Barthe",
      "venue": "Proceedings of the 3rd international conference on Computer graphics …, 2004",
      "year": 2004,
      "citations": 87
    },
    {
      "title": "Controllable Binary CSG Operators for\" Soft Objects\"",
      "url": "https://scholar.google.com/citations?view_op=view_citation&hl=en&user=w4XsexUAAAAJ&citation_for_view=w4XsexUAAAAJ:YsMSGLbcyi4C",
      "authors": "L Barthe, B Wyvill, E De Groot",
      "venue": "International Journal of Shape Modeling 10 (02), 135-154, 2004",
      "year": 2004,
      "citations": 58
    },
    {
      "title": "Deferred splatting",
      "url": "https://scholar.google.com/citations?view_op=view_citation&hl=en&user=w4XsexUAAAAJ&citation_for_view=w4XsexUAAAAJ:2osOgNQ5qMEC",
      "authors": "G Guennebaud, L Barthe, M Paulin",
      "venue": "Computer Graphics Forum 23 (3), 653-660, 2004",
      "year": 2004,
      "citations": 56
    },
    {
      "title": "Subdivision scheme tuning around extraordinary vertices",
      "url": "https://scholar.google.com/citations?view_op=view_citation&hl=en&user=w4XsexUAAAAJ&citation_for_view=w4XsexUAAAAJ:9yKSN-GCB0IC",
      "authors": "L Barthe, L Kobbelt",
      "venue": "Computer Aided Geometric Design 21 (6), 561-583, 2004",
      "year": 2004,
      "citations": 56
    },
    {
      "title": "Two‐dimensional potential fields for advanced implicit modeling operators",
      "url": "https://scholar.google.com/citations?view_op=view_citation&hl=en&user=w4XsexUAAAAJ&citation_for_view=w4XsexUAAAAJ:d1gkVwhDpl0C",
      "authors": "L Barthe, NA Dodgson, MA Sabin, B Wyvill, V Gaildrat",
      "venue": "Computer Graphics Forum 22 (1), 23-33, 2003",
      "year": 2003,
      "citations": 84
    },
    {
      "title": "Artifacts in recursive subdivision surfaces",
      "url": "https://scholar.google.com/citations?view_op=view_citation&hl=en&user=w4XsexUAAAAJ&citation_for_view=w4XsexUAAAAJ:L8Ckcad2t8MC",
      "authors": "MA Sabin, L Barthe",
      "venue": "Curve and Surface Fitting: St Malo 2002, 353-362, 2003",
      "year": 2003,
      "citations": 58
    },
    {
      "title": "Music-driven motion editing: Local motion transformations guided by music analysis",
      "url": "https://scholar.google.com/citations?view_op=view_citation&hl=en&user=w4XsexUAAAAJ&citation_for_view=w4XsexUAAAAJ:UeHWp8X0CEIC",
      "authors": "M Cardle, L Barthe, S Brooks, P Robinson",
      "venue": "Proceedings 20th Eurographics UK Conference, 38-44, 2002",
      "year": 2002,
      "citations": 48
    }
  ],
  "co_authors": [
    {
      "name": "Mathias Paulin",
      "scholar_id": "sKnFT20AAAAJ",
      "url": "https://scholar.google.com/citations?user=sKnFT20AAAAJ"
    },
    {
      "name": "Marie-Paule CANI",
      "scholar_id": "z0RoFtcAAAAJ",
      "url": "https://scholar.google.com/citations?user=z0RoFtcAAAAJ"
    },
    {
      "name": "Gael Guennebaud",
      "scholar_id": "WXamqasAAAAJ",
      "url": "https://scholar.google.com/citations?user=WXamqasAAAAJ"
    },
    {
      "name": "Nicolas Mellado",
      "scholar_id": "5G1dVkYAAAAJ",
      "url": "https://scholar.google.com/citations?user=5G1dVkYAAAAJ"
    },
    {
      "name": "Brian Wyvill",
      "scholar_id": "e0RbIYEAAAAJ",
      "url": "https://scholar.google.com/citations?user=e0RbIYEAAAAJ"
    },
    {
      "name": "Gaildrat",
      "scholar_id": "ETYw2tgAAAAJ",
      "url": "https://scholar.google.com/citations?user=ETYw2tgAAAAJ"
    },
    {
      "name": "Thibault Lejemble",
      "scholar_id": "cuMq6bEAAAAJ",
      "url": "https://scholar.google.com/citations?user=cuMq6bEAAAAJ"
    },
    {
      "name": "Neil Dodgson",
      "scholar_id": "kfYJVXEAAAAJ",
      "url": "https://scholar.google.com/citations?user=kfYJVXEAAAAJ"
    },
    {
      "name": "David Vanderhaeghe",
      "scholar_id": "qMINjc0AAAAJ",
      "url": "https://scholar.google.com/citations?user=qMINjc0AAAAJ"
    },
    {
      "name": "Damien Rohmer",
      "scholar_id": "p6AX3ywAAAAJ",
      "url": "https://scholar.google.com/citations?user=p6AX3ywAAAAJ"
    },
    {
      "name": "Rodolphe Vaillant",
      "scholar_id": "BzSZmTQAAAAJ",
      "url": "https://scholar.google.com/citations?user=BzSZmTQAAAAJ"
    },
    {
      "name": "Pierre Poulin",
      "scholar_id": "al5P0bAAAAAJ",
      "url": "https://scholar.google.com/citations?user=al5P0bAAAAAJ"
    },
    {
      "name": "Leif Kobbelt",
      "scholar_id": "eCsqoJgAAAAJ",
      "url": "https://scholar.google.com/citations?user=eCsqoJgAAAAJ"
    },
    {
      "name": "Florian Canezin",
      "scholar_id": "0yNhRXwAAAAJ",
      "url": "https://scholar.google.com/citations?user=0yNhRXwAAAAJ"
    },
    {
      "name": "Andrea Tagliasacchi",
      "scholar_id": "1RmD-YsAAAAJ",
      "url": "https://scholar.google.com/citations?user=1RmD-YsAAAAJ"
    },
    {
      "name": "Michiel van de Panne",
      "scholar_id": "lJwPbcUAAAAJ",
      "url": "https://scholar.google.com/citations?user=lJwPbcUAAAAJ"
    },
    {
      "name": "Baptiste Angles",
      "scholar_id": "TINTysAAAAAJ",
      "url": "https://scholar.google.com/citations?user=TINTysAAAAAJ"
    },
    {
      "name": "Frederic Cordier",
      "scholar_id": "r4gezHUAAAAJ",
      "url": "https://scholar.google.com/citations?user=r4gezHUAAAAJ"
    },
    {
      "name": "Peter Robinson",
      "scholar_id": "91NxdC4AAAAJ",
      "url": "https://scholar.google.com/citations?user=91NxdC4AAAAJ"
    },
    {
      "name": "Benjamin Mora",
      "scholar_id": "WfolZaIAAAAJ",
      "url": "https://scholar.google.com/citations?user=WfolZaIAAAAJ"
    }
  ]
}