{
  "author_info": {
    "name": "Lingjie Mei",
    "affiliation": "Princeton University",
    "email_verified": "Verified email at princeton.edu - Homepage",
    "website": "https://www.cs.princeton.edu/~lm5483/",
    "interests": [
      "Artificial Intelligence"
    ],
    "photo_url": "https://scholar.googleusercontent.com/citations?view_op=view_photo&user=NBGAr-0AAAAJ&citpid=1"
  },
  "citation_stats": {
    "citations_all": 378,
    "citations_since_2020": 376,
    "h_index_all": 6,
    "h_index_since_2020": 6,
    "i10_index_all": 6,
    "i10_index_since_2020": 6,
    "citation_graph": [
      {
        "year": 2020,
        "citations": 15
      },
      {
        "year": 2021,
        "citations": 22
      },
      {
        "year": 2022,
        "citations": 13
      },
      {
        "year": 2023,
        "citations": 41
      },
      {
        "year": 2024,
        "citations": 106
      },
      {
        "year": 2025,
        "citations": 178
      }
    ]
  },
  "papers": [
    {
      "title": "Evaluating Robustness of Monocular Depth Estimation with Procedural Scene Perturbations",
      "url": "https://scholar.google.com/citations?view_op=view_citation&hl=en&user=NBGAr-0AAAAJ&citation_for_view=NBGAr-0AAAAJ:Y0pCki6q_DkC",
      "authors": "J Nugent, S Wu, Z Ma, B Han, M Parakh, A Joshi, L Mei, A Raistrick, X Li, ...",
      "venue": "arXiv preprint arXiv:2507.00981, 2025",
      "year": 2025,
      "citations": 1
    },
    {
      "title": "Infinigen indoors: Photorealistic indoor scenes using procedural generation",
      "url": "https://scholar.google.com/citations?view_op=view_citation&hl=en&user=NBGAr-0AAAAJ&citation_for_view=NBGAr-0AAAAJ:Tyk-4Ss8FVUC",
      "authors": "A Raistrick, L Mei, K Kayan, D Yan, Y Zuo, B Han, H Wen, M Parakh, ...",
      "venue": "Proceedings of the IEEE/CVF Conference on Computer Vision and Pattern …, 2024",
      "year": 2024,
      "citations": 71
    },
    {
      "title": "Violations of physical and psychological expectations in the human adult brain",
      "url": "https://scholar.google.com/citations?view_op=view_citation&hl=en&user=NBGAr-0AAAAJ&citation_for_view=NBGAr-0AAAAJ:2osOgNQ5qMEC",
      "authors": "S Liu, K Lydic, L Mei, R Saxe",
      "venue": "Imaging Neuroscience 2, 1-25, 2024",
      "year": 2024,
      "citations": 15
    },
    {
      "title": "Infinite photorealistic worlds using procedural generation",
      "url": "https://scholar.google.com/citations?view_op=view_citation&hl=en&user=NBGAr-0AAAAJ&citation_for_view=NBGAr-0AAAAJ:qjMakFHDy7sC",
      "authors": "A Raistrick, L Lipson, Z Ma, L Mei, M Wang, Y Zuo, K Kayan, H Wen, ...",
      "venue": "Proceedings of the IEEE/CVF conference on computer vision and pattern …, 2023",
      "year": 2023,
      "citations": 141
    },
    {
      "title": "Domain-specific and domain-general neural responses to surprising psychological and physical events",
      "url": "https://scholar.google.com/citations?view_op=view_citation&hl=en&user=NBGAr-0AAAAJ&citation_for_view=NBGAr-0AAAAJ:9yKSN-GCB0IC",
      "authors": "S Liu, K Lydic, L Mei, R Saxe",
      "venue": "PsyArXiv, 2023",
      "year": 2023,
      "citations": 0
    },
    {
      "title": "FALCON: fast visual concept learning by integrating images, linguistic descriptions, and conceptual relations",
      "url": "https://scholar.google.com/citations?view_op=view_citation&hl=en&user=NBGAr-0AAAAJ&citation_for_view=NBGAr-0AAAAJ:d1gkVwhDpl0C",
      "authors": "L Mei*, J Mao*, Z Wang, C Gan, JB Tenenbaum",
      "venue": "arXiv preprint arXiv:2203.16639, 2022",
      "year": 2022,
      "citations": 25
    },
    {
      "title": "The fine structure of surprise in intuitive physics: when, why, and how much?",
      "url": "https://scholar.google.com/citations?view_op=view_citation&hl=en&user=NBGAr-0AAAAJ&citation_for_view=NBGAr-0AAAAJ:u-x6o8ySG0sC",
      "authors": "KA Smith, L Mei, S Yao, J Wu, E Spelke, JB Tenenbaum, TD Ullman",
      "venue": "Proceedings of the Annual Meeting of the Cognitive Science Society 42, 2020",
      "year": 2020,
      "citations": 12
    },
    {
      "title": "Modeling expectation violation in intuitive physics with coarse probabilistic object representations",
      "url": "https://scholar.google.com/citations?view_op=view_citation&hl=en&user=NBGAr-0AAAAJ&citation_for_view=NBGAr-0AAAAJ:u5HHmVD_uO8C",
      "authors": "K Smith*, L Mei*, S Yao*, J Wu, E Spelke, J Tenenbaum, T Ullman",
      "venue": "Advances in neural information processing systems 32, 2019",
      "year": 2019,
      "citations": 113
    },
    {
      "title": "Supplementary Materials for Infinigen Indoors: Photorealistic Indoor Scenes using Procedural Generation",
      "url": "https://scholar.google.com/citations?view_op=view_citation&hl=en&user=NBGAr-0AAAAJ&citation_for_view=NBGAr-0AAAAJ:zYLM7Y9cAGgC",
      "authors": "A Raistrick, L Mei, K Kayan, D Yan, Y Zuo, B Han, H Wen, M Parakh, ...",
      "venue": "",
      "citations": 0
    },
    {
      "title": "This paper has been peer reviewed, and is now in press at Imaging Neuroscience. It may differ from the publisher’s version in minor ways, due to the proofing process …",
      "url": "https://scholar.google.com/citations?view_op=view_citation&hl=en&user=NBGAr-0AAAAJ&citation_for_view=NBGAr-0AAAAJ:IjCSPb-OGe4C",
      "authors": "S Liu, K Lydic, L Mei, R Saxe",
      "venue": "",
      "citations": 0
    },
    {
      "title": "Infinite Photorealistic Worlds using Procedural Generation: Supplementary Materials",
      "url": "https://scholar.google.com/citations?view_op=view_citation&hl=en&user=NBGAr-0AAAAJ&citation_for_view=NBGAr-0AAAAJ:UeHWp8X0CEIC",
      "authors": "A Raistrick, L Lipson, Z Ma, L Mei, M Wang, Y Zuo, K Kayan, H Wen, ...",
      "venue": "",
      "citations": 0
    }
  ],
  "co_authors": []
}