{
  "author_info": {
    "name": "Alex Cheng",
    "affiliation": "Carnegie Mellon University",
    "email_verified": "Verified email at cs.cmu.edu",
    "interests": [
      "NLP",
      "Machine learning"
    ],
    "photo_url": "/citations/images/avatar_scholar_128.png"
  },
  "citation_stats": {
    "citations_all": 6,
    "citations_since_2020": 6,
    "h_index_all": 1,
    "h_index_since_2020": 1,
    "i10_index_all": 0,
    "i10_index_since_2020": 0,
    "citation_graph": [
      {
        "year": 2024,
        "citations": 1
      },
      {
        "year": 2025,
        "citations": 5
      }
    ]
  },
  "papers": [
    {
      "title": "Zero-Shot Cross-Lingual NER Using Phonemic Representations for Low-Resource Languages",
      "url": "https://scholar.google.com/citations?view_op=view_citation&hl=en&user=aDq5X80AAAAJ&citation_for_view=aDq5X80AAAAJ:u5HHmVD_uO8C",
      "authors": "J Sohn, H Jung, A Cheng, J Kang, Y Du, DR Mortensen",
      "venue": "arXiv preprint arXiv:2406.16030, 2024",
      "year": 2024,
      "citations": 6
    }
  ],
  "co_authors": []
}