{
  "author_info": {
    "name": "Yuxin Zhang",
    "affiliation": "Southeast University",
    "email_verified": "Verified email at seu.edu.cn",
    "interests": [],
    "photo_url": "/citations/images/avatar_scholar_128.png"
  },
  "citation_stats": {
    "citations_all": 46,
    "citations_since_2020": 46,
    "h_index_all": 4,
    "h_index_since_2020": 4,
    "i10_index_all": 1,
    "i10_index_since_2020": 1,
    "citation_graph": [
      {
        "year": 2021,
        "citations": 1
      },
      {
        "year": 2022,
        "citations": 12
      },
      {
        "year": 2023,
        "citations": 6
      },
      {
        "year": 2024,
        "citations": 4
      },
      {
        "year": 2025,
        "citations": 21
      }
    ]
  },
  "papers": [
    {
      "title": "IGen: Redefining long-term event prediction with iterative generation and dynamic balancing",
      "url": "https://scholar.google.com/citations?view_op=view_citation&hl=en&user=UZHnxToAAAAJ&citation_for_view=UZHnxToAAAAJ:eQOLeE2rZwMC",
      "authors": "Y Zhang, Y Wang, S Zhai, Y Chen, S Zhang, Y Meng, Z Chai, S Bi, G Qi",
      "venue": "Information Processing & Management 63 (1), 104209, 2026",
      "year": 2026,
      "citations": 0
    },
    {
      "title": "DST: Continual event prediction by decomposing and synergizing the task commonality and specificity",
      "url": "https://scholar.google.com/citations?view_op=view_citation&hl=en&user=UZHnxToAAAAJ&citation_for_view=UZHnxToAAAAJ:IjCSPb-OGe4C",
      "authors": "Y Zhang, S Zhai, Y Chen, S Zhang, S Bi, Y Meng, G Qi",
      "venue": "Information Processing & Management 62 (1), 103899, 2025",
      "year": 2025,
      "citations": 2
    },
    {
      "title": "Parameter-aware contrastive knowledge editing: Tracing and rectifying based on critical transmission paths",
      "url": "https://scholar.google.com/citations?view_op=view_citation&hl=en&user=UZHnxToAAAAJ&citation_for_view=UZHnxToAAAAJ:WF5omc3nYNoC",
      "authors": "S Zhai, Y Meng, Y Zhang, G Qi",
      "venue": "Proceedings of the 63rd Annual Meeting of the Association for Computational …, 2025",
      "year": 2025,
      "citations": 1
    },
    {
      "title": "Pandora: A Code-Driven Large Language Model Agent for Unified Reasoning Across Diverse Structured Knowledge",
      "url": "https://scholar.google.com/citations?view_op=view_citation&hl=en&user=UZHnxToAAAAJ&citation_for_view=UZHnxToAAAAJ:YsMSGLbcyi4C",
      "authors": "Y Chen, J He, L Fu, S Zhang, R Jin, X Dai, J Li, D Min, N Hu, Y Zhang, ...",
      "venue": "arXiv preprint arXiv:2504.12734, 2025",
      "year": 2025,
      "citations": 1
    },
    {
      "title": "TEF: Causality-Aware Taxonomy Expansion via Front-Door Criterion",
      "url": "https://scholar.google.com/citations?view_op=view_citation&hl=en&user=UZHnxToAAAAJ&citation_for_view=UZHnxToAAAAJ:Tyk-4Ss8FVUC",
      "authors": "Y Meng, S Zhai, Y Zhang, Z Hu, G Qi",
      "venue": "Proceedings of the 31st International Conference on Computational …, 2025",
      "year": 2025,
      "citations": 1
    },
    {
      "title": "Magic Mushroom: A Customizable Benchmark for Fine-grained Analysis of Retrieval Noise Erosion in RAG Systems",
      "url": "https://scholar.google.com/citations?view_op=view_citation&hl=en&user=UZHnxToAAAAJ&citation_for_view=UZHnxToAAAAJ:zYLM7Y9cAGgC",
      "authors": "Y Zhang, Y Wang, Y Chen, S Zhang, X Dai, S Bi, G Qi",
      "venue": "arXiv preprint arXiv:2506.03901, 2025",
      "year": 2025,
      "citations": 0
    },
    {
      "title": "Event is more valuable than you think: Improving the similar legal case retrieval via event knowledge",
      "url": "https://scholar.google.com/citations?view_op=view_citation&hl=en&user=UZHnxToAAAAJ&citation_for_view=UZHnxToAAAAJ:2osOgNQ5qMEC",
      "authors": "Y Zhang, S Zhai, Y Meng, S Bi, Y Chen, G Qi",
      "venue": "Information Processing & Management 61 (4), 103729, 2024",
      "year": 2024,
      "citations": 7
    },
    {
      "title": "Which is better? Taxonomy induction with learning the optimal structure via contrastive learning",
      "url": "https://scholar.google.com/citations?view_op=view_citation&hl=en&user=UZHnxToAAAAJ&citation_for_view=UZHnxToAAAAJ:Y0pCki6q_DkC",
      "authors": "Y Meng, S Zhai, Z Chai, Y Zhang, T Wu, G Qi, W Song",
      "venue": "Knowledge-Based Systems 304, 112405, 2024",
      "year": 2024,
      "citations": 5
    },
    {
      "title": "Attributed Triple Extraction by Combination Under Contrastive Learning",
      "url": "https://scholar.google.com/citations?view_op=view_citation&hl=en&user=UZHnxToAAAAJ&citation_for_view=UZHnxToAAAAJ:W7OEmFMy1HYC",
      "authors": "R Wang, G Xu, G Qi, Y Li, Y Chen, S Zhai, Y Zhang, R Jin, N Li, Q Wang",
      "venue": "International Conference on Database Systems for Advanced Applications, 402-414, 2024",
      "year": 2024,
      "citations": 0
    },
    {
      "title": "CDEP: Cross-domain Event Prediction Based on Continuous Learning",
      "url": "https://scholar.google.com/citations?view_op=view_citation&hl=en&user=UZHnxToAAAAJ&citation_for_view=UZHnxToAAAAJ:UeHWp8X0CEIC",
      "authors": "Y Zhang, D Yin, Z Wu, Y Wang, S Chen, G Qi",
      "venue": "IJCKG 2023, 2023",
      "year": 2023,
      "citations": 0
    },
    {
      "title": "CSIP: enhanced link prediction with context of social influence propagation",
      "url": "https://scholar.google.com/citations?view_op=view_citation&hl=en&user=UZHnxToAAAAJ&citation_for_view=UZHnxToAAAAJ:u-x6o8ySG0sC",
      "authors": "H Gao, B Li, W Xie, Y Zhang, D Guan, W Chen, K Cai",
      "venue": "Big Data Research 24, 100217, 2021",
      "year": 2021,
      "citations": 15
    },
    {
      "title": "Fine-grained evaluation of knowledge graph embedding model in knowledge enhancement downstream tasks",
      "url": "https://scholar.google.com/citations?view_op=view_citation&hl=en&user=UZHnxToAAAAJ&citation_for_view=UZHnxToAAAAJ:9yKSN-GCB0IC",
      "authors": "Y Zhang, B Li, H Gao, Y Ji, H Yang, M Wang, W Chen",
      "venue": "Big Data Research 25, 100218, 2021",
      "year": 2021,
      "citations": 8
    },
    {
      "title": "Multi-space knowledge enhanced question answering over knowledge graph",
      "url": "https://scholar.google.com/citations?view_op=view_citation&hl=en&user=UZHnxToAAAAJ&citation_for_view=UZHnxToAAAAJ:u5HHmVD_uO8C",
      "authors": "Y Ji, B Li, Y Liu, Y Zhang, K Cai",
      "venue": "Asia-Pacific Web (APWeb) and Web-Age Information Management (WAIM) Joint …, 2021",
      "year": 2021,
      "citations": 3
    },
    {
      "title": "Fine-grained evaluation of knowledge graph embedding models in downstream tasks",
      "url": "https://scholar.google.com/citations?view_op=view_citation&hl=en&user=UZHnxToAAAAJ&citation_for_view=UZHnxToAAAAJ:d1gkVwhDpl0C",
      "authors": "Y Zhang, B Li, H Gao, Y Ji, H Yang, M Wang",
      "venue": "Asia-Pacific Web (APWeb) and Web-Age Information Management (WAIM) Joint …, 2020",
      "year": 2020,
      "citations": 2
    },
    {
      "title": "Improving the link prediction by exploiting the collaborative and context-aware social influence",
      "url": "https://scholar.google.com/citations?view_op=view_citation&hl=en&user=UZHnxToAAAAJ&citation_for_view=UZHnxToAAAAJ:qjMakFHDy7sC",
      "authors": "H Gao, Y Zhang, B Li",
      "venue": "International Conference on Advanced Data Mining and Applications, 302-315, 2019",
      "year": 2019,
      "citations": 1
    }
  ],
  "co_authors": [
    {
      "name": "Guilin Qi",
      "scholar_id": "1gw3LJQAAAAJ",
      "url": "https://scholar.google.com/citations?user=1gw3LJQAAAAJ"
    },
    {
      "name": "Songlin Zhai",
      "scholar_id": "kd7pPMIAAAAJ",
      "url": "https://scholar.google.com/citations?user=kd7pPMIAAAAJ"
    },
    {
      "name": "Yongrui Chen（陈永锐）",
      "scholar_id": "8ZjIHyEAAAAJ",
      "url": "https://scholar.google.com/citations?user=8ZjIHyEAAAAJ"
    },
    {
      "name": "Shenyu Zhang",
      "scholar_id": "UJMUXRgAAAAJ",
      "url": "https://scholar.google.com/citations?user=UJMUXRgAAAAJ"
    },
    {
      "name": "Yuan Meng",
      "scholar_id": "vQVwKPwAAAAJ",
      "url": "https://scholar.google.com/citations?user=vQVwKPwAAAAJ"
    }
  ]
}