{
  "author_info": {
    "name": "Thomas P Cannon",
    "affiliation": "PhD Student, University of Bath",
    "email_verified": "Verified email at bath.ac.uk - Homepage",
    "website": "https://tpcannon.com/",
    "interests": [
      "Reinforcement Learning"
    ],
    "photo_url": "https://scholar.googleusercontent.com/citations?view_op=view_photo&user=98lJKL0AAAAJ&citpid=2"
  },
  "citation_stats": {
    "citations_all": 1,
    "citations_since_2020": 1,
    "h_index_all": 1,
    "h_index_since_2020": 1,
    "i10_index_all": 0,
    "i10_index_since_2020": 0,
    "citation_graph": []
  },
  "papers": [
    {
      "title": "Accelerating Task Generalisation with Multi-Level Skill Hierarchies",
      "url": "https://scholar.google.com/citations?view_op=view_citation&hl=en&user=98lJKL0AAAAJ&citation_for_view=98lJKL0AAAAJ:roLk4NBRz8UC",
      "authors": "TP Cannon, Ö Simsek",
      "venue": "The Thirteenth International Conference on Learning Representations., 2025",
      "year": 2025,
      "citations": 1
    },
    {
      "title": "Hierarchical Orchestra of Policies",
      "url": "https://scholar.google.com/citations?view_op=view_citation&hl=en&user=98lJKL0AAAAJ&citation_for_view=98lJKL0AAAAJ:W7OEmFMy1HYC",
      "authors": "TP Cannon, Ö Simsek",
      "venue": "Intrinsically-Motivated and Open-Ended Learning Workshop@ NeurIPS2024, 2024",
      "year": 2024,
      "citations": 0
    }
  ],
  "co_authors": [
    {
      "name": "Özgür Şimşek",
      "scholar_id": "z1BYZG0AAAAJ",
      "url": "https://scholar.google.com/citations?user=z1BYZG0AAAAJ"
    }
  ]
}