{
  "author_info": {
    "name": "Wei Su",
    "affiliation": "Zhejiang University",
    "email_verified": "Verified email at zju.edu.cn",
    "interests": [],
    "photo_url": "/citations/images/avatar_scholar_128.png"
  },
  "citation_stats": {
    "citations_all": 418,
    "citations_since_2020": 418,
    "h_index_all": 7,
    "h_index_since_2020": 7,
    "i10_index_all": 7,
    "i10_index_since_2020": 7,
    "citation_graph": [
      {
        "year": 2020,
        "citations": 5
      },
      {
        "year": 2021,
        "citations": 32
      },
      {
        "year": 2022,
        "citations": 33
      },
      {
        "year": 2023,
        "citations": 55
      },
      {
        "year": 2024,
        "citations": 140
      },
      {
        "year": 2025,
        "citations": 149
      }
    ]
  },
  "papers": [
    {
      "title": "Decoupling Discriminative Attributes for Few-shot Fine-Grained Recognition",
      "url": "https://scholar.google.com/citations?view_op=view_citation&hl=en&user=8Miq-agAAAAJ&citation_for_view=8Miq-agAAAAJ:Y0pCki6q_DkC",
      "authors": "Y Lu, C Cai, W Su, G Zheng, W Wang, X Li, X Li",
      "venue": "IEEE Transactions on Image Processing, 2025",
      "year": 2025,
      "citations": 1
    },
    {
      "title": "Scanformer: Referring expression comprehension by iteratively scanning",
      "url": "https://scholar.google.com/citations?view_op=view_citation&hl=en&user=8Miq-agAAAAJ&citation_for_view=8Miq-agAAAAJ:zYLM7Y9cAGgC",
      "authors": "W Su, P Miao, H Dou, X Li",
      "venue": "Proceedings of the IEEE/CVF Conference on Computer Vision and Pattern …, 2024",
      "year": 2024,
      "citations": 20
    },
    {
      "title": "Gvdiff: Grounded text-to-video generation with diffusion models",
      "url": "https://scholar.google.com/citations?view_op=view_citation&hl=en&user=8Miq-agAAAAJ&citation_for_view=8Miq-agAAAAJ:Tyk-4Ss8FVUC",
      "authors": "H Dou, R Li, W Su, X Li",
      "venue": "arXiv preprint arXiv:2407.01921, 2024",
      "year": 2024,
      "citations": 5
    },
    {
      "title": "Gaitgci: Generative counterfactual intervention for gait recognition",
      "url": "https://scholar.google.com/citations?view_op=view_citation&hl=en&user=8Miq-agAAAAJ&citation_for_view=8Miq-agAAAAJ:2osOgNQ5qMEC",
      "authors": "H Dou, P Zhang, W Su, Y Yu, Y Lin, X Li",
      "venue": "Proceedings of the IEEE/CVF Conference on Computer Vision and Pattern …, 2023",
      "year": 2023,
      "citations": 80
    },
    {
      "title": "Language adaptive weight generation for multi-task visual grounding",
      "url": "https://scholar.google.com/citations?view_op=view_citation&hl=en&user=8Miq-agAAAAJ&citation_for_view=8Miq-agAAAAJ:9yKSN-GCB0IC",
      "authors": "W Su, P Miao, H Dou, G Wang, L Qiao, Z Li, X Li",
      "venue": "Proceedings of the IEEE/CVF conference on computer vision and pattern …, 2023",
      "year": 2023,
      "citations": 78
    },
    {
      "title": "Referring expression comprehension using language adaptive inference",
      "url": "https://scholar.google.com/citations?view_op=view_citation&hl=en&user=8Miq-agAAAAJ&citation_for_view=8Miq-agAAAAJ:u-x6o8ySG0sC",
      "authors": "W Su, P Miao, H Dou, Y Fu, X Li",
      "venue": "Proceedings of the AAAI Conference on Artificial Intelligence 37 (2), 2357-2365, 2023",
      "year": 2023,
      "citations": 30
    },
    {
      "title": "Self-paced multi-grained cross-modal interaction modeling for referring expression comprehension",
      "url": "https://scholar.google.com/citations?view_op=view_citation&hl=en&user=8Miq-agAAAAJ&citation_for_view=8Miq-agAAAAJ:d1gkVwhDpl0C",
      "authors": "P Miao, W Su, G Wang, X Li, L Xi",
      "venue": "IEEE Transactions on Image Processing 33, 1497-1507, 2023",
      "year": 2023,
      "citations": 13
    },
    {
      "title": "Metagait: Learning to learn an omni sample adaptive representation for gait recognition",
      "url": "https://scholar.google.com/citations?view_op=view_citation&hl=en&user=8Miq-agAAAAJ&citation_for_view=8Miq-agAAAAJ:UeHWp8X0CEIC",
      "authors": "H Dou, P Zhang, W Su, Y Yu, X Li",
      "venue": "European conference on computer vision, 357-374, 2022",
      "year": 2022,
      "citations": 62
    },
    {
      "title": "Efficient dynamic scene deblurring using spatially variant deconvolution network with optical flow guided training",
      "url": "https://scholar.google.com/citations?view_op=view_citation&hl=en&user=8Miq-agAAAAJ&citation_for_view=8Miq-agAAAAJ:qjMakFHDy7sC",
      "authors": "Y Yuan, W Su, D Ma",
      "venue": "Proceedings of the IEEE/CVF conference on computer vision and pattern …, 2020",
      "year": 2020,
      "citations": 127
    },
    {
      "title": "Deep image deblurring using local correlation block",
      "url": "https://scholar.google.com/citations?view_op=view_citation&hl=en&user=8Miq-agAAAAJ&citation_for_view=8Miq-agAAAAJ:IjCSPb-OGe4C",
      "authors": "W Su, Y Yuan, Q Wang",
      "venue": "ICASSP 2020-2020 IEEE International Conference on Acoustics, Speech and …, 2020",
      "year": 2020,
      "citations": 2
    }
  ],
  "co_authors": []
}