{
  "author_info": {
    "name": "Chaorui Deng",
    "affiliation": "Bytedance, chaorui.deng@bytedance.com",
    "email_verified": "Verified email at bytedance.com",
    "interests": [
      "computer vision"
    ],
    "photo_url": "/citations/images/avatar_scholar_128.png"
  },
  "citation_stats": {
    "citations_all": 6216,
    "citations_since_2020": 6168,
    "h_index_all": 11,
    "h_index_since_2020": 11,
    "i10_index_all": 11,
    "i10_index_since_2020": 11,
    "citation_graph": [
      {
        "year": 2019,
        "citations": 40
      },
      {
        "year": 2020,
        "citations": 190
      },
      {
        "year": 2021,
        "citations": 617
      },
      {
        "year": 2022,
        "citations": 981
      },
      {
        "year": 2023,
        "citations": 1239
      },
      {
        "year": 2024,
        "citations": 1539
      },
      {
        "year": 2025,
        "citations": 1574
      }
    ]
  },
  "papers": [
    {
      "title": "Emerging Properties in Unified Multimodal Pretraining",
      "url": "https://scholar.google.com/citations?view_op=view_citation&hl=en&user=k0TWfBoAAAAJ&citation_for_view=k0TWfBoAAAAJ:TQgYirikUcIC",
      "authors": "C Deng, D Zhu, K Li, C Gou, F Li, Z Wang, S Zhong, W Yu, X Nie, Z Song, ...",
      "venue": "arXiv preprint arXiv:2505.14683, 2025",
      "year": 2025,
      "citations": 156
    },
    {
      "title": "Seed1. 5-VL Technical Report",
      "url": "https://scholar.google.com/citations?view_op=view_citation&hl=en&user=k0TWfBoAAAAJ&citation_for_view=k0TWfBoAAAAJ:hFOr9nPyWt4C",
      "authors": "D Guo, F Wu, F Zhu, F Leng, G Shi, H Chen, H Fan, J Wang, J Jiang, ...",
      "venue": "arXiv preprint arXiv:2505.07062, 2025",
      "year": 2025,
      "citations": 119
    },
    {
      "title": "When Visualizing is the First Step to Reasoning: MIRA, a Benchmark for Visual Chain-of-Thought",
      "url": "https://scholar.google.com/citations?view_op=view_citation&hl=en&user=k0TWfBoAAAAJ&citation_for_view=k0TWfBoAAAAJ:maZDTaKrznsC",
      "authors": "Y Zhou, H Tu, Z Wang, Z Wang, N Muennighoff, F Nie, Y Choi, J Zou, ...",
      "venue": "arXiv preprint arXiv:2511.02779, 2025",
      "year": 2025,
      "citations": 1
    },
    {
      "title": "Causal Diffusion Transformers for Generative Modeling",
      "url": "https://scholar.google.com/citations?view_op=view_citation&hl=en&user=k0TWfBoAAAAJ&citation_for_view=k0TWfBoAAAAJ:hC7cP41nSMkC",
      "authors": "C Deng, D Zhu, K Li, S Guang, H Fan",
      "venue": "arXiv preprint arXiv:2412.12095, 2024",
      "year": 2024,
      "citations": 20
    },
    {
      "title": "Prompt switch: Efficient clip adaptation for text-video retrieval",
      "url": "https://scholar.google.com/citations?view_op=view_citation&hl=en&user=k0TWfBoAAAAJ&citation_for_view=k0TWfBoAAAAJ:HDshCWvjkbEC",
      "authors": "C Deng, Q Chen, P Qin, D Chen, Q Wu",
      "venue": "Proceedings of the IEEE/CVF International Conference on Computer Vision …, 2023",
      "year": 2023,
      "citations": 55
    },
    {
      "title": "Image captioning with controllable and adaptive length levels",
      "url": "https://scholar.google.com/citations?view_op=view_citation&hl=en&user=k0TWfBoAAAAJ&citation_for_view=k0TWfBoAAAAJ:iH-uZ7U-co4C",
      "authors": "N Ding, C Deng, M Tan, Q Du, Z Ge, Q Wu",
      "venue": "IEEE Transactions on Pattern Analysis and Machine Intelligence 46 (2), 764-779, 2023",
      "year": 2023,
      "citations": 16
    },
    {
      "title": "Identity-consistent aggregation for video object detection",
      "url": "https://scholar.google.com/citations?view_op=view_citation&hl=en&user=k0TWfBoAAAAJ&citation_for_view=k0TWfBoAAAAJ:R3hNpaxXUhUC",
      "authors": "C Deng, D Chen, Q Wu",
      "venue": "Proceedings of the IEEE/CVF International Conference on Computer Vision …, 2023",
      "year": 2023,
      "citations": 9
    },
    {
      "title": "Learning Distinct and Representative Modes for Image Captioning",
      "url": "https://scholar.google.com/citations?view_op=view_citation&hl=en&user=k0TWfBoAAAAJ&citation_for_view=k0TWfBoAAAAJ:Y0pCki6q_DkC",
      "authors": "Q Chen, C Deng*, Q Wu",
      "venue": "Thirty-sixth Conference on Neural Information Processing Systems (Neurips 2022), 2022",
      "year": 2022,
      "citations": 32
    },
    {
      "title": "Sketch, ground, and refine: Top-down dense video captioning",
      "url": "https://scholar.google.com/citations?view_op=view_citation&hl=en&user=k0TWfBoAAAAJ&citation_for_view=k0TWfBoAAAAJ:mB3voiENLucC",
      "authors": "C Deng, S Chen, D Chen, Y He, Q Wu",
      "venue": "Proceedings of the IEEE/CVF Conference on Computer Vision and Pattern …, 2021",
      "year": 2021,
      "citations": 97
    },
    {
      "title": "Deep high-resolution representation learning for visual recognition",
      "url": "https://scholar.google.com/citations?view_op=view_citation&hl=en&user=k0TWfBoAAAAJ&citation_for_view=k0TWfBoAAAAJ:qjMakFHDy7sC",
      "authors": "J Wang, K Sun, T Cheng, B Jiang, C Deng, Y Zhao, D Liu, Y Mu, M Tan, ...",
      "venue": "IEEE transactions on pattern analysis and machine intelligence 43 (10), 3349 …, 2020",
      "year": 2020,
      "citations": 5339
    },
    {
      "title": "Length-controllable image captioning",
      "url": "https://scholar.google.com/citations?view_op=view_citation&hl=en&user=k0TWfBoAAAAJ&citation_for_view=k0TWfBoAAAAJ:4JMBOYKVnBMC",
      "authors": "C Deng, N Ding, M Tan, Q Wu",
      "venue": "Computer Vision–ECCV 2020: 16th European Conference, Glasgow, UK, August 23 …, 2020",
      "year": 2020,
      "citations": 83
    },
    {
      "title": "Visual grounding via accumulated attention",
      "url": "https://scholar.google.com/citations?view_op=view_citation&hl=en&user=k0TWfBoAAAAJ&citation_for_view=k0TWfBoAAAAJ:Tyk-4Ss8FVUC",
      "authors": "C Deng, Q Wu, Q Wu, F Hu, F Lyu, M Tan",
      "venue": "Proceedings of the IEEE conference on computer vision and pattern …, 2018",
      "year": 2018,
      "citations": 257
    },
    {
      "title": "Double forward propagation for memorized batch normalization",
      "url": "https://scholar.google.com/citations?view_op=view_citation&hl=en&user=k0TWfBoAAAAJ&citation_for_view=k0TWfBoAAAAJ:_Qo2XoVZTnwC",
      "authors": "Y Guo, Q Wu, C Deng, J Chen, M Tan",
      "venue": "Proceedings of the AAAI Conference on Artificial Intelligence 32 (1), 2018",
      "year": 2018,
      "citations": 32
    }
  ],
  "co_authors": []
}