{
  "author_info": {
    "name": "Han Liu",
    "affiliation": "Orrington Lunt Professor of Computer Science, Statistics and Data Science, Northwestern University",
    "email_verified": "Verified email at northwestern.edu - Homepage",
    "website": "http://magics.cs.northwestern.edu/people.html",
    "interests": [
      "Machine Learning",
      "Large Foundation Models for AI",
      "AI for Science and Finance"
    ],
    "photo_url": "https://scholar.googleusercontent.com/citations?view_op=view_photo&user=XaFT1o4AAAAJ&citpid=2"
  },
  "citation_stats": {
    "citations_all": 23921,
    "citations_since_2020": 14938,
    "h_index_all": 66,
    "h_index_since_2020": 53,
    "i10_index_all": 215,
    "i10_index_since_2020": 179,
    "citation_graph": [
      {
        "year": 2010,
        "citations": 98
      },
      {
        "year": 2011,
        "citations": 125
      },
      {
        "year": 2012,
        "citations": 305
      },
      {
        "year": 2013,
        "citations": 518
      },
      {
        "year": 2014,
        "citations": 778
      },
      {
        "year": 2015,
        "citations": 882
      },
      {
        "year": 2016,
        "citations": 1201
      },
      {
        "year": 2017,
        "citations": 1394
      },
      {
        "year": 2018,
        "citations": 1646
      },
      {
        "year": 2019,
        "citations": 1724
      },
      {
        "year": 2020,
        "citations": 1878
      },
      {
        "year": 2021,
        "citations": 2051
      },
      {
        "year": 2022,
        "citations": 2163
      },
      {
        "year": 2023,
        "citations": 2399
      },
      {
        "year": 2024,
        "citations": 3147
      },
      {
        "year": 2025,
        "citations": 3281
      }
    ]
  },
  "papers": [
    {
      "title": "Dnabert-2: Efficient foundation model and benchmark for multi-species genome",
      "url": "https://scholar.google.com/citations?view_op=view_citation&hl=en&user=XaFT1o4AAAAJ&citation_for_view=XaFT1o4AAAAJ:SEKBqlyTJecC",
      "authors": "Z Zhou, Y Ji, W Li, P Dutta, R Davuluri, H Liu",
      "venue": "arXiv preprint arXiv:2306.15006, 2023",
      "year": 2023,
      "citations": 433
    },
    {
      "title": "DNABERT: pre-trained Bidirectional Encoder Representations from Transformers model for DNA-language in genome",
      "url": "https://scholar.google.com/citations?view_op=view_citation&hl=en&user=XaFT1o4AAAAJ&citation_for_view=XaFT1o4AAAAJ:ibZ2AwG9z6wC",
      "authors": "Y Ji, Z Zhou, H Liu, RV Davuluri",
      "venue": "Bioinformatics 37 (15), 2112-2120, 2021",
      "year": 2021,
      "citations": 1256
    },
    {
      "title": "Few-shot slot tagging with collapsed dependency transfer and label-enhanced task-adaptive projection network",
      "url": "https://scholar.google.com/citations?view_op=view_citation&hl=en&user=XaFT1o4AAAAJ&citation_for_view=XaFT1o4AAAAJ:2_BaaiyHPJIC",
      "authors": "Y Hou, W Che, Y Lai, Z Zhou, Y Liu, H Liu, T Liu",
      "venue": "arXiv preprint arXiv:2006.05702, 2020",
      "year": 2020,
      "citations": 226
    },
    {
      "title": "A gut commensal bacterium promotes mosquito permissiveness to arboviruses",
      "url": "https://scholar.google.com/citations?view_op=view_citation&hl=en&user=XaFT1o4AAAAJ&citation_for_view=XaFT1o4AAAAJ:Kv9jytqXTosC",
      "authors": "P Wu, P Sun, K Nie, Y Zhu, M Shi, C Xiao, H Liu, Q Liu, T Zhao, X Chen, ...",
      "venue": "Cell host & microbe 25 (1), 101-112. e5, 2019",
      "year": 2019,
      "citations": 255
    },
    {
      "title": "Fully decentralized multi-agent reinforcement learning with networked agents",
      "url": "https://scholar.google.com/citations?view_op=view_citation&hl=en&user=XaFT1o4AAAAJ&citation_for_view=XaFT1o4AAAAJ:LlXTz_FrCmAC",
      "authors": "K Zhang, Z Yang, H Liu, T Zhang, T Basar",
      "venue": "International conference on machine learning, 5872-5881, 2018",
      "year": 2018,
      "citations": 860
    },
    {
      "title": "Parametrized deep q-networks learning: Reinforcement learning with discrete-continuous hybrid action space",
      "url": "https://scholar.google.com/citations?view_op=view_citation&hl=en&user=XaFT1o4AAAAJ&citation_for_view=XaFT1o4AAAAJ:8rLWgkbgOXQC",
      "authors": "J Xiong, Q Wang, Z Yang, P Sun, L Han, Y Zheng, H Fu, T Zhang, J Liu, ...",
      "venue": "arXiv preprint arXiv:1810.06394, 2018",
      "year": 2018,
      "citations": 290
    },
    {
      "title": "Distributed testing and estimation under sparse high dimensional models",
      "url": "https://scholar.google.com/citations?view_op=view_citation&hl=en&user=XaFT1o4AAAAJ&citation_for_view=XaFT1o4AAAAJ:e0LTWoPxLYMC",
      "authors": "H Battey, J Fan, H Liu, J Lu, Z Zhu",
      "venue": "Annals of statistics 46 (3), 1352, 2018",
      "year": 2018,
      "citations": 266
    },
    {
      "title": "A general theory of hypothesis tests and confidence regions for sparse high dimensional models",
      "url": "https://scholar.google.com/citations?view_op=view_citation&hl=en&user=XaFT1o4AAAAJ&citation_for_view=XaFT1o4AAAAJ:JdL-Xu2nR38C",
      "authors": "Y Ning, H Liu",
      "venue": "",
      "citations": 427,
      "year": 2017
    },
    {
      "title": "Stochastic compositional gradient descent: algorithms for minimizing compositions of expected-value functions",
      "url": "https://scholar.google.com/citations?view_op=view_citation&hl=en&user=XaFT1o4AAAAJ&citation_for_view=XaFT1o4AAAAJ:cWzG1nlazyYC",
      "authors": "M Wang, EX Fang, H Liu",
      "venue": "Mathematical Programming 161 (1), 419-449, 2017",
      "year": 2017,
      "citations": 316
    },
    {
      "title": "An overview of the estimation of large covariance and precision matrices",
      "url": "https://scholar.google.com/citations?view_op=view_citation&hl=en&user=XaFT1o4AAAAJ&citation_for_view=XaFT1o4AAAAJ:nPTYJWkExTIC",
      "authors": "J Fan, Y Liao, H Liu",
      "venue": "The Econometrics Journal 19 (1), C1-C32, 2016",
      "year": 2016,
      "citations": 507
    },
    {
      "title": "Challenges of big data analysis",
      "url": "https://scholar.google.com/citations?view_op=view_citation&hl=en&user=XaFT1o4AAAAJ&citation_for_view=XaFT1o4AAAAJ:eq2jaN3J8jMC",
      "authors": "J Fan, F Han, H Liu",
      "venue": "National science review 1 (2), 293-314, 2014",
      "year": 2014,
      "citations": 2156
    },
    {
      "title": "Optimal computational and statistical rates of convergence for sparse nonconvex learning problems",
      "url": "https://scholar.google.com/citations?view_op=view_citation&hl=en&user=XaFT1o4AAAAJ&citation_for_view=XaFT1o4AAAAJ:wbdj-CoPYUoC",
      "authors": "Z Wang, H Liu, T Zhang",
      "venue": "Annals of statistics 42 (6), 2164, 2014",
      "year": 2014,
      "citations": 224
    },
    {
      "title": "A strictly contractive peaceman--rachford splitting method for convex programming",
      "url": "https://scholar.google.com/citations?view_op=view_citation&hl=en&user=XaFT1o4AAAAJ&citation_for_view=XaFT1o4AAAAJ:HtEfBTGE9r8C",
      "authors": "B He, H Liu, Z Wang, X Yuan",
      "venue": "SIAM Journal on Optimization 24 (3), 1011-1040, 2014",
      "year": 2014,
      "citations": 222
    },
    {
      "title": "Patterns and rates of exonic de novo mutations in autism spectrum disorders",
      "url": "https://scholar.google.com/citations?view_op=view_citation&hl=en&user=XaFT1o4AAAAJ&citation_for_view=XaFT1o4AAAAJ:K3LRdlH-MEoC",
      "authors": "BM Neale, Y Kou, L Liu, A Ma’ayan, KE Samocha, A Sabo, CF Lin, ...",
      "venue": "Nature 485, 242-245, 2012",
      "year": 2012,
      "citations": 2150
    },
    {
      "title": "High-dimensional semiparametric Gaussian copula graphical models",
      "url": "https://scholar.google.com/citations?view_op=view_citation&hl=en&user=XaFT1o4AAAAJ&citation_for_view=XaFT1o4AAAAJ:1sJd4Hv_s6UC",
      "authors": "H Liu, F Han, M Yuan, J Lafferty, L Wasserman",
      "venue": "",
      "citations": 692,
      "year": 2012
    },
    {
      "title": "The huge package for high-dimensional undirected graph estimation in R",
      "url": "https://scholar.google.com/citations?view_op=view_citation&hl=en&user=XaFT1o4AAAAJ&citation_for_view=XaFT1o4AAAAJ:4OULZ7Gr8RgC",
      "authors": "T Zhao, H Liu, K Roeder, J Lafferty, L Wasserman",
      "venue": "The Journal of Machine Learning Research 13 (1), 1059-1062, 2012",
      "year": 2012,
      "citations": 642
    },
    {
      "title": "Stability approach to regularization selection (stars) for high dimensional graphical models",
      "url": "https://scholar.google.com/citations?view_op=view_citation&hl=en&user=XaFT1o4AAAAJ&citation_for_view=XaFT1o4AAAAJ:HoB7MX3m0LUC",
      "authors": "H Liu, K Roeder, L Wasserman",
      "venue": "Advances in Neural Information Processing Systems 23, 1432-1440, 2010",
      "year": 2010,
      "citations": 653
    },
    {
      "title": "The nonparanormal: Semiparametric estimation of high dimensional undirected graphs",
      "url": "https://scholar.google.com/citations?view_op=view_citation&hl=en&user=XaFT1o4AAAAJ&citation_for_view=XaFT1o4AAAAJ:J_g5lzvAfSwC",
      "authors": "H Liu, J Lafferty, L Wasserman",
      "venue": "The Journal of Machine Learning Research 10, 2295-2328, 2009",
      "year": 2009,
      "citations": 983
    },
    {
      "title": "Sparse additive models",
      "url": "https://scholar.google.com/citations?view_op=view_citation&hl=en&user=XaFT1o4AAAAJ&citation_for_view=XaFT1o4AAAAJ:ns9cj8rnVeAC",
      "authors": "P Ravikumar, J Lafferty, H Liu, L Wasserman",
      "venue": "Journal of the Royal Statistical Society: Series B 75 (5), 1009-1030, 2009",
      "year": 2009,
      "citations": 915
    },
    {
      "title": "Blockwise coordinate descent procedures for the multi-task lasso, with applications to neural semantic basis discovery",
      "url": "https://scholar.google.com/citations?view_op=view_citation&hl=en&user=XaFT1o4AAAAJ&citation_for_view=XaFT1o4AAAAJ:NaGl4SEjCO4C",
      "authors": "H Liu, M Palatucci, J Zhang",
      "venue": "Proceedings of the 26th annual international conference on machine learning …, 2009",
      "year": 2009,
      "citations": 238
    }
  ],
  "co_authors": [
    {
      "name": "Larry Wasserman",
      "scholar_id": "XcD1ffwAAAAJ",
      "url": "https://scholar.google.com/citations?user=XcD1ffwAAAAJ"
    },
    {
      "name": "Mladen Kolar",
      "scholar_id": "9LcxwsMAAAAJ",
      "url": "https://scholar.google.com/citations?user=9LcxwsMAAAAJ"
    },
    {
      "name": "Pradeep Ravikumar",
      "scholar_id": "Q4DTPw4AAAAJ",
      "url": "https://scholar.google.com/citations?user=Q4DTPw4AAAAJ"
    },
    {
      "name": "Xiaoye Jiang",
      "scholar_id": "64aVbbIAAAAJ",
      "url": "https://scholar.google.com/citations?user=64aVbbIAAAAJ"
    },
    {
      "name": "Ryen W. White",
      "scholar_id": "U69fiZMAAAAJ",
      "url": "https://scholar.google.com/citations?user=U69fiZMAAAAJ"
    },
    {
      "name": "Jun Liu",
      "scholar_id": "ATX9osUAAAAJ",
      "url": "https://scholar.google.com/citations?user=ATX9osUAAAAJ"
    },
    {
      "name": "Xinge Jessie Jeng",
      "scholar_id": "kLCXHYMAAAAJ",
      "url": "https://scholar.google.com/citations?user=kLCXHYMAAAAJ"
    },
    {
      "name": "Philippe Rigollet",
      "scholar_id": "3Ir65ZkAAAAJ",
      "url": "https://scholar.google.com/citations?user=3Ir65ZkAAAAJ"
    }
  ]
}