{
  "author_info": {
    "name": "Xiaobin Wang",
    "affiliation": "Alibaba",
    "email_verified": "Verified email at alibaba-inc.com",
    "interests": [
      "NLP",
      "Tool Learning"
    ],
    "photo_url": "/citations/images/avatar_scholar_128.png"
  },
  "citation_stats": {
    "citations_all": 1344,
    "citations_since_2020": 1338,
    "h_index_all": 12,
    "h_index_since_2020": 12,
    "i10_index_all": 13,
    "i10_index_since_2020": 13,
    "citation_graph": [
      {
        "year": 2019,
        "citations": 5
      },
      {
        "year": 2020,
        "citations": 8
      },
      {
        "year": 2021,
        "citations": 23
      },
      {
        "year": 2022,
        "citations": 91
      },
      {
        "year": 2023,
        "citations": 284
      },
      {
        "year": 2024,
        "citations": 482
      },
      {
        "year": 2025,
        "citations": 441
      }
    ]
  },
  "papers": [
    {
      "title": "Productagent: Benchmarking conversational product search agent with asking clarification questions",
      "url": "https://scholar.google.com/citations?view_op=view_citation&hl=en&user=29eh_JEAAAAJ&citation_for_view=29eh_JEAAAAJ:eQOLeE2rZwMC",
      "authors": "J Ye, Y Jiang, X Wang, Y Li, Y Li, P Xie, F Huang",
      "venue": "Proceedings of the 2025 Conference on Empirical Methods in Natural Language …, 2025",
      "year": 2025,
      "citations": 4
    },
    {
      "title": "Agentic knowledgeable self-awareness",
      "url": "https://scholar.google.com/citations?view_op=view_citation&hl=en&user=29eh_JEAAAAJ&citation_for_view=29eh_JEAAAAJ:UebtZRa9Y70C",
      "authors": "S Qiao, Z Qiu, B Ren, X Wang, X Ru, N Zhang, X Chen, Y Jiang, P Xie, ...",
      "venue": "arXiv preprint arXiv:2504.03553, 2025",
      "year": 2025,
      "citations": 4
    },
    {
      "title": "Ecomgpt: Instruction-tuning large language models with chain-of-task tasks for e-commerce",
      "url": "https://scholar.google.com/citations?view_op=view_citation&hl=en&user=29eh_JEAAAAJ&citation_for_view=29eh_JEAAAAJ:zYLM7Y9cAGgC",
      "authors": "Y Li, S Ma, X Wang, S Huang, C Jiang, HT Zheng, P Xie, F Huang, ...",
      "venue": "Proceedings of the AAAI Conference on Artificial Intelligence 38 (17), 18582 …, 2024",
      "year": 2024,
      "citations": 80
    },
    {
      "title": "Benchmarking agentic workflow generation",
      "url": "https://scholar.google.com/citations?view_op=view_citation&hl=en&user=29eh_JEAAAAJ&citation_for_view=29eh_JEAAAAJ:roLk4NBRz8UC",
      "authors": "S Qiao, R Fang, Z Qiu, X Wang, N Zhang, Y Jiang, P Xie, F Huang, ...",
      "venue": "arXiv preprint arXiv:2410.07869, 2024",
      "year": 2024,
      "citations": 32
    },
    {
      "title": "Seqgpt: An out-of-the-box large language model for open domain sequence understanding",
      "url": "https://scholar.google.com/citations?view_op=view_citation&hl=en&user=29eh_JEAAAAJ&citation_for_view=29eh_JEAAAAJ:Tyk-4Ss8FVUC",
      "authors": "T Yu, C Jiang, C Lou, S Huang, X Wang, W Liu, J Cai, Y Li, Y Li, K Tu, ...",
      "venue": "Proceedings of the AAAI Conference on Artificial Intelligence 38 (17), 19458 …, 2024",
      "year": 2024,
      "citations": 20
    },
    {
      "title": "Effective demonstration annotation for in-context learning via language model-based determinantal point process",
      "url": "https://scholar.google.com/citations?view_op=view_citation&hl=en&user=29eh_JEAAAAJ&citation_for_view=29eh_JEAAAAJ:WF5omc3nYNoC",
      "authors": "P Wang, X Wang, C Lou, S Mao, P Xie, Y Jiang",
      "venue": "arXiv preprint arXiv:2408.02103, 2024",
      "year": 2024,
      "citations": 5
    },
    {
      "title": "Improving retrieval augmented open-domain question-answering with vectorized contexts",
      "url": "https://scholar.google.com/citations?view_op=view_citation&hl=en&user=29eh_JEAAAAJ&citation_for_view=29eh_JEAAAAJ:LkGwnXOMwfcC",
      "authors": "Z Chen, X Wang, Y Jiang, P Xie, F Huang, K Tu",
      "venue": "arXiv preprint arXiv:2404.02022, 2024",
      "year": 2024,
      "citations": 5
    },
    {
      "title": "Three heads are better than one: improving cross-domain ner with progressive decomposed network",
      "url": "https://scholar.google.com/citations?view_op=view_citation&hl=en&user=29eh_JEAAAAJ&citation_for_view=29eh_JEAAAAJ:_FxGoFyzp5QC",
      "authors": "X Hu, Z Hong, Y Jiang, Z Lin, X Wang, P Xie, PS Yu",
      "venue": "Proceedings of the AAAI Conference on Artificial Intelligence 38 (16), 18261 …, 2024",
      "year": 2024,
      "citations": 1
    },
    {
      "title": "Chatie: Zero-shot information extraction via chatting with chatgpt",
      "url": "https://scholar.google.com/citations?view_op=view_citation&hl=en&user=29eh_JEAAAAJ&citation_for_view=29eh_JEAAAAJ:IjCSPb-OGe4C",
      "authors": "X Wei, X Cui, N Cheng, X Wang, X Zhang, S Huang, P Xie, J Xu, Y Chen, ...",
      "venue": "arXiv preprint arXiv:2302.10205, 2023",
      "year": 2023,
      "citations": 522
    },
    {
      "title": "MANNER: A variational memory-augmented model for cross domain few-shot named entity recognition",
      "url": "https://scholar.google.com/citations?view_op=view_citation&hl=en&user=29eh_JEAAAAJ&citation_for_view=29eh_JEAAAAJ:W7OEmFMy1HYC",
      "authors": "J Fang, X Wang, Z Meng, P Xie, F Huang, Y Jiang",
      "venue": "Proceedings of the 61st Annual Meeting of the Association for Computational …, 2023",
      "year": 2023,
      "citations": 28
    },
    {
      "title": "Recall, expand, and multi-candidate cross-encode: Fast and accurate ultra-fine entity typing",
      "url": "https://scholar.google.com/citations?view_op=view_citation&hl=en&user=29eh_JEAAAAJ&citation_for_view=29eh_JEAAAAJ:YsMSGLbcyi4C",
      "authors": "C Jiang, W Hui, Y Jiang, X Wang, P Xie, K Tu",
      "venue": "Proceedings of the 61st Annual Meeting of the Association for Computational …, 2023",
      "year": 2023,
      "citations": 4
    },
    {
      "title": "Parallel instance query network for named entity recognition",
      "url": "https://scholar.google.com/citations?view_op=view_citation&hl=en&user=29eh_JEAAAAJ&citation_for_view=29eh_JEAAAAJ:d1gkVwhDpl0C",
      "authors": "Y Shen, X Wang, Z Tan, G Xu, P Xie, F Huang, W Lu, Y Zhuang",
      "venue": "arXiv preprint arXiv:2203.10545, 2022",
      "year": 2022,
      "citations": 94
    },
    {
      "title": "DAMO-NLP at SemEval-2022 task 11: A knowledge-based system for multilingual named entity recognition",
      "url": "https://scholar.google.com/citations?view_op=view_citation&hl=en&user=29eh_JEAAAAJ&citation_for_view=29eh_JEAAAAJ:Y0pCki6q_DkC",
      "authors": "X Wang, Y Shen, J Cai, T Wang, X Wang, P Xie, F Huang, W Lu, ...",
      "venue": "arXiv preprint arXiv:2203.00545, 2022",
      "year": 2022,
      "citations": 52
    },
    {
      "title": "Domain-specific NER via retrieving correlated samples",
      "url": "https://scholar.google.com/citations?view_op=view_citation&hl=en&user=29eh_JEAAAAJ&citation_for_view=29eh_JEAAAAJ:qjMakFHDy7sC",
      "authors": "X Zhang, Y Jiang, X Wang, X Hu, Y Sun, P Xie, M Zhang",
      "venue": "arXiv preprint arXiv:2208.12995, 2022",
      "year": 2022,
      "citations": 23
    },
    {
      "title": "Damo-nlp at nlpcc-2022 task 2: Knowledge enhanced robust ner for speech entity linking",
      "url": "https://scholar.google.com/citations?view_op=view_citation&hl=en&user=29eh_JEAAAAJ&citation_for_view=29eh_JEAAAAJ:ufrVoPGSRksC",
      "authors": "S Huang, Y Zhai, X Long, Y Jiang, X Wang, Y Zhang, P Xie",
      "venue": "CCF International Conference on Natural Language Processing and Chinese …, 2022",
      "year": 2022,
      "citations": 4
    },
    {
      "title": "Few-nerd: A few-shot named entity recognition dataset",
      "url": "https://scholar.google.com/citations?view_op=view_citation&hl=en&user=29eh_JEAAAAJ&citation_for_view=29eh_JEAAAAJ:u5HHmVD_uO8C",
      "authors": "N Ding, G Xu, Y Chen, X Wang, X Han, P Xie, H Zheng, Z Liu",
      "venue": "Proceedings of the 59th Annual Meeting of the Association for Computational …, 2021",
      "year": 2021,
      "citations": 319
    },
    {
      "title": "Prototypical representation learning for relation extraction",
      "url": "https://scholar.google.com/citations?view_op=view_citation&hl=en&user=29eh_JEAAAAJ&citation_for_view=29eh_JEAAAAJ:9yKSN-GCB0IC",
      "authors": "N Ding, X Wang, Y Fu, G Xu, R Wang, P Xie, Y Shen, F Huang, HT Zheng, ...",
      "venue": "arXiv preprint arXiv:2103.11647, 2021",
      "year": 2021,
      "citations": 81
    },
    {
      "title": "Dingkun Long, Guangwei Xu, Muhua Zhu, Pengjun Xie, Xiaobin Wang, and Hai-Tao Zheng. Coupling distant annotation and adversarial training for cross-domain chinese word segmentation",
      "url": "https://scholar.google.com/citations?view_op=view_citation&hl=en&user=29eh_JEAAAAJ&citation_for_view=29eh_JEAAAAJ:2osOgNQ5qMEC",
      "authors": "N Ding",
      "venue": "Proceedings ACL, 2020",
      "year": 2020,
      "citations": 12
    },
    {
      "title": "DM_NLP at SemEval-2018 task 12: A pipeline system for toponym resolution",
      "url": "https://scholar.google.com/citations?view_op=view_citation&hl=en&user=29eh_JEAAAAJ&citation_for_view=29eh_JEAAAAJ:Se3iqnhoufwC",
      "authors": "X Wang, C Ma, H Zheng, C Liu, P Xie, L Li, L Si",
      "venue": "Proceedings of the 13th international workshop on semantic evaluation, 917-923, 2019",
      "year": 2019,
      "citations": 34
    },
    {
      "title": "Unsupervised learning helps supervised neural word segmentation",
      "url": "https://scholar.google.com/citations?view_op=view_citation&hl=en&user=29eh_JEAAAAJ&citation_for_view=29eh_JEAAAAJ:u-x6o8ySG0sC",
      "authors": "X Wang, D Cai, L Li, G Xu, H Zhao, L Si",
      "venue": "Proceedings of the AAAI Conference on Artificial Intelligence 33 (01), 7200-7207, 2019",
      "year": 2019,
      "citations": 20
    }
  ],
  "co_authors": [
    {
      "name": "Pengjun Xie",
      "scholar_id": "DnEMIzYAAAAJ",
      "url": "https://scholar.google.com/citations?user=DnEMIzYAAAAJ"
    },
    {
      "name": "Yong Jiang",
      "scholar_id": "sxXZWQQAAAAJ",
      "url": "https://scholar.google.com/citations?user=sxXZWQQAAAAJ"
    },
    {
      "name": "Fei Huang",
      "scholar_id": "9r98PpoAAAAJ",
      "url": "https://scholar.google.com/citations?user=9r98PpoAAAAJ"
    },
    {
      "name": "Guangwei Xu",
      "scholar_id": "j1t9eswAAAAJ",
      "url": "https://scholar.google.com/citations?user=j1t9eswAAAAJ"
    },
    {
      "name": "Hai-Tao Zheng (郑海涛)",
      "scholar_id": "7VPeORoAAAAJ",
      "url": "https://scholar.google.com/citations?user=7VPeORoAAAAJ"
    },
    {
      "name": "Ning Ding",
      "scholar_id": "uZXQuYAAAAAJ",
      "url": "https://scholar.google.com/citations?user=uZXQuYAAAAAJ"
    },
    {
      "name": "Meishan Zhang",
      "scholar_id": "k-chMpIAAAAJ",
      "url": "https://scholar.google.com/citations?user=k-chMpIAAAAJ"
    },
    {
      "name": "Xin Zhang",
      "scholar_id": "Cn1zs9cAAAAJ",
      "url": "https://scholar.google.com/citations?user=Cn1zs9cAAAAJ"
    }
  ]
}