{
  "author_info": {
    "name": "James Liu",
    "affiliation": "MIT",
    "email_verified": "Verified email at mit.edu - Homepage",
    "website": "https://www.jameszliu.com/",
    "interests": [
      "Machine Learning"
    ],
    "photo_url": "https://scholar.googleusercontent.com/citations?view_op=view_photo&user=rQJE9PIAAAAJ&citpid=3"
  },
  "citation_stats": {
    "citations_all": 77,
    "citations_since_2020": 77,
    "h_index_all": 2,
    "h_index_since_2020": 2,
    "i10_index_all": 2,
    "i10_index_since_2020": 2,
    "citation_graph": [
      {
        "year": 2023,
        "citations": 1
      },
      {
        "year": 2024,
        "citations": 16
      },
      {
        "year": 2025,
        "citations": 60
      }
    ]
  },
  "papers": [
    {
      "title": "Bitdelta: Your fine-tune may only be worth one bit",
      "url": "https://scholar.google.com/citations?view_op=view_citation&hl=en&user=rQJE9PIAAAAJ&citation_for_view=rQJE9PIAAAAJ:u5HHmVD_uO8C",
      "authors": "J Liu, G Xiao, K Li, JD Lee, S Han, T Dao, T Cai",
      "venue": "NeurIPS 2024, 2024",
      "year": 2024,
      "citations": 41
    },
    {
      "title": "Training-free activation sparsity in large language models",
      "url": "https://scholar.google.com/citations?view_op=view_citation&hl=en&user=rQJE9PIAAAAJ&citation_for_view=rQJE9PIAAAAJ:u-x6o8ySG0sC",
      "authors": "J Liu, P Ponnusamy, T Cai, H Guo, Y Kim, B Athiwaratkun",
      "venue": "ICLR 2025 (Spotlight), 2024",
      "year": 2024,
      "citations": 36
    }
  ],
  "co_authors": [
    {
      "name": "Tianle Cai",
      "scholar_id": "CvwLRSMAAAAJ",
      "url": "https://scholar.google.com/citations?user=CvwLRSMAAAAJ"
    },
    {
      "name": "Guangxuan Xiao",
      "scholar_id": "sRGO-EcAAAAJ",
      "url": "https://scholar.google.com/citations?user=sRGO-EcAAAAJ"
    },
    {
      "name": "Tri Dao",
      "scholar_id": "NQRw0bQAAAAJ",
      "url": "https://scholar.google.com/citations?user=NQRw0bQAAAAJ"
    },
    {
      "name": "Song Han",
      "scholar_id": "E0iCaa4AAAAJ",
      "url": "https://scholar.google.com/citations?user=E0iCaa4AAAAJ"
    },
    {
      "name": "Jason D. Lee",
      "scholar_id": "GR_DsT0AAAAJ",
      "url": "https://scholar.google.com/citations?user=GR_DsT0AAAAJ"
    },
    {
      "name": "Han Guo",
      "scholar_id": "Ix1cHeMAAAAJ",
      "url": "https://scholar.google.com/citations?user=Ix1cHeMAAAAJ"
    },
    {
      "name": "Yoon Kim",
      "scholar_id": "n_ts4eYAAAAJ",
      "url": "https://scholar.google.com/citations?user=n_ts4eYAAAAJ"
    },
    {
      "name": "Ben Athiwaratkun",
      "scholar_id": "KZpZTTQAAAAJ",
      "url": "https://scholar.google.com/citations?user=KZpZTTQAAAAJ"
    },
    {
      "name": "Pragaash Ponnusamy",
      "scholar_id": "dDvFA-oAAAAJ",
      "url": "https://scholar.google.com/citations?user=dDvFA-oAAAAJ"
    },
    {
      "name": "Kai Li",
      "scholar_id": "9MSpWOUAAAAJ",
      "url": "https://scholar.google.com/citations?user=9MSpWOUAAAAJ"
    }
  ]
}