{
  "author_info": {
    "name": "Ziyue Xu",
    "affiliation": "NVIDIA",
    "email_verified": "Verified email at nvidia.com",
    "interests": [
      "Medical Image Analysis",
      "Computer Vision",
      "Federated Learning"
    ],
    "photo_url": "https://scholar.googleusercontent.com/citations?view_op=view_photo&user=gmUta74AAAAJ&citpid=4"
  },
  "citation_stats": {
    "citations_all": 17371,
    "citations_since_2020": 14048,
    "h_index_all": 49,
    "h_index_since_2020": 43,
    "i10_index_all": 115,
    "i10_index_since_2020": 105,
    "citation_graph": [
      {
        "year": 2014,
        "citations": 55
      },
      {
        "year": 2015,
        "citations": 111
      },
      {
        "year": 2016,
        "citations": 221
      },
      {
        "year": 2017,
        "citations": 538
      },
      {
        "year": 2018,
        "citations": 909
      },
      {
        "year": 2019,
        "citations": 1354
      },
      {
        "year": 2020,
        "citations": 1556
      },
      {
        "year": 2021,
        "citations": 2163
      },
      {
        "year": 2022,
        "citations": 2325
      },
      {
        "year": 2023,
        "citations": 2479
      },
      {
        "year": 2024,
        "citations": 2757
      },
      {
        "year": 2025,
        "citations": 2721
      }
    ]
  },
  "papers": [
    {
      "title": "Monai: An open-source framework for deep learning in healthcare",
      "url": "https://scholar.google.com/citations?view_op=view_citation&hl=en&user=gmUta74AAAAJ&citation_for_view=gmUta74AAAAJ:zLWjf1WUPmwC",
      "authors": "MJ Cardoso, W Li, R Brown, N Ma, E Kerfoot, Y Wang, B Murrey, ...",
      "venue": "arXiv preprint arXiv:2211.02701, 2022",
      "year": 2022,
      "citations": 1043
    },
    {
      "title": "Nvidia flare: Federated learning from simulation to real-world",
      "url": "https://scholar.google.com/citations?view_op=view_citation&hl=en&user=gmUta74AAAAJ&citation_for_view=gmUta74AAAAJ:0KyAp5RtaNEC",
      "authors": "HR Roth, Y Cheng, Y Wen, I Yang, Z Xu, YT Hsieh, K Kersten, A Harouni, ...",
      "venue": "arXiv preprint arXiv:2210.13291, 2022",
      "year": 2022,
      "citations": 162
    },
    {
      "title": "Rapid artificial intelligence solutions in a pandemic—The COVID-19-20 Lung CT Lesion Segmentation Challenge",
      "url": "https://scholar.google.com/citations?view_op=view_citation&hl=en&user=gmUta74AAAAJ&citation_for_view=gmUta74AAAAJ:q3oQSFYPqjQC",
      "authors": "HR Roth, Z Xu, C Tor-Díez, RS Jacob, J Zember, J Molto, W Li, S Xu, ...",
      "venue": "Medical image analysis 82, 102605, 2022",
      "year": 2022,
      "citations": 128
    },
    {
      "title": "Federated semi-supervised learning for COVID region segmentation in chest CT using multi-national data from China, Italy, Japan",
      "url": "https://scholar.google.com/citations?view_op=view_citation&hl=en&user=gmUta74AAAAJ&citation_for_view=gmUta74AAAAJ:K3LRdlH-MEoC",
      "authors": "D Yang, Z Xu, W Li, A Myronenko, HR Roth, S Harmon, S Xu, B Turkbey, ...",
      "venue": "Medical image analysis 70, 101992, 2021",
      "year": 2021,
      "citations": 332
    },
    {
      "title": "Federated learning improves site performance in multicenter deep learning without data sharing",
      "url": "https://scholar.google.com/citations?view_op=view_citation&hl=en&user=gmUta74AAAAJ&citation_for_view=gmUta74AAAAJ:1qzjygNMrQYC",
      "authors": "KV Sarma, S Harmon, T Sanford, HR Roth, Z Xu, J Tetreault, D Xu, ...",
      "venue": "Journal of the American Medical Informatics Association 28 (6), 1259-1264, 2021",
      "year": 2021,
      "citations": 242
    },
    {
      "title": "Capsules for biomedical image segmentation",
      "url": "https://scholar.google.com/citations?view_op=view_citation&hl=en&user=gmUta74AAAAJ&citation_for_view=gmUta74AAAAJ:UxriW0iASnsC",
      "authors": "R LaLonde, Z Xu, I Irmakci, S Jain, U Bagci",
      "venue": "Medical image analysis 68, 101889, 2021",
      "year": 2021,
      "citations": 132
    },
    {
      "title": "Artificial intelligence for the detection of COVID-19 pneumonia on chest CT using multinational datasets",
      "url": "https://scholar.google.com/citations?view_op=view_citation&hl=en&user=gmUta74AAAAJ&citation_for_view=gmUta74AAAAJ:u9iWguZQMMsC",
      "authors": "SA Harmon, TH Sanford, S Xu, EB Turkbey, H Roth, Z Xu, D Yang, ...",
      "venue": "Nature communications 11 (1), 4080, 2020",
      "year": 2020,
      "citations": 677
    },
    {
      "title": "Generalizing deep learning for medical image segmentation to unseen domains via deep stacked transformation",
      "url": "https://scholar.google.com/citations?view_op=view_citation&hl=en&user=gmUta74AAAAJ&citation_for_view=gmUta74AAAAJ:KxtntwgDAa4C",
      "authors": "L Zhang, X Wang, D Yang, T Sanford, S Harmon, B Turkbey, BJ Wood, ...",
      "venue": "IEEE transactions on medical imaging 39 (7), 2531-2540, 2020",
      "year": 2020,
      "citations": 595
    },
    {
      "title": "When radiology report generation meets knowledge graph",
      "url": "https://scholar.google.com/citations?view_op=view_citation&hl=en&user=gmUta74AAAAJ&citation_for_view=gmUta74AAAAJ:dshw04ExmUIC",
      "authors": "Y Zhang, X Wang, Z Xu, Q Yu, A Yuille, D Xu",
      "venue": "Proceedings of the AAAI conference on artificial intelligence 34 (07), 12910 …, 2020",
      "year": 2020,
      "citations": 417
    },
    {
      "title": "Standardized assessment of automatic segmentation of white matter hyperintensities and results of the WMH segmentation challenge",
      "url": "https://scholar.google.com/citations?view_op=view_citation&hl=en&user=gmUta74AAAAJ&citation_for_view=gmUta74AAAAJ:bFI3QPDXJZMC",
      "authors": "HJ Kuijf, JM Biesbroek, J De Bresser, R Heinen, S Andermatt, M Bento, ...",
      "venue": "IEEE transactions on medical imaging 38 (11), 2556-2568, 2019",
      "year": 2019,
      "citations": 405
    },
    {
      "title": "Interactive segmentation of medical images through fully convolutional neural networks",
      "url": "https://scholar.google.com/citations?view_op=view_citation&hl=en&user=gmUta74AAAAJ&citation_for_view=gmUta74AAAAJ:EUQCXRtRnyEC",
      "authors": "T Sakinis, F Milletari, H Roth, P Korfiatis, P Kostandy, K Philbrick, Z Akkus, ...",
      "venue": "arXiv preprint arXiv:1903.08205, 2019",
      "year": 2019,
      "citations": 127
    },
    {
      "title": "Holistic classification of CT attenuation patterns for interstitial lung diseases via deep convolutional neural networks",
      "url": "https://scholar.google.com/citations?view_op=view_citation&hl=en&user=gmUta74AAAAJ&citation_for_view=gmUta74AAAAJ:mB3voiENLucC",
      "authors": "M Gao, U Bagci, L Lu, A Wu, M Buty, HC Shin, H Roth, GZ Papadakis, ...",
      "venue": "Computer Methods in Biomechanics and Biomedical Engineering: Imaging …, 2018",
      "year": 2018,
      "citations": 329
    },
    {
      "title": "CT-Realistic Lung Nodule Simulation from 3D Conditional Generative Adversarial Networks for Robust Lung Segmentation",
      "url": "https://scholar.google.com/citations?view_op=view_citation&hl=en&user=gmUta74AAAAJ&citation_for_view=gmUta74AAAAJ:fPk4N6BV_jEC",
      "authors": "D Jin, Z Xu, Y Tang, AP Harrison, DJ Mollura",
      "venue": "Medical Image Computing and Computer Assisted Intervention – MICCAI 2018 2 …, 2018",
      "year": 2018,
      "citations": 255
    },
    {
      "title": "Progressive and multi-path holistically nested neural networks for pathological lung segmentation from CT images",
      "url": "https://scholar.google.com/citations?view_op=view_citation&hl=en&user=gmUta74AAAAJ&citation_for_view=gmUta74AAAAJ:35N4QoGY0k4C",
      "authors": "AP Harrison, Z Xu, K George, L Lu, RM Summers, DJ Mollura",
      "venue": "International Conference on Medical Image Computing and Computer-Assisted …, 2017",
      "year": 2017,
      "citations": 166
    },
    {
      "title": "Deep convolutional neural networks for computer-aided detection: CNN architectures, dataset characteristics and transfer learning",
      "url": "https://scholar.google.com/citations?view_op=view_citation&hl=en&user=gmUta74AAAAJ&citation_for_view=gmUta74AAAAJ:_Qo2XoVZTnwC",
      "authors": "HC Shin, HR Roth, M Gao, L Lu, Z Xu, I Nogues, J Yao, D Mollura, ...",
      "venue": "IEEE transactions on medical imaging 35 (5), 1285-1298, 2016",
      "year": 2016,
      "citations": 7097
    },
    {
      "title": "Segmentation and image analysis of abnormal lungs at CT: current approaches, challenges, and future trends",
      "url": "https://scholar.google.com/citations?view_op=view_citation&hl=en&user=gmUta74AAAAJ&citation_for_view=gmUta74AAAAJ:qUcmZB5y_30C",
      "authors": "A Mansoor, U Bagci, B Foster, Z Xu, GZ Papadakis, LR Folio, JK Udupa, ...",
      "venue": "Radiographics 35 (4), 1056-1076, 2015",
      "year": 2015,
      "citations": 362
    },
    {
      "title": "Mycobacterium tuberculosis dysregulates MMP/TIMP balance to drive rapid cavitation and unrestrained bacterial proliferation",
      "url": "https://scholar.google.com/citations?view_op=view_citation&hl=en&user=gmUta74AAAAJ&citation_for_view=gmUta74AAAAJ:M3ejUd6NZC8C",
      "authors": "A Kübler, B Luna, C Larsson, NC Ammerman, BB Andrade, M Orandle, ...",
      "venue": "The Journal of pathology 235 (3), 431-444, 2015",
      "year": 2015,
      "citations": 138
    },
    {
      "title": "A review on segmentation of positron emission tomography images",
      "url": "https://scholar.google.com/citations?view_op=view_citation&hl=en&user=gmUta74AAAAJ&citation_for_view=gmUta74AAAAJ:MXK_kJrjxJIC",
      "authors": "B Foster, U Bagci, A Mansoor, Z Xu, DJ Mollura",
      "venue": "Computers in biology and medicine 50, 76-96, 2014",
      "year": 2014,
      "citations": 483
    },
    {
      "title": "A generic approach to pathological lung segmentation",
      "url": "https://scholar.google.com/citations?view_op=view_citation&hl=en&user=gmUta74AAAAJ&citation_for_view=gmUta74AAAAJ:YOwf2qJgpHMC",
      "authors": "A Mansoor, U Bagci, Z Xu, B Foster, KN Olivier, JM Elinoff, AF Suffredini, ...",
      "venue": "IEEE transactions on medical imaging 33 (12), 2293-2310, 2014",
      "year": 2014,
      "citations": 220
    },
    {
      "title": "Joint segmentation of anatomical and functional images: Applications in quantification of lesions from PET, PET-CT, MRI-PET, and MRI-PET-CT images",
      "url": "https://scholar.google.com/citations?view_op=view_citation&hl=en&user=gmUta74AAAAJ&citation_for_view=gmUta74AAAAJ:YsMSGLbcyi4C",
      "authors": "U Bagci, JK Udupa, N Mendhiratta, B Foster, Z Xu, J Yao, X Chen, ...",
      "venue": "Medical image analysis 17 (8), 929-945, 2013",
      "year": 2013,
      "citations": 213
    }
  ],
  "co_authors": [
    {
      "name": "Holger R. Roth",
      "scholar_id": "pzNwAsEAAAAJ",
      "url": "https://scholar.google.com/citations?user=pzNwAsEAAAAJ"
    },
    {
      "name": "Dong Yang",
      "scholar_id": "PHvliUgAAAAJ",
      "url": "https://scholar.google.com/citations?user=PHvliUgAAAAJ"
    },
    {
      "name": "Ulas Bagci",
      "scholar_id": "9LUdPM4AAAAJ",
      "url": "https://scholar.google.com/citations?user=9LUdPM4AAAAJ"
    },
    {
      "name": "Baris Turkbey",
      "scholar_id": "XiMbUboAAAAJ",
      "url": "https://scholar.google.com/citations?user=XiMbUboAAAAJ"
    },
    {
      "name": "Mingchen Gao",
      "scholar_id": "1KUHms8AAAAJ",
      "url": "https://scholar.google.com/citations?user=1KUHms8AAAAJ"
    },
    {
      "name": "Xiaosong Wang",
      "scholar_id": "c66GnOEAAAAJ",
      "url": "https://scholar.google.com/citations?user=c66GnOEAAAAJ"
    },
    {
      "name": "Hoo-Chang Shin",
      "scholar_id": "kxq9tr8AAAAJ",
      "url": "https://scholar.google.com/citations?user=kxq9tr8AAAAJ"
    },
    {
      "name": "Le Lu",
      "scholar_id": "kZn0f6gAAAAJ",
      "url": "https://scholar.google.com/citations?user=kZn0f6gAAAAJ"
    },
    {
      "name": "Ronald M. Summers, MD, PhD",
      "scholar_id": "j4cvq80AAAAJ",
      "url": "https://scholar.google.com/citations?user=j4cvq80AAAAJ"
    },
    {
      "name": "Ling Zhang",
      "scholar_id": "-toYdm8AAAAJ",
      "url": "https://scholar.google.com/citations?user=-toYdm8AAAAJ"
    },
    {
      "name": "Adam P. Harrison",
      "scholar_id": "XcDXVI8AAAAJ",
      "url": "https://scholar.google.com/citations?user=XcDXVI8AAAAJ"
    },
    {
      "name": "J.K.Udupa",
      "scholar_id": "71qzGF8AAAAJ",
      "url": "https://scholar.google.com/citations?user=71qzGF8AAAAJ"
    },
    {
      "name": "Dakai Jin",
      "scholar_id": "BPEOoMEAAAAJ",
      "url": "https://scholar.google.com/citations?user=BPEOoMEAAAAJ"
    },
    {
      "name": "Pranav K Saha",
      "scholar_id": "-uz6-4EAAAAJ",
      "url": "https://scholar.google.com/citations?user=-uz6-4EAAAAJ"
    },
    {
      "name": "Yinxiao Liu",
      "scholar_id": "c7HKsEsAAAAJ",
      "url": "https://scholar.google.com/citations?user=c7HKsEsAAAAJ"
    },
    {
      "name": "Milan Sonka",
      "scholar_id": "ve3AkSIAAAAJ",
      "url": "https://scholar.google.com/citations?user=ve3AkSIAAAAJ"
    }
  ]
}