{
  "author_info": {
    "name": "Li Qing-Quan",
    "affiliation": "Shenzhen University, Wuhan University",
    "email_verified": "Verified email at szu.edu.cn",
    "interests": [
      "Precise engineering surveying",
      "Multi-sensor integration",
      "Spatial-temporal data analysis"
    ],
    "photo_url": "https://scholar.googleusercontent.com/citations?view_op=view_photo&user=CtGBKt4AAAAJ&citpid=8"
  },
  "citation_stats": {
    "citations_all": 34698,
    "citations_since_2020": 22228,
    "h_index_all": 91,
    "h_index_since_2020": 71,
    "i10_index_all": 541,
    "i10_index_since_2020": 391,
    "citation_graph": [
      {
        "year": 2003,
        "citations": 99
      },
      {
        "year": 2004,
        "citations": 165
      },
      {
        "year": 2005,
        "citations": 252
      },
      {
        "year": 2006,
        "citations": 294
      },
      {
        "year": 2007,
        "citations": 395
      },
      {
        "year": 2008,
        "citations": 385
      },
      {
        "year": 2009,
        "citations": 376
      },
      {
        "year": 2010,
        "citations": 467
      },
      {
        "year": 2011,
        "citations": 467
      },
      {
        "year": 2012,
        "citations": 583
      },
      {
        "year": 2013,
        "citations": 675
      },
      {
        "year": 2014,
        "citations": 842
      },
      {
        "year": 2015,
        "citations": 933
      },
      {
        "year": 2016,
        "citations": 1042
      },
      {
        "year": 2017,
        "citations": 1266
      },
      {
        "year": 2018,
        "citations": 1590
      },
      {
        "year": 2019,
        "citations": 2197
      },
      {
        "year": 2020,
        "citations": 2541
      },
      {
        "year": 2021,
        "citations": 3305
      },
      {
        "year": 2022,
        "citations": 3775
      },
      {
        "year": 2023,
        "citations": 3963
      },
      {
        "year": 2024,
        "citations": 4404
      },
      {
        "year": 2025,
        "citations": 4171
      }
    ]
  },
  "papers": [
    {
      "title": "A comparative analysis of LiDAR SLAM-based indoor navigation for autonomous vehicles",
      "url": "https://scholar.google.com/citations?view_op=view_citation&hl=en&user=CtGBKt4AAAAJ&citation_for_view=CtGBKt4AAAAJ:zCW8bKlIkvQC",
      "authors": "Q Zou, Q Sun, L Chen, B Nie, Q Li",
      "venue": "IEEE Transactions on Intelligent Transportation Systems 23 (7), 6907-6921, 2021",
      "year": 2021,
      "citations": 338
    },
    {
      "title": "Effects of human mobility restrictions on the spread of COVID-19 in Shenzhen, China: a modelling study using mobile phone data",
      "url": "https://scholar.google.com/citations?view_op=view_citation&hl=en&user=CtGBKt4AAAAJ&citation_for_view=CtGBKt4AAAAJ:Vy6WY-OzMiYC",
      "authors": "Y Zhou, R Xu, D Hu, Y Yue, Q Li, J Xia",
      "venue": "The Lancet Digital Health 2 (8), e417-e424, 2020",
      "year": 2020,
      "citations": 368
    },
    {
      "title": "Deep learning-based gait recognition using smartphones in the wild",
      "url": "https://scholar.google.com/citations?view_op=view_citation&hl=en&user=CtGBKt4AAAAJ&citation_for_view=CtGBKt4AAAAJ:Y6tWz-bPl0AC",
      "authors": "Q Zou, Y Wang, Q Wang, Y Zhao, Q Li",
      "venue": "IEEE Transactions on Information Forensics and Security 15, 3197-3212, 2020",
      "year": 2020,
      "citations": 326
    },
    {
      "title": "Portraying the spatial dynamics of urban vibrancy using multisource urban big data",
      "url": "https://scholar.google.com/citations?view_op=view_citation&hl=en&user=CtGBKt4AAAAJ&citation_for_view=CtGBKt4AAAAJ:4hNjOZs4tL4C",
      "authors": "W Tu, T Zhu, J Xia, Y Zhou, Y Lai, J Jiang, Q Li",
      "venue": "Computers, Environment and Urban Systems 80, 101428, 2020",
      "year": 2020,
      "citations": 235
    },
    {
      "title": "Deep learning-based remote and social sensing data fusion for urban region function recognition",
      "url": "https://scholar.google.com/citations?view_op=view_citation&hl=en&user=CtGBKt4AAAAJ&citation_for_view=CtGBKt4AAAAJ:23RABV9ksXMC",
      "authors": "R Cao, W Tu, C Yang, Q Li, J Liu, J Zhu, Q Zhang, Q Li, G Qiu",
      "venue": "ISPRS Journal of Photogrammetry and Remote Sensing 163, 82-97, 2020",
      "year": 2020,
      "citations": 220
    },
    {
      "title": "Deepcrack: Learning hierarchical convolutional features for crack detection",
      "url": "https://scholar.google.com/citations?view_op=view_citation&hl=en&user=CtGBKt4AAAAJ&citation_for_view=CtGBKt4AAAAJ:6sGuMeFMgSEC",
      "authors": "Q Zou, Z Zhang, Q Li, X Qi, Q Wang, S Wang",
      "venue": "IEEE transactions on image processing 28 (3), 1498-1512, 2018",
      "year": 2018,
      "citations": 1075
    },
    {
      "title": "Spatial variations in urban public ridership derived from GPS trajectories and smart card data",
      "url": "https://scholar.google.com/citations?view_op=view_citation&hl=en&user=CtGBKt4AAAAJ&citation_for_view=CtGBKt4AAAAJ:Mg-q3vklmEUC",
      "authors": "W Tu, R Cao, Y Yue, B Zhou, Q Li, Q Li",
      "venue": "Journal of Transport Geography 69, 45-57, 2018",
      "year": 2018,
      "citations": 272
    },
    {
      "title": "Measurements of POI-based mixed use and their relationships with neighbourhood vibrancy",
      "url": "https://scholar.google.com/citations?view_op=view_citation&hl=en&user=CtGBKt4AAAAJ&citation_for_view=CtGBKt4AAAAJ:TWu9ukPC6OgC",
      "authors": "Y Yue, Y Zhuang, AGO Yeh, JY Xie, CL Ma, QQ Li",
      "venue": "International Journal of Geographical Information Science 31 (4), 658-675, 2017",
      "year": 2017,
      "citations": 589
    },
    {
      "title": "Coupling mobile phone and social media data: A new approach to understanding urban functions and diurnal patterns",
      "url": "https://scholar.google.com/citations?view_op=view_citation&hl=en&user=CtGBKt4AAAAJ&citation_for_view=CtGBKt4AAAAJ:ntyGEyU8WO4C",
      "authors": "W Tu, J Cao, Y Yue, SL Shaw, M Zhou, Z Wang, X Chang, Y Xu, Q Li",
      "venue": "International Journal of Geographical Information Science 31 (12), 2331-2358, 2017",
      "year": 2017,
      "citations": 331
    },
    {
      "title": "Impacts of weather on public transport ridership: Results from mining data from different sources",
      "url": "https://scholar.google.com/citations?view_op=view_citation&hl=en&user=CtGBKt4AAAAJ&citation_for_view=CtGBKt4AAAAJ:39UAwiDAKrsC",
      "authors": "M Zhou, D Wang, Q Li, Y Yue, W Tu, R Cao",
      "venue": "Transportation research part C: emerging technologies 75, 17-29, 2017",
      "year": 2017,
      "citations": 253
    },
    {
      "title": "Application of sentinel 2 MSI images to retrieve suspended particulate matter concentrations in Poyang Lake",
      "url": "https://scholar.google.com/citations?view_op=view_citation&hl=en&user=CtGBKt4AAAAJ&citation_for_view=CtGBKt4AAAAJ:lcVRWeBNbw0C",
      "authors": "H Liu, Q Li, T Shi, S Hu, G Wu, Q Zhou",
      "venue": "Remote Sensing 9 (7), 761, 2017",
      "year": 2017,
      "citations": 223
    },
    {
      "title": "Optimizing the locations of electric taxi charging stations: A spatial–temporal demand coverage approach",
      "url": "https://scholar.google.com/citations?view_op=view_citation&hl=en&user=CtGBKt4AAAAJ&citation_for_view=CtGBKt4AAAAJ:N4e_798Z1OgC",
      "authors": "W Tu, Q Li, Z Fang, S Shaw, B Zhou, X Chang",
      "venue": "Transportation Research Part C: Emerging Technologies 65, 172-189, 2016",
      "year": 2016,
      "citations": 388
    },
    {
      "title": "A novel ranking-based clustering approach for hyperspectral band selection",
      "url": "https://scholar.google.com/citations?view_op=view_citation&hl=en&user=CtGBKt4AAAAJ&citation_for_view=CtGBKt4AAAAJ:nZgPvcLaoyMC",
      "authors": "S Jia, G Tang, J Zhu, Q Li",
      "venue": "IEEE Transactions on Geoscience and Remote Sensing 54 (1), 88-102, 2015",
      "year": 2015,
      "citations": 386
    },
    {
      "title": "Zooming into individuals to understand the collective: A review of trajectory-based travel behaviour studies",
      "url": "https://scholar.google.com/citations?view_op=view_citation&hl=en&user=CtGBKt4AAAAJ&citation_for_view=CtGBKt4AAAAJ:G887dSk7Sz8C",
      "authors": "Y Yue, T Lan, AGO Yeh, QQ Li",
      "venue": "Travel Behaviour and Society 1 (2), 69-78, 2014",
      "year": 2014,
      "citations": 237
    },
    {
      "title": "A sensor-fusion drivable-region and lane-detection system for autonomous vehicle navigation in challenging road scenarios",
      "url": "https://scholar.google.com/citations?view_op=view_citation&hl=en&user=CtGBKt4AAAAJ&citation_for_view=CtGBKt4AAAAJ:cx97FdCJQX8C",
      "authors": "Q Li, L Chen, M Li, SL Shaw, A Nüchter",
      "venue": "IEEE Transactions on Vehicular Technology 63 (2), 540-555, 2013",
      "year": 2013,
      "citations": 474
    },
    {
      "title": "Accessibility impacts of China’s high-speed rail network",
      "url": "https://scholar.google.com/citations?view_op=view_citation&hl=en&user=CtGBKt4AAAAJ&citation_for_view=CtGBKt4AAAAJ:4xDN1ZYqzskC",
      "authors": "J Cao, XC Liu, Y Wang, Q Li",
      "venue": "Journal of Transport Geography 28, 12-21, 2013",
      "year": 2013,
      "citations": 324
    },
    {
      "title": "CrackTree: Automatic crack detection from pavement images",
      "url": "https://scholar.google.com/citations?view_op=view_citation&hl=en&user=CtGBKt4AAAAJ&citation_for_view=CtGBKt4AAAAJ:vlMkzkLhH4wC",
      "authors": "Q Zou, Y Cao, Q Li, Q Mao, S Wang",
      "venue": "Pattern Recognition Letters 33 (3), 227-238, 2012",
      "year": 2012,
      "citations": 1287
    },
    {
      "title": "Vulnerability analysis for large-scale and congested road networks with demand uncertainty",
      "url": "https://scholar.google.com/citations?view_op=view_citation&hl=en&user=CtGBKt4AAAAJ&citation_for_view=CtGBKt4AAAAJ:OTTXONDVkokC",
      "authors": "BY Chen, WHK Lam, A Sumalee, Q Li, ZC Li",
      "venue": "Transportation Research Part A: Policy and Practice 46 (3), 501-516, 2012",
      "year": 2012,
      "citations": 228
    },
    {
      "title": "A comparative analysis of image fusion methods",
      "url": "https://scholar.google.com/citations?view_op=view_citation&hl=en&user=CtGBKt4AAAAJ&citation_for_view=CtGBKt4AAAAJ:2Iopv88g0QUC",
      "authors": "Z Wang, D Ziou, C Armenakis, D Li, Q Li",
      "venue": "IEEE transactions on geoscience and remote sensing 43 (6), 1391-1402, 2005",
      "year": 2005,
      "citations": 1225
    },
    {
      "title": "一种三维 GIS 混合数据结构研究",
      "url": "https://scholar.google.com/citations?view_op=view_citation&hl=en&user=CtGBKt4AAAAJ&citation_for_view=CtGBKt4AAAAJ:xUT3DyvLuJwC",
      "authors": "李德仁， 李清泉",
      "venue": "测绘学报 26 (2), 128-133, 1997",
      "year": 1997,
      "citations": 229
    }
  ],
  "co_authors": [
    {
      "name": "Wei Tu",
      "scholar_id": "CqOh1-YAAAAJ",
      "url": "https://scholar.google.com/citations?user=CqOh1-YAAAAJ"
    },
    {
      "name": "Yang YUE (乐阳)",
      "scholar_id": "Or3pqN8AAAAJ",
      "url": "https://scholar.google.com/citations?user=Or3pqN8AAAAJ"
    },
    {
      "name": "Baoding ZHOU",
      "scholar_id": "2X6czVAAAAAJ",
      "url": "https://scholar.google.com/citations?user=2X6czVAAAAAJ"
    },
    {
      "name": "Qin Zou",
      "scholar_id": "dJ8izFAAAAAJ",
      "url": "https://scholar.google.com/citations?user=dJ8izFAAAAAJ"
    },
    {
      "name": "Bisheng Yang（杨必胜）",
      "scholar_id": "TJkm8igAAAAJ",
      "url": "https://scholar.google.com/citations?user=TJkm8igAAAAJ"
    },
    {
      "name": "Luliang TANG",
      "scholar_id": "NQ9krwMAAAAJ",
      "url": "https://scholar.google.com/citations?user=NQ9krwMAAAAJ"
    },
    {
      "name": "Shih-Lung Shaw",
      "scholar_id": "RXx_OuwAAAAJ",
      "url": "https://scholar.google.com/citations?user=RXx_OuwAAAAJ"
    },
    {
      "name": "Bi Yu CHEN (陈碧宇)",
      "scholar_id": "JV7nzTgAAAAJ",
      "url": "https://scholar.google.com/citations?user=JV7nzTgAAAAJ"
    },
    {
      "name": "毛庆洲",
      "scholar_id": "1ZsLQzcAAAAJ",
      "url": "https://scholar.google.com/citations?user=1ZsLQzcAAAAJ"
    },
    {
      "name": "Anthony G.O. Yeh",
      "scholar_id": "0zhn9YUAAAAJ",
      "url": "https://scholar.google.com/citations?user=0zhn9YUAAAAJ"
    },
    {
      "name": "Donggen Wang",
      "scholar_id": "BvffJMcAAAAJ",
      "url": "https://scholar.google.com/citations?user=BvffJMcAAAAJ"
    },
    {
      "name": "Jonathan Li",
      "scholar_id": "7hyYxRkAAAAJ",
      "url": "https://scholar.google.com/citations?user=7hyYxRkAAAAJ"
    },
    {
      "name": "Lee D. Han",
      "scholar_id": "RxdHmbMAAAAJ",
      "url": "https://scholar.google.com/citations?user=RxdHmbMAAAAJ"
    }
  ]
}