{
  "author_info": {
    "name": "Matthias Zwicker",
    "affiliation": "Professor of Computer Science, University of Maryland, College Park",
    "email_verified": "Verified email at cs.umd.edu - Homepage",
    "website": "http://cs.umd.edu/~zwicker",
    "interests": [
      "Computer graphics"
    ],
    "photo_url": "https://scholar.googleusercontent.com/citations?view_op=view_photo&user=KW0FmzgAAAAJ&citpid=3"
  },
  "citation_stats": {
    "citations_all": 16015,
    "citations_since_2020": 7390,
    "h_index_all": 63,
    "h_index_since_2020": 47,
    "i10_index_all": 133,
    "i10_index_since_2020": 102,
    "citation_graph": [
      {
        "year": 2001,
        "citations": 47
      },
      {
        "year": 2002,
        "citations": 133
      },
      {
        "year": 2003,
        "citations": 270
      },
      {
        "year": 2004,
        "citations": 407
      },
      {
        "year": 2005,
        "citations": 472
      },
      {
        "year": 2006,
        "citations": 479
      },
      {
        "year": 2007,
        "citations": 487
      },
      {
        "year": 2008,
        "citations": 404
      },
      {
        "year": 2009,
        "citations": 407
      },
      {
        "year": 2010,
        "citations": 383
      },
      {
        "year": 2011,
        "citations": 457
      },
      {
        "year": 2012,
        "citations": 444
      },
      {
        "year": 2013,
        "citations": 449
      },
      {
        "year": 2014,
        "citations": 418
      },
      {
        "year": 2015,
        "citations": 536
      },
      {
        "year": 2016,
        "citations": 537
      },
      {
        "year": 2017,
        "citations": 539
      },
      {
        "year": 2018,
        "citations": 618
      },
      {
        "year": 2019,
        "citations": 690
      },
      {
        "year": 2020,
        "citations": 917
      },
      {
        "year": 2021,
        "citations": 1001
      },
      {
        "year": 2022,
        "citations": 1107
      },
      {
        "year": 2023,
        "citations": 1128
      },
      {
        "year": 2024,
        "citations": 1556
      },
      {
        "year": 2025,
        "citations": 1422
      }
    ]
  },
  "papers": [
    {
      "title": "Fine-grained 3D shape classification with hierarchical part-view attention",
      "url": "https://scholar.google.com/citations?view_op=view_citation&hl=en&user=KW0FmzgAAAAJ&citation_for_view=KW0FmzgAAAAJ:oNZyr7d5Mn4C",
      "authors": "X Liu, Z Han, YS Liu, M Zwicker",
      "venue": "IEEE Transactions on Image Processing 30, 1744-1758, 2021",
      "year": 2021,
      "citations": 357
    },
    {
      "title": "Sdfdiff: Differentiable rendering of signed distance fields for 3d shape optimization",
      "url": "https://scholar.google.com/citations?view_op=view_citation&hl=en&user=KW0FmzgAAAAJ&citation_for_view=KW0FmzgAAAAJ:b1wdh0AR-JQC",
      "authors": "Y Jiang, D Ji, Z Han, M Zwicker",
      "venue": "Proceedings of the IEEE/CVF conference on computer vision and pattern …, 2020",
      "year": 2020,
      "citations": 285
    },
    {
      "title": "Neural-pull: Learning signed distance functions from point clouds by learning to pull space onto surfaces",
      "url": "https://scholar.google.com/citations?view_op=view_citation&hl=en&user=KW0FmzgAAAAJ&citation_for_view=KW0FmzgAAAAJ:q3CdL3IzO_QC",
      "authors": "B Ma, Z Han, YS Liu, M Zwicker",
      "venue": "arXiv preprint arXiv:2011.13495, 2020",
      "year": 2020,
      "citations": 233
    },
    {
      "title": "Point2sequence: Learning the shape representation of 3d point clouds with an attention-based sequence to sequence network",
      "url": "https://scholar.google.com/citations?view_op=view_citation&hl=en&user=KW0FmzgAAAAJ&citation_for_view=KW0FmzgAAAAJ:_Re3VWB3Y0AC",
      "authors": "X Liu, Z Han, YS Liu, M Zwicker",
      "venue": "Proceedings of the AAAI conference on artificial intelligence 33 (01), 8778-8785, 2019",
      "year": 2019,
      "citations": 679
    },
    {
      "title": "3D2SeqViews: Aggregating sequential views for 3D global feature learning by CNN with hierarchical attention aggregation",
      "url": "https://scholar.google.com/citations?view_op=view_citation&hl=en&user=KW0FmzgAAAAJ&citation_for_view=KW0FmzgAAAAJ:zLWjf1WUPmwC",
      "authors": "Z Han, H Lu, Z Liu, CM Vong, YS Liu, M Zwicker, J Han, CLP Chen",
      "venue": "IEEE Transactions on Image Processing 28 (8), 3986-3999, 2019",
      "year": 2019,
      "citations": 208
    },
    {
      "title": "SeqViews2SeqLabels: Learning 3D global features via aggregating sequential views by RNN with attention",
      "url": "https://scholar.google.com/citations?view_op=view_citation&hl=en&user=KW0FmzgAAAAJ&citation_for_view=KW0FmzgAAAAJ:7T2F9Uy0os0C",
      "authors": "Z Han, M Shang, Z Liu, CM Vong, YS Liu, M Zwicker, J Han, CLP Chen",
      "venue": "IEEE Transactions on Image Processing 28 (2), 658-672, 2018",
      "year": 2018,
      "citations": 253
    },
    {
      "title": "Recent advances in adaptive sampling and reconstruction for Monte Carlo rendering",
      "url": "https://scholar.google.com/citations?view_op=view_citation&hl=en&user=KW0FmzgAAAAJ&citation_for_view=KW0FmzgAAAAJ:l7t_Zn2s7bgC",
      "authors": "M Zwicker, W Jarosz, J Lehtinen, B Moon, R Ramamoorthi, F Rousselle, ...",
      "venue": "Computer graphics forum 34 (2), 667-681, 2015",
      "year": 2015,
      "citations": 209
    },
    {
      "title": "Method and system for acquiring, encoding, decoding and displaying 3D light fields",
      "url": "https://scholar.google.com/citations?view_op=view_citation&hl=en&user=KW0FmzgAAAAJ&citation_for_view=KW0FmzgAAAAJ:J_g5lzvAfSwC",
      "authors": "A Vetro, S Yea, W Matusik, H Pfister, M Zwicker",
      "venue": "US Patent 7,916,934, 2011",
      "year": 2011,
      "citations": 267
    },
    {
      "title": "Method and system for decoding and displaying 3D light fields",
      "url": "https://scholar.google.com/citations?view_op=view_citation&hl=en&user=KW0FmzgAAAAJ&citation_for_view=KW0FmzgAAAAJ:4JMBOYKVnBMC",
      "authors": "A Vetro, S Yea, W Matusik, H Pfister, M Zwicker",
      "venue": "US Patent 8,044,994, 2011",
      "year": 2011,
      "citations": 264
    },
    {
      "title": "A survey of procedural noise functions",
      "url": "https://scholar.google.com/citations?view_op=view_citation&hl=en&user=KW0FmzgAAAAJ&citation_for_view=KW0FmzgAAAAJ:mVmsd5A6BfQC",
      "authors": "A Lagae, S Lefebvre, R Cook, T DeRose, G Drettakis, DS Ebert, JP Lewis, ...",
      "venue": "Computer Graphics Forum 29 (8), 2579-2600, 2010",
      "year": 2010,
      "citations": 279
    },
    {
      "title": "Multidimensional adaptive sampling and reconstruction for ray tracing",
      "url": "https://scholar.google.com/citations?view_op=view_citation&hl=en&user=KW0FmzgAAAAJ&citation_for_view=KW0FmzgAAAAJ:WF5omc3nYNoC",
      "authors": "T Hachisuka, W Jarosz, RP Weistroffer, K Dale, G Humphreys, M Zwicker, ...",
      "venue": "ACM SIGGRAPH 2008 papers, 1-10, 2008",
      "year": 2008,
      "citations": 228
    },
    {
      "title": "Antialiasing for automultiscopic 3D displays",
      "url": "https://scholar.google.com/citations?view_op=view_citation&hl=en&user=KW0FmzgAAAAJ&citation_for_view=KW0FmzgAAAAJ:eQOLeE2rZwMC",
      "authors": "M Zwicker, W Matusik, F Durand, H Pfister, C Forlines",
      "venue": "ACM SIGGRAPH 2006 Sketches, 107-es, 2006",
      "year": 2006,
      "citations": 239
    },
    {
      "title": "Mesh-based inverse kinematics",
      "url": "https://scholar.google.com/citations?view_op=view_citation&hl=en&user=KW0FmzgAAAAJ&citation_for_view=KW0FmzgAAAAJ:2osOgNQ5qMEC",
      "authors": "RW Sumner, M Zwicker, C Gotsman, J Popović",
      "venue": "ACM transactions on graphics (TOG) 24 (3), 488-495, 2005",
      "year": 2005,
      "citations": 396
    },
    {
      "title": "High-quality surface splatting on today's GPUs",
      "url": "https://scholar.google.com/citations?view_op=view_citation&hl=en&user=KW0FmzgAAAAJ&citation_for_view=KW0FmzgAAAAJ:UeHWp8X0CEIC",
      "authors": "M Botsch, A Hornung, M Zwicker, L Kobbelt",
      "venue": "Proceedings Eurographics/IEEE VGTC Symposium Point-Based Graphics, 2005., 17-141, 2005",
      "year": 2005,
      "citations": 329
    },
    {
      "title": "Pointshop 3D: An interactive system for point-based surface editing",
      "url": "https://scholar.google.com/citations?view_op=view_citation&hl=en&user=KW0FmzgAAAAJ&citation_for_view=KW0FmzgAAAAJ:d1gkVwhDpl0C",
      "authors": "M Zwicker, M Pauly, O Knoll, M Gross",
      "venue": "ACM Transactions on Graphics (TOG) 21 (3), 322-329, 2002",
      "year": 2002,
      "citations": 535
    },
    {
      "title": "EWA splatting",
      "url": "https://scholar.google.com/citations?view_op=view_citation&hl=en&user=KW0FmzgAAAAJ&citation_for_view=KW0FmzgAAAAJ:qjMakFHDy7sC",
      "authors": "M Zwicker, H Pfister, J Van Baar, M Gross",
      "venue": "IEEE Transactions on Visualization and Computer Graphics 8 (3), 223-238, 2002",
      "year": 2002,
      "citations": 415
    },
    {
      "title": "Object space EWA surface splatting: A hardware accelerated approach to high quality point rendering",
      "url": "https://scholar.google.com/citations?view_op=view_citation&hl=en&user=KW0FmzgAAAAJ&citation_for_view=KW0FmzgAAAAJ:9yKSN-GCB0IC",
      "authors": "L Ren, H Pfister, M Zwicker",
      "venue": "Computer graphics forum 21 (3), 461-470, 2002",
      "year": 2002,
      "citations": 325
    },
    {
      "title": "Surface splatting",
      "url": "https://scholar.google.com/citations?view_op=view_citation&hl=en&user=KW0FmzgAAAAJ&citation_for_view=KW0FmzgAAAAJ:u-x6o8ySG0sC",
      "authors": "M Zwicker, H Pfister, J Van Baar, M Gross",
      "venue": "Proceedings of the 28th annual conference on Computer graphics and …, 2001",
      "year": 2001,
      "citations": 1131
    },
    {
      "title": "Ewa volume splatting",
      "url": "https://scholar.google.com/citations?view_op=view_citation&hl=en&user=KW0FmzgAAAAJ&citation_for_view=KW0FmzgAAAAJ:IjCSPb-OGe4C",
      "authors": "M Zwicker, H Pfister, J Van Baar, M Gross",
      "venue": "Proceedings Visualization, 2001. VIS'01., 29-538, 2001",
      "year": 2001,
      "citations": 560
    },
    {
      "title": "Surfels: Surface elements as rendering primitives",
      "url": "https://scholar.google.com/citations?view_op=view_citation&hl=en&user=KW0FmzgAAAAJ&citation_for_view=KW0FmzgAAAAJ:u5HHmVD_uO8C",
      "authors": "H Pfister, M Zwicker, J Van Baar, M Gross",
      "venue": "Proceedings of the 27th annual conference on Computer graphics and …, 2000",
      "year": 2000,
      "citations": 1536
    }
  ],
  "co_authors": [
    {
      "name": "Hanspeter Pfister",
      "scholar_id": "VWX-GMAAAAAJ",
      "url": "https://scholar.google.com/citations?user=VWX-GMAAAAAJ"
    },
    {
      "name": "Markus Gross",
      "scholar_id": "uxk0GmUAAAAJ",
      "url": "https://scholar.google.com/citations?user=uxk0GmUAAAAJ"
    },
    {
      "name": "Yu-Shen Liu (刘玉身)",
      "scholar_id": "Vo4ZHu0AAAAJ",
      "url": "https://scholar.google.com/citations?user=Vo4ZHu0AAAAJ"
    },
    {
      "name": "Wojciech Matusik",
      "scholar_id": "wbIMbL8AAAAJ",
      "url": "https://scholar.google.com/citations?user=wbIMbL8AAAAJ"
    },
    {
      "name": "Fredo Durand",
      "scholar_id": "NJ9c4ygAAAAJ",
      "url": "https://scholar.google.com/citations?user=NJ9c4ygAAAAJ"
    },
    {
      "name": "Jeroen van Baar",
      "scholar_id": "u8FiVv8AAAAJ",
      "url": "https://scholar.google.com/citations?user=u8FiVv8AAAAJ"
    },
    {
      "name": "Wojciech Jarosz",
      "scholar_id": "vrjL9p0AAAAJ",
      "url": "https://scholar.google.com/citations?user=vrjL9p0AAAAJ"
    },
    {
      "name": "Paolo Favaro",
      "scholar_id": "w_XDRRsAAAAJ",
      "url": "https://scholar.google.com/citations?user=w_XDRRsAAAAJ"
    },
    {
      "name": "Claude Knaus",
      "scholar_id": "Z4JU3EsAAAAJ",
      "url": "https://scholar.google.com/citations?user=Z4JU3EsAAAAJ"
    },
    {
      "name": "Fabrice Rousselle",
      "scholar_id": "7iUaxXEAAAAJ",
      "url": "https://scholar.google.com/citations?user=7iUaxXEAAAAJ"
    },
    {
      "name": "Jaakko Lehtinen",
      "scholar_id": "Vpr6s3sAAAAJ",
      "url": "https://scholar.google.com/citations?user=Vpr6s3sAAAAJ"
    },
    {
      "name": "Mark Pauly",
      "scholar_id": "bY63wY8AAAAJ",
      "url": "https://scholar.google.com/citations?user=bY63wY8AAAAJ"
    },
    {
      "name": "Anthony Vetro",
      "scholar_id": "6VdIeU8AAAAJ",
      "url": "https://scholar.google.com/citations?user=6VdIeU8AAAAJ"
    },
    {
      "name": "Siavash Bigdeli",
      "scholar_id": "NhEK9voAAAAJ",
      "url": "https://scholar.google.com/citations?user=NhEK9voAAAAJ"
    },
    {
      "name": "Marco Manzi",
      "scholar_id": "HvelfSwAAAAJ",
      "url": "https://scholar.google.com/citations?user=HvelfSwAAAAJ"
    },
    {
      "name": "Henrik Wann Jensen",
      "scholar_id": "vthMwawAAAAJ",
      "url": "https://scholar.google.com/citations?user=vthMwawAAAAJ"
    },
    {
      "name": "Shihao Wu",
      "scholar_id": "P3M58lUAAAAJ",
      "url": "https://scholar.google.com/citations?user=P3M58lUAAAAJ"
    },
    {
      "name": "Ares Lagae",
      "scholar_id": "xbflxJMAAAAJ",
      "url": "https://scholar.google.com/citations?user=xbflxJMAAAAJ"
    },
    {
      "name": "Mario Botsch",
      "scholar_id": "VSiwBoYAAAAJ",
      "url": "https://scholar.google.com/citations?user=VSiwBoYAAAAJ"
    },
    {
      "name": "Markus Kettunen",
      "scholar_id": "Z_1Gr-0AAAAJ",
      "url": "https://scholar.google.com/citations?user=Z_1Gr-0AAAAJ"
    }
  ]
}