{
  "author_info": {
    "name": "Wei Zhang (张伟)",
    "affiliation": "Professor, School of Computer Science and Technology, East China Normal University",
    "email_verified": "Verified email at cs.ecnu.edu.cn - Homepage",
    "website": "https://weizhangltt.github.io/",
    "interests": [
      "Data Mining",
      "Machine Learning",
      "Recommender System",
      "AI in education"
    ],
    "photo_url": "https://scholar.googleusercontent.com/citations?view_op=view_photo&user=DKcduF0AAAAJ&citpid=9"
  },
  "citation_stats": {
    "citations_all": 4845,
    "citations_since_2020": 4227,
    "h_index_all": 36,
    "h_index_since_2020": 35,
    "i10_index_all": 71,
    "i10_index_since_2020": 71,
    "citation_graph": [
      {
        "year": 2014,
        "citations": 13
      },
      {
        "year": 2015,
        "citations": 30
      },
      {
        "year": 2016,
        "citations": 74
      },
      {
        "year": 2017,
        "citations": 112
      },
      {
        "year": 2018,
        "citations": 175
      },
      {
        "year": 2019,
        "citations": 198
      },
      {
        "year": 2020,
        "citations": 268
      },
      {
        "year": 2021,
        "citations": 405
      },
      {
        "year": 2022,
        "citations": 565
      },
      {
        "year": 2023,
        "citations": 764
      },
      {
        "year": 2024,
        "citations": 1052
      },
      {
        "year": 2025,
        "citations": 1153
      }
    ]
  },
  "papers": [
    {
      "title": "Source-Free Domain Adaptation for Semantic Segmentation",
      "url": "https://scholar.google.com/citations?view_op=view_citation&hl=en&user=DKcduF0AAAAJ&citation_for_view=DKcduF0AAAAJ:D03iK_w7-QYC",
      "authors": "Y Liu, W Zhang, J Wang",
      "venue": "Proceedings of the IEEE/CVF Conference on Computer Vision and Pattern …, 2021",
      "year": 2021,
      "citations": 378
    },
    {
      "title": "IconQA: A New Benchmark for Abstract Diagram Understanding and Visual Language Reasoning",
      "url": "https://scholar.google.com/citations?view_op=view_citation&hl=en&user=DKcduF0AAAAJ&citation_for_view=DKcduF0AAAAJ:P5F9QuxV20EC",
      "authors": "P Lu, L Qiu, J Chen, T Xia, Y Zhao, W Zhang, Z Yu, X Liang, SC Zhu",
      "venue": "arXiv preprint arXiv:2110.13214, 2021",
      "year": 2021,
      "citations": 265
    },
    {
      "title": "TCL: Transformer-based Dynamic Graph Modelling via Contrastive Learning",
      "url": "https://scholar.google.com/citations?view_op=view_citation&hl=en&user=DKcduF0AAAAJ&citation_for_view=DKcduF0AAAAJ:EUQCXRtRnyEC",
      "authors": "L Wang, X Chang, S Li, Y Chu, H Li, W Zhang, X He, L Song, J Zhou, ...",
      "venue": "arXiv preprint arXiv:2105.07944, 2021",
      "year": 2021,
      "citations": 121
    },
    {
      "title": "Zero-shot Adversarial Quantization",
      "url": "https://scholar.google.com/citations?view_op=view_citation&hl=en&user=DKcduF0AAAAJ&citation_for_view=DKcduF0AAAAJ:pyW8ca7W8N0C",
      "authors": "Y Liu, W Zhang, J Wang",
      "venue": "CVPR oral, 1512-1521, 2021",
      "year": 2021,
      "citations": 109
    },
    {
      "title": "Scalable rule-based representation learning for interpretable classification",
      "url": "https://scholar.google.com/citations?view_op=view_citation&hl=en&user=DKcduF0AAAAJ&citation_for_view=DKcduF0AAAAJ:1sJd4Hv_s6UC",
      "authors": "Z Wang, W Zhang, N Liu, J Wang",
      "venue": "Advances in Neural Information Processing Systems 34, 30479-30491, 2021",
      "year": 2021,
      "citations": 96
    },
    {
      "title": "Adaptive multi-teacher multi-level knowledge distillation",
      "url": "https://scholar.google.com/citations?view_op=view_citation&hl=en&user=DKcduF0AAAAJ&citation_for_view=DKcduF0AAAAJ:g5m5HwL7SMYC",
      "authors": "Y Liu, W Zhang, J Wang",
      "venue": "Neurocomputing 415, 106-113, 2020",
      "year": 2020,
      "citations": 241
    },
    {
      "title": "Beyond clicks: Modeling multi-relational item graph for session-based target behavior prediction",
      "url": "https://scholar.google.com/citations?view_op=view_citation&hl=en&user=DKcduF0AAAAJ&citation_for_view=DKcduF0AAAAJ:35N4QoGY0k4C",
      "authors": "W Wang, W Zhang, S Liu, Q Liu, B Zhang, L Lin, H Zha",
      "venue": "WWW'20 (arXiv preprint arXiv:2002.07993), 2020",
      "year": 2020,
      "citations": 155
    },
    {
      "title": "Syndrome-aware Herb Recommendation with Multi-Graph Convolution Network",
      "url": "https://scholar.google.com/citations?view_op=view_citation&hl=en&user=DKcduF0AAAAJ&citation_for_view=DKcduF0AAAAJ:70eg2SAEIzsC",
      "authors": "Y Jin, W Zhang, X He, X Wang, X Wang",
      "venue": "ICDE'2020 (arXiv preprint arXiv:2002.08575), 2020",
      "year": 2020,
      "citations": 93
    },
    {
      "title": "Supervised Reinforcement Learning with Recurrent Neural Network for Dynamic Treatment Recommendation",
      "url": "https://scholar.google.com/citations?view_op=view_citation&hl=en&user=DKcduF0AAAAJ&citation_for_view=DKcduF0AAAAJ:YFjsv_pBGBYC",
      "authors": "L Wang, W Zhang, X He, H Zha",
      "venue": "Proceedings of the 24th ACM SIGKDD International Conference on Knowledge …, 2018",
      "year": 2018,
      "citations": 387
    },
    {
      "title": "R-VQA: learning visual relation facts with semantic attention for visual question answering",
      "url": "https://scholar.google.com/citations?view_op=view_citation&hl=en&user=DKcduF0AAAAJ&citation_for_view=DKcduF0AAAAJ:JV2RwH3_ST0C",
      "authors": "P Lu, L Ji, W Zhang, N Duan, M Zhou, J Wang",
      "venue": "Proceedings of the 24th ACM SIGKDD International Conference on Knowledge …, 2018",
      "year": 2018,
      "citations": 107
    },
    {
      "title": "User-guided Hierarchical Attention Network for Multi-modal Social Image Popularity Prediction",
      "url": "https://scholar.google.com/citations?view_op=view_citation&hl=en&user=DKcduF0AAAAJ&citation_for_view=DKcduF0AAAAJ:k_IJM867U9cC",
      "authors": "W Zhang, W Wang, J Wang, H Zha",
      "venue": "Proceedings of the 2018 World Wide Web Conference on World Wide Web, 1277-1286, 2018",
      "year": 2018,
      "citations": 102
    },
    {
      "title": "Hybrid Deep Sequential Modeling for Social Text-Driven Stock Prediction",
      "url": "https://scholar.google.com/citations?view_op=view_citation&hl=en&user=DKcduF0AAAAJ&citation_for_view=DKcduF0AAAAJ:GnPB-g6toBAC",
      "authors": "H Wu, W Zhang, W Shen, J Wang",
      "venue": "Proceedings of the 27th ACM International Conference on Information and …, 2018",
      "year": 2018,
      "citations": 93
    },
    {
      "title": "Model-based Clustering of Short Text Streams",
      "url": "https://scholar.google.com/citations?view_op=view_citation&hl=en&user=DKcduF0AAAAJ&citation_for_view=DKcduF0AAAAJ:BqipwSGYUEgC",
      "authors": "J Yin, D Chao, Z Liu, W Zhang, X Yu, J Wang",
      "venue": "Proceedings of the 24th ACM SIGKDD International Conference on Knowledge …, 2018",
      "year": 2018,
      "citations": 90
    },
    {
      "title": "Co-attending Free-form Regions and Detections with Multi-modal Multiplicative Feature Embedding for Visual Question Answering",
      "url": "https://scholar.google.com/citations?view_op=view_citation&hl=en&user=DKcduF0AAAAJ&citation_for_view=DKcduF0AAAAJ:isC4tDSrTZIC",
      "authors": "P Lu, H Li, W Zhang, J Wang, X Wang",
      "venue": "arXiv preprint arXiv:1711.06794 (AAAI, 2018), 2017",
      "year": 2017,
      "citations": 107
    },
    {
      "title": "PRED: Periodic Region Detection for Mobility Modeling of Social Media Users",
      "url": "https://scholar.google.com/citations?view_op=view_citation&hl=en&user=DKcduF0AAAAJ&citation_for_view=DKcduF0AAAAJ:iH-uZ7U-co4C",
      "authors": "Q Yuan, W Zhang, C Zhang, X Geng, G Cong, J Han",
      "venue": "",
      "citations": 103,
      "year": 2017
    },
    {
      "title": "Collaborative Multi-Level Embedding Learning from Reviews for Rating Prediction",
      "url": "https://scholar.google.com/citations?view_op=view_citation&hl=en&user=DKcduF0AAAAJ&citation_for_view=DKcduF0AAAAJ:4JMBOYKVnBMC",
      "authors": "W Zhang, Q Yuan, J Han, J Wang",
      "venue": "International Joint Conference on Artificial Intelligence (IJCAI'16), 2016",
      "year": 2016,
      "citations": 94
    },
    {
      "title": "STREAMCUBE: Hierarchical spatio-temporal hashtag clustering for event exploration over the Twitter stream",
      "url": "https://scholar.google.com/citations?view_op=view_citation&hl=en&user=DKcduF0AAAAJ&citation_for_view=DKcduF0AAAAJ:e5wmG9Sq2KIC",
      "authors": "W Feng, C Zhang, W Zhang, J Han, J Wang, C Aggarwal, J Huang",
      "venue": "2015 IEEE 31st International Conference on Data Engineering (ICDE), 1561 - 1572, 2015",
      "year": 2015,
      "citations": 201
    },
    {
      "title": "A collective bayesian poisson factorization model for cold-start local event recommendation",
      "url": "https://scholar.google.com/citations?view_op=view_citation&hl=en&user=DKcduF0AAAAJ&citation_for_view=DKcduF0AAAAJ:_Qo2XoVZTnwC",
      "authors": "W Zhang, J Wang",
      "venue": "Proceedings of the 21th ACM SIGKDD International Conference on Knowledge …, 2015",
      "year": 2015,
      "citations": 134
    },
    {
      "title": "Location and Time Aware Social Collaborative Retrieval for New Successive Point-of-Interest Recommendation",
      "url": "https://scholar.google.com/citations?view_op=view_citation&hl=en&user=DKcduF0AAAAJ&citation_for_view=DKcduF0AAAAJ:RHpTSmoSYBkC",
      "authors": "W Zhang, J Wang",
      "venue": "Proceedings of the 24th ACM International on Conference on Information and …, 2015",
      "year": 2015,
      "citations": 97
    },
    {
      "title": "Combining latent factor model with location features for event-based group recommendation",
      "url": "https://scholar.google.com/citations?view_op=view_citation&hl=en&user=DKcduF0AAAAJ&citation_for_view=DKcduF0AAAAJ:u-x6o8ySG0sC",
      "authors": "W Zhang, J Wang, W Feng",
      "venue": "Proceedings of the 19th ACM SIGKDD international conference on Knowledge …, 2013",
      "year": 2013,
      "citations": 182
    }
  ],
  "co_authors": [
    {
      "name": "Jianyong Wang",
      "scholar_id": "VfBaiG8AAAAJ",
      "url": "https://scholar.google.com/citations?user=VfBaiG8AAAAJ"
    },
    {
      "name": "Jun Wang",
      "scholar_id": "i0KkESEAAAAJ",
      "url": "https://scholar.google.com/citations?user=i0KkESEAAAAJ"
    },
    {
      "name": "Hongyuan Zha",
      "scholar_id": "n1DQMIsAAAAJ",
      "url": "https://scholar.google.com/citations?user=n1DQMIsAAAAJ"
    },
    {
      "name": "Lu Wang",
      "scholar_id": "hqlU92YAAAAJ",
      "url": "https://scholar.google.com/citations?user=hqlU92YAAAAJ"
    },
    {
      "name": "Pan Lu",
      "scholar_id": "IyucsdQAAAAJ",
      "url": "https://scholar.google.com/citations?user=IyucsdQAAAAJ"
    },
    {
      "name": "Zhuo Wang",
      "scholar_id": "uXC8w-cAAAAJ",
      "url": "https://scholar.google.com/citations?user=uXC8w-cAAAAJ"
    },
    {
      "name": "Jiawei Han",
      "scholar_id": "Kv9AbjMAAAAJ",
      "url": "https://scholar.google.com/citations?user=Kv9AbjMAAAAJ"
    },
    {
      "name": "Chao Zhang",
      "scholar_id": "CeEO6SIAAAAJ",
      "url": "https://scholar.google.com/citations?user=CeEO6SIAAAAJ"
    }
  ]
}