{
  "author_info": {
    "name": "Xinze Li",
    "affiliation": "Northeastern University",
    "email_verified": "Verified email at stu.neu.edu.cn - Homepage",
    "website": "https://eureka336.github.io/",
    "interests": [
      "NLP"
    ],
    "photo_url": "https://scholar.googleusercontent.com/citations?view_op=view_photo&user=Feo2PhwAAAAJ&citpid=7"
  },
  "citation_stats": {
    "citations_all": 160,
    "citations_since_2020": 160,
    "h_index_all": 8,
    "h_index_since_2020": 8,
    "i10_index_all": 6,
    "i10_index_since_2020": 6,
    "citation_graph": [
      {
        "year": 2022,
        "citations": 1
      },
      {
        "year": 2023,
        "citations": 4
      },
      {
        "year": 2024,
        "citations": 29
      },
      {
        "year": 2025,
        "citations": 124
      }
    ]
  },
  "papers": [
    {
      "title": "Rankcot: Refining knowledge for retrieval-augmented generation through ranking chain-of-thoughts",
      "url": "https://scholar.google.com/citations?view_op=view_citation&hl=en&user=Feo2PhwAAAAJ&citation_for_view=Feo2PhwAAAAJ:W7OEmFMy1HYC",
      "authors": "M Wu, Z Liu, Y Yan, X Li, S Yu, Z Zeng, Y Gu, G Yu",
      "venue": "ACL 2025, 2025",
      "year": 2025,
      "citations": 11
    },
    {
      "title": "ReCUT: Balancing Reasoning Length and Accuracy in LLMs via Stepwise Trails and Preference Optimization",
      "url": "https://scholar.google.com/citations?view_op=view_citation&hl=en&user=Feo2PhwAAAAJ&citation_for_view=Feo2PhwAAAAJ:_FxGoFyzp5QC",
      "authors": "Z Jin, X Li, Y Ji, C Peng, Z Liu, Q Shi, Y Yan, S Wang, F Peng, G Yu",
      "venue": "EMNLP 2025, 2025",
      "year": 2025,
      "citations": 5
    },
    {
      "title": "Judge as A Judge: Improving the Evaluation of Retrieval-Augmented Generation through the Judge-Consistency of Large Language Models",
      "url": "https://scholar.google.com/citations?view_op=view_citation&hl=en&user=Feo2PhwAAAAJ&citation_for_view=Feo2PhwAAAAJ:eQOLeE2rZwMC",
      "authors": "S Liu, X Li, Z Liu, Y Yan, C Yang, Z Zeng, Z Liu, M Sun, G Yu",
      "venue": "ACL 2025, 2025",
      "year": 2025,
      "citations": 4
    },
    {
      "title": "Chunks as arms: Multi-armed bandit-guided sampling for long-context llm preference optimization",
      "url": "https://scholar.google.com/citations?view_op=view_citation&hl=en&user=Feo2PhwAAAAJ&citation_for_view=Feo2PhwAAAAJ:roLk4NBRz8UC",
      "authors": "S Duan, X Li, Z Liu, X Yi, Y Yan, S Wang, Y Gu, G Yu, M Sun",
      "venue": "arXiv preprint arXiv:2508.13993, 2025",
      "year": 2025,
      "citations": 3
    },
    {
      "title": "ClueAnchor: Clue-Anchored Knowledge Reasoning Exploration and Optimization for Retrieval-Augmented Generation",
      "url": "https://scholar.google.com/citations?view_op=view_citation&hl=en&user=Feo2PhwAAAAJ&citation_for_view=Feo2PhwAAAAJ:LkGwnXOMwfcC",
      "authors": "H Chen, Y Yan, S Mei, W Che, Z Liu, Q Shi, X Li, Y Fan, P Huang, Q Xiong, ...",
      "venue": "EMNLP 2025, 2025",
      "year": 2025,
      "citations": 3
    },
    {
      "title": "Hippo: Enhancing the table understanding capability of large language models through hybrid-modal preference optimization",
      "url": "https://scholar.google.com/citations?view_op=view_citation&hl=en&user=Feo2PhwAAAAJ&citation_for_view=Feo2PhwAAAAJ:YsMSGLbcyi4C",
      "authors": "Z Liu, H Wang, X Li, Q Xiong, X Yang, Y Gu, Y Yan, Q Shi, F Li, G Yu, ...",
      "venue": "arXiv preprint arXiv:2502.17315, 2025",
      "year": 2025,
      "citations": 3
    },
    {
      "title": "EULER: Enhancing the Reasoning Ability of Large Language Models through Error-Induced Learning",
      "url": "https://scholar.google.com/citations?view_op=view_citation&hl=en&user=Feo2PhwAAAAJ&citation_for_view=Feo2PhwAAAAJ:ufrVoPGSRksC",
      "authors": "Z Wu, X Li, Z Liu, Y Yan, Z Liu, M Yu, C Yang, Y Gu, G Yu, M Sun",
      "venue": "arXiv preprint arXiv:2505.22131, 2025",
      "year": 2025,
      "citations": 1
    },
    {
      "title": "UltraRAG: A Modular and Automated Toolkit for Adaptive Retrieval-Augmented Generation",
      "url": "https://scholar.google.com/citations?view_op=view_citation&hl=en&user=Feo2PhwAAAAJ&citation_for_view=Feo2PhwAAAAJ:WF5omc3nYNoC",
      "authors": "Y Chen, D Guo, S Mei, X Li, H Chen, Y Li, Y Wang, C Tang, R Wang, ...",
      "venue": "arXiv preprint arXiv:2504.08761, 2025",
      "year": 2025,
      "citations": 0
    },
    {
      "title": "RAG-DDR: Optimizing Retrieval-Augmented Generation Using Differentiable Data Rewards",
      "url": "https://scholar.google.com/citations?view_op=view_citation&hl=en&user=Feo2PhwAAAAJ&citation_for_view=Feo2PhwAAAAJ:Tyk-4Ss8FVUC",
      "authors": "X Li, S Mei, Z Liu, Y Yan, S Wang, S Yu, Z Zeng, H Chen, G Yu, Z Liu, ...",
      "venue": "ICLR 2025, 2024",
      "year": 2024,
      "citations": 22
    },
    {
      "title": "MARVEL: Unlocking the Multi-Modal Capability of Dense Retrieval via Visual Module Plugin",
      "url": "https://scholar.google.com/citations?view_op=view_citation&hl=en&user=Feo2PhwAAAAJ&citation_for_view=Feo2PhwAAAAJ:qjMakFHDy7sC",
      "authors": "T Zhou, S Mei, X Li, Z Liu, C Xiong, Z Liu, Y Gu, G Yu",
      "venue": "ACL 2024, 2024",
      "year": 2024,
      "citations": 14
    },
    {
      "title": "Enhancing the code debugging ability of llms via communicative agent based data refinement",
      "url": "https://scholar.google.com/citations?view_op=view_citation&hl=en&user=Feo2PhwAAAAJ&citation_for_view=Feo2PhwAAAAJ:UeHWp8X0CEIC",
      "authors": "W Yang, H Wang, Z Liu, X Li, Y Yan, S Wang, Y Gu, M Yu, Z Liu, G Yu",
      "venue": "NAACL 2025, 2024",
      "year": 2024,
      "citations": 12
    },
    {
      "title": "Say more with less: Understanding prompt learning behaviors through gist compression",
      "url": "https://scholar.google.com/citations?view_op=view_citation&hl=en&user=Feo2PhwAAAAJ&citation_for_view=Feo2PhwAAAAJ:9yKSN-GCB0IC",
      "authors": "X Li, Z Liu, C Xiong, S Yu, Y Yan, S Wang, G Yu",
      "venue": "arXiv preprint arXiv:2402.16058, 2024",
      "year": 2024,
      "citations": 9
    },
    {
      "title": "Building A Coding Assistant via the Retrieval-Augmented Language Model",
      "url": "https://scholar.google.com/citations?view_op=view_citation&hl=en&user=Feo2PhwAAAAJ&citation_for_view=Feo2PhwAAAAJ:Y0pCki6q_DkC",
      "authors": "X Li, H Wang, Z Liu, S Yu, S Wang, Y Yan, Y Fu, Y Gu, G Yu",
      "venue": "ACM Transactions on Information Systems, 2024",
      "year": 2024,
      "citations": 9
    },
    {
      "title": "Structure-Aware Language Model Pretraining Improves Dense Retrieval on Structured Data",
      "url": "https://scholar.google.com/citations?view_op=view_citation&hl=en&user=Feo2PhwAAAAJ&citation_for_view=Feo2PhwAAAAJ:2osOgNQ5qMEC",
      "authors": "X Li, Z Liu, C Xiong, S Yu, Y Gu, Z Liu, G Yu",
      "venue": "ACL 2023, 2023",
      "year": 2023,
      "citations": 39
    },
    {
      "title": "Variable precipitation behaviors of Laves phases in an ultralight Mg-Li-Zn alloy",
      "url": "https://scholar.google.com/citations?view_op=view_citation&hl=en&user=Feo2PhwAAAAJ&citation_for_view=Feo2PhwAAAAJ:d1gkVwhDpl0C",
      "authors": "W Lou, H Xie, X Zhao, J Bai, H Zhang, Y Wang, X Li, H Pan, Y Ren, G Qin",
      "venue": "Journal of Magnesium and Alloys 11 (6), 2018-2026, 2023",
      "year": 2023,
      "citations": 25
    }
  ],
  "co_authors": [
    {
      "name": "Zhenghao Liu",
      "scholar_id": "4vrZRk0AAAAJ",
      "url": "https://scholar.google.com/citations?user=4vrZRk0AAAAJ"
    },
    {
      "name": "Yukun Yan",
      "scholar_id": "B88nSvIAAAAJ",
      "url": "https://scholar.google.com/citations?user=B88nSvIAAAAJ"
    },
    {
      "name": "Ge Yu (于戈)",
      "scholar_id": "HClMOmUAAAAJ",
      "url": "https://scholar.google.com/citations?user=HClMOmUAAAAJ"
    },
    {
      "name": "Yu Gu",
      "scholar_id": "IDYbTZwAAAAJ",
      "url": "https://scholar.google.com/citations?user=IDYbTZwAAAAJ"
    },
    {
      "name": "Zhiyuan Liu",
      "scholar_id": "dT0v5u0AAAAJ",
      "url": "https://scholar.google.com/citations?user=dT0v5u0AAAAJ"
    },
    {
      "name": "Chenyan Xiong",
      "scholar_id": "E9BaEBYAAAAJ",
      "url": "https://scholar.google.com/citations?user=E9BaEBYAAAAJ"
    },
    {
      "name": "Maosong Sun",
      "scholar_id": "zIgT0HMAAAAJ",
      "url": "https://scholar.google.com/citations?user=zIgT0HMAAAAJ"
    },
    {
      "name": "Sen Mei",
      "scholar_id": "JWqmlrcAAAAJ",
      "url": "https://scholar.google.com/citations?user=JWqmlrcAAAAJ"
    },
    {
      "name": "Shuo Wang",
      "scholar_id": "5vm5yAMAAAAJ",
      "url": "https://scholar.google.com/citations?user=5vm5yAMAAAAJ"
    },
    {
      "name": "Hao Chen",
      "scholar_id": "z9V74HQAAAAJ",
      "url": "https://scholar.google.com/citations?user=z9V74HQAAAAJ"
    },
    {
      "name": "Hanbin Wang",
      "scholar_id": "FMHqC7gAAAAJ",
      "url": "https://scholar.google.com/citations?user=FMHqC7gAAAAJ"
    },
    {
      "name": "Qiushi Xiong",
      "scholar_id": "dFXhQlsAAAAJ",
      "url": "https://scholar.google.com/citations?user=dFXhQlsAAAAJ"
    },
    {
      "name": "Yuchun Fan",
      "scholar_id": "KSNqy7UAAAAJ",
      "url": "https://scholar.google.com/citations?user=KSNqy7UAAAAJ"
    },
    {
      "name": "Tianshuo Zhou",
      "scholar_id": "qiN1o0QAAAAJ",
      "url": "https://scholar.google.com/citations?user=qiN1o0QAAAAJ"
    },
    {
      "name": "Zhuoyang Wu",
      "scholar_id": "oqpo72EAAAAJ",
      "url": "https://scholar.google.com/citations?user=oqpo72EAAAAJ"
    },
    {
      "name": "Shi Yu",
      "scholar_id": "xcMVPTgAAAAJ",
      "url": "https://scholar.google.com/citations?user=xcMVPTgAAAAJ"
    },
    {
      "name": "Yishan Li",
      "scholar_id": "5PfpWbAAAAAJ",
      "url": "https://scholar.google.com/citations?user=5PfpWbAAAAAJ"
    },
    {
      "name": "Ruobing Wang",
      "scholar_id": "VJiL_sEAAAAJ",
      "url": "https://scholar.google.com/citations?user=VJiL_sEAAAAJ"
    },
    {
      "name": "Zhipeng Xu",
      "scholar_id": "PGS_UbsAAAAJ",
      "url": "https://scholar.google.com/citations?user=PGS_UbsAAAAJ"
    }
  ]
}