{
  "author_info": {
    "name": "Zhizhong Zhang",
    "affiliation": "Associate Researcher, East China Normal University",
    "email_verified": "Verified email at cs.ecnu.edu.cn - Homepage",
    "website": "https://dmcv-ecnu.github.io/",
    "interests": [
      "Computer Vision"
    ],
    "photo_url": "/citations/images/avatar_scholar_128.png"
  },
  "citation_stats": {
    "citations_all": 3179,
    "citations_since_2020": 3176,
    "h_index_all": 26,
    "h_index_since_2020": 26,
    "i10_index_all": 44,
    "i10_index_since_2020": 44,
    "citation_graph": [
      {
        "year": 2020,
        "citations": 15
      },
      {
        "year": 2021,
        "citations": 55
      },
      {
        "year": 2022,
        "citations": 264
      },
      {
        "year": 2023,
        "citations": 528
      },
      {
        "year": 2024,
        "citations": 924
      },
      {
        "year": 2025,
        "citations": 1365
      }
    ]
  },
  "papers": [
    {
      "title": "Promptad: Learning prompts with only normal samples for few-shot anomaly detection",
      "url": "https://scholar.google.com/citations?view_op=view_citation&hl=en&user=CXZciFAAAAAJ&citation_for_view=CXZciFAAAAAJ:-f6ydRqryjwC",
      "authors": "X Li, Z Zhang, X Tan, C Chen, Y Qu, Y Xie, L Ma",
      "venue": "Proceedings of the IEEE/CVF Conference on Computer Vision and Pattern …, 2024",
      "year": 2024,
      "citations": 110
    },
    {
      "title": "Cotr: Compact occupancy transformer for vision-based 3d occupancy prediction",
      "url": "https://scholar.google.com/citations?view_op=view_citation&hl=en&user=CXZciFAAAAAJ&citation_for_view=CXZciFAAAAAJ:7PzlFSSx8tAC",
      "authors": "Q Ma, X Tan, Y Qu, L Ma, Z Zhang, Y Xie",
      "venue": "Proceedings of the IEEE/CVF Conference on Computer Vision and Pattern …, 2024",
      "year": 2024,
      "citations": 78
    },
    {
      "title": "Multi-modal in-context learning makes an ego-evolving scene text recognizer",
      "url": "https://scholar.google.com/citations?view_op=view_citation&hl=en&user=CXZciFAAAAAJ&citation_for_view=CXZciFAAAAAJ:HDshCWvjkbEC",
      "authors": "Z Zhao, J Tang, C Lin, B Wu, C Huang, H Liu, X Tan, Z Zhang, Y Xie",
      "venue": "Proceedings of the IEEE/CVF Conference on Computer Vision and Pattern …, 2024",
      "year": 2024,
      "citations": 61
    },
    {
      "title": "Multi-memory matching for unsupervised visible-infrared person re-identification",
      "url": "https://scholar.google.com/citations?view_op=view_citation&hl=en&user=CXZciFAAAAAJ&citation_for_view=CXZciFAAAAAJ:hC7cP41nSMkC",
      "authors": "J Shi, X Yin, Y Chen, Y Zhang, Z Zhang, Y Xie, Y Qu",
      "venue": "European Conference on Computer Vision, 456-474, 2024",
      "year": 2024,
      "citations": 59
    },
    {
      "title": "Prompt gradient projection for continual learning",
      "url": "https://scholar.google.com/citations?view_op=view_citation&hl=en&user=CXZciFAAAAAJ&citation_for_view=CXZciFAAAAAJ:R3hNpaxXUhUC",
      "authors": "J Qiao, X Tan, C Chen, Y Qu, Y Peng, Y Xie",
      "venue": "The Twelfth International Conference on Learning Representations, 2024",
      "year": 2024,
      "citations": 50
    },
    {
      "title": "Glass makes blurs: Learning the visual blurriness for glass surface detection",
      "url": "https://scholar.google.com/citations?view_op=view_citation&hl=en&user=CXZciFAAAAAJ&citation_for_view=CXZciFAAAAAJ:qUcmZB5y_30C",
      "authors": "F Qi, X Tan, Z Zhang, M Chen, Y Xie, L Ma",
      "venue": "IEEE Transactions on Industrial Informatics 20 (4), 6631-6641, 2024",
      "year": 2024,
      "citations": 47
    },
    {
      "title": "Harmonizing visual text comprehension and generation",
      "url": "https://scholar.google.com/citations?view_op=view_citation&hl=en&user=CXZciFAAAAAJ&citation_for_view=CXZciFAAAAAJ:_Qo2XoVZTnwC",
      "authors": "Z Zhao, J Tang, B Wu, C Lin, S Wei, H Liu, X Tan, Z Zhang, C Huang, ...",
      "venue": "Advances in Neural Information Processing Systems 37, 97499-97522, 2024",
      "year": 2024,
      "citations": 44
    },
    {
      "title": "NTIRE 2023 challenge on efficient super-resolution: Methods and results",
      "url": "https://scholar.google.com/citations?view_op=view_citation&hl=en&user=CXZciFAAAAAJ&citation_for_view=CXZciFAAAAAJ:5nxA0vEk-isC",
      "authors": "Y Li, Y Zhang, R Timofte, L Van Gool, L Yu, Y Li, X Li, T Jiang, Q Wu, ...",
      "venue": "Proceedings of the IEEE/CVF Conference on Computer Vision and Pattern …, 2023",
      "year": 2023,
      "citations": 195
    },
    {
      "title": "Dual pseudo-labels interactive self-training for semi-supervised visible-infrared person re-identification",
      "url": "https://scholar.google.com/citations?view_op=view_citation&hl=en&user=CXZciFAAAAAJ&citation_for_view=CXZciFAAAAAJ:aqlVkmm33-oC",
      "authors": "J Shi, Y Zhang, X Yin, Y Xie, Z Zhang, J Fan, Z Shi, Y Qu",
      "venue": "Proceedings of the IEEE/CVF International Conference on Computer Vision …, 2023",
      "year": 2023,
      "citations": 77
    },
    {
      "title": "Unveiling the power of clip in unsupervised visible-infrared person re-identification",
      "url": "https://scholar.google.com/citations?view_op=view_citation&hl=en&user=CXZciFAAAAAJ&citation_for_view=CXZciFAAAAAJ:Wp0gIr-vW9MC",
      "authors": "Z Chen, Z Zhang, X Tan, Y Qu, Y Xie",
      "venue": "Proceedings of the 31st ACM International Conference on Multimedia, 3667-3675, 2023",
      "year": 2023,
      "citations": 63
    },
    {
      "title": "Boosting night-time scene parsing with learnable frequency",
      "url": "https://scholar.google.com/citations?view_op=view_citation&hl=en&user=CXZciFAAAAAJ&citation_for_view=CXZciFAAAAAJ:Se3iqnhoufwC",
      "authors": "Z Xie, S Wang, K Xu, Z Zhang, X Tan, Y Xie, L Ma",
      "venue": "IEEE Transactions on Image Processing 32, 2386-2398, 2023",
      "year": 2023,
      "citations": 41
    },
    {
      "title": "Rethinking gradient projection continual learning: Stability/plasticity feature space decoupling",
      "url": "https://scholar.google.com/citations?view_op=view_citation&hl=en&user=CXZciFAAAAAJ&citation_for_view=CXZciFAAAAAJ:M3ejUd6NZC8C",
      "authors": "Z Zhao, Z Zhang, X Tan, J Liu, Y Qu, Y Xie, L Ma",
      "venue": "Proceedings of the IEEE/CVF conference on computer vision and pattern …, 2023",
      "year": 2023,
      "citations": 41
    },
    {
      "title": "Not all pixels are matched: Dense contrastive learning for cross-modality person re-identification",
      "url": "https://scholar.google.com/citations?view_op=view_citation&hl=en&user=CXZciFAAAAAJ&citation_for_view=CXZciFAAAAAJ:MXK_kJrjxJIC",
      "authors": "H Sun, J Liu, Z Zhang, C Wang, Y Qu, Y Xie, L Ma",
      "venue": "Proceedings of the 30th ACM international conference on multimedia, 5333-5341, 2022",
      "year": 2022,
      "citations": 97
    },
    {
      "title": "Optimal transport for label-efficient visible-infrared person re-identification",
      "url": "https://scholar.google.com/citations?view_op=view_citation&hl=en&user=CXZciFAAAAAJ&citation_for_view=CXZciFAAAAAJ:KlAtU1dfN6UC",
      "authors": "J Wang, Z Zhang, M Chen, Y Zhang, C Wang, B Sheng, Y Qu, Y Xie",
      "venue": "European Conference on Computer Vision, 93-109, 2022",
      "year": 2022,
      "citations": 88
    },
    {
      "title": "Dual mutual learning for cross-modality person re-identification",
      "url": "https://scholar.google.com/citations?view_op=view_citation&hl=en&user=CXZciFAAAAAJ&citation_for_view=CXZciFAAAAAJ:LkGwnXOMwfcC",
      "authors": "D Zhang, Z Zhang, Y Ju, C Wang, Y Xie, Y Qu",
      "venue": "IEEE Transactions on Circuits and Systems for Video Technology 32 (8), 5361-5373, 2022",
      "year": 2022,
      "citations": 76
    },
    {
      "title": "Contrastive learning for compact single image dehazing",
      "url": "https://scholar.google.com/citations?view_op=view_citation&hl=en&user=CXZciFAAAAAJ&citation_for_view=CXZciFAAAAAJ:IjCSPb-OGe4C",
      "authors": "H Wu, Y Qu, S Lin, J Zhou, R Qiao, Z Zhang, Y Xie, L Ma",
      "venue": "Proceedings of the IEEE/CVF conference on computer vision and pattern …, 2021",
      "year": 2021,
      "citations": 1057
    },
    {
      "title": "Farewell to mutual information: Variational distillation for cross-modal person re-identification",
      "url": "https://scholar.google.com/citations?view_op=view_citation&hl=en&user=CXZciFAAAAAJ&citation_for_view=CXZciFAAAAAJ:UeHWp8X0CEIC",
      "authors": "X Tian, Z Zhang, S Lin, Y Qu, Y Xie, L Ma",
      "venue": "Proceedings of the IEEE/CVF conference on computer vision and pattern …, 2021",
      "year": 2021,
      "citations": 192
    },
    {
      "title": "Towards compact single image super-resolution via contrastive self-distillation",
      "url": "https://scholar.google.com/citations?view_op=view_citation&hl=en&user=CXZciFAAAAAJ&citation_for_view=CXZciFAAAAAJ:YsMSGLbcyi4C",
      "authors": "Y Wang, S Lin, Y Qu, H Wu, Z Zhang, Y Xie, A Yao",
      "venue": "arXiv preprint arXiv:2105.11683, 2021",
      "year": 2021,
      "citations": 70
    },
    {
      "title": "One-step multiview subspace segmentation via joint skinny tensor learning and latent clustering",
      "url": "https://scholar.google.com/citations?view_op=view_citation&hl=en&user=CXZciFAAAAAJ&citation_for_view=CXZciFAAAAAJ:qjMakFHDy7sC",
      "authors": "Y Tang, Y Xie, C Zhang, Z Zhang, W Zhang",
      "venue": "IEEE transactions on cybernetics 52 (9), 9179-9193, 2021",
      "year": 2021,
      "citations": 49
    },
    {
      "title": "A deep nonnegative matrix factorization approach via autoencoder for nonlinear fault detection",
      "url": "https://scholar.google.com/citations?view_op=view_citation&hl=en&user=CXZciFAAAAAJ&citation_for_view=CXZciFAAAAAJ:d1gkVwhDpl0C",
      "authors": "Z Ren, W Zhang, Z Zhang",
      "venue": "IEEE Transactions on Industrial Informatics 16 (8), 5042-5052, 2019",
      "year": 2019,
      "citations": 69
    }
  ],
  "co_authors": [
    {
      "name": "Yuan Xie",
      "scholar_id": "RN1QMPgAAAAJ",
      "url": "https://scholar.google.com/citations?user=RN1QMPgAAAAJ"
    },
    {
      "name": "Yanyun Qu",
      "scholar_id": "idiP90sAAAAJ",
      "url": "https://scholar.google.com/citations?user=idiP90sAAAAJ"
    },
    {
      "name": "Lizhuang Ma (马利庄)",
      "scholar_id": "yd58y_0AAAAJ",
      "url": "https://scholar.google.com/citations?user=yd58y_0AAAAJ"
    },
    {
      "name": "Xin Tan",
      "scholar_id": "UY4NCdcAAAAJ",
      "url": "https://scholar.google.com/citations?user=UY4NCdcAAAAJ"
    },
    {
      "name": "Yachao Zhang",
      "scholar_id": "a-I8c8EAAAAJ",
      "url": "https://scholar.google.com/citations?user=a-I8c8EAAAAJ"
    },
    {
      "name": "Jiangming Shi（施江鸣）",
      "scholar_id": "Go9q2jsAAAAJ",
      "url": "https://scholar.google.com/citations?user=Go9q2jsAAAAJ"
    },
    {
      "name": "Jingyu Gong",
      "scholar_id": "w4YcdsoAAAAJ",
      "url": "https://scholar.google.com/citations?user=w4YcdsoAAAAJ"
    },
    {
      "name": "Qi Tian (田奇), PhD, Fellow of ACM an...",
      "scholar_id": "61b6eYkAAAAJ",
      "url": "https://scholar.google.com/citations?user=61b6eYkAAAAJ"
    }
  ]
}