{
  "author_info": {
    "name": "Linjian Meng",
    "affiliation": "Nanjing University",
    "email_verified": "Verified email at smail.nju.edu.cn",
    "interests": [
      "Game Theory"
    ],
    "photo_url": "/citations/images/avatar_scholar_128.png"
  },
  "citation_stats": {
    "citations_all": 37,
    "citations_since_2020": 37,
    "h_index_all": 3,
    "h_index_since_2020": 3,
    "i10_index_all": 2,
    "i10_index_since_2020": 2,
    "citation_graph": [
      {
        "year": 2023,
        "citations": 2
      },
      {
        "year": 2024,
        "citations": 6
      },
      {
        "year": 2025,
        "citations": 29
      }
    ]
  },
  "papers": [
    {
      "title": "Asynchronous Predictive Counterfactual Regret Minimization Algorithm in Solving Extensive-Form Games",
      "url": "https://scholar.google.com/citations?view_op=view_citation&hl=en&user=a3m6zbsAAAAJ&citation_for_view=a3m6zbsAAAAJ:2osOgNQ5qMEC",
      "authors": "L Meng, Y Zhang, Z Ge, T Yang, Y Gao",
      "venue": "arXiv preprint arXiv:2503.12770, 2025",
      "year": 2025,
      "citations": 1
    },
    {
      "title": "Tree-Based Stochastic Optimization for Solving Large-Scale Urban Network Security Games",
      "url": "https://scholar.google.com/citations?view_op=view_citation&hl=en&user=a3m6zbsAAAAJ&citation_for_view=a3m6zbsAAAAJ:eQOLeE2rZwMC",
      "authors": "S Zhuang, L Meng, S Li, M Li, Y Zhang",
      "venue": "arXiv preprint arXiv:2511.10072, 2025",
      "year": 2025,
      "citations": 0
    },
    {
      "title": "Magnetic Preference Optimization: Achieving Last-iterate Convergence for Language Model Alignment",
      "url": "https://scholar.google.com/citations?view_op=view_citation&hl=en&user=a3m6zbsAAAAJ&citation_for_view=a3m6zbsAAAAJ:IjCSPb-OGe4C",
      "authors": "M Wang, C Ma, Q Chen, L Meng, Y Han, J Xiao, Z Zhang, J Huo, WJ Su, ...",
      "venue": "arXiv preprint arXiv:2410.16714, 2024",
      "year": 2024,
      "citations": 15
    },
    {
      "title": "An efficient deep reinforcement learning algorithm for solving imperfect information extensive-form games",
      "url": "https://scholar.google.com/citations?view_op=view_citation&hl=en&user=a3m6zbsAAAAJ&citation_for_view=a3m6zbsAAAAJ:9yKSN-GCB0IC",
      "authors": "L Meng, Z Ge, P Tian, B An, Y Gao",
      "venue": "Proceedings of the AAAI Conference on Artificial Intelligence 37 (5), 5823-5831, 2023",
      "year": 2023,
      "citations": 11
    },
    {
      "title": "Efficient Last-Iterate Convergence in Solving Extensive-Form Games",
      "url": "https://scholar.google.com/citations?view_op=view_citation&hl=en&user=a3m6zbsAAAAJ&citation_for_view=a3m6zbsAAAAJ:WF5omc3nYNoC",
      "authors": "L Meng, T Yang, Y Zhang, Z Ge, S Yang, T Ding, W Li, B An, Y Gao",
      "venue": "The Thirty-ninth Annual Conference on Neural Information Processing Systems, 0",
      "citations": 6
    },
    {
      "title": "Safe and Robust Subgame Exploitation in Imperfect Information Games",
      "url": "https://scholar.google.com/citations?view_op=view_citation&hl=en&user=a3m6zbsAAAAJ&citation_for_view=a3m6zbsAAAAJ:d1gkVwhDpl0C",
      "authors": "Z Ge, Z Xu, T Ding, L Meng, B An, W Li, Y Gao",
      "venue": "Forty-first International Conference on Machine Learning, 0",
      "citations": 3
    },
    {
      "title": "Reducing Variance of Stochastic Optimization for Approximating Nash Equilibria in Normal-Form Games",
      "url": "https://scholar.google.com/citations?view_op=view_citation&hl=en&user=a3m6zbsAAAAJ&citation_for_view=a3m6zbsAAAAJ:Y0pCki6q_DkC",
      "authors": "L Meng, W Chen, W Li, T Yang, Y Zhang, Y Gao",
      "venue": "Forty-second International Conference on Machine Learning, 0",
      "citations": 1
    },
    {
      "title": "Last-Iterate Convergence of Smooth Regret Matching Variants in Learning Nash Equilibria",
      "url": "https://scholar.google.com/citations?view_op=view_citation&hl=en&user=a3m6zbsAAAAJ&citation_for_view=a3m6zbsAAAAJ:qjMakFHDy7sC",
      "authors": "L Meng, Y Zhang, Z Ge, T Ding, S Yang, Z Xu, W Li, Y Gao",
      "venue": "",
      "citations": 0
    }
  ],
  "co_authors": []
}