{
  "author_info": {
    "name": "Simiao Lai",
    "affiliation": "Dalian University of Technology",
    "email_verified": "Verified email at mail.dlut.edu.cn",
    "interests": [
      "object tracking"
    ],
    "photo_url": "https://scholar.googleusercontent.com/citations?view_op=view_photo&user=_It52jkAAAAJ&citpid=1"
  },
  "citation_stats": {
    "citations_all": 612,
    "citations_since_2020": 612,
    "h_index_all": 7,
    "h_index_since_2020": 7,
    "i10_index_all": 6,
    "i10_index_since_2020": 6,
    "citation_graph": [
      {
        "year": 2021,
        "citations": 3
      },
      {
        "year": 2022,
        "citations": 9
      },
      {
        "year": 2023,
        "citations": 57
      },
      {
        "year": 2024,
        "citations": 211
      },
      {
        "year": 2025,
        "citations": 327
      }
    ]
  },
  "papers": [
    {
      "title": "Exploring enhanced contextual information for video-level object tracking",
      "url": "https://scholar.google.com/citations?view_op=view_citation&hl=en&user=_It52jkAAAAJ&citation_for_view=_It52jkAAAAJ:LkGwnXOMwfcC",
      "authors": "B Kang, X Chen, S Lai, Y Liu, Y Liu, D Wang",
      "venue": "Proceedings of the AAAI Conference on Artificial Intelligence 39 (4), 4194-4202, 2025",
      "year": 2025,
      "citations": 27
    },
    {
      "title": "Mambavt: Spatio-temporal contextual modeling for robust rgb-t tracking",
      "url": "https://scholar.google.com/citations?view_op=view_citation&hl=en&user=_It52jkAAAAJ&citation_for_view=_It52jkAAAAJ:_FxGoFyzp5QC",
      "authors": "S Lai, C Liu, J Zhu, B Kang, Y Liu, D Wang, H Lu",
      "venue": "IEEE Transactions on Circuits and Systems for Video Technology, 2025",
      "year": 2025,
      "citations": 18
    },
    {
      "title": "Motion-guided Visual Tracking",
      "url": "https://scholar.google.com/citations?view_op=view_citation&hl=en&user=_It52jkAAAAJ&citation_for_view=_It52jkAAAAJ:0EnyYjriUFMC",
      "authors": "P Zhang, S Lai, D Wang, H Lu",
      "venue": "Machine Intelligence Research, 1-16, 2025",
      "year": 2025,
      "citations": 0
    },
    {
      "title": "The Third Visual Object Tracking Segmentation VOTS2025 Challenge Results",
      "url": "https://scholar.google.com/citations?view_op=view_citation&hl=en&user=_It52jkAAAAJ&citation_for_view=_It52jkAAAAJ:hqOjcs7Dif8C",
      "authors": "M Kristan, J Matas, P Tokmakov, A Lukežič, M Felsberg, LČ Zajc, KT Tran, ...",
      "venue": "Proceedings of the IEEE/CVF International Conference on Computer Vision …, 2025",
      "year": 2025,
      "citations": 0
    },
    {
      "title": "Emtrack: Efficient multimodal object tracking",
      "url": "https://scholar.google.com/citations?view_op=view_citation&hl=en&user=_It52jkAAAAJ&citation_for_view=_It52jkAAAAJ:YsMSGLbcyi4C",
      "authors": "C Liu, Z Guan, S Lai, Y Liu, H Lu, D Wang",
      "venue": "IEEE Transactions on Circuits and Systems for Video Technology, 2024",
      "year": 2024,
      "citations": 10
    },
    {
      "title": "Refocus the attention for parameter-efficient thermal infrared object tracking",
      "url": "https://scholar.google.com/citations?view_op=view_citation&hl=en&user=_It52jkAAAAJ&citation_for_view=_It52jkAAAAJ:IjCSPb-OGe4C",
      "authors": "S Lai, C Liu, D Wang, H Lu",
      "venue": "IEEE Transactions on Neural Networks and Learning Systems, 2024",
      "year": 2024,
      "citations": 9
    },
    {
      "title": "The second visual object tracking segmentation VOTS2024 challenge results",
      "url": "https://scholar.google.com/citations?view_op=view_citation&hl=en&user=_It52jkAAAAJ&citation_for_view=_It52jkAAAAJ:Se3iqnhoufwC",
      "authors": "M Kristan, J Matas, P Tokmakov, M Felsberg, LČ Zajc, A Lukežič, KT Tran, ...",
      "venue": "European Conference on Computer Vision, 357-383, 2024",
      "year": 2024,
      "citations": 6
    },
    {
      "title": "Depthrefiner: adapting RGB trackers to RGBD scenes via depth-fused refinement",
      "url": "https://scholar.google.com/citations?view_op=view_citation&hl=en&user=_It52jkAAAAJ&citation_for_view=_It52jkAAAAJ:zYLM7Y9cAGgC",
      "authors": "S Lai, D Wang, H Lu",
      "venue": "2024 IEEE International Conference on Multimedia and Expo (ICME), 1-6, 2024",
      "year": 2024,
      "citations": 3
    },
    {
      "title": "Visual Prompt with Larger Model for Multi-modal Tracking",
      "url": "https://scholar.google.com/citations?view_op=view_citation&hl=en&user=_It52jkAAAAJ&citation_for_view=_It52jkAAAAJ:UebtZRa9Y70C",
      "authors": "S Lai, Y Wei, D Wang, H Lu",
      "venue": "International Conference on Pattern Recognition, 274-283, 2024",
      "year": 2024,
      "citations": 0
    },
    {
      "title": "Visual prompt multi-modal tracking",
      "url": "https://scholar.google.com/citations?view_op=view_citation&hl=en&user=_It52jkAAAAJ&citation_for_view=_It52jkAAAAJ:9yKSN-GCB0IC",
      "authors": "J Zhu, S Lai, X Chen, D Wang, H Lu",
      "venue": "Proceedings of the IEEE/CVF conference on computer vision and pattern …, 2023",
      "year": 2023,
      "citations": 391
    },
    {
      "title": "The tenth visual object tracking vot2022 challenge results",
      "url": "https://scholar.google.com/citations?view_op=view_citation&hl=en&user=_It52jkAAAAJ&citation_for_view=_It52jkAAAAJ:2osOgNQ5qMEC",
      "authors": "M Kristan, A Leonardis, J Matas, M Felsberg, R Pflugfelder, ...",
      "venue": "European Conference on Computer Vision, 431-460, 2022",
      "year": 2022,
      "citations": 120
    },
    {
      "title": "VisDrone-SOT2020: The vision meets drone single object tracking challenge results",
      "url": "https://scholar.google.com/citations?view_op=view_citation&hl=en&user=_It52jkAAAAJ&citation_for_view=_It52jkAAAAJ:qjMakFHDy7sC",
      "authors": "H Fan, L Wen, D Du, P Zhu, Q Hu, H Ling, M Shah, B Wang, B Dong, ...",
      "venue": "European conference on computer vision, 728-749, 2020",
      "year": 2020,
      "citations": 26
    },
    {
      "title": "Research status and prospect of face expression recognition",
      "url": "https://scholar.google.com/citations?view_op=view_citation&hl=en&user=_It52jkAAAAJ&citation_for_view=_It52jkAAAAJ:u5HHmVD_uO8C",
      "authors": "SUN Yu, PAN Zhangchao",
      "venue": "2019 Chinese Control And Decision Conference (CCDC), 640-646, 2019",
      "year": 2019,
      "citations": 2
    }
  ],
  "co_authors": []
}