{
  "author_info": {
    "name": "TaiMing Lu",
    "affiliation": "Princeton University, Johns Hopkins University",
    "email_verified": "Verified email at princeton.edu - Homepage",
    "website": "http://taiminglu.com/",
    "interests": [
      "Machine Learning",
      "Natural Language Processing",
      "Computer Vision",
      "Artificial Intelligence"
    ],
    "photo_url": "https://scholar.googleusercontent.com/citations?view_op=view_photo&user=cEVHjI0AAAAJ&citpid=3"
  },
  "citation_stats": {
    "citations_all": 70,
    "citations_since_2020": 70,
    "h_index_all": 4,
    "h_index_since_2020": 4,
    "i10_index_all": 2,
    "i10_index_since_2020": 2,
    "citation_graph": [
      {
        "year": 2024,
        "citations": 3
      },
      {
        "year": 2025,
        "citations": 67
      }
    ]
  },
  "papers": [
    {
      "title": "World-in-World: World Models in a Closed-Loop World",
      "url": "https://scholar.google.com/citations?view_op=view_citation&hl=en&user=cEVHjI0AAAAJ&citation_for_view=cEVHjI0AAAAJ:LkGwnXOMwfcC",
      "authors": "J Zhang*, M Jiang*, N Dai, T Lu, A Uzunoglu, S Zhang, Y Wei, J Wang, ...",
      "venue": "preprint, 2025",
      "year": 2025,
      "citations": 1
    },
    {
      "title": "EvoWorld: Evolving Panoramic World Generation with Explicit 3D Memory",
      "url": "https://scholar.google.com/citations?view_op=view_citation&hl=en&user=cEVHjI0AAAAJ&citation_for_view=cEVHjI0AAAAJ:_FxGoFyzp5QC",
      "authors": "J Wang*, L Ye*, T Lu, J Xiao, J Zhang, Y Guo, X Liu, R Chellappa, C Peng, ...",
      "venue": "preprint, 2025",
      "year": 2025,
      "citations": 0
    },
    {
      "title": "Insights into LLM Long-Context Failures: When Transformers Know but Don't Tell",
      "url": "https://scholar.google.com/citations?view_op=view_citation&hl=en&user=cEVHjI0AAAAJ&citation_for_view=cEVHjI0AAAAJ:d1gkVwhDpl0C",
      "authors": "T Lu, M Gao, K Yu, A Byerly, D Khashabi",
      "venue": "EMNLP 2024 (Findings), 2024",
      "year": 2024,
      "citations": 35
    },
    {
      "title": "Genex: Generating an explorable world",
      "url": "https://scholar.google.com/citations?view_op=view_citation&hl=en&user=cEVHjI0AAAAJ&citation_for_view=cEVHjI0AAAAJ:WF5omc3nYNoC",
      "authors": "T Lu, T Shu, J Xiao, L Ye, J Wang, C Peng, C Wei, D Khashabi, ...",
      "venue": "ICLR 2025, 2024",
      "year": 2024,
      "citations": 23
    },
    {
      "title": "Learn and Unlearn: Addressing Misinformation in Multilingual LLMs",
      "url": "https://scholar.google.com/citations?view_op=view_citation&hl=en&user=cEVHjI0AAAAJ&citation_for_view=cEVHjI0AAAAJ:u-x6o8ySG0sC",
      "authors": "T Lu, P Koehn",
      "venue": "EMNLP 2025, 2024",
      "year": 2024,
      "citations": 7
    },
    {
      "title": "It Takes Two: On the Seamlessness between Reward and Policy Model in RLHF",
      "url": "https://scholar.google.com/citations?view_op=view_citation&hl=en&user=cEVHjI0AAAAJ&citation_for_view=cEVHjI0AAAAJ:u5HHmVD_uO8C",
      "authors": "T Lu, L Shen, X Yang, W Tan, B Chen, H Yao",
      "venue": "ICML 2024 FM-Wild Workshop, 2024",
      "year": 2024,
      "citations": 4
    }
  ],
  "co_authors": [
    {
      "name": "Daniel Khashabi",
      "scholar_id": "pK2kQvgAAAAJ",
      "url": "https://scholar.google.com/citations?user=pK2kQvgAAAAJ"
    },
    {
      "name": "Jieneng Chen",
      "scholar_id": "yLYj88sAAAAJ",
      "url": "https://scholar.google.com/citations?user=yLYj88sAAAAJ"
    },
    {
      "name": "Alan Yuille",
      "scholar_id": "FJ-huxgAAAAJ",
      "url": "https://scholar.google.com/citations?user=FJ-huxgAAAAJ"
    },
    {
      "name": "Tianmin Shu",
      "scholar_id": "YT_ffdwAAAAJ",
      "url": "https://scholar.google.com/citations?user=YT_ffdwAAAAJ"
    },
    {
      "name": "Muhan Gao",
      "scholar_id": "C1H1kE8AAAAJ",
      "url": "https://scholar.google.com/citations?user=C1H1kE8AAAAJ"
    },
    {
      "name": "Kuai Yu",
      "scholar_id": "2XsETZgAAAAJ",
      "url": "https://scholar.google.com/citations?user=2XsETZgAAAAJ"
    },
    {
      "name": "Rama Chellappa",
      "scholar_id": "L60tuywAAAAJ",
      "url": "https://scholar.google.com/citations?user=L60tuywAAAAJ"
    },
    {
      "name": "Cheng Peng",
      "scholar_id": "HiQ4T3wAAAAJ",
      "url": "https://scholar.google.com/citations?user=HiQ4T3wAAAAJ"
    },
    {
      "name": "Philipp Koehn",
      "scholar_id": "OsIZgIYAAAAJ",
      "url": "https://scholar.google.com/citations?user=OsIZgIYAAAAJ"
    },
    {
      "name": "Chen Wei",
      "scholar_id": "LHQGpBUAAAAJ",
      "url": "https://scholar.google.com/citations?user=LHQGpBUAAAAJ"
    },
    {
      "name": "Lingfeng Shen",
      "scholar_id": "PoSTdLAAAAAJ",
      "url": "https://scholar.google.com/citations?user=PoSTdLAAAAAJ"
    },
    {
      "name": "Beidi Chen",
      "scholar_id": "jCNJhFcAAAAJ",
      "url": "https://scholar.google.com/citations?user=jCNJhFcAAAAJ"
    },
    {
      "name": "Huaxiu Yao",
      "scholar_id": "A20BZnQAAAAJ",
      "url": "https://scholar.google.com/citations?user=A20BZnQAAAAJ"
    }
  ]
}