{
  "author_info": {
    "name": "Baixu Chen",
    "affiliation": "Master Student, Tsinghua University",
    "email_verified": "Verified email at mails.tsinghua.edu.cn",
    "interests": [
      "machine learning",
      "deep Learning"
    ],
    "photo_url": "https://scholar.googleusercontent.com/citations?view_op=view_photo&user=VHYmqSYAAAAJ&citpid=3"
  },
  "citation_stats": {
    "citations_all": 518,
    "citations_since_2020": 518,
    "h_index_all": 8,
    "h_index_since_2020": 8,
    "i10_index_all": 7,
    "i10_index_since_2020": 7,
    "citation_graph": [
      {
        "year": 2021,
        "citations": 19
      },
      {
        "year": 2022,
        "citations": 41
      },
      {
        "year": 2023,
        "citations": 98
      },
      {
        "year": 2024,
        "citations": 158
      },
      {
        "year": 2025,
        "citations": 199
      }
    ]
  },
  "papers": [
    {
      "title": "Dynamical diffusion: Learning temporal dynamics with diffusion models",
      "url": "https://scholar.google.com/citations?view_op=view_citation&hl=en&user=VHYmqSYAAAAJ&citation_for_view=VHYmqSYAAAAJ:YsMSGLbcyi4C",
      "authors": "X Guo, Y Zhang, B Chen, H Xu, J Wang, M Long",
      "venue": "arXiv preprint arXiv:2503.00951, 2025",
      "year": 2025,
      "citations": 6
    },
    {
      "title": "Long-Sequence Recommendation Models Need Decoupled Embeddings",
      "url": "https://scholar.google.com/citations?view_op=view_citation&hl=en&user=VHYmqSYAAAAJ&citation_for_view=VHYmqSYAAAAJ:W7OEmFMy1HYC",
      "authors": "N Feng, J Pan, J Wu, B Chen, X Wang, Q Li, X Hu, J Jiang, M Long",
      "venue": "arXiv preprint arXiv:2410.02604, 2024",
      "year": 2024,
      "citations": 9
    },
    {
      "title": "Forkmerge: Mitigating negative transfer in auxiliary-task learning",
      "url": "https://scholar.google.com/citations?view_op=view_citation&hl=en&user=VHYmqSYAAAAJ&citation_for_view=VHYmqSYAAAAJ:Tyk-4Ss8FVUC",
      "authors": "J Jiang, B Chen, J Pan, X Wang, D Liu, J Jiang, M Long",
      "venue": "Advances in neural information processing systems 36, 30367-30389, 2023",
      "year": 2023,
      "citations": 44
    },
    {
      "title": "On the embedding collapse when scaling up recommendation models",
      "url": "https://scholar.google.com/citations?view_op=view_citation&hl=en&user=VHYmqSYAAAAJ&citation_for_view=VHYmqSYAAAAJ:UeHWp8X0CEIC",
      "authors": "X Guo, J Pan, X Wang, B Chen, J Jiang, M Long",
      "venue": "arXiv preprint arXiv:2310.04400, 2023",
      "year": 2023,
      "citations": 44
    },
    {
      "title": "Forkmerge: Overcoming negative transfer in multi-task learning",
      "url": "https://scholar.google.com/citations?view_op=view_citation&hl=en&user=VHYmqSYAAAAJ&citation_for_view=VHYmqSYAAAAJ:9yKSN-GCB0IC",
      "authors": "J Jiang, B Chen, J Pan, X Wang, L Dapeng, J Jiang, M Long",
      "venue": "arXiv preprint arXiv 2301, 5, 2023",
      "year": 2023,
      "citations": 8
    },
    {
      "title": "Debiased self-training for semi-supervised learning",
      "url": "https://scholar.google.com/citations?view_op=view_citation&hl=en&user=VHYmqSYAAAAJ&citation_for_view=VHYmqSYAAAAJ:2osOgNQ5qMEC",
      "authors": "B Chen, J Jiang, X Wang, P Wan, J Wang, M Long",
      "venue": "Advances in Neural Information Processing Systems 35, 32424-32437, 2022",
      "year": 2022,
      "citations": 175
    },
    {
      "title": "Debiased pseudo labeling in self-training",
      "url": "https://scholar.google.com/citations?view_op=view_citation&hl=en&user=VHYmqSYAAAAJ&citation_for_view=VHYmqSYAAAAJ:zYLM7Y9cAGgC",
      "authors": "B Chen, J Jiang, X Wang, J Wang, M Long",
      "venue": "arXiv preprint arXiv:2202.07136 1, 2022",
      "year": 2022,
      "citations": 20
    },
    {
      "title": "Decoupled adaptation for cross-domain object detection",
      "url": "https://scholar.google.com/citations?view_op=view_citation&hl=en&user=VHYmqSYAAAAJ&citation_for_view=VHYmqSYAAAAJ:IjCSPb-OGe4C",
      "authors": "J Jiang, B Chen, J Wang, M Long",
      "venue": "arXiv preprint arXiv:2110.02578, 2021",
      "year": 2021,
      "citations": 110
    },
    {
      "title": "Transfer-learning-library",
      "url": "https://scholar.google.com/citations?view_op=view_citation&hl=en&user=VHYmqSYAAAAJ&citation_for_view=VHYmqSYAAAAJ:qjMakFHDy7sC",
      "authors": "J Jiang, B Chen, B Fu, M Long",
      "venue": "URL https://github. com/thuml/Transfer-Learning-Library, 2020",
      "year": 2020,
      "citations": 91
    },
    {
      "title": "Transfer-learning-library (2020)",
      "url": "https://scholar.google.com/citations?view_op=view_citation&hl=en&user=VHYmqSYAAAAJ&citation_for_view=VHYmqSYAAAAJ:Y0pCki6q_DkC",
      "authors": "J Jiang, B Chen, B Fu, M Long",
      "venue": "URL: https://github. com/thuml/Transfer-Learning-Library, 0",
      "citations": 11
    }
  ],
  "co_authors": [
    {
      "name": "Mingsheng Long",
      "scholar_id": "_MjXpXkAAAAJ",
      "url": "https://scholar.google.com/citations?user=_MjXpXkAAAAJ"
    },
    {
      "name": "Junguang Jiang",
      "scholar_id": "dXS9TPUAAAAJ",
      "url": "https://scholar.google.com/citations?user=dXS9TPUAAAAJ"
    },
    {
      "name": "Ximei Wang",
      "scholar_id": "WmOCCVgAAAAJ",
      "url": "https://scholar.google.com/citations?user=WmOCCVgAAAAJ"
    },
    {
      "name": "Jianmin Wang",
      "scholar_id": "MiovcboAAAAJ",
      "url": "https://scholar.google.com/citations?user=MiovcboAAAAJ"
    },
    {
      "name": "Junwei Pan",
      "scholar_id": "sUaBkFkAAAAJ",
      "url": "https://scholar.google.com/citations?user=sUaBkFkAAAAJ"
    },
    {
      "name": "Pengfei Wan",
      "scholar_id": "P6MraaYAAAAJ",
      "url": "https://scholar.google.com/citations?user=P6MraaYAAAAJ"
    },
    {
      "name": "Xingzhuo Guo",
      "scholar_id": "Cbinj9QAAAAJ",
      "url": "https://scholar.google.com/citations?user=Cbinj9QAAAAJ"
    }
  ]
}