{
  "author_info": {
    "name": "Haipeng Xiong",
    "affiliation": "National University of Singapore",
    "email_verified": "Verified email at comp.nus.edu.sg - Homepage",
    "website": "https://xhp-hust-2018-2011.github.io/index.html",
    "interests": [
      "Math Modeling",
      "Interpretable models"
    ],
    "photo_url": "https://scholar.googleusercontent.com/citations?view_op=view_photo&user=AEW8GxcAAAAJ&citpid=4"
  },
  "citation_stats": {
    "citations_all": 859,
    "citations_since_2020": 858,
    "h_index_all": 10,
    "h_index_since_2020": 10,
    "i10_index_all": 11,
    "i10_index_since_2020": 11,
    "citation_graph": [
      {
        "year": 2020,
        "citations": 55
      },
      {
        "year": 2021,
        "citations": 123
      },
      {
        "year": 2022,
        "citations": 166
      },
      {
        "year": 2023,
        "citations": 165
      },
      {
        "year": 2024,
        "citations": 187
      },
      {
        "year": 2025,
        "citations": 156
      }
    ]
  },
  "papers": [
    {
      "title": "Diagnosing Pretrained Models for Out-of-distribution Detection",
      "url": "https://scholar.google.com/citations?view_op=view_citation&hl=en&user=AEW8GxcAAAAJ&citation_for_view=AEW8GxcAAAAJ:UxriW0iASnsC",
      "authors": "H Xiong, K Xu, A Yao",
      "venue": "Proceedings of the IEEE/CVF International Conference on Computer Vision …, 2025",
      "year": 2025,
      "citations": 0
    },
    {
      "title": "Deep Imbalanced Regression via Hierarchical Classification Adjustment",
      "url": "https://scholar.google.com/citations?view_op=view_citation&hl=en&user=AEW8GxcAAAAJ&citation_for_view=AEW8GxcAAAAJ:dshw04ExmUIC",
      "authors": "H Xiong, A Yao",
      "venue": "Proceedings of the IEEE/CVF Conference on Computer Vision and Pattern …, 2024",
      "year": 2024,
      "citations": 10
    },
    {
      "title": "Rice Plant Counting, Locating, and Sizing Method Based on High-Throughput UAV RGB Images",
      "url": "https://scholar.google.com/citations?view_op=view_citation&hl=en&user=AEW8GxcAAAAJ&citation_for_view=AEW8GxcAAAAJ:P5F9QuxV20EC",
      "authors": "X Bai, P Liu, Z Cao, H Lu, H Xiong, A Yang, Z Cai, J Wang, J Yao",
      "venue": "Plant Phenomics 5, 0020, 2023",
      "year": 2023,
      "citations": 66
    },
    {
      "title": "From open set to closed set: Supervised spatial divide-and-conquer for object counting",
      "url": "https://scholar.google.com/citations?view_op=view_citation&hl=en&user=AEW8GxcAAAAJ&citation_for_view=AEW8GxcAAAAJ:4OULZ7Gr8RgC",
      "authors": "H Xiong, H Lu, C Liu, L Liu, C Shen, Z Cao",
      "venue": "International Journal of Computer Vision 131 (7), 1722-1740, 2023",
      "year": 2023,
      "citations": 24
    },
    {
      "title": "Discrete-constrained regression for local counting models",
      "url": "https://scholar.google.com/citations?view_op=view_citation&hl=en&user=AEW8GxcAAAAJ&citation_for_view=AEW8GxcAAAAJ:1sJd4Hv_s6UC",
      "authors": "H Xiong, A Yao",
      "venue": "European Conference on Computer Vision, 621-636, 2022",
      "year": 2022,
      "citations": 28
    },
    {
      "title": "Decoupled Two-Stage Crowd Counting and Beyond",
      "url": "https://scholar.google.com/citations?view_op=view_citation&hl=en&user=AEW8GxcAAAAJ&citation_for_view=AEW8GxcAAAAJ:D03iK_w7-QYC",
      "authors": "J Cheng, H Xiong, Z Cao, H Lu",
      "venue": "IEEE Transactions on Image Processing 30, 2862-2875, 2021",
      "year": 2021,
      "citations": 107
    },
    {
      "title": "Weighing counts: Sequential crowd counting by reinforcement learning",
      "url": "https://scholar.google.com/citations?view_op=view_citation&hl=en&user=AEW8GxcAAAAJ&citation_for_view=AEW8GxcAAAAJ:yD5IFk8b50cC",
      "authors": "L Liu, H Lu, H Zou, H Xiong, Z Cao, C Shen",
      "venue": "Computer Vision–ECCV 2020: 16th European Conference, Glasgow, UK, August 23 …, 2020",
      "year": 2020,
      "citations": 103
    },
    {
      "title": "Sparse-to-dense depth completion revisited: Sampling strategy and graph construction",
      "url": "https://scholar.google.com/citations?view_op=view_citation&hl=en&user=AEW8GxcAAAAJ&citation_for_view=AEW8GxcAAAAJ:cFHS6HbyZ2cC",
      "authors": "X Xiong, H Xiong, K Xian, C Zhao, Z Cao, X Li",
      "venue": "Computer Vision–ECCV 2020: 16th European Conference, Glasgow, UK, August 23 …, 2020",
      "year": 2020,
      "citations": 48
    },
    {
      "title": "NSSNet: Scale-Aware Object Counting With Non-Scale Suppression",
      "url": "https://scholar.google.com/citations?view_op=view_citation&hl=en&user=AEW8GxcAAAAJ&citation_for_view=AEW8GxcAAAAJ:a0OBvERweLwC",
      "authors": "L Liu, Z Cao, H Lu, H Xiong, C Shen",
      "venue": "IEEE Transactions on Intelligent Transportation Systems 23 (4), 3103-3114, 2020",
      "year": 2020,
      "citations": 16
    },
    {
      "title": "From open set to closed set: Counting objects by spatial divide-and-conquer",
      "url": "https://scholar.google.com/citations?view_op=view_citation&hl=en&user=AEW8GxcAAAAJ&citation_for_view=AEW8GxcAAAAJ:u-x6o8ySG0sC",
      "authors": "H Xiong, H Lu, C Liu, L Liu, Z Cao, C Shen",
      "venue": "Proceedings of the IEEE/CVF International Conference on Computer Vision …, 2019",
      "year": 2019,
      "citations": 223
    },
    {
      "title": "TasselNetv2: in-field counting of wheat spikes with context-augmented local regression networks",
      "url": "https://scholar.google.com/citations?view_op=view_citation&hl=en&user=AEW8GxcAAAAJ&citation_for_view=AEW8GxcAAAAJ:2osOgNQ5qMEC",
      "authors": "H Xiong, Z Cao, H Lu, S Madec, L Liu, C Shen",
      "venue": "Plant methods 15 (1), 150, 2019",
      "year": 2019,
      "citations": 155
    },
    {
      "title": "Counting objects by blockwise classification",
      "url": "https://scholar.google.com/citations?view_op=view_citation&hl=en&user=AEW8GxcAAAAJ&citation_for_view=AEW8GxcAAAAJ:u5HHmVD_uO8C",
      "authors": "L Liu, H Lu, H Xiong, K Xian, Z Cao, C Shen",
      "venue": "IEEE Transactions on Circuits and Systems for Video Technology 30 (10), 3513 …, 2019",
      "year": 2019,
      "citations": 79
    },
    {
      "title": "Discrete-Constrained Regression for Local Counting Models—Supplementary Materials",
      "url": "https://scholar.google.com/citations?view_op=view_citation&hl=en&user=AEW8GxcAAAAJ&citation_for_view=AEW8GxcAAAAJ:CHSYGLWDkRkC",
      "authors": "H Xiong, A Yao",
      "venue": "",
      "citations": 0
    },
    {
      "title": "TasselNetv2: in-field counting of wheat spikes with context-augmented local regression networks—Supplementary Materials",
      "url": "https://scholar.google.com/citations?view_op=view_citation&hl=en&user=AEW8GxcAAAAJ&citation_for_view=AEW8GxcAAAAJ:dfsIfKJdRG4C",
      "authors": "H Xiong, Z Cao, H Lu, S Madec, L Liu, C Shen",
      "venue": "",
      "citations": 0
    },
    {
      "title": "From Open Set to Closed Set: Counting Objects by Spatial Divide-and-Conquer Supplementary Materials",
      "url": "https://scholar.google.com/citations?view_op=view_citation&hl=en&user=AEW8GxcAAAAJ&citation_for_view=AEW8GxcAAAAJ:d1gkVwhDpl0C",
      "authors": "H Xiong, H Lu, C Liu, L Liu, Z Cao, C Shen",
      "venue": "",
      "citations": 0
    }
  ],
  "co_authors": [
    {
      "name": "Zhiguo Cao",
      "scholar_id": "396o2BAAAAAJ",
      "url": "https://scholar.google.com/citations?user=396o2BAAAAAJ"
    },
    {
      "name": "Hao Lu",
      "scholar_id": "Ly2qWWgAAAAJ",
      "url": "https://scholar.google.com/citations?user=Ly2qWWgAAAAJ"
    },
    {
      "name": "LIU LIANG",
      "scholar_id": "pO4f39IAAAAJ",
      "url": "https://scholar.google.com/citations?user=pO4f39IAAAAJ"
    },
    {
      "name": "Chunhua Shen",
      "scholar_id": "Ljk2BvIAAAAJ",
      "url": "https://scholar.google.com/citations?user=Ljk2BvIAAAAJ"
    },
    {
      "name": "Simon Madec",
      "scholar_id": "tRQI7j4AAAAJ",
      "url": "https://scholar.google.com/citations?user=tRQI7j4AAAAJ"
    },
    {
      "name": "Ke Xian",
      "scholar_id": "UbK_AGwAAAAJ",
      "url": "https://scholar.google.com/citations?user=UbK_AGwAAAAJ"
    },
    {
      "name": "Angela Yao",
      "scholar_id": "-LJCZMMAAAAJ",
      "url": "https://scholar.google.com/citations?user=-LJCZMMAAAAJ"
    },
    {
      "name": "Hongwei Zou",
      "scholar_id": "HwWeTZQAAAAJ",
      "url": "https://scholar.google.com/citations?user=HwWeTZQAAAAJ"
    },
    {
      "name": "Xin Li",
      "scholar_id": "gMBvzGoAAAAJ",
      "url": "https://scholar.google.com/citations?user=gMBvzGoAAAAJ"
    },
    {
      "name": "Chen Zhao",
      "scholar_id": "2YYsi40AAAAJ",
      "url": "https://scholar.google.com/citations?user=2YYsi40AAAAJ"
    },
    {
      "name": "Xin Xiong",
      "scholar_id": "gZHMh9QAAAAJ",
      "url": "https://scholar.google.com/citations?user=gZHMh9QAAAAJ"
    },
    {
      "name": "Chengxin Liu",
      "scholar_id": "rGAt19wAAAAJ",
      "url": "https://scholar.google.com/citations?user=rGAt19wAAAAJ"
    }
  ]
}