{
  "author_info": {
    "name": "Jingcheng Deng",
    "affiliation": "Institute of Computing Technology, Chinese Academy of Sciences",
    "email_verified": "Verified email at ict.ac.cn",
    "interests": [
      "Retrieval-Augmented Model",
      "LLM Multi-Agent"
    ],
    "photo_url": "https://scholar.googleusercontent.com/citations?view_op=view_photo&user=JBkt6EYAAAAJ&citpid=6"
  },
  "citation_stats": {
    "citations_all": 144,
    "citations_since_2020": 144,
    "h_index_all": 7,
    "h_index_since_2020": 7,
    "i10_index_all": 6,
    "i10_index_since_2020": 6,
    "citation_graph": [
      {
        "year": 2022,
        "citations": 2
      },
      {
        "year": 2023,
        "citations": 5
      },
      {
        "year": 2024,
        "citations": 41
      },
      {
        "year": 2025,
        "citations": 96
      }
    ]
  },
  "papers": [
    {
      "title": "Following the autoregressive nature of llm embeddings via compression and alignment",
      "url": "https://scholar.google.com/citations?view_op=view_citation&hl=en&user=JBkt6EYAAAAJ&citation_for_view=JBkt6EYAAAAJ:Y0pCki6q_DkC",
      "authors": "J Deng, Z Jiang, L Pang, L Chen, K Xu, Z Wei, H Shen, X Cheng",
      "venue": "EMNLP 2025 Main, 2025",
      "year": 2025,
      "citations": 8
    },
    {
      "title": "Distilling the Implicit Multi-Branch Structure in LLMs' Reasoning via Reinforcement Learning",
      "url": "https://scholar.google.com/citations?view_op=view_citation&hl=en&user=JBkt6EYAAAAJ&citation_for_view=JBkt6EYAAAAJ:eQOLeE2rZwMC",
      "authors": "S Xu, L Pang, Y Zhu, J Gu, Z Wei, J Deng, F Pan, H Shen, X Cheng",
      "venue": "AAAI 2026, 2025",
      "year": 2025,
      "citations": 2
    },
    {
      "title": "FlightGPT: Towards Generalizable and Interpretable UAV Vision-and-Language Navigation with Vision-Language Models",
      "url": "https://scholar.google.com/citations?view_op=view_citation&hl=en&user=JBkt6EYAAAAJ&citation_for_view=JBkt6EYAAAAJ:WF5omc3nYNoC",
      "authors": "H Cai, J Dong, J Tan, J Deng, S Li, Z Gao, H Wang, Z Su, A Sumalee, ...",
      "venue": "EMNLP 2025 Main, 2025",
      "year": 2025,
      "citations": 2
    },
    {
      "title": "Stop spinning wheels: Mitigating llm overthinking via mining patterns for early reasoning exit",
      "url": "https://scholar.google.com/citations?view_op=view_citation&hl=en&user=JBkt6EYAAAAJ&citation_for_view=JBkt6EYAAAAJ:LkGwnXOMwfcC",
      "authors": "Z Wei, L Pang, J Liu, J Deng, S Xu, Z Duan, J Wang, F Sun, X Cai, H Shen, ...",
      "venue": "arXiv preprint arXiv:2508.17627, 2025",
      "year": 2025,
      "citations": 1
    },
    {
      "title": "Latent Reasoning in LLMs as a Vocabulary-Space Superposition",
      "url": "https://scholar.google.com/citations?view_op=view_citation&hl=en&user=JBkt6EYAAAAJ&citation_for_view=JBkt6EYAAAAJ:Se3iqnhoufwC",
      "authors": "J Deng, L Pang, Z Wei, S Xu, Z Duan, K Xu, Y Song, H Shen, X Cheng",
      "venue": "arXiv preprint arXiv:2510.15522, 2025",
      "year": 2025,
      "citations": 0
    },
    {
      "title": "SA-GCS: Semantic-Aware Gaussian Curriculum Scheduling for UAV Vision-Language Navigation",
      "url": "https://scholar.google.com/citations?view_op=view_citation&hl=en&user=JBkt6EYAAAAJ&citation_for_view=JBkt6EYAAAAJ:_FxGoFyzp5QC",
      "authors": "H Cai, J Dong, Y Rao, J Deng, J Tan, Q Chen, H Wang, Z Wang, S Huang, ...",
      "venue": "arXiv preprint arXiv:2508.00390, 2025",
      "year": 2025,
      "citations": 0
    },
    {
      "title": "Everything is Editable: Extend Knowledge Editing to Unstructured Data in Large Language Models",
      "url": "https://scholar.google.com/citations?view_op=view_citation&hl=en&user=JBkt6EYAAAAJ&citation_for_view=JBkt6EYAAAAJ:zYLM7Y9cAGgC",
      "authors": "J Deng*, Z Wei*, L Pang, H Ding, H Shen, X Cheng",
      "venue": "ICLR 2025, 2024",
      "year": 2024,
      "citations": 34
    },
    {
      "title": "MLaKE: Multilingual Knowledge Editing Benchmark for Large Language Models",
      "url": "https://scholar.google.com/citations?view_op=view_citation&hl=en&user=JBkt6EYAAAAJ&citation_for_view=JBkt6EYAAAAJ:IjCSPb-OGe4C",
      "authors": "Z Wei*, J Deng*, L Pang, H Ding, H Shen, X Cheng",
      "venue": "COLING 2025, 2024",
      "year": 2024,
      "citations": 24
    },
    {
      "title": "Stable knowledge editing in large language models",
      "url": "https://scholar.google.com/citations?view_op=view_citation&hl=en&user=JBkt6EYAAAAJ&citation_for_view=JBkt6EYAAAAJ:UeHWp8X0CEIC",
      "authors": "Z Wei, L Pang, H Ding, J Deng, H Shen, X Cheng",
      "venue": "arXiv preprint arXiv:2402.13048, 2024",
      "year": 2024,
      "citations": 12
    },
    {
      "title": "Ai-generated images introduce invisible relevance bias to text-image retrieval",
      "url": "https://scholar.google.com/citations?view_op=view_citation&hl=en&user=JBkt6EYAAAAJ&citation_for_view=JBkt6EYAAAAJ:qjMakFHDy7sC",
      "authors": "S Xu, D Hou, L Pang, J Deng, J Xu, H Shen, X Cheng",
      "venue": "SIGIR 2024, 2023",
      "year": 2023,
      "citations": 26
    },
    {
      "title": "RegaVAE: A Retrieval-Augmented Gaussian Mixture Variational Auto-Encoder for Language Modeling",
      "url": "https://scholar.google.com/citations?view_op=view_citation&hl=en&user=JBkt6EYAAAAJ&citation_for_view=JBkt6EYAAAAJ:9yKSN-GCB0IC",
      "authors": "J Deng, L Pang, H Shen, X Cheng",
      "venue": "Findings of EMNLP2023, 2023",
      "year": 2023,
      "citations": 15
    },
    {
      "title": "Gesture recognition system based on ultrasonic FMCW and ConvLSTM model",
      "url": "https://scholar.google.com/citations?view_op=view_citation&hl=en&user=JBkt6EYAAAAJ&citation_for_view=JBkt6EYAAAAJ:u-x6o8ySG0sC",
      "authors": "F Kong, J Deng, Z Fan",
      "venue": "Measurement 190, 110743, 2022",
      "year": 2022,
      "citations": 19
    },
    {
      "title": "IRRGN: An Implicit Relational Reasoning Graph Network for Multi-turn Response Selection",
      "url": "https://scholar.google.com/citations?view_op=view_citation&hl=en&user=JBkt6EYAAAAJ&citation_for_view=JBkt6EYAAAAJ:d1gkVwhDpl0C",
      "authors": "J Deng, H Dai, X Guo, Y Ju, W Peng",
      "venue": "EMNLP 2022 Main, 2022",
      "year": 2022,
      "citations": 1
    }
  ],
  "co_authors": [
    {
      "name": "Liang Pang",
      "scholar_id": "1dgQHBkAAAAJ",
      "url": "https://scholar.google.com/citations?user=1dgQHBkAAAAJ"
    },
    {
      "name": "Zihao Wei",
      "scholar_id": "cYUdH_4AAAAJ",
      "url": "https://scholar.google.com/citations?user=cYUdH_4AAAAJ"
    },
    {
      "name": "Hanxing Ding",
      "scholar_id": "Gvfnq7QAAAAJ",
      "url": "https://scholar.google.com/citations?user=Gvfnq7QAAAAJ"
    },
    {
      "name": "Shicheng Xu",
      "scholar_id": "uptyEfEAAAAJ",
      "url": "https://scholar.google.com/citations?user=uptyEfEAAAAJ"
    }
  ]
}