{
  "author_info": {
    "name": "Hao Zhang",
    "affiliation": "Xidian University",
    "email_verified": "Verified email at xidian.edu.cn - Homepage",
    "website": "https://haozhangxidian.github.io/",
    "interests": [
      "Probabilistic models and their applications with deep learning"
    ],
    "photo_url": "https://scholar.googleusercontent.com/citations?view_op=view_photo&user=Eo8e5icAAAAJ&citpid=1"
  },
  "citation_stats": {
    "citations_all": 1786,
    "citations_since_2020": 1732,
    "h_index_all": 22,
    "h_index_since_2020": 21,
    "i10_index_all": 31,
    "i10_index_since_2020": 30,
    "citation_graph": [
      {
        "year": 2018,
        "citations": 18
      },
      {
        "year": 2019,
        "citations": 28
      },
      {
        "year": 2020,
        "citations": 66
      },
      {
        "year": 2021,
        "citations": 144
      },
      {
        "year": 2022,
        "citations": 213
      },
      {
        "year": 2023,
        "citations": 372
      },
      {
        "year": 2024,
        "citations": 478
      },
      {
        "year": 2025,
        "citations": 447
      }
    ]
  },
  "papers": [
    {
      "title": "Meacap: Memory-augmented zero-shot image captioning",
      "url": "https://scholar.google.com/citations?view_op=view_citation&hl=en&user=Eo8e5icAAAAJ&citation_for_view=Eo8e5icAAAAJ:NaGl4SEjCO4C",
      "authors": "Z Zeng, Y Xie, H Zhang, C Chen, B Chen, Z Wang",
      "venue": "Proceedings of the IEEE/CVF conference on computer vision and pattern …, 2024",
      "year": 2024,
      "citations": 57
    },
    {
      "title": "Data-driven identification of post-acute SARS-CoV-2 infection subphenotypes",
      "url": "https://scholar.google.com/citations?view_op=view_citation&hl=en&user=Eo8e5icAAAAJ&citation_for_view=Eo8e5icAAAAJ:NMxIlDl6LWMC",
      "authors": "H Zhang, C Zang, Z Xu, Y Zhang, J Xu, J Bian, D Morozyuk, D Khullar, ...",
      "venue": "Nature Medicine 29 (1), 226-235, 2023",
      "year": 2023,
      "citations": 193
    },
    {
      "title": "Conzic: Controllable zero-shot image captioning by sampling-based polishing",
      "url": "https://scholar.google.com/citations?view_op=view_citation&hl=en&user=Eo8e5icAAAAJ&citation_for_view=Eo8e5icAAAAJ:GnPB-g6toBAC",
      "authors": "Z Zeng, H Zhang, R Lu, D Wang, B Chen, Z Wang",
      "venue": "Proceedings of the IEEE/CVF conference on computer vision and pattern …, 2023",
      "year": 2023,
      "citations": 71
    },
    {
      "title": "High-throughput target trial emulation for Alzheimer’s disease drug repurposing with real-world data",
      "url": "https://scholar.google.com/citations?view_op=view_citation&hl=en&user=Eo8e5icAAAAJ&citation_for_view=Eo8e5icAAAAJ:RGFaLdJalmkC",
      "authors": "C Zang, H Zhang, J Xu, H Zhang, S Fouladvand, S Havaldar, F Cheng, ...",
      "venue": "Nature communications 14 (1), 8180, 2023",
      "year": 2023,
      "citations": 52
    },
    {
      "title": "Recurrent neural networks for snapshot compressive imaging",
      "url": "https://scholar.google.com/citations?view_op=view_citation&hl=en&user=Eo8e5icAAAAJ&citation_for_view=Eo8e5icAAAAJ:J_g5lzvAfSwC",
      "authors": "Z Cheng, B Chen, R Lu, Z Wang, H Zhang, Z Meng, X Yuan",
      "venue": "IEEE Transactions on Pattern Analysis and Machine Intelligence 45 (2), 2264-2281, 2022",
      "year": 2022,
      "citations": 113
    },
    {
      "title": "Application of deep learning on single-cell RNA sequencing data analysis: a review",
      "url": "https://scholar.google.com/citations?view_op=view_citation&hl=en&user=Eo8e5icAAAAJ&citation_for_view=Eo8e5icAAAAJ:BqipwSGYUEgC",
      "authors": "M Brendel, C Su, Z Bai, H Zhang, O Elemento, F Wang",
      "venue": "Genomics, proteomics & bioinformatics 20 (5), 814-835, 2022",
      "year": 2022,
      "citations": 89
    },
    {
      "title": "Sepsis subphenotyping based on organ dysfunction trajectory",
      "url": "https://scholar.google.com/citations?view_op=view_citation&hl=en&user=Eo8e5icAAAAJ&citation_for_view=Eo8e5icAAAAJ:M3NEmzRMIkIC",
      "authors": "Z Xu, C Mao, C Su, H Zhang, I Siempos, LK Torres, D Pan, Y Luo, ...",
      "venue": "Critical care 26 (1), 197, 2022",
      "year": 2022,
      "citations": 73
    },
    {
      "title": "Memory-efficient network for large-scale video compressive sensing",
      "url": "https://scholar.google.com/citations?view_op=view_citation&hl=en&user=Eo8e5icAAAAJ&citation_for_view=Eo8e5icAAAAJ:_Qo2XoVZTnwC",
      "authors": "Z Cheng, B Chen, G Liu, H Zhang, R Lu, Z Wang, X Yuan",
      "venue": "Proceedings of the IEEE/CVF Conference on Computer Vision and Pattern …, 2021",
      "year": 2021,
      "citations": 102
    },
    {
      "title": "Metasci: Scalable and adaptive reconstruction for video compressive sensing",
      "url": "https://scholar.google.com/citations?view_op=view_citation&hl=en&user=Eo8e5icAAAAJ&citation_for_view=Eo8e5icAAAAJ:e5wmG9Sq2KIC",
      "authors": "Z Wang, H Zhang, Z Cheng, B Chen, X Yuan",
      "venue": "Proceedings of the IEEE/CVF Conference on Computer Vision and Pattern …, 2021",
      "year": 2021,
      "citations": 76
    },
    {
      "title": "Tensor RNN with Bayesian nonparametric mixture for radar HRRP modeling and target recognition",
      "url": "https://scholar.google.com/citations?view_op=view_citation&hl=en&user=Eo8e5icAAAAJ&citation_for_view=Eo8e5icAAAAJ:4JMBOYKVnBMC",
      "authors": "W Chen, B Chen, X Peng, J Liu, Y Yang, H Zhang, H Liu",
      "venue": "IEEE Transactions on Signal Processing 69, 1995-2009, 2021",
      "year": 2021,
      "citations": 61
    },
    {
      "title": "FusionNet: An unsupervised convolutional variational network for hyperspectral and multispectral image fusion",
      "url": "https://scholar.google.com/citations?view_op=view_citation&hl=en&user=Eo8e5icAAAAJ&citation_for_view=Eo8e5icAAAAJ:qUcmZB5y_30C",
      "authors": "Z Wang, B Chen, R Lu, H Zhang, H Liu, PK Varshney",
      "venue": "IEEE Transactions on Image Processing 29, 7565-7577, 2020",
      "year": 2020,
      "citations": 117
    },
    {
      "title": "BIRNAT: Bidirectional recurrent neural networks with adversarial training for video snapshot compressive imaging",
      "url": "https://scholar.google.com/citations?view_op=view_citation&hl=en&user=Eo8e5icAAAAJ&citation_for_view=Eo8e5icAAAAJ:TQgYirikUcIC",
      "authors": "Z Cheng, R Lu, Z Wang, H Zhang, B Chen, Z Meng, X Yuan",
      "venue": "European Conference on Computer Vision, 258-275, 2020",
      "year": 2020,
      "citations": 113
    },
    {
      "title": "Friendly topic assistant for transformer based abstractive summarization",
      "url": "https://scholar.google.com/citations?view_op=view_citation&hl=en&user=Eo8e5icAAAAJ&citation_for_view=Eo8e5icAAAAJ:HDshCWvjkbEC",
      "authors": "Z Wang, Z Duan, H Zhang, C Wang, L Tian, B Chen, M Zhou",
      "venue": "Proceedings of the 2020 conference on empirical methods in natural language …, 2020",
      "year": 2020,
      "citations": 78
    },
    {
      "title": "Learning Dynamic Hierarchical Topic Graph with Graph Convolutional Network for Document Classification",
      "url": "https://scholar.google.com/citations?view_op=view_citation&hl=en&user=Eo8e5icAAAAJ&citation_for_view=Eo8e5icAAAAJ:L8Ckcad2t8MC",
      "authors": "Z Wang, C Wang, H Zhang, Z Duan, M Zhou, B Chen",
      "venue": "AISTATS, 2020",
      "year": 2020,
      "citations": 53
    },
    {
      "title": "Deep autoencoding topic model with scalable hybrid Bayesian inference",
      "url": "https://scholar.google.com/citations?view_op=view_citation&hl=en&user=Eo8e5icAAAAJ&citation_for_view=Eo8e5icAAAAJ:IWHjjKOFINEC",
      "authors": "H Zhang, B Chen, Y Cong, D Guo, H Liu, M Zhou",
      "venue": "IEEE Transactions on Pattern Analysis and Machine Intelligence 43 (12), 4306 …, 2020",
      "year": 2020,
      "citations": 40
    },
    {
      "title": "Students need more attention: Bert-based attention model for small data with application to automatic patient message triage",
      "url": "https://scholar.google.com/citations?view_op=view_citation&hl=en&user=Eo8e5icAAAAJ&citation_for_view=Eo8e5icAAAAJ:ZeXyd9-uunAC",
      "authors": "S Si, R Wang, J Wosik, H Zhang, D Dov, G Wang, L Carin",
      "venue": "Machine Learning for Healthcare Conference, 436-456, 2020",
      "year": 2020,
      "citations": 38
    },
    {
      "title": "Unsupervised hyperspectral and multispectral images fusion based on nonlinear variational probabilistic generative model",
      "url": "https://scholar.google.com/citations?view_op=view_citation&hl=en&user=Eo8e5icAAAAJ&citation_for_view=Eo8e5icAAAAJ:-f6ydRqryjwC",
      "authors": "Z Wang, B Chen, H Zhang, H Liu",
      "venue": "IEEE Transactions on Neural Networks and Learning Systems 33 (2), 721-735, 2020",
      "year": 2020,
      "citations": 31
    },
    {
      "title": "WHAI: Weibull hybrid autoencoding inference for deep topic modeling",
      "url": "https://scholar.google.com/citations?view_op=view_citation&hl=en&user=Eo8e5icAAAAJ&citation_for_view=Eo8e5icAAAAJ:Tyk-4Ss8FVUC",
      "authors": "H Zhang, B Chen, D Guo, M Zhou",
      "venue": "arXiv preprint arXiv:1803.01328, 2018",
      "year": 2018,
      "citations": 133
    },
    {
      "title": "Deep Poisson gamma dynamical systems",
      "url": "https://scholar.google.com/citations?view_op=view_citation&hl=en&user=Eo8e5icAAAAJ&citation_for_view=Eo8e5icAAAAJ:UeHWp8X0CEIC",
      "authors": "D Guo, B Chen, H Zhang, M Zhou",
      "venue": "Advances in Neural Information Processing Systems 31, 2018",
      "year": 2018,
      "citations": 38
    },
    {
      "title": "Robust variational auto-encoder for radar HRRP target recognition",
      "url": "https://scholar.google.com/citations?view_op=view_citation&hl=en&user=Eo8e5icAAAAJ&citation_for_view=Eo8e5icAAAAJ:YsMSGLbcyi4C",
      "authors": "Y Zhai, B Chen, H Zhang, Z Wang",
      "venue": "International Conference on Intelligent Science and Big Data Engineering …, 2017",
      "year": 2017,
      "citations": 33
    }
  ],
  "co_authors": [
    {
      "name": "Bo Chen",
      "scholar_id": "uv16_-UAAAAJ",
      "url": "https://scholar.google.com/citations?user=uv16_-UAAAAJ"
    },
    {
      "name": "Zhengjue Wang",
      "scholar_id": "qTQj_I4AAAAJ",
      "url": "https://scholar.google.com/citations?user=qTQj_I4AAAAJ"
    },
    {
      "name": "Mingyuan Zhou",
      "scholar_id": "LXwCIisAAAAJ",
      "url": "https://scholar.google.com/citations?user=LXwCIisAAAAJ"
    },
    {
      "name": "Fei Wang, FAMIA, FIAHSI, FACMI",
      "scholar_id": "FjCbjDYAAAAJ",
      "url": "https://scholar.google.com/citations?user=FjCbjDYAAAAJ"
    },
    {
      "name": "Chaojie Wang",
      "scholar_id": "nuGPdq0AAAAJ",
      "url": "https://scholar.google.com/citations?user=nuGPdq0AAAAJ"
    },
    {
      "name": "Xin Yuan",
      "scholar_id": "cS9CbWkAAAAJ",
      "url": "https://scholar.google.com/citations?user=cS9CbWkAAAAJ"
    }
  ]
}