{
  "author_info": {
    "name": "高飞宇",
    "affiliation": "Unknown affiliation",
    "email_verified": "Verified email at alibaba-inc.com",
    "interests": [],
    "photo_url": "/citations/images/avatar_scholar_128.png"
  },
  "citation_stats": {
    "citations_all": 676,
    "citations_since_2020": 654,
    "h_index_all": 9,
    "h_index_since_2020": 8,
    "i10_index_all": 9,
    "i10_index_since_2020": 8,
    "citation_graph": [
      {
        "year": 2018,
        "citations": 3
      },
      {
        "year": 2019,
        "citations": 7
      },
      {
        "year": 2020,
        "citations": 34
      },
      {
        "year": 2021,
        "citations": 68
      },
      {
        "year": 2022,
        "citations": 98
      },
      {
        "year": 2023,
        "citations": 125
      },
      {
        "year": 2024,
        "citations": 156
      },
      {
        "year": 2025,
        "citations": 172
      }
    ]
  },
  "papers": [
    {
      "title": "Is cognition consistent with perception? assessing and mitigating multimodal knowledge conflicts in document understanding",
      "url": "https://scholar.google.com/citations?view_op=view_citation&hl=en&user=UpfzFjgAAAAJ&citation_for_view=UpfzFjgAAAAJ:roLk4NBRz8UC",
      "authors": "Z Shao, F Gao, Z Zhu, C Luo, H Xing, Z Yu, Q Zheng, M Yan, J Bu",
      "venue": "Proceedings of the 2025 Conference on Empirical Methods in Natural Language …, 2025",
      "year": 2025,
      "citations": 2
    },
    {
      "title": "A Simple yet Effective Layout Token in Large Language Models for Document Understanding",
      "url": "https://scholar.google.com/citations?view_op=view_citation&hl=en&user=UpfzFjgAAAAJ&citation_for_view=UpfzFjgAAAAJ:_FxGoFyzp5QC",
      "authors": "Z Zhu, C Luo, Z Shao, F Gao, H Xing, Q Zheng, J Zhang",
      "venue": "Proceedings of the Computer Vision and Pattern Recognition Conference, 14472 …, 2025",
      "year": 2025,
      "citations": 2
    },
    {
      "title": "Intelligent Document Parsing: Towards End-to-end Document Parsing via Decoupled Content Parsing and Layout Grounding",
      "url": "https://scholar.google.com/citations?view_op=view_citation&hl=en&user=UpfzFjgAAAAJ&citation_for_view=UpfzFjgAAAAJ:Se3iqnhoufwC",
      "authors": "H Xing, F Gao, Q Zheng, Z Zhu, Z Shao, M Yan",
      "venue": "Findings of the Association for Computational Linguistics: EMNLP 2025, 19987 …, 2025",
      "year": 2025,
      "citations": 0
    },
    {
      "title": "Enhancing Language Models via HTML DOM Tree for Text Structure Understanding",
      "url": "https://scholar.google.com/citations?view_op=view_citation&hl=en&user=UpfzFjgAAAAJ&citation_for_view=UpfzFjgAAAAJ:LkGwnXOMwfcC",
      "authors": "H Xing, Z Shao, F Gao, J Bu, Z Yu, Q Zheng, J Gu, X Liu",
      "venue": "IEEE Transactions on Audio, Speech and Language Processing, 2025",
      "year": 2025,
      "citations": 0
    },
    {
      "title": "SceneVTG++: Controllable Multilingual Visual Text Generation in the Wild",
      "url": "https://scholar.google.com/citations?view_op=view_citation&hl=en&user=UpfzFjgAAAAJ&citation_for_view=UpfzFjgAAAAJ:ufrVoPGSRksC",
      "authors": "J Liu, Y Zhu, F Gao, Z Yang, P Wang, J Lin, X Wang, W Liu",
      "venue": "arXiv preprint arXiv:2501.02962, 2025",
      "year": 2025,
      "citations": 0
    },
    {
      "title": "Visual text generation in the wild",
      "url": "https://scholar.google.com/citations?view_op=view_citation&hl=en&user=UpfzFjgAAAAJ&citation_for_view=UpfzFjgAAAAJ:W7OEmFMy1HYC",
      "authors": "Y Zhu, J Liu, F Gao, W Liu, X Wang, P Wang, F Huang, C Yao, Z Yang",
      "venue": "European Conference on Computer Vision, 89-106, 2024",
      "year": 2024,
      "citations": 16
    },
    {
      "title": "Dochienet: A large and diverse dataset for document hierarchy parsing",
      "url": "https://scholar.google.com/citations?view_op=view_citation&hl=en&user=UpfzFjgAAAAJ&citation_for_view=UpfzFjgAAAAJ:eQOLeE2rZwMC",
      "authors": "H Xing, C Cheng, F Gao, Z Shao, Z Yu, J Bu, Q Zheng, C Yao",
      "venue": "Proceedings of the 2024 Conference on Empirical Methods in Natural Language …, 2024",
      "year": 2024,
      "citations": 6
    },
    {
      "title": "Webrpg: Automatic web rendering parameters generation for visual presentation",
      "url": "https://scholar.google.com/citations?view_op=view_citation&hl=en&user=UpfzFjgAAAAJ&citation_for_view=UpfzFjgAAAAJ:YsMSGLbcyi4C",
      "authors": "Z Shao, F Gao, H Xing, Z Zhu, Z Yu, J Bu, Q Zheng, C Yao",
      "venue": "European Conference on Computer Vision, 56-74, 2024",
      "year": 2024,
      "citations": 6
    },
    {
      "title": "LORE: Logical location regression network for table structure recognition",
      "url": "https://scholar.google.com/citations?view_op=view_citation&hl=en&user=UpfzFjgAAAAJ&citation_for_view=UpfzFjgAAAAJ:zYLM7Y9cAGgC",
      "authors": "H Xing, F Gao, R Long, J Bu, Q Zheng, L Li, C Yao, Z Yu",
      "venue": "Proceedings of the AAAI Conference on Artificial Intelligence 37 (3), 2992-3000, 2023",
      "year": 2023,
      "citations": 41
    },
    {
      "title": "GEM: Gestalt enhanced markup language model for web understanding via render tree",
      "url": "https://scholar.google.com/citations?view_op=view_citation&hl=en&user=UpfzFjgAAAAJ&citation_for_view=UpfzFjgAAAAJ:d1gkVwhDpl0C",
      "authors": "Z Shao, F Gao, Z Qi, H Xing, J Bu, Z Yu, Q Zheng, X Liu",
      "venue": "Proceedings of the 2023 Conference on Empirical Methods in Natural Language …, 2023",
      "year": 2023,
      "citations": 5
    },
    {
      "title": "End-to-end solution for Braille-to-Chinese",
      "url": "https://scholar.google.com/citations?view_op=view_citation&hl=en&user=UpfzFjgAAAAJ&citation_for_view=UpfzFjgAAAAJ:IjCSPb-OGe4C",
      "authors": "Y Zheng, H Xing, Z Yu, X Zhang, F Gao, J Bu",
      "venue": "2023 IEEE International Conference on Sensors, Electronics and Computer …, 2023",
      "year": 2023,
      "citations": 1
    },
    {
      "title": "Unified Definition and Framework for Synthetic Text Detection and Removal",
      "url": "https://scholar.google.com/citations?view_op=view_citation&hl=en&user=UpfzFjgAAAAJ&citation_for_view=UpfzFjgAAAAJ:2osOgNQ5qMEC",
      "authors": "J Li, S Zhou, L Li, F Gao, J Bu, Z Yu",
      "venue": "Available at SSRN 4088220, 2022",
      "year": 2022,
      "citations": 0
    },
    {
      "title": "Sentiprompt: Sentiment knowledge enhanced prompt-tuning for aspect-based sentiment analysis",
      "url": "https://scholar.google.com/citations?view_op=view_citation&hl=en&user=UpfzFjgAAAAJ&citation_for_view=UpfzFjgAAAAJ:u-x6o8ySG0sC",
      "authors": "C Li, F Gao, J Bu, L Xu, X Chen, Y Gu, Z Shao, Q Zheng, N Zhang, ...",
      "venue": "arXiv preprint arXiv:2109.08306, 2021",
      "year": 2021,
      "citations": 103
    },
    {
      "title": "Parsing table structures in the wild",
      "url": "https://scholar.google.com/citations?view_op=view_citation&hl=en&user=UpfzFjgAAAAJ&citation_for_view=UpfzFjgAAAAJ:Tyk-4Ss8FVUC",
      "authors": "R Long, W Wang, N Xue, F Gao, Z Yang, Y Wang, GS Xia",
      "venue": "Proceedings of the IEEE/CVF International Conference on Computer Vision, 944-952, 2021",
      "year": 2021,
      "citations": 85
    },
    {
      "title": "An end-to-end ocr text re-organization sequence learning for rich-text detail image comprehension",
      "url": "https://scholar.google.com/citations?view_op=view_citation&hl=en&user=UpfzFjgAAAAJ&citation_for_view=UpfzFjgAAAAJ:9yKSN-GCB0IC",
      "authors": "L Li, F Gao, J Bu, Y Wang, Z Yu, Q Zheng",
      "venue": "European Conference on Computer Vision, 85-100, 2020",
      "year": 2020,
      "citations": 35
    },
    {
      "title": "Merge and recognize: a geometry and 2d context aware graph model for named entity recognition from visual documents",
      "url": "https://scholar.google.com/citations?view_op=view_citation&hl=en&user=UpfzFjgAAAAJ&citation_for_view=UpfzFjgAAAAJ:UeHWp8X0CEIC",
      "authors": "C Luo, Y Wang, Q Zheng, L Li, F Gao, S Zhang",
      "venue": "Proceedings of the Graph-based Methods for Natural Language Processing …, 2020",
      "year": 2020,
      "citations": 10
    },
    {
      "title": "Graph convolution for multimodal information extraction from visually rich documents",
      "url": "https://scholar.google.com/citations?view_op=view_citation&hl=en&user=UpfzFjgAAAAJ&citation_for_view=UpfzFjgAAAAJ:qjMakFHDy7sC",
      "authors": "X Liu, F Gao, Q Zhang, H Zhao",
      "venue": "arXiv preprint arXiv:1903.11279, 2019",
      "year": 2019,
      "citations": 272
    },
    {
      "title": "ICPR2018 contest on robust reading for multi-type web images",
      "url": "https://scholar.google.com/citations?view_op=view_citation&hl=en&user=UpfzFjgAAAAJ&citation_for_view=UpfzFjgAAAAJ:u5HHmVD_uO8C",
      "authors": "M He, Y Liu, Z Yang, S Zhang, C Luo, F Gao, Q Zheng, Y Wang, X Zhang, ...",
      "venue": "2018 24th international conference on pattern recognition (ICPR), 7-12, 2018",
      "year": 2018,
      "citations": 78
    },
    {
      "title": "Accelerating strategy for functional test of NoC communication fabric",
      "url": "https://scholar.google.com/citations?view_op=view_citation&hl=en&user=UpfzFjgAAAAJ&citation_for_view=UpfzFjgAAAAJ:Y0pCki6q_DkC",
      "authors": "Y Zheng, H Wang, S Yang, C Jiang, F Gao",
      "venue": "2010 19th IEEE Asian Test Symposium, 224-227, 2010",
      "year": 2010,
      "citations": 14
    }
  ],
  "co_authors": []
}