{
  "author_info": {
    "name": "Stephen McAleer",
    "affiliation": "Anthropic",
    "email_verified": "Verified email at openai.com - Homepage",
    "website": "https://www.andrew.cmu.edu/user/smcaleer/",
    "interests": [
      "Artificial Intelligence"
    ],
    "photo_url": "https://scholar.googleusercontent.com/citations?view_op=view_photo&user=iEFL4-YAAAAJ&citpid=1"
  },
  "citation_stats": {
    "citations_all": 5682,
    "citations_since_2020": 5607,
    "h_index_all": 27,
    "h_index_since_2020": 27,
    "i10_index_all": 52,
    "i10_index_since_2020": 52,
    "citation_graph": [
      {
        "year": 2019,
        "citations": 59
      },
      {
        "year": 2020,
        "citations": 185
      },
      {
        "year": 2021,
        "citations": 313
      },
      {
        "year": 2022,
        "citations": 532
      },
      {
        "year": 2023,
        "citations": 865
      },
      {
        "year": 2024,
        "citations": 1704
      },
      {
        "year": 2025,
        "citations": 1997
      }
    ]
  },
  "papers": [
    {
      "title": "Tree search for language model agents",
      "url": "https://scholar.google.com/citations?view_op=view_citation&hl=en&user=iEFL4-YAAAAJ&citation_for_view=iEFL4-YAAAAJ:_xSYboBqXhAC",
      "authors": "JY Koh, S McAleer, D Fried, R Salakhutdinov",
      "venue": "arXiv preprint arXiv:2407.01476, 2024",
      "year": 2024,
      "citations": 112
    },
    {
      "title": "Asp: Learn a universal neural solver!",
      "url": "https://scholar.google.com/citations?view_op=view_citation&hl=en&user=iEFL4-YAAAAJ&citation_for_view=iEFL4-YAAAAJ:1sJd4Hv_s6UC",
      "authors": "C Wang, Z Yu, S McAleer, T Yu, Y Yang",
      "venue": "IEEE Transactions on Pattern Analysis and Machine Intelligence, 2024",
      "year": 2024,
      "citations": 48
    },
    {
      "title": "Language Models can Solve Computer Tasks",
      "url": "https://scholar.google.com/citations?view_op=view_citation&hl=en&user=iEFL4-YAAAAJ&citation_for_view=iEFL4-YAAAAJ:YFjsv_pBGBYC",
      "authors": "G Kim, P Baldi, S McAleer",
      "venue": "Neural Information Processing Systems (NeurIPS), 2023",
      "year": 2023,
      "citations": 503
    },
    {
      "title": "AI Alignment: A Comprehensive Survey",
      "url": "https://scholar.google.com/citations?view_op=view_citation&hl=en&user=iEFL4-YAAAAJ&citation_for_view=iEFL4-YAAAAJ:SeFeTyx0c_EC",
      "authors": "J Ji, T Qiu, B Chen, B Zhang, H Lou, K Wang, Y Duan, Z He, J Zhou, ...",
      "venue": "arXiv preprint arXiv:2310.19852, 2023",
      "year": 2023,
      "citations": 478
    },
    {
      "title": "Llemma: An Open Language Model for Mathematics",
      "url": "https://scholar.google.com/citations?view_op=view_citation&hl=en&user=iEFL4-YAAAAJ&citation_for_view=iEFL4-YAAAAJ:HoB7MX3m0LUC",
      "authors": "Z Azerbayev, H Schoelkopf, K Paster, M Dos Santos, S McAleer, AQ Jiang, ...",
      "venue": "International Conference on Learning Representations (ICLR), 2023",
      "year": 2023,
      "citations": 455
    },
    {
      "title": "Alphazero-like tree-search can guide large language model decoding and training",
      "url": "https://scholar.google.com/citations?view_op=view_citation&hl=en&user=iEFL4-YAAAAJ&citation_for_view=iEFL4-YAAAAJ:bFI3QPDXJZMC",
      "authors": "X Feng, Z Wan, M Wen, SM McAleer, Y Wen, W Zhang, J Wang",
      "venue": "International Conference on Machine Learning (ICML), 2023",
      "year": 2023,
      "citations": 278
    },
    {
      "title": "Confronting Reward Model Overoptimization with Constrained RLHF",
      "url": "https://scholar.google.com/citations?view_op=view_citation&hl=en&user=iEFL4-YAAAAJ&citation_for_view=iEFL4-YAAAAJ:pqnbT2bcN3wC",
      "authors": "T Moskovitz, AK Singh, DJ Strouse, T Sandholm, R Salakhutdinov, ...",
      "venue": "International Conference on Learning Representations (ICLR) spotlight, 2023",
      "year": 2023,
      "citations": 76
    },
    {
      "title": "Deep-learning-based reconstruction of the neutrino direction and energy for in-ice radio detectors",
      "url": "https://scholar.google.com/citations?view_op=view_citation&hl=en&user=iEFL4-YAAAAJ&citation_for_view=iEFL4-YAAAAJ:hFOr9nPyWt4C",
      "authors": "C Glaser, S McAleer, S Stjärnholm, P Baldi, SW Barwick",
      "venue": "Astroparticle Physics 145, 102781, 2023",
      "year": 2023,
      "citations": 41
    },
    {
      "title": "Mastering the game of Stratego with model-free multiagent reinforcement learning",
      "url": "https://scholar.google.com/citations?view_op=view_citation&hl=en&user=iEFL4-YAAAAJ&citation_for_view=iEFL4-YAAAAJ:IWHjjKOFINEC",
      "authors": "J Perolat, B De Vylder, D Hennes, E Tarassov, F Strub, V de Boer, ...",
      "venue": "Science 378 (6623), 990-996, 2022",
      "year": 2022,
      "citations": 357
    },
    {
      "title": "Towards Human-Level Bimanual Dexterous Manipulation with Reinforcement Learning",
      "url": "https://scholar.google.com/citations?view_op=view_citation&hl=en&user=iEFL4-YAAAAJ&citation_for_view=iEFL4-YAAAAJ:L8Ckcad2t8MC",
      "authors": "Y Chen, Y Yang, T Wu, S Wang, X Feng, J Jiang, SM McAleer, H Dong, ...",
      "venue": "36th Conference on Neural Information Processing Systems (NeurIPS 2022 …, 2022",
      "year": 2022,
      "citations": 169
    },
    {
      "title": "Toward Optimal Policy Population Growth in Two-Player Zero-Sum Games",
      "url": "https://scholar.google.com/citations?view_op=view_citation&hl=en&user=iEFL4-YAAAAJ&citation_for_view=iEFL4-YAAAAJ:ldfaerwXgEUC",
      "authors": "S McAleer, JB Lanier, K Wang, P Baldi, R Fox, T Sandholm",
      "venue": "International Conference on Learning Representations (ICLR), 2022",
      "year": 2022,
      "citations": 43
    },
    {
      "title": "XDO: A double oracle algorithm for extensive-form games",
      "url": "https://scholar.google.com/citations?view_op=view_citation&hl=en&user=iEFL4-YAAAAJ&citation_for_view=iEFL4-YAAAAJ:_FxGoFyzp5QC",
      "authors": "S McAleer, J Lanier, P Baldi, R Fox",
      "venue": "Advances in Neural Information Processing Systems (NeurIPS), 2021",
      "year": 2021,
      "citations": 80
    },
    {
      "title": "Independent Natural Policy Gradient Always Converges in Markov Potential Games",
      "url": "https://scholar.google.com/citations?view_op=view_citation&hl=en&user=iEFL4-YAAAAJ&citation_for_view=iEFL4-YAAAAJ:0EnyYjriUFMC",
      "authors": "R Fox, S McAleer, W Overman, I Panageas",
      "venue": "AISTATS 2022, 2021",
      "year": 2021,
      "citations": 75
    },
    {
      "title": "Neural auto-curricula in two-player zero-sum games",
      "url": "https://scholar.google.com/citations?view_op=view_citation&hl=en&user=iEFL4-YAAAAJ&citation_for_view=iEFL4-YAAAAJ:8k81kl-MbHgC",
      "authors": "X Feng, O Slumbers, Z Wan, B Liu, S McAleer, Y Wen, J Wang, Y Yang",
      "venue": "Advances in Neural Information Processing Systems (NeurIPS), 2021",
      "year": 2021,
      "citations": 55
    },
    {
      "title": "Online Double Oracle",
      "url": "https://scholar.google.com/citations?view_op=view_citation&hl=en&user=iEFL4-YAAAAJ&citation_for_view=iEFL4-YAAAAJ:4DMP91E08xMC",
      "authors": "LC Dinh, Y Yang, S McAleer, NP Nieves, O Slumbers, Z Tian, DH Mguni, ...",
      "venue": "Transactions on Machine Learning Research, 2021",
      "year": 2021,
      "citations": 39
    },
    {
      "title": "Pipeline PSRO: A scalable approach for finding approximate nash equilibria in large games",
      "url": "https://scholar.google.com/citations?view_op=view_citation&hl=en&user=iEFL4-YAAAAJ&citation_for_view=iEFL4-YAAAAJ:Tyk-4Ss8FVUC",
      "authors": "S McAleer*, J Lanier*, R Fox, P Baldi",
      "venue": "34th Conference on Neural Information Processing Systems (NeurIPS), 2020",
      "year": 2020,
      "citations": 106
    },
    {
      "title": "Evolutionary reinforcement learning for sample-efficient multiagent coordination",
      "url": "https://scholar.google.com/citations?view_op=view_citation&hl=en&user=iEFL4-YAAAAJ&citation_for_view=iEFL4-YAAAAJ:W7OEmFMy1HYC",
      "authors": "S Majumdar, S Khadka, S Miret, S McAleer, K Tumer",
      "venue": "International Conference on Machine Learning (ICML), 2020",
      "year": 2020,
      "citations": 89
    },
    {
      "title": "Solving the Rubik’s cube with deep reinforcement learning and search",
      "url": "https://scholar.google.com/citations?view_op=view_citation&hl=en&user=iEFL4-YAAAAJ&citation_for_view=iEFL4-YAAAAJ:9yKSN-GCB0IC",
      "authors": "F Agostinelli*, S McAleer*, A Shmakov*, P Baldi",
      "venue": "Nature Machine Intelligence 1 (8), 356-363, 2019",
      "year": 2019,
      "citations": 281
    },
    {
      "title": "Highly accurate machine fault diagnosis using deep transfer learning",
      "url": "https://scholar.google.com/citations?view_op=view_citation&hl=en&user=iEFL4-YAAAAJ&citation_for_view=iEFL4-YAAAAJ:u-x6o8ySG0sC",
      "authors": "S Shao, S McAleer, R Yan, P Baldi",
      "venue": "IEEE transactions on industrial informatics 15 (4), 2446-2455, 2018",
      "year": 2018,
      "citations": 1621
    },
    {
      "title": "Solving the Rubik's Cube with Approximate Policy Iteration",
      "url": "https://scholar.google.com/citations?view_op=view_citation&hl=en&user=iEFL4-YAAAAJ&citation_for_view=iEFL4-YAAAAJ:d1gkVwhDpl0C",
      "authors": "S McAleer*, F Agostinelli*, A Shmakov*, P Baldi",
      "venue": "International Conference on Learning Representations (ICLR), 2018",
      "year": 2018,
      "citations": 118
    }
  ],
  "co_authors": [
    {
      "name": "Pierre Baldi",
      "scholar_id": "RhFhIIgAAAAJ",
      "url": "https://scholar.google.com/citations?user=RhFhIIgAAAAJ"
    },
    {
      "name": "Yaodong Yang",
      "scholar_id": "6yL0xw8AAAAJ",
      "url": "https://scholar.google.com/citations?user=6yL0xw8AAAAJ"
    },
    {
      "name": "Roy Fox",
      "scholar_id": "FH9nKOAAAAAJ",
      "url": "https://scholar.google.com/citations?user=FH9nKOAAAAAJ"
    },
    {
      "name": "Tuomas Sandholm",
      "scholar_id": "0DpK1EMAAAAJ",
      "url": "https://scholar.google.com/citations?user=0DpK1EMAAAAJ"
    },
    {
      "name": "Jun Wang",
      "scholar_id": "wIE1tY4AAAAJ",
      "url": "https://scholar.google.com/citations?user=wIE1tY4AAAAJ"
    },
    {
      "name": "JB Lanier",
      "scholar_id": "6IkG2m0AAAAJ",
      "url": "https://scholar.google.com/citations?user=6IkG2m0AAAAJ"
    },
    {
      "name": "Alexander Shmakov",
      "scholar_id": "tVPWAKIAAAAJ",
      "url": "https://scholar.google.com/citations?user=tVPWAKIAAAAJ"
    },
    {
      "name": "Forest Agostinelli",
      "scholar_id": "GXRermIAAAAJ",
      "url": "https://scholar.google.com/citations?user=GXRermIAAAAJ"
    },
    {
      "name": "Oliver Slumbers",
      "scholar_id": "obYGSVIAAAAJ",
      "url": "https://scholar.google.com/citations?user=obYGSVIAAAAJ"
    },
    {
      "name": "Gabriele Farina",
      "scholar_id": "sktDNcEAAAAJ",
      "url": "https://scholar.google.com/citations?user=sktDNcEAAAAJ"
    },
    {
      "name": "Marc Lanctot",
      "scholar_id": "E_oZZj8AAAAJ",
      "url": "https://scholar.google.com/citations?user=E_oZZj8AAAAJ"
    },
    {
      "name": "Pieter Abbeel",
      "scholar_id": "vtwH6GkAAAAJ",
      "url": "https://scholar.google.com/citations?user=vtwH6GkAAAAJ"
    },
    {
      "name": "Ioannis Panageas",
      "scholar_id": "5NiFWuwAAAAJ",
      "url": "https://scholar.google.com/citations?user=5NiFWuwAAAAJ"
    },
    {
      "name": "Shauharda (Shaw) Khadka",
      "scholar_id": "s-4Eoi8AAAAJ",
      "url": "https://scholar.google.com/citations?user=s-4Eoi8AAAAJ"
    },
    {
      "name": "Somdeb Majumdar",
      "scholar_id": "zQwXlaYAAAAJ",
      "url": "https://scholar.google.com/citations?user=zQwXlaYAAAAJ"
    },
    {
      "name": "Kagan Tumer",
      "scholar_id": "eQrnXEcAAAAJ",
      "url": "https://scholar.google.com/citations?user=eQrnXEcAAAAJ"
    },
    {
      "name": "Kevin A. Wang",
      "scholar_id": "Q06Rh6oAAAAJ",
      "url": "https://scholar.google.com/citations?user=Q06Rh6oAAAAJ"
    },
    {
      "name": "Alexander Ihler",
      "scholar_id": "ffdt7gMAAAAJ",
      "url": "https://scholar.google.com/citations?user=ffdt7gMAAAAJ"
    },
    {
      "name": "Michael Dennis",
      "scholar_id": "WXXu26AAAAAJ",
      "url": "https://scholar.google.com/citations?user=WXXu26AAAAAJ"
    },
    {
      "name": "Karl Tuyls",
      "scholar_id": "cxRqeVwAAAAJ",
      "url": "https://scholar.google.com/citations?user=cxRqeVwAAAAJ"
    }
  ]
}