{
  "author_info": {
    "name": "Luan Tran",
    "affiliation": "Research Scientist, Facebook Reality Labs",
    "email_verified": "Verified email at fb.com - Homepage",
    "website": "http://cse.msu.edu/~tranluan/",
    "interests": [
      "Deep Learning",
      "Machine Learning",
      "Computer Vision"
    ],
    "photo_url": "/citations/images/avatar_scholar_128.png"
  },
  "citation_stats": {
    "citations_all": 3829,
    "citations_since_2020": 3298,
    "h_index_all": 19,
    "h_index_since_2020": 19,
    "i10_index_all": 20,
    "i10_index_since_2020": 20,
    "citation_graph": [
      {
        "year": 2017,
        "citations": 29
      },
      {
        "year": 2018,
        "citations": 176
      },
      {
        "year": 2019,
        "citations": 308
      },
      {
        "year": 2020,
        "citations": 470
      },
      {
        "year": 2021,
        "citations": 604
      },
      {
        "year": 2022,
        "citations": 549
      },
      {
        "year": 2023,
        "citations": 595
      },
      {
        "year": 2024,
        "citations": 619
      },
      {
        "year": 2025,
        "citations": 456
      }
    ]
  },
  "papers": [
    {
      "title": "Assemblyhands: Towards egocentric activity understanding via 3d hand pose estimation",
      "url": "https://scholar.google.com/citations?view_op=view_citation&hl=en&user=YV0TVrQAAAAJ&citation_for_view=YV0TVrQAAAAJ:e5wmG9Sq2KIC",
      "authors": "T Ohkawa, K He, F Sener, T Hodan, L Tran, C Keskin",
      "venue": "Proceedings of the IEEE/CVF conference on computer vision and pattern …, 2023",
      "year": 2023,
      "citations": 94
    },
    {
      "title": "In-hand 3d object scanning from an rgb sequence",
      "url": "https://scholar.google.com/citations?view_op=view_citation&hl=en&user=YV0TVrQAAAAJ&citation_for_view=YV0TVrQAAAAJ:R3hNpaxXUhUC",
      "authors": "S Hampali, T Hodan, L Tran, L Ma, C Keskin, V Lepetit",
      "venue": "Proceedings of the IEEE/CVF Conference on Computer Vision and Pattern …, 2023",
      "year": 2023,
      "citations": 31
    },
    {
      "title": "Disentangled representation learning generative adversarial network for pose-invariant face recognition",
      "url": "https://scholar.google.com/citations?view_op=view_citation&hl=en&user=YV0TVrQAAAAJ&citation_for_view=YV0TVrQAAAAJ:hC7cP41nSMkC",
      "authors": "X Liu, LQ Tran, X Yin",
      "venue": "US Patent 11,734,955, 2023",
      "year": 2023,
      "citations": 29
    },
    {
      "title": "UmeTrack: Unified multi-view end-to-end hand tracking for VR",
      "url": "https://scholar.google.com/citations?view_op=view_citation&hl=en&user=YV0TVrQAAAAJ&citation_for_view=YV0TVrQAAAAJ:HDshCWvjkbEC",
      "authors": "S Han, P Wu, Y Zhang, B Liu, L Zhang, Z Wang, W Si, P Zhang, Y Cai, ...",
      "venue": "SIGGRAPH Asia 2022 conference papers, 1-9, 2022",
      "year": 2022,
      "citations": 81
    },
    {
      "title": "Neural correspondence field for object pose estimation",
      "url": "https://scholar.google.com/citations?view_op=view_citation&hl=en&user=YV0TVrQAAAAJ&citation_for_view=YV0TVrQAAAAJ:mB3voiENLucC",
      "authors": "L Huang, T Hodan, L Ma, L Zhang, L Tran, C Twigg, PC Wu, J Yuan, ...",
      "venue": "European Conference on Computer Vision, 585-603, 2022",
      "year": 2022,
      "citations": 35
    },
    {
      "title": "Multiview human body reconstruction from uncalibrated cameras",
      "url": "https://scholar.google.com/citations?view_op=view_citation&hl=en&user=YV0TVrQAAAAJ&citation_for_view=YV0TVrQAAAAJ:TQgYirikUcIC",
      "authors": "Z Yu, L Zhang, Y Xu, C Tang, L Tran, C Keskin, HS Park",
      "venue": "Advances in Neural Information Processing Systems 35, 7879-7891, 2022",
      "year": 2022,
      "citations": 27
    },
    {
      "title": "Short message service-based collection of patient-reported outcome measures on hand surgery global outreach trips: a pilot feasibility study",
      "url": "https://scholar.google.com/citations?view_op=view_citation&hl=en&user=YV0TVrQAAAAJ&citation_for_view=YV0TVrQAAAAJ:_Qo2XoVZTnwC",
      "authors": "LM Shapiro, MP Đình, L Tran, PM Fox, MJ Richard, RN Kamal",
      "venue": "The Journal of Hand Surgery 47 (4), 384. e1-384. e5, 2022",
      "year": 2022,
      "citations": 12
    },
    {
      "title": "Fully understanding generic objects: Modeling, segmentation, and reconstruction",
      "url": "https://scholar.google.com/citations?view_op=view_citation&hl=en&user=YV0TVrQAAAAJ&citation_for_view=YV0TVrQAAAAJ:-f6ydRqryjwC",
      "authors": "F Liu, L Tran, X Liu",
      "venue": "Proceedings of the IEEE/CVF Conference on Computer Vision and Pattern …, 2021",
      "year": 2021,
      "citations": 27
    },
    {
      "title": "On learning disentangled representations for gait recognition",
      "url": "https://scholar.google.com/citations?view_op=view_citation&hl=en&user=YV0TVrQAAAAJ&citation_for_view=YV0TVrQAAAAJ:_kc_bZDykSQC",
      "authors": "Z Zhang, L Tran, F Liu, X Liu",
      "venue": "IEEE Transactions on Pattern Analysis and Machine Intelligence 44 (1), 345-360, 2020",
      "year": 2020,
      "citations": 186
    },
    {
      "title": "Gait Recognition via Disentangled Representation Learning",
      "url": "https://scholar.google.com/citations?view_op=view_citation&hl=en&user=YV0TVrQAAAAJ&citation_for_view=YV0TVrQAAAAJ:hqOjcs7Dif8C",
      "authors": "Z Zhang, L Tran, X Yin, Y Atoum, X Liu, J Wan, N Wang",
      "venue": "IEEE Computer Vision and Pattern Recognition (CVPR), 2019",
      "year": 2019,
      "citations": 343
    },
    {
      "title": "Towards High-fidelity Nonlinear 3D Face Morphable Model",
      "url": "https://scholar.google.com/citations?view_op=view_citation&hl=en&user=YV0TVrQAAAAJ&citation_for_view=YV0TVrQAAAAJ:UebtZRa9Y70C",
      "authors": "L Tran, F Liu, X Liu",
      "venue": "IEEE Computer Vision and Pattern Recognition (CVPR), 2019",
      "year": 2019,
      "citations": 212
    },
    {
      "title": "On Learning 3D Face Morphable Model From In-the-wild images",
      "url": "https://scholar.google.com/citations?view_op=view_citation&hl=en&user=YV0TVrQAAAAJ&citation_for_view=YV0TVrQAAAAJ:Se3iqnhoufwC",
      "authors": "L Tran, X Liu",
      "venue": "IEEE Transactions on Pattern Analysis and Machine Intelligence (TPAMI), 2019",
      "year": 2019,
      "citations": 198
    },
    {
      "title": "Towards Interpretable Face Recognition",
      "url": "https://scholar.google.com/citations?view_op=view_citation&hl=en&user=YV0TVrQAAAAJ&citation_for_view=YV0TVrQAAAAJ:ufrVoPGSRksC",
      "authors": "B Yin, L Tran, H Li, X Shen, X Liu",
      "venue": "IEEE International Conference on Computer Vision (ICCV), 2019",
      "year": 2019,
      "citations": 118
    },
    {
      "title": "3D Face Modeling from Diverse Raw Scan Data",
      "url": "https://scholar.google.com/citations?view_op=view_citation&hl=en&user=YV0TVrQAAAAJ&citation_for_view=YV0TVrQAAAAJ:8k81kl-MbHgC",
      "authors": "F Liu, L Tran, X Liu",
      "venue": "IEEE International Conference on Computer Vision (ICCV), 2019",
      "year": 2019,
      "citations": 72
    },
    {
      "title": "Gotta Adapt'Em All: Joint Pixel and Feature-Level Domain Adaptation for Recognition in the Wild",
      "url": "https://scholar.google.com/citations?view_op=view_citation&hl=en&user=YV0TVrQAAAAJ&citation_for_view=YV0TVrQAAAAJ:Zph67rFs4hoC",
      "authors": "L Tran, K Sohn, X Yu, X Liu, M Chandraker",
      "venue": "Proceedings of IEEE Computer Vision and Pattern Recognition (CVPR), 2019",
      "year": 2019,
      "citations": 57
    },
    {
      "title": "Nonlinear 3D Face Morphable Model",
      "url": "https://scholar.google.com/citations?view_op=view_citation&hl=en&user=YV0TVrQAAAAJ&citation_for_view=YV0TVrQAAAAJ:IjCSPb-OGe4C",
      "authors": "L Tran, X Liu",
      "venue": "IEEE Computer Vision and Pattern Recognition (CVPR), 2018",
      "year": 2018,
      "citations": 506
    },
    {
      "title": "Representation Learning by Rotating Your Faces",
      "url": "https://scholar.google.com/citations?view_op=view_citation&hl=en&user=YV0TVrQAAAAJ&citation_for_view=YV0TVrQAAAAJ:qjMakFHDy7sC",
      "authors": "L Tran, X Yin, X Liu",
      "venue": "IEEE Transactions on Pattern Analysis and Machine Intelligence (TPAMI), 2018",
      "year": 2018,
      "citations": 199
    },
    {
      "title": "MSU-AVIS dataset: Fusing Face and Voice Modalities for Biometric Recognition in Indoor Surveillance Videos",
      "url": "https://scholar.google.com/citations?view_op=view_citation&hl=en&user=YV0TVrQAAAAJ&citation_for_view=YV0TVrQAAAAJ:roLk4NBRz8UC",
      "authors": "A Chowdhury, Y Atoum, L Tran, X Liu, A Ross",
      "venue": "International Conference on Pattern Recognition (ICPR), 2018",
      "year": 2018,
      "citations": 25
    },
    {
      "title": "Disentangled Representation Learning GAN for Pose-Invariant Face Recognition",
      "url": "https://scholar.google.com/citations?view_op=view_citation&hl=en&user=YV0TVrQAAAAJ&citation_for_view=YV0TVrQAAAAJ:2osOgNQ5qMEC",
      "authors": "L Tran, X Yin, X Liu",
      "venue": "IEEE Computer Vision and Pattern Recognition (CVPR), 2017",
      "year": 2017,
      "citations": 1251
    },
    {
      "title": "Missing Modalities Imputation via Cascaded Residual Autoencoder",
      "url": "https://scholar.google.com/citations?view_op=view_citation&hl=en&user=YV0TVrQAAAAJ&citation_for_view=YV0TVrQAAAAJ:9yKSN-GCB0IC",
      "authors": "L Tran, X Liu, J Zhou, R Jin",
      "venue": "IEEE Computer Vision and Pattern Recognition (CVPR), 2017",
      "year": 2017,
      "citations": 308
    }
  ],
  "co_authors": [
    {
      "name": "Xiaoming Liu",
      "scholar_id": "Bii0w1oAAAAJ",
      "url": "https://scholar.google.com/citations?user=Bii0w1oAAAAJ"
    },
    {
      "name": "Xi Yin",
      "scholar_id": "FAEzhskAAAAJ",
      "url": "https://scholar.google.com/citations?user=FAEzhskAAAAJ"
    },
    {
      "name": "Kihyuk Sohn",
      "scholar_id": "VxpypngAAAAJ",
      "url": "https://scholar.google.com/citations?user=VxpypngAAAAJ"
    },
    {
      "name": "Xiang Yu",
      "scholar_id": "QJbtEKMAAAAJ",
      "url": "https://scholar.google.com/citations?user=QJbtEKMAAAAJ"
    },
    {
      "name": "Jiayu Zhou",
      "scholar_id": "yQKlLTQAAAAJ",
      "url": "https://scholar.google.com/citations?user=yQKlLTQAAAAJ"
    },
    {
      "name": "Rong Jin",
      "scholar_id": "CS5uNscAAAAJ",
      "url": "https://scholar.google.com/citations?user=CS5uNscAAAAJ"
    },
    {
      "name": "Haoxiang Li",
      "scholar_id": "Fu6aoXAAAAAJ",
      "url": "https://scholar.google.com/citations?user=Fu6aoXAAAAAJ"
    },
    {
      "name": "Arun Ross",
      "scholar_id": "7IiUQDkAAAAJ",
      "url": "https://scholar.google.com/citations?user=7IiUQDkAAAAJ"
    }
  ]
}