{
  "author_info": {
    "name": "yongjun Bao",
    "affiliation": "JD.COM",
    "email_verified": "Verified email at jd.com",
    "interests": [
      "Machine Learning",
      "Computational Advertising",
      "nature language processing",
      "Computer vision"
    ],
    "photo_url": "https://scholar.googleusercontent.com/citations?view_op=view_photo&user=OSqoLFAAAAAJ&citpid=7"
  },
  "citation_stats": {
    "citations_all": 9283,
    "citations_since_2020": 9122,
    "h_index_all": 17,
    "h_index_since_2020": 17,
    "i10_index_all": 21,
    "i10_index_since_2020": 21,
    "citation_graph": [
      {
        "year": 2019,
        "citations": 130
      },
      {
        "year": 2020,
        "citations": 659
      },
      {
        "year": 2021,
        "citations": 1363
      },
      {
        "year": 2022,
        "citations": 1771
      },
      {
        "year": 2023,
        "citations": 1997
      },
      {
        "year": 2024,
        "citations": 1905
      },
      {
        "year": 2025,
        "citations": 1423
      }
    ]
  },
  "papers": [
    {
      "title": "Exploring Structured Semantic Prior for Multi Label Recognition with Incomplete Labels",
      "url": "https://scholar.google.com/citations?view_op=view_citation&hl=en&user=OSqoLFAAAAAJ&citation_for_view=OSqoLFAAAAAJ:3fE2CSJIrl8C",
      "authors": "Z Ding, A Wang, H Chen, Q Zhang, P Liu, Y Bao, W Yan, J Han",
      "venue": "arXiv preprint arXiv:2303.13223, 2023",
      "year": 2023,
      "citations": 53
    },
    {
      "title": "LEGO-ABSA: a prompt-based task assemblable unified generative framework for multi-task aspect-based sentiment analysis",
      "url": "https://scholar.google.com/citations?view_op=view_citation&hl=en&user=OSqoLFAAAAAJ&citation_for_view=OSqoLFAAAAAJ:Se3iqnhoufwC",
      "authors": "T Gao, J Fang, H Liu, Z Liu, C Liu, P Liu, Y Bao, W Yan",
      "venue": "Proceedings of the 29th international conference on computational …, 2022",
      "year": 2022,
      "citations": 84
    },
    {
      "title": "Dynamic Graph Modeling for Weakly-Supervised Temporal Action Localization",
      "url": "https://scholar.google.com/citations?view_op=view_citation&hl=en&user=OSqoLFAAAAAJ&citation_for_view=OSqoLFAAAAAJ:u5HHmVD_uO8C",
      "authors": "H Shi, XY Zhang, C Li, L Gong, Y Li, Y Bao",
      "venue": "Proceedings of the 30th ACM International Conference on Multimedia, 3820-3828, 2022",
      "year": 2022,
      "citations": 33
    },
    {
      "title": "Bidirectional difference locating and semantic consistency reasoning for change captioning",
      "url": "https://scholar.google.com/citations?view_op=view_citation&hl=en&user=OSqoLFAAAAAJ&citation_for_view=OSqoLFAAAAAJ:qjMakFHDy7sC",
      "authors": "Y Sun, L Li, T Yao, T Lu, B Zheng, C Yan, H Zhang, Y Bao, G Ding, ...",
      "venue": "International Journal of Intelligent Systems 37 (5), 2969-2987, 2022",
      "year": 2022,
      "citations": 27
    },
    {
      "title": "Dynamic selective network for RGB-D salient object detection",
      "url": "https://scholar.google.com/citations?view_op=view_citation&hl=en&user=OSqoLFAAAAAJ&citation_for_view=OSqoLFAAAAAJ:hqOjcs7Dif8C",
      "authors": "H Wen, C Yan, X Zhou, R Cong, Y Sun, B Zheng, J Zhang, Y Bao, G Ding",
      "venue": "IEEE Transactions on Image Processing 30, 9179-9192, 2021",
      "year": 2021,
      "citations": 95
    },
    {
      "title": "An attention-based model for conversion rate prediction with delayed feedback via post-click calibration",
      "url": "https://scholar.google.com/citations?view_op=view_citation&hl=en&user=OSqoLFAAAAAJ&citation_for_view=OSqoLFAAAAAJ:roLk4NBRz8UC",
      "authors": "Y Su, L Zhang, Q Dai, B Zhang, J Yan, D Wang, Y Bao, S Xu, Y He, W Yan",
      "venue": "Proceedings of the Twenty-Ninth International Conference on International …, 2021",
      "year": 2021,
      "citations": 42
    },
    {
      "title": "Augmenting knowledge-grounded conversations with sequential knowledge transition",
      "url": "https://scholar.google.com/citations?view_op=view_citation&hl=en&user=OSqoLFAAAAAJ&citation_for_view=OSqoLFAAAAAJ:d1gkVwhDpl0C",
      "authors": "H Zhan, H Zhang, H Chen, Z Ding, Y Bao, Y Lan",
      "venue": "Proceedings of the 2021 Conference of the North American Chapter of the …, 2021",
      "year": 2021,
      "citations": 32
    },
    {
      "title": "Trustworthy authorization method for security in Industrial Internet of Things",
      "url": "https://scholar.google.com/citations?view_op=view_citation&hl=en&user=OSqoLFAAAAAJ&citation_for_view=OSqoLFAAAAAJ:UeHWp8X0CEIC",
      "authors": "Y Zhao, J Yang, Y Bao, H Song",
      "venue": "Ad Hoc Networks 121, 102607, 2021",
      "year": 2021,
      "citations": 22
    },
    {
      "title": "Probing product description generation via posterior distillation",
      "url": "https://scholar.google.com/citations?view_op=view_citation&hl=en&user=OSqoLFAAAAAJ&citation_for_view=OSqoLFAAAAAJ:UebtZRa9Y70C",
      "authors": "H Zhan, H Zhang, H Chen, L Shen, Z Ding, Y Bao, W Yan, Y Lan",
      "venue": "Proceedings of the AAAI Conference on Artificial Intelligence 35 (16), 14301 …, 2021",
      "year": 2021,
      "citations": 16
    },
    {
      "title": "Scene segmentation with dual relation-aware attention network",
      "url": "https://scholar.google.com/citations?view_op=view_citation&hl=en&user=OSqoLFAAAAAJ&citation_for_view=OSqoLFAAAAAJ:8k81kl-MbHgC",
      "authors": "J Fu, J Liu, J Jiang, Y Li, Y Bao, H Lu",
      "venue": "IEEE Transactions on Neural Networks and Learning Systems 32 (6), 2547-2560, 2020",
      "year": 2020,
      "citations": 299
    },
    {
      "title": "Decoupled graph convolution network for inferring substitutable and complementary items",
      "url": "https://scholar.google.com/citations?view_op=view_citation&hl=en&user=OSqoLFAAAAAJ&citation_for_view=OSqoLFAAAAAJ:LkGwnXOMwfcC",
      "authors": "Y Liu, Y Gu, Z Ding, J Gao, Z Guo, Y Bao, W Yan",
      "venue": "Proceedings of the 29th ACM International Conference on Information …, 2020",
      "year": 2020,
      "citations": 61
    },
    {
      "title": "Contextual deconvolution network for semantic segmentation",
      "url": "https://scholar.google.com/citations?view_op=view_citation&hl=en&user=OSqoLFAAAAAJ&citation_for_view=OSqoLFAAAAAJ:2osOgNQ5qMEC",
      "authors": "J Fu, J Liu, Y Li, Y Bao, W Yan, Z Fang, H Lu",
      "venue": "Pattern Recognition 101, 107152, 2020",
      "year": 2020,
      "citations": 57
    },
    {
      "title": "Category-Specific CNN for Visual-aware CTR Prediction at JD. com",
      "url": "https://scholar.google.com/citations?view_op=view_citation&hl=en&user=OSqoLFAAAAAJ&citation_for_view=OSqoLFAAAAAJ:Y0pCki6q_DkC",
      "authors": "H Liu, J Lu, H Yang, X Zhao, S Xu, H Peng, Z Zhang, W Niu, X Zhu, Y Bao, ...",
      "venue": "Proceedings of the 26th ACM SIGKDD international conference on knowledge …, 2020",
      "year": 2020,
      "citations": 47
    },
    {
      "title": "Mahrl: Multi-goals abstraction based deep hierarchical reinforcement learning for recommendations",
      "url": "https://scholar.google.com/citations?view_op=view_citation&hl=en&user=OSqoLFAAAAAJ&citation_for_view=OSqoLFAAAAAJ:MXK_kJrjxJIC",
      "authors": "D Zhao, L Zhang, B Zhang, L Zheng, Y Bao, W Yan",
      "venue": "Proceedings of the 43rd international ACM SIGIR conference on research and …, 2020",
      "year": 2020,
      "citations": 42
    },
    {
      "title": "Kalman filtering attention for user behavior modeling in ctr prediction",
      "url": "https://scholar.google.com/citations?view_op=view_citation&hl=en&user=OSqoLFAAAAAJ&citation_for_view=OSqoLFAAAAAJ:u-x6o8ySG0sC",
      "authors": "H Liu, J Lu, X Zhao, S Xu, H Peng, Y Liu, Z Zhang, J Li, J Jin, Y Bao, ...",
      "venue": "Advances in Neural Information Processing Systems 33, 9228-9238, 2020",
      "year": 2020,
      "citations": 29
    },
    {
      "title": "Dimension relation modeling for click-through rate prediction",
      "url": "https://scholar.google.com/citations?view_op=view_citation&hl=en&user=OSqoLFAAAAAJ&citation_for_view=OSqoLFAAAAAJ:0EnyYjriUFMC",
      "authors": "Z Zhao, Z Fang, Y Li, C Peng, Y Bao, W Yan",
      "venue": "Proceedings of the 29th ACM International Conference on Information …, 2020",
      "year": 2020,
      "citations": 17
    },
    {
      "title": "Dual attention network for scene segmentation",
      "url": "https://scholar.google.com/citations?view_op=view_citation&hl=en&user=OSqoLFAAAAAJ&citation_for_view=OSqoLFAAAAAJ:Tyk-4Ss8FVUC",
      "authors": "J Fu, J Liu, H Tian, Y Li, Y Bao, Z Fang, H Lu",
      "venue": "Proceedings of the IEEE/CVF conference on computer vision and pattern …, 2019",
      "year": 2019,
      "citations": 8081
    },
    {
      "title": "Adaptive context network for scene parsing",
      "url": "https://scholar.google.com/citations?view_op=view_citation&hl=en&user=OSqoLFAAAAAJ&citation_for_view=OSqoLFAAAAAJ:ufrVoPGSRksC",
      "authors": "J Fu, J Liu, Y Wang, Y Li, Y Bao, J Tang, H Lu",
      "venue": "Proceedings of the IEEE/CVF International Conference on Computer Vision …, 2019",
      "year": 2019,
      "citations": 178
    },
    {
      "title": "Regularized adversarial sampling and deep time-aware attention for click-through rate prediction",
      "url": "https://scholar.google.com/citations?view_op=view_citation&hl=en&user=OSqoLFAAAAAJ&citation_for_view=OSqoLFAAAAAJ:5nxA0vEk-isC",
      "authors": "Y Wang, L Zhang, Q Dai, F Sun, B Zhang, Y He, W Yan, Y Bao",
      "venue": "Proceedings of the 28th ACM International Conference on Information and …, 2019",
      "year": 2019,
      "citations": 16
    },
    {
      "title": "A practical deep online ranking system in e-commerce recommendation",
      "url": "https://scholar.google.com/citations?view_op=view_citation&hl=en&user=OSqoLFAAAAAJ&citation_for_view=OSqoLFAAAAAJ:YsMSGLbcyi4C",
      "authors": "Y Yan, Z Liu, M Zhao, W Guo, WP Yan, Y Bao",
      "venue": "Machine Learning and Knowledge Discovery in Databases: European Conference …, 2019",
      "year": 2019,
      "citations": 16
    }
  ],
  "co_authors": []
}