{
  "author_info": {
    "name": "Rui Xia",
    "affiliation": "Nanjing University",
    "email_verified": "Verified email at nju.edu.cn - Homepage",
    "website": "https://is.nju.edu.cn/xr/main.htm",
    "interests": [
      "Natural Language Processing",
      "Text Mining",
      "Affective Computing",
      "Large Language Models"
    ],
    "photo_url": "https://scholar.googleusercontent.com/citations?view_op=view_photo&user=Znde6gwAAAAJ&citpid=18"
  },
  "citation_stats": {
    "citations_all": 7238,
    "citations_since_2020": 5713,
    "h_index_all": 43,
    "h_index_since_2020": 37,
    "i10_index_all": 72,
    "i10_index_since_2020": 70,
    "citation_graph": [
      {
        "year": 2011,
        "citations": 32
      },
      {
        "year": 2012,
        "citations": 47
      },
      {
        "year": 2013,
        "citations": 84
      },
      {
        "year": 2014,
        "citations": 118
      },
      {
        "year": 2015,
        "citations": 173
      },
      {
        "year": 2016,
        "citations": 209
      },
      {
        "year": 2017,
        "citations": 218
      },
      {
        "year": 2018,
        "citations": 249
      },
      {
        "year": 2019,
        "citations": 319
      },
      {
        "year": 2020,
        "citations": 393
      },
      {
        "year": 2021,
        "citations": 557
      },
      {
        "year": 2022,
        "citations": 734
      },
      {
        "year": 2023,
        "citations": 1124
      },
      {
        "year": 2024,
        "citations": 1457
      },
      {
        "year": 2025,
        "citations": 1412
      }
    ]
  },
  "papers": [
    {
      "title": "Is ChatGPT a Good Sentiment Analyzer?",
      "url": "https://scholar.google.com/citations?view_op=view_citation&hl=en&user=Znde6gwAAAAJ&citation_for_view=Znde6gwAAAAJ:-jrNzM816MMC",
      "authors": "Z Wang, Q Xie, Y Feng, Z Ding, Z Yang, R Xia",
      "venue": "Conference on language modeling (COLM), 2024",
      "year": 2024,
      "citations": 278
    },
    {
      "title": "Vision-Language Pre-Training for Multimodal Aspect-Based Sentiment Analysis",
      "url": "https://scholar.google.com/citations?view_op=view_citation&hl=en&user=Znde6gwAAAAJ&citation_for_view=Znde6gwAAAAJ:WHdLCjDvYFkC",
      "authors": "Y Lin, J Yu, R Xia",
      "venue": "Annual Meeting of the Association for Computational Linguistics (ACL), 2022",
      "year": 2022,
      "citations": 166
    },
    {
      "title": "Hierarchical interactive multimodal transformer for aspect-based multimodal sentiment analysis",
      "url": "https://scholar.google.com/citations?view_op=view_citation&hl=en&user=Znde6gwAAAAJ&citation_for_view=Znde6gwAAAAJ:nRpfm8aw39MC",
      "authors": "J Yu, K Chen, R Xia",
      "venue": "IEEE Transactions on Affective Computing 14 (3), 1966-1978, 2022",
      "year": 2022,
      "citations": 130
    },
    {
      "title": "Aspect-Category-Opinion-Sentiment Quadruple Extraction with Implicit Aspects and Opinions",
      "url": "https://scholar.google.com/citations?view_op=view_citation&hl=en&user=Znde6gwAAAAJ&citation_for_view=Znde6gwAAAAJ:BzfGm06jWhQC",
      "authors": "H Cai, R Xia, J Yu",
      "venue": "Annual Meeting of the Association for Computational Linguistics (ACL), 340-350, 2021",
      "year": 2021,
      "citations": 283
    },
    {
      "title": "Text Data Mining",
      "url": "https://scholar.google.com/citations?view_op=view_citation&hl=en&user=Znde6gwAAAAJ&citation_for_view=Znde6gwAAAAJ:LgRImbQfgY4C",
      "authors": "C Zong, R Xia, J Zhang",
      "venue": "Springer, 2021",
      "year": 2021,
      "citations": 213
    },
    {
      "title": "Improving multimodal named entity recognition via entity span detection with unified multimodal Transformer",
      "url": "https://scholar.google.com/citations?view_op=view_citation&hl=en&user=Znde6gwAAAAJ&citation_for_view=Znde6gwAAAAJ:Aul-kAQHnToC",
      "authors": "J Yu, J Jiang, L Yang, R Xia",
      "venue": "Annual Meeting of the Association for Computational Linguistics (ACL), 3342-3352, 2020",
      "year": 2020,
      "citations": 353
    },
    {
      "title": "Grid tagging scheme for end-to-end fine-grained opinion extraction",
      "url": "https://scholar.google.com/citations?view_op=view_citation&hl=en&user=Znde6gwAAAAJ&citation_for_view=Znde6gwAAAAJ:gKiMpY-AVTkC",
      "authors": "Z Wu, C Ying, F Zhao, Z Fan, X Dai, R Xia",
      "venue": "Conference on Empirical Methods in Natural Language Processing (EMNLP …, 2020",
      "year": 2020,
      "citations": 320
    },
    {
      "title": "E-commerce product review sentiment classification based on a naïve Bayes continuous learning framework",
      "url": "https://scholar.google.com/citations?view_op=view_citation&hl=en&user=Znde6gwAAAAJ&citation_for_view=Znde6gwAAAAJ:8xutWZnSdmoC",
      "authors": "F Xu, Z Pan, R Xia",
      "venue": "Information Processing and Management (IP&M) 57 (5), 2020",
      "year": 2020,
      "citations": 242
    },
    {
      "title": "Entity-sensitive attention and fusion network for entity-level multimodal sentiment classification",
      "url": "https://scholar.google.com/citations?view_op=view_citation&hl=en&user=Znde6gwAAAAJ&citation_for_view=Znde6gwAAAAJ:nZcligLrVowC",
      "authors": "J Yu, J Jiang, R Xia",
      "venue": "IEEE/ACM Transactions on Audio, Speech, and Language Processing (TASLP) 28 …, 2020",
      "year": 2020,
      "citations": 237
    },
    {
      "title": "ECPE-2D: Emotion-Cause Pair Extraction based on Joint Two-Dimensional Representation, Interaction and Prediction",
      "url": "https://scholar.google.com/citations?view_op=view_citation&hl=en&user=Znde6gwAAAAJ&citation_for_view=Znde6gwAAAAJ:u-coK7KVo8oC",
      "authors": "Z Ding, R Xia, J Yu",
      "venue": "Annual Meeting of the Association for Computational Linguistics (ACL), 3161-3170, 2020",
      "year": 2020,
      "citations": 177
    },
    {
      "title": "Aspect-Category based Sentiment Analysis with Hierarchical Graph Convolutional Network",
      "url": "https://scholar.google.com/citations?view_op=view_citation&hl=en&user=Znde6gwAAAAJ&citation_for_view=Znde6gwAAAAJ:tH6gc1N1XXoC",
      "authors": "H Cai, Y Tu, X Zhou, J Yu, R Xia",
      "venue": "International Conference on Computational Linguistics (COLING), 833-843, 2020",
      "year": 2020,
      "citations": 135
    },
    {
      "title": "End-to-End Emotion-Cause Pair Extraction Based on Sliding Window Multi-Label Learning",
      "url": "https://scholar.google.com/citations?view_op=view_citation&hl=en&user=Znde6gwAAAAJ&citation_for_view=Znde6gwAAAAJ:5icHVeHT4IsC",
      "authors": "Z Ding, R Xia, J Yu",
      "venue": "Conference on Empirical Methods in Natural Language Processing (EMNLP), 3574 …, 2020",
      "year": 2020,
      "citations": 117
    },
    {
      "title": "Emotion-Cause Pair Extraction: A New Task to Emotion Analysis in Texts",
      "url": "https://scholar.google.com/citations?view_op=view_citation&hl=en&user=Znde6gwAAAAJ&citation_for_view=Znde6gwAAAAJ:P7Ujq4OLJYoC",
      "authors": "R Xia, Z Ding",
      "venue": "Annual Meeting of the Association for Computational Linguistics (ACL), 1003-1012, 2019",
      "year": 2019,
      "citations": 339
    },
    {
      "title": "RTHN: A RNN-Transformer Hierarchical Network for Emotion Cause Extraction",
      "url": "https://scholar.google.com/citations?view_op=view_citation&hl=en&user=Znde6gwAAAAJ&citation_for_view=Znde6gwAAAAJ:a3BOlSfXSfwC",
      "authors": "R Xia, M Zhang, Z Ding",
      "venue": "International Joint Conference on Artificial Intelligence (IJCAI), 5285-5291, 2019",
      "year": 2019,
      "citations": 130
    },
    {
      "title": "Global inference for aspect and opinion terms co-extraction based on multi-task neural networks",
      "url": "https://scholar.google.com/citations?view_op=view_citation&hl=en&user=Znde6gwAAAAJ&citation_for_view=Znde6gwAAAAJ:r_AWSJRzSzQC",
      "authors": "J Yu, J Jiang, R Xia",
      "venue": "IEEE/ACM Transactions on Audio, Speech, and Language Processing (TASLP) 27 …, 2018",
      "year": 2018,
      "citations": 112
    },
    {
      "title": "Polarity shift detection, elimination and ensemble: A three-stage model for document-level sentiment analysis",
      "url": "https://scholar.google.com/citations?view_op=view_citation&hl=en&user=Znde6gwAAAAJ&citation_for_view=Znde6gwAAAAJ:YOwf2qJgpHMC",
      "authors": "R Xia, F Xu, J Yu, Y Qi, E Cambria",
      "venue": "Information Processing and Management (IP&M) 52 (1), 36-45, 2016",
      "year": 2016,
      "citations": 188
    },
    {
      "title": "Dual sentiment analysis: Considering two sides of one review",
      "url": "https://scholar.google.com/citations?view_op=view_citation&hl=en&user=Znde6gwAAAAJ&citation_for_view=Znde6gwAAAAJ:6bLC7aUMtPcC",
      "authors": "R Xia, F Xu, C Zong, Q Li, Y Qi, T Li",
      "venue": "IEEE Transactions on Knowledge and Data Engineering (TKDE) 27 (8), 2120-2133, 2015",
      "year": 2015,
      "citations": 177
    },
    {
      "title": "Feature ensemble plus sample selection: Domain adaptation for sentiment classification",
      "url": "https://scholar.google.com/citations?view_op=view_citation&hl=en&user=Znde6gwAAAAJ&citation_for_view=Znde6gwAAAAJ:v1_lew4L6wgC",
      "authors": "R Xia, C Zong, X Hu, E Cambria",
      "venue": "IEEE Intelligent Systems 28 (3), 10-18, 2013",
      "year": 2013,
      "citations": 238
    },
    {
      "title": "Ensemble of feature sets and classification algorithms for sentiment classification",
      "url": "https://scholar.google.com/citations?view_op=view_citation&hl=en&user=Znde6gwAAAAJ&citation_for_view=Znde6gwAAAAJ:2osOgNQ5qMEC",
      "authors": "R Xia, C Zong, S Li",
      "venue": "Information sciences 181 (6), 1138-1152, 2011",
      "year": 2011,
      "citations": 831
    },
    {
      "title": "A framework of feature selection methods for text categorization",
      "url": "https://scholar.google.com/citations?view_op=view_citation&hl=en&user=Znde6gwAAAAJ&citation_for_view=Znde6gwAAAAJ:9yKSN-GCB0IC",
      "authors": "S Li, R Xia, C Zong, CR Huang",
      "venue": "Annual Meeting of the Association for Computational Linguistics (ACL), 692-700, 2009",
      "year": 2009,
      "citations": 175
    }
  ],
  "co_authors": [
    {
      "name": "Jianfei Yu",
      "scholar_id": "bLg9EoMAAAAJ",
      "url": "https://scholar.google.com/citations?user=bLg9EoMAAAAJ"
    },
    {
      "name": "Chengqing Zong (宗成庆)",
      "scholar_id": "l8lvKOQAAAAJ",
      "url": "https://scholar.google.com/citations?user=l8lvKOQAAAAJ"
    },
    {
      "name": "Zixiang Ding",
      "scholar_id": "W6z662wAAAAJ",
      "url": "https://scholar.google.com/citations?user=W6z662wAAAAJ"
    },
    {
      "name": "Zengzhi Wang",
      "scholar_id": "qLS4f-8AAAAJ",
      "url": "https://scholar.google.com/citations?user=qLS4f-8AAAAJ"
    },
    {
      "name": "Jiajun Zhang",
      "scholar_id": "93zngeYAAAAJ",
      "url": "https://scholar.google.com/citations?user=93zngeYAAAAJ"
    },
    {
      "name": "Shoushan Li",
      "scholar_id": "ZRGSxdUAAAAJ",
      "url": "https://scholar.google.com/citations?user=ZRGSxdUAAAAJ"
    },
    {
      "name": "Hongjie Cai",
      "scholar_id": "-BRuU2IAAAAJ",
      "url": "https://scholar.google.com/citations?user=-BRuU2IAAAAJ"
    },
    {
      "name": "Jing Jiang",
      "scholar_id": "hVTK2YwAAAAJ",
      "url": "https://scholar.google.com/citations?user=hVTK2YwAAAAJ"
    },
    {
      "name": "Xinyu Dai",
      "scholar_id": "zpWB1CgAAAAJ",
      "url": "https://scholar.google.com/citations?user=zpWB1CgAAAAJ"
    },
    {
      "name": "Xiangqing Shen",
      "scholar_id": "EyzixyAAAAAJ",
      "url": "https://scholar.google.com/citations?user=EyzixyAAAAAJ"
    },
    {
      "name": "Fanfan Wang",
      "scholar_id": "bG1H7OQAAAAJ",
      "url": "https://scholar.google.com/citations?user=bG1H7OQAAAAJ"
    },
    {
      "name": "Erik Cambria",
      "scholar_id": "ilSYpW0AAAAJ",
      "url": "https://scholar.google.com/citations?user=ilSYpW0AAAAJ"
    },
    {
      "name": "Zhen Wu",
      "scholar_id": "IoGlgtoAAAAJ",
      "url": "https://scholar.google.com/citations?user=IoGlgtoAAAAJ"
    },
    {
      "name": "Xuelei Hu",
      "scholar_id": "6qKZtMQAAAAJ",
      "url": "https://scholar.google.com/citations?user=6qKZtMQAAAAJ"
    },
    {
      "name": "Tao Li (李涛)",
      "scholar_id": "_SuhcLEAAAAJ",
      "url": "https://scholar.google.com/citations?user=_SuhcLEAAAAJ"
    },
    {
      "name": "Jian Yang",
      "scholar_id": "6CIDtZQAAAAJ",
      "url": "https://scholar.google.com/citations?user=6CIDtZQAAAAJ"
    },
    {
      "name": "Chu-Ren Huang",
      "scholar_id": "zP4DNqgAAAAJ",
      "url": "https://scholar.google.com/citations?user=zP4DNqgAAAAJ"
    },
    {
      "name": "Guangneng Hu",
      "scholar_id": "_mpy5bEAAAAJ",
      "url": "https://scholar.google.com/citations?user=_mpy5bEAAAAJ"
    },
    {
      "name": "Shujian Huang (黄书剑)",
      "scholar_id": "HF3-E9kAAAAJ",
      "url": "https://scholar.google.com/citations?user=HF3-E9kAAAAJ"
    },
    {
      "name": "Chengzhi Zhang",
      "scholar_id": "AzVBq00AAAAJ",
      "url": "https://scholar.google.com/citations?user=AzVBq00AAAAJ"
    }
  ]
}