{
  "author_info": {
    "name": "Paulius Rauba",
    "affiliation": "University of Cambridge",
    "email_verified": "Verified email at cam.ac.uk",
    "interests": [
      "Machine learning"
    ],
    "photo_url": "https://scholar.googleusercontent.com/citations?view_op=view_photo&user=NoVFmOgAAAAJ&citpid=6"
  },
  "citation_stats": {
    "citations_all": 85,
    "citations_since_2020": 85,
    "h_index_all": 5,
    "h_index_since_2020": 5,
    "i10_index_all": 4,
    "i10_index_since_2020": 4,
    "citation_graph": [
      {
        "year": 2022,
        "citations": 9
      },
      {
        "year": 2023,
        "citations": 8
      },
      {
        "year": 2024,
        "citations": 22
      },
      {
        "year": 2025,
        "citations": 45
      }
    ]
  },
  "papers": [
    {
      "title": "Redefining digital health interfaces with large language models",
      "url": "https://scholar.google.com/citations?view_op=view_citation&hl=en&user=NoVFmOgAAAAJ&citation_for_view=NoVFmOgAAAAJ:d1gkVwhDpl0C",
      "authors": "F Imrie, P Rauba, M van der Schaar",
      "venue": "Frontiers in Artificial Intelligence, 2025",
      "year": 2025,
      "citations": 10
    },
    {
      "title": "Statistical Hypothesis Testing for Auditing Robustness in Language Models",
      "url": "https://scholar.google.com/citations?view_op=view_citation&hl=en&user=NoVFmOgAAAAJ&citation_for_view=NoVFmOgAAAAJ:eQOLeE2rZwMC",
      "authors": "P Rauba, Q Wei, M van der Schaar",
      "venue": "Forty-second International Conference on Machine Learning. ICML 2025, 2025",
      "year": 2025,
      "citations": 1
    },
    {
      "title": "Deep Hierarchical Learning with Nested Subspace Networks",
      "url": "https://scholar.google.com/citations?view_op=view_citation&hl=en&user=NoVFmOgAAAAJ&citation_for_view=NoVFmOgAAAAJ:WF5omc3nYNoC",
      "authors": "P Rauba, M van der Schaar",
      "venue": "arXiv preprint arXiv:2509.17874, 2025",
      "year": 2025,
      "citations": 0
    },
    {
      "title": "Visualizing token importance for black-box language models",
      "url": "https://scholar.google.com/citations?view_op=view_citation&hl=en&user=NoVFmOgAAAAJ&citation_for_view=NoVFmOgAAAAJ:YsMSGLbcyi4C",
      "authors": "P Rauba, Q Wei, M van der Schaar",
      "venue": "The 28th International Conference on Artificial Intelligence and Statistics, 2025",
      "year": 2025,
      "citations": 0
    },
    {
      "title": "Context-Aware Testing: A New Paradigm for Model Testing with Large Language Models",
      "url": "https://scholar.google.com/citations?view_op=view_citation&hl=en&user=NoVFmOgAAAAJ&citation_for_view=NoVFmOgAAAAJ:qjMakFHDy7sC",
      "authors": "P Rauba, N Seedat, MR Luyten, M van der Schaar",
      "venue": "NeurIPS 2024 (38th Conference on Neural Information Processing Systems), 2024",
      "year": 2024,
      "citations": 13
    },
    {
      "title": "Self-Healing Machine Learning: A Framework for Autonomous Adaptation in Real-World Environments",
      "url": "https://scholar.google.com/citations?view_op=view_citation&hl=en&user=NoVFmOgAAAAJ&citation_for_view=NoVFmOgAAAAJ:UeHWp8X0CEIC",
      "authors": "P Rauba, N Seedat, K Kacprzyk, M van der Schaar",
      "venue": "NeurIPS 2024 (38th Conference on Neural Information Processing Systems), 2024",
      "year": 2024,
      "citations": 11
    },
    {
      "title": "Quantifying perturbation impacts for large language models",
      "url": "https://scholar.google.com/citations?view_op=view_citation&hl=en&user=NoVFmOgAAAAJ&citation_for_view=NoVFmOgAAAAJ:zYLM7Y9cAGgC",
      "authors": "P Rauba, Q Wei, M van der Schaar",
      "venue": "Statistical Foundations of LLMs and Foundation Models Workshop at NeurIPS 2024, 2024",
      "year": 2024,
      "citations": 8
    },
    {
      "title": "Memes in the wild: Assessing the generalizability of the hateful memes challenge dataset",
      "url": "https://scholar.google.com/citations?view_op=view_citation&hl=en&user=NoVFmOgAAAAJ&citation_for_view=NoVFmOgAAAAJ:u5HHmVD_uO8C",
      "authors": "HR Kirk, Y Jun, P Rauba, G Wachtel, R Li, X Bai, N Broestl, M Doff-Sotta, ...",
      "venue": "Proceedings of the 5th Workshop on Online Abuse and Harms (WOAH 2021), 2021",
      "year": 2021,
      "citations": 41
    },
    {
      "title": "Armed Conflict and State Policy Preferences: A Statistical and Neural Embedding Approach",
      "url": "https://scholar.google.com/citations?view_op=view_citation&hl=en&user=NoVFmOgAAAAJ&citation_for_view=NoVFmOgAAAAJ:9yKSN-GCB0IC",
      "authors": "P Rauba",
      "venue": "University of Oxford, 2021",
      "year": 2021,
      "citations": 1
    }
  ],
  "co_authors": []
}