{
  "author_info": {
    "name": "Xin Yang",
    "affiliation": "Professor of Computer Science, Dalian University of Technology",
    "email_verified": "Verified email at dlut.edu.cn - Homepage",
    "website": "https://xinyangdut.github.io/",
    "interests": [
      "Cpmputer Graphics",
      "Computer Vision"
    ],
    "photo_url": "https://scholar.googleusercontent.com/citations?view_op=view_photo&user=YU2ujh4AAAAJ&citpid=8"
  },
  "citation_stats": {
    "citations_all": 5840,
    "citations_since_2020": 5559,
    "h_index_all": 32,
    "h_index_since_2020": 31,
    "i10_index_all": 67,
    "i10_index_since_2020": 67,
    "citation_graph": [
      {
        "year": 2015,
        "citations": 16
      },
      {
        "year": 2016,
        "citations": 41
      },
      {
        "year": 2017,
        "citations": 36
      },
      {
        "year": 2018,
        "citations": 54
      },
      {
        "year": 2019,
        "citations": 108
      },
      {
        "year": 2020,
        "citations": 217
      },
      {
        "year": 2021,
        "citations": 526
      },
      {
        "year": 2022,
        "citations": 715
      },
      {
        "year": 2023,
        "citations": 1127
      },
      {
        "year": 2024,
        "citations": 1488
      },
      {
        "year": 2025,
        "citations": 1472
      }
    ]
  },
  "papers": [
    {
      "title": "Frame-event alignment and fusion network for high frame rate tracking",
      "url": "https://scholar.google.com/citations?view_op=view_citation&hl=en&user=YU2ujh4AAAAJ&citation_for_view=YU2ujh4AAAAJ:3fE2CSJIrl8C",
      "authors": "J Zhang, Y Wang, W Liu, M Li, J Bai, B Yin, X Yang",
      "venue": "Proceedings of the IEEE/CVF Conference on Computer Vision and Pattern …, 2023",
      "year": 2023,
      "citations": 81
    },
    {
      "title": "Spiking transformers for event-based single object tracking",
      "url": "https://scholar.google.com/citations?view_op=view_citation&hl=en&user=YU2ujh4AAAAJ&citation_for_view=YU2ujh4AAAAJ:zYLM7Y9cAGgC",
      "authors": "J Zhang, B Dong, H Zhang, J Ding, F Heide, B Yin, X Yang",
      "venue": "Proceedings of the IEEE/CVF conference on Computer Vision and Pattern …, 2022",
      "year": 2022,
      "citations": 242
    },
    {
      "title": "Glass segmentation using intensity and spectral polarization cues",
      "url": "https://scholar.google.com/citations?view_op=view_citation&hl=en&user=YU2ujh4AAAAJ&citation_for_view=YU2ujh4AAAAJ:WF5omc3nYNoC",
      "authors": "H Mei, B Dong, W Dong, J Yang, SH Baek, F Heide, P Peers, X Wei, ...",
      "venue": "Proceedings of the IEEE/CVF conference on computer vision and pattern …, 2022",
      "year": 2022,
      "citations": 127
    },
    {
      "title": "Camouflaged object segmentation with distraction mining",
      "url": "https://scholar.google.com/citations?view_op=view_citation&hl=en&user=YU2ujh4AAAAJ&citation_for_view=YU2ujh4AAAAJ:d1gkVwhDpl0C",
      "authors": "H Mei, GP Ji, Z Wei, X Yang, X Wei, DP Fan",
      "venue": "Proceedings of the IEEE/CVF conference on computer vision and pattern …, 2021",
      "year": 2021,
      "citations": 610
    },
    {
      "title": "Object tracking by jointly exploiting frame and event domain",
      "url": "https://scholar.google.com/citations?view_op=view_citation&hl=en&user=YU2ujh4AAAAJ&citation_for_view=YU2ujh4AAAAJ:eQOLeE2rZwMC",
      "authors": "J Zhang, X Yang, Y Fu, X Wei, B Yin, B Dong",
      "venue": "Proceedings of the IEEE/CVF International Conference on Computer Vision …, 2021",
      "year": 2021,
      "citations": 154
    },
    {
      "title": "Depth-aware mirror segmentation",
      "url": "https://scholar.google.com/citations?view_op=view_citation&hl=en&user=YU2ujh4AAAAJ&citation_for_view=YU2ujh4AAAAJ:UebtZRa9Y70C",
      "authors": "H Mei, B Dong, W Dong, P Peers, X Yang, Q Zhang, X Wei",
      "venue": "Proceedings of the IEEE/CVF conference on computer vision and pattern …, 2021",
      "year": 2021,
      "citations": 89
    },
    {
      "title": "Exploring dense context for salient object detection",
      "url": "https://scholar.google.com/citations?view_op=view_citation&hl=en&user=YU2ujh4AAAAJ&citation_for_view=YU2ujh4AAAAJ:roLk4NBRz8UC",
      "authors": "H Mei, Y Liu, Z Wei, D Zhou, X Wei, Q Zhang, X Yang",
      "venue": "IEEE Transactions on Circuits and Systems for Video Technology 32 (3), 1378-1389, 2021",
      "year": 2021,
      "citations": 87
    },
    {
      "title": "Tripartite information mining and integration for image matting",
      "url": "https://scholar.google.com/citations?view_op=view_citation&hl=en&user=YU2ujh4AAAAJ&citation_for_view=YU2ujh4AAAAJ:LkGwnXOMwfcC",
      "authors": "Y Liu, J Xie, X Shi, Y Qiao, Y Huang, Y Tang, X Yang",
      "venue": "Proceedings of the IEEE/CVF International Conference on Computer Vision …, 2021",
      "year": 2021,
      "citations": 84
    },
    {
      "title": "A two-stage attentive network for single image super-resolution",
      "url": "https://scholar.google.com/citations?view_op=view_citation&hl=en&user=YU2ujh4AAAAJ&citation_for_view=YU2ujh4AAAAJ:ufrVoPGSRksC",
      "authors": "J Zhang, C Long, Y Wang, H Piao, H Mei, X Yang, B Yin",
      "venue": "IEEE Transactions on Circuits and Systems for Video Technology 32 (3), 1020-1033, 2021",
      "year": 2021,
      "citations": 79
    },
    {
      "title": "Learning to restore low-light images via decomposition-and-enhancement",
      "url": "https://scholar.google.com/citations?view_op=view_citation&hl=en&user=YU2ujh4AAAAJ&citation_for_view=YU2ujh4AAAAJ:2osOgNQ5qMEC",
      "authors": "K Xu, X Yang, B Yin, RWH Lau",
      "venue": "Proceedings of the IEEE/CVF conference on computer vision and pattern …, 2020",
      "year": 2020,
      "citations": 521
    },
    {
      "title": "Attention scaling for crowd counting",
      "url": "https://scholar.google.com/citations?view_op=view_citation&hl=en&user=YU2ujh4AAAAJ&citation_for_view=YU2ujh4AAAAJ:qjMakFHDy7sC",
      "authors": "X Jiang, L Zhang, M Xu, T Zhang, P Lv, B Zhou, X Yang, Y Pang",
      "venue": "Proceedings of the IEEE/CVF conference on computer vision and pattern …, 2020",
      "year": 2020,
      "citations": 373
    },
    {
      "title": "Attention-guided hierarchical structure aggregation for image matting",
      "url": "https://scholar.google.com/citations?view_op=view_citation&hl=en&user=YU2ujh4AAAAJ&citation_for_view=YU2ujh4AAAAJ:IjCSPb-OGe4C",
      "authors": "Y Qiao, Y Liu, X Yang, D Zhou, M Xu, Q Zhang, X Wei",
      "venue": "Proceedings of the IEEE/CVF Conference on Computer Vision and Pattern …, 2020",
      "year": 2020,
      "citations": 239
    },
    {
      "title": "Don't hit me! glass detection in real-world scenes",
      "url": "https://scholar.google.com/citations?view_op=view_citation&hl=en&user=YU2ujh4AAAAJ&citation_for_view=YU2ujh4AAAAJ:Y0pCki6q_DkC",
      "authors": "H Mei, X Yang, Y Wang, Y Liu, S He, Q Zhang, X Wei, RWH Lau",
      "venue": "Proceedings of the IEEE/CVF Conference on Computer Vision and Pattern …, 2020",
      "year": 2020,
      "citations": 185
    },
    {
      "title": "Tenet: Triple excitation network for video salient object detection",
      "url": "https://scholar.google.com/citations?view_op=view_citation&hl=en&user=YU2ujh4AAAAJ&citation_for_view=YU2ujh4AAAAJ:_FxGoFyzp5QC",
      "authors": "S Ren, C Han, X Yang, G Han, S He",
      "venue": "Computer Vision–ECCV 2020: 16th European Conference, Glasgow, UK, August 23 …, 2020",
      "year": 2020,
      "citations": 85
    },
    {
      "title": "Spatial attentive single-image deraining with a high quality real rain dataset",
      "url": "https://scholar.google.com/citations?view_op=view_citation&hl=en&user=YU2ujh4AAAAJ&citation_for_view=YU2ujh4AAAAJ:u-x6o8ySG0sC",
      "authors": "T Wang, X Yang, K Xu, S Chen, Q Zhang, RWH Lau",
      "venue": "Proceedings of the IEEE/CVF conference on computer vision and pattern …, 2019",
      "year": 2019,
      "citations": 772
    },
    {
      "title": "Where is my mirror?",
      "url": "https://scholar.google.com/citations?view_op=view_citation&hl=en&user=YU2ujh4AAAAJ&citation_for_view=YU2ujh4AAAAJ:W7OEmFMy1HYC",
      "authors": "X Yang, H Mei, K Xu, X Wei, B Yin, RWH Lau",
      "venue": "Proceedings of the IEEE/CVF International Conference on Computer Vision …, 2019",
      "year": 2019,
      "citations": 171
    },
    {
      "title": "Image correction via deep reciprocating HDR transformation",
      "url": "https://scholar.google.com/citations?view_op=view_citation&hl=en&user=YU2ujh4AAAAJ&citation_for_view=YU2ujh4AAAAJ:Tyk-4Ss8FVUC",
      "authors": "X Yang, K Xu, Y Song, Q Zhang, X Wei, RWH Lau",
      "venue": "Proceedings of the IEEE Conference on Computer Vision and Pattern …, 2018",
      "year": 2018,
      "citations": 149
    },
    {
      "title": "DRFN: Deep recurrent fusion network for single-image super-resolution with large factors",
      "url": "https://scholar.google.com/citations?view_op=view_citation&hl=en&user=YU2ujh4AAAAJ&citation_for_view=YU2ujh4AAAAJ:YsMSGLbcyi4C",
      "authors": "X Yang, H Mei, J Zhang, K Xu, B Yin, Q Zhang, X Wei",
      "venue": "IEEE Transactions on Multimedia 21 (2), 328-337, 2018",
      "year": 2018,
      "citations": 126
    },
    {
      "title": "Interactive sketch-based normal map generation with deep neural networks",
      "url": "https://scholar.google.com/citations?view_op=view_citation&hl=en&user=YU2ujh4AAAAJ&citation_for_view=YU2ujh4AAAAJ:Se3iqnhoufwC",
      "authors": "W Su, D Du, X Yang, S Zhou, H Fu",
      "venue": "Proceedings of the ACM on Computer Graphics and Interactive Techniques 1 (1 …, 2018",
      "year": 2018,
      "citations": 64
    },
    {
      "title": "Optimized big data K-means clustering using MapReduce",
      "url": "https://scholar.google.com/citations?view_op=view_citation&hl=en&user=YU2ujh4AAAAJ&citation_for_view=YU2ujh4AAAAJ:UeHWp8X0CEIC",
      "authors": "X Cui, P Zhu, X Yang, K Li, C Ji",
      "venue": "The Journal of Supercomputing 70, 1249-1259, 2014",
      "year": 2014,
      "citations": 235
    }
  ],
  "co_authors": [
    {
      "name": "Baocai Yin",
      "scholar_id": "uXtYy_8AAAAJ",
      "url": "https://scholar.google.com/citations?user=uXtYy_8AAAAJ"
    },
    {
      "name": "Haiyang Mei",
      "scholar_id": "yfq6OSkAAAAJ",
      "url": "https://scholar.google.com/citations?user=yfq6OSkAAAAJ"
    },
    {
      "name": "Rynson W.H. Lau",
      "scholar_id": "KilQqKYAAAAJ",
      "url": "https://scholar.google.com/citations?user=KilQqKYAAAAJ"
    },
    {
      "name": "Bo Dong",
      "scholar_id": "3jZV_3sAAAAJ",
      "url": "https://scholar.google.com/citations?user=3jZV_3sAAAAJ"
    },
    {
      "name": "Xiaopeng Wei",
      "scholar_id": "LRDKx5cAAAAJ",
      "url": "https://scholar.google.com/citations?user=LRDKx5cAAAAJ"
    }
  ]
}