{
  "author_info": {
    "name": "Jing Lu",
    "affiliation": "Google Deepmind",
    "email_verified": "Verified email at google.com",
    "interests": [
      "Natural Language Processing"
    ],
    "photo_url": "/citations/images/avatar_scholar_128.png"
  },
  "citation_stats": {
    "citations_all": 2790,
    "citations_since_2020": 2681,
    "h_index_all": 19,
    "h_index_since_2020": 18,
    "i10_index_all": 22,
    "i10_index_since_2020": 22,
    "citation_graph": [
      {
        "year": 2017,
        "citations": 17
      },
      {
        "year": 2018,
        "citations": 35
      },
      {
        "year": 2019,
        "citations": 54
      },
      {
        "year": 2020,
        "citations": 84
      },
      {
        "year": 2021,
        "citations": 131
      },
      {
        "year": 2022,
        "citations": 160
      },
      {
        "year": 2023,
        "citations": 368
      },
      {
        "year": 2024,
        "citations": 549
      },
      {
        "year": 2025,
        "citations": 1378
      }
    ]
  },
  "papers": [
    {
      "title": "Gemini 2.5: Pushing the Frontier with Advanced Reasoning, Multimodality, Long Context, and Next Generation Agentic Capabilities",
      "url": "https://scholar.google.com/citations?view_op=view_citation&hl=en&user=5jKoaaoAAAAJ&citation_for_view=5jKoaaoAAAAJ:3fE2CSJIrl8C",
      "authors": "G Comanici, E Bieber, M Schaekermann, I Pasupat, N Sachdeva, I Dhillon, ...",
      "venue": "arXiv preprint arXiv:2507.06261, 2025",
      "year": 2025,
      "citations": 846
    },
    {
      "title": "Rankt5: Fine-tuning t5 for text ranking with ranking losses",
      "url": "https://scholar.google.com/citations?view_op=view_citation&hl=en&user=5jKoaaoAAAAJ&citation_for_view=5jKoaaoAAAAJ:MXK_kJrjxJIC",
      "authors": "H Zhuang, Z Qin, R Jagerman, K Hui, J Ma, J Lu, J Ni, X Wang, ...",
      "venue": "Proceedings of the 46th International ACM SIGIR Conference on Research and …, 2023",
      "year": 2023,
      "citations": 204
    },
    {
      "title": "Promptagator: Few-shot dense retrieval from 8 examples",
      "url": "https://scholar.google.com/citations?view_op=view_citation&hl=en&user=5jKoaaoAAAAJ&citation_for_view=5jKoaaoAAAAJ:0EnyYjriUFMC",
      "authors": "Z Dai, VY Zhao, J Ma, Y Luan, J Ni, J Lu, A Bakalov, K Guu, KB Hall, ...",
      "venue": "arXiv preprint arXiv:2209.11755, 2022",
      "year": 2022,
      "citations": 321
    },
    {
      "title": "Out-of-domain semantics to the rescue! zero-shot hybrid retrieval models",
      "url": "https://scholar.google.com/citations?view_op=view_citation&hl=en&user=5jKoaaoAAAAJ&citation_for_view=5jKoaaoAAAAJ:Se3iqnhoufwC",
      "authors": "T Chen, M Zhang, J Lu, M Bendersky, M Najork",
      "venue": "European Conference on Information Retrieval, 95-110, 2022",
      "year": 2022,
      "citations": 58
    },
    {
      "title": "Ed2lm: Encoder-decoder to language model for faster document re-ranking inference",
      "url": "https://scholar.google.com/citations?view_op=view_citation&hl=en&user=5jKoaaoAAAAJ&citation_for_view=5jKoaaoAAAAJ:UebtZRa9Y70C",
      "authors": "K Hui, H Zhuang, T Chen, Z Qin, J Lu, D Bahri, J Ma, JP Gupta, CN Santos, ...",
      "venue": "arXiv preprint arXiv:2204.11458, 2022",
      "year": 2022,
      "citations": 16
    },
    {
      "title": "Large Dual Encoders Are Generalizable Retrievers",
      "url": "https://scholar.google.com/citations?view_op=view_citation&hl=en&user=5jKoaaoAAAAJ&citation_for_view=5jKoaaoAAAAJ:_FxGoFyzp5QC",
      "authors": "J Ni, C Qu, J Lu, Z Dai, GH Ábrego, J Ma, VY Zhao, Y Luan, KB Hall, ...",
      "venue": "arXiv preprint arXiv:2112.07899, 2021",
      "year": 2021,
      "citations": 536
    },
    {
      "title": "Multi-stage Training with Improved Negative Contrast for Neural Passage Retrieval",
      "url": "https://scholar.google.com/citations?view_op=view_citation&hl=en&user=5jKoaaoAAAAJ&citation_for_view=5jKoaaoAAAAJ:LkGwnXOMwfcC",
      "authors": "J Lu, GH Ábrego, J Ma, J Ni, Y Yang",
      "venue": "Proceedings of the 2021 Conference on Empirical Methods in Natural Language …, 2021",
      "year": 2021,
      "citations": 53
    },
    {
      "title": "Constrained Multi-Task Learning for Event Coreference Resolution",
      "url": "https://scholar.google.com/citations?view_op=view_citation&hl=en&user=5jKoaaoAAAAJ&citation_for_view=5jKoaaoAAAAJ:ufrVoPGSRksC",
      "authors": "J Lu, V Ng",
      "venue": "Proceedings of the 2021 Conference of the North American Chapter of the …, 2021",
      "year": 2021,
      "citations": 22
    },
    {
      "title": "Span-Based Event Coreference Resolution",
      "url": "https://scholar.google.com/citations?view_op=view_citation&hl=en&user=5jKoaaoAAAAJ&citation_for_view=5jKoaaoAAAAJ:WF5omc3nYNoC",
      "authors": "J Lu, V Ng",
      "venue": "Proceedings of the AAAI Conference on Artificial Intelligence 35 (15), 13489 …, 2021",
      "year": 2021,
      "citations": 22
    },
    {
      "title": "Conundrums in Event Coreference Resolution: Making Sense of the State of the Art",
      "url": "https://scholar.google.com/citations?view_op=view_citation&hl=en&user=5jKoaaoAAAAJ&citation_for_view=5jKoaaoAAAAJ:roLk4NBRz8UC",
      "authors": "J Lu, V Ng",
      "venue": "Proceedings of the 2021 Conference on Empirical Methods in Natural Language …, 2021",
      "year": 2021,
      "citations": 20
    },
    {
      "title": "Conundrums in entity coreference resolution: Making sense of the state of the art",
      "url": "https://scholar.google.com/citations?view_op=view_citation&hl=en&user=5jKoaaoAAAAJ&citation_for_view=5jKoaaoAAAAJ:W7OEmFMy1HYC",
      "authors": "J Lu, V Ng",
      "venue": "Proceedings of the 2020 Conference on Empirical Methods in Natural Language …, 2020",
      "year": 2020,
      "citations": 27
    },
    {
      "title": "Assessing the quality of the steps to reproduce in bug reports",
      "url": "https://scholar.google.com/citations?view_op=view_citation&hl=en&user=5jKoaaoAAAAJ&citation_for_view=5jKoaaoAAAAJ:Y0pCki6q_DkC",
      "authors": "O Chaparro, C Bernal-Cárdenas, J Lu, K Moran, A Marcus, M Di Penta, ...",
      "venue": "Proceedings of the 2019 27th ACM Joint Meeting on European Software …, 2019",
      "year": 2019,
      "citations": 103
    },
    {
      "title": "Improving Event Coreference Resolution by Learning Argument Compatibility from Unlabeled Data",
      "url": "https://scholar.google.com/citations?view_op=view_citation&hl=en&user=5jKoaaoAAAAJ&citation_for_view=5jKoaaoAAAAJ:Tyk-4Ss8FVUC",
      "authors": "YJ Huang, J Lu, S Kurohashi, V Ng",
      "venue": "Proceedings of the 2019 Conference of the North American Chapter of the …, 2019",
      "year": 2019,
      "citations": 50
    },
    {
      "title": "Event Coreference Resolution: A Survey of Two Decades of Research.",
      "url": "https://scholar.google.com/citations?view_op=view_citation&hl=en&user=5jKoaaoAAAAJ&citation_for_view=5jKoaaoAAAAJ:9yKSN-GCB0IC",
      "authors": "J Lu, V Ng",
      "venue": "IJCAI, 5479-5486, 2018",
      "year": 2018,
      "citations": 80
    },
    {
      "title": "Detecting missing information in bug descriptions",
      "url": "https://scholar.google.com/citations?view_op=view_citation&hl=en&user=5jKoaaoAAAAJ&citation_for_view=5jKoaaoAAAAJ:UeHWp8X0CEIC",
      "authors": "O Chaparro, J Lu, F Zampetti, L Moreno, M Di Penta, A Marcus, G Bavota, ...",
      "venue": "Proceedings of the 2017 11th Joint Meeting on Foundations of Software …, 2017",
      "year": 2017,
      "citations": 201
    },
    {
      "title": "Joint learning for event coreference resolution",
      "url": "https://scholar.google.com/citations?view_op=view_citation&hl=en&user=5jKoaaoAAAAJ&citation_for_view=5jKoaaoAAAAJ:d1gkVwhDpl0C",
      "authors": "J Lu, V Ng",
      "venue": "Proceedings of the 55th Annual Meeting of the Association for Computational …, 2017",
      "year": 2017,
      "citations": 71
    },
    {
      "title": "Learning antecedent structures for event coreference resolution",
      "url": "https://scholar.google.com/citations?view_op=view_citation&hl=en&user=5jKoaaoAAAAJ&citation_for_view=5jKoaaoAAAAJ:u-x6o8ySG0sC",
      "authors": "J Lu, V Ng",
      "venue": "2017 16th IEEE International Conference on Machine Learning and Applications …, 2017",
      "year": 2017,
      "citations": 20
    },
    {
      "title": "Joint inference for event coreference resolution",
      "url": "https://scholar.google.com/citations?view_op=view_citation&hl=en&user=5jKoaaoAAAAJ&citation_for_view=5jKoaaoAAAAJ:u5HHmVD_uO8C",
      "authors": "J Lu, D Venugopal, V Gogate, V Ng",
      "venue": "Proceedings of COLING 2016, the 26th International Conference on …, 2016",
      "year": 2016,
      "citations": 53
    },
    {
      "title": "Event coreference resolution with multi-pass sieves",
      "url": "https://scholar.google.com/citations?view_op=view_citation&hl=en&user=5jKoaaoAAAAJ&citation_for_view=5jKoaaoAAAAJ:qjMakFHDy7sC",
      "authors": "J Lu, V Ng",
      "venue": "Proceedings of the Tenth International Conference on Language Resources and …, 2016",
      "year": 2016,
      "citations": 32
    },
    {
      "title": "UTD’s Event Nugget Detection and Coreference System at KBP 2016.",
      "url": "https://scholar.google.com/citations?view_op=view_citation&hl=en&user=5jKoaaoAAAAJ&citation_for_view=5jKoaaoAAAAJ:2osOgNQ5qMEC",
      "authors": "J Lu, V Ng",
      "venue": "TAC, 2016",
      "year": 2016,
      "citations": 21
    }
  ],
  "co_authors": [
    {
      "name": "Vincent Ng",
      "scholar_id": "4UyniXYAAAAJ",
      "url": "https://scholar.google.com/citations?user=4UyniXYAAAAJ"
    },
    {
      "name": "Deepak Venugopal",
      "scholar_id": "2NcCT3UAAAAJ",
      "url": "https://scholar.google.com/citations?user=2NcCT3UAAAAJ"
    },
    {
      "name": "Vibhav Gogate",
      "scholar_id": "pm_dg3cAAAAJ",
      "url": "https://scholar.google.com/citations?user=pm_dg3cAAAAJ"
    }
  ]
}