{
  "author_info": {
    "name": "Quan Shi",
    "affiliation": "Princeton University",
    "email_verified": "Verified email at princeton.edu - Homepage",
    "website": "https://benshi34.github.io/",
    "interests": [
      "NLP"
    ],
    "photo_url": "/citations/images/avatar_scholar_128.png"
  },
  "citation_stats": {
    "citations_all": 269,
    "citations_since_2020": 263,
    "h_index_all": 3,
    "h_index_since_2020": 3,
    "i10_index_all": 3,
    "i10_index_since_2020": 3,
    "citation_graph": [
      {
        "year": 2019,
        "citations": 6
      },
      {
        "year": 2020,
        "citations": 18
      },
      {
        "year": 2021,
        "citations": 25
      },
      {
        "year": 2022,
        "citations": 16
      },
      {
        "year": 2023,
        "citations": 15
      },
      {
        "year": 2024,
        "citations": 34
      },
      {
        "year": 2025,
        "citations": 154
      }
    ]
  },
  "papers": [
    {
      "title": "When Models Know More Than They Can Explain: Quantifying Knowledge Transfer in Human-AI Collaboration",
      "url": "https://scholar.google.com/citations?view_op=view_citation&hl=en&user=6jLhcpoAAAAJ&citation_for_view=6jLhcpoAAAAJ:zYLM7Y9cAGgC",
      "authors": "Q Shi, CE Jimenez, S Yao, N Haber, D Yang, K Narasimhan",
      "venue": "NeurIPS 2025, 2025",
      "year": 2025,
      "citations": 2
    },
    {
      "title": "IMPersona: Evaluating Individual Level LM Impersonation",
      "url": "https://scholar.google.com/citations?view_op=view_citation&hl=en&user=6jLhcpoAAAAJ&citation_for_view=6jLhcpoAAAAJ:UeHWp8X0CEIC",
      "authors": "Q Shi, C Jimenez, S Dong, B Seo, C Yao, A Kelch, K Narasimhan",
      "venue": "COLM 2025, 2025",
      "year": 2025,
      "citations": 1
    },
    {
      "title": "BRIGHT: A Realistic and Challenging Benchmark for Reasoning-Intensive Retrieval",
      "url": "https://scholar.google.com/citations?view_op=view_citation&hl=en&user=6jLhcpoAAAAJ&citation_for_view=6jLhcpoAAAAJ:d1gkVwhDpl0C",
      "authors": "H Su, H Yen, M Xia, W Shi, N Muennighoff, H Wang, H Liu, Q Shi, ...",
      "venue": "ICLR 2025 (Spotlight), 2024",
      "year": 2024,
      "citations": 111
    },
    {
      "title": "Can Language Models Solve Olympiad Programming?",
      "url": "https://scholar.google.com/citations?view_op=view_citation&hl=en&user=6jLhcpoAAAAJ&citation_for_view=6jLhcpoAAAAJ:u-x6o8ySG0sC",
      "authors": "Q Shi, M Tang, K Narasimhan, S Yao",
      "venue": "COLM 2024, 2024",
      "year": 2024,
      "citations": 52
    },
    {
      "title": "Towards Memory Augmented Coding Agents",
      "url": "https://scholar.google.com/citations?view_op=view_citation&hl=en&user=6jLhcpoAAAAJ&citation_for_view=6jLhcpoAAAAJ:IjCSPb-OGe4C",
      "authors": "Q Shi",
      "venue": "Princeton University, 2024",
      "year": 2024,
      "citations": 0
    },
    {
      "title": "Loss of MPC1 reprograms retinal metabolism to impair visual function",
      "url": "https://scholar.google.com/citations?view_op=view_citation&hl=en&user=6jLhcpoAAAAJ&citation_for_view=6jLhcpoAAAAJ:u5HHmVD_uO8C",
      "authors": "A Grenell, Y Wang, M Yam, A Swarup, TL Dilan, A Hauer, JD Linton, ...",
      "venue": "Proceedings of the National Academy of Sciences 116 (9), 3530-3535, 2019",
      "year": 2019,
      "citations": 103
    }
  ],
  "co_authors": [
    {
      "name": "Michael Tang",
      "scholar_id": "85I3iIMAAAAJ",
      "url": "https://scholar.google.com/citations?user=85I3iIMAAAAJ"
    },
    {
      "name": "Karthik Narasimhan",
      "scholar_id": "euc0GX4AAAAJ",
      "url": "https://scholar.google.com/citations?user=euc0GX4AAAAJ"
    },
    {
      "name": "Shunyu Yao",
      "scholar_id": "qJBXk9cAAAAJ",
      "url": "https://scholar.google.com/citations?user=qJBXk9cAAAAJ"
    },
    {
      "name": "Howard Yen",
      "scholar_id": "8rJOrBEAAAAJ",
      "url": "https://scholar.google.com/citations?user=8rJOrBEAAAAJ"
    },
    {
      "name": "Carlos E. Jimenez",
      "scholar_id": "Ue4wghAAAAAJ",
      "url": "https://scholar.google.com/citations?user=Ue4wghAAAAAJ"
    }
  ]
}