{
  "author_info": {
    "name": "Linghe Kong",
    "affiliation": "Shanghai Jiao Tong University",
    "email_verified": "Verified email at sjtu.edu.cn - Homepage",
    "website": "http://www.cs.sjtu.edu.cn/~linghe.kong/",
    "interests": [
      "Internet of Things",
      "Mobile computing",
      "Big data"
    ],
    "photo_url": "https://scholar.googleusercontent.com/citations?view_op=view_photo&user=-wm2X-8AAAAJ&citpid=3"
  },
  "citation_stats": {
    "citations_all": 10744,
    "citations_since_2020": 8598,
    "h_index_all": 52,
    "h_index_since_2020": 41,
    "i10_index_all": 158,
    "i10_index_since_2020": 139,
    "citation_graph": [
      {
        "year": 2013,
        "citations": 37
      },
      {
        "year": 2014,
        "citations": 68
      },
      {
        "year": 2015,
        "citations": 120
      },
      {
        "year": 2016,
        "citations": 279
      },
      {
        "year": 2017,
        "citations": 381
      },
      {
        "year": 2018,
        "citations": 496
      },
      {
        "year": 2019,
        "citations": 689
      },
      {
        "year": 2020,
        "citations": 857
      },
      {
        "year": 2021,
        "citations": 991
      },
      {
        "year": 2022,
        "citations": 1109
      },
      {
        "year": 2023,
        "citations": 1424
      },
      {
        "year": 2024,
        "citations": 1956
      },
      {
        "year": 2025,
        "citations": 2226
      }
    ]
  },
  "papers": [
    {
      "title": "Dual aggregation transformer for image super-resolution",
      "url": "https://scholar.google.com/citations?view_op=view_citation&hl=en&user=-wm2X-8AAAAJ&citation_for_view=-wm2X-8AAAAJ:mlAyqtXpCwEC",
      "authors": "Z Chen, Y Zhang, J Gu, L Kong, X Yang, F Yu",
      "venue": "Proceedings of the IEEE/CVF international conference on computer vision …, 2023",
      "year": 2023,
      "citations": 440
    },
    {
      "title": "Edge-computing-driven internet of things: A survey",
      "url": "https://scholar.google.com/citations?view_op=view_citation&hl=en&user=-wm2X-8AAAAJ&citation_for_view=-wm2X-8AAAAJ:q3CdL3IzO_QC",
      "authors": "L Kong, J Tan, J Huang, G Chen, S Wang, X Jin, P Zeng, M Khan, SK Das",
      "venue": "ACM Computing Surveys 55 (8), 1-41, 2022",
      "year": 2022,
      "citations": 330
    },
    {
      "title": "Cross aggregation transformer for image restoration",
      "url": "https://scholar.google.com/citations?view_op=view_citation&hl=en&user=-wm2X-8AAAAJ&citation_for_view=-wm2X-8AAAAJ:ClCfbGk0d_YC",
      "authors": "Z Chen, Y Zhang, J Gu, L Kong, X Yuan",
      "venue": "Advances in Neural Information Processing Systems 35, 25478-25490, 2022",
      "year": 2022,
      "citations": 254
    },
    {
      "title": "Accurate image restoration with attention retractable transformer",
      "url": "https://scholar.google.com/citations?view_op=view_citation&hl=en&user=-wm2X-8AAAAJ&citation_for_view=-wm2X-8AAAAJ:GtLg2Ama23sC",
      "authors": "J Zhang, Y Zhang, J Gu, Y Zhang, L Kong, X Yuan",
      "venue": "arXiv preprint arXiv:2210.01427, 2022",
      "year": 2022,
      "citations": 177
    },
    {
      "title": "Millimeter-wave communication for internet of vehicles: Status, challenges, and perspectives",
      "url": "https://scholar.google.com/citations?view_op=view_citation&hl=en&user=-wm2X-8AAAAJ&citation_for_view=-wm2X-8AAAAJ:uc_IGeMz5qoC",
      "authors": "KZ Ghafoor, L Kong, S Zeadally, AS Sadiq, G Epiphaniou, M Hammoudeh, ...",
      "venue": "IEEE Internet of Things Journal 7 (9), 8525-8546, 2020",
      "year": 2020,
      "citations": 204
    },
    {
      "title": "Towards secure industrial IoT: Blockchain system with credit-based consensus mechanism",
      "url": "https://scholar.google.com/citations?view_op=view_citation&hl=en&user=-wm2X-8AAAAJ&citation_for_view=-wm2X-8AAAAJ:HE397vMXCloC",
      "authors": "J Huang, L Kong, G Chen, MY Wu, X Liu, P Zeng",
      "venue": "IEEE Transactions on Industrial Informatics 15 (6), 3680-3689, 2019",
      "year": 2019,
      "citations": 674
    },
    {
      "title": "An indirect eavesdropping attack of keystrokes on touch screen through acoustic sensing",
      "url": "https://scholar.google.com/citations?view_op=view_citation&hl=en&user=-wm2X-8AAAAJ&citation_for_view=-wm2X-8AAAAJ:_Ybze24A_UAC",
      "authors": "J Yu, L Lu, Y Chen, Y Zhu, L Kong",
      "venue": "IEEE Transactions on Mobile Computing 20 (2), 337-351, 2019",
      "year": 2019,
      "citations": 190
    },
    {
      "title": "Data-oriented mobile crowdsensing: A comprehensive survey",
      "url": "https://scholar.google.com/citations?view_op=view_citation&hl=en&user=-wm2X-8AAAAJ&citation_for_view=-wm2X-8AAAAJ:tkaPQYYpVKoC",
      "authors": "Y Liu, L Kong, G Chen",
      "venue": "IEEE communications surveys & tutorials 21 (3), 2849-2885, 2019",
      "year": 2019,
      "citations": 187
    },
    {
      "title": "Lip reading-based user authentication through acoustic sensing on smartphones",
      "url": "https://scholar.google.com/citations?view_op=view_citation&hl=en&user=-wm2X-8AAAAJ&citation_for_view=-wm2X-8AAAAJ:t6usbXjVLHcC",
      "authors": "L Lu, J Yu, Y Chen, H Liu, Y Zhu, L Kong, M Li",
      "venue": "IEEE/ACM transactions on networking 27 (1), 447-460, 2019",
      "year": 2019,
      "citations": 132
    },
    {
      "title": "mlora: A multi-packet reception protocol in lora networks",
      "url": "https://scholar.google.com/citations?view_op=view_citation&hl=en&user=-wm2X-8AAAAJ&citation_for_view=-wm2X-8AAAAJ:Fu2w8maKXqMC",
      "authors": "X Wang, L Kong, L He, G Chen",
      "venue": "2019 IEEE 27th International Conference on Network Protocols (ICNP), 1-11, 2019",
      "year": 2019,
      "citations": 131
    },
    {
      "title": "Millimeter wave communication: A comprehensive survey",
      "url": "https://scholar.google.com/citations?view_op=view_citation&hl=en&user=-wm2X-8AAAAJ&citation_for_view=-wm2X-8AAAAJ:vRqMK49ujn8C",
      "authors": "X Wang, L Kong, F Kong, F Qiu, M Xia, S Arnon, G Chen",
      "venue": "IEEE Communications Surveys & Tutorials 20 (3), 1616-1653, 2018",
      "year": 2018,
      "citations": 751
    },
    {
      "title": "Task allocation in mobile crowd sensing: State-of-the-art and future opportunities",
      "url": "https://scholar.google.com/citations?view_op=view_citation&hl=en&user=-wm2X-8AAAAJ&citation_for_view=-wm2X-8AAAAJ:tOudhMTPpwUC",
      "authors": "J Wang, L Wang, Y Wang, D Zhang, L Kong",
      "venue": "IEEE Internet of Things journal 5 (5), 3747-3757, 2018",
      "year": 2018,
      "citations": 162
    },
    {
      "title": "Joint admission control and resource allocation in edge computing for internet of things",
      "url": "https://scholar.google.com/citations?view_op=view_citation&hl=en&user=-wm2X-8AAAAJ&citation_for_view=-wm2X-8AAAAJ:Tiz5es2fbqcC",
      "authors": "S Li, N Zhang, S Lin, L Kong, A Katangur, MK Khan, M Ni, G Zhu",
      "venue": "IEEE Network 32 (1), 72-79, 2018",
      "year": 2018,
      "citations": 159
    },
    {
      "title": "Towards minimum-delay and energy-efficient flooding in low-duty-cycle wireless sensor networks",
      "url": "https://scholar.google.com/citations?view_op=view_citation&hl=en&user=-wm2X-8AAAAJ&citation_for_view=-wm2X-8AAAAJ:WbkHhVStYXYC",
      "authors": "L Cheng, J Niu, C Luo, L Shu, L Kong, Z Zhao, Y Gu",
      "venue": "Computer Networks 134, 66-77, 2018",
      "year": 2018,
      "citations": 115
    },
    {
      "title": "Millimeter-wave wireless communications for IoT-cloud supported autonomous vehicles: Overview, design, and challenges",
      "url": "https://scholar.google.com/citations?view_op=view_citation&hl=en&user=-wm2X-8AAAAJ&citation_for_view=-wm2X-8AAAAJ:4OULZ7Gr8RgC",
      "authors": "L Kong, MK Khan, F Wu, G Chen, P Zeng",
      "venue": "IEEE Communications Magazine 55 (1), 62-68, 2017",
      "year": 2017,
      "citations": 334
    },
    {
      "title": "Fine-grained abnormal driving behaviors detection and identification with smartphones",
      "url": "https://scholar.google.com/citations?view_op=view_citation&hl=en&user=-wm2X-8AAAAJ&citation_for_view=-wm2X-8AAAAJ:u9iWguZQMMsC",
      "authors": "J Yu, Z Chen, Y Zhu, Y Chen, L Kong, M Li",
      "venue": "IEEE transactions on mobile computing 16 (8), 2198-2212, 2016",
      "year": 2016,
      "citations": 186
    },
    {
      "title": "CDC: Compressive data collection for wireless sensor networks",
      "url": "https://scholar.google.com/citations?view_op=view_citation&hl=en&user=-wm2X-8AAAAJ&citation_for_view=-wm2X-8AAAAJ:aqlVkmm33-oC",
      "authors": "XY Liu, Y Zhu, L Kong, C Liu, Y Gu, AV Vasilakos, MY Wu",
      "venue": "Parallel and Distributed Systems, IEEE Transactions on 26 (8), 2188-2197, 2015",
      "year": 2015,
      "citations": 319
    },
    {
      "title": "Evaluating the On-Demand Mobile Charging in Wireless Sensor Networks",
      "url": "https://scholar.google.com/citations?view_op=view_citation&hl=en&user=-wm2X-8AAAAJ&citation_for_view=-wm2X-8AAAAJ:mB3voiENLucC",
      "authors": "L He, L Kong, Y Gu, JS Pan, T Zhu",
      "venue": "Mobile Computing, IEEE Transactions on, 2015",
      "year": 2015,
      "citations": 283
    },
    {
      "title": "Data Loss and Reconstruction in Wireless Sensor Networks",
      "url": "https://scholar.google.com/citations?view_op=view_citation&hl=en&user=-wm2X-8AAAAJ&citation_for_view=-wm2X-8AAAAJ:YOwf2qJgpHMC",
      "authors": "L Kong, M Xia, X Liu, G Chen, Y Gu, M Wu",
      "venue": "Parallel and Distributed Systems, IEEE Transactions on 25 (11), 2818-2828, 2014",
      "year": 2014,
      "citations": 158
    },
    {
      "title": "Data loss and reconstruction in sensor networks",
      "url": "https://scholar.google.com/citations?view_op=view_citation&hl=en&user=-wm2X-8AAAAJ&citation_for_view=-wm2X-8AAAAJ:hqOjcs7Dif8C",
      "authors": "L Kong, M Xia, XY Liu, MY Wu, X Liu",
      "venue": "2013 Proceedings IEEE INFOCOM, 1654-1662, 2013",
      "year": 2013,
      "citations": 274
    }
  ],
  "co_authors": [
    {
      "name": "Guihai Chen",
      "scholar_id": "rqZWbYgAAAAJ",
      "url": "https://scholar.google.com/citations?user=rqZWbYgAAAAJ"
    },
    {
      "name": "Min-You Wu",
      "scholar_id": "Sz5Y7RsAAAAJ",
      "url": "https://scholar.google.com/citations?user=Sz5Y7RsAAAAJ"
    },
    {
      "name": "Xue (Steve) Liu",
      "scholar_id": "rfLIRakAAAAJ",
      "url": "https://scholar.google.com/citations?user=rfLIRakAAAAJ"
    },
    {
      "name": "Peng Zeng",
      "scholar_id": "2GKG_7AAAAAJ",
      "url": "https://scholar.google.com/citations?user=2GKG_7AAAAAJ"
    },
    {
      "name": "Xiao-Yang Liu",
      "scholar_id": "C83b8ncAAAAJ",
      "url": "https://scholar.google.com/citations?user=C83b8ncAAAAJ"
    },
    {
      "name": "Qiao Xiang",
      "scholar_id": "ZQoWSLQAAAAJ",
      "url": "https://scholar.google.com/citations?user=ZQoWSLQAAAAJ"
    },
    {
      "name": "Yu (Jason) Gu",
      "scholar_id": "NDPGyw8AAAAJ",
      "url": "https://scholar.google.com/citations?user=NDPGyw8AAAAJ"
    },
    {
      "name": "Yanmin Zhu",
      "scholar_id": "onGydcgAAAAJ",
      "url": "https://scholar.google.com/citations?user=onGydcgAAAAJ"
    },
    {
      "name": "Fan Wu",
      "scholar_id": "NwoNqygAAAAJ",
      "url": "https://scholar.google.com/citations?user=NwoNqygAAAAJ"
    },
    {
      "name": "Liang He",
      "scholar_id": "c4iQwJgAAAAJ",
      "url": "https://scholar.google.com/citations?user=c4iQwJgAAAAJ"
    },
    {
      "name": "Muhammad Khurram Khan",
      "scholar_id": "99LlvYUAAAAJ",
      "url": "https://scholar.google.com/citations?user=99LlvYUAAAAJ"
    },
    {
      "name": "Yingying Chen",
      "scholar_id": "jCZaWOEAAAAJ",
      "url": "https://scholar.google.com/citations?user=jCZaWOEAAAAJ"
    },
    {
      "name": "Long Cheng",
      "scholar_id": "GuaBhicAAAAJ",
      "url": "https://scholar.google.com/citations?user=GuaBhicAAAAJ"
    },
    {
      "name": "Siyu Lin",
      "scholar_id": "RMTxzQ4AAAAJ",
      "url": "https://scholar.google.com/citations?user=RMTxzQ4AAAAJ"
    },
    {
      "name": "Xiaofeng Gao",
      "scholar_id": "mbGafk4AAAAJ",
      "url": "https://scholar.google.com/citations?user=mbGafk4AAAAJ"
    },
    {
      "name": "zhe wang",
      "scholar_id": "grCmNsoAAAAJ",
      "url": "https://scholar.google.com/citations?user=grCmNsoAAAAJ"
    },
    {
      "name": "Cong Liu",
      "scholar_id": "vpc4bggAAAAJ",
      "url": "https://scholar.google.com/citations?user=vpc4bggAAAAJ"
    },
    {
      "name": "Fanxin Kong",
      "scholar_id": "XeDepwwAAAAJ",
      "url": "https://scholar.google.com/citations?user=XeDepwwAAAAJ"
    },
    {
      "name": "Tian He",
      "scholar_id": "hc1m_BQAAAAJ",
      "url": "https://scholar.google.com/citations?user=hc1m_BQAAAAJ"
    },
    {
      "name": "Shaojie Tang",
      "scholar_id": "jnBRjhcAAAAJ",
      "url": "https://scholar.google.com/citations?user=jnBRjhcAAAAJ"
    }
  ]
}