{
  "author_info": {
    "name": "Qianli Shen",
    "affiliation": "Alibaba Group",
    "email_verified": "Verified email at alibaba-inc.com - Homepage",
    "website": "https://shenqianli.github.io/",
    "interests": [
      "Artificial Intelligence"
    ],
    "photo_url": "https://scholar.googleusercontent.com/citations?view_op=view_photo&user=p3ekN2kAAAAJ&citpid=2"
  },
  "citation_stats": {
    "citations_all": 314,
    "citations_since_2020": 314,
    "h_index_all": 8,
    "h_index_since_2020": 8,
    "i10_index_all": 8,
    "i10_index_since_2020": 8,
    "citation_graph": [
      {
        "year": 2020,
        "citations": 2
      },
      {
        "year": 2021,
        "citations": 10
      },
      {
        "year": 2022,
        "citations": 23
      },
      {
        "year": 2023,
        "citations": 37
      },
      {
        "year": 2024,
        "citations": 79
      },
      {
        "year": 2025,
        "citations": 161
      }
    ]
  },
  "papers": [
    {
      "title": "Baichuan-m1: Pushing the medical capability of large language models",
      "url": "https://scholar.google.com/citations?view_op=view_citation&hl=en&user=p3ekN2kAAAAJ&citation_for_view=p3ekN2kAAAAJ:UebtZRa9Y70C",
      "authors": "B Wang, H Zhao, H Zhou, L Song, M Xu, W Cheng, X Zeng, Y Zhang, ...",
      "venue": "arXiv preprint arXiv:2502.12671, 2025",
      "year": 2025,
      "citations": 30
    },
    {
      "title": "Diversity as a reward: Fine-tuning llms on a mixture of domain-undetermined data",
      "url": "https://scholar.google.com/citations?view_op=view_citation&hl=en&user=p3ekN2kAAAAJ&citation_for_view=p3ekN2kAAAAJ:Se3iqnhoufwC",
      "authors": "Z Ling, D Chen, L Yao, Q Shen, Y Li, Y Shen",
      "venue": "Advances in Neural Information Processing Systems (NeurIPS), 2025, 2025",
      "year": 2025,
      "citations": 5
    },
    {
      "title": "Loreun: Data itself implicitly provides cues to improve machine unlearning",
      "url": "https://scholar.google.com/citations?view_op=view_citation&hl=en&user=p3ekN2kAAAAJ&citation_for_view=p3ekN2kAAAAJ:hqOjcs7Dif8C",
      "authors": "X Li, Q Shen, H Wang, K Kawaguchi",
      "venue": "arXiv preprint arXiv:2507.22499, 2025",
      "year": 2025,
      "citations": 1
    },
    {
      "title": "BOTS: A Unified Framework for Bayesian Online Task Selection in LLM Reinforcement Finetuning",
      "url": "https://scholar.google.com/citations?view_op=view_citation&hl=en&user=p3ekN2kAAAAJ&citation_for_view=p3ekN2kAAAAJ:0EnyYjriUFMC",
      "authors": "Q Shen, D Chen, Y Huang, Z Ling, Y Li, B Ding, J Zhou",
      "venue": "arXiv preprint arXiv:2510.26374, 2025",
      "year": 2025,
      "citations": 0
    },
    {
      "title": "State-space models are accurate and efficient neural operators for dynamical systems",
      "url": "https://scholar.google.com/citations?view_op=view_citation&hl=en&user=p3ekN2kAAAAJ&citation_for_view=p3ekN2kAAAAJ:_FxGoFyzp5QC",
      "authors": "Z Hu, NA Daryakenari, Q Shen, K Kawaguchi, GE Karniadakis",
      "venue": "arXiv preprint arXiv:2409.03231, 2024",
      "year": 2024,
      "citations": 26
    },
    {
      "title": "FinerCut: Finer-grained Interpretable Layer Pruning for Large Language Models",
      "url": "https://scholar.google.com/citations?view_op=view_citation&hl=en&user=p3ekN2kAAAAJ&citation_for_view=p3ekN2kAAAAJ:WF5omc3nYNoC",
      "authors": "Y Zhang, Y Li, X Wang, Q Shen, B Plank, B Bischl, M Rezaei, ...",
      "venue": "arXiv preprint arXiv:2405.18218, 2024",
      "year": 2024,
      "citations": 22
    },
    {
      "title": "Memory-Efficient Gradient Unrolling for Large-Scale Bi-level Optimization",
      "url": "https://scholar.google.com/citations?view_op=view_citation&hl=en&user=p3ekN2kAAAAJ&citation_for_view=p3ekN2kAAAAJ:ufrVoPGSRksC",
      "authors": "Q Shen, Y Wang, Z Yang, X Li, H Wang, Y Zhang, J Scarlett, Z Zhu, ...",
      "venue": "Advances in Neural Information Processing Systems (NeurIPS), 2024, 2024",
      "year": 2024,
      "citations": 12
    },
    {
      "title": "The Stronger the Diffusion Model, the Easier the Backdoor: Data Poisoning to Induce Copyright Breaches Without Adjusting Finetuning Pipeline",
      "url": "https://scholar.google.com/citations?view_op=view_citation&hl=en&user=p3ekN2kAAAAJ&citation_for_view=p3ekN2kAAAAJ:eQOLeE2rZwMC",
      "authors": "H Wang, Q Shen, Y Tong, Y Zhang, K Kawaguchi",
      "venue": "International Conference on Machine Learning (ICML), 2024, 51465-51483, 2023",
      "year": 2023,
      "citations": 50
    },
    {
      "title": "Gflowout: Dropout with generative flow networks",
      "url": "https://scholar.google.com/citations?view_op=view_citation&hl=en&user=p3ekN2kAAAAJ&citation_for_view=p3ekN2kAAAAJ:W7OEmFMy1HYC",
      "authors": "D Liu, M Jain, BFP Dossou, Q Shen, S Lahlou, A Goyal, N Malkin, ...",
      "venue": "International Conference on Machine Learning (ICML), 2023, 21715-21729, 2023",
      "year": 2023,
      "citations": 29
    },
    {
      "title": "VA3: Virtually Assured Amplification Attack on Probabilistic Copyright Protection for Text-to-Image Generative Models",
      "url": "https://scholar.google.com/citations?view_op=view_citation&hl=en&user=p3ekN2kAAAAJ&citation_for_view=p3ekN2kAAAAJ:YsMSGLbcyi4C",
      "authors": "X Li*, Q Shen*, K Kawaguchi",
      "venue": "Conference on Computer Vision and Pattern Recognition (CVPR), 2024, 2023",
      "year": 2023,
      "citations": 11
    },
    {
      "title": "PICProp: Physics-Informed Confidence Propagation for Uncertainty Quantification",
      "url": "https://scholar.google.com/citations?view_op=view_citation&hl=en&user=p3ekN2kAAAAJ&citation_for_view=p3ekN2kAAAAJ:Tyk-4Ss8FVUC",
      "authors": "Q Shen, WH Tang, Z Deng, A Psaros, K Kawaguchi",
      "venue": "Advances in Neural Information Processing Systems (NeurIPS), 2023, 2023",
      "year": 2023,
      "citations": 1
    },
    {
      "title": "State-Aware Proximal Pessimistic Algorithms for Offline Reinforcement Learning",
      "url": "https://scholar.google.com/citations?view_op=view_citation&hl=en&user=p3ekN2kAAAAJ&citation_for_view=p3ekN2kAAAAJ:UeHWp8X0CEIC",
      "authors": "C Chen, H Tang, Y Ma, C Wang, Q Shen, D Li, J Hao",
      "venue": "arXiv preprint arXiv:2211.15065, 2022",
      "year": 2022,
      "citations": 1
    },
    {
      "title": "Deep Reinforcement Learning with Robust and Smooth Policy",
      "url": "https://scholar.google.com/citations?view_op=view_citation&hl=en&user=p3ekN2kAAAAJ&citation_for_view=p3ekN2kAAAAJ:2osOgNQ5qMEC",
      "authors": "Q Shen, Y Li, H Jiang, Z Wang, T Zhao",
      "venue": "International Conference on Machine Learning (ICML), 2020, 8707-8718, 2020",
      "year": 2020,
      "citations": 126
    },
    {
      "title": "PRIMAL: A Linear Programming-based Sparse Learning Library in R and Python",
      "url": "https://scholar.google.com/citations?view_op=view_citation&hl=en&user=p3ekN2kAAAAJ&citation_for_view=p3ekN2kAAAAJ:9yKSN-GCB0IC",
      "authors": "Q Shen, Z Li, Y Xie, T Zhao",
      "venue": "",
      "citations": 0
    }
  ],
  "co_authors": [
    {
      "name": "Kenji Kawaguchi",
      "scholar_id": "aLl3rYoAAAAJ",
      "url": "https://scholar.google.com/citations?user=aLl3rYoAAAAJ"
    },
    {
      "name": "Tuo Zhao",
      "scholar_id": "EJXN6tYAAAAJ",
      "url": "https://scholar.google.com/citations?user=EJXN6tYAAAAJ"
    },
    {
      "name": "Zhaoran Wang",
      "scholar_id": "HSx0BgQAAAAJ",
      "url": "https://scholar.google.com/citations?user=HSx0BgQAAAAJ"
    },
    {
      "name": "Dianbo Liu",
      "scholar_id": "kGSzBpMAAAAJ",
      "url": "https://scholar.google.com/citations?user=kGSzBpMAAAAJ"
    },
    {
      "name": "Yoshua Bengio",
      "scholar_id": "kukA0LcAAAAJ",
      "url": "https://scholar.google.com/citations?user=kukA0LcAAAAJ"
    },
    {
      "name": "Zhanxing Zhu",
      "scholar_id": "a2sHceIAAAAJ",
      "url": "https://scholar.google.com/citations?user=a2sHceIAAAAJ"
    },
    {
      "name": "Jonathan Scarlett",
      "scholar_id": "a4D08aQAAAAJ",
      "url": "https://scholar.google.com/citations?user=a4D08aQAAAAJ"
    },
    {
      "name": "Apostolos Psaros",
      "scholar_id": "ZGWre1IAAAAJ",
      "url": "https://scholar.google.com/citations?user=ZGWre1IAAAAJ"
    }
  ]
}