{
  "author_info": {
    "name": "Moin Nabi",
    "affiliation": "Research Scientist at Apple",
    "email_verified": "Verified email at uw.edu - Homepage",
    "website": "https://moinnabi.github.io/",
    "interests": [
      "Machine Learning",
      "Generative Models",
      "Representation Learning",
      "Vision + language",
      "Reasoning"
    ],
    "photo_url": "https://scholar.googleusercontent.com/citations?view_op=view_photo&user=31seHAMAAAAJ&citpid=6"
  },
  "citation_stats": {
    "citations_all": 6459,
    "citations_since_2020": 5854,
    "h_index_all": 28,
    "h_index_since_2020": 25,
    "i10_index_all": 47,
    "i10_index_since_2020": 42,
    "citation_graph": [
      {
        "year": 2016,
        "citations": 17
      },
      {
        "year": 2017,
        "citations": 48
      },
      {
        "year": 2018,
        "citations": 156
      },
      {
        "year": 2019,
        "citations": 331
      },
      {
        "year": 2020,
        "citations": 592
      },
      {
        "year": 2021,
        "citations": 787
      },
      {
        "year": 2022,
        "citations": 952
      },
      {
        "year": 2023,
        "citations": 1110
      },
      {
        "year": 2024,
        "citations": 1266
      },
      {
        "year": 2025,
        "citations": 1139
      }
    ]
  },
  "papers": [
    {
      "title": "Multimodal Autoregressive Pre-training of Large Vision Encoders",
      "url": "https://scholar.google.com/citations?view_op=view_citation&hl=en&user=31seHAMAAAAJ&citation_for_view=31seHAMAAAAJ:ML0RJ9NH7IQC",
      "authors": "E Fini, M Shukor, X Li, P Dufter, M Klein, D Haldimann, S Aitharaju, ...",
      "venue": "CVPR 2025, 2025",
      "year": 2025,
      "citations": 58
    },
    {
      "title": "Semi-supervised learning made simple with self-supervised clustering",
      "url": "https://scholar.google.com/citations?view_op=view_citation&hl=en&user=31seHAMAAAAJ&citation_for_view=31seHAMAAAAJ:j8SEvjWlNXcC",
      "authors": "E Fini, P Astolfi, K Alahari, X Alameda-Pineda, J Mairal, M Nabi, E Ricci",
      "venue": "CVPR 2023, 2023",
      "year": 2023,
      "citations": 55
    },
    {
      "title": "solo-learn: A Library of Self-supervised Methods for Visual Representation Learning.",
      "url": "https://scholar.google.com/citations?view_op=view_citation&hl=en&user=31seHAMAAAAJ&citation_for_view=31seHAMAAAAJ:ZfRJV9d4-WMC",
      "authors": "VGT Da Costa, E Fini, M Nabi, N Sebe, E Ricci",
      "venue": "Journal of Machine Learning Research (JMLR), 2022",
      "year": 2022,
      "citations": 179
    },
    {
      "title": "Uncertainty-aware Contrastive Distillation for Incremental Semantic Segmentation",
      "url": "https://scholar.google.com/citations?view_op=view_citation&hl=en&user=31seHAMAAAAJ&citation_for_view=31seHAMAAAAJ:JoZmwDi-zQgC",
      "authors": "G Yang, E Fini, D Xu, P Rota, M Ding, M Nabi, X Alameda-Pineda, E Ricci",
      "venue": "IEEE Transactions on Pattern Analysis and Machine Intelligence (T-PAMI), 2022",
      "year": 2022,
      "citations": 95
    },
    {
      "title": "A Unified Objective for Novel Class Discovery",
      "url": "https://scholar.google.com/citations?view_op=view_citation&hl=en&user=31seHAMAAAAJ&citation_for_view=31seHAMAAAAJ:V3AGJWp-ZtQC",
      "authors": "E Fini, E Sangineto, S Lathuilière, Z Zhong, M Nabi, E Ricci",
      "venue": "ICCV 2021, 2021",
      "year": 2021,
      "citations": 292
    },
    {
      "title": "A unified objective for novel class discovery",
      "url": "https://scholar.google.com/citations?view_op=view_citation&hl=en&user=31seHAMAAAAJ&citation_for_view=31seHAMAAAAJ:VLnqNzywnoUC",
      "authors": "E Fini, E Sangineto, S Lathuilière, Z Zhong, M Nabi, E Ricci",
      "venue": "Proceedings of the IEEE/CVF International Conference on Computer Vision …, 2021",
      "year": 2021,
      "citations": 292
    },
    {
      "title": "Multimodal Self-supervised Learning for Medical Image Analysis",
      "url": "https://scholar.google.com/citations?view_op=view_citation&hl=en&user=31seHAMAAAAJ&citation_for_view=31seHAMAAAAJ:eflP2zaiRacC",
      "authors": "A Taleb, C Lippert, T Klein, M Nabi",
      "venue": "International Conference on Information Processing in Medical Imaging, 661-673, 2021",
      "year": 2021,
      "citations": 180
    },
    {
      "title": "Multimodal Prototypical Networks for Few-shot Learning",
      "url": "https://scholar.google.com/citations?view_op=view_citation&hl=en&user=31seHAMAAAAJ&citation_for_view=31seHAMAAAAJ:WbkHhVStYXYC",
      "authors": "F Pahde, M Puscas, T Klein, M Nabi",
      "venue": "WACV 2021, 2021",
      "year": 2021,
      "citations": 134
    },
    {
      "title": "Online Continual Learning under Extreme Memory Constraints",
      "url": "https://scholar.google.com/citations?view_op=view_citation&hl=en&user=31seHAMAAAAJ&citation_for_view=31seHAMAAAAJ:UxriW0iASnsC",
      "authors": "E Fini, S Lathuilière, E Sangineto, M Nabi, E Ricci",
      "venue": "ECCV 2020, 2020",
      "year": 2020,
      "citations": 95
    },
    {
      "title": "Contrastive Self-Supervised Learning for Commonsense Reasoning",
      "url": "https://scholar.google.com/citations?view_op=view_citation&hl=en&user=31seHAMAAAAJ&citation_for_view=31seHAMAAAAJ:abG-DnoFyZgC",
      "authors": "T Klein, M Nabi",
      "venue": "ACL 2020, 2020",
      "year": 2020,
      "citations": 75
    },
    {
      "title": "Learning to Remember: A Synaptic Plasticity Driven Framework for Continual Learning",
      "url": "https://scholar.google.com/citations?view_op=view_citation&hl=en&user=31seHAMAAAAJ&citation_for_view=31seHAMAAAAJ:vV6vV6tmYwMC",
      "authors": "O Ostapenko, M Puscas, T Klein, P Jähnichen, M Nabi",
      "venue": "CVPR 2019, 2019",
      "year": 2019,
      "citations": 433
    },
    {
      "title": "Training Adversarial Discriminators for Cross-channel Abnormal Event Detection in Crowds",
      "url": "https://scholar.google.com/citations?view_op=view_citation&hl=en&user=31seHAMAAAAJ&citation_for_view=31seHAMAAAAJ:ZeXyd9-uunAC",
      "authors": "M Ravanbakhsh, E Sangineto, M Nabi, N Sebe",
      "venue": "WACV 2019, 2019",
      "year": 2019,
      "citations": 274
    },
    {
      "title": "Learning to Answer by Learning to Ask: Getting the Best of GPT-2 and BERT Worlds",
      "url": "https://scholar.google.com/citations?view_op=view_citation&hl=en&user=31seHAMAAAAJ&citation_for_view=31seHAMAAAAJ:dshw04ExmUIC",
      "authors": "T Klein, M Nabi",
      "venue": "arXiv preprint arXiv:1911.02365, 2019",
      "year": 2019,
      "citations": 97
    },
    {
      "title": "Plug-and-play CNN for crowd motion analysis: An application in abnormal event detection",
      "url": "https://scholar.google.com/citations?view_op=view_citation&hl=en&user=31seHAMAAAAJ&citation_for_view=31seHAMAAAAJ:qxL8FJ1GzNcC",
      "authors": "M Ravanbakhsh, M Nabi, H Mousavi, E Sangineto, N Sebe",
      "venue": "WACV 2018, 2018",
      "year": 2018,
      "citations": 291
    },
    {
      "title": "Self Paced Deep Learning for Weakly Supervised Object Detection",
      "url": "https://scholar.google.com/citations?view_op=view_citation&hl=en&user=31seHAMAAAAJ&citation_for_view=31seHAMAAAAJ:roLk4NBRz8UC",
      "authors": "E Sangineto*, M Nabi*, D Culibrk, N Sebe",
      "venue": "IEEE Transactions on Pattern Analysis and Machine Intelligence (T-PAMI), 2018",
      "year": 2018,
      "citations": 145
    },
    {
      "title": "Differentially Private Federated Learning: A Client Level Perspective",
      "url": "https://scholar.google.com/citations?view_op=view_citation&hl=en&user=31seHAMAAAAJ&citation_for_view=31seHAMAAAAJ:D03iK_w7-QYC",
      "authors": "RC Geyer, T Klein, M Nabi",
      "venue": "Conference on Advances in Neural Information Processing Systems (NIPS 2017 …, 2017",
      "year": 2017,
      "citations": 2158
    },
    {
      "title": "Abnormal Event Detection in Videos using Generative Adversarial Nets",
      "url": "https://scholar.google.com/citations?view_op=view_citation&hl=en&user=31seHAMAAAAJ&citation_for_view=31seHAMAAAAJ:9ZlFYXVOiuMC",
      "authors": "M Ravanbakhsh, M Nabi, E Sangineto, L Marcenaro, C Regazzoni, ...",
      "venue": "IEEE International Conference on Image Processing (ICIP), 2017",
      "year": 2017,
      "citations": 657
    },
    {
      "title": "FOIL it! Find One mismatch between Image and Language caption",
      "url": "https://scholar.google.com/citations?view_op=view_citation&hl=en&user=31seHAMAAAAJ&citation_for_view=31seHAMAAAAJ:mVmsd5A6BfQC",
      "authors": "R Shekhar, S Pezzelle, Y Klimovich, A Herbelot, M Nabi, E Sangineto, ...",
      "venue": "ACL 2017, 2017",
      "year": 2017,
      "citations": 165
    },
    {
      "title": "Novel dataset for fine-grained abnormal behavior understanding in crowd",
      "url": "https://scholar.google.com/citations?view_op=view_citation&hl=en&user=31seHAMAAAAJ&citation_for_view=31seHAMAAAAJ:KlAtU1dfN6UC",
      "authors": "H Rabiee, J Haddadnia, H Mousavi, M Kalantarzadeh, M Nabi, V Murino",
      "venue": "2016 13th IEEE International Conference on Advanced Video and Signal Based …, 2016",
      "year": 2016,
      "citations": 91
    },
    {
      "title": "Differentially private federated learning: A client level perspective. arXiv 2017",
      "url": "https://scholar.google.com/citations?view_op=view_citation&hl=en&user=31seHAMAAAAJ&citation_for_view=31seHAMAAAAJ:hMsQuOkrut0C",
      "authors": "RC Geyer, T Klein, M Nabi",
      "venue": "arXiv preprint arXiv:1712.07557, 0",
      "citations": 64
    }
  ],
  "co_authors": [
    {
      "name": "Tassilo Klein",
      "scholar_id": "z7-L4ywAAAAJ",
      "url": "https://scholar.google.com/citations?user=z7-L4ywAAAAJ"
    },
    {
      "name": "Nicu Sebe",
      "scholar_id": "stFCYOAAAAAJ",
      "url": "https://scholar.google.com/citations?user=stFCYOAAAAAJ"
    },
    {
      "name": "Enver Sangineto",
      "scholar_id": "eJZlvlAAAAAJ",
      "url": "https://scholar.google.com/citations?user=eJZlvlAAAAAJ"
    },
    {
      "name": "Mahdyar Ravanbakhsh",
      "scholar_id": "SI-w7jsAAAAJ",
      "url": "https://scholar.google.com/citations?user=SI-w7jsAAAAJ"
    },
    {
      "name": "Elisa Ricci",
      "scholar_id": "xf1T870AAAAJ",
      "url": "https://scholar.google.com/citations?user=xf1T870AAAAJ"
    },
    {
      "name": "Enrico Fini",
      "scholar_id": "OQMtSKIAAAAJ",
      "url": "https://scholar.google.com/citations?user=OQMtSKIAAAAJ"
    },
    {
      "name": "Hossein Mousavi",
      "scholar_id": "VrtpaoEAAAAJ",
      "url": "https://scholar.google.com/citations?user=VrtpaoEAAAAJ"
    },
    {
      "name": "Oleksiy Ostapenko",
      "scholar_id": "mqLVUGgAAAAJ",
      "url": "https://scholar.google.com/citations?user=mqLVUGgAAAAJ"
    },
    {
      "name": "Mihai-Marian Puscas",
      "scholar_id": "ci7FQzQAAAAJ",
      "url": "https://scholar.google.com/citations?user=ci7FQzQAAAAJ"
    },
    {
      "name": "Robin C. Geyer",
      "scholar_id": "beAB8-QAAAAJ",
      "url": "https://scholar.google.com/citations?user=beAB8-QAAAAJ"
    },
    {
      "name": "Vittorio Murino",
      "scholar_id": "yV3_PTkAAAAJ",
      "url": "https://scholar.google.com/citations?user=yV3_PTkAAAAJ"
    },
    {
      "name": "Carlo Regazzoni",
      "scholar_id": "VCeP3UsAAAAJ",
      "url": "https://scholar.google.com/citations?user=VCeP3UsAAAAJ"
    },
    {
      "name": "Frederik Pahde",
      "scholar_id": "wCr3JzIAAAAJ",
      "url": "https://scholar.google.com/citations?user=wCr3JzIAAAAJ"
    },
    {
      "name": "Stéphane Lathuilière",
      "scholar_id": "xllguWMAAAAJ",
      "url": "https://scholar.google.com/citations?user=xllguWMAAAAJ"
    },
    {
      "name": "Lucio Marcenaro",
      "scholar_id": "rqLEnUMAAAAJ",
      "url": "https://scholar.google.com/citations?user=rqLEnUMAAAAJ"
    },
    {
      "name": "Sandro Pezzelle",
      "scholar_id": "PW6eQ6YAAAAJ",
      "url": "https://scholar.google.com/citations?user=PW6eQ6YAAAAJ"
    },
    {
      "name": "Victor Guilherme Turrisi da Costa",
      "scholar_id": "UQctXiEAAAAJ",
      "url": "https://scholar.google.com/citations?user=UQctXiEAAAAJ"
    },
    {
      "name": "Raffaella Bernardi",
      "scholar_id": "bMavvosAAAAJ",
      "url": "https://scholar.google.com/citations?user=bMavvosAAAAJ"
    },
    {
      "name": "Xavier Alameda-Pineda",
      "scholar_id": "ukI2bz8AAAAJ",
      "url": "https://scholar.google.com/citations?user=ukI2bz8AAAAJ"
    },
    {
      "name": "Mehrdad Farajtabar",
      "scholar_id": "shkKxnQAAAAJ",
      "url": "https://scholar.google.com/citations?user=shkKxnQAAAAJ"
    }
  ]
}