{
  "author_info": {
    "name": "Alexander Wettig",
    "affiliation": "Princeton University",
    "email_verified": "Verified email at cs.princeton.edu - Homepage",
    "website": "https://www.cs.princeton.edu/~awettig/",
    "interests": [
      "Natural Language Processing"
    ],
    "photo_url": "https://scholar.googleusercontent.com/citations?view_op=view_photo&user=N_jSE08AAAAJ&citpid=9"
  },
  "citation_stats": {
    "citations_all": 3379,
    "citations_since_2020": 3379,
    "h_index_all": 15,
    "h_index_since_2020": 15,
    "i10_index_all": 17,
    "i10_index_since_2020": 17,
    "citation_graph": [
      {
        "year": 2022,
        "citations": 45
      },
      {
        "year": 2023,
        "citations": 143
      },
      {
        "year": 2024,
        "citations": 802
      },
      {
        "year": 2025,
        "citations": 2378
      }
    ]
  },
  "papers": [
    {
      "title": "OLMoE: Open mixture-of-experts language models",
      "url": "https://scholar.google.com/citations?view_op=view_citation&hl=en&user=N_jSE08AAAAJ&citation_for_view=N_jSE08AAAAJ:LkGwnXOMwfcC",
      "authors": "N Muennighoff, L Soldaini, D Groeneveld, K Lo, J Morrison, S Min, W Shi, ...",
      "venue": "ICLR 2025, 2025",
      "year": 2025,
      "citations": 131
    },
    {
      "title": "How to train long-context language models (effectively)",
      "url": "https://scholar.google.com/citations?view_op=view_citation&hl=en&user=N_jSE08AAAAJ&citation_for_view=N_jSE08AAAAJ:HDshCWvjkbEC",
      "authors": "T Gao, A Wettig, H Yen, D Chen",
      "venue": "Proceedings of the 63rd Annual Meeting of the Association for Computational …, 2025",
      "year": 2025,
      "citations": 75
    },
    {
      "title": "SWE-smith: Scaling data for software engineering agents",
      "url": "https://scholar.google.com/citations?view_op=view_citation&hl=en&user=N_jSE08AAAAJ&citation_for_view=N_jSE08AAAAJ:kNdYIx-mwKoC",
      "authors": "J Yang, K Leret, CE Jimenez, A Wettig, K Khandpur, Y Zhang, B Hui, ...",
      "venue": "arXiv preprint arXiv:2504.21798, 2025",
      "year": 2025,
      "citations": 49
    },
    {
      "title": "Organize the Web: Constructing Domains Enhances Pre-Training Data Curation",
      "url": "https://scholar.google.com/citations?view_op=view_citation&hl=en&user=N_jSE08AAAAJ&citation_for_view=N_jSE08AAAAJ:MXK_kJrjxJIC",
      "authors": "A Wettig, K Lo, S Min, H Hajishirzi, D Chen, L Soldaini",
      "venue": "ICML, 2025",
      "year": 2025,
      "citations": 27
    },
    {
      "title": "Metadata Conditioning Accelerates Language Model Pre-training",
      "url": "https://scholar.google.com/citations?view_op=view_citation&hl=en&user=N_jSE08AAAAJ&citation_for_view=N_jSE08AAAAJ:0EnyYjriUFMC",
      "authors": "T Gao, A Wettig, L He, Y Dong, S Malladi, D Chen",
      "venue": "ICML 2025, 2025",
      "year": 2025,
      "citations": 11
    },
    {
      "title": "Cache Me If You Can: How Many KVs Do You Need for Effective Long-Context LMs?",
      "url": "https://scholar.google.com/citations?view_op=view_citation&hl=en&user=N_jSE08AAAAJ&citation_for_view=N_jSE08AAAAJ:ULOm3_A8WrAC",
      "authors": "A Bhaskar, A Wettig, T Gao, Y Dong, D Chen",
      "venue": "arXiv preprint arXiv:2506.17121, 2025",
      "year": 2025,
      "citations": 3
    },
    {
      "title": "Lugha-Llama: Adapting Large Language Models for African Languages",
      "url": "https://scholar.google.com/citations?view_op=view_citation&hl=en&user=N_jSE08AAAAJ&citation_for_view=N_jSE08AAAAJ:3fE2CSJIrl8C",
      "authors": "H Buzaaba, A Wettig, DI Adelani, C Fellbaum",
      "venue": "arXiv preprint arXiv:2504.06536, 2025",
      "year": 2025,
      "citations": 2
    },
    {
      "title": "SWE-bench: Can language models resolve real-world github issues?",
      "url": "https://scholar.google.com/citations?view_op=view_citation&hl=en&user=N_jSE08AAAAJ&citation_for_view=N_jSE08AAAAJ:Tyk-4Ss8FVUC",
      "authors": "CE Jimenez, J Yang, A Wettig, S Yao, K Pei, O Press, K Narasimhan",
      "venue": "ICLR 2024, 2024",
      "year": 2024,
      "citations": 1363
    },
    {
      "title": "SWE-agent: Agent-Computer Interfaces Enable Automated Software Engineering",
      "url": "https://scholar.google.com/citations?view_op=view_citation&hl=en&user=N_jSE08AAAAJ&citation_for_view=N_jSE08AAAAJ:WF5omc3nYNoC",
      "authors": "J Yang, CE Jimenez, A Wettig, K Lieret, S Yao, K Narasimhan, O Press",
      "venue": "NeurIPS 2024, 2024",
      "year": 2024,
      "citations": 634
    },
    {
      "title": "QuRating: Selecting High-Quality Data for Training Language Models",
      "url": "https://scholar.google.com/citations?view_op=view_citation&hl=en&user=N_jSE08AAAAJ&citation_for_view=N_jSE08AAAAJ:YsMSGLbcyi4C",
      "authors": "A Wettig, A Gupta, S Malik, D Chen",
      "venue": "ICML 2024, 2024",
      "year": 2024,
      "citations": 123
    },
    {
      "title": "Language Models as Science Tutors",
      "url": "https://scholar.google.com/citations?view_op=view_citation&hl=en&user=N_jSE08AAAAJ&citation_for_view=N_jSE08AAAAJ:eQOLeE2rZwMC",
      "authors": "A Chevalier, J Geng, A Wettig, H Chen, S Mizera, T Annala, MJ Aragon, ...",
      "venue": "ICML 2024, 2024",
      "year": 2024,
      "citations": 35
    },
    {
      "title": "Finding transformer circuits with edge pruning",
      "url": "https://scholar.google.com/citations?view_op=view_citation&hl=en&user=N_jSE08AAAAJ&citation_for_view=N_jSE08AAAAJ:ufrVoPGSRksC",
      "authors": "A Bhaskar, A Wettig, D Friedman, D Chen",
      "venue": "NeurIPS 2024, 2024",
      "year": 2024,
      "citations": 32
    },
    {
      "title": "Establishing task scaling laws via compute-efficient model ladders",
      "url": "https://scholar.google.com/citations?view_op=view_citation&hl=en&user=N_jSE08AAAAJ&citation_for_view=N_jSE08AAAAJ:hqOjcs7Dif8C",
      "authors": "A Bhagia, J Liu, A Wettig, D Heineman, O Tafjord, AH Jha, L Soldaini, ...",
      "venue": "arXiv preprint arXiv:2412.04403, 2024",
      "year": 2024,
      "citations": 8
    },
    {
      "title": "Adapting language models to compress contexts",
      "url": "https://scholar.google.com/citations?view_op=view_citation&hl=en&user=N_jSE08AAAAJ&citation_for_view=N_jSE08AAAAJ:UeHWp8X0CEIC",
      "authors": "A Chevalier, A Wettig, A Ajith, D Chen",
      "venue": "Conference on Empirical Methods in Natural Language Processing (EMNLP), 2023",
      "year": 2023,
      "citations": 261
    },
    {
      "title": "Should You Mask 15% in Masked Language Modeling?",
      "url": "https://scholar.google.com/citations?view_op=view_citation&hl=en&user=N_jSE08AAAAJ&citation_for_view=N_jSE08AAAAJ:d1gkVwhDpl0C",
      "authors": "A Wettig, T Gao, Z Zhong, D Chen",
      "venue": "EACL 2023, 2023",
      "year": 2023,
      "citations": 239
    },
    {
      "title": "A Kernel-Based View of Language Model Fine-Tuning",
      "url": "https://scholar.google.com/citations?view_op=view_citation&hl=en&user=N_jSE08AAAAJ&citation_for_view=N_jSE08AAAAJ:2osOgNQ5qMEC",
      "authors": "S Malladi, A Wettig, D Yu, D Chen, S Arora",
      "venue": "ICML 2023, 2023",
      "year": 2023,
      "citations": 122
    },
    {
      "title": "Poisoning retrieval corpora by injecting adversarial passages",
      "url": "https://scholar.google.com/citations?view_op=view_citation&hl=en&user=N_jSE08AAAAJ&citation_for_view=N_jSE08AAAAJ:Y0pCki6q_DkC",
      "authors": "Z Zhong, Z Huang, A Wettig, D Chen",
      "venue": "EMNLP 2023, 2023",
      "year": 2023,
      "citations": 106
    },
    {
      "title": "Learning Transformer Programs",
      "url": "https://scholar.google.com/citations?view_op=view_citation&hl=en&user=N_jSE08AAAAJ&citation_for_view=N_jSE08AAAAJ:IjCSPb-OGe4C",
      "authors": "D Friedman, A Wettig, D Chen",
      "venue": "NeurIPS 2023, 2023",
      "year": 2023,
      "citations": 83
    },
    {
      "title": "Finding Dataset Shortcuts with Grammar Induction",
      "url": "https://scholar.google.com/citations?view_op=view_citation&hl=en&user=N_jSE08AAAAJ&citation_for_view=N_jSE08AAAAJ:qjMakFHDy7sC",
      "authors": "D Friedman, A Wettig, D Chen",
      "venue": "EMNLP 2022, 2022",
      "year": 2022,
      "citations": 15
    },
    {
      "title": "Phrase Retrieval Learns Passage Retrieval, Too",
      "url": "https://scholar.google.com/citations?view_op=view_citation&hl=en&user=N_jSE08AAAAJ&citation_for_view=N_jSE08AAAAJ:u-x6o8ySG0sC",
      "authors": "J Lee, A Wettig, D Chen",
      "venue": "EMNLP 2021, 2021",
      "year": 2021,
      "citations": 59
    }
  ],
  "co_authors": [
    {
      "name": "Danqi Chen",
      "scholar_id": "sVR8ktkAAAAJ",
      "url": "https://scholar.google.com/citations?user=sVR8ktkAAAAJ"
    },
    {
      "name": "Tianyu Gao",
      "scholar_id": "il-F8YYAAAAJ",
      "url": "https://scholar.google.com/citations?user=il-F8YYAAAAJ"
    },
    {
      "name": "Dan Friedman",
      "scholar_id": "1UMQ_KwAAAAJ",
      "url": "https://scholar.google.com/citations?user=1UMQ_KwAAAAJ"
    },
    {
      "name": "Sanjeev Arora",
      "scholar_id": "RUP4S68AAAAJ",
      "url": "https://scholar.google.com/citations?user=RUP4S68AAAAJ"
    },
    {
      "name": "Sadhika Malladi",
      "scholar_id": "9HCmTcwAAAAJ",
      "url": "https://scholar.google.com/citations?user=9HCmTcwAAAAJ"
    },
    {
      "name": "Jinhyuk Lee",
      "scholar_id": "YWm_zVcAAAAJ",
      "url": "https://scholar.google.com/citations?user=YWm_zVcAAAAJ"
    }
  ]
}