{
  "author_info": {
    "name": "Ge Li (Bruce)",
    "affiliation": "Karlsruhe Institute of Technology",
    "email_verified": "Verified email at kit.edu - Homepage",
    "website": "https://brucegeli.github.io/",
    "interests": [
      "Artificial Intelligence",
      "Machine Learning",
      "Robotics"
    ],
    "photo_url": "https://scholar.googleusercontent.com/citations?view_op=view_photo&user=ahqtghsAAAAJ&citpid=4"
  },
  "citation_stats": {
    "citations_all": 244,
    "citations_since_2020": 233,
    "h_index_all": 9,
    "h_index_since_2020": 9,
    "i10_index_all": 8,
    "i10_index_since_2020": 7,
    "citation_graph": [
      {
        "year": 2017,
        "citations": 7
      },
      {
        "year": 2018,
        "citations": 3
      },
      {
        "year": 2019,
        "citations": 1
      },
      {
        "year": 2020,
        "citations": 1
      },
      {
        "year": 2021,
        "citations": 13
      },
      {
        "year": 2022,
        "citations": 27
      },
      {
        "year": 2023,
        "citations": 76
      },
      {
        "year": 2024,
        "citations": 115
      }
    ]
  },
  "papers": [
    {
      "title": "DIME: Diffusion-Based Maximum Entropy Reinforcement Learning",
      "url": "https://scholar.google.com/citations?view_op=view_citation&hl=en&user=ahqtghsAAAAJ&citation_for_view=ahqtghsAAAAJ:ULOm3_A8WrAC",
      "authors": "O Celik, Z Li, D Blessing, G Li, D Palanicek, J Peters, G Chalvatzaki, ...",
      "venue": "International Conference on Machine Learning (ICML), 2025, 2025",
      "year": 2025,
      "citations": 14
    },
    {
      "title": "TOP-ERL: Transformer-based off-policy episodic reinforcement learning",
      "url": "https://scholar.google.com/citations?view_op=view_citation&hl=en&user=ahqtghsAAAAJ&citation_for_view=ahqtghsAAAAJ:Wp0gIr-vW9MC",
      "authors": "G Li, D Tian, H Zhou, X Jiang, R Lioutikov, G Neumann",
      "venue": "International Conference on Learning Representation (ICLR), 2025 Spotlight, 2025",
      "year": 2025,
      "citations": 12
    },
    {
      "title": "Chunking the critic: A transformer-based soft actor-critic with N-step returns",
      "url": "https://scholar.google.com/citations?view_op=view_citation&hl=en&user=ahqtghsAAAAJ&citation_for_view=ahqtghsAAAAJ:M3ejUd6NZC8C",
      "authors": "D Tian, G Li, H Zhou, O Celik, G Neumann",
      "venue": "arXiv preprint arXiv:2503.03660, 2025",
      "year": 2025,
      "citations": 9
    },
    {
      "title": "Towards fusing point cloud and visual representations for imitation learning",
      "url": "https://scholar.google.com/citations?view_op=view_citation&hl=en&user=ahqtghsAAAAJ&citation_for_view=ahqtghsAAAAJ:YOwf2qJgpHMC",
      "authors": "A Donat, X Jia, X Huang, A Taranovic, D Blessing, G Li, H Zhou, H Zhang, ...",
      "venue": "arXiv preprint arXiv:2502.12320, 2025",
      "year": 2025,
      "citations": 6
    },
    {
      "title": "Iris: An immersive robot interaction system",
      "url": "https://scholar.google.com/citations?view_op=view_citation&hl=en&user=ahqtghsAAAAJ&citation_for_view=ahqtghsAAAAJ:Zph67rFs4hoC",
      "authors": "X Jiang, Q Yuan, EU Dincer, H Zhou, G Li, X Li, J Haag, N Schreiber, K Li, ...",
      "venue": "Conference on Robot Learning, 2025, 2025",
      "year": 2025,
      "citations": 3
    },
    {
      "title": "BEAST: Efficient Tokenization of B-Splines Encoded Action Sequences for Imitation Learning",
      "url": "https://scholar.google.com/citations?view_op=view_citation&hl=en&user=ahqtghsAAAAJ&citation_for_view=ahqtghsAAAAJ:aqlVkmm33-oC",
      "authors": "H Zhou, W Liao, X Huang, Y Tang, F Otto, X Jia, X Jiang, S Hilber, G Li, ...",
      "venue": "Advances in Neural Information Processing Systems (NeurIPS), 2025, 2025",
      "year": 2025,
      "citations": 1
    },
    {
      "title": "PointMapPolicy: Structured Point Cloud Processing for Multi-Modal Imitation Learning",
      "url": "https://scholar.google.com/citations?view_op=view_citation&hl=en&user=ahqtghsAAAAJ&citation_for_view=ahqtghsAAAAJ:dhFuZR0502QC",
      "authors": "X Jia, Q Wang, A Wang, HA Wang, B Gyenes, E Gospodinov, X Jiang, ...",
      "venue": "arXiv preprint arXiv:2510.20406, 2025",
      "year": 2025,
      "citations": 0
    },
    {
      "title": "MoRe-ERL: Learning Motion Residuals using Episodic Reinforcement Learning",
      "url": "https://scholar.google.com/citations?view_op=view_citation&hl=en&user=ahqtghsAAAAJ&citation_for_view=ahqtghsAAAAJ:QIV2ME_5wuYC",
      "authors": "X Huang, H Zhou, G Li, Y Tang, W Liao, B Hein, T Asfour, R Lioutikov",
      "venue": "IEEE Robotics and Automation Letters, 2025",
      "year": 2025,
      "citations": 0
    },
    {
      "title": "MaIL: Improving Imitation Learning with Selective State Space Models",
      "url": "https://scholar.google.com/citations?view_op=view_citation&hl=en&user=ahqtghsAAAAJ&citation_for_view=ahqtghsAAAAJ:hqOjcs7Dif8C",
      "authors": "X Jia, Q Wang, A Donat, B Xing, G Li, H Zhou, O Celik, D Blessing, ...",
      "venue": "Conference on Robot Learning, 2024, 2024",
      "year": 2024,
      "citations": 36
    },
    {
      "title": "Open the Black Box: Step-based Policy Updates for Temporally-Correlated Episodic Reinforcement Learning",
      "url": "https://scholar.google.com/citations?view_op=view_citation&hl=en&user=ahqtghsAAAAJ&citation_for_view=ahqtghsAAAAJ:UebtZRa9Y70C",
      "authors": "G Li, H Zhou, D Roth, S Thilges, F Otto, R Lioutikov, G Neumann",
      "venue": "International Conference on Learning Representation (ICLR), 2024, 2024",
      "year": 2024,
      "citations": 11
    },
    {
      "title": "Variational Distillation of Diffusion Policies into Mixture of Experts",
      "url": "https://scholar.google.com/citations?view_op=view_citation&hl=en&user=ahqtghsAAAAJ&citation_for_view=ahqtghsAAAAJ:LkGwnXOMwfcC",
      "authors": "H Zhou, D Blessing, G Li, O Celik, X Jia, G Neumann, R Lioutikov",
      "venue": "Advances in Neural Information Processing Systems (NeurIPS), 2024, 2024",
      "year": 2024,
      "citations": 4
    },
    {
      "title": "BMP: Bridging the Gap between B-Spline and Movement Primitives",
      "url": "https://scholar.google.com/citations?view_op=view_citation&hl=en&user=ahqtghsAAAAJ&citation_for_view=ahqtghsAAAAJ:KlAtU1dfN6UC",
      "authors": "W Liao, G Li, H Zhou, R Lioutikov, G Neumann",
      "venue": "CoRL 2024 Workshop on Learning Effective Abstractions for Planning., 2024",
      "year": 2024,
      "citations": 1
    },
    {
      "title": "Prodmp: A unified perspective on dynamic and probabilistic movement primitives",
      "url": "https://scholar.google.com/citations?view_op=view_citation&hl=en&user=ahqtghsAAAAJ&citation_for_view=ahqtghsAAAAJ:u5HHmVD_uO8C",
      "authors": "G Li, Z Jin, M Volpp, F Otto, R Lioutikov, G Neumann",
      "venue": "IEEE Robotics and Automation Letters, 2023",
      "year": 2023,
      "citations": 71
    },
    {
      "title": "Mp3: Movement primitive-based (re-) planning policy",
      "url": "https://scholar.google.com/citations?view_op=view_citation&hl=en&user=ahqtghsAAAAJ&citation_for_view=ahqtghsAAAAJ:9yKSN-GCB0IC",
      "authors": "F Otto, H Zhou, O Celik, G Li, R Lioutikov, G Neumann",
      "venue": "CoRL 2023 Workshop on Learning Effective Abstractions for Planning., 2023",
      "year": 2023,
      "citations": 10
    },
    {
      "title": "An encoder-decoder architecture for smooth motion generation",
      "url": "https://scholar.google.com/citations?view_op=view_citation&hl=en&user=ahqtghsAAAAJ&citation_for_view=ahqtghsAAAAJ:d1gkVwhDpl0C",
      "authors": "Z Lončarević, G Li, G Neumann, A Gams",
      "venue": "International Conference on Robotics in Alpe-Adria Danube Region, 2023",
      "year": 2023,
      "citations": 1
    },
    {
      "title": "Specializing versatile skill libraries using local mixture of experts",
      "url": "https://scholar.google.com/citations?view_op=view_citation&hl=en&user=ahqtghsAAAAJ&citation_for_view=ahqtghsAAAAJ:u-x6o8ySG0sC",
      "authors": "O Celik, D Zhou, G Li, P Becker, G Neumann",
      "venue": "Conference on Robot Learning, 2021, 2022",
      "year": 2022,
      "citations": 44
    },
    {
      "title": "Evaluation of CFD predictions using different turbulence models on a film cooled guide vane under experimental conditions",
      "url": "https://scholar.google.com/citations?view_op=view_citation&hl=en&user=ahqtghsAAAAJ&citation_for_view=ahqtghsAAAAJ:qjMakFHDy7sC",
      "authors": "Q Zhang, H Xu, J Wang, G Li, L Wang, X Wu, S Ma",
      "venue": "Turbo Expo: Power for Land, Sea, and Air, 2015",
      "year": 2015,
      "citations": 17
    },
    {
      "title": "Predicting adiabatic film effectiveness of a turbine vane by two-equation turbulence models",
      "url": "https://scholar.google.com/citations?view_op=view_citation&hl=en&user=ahqtghsAAAAJ&citation_for_view=ahqtghsAAAAJ:UeHWp8X0CEIC",
      "authors": "P Prapamonthon, H Xu, J Wang, G Li",
      "venue": "Turbo Expo: Power for Land, Sea, and Air, 2015",
      "year": 2015,
      "citations": 4
    }
  ],
  "co_authors": [
    {
      "name": "Rudolf Lioutikov",
      "scholar_id": "hvjV43MAAAAJ",
      "url": "https://scholar.google.com/citations?user=hvjV43MAAAAJ"
    },
    {
      "name": "Gerhard Neumann",
      "scholar_id": "GL360kMAAAAJ",
      "url": "https://scholar.google.com/citations?user=GL360kMAAAAJ"
    },
    {
      "name": "Hongyi Zhou",
      "scholar_id": "W35-J2sAAAAJ",
      "url": "https://scholar.google.com/citations?user=W35-J2sAAAAJ"
    },
    {
      "name": "Onur Celik",
      "scholar_id": "9jqaTcAAAAAJ",
      "url": "https://scholar.google.com/citations?user=9jqaTcAAAAAJ"
    },
    {
      "name": "Fabian Otto",
      "scholar_id": "dV8eLH8AAAAJ",
      "url": "https://scholar.google.com/citations?user=dV8eLH8AAAAJ"
    },
    {
      "name": "Xiaogang Jia",
      "scholar_id": "E7Tja9gAAAAJ",
      "url": "https://scholar.google.com/citations?user=E7Tja9gAAAAJ"
    },
    {
      "name": "Xinkai Jiang",
      "scholar_id": "WAa98DAAAAAJ",
      "url": "https://scholar.google.com/citations?user=WAa98DAAAAAJ"
    },
    {
      "name": "Michael Volpp",
      "scholar_id": "K4fbAT8AAAAJ",
      "url": "https://scholar.google.com/citations?user=K4fbAT8AAAAJ"
    },
    {
      "name": "Dongzhuoran Zhou",
      "scholar_id": "TbZH2gUAAAAJ",
      "url": "https://scholar.google.com/citations?user=TbZH2gUAAAAJ"
    },
    {
      "name": "Philipp Becker",
      "scholar_id": "jXx-LuQAAAAJ",
      "url": "https://scholar.google.com/citations?user=jXx-LuQAAAAJ"
    },
    {
      "name": "Jan Peters",
      "scholar_id": "-kIVAcAAAAAJ",
      "url": "https://scholar.google.com/citations?user=-kIVAcAAAAAJ"
    },
    {
      "name": "Zvezdan Lončarević",
      "scholar_id": "1AHTCr0AAAAJ",
      "url": "https://scholar.google.com/citations?user=1AHTCr0AAAAJ"
    },
    {
      "name": "Andrej Gams",
      "scholar_id": "tR0aOfoAAAAJ",
      "url": "https://scholar.google.com/citations?user=tR0aOfoAAAAJ"
    },
    {
      "name": "Tamim Asfour",
      "scholar_id": "65bIT4oAAAAJ",
      "url": "https://scholar.google.com/citations?user=65bIT4oAAAAJ"
    }
  ]
}