{
  "author_info": {
    "name": "Lujia Pan",
    "affiliation": "Noah's Ark Lab, Huawei",
    "email_verified": "Verified email at huawei.com",
    "interests": [
      "Anomaly dection",
      "Time series",
      "Representation learning"
    ],
    "photo_url": "https://scholar.googleusercontent.com/citations?view_op=view_photo&user=qnUAFa8AAAAJ&citpid=9"
  },
  "citation_stats": {
    "citations_all": 1307,
    "citations_since_2020": 1188,
    "h_index_all": 20,
    "h_index_since_2020": 17,
    "i10_index_all": 30,
    "i10_index_since_2020": 26,
    "citation_graph": [
      {
        "year": 2012,
        "citations": 7
      },
      {
        "year": 2013,
        "citations": 3
      },
      {
        "year": 2014,
        "citations": 11
      },
      {
        "year": 2015,
        "citations": 9
      },
      {
        "year": 2016,
        "citations": 24
      },
      {
        "year": 2017,
        "citations": 23
      },
      {
        "year": 2018,
        "citations": 14
      },
      {
        "year": 2019,
        "citations": 25
      },
      {
        "year": 2020,
        "citations": 34
      },
      {
        "year": 2021,
        "citations": 52
      },
      {
        "year": 2022,
        "citations": 125
      },
      {
        "year": 2023,
        "citations": 205
      },
      {
        "year": 2024,
        "citations": 331
      },
      {
        "year": 2025,
        "citations": 439
      }
    ]
  },
  "papers": [
    {
      "title": "Mantis: Lightweight calibrated foundation model for user-friendly time series classification",
      "url": "https://scholar.google.com/citations?view_op=view_citation&hl=en&user=qnUAFa8AAAAJ&citation_for_view=qnUAFa8AAAAJ:_Qo2XoVZTnwC",
      "authors": "V Feofanov, S Wen, M Alonso, R Ilbert, H Guo, M Tiomoko, L Pan, ...",
      "venue": "arXiv preprint arXiv:2502.15637, 2025",
      "year": 2025,
      "citations": 22
    },
    {
      "title": "Air quality prediction with physics-guided dual neural odes in open systems",
      "url": "https://scholar.google.com/citations?view_op=view_citation&hl=en&user=qnUAFa8AAAAJ&citation_for_view=qnUAFa8AAAAJ:TQgYirikUcIC",
      "authors": "J Tian, Y Liang, R Xu, P Chen, C Guo, A Zhou, L Pan, Z Rao, B Yang",
      "venue": "arXiv preprint arXiv:2410.19892, 2024",
      "year": 2024,
      "citations": 24
    },
    {
      "title": "Mts-mixers: Multivariate time series forecasting via factorized temporal and channel mixing",
      "url": "https://scholar.google.com/citations?view_op=view_citation&hl=en&user=qnUAFa8AAAAJ&citation_for_view=qnUAFa8AAAAJ:4DMP91E08xMC",
      "authors": "Z Li, Z Rao, L Pan, Z Xu",
      "venue": "arXiv preprint arXiv:2302.04501, 2023",
      "year": 2023,
      "citations": 138
    },
    {
      "title": "Ti-mae: Self-supervised masked time series autoencoders",
      "url": "https://scholar.google.com/citations?view_op=view_citation&hl=en&user=qnUAFa8AAAAJ&citation_for_view=qnUAFa8AAAAJ:Wp0gIr-vW9MC",
      "authors": "Z Li, Z Rao, L Pan, P Wang, Z Xu",
      "venue": "arXiv preprint arXiv:2301.08871, 2023",
      "year": 2023,
      "citations": 82
    },
    {
      "title": "Inducing neural collapse in deep long-tailed learning",
      "url": "https://scholar.google.com/citations?view_op=view_citation&hl=en&user=qnUAFa8AAAAJ&citation_for_view=qnUAFa8AAAAJ:9ZlFYXVOiuMC",
      "authors": "X Liu, J Zhang, T Hu, H Cao, Y Yao, L Pan",
      "venue": "International conference on artificial intelligence and statistics, 11534-11544, 2023",
      "year": 2023,
      "citations": 38
    },
    {
      "title": "κhgcn: Tree-likeness modeling via continuous and discrete curvature learning",
      "url": "https://scholar.google.com/citations?view_op=view_citation&hl=en&user=qnUAFa8AAAAJ&citation_for_view=qnUAFa8AAAAJ:L8Ckcad2t8MC",
      "authors": "M Yang, M Zhou, L Pan, I King",
      "venue": "Proceedings of the 29th ACM SIGKDD Conference on Knowledge Discovery and …, 2023",
      "year": 2023,
      "citations": 30
    },
    {
      "title": "Mata*: Combining learnable node matching with a* algorithm for approximate graph edit distance computation",
      "url": "https://scholar.google.com/citations?view_op=view_citation&hl=en&user=qnUAFa8AAAAJ&citation_for_view=qnUAFa8AAAAJ:7PzlFSSx8tAC",
      "authors": "J Liu, M Zhou, S Ma, L Pan",
      "venue": "Proceedings of the 32nd ACM International Conference on Information and …, 2023",
      "year": 2023,
      "citations": 24
    },
    {
      "title": "Generative oversampling for imbalanced data via majority-guided VAE",
      "url": "https://scholar.google.com/citations?view_op=view_citation&hl=en&user=qnUAFa8AAAAJ&citation_for_view=qnUAFa8AAAAJ:mVmsd5A6BfQC",
      "authors": "Q Ai, P Wang, L He, L Wen, L Pan, Z Xu",
      "venue": "International Conference on Artificial Intelligence and Statistics, 3315-3330, 2023",
      "year": 2023,
      "citations": 21
    },
    {
      "title": "Hyperbolic graph neural networks: A review of methods and applications",
      "url": "https://scholar.google.com/citations?view_op=view_citation&hl=en&user=qnUAFa8AAAAJ&citation_for_view=qnUAFa8AAAAJ:d1gkVwhDpl0C",
      "authors": "M Yang, M Zhou, Z Li, J Liu, L Pan, H Xiong, I King",
      "venue": "arXiv preprint arXiv:2202.13852, 2022",
      "year": 2022,
      "citations": 103
    },
    {
      "title": "Label-aware distribution calibration for long-tailed classification",
      "url": "https://scholar.google.com/citations?view_op=view_citation&hl=en&user=qnUAFa8AAAAJ&citation_for_view=qnUAFa8AAAAJ:eQOLeE2rZwMC",
      "authors": "C Wang, S Gao, P Wang, C Gao, W Pei, L Pan, Z Xu",
      "venue": "IEEE transactions on neural networks and learning systems 35 (5), 6963-6975, 2022",
      "year": 2022,
      "citations": 38
    },
    {
      "title": "TeleGraph: A benchmark dataset for hierarchical link prediction",
      "url": "https://scholar.google.com/citations?view_op=view_citation&hl=en&user=qnUAFa8AAAAJ&citation_for_view=qnUAFa8AAAAJ:UebtZRa9Y70C",
      "authors": "M Zhou, B Li, M Yang, L Pan",
      "venue": "arXiv preprint arXiv:2204.07703, 2022",
      "year": 2022,
      "citations": 27
    },
    {
      "title": "gcastle: A python toolbox for causal discovery",
      "url": "https://scholar.google.com/citations?view_op=view_citation&hl=en&user=qnUAFa8AAAAJ&citation_for_view=qnUAFa8AAAAJ:qjMakFHDy7sC",
      "authors": "K Zhang, S Zhu, M Kalander, I Ng, J Ye, Z Chen, L Pan",
      "venue": "arXiv preprint arXiv:2111.15155, 2021",
      "year": 2021,
      "citations": 95
    },
    {
      "title": "Learning from noisy labels with complementary loss functions",
      "url": "https://scholar.google.com/citations?view_op=view_citation&hl=en&user=qnUAFa8AAAAJ&citation_for_view=qnUAFa8AAAAJ:KlAtU1dfN6UC",
      "authors": "DB Wang, Y Wen, L Pan, ML Zhang",
      "venue": "Proceedings of the AAAI conference on artificial intelligence 35 (11), 10111 …, 2021",
      "year": 2021,
      "citations": 47
    },
    {
      "title": "Spatio-temporal hybrid graph convolutional network for traffic forecasting in telecommunication networks",
      "url": "https://scholar.google.com/citations?view_op=view_citation&hl=en&user=qnUAFa8AAAAJ&citation_for_view=qnUAFa8AAAAJ:0EnyYjriUFMC",
      "authors": "M Kalander, M Zhou, C Zhang, H Yi, L Pan",
      "venue": "arXiv preprint arXiv:2009.09849, 2020",
      "year": 2020,
      "citations": 26
    },
    {
      "title": "Proactive microwave link anomaly detection in cellular data networks",
      "url": "https://scholar.google.com/citations?view_op=view_citation&hl=en&user=qnUAFa8AAAAJ&citation_for_view=qnUAFa8AAAAJ:Tyk-4Ss8FVUC",
      "authors": "L Pan, J Zhang, PPC Lee, M Kalander, J Ye, P Wang",
      "venue": "Computer Networks 167, 106969, 2020",
      "year": 2020,
      "citations": 23
    },
    {
      "title": "Predicting path failure in time-evolving graphs",
      "url": "https://scholar.google.com/citations?view_op=view_citation&hl=en&user=qnUAFa8AAAAJ&citation_for_view=qnUAFa8AAAAJ:Y0pCki6q_DkC",
      "authors": "J Li, Z Han, H Cheng, J Su, P Wang, J Zhang, L Pan",
      "venue": "Proceedings of the 25th ACM SIGKDD international conference on knowledge …, 2019",
      "year": 2019,
      "citations": 176
    },
    {
      "title": "CellPAD: Detecting performance anomalies in cellular networks via regression analysis",
      "url": "https://scholar.google.com/citations?view_op=view_citation&hl=en&user=qnUAFa8AAAAJ&citation_for_view=qnUAFa8AAAAJ:8k81kl-MbHgC",
      "authors": "J Wu, PPC Lee, Q Li, L Pan, J Zhang",
      "venue": "2018 IFIP Networking Conference (IFIP Networking) and Workshops, 1-9, 2018",
      "year": 2018,
      "citations": 60
    },
    {
      "title": "Defect prediction method and apparatus",
      "url": "https://scholar.google.com/citations?view_op=view_citation&hl=en&user=qnUAFa8AAAAJ&citation_for_view=qnUAFa8AAAAJ:roLk4NBRz8UC",
      "authors": "WWE Chan, L Pan",
      "venue": "US Patent 10,068,176, 2018",
      "year": 2018,
      "citations": 20
    },
    {
      "title": "An in-depth analysis of 3G traffic and performance",
      "url": "https://scholar.google.com/citations?view_op=view_citation&hl=en&user=qnUAFa8AAAAJ&citation_for_view=qnUAFa8AAAAJ:5nxA0vEk-isC",
      "authors": "Z Hu, YC Chen, L Qiu, G Xue, H Zhu, N Zhang, C He, L Pan, C He",
      "venue": "Proceedings of the 5th Workshop on All Things Cellular: Operations …, 2015",
      "year": 2015,
      "citations": 27
    },
    {
      "title": "A panoramic view of 3G data/control-plane traffic: Mobile device perspective",
      "url": "https://scholar.google.com/citations?view_op=view_citation&hl=en&user=qnUAFa8AAAAJ&citation_for_view=qnUAFa8AAAAJ:W7OEmFMy1HYC",
      "authors": "X He, PPC Lee, L Pan, C He, JCS Lui",
      "venue": "International Conference on Research in Networking, 318-330, 2012",
      "year": 2012,
      "citations": 36
    }
  ],
  "co_authors": []
}