{
  "author_info": {
    "name": "Qi Song",
    "affiliation": "Hong Kong Baptist University",
    "email_verified": "Verified email at life.hkbu.edu.hk",
    "interests": [
      "computer vision"
    ],
    "photo_url": "/citations/images/avatar_scholar_128.png"
  },
  "citation_stats": {
    "citations_all": 110,
    "citations_since_2020": 110,
    "h_index_all": 5,
    "h_index_since_2020": 5,
    "i10_index_all": 4,
    "i10_index_since_2020": 4,
    "citation_graph": [
      {
        "year": 2023,
        "citations": 9
      },
      {
        "year": 2024,
        "citations": 40
      },
      {
        "year": 2025,
        "citations": 61
      }
    ]
  },
  "papers": [
    {
      "title": "Creating Blank Canvas Against AI-enabled Image Forgery",
      "url": "https://scholar.google.com/citations?view_op=view_citation&hl=en&user=VGUVxSsAAAAJ&citation_for_view=VGUVxSsAAAAJ:4DMP91E08xMC",
      "authors": "Q Song, Z Luo, R Wan",
      "venue": "AAAI, 2026",
      "year": 2026,
      "citations": 0
    },
    {
      "title": "MarkSplatter: Generalizable Watermarking for 3D Gaussian Splatting Model via Splatter Image Structure",
      "url": "https://scholar.google.com/citations?view_op=view_citation&hl=en&user=VGUVxSsAAAAJ&citation_for_view=VGUVxSsAAAAJ:qxL8FJ1GzNcC",
      "authors": "X Huang, Z Luo, Q Song, R Wang, R Wan",
      "venue": "ACM MM, 2025",
      "year": 2025,
      "citations": 1
    },
    {
      "title": "Align 3D Representation and Text Embedding for 3D Content Personalization",
      "url": "https://scholar.google.com/citations?view_op=view_citation&hl=en&user=VGUVxSsAAAAJ&citation_for_view=VGUVxSsAAAAJ:Zph67rFs4hoC",
      "authors": "Q Song, Z Luo, KC Cheung, S See, R Wan",
      "venue": "ACM MM, 2025",
      "year": 2025,
      "citations": 0
    },
    {
      "title": "Adversarially Robust Digital Watermarking via Data-Centric Optimization",
      "url": "https://scholar.google.com/citations?view_op=view_citation&hl=en&user=VGUVxSsAAAAJ&citation_for_view=VGUVxSsAAAAJ:M3ejUd6NZC8C",
      "authors": "Z Luo, Q Song, H Li, A Rocha, R Wan",
      "venue": "Authorea Preprints, 2025",
      "year": 2025,
      "citations": 0
    },
    {
      "title": "Unified Steganography via Implicit Neural Representation",
      "url": "https://scholar.google.com/citations?view_op=view_citation&hl=en&user=VGUVxSsAAAAJ&citation_for_view=VGUVxSsAAAAJ:8k81kl-MbHgC",
      "authors": "Q Song, Z Luo, X Huang, S Li, R Wan",
      "venue": "arXiv preprint arXiv:2505.01749, 2025",
      "year": 2025,
      "citations": 0
    },
    {
      "title": "Protecting nerfs’ copyright via plug-and-play watermarking base model",
      "url": "https://scholar.google.com/citations?view_op=view_citation&hl=en&user=VGUVxSsAAAAJ&citation_for_view=VGUVxSsAAAAJ:_kc_bZDykSQC",
      "authors": "Q Song, Z Luo, KC Cheung, S See, R Wan",
      "venue": "European Conference on Computer Vision, 57-73, 2024",
      "year": 2024,
      "citations": 24
    },
    {
      "title": "Benchmarking wild bird detection in complex forest scenes",
      "url": "https://scholar.google.com/citations?view_op=view_citation&hl=en&user=VGUVxSsAAAAJ&citation_for_view=VGUVxSsAAAAJ:KlAtU1dfN6UC",
      "authors": "Q Song, Y Guan, X Guo, X Guo, Y Chen, H Wang, J Ge, T Wang, L Bao",
      "venue": "Ecological Informatics 80 (102466), 2, 2024",
      "year": 2024,
      "citations": 23
    },
    {
      "title": "Llmbind: A unified modality-task integration framework",
      "url": "https://scholar.google.com/citations?view_op=view_citation&hl=en&user=VGUVxSsAAAAJ&citation_for_view=VGUVxSsAAAAJ:4TOpqqG69KYC",
      "authors": "B Zhu, M Ning, P Jin, B Lin, J Huang, Q Song, J Zhang, Z Tang, M Pan, ...",
      "venue": "arXiv preprint arXiv:2402.14891, 2024",
      "year": 2024,
      "citations": 17
    },
    {
      "title": "Geometry cloak: Preventing tgs-based 3d reconstruction from copyrighted images",
      "url": "https://scholar.google.com/citations?view_op=view_citation&hl=en&user=VGUVxSsAAAAJ&citation_for_view=VGUVxSsAAAAJ:ULOm3_A8WrAC",
      "authors": "Q Song, Z Luo, KC Cheung, S See, R Wan",
      "venue": "Advances in Neural Information Processing Systems 37, 119361-119385, 2024",
      "year": 2024,
      "citations": 9
    },
    {
      "title": "BFRFormer: Transformer-based Generator for Real-World Blind Face Restoration",
      "url": "https://scholar.google.com/citations?view_op=view_citation&hl=en&user=VGUVxSsAAAAJ&citation_for_view=VGUVxSsAAAAJ:eQOLeE2rZwMC",
      "authors": "G Ge#, Q Song#, G Zhu, Y Zhang, J Chen, M Xin, M Tang, J Wang",
      "venue": "ICASSP 2024-2024 IEEE International Conference on Acoustics, Speech and …, 2024",
      "year": 2024,
      "citations": 2
    },
    {
      "title": "Degradation conditioned gan for degradation generalization of face restoration models",
      "url": "https://scholar.google.com/citations?view_op=view_citation&hl=en&user=VGUVxSsAAAAJ&citation_for_view=VGUVxSsAAAAJ:ufrVoPGSRksC",
      "authors": "Q Song, W Shi, G Ge, L Chang",
      "venue": "2023 IEEE International Conference on Image Processing (ICIP), 520-524, 2023",
      "year": 2023,
      "citations": 2
    },
    {
      "title": "Taisu: A 166m large-scale high-quality dataset for chinese vision-language pre-training",
      "url": "https://scholar.google.com/citations?view_op=view_citation&hl=en&user=VGUVxSsAAAAJ&citation_for_view=VGUVxSsAAAAJ:YOwf2qJgpHMC",
      "authors": "Y Liu, G Zhu, B Zhu, Q Song, G Ge, H Chen, GH Qiao, R Peng, L Wu, ...",
      "venue": "Advances in Neural Information Processing Systems 35, 16705-16717, 2022",
      "year": 2022,
      "citations": 32
    }
  ],
  "co_authors": []
}