{
  "author_info": {
    "name": "Yatong Bai",
    "affiliation": "University of California, Berkeley",
    "email_verified": "Verified email at berkeley.edu - Homepage",
    "website": "https://bai-yt.github.io/",
    "interests": [
      "Optimization",
      "Deep Learning",
      "Adversarial Robustness",
      "Audio Generation",
      "Music Generation"
    ],
    "photo_url": "https://scholar.googleusercontent.com/citations?view_op=view_photo&user=A9h086cAAAAJ&citpid=1"
  },
  "citation_stats": {
    "citations_all": 155,
    "citations_since_2020": 155,
    "h_index_all": 6,
    "h_index_since_2020": 6,
    "i10_index_all": 6,
    "i10_index_since_2020": 6,
    "citation_graph": [
      {
        "year": 2022,
        "citations": 10
      },
      {
        "year": 2023,
        "citations": 10
      },
      {
        "year": 2024,
        "citations": 56
      },
      {
        "year": 2025,
        "citations": 79
      }
    ]
  },
  "papers": [
    {
      "title": "DRAGON: Distributional Rewards Optimize Diffusion Generative Models",
      "url": "https://scholar.google.com/citations?view_op=view_citation&hl=en&user=A9h086cAAAAJ&citation_for_view=A9h086cAAAAJ:Zph67rFs4hoC",
      "authors": "Y Bai, J Casebeer, S Sojoudi, NJ Bryan",
      "venue": "arXiv preprint arXiv:2504.15217, 2025",
      "year": 2025,
      "citations": 2
    },
    {
      "title": "Eﬀicient and Reliable Optimization for Deep Learning and Media Generation",
      "url": "https://scholar.google.com/citations?view_op=view_citation&hl=en&user=A9h086cAAAAJ&citation_for_view=A9h086cAAAAJ:ULOm3_A8WrAC",
      "authors": "Y Bai",
      "venue": "University of California, Berkeley, 2025",
      "year": 2025,
      "citations": 0
    },
    {
      "title": "ConsistencyTTA: Accelerating Diffusion-Based Text-to-Audio Generation with Consistency Distillation",
      "url": "https://scholar.google.com/citations?view_op=view_citation&hl=en&user=A9h086cAAAAJ&citation_for_view=A9h086cAAAAJ:LkGwnXOMwfcC",
      "authors": "Y Bai, T Dang, D Tran, K Koishida, S Sojoudi",
      "venue": "INTERSPEECH 2024, 2024",
      "year": 2024,
      "citations": 33
    },
    {
      "title": "Improving the Accuracy-Robustness Trade-Off of Classifiers via Adaptive Smoothing",
      "url": "https://scholar.google.com/citations?view_op=view_citation&hl=en&user=A9h086cAAAAJ&citation_for_view=A9h086cAAAAJ:IjCSPb-OGe4C",
      "authors": "Y Bai, BG Anderson, A Kim, S Sojoudi",
      "venue": "SIAM Journal on Mathematics of Data Science 6 (3), 788-814, 2024",
      "year": 2024,
      "citations": 31
    },
    {
      "title": "Ranking Manipulation for Conversational Search Engines",
      "url": "https://scholar.google.com/citations?view_op=view_citation&hl=en&user=A9h086cAAAAJ&citation_for_view=A9h086cAAAAJ:MXK_kJrjxJIC",
      "authors": "S Pfrommer, Y Bai, T Gautam, S Sojoudi",
      "venue": "The 2024 Conference on Empirical Methods in Natural Language Processing (EMNLP), 2024",
      "year": 2024,
      "citations": 19
    },
    {
      "title": "MixedNUTS: Training-Free Accuracy-Robustness Balance via Nonlinearly Mixed Classifiers",
      "url": "https://scholar.google.com/citations?view_op=view_citation&hl=en&user=A9h086cAAAAJ&citation_for_view=A9h086cAAAAJ:8k81kl-MbHgC",
      "authors": "Y Bai, M Zhou, VM Patel, S Sojoudi",
      "venue": "Transactions on Machine Learning Research, 2024",
      "year": 2024,
      "citations": 17
    },
    {
      "title": "Let's Go Shopping (LGS)--Web-Scale Image-Text Dataset for Visual Concept Understanding",
      "url": "https://scholar.google.com/citations?view_op=view_citation&hl=en&user=A9h086cAAAAJ&citation_for_view=A9h086cAAAAJ:hqOjcs7Dif8C",
      "authors": "Y Bai, U Garg, A Shanker, H Zhang, S Parajuli, E Bas, I Filipovic, AN Chu, ...",
      "venue": "arXiv preprint arXiv:2401.04575, 2024",
      "year": 2024,
      "citations": 5
    },
    {
      "title": "Mixing Classifiers to Alleviate the Accuracy-Robustness Trade-Off",
      "url": "https://scholar.google.com/citations?view_op=view_citation&hl=en&user=A9h086cAAAAJ&citation_for_view=A9h086cAAAAJ:Tyk-4Ss8FVUC",
      "authors": "Y Bai, BG Anderson, S Sojoudi",
      "venue": "Annual Learning for Dynamics & Control Conference, 2024",
      "year": 2024,
      "citations": 4
    },
    {
      "title": "Efficient Global Optimization of Two-Layer ReLU Networks: Quadratic-Time Algorithms and Adversarial Training",
      "url": "https://scholar.google.com/citations?view_op=view_citation&hl=en&user=A9h086cAAAAJ&citation_for_view=A9h086cAAAAJ:Se3iqnhoufwC",
      "authors": "Y Bai, T Gautam, S Sojoudi",
      "venue": "SIAM Journal on Mathematics of Data Science 5 (2), 446-474, 2023",
      "year": 2023,
      "citations": 27
    },
    {
      "title": "Initial State Interventions for Deconfounded Imitation Learning",
      "url": "https://scholar.google.com/citations?view_op=view_citation&hl=en&user=A9h086cAAAAJ&citation_for_view=A9h086cAAAAJ:ufrVoPGSRksC",
      "authors": "S Pfrommer, Y Bai, H Lee, S Sojoudi",
      "venue": "IEEE Conference on Decision and Control, 2023",
      "year": 2023,
      "citations": 6
    },
    {
      "title": "Practical Convex Formulations of One-Hidden-Layer Neural Network Adversarial Training",
      "url": "https://scholar.google.com/citations?view_op=view_citation&hl=en&user=A9h086cAAAAJ&citation_for_view=A9h086cAAAAJ:9yKSN-GCB0IC",
      "authors": "Y Bai, T Gautam, Y Gai, S Sojoudi",
      "venue": "American Control Conference, 2022",
      "year": 2022,
      "citations": 11
    },
    {
      "title": "Imitation Human Behavior Model for Interactive Autonomous Driving Simulation",
      "url": "https://scholar.google.com/citations?view_op=view_citation&hl=en&user=A9h086cAAAAJ&citation_for_view=A9h086cAAAAJ:zYLM7Y9cAGgC",
      "authors": "C Li, A Kodaira, Y Bai",
      "venue": "Technical Report, 2021",
      "year": 2021,
      "citations": 0
    },
    {
      "title": "Instrument Identification for Real-World Music Pieces",
      "url": "https://scholar.google.com/citations?view_op=view_citation&hl=en&user=A9h086cAAAAJ&citation_for_view=A9h086cAAAAJ:Y0pCki6q_DkC",
      "authors": "Y Bai, Z Zhou, T Zuo, Z Ma, J Ruan",
      "venue": "Technical Report, 2020",
      "year": 2020,
      "citations": 0
    }
  ],
  "co_authors": [
    {
      "name": "Somayeh Sojoudi",
      "scholar_id": "kNH8zcgAAAAJ",
      "url": "https://scholar.google.com/citations?user=kNH8zcgAAAAJ"
    },
    {
      "name": "Tanmay Gautam",
      "scholar_id": "oKeqnc0AAAAJ",
      "url": "https://scholar.google.com/citations?user=oKeqnc0AAAAJ"
    },
    {
      "name": "Brendon G. Anderson",
      "scholar_id": "kNA83jQAAAAJ",
      "url": "https://scholar.google.com/citations?user=kNA83jQAAAAJ"
    },
    {
      "name": "Aerin Young Kim",
      "scholar_id": "Cj9C_d4AAAAJ",
      "url": "https://scholar.google.com/citations?user=Cj9C_d4AAAAJ"
    },
    {
      "name": "Samuel Pfrommer",
      "scholar_id": "ysS4V1UAAAAJ",
      "url": "https://scholar.google.com/citations?user=ysS4V1UAAAAJ"
    },
    {
      "name": "Yu Gai",
      "scholar_id": "sSvMwicAAAAJ",
      "url": "https://scholar.google.com/citations?user=sSvMwicAAAAJ"
    },
    {
      "name": "Dung N. Tran",
      "scholar_id": "tHsQCKMAAAAJ",
      "url": "https://scholar.google.com/citations?user=tHsQCKMAAAAJ"
    },
    {
      "name": "Trung Dang",
      "scholar_id": "K3P8C_MAAAAJ",
      "url": "https://scholar.google.com/citations?user=K3P8C_MAAAAJ"
    },
    {
      "name": "Kazuhito Koishida",
      "scholar_id": "2tvqUikAAAAJ",
      "url": "https://scholar.google.com/citations?user=2tvqUikAAAAJ"
    },
    {
      "name": "Mo Zhou",
      "scholar_id": "BVIO95UAAAAJ",
      "url": "https://scholar.google.com/citations?user=BVIO95UAAAAJ"
    },
    {
      "name": "Vishal M. Patel",
      "scholar_id": "AkEXTbIAAAAJ",
      "url": "https://scholar.google.com/citations?user=AkEXTbIAAAAJ"
    },
    {
      "name": "Hyunin Lee",
      "scholar_id": "kHTDu1YAAAAJ",
      "url": "https://scholar.google.com/citations?user=kHTDu1YAAAAJ"
    },
    {
      "name": "Apaar Shanker",
      "scholar_id": "l1n6OrEAAAAJ",
      "url": "https://scholar.google.com/citations?user=l1n6OrEAAAAJ"
    },
    {
      "name": "Utsav Garg",
      "scholar_id": "Sj3raE4AAAAJ",
      "url": "https://scholar.google.com/citations?user=Sj3raE4AAAAJ"
    },
    {
      "name": "Samyak Parajuli",
      "scholar_id": "NACSmGwAAAAJ",
      "url": "https://scholar.google.com/citations?user=NACSmGwAAAAJ"
    },
    {
      "name": "Nicholas J. Bryan",
      "scholar_id": "65zgjxQAAAAJ",
      "url": "https://scholar.google.com/citations?user=65zgjxQAAAAJ"
    },
    {
      "name": "Jonah Casebeer",
      "scholar_id": "QwAo-K4AAAAJ",
      "url": "https://scholar.google.com/citations?user=QwAo-K4AAAAJ"
    },
    {
      "name": "Kyunghyun Cho",
      "scholar_id": "0RAmmIAAAAAJ",
      "url": "https://scholar.google.com/citations?user=0RAmmIAAAAAJ"
    },
    {
      "name": "Haoming Zhang",
      "scholar_id": "hrMtDiQAAAAJ",
      "url": "https://scholar.google.com/citations?user=hrMtDiQAAAAJ"
    }
  ]
}