{
  "author_info": {
    "name": "Dimitrios (Dimitris) Tzionas",
    "affiliation": "University of Amsterdam, ERC StG",
    "email_verified": "Verified email at uva.nl - Homepage",
    "website": "http://dtzionas.com/",
    "interests": [
      "3D Computer Vision",
      "Computer Graphics",
      "Machine Learning",
      "Motion Capture",
      "Human-Object Interaction"
    ],
    "photo_url": "https://scholar.googleusercontent.com/citations?view_op=view_photo&user=vPVX4TIAAAAJ&citpid=6"
  },
  "citation_stats": {
    "citations_all": 8936,
    "citations_since_2020": 8631,
    "h_index_all": 27,
    "h_index_since_2020": 25,
    "i10_index_all": 32,
    "i10_index_since_2020": 30,
    "citation_graph": [
      {
        "year": 2016,
        "citations": 25
      },
      {
        "year": 2017,
        "citations": 27
      },
      {
        "year": 2018,
        "citations": 72
      },
      {
        "year": 2019,
        "citations": 141
      },
      {
        "year": 2020,
        "citations": 401
      },
      {
        "year": 2021,
        "citations": 705
      },
      {
        "year": 2022,
        "citations": 997
      },
      {
        "year": 2023,
        "citations": 1675
      },
      {
        "year": 2024,
        "citations": 2382
      },
      {
        "year": 2025,
        "citations": 2458
      }
    ]
  },
  "papers": [
    {
      "title": "ECON: Explicit Clothed humans Optimized via Normal integration",
      "url": "https://scholar.google.com/citations?view_op=view_citation&hl=en&user=vPVX4TIAAAAJ&citation_for_view=vPVX4TIAAAAJ:LPZeul_q3PIC",
      "authors": "Y Xiu, J Yang, X Cao, D Tzionas, MJ Black",
      "venue": "Computer Vision and Pattern Recognition (CVPR), 2023",
      "year": 2023,
      "citations": 295
    },
    {
      "title": "ARCTIC: A Dataset for Dexterous Bimanual Hand-Object Manipulation",
      "url": "https://scholar.google.com/citations?view_op=view_citation&hl=en&user=vPVX4TIAAAAJ&citation_for_view=vPVX4TIAAAAJ:Tiz5es2fbqcC",
      "authors": "Z Fan, O Taheri, D Tzionas, M Kocabas, M Kaufmann, MJ Black, ...",
      "venue": "Computer Vision and Pattern Recognition (CVPR), 2023",
      "year": 2023,
      "citations": 268
    },
    {
      "title": "3D Human Pose Estimation via Intuitive Physics",
      "url": "https://scholar.google.com/citations?view_op=view_citation&hl=en&user=vPVX4TIAAAAJ&citation_for_view=vPVX4TIAAAAJ:sSrBHYA8nusC",
      "authors": "S Tripathi, L Müller, CHP Huang, O Taheri, MJ Black, D Tzionas",
      "venue": "Computer Vision and Pattern Recognition (CVPR), 2023",
      "year": 2023,
      "citations": 144
    },
    {
      "title": "Detecting Human-Object Contact in Images",
      "url": "https://scholar.google.com/citations?view_op=view_citation&hl=en&user=vPVX4TIAAAAJ&citation_for_view=vPVX4TIAAAAJ:B3FOqHPlNUQC",
      "authors": "Y Chen, SK Dwivedi, MJ Black, D Tzionas",
      "venue": "Computer Vision and Pattern Recognition (CVPR), 2023",
      "year": 2023,
      "citations": 45
    },
    {
      "title": "ICON: Implicit Clothed Humans Obtained from Normals",
      "url": "https://scholar.google.com/citations?view_op=view_citation&hl=en&user=vPVX4TIAAAAJ&citation_for_view=vPVX4TIAAAAJ:wbdj-CoPYUoC",
      "authors": "Y Xiu, J Yang, D Tzionas, MJ Black",
      "venue": "Computer Vision and Pattern Recognition (CVPR), 2022",
      "year": 2022,
      "citations": 448
    },
    {
      "title": "GOAL: Generating 4D Whole-Body Motion for Hand-Object Grasping",
      "url": "https://scholar.google.com/citations?view_op=view_citation&hl=en&user=vPVX4TIAAAAJ&citation_for_view=vPVX4TIAAAAJ:u9iWguZQMMsC",
      "authors": "O Taheri, V Choutas, MJ Black, D Tzionas",
      "venue": "Computer Vision and Pattern Recognition (CVPR), 2022",
      "year": 2022,
      "citations": 156
    },
    {
      "title": "Accurate 3D Body Shape Regression Using Metric and Semantic Attributes",
      "url": "https://scholar.google.com/citations?view_op=view_citation&hl=en&user=vPVX4TIAAAAJ&citation_for_view=vPVX4TIAAAAJ:738O_yMBCRsC",
      "authors": "V Choutas, L Müller, CHP Huang, S Tang, D Tzionas, MJ Black",
      "venue": "Computer Vision and Pattern Recognition (CVPR), 2022",
      "year": 2022,
      "citations": 99
    },
    {
      "title": "Human-Aware Object Placement for Visual Environment Reconstruction",
      "url": "https://scholar.google.com/citations?view_op=view_citation&hl=en&user=vPVX4TIAAAAJ&citation_for_view=vPVX4TIAAAAJ:XiSMed-E-HIC",
      "authors": "H Yi, CHP Huang, D Tzionas, M Kocabas, M Hassan, S Tang, J Thies, ...",
      "venue": "Computer Vision and Pattern Recognition (CVPR), 2022",
      "year": 2022,
      "citations": 75
    },
    {
      "title": "InterCap: Joint Markerless 3D Tracking of Humans and Objects in Interaction",
      "url": "https://scholar.google.com/citations?view_op=view_citation&hl=en&user=vPVX4TIAAAAJ&citation_for_view=vPVX4TIAAAAJ:08ZZubdj9fEC",
      "authors": "Y Huang, O Taheri, MJ Black, D Tzionas",
      "venue": "German Conference on Pattern Recognition (GCPR), 2022",
      "year": 2022,
      "citations": 62
    },
    {
      "title": "Populating 3D Scenes by Learning Human-Scene Interaction",
      "url": "https://scholar.google.com/citations?view_op=view_citation&hl=en&user=vPVX4TIAAAAJ&citation_for_view=vPVX4TIAAAAJ:UxriW0iASnsC",
      "authors": "M Hassan, P Ghosh, J Tesch, D Tzionas, MJ Black",
      "venue": "Computer Vision and Pattern Recognition (CVPR), 2021",
      "year": 2021,
      "citations": 203
    },
    {
      "title": "Collaborative Regression of Expressive Bodies using Moderation",
      "url": "https://scholar.google.com/citations?view_op=view_citation&hl=en&user=vPVX4TIAAAAJ&citation_for_view=vPVX4TIAAAAJ:uWQEDVKXjbEC",
      "authors": "Y Feng, V Choutas, T Bolkart, D Tzionas, MJ Black",
      "venue": "International Conference on 3D Vision (3DV), 2021",
      "year": 2021,
      "citations": 202
    },
    {
      "title": "GRAB: A Dataset of Whole-Body Human Grasping of Objects",
      "url": "https://scholar.google.com/citations?view_op=view_citation&hl=en&user=vPVX4TIAAAAJ&citation_for_view=vPVX4TIAAAAJ:P5F9QuxV20EC",
      "authors": "O Taheri, N Ghorbani, MJ Black, D Tzionas",
      "venue": "European Conference on Computer Vision (ECCV), 2020",
      "year": 2020,
      "citations": 518
    },
    {
      "title": "Monocular Expressive Body Regression through Body-driven Attention",
      "url": "https://scholar.google.com/citations?view_op=view_citation&hl=en&user=vPVX4TIAAAAJ&citation_for_view=vPVX4TIAAAAJ:nb7KW1ujOQ8C",
      "authors": "V Choutas, G Pavlakos, T Bolkart, D Tzionas, MJ Black",
      "venue": "European Conference on Computer Vision (ECCV), 2020",
      "year": 2020,
      "citations": 321
    },
    {
      "title": "Learning Multi-Human Optical Flow",
      "url": "https://scholar.google.com/citations?view_op=view_citation&hl=en&user=vPVX4TIAAAAJ&citation_for_view=vPVX4TIAAAAJ:_xSYboBqXhAC",
      "authors": "A Ranjan, DT Hoffmann, D Tzionas, S Tang, J Romero, MJ Black",
      "venue": "International Journal of Computer Vision (IJCV), 2020",
      "year": 2020,
      "citations": 54
    },
    {
      "title": "Expressive Body Capture: 3D Hands, Face, and Body from a Single Image",
      "url": "https://scholar.google.com/citations?view_op=view_citation&hl=en&user=vPVX4TIAAAAJ&citation_for_view=vPVX4TIAAAAJ:cFHS6HbyZ2cC",
      "authors": "G Pavlakos, V Choutas, N Ghorbani, T Bolkart, AAA Osman, D Tzionas, ...",
      "venue": "Computer Vision and Pattern Recognition (CVPR), 2019",
      "year": 2019,
      "citations": 2495
    },
    {
      "title": "Learning Joint Reconstruction of Hands and Manipulated Objects",
      "url": "https://scholar.google.com/citations?view_op=view_citation&hl=en&user=vPVX4TIAAAAJ&citation_for_view=vPVX4TIAAAAJ:yD5IFk8b50cC",
      "authors": "Y Hasson, G Varol, D Tzionas, I Kalevatykh, MJ Black, I Laptev, C Schmid",
      "venue": "Computer Vision and Pattern Recognition (CVPR), 2019",
      "year": 2019,
      "citations": 696
    },
    {
      "title": "Resolving 3D Human Pose Ambiguities with 3D Scene Constraints",
      "url": "https://scholar.google.com/citations?view_op=view_citation&hl=en&user=vPVX4TIAAAAJ&citation_for_view=vPVX4TIAAAAJ:D03iK_w7-QYC",
      "authors": "M Hassan, V Choutas, D Tzionas, MJ Black",
      "venue": "International Conference on Computer Vision (ICCV), 2019",
      "year": 2019,
      "citations": 402
    },
    {
      "title": "Embodied Hands: Modeling and Capturing Hands and Bodies Together",
      "url": "https://scholar.google.com/citations?view_op=view_citation&hl=en&user=vPVX4TIAAAAJ&citation_for_view=vPVX4TIAAAAJ:dfsIfKJdRG4C",
      "authors": "J Romero, D Tzionas, MJ Black",
      "venue": "Transactions on Graphics (TOG) - SIGGRAPH Asia (SIGA), 2017",
      "year": 2017,
      "citations": 1633
    },
    {
      "title": "Capturing Hands in Action using Discriminative Salient Points and Physics Simulation",
      "url": "https://scholar.google.com/citations?view_op=view_citation&hl=en&user=vPVX4TIAAAAJ&citation_for_view=vPVX4TIAAAAJ:SeFeTyx0c_EC",
      "authors": "D Tzionas, L Ballan, A Srikantha, P Aponte, M Pollefeys, J Gall",
      "venue": "International Journal of Computer Vision (IJCV), 2016",
      "year": 2016,
      "citations": 358
    },
    {
      "title": "3D Object Reconstruction from Hand-Object Interactions",
      "url": "https://scholar.google.com/citations?view_op=view_citation&hl=en&user=vPVX4TIAAAAJ&citation_for_view=vPVX4TIAAAAJ:ZHo1McVdvXMC",
      "authors": "D Tzionas, J Gall",
      "venue": "International Conference on Computer Vision (ICCV), 2015",
      "year": 2015,
      "citations": 91
    }
  ],
  "co_authors": [
    {
      "name": "Michael J. Black",
      "scholar_id": "6NjbexEAAAAJ",
      "url": "https://scholar.google.com/citations?user=6NjbexEAAAAJ"
    },
    {
      "name": "Vasileios Choutas",
      "scholar_id": "9hk7seYAAAAJ",
      "url": "https://scholar.google.com/citations?user=9hk7seYAAAAJ"
    },
    {
      "name": "Omid Taheri",
      "scholar_id": "BahpFDAAAAAJ",
      "url": "https://scholar.google.com/citations?user=BahpFDAAAAAJ"
    },
    {
      "name": "Timo Bolkart",
      "scholar_id": "RbfmHUgAAAAJ",
      "url": "https://scholar.google.com/citations?user=RbfmHUgAAAAJ"
    },
    {
      "name": "Nima Ghorbani",
      "scholar_id": "8syFJ-0AAAAJ",
      "url": "https://scholar.google.com/citations?user=8syFJ-0AAAAJ"
    },
    {
      "name": "Georgios Pavlakos",
      "scholar_id": "iH2BZ8UAAAAJ",
      "url": "https://scholar.google.com/citations?user=iH2BZ8UAAAAJ"
    },
    {
      "name": "Ahmed A. A. Osman",
      "scholar_id": "tdGNYlkAAAAJ",
      "url": "https://scholar.google.com/citations?user=tdGNYlkAAAAJ"
    },
    {
      "name": "Yuliang Xiu",
      "scholar_id": "9zAA9rQAAAAJ",
      "url": "https://scholar.google.com/citations?user=9zAA9rQAAAAJ"
    },
    {
      "name": "Juergen Gall",
      "scholar_id": "1CLaPMEAAAAJ",
      "url": "https://scholar.google.com/citations?user=1CLaPMEAAAAJ"
    },
    {
      "name": "Javier Romero",
      "scholar_id": "Wx62iOsAAAAJ",
      "url": "https://scholar.google.com/citations?user=Wx62iOsAAAAJ"
    },
    {
      "name": "Jinlong Yang",
      "scholar_id": "HGt39SUAAAAJ",
      "url": "https://scholar.google.com/citations?user=HGt39SUAAAAJ"
    },
    {
      "name": "Cordelia Schmid",
      "scholar_id": "IvqCXP4AAAAJ",
      "url": "https://scholar.google.com/citations?user=IvqCXP4AAAAJ"
    },
    {
      "name": "Mohamed Hassan",
      "scholar_id": "qWfJbHMAAAAJ",
      "url": "https://scholar.google.com/citations?user=qWfJbHMAAAAJ"
    },
    {
      "name": "Chun-Hao Paul Huang",
      "scholar_id": "LphRgywAAAAJ",
      "url": "https://scholar.google.com/citations?user=LphRgywAAAAJ"
    },
    {
      "name": "Shashank Tripathi",
      "scholar_id": "CANstcsAAAAJ",
      "url": "https://scholar.google.com/citations?user=CANstcsAAAAJ"
    },
    {
      "name": "Siyu Tang",
      "scholar_id": "BUDh_4wAAAAJ",
      "url": "https://scholar.google.com/citations?user=BUDh_4wAAAAJ"
    },
    {
      "name": "Muhammed Kocabas",
      "scholar_id": "H4ioz9YAAAAJ",
      "url": "https://scholar.google.com/citations?user=H4ioz9YAAAAJ"
    },
    {
      "name": "Abhilash Srikantha",
      "scholar_id": "aWhlrPwAAAAJ",
      "url": "https://scholar.google.com/citations?user=aWhlrPwAAAAJ"
    },
    {
      "name": "Sai Kumar Dwivedi",
      "scholar_id": "1b5ASuUAAAAJ",
      "url": "https://scholar.google.com/citations?user=1b5ASuUAAAAJ"
    },
    {
      "name": "Ivan Laptev",
      "scholar_id": "-9ifK0cAAAAJ",
      "url": "https://scholar.google.com/citations?user=-9ifK0cAAAAJ"
    }
  ]
}