{
  "author_info": {
    "name": "Ping Wang",
    "affiliation": "Wuhan University",
    "email_verified": "Verified email at whu.edu.cn",
    "interests": [
      "data science",
      "archive",
      "AI governance"
    ],
    "photo_url": "https://scholar.googleusercontent.com/citations?view_op=view_photo&user=C1AhFooAAAAJ&citpid=1"
  },
  "citation_stats": {
    "citations_all": 968,
    "citations_since_2020": 714,
    "h_index_all": 18,
    "h_index_since_2020": 14,
    "i10_index_all": 31,
    "i10_index_since_2020": 25,
    "citation_graph": [
      {
        "year": 2011,
        "citations": 17
      },
      {
        "year": 2012,
        "citations": 27
      },
      {
        "year": 2013,
        "citations": 21
      },
      {
        "year": 2014,
        "citations": 18
      },
      {
        "year": 2015,
        "citations": 26
      },
      {
        "year": 2016,
        "citations": 34
      },
      {
        "year": 2017,
        "citations": 33
      },
      {
        "year": 2018,
        "citations": 29
      },
      {
        "year": 2019,
        "citations": 43
      },
      {
        "year": 2020,
        "citations": 61
      },
      {
        "year": 2021,
        "citations": 63
      },
      {
        "year": 2022,
        "citations": 84
      },
      {
        "year": 2023,
        "citations": 111
      },
      {
        "year": 2024,
        "citations": 148
      },
      {
        "year": 2025,
        "citations": 242
      }
    ]
  },
  "papers": [
    {
      "title": "Multi-modal latent space learning for chain-of-thought reasoning in language models",
      "url": "https://scholar.google.com/citations?view_op=view_citation&hl=en&user=C1AhFooAAAAJ&citation_for_view=C1AhFooAAAAJ:_FxGoFyzp5QC",
      "authors": "L He, Z Li, X Cai, P Wang",
      "venue": "Proceedings of the AAAI conference on artificial intelligence 38 (16), 18180 …, 2024",
      "year": 2024,
      "citations": 35
    },
    {
      "title": "A novel energy based model mechanism for multi-modal aspect-based sentiment analysis",
      "url": "https://scholar.google.com/citations?view_op=view_citation&hl=en&user=C1AhFooAAAAJ&citation_for_view=C1AhFooAAAAJ:5nxA0vEk-isC",
      "authors": "T Peng, Z Li, P Wang, L Zhang, H Zhao",
      "venue": "Proceedings of the AAAI Conference on Artificial Intelligence 38 (17), 18869 …, 2024",
      "year": 2024,
      "citations": 26
    },
    {
      "title": "The music maestro or the musically challenged, a massive music evaluation benchmark for large language models",
      "url": "https://scholar.google.com/citations?view_op=view_citation&hl=en&user=C1AhFooAAAAJ&citation_for_view=C1AhFooAAAAJ:hqOjcs7Dif8C",
      "authors": "J Li, L Yang, M Tang, C Chenchong, Z Li, P Wang, H Zhao",
      "venue": "Findings of the Association for Computational Linguistics: ACL 2024, 3246-3257, 2024",
      "year": 2024,
      "citations": 22
    },
    {
      "title": "S2SAN: A sentence-to-sentence attention network for sentiment analysis of online reviews",
      "url": "https://scholar.google.com/citations?view_op=view_citation&hl=en&user=C1AhFooAAAAJ&citation_for_view=C1AhFooAAAAJ:u-x6o8ySG0sC",
      "authors": "P Wang, J Li, J Hou",
      "venue": "Decision Support Systems 149, 113603, 2021",
      "year": 2021,
      "citations": 53
    },
    {
      "title": "Potential index: Revealing the future impact of research topics based on current knowledge networks",
      "url": "https://scholar.google.com/citations?view_op=view_citation&hl=en&user=C1AhFooAAAAJ&citation_for_view=C1AhFooAAAAJ:mVmsd5A6BfQC",
      "authors": "Q Gao, Z Liang, P Wang, J Hou, X Chen, M Liu",
      "venue": "Journal of Informetrics 15 (3), 101165, 2021",
      "year": 2021,
      "citations": 21
    },
    {
      "title": "Cognitive mechanisms underlying interaction and contribution in online health communities: the perspectives of doctors and patients",
      "url": "https://scholar.google.com/citations?view_op=view_citation&hl=en&user=C1AhFooAAAAJ&citation_for_view=C1AhFooAAAAJ:Tyk-4Ss8FVUC",
      "authors": "P Wang, J Wang, Q Li",
      "venue": "Aslib Journal of Information Management 73 (3), 367-385, 2021",
      "year": 2021,
      "citations": 16
    },
    {
      "title": "Assessing the quality of information on wikipedia: A deep‐learning approach",
      "url": "https://scholar.google.com/citations?view_op=view_citation&hl=en&user=C1AhFooAAAAJ&citation_for_view=C1AhFooAAAAJ:Se3iqnhoufwC",
      "authors": "P Wang, X Li",
      "venue": "Journal of the Association for Information Science and Technology 71 (1), 16-28, 2020",
      "year": 2020,
      "citations": 61
    },
    {
      "title": "Pepsin promotes laryngopharyngeal neoplasia by modulating signaling pathways to induce cell proliferation",
      "url": "https://scholar.google.com/citations?view_op=view_citation&hl=en&user=C1AhFooAAAAJ&citation_for_view=C1AhFooAAAAJ:1sJd4Hv_s6UC",
      "authors": "K Niu, C Guo, S Teng, D Zhou, S Yu, W Yin, P Wang, W Zhu, M Duan",
      "venue": "PLoS One 15 (1), e0227408, 2020",
      "year": 2020,
      "citations": 35
    },
    {
      "title": "NO up-regulates migraine-related CGRP via activation of an Akt/GSK-3β/NF-κB signaling cascade in trigeminal ganglion neurons",
      "url": "https://scholar.google.com/citations?view_op=view_citation&hl=en&user=C1AhFooAAAAJ&citation_for_view=C1AhFooAAAAJ:NhqRSupF_l8C",
      "authors": "G Yao, YH Man, AR Li, Y Guo, Y Dai, P Wang, YF Zhou",
      "venue": "Aging (Albany NY) 12 (7), 6370, 2020",
      "year": 2020,
      "citations": 29
    },
    {
      "title": "Data-driven decision making in graduate students’ research topic selection: Cognitive processes and challenging factors",
      "url": "https://scholar.google.com/citations?view_op=view_citation&hl=en&user=C1AhFooAAAAJ&citation_for_view=C1AhFooAAAAJ:7PzlFSSx8tAC",
      "authors": "Q Li, P Wang, Y Sun, Y Zhang, C Chen",
      "venue": "Aslib journal of information management 71 (5), 657-676, 2019",
      "year": 2019,
      "citations": 19
    },
    {
      "title": "Cytocompatibility and in vivo biodegradation of graphene-modified chitosan 3D porous scaffold",
      "url": "https://scholar.google.com/citations?view_op=view_citation&hl=en&user=C1AhFooAAAAJ&citation_for_view=C1AhFooAAAAJ:fPk4N6BV_jEC",
      "authors": "Y Wang, Y Zhou, X Wang, Y Liu, S Wen, X Zheng, P Wang",
      "venue": "Materials Letters 220, 1-4, 2018",
      "year": 2018,
      "citations": 20
    },
    {
      "title": "HMGB1 attenuates TGF-β-induced epithelial–mesenchymal transition of FaDu hypopharyngeal carcinoma cells through regulation of RAGE expression",
      "url": "https://scholar.google.com/citations?view_op=view_citation&hl=en&user=C1AhFooAAAAJ&citation_for_view=C1AhFooAAAAJ:u_35RYKgDlwC",
      "authors": "Y Li, P Wang, J Zhao, H Li, D Liu, W Zhu",
      "venue": "Molecular and Cellular Biochemistry 431 (1), 1-10, 2017",
      "year": 2017,
      "citations": 24
    },
    {
      "title": "Meta-analysis of association between Helicobacter pylori infection and multiple sclerosis",
      "url": "https://scholar.google.com/citations?view_op=view_citation&hl=en&user=C1AhFooAAAAJ&citation_for_view=C1AhFooAAAAJ:D03iK_w7-QYC",
      "authors": "G Yao, P Wang, XD Luo, TM Yu, RA Harris, XM Zhang",
      "venue": "Neuroscience letters 620, 1-7, 2016",
      "year": 2016,
      "citations": 51
    },
    {
      "title": "RmiR-133a enhances the sensitivity of Hep-2 cells and vincristine-resistant Hep-2v cells to cisplatin by downregulating ATP7B expression",
      "url": "https://scholar.google.com/citations?view_op=view_citation&hl=en&user=C1AhFooAAAAJ&citation_for_view=C1AhFooAAAAJ:cFHS6HbyZ2cC",
      "authors": "X Wang, W Zhu, X Zhao, P Wang",
      "venue": "International journal of molecular medicine 37 (6), 1636-1642, 2016",
      "year": 2016,
      "citations": 21
    },
    {
      "title": "基于层次概率主题模型的科技文献主题发现及演化",
      "url": "https://scholar.google.com/citations?view_op=view_citation&hl=en&user=C1AhFooAAAAJ&citation_for_view=C1AhFooAAAAJ:SeFeTyx0c_EC",
      "authors": "王平",
      "venue": "图书情报工作 58 (22), 70-77, 2014",
      "year": 2014,
      "citations": 23
    },
    {
      "title": "Identification of a Novel Homozygous Mutation, TMPRSS3: c.535G>A, in a Tibetan Family with Autosomal Recessive Non-Syndromic Hearing Loss",
      "url": "https://scholar.google.com/citations?view_op=view_citation&hl=en&user=C1AhFooAAAAJ&citation_for_view=C1AhFooAAAAJ:yD5IFk8b50cC",
      "authors": "D Fan, W Zhu, D Li, D Ji, P Wang",
      "venue": "PLoS One 9 (12), e114136, 2014",
      "year": 2014,
      "citations": 17
    },
    {
      "title": "Identification of microRNAs and mRNAs associated with multidrug resistance of human laryngeal cancer Hep-2 cells",
      "url": "https://scholar.google.com/citations?view_op=view_citation&hl=en&user=C1AhFooAAAAJ&citation_for_view=C1AhFooAAAAJ:uWQEDVKXjbEC",
      "authors": "W Yin, P Wang, X Wang, W Song, X Cui, H Yu, W Zhu",
      "venue": "Brazilian Journal of Medical and Biological Research 46, 546-554, 2013",
      "year": 2013,
      "citations": 30
    },
    {
      "title": "Resveratrol Attenuates CoCl2-Induced Cochlear Hair Cell Damage through Upregulation of Sirtuin1 and NF-κB Deacetylation",
      "url": "https://scholar.google.com/citations?view_op=view_citation&hl=en&user=C1AhFooAAAAJ&citation_for_view=C1AhFooAAAAJ:dfsIfKJdRG4C",
      "authors": "P Wang, B Du, W Yin, X Wang, W Zhu",
      "venue": "PLoS One 8 (11), e80854, 2013",
      "year": 2013,
      "citations": 21
    },
    {
      "title": "云计算关键技术在数字图书馆中的应用研究",
      "url": "https://scholar.google.com/citations?view_op=view_citation&hl=en&user=C1AhFooAAAAJ&citation_for_view=C1AhFooAAAAJ:NaGl4SEjCO4C",
      "authors": "王平",
      "venue": "情报资料工作 5, 52-56, 2010",
      "year": 2010,
      "citations": 49
    },
    {
      "title": "欧盟公共部门信息增值利用的实践, 效果及趋势",
      "url": "https://scholar.google.com/citations?view_op=view_citation&hl=en&user=C1AhFooAAAAJ&citation_for_view=C1AhFooAAAAJ:RYcK_YlVTxYC",
      "authors": "陈传夫， 王平",
      "venue": "图书与情报, 1-8, 2010",
      "year": 2010,
      "citations": 22
    }
  ],
  "co_authors": []
}