{
  "author_info": {
    "name": "Xuanhong Li",
    "affiliation": "Wuhan University",
    "email_verified": "Verified email at whu.edu.cn",
    "interests": [
      "Natural Language Processing"
    ],
    "photo_url": "/citations/images/avatar_scholar_128.png"
  },
  "citation_stats": {
    "citations_all": 4,
    "citations_since_2020": 4,
    "h_index_all": 2,
    "h_index_since_2020": 2,
    "i10_index_all": 0,
    "i10_index_since_2020": 0,
    "citation_graph": [
      {
        "year": 2024,
        "citations": 2
      },
      {
        "year": 2025,
        "citations": 2
      }
    ]
  },
  "papers": [
    {
      "title": "TRIDENT: Enhancing Large Language Model Safety with Tri-Dimensional Diversified Red-Teaming Data Synthesis",
      "url": "https://scholar.google.com/citations?view_op=view_citation&hl=en&user=UYnaTnsAAAAJ&citation_for_view=UYnaTnsAAAAJ:2osOgNQ5qMEC",
      "authors": "X Wu, X Mao, F Li, X Zhang, X Li, C Teng, D Ji, Z Li",
      "venue": "arXiv preprint arXiv:2505.24672, 2025",
      "year": 2025,
      "citations": 2
    },
    {
      "title": "MRBalance: A Framework for Enhancing Event Causality Identification in Multi-Agent Debates via Role Assignment",
      "url": "https://scholar.google.com/citations?view_op=view_citation&hl=en&user=UYnaTnsAAAAJ&citation_for_view=UYnaTnsAAAAJ:qjMakFHDy7sC",
      "authors": "X Zou, X Li, P Hu, M Dong",
      "venue": "Knowledge-Based Systems, 114470, 2025",
      "year": 2025,
      "citations": 0
    },
    {
      "title": "Revisiting source context in nearest neighbor machine translation",
      "url": "https://scholar.google.com/citations?view_op=view_citation&hl=en&user=UYnaTnsAAAAJ&citation_for_view=UYnaTnsAAAAJ:9yKSN-GCB0IC",
      "authors": "X Li, P Li, P Hu",
      "venue": "Proceedings of the 2023 Conference on Empirical Methods in Natural Language …, 2023",
      "year": 2023,
      "citations": 2
    }
  ],
  "co_authors": []
}