{
  "author_info": {
    "name": "Nora Belrose",
    "affiliation": "Research Lead, EleutherAI",
    "email_verified": "Verified email at eleuther.ai",
    "interests": [
      "interpretability",
      "neural networks",
      "transformers",
      "nlp",
      "ai"
    ],
    "photo_url": "https://scholar.googleusercontent.com/citations?view_op=view_photo&user=p_oBc64AAAAJ&citpid=3"
  },
  "citation_stats": {
    "citations_all": 822,
    "citations_since_2020": 821,
    "h_index_all": 11,
    "h_index_since_2020": 11,
    "i10_index_all": 11,
    "i10_index_since_2020": 11,
    "citation_graph": [
      {
        "year": 2022,
        "citations": 6
      },
      {
        "year": 2023,
        "citations": 110
      },
      {
        "year": 2024,
        "citations": 262
      },
      {
        "year": 2025,
        "citations": 439
      }
    ]
  },
  "papers": [
    {
      "title": "Sparse autoencoders trained on the same data learn different features",
      "url": "https://scholar.google.com/citations?view_op=view_citation&hl=en&user=p_oBc64AAAAJ&citation_for_view=p_oBc64AAAAJ:Se3iqnhoufwC",
      "authors": "G Paulo, N Belrose",
      "venue": "arXiv preprint arXiv:2501.16615, 2025",
      "year": 2025,
      "citations": 19
    },
    {
      "title": "Transcoders beat sparse autoencoders for interpretability",
      "url": "https://scholar.google.com/citations?view_op=view_citation&hl=en&user=p_oBc64AAAAJ&citation_for_view=p_oBc64AAAAJ:hqOjcs7Dif8C",
      "authors": "G Paulo, S Shabalin, N Belrose",
      "venue": "arXiv preprint arXiv:2501.18823, 2025",
      "year": 2025,
      "citations": 6
    },
    {
      "title": "Evaluating SAE interpretability without explanations",
      "url": "https://scholar.google.com/citations?view_op=view_citation&hl=en&user=p_oBc64AAAAJ&citation_for_view=p_oBc64AAAAJ:ULOm3_A8WrAC",
      "authors": "G Paulo, N Belrose",
      "venue": "arXiv preprint arXiv:2507.08473, 2025",
      "year": 2025,
      "citations": 2
    },
    {
      "title": "Do Transformer Interpretability Methods Transfer to RNNs?",
      "url": "https://scholar.google.com/citations?view_op=view_citation&hl=en&user=p_oBc64AAAAJ&citation_for_view=p_oBc64AAAAJ:KlAtU1dfN6UC",
      "authors": "G Paulo, T Marshall, N Belrose",
      "venue": "Proceedings of the AAAI Conference on Artificial Intelligence 39 (26), 27565 …, 2025",
      "year": 2025,
      "citations": 1
    },
    {
      "title": "Automatically interpreting millions of features in large language models",
      "url": "https://scholar.google.com/citations?view_op=view_citation&hl=en&user=p_oBc64AAAAJ&citation_for_view=p_oBc64AAAAJ:_FxGoFyzp5QC",
      "authors": "G Paulo, A Mallen, C Juang, N Belrose",
      "venue": "arXiv preprint arXiv:2410.13928, 2024",
      "year": 2024,
      "citations": 57
    },
    {
      "title": "Neural networks learn statistics of increasing complexity",
      "url": "https://scholar.google.com/citations?view_op=view_citation&hl=en&user=p_oBc64AAAAJ&citation_for_view=p_oBc64AAAAJ:eQOLeE2rZwMC",
      "authors": "N Belrose, Q Pope, L Quirke, A Mallen, X Fern",
      "venue": "arXiv preprint arXiv:2402.04362, 2024",
      "year": 2024,
      "citations": 22
    },
    {
      "title": "Open source automated interpretability for sparse autoencoder features",
      "url": "https://scholar.google.com/citations?view_op=view_citation&hl=en&user=p_oBc64AAAAJ&citation_for_view=p_oBc64AAAAJ:MXK_kJrjxJIC",
      "authors": "GP Caden Juang, J Drori, N Belrose",
      "venue": "EleutherAI Blog, July 30, 2024",
      "year": 2024,
      "citations": 13
    },
    {
      "title": "Refusal in llms is an affine function",
      "url": "https://scholar.google.com/citations?view_op=view_citation&hl=en&user=p_oBc64AAAAJ&citation_for_view=p_oBc64AAAAJ:LkGwnXOMwfcC",
      "authors": "T Marshall, A Scherlis, N Belrose",
      "venue": "arXiv preprint arXiv:2411.09003, 2024",
      "year": 2024,
      "citations": 9
    },
    {
      "title": "Does transformer interpretability transfer to RNNs?",
      "url": "https://scholar.google.com/citations?view_op=view_citation&hl=en&user=p_oBc64AAAAJ&citation_for_view=p_oBc64AAAAJ:WF5omc3nYNoC",
      "authors": "G Paulo, T Marshall, N Belrose",
      "venue": "arXiv preprint arXiv:2404.05971, 2024",
      "year": 2024,
      "citations": 6
    },
    {
      "title": "Balancing Label Quantity and Quality for Scalable Elicitation",
      "url": "https://scholar.google.com/citations?view_op=view_citation&hl=en&user=p_oBc64AAAAJ&citation_for_view=p_oBc64AAAAJ:ufrVoPGSRksC",
      "authors": "A Mallen, N Belrose",
      "venue": "arXiv preprint arXiv:2410.13215, 2024",
      "year": 2024,
      "citations": 4
    },
    {
      "title": "Understanding gradient descent through the training Jacobian",
      "url": "https://scholar.google.com/citations?view_op=view_citation&hl=en&user=p_oBc64AAAAJ&citation_for_view=p_oBc64AAAAJ:roLk4NBRz8UC",
      "authors": "N Belrose, A Scherlis",
      "venue": "arXiv preprint arXiv:2412.07003, 2024",
      "year": 2024,
      "citations": 2
    },
    {
      "title": "Eliciting latent predictions from transformers with the tuned lens",
      "url": "https://scholar.google.com/citations?view_op=view_citation&hl=en&user=p_oBc64AAAAJ&citation_for_view=p_oBc64AAAAJ:Tyk-4Ss8FVUC",
      "authors": "N Belrose, Z Furman, L Smith, D Halawi, I Ostrovsky, L McKinney, ...",
      "venue": "arXiv preprint arXiv:2303.08112, 2023",
      "year": 2023,
      "citations": 268
    },
    {
      "title": "Leace: Perfect linear concept erasure in closed form",
      "url": "https://scholar.google.com/citations?view_op=view_citation&hl=en&user=p_oBc64AAAAJ&citation_for_view=p_oBc64AAAAJ:Y0pCki6q_DkC",
      "authors": "N Belrose, D Schneider-Joseph, S Ravfogel, R Cotterell, E Raff, ...",
      "venue": "Advances in Neural Information Processing Systems 36, 66044-66063, 2023",
      "year": 2023,
      "citations": 163
    },
    {
      "title": "Adversarial policies beat superhuman Go AIs",
      "url": "https://scholar.google.com/citations?view_op=view_citation&hl=en&user=p_oBc64AAAAJ&citation_for_view=p_oBc64AAAAJ:IjCSPb-OGe4C",
      "authors": "TT Wang, A Gleave, T Tseng, K Pelrine, N Belrose, J Miller, MD Dennis, ...",
      "venue": "International Conference on Machine Learning, 35655-35739, 2023",
      "year": 2023,
      "citations": 58
    },
    {
      "title": "Eliciting latent knowledge from quirky language models",
      "url": "https://scholar.google.com/citations?view_op=view_citation&hl=en&user=p_oBc64AAAAJ&citation_for_view=p_oBc64AAAAJ:YsMSGLbcyi4C",
      "authors": "A Mallen, M Brumley, J Kharchenko, N Belrose",
      "venue": "arXiv preprint arXiv:2312.01037, 2023",
      "year": 2023,
      "citations": 34
    },
    {
      "title": "imitation: Clean imitation learning implementations",
      "url": "https://scholar.google.com/citations?view_op=view_citation&hl=en&user=p_oBc64AAAAJ&citation_for_view=p_oBc64AAAAJ:u-x6o8ySG0sC",
      "authors": "A Gleave, M Taufeeque, J Rocamonde, E Jenner, SH Wang, S Toyer, ...",
      "venue": "arXiv preprint arXiv:2211.11972, 2022",
      "year": 2022,
      "citations": 98
    },
    {
      "title": "Adversarial policies beat professional-level go ais",
      "url": "https://scholar.google.com/citations?view_op=view_citation&hl=en&user=p_oBc64AAAAJ&citation_for_view=p_oBc64AAAAJ:UeHWp8X0CEIC",
      "authors": "TT Wang, A Gleave, N Belrose, T Tseng, MD Dennis, Y Duan, ...",
      "venue": "Deep Reinforcement Learning Workshop NeurIPS 2022, 2022",
      "year": 2022,
      "citations": 34
    },
    {
      "title": "Quantitative and automated breast arterial calcification score is associated with traditional cardiovascular risk factors",
      "url": "https://scholar.google.com/citations?view_op=view_citation&hl=en&user=p_oBc64AAAAJ&citation_for_view=p_oBc64AAAAJ:d1gkVwhDpl0C",
      "authors": "TS Allen, QM Bui, AV Sykes, N Belrose, N Nerlekar, R Mantey, J Wang, ...",
      "venue": "Circulation 146 (Suppl_1), A11669-A11669, 2022",
      "year": 2022,
      "citations": 4
    },
    {
      "title": "Automatically interpreting millions of features in large language models, 2024",
      "url": "https://scholar.google.com/citations?view_op=view_citation&hl=en&user=p_oBc64AAAAJ&citation_for_view=p_oBc64AAAAJ:_kc_bZDykSQC",
      "authors": "G Paulo, A Mallen, C Juang, N Belrose",
      "venue": "URL https://arxiv. org/abs/2410.13928, 0",
      "citations": 14
    },
    {
      "title": "Does transformer interpretability transfer to rnns?, 2024",
      "url": "https://scholar.google.com/citations?view_op=view_citation&hl=en&user=p_oBc64AAAAJ&citation_for_view=p_oBc64AAAAJ:Zph67rFs4hoC",
      "authors": "G Paulo, T Marshall, N Belrose",
      "venue": "URL https://arxiv. org/abs/2404.05971, 0",
      "citations": 5
    }
  ],
  "co_authors": [
    {
      "name": "Stella Biderman",
      "scholar_id": "bO7H0DAAAAAJ",
      "url": "https://scholar.google.com/citations?user=bO7H0DAAAAAJ"
    },
    {
      "name": "Stuart Russell",
      "scholar_id": "2oy3OXYAAAAJ",
      "url": "https://scholar.google.com/citations?user=2oy3OXYAAAAJ"
    },
    {
      "name": "Adam Gleave",
      "scholar_id": "lBunDH0AAAAJ",
      "url": "https://scholar.google.com/citations?user=lBunDH0AAAAJ"
    },
    {
      "name": "Zach Furman",
      "scholar_id": "ZM-XeRIAAAAJ",
      "url": "https://scholar.google.com/citations?user=ZM-XeRIAAAAJ"
    },
    {
      "name": "Igor Ostrovsky",
      "scholar_id": "RFMJY4IAAAAJ",
      "url": "https://scholar.google.com/citations?user=RFMJY4IAAAAJ"
    },
    {
      "name": "Lev McKinney",
      "scholar_id": "bJbHepMAAAAJ",
      "url": "https://scholar.google.com/citations?user=bJbHepMAAAAJ"
    },
    {
      "name": "Jacob Steinhardt",
      "scholar_id": "LKv32bgAAAAJ",
      "url": "https://scholar.google.com/citations?user=LKv32bgAAAAJ"
    },
    {
      "name": "Sergey Levine",
      "scholar_id": "8R35rCwAAAAJ",
      "url": "https://scholar.google.com/citations?user=8R35rCwAAAAJ"
    },
    {
      "name": "Tony Wang",
      "scholar_id": "YWiob00AAAAJ",
      "url": "https://scholar.google.com/citations?user=YWiob00AAAAJ"
    },
    {
      "name": "Michael Dennis",
      "scholar_id": "WXXu26AAAAAJ",
      "url": "https://scholar.google.com/citations?user=WXXu26AAAAAJ"
    },
    {
      "name": "Tom Tseng",
      "scholar_id": "okAQFcwAAAAJ",
      "url": "https://scholar.google.com/citations?user=okAQFcwAAAAJ"
    },
    {
      "name": "Yawen Duan",
      "scholar_id": "IJQlPvYAAAAJ",
      "url": "https://scholar.google.com/citations?user=IJQlPvYAAAAJ"
    },
    {
      "name": "Shauli Ravfogel",
      "scholar_id": "x09r-T8AAAAJ",
      "url": "https://scholar.google.com/citations?user=x09r-T8AAAAJ"
    },
    {
      "name": "Edward Raff",
      "scholar_id": "debM2bUAAAAJ",
      "url": "https://scholar.google.com/citations?user=debM2bUAAAAJ"
    }
  ]
}