{
  "author_info": {
    "name": "Chan-Hyun Youn",
    "affiliation": "Prof., Dept. of Electrical Engineering, KAIST",
    "email_verified": "Verified email at kaist.ac.kr - Homepage",
    "website": "http://ncl.kaist.ac.kr/",
    "interests": [
      "Cloud Computing"
    ],
    "photo_url": "/citations/images/avatar_scholar_128.png"
  },
  "citation_stats": {
    "citations_all": 3587,
    "citations_since_2020": 1833,
    "h_index_all": 27,
    "h_index_since_2020": 17,
    "i10_index_all": 65,
    "i10_index_since_2020": 28,
    "citation_graph": [
      {
        "year": 2004,
        "citations": 20
      },
      {
        "year": 2005,
        "citations": 31
      },
      {
        "year": 2006,
        "citations": 44
      },
      {
        "year": 2007,
        "citations": 52
      },
      {
        "year": 2008,
        "citations": 54
      },
      {
        "year": 2009,
        "citations": 55
      },
      {
        "year": 2010,
        "citations": 39
      },
      {
        "year": 2011,
        "citations": 59
      },
      {
        "year": 2012,
        "citations": 79
      },
      {
        "year": 2013,
        "citations": 82
      },
      {
        "year": 2014,
        "citations": 120
      },
      {
        "year": 2015,
        "citations": 119
      },
      {
        "year": 2016,
        "citations": 160
      },
      {
        "year": 2017,
        "citations": 222
      },
      {
        "year": 2018,
        "citations": 273
      },
      {
        "year": 2019,
        "citations": 280
      },
      {
        "year": 2020,
        "citations": 316
      },
      {
        "year": 2021,
        "citations": 303
      },
      {
        "year": 2022,
        "citations": 355
      },
      {
        "year": 2023,
        "citations": 341
      },
      {
        "year": 2024,
        "citations": 269
      },
      {
        "year": 2025,
        "citations": 245
      }
    ]
  },
  "papers": [
    {
      "title": "Silicon-Based Optical Phased Array Using Electro-Optic  - -  Phase Shifters",
      "url": "https://scholar.google.com/citations?view_op=view_citation&hl=en&user=RSdKEcoAAAAJ&citation_for_view=RSdKEcoAAAAJ:ALROH1vI_8AC",
      "authors": "G Kang, SH Kim, JB You, DS Lee, H Yoon, YG Ha, JH Kim, DE Yoo, ...",
      "venue": "IEEE Photonics Technology Letters 31 (21), 1685-1688, 2019",
      "year": 2019,
      "citations": 94
    },
    {
      "title": "Thermo-optic control of the longitudinal radiation angle in a silicon-based optical phased array",
      "url": "https://scholar.google.com/citations?view_op=view_citation&hl=en&user=RSdKEcoAAAAJ&citation_for_view=RSdKEcoAAAAJ:_5tno0g5mFcC",
      "authors": "SH Kim, JB You, YG Ha, G Kang, DS Lee, H Yoon, DE Yoo, DW Lee, K Yu, ...",
      "venue": "Optics Letters 44 (2), 411-414, 2019",
      "year": 2019,
      "citations": 69
    },
    {
      "title": "5G-smart diabetes: Toward personalized diabetes diagnosis with healthcare big data clouds",
      "url": "https://scholar.google.com/citations?view_op=view_citation&hl=en&user=RSdKEcoAAAAJ&citation_for_view=RSdKEcoAAAAJ:4fGpz3EwCPoC",
      "authors": "M Chen, J Yang, J Zhou, Y Hao, J Zhang, CH Youn",
      "venue": "IEEE Communications Magazine 56 (4), 16-23, 2018",
      "year": 2018,
      "citations": 309
    },
    {
      "title": "An optimal pricing scheme for the energy-efficient mobile edge computation offloading with OFDMA",
      "url": "https://scholar.google.com/citations?view_op=view_citation&hl=en&user=RSdKEcoAAAAJ&citation_for_view=RSdKEcoAAAAJ:0izLItjtcgwC",
      "authors": "SH Kim, S Park, M Chen, CH Youn",
      "venue": "IEEE Communications Letters 22 (9), 1922-1925, 2018",
      "year": 2018,
      "citations": 71
    },
    {
      "title": "Dynamic allocation of power delivery paths in consolidated data centers based on adaptive UPS switching",
      "url": "https://scholar.google.com/citations?view_op=view_citation&hl=en&user=RSdKEcoAAAAJ&citation_for_view=RSdKEcoAAAAJ:NXb4pA-qfm4C",
      "authors": "ALH Fawaz, Y Peng, CH Youn, J Lorincz, C Li, G Song, R Boutaba",
      "venue": "Computer Networks 144, 254-270, 2018",
      "year": 2018,
      "citations": 42
    },
    {
      "title": "Wearable 2.0: Enabling human-cloud integration in next generation healthcare systems",
      "url": "https://scholar.google.com/citations?view_op=view_citation&hl=en&user=RSdKEcoAAAAJ&citation_for_view=RSdKEcoAAAAJ:hMsQuOkrut0C",
      "authors": "M Chen, Y Ma, Y Li, D Wu, Y Zhang, CH Youn",
      "venue": "IEEE Communications Magazine 55 (1), 54-61, 2017",
      "year": 2017,
      "citations": 479
    },
    {
      "title": "Energy and QoS aware resource allocation for heterogeneous sustainable cloud datacenters",
      "url": "https://scholar.google.com/citations?view_op=view_citation&hl=en&user=RSdKEcoAAAAJ&citation_for_view=RSdKEcoAAAAJ:yB1At4FlUx8C",
      "authors": "Y Peng, DK Kang, F Al-Hazemi, CH Youn",
      "venue": "Optical Switching and Networking 23, 225-240, 2017",
      "year": 2017,
      "citations": 51
    },
    {
      "title": "Enhancing energy efficiency via cooperative MIMO in wireless sensor networks: State of the art and future research directions",
      "url": "https://scholar.google.com/citations?view_op=view_citation&hl=en&user=RSdKEcoAAAAJ&citation_for_view=RSdKEcoAAAAJ:hCrLmN-GePgC",
      "authors": "Y Peng, F Al-Hazemi, R Boutaba, F Tong, IS Hwang, CH Youn",
      "venue": "IEEE Communications Magazine 55 (11), 47-53, 2017",
      "year": 2017,
      "citations": 44
    },
    {
      "title": "Apparatus and method for managing content for cloud computing",
      "url": "https://scholar.google.com/citations?view_op=view_citation&hl=en&user=RSdKEcoAAAAJ&citation_for_view=RSdKEcoAAAAJ:fQNAKQ3IYiAC",
      "authors": "Y Park, SM Kim, CH Youn, DK Sung, JW Kim, DK Kang, HJ Kim, Y Park, ...",
      "venue": "US Patent 9,270,753, 2016",
      "year": 2016,
      "citations": 46
    },
    {
      "title": "Workload-aware resource management for energy efficient heterogeneous docker containers",
      "url": "https://scholar.google.com/citations?view_op=view_citation&hl=en&user=RSdKEcoAAAAJ&citation_for_view=RSdKEcoAAAAJ:g3aElNc5_aQC",
      "authors": "DK Kang, GB Choi, SH Kim, IS Hwang, CH Youn",
      "venue": "2016 IEEE Region 10 Conference (TENCON), 2428-2431, 2016",
      "year": 2016,
      "citations": 35
    },
    {
      "title": "Visible light communications for 5G wireless networking systems: from fixed to mobile communications",
      "url": "https://scholar.google.com/citations?view_op=view_citation&hl=en&user=RSdKEcoAAAAJ&citation_for_view=RSdKEcoAAAAJ:f2IySw72cVMC",
      "authors": "S Wu, H Wang, CH Youn",
      "venue": "Ieee Network 28 (6), 41-45, 2014",
      "year": 2014,
      "citations": 447
    },
    {
      "title": "Cost adaptive workflow scheduling in cloud computing",
      "url": "https://scholar.google.com/citations?view_op=view_citation&hl=en&user=RSdKEcoAAAAJ&citation_for_view=RSdKEcoAAAAJ:35N4QoGY0k4C",
      "authors": "DK Kang, SH Kim, CH Youn, M Chen",
      "venue": "Proceedings of the 8th International conference on ubiquitous information …, 2014",
      "year": 2014,
      "citations": 40
    },
    {
      "title": "A collaborative computing framework of cloud network and WBSN applied to fall detection and 3-D motion reconstruction",
      "url": "https://scholar.google.com/citations?view_op=view_citation&hl=en&user=RSdKEcoAAAAJ&citation_for_view=RSdKEcoAAAAJ:zA6iFVUQeVQC",
      "authors": "CF Lai, M Chen, JS Pan, CH Youn, HC Chao",
      "venue": "IEEE Journal of Biomedical and Health Informatics 18 (2), 457-466, 2014",
      "year": 2014,
      "citations": 35
    },
    {
      "title": "Method and apparatus for resource management in grid computing systems",
      "url": "https://scholar.google.com/citations?view_op=view_citation&hl=en&user=RSdKEcoAAAAJ&citation_for_view=RSdKEcoAAAAJ:rO6llkc54NcC",
      "authors": "CH Youn, Y Han",
      "venue": "US Patent 8,621,476, 2013",
      "year": 2013,
      "citations": 99
    },
    {
      "title": "An integrated healthcare system for personalized chronic disease care in home–hospital environments",
      "url": "https://scholar.google.com/citations?view_op=view_citation&hl=en&user=RSdKEcoAAAAJ&citation_for_view=RSdKEcoAAAAJ:9yKSN-GCB0IC",
      "authors": "S Jeong, CH Youn, EB Shim, M Kim, YM Cho, L Peng",
      "venue": "IEEE Transactions on Information Technology in Biomedicine 16 (4), 572-585, 2012",
      "year": 2012,
      "citations": 72
    },
    {
      "title": "A novel approach to optical switching for intradatacenter networking",
      "url": "https://scholar.google.com/citations?view_op=view_citation&hl=en&user=RSdKEcoAAAAJ&citation_for_view=RSdKEcoAAAAJ:zYLM7Y9cAGgC",
      "authors": "L Peng, CH Youn, W Tang, C Qiao",
      "venue": "Journal of Lightwave Technology 30 (2), 252-266, 2011",
      "year": 2011,
      "citations": 54
    },
    {
      "title": "Theoretical analysis of the magnetocardiographic pattern for reentry wave propagation in a three-dimensional human heart model",
      "url": "https://scholar.google.com/citations?view_op=view_citation&hl=en&user=RSdKEcoAAAAJ&citation_for_view=RSdKEcoAAAAJ:WA5NYHcadZ8C",
      "authors": "UB Im, SS Kwon, K Kim, YH Lee, YK Park, CH Youn, EB Shim",
      "venue": "Progress in biophysics and molecular biology 96 (1-3), 339-356, 2008",
      "year": 2008,
      "citations": 37
    },
    {
      "title": "Mathematical modeling of cardiovascular system dynamics using a lumped parameter method",
      "url": "https://scholar.google.com/citations?view_op=view_citation&hl=en&user=RSdKEcoAAAAJ&citation_for_view=RSdKEcoAAAAJ:IjCSPb-OGe4C",
      "authors": "EB Shim, JY Sah, CH Youn",
      "venue": "The Japanese journal of physiology 54 (6), 545-553, 2004",
      "year": 2004,
      "citations": 95
    },
    {
      "title": "Dual DEB-GPS scheduler for delay-constraint applications in Ethernet passive optical networks",
      "url": "https://scholar.google.com/citations?view_op=view_citation&hl=en&user=RSdKEcoAAAAJ&citation_for_view=RSdKEcoAAAAJ:lmc2jWPfTJgC",
      "authors": "L Zhang, ES An, CH Youn, HG Yeo, S Yang",
      "venue": "IEICE Transactions on Communications 86 (5), 1575-1584, 2003",
      "year": 2003,
      "citations": 53
    },
    {
      "title": "Scalable multicast routing algorithm for delay-variation constrained minimum-cost tree",
      "url": "https://scholar.google.com/citations?view_op=view_citation&hl=en&user=RSdKEcoAAAAJ&citation_for_view=RSdKEcoAAAAJ:u5HHmVD_uO8C",
      "authors": "HY Lee, CH Youn",
      "venue": "2000 IEEE International Conference on Communications. ICC 2000. Global …, 2000",
      "year": 2000,
      "citations": 37
    }
  ],
  "co_authors": []
}