{
  "author_info": {
    "name": "Shicheng Li",
    "affiliation": "Peking University",
    "email_verified": "Verified email at pku.edu.cn",
    "interests": [
      "Natural Language Processing"
    ],
    "photo_url": "/citations/images/avatar_scholar_128.png"
  },
  "citation_stats": {
    "citations_all": 1234,
    "citations_since_2020": 1234,
    "h_index_all": 13,
    "h_index_since_2020": 13,
    "i10_index_all": 14,
    "i10_index_since_2020": 14,
    "citation_graph": [
      {
        "year": 2021,
        "citations": 12
      },
      {
        "year": 2022,
        "citations": 14
      },
      {
        "year": 2023,
        "citations": 35
      },
      {
        "year": 2024,
        "citations": 318
      },
      {
        "year": 2025,
        "citations": 855
      }
    ]
  },
  "papers": [
    {
      "title": "MiMo: Unlocking the Reasoning Potential of Language Model--From Pretraining to Posttraining",
      "url": "https://scholar.google.com/citations?view_op=view_citation&hl=en&user=hsTCc1MAAAAJ&citation_for_view=hsTCc1MAAAAJ:Se3iqnhoufwC",
      "authors": "B Xia, B Shen, D Zhu, D Zhang, G Wang, H Zhang, H Liu, J Xiao, J Dong, ...",
      "venue": "arXiv preprint arXiv:2505.07608, 2025",
      "year": 2025,
      "citations": 31
    },
    {
      "title": "Lumina-mGPT 2.0: Stand-Alone AutoRegressive Image Modeling",
      "url": "https://scholar.google.com/citations?view_op=view_citation&hl=en&user=hsTCc1MAAAAJ&citation_for_view=hsTCc1MAAAAJ:8k81kl-MbHgC",
      "authors": "Y Xin, J Yan, Q Qin, Z Li, D Liu, S Li, VSJ Huang, Y Zhou, R Zhang, ...",
      "venue": "arXiv preprint arXiv:2507.17801, 2025",
      "year": 2025,
      "citations": 16
    },
    {
      "title": "Mimo-vl technical report",
      "url": "https://scholar.google.com/citations?view_op=view_citation&hl=en&user=hsTCc1MAAAAJ&citation_for_view=hsTCc1MAAAAJ:5nxA0vEk-isC",
      "authors": "LLM Xiaomi, C Team",
      "venue": "arXiv preprint arXiv:2506.03569, 2025",
      "year": 2025,
      "citations": 13
    },
    {
      "title": "TimeChat-Online: 80% Visual Tokens are Naturally Redundant in Streaming Videos",
      "url": "https://scholar.google.com/citations?view_op=view_citation&hl=en&user=hsTCc1MAAAAJ&citation_for_view=hsTCc1MAAAAJ:0EnyYjriUFMC",
      "authors": "L Yao, Y Li, Y Wei, L Li, S Ren, Y Liu, K Ouyang, L Wang, S Li, S Li, ...",
      "venue": "arXiv preprint arXiv:2504.17343, 2025",
      "year": 2025,
      "citations": 9
    },
    {
      "title": "Lumina-Video: Efficient and Flexible Video Generation with Multi-scale Next-DiT",
      "url": "https://scholar.google.com/citations?view_op=view_citation&hl=en&user=hsTCc1MAAAAJ&citation_for_view=hsTCc1MAAAAJ:roLk4NBRz8UC",
      "authors": "D Liu, S Li, Y Liu, Z Li, K Wang, X Li, Q Qin, Y Liu, Y Xin, Z Li, B Fu, C Si, ...",
      "venue": "arXiv preprint arXiv:2502.06782, 2025",
      "year": 2025,
      "citations": 5
    },
    {
      "title": "TEMPLE: Temporal Preference Learning of Video LLMs via Difficulty Scheduling and Pre-SFT Alignment",
      "url": "https://scholar.google.com/citations?view_op=view_citation&hl=en&user=hsTCc1MAAAAJ&citation_for_view=hsTCc1MAAAAJ:hqOjcs7Dif8C",
      "authors": "S Li, L Li, K Ouyang, S Ren, Y Liu, Y Zhang, F Zhang, L Kong, Q Liu, ...",
      "venue": "arXiv preprint arXiv:2503.16929, 2025",
      "year": 2025,
      "citations": 3
    },
    {
      "title": "Timechat: A time-sensitive multimodal large language model for long video understanding",
      "url": "https://scholar.google.com/citations?view_op=view_citation&hl=en&user=hsTCc1MAAAAJ&citation_for_view=hsTCc1MAAAAJ:qjMakFHDy7sC",
      "authors": "S Ren, L Yao, S Li, X Sun, L Hou",
      "venue": "Proceedings of the IEEE/CVF Conference on Computer Vision and Pattern …, 2024",
      "year": 2024,
      "citations": 346
    },
    {
      "title": "TempCompass: Do Video LLMs Really Understand Videos?",
      "url": "https://scholar.google.com/citations?view_op=view_citation&hl=en&user=hsTCc1MAAAAJ&citation_for_view=hsTCc1MAAAAJ:IjCSPb-OGe4C",
      "authors": "Y Liu, S Li, Y Liu, Y Wang, S Ren, L Li, S Chen, X Sun, L Hou",
      "venue": "arXiv preprint arXiv:2403.00476, 2024",
      "year": 2024,
      "citations": 192
    },
    {
      "title": "MAVIS: Mathematical Visual Instruction Tuning with an Automatic Data Engine",
      "url": "https://scholar.google.com/citations?view_op=view_citation&hl=en&user=hsTCc1MAAAAJ&citation_for_view=hsTCc1MAAAAJ:LkGwnXOMwfcC",
      "authors": "R Zhang, X Wei, D Jiang, Z Guo, S Li, Y Zhang, C Tong, J Liu, A Zhou, ...",
      "venue": "arXiv e-prints, arXiv: 2407.08739, 2024",
      "year": 2024,
      "citations": 132
    },
    {
      "title": "Vitatecs: A diagnostic dataset for temporal concept understanding of video-language models",
      "url": "https://scholar.google.com/citations?view_op=view_citation&hl=en&user=hsTCc1MAAAAJ&citation_for_view=hsTCc1MAAAAJ:zYLM7Y9cAGgC",
      "authors": "S Li, L Li, Y Liu, S Ren, Y Liu, R Gao, X Sun, L Hou",
      "venue": "European Conference on Computer Vision, 331-348, 2024",
      "year": 2024,
      "citations": 43
    },
    {
      "title": "Modal-adaptive Knowledge-enhanced Graph-based Financial Prediction from Monetary Policy Conference Calls with LLM",
      "url": "https://scholar.google.com/citations?view_op=view_citation&hl=en&user=hsTCc1MAAAAJ&citation_for_view=hsTCc1MAAAAJ:eQOLeE2rZwMC",
      "authors": "K Ouyang, Y Liu, S Li, R Bao, K Harimoto, X Sun",
      "venue": "arXiv preprint arXiv:2403.16055, 2024",
      "year": 2024,
      "citations": 20
    },
    {
      "title": "MIT: A Large-Scale Dataset towards Multi-Modal Multilingual Instruction Tuning",
      "url": "https://scholar.google.com/citations?view_op=view_citation&hl=en&user=hsTCc1MAAAAJ&citation_for_view=hsTCc1MAAAAJ:2osOgNQ5qMEC",
      "authors": "L Li, Y Yin, S Li, L Chen, P Wang, S Ren, M Li, Y Yang, J Xu, X Sun, ...",
      "venue": "arXiv preprint arXiv:2306.04387, 2023",
      "year": 2023,
      "citations": 163
    },
    {
      "title": "Fetv: A benchmark for fine-grained evaluation of open-domain text-to-video generation",
      "url": "https://scholar.google.com/citations?view_op=view_citation&hl=en&user=hsTCc1MAAAAJ&citation_for_view=hsTCc1MAAAAJ:UeHWp8X0CEIC",
      "authors": "Y Liu, L Li, S Ren, R Gao, S Li, S Chen, X Sun, L Hou",
      "venue": "Advances in Neural Information Processing Systems 36, 62352-62387, 2023",
      "year": 2023,
      "citations": 107
    },
    {
      "title": "Recall: A benchmark for llms robustness against external counterfactual knowledge",
      "url": "https://scholar.google.com/citations?view_op=view_citation&hl=en&user=hsTCc1MAAAAJ&citation_for_view=hsTCc1MAAAAJ:Y0pCki6q_DkC",
      "authors": "Y Liu, L Huang, S Li, S Chen, H Zhou, F Meng, J Zhou, X Sun",
      "venue": "arXiv preprint arXiv:2311.08147, 2023",
      "year": 2023,
      "citations": 49
    },
    {
      "title": "TESTA: Temporal-spatial token aggregation for long-form video-language understanding",
      "url": "https://scholar.google.com/citations?view_op=view_citation&hl=en&user=hsTCc1MAAAAJ&citation_for_view=hsTCc1MAAAAJ:YsMSGLbcyi4C",
      "authors": "S Ren, S Chen, S Li, X Sun, L Hou",
      "venue": "arXiv preprint arXiv:2310.19060, 2023",
      "year": 2023,
      "citations": 43
    },
    {
      "title": "No stock is an island: Learning internal and relational attributes of stocks with contrastive learning",
      "url": "https://scholar.google.com/citations?view_op=view_citation&hl=en&user=hsTCc1MAAAAJ&citation_for_view=hsTCc1MAAAAJ:Tyk-4Ss8FVUC",
      "authors": "S Li, W Li, Z Zhang, R Bao, K Harimoto, X Sun",
      "venue": "Proceedings of the Fourth Workshop on Financial Technology and Natural …, 2022",
      "year": 2022,
      "citations": 7
    },
    {
      "title": "Rethinking denoised auto-encoding in language pre-training",
      "url": "https://scholar.google.com/citations?view_op=view_citation&hl=en&user=hsTCc1MAAAAJ&citation_for_view=hsTCc1MAAAAJ:W7OEmFMy1HYC",
      "authors": "F Luo, P Yang, S Li, X Ren, X Sun, S Huang, F Huang",
      "venue": "Proceedings of the 2021 Conference on Empirical Methods in Natural Language …, 2021",
      "year": 2021,
      "citations": 7
    },
    {
      "title": "Multi-Granularity Contrasting for Cross-Lingual Pre-Training",
      "url": "https://scholar.google.com/citations?view_op=view_citation&hl=en&user=hsTCc1MAAAAJ&citation_for_view=hsTCc1MAAAAJ:9yKSN-GCB0IC",
      "authors": "S Li, P Yang, F Luo, J Xie",
      "venue": "Findings of the Association for Computational Linguistics: ACL-IJCNLP 2021 …, 2021",
      "year": 2021,
      "citations": 7
    },
    {
      "title": "CAPT: Contrastive Pre-Training for LearningDenoised Sequence Representations",
      "url": "https://scholar.google.com/citations?view_op=view_citation&hl=en&user=hsTCc1MAAAAJ&citation_for_view=hsTCc1MAAAAJ:u-x6o8ySG0sC",
      "authors": "F Luo, P Yang, S Li, X Ren, X Sun",
      "venue": "arXiv preprint arXiv:2010.06351, 2020",
      "year": 2020,
      "citations": 22
    },
    {
      "title": "Dca: Diversified co-attention towards informative live video commenting",
      "url": "https://scholar.google.com/citations?view_op=view_citation&hl=en&user=hsTCc1MAAAAJ&citation_for_view=hsTCc1MAAAAJ:d1gkVwhDpl0C",
      "authors": "Z Zhang, Z Yin, S Ren, X Li, S Li",
      "venue": "Natural Language Processing and Chinese Computing: 9th CCF International …, 2020",
      "year": 2020,
      "citations": 17
    }
  ],
  "co_authors": [
    {
      "name": "Xu Sun",
      "scholar_id": "tpXiQkYAAAAJ",
      "url": "https://scholar.google.com/citations?user=tpXiQkYAAAAJ"
    },
    {
      "name": "Shuhuai Ren",
      "scholar_id": "3X8yS-cAAAAJ",
      "url": "https://scholar.google.com/citations?user=3X8yS-cAAAAJ"
    },
    {
      "name": "Fuli Luo（罗福莉）",
      "scholar_id": "1s79Z5cAAAAJ",
      "url": "https://scholar.google.com/citations?user=1s79Z5cAAAAJ"
    }
  ]
}