{
  "author_info": {
    "name": "Hanlin Tang",
    "affiliation": "University of Rochester",
    "email_verified": "Verified email at ur.rochester.edu - Homepage",
    "website": "https://sites.google.com/view/tanghl/%E9%A6%96%E9%A1%B5",
    "interests": [
      "Machine learning",
      "Optimization",
      "Distributed Learning"
    ],
    "photo_url": "https://scholar.googleusercontent.com/citations?view_op=view_photo&user=RCGyfecAAAAJ&citpid=5"
  },
  "citation_stats": {
    "citations_all": 1662,
    "citations_since_2020": 1568,
    "h_index_all": 13,
    "h_index_since_2020": 13,
    "i10_index_all": 13,
    "i10_index_since_2020": 13,
    "citation_graph": [
      {
        "year": 2018,
        "citations": 7
      },
      {
        "year": 2019,
        "citations": 78
      },
      {
        "year": 2020,
        "citations": 168
      },
      {
        "year": 2021,
        "citations": 265
      },
      {
        "year": 2022,
        "citations": 294
      },
      {
        "year": 2023,
        "citations": 305
      },
      {
        "year": 2024,
        "citations": 306
      },
      {
        "year": 2025,
        "citations": 230
      }
    ]
  },
  "papers": [
    {
      "title": "Razorattention: Efficient kv cache compression through retrieval heads",
      "url": "https://scholar.google.com/citations?view_op=view_citation&hl=en&user=RCGyfecAAAAJ&citation_for_view=RCGyfecAAAAJ:8k81kl-MbHgC",
      "authors": "H Tang, Y Lin, J Lin, Q Han, S Hong, Y Yao, G Wang",
      "venue": "arXiv preprint arXiv:2407.15891, 2024",
      "year": 2024,
      "citations": 41
    },
    {
      "title": "Easyquant: An efficient data-free quantization algorithm for llms",
      "url": "https://scholar.google.com/citations?view_op=view_citation&hl=en&user=RCGyfecAAAAJ&citation_for_view=RCGyfecAAAAJ:UebtZRa9Y70C",
      "authors": "H Tang, Y Sun, D Wu, K Liu, J Zhu, Z Kang",
      "venue": "Proceedings of the 2023 Conference on Empirical Methods in Natural Language …, 2023",
      "year": 2023,
      "citations": 15
    },
    {
      "title": "1-bit lamb: Communication efficient large-scale large-batch training with lamb’s convergence speed",
      "url": "https://scholar.google.com/citations?view_op=view_citation&hl=en&user=RCGyfecAAAAJ&citation_for_view=RCGyfecAAAAJ:hqOjcs7Dif8C",
      "authors": "C Li, AA Awan, H Tang, S Rajbhandari, Y He",
      "venue": "2022 IEEE 29th International Conference on High Performance Computing, Data …, 2022",
      "year": 2022,
      "citations": 45
    },
    {
      "title": "Mkq-bert: Quantized bert with 4-bits weights and activations",
      "url": "https://scholar.google.com/citations?view_op=view_citation&hl=en&user=RCGyfecAAAAJ&citation_for_view=RCGyfecAAAAJ:Se3iqnhoufwC",
      "authors": "H Tang, X Zhang, K Liu, J Zhu, Z Kang",
      "venue": "arXiv preprint arXiv:2203.13483, 2022",
      "year": 2022,
      "citations": 18
    },
    {
      "title": "1-bit adam: Communication efficient large-scale training with adam’s convergence speed",
      "url": "https://scholar.google.com/citations?view_op=view_citation&hl=en&user=RCGyfecAAAAJ&citation_for_view=RCGyfecAAAAJ:WF5omc3nYNoC",
      "authors": "H Tang, S Gan, AA Awan, S Rajbhandari, C Li, X Lian, J Liu, C Zhang, ...",
      "venue": "International Conference on Machine Learning, 10118-10129, 2021",
      "year": 2021,
      "citations": 118
    },
    {
      "title": "Errorcompensatedx: error compensation for variance reduced algorithms",
      "url": "https://scholar.google.com/citations?view_op=view_citation&hl=en&user=RCGyfecAAAAJ&citation_for_view=RCGyfecAAAAJ:roLk4NBRz8UC",
      "authors": "H Tang, Y Li, J Liu, M Yan",
      "venue": "Advances in Neural Information Processing Systems 34, 18102-18113, 2021",
      "year": 2021,
      "citations": 15
    },
    {
      "title": "PASTO: Strategic Parameter Optimization in Recommendation Systems--Probabilistic is Better than Deterministic",
      "url": "https://scholar.google.com/citations?view_op=view_citation&hl=en&user=RCGyfecAAAAJ&citation_for_view=RCGyfecAAAAJ:0EnyYjriUFMC",
      "authors": "W Ding, H Tang, J Feng, L Yuan, S Yang, G Yang, J Zheng, J Wang, Q Su, ...",
      "venue": "arXiv preprint arXiv:2108.09076, 2021",
      "year": 2021,
      "citations": 0
    },
    {
      "title": "Communication Efficient Machine Learning",
      "url": "https://scholar.google.com/citations?view_op=view_citation&hl=en&user=RCGyfecAAAAJ&citation_for_view=RCGyfecAAAAJ:LkGwnXOMwfcC",
      "authors": "H Tang",
      "venue": "University of Rochester, 2021",
      "year": 2021,
      "citations": 0
    },
    {
      "title": "Apmsqueeze: A communication efficient adam-preconditioned momentum sgd algorithm",
      "url": "https://scholar.google.com/citations?view_op=view_citation&hl=en&user=RCGyfecAAAAJ&citation_for_view=RCGyfecAAAAJ:Y0pCki6q_DkC",
      "authors": "H Tang, S Gan, S Rajbhandari, X Lian, J Liu, Y He, C Zhang",
      "venue": "arXiv preprint arXiv:2008.11343, 2020",
      "year": 2020,
      "citations": 8
    },
    {
      "title": "Doublesqueeze: Parallel stochastic gradient descent with double-pass error-compensated compression",
      "url": "https://scholar.google.com/citations?view_op=view_citation&hl=en&user=RCGyfecAAAAJ&citation_for_view=RCGyfecAAAAJ:2osOgNQ5qMEC",
      "authors": "H Tang, C Yu, X Lian, T Zhang, J Liu",
      "venue": "International Conference on Machine Learning, 6155-6165, 2019",
      "year": 2019,
      "citations": 310
    },
    {
      "title": "Central server free federated learning over single-sided trust social networks",
      "url": "https://scholar.google.com/citations?view_op=view_citation&hl=en&user=RCGyfecAAAAJ&citation_for_view=RCGyfecAAAAJ:IjCSPb-OGe4C",
      "authors": "C He, C Tan, H Tang, S Qiu, J Liu",
      "venue": "arXiv preprint arXiv:1910.04956, 2019",
      "year": 2019,
      "citations": 101
    },
    {
      "title": "Distributed learning over unreliable networks",
      "url": "https://scholar.google.com/citations?view_op=view_citation&hl=en&user=RCGyfecAAAAJ&citation_for_view=RCGyfecAAAAJ:d1gkVwhDpl0C",
      "authors": "C Yu, H Tang, C Renggli, S Kassing, A Singla, D Alistarh, C Zhang, J Liu",
      "venue": "International Conference on Machine Learning, 7202-7212, 2019",
      "year": 2019,
      "citations": 86
    },
    {
      "title": ": Decentralization Meets Error-Compensated Compression",
      "url": "https://scholar.google.com/citations?view_op=view_citation&hl=en&user=RCGyfecAAAAJ&citation_for_view=RCGyfecAAAAJ:5nxA0vEk-isC",
      "authors": "H Tang, X Lian, S Qiu, L Yuan, C Zhang, T Zhang, J Liu",
      "venue": "arXiv preprint arXiv:1907.07346, 2019",
      "year": 2019,
      "citations": 53
    },
    {
      "title": "Decentralized online learning: Take benefits from others' data without sharing your own to track global trend",
      "url": "https://scholar.google.com/citations?view_op=view_citation&hl=en&user=RCGyfecAAAAJ&citation_for_view=RCGyfecAAAAJ:zYLM7Y9cAGgC",
      "authors": "Y Zhao, C Yu, P Zhao, H Tang, S Qiu, J Liu",
      "venue": "arXiv preprint arXiv:1901.10593, 2019",
      "year": 2019,
      "citations": 27
    },
    {
      "title": ": Decentralized Training over Decentralized Data",
      "url": "https://scholar.google.com/citations?view_op=view_citation&hl=en&user=RCGyfecAAAAJ&citation_for_view=RCGyfecAAAAJ:u5HHmVD_uO8C",
      "authors": "H Tang, X Lian, M Yan, C Zhang, J Liu",
      "venue": "International Conference on Machine Learning, 4848-4856, 2018",
      "year": 2018,
      "citations": 460
    },
    {
      "title": "Communication compression for decentralized training",
      "url": "https://scholar.google.com/citations?view_op=view_citation&hl=en&user=RCGyfecAAAAJ&citation_for_view=RCGyfecAAAAJ:9yKSN-GCB0IC",
      "authors": "H Tang, S Gan, C Zhang, T Zhang, J Liu",
      "venue": "Advances in Neural Information Processing Systems 31, 2018",
      "year": 2018,
      "citations": 365
    },
    {
      "title": "Systems/Subsytems",
      "url": "https://scholar.google.com/citations?view_op=view_citation&hl=en&user=RCGyfecAAAAJ&citation_for_view=RCGyfecAAAAJ:ufrVoPGSRksC",
      "authors": "S Rajbhandari, AVN Jalajakumari, H Chun, G Faulkner, K Cameron, ...",
      "venue": "",
      "citations": 0
    }
  ],
  "co_authors": [
    {
      "name": "Ji Liu",
      "scholar_id": "RRzVwKkAAAAJ",
      "url": "https://scholar.google.com/citations?user=RRzVwKkAAAAJ"
    },
    {
      "name": "Ce Zhang",
      "scholar_id": "GkXqbmMAAAAJ",
      "url": "https://scholar.google.com/citations?user=GkXqbmMAAAAJ"
    },
    {
      "name": "Shawn (Xiangru) Lian",
      "scholar_id": "N3oIXg0AAAAJ",
      "url": "https://scholar.google.com/citations?user=N3oIXg0AAAAJ"
    },
    {
      "name": "Tong Zhang",
      "scholar_id": "LurWtuYAAAAJ",
      "url": "https://scholar.google.com/citations?user=LurWtuYAAAAJ"
    },
    {
      "name": "Shaoduo Gan",
      "scholar_id": "Gy9ZnBcAAAAJ",
      "url": "https://scholar.google.com/citations?user=Gy9ZnBcAAAAJ"
    },
    {
      "name": "Ming Yan (严明)",
      "scholar_id": "IR1mvb0AAAAJ",
      "url": "https://scholar.google.com/citations?user=IR1mvb0AAAAJ"
    },
    {
      "name": "Chen Yu",
      "scholar_id": "5_b5roYAAAAJ",
      "url": "https://scholar.google.com/citations?user=5_b5roYAAAAJ"
    },
    {
      "name": "Simon Kassing",
      "scholar_id": "PwGJDYMAAAAJ",
      "url": "https://scholar.google.com/citations?user=PwGJDYMAAAAJ"
    },
    {
      "name": "Cedric Renggli",
      "scholar_id": "-gquq44AAAAJ",
      "url": "https://scholar.google.com/citations?user=-gquq44AAAAJ"
    },
    {
      "name": "Dan Alistarh",
      "scholar_id": "75q-6ZQAAAAJ",
      "url": "https://scholar.google.com/citations?user=75q-6ZQAAAAJ"
    }
  ]
}