{
  "author_info": {
    "name": "Xinshuai Dong",
    "affiliation": "Carnegie Mellon University",
    "email_verified": "Verified email at cmu.edu",
    "interests": [
      "ML"
    ],
    "photo_url": "/citations/images/avatar_scholar_128.png"
  },
  "citation_stats": {
    "citations_all": 655,
    "citations_since_2020": 655,
    "h_index_all": 11,
    "h_index_since_2020": 11,
    "i10_index_all": 14,
    "i10_index_since_2020": 14,
    "citation_graph": [
      {
        "year": 2021,
        "citations": 15
      },
      {
        "year": 2022,
        "citations": 58
      },
      {
        "year": 2023,
        "citations": 94
      },
      {
        "year": 2024,
        "citations": 207
      },
      {
        "year": 2025,
        "citations": 276
      }
    ]
  },
  "papers": [
    {
      "title": "When Selection meets Intervention: Additional Complexities in Causal Discovery",
      "url": "https://scholar.google.com/citations?view_op=view_citation&hl=en&user=A7JyL1sAAAAJ&citation_for_view=A7JyL1sAAAAJ:Zph67rFs4hoC",
      "authors": "H Dai, I Ng, J Sun, Z Tang, G Luo, X Dong, P Spirtes, K Zhang",
      "venue": "ICLR, 2025",
      "year": 2025,
      "citations": 5
    },
    {
      "title": "A Versatile Causal Discovery Framework to Allow Causally-Related Hidden Variables",
      "url": "https://scholar.google.com/citations?view_op=view_citation&hl=en&user=A7JyL1sAAAAJ&citation_for_view=A7JyL1sAAAAJ:eQOLeE2rZwMC",
      "authors": "X Dong, B Huang, I Ng, X Song, Y Zheng, S Jin, R Legaspi, P Spirtes, ...",
      "venue": "ICLR, 2024",
      "year": 2024,
      "citations": 27
    },
    {
      "title": "Modeling Dynamic Topics in Chain-Free Fashion by Evolution-Tracking Contrastive Learning and Unassociated Word Exclusion",
      "url": "https://scholar.google.com/citations?view_op=view_citation&hl=en&user=A7JyL1sAAAAJ&citation_for_view=A7JyL1sAAAAJ:hqOjcs7Dif8C",
      "authors": "X Wu, X Dong, L Pan, T Nguyen, AT Luu",
      "venue": "ACL Findings, 2024",
      "year": 2024,
      "citations": 23
    },
    {
      "title": "Score-Based Causal Discovery of Latent Variable Causal Models",
      "url": "https://scholar.google.com/citations?view_op=view_citation&hl=en&user=A7JyL1sAAAAJ&citation_for_view=A7JyL1sAAAAJ:5nxA0vEk-isC",
      "authors": "I Ng, X Dong, H Dai, B Huang, P Spirtes, K Zhang",
      "venue": "ICML, 2024",
      "year": 2024,
      "citations": 11
    },
    {
      "title": "Meta-optimized Angular Margin Contrastive Framework for Video-Language Representation Learning.",
      "url": "https://scholar.google.com/citations?view_op=view_citation&hl=en&user=A7JyL1sAAAAJ&citation_for_view=A7JyL1sAAAAJ:MXK_kJrjxJIC",
      "authors": "T Nguyen, Y Bin, X Wu, X Dong, Z Hu, K Le, CD Nguyen, SK Ng, AT Luu",
      "venue": "ECCV, 2024",
      "year": 2024,
      "citations": 10
    },
    {
      "title": "Topic Modeling as Multi-Objective Contrastive Optimization",
      "url": "https://scholar.google.com/citations?view_op=view_citation&hl=en&user=A7JyL1sAAAAJ&citation_for_view=A7JyL1sAAAAJ:LkGwnXOMwfcC",
      "authors": "TT Nguyen, X Wu, X Dong, CDT Nguyen, SK Ng, AT Luu",
      "venue": "ICLR, 2024",
      "year": 2024,
      "citations": 10
    },
    {
      "title": "Causal Temporal Representation Learning with Nonstationary Sparse Transition",
      "url": "https://scholar.google.com/citations?view_op=view_citation&hl=en&user=A7JyL1sAAAAJ&citation_for_view=A7JyL1sAAAAJ:KlAtU1dfN6UC",
      "authors": "X Song, Z Li, G Chen, Y Zheng, Yujia, Fan, X Dong, K Zhang",
      "venue": "NeurIPS, 2024",
      "year": 2024,
      "citations": 8
    },
    {
      "title": "Structural Estimation of Partially Observed Linear Non-Gaussian Acyclic Model: A Practical Approach with Identifiability",
      "url": "https://scholar.google.com/citations?view_op=view_citation&hl=en&user=A7JyL1sAAAAJ&citation_for_view=A7JyL1sAAAAJ:_FxGoFyzp5QC",
      "authors": "S Jin, F Xie, G Chen, B Huang, Z Chen, X Dong, K Zhang",
      "venue": "ICLR, 2024",
      "year": 2024,
      "citations": 8
    },
    {
      "title": "READ-PVLA: Recurrent Adapter with Partial Video-Language Alignment for Parameter-Efficient Transfer Learning in Low-Resource Video-Language Modeling",
      "url": "https://scholar.google.com/citations?view_op=view_citation&hl=en&user=A7JyL1sAAAAJ&citation_for_view=A7JyL1sAAAAJ:YsMSGLbcyi4C",
      "authors": "T Nguyen, X Wu, X Dong, K Le, Z Hu, CD Nguyen, SK Ng, LA Tuan",
      "venue": "AAAI, 2024",
      "year": 2024,
      "citations": 7
    },
    {
      "title": "Effective Neural Topic Modeling with Embedding Clustering Regularization",
      "url": "https://scholar.google.com/citations?view_op=view_citation&hl=en&user=A7JyL1sAAAAJ&citation_for_view=A7JyL1sAAAAJ:IjCSPb-OGe4C",
      "authors": "X Wu, X Dong, TT Nguyen, AT Luu",
      "venue": "ICML, 2023",
      "year": 2023,
      "citations": 82
    },
    {
      "title": "InfoCTM: A Mutual Information Maximization Perspective of Cross-lingual Topic Modeling",
      "url": "https://scholar.google.com/citations?view_op=view_citation&hl=en&user=A7JyL1sAAAAJ&citation_for_view=A7JyL1sAAAAJ:UeHWp8X0CEIC",
      "authors": "X Wu, X Dong, T Nguyen, C Liu, LM Pan, AT Luu",
      "venue": "AAAI, 2023",
      "year": 2023,
      "citations": 32
    },
    {
      "title": "Temporally Disentangled Representation Learning under Unknown Nonstationarity",
      "url": "https://scholar.google.com/citations?view_op=view_citation&hl=en&user=A7JyL1sAAAAJ&citation_for_view=A7JyL1sAAAAJ:Tyk-4Ss8FVUC",
      "authors": "X Song, W Yao, Y Fan, X Dong, G Chen, JC Niebles, E Xing, K Zhang",
      "venue": "NeurIPS, 2023",
      "year": 2023,
      "citations": 26
    },
    {
      "title": "DemaFormer: Damped Exponential Moving Average Transformer with Energy-Based Modeling for Temporal Language Grounding",
      "url": "https://scholar.google.com/citations?view_op=view_citation&hl=en&user=A7JyL1sAAAAJ&citation_for_view=A7JyL1sAAAAJ:W7OEmFMy1HYC",
      "authors": "T Nguyen, X Wu, X Dong, CD Nguyen, SK Ng, A Luu",
      "venue": "EMNLP Findings, 2023",
      "year": 2023,
      "citations": 12
    },
    {
      "title": "On the Identifiability of Sparse ICA without Assuming Non-Gaussianity",
      "url": "https://scholar.google.com/citations?view_op=view_citation&hl=en&user=A7JyL1sAAAAJ&citation_for_view=A7JyL1sAAAAJ:Y0pCki6q_DkC",
      "authors": "I Ng, Y Zheng, X Dong, K Zhang",
      "venue": "NeurIPS, 2023",
      "year": 2023,
      "citations": 8
    },
    {
      "title": "Gradient-Boosted Decision Tree for Listwise Context Model in Multimodal Review Helpfulness Prediction",
      "url": "https://scholar.google.com/citations?view_op=view_citation&hl=en&user=A7JyL1sAAAAJ&citation_for_view=A7JyL1sAAAAJ:zYLM7Y9cAGgC",
      "authors": "TT Nguyen, X Wu, X Dong, CDT Nguyen, Z Hai, L Bing, AT Luu",
      "venue": "ACL Findings, 2023",
      "year": 2023,
      "citations": 8
    },
    {
      "title": "Mitigating Data Sparsity for Short Text Topic Modeling by Topic-Semantic Contrastive Learning",
      "url": "https://scholar.google.com/citations?view_op=view_citation&hl=en&user=A7JyL1sAAAAJ&citation_for_view=A7JyL1sAAAAJ:qjMakFHDy7sC",
      "authors": "X Wu, AT Luu, X Dong",
      "venue": "EMNLP, 2022",
      "year": 2022,
      "citations": 59
    },
    {
      "title": "Certified Robustness Against Natural Language Attacks by Causal Intervention",
      "url": "https://scholar.google.com/citations?view_op=view_citation&hl=en&user=A7JyL1sAAAAJ&citation_for_view=A7JyL1sAAAAJ:2osOgNQ5qMEC",
      "authors": "H Zhao*, C Ma*, X Dong*, AT Luu, ZH Deng, H Zhang",
      "venue": "ICML, 2022",
      "year": 2022,
      "citations": 53
    },
    {
      "title": "Towards Robustness Against Natural Language  Word Substitutions",
      "url": "https://scholar.google.com/citations?view_op=view_citation&hl=en&user=A7JyL1sAAAAJ&citation_for_view=A7JyL1sAAAAJ:u-x6o8ySG0sC",
      "authors": "X Dong, AT Luu, R Ji, H Liu",
      "venue": "ICLR, 2021",
      "year": 2021,
      "citations": 137
    },
    {
      "title": "How should pre-trained language models be fine-tuned towards adversarial robustness?",
      "url": "https://scholar.google.com/citations?view_op=view_citation&hl=en&user=A7JyL1sAAAAJ&citation_for_view=A7JyL1sAAAAJ:9yKSN-GCB0IC",
      "authors": "X Dong, AT Luu, M Lin, S Yan, H Zhang",
      "venue": "NeurIPS, 2021",
      "year": 2021,
      "citations": 84
    },
    {
      "title": "Api-net: Robust generative classifier via a single discriminator",
      "url": "https://scholar.google.com/citations?view_op=view_citation&hl=en&user=A7JyL1sAAAAJ&citation_for_view=A7JyL1sAAAAJ:u5HHmVD_uO8C",
      "authors": "X Dong, H Liu, R Ji, L Cao, Q Ye, J Liu, Q Tian",
      "venue": "ECCV, 2020",
      "year": 2020,
      "citations": 15
    }
  ],
  "co_authors": [
    {
      "name": "Luu Anh Tuan",
      "scholar_id": "d6ixOGYAAAAJ",
      "url": "https://scholar.google.com/citations?user=d6ixOGYAAAAJ"
    },
    {
      "name": "Kun Zhang",
      "scholar_id": "RGoypN4AAAAJ",
      "url": "https://scholar.google.com/citations?user=RGoypN4AAAAJ"
    },
    {
      "name": "Peter Spirtes",
      "scholar_id": "mar1eCwAAAAJ",
      "url": "https://scholar.google.com/citations?user=mar1eCwAAAAJ"
    },
    {
      "name": "Rongrong Ji 纪荣嵘",
      "scholar_id": "lRSD7PQAAAAJ",
      "url": "https://scholar.google.com/citations?user=lRSD7PQAAAAJ"
    },
    {
      "name": "Hanwang Zhang (张含望）",
      "scholar_id": "YG0DFyYAAAAJ",
      "url": "https://scholar.google.com/citations?user=YG0DFyYAAAAJ"
    }
  ]
}