{
  "author_info": {
    "name": "Taylor Sorensen",
    "affiliation": "CS PhD candidate @ University of Washington",
    "email_verified": "Verified email at cs.washington.edu - Homepage",
    "website": "http://tsor13.github.io/",
    "interests": [
      "Natural Language Processing",
      "Artificial Intelligence",
      "AI Alignment",
      "AI + Pluralism / Democracy"
    ],
    "photo_url": "https://scholar.googleusercontent.com/citations?view_op=view_photo&user=dWaTwM4AAAAJ&citpid=5"
  },
  "citation_stats": {
    "citations_all": 1369,
    "citations_since_2020": 1368,
    "h_index_all": 14,
    "h_index_since_2020": 14,
    "i10_index_all": 15,
    "i10_index_since_2020": 15,
    "citation_graph": [
      {
        "year": 2021,
        "citations": 4
      },
      {
        "year": 2022,
        "citations": 28
      },
      {
        "year": 2023,
        "citations": 143
      },
      {
        "year": 2024,
        "citations": 427
      },
      {
        "year": 2025,
        "citations": 755
      }
    ]
  },
  "papers": [
    {
      "title": "Investigating machine moral judgement through the Delphi experiment",
      "url": "https://scholar.google.com/citations?view_op=view_citation&hl=en&user=dWaTwM4AAAAJ&citation_for_view=dWaTwM4AAAAJ:5nxA0vEk-isC",
      "authors": "L Jiang, JD Hwang, C Bhagavatula, RL Bras, JT Liang, S Levine, J Dodge, ...",
      "venue": "Nature Machine Intelligence, 2025",
      "year": 2025,
      "citations": 26
    },
    {
      "title": "Value Profiles for Encoding Human Variation",
      "url": "https://scholar.google.com/citations?view_op=view_citation&hl=en&user=dWaTwM4AAAAJ&citation_for_view=dWaTwM4AAAAJ:kNdYIx-mwKoC",
      "authors": "T Sorensen, P Mishra, R Patel, MH Tessler, M Bakker, G Evans, I Gabriel, ...",
      "venue": "EMNLP 2025, 2025",
      "year": 2025,
      "citations": 16
    },
    {
      "title": "Political Neutrality in AI is Impossible-But Here is How to Approximate it",
      "url": "https://scholar.google.com/citations?view_op=view_citation&hl=en&user=dWaTwM4AAAAJ&citation_for_view=dWaTwM4AAAAJ:MXK_kJrjxJIC",
      "authors": "J Fisher, RE Appel, CY Park, Y Potter, L Jiang, T Sorensen, S Feng, ...",
      "venue": "ICML 2025 (Position Paper, Oral), 2025",
      "year": 2025,
      "citations": 5
    },
    {
      "title": "Spectrum Tuning: Post-Training for Distributional Coverage and In-Context Steerability",
      "url": "https://scholar.google.com/citations?view_op=view_citation&hl=en&user=dWaTwM4AAAAJ&citation_for_view=dWaTwM4AAAAJ:ULOm3_A8WrAC",
      "authors": "T Sorensen, B Newman, J Moore, C Park, J Fisher, N Mireshghallah, ...",
      "venue": "arXiv preprint, 2025",
      "year": 2025,
      "citations": 4
    },
    {
      "title": "Information-Guided Identification of Training Data Imprint in (Proprietary) Large Language Models",
      "url": "https://scholar.google.com/citations?view_op=view_citation&hl=en&user=dWaTwM4AAAAJ&citation_for_view=dWaTwM4AAAAJ:3fE2CSJIrl8C",
      "authors": "A Ravichander, J Fisher, T Sorensen, X Lu, Y Lin, M Antoniak, ...",
      "venue": "NAACL 2025, 2025",
      "year": 2025,
      "citations": 4
    },
    {
      "title": "Opt-ICL at LeWiDi-2025: Maximizing In-Context Signal from Rater Examples via Meta-Learning",
      "url": "https://scholar.google.com/citations?view_op=view_citation&hl=en&user=dWaTwM4AAAAJ&citation_for_view=dWaTwM4AAAAJ:YOwf2qJgpHMC",
      "authors": "T Sorensen, Y Choi",
      "venue": "NLPerspectives @ EMNLP 2025, 2025",
      "year": 2025,
      "citations": 1
    },
    {
      "title": "EVALUESTEER: Measuring Reward Model Steerability Towards Values and Preferences",
      "url": "https://scholar.google.com/citations?view_op=view_citation&hl=en&user=dWaTwM4AAAAJ&citation_for_view=dWaTwM4AAAAJ:_kc_bZDykSQC",
      "authors": "K Ghate, A Liu, D Jain, T Sorensen, A Kasirzadeh, A Caliskan, MT Diab, ...",
      "venue": "arXiv preprint, 2025",
      "year": 2025,
      "citations": 0
    },
    {
      "title": "A Roadmap to Pluralistic Alignment",
      "url": "https://scholar.google.com/citations?view_op=view_citation&hl=en&user=dWaTwM4AAAAJ&citation_for_view=dWaTwM4AAAAJ:ufrVoPGSRksC",
      "authors": "T Sorensen, J Moore, J Fisher, M Gordon, N Mireshghallah, CM Rytting, ...",
      "venue": "ICML 2024 (Position Paper), 2024",
      "year": 2024,
      "citations": 283
    },
    {
      "title": "Modular pluralism: Pluralistic alignment via multi-llm collaboration",
      "url": "https://scholar.google.com/citations?view_op=view_citation&hl=en&user=dWaTwM4AAAAJ&citation_for_view=dWaTwM4AAAAJ:UebtZRa9Y70C",
      "authors": "S Feng, T Sorensen, Y Liu, J Fisher, CY Park, Y Choi, Y Tsvetkov",
      "venue": "EMNLP 2024, 2024",
      "year": 2024,
      "citations": 82
    },
    {
      "title": "Culture-gen: Revealing global cultural perception in language models through natural language prompting",
      "url": "https://scholar.google.com/citations?view_op=view_citation&hl=en&user=dWaTwM4AAAAJ&citation_for_view=dWaTwM4AAAAJ:0EnyYjriUFMC",
      "authors": "H Li, L Jiang, JD Hwang, H Kim, S Santy, T Sorensen, BY Lin, N Dziri, ...",
      "venue": "COLM 2024, 2024",
      "year": 2024,
      "citations": 39
    },
    {
      "title": "Can Language Models Reason about Individualistic Human Values and Preferences?",
      "url": "https://scholar.google.com/citations?view_op=view_citation&hl=en&user=dWaTwM4AAAAJ&citation_for_view=dWaTwM4AAAAJ:hqOjcs7Dif8C",
      "authors": "L Jiang, T Sorensen, S Levine, Y Choi",
      "venue": "ACL 2025, 2024",
      "year": 2024,
      "citations": 18
    },
    {
      "title": "Impossible Distillation for Paraphrasing and Summarization: How to Make High-quality Lemonade out of Small, Low-quality Model",
      "url": "https://scholar.google.com/citations?view_op=view_citation&hl=en&user=dWaTwM4AAAAJ&citation_for_view=dWaTwM4AAAAJ:Se3iqnhoufwC",
      "authors": "J Jung, P West, L Jiang, F Brahman, X Lu, J Fisher, T Sorensen, Y Choi",
      "venue": "NAACL 2024, 2024",
      "year": 2024,
      "citations": 16
    },
    {
      "title": "Leveraging AI for democratic discourse: Chat interventions can improve online political conversations at scale",
      "url": "https://scholar.google.com/citations?view_op=view_citation&hl=en&user=dWaTwM4AAAAJ&citation_for_view=dWaTwM4AAAAJ:YsMSGLbcyi4C",
      "authors": "LP Argyle*, CA Bail*, EC Busby*, JR Gubler*, T Howe*, C Rytting*, ...",
      "venue": "PNAS, 2023",
      "year": 2023,
      "citations": 175
    },
    {
      "title": "Value Kaleidoscope: Engaging AI with Pluralistic Human Values, Rights, and Duties",
      "url": "https://scholar.google.com/citations?view_op=view_citation&hl=en&user=dWaTwM4AAAAJ&citation_for_view=dWaTwM4AAAAJ:W7OEmFMy1HYC",
      "authors": "T Sorensen, L Jiang, J Hwang, S Levine, V Pyatkin, P West, N Dziri, X Lu, ...",
      "venue": "AAAI 2024 (Oral), 2023",
      "year": 2023,
      "citations": 168
    },
    {
      "title": "Towards coding social science datasets with language models",
      "url": "https://scholar.google.com/citations?view_op=view_citation&hl=en&user=dWaTwM4AAAAJ&citation_for_view=dWaTwM4AAAAJ:Y0pCki6q_DkC",
      "authors": "CM Rytting, T Sorensen, L Argyle, E Busby, N Fulda, J Gubler, D Wingate",
      "venue": "arXiv preprint, 2023",
      "year": 2023,
      "citations": 30
    },
    {
      "title": "NovaCOMET: Open Commonsense Foundation Models with Symbolic Knowledge Distillation",
      "url": "https://scholar.google.com/citations?view_op=view_citation&hl=en&user=dWaTwM4AAAAJ&citation_for_view=dWaTwM4AAAAJ:eQOLeE2rZwMC",
      "authors": "P West, RL Bras, T Sorensen, BY Lin, L Jiang, X Lu, K Chandu, J Hessel, ...",
      "venue": "Findings of EMNLP 2023, 2023",
      "year": 2023,
      "citations": 10
    },
    {
      "title": "An Information-theoretic Approach to Prompt Engineering Without Ground Truth Labels",
      "url": "https://scholar.google.com/citations?view_op=view_citation&hl=en&user=dWaTwM4AAAAJ&citation_for_view=dWaTwM4AAAAJ:UeHWp8X0CEIC",
      "authors": "T Sorensen, J Robinson, CM Rytting, AG Shaw, KJ Rogers, AP Delorey, ...",
      "venue": "ACL 2022, 2022",
      "year": 2022,
      "citations": 230
    },
    {
      "title": "Prompt Compression and Contrastive Conditioning for Controllability and Toxicity Reduction in Language Models",
      "url": "https://scholar.google.com/citations?view_op=view_citation&hl=en&user=dWaTwM4AAAAJ&citation_for_view=dWaTwM4AAAAJ:zYLM7Y9cAGgC",
      "authors": "D Wingate, M Shoeybi, T Sorensen",
      "venue": "Findings of EMNLP 2022, 2022",
      "year": 2022,
      "citations": 108
    },
    {
      "title": "Nl-augmenter: A framework for task-sensitive natural language augmentation",
      "url": "https://scholar.google.com/citations?view_op=view_citation&hl=en&user=dWaTwM4AAAAJ&citation_for_view=dWaTwM4AAAAJ:IjCSPb-OGe4C",
      "authors": "KD Dhole, V Gangal, S Gehrmann, A Gupta, Z Li, S Mahamood, ...",
      "venue": "arXiv preprint, 2021",
      "year": 2021,
      "citations": 93
    },
    {
      "title": "Using first principles for deep learning and model-based control of soft robots",
      "url": "https://scholar.google.com/citations?view_op=view_citation&hl=en&user=dWaTwM4AAAAJ&citation_for_view=dWaTwM4AAAAJ:u5HHmVD_uO8C",
      "authors": "CC Johnson, T Quackenbush, T Sorensen, D Wingate, MD Killpack",
      "venue": "Frontiers in Robotics and AI 8, 654398, 2021",
      "year": 2021,
      "citations": 61
    }
  ],
  "co_authors": [
    {
      "name": "Yejin Choi",
      "scholar_id": "vhP-tlcAAAAJ",
      "url": "https://scholar.google.com/citations?user=vhP-tlcAAAAJ"
    },
    {
      "name": "Liwei Jiang",
      "scholar_id": "lcPsDgUAAAAJ",
      "url": "https://scholar.google.com/citations?user=lcPsDgUAAAAJ"
    },
    {
      "name": "Jillian Fisher",
      "scholar_id": "Gnk0E_QAAAAJ",
      "url": "https://scholar.google.com/citations?user=Gnk0E_QAAAAJ"
    },
    {
      "name": "Ximing Lu",
      "scholar_id": "ssYPSmkAAAAJ",
      "url": "https://scholar.google.com/citations?user=ssYPSmkAAAAJ"
    },
    {
      "name": "David Wingate",
      "scholar_id": "zCdh4NEAAAAJ",
      "url": "https://scholar.google.com/citations?user=zCdh4NEAAAAJ"
    },
    {
      "name": "Christopher Michael Rytting",
      "scholar_id": "6Gq1WzQAAAAJ",
      "url": "https://scholar.google.com/citations?user=6Gq1WzQAAAAJ"
    },
    {
      "name": "Nouha Dziri",
      "scholar_id": "IqcCDXkAAAAJ",
      "url": "https://scholar.google.com/citations?user=IqcCDXkAAAAJ"
    },
    {
      "name": "Chandra Bhagavatula",
      "scholar_id": "AsgHp14AAAAJ",
      "url": "https://scholar.google.com/citations?user=AsgHp14AAAAJ"
    },
    {
      "name": "Niloofar (Fatemeh) Mireshghallah",
      "scholar_id": "WUCu45YAAAAJ",
      "url": "https://scholar.google.com/citations?user=WUCu45YAAAAJ"
    },
    {
      "name": "Jena D. Hwang",
      "scholar_id": "9QuMhLgAAAAJ",
      "url": "https://scholar.google.com/citations?user=9QuMhLgAAAAJ"
    },
    {
      "name": "Maarten Sap",
      "scholar_id": "gFN4QUYAAAAJ",
      "url": "https://scholar.google.com/citations?user=gFN4QUYAAAAJ"
    },
    {
      "name": "Jared Moore",
      "scholar_id": "bhGC9G0AAAAJ",
      "url": "https://scholar.google.com/citations?user=bhGC9G0AAAAJ"
    },
    {
      "name": "Joshua R. Gubler",
      "scholar_id": "wvBKK1wAAAAJ",
      "url": "https://scholar.google.com/citations?user=wvBKK1wAAAAJ"
    },
    {
      "name": "Ethan C. Busby",
      "scholar_id": "HKia8-EAAAAJ",
      "url": "https://scholar.google.com/citations?user=HKia8-EAAAAJ"
    },
    {
      "name": "Yulia Tsvetkov",
      "scholar_id": "SEDPkrsAAAAJ",
      "url": "https://scholar.google.com/citations?user=SEDPkrsAAAAJ"
    },
    {
      "name": "Sydney Levine",
      "scholar_id": "Yt2H6lwAAAAJ",
      "url": "https://scholar.google.com/citations?user=Yt2H6lwAAAAJ"
    },
    {
      "name": "Andre Ye",
      "scholar_id": "gUsEjNMAAAAJ",
      "url": "https://scholar.google.com/citations?user=gUsEjNMAAAAJ"
    },
    {
      "name": "Nancy Fulda",
      "scholar_id": "YDHWi5cAAAAJ",
      "url": "https://scholar.google.com/citations?user=YDHWi5cAAAAJ"
    },
    {
      "name": "Lisa P. Argyle",
      "scholar_id": "1n9W1mEAAAAJ",
      "url": "https://scholar.google.com/citations?user=1n9W1mEAAAAJ"
    },
    {
      "name": "Valentina Pyatkin",
      "scholar_id": "E9EgKkMAAAAJ",
      "url": "https://scholar.google.com/citations?user=E9EgKkMAAAAJ"
    }
  ]
}