{
  "author_info": {
    "name": "Suvrojit Ghosh",
    "affiliation": "Ph.D. canditate in Statistics, Rutgers University",
    "email_verified": "Verified email at rutgers.edu - Homepage",
    "website": "https://sites.google.com/view/suvrojitghosh/",
    "interests": [
      "Adaptive Design",
      "Sequential Experimentation",
      "Statistical Inference",
      "Reinforcement Learning"
    ],
    "photo_url": "https://scholar.googleusercontent.com/citations?view_op=view_photo&user=TJqZoyMAAAAJ&citpid=1"
  },
  "citation_stats": {
    "citations_all": 3,
    "citations_since_2020": 3,
    "h_index_all": 1,
    "h_index_since_2020": 1,
    "i10_index_all": 0,
    "i10_index_since_2020": 0,
    "citation_graph": [
      {
        "year": 2024,
        "citations": 2
      },
      {
        "year": 2025,
        "citations": 1
      }
    ]
  },
  "papers": [
    {
      "title": "Design Stability in Adaptive Experiments: Implications for Treatment Effect Estimation",
      "url": "https://scholar.google.com/citations?view_op=view_citation&hl=en&user=TJqZoyMAAAAJ&citation_for_view=TJqZoyMAAAAJ:d1gkVwhDpl0C",
      "authors": "S Sengupta, K Khamaru, S Ghosh, T Dasgupta",
      "venue": "arXiv preprint arXiv:2510.22351, 2025",
      "year": 2025,
      "citations": 0
    },
    {
      "title": "PICS: A sequential approach to obtain optimal designs for non-linear models leveraging closed-form solutions for faster convergence",
      "url": "https://scholar.google.com/citations?view_op=view_citation&hl=en&user=TJqZoyMAAAAJ&citation_for_view=TJqZoyMAAAAJ:u-x6o8ySG0sC",
      "authors": "S Ghosh, K Khamaru, T Dasgupta",
      "venue": "Technometrics, 1-19, 2025",
      "year": 2025,
      "citations": 0
    },
    {
      "title": "Statistical limits of adaptive linear models: low-dimensional estimation and inference",
      "url": "https://scholar.google.com/citations?view_op=view_citation&hl=en&user=TJqZoyMAAAAJ&citation_for_view=TJqZoyMAAAAJ:u5HHmVD_uO8C",
      "authors": "L Lin, M Ying, S Ghosh, K Khamaru, CH Zhang",
      "venue": "Advances in Neural Information Processing Systems 36, 15965-15990, 2023",
      "year": 2023,
      "citations": 3
    }
  ],
  "co_authors": [
    {
      "name": "Koulik Khamaru",
      "scholar_id": "IdSxI0YAAAAJ",
      "url": "https://scholar.google.com/citations?user=IdSxI0YAAAAJ"
    },
    {
      "name": "Tirthankar Dasgupta",
      "scholar_id": "8FycqrcAAAAJ",
      "url": "https://scholar.google.com/citations?user=8FycqrcAAAAJ"
    }
  ]
}