{
  "author_info": {
    "name": "Shaobo Wang",
    "affiliation": "Shanghai Jiao Tong University",
    "email_verified": "Verified email at sjtu.edu.cn - Homepage",
    "website": "http://gszfwsb.github.io/",
    "interests": [
      "LLM",
      "Data-Centric AI",
      "MLLM",
      "XAI",
      "Agents"
    ],
    "photo_url": "https://scholar.googleusercontent.com/citations?view_op=view_photo&user=viFDWtwAAAAJ&citpid=14"
  },
  "citation_stats": {
    "citations_all": 311,
    "citations_since_2020": 311,
    "h_index_all": 9,
    "h_index_since_2020": 9,
    "i10_index_all": 8,
    "i10_index_since_2020": 8,
    "citation_graph": [
      {
        "year": 2021,
        "citations": 1
      },
      {
        "year": 2022,
        "citations": 4
      },
      {
        "year": 2023,
        "citations": 9
      },
      {
        "year": 2024,
        "citations": 43
      },
      {
        "year": 2025,
        "citations": 254
      }
    ]
  },
  "papers": [
    {
      "title": "dllm-cache: Accelerating diffusion large language models with adaptive caching",
      "url": "https://scholar.google.com/citations?view_op=view_citation&hl=en&user=viFDWtwAAAAJ&citation_for_view=viFDWtwAAAAJ:L8Ckcad2t8MC",
      "authors": "Z Liu, Y Yang, Y Zhang, J Chen, C Zou, Q Wei, S Wang, L Zhang",
      "venue": "arXiv preprint arXiv:2506.06295, 2025",
      "year": 2025,
      "citations": 44
    },
    {
      "title": "Stop looking for important tokens in multimodal language models: Duplication matters more",
      "url": "https://scholar.google.com/citations?view_op=view_citation&hl=en&user=viFDWtwAAAAJ&citation_for_view=viFDWtwAAAAJ:qxL8FJ1GzNcC",
      "authors": "Z Wen, Y Gao, S Wang, J Zhang, Q Zhang, W Li, C He, L Zhang",
      "venue": "(EMNLP 2025 main) The 2025 Conference on Empirical Methods in Natural …, 2025",
      "year": 2025,
      "citations": 40
    },
    {
      "title": "Dataset Distillation with Neural Characteristic Function: A Minmax Perspective",
      "url": "https://scholar.google.com/citations?view_op=view_citation&hl=en&user=viFDWtwAAAAJ&citation_for_view=viFDWtwAAAAJ:aqlVkmm33-oC",
      "authors": "S Wang, Y Yang, Z Liu, C Sun, X Hu, C He, L Zhang",
      "venue": "(🏆CVPR 2025 Highlight, Full score paper 5/5/5) Proceedings of the IEEE/CVF …, 2025",
      "year": 2025,
      "citations": 23
    },
    {
      "title": "Shifting AI Efficiency From Model-Centric to Data-Centric Compression",
      "url": "https://scholar.google.com/citations?view_op=view_citation&hl=en&user=viFDWtwAAAAJ&citation_for_view=viFDWtwAAAAJ:dhFuZR0502QC",
      "authors": "X Liu*, Z Wen*, S Wang*, J Chen, Z Tao, Y Wang, X Jin, C Zou, Y Wang, ...",
      "venue": "arXiv preprint arXiv:2505.19147, 2025",
      "year": 2025,
      "citations": 15
    },
    {
      "title": "Data Whisperer: Efficient Data Selection for Task-Specific LLM Fine-Tuning via Few-Shot In-Context Learning",
      "url": "https://scholar.google.com/citations?view_op=view_citation&hl=en&user=viFDWtwAAAAJ&citation_for_view=viFDWtwAAAAJ:QIV2ME_5wuYC",
      "authors": "S Wang, X Jin, Z Wang, J Wang, J Zhang, K Li, Z Wen, Z Li, C He, X Hu, ...",
      "venue": "(ACL 2025) Annual Meeting of the Association for Computational Linguistics, 2025",
      "year": 2025,
      "citations": 9
    },
    {
      "title": "Dd-ranking: Rethinking the evaluation of dataset distillation",
      "url": "https://scholar.google.com/citations?view_op=view_citation&hl=en&user=viFDWtwAAAAJ&citation_for_view=viFDWtwAAAAJ:9ZlFYXVOiuMC",
      "authors": "Z Li, X Zhong, S Khaki, Z Liang, Y Zhou, M Shi, Z Wang, X Zhao, W Zhao, ...",
      "venue": "arXiv preprint arXiv:2505.13300, 2025",
      "year": 2025,
      "citations": 8
    },
    {
      "title": "Socratic-zero: Bootstrapping reasoning via data-free agent co-evolution",
      "url": "https://scholar.google.com/citations?view_op=view_citation&hl=en&user=viFDWtwAAAAJ&citation_for_view=viFDWtwAAAAJ:mB3voiENLucC",
      "authors": "S Wang, Z Jiao, Z Zhang, Y Peng, X Ze, B Yang, W Wang, H Wei, L Zhang",
      "venue": "arXiv preprint arXiv:2509.24726, 2025",
      "year": 2025,
      "citations": 4
    },
    {
      "title": "Winning the pruning gamble: A unified approach to joint sample and token pruning for efficient supervised fine-tuning",
      "url": "https://scholar.google.com/citations?view_op=view_citation&hl=en&user=viFDWtwAAAAJ&citation_for_view=viFDWtwAAAAJ:hFOr9nPyWt4C",
      "authors": "S Wang, J Wang, J Zhang, C Wang, Y Min, Z Wen, F Huang, H Jiang, ...",
      "venue": "arXiv preprint arXiv:2509.23873, 2025",
      "year": 2025,
      "citations": 4
    },
    {
      "title": "Compute Only 16 Tokens in One Timestep: Accelerating Diffusion Transformers with Cluster-Driven Feature Caching",
      "url": "https://scholar.google.com/citations?view_op=view_citation&hl=en&user=viFDWtwAAAAJ&citation_for_view=viFDWtwAAAAJ:-f6ydRqryjwC",
      "authors": "Z Zheng, X Wang, C Zou, S Wang, L Zhang",
      "venue": "(ACMMM 2025) Proceedings of the 33st ACM international conference on multimedia, 2025",
      "year": 2025,
      "citations": 4
    },
    {
      "title": "SpeCa: Accelerating Diffusion Transformers with Speculative Feature Caching",
      "url": "https://scholar.google.com/citations?view_op=view_citation&hl=en&user=viFDWtwAAAAJ&citation_for_view=viFDWtwAAAAJ:hC7cP41nSMkC",
      "authors": "J Liu, C Zou, Y Lyu, F Ren, S Wang, K Li, L Zhang",
      "venue": "(ACMMM 2025) Proceedings of the 33st ACM international conference on multimedia, 2025",
      "year": 2025,
      "citations": 3
    },
    {
      "title": "Efficient Multi-modal Large Language Models via Progressive Consistency Distillation",
      "url": "https://scholar.google.com/citations?view_op=view_citation&hl=en&user=viFDWtwAAAAJ&citation_for_view=viFDWtwAAAAJ:HDshCWvjkbEC",
      "authors": "Z Wen, S Wang, Y Zhou, J Zhang, Q Zhang, Y Gao, Z Chen, B Wang, W Li, ...",
      "venue": "(NeurIPS 2025) The Thirty-Nineth Annual Conference on Neural Information …, 2025",
      "year": 2025,
      "citations": 2
    },
    {
      "title": "UNSEEN: Enhancing Dataset Pruning from a Generalization Perspective",
      "url": "https://scholar.google.com/citations?view_op=view_citation&hl=en&user=viFDWtwAAAAJ&citation_for_view=viFDWtwAAAAJ:r0BpntZqJG4C",
      "authors": "F Xu*, S Wang*, J Zhang, C Sun, H Tang, L Zhang",
      "venue": "(AAAI 2026) AAAI Conference on Artificial Intelligence, 2025",
      "year": 2025,
      "citations": 1
    },
    {
      "title": "ImagebindDC: Compressing Multi-modal Data with Imagebind-based Condensation",
      "url": "https://scholar.google.com/citations?view_op=view_citation&hl=en&user=viFDWtwAAAAJ&citation_for_view=viFDWtwAAAAJ:iH-uZ7U-co4C",
      "authors": "Y Min*, S Wang*, J Li, T Niu, J Fan, Y Miao, L Yang, L Zhang",
      "venue": "(AAAI 2026) AAAI Conference on Artificial Intelligence, 2025",
      "year": 2025,
      "citations": 1
    },
    {
      "title": "Think2Drive: Efficient Reinforcement Learning by Thinking with Latent World Model for Autonomous Driving (in CARLA-v2)",
      "url": "https://scholar.google.com/citations?view_op=view_citation&hl=en&user=viFDWtwAAAAJ&citation_for_view=viFDWtwAAAAJ:MXK_kJrjxJIC",
      "authors": "Q Li, X Jia, S Wang, J Yan",
      "venue": "(🏆ECCV 2024, 1st method solves CARLA V2) The Eighteenth European Conference …, 2024",
      "year": 2024,
      "citations": 75
    },
    {
      "title": "Unveiling induction heads: Provable training dynamics and feature learning in transformers",
      "url": "https://scholar.google.com/citations?view_op=view_citation&hl=en&user=viFDWtwAAAAJ&citation_for_view=viFDWtwAAAAJ:e5wmG9Sq2KIC",
      "authors": "S Chen, H Sheen, T Wang, Z Yang",
      "venue": "(NeurIPS 2024) Advances in Neural Information Processing Systems 37, 66479-66567, 2024",
      "year": 2024,
      "citations": 35
    },
    {
      "title": "Not all samples should be utilized equally: Towards understanding and improving dataset distillation",
      "url": "https://scholar.google.com/citations?view_op=view_citation&hl=en&user=viFDWtwAAAAJ&citation_for_view=viFDWtwAAAAJ:Se3iqnhoufwC",
      "authors": "S Wang, Y Yang, Q Wang, K Li, L Zhang, J Yan",
      "venue": "(CVPR 2025 workshop) Proceedings of the IEEE/CVF Conference on Computer …, 2024",
      "year": 2024,
      "citations": 10
    },
    {
      "title": "Gnothi Seauton: Empowering Faithful Self-Interpretability in Black-Box Models",
      "url": "https://scholar.google.com/citations?view_op=view_citation&hl=en&user=viFDWtwAAAAJ&citation_for_view=viFDWtwAAAAJ:4TOpqqG69KYC",
      "authors": "S Wang, H Tang, M Wang, H Zhang, X Liu, W Li, X Hu, L Zhang",
      "venue": "(ICLR 2025) The Thirteenth International Conference on Learning Representations, 2024",
      "year": 2024,
      "citations": 5
    },
    {
      "title": "DRUPI: Dataset Reduction Using Privileged Information",
      "url": "https://scholar.google.com/citations?view_op=view_citation&hl=en&user=viFDWtwAAAAJ&citation_for_view=viFDWtwAAAAJ:8k81kl-MbHgC",
      "authors": "S Wang, Y Yang, S Zhang, C Sun, W Li, X Hu, L Zhang",
      "venue": "(ICLR 2025 workshop) The Future of Machine Learning Data Practices and …, 2024",
      "year": 2024,
      "citations": 3
    },
    {
      "title": "Visualizing the Emergence of Intermediate Visual Patterns in DNNs",
      "url": "https://scholar.google.com/citations?view_op=view_citation&hl=en&user=viFDWtwAAAAJ&citation_for_view=viFDWtwAAAAJ:Y0pCki6q_DkC",
      "authors": "M Li, S Wang, Q Zhang",
      "venue": "(NeurIPS 2021) Thirty-Fifth Annual Conference on Neural Information …, 2021",
      "year": 2021,
      "citations": 15
    },
    {
      "title": "Trap of feature diversity in the learning of mlps",
      "url": "https://scholar.google.com/citations?view_op=view_citation&hl=en&user=viFDWtwAAAAJ&citation_for_view=viFDWtwAAAAJ:WF5omc3nYNoC",
      "authors": "D Liu*, S Wang*, J Ren, K Wang, S Yin, H Deng, Q Zhang",
      "venue": "arXiv preprint arXiv:2112.00980, 2021",
      "year": 2021,
      "citations": 8
    }
  ],
  "co_authors": [
    {
      "name": "Linfeng Zhang (张林峰)",
      "scholar_id": "AK9VF30AAAAJ",
      "url": "https://scholar.google.com/citations?user=AK9VF30AAAAJ"
    },
    {
      "name": "Xuming Hu",
      "scholar_id": "dbBKbXoAAAAJ",
      "url": "https://scholar.google.com/citations?user=dbBKbXoAAAAJ"
    },
    {
      "name": "Conghui He",
      "scholar_id": "PopTv7kAAAAJ",
      "url": "https://scholar.google.com/citations?user=PopTv7kAAAAJ"
    },
    {
      "name": "Junchi Yan",
      "scholar_id": "ga230VoAAAAJ",
      "url": "https://scholar.google.com/citations?user=ga230VoAAAAJ"
    },
    {
      "name": "Zhuoran Yang",
      "scholar_id": "k7NgVSUAAAAJ",
      "url": "https://scholar.google.com/citations?user=k7NgVSUAAAAJ"
    },
    {
      "name": "Dayiheng Liu (刘大一恒)",
      "scholar_id": "pPLQrX4AAAAJ",
      "url": "https://scholar.google.com/citations?user=pPLQrX4AAAAJ"
    },
    {
      "name": "Huiqiang Jiang",
      "scholar_id": "99KtvpYAAAAJ",
      "url": "https://scholar.google.com/citations?user=99KtvpYAAAAJ"
    },
    {
      "name": "Junyang Lin",
      "scholar_id": "qp6IwtgAAAAJ",
      "url": "https://scholar.google.com/citations?user=qp6IwtgAAAAJ"
    },
    {
      "name": "xingzhang ren",
      "scholar_id": "3YzSsyIAAAAJ",
      "url": "https://scholar.google.com/citations?user=3YzSsyIAAAAJ"
    },
    {
      "name": "Fei Huang",
      "scholar_id": "7udAEzMAAAAJ",
      "url": "https://scholar.google.com/citations?user=7udAEzMAAAAJ"
    },
    {
      "name": "Kexin Yang",
      "scholar_id": "bwv4Aj4AAAAJ",
      "url": "https://scholar.google.com/citations?user=bwv4Aj4AAAAJ"
    }
  ]
}