{
  "author_info": {
    "name": "Chendi Wang",
    "affiliation": "Assistant Professor, Xiamen University",
    "email_verified": "Verified email at wharton.upenn.edu - Homepage",
    "website": "https://sites.google.com/view/chendiwang",
    "interests": [
      "machine learning",
      "differential privacy"
    ],
    "photo_url": "https://scholar.googleusercontent.com/citations?view_op=view_photo&user=kzUrefUAAAAJ&citpid=1"
  },
  "citation_stats": {
    "citations_all": 56,
    "citations_since_2020": 56,
    "h_index_all": 5,
    "h_index_since_2020": 5,
    "i10_index_all": 2,
    "i10_index_since_2020": 2,
    "citation_graph": [
      {
        "year": 2021,
        "citations": 1
      },
      {
        "year": 2022,
        "citations": 1
      },
      {
        "year": 2023,
        "citations": 7
      },
      {
        "year": 2024,
        "citations": 23
      },
      {
        "year": 2025,
        "citations": 24
      }
    ]
  },
  "papers": [
    {
      "title": "The 2020 US Decennial Census is more private than you (might) think",
      "url": "https://scholar.google.com/citations?view_op=view_citation&hl=en&user=kzUrefUAAAAJ&citation_for_view=kzUrefUAAAAJ:ufrVoPGSRksC",
      "authors": "B Su, WJ Su, C Wang",
      "venue": "Proceedings of the National Academy of Sciences 122 (45), e2500337122, 2025",
      "year": 2025,
      "citations": 2
    },
    {
      "title": "Mitigating Privacy-Utility Trade-off in Decentralized Federated Learning via -Differential Privacy",
      "url": "https://scholar.google.com/citations?view_op=view_citation&hl=en&user=kzUrefUAAAAJ&citation_for_view=kzUrefUAAAAJ:WF5omc3nYNoC",
      "authors": "X Li, B Su, C Wang, Q Long, WJ Su",
      "venue": "NeurIPS (Spotlight), 2025",
      "year": 2025,
      "citations": 0
    },
    {
      "title": "Why Does Private Fine-Tuning Resist Differential Privacy Noise? A Representation Learning Perspective",
      "url": "https://scholar.google.com/citations?view_op=view_citation&hl=en&user=kzUrefUAAAAJ&citation_for_view=kzUrefUAAAAJ:eQOLeE2rZwMC",
      "authors": "Y Zhao, X Yutong, C Wang",
      "venue": "ICLR 2025 Workshop on Navigating and Addressing Data Problems for Foundation …, 0",
      "year": 2025,
      "citations": 0
    },
    {
      "title": "Learning with centered reproducing kernels",
      "url": "https://scholar.google.com/citations?view_op=view_citation&hl=en&user=kzUrefUAAAAJ&citation_for_view=kzUrefUAAAAJ:Y0pCki6q_DkC",
      "authors": "C Wang, X Guo, Q Wu",
      "venue": "Analysis and Applications, 2024",
      "year": 2024,
      "citations": 8
    },
    {
      "title": "Neural Collapse Meets Differential Privacy: Curious Behaviors of NoisyGD with Near-perfect Representation Learning",
      "url": "https://scholar.google.com/citations?view_op=view_citation&hl=en&user=kzUrefUAAAAJ&citation_for_view=kzUrefUAAAAJ:IjCSPb-OGe4C",
      "authors": "C Wang, Y Zhu, W Su, YX Wang",
      "venue": "The International Conference on Machine Learning (oral presentation), 2024",
      "year": 2024,
      "citations": 7
    },
    {
      "title": "Unified Enhancement of Privacy Bounds for Mixture Mechanisms via -Differential Privacy",
      "url": "https://scholar.google.com/citations?view_op=view_citation&hl=en&user=kzUrefUAAAAJ&citation_for_view=kzUrefUAAAAJ:qjMakFHDy7sC",
      "authors": "C Wang, B Su, J Ye, R Shokri, WJ Su",
      "venue": "Advances in Neural Information Processing Systems, 2023",
      "year": 2023,
      "citations": 15
    },
    {
      "title": "Binary classification under local label differential privacy using randomized response mechanisms",
      "url": "https://scholar.google.com/citations?view_op=view_citation&hl=en&user=kzUrefUAAAAJ&citation_for_view=kzUrefUAAAAJ:2osOgNQ5qMEC",
      "authors": "S Xu, C Wang, WW Sun, G Cheng",
      "venue": "Transactions on Machine Learning Research, 2023",
      "year": 2023,
      "citations": 11
    },
    {
      "title": "Statistical Theory of Differentially Private Marginal-based Data Synthesis Algorithms",
      "url": "https://scholar.google.com/citations?view_op=view_citation&hl=en&user=kzUrefUAAAAJ&citation_for_view=kzUrefUAAAAJ:u5HHmVD_uO8C",
      "authors": "X Li, C Wang, G Cheng",
      "venue": "ICLR, 2023",
      "year": 2023,
      "citations": 8
    },
    {
      "title": "Modified Poisson estimators for grouped and right-censored counts",
      "url": "https://scholar.google.com/citations?view_op=view_citation&hl=en&user=kzUrefUAAAAJ&citation_for_view=kzUrefUAAAAJ:u-x6o8ySG0sC",
      "authors": "C Wang",
      "venue": "Communications in Statistics-Theory and Methods 51 (6), 1588-1604, 2022",
      "year": 2022,
      "citations": 2
    },
    {
      "title": "Regression learning with continuous and discrete data",
      "url": "https://scholar.google.com/citations?view_op=view_citation&hl=en&user=kzUrefUAAAAJ&citation_for_view=kzUrefUAAAAJ:d1gkVwhDpl0C",
      "authors": "C Wang",
      "venue": "Hong Kong Polytechnic University, 2021",
      "year": 2021,
      "citations": 3
    }
  ],
  "co_authors": [
    {
      "name": "Weijie Su",
      "scholar_id": "Uhf4nBkAAAAJ",
      "url": "https://scholar.google.com/citations?user=Uhf4nBkAAAAJ"
    },
    {
      "name": "Buxin Su",
      "scholar_id": "IqQt3BwAAAAJ",
      "url": "https://scholar.google.com/citations?user=IqQt3BwAAAAJ"
    },
    {
      "name": "Yuqing Zhu",
      "scholar_id": "QmMv9PIAAAAJ",
      "url": "https://scholar.google.com/citations?user=QmMv9PIAAAAJ"
    },
    {
      "name": "Jiayuan Ye",
      "scholar_id": "uLCifGgAAAAJ",
      "url": "https://scholar.google.com/citations?user=uLCifGgAAAAJ"
    },
    {
      "name": "Reza Shokri",
      "scholar_id": "udlZXXcAAAAJ",
      "url": "https://scholar.google.com/citations?user=udlZXXcAAAAJ"
    },
    {
      "name": "Will Wei Sun",
      "scholar_id": "a-RGvm4AAAAJ",
      "url": "https://scholar.google.com/citations?user=a-RGvm4AAAAJ"
    },
    {
      "name": "Xin Guo 郭昕",
      "scholar_id": "32pRl-YAAAAJ",
      "url": "https://scholar.google.com/citations?user=32pRl-YAAAAJ"
    },
    {
      "name": "Wu, Qiang",
      "scholar_id": "6rRbAT4AAAAJ",
      "url": "https://scholar.google.com/citations?user=6rRbAT4AAAAJ"
    },
    {
      "name": "Yu-Xiang Wang",
      "scholar_id": "HGNZ1fkAAAAJ",
      "url": "https://scholar.google.com/citations?user=HGNZ1fkAAAAJ"
    },
    {
      "name": "Xiang Li",
      "scholar_id": "-okA4fgAAAAJ",
      "url": "https://scholar.google.com/citations?user=-okA4fgAAAAJ"
    },
    {
      "name": "Qi Long",
      "scholar_id": "gfklepYAAAAJ",
      "url": "https://scholar.google.com/citations?user=gfklepYAAAAJ"
    }
  ]
}