{
  "author_info": {
    "name": "Zac Wellmer",
    "affiliation": "Hong Kong University of Science and Technology",
    "email_verified": "Verified email at cse.ust.hk",
    "interests": [
      "Artificial Intelligence"
    ],
    "photo_url": "https://scholar.googleusercontent.com/citations?view_op=view_photo&user=cWy08ioAAAAJ&citpid=1"
  },
  "citation_stats": {
    "citations_all": 295,
    "citations_since_2020": 204,
    "h_index_all": 3,
    "h_index_since_2020": 3,
    "i10_index_all": 2,
    "i10_index_since_2020": 2,
    "citation_graph": [
      {
        "year": 2016,
        "citations": 3
      },
      {
        "year": 2017,
        "citations": 19
      },
      {
        "year": 2018,
        "citations": 31
      },
      {
        "year": 2019,
        "citations": 35
      },
      {
        "year": 2020,
        "citations": 36
      },
      {
        "year": 2021,
        "citations": 46
      },
      {
        "year": 2022,
        "citations": 32
      },
      {
        "year": 2023,
        "citations": 31
      },
      {
        "year": 2024,
        "citations": 32
      },
      {
        "year": 2025,
        "citations": 27
      }
    ]
  },
  "papers": [
    {
      "title": "Nudge: Lightweight non-parametric fine-tuning of embeddings for retrieval",
      "url": "https://scholar.google.com/citations?view_op=view_citation&hl=en&user=cWy08ioAAAAJ&citation_for_view=cWy08ioAAAAJ:Y0pCki6q_DkC",
      "authors": "S Zeighami, Z Wellmer, A Parameswaran",
      "venue": "arXiv preprint arXiv:2409.02343, 2024",
      "year": 2024,
      "citations": 5
    },
    {
      "title": "Dropout’s dream land: Generalization from learned simulators to reality",
      "url": "https://scholar.google.com/citations?view_op=view_citation&hl=en&user=cWy08ioAAAAJ&citation_for_view=cWy08ioAAAAJ:zYLM7Y9cAGgC",
      "authors": "Z Wellmer, JT Kwok",
      "venue": "Joint European Conference on Machine Learning and Knowledge Discovery in …, 2021",
      "year": 2021,
      "citations": 12
    },
    {
      "title": "Policy Prediction Network: Model-Free Behavior Policy with Model-Based Learning in Continuous Action Space",
      "url": "https://scholar.google.com/citations?view_op=view_citation&hl=en&user=cWy08ioAAAAJ&citation_for_view=cWy08ioAAAAJ:d1gkVwhDpl0C",
      "authors": "Z Wellmer, J Kwok",
      "venue": "ECML PKDD, 2019",
      "year": 2019,
      "citations": 1
    },
    {
      "title": "Understanding password choices: How frequently entered passwords are re-used across websites",
      "url": "https://scholar.google.com/citations?view_op=view_citation&hl=en&user=cWy08ioAAAAJ&citation_for_view=cWy08ioAAAAJ:u5HHmVD_uO8C",
      "authors": "R Wash, E Rader, R Berman, Z Wellmer",
      "venue": "Twelfth Symposium on Usable Privacy and Security (SOUPS 2016), 175-188, 2016",
      "year": 2016,
      "citations": 277
    }
  ],
  "co_authors": []
}