{
  "author_info": {
    "name": "Ren Li",
    "affiliation": "École polytechnique fédérale de Lausanne",
    "email_verified": "Verified email at epfl.ch - Homepage",
    "website": "https://liren2515.github.io/page/",
    "interests": [
      "Compter Vision"
    ],
    "photo_url": "https://scholar.googleusercontent.com/citations?view_op=view_photo&user=dZU-_FgAAAAJ&citpid=5"
  },
  "citation_stats": {
    "citations_all": 1244,
    "citations_since_2020": 1238,
    "h_index_all": 11,
    "h_index_since_2020": 11,
    "i10_index_all": 11,
    "i10_index_since_2020": 11,
    "citation_graph": [
      {
        "year": 2020,
        "citations": 42
      },
      {
        "year": 2021,
        "citations": 125
      },
      {
        "year": 2022,
        "citations": 162
      },
      {
        "year": 2023,
        "citations": 247
      },
      {
        "year": 2024,
        "citations": 332
      },
      {
        "year": 2025,
        "citations": 327
      }
    ]
  },
  "papers": [
    {
      "title": "Single View Garment Reconstruction Using Diffusion Mapping Via Pattern Coordinates",
      "url": "https://scholar.google.com/citations?view_op=view_citation&hl=en&user=dZU-_FgAAAAJ&citation_for_view=dZU-_FgAAAAJ:mB3voiENLucC",
      "authors": "R Li, C Cao, C Dumery, Y You, H Li, P Fua",
      "venue": "Proceedings of the Special Interest Group on Computer Graphics and …, 2025",
      "year": 2025,
      "citations": 0
    },
    {
      "title": "Counting Stacked Objects",
      "url": "https://scholar.google.com/citations?view_op=view_citation&hl=en&user=dZU-_FgAAAAJ&citation_for_view=dZU-_FgAAAAJ:TQgYirikUcIC",
      "authors": "C Dumery, N Etté, A Fan, R Li, J Xu, H Le, P Fua",
      "venue": "Proceedings of the IEEE/CVF International Conference on Computer Vision …, 2025",
      "year": 2025,
      "citations": 0
    },
    {
      "title": "Enforcing View-Consistency in Class-Agnostic 3D Segmentation Fields",
      "url": "https://scholar.google.com/citations?view_op=view_citation&hl=en&user=dZU-_FgAAAAJ&citation_for_view=dZU-_FgAAAAJ:HDshCWvjkbEC",
      "authors": "C Dumery, A Fan, R Li, N Talabot, P Fua",
      "venue": "Proceedings of the Computer Vision and Pattern Recognition Conference, 5207-5216, 2025",
      "year": 2025,
      "citations": 0
    },
    {
      "title": "ISP: Multi-Layered Garment Draping with Implicit Sewing Patterns",
      "url": "https://scholar.google.com/citations?view_op=view_citation&hl=en&user=dZU-_FgAAAAJ&citation_for_view=dZU-_FgAAAAJ:L8Ckcad2t8MC",
      "authors": "R Li, B Guillard, P Fua",
      "venue": "Advances in Neural Information Processing Systems 36, 2024",
      "year": 2024,
      "citations": 35
    },
    {
      "title": "Garment recovery with shape and deformation priors",
      "url": "https://scholar.google.com/citations?view_op=view_citation&hl=en&user=dZU-_FgAAAAJ&citation_for_view=dZU-_FgAAAAJ:qUcmZB5y_30C",
      "authors": "R Li, C Dumery, B Guillard, P Fua",
      "venue": "Proceedings of the IEEE/CVF Conference on Computer Vision and Pattern …, 2024",
      "year": 2024,
      "citations": 17
    },
    {
      "title": "Reconstruction of manipulated garment with guided deformation prior",
      "url": "https://scholar.google.com/citations?view_op=view_citation&hl=en&user=dZU-_FgAAAAJ&citation_for_view=dZU-_FgAAAAJ:hC7cP41nSMkC",
      "authors": "R Li, C Dumery, Z Deng, P Fua",
      "venue": "Advances in Neural Information Processing Systems 37, 58637-58662, 2024",
      "year": 2024,
      "citations": 4
    },
    {
      "title": "DrapeNet: Garment generation and self-supervised draping",
      "url": "https://scholar.google.com/citations?view_op=view_citation&hl=en&user=dZU-_FgAAAAJ&citation_for_view=dZU-_FgAAAAJ:QIV2ME_5wuYC",
      "authors": "L De Luigi, R Li, B Guillard, M Salzmann, P Fua",
      "venue": "Proceedings of the IEEE/CVF Conference on Computer Vision and Pattern …, 2023",
      "year": 2023,
      "citations": 69
    },
    {
      "title": "Automating a medical environment",
      "url": "https://scholar.google.com/citations?view_op=view_citation&hl=en&user=dZU-_FgAAAAJ&citation_for_view=dZU-_FgAAAAJ:9ZlFYXVOiuMC",
      "authors": "Z Wu, S Karanam, M ZHENG, A Sharma, R Li",
      "venue": "US Patent 11,540,801, 2023",
      "year": 2023,
      "citations": 2
    },
    {
      "title": "DIG: Draping implicit garment over the human body",
      "url": "https://scholar.google.com/citations?view_op=view_citation&hl=en&user=dZU-_FgAAAAJ&citation_for_view=dZU-_FgAAAAJ:4DMP91E08xMC",
      "authors": "R Li, B Guillard, E Remelli, P Fua",
      "venue": "Proceedings of the Asian Conference on Computer Vision, 2780-2795, 2022",
      "year": 2022,
      "citations": 32
    },
    {
      "title": "Everybody Is Unique: Towards Unbiased Human Mesh Recovery",
      "url": "https://scholar.google.com/citations?view_op=view_citation&hl=en&user=dZU-_FgAAAAJ&citation_for_view=dZU-_FgAAAAJ:LkGwnXOMwfcC",
      "authors": "R Li, M Zheng, S Karanam, T Chen, Z Wu",
      "venue": "BMVC 2021, 2021",
      "year": 2021,
      "citations": 14
    },
    {
      "title": "Learning Local Recurrent Models for Human Mesh Recovery",
      "url": "https://scholar.google.com/citations?view_op=view_citation&hl=en&user=dZU-_FgAAAAJ&citation_for_view=dZU-_FgAAAAJ:roLk4NBRz8UC",
      "authors": "R Li, S Karanam, R Li, T Chen, B Bhanu, Z Wu",
      "venue": "2021 International Conference on 3D Vision (3DV), 555-564, 2021",
      "year": 2021,
      "citations": 3
    },
    {
      "title": "DeeperForensics-1.0: A Large-Scale Dataset for Real-World Face Forgery Detection",
      "url": "https://scholar.google.com/citations?view_op=view_citation&hl=en&user=dZU-_FgAAAAJ&citation_for_view=dZU-_FgAAAAJ:zYLM7Y9cAGgC",
      "authors": "L Jiang, R Li, W Wu, C Qian, CC Loy",
      "venue": "arXiv preprint arXiv:2001.03024, 2020",
      "year": 2020,
      "citations": 694
    },
    {
      "title": "The perils and pitfalls of block design for eeg classification experiments",
      "url": "https://scholar.google.com/citations?view_op=view_citation&hl=en&user=dZU-_FgAAAAJ&citation_for_view=dZU-_FgAAAAJ:_FxGoFyzp5QC",
      "authors": "R Li, JS Johansen, H Ahmed, TV Ilyevsky, RB Wilbur, HM Bharadwaj, ...",
      "venue": "IEEE Transactions on Pattern Analysis and Machine Intelligence 43 (1), 316-333, 2020",
      "year": 2020,
      "citations": 147
    },
    {
      "title": "Hierarchical kinematic human mesh recovery",
      "url": "https://scholar.google.com/citations?view_op=view_citation&hl=en&user=dZU-_FgAAAAJ&citation_for_view=dZU-_FgAAAAJ:UeHWp8X0CEIC",
      "authors": "G Georgakis, R Li, S Karanam, T Chen, J Košecká, Z Wu",
      "venue": "European Conference on Computer Vision, 768-784, 2020",
      "year": 2020,
      "citations": 143
    },
    {
      "title": "Towards Contactless Patient Positioning",
      "url": "https://scholar.google.com/citations?view_op=view_citation&hl=en&user=dZU-_FgAAAAJ&citation_for_view=dZU-_FgAAAAJ:IjCSPb-OGe4C",
      "authors": "S Karanam, R Li, F Yang, W Hu, T Chen, Z Wu",
      "venue": "IEEE Transactions on Medical Imaging, 2020",
      "year": 2020,
      "citations": 55
    },
    {
      "title": "Robust Multi-modal 3D Patient Body Modeling",
      "url": "https://scholar.google.com/citations?view_op=view_citation&hl=en&user=dZU-_FgAAAAJ&citation_for_view=dZU-_FgAAAAJ:eQOLeE2rZwMC",
      "authors": "F Yang, R Li, G Georgaki, S Karanam, T Chen, H Ling, Z Wu",
      "venue": "International Conference on Medical Image Computing and Computer-Assisted …, 2020",
      "year": 2020,
      "citations": 11
    },
    {
      "title": "Towards robust RGB-D human mesh recovery",
      "url": "https://scholar.google.com/citations?view_op=view_citation&hl=en&user=dZU-_FgAAAAJ&citation_for_view=dZU-_FgAAAAJ:9yKSN-GCB0IC",
      "authors": "R Li, C Cai, G Georgakis, S Karanam, T Chen, Z Wu",
      "venue": "arXiv preprint arXiv:1911.07383, 2019",
      "year": 2019,
      "citations": 17
    },
    {
      "title": "Depth error induced virtual view synthesis distortion estimation for 3D video coding",
      "url": "https://scholar.google.com/citations?view_op=view_citation&hl=en&user=dZU-_FgAAAAJ&citation_for_view=dZU-_FgAAAAJ:qjMakFHDy7sC",
      "authors": "Y Xiang, L Fang, R Li, NM Cheung",
      "venue": "2015 Data Compression Conference, 313-322, 2015",
      "year": 2015,
      "citations": 1
    }
  ],
  "co_authors": [
    {
      "name": "Pascal Fua",
      "scholar_id": "kzFmAkYAAAAJ",
      "url": "https://scholar.google.com/citations?user=kzFmAkYAAAAJ"
    },
    {
      "name": "Ziyan Wu",
      "scholar_id": "CkPUb-4AAAAJ",
      "url": "https://scholar.google.com/citations?user=CkPUb-4AAAAJ"
    },
    {
      "name": "Srikrishna Karanam",
      "scholar_id": "G2-skyUAAAAJ",
      "url": "https://scholar.google.com/citations?user=G2-skyUAAAAJ"
    },
    {
      "name": "Terrence Chen",
      "scholar_id": "S2BT6ogAAAAJ",
      "url": "https://scholar.google.com/citations?user=S2BT6ogAAAAJ"
    },
    {
      "name": "Chen Change Loy",
      "scholar_id": "559LF80AAAAJ",
      "url": "https://scholar.google.com/citations?user=559LF80AAAAJ"
    },
    {
      "name": "Benoît Guillard",
      "scholar_id": "9c5ruhsAAAAJ",
      "url": "https://scholar.google.com/citations?user=9c5ruhsAAAAJ"
    },
    {
      "name": "Georgios Georgakis",
      "scholar_id": "ndbhEbYAAAAJ",
      "url": "https://scholar.google.com/citations?user=ndbhEbYAAAAJ"
    },
    {
      "name": "Liming Jiang",
      "scholar_id": "v_D9J7kAAAAJ",
      "url": "https://scholar.google.com/citations?user=v_D9J7kAAAAJ"
    },
    {
      "name": "Chen Qian",
      "scholar_id": "AerkT0YAAAAJ",
      "url": "https://scholar.google.com/citations?user=AerkT0YAAAAJ"
    },
    {
      "name": "Hari Bharadwaj, Ph.D.",
      "scholar_id": "Ay6wT1MAAAAJ",
      "url": "https://scholar.google.com/citations?user=Ay6wT1MAAAAJ"
    },
    {
      "name": "Ronnie B Wilbur",
      "scholar_id": "gC5RqdoAAAAJ",
      "url": "https://scholar.google.com/citations?user=gC5RqdoAAAAJ"
    },
    {
      "name": "Jeffrey Mark Siskind",
      "scholar_id": "CgSBtPYAAAAJ",
      "url": "https://scholar.google.com/citations?user=CgSBtPYAAAAJ"
    },
    {
      "name": "Jana Kosecka",
      "scholar_id": "sQ6l4sMAAAAJ",
      "url": "https://scholar.google.com/citations?user=sQ6l4sMAAAAJ"
    },
    {
      "name": "Mathieu Salzmann",
      "scholar_id": "n-B0jr4AAAAJ",
      "url": "https://scholar.google.com/citations?user=n-B0jr4AAAAJ"
    },
    {
      "name": "Luca De Luigi",
      "scholar_id": "PpHLOpQAAAAJ",
      "url": "https://scholar.google.com/citations?user=PpHLOpQAAAAJ"
    },
    {
      "name": "Edoardo Remelli",
      "scholar_id": "yz2P_aUAAAAJ",
      "url": "https://scholar.google.com/citations?user=yz2P_aUAAAAJ"
    },
    {
      "name": "Lu FANG",
      "scholar_id": "C1YeBLMAAAAJ",
      "url": "https://scholar.google.com/citations?user=C1YeBLMAAAAJ"
    }
  ]
}