{
  "author_info": {
    "name": "Maying Shen",
    "affiliation": "NVIDIA",
    "email_verified": "Verified email at nvidia.com - Homepage",
    "website": "https://mayings.github.io/",
    "interests": [
      "Efficient deep learning",
      "Computer vision"
    ],
    "photo_url": "/citations/images/avatar_scholar_128.png"
  },
  "citation_stats": {
    "citations_all": 455,
    "citations_since_2020": 447,
    "h_index_all": 7,
    "h_index_since_2020": 7,
    "i10_index_all": 6,
    "i10_index_since_2020": 6,
    "citation_graph": [
      {
        "year": 2018,
        "citations": 6
      },
      {
        "year": 2019,
        "citations": 2
      },
      {
        "year": 2020,
        "citations": 3
      },
      {
        "year": 2021,
        "citations": 10
      },
      {
        "year": 2022,
        "citations": 37
      },
      {
        "year": 2023,
        "citations": 87
      },
      {
        "year": 2024,
        "citations": 152
      },
      {
        "year": 2025,
        "citations": 158
      }
    ]
  },
  "papers": [
    {
      "title": "Generalized Trajectory Scoring for End-to-end Multimodal Planning",
      "url": "https://scholar.google.com/citations?view_op=view_citation&hl=en&user=To0I8IkAAAAJ&citation_for_view=To0I8IkAAAAJ:4TOpqqG69KYC",
      "authors": "Z Li, W Yao, Z Wang, X Sun, J Chen, N Chang, M Shen, Z Wu, S Lan, ...",
      "venue": "arXiv preprint arXiv:2506.06664, 2025",
      "year": 2025,
      "citations": 6
    },
    {
      "title": "Sse: Multimodal semantic data selection and enrichment for industrial-scale data assimilation",
      "url": "https://scholar.google.com/citations?view_op=view_citation&hl=en&user=To0I8IkAAAAJ&citation_for_view=To0I8IkAAAAJ:kNdYIx-mwKoC",
      "authors": "M Shen, N Chang, S Liu, JM Alvarez",
      "venue": "Proceedings of the 31st ACM SIGKDD Conference on Knowledge Discovery and …, 2025",
      "year": 2025,
      "citations": 3
    },
    {
      "title": "PARC: A Quantitative Framework Uncovering the Symmetries within Vision Language Models",
      "url": "https://scholar.google.com/citations?view_op=view_citation&hl=en&user=To0I8IkAAAAJ&citation_for_view=To0I8IkAAAAJ:_kc_bZDykSQC",
      "authors": "J Schmalfuss, N Chang, V VS, M Shen, A Bruhn, JM Alvarez",
      "venue": "Proceedings of the Computer Vision and Pattern Recognition Conference, 25081 …, 2025",
      "year": 2025,
      "citations": 2
    },
    {
      "title": "Advancing weight and channel sparsification with enhanced saliency",
      "url": "https://scholar.google.com/citations?view_op=view_citation&hl=en&user=To0I8IkAAAAJ&citation_for_view=To0I8IkAAAAJ:Zph67rFs4hoC",
      "authors": "X Sun, M Shen, H Yin, L Mao, P Molchanov, JM Alvarez",
      "venue": "2025 IEEE/CVF Winter Conference on Applications of Computer Vision (WACV …, 2025",
      "year": 2025,
      "citations": 1
    },
    {
      "title": "MDP: Multidimensional Vision Model Pruning with Latency Constraint",
      "url": "https://scholar.google.com/citations?view_op=view_citation&hl=en&user=To0I8IkAAAAJ&citation_for_view=To0I8IkAAAAJ:YOwf2qJgpHMC",
      "authors": "X Sun, B Lakshmanan, M Shen, S Lan, J Chen, JM Alvarez",
      "venue": "Proceedings of the Computer Vision and Pattern Recognition Conference, 20113 …, 2025",
      "year": 2025,
      "citations": 1
    },
    {
      "title": "Multi-dimensional pruning: Joint channel, layer and block pruning with latency constraint",
      "url": "https://scholar.google.com/citations?view_op=view_citation&hl=en&user=To0I8IkAAAAJ&citation_for_view=To0I8IkAAAAJ:MXK_kJrjxJIC",
      "authors": "X Sun, B Lakshmanan, M Shen, S Lan, J Chen, J Alvarez",
      "venue": "arXiv preprint arXiv:2406.12079, 2024",
      "year": 2024,
      "citations": 4
    },
    {
      "title": "Global vision transformer pruning with hessian-aware saliency",
      "url": "https://scholar.google.com/citations?view_op=view_citation&hl=en&user=To0I8IkAAAAJ&citation_for_view=To0I8IkAAAAJ:LkGwnXOMwfcC",
      "authors": "H Yang, H Yin, M Shen, P Molchanov, H Li, J Kautz",
      "venue": "Proceedings of the IEEE/CVF conference on computer vision and pattern …, 2023",
      "year": 2023,
      "citations": 175
    },
    {
      "title": "Adaptive sharpness-aware pruning for robust sparse networks",
      "url": "https://scholar.google.com/citations?view_op=view_citation&hl=en&user=To0I8IkAAAAJ&citation_for_view=To0I8IkAAAAJ:Se3iqnhoufwC",
      "authors": "A Bair, H Yin, M Shen, P Molchanov, J Alvarez",
      "venue": "arXiv preprint arXiv:2306.14306, 2023",
      "year": 2023,
      "citations": 17
    },
    {
      "title": "Hardware-aware latency pruning for real-time 3d object detection",
      "url": "https://scholar.google.com/citations?view_op=view_citation&hl=en&user=To0I8IkAAAAJ&citation_for_view=To0I8IkAAAAJ:UebtZRa9Y70C",
      "authors": "M Shen, L Mao, J Chen, J Hsu, X Sun, O Knieps, C Maxim, JM Alvarez",
      "venue": "2023 IEEE Intelligent Vehicles Symposium (IV), 1-6, 2023",
      "year": 2023,
      "citations": 7
    },
    {
      "title": "Augmenting legacy neural networks for flexible inference",
      "url": "https://scholar.google.com/citations?view_op=view_citation&hl=en&user=To0I8IkAAAAJ&citation_for_view=To0I8IkAAAAJ:hqOjcs7Dif8C",
      "authors": "JL Clemons, SW Keckler, I Frosio, JMA Lopez, M Shen",
      "venue": "US Patent App. 17/820,780, 2023",
      "year": 2023,
      "citations": 2
    },
    {
      "title": "Structural pruning via latency-saliency knapsack",
      "url": "https://scholar.google.com/citations?view_op=view_citation&hl=en&user=To0I8IkAAAAJ&citation_for_view=To0I8IkAAAAJ:u5HHmVD_uO8C",
      "authors": "M Shen, H Yin, P Molchanov, L Mao, J Liu, JM Alvarez",
      "venue": "NeurIPS 2022, 2022",
      "year": 2022,
      "citations": 89
    },
    {
      "title": "When to prune? a policy towards early structural pruning",
      "url": "https://scholar.google.com/citations?view_op=view_citation&hl=en&user=To0I8IkAAAAJ&citation_for_view=To0I8IkAAAAJ:9yKSN-GCB0IC",
      "authors": "M Shen, P Molchanov, H Yin, JM Alvarez",
      "venue": "Proceedings of the IEEE/CVF Conference on Computer Vision and Pattern …, 2022",
      "year": 2022,
      "citations": 77
    },
    {
      "title": "Soft masking for cost-constrained channel pruning",
      "url": "https://scholar.google.com/citations?view_op=view_citation&hl=en&user=To0I8IkAAAAJ&citation_for_view=To0I8IkAAAAJ:d1gkVwhDpl0C",
      "authors": "R Humble, M Shen, JA Latorre, E Darve, J Alvarez",
      "venue": "European Conference on Computer Vision, 641-657, 2022",
      "year": 2022,
      "citations": 23
    },
    {
      "title": "Pruning neural networks",
      "url": "https://scholar.google.com/citations?view_op=view_citation&hl=en&user=To0I8IkAAAAJ&citation_for_view=To0I8IkAAAAJ:IjCSPb-OGe4C",
      "authors": "M Shen, P Molchanov, H Yin, JMA Lopez",
      "venue": "US Patent App. 17/201,768, 2022",
      "year": 2022,
      "citations": 3
    },
    {
      "title": "Calculating data compression parameters",
      "url": "https://scholar.google.com/citations?view_op=view_citation&hl=en&user=To0I8IkAAAAJ&citation_for_view=To0I8IkAAAAJ:zYLM7Y9cAGgC",
      "authors": "Y Idelbayev, P Molchanov, HD Yin, M Shen, JMA Lopez",
      "venue": "US Patent App. 16/952,893, 2022",
      "year": 2022,
      "citations": 2
    },
    {
      "title": "Towards dynamic sparsification by iterative prune-grow lookaheads",
      "url": "https://scholar.google.com/citations?view_op=view_citation&hl=en&user=To0I8IkAAAAJ&citation_for_view=To0I8IkAAAAJ:W7OEmFMy1HYC",
      "authors": "X Sun, M Shen, H Yin, L Mao, P Molchanov, JM Alvarez",
      "venue": "",
      "citations": 2,
      "year": 2022
    },
    {
      "title": "Optimal quantization using scaled codebook",
      "url": "https://scholar.google.com/citations?view_op=view_citation&hl=en&user=To0I8IkAAAAJ&citation_for_view=To0I8IkAAAAJ:UeHWp8X0CEIC",
      "authors": "Y Idelbayev, P Molchanov, M Shen, H Yin, MA Carreira-Perpinán, ...",
      "venue": "Proceedings of the IEEE/CVF Conference on Computer Vision and Pattern …, 2021",
      "year": 2021,
      "citations": 9
    },
    {
      "title": "Anomaly detection based on nearest neighbor search with locality-sensitive B-tree",
      "url": "https://scholar.google.com/citations?view_op=view_citation&hl=en&user=To0I8IkAAAAJ&citation_for_view=To0I8IkAAAAJ:Y0pCki6q_DkC",
      "authors": "M Shen, X Jiang, T Sun",
      "venue": "Neurocomputing 289, 55-67, 2018",
      "year": 2018,
      "citations": 22
    },
    {
      "title": "Anomaly Detection by Analyzing the Pedestrian Behavior and the Dynamic Changes of Behavior",
      "url": "https://scholar.google.com/citations?view_op=view_citation&hl=en&user=To0I8IkAAAAJ&citation_for_view=To0I8IkAAAAJ:Tyk-4Ss8FVUC",
      "authors": "M Shen, X Jiang, T Sun",
      "venue": "International Conference on Intelligent Computing, 211-222, 2017",
      "year": 2017,
      "citations": 2
    },
    {
      "title": "Crowd counting estimation in video surveillance based on linear regression function",
      "url": "https://scholar.google.com/citations?view_op=view_citation&hl=en&user=To0I8IkAAAAJ&citation_for_view=To0I8IkAAAAJ:2osOgNQ5qMEC",
      "authors": "M Shen, T Sun, X Jiang, K Xu",
      "venue": "2016 9th International Congress on Image and Signal Processing, BioMedical …, 2016",
      "year": 2016,
      "citations": 4
    }
  ],
  "co_authors": []
}