{
  "author_info": {
    "name": "Shaonan Wang",
    "affiliation": "The Hong Kong Polytechnic University",
    "email_verified": "Verified email at polyu.edu.hk - Homepage",
    "website": "https://wangshaonan.github.io/",
    "interests": [
      "Natural Language Understanding of Machine and Mind"
    ],
    "photo_url": "https://scholar.googleusercontent.com/citations?view_op=view_photo&user=ydFT-G8AAAAJ&citpid=2"
  },
  "citation_stats": {
    "citations_all": 1119,
    "citations_since_2020": 1047,
    "h_index_all": 20,
    "h_index_since_2020": 19,
    "i10_index_all": 30,
    "i10_index_since_2020": 28,
    "citation_graph": [
      {
        "year": 2017,
        "citations": 4
      },
      {
        "year": 2018,
        "citations": 36
      },
      {
        "year": 2019,
        "citations": 29
      },
      {
        "year": 2020,
        "citations": 66
      },
      {
        "year": 2021,
        "citations": 95
      },
      {
        "year": 2022,
        "citations": 151
      },
      {
        "year": 2023,
        "citations": 229
      },
      {
        "year": 2024,
        "citations": 236
      },
      {
        "year": 2025,
        "citations": 266
      }
    ]
  },
  "papers": [
    {
      "title": "Improving in-context learning of multilingual generative language models with cross-lingual alignment",
      "url": "https://scholar.google.com/citations?view_op=view_citation&hl=en&user=ydFT-G8AAAAJ&citation_for_view=ydFT-G8AAAAJ:mB3voiENLucC",
      "authors": "C Li, S Wang, J Zhang, C Zong",
      "venue": "Proceedings of the 2024 Conference of the North American Chapter of the …, 2024",
      "year": 2024,
      "citations": 27
    },
    {
      "title": "Contrast, attend and diffuse to decode high-resolution images from brain activities",
      "url": "https://scholar.google.com/citations?view_op=view_citation&hl=en&user=ydFT-G8AAAAJ&citation_for_view=ydFT-G8AAAAJ:qxL8FJ1GzNcC",
      "authors": "J Sun, M Li, Z Chen, Y Zhang, S Wang, MF Moens",
      "venue": "Advances in Neural Information Processing Systems 36, 12332-12348, 2023",
      "year": 2023,
      "citations": 55
    },
    {
      "title": "A large dataset of semantic ratings and its computational extension",
      "url": "https://scholar.google.com/citations?view_op=view_citation&hl=en&user=ydFT-G8AAAAJ&citation_for_view=ydFT-G8AAAAJ:M3ejUd6NZC8C",
      "authors": "S Wang, Y Zhang, W Shi, G Zhang, J Zhang, N Lin, C Zong",
      "venue": "Scientific Data 10 (1), 106, 2023",
      "year": 2023,
      "citations": 33
    },
    {
      "title": "Improved target-specific stance detection on social media platforms by delving into conversation threads",
      "url": "https://scholar.google.com/citations?view_op=view_citation&hl=en&user=ydFT-G8AAAAJ&citation_for_view=ydFT-G8AAAAJ:3fE2CSJIrl8C",
      "authors": "Y Li, H He, S Wang, FCM Lau, Y Song",
      "venue": "IEEE Transactions on Computational Social Systems 10 (6), 3031-3042, 2023",
      "year": 2023,
      "citations": 29
    },
    {
      "title": "A synchronized multimodal neuroimaging dataset for studying brain language processing",
      "url": "https://scholar.google.com/citations?view_op=view_citation&hl=en&user=ydFT-G8AAAAJ&citation_for_view=ydFT-G8AAAAJ:MXK_kJrjxJIC",
      "authors": "S Wang, X Zhang, J Zhang, C Zong",
      "venue": "Scientific Data 9 (1), 590, 2022",
      "year": 2022,
      "citations": 33
    },
    {
      "title": "An fmri dataset for concept representation with semantic feature annotations",
      "url": "https://scholar.google.com/citations?view_op=view_citation&hl=en&user=ydFT-G8AAAAJ&citation_for_view=ydFT-G8AAAAJ:YOwf2qJgpHMC",
      "authors": "S Wang, Y Zhang, X Zhang, J Sun, N Lin, J Zhang, C Zong",
      "venue": "Scientific Data 9 (1), 721, 2022",
      "year": 2022,
      "citations": 25
    },
    {
      "title": "Probing word syntactic representations in the brain by a feature elimination method",
      "url": "https://scholar.google.com/citations?view_op=view_citation&hl=en&user=ydFT-G8AAAAJ&citation_for_view=ydFT-G8AAAAJ:hqOjcs7Dif8C",
      "authors": "X Zhang, S Wang, N Lin, J Zhang, C Zong",
      "venue": "Proceedings of the AAAI Conference on Artificial Intelligence 36 (10), 11721 …, 2022",
      "year": 2022,
      "citations": 24
    },
    {
      "title": "Neural encoding and decoding with distributed sentence representations",
      "url": "https://scholar.google.com/citations?view_op=view_citation&hl=en&user=ydFT-G8AAAAJ&citation_for_view=ydFT-G8AAAAJ:LkGwnXOMwfcC",
      "authors": "J Sun, S Wang, J Zhang, C Zong",
      "venue": "IEEE Transactions on Neural Networks and Learning Systems 32 (2), 589-603, 2020",
      "year": 2020,
      "citations": 59
    },
    {
      "title": "Distill and replay for continual language learning",
      "url": "https://scholar.google.com/citations?view_op=view_citation&hl=en&user=ydFT-G8AAAAJ&citation_for_view=ydFT-G8AAAAJ:roLk4NBRz8UC",
      "authors": "J Sun, S Wang, J Zhang, C Zong",
      "venue": "Proceedings of the 28th international conference on computational …, 2020",
      "year": 2020,
      "citations": 45
    },
    {
      "title": "Fine-grained neural decoding with distributed word representations",
      "url": "https://scholar.google.com/citations?view_op=view_citation&hl=en&user=ydFT-G8AAAAJ&citation_for_view=ydFT-G8AAAAJ:W7OEmFMy1HYC",
      "authors": "S Wang, J Zhang, H Wang, N Lin, C Zong",
      "venue": "Information Sciences 507, 256-272, 2020",
      "year": 2020,
      "citations": 43
    },
    {
      "title": "Probing brain activation patterns by dissociating semantics and syntax in sentences",
      "url": "https://scholar.google.com/citations?view_op=view_citation&hl=en&user=ydFT-G8AAAAJ&citation_for_view=ydFT-G8AAAAJ:WF5omc3nYNoC",
      "authors": "S Wang, J Zhang, N Lin, C Zong",
      "venue": "Proceedings of the AAAI Conference on Artificial Intelligence 34 (05), 9201-9208, 2020",
      "year": 2020,
      "citations": 29
    },
    {
      "title": "Dissociating the neural correlates of the sociality and plausibility effects in simple conceptual combination",
      "url": "https://scholar.google.com/citations?view_op=view_citation&hl=en&user=ydFT-G8AAAAJ&citation_for_view=ydFT-G8AAAAJ:_FxGoFyzp5QC",
      "authors": "N Lin, Y Xu, H Yang, G Zhang, M Zhang, S Wang, H Hua, X Li",
      "venue": "Brain Structure and Function 225 (3), 995-1008, 2020",
      "year": 2020,
      "citations": 23
    },
    {
      "title": "NCLS: Neural cross-lingual summarization",
      "url": "https://scholar.google.com/citations?view_op=view_citation&hl=en&user=ydFT-G8AAAAJ&citation_for_view=ydFT-G8AAAAJ:YsMSGLbcyi4C",
      "authors": "J Zhu, Q Wang, Y Wang, Y Zhou, J Zhang, S Wang, C Zong",
      "venue": "arXiv preprint arXiv:1909.00156, 2019",
      "year": 2019,
      "citations": 169
    },
    {
      "title": "Towards sentence-level brain decoding with distributed representations",
      "url": "https://scholar.google.com/citations?view_op=view_citation&hl=en&user=ydFT-G8AAAAJ&citation_for_view=ydFT-G8AAAAJ:zYLM7Y9cAGgC",
      "authors": "J Sun, S Wang, J Zhang, C Zong",
      "venue": "Proceedings of the AAAI Conference on Artificial Intelligence 33 (01), 7047-7054, 2019",
      "year": 2019,
      "citations": 74
    },
    {
      "title": "Neural correlates of three cognitive processes involved in theory of mind and discourse comprehension",
      "url": "https://scholar.google.com/citations?view_op=view_citation&hl=en&user=ydFT-G8AAAAJ&citation_for_view=ydFT-G8AAAAJ:eQOLeE2rZwMC",
      "authors": "N Lin, X Yang, J Li, S Wang, H Hua, Y Ma, X Li",
      "venue": "Cognitive, Affective, & Behavioral Neuroscience 18 (2), 273-283, 2018",
      "year": 2018,
      "citations": 52
    },
    {
      "title": "Learning multimodal word representation via dynamic fusion methods",
      "url": "https://scholar.google.com/citations?view_op=view_citation&hl=en&user=ydFT-G8AAAAJ&citation_for_view=ydFT-G8AAAAJ:UeHWp8X0CEIC",
      "authors": "S Wang, J Zhang, C Zong",
      "venue": "Proceedings of the AAAI conference on artificial intelligence 32 (1), 2018",
      "year": 2018,
      "citations": 39
    },
    {
      "title": "Associative multichannel autoencoder for multimodal word representation",
      "url": "https://scholar.google.com/citations?view_op=view_citation&hl=en&user=ydFT-G8AAAAJ&citation_for_view=ydFT-G8AAAAJ:9yKSN-GCB0IC",
      "authors": "S Wang, J Zhang, C Zong",
      "venue": "Proceedings of the 2018 Conference on Empirical Methods in Natural Language …, 2018",
      "year": 2018,
      "citations": 37
    },
    {
      "title": "Memory, show the way: Memory based few shot word representation learning",
      "url": "https://scholar.google.com/citations?view_op=view_citation&hl=en&user=ydFT-G8AAAAJ&citation_for_view=ydFT-G8AAAAJ:u-x6o8ySG0sC",
      "authors": "J Sun, S Wang, C Zong",
      "venue": "Proceedings of the 2018 Conference on Empirical Methods in Natural Language …, 2018",
      "year": 2018,
      "citations": 22
    },
    {
      "title": "Comparison study on critical components in composition model for phrase representation",
      "url": "https://scholar.google.com/citations?view_op=view_citation&hl=en&user=ydFT-G8AAAAJ&citation_for_view=ydFT-G8AAAAJ:qjMakFHDy7sC",
      "authors": "S Wang, C Zong",
      "venue": "ACM Transactions on Asian and Low-Resource Language Information Processing …, 2017",
      "year": 2017,
      "citations": 22
    },
    {
      "title": "Learning sentence representation with guidance of human attention",
      "url": "https://scholar.google.com/citations?view_op=view_citation&hl=en&user=ydFT-G8AAAAJ&citation_for_view=ydFT-G8AAAAJ:u5HHmVD_uO8C",
      "authors": "S Wang, J Zhang, C Zong",
      "venue": "arXiv preprint arXiv:1609.09189, 2016",
      "year": 2016,
      "citations": 61
    }
  ],
  "co_authors": [
    {
      "name": "Chengqing Zong (宗成庆)",
      "scholar_id": "l8lvKOQAAAAJ",
      "url": "https://scholar.google.com/citations?user=l8lvKOQAAAAJ"
    },
    {
      "name": "Jiajun Zhang",
      "scholar_id": "93zngeYAAAAJ",
      "url": "https://scholar.google.com/citations?user=93zngeYAAAAJ"
    },
    {
      "name": "Nan Lin",
      "scholar_id": "YdvdxxQAAAAJ",
      "url": "https://scholar.google.com/citations?user=YdvdxxQAAAAJ"
    },
    {
      "name": "Yunhao Zhang",
      "scholar_id": "IainqjgAAAAJ",
      "url": "https://scholar.google.com/citations?user=IainqjgAAAAJ"
    },
    {
      "name": "Jingyuan Sun",
      "scholar_id": "aBnLE_EAAAAJ",
      "url": "https://scholar.google.com/citations?user=aBnLE_EAAAAJ"
    },
    {
      "name": "Chong Li",
      "scholar_id": "aftZkxsAAAAJ",
      "url": "https://scholar.google.com/citations?user=aftZkxsAAAAJ"
    },
    {
      "name": "Xingshan Li",
      "scholar_id": "Ndgi3OoAAAAJ",
      "url": "https://scholar.google.com/citations?user=Ndgi3OoAAAAJ"
    },
    {
      "name": "Junnan Zhu",
      "scholar_id": "Seamo_wAAAAJ",
      "url": "https://scholar.google.com/citations?user=Seamo_wAAAAJ"
    },
    {
      "name": "Marie-Francine Moens",
      "scholar_id": "O9hYMUUAAAAJ",
      "url": "https://scholar.google.com/citations?user=O9hYMUUAAAAJ"
    },
    {
      "name": "Shuxian Zou",
      "scholar_id": "qO99HOcAAAAJ",
      "url": "https://scholar.google.com/citations?user=qO99HOcAAAAJ"
    },
    {
      "name": "Zijiao Chen",
      "scholar_id": "gCTUx9oAAAAJ",
      "url": "https://scholar.google.com/citations?user=gCTUx9oAAAAJ"
    },
    {
      "name": "Mingxiao Li",
      "scholar_id": "0t2f7joAAAAJ",
      "url": "https://scholar.google.com/citations?user=0t2f7joAAAAJ"
    },
    {
      "name": "Haiyan Wang",
      "scholar_id": "VAzC4y8AAAAJ",
      "url": "https://scholar.google.com/citations?user=VAzC4y8AAAAJ"
    },
    {
      "name": "Liina Pylkkanen",
      "scholar_id": "yGIs62YAAAAJ",
      "url": "https://scholar.google.com/citations?user=yGIs62YAAAAJ"
    },
    {
      "name": "Haorui He（何昊睿）",
      "scholar_id": "cCIc3UIAAAAJ",
      "url": "https://scholar.google.com/citations?user=cCIc3UIAAAAJ"
    },
    {
      "name": "Xinpei Zhao",
      "scholar_id": "QfHHPNoAAAAJ",
      "url": "https://scholar.google.com/citations?user=QfHHPNoAAAAJ"
    },
    {
      "name": "yang liu",
      "scholar_id": "EpG5ODwAAAAJ",
      "url": "https://scholar.google.com/citations?user=EpG5ODwAAAAJ"
    },
    {
      "name": "Soo-Hwan Lee",
      "scholar_id": "9MzzEVQAAAAJ",
      "url": "https://scholar.google.com/citations?user=9MzzEVQAAAAJ"
    },
    {
      "name": "Nai Ding",
      "scholar_id": "Q_mMDVMAAAAJ",
      "url": "https://scholar.google.com/citations?user=Q_mMDVMAAAAJ"
    },
    {
      "name": "Yu ZHOU",
      "scholar_id": "DDpBW7wAAAAJ",
      "url": "https://scholar.google.com/citations?user=DDpBW7wAAAAJ"
    }
  ]
}