{
  "author_info": {
    "name": "Yan Gao",
    "affiliation": "University of Cambridge",
    "email_verified": "Verified email at cam.ac.uk",
    "interests": [
      "Machine Learning",
      "Deep Learning"
    ],
    "photo_url": "https://scholar.googleusercontent.com/citations?view_op=view_photo&user=_im5GrcAAAAJ&citpid=1"
  },
  "citation_stats": {
    "citations_all": 3575,
    "citations_since_2020": 3555,
    "h_index_all": 16,
    "h_index_since_2020": 16,
    "i10_index_all": 20,
    "i10_index_since_2020": 20,
    "citation_graph": [
      {
        "year": 2020,
        "citations": 21
      },
      {
        "year": 2021,
        "citations": 132
      },
      {
        "year": 2022,
        "citations": 481
      },
      {
        "year": 2023,
        "citations": 825
      },
      {
        "year": 2024,
        "citations": 1045
      },
      {
        "year": 2025,
        "citations": 1039
      }
    ]
  },
  "papers": [
    {
      "title": "Breaking physical and linguistic borders: Multilingual federated prompt tuning for low-resource languages",
      "url": "https://scholar.google.com/citations?view_op=view_citation&hl=en&user=_im5GrcAAAAJ&citation_for_view=_im5GrcAAAAJ:qxL8FJ1GzNcC",
      "authors": "W Zhao, Y Chen, R Lee, X Qiu, Y Gao, H Fan, ND Lane",
      "venue": "arXiv preprint arXiv:2507.03003, 2025",
      "year": 2025,
      "citations": 22
    },
    {
      "title": "The future of large language model pre-training is federated",
      "url": "https://scholar.google.com/citations?view_op=view_citation&hl=en&user=_im5GrcAAAAJ&citation_for_view=_im5GrcAAAAJ:hC7cP41nSMkC",
      "authors": "L Sani, A Iacob, Z Cao, B Marino, Y Gao, T Paulik, W Zhao, WF Shen, ...",
      "venue": "arXiv preprint arXiv:2405.10853, 2024",
      "year": 2024,
      "citations": 42
    },
    {
      "title": "Photon: Federated llm pre-training",
      "url": "https://scholar.google.com/citations?view_op=view_citation&hl=en&user=_im5GrcAAAAJ&citation_for_view=_im5GrcAAAAJ:TQgYirikUcIC",
      "authors": "L Sani, A Iacob, Z Cao, R Lee, B Marino, Y Gao, D Cai, Z Li, W Zhao, ...",
      "venue": "arXiv preprint arXiv:2411.02908, 2024",
      "year": 2024,
      "citations": 16
    },
    {
      "title": "Privacy-preserving federated learning using flower framework",
      "url": "https://scholar.google.com/citations?view_op=view_citation&hl=en&user=_im5GrcAAAAJ&citation_for_view=_im5GrcAAAAJ:hFOr9nPyWt4C",
      "authors": "M Naseri, J Fernandez-Marques, Y Gao, H Pan",
      "venue": "Proceedings of the 30th ACM SIGKDD Conference on Knowledge Discovery and …, 2024",
      "year": 2024,
      "citations": 11
    },
    {
      "title": "Secure Vertical Federated Learning Under Unreliable Connectivity",
      "url": "https://scholar.google.com/citations?view_op=view_citation&hl=en&user=_im5GrcAAAAJ&citation_for_view=_im5GrcAAAAJ:qUcmZB5y_30C",
      "authors": "X Qiu, H Pan, W Zhao, Y Gao, PPB Gusmao, WF Shen, C Ma, ND Lane",
      "venue": "arXiv preprint arXiv:2305.16794, 2024",
      "year": 2024,
      "citations": 11
    },
    {
      "title": "L-DAWA: Layer-wise Divergence Aware Weight Aggregation in Federated Self-Supervised Visual Representation Learning",
      "url": "https://scholar.google.com/citations?view_op=view_citation&hl=en&user=_im5GrcAAAAJ&citation_for_view=_im5GrcAAAAJ:M3ejUd6NZC8C",
      "authors": "YAU Rehman*, Y Gao*, PPB de Gusmão, M Alibeigi, J Shen, ND Lane",
      "venue": "ICCV 2023, 2023",
      "year": 2023,
      "citations": 43
    },
    {
      "title": "ZeroFL: Efficient On-Device Training for Federated Learning with Local Sparsity",
      "url": "https://scholar.google.com/citations?view_op=view_citation&hl=en&user=_im5GrcAAAAJ&citation_for_view=_im5GrcAAAAJ:u5HHmVD_uO8C",
      "authors": "X Qiu, J Fernandez-Marques, PP Gusmao, Y Gao, T Parcollet, ND Lane",
      "venue": "International Conference on Learning Representations (ICLR), 2022",
      "year": 2022,
      "citations": 92
    },
    {
      "title": "End-to-end speech recognition from federated acoustic models",
      "url": "https://scholar.google.com/citations?view_op=view_citation&hl=en&user=_im5GrcAAAAJ&citation_for_view=_im5GrcAAAAJ:W7OEmFMy1HYC",
      "authors": "Y Gao, T Parcollet, S Zaiem, J Fernandez-Marques, PPB De Gusmao, ...",
      "venue": "ICASSP 2022-2022 IEEE International Conference on Acoustics, Speech and …, 2022",
      "year": 2022,
      "citations": 55
    },
    {
      "title": "Federated Self-supervised Learning for Video Understanding",
      "url": "https://scholar.google.com/citations?view_op=view_citation&hl=en&user=_im5GrcAAAAJ&citation_for_view=_im5GrcAAAAJ:8k81kl-MbHgC",
      "authors": "YAU Rehman*, Y Gao*, J Shen, PPB de Gusmao, N Lane",
      "venue": "ECCV 2022, 2022",
      "year": 2022,
      "citations": 27
    },
    {
      "title": "Federated Self-supervised Speech Representations: Are We There Yet?",
      "url": "https://scholar.google.com/citations?view_op=view_citation&hl=en&user=_im5GrcAAAAJ&citation_for_view=_im5GrcAAAAJ:_FxGoFyzp5QC",
      "authors": "Y Gao, J Fernandez-Marques, T Parcollet, A Mehrotra, ND Lane",
      "venue": "INTERSPEECH 2022, 2022",
      "year": 2022,
      "citations": 16
    },
    {
      "title": "Match to Win: Analysing Sequences Lengths for Efficient Self-supervised Learning in Speech and Audio",
      "url": "https://scholar.google.com/citations?view_op=view_citation&hl=en&user=_im5GrcAAAAJ&citation_for_view=_im5GrcAAAAJ:KlAtU1dfN6UC",
      "authors": "Y Gao, J Fernandez-Marques, T Parcollet, PPB de Gusmao, ND Lane",
      "venue": "SLT 2022, 2022",
      "year": 2022,
      "citations": 11
    },
    {
      "title": "SpeechBrain: A general-purpose speech toolkit",
      "url": "https://scholar.google.com/citations?view_op=view_citation&hl=en&user=_im5GrcAAAAJ&citation_for_view=_im5GrcAAAAJ:Tyk-4Ss8FVUC",
      "authors": "M Ravanelli, T Parcollet, P Plantinga, A Rouhe, S Cornell, L Lugosch, ...",
      "venue": "arXiv preprint arXiv:2106.04624, 2021",
      "year": 2021,
      "citations": 1081
    },
    {
      "title": "A first look into the carbon footprint of federated learning",
      "url": "https://scholar.google.com/citations?view_op=view_citation&hl=en&user=_im5GrcAAAAJ&citation_for_view=_im5GrcAAAAJ:3fE2CSJIrl8C",
      "authors": "X Qiu, T Parcollet, J Fernandez-Marques, PPB de Gusmao, Y Gao, ...",
      "venue": "arXiv preprint arXiv:2102.07627, 2021",
      "year": 2021,
      "citations": 129
    },
    {
      "title": "On-device federated learning with flower",
      "url": "https://scholar.google.com/citations?view_op=view_citation&hl=en&user=_im5GrcAAAAJ&citation_for_view=_im5GrcAAAAJ:IjCSPb-OGe4C",
      "authors": "A Mathur, DJ Beutel, PPB de Gusmao, J Fernandez-Marques, T Topal, ...",
      "venue": "arXiv preprint arXiv:2104.03042, 2021",
      "year": 2021,
      "citations": 64
    },
    {
      "title": "Distilling knowledge from ensembles of acoustic models for joint CTC-attention end-to-end speech recognition",
      "url": "https://scholar.google.com/citations?view_op=view_citation&hl=en&user=_im5GrcAAAAJ&citation_for_view=_im5GrcAAAAJ:eQOLeE2rZwMC",
      "authors": "Y Gao, T Parcollet, ND Lane",
      "venue": "2021 IEEE Automatic Speech Recognition and Understanding Workshop (ASRU …, 2021",
      "year": 2021,
      "citations": 21
    },
    {
      "title": "Flower: A friendly federated learning research framework",
      "url": "https://scholar.google.com/citations?view_op=view_citation&hl=en&user=_im5GrcAAAAJ&citation_for_view=_im5GrcAAAAJ:5nxA0vEk-isC",
      "authors": "DJ Beutel, T Topal, A Mathur, X Qiu, J Fernandez-Marques, Y Gao, L Sani, ...",
      "venue": "arXiv preprint arXiv:2007.14390, 2020",
      "year": 2020,
      "citations": 1554
    },
    {
      "title": "Imutube: Automatic extraction of virtual on-body accelerometry from video for human activity recognition",
      "url": "https://scholar.google.com/citations?view_op=view_citation&hl=en&user=_im5GrcAAAAJ&citation_for_view=_im5GrcAAAAJ:YsMSGLbcyi4C",
      "authors": "H Kwon, C Tong, H Haresamudram, Y Gao, GD Abowd, ND Lane, ...",
      "venue": "Proceedings of the ACM on Interactive, Mobile, Wearable and Ubiquitous …, 2020",
      "year": 2020,
      "citations": 200
    },
    {
      "title": "Towards reliable, automated general movement assessment for perinatal stroke screening in infants using wearable accelerometers",
      "url": "https://scholar.google.com/citations?view_op=view_citation&hl=en&user=_im5GrcAAAAJ&citation_for_view=_im5GrcAAAAJ:UeHWp8X0CEIC",
      "authors": "Y Gao, Y Long, Y Guan, A Basu, J Baggaley, T Ploetz",
      "venue": "Proceedings of the ACM on Interactive, Mobile, Wearable and Ubiquitous …, 2019",
      "year": 2019,
      "citations": 72
    },
    {
      "title": "Using QC-Blind for quality control and contamination screening of bacteria DNA sequencing data without reference genome",
      "url": "https://scholar.google.com/citations?view_op=view_citation&hl=en&user=_im5GrcAAAAJ&citation_for_view=_im5GrcAAAAJ:Y0pCki6q_DkC",
      "authors": "W Xi*, Y Gao*, Z Cheng, C Chen, M Han, P Yang, G Xiong, K Ning",
      "venue": "Frontiers in microbiology, 1560, 2019",
      "year": 2019,
      "citations": 12
    },
    {
      "title": "Robust cross-view gait identification with evidence: A discriminant gait gan (diggan) approach on 10000 people",
      "url": "https://scholar.google.com/citations?view_op=view_citation&hl=en&user=_im5GrcAAAAJ&citation_for_view=_im5GrcAAAAJ:qjMakFHDy7sC",
      "authors": "BZ Hu*, Y Gao*, Y Guan, Y Long, N Lane, T Ploetz",
      "venue": "",
      "citations": 60,
      "year": 2018
    }
  ],
  "co_authors": [
    {
      "name": "Nicholas Lane",
      "scholar_id": "IleoLUgAAAAJ",
      "url": "https://scholar.google.com/citations?user=IleoLUgAAAAJ"
    },
    {
      "name": "Titouan Parcollet",
      "scholar_id": "oZ3hd1YAAAAJ",
      "url": "https://scholar.google.com/citations?user=oZ3hd1YAAAAJ"
    },
    {
      "name": "Pedro Porto Buarque de Gusmão",
      "scholar_id": "TfdVttMAAAAJ",
      "url": "https://scholar.google.com/citations?user=TfdVttMAAAAJ"
    },
    {
      "name": "Xinchi Qiu",
      "scholar_id": "yW6vsS8AAAAJ",
      "url": "https://scholar.google.com/citations?user=yW6vsS8AAAAJ"
    },
    {
      "name": "Javier Fernandez-Marques",
      "scholar_id": "Htu1YhIAAAAJ",
      "url": "https://scholar.google.com/citations?user=Htu1YhIAAAAJ"
    },
    {
      "name": "Daniel Janes Beutel",
      "scholar_id": "mLSAYxgAAAAJ",
      "url": "https://scholar.google.com/citations?user=mLSAYxgAAAAJ"
    },
    {
      "name": "Akhil Mathur",
      "scholar_id": "oKsBeGAAAAAJ",
      "url": "https://scholar.google.com/citations?user=oKsBeGAAAAAJ"
    },
    {
      "name": "Thomas Ploetz",
      "scholar_id": "kM95eWgAAAAJ",
      "url": "https://scholar.google.com/citations?user=kM95eWgAAAAJ"
    },
    {
      "name": "Yang Long",
      "scholar_id": "IrkuknEAAAAJ",
      "url": "https://scholar.google.com/citations?user=IrkuknEAAAAJ"
    },
    {
      "name": "Yu Guan",
      "scholar_id": "uNe0xYkAAAAJ",
      "url": "https://scholar.google.com/citations?user=uNe0xYkAAAAJ"
    },
    {
      "name": "Catherine Tong",
      "scholar_id": "nfv_AZoAAAAJ",
      "url": "https://scholar.google.com/citations?user=nfv_AZoAAAAJ"
    },
    {
      "name": "Harish Haresamudram",
      "scholar_id": "ThV9ezEAAAAJ",
      "url": "https://scholar.google.com/citations?user=ThV9ezEAAAAJ"
    },
    {
      "name": "Gregory D. Abowd",
      "scholar_id": "gb8sbdcAAAAJ",
      "url": "https://scholar.google.com/citations?user=gb8sbdcAAAAJ"
    },
    {
      "name": "Yasar Abbas Ur Rehman",
      "scholar_id": "hDKFeWEAAAAJ",
      "url": "https://scholar.google.com/citations?user=hDKFeWEAAAAJ"
    },
    {
      "name": "Bingzhang Hu",
      "scholar_id": "U549COEAAAAJ",
      "url": "https://scholar.google.com/citations?user=U549COEAAAAJ"
    },
    {
      "name": "Abhinav Mehrotra",
      "scholar_id": "AbeyFKwAAAAJ",
      "url": "https://scholar.google.com/citations?user=AbeyFKwAAAAJ"
    }
  ]
}