{
  "author_info": {
    "name": "Matteo Papini",
    "affiliation": "Università degli Studi di Milano",
    "email_verified": "Verified email at unimi.it - Homepage",
    "website": "https://t3p.github.io/",
    "interests": [
      "Reinforcement Learning",
      "Machine Learning",
      "Artificial Intelligence"
    ],
    "photo_url": "https://scholar.googleusercontent.com/citations?view_op=view_photo&user=A2WxZlsAAAAJ&citpid=5"
  },
  "citation_stats": {
    "citations_all": 1138,
    "citations_since_2020": 1082,
    "h_index_all": 15,
    "h_index_since_2020": 15,
    "i10_index_all": 20,
    "i10_index_since_2020": 20,
    "citation_graph": [
      {
        "year": 2017,
        "citations": 5
      },
      {
        "year": 2018,
        "citations": 11
      },
      {
        "year": 2019,
        "citations": 36
      },
      {
        "year": 2020,
        "citations": 114
      },
      {
        "year": 2021,
        "citations": 147
      },
      {
        "year": 2022,
        "citations": 182
      },
      {
        "year": 2023,
        "citations": 208
      },
      {
        "year": 2024,
        "citations": 239
      },
      {
        "year": 2025,
        "citations": 192
      }
    ]
  },
  "papers": [
    {
      "title": "Importance-weighted offline learning done right",
      "url": "https://scholar.google.com/citations?view_op=view_citation&hl=en&user=A2WxZlsAAAAJ&citation_for_view=A2WxZlsAAAAJ:M3ejUd6NZC8C",
      "authors": "G Gabbianelli, G Neu, M Papini",
      "venue": "International Conference on Algorithmic Learning Theory, 614-634, 2024",
      "year": 2024,
      "citations": 18
    },
    {
      "title": "Offline primal-dual reinforcement learning for linear mdps",
      "url": "https://scholar.google.com/citations?view_op=view_citation&hl=en&user=A2WxZlsAAAAJ&citation_for_view=A2WxZlsAAAAJ:YOwf2qJgpHMC",
      "authors": "G Gabbianelli, G Neu, M Papini, NM Okolo",
      "venue": "International Conference on Artificial Intelligence and Statistics, 3169-3177, 2024",
      "year": 2024,
      "citations": 15
    },
    {
      "title": "Learning optimal deterministic policies with stochastic policy gradients",
      "url": "https://scholar.google.com/citations?view_op=view_citation&hl=en&user=A2WxZlsAAAAJ&citation_for_view=A2WxZlsAAAAJ:9ZlFYXVOiuMC",
      "authors": "A Montenegro, M Mussi, AM Metelli, M Papini",
      "venue": "arXiv preprint arXiv:2405.02235, 2024",
      "year": 2024,
      "citations": 11
    },
    {
      "title": "No-regret reinforcement learning in smooth mdps",
      "url": "https://scholar.google.com/citations?view_op=view_citation&hl=en&user=A2WxZlsAAAAJ&citation_for_view=A2WxZlsAAAAJ:aqlVkmm33-oC",
      "authors": "D Maran, AM Metelli, M Papini, M Restell",
      "venue": "arXiv preprint arXiv:2402.03792, 2024",
      "year": 2024,
      "citations": 10
    },
    {
      "title": "Online adversarial mdps with off-policy feedback and known transitions",
      "url": "https://scholar.google.com/citations?view_op=view_citation&hl=en&user=A2WxZlsAAAAJ&citation_for_view=A2WxZlsAAAAJ:4TOpqqG69KYC",
      "authors": "F Bacchiocchi, FE Stradi, M Papini, AM Metelli, N Gatti",
      "venue": "Sixteenth European Workshop on Reinforcement Learning, 2023",
      "year": 2023,
      "citations": 10
    },
    {
      "title": "Smoothing policies and safe policy gradients",
      "url": "https://scholar.google.com/citations?view_op=view_citation&hl=en&user=A2WxZlsAAAAJ&citation_for_view=A2WxZlsAAAAJ:eQOLeE2rZwMC",
      "authors": "M Papini, M Pirotta, M Restelli",
      "venue": "Machine Learning 111 (11), 4081-4137, 2022",
      "year": 2022,
      "citations": 55
    },
    {
      "title": "Lifting the information ratio: An information-theoretic analysis of thompson sampling for contextual bandits",
      "url": "https://scholar.google.com/citations?view_op=view_citation&hl=en&user=A2WxZlsAAAAJ&citation_for_view=A2WxZlsAAAAJ:kNdYIx-mwKoC",
      "authors": "G Neu, I Olkhovskaia, M Papini, L Schwartz",
      "venue": "Advances in Neural Information Processing Systems 35, 9486-9498, 2022",
      "year": 2022,
      "citations": 21
    },
    {
      "title": "Scalable representation learning in linear contextual bandits with constant regret guarantees",
      "url": "https://scholar.google.com/citations?view_op=view_citation&hl=en&user=A2WxZlsAAAAJ&citation_for_view=A2WxZlsAAAAJ:ULOm3_A8WrAC",
      "authors": "A Tirinzoni, M Papini, A Touati, A Lazaric, M Pirotta",
      "venue": "Advances in Neural Information Processing Systems 35, 2307-2319, 2022",
      "year": 2022,
      "citations": 10
    },
    {
      "title": "Leveraging good representations in linear contextual bandits",
      "url": "https://scholar.google.com/citations?view_op=view_citation&hl=en&user=A2WxZlsAAAAJ&citation_for_view=A2WxZlsAAAAJ:5nxA0vEk-isC",
      "authors": "M Papini, A Tirinzoni, M Restelli, A Lazaric, M Pirotta",
      "venue": "International Conference on Machine Learning, 8371-8380, 2021",
      "year": 2021,
      "citations": 42
    },
    {
      "title": "Reinforcement learning in linear mdps: Constant regret and representation selection",
      "url": "https://scholar.google.com/citations?view_op=view_citation&hl=en&user=A2WxZlsAAAAJ&citation_for_view=A2WxZlsAAAAJ:MXK_kJrjxJIC",
      "authors": "M Papini, A Tirinzoni, A Pacchiano, M Restelli, A Lazaric, M Pirotta",
      "venue": "Advances in Neural Information Processing Systems 34, 16371-16383, 2021",
      "year": 2021,
      "citations": 27
    },
    {
      "title": "Policy optimization as online learning with mediator feedback",
      "url": "https://scholar.google.com/citations?view_op=view_citation&hl=en&user=A2WxZlsAAAAJ&citation_for_view=A2WxZlsAAAAJ:0EnyYjriUFMC",
      "authors": "AM Metelli, M Papini, P D'Oro, M Restelli",
      "venue": "Proceedings of the AAAI Conference on Artificial Intelligence 35 (10), 8958-8966, 2021",
      "year": 2021,
      "citations": 15
    },
    {
      "title": "Importance sampling techniques for policy optimization",
      "url": "https://scholar.google.com/citations?view_op=view_citation&hl=en&user=A2WxZlsAAAAJ&citation_for_view=A2WxZlsAAAAJ:hqOjcs7Dif8C",
      "authors": "AM Metelli, M Papini, N Montali, M Restelli",
      "venue": "Journal of Machine Learning Research 21 (141), 1-75, 2020",
      "year": 2020,
      "citations": 75
    },
    {
      "title": "Gradient-aware model-based policy search",
      "url": "https://scholar.google.com/citations?view_op=view_citation&hl=en&user=A2WxZlsAAAAJ&citation_for_view=A2WxZlsAAAAJ:_FxGoFyzp5QC",
      "authors": "P D'Oro, AM Metelli, A Tirinzoni, M Papini, M Restelli",
      "venue": "Proceedings of the AAAI Conference on Artificial Intelligence 34 (04), 3801-3808, 2020",
      "year": 2020,
      "citations": 53
    },
    {
      "title": "Balancing learning speed and stability in policy gradient via adaptive exploration",
      "url": "https://scholar.google.com/citations?view_op=view_citation&hl=en&user=A2WxZlsAAAAJ&citation_for_view=A2WxZlsAAAAJ:UebtZRa9Y70C",
      "authors": "M Papini, A Battistello, M Restelli",
      "venue": "International conference on artificial intelligence and statistics, 1188-1199, 2020",
      "year": 2020,
      "citations": 21
    },
    {
      "title": "Feature selection via mutual information: New theoretical insights",
      "url": "https://scholar.google.com/citations?view_op=view_citation&hl=en&user=A2WxZlsAAAAJ&citation_for_view=A2WxZlsAAAAJ:ufrVoPGSRksC",
      "authors": "M Beraha, AM Metelli, M Papini, A Tirinzoni, M Restelli",
      "venue": "2019 international joint conference on neural networks (IJCNN), 1-9, 2019",
      "year": 2019,
      "citations": 152
    },
    {
      "title": "Risk-averse trust region optimization for reward-volatility reduction",
      "url": "https://scholar.google.com/citations?view_op=view_citation&hl=en&user=A2WxZlsAAAAJ&citation_for_view=A2WxZlsAAAAJ:roLk4NBRz8UC",
      "authors": "L Bisi, L Sabbioni, E Vittori, M Papini, M Restelli",
      "venue": "arXiv preprint arXiv:1912.03193, 2019",
      "year": 2019,
      "citations": 85
    },
    {
      "title": "Optimistic policy optimization via multiple importance sampling",
      "url": "https://scholar.google.com/citations?view_op=view_citation&hl=en&user=A2WxZlsAAAAJ&citation_for_view=A2WxZlsAAAAJ:WF5omc3nYNoC",
      "authors": "M Papini, AM Metelli, L Lupo, M Restelli",
      "venue": "International Conference on Machine Learning, 4989-4999, 2019",
      "year": 2019,
      "citations": 50
    },
    {
      "title": "Stochastic variance-reduced policy gradient",
      "url": "https://scholar.google.com/citations?view_op=view_citation&hl=en&user=A2WxZlsAAAAJ&citation_for_view=A2WxZlsAAAAJ:YsMSGLbcyi4C",
      "authors": "M Papini, D Binaghi, G Canonaco, M Pirotta, M Restelli",
      "venue": "Proceedings of the 35th International Conference on Machine Learning 80 …, 2018",
      "year": 2018,
      "citations": 241
    },
    {
      "title": "Policy optimization via importance sampling",
      "url": "https://scholar.google.com/citations?view_op=view_citation&hl=en&user=A2WxZlsAAAAJ&citation_for_view=A2WxZlsAAAAJ:qjMakFHDy7sC",
      "authors": "AM Metelli, M Papini, F Faccio, M Restelli",
      "venue": "Advances in Neural Information Processing Systems 31, 2018",
      "year": 2018,
      "citations": 136
    },
    {
      "title": "Adaptive batch size for safe policy gradients",
      "url": "https://scholar.google.com/citations?view_op=view_citation&hl=en&user=A2WxZlsAAAAJ&citation_for_view=A2WxZlsAAAAJ:d1gkVwhDpl0C",
      "authors": "M Papini, M Pirotta, M Restelli",
      "venue": "Advances in neural information processing systems 30, 2017",
      "year": 2017,
      "citations": 50
    }
  ],
  "co_authors": [
    {
      "name": "Marcello Restelli",
      "scholar_id": "xdgxRiEAAAAJ",
      "url": "https://scholar.google.com/citations?user=xdgxRiEAAAAJ"
    },
    {
      "name": "Alberto Maria Metelli",
      "scholar_id": "R31IsPwAAAAJ",
      "url": "https://scholar.google.com/citations?user=R31IsPwAAAAJ"
    },
    {
      "name": "Matteo Pirotta",
      "scholar_id": "6qWcDTAAAAAJ",
      "url": "https://scholar.google.com/citations?user=6qWcDTAAAAAJ"
    },
    {
      "name": "Andrea Tirinzoni",
      "scholar_id": "MmW0yrwAAAAJ",
      "url": "https://scholar.google.com/citations?user=MmW0yrwAAAAJ"
    },
    {
      "name": "Gergely Neu",
      "scholar_id": "uz27G84AAAAJ",
      "url": "https://scholar.google.com/citations?user=uz27G84AAAAJ"
    },
    {
      "name": "Alessandro Lazaric",
      "scholar_id": "6JZ3R6wAAAAJ",
      "url": "https://scholar.google.com/citations?user=6JZ3R6wAAAAJ"
    },
    {
      "name": "Marco Mussi",
      "scholar_id": "3gca-JUAAAAJ",
      "url": "https://scholar.google.com/citations?user=3gca-JUAAAAJ"
    },
    {
      "name": "Giuseppe Canonaco",
      "scholar_id": "PJ2oK6YAAAAJ",
      "url": "https://scholar.google.com/citations?user=PJ2oK6YAAAAJ"
    },
    {
      "name": "Damiano Binaghi",
      "scholar_id": "FjDrKvIAAAAJ",
      "url": "https://scholar.google.com/citations?user=FjDrKvIAAAAJ"
    },
    {
      "name": "Alessandro Montenegro",
      "scholar_id": "CugD-ogAAAAJ",
      "url": "https://scholar.google.com/citations?user=CugD-ogAAAAJ"
    },
    {
      "name": "Pierluca D'Oro",
      "scholar_id": "AuVp7pkAAAAJ",
      "url": "https://scholar.google.com/citations?user=AuVp7pkAAAAJ"
    },
    {
      "name": "Mario Beraha",
      "scholar_id": "UndguK0AAAAJ",
      "url": "https://scholar.google.com/citations?user=UndguK0AAAAJ"
    },
    {
      "name": "Francesco Faccio",
      "scholar_id": "0z3DkrkAAAAJ",
      "url": "https://scholar.google.com/citations?user=0z3DkrkAAAAJ"
    },
    {
      "name": "Davide Maran",
      "scholar_id": "a8i0X8oAAAAJ",
      "url": "https://scholar.google.com/citations?user=a8i0X8oAAAAJ"
    },
    {
      "name": "Lorenzo Bisi",
      "scholar_id": "WIuZhpYAAAAJ",
      "url": "https://scholar.google.com/citations?user=WIuZhpYAAAAJ"
    },
    {
      "name": "Edoardo Vittori, PhD",
      "scholar_id": "gVKVhiwAAAAJ",
      "url": "https://scholar.google.com/citations?user=gVKVhiwAAAAJ"
    },
    {
      "name": "Luca Sabbioni",
      "scholar_id": "EEdBCgMAAAAJ",
      "url": "https://scholar.google.com/citations?user=EEdBCgMAAAAJ"
    },
    {
      "name": "Nico Montali",
      "scholar_id": "xPWCLvEAAAAJ",
      "url": "https://scholar.google.com/citations?user=xPWCLvEAAAAJ"
    },
    {
      "name": "Ludovic Schwartz",
      "scholar_id": "L_Z9jpEAAAAJ",
      "url": "https://scholar.google.com/citations?user=L_Z9jpEAAAAJ"
    },
    {
      "name": "Lorenzo Lupo",
      "scholar_id": "X3KOx8UAAAAJ",
      "url": "https://scholar.google.com/citations?user=X3KOx8UAAAAJ"
    }
  ]
}