{
  "author_info": {
    "name": "Subrahmanyam Murala",
    "affiliation": "Associate Professor, CVPR Lab, SCSS, Trinity College Dublin, Ireland",
    "email_verified": "Verified email at tcd.ie - Homepage",
    "website": "https://www.scss.tcd.ie/~muralas/",
    "interests": [
      "Computer Vision",
      "Deep Learning",
      "Object Detection"
    ],
    "photo_url": "https://scholar.googleusercontent.com/citations?view_op=view_photo&user=5lGnNQoAAAAJ&citpid=5"
  },
  "citation_stats": {
    "citations_all": 6221,
    "citations_since_2020": 4117,
    "h_index_all": 42,
    "h_index_since_2020": 36,
    "i10_index_all": 87,
    "i10_index_since_2020": 80,
    "citation_graph": [
      {
        "year": 2011,
        "citations": 16
      },
      {
        "year": 2012,
        "citations": 38
      },
      {
        "year": 2013,
        "citations": 68
      },
      {
        "year": 2014,
        "citations": 166
      },
      {
        "year": 2015,
        "citations": 240
      },
      {
        "year": 2016,
        "citations": 314
      },
      {
        "year": 2017,
        "citations": 309
      },
      {
        "year": 2018,
        "citations": 454
      },
      {
        "year": 2019,
        "citations": 458
      },
      {
        "year": 2020,
        "citations": 475
      },
      {
        "year": 2021,
        "citations": 719
      },
      {
        "year": 2022,
        "citations": 723
      },
      {
        "year": 2023,
        "citations": 696
      },
      {
        "year": 2024,
        "citations": 735
      },
      {
        "year": 2025,
        "citations": 749
      }
    ]
  },
  "papers": [
    {
      "title": "NTIRE 2023 challenge on stereo image super-resolution: Methods and results",
      "url": "https://scholar.google.com/citations?view_op=view_citation&hl=en&user=5lGnNQoAAAAJ&citation_for_view=5lGnNQoAAAAJ:dQ2og3OwTAUC",
      "authors": "L Wang, Y Guo, Y Wang, J Li, S Gu, R Timofte, M Cheng, H Ma, Q Ma, ...",
      "venue": "Proceedings of the IEEE/CVF CVPR-2023, 1346-1372, 2023",
      "year": 2023,
      "citations": 92
    },
    {
      "title": "NTIRE 2023 image shadow removal challenge report",
      "url": "https://scholar.google.com/citations?view_op=view_citation&hl=en&user=5lGnNQoAAAAJ&citation_for_view=5lGnNQoAAAAJ:hkOj_22Ku90C",
      "authors": "FA Vasluianu, T Seizinger, R Timofte, S Cui, J Huang, S Tian, M Fan, ...",
      "venue": "Proceedings of the IEEE/CVF CVPR-2023, 1788-1807, 2023",
      "year": 2023,
      "citations": 91
    },
    {
      "title": "UW-GAN: Single-image depth estimation and image enhancement for underwater images",
      "url": "https://scholar.google.com/citations?view_op=view_citation&hl=en&user=5lGnNQoAAAAJ&citation_for_view=5lGnNQoAAAAJ:5Ul4iDaHHb8C",
      "authors": "P Hambarde, S Murala, A Dhall",
      "venue": "IEEE Transactions on Instrumentation and Measurement 70, 1-12, 2021",
      "year": 2021,
      "citations": 189
    },
    {
      "title": "RescueNet: An unpaired GAN for brain tumor segmentation",
      "url": "https://scholar.google.com/citations?view_op=view_citation&hl=en&user=5lGnNQoAAAAJ&citation_for_view=5lGnNQoAAAAJ:zA6iFVUQeVQC",
      "authors": "S Nema, A Dudhane, S Murala, S Naidu",
      "venue": "Biomedical Signal Processing and Control 55, 101641, 2020",
      "year": 2020,
      "citations": 196
    },
    {
      "title": "LEARNet Dynamic Imaging Network for Micro Expression Recognition",
      "url": "https://scholar.google.com/citations?view_op=view_citation&hl=en&user=5lGnNQoAAAAJ&citation_for_view=5lGnNQoAAAAJ:ldfaerwXgEUC",
      "authors": "M Verma, SK Vipparthi, G Singh, S Murala",
      "venue": "IEEE Transactions on Image Processing, 2020",
      "year": 2020,
      "citations": 171
    },
    {
      "title": "Deep underwater image restoration and beyond",
      "url": "https://scholar.google.com/citations?view_op=view_citation&hl=en&user=5lGnNQoAAAAJ&citation_for_view=5lGnNQoAAAAJ:bFI3QPDXJZMC",
      "authors": "A Dudhane, P Hambarde, P Patil, S Murala",
      "venue": "IEEE Signal Processing Letters 27, 675-679, 2020",
      "year": 2020,
      "citations": 104
    },
    {
      "title": "A novel feature descriptor for image retrieval by combining modified color histogram and diagonally symmetric co-occurrence texture pattern",
      "url": "https://scholar.google.com/citations?view_op=view_citation&hl=en&user=5lGnNQoAAAAJ&citation_for_view=5lGnNQoAAAAJ:ZfRJV9d4-WMC",
      "authors": "AK Bhunia, A Bhattacharyya, P Banerjee, PP Roy, S Murala",
      "venue": "Pattern Analysis and Applications 23 (2), 703-723, 2020",
      "year": 2020,
      "citations": 88
    },
    {
      "title": "MSFgNet: A Novel Compact End-to-End Deep Network for Moving Object Detection",
      "url": "https://scholar.google.com/citations?view_op=view_citation&hl=en&user=5lGnNQoAAAAJ&citation_for_view=5lGnNQoAAAAJ:GnPB-g6toBAC",
      "authors": "PW Patil, S Murala",
      "venue": "IEEE Transactions on Intelligent Transportation Systems, 2019",
      "year": 2019,
      "citations": 116
    },
    {
      "title": "Ntire 2019 image dehazing challenge report",
      "url": "https://scholar.google.com/citations?view_op=view_citation&hl=en&user=5lGnNQoAAAAJ&citation_for_view=5lGnNQoAAAAJ:7T2F9Uy0os0C",
      "authors": "CO Ancuti, C Ancuti, R Timofte, L Van Gool, L Zhang, MH Yang",
      "venue": "Proceedings of the IEEE/CVF conference on computer vision and pattern …, 2019",
      "year": 2019,
      "citations": 92
    },
    {
      "title": "Local neighborhood intensity pattern–a new texture feature descriptor for image retrieval",
      "url": "https://scholar.google.com/citations?view_op=view_citation&hl=en&user=5lGnNQoAAAAJ&citation_for_view=5lGnNQoAAAAJ:4JMBOYKVnBMC",
      "authors": "P Banerjee, AK Bhunia, A Bhattacharyya, PP Roy, S Murala",
      "venue": "Expert Systems with Applications 113, 100-115, 2018",
      "year": 2018,
      "citations": 107
    },
    {
      "title": "Local extrema co-occurrence pattern for color and texture image retrieval",
      "url": "https://scholar.google.com/citations?view_op=view_citation&hl=en&user=5lGnNQoAAAAJ&citation_for_view=5lGnNQoAAAAJ:dhFuZR0502QC",
      "authors": "M Verma, B Raman, S Murala",
      "venue": "Neurocomputing, Elsevier, 2015",
      "year": 2015,
      "citations": 149
    },
    {
      "title": "Spherical symmetric 3D local ternary patterns for natural, texture and biomedical image indexing and retrieval",
      "url": "https://scholar.google.com/citations?view_op=view_citation&hl=en&user=5lGnNQoAAAAJ&citation_for_view=5lGnNQoAAAAJ:9ZlFYXVOiuMC",
      "authors": "S Murala, QMJ Wu",
      "venue": "Neurocomputing, Elsevier 149, 1502-1514, 2015",
      "year": 2015,
      "citations": 114
    },
    {
      "title": "Local Mesh Patterns Versus Local Binary Patterns: Biomedical Image Indexing and Retrieval",
      "url": "https://scholar.google.com/citations?view_op=view_citation&hl=en&user=5lGnNQoAAAAJ&citation_for_view=5lGnNQoAAAAJ:4DMP91E08xMC",
      "authors": "S Murala, J Wu",
      "venue": "IEEE  Journal of Biomedical and Health Informatics 18 (3), 929–938, 2014",
      "year": 2014,
      "citations": 270
    },
    {
      "title": "Local ternary co-occurrence patterns: A new feature descriptor for MRI and CT image retrieval",
      "url": "https://scholar.google.com/citations?view_op=view_citation&hl=en&user=5lGnNQoAAAAJ&citation_for_view=5lGnNQoAAAAJ:M3ejUd6NZC8C",
      "authors": "S Murala, QMJ Wu",
      "venue": "Neurocomputing; Elsevier 119, 399-412, 2013",
      "year": 2013,
      "citations": 216
    },
    {
      "title": "Modified color motif co-occurrence matrix for image indexing and retrieval",
      "url": "https://scholar.google.com/citations?view_op=view_citation&hl=en&user=5lGnNQoAAAAJ&citation_for_view=5lGnNQoAAAAJ:ULOm3_A8WrAC",
      "authors": "M Subrahmanyam, QM Jonathan Wu, RP Maheshwari, ...",
      "venue": "Computers & Electrical Engineering; Elsevier 39 (3), 762-774, 2013",
      "year": 2013,
      "citations": 119
    },
    {
      "title": "Local tetra patterns: a new feature descriptor for content-based image retrieval",
      "url": "https://scholar.google.com/citations?view_op=view_citation&hl=en&user=5lGnNQoAAAAJ&citation_for_view=5lGnNQoAAAAJ:Se3iqnhoufwC",
      "authors": "S Murala, RP Maheshwari, R Balasubramanian",
      "venue": "IEEE transactions on image processing 21 (5), 2874-2886, 2012",
      "year": 2012,
      "citations": 817
    },
    {
      "title": "Local maximum edge binary patterns: A new descriptor for image retrieval and object tracking",
      "url": "https://scholar.google.com/citations?view_op=view_citation&hl=en&user=5lGnNQoAAAAJ&citation_for_view=5lGnNQoAAAAJ:WF5omc3nYNoC",
      "authors": "M Subrahmanyam, RP Maheshwari, R Balasubramanian",
      "venue": "Signal Processing; Elsevier, 2012",
      "year": 2012,
      "citations": 246
    },
    {
      "title": "Directional local extrema patterns: a new descriptor for content based image retrieval",
      "url": "https://scholar.google.com/citations?view_op=view_citation&hl=en&user=5lGnNQoAAAAJ&citation_for_view=5lGnNQoAAAAJ:roLk4NBRz8UC",
      "authors": "S Murala, RP Maheshwari, R Balasubramanian",
      "venue": "International Journal of Multimedia Information Retrieval; Springer 1 (3 …, 2012",
      "year": 2012,
      "citations": 200
    },
    {
      "title": "Directional binary wavelet patterns for biomedical image indexing and retrieval",
      "url": "https://scholar.google.com/citations?view_op=view_citation&hl=en&user=5lGnNQoAAAAJ&citation_for_view=5lGnNQoAAAAJ:d1gkVwhDpl0C",
      "authors": "S Murala, RP Maheshwari, R Balasubramanian",
      "venue": "Journal of medical systems; Springer 36 (5), 2865-2879, 2012",
      "year": 2012,
      "citations": 145
    },
    {
      "title": "Color and texture features for image indexing and retrieval",
      "url": "https://scholar.google.com/citations?view_op=view_citation&hl=en&user=5lGnNQoAAAAJ&citation_for_view=5lGnNQoAAAAJ:u5HHmVD_uO8C",
      "authors": "S Murala, AB Gonde, RP Maheshwari",
      "venue": "2009 IEEE International Advance Computing Conference, 1411-1416, 2009",
      "year": 2009,
      "citations": 153
    }
  ],
  "co_authors": [
    {
      "name": "Akshay Dudhane",
      "scholar_id": "BG_XEmkAAAAJ",
      "url": "https://scholar.google.com/citations?user=BG_XEmkAAAAJ"
    },
    {
      "name": "Santosh Kumar Vipparthi",
      "scholar_id": "JWSfd7YAAAAJ",
      "url": "https://scholar.google.com/citations?user=JWSfd7YAAAAJ"
    },
    {
      "name": "Balasubramanian Raman",
      "scholar_id": "QU2O6JMAAAAJ",
      "url": "https://scholar.google.com/citations?user=QU2O6JMAAAAJ"
    },
    {
      "name": "Prashant W Patil",
      "scholar_id": "ab-0SqYAAAAJ",
      "url": "https://scholar.google.com/citations?user=ab-0SqYAAAAJ"
    },
    {
      "name": "Prof. R P Maheshwari",
      "scholar_id": "ZaBya3QAAAAJ",
      "url": "https://scholar.google.com/citations?user=ZaBya3QAAAAJ"
    },
    {
      "name": "Anil Balaji Gonde",
      "scholar_id": "LZy508EAAAAJ",
      "url": "https://scholar.google.com/citations?user=LZy508EAAAAJ"
    },
    {
      "name": "Praful Hambarde",
      "scholar_id": "fHMMcBYAAAAJ",
      "url": "https://scholar.google.com/citations?user=fHMMcBYAAAAJ"
    },
    {
      "name": "Qingming Jonathan Wu",
      "scholar_id": "BJSAsE8AAAAJ",
      "url": "https://scholar.google.com/citations?user=BJSAsE8AAAAJ"
    },
    {
      "name": "Shruti Shantiling Phutke",
      "scholar_id": "HgX8wb8AAAAJ",
      "url": "https://scholar.google.com/citations?user=HgX8wb8AAAAJ"
    },
    {
      "name": "Dr. Sachin Chaudhary",
      "scholar_id": "TfvEO84AAAAJ",
      "url": "https://scholar.google.com/citations?user=TfvEO84AAAAJ"
    },
    {
      "name": "Ashutosh Kulkarni",
      "scholar_id": "W9adP74AAAAJ",
      "url": "https://scholar.google.com/citations?user=W9adP74AAAAJ"
    },
    {
      "name": "Abhinav Dhall",
      "scholar_id": "ypusncAAAAAJ",
      "url": "https://scholar.google.com/citations?user=ypusncAAAAAJ"
    },
    {
      "name": "Nancy Mehta",
      "scholar_id": "WwdYdlUAAAAJ",
      "url": "https://scholar.google.com/citations?user=WwdYdlUAAAAJ"
    },
    {
      "name": "Partha Pratim Roy, Fellow IETE",
      "scholar_id": "moDpyKkAAAAJ",
      "url": "https://scholar.google.com/citations?user=moDpyKkAAAAJ"
    },
    {
      "name": "Ayan Kumar Bhunia",
      "scholar_id": "gjslbzsAAAAJ",
      "url": "https://scholar.google.com/citations?user=gjslbzsAAAAJ"
    },
    {
      "name": "S. K. Nagar",
      "scholar_id": "AJxx41AAAAAJ",
      "url": "https://scholar.google.com/citations?user=AJxx41AAAAAJ"
    },
    {
      "name": "Murari Mandal",
      "scholar_id": "U8AyzLIAAAAJ",
      "url": "https://scholar.google.com/citations?user=U8AyzLIAAAAJ"
    },
    {
      "name": "Manisha Verma",
      "scholar_id": "XA2Qul0AAAAJ",
      "url": "https://scholar.google.com/citations?user=XA2Qul0AAAAJ"
    },
    {
      "name": "Kuldeep Biradar",
      "scholar_id": "vqIvQxeIsUkC",
      "url": "https://scholar.google.com/citations?user=vqIvQxeIsUkC"
    },
    {
      "name": "Sunil Gupta",
      "scholar_id": "bXeL2t8AAAAJ",
      "url": "https://scholar.google.com/citations?user=bXeL2t8AAAAJ"
    }
  ]
}