{
  "author_info": {
    "name": "Fatih Dinc",
    "affiliation": "University of California, Santa Barbara",
    "email_verified": "Verified email at ucsb.edu",
    "interests": [
      "Neuroscience"
    ],
    "photo_url": "https://scholar.googleusercontent.com/citations?view_op=view_photo&user=jFHyg0oAAAAJ&citpid=2"
  },
  "citation_stats": {
    "citations_all": 381,
    "citations_since_2020": 356,
    "h_index_all": 10,
    "h_index_since_2020": 10,
    "i10_index_all": 10,
    "i10_index_since_2020": 10,
    "citation_graph": [
      {
        "year": 2018,
        "citations": 5
      },
      {
        "year": 2019,
        "citations": 20
      },
      {
        "year": 2020,
        "citations": 39
      },
      {
        "year": 2021,
        "citations": 53
      },
      {
        "year": 2022,
        "citations": 38
      },
      {
        "year": 2023,
        "citations": 32
      },
      {
        "year": 2024,
        "citations": 76
      },
      {
        "year": 2025,
        "citations": 118
      }
    ]
  },
  "papers": [
    {
      "title": "Beyond Euclid: an illustrated guide to modern machine learning with geometric, topological, and algebraic structures",
      "url": "https://scholar.google.com/citations?view_op=view_citation&hl=en&user=jFHyg0oAAAAJ&citation_for_view=jFHyg0oAAAAJ:M3NEmzRMIkIC",
      "authors": "M Papillon, S Sanborn, J Mathe, L Cornelis, A Bertics, D Buracas, ...",
      "venue": "Machine Learning: Science and Technology 6 (3), 031002, 2025",
      "year": 2025,
      "citations": 17
    },
    {
      "title": "Latent computing by biological neural networks: A dynamical systems framework",
      "url": "https://scholar.google.com/citations?view_op=view_citation&hl=en&user=jFHyg0oAAAAJ&citation_for_view=jFHyg0oAAAAJ:TFP_iSt0sucC",
      "authors": "F Dinc, M Blanco-Pozo, D Klindt, F Acosta, Y Jiang, S Ebrahimi, A Shai, ...",
      "venue": "arXiv preprint arXiv:2502.14337, 2025",
      "year": 2025,
      "citations": 4
    },
    {
      "title": "Understanding and controlling the geometry of memory organization in RNNs",
      "url": "https://scholar.google.com/citations?view_op=view_citation&hl=en&user=jFHyg0oAAAAJ&citation_for_view=jFHyg0oAAAAJ:bEWYMUwI8FkC",
      "authors": "U Haputhanthri, L Storan, Y Jiang, T Raheja, A Shai, O Akengin, ...",
      "venue": "arXiv preprint arXiv:2502.07256, 2025",
      "year": 2025,
      "citations": 4
    },
    {
      "title": "Dynamical phases of short-term memory mechanisms in RNNs",
      "url": "https://scholar.google.com/citations?view_op=view_citation&hl=en&user=jFHyg0oAAAAJ&citation_for_view=jFHyg0oAAAAJ:isC4tDSrTZIC",
      "authors": "B Kurtkaya, F Dinc, M Yuksekgonul, M Blanco-Pozo, E Cirakman, ...",
      "venue": "Proceedings of the 42 nd International Conference on Machine Learning, 2025",
      "year": 2025,
      "citations": 3
    },
    {
      "title": "A ghost mechanism: An analytical model of abrupt learning",
      "url": "https://scholar.google.com/citations?view_op=view_citation&hl=en&user=jFHyg0oAAAAJ&citation_for_view=jFHyg0oAAAAJ:iH-uZ7U-co4C",
      "authors": "F Dinc, E Cirakman, Y Jiang, M Yuksekgonul, MJ Schnitzer, H Tanaka",
      "venue": "arXiv preprint arXiv:2501.02378, 2025",
      "year": 2025,
      "citations": 3
    },
    {
      "title": "Neural circuit basis of placebo pain relief",
      "url": "https://scholar.google.com/citations?view_op=view_citation&hl=en&user=jFHyg0oAAAAJ&citation_for_view=jFHyg0oAAAAJ:R3hNpaxXUhUC",
      "authors": "C Chen, JK Niehaus, F Dinc, KL Huang, AL Barnette, A Tassou, ...",
      "venue": "Nature 632 (8027), 1092-1100, 2024",
      "year": 2024,
      "citations": 54
    },
    {
      "title": "Fast, scalable, and statistically robust cell extraction from large-scale neural calcium imaging datasets",
      "url": "https://scholar.google.com/citations?view_op=view_citation&hl=en&user=jFHyg0oAAAAJ&citation_for_view=jFHyg0oAAAAJ:4DMP91E08xMC",
      "authors": "F Dinç, H Inan, O Hernandez, C Schmuckermair, O Hazon, T Tasci, ...",
      "venue": "BioRxiv, 2021.03. 24.436279, 2024",
      "year": 2024,
      "citations": 51
    },
    {
      "title": "CORNN: Convex optimization of recurrent neural networks for rapid inference of neural dynamics",
      "url": "https://scholar.google.com/citations?view_op=view_citation&hl=en&user=jFHyg0oAAAAJ&citation_for_view=jFHyg0oAAAAJ:-f6ydRqryjwC",
      "authors": "F Dinc, A Shai, M Schnitzer, H Tanaka",
      "venue": "Thirty-seventh Conference on Neural Information Processing Systems., 2023",
      "year": 2023,
      "citations": 16
    },
    {
      "title": "Detecting the relative phase between different frequency components of a photon using a three-level  atom coupled to a waveguide",
      "url": "https://scholar.google.com/citations?view_op=view_citation&hl=en&user=jFHyg0oAAAAJ&citation_for_view=jFHyg0oAAAAJ:ZeXyd9-uunAC",
      "authors": "J Zhong, Rituraj, F Dinc, S Fan",
      "venue": "Physical Review A 107 (5), L051702, 2023",
      "year": 2023,
      "citations": 7
    },
    {
      "title": "Analytical investigation of long-time diffusion dynamics in a synaptic channel with glial cells",
      "url": "https://scholar.google.com/citations?view_op=view_citation&hl=en&user=jFHyg0oAAAAJ&citation_for_view=jFHyg0oAAAAJ:dhFuZR0502QC",
      "authors": "AE Oncu, HU Ozdemir, HI Orhan, BCC Akdeniz, A Toprakci, MA Aslihak, ...",
      "venue": "IEEE Communications Letters 25 (11), 3444-3448, 2021",
      "year": 2021,
      "citations": 3
    },
    {
      "title": "Diagrammatic approach for analytical non-Markovian time evolution: Fermi's two-atom problem and causality in waveguide quantum electrodynamics",
      "url": "https://scholar.google.com/citations?view_op=view_citation&hl=en&user=jFHyg0oAAAAJ&citation_for_view=jFHyg0oAAAAJ:M3ejUd6NZC8C",
      "authors": "F Dinc",
      "venue": "Physical Review A 102, 013727, 2020",
      "year": 2020,
      "citations": 17
    },
    {
      "title": "Multidimensional super- and subradiance in waveguide quantum electrodynamics",
      "url": "https://scholar.google.com/citations?view_op=view_citation&hl=en&user=jFHyg0oAAAAJ&citation_for_view=jFHyg0oAAAAJ:_kc_bZDykSQC",
      "authors": "F Dinc, LE Hayward, AM Brańczyk",
      "venue": "Physical Review Research 2 (4), 2020",
      "year": 2020,
      "citations": 15
    },
    {
      "title": "Non-Markovian super-superradiance in a linear chain of up to 100 qubits",
      "url": "https://scholar.google.com/citations?view_op=view_citation&hl=en&user=jFHyg0oAAAAJ&citation_for_view=jFHyg0oAAAAJ:3fE2CSJIrl8C",
      "authors": "F Dinc, AM Brańczyk",
      "venue": "Physical Review Research 1 (3), 032042, 2019",
      "year": 2019,
      "citations": 49
    },
    {
      "title": "Exact Markovian and non-Markovian time dynamics in waveguide QED: collective interactions, bound states in continuum, superradiance and subradiance",
      "url": "https://scholar.google.com/citations?view_op=view_citation&hl=en&user=jFHyg0oAAAAJ&citation_for_view=jFHyg0oAAAAJ:MXK_kJrjxJIC",
      "authors": "F Dinc, I Ercan, AM Brańczyk",
      "venue": "Quantum 3, 213, 2019",
      "year": 2019,
      "citations": 48
    },
    {
      "title": "A general analytical approximation to impulse response of 3-D microfluidic channels in molecular communication",
      "url": "https://scholar.google.com/citations?view_op=view_citation&hl=en&user=jFHyg0oAAAAJ&citation_for_view=jFHyg0oAAAAJ:ufrVoPGSRksC",
      "authors": "F Dinc, BC Akdeniz, AE Pusane, T Tugcu",
      "venue": "IEEE transactions on nanobioscience 18 (3), 396-403, 2019",
      "year": 2019,
      "citations": 37
    },
    {
      "title": "The effective geometry Monte Carlo algorithm: Applications to molecular communication",
      "url": "https://scholar.google.com/citations?view_op=view_citation&hl=en&user=jFHyg0oAAAAJ&citation_for_view=jFHyg0oAAAAJ:Se3iqnhoufwC",
      "authors": "F Dinc, L Thiele, BC Akdeniz",
      "venue": "Physics Letters A 383 (22), 2594-2603, 2019",
      "year": 2019,
      "citations": 7
    },
    {
      "title": "Analytical derivation of the impulse response for the bounded 2-D diffusion channel",
      "url": "https://scholar.google.com/citations?view_op=view_citation&hl=en&user=jFHyg0oAAAAJ&citation_for_view=jFHyg0oAAAAJ:IjCSPb-OGe4C",
      "authors": "F Dinc, BC Akdeniz, E Erol, D Gokay, E Tekgul, AE Pusane, T Tugcu",
      "venue": "Physics Letters A 383 (14), 1589-1600, 2019",
      "year": 2019,
      "citations": 5
    },
    {
      "title": "Effective geometry Monte Carlo: A fast and reliable simulation framework for molecular communication",
      "url": "https://scholar.google.com/citations?view_op=view_citation&hl=en&user=jFHyg0oAAAAJ&citation_for_view=jFHyg0oAAAAJ:eQOLeE2rZwMC",
      "authors": "F Dinç, M Medvidović, L Thiele",
      "venue": "IEEE Access 7, 28635-28650, 2019",
      "year": 2019,
      "citations": 4
    },
    {
      "title": "Impulse response of the molecular diffusion channel with a spherical absorbing receiver and a spherical reflective boundary",
      "url": "https://scholar.google.com/citations?view_op=view_citation&hl=en&user=jFHyg0oAAAAJ&citation_for_view=jFHyg0oAAAAJ:_FxGoFyzp5QC",
      "authors": "F Dinç, BC Akdeniz, AE Pusane, T Tugcu",
      "venue": "IEEE Transactions on Molecular, Biological and Multi-Scale Communications 4 …, 2018",
      "year": 2018,
      "citations": 29
    },
    {
      "title": "Quantum mechanical treatment of two-level atoms coupled to continuum with an ultraviolet cutoff",
      "url": "https://scholar.google.com/citations?view_op=view_citation&hl=en&user=jFHyg0oAAAAJ&citation_for_view=jFHyg0oAAAAJ:2osOgNQ5qMEC",
      "authors": "F Dinç, İ Ercan",
      "venue": "Journal of Physics A: Mathematical and Theoretical 51 (35), 355301, 2018",
      "year": 2018,
      "citations": 3
    }
  ],
  "co_authors": [
    {
      "name": "Mark J. Schnitzer",
      "scholar_id": "RrfsCHkAAAAJ",
      "url": "https://scholar.google.com/citations?user=RrfsCHkAAAAJ"
    },
    {
      "name": "Bayram Cevdet Akdeniz",
      "scholar_id": "JA1MhPYAAAAJ",
      "url": "https://scholar.google.com/citations?user=JA1MhPYAAAAJ"
    },
    {
      "name": "Nina Miolane",
      "scholar_id": "YY0eJPQAAAAJ",
      "url": "https://scholar.google.com/citations?user=YY0eJPQAAAAJ"
    },
    {
      "name": "Hidenori Tanaka",
      "scholar_id": "f_pWOGIAAAAJ",
      "url": "https://scholar.google.com/citations?user=f_pWOGIAAAAJ"
    },
    {
      "name": "Agata Branczyk",
      "scholar_id": "TrDQTukAAAAJ",
      "url": "https://scholar.google.com/citations?user=TrDQTukAAAAJ"
    },
    {
      "name": "Ali Emre Pusane",
      "scholar_id": "kb9sJBYAAAAJ",
      "url": "https://scholar.google.com/citations?user=kb9sJBYAAAAJ"
    },
    {
      "name": "Tuna Tugcu",
      "scholar_id": "aN_VUtQAAAAJ",
      "url": "https://scholar.google.com/citations?user=aN_VUtQAAAAJ"
    },
    {
      "name": "Ilke Ercan",
      "scholar_id": "hkvjx2oAAAAJ",
      "url": "https://scholar.google.com/citations?user=hkvjx2oAAAAJ"
    },
    {
      "name": "Adam S. Shai",
      "scholar_id": "IOU3iU4AAAAJ",
      "url": "https://scholar.google.com/citations?user=IOU3iU4AAAAJ"
    },
    {
      "name": "Yiqi Jiang",
      "scholar_id": "qrlQN-AAAAAJ",
      "url": "https://scholar.google.com/citations?user=qrlQN-AAAAAJ"
    },
    {
      "name": "Oscar Hernandez",
      "scholar_id": "9J3u0agAAAAJ",
      "url": "https://scholar.google.com/citations?user=9J3u0agAAAAJ"
    },
    {
      "name": "Chong Chen",
      "scholar_id": "oCdRoBoAAAAJ",
      "url": "https://scholar.google.com/citations?user=oCdRoBoAAAAJ"
    },
    {
      "name": "Adam Hantman",
      "scholar_id": "z8uRqwMAAAAJ",
      "url": "https://scholar.google.com/citations?user=z8uRqwMAAAAJ"
    },
    {
      "name": "Jesse Niehaus",
      "scholar_id": "WvAarQsAAAAJ",
      "url": "https://scholar.google.com/citations?user=WvAarQsAAAAJ"
    },
    {
      "name": "Adrien Tassou",
      "scholar_id": "n2uRFEIAAAAJ",
      "url": "https://scholar.google.com/citations?user=n2uRFEIAAAAJ"
    },
    {
      "name": "Vilas Menon",
      "scholar_id": "wIyISLUAAAAJ",
      "url": "https://scholar.google.com/citations?user=wIyISLUAAAAJ"
    },
    {
      "name": "Hongkui Zeng",
      "scholar_id": "PclBFdMAAAAJ",
      "url": "https://scholar.google.com/citations?user=PclBFdMAAAAJ"
    },
    {
      "name": "Andrew Lemire",
      "scholar_id": "QbUe0MYAAAAJ",
      "url": "https://scholar.google.com/citations?user=QbUe0MYAAAAJ"
    },
    {
      "name": "Claudia Schmuckermair",
      "scholar_id": "8JAe_hMAAAAJ",
      "url": "https://scholar.google.com/citations?user=8JAe_hMAAAAJ"
    },
    {
      "name": "Biafra Ahanonu",
      "scholar_id": "1ddfA3sAAAAJ",
      "url": "https://scholar.google.com/citations?user=1ddfA3sAAAAJ"
    }
  ]
}