{
  "author_info": {
    "name": "Runzhe Wu",
    "affiliation": "Cornell",
    "email_verified": "Verified email at cornell.edu - Homepage",
    "website": "https://ziqian2000.github.io/",
    "interests": [
      "reinforcement learning"
    ],
    "photo_url": "https://scholar.googleusercontent.com/citations?view_op=view_photo&user=eBtFiuAAAAAJ&citpid=4"
  },
  "citation_stats": {
    "citations_all": 264,
    "citations_since_2020": 263,
    "h_index_all": 8,
    "h_index_since_2020": 8,
    "i10_index_all": 8,
    "i10_index_since_2020": 8,
    "citation_graph": [
      {
        "year": 2022,
        "citations": 13
      },
      {
        "year": 2023,
        "citations": 33
      },
      {
        "year": 2024,
        "citations": 113
      },
      {
        "year": 2025,
        "citations": 101
      }
    ]
  },
  "papers": [
    {
      "title": "Imbalanced Gradients in RL Post-Training of Multi-Task LLMs",
      "url": "https://scholar.google.com/citations?view_op=view_citation&hl=en&user=eBtFiuAAAAAJ&citation_for_view=eBtFiuAAAAAJ:ufrVoPGSRksC",
      "authors": "R Wu, A Samanta, A Jain, S Fujimoto, J Kwon, B Kretzu, Y Yu, K Hassani, ...",
      "venue": "arXiv preprint arXiv:2510.19178, 2025",
      "year": 2025,
      "citations": 0
    },
    {
      "title": "Internalizing Self-Consistency in Language Models: Multi-Agent Consensus Alignment",
      "url": "https://scholar.google.com/citations?view_op=view_citation&hl=en&user=eBtFiuAAAAAJ&citation_for_view=eBtFiuAAAAAJ:WF5omc3nYNoC",
      "authors": "A Samanta, A Magesh, Y Yu, R Wu, A Jain, D Jiang, B Vidolov, P Sajda, ...",
      "venue": "arXiv preprint arXiv:2509.15172, 2025",
      "year": 2025,
      "citations": 0
    },
    {
      "title": "Diffusing states and matching scores: A new framework for imitation learning",
      "url": "https://scholar.google.com/citations?view_op=view_citation&hl=en&user=eBtFiuAAAAAJ&citation_for_view=eBtFiuAAAAAJ:YsMSGLbcyi4C",
      "authors": "R Wu, Y Chen, G Swamy, K Brantley, W Sun",
      "venue": "arXiv preprint arXiv:2410.13855, 2024",
      "year": 2024,
      "citations": 10
    },
    {
      "title": "Computationally efficient rl under linear bellman completeness for deterministic dynamics",
      "url": "https://scholar.google.com/citations?view_op=view_citation&hl=en&user=eBtFiuAAAAAJ&citation_for_view=eBtFiuAAAAAJ:W7OEmFMy1HYC",
      "authors": "R Wu, A Sekhari, A Krishnamurthy, W Sun",
      "venue": "arXiv preprint arXiv:2406.11810, 2024",
      "year": 2024,
      "citations": 7
    },
    {
      "title": "Malib: A parallel framework for population-based multi-agent reinforcement learning",
      "url": "https://scholar.google.com/citations?view_op=view_citation&hl=en&user=eBtFiuAAAAAJ&citation_for_view=eBtFiuAAAAAJ:u5HHmVD_uO8C",
      "authors": "M Zhou, Z Wan, H Wang, M Wen, R Wu, Y Wen, Y Yang, Y Yu, J Wang, ...",
      "venue": "Journal of Machine Learning Research 24 (150), 1-12, 2023",
      "year": 2023,
      "citations": 73
    },
    {
      "title": "Making rl with preference-based feedback efficient via randomization",
      "url": "https://scholar.google.com/citations?view_op=view_citation&hl=en&user=eBtFiuAAAAAJ&citation_for_view=eBtFiuAAAAAJ:Tyk-4Ss8FVUC",
      "authors": "R Wu, W Sun",
      "venue": "arXiv preprint arXiv:2310.14554, 2023",
      "year": 2023,
      "citations": 46
    },
    {
      "title": "The benefits of being distributional: Small-loss bounds for reinforcement learning",
      "url": "https://scholar.google.com/citations?view_op=view_citation&hl=en&user=eBtFiuAAAAAJ&citation_for_view=eBtFiuAAAAAJ:9yKSN-GCB0IC",
      "authors": "K Wang, K Zhou, R Wu, N Kallus, W Sun",
      "venue": "Advances in neural information processing systems 36, 2275-2312, 2023",
      "year": 2023,
      "citations": 32
    },
    {
      "title": "Distributional offline policy evaluation with predictive error guarantees",
      "url": "https://scholar.google.com/citations?view_op=view_citation&hl=en&user=eBtFiuAAAAAJ&citation_for_view=eBtFiuAAAAAJ:d1gkVwhDpl0C",
      "authors": "R Wu, M Uehara, W Sun",
      "venue": "International Conference on Machine Learning, 37685-37712, 2023",
      "year": 2023,
      "citations": 29
    },
    {
      "title": "Contextual bandits and imitation learning with preference-based active queries",
      "url": "https://scholar.google.com/citations?view_op=view_citation&hl=en&user=eBtFiuAAAAAJ&citation_for_view=eBtFiuAAAAAJ:zYLM7Y9cAGgC",
      "authors": "A Sekhari, K Sridharan, W Sun, R Wu",
      "venue": "Advances in Neural Information Processing Systems 36, 11261-11295, 2023",
      "year": 2023,
      "citations": 26
    },
    {
      "title": "Selective sampling and imitation learning via online regression",
      "url": "https://scholar.google.com/citations?view_op=view_citation&hl=en&user=eBtFiuAAAAAJ&citation_for_view=eBtFiuAAAAAJ:IjCSPb-OGe4C",
      "authors": "A Sekhari, K Sridharan, W Sun, R Wu",
      "venue": "Advances in Neural Information Processing Systems 36, 67213-67268, 2023",
      "year": 2023,
      "citations": 13
    },
    {
      "title": "Offline constrained multi-objective reinforcement learning via pessimistic dual value iteration",
      "url": "https://scholar.google.com/citations?view_op=view_citation&hl=en&user=eBtFiuAAAAAJ&citation_for_view=eBtFiuAAAAAJ:u-x6o8ySG0sC",
      "authors": "R Wu, Y Zhang, Z Yang, Z Wang",
      "venue": "Advances in Neural Information Processing Systems 34, 25439-25451, 2021",
      "year": 2021,
      "citations": 28
    },
    {
      "title": "COMPUTATIONALLY EFFICIENT RL UNDER LINEAR BELLMAN COMPLETENESS FOR DETERMINISTIC DY",
      "url": "https://scholar.google.com/citations?view_op=view_citation&hl=en&user=eBtFiuAAAAAJ&citation_for_view=eBtFiuAAAAAJ:eQOLeE2rZwMC",
      "authors": "R Wu, A Sekhari, A Krishnamurthy, W Sun",
      "venue": "",
      "citations": 0
    }
  ],
  "co_authors": []
}