{
  "author_info": {
    "name": "liu ziyin",
    "affiliation": "MIT, NTT Research",
    "email_verified": "Verified email at mit.edu - Homepage",
    "website": "https://www.mit.edu/~ziyinl/",
    "interests": [
      "ai",
      "physics",
      "neuroscience"
    ],
    "photo_url": "https://scholar.googleusercontent.com/citations?view_op=view_photo&user=P5fPJ1oAAAAJ&citpid=1"
  },
  "citation_stats": {
    "citations_all": 2162,
    "citations_since_2020": 2137,
    "h_index_all": 18,
    "h_index_since_2020": 18,
    "i10_index_all": 24,
    "i10_index_since_2020": 24,
    "citation_graph": [
      {
        "year": 2019,
        "citations": 20
      },
      {
        "year": 2020,
        "citations": 76
      },
      {
        "year": 2021,
        "citations": 167
      },
      {
        "year": 2022,
        "citations": 307
      },
      {
        "year": 2023,
        "citations": 462
      },
      {
        "year": 2024,
        "citations": 583
      },
      {
        "year": 2025,
        "citations": 537
      }
    ]
  },
  "papers": [
    {
      "title": "Symmetry Induces Structure and Constraint of Learning",
      "url": "https://scholar.google.com/citations?view_op=view_citation&hl=en&user=P5fPJ1oAAAAJ&citation_for_view=P5fPJ1oAAAAJ:IWHjjKOFINEC",
      "authors": "L Ziyin",
      "venue": "Forty-first International Conference on Machine Learning, 2024",
      "year": 2024,
      "citations": 21
    },
    {
      "title": "Parameter Symmetry and Noise Equilibrium of Stochastic Gradient Descent",
      "url": "https://scholar.google.com/citations?view_op=view_citation&hl=en&user=P5fPJ1oAAAAJ&citation_for_view=P5fPJ1oAAAAJ:9yKSN-GCB0IC",
      "authors": "L Ziyin, M Wang, H Li, L Wu",
      "venue": "NeurIPS 2024, 2024",
      "year": 2024,
      "citations": 15
    },
    {
      "title": "On the stepwise nature of self-supervised learning",
      "url": "https://scholar.google.com/citations?view_op=view_citation&hl=en&user=P5fPJ1oAAAAJ&citation_for_view=P5fPJ1oAAAAJ:2osOgNQ5qMEC",
      "authors": "JB Simon, M Knutins, L Ziyin, D Geisz, AJ Fetterman, J Albrecht",
      "venue": "International Conference on Machine Learning, 31852-31876, 2023",
      "year": 2023,
      "citations": 49
    },
    {
      "title": "spred: Solving L1 Penalty with SGD",
      "url": "https://scholar.google.com/citations?view_op=view_citation&hl=en&user=P5fPJ1oAAAAJ&citation_for_view=P5fPJ1oAAAAJ:u5HHmVD_uO8C",
      "authors": "L Ziyin*, Z Wang*",
      "venue": "International Conference on Machine Learning, 43407-43422, 2023",
      "year": 2023,
      "citations": 24
    },
    {
      "title": "Zeroth, first, and second-order phase transitions in deep neural networks",
      "url": "https://scholar.google.com/citations?view_op=view_citation&hl=en&user=P5fPJ1oAAAAJ&citation_for_view=P5fPJ1oAAAAJ:qjMakFHDy7sC",
      "authors": "L Ziyin, M Ueda",
      "venue": "Physical Review Research 5 (4), 043243, 2023",
      "year": 2023,
      "citations": 19
    },
    {
      "title": "Power-law escape rate of SGD",
      "url": "https://scholar.google.com/citations?view_op=view_citation&hl=en&user=P5fPJ1oAAAAJ&citation_for_view=P5fPJ1oAAAAJ:ufrVoPGSRksC",
      "authors": "T Mori, L Ziyin, K Liu, M Ueda",
      "venue": "International Conference on Machine Learning, 15959-15975, 2022",
      "year": 2022,
      "citations": 41
    },
    {
      "title": "What shapes the loss landscape of self-supervised learning?",
      "url": "https://scholar.google.com/citations?view_op=view_citation&hl=en&user=P5fPJ1oAAAAJ&citation_for_view=P5fPJ1oAAAAJ:IjCSPb-OGe4C",
      "authors": "L Ziyin, ES Lubana, M Ueda, H Tanaka",
      "venue": "ICLR 2023, 2022",
      "year": 2022,
      "citations": 33
    },
    {
      "title": "Posterior collapse of a linear latent variable model",
      "url": "https://scholar.google.com/citations?view_op=view_citation&hl=en&user=P5fPJ1oAAAAJ&citation_for_view=P5fPJ1oAAAAJ:Zph67rFs4hoC",
      "authors": "Z Wang*, L Ziyin*",
      "venue": "Advances in Neural Information Processing Systems 35, 37537-37548, 2022",
      "year": 2022,
      "citations": 31
    },
    {
      "title": "Exact solutions of a deep linear network",
      "url": "https://scholar.google.com/citations?view_op=view_citation&hl=en&user=P5fPJ1oAAAAJ&citation_for_view=P5fPJ1oAAAAJ:Wp0gIr-vW9MC",
      "authors": "L Ziyin, B Li, X Meng",
      "venue": "Advances in Neural Information Processing Systems 35, 24446-24458, 2022",
      "year": 2022,
      "citations": 30
    },
    {
      "title": "Strength of minibatch noise in SGD",
      "url": "https://scholar.google.com/citations?view_op=view_citation&hl=en&user=P5fPJ1oAAAAJ&citation_for_view=P5fPJ1oAAAAJ:YOwf2qJgpHMC",
      "authors": "L Ziyin, K Liu, T Mori, M Ueda",
      "venue": "ICLR 2022 Spotlight, 2021",
      "year": 2021,
      "citations": 54
    },
    {
      "title": "Noise and fluctuation of finite learning rate stochastic gradient descent",
      "url": "https://scholar.google.com/citations?view_op=view_citation&hl=en&user=P5fPJ1oAAAAJ&citation_for_view=P5fPJ1oAAAAJ:5nxA0vEk-isC",
      "authors": "K Liu*, L Ziyin*, M Ueda",
      "venue": "International Conference on Machine Learning, 7045-7056, 2021",
      "year": 2021,
      "citations": 46
    },
    {
      "title": "Sgd can converge to local maxima",
      "url": "https://scholar.google.com/citations?view_op=view_citation&hl=en&user=P5fPJ1oAAAAJ&citation_for_view=P5fPJ1oAAAAJ:e5wmG9Sq2KIC",
      "authors": "L Ziyin, B Li, JB Simon, M Ueda",
      "venue": "International Conference on Learning Representations Spotlight, 2021",
      "year": 2021,
      "citations": 40
    },
    {
      "title": "Cross-modal generalization: Learning in low resource modalities via meta-alignment",
      "url": "https://scholar.google.com/citations?view_op=view_citation&hl=en&user=P5fPJ1oAAAAJ&citation_for_view=P5fPJ1oAAAAJ:8k81kl-MbHgC",
      "authors": "PP Liang, P Wu, L Ziyin, LP Morency, R Salakhutdinov",
      "venue": "Proceedings of the 29th ACM International Conference on Multimedia, 2680-2689, 2021",
      "year": 2021,
      "citations": 35
    },
    {
      "title": "Think locally, act globally: Federated learning with local and global representations",
      "url": "https://scholar.google.com/citations?view_op=view_citation&hl=en&user=P5fPJ1oAAAAJ&citation_for_view=P5fPJ1oAAAAJ:Se3iqnhoufwC",
      "authors": "PP Liang, T Liu, L Ziyin, NB Allen, RP Auerbach, D Brent, ...",
      "venue": "NeurIPS 2019 Federated Learning Workshop, 2020",
      "year": 2020,
      "citations": 900
    },
    {
      "title": "Neural networks fail to learn periodic functions and how to fix it",
      "url": "https://scholar.google.com/citations?view_op=view_citation&hl=en&user=P5fPJ1oAAAAJ&citation_for_view=P5fPJ1oAAAAJ:dhFuZR0502QC",
      "authors": "L Ziyin, T Hartwig, M Ueda",
      "venue": "Advances in Neural Information Processing Systems 33, 1583-1594, 2020",
      "year": 2020,
      "citations": 226
    },
    {
      "title": "LaProp: Separating momentum and adaptivity in Adam",
      "url": "https://scholar.google.com/citations?view_op=view_citation&hl=en&user=P5fPJ1oAAAAJ&citation_for_view=P5fPJ1oAAAAJ:u-x6o8ySG0sC",
      "authors": "L Ziyin, ZT Wang, M Ueda",
      "venue": "arXiv preprint arXiv:2002.04839, 2020",
      "year": 2020,
      "citations": 26
    },
    {
      "title": "An investigation of how label smoothing affects generalization",
      "url": "https://scholar.google.com/citations?view_op=view_citation&hl=en&user=P5fPJ1oAAAAJ&citation_for_view=P5fPJ1oAAAAJ:_kc_bZDykSQC",
      "authors": "B Chen, L Ziyin, Z Wang, PP Liang",
      "venue": "arXiv preprint arXiv:2010.12648, 2020",
      "year": 2020,
      "citations": 25
    },
    {
      "title": "Learning not to learn in the presence of noisy labels",
      "url": "https://scholar.google.com/citations?view_op=view_citation&hl=en&user=P5fPJ1oAAAAJ&citation_for_view=P5fPJ1oAAAAJ:eQOLeE2rZwMC",
      "authors": "L Ziyin, B Chen, R Wang, PP Liang, R Salakhutdinov, LP Morency, ...",
      "venue": "arXiv preprint arXiv:2002.06541, 2020",
      "year": 2020,
      "citations": 17
    },
    {
      "title": "Deep gamblers: Learning to abstain with portfolio theory",
      "url": "https://scholar.google.com/citations?view_op=view_citation&hl=en&user=P5fPJ1oAAAAJ&citation_for_view=P5fPJ1oAAAAJ:kNdYIx-mwKoC",
      "authors": "Z Liu, Z Wang, PP Liang, RR Salakhutdinov, LP Morency, M Ueda",
      "venue": "Advances in Neural Information Processing Systems 32, 2019",
      "year": 2019,
      "citations": 148
    },
    {
      "title": "Multimodal language analysis with recurrent multistage fusion",
      "url": "https://scholar.google.com/citations?view_op=view_citation&hl=en&user=P5fPJ1oAAAAJ&citation_for_view=P5fPJ1oAAAAJ:ULOm3_A8WrAC",
      "authors": "PP Liang, Z Liu, A Zadeh, LP Morency",
      "venue": "EMNLP 2018 Oral, 2018",
      "year": 2018,
      "citations": 276
    }
  ],
  "co_authors": [
    {
      "name": "Masahito Ueda",
      "scholar_id": "Xpjx9CwAAAAJ",
      "url": "https://scholar.google.com/citations?user=Xpjx9CwAAAAJ"
    },
    {
      "name": "Paul Liang",
      "scholar_id": "pKf5LtQAAAAJ",
      "url": "https://scholar.google.com/citations?user=pKf5LtQAAAAJ"
    },
    {
      "name": "Louis-Philippe Morency",
      "scholar_id": "APgaFK0AAAAJ",
      "url": "https://scholar.google.com/citations?user=APgaFK0AAAAJ"
    },
    {
      "name": "Ruslan Salakhutdinov",
      "scholar_id": "ITZ1e7MAAAAJ",
      "url": "https://scholar.google.com/citations?user=ITZ1e7MAAAAJ"
    },
    {
      "name": "Kangqiao Liu",
      "scholar_id": "utIJkHcAAAAJ",
      "url": "https://scholar.google.com/citations?user=utIJkHcAAAAJ"
    },
    {
      "name": "I. Chuang",
      "scholar_id": "QKyb_9oAAAAJ",
      "url": "https://scholar.google.com/citations?user=QKyb_9oAAAAJ"
    },
    {
      "name": "Takashi Mori",
      "scholar_id": "b7vRm8sAAAAJ",
      "url": "https://scholar.google.com/citations?user=b7vRm8sAAAAJ"
    },
    {
      "name": "TOMASO POGGIO",
      "scholar_id": "WgAGy7wAAAAJ",
      "url": "https://scholar.google.com/citations?user=WgAGy7wAAAAJ"
    },
    {
      "name": "Hidenori Tanaka",
      "scholar_id": "f_pWOGIAAAAJ",
      "url": "https://scholar.google.com/citations?user=f_pWOGIAAAAJ"
    },
    {
      "name": "Tomer Galanti",
      "scholar_id": "ut_ISVIAAAAJ",
      "url": "https://scholar.google.com/citations?user=ut_ISVIAAAAJ"
    },
    {
      "name": "Xiangming Meng",
      "scholar_id": "oV70ZoQAAAAJ",
      "url": "https://scholar.google.com/citations?user=oV70ZoQAAAAJ"
    },
    {
      "name": "Lei Wu (吴磊)",
      "scholar_id": "CMweeYcAAAAJ",
      "url": "https://scholar.google.com/citations?user=CMweeYcAAAAJ"
    },
    {
      "name": "Mark T. Harnett",
      "scholar_id": "bzoKP5wAAAAJ",
      "url": "https://scholar.google.com/citations?user=bzoKP5wAAAAJ"
    },
    {
      "name": "Makoto Yamada",
      "scholar_id": "1cKNu1gAAAAJ",
      "url": "https://scholar.google.com/citations?user=1cKNu1gAAAAJ"
    },
    {
      "name": "Di Luo",
      "scholar_id": "OxZytTQAAAAJ",
      "url": "https://scholar.google.com/citations?user=OxZytTQAAAAJ"
    }
  ]
}