{
  "author_info": {
    "name": "Chunrong Fang",
    "affiliation": "Software Institute, Nanjing University",
    "email_verified": "Verified email at nju.edu.cn - Homepage",
    "website": "https://chunrong.github.io/",
    "interests": [
      "Software Testing",
      "Software Engineering",
      "Computer Science"
    ],
    "photo_url": "https://scholar.googleusercontent.com/citations?view_op=view_photo&user=S3Rd5TgAAAAJ&citpid=1"
  },
  "citation_stats": {
    "citations_all": 4060,
    "citations_since_2020": 3779,
    "h_index_all": 33,
    "h_index_since_2020": 32,
    "i10_index_all": 72,
    "i10_index_since_2020": 66,
    "citation_graph": [
      {
        "year": 2014,
        "citations": 16
      },
      {
        "year": 2015,
        "citations": 19
      },
      {
        "year": 2016,
        "citations": 32
      },
      {
        "year": 2017,
        "citations": 50
      },
      {
        "year": 2018,
        "citations": 57
      },
      {
        "year": 2019,
        "citations": 85
      },
      {
        "year": 2020,
        "citations": 78
      },
      {
        "year": 2021,
        "citations": 171
      },
      {
        "year": 2022,
        "citations": 283
      },
      {
        "year": 2023,
        "citations": 490
      },
      {
        "year": 2024,
        "citations": 1096
      },
      {
        "year": 2025,
        "citations": 1638
      }
    ]
  },
  "papers": [
    {
      "title": "Token-budget-aware llm reasoning",
      "url": "https://scholar.google.com/citations?view_op=view_citation&hl=en&user=S3Rd5TgAAAAJ&citation_for_view=S3Rd5TgAAAAJ:ZzlSgRqYykMC",
      "authors": "T Han, Z Wang, C Fang, S Zhao, S Ma, Z Chen",
      "venue": "Findings of the Association for Computational Linguistics: ACL 2025, 24842-24855, 2025",
      "year": 2025,
      "citations": 176
    },
    {
      "title": "Source code summarization in the era of large language models",
      "url": "https://scholar.google.com/citations?view_op=view_citation&hl=en&user=S3Rd5TgAAAAJ&citation_for_view=S3Rd5TgAAAAJ:0izLItjtcgwC",
      "authors": "W Sun, Y Miao, Y Li, H Zhang, C Fang, Y Liu, G Deng, Y Liu, Z Chen",
      "venue": "arXiv preprint arXiv:2407.07959, 2024",
      "year": 2024,
      "citations": 96
    },
    {
      "title": "A systematic literature review on large language models for automated program repair",
      "url": "https://scholar.google.com/citations?view_op=view_citation&hl=en&user=S3Rd5TgAAAAJ&citation_for_view=S3Rd5TgAAAAJ:bz8QjSJIRt4C",
      "authors": "Q Zhang, C Fang, Y Xie, YX Ma, W Sun, Y Yang, Z Chen",
      "venue": "arXiv preprint arXiv:2405.01466, 2024",
      "year": 2024,
      "citations": 93
    },
    {
      "title": "A survey of learning-based automated program repair",
      "url": "https://scholar.google.com/citations?view_op=view_citation&hl=en&user=S3Rd5TgAAAAJ&citation_for_view=S3Rd5TgAAAAJ:z_wVstp3MssC",
      "authors": "Q Zhang, C Fang, Y Ma, W Sun, Z Chen",
      "venue": "ACM Transactions on Software Engineering and Methodology 33 (2), 1-69, 2023",
      "year": 2023,
      "citations": 196
    },
    {
      "title": "Automatic code summarization via chatgpt: How far are we?",
      "url": "https://scholar.google.com/citations?view_op=view_citation&hl=en&user=S3Rd5TgAAAAJ&citation_for_view=S3Rd5TgAAAAJ:6ZxmRoH8BuwC",
      "authors": "W Sun, C Fang, Y You, Y Miao, Y Liu, Y Li, G Deng, S Huang, Y Chen, ...",
      "venue": "arXiv preprint arXiv:2305.12865, 2023",
      "year": 2023,
      "citations": 151
    },
    {
      "title": "A survey on large language models for software engineering",
      "url": "https://scholar.google.com/citations?view_op=view_citation&hl=en&user=S3Rd5TgAAAAJ&citation_for_view=S3Rd5TgAAAAJ:Ug5p-4gJ2f0C",
      "authors": "Q Zhang, C Fang, Y Xie, Y Zhang, Y Yang, W Sun, S Yu, Z Chen",
      "venue": "arXiv preprint arXiv:2312.15223, 2023",
      "year": 2023,
      "citations": 117
    },
    {
      "title": "A critical review of large language model on software engineering: An example from chatgpt and automated program repair",
      "url": "https://scholar.google.com/citations?view_op=view_citation&hl=en&user=S3Rd5TgAAAAJ&citation_for_view=S3Rd5TgAAAAJ:-FonjvnnhkoC",
      "authors": "Q Zhang, T Zhang, J Zhai, C Fang, B Yu, W Sun, Z Chen",
      "venue": "arXiv preprint arXiv:2310.08879, 2023",
      "year": 2023,
      "citations": 109
    },
    {
      "title": "Llm for test script generation and migration: Challenges, capabilities, and opportunities",
      "url": "https://scholar.google.com/citations?view_op=view_citation&hl=en&user=S3Rd5TgAAAAJ&citation_for_view=S3Rd5TgAAAAJ:WZBGuue-350C",
      "authors": "S Yu, C Fang, Y Ling, C Wu, Z Chen",
      "venue": "2023 IEEE 23rd International Conference on Software Quality, Reliability …, 2023",
      "year": 2023,
      "citations": 95
    },
    {
      "title": "Gamma: Revisiting template-based automated program repair via mask prediction",
      "url": "https://scholar.google.com/citations?view_op=view_citation&hl=en&user=S3Rd5TgAAAAJ&citation_for_view=S3Rd5TgAAAAJ:ML0RJ9NH7IQC",
      "authors": "Q Zhang, C Fang, T Zhang, B Yu, W Sun, Z Chen",
      "venue": "2023 38th IEEE/ACM International Conference on Automated Software …, 2023",
      "year": 2023,
      "citations": 89
    },
    {
      "title": "Pre-trained model-based automated software vulnerability repair: How far are we?",
      "url": "https://scholar.google.com/citations?view_op=view_citation&hl=en&user=S3Rd5TgAAAAJ&citation_for_view=S3Rd5TgAAAAJ:URolC5Kub84C",
      "authors": "Q Zhang, C Fang, B Yu, W Sun, T Zhang, Z Chen",
      "venue": "IEEE Transactions on Dependable and Secure Computing 21 (4), 2507-2525, 2023",
      "year": 2023,
      "citations": 72
    },
    {
      "title": "CIRCLE: Continual repair across programming languages",
      "url": "https://scholar.google.com/citations?view_op=view_citation&hl=en&user=S3Rd5TgAAAAJ&citation_for_view=S3Rd5TgAAAAJ:hkOj_22Ku90C",
      "authors": "W Yuan, Q Zhang, T He, C Fang, NQV Hung, X Hao, H Yin",
      "venue": "Proceedings of the 31st ACM SIGSOFT international symposium on software …, 2022",
      "year": 2022,
      "citations": 89
    },
    {
      "title": "Code search based on context-aware code translation",
      "url": "https://scholar.google.com/citations?view_op=view_citation&hl=en&user=S3Rd5TgAAAAJ&citation_for_view=S3Rd5TgAAAAJ:oNZyr7d5Mn4C",
      "authors": "W Sun, C Fang, Y Chen, G Tao, T Han, Q Zhang",
      "venue": "Proceedings of the 44th International Conference on Software Engineering …, 2022",
      "year": 2022,
      "citations": 75
    },
    {
      "title": "Predoo: precision testing of deep learning operators",
      "url": "https://scholar.google.com/citations?view_op=view_citation&hl=en&user=S3Rd5TgAAAAJ&citation_for_view=S3Rd5TgAAAAJ:PELIpwtuRlgC",
      "authors": "X Zhang, N Sun, C Fang, J Liu, J Liu, D Chai, J Wang, Z Chen",
      "venue": "Proceedings of the 30th ACM SIGSOFT International Symposium on Software …, 2021",
      "year": 2021,
      "citations": 60
    },
    {
      "title": "Deepgini: prioritizing massive tests to enhance the robustness of deep neural networks",
      "url": "https://scholar.google.com/citations?view_op=view_citation&hl=en&user=S3Rd5TgAAAAJ&citation_for_view=S3Rd5TgAAAAJ:4MWp96NkSFoC",
      "authors": "Y Feng, Q Shi, X Gao, J Wan, C Fang, Z Chen",
      "venue": "Proceedings of the 29th ACM SIGSOFT international symposium on software …, 2020",
      "year": 2020,
      "citations": 278
    },
    {
      "title": "A systematic literature review of android malware detection using static analysis",
      "url": "https://scholar.google.com/citations?view_op=view_citation&hl=en&user=S3Rd5TgAAAAJ&citation_for_view=S3Rd5TgAAAAJ:mvPsJ3kp5DgC",
      "authors": "Y Pan, X Ge, C Fang, Y Fan",
      "venue": "Ieee Access 8, 116363-116379, 2020",
      "year": 2020,
      "citations": 234
    },
    {
      "title": "Functional code clone detection with syntax and semantics fusion learning",
      "url": "https://scholar.google.com/citations?view_op=view_citation&hl=en&user=S3Rd5TgAAAAJ&citation_for_view=S3Rd5TgAAAAJ:D_sINldO8mEC",
      "authors": "C Fang, Z Liu, Y Shi, J Huang, Q Shi",
      "venue": "Proceedings of the 29th ACM SIGSOFT international symposium on software …, 2020",
      "year": 2020,
      "citations": 183
    },
    {
      "title": "C2S: translating natural language comments to formal program specifications",
      "url": "https://scholar.google.com/citations?view_op=view_citation&hl=en&user=S3Rd5TgAAAAJ&citation_for_view=S3Rd5TgAAAAJ:t6usbXjVLHcC",
      "authors": "J Zhai, Y Shi, M Pan, G Zhou, Y Liu, C Fang, S Ma, L Tan, X Zhang",
      "venue": "Proceedings of the 28th ACM joint meeting on European software engineering …, 2020",
      "year": 2020,
      "citations": 75
    },
    {
      "title": "Multi-objective test report prioritization using image understanding",
      "url": "https://scholar.google.com/citations?view_op=view_citation&hl=en&user=S3Rd5TgAAAAJ&citation_for_view=S3Rd5TgAAAAJ:p2g8aNsByqUC",
      "authors": "Y Feng, JA Jones, Z Chen, C Fang",
      "venue": "Proceedings of the 31st IEEE/ACM International Conference on Automated …, 2016",
      "year": 2016,
      "citations": 88
    },
    {
      "title": "Test report prioritization to assist crowdsourced testing",
      "url": "https://scholar.google.com/citations?view_op=view_citation&hl=en&user=S3Rd5TgAAAAJ&citation_for_view=S3Rd5TgAAAAJ:1sJd4Hv_s6UC",
      "authors": "Y Feng, Z Chen, JA Jones, C Fang, B Xu",
      "venue": "Proceedings of the 2015 10th Joint Meeting on Foundations of Software …, 2015",
      "year": 2015,
      "citations": 93
    },
    {
      "title": "Similarity-based test case prioritization using ordered sequences of program entities",
      "url": "https://scholar.google.com/citations?view_op=view_citation&hl=en&user=S3Rd5TgAAAAJ&citation_for_view=S3Rd5TgAAAAJ:evX43VCCuoAC",
      "authors": "C Fang, Z Chen, K Wu, Z Zhao",
      "venue": "Software Quality Journal 22 (2), 335-361, 2014",
      "year": 2014,
      "citations": 115
    }
  ],
  "co_authors": [
    {
      "name": "Zhenyu Chen",
      "scholar_id": "HQWxCnkAAAAJ",
      "url": "https://scholar.google.com/citations?user=HQWxCnkAAAAJ"
    },
    {
      "name": "Quanjun Zhang",
      "scholar_id": "zRzZ8HwAAAAJ",
      "url": "https://scholar.google.com/citations?user=zRzZ8HwAAAAJ"
    },
    {
      "name": "Weisong Sun",
      "scholar_id": "QdSNYN4AAAAJ",
      "url": "https://scholar.google.com/citations?user=QdSNYN4AAAAJ"
    },
    {
      "name": "Shengcheng Yu",
      "scholar_id": "lIR75y4AAAAJ",
      "url": "https://scholar.google.com/citations?user=lIR75y4AAAAJ"
    },
    {
      "name": "Yuchen Chen",
      "scholar_id": "moCNL74AAAAJ",
      "url": "https://scholar.google.com/citations?user=moCNL74AAAAJ"
    },
    {
      "name": "Xiuting Ge",
      "scholar_id": "KGC6zC8AAAAJ",
      "url": "https://scholar.google.com/citations?user=KGC6zC8AAAAJ"
    },
    {
      "name": "Tingxu Han",
      "scholar_id": "4dmJoDQAAAAJ",
      "url": "https://scholar.google.com/citations?user=4dmJoDQAAAAJ"
    },
    {
      "name": "Juan Zhai",
      "scholar_id": "sq0OCfwAAAAJ",
      "url": "https://scholar.google.com/citations?user=sq0OCfwAAAAJ"
    },
    {
      "name": "Baowen Xu",
      "scholar_id": "6RtuO70AAAAJ",
      "url": "https://scholar.google.com/citations?user=6RtuO70AAAAJ"
    },
    {
      "name": "Qingkai Shi",
      "scholar_id": "EmSYY1EAAAAJ",
      "url": "https://scholar.google.com/citations?user=EmSYY1EAAAAJ"
    },
    {
      "name": "An Guo",
      "scholar_id": "RdmqAgEAAAAJ",
      "url": "https://scholar.google.com/citations?user=RdmqAgEAAAAJ"
    },
    {
      "name": "Guanhong Tao",
      "scholar_id": "ff7RmjEAAAAJ",
      "url": "https://scholar.google.com/citations?user=ff7RmjEAAAAJ"
    },
    {
      "name": "Yun Yang",
      "scholar_id": "YTDQzfsAAAAJ",
      "url": "https://scholar.google.com/citations?user=YTDQzfsAAAAJ"
    },
    {
      "name": "Tieke He",
      "scholar_id": "1HMCHIAAAAAJ",
      "url": "https://scholar.google.com/citations?user=1HMCHIAAAAAJ"
    },
    {
      "name": "James A. Jones",
      "scholar_id": "3lB8Y8kAAAAJ",
      "url": "https://scholar.google.com/citations?user=3lB8Y8kAAAAJ"
    },
    {
      "name": "Xiangyu Zhang",
      "scholar_id": "PXbu1wIAAAAJ",
      "url": "https://scholar.google.com/citations?user=PXbu1wIAAAAJ"
    },
    {
      "name": "Lei Ma",
      "scholar_id": "xsfGc58AAAAJ",
      "url": "https://scholar.google.com/citations?user=xsfGc58AAAAJ"
    },
    {
      "name": "Ruixiang Qian",
      "scholar_id": "0hNDVYEAAAAJ",
      "url": "https://scholar.google.com/citations?user=0hNDVYEAAAAJ"
    },
    {
      "name": "Zhendong Su",
      "scholar_id": "RivxoIcAAAAJ",
      "url": "https://scholar.google.com/citations?user=RivxoIcAAAAJ"
    },
    {
      "name": "Yanzhou Mu",
      "scholar_id": "TpNcaesAAAAJ",
      "url": "https://scholar.google.com/citations?user=TpNcaesAAAAJ"
    }
  ]
}