{
  "author_info": {
    "name": "Wen Wang",
    "affiliation": "Zhejiang University",
    "email_verified": "Verified email at zju.edu.cn - Homepage",
    "website": "https://encounter1997.github.io/",
    "interests": [
      "Computer Vision"
    ],
    "photo_url": "https://scholar.googleusercontent.com/citations?view_op=view_photo&user=1ks0R04AAAAJ&citpid=15"
  },
  "citation_stats": {
    "citations_all": 3049,
    "citations_since_2020": 3047,
    "h_index_all": 18,
    "h_index_since_2020": 18,
    "i10_index_all": 22,
    "i10_index_since_2020": 22,
    "citation_graph": [
      {
        "year": 2021,
        "citations": 9
      },
      {
        "year": 2022,
        "citations": 95
      },
      {
        "year": 2023,
        "citations": 475
      },
      {
        "year": 2024,
        "citations": 1123
      },
      {
        "year": 2025,
        "citations": 1330
      }
    ]
  },
  "papers": [
    {
      "title": "Autostory: Generating diverse storytelling images with minimal human efforts",
      "url": "https://scholar.google.com/citations?view_op=view_citation&hl=en&user=1ks0R04AAAAJ&citation_for_view=1ks0R04AAAAJ:hqOjcs7Dif8C",
      "authors": "W Wang, C Zhao, H Chen, Z Chen, K Zheng, C Shen",
      "venue": "International Journal of Computer Vision 133 (6), 3083-3104, 2025",
      "year": 2025,
      "citations": 35
    },
    {
      "title": "Anidoc: Animation creation made easier",
      "url": "https://scholar.google.com/citations?view_op=view_citation&hl=en&user=1ks0R04AAAAJ&citation_for_view=1ks0R04AAAAJ:_kc_bZDykSQC",
      "authors": "Y Meng, H Ouyang, H Wang, Q Wang, W Wang, KL Cheng, Z Liu, Y Shen, ...",
      "venue": "Proceedings of the Computer Vision and Pattern Recognition Conference, 18187 …, 2025",
      "year": 2025,
      "citations": 24
    },
    {
      "title": "GUI-G: Gaussian Reward Modeling for GUI Grounding",
      "url": "https://scholar.google.com/citations?view_op=view_citation&hl=en&user=1ks0R04AAAAJ&citation_for_view=1ks0R04AAAAJ:9ZlFYXVOiuMC",
      "authors": "F Tang, Z Gu, Z Lu, X Liu, S Shen, C Meng, W Wang, W Zhang, Y Shen, ...",
      "venue": "arXiv preprint arXiv:2507.15846, 2025",
      "year": 2025,
      "citations": 19
    },
    {
      "title": "Levitor: 3d trajectory oriented image-to-video synthesis",
      "url": "https://scholar.google.com/citations?view_op=view_citation&hl=en&user=1ks0R04AAAAJ&citation_for_view=1ks0R04AAAAJ:4TOpqqG69KYC",
      "authors": "H Wang, H Ouyang, Q Wang, W Wang, KL Cheng, Q Chen, Y Shen, ...",
      "venue": "Proceedings of the Computer Vision and Pattern Recognition Conference, 12490 …, 2025",
      "year": 2025,
      "citations": 16
    },
    {
      "title": "Magicquill: An intelligent interactive image editing system",
      "url": "https://scholar.google.com/citations?view_op=view_citation&hl=en&user=1ks0R04AAAAJ&citation_for_view=1ks0R04AAAAJ:YOwf2qJgpHMC",
      "authors": "Z Liu, Y Yu, H Ouyang, Q Wang, KL Cheng, W Wang, Z Liu, Q Chen, ...",
      "venue": "Proceedings of the Computer Vision and Pattern Recognition Conference, 13072 …, 2025",
      "year": 2025,
      "citations": 16
    },
    {
      "title": "Moviedreamer: Hierarchical generation for coherent long visual sequence",
      "url": "https://scholar.google.com/citations?view_op=view_citation&hl=en&user=1ks0R04AAAAJ&citation_for_view=1ks0R04AAAAJ:Zph67rFs4hoC",
      "authors": "C Zhao, M Liu, W Wang, W Chen, F Wang, H Chen, B Zhang, C Shen",
      "venue": "arXiv preprint arXiv:2407.16655, 2024",
      "year": 2024,
      "citations": 54
    },
    {
      "title": "Lora-composer: Leveraging low-rank adaptation for multi-concept customization in training-free diffusion models",
      "url": "https://scholar.google.com/citations?view_op=view_citation&hl=en&user=1ks0R04AAAAJ&citation_for_view=1ks0R04AAAAJ:MXK_kJrjxJIC",
      "authors": "Y Yang, W Wang, L Peng, C Song, Y Chen, H Li, X Yang, Q Lu, D Cai, ...",
      "venue": "arXiv preprint arXiv:2403.11627, 2024",
      "year": 2024,
      "citations": 54
    },
    {
      "title": "Freecustom: Tuning-free customized image generation for multi-concept composition",
      "url": "https://scholar.google.com/citations?view_op=view_citation&hl=en&user=1ks0R04AAAAJ&citation_for_view=1ks0R04AAAAJ:3fE2CSJIrl8C",
      "authors": "G Ding, C Zhao, W Wang, Z Yang, Z Liu, H Chen, C Shen",
      "venue": "Proceedings of the IEEE/CVF Conference on Computer Vision and Pattern …, 2024",
      "year": 2024,
      "citations": 52
    },
    {
      "title": "Framer: Interactive frame interpolation",
      "url": "https://scholar.google.com/citations?view_op=view_citation&hl=en&user=1ks0R04AAAAJ&citation_for_view=1ks0R04AAAAJ:ZeXyd9-uunAC",
      "authors": "W Wang, Q Wang, K Zheng, H Ouyang, Z Chen, B Gong, H Chen, Y Shen, ...",
      "venue": "arXiv preprint arXiv:2410.18978, 2024",
      "year": 2024,
      "citations": 20
    },
    {
      "title": "Eva: Exploring the limits of masked visual representation learning at scale",
      "url": "https://scholar.google.com/citations?view_op=view_citation&hl=en&user=1ks0R04AAAAJ&citation_for_view=1ks0R04AAAAJ:WF5omc3nYNoC",
      "authors": "Y Fang, W Wang, B Xie, Q Sun, L Wu, X Wang, T Huang, X Wang, Y Cao",
      "venue": "Proceedings of the IEEE/CVF conference on computer vision and pattern …, 2023",
      "year": 2023,
      "citations": 1054
    },
    {
      "title": "Seggpt: Segmenting everything in context",
      "url": "https://scholar.google.com/citations?view_op=view_citation&hl=en&user=1ks0R04AAAAJ&citation_for_view=1ks0R04AAAAJ:LkGwnXOMwfcC",
      "authors": "X Wang, X Zhang, Y Cao, W Wang, C Shen, T Huang",
      "venue": "arXiv preprint arXiv:2304.03284, 2023",
      "year": 2023,
      "citations": 522
    },
    {
      "title": "Images speak in images: A generalist painter for in-context visual learning",
      "url": "https://scholar.google.com/citations?view_op=view_citation&hl=en&user=1ks0R04AAAAJ&citation_for_view=1ks0R04AAAAJ:eQOLeE2rZwMC",
      "authors": "X Wang, W Wang, Y Cao, C Shen, T Huang",
      "venue": "Proceedings of the IEEE/CVF Conference on Computer Vision and Pattern …, 2023",
      "year": 2023,
      "citations": 368
    },
    {
      "title": "Zero-shot video editing using off-the-shelf image diffusion models",
      "url": "https://scholar.google.com/citations?view_op=view_citation&hl=en&user=1ks0R04AAAAJ&citation_for_view=1ks0R04AAAAJ:ufrVoPGSRksC",
      "authors": "W Wang, Y Jiang, K Xie, Z Liu, H Chen, Y Cao, X Wang, C Shen",
      "venue": "arXiv preprint arXiv:2303.17599, 2023",
      "year": 2023,
      "citations": 143
    },
    {
      "title": "Clamp: Prompt-based contrastive learning for connecting language and animal pose",
      "url": "https://scholar.google.com/citations?view_op=view_citation&hl=en&user=1ks0R04AAAAJ&citation_for_view=1ks0R04AAAAJ:UebtZRa9Y70C",
      "authors": "X Zhang, W Wang, Z Chen, Y Xu, J Zhang, D Tao",
      "venue": "Proceedings of the IEEE/CVF conference on computer vision and pattern …, 2023",
      "year": 2023,
      "citations": 44
    },
    {
      "title": "Object-aware inversion and reassembly for image editing",
      "url": "https://scholar.google.com/citations?view_op=view_citation&hl=en&user=1ks0R04AAAAJ&citation_for_view=1ks0R04AAAAJ:Se3iqnhoufwC",
      "authors": "Z Yang, G Ding, W Wang, H Chen, B Zhuang, C Shen",
      "venue": "International Conference on Learning Representations, 2024, 2023",
      "year": 2023,
      "citations": 29
    },
    {
      "title": "Towards data-efficient detection transformers",
      "url": "https://scholar.google.com/citations?view_op=view_citation&hl=en&user=1ks0R04AAAAJ&citation_for_view=1ks0R04AAAAJ:dhFuZR0502QC",
      "authors": "W Wang, J Zhang, Y Cao, Y Shen, D Tao",
      "venue": "European conference on computer vision, 88-105, 2022",
      "year": 2022,
      "citations": 99
    },
    {
      "title": "Fp-detr: Detection transformer advanced by fully pre-training",
      "url": "https://scholar.google.com/citations?view_op=view_citation&hl=en&user=1ks0R04AAAAJ&citation_for_view=1ks0R04AAAAJ:zYLM7Y9cAGgC",
      "authors": "W Wang, Y Cao, J Zhang, D Tao",
      "venue": "International Conference on Learning Representations, 2022, 2022",
      "year": 2022,
      "citations": 47
    },
    {
      "title": "Robust object detection via adversarial novel style exploration",
      "url": "https://scholar.google.com/citations?view_op=view_citation&hl=en&user=1ks0R04AAAAJ&citation_for_view=1ks0R04AAAAJ:IjCSPb-OGe4C",
      "authors": "W Wang, J Zhang, W Zhai, Y Cao, D Tao",
      "venue": "IEEE Transactions on Image Processing 31, 1949-1962, 2022",
      "year": 2022,
      "citations": 35
    },
    {
      "title": "Locate and label: A two-stage identifier for nested named entity recognition",
      "url": "https://scholar.google.com/citations?view_op=view_citation&hl=en&user=1ks0R04AAAAJ&citation_for_view=1ks0R04AAAAJ:qjMakFHDy7sC",
      "authors": "Y Shen, X Ma, Z Tan, S Zhang, W Wang, W Lu",
      "venue": "ACL 2021 (Proceedings of the 59th Annual Meeting of the Association for …, 2021",
      "year": 2021,
      "citations": 241
    },
    {
      "title": "Exploring sequence feature alignment for domain adaptive detection transformers",
      "url": "https://scholar.google.com/citations?view_op=view_citation&hl=en&user=1ks0R04AAAAJ&citation_for_view=1ks0R04AAAAJ:2osOgNQ5qMEC",
      "authors": "W Wang, Y Cao, J Zhang, F He, ZJ Zha, Y Wen, D Tao",
      "venue": "Proceedings of the 29th ACM International Conference on Multimedia, 1730-1738, 2021",
      "year": 2021,
      "citations": 132
    }
  ],
  "co_authors": [
    {
      "name": "Chunhua Shen",
      "scholar_id": "Ljk2BvIAAAAJ",
      "url": "https://scholar.google.com/citations?user=Ljk2BvIAAAAJ"
    },
    {
      "name": "Xinlong Wang",
      "scholar_id": "DPz0DjYAAAAJ",
      "url": "https://scholar.google.com/citations?user=DPz0DjYAAAAJ"
    },
    {
      "name": "Yue Cao",
      "scholar_id": "iRUO1ckAAAAJ",
      "url": "https://scholar.google.com/citations?user=iRUO1ckAAAAJ"
    },
    {
      "name": "Dacheng Tao",
      "scholar_id": "RwlJNLcAAAAJ",
      "url": "https://scholar.google.com/citations?user=RwlJNLcAAAAJ"
    },
    {
      "name": "Yang Cao",
      "scholar_id": "K7rTHNcAAAAJ",
      "url": "https://scholar.google.com/citations?user=K7rTHNcAAAAJ"
    },
    {
      "name": "Hao Chen",
      "scholar_id": "FaOqRpcAAAAJ",
      "url": "https://scholar.google.com/citations?user=FaOqRpcAAAAJ"
    },
    {
      "name": "Jing Zhang (张敬)",
      "scholar_id": "9jH5v74AAAAJ",
      "url": "https://scholar.google.com/citations?user=9jH5v74AAAAJ"
    },
    {
      "name": "Qiuyu Wang",
      "scholar_id": "VRsy9v8AAAAJ",
      "url": "https://scholar.google.com/citations?user=VRsy9v8AAAAJ"
    },
    {
      "name": "Yongliang Shen (沈永亮)",
      "scholar_id": "UT3NzFAAAAAJ",
      "url": "https://scholar.google.com/citations?user=UT3NzFAAAAAJ"
    },
    {
      "name": "Hao OUYANG",
      "scholar_id": "HupEGRYAAAAJ",
      "url": "https://scholar.google.com/citations?user=HupEGRYAAAAJ"
    },
    {
      "name": "Yujun Shen",
      "scholar_id": "u76xfogAAAAJ",
      "url": "https://scholar.google.com/citations?user=u76xfogAAAAJ"
    },
    {
      "name": "Yuxin Fang (方羽新)",
      "scholar_id": "_Lk0-fQAAAAJ",
      "url": "https://scholar.google.com/citations?user=_Lk0-fQAAAAJ"
    },
    {
      "name": "Xinggang Wang",
      "scholar_id": "qNCTLV0AAAAJ",
      "url": "https://scholar.google.com/citations?user=qNCTLV0AAAAJ"
    },
    {
      "name": "Binhui Xie （谢斌辉）",
      "scholar_id": "cbVMMCwAAAAJ",
      "url": "https://scholar.google.com/citations?user=cbVMMCwAAAAJ"
    },
    {
      "name": "Canyu Zhao",
      "scholar_id": "U_Mjiz8AAAAJ",
      "url": "https://scholar.google.com/citations?user=U_Mjiz8AAAAJ"
    },
    {
      "name": "Ka Leong Cheng",
      "scholar_id": "eNtNT2gAAAAJ",
      "url": "https://scholar.google.com/citations?user=eNtNT2gAAAAJ"
    },
    {
      "name": "Zide Liu",
      "scholar_id": "75ZuQd0AAAAJ",
      "url": "https://scholar.google.com/citations?user=75ZuQd0AAAAJ"
    },
    {
      "name": "Ming-Yu Liu",
      "scholar_id": "1b_peoQAAAAJ",
      "url": "https://scholar.google.com/citations?user=1b_peoQAAAAJ"
    },
    {
      "name": "Hanlin Wang",
      "scholar_id": "0uO4fzkAAAAJ",
      "url": "https://scholar.google.com/citations?user=0uO4fzkAAAAJ"
    },
    {
      "name": "Zhekai Chen",
      "scholar_id": "_eZWcIMAAAAJ",
      "url": "https://scholar.google.com/citations?user=_eZWcIMAAAAJ"
    }
  ]
}