{
  "author_info": {
    "name": "Raza Yunus",
    "affiliation": "Max Planck Institute for Informatics",
    "email_verified": "Verified email at mpi-inf.mpg.de",
    "interests": [
      "Computer Vision",
      "3D Reconstruction"
    ],
    "photo_url": "https://scholar.googleusercontent.com/citations?view_op=view_photo&user=j0GdrVcAAAAJ&citpid=1"
  },
  "citation_stats": {
    "citations_all": 438,
    "citations_since_2020": 431,
    "h_index_all": 5,
    "h_index_since_2020": 5,
    "i10_index_all": 5,
    "i10_index_since_2020": 5,
    "citation_graph": [
      {
        "year": 2019,
        "citations": 7
      },
      {
        "year": 2020,
        "citations": 16
      },
      {
        "year": 2021,
        "citations": 23
      },
      {
        "year": 2022,
        "citations": 65
      },
      {
        "year": 2023,
        "citations": 74
      },
      {
        "year": 2024,
        "citations": 126
      },
      {
        "year": 2025,
        "citations": 124
      }
    ]
  },
  "papers": [
    {
      "title": "Spurfies: Sparse-View Surface Reconstruction using Local Geometry Priors",
      "url": "https://scholar.google.com/citations?view_op=view_citation&hl=en&user=j0GdrVcAAAAJ&citation_for_view=j0GdrVcAAAAJ:9ZlFYXVOiuMC",
      "authors": "K Raj, C Wewer, R Yunus, E Ilg, JE Lenssen",
      "venue": "International Conference on 3D Vision 2025, 2025",
      "year": 2025,
      "citations": 1
    },
    {
      "title": "Neural parametric gaussians for monocular non-rigid object reconstruction",
      "url": "https://scholar.google.com/citations?view_op=view_citation&hl=en&user=j0GdrVcAAAAJ&citation_for_view=j0GdrVcAAAAJ:qxL8FJ1GzNcC",
      "authors": "D Das, C Wewer, R Yunus, E Ilg, JE Lenssen",
      "venue": "Proceedings of the IEEE/CVF Conference on Computer Vision and Pattern …, 2024",
      "year": 2024,
      "citations": 62
    },
    {
      "title": "Recent Trends in 3D Reconstruction of General Non‐Rigid Scenes",
      "url": "https://scholar.google.com/citations?view_op=view_citation&hl=en&user=j0GdrVcAAAAJ&citation_for_view=j0GdrVcAAAAJ:Wp0gIr-vW9MC",
      "authors": "R Yunus, JE Lenssen, M Niemeyer, Y Liao, C Rupprecht, C Theobalt, ...",
      "venue": "Computer Graphics Forum 43 (2), e15062, 2024",
      "year": 2024,
      "citations": 38
    },
    {
      "title": "RGB-D SLAM with structural regularities",
      "url": "https://scholar.google.com/citations?view_op=view_citation&hl=en&user=j0GdrVcAAAAJ&citation_for_view=j0GdrVcAAAAJ:aqlVkmm33-oC",
      "authors": "Y Li, R Yunus, N Brasch, N Navab, F Tombari",
      "venue": "2021 IEEE international conference on Robotics and automation (ICRA), 11581 …, 2021",
      "year": 2021,
      "citations": 113
    },
    {
      "title": "ManhattanSLAM: Robust Planar Tracking and Mapping Leveraging Mixture of Manhattan Frames",
      "url": "https://scholar.google.com/citations?view_op=view_citation&hl=en&user=j0GdrVcAAAAJ&citation_for_view=j0GdrVcAAAAJ:4DMP91E08xMC",
      "authors": "R Yunus, Y Li, F Tombari",
      "venue": "2021 IEEE International Conference on Robotics and Automation (ICRA), 6687-6693, 2021",
      "year": 2021,
      "citations": 98
    },
    {
      "title": "A framework to estimate the nutritional value of food in real time using deep learning techniques",
      "url": "https://scholar.google.com/citations?view_op=view_citation&hl=en&user=j0GdrVcAAAAJ&citation_for_view=j0GdrVcAAAAJ:u5HHmVD_uO8C",
      "authors": "R Yunus, O Arif, H Afzal, MF Amjad, H Abbas, HN Bokhari, ST Haider, ...",
      "venue": "IEEE Access 7, 2643-2652, 2018",
      "year": 2018,
      "citations": 126
    }
  ],
  "co_authors": [
    {
      "name": "Jan Eric Lenssen",
      "scholar_id": "enXCzCgAAAAJ",
      "url": "https://scholar.google.com/citations?user=enXCzCgAAAAJ"
    },
    {
      "name": "Federico Tombari",
      "scholar_id": "TFsE4BIAAAAJ",
      "url": "https://scholar.google.com/citations?user=TFsE4BIAAAAJ"
    },
    {
      "name": "Yan Li",
      "scholar_id": "phzz5xcAAAAJ",
      "url": "https://scholar.google.com/citations?user=phzz5xcAAAAJ"
    },
    {
      "name": "Eddy Ilg",
      "scholar_id": "MYvSvGsAAAAJ",
      "url": "https://scholar.google.com/citations?user=MYvSvGsAAAAJ"
    },
    {
      "name": "Christopher Wewer",
      "scholar_id": "y6VGjBIAAAAJ",
      "url": "https://scholar.google.com/citations?user=y6VGjBIAAAAJ"
    },
    {
      "name": "Omar Arif",
      "scholar_id": "kAcE8sMAAAAJ",
      "url": "https://scholar.google.com/citations?user=kAcE8sMAAAAJ"
    },
    {
      "name": "Nassir Navab",
      "scholar_id": "kzoVUPYAAAAJ",
      "url": "https://scholar.google.com/citations?user=kzoVUPYAAAAJ"
    },
    {
      "name": "Nikolas Brasch",
      "scholar_id": "Linn47YAAAAJ",
      "url": "https://scholar.google.com/citations?user=Linn47YAAAAJ"
    },
    {
      "name": "Devikalyan Das",
      "scholar_id": "kPgFtGUAAAAJ",
      "url": "https://scholar.google.com/citations?user=kPgFtGUAAAAJ"
    },
    {
      "name": "Christian Theobalt",
      "scholar_id": "eIWg8NMAAAAJ",
      "url": "https://scholar.google.com/citations?user=eIWg8NMAAAAJ"
    },
    {
      "name": "Gerard Pons-Moll",
      "scholar_id": "OpXMNnMAAAAJ",
      "url": "https://scholar.google.com/citations?user=OpXMNnMAAAAJ"
    },
    {
      "name": "Michael Niemeyer",
      "scholar_id": "v1O7i_0AAAAJ",
      "url": "https://scholar.google.com/citations?user=v1O7i_0AAAAJ"
    },
    {
      "name": "Christian Rupprecht",
      "scholar_id": "IrYlproAAAAJ",
      "url": "https://scholar.google.com/citations?user=IrYlproAAAAJ"
    },
    {
      "name": "Yiyi Liao",
      "scholar_id": "lTBMax0AAAAJ",
      "url": "https://scholar.google.com/citations?user=lTBMax0AAAAJ"
    },
    {
      "name": "Jia-Bin Huang",
      "scholar_id": "pp848fYAAAAJ",
      "url": "https://scholar.google.com/citations?user=pp848fYAAAAJ"
    }
  ]
}