{
  "author_info": {
    "name": "Xiangyu Chang",
    "affiliation": "School of Management, Xi'an Jiaotong University",
    "email_verified": "Verified email at xjtu.edu.cn - Homepage",
    "website": "http://xiangyuchang.github.io/",
    "interests": [
      "Statistical Learning",
      "Business Data Science",
      "Data Valuation",
      "Optimization for Machine Learning"
    ],
    "photo_url": "https://scholar.googleusercontent.com/citations?view_op=view_photo&user=IWIQ64YAAAAJ&citpid=3"
  },
  "citation_stats": {
    "citations_all": 3987,
    "citations_since_2020": 2785,
    "h_index_all": 24,
    "h_index_since_2020": 23,
    "i10_index_all": 42,
    "i10_index_since_2020": 39,
    "citation_graph": [
      {
        "year": 2011,
        "citations": 15
      },
      {
        "year": 2012,
        "citations": 28
      },
      {
        "year": 2013,
        "citations": 54
      },
      {
        "year": 2014,
        "citations": 112
      },
      {
        "year": 2015,
        "citations": 146
      },
      {
        "year": 2016,
        "citations": 142
      },
      {
        "year": 2017,
        "citations": 163
      },
      {
        "year": 2018,
        "citations": 236
      },
      {
        "year": 2019,
        "citations": 274
      },
      {
        "year": 2020,
        "citations": 356
      },
      {
        "year": 2021,
        "citations": 358
      },
      {
        "year": 2022,
        "citations": 430
      },
      {
        "year": 2023,
        "citations": 527
      },
      {
        "year": 2024,
        "citations": 538
      },
      {
        "year": 2025,
        "citations": 568
      }
    ]
  },
  "papers": [
    {
      "title": "Variance reduced shapley value estimation for trustworthy data valuation",
      "url": "https://scholar.google.com/citations?view_op=view_citation&hl=en&user=IWIQ64YAAAAJ&citation_for_view=IWIQ64YAAAAJ:b1wdh0AR-JQC",
      "authors": "M Wu, R Jia, C Lin, W Huang, X Chang",
      "venue": "Computers & Operations Research, 106305, 2023",
      "year": 2023,
      "citations": 28
    },
    {
      "title": "Randomized spectral clustering in large-scale stochastic block models",
      "url": "https://scholar.google.com/citations?view_op=view_citation&hl=en&user=IWIQ64YAAAAJ&citation_for_view=IWIQ64YAAAAJ:VLnqNzywnoUC",
      "authors": "H Zhang, X Guo, X Chang",
      "venue": "Journal of Computational and Graphical Statistics 31 (3), 887-906, 2022",
      "year": 2022,
      "citations": 41
    },
    {
      "title": "Statistical Estimation and Online Inference via Local SGD",
      "url": "https://scholar.google.com/citations?view_op=view_citation&hl=en&user=IWIQ64YAAAAJ&citation_for_view=IWIQ64YAAAAJ:EYYDruWGBe4C",
      "authors": "X Li, J Liang, X Chang, Z Zhang",
      "venue": "Conference on Learning Theory, 1613-1661, 2022",
      "year": 2022,
      "citations": 40
    },
    {
      "title": "Effect of strengthened standards on Chinese ironmaking and steelmaking emissions",
      "url": "https://scholar.google.com/citations?view_op=view_citation&hl=en&user=IWIQ64YAAAAJ&citation_for_view=IWIQ64YAAAAJ:vDijr-p_gm4C",
      "authors": "X Bo, M Jia, X Xue, L Tang, Z Mi, S Wang, W Cui, X Chang, J Ruan, ...",
      "venue": "Nature Sustainability 4 (9), 811-820, 2021",
      "year": 2021,
      "citations": 115
    },
    {
      "title": "How does air pollution affect travel behavior? A big data field study",
      "url": "https://scholar.google.com/citations?view_op=view_citation&hl=en&user=IWIQ64YAAAAJ&citation_for_view=IWIQ64YAAAAJ:AvfA0Oy_GE0C",
      "authors": "Y Xu, Y Liu, X Chang, W Huang",
      "venue": "Transportation Research Part D: Transport and Environment 99, 103007, 2021",
      "year": 2021,
      "citations": 47
    },
    {
      "title": "Air pollution emissions from Chinese power plants based on the continuous emission monitoring systems network",
      "url": "https://scholar.google.com/citations?view_op=view_citation&hl=en&user=IWIQ64YAAAAJ&citation_for_view=IWIQ64YAAAAJ:0KyAp5RtaNEC",
      "authors": "L Tang, X Xue, J Qu, Z Mi, X Bo, X Chang, S Wang, S Li, W Cui, G Dong",
      "venue": "Scientific Data 7 (1), 325, 2020",
      "year": 2020,
      "citations": 93
    },
    {
      "title": "Efficient Detection of Environmental Violators: A Big Data Approach",
      "url": "https://scholar.google.com/citations?view_op=view_citation&hl=en&user=IWIQ64YAAAAJ&citation_for_view=IWIQ64YAAAAJ:yB1At4FlUx8C",
      "authors": "X Chang, Y Huang, M Li, X Bo, S Kumar",
      "venue": "Production and Operations Management, 2020",
      "year": 2020,
      "citations": 45
    },
    {
      "title": "Privacy-preserving cost-sensitive learning",
      "url": "https://scholar.google.com/citations?view_op=view_citation&hl=en&user=IWIQ64YAAAAJ&citation_for_view=IWIQ64YAAAAJ:XD-gHx7UXLsC",
      "authors": "Y Yang, S Huang, W Huang, X Chang",
      "venue": "IEEE Transactions on Neural Networks and Learning Systems 32 (5), 2105-2116, 2020",
      "year": 2020,
      "citations": 33
    },
    {
      "title": "Substantial emission reductions from Chinese power plants after the introduction of ultra-low emissions standards",
      "url": "https://scholar.google.com/citations?view_op=view_citation&hl=en&user=IWIQ64YAAAAJ&citation_for_view=IWIQ64YAAAAJ:-_dYPAW6P2MC",
      "authors": "L Tang, J Qu, Z Mi, X Bo, X Chang, LD Anadon, S Wang, X Xue, S Li, ...",
      "venue": "Nature Energy 4 (11), 929-938, 2019",
      "year": 2019,
      "citations": 408
    },
    {
      "title": "Portal nodes screening for large scale social networks",
      "url": "https://scholar.google.com/citations?view_op=view_citation&hl=en&user=IWIQ64YAAAAJ&citation_for_view=IWIQ64YAAAAJ:2KloaMYe4IUC",
      "authors": "X Zhu, X Chang, R Li, H Wang",
      "venue": "Journal of Econometrics 209 (2), 145-157, 2019",
      "year": 2019,
      "citations": 31
    },
    {
      "title": "A Roadmap for Automatic Surgical Site Infection Detection and Evaluation Using User-Generated Incision Images",
      "url": "https://scholar.google.com/citations?view_op=view_citation&hl=en&user=IWIQ64YAAAAJ&citation_for_view=IWIQ64YAAAAJ:evX43VCCuoAC",
      "authors": "Z Jiang, R Ardywibowo, A Samereh, HL Evans, WB Lober, X Chang, ...",
      "venue": "Surgical infections 20 (7), 555-565, 2019",
      "year": 2019,
      "citations": 29
    },
    {
      "title": "Detect depression from communication: how computer vision, signal processing, and sentiment analysis join forces",
      "url": "https://scholar.google.com/citations?view_op=view_citation&hl=en&user=IWIQ64YAAAAJ&citation_for_view=IWIQ64YAAAAJ:_Re3VWB3Y0AC",
      "authors": "A Samareh, Y Jin, Z Wang, X Chang, S Huang",
      "venue": "IISE Transactions on Healthcare Systems Engineering 8 (3), 196-208, 2018",
      "year": 2018,
      "citations": 39
    },
    {
      "title": "Distributed semi-supervised learning with kernel ridge regression",
      "url": "https://scholar.google.com/citations?view_op=view_citation&hl=en&user=IWIQ64YAAAAJ&citation_for_view=IWIQ64YAAAAJ:uLbwQdceFCQC",
      "authors": "X Chang, SB Lin, DX Zhou",
      "venue": "The Journal of Machine Learning Research 18 (1), 1493-1514, 2017",
      "year": 2017,
      "citations": 136
    },
    {
      "title": "Sparse Regularization in Fuzzy -Means for High-Dimensional Data Clustering",
      "url": "https://scholar.google.com/citations?view_op=view_citation&hl=en&user=IWIQ64YAAAAJ&citation_for_view=IWIQ64YAAAAJ:dQ2og3OwTAUC",
      "authors": "X Chang, Q Wang, Y Liu, Y Wang",
      "venue": "IEEE transactions on cybernetics, 2017",
      "year": 2017,
      "citations": 111
    },
    {
      "title": "Divide and conquer local average regression",
      "url": "https://scholar.google.com/citations?view_op=view_citation&hl=en&user=IWIQ64YAAAAJ&citation_for_view=IWIQ64YAAAAJ:PR6Y55bgFSsC",
      "authors": "X Chang, SB Lin, Y Wang",
      "venue": "Electronic Journal of Statistics 11 (1), 1326-1350, 2017",
      "year": 2017,
      "citations": 48
    },
    {
      "title": "Folded-concave penalization approaches to tensor completion",
      "url": "https://scholar.google.com/citations?view_op=view_citation&hl=en&user=IWIQ64YAAAAJ&citation_for_view=IWIQ64YAAAAJ:VL0QpB8kHFEC",
      "authors": "W Cao, Y Wang, C Yang, X Chang, Z Han, Z Xu",
      "venue": "Neurocomputing 152, 261-273, 2015",
      "year": 2015,
      "citations": 60
    },
    {
      "title": "Linear Convergence of Adaptively Iterative Thresholding Algorithms for Compressed Sensing",
      "url": "https://scholar.google.com/citations?view_op=view_citation&hl=en&user=IWIQ64YAAAAJ&citation_for_view=IWIQ64YAAAAJ:ye4kPcJQO24C",
      "authors": "Y Wang, J Zeng, Z Peng, X Chang, Z Xu",
      "venue": "IEEE Transactions on Signal Processing 63 (11), 2957-2971, 2015",
      "year": 2015,
      "citations": 54
    },
    {
      "title": "Asymptotic normality of maximum likelihood and its variational approximation for stochastic blockmodels",
      "url": "https://scholar.google.com/citations?view_op=view_citation&hl=en&user=IWIQ64YAAAAJ&citation_for_view=IWIQ64YAAAAJ:9yKSN-GCB0IC",
      "authors": "P Bickel, D Choi, X Chang, H Zhang",
      "venue": "The Annals of Statistics 41 (4), 1922-1943, 2013",
      "year": 2013,
      "citations": 300
    },
    {
      "title": "L1/2 Regularization: A Thresholding Representation Theory and a Fast Solver",
      "url": "https://scholar.google.com/citations?view_op=view_citation&hl=en&user=IWIQ64YAAAAJ&citation_for_view=IWIQ64YAAAAJ:u5HHmVD_uO8C",
      "authors": "Z XU, X CHANG, F XU, HAI ZHANG",
      "venue": "IEEE Transactions on neural networks and learning systems 23 (7), 1013-1027, 2012",
      "year": 2012,
      "citations": 1266
    },
    {
      "title": "L1/2 Regularization",
      "url": "https://scholar.google.com/citations?view_op=view_citation&hl=en&user=IWIQ64YAAAAJ&citation_for_view=IWIQ64YAAAAJ:Y0pCki6q_DkC",
      "authors": "Z Xu, H Zhang, Y Wang, X Chang, Y Liang",
      "venue": "SCIENCE CHINA Information Sciences 53 (6), 1159-1169, 2010",
      "year": 2010,
      "citations": 538
    }
  ],
  "co_authors": [
    {
      "name": "Shuai Huang",
      "scholar_id": "mp6FkGkAAAAJ",
      "url": "https://scholar.google.com/citations?user=mp6FkGkAAAAJ"
    },
    {
      "name": "Xiao Guo",
      "scholar_id": "v4FLN-gAAAAJ",
      "url": "https://scholar.google.com/citations?user=v4FLN-gAAAAJ"
    },
    {
      "name": "Yao Wang",
      "scholar_id": "_aLM_uYAAAAJ",
      "url": "https://scholar.google.com/citations?user=_aLM_uYAAAAJ"
    },
    {
      "name": "Shao-Bo Lin",
      "scholar_id": "dGt4l6QAAAAJ",
      "url": "https://scholar.google.com/citations?user=dGt4l6QAAAAJ"
    },
    {
      "name": "Yu Wang",
      "scholar_id": "c3z9Ox8AAAAJ",
      "url": "https://scholar.google.com/citations?user=c3z9Ox8AAAAJ"
    },
    {
      "name": "Yuewen Liu",
      "scholar_id": "Jv2fN0UAAAAJ",
      "url": "https://scholar.google.com/citations?user=Jv2fN0UAAAAJ"
    },
    {
      "name": "Hansheng Wang",
      "scholar_id": "6tVQpAQAAAAJ",
      "url": "https://scholar.google.com/citations?user=6tVQpAQAAAAJ"
    },
    {
      "name": "peter bickel",
      "scholar_id": "t4w1jE4AAAAJ",
      "url": "https://scholar.google.com/citations?user=t4w1jE4AAAAJ"
    },
    {
      "name": "Dave Choi",
      "scholar_id": "CRl2u8UAAAAJ",
      "url": "https://scholar.google.com/citations?user=CRl2u8UAAAAJ"
    },
    {
      "name": "Rongjian Li",
      "scholar_id": "nMd0LAoAAAAJ",
      "url": "https://scholar.google.com/citations?user=nMd0LAoAAAAJ"
    },
    {
      "name": "Jinshan Zeng",
      "scholar_id": "au5gb2EAAAAJ",
      "url": "https://scholar.google.com/citations?user=au5gb2EAAAAJ"
    },
    {
      "name": "Xuening Zhu",
      "scholar_id": "BdUr758AAAAJ",
      "url": "https://scholar.google.com/citations?user=BdUr758AAAAJ"
    },
    {
      "name": "Can Yang",
      "scholar_id": "lRhpyeUAAAAJ",
      "url": "https://scholar.google.com/citations?user=lRhpyeUAAAAJ"
    },
    {
      "name": "Zhi Han",
      "scholar_id": "Zl54a74AAAAJ",
      "url": "https://scholar.google.com/citations?user=Zl54a74AAAAJ"
    },
    {
      "name": "Yan Zhong",
      "scholar_id": "YfTLH1oAAAAJ",
      "url": "https://scholar.google.com/citations?user=YfTLH1oAAAAJ"
    },
    {
      "name": "Xiangyong Cao (曹相湧)",
      "scholar_id": "IePM9RsAAAAJ",
      "url": "https://scholar.google.com/citations?user=IePM9RsAAAAJ"
    },
    {
      "name": "Yufeng Liu",
      "scholar_id": "oeUm6gQAAAAJ",
      "url": "https://scholar.google.com/citations?user=oeUm6gQAAAAJ"
    }
  ]
}