{
  "author_info": {
    "name": "Rakesh Chowdary Machineni",
    "affiliation": "Research Scientist at Rockwell Automation, M.S, University of Michigan",
    "email_verified": "Verified email at umich.edu - Homepage",
    "website": "https://mrakeshc.github.io/",
    "interests": [
      "Computer Vision",
      "Deep Learning",
      "Industry Automation"
    ],
    "photo_url": "https://scholar.googleusercontent.com/citations?view_op=view_photo&user=LR2heD4AAAAJ&citpid=1"
  },
  "citation_stats": {
    "citations_all": 66,
    "citations_since_2020": 66,
    "h_index_all": 2,
    "h_index_since_2020": 2,
    "i10_index_all": 2,
    "i10_index_since_2020": 2,
    "citation_graph": [
      {
        "year": 2021,
        "citations": 3
      },
      {
        "year": 2022,
        "citations": 10
      },
      {
        "year": 2023,
        "citations": 17
      },
      {
        "year": 2024,
        "citations": 18
      },
      {
        "year": 2025,
        "citations": 18
      }
    ]
  },
  "papers": [
    {
      "title": "Mmvc: Learned multi-mode video compression with block-based prediction mode selection and density-adaptive entropy coding",
      "url": "https://scholar.google.com/citations?view_op=view_citation&hl=en&user=LR2heD4AAAAJ&citation_for_view=LR2heD4AAAAJ:u5HHmVD_uO8C",
      "authors": "B Liu, Y Chen, RC Machineni, S Liu, HS Kim",
      "venue": "Proceedings of the IEEE/CVF Conference on Computer Vision and Pattern …, 2023",
      "year": 2023,
      "citations": 27
    },
    {
      "title": "End-to-end deep learning-based fringe projection framework for 3D profiling of objects",
      "url": "https://scholar.google.com/citations?view_op=view_citation&hl=en&user=LR2heD4AAAAJ&citation_for_view=LR2heD4AAAAJ:u-x6o8ySG0sC",
      "authors": "RC Machineni, GE Spoorthi, KS Vengala, S Gorthi, RKSS Gorthi",
      "venue": "Computer vision and image understanding 199, 103023, 2020",
      "year": 2020,
      "citations": 39
    }
  ],
  "co_authors": []
}