{
  "author_info": {
    "name": "Sanket Vaibhav Mehta",
    "affiliation": "Research Scientist, Google DeepMind",
    "email_verified": "Verified email at google.com - Homepage",
    "website": "https://sanketvmehta.github.io/",
    "interests": [
      "Large Language Models",
      "Pre-training",
      "Mid-training",
      "Post-training",
      "Lifelong Learning"
    ],
    "photo_url": "https://scholar.googleusercontent.com/citations?view_op=view_photo&user=H4pn-ogAAAAJ&citpid=6"
  },
  "citation_stats": {
    "citations_all": 1929,
    "citations_since_2020": 1874,
    "h_index_all": 18,
    "h_index_since_2020": 18,
    "i10_index_all": 22,
    "i10_index_since_2020": 20,
    "citation_graph": [
      {
        "year": 2018,
        "citations": 12
      },
      {
        "year": 2019,
        "citations": 35
      },
      {
        "year": 2020,
        "citations": 57
      },
      {
        "year": 2021,
        "citations": 72
      },
      {
        "year": 2022,
        "citations": 164
      },
      {
        "year": 2023,
        "citations": 246
      },
      {
        "year": 2024,
        "citations": 267
      },
      {
        "year": 2025,
        "citations": 1062
      }
    ]
  },
  "papers": [
    {
      "title": "Gemini 2.5: Pushing the frontier with advanced reasoning, multimodality, long context, and next generation agentic capabilities",
      "url": "https://scholar.google.com/citations?view_op=view_citation&hl=en&user=H4pn-ogAAAAJ&citation_for_view=H4pn-ogAAAAJ:O3NaXMp0MMsC",
      "authors": "G Comanici, E Bieber, M Schaekermann, I Pasupat, N Sachdeva, I Dhillon, ...",
      "venue": "arXiv preprint arXiv:2507.06261, 2025",
      "year": 2025,
      "citations": 812
    },
    {
      "title": "Big-bench extra hard",
      "url": "https://scholar.google.com/citations?view_op=view_citation&hl=en&user=H4pn-ogAAAAJ&citation_for_view=H4pn-ogAAAAJ:NMxIlDl6LWMC",
      "authors": "M Kazemi, B Fatemi, H Bansal, J Palowitch, C Anastasiou, SV Mehta, ...",
      "venue": "Proceedings of the 63rd Annual Meeting of the Association for Computational …, 2025",
      "year": 2025,
      "citations": 43
    },
    {
      "title": "An Empirical Investigation of the Role of Pre-training in Lifelong Learning",
      "url": "https://scholar.google.com/citations?view_op=view_citation&hl=en&user=H4pn-ogAAAAJ&citation_for_view=H4pn-ogAAAAJ:9ZlFYXVOiuMC",
      "authors": "SV Mehta, D Patil, S Chandar, E Strubell",
      "venue": "Journal of Machine Learning Research 24, 1-50, 2023",
      "year": 2023,
      "citations": 191
    },
    {
      "title": "DSI++: Updating Transformer Memory with New Documents",
      "url": "https://scholar.google.com/citations?view_op=view_citation&hl=en&user=H4pn-ogAAAAJ&citation_for_view=H4pn-ogAAAAJ:TQgYirikUcIC",
      "authors": "SV Mehta, J Gupta, Y Tay, M Dehghani, VQ Tran, J Rao, M Najork, ...",
      "venue": "EMNLP 2023, 2023",
      "year": 2023,
      "citations": 75
    },
    {
      "title": "Making Scalable Meta Learning Practical",
      "url": "https://scholar.google.com/citations?view_op=view_citation&hl=en&user=H4pn-ogAAAAJ&citation_for_view=H4pn-ogAAAAJ:k_IJM867U9cC",
      "authors": "SK Choe, SV Mehta, H Ahn, W Neiswanger, P Xie, E Strubell, E Xing",
      "venue": "NeurIPS 2023, 2023",
      "year": 2023,
      "citations": 30
    },
    {
      "title": "ExT5: Towards Extreme Multi-Task Scaling for Transfer Learning",
      "url": "https://scholar.google.com/citations?view_op=view_citation&hl=en&user=H4pn-ogAAAAJ&citation_for_view=H4pn-ogAAAAJ:7PzlFSSx8tAC",
      "authors": "V Aribandi, Y Tay, T Schuster, J Rao, HS Zheng, SV Mehta, H Zhuang, ...",
      "venue": "ICLR 2022, 2022",
      "year": 2022,
      "citations": 230
    },
    {
      "title": "An Introduction to Lifelong Supervised Learning",
      "url": "https://scholar.google.com/citations?view_op=view_citation&hl=en&user=H4pn-ogAAAAJ&citation_for_view=H4pn-ogAAAAJ:HDshCWvjkbEC",
      "authors": "S Sodhani, M Faramarzi, SV Mehta, P Malviya, M Abdelsalam, ...",
      "venue": "arXiv preprint arXiv:2207.04354, 2022",
      "year": 2022,
      "citations": 30
    },
    {
      "title": "Train Flat, Then Compress: Sharpness-Aware Minimization Learns More Compressible Models",
      "url": "https://scholar.google.com/citations?view_op=view_citation&hl=en&user=H4pn-ogAAAAJ&citation_for_view=H4pn-ogAAAAJ:mB3voiENLucC",
      "authors": "C Na, SV Mehta, E Strubell",
      "venue": "EMNLP 2022, 2022",
      "year": 2022,
      "citations": 25
    },
    {
      "title": "Improving Compositional Generalization with Self-Training for Data-to-Text Generation",
      "url": "https://scholar.google.com/citations?view_op=view_citation&hl=en&user=H4pn-ogAAAAJ&citation_for_view=H4pn-ogAAAAJ:QIV2ME_5wuYC",
      "authors": "SV Mehta, J Rao, Y Tay, M Kale, A Parikh, E Strubell",
      "venue": "ACL 2022, 2021",
      "year": 2021,
      "citations": 31
    },
    {
      "title": "Tenant-side detection, classification, and mitigation of noisy-neighbor-induced performance degradation",
      "url": "https://scholar.google.com/citations?view_op=view_citation&hl=en&user=H4pn-ogAAAAJ&citation_for_view=H4pn-ogAAAAJ:YOwf2qJgpHMC",
      "authors": "S Mitra, S Khosla, SV Mehta, MR Reddy, AD Shah",
      "venue": "US Patent 11,086,646, 2021",
      "year": 2021,
      "citations": 18
    },
    {
      "title": "Efficient Meta Lifelong-Learning with Limited Memory",
      "url": "https://scholar.google.com/citations?view_op=view_citation&hl=en&user=H4pn-ogAAAAJ&citation_for_view=H4pn-ogAAAAJ:4DMP91E08xMC",
      "authors": "SV Mehta, Z Wang, B Póczos, J Carbonell",
      "venue": "EMNLP 2020, 2020",
      "year": 2020,
      "citations": 74
    },
    {
      "title": "Tagging documents with security policies",
      "url": "https://scholar.google.com/citations?view_op=view_citation&hl=en&user=H4pn-ogAAAAJ&citation_for_view=H4pn-ogAAAAJ:WF5omc3nYNoC",
      "authors": "T Goyal, SV Mehta, BV Srinivasan, A Jain",
      "venue": "US Patent 10,783,262, 2020",
      "year": 2020,
      "citations": 27
    },
    {
      "title": "Gradient-based Inference for Networks with Output Constraints",
      "url": "https://scholar.google.com/citations?view_op=view_citation&hl=en&user=H4pn-ogAAAAJ&citation_for_view=H4pn-ogAAAAJ:Se3iqnhoufwC",
      "authors": "JY Lee, SV Mehta, M Wick, JB Tristan, J Carbonell",
      "venue": "Proceedings of the AAAI Conference on Artificial Intelligence, 2019",
      "year": 2019,
      "citations": 49
    },
    {
      "title": "Generating data-driven geo-fences",
      "url": "https://scholar.google.com/citations?view_op=view_citation&hl=en&user=H4pn-ogAAAAJ&citation_for_view=H4pn-ogAAAAJ:zYLM7Y9cAGgC",
      "authors": "P Bajaj, SV Mehta, T Goyal, SVS Revankar",
      "venue": "US Patent 9,838,843, 2019",
      "year": 2019,
      "citations": 46
    },
    {
      "title": "Learning Rhyming Constraints using Structured Adversaries",
      "url": "https://scholar.google.com/citations?view_op=view_citation&hl=en&user=H4pn-ogAAAAJ&citation_for_view=H4pn-ogAAAAJ:KlAtU1dfN6UC",
      "authors": "H Jhamtani, SV Mehta, J Carbonell, T Berg-Kirkpatrick",
      "venue": "EMNLP 2019, 2019",
      "year": 2019,
      "citations": 21
    },
    {
      "title": "Propagation of changes in master content to variant content",
      "url": "https://scholar.google.com/citations?view_op=view_citation&hl=en&user=H4pn-ogAAAAJ&citation_for_view=H4pn-ogAAAAJ:Y0pCki6q_DkC",
      "authors": "BV Srinivasan, G Hiranandani, SV Mehta, H Jhamtani, C Huesler, ...",
      "venue": "US Patent 10,102,191, 2019",
      "year": 2019,
      "citations": 21
    },
    {
      "title": "Digital document update",
      "url": "https://scholar.google.com/citations?view_op=view_citation&hl=en&user=H4pn-ogAAAAJ&citation_for_view=H4pn-ogAAAAJ:Zph67rFs4hoC",
      "authors": "V Vinay, S Khosla, SV Mehta, S Thallapally, G Verma",
      "venue": "US Patent 10,489,498, 2019",
      "year": 2019,
      "citations": 17
    },
    {
      "title": "An LSTM Based System for Prediction of Human Activities with Durations",
      "url": "https://scholar.google.com/citations?view_op=view_citation&hl=en&user=H4pn-ogAAAAJ&citation_for_view=H4pn-ogAAAAJ:Tyk-4Ss8FVUC",
      "authors": "K Krishna, D Jain, SV Mehta, S Choudhary",
      "venue": "Proceedings of the ACM on Interactive, Mobile, Wearable and Ubiquitous …, 2018",
      "year": 2018,
      "citations": 89
    },
    {
      "title": "Towards Semi-Supervised Learning for Deep Semantic Role Labeling",
      "url": "https://scholar.google.com/citations?view_op=view_citation&hl=en&user=H4pn-ogAAAAJ&citation_for_view=H4pn-ogAAAAJ:LkGwnXOMwfcC",
      "authors": "SV Mehta, JY Lee, J Carbonell",
      "venue": "Proceedings of the 2018 Conference on Empirical Methods in Natural Language …, 2018",
      "year": 2018,
      "citations": 31
    },
    {
      "title": "Notification Control based on Location, Activity, and Temporal Prediction",
      "url": "https://scholar.google.com/citations?view_op=view_citation&hl=en&user=H4pn-ogAAAAJ&citation_for_view=H4pn-ogAAAAJ:eQOLeE2rZwMC",
      "authors": "P Bajaj, SV Mehta, T Goyal, K Jaidka",
      "venue": "US Patent App. 15/374,561, 2018",
      "year": 2018,
      "citations": 13
    }
  ],
  "co_authors": [
    {
      "name": "Emma Strubell",
      "scholar_id": "UCDMtM0AAAAJ",
      "url": "https://scholar.google.com/citations?user=UCDMtM0AAAAJ"
    },
    {
      "name": "Yi Tay",
      "scholar_id": "VBclY_cAAAAJ",
      "url": "https://scholar.google.com/citations?user=VBclY_cAAAAJ"
    },
    {
      "name": "Vinh Q. Tran",
      "scholar_id": "ot3WsOwAAAAJ",
      "url": "https://scholar.google.com/citations?user=ot3WsOwAAAAJ"
    },
    {
      "name": "Jinfeng Rao",
      "scholar_id": "HXLQkHcAAAAJ",
      "url": "https://scholar.google.com/citations?user=HXLQkHcAAAAJ"
    },
    {
      "name": "Donald Metzler",
      "scholar_id": "bmXpOd8AAAAJ",
      "url": "https://scholar.google.com/citations?user=bmXpOd8AAAAJ"
    },
    {
      "name": "Jai Gupta",
      "scholar_id": "RisiAbYAAAAJ",
      "url": "https://scholar.google.com/citations?user=RisiAbYAAAAJ"
    },
    {
      "name": "Jay-Yoon Lee",
      "scholar_id": "_USiaqwAAAAJ",
      "url": "https://scholar.google.com/citations?user=_USiaqwAAAAJ"
    },
    {
      "name": "Sarath Chandar",
      "scholar_id": "yxWtZLAAAAAJ",
      "url": "https://scholar.google.com/citations?user=yxWtZLAAAAAJ"
    },
    {
      "name": "Darshan Patil",
      "scholar_id": "X3HJD0AAAAAJ",
      "url": "https://scholar.google.com/citations?user=X3HJD0AAAAAJ"
    },
    {
      "name": "Tanya Goyal",
      "scholar_id": "w72MSFoAAAAJ",
      "url": "https://scholar.google.com/citations?user=w72MSFoAAAAJ"
    },
    {
      "name": "Sunav Choudhary",
      "scholar_id": "_9G6V38AAAAJ",
      "url": "https://scholar.google.com/citations?user=_9G6V38AAAAJ"
    },
    {
      "name": "Balaji Vasan Srinivasan",
      "scholar_id": "2c_x00gAAAAJ",
      "url": "https://scholar.google.com/citations?user=2c_x00gAAAAJ"
    },
    {
      "name": "Sebastian Ruder",
      "scholar_id": "8ONXPV8AAAAJ",
      "url": "https://scholar.google.com/citations?user=8ONXPV8AAAAJ"
    },
    {
      "name": "Tal Schuster",
      "scholar_id": "oo8QRmIAAAAJ",
      "url": "https://scholar.google.com/citations?user=oo8QRmIAAAAJ"
    },
    {
      "name": "Kai Hui",
      "scholar_id": "VorTj3AAAAAJ",
      "url": "https://scholar.google.com/citations?user=VorTj3AAAAAJ"
    },
    {
      "name": "Marc Najork",
      "scholar_id": "7HeAnjwAAAAJ",
      "url": "https://scholar.google.com/citations?user=7HeAnjwAAAAJ"
    },
    {
      "name": "Mostafa Dehghani",
      "scholar_id": "MiHOX3QAAAAJ",
      "url": "https://scholar.google.com/citations?user=MiHOX3QAAAAJ"
    },
    {
      "name": "Shagun Sodhani",
      "scholar_id": "ixp-vqMAAAAJ",
      "url": "https://scholar.google.com/citations?user=ixp-vqMAAAAJ"
    },
    {
      "name": "Harsh Jhamtani",
      "scholar_id": "YQe9pdUAAAAJ",
      "url": "https://scholar.google.com/citations?user=YQe9pdUAAAAJ"
    },
    {
      "name": "Kundan Krishna",
      "scholar_id": "0d59fEcAAAAJ",
      "url": "https://scholar.google.com/citations?user=0d59fEcAAAAJ"
    }
  ]
}