{
  "author_info": {
    "name": "Peng Jin",
    "affiliation": "Leshan Normal University",
    "email_verified": "Verified email at pku.edu.cn",
    "interests": [
      "natural language processing"
    ],
    "photo_url": "https://scholar.googleusercontent.com/citations?view_op=view_photo&user=Fbf-sk0AAAAJ&citpid=1"
  },
  "citation_stats": {
    "citations_all": 682,
    "citations_since_2020": 296,
    "h_index_all": 14,
    "h_index_since_2020": 8,
    "i10_index_all": 16,
    "i10_index_since_2020": 6,
    "citation_graph": [
      {
        "year": 2007,
        "citations": 3
      },
      {
        "year": 2008,
        "citations": 9
      },
      {
        "year": 2009,
        "citations": 13
      },
      {
        "year": 2010,
        "citations": 31
      },
      {
        "year": 2011,
        "citations": 14
      },
      {
        "year": 2012,
        "citations": 21
      },
      {
        "year": 2013,
        "citations": 22
      },
      {
        "year": 2014,
        "citations": 29
      },
      {
        "year": 2015,
        "citations": 37
      },
      {
        "year": 2016,
        "citations": 45
      },
      {
        "year": 2017,
        "citations": 37
      },
      {
        "year": 2018,
        "citations": 56
      },
      {
        "year": 2019,
        "citations": 56
      },
      {
        "year": 2020,
        "citations": 58
      },
      {
        "year": 2021,
        "citations": 53
      },
      {
        "year": 2022,
        "citations": 60
      },
      {
        "year": 2023,
        "citations": 47
      },
      {
        "year": 2024,
        "citations": 43
      },
      {
        "year": 2025,
        "citations": 34
      }
    ]
  },
  "papers": [
    {
      "title": "Automatic detection of Chinese generated essayss based on pre-trained BERT",
      "url": "https://scholar.google.com/citations?view_op=view_citation&hl=en&user=Fbf-sk0AAAAJ&citation_for_view=Fbf-sk0AAAAJ:9yKSN-GCB0IC",
      "authors": "X Chen, P Jin, S Jing, C Xie",
      "venue": "2022 IEEE 10th Joint International Information Technology and Artificial …, 2022",
      "year": 2022,
      "citations": 8
    },
    {
      "title": "Distributional discrepancy: A metric for unconditional text generation",
      "url": "https://scholar.google.com/citations?view_op=view_citation&hl=en&user=Fbf-sk0AAAAJ&citation_for_view=Fbf-sk0AAAAJ:UeHWp8X0CEIC",
      "authors": "P Cai, X Chen, P Jin, H Wang, T Li",
      "venue": "Knowledge-Based Systems 217, 106850, 2021",
      "year": 2021,
      "citations": 9
    },
    {
      "title": "Restricted boltzmann machines with gaussian visible units guided by pairwise constraints",
      "url": "https://scholar.google.com/citations?view_op=view_citation&hl=en&user=Fbf-sk0AAAAJ&citation_for_view=Fbf-sk0AAAAJ:3fE2CSJIrl8C",
      "authors": "J Chu, H Wang, H Meng, P Jin, T Li",
      "venue": "IEEE transactions on cybernetics 49 (12), 4321-4334, 2018",
      "year": 2018,
      "citations": 41
    },
    {
      "title": "Bag-of-embeddings for text classification.",
      "url": "https://scholar.google.com/citations?view_op=view_citation&hl=en&user=Fbf-sk0AAAAJ&citation_for_view=Fbf-sk0AAAAJ:eQOLeE2rZwMC",
      "authors": "P Jin, Y Zhang, X Chen, Y Xia",
      "venue": "IJCAI 16, 2824-2830, 2016",
      "year": 2016,
      "citations": 94
    },
    {
      "title": "Dataless text classification with descriptive LDA",
      "url": "https://scholar.google.com/citations?view_op=view_citation&hl=en&user=Fbf-sk0AAAAJ&citation_for_view=Fbf-sk0AAAAJ:u-x6o8ySG0sC",
      "authors": "X Chen, Y Xia, P Jin, J Carroll",
      "venue": "Proceedings of the AAAI conference on artificial intelligence 29 (1), 2015",
      "year": 2015,
      "citations": 101
    },
    {
      "title": "Document representation with statistical word senses in cross-lingual document clustering",
      "url": "https://scholar.google.com/citations?view_op=view_citation&hl=en&user=Fbf-sk0AAAAJ&citation_for_view=Fbf-sk0AAAAJ:W7OEmFMy1HYC",
      "authors": "G Tang, Y Xia, E Cambria, P Jin, TF Zheng",
      "venue": "International Journal of Pattern Recognition and Artificial Intelligence 29 …, 2015",
      "year": 2015,
      "citations": 14
    },
    {
      "title": "Multi-view Chinese treebanking",
      "url": "https://scholar.google.com/citations?view_op=view_citation&hl=en&user=Fbf-sk0AAAAJ&citation_for_view=Fbf-sk0AAAAJ:Zph67rFs4hoC",
      "authors": "L Qiu, Y Zhang, P Jin, H Wang",
      "venue": "Proceedings of COLING 2014, the 25th international conference on …, 2014",
      "year": 2014,
      "citations": 34
    },
    {
      "title": "Integrating pinyin to improve spelling errors detection for chinese language",
      "url": "https://scholar.google.com/citations?view_op=view_citation&hl=en&user=Fbf-sk0AAAAJ&citation_for_view=Fbf-sk0AAAAJ:5nxA0vEk-isC",
      "authors": "P Jin, X Chen, Z Guo, P Liu",
      "venue": "2014 IEEE/WIC/ACM International Joint Conferences on Web Intelligence (WI …, 2014",
      "year": 2014,
      "citations": 10
    },
    {
      "title": "Semeval-2010 task 18: Disambiguating sentiment ambiguous adjectives",
      "url": "https://scholar.google.com/citations?view_op=view_citation&hl=en&user=Fbf-sk0AAAAJ&citation_for_view=Fbf-sk0AAAAJ:8k81kl-MbHgC",
      "authors": "Y Wu, P Jin",
      "venue": "Language resources and evaluation 47 (3), 743-755, 2013",
      "year": 2013,
      "citations": 36
    },
    {
      "title": "Semeval-2012 task 4: evaluating chinese word similarity",
      "url": "https://scholar.google.com/citations?view_op=view_citation&hl=en&user=Fbf-sk0AAAAJ&citation_for_view=Fbf-sk0AAAAJ:KlAtU1dfN6UC",
      "authors": "P Jin, Y Wu",
      "venue": "* SEM 2012: The First Joint Conference on Lexical and Computational …, 2012",
      "year": 2012,
      "citations": 65
    },
    {
      "title": "Exploring word similarity to improve chinese personal name disambiguation",
      "url": "https://scholar.google.com/citations?view_op=view_citation&hl=en&user=Fbf-sk0AAAAJ&citation_for_view=Fbf-sk0AAAAJ:qxL8FJ1GzNcC",
      "authors": "X Yang, P Jin, W Xiang",
      "venue": "2011 ieee/wic/acm international conferences on web intelligence and …, 2011",
      "year": 2011,
      "citations": 14
    },
    {
      "title": "Measuring Chinese-English Cross-Lingual Word Similarity with HowNet and Parallel Corpus",
      "url": "https://scholar.google.com/citations?view_op=view_citation&hl=en&user=Fbf-sk0AAAAJ&citation_for_view=Fbf-sk0AAAAJ:_FxGoFyzp5QC",
      "authors": "Y Xia, T Zhao, J Yao, P Jin",
      "venue": "International conference on intelligent text processing and computational …, 2011",
      "year": 2011,
      "citations": 14
    },
    {
      "title": "The Chinese Persons Name Diambiguation Evaluation: Exploration of Personal Name Disambiguation in Chinese News",
      "url": "https://scholar.google.com/citations?view_op=view_citation&hl=en&user=Fbf-sk0AAAAJ&citation_for_view=Fbf-sk0AAAAJ:ufrVoPGSRksC",
      "authors": "Y Chen, P Jin, W Li, CR Huang",
      "venue": "CIPS-SIGHAN Joint Conference on Chinese Language Processing, 2010",
      "year": 2010,
      "citations": 18
    },
    {
      "title": "Estimating and exploiting the entropy of sense distributions",
      "url": "https://scholar.google.com/citations?view_op=view_citation&hl=en&user=Fbf-sk0AAAAJ&citation_for_view=Fbf-sk0AAAAJ:YsMSGLbcyi4C",
      "authors": "P Jin, D McCarthy, R Koeling, JA Carroll",
      "venue": "Proceedings of Human Language Technologies: The 2009 Annual Conference of …, 2009",
      "year": 2009,
      "citations": 18
    },
    {
      "title": "Ensembles of classifiers for chinese word sense disambiguation",
      "url": "https://scholar.google.com/citations?view_op=view_citation&hl=en&user=Fbf-sk0AAAAJ&citation_for_view=Fbf-sk0AAAAJ:IjCSPb-OGe4C",
      "authors": "Y Wu, M Wang, P Jin, S Yu",
      "venue": "Journal of Computer Research and Development 45 (8), 1354-1361, 2008",
      "year": 2008,
      "citations": 10
    },
    {
      "title": "Disambiguating sentiment ambiguous adjectives",
      "url": "https://scholar.google.com/citations?view_op=view_citation&hl=en&user=Fbf-sk0AAAAJ&citation_for_view=Fbf-sk0AAAAJ:MXK_kJrjxJIC",
      "authors": "Y Wu, M Wang, P Jin",
      "venue": "2008 International Conference on Natural Language Processing and Knowledge …, 2008",
      "year": 2008,
      "citations": 9
    },
    {
      "title": "Exploiting external knowledge sources to improve kernel-based word sense disambiguation",
      "url": "https://scholar.google.com/citations?view_op=view_citation&hl=en&user=Fbf-sk0AAAAJ&citation_for_view=Fbf-sk0AAAAJ:Y0pCki6q_DkC",
      "authors": "P Jin, F Li, D Zhu, Y Wu, S Yu",
      "venue": "2008 International Conference on Natural Language Processing and Knowledge …, 2008",
      "year": 2008,
      "citations": 9
    },
    {
      "title": "SemEval-2007 task 05: multilingual Chinese-English lexical sample",
      "url": "https://scholar.google.com/citations?view_op=view_citation&hl=en&user=Fbf-sk0AAAAJ&citation_for_view=Fbf-sk0AAAAJ:WF5omc3nYNoC",
      "authors": "P Jin, Y Wu, S Yu",
      "venue": "Proceedings of the Fourth International Workshop on Semantic Evaluations …, 2007",
      "year": 2007,
      "citations": 58
    },
    {
      "title": "Word clustering for collocation-based word sense disambiguation",
      "url": "https://scholar.google.com/citations?view_op=view_citation&hl=en&user=Fbf-sk0AAAAJ&citation_for_view=Fbf-sk0AAAAJ:Tyk-4Ss8FVUC",
      "authors": "P Jin, X Sun, Y Wu, S Yu",
      "venue": "International Conference on Intelligent Text Processing and Computational …, 2007",
      "year": 2007,
      "citations": 18
    },
    {
      "title": "A Chinese corpus with word sense annotation",
      "url": "https://scholar.google.com/citations?view_op=view_citation&hl=en&user=Fbf-sk0AAAAJ&citation_for_view=Fbf-sk0AAAAJ:zYLM7Y9cAGgC",
      "authors": "Y Wu, P Jin, Y Zhang, S Yu",
      "venue": "International Conference on Computer Processing of Oriental Languages, 414-421, 2006",
      "year": 2006,
      "citations": 27
    }
  ],
  "co_authors": []
}