{
  "author_info": {
    "name": "Tuomas Oikarinen",
    "affiliation": "UC San Diego",
    "email_verified": "Verified email at ucsd.edu - Homepage",
    "website": "https://tuomaso.github.io/",
    "interests": [
      "Machine Learning",
      "Interpretability",
      "Mechanistic Interpretability",
      "Explainable AI"
    ],
    "photo_url": "https://scholar.googleusercontent.com/citations?view_op=view_photo&user=M3KZnPwAAAAJ&citpid=2"
  },
  "citation_stats": {
    "citations_all": 859,
    "citations_since_2020": 856,
    "h_index_all": 10,
    "h_index_since_2020": 10,
    "i10_index_all": 10,
    "i10_index_since_2020": 10,
    "citation_graph": [
      {
        "year": 2020,
        "citations": 16
      },
      {
        "year": 2021,
        "citations": 38
      },
      {
        "year": 2022,
        "citations": 48
      },
      {
        "year": 2023,
        "citations": 130
      },
      {
        "year": 2024,
        "citations": 274
      },
      {
        "year": 2025,
        "citations": 345
      }
    ]
  },
  "papers": [
    {
      "title": "Evaluating neuron explanations: A unified framework with sanity checks",
      "url": "https://scholar.google.com/citations?view_op=view_citation&hl=en&user=M3KZnPwAAAAJ&citation_for_view=M3KZnPwAAAAJ:r0BpntZqJG4C",
      "authors": "T Oikarinen, G Yan, TW Weng",
      "venue": "arXiv preprint arXiv:2506.05774, 2025",
      "year": 2025,
      "citations": 3
    },
    {
      "title": "Interpretable Generative Models through Post-hoc Concept Bottlenecks",
      "url": "https://scholar.google.com/citations?view_op=view_citation&hl=en&user=M3KZnPwAAAAJ&citation_for_view=M3KZnPwAAAAJ:4JMBOYKVnBMC",
      "authors": "A Kulkarni, G Yan, CE Sun, T Oikarinen, TW Weng",
      "venue": "Conference on Computer Vision and Pattern Recognition (CVPR 2025), 2025",
      "year": 2025,
      "citations": 2
    },
    {
      "title": "Rethinking Crowd-Sourced Evaluation of Neuron Explanations",
      "url": "https://scholar.google.com/citations?view_op=view_citation&hl=en&user=M3KZnPwAAAAJ&citation_for_view=M3KZnPwAAAAJ:iH-uZ7U-co4C",
      "authors": "T Oikarinen, G Yan, A Kulkarni, TW Weng",
      "venue": "arXiv preprint arXiv:2506.07985, 2025",
      "year": 2025,
      "citations": 1
    },
    {
      "title": "Similar failures of consideration arise in human and machine planning",
      "url": "https://scholar.google.com/citations?view_op=view_citation&hl=en&user=M3KZnPwAAAAJ&citation_for_view=M3KZnPwAAAAJ:ULOm3_A8WrAC",
      "authors": "A Zhang, M Langenkamp, M Kleiman-Weiner, T Oikarinen, F Cushman",
      "venue": "Cognition 259, 106108, 2025",
      "year": 2025,
      "citations": 1
    },
    {
      "title": "SAND: Enhancing Open-Set Neuron Descriptions through Spatial Awareness",
      "url": "https://scholar.google.com/citations?view_op=view_citation&hl=en&user=M3KZnPwAAAAJ&citation_for_view=M3KZnPwAAAAJ:j3f4tGmQtD8C",
      "authors": "AA Srinivas, T Oikarinen, D Srivastava, WH Weng, TW Weng",
      "venue": "2025 IEEE/CVF Winter Conference on Applications of Computer Vision (WACV …, 2025",
      "year": 2025,
      "citations": 0
    },
    {
      "title": "Concept Bottleneck Large Language Models",
      "url": "https://scholar.google.com/citations?view_op=view_citation&hl=en&user=M3KZnPwAAAAJ&citation_for_view=M3KZnPwAAAAJ:e5wmG9Sq2KIC",
      "authors": "CE Sun, T Oikarinen, B Ustun, TW Weng",
      "venue": "International Conference on Learning Representations 2025, 2024",
      "year": 2024,
      "citations": 30
    },
    {
      "title": "Interpreting neurons in deep vision networks with language models",
      "url": "https://scholar.google.com/citations?view_op=view_citation&hl=en&user=M3KZnPwAAAAJ&citation_for_view=M3KZnPwAAAAJ:bEWYMUwI8FkC",
      "authors": "N Bai, RA Iyer, T Oikarinen, A Kulkarni, TW Weng",
      "venue": "arXiv preprint arXiv:2403.13771, 2024",
      "year": 2024,
      "citations": 19
    },
    {
      "title": "Linear Explanations for Individual Neurons",
      "url": "https://scholar.google.com/citations?view_op=view_citation&hl=en&user=M3KZnPwAAAAJ&citation_for_view=M3KZnPwAAAAJ:hC7cP41nSMkC",
      "authors": "T Oikarinen, TW Weng",
      "venue": "International Conference on Machine Learning 2024, 2024",
      "year": 2024,
      "citations": 16
    },
    {
      "title": "Concept Bottleneck Language Models For protein design",
      "url": "https://scholar.google.com/citations?view_op=view_citation&hl=en&user=M3KZnPwAAAAJ&citation_for_view=M3KZnPwAAAAJ:mB3voiENLucC",
      "authors": "AA Ismail, T Oikarinen, A Wang, J Adebayo, S Stanton, T Joren, ...",
      "venue": "International Conference on Learning Representations 2025, 2024",
      "year": 2024,
      "citations": 9
    },
    {
      "title": "Concept-driven continual learning",
      "url": "https://scholar.google.com/citations?view_op=view_citation&hl=en&user=M3KZnPwAAAAJ&citation_for_view=M3KZnPwAAAAJ:hFOr9nPyWt4C",
      "authors": "SH Yang, T Oikarinen, TW Weng",
      "venue": "Transactions on Machine Learning Research, 2024",
      "year": 2024,
      "citations": 4
    },
    {
      "title": "Method, product, and system for detecting malicious network activity using a graph mixture density neural network",
      "url": "https://scholar.google.com/citations?view_op=view_citation&hl=en&user=M3KZnPwAAAAJ&citation_for_view=M3KZnPwAAAAJ:Tyk-4Ss8FVUC",
      "authors": "S Kazerounian, DC Hannah, TP Oikarinen",
      "venue": "US Patent 11,880,764, 2024",
      "year": 2024,
      "citations": 0
    },
    {
      "title": "Label-free Concept Bottleneck Models",
      "url": "https://scholar.google.com/citations?view_op=view_citation&hl=en&user=M3KZnPwAAAAJ&citation_for_view=M3KZnPwAAAAJ:Wp0gIr-vW9MC",
      "authors": "T Oikarinen, S Das, LM Nguyen, TW Weng",
      "venue": "International Conference on Learning Representations (ICLR 2023), 2023",
      "year": 2023,
      "citations": 322
    },
    {
      "title": "The Importance of Prompt Tuning for Automated Neuron Explanations",
      "url": "https://scholar.google.com/citations?view_op=view_citation&hl=en&user=M3KZnPwAAAAJ&citation_for_view=M3KZnPwAAAAJ:L8Ckcad2t8MC",
      "authors": "J Lee, T Oikarinen, A Chatha, KC Chang, Y Chen, TW Weng",
      "venue": "arXiv preprint arXiv:2310.06200, 2023",
      "year": 2023,
      "citations": 10
    },
    {
      "title": "Concept-Monitor: Understanding DNN training through individual neurons",
      "url": "https://scholar.google.com/citations?view_op=view_citation&hl=en&user=M3KZnPwAAAAJ&citation_for_view=M3KZnPwAAAAJ:KlAtU1dfN6UC",
      "authors": "MA Khan, T Oikarinen, TW Weng",
      "venue": "arXiv preprint arXiv:2304.13346, 2023",
      "year": 2023,
      "citations": 3
    },
    {
      "title": "Corrupting neuron explanations of deep visual features",
      "url": "https://scholar.google.com/citations?view_op=view_citation&hl=en&user=M3KZnPwAAAAJ&citation_for_view=M3KZnPwAAAAJ:4TOpqqG69KYC",
      "authors": "D Srivastava, T Oikarinen, TW Weng",
      "venue": "Proceedings of the IEEE/CVF International Conference on Computer Vision …, 2023",
      "year": 2023,
      "citations": 1
    },
    {
      "title": "CLIP-Dissect: Automatic Description of Neuron Representations in Deep Vision Networks",
      "url": "https://scholar.google.com/citations?view_op=view_citation&hl=en&user=M3KZnPwAAAAJ&citation_for_view=M3KZnPwAAAAJ:_FxGoFyzp5QC",
      "authors": "T Oikarinen, TW Weng",
      "venue": "The Eleventh International Conference on Learning Representations (ICLR 2023), 2022",
      "year": 2022,
      "citations": 134
    },
    {
      "title": "Robust deep reinforcement learning through adversarial loss",
      "url": "https://scholar.google.com/citations?view_op=view_citation&hl=en&user=M3KZnPwAAAAJ&citation_for_view=M3KZnPwAAAAJ:2osOgNQ5qMEC",
      "authors": "T Oikarinen, W Zhang, A Megretski, L Daniel, TW Weng",
      "venue": "Advances in Neural Information Processing Systems 34, 26156-26167, 2021",
      "year": 2021,
      "citations": 139
    },
    {
      "title": "GraphMDN: Leveraging graph structure and deep learning to solve inverse problems",
      "url": "https://scholar.google.com/citations?view_op=view_citation&hl=en&user=M3KZnPwAAAAJ&citation_for_view=M3KZnPwAAAAJ:qjMakFHDy7sC",
      "authors": "T Oikarinen, D Hannah, S Kazerounian",
      "venue": "2021 International Joint Conference on Neural Networks (IJCNN), 1-9, 2021",
      "year": 2021,
      "citations": 43
    },
    {
      "title": "Deep convolutional network for animal sound classification and source attribution using dual audio recordings",
      "url": "https://scholar.google.com/citations?view_op=view_citation&hl=en&user=M3KZnPwAAAAJ&citation_for_view=M3KZnPwAAAAJ:u5HHmVD_uO8C",
      "authors": "T Oikarinen, K Srinivasan, O Meisner, JB Hyman, S Parmar, ...",
      "venue": "The Journal of the Acoustical Society of America 145 (2), 654-662, 2019",
      "year": 2019,
      "citations": 83
    },
    {
      "title": "Landslide geohazard assessment with convolutional neural networks using sentinel-2 imagery data",
      "url": "https://scholar.google.com/citations?view_op=view_citation&hl=en&user=M3KZnPwAAAAJ&citation_for_view=M3KZnPwAAAAJ:d1gkVwhDpl0C",
      "authors": "SL Ullo, MS Langenkamp, TP Oikarinen, MP Del Rosso, A Sebastianelli, ...",
      "venue": "IGARSS 2019-2019 IEEE International Geoscience and Remote Sensing Symposium …, 2019",
      "year": 2019,
      "citations": 39
    }
  ],
  "co_authors": [
    {
      "name": "Tsui-Wei Weng",
      "scholar_id": "v8GM4xoAAAAJ",
      "url": "https://scholar.google.com/citations?user=v8GM4xoAAAAJ"
    },
    {
      "name": "Chung-En Sun",
      "scholar_id": "qOb4k_wAAAAJ",
      "url": "https://scholar.google.com/citations?user=qOb4k_wAAAAJ"
    },
    {
      "name": "Max Langenkamp",
      "scholar_id": "WVLla6oAAAAJ",
      "url": "https://scholar.google.com/citations?user=WVLla6oAAAAJ"
    },
    {
      "name": "Ge Yan",
      "scholar_id": "wUkQzzEAAAAJ",
      "url": "https://scholar.google.com/citations?user=wUkQzzEAAAAJ"
    },
    {
      "name": "Akshay Kulkarni",
      "scholar_id": "VGztDcYAAAAJ",
      "url": "https://scholar.google.com/citations?user=VGztDcYAAAAJ"
    }
  ]
}