{
  "author_info": {
    "name": "Marc-Alexandre Côté",
    "affiliation": "Microsoft Research",
    "email_verified": "Verified email at microsoft.com - Homepage",
    "website": "https://www.microsoft.com/en-us/research/people/macote/",
    "interests": [
      "Deep Learning",
      "Natural Language Understanding",
      "Reinforcement Learning",
      "Text-based Games"
    ],
    "photo_url": "https://scholar.googleusercontent.com/citations?view_op=view_photo&user=L83CE5gAAAAJ&citpid=4"
  },
  "citation_stats": {
    "citations_all": 7838,
    "citations_since_2020": 6049,
    "h_index_all": 30,
    "h_index_since_2020": 27,
    "i10_index_all": 57,
    "i10_index_since_2020": 52,
    "citation_graph": [
      {
        "year": 2016,
        "citations": 95
      },
      {
        "year": 2017,
        "citations": 340
      },
      {
        "year": 2018,
        "citations": 514
      },
      {
        "year": 2019,
        "citations": 696
      },
      {
        "year": 2020,
        "citations": 800
      },
      {
        "year": 2021,
        "citations": 885
      },
      {
        "year": 2022,
        "citations": 866
      },
      {
        "year": 2023,
        "citations": 983
      },
      {
        "year": 2024,
        "citations": 1166
      },
      {
        "year": 2025,
        "citations": 1338
      }
    ]
  },
  "papers": [
    {
      "title": "Scienceworld: Is your agent smarter than a 5th grader?",
      "url": "https://scholar.google.com/citations?view_op=view_citation&hl=en&user=L83CE5gAAAAJ&citation_for_view=L83CE5gAAAAJ:eMMeJKvmdy0C",
      "authors": "R Wang, P Jansen, MA Côté, P Ammanabrolu",
      "venue": "arXiv preprint arXiv:2203.07540, 2022",
      "year": 2022,
      "citations": 192
    },
    {
      "title": "Alfworld: Aligning text and embodied environments for interactive learning",
      "url": "https://scholar.google.com/citations?view_op=view_citation&hl=en&user=L83CE5gAAAAJ&citation_for_view=L83CE5gAAAAJ:olpn-zPbct0C",
      "authors": "M Shridhar, X Yuan, MA Côté, Y Bisk, A Trischler, M Hausknecht",
      "venue": "arXiv preprint arXiv:2010.03768, 2020",
      "year": 2020,
      "citations": 674
    },
    {
      "title": "Interactive fiction games: A colossal adventure",
      "url": "https://scholar.google.com/citations?view_op=view_citation&hl=en&user=L83CE5gAAAAJ&citation_for_view=L83CE5gAAAAJ:V3AGJWp-ZtQC",
      "authors": "M Hausknecht, P Ammanabrolu, MA Côté, X Yuan",
      "venue": "Proceedings of the AAAI Conference on Artificial Intelligence 34 (05), 7903-7910, 2020",
      "year": 2020,
      "citations": 260
    },
    {
      "title": "Learning dynamic belief graphs to generalize on text-based games",
      "url": "https://scholar.google.com/citations?view_op=view_citation&hl=en&user=L83CE5gAAAAJ&citation_for_view=L83CE5gAAAAJ:t6usbXjVLHcC",
      "authors": "A Adhikari, X Yuan, MA Côté, M Zelinka, MA Rondeau, R Laroche, ...",
      "venue": "Advances in Neural Information Processing Systems 33, 3045-3057, 2020",
      "year": 2020,
      "citations": 128
    },
    {
      "title": "Graph policy network for transferable active learning on graphs",
      "url": "https://scholar.google.com/citations?view_op=view_citation&hl=en&user=L83CE5gAAAAJ&citation_for_view=L83CE5gAAAAJ:XiVPGOgt02cC",
      "authors": "S Hu, Z Xiong, M Qu, X Yuan, MA Côté, Z Liu, J Tang",
      "venue": "Advances in Neural Information Processing Systems 33, 10174-10185, 2020",
      "year": 2020,
      "citations": 89
    },
    {
      "title": "Unsupervised state representation learning in atari",
      "url": "https://scholar.google.com/citations?view_op=view_citation&hl=en&user=L83CE5gAAAAJ&citation_for_view=L83CE5gAAAAJ:q3oQSFYPqjQC",
      "authors": "A Anand, E Racah, S Ozair, Y Bengio, MA Côté, RD Hjelm",
      "venue": "Advances in Neural Information Processing Systems, 8766-8779, 2019",
      "year": 2019,
      "citations": 353
    },
    {
      "title": "nipy/nibabel: 5.0. 0",
      "url": "https://scholar.google.com/citations?view_op=view_citation&hl=en&user=L83CE5gAAAAJ&citation_for_view=L83CE5gAAAAJ:WA5NYHcadZ8C",
      "authors": "M Brett, CJ Markiewicz, M Hanke, MA Côté, B Cipollini, P McCarthy, ...",
      "venue": "Zenodo, 2019",
      "year": 2019,
      "citations": 166
    },
    {
      "title": "Textworld: A learning environment for text-based games",
      "url": "https://scholar.google.com/citations?view_op=view_citation&hl=en&user=L83CE5gAAAAJ&citation_for_view=L83CE5gAAAAJ:fQNAKQ3IYiAC",
      "authors": "MA Côté, Á Kádár, X Yuan, B Kybartas, T Barnes, E Fine, J Moore, ...",
      "venue": "Workshop on Computer Games, 41-75, 2018",
      "year": 2018,
      "citations": 431
    },
    {
      "title": "Recognition of white matter bundles using local and global streamline-based registration and clustering",
      "url": "https://scholar.google.com/citations?view_op=view_citation&hl=en&user=L83CE5gAAAAJ&citation_for_view=L83CE5gAAAAJ:8AbLer7MMksC",
      "authors": "E Garyfallidis, MA Côté, F Rheault, J Sidhu, J Hau, L Petit, D Fortin, ...",
      "venue": "NeuroImage 170, 283-295, 2018",
      "year": 2018,
      "citations": 325
    },
    {
      "title": "Counting to explore and generalize in text-based games",
      "url": "https://scholar.google.com/citations?view_op=view_citation&hl=en&user=L83CE5gAAAAJ&citation_for_view=L83CE5gAAAAJ:VOx2b1Wkg3QC",
      "authors": "X Yuan, MA Côté, A Sordoni, R Laroche, RT Combes, M Hausknecht, ...",
      "venue": "arXiv preprint arXiv:1806.11525, 2018",
      "year": 2018,
      "citations": 75
    },
    {
      "title": "Layla El Asri, Mahmoud Adada, Wendy Tay, and Adam Trischler",
      "url": "https://scholar.google.com/citations?view_op=view_citation&hl=en&user=L83CE5gAAAAJ&citation_for_view=L83CE5gAAAAJ:35r97b3x0nAC",
      "authors": "MA Côté, Á Kádár, X Yuan, B Kybartas, T Barnes, E Fine, J Moore, ...",
      "venue": "Textworld: A learning environment for text-based games. CoRR, abs/1806.11532 2, 2018",
      "year": 2018,
      "citations": 75
    },
    {
      "title": "The challenge of mapping the human connectome based on diffusion tractography",
      "url": "https://scholar.google.com/citations?view_op=view_citation&hl=en&user=L83CE5gAAAAJ&citation_for_view=L83CE5gAAAAJ:LPZeul_q3PIC",
      "authors": "KH Maier-Hein, PF Neher, JC Houde, MA Côté, E Garyfallidis, J Zhong, ...",
      "venue": "Nature communications 8 (1), 1349, 2017",
      "year": 2017,
      "citations": 1414
    },
    {
      "title": "Z-forcing: Training stochastic recurrent networks",
      "url": "https://scholar.google.com/citations?view_op=view_citation&hl=en&user=L83CE5gAAAAJ&citation_for_view=L83CE5gAAAAJ:5Ul4iDaHHb8C",
      "authors": "AG ALIAS PARTH GOYAL, A Sordoni, MA Côté, NR Ke, Y Bengio",
      "venue": "Advances in neural information processing systems 30, 2017",
      "year": 2017,
      "citations": 246
    },
    {
      "title": "A test-retest study on Parkinson's PPMI dataset yields statistically significant white matter fascicles",
      "url": "https://scholar.google.com/citations?view_op=view_citation&hl=en&user=L83CE5gAAAAJ&citation_for_view=L83CE5gAAAAJ:4fKUyHm3Qg0C",
      "authors": "M Cousineau, PM Jodoin, E Garyfallidis, MA Côté, FC Morency, ...",
      "venue": "NeuroImage: Clinical 16, 222-233, 2017",
      "year": 2017,
      "citations": 177
    },
    {
      "title": "Learn to track: deep learning for tractography",
      "url": "https://scholar.google.com/citations?view_op=view_citation&hl=en&user=L83CE5gAAAAJ&citation_for_view=L83CE5gAAAAJ:sSrBHYA8nusC",
      "authors": "P Poulin, MA Côté, JC Houde, L Petit, PF Neher, KH Maier-Hein, ...",
      "venue": "International Conference on Medical Image Computing and Computer-Assisted …, 2017",
      "year": 2017,
      "citations": 79
    },
    {
      "title": "Theano: A Python framework for fast computation of mathematical expressions",
      "url": "https://scholar.google.com/citations?view_op=view_citation&hl=en&user=L83CE5gAAAAJ&citation_for_view=L83CE5gAAAAJ:_Re3VWB3Y0AC",
      "authors": "R Al-Rfou, G Alain, A Almahairi, C Angermueller, D Bahdanau, N Ballas, ...",
      "venue": "arXiv e-prints, arXiv: 1605.02688, 2016",
      "year": 2016,
      "citations": 1019
    },
    {
      "title": "Neural autoregressive distribution estimation",
      "url": "https://scholar.google.com/citations?view_op=view_citation&hl=en&user=L83CE5gAAAAJ&citation_for_view=L83CE5gAAAAJ:Tiz5es2fbqcC",
      "authors": "B Uria, MA Côté, K Gregor, I Murray, H Larochelle",
      "venue": "Journal of Machine Learning Research 17 (205), 1-37, 2016",
      "year": 2016,
      "citations": 462
    },
    {
      "title": "Theano: A Python framework for fast computation of mathematical expressions",
      "url": "https://scholar.google.com/citations?view_op=view_citation&hl=en&user=L83CE5gAAAAJ&citation_for_view=L83CE5gAAAAJ:WbkHhVStYXYC",
      "authors": "TTD Team, R Al-Rfou, G Alain, A Almahairi, C Angermueller, D Bahdanau, ...",
      "venue": "arXiv preprint arXiv:1605.02688, 2016",
      "year": 2016,
      "citations": 207
    },
    {
      "title": "Tractography-based connectomes are dominated by false-positive connections",
      "url": "https://scholar.google.com/citations?view_op=view_citation&hl=en&user=L83CE5gAAAAJ&citation_for_view=L83CE5gAAAAJ:l7t_Zn2s7bgC",
      "authors": "KH Maier-Hein, P Neher, JC Houde, MA Côté, E Garyfallidis, J Zhong, ...",
      "venue": "biorxiv, 084137, 2016",
      "year": 2016,
      "citations": 77
    },
    {
      "title": "Tractometer: towards validation of tractography pipelines",
      "url": "https://scholar.google.com/citations?view_op=view_citation&hl=en&user=L83CE5gAAAAJ&citation_for_view=L83CE5gAAAAJ:d1gkVwhDpl0C",
      "authors": "MA Côté, G Girard, A Boré, E Garyfallidis, JC Houde, M Descoteaux",
      "venue": "Medical image analysis 17 (7), 844-857, 2013",
      "year": 2013,
      "citations": 280
    }
  ],
  "co_authors": [
    {
      "name": "Xingdi Yuan",
      "scholar_id": "dS3LulEAAAAJ",
      "url": "https://scholar.google.com/citations?user=dS3LulEAAAAJ"
    },
    {
      "name": "Adam Trischler",
      "scholar_id": "EvUM6UUAAAAJ",
      "url": "https://scholar.google.com/citations?user=EvUM6UUAAAAJ"
    },
    {
      "name": "Eleftherios Garyfallidis",
      "scholar_id": "Ln2EyRYAAAAJ",
      "url": "https://scholar.google.com/citations?user=Ln2EyRYAAAAJ"
    },
    {
      "name": "Maxime Descoteaux",
      "scholar_id": "ohzG9ScAAAAJ",
      "url": "https://scholar.google.com/citations?user=ohzG9ScAAAAJ"
    },
    {
      "name": "Matthew Hausknecht",
      "scholar_id": "lutJce0AAAAJ",
      "url": "https://scholar.google.com/citations?user=lutJce0AAAAJ"
    },
    {
      "name": "Alessandro Sordoni",
      "scholar_id": "DJon7w4AAAAJ",
      "url": "https://scholar.google.com/citations?user=DJon7w4AAAAJ"
    },
    {
      "name": "Prithviraj Ammanabrolu",
      "scholar_id": "2yaiWZ8AAAAJ",
      "url": "https://scholar.google.com/citations?user=2yaiWZ8AAAAJ"
    },
    {
      "name": "Hugo Larochelle",
      "scholar_id": "U89FHq4AAAAJ",
      "url": "https://scholar.google.com/citations?user=U89FHq4AAAAJ"
    },
    {
      "name": "Peter A Jansen",
      "scholar_id": "wc1Hbl8AAAAJ",
      "url": "https://scholar.google.com/citations?user=wc1Hbl8AAAAJ"
    },
    {
      "name": "Ruoyao Wang",
      "scholar_id": "EPHWeL4AAAAJ",
      "url": "https://scholar.google.com/citations?user=EPHWeL4AAAAJ"
    },
    {
      "name": "Francois Rheault",
      "scholar_id": "IWMMMGsAAAAJ",
      "url": "https://scholar.google.com/citations?user=IWMMMGsAAAAJ"
    },
    {
      "name": "Gabriel Girard",
      "scholar_id": "-Zoh5mIAAAAJ",
      "url": "https://scholar.google.com/citations?user=-Zoh5mIAAAAJ"
    },
    {
      "name": "Arnaud Boré",
      "scholar_id": "yuYgGGQAAAAJ",
      "url": "https://scholar.google.com/citations?user=yuYgGGQAAAAJ"
    },
    {
      "name": "Peter Neher",
      "scholar_id": "AfYCJjAAAAAJ",
      "url": "https://scholar.google.com/citations?user=AfYCJjAAAAAJ"
    },
    {
      "name": "Iain Murray",
      "scholar_id": "4BEvaw8AAAAJ",
      "url": "https://scholar.google.com/citations?user=4BEvaw8AAAAJ"
    },
    {
      "name": "Benigno Uría",
      "scholar_id": "3Qjt0BUAAAAJ",
      "url": "https://scholar.google.com/citations?user=3Qjt0BUAAAAJ"
    },
    {
      "name": "Martin Cousineau",
      "scholar_id": "TzN8migAAAAJ",
      "url": "https://scholar.google.com/citations?user=TzN8migAAAAJ"
    },
    {
      "name": "Pierre-Marc Jodoin",
      "scholar_id": "JM9-OOsAAAAJ",
      "url": "https://scholar.google.com/citations?user=JM9-OOsAAAAJ"
    },
    {
      "name": "Klaus H. Maier-Hein",
      "scholar_id": "oCrBpVMAAAAJ",
      "url": "https://scholar.google.com/citations?user=oCrBpVMAAAAJ"
    },
    {
      "name": "Maxime Chamberland",
      "scholar_id": "7wq30k4AAAAJ",
      "url": "https://scholar.google.com/citations?user=7wq30k4AAAAJ"
    }
  ]
}