{
  "author_info": {
    "name": "Claudio Fanconi",
    "affiliation": "University of Cambridge",
    "email_verified": "Verified email at cam.ac.uk - Homepage",
    "website": "https://fanconic.github.io/",
    "interests": [
      "Machine Learning",
      "Deep Learning",
      "Computer Vision",
      "Natural Language Processing"
    ],
    "photo_url": "https://scholar.googleusercontent.com/citations?view_op=view_photo&user=Uko0QY4AAAAJ&citpid=5"
  },
  "citation_stats": {
    "citations_all": 342,
    "citations_since_2020": 341,
    "h_index_all": 7,
    "h_index_since_2020": 7,
    "i10_index_all": 6,
    "i10_index_since_2020": 6,
    "citation_graph": [
      {
        "year": 2020,
        "citations": 2
      },
      {
        "year": 2021,
        "citations": 4
      },
      {
        "year": 2022,
        "citations": 18
      },
      {
        "year": 2023,
        "citations": 44
      },
      {
        "year": 2024,
        "citations": 114
      },
      {
        "year": 2025,
        "citations": 156
      }
    ]
  },
  "papers": [
    {
      "title": "A scoping review of machine learning models to predict risk of falls in elders, without using sensor data",
      "url": "https://scholar.google.com/citations?view_op=view_citation&hl=en&user=Uko0QY4AAAAJ&citation_for_view=Uko0QY4AAAAJ:aqlVkmm33-oC",
      "authors": "A Capodici, C Fanconi, C Curtin, A Shapiro, F Noci, A Giannoni, ...",
      "venue": "Diagnostic and Prognostic Research 9 (1), 11, 2025",
      "year": 2025,
      "citations": 4
    },
    {
      "title": "Learning a Dense Reasoning Reward Model from Expert Demonstration via Inverse Reinforcement Learning",
      "url": "https://scholar.google.com/citations?view_op=view_citation&hl=en&user=Uko0QY4AAAAJ&citation_for_view=Uko0QY4AAAAJ:mVmsd5A6BfQC",
      "authors": "C Fanconi, N Astorga, M van der Schaar",
      "venue": "arXiv preprint arXiv:2510.01857, 2025",
      "year": 2025,
      "citations": 0
    },
    {
      "title": "Discovering Preference Optimization Algorithms with and for Large Language Models",
      "url": "https://scholar.google.com/citations?view_op=view_citation&hl=en&user=Uko0QY4AAAAJ&citation_for_view=Uko0QY4AAAAJ:kNdYIx-mwKoC",
      "authors": "C Lu*, S Holt*, C Fanconi*, AJ Chan, J Foerster, M van der Schaar, ...",
      "venue": "Proceedings of the 38th Conference on Neural Information Processing Systems …, 2024",
      "year": 2024,
      "citations": 39
    },
    {
      "title": "Predicting depression risk in patients with cancer using multimodal data: algorithm development study",
      "url": "https://scholar.google.com/citations?view_op=view_citation&hl=en&user=Uko0QY4AAAAJ&citation_for_view=Uko0QY4AAAAJ:LkGwnXOMwfcC",
      "authors": "A de Hond, M van Buchem, C Fanconi, M Roy, D Blayney, I Kant, ...",
      "venue": "JMIR medical informatics 12 (1), e51925, 2024",
      "year": 2024,
      "citations": 18
    },
    {
      "title": "Applying natural language processing to patient messages to identify depression concerns in cancer patients",
      "url": "https://scholar.google.com/citations?view_op=view_citation&hl=en&user=Uko0QY4AAAAJ&citation_for_view=Uko0QY4AAAAJ:YOwf2qJgpHMC",
      "authors": "MM van Buchem, AAH de Hond, C Fanconi, V Shah, M Schuessler, ...",
      "venue": "Journal of the American Medical Informatics Association 31 (10), 2255-2262, 2024",
      "year": 2024,
      "citations": 7
    },
    {
      "title": "Few-shot Steerable Alignment: Adapting Rewards and LLM Policies with Neural Processes",
      "url": "https://scholar.google.com/citations?view_op=view_citation&hl=en&user=Uko0QY4AAAAJ&citation_for_view=Uko0QY4AAAAJ:4TOpqqG69KYC",
      "authors": "K Kobalczyk*, C Fanconi*, H Sun, M van der Schaar",
      "venue": "ICML 2025 Workshop on Models of Human Feedback for AI Alignment, *equal …, 2024",
      "year": 2024,
      "citations": 1
    },
    {
      "title": "Predict, diagnose, and treat chronic kidney disease with machine learning: a systematic literature review",
      "url": "https://scholar.google.com/citations?view_op=view_citation&hl=en&user=Uko0QY4AAAAJ&citation_for_view=Uko0QY4AAAAJ:2osOgNQ5qMEC",
      "authors": "F Sanmarchi, C Fanconi, D Golinelli, D Gori, T Hernandez-Boussard, ...",
      "venue": "Journal of nephrology 36 (4), 1101-1117, 2023",
      "year": 2023,
      "citations": 101
    },
    {
      "title": "Natural Language Processing Methods to Identify Oncology Patients at High Risk for Acute Care with Clinical Notes",
      "url": "https://scholar.google.com/citations?view_op=view_citation&hl=en&user=Uko0QY4AAAAJ&citation_for_view=Uko0QY4AAAAJ:d1gkVwhDpl0C",
      "authors": "C Fanconi, M van Buchem, T Hernandez-Boussard",
      "venue": "AMIA 2023 Informatics Summit, 138-147, 2023",
      "year": 2023,
      "citations": 15
    },
    {
      "title": "A Bayesian approach to predictive uncertainty in chemotherapy patients at risk of acute care utilization",
      "url": "https://scholar.google.com/citations?view_op=view_citation&hl=en&user=Uko0QY4AAAAJ&citation_for_view=Uko0QY4AAAAJ:IjCSPb-OGe4C",
      "authors": "C Fanconi, A De Hond, D Peterson, A Capodici, T Hernandez-Boussard",
      "venue": "EBioMedicine 92, 2023",
      "year": 2023,
      "citations": 8
    },
    {
      "title": "This Reads Like That: Deep Learning for Interpretable Natural Language Processing",
      "url": "https://scholar.google.com/citations?view_op=view_citation&hl=en&user=Uko0QY4AAAAJ&citation_for_view=Uko0QY4AAAAJ:ufrVoPGSRksC",
      "authors": "C Fanconi*, M Vandenhirtz*, S Husmann, JE Vogt",
      "venue": "Proceedings of the 2023 Conference on Empirical Methods in Natural Language …, 2023",
      "year": 2023,
      "citations": 7
    },
    {
      "title": "Uncertainty Estimation and Natural Language Processing to Identify Patients under Chemotherapy at Risk of Acute Care Use",
      "url": "https://scholar.google.com/citations?view_op=view_citation&hl=en&user=Uko0QY4AAAAJ&citation_for_view=Uko0QY4AAAAJ:qxL8FJ1GzNcC",
      "authors": "C Fanconi",
      "venue": "ETH Zürich, 2022",
      "year": 2022,
      "citations": 0
    },
    {
      "title": "This looks like that... does it? Shortcomings of latent space prototype interpretability in deep networks",
      "url": "https://scholar.google.com/citations?view_op=view_citation&hl=en&user=Uko0QY4AAAAJ&citation_for_view=Uko0QY4AAAAJ:u5HHmVD_uO8C",
      "authors": "A Hoffmann*, C Fanconi*, R Rade*, J Kohler",
      "venue": "ICML 2021 Workshop on Theoretic Foundation, Criticism, and Application Trend …, 2021",
      "year": 2021,
      "citations": 82
    },
    {
      "title": "Skin Cancer Toy Dataset: Malignant vs. Benign",
      "url": "https://scholar.google.com/citations?view_op=view_citation&hl=en&user=Uko0QY4AAAAJ&citation_for_view=Uko0QY4AAAAJ:WF5omc3nYNoC",
      "authors": "C Fanconi",
      "venue": "Kaggle, 2019",
      "year": 2019,
      "citations": 60
    },
    {
      "title": "Cascaded Language Models for Cost-Effective Human–AI Decision-Making",
      "url": "https://scholar.google.com/citations?view_op=view_citation&hl=en&user=Uko0QY4AAAAJ&citation_for_view=Uko0QY4AAAAJ:9ZlFYXVOiuMC",
      "authors": "C Fanconi, M van der Schaar",
      "venue": "The Thirty-ninth Annual Conference on Neural Information Processing Systems, 0",
      "citations": 0
    }
  ],
  "co_authors": [
    {
      "name": "Tina Hernandez-Boussard",
      "scholar_id": "ht_PaFUAAAAJ",
      "url": "https://scholar.google.com/citations?user=ht_PaFUAAAAJ"
    },
    {
      "name": "Angelo Capodici",
      "scholar_id": "VCDtFG8PcyYC",
      "url": "https://scholar.google.com/citations?user=VCDtFG8PcyYC"
    },
    {
      "name": "Mihaela van der Schaar",
      "scholar_id": "DZ3S--MAAAAJ",
      "url": "https://scholar.google.com/citations?user=DZ3S--MAAAAJ"
    },
    {
      "name": "Davide Golinelli",
      "scholar_id": "oXgYhL8AAAAJ",
      "url": "https://scholar.google.com/citations?user=oXgYhL8AAAAJ"
    },
    {
      "name": "Rahul Rade",
      "scholar_id": "Uesh1YIAAAAJ",
      "url": "https://scholar.google.com/citations?user=Uesh1YIAAAAJ"
    },
    {
      "name": "Marieke M. van Buchem",
      "scholar_id": "9i1B46AAAAAJ",
      "url": "https://scholar.google.com/citations?user=9i1B46AAAAAJ"
    },
    {
      "name": "Anne de Hond",
      "scholar_id": "kJPmYCcAAAAJ",
      "url": "https://scholar.google.com/citations?user=kJPmYCcAAAAJ"
    },
    {
      "name": "Jonas Kohler",
      "scholar_id": "a1rCLUMAAAAJ",
      "url": "https://scholar.google.com/citations?user=a1rCLUMAAAAJ"
    },
    {
      "name": "Chris Lu",
      "scholar_id": "4WLoIRsAAAAJ",
      "url": "https://scholar.google.com/citations?user=4WLoIRsAAAAJ"
    },
    {
      "name": "Alex J. Chan",
      "scholar_id": "yfy_BGIAAAAJ",
      "url": "https://scholar.google.com/citations?user=yfy_BGIAAAAJ"
    },
    {
      "name": "Robert Tjarko Lange",
      "scholar_id": "cTrc3x4AAAAJ",
      "url": "https://scholar.google.com/citations?user=cTrc3x4AAAAJ"
    },
    {
      "name": "Jakob Foerster",
      "scholar_id": "6z4lQzMAAAAJ",
      "url": "https://scholar.google.com/citations?user=6z4lQzMAAAAJ"
    },
    {
      "name": "Samuel Holt",
      "scholar_id": "Ey5aInIAAAAJ",
      "url": "https://scholar.google.com/citations?user=Ey5aInIAAAAJ"
    },
    {
      "name": "Moritz Vandenhirtz",
      "scholar_id": "H2cG0BwAAAAJ",
      "url": "https://scholar.google.com/citations?user=H2cG0BwAAAAJ"
    },
    {
      "name": "Maximilian Schuessler",
      "scholar_id": "TEqbhwgAAAAJ",
      "url": "https://scholar.google.com/citations?user=TEqbhwgAAAAJ"
    },
    {
      "name": "Alberto Giannoni",
      "scholar_id": "Nq_NlTUAAAAJ",
      "url": "https://scholar.google.com/citations?user=Nq_NlTUAAAAJ"
    },
    {
      "name": "Catherine Curtin",
      "scholar_id": "o-c9t4wAAAAJ",
      "url": "https://scholar.google.com/citations?user=o-c9t4wAAAAJ"
    },
    {
      "name": "Katarzyna Kobalczyk",
      "scholar_id": "PyIbICgAAAAJ",
      "url": "https://scholar.google.com/citations?user=PyIbICgAAAAJ"
    },
    {
      "name": "Hao Sun",
      "scholar_id": "7ZNoHJkAAAAJ",
      "url": "https://scholar.google.com/citations?user=7ZNoHJkAAAAJ"
    },
    {
      "name": "Nicolás Astorga",
      "scholar_id": "oLiBK8cAAAAJ",
      "url": "https://scholar.google.com/citations?user=oLiBK8cAAAAJ"
    }
  ]
}