{
  "author_info": {
    "name": "Mingchen Zhuge",
    "affiliation": "KAUST AI",
    "email_verified": "Verified email at kaust.edu.sa - Homepage",
    "website": "https://metauto.ai/",
    "interests": [
      "Multimodal",
      "LLM",
      "AI Agents",
      "Code Generation"
    ],
    "photo_url": "https://scholar.googleusercontent.com/citations?view_op=view_photo&user=Qnj6XlMAAAAJ&citpid=4"
  },
  "citation_stats": {
    "citations_all": 3995,
    "citations_since_2020": 3993,
    "h_index_all": 15,
    "h_index_since_2020": 15,
    "i10_index_all": 17,
    "i10_index_since_2020": 17,
    "citation_graph": [
      {
        "year": 2021,
        "citations": 24
      },
      {
        "year": 2022,
        "citations": 70
      },
      {
        "year": 2023,
        "citations": 288
      },
      {
        "year": 2024,
        "citations": 1031
      },
      {
        "year": 2025,
        "citations": 2562
      }
    ]
  },
  "papers": [
    {
      "title": "OpenHands: An Open Platform for AI Software Developers as Generalist Agents",
      "url": "https://scholar.google.com/citations?view_op=view_citation&hl=en&user=Qnj6XlMAAAAJ&citation_for_view=Qnj6XlMAAAAJ:8AbLer7MMksC",
      "authors": "X Wang, B Li, Y Song, FF Xu, X Tang, M Zhuge, J Pan, Y Song, B Li, ...",
      "venue": "ICLR, 2025",
      "year": 2025,
      "citations": 403
    },
    {
      "title": "Data Interpreter: An LLM Agent For Data Science",
      "url": "https://scholar.google.com/citations?view_op=view_citation&hl=en&user=Qnj6XlMAAAAJ&citation_for_view=Qnj6XlMAAAAJ:tOudhMTPpwUC",
      "authors": "S Hong, Y Lin, B Liu, B Wu, D Li, J Chen, J Zhang, J Wang, L Zhang, ...",
      "venue": "ACL (Findings), 2025",
      "year": 2025,
      "citations": 192
    },
    {
      "title": "Aflow: Automating agentic workflow generation",
      "url": "https://scholar.google.com/citations?view_op=view_citation&hl=en&user=Qnj6XlMAAAAJ&citation_for_view=Qnj6XlMAAAAJ:LPtt_HFRSbwC",
      "authors": "J Zhang, J Xiang, Z Yu, F Teng, X Chen, J Chen, M Zhuge, X Cheng, ...",
      "venue": "ICLR (Oral), 2025",
      "year": 2025,
      "citations": 189
    },
    {
      "title": "Agent-as-a-Judge: Evaluate Agents with Agents",
      "url": "https://scholar.google.com/citations?view_op=view_citation&hl=en&user=Qnj6XlMAAAAJ&citation_for_view=Qnj6XlMAAAAJ:eflP2zaiRacC",
      "authors": "M Zhuge, C Zhao, D Ashley, W Wang, D Khizbullin, Y Xiong, Z Liu, ...",
      "venue": "ICML, 2025",
      "year": 2025,
      "citations": 114
    },
    {
      "title": "Advances and challenges in foundation agents: From brain-inspired intelligence to evolutionary, collaborative, and safe systems",
      "url": "https://scholar.google.com/citations?view_op=view_citation&hl=en&user=Qnj6XlMAAAAJ&citation_for_view=Qnj6XlMAAAAJ:pAkWuXOU-OoC",
      "authors": "B Liu, X Li, J Zhang, J Wang, T He, S Hong, H Liu, S Zhang, K Song, ...",
      "venue": "arXiv preprint arXiv:2504.01990, 2025",
      "year": 2025,
      "citations": 107
    },
    {
      "title": "Beyond outlining: Heterogeneous recursive planning for adaptive long-form writing with language models",
      "url": "https://scholar.google.com/citations?view_op=view_citation&hl=en&user=Qnj6XlMAAAAJ&citation_for_view=Qnj6XlMAAAAJ:HhcuHIWmDEUC",
      "authors": "R Xiong, Y Chen, D Khizbullin, M Zhuge, J Schmidhuber",
      "venue": "EMNLP (Oral, Outstanding Papar Nomination), 2025",
      "year": 2025,
      "citations": 7
    },
    {
      "title": "Mixture of States: Routing Token-Level Dynamics for Multimodal Generation",
      "url": "https://scholar.google.com/citations?view_op=view_citation&hl=en&user=Qnj6XlMAAAAJ&citation_for_view=Qnj6XlMAAAAJ:mWEH9CqjF64C",
      "authors": "H Liu, D Liu, M Zhuge, Z Zhou, T Xie, S He, Y Yang, S Liu, Y Cong, J Guo, ...",
      "venue": "arXiv preprint arXiv:2511.12207, 2025",
      "year": 2025,
      "citations": 0
    },
    {
      "title": "Human-Level Coding Agent Development by an Approximation of the Optimal Self-Improving Machine",
      "url": "https://scholar.google.com/citations?view_op=view_citation&hl=en&user=Qnj6XlMAAAAJ&citation_for_view=Qnj6XlMAAAAJ:2l5NCbZemmgC",
      "authors": "W Wang, P Piękos, L Nanbo, F Laakom, Y Chen, M Ostaszewski, ...",
      "venue": "arXiv preprint arXiv:2510.21614, 2025",
      "year": 2025,
      "citations": 0
    },
    {
      "title": "MetaGPT: Meta Programming for a Multi-Agent Collaborative Framework",
      "url": "https://scholar.google.com/citations?view_op=view_citation&hl=en&user=Qnj6XlMAAAAJ&citation_for_view=Qnj6XlMAAAAJ:OBSaB-F7qqsC",
      "authors": "S Hong*, M Zhuge*, J Chen, X Zheng, Y Cheng, C Zhang, Z Wang, ...",
      "venue": "ICLR (Oral), 2024",
      "year": 2024,
      "citations": 1778
    },
    {
      "title": "GPTSwarm: Language Agents as Optimizable Graphs",
      "url": "https://scholar.google.com/citations?view_op=view_citation&hl=en&user=Qnj6XlMAAAAJ&citation_for_view=Qnj6XlMAAAAJ:sSrBHYA8nusC",
      "authors": "M Zhuge, W Wang, L Kirsch, F Faccio, D Khizbullin, J Schmidhuber",
      "venue": "ICML (Oral), 2024",
      "year": 2024,
      "citations": 186
    },
    {
      "title": "Goldfish: Vision-language understanding of arbitrarily long videos",
      "url": "https://scholar.google.com/citations?view_op=view_citation&hl=en&user=Qnj6XlMAAAAJ&citation_for_view=Qnj6XlMAAAAJ:VN7nJs4JPk0C",
      "authors": "K Ataallah, X Shen, E Abdelrahman, E Sleiman, M Zhuge, J Ding, D Zhu, ...",
      "venue": "ECCV, 2024",
      "year": 2024,
      "citations": 31
    },
    {
      "title": "Mindstorms in Natural Language-Based Societies of Mind",
      "url": "https://scholar.google.com/citations?view_op=view_citation&hl=en&user=Qnj6XlMAAAAJ&citation_for_view=Qnj6XlMAAAAJ:NhqRSupF_l8C",
      "authors": "M Zhuge, H Liu, F Faccio, DR Ashley, R Csordás, A Gopalakrishnan, ...",
      "venue": "NeurIPSW (Oral, Best Paper Award) & CVM Journal, 2023",
      "year": 2023,
      "citations": 115
    },
    {
      "title": "Skating-Mixer: Long-term Sport Audio-Visual Modeling with MLPs",
      "url": "https://scholar.google.com/citations?view_op=view_citation&hl=en&user=Qnj6XlMAAAAJ&citation_for_view=Qnj6XlMAAAAJ:WF5omc3nYNoC",
      "authors": "J Xia*, M Zhuge*, T Geng, S Fan, Y Wei, Z He, F Zheng",
      "venue": "AAAI, 2023",
      "year": 2023,
      "citations": 41
    },
    {
      "title": "Learning to Identify Critical States for Reinforcement Learning from Videos",
      "url": "https://scholar.google.com/citations?view_op=view_citation&hl=en&user=Qnj6XlMAAAAJ&citation_for_view=Qnj6XlMAAAAJ:nb7KW1ujOQ8C",
      "authors": "H Liu*, M Zhuge*, B Li, Y Wang, F Faccio, B Ghanem, J Schmidhuber",
      "venue": "ICCV, 2023",
      "year": 2023,
      "citations": 20
    },
    {
      "title": "NewsNet: A Novel Dataset for Hierarchical Temporal Segmentation",
      "url": "https://scholar.google.com/citations?view_op=view_citation&hl=en&user=Qnj6XlMAAAAJ&citation_for_view=Qnj6XlMAAAAJ:yD5IFk8b50cC",
      "authors": "H Wu*, K Chen*, H Liu*, M Zhuge*, B Li, R Qiao, X Shu, B Gan, L Xu, ...",
      "venue": "CVPR, 2023",
      "year": 2023,
      "citations": 14
    },
    {
      "title": "Domain specific pre-training of cross modality transformer model",
      "url": "https://scholar.google.com/citations?view_op=view_citation&hl=en&user=Qnj6XlMAAAAJ&citation_for_view=Qnj6XlMAAAAJ:L1USKYWJimsC",
      "authors": "DP Fan, M Zhuge, L Shao",
      "venue": "US Patent 11,687,835, 2023",
      "year": 2023,
      "citations": 12
    },
    {
      "title": "Salient Object Detection via Integrity Learning",
      "url": "https://scholar.google.com/citations?view_op=view_citation&hl=en&user=Qnj6XlMAAAAJ&citation_for_view=Qnj6XlMAAAAJ:u5HHmVD_uO8C",
      "authors": "M Zhuge, DP Fan, N Liu, D Zhang, D Xu, L Shao",
      "venue": "TPAMI, 2022",
      "year": 2022,
      "citations": 467
    },
    {
      "title": "CubeNet: X-shape Connection for Camouflaged Object Detection",
      "url": "https://scholar.google.com/citations?view_op=view_citation&hl=en&user=Qnj6XlMAAAAJ&citation_for_view=Qnj6XlMAAAAJ:roLk4NBRz8UC",
      "authors": "M Zhuge, X Lu, Y Guo, Z Cai, S Chen",
      "venue": "Pattern Recognition, 2022",
      "year": 2022,
      "citations": 118
    },
    {
      "title": "Masked Vision-Language Transformer in Fashion",
      "url": "https://scholar.google.com/citations?view_op=view_citation&hl=en&user=Qnj6XlMAAAAJ&citation_for_view=Qnj6XlMAAAAJ:GnPB-g6toBAC",
      "authors": "GP Ji*, M Zhuge*, D Gao, DP Fan, C Sakaridis, L Van Gool",
      "venue": "MIR, 2022",
      "year": 2022,
      "citations": 31
    },
    {
      "title": "Kaleido-BERT: Vision-Language Pre-training on Fashion Domain",
      "url": "https://scholar.google.com/citations?view_op=view_citation&hl=en&user=Qnj6XlMAAAAJ&citation_for_view=Qnj6XlMAAAAJ:9yKSN-GCB0IC",
      "authors": "M Zhuge, D Gao, DP Fan, L Jin, B Chen, H Zhou, M Qiu, L Shao",
      "venue": "CVPR, 2021",
      "year": 2021,
      "citations": 170
    }
  ],
  "co_authors": [
    {
      "name": "Juergen Schmidhuber",
      "scholar_id": "gLnCTgIAAAAJ",
      "url": "https://scholar.google.com/citations?user=gLnCTgIAAAAJ"
    },
    {
      "name": "Dmitrii Khizbullin",
      "scholar_id": "Fqbc_RkAAAAJ",
      "url": "https://scholar.google.com/citations?user=Fqbc_RkAAAAJ"
    },
    {
      "name": "Deng-Ping Fan (范登平)",
      "scholar_id": "kakwJ5QAAAAJ",
      "url": "https://scholar.google.com/citations?user=kakwJ5QAAAAJ"
    },
    {
      "name": "Graham Neubig",
      "scholar_id": "wlosgkoAAAAJ",
      "url": "https://scholar.google.com/citations?user=wlosgkoAAAAJ"
    },
    {
      "name": "Ling Shao, Fellow of IEEE/IAPR",
      "scholar_id": "z84rLjoAAAAJ",
      "url": "https://scholar.google.com/citations?user=z84rLjoAAAAJ"
    },
    {
      "name": "Francesco Faccio",
      "scholar_id": "0z3DkrkAAAAJ",
      "url": "https://scholar.google.com/citations?user=0z3DkrkAAAAJ"
    },
    {
      "name": "Dylan R. Ashley",
      "scholar_id": "DDxCaIsAAAAJ",
      "url": "https://scholar.google.com/citations?user=DDxCaIsAAAAJ"
    },
    {
      "name": "Gao Dehong",
      "scholar_id": "0uPb8MMAAAAJ",
      "url": "https://scholar.google.com/citations?user=0uPb8MMAAAAJ"
    },
    {
      "name": "Changsheng Zhao",
      "scholar_id": "bXnrlyAAAAAJ",
      "url": "https://scholar.google.com/citations?user=bXnrlyAAAAAJ"
    },
    {
      "name": "Louis Kirsch",
      "scholar_id": "w8AkOEAAAAAJ",
      "url": "https://scholar.google.com/citations?user=w8AkOEAAAAAJ"
    },
    {
      "name": "Zechun Liu",
      "scholar_id": "lA7ylt4AAAAJ",
      "url": "https://scholar.google.com/citations?user=lA7ylt4AAAAJ"
    },
    {
      "name": "Yuandong Tian",
      "scholar_id": "0mgEF28AAAAJ",
      "url": "https://scholar.google.com/citations?user=0mgEF28AAAAJ"
    },
    {
      "name": "Vikas Chandra",
      "scholar_id": "p-h_BvcAAAAJ",
      "url": "https://scholar.google.com/citations?user=p-h_BvcAAAAJ"
    },
    {
      "name": "Yangyang Shi",
      "scholar_id": "b-zD42MAAAAJ",
      "url": "https://scholar.google.com/citations?user=b-zD42MAAAAJ"
    },
    {
      "name": "Yunyang Xiong",
      "scholar_id": "k5FaRwcAAAAJ",
      "url": "https://scholar.google.com/citations?user=k5FaRwcAAAAJ"
    },
    {
      "name": "Haozhe Liu",
      "scholar_id": "QX51P54AAAAJ",
      "url": "https://scholar.google.com/citations?user=QX51P54AAAAJ"
    },
    {
      "name": "Bernard Ghanem",
      "scholar_id": "rVsGTeEAAAAJ",
      "url": "https://scholar.google.com/citations?user=rVsGTeEAAAAJ"
    },
    {
      "name": "Luc Van Gool",
      "scholar_id": "TwMib_QAAAAJ",
      "url": "https://scholar.google.com/citations?user=TwMib_QAAAAJ"
    },
    {
      "name": "Ge-Peng Ji",
      "scholar_id": "oaxKYKUAAAAJ",
      "url": "https://scholar.google.com/citations?user=oaxKYKUAAAAJ"
    },
    {
      "name": "Deyao Zhu",
      "scholar_id": "dENNKrsAAAAJ",
      "url": "https://scholar.google.com/citations?user=dENNKrsAAAAJ"
    }
  ]
}