{
  "author_info": {
    "name": "Jingyang Huo",
    "affiliation": "Fudan University",
    "email_verified": "Verified email at m.fudan.edu.cn",
    "interests": [],
    "photo_url": "/citations/images/avatar_scholar_128.png"
  },
  "citation_stats": {
    "citations_all": 107,
    "citations_since_2020": 107,
    "h_index_all": 6,
    "h_index_since_2020": 6,
    "i10_index_all": 4,
    "i10_index_since_2020": 4,
    "citation_graph": [
      {
        "year": 2023,
        "citations": 3
      },
      {
        "year": 2024,
        "citations": 34
      },
      {
        "year": 2025,
        "citations": 68
      }
    ]
  },
  "papers": [
    {
      "title": "DecoFuse: Decomposing and Fusing the\" What\",\" Where\", and\" How\" for Brain-Inspired fMRI-to-Video Decoding",
      "url": "https://scholar.google.com/citations?view_op=view_citation&hl=en&user=NasDhEMAAAAJ&citation_for_view=NasDhEMAAAAJ:W7OEmFMy1HYC",
      "authors": "C Li, J Huo, W Gong, Y Fu, X Xue, J Feng",
      "venue": "arXiv preprint arXiv:2504.00432, 2025",
      "year": 2025,
      "citations": 1
    },
    {
      "title": "Neuropictor: Refining fmri-to-image reconstruction via multi-individual pretraining and multi-level modulation",
      "url": "https://scholar.google.com/citations?view_op=view_citation&hl=en&user=NasDhEMAAAAJ&citation_for_view=NasDhEMAAAAJ:UeHWp8X0CEIC",
      "authors": "J Huo, Y Wang, Y Wang, X Qian, C Li, Y Fu, J Feng",
      "venue": "European Conference on Computer Vision, 56-73, 2024",
      "year": 2024,
      "citations": 27
    },
    {
      "title": "Enhancing cross-subject fmri-to-video decoding with global-local functional alignment",
      "url": "https://scholar.google.com/citations?view_op=view_citation&hl=en&user=NasDhEMAAAAJ&citation_for_view=NasDhEMAAAAJ:Tyk-4Ss8FVUC",
      "authors": "C Li, X Qian, Y Wang, J Huo, X Xue, Y Fu, J Feng",
      "venue": "European Conference on Computer Vision, 353-369, 2024",
      "year": 2024,
      "citations": 16
    },
    {
      "title": "Coexistence of cyclic sequential pattern recognition and associative memory in neural networks by attractor mechanisms",
      "url": "https://scholar.google.com/citations?view_op=view_citation&hl=en&user=NasDhEMAAAAJ&citation_for_view=NasDhEMAAAAJ:zYLM7Y9cAGgC",
      "authors": "J Huo, J Yu, M Wang, Z Yi, J Leng, Y Liao",
      "venue": "IEEE Transactions on Neural Networks and Learning Systems 36 (3), 4959-4970, 2024",
      "year": 2024,
      "citations": 8
    },
    {
      "title": "Intelligent director: An automatic framework for dynamic visual composition using chatgpt",
      "url": "https://scholar.google.com/citations?view_op=view_citation&hl=en&user=NasDhEMAAAAJ&citation_for_view=NasDhEMAAAAJ:qjMakFHDy7sC",
      "authors": "S Zheng, J Huo, Y Wang, Y Fu",
      "venue": "arXiv preprint arXiv:2402.15746, 2024",
      "year": 2024,
      "citations": 2
    },
    {
      "title": "Geovln: Learning geometry-enhanced visual representation with slot attention for vision-and-language navigation",
      "url": "https://scholar.google.com/citations?view_op=view_citation&hl=en&user=NasDhEMAAAAJ&citation_for_view=NasDhEMAAAAJ:u-x6o8ySG0sC",
      "authors": "J Huo, Q Sun, B Jiang, H Lin, Y Fu",
      "venue": "Proceedings of the IEEE/CVF conference on computer vision and pattern …, 2023",
      "year": 2023,
      "citations": 24
    },
    {
      "title": "fmri-pte: A large-scale fmri pretrained transformer encoder for multi-subject brain activity decoding",
      "url": "https://scholar.google.com/citations?view_op=view_citation&hl=en&user=NasDhEMAAAAJ&citation_for_view=NasDhEMAAAAJ:2osOgNQ5qMEC",
      "authors": "X Qian, Y Wang, J Huo, J Feng, Y Fu",
      "venue": "arXiv preprint arXiv:2311.00342, 2023",
      "year": 2023,
      "citations": 20
    },
    {
      "title": "Pushing the limits of 3d shape generation at scale",
      "url": "https://scholar.google.com/citations?view_op=view_citation&hl=en&user=NasDhEMAAAAJ&citation_for_view=NasDhEMAAAAJ:9yKSN-GCB0IC",
      "authors": "Y Wang, X Qian, J Huo, T Huang, B Zhao, Y Fu",
      "venue": "arXiv preprint arXiv:2306.11510, 2023",
      "year": 2023,
      "citations": 9
    },
    {
      "title": "H4MER: Human 4D Modeling by Learning Neural Compositional Representation With Transformer",
      "url": "https://scholar.google.com/citations?view_op=view_citation&hl=en&user=NasDhEMAAAAJ&citation_for_view=NasDhEMAAAAJ:d1gkVwhDpl0C",
      "authors": "B Jiang, Y Zhang, J Huo, X Xue, Y Fu",
      "venue": "IEEE Transactions on Pattern Analysis and Machine Intelligence 45 (12 …, 2023",
      "year": 2023,
      "citations": 0
    },
    {
      "title": "Enhancing Cross-Subject fMRI-to-Video Decoding with Global-Local Functional Alignment (Supplementary Material)",
      "url": "https://scholar.google.com/citations?view_op=view_citation&hl=en&user=NasDhEMAAAAJ&citation_for_view=NasDhEMAAAAJ:Y0pCki6q_DkC",
      "authors": "C Li, X Qian, Y Wang, J Huo, X Xue, Y Fu, J Feng",
      "venue": "",
      "citations": 0
    }
  ],
  "co_authors": []
}