{
  "author_info": {
    "name": "Laurynas Karazija",
    "affiliation": "University of Oxford",
    "email_verified": "Verified email at robots.ox.ac.uk - Homepage",
    "website": "https://karazijal.github.io/",
    "interests": [],
    "photo_url": "/citations/images/avatar_scholar_128.png"
  },
  "citation_stats": {
    "citations_all": 299,
    "citations_since_2020": 289,
    "h_index_all": 5,
    "h_index_since_2020": 5,
    "i10_index_all": 5,
    "i10_index_since_2020": 5,
    "citation_graph": [
      {
        "year": 2018,
        "citations": 2
      },
      {
        "year": 2019,
        "citations": 7
      },
      {
        "year": 2020,
        "citations": 3
      },
      {
        "year": 2021,
        "citations": 10
      },
      {
        "year": 2022,
        "citations": 24
      },
      {
        "year": 2023,
        "citations": 68
      },
      {
        "year": 2024,
        "citations": 97
      },
      {
        "year": 2025,
        "citations": 87
      }
    ]
  },
  "papers": [
    {
      "title": "What Happens Next? Anticipating Future Motion by Generating Point Trajectories",
      "url": "https://scholar.google.com/citations?view_op=view_citation&hl=en&user=Kyt9trwAAAAJ&citation_for_view=Kyt9trwAAAAJ:0EnyYjriUFMC",
      "authors": "G Boduljak, L Karazija, I Laina, C Rupprecht, A Vedaldi",
      "venue": "arXiv preprint arXiv:2509.21592, 2025",
      "year": 2025,
      "citations": 0
    },
    {
      "title": "Diffusion models for open-vocabulary segmentation",
      "url": "https://scholar.google.com/citations?view_op=view_citation&hl=en&user=Kyt9trwAAAAJ&citation_for_view=Kyt9trwAAAAJ:roLk4NBRz8UC",
      "authors": "L Karazija, I Laina, A Vedaldi, C Rupprecht",
      "venue": "European Conference on Computer Vision, 299-317, 2024",
      "year": 2024,
      "citations": 107
    },
    {
      "title": "Learning segmentation from point trajectories",
      "url": "https://scholar.google.com/citations?view_op=view_citation&hl=en&user=Kyt9trwAAAAJ&citation_for_view=Kyt9trwAAAAJ:Se3iqnhoufwC",
      "authors": "L Karazija, I Laina, C Rupprecht, A Vedaldi",
      "venue": "Advances in Neural Information Processing Systems 37, 112573-112597, 2024",
      "year": 2024,
      "citations": 2
    },
    {
      "title": "Guess What Moves: Unsupervised Video and Image Segmentation by Anticipating Motion",
      "url": "https://scholar.google.com/citations?view_op=view_citation&hl=en&user=Kyt9trwAAAAJ&citation_for_view=Kyt9trwAAAAJ:eQOLeE2rZwMC",
      "authors": "S Choudhury*, L Karazija*, I Laina, A Vedaldi, C Rupprecht",
      "venue": "British Machine Vision Conference 2022, 2022",
      "year": 2022,
      "citations": 44
    },
    {
      "title": "Unsupervised multi-object segmentation by predicting probable motion patterns",
      "url": "https://scholar.google.com/citations?view_op=view_citation&hl=en&user=Kyt9trwAAAAJ&citation_for_view=Kyt9trwAAAAJ:WF5omc3nYNoC",
      "authors": "L Karazija, S Choudhury, I Laina, C Rupprecht, A Vedaldi",
      "venue": "Advances in Neural Information Processing Systems 35, 2128-2141, 2022",
      "year": 2022,
      "citations": 21
    },
    {
      "title": "Clevrtex: A texture-rich benchmark for unsupervised multi-object segmentation",
      "url": "https://scholar.google.com/citations?view_op=view_citation&hl=en&user=Kyt9trwAAAAJ&citation_for_view=Kyt9trwAAAAJ:W7OEmFMy1HYC",
      "authors": "L Karazija, I Laina, C Rupprecht",
      "venue": "NeurIPS Datasets and Benchmarks 1, 2021",
      "year": 2021,
      "citations": 99
    },
    {
      "title": "Cross-modal recurrent models for weight objective prediction from multimodal time-series data",
      "url": "https://scholar.google.com/citations?view_op=view_citation&hl=en&user=Kyt9trwAAAAJ&citation_for_view=Kyt9trwAAAAJ:Tyk-4Ss8FVUC",
      "authors": "P Veličković, L Karazija, ND Lane, S Bhattacharya, E Liberis, P Liò, ...",
      "venue": "proceedings of the 12th EAI international conference on pervasive computing …, 2018",
      "year": 2018,
      "citations": 24
    },
    {
      "title": "Automatic inference of cross-modal connection topologies for x-CNNs",
      "url": "https://scholar.google.com/citations?view_op=view_citation&hl=en&user=Kyt9trwAAAAJ&citation_for_view=Kyt9trwAAAAJ:IjCSPb-OGe4C",
      "authors": "L Karazija, P Veličković, P Liò",
      "venue": "International Symposium on Neural Networks, 54-63, 2018",
      "year": 2018,
      "citations": 2
    },
    {
      "title": "Connection Topologies for X-CNNs",
      "url": "https://scholar.google.com/citations?view_op=view_citation&hl=en&user=Kyt9trwAAAAJ&citation_for_view=Kyt9trwAAAAJ:hqOjcs7Dif8C",
      "authors": "L Karazija",
      "venue": "Advances in Neural Networks–ISNN 2018: 15th International Symposium on …, 2018",
      "year": 2018,
      "citations": 0
    },
    {
      "title": "Cross-modal Recurrent Models for Human Weight Objective Prediction from Multimodal Time-series Data.",
      "url": "https://scholar.google.com/citations?view_op=view_citation&hl=en&user=Kyt9trwAAAAJ&citation_for_view=Kyt9trwAAAAJ:YsMSGLbcyi4C",
      "authors": "P Velickovic, L Karazija, ND Lane, S Bhattacharya, E Liberis, P Liò, ...",
      "venue": "CoRR, 2017",
      "year": 2017,
      "citations": 0
    }
  ],
  "co_authors": [
    {
      "name": "Iro Laina",
      "scholar_id": "n9nXAPcAAAAJ",
      "url": "https://scholar.google.com/citations?user=n9nXAPcAAAAJ"
    },
    {
      "name": "Christian Rupprecht",
      "scholar_id": "IrYlproAAAAJ",
      "url": "https://scholar.google.com/citations?user=IrYlproAAAAJ"
    },
    {
      "name": "Andrea Vedaldi",
      "scholar_id": "bRT7t28AAAAJ",
      "url": "https://scholar.google.com/citations?user=bRT7t28AAAAJ"
    },
    {
      "name": "Subhabrata Choudhury",
      "scholar_id": "hdrXRx8AAAAJ",
      "url": "https://scholar.google.com/citations?user=hdrXRx8AAAAJ"
    }
  ]
}