{
  "author_info": {
    "name": "Weiqiang Zheng",
    "affiliation": "Yale University",
    "email_verified": "Verified email at yale.edu - Homepage",
    "website": "https://weiqiang-zheng.com/",
    "interests": [
      "Economics and Computation",
      "Optimization",
      "Online Learning",
      "Game Theory"
    ],
    "photo_url": "https://scholar.googleusercontent.com/citations?view_op=view_photo&user=YrfhnIwAAAAJ&citpid=4"
  },
  "citation_stats": {
    "citations_all": 400,
    "citations_since_2020": 400,
    "h_index_all": 10,
    "h_index_since_2020": 10,
    "i10_index_all": 10,
    "i10_index_since_2020": 10,
    "citation_graph": [
      {
        "year": 2021,
        "citations": 2
      },
      {
        "year": 2022,
        "citations": 38
      },
      {
        "year": 2023,
        "citations": 77
      },
      {
        "year": 2024,
        "citations": 111
      },
      {
        "year": 2025,
        "citations": 170
      }
    ]
  },
  "papers": [
    {
      "title": "Last-Iterate Convergence Properties of Regret-Matching Algorithms in Games",
      "url": "https://scholar.google.com/citations?view_op=view_citation&hl=en&user=YrfhnIwAAAAJ&citation_for_view=YrfhnIwAAAAJ:roLk4NBRz8UC",
      "authors": "Y Cai, G Farina, J Grand-Clément, C Kroer, CW Lee, H Luo, W Zheng",
      "venue": "The 13th International Conference on Learning Representations (ICLR), 2025",
      "year": 2025,
      "citations": 8
    },
    {
      "title": "From Average-Iterate to Last-Iterate Convergence in Games: A Reduction and Its Applications",
      "url": "https://scholar.google.com/citations?view_op=view_citation&hl=en&user=YrfhnIwAAAAJ&citation_for_view=YrfhnIwAAAAJ:ZeXyd9-uunAC",
      "authors": "Y Cai, H Luo, CY Wei, W Zheng",
      "venue": "arXiv preprint arXiv:2506.03464, 2025",
      "year": 2025,
      "citations": 2
    },
    {
      "title": "On Separation Between Best-Iterate, Random-Iterate, and Last-Iterate Convergence of Learning in Games",
      "url": "https://scholar.google.com/citations?view_op=view_citation&hl=en&user=YrfhnIwAAAAJ&citation_for_view=YrfhnIwAAAAJ:dhFuZR0502QC",
      "authors": "Y Cai, G Farina, J Grand-Clément, C Kroer, CW Lee, H Luo, W Zheng",
      "venue": "arXiv preprint arXiv:2503.02825, 2025",
      "year": 2025,
      "citations": 2
    },
    {
      "title": "Fisher Meets Lindahl: A Unified Duality Framework for Market Equilibrium",
      "url": "https://scholar.google.com/citations?view_op=view_citation&hl=en&user=YrfhnIwAAAAJ&citation_for_view=YrfhnIwAAAAJ:hC7cP41nSMkC",
      "authors": "Y Tao, W Zheng",
      "venue": "arXiv preprint arXiv:2511.04572, 2025",
      "year": 2025,
      "citations": 0
    },
    {
      "title": "Proximal Regret and Proximal Correlated Equilibria: A New Tractable Solution Concept for Online Learning and Games",
      "url": "https://scholar.google.com/citations?view_op=view_citation&hl=en&user=YrfhnIwAAAAJ&citation_for_view=YrfhnIwAAAAJ:qUcmZB5y_30C",
      "authors": "Y Cai, C Daskalakis, H Luo, CY Wei, W Zheng",
      "venue": "arXiv preprint arXiv:2511.01852, 2025",
      "year": 2025,
      "citations": 0
    },
    {
      "title": "From Best Responses to Learning: Investment Efficiency in Dynamic Environment",
      "url": "https://scholar.google.com/citations?view_op=view_citation&hl=en&user=YrfhnIwAAAAJ&citation_for_view=YrfhnIwAAAAJ:IWHjjKOFINEC",
      "authors": "C Li, Q Zhang, W Zheng",
      "venue": "arXiv preprint arXiv:2511.01157, 2025",
      "year": 2025,
      "citations": 0
    },
    {
      "title": "Accelerated algorithms for constrained nonconvex-nonconcave min-max optimization and comonotone inclusion",
      "url": "https://scholar.google.com/citations?view_op=view_citation&hl=en&user=YrfhnIwAAAAJ&citation_for_view=YrfhnIwAAAAJ:aqlVkmm33-oC",
      "authors": "Y Cai, A Oikonomou, W Zheng",
      "venue": "The Forty-first International Conference on Machine Learning (ICML), 2024",
      "year": 2024,
      "citations": 49
    },
    {
      "title": "Uncoupled and Convergent Learning in Two-Player Zero-Sum Markov Games with Bandit Feedback",
      "url": "https://scholar.google.com/citations?view_op=view_citation&hl=en&user=YrfhnIwAAAAJ&citation_for_view=YrfhnIwAAAAJ:kNdYIx-mwKoC",
      "authors": "Y Cai, H Luo, CY Wei, W Zheng",
      "venue": "Advances in Neural Information Processing Systems 36, 2024",
      "year": 2024,
      "citations": 31
    },
    {
      "title": "Fast last-iterate convergence of learning in games requires forgetful algorithms",
      "url": "https://scholar.google.com/citations?view_op=view_citation&hl=en&user=YrfhnIwAAAAJ&citation_for_view=YrfhnIwAAAAJ:M3ejUd6NZC8C",
      "authors": "Y Cai, G Farina, J Grand-Clément, C Kroer, CW Lee, H Luo, W Zheng",
      "venue": "The 38th Annual Conference on Neural Information Processing Systems (NeurIPS), 2024",
      "year": 2024,
      "citations": 17
    },
    {
      "title": "Near-optimal policy optimization for correlated equilibrium in general-sum markov games",
      "url": "https://scholar.google.com/citations?view_op=view_citation&hl=en&user=YrfhnIwAAAAJ&citation_for_view=YrfhnIwAAAAJ:hqOjcs7Dif8C",
      "authors": "Y Cai, H Luo, CY Wei, W Zheng",
      "venue": "International Conference on Artificial Intelligence and Statistics, 3889-3897, 2024",
      "year": 2024,
      "citations": 14
    },
    {
      "title": "On Tractable -Equilibria in Non-Concave Games",
      "url": "https://scholar.google.com/citations?view_op=view_citation&hl=en&user=YrfhnIwAAAAJ&citation_for_view=YrfhnIwAAAAJ:Wp0gIr-vW9MC",
      "authors": "Y Cai, C Daskalakis, H Luo, CY Wei, W Zheng",
      "venue": "The 38th Annual Conference on Neural Information Processing Systems (NeurIPS), 2024",
      "year": 2024,
      "citations": 13
    },
    {
      "title": "Comal: A convergent meta-algorithm for aligning llms with general preferences",
      "url": "https://scholar.google.com/citations?view_op=view_citation&hl=en&user=YrfhnIwAAAAJ&citation_for_view=YrfhnIwAAAAJ:mVmsd5A6BfQC",
      "authors": "Y Liu, A Oikonomou, W Zheng, Y Cai, A Cohan",
      "venue": "arXiv preprint arXiv:2410.23223, 2024",
      "year": 2024,
      "citations": 2
    },
    {
      "title": "Learning Thresholds with Latent Values and Censored Feedback",
      "url": "https://scholar.google.com/citations?view_op=view_citation&hl=en&user=YrfhnIwAAAAJ&citation_for_view=YrfhnIwAAAAJ:UebtZRa9Y70C",
      "authors": "J Zhang, T Lin, W Zheng, Z Feng, Y Teng, X Deng",
      "venue": "The Twelfth International Conference on Learning Representations., 2024",
      "year": 2024,
      "citations": 2
    },
    {
      "title": "Accelerated single-call methods for constrained min-max optimization",
      "url": "https://scholar.google.com/citations?view_op=view_citation&hl=en&user=YrfhnIwAAAAJ&citation_for_view=YrfhnIwAAAAJ:Y0pCki6q_DkC",
      "authors": "Y Cai, W Zheng",
      "venue": "The 11th International Conference on Learning Representations, 2023",
      "year": 2023,
      "citations": 52
    },
    {
      "title": "Doubly optimal no-regret learning in monotone games",
      "url": "https://scholar.google.com/citations?view_op=view_citation&hl=en&user=YrfhnIwAAAAJ&citation_for_view=YrfhnIwAAAAJ:KlAtU1dfN6UC",
      "authors": "Y Cai, W Zheng",
      "venue": "International Conference on Machine Learning, 3507-3524, 2023",
      "year": 2023,
      "citations": 21
    },
    {
      "title": "Finite-time last-iterate convergence for learning in multi-player games",
      "url": "https://scholar.google.com/citations?view_op=view_citation&hl=en&user=YrfhnIwAAAAJ&citation_for_view=YrfhnIwAAAAJ:MXK_kJrjxJIC",
      "authors": "Y Cai, A Oikonomou, W Zheng",
      "venue": "Advances in Neural Information Processing Systems 35, 33904-33919, 2022",
      "year": 2022,
      "citations": 138
    },
    {
      "title": "Nash convergence of mean-based learning algorithms in first price auctions",
      "url": "https://scholar.google.com/citations?view_op=view_citation&hl=en&user=YrfhnIwAAAAJ&citation_for_view=YrfhnIwAAAAJ:5nxA0vEk-isC",
      "authors": "X Deng, X Hu, T Lin, W Zheng",
      "venue": "Proceedings of the ACM Web Conference 2022, 141-150, 2022",
      "year": 2022,
      "citations": 28
    },
    {
      "title": "Beyond the worst case: Semi-random complexity analysis of winner determination",
      "url": "https://scholar.google.com/citations?view_op=view_citation&hl=en&user=YrfhnIwAAAAJ&citation_for_view=YrfhnIwAAAAJ:8k81kl-MbHgC",
      "authors": "L Xia, W Zheng",
      "venue": "International Conference on Web and Internet Economics, 330-347, 2022",
      "year": 2022,
      "citations": 6
    },
    {
      "title": "Revenue and User Traffic Maximization in Mobile Short-Video Advertising",
      "url": "https://scholar.google.com/citations?view_op=view_citation&hl=en&user=YrfhnIwAAAAJ&citation_for_view=YrfhnIwAAAAJ:d1gkVwhDpl0C",
      "authors": "D Ran, W Zheng, Y Li, K Bian, J Zhang, X Deng",
      "venue": "Proceedings of the 21st International Conference on Autonomous Agents and …, 2022",
      "year": 2022,
      "citations": 3
    },
    {
      "title": "The Smoothed Complexity of Computing Kemeny and Slater Rankings",
      "url": "https://scholar.google.com/citations?view_op=view_citation&hl=en&user=YrfhnIwAAAAJ&citation_for_view=YrfhnIwAAAAJ:u5HHmVD_uO8C",
      "authors": "L Xia, W Zheng",
      "venue": "Proceedings of the AAAI Conference on Artificial Intelligence 35 (6), 5742-5750, 2021",
      "year": 2021,
      "citations": 12
    }
  ],
  "co_authors": [
    {
      "name": "Yang Cai",
      "scholar_id": "1UWlwuEAAAAJ",
      "url": "https://scholar.google.com/citations?user=1UWlwuEAAAAJ"
    },
    {
      "name": "Haipeng Luo",
      "scholar_id": "ct2hw4UAAAAJ",
      "url": "https://scholar.google.com/citations?user=ct2hw4UAAAAJ"
    },
    {
      "name": "Argyris Oikonomou",
      "scholar_id": "7UEc-zgAAAAJ",
      "url": "https://scholar.google.com/citations?user=7UEc-zgAAAAJ"
    },
    {
      "name": "Chen-Yu Wei",
      "scholar_id": "2L2cR-kAAAAJ",
      "url": "https://scholar.google.com/citations?user=2L2cR-kAAAAJ"
    },
    {
      "name": "Xiaotie Deng",
      "scholar_id": "OBUwP_oAAAAJ",
      "url": "https://scholar.google.com/citations?user=OBUwP_oAAAAJ"
    },
    {
      "name": "Gabriele Farina",
      "scholar_id": "sktDNcEAAAAJ",
      "url": "https://scholar.google.com/citations?user=sktDNcEAAAAJ"
    },
    {
      "name": "Julien Grand-Clément",
      "scholar_id": "K_ZLzdoAAAAJ",
      "url": "https://scholar.google.com/citations?user=K_ZLzdoAAAAJ"
    },
    {
      "name": "Christian Kroer",
      "scholar_id": "ckHwjPAAAAAJ",
      "url": "https://scholar.google.com/citations?user=ckHwjPAAAAAJ"
    },
    {
      "name": "Chung-Wei Lee",
      "scholar_id": "J1GD-bcAAAAJ",
      "url": "https://scholar.google.com/citations?user=J1GD-bcAAAAJ"
    },
    {
      "name": "Constantinos Daskalakis",
      "scholar_id": "iTv2cOgAAAAJ",
      "url": "https://scholar.google.com/citations?user=iTv2cOgAAAAJ"
    },
    {
      "name": "Lirong Xia",
      "scholar_id": "C19mgCgAAAAJ",
      "url": "https://scholar.google.com/citations?user=C19mgCgAAAAJ"
    },
    {
      "name": "Xinyan Hu",
      "scholar_id": "YbkmME4AAAAJ",
      "url": "https://scholar.google.com/citations?user=YbkmME4AAAAJ"
    },
    {
      "name": "Dezhi Ran",
      "scholar_id": "vBqnPi8AAAAJ",
      "url": "https://scholar.google.com/citations?user=vBqnPi8AAAAJ"
    },
    {
      "name": "Kaigui Bian",
      "scholar_id": "P8WKqa4AAAAJ",
      "url": "https://scholar.google.com/citations?user=P8WKqa4AAAAJ"
    },
    {
      "name": "Jie Zhang",
      "scholar_id": "LfPixcYAAAAJ",
      "url": "https://scholar.google.com/citations?user=LfPixcYAAAAJ"
    },
    {
      "name": "Tao Lin",
      "scholar_id": "6uJ5qh4AAAAJ",
      "url": "https://scholar.google.com/citations?user=6uJ5qh4AAAAJ"
    },
    {
      "name": "Yifeng Teng",
      "scholar_id": "CO1j3SMAAAAJ",
      "url": "https://scholar.google.com/citations?user=CO1j3SMAAAAJ"
    },
    {
      "name": "Zhe Feng",
      "scholar_id": "17CrETAAAAAJ",
      "url": "https://scholar.google.com/citations?user=17CrETAAAAAJ"
    },
    {
      "name": "Arman Cohan",
      "scholar_id": "baI7IY0AAAAJ",
      "url": "https://scholar.google.com/citations?user=baI7IY0AAAAJ"
    },
    {
      "name": "Yixin Liu",
      "scholar_id": "sFtxaMkAAAAJ",
      "url": "https://scholar.google.com/citations?user=sFtxaMkAAAAJ"
    }
  ]
}