{
  "author_info": {
    "name": "Siyuan Li",
    "affiliation": "Zhejiang University & Westlake University (Ph.D Candidate)",
    "email_verified": "Verified email at westlake.edu.cn - Homepage",
    "website": "https://lupin1998.github.io/",
    "interests": [
      "AIGC",
      "Network Architecture",
      "Self-supervised Learning",
      "Optimization"
    ],
    "photo_url": "https://scholar.googleusercontent.com/citations?view_op=view_photo&user=SKTQTXwAAAAJ&citpid=6"
  },
  "citation_stats": {
    "citations_all": 2266,
    "citations_since_2020": 2265,
    "h_index_all": 26,
    "h_index_since_2020": 26,
    "i10_index_all": 40,
    "i10_index_since_2020": 40,
    "citation_graph": [
      {
        "year": 2021,
        "citations": 15
      },
      {
        "year": 2022,
        "citations": 97
      },
      {
        "year": 2023,
        "citations": 269
      },
      {
        "year": 2024,
        "citations": 806
      },
      {
        "year": 2025,
        "citations": 1057
      }
    ]
  },
  "papers": [
    {
      "title": "MAPE-PPI: Towards Effective and Efficient Protein-Protein Interaction Prediction via Microenvironment-Aware Protein Embedding",
      "url": "https://scholar.google.com/citations?view_op=view_citation&hl=en&user=SKTQTXwAAAAJ&citation_for_view=SKTQTXwAAAAJ:mB3voiENLucC",
      "authors": "L Wu, Y Tian, Y Huang, S Li, H Lin, NV Chawla, SZ Li",
      "venue": "ICLR 2024 - International Conference on Learning Representations, 2024",
      "year": 2024,
      "citations": 48
    },
    {
      "title": "Mole-bert: Rethinking pre-training graph neural networks for molecules",
      "url": "https://scholar.google.com/citations?view_op=view_citation&hl=en&user=SKTQTXwAAAAJ&citation_for_view=SKTQTXwAAAAJ:1sJd4Hv_s6UC",
      "authors": "J Xia*, C Zhao*, B Hu, Z Gao, C Tan, Y Liu, S Li, SZ Li",
      "venue": "ICLR 2023 - International Conference on Learning Representations, 2023",
      "year": 2023,
      "citations": 230
    },
    {
      "title": "Cvt-slr: Contrastive visual-textual transformation for sign language recognition with variational alignment",
      "url": "https://scholar.google.com/citations?view_op=view_citation&hl=en&user=SKTQTXwAAAAJ&citation_for_view=SKTQTXwAAAAJ:Wp0gIr-vW9MC",
      "authors": "J Zheng, Y Wang, C Tan, S Li, G Wang, J Xia, Y Chen, SZ Li",
      "venue": "CVPR 2023 - IEEE/CVF Conference on Computer Vision and Pattern Recognition …, 2023",
      "year": 2023,
      "citations": 122
    },
    {
      "title": "OpenSTL: A Comprehensive Benchmark of Spatio-Temporal Predictive Learning",
      "url": "https://scholar.google.com/citations?view_op=view_citation&hl=en&user=SKTQTXwAAAAJ&citation_for_view=SKTQTXwAAAAJ:YOwf2qJgpHMC",
      "authors": "C Tan*, S Li*, Z Gao, W Guan, Z Wang, Z Liu, L Wu, SZ Li",
      "venue": "NeurIPS 2023 - Thirty-seventh Conference on Neural Information Processing …, 2023",
      "year": 2023,
      "citations": 108
    },
    {
      "title": "Architecture-Agnostic Masked Image Modeling--From ViT back to CNN",
      "url": "https://scholar.google.com/citations?view_op=view_citation&hl=en&user=SKTQTXwAAAAJ&citation_for_view=SKTQTXwAAAAJ:QIV2ME_5wuYC",
      "authors": "S Li*, D Wu*, F Wu, Z Zang, SZ Li",
      "venue": "ICML 2023 - International Conference on Machine Learning 202, 20149-20167, 2023",
      "year": 2023,
      "citations": 80
    },
    {
      "title": "Understanding the limitations of deep models for molecular property prediction: Insights and solutions",
      "url": "https://scholar.google.com/citations?view_op=view_citation&hl=en&user=SKTQTXwAAAAJ&citation_for_view=SKTQTXwAAAAJ:70eg2SAEIzsC",
      "authors": "J Xia*, L Zhang*, X Zhu, Y Liu, Z Gao, B Hu, C Tan, J Zheng, S Li, SZ Li",
      "venue": "NeurIPS 2023 - Advances in Neural Information Processing Systems 36, 64774-64792, 2023",
      "year": 2023,
      "citations": 56
    },
    {
      "title": "Masked Modeling for Self-supervised Representation Learning on Vision and Beyond",
      "url": "https://scholar.google.com/citations?view_op=view_citation&hl=en&user=SKTQTXwAAAAJ&citation_for_view=SKTQTXwAAAAJ:L8Ckcad2t8MC",
      "authors": "S Li*, L Zhang*, Z Wang, D Wu, L Wu, Z Liu, J Xia, C Tan, Y Liu, B Sun, ...",
      "venue": "arXiv preprint arXiv:2401.00897, 2023",
      "year": 2023,
      "citations": 55
    },
    {
      "title": "GNN Cleaner: Label Cleaner for Graph Structured Data",
      "url": "https://scholar.google.com/citations?view_op=view_citation&hl=en&user=SKTQTXwAAAAJ&citation_for_view=SKTQTXwAAAAJ:_kc_bZDykSQC",
      "authors": "J Xia, H Lin, Y Xu, C Tan, L Wu, S Li, SZ Li",
      "venue": "TKDE 2023 - IEEE Transactions on Knowledge and Data Engineering, 1-12, 2023",
      "year": 2023,
      "citations": 46
    },
    {
      "title": "Harnessing hard mixed samples with decoupled regularizer",
      "url": "https://scholar.google.com/citations?view_op=view_citation&hl=en&user=SKTQTXwAAAAJ&citation_for_view=SKTQTXwAAAAJ:mVmsd5A6BfQC",
      "authors": "Z Liu*, S Li*, G Wang, L Wu, C Tan, SZ Li",
      "venue": "NeurIPS 2023 - Conference on Neural Information Processing Systems, 2023",
      "year": 2023,
      "citations": 42
    },
    {
      "title": "KW-Design: Pushing the Limit of Protein Deign via Knowledge Refinement",
      "url": "https://scholar.google.com/citations?view_op=view_citation&hl=en&user=SKTQTXwAAAAJ&citation_for_view=SKTQTXwAAAAJ:HDshCWvjkbEC",
      "authors": "Z Gao, C Tan, X Chen, Y Zhang, J Xia, S Li, SZ Li",
      "venue": "ICLR 2024 - International Conference on Learning Representations, 2023",
      "year": 2023,
      "citations": 38
    },
    {
      "title": "SemiReward: A General Reward Model for Semi-supervised Learning",
      "url": "https://scholar.google.com/citations?view_op=view_citation&hl=en&user=SKTQTXwAAAAJ&citation_for_view=SKTQTXwAAAAJ:4DMP91E08xMC",
      "authors": "S Li*, W Jin*, Z Wang, F Wu, Z Liu, C Tan, SZ Li",
      "venue": "ICLR 2024 - International Conference on Learning Representations, 2023",
      "year": 2023,
      "citations": 36
    },
    {
      "title": "Rdesign: Hierarchical data-efficient representation learning for tertiary structure-based rna design",
      "url": "https://scholar.google.com/citations?view_op=view_citation&hl=en&user=SKTQTXwAAAAJ&citation_for_view=SKTQTXwAAAAJ:D03iK_w7-QYC",
      "authors": "C Tan, Y Zhang, Z Gao, B Hu, S Li, Z Liu, SZ Li",
      "venue": "ICLR 2024 - International Conference on Learning Representations, 2023",
      "year": 2023,
      "citations": 31
    },
    {
      "title": "MogaNet: Multi-order Gated Aggregation Network",
      "url": "https://scholar.google.com/citations?view_op=view_citation&hl=en&user=SKTQTXwAAAAJ&citation_for_view=SKTQTXwAAAAJ:0EnyYjriUFMC",
      "authors": "S Li*, Z Wang*, Z Liu, C Tan, H Lin, D Wu, Z Chen, J Zheng, SZ Li",
      "venue": "ICLR 2024 - International Conference on Learning Representations, 2022",
      "year": 2022,
      "citations": 217
    },
    {
      "title": "Temporal attention unit: Towards efficient spatiotemporal predictive learning",
      "url": "https://scholar.google.com/citations?view_op=view_citation&hl=en&user=SKTQTXwAAAAJ&citation_for_view=SKTQTXwAAAAJ:MXK_kJrjxJIC",
      "authors": "C Tan*, Z Gao*, S Li, Y Xu, SZ Li",
      "venue": "CVPR 2023 - IEEE/CVF Conference on Computer Vision and Pattern Recognition, 2022",
      "year": 2022,
      "citations": 216
    },
    {
      "title": "SimVPv2: Towards Simple yet Powerful Spatiotemporal Predictive Learning",
      "url": "https://scholar.google.com/citations?view_op=view_citation&hl=en&user=SKTQTXwAAAAJ&citation_for_view=SKTQTXwAAAAJ:j3f4tGmQtD8C",
      "authors": "C Tan*, Z Gao*, S Li*, SZ Li",
      "venue": "TMM 2024 - IEEE Transactions on Multimedia, 2022",
      "year": 2022,
      "citations": 126
    },
    {
      "title": "Divide and Contrast: Source-free Domain Adaptation via Adaptive Contrastive Learning",
      "url": "https://scholar.google.com/citations?view_op=view_citation&hl=en&user=SKTQTXwAAAAJ&citation_for_view=SKTQTXwAAAAJ:ULOm3_A8WrAC",
      "authors": "Z Zhang, W Chen, H Cheng, Z Li, S Li, L Lin, G Li",
      "venue": "NeurIPS 2022 - Advances in Neural Information Processing Systems, 2022",
      "year": 2022,
      "citations": 110
    },
    {
      "title": "OpenMixup: Open Mixup Toolbox and Benchmark for Visual Representation Learning",
      "url": "https://scholar.google.com/citations?view_op=view_citation&hl=en&user=SKTQTXwAAAAJ&citation_for_view=SKTQTXwAAAAJ:UebtZRa9Y70C",
      "authors": "S Li*, Z Wang*, Z Liu*, D Wu, T Cheng, J Weiyang, SZ Li",
      "venue": "arXiv preprint arXiv:2209.04851, 2022",
      "year": 2022,
      "citations": 44
    },
    {
      "title": "DLME: Deep Local-flatness Manifold Embedding",
      "url": "https://scholar.google.com/citations?view_op=view_citation&hl=en&user=SKTQTXwAAAAJ&citation_for_view=SKTQTXwAAAAJ:ufrVoPGSRksC",
      "authors": "Z Zang*, S Li*, D Wu, G Wang, L Shang, B Sun, H Li, SZ Li",
      "venue": "ECCV 2022 - European Conference on Computer Vision, 576–592, 2022",
      "year": 2022,
      "citations": 37
    },
    {
      "title": "Are Gradients on Graph Structure Reliable in Gray-box Attacks?",
      "url": "https://scholar.google.com/citations?view_op=view_citation&hl=en&user=SKTQTXwAAAAJ&citation_for_view=SKTQTXwAAAAJ:LkGwnXOMwfcC",
      "authors": "Z Liu, Y Luo, L Wu, S Li, Z Liu, SZ Li",
      "venue": "CIKM 2022 - The Conference on Information and Knowledge Management, 2022",
      "year": 2022,
      "citations": 32
    },
    {
      "title": "AutoMix: Unveiling the Power of Mixup for Stronger Classifiers",
      "url": "https://scholar.google.com/citations?view_op=view_citation&hl=en&user=SKTQTXwAAAAJ&citation_for_view=SKTQTXwAAAAJ:2osOgNQ5qMEC",
      "authors": "Z Liu*, S Li*, D Wu, Z Liu, Z Chen, L Wu, SZ Li",
      "venue": "ECCV 2022 - European Conference on Computer Vision, 441–458, 2021",
      "year": 2021,
      "citations": 142
    }
  ],
  "co_authors": [
    {
      "name": "Cheng Tan",
      "scholar_id": "6kTV6aMAAAAJ",
      "url": "https://scholar.google.com/citations?user=6kTV6aMAAAAJ"
    },
    {
      "name": "Gao Zhangyang",
      "scholar_id": "4SclT-QAAAAJ",
      "url": "https://scholar.google.com/citations?user=4SclT-QAAAAJ"
    },
    {
      "name": "Lirong Wu",
      "scholar_id": "Tk7TrCoAAAAJ",
      "url": "https://scholar.google.com/citations?user=Tk7TrCoAAAAJ"
    },
    {
      "name": "Zedong Wang",
      "scholar_id": "CEJ4pugAAAAJ",
      "url": "https://scholar.google.com/citations?user=CEJ4pugAAAAJ"
    },
    {
      "name": "Jun Xia (夏俊)",
      "scholar_id": "aPKKpSYAAAAJ",
      "url": "https://scholar.google.com/citations?user=aPKKpSYAAAAJ"
    },
    {
      "name": "Zelin Zang",
      "scholar_id": "foERjnQAAAAJ",
      "url": "https://scholar.google.com/citations?user=foERjnQAAAAJ"
    },
    {
      "name": "Jiangbin Zheng",
      "scholar_id": "egz8bGQAAAAJ",
      "url": "https://scholar.google.com/citations?user=egz8bGQAAAAJ"
    },
    {
      "name": "Zhiyuan Chen",
      "scholar_id": "CKiY8PIAAAAJ",
      "url": "https://scholar.google.com/citations?user=CKiY8PIAAAAJ"
    },
    {
      "name": "Haitao Lin",
      "scholar_id": "o5A23qIAAAAJ",
      "url": "https://scholar.google.com/citations?user=o5A23qIAAAAJ"
    },
    {
      "name": "Yufei Huang",
      "scholar_id": "qmTjdwIAAAAJ",
      "url": "https://scholar.google.com/citations?user=qmTjdwIAAAAJ"
    },
    {
      "name": "Baigui Sun",
      "scholar_id": "ZNhTHywAAAAJ",
      "url": "https://scholar.google.com/citations?user=ZNhTHywAAAAJ"
    },
    {
      "name": "Zihan Liu",
      "scholar_id": "OgIdbfAAAAAJ",
      "url": "https://scholar.google.com/citations?user=OgIdbfAAAAAJ"
    },
    {
      "name": "Fang Wu",
      "scholar_id": "8vHkc5YAAAAJ",
      "url": "https://scholar.google.com/citations?user=8vHkc5YAAAAJ"
    },
    {
      "name": "Stan Z. Li (李子青)",
      "scholar_id": "Y-nyLGIAAAAJ",
      "url": "https://scholar.google.com/citations?user=Y-nyLGIAAAAJ"
    },
    {
      "name": "Zicheng Liu",
      "scholar_id": "EwMGZsgAAAAJ",
      "url": "https://scholar.google.com/citations?user=EwMGZsgAAAAJ"
    },
    {
      "name": "Di Wu",
      "scholar_id": "3V9HgcwAAAAJ",
      "url": "https://scholar.google.com/citations?user=3V9HgcwAAAAJ"
    }
  ]
}