{
  "author_info": {
    "name": "Srikar Appalaraju",
    "affiliation": "Principal Scientist, Amazon",
    "email_verified": "Verified email at amazon.com",
    "interests": [
      "machine learning",
      "computer vision",
      "vision language",
      "multi modal",
      "visual document understanding"
    ],
    "photo_url": "https://scholar.googleusercontent.com/citations?view_op=view_photo&user=KQLmaxgAAAAJ&citpid=4"
  },
  "citation_stats": {
    "citations_all": 1441,
    "citations_since_2020": 1402,
    "h_index_all": 15,
    "h_index_since_2020": 15,
    "i10_index_all": 21,
    "i10_index_since_2020": 21,
    "citation_graph": [
      {
        "year": 2018,
        "citations": 7
      },
      {
        "year": 2019,
        "citations": 29
      },
      {
        "year": 2020,
        "citations": 48
      },
      {
        "year": 2021,
        "citations": 88
      },
      {
        "year": 2022,
        "citations": 179
      },
      {
        "year": 2023,
        "citations": 317
      },
      {
        "year": 2024,
        "citations": 394
      },
      {
        "year": 2025,
        "citations": 371
      }
    ]
  },
  "papers": [
    {
      "title": "Docformerv2: Local features for document understanding",
      "url": "https://scholar.google.com/citations?view_op=view_citation&hl=en&user=KQLmaxgAAAAJ&citation_for_view=KQLmaxgAAAAJ:hC7cP41nSMkC",
      "authors": "S Appalaraju, P Tang, Q Dong, N Sankaran, Y Zhou, R Manmatha",
      "venue": "Proceedings of the AAAI conference on artificial intelligence 38 (2), 709-718, 2024",
      "year": 2024,
      "citations": 76
    },
    {
      "title": "Enhancing vision-language pre-training with rich supervisions",
      "url": "https://scholar.google.com/citations?view_op=view_citation&hl=en&user=KQLmaxgAAAAJ&citation_for_view=KQLmaxgAAAAJ:_Qo2XoVZTnwC",
      "authors": "Y Gao, K Shi, P Zhu, E Belval, O Nuriel, S Appalaraju, S Ghadar, Z Tu, ...",
      "venue": "Proceedings of the IEEE/CVF conference on computer vision and pattern …, 2024",
      "year": 2024,
      "citations": 14
    },
    {
      "title": "DEED: Dynamic Early Exit on Decoder for Accelerating Encoder-Decoder Transformer Models",
      "url": "https://scholar.google.com/citations?view_op=view_citation&hl=en&user=KQLmaxgAAAAJ&citation_for_view=KQLmaxgAAAAJ:maZDTaKrznsC",
      "authors": "P Tang, P Zhu, T Li, S Appalaraju, V Mahadevan, R Manmatha",
      "venue": "Findings of the Association for Computational Linguistics: NAACL 2024, 116--131, 2024",
      "year": 2024,
      "citations": 11
    },
    {
      "title": "Mixgen: A new multi-modal data augmentation",
      "url": "https://scholar.google.com/citations?view_op=view_citation&hl=en&user=KQLmaxgAAAAJ&citation_for_view=KQLmaxgAAAAJ:dhFuZR0502QC",
      "authors": "X Hao, Y Zhu, S Appalaraju, A Zhang, W Zhang, B Li, M Li",
      "venue": "Proceedings of the IEEE/CVF winter conference on applications of computer …, 2023",
      "year": 2023,
      "citations": 153
    },
    {
      "title": "Latr: Layout-aware transformer for scene-text vqa",
      "url": "https://scholar.google.com/citations?view_op=view_citation&hl=en&user=KQLmaxgAAAAJ&citation_for_view=KQLmaxgAAAAJ:qxL8FJ1GzNcC",
      "authors": "AF Biten, R Litman, Y Xie, S Appalaraju, R Manmatha",
      "venue": "Proceedings of the IEEE/CVF conference on computer vision and pattern …, 2022",
      "year": 2022,
      "citations": 126
    },
    {
      "title": "Yoro-lightweight end to end visual grounding",
      "url": "https://scholar.google.com/citations?view_op=view_citation&hl=en&user=KQLmaxgAAAAJ&citation_for_view=KQLmaxgAAAAJ:7PzlFSSx8tAC",
      "authors": "CH Ho, S Appalaraju, B Jasani, R Manmatha, N Vasconcelos",
      "venue": "European Conference on Computer Vision, 3-23, 2022",
      "year": 2022,
      "citations": 28
    },
    {
      "title": "Seetek: Very large-scale open-set logo recognition with text-aware metric learning",
      "url": "https://scholar.google.com/citations?view_op=view_citation&hl=en&user=KQLmaxgAAAAJ&citation_for_view=KQLmaxgAAAAJ:Zph67rFs4hoC",
      "authors": "C Li, I Fehérvári, X Zhao, I Macedo, S Appalaraju",
      "venue": "Proceedings of the IEEE/CVF Winter Conference on Applications of Computer …, 2022",
      "year": 2022,
      "citations": 23
    },
    {
      "title": "Latr: Layoutaware transformer for scene-text vqa. 2022 IEEE",
      "url": "https://scholar.google.com/citations?view_op=view_citation&hl=en&user=KQLmaxgAAAAJ&citation_for_view=KQLmaxgAAAAJ:R3hNpaxXUhUC",
      "authors": "AF Biten, R Litman, Y Xie, S Appalaraju, R Manmatha",
      "venue": "CVF Conference on Computer Vision and Pattern Recognition (CVPR), 16527-16537, 2022",
      "year": 2022,
      "citations": 11
    },
    {
      "title": "DocFormer: End-to-End Transformer for Document Understanding",
      "url": "https://scholar.google.com/citations?view_op=view_citation&hl=en&user=KQLmaxgAAAAJ&citation_for_view=KQLmaxgAAAAJ:M3ejUd6NZC8C",
      "authors": "RM Srikar Appalaraju, Bhavan Jasani, Bhargava Urala Kota, Yusheng Xie",
      "venue": "Proceedings of the IEEE/CVF International Conference on Computer Vision …, 2021",
      "year": 2021,
      "citations": 455
    },
    {
      "title": "Saliency Driven Perceptual Image Compression",
      "url": "https://scholar.google.com/citations?view_op=view_citation&hl=en&user=KQLmaxgAAAAJ&citation_for_view=KQLmaxgAAAAJ:hqOjcs7Dif8C",
      "authors": "Y Patel, S Appalaraju, R Manmatha",
      "venue": "Proceedings of the IEEE/CVF Winter Conference on Applications of Computer …, 2021",
      "year": 2021,
      "citations": 62
    },
    {
      "title": "Hierarchical auto-regressive image compression system",
      "url": "https://scholar.google.com/citations?view_op=view_citation&hl=en&user=KQLmaxgAAAAJ&citation_for_view=KQLmaxgAAAAJ:MXK_kJrjxJIC",
      "authors": "S Appalaraju, Y Patel, R Manmatha",
      "venue": "US Patent 10,965,948, 2021",
      "year": 2021,
      "citations": 17
    },
    {
      "title": "Learned lossy image compression codec",
      "url": "https://scholar.google.com/citations?view_op=view_citation&hl=en&user=KQLmaxgAAAAJ&citation_for_view=KQLmaxgAAAAJ:8k81kl-MbHgC",
      "authors": "S Appalaraju, R Manmatha, Y Patel",
      "venue": "US Patent 10,909,728, 2021",
      "year": 2021,
      "citations": 11
    },
    {
      "title": "Towards Good Practices in Self-supervised Representation Learning",
      "url": "https://scholar.google.com/citations?view_op=view_citation&hl=en&user=KQLmaxgAAAAJ&citation_for_view=KQLmaxgAAAAJ:5nxA0vEk-isC",
      "authors": "S Appalaraju, Y Zhu, Y Xie, I Fehérvári",
      "venue": "Neural Information Processing Systems (NeurIPS Self-Supervision Workshop 2020), 2020",
      "year": 2020,
      "citations": 23
    },
    {
      "title": "Scalable logo recognition using proxies",
      "url": "https://scholar.google.com/citations?view_op=view_citation&hl=en&user=KQLmaxgAAAAJ&citation_for_view=KQLmaxgAAAAJ:UeHWp8X0CEIC",
      "authors": "I Fehérvári, S Appalaraju",
      "venue": "2019 IEEE Winter Conference on Applications of Computer Vision (WACV), 715-725, 2019",
      "year": 2019,
      "citations": 65
    },
    {
      "title": "Artificial intelligence system for image similarity analysis using optimized image pair selection and multi-scale convolutional neural networks",
      "url": "https://scholar.google.com/citations?view_op=view_citation&hl=en&user=KQLmaxgAAAAJ&citation_for_view=KQLmaxgAAAAJ:LkGwnXOMwfcC",
      "authors": "S Appalaraju, VS Chaoji",
      "venue": "US Patent 10,467,526, 2019",
      "year": 2019,
      "citations": 58
    },
    {
      "title": "Deep perceptual compression",
      "url": "https://scholar.google.com/citations?view_op=view_citation&hl=en&user=KQLmaxgAAAAJ&citation_for_view=KQLmaxgAAAAJ:W7OEmFMy1HYC",
      "authors": "Y Patel, S Appalaraju, R Manmatha",
      "venue": "arXiv preprint arXiv:1907.08310, 2019",
      "year": 2019,
      "citations": 32
    },
    {
      "title": "Unbiased evaluation of deep metric learning algorithms",
      "url": "https://scholar.google.com/citations?view_op=view_citation&hl=en&user=KQLmaxgAAAAJ&citation_for_view=KQLmaxgAAAAJ:roLk4NBRz8UC",
      "authors": "I Fehervari, A Ravichandran, S Appalaraju",
      "venue": "arXiv preprint arXiv:1911.12528, 2019",
      "year": 2019,
      "citations": 31
    },
    {
      "title": "Human perceptual evaluations for image compression",
      "url": "https://scholar.google.com/citations?view_op=view_citation&hl=en&user=KQLmaxgAAAAJ&citation_for_view=KQLmaxgAAAAJ:Y0pCki6q_DkC",
      "authors": "Y Patel, S Appalaraju, R Manmatha",
      "venue": "arXiv preprint arXiv:1908.04187, 2019",
      "year": 2019,
      "citations": 29
    },
    {
      "title": "Identifying Software Products to Test",
      "url": "https://scholar.google.com/citations?view_op=view_citation&hl=en&user=KQLmaxgAAAAJ&citation_for_view=KQLmaxgAAAAJ:d1gkVwhDpl0C",
      "authors": "S Appalaraju, A Wanjari, V Bhargava",
      "venue": "US Patent 10,089,661, 2018",
      "year": 2018,
      "citations": 11
    },
    {
      "title": "Image similarity using Deep CNN and Curriculum Learning",
      "url": "https://scholar.google.com/citations?view_op=view_citation&hl=en&user=KQLmaxgAAAAJ&citation_for_view=KQLmaxgAAAAJ:u5HHmVD_uO8C",
      "authors": "S Appalaraju, V Chaoji",
      "venue": "GHCI 2017, 2017",
      "year": 2017,
      "citations": 109
    }
  ],
  "co_authors": []
}