{
  "author_info": {
    "name": "Israel Abebe Azime",
    "affiliation": "Saarland University",
    "email_verified": "Verified email at cg.uni-saarland.de - Homepage",
    "website": "http://israelabebe.github.io/",
    "interests": [
      "NLP | Multimodal learning | Deep Learning Applications"
    ],
    "photo_url": "https://scholar.googleusercontent.com/citations?view_op=view_photo&user=PcAQRn0AAAAJ&citpid=4"
  },
  "citation_stats": {
    "citations_all": 732,
    "citations_since_2020": 729,
    "h_index_all": 10,
    "h_index_since_2020": 10,
    "i10_index_all": 11,
    "i10_index_since_2020": 11,
    "citation_graph": [
      {
        "year": 2021,
        "citations": 21
      },
      {
        "year": 2022,
        "citations": 83
      },
      {
        "year": 2023,
        "citations": 102
      },
      {
        "year": 2024,
        "citations": 181
      },
      {
        "year": 2025,
        "citations": 339
      }
    ]
  },
  "papers": [
    {
      "title": "Evaluating the capabilities of large language models for multi-label emotion understanding",
      "url": "https://scholar.google.com/citations?view_op=view_citation&hl=en&user=PcAQRn0AAAAJ&citation_for_view=PcAQRn0AAAAJ:UebtZRa9Y70C",
      "authors": "TD Belay, IA Azime, AA Ayele, G Sidorov, D Klakow, P Slusallek, ...",
      "venue": "Proceedings of the 31st International Conference on Computational …, 2025",
      "year": 2025,
      "citations": 43
    },
    {
      "title": "Afridoc-mt: Document-level mt corpus for african languages",
      "url": "https://scholar.google.com/citations?view_op=view_citation&hl=en&user=PcAQRn0AAAAJ&citation_for_view=PcAQRn0AAAAJ:hqOjcs7Dif8C",
      "authors": "J Alabi, IA Azime, M Zhang, C España-Bonet, R Bawden, D Zhu, ...",
      "venue": "Proceedings of the 2025 Conference on Empirical Methods in Natural Language …, 2025",
      "year": 2025,
      "citations": 3
    },
    {
      "title": "Proverbeval: Exploring llm evaluation challenges for low-resource language understanding",
      "url": "https://scholar.google.com/citations?view_op=view_citation&hl=en&user=PcAQRn0AAAAJ&citation_for_view=PcAQRn0AAAAJ:LkGwnXOMwfcC",
      "authors": "IA Azime, AL Tonja, TD Belay, Y Chanie, BF Balcha, NH Abadi, ...",
      "venue": "Findings of the Association for Computational Linguistics: NAACL 2025, 6250-6266, 2025",
      "year": 2025,
      "citations": 3
    },
    {
      "title": "INJONGO: A Multicultural Intent Detection and Slot-filling Dataset for 16 African Languages",
      "url": "https://scholar.google.com/citations?view_op=view_citation&hl=en&user=PcAQRn0AAAAJ&citation_for_view=PcAQRn0AAAAJ:0EnyYjriUFMC",
      "authors": "H Yu, J Alabi, A Bukula, JY Zhuang, ESA Lee, TK Guge, IA Azime, ...",
      "venue": "Proceedings of the 63rd Annual Meeting of the Association for Computational …, 2025",
      "year": 2025,
      "citations": 1
    },
    {
      "title": "CaMMT: Benchmarking Culturally Aware Multimodal Machine Translation",
      "url": "https://scholar.google.com/citations?view_op=view_citation&hl=en&user=PcAQRn0AAAAJ&citation_for_view=PcAQRn0AAAAJ:8k81kl-MbHgC",
      "authors": "E Villa-Cueva, S Bolatzhanova, D Turmakhan, K Elzeky, HB Ademtew, ...",
      "venue": "arXiv preprint arXiv:2505.24456, 2025",
      "year": 2025,
      "citations": 1
    },
    {
      "title": "Afroxlmr-social: Adapting pre-trained language models for african languages social media text",
      "url": "https://scholar.google.com/citations?view_op=view_citation&hl=en&user=PcAQRn0AAAAJ&citation_for_view=PcAQRn0AAAAJ:5nxA0vEk-isC",
      "authors": "TD Belay, IA Azime, IS Ahmad, DI Adelani, I Abdulmumin, AA Ayele, ...",
      "venue": "arXiv preprint arXiv:2503.18247, 2025",
      "year": 2025,
      "citations": 1
    },
    {
      "title": "Evaluation Sheet for Deep Research: A Use Case for Academic Survey Writing",
      "url": "https://scholar.google.com/citations?view_op=view_citation&hl=en&user=PcAQRn0AAAAJ&citation_for_view=PcAQRn0AAAAJ:KlAtU1dfN6UC",
      "authors": "IA Azime, TD Belay, AL Tonja",
      "venue": "Proceedings of the 9th Widening NLP Workshop, 242-250, 2025",
      "year": 2025,
      "citations": 0
    },
    {
      "title": "Accept or Deny? Evaluating LLM Fairness and Performance in Loan Approval across Table-to-Text Serialization Approaches",
      "url": "https://scholar.google.com/citations?view_op=view_citation&hl=en&user=PcAQRn0AAAAJ&citation_for_view=PcAQRn0AAAAJ:kNdYIx-mwKoC",
      "authors": "IA Azime, DD Kanubala, T Afonja, M Fritz, I Valera, D Klakow, P Slusallek",
      "venue": "Findings of the Association for Computational Linguistics: EMNLP 2025, 17478 …, 2025",
      "year": 2025,
      "citations": 0
    },
    {
      "title": "Cvqa: Culturally-diverse multilingual visual question answering benchmark",
      "url": "https://scholar.google.com/citations?view_op=view_citation&hl=en&user=PcAQRn0AAAAJ&citation_for_view=PcAQRn0AAAAJ:ufrVoPGSRksC",
      "authors": "D Romero, C Lyu, HA Wibowo, T Lynn, I Hamed, AN Kishore, A Mandal, ...",
      "venue": "arXiv preprint arXiv:2406.05967, 2024",
      "year": 2024,
      "citations": 67
    },
    {
      "title": "Nkiruka Odu, Rooweither Mabuya, Shamsuddeen Hassan Muhammad, Salomey Osei, Sokhar Samb, Tadesse Kebede Guge, and Pontus Stenetorp. 2024. Irokobench: A new benchmark for african …",
      "url": "https://scholar.google.com/citations?view_op=view_citation&hl=en&user=PcAQRn0AAAAJ&citation_for_view=PcAQRn0AAAAJ:_FxGoFyzp5QC",
      "authors": "DI Adelani, J Ojo, IA Azime, JY Zhuang, JO Alabi, X He, M Ochieng, ...",
      "venue": "Preprint, 2024",
      "year": 2024,
      "citations": 44
    },
    {
      "title": "Ethiollm: Multilingual large language models for ethiopian languages with task evaluation",
      "url": "https://scholar.google.com/citations?view_op=view_citation&hl=en&user=PcAQRn0AAAAJ&citation_for_view=PcAQRn0AAAAJ:eQOLeE2rZwMC",
      "authors": "AL Tonja, IA Azime, TD Belay, MG Yigezu, MAA Mehamed, AA Ayele, ...",
      "venue": "Proceedings of the 2024 Joint International Conference on Computational …, 2024",
      "year": 2024,
      "citations": 13
    },
    {
      "title": "Walia-LLM: Enhancing Amharic-LLaMA by Integrating Task-Specific and Generative Datasets",
      "url": "https://scholar.google.com/citations?view_op=view_citation&hl=en&user=PcAQRn0AAAAJ&citation_for_view=PcAQRn0AAAAJ:W7OEmFMy1HYC",
      "authors": "IA Azime, MY Fuge, AL Tonja, TD Belay, AK Wassie, ES Jada, Y Chanie, ...",
      "venue": "arXiv preprint arXiv:2402.08015, 2024",
      "year": 2024,
      "citations": 10
    },
    {
      "title": "Uhura: A benchmark for evaluating scientific question answering and truthfulness in low-resource african languages",
      "url": "https://scholar.google.com/citations?view_op=view_citation&hl=en&user=PcAQRn0AAAAJ&citation_for_view=PcAQRn0AAAAJ:Se3iqnhoufwC",
      "authors": "E Bayes, IA Azime, JO Alabi, J Kgomo, T Eloundou, E Proehl, K Chen, ...",
      "venue": "arXiv preprint arXiv:2412.00948, 2024",
      "year": 2024,
      "citations": 8
    },
    {
      "title": "Masakhanews: News topic classification for african languages",
      "url": "https://scholar.google.com/citations?view_op=view_citation&hl=en&user=PcAQRn0AAAAJ&citation_for_view=PcAQRn0AAAAJ:Y0pCki6q_DkC",
      "authors": "DI Adelani, M Masiak, IA Azime, J Alabi, AL Tonja, C Mwase, O Ogundepo, ...",
      "venue": "Proceedings of the 13th International Joint Conference on Natural Language …, 2023",
      "year": 2023,
      "citations": 52
    },
    {
      "title": "Natural language processing in ethiopian languages: Current state, challenges, and opportunities",
      "url": "https://scholar.google.com/citations?view_op=view_citation&hl=en&user=PcAQRn0AAAAJ&citation_for_view=PcAQRn0AAAAJ:UeHWp8X0CEIC",
      "authors": "AL Tonja, TD Belay, IA Azime, AA Ayele, MA Mehamed, O Kolesnikova, ...",
      "venue": "arXiv preprint arXiv:2303.14406, 2023",
      "year": 2023,
      "citations": 22
    },
    {
      "title": "Masakhane-Afrisenti at semeval-2023 task 12: Sentiment analysis using afro-centric language models and adapters for low-resource African languages",
      "url": "https://scholar.google.com/citations?view_op=view_citation&hl=en&user=PcAQRn0AAAAJ&citation_for_view=PcAQRn0AAAAJ:Tyk-4Ss8FVUC",
      "authors": "IA Azime, S Al-Azzawi, AL Tonja, I Shode, J Alabi, A Awokoya, M Oduwole, ...",
      "venue": "Proceedings of the 17th International Workshop on Semantic Evaluation …, 2023",
      "year": 2023,
      "citations": 5
    },
    {
      "title": "Quality at a glance: An audit of web-crawled multilingual datasets",
      "url": "https://scholar.google.com/citations?view_op=view_citation&hl=en&user=PcAQRn0AAAAJ&citation_for_view=PcAQRn0AAAAJ:2osOgNQ5qMEC",
      "authors": "J Kreutzer, I Caswell, L Wang, A Wahab, D Van Esch, N Ulzii-Orshikh, ...",
      "venue": "Transactions of the Association for Computational Linguistics 10, 50-72, 2022",
      "year": 2022,
      "citations": 251
    },
    {
      "title": "MasakhaNER: Named entity recognition for African languages",
      "url": "https://scholar.google.com/citations?view_op=view_citation&hl=en&user=PcAQRn0AAAAJ&citation_for_view=PcAQRn0AAAAJ:9yKSN-GCB0IC",
      "authors": "DI Adelani, J Abbott, G Neubig, D D’souza, J Kreutzer, C Lignos, ...",
      "venue": "Transactions of the Association for Computational Linguistics 9, 1116-1131, 2021",
      "year": 2021,
      "citations": 147
    },
    {
      "title": "Happy Buzaaba, Shruti Rijhwani, Sebastian Ruder, Stephen Mayhew, Israel Abebe Azime, Shamsuddeen H",
      "url": "https://scholar.google.com/citations?view_op=view_citation&hl=en&user=PcAQRn0AAAAJ&citation_for_view=PcAQRn0AAAAJ:4TOpqqG69KYC",
      "authors": "DI Adelani, J Abbott, D Graham Neubig, JK D’souza, C Lignos, ...",
      "venue": "",
      "citations": 44,
      "year": 2021
    },
    {
      "title": "An amharic news text classification dataset",
      "url": "https://scholar.google.com/citations?view_op=view_citation&hl=en&user=PcAQRn0AAAAJ&citation_for_view=PcAQRn0AAAAJ:u-x6o8ySG0sC",
      "authors": "IA Azime, N Mohammed",
      "venue": "arXiv preprint arXiv:2103.05639, 2021",
      "year": 2021,
      "citations": 17
    }
  ],
  "co_authors": [
    {
      "name": "Atnafu Lambebo Tonja",
      "scholar_id": "rubyApkAAAAJ",
      "url": "https://scholar.google.com/citations?user=rubyApkAAAAJ"
    },
    {
      "name": "Jesujoba Oluwadara Alabi",
      "scholar_id": "vhBQlm8AAAAJ",
      "url": "https://scholar.google.com/citations?user=vhBQlm8AAAAJ"
    }
  ]
}