{
  "author_info": {
    "name": "Hao Xiang",
    "affiliation": "Waymo Research, UCLA",
    "email_verified": "Verified email at waymo.com - Homepage",
    "website": "https://xhwind.github.io/",
    "interests": [],
    "photo_url": "https://scholar.googleusercontent.com/citations?view_op=view_photo&user=04j4RzkAAAAJ&citpid=1"
  },
  "citation_stats": {
    "citations_all": 2969,
    "citations_since_2020": 2969,
    "h_index_all": 19,
    "h_index_since_2020": 19,
    "i10_index_all": 20,
    "i10_index_since_2020": 20,
    "citation_graph": [
      {
        "year": 2021,
        "citations": 11
      },
      {
        "year": 2022,
        "citations": 145
      },
      {
        "year": 2023,
        "citations": 496
      },
      {
        "year": 2024,
        "citations": 1042
      },
      {
        "year": 2025,
        "citations": 1263
      }
    ]
  },
  "papers": [
    {
      "title": "V2x-real: a large-scale dataset for vehicle-to-everything cooperative perception",
      "url": "https://scholar.google.com/citations?view_op=view_citation&hl=en&user=04j4RzkAAAAJ&citation_for_view=04j4RzkAAAAJ:hqOjcs7Dif8C",
      "authors": "H Xiang, Z Zheng, X Xia, R Xu, L Gao, Z Zhou, X Han, X Ji, M Li, Z Meng, ...",
      "venue": "European Conference on Computer Vision, 455-470, 2025",
      "year": 2025,
      "citations": 82
    },
    {
      "title": "Foundation intelligence for smart infrastructure services in transportation 5.0",
      "url": "https://scholar.google.com/citations?view_op=view_citation&hl=en&user=04j4RzkAAAAJ&citation_for_view=04j4RzkAAAAJ:UebtZRa9Y70C",
      "authors": "X Han, Z Meng, X Xia, X Liao, BY He, Z Zheng, Y Wang, H Xiang, Z Zhou, ...",
      "venue": "IEEE Transactions on Intelligent Vehicles 9 (1), 39-47, 2024",
      "year": 2024,
      "citations": 59
    },
    {
      "title": "Cooperative Localization in Transportation 5.0",
      "url": "https://scholar.google.com/citations?view_op=view_citation&hl=en&user=04j4RzkAAAAJ&citation_for_view=04j4RzkAAAAJ:5nxA0vEk-isC",
      "authors": "L Gao, X Xia, Z Zheng, H Xiang, Z Meng, X Han, Z Zhou, Y He, Y Wang, ...",
      "venue": "IEEE Transactions on Intelligent Vehicles, 2024",
      "year": 2024,
      "citations": 22
    },
    {
      "title": "V2xpnp: Vehicle-to-everything spatio-temporal fusion for multi-agent perception and prediction",
      "url": "https://scholar.google.com/citations?view_op=view_citation&hl=en&user=04j4RzkAAAAJ&citation_for_view=04j4RzkAAAAJ:ULOm3_A8WrAC",
      "authors": "Z Zhou, H Xiang, Z Zheng, SZ Zhao, M Lei, Y Zhang, T Cai, X Liu, J Liu, ...",
      "venue": "arXiv preprint arXiv:2412.01812, 2024",
      "year": 2024,
      "citations": 21
    },
    {
      "title": "Multi-Sensor Fusion for Vehicle-to-Vehicle Cooperative Localization with Object Detection and Point Cloud Matching",
      "url": "https://scholar.google.com/citations?view_op=view_citation&hl=en&user=04j4RzkAAAAJ&citation_for_view=04j4RzkAAAAJ:0EnyYjriUFMC",
      "authors": "L Gao, H Xiang, X Xia, J Ma",
      "venue": "IEEE Sensors Journal, 2024",
      "year": 2024,
      "citations": 19
    },
    {
      "title": "CooPre: Cooperative Pretraining for V2X Cooperative Perception",
      "url": "https://scholar.google.com/citations?view_op=view_citation&hl=en&user=04j4RzkAAAAJ&citation_for_view=04j4RzkAAAAJ:3fE2CSJIrl8C",
      "authors": "SZ Zhao, H Xiang, C Xu, X Xia, B Zhou, J Ma",
      "venue": "arXiv preprint arXiv:2408.11241, 2024",
      "year": 2024,
      "citations": 10
    },
    {
      "title": "V2v4real: A real-world large-scale dataset for vehicle-to-vehicle cooperative perception",
      "url": "https://scholar.google.com/citations?view_op=view_citation&hl=en&user=04j4RzkAAAAJ&citation_for_view=04j4RzkAAAAJ:eQOLeE2rZwMC",
      "authors": "R Xu, X Xia, J Li, H Li, S Zhang, Z Tu, Z Meng, H Xiang, X Dong, R Song, ...",
      "venue": "Proceedings of the IEEE/CVF Conference on Computer Vision and Pattern …, 2023",
      "year": 2023,
      "citations": 277
    },
    {
      "title": "HM-ViT: Hetero-modal Vehicle-to-Vehicle Cooperative perception with vision transformer",
      "url": "https://scholar.google.com/citations?view_op=view_citation&hl=en&user=04j4RzkAAAAJ&citation_for_view=04j4RzkAAAAJ:WF5omc3nYNoC",
      "authors": "H Xiang, R Xu, J Ma",
      "venue": "ICCV 2023, 2023",
      "year": 2023,
      "citations": 105
    },
    {
      "title": "The OpenCDA open-source ecosystem for cooperative driving automation research",
      "url": "https://scholar.google.com/citations?view_op=view_citation&hl=en&user=04j4RzkAAAAJ&citation_for_view=04j4RzkAAAAJ:YsMSGLbcyi4C",
      "authors": "R Xu, H Xiang, X Han, X Xia, Z Meng, CJ Chen, C Correa-Jullian, J Ma",
      "venue": "IEEE Transactions on Intelligent Vehicles 8 (4), 2698-2711, 2023",
      "year": 2023,
      "citations": 98
    },
    {
      "title": "Model-agnostic multi-agent perception framework",
      "url": "https://scholar.google.com/citations?view_op=view_citation&hl=en&user=04j4RzkAAAAJ&citation_for_view=04j4RzkAAAAJ:IjCSPb-OGe4C",
      "authors": "R Xu, W Chen, H Xiang, X Xia, L Liu, J Ma",
      "venue": "2023 IEEE International Conference on Robotics and Automation (ICRA), 1471-1478, 2023",
      "year": 2023,
      "citations": 83
    },
    {
      "title": "Towards Vehicle-to-everything Autonomous Driving: A Survey on Collaborative Perception",
      "url": "https://scholar.google.com/citations?view_op=view_citation&hl=en&user=04j4RzkAAAAJ&citation_for_view=04j4RzkAAAAJ:roLk4NBRz8UC",
      "authors": "S Liu, C Gao, Y Chen, X Peng, X Kong, K Wang, R Xu, W Jiang, H Xiang, ...",
      "venue": "arXiv preprint arXiv:2308.16714, 2023",
      "year": 2023,
      "citations": 59
    },
    {
      "title": "V2xp-asg: Generating adversarial scenes for vehicle-to-everything perception",
      "url": "https://scholar.google.com/citations?view_op=view_citation&hl=en&user=04j4RzkAAAAJ&citation_for_view=04j4RzkAAAAJ:W7OEmFMy1HYC",
      "authors": "H Xiang, R Xu, X Xia, Z Zheng, B Zhou, J Ma",
      "venue": "2023 IEEE International Conference on Robotics and Automation (ICRA), 3584-3591, 2023",
      "year": 2023,
      "citations": 55
    },
    {
      "title": "OpenCDA-ROS: Enabling seamless integration of simulation and real-world cooperative driving automation",
      "url": "https://scholar.google.com/citations?view_op=view_citation&hl=en&user=04j4RzkAAAAJ&citation_for_view=04j4RzkAAAAJ:ufrVoPGSRksC",
      "authors": "Z Zheng, X Han, X Xia, L Gao, H Xiang, J Ma",
      "venue": "IEEE Transactions on Intelligent Vehicles 8 (7), 3775-3780, 2023",
      "year": 2023,
      "citations": 26
    },
    {
      "title": "Optimizing the Placement of Roadside LiDARs for Autonomous Driving",
      "url": "https://scholar.google.com/citations?view_op=view_citation&hl=en&user=04j4RzkAAAAJ&citation_for_view=04j4RzkAAAAJ:Se3iqnhoufwC",
      "authors": "W Jiang, H Xiang, X Cai, R Xu, J Ma, Y Li, GH Lee, S Liu",
      "venue": "Proceedings of the IEEE/CVF International Conference on Computer Vision …, 2023",
      "year": 2023,
      "citations": 24
    },
    {
      "title": "V2X-ViT: Vehicle-to-Everything Cooperative Perception with Vision Transformer",
      "url": "https://scholar.google.com/citations?view_op=view_citation&hl=en&user=04j4RzkAAAAJ&citation_for_view=04j4RzkAAAAJ:UeHWp8X0CEIC",
      "authors": "R Xu*, H Xiang*, Z Tu*, X Xia, MH Yang, J Ma",
      "venue": "2022 European Conference on Computer Vision (ECCV), 2022",
      "year": 2022,
      "citations": 631
    },
    {
      "title": "OPV2V: An open benchmark dataset and fusion pipeline for perception with vehicle-to-vehicle communication",
      "url": "https://scholar.google.com/citations?view_op=view_citation&hl=en&user=04j4RzkAAAAJ&citation_for_view=04j4RzkAAAAJ:Y0pCki6q_DkC",
      "authors": "R Xu, H Xiang, X Xia, X Han, J Li, J Ma",
      "venue": "2022 International Conference on Robotics and Automation (ICRA), 2583-2589, 2022",
      "year": 2022,
      "citations": 619
    },
    {
      "title": "CoBEVT: Cooperative Bird's Eye View Semantic Segmentation with Sparse Transformers",
      "url": "https://scholar.google.com/citations?view_op=view_citation&hl=en&user=04j4RzkAAAAJ&citation_for_view=04j4RzkAAAAJ:Tyk-4Ss8FVUC",
      "authors": "R Xu, Z Tu, H Xiang, W Shao, B Zhou, J Ma",
      "venue": "arXiv preprint arXiv:2207.02202, 2022",
      "year": 2022,
      "citations": 359
    },
    {
      "title": "OpenCDA: an open cooperative driving automation framework integrated with co-simulation",
      "url": "https://scholar.google.com/citations?view_op=view_citation&hl=en&user=04j4RzkAAAAJ&citation_for_view=04j4RzkAAAAJ:qjMakFHDy7sC",
      "authors": "R Xu, Y Guo, X Han, X Xia, H Xiang, J Ma",
      "venue": "2021 IEEE International Intelligent Transportation Systems Conference (ITSC …, 2021",
      "year": 2021,
      "citations": 295
    },
    {
      "title": "Autonomous vehicles for micro-mobility",
      "url": "https://scholar.google.com/citations?view_op=view_citation&hl=en&user=04j4RzkAAAAJ&citation_for_view=04j4RzkAAAAJ:9yKSN-GCB0IC",
      "authors": "H Christensen, D Paz, H Zhang, D Meyer, H Xiang, Y Han, Y Liu, A Liang, ...",
      "venue": "Autonomous Intelligent Systems 1, 1-35, 2021",
      "year": 2021,
      "citations": 29
    },
    {
      "title": "Probabilistic Semantic Mapping for Urban Autonomous Driving Applications",
      "url": "https://scholar.google.com/citations?view_op=view_citation&hl=en&user=04j4RzkAAAAJ&citation_for_view=04j4RzkAAAAJ:u5HHmVD_uO8C",
      "authors": "D Paz*, H Zhang*, Q Li*, H Xiang*, HI Christensen",
      "venue": "2020 IEEE/RSJ International Conference on Intelligent Robots and Systems …, 2020",
      "year": 2020,
      "citations": 60
    }
  ],
  "co_authors": [
    {
      "name": "Jiaqi Ma",
      "scholar_id": "S3cQz1AAAAAJ",
      "url": "https://scholar.google.com/citations?user=S3cQz1AAAAAJ"
    },
    {
      "name": "Bolei Zhou",
      "scholar_id": "9D4aG8AAAAAJ",
      "url": "https://scholar.google.com/citations?user=9D4aG8AAAAAJ"
    },
    {
      "name": "Henrik Iskov Christensen",
      "scholar_id": "MA8rI0MAAAAJ",
      "url": "https://scholar.google.com/citations?user=MA8rI0MAAAAJ"
    },
    {
      "name": "Ming-Hsuan Yang",
      "scholar_id": "p9-ohHsAAAAJ",
      "url": "https://scholar.google.com/citations?user=p9-ohHsAAAAJ"
    }
  ]
}