{
  "author_info": {
    "name": "Deheng Ye",
    "affiliation": "Director of AI, Tencent",
    "email_verified": "Verified email at e.ntu.edu.sg - Homepage",
    "website": "http://yedeheng.github.io/",
    "interests": [
      "Applied machine learning"
    ],
    "photo_url": "https://scholar.googleusercontent.com/citations?view_op=view_photo&user=jz5XKuQAAAAJ&citpid=4"
  },
  "citation_stats": {
    "citations_all": 3078,
    "citations_since_2020": 2784,
    "h_index_all": 27,
    "h_index_since_2020": 26,
    "i10_index_all": 44,
    "i10_index_since_2020": 43,
    "citation_graph": [
      {
        "year": 2016,
        "citations": 17
      },
      {
        "year": 2017,
        "citations": 45
      },
      {
        "year": 2018,
        "citations": 97
      },
      {
        "year": 2019,
        "citations": 124
      },
      {
        "year": 2020,
        "citations": 160
      },
      {
        "year": 2021,
        "citations": 283
      },
      {
        "year": 2022,
        "citations": 335
      },
      {
        "year": 2023,
        "citations": 501
      },
      {
        "year": 2024,
        "citations": 720
      },
      {
        "year": 2025,
        "citations": 783
      }
    ]
  },
  "papers": [
    {
      "title": "More agents is all you need",
      "url": "https://scholar.google.com/citations?view_op=view_citation&hl=en&user=jz5XKuQAAAAJ&citation_for_view=jz5XKuQAAAAJ:maZDTaKrznsC",
      "authors": "J Li, Q Zhang, Y Yu, Q Fu, D Ye",
      "venue": "arXiv preprint arXiv:2402.05120, 2024",
      "year": 2024,
      "citations": 179
    },
    {
      "title": "Llm-based agent society investigation: Collaboration and confrontation in avalon gameplay",
      "url": "https://scholar.google.com/citations?view_op=view_citation&hl=en&user=jz5XKuQAAAAJ&citation_for_view=jz5XKuQAAAAJ:r0BpntZqJG4C",
      "authors": "Y Lan, Z Hu, L Wang, Y Wang, D Ye, P Zhao, EP Lim, H Xiong, H Wang",
      "venue": "Proceedings of the 2024 Conference on Empirical Methods in Natural Language …, 2024",
      "year": 2024,
      "citations": 68
    },
    {
      "title": "A survey on transformers in reinforcement learning",
      "url": "https://scholar.google.com/citations?view_op=view_citation&hl=en&user=jz5XKuQAAAAJ&citation_for_view=jz5XKuQAAAAJ:iH-uZ7U-co4C",
      "authors": "W Li, H Luo, Z Lin, C Zhang, Z Lu, D Ye",
      "venue": "arXiv preprint arXiv:2301.03044, 2023",
      "year": 2023,
      "citations": 103
    },
    {
      "title": "Rltf: Reinforcement learning from unit test feedback",
      "url": "https://scholar.google.com/citations?view_op=view_citation&hl=en&user=jz5XKuQAAAAJ&citation_for_view=jz5XKuQAAAAJ:R3hNpaxXUhUC",
      "authors": "J Liu, Y Zhu, K Xiao, Q Fu, X Han, W Yang, D Ye",
      "venue": "arXiv preprint arXiv:2307.04349, 2023",
      "year": 2023,
      "citations": 94
    },
    {
      "title": "Future-conditioned unsupervised pretraining for decision transformer",
      "url": "https://scholar.google.com/citations?view_op=view_citation&hl=en&user=jz5XKuQAAAAJ&citation_for_view=jz5XKuQAAAAJ:TQgYirikUcIC",
      "authors": "Z Xie, Z Lin, D Ye, Q Fu, Y Wei, S Li",
      "venue": "International Conference on Machine Learning, 38187-38203, 2023",
      "year": 2023,
      "citations": 43
    },
    {
      "title": "Honor of kings arena: an environment for generalization in competitive reinforcement learning",
      "url": "https://scholar.google.com/citations?view_op=view_citation&hl=en&user=jz5XKuQAAAAJ&citation_for_view=jz5XKuQAAAAJ:Wp0gIr-vW9MC",
      "authors": "H Wei, J Chen, X Ji, H Qin, M Deng, S Li, L Wang, W Zhang, Y Yu, L Linc, ...",
      "venue": "Advances in Neural Information Processing Systems 35, 11881-11892, 2022",
      "year": 2022,
      "citations": 45
    },
    {
      "title": "Minerl diamond 2021 competition: Overview, results, and lessons learned",
      "url": "https://scholar.google.com/citations?view_op=view_citation&hl=en&user=jz5XKuQAAAAJ&citation_for_view=jz5XKuQAAAAJ:4DMP91E08xMC",
      "authors": "A Kanervisto, S Milani, K Ramanauskas, N Topin, Z Lin, J Li, J Shi, D Ye, ...",
      "venue": "NeurIPS 2021 Competitions and Demonstrations Track, 13-28, 2022",
      "year": 2022,
      "citations": 42
    },
    {
      "title": "Relation-aware transformer for portfolio policy learning",
      "url": "https://scholar.google.com/citations?view_op=view_citation&hl=en&user=jz5XKuQAAAAJ&citation_for_view=jz5XKuQAAAAJ:8k81kl-MbHgC",
      "authors": "K Xu, Y Zhang, D Ye, P Zhao, M Tan",
      "venue": "Proceedings of the twenty-ninth international conference on international …, 2021",
      "year": 2021,
      "citations": 98
    },
    {
      "title": "Coordinated proximal policy optimization",
      "url": "https://scholar.google.com/citations?view_op=view_citation&hl=en&user=jz5XKuQAAAAJ&citation_for_view=jz5XKuQAAAAJ:qxL8FJ1GzNcC",
      "authors": "Z Wu, C Yu, D Ye, J Zhang, HH Zhuo",
      "venue": "Advances in Neural Information Processing Systems 34, 26437-26448, 2021",
      "year": 2021,
      "citations": 77
    },
    {
      "title": "Don’t do that! hunting down visual design smells in complex uis against design guidelines",
      "url": "https://scholar.google.com/citations?view_op=view_citation&hl=en&user=jz5XKuQAAAAJ&citation_for_view=jz5XKuQAAAAJ:Zph67rFs4hoC",
      "authors": "B Yang, Z Xing, X Xia, C Chen, D Ye, S Li",
      "venue": "2021 IEEE/ACM 43rd international conference on software engineering (ICSE …, 2021",
      "year": 2021,
      "citations": 55
    },
    {
      "title": "Juewu-mc: Playing minecraft with sample-efficient hierarchical reinforcement learning",
      "url": "https://scholar.google.com/citations?view_op=view_citation&hl=en&user=jz5XKuQAAAAJ&citation_for_view=jz5XKuQAAAAJ:aqlVkmm33-oC",
      "authors": "Z Lin, J Li, J Shi, D Ye, Q Fu, W Yang",
      "venue": "arXiv preprint arXiv:2112.04907, 2021",
      "year": 2021,
      "citations": 48
    },
    {
      "title": "Mastering complex control in moba games with deep reinforcement learning",
      "url": "https://scholar.google.com/citations?view_op=view_citation&hl=en&user=jz5XKuQAAAAJ&citation_for_view=jz5XKuQAAAAJ:5nxA0vEk-isC",
      "authors": "D Ye, Z Liu, M Sun, B Shi, P Zhao, H Wu, H Yu, S Yang, X Wu, Q Guo, ...",
      "venue": "Proceedings of the AAAI conference on artificial intelligence 34 (04), 6672-6679, 2020",
      "year": 2020,
      "citations": 415
    },
    {
      "title": "Towards playing full moba games with deep reinforcement learning",
      "url": "https://scholar.google.com/citations?view_op=view_citation&hl=en&user=jz5XKuQAAAAJ&citation_for_view=jz5XKuQAAAAJ:MXK_kJrjxJIC",
      "authors": "D Ye, G Chen, W Zhang, S Chen, B Yuan, B Liu, J Chen, Z Liu, F Qiu, ...",
      "venue": "Advances in Neural Information Processing Systems 33, 621-632, 2020",
      "year": 2020,
      "citations": 258
    },
    {
      "title": "Supervised learning achieves human-level performance in moba games: A case study of honor of kings",
      "url": "https://scholar.google.com/citations?view_op=view_citation&hl=en&user=jz5XKuQAAAAJ&citation_for_view=jz5XKuQAAAAJ:3fE2CSJIrl8C",
      "authors": "D Ye, G Chen, P Zhao, F Qiu, B Yuan, W Zhang, S Chen, M Sun, X Li, S Li, ...",
      "venue": "IEEE transactions on neural networks and learning systems 33 (3), 908-918, 2020",
      "year": 2020,
      "citations": 76
    },
    {
      "title": "Adversarial Transfer for Named Entity Boundary Detection with Pointer Networks.",
      "url": "https://scholar.google.com/citations?view_op=view_citation&hl=en&user=jz5XKuQAAAAJ&citation_for_view=jz5XKuQAAAAJ:hqOjcs7Dif8C",
      "authors": "J Li, D Ye, S Shang",
      "venue": "IJCAI, 5053-5059, 2019",
      "year": 2019,
      "citations": 47
    },
    {
      "title": "Ensemble application of convolutional and recurrent neural networks for multi-label text categorization",
      "url": "https://scholar.google.com/citations?view_op=view_citation&hl=en&user=jz5XKuQAAAAJ&citation_for_view=jz5XKuQAAAAJ:roLk4NBRz8UC",
      "authors": "G Chen, D Ye, Z Xing, J Chen, E Cambria",
      "venue": "2017 International joint conference on neural networks (IJCNN), 2377-2383, 2017",
      "year": 2017,
      "citations": 353
    },
    {
      "title": "The structure and dynamics of knowledge network in domain-specific q&a sites: a case study of stack overflow",
      "url": "https://scholar.google.com/citations?view_op=view_citation&hl=en&user=jz5XKuQAAAAJ&citation_for_view=jz5XKuQAAAAJ:UeHWp8X0CEIC",
      "authors": "D Ye, Z Xing, N Kapre",
      "venue": "Empirical Software Engineering 22 (1), 375-406, 2017",
      "year": 2017,
      "citations": 81
    },
    {
      "title": "Predicting semantically linkable knowledge in developer online forums via convolutional neural network",
      "url": "https://scholar.google.com/citations?view_op=view_citation&hl=en&user=jz5XKuQAAAAJ&citation_for_view=jz5XKuQAAAAJ:zYLM7Y9cAGgC",
      "authors": "B Xu, D Ye, Z Xing, X Xia, G Chen, S Li",
      "venue": "Proceedings of the 31st IEEE/ACM International Conference on Automated …, 2016",
      "year": 2016,
      "citations": 186
    },
    {
      "title": "Software-specific named entity recognition in software engineering social content",
      "url": "https://scholar.google.com/citations?view_op=view_citation&hl=en&user=jz5XKuQAAAAJ&citation_for_view=jz5XKuQAAAAJ:u-x6o8ySG0sC",
      "authors": "D Ye, Z Xing, CY Foo, ZQ Ang, J Li, N Kapre",
      "venue": "2016 IEEE 23rd international conference on software analysis, evolution, and …, 2016",
      "year": 2016,
      "citations": 126
    },
    {
      "title": "Learning to extract api mentions from informal natural language discussions",
      "url": "https://scholar.google.com/citations?view_op=view_citation&hl=en&user=jz5XKuQAAAAJ&citation_for_view=jz5XKuQAAAAJ:LkGwnXOMwfcC",
      "authors": "D Ye, Z Xing, CY Foo, J Li, N Kapre",
      "venue": "2016 IEEE International Conference on Software Maintenance and Evolution …, 2016",
      "year": 2016,
      "citations": 61
    }
  ],
  "co_authors": [
    {
      "name": "Zhenchang Xing",
      "scholar_id": "0vCxuH4AAAAJ",
      "url": "https://scholar.google.com/citations?user=0vCxuH4AAAAJ"
    },
    {
      "name": "Peilin Zhao (赵沛霖)",
      "scholar_id": "HPeX_YcAAAAJ",
      "url": "https://scholar.google.com/citations?user=HPeX_YcAAAAJ"
    },
    {
      "name": "Zichuan Lin",
      "scholar_id": "Tlc4yaMAAAAJ",
      "url": "https://scholar.google.com/citations?user=Tlc4yaMAAAAJ"
    },
    {
      "name": "Nachiket Kapre",
      "scholar_id": "JxwwXHMAAAAJ",
      "url": "https://scholar.google.com/citations?user=JxwwXHMAAAAJ"
    },
    {
      "name": "Jing LI",
      "scholar_id": "2QxEwWsAAAAJ",
      "url": "https://scholar.google.com/citations?user=2QxEwWsAAAAJ"
    },
    {
      "name": "Zongqing Lu",
      "scholar_id": "k3IFtTYAAAAJ",
      "url": "https://scholar.google.com/citations?user=k3IFtTYAAAAJ"
    },
    {
      "name": "Wei Liu, AAAS/IEEE/IAPR Fellow",
      "scholar_id": "AjxoEpIAAAAJ",
      "url": "https://scholar.google.com/citations?user=AjxoEpIAAAAJ"
    },
    {
      "name": "Xin Xia",
      "scholar_id": "XSZRxOEAAAAJ",
      "url": "https://scholar.google.com/citations?user=XSZRxOEAAAAJ"
    },
    {
      "name": "Weinan Zhang",
      "scholar_id": "Qzss0GEAAAAJ",
      "url": "https://scholar.google.com/citations?user=Qzss0GEAAAAJ"
    },
    {
      "name": "Erik Cambria",
      "scholar_id": "ilSYpW0AAAAJ",
      "url": "https://scholar.google.com/citations?user=ilSYpW0AAAAJ"
    },
    {
      "name": "Shuai Li (李帅)",
      "scholar_id": "kMZgQxcAAAAJ",
      "url": "https://scholar.google.com/citations?user=kMZgQxcAAAAJ"
    },
    {
      "name": "Xiao Han",
      "scholar_id": "XGVV3gEAAAAJ",
      "url": "https://scholar.google.com/citations?user=XGVV3gEAAAAJ"
    },
    {
      "name": "Lingfeng Bao",
      "scholar_id": "RMJI97QAAAAJ",
      "url": "https://scholar.google.com/citations?user=RMJI97QAAAAJ"
    },
    {
      "name": "Chongjie zhang",
      "scholar_id": "LjxqXycAAAAJ",
      "url": "https://scholar.google.com/citations?user=LjxqXycAAAAJ"
    },
    {
      "name": "Mingkui Tan",
      "scholar_id": "EVsoTGkAAAAJ",
      "url": "https://scholar.google.com/citations?user=EVsoTGkAAAAJ"
    },
    {
      "name": "Jun Zhang",
      "scholar_id": "xUMuDgwAAAAJ",
      "url": "https://scholar.google.com/citations?user=xUMuDgwAAAAJ"
    }
  ]
}