{
  "author_info": {
    "name": "Cheng Luo (罗成)",
    "affiliation": "King Abdullah University of Science and Technology",
    "email_verified": "Verified email at kaust.edu.sa - Homepage",
    "website": "http://chengluo.cc/",
    "interests": [
      "Human-Computer Interaction",
      "Affective Computing",
      "Deep Learning"
    ],
    "photo_url": "https://scholar.googleusercontent.com/citations?view_op=view_photo&user=h0IdnhUAAAAJ&citpid=8"
  },
  "citation_stats": {
    "citations_all": 725,
    "citations_since_2020": 725,
    "h_index_all": 12,
    "h_index_since_2020": 12,
    "i10_index_all": 12,
    "i10_index_since_2020": 12,
    "citation_graph": [
      {
        "year": 2022,
        "citations": 37
      },
      {
        "year": 2023,
        "citations": 120
      },
      {
        "year": 2024,
        "citations": 279
      },
      {
        "year": 2025,
        "citations": 283
      }
    ]
  },
  "papers": [
    {
      "title": "SynFER: Towards Boosting Facial Expression Recognition with Synthetic Data",
      "url": "https://scholar.google.com/citations?view_op=view_citation&hl=en&user=h0IdnhUAAAAJ&citation_for_view=h0IdnhUAAAAJ:-jrNzM816MMC",
      "authors": "X He*, C Luo*, X Xian, B Li, MH Khan, Z Ge, W Xie, S Song, L Shen, ...",
      "venue": "International Conference on Computer Vision (ICCV), 2025",
      "year": 2025,
      "citations": 5
    },
    {
      "title": "Benchmarking Graph Representations and Graph Neural Networks for Multivariate Time Series Classification",
      "url": "https://scholar.google.com/citations?view_op=view_citation&hl=en&user=h0IdnhUAAAAJ&citation_for_view=h0IdnhUAAAAJ:sszUF3NjhM4C",
      "authors": "W Yang, S Wu, Y Zhou, C Luo, X He, W Xie, L Shen, S Song",
      "venue": "arXiv preprint arXiv:2501.08305, 2025",
      "year": 2025,
      "citations": 4
    },
    {
      "title": "REACT 2025: the Third Multiple Appropriate Facial Reaction Generation Challenge",
      "url": "https://scholar.google.com/citations?view_op=view_citation&hl=en&user=h0IdnhUAAAAJ&citation_for_view=h0IdnhUAAAAJ:kWvqk_afx_IC",
      "authors": "S Song, M Spitale, X Kong, H Zhu, C Luo, C Palmero, G Barquero, ...",
      "venue": "ACM International Conference on Multimedia (ACM MM), 2025",
      "year": 2025,
      "citations": 3
    },
    {
      "title": "NTIRE 2024 challenge on short-form UGC video quality assessment: Methods and results",
      "url": "https://scholar.google.com/citations?view_op=view_citation&hl=en&user=h0IdnhUAAAAJ&citation_for_view=h0IdnhUAAAAJ:-7ulzOJl1JYC",
      "authors": "X Li, K Yuan, Y Pei, Y Lu, M Sun, C Zhou, Z Chen, R Timofte, W Sun, ...",
      "venue": "IEEE Conference on Computer Vision and Pattern Recognition (CVPR) Workshops, 2024",
      "year": 2024,
      "citations": 28
    },
    {
      "title": "ReactFace: Online Multiple Appropriate Facial Reaction Generation in Dyadic Interactions",
      "url": "https://scholar.google.com/citations?view_op=view_citation&hl=en&user=h0IdnhUAAAAJ&citation_for_view=h0IdnhUAAAAJ:yxmsSjX2EkcC",
      "authors": "C Luo, S Song, W Xie, M Spitale, Z Ge, L Shen, H Gunes",
      "venue": "IEEE Transactions on Visualization and Computer Graphics (TVCG), 1 - 18, 2024",
      "year": 2024,
      "citations": 27
    },
    {
      "title": "Boosting Adversarial Transferability across Model Genus by Deformation-Constrained Warping",
      "url": "https://scholar.google.com/citations?view_op=view_citation&hl=en&user=h0IdnhUAAAAJ&citation_for_view=h0IdnhUAAAAJ:q-HalDI95KYC",
      "authors": "Q Lin*, C Luo*, Z Niu, X He, W Xie, Y Hou, L Shen, S Song",
      "venue": "Proceedings of the AAAI Conference on Artificial Intelligence (AAAI), 2024",
      "year": 2024,
      "citations": 26
    },
    {
      "title": "REACT 2024: the Second Multiple Appropriate Facial Reaction Generation Challenge",
      "url": "https://scholar.google.com/citations?view_op=view_citation&hl=en&user=h0IdnhUAAAAJ&citation_for_view=h0IdnhUAAAAJ:jFemdcug13IC",
      "authors": "S Song*, M Spitale*, C Luo*, C Palmero, G Barquero, H Zhu, S Escalera, ...",
      "venue": "IEEE International Conference on Automatic Face and Gesture Recognition (FG), 2024",
      "year": 2024,
      "citations": 25
    },
    {
      "title": "Multi-scale Dynamic and Hierarchical Relationship Modeling for Facial Action Units Recognition",
      "url": "https://scholar.google.com/citations?view_op=view_citation&hl=en&user=h0IdnhUAAAAJ&citation_for_view=h0IdnhUAAAAJ:KaMxkj08jr0C",
      "authors": "Z Wang, S Song, C Luo, S Deng, W Xie, L Shen",
      "venue": "IEEE Conference on Computer Vision and Pattern Recognition (CVPR), 2024",
      "year": 2024,
      "citations": 13
    },
    {
      "title": "Towards Combating Frequency Simplicity-biased Learning for Domain Generalization",
      "url": "https://scholar.google.com/citations?view_op=view_citation&hl=en&user=h0IdnhUAAAAJ&citation_for_view=h0IdnhUAAAAJ:QyXJ3EUuO1IC",
      "authors": "X He, J Hu, Q Lin, C Luo, W Xie, S Song, MH Khan, L Shen",
      "venue": "Annual Conference on Neural Information Processing Systems (NeurIPS), 2024",
      "year": 2024,
      "citations": 7
    },
    {
      "title": "Scale-Free And Task-Generic Attack: Generating Photo-Realistic Adversarial Patterns With Patch Quilting Generator",
      "url": "https://scholar.google.com/citations?view_op=view_citation&hl=en&user=h0IdnhUAAAAJ&citation_for_view=h0IdnhUAAAAJ:1Ye0OR6EYb4C",
      "authors": "X Gao, Q Lin, C Luo, W Xie, L Shen, K Kusumam, S Song",
      "venue": "International Conference on Acoustics, Speech and Signal Processing (ICASSP …, 2024",
      "year": 2024,
      "citations": 7
    },
    {
      "title": "Network Characteristics Adaption and Hierarchical Feature Exploration for Robust Object Recognition",
      "url": "https://scholar.google.com/citations?view_op=view_citation&hl=en&user=h0IdnhUAAAAJ&citation_for_view=h0IdnhUAAAAJ:AXkvAH5U_nMC",
      "authors": "W Xie, C Luo, G Wang, L Shen, Z Lai, S Song",
      "venue": "Pattern Recognition (PR), 2024",
      "year": 2024,
      "citations": 4
    },
    {
      "title": "REACT2023: The First Multiple Appropriate Facial Reaction Generation Challenge",
      "url": "https://scholar.google.com/citations?view_op=view_citation&hl=en&user=h0IdnhUAAAAJ&citation_for_view=h0IdnhUAAAAJ:1yWc8FF-_SYC",
      "authors": "S Song, M Spitale, C Luo, G Barquero, C Palmero, S Escalera, M Valstar, ...",
      "venue": "ACM International Conference on Multimedia (ACM MM), 9620–9624, 2023",
      "year": 2023,
      "citations": 39
    },
    {
      "title": "Spatial-Temporal Graph-Based AU Relationship Learning for Facial Action Unit Detection",
      "url": "https://scholar.google.com/citations?view_op=view_citation&hl=en&user=h0IdnhUAAAAJ&citation_for_view=h0IdnhUAAAAJ:hsZV8lGYWTMC",
      "authors": "Z Wang, S Song, C Luo, Y Zhou, S Wu, W Xie, L Shen",
      "venue": "IEEE Conference on Computer Vision and Pattern Recognition (CVPR) Workshops …, 2023",
      "year": 2023,
      "citations": 22
    },
    {
      "title": "Shift from Texture-bias to Shape-bias: Edge Deformation-based Augmentation for Robust Object Recognition",
      "url": "https://scholar.google.com/citations?view_op=view_citation&hl=en&user=h0IdnhUAAAAJ&citation_for_view=h0IdnhUAAAAJ:6bLC7aUMtPcC",
      "authors": "X He, Q Lin, C Luo, W Xie, S Song, F Liu, L Shen",
      "venue": "International Conference on Computer Vision (ICCV), 1526-1535, 2023",
      "year": 2023,
      "citations": 12
    },
    {
      "title": "Joint Prediction of Audio Event and Annoyance Rating in an Urban Soundscape by Hierarchical Graph Representation Learning",
      "url": "https://scholar.google.com/citations?view_op=view_citation&hl=en&user=h0IdnhUAAAAJ&citation_for_view=h0IdnhUAAAAJ:3NQIlFlcGxIC",
      "authors": "Y Hou, S Song, C Luo, A Mitchell, Q Ren, W Xie, J Kang, W Wang, ...",
      "venue": "INTERSPEECH 2023, 331-335, 2023",
      "year": 2023,
      "citations": 6
    },
    {
      "title": "Frequency-driven Imperceptible Adversarial Attack on Semantic Similarity",
      "url": "https://scholar.google.com/citations?view_op=view_citation&hl=en&user=h0IdnhUAAAAJ&citation_for_view=h0IdnhUAAAAJ:WC23djZS0W4C",
      "authors": "C Luo, Q Lin, W Xie, B Wu, J Xie, L Shen",
      "venue": "IEEE Conference on Computer Vision and Pattern Recognition (CVPR), 15315-15324, 2022",
      "year": 2022,
      "citations": 184
    },
    {
      "title": "Learning Multi-dimensional Edge Feature-based AU Relation Graph for Facial Action Unit Recognition",
      "url": "https://scholar.google.com/citations?view_op=view_citation&hl=en&user=h0IdnhUAAAAJ&citation_for_view=h0IdnhUAAAAJ:WHdLCjDvYFkC",
      "authors": "C Luo, S Song, W Xie, L Shen, H Gunes",
      "venue": "International Joint Conference on Artificial Intelligence (IJCAI), 1239-1246, 2022",
      "year": 2022,
      "citations": 183
    },
    {
      "title": "Gratis: Deep learning graph representation with task-specific topology and multi-dimensional edge features",
      "url": "https://scholar.google.com/citations?view_op=view_citation&hl=en&user=h0IdnhUAAAAJ&citation_for_view=h0IdnhUAAAAJ:CB2v5VPnA5kC",
      "authors": "S Song, Y Song, C Luo, Z Song, S Kuzucu, X Jia, Z Guo, W Xie, L Shen, ...",
      "venue": "arXiv preprint arXiv:2211.12482, 2022",
      "year": 2022,
      "citations": 34
    },
    {
      "title": "SemFormer: Semantic Guided Activation Transformer for Weakly Supervised Semantic Segmentation",
      "url": "https://scholar.google.com/citations?view_op=view_citation&hl=en&user=h0IdnhUAAAAJ&citation_for_view=h0IdnhUAAAAJ:L1USKYWJimsC",
      "authors": "J Chen, X Zhao, C Luo, L Shen",
      "venue": "arXiv preprint arXiv:2210.14618, 2022",
      "year": 2022,
      "citations": 8
    },
    {
      "title": "Online Refinement of Low-level Feature Based Activation Map for Weakly Supervised Object Localization",
      "url": "https://scholar.google.com/citations?view_op=view_citation&hl=en&user=h0IdnhUAAAAJ&citation_for_view=h0IdnhUAAAAJ:1taIhTC69MYC",
      "authors": "J Xie, C Luo, X Zhu, Z Jin, W Lu, L Shen",
      "venue": "International Conference on Computer Vision (ICCV), 132-141, 2021",
      "year": 2021,
      "citations": 82
    }
  ],
  "co_authors": [
    {
      "name": "Linlin Shen",
      "scholar_id": "AZ_y9HgAAAAJ",
      "url": "https://scholar.google.com/citations?user=AZ_y9HgAAAAJ"
    },
    {
      "name": "Siyang Song",
      "scholar_id": "ZKSL1IcAAAAJ",
      "url": "https://scholar.google.com/citations?user=ZKSL1IcAAAAJ"
    },
    {
      "name": "Hatice Gunes",
      "scholar_id": "2WkE1wYAAAAJ",
      "url": "https://scholar.google.com/citations?user=2WkE1wYAAAAJ"
    },
    {
      "name": "Bernard Ghanem",
      "scholar_id": "rVsGTeEAAAAJ",
      "url": "https://scholar.google.com/citations?user=rVsGTeEAAAAJ"
    }
  ]
}