{
  "author_info": {
    "name": "Sadaf Salehkalaibar",
    "affiliation": "Assistant Professor at University of Manitoba",
    "email_verified": "Verified email at umanitoba.ca - Homepage",
    "website": "http://sadafsaleh.com/",
    "interests": [
      "Information theory",
      "Machine learning",
      "Security"
    ],
    "photo_url": "https://scholar.googleusercontent.com/citations?view_op=view_photo&user=aPV4dVkAAAAJ&citpid=5"
  },
  "citation_stats": {
    "citations_all": 480,
    "citations_since_2020": 359,
    "h_index_all": 12,
    "h_index_since_2020": 11,
    "i10_index_all": 16,
    "i10_index_since_2020": 14,
    "citation_graph": [
      {
        "year": 2010,
        "citations": 7
      },
      {
        "year": 2011,
        "citations": 8
      },
      {
        "year": 2012,
        "citations": 10
      },
      {
        "year": 2013,
        "citations": 10
      },
      {
        "year": 2014,
        "citations": 12
      },
      {
        "year": 2015,
        "citations": 4
      },
      {
        "year": 2016,
        "citations": 7
      },
      {
        "year": 2017,
        "citations": 9
      },
      {
        "year": 2018,
        "citations": 15
      },
      {
        "year": 2019,
        "citations": 36
      },
      {
        "year": 2020,
        "citations": 49
      },
      {
        "year": 2021,
        "citations": 34
      },
      {
        "year": 2022,
        "citations": 42
      },
      {
        "year": 2023,
        "citations": 64
      },
      {
        "year": 2024,
        "citations": 90
      },
      {
        "year": 2025,
        "citations": 80
      }
    ]
  },
  "papers": [
    {
      "title": "Rate-distortion-perception tradeoff based on the conditional-distribution perception measure",
      "url": "https://scholar.google.com/citations?view_op=view_citation&hl=en&user=aPV4dVkAAAAJ&citation_for_view=aPV4dVkAAAAJ:r0BpntZqJG4C",
      "authors": "S Salehkalaibar, J Chen, A Khisti, W Yu",
      "venue": "IEEE Transactions on Information Theory, 2024",
      "year": 2024,
      "citations": 15
    },
    {
      "title": "Rate-distortion-perception tradeoff for Gaussian vector sources",
      "url": "https://scholar.google.com/citations?view_op=view_citation&hl=en&user=aPV4dVkAAAAJ&citation_for_view=aPV4dVkAAAAJ:bEWYMUwI8FkC",
      "authors": "J Qian, S Salehkalaibar, J Chen, A Khisti, W Yu, W Shi, Y Ge, W Tong",
      "venue": "IEEE Journal on Selected Areas in Information Theory, 2024",
      "year": 2024,
      "citations": 11
    },
    {
      "title": "On the choice of perception loss function for learned video compression",
      "url": "https://scholar.google.com/citations?view_op=view_citation&hl=en&user=aPV4dVkAAAAJ&citation_for_view=aPV4dVkAAAAJ:RHpTSmoSYBkC",
      "authors": "S Salehkalaibar, TB Phan, J Chen, W Yu, A Khisti",
      "venue": "Advances in Neural Information Processing Systems 36, 48226-48274, 2023",
      "year": 2023,
      "citations": 21
    },
    {
      "title": "M22: A communication-efficient algorithm for federated learning inspired by rate-distortion",
      "url": "https://scholar.google.com/citations?view_op=view_citation&hl=en&user=aPV4dVkAAAAJ&citation_for_view=aPV4dVkAAAAJ:R3hNpaxXUhUC",
      "authors": "Y Liu, S Rini, S Salehkalaibar, J Chen",
      "venue": "IEEE Transactions on Communications 72 (2), 845-860, 2023",
      "year": 2023,
      "citations": 7
    },
    {
      "title": "Towards multi-domain single image dehazing via test-time training",
      "url": "https://scholar.google.com/citations?view_op=view_citation&hl=en&user=aPV4dVkAAAAJ&citation_for_view=aPV4dVkAAAAJ:e5wmG9Sq2KIC",
      "authors": "H Liu, Z Wu, L Li, S Salehkalaibar, J Chen, K Wang",
      "venue": "Proceedings of the IEEE/CVF conference on computer vision and pattern …, 2022",
      "year": 2022,
      "citations": 70
    },
    {
      "title": "Distributed sequential hypothesis testing with zero-rate compression",
      "url": "https://scholar.google.com/citations?view_op=view_citation&hl=en&user=aPV4dVkAAAAJ&citation_for_view=aPV4dVkAAAAJ:hFOr9nPyWt4C",
      "authors": "S Salehkalaibar, VYF Tan",
      "venue": "2021 IEEE Information Theory Workshop (ITW), 1-5, 2021",
      "year": 2021,
      "citations": 11
    },
    {
      "title": "Distributed hypothesis testing based on unequal-error protection codes",
      "url": "https://scholar.google.com/citations?view_op=view_citation&hl=en&user=aPV4dVkAAAAJ&citation_for_view=aPV4dVkAAAAJ:4TOpqqG69KYC",
      "authors": "S Salehkalaibar, M Wigger",
      "venue": "IEEE Transactions on Information Theory 66 (7), 4150-4182, 2020",
      "year": 2020,
      "citations": 30
    },
    {
      "title": "Distributed hypothesis testing with variable-length coding",
      "url": "https://scholar.google.com/citations?view_op=view_citation&hl=en&user=aPV4dVkAAAAJ&citation_for_view=aPV4dVkAAAAJ:dhFuZR0502QC",
      "authors": "S Salehkalaibar, M Wigger",
      "venue": "IEEE Journal on Selected Areas in Information Theory 1 (3), 681-694, 2020",
      "year": 2020,
      "citations": 18
    },
    {
      "title": "Hypothesis testing over the two-hop relay network",
      "url": "https://scholar.google.com/citations?view_op=view_citation&hl=en&user=aPV4dVkAAAAJ&citation_for_view=aPV4dVkAAAAJ:mVmsd5A6BfQC",
      "authors": "S Salehkalaibar, M Wigger, L Wang",
      "venue": "IEEE Transactions on Information Theory 65 (7), 4411-4433, 2019",
      "year": 2019,
      "citations": 40
    },
    {
      "title": "Distributed hypothesis testing with privacy constraints",
      "url": "https://scholar.google.com/citations?view_op=view_citation&hl=en&user=aPV4dVkAAAAJ&citation_for_view=aPV4dVkAAAAJ:_kc_bZDykSQC",
      "authors": "A Gilani, S Belhadj Amor, S Salehkalaibar, VYF Tan",
      "venue": "Entropy 21 (5), 478, 2019",
      "year": 2019,
      "citations": 29
    },
    {
      "title": "Covert communication over a compound discrete memoryless channel",
      "url": "https://scholar.google.com/citations?view_op=view_citation&hl=en&user=aPV4dVkAAAAJ&citation_for_view=aPV4dVkAAAAJ:Wp0gIr-vW9MC",
      "authors": "M Ahmadipour, S Salehkalaibar, MH Yassaee, VYF Tan",
      "venue": "2019 IEEE International Symposium on Information Theory (ISIT), 982-986, 2019",
      "year": 2019,
      "citations": 11
    },
    {
      "title": "On hypothesis testing against conditional independence with multiple decision centers",
      "url": "https://scholar.google.com/citations?view_op=view_citation&hl=en&user=aPV4dVkAAAAJ&citation_for_view=aPV4dVkAAAAJ:MXK_kJrjxJIC",
      "authors": "S Salehkalaibar, M Wigger, R Timo",
      "venue": "IEEE Transactions on Communications 66 (6), 2409-2420, 2018",
      "year": 2018,
      "citations": 35
    },
    {
      "title": "Distributed hypothesis testing over multi-access channels",
      "url": "https://scholar.google.com/citations?view_op=view_citation&hl=en&user=aPV4dVkAAAAJ&citation_for_view=aPV4dVkAAAAJ:4DMP91E08xMC",
      "authors": "S Salehkalaibar, M Wigger",
      "venue": "2018 IEEE Global Communications Conference (GLOBECOM), 1-6, 2018",
      "year": 2018,
      "citations": 11
    },
    {
      "title": "Distributed hypothesis testing over a noisy channel",
      "url": "https://scholar.google.com/citations?view_op=view_citation&hl=en&user=aPV4dVkAAAAJ&citation_for_view=aPV4dVkAAAAJ:ULOm3_A8WrAC",
      "authors": "S Salehkalaibar, MA Wigger",
      "venue": "International Zurich Seminar on Information and Communication (IZS 2018 …, 2018",
      "year": 2018,
      "citations": 7
    },
    {
      "title": "Hypothesis testing in multi-hop networks",
      "url": "https://scholar.google.com/citations?view_op=view_citation&hl=en&user=aPV4dVkAAAAJ&citation_for_view=aPV4dVkAAAAJ:kNdYIx-mwKoC",
      "authors": "S Salehkalaibar, M Wigger, L Wang",
      "venue": "arXiv preprint arXiv:1708.05198, 2017",
      "year": 2017,
      "citations": 23
    },
    {
      "title": "Hypothesis testing for privacy of smart meters with side information",
      "url": "https://scholar.google.com/citations?view_op=view_citation&hl=en&user=aPV4dVkAAAAJ&citation_for_view=aPV4dVkAAAAJ:Zph67rFs4hoC",
      "authors": "S Salehkalaibar, F Aminifar, M Shahidehpour",
      "venue": "IEEE Transactions on Smart Grid 10 (2), 2059-2067, 2017",
      "year": 2017,
      "citations": 19
    },
    {
      "title": "Inter-neuron interference analysis in neuro-synaptic communications",
      "url": "https://scholar.google.com/citations?view_op=view_citation&hl=en&user=aPV4dVkAAAAJ&citation_for_view=aPV4dVkAAAAJ:hqOjcs7Dif8C",
      "authors": "A Amiri, B Maham, S Salehkalaibar",
      "venue": "IEEE Communications Letters 21 (4), 737-740, 2016",
      "year": 2016,
      "citations": 6
    },
    {
      "title": "One-receiver two-eavesdropper broadcast channel with degraded message sets",
      "url": "https://scholar.google.com/citations?view_op=view_citation&hl=en&user=aPV4dVkAAAAJ&citation_for_view=aPV4dVkAAAAJ:u5HHmVD_uO8C",
      "authors": "S Salehkalaibar, M Mirmohseni, MR Aref",
      "venue": "IEEE transactions on information forensics and security 8 (7), 1162-1172, 2013",
      "year": 2013,
      "citations": 18
    },
    {
      "title": "On the transmission of correlated sources over relay channels",
      "url": "https://scholar.google.com/citations?view_op=view_citation&hl=en&user=aPV4dVkAAAAJ&citation_for_view=aPV4dVkAAAAJ:d1gkVwhDpl0C",
      "authors": "S Salehkalaibar, MR Aref",
      "venue": "2011 IEEE International Symposium on Information Theory Proceedings, 1352-1356, 2011",
      "year": 2011,
      "citations": 6
    },
    {
      "title": "On the capacity region of the degraded Z channel",
      "url": "https://scholar.google.com/citations?view_op=view_citation&hl=en&user=aPV4dVkAAAAJ&citation_for_view=aPV4dVkAAAAJ:u-x6o8ySG0sC",
      "authors": "S Salehkalaibar, MR Aref",
      "venue": "2010 IEEE Information Theory Workshop, 1-5, 2010",
      "year": 2010,
      "citations": 12
    }
  ],
  "co_authors": [
    {
      "name": "Mohammad Reza Aref",
      "scholar_id": "SATq2T4AAAAJ",
      "url": "https://scholar.google.com/citations?user=SATq2T4AAAAJ"
    },
    {
      "name": "Michele Wigger",
      "scholar_id": "tJlviVYAAAAJ",
      "url": "https://scholar.google.com/citations?user=tJlviVYAAAAJ"
    },
    {
      "name": "Jun Chen",
      "scholar_id": "XI79Mw0AAAAJ",
      "url": "https://scholar.google.com/citations?user=XI79Mw0AAAAJ"
    },
    {
      "name": "Wei Yu",
      "scholar_id": "agJYLEQAAAAJ",
      "url": "https://scholar.google.com/citations?user=agJYLEQAAAAJ"
    },
    {
      "name": "Ashish Khisti",
      "scholar_id": "jiGeAg4AAAAJ",
      "url": "https://scholar.google.com/citations?user=jiGeAg4AAAAJ"
    },
    {
      "name": "Vincent Y. F. Tan",
      "scholar_id": "dJoAVvAAAAAJ",
      "url": "https://scholar.google.com/citations?user=dJoAVvAAAAAJ"
    },
    {
      "name": "Ligong Wang",
      "scholar_id": "6hTlhWAAAAAJ",
      "url": "https://scholar.google.com/citations?user=6hTlhWAAAAAJ"
    },
    {
      "name": "stefano rini",
      "scholar_id": "m5Ne90gAAAAJ",
      "url": "https://scholar.google.com/citations?user=m5Ne90gAAAAJ"
    }
  ]
}