{
  "author_info": {
    "name": "Mathias Gehrig",
    "affiliation": "CV Research Engineer - Skydio",
    "email_verified": "Verified email at ifi.uzh.ch - Homepage",
    "website": "https://magehrig.github.io/",
    "interests": [
      "Robotics",
      "Computer Vision",
      "Machine Learning"
    ],
    "photo_url": "https://scholar.googleusercontent.com/citations?view_op=view_photo&user=uTMjaVoAAAAJ&citpid=3"
  },
  "citation_stats": {
    "citations_all": 3220,
    "citations_since_2020": 3176,
    "h_index_all": 21,
    "h_index_since_2020": 21,
    "i10_index_all": 22,
    "i10_index_since_2020": 22,
    "citation_graph": [
      {
        "year": 2018,
        "citations": 8
      },
      {
        "year": 2019,
        "citations": 26
      },
      {
        "year": 2020,
        "citations": 84
      },
      {
        "year": 2021,
        "citations": 188
      },
      {
        "year": 2022,
        "citations": 370
      },
      {
        "year": 2023,
        "citations": 508
      },
      {
        "year": 2024,
        "citations": 909
      },
      {
        "year": 2025,
        "citations": 1105
      }
    ]
  },
  "papers": [
    {
      "title": "State space models for event cameras",
      "url": "https://scholar.google.com/citations?view_op=view_citation&hl=en&user=uTMjaVoAAAAJ&citation_for_view=uTMjaVoAAAAJ:dhFuZR0502QC",
      "authors": "N Zubic, M Gehrig, D Scaramuzza",
      "venue": "Proceedings of the IEEE/CVF Conference on Computer Vision and Pattern …, 2024",
      "year": 2024,
      "citations": 91
    },
    {
      "title": "Dense continuous-time optical flow from event cameras",
      "url": "https://scholar.google.com/citations?view_op=view_citation&hl=en&user=uTMjaVoAAAAJ&citation_for_view=uTMjaVoAAAAJ:QIV2ME_5wuYC",
      "authors": "M Gehrig, M Muglikar, D Scaramuzza",
      "venue": "IEEE Transactions on Pattern Analysis and Machine Intelligence 46 (7), 4736-4746, 2024",
      "year": 2024,
      "citations": 68
    },
    {
      "title": "Revisiting token pruning for object detection and instance segmentation",
      "url": "https://scholar.google.com/citations?view_op=view_citation&hl=en&user=uTMjaVoAAAAJ&citation_for_view=uTMjaVoAAAAJ:4DMP91E08xMC",
      "authors": "Y Liu, M Gehrig, N Messikommer, M Cannici, D Scaramuzza",
      "venue": "Proceedings of the IEEE/CVF Winter Conference on Applications of Computer …, 2024",
      "year": 2024,
      "citations": 56
    },
    {
      "title": "Leod: Label-efficient object detection for event cameras",
      "url": "https://scholar.google.com/citations?view_op=view_citation&hl=en&user=uTMjaVoAAAAJ&citation_for_view=uTMjaVoAAAAJ:9ZlFYXVOiuMC",
      "authors": "Z Wu, M Gehrig, Q Lyu, X Liu, I Gilitschenski",
      "venue": "Proceedings of the IEEE/CVF Conference on Computer Vision and Pattern …, 2024",
      "year": 2024,
      "citations": 32
    },
    {
      "title": "Recurrent vision transformers for object detection with event cameras",
      "url": "https://scholar.google.com/citations?view_op=view_citation&hl=en&user=uTMjaVoAAAAJ&citation_for_view=uTMjaVoAAAAJ:Zph67rFs4hoC",
      "authors": "M Gehrig, D Scaramuzza",
      "venue": "Proceedings of the IEEE/CVF conference on computer vision and pattern …, 2023",
      "year": 2023,
      "citations": 234
    },
    {
      "title": "Data-driven feature tracking for event cameras",
      "url": "https://scholar.google.com/citations?view_op=view_citation&hl=en&user=uTMjaVoAAAAJ&citation_for_view=uTMjaVoAAAAJ:KlAtU1dfN6UC",
      "authors": "N Messikommer, C Fang, M Gehrig, D Scaramuzza",
      "venue": "Proceedings of the IEEE/CVF Conference on Computer Vision and Pattern …, 2023",
      "year": 2023,
      "citations": 74
    },
    {
      "title": "From Chaos Comes Order: Ordering Event Representations for Object Detection",
      "url": "https://scholar.google.com/citations?view_op=view_citation&hl=en&user=uTMjaVoAAAAJ&citation_for_view=uTMjaVoAAAAJ:M3ejUd6NZC8C",
      "authors": "N Zubić, D Gehrig, M Gehrig, D Scaramuzza",
      "venue": "Proceedings of the International Conference on Computer Vision (ICCV), 2023",
      "year": 2023,
      "citations": 73
    },
    {
      "title": "Bridging the gap between events and frames through unsupervised domain adaptation",
      "url": "https://scholar.google.com/citations?view_op=view_citation&hl=en&user=uTMjaVoAAAAJ&citation_for_view=uTMjaVoAAAAJ:0EnyYjriUFMC",
      "authors": "N Messikommer, D Gehrig, M Gehrig, D Scaramuzza",
      "venue": "IEEE Robotics and Automation Letters 7 (2), 3515-3522, 2022",
      "year": 2022,
      "citations": 73
    },
    {
      "title": "DSEC: A Stereo Event Camera Dataset for Driving Scenarios",
      "url": "https://scholar.google.com/citations?view_op=view_citation&hl=en&user=uTMjaVoAAAAJ&citation_for_view=uTMjaVoAAAAJ:roLk4NBRz8UC",
      "authors": "M Gehrig, W Aarents, D Gehrig, D Scaramuzza",
      "venue": "IEEE Robotics and Automation Letters, 2021",
      "year": 2021,
      "citations": 508
    },
    {
      "title": "Time lens: Event-based video frame interpolation",
      "url": "https://scholar.google.com/citations?view_op=view_citation&hl=en&user=uTMjaVoAAAAJ&citation_for_view=uTMjaVoAAAAJ:UebtZRa9Y70C",
      "authors": "S Tulyakov, D Gehrig, S Georgoulis, J Erbach, M Gehrig, Y Li, ...",
      "venue": "Proceedings of the IEEE/CVF conference on computer vision and pattern …, 2021",
      "year": 2021,
      "citations": 289
    },
    {
      "title": "E-raft: Dense optical flow from event cameras",
      "url": "https://scholar.google.com/citations?view_op=view_citation&hl=en&user=uTMjaVoAAAAJ&citation_for_view=uTMjaVoAAAAJ:5nxA0vEk-isC",
      "authors": "M Gehrig, M Millhäusler, D Gehrig, D Scaramuzza",
      "venue": "2021 International Conference on 3D Vision (3DV), 197-206, 2021",
      "year": 2021,
      "citations": 227
    },
    {
      "title": "Combining events and frames using recurrent asynchronous multimodal networks for monocular depth prediction",
      "url": "https://scholar.google.com/citations?view_op=view_citation&hl=en&user=uTMjaVoAAAAJ&citation_for_view=uTMjaVoAAAAJ:LkGwnXOMwfcC",
      "authors": "D Gehrig, M Rüegg, M Gehrig, J Hidalgo-Carrió, D Scaramuzza",
      "venue": "IEEE Robotics and Automation Letters 6 (2), 2822-2829, 2021",
      "year": 2021,
      "citations": 177
    },
    {
      "title": "How to Calibrate Your Event Camera",
      "url": "https://scholar.google.com/citations?view_op=view_citation&hl=en&user=uTMjaVoAAAAJ&citation_for_view=uTMjaVoAAAAJ:Se3iqnhoufwC",
      "authors": "M Muglikar, M Gehrig, D Gehrig, D Scaramuzza",
      "venue": "IEEE Conference on Computer Vision and Pattern Recognition Workshop (CVPRW), 2021",
      "year": 2021,
      "citations": 112
    },
    {
      "title": "Video to events: Recycling video datasets for event cameras",
      "url": "https://scholar.google.com/citations?view_op=view_citation&hl=en&user=uTMjaVoAAAAJ&citation_for_view=uTMjaVoAAAAJ:eQOLeE2rZwMC",
      "authors": "D Gehrig, M Gehrig, J Hidalgo-Carrió, D Scaramuzza",
      "venue": "Proceedings of the IEEE/CVF Conference on Computer Vision and Pattern …, 2020",
      "year": 2020,
      "citations": 322
    },
    {
      "title": "AlphaPilot: Autonomous Drone Racing",
      "url": "https://scholar.google.com/citations?view_op=view_citation&hl=en&user=uTMjaVoAAAAJ&citation_for_view=uTMjaVoAAAAJ:WF5omc3nYNoC",
      "authors": "P Foehn, D Brescianini, E Kaufmann, T Cieslewski, M Gehrig, M Muglikar, ...",
      "venue": "2020 Robotics: Science and Systems (RSS), 2020",
      "year": 2020,
      "citations": 224
    },
    {
      "title": "Event-Based Angular Velocity Regression with Spiking Networks",
      "url": "https://scholar.google.com/citations?view_op=view_citation&hl=en&user=uTMjaVoAAAAJ&citation_for_view=uTMjaVoAAAAJ:YsMSGLbcyi4C",
      "authors": "M Gehrig, SB Shrestha, D Mouritzen, D Scaramuzza",
      "venue": "IEEE International Conference on Robotics and Automation (ICRA), 4195-4202, 2020",
      "year": 2020,
      "citations": 128
    },
    {
      "title": "Towards low-latency high-bandwidth control of quadrotors using event cameras",
      "url": "https://scholar.google.com/citations?view_op=view_citation&hl=en&user=uTMjaVoAAAAJ&citation_for_view=uTMjaVoAAAAJ:Tyk-4Ss8FVUC",
      "authors": "RS Dimitrova, M Gehrig, D Brescianini, D Scaramuzza",
      "venue": "2020 IEEE International Conference on Robotics and Automation (ICRA), 4294-4300, 2020",
      "year": 2020,
      "citations": 57
    },
    {
      "title": "Beauty and the beast: Optimal methods meet learning for drone racing",
      "url": "https://scholar.google.com/citations?view_op=view_citation&hl=en&user=uTMjaVoAAAAJ&citation_for_view=uTMjaVoAAAAJ:2osOgNQ5qMEC",
      "authors": "E Kaufmann, M Gehrig, P Foehn, R Ranftl, A Dosovitskiy, V Koltun, ...",
      "venue": "2019 international conference on robotics and automation (ICRA), 690-696, 2019",
      "year": 2019,
      "citations": 185
    },
    {
      "title": "Focus is all you need: Loss functions for event-based vision",
      "url": "https://scholar.google.com/citations?view_op=view_citation&hl=en&user=uTMjaVoAAAAJ&citation_for_view=uTMjaVoAAAAJ:zYLM7Y9cAGgC",
      "authors": "G Gallego, M Gehrig, D Scaramuzza",
      "venue": "Proceedings of the IEEE/CVF Conference on Computer Vision and Pattern …, 2019",
      "year": 2019,
      "citations": 177
    },
    {
      "title": "Visual place recognition with probabilistic voting",
      "url": "https://scholar.google.com/citations?view_op=view_citation&hl=en&user=uTMjaVoAAAAJ&citation_for_view=uTMjaVoAAAAJ:9yKSN-GCB0IC",
      "authors": "M Gehrig, E Stumm, T Hinzmann, R Siegwart",
      "venue": "2017 IEEE International Conference on Robotics and Automation (ICRA), 3192-3199, 2017",
      "year": 2017,
      "citations": 54
    }
  ],
  "co_authors": [
    {
      "name": "Davide Scaramuzza",
      "scholar_id": "SC9wV2kAAAAJ",
      "url": "https://scholar.google.com/citations?user=SC9wV2kAAAAJ"
    },
    {
      "name": "Daniel Gehrig",
      "scholar_id": "FWpgbBsAAAAJ",
      "url": "https://scholar.google.com/citations?user=FWpgbBsAAAAJ"
    },
    {
      "name": "Manasi Muglikar",
      "scholar_id": "LCn8KygAAAAJ",
      "url": "https://scholar.google.com/citations?user=LCn8KygAAAAJ"
    },
    {
      "name": "Nico Messikommer",
      "scholar_id": "mQgKIkYAAAAJ",
      "url": "https://scholar.google.com/citations?user=mQgKIkYAAAAJ"
    },
    {
      "name": "Javier Hidalgo-Carrió",
      "scholar_id": "OtFham0AAAAJ",
      "url": "https://scholar.google.com/citations?user=OtFham0AAAAJ"
    },
    {
      "name": "Philipp Foehn",
      "scholar_id": "DfrisKkAAAAJ",
      "url": "https://scholar.google.com/citations?user=DfrisKkAAAAJ"
    },
    {
      "name": "Elia Kaufmann",
      "scholar_id": "ZWC33cYAAAAJ",
      "url": "https://scholar.google.com/citations?user=ZWC33cYAAAAJ"
    },
    {
      "name": "Dario Brescianini",
      "scholar_id": "eeDSkxwAAAAJ",
      "url": "https://scholar.google.com/citations?user=eeDSkxwAAAAJ"
    },
    {
      "name": "Guillermo Gallego",
      "scholar_id": "v0_XxF0AAAAJ",
      "url": "https://scholar.google.com/citations?user=v0_XxF0AAAAJ"
    },
    {
      "name": "Carter Fang",
      "scholar_id": "VIs5W_4AAAAJ",
      "url": "https://scholar.google.com/citations?user=VIs5W_4AAAAJ"
    },
    {
      "name": "Stamatios Georgoulis",
      "scholar_id": "a5GBXkEAAAAJ",
      "url": "https://scholar.google.com/citations?user=a5GBXkEAAAAJ"
    },
    {
      "name": "Titus Cieslewski",
      "scholar_id": "A6sK9NMAAAAJ",
      "url": "https://scholar.google.com/citations?user=A6sK9NMAAAAJ"
    },
    {
      "name": "Alexey Dosovitskiy",
      "scholar_id": "FXNJRDoAAAAJ",
      "url": "https://scholar.google.com/citations?user=FXNJRDoAAAAJ"
    },
    {
      "name": "Vladlen Koltun",
      "scholar_id": "kg4bCpgAAAAJ",
      "url": "https://scholar.google.com/citations?user=kg4bCpgAAAAJ"
    },
    {
      "name": "Rene Ranftl",
      "scholar_id": "cwKg158AAAAJ",
      "url": "https://scholar.google.com/citations?user=cwKg158AAAAJ"
    },
    {
      "name": "Sumit Bam Shrestha",
      "scholar_id": "gwxvD0IAAAAJ",
      "url": "https://scholar.google.com/citations?user=gwxvD0IAAAAJ"
    },
    {
      "name": "Giovanni Cioffi",
      "scholar_id": "oRju_-YAAAAJ",
      "url": "https://scholar.google.com/citations?user=oRju_-YAAAAJ"
    },
    {
      "name": "Ziyi Wu",
      "scholar_id": "iopH6wIAAAAJ",
      "url": "https://scholar.google.com/citations?user=iopH6wIAAAAJ"
    },
    {
      "name": "Marco Cannici",
      "scholar_id": "Xd9geyMAAAAJ",
      "url": "https://scholar.google.com/citations?user=Xd9geyMAAAAJ"
    },
    {
      "name": "Elena Stumm",
      "scholar_id": "GSy8CmkAAAAJ",
      "url": "https://scholar.google.com/citations?user=GSy8CmkAAAAJ"
    }
  ]
}