{
  "author_info": {
    "name": "Eunho Yang",
    "affiliation": "KAIST",
    "email_verified": "Verified email at kaist.ac.kr - Homepage",
    "website": "http://mli.kaist.ac.kr/",
    "interests": [
      "Machine Learning",
      "Statistics"
    ],
    "photo_url": "/citations/images/avatar_scholar_128.png"
  },
  "citation_stats": {
    "citations_all": 8414,
    "citations_since_2020": 7445,
    "h_index_all": 37,
    "h_index_since_2020": 34,
    "i10_index_all": 80,
    "i10_index_since_2020": 75,
    "citation_graph": [
      {
        "year": 2013,
        "citations": 25
      },
      {
        "year": 2014,
        "citations": 79
      },
      {
        "year": 2015,
        "citations": 71
      },
      {
        "year": 2016,
        "citations": 96
      },
      {
        "year": 2017,
        "citations": 133
      },
      {
        "year": 2018,
        "citations": 172
      },
      {
        "year": 2019,
        "citations": 339
      },
      {
        "year": 2020,
        "citations": 590
      },
      {
        "year": 2021,
        "citations": 859
      },
      {
        "year": 2022,
        "citations": 1121
      },
      {
        "year": 2023,
        "citations": 1473
      },
      {
        "year": 2024,
        "citations": 1705
      },
      {
        "year": 2025,
        "citations": 1684
      }
    ]
  },
  "papers": [
    {
      "title": "Federated continual learning with weighted inter-client transfer",
      "url": "https://scholar.google.com/citations?view_op=view_citation&hl=en&user=UWO1mloAAAAJ&citation_for_view=UWO1mloAAAAJ:pqnbT2bcN3wC",
      "authors": "J Yoon, W Jeong, G Lee, E Yang, SJ Hwang",
      "venue": "International Conference on Machine Learning, 12073-12086, 2021",
      "year": 2021,
      "citations": 331
    },
    {
      "title": "Fedmix: Approximation of mixup under mean augmented federated learning",
      "url": "https://scholar.google.com/citations?view_op=view_citation&hl=en&user=UWO1mloAAAAJ&citation_for_view=UWO1mloAAAAJ:cFHS6HbyZ2cC",
      "authors": "T Yoon, S Shin, SJ Hwang, E Yang",
      "venue": "arXiv preprint arXiv:2107.00233, 2021",
      "year": 2021,
      "citations": 265
    },
    {
      "title": "Meta-stylespeech: Multi-speaker adaptive text-to-speech generation",
      "url": "https://scholar.google.com/citations?view_op=view_citation&hl=en&user=UWO1mloAAAAJ&citation_for_view=UWO1mloAAAAJ:f2IySw72cVMC",
      "authors": "D Min, DB Lee, E Yang, SJ Hwang",
      "venue": "International Conference on Machine Learning, 7748-7759, 2021",
      "year": 2021,
      "citations": 230
    },
    {
      "title": "Online Coreset Selection for Rehearsal-based Continual Learning",
      "url": "https://scholar.google.com/citations?view_op=view_citation&hl=en&user=UWO1mloAAAAJ&citation_for_view=UWO1mloAAAAJ:pyW8ca7W8N0C",
      "authors": "J Yoon, D Madaan, E Yang, SJ Hwang",
      "venue": "arXiv preprint arXiv:2106.01085, 2021",
      "year": 2021,
      "citations": 214
    },
    {
      "title": "GraphENS: Neighbor-Aware Ego Network Synthesis for Class-Imbalanced Node Classification",
      "url": "https://scholar.google.com/citations?view_op=view_citation&hl=en&user=UWO1mloAAAAJ&citation_for_view=UWO1mloAAAAJ:WbkHhVStYXYC",
      "authors": "J Park, J Song, E Yang",
      "venue": "International Conference on Learning Representations, 2021",
      "year": 2021,
      "citations": 165
    },
    {
      "title": "Federated semi-supervised learning with inter-client consistency & disjoint learning",
      "url": "https://scholar.google.com/citations?view_op=view_citation&hl=en&user=UWO1mloAAAAJ&citation_for_view=UWO1mloAAAAJ:a0OBvERweLwC",
      "authors": "W Jeong, J Yoon, E Yang, SJ Hwang",
      "venue": "arXiv preprint arXiv:2006.12097, 2020",
      "year": 2020,
      "citations": 326
    },
    {
      "title": "Distribution aligning refinery of pseudo-label for imbalanced semi-supervised learning",
      "url": "https://scholar.google.com/citations?view_op=view_citation&hl=en&user=UWO1mloAAAAJ&citation_for_view=UWO1mloAAAAJ:HoB7MX3m0LUC",
      "authors": "J Kim, Y Hur, S Park, E Yang, SJ Hwang, J Shin",
      "venue": "Advances in neural information processing systems 33, 14567-14579, 2020",
      "year": 2020,
      "citations": 254
    },
    {
      "title": "Scalable and order-robust continual learning with additive parameter decomposition",
      "url": "https://scholar.google.com/citations?view_op=view_citation&hl=en&user=UWO1mloAAAAJ&citation_for_view=UWO1mloAAAAJ:ns9cj8rnVeAC",
      "authors": "J Yoon, S Kim, E Yang, SJ Hwang",
      "venue": "arXiv preprint arXiv:1902.09432, 2019",
      "year": 2019,
      "citations": 226
    },
    {
      "title": "Learning to Balance: Bayesian Meta-Learning for Imbalanced and Out-of-distribution Tasks",
      "url": "https://scholar.google.com/citations?view_op=view_citation&hl=en&user=UWO1mloAAAAJ&citation_for_view=UWO1mloAAAAJ:TFP_iSt0sucC",
      "authors": "D Na, HB Lee, S Kim, M Park, E Yang, SJ Hwang",
      "venue": "arXiv preprint arXiv:1905.12917, 2019",
      "year": 2019,
      "citations": 149
    },
    {
      "title": "Learning to propagate labels: Transductive propagation network for few-shot learning",
      "url": "https://scholar.google.com/citations?view_op=view_citation&hl=en&user=UWO1mloAAAAJ&citation_for_view=UWO1mloAAAAJ:_Qo2XoVZTnwC",
      "authors": "Y Liu, J Lee, M Park, S Kim, E Yang, SJ Hwang, Y Yang",
      "venue": "arXiv preprint arXiv:1805.10002, 2018",
      "year": 2018,
      "citations": 1048
    },
    {
      "title": "Uncertainty-aware attention for reliable interpretation and prediction",
      "url": "https://scholar.google.com/citations?view_op=view_citation&hl=en&user=UWO1mloAAAAJ&citation_for_view=UWO1mloAAAAJ:IWHjjKOFINEC",
      "authors": "J Heo, HB Lee, S Kim, J Lee, KJ Kim, E Yang, SJ Hwang",
      "venue": "Advances in Neural Information Processing Systems, 909-918, 2018",
      "year": 2018,
      "citations": 123
    },
    {
      "title": "Joint Active Feature Acquisition and Classification with Variable-Size Set Encoding",
      "url": "https://scholar.google.com/citations?view_op=view_citation&hl=en&user=UWO1mloAAAAJ&citation_for_view=UWO1mloAAAAJ:HDshCWvjkbEC",
      "authors": "H Shim, SJ Hwang, E Yang",
      "venue": "Advances in Neural Information Processing Systems, 1373-1383, 2018",
      "year": 2018,
      "citations": 116
    },
    {
      "title": "Lifelong learning with dynamically expandable networks",
      "url": "https://scholar.google.com/citations?view_op=view_citation&hl=en&user=UWO1mloAAAAJ&citation_for_view=UWO1mloAAAAJ:QIV2ME_5wuYC",
      "authors": "J Yoon, E Yang, J Lee, SJ Hwang",
      "venue": "arXiv preprint arXiv:1708.01547, 2017",
      "year": 2017,
      "citations": 1623
    },
    {
      "title": "A review of multivariate distributions for count data derived from the Poisson distribution",
      "url": "https://scholar.google.com/citations?view_op=view_citation&hl=en&user=UWO1mloAAAAJ&citation_for_view=UWO1mloAAAAJ:_kc_bZDykSQC",
      "authors": "DI Inouye, E Yang, GI Allen, P Ravikumar",
      "venue": "Wiley Interdisciplinary Reviews: Computational Statistics 9 (3), e1398, 2017",
      "year": 2017,
      "citations": 203
    },
    {
      "title": "Asymmetric Multi-task Learning based on Task Relatedness and Loss",
      "url": "https://scholar.google.com/citations?view_op=view_citation&hl=en&user=UWO1mloAAAAJ&citation_for_view=UWO1mloAAAAJ:ULOm3_A8WrAC",
      "authors": "G Lee, E Yang, SJ Hwang",
      "venue": "Proceedings of The 33rd International Conference on Machine Learning, 230-238, 2016",
      "year": 2016,
      "citations": 133
    },
    {
      "title": "Graphical models via univariate exponential family distributions",
      "url": "https://scholar.google.com/citations?view_op=view_citation&hl=en&user=UWO1mloAAAAJ&citation_for_view=UWO1mloAAAAJ:9yKSN-GCB0IC",
      "authors": "E Yang, P Ravikumar, GI Allen, Z Liu",
      "venue": "Journal of Machine Learning Research 16, 3813-3847, 2015",
      "year": 2015,
      "citations": 238
    },
    {
      "title": "Mixed Graphical Models via Exponential Families",
      "url": "https://scholar.google.com/citations?view_op=view_citation&hl=en&user=UWO1mloAAAAJ&citation_for_view=UWO1mloAAAAJ:_FxGoFyzp5QC",
      "authors": "E Yang, Y Baker, P Ravikumar, G Allen, Z Liu",
      "venue": "Proceedings of the Seventeenth International Conference on Artificial …, 2014",
      "year": 2014,
      "citations": 157
    },
    {
      "title": "On Poisson Graphical Models",
      "url": "https://scholar.google.com/citations?view_op=view_citation&hl=en&user=UWO1mloAAAAJ&citation_for_view=UWO1mloAAAAJ:ufrVoPGSRksC",
      "authors": "E Yang, P Ravikumar, GI Allen, Z Liu",
      "venue": "Advances in Neural Information Processing Systems, 1718-1726, 2013",
      "year": 2013,
      "citations": 118
    },
    {
      "title": "Graphical Models via Generalized Linear Models",
      "url": "https://scholar.google.com/citations?view_op=view_citation&hl=en&user=UWO1mloAAAAJ&citation_for_view=UWO1mloAAAAJ:u-x6o8ySG0sC",
      "authors": "E Yang, P Ravikumar, G Allen, Z Liu",
      "venue": "Advances in Neural Information Processing Systems 25, 1367-1375, 2012",
      "year": 2012,
      "citations": 204
    },
    {
      "title": "On NDCG consistency of listwise ranking methods",
      "url": "https://scholar.google.com/citations?view_op=view_citation&hl=en&user=UWO1mloAAAAJ&citation_for_view=UWO1mloAAAAJ:u5HHmVD_uO8C",
      "authors": "P Ravikumar, A Tewari, E Yang",
      "venue": "Proceedings of 14th International Conference on Artificial Intelligence and …, 2011",
      "year": 2011,
      "citations": 110
    }
  ],
  "co_authors": [
    {
      "name": "Sung Ju Hwang",
      "scholar_id": "RP4Qx3QAAAAJ",
      "url": "https://scholar.google.com/citations?user=RP4Qx3QAAAAJ"
    },
    {
      "name": "Pradeep Ravikumar",
      "scholar_id": "Q4DTPw4AAAAJ",
      "url": "https://scholar.google.com/citations?user=Q4DTPw4AAAAJ"
    },
    {
      "name": "Jaehong Yoon",
      "scholar_id": "-5comoUAAAAJ",
      "url": "https://scholar.google.com/citations?user=-5comoUAAAAJ"
    },
    {
      "name": "Aurelie Lozano",
      "scholar_id": "4wTGaDsAAAAJ",
      "url": "https://scholar.google.com/citations?user=4wTGaDsAAAAJ"
    },
    {
      "name": "Saehoon Kim",
      "scholar_id": "_ZfueMIAAAAJ",
      "url": "https://scholar.google.com/citations?user=_ZfueMIAAAAJ"
    },
    {
      "name": "Juho Lee",
      "scholar_id": "Py4URJUAAAAJ",
      "url": "https://scholar.google.com/citations?user=Py4URJUAAAAJ"
    },
    {
      "name": "Jinwoo Shin",
      "scholar_id": "m3eDp7kAAAAJ",
      "url": "https://scholar.google.com/citations?user=m3eDp7kAAAAJ"
    },
    {
      "name": "Genevera I. Allen",
      "scholar_id": "gIUd12QAAAAJ",
      "url": "https://scholar.google.com/citations?user=gIUd12QAAAAJ"
    },
    {
      "name": "June Yong Yang",
      "scholar_id": "nkLNWg0AAAAJ",
      "url": "https://scholar.google.com/citations?user=nkLNWg0AAAAJ"
    },
    {
      "name": "Hae Beom Lee",
      "scholar_id": "50_nxq0AAAAJ",
      "url": "https://scholar.google.com/citations?user=50_nxq0AAAAJ"
    },
    {
      "name": "zhandong liu",
      "scholar_id": "O2ar4aIAAAAJ",
      "url": "https://scholar.google.com/citations?user=O2ar4aIAAAAJ"
    },
    {
      "name": "Joonhyung Park",
      "scholar_id": "wA-WltUAAAAJ",
      "url": "https://scholar.google.com/citations?user=wA-WltUAAAAJ"
    },
    {
      "name": "Jihun Yun",
      "scholar_id": "ELv5qfEAAAAJ",
      "url": "https://scholar.google.com/citations?user=ELv5qfEAAAAJ"
    },
    {
      "name": "Hajin Shim",
      "scholar_id": "kG5PdpMAAAAJ",
      "url": "https://scholar.google.com/citations?user=kG5PdpMAAAAJ"
    },
    {
      "name": "Jaeyun Song",
      "scholar_id": "z8OfE7sAAAAJ",
      "url": "https://scholar.google.com/citations?user=z8OfE7sAAAAJ"
    },
    {
      "name": "Wonyong Jeong",
      "scholar_id": "0PC5-GEAAAAJ",
      "url": "https://scholar.google.com/citations?user=0PC5-GEAAAAJ"
    },
    {
      "name": "Minseop Park",
      "scholar_id": "hZRH7hoAAAAJ",
      "url": "https://scholar.google.com/citations?user=hZRH7hoAAAAJ"
    },
    {
      "name": "Gyeongman Kim",
      "scholar_id": "31D801cAAAAJ",
      "url": "https://scholar.google.com/citations?user=31D801cAAAAJ"
    },
    {
      "name": "Kyungsu Kim",
      "scholar_id": "RbJDbtgAAAAJ",
      "url": "https://scholar.google.com/citations?user=RbJDbtgAAAAJ"
    },
    {
      "name": "Kwang Joon Kim",
      "scholar_id": "Wvwaw94AAAAJ",
      "url": "https://scholar.google.com/citations?user=Wvwaw94AAAAJ"
    }
  ]
}