{
  "author_info": {
    "name": "Hamid Dadkhahi",
    "affiliation": "Google",
    "email_verified": "Verified email at google.com",
    "interests": [
      "Machine Learning"
    ],
    "photo_url": "https://scholar.googleusercontent.com/citations?view_op=view_photo&user=ODG6XmUAAAAJ&citpid=9"
  },
  "citation_stats": {
    "citations_all": 165,
    "citations_since_2020": 102,
    "h_index_all": 9,
    "h_index_since_2020": 7,
    "i10_index_all": 9,
    "i10_index_since_2020": 6,
    "citation_graph": [
      {
        "year": 2012,
        "citations": 1
      },
      {
        "year": 2013,
        "citations": 3
      },
      {
        "year": 2014,
        "citations": 8
      },
      {
        "year": 2015,
        "citations": 12
      },
      {
        "year": 2016,
        "citations": 9
      },
      {
        "year": 2017,
        "citations": 6
      },
      {
        "year": 2018,
        "citations": 15
      },
      {
        "year": 2019,
        "citations": 5
      },
      {
        "year": 2020,
        "citations": 5
      },
      {
        "year": 2021,
        "citations": 10
      },
      {
        "year": 2022,
        "citations": 21
      },
      {
        "year": 2023,
        "citations": 23
      },
      {
        "year": 2024,
        "citations": 21
      },
      {
        "year": 2025,
        "citations": 22
      }
    ]
  },
  "papers": [
    {
      "title": "Don't Throw Away Data: Improving Sequence Knowledge Distillation with Minimum Bayes Risk Decoding",
      "url": "https://scholar.google.com/citations?view_op=view_citation&hl=en&user=ODG6XmUAAAAJ&citation_for_view=ODG6XmUAAAAJ:M3ejUd6NZC8C",
      "authors": "J Wang, E Briakou, H Dadkhahi, R Agarwal, C Cherry, T Cohn",
      "venue": "Scaling Self-Improving Foundation Models without Human Supervision, 2025",
      "year": 2025,
      "citations": 4
    },
    {
      "title": "Learning from others' mistakes: Finetuning machine translation models with span-level error annotations",
      "url": "https://scholar.google.com/citations?view_op=view_citation&hl=en&user=ODG6XmUAAAAJ&citation_for_view=ODG6XmUAAAAJ:4TOpqqG69KYC",
      "authors": "LH Zhang, H Dadkhahi, M Finkelstein, F Trabelsi, J Luo, M Freitag",
      "venue": "ICML 2025, 2024",
      "year": 2024,
      "citations": 2
    },
    {
      "title": "Order Matters in the Presence of Dataset Imbalance for Multilingual Learning",
      "url": "https://scholar.google.com/citations?view_op=view_citation&hl=en&user=ODG6XmUAAAAJ&citation_for_view=ODG6XmUAAAAJ:ULOm3_A8WrAC",
      "authors": "D Choi, D Xin, H Dadkhahi, J Gilmer, A Garg, O Firat, CK Yeh, AM Dai, ...",
      "venue": "Thirty-seventh Conference on Neural Information Processing Systems, 2023",
      "year": 2023,
      "citations": 6
    },
    {
      "title": "Fourier Representations for Black-Box Optimization over Categorical Variables",
      "url": "https://scholar.google.com/citations?view_op=view_citation&hl=en&user=ODG6XmUAAAAJ&citation_for_view=ODG6XmUAAAAJ:KlAtU1dfN6UC",
      "authors": "H Dadkhahi, J Rios, K Shanmugam, P Das",
      "venue": "AAAI 2022, 2022",
      "year": 2022,
      "citations": 10
    },
    {
      "title": "Black box optimization over categorical variables",
      "url": "https://scholar.google.com/citations?view_op=view_citation&hl=en&user=ODG6XmUAAAAJ&citation_for_view=ODG6XmUAAAAJ:Zph67rFs4hoC",
      "authors": "H Dadkhahi, K Shanmugam, JMR Aliaga, P Das",
      "venue": "US Patent App. 17/189,211, 2022",
      "year": 2022,
      "citations": 1
    },
    {
      "title": "Combinatorial black box optimization with expert advice",
      "url": "https://scholar.google.com/citations?view_op=view_citation&hl=en&user=ODG6XmUAAAAJ&citation_for_view=ODG6XmUAAAAJ:kNdYIx-mwKoC",
      "authors": "H Dadkhahi, K Shanmugam, JMR Aliaga, P Das, SC Hoffman",
      "venue": "US Patent App. 17/114,408, 2022",
      "year": 2022,
      "citations": 1
    },
    {
      "title": "Combinatorial Black-Box Optimization with Expert Advice",
      "url": "https://scholar.google.com/citations?view_op=view_citation&hl=en&user=ODG6XmUAAAAJ&citation_for_view=ODG6XmUAAAAJ:0EnyYjriUFMC",
      "authors": "H Dadkhahi, K Shanmugam, J Rios, P Das, S Hoffman, TD Loeffler, ...",
      "venue": "KDD'20, 2020",
      "year": 2020,
      "citations": 18
    },
    {
      "title": "Efficient Black-Box Combinatorial Optimization",
      "url": "https://scholar.google.com/citations?view_op=view_citation&hl=en&user=ODG6XmUAAAAJ&citation_for_view=ODG6XmUAAAAJ:5nxA0vEk-isC",
      "authors": "H Dadkhahi, K Shanmugam, J Rios, P Das",
      "venue": "ICML 2020 Workshop on Real World Experiment Design and Active Learning, 2020",
      "year": 2020,
      "citations": 0
    },
    {
      "title": "Alternating Linear Bandits for Online Matrix-Factorization Recommendation",
      "url": "https://scholar.google.com/citations?view_op=view_citation&hl=en&user=ODG6XmUAAAAJ&citation_for_view=ODG6XmUAAAAJ:LkGwnXOMwfcC",
      "authors": "H Dadkhahi, S Negahban",
      "venue": "arXiv preprint arXiv:1810.09401, 2018",
      "year": 2018,
      "citations": 13
    },
    {
      "title": "Methods and systems for determining and outputting correlations between metrics in a web analytic dataset",
      "url": "https://scholar.google.com/citations?view_op=view_citation&hl=en&user=ODG6XmUAAAAJ&citation_for_view=ODG6XmUAAAAJ:MXK_kJrjxJIC",
      "authors": "H Dadkhahi, M Ghavamzadeh, H Bui, B Kveton",
      "venue": "US Patent 11055317B2, 2018",
      "year": 2018,
      "citations": 10
    },
    {
      "title": "Out-of-Sample Extension for Dimensionality Reduction of Noisy Time Series",
      "url": "https://scholar.google.com/citations?view_op=view_citation&hl=en&user=ODG6XmUAAAAJ&citation_for_view=ODG6XmUAAAAJ:Tyk-4Ss8FVUC",
      "authors": "H Dadkhahi, MF Duarte, BM Marlin",
      "venue": "IEEE Transactions on Image Processing 26 (11), 5435-5446, 2017",
      "year": 2017,
      "citations": 17
    },
    {
      "title": "Learning Tree-Structured Detection Cascades for Heterogeneous Networks of Embedded Devices",
      "url": "https://scholar.google.com/citations?view_op=view_citation&hl=en&user=ODG6XmUAAAAJ&citation_for_view=ODG6XmUAAAAJ:WF5omc3nYNoC",
      "authors": "H Dadkhahi, BM Marlin",
      "venue": "KDD'17, 2017",
      "year": 2017,
      "citations": 8
    },
    {
      "title": "Masking strategies for image manifolds",
      "url": "https://scholar.google.com/citations?view_op=view_citation&hl=en&user=ODG6XmUAAAAJ&citation_for_view=ODG6XmUAAAAJ:aqlVkmm33-oC",
      "authors": "H Dadkhahi, MF Duarte",
      "venue": "IEEE Transactions on Image Processing 25 (9), 4314-4328, 2016",
      "year": 2016,
      "citations": 10
    },
    {
      "title": "Learning From Pairwise Proximity Data",
      "url": "https://scholar.google.com/citations?view_op=view_citation&hl=en&user=ODG6XmUAAAAJ&citation_for_view=ODG6XmUAAAAJ:ufrVoPGSRksC",
      "authors": "H Dadkhahi",
      "venue": "",
      "citations": 0,
      "year": 2016
    },
    {
      "title": "Image masking schemes for local manifold learning methods",
      "url": "https://scholar.google.com/citations?view_op=view_citation&hl=en&user=ODG6XmUAAAAJ&citation_for_view=ODG6XmUAAAAJ:4DMP91E08xMC",
      "authors": "H Dadkhahi, MF Duarte",
      "venue": "2015 IEEE International Conference on Acoustics, Speech and Signal …, 2015",
      "year": 2015,
      "citations": 4
    },
    {
      "title": "Masking schemes for image manifolds",
      "url": "https://scholar.google.com/citations?view_op=view_citation&hl=en&user=ODG6XmUAAAAJ&citation_for_view=ODG6XmUAAAAJ:qxL8FJ1GzNcC",
      "authors": "H Dadkhahi, MF Duarte",
      "venue": "2014 IEEE Workshop on Statistical Signal Processing (SSP), 252-255, 2014",
      "year": 2014,
      "citations": 11
    },
    {
      "title": "Spectral compressive sensing with polar interpolation",
      "url": "https://scholar.google.com/citations?view_op=view_citation&hl=en&user=ODG6XmUAAAAJ&citation_for_view=ODG6XmUAAAAJ:2osOgNQ5qMEC",
      "authors": "K Fyhn, H Dadkhahi, MF Duarte",
      "venue": "2013 IEEE International Conference on Acoustics, Speech and Signal …, 2013",
      "year": 2013,
      "citations": 38
    },
    {
      "title": "Inverse polynomial reconstruction method in DCT domain",
      "url": "https://scholar.google.com/citations?view_op=view_citation&hl=en&user=ODG6XmUAAAAJ&citation_for_view=ODG6XmUAAAAJ:d1gkVwhDpl0C",
      "authors": "H Dadkhahi, A Gotchev, K Egiazarian",
      "venue": "EURASIP Journal on Advances in Signal Processing 2012 (1), 133, 2012",
      "year": 2012,
      "citations": 10
    },
    {
      "title": "Coding for multiple packets in erasure networks",
      "url": "https://scholar.google.com/citations?view_op=view_citation&hl=en&user=ODG6XmUAAAAJ&citation_for_view=ODG6XmUAAAAJ:u5HHmVD_uO8C",
      "authors": "H Dadkhahi, T Chan, I Land",
      "venue": "2012 Australian Communications Theory Workshop (AusCTW), 114-119, 2012",
      "year": 2012,
      "citations": 1
    },
    {
      "title": "Design of higher density dual-tree discrete wavelet transform with few degrees of freedom",
      "url": "https://scholar.google.com/citations?view_op=view_citation&hl=en&user=ODG6XmUAAAAJ&citation_for_view=ODG6XmUAAAAJ:9yKSN-GCB0IC",
      "authors": "B Dumitrescu, H Dadkhahi",
      "venue": "Eur. Signal Process. Conf. (EUSIPCO), Lausanne, Switzerland, 2008",
      "year": 2008,
      "citations": 1
    }
  ],
  "co_authors": []
}