{
  "author_info": {
    "name": "Sarkar Snigdha Sarathi Das",
    "affiliation": "PhD Student at Pennsylvania State University",
    "email_verified": "Verified email at psu.edu - Homepage",
    "website": "https://sarathismg.github.io/",
    "interests": [
      "Natural Language Processing",
      "Machine Learning"
    ],
    "photo_url": "https://scholar.googleusercontent.com/citations?view_op=view_photo&user=V7lBToMAAAAJ&citpid=5"
  },
  "citation_stats": {
    "citations_all": 673,
    "citations_since_2020": 672,
    "h_index_all": 9,
    "h_index_since_2020": 9,
    "i10_index_all": 9,
    "i10_index_since_2020": 9,
    "citation_graph": [
      {
        "year": 2021,
        "citations": 7
      },
      {
        "year": 2022,
        "citations": 59
      },
      {
        "year": 2023,
        "citations": 121
      },
      {
        "year": 2024,
        "citations": 210
      },
      {
        "year": 2025,
        "citations": 272
      }
    ]
  },
  "papers": [
    {
      "title": "Using large language models to generate, validate, and apply user intent taxonomies",
      "url": "https://scholar.google.com/citations?view_op=view_citation&hl=en&user=V7lBToMAAAAJ&citation_for_view=V7lBToMAAAAJ:YsMSGLbcyi4C",
      "authors": "C Shah, R White, R Andersen, G Buscher, S Counts, S Das, A Montazer, ...",
      "venue": "ACM Transactions on the Web 19 (3), 1-29, 2025",
      "year": 2025,
      "citations": 58
    },
    {
      "title": "GReaTer: Gradients over Reasoning Makes Smaller Language Models Strong Prompt Optimizers",
      "url": "https://scholar.google.com/citations?view_op=view_citation&hl=en&user=V7lBToMAAAAJ&citation_for_view=V7lBToMAAAAJ:aqlVkmm33-oC",
      "authors": "SSS Das, R Kamoi, B Pang, Y Zhang, C Xiong, R Zhang",
      "venue": "ICLR 2025, 2025",
      "year": 2025,
      "citations": 9
    },
    {
      "title": "Demystify Verbosity Compensation Behavior of Large Language Models",
      "url": "https://scholar.google.com/citations?view_op=view_citation&hl=en&user=V7lBToMAAAAJ&citation_for_view=V7lBToMAAAAJ:M3ejUd6NZC8C",
      "authors": "Y Zhang, SSS Das, R Zhang",
      "venue": "Proceedings of the 2nd Workshop on Uncertainty-Aware NLP (UncertaiNLP 2025 …, 2025",
      "year": 2025,
      "citations": 7
    },
    {
      "title": "Training Step-Level Reasoning Verifiers with Formal Verification Tools",
      "url": "https://scholar.google.com/citations?view_op=view_citation&hl=en&user=V7lBToMAAAAJ&citation_for_view=V7lBToMAAAAJ:4JMBOYKVnBMC",
      "authors": "R Kamoi, Y Zhang, N Zhang, SSS Das, R Zhang",
      "venue": "arXiv preprint arXiv:2505.15960, 2025",
      "year": 2025,
      "citations": 3
    },
    {
      "title": "Can LLMs Rank the Harmfulness of Smaller LLMs? We are Not There Yet",
      "url": "https://scholar.google.com/citations?view_op=view_citation&hl=en&user=V7lBToMAAAAJ&citation_for_view=V7lBToMAAAAJ:ZeXyd9-uunAC",
      "authors": "B Atil, V Gupta, SSS Das, RJ Passonneau",
      "venue": "arXiv preprint arXiv:2502.05291, 2025",
      "year": 2025,
      "citations": 2
    },
    {
      "title": "HRScene: How Far Are VLMs from Effective High-Resolution Image Understanding?",
      "url": "https://scholar.google.com/citations?view_op=view_citation&hl=en&user=V7lBToMAAAAJ&citation_for_view=V7lBToMAAAAJ:_Qo2XoVZTnwC",
      "authors": "Y Zhang, W Zheng, A Madasu, P Shi, R Kamoi, H Zhou, Z Zou, S Zhao, ...",
      "venue": "ICCV 2025, 2025",
      "year": 2025,
      "citations": 1
    },
    {
      "title": "GREATERPROMPT: A Unified, Customizable, and High-Performing Open-Source Toolkit for Prompt Optimization",
      "url": "https://scholar.google.com/citations?view_op=view_citation&hl=en&user=V7lBToMAAAAJ&citation_for_view=V7lBToMAAAAJ:-f6ydRqryjwC",
      "authors": "W Zheng, SSS Das, Y Zhang, R Zhang",
      "venue": "ACL 2025 Demo, 2025",
      "year": 2025,
      "citations": 1
    },
    {
      "title": "Synapse: Adaptive Arbitration of Complementary Expertise in Time Series Foundational Models",
      "url": "https://scholar.google.com/citations?view_op=view_citation&hl=en&user=V7lBToMAAAAJ&citation_for_view=V7lBToMAAAAJ:bEWYMUwI8FkC",
      "authors": "SSS Das, P Goyal, M Parmar, Y Song, LT Le, L Miculicich, J Yoon, ...",
      "venue": "arXiv preprint arXiv:2511.05460, 2025",
      "year": 2025,
      "citations": 0
    },
    {
      "title": "Structured dialogue segmentation and state tracking",
      "url": "https://scholar.google.com/citations?view_op=view_citation&hl=en&user=V7lBToMAAAAJ&citation_for_view=V7lBToMAAAAJ:qUcmZB5y_30C",
      "authors": "TL SAFAVI, SSS Das, C Shah, JL NEVILLE, M WAN, L Yang, ...",
      "venue": "US Patent App. 18/368,491, 2025",
      "year": 2025,
      "citations": 0
    },
    {
      "title": "Generating and using intent taxonomies to identify user intent",
      "url": "https://scholar.google.com/citations?view_op=view_citation&hl=en&user=V7lBToMAAAAJ&citation_for_view=V7lBToMAAAAJ:IWHjjKOFINEC",
      "authors": "L Yang, C Shah, JL NEVILLE, TL SAFAVI, SJ Counts, S Suri, RW White, ...",
      "venue": "US Patent App. 18/465,742, 2025",
      "year": 2025,
      "citations": 0
    },
    {
      "title": "Evaluating LLMs at Detecting Errors in LLM Responses",
      "url": "https://scholar.google.com/citations?view_op=view_citation&hl=en&user=V7lBToMAAAAJ&citation_for_view=V7lBToMAAAAJ:MXK_kJrjxJIC",
      "authors": "R Kamoi, SSS Das, R Lou, JJ Ahn, Y Zhao, X Lu, N Zhang, Y Zhang, ...",
      "venue": "COLM 2024, 2024",
      "year": 2024,
      "citations": 49
    },
    {
      "title": "Hermes: Unlocking security analysis of cellular network protocols by synthesizing finite state machines from natural language specifications",
      "url": "https://scholar.google.com/citations?view_op=view_citation&hl=en&user=V7lBToMAAAAJ&citation_for_view=V7lBToMAAAAJ:eQOLeE2rZwMC",
      "authors": "A Al Ishtiaq, SSS Das, SMM Rashid, A Ranjbar, K Tu, T Wu, Z Song, ...",
      "venue": "33rd USENIX Security Symposium (USENIX Security 24), 4445-4462, 2024",
      "year": 2024,
      "citations": 27
    },
    {
      "title": "Visonlyqa: Large vision language models still struggle with visual perception of geometric information",
      "url": "https://scholar.google.com/citations?view_op=view_citation&hl=en&user=V7lBToMAAAAJ&citation_for_view=V7lBToMAAAAJ:qxL8FJ1GzNcC",
      "authors": "R Kamoi, Y Zhang, SSS Das, RH Zhang, R Zhang",
      "venue": "arXiv preprint arXiv:2412.00947, 2024",
      "year": 2024,
      "citations": 17
    },
    {
      "title": "S3-DST: Structured Open-Domain Dialogue Segmentation and State Tracking in the Era of LLMs",
      "url": "https://scholar.google.com/citations?view_op=view_citation&hl=en&user=V7lBToMAAAAJ&citation_for_view=V7lBToMAAAAJ:W7OEmFMy1HYC",
      "authors": "SSS Das, C Shah, M Wan, J Neville, L Yang, R Andersen, G Buscher, ...",
      "venue": "Findings of ACL 2024, 2024",
      "year": 2024,
      "citations": 7
    },
    {
      "title": "Unified Low-Resource Sequence Labeling by Sample-Aware Dynamic Sparse Finetuning",
      "url": "https://scholar.google.com/citations?view_op=view_citation&hl=en&user=V7lBToMAAAAJ&citation_for_view=V7lBToMAAAAJ:ufrVoPGSRksC",
      "authors": "SSS Das, RH Zhang, P Shi, W Yin, R Zhang",
      "venue": "EMNLP 2023, 2023",
      "year": 2023,
      "citations": 30
    },
    {
      "title": "CONTaiNER: Few-Shot Named Entity Recognition via Contrastive Learning",
      "url": "https://scholar.google.com/citations?view_op=view_citation&hl=en&user=V7lBToMAAAAJ&citation_for_view=V7lBToMAAAAJ:IjCSPb-OGe4C",
      "authors": "SSS Das, A Katiyar, RJ Passonneau, R Zhang",
      "venue": "ACL 2022, 2022",
      "year": 2022,
      "citations": 248
    },
    {
      "title": "A survey on deep learning based Point-of-Interest (POI) recommendations",
      "url": "https://scholar.google.com/citations?view_op=view_citation&hl=en&user=V7lBToMAAAAJ&citation_for_view=V7lBToMAAAAJ:2osOgNQ5qMEC",
      "authors": "MA Islam, MM Mohammad, SSS Das, ME Ali",
      "venue": "Neurocomputing 472, 306-325, 2022",
      "year": 2022,
      "citations": 139
    },
    {
      "title": "BayesBeat: Reliable atrial fibrillation detection from noisy photoplethysmography data",
      "url": "https://scholar.google.com/citations?view_op=view_citation&hl=en&user=V7lBToMAAAAJ&citation_for_view=V7lBToMAAAAJ:qjMakFHDy7sC",
      "authors": "SSS Das, SK Shanto, M Rahman, M Islam, A Rahman, MM Masud, ME Ali",
      "venue": "Proceedings of the ACM on Interactive, Mobile, Wearable and Ubiquitous …, 2022",
      "year": 2022,
      "citations": 24
    },
    {
      "title": "Boosting House Price Predictions using Geo-Spatial Network Embedding",
      "url": "https://scholar.google.com/citations?view_op=view_citation&hl=en&user=V7lBToMAAAAJ&citation_for_view=V7lBToMAAAAJ:UeHWp8X0CEIC",
      "authors": "SSS Das, ME Ali, YF Li, YB Kang, T Sellis",
      "venue": "Data Mining and Knowledge Discovery, 1-30, 2021",
      "year": 2021,
      "citations": 43
    },
    {
      "title": "CCCNet: An attention based deep learning framework for categorized counting of crowd in different body states",
      "url": "https://scholar.google.com/citations?view_op=view_citation&hl=en&user=V7lBToMAAAAJ&citation_for_view=V7lBToMAAAAJ:9yKSN-GCB0IC",
      "authors": "SSS Das, SMM Rashid, ME Ali",
      "venue": "2020 International Joint Conference on Neural Networks (IJCNN), 1-8, 2020",
      "year": 2020,
      "citations": 8
    }
  ],
  "co_authors": [
    {
      "name": "Rui Zhang",
      "scholar_id": "nhuB5CEAAAAJ",
      "url": "https://scholar.google.com/citations?user=nhuB5CEAAAAJ"
    },
    {
      "name": "Mohammed Eunus Ali",
      "scholar_id": "wf8iK0sAAAAJ",
      "url": "https://scholar.google.com/citations?user=wf8iK0sAAAAJ"
    },
    {
      "name": "Yusen Zhang",
      "scholar_id": "FGyMx88AAAAJ",
      "url": "https://scholar.google.com/citations?user=FGyMx88AAAAJ"
    },
    {
      "name": "Ryo Kamoi",
      "scholar_id": "4OWTLKAAAAAJ",
      "url": "https://scholar.google.com/citations?user=4OWTLKAAAAAJ"
    },
    {
      "name": "Chirag Shah",
      "scholar_id": "H4dLAw0AAAAJ",
      "url": "https://scholar.google.com/citations?user=H4dLAw0AAAAJ"
    },
    {
      "name": "Longqi Yang",
      "scholar_id": "Zl9ZzTAAAAAJ",
      "url": "https://scholar.google.com/citations?user=Zl9ZzTAAAAAJ"
    },
    {
      "name": "Tara Safavi",
      "scholar_id": "bIWFjekAAAAJ",
      "url": "https://scholar.google.com/citations?user=bIWFjekAAAAJ"
    },
    {
      "name": "Yuan-Fang Li",
      "scholar_id": "wufXO1kAAAAJ",
      "url": "https://scholar.google.com/citations?user=wufXO1kAAAAJ"
    },
    {
      "name": "Caiming Xiong",
      "scholar_id": "vaSdahkAAAAJ",
      "url": "https://scholar.google.com/citations?user=vaSdahkAAAAJ"
    }
  ]
}