{
  "author_info": {
    "name": "Eduard Zamfir",
    "affiliation": "University of Würzburg",
    "email_verified": "Verified email at uni-wuerzburg.de - Homepage",
    "website": "https://eduardzamfir.github.io/",
    "interests": [
      "Computer Vision",
      "Machine Learning"
    ],
    "photo_url": "https://scholar.googleusercontent.com/citations?view_op=view_photo&user=5-FIWKoAAAAJ&citpid=1"
  },
  "citation_stats": {
    "citations_all": 271,
    "citations_since_2020": 271,
    "h_index_all": 7,
    "h_index_since_2020": 7,
    "i10_index_all": 6,
    "i10_index_since_2020": 6,
    "citation_graph": [
      {
        "year": 2023,
        "citations": 33
      },
      {
        "year": 2024,
        "citations": 78
      },
      {
        "year": 2025,
        "citations": 156
      }
    ]
  },
  "papers": [
    {
      "title": "What You Have is What You Track: Adaptive and Robust Multimodal Tracking",
      "url": "https://scholar.google.com/citations?view_op=view_citation&hl=en&user=5-FIWKoAAAAJ&citation_for_view=5-FIWKoAAAAJ:QIV2ME_5wuYC",
      "authors": "Y Tan, J Shao, E Zamfir, R Li, Z An, C Ma, D Paudel, L Van Gool, ...",
      "venue": "ICCV 2025, 2025",
      "year": 2025,
      "citations": 0
    },
    {
      "title": "NTIRE 2024 Challenge on Image Super-Resolution (4): Methods and Results",
      "url": "https://scholar.google.com/citations?view_op=view_citation&hl=en&user=5-FIWKoAAAAJ&citation_for_view=5-FIWKoAAAAJ:4DMP91E08xMC",
      "authors": "Z Chen, Z Wu, E Zamfir, K Zhang, Y Zhang, R Timofte, X Yang, H Yu, ...",
      "venue": "CVPRW 2024, 2024",
      "year": 2024,
      "citations": 72
    },
    {
      "title": "See More Details: Efficient Image Super-Resolution by Experts Mining",
      "url": "https://scholar.google.com/citations?view_op=view_citation&hl=en&user=5-FIWKoAAAAJ&citation_for_view=5-FIWKoAAAAJ:Zph67rFs4hoC",
      "authors": "E Zamfir, Z Wu, N Mehta, Y Zhang, R Timofte",
      "venue": "ICML 2024, 2024",
      "year": 2024,
      "citations": 31
    },
    {
      "title": "Complexity Experts are Task-Discriminative Learners for Any Image Restoration",
      "url": "https://scholar.google.com/citations?view_op=view_citation&hl=en&user=5-FIWKoAAAAJ&citation_for_view=5-FIWKoAAAAJ:Wp0gIr-vW9MC",
      "authors": "E Zamfir, Z Wu, N Mehta, Y Tan, DP Paudel, Y Zhang, R Timofte",
      "venue": "CVPR 2025, 2024",
      "year": 2024,
      "citations": 23
    },
    {
      "title": "Efficient Degradation-aware Any Image Restoration",
      "url": "https://scholar.google.com/citations?view_op=view_citation&hl=en&user=5-FIWKoAAAAJ&citation_for_view=5-FIWKoAAAAJ:_kc_bZDykSQC",
      "authors": "E Zamfir, Z Wu, N Mehta, DP Paudel, Y Zhang, R Timofte",
      "venue": "arXiv preprint arXiv:2405.15475, 2024",
      "year": 2024,
      "citations": 9
    },
    {
      "title": "Restore Anything Model via Efficient Degradation Adaptation",
      "url": "https://scholar.google.com/citations?view_op=view_citation&hl=en&user=5-FIWKoAAAAJ&citation_for_view=5-FIWKoAAAAJ:dhFuZR0502QC",
      "authors": "B Ren, E Zamfir, Z Wu, Y Li, Y Li, DP Paudel, R Timofte, MH Yang, N Sebe",
      "venue": "arXiv preprint arXiv:2407.13372, 2024",
      "year": 2024,
      "citations": 7
    },
    {
      "title": "ReCap: Better Gaussian Relighting with Cross-Environment Captures",
      "url": "https://scholar.google.com/citations?view_op=view_citation&hl=en&user=5-FIWKoAAAAJ&citation_for_view=5-FIWKoAAAAJ:mVmsd5A6BfQC",
      "authors": "J Li, Z Wu, E Zamfir, R Timofte",
      "venue": "CVPR 2025, 2024",
      "year": 2024,
      "citations": 5
    },
    {
      "title": "XTrack: Multimodal Training Boosts RGB-X Video Object Trackers",
      "url": "https://scholar.google.com/citations?view_op=view_citation&hl=en&user=5-FIWKoAAAAJ&citation_for_view=5-FIWKoAAAAJ:ZeXyd9-uunAC",
      "authors": "Y Tan, Z Wu, Y Fu, Z Zhou, G Sun, E Zamfi, C Ma, DP Paudel, L Van Gool, ...",
      "venue": "ICCV 2025, 2024",
      "year": 2024,
      "citations": 4
    },
    {
      "title": "Towards Real-Time 4k Image Super-Resolution",
      "url": "https://scholar.google.com/citations?view_op=view_citation&hl=en&user=5-FIWKoAAAAJ&citation_for_view=5-FIWKoAAAAJ:LkGwnXOMwfcC",
      "authors": "E Zamfir, MV Conde, R Timofte",
      "venue": "CVPRW 2023, 2023",
      "year": 2023,
      "citations": 62
    },
    {
      "title": "Efficient Deep Models for Real-Time 4k Image Super-Resolution. Ntire 2023 benchmark and report",
      "url": "https://scholar.google.com/citations?view_op=view_citation&hl=en&user=5-FIWKoAAAAJ&citation_for_view=5-FIWKoAAAAJ:roLk4NBRz8UC",
      "authors": "MV Conde, E Zamfir, R Timofte",
      "venue": "CVPRW 2023, 2023",
      "year": 2023,
      "citations": 43
    },
    {
      "title": "Sqad: Automatic smartphone camera quality assessment and benchmarking",
      "url": "https://scholar.google.com/citations?view_op=view_citation&hl=en&user=5-FIWKoAAAAJ&citation_for_view=5-FIWKoAAAAJ:UebtZRa9Y70C",
      "authors": "Z Fang, A Ignatov, E Zamfir, R Timofte",
      "venue": "ICCV 2023, 2023",
      "year": 2023,
      "citations": 4
    },
    {
      "title": "Semantic Self-adaptation: Enhancing Generalization with a Single Sample",
      "url": "https://scholar.google.com/citations?view_op=view_citation&hl=en&user=5-FIWKoAAAAJ&citation_for_view=5-FIWKoAAAAJ:d1gkVwhDpl0C",
      "authors": "S Bahmani, O Hahn, E Zamfir, N Araslanov, D Cremers, S Roth",
      "venue": "TMLR 2023, 2022",
      "year": 2022,
      "citations": 11
    }
  ],
  "co_authors": [
    {
      "name": "Radu Timofte",
      "scholar_id": "u3MwH5kAAAAJ",
      "url": "https://scholar.google.com/citations?user=u3MwH5kAAAAJ"
    },
    {
      "name": "Zongwei Wu",
      "scholar_id": "3QSALjX498QC",
      "url": "https://scholar.google.com/citations?user=3QSALjX498QC"
    },
    {
      "name": "Danda Pani Paudel",
      "scholar_id": "W43pvPkAAAAJ",
      "url": "https://scholar.google.com/citations?user=W43pvPkAAAAJ"
    },
    {
      "name": "Nancy Mehta",
      "scholar_id": "WwdYdlUAAAAJ",
      "url": "https://scholar.google.com/citations?user=WwdYdlUAAAAJ"
    },
    {
      "name": "Yuedong Tan",
      "scholar_id": "p7fOQkUAAAAJ",
      "url": "https://scholar.google.com/citations?user=p7fOQkUAAAAJ"
    },
    {
      "name": "Luc Van Gool",
      "scholar_id": "TwMib_QAAAAJ",
      "url": "https://scholar.google.com/citations?user=TwMib_QAAAAJ"
    },
    {
      "name": "Marcos V. Conde",
      "scholar_id": "NtB1kjYAAAAJ",
      "url": "https://scholar.google.com/citations?user=NtB1kjYAAAAJ"
    },
    {
      "name": "Nicu Sebe",
      "scholar_id": "stFCYOAAAAAJ",
      "url": "https://scholar.google.com/citations?user=stFCYOAAAAAJ"
    },
    {
      "name": "Bin Ren",
      "scholar_id": "Md9maLYAAAAJ",
      "url": "https://scholar.google.com/citations?user=Md9maLYAAAAJ"
    },
    {
      "name": "Yulun Zhang",
      "scholar_id": "ORmLjWoAAAAJ",
      "url": "https://scholar.google.com/citations?user=ORmLjWoAAAAJ"
    },
    {
      "name": "Stefan Roth",
      "scholar_id": "0yDoR0AAAAAJ",
      "url": "https://scholar.google.com/citations?user=0yDoR0AAAAAJ"
    },
    {
      "name": "Sherwin Bahmani",
      "scholar_id": "XPD09yEAAAAJ",
      "url": "https://scholar.google.com/citations?user=XPD09yEAAAAJ"
    },
    {
      "name": "Nikita Araslanov",
      "scholar_id": "RdMFioAAAAAJ",
      "url": "https://scholar.google.com/citations?user=RdMFioAAAAAJ"
    },
    {
      "name": "Yawei Li",
      "scholar_id": "IFLsTGsAAAAJ",
      "url": "https://scholar.google.com/citations?user=IFLsTGsAAAAJ"
    },
    {
      "name": "Chao Ma",
      "scholar_id": "syoPhv8AAAAJ",
      "url": "https://scholar.google.com/citations?user=syoPhv8AAAAJ"
    },
    {
      "name": "Oliver Hahn",
      "scholar_id": "MFjlVQIAAAAJ",
      "url": "https://scholar.google.com/citations?user=MFjlVQIAAAAJ"
    },
    {
      "name": "Ming-Hsuan Yang",
      "scholar_id": "p9-ohHsAAAAJ",
      "url": "https://scholar.google.com/citations?user=p9-ohHsAAAAJ"
    },
    {
      "name": "Jingzhi Li",
      "scholar_id": "UNNictgAAAAJ",
      "url": "https://scholar.google.com/citations?user=UNNictgAAAAJ"
    },
    {
      "name": "Guolei Sun",
      "scholar_id": "qd8Blw0AAAAJ",
      "url": "https://scholar.google.com/citations?user=qd8Blw0AAAAJ"
    },
    {
      "name": "Yuqian Fu",
      "scholar_id": "y3Bpp1IAAAAJ",
      "url": "https://scholar.google.com/citations?user=y3Bpp1IAAAAJ"
    }
  ]
}