{
  "author_info": {
    "name": "Can Demircan",
    "affiliation": "Helmholtz Munich",
    "email_verified": "Verified email at helmholtz-munich.de - Homepage",
    "website": "https://candemircan.github.io/",
    "interests": [
      "machine learning",
      "cognitive science"
    ],
    "photo_url": "https://scholar.googleusercontent.com/citations?view_op=view_photo&user=Hu7VKscAAAAJ&citpid=3"
  },
  "citation_stats": {
    "citations_all": 166,
    "citations_since_2020": 166,
    "h_index_all": 4,
    "h_index_since_2020": 4,
    "i10_index_all": 4,
    "i10_index_since_2020": 4,
    "citation_graph": [
      {
        "year": 2022,
        "citations": 1
      },
      {
        "year": 2023,
        "citations": 3
      },
      {
        "year": 2024,
        "citations": 19
      },
      {
        "year": 2025,
        "citations": 142
      }
    ]
  },
  "papers": [
    {
      "title": "A foundation model to predict and capture human cognition",
      "url": "https://scholar.google.com/citations?view_op=view_citation&hl=en&user=Hu7VKscAAAAJ&citation_for_view=Hu7VKscAAAAJ:eQOLeE2rZwMC",
      "authors": "M Binz, E Akata, M Bethge, F Brändle, F Callaway, J Coda-Forno, ...",
      "venue": "Nature, 1-8, 2025",
      "year": 2025,
      "citations": 115
    },
    {
      "title": "A circuit for predicting hierarchical structure in-context in Large Language Models",
      "url": "https://scholar.google.com/citations?view_op=view_citation&hl=en&user=Hu7VKscAAAAJ&citation_for_view=Hu7VKscAAAAJ:LkGwnXOMwfcC",
      "authors": "T Saanum, C Demircan, SJ Gershman, E Schulz",
      "venue": "arXiv preprint arXiv:2509.21534, 2025",
      "year": 2025,
      "citations": 0
    },
    {
      "title": "How Does an LLM Process Conflicting Information In-Context?",
      "url": "https://scholar.google.com/citations?view_op=view_citation&hl=en&user=Hu7VKscAAAAJ&citation_for_view=Hu7VKscAAAAJ:_FxGoFyzp5QC",
      "authors": "IA Naranjo Coronel, C Demircan, E Schulz",
      "venue": "8th Annual Conference on Cognitive Computational Neuroscience (CCN 2025), 2025",
      "year": 2025,
      "citations": 0
    },
    {
      "title": "Sparse autoencoders reveal temporal difference learning in large language models",
      "url": "https://scholar.google.com/citations?view_op=view_citation&hl=en&user=Hu7VKscAAAAJ&citation_for_view=Hu7VKscAAAAJ:zYLM7Y9cAGgC",
      "authors": "C Demircan*, T Saanum*, AK Jagadish, M Binz, E Schulz",
      "venue": "International Conference on Learning Representations (ICLR), 2024",
      "year": 2024,
      "citations": 22
    },
    {
      "title": "Evaluating alignment between humans and neural network representations in image-based learning tasks",
      "url": "https://scholar.google.com/citations?view_op=view_citation&hl=en&user=Hu7VKscAAAAJ&citation_for_view=Hu7VKscAAAAJ:Y0pCki6q_DkC",
      "authors": "C Demircan, T Saanum, L Pettini, M Binz, B Baczkowski, C Doeller, ...",
      "venue": "Advances in Neural Information Processing Systems 37, 122406-122433, 2024",
      "year": 2024,
      "citations": 11
    },
    {
      "title": "The reactivation of task rules triggers the reactivation of task-relevant items",
      "url": "https://scholar.google.com/citations?view_op=view_citation&hl=en&user=Hu7VKscAAAAJ&citation_for_view=Hu7VKscAAAAJ:d1gkVwhDpl0C",
      "authors": "YD Şentürk, N Ünver, C Demircan, T Egner, E Günseli",
      "venue": "Cortex 171, 465-480, 2024",
      "year": 2024,
      "citations": 10
    },
    {
      "title": "Effects of context changes on memory reactivation",
      "url": "https://scholar.google.com/citations?view_op=view_citation&hl=en&user=Hu7VKscAAAAJ&citation_for_view=Hu7VKscAAAAJ:qjMakFHDy7sC",
      "authors": "Ş Özdemir, YD Şentürk, N Ünver, C Demircan, CNL Olivers, T Egner, ...",
      "venue": "Journal of Neuroscience 44 (36), 2024",
      "year": 2024,
      "citations": 4
    },
    {
      "title": "Flexible memory interplays: selective reactivation of long-term memories in working memory",
      "url": "https://scholar.google.com/citations?view_op=view_citation&hl=en&user=Hu7VKscAAAAJ&citation_for_view=Hu7VKscAAAAJ:IjCSPb-OGe4C",
      "authors": "E Günseli, D Yücel, N Ataseven, YD Şentürk, N Ünver, Ş Özdemir, ...",
      "venue": "Journal of Vision 24 (10), 1197-1197, 2024",
      "year": 2024,
      "citations": 0
    },
    {
      "title": "The interdependence of the memory reactivation of items and task rules",
      "url": "https://scholar.google.com/citations?view_op=view_citation&hl=en&user=Hu7VKscAAAAJ&citation_for_view=Hu7VKscAAAAJ:9yKSN-GCB0IC",
      "authors": "YD Senturk, N Ünver, C Demircan, T Egner, E Günseli",
      "venue": "Journal of Vision 23 (9), 5458-5458, 2023",
      "year": 2023,
      "citations": 0
    },
    {
      "title": "Decision-making with naturalistic options",
      "url": "https://scholar.google.com/citations?view_op=view_citation&hl=en&user=Hu7VKscAAAAJ&citation_for_view=Hu7VKscAAAAJ:u5HHmVD_uO8C",
      "authors": "C Demircan, L Pettini, T Saanum, M Binz, BM Baczkowski, C Doeller, ...",
      "venue": "Proceedings of the Annual Meeting of the Cognitive Science Society 44 (44), 2022",
      "year": 2022,
      "citations": 4
    },
    {
      "title": "How Does an LLM Process Conflicting Information In-Context?",
      "url": "https://scholar.google.com/citations?view_op=view_citation&hl=en&user=Hu7VKscAAAAJ&citation_for_view=Hu7VKscAAAAJ:ufrVoPGSRksC",
      "authors": "IAN Coronel, C Demircan, E Schulz",
      "venue": "",
      "citations": 0
    }
  ],
  "co_authors": []
}