{
  "author_info": {
    "name": "Pankaj Gupta",
    "affiliation": "Postgraduate Institute of Medical Education and Research, Chandigarh",
    "email_verified": "Verified email at pgimer.edu.in - Homepage",
    "website": "http://pankaj.pgiradiology.com/",
    "interests": [
      "Radiodiagnosis"
    ],
    "photo_url": "https://scholar.googleusercontent.com/citations?view_op=view_photo&user=kSp3fLMAAAAJ&citpid=1"
  },
  "citation_stats": {
    "citations_all": 4528,
    "citations_since_2020": 3987,
    "h_index_all": 34,
    "h_index_since_2020": 32,
    "i10_index_all": 141,
    "i10_index_since_2020": 123,
    "citation_graph": [
      {
        "year": 2012,
        "citations": 12
      },
      {
        "year": 2013,
        "citations": 17
      },
      {
        "year": 2014,
        "citations": 22
      },
      {
        "year": 2015,
        "citations": 46
      },
      {
        "year": 2016,
        "citations": 85
      },
      {
        "year": 2017,
        "citations": 75
      },
      {
        "year": 2018,
        "citations": 79
      },
      {
        "year": 2019,
        "citations": 139
      },
      {
        "year": 2020,
        "citations": 282
      },
      {
        "year": 2021,
        "citations": 470
      },
      {
        "year": 2022,
        "citations": 592
      },
      {
        "year": 2023,
        "citations": 726
      },
      {
        "year": 2024,
        "citations": 892
      },
      {
        "year": 2025,
        "citations": 1011
      }
    ]
  },
  "papers": [
    {
      "title": "RadFormer: Transformers with global–local attention for interpretable and accurate Gallbladder Cancer detection",
      "url": "https://scholar.google.com/citations?view_op=view_citation&hl=en&user=kSp3fLMAAAAJ&citation_for_view=kSp3fLMAAAAJ:5Hj2J4YjVXQC",
      "authors": "S Basu, M Gupta, P Rana, P Gupta, C Arora",
      "venue": "Medical Image Analysis 83, 102676, 2023",
      "year": 2023,
      "citations": 54
    },
    {
      "title": "Surpassing the human accuracy: detecting gallbladder cancer from USG images with curriculum learning",
      "url": "https://scholar.google.com/citations?view_op=view_citation&hl=en&user=kSp3fLMAAAAJ&citation_for_view=kSp3fLMAAAAJ:vytXtR8tOLIC",
      "authors": "S Basu, M Gupta, P Rana, P Gupta, C Arora",
      "venue": "Proceedings of the IEEE/CVF Conference on Computer Vision and Pattern …, 2022",
      "year": 2022,
      "citations": 64
    },
    {
      "title": "Gallbladder reporting and data system (GB-RADS) for risk stratification of gallbladder wall thickening on ultrasonography: an international expert consensus",
      "url": "https://scholar.google.com/citations?view_op=view_citation&hl=en&user=kSp3fLMAAAAJ&citation_for_view=kSp3fLMAAAAJ:ByB5RH_0zRoC",
      "authors": "P Gupta, U Dutta, P Rana, M Singhal, A Gulati, N Kalra, R Soundararajan, ...",
      "venue": "Abdominal Radiology 47 (2), 554-565, 2022",
      "year": 2022,
      "citations": 59
    },
    {
      "title": "Abbreviated MRI for hepatocellular carcinoma screening: a systematic review and meta-analysis",
      "url": "https://scholar.google.com/citations?view_op=view_citation&hl=en&user=kSp3fLMAAAAJ&citation_for_view=kSp3fLMAAAAJ:8k3R5ScbChQC",
      "authors": "P Gupta, R Soundararajan, A Patel, P Kumar-M, V Sharma, N Kalra",
      "venue": "Journal of hepatology 75 (1), 108-119, 2021",
      "year": 2021,
      "citations": 167
    },
    {
      "title": "Deficiency of adenosine deaminase 2 in adults and children: experience from India",
      "url": "https://scholar.google.com/citations?view_op=view_citation&hl=en&user=kSp3fLMAAAAJ&citation_for_view=kSp3fLMAAAAJ:t2c9fUEjrewC",
      "authors": "A Sharma, G Naidu, V Sharma, S Jha, A Dhooria, V Dhir, P Bhatia, ...",
      "venue": "Arthritis & Rheumatology 73 (2), 276-285, 2021",
      "year": 2021,
      "citations": 85
    },
    {
      "title": "Overall survival and local recurrence following RFA, MWA, and cryoablation of very early and early HCC: a systematic review and Bayesian network meta-analysis",
      "url": "https://scholar.google.com/citations?view_op=view_citation&hl=en&user=kSp3fLMAAAAJ&citation_for_view=kSp3fLMAAAAJ:AyW1NBs4p6IC",
      "authors": "P Gupta, M Maralakunte, P Kumar-M, K Chandel, SB Chaluvashetty, ...",
      "venue": "European radiology 31 (7), 5400-5408, 2021",
      "year": 2021,
      "citations": 68
    },
    {
      "title": "Efficacy of endovascular embolization of arterial pseudoaneurysms in pancreatitis: a systematic review and meta-analysis",
      "url": "https://scholar.google.com/citations?view_op=view_citation&hl=en&user=kSp3fLMAAAAJ&citation_for_view=kSp3fLMAAAAJ:G9rRreC9Hv4C",
      "authors": "S Sagar, R Soundarajan, P Gupta, MP Kumar, J Samanta, V Sharma, ...",
      "venue": "Pancreatology 21 (1), 46-58, 2021",
      "year": 2021,
      "citations": 55
    },
    {
      "title": "Efficacy and safety of irreversible electroporation for malignant liver tumors: a systematic review and meta-analysis",
      "url": "https://scholar.google.com/citations?view_op=view_citation&hl=en&user=kSp3fLMAAAAJ&citation_for_view=kSp3fLMAAAAJ:lVu93_cgYy4C",
      "authors": "P Gupta, M Maralakunte, S Sagar, P Kumar-M, H Bhujade, ...",
      "venue": "European Radiology 31 (9), 6511-6521, 2021",
      "year": 2021,
      "citations": 52
    },
    {
      "title": "Irreversible electroporation for unresectable hepatocellular carcinoma: initial experience",
      "url": "https://scholar.google.com/citations?view_op=view_citation&hl=en&user=kSp3fLMAAAAJ&citation_for_view=kSp3fLMAAAAJ:bFFifWiqnPAC",
      "authors": "N Kalra, P Gupta, U Gorsi, H Bhujade, SB Chaluvashetty, A Duseja, ...",
      "venue": "CardioVascular and Interventional Radiology 42 (4), 584-590, 2019",
      "year": 2019,
      "citations": 73
    },
    {
      "title": "Common and uncommon imaging features of abdominal tuberculosis",
      "url": "https://scholar.google.com/citations?view_op=view_citation&hl=en&user=kSp3fLMAAAAJ&citation_for_view=kSp3fLMAAAAJ:vG0dlTq9_mQC",
      "authors": "P Gupta, S Kumar, V Sharma, H Mandavdhare, N Dhaka, SK Sinha, ...",
      "venue": "Journal of medical imaging and radiation oncology 63 (3), 329-339, 2019",
      "year": 2019,
      "citations": 69
    },
    {
      "title": "Gastrointestinal complications in acute and chronic pancreatitis",
      "url": "https://scholar.google.com/citations?view_op=view_citation&hl=en&user=kSp3fLMAAAAJ&citation_for_view=kSp3fLMAAAAJ:mYPvCrJ_kzAC",
      "authors": "A Bansal, P Gupta, H Singh, J Samanta, H Mandavdhare, V Sharma, ...",
      "venue": "JGH open 3 (6), 450-455, 2019",
      "year": 2019,
      "citations": 68
    },
    {
      "title": "Ascites in acute pancreatitis: not a silent bystander",
      "url": "https://scholar.google.com/citations?view_op=view_citation&hl=en&user=kSp3fLMAAAAJ&citation_for_view=kSp3fLMAAAAJ:HM9HXerLlEkC",
      "authors": "J Samanta, A Rana, N Dhaka, R Agarwala, P Gupta, SK Sinha, V Gupta, ...",
      "venue": "Pancreatology 19 (5), 646-652, 2019",
      "year": 2019,
      "citations": 66
    },
    {
      "title": "Thoracic complications of pancreatitis",
      "url": "https://scholar.google.com/citations?view_op=view_citation&hl=en&user=kSp3fLMAAAAJ&citation_for_view=kSp3fLMAAAAJ:e6AMIDGT8rIC",
      "authors": "P Kumar, P Gupta, S Rana",
      "venue": "JGh Open 3 (1), 71-79, 2019",
      "year": 2019,
      "citations": 66
    },
    {
      "title": "Budd-Chiari syndrome: imaging review",
      "url": "https://scholar.google.com/citations?view_op=view_citation&hl=en&user=kSp3fLMAAAAJ&citation_for_view=kSp3fLMAAAAJ:IEPzPICaOQQC",
      "authors": "V Bansal, P Gupta, S Sinha, N Dhaka, N Kalra, R Vijayvergiya, U Dutta, ...",
      "venue": "The British Journal of Radiology 91 (1092), 20180441, 2018",
      "year": 2018,
      "citations": 89
    },
    {
      "title": "An audit of percutaneous drainage for acute necrotic collections and walled off necrosis in patients with acute pancreatitis",
      "url": "https://scholar.google.com/citations?view_op=view_citation&hl=en&user=kSp3fLMAAAAJ&citation_for_view=kSp3fLMAAAAJ:2adpFNImVzkC",
      "authors": "B Mallick, N Dhaka, P Gupta, A Gulati, S Malik, SK Sinha, TD Yadav, ...",
      "venue": "Pancreatology 18 (7), 727-733, 2018",
      "year": 2018,
      "citations": 58
    },
    {
      "title": "Neonatal cranial sonography: A concise review for clinicians.",
      "url": "https://scholar.google.com/citations?view_op=view_citation&hl=en&user=kSp3fLMAAAAJ&citation_for_view=kSp3fLMAAAAJ:kzhWOX1w8eAC",
      "authors": "P Gupta, KS Sodhi, AK Saxena, N Khandelwal, P Singhi",
      "venue": "J pediatr Neurosci 11, 7-13, 2016",
      "year": 2016,
      "citations": 60
    },
    {
      "title": "High-Attenuation Mucus Impaction in Patients With Allergic Bronchopulmonary Aspergillosis: Objective Criteria on High-Resolution Computed Tomography and Correlation With …",
      "url": "https://scholar.google.com/citations?view_op=view_citation&hl=en&user=kSp3fLMAAAAJ&citation_for_view=kSp3fLMAAAAJ:GufwhD5tNfUC",
      "authors": "S Phuyal, MK Garg, R Agarwal, P Gupta, A Chakrabarti, MS Sandhu, ...",
      "venue": "Curr Probl Diagn Radiol. 45, 168-73, 2016",
      "year": 2016,
      "citations": 58
    },
    {
      "title": "Variations in superior thyroid artery: A selective angiographic study.",
      "url": "https://scholar.google.com/citations?view_op=view_citation&hl=en&user=kSp3fLMAAAAJ&citation_for_view=kSp3fLMAAAAJ:jMMVlDWEh88C",
      "authors": "P Gupta, AS Bhalla, S Thulkar",
      "venue": "Indian J Radiol Imaging 24, 66, 2014",
      "year": 2014,
      "citations": 58
    },
    {
      "title": "Bilateral adrenal lesions",
      "url": "https://scholar.google.com/citations?view_op=view_citation&hl=en&user=kSp3fLMAAAAJ&citation_for_view=kSp3fLMAAAAJ:yREA-gn6pYwC",
      "authors": "P Gupta, AS Bhalla, R Sharma",
      "venue": "J Med Imaging Radiat Oncol 56, 636-45, 2012",
      "year": 2012,
      "citations": 64
    },
    {
      "title": "Calvarial tuberculosis: a report of two cases",
      "url": "https://scholar.google.com/citations?view_op=view_citation&hl=en&user=kSp3fLMAAAAJ&citation_for_view=kSp3fLMAAAAJ:NmoEDshWDT0C",
      "authors": "PK Gupta, SVR Kolluri, BA Chandramouli, NK Venkataramana, BS Das",
      "venue": "Neurosurgery 25 (5), 830-833, 1989",
      "year": 1989,
      "citations": 53
    }
  ],
  "co_authors": [
    {
      "name": "Usha Dutta",
      "scholar_id": "WQ6vB_8AAAAJ",
      "url": "https://scholar.google.com/citations?user=WQ6vB_8AAAAJ"
    },
    {
      "name": "VISHAL SHARMA",
      "scholar_id": "QC7V2tYAAAAJ",
      "url": "https://scholar.google.com/citations?user=QC7V2tYAAAAJ"
    },
    {
      "name": "Dr S K Sinha",
      "scholar_id": "UvoABmEAAAAJ",
      "url": "https://scholar.google.com/citations?user=UvoABmEAAAAJ"
    },
    {
      "name": "Thakur Deen Yadav",
      "scholar_id": "YcEB20QAAAAJ",
      "url": "https://scholar.google.com/citations?user=YcEB20QAAAAJ"
    },
    {
      "name": "vikas gupta",
      "scholar_id": "ZwYrzpIAAAAJ",
      "url": "https://scholar.google.com/citations?user=ZwYrzpIAAAAJ"
    },
    {
      "name": "Manavjit Sandhu",
      "scholar_id": "XcW0BLwAAAAJ",
      "url": "https://scholar.google.com/citations?user=XcW0BLwAAAAJ"
    },
    {
      "name": "Dr Praveen Kumar Marimuthu, MBBS,...",
      "scholar_id": "vdZ8xD8AAAAJ",
      "url": "https://scholar.google.com/citations?user=vdZ8xD8AAAAJ"
    },
    {
      "name": "Naveen Kalra",
      "scholar_id": "gYmTpWAAAAAJ",
      "url": "https://scholar.google.com/citations?user=gYmTpWAAAAAJ"
    },
    {
      "name": "Ajay Gulati",
      "scholar_id": "b9jwLwoAAAAJ",
      "url": "https://scholar.google.com/citations?user=b9jwLwoAAAAJ"
    },
    {
      "name": "Harjeet Singh",
      "scholar_id": "UuQHOvQAAAAJ",
      "url": "https://scholar.google.com/citations?user=UuQHOvQAAAAJ"
    },
    {
      "name": "Professor Kushaljit Sodhi",
      "scholar_id": "a_dOPyUAAAAJ",
      "url": "https://scholar.google.com/citations?user=a_dOPyUAAAAJ"
    }
  ]
}