{
  "author_info": {
    "name": "Arthur da Cunha",
    "affiliation": "Aarhus University",
    "email_verified": "Verified email at cs.au.dk - Homepage",
    "website": "http://thurwalraven.github.io/",
    "interests": [
      "Learning theory",
      "deep learning",
      "neuromorphic computing"
    ],
    "photo_url": "/citations/images/avatar_scholar_128.png"
  },
  "citation_stats": {
    "citations_all": 88,
    "citations_since_2020": 88,
    "h_index_all": 4,
    "h_index_since_2020": 4,
    "i10_index_all": 1,
    "i10_index_since_2020": 1,
    "citation_graph": [
      {
        "year": 2022,
        "citations": 17
      },
      {
        "year": 2023,
        "citations": 21
      },
      {
        "year": 2024,
        "citations": 24
      },
      {
        "year": 2025,
        "citations": 23
      }
    ]
  },
  "papers": [
    {
      "title": "Revisiting Agnostic Boosting",
      "url": "https://scholar.google.com/citations?view_op=view_citation&hl=en&user=0JucbVAAAAAJ&citation_for_view=0JucbVAAAAAJ:QIV2ME_5wuYC",
      "authors": "A da Cunha, MM Høgsgaard, A Paudice, Y Sun",
      "venue": "arXiv preprint arXiv:2503.09384, 2025",
      "year": 2025,
      "citations": 1
    },
    {
      "title": "System and method for processing convolutions on crossbar-based neural network accelerators for increased inference throughput",
      "url": "https://scholar.google.com/citations?view_op=view_citation&hl=en&user=0JucbVAAAAAJ&citation_for_view=0JucbVAAAAAJ:4DMP91E08xMC",
      "authors": "GDS Aguiar, FPO Silveira, ES Lee, RJDR Antunes, JGDCE De, M Foltin, ...",
      "venue": "US Patent 12,254,395, 2025",
      "year": 2025,
      "citations": 0
    },
    {
      "title": "Boosting, Voting Classifiers and Randomized Sample Compression Schemes",
      "url": "https://scholar.google.com/citations?view_op=view_citation&hl=en&user=0JucbVAAAAAJ&citation_for_view=0JucbVAAAAAJ:4TOpqqG69KYC",
      "authors": "A da Cunha, KG Larsen, M Ritzert",
      "venue": "arXiv preprint arXiv:2402.02976, 2024",
      "year": 2024,
      "citations": 2
    },
    {
      "title": "Optimal Parallelization of Boosting",
      "url": "https://scholar.google.com/citations?view_op=view_citation&hl=en&user=0JucbVAAAAAJ&citation_for_view=0JucbVAAAAAJ:8k81kl-MbHgC",
      "authors": "A da Cunha, M Møller Høgsgaard, KG Larsen",
      "venue": "Advances in Neural Information Processing Systems 37, 14540-14569, 2024",
      "year": 2024,
      "citations": 0
    },
    {
      "title": "Polynomially over-parameterized convolutional neural networks contain structured strong winning lottery tickets",
      "url": "https://scholar.google.com/citations?view_op=view_citation&hl=en&user=0JucbVAAAAAJ&citation_for_view=0JucbVAAAAAJ:MXK_kJrjxJIC",
      "authors": "A Da Cunha, F d'Amore",
      "venue": "Advances in Neural Information Processing Systems 36, 25929-25957, 2023",
      "year": 2023,
      "citations": 5
    },
    {
      "title": "Une implémentation GPU de la méthode de recherche approximative FlyHash",
      "url": "https://scholar.google.com/citations?view_op=view_citation&hl=en&user=0JucbVAAAAAJ&citation_for_view=0JucbVAAAAAJ:aqlVkmm33-oC",
      "authors": "A da Cunha, D Rivet, E Natale, A Rossi",
      "venue": "CAID 2023-5e Conference on Artificial Intelligence for Defense, 2023",
      "year": 2023,
      "citations": 0
    },
    {
      "title": "Pruning random structures",
      "url": "https://scholar.google.com/citations?view_op=view_citation&hl=en&user=0JucbVAAAAAJ&citation_for_view=0JucbVAAAAAJ:M3ejUd6NZC8C",
      "authors": "ACW da Cunha",
      "venue": "Université Côte D'Azur, 2023",
      "year": 2023,
      "citations": 0
    },
    {
      "title": "Une implémentation GPU de l'algorithme FlyHash: Des mouches plus rapides pour la fouille de données massives",
      "url": "https://scholar.google.com/citations?view_op=view_citation&hl=en&user=0JucbVAAAAAJ&citation_for_view=0JucbVAAAAAJ:Zph67rFs4hoC",
      "authors": "A da Cunha, E Natale, D Rivet, A Rossi",
      "venue": "INRIA; CNRS; I3S; Université Côte d'Azur, 2023",
      "year": 2023,
      "citations": 0
    },
    {
      "title": "Proving the strong lottery ticket hypothesis for convolutional neural networks",
      "url": "https://scholar.google.com/citations?view_op=view_citation&hl=en&user=0JucbVAAAAAJ&citation_for_view=0JucbVAAAAAJ:mVmsd5A6BfQC",
      "authors": "A da Cunha, E Natale, L Viennot",
      "venue": "ICLR 2022-10th International Conference on Learning Representations, 2022",
      "year": 2022,
      "citations": 64
    },
    {
      "title": "Revisiting the random subset sum problem",
      "url": "https://scholar.google.com/citations?view_op=view_citation&hl=en&user=0JucbVAAAAAJ&citation_for_view=0JucbVAAAAAJ:9ZlFYXVOiuMC",
      "authors": "A da Cunha, F d'Amore, F Giroire, H Lesfari, E Natale, L Viennot",
      "venue": "arXiv preprint arXiv:2204.13929, 2022",
      "year": 2022,
      "citations": 8
    },
    {
      "title": "On the multidimensional random subset sum problem",
      "url": "https://scholar.google.com/citations?view_op=view_citation&hl=en&user=0JucbVAAAAAJ&citation_for_view=0JucbVAAAAAJ:_kc_bZDykSQC",
      "authors": "L Becchetti, ACW da Cunha, A Clementi, F d'Amore, H Lesfari, E Natale, ...",
      "venue": "arXiv preprint arXiv:2207.13944, 2022",
      "year": 2022,
      "citations": 5
    },
    {
      "title": "System for a flexible conductance crossbar",
      "url": "https://scholar.google.com/citations?view_op=view_citation&hl=en&user=0JucbVAAAAAJ&citation_for_view=0JucbVAAAAAJ:3fE2CSJIrl8C",
      "authors": "JC Ambrosi, ACW Da Cunha, JRA Cavalcante",
      "venue": "US Patent 11,200,948, 2021",
      "year": 2021,
      "citations": 3
    },
    {
      "title": "INRIA/COATI: Combinatorics, Optimization, and Algorithms for Telecommunications",
      "url": "https://scholar.google.com/citations?view_op=view_citation&hl=en&user=0JucbVAAAAAJ&citation_for_view=0JucbVAAAAAJ:Wp0gIr-vW9MC",
      "authors": "D RIVET, E NATALE, L VIENNOT, A DA CUNHA, DD RIVET, ...",
      "venue": "Bulletin N o 119, 17, 0",
      "citations": 0
    }
  ],
  "co_authors": [
    {
      "name": "Emanuele Natale",
      "scholar_id": "m2P3BH4AAAAJ",
      "url": "https://scholar.google.com/citations?user=m2P3BH4AAAAJ"
    },
    {
      "name": "Laurent Viennot",
      "scholar_id": "kJLQNhsAAAAJ",
      "url": "https://scholar.google.com/citations?user=kJLQNhsAAAAJ"
    },
    {
      "name": "Francesco d'Amore",
      "scholar_id": "0I0zakAAAAAJ",
      "url": "https://scholar.google.com/citations?user=0I0zakAAAAAJ"
    },
    {
      "name": "Kasper Green Larsen",
      "scholar_id": "ZluoxUcAAAAJ",
      "url": "https://scholar.google.com/citations?user=ZluoxUcAAAAJ"
    },
    {
      "name": "Luca Becchetti",
      "scholar_id": "EEVf5wEAAAAJ",
      "url": "https://scholar.google.com/citations?user=EEVf5wEAAAAJ"
    },
    {
      "name": "andrea clementi",
      "scholar_id": "yoiAbLMAAAAJ",
      "url": "https://scholar.google.com/citations?user=yoiAbLMAAAAJ"
    },
    {
      "name": "Luca Trevisan",
      "scholar_id": "4yuKD_AAAAAJ",
      "url": "https://scholar.google.com/citations?user=4yuKD_AAAAAJ"
    },
    {
      "name": "Mikael Møller Høgsgaard",
      "scholar_id": "3autFEwAAAAJ",
      "url": "https://scholar.google.com/citations?user=3autFEwAAAAJ"
    },
    {
      "name": "Martin Ritzert",
      "scholar_id": "ZNioUNgAAAAJ",
      "url": "https://scholar.google.com/citations?user=ZNioUNgAAAAJ"
    },
    {
      "name": "Andrea Paudice",
      "scholar_id": "-r_VHXUAAAAJ",
      "url": "https://scholar.google.com/citations?user=-r_VHXUAAAAJ"
    },
    {
      "name": "Yuxin Sun",
      "scholar_id": "8VuomNgAAAAJ",
      "url": "https://scholar.google.com/citations?user=8VuomNgAAAAJ"
    },
    {
      "name": "Aurora Rossi",
      "scholar_id": "3aIZuFkAAAAJ",
      "url": "https://scholar.google.com/citations?user=3aIZuFkAAAAJ"
    },
    {
      "name": "Alex F R Trajano",
      "scholar_id": "kzV-5fkAAAAJ",
      "url": "https://scholar.google.com/citations?user=kzV-5fkAAAAJ"
    }
  ]
}