{
  "author_info": {
    "name": "Yu-Gang Jiang",
    "affiliation": "Professor, Fudan University. IEEE & IAPR & CCF Fellow",
    "email_verified": "Verified email at fudan.edu.cn - Homepage",
    "website": "https://teai.fudan.edu.cn/",
    "interests": [
      "Video Analysis",
      "Multimodal AI",
      "Embodied AI",
      "Trustworthy AI"
    ],
    "photo_url": "https://scholar.googleusercontent.com/citations?view_op=view_photo&user=f3_FP8AAAAAJ&citpid=20"
  },
  "citation_stats": {
    "citations_all": 38158,
    "citations_since_2020": 28123,
    "h_index_all": 97,
    "h_index_since_2020": 87,
    "i10_index_all": 333,
    "i10_index_since_2020": 284,
    "citation_graph": [
      {
        "year": 2008,
        "citations": 97
      },
      {
        "year": 2009,
        "citations": 198
      },
      {
        "year": 2010,
        "citations": 351
      },
      {
        "year": 2011,
        "citations": 380
      },
      {
        "year": 2012,
        "citations": 443
      },
      {
        "year": 2013,
        "citations": 576
      },
      {
        "year": 2014,
        "citations": 713
      },
      {
        "year": 2015,
        "citations": 848
      },
      {
        "year": 2016,
        "citations": 1122
      },
      {
        "year": 2017,
        "citations": 1392
      },
      {
        "year": 2018,
        "citations": 1511
      },
      {
        "year": 2019,
        "citations": 2105
      },
      {
        "year": 2020,
        "citations": 2498
      },
      {
        "year": 2021,
        "citations": 3187
      },
      {
        "year": 2022,
        "citations": 3776
      },
      {
        "year": 2023,
        "citations": 4762
      },
      {
        "year": 2024,
        "citations": 6304
      },
      {
        "year": 2025,
        "citations": 7535
      }
    ]
  },
  "papers": [
    {
      "title": "M2tr: Multi-modal multi-scale transformers for deepfake detection",
      "url": "https://scholar.google.com/citations?view_op=view_citation&hl=en&user=f3_FP8AAAAAJ&citation_for_view=f3_FP8AAAAAJ:P7Ujq4OLJYoC",
      "authors": "J Wang, Z Wu, W Ouyang, X Han, J Chen, YG Jiang, SN Li",
      "venue": "Proceedings of the 2022 International Conference on Multimedia Retrieval …, 2022",
      "year": 2022,
      "citations": 409
    },
    {
      "title": "AdaViT: Adaptive Vision Transformers for Efficient Image Recognition",
      "url": "https://scholar.google.com/citations?view_op=view_citation&hl=en&user=f3_FP8AAAAAJ&citation_for_view=f3_FP8AAAAAJ:sJsF-0ZLhtgC",
      "authors": "L Meng, H Li, BC Chen, S Lan, Z Wu, YG Jiang, SN Lim",
      "venue": "Proceedings of the IEEE/CVF Conference on Computer Vision and Pattern …, 2022",
      "year": 2022,
      "citations": 383
    },
    {
      "title": "Two-dimensional materials for next-generation computing technologies",
      "url": "https://scholar.google.com/citations?view_op=view_citation&hl=en&user=f3_FP8AAAAAJ&citation_for_view=f3_FP8AAAAAJ:0CzhzZyukY4C",
      "authors": "C Liu, H Chen, S Wang, Q Liu, YG Jiang, DW Zhang, M Liu, P Zhou",
      "venue": "Nature Nanotechnology 15 (7), 545-557, 2020",
      "year": 2020,
      "citations": 1018
    },
    {
      "title": "WildDeepfake: A Challenging Real-World Dataset for Deepfake Detection",
      "url": "https://scholar.google.com/citations?view_op=view_citation&hl=en&user=f3_FP8AAAAAJ&citation_for_view=f3_FP8AAAAAJ:yMeIxYmEMEAC",
      "authors": "B Zi, M Chang, J Chen, X Ma, YG Jiang",
      "venue": "Proceedings of the 28th ACM International Conference on Multimedia, 2382-2390, 2020",
      "year": 2020,
      "citations": 602
    },
    {
      "title": "Clean-Label Backdoor Attacks on Video Recognition Models",
      "url": "https://scholar.google.com/citations?view_op=view_citation&hl=en&user=f3_FP8AAAAAJ&citation_for_view=f3_FP8AAAAAJ:cWzG1nlazyYC",
      "authors": "S Zhao, X Ma, X Zheng, J Bailey, J Chen, YG Jiang",
      "venue": "Proceedings of the IEEE/CVF Conference on Computer Vision and Pattern …, 2020",
      "year": 2020,
      "citations": 382
    },
    {
      "title": "Pixel2mesh: Generating 3d mesh models from single rgb images",
      "url": "https://scholar.google.com/citations?view_op=view_citation&hl=en&user=f3_FP8AAAAAJ&citation_for_view=f3_FP8AAAAAJ:KUbvn5osdkgC",
      "authors": "N Wang, Y Zhang, Z Li, Y Fu, W Liu, YG Jiang",
      "venue": "Proceedings of the European Conference on Computer Vision (ECCV), 52-67, 2018",
      "year": 2018,
      "citations": 1811
    },
    {
      "title": "NAIS: Neural Attentive Item Similarity Model for Recommendation",
      "url": "https://scholar.google.com/citations?view_op=view_citation&hl=en&user=f3_FP8AAAAAJ&citation_for_view=f3_FP8AAAAAJ:ML0RJ9NH7IQC",
      "authors": "X He, Z He, J Song, Z Liu, YG Jiang, TS Chua",
      "venue": "IEEE Transactions on Knowledge and Data Engineering, 2018",
      "year": 2018,
      "citations": 623
    },
    {
      "title": "Pose-normalized image generation for person re-identification",
      "url": "https://scholar.google.com/citations?view_op=view_citation&hl=en&user=f3_FP8AAAAAJ&citation_for_view=f3_FP8AAAAAJ:uWiczbcajpAC",
      "authors": "X Qian, Y Fu, T Xiang, W Wang, J Qiu, Y Wu, YG Jiang, X Xue",
      "venue": "Proceedings of the European Conference on Computer Vision (ECCV), 650-667, 2018",
      "year": 2018,
      "citations": 583
    },
    {
      "title": "Recurrent fusion network for image captioning",
      "url": "https://scholar.google.com/citations?view_op=view_citation&hl=en&user=f3_FP8AAAAAJ&citation_for_view=f3_FP8AAAAAJ:LI9QrySNdTsC",
      "authors": "W Jiang, L Ma, YG Jiang, W Liu, T Zhang",
      "venue": "Proceedings of the European Conference on Computer Vision (ECCV), 499-515, 2018",
      "year": 2018,
      "citations": 368
    },
    {
      "title": "Dsod: Learning deeply supervised object detectors from scratch",
      "url": "https://scholar.google.com/citations?view_op=view_citation&hl=en&user=f3_FP8AAAAAJ&citation_for_view=f3_FP8AAAAAJ:nrtMV_XWKgEC",
      "authors": "Z Shen, Z Liu, J Li, YG Jiang, Y Chen, X Xue",
      "venue": "Proceedings of the IEEE International Conference on Computer Vision, 1919-1927, 2017",
      "year": 2017,
      "citations": 831
    },
    {
      "title": "The THUMOS challenge on action recognition for videos “in the wild”",
      "url": "https://scholar.google.com/citations?view_op=view_citation&hl=en&user=f3_FP8AAAAAJ&citation_for_view=f3_FP8AAAAAJ:N5tVd3kTz84C",
      "authors": "H Idrees, AR Zamir, YG Jiang, A Gorban, I Laptev, R Sukthankar, M Shah",
      "venue": "Computer Vision and Image Understanding 155, 1-23, 2017",
      "year": 2017,
      "citations": 752
    },
    {
      "title": "Learning fashion compatibility with bidirectional lstms",
      "url": "https://scholar.google.com/citations?view_op=view_citation&hl=en&user=f3_FP8AAAAAJ&citation_for_view=f3_FP8AAAAAJ:9Nmd_mFXekcC",
      "authors": "X Han, Z Wu, YG Jiang, LS Davis",
      "venue": "Proceedings of the 25th ACM international conference on Multimedia, 1078-1086, 2017",
      "year": 2017,
      "citations": 499
    },
    {
      "title": "Exploiting feature and class relationships in video categorization with regularized deep neural networks",
      "url": "https://scholar.google.com/citations?view_op=view_citation&hl=en&user=f3_FP8AAAAAJ&citation_for_view=f3_FP8AAAAAJ:t6usbXjVLHcC",
      "authors": "YG Jiang, Z Wu, J Wang, X Xue, SF Chang",
      "venue": "IEEE Transactions on Pattern Analysis and Machine Intelligence, 2017",
      "year": 2017,
      "citations": 486
    },
    {
      "title": "Multi-scale deep learning architectures for person re-identification",
      "url": "https://scholar.google.com/citations?view_op=view_citation&hl=en&user=f3_FP8AAAAAJ&citation_for_view=f3_FP8AAAAAJ:0KyAp5RtaNEC",
      "authors": "X Qian, Y Fu, YG Jiang, T Xiang, X Xue",
      "venue": "Proceedings of the IEEE International Conference on Computer Vision, 5399-5408, 2017",
      "year": 2017,
      "citations": 394
    },
    {
      "title": "Modeling spatial-temporal clues in a hybrid deep learning framework for video classification",
      "url": "https://scholar.google.com/citations?view_op=view_citation&hl=en&user=f3_FP8AAAAAJ&citation_for_view=f3_FP8AAAAAJ:HE397vMXCloC",
      "authors": "Z Wu, X Wang, YG Jiang, H Ye, X Xue",
      "venue": "Proceedings of the 23rd ACM international conference on Multimedia, 461-470, 2015",
      "year": 2015,
      "citations": 626
    },
    {
      "title": "THUMOS challenge: Action recognition with a large number of classes",
      "url": "https://scholar.google.com/citations?view_op=view_citation&hl=en&user=f3_FP8AAAAAJ&citation_for_view=f3_FP8AAAAAJ:5Ul4iDaHHb8C",
      "authors": "YG Jiang, J Liu, AR Zamir, I Laptev, M Piccardi, M Shah, R Sukthankar",
      "venue": "",
      "citations": 841,
      "year": 2013
    },
    {
      "title": "Supervised hashing with kernels",
      "url": "https://scholar.google.com/citations?view_op=view_citation&hl=en&user=f3_FP8AAAAAJ&citation_for_view=f3_FP8AAAAAJ:fPk4N6BV_jEC",
      "authors": "W Liu, J Wang, R Ji, YG Jiang, SF Chang",
      "venue": "2012 IEEE Conference on Computer Vision and Pattern Recognition, 2074-2081, 2012",
      "year": 2012,
      "citations": 1758
    },
    {
      "title": "Consumer video understanding: A benchmark database and an evaluation of human and machine performance",
      "url": "https://scholar.google.com/citations?view_op=view_citation&hl=en&user=f3_FP8AAAAAJ&citation_for_view=f3_FP8AAAAAJ:_Qo2XoVZTnwC",
      "authors": "YG Jiang, G Ye, SF Chang, D Ellis, AC Loui",
      "venue": "Proceedings of the 1st ACM International Conference on Multimedia Retrieval, 1-8, 2011",
      "year": 2011,
      "citations": 426
    },
    {
      "title": "Evaluating bag-of-visual-words representations in scene classification",
      "url": "https://scholar.google.com/citations?view_op=view_citation&hl=en&user=f3_FP8AAAAAJ&citation_for_view=f3_FP8AAAAAJ:d1gkVwhDpl0C",
      "authors": "J Yang, YG Jiang, AG Hauptmann, CW Ngo",
      "venue": "Proceedings of the ACM SIGMM workshop on multimedia information retrieval …, 2007",
      "year": 2007,
      "citations": 1251
    },
    {
      "title": "Towards optimal bag-of-features for object categorization and semantic video retrieval",
      "url": "https://scholar.google.com/citations?view_op=view_citation&hl=en&user=f3_FP8AAAAAJ&citation_for_view=f3_FP8AAAAAJ:u5HHmVD_uO8C",
      "authors": "YG Jiang, CW Ngo, J Yang",
      "venue": "Proceedings of the 6th ACM international conference on Image and video …, 2007",
      "year": 2007,
      "citations": 880
    }
  ],
  "co_authors": [
    {
      "name": "Zuxuan Wu",
      "scholar_id": "7t12hVkAAAAJ",
      "url": "https://scholar.google.com/citations?user=7t12hVkAAAAJ"
    },
    {
      "name": "Jingjing Chen",
      "scholar_id": "DfWdqzQAAAAJ",
      "url": "https://scholar.google.com/citations?user=DfWdqzQAAAAJ"
    },
    {
      "name": "Xiangyang Xue",
      "scholar_id": "DTbhX6oAAAAJ",
      "url": "https://scholar.google.com/citations?user=DTbhX6oAAAAJ"
    },
    {
      "name": "Yanwei Fu",
      "scholar_id": "Vg54TcsAAAAJ",
      "url": "https://scholar.google.com/citations?user=Vg54TcsAAAAJ"
    },
    {
      "name": "Chong-Wah Ngo",
      "scholar_id": "HM39HrUAAAAJ",
      "url": "https://scholar.google.com/citations?user=HM39HrUAAAAJ"
    },
    {
      "name": "Xingjun Ma",
      "scholar_id": "XQViiyYAAAAJ",
      "url": "https://scholar.google.com/citations?user=XQViiyYAAAAJ"
    },
    {
      "name": "Shih-Fu Chang",
      "scholar_id": "OMVTRscAAAAJ",
      "url": "https://scholar.google.com/citations?user=OMVTRscAAAAJ"
    },
    {
      "name": "Qi Dai",
      "scholar_id": "NSJY12IAAAAJ",
      "url": "https://scholar.google.com/citations?user=NSJY12IAAAAJ"
    },
    {
      "name": "Wei Liu, AAAS/IEEE/IAPR Fellow",
      "scholar_id": "AjxoEpIAAAAJ",
      "url": "https://scholar.google.com/citations?user=AjxoEpIAAAAJ"
    },
    {
      "name": "Shaoxiang Chen",
      "scholar_id": "WL5mbfEAAAAJ",
      "url": "https://scholar.google.com/citations?user=WL5mbfEAAAAJ"
    },
    {
      "name": "Jun Wang",
      "scholar_id": "i0KkESEAAAAJ",
      "url": "https://scholar.google.com/citations?user=i0KkESEAAAAJ"
    },
    {
      "name": "Huang Xuanjing (黄萱菁)",
      "scholar_id": "RGsMgZA4H78C",
      "url": "https://scholar.google.com/citations?user=RGsMgZA4H78C"
    },
    {
      "name": "Junke Wang",
      "scholar_id": "qQuxuo0AAAAJ",
      "url": "https://scholar.google.com/citations?user=qQuxuo0AAAAJ"
    },
    {
      "name": "Qi Zhang (张奇)",
      "scholar_id": "XfqR3yYAAAAJ",
      "url": "https://scholar.google.com/citations?user=XfqR3yYAAAAJ"
    },
    {
      "name": "Zhineng Chen",
      "scholar_id": "RS4jR14AAAAJ",
      "url": "https://scholar.google.com/citations?user=RS4jR14AAAAJ"
    },
    {
      "name": "Zejia Weng",
      "scholar_id": "qMT0sqAAAAAJ",
      "url": "https://scholar.google.com/citations?user=qMT0sqAAAAAJ"
    },
    {
      "name": "Zhipeng Wei",
      "scholar_id": "wXbejuUAAAAJ",
      "url": "https://scholar.google.com/citations?user=wXbejuUAAAAJ"
    },
    {
      "name": "Yang Jiao",
      "scholar_id": "5gA7Wv0AAAAJ",
      "url": "https://scholar.google.com/citations?user=5gA7Wv0AAAAJ"
    },
    {
      "name": "Lin Ma",
      "scholar_id": "DAn1pA4AAAAJ",
      "url": "https://scholar.google.com/citations?user=DAn1pA4AAAAJ"
    },
    {
      "name": "Jianguo Li",
      "scholar_id": "n44GlFcAAAAJ",
      "url": "https://scholar.google.com/citations?user=n44GlFcAAAAJ"
    }
  ]
}