{
  "author_info": {
    "name": "Rongjie Yi",
    "affiliation": "Unknown affiliation",
    "email_verified": "Verified email at bupt.edu.cn",
    "interests": [],
    "photo_url": "/citations/images/avatar_scholar_128.png"
  },
  "citation_stats": {
    "citations_all": 488,
    "citations_since_2020": 486,
    "h_index_all": 6,
    "h_index_since_2020": 6,
    "i10_index_all": 5,
    "i10_index_since_2020": 5,
    "citation_graph": [
      {
        "year": 2023,
        "citations": 8
      },
      {
        "year": 2024,
        "citations": 148
      },
      {
        "year": 2025,
        "citations": 327
      }
    ]
  },
  "papers": [
    {
      "title": "EdgeMoE: Empowering Sparse Large Language Models on Mobile Devices",
      "url": "https://scholar.google.com/citations?view_op=view_citation&hl=en&user=1LokkI8AAAAJ&citation_for_view=1LokkI8AAAAJ:Tyk-4Ss8FVUC",
      "authors": "R Yi, L Guo, S Wei, A Zhou, S Wang, M Xu",
      "venue": "IEEE Transactions on Mobile Computing, 2025",
      "year": 2025,
      "citations": 131
    },
    {
      "title": "Demystifying small language models for edge deployment",
      "url": "https://scholar.google.com/citations?view_op=view_citation&hl=en&user=1LokkI8AAAAJ&citation_for_view=1LokkI8AAAAJ:W7OEmFMy1HYC",
      "authors": "Z Lu, X Li, D Cai, R Yi, F Liu, W Liu, J Luan, X Zhang, ND Lane, M Xu",
      "venue": "Proceedings of the 63rd Annual Meeting of the Association for Computational …, 2025",
      "year": 2025,
      "citations": 124
    },
    {
      "title": "Elastic On-Device LLM Service",
      "url": "https://scholar.google.com/citations?view_op=view_citation&hl=en&user=1LokkI8AAAAJ&citation_for_view=1LokkI8AAAAJ:YsMSGLbcyi4C",
      "authors": "W Yin, R Yi, D Xu, G Huang, M Xu, X Liu",
      "venue": "Proceedings of the 31st Annual International Conference on Mobile Computing …, 2025",
      "year": 2025,
      "citations": 0
    },
    {
      "title": "A survey of resource-efficient llm and multimodal foundation models",
      "url": "https://scholar.google.com/citations?view_op=view_citation&hl=en&user=1LokkI8AAAAJ&citation_for_view=1LokkI8AAAAJ:IjCSPb-OGe4C",
      "authors": "M Xu, W Yin, D Cai, R Yi, D Xu, Q Wang, B Wu, Y Zhao, C Yang, S Wang, ...",
      "venue": "arXiv preprint arXiv:2401.08092, 2024",
      "year": 2024,
      "citations": 190
    },
    {
      "title": "PhoneLM: An efficient and capable small language model family through principled pre-training",
      "url": "https://scholar.google.com/citations?view_op=view_citation&hl=en&user=1LokkI8AAAAJ&citation_for_view=1LokkI8AAAAJ:d1gkVwhDpl0C",
      "authors": "R Yi, X Li, W Xie, Z Lu, C Wang, A Zhou, S Wang, X Zhang, M Xu",
      "venue": "arXiv preprint arXiv:2411.05046, 2024",
      "year": 2024,
      "citations": 10
    },
    {
      "title": "Elms: Elasticized large language models on mobile devices",
      "url": "https://scholar.google.com/citations?view_op=view_citation&hl=en&user=1LokkI8AAAAJ&citation_for_view=1LokkI8AAAAJ:9yKSN-GCB0IC",
      "authors": "W Yin, R Yi, D Xu, G Huang, M Xu, X Liu",
      "venue": "arXiv preprint arXiv:2409.09071, 2024",
      "year": 2024,
      "citations": 8
    },
    {
      "title": "Droidcall: A dataset for llm-powered android intent invocation",
      "url": "https://scholar.google.com/citations?view_op=view_citation&hl=en&user=1LokkI8AAAAJ&citation_for_view=1LokkI8AAAAJ:UeHWp8X0CEIC",
      "authors": "W Xie, L Zhang, S Wang, R Yi, M Xu",
      "venue": "arXiv preprint arXiv:2412.00402, 2024",
      "year": 2024,
      "citations": 6
    },
    {
      "title": "Boosting DNN cold inference on edge devices",
      "url": "https://scholar.google.com/citations?view_op=view_citation&hl=en&user=1LokkI8AAAAJ&citation_for_view=1LokkI8AAAAJ:u-x6o8ySG0sC",
      "authors": "R Yi, T Cao, A Zhou, X Ma, S Wang, M Xu",
      "venue": "Proceedings of the 21st Annual International Conference on Mobile Systems …, 2023",
      "year": 2023,
      "citations": 19
    }
  ],
  "co_authors": []
}