{
  "author_info": {
    "name": "Yi Zhou",
    "affiliation": "Cardiff University",
    "email_verified": "Verified email at cardiff.ac.uk - Homepage",
    "website": "https://jodiechou.github.io/",
    "interests": [
      "Natural Language Processing",
      "Computational Linguistics",
      "DMML"
    ],
    "photo_url": "https://scholar.googleusercontent.com/citations?view_op=view_photo&user=3BdddIMAAAAJ&citpid=17"
  },
  "citation_stats": {
    "citations_all": 402,
    "citations_since_2020": 402,
    "h_index_all": 9,
    "h_index_since_2020": 9,
    "i10_index_all": 9,
    "i10_index_since_2020": 9,
    "citation_graph": [
      {
        "year": 2020,
        "citations": 2
      },
      {
        "year": 2021,
        "citations": 10
      },
      {
        "year": 2022,
        "citations": 21
      },
      {
        "year": 2023,
        "citations": 30
      },
      {
        "year": 2024,
        "citations": 64
      },
      {
        "year": 2025,
        "citations": 274
      }
    ]
  },
  "papers": [
    {
      "title": "SemEval-2025 task 11: Bridging the gap in text-based emotion detection",
      "url": "https://scholar.google.com/citations?view_op=view_citation&hl=en&user=3BdddIMAAAAJ&citation_for_view=3BdddIMAAAAJ:QIV2ME_5wuYC",
      "authors": "SH Muhammad, N Ousidhoum, I Abdulmumin, SM Yimam, JP Wahle, ...",
      "venue": "Proceedings of the 19th international workshop on semantic evaluation …, 2025",
      "year": 2025,
      "citations": 54
    },
    {
      "title": "Brighter: Bridging the gap in human-annotated textual emotion recognition datasets for 28 languages",
      "url": "https://scholar.google.com/citations?view_op=view_citation&hl=en&user=3BdddIMAAAAJ&citation_for_view=3BdddIMAAAAJ:mVmsd5A6BfQC",
      "authors": "SH Muhammad, N Ousidhoum, I Abdulmumin, JP Wahle, T Ruas, ...",
      "venue": "Proceedings of the 63rd Annual Meeting of the Association for Computational …, 2025",
      "year": 2025,
      "citations": 29
    },
    {
      "title": "Worldcuisines: A massive-scale benchmark for multilingual and multicultural visual question answering on global cuisines",
      "url": "https://scholar.google.com/citations?view_op=view_citation&hl=en&user=3BdddIMAAAAJ&citation_for_view=3BdddIMAAAAJ:4DMP91E08xMC",
      "authors": "GI Winata, F Hudi, PA Irawan, D Anugraha, RA Putri, W Yutong, A Nohejl, ...",
      "venue": "Proceedings of the 2025 Conference of the Nations of the Americas Chapter of …, 2025",
      "year": 2025,
      "citations": 27
    },
    {
      "title": "Yinxuan Gui, David Ifeoluwa Adelani, En-Shiun Annie Lee, Shogo Okada, Ayu Purwarianti, Alham Fikri Aji, Taro Watanabe, Derry Tanti Wijaya, Alice Oh, and Chong-Wah Ngo. 2025 …",
      "url": "https://scholar.google.com/citations?view_op=view_citation&hl=en&user=3BdddIMAAAAJ&citation_for_view=3BdddIMAAAAJ:7PzlFSSx8tAC",
      "authors": "GI Winata, F Hudi, PA Irawan, D Anugraha, RA Putri, W Yutong, A Nohejl, ...",
      "venue": "Proceedings of the 2025 Conference of the Nations of the Americas Chapter of …, 0",
      "year": 2025,
      "citations": 9
    },
    {
      "title": "CASE--Condition-Aware Sentence Embeddings for Conditional Semantic Textual Similarity Measurement",
      "url": "https://scholar.google.com/citations?view_op=view_citation&hl=en&user=3BdddIMAAAAJ&citation_for_view=3BdddIMAAAAJ:L8Ckcad2t8MC",
      "authors": "G Zhang, Y Zhou, D Bollegala",
      "venue": "arXiv preprint arXiv:2503.17279, 2025",
      "year": 2025,
      "citations": 1
    },
    {
      "title": "Evaluating the Effect of Retrieval Augmentation on Social Biases",
      "url": "https://scholar.google.com/citations?view_op=view_citation&hl=en&user=3BdddIMAAAAJ&citation_for_view=3BdddIMAAAAJ:9ZlFYXVOiuMC",
      "authors": "T Zhang, Y Zhou, D Bollegala",
      "venue": "arXiv preprint arXiv:2502.17611, 2025",
      "year": 2025,
      "citations": 1
    },
    {
      "title": "Annotating Training Data for Conditional Semantic Textual Similarity Measurement using Large Language Models",
      "url": "https://scholar.google.com/citations?view_op=view_citation&hl=en&user=3BdddIMAAAAJ&citation_for_view=3BdddIMAAAAJ:ZeXyd9-uunAC",
      "authors": "G Zhang, Y Zhou, D Bollegala",
      "venue": "Proceedings of the 2025 Conference on Empirical Methods in Natural Language …, 2025",
      "year": 2025,
      "citations": 0
    },
    {
      "title": "Blend: A benchmark for llms on everyday knowledge in diverse cultures and languages",
      "url": "https://scholar.google.com/citations?view_op=view_citation&hl=en&user=3BdddIMAAAAJ&citation_for_view=3BdddIMAAAAJ:aqlVkmm33-oC",
      "authors": "J Myung, N Lee, Y Zhou, J Jin, R Putri, D Antypas, H Borkakoty, E Kim, ...",
      "venue": "Advances in Neural Information Processing Systems 37, 78104-78146, 2024",
      "year": 2024,
      "citations": 115
    },
    {
      "title": "Evaluating unsupervised dimensionality reduction methods for pretrained sentence embeddings",
      "url": "https://scholar.google.com/citations?view_op=view_citation&hl=en&user=3BdddIMAAAAJ&citation_for_view=3BdddIMAAAAJ:_kc_bZDykSQC",
      "authors": "G Zhang, Y Zhou, D Bollegala",
      "venue": "arXiv preprint arXiv:2403.14001, 2024",
      "year": 2024,
      "citations": 12
    },
    {
      "title": "An Efficient Multilingual Language Model Compression through Vocabulary Trimming",
      "url": "https://scholar.google.com/citations?view_op=view_citation&hl=en&user=3BdddIMAAAAJ&citation_for_view=3BdddIMAAAAJ:8k81kl-MbHgC",
      "authors": "A Ushio, Y Zhou, J Camacho-Collados",
      "venue": "EMNLP 2023 Findings, 2023",
      "year": 2023,
      "citations": 10
    },
    {
      "title": "Solving cosine similarity underestimation between high frequency words by ℓ2 norm discounting",
      "url": "https://scholar.google.com/citations?view_op=view_citation&hl=en&user=3BdddIMAAAAJ&citation_for_view=3BdddIMAAAAJ:M3ejUd6NZC8C",
      "authors": "S Wannasuphoprasit, Y Zhou, D Bollegala",
      "venue": "Findings of the Association for Computational Linguistics: ACL 2023, 8644-8652, 2023",
      "year": 2023,
      "citations": 9
    },
    {
      "title": "Can Word Sense Distribution Detect Semantic Changes of Words?",
      "url": "https://scholar.google.com/citations?view_op=view_citation&hl=en&user=3BdddIMAAAAJ&citation_for_view=3BdddIMAAAAJ:Zph67rFs4hoC",
      "authors": "X Tang, Y Zhou, T Aida, P Sen, D Bollegala",
      "venue": "EMNLP 2023 Findings, 2023",
      "year": 2023,
      "citations": 9
    },
    {
      "title": "A Predictive Factor Analysis of Social Biases and Task-Performance in Pretrained Masked Language Models",
      "url": "https://scholar.google.com/citations?view_op=view_citation&hl=en&user=3BdddIMAAAAJ&citation_for_view=3BdddIMAAAAJ:kNdYIx-mwKoC",
      "authors": "Y Zhou, J Camacho-Collados, D Bollegala",
      "venue": "EMNLP 2023, 2023",
      "year": 2023,
      "citations": 8
    },
    {
      "title": "Representation Learning for Word Senses and Evaluation of Their Properties",
      "url": "https://scholar.google.com/citations?view_op=view_citation&hl=en&user=3BdddIMAAAAJ&citation_for_view=3BdddIMAAAAJ:3fE2CSJIrl8C",
      "authors": "Y Zhou",
      "venue": "PQDT-Global, 2023",
      "year": 2023,
      "citations": 1
    },
    {
      "title": "Sense Embeddings are also Biased--Evaluating Social Biases in Static and Contextualised Sense Embeddings",
      "url": "https://scholar.google.com/citations?view_op=view_citation&hl=en&user=3BdddIMAAAAJ&citation_for_view=3BdddIMAAAAJ:zYLM7Y9cAGgC",
      "authors": "Y Zhou, M Kaneko, D Bollegala",
      "venue": "ACL 2022, 2022",
      "year": 2022,
      "citations": 31
    },
    {
      "title": "Learning Dynamic Contextualised Word Embeddings via Template-based Temporal Adaptation",
      "url": "https://scholar.google.com/citations?view_op=view_citation&hl=en&user=3BdddIMAAAAJ&citation_for_view=3BdddIMAAAAJ:Y0pCki6q_DkC",
      "authors": "X Tang, Y Zhou, D Bollegala",
      "venue": "ACL 2023, 2022",
      "year": 2022,
      "citations": 6
    },
    {
      "title": "On the Curious Case of  norm of Sense Embeddings",
      "url": "https://scholar.google.com/citations?view_op=view_citation&hl=en&user=3BdddIMAAAAJ&citation_for_view=3BdddIMAAAAJ:YsMSGLbcyi4C",
      "authors": "Y Zhou, D Bollegala",
      "venue": "EMNLP 2022 Findings, 2022",
      "year": 2022,
      "citations": 2
    },
    {
      "title": "Learning Sense-Specific Static Embeddings using Contextualised Word Embeddings as a Proxy",
      "url": "https://scholar.google.com/citations?view_op=view_citation&hl=en&user=3BdddIMAAAAJ&citation_for_view=3BdddIMAAAAJ:Tyk-4Ss8FVUC",
      "authors": "Y Zhou, D Bollegala",
      "venue": "PACLIC 35, 2021",
      "year": 2021,
      "citations": 13
    },
    {
      "title": "Spatio-temporal attention model for tactile texture recognition",
      "url": "https://scholar.google.com/citations?view_op=view_citation&hl=en&user=3BdddIMAAAAJ&citation_for_view=3BdddIMAAAAJ:2osOgNQ5qMEC",
      "authors": "G Cao, Y Zhou, D Bollegala, S Luo",
      "venue": "2020 IEEE/RSJ International Conference on Intelligent Robots and Systems …, 2020",
      "year": 2020,
      "citations": 59
    },
    {
      "title": "Unsupervised Evaluation of Human Translation Quality",
      "url": "https://scholar.google.com/citations?view_op=view_citation&hl=en&user=3BdddIMAAAAJ&citation_for_view=3BdddIMAAAAJ:9yKSN-GCB0IC",
      "authors": "Y Zhou, D Bollegala",
      "venue": "KDIR 2019, 2019",
      "year": 2019,
      "citations": 6
    }
  ],
  "co_authors": [
    {
      "name": "Danushka Bollegala",
      "scholar_id": "kLqCYLMAAAAJ",
      "url": "https://scholar.google.com/citations?user=kLqCYLMAAAAJ"
    },
    {
      "name": "Jose Camacho-Collados",
      "scholar_id": "NP4KdQQAAAAJ",
      "url": "https://scholar.google.com/citations?user=NP4KdQQAAAAJ"
    },
    {
      "name": "Nedjma Ousidhoum",
      "scholar_id": "6ZZtzmQAAAAJ",
      "url": "https://scholar.google.com/citations?user=6ZZtzmQAAAAJ"
    },
    {
      "name": "Alice Oh",
      "scholar_id": "B88-xMEAAAAJ",
      "url": "https://scholar.google.com/citations?user=B88-xMEAAAAJ"
    },
    {
      "name": "Junho Myung",
      "scholar_id": "Rs6U7rgAAAAJ",
      "url": "https://scholar.google.com/citations?user=Rs6U7rgAAAAJ"
    },
    {
      "name": "Nayeon Lee",
      "scholar_id": "C8MUVcEAAAAJ",
      "url": "https://scholar.google.com/citations?user=C8MUVcEAAAAJ"
    },
    {
      "name": "Xiaohang Tang",
      "scholar_id": "EFXD6KIAAAAJ",
      "url": "https://scholar.google.com/citations?user=EFXD6KIAAAAJ"
    },
    {
      "name": "Shan Luo",
      "scholar_id": "ArnkrbwAAAAJ",
      "url": "https://scholar.google.com/citations?user=ArnkrbwAAAAJ"
    },
    {
      "name": "Guanqun Cao",
      "scholar_id": "_VWaWOwAAAAJ",
      "url": "https://scholar.google.com/citations?user=_VWaWOwAAAAJ"
    },
    {
      "name": "Gaifan Zhang",
      "scholar_id": "YF_V6gsAAAAJ",
      "url": "https://scholar.google.com/citations?user=YF_V6gsAAAAJ"
    },
    {
      "name": "Masahiro Kaneko",
      "scholar_id": "c-CLPD0AAAAJ",
      "url": "https://scholar.google.com/citations?user=c-CLPD0AAAAJ"
    },
    {
      "name": "Procheta Sen",
      "scholar_id": "hRKyQdoAAAAJ",
      "url": "https://scholar.google.com/citations?user=hRKyQdoAAAAJ"
    },
    {
      "name": "Taichi Aida",
      "scholar_id": "YumEhloAAAAJ",
      "url": "https://scholar.google.com/citations?user=YumEhloAAAAJ"
    },
    {
      "name": "Asahi Ushio",
      "scholar_id": "RstIo9oAAAAJ",
      "url": "https://scholar.google.com/citations?user=RstIo9oAAAAJ"
    }
  ]
}