{
  "author_info": {
    "name": "Chaopeng Zhang",
    "affiliation": "Tencent",
    "email_verified": "Verified email at pku.edu.cn",
    "interests": [
      "Deep Leanring、Multimodal LLM"
    ],
    "photo_url": "/citations/images/avatar_scholar_128.png"
  },
  "citation_stats": {
    "citations_all": 86,
    "citations_since_2020": 86,
    "h_index_all": 5,
    "h_index_since_2020": 5,
    "i10_index_all": 5,
    "i10_index_since_2020": 5,
    "citation_graph": [
      {
        "year": 2020,
        "citations": 5
      },
      {
        "year": 2021,
        "citations": 5
      },
      {
        "year": 2022,
        "citations": 2
      },
      {
        "year": 2023,
        "citations": 1
      },
      {
        "year": 2024,
        "citations": 12
      },
      {
        "year": 2025,
        "citations": 60
      }
    ]
  },
  "papers": [
    {
      "title": "Mani-gs: Gaussian splatting manipulation with triangular mesh",
      "url": "https://scholar.google.com/citations?view_op=view_citation&hl=en&user=jo_1ANIAAAAJ&citation_for_view=jo_1ANIAAAAJ:u-x6o8ySG0sC",
      "authors": "X Gao, X Li, Y Zhuang, Q Zhang, W Hu, C Zhang, Y Yao, Y Shan, L Quan",
      "venue": "Proceedings of the Computer Vision and Pattern Recognition Conference, 21392 …, 2025",
      "year": 2025,
      "citations": 24
    },
    {
      "title": "Uv gaussians: Joint learning of mesh deformation and gaussian textures for human avatar modeling",
      "url": "https://scholar.google.com/citations?view_op=view_citation&hl=en&user=jo_1ANIAAAAJ&citation_for_view=jo_1ANIAAAAJ:9yKSN-GCB0IC",
      "authors": "Y Jiang, Q Liao, X Li, L Ma, Q Zhang, C Zhang, Z Lu, Y Shan",
      "venue": "Knowledge-Based Systems, 113470, 2025",
      "year": 2025,
      "citations": 19
    },
    {
      "title": "Magicman: Generative novel view synthesis of humans with 3d-aware diffusion and iterative refinement",
      "url": "https://scholar.google.com/citations?view_op=view_citation&hl=en&user=jo_1ANIAAAAJ&citation_for_view=jo_1ANIAAAAJ:d1gkVwhDpl0C",
      "authors": "X He, Z Wu, X Li, D Kang, C Zhang, J Ye, L Chen, X Gao, H Zhang, ...",
      "venue": "Proceedings of the AAAI Conference on Artificial Intelligence 39 (3), 3437-3445, 2025",
      "year": 2025,
      "citations": 18
    },
    {
      "title": "Contex-human: Free-view rendering of human from a single image with texture-consistent synthesis",
      "url": "https://scholar.google.com/citations?view_op=view_citation&hl=en&user=jo_1ANIAAAAJ&citation_for_view=jo_1ANIAAAAJ:2osOgNQ5qMEC",
      "authors": "X Gao, X Li, C Zhang, Q Zhang, Y Cao, Y Shan, L Quan",
      "venue": "Proceedings of the IEEE/CVF Conference on Computer Vision and Pattern …, 2024",
      "year": 2024,
      "citations": 12
    },
    {
      "title": "Non-local recurrent neural memory for supervised sequence modeling",
      "url": "https://scholar.google.com/citations?view_op=view_citation&hl=en&user=jo_1ANIAAAAJ&citation_for_view=jo_1ANIAAAAJ:u5HHmVD_uO8C",
      "authors": "C Fu, W Pei, Q Cao, C Zhang, Y Zhao, X Shen, YW Tai",
      "venue": "Proceedings of the IEEE/CVF International Conference on Computer Vision …, 2019",
      "year": 2019,
      "citations": 13
    }
  ],
  "co_authors": [
    {
      "name": "Xiaoyu Li",
      "scholar_id": "Dt0PcAYAAAAJ",
      "url": "https://scholar.google.com/citations?user=Dt0PcAYAAAAJ"
    },
    {
      "name": "Qi Zhang",
      "scholar_id": "2vFjhHMAAAAJ",
      "url": "https://scholar.google.com/citations?user=2vFjhHMAAAAJ"
    },
    {
      "name": "Ying Shan",
      "scholar_id": "4oXBp9UAAAAJ",
      "url": "https://scholar.google.com/citations?user=4oXBp9UAAAAJ"
    },
    {
      "name": "Xiangjun Gao",
      "scholar_id": "qgdesEcAAAAJ",
      "url": "https://scholar.google.com/citations?user=qgdesEcAAAAJ"
    },
    {
      "name": "Long QUAN",
      "scholar_id": "ZMLhZJ8AAAAJ",
      "url": "https://scholar.google.com/citations?user=ZMLhZJ8AAAAJ"
    },
    {
      "name": "Yujiao Jiang",
      "scholar_id": "fPJo9P8AAAAJ",
      "url": "https://scholar.google.com/citations?user=fPJo9P8AAAAJ"
    },
    {
      "name": "Han Zhang",
      "scholar_id": "6-ZdX1MAAAAJ",
      "url": "https://scholar.google.com/citations?user=6-ZdX1MAAAAJ"
    },
    {
      "name": "Xiaoyong Shen",
      "scholar_id": "PeMuphgAAAAJ",
      "url": "https://scholar.google.com/citations?user=PeMuphgAAAAJ"
    },
    {
      "name": "Qiong Cao",
      "scholar_id": "JYtbNBsAAAAJ",
      "url": "https://scholar.google.com/citations?user=JYtbNBsAAAAJ"
    },
    {
      "name": "Yu-Wing Tai",
      "scholar_id": "nFhLmFkAAAAJ",
      "url": "https://scholar.google.com/citations?user=nFhLmFkAAAAJ"
    },
    {
      "name": "Wenjie Pei",
      "scholar_id": "wX3avNkAAAAJ",
      "url": "https://scholar.google.com/citations?user=wX3avNkAAAAJ"
    }
  ]
}