{
  "author_info": {
    "name": "Jianwei Niu",
    "affiliation": "Professor of Computer Science, Beihang University",
    "email_verified": "Verified email at buaa.edu.cn - Homepage",
    "website": "https://shi.buaa.edu.cn/07382/en/lwcg/21858/list/index.htm",
    "interests": [
      "Mobile computing",
      "image analysis",
      "embedded system",
      "machine learning"
    ],
    "photo_url": "https://scholar.googleusercontent.com/citations?view_op=view_photo&user=KOciOtEAAAAJ&citpid=1"
  },
  "citation_stats": {
    "citations_all": 18216,
    "citations_since_2020": 11351,
    "h_index_all": 66,
    "h_index_since_2020": 52,
    "i10_index_all": 298,
    "i10_index_since_2020": 207,
    "citation_graph": [
      {
        "year": 2008,
        "citations": 50
      },
      {
        "year": 2009,
        "citations": 132
      },
      {
        "year": 2010,
        "citations": 189
      },
      {
        "year": 2011,
        "citations": 189
      },
      {
        "year": 2012,
        "citations": 279
      },
      {
        "year": 2013,
        "citations": 312
      },
      {
        "year": 2014,
        "citations": 431
      },
      {
        "year": 2015,
        "citations": 711
      },
      {
        "year": 2016,
        "citations": 847
      },
      {
        "year": 2017,
        "citations": 994
      },
      {
        "year": 2018,
        "citations": 1144
      },
      {
        "year": 2019,
        "citations": 1308
      },
      {
        "year": 2020,
        "citations": 1342
      },
      {
        "year": 2021,
        "citations": 1661
      },
      {
        "year": 2022,
        "citations": 2014
      },
      {
        "year": 2023,
        "citations": 2089
      },
      {
        "year": 2024,
        "citations": 2201
      },
      {
        "year": 2025,
        "citations": 2027
      }
    ]
  },
  "papers": [
    {
      "title": "You only look at one sequence: Rethinking transformer in vision through object detection",
      "url": "https://scholar.google.com/citations?view_op=view_citation&hl=en&user=KOciOtEAAAAJ&citation_for_view=KOciOtEAAAAJ:RMgMIBzvq-4C",
      "authors": "Y Fang, B Liao, X Wang, J Fang, J Qi, R Wu, J Niu, W Liu",
      "venue": "Advances in Neural Information Processing Systems 34, 26183-26197, 2021",
      "year": 2021,
      "citations": 468
    },
    {
      "title": "A survey on incorporating domain knowledge into deep learning for medical image analysis",
      "url": "https://scholar.google.com/citations?view_op=view_citation&hl=en&user=KOciOtEAAAAJ&citation_for_view=KOciOtEAAAAJ:_AeoHAGD03cC",
      "authors": "X Xie, J Niu, X Liu, Z Chen, S Tang, S Yu",
      "venue": "Medical Image Analysis 69, 101985, 2021",
      "year": 2021,
      "citations": 378
    },
    {
      "title": "Visformer: The vision-friendly transformer",
      "url": "https://scholar.google.com/citations?view_op=view_citation&hl=en&user=KOciOtEAAAAJ&citation_for_view=KOciOtEAAAAJ:QVtou7C4vgoC",
      "authors": "Z Chen, L Xie, J Niu, X Liu, L Wei, Q Tian",
      "venue": "Proceedings of the IEEE/CVF international conference on computer vision, 589-598, 2021",
      "year": 2021,
      "citations": 335
    },
    {
      "title": "SentiDiff: Combining textual information and sentiment diffusion patterns for Twitter sentiment analysis",
      "url": "https://scholar.google.com/citations?view_op=view_citation&hl=en&user=KOciOtEAAAAJ&citation_for_view=KOciOtEAAAAJ:LXmCCkuhhTsC",
      "authors": "L Wang, J Niu, S Yu",
      "venue": "IEEE Transactions on Knowledge and Data Engineering 32 (10), 2026-2039, 2019",
      "year": 2019,
      "citations": 188
    },
    {
      "title": "Deep CNN-based real-time traffic light detector for self-driving vehicles",
      "url": "https://scholar.google.com/citations?view_op=view_citation&hl=en&user=KOciOtEAAAAJ&citation_for_view=KOciOtEAAAAJ:hMod-77fHWUC",
      "authors": "Z Ouyang, J Niu, Y Liu, M Guizani",
      "venue": "IEEE transactions on Mobile Computing 19 (2), 300-313, 2019",
      "year": 2019,
      "citations": 185
    },
    {
      "title": "Influence analysis in social networks: A survey",
      "url": "https://scholar.google.com/citations?view_op=view_citation&hl=en&user=KOciOtEAAAAJ&citation_for_view=KOciOtEAAAAJ:JTqpx9DYBaYC",
      "authors": "S Peng, Y Zhou, L Cao, S Yu, J Niu, W Jia",
      "venue": "Journal of Network and Computer Applications 106, 17-32, 2018",
      "year": 2018,
      "citations": 419
    },
    {
      "title": "A three-factor anonymous authentication scheme for wireless sensor networks in internet of things environments",
      "url": "https://scholar.google.com/citations?view_op=view_citation&hl=en&user=KOciOtEAAAAJ&citation_for_view=KOciOtEAAAAJ:bEWYMUwI8FkC",
      "authors": "X Li, J Niu, S Kumari, F Wu, AK Sangaiah, KKR Choo",
      "venue": "Journal of Network and Computer Applications 103, 194-204, 2018",
      "year": 2018,
      "citations": 415
    },
    {
      "title": "A robust ECC-based provable secure authentication protocol with privacy preserving for industrial Internet of Things",
      "url": "https://scholar.google.com/citations?view_op=view_citation&hl=en&user=KOciOtEAAAAJ&citation_for_view=KOciOtEAAAAJ:iH-uZ7U-co4C",
      "authors": "X Li, J Niu, MZA Bhuiyan, F Wu, M Karuppiah, S Kumari",
      "venue": "IEEE Transactions on Industrial Informatics 14 (8), 3599-3609, 2017",
      "year": 2017,
      "citations": 453
    },
    {
      "title": "Lecture notes in computer science",
      "url": "https://scholar.google.com/citations?view_op=view_citation&hl=en&user=KOciOtEAAAAJ&citation_for_view=KOciOtEAAAAJ:4xDN1ZYqzskC",
      "authors": "M Coban, F Karakoc, A Bogdanov",
      "venue": "SPRINGER INTERNATIONAL PUBLISHING AG, 2017",
      "year": 2017,
      "citations": 335
    },
    {
      "title": "A robust and energy efficient authentication protocol for industrial internet of things",
      "url": "https://scholar.google.com/citations?view_op=view_citation&hl=en&user=KOciOtEAAAAJ&citation_for_view=KOciOtEAAAAJ:_axFR9aDTf0C",
      "authors": "X Li, J Peng, J Niu, F Wu, J Liao, KKR Choo",
      "venue": "IEEE Internet of Things Journal 5 (3), 1606-1615, 2017",
      "year": 2017,
      "citations": 235
    },
    {
      "title": "Toward a framework for detecting privacy policy violations in android application code",
      "url": "https://scholar.google.com/citations?view_op=view_citation&hl=en&user=KOciOtEAAAAJ&citation_for_view=KOciOtEAAAAJ:2l5NCbZemmgC",
      "authors": "R Slavin, X Wang, MB Hosseini, J Hester, R Krishnan, J Bhatia, ...",
      "venue": "Proceedings of the 38th International conference on software engineering, 25-36, 2016",
      "year": 2016,
      "citations": 292
    },
    {
      "title": "Robust lane detection using two-stage feature extraction with curve fitting",
      "url": "https://scholar.google.com/citations?view_op=view_citation&hl=en&user=KOciOtEAAAAJ&citation_for_view=KOciOtEAAAAJ:a3BOlSfXSfwC",
      "authors": "J Niu, J Lu, M Xu, P Lv, X Zhao",
      "venue": "Pattern Recognition 59, 225-233, 2016",
      "year": 2016,
      "citations": 236
    },
    {
      "title": "Management and applications of trust in Wireless Sensor Networks: A survey",
      "url": "https://scholar.google.com/citations?view_op=view_citation&hl=en&user=KOciOtEAAAAJ&citation_for_view=KOciOtEAAAAJ:isC4tDSrTZIC",
      "authors": "G Han, J Jiang, L Shu, J Niu, HC Chao",
      "venue": "Journal of Computer and System Sciences 80 (3), 602-617, 2014",
      "year": 2014,
      "citations": 371
    },
    {
      "title": "An enhanced smart card based remote user password authentication scheme",
      "url": "https://scholar.google.com/citations?view_op=view_citation&hl=en&user=KOciOtEAAAAJ&citation_for_view=KOciOtEAAAAJ:k_IJM867U9cC",
      "authors": "X Li, J Niu, MK Khan, J Liao",
      "venue": "Journal of Network and Computer Applications 36 (5), 1365-1371, 2013",
      "year": 2013,
      "citations": 305
    },
    {
      "title": "QoS aware geographic opportunistic routing in wireless sensor networks",
      "url": "https://scholar.google.com/citations?view_op=view_citation&hl=en&user=KOciOtEAAAAJ&citation_for_view=KOciOtEAAAAJ:j3f4tGmQtD8C",
      "authors": "L Cheng, J Niu, J Cao, SK Das, Y Gu",
      "venue": "IEEE Transactions on Parallel and Distributed Systems 25 (7), 1864-1875, 2013",
      "year": 2013,
      "citations": 218
    },
    {
      "title": "Cryptanalysis and improvement of a biometrics-based remote user authentication scheme using smart cards",
      "url": "https://scholar.google.com/citations?view_op=view_citation&hl=en&user=KOciOtEAAAAJ&citation_for_view=KOciOtEAAAAJ:9yKSN-GCB0IC",
      "authors": "X Li, JW Niu, J Ma, WD Wang, CL Liu",
      "venue": "Journal of network and computer applications 34 (1), 73-79, 2011",
      "year": 2011,
      "citations": 316
    },
    {
      "title": "Energy efficient security algorithm for power grid wide area monitoring system",
      "url": "https://scholar.google.com/citations?view_op=view_citation&hl=en&user=KOciOtEAAAAJ&citation_for_view=KOciOtEAAAAJ:UeHWp8X0CEIC",
      "authors": "M Qiu, W Gao, M Chen, JW Niu, L Zhang",
      "venue": "IEEE Transactions on Smart Grid 2 (4), 715-723, 2011",
      "year": 2011,
      "citations": 206
    },
    {
      "title": "Adaptive resource allocation for preemptable jobs in cloud systems",
      "url": "https://scholar.google.com/citations?view_op=view_citation&hl=en&user=KOciOtEAAAAJ&citation_for_view=KOciOtEAAAAJ:qjMakFHDy7sC",
      "authors": "J Li, M Qiu, JW Niu, Y Chen, Z Ming",
      "venue": "2010 10th International Conference on Intelligent Systems Design and …, 2010",
      "year": 2010,
      "citations": 183
    },
    {
      "title": "Opportunistic networks",
      "url": "https://scholar.google.com/citations?view_op=view_citation&hl=en&user=KOciOtEAAAAJ&citation_for_view=KOciOtEAAAAJ:u5HHmVD_uO8C",
      "authors": "YP Xiong, LM Sun, JW Niu, Y Liu",
      "venue": "Journal of Software 20 (1), 124-137, 2009",
      "year": 2009,
      "citations": 234
    },
    {
      "title": "ROWLBAC: representing role based access control in OWL",
      "url": "https://scholar.google.com/citations?view_op=view_citation&hl=en&user=KOciOtEAAAAJ&citation_for_view=KOciOtEAAAAJ:5qfkUJPXOUwC",
      "authors": "T Finin, A Joshi, L Kagal, J Niu, R Sandhu, W Winsborough, ...",
      "venue": "Proceedings of the 13th ACM symposium on Access control models and …, 2008",
      "year": 2008,
      "citations": 348
    }
  ],
  "co_authors": [
    {
      "name": "Xiong Li",
      "scholar_id": "oRaABLcAAAAJ",
      "url": "https://scholar.google.com/citations?user=oRaABLcAAAAJ"
    },
    {
      "name": "Lei Shu (舒磊)",
      "scholar_id": "QdXq7VsAAAAJ",
      "url": "https://scholar.google.com/citations?user=QdXq7VsAAAAJ"
    },
    {
      "name": "Meikang Qiu, ACM Distinguished Scie...",
      "scholar_id": "smMVdtwAAAAJ",
      "url": "https://scholar.google.com/citations?user=smMVdtwAAAAJ"
    },
    {
      "name": "Shaojie Tang",
      "scholar_id": "jnBRjhcAAAAJ",
      "url": "https://scholar.google.com/citations?user=jnBRjhcAAAAJ"
    },
    {
      "name": "Prof Shui Yu",
      "scholar_id": "_WbktxMAAAAJ",
      "url": "https://scholar.google.com/citations?user=_WbktxMAAAAJ"
    },
    {
      "name": "Long Cheng",
      "scholar_id": "GuaBhicAAAAJ",
      "url": "https://scholar.google.com/citations?user=GuaBhicAAAAJ"
    },
    {
      "name": "Chao Tong",
      "scholar_id": "A2bflx0AAAAJ",
      "url": "https://scholar.google.com/citations?user=A2bflx0AAAAJ"
    },
    {
      "name": "Qingfeng Li",
      "scholar_id": "ePDAxAkAAAAJ",
      "url": "https://scholar.google.com/citations?user=ePDAxAkAAAAJ"
    },
    {
      "name": "Yu (Jason) Gu",
      "scholar_id": "NDPGyw8AAAAJ",
      "url": "https://scholar.google.com/citations?user=NDPGyw8AAAAJ"
    },
    {
      "name": "Rocky Slavin",
      "scholar_id": "Y4c96KkAAAAJ",
      "url": "https://scholar.google.com/citations?user=Y4c96KkAAAAJ"
    },
    {
      "name": "Mohammed Atiquzzaman",
      "scholar_id": "CPqBDqUAAAAJ",
      "url": "https://scholar.google.com/citations?user=CPqBDqUAAAAJ"
    },
    {
      "name": "Mingliang Xu (徐明亮)",
      "scholar_id": "u-8x34cAAAAJ",
      "url": "https://scholar.google.com/citations?user=u-8x34cAAAAJ"
    },
    {
      "name": "Joel Rodrigues, AAIA & IEEE FELLOW...",
      "scholar_id": "97WutEsAAAAJ",
      "url": "https://scholar.google.com/citations?user=97WutEsAAAAJ"
    },
    {
      "name": "Saru Kumari Senior Member IEEE (Hi...",
      "scholar_id": "sOcovVIAAAAJ",
      "url": "https://scholar.google.com/citations?user=sOcovVIAAAAJ"
    },
    {
      "name": "Fei Gu",
      "scholar_id": "Qle8v_AAAAAJ",
      "url": "https://scholar.google.com/citations?user=Qle8v_AAAAAJ"
    },
    {
      "name": "Ram Krishnan",
      "scholar_id": "cHjkxfUAAAAJ",
      "url": "https://scholar.google.com/citations?user=cHjkxfUAAAAJ"
    },
    {
      "name": "Xiaoyin Wang",
      "scholar_id": "7pcpDQ8AAAAJ",
      "url": "https://scholar.google.com/citations?user=7pcpDQ8AAAAJ"
    },
    {
      "name": "Ravi Sandhu",
      "scholar_id": "wic7YpkAAAAJ",
      "url": "https://scholar.google.com/citations?user=wic7YpkAAAAJ"
    },
    {
      "name": "Mitra Bokaei Hosseini",
      "scholar_id": "yfVLJHYAAAAJ",
      "url": "https://scholar.google.com/citations?user=yfVLJHYAAAAJ"
    },
    {
      "name": "Sajal K. Das",
      "scholar_id": "mbaG-mQAAAAJ",
      "url": "https://scholar.google.com/citations?user=mbaG-mQAAAAJ"
    }
  ]
}