{
  "author_info": {
    "name": "Hongxia Yang",
    "affiliation": "Professor, HK Polytechnic University",
    "email_verified": "Verified email at polyu.edu.hk - Homepage",
    "website": "https://www4.comp.polyu.edu.hk/~hongxyang/",
    "interests": [
      "Machine Learning",
      "Generative AI",
      "Cognitive Intelligence",
      "Statistical Modeling"
    ],
    "photo_url": "https://scholar.googleusercontent.com/citations?view_op=view_photo&user=iJlC5mMAAAAJ&citpid=4"
  },
  "citation_stats": {
    "citations_all": 14891,
    "citations_since_2020": 14469,
    "h_index_all": 54,
    "h_index_since_2020": 52,
    "i10_index_all": 134,
    "i10_index_since_2020": 129,
    "citation_graph": [
      {
        "year": 2018,
        "citations": 69
      },
      {
        "year": 2019,
        "citations": 166
      },
      {
        "year": 2020,
        "citations": 466
      },
      {
        "year": 2021,
        "citations": 1124
      },
      {
        "year": 2022,
        "citations": 1891
      },
      {
        "year": 2023,
        "citations": 3126
      },
      {
        "year": 2024,
        "citations": 3950
      },
      {
        "year": 2025,
        "citations": 3867
      }
    ]
  },
  "papers": [
    {
      "title": "OFA: Unifying architectures, tasks, and modalities through a simple sequence-to-sequence learning framework",
      "url": "https://scholar.google.com/citations?view_op=view_citation&hl=en&user=iJlC5mMAAAAJ&citation_for_view=iJlC5mMAAAAJ:J-pR_7NvFogC",
      "authors": "P Wang, A Yang, R Men, J Lin, S Bai, Z Li, J Ma, C Zhou, J Zhou, H Yang",
      "venue": "ICML, 2022, 2022",
      "year": 2022,
      "citations": 1412
    },
    {
      "title": "Graphmae: Self-supervised masked graph autoencoders",
      "url": "https://scholar.google.com/citations?view_op=view_citation&hl=en&user=iJlC5mMAAAAJ&citation_for_view=iJlC5mMAAAAJ:PR6Y55bgFSsC",
      "authors": "Z Hou, X Liu, Y Cen, Y Dong, H Yang, C Wang, J Tang",
      "venue": "Proceedings of the 28th ACM SIGKDD conference on knowledge discovery and …, 2022",
      "year": 2022,
      "citations": 875
    },
    {
      "title": "M6-rec: Generative pretrained language models are open-ended recommender systems",
      "url": "https://scholar.google.com/citations?view_op=view_citation&hl=en&user=iJlC5mMAAAAJ&citation_for_view=iJlC5mMAAAAJ:AXPGKjj_ei8C",
      "authors": "Z Cui, J Ma, C Zhou, J Zhou, H Yang",
      "venue": "arXiv preprint arXiv:2205.08084, 2022",
      "year": 2022,
      "citations": 264
    },
    {
      "title": "Modality competition: What makes joint training of multi-modal network fail in deep learning?(provably)",
      "url": "https://scholar.google.com/citations?view_op=view_citation&hl=en&user=iJlC5mMAAAAJ&citation_for_view=iJlC5mMAAAAJ:HE397vMXCloC",
      "authors": "Y Huang, J Lin, C Zhou, H Yang, L Huang",
      "venue": "International conference on machine learning, 9226-9259, 2022",
      "year": 2022,
      "citations": 192
    },
    {
      "title": "Cogview: Mastering text-to-image generation via transformers",
      "url": "https://scholar.google.com/citations?view_op=view_citation&hl=en&user=iJlC5mMAAAAJ&citation_for_view=iJlC5mMAAAAJ:uWQEDVKXjbEC",
      "authors": "M Ding, Z Yang, W Hong, W Zheng, C Zhou, D Yin, J Lin, X Zou, Z Shao, ...",
      "venue": "Advances in neural information processing systems 34, 19822-19835, 2021",
      "year": 2021,
      "citations": 1037
    },
    {
      "title": "M6: A chinese multimodal pretrainer",
      "url": "https://scholar.google.com/citations?view_op=view_citation&hl=en&user=iJlC5mMAAAAJ&citation_for_view=iJlC5mMAAAAJ:f2IySw72cVMC",
      "authors": "J Lin, R Men, A Yang, C Zhou, M Ding, Y Zhang, P Wang, A Wang, ...",
      "venue": "KDD 2021, 2021",
      "year": 2021,
      "citations": 297
    },
    {
      "title": "Sparse-interest network for sequential recommendation",
      "url": "https://scholar.google.com/citations?view_op=view_citation&hl=en&user=iJlC5mMAAAAJ&citation_for_view=iJlC5mMAAAAJ:yD5IFk8b50cC",
      "authors": "Q Tan, J Zhang, J Yao, N Liu, J Zhou, H Yang, X Hu",
      "venue": "Proceedings of the 14th ACM international conference on web search and data …, 2021",
      "year": 2021,
      "citations": 194
    },
    {
      "title": "Edge-Cloud Polarization and Collaboration: A Comprehensive Survey",
      "url": "https://scholar.google.com/citations?view_op=view_citation&hl=en&user=iJlC5mMAAAAJ&citation_for_view=iJlC5mMAAAAJ:BrmTIyaxlBUC",
      "authors": "J Yao, S Zhang, Y Yao, F Wang, J Ma, J Zhang, Y Chu, L Ji, K Jia, T Shen, ...",
      "venue": "TKDE, 2022, 2021",
      "year": 2021,
      "citations": 182
    },
    {
      "title": "GCC: Graph contrastive coding for graph neural network pre-training",
      "url": "https://scholar.google.com/citations?view_op=view_citation&hl=en&user=iJlC5mMAAAAJ&citation_for_view=iJlC5mMAAAAJ:RGFaLdJalmkC",
      "authors": "J Qiu, Q Chen, Y Dong, J Zhang, H Yang, M Ding, K Wang, J Tang",
      "venue": "Proceedings of the 26th ACM SIGKDD International Conference on Knowledge …, 2020",
      "year": 2020,
      "citations": 1214
    },
    {
      "title": "Controllable Multi-Interest Framework for Recommendation",
      "url": "https://scholar.google.com/citations?view_op=view_citation&hl=en&user=iJlC5mMAAAAJ&citation_for_view=iJlC5mMAAAAJ:YFjsv_pBGBYC",
      "authors": "Y Cen, J Zhang, X Zou, C Zhou, H Yang, J Tang",
      "venue": "26th ACM SIGKDD Conference on Knowledge Discovery and Data Mining (KDD), 2020",
      "year": 2020,
      "citations": 395
    },
    {
      "title": "Disentangled self-supervision in sequential recommenders",
      "url": "https://scholar.google.com/citations?view_op=view_citation&hl=en&user=iJlC5mMAAAAJ&citation_for_view=iJlC5mMAAAAJ:RYcK_YlVTxYC",
      "authors": "J Ma, C Zhou, H Yang, P Cui, X Wang, W Zhu",
      "venue": "Proceedings of the 26th ACM SIGKDD international conference on knowledge …, 2020",
      "year": 2020,
      "citations": 281
    },
    {
      "title": "Understanding Negative Sampling in Graph Representation Learning",
      "url": "https://scholar.google.com/citations?view_op=view_citation&hl=en&user=iJlC5mMAAAAJ&citation_for_view=iJlC5mMAAAAJ:GnPB-g6toBAC",
      "authors": "Z Yang, M Ding, C Zhou, H Yang, J Zhou, J Tang",
      "venue": "26th ACM SIGKDD Conference on Knowledge Discovery and Data Mining (KDD), 2020",
      "year": 2020,
      "citations": 274
    },
    {
      "title": "Cogltx: Applying bert to long texts",
      "url": "https://scholar.google.com/citations?view_op=view_citation&hl=en&user=iJlC5mMAAAAJ&citation_for_view=iJlC5mMAAAAJ:zA6iFVUQeVQC",
      "authors": "M Ding, C Zhou, H Yang, J Tang",
      "venue": "Advances in Neural Information Processing Systems 33, 12792-12804, 2020",
      "year": 2020,
      "citations": 203
    },
    {
      "title": "Contrastive Learning for Debiased Candidate Generation in Large-Scale Recommender Systems",
      "url": "https://scholar.google.com/citations?view_op=view_citation&hl=en&user=iJlC5mMAAAAJ&citation_for_view=iJlC5mMAAAAJ:70eg2SAEIzsC",
      "authors": "C Zhou, J Ma, J Zhang, J Zhou, H Yang",
      "venue": "KDD 2021, 2020",
      "year": 2020,
      "citations": 185
    },
    {
      "title": "AliGraph: A comprehensive graph neural network platform",
      "url": "https://scholar.google.com/citations?view_op=view_citation&hl=en&user=iJlC5mMAAAAJ&citation_for_view=iJlC5mMAAAAJ:RHpTSmoSYBkC",
      "authors": "R Zhu, K Zhao, H Yang, W Lin, C Zhou, B Ai, Y Li, J Zhou",
      "venue": "45th International Conference on Very Large Data Bases (VLDB), 2019",
      "year": 2019,
      "citations": 569
    },
    {
      "title": "Representation learning for attributed multiplex heterogeneous network",
      "url": "https://scholar.google.com/citations?view_op=view_citation&hl=en&user=iJlC5mMAAAAJ&citation_for_view=iJlC5mMAAAAJ:IWHjjKOFINEC",
      "authors": "Y Cen, X Zou, J Zhang, H Yang, J Zhou, J Tang",
      "venue": "Proceedings of the 25th ACM SIGKDD international conference on knowledge …, 2019",
      "year": 2019,
      "citations": 557
    },
    {
      "title": "Learning disentangled representations for recommendation",
      "url": "https://scholar.google.com/citations?view_op=view_citation&hl=en&user=iJlC5mMAAAAJ&citation_for_view=iJlC5mMAAAAJ:4JMBOYKVnBMC",
      "authors": "J Ma, C Zhou, P Cui, H Yang, W Zhu",
      "venue": "Neural Information Processing Systems (NeurIPS), 2019., 2019",
      "year": 2019,
      "citations": 474
    },
    {
      "title": "Towards Knowledge-Based Recommender Dialog System",
      "url": "https://scholar.google.com/citations?view_op=view_citation&hl=en&user=iJlC5mMAAAAJ&citation_for_view=iJlC5mMAAAAJ:maZDTaKrznsC",
      "authors": "JT Qibin Chen, Junyang Lin, Yichang Zhang, Ming Ding, Yukuo Cen, Hongxia Yang",
      "venue": "Proceedings of the 2019 Conference on Empirical Methods in Natural Language …, 2019",
      "year": 2019,
      "citations": 352
    },
    {
      "title": "Cognitive graph for multi-hop reading comprehension at scale",
      "url": "https://scholar.google.com/citations?view_op=view_citation&hl=en&user=iJlC5mMAAAAJ&citation_for_view=iJlC5mMAAAAJ:qUcmZB5y_30C",
      "authors": "M Ding, C Zhou, Q Chen, H Yang, J Tang",
      "venue": "Proceedings of the 57th Annual Meeting of the Association for Computational …, 2019",
      "year": 2019,
      "citations": 317
    },
    {
      "title": "ANRL: attributed network representation learning via deep neural networks.",
      "url": "https://scholar.google.com/citations?view_op=view_citation&hl=en&user=iJlC5mMAAAAJ&citation_for_view=iJlC5mMAAAAJ:Zph67rFs4hoC",
      "authors": "Z Zhang, H Yang, J Bu, S Zhou, P Yu, J Zhang, M Ester, C Wang",
      "venue": "Ijcai 18, 3155-3161, 2018",
      "year": 2018,
      "citations": 282
    }
  ],
  "co_authors": [
    {
      "name": "Jingren Zhou",
      "scholar_id": "64zxhRUAAAAJ",
      "url": "https://scholar.google.com/citations?user=64zxhRUAAAAJ"
    },
    {
      "name": "Chang Zhou",
      "scholar_id": "QeSoG3sAAAAJ",
      "url": "https://scholar.google.com/citations?user=QeSoG3sAAAAJ"
    },
    {
      "name": "Fei Wu",
      "scholar_id": "XJLn4MYAAAAJ",
      "url": "https://scholar.google.com/citations?user=XJLn4MYAAAAJ"
    },
    {
      "name": "Junyang Lin",
      "scholar_id": "qp6IwtgAAAAJ",
      "url": "https://scholar.google.com/citations?user=qp6IwtgAAAAJ"
    },
    {
      "name": "Ming Ding",
      "scholar_id": "Va50YzkAAAAJ",
      "url": "https://scholar.google.com/citations?user=Va50YzkAAAAJ"
    },
    {
      "name": "Kun Kuang",
      "scholar_id": "FOsNiMQAAAAJ",
      "url": "https://scholar.google.com/citations?user=FOsNiMQAAAAJ"
    },
    {
      "name": "Tang Jie",
      "scholar_id": "n1zDCkQAAAAJ",
      "url": "https://scholar.google.com/citations?user=n1zDCkQAAAAJ"
    },
    {
      "name": "An Yang",
      "scholar_id": "vO9FZekAAAAJ",
      "url": "https://scholar.google.com/citations?user=vO9FZekAAAAJ"
    },
    {
      "name": "Jianbo Yuan",
      "scholar_id": "B1EhbCsAAAAJ",
      "url": "https://scholar.google.com/citations?user=B1EhbCsAAAAJ"
    },
    {
      "name": "Yukuo Cen",
      "scholar_id": "LCjW058AAAAJ",
      "url": "https://scholar.google.com/citations?user=LCjW058AAAAJ"
    },
    {
      "name": "Xiaotian Han",
      "scholar_id": "5fHHi24AAAAJ",
      "url": "https://scholar.google.com/citations?user=5fHHi24AAAAJ"
    },
    {
      "name": "Quanzeng You",
      "scholar_id": "c5KJsIgAAAAJ",
      "url": "https://scholar.google.com/citations?user=c5KJsIgAAAAJ"
    },
    {
      "name": "Jingrui He",
      "scholar_id": "hXpZynkAAAAJ",
      "url": "https://scholar.google.com/citations?user=hXpZynkAAAAJ"
    },
    {
      "name": "Yunzhe Tao",
      "scholar_id": "gldelC4AAAAJ",
      "url": "https://scholar.google.com/citations?user=gldelC4AAAAJ"
    },
    {
      "name": "Guoyin Wang",
      "scholar_id": "3apwLYIAAAAJ",
      "url": "https://scholar.google.com/citations?user=3apwLYIAAAAJ"
    },
    {
      "name": "Mingyuan Zhou",
      "scholar_id": "LXwCIisAAAAJ",
      "url": "https://scholar.google.com/citations?user=LXwCIisAAAAJ"
    },
    {
      "name": "David Dunson",
      "scholar_id": "KwEOawwAAAAJ",
      "url": "https://scholar.google.com/citations?user=KwEOawwAAAAJ"
    },
    {
      "name": "Peng Wang",
      "scholar_id": "7fjqA0YAAAAJ",
      "url": "https://scholar.google.com/citations?user=7fjqA0YAAAAJ"
    }
  ]
}