{
  "author_info": {
    "name": "Mitsuru Nakazawa",
    "affiliation": "Rakuten Institute of Technology, Rakuten Group, Inc.",
    "email_verified": "Verified email at rakuten.com - Homepage",
    "website": "https://sites.google.com/site/nakazawamitsuru/home",
    "interests": [
      "Computer Vision",
      "Pattern Reconginition"
    ],
    "photo_url": "https://scholar.googleusercontent.com/citations?view_op=view_photo&user=TLQD7yUAAAAJ&citpid=3"
  },
  "citation_stats": {
    "citations_all": 257,
    "citations_since_2020": 168,
    "h_index_all": 9,
    "h_index_since_2020": 7,
    "i10_index_all": 9,
    "i10_index_since_2020": 4,
    "citation_graph": [
      {
        "year": 2008,
        "citations": 2
      },
      {
        "year": 2009,
        "citations": 6
      },
      {
        "year": 2010,
        "citations": 10
      },
      {
        "year": 2011,
        "citations": 4
      },
      {
        "year": 2012,
        "citations": 8
      },
      {
        "year": 2013,
        "citations": 8
      },
      {
        "year": 2014,
        "citations": 5
      },
      {
        "year": 2015,
        "citations": 11
      },
      {
        "year": 2016,
        "citations": 11
      },
      {
        "year": 2017,
        "citations": 8
      },
      {
        "year": 2018,
        "citations": 15
      },
      {
        "year": 2019,
        "citations": 10
      },
      {
        "year": 2020,
        "citations": 11
      },
      {
        "year": 2021,
        "citations": 13
      },
      {
        "year": 2022,
        "citations": 31
      },
      {
        "year": 2023,
        "citations": 59
      },
      {
        "year": 2024,
        "citations": 43
      }
    ]
  },
  "papers": [
    {
      "title": "Flight route guidance system, flight route guidance device and flight route guidance method",
      "url": "https://scholar.google.com/citations?view_op=view_citation&hl=en&user=TLQD7yUAAAAJ&citation_for_view=TLQD7yUAAAAJ:HDshCWvjkbEC",
      "authors": "M Nakazawa, H IWASE",
      "venue": "US Patent 12,230,144, 2025",
      "year": 2025,
      "citations": 2
    },
    {
      "title": "Information processing system, information processing device, and information processing method",
      "url": "https://scholar.google.com/citations?view_op=view_citation&hl=en&user=TLQD7yUAAAAJ&citation_for_view=TLQD7yUAAAAJ:7PzlFSSx8tAC",
      "authors": "M Nakazawa, J Takizawa",
      "venue": "US Patent 12,116,126, 2024",
      "year": 2024,
      "citations": 3
    },
    {
      "title": "Information processing system, information processing method, and information storage medium",
      "url": "https://scholar.google.com/citations?view_op=view_citation&hl=en&user=TLQD7yUAAAAJ&citation_for_view=TLQD7yUAAAAJ:ZeXyd9-uunAC",
      "authors": "M Nakazawa, T TOMOOKA",
      "venue": "US Patent 12,046,065, 2024",
      "year": 2024,
      "citations": 2
    },
    {
      "title": "Pct-net: Full resolution image harmonization using pixel-wise color transformations",
      "url": "https://scholar.google.com/citations?view_op=view_citation&hl=en&user=TLQD7yUAAAAJ&citation_for_view=TLQD7yUAAAAJ:bEWYMUwI8FkC",
      "authors": "JJA Guerreiro, M Nakazawa, B Stenger",
      "venue": "Proceedings of the IEEE/CVF Conference on Computer Vision and Pattern …, 2023",
      "year": 2023,
      "citations": 55
    },
    {
      "title": "Parsing line chart images using linear programming",
      "url": "https://scholar.google.com/citations?view_op=view_citation&hl=en&user=TLQD7yUAAAAJ&citation_for_view=TLQD7yUAAAAJ:4DMP91E08xMC",
      "authors": "H Kato, M Nakazawa, HK Yang, M Chen, B Stenger",
      "venue": "Proceedings of the IEEE/CVF Winter Conference on Applications of Computer …, 2022",
      "year": 2022,
      "citations": 20
    },
    {
      "title": "Action spotting in soccer videos using multiple scene encoders",
      "url": "https://scholar.google.com/citations?view_op=view_citation&hl=en&user=TLQD7yUAAAAJ&citation_for_view=TLQD7yUAAAAJ:RHpTSmoSYBkC",
      "authors": "Y Shi, H Minoura, T Yamashita, T Hirakawa, H Fujiyoshi, M Nakazawa, ...",
      "venue": "2022 26th International Conference on Pattern Recognition (ICPR), 3183-3189, 2022",
      "year": 2022,
      "citations": 6
    },
    {
      "title": "Action spotting and temporal attention analysis in soccer videos",
      "url": "https://scholar.google.com/citations?view_op=view_citation&hl=en&user=TLQD7yUAAAAJ&citation_for_view=TLQD7yUAAAAJ:aqlVkmm33-oC",
      "authors": "H Minoura, T Hirakawa, T Yamashita, H Fujiyoshi, M Nakazawa, Y Chae, ...",
      "venue": "2021 17th international conference on machine vision and applications (MVA), 1-6, 2021",
      "year": 2021,
      "citations": 10
    },
    {
      "title": "Content filtering in streaming video using domain adaptation",
      "url": "https://scholar.google.com/citations?view_op=view_citation&hl=en&user=TLQD7yUAAAAJ&citation_for_view=TLQD7yUAAAAJ:qxL8FJ1GzNcC",
      "authors": "U Shah, M Aqmar, M Nakazawa, B Stenger",
      "venue": "2021 17th International Conference on Machine Vision and Applications (MVA), 1-6, 2021",
      "year": 2021,
      "citations": 3
    },
    {
      "title": "Information processing system, information processing method, and program",
      "url": "https://scholar.google.com/citations?view_op=view_citation&hl=en&user=TLQD7yUAAAAJ&citation_for_view=TLQD7yUAAAAJ:qUcmZB5y_30C",
      "authors": "M Nakazawa, H IWASE",
      "venue": "US Patent App. 16/763,436, 2021",
      "year": 2021,
      "citations": 3
    },
    {
      "title": "Cooking video summarization guided by matching with step-by-step recipe photos",
      "url": "https://scholar.google.com/citations?view_op=view_citation&hl=en&user=TLQD7yUAAAAJ&citation_for_view=TLQD7yUAAAAJ:MXK_kJrjxJIC",
      "authors": "R Sobue, M Nakazawa, Y Chae, B Stenger, T Yamashita, H Fujiyoshi",
      "venue": "2019 16th International Conference on Machine Vision Applications (MVA), 1-6, 2019",
      "year": 2019,
      "citations": 4
    },
    {
      "title": "Enhancing product images for click-through rate improvement",
      "url": "https://scholar.google.com/citations?view_op=view_citation&hl=en&user=TLQD7yUAAAAJ&citation_for_view=TLQD7yUAAAAJ:YOwf2qJgpHMC",
      "authors": "Y Chae, M Nakazawa, B Stenger",
      "venue": "2018 25th IEEE International Conference on Image Processing (ICIP), 1428-1432, 2018",
      "year": 2018,
      "citations": 13
    },
    {
      "title": "Dual-task performing ability evaluation method and dual-task performing ability evaluation system",
      "url": "https://scholar.google.com/citations?view_op=view_citation&hl=en&user=TLQD7yUAAAAJ&citation_for_view=TLQD7yUAAAAJ:8k81kl-MbHgC",
      "authors": "Y Yagi, I MITSUGAMI, H Yamazoe, M Nakazawa, M NIWA",
      "venue": "US Patent App. 15/558,607, 2018",
      "year": 2018,
      "citations": 8
    },
    {
      "title": "MR-Shoppingu: Physical interaction with augmented retail products using continuous context awareness",
      "url": "https://scholar.google.com/citations?view_op=view_citation&hl=en&user=TLQD7yUAAAAJ&citation_for_view=TLQD7yUAAAAJ:KlAtU1dfN6UC",
      "authors": "K Cheng, M Nakazawa, S Masuko",
      "venue": "International Conference on Entertainment Computing, 452-455, 2017",
      "year": 2017,
      "citations": 11
    },
    {
      "title": "Calibration of multiple kinects with little overlap regions",
      "url": "https://scholar.google.com/citations?view_op=view_citation&hl=en&user=TLQD7yUAAAAJ&citation_for_view=TLQD7yUAAAAJ:hqOjcs7Dif8C",
      "authors": "M Nakazawa, I Mitsugami, H Habe, H Yamazoe, Y Yagi",
      "venue": "IEEJ Transactions on Electrical and Electronic Engineering 10, S108-S115, 2015",
      "year": 2015,
      "citations": 11
    },
    {
      "title": "Head orientation estimation using gait observation",
      "url": "https://scholar.google.com/citations?view_op=view_citation&hl=en&user=TLQD7yUAAAAJ&citation_for_view=TLQD7yUAAAAJ:UebtZRa9Y70C",
      "authors": "M Nakazawa, I Mitsugami, H Yamazoe, Y Yagi",
      "venue": "Information and Media Technologies 9 (3), 356-360, 2014",
      "year": 2014,
      "citations": 6
    },
    {
      "title": "Dynamic scene reconstruction using asynchronous multiple kinects",
      "url": "https://scholar.google.com/citations?view_op=view_citation&hl=en&user=TLQD7yUAAAAJ&citation_for_view=TLQD7yUAAAAJ:LkGwnXOMwfcC",
      "authors": "M Nakazawa, I Mitsugami, Y Makihara, H Nakajima, H Habe, H Yamazoe, ...",
      "venue": "Proceedings of the 21st International Conference on Pattern Recognition …, 2012",
      "year": 2012,
      "citations": 20
    },
    {
      "title": "Point cloud transport",
      "url": "https://scholar.google.com/citations?view_op=view_citation&hl=en&user=TLQD7yUAAAAJ&citation_for_view=TLQD7yUAAAAJ:_kc_bZDykSQC",
      "authors": "H Nakajima, Y Makihara, H Hsu, I Mitsugami, M Nakazawa, H Yamazoe, ...",
      "venue": "Proceedings of the 21st International Conference on Pattern Recognition …, 2012",
      "year": 2012,
      "citations": 8
    },
    {
      "title": "Four-dimensional annihilation behaviors of micro pores during surface cold working",
      "url": "https://scholar.google.com/citations?view_op=view_citation&hl=en&user=TLQD7yUAAAAJ&citation_for_view=TLQD7yUAAAAJ:u5HHmVD_uO8C",
      "authors": "H Toda, T Yamaguchi, M Nakazawa, Y Aoki, K Uesugi, Y Suzuki, ...",
      "venue": "Materials transactions 51 (7), 1288-1295, 2010",
      "year": 2010,
      "citations": 39
    },
    {
      "title": "Proposal of a method to analyze 3D deformation/fracture characteristics inside materials based on a stratified matching approach",
      "url": "https://scholar.google.com/citations?view_op=view_citation&hl=en&user=TLQD7yUAAAAJ&citation_for_view=TLQD7yUAAAAJ:u-x6o8ySG0sC",
      "authors": "M Nakazawa, M Kobayashi, H Toda, Y Aoki",
      "venue": "Machine Vision and Applications 21 (5), 687-694, 2010",
      "year": 2010,
      "citations": 10
    },
    {
      "title": "Highly accurate geometric correction for NOAA AVHRR data considering the feature of elevation and the feature of coastline",
      "url": "https://scholar.google.com/citations?view_op=view_citation&hl=en&user=TLQD7yUAAAAJ&citation_for_view=TLQD7yUAAAAJ:d1gkVwhDpl0C",
      "authors": "AN Van, M Nakazawa, Y Aoki",
      "venue": "IGARSS 2008-2008 IEEE International Geoscience and Remote Sensing Symposium …, 2008",
      "year": 2008,
      "citations": 6
    }
  ],
  "co_authors": []
}