{
  "author_info": {
    "name": "李云松",
    "affiliation": "西安电子科技大学",
    "email_verified": "Verified email at mail.xidian.edu.cn - Homepage",
    "website": "https://www.xidian.edu.cn/info/1020/32072.htm",
    "interests": [
      "Remote Sensing",
      "Image Processing",
      "Image Compression"
    ],
    "photo_url": "https://scholar.googleusercontent.com/citations?view_op=view_photo&user=aY_2RzkAAAAJ&citpid=1"
  },
  "citation_stats": {
    "citations_all": 12829,
    "citations_since_2020": 11436,
    "h_index_all": 59,
    "h_index_since_2020": 57,
    "i10_index_all": 256,
    "i10_index_since_2020": 237,
    "citation_graph": [
      {
        "year": 2010,
        "citations": 37
      },
      {
        "year": 2011,
        "citations": 33
      },
      {
        "year": 2012,
        "citations": 39
      },
      {
        "year": 2013,
        "citations": 54
      },
      {
        "year": 2014,
        "citations": 44
      },
      {
        "year": 2015,
        "citations": 63
      },
      {
        "year": 2016,
        "citations": 72
      },
      {
        "year": 2017,
        "citations": 128
      },
      {
        "year": 2018,
        "citations": 285
      },
      {
        "year": 2019,
        "citations": 451
      },
      {
        "year": 2020,
        "citations": 627
      },
      {
        "year": 2021,
        "citations": 1030
      },
      {
        "year": 2022,
        "citations": 1436
      },
      {
        "year": 2023,
        "citations": 1882
      },
      {
        "year": 2024,
        "citations": 2910
      },
      {
        "year": 2025,
        "citations": 3495
      }
    ]
  },
  "papers": [
    {
      "title": "IRPruneDet: efficient infrared small target detection via wavelet structure-regularized soft channel pruning",
      "url": "https://scholar.google.com/citations?view_op=view_citation&hl=en&user=aY_2RzkAAAAJ&citation_for_view=aY_2RzkAAAAJ:edDO8Oi4QzsC",
      "authors": "M Zhang, H Yang, J Guo, Y Li, X Gao, J Zhang",
      "venue": "Proceedings of the AAAI conference on artificial intelligence 38 (7), 7224-7232, 2024",
      "year": 2024,
      "citations": 97
    },
    {
      "title": "SuperYOLO: Super resolution assisted object detection in multimodal remote sensing imagery",
      "url": "https://scholar.google.com/citations?view_op=view_citation&hl=en&user=aY_2RzkAAAAJ&citation_for_view=aY_2RzkAAAAJ:0izLItjtcgwC",
      "authors": "J Zhang, J Lei, W Xie, Z Fang, Y Li, Q Du",
      "venue": "IEEE Transactions on Geoscience and Remote Sensing 61, 1-15, 2023",
      "year": 2023,
      "citations": 444
    },
    {
      "title": "Contrastive semi-supervised learning for underwater image restoration via reliable bank",
      "url": "https://scholar.google.com/citations?view_op=view_citation&hl=en&user=aY_2RzkAAAAJ&citation_for_view=aY_2RzkAAAAJ:uJ-U7cs_P_0C",
      "authors": "S Huang, K Wang, H Liu, J Chen, Y Li",
      "venue": "Proceedings of the IEEE/CVF conference on computer vision and pattern …, 2023",
      "year": 2023,
      "citations": 255
    },
    {
      "title": "Few-shot learning with class-covariance metric for hyperspectral image classification",
      "url": "https://scholar.google.com/citations?view_op=view_citation&hl=en&user=aY_2RzkAAAAJ&citation_for_view=aY_2RzkAAAAJ:gVv57TyPmFsC",
      "authors": "B Xi, J Li, Y Li, R Song, D Hong, J Chanussot",
      "venue": "IEEE Transactions on Image Processing 31, 5079-5092, 2022",
      "year": 2022,
      "citations": 152
    },
    {
      "title": "Exploring feature compensation and cross-level correlation for infrared small target detection",
      "url": "https://scholar.google.com/citations?view_op=view_citation&hl=en&user=aY_2RzkAAAAJ&citation_for_view=aY_2RzkAAAAJ:M7yex6snE4oC",
      "authors": "M Zhang, K Yue, J Zhang, Y Li, X Gao",
      "venue": "Proceedings of the 30th ACM International Conference on Multimedia, 1857-1865, 2022",
      "year": 2022,
      "citations": 96
    },
    {
      "title": "Discriminative reconstruction constrained generative adversarial network for hyperspectral anomaly detection",
      "url": "https://scholar.google.com/citations?view_op=view_citation&hl=en&user=aY_2RzkAAAAJ&citation_for_view=aY_2RzkAAAAJ:uWQEDVKXjbEC",
      "authors": "T Jiang, Y Li, W Xie, Q Du",
      "venue": "IEEE Transactions on Geoscience and Remote Sensing 58 (7), 4666-4679, 2020",
      "year": 2020,
      "citations": 216
    },
    {
      "title": "Adaptive weighted attention network with camera spectral sensitivity prior for spectral reconstruction from RGB images",
      "url": "https://scholar.google.com/citations?view_op=view_citation&hl=en&user=aY_2RzkAAAAJ&citation_for_view=aY_2RzkAAAAJ:r_AWSJRzSzQC",
      "authors": "J Li, C Wu, R Song, Y Li, F Liu",
      "venue": "Proceedings of the IEEE/CVF Conference on Computer Vision and Pattern …, 2020",
      "year": 2020,
      "citations": 214
    },
    {
      "title": "Hyperspectral pansharpening using deep prior and dual attention residual network",
      "url": "https://scholar.google.com/citations?view_op=view_citation&hl=en&user=aY_2RzkAAAAJ&citation_for_view=aY_2RzkAAAAJ:L7CI7m0gUJcC",
      "authors": "Y Zheng, J Li, Y Li, J Guo, X Wu, J Chanussot",
      "venue": "IEEE transactions on geoscience and remote sensing 58 (11), 8059-8076, 2020",
      "year": 2020,
      "citations": 162
    },
    {
      "title": "Autoencoder and adversarial-learning-based semisupervised background estimation for hyperspectral anomaly detection",
      "url": "https://scholar.google.com/citations?view_op=view_citation&hl=en&user=aY_2RzkAAAAJ&citation_for_view=aY_2RzkAAAAJ:PVgj2kMGcgYC",
      "authors": "W Xie, B Liu, Y Li, J Lei, Q Du",
      "venue": "IEEE Transactions on Geoscience and Remote Sensing 58 (8), 5416-5427, 2020",
      "year": 2020,
      "citations": 107
    },
    {
      "title": "Hyperspectral image super-resolution by band attention through adversarial learning",
      "url": "https://scholar.google.com/citations?view_op=view_citation&hl=en&user=aY_2RzkAAAAJ&citation_for_view=aY_2RzkAAAAJ:PoWvk5oyLR8C",
      "authors": "J Li, R Cui, B Li, R Song, Y Li, Y Dai, Q Du",
      "venue": "IEEE Transactions on Geoscience and Remote Sensing 58 (6), 4304-4318, 2020",
      "year": 2020,
      "citations": 101
    },
    {
      "title": "Semisupervised spectral learning with generative adversarial network for hyperspectral anomaly detection",
      "url": "https://scholar.google.com/citations?view_op=view_citation&hl=en&user=aY_2RzkAAAAJ&citation_for_view=aY_2RzkAAAAJ:eflP2zaiRacC",
      "authors": "K Jiang, W Xie, Y Li, J Lei, G He, Q Du",
      "venue": "IEEE Transactions on Geoscience and Remote Sensing 58 (7), 5224-5236, 2020",
      "year": 2020,
      "citations": 99
    },
    {
      "title": "Spectral constraint adversarial autoencoders approach to feature representation in hyperspectral anomaly detection",
      "url": "https://scholar.google.com/citations?view_op=view_citation&hl=en&user=aY_2RzkAAAAJ&citation_for_view=aY_2RzkAAAAJ:5qfkUJPXOUwC",
      "authors": "W Xie, J Lei, B Liu, Y Li, X Jia",
      "venue": "Neural Networks 119, 222-234, 2019",
      "year": 2019,
      "citations": 127
    },
    {
      "title": "Structure tensor and guided filtering-based algorithm for hyperspectral anomaly detection",
      "url": "https://scholar.google.com/citations?view_op=view_citation&hl=en&user=aY_2RzkAAAAJ&citation_for_view=aY_2RzkAAAAJ:CaZNVDsoPx4C",
      "authors": "W Xie, T Jiang, Y Li, X Jia, J Lei",
      "venue": "IEEE Transactions on Geoscience and Remote Sensing 57 (7), 4218-4230, 2019",
      "year": 2019,
      "citations": 119
    },
    {
      "title": "Hyperspectral pansharpening with deep priors",
      "url": "https://scholar.google.com/citations?view_op=view_citation&hl=en&user=aY_2RzkAAAAJ&citation_for_view=aY_2RzkAAAAJ:ILKRHgRFtOwC",
      "authors": "W Xie, J Lei, Y Cui, Y Li, Q Du",
      "venue": "IEEE transactions on neural networks and learning systems 31 (5), 1529-1543, 2019",
      "year": 2019,
      "citations": 111
    },
    {
      "title": "Classification of hyperspectral imagery using a new fully convolutional neural network",
      "url": "https://scholar.google.com/citations?view_op=view_citation&hl=en&user=aY_2RzkAAAAJ&citation_for_view=aY_2RzkAAAAJ:nVrZBo8bIpAC",
      "authors": "J Li, X Zhao, Y Li, Q Du, B Xi, J Hu",
      "venue": "IEEE Geoscience and Remote Sensing Letters 15 (2), 292-296, 2018",
      "year": 2018,
      "citations": 190
    },
    {
      "title": "Hyperspectral classification based on texture feature enhancement and deep belief networks",
      "url": "https://scholar.google.com/citations?view_op=view_citation&hl=en&user=aY_2RzkAAAAJ&citation_for_view=aY_2RzkAAAAJ:mlAyqtXpCwEC",
      "authors": "J Li, B Xi, Y Li, Q Du, K Wang",
      "venue": "Remote Sensing 10 (3), 396, 2018",
      "year": 2018,
      "citations": 114
    },
    {
      "title": "Hyperspectral image reconstruction by deep convolutional neural network for classification",
      "url": "https://scholar.google.com/citations?view_op=view_citation&hl=en&user=aY_2RzkAAAAJ&citation_for_view=aY_2RzkAAAAJ:LPZeul_q3PIC",
      "authors": "Y Li, W Xie, H Li",
      "venue": "Pattern Recognition 63, 371-383, 2017",
      "year": 2017,
      "citations": 272
    },
    {
      "title": "Hyperspectral image super-resolution using deep convolutional neural network",
      "url": "https://scholar.google.com/citations?view_op=view_citation&hl=en&user=aY_2RzkAAAAJ&citation_for_view=aY_2RzkAAAAJ:HtS1dXgVpQUC",
      "authors": "Y Li, J Hu, X Zhao, W Xie, JJ Li",
      "venue": "Neurocomputing 266, 29-41, 2017",
      "year": 2017,
      "citations": 218
    },
    {
      "title": "Robust interpolation of correspondences for large displacement optical flow",
      "url": "https://scholar.google.com/citations?view_op=view_citation&hl=en&user=aY_2RzkAAAAJ&citation_for_view=aY_2RzkAAAAJ:QYdC8u9Cj1oC",
      "authors": "Y Hu, Y Li, R Song",
      "venue": "Proceedings of the IEEE conference on computer vision and pattern …, 2017",
      "year": 2017,
      "citations": 97
    },
    {
      "title": "Efficient coarse-to-fine patchmatch for large displacement optical flow",
      "url": "https://scholar.google.com/citations?view_op=view_citation&hl=en&user=aY_2RzkAAAAJ&citation_for_view=aY_2RzkAAAAJ:kz9GbA2Ns4gC",
      "authors": "Y Hu, R Song, Y Li",
      "venue": "Proceedings of the IEEE Conference on Computer Vision and Pattern …, 2016",
      "year": 2016,
      "citations": 271
    }
  ],
  "co_authors": []
}