{
  "author_info": {
    "name": "Zixuan Liu",
    "affiliation": "University of Washington",
    "email_verified": "Verified email at uw.edu",
    "interests": [
      "Machine Learning"
    ],
    "photo_url": "/citations/images/avatar_scholar_128.png"
  },
  "citation_stats": {
    "citations_all": 813,
    "citations_since_2020": 812,
    "h_index_all": 12,
    "h_index_since_2020": 12,
    "i10_index_all": 15,
    "i10_index_since_2020": 15,
    "citation_graph": [
      {
        "year": 2020,
        "citations": 13
      },
      {
        "year": 2021,
        "citations": 29
      },
      {
        "year": 2022,
        "citations": 71
      },
      {
        "year": 2023,
        "citations": 125
      },
      {
        "year": 2024,
        "citations": 291
      },
      {
        "year": 2025,
        "citations": 280
      }
    ]
  },
  "papers": [
    {
      "title": "Pisces: A multi-modal data augmentation approach for drug combination synergy prediction",
      "url": "https://scholar.google.com/citations?view_op=view_citation&hl=en&user=yjKOHbEAAAAJ&citation_for_view=yjKOHbEAAAAJ:hqOjcs7Dif8C",
      "authors": "H Xu, J Lin, A Woicik, Z Liu, J Ma, S Zhang, H Poon, L Wang, S Wang",
      "venue": "Cell Genomics 5 (7), 2025",
      "year": 2025,
      "citations": 7
    },
    {
      "title": "Poisoning medical knowledge using large language models",
      "url": "https://scholar.google.com/citations?view_op=view_citation&hl=en&user=yjKOHbEAAAAJ&citation_for_view=yjKOHbEAAAAJ:UebtZRa9Y70C",
      "authors": "J Yang, H Xu, S Mirzoyan, T Chen, Z Liu, Z Liu, W Ju, L Liu, Z Xiao, ...",
      "venue": "Nature Machine Intelligence 6 (10), 1156-1168, 2024",
      "year": 2024,
      "citations": 53
    },
    {
      "title": "OCTCube: a 3D foundation model for optical coherence tomography that improves cross-dataset, cross-disease, cross-device and cross-modality analysis",
      "url": "https://scholar.google.com/citations?view_op=view_citation&hl=en&user=yjKOHbEAAAAJ&citation_for_view=yjKOHbEAAAAJ:_FxGoFyzp5QC",
      "authors": "Z Liu, H Xu, A Woicik, LG Shapiro, M Blazes, Y Wu, CS Lee, AY Lee, ...",
      "venue": "arXiv e-prints, arXiv: 2408.11227, 2024",
      "year": 2024,
      "citations": 10
    },
    {
      "title": "Enhancing Hi-C contact matrices for loop detection with Capricorn: a multiview diffusion model",
      "url": "https://scholar.google.com/citations?view_op=view_citation&hl=en&user=yjKOHbEAAAAJ&citation_for_view=yjKOHbEAAAAJ:roLk4NBRz8UC",
      "authors": "T Fang, Y Liu, A Woicik, M Lu, A Jha, X Wang, G Li, B Hristov, Z Liu, H Xu, ...",
      "venue": "Bioinformatics 40 (Supplement_1), i471-i480, 2024",
      "year": 2024,
      "citations": 5
    },
    {
      "title": "Robust Guided Diffusion for Offline Black-Box Optimization",
      "url": "https://scholar.google.com/citations?view_op=view_citation&hl=en&user=yjKOHbEAAAAJ&citation_for_view=yjKOHbEAAAAJ:Se3iqnhoufwC",
      "authors": "CS Chen, C Beckham, Z Liu, X Liu, C Pal",
      "venue": "arXiv preprint arXiv:2410.00983, 2024",
      "year": 2024,
      "citations": 1
    },
    {
      "title": "Shuzheng Si, Xiaojian Ma, Kaikai An, Liang Chen, Zixuan Liu, Sheng Wang, Wenjuan Han, and Baobao Chang. Mmicl: Empowering vision-language model with multi-modal in-context learning",
      "url": "https://scholar.google.com/citations?view_op=view_citation&hl=en&user=yjKOHbEAAAAJ&citation_for_view=yjKOHbEAAAAJ:WF5omc3nYNoC",
      "authors": "H Zhao, Z Cai",
      "venue": "arXiv preprint arXiv:2309.07915 3, 2023",
      "year": 2023,
      "citations": 145
    },
    {
      "title": "Mmicl: Empowering vision-language model with multi-modal in-context learning",
      "url": "https://scholar.google.com/citations?view_op=view_citation&hl=en&user=yjKOHbEAAAAJ&citation_for_view=yjKOHbEAAAAJ:Tyk-4Ss8FVUC",
      "authors": "H Zhao, Z Cai, S Si, X Ma, K An, L Chen, Z Liu, S Wang, W Han, B Chang",
      "venue": "arXiv preprint arXiv:2309.07915, 2023",
      "year": 2023,
      "citations": 83
    },
    {
      "title": "Importance-aware co-teaching for offline model-based optimization",
      "url": "https://scholar.google.com/citations?view_op=view_citation&hl=en&user=yjKOHbEAAAAJ&citation_for_view=yjKOHbEAAAAJ:Y0pCki6q_DkC",
      "authors": "Y Yuan, CS Chen, Z Liu, W Neiswanger, XS Liu",
      "venue": "Advances in Neural Information Processing Systems 36, 55718-55733, 2023",
      "year": 2023,
      "citations": 26
    },
    {
      "title": "Parallel-mentoring for offline model-based optimization",
      "url": "https://scholar.google.com/citations?view_op=view_citation&hl=en&user=yjKOHbEAAAAJ&citation_for_view=yjKOHbEAAAAJ:W7OEmFMy1HYC",
      "authors": "CS Chen, C Beckham, Z Liu, XS Liu, C Pal",
      "venue": "Advances in Neural Information Processing Systems 36, 76619-76636, 2023",
      "year": 2023,
      "citations": 19
    },
    {
      "title": "Poisoning scientific knowledge using large language models",
      "url": "https://scholar.google.com/citations?view_op=view_citation&hl=en&user=yjKOHbEAAAAJ&citation_for_view=yjKOHbEAAAAJ:LkGwnXOMwfcC",
      "authors": "J Yang, H Xu, S Mirzoyan, T Chen, Z Liu, W Ju, L Liu, M Zhang, S Wang",
      "venue": "bioRxiv, 2023.11. 06.565928, 2023",
      "year": 2023,
      "citations": 16
    },
    {
      "title": "ChiMera: Learning with noisy labels by contrasting mixed-up augmentations",
      "url": "https://scholar.google.com/citations?view_op=view_citation&hl=en&user=yjKOHbEAAAAJ&citation_for_view=yjKOHbEAAAAJ:eQOLeE2rZwMC",
      "authors": "Z Liu, X Zhang, J He, D Fu, D Samaras, R Tan, X Wang, S Wang",
      "venue": "arXiv preprint arXiv:2310.05183, 2023",
      "year": 2023,
      "citations": 3
    },
    {
      "title": "Gradient-based bi-level optimization for deep learning: A survey",
      "url": "https://scholar.google.com/citations?view_op=view_citation&hl=en&user=yjKOHbEAAAAJ&citation_for_view=yjKOHbEAAAAJ:zYLM7Y9cAGgC",
      "authors": "C Chen, X Chen, C Ma, Z Liu, X Liu",
      "venue": "arXiv preprint arXiv:2207.11719, 2022",
      "year": 2022,
      "citations": 60
    },
    {
      "title": "Brain-aware replacements for supervised contrastive learning in detection of Alzheimer’s disease",
      "url": "https://scholar.google.com/citations?view_op=view_citation&hl=en&user=yjKOHbEAAAAJ&citation_for_view=yjKOHbEAAAAJ:IjCSPb-OGe4C",
      "authors": "MS Seyfioğlu, Z Liu, P Kamath, S Gangolli, S Wang, T Grabowski, ...",
      "venue": "International Conference on Medical Image Computing and Computer-Assisted …, 2022",
      "year": 2022,
      "citations": 19
    },
    {
      "title": "Textomics: A dataset for genomics data summary generation",
      "url": "https://scholar.google.com/citations?view_op=view_citation&hl=en&user=yjKOHbEAAAAJ&citation_for_view=yjKOHbEAAAAJ:UeHWp8X0CEIC",
      "authors": "MC Wang, Z Liu, S Wang",
      "venue": "Proceedings of the 60th Annual Meeting of the Association for Computational …, 2022",
      "year": 2022,
      "citations": 12
    },
    {
      "title": "Pisces: A cross-modal contrastive learning approach to synergistic drug combination prediction",
      "url": "https://scholar.google.com/citations?view_op=view_citation&hl=en&user=yjKOHbEAAAAJ&citation_for_view=yjKOHbEAAAAJ:YsMSGLbcyi4C",
      "authors": "J Lin, H Xu, A Woicik, J Ma, S Wang",
      "venue": "bioRxiv, 2022.11. 21.517439, 2022",
      "year": 2022,
      "citations": 5
    },
    {
      "title": "Longitudinal self-supervised learning",
      "url": "https://scholar.google.com/citations?view_op=view_citation&hl=en&user=yjKOHbEAAAAJ&citation_for_view=yjKOHbEAAAAJ:u5HHmVD_uO8C",
      "authors": "Q Zhao, Z Liu, E Adeli, KM Pohl",
      "venue": "Medical image analysis 71, 102051, 2021",
      "year": 2021,
      "citations": 93
    },
    {
      "title": "GraghVQA: Language-guided graph neural networks for graph-based visual question answering",
      "url": "https://scholar.google.com/citations?view_op=view_citation&hl=en&user=yjKOHbEAAAAJ&citation_for_view=yjKOHbEAAAAJ:qjMakFHDy7sC",
      "authors": "W Liang, Y Jiang, Z Liu",
      "venue": "arXiv preprint arXiv:2104.10283, 2021",
      "year": 2021,
      "citations": 59
    },
    {
      "title": "Going beyond saliency maps: Training deep models to interpret deep models",
      "url": "https://scholar.google.com/citations?view_op=view_citation&hl=en&user=yjKOHbEAAAAJ&citation_for_view=yjKOHbEAAAAJ:d1gkVwhDpl0C",
      "authors": "Z Liu, E Adeli, KM Pohl, Q Zhao",
      "venue": "International Conference on Information Processing in Medical Imaging, 71-82, 2021",
      "year": 2021,
      "citations": 11
    },
    {
      "title": "Learning from electronic health records across multiple sites: A communication-efficient and privacy-preserving distributed algorithm",
      "url": "https://scholar.google.com/citations?view_op=view_citation&hl=en&user=yjKOHbEAAAAJ&citation_for_view=yjKOHbEAAAAJ:2osOgNQ5qMEC",
      "authors": "R Duan, MR Boland, Z Liu, Y Liu, HH Chang, H Xu, H Chu, CH Schmid, ...",
      "venue": "Journal of the American Medical Informatics Association 27 (3), 376-385, 2020",
      "year": 2020,
      "citations": 125
    },
    {
      "title": "Dawson: A domain adaptive few shot generation framework",
      "url": "https://scholar.google.com/citations?view_op=view_citation&hl=en&user=yjKOHbEAAAAJ&citation_for_view=yjKOHbEAAAAJ:9yKSN-GCB0IC",
      "authors": "W Liang, Z Liu, C Liu",
      "venue": "arXiv preprint arXiv:2001.00576, 2020",
      "year": 2020,
      "citations": 60
    }
  ],
  "co_authors": []
}