{
  "author_info": {
    "name": "Hila Manor",
    "affiliation": "PhD candidate, Electrical and Computer Engineering, Technion",
    "email_verified": "Verified email at campus.technion.ac.il - Homepage",
    "website": "https://hilamanor.github.io/",
    "interests": [
      "Computer Vision",
      "Machine Learning",
      "Generative models",
      "Signal Processing"
    ],
    "photo_url": "https://scholar.googleusercontent.com/citations?view_op=view_photo&user=Pz32vm4AAAAJ&citpid=1"
  },
  "citation_stats": {
    "citations_all": 91,
    "citations_since_2020": 91,
    "h_index_all": 4,
    "h_index_since_2020": 4,
    "i10_index_all": 3,
    "i10_index_since_2020": 3,
    "citation_graph": [
      {
        "year": 2023,
        "citations": 1
      },
      {
        "year": 2024,
        "citations": 34
      },
      {
        "year": 2025,
        "citations": 56
      }
    ]
  },
  "papers": [
    {
      "title": "Compressed Image Generation with Denoising Diffusion Codebook Models",
      "url": "https://scholar.google.com/citations?view_op=view_citation&hl=en&user=Pz32vm4AAAAJ&citation_for_view=Pz32vm4AAAAJ:e5wmG9Sq2KIC",
      "authors": "G Ohayon, H Manor, T Michaeli, M Elad",
      "venue": "arXiv preprint arXiv:2502.01189, 2025",
      "year": 2025,
      "citations": 4
    },
    {
      "title": "When Diffusion Models Memorize: Inductive Biases in Probability Flow of Minimum-Norm Shallow Neural Nets",
      "url": "https://scholar.google.com/citations?view_op=view_citation&hl=en&user=Pz32vm4AAAAJ&citation_for_view=Pz32vm4AAAAJ:4JMBOYKVnBMC",
      "authors": "C Zeno, H Manor, G Ongie, N Weinberger, T Michaeli, D Soudry",
      "venue": "arXiv preprint arXiv:2506.19031, 2025",
      "year": 2025,
      "citations": 1
    },
    {
      "title": "Turbo-DDCM: Fast and Flexible Zero-Shot Diffusion-Based Image Compression",
      "url": "https://scholar.google.com/citations?view_op=view_citation&hl=en&user=Pz32vm4AAAAJ&citation_for_view=Pz32vm4AAAAJ:j3f4tGmQtD8C",
      "authors": "A Vaisman, G Ohayon, H Manor, M Elad, T Michaeli",
      "venue": "arXiv preprint arXiv:2511.06424, 2025",
      "year": 2025,
      "citations": 0
    },
    {
      "title": "Zero-shot unsupervised and text-based audio editing using DDPM inversion",
      "url": "https://scholar.google.com/citations?view_op=view_citation&hl=en&user=Pz32vm4AAAAJ&citation_for_view=Pz32vm4AAAAJ:9yKSN-GCB0IC",
      "authors": "H Manor, T Michaeli",
      "venue": "International Conference on Machine Learning, 34603--34629, 2024",
      "year": 2024,
      "citations": 50
    },
    {
      "title": "On the posterior distribution in denoising: Application to uncertainty quantification",
      "url": "https://scholar.google.com/citations?view_op=view_citation&hl=en&user=Pz32vm4AAAAJ&citation_for_view=Pz32vm4AAAAJ:2osOgNQ5qMEC",
      "authors": "H Manor, T Michaeli",
      "venue": "The Twelfth International Conference on Learning Representations, 2024",
      "year": 2024,
      "citations": 23
    },
    {
      "title": "From posterior sampling to meaningful diversity in image restoration",
      "url": "https://scholar.google.com/citations?view_op=view_citation&hl=en&user=Pz32vm4AAAAJ&citation_for_view=Pz32vm4AAAAJ:u-x6o8ySG0sC",
      "authors": "N Cohen, H Manor, Y Bahat, T Michaeli",
      "venue": "The Twelfth International Conference on Learning Representations, 2024",
      "year": 2024,
      "citations": 13
    },
    {
      "title": "Low Rank Weight Bases for Visual Analogies",
      "url": "https://scholar.google.com/citations?view_op=view_citation&hl=en&user=Pz32vm4AAAAJ&citation_for_view=Pz32vm4AAAAJ:r0BpntZqJG4C",
      "authors": "H Manor, R Gal, H Maron, T Michaeli, G Chechik",
      "venue": "",
      "citations": 0
    }
  ],
  "co_authors": [
    {
      "name": "Tomer Michaeli",
      "scholar_id": "n2EbR2cAAAAJ",
      "url": "https://scholar.google.com/citations?user=n2EbR2cAAAAJ"
    },
    {
      "name": "Guy Ohayon",
      "scholar_id": "Gso71ogAAAAJ",
      "url": "https://scholar.google.com/citations?user=Gso71ogAAAAJ"
    },
    {
      "name": "Michael Elad",
      "scholar_id": "UpZbV44AAAAJ",
      "url": "https://scholar.google.com/citations?user=UpZbV44AAAAJ"
    },
    {
      "name": "Chen Zeno",
      "scholar_id": "zYd6mEUAAAAJ",
      "url": "https://scholar.google.com/citations?user=zYd6mEUAAAAJ"
    },
    {
      "name": "Greg Ongie",
      "scholar_id": "uhhWy2YAAAAJ",
      "url": "https://scholar.google.com/citations?user=uhhWy2YAAAAJ"
    },
    {
      "name": "Daniel Soudry",
      "scholar_id": "AEBWEm8AAAAJ",
      "url": "https://scholar.google.com/citations?user=AEBWEm8AAAAJ"
    },
    {
      "name": "Nir Weinberger",
      "scholar_id": "zRkNfH8AAAAJ",
      "url": "https://scholar.google.com/citations?user=zRkNfH8AAAAJ"
    }
  ]
}