{
  "author_info": {
    "name": "Kunlin Yang",
    "affiliation": "Sensetime Group Limited",
    "email_verified": "Verified email at sensetime.com",
    "interests": [
      "ComputerVision",
      "DeepLearning"
    ],
    "photo_url": "https://scholar.googleusercontent.com/citations?view_op=view_photo&user=l4PmamQAAAAJ&citpid=2"
  },
  "citation_stats": {
    "citations_all": 401,
    "citations_since_2020": 401,
    "h_index_all": 7,
    "h_index_since_2020": 7,
    "i10_index_all": 7,
    "i10_index_since_2020": 7,
    "citation_graph": [
      {
        "year": 2021,
        "citations": 4
      },
      {
        "year": 2022,
        "citations": 40
      },
      {
        "year": 2023,
        "citations": 83
      },
      {
        "year": 2024,
        "citations": 131
      },
      {
        "year": 2025,
        "citations": 141
      }
    ]
  },
  "papers": [
    {
      "title": "Human face and hand association detecting method and a device, and storage medium",
      "url": "https://scholar.google.com/citations?view_op=view_citation&hl=en&user=l4PmamQAAAAJ&citation_for_view=l4PmamQAAAAJ:UeHWp8X0CEIC",
      "authors": "K Yang, K Yan, J Hou, S YI",
      "venue": "US Patent 12,211,315, 2025",
      "year": 2025,
      "citations": 0
    },
    {
      "title": "Combating data imbalances in federated semi-supervised learning with dual regulators",
      "url": "https://scholar.google.com/citations?view_op=view_citation&hl=en&user=l4PmamQAAAAJ&citation_for_view=l4PmamQAAAAJ:_FxGoFyzp5QC",
      "authors": "S Bai, S Li, W Zhuang, J Zhang, K Yang, J Hou, S Yi, S Zhang, J Gao",
      "venue": "Proceedings of the AAAI conference on artificial intelligence 38 (10), 10989 …, 2024",
      "year": 2024,
      "citations": 19
    },
    {
      "title": "Better teacher better student: Dynamic prior knowledge for knowledge distillation",
      "url": "https://scholar.google.com/citations?view_op=view_citation&hl=en&user=l4PmamQAAAAJ&citation_for_view=l4PmamQAAAAJ:ufrVoPGSRksC",
      "authors": "Z Qiu, X Ma, K Yang, C Liu, J Hou, S Yi, W Ouyang",
      "venue": "arXiv preprint arXiv:2206.06067, 2022",
      "year": 2022,
      "citations": 76
    },
    {
      "title": "Scale-Prior Deformable Convolution for Exemplar-Guided Class-Agnostic Counting.",
      "url": "https://scholar.google.com/citations?view_op=view_citation&hl=en&user=l4PmamQAAAAJ&citation_for_view=l4PmamQAAAAJ:eQOLeE2rZwMC",
      "authors": "W Lin, K Yang, X Ma, J Gao, L Liu, S Liu, J Hou, S Yi, AB Chan",
      "venue": "BMVC, 313, 2022",
      "year": 2022,
      "citations": 53
    },
    {
      "title": "Video crowd localization with multifocus gaussian neighborhood attention and a large-scale benchmark",
      "url": "https://scholar.google.com/citations?view_op=view_citation&hl=en&user=l4PmamQAAAAJ&citation_for_view=l4PmamQAAAAJ:YsMSGLbcyi4C",
      "authors": "H Li, L Liu, K Yang, S Liu, J Gao, B Zhao, R Zhang, J Hou",
      "venue": "IEEE Transactions on Image Processing 31, 6032-6047, 2022",
      "year": 2022,
      "citations": 30
    },
    {
      "title": "Probing visual-audio representation for video highlight detection via hard-pairs guided contrastive learning",
      "url": "https://scholar.google.com/citations?view_op=view_citation&hl=en&user=l4PmamQAAAAJ&citation_for_view=l4PmamQAAAAJ:Y0pCki6q_DkC",
      "authors": "S Li, F Zhang, K Yang, L Liu, S Liu, J Hou, S Yi",
      "venue": "arXiv preprint arXiv:2206.10157, 2022",
      "year": 2022,
      "citations": 10
    },
    {
      "title": "Pyramid region-based slot attention network for temporal action proposal generation",
      "url": "https://scholar.google.com/citations?view_op=view_citation&hl=en&user=l4PmamQAAAAJ&citation_for_view=l4PmamQAAAAJ:W7OEmFMy1HYC",
      "authors": "S Li, F Zhang, RW Zhao, R Feng, K Yang, L Liu, J Hou",
      "venue": "arXiv preprint arXiv:2206.10095, 2022",
      "year": 2022,
      "citations": 7
    },
    {
      "title": "Speed measurement method and apparatus, electronic device, and storage medium",
      "url": "https://scholar.google.com/citations?view_op=view_citation&hl=en&user=l4PmamQAAAAJ&citation_for_view=l4PmamQAAAAJ:IjCSPb-OGe4C",
      "authors": "K Yang, J Hou",
      "venue": "US Patent App. 17/477,746, 2022",
      "year": 2022,
      "citations": 4
    },
    {
      "title": "Image processing method and device, and storage medium",
      "url": "https://scholar.google.com/citations?view_op=view_citation&hl=en&user=l4PmamQAAAAJ&citation_for_view=l4PmamQAAAAJ:d1gkVwhDpl0C",
      "authors": "K Yang, J Hou, X Cai, S YI",
      "venue": "US Patent 11,481,574, 2022",
      "year": 2022,
      "citations": 1
    },
    {
      "title": "Method and apparatus for image labeling, electronic device, storage medium, and computer program",
      "url": "https://scholar.google.com/citations?view_op=view_citation&hl=en&user=l4PmamQAAAAJ&citation_for_view=l4PmamQAAAAJ:zYLM7Y9cAGgC",
      "authors": "K Yang, P Xia, J Hou, S YI",
      "venue": "US Patent App. 17/453,834, 2022",
      "year": 2022,
      "citations": 0
    },
    {
      "title": "Groupformer: Group activity recognition with clustered spatial-temporal transformer",
      "url": "https://scholar.google.com/citations?view_op=view_citation&hl=en&user=l4PmamQAAAAJ&citation_for_view=l4PmamQAAAAJ:2osOgNQ5qMEC",
      "authors": "S Li, Q Cao, L Liu, K Yang, S Liu, J Hou, S Yi",
      "venue": "Proceedings of the IEEE/CVF International Conference on Computer Vision …, 2021",
      "year": 2021,
      "citations": 186
    },
    {
      "title": "Image processing method and apparatus and storage medium",
      "url": "https://scholar.google.com/citations?view_op=view_citation&hl=en&user=l4PmamQAAAAJ&citation_for_view=l4PmamQAAAAJ:u-x6o8ySG0sC",
      "authors": "K Yang, K Yan, J Hou, X Cai, S YI",
      "venue": "US Patent App. 17/002,114, 2021",
      "year": 2021,
      "citations": 5
    },
    {
      "title": "Key point detection method and apparatus, and storage medium",
      "url": "https://scholar.google.com/citations?view_op=view_citation&hl=en&user=l4PmamQAAAAJ&citation_for_view=l4PmamQAAAAJ:9yKSN-GCB0IC",
      "authors": "K Yang, T Maoqing, YI Shuai",
      "venue": "US Patent App. 16/855,630, 2020",
      "year": 2020,
      "citations": 10
    }
  ],
  "co_authors": []
}