{
  "author_info": {
    "name": "Jinyu Chen",
    "affiliation": "Beihang University",
    "email_verified": "Verified email at buaa.edu.cn",
    "interests": [
      "Embodied AI"
    ],
    "photo_url": "https://scholar.googleusercontent.com/citations?view_op=view_photo&user=9v4HaLEAAAAJ&citpid=3"
  },
  "citation_stats": {
    "citations_all": 385,
    "citations_since_2020": 385,
    "h_index_all": 8,
    "h_index_since_2020": 8,
    "i10_index_all": 8,
    "i10_index_since_2020": 8,
    "citation_graph": [
      {
        "year": 2021,
        "citations": 4
      },
      {
        "year": 2022,
        "citations": 29
      },
      {
        "year": 2023,
        "citations": 66
      },
      {
        "year": 2024,
        "citations": 95
      },
      {
        "year": 2025,
        "citations": 190
      }
    ]
  },
  "papers": [
    {
      "title": "Llava-st: A multimodal large language model for fine-grained spatial-temporal understanding",
      "url": "https://scholar.google.com/citations?view_op=view_citation&hl=en&user=9v4HaLEAAAAJ&citation_for_view=9v4HaLEAAAAJ:IjCSPb-OGe4C",
      "authors": "H Li, J Chen, Z Wei, S Huang, T Hui, J Gao, X Wei, S Liu",
      "venue": "Proceedings of the Computer Vision and Pattern Recognition Conference, 8592-8603, 2025",
      "year": 2025,
      "citations": 31
    },
    {
      "title": "Towards realistic uav vision-language navigation: Platform, benchmark, and methodology",
      "url": "https://scholar.google.com/citations?view_op=view_citation&hl=en&user=9v4HaLEAAAAJ&citation_for_view=9v4HaLEAAAAJ:zYLM7Y9cAGgC",
      "authors": "X Wang, D Yang, Z Wang, H Kwan, J Chen, W Wu, H Li, Y Liao, S Liu",
      "venue": "arXiv preprint arXiv:2410.07087, 2024",
      "year": 2024,
      "citations": 36
    },
    {
      "title": "Controllable navigation instruction generation with chain of thought prompting",
      "url": "https://scholar.google.com/citations?view_op=view_citation&hl=en&user=9v4HaLEAAAAJ&citation_for_view=9v4HaLEAAAAJ:UeHWp8X0CEIC",
      "authors": "X Kong, J Chen, W Wang, H Su, X Hu, Y Yang, S Liu",
      "venue": "European Conference on Computer Vision, 37-54, 2024",
      "year": 2024,
      "citations": 17
    },
    {
      "title": "Room-object entity prompting and reasoning for embodied referring expression",
      "url": "https://scholar.google.com/citations?view_op=view_citation&hl=en&user=9v4HaLEAAAAJ&citation_for_view=9v4HaLEAAAAJ:qjMakFHDy7sC",
      "authors": "C Gao, S Liu, J Chen, L Wang, Q Wu, B Li, Q Tian",
      "venue": "IEEE Transactions on Pattern Analysis and Machine Intelligence 46 (2), 994-1010, 2023",
      "year": 2023,
      "citations": 30
    },
    {
      "title": "Omnidirectional information gathering for knowledge transfer-based audio-visual navigation",
      "url": "https://scholar.google.com/citations?view_op=view_citation&hl=en&user=9v4HaLEAAAAJ&citation_for_view=9v4HaLEAAAAJ:2osOgNQ5qMEC",
      "authors": "J Chen, W Wang, S Liu, H Li, Y Yang",
      "venue": "Proceedings of the IEEE/CVF International Conference on Computer Vision …, 2023",
      "year": 2023,
      "citations": 18
    },
    {
      "title": "Target-driven structured transformer planner for vision-language navigation",
      "url": "https://scholar.google.com/citations?view_op=view_citation&hl=en&user=9v4HaLEAAAAJ&citation_for_view=9v4HaLEAAAAJ:9yKSN-GCB0IC",
      "authors": "Y Zhao, J Chen, C Gao, W Wang, L Yang, H Ren, H Xia, S Liu",
      "venue": "Proceedings of the 30th ACM international conference on multimedia, 4194-4203, 2022",
      "year": 2022,
      "citations": 82
    },
    {
      "title": "Reinforced structured state-evolution for vision-language navigation",
      "url": "https://scholar.google.com/citations?view_op=view_citation&hl=en&user=9v4HaLEAAAAJ&citation_for_view=9v4HaLEAAAAJ:d1gkVwhDpl0C",
      "authors": "J Chen, C Gao, E Meng, Q Zhang, S Liu",
      "venue": "Proceedings of the IEEE/CVF Conference on Computer Vision and Pattern …, 2022",
      "year": 2022,
      "citations": 57
    },
    {
      "title": "Room-and-object aware knowledge reasoning for remote embodied referring expression",
      "url": "https://scholar.google.com/citations?view_op=view_citation&hl=en&user=9v4HaLEAAAAJ&citation_for_view=9v4HaLEAAAAJ:u5HHmVD_uO8C",
      "authors": "C Gao, J Chen, S Liu, L Wang, Q Zhang, Q Wu",
      "venue": "Proceedings of the IEEE/CVF Conference on Computer Vision and Pattern …, 2021",
      "year": 2021,
      "citations": 114
    }
  ],
  "co_authors": [
    {
      "name": "Luting Wang",
      "scholar_id": "-TokIr8AAAAJ",
      "url": "https://scholar.google.com/citations?user=-TokIr8AAAAJ"
    },
    {
      "name": "Qi Wu",
      "scholar_id": "aKXe1FEAAAAJ",
      "url": "https://scholar.google.com/citations?user=aKXe1FEAAAAJ"
    }
  ]
}