{
  "author_info": {
    "name": "Somin Wadhwa",
    "affiliation": "Northeastern University",
    "email_verified": "Verified email at northeastern.edu - Homepage",
    "website": "https://sominw.com/",
    "interests": [
      "natural language processing"
    ],
    "photo_url": "https://scholar.googleusercontent.com/citations?view_op=view_photo&user=_ZAFwNsAAAAJ&citpid=16"
  },
  "citation_stats": {
    "citations_all": 615,
    "citations_since_2020": 609,
    "h_index_all": 10,
    "h_index_since_2020": 9,
    "i10_index_all": 10,
    "i10_index_since_2020": 9,
    "citation_graph": [
      {
        "year": 2019,
        "citations": 4
      },
      {
        "year": 2020,
        "citations": 8
      },
      {
        "year": 2021,
        "citations": 25
      },
      {
        "year": 2022,
        "citations": 31
      },
      {
        "year": 2023,
        "citations": 67
      },
      {
        "year": 2024,
        "citations": 245
      },
      {
        "year": 2025,
        "citations": 228
      }
    ]
  },
  "papers": [
    {
      "title": "Who taught you that? tracing teachers in model distillation",
      "url": "https://scholar.google.com/citations?view_op=view_citation&hl=en&user=_ZAFwNsAAAAJ&citation_for_view=_ZAFwNsAAAAJ:Se3iqnhoufwC",
      "authors": "S Wadhwa, C Shaib, S Amir, BC Wallace",
      "venue": "arXiv preprint arXiv:2502.06659, 2025",
      "year": 2025,
      "citations": 3
    },
    {
      "title": "Circuit Distillation",
      "url": "https://scholar.google.com/citations?view_op=view_citation&hl=en&user=_ZAFwNsAAAAJ&citation_for_view=_ZAFwNsAAAAJ:UebtZRa9Y70C",
      "authors": "S Wadhwa, S Amir, BC Wallace",
      "venue": "arXiv preprint arXiv:2509.25002, 2025",
      "year": 2025,
      "citations": 0
    },
    {
      "title": "Investigating mysteries of cot-augmented distillation",
      "url": "https://scholar.google.com/citations?view_op=view_citation&hl=en&user=_ZAFwNsAAAAJ&citation_for_view=_ZAFwNsAAAAJ:roLk4NBRz8UC",
      "authors": "S Wadhwa, S Amir, BC Wallace",
      "venue": "arXiv preprint arXiv:2406.14511, 2024",
      "year": 2024,
      "citations": 12
    },
    {
      "title": "Learning from natural language explanations for generalizable entity matching",
      "url": "https://scholar.google.com/citations?view_op=view_citation&hl=en&user=_ZAFwNsAAAAJ&citation_for_view=_ZAFwNsAAAAJ:_FxGoFyzp5QC",
      "authors": "S Wadhwa, A Krishnan, R Wang, BC Wallace, L Kong",
      "venue": "Proceedings of the 2024 Conference on Empirical Methods in Natural Language …, 2024",
      "year": 2024,
      "citations": 11
    },
    {
      "title": "Distilling event sequence knowledge from large language models",
      "url": "https://scholar.google.com/citations?view_op=view_citation&hl=en&user=_ZAFwNsAAAAJ&citation_for_view=_ZAFwNsAAAAJ:ufrVoPGSRksC",
      "authors": "S Wadhwa, O Hassanzadeh, D Bhattacharjya, K Barker, J Ni",
      "venue": "International Semantic Web Conference, 237-255, 2024",
      "year": 2024,
      "citations": 5
    },
    {
      "title": "Revisiting relation extraction in the era of large language models",
      "url": "https://scholar.google.com/citations?view_op=view_citation&hl=en&user=_ZAFwNsAAAAJ&citation_for_view=_ZAFwNsAAAAJ:YsMSGLbcyi4C",
      "authors": "S Wadhwa, S Amir, BC Wallace",
      "venue": "Proceedings of the conference. association for computational linguistics …, 2023",
      "year": 2023,
      "citations": 347
    },
    {
      "title": "Jointly extracting interventions, outcomes, and findings from RCT reports with LLMs",
      "url": "https://scholar.google.com/citations?view_op=view_citation&hl=en&user=_ZAFwNsAAAAJ&citation_for_view=_ZAFwNsAAAAJ:W7OEmFMy1HYC",
      "authors": "S Wadhwa, J DeYoung, B Nye, S Amir, BC Wallace",
      "venue": "Machine Learning for Healthcare Conference, 754-771, 2023",
      "year": 2023,
      "citations": 23
    },
    {
      "title": "Semeval-2023 task 8: Causal medical claim identification and related pio frame extraction from social media posts",
      "url": "https://scholar.google.com/citations?view_op=view_citation&hl=en&user=_ZAFwNsAAAAJ&citation_for_view=_ZAFwNsAAAAJ:WF5omc3nYNoC",
      "authors": "V Khetan, S Wadhwa, BC Wallace, S Amir",
      "venue": "Proceedings of the The 17th International Workshop on Semantic Evaluation …, 2023",
      "year": 2023,
      "citations": 11
    },
    {
      "title": "Redhot: A corpus of annotated medical questions, experiences, and claims on social media",
      "url": "https://scholar.google.com/citations?view_op=view_citation&hl=en&user=_ZAFwNsAAAAJ&citation_for_view=_ZAFwNsAAAAJ:Y0pCki6q_DkC",
      "authors": "S Wadhwa, V Khetan, S Amir, B Wallace",
      "venue": "arXiv preprint arXiv:2210.06331, 2022",
      "year": 2022,
      "citations": 27
    },
    {
      "title": "Towards System-Initiative Conversational Information Seeking.",
      "url": "https://scholar.google.com/citations?view_op=view_citation&hl=en&user=_ZAFwNsAAAAJ&citation_for_view=_ZAFwNsAAAAJ:zYLM7Y9cAGgC",
      "authors": "S Wadhwa, H Zamani",
      "venue": "DESIRES, 102-116, 2021",
      "year": 2021,
      "citations": 15
    },
    {
      "title": "CommunityClick: Capturing and reporting community feedback from town halls to improve inclusivity",
      "url": "https://scholar.google.com/citations?view_op=view_citation&hl=en&user=_ZAFwNsAAAAJ&citation_for_view=_ZAFwNsAAAAJ:9yKSN-GCB0IC",
      "authors": "M Jasim, P Khaloo, S Wadhwa, AX Zhang, A Sarvghad, N Mahyar",
      "venue": "arXiv preprint arXiv:2009.09053, 2020",
      "year": 2020,
      "citations": 57
    },
    {
      "title": "Communityclick: Towards improving inclusivity in town halls",
      "url": "https://scholar.google.com/citations?view_op=view_citation&hl=en&user=_ZAFwNsAAAAJ&citation_for_view=_ZAFwNsAAAAJ:UeHWp8X0CEIC",
      "authors": "M Jasim, P Khaloo, S Wadhwa, AX Zhang, A Sarvghad, N Mahyar",
      "venue": "Companion Publication of the 2020 Conference on Computer Supported …, 2020",
      "year": 2020,
      "citations": 6
    },
    {
      "title": "Semi-Automating Knowledge Base Construction for Cancer Genetics",
      "url": "https://scholar.google.com/citations?view_op=view_citation&hl=en&user=_ZAFwNsAAAAJ&citation_for_view=_ZAFwNsAAAAJ:d1gkVwhDpl0C",
      "authors": "S Wadhwa, K Yin, KS Hughes, BC Wallace",
      "venue": "Automated Knowledge Base Construction (AKBC), 2020",
      "year": 2020,
      "citations": 3
    },
    {
      "title": "BitterSweet: Building machine learning models for predicting the bitter and sweet taste of small molecules",
      "url": "https://scholar.google.com/citations?view_op=view_citation&hl=en&user=_ZAFwNsAAAAJ&citation_for_view=_ZAFwNsAAAAJ:u-x6o8ySG0sC",
      "authors": "R Tuwani, S Wadhwa, G Bagler",
      "venue": "Scientific reports 9 (1), 1-13, 2019",
      "year": 2019,
      "citations": 84
    },
    {
      "title": "A hierarchical anatomical classification schema for prediction of phenotypic side effects",
      "url": "https://scholar.google.com/citations?view_op=view_citation&hl=en&user=_ZAFwNsAAAAJ&citation_for_view=_ZAFwNsAAAAJ:u5HHmVD_uO8C",
      "authors": "S Wadhwa, A Gupta, S Dokania, R Kanji, G Bagler",
      "venue": "PLoS One 13 (3), e0193959, 2018",
      "year": 2018,
      "citations": 11
    }
  ],
  "co_authors": [
    {
      "name": "Byron Wallace",
      "scholar_id": "KTzRHmwAAAAJ",
      "url": "https://scholar.google.com/citations?user=KTzRHmwAAAAJ"
    },
    {
      "name": "Silvio Amir",
      "scholar_id": "jhUQvC0AAAAJ",
      "url": "https://scholar.google.com/citations?user=jhUQvC0AAAAJ"
    },
    {
      "name": "Ganesh Bagler",
      "scholar_id": "qyth_0QAAAAJ",
      "url": "https://scholar.google.com/citations?user=qyth_0QAAAAJ"
    },
    {
      "name": "Amy X. Zhang",
      "scholar_id": "thZJZaYAAAAJ",
      "url": "https://scholar.google.com/citations?user=thZJZaYAAAAJ"
    },
    {
      "name": "Vivek  Khetan",
      "scholar_id": "uhWS1KIAAAAJ",
      "url": "https://scholar.google.com/citations?user=uhWS1KIAAAAJ"
    },
    {
      "name": "Jay DeYoung",
      "scholar_id": "f8aP6RMAAAAJ",
      "url": "https://scholar.google.com/citations?user=f8aP6RMAAAAJ"
    },
    {
      "name": "Benjamin E Nye",
      "scholar_id": "8MKfjycAAAAJ",
      "url": "https://scholar.google.com/citations?user=8MKfjycAAAAJ"
    },
    {
      "name": "Shubham Dokania",
      "scholar_id": "_RoYQWoAAAAJ",
      "url": "https://scholar.google.com/citations?user=_RoYQWoAAAAJ"
    },
    {
      "name": "Ken Barker",
      "scholar_id": "geiVfd0AAAAJ",
      "url": "https://scholar.google.com/citations?user=geiVfd0AAAAJ"
    },
    {
      "name": "Debarun Bhattacharjya",
      "scholar_id": "pwfVt-MAAAAJ",
      "url": "https://scholar.google.com/citations?user=pwfVt-MAAAAJ"
    },
    {
      "name": "Kanhua Yin",
      "scholar_id": "I8kmeZYAAAAJ",
      "url": "https://scholar.google.com/citations?user=I8kmeZYAAAAJ"
    },
    {
      "name": "Kevin S Hughes",
      "scholar_id": "k-nF0qgAAAAJ",
      "url": "https://scholar.google.com/citations?user=k-nF0qgAAAAJ"
    },
    {
      "name": "Rudraksh Tuwani",
      "scholar_id": "crdKRSEAAAAJ",
      "url": "https://scholar.google.com/citations?user=crdKRSEAAAAJ"
    }
  ]
}