{
  "author_info": {
    "name": "Nadezhda Chirkova",
    "affiliation": "Naver Labs Europe",
    "email_verified": "Verified email at naverlabs.com - Homepage",
    "website": "https://nadiinchi.github.io/",
    "interests": [
      "Machine Learning",
      "Deep Learning",
      "Natural language processing",
      "Source code processing"
    ],
    "photo_url": "https://scholar.googleusercontent.com/citations?view_op=view_photo&user=8ovzJjEAAAAJ&citpid=6"
  },
  "citation_stats": {
    "citations_all": 517,
    "citations_since_2020": 486,
    "h_index_all": 12,
    "h_index_since_2020": 12,
    "i10_index_all": 16,
    "i10_index_since_2020": 16,
    "citation_graph": [
      {
        "year": 2016,
        "citations": 2
      },
      {
        "year": 2017,
        "citations": 3
      },
      {
        "year": 2018,
        "citations": 8
      },
      {
        "year": 2019,
        "citations": 15
      },
      {
        "year": 2020,
        "citations": 20
      },
      {
        "year": 2021,
        "citations": 34
      },
      {
        "year": 2022,
        "citations": 61
      },
      {
        "year": 2023,
        "citations": 95
      },
      {
        "year": 2024,
        "citations": 114
      },
      {
        "year": 2025,
        "citations": 161
      }
    ]
  },
  "papers": [
    {
      "title": "Provence: efficient and robust context pruning for retrieval-augmented generation",
      "url": "https://scholar.google.com/citations?view_op=view_citation&hl=en&user=8ovzJjEAAAAJ&citation_for_view=8ovzJjEAAAAJ:KlAtU1dfN6UC",
      "authors": "N Chirkova, T Formal, V Nikoulina, S Clinchant",
      "venue": "ICLR 2025, 2025",
      "year": 2025,
      "citations": 11
    },
    {
      "title": "Retrieval-augmented generation in multilingual settings",
      "url": "https://scholar.google.com/citations?view_op=view_citation&hl=en&user=8ovzJjEAAAAJ&citation_for_view=8ovzJjEAAAAJ:MXK_kJrjxJIC",
      "authors": "N Chirkova, D Rau, H Déjean, T Formal, S Clinchant, V Nikoulina",
      "venue": "ACL 2024 Workshop: Towards Knowledgeable Language Models, 2024",
      "year": 2024,
      "citations": 40
    },
    {
      "title": "BERGEN: A Benchmarking Library for Retrieval-Augmented Generation",
      "url": "https://scholar.google.com/citations?view_op=view_citation&hl=en&user=8ovzJjEAAAAJ&citation_for_view=8ovzJjEAAAAJ:3fE2CSJIrl8C",
      "authors": "D Rau, H Déjean, N Chirkova, T Formal, S Wang, V Nikoulina, ...",
      "venue": "Findings of EMNLP 2024, 2024",
      "year": 2024,
      "citations": 35
    },
    {
      "title": "Zero-shot cross-lingual transfer in instruction tuning of large language models",
      "url": "https://scholar.google.com/citations?view_op=view_citation&hl=en&user=8ovzJjEAAAAJ&citation_for_view=8ovzJjEAAAAJ:8k81kl-MbHgC",
      "authors": "N Chirkova, V Nikoulina",
      "venue": "INLG 2024: 17th International Natural Language Generation Conference, 2024",
      "year": 2024,
      "citations": 19
    },
    {
      "title": "Key ingredients for effective zero-shot cross-lingual knowledge transfer in generative tasks",
      "url": "https://scholar.google.com/citations?view_op=view_citation&hl=en&user=8ovzJjEAAAAJ&citation_for_view=8ovzJjEAAAAJ:5nxA0vEk-isC",
      "authors": "N Chirkova, V Nikoulina",
      "venue": "NAACL 2024, 2024",
      "year": 2024,
      "citations": 10
    },
    {
      "title": "Should you marginalize over possible tokenizations?",
      "url": "https://scholar.google.com/citations?view_op=view_citation&hl=en&user=8ovzJjEAAAAJ&citation_for_view=8ovzJjEAAAAJ:hqOjcs7Dif8C",
      "authors": "N Chirkova, G Kruszewski, J Rozen, M Dymetman",
      "venue": "ACL 2023: 61st Annual Meeting of the Association for Computational Linguistics, 2023",
      "year": 2023,
      "citations": 13
    },
    {
      "title": "CodeBPE: Investigating Subtokenization Options for Large Language Model Pretraining on Source Code",
      "url": "https://scholar.google.com/citations?view_op=view_citation&hl=en&user=8ovzJjEAAAAJ&citation_for_view=8ovzJjEAAAAJ:roLk4NBRz8UC",
      "authors": "N Chirkova, S Troshin",
      "venue": "ICLR 2023, 2023",
      "year": 2023,
      "citations": 10
    },
    {
      "title": "Probing pretrained models of source code",
      "url": "https://scholar.google.com/citations?view_op=view_citation&hl=en&user=8ovzJjEAAAAJ&citation_for_view=8ovzJjEAAAAJ:LkGwnXOMwfcC",
      "authors": "S Troshin, N Chirkova",
      "venue": "BlackboxNLP Workshop as EMNLP 2022, 2022",
      "year": 2022,
      "citations": 58
    },
    {
      "title": "Parameter-Efficient Finetuning of Transformers for Source Code",
      "url": "https://scholar.google.com/citations?view_op=view_citation&hl=en&user=8ovzJjEAAAAJ&citation_for_view=8ovzJjEAAAAJ:Se3iqnhoufwC",
      "authors": "S Ayupov, N Chirkova",
      "venue": "Workshop on Efficient Natural Language Processing at NeurIPS 2022, 2022",
      "year": 2022,
      "citations": 26
    },
    {
      "title": "On the Periodic Behavior of Neural Network Training with Batch Normalization and Weight Decay",
      "url": "https://scholar.google.com/citations?view_op=view_citation&hl=en&user=8ovzJjEAAAAJ&citation_for_view=8ovzJjEAAAAJ:eQOLeE2rZwMC",
      "authors": "E Lobacheva, M Kodryan, N Chirkova, A Malinin, DP Vetrov",
      "venue": "NeurIPS 2021: Advances in Neural Information Processing Systems 34, 2021",
      "year": 2021,
      "citations": 32
    },
    {
      "title": "On the Embeddings of Variables in Recurrent Neural Networks for Source Code",
      "url": "https://scholar.google.com/citations?view_op=view_citation&hl=en&user=8ovzJjEAAAAJ&citation_for_view=8ovzJjEAAAAJ:YsMSGLbcyi4C",
      "authors": "N Chirkova",
      "venue": "NAACL 2021: 2021 Conference of the North American Chapter of the Association …, 2021",
      "year": 2021,
      "citations": 6
    },
    {
      "title": "Empirical Study of Transformers for Source Code",
      "url": "https://scholar.google.com/citations?view_op=view_citation&hl=en&user=8ovzJjEAAAAJ&citation_for_view=8ovzJjEAAAAJ:Tyk-4Ss8FVUC",
      "authors": "N Chirkova, S Troshin",
      "venue": "ESEC/FSE 2021: ACM Joint European Software Engineering Conference and …, 2020",
      "year": 2020,
      "citations": 91
    },
    {
      "title": "On Power Laws in Deep Ensembles",
      "url": "https://scholar.google.com/citations?view_op=view_citation&hl=en&user=8ovzJjEAAAAJ&citation_for_view=8ovzJjEAAAAJ:zYLM7Y9cAGgC",
      "authors": "E Lobacheva, N Chirkova, M Kodryan, D Vetrov",
      "venue": "NeurIPS 2020: Advances in Neural Information Processing Systems, 2020 …, 2020",
      "year": 2020,
      "citations": 55
    },
    {
      "title": "A Simple Approach for Handling Out-of-Vocabulary Identifiers in Deep Learning for Source Code",
      "url": "https://scholar.google.com/citations?view_op=view_citation&hl=en&user=8ovzJjEAAAAJ&citation_for_view=8ovzJjEAAAAJ:Y0pCki6q_DkC",
      "authors": "N Chirkova, S Troshin",
      "venue": "NAACL 2021: Annual Conference of the North American Chapter of the …, 2020",
      "year": 2020,
      "citations": 12
    },
    {
      "title": "Deep ensembles on a fixed memory budget: One wide network or several thinner ones?",
      "url": "https://scholar.google.com/citations?view_op=view_citation&hl=en&user=8ovzJjEAAAAJ&citation_for_view=8ovzJjEAAAAJ:IjCSPb-OGe4C",
      "authors": "N Chirkova, E Lobacheva, D Vetrov",
      "venue": "arXiv preprint arXiv:2005.07292, 2020",
      "year": 2020,
      "citations": 9
    },
    {
      "title": "Structured Sparsification of Gated Recurrent Neural Networks",
      "url": "https://scholar.google.com/citations?view_op=view_citation&hl=en&user=8ovzJjEAAAAJ&citation_for_view=8ovzJjEAAAAJ:2osOgNQ5qMEC",
      "authors": "E Lobacheva, N Chirkova, A Markovich, D Vetrov",
      "venue": "NeurIPS Workshop on Context and Compositionality in Biological and …, 2019",
      "year": 2019,
      "citations": 8
    },
    {
      "title": "Bayesian compression for natural language processing",
      "url": "https://scholar.google.com/citations?view_op=view_citation&hl=en&user=8ovzJjEAAAAJ&citation_for_view=8ovzJjEAAAAJ:u-x6o8ySG0sC",
      "authors": "N Chirkova, E Lobacheva, D Vetrov",
      "venue": "EMNLP 2018: 2018 Conference on Empirical Methods in Natural Language Processing, 2018",
      "year": 2018,
      "citations": 16
    },
    {
      "title": "Bayesian Sparsification of Gated Recurrent Neural Networks",
      "url": "https://scholar.google.com/citations?view_op=view_citation&hl=en&user=8ovzJjEAAAAJ&citation_for_view=8ovzJjEAAAAJ:d1gkVwhDpl0C",
      "authors": "E Lobacheva, N Chirkova, D Vetrov",
      "venue": "NeurIPS Workshop on Compact Deep Neural Network Representation with …, 2018",
      "year": 2018,
      "citations": 4
    },
    {
      "title": "Bayesian sparsification of recurrent neural networks",
      "url": "https://scholar.google.com/citations?view_op=view_citation&hl=en&user=8ovzJjEAAAAJ&citation_for_view=8ovzJjEAAAAJ:u5HHmVD_uO8C",
      "authors": "E Lobacheva, N Chirkova, D Vetrov",
      "venue": "ICML Workshop on Learning to Generate Natural Language, 2017",
      "year": 2017,
      "citations": 20
    },
    {
      "title": "Additive regularization for hierarchical multimodal topic modeling",
      "url": "https://scholar.google.com/citations?view_op=view_citation&hl=en&user=8ovzJjEAAAAJ&citation_for_view=8ovzJjEAAAAJ:9yKSN-GCB0IC",
      "authors": "NA Chirkova, KV Vorontsov",
      "venue": "Journal Machine Learning and Data Analysis 2 (2), 187-200, 2016",
      "year": 2016,
      "citations": 37
    }
  ],
  "co_authors": [
    {
      "name": "Ekaterina Lobacheva",
      "scholar_id": "8D4Be1sAAAAJ",
      "url": "https://scholar.google.com/citations?user=8D4Be1sAAAAJ"
    },
    {
      "name": "Dmitry Vetrov",
      "scholar_id": "7HU0UoUAAAAJ",
      "url": "https://scholar.google.com/citations?user=7HU0UoUAAAAJ"
    },
    {
      "name": "Vassilina Nikoulina",
      "scholar_id": "IVJ4wN4AAAAJ",
      "url": "https://scholar.google.com/citations?user=IVJ4wN4AAAAJ"
    },
    {
      "name": "Sergey Troshin",
      "scholar_id": "1dRuao4AAAAJ",
      "url": "https://scholar.google.com/citations?user=1dRuao4AAAAJ"
    },
    {
      "name": "Jos Rozen",
      "scholar_id": "OxEDKogAAAAJ",
      "url": "https://scholar.google.com/citations?user=OxEDKogAAAAJ"
    },
    {
      "name": "Marc Dymetman",
      "scholar_id": "D6J5pooAAAAJ",
      "url": "https://scholar.google.com/citations?user=D6J5pooAAAAJ"
    },
    {
      "name": "Germán Kruszewski",
      "scholar_id": "uU3rQI8AAAAJ",
      "url": "https://scholar.google.com/citations?user=uU3rQI8AAAAJ"
    }
  ]
}