{
  "author_info": {
    "name": "Mingxiao Li",
    "affiliation": "Tencent AI Lab",
    "email_verified": "Verified email at tencent.com",
    "interests": [
      "Natural Language Processing",
      "World Model"
    ],
    "photo_url": "/citations/images/avatar_scholar_128.png"
  },
  "citation_stats": {
    "citations_all": 124,
    "citations_since_2020": 124,
    "h_index_all": 5,
    "h_index_since_2020": 5,
    "i10_index_all": 4,
    "i10_index_since_2020": 4,
    "citation_graph": [
      {
        "year": 2023,
        "citations": 1
      },
      {
        "year": 2024,
        "citations": 10
      },
      {
        "year": 2025,
        "citations": 113
      }
    ]
  },
  "papers": [
    {
      "title": "SimPER: A Minimalist Approach to Preference Alignment without Hyperparameters",
      "url": "https://scholar.google.com/citations?view_op=view_citation&hl=en&user=bQDN_FYAAAAJ&citation_for_view=bQDN_FYAAAAJ:W7OEmFMy1HYC",
      "authors": "T Xiao, Y Yuan, Z Chen, M Li, S Liang, Z Ren, VG Honavar",
      "venue": "ICLR 2025, 2025",
      "year": 2025,
      "citations": 21
    },
    {
      "title": "On a connection between imitation learning and RLHF",
      "url": "https://scholar.google.com/citations?view_op=view_citation&hl=en&user=bQDN_FYAAAAJ&citation_for_view=bQDN_FYAAAAJ:WF5omc3nYNoC",
      "authors": "T Xiao, Y Yuan, M Li, Z Chen, VG Honavar",
      "venue": "ICLR 2025, 2025",
      "year": 2025,
      "citations": 19
    },
    {
      "title": "Rlvmr: Reinforcement learning with verifiable meta-reasoning rewards for robust long-horizon agents",
      "url": "https://scholar.google.com/citations?view_op=view_citation&hl=en&user=bQDN_FYAAAAJ&citation_for_view=bQDN_FYAAAAJ:LkGwnXOMwfcC",
      "authors": "Z Zhang, Z Chen, M Li, Z Tu, X Li",
      "venue": "arXiv preprint arXiv:2507.22844, 2025",
      "year": 2025,
      "citations": 8
    },
    {
      "title": "Advancing General Multimodal Capability of Vision-language Models with Pyramid-descent Visual Position Encoding",
      "url": "https://scholar.google.com/citations?view_op=view_citation&hl=en&user=bQDN_FYAAAAJ&citation_for_view=bQDN_FYAAAAJ:Y0pCki6q_DkC",
      "authors": "Z Chen, M Li, Z Chen, N Du, X Li, Y Zou",
      "venue": "ACL findings 2025, 2025",
      "year": 2025,
      "citations": 3
    },
    {
      "title": "VISTA: Enhancing Vision-Text Alignment in MLLMs via Cross-Modal Mutual Information Maximization",
      "url": "https://scholar.google.com/citations?view_op=view_citation&hl=en&user=bQDN_FYAAAAJ&citation_for_view=bQDN_FYAAAAJ:_FxGoFyzp5QC",
      "authors": "M Li, N Su, F Qu, Z Zhong, Z Chen, Y Li, Z Tu, X Li",
      "venue": "arXiv preprint arXiv:2505.10917, 2025",
      "year": 2025,
      "citations": 2
    },
    {
      "title": "From Visuals to Vocabulary: Establishing Equivalence Between Image and Text Token Through Autoregressive Pre-training in MLLMs",
      "url": "https://scholar.google.com/citations?view_op=view_citation&hl=en&user=bQDN_FYAAAAJ&citation_for_view=bQDN_FYAAAAJ:YsMSGLbcyi4C",
      "authors": "M Li, F Qu, Z Chen, N Su, Z Zhong, Z Chen, N Du, X Li",
      "venue": "arXiv preprint arXiv:2502.09093, 2025",
      "year": 2025,
      "citations": 0
    },
    {
      "title": "Cal-dpo: Calibrated direct preference optimization for language model alignment",
      "url": "https://scholar.google.com/citations?view_op=view_citation&hl=en&user=bQDN_FYAAAAJ&citation_for_view=bQDN_FYAAAAJ:2osOgNQ5qMEC",
      "authors": "T Xiao, Y Yuan, H Zhu, M Li, VG Honavar",
      "venue": "NeurIPS 2024, 2024",
      "year": 2024,
      "citations": 48
    },
    {
      "title": "How to Leverage Demonstration Data in Alignment for Large Language Model? A Self-Imitation Learning Perspective",
      "url": "https://scholar.google.com/citations?view_op=view_citation&hl=en&user=bQDN_FYAAAAJ&citation_for_view=bQDN_FYAAAAJ:UeHWp8X0CEIC",
      "authors": "T Xiao, M Li, Y Yuan, H Zhu, C Cui, VG Honavar",
      "venue": "EMNLP 2024, 2024",
      "year": 2024,
      "citations": 16
    },
    {
      "title": "SePPO: Semi-policy preference optimization for diffusion alignment",
      "url": "https://scholar.google.com/citations?view_op=view_citation&hl=en&user=bQDN_FYAAAAJ&citation_for_view=bQDN_FYAAAAJ:9yKSN-GCB0IC",
      "authors": "D Zhang, G Lan, DJ Han, W Yao, X Pan, H Zhang, M Li, P Chen, Y Dong, ...",
      "venue": "arXiv preprint arXiv:2410.05255, 2024",
      "year": 2024,
      "citations": 3
    },
    {
      "title": "Exploiting user preferences for multiscenarios in query-less search",
      "url": "https://scholar.google.com/citations?view_op=view_citation&hl=en&user=bQDN_FYAAAAJ&citation_for_view=bQDN_FYAAAAJ:d1gkVwhDpl0C",
      "authors": "Y Yin, N Zhang, Z Chen, M Li, Y Li, H Gao, L He",
      "venue": "IEEE Transactions on Computational Social Systems 9 (6), 1794-1806, 2022",
      "year": 2022,
      "citations": 4
    }
  ],
  "co_authors": []
}