{
  "author_info": {
    "name": "Edward H. Kennedy",
    "affiliation": "Associate Professor of Statistics & Data Science, Carnegie Mellon University",
    "email_verified": "Verified email at stat.cmu.edu - Homepage",
    "website": "http://www.ehkennedy.com/",
    "interests": [
      "causal inference",
      "nonparametrics",
      "machine learning",
      "health & public policy"
    ],
    "photo_url": "https://scholar.googleusercontent.com/citations?view_op=view_photo&user=dXztgDYAAAAJ&citpid=8"
  },
  "citation_stats": {
    "citations_all": 6619,
    "citations_since_2020": 5753,
    "h_index_all": 37,
    "h_index_since_2020": 33,
    "i10_index_all": 84,
    "i10_index_since_2020": 78,
    "citation_graph": [
      {
        "year": 2013,
        "citations": 50
      },
      {
        "year": 2014,
        "citations": 87
      },
      {
        "year": 2015,
        "citations": 101
      },
      {
        "year": 2016,
        "citations": 94
      },
      {
        "year": 2017,
        "citations": 116
      },
      {
        "year": 2018,
        "citations": 148
      },
      {
        "year": 2019,
        "citations": 183
      },
      {
        "year": 2020,
        "citations": 294
      },
      {
        "year": 2021,
        "citations": 441
      },
      {
        "year": 2022,
        "citations": 564
      },
      {
        "year": 2023,
        "citations": 940
      },
      {
        "year": 2024,
        "citations": 1551
      },
      {
        "year": 2025,
        "citations": 1881
      }
    ]
  },
  "papers": [
    {
      "title": "Towards optimal doubly robust estimation of heterogeneous causal effects",
      "url": "https://scholar.google.com/citations?view_op=view_citation&hl=en&user=dXztgDYAAAAJ&citation_for_view=dXztgDYAAAAJ:3htObqc8RwsC",
      "authors": "EH Kennedy",
      "venue": "Electronic Journal of Statistics 17 (2), 3008-3049, 2023",
      "year": 2023,
      "citations": 583
    },
    {
      "title": "How do social media feed algorithms affect attitudes and behavior in an election campaign?",
      "url": "https://scholar.google.com/citations?view_op=view_citation&hl=en&user=dXztgDYAAAAJ&citation_for_view=dXztgDYAAAAJ:kw52XkFRtyQC",
      "authors": "AM Guess, N Malhotra, J Pan, P Barberá, H Allcott, T Brown, ...",
      "venue": "Science 381 (6656), 398-404, 2023",
      "year": 2023,
      "citations": 384
    },
    {
      "title": "Like-minded sources on Facebook are prevalent but not polarizing",
      "url": "https://scholar.google.com/citations?view_op=view_citation&hl=en&user=dXztgDYAAAAJ&citation_for_view=dXztgDYAAAAJ:FiytvqdAVhgC",
      "authors": "B Nyhan, J Settle, E Thorson, M Wojcieszak, P Barberá, AY Chen, ...",
      "venue": "Nature 620 (7972), 137-144, 2023",
      "year": 2023,
      "citations": 342
    },
    {
      "title": "Reshares on social media amplify political news but do not detectably affect beliefs or opinions",
      "url": "https://scholar.google.com/citations?view_op=view_citation&hl=en&user=dXztgDYAAAAJ&citation_for_view=dXztgDYAAAAJ:1taIhTC69MYC",
      "authors": "AM Guess, N Malhotra, J Pan, P Barberá, H Allcott, T Brown, ...",
      "venue": "Science 381 (6656), 404-408, 2023",
      "year": 2023,
      "citations": 173
    },
    {
      "title": "Challenges in obtaining valid causal effect estimates with machine learning algorithms",
      "url": "https://scholar.google.com/citations?view_op=view_citation&hl=en&user=dXztgDYAAAAJ&citation_for_view=dXztgDYAAAAJ:Br1UauaknNIC",
      "authors": "AI Naimi, AE Mishler, EH Kennedy",
      "venue": "American Journal of Epidemiology 192 (9), 1536-1544, 2023",
      "year": 2023,
      "citations": 111
    },
    {
      "title": "Semiparametric counterfactual density estimation",
      "url": "https://scholar.google.com/citations?view_op=view_citation&hl=en&user=dXztgDYAAAAJ&citation_for_view=dXztgDYAAAAJ:_OXeSy2IsFwC",
      "authors": "EH Kennedy, S Balakrishnan, L Wasserman",
      "venue": "Biometrika 110 (4), 875–896, 2023",
      "year": 2023,
      "citations": 95
    },
    {
      "title": "Semiparametric doubly robust targeted double machine learning: a review",
      "url": "https://scholar.google.com/citations?view_op=view_citation&hl=en&user=dXztgDYAAAAJ&citation_for_view=dXztgDYAAAAJ:NyGDZy8z5eUC",
      "authors": "EH Kennedy",
      "venue": "Handbook of Statistical Methods for Precision Medicine 10, 2022",
      "year": 2022,
      "citations": 362
    },
    {
      "title": "Sharp instruments for classifying compliers and generalizing causal effects",
      "url": "https://scholar.google.com/citations?view_op=view_citation&hl=en&user=dXztgDYAAAAJ&citation_for_view=dXztgDYAAAAJ:_5tno0g5mFcC",
      "authors": "EH Kennedy, S Balakrishnan, M G'Sell",
      "venue": "Annals of Statistics 48 (4), 2008-2030, 2020",
      "year": 2020,
      "citations": 134
    },
    {
      "title": "Fairness in risk assessment instruments: Post-processing to achieve counterfactual equalized odds",
      "url": "https://scholar.google.com/citations?view_op=view_citation&hl=en&user=dXztgDYAAAAJ&citation_for_view=dXztgDYAAAAJ:F9fV5C73w3QC",
      "authors": "A Mishler, EH Kennedy",
      "venue": "Proceedings of the ACM Conference on Fairness, Accountability, and …, 2020",
      "year": 2020,
      "citations": 116
    },
    {
      "title": "Nonparametric causal effects based on incremental propensity score interventions",
      "url": "https://scholar.google.com/citations?view_op=view_citation&hl=en&user=dXztgDYAAAAJ&citation_for_view=dXztgDYAAAAJ:HtEfBTGE9r8C",
      "authors": "EH Kennedy",
      "venue": "Journal of the American Statistical Association 114 (526), 645-656, 2019",
      "year": 2019,
      "citations": 214
    },
    {
      "title": "Counterfactual risk assessments, evaluation, and fairness",
      "url": "https://scholar.google.com/citations?view_op=view_citation&hl=en&user=dXztgDYAAAAJ&citation_for_view=dXztgDYAAAAJ:HtS1dXgVpQUC",
      "authors": "A Coston, A Mishler, EH Kennedy, A Chouldechova",
      "venue": "Proceedings of the ACM Conference on Fairness, Accountability, and …, 2019",
      "year": 2019,
      "citations": 177
    },
    {
      "title": "Robust causal inference with continuous instruments using the local instrumental variable curve",
      "url": "https://scholar.google.com/citations?view_op=view_citation&hl=en&user=dXztgDYAAAAJ&citation_for_view=dXztgDYAAAAJ:8d8msizDQcsC",
      "authors": "EH Kennedy, SA Lorch, DS Small",
      "venue": "Journal of the Royal Statistical Society, Series B 81 (1), 121-143, 2019",
      "year": 2019,
      "citations": 86
    },
    {
      "title": "An introduction to G methods",
      "url": "https://scholar.google.com/citations?view_op=view_citation&hl=en&user=dXztgDYAAAAJ&citation_for_view=dXztgDYAAAAJ:0izLItjtcgwC",
      "authors": "AI Naimi, SR Cole, EH Kennedy",
      "venue": "International Journal of Epidemiology 46 (2), 756-762, 2017",
      "year": 2017,
      "citations": 463
    },
    {
      "title": "Non-parametric methods for doubly robust estimation of continuous treatment effects",
      "url": "https://scholar.google.com/citations?view_op=view_citation&hl=en&user=dXztgDYAAAAJ&citation_for_view=dXztgDYAAAAJ:bz8QjSJIRt4C",
      "authors": "EH Kennedy, Z Ma, MD McHugh, DS Small",
      "venue": "Journal of the Royal Statistical Society: Series B 79 (4), 1229-1245, 2017",
      "year": 2017,
      "citations": 397
    },
    {
      "title": "Semiparametric theory and empirical processes in causal inference",
      "url": "https://scholar.google.com/citations?view_op=view_citation&hl=en&user=dXztgDYAAAAJ&citation_for_view=dXztgDYAAAAJ:9pM33mqn1YgC",
      "authors": "EH Kennedy",
      "venue": "Statistical Causal Inferences and Their Applications in Public Health …, 2016",
      "year": 2016,
      "citations": 269
    },
    {
      "title": "Rate of false conviction of criminal defendants who are sentenced to death",
      "url": "https://scholar.google.com/citations?view_op=view_citation&hl=en&user=dXztgDYAAAAJ&citation_for_view=dXztgDYAAAAJ:PVjk1bu6vJQC",
      "authors": "SR Gross, B O’Brien, C Hu, EH Kennedy",
      "venue": "Proceedings of the National Academy of Sciences 111 (20), 7230-7235, 2014",
      "year": 2014,
      "citations": 249
    },
    {
      "title": "Estimating hospital costs of catheter‐associated urinary tract infection",
      "url": "https://scholar.google.com/citations?view_op=view_citation&hl=en&user=dXztgDYAAAAJ&citation_for_view=dXztgDYAAAAJ:_FxGoFyzp5QC",
      "authors": "EH Kennedy, MT Greene, S Saint",
      "venue": "Journal of Hospital Medicine 8 (9), 519-522, 2013",
      "year": 2013,
      "citations": 101
    },
    {
      "title": "Improved cardiovascular risk prediction using nonparametric regression and electronic health record data",
      "url": "https://scholar.google.com/citations?view_op=view_citation&hl=en&user=dXztgDYAAAAJ&citation_for_view=dXztgDYAAAAJ:YsMSGLbcyi4C",
      "authors": "EH Kennedy, WL Wiitala, RA Hayward, JB Sussman",
      "venue": "Medical Care 51 (3), 251-258, 2013",
      "year": 2013,
      "citations": 99
    },
    {
      "title": "Reducing inappropriate urinary catheter use: A statewide effort",
      "url": "https://scholar.google.com/citations?view_op=view_citation&hl=en&user=dXztgDYAAAAJ&citation_for_view=dXztgDYAAAAJ:d1gkVwhDpl0C",
      "authors": "MG Fakih, SR Watson, MT Greene, EH Kennedy, RN Olmsted, SL Krein, ...",
      "venue": "Archives of Internal Medicine 172 (3), 255-260, 2012",
      "year": 2012,
      "citations": 164
    },
    {
      "title": "Intensive care unit admitting patterns in the Veterans Affairs health care system",
      "url": "https://scholar.google.com/citations?view_op=view_citation&hl=en&user=dXztgDYAAAAJ&citation_for_view=dXztgDYAAAAJ:W7OEmFMy1HYC",
      "authors": "LM Chen, M Render, A Sales, EH Kennedy, W Wiitala, TP Hofer",
      "venue": "Archives of Internal Medicine 172 (16), 1220-1226, 2012",
      "year": 2012,
      "citations": 115
    }
  ],
  "co_authors": [
    {
      "name": "Ashley Naimi",
      "scholar_id": "hA7DPuMAAAAJ",
      "url": "https://scholar.google.com/citations?user=hA7DPuMAAAAJ"
    },
    {
      "name": "Larry Wasserman",
      "scholar_id": "XcD1ffwAAAAJ",
      "url": "https://scholar.google.com/citations?user=XcD1ffwAAAAJ"
    },
    {
      "name": "Dylan Small",
      "scholar_id": "R8L_WPQAAAAJ",
      "url": "https://scholar.google.com/citations?user=R8L_WPQAAAAJ"
    },
    {
      "name": "Sivaraman Balakrishnan",
      "scholar_id": "o7yFQXUAAAAJ",
      "url": "https://scholar.google.com/citations?user=o7yFQXUAAAAJ"
    },
    {
      "name": "Matteo Bonvini",
      "scholar_id": "I1OYOokAAAAJ",
      "url": "https://scholar.google.com/citations?user=I1OYOokAAAAJ"
    },
    {
      "name": "Alan Mishler",
      "scholar_id": "qSvw_8oAAAAJ",
      "url": "https://scholar.google.com/citations?user=qSvw_8oAAAAJ"
    },
    {
      "name": "Lisa M. Bodnar",
      "scholar_id": "hoENs4gAAAAJ",
      "url": "https://scholar.google.com/citations?user=hoENs4gAAAAJ"
    },
    {
      "name": "Amanda Coston",
      "scholar_id": "8U7d-_MAAAAJ",
      "url": "https://scholar.google.com/citations?user=8U7d-_MAAAAJ"
    },
    {
      "name": "Alexandra Chouldechova",
      "scholar_id": "uoDW9hkAAAAJ",
      "url": "https://scholar.google.com/citations?user=uoDW9hkAAAAJ"
    },
    {
      "name": "Zhenghao Zeng",
      "scholar_id": "Lx5Kh6AAAAAJ",
      "url": "https://scholar.google.com/citations?user=Lx5Kh6AAAAAJ"
    },
    {
      "name": "Luke Keele",
      "scholar_id": "OagZt_oAAAAJ",
      "url": "https://scholar.google.com/citations?user=OagZt_oAAAAJ"
    },
    {
      "name": "Zach Branson",
      "scholar_id": "lFteQO4AAAAJ",
      "url": "https://scholar.google.com/citations?user=lFteQO4AAAAJ"
    },
    {
      "name": "Alexander W. Levis",
      "scholar_id": "T-FpnSYAAAAJ",
      "url": "https://scholar.google.com/citations?user=T-FpnSYAAAAJ"
    },
    {
      "name": "Alec McClean",
      "scholar_id": "lsB4VsUAAAAJ",
      "url": "https://scholar.google.com/citations?user=lsB4VsUAAAAJ"
    },
    {
      "name": "Valerio Baćak",
      "scholar_id": "8JiYT9sAAAAJ",
      "url": "https://scholar.google.com/citations?user=8JiYT9sAAAAJ"
    },
    {
      "name": "Aaditya Ramdas",
      "scholar_id": "ZvFaPxUAAAAJ",
      "url": "https://scholar.google.com/citations?user=ZvFaPxUAAAAJ"
    },
    {
      "name": "Valérie Ventura",
      "scholar_id": "ktqbPscAAAAJ",
      "url": "https://scholar.google.com/citations?user=ktqbPscAAAAJ"
    },
    {
      "name": "Stephen R Cole",
      "scholar_id": "o55hygYAAAAJ",
      "url": "https://scholar.google.com/citations?user=o55hygYAAAAJ"
    },
    {
      "name": "David Arbour",
      "scholar_id": "prj0heYAAAAJ",
      "url": "https://scholar.google.com/citations?user=prj0heYAAAAJ"
    },
    {
      "name": "Theodore J Iwashyna",
      "scholar_id": "Ea-0kCgAAAAJ",
      "url": "https://scholar.google.com/citations?user=Ea-0kCgAAAAJ"
    }
  ]
}