{
  "author_info": {
    "name": "Ben Anson",
    "affiliation": "University of Bristol",
    "email_verified": "Verified email at bristol.ac.uk",
    "interests": [
      "deep learning"
    ],
    "photo_url": "/citations/images/avatar_scholar_128.png"
  },
  "citation_stats": {
    "citations_all": 41,
    "citations_since_2020": 41,
    "h_index_all": 3,
    "h_index_since_2020": 3,
    "i10_index_all": 1,
    "i10_index_since_2020": 1,
    "citation_graph": [
      {
        "year": 2023,
        "citations": 9
      },
      {
        "year": 2024,
        "citations": 22
      },
      {
        "year": 2025,
        "citations": 10
      }
    ]
  },
  "papers": [
    {
      "title": "Scale-invariant Attention",
      "url": "https://scholar.google.com/citations?view_op=view_citation&hl=en&user=snUPYUQAAAAJ&citation_for_view=snUPYUQAAAAJ:IjCSPb-OGe4C",
      "authors": "B Anson, X Wang, L Aitchison",
      "venue": "arXiv preprint arXiv:2505.17083, 2025",
      "year": 2025,
      "citations": 1
    },
    {
      "title": "Function-Space Learning Rates",
      "url": "https://scholar.google.com/citations?view_op=view_citation&hl=en&user=snUPYUQAAAAJ&citation_for_view=snUPYUQAAAAJ:2osOgNQ5qMEC",
      "authors": "E Milsom, B Anson, L Aitchison",
      "venue": "arXiv preprint arXiv:2502.17405, 2025",
      "year": 2025,
      "citations": 0
    },
    {
      "title": "Stochastic kernel regularisation improves generalisation in deep kernel machines",
      "url": "https://scholar.google.com/citations?view_op=view_citation&hl=en&user=snUPYUQAAAAJ&citation_for_view=snUPYUQAAAAJ:d1gkVwhDpl0C",
      "authors": "E Milsom, B Anson, L Aitchison",
      "venue": "Advances in Neural Information Processing Systems 37, 74690-74714, 2024",
      "year": 2024,
      "citations": 0
    },
    {
      "title": "A theory of representation learning gives a deep generalisation of kernel methods",
      "url": "https://scholar.google.com/citations?view_op=view_citation&hl=en&user=snUPYUQAAAAJ&citation_for_view=snUPYUQAAAAJ:qjMakFHDy7sC",
      "authors": "AX Yang, M Robeyns, E Milsom, B Anson, N Schoots, L Aitchison",
      "venue": "International Conference on Machine Learning, 39380-39415, 2023",
      "year": 2023,
      "citations": 28
    },
    {
      "title": "An improved variational approximate posterior for the deep Wishart process",
      "url": "https://scholar.google.com/citations?view_op=view_citation&hl=en&user=snUPYUQAAAAJ&citation_for_view=snUPYUQAAAAJ:9yKSN-GCB0IC",
      "authors": "SW Ober, B Anson, E Milsom, L Aitchison",
      "venue": "Uncertainty in Artificial Intelligence, 1555-1563, 2023",
      "year": 2023,
      "citations": 6
    },
    {
      "title": "Convolutional deep kernel machines",
      "url": "https://scholar.google.com/citations?view_op=view_citation&hl=en&user=snUPYUQAAAAJ&citation_for_view=snUPYUQAAAAJ:u-x6o8ySG0sC",
      "authors": "E Milsom, B Anson, L Aitchison",
      "venue": "arXiv preprint arXiv:2309.09814, 2023",
      "year": 2023,
      "citations": 5
    },
    {
      "title": "Flexible Infinite-Width Graph Convolutional Neural Networks",
      "url": "https://scholar.google.com/citations?view_op=view_citation&hl=en&user=snUPYUQAAAAJ&citation_for_view=snUPYUQAAAAJ:UeHWp8X0CEIC",
      "authors": "B Anson, E Milsom, L Aitchison",
      "venue": "",
      "citations": 1
    }
  ],
  "co_authors": []
}