{
  "author_info": {
    "name": "Michael Gastpar",
    "affiliation": "Professor, Ecole Polytechnique Fédérale (EPFL), Switzerland",
    "email_verified": "Verified email at epfl.ch - Homepage",
    "website": "https://ic-people.epfl.ch/~gastpar/",
    "interests": [
      "Information Theory",
      "Signal Processing",
      "Neuroscience"
    ],
    "photo_url": "https://scholar.googleusercontent.com/citations?view_op=view_photo&user=IQ3hcw4AAAAJ&citpid=2"
  },
  "citation_stats": {
    "citations_all": 15699,
    "citations_since_2020": 3338,
    "h_index_all": 51,
    "h_index_since_2020": 25,
    "i10_index_all": 161,
    "i10_index_since_2020": 71,
    "citation_graph": [
      {
        "year": 2003,
        "citations": 88
      },
      {
        "year": 2004,
        "citations": 175
      },
      {
        "year": 2005,
        "citations": 308
      },
      {
        "year": 2006,
        "citations": 419
      },
      {
        "year": 2007,
        "citations": 613
      },
      {
        "year": 2008,
        "citations": 735
      },
      {
        "year": 2009,
        "citations": 787
      },
      {
        "year": 2010,
        "citations": 913
      },
      {
        "year": 2011,
        "citations": 973
      },
      {
        "year": 2012,
        "citations": 1093
      },
      {
        "year": 2013,
        "citations": 1158
      },
      {
        "year": 2014,
        "citations": 1074
      },
      {
        "year": 2015,
        "citations": 931
      },
      {
        "year": 2016,
        "citations": 957
      },
      {
        "year": 2017,
        "citations": 776
      },
      {
        "year": 2018,
        "citations": 609
      },
      {
        "year": 2019,
        "citations": 570
      },
      {
        "year": 2020,
        "citations": 464
      },
      {
        "year": 2021,
        "citations": 553
      },
      {
        "year": 2022,
        "citations": 595
      },
      {
        "year": 2023,
        "citations": 511
      },
      {
        "year": 2024,
        "citations": 612
      },
      {
        "year": 2025,
        "citations": 598
      }
    ]
  },
  "papers": [
    {
      "title": "Quantifying high-order interdependencies via multivariate extensions of the mutual information",
      "url": "https://scholar.google.com/citations?view_op=view_citation&hl=en&user=IQ3hcw4AAAAJ&citation_for_view=IQ3hcw4AAAAJ:HGTzPopzzJcC",
      "authors": "FE Rosas, PAM Mediano, M Gastpar, HJ Jensen",
      "venue": "Physical Review E 100 (3), 032305, 2019",
      "year": 2019,
      "citations": 250
    },
    {
      "title": "Integer-forcing linear receivers",
      "url": "https://scholar.google.com/citations?view_op=view_citation&hl=en&user=IQ3hcw4AAAAJ&citation_for_view=IQ3hcw4AAAAJ:TQgYirikUcIC",
      "authors": "J Zhan, B Nazer, U Erez, M Gastpar",
      "venue": "IEEE Transactions on Information Theory 60 (12), 7661-7685, 2014",
      "year": 2014,
      "citations": 207
    },
    {
      "title": "Ergodic interference alignment",
      "url": "https://scholar.google.com/citations?view_op=view_citation&hl=en&user=IQ3hcw4AAAAJ&citation_for_view=IQ3hcw4AAAAJ:WF5omc3nYNoC",
      "authors": "B Nazer, M Gastpar, SA Jafar, S Vishwanath",
      "venue": "IEEE Transactions on Information Theory 58 (10), 6355-6371, 2012",
      "year": 2012,
      "citations": 328
    },
    {
      "title": "The sampling rate-distortion tradeoff for sparsity pattern recovery in compressed sensing",
      "url": "https://scholar.google.com/citations?view_op=view_citation&hl=en&user=IQ3hcw4AAAAJ&citation_for_view=IQ3hcw4AAAAJ:PR6Y55bgFSsC",
      "authors": "G Reeves, M Gastpar",
      "venue": "IEEE Transactions on Information Theory 58 (5), 3065-3092, 2012",
      "year": 2012,
      "citations": 188
    },
    {
      "title": "Compute-and-forward: Harnessing interference through structured codes",
      "url": "https://scholar.google.com/citations?view_op=view_citation&hl=en&user=IQ3hcw4AAAAJ&citation_for_view=IQ3hcw4AAAAJ:W7OEmFMy1HYC",
      "authors": "B Nazer, M Gastpar",
      "venue": "IEEE Transactions on Information Theory 57 (10), 6463-6486, 2011",
      "year": 2011,
      "citations": 1201
    },
    {
      "title": "Reliable physical layer network coding",
      "url": "https://scholar.google.com/citations?view_op=view_citation&hl=en&user=IQ3hcw4AAAAJ&citation_for_view=IQ3hcw4AAAAJ:dhFuZR0502QC",
      "authors": "B Nazer, M Gastpar",
      "venue": "Proceedings of the IEEE 99 (3), 438-460, 2011",
      "year": 2011,
      "citations": 342
    },
    {
      "title": "On LP decoding of polar codes",
      "url": "https://scholar.google.com/citations?view_op=view_citation&hl=en&user=IQ3hcw4AAAAJ&citation_for_view=IQ3hcw4AAAAJ:mvPsJ3kp5DgC",
      "authors": "N Goela, SB Korada, M Gastpar",
      "venue": "2010 IEEE Information Theory Workshop, 1-5, 2010",
      "year": 2010,
      "citations": 155
    },
    {
      "title": "Distributed source coding: theory, algorithms and applications",
      "url": "https://scholar.google.com/citations?view_op=view_citation&hl=en&user=IQ3hcw4AAAAJ&citation_for_view=IQ3hcw4AAAAJ:YOwf2qJgpHMC",
      "authors": "PL Dragotti, M Gastpar",
      "venue": "Academic Press, 2009",
      "year": 2009,
      "citations": 155
    },
    {
      "title": "Uncoded transmission is exactly optimal for a simple Gaussian “sensor” network",
      "url": "https://scholar.google.com/citations?view_op=view_citation&hl=en&user=IQ3hcw4AAAAJ&citation_for_view=IQ3hcw4AAAAJ:YsMSGLbcyi4C",
      "authors": "M Gastpar",
      "venue": "IEEE Transactions on Information Theory 54 (11), 5247-5251, 2008",
      "year": 2008,
      "citations": 365
    },
    {
      "title": "Computation over multiple-access channels",
      "url": "https://scholar.google.com/citations?view_op=view_citation&hl=en&user=IQ3hcw4AAAAJ&citation_for_view=IQ3hcw4AAAAJ:UeHWp8X0CEIC",
      "authors": "B Nazer, M Gastpar",
      "venue": "IEEE Transactions on information theory 53 (10), 3498-3516, 2007",
      "year": 2007,
      "citations": 807
    },
    {
      "title": "On capacity under receive and spatial spectrum-sharing constraints",
      "url": "https://scholar.google.com/citations?view_op=view_citation&hl=en&user=IQ3hcw4AAAAJ&citation_for_view=IQ3hcw4AAAAJ:qjMakFHDy7sC",
      "authors": "M Gastpar",
      "venue": "IEEE transactions on Information Theory 53 (2), 471-487, 2007",
      "year": 2007,
      "citations": 475
    },
    {
      "title": "The distributed karhunen–loeve transform",
      "url": "https://scholar.google.com/citations?view_op=view_citation&hl=en&user=IQ3hcw4AAAAJ&citation_for_view=IQ3hcw4AAAAJ:IjCSPb-OGe4C",
      "authors": "M Gastpar, PL Dragotti, M Vetterli",
      "venue": "IEEE Transactions on Information Theory 52 (12), 5177-5196, 2006",
      "year": 2006,
      "citations": 291
    },
    {
      "title": "Cooperative strategies and capacity theorems for relay networks",
      "url": "https://scholar.google.com/citations?view_op=view_citation&hl=en&user=IQ3hcw4AAAAJ&citation_for_view=IQ3hcw4AAAAJ:u5HHmVD_uO8C",
      "authors": "G Kramer, M Gastpar, P Gupta",
      "venue": "IEEE Transactions on Information Theory 51 (9), 3037-3063, 2005",
      "year": 2005,
      "citations": 3111
    },
    {
      "title": "On the capacity of large Gaussian relay networks",
      "url": "https://scholar.google.com/citations?view_op=view_citation&hl=en&user=IQ3hcw4AAAAJ&citation_for_view=IQ3hcw4AAAAJ:d1gkVwhDpl0C",
      "authors": "M Gastpar, M Vetterli",
      "venue": "IEEE Transactions on Information Theory 51 (3), 765-779, 2005",
      "year": 2005,
      "citations": 401
    },
    {
      "title": "Power, spatio-temporal bandwidth, and distortion in large sensor networks",
      "url": "https://scholar.google.com/citations?view_op=view_citation&hl=en&user=IQ3hcw4AAAAJ&citation_for_view=IQ3hcw4AAAAJ:Tyk-4Ss8FVUC",
      "authors": "M Gastpar, M Vetterli",
      "venue": "IEEE Journal on Selected Areas in Communications 23 (4), 745-754, 2005",
      "year": 2005,
      "citations": 179
    },
    {
      "title": "On capacity under received-signal constraints",
      "url": "https://scholar.google.com/citations?view_op=view_citation&hl=en&user=IQ3hcw4AAAAJ&citation_for_view=IQ3hcw4AAAAJ:ufrVoPGSRksC",
      "authors": "M Gastpar",
      "venue": "Proceedings of the 42nd annual allerton conference on communication, control …, 2004",
      "year": 2004,
      "citations": 141
    },
    {
      "title": "To code, or not to code: Lossy source-channel communication revisited",
      "url": "https://scholar.google.com/citations?view_op=view_citation&hl=en&user=IQ3hcw4AAAAJ&citation_for_view=IQ3hcw4AAAAJ:9yKSN-GCB0IC",
      "authors": "M Gastpar, B Rimoldi, M Vetterli",
      "venue": "IEEE Transactions on Information Theory 49 (5), 1147-1158, 2003",
      "year": 2003,
      "citations": 597
    },
    {
      "title": "Source-channel communication in sensor networks",
      "url": "https://scholar.google.com/citations?view_op=view_citation&hl=en&user=IQ3hcw4AAAAJ&citation_for_view=IQ3hcw4AAAAJ:2osOgNQ5qMEC",
      "authors": "M Gastpar, M Vetterli",
      "venue": "Information Processing in Sensor Networks, 162-177, 2003",
      "year": 2003,
      "citations": 354
    },
    {
      "title": "Capacity theorems for wireless relay channels",
      "url": "https://scholar.google.com/citations?view_op=view_citation&hl=en&user=IQ3hcw4AAAAJ&citation_for_view=IQ3hcw4AAAAJ:zYLM7Y9cAGgC",
      "authors": "G Kramer, M Gastpar, P Gupta",
      "venue": "Allerton Conference on Communication, Control, and Computing, 1074-1083, 2003",
      "year": 2003,
      "citations": 174
    },
    {
      "title": "On the capacity of wireless networks: The relay case",
      "url": "https://scholar.google.com/citations?view_op=view_citation&hl=en&user=IQ3hcw4AAAAJ&citation_for_view=IQ3hcw4AAAAJ:u-x6o8ySG0sC",
      "authors": "M Gastpar, M Vetterli",
      "venue": "Proceedings. Twenty-First Annual Joint Conference of the IEEE Computer and …, 2002",
      "year": 2002,
      "citations": 669
    }
  ],
  "co_authors": [
    {
      "name": "Bobak Nazer",
      "scholar_id": "ITSYrbAAAAAJ",
      "url": "https://scholar.google.com/citations?user=ITSYrbAAAAAJ"
    },
    {
      "name": "martin vetterli",
      "scholar_id": "YQcU3NYAAAAJ",
      "url": "https://scholar.google.com/citations?user=YQcU3NYAAAAJ"
    },
    {
      "name": "Gerhard Kramer",
      "scholar_id": "6QaGU9MAAAAJ",
      "url": "https://scholar.google.com/citations?user=6QaGU9MAAAAJ"
    },
    {
      "name": "Pier Luigi Dragotti",
      "scholar_id": "5lDS3CcAAAAJ",
      "url": "https://scholar.google.com/citations?user=5lDS3CcAAAAJ"
    },
    {
      "name": "Sung Hoon Lim",
      "scholar_id": "wDltOqQAAAAJ",
      "url": "https://scholar.google.com/citations?user=wDltOqQAAAAJ"
    },
    {
      "name": "Anand Sarwate",
      "scholar_id": "jgr1-eEAAAAJ",
      "url": "https://scholar.google.com/citations?user=jgr1-eEAAAAJ"
    },
    {
      "name": "Piyush Gupta",
      "scholar_id": "zofVx00AAAAJ",
      "url": "https://scholar.google.com/citations?user=zofVx00AAAAJ"
    },
    {
      "name": "Krish Eswaran",
      "scholar_id": "I5gPRf0AAAAJ",
      "url": "https://scholar.google.com/citations?user=I5gPRf0AAAAJ"
    },
    {
      "name": "Amedeo Roberto Esposito",
      "scholar_id": "Zdpr-KcAAAAJ",
      "url": "https://scholar.google.com/citations?user=Zdpr-KcAAAAJ"
    },
    {
      "name": "Kannan Ramchandran",
      "scholar_id": "DcV-5RAAAAAJ",
      "url": "https://scholar.google.com/citations?user=DcV-5RAAAAAJ"
    },
    {
      "name": "Galen Reeves",
      "scholar_id": "kxyFeAIAAAAJ",
      "url": "https://scholar.google.com/citations?user=kxyFeAIAAAAJ"
    },
    {
      "name": "Adriano Pastore",
      "scholar_id": "JZxVVD8AAAAJ",
      "url": "https://scholar.google.com/citations?user=JZxVVD8AAAAJ"
    },
    {
      "name": "Marco Bondaschi",
      "scholar_id": "rQkl8gIAAAAJ",
      "url": "https://scholar.google.com/citations?user=rQkl8gIAAAAJ"
    },
    {
      "name": "Ibrahim Issa",
      "scholar_id": "6odfSA4AAAAJ",
      "url": "https://scholar.google.com/citations?user=6odfSA4AAAAJ"
    },
    {
      "name": "Jasper Goseling",
      "scholar_id": "eZlDBAsAAAAJ",
      "url": "https://scholar.google.com/citations?user=eZlDBAsAAAAJ"
    },
    {
      "name": "Jos Weber",
      "scholar_id": "MLDL6xwAAAAJ",
      "url": "https://scholar.google.com/citations?user=MLDL6xwAAAAJ"
    },
    {
      "name": "Jose Carmena",
      "scholar_id": "c5ysyXkAAAAJ",
      "url": "https://scholar.google.com/citations?user=c5ysyXkAAAAJ"
    },
    {
      "name": "Kelvin So",
      "scholar_id": "V7vBTHMAAAAJ",
      "url": "https://scholar.google.com/citations?user=V7vBTHMAAAAJ"
    },
    {
      "name": "Sang-Woon Jeon",
      "scholar_id": "8dnrnzsAAAAJ",
      "url": "https://scholar.google.com/citations?user=8dnrnzsAAAAJ"
    },
    {
      "name": "Bixio Rimoldi",
      "scholar_id": "SsEHa6cAAAAJ",
      "url": "https://scholar.google.com/citations?user=SsEHa6cAAAAJ"
    }
  ]
}