{
  "author_info": {
    "name": "Stefanie Jegelka",
    "affiliation": "TUM and MIT",
    "email_verified": "Verified email at mit.edu - Homepage",
    "website": "http://people.csail.mit.edu/stefje/",
    "interests": [
      "Machine Learning",
      "Optimization",
      "Submodularity",
      "Graph Neural Networks"
    ],
    "photo_url": "/citations/images/avatar_scholar_128.png"
  },
  "citation_stats": {
    "citations_all": 29955,
    "citations_since_2020": 26718,
    "h_index_all": 55,
    "h_index_since_2020": 49,
    "i10_index_all": 118,
    "i10_index_since_2020": 104,
    "citation_graph": [
      {
        "year": 2014,
        "citations": 134
      },
      {
        "year": 2015,
        "citations": 200
      },
      {
        "year": 2016,
        "citations": 273
      },
      {
        "year": 2017,
        "citations": 439
      },
      {
        "year": 2018,
        "citations": 654
      },
      {
        "year": 2019,
        "citations": 1176
      },
      {
        "year": 2020,
        "citations": 2040
      },
      {
        "year": 2021,
        "citations": 3068
      },
      {
        "year": 2022,
        "citations": 4273
      },
      {
        "year": 2023,
        "citations": 5082
      },
      {
        "year": 2024,
        "citations": 6321
      },
      {
        "year": 2025,
        "citations": 5917
      }
    ]
  },
  "papers": [
    {
      "title": "Graph neural networks",
      "url": "https://scholar.google.com/citations?view_op=view_citation&hl=en&user=gTWUZlsAAAAJ&citation_for_view=gTWUZlsAAAAJ:PoWvk5oyLR8C",
      "authors": "G Corso, H Stark, S Jegelka, T Jaakkola, R Barzilay",
      "venue": "Nature Reviews Methods Primers 4 (1), 17, 2024",
      "year": 2024,
      "citations": 280
    },
    {
      "title": "Sign and Basis Invariant Networks for Spectral Graph Representation Learning",
      "url": "https://scholar.google.com/citations?view_op=view_citation&hl=en&user=gTWUZlsAAAAJ&citation_for_view=gTWUZlsAAAAJ:evX43VCCuoAC",
      "authors": "D Lim, J Robinson, L Zhao, T Smidt, S Sra, H Maron, S Jegelka",
      "venue": "arXiv preprint arXiv:2202.13013, 2022",
      "year": 2022,
      "citations": 237
    },
    {
      "title": "Contrastive learning with hard negative samples",
      "url": "https://scholar.google.com/citations?view_op=view_citation&hl=en&user=gTWUZlsAAAAJ&citation_for_view=gTWUZlsAAAAJ:olpn-zPbct0C",
      "authors": "J Robinson, SJ Chuang, Ching-Yao, Suvrit Sra",
      "venue": "International Conference on Learning Representations, 2021",
      "year": 2021,
      "citations": 1131
    },
    {
      "title": "Can contrastive learning avoid shortcut solutions?",
      "url": "https://scholar.google.com/citations?view_op=view_citation&hl=en&user=gTWUZlsAAAAJ&citation_for_view=gTWUZlsAAAAJ:JQOojiI6XY0C",
      "authors": "J Robinson, L Sun, K Yu, K Batmanghelich, S Jegelka, S Sra",
      "venue": "Advances in neural information processing systems 34, 4974-4986, 2021",
      "year": 2021,
      "citations": 186
    },
    {
      "title": "Debiased contrastive learning",
      "url": "https://scholar.google.com/citations?view_op=view_citation&hl=en&user=gTWUZlsAAAAJ&citation_for_view=gTWUZlsAAAAJ:4fKUyHm3Qg0C",
      "authors": "CY Chuang, J Robinson, YC Lin, A Torralba, S Jegelka",
      "venue": "Advances in Neural Information Processing Systems 33, 2020",
      "year": 2020,
      "citations": 876
    },
    {
      "title": "How neural networks extrapolate: From feedforward to graph neural networks",
      "url": "https://scholar.google.com/citations?view_op=view_citation&hl=en&user=gTWUZlsAAAAJ&citation_for_view=gTWUZlsAAAAJ:8AbLer7MMksC",
      "authors": "K Xu, M Zhang, J Li, SS Du, K Kawarabayashi, S Jegelka",
      "venue": "arXiv preprint arXiv:2009.11848, 2020",
      "year": 2020,
      "citations": 452
    },
    {
      "title": "Generalization and representational limits of graph neural networks",
      "url": "https://scholar.google.com/citations?view_op=view_citation&hl=en&user=gTWUZlsAAAAJ&citation_for_view=gTWUZlsAAAAJ:K3LRdlH-MEoC",
      "authors": "V Garg, S Jegelka, T Jaakkola",
      "venue": "International Conference on Machine Learning, 3419-3430, 2020",
      "year": 2020,
      "citations": 435
    },
    {
      "title": "What Can Neural Networks Reason About?",
      "url": "https://scholar.google.com/citations?view_op=view_citation&hl=en&user=gTWUZlsAAAAJ&citation_for_view=gTWUZlsAAAAJ:uWQEDVKXjbEC",
      "authors": "K Xu, J Li, M Zhang, SS Du, K Kawarabayashi, S Jegelka",
      "venue": "arXiv preprint arXiv:1905.13211, 2019",
      "year": 2019,
      "citations": 357
    },
    {
      "title": "Distributionally robust optimization and generalization in kernel methods",
      "url": "https://scholar.google.com/citations?view_op=view_citation&hl=en&user=gTWUZlsAAAAJ&citation_for_view=gTWUZlsAAAAJ:P5F9QuxV20EC",
      "authors": "M Staib, S Jegelka",
      "venue": "Advances in Neural Information Processing Systems, 9134-9144, 2019",
      "year": 2019,
      "citations": 188
    },
    {
      "title": "How powerful are graph neural networks?",
      "url": "https://scholar.google.com/citations?view_op=view_citation&hl=en&user=gTWUZlsAAAAJ&citation_for_view=gTWUZlsAAAAJ:ZuybSZzF8UAC",
      "authors": "K Xu, W Hu, J Leskovec, S Jegelka",
      "venue": "arXiv preprint arXiv:1810.00826, 2018",
      "year": 2018,
      "citations": 12425
    },
    {
      "title": "Representation learning on graphs with jumping knowledge networks",
      "url": "https://scholar.google.com/citations?view_op=view_citation&hl=en&user=gTWUZlsAAAAJ&citation_for_view=gTWUZlsAAAAJ:dfsIfKJdRG4C",
      "authors": "K Xu, C Li, Y Tian, T Sonobe, K Kawarabayashi, S Jegelka",
      "venue": "International Conference on Machine Learning, 5453-5462, 2018",
      "year": 2018,
      "citations": 2889
    },
    {
      "title": "Resnet with one-neuron hidden layers is a universal approximator",
      "url": "https://scholar.google.com/citations?view_op=view_citation&hl=en&user=gTWUZlsAAAAJ&citation_for_view=gTWUZlsAAAAJ:yD5IFk8b50cC",
      "authors": "H Lin, S Jegelka",
      "venue": "Advances in neural information processing systems 31, 6169-6178, 2018",
      "year": 2018,
      "citations": 330
    },
    {
      "title": "Batched large-scale bayesian optimization in high-dimensional spaces",
      "url": "https://scholar.google.com/citations?view_op=view_citation&hl=en&user=gTWUZlsAAAAJ&citation_for_view=gTWUZlsAAAAJ:rO6llkc54NcC",
      "authors": "Z Wang, C Gehring, P Kohli, S Jegelka",
      "venue": "International Conference on Artificial Intelligence and Statistics, 745-754, 2018",
      "year": 2018,
      "citations": 297
    },
    {
      "title": "Max-value entropy search for efficient Bayesian optimization",
      "url": "https://scholar.google.com/citations?view_op=view_citation&hl=en&user=gTWUZlsAAAAJ&citation_for_view=gTWUZlsAAAAJ:NaGl4SEjCO4C",
      "authors": "Z Wang, S Jegelka",
      "venue": "Proceedings of the 34th International Conference on Machine Learning-Volume …, 2017",
      "year": 2017,
      "citations": 607
    },
    {
      "title": "Deep Metric Learning via Facility Location",
      "url": "https://scholar.google.com/citations?view_op=view_citation&hl=en&user=gTWUZlsAAAAJ&citation_for_view=gTWUZlsAAAAJ:J_g5lzvAfSwC",
      "authors": "HO Song, S Jegelka, V Rathod, K Murphy",
      "venue": "CVPR, 2017",
      "year": 2017,
      "citations": 399
    },
    {
      "title": "Virtual screening of inorganic materials synthesis parameters with deep learning",
      "url": "https://scholar.google.com/citations?view_op=view_citation&hl=en&user=gTWUZlsAAAAJ&citation_for_view=gTWUZlsAAAAJ:SeFeTyx0c_EC",
      "authors": "E Kim, K Huang, S Jegelka, E Olivetti",
      "venue": "npj Computational Materials 3 (53), 2017",
      "year": 2017,
      "citations": 184
    },
    {
      "title": "Deep metric learning via lifted structured feature embedding",
      "url": "https://scholar.google.com/citations?view_op=view_citation&hl=en&user=gTWUZlsAAAAJ&citation_for_view=gTWUZlsAAAAJ:M3ejUd6NZC8C",
      "authors": "H Oh Song, Y Xiang, S Jegelka, S Savarese",
      "venue": "Proceedings of the IEEE Conference on Computer Vision and Pattern …, 2016",
      "year": 2016,
      "citations": 2250
    },
    {
      "title": "On learning to localize objects with minimal supervision",
      "url": "https://scholar.google.com/citations?view_op=view_citation&hl=en&user=gTWUZlsAAAAJ&citation_for_view=gTWUZlsAAAAJ:u-x6o8ySG0sC",
      "authors": "HO Song, R Girshick, S Jegelka, J Mairal, Z Harchaoui, T Darrell",
      "venue": "International Conference on Machine Learning (ICML), 2014",
      "year": 2014,
      "citations": 298
    },
    {
      "title": "Weakly-supervised discovery of visual pattern configurations",
      "url": "https://scholar.google.com/citations?view_op=view_citation&hl=en&user=gTWUZlsAAAAJ&citation_for_view=gTWUZlsAAAAJ:ufrVoPGSRksC",
      "authors": "HO Song, YJ Lee, S Jegelka, T Darrell",
      "venue": "Advances in neural information processing systems 27, 1637-1645, 2014",
      "year": 2014,
      "citations": 198
    },
    {
      "title": "Submodularity beyond submodular energies: coupling edges in graph cuts",
      "url": "https://scholar.google.com/citations?view_op=view_citation&hl=en&user=gTWUZlsAAAAJ&citation_for_view=gTWUZlsAAAAJ:u5HHmVD_uO8C",
      "authors": "S Jegelka, J Bilmes",
      "venue": "Computer Vision and Pattern Recognition (CVPR), 2011 IEEE Conference on …, 2011",
      "year": 2011,
      "citations": 257
    }
  ],
  "co_authors": [
    {
      "name": "Keyulu Xu",
      "scholar_id": "eV2tuR8AAAAJ",
      "url": "https://scholar.google.com/citations?user=eV2tuR8AAAAJ"
    },
    {
      "name": "Suvrit Sra",
      "scholar_id": "eyCw9goAAAAJ",
      "url": "https://scholar.google.com/citations?user=eyCw9goAAAAJ"
    },
    {
      "name": "Chengtao Li",
      "scholar_id": "hy-qH-cAAAAJ",
      "url": "https://scholar.google.com/citations?user=hy-qH-cAAAAJ"
    },
    {
      "name": "Joshua Robinson",
      "scholar_id": "E02doCkAAAAJ",
      "url": "https://scholar.google.com/citations?user=E02doCkAAAAJ"
    },
    {
      "name": "Jure Leskovec",
      "scholar_id": "Q_kKkIUAAAAJ",
      "url": "https://scholar.google.com/citations?user=Q_kKkIUAAAAJ"
    },
    {
      "name": "Ching-Yao Chuang",
      "scholar_id": "fpUICd0AAAAJ",
      "url": "https://scholar.google.com/citations?user=fpUICd0AAAAJ"
    },
    {
      "name": "Jeffrey A. Bilmes",
      "scholar_id": "L9QufAsAAAAJ",
      "url": "https://scholar.google.com/citations?user=L9QufAsAAAAJ"
    },
    {
      "name": "Weihua Hu",
      "scholar_id": "wAFMjfkAAAAJ",
      "url": "https://scholar.google.com/citations?user=wAFMjfkAAAAJ"
    },
    {
      "name": "Hyun Oh Song",
      "scholar_id": "ScoZZPsAAAAJ",
      "url": "https://scholar.google.com/citations?user=ScoZZPsAAAAJ"
    },
    {
      "name": "Tommi Jaakkola",
      "scholar_id": "Ao4gtsYAAAAJ",
      "url": "https://scholar.google.com/citations?user=Ao4gtsYAAAAJ"
    },
    {
      "name": "Yonglong Tian",
      "scholar_id": "OsP7JHAAAAAJ",
      "url": "https://scholar.google.com/citations?user=OsP7JHAAAAAJ"
    },
    {
      "name": "Ken-ichi Kawarabayashi",
      "scholar_id": "DWERCmsAAAAJ",
      "url": "https://scholar.google.com/citations?user=DWERCmsAAAAJ"
    },
    {
      "name": "Antonio Torralba",
      "scholar_id": "8cxDHS4AAAAJ",
      "url": "https://scholar.google.com/citations?user=8cxDHS4AAAAJ"
    },
    {
      "name": "Matthew Staib",
      "scholar_id": "FioDApkAAAAJ",
      "url": "https://scholar.google.com/citations?user=FioDApkAAAAJ"
    },
    {
      "name": "Zi Wang",
      "scholar_id": "U0egIsIAAAAJ",
      "url": "https://scholar.google.com/citations?user=U0egIsIAAAAJ"
    },
    {
      "name": "Andreas Krause",
      "scholar_id": "eDHv58AAAAAJ",
      "url": "https://scholar.google.com/citations?user=eDHv58AAAAAJ"
    },
    {
      "name": "Behrooz Tahmasebi",
      "scholar_id": "ZXCO3DMAAAAJ",
      "url": "https://scholar.google.com/citations?user=ZXCO3DMAAAAJ"
    },
    {
      "name": "Haggai Maron",
      "scholar_id": "4v8uJrIAAAAJ",
      "url": "https://scholar.google.com/citations?user=4v8uJrIAAAAJ"
    },
    {
      "name": "Mozhi Zhang",
      "scholar_id": "2_gFWe4AAAAJ",
      "url": "https://scholar.google.com/citations?user=2_gFWe4AAAAJ"
    },
    {
      "name": "Trevor Darrell",
      "scholar_id": "bh-uRFMAAAAJ",
      "url": "https://scholar.google.com/citations?user=bh-uRFMAAAAJ"
    }
  ]
}