{
  "author_info": {
    "name": "Evan Z. Chen",
    "affiliation": "MSCS Student, University of Illinois Urbana-Champaign",
    "email_verified": "Verified email at illinois.edu - Homepage",
    "website": "https://zuyouchen.github.io/",
    "interests": [],
    "photo_url": "/citations/images/avatar_scholar_128.png"
  },
  "citation_stats": {
    "citation_graph": []
  },
  "papers": [
    {
      "title": "Demeter: A Parametric Model of Crop Plant Morphology from the Real World",
      "url": "https://scholar.google.com/citations?view_op=view_citation&hl=en&user=sgmjh2QAAAAJ&citation_for_view=sgmjh2QAAAAJ:u5HHmVD_uO8C",
      "authors": "T Cheng, AJ Zhai, EZ Chen, R Zhou, Y Deng, Z Li, K Zhao, J Shiu, Q Zhao, ...",
      "venue": "Proceedings of the IEEE/CVF International Conference on Computer Vision …, 2025",
      "year": 2025,
      "citations": 0
    }
  ],
  "co_authors": []
}