{
  "author_info": {
    "name": "Zichen Liang",
    "affiliation": "Nankai University",
    "email_verified": "Verified email at mail.nankai.edu.cn - Homepage",
    "website": "https://jack-chen-2019.github.io/liangzc/",
    "interests": [
      "Computer Vision",
      "Embodied AI",
      "MLLMs"
    ],
    "photo_url": "https://scholar.googleusercontent.com/citations?view_op=view_photo&user=7UZ_K8cAAAAJ&citpid=2"
  },
  "citation_stats": {
    "citations_all": 12,
    "citations_since_2020": 12,
    "h_index_all": 2,
    "h_index_since_2020": 2,
    "i10_index_all": 0,
    "i10_index_since_2020": 0,
    "citation_graph": [
      {
        "year": 2024,
        "citations": 1
      },
      {
        "year": 2025,
        "citations": 11
      }
    ]
  },
  "papers": [
    {
      "title": "KAC: Kolmogorov-Arnold Classifier for Continual Learning",
      "url": "https://scholar.google.com/citations?view_op=view_citation&hl=en&user=7UZ_K8cAAAAJ&citation_for_view=7UZ_K8cAAAAJ:GnPB-g6toBAC",
      "authors": "Y Hu, Z Liang, F Yang, Q Hou, X Liu, MM Cheng",
      "venue": "IEEE Computer Vision and Pattern Recognition (Highlight), 2025",
      "year": 2025,
      "citations": 5
    },
    {
      "title": "Enhancing Continual Semantic Segmentation via Uncertainty and Class Balance Re-weighting",
      "url": "https://scholar.google.com/citations?view_op=view_citation&hl=en&user=7UZ_K8cAAAAJ&citation_for_view=7UZ_K8cAAAAJ:O3NaXMp0MMsC",
      "authors": "Z Liang, Y Hu, F Yang, X Liu",
      "venue": "IEEE Transactions on Image Processing, 2025",
      "year": 2025,
      "citations": 1
    },
    {
      "title": "Logo-VGR: Visual Grounded Reasoning for Open-world Logo Recognition",
      "url": "https://scholar.google.com/citations?view_op=view_citation&hl=en&user=7UZ_K8cAAAAJ&citation_for_view=7UZ_K8cAAAAJ:ns9cj8rnVeAC",
      "authors": "Z Liang, J Fei, J Wang, Z Yang, C Li, P Wu, M Qiu, F Yang, X Liu",
      "venue": "arXiv preprint arXiv:2509.25811, 2025",
      "year": 2025,
      "citations": 0
    },
    {
      "title": "Reformulating classification as image-class matching for class incremental learning",
      "url": "https://scholar.google.com/citations?view_op=view_citation&hl=en&user=7UZ_K8cAAAAJ&citation_for_view=7UZ_K8cAAAAJ:BqipwSGYUEgC",
      "authors": "Y Hu, Z Liang, X Liu, Q Hou, MM Cheng",
      "venue": "IEEE Transactions on Circuits and Systems for Video Technology, 2024",
      "year": 2024,
      "citations": 6
    }
  ],
  "co_authors": [
    {
      "name": "Xialei Liu 刘夏雷",
      "scholar_id": "akuWIJQAAAAJ",
      "url": "https://scholar.google.com/citations?user=akuWIJQAAAAJ"
    },
    {
      "name": "Yusong Hu (胡煜松)",
      "scholar_id": "A8Go6k4AAAAJ",
      "url": "https://scholar.google.com/citations?user=A8Go6k4AAAAJ"
    },
    {
      "name": "Fei Yang",
      "scholar_id": "S1gksNwAAAAJ",
      "url": "https://scholar.google.com/citations?user=S1gksNwAAAAJ"
    },
    {
      "name": "Ming-Ming Cheng",
      "scholar_id": "huWpVyEAAAAJ",
      "url": "https://scholar.google.com/citations?user=huWpVyEAAAAJ"
    },
    {
      "name": "Qibin Hou",
      "scholar_id": "fF8OFV8AAAAJ",
      "url": "https://scholar.google.com/citations?user=fF8OFV8AAAAJ"
    },
    {
      "name": "Jingjing Fei",
      "scholar_id": "vSM7n_UAAAAJ",
      "url": "https://scholar.google.com/citations?user=vSM7n_UAAAAJ"
    }
  ]
}