{
  "author_info": {
    "name": "Hyunwoo Kim",
    "affiliation": "Technology Advisor, Newnal",
    "email_verified": "Verified email at newnal.com - Homepage",
    "website": "https://sites.google.com/view/hyunwookim/",
    "interests": [
      "Computer Vision",
      "Deep Learning"
    ],
    "photo_url": "https://scholar.googleusercontent.com/citations?view_op=view_photo&user=5DfOhKwAAAAJ&citpid=10"
  },
  "citation_stats": {
    "citations_all": 3860,
    "citations_since_2020": 2582,
    "h_index_all": 27,
    "h_index_since_2020": 14,
    "i10_index_all": 39,
    "i10_index_since_2020": 20,
    "citation_graph": [
      {
        "year": 2001,
        "citations": 11
      },
      {
        "year": 2002,
        "citations": 19
      },
      {
        "year": 2003,
        "citations": 44
      },
      {
        "year": 2004,
        "citations": 49
      },
      {
        "year": 2005,
        "citations": 38
      },
      {
        "year": 2006,
        "citations": 58
      },
      {
        "year": 2007,
        "citations": 63
      },
      {
        "year": 2008,
        "citations": 86
      },
      {
        "year": 2009,
        "citations": 83
      },
      {
        "year": 2010,
        "citations": 79
      },
      {
        "year": 2011,
        "citations": 92
      },
      {
        "year": 2012,
        "citations": 95
      },
      {
        "year": 2013,
        "citations": 87
      },
      {
        "year": 2014,
        "citations": 93
      },
      {
        "year": 2015,
        "citations": 92
      },
      {
        "year": 2016,
        "citations": 74
      },
      {
        "year": 2017,
        "citations": 61
      },
      {
        "year": 2018,
        "citations": 54
      },
      {
        "year": 2019,
        "citations": 63
      },
      {
        "year": 2020,
        "citations": 77
      },
      {
        "year": 2021,
        "citations": 179
      },
      {
        "year": 2022,
        "citations": 364
      },
      {
        "year": 2023,
        "citations": 624
      },
      {
        "year": 2024,
        "citations": 762
      },
      {
        "year": 2025,
        "citations": 569
      }
    ]
  },
  "papers": [
    {
      "title": "Online continual learning in image classification: An empirical survey",
      "url": "https://scholar.google.com/citations?view_op=view_citation&hl=en&user=5DfOhKwAAAAJ&citation_for_view=5DfOhKwAAAAJ:CaZNVDsoPx4C",
      "authors": "Z Mai, R Li, J Jeong, D Quispe, H Kim, S Sanner",
      "venue": "Neurocomputing, 2022",
      "year": 2022,
      "citations": 608
    },
    {
      "title": "Perception Prioritized Training of Diffusion Models",
      "url": "https://scholar.google.com/citations?view_op=view_citation&hl=en&user=5DfOhKwAAAAJ&citation_for_view=5DfOhKwAAAAJ:j7_hQOaDUrUC",
      "authors": "J Choi, J Lee, C Shin, S Kim, H Kim, S Yoon",
      "venue": "The IEEE/CVF Conference on Computer Vision and Pattern Recognition (CVPR), 2022",
      "year": 2022,
      "citations": 342
    },
    {
      "title": "Bridging the Gap between Classification and Localization for Weakly Supervised Object Localization",
      "url": "https://scholar.google.com/citations?view_op=view_citation&hl=en&user=5DfOhKwAAAAJ&citation_for_view=5DfOhKwAAAAJ:IaI1MmNe2tcC",
      "authors": "E Kim, S Kim, J Lee, H Kim, S Yoon",
      "venue": "The IEEE/CVF Conference on Computer Vision and Pattern Recognition (CVPR), 2022",
      "year": 2022,
      "citations": 63
    },
    {
      "title": "VISOLO: Grid-Based Space-Time Aggregation for Efficient Online Video Instance Segmentation",
      "url": "https://scholar.google.com/citations?view_op=view_citation&hl=en&user=5DfOhKwAAAAJ&citation_for_view=5DfOhKwAAAAJ:PaBasH6fAo0C",
      "authors": "SH Han, S Hwang, SW Oh, Y Park, H Kim, MJ Kim, SJ Kim",
      "venue": "The IEEE/CVF Conference on Computer Vision and Pattern Recognition (CVPR) (Oral), 2022",
      "year": 2022,
      "citations": 48
    },
    {
      "title": "Online Class-Incremental Continual Learning with Adversarial Shapley Value",
      "url": "https://scholar.google.com/citations?view_op=view_citation&hl=en&user=5DfOhKwAAAAJ&citation_for_view=5DfOhKwAAAAJ:wMgC3FpKEyYC",
      "authors": "D Shim, Z Mai, J Jeong, S Sanner, H Kim, J Jang",
      "venue": "Proceedings of the AAAI Conference on Artificial Intelligence, 2021 (AAAI-21 …, 2021",
      "year": 2021,
      "citations": 292
    },
    {
      "title": "Supervised Contrastive Replay: Revisiting the Nearest Class Mean Classifier in Online Class-Incremental Continual Learning",
      "url": "https://scholar.google.com/citations?view_op=view_citation&hl=en&user=5DfOhKwAAAAJ&citation_for_view=5DfOhKwAAAAJ:ALROH1vI_8AC",
      "authors": "Z Mai, R Li, H Kim, S Sanner",
      "venue": "The IEEE/CVF Conference on Computer Vision and Pattern Recognition (CVPR …, 2021",
      "year": 2021,
      "citations": 270
    },
    {
      "title": "Integrated Grad-CAM: Sensitivity-Aware Visual Explanation of Deep Convolutional Networks via Integrated Gradient-Based Scoring",
      "url": "https://scholar.google.com/citations?view_op=view_citation&hl=en&user=5DfOhKwAAAAJ&citation_for_view=5DfOhKwAAAAJ:48xauSegjOkC",
      "authors": "S Sattarzadeh, M Sudhakar, KN Plataniotis, J Jang, Y Jeong, H Kim",
      "venue": "ICASSP 2021 : IEEE International Conference on Acoustics, Speech and Signal …, 2021",
      "year": 2021,
      "citations": 69
    },
    {
      "title": "Explaining Convolutional Neural Networks through Attribution-Based Input Sampling and Block-Wise Feature Aggregation",
      "url": "https://scholar.google.com/citations?view_op=view_citation&hl=en&user=5DfOhKwAAAAJ&citation_for_view=5DfOhKwAAAAJ:jL-93Qbq4QoC",
      "authors": "S Sattarzadeh, M Sudhakar, A Lem, S Mehryar, KN Plataniotis, J Jang, ...",
      "venue": "Proceedings of the AAAI Conference on Artificial Intelligence, 2021 (AAAI-21 …, 2021",
      "year": 2021,
      "citations": 52
    },
    {
      "title": "Learning not to learn: Training deep neural networks with biased data",
      "url": "https://scholar.google.com/citations?view_op=view_citation&hl=en&user=5DfOhKwAAAAJ&citation_for_view=5DfOhKwAAAAJ:uDGL6kOW6j0C",
      "authors": "B Kim, H Kim, K Kim, S Kim, J Kim",
      "venue": "Proceedings of the IEEE/CVF Conference on Computer Vision and Pattern …, 2019",
      "year": 2019,
      "citations": 563
    },
    {
      "title": "Simultaneous line matching and epipolar geometry estimation based on the intersection context of coplanar line pairs",
      "url": "https://scholar.google.com/citations?view_op=view_citation&hl=en&user=5DfOhKwAAAAJ&citation_for_view=5DfOhKwAAAAJ:hMod-77fHWUC",
      "authors": "H Kim, S Lee",
      "venue": "Pattern Recognition Letters, 2012",
      "year": 2012,
      "citations": 53
    },
    {
      "title": "Face recognition system using multiple face model of hybrid Fourier feature under uncontrolled illumination variation",
      "url": "https://scholar.google.com/citations?view_op=view_citation&hl=en&user=5DfOhKwAAAAJ&citation_for_view=5DfOhKwAAAAJ:maZDTaKrznsC",
      "authors": "W Hwang, H Wang, H Kim, SC Kee, J Kim",
      "venue": "IEEE transactions on image processing 20 (4), 1152-1165, 2010",
      "year": 2010,
      "citations": 88
    },
    {
      "title": "Method and apparatus of recognizing face using component-based 2nd-order principal component analysis (PCA)/independent component analysis (ICA)",
      "url": "https://scholar.google.com/citations?view_op=view_citation&hl=en&user=5DfOhKwAAAAJ&citation_for_view=5DfOhKwAAAAJ:9yKSN-GCB0IC",
      "authors": "H Kim, TK Kim, S Kee, J Lee, W Hwang",
      "venue": "US Patent 7,254,257, 2007",
      "year": 2007,
      "citations": 139
    },
    {
      "title": "Face recognition method and apparatus using component-based face descriptor",
      "url": "https://scholar.google.com/citations?view_op=view_citation&hl=en&user=5DfOhKwAAAAJ&citation_for_view=5DfOhKwAAAAJ:YsMSGLbcyi4C",
      "authors": "H Kim, TK Kim, W Hwang, S Kee",
      "venue": "US Patent 7,203,346, 2007",
      "year": 2007,
      "citations": 84
    },
    {
      "title": "Image retrieval method and apparatus using iterative matching",
      "url": "https://scholar.google.com/citations?view_op=view_citation&hl=en&user=5DfOhKwAAAAJ&citation_for_view=5DfOhKwAAAAJ:iH-uZ7U-co4C",
      "authors": "H Kim, TK Kim, W Hwang, S Kee",
      "venue": "US Patent 7,298,931, 2007",
      "year": 2007,
      "citations": 41
    },
    {
      "title": "Component-based LDA face description for image retrieval and MPEG-7 standardisation",
      "url": "https://scholar.google.com/citations?view_op=view_citation&hl=en&user=5DfOhKwAAAAJ&citation_for_view=5DfOhKwAAAAJ:qjMakFHDy7sC",
      "authors": "TK Kim, H Kim, W Hwang, J Kittler",
      "venue": "Image and Vision Computing 23 (7), 631-642, 2005",
      "year": 2005,
      "citations": 94
    },
    {
      "title": "Independent component analysis in a local facial residue space for face recognition",
      "url": "https://scholar.google.com/citations?view_op=view_citation&hl=en&user=5DfOhKwAAAAJ&citation_for_view=5DfOhKwAAAAJ:2osOgNQ5qMEC",
      "authors": "TK Kim, H Kim, W Hwang, J Kittler",
      "venue": "Pattern Recognition 37 (9), 1873-1885, 2004",
      "year": 2004,
      "citations": 79
    },
    {
      "title": "Real-time multiple people detection using skin color, motion and appearance information",
      "url": "https://scholar.google.com/citations?view_op=view_citation&hl=en&user=5DfOhKwAAAAJ&citation_for_view=5DfOhKwAAAAJ:YFjsv_pBGBYC",
      "authors": "SM Yoon, H Kim",
      "venue": "RO-MAN 2004. 13th IEEE International Workshop on Robot and Human Interactive …, 2004",
      "year": 2004,
      "citations": 45
    },
    {
      "title": "Apparatus and method for retrieving face images using combined component descriptors",
      "url": "https://scholar.google.com/citations?view_op=view_citation&hl=en&user=5DfOhKwAAAAJ&citation_for_view=5DfOhKwAAAAJ:anf4URPfarAC",
      "authors": "T Kim, S Kim, S Kee, W Hwang, H Kim",
      "venue": "US Patent App. 10/618,857, 2004",
      "year": 2004,
      "citations": 45
    },
    {
      "title": "Robust image mosaicing of soccer videos using self-calibration and line tracking",
      "url": "https://scholar.google.com/citations?view_op=view_citation&hl=en&user=5DfOhKwAAAAJ&citation_for_view=5DfOhKwAAAAJ:TQgYirikUcIC",
      "authors": "H Kim, K Sang Hong",
      "venue": "Pattern Analysis & Applications 4 (1), 9-19, 2001",
      "year": 2001,
      "citations": 56
    },
    {
      "title": "Where are the ball and players? Soccer game analysis with color-based tracking and image mosaick",
      "url": "https://scholar.google.com/citations?view_op=view_citation&hl=en&user=5DfOhKwAAAAJ&citation_for_view=5DfOhKwAAAAJ:R3hNpaxXUhUC",
      "authors": "Y Seo, S Choi, H Kim, KS Hong",
      "venue": "International Conference on Image Analysis and Processing, 196-203, 1997",
      "year": 1997,
      "citations": 312
    }
  ],
  "co_authors": [
    {
      "name": "Wonjun Hwang",
      "scholar_id": "-I8AfBAAAAAJ",
      "url": "https://scholar.google.com/citations?user=-I8AfBAAAAAJ"
    },
    {
      "name": "Tae-Kyun (T-K) Kim",
      "scholar_id": "j2WcLecAAAAJ",
      "url": "https://scholar.google.com/citations?user=j2WcLecAAAAJ"
    },
    {
      "name": "Scott Sanner",
      "scholar_id": "kB8UPNIAAAAJ",
      "url": "https://scholar.google.com/citations?user=kB8UPNIAAAAJ"
    },
    {
      "name": "Junmo Kim",
      "scholar_id": "GdQtWNQAAAAJ",
      "url": "https://scholar.google.com/citations?user=GdQtWNQAAAAJ"
    },
    {
      "name": "Zheda Mai",
      "scholar_id": "FT3oT6EAAAAJ",
      "url": "https://scholar.google.com/citations?user=FT3oT6EAAAAJ"
    },
    {
      "name": "Jihwan Jeong",
      "scholar_id": "XvKkcC4AAAAJ",
      "url": "https://scholar.google.com/citations?user=XvKkcC4AAAAJ"
    },
    {
      "name": "Sukhan Lee",
      "scholar_id": "HQ3xdhwAAAAJ",
      "url": "https://scholar.google.com/citations?user=HQ3xdhwAAAAJ"
    },
    {
      "name": "Konstantinos N Plataniotis",
      "scholar_id": "W-4N_2gAAAAJ",
      "url": "https://scholar.google.com/citations?user=W-4N_2gAAAAJ"
    },
    {
      "name": "Byungju Kim",
      "scholar_id": "xWqGUyYAAAAJ",
      "url": "https://scholar.google.com/citations?user=xWqGUyYAAAAJ"
    },
    {
      "name": "Jooyoung Choi",
      "scholar_id": "9EIn52wAAAAJ",
      "url": "https://scholar.google.com/citations?user=9EIn52wAAAAJ"
    },
    {
      "name": "Eunji Kim",
      "scholar_id": "nShf6cgAAAAJ",
      "url": "https://scholar.google.com/citations?user=nShf6cgAAAAJ"
    },
    {
      "name": "Sungryull Sohn",
      "scholar_id": "3Q8LdcYAAAAJ",
      "url": "https://scholar.google.com/citations?user=3Q8LdcYAAAAJ"
    },
    {
      "name": "Su Ho Han",
      "scholar_id": "q1QkEYUAAAAJ",
      "url": "https://scholar.google.com/citations?user=q1QkEYUAAAAJ"
    },
    {
      "name": "Seon Joo Kim",
      "scholar_id": "1F2czKYAAAAJ",
      "url": "https://scholar.google.com/citations?user=1F2czKYAAAAJ"
    },
    {
      "name": "Sang Min Yoon",
      "scholar_id": "V6HVW-QAAAAJ",
      "url": "https://scholar.google.com/citations?user=V6HVW-QAAAAJ"
    },
    {
      "name": "Zhaojin Lu",
      "scholar_id": "ATMEtygAAAAJ",
      "url": "https://scholar.google.com/citations?user=ATMEtygAAAAJ"
    },
    {
      "name": "Jonghyun Choi",
      "scholar_id": "uiGWnm4AAAAJ",
      "url": "https://scholar.google.com/citations?user=uiGWnm4AAAAJ"
    },
    {
      "name": "Minhyuk Seo",
      "scholar_id": "ayDPR-gAAAAJ",
      "url": "https://scholar.google.com/citations?user=ayDPR-gAAAAJ"
    },
    {
      "name": "Dong Hoon Lee",
      "scholar_id": "fbHhzWsAAAAJ",
      "url": "https://scholar.google.com/citations?user=fbHhzWsAAAAJ"
    },
    {
      "name": "Hafiz Muhammad Owais",
      "scholar_id": "NHL9DSgAAAAJ",
      "url": "https://scholar.google.com/citations?user=NHL9DSgAAAAJ"
    }
  ]
}