{
  "author_info": {
    "name": "John Bronskill",
    "affiliation": "University of Cambridge",
    "email_verified": "Verified email at cam.ac.uk",
    "interests": [],
    "photo_url": "https://scholar.googleusercontent.com/citations?view_op=view_photo&user=aH2jZsoAAAAJ&citpid=1"
  },
  "citation_stats": {
    "citations_all": 1751,
    "citations_since_2020": 1312,
    "h_index_all": 19,
    "h_index_since_2020": 13,
    "i10_index_all": 21,
    "i10_index_since_2020": 13,
    "citation_graph": [
      {
        "year": 1990,
        "citations": 8
      },
      {
        "year": 1991,
        "citations": 4
      },
      {
        "year": 1992,
        "citations": 7
      },
      {
        "year": 1993,
        "citations": 8
      },
      {
        "year": 1994,
        "citations": 8
      },
      {
        "year": 1995,
        "citations": 6
      },
      {
        "year": 1996,
        "citations": 8
      },
      {
        "year": 1997,
        "citations": 9
      },
      {
        "year": 1998,
        "citations": 12
      },
      {
        "year": 1999,
        "citations": 8
      },
      {
        "year": 2000,
        "citations": 5
      },
      {
        "year": 2001,
        "citations": 3
      },
      {
        "year": 2002,
        "citations": 6
      },
      {
        "year": 2003,
        "citations": 5
      },
      {
        "year": 2004,
        "citations": 10
      },
      {
        "year": 2005,
        "citations": 9
      },
      {
        "year": 2006,
        "citations": 22
      },
      {
        "year": 2007,
        "citations": 9
      },
      {
        "year": 2008,
        "citations": 9
      },
      {
        "year": 2009,
        "citations": 14
      },
      {
        "year": 2010,
        "citations": 8
      },
      {
        "year": 2011,
        "citations": 22
      },
      {
        "year": 2012,
        "citations": 24
      },
      {
        "year": 2013,
        "citations": 9
      },
      {
        "year": 2014,
        "citations": 23
      },
      {
        "year": 2015,
        "citations": 28
      },
      {
        "year": 2016,
        "citations": 22
      },
      {
        "year": 2017,
        "citations": 33
      },
      {
        "year": 2018,
        "citations": 22
      },
      {
        "year": 2019,
        "citations": 63
      },
      {
        "year": 2020,
        "citations": 107
      },
      {
        "year": 2021,
        "citations": 200
      },
      {
        "year": 2022,
        "citations": 263
      },
      {
        "year": 2023,
        "citations": 277
      },
      {
        "year": 2024,
        "citations": 275
      },
      {
        "year": 2025,
        "citations": 190
      }
    ]
  },
  "papers": [
    {
      "title": "Llm processes: Numerical predictive distributions conditioned on natural language",
      "url": "https://scholar.google.com/citations?view_op=view_citation&hl=en&user=aH2jZsoAAAAJ&citation_for_view=aH2jZsoAAAAJ:R3hNpaxXUhUC",
      "authors": "J Requeima, J Bronskill, D Choi, R Turner, DK Duvenaud",
      "venue": "Advances in Neural Information Processing Systems 37, 109609-109671, 2024",
      "year": 2024,
      "citations": 49
    },
    {
      "title": "On the efficacy of differentially private few-shot image classification",
      "url": "https://scholar.google.com/citations?view_op=view_citation&hl=en&user=aH2jZsoAAAAJ&citation_for_view=aH2jZsoAAAAJ:-f6ydRqryjwC",
      "authors": "M Tobaben, A Shysheya, J Bronskill, A Paverd, S Tople, ...",
      "venue": "arXiv preprint arXiv:2302.01190, 2023",
      "year": 2023,
      "citations": 21
    },
    {
      "title": "Fit: Parameter efficient few-shot transfer learning for personalized and federated image classification",
      "url": "https://scholar.google.com/citations?view_op=view_citation&hl=en&user=aH2jZsoAAAAJ&citation_for_view=aH2jZsoAAAAJ:7PzlFSSx8tAC",
      "authors": "A Shysheya, J Bronskill, M Patacchiola, S Nowozin, RE Turner",
      "venue": "arXiv preprint arXiv:2206.08671, 2022",
      "year": 2022,
      "citations": 40
    },
    {
      "title": "Contextual squeeze-and-excitation for efficient few-shot image classification",
      "url": "https://scholar.google.com/citations?view_op=view_citation&hl=en&user=aH2jZsoAAAAJ&citation_for_view=aH2jZsoAAAAJ:L8Ckcad2t8MC",
      "authors": "M Patacchiola, J Bronskill, A Shysheya, K Hofmann, S Nowozin, R Turner",
      "venue": "Advances in Neural Information Processing Systems 35, 36680-36692, 2022",
      "year": 2022,
      "citations": 23
    },
    {
      "title": "Fs-mol: A few-shot learning dataset of molecules",
      "url": "https://scholar.google.com/citations?view_op=view_citation&hl=en&user=aH2jZsoAAAAJ&citation_for_view=aH2jZsoAAAAJ:QIV2ME_5wuYC",
      "authors": "M Stanley, JF Bronskill, K Maziarz, H Misztela, J Lanini, M Segler, ...",
      "venue": "Thirty-fifth Conference on Neural Information Processing Systems Datasets …, 2021",
      "year": 2021,
      "citations": 104
    },
    {
      "title": "Orbit: A real-world few-shot dataset for teachable object recognition",
      "url": "https://scholar.google.com/citations?view_op=view_citation&hl=en&user=aH2jZsoAAAAJ&citation_for_view=aH2jZsoAAAAJ:4TOpqqG69KYC",
      "authors": "D Massiceti, L Zintgraf, J Bronskill, L Theodorou, MT Harris, E Cutrell, ...",
      "venue": "Proceedings of the IEEE/CVF International Conference on Computer Vision …, 2021",
      "year": 2021,
      "citations": 62
    },
    {
      "title": "Memory efficient meta-learning with large images",
      "url": "https://scholar.google.com/citations?view_op=view_citation&hl=en&user=aH2jZsoAAAAJ&citation_for_view=aH2jZsoAAAAJ:Wp0gIr-vW9MC",
      "authors": "J Bronskill, D Massiceti, M Patacchiola, K Hofmann, S Nowozin, R Turner",
      "venue": "Advances in neural information processing systems 34, 24327-24339, 2021",
      "year": 2021,
      "citations": 29
    },
    {
      "title": "Tasknorm: Rethinking batch normalization for meta-learning",
      "url": "https://scholar.google.com/citations?view_op=view_citation&hl=en&user=aH2jZsoAAAAJ&citation_for_view=aH2jZsoAAAAJ:KlAtU1dfN6UC",
      "authors": "J Bronskill, J Gordon, J Requeima, S Nowozin, R Turner",
      "venue": "International Conference on Machine Learning, 1153-1164, 2020",
      "year": 2020,
      "citations": 129
    },
    {
      "title": "Fast and flexible multi-task classification using conditional neural adaptive processes",
      "url": "https://scholar.google.com/citations?view_op=view_citation&hl=en&user=aH2jZsoAAAAJ&citation_for_view=aH2jZsoAAAAJ:8k81kl-MbHgC",
      "authors": "J Requeima, J Gordon, J Bronskill, S Nowozin, RE Turner",
      "venue": "Advances in neural information processing systems 32, 2019",
      "year": 2019,
      "citations": 327
    },
    {
      "title": "Personalized predictive models",
      "url": "https://scholar.google.com/citations?view_op=view_citation&hl=en&user=aH2jZsoAAAAJ&citation_for_view=aH2jZsoAAAAJ:W7OEmFMy1HYC",
      "authors": "J Edelen, J Li, JF Bronskill, JP Guiver, K Dastgir, S Rajmohan, ...",
      "venue": "US Patent 10,504,029, 2019",
      "year": 2019,
      "citations": 41
    },
    {
      "title": "Meta-learning probabilistic inference for prediction",
      "url": "https://scholar.google.com/citations?view_op=view_citation&hl=en&user=aH2jZsoAAAAJ&citation_for_view=aH2jZsoAAAAJ:UebtZRa9Y70C",
      "authors": "J Gordon, J Bronskill, M Bauer, S Nowozin, RE Turner",
      "venue": "arXiv preprint arXiv:1805.09921, 2018",
      "year": 2018,
      "citations": 360
    },
    {
      "title": "Versa: Versatile and efficient few-shot learning",
      "url": "https://scholar.google.com/citations?view_op=view_citation&hl=en&user=aH2jZsoAAAAJ&citation_for_view=aH2jZsoAAAAJ:Se3iqnhoufwC",
      "authors": "J Gordon, J Bronskill, M Bauer, S Nowozin, RE Turner",
      "venue": "Third workshop on Bayesian Deep Learning, 2018",
      "year": 2018,
      "citations": 23
    },
    {
      "title": "Mixed but indistinguishable raster and vector image data types",
      "url": "https://scholar.google.com/citations?view_op=view_citation&hl=en&user=aH2jZsoAAAAJ&citation_for_view=aH2jZsoAAAAJ:u-x6o8ySG0sC",
      "authors": "AR Smith, J Bradstreet, JE Fay, A Sehgal, TA Joshi, JF Bronskill, ...",
      "venue": "US Patent 7,148,907, 2006",
      "year": 2006,
      "citations": 61
    },
    {
      "title": "Rich data-bound application",
      "url": "https://scholar.google.com/citations?view_op=view_citation&hl=en&user=aH2jZsoAAAAJ&citation_for_view=aH2jZsoAAAAJ:UeHWp8X0CEIC",
      "authors": "J Gossman, K Cooper, T Peters, J Bronskill, DR Motter, A Gasperini, ...",
      "venue": "US Patent App. 11/080,531, 2006",
      "year": 2006,
      "citations": 30
    },
    {
      "title": "System and method for drawing and painting with bitmap brushes",
      "url": "https://scholar.google.com/citations?view_op=view_citation&hl=en&user=aH2jZsoAAAAJ&citation_for_view=aH2jZsoAAAAJ:zYLM7Y9cAGgC",
      "authors": "J Bronskill",
      "venue": "US Patent 6,201,549, 2001",
      "year": 2001,
      "citations": 58
    },
    {
      "title": "Apparatus and method for transforming a digitized signal of an image to incorporate an airbrush effect",
      "url": "https://scholar.google.com/citations?view_op=view_citation&hl=en&user=aH2jZsoAAAAJ&citation_for_view=aH2jZsoAAAAJ:WF5omc3nYNoC",
      "authors": "I Jaffray, JF Bronskill",
      "venue": "US Patent 5,245,432, 1993",
      "year": 1993,
      "citations": 40
    },
    {
      "title": "Apparatus and method for transforming a digitized signal of an image",
      "url": "https://scholar.google.com/citations?view_op=view_citation&hl=en&user=aH2jZsoAAAAJ&citation_for_view=aH2jZsoAAAAJ:qjMakFHDy7sC",
      "authors": "I Jaffray, JF Bronskill",
      "venue": "US Patent 5,063,448, 1991",
      "year": 1991,
      "citations": 40
    },
    {
      "title": "A knowledge-based approach to the detection, tracking and classification of target formations in infrared image sequences",
      "url": "https://scholar.google.com/citations?view_op=view_citation&hl=en&user=aH2jZsoAAAAJ&citation_for_view=aH2jZsoAAAAJ:IjCSPb-OGe4C",
      "authors": "JF Bronskill, JSA Hepburn, WK Au",
      "venue": "1989 IEEE Computer Society Conference on Computer Vision and Pattern …, 1989",
      "year": 1989,
      "citations": 18
    },
    {
      "title": "Multidimensional shape description and recognition using mathematical morphology",
      "url": "https://scholar.google.com/citations?view_op=view_citation&hl=en&user=aH2jZsoAAAAJ&citation_for_view=aH2jZsoAAAAJ:YsMSGLbcyi4C",
      "authors": "JF Bronskill, AN Venetsanopoulos",
      "venue": "Journal of Intelligent and Robotic systems 1 (2), 117-143, 1988",
      "year": 1988,
      "citations": 39
    },
    {
      "title": "Infer .NET 0.3, 2018. Microsoft Research Cambridge",
      "url": "https://scholar.google.com/citations?view_op=view_citation&hl=en&user=aH2jZsoAAAAJ&citation_for_view=aH2jZsoAAAAJ:ULOm3_A8WrAC",
      "authors": "T Minka, J Winn, J Guiver, Y Zaykov, D Fabian, J Bronskill",
      "venue": "",
      "citations": 173
    }
  ],
  "co_authors": [
    {
      "name": "Richard E Turner",
      "scholar_id": "DgLEyZgAAAAJ",
      "url": "https://scholar.google.com/citations?user=DgLEyZgAAAAJ"
    },
    {
      "name": "Sebastian Nowozin",
      "scholar_id": "7-B7aQkAAAAJ",
      "url": "https://scholar.google.com/citations?user=7-B7aQkAAAAJ"
    },
    {
      "name": "Jonathan Gordon",
      "scholar_id": "IZGi3pEAAAAJ",
      "url": "https://scholar.google.com/citations?user=IZGi3pEAAAAJ"
    },
    {
      "name": "James Requeima",
      "scholar_id": "fyYPWBsAAAAJ",
      "url": "https://scholar.google.com/citations?user=fyYPWBsAAAAJ"
    },
    {
      "name": "Matthias Bauer",
      "scholar_id": "lWDq-ygAAAAJ",
      "url": "https://scholar.google.com/citations?user=lWDq-ygAAAAJ"
    },
    {
      "name": "Yordan Zaykov",
      "scholar_id": "RmqIIvEAAAAJ",
      "url": "https://scholar.google.com/citations?user=RmqIIvEAAAAJ"
    },
    {
      "name": "Katja Hofmann",
      "scholar_id": "bHsjbLwAAAAJ",
      "url": "https://scholar.google.com/citations?user=bHsjbLwAAAAJ"
    },
    {
      "name": "Daniela Massiceti",
      "scholar_id": "-4fo-SwAAAAJ",
      "url": "https://scholar.google.com/citations?user=-4fo-SwAAAAJ"
    },
    {
      "name": "Megan J. Stanley",
      "scholar_id": "pE4esXcAAAAJ",
      "url": "https://scholar.google.com/citations?user=pE4esXcAAAAJ"
    },
    {
      "name": "Krzysztof Maziarz",
      "scholar_id": "BA8bBVkAAAAJ",
      "url": "https://scholar.google.com/citations?user=BA8bBVkAAAAJ"
    },
    {
      "name": "Marwin Segler",
      "scholar_id": "imsL94QAAAAJ",
      "url": "https://scholar.google.com/citations?user=imsL94QAAAAJ"
    },
    {
      "name": "Hubert Misztela",
      "scholar_id": "dC20rYkAAAAJ",
      "url": "https://scholar.google.com/citations?user=dC20rYkAAAAJ"
    },
    {
      "name": "Nadine Schneider",
      "scholar_id": "CVgOH54AAAAJ",
      "url": "https://scholar.google.com/citations?user=CVgOH54AAAAJ"
    },
    {
      "name": "Marc Brockschmidt",
      "scholar_id": "pF27eLMAAAAJ",
      "url": "https://scholar.google.com/citations?user=pF27eLMAAAAJ"
    },
    {
      "name": "John Winn",
      "scholar_id": "GYksTEEAAAAJ",
      "url": "https://scholar.google.com/citations?user=GYksTEEAAAAJ"
    },
    {
      "name": "Tom Minka",
      "scholar_id": "odOmEY0AAAAJ",
      "url": "https://scholar.google.com/citations?user=odOmEY0AAAAJ"
    },
    {
      "name": "Cecily Morrison",
      "scholar_id": "2lUOSREAAAAJ",
      "url": "https://scholar.google.com/citations?user=2lUOSREAAAAJ"
    },
    {
      "name": "Edward (Ed) Cutrell",
      "scholar_id": "8dfY_RYAAAAJ",
      "url": "https://scholar.google.com/citations?user=8dfY_RYAAAAJ"
    },
    {
      "name": "Luisa Zintgraf",
      "scholar_id": "lEzcLFwAAAAJ",
      "url": "https://scholar.google.com/citations?user=lEzcLFwAAAAJ"
    }
  ]
}