{
  "author_info": {
    "name": "Fangzhou Mu",
    "affiliation": "Meta Superintelligence Labs (MSL)",
    "email_verified": "Verified email at meta.com - Homepage",
    "website": "https://fmu2.github.io/",
    "interests": [
      "Generative AI",
      "Computer Vision",
      "Machine Learning"
    ],
    "photo_url": "https://scholar.googleusercontent.com/citations?view_op=view_photo&user=OOymFJsAAAAJ&citpid=2"
  },
  "citation_stats": {
    "citations_all": 1714,
    "citations_since_2020": 1689,
    "h_index_all": 12,
    "h_index_since_2020": 12,
    "i10_index_all": 13,
    "i10_index_since_2020": 13,
    "citation_graph": [
      {
        "year": 2018,
        "citations": 12
      },
      {
        "year": 2019,
        "citations": 11
      },
      {
        "year": 2020,
        "citations": 16
      },
      {
        "year": 2021,
        "citations": 35
      },
      {
        "year": 2022,
        "citations": 46
      },
      {
        "year": 2023,
        "citations": 211
      },
      {
        "year": 2024,
        "citations": 592
      },
      {
        "year": 2025,
        "citations": 786
      }
    ]
  },
  "papers": [
    {
      "title": "FreeControl: Training-Free Spatial Control of Any Text-to-Image Diffusion Model with Any Condition",
      "url": "https://scholar.google.com/citations?view_op=view_citation&hl=en&user=OOymFJsAAAAJ&citation_for_view=OOymFJsAAAAJ:MXK_kJrjxJIC",
      "authors": "S Mo, F Mu, KH Lin, Y Liu, B Guan, Y Li, B Zhou",
      "venue": "Proceedings of the IEEE/CVF Conference on Computer Vision and Pattern …, 2024",
      "year": 2024,
      "citations": 103
    },
    {
      "title": "Towards Few-Shot Adaptation of Foundation Models via Multitask Finetuning",
      "url": "https://scholar.google.com/citations?view_op=view_citation&hl=en&user=OOymFJsAAAAJ&citation_for_view=OOymFJsAAAAJ:3fE2CSJIrl8C",
      "authors": "Z Xu, Z Shi, J Wei, F Mu, Y Li, Y Liang",
      "venue": "International Conference on Learning Representations (ICLR), 2024",
      "year": 2024,
      "citations": 50
    },
    {
      "title": "Ctrl-x: Controlling structure and appearance for text-to-image generation without guidance",
      "url": "https://scholar.google.com/citations?view_op=view_citation&hl=en&user=OOymFJsAAAAJ&citation_for_view=OOymFJsAAAAJ:YOwf2qJgpHMC",
      "authors": "KH Lin, S Mo, B Klingher, F Mu, B Zhou",
      "venue": "Advances in Neural Information Processing Systems 37, 128911-128939, 2024",
      "year": 2024,
      "citations": 36
    },
    {
      "title": "Political-llm: Large language models in political science",
      "url": "https://scholar.google.com/citations?view_op=view_citation&hl=en&user=OOymFJsAAAAJ&citation_for_view=OOymFJsAAAAJ:L8Ckcad2t8MC",
      "authors": "L Li, J Li, C Chen, F Gui, H Yang, C Yu, Z Wang, J Cai, JA Zhou, B Shen, ...",
      "venue": "arXiv preprint arXiv:2412.06864, 2024",
      "year": 2024,
      "citations": 29
    },
    {
      "title": "SnAG: Scalable and Accurate Video Grounding",
      "url": "https://scholar.google.com/citations?view_op=view_citation&hl=en&user=OOymFJsAAAAJ&citation_for_view=OOymFJsAAAAJ:KlAtU1dfN6UC",
      "authors": "F Mu, S Mo, Y Li",
      "venue": "Proceedings of the IEEE/CVF Conference on Computer Vision and Pattern …, 2024",
      "year": 2024,
      "citations": 29
    },
    {
      "title": "Towards 3D Vision with Low-Cost Single-Photon Cameras",
      "url": "https://scholar.google.com/citations?view_op=view_citation&hl=en&user=OOymFJsAAAAJ&citation_for_view=OOymFJsAAAAJ:kNdYIx-mwKoC",
      "authors": "F Mu, C Sifferman, S Jungerman, Y Li, M Han, M Gleicher, M Gupta, Y Li",
      "venue": "Proceedings of the IEEE/CVF Conference on Computer Vision and Pattern …, 2024",
      "year": 2024,
      "citations": 19
    },
    {
      "title": "Sensorless end-to-end freehand three-dimensional ultrasound reconstruction with physics guided deep learning",
      "url": "https://scholar.google.com/citations?view_op=view_citation&hl=en&user=OOymFJsAAAAJ&citation_for_view=OOymFJsAAAAJ:dhFuZR0502QC",
      "authors": "Y Dou, F Mu, Y Li, T Varghese",
      "venue": "IEEE Transactions on Ultrasonics, Ferroelectrics, and Frequency Control, 2024",
      "year": 2024,
      "citations": 7
    },
    {
      "title": "Gligen: Open-set grounded text-to-image generation",
      "url": "https://scholar.google.com/citations?view_op=view_citation&hl=en&user=OOymFJsAAAAJ&citation_for_view=OOymFJsAAAAJ:Se3iqnhoufwC",
      "authors": "Y Li, H Liu, Q Wu, F Mu, J Yang, J Gao, C Li, YJ Lee",
      "venue": "Proceedings of the IEEE/CVF Conference on Computer Vision and Pattern …, 2023",
      "year": 2023,
      "citations": 1056
    },
    {
      "title": "Learned compressive representations for single-photon 3D imaging",
      "url": "https://scholar.google.com/citations?view_op=view_citation&hl=en&user=OOymFJsAAAAJ&citation_for_view=OOymFJsAAAAJ:0EnyYjriUFMC",
      "authors": "F Gutierrez-Barragan, F Mu, A Ardelean, A Ingle, C Bruschini, E Charbon, ...",
      "venue": "Proceedings of the IEEE/CVF International Conference on Computer Vision …, 2023",
      "year": 2023,
      "citations": 8
    },
    {
      "title": "NMS Threshold matters for Ego4D Moment Queries--2nd place solution to the Ego4D Moment Queries Challenge 2023",
      "url": "https://scholar.google.com/citations?view_op=view_citation&hl=en&user=OOymFJsAAAAJ&citation_for_view=OOymFJsAAAAJ:hqOjcs7Dif8C",
      "authors": "L Sui, F Mu, Y Li",
      "venue": "arXiv preprint arXiv:2307.02025, 2023",
      "year": 2023,
      "citations": 5
    },
    {
      "title": "3d photo stylization: Learning to generate stylized novel views from a single image",
      "url": "https://scholar.google.com/citations?view_op=view_citation&hl=en&user=OOymFJsAAAAJ&citation_for_view=OOymFJsAAAAJ:W7OEmFMy1HYC",
      "authors": "F Mu, J Wang, Y Wu, Y Li",
      "venue": "Proceedings of the IEEE/CVF Conference on Computer Vision and Pattern …, 2022",
      "year": 2022,
      "citations": 73
    },
    {
      "title": "Physics to the rescue: Deep non-line-of-sight reconstruction for high-speed imaging",
      "url": "https://scholar.google.com/citations?view_op=view_citation&hl=en&user=OOymFJsAAAAJ&citation_for_view=OOymFJsAAAAJ:ufrVoPGSRksC",
      "authors": "F Mu, S Mo, J Peng, X Liu, JH Nam, S Raghavan, A Velten, Y Li",
      "venue": "IEEE Transactions on Pattern Analysis and Machine Intelligence, 2022",
      "year": 2022,
      "citations": 58
    },
    {
      "title": "SmartAdapt: Multi-branch object detection framework for videos on mobiles",
      "url": "https://scholar.google.com/citations?view_op=view_citation&hl=en&user=OOymFJsAAAAJ&citation_for_view=OOymFJsAAAAJ:eQOLeE2rZwMC",
      "authors": "R Xu, F Mu, J Lee, P Mukherjee, S Chaterji, S Bagchi, Y Li",
      "venue": "Proceedings of the IEEE/CVF Conference on Computer Vision and Pattern …, 2022",
      "year": 2022,
      "citations": 23
    },
    {
      "title": "A simple transformer-based model for ego4d natural language queries challenge",
      "url": "https://scholar.google.com/citations?view_op=view_citation&hl=en&user=OOymFJsAAAAJ&citation_for_view=OOymFJsAAAAJ:LkGwnXOMwfcC",
      "authors": "S Mo, F Mu, Y Li",
      "venue": "arXiv preprint arXiv:2211.08704, 2022",
      "year": 2022,
      "citations": 9
    },
    {
      "title": "An approachable, flexible and practical machine learning workshop for biologists",
      "url": "https://scholar.google.com/citations?view_op=view_citation&hl=en&user=OOymFJsAAAAJ&citation_for_view=OOymFJsAAAAJ:UebtZRa9Y70C",
      "authors": "CS Magnano, F Mu, RS Russ, M Cvetkovic, D Treu, A Gitter",
      "venue": "Bioinformatics 38 (Supplement_1), i10-i18, 2022",
      "year": 2022,
      "citations": 8
    },
    {
      "title": "Towards non-line-of-sight photography",
      "url": "https://scholar.google.com/citations?view_op=view_citation&hl=en&user=OOymFJsAAAAJ&citation_for_view=OOymFJsAAAAJ:M3ejUd6NZC8C",
      "authors": "J Peng, F Mu, JH Nam, S Raghavan, Y Li, A Velten, Z Xiong",
      "venue": "arXiv preprint arXiv:2109.07783, 2021",
      "year": 2021,
      "citations": 6
    },
    {
      "title": "Gradients as features for deep representation learning",
      "url": "https://scholar.google.com/citations?view_op=view_citation&hl=en&user=OOymFJsAAAAJ&citation_for_view=OOymFJsAAAAJ:UeHWp8X0CEIC",
      "authors": "F Mu, Y Liang, Y Li",
      "venue": "International Conference on Learning Representations (ICLR), 2020",
      "year": 2020,
      "citations": 58
    },
    {
      "title": "Towards video-based automatic lifting load prediction",
      "url": "https://scholar.google.com/citations?view_op=view_citation&hl=en&user=OOymFJsAAAAJ&citation_for_view=OOymFJsAAAAJ:zYLM7Y9cAGgC",
      "authors": "Y Li, RL Greene, F Mu, YH Hu, RG Radwin",
      "venue": "Proceedings of the Human Factors and Ergonomics Society Annual Meeting (HFES …, 2020",
      "year": 2020,
      "citations": 10
    },
    {
      "title": "Modeling analysis of potential target of dolastatin 16 by computational virtual screening",
      "url": "https://scholar.google.com/citations?view_op=view_citation&hl=en&user=OOymFJsAAAAJ&citation_for_view=OOymFJsAAAAJ:u-x6o8ySG0sC",
      "authors": "TT Liang, Q Zhao, S He, FZ Mu, W Deng, BN Han",
      "venue": "Chemical and Pharmaceutical Bulletin 66 (6), 602-607, 2018",
      "year": 2018,
      "citations": 8
    },
    {
      "title": "CNS angiogenesis and barriergenesis occur simultaneously",
      "url": "https://scholar.google.com/citations?view_op=view_citation&hl=en&user=OOymFJsAAAAJ&citation_for_view=OOymFJsAAAAJ:u5HHmVD_uO8C",
      "authors": "RA Umans, HE Henson, F Mu, C Parupalli, B Ju, JL Peters, KA Lanham, ...",
      "venue": "Developmental biology 425 (2), 101-108, 2017",
      "year": 2017,
      "citations": 105
    }
  ],
  "co_authors": [
    {
      "name": "Yin Li",
      "scholar_id": "_y-8nrcAAAAJ",
      "url": "https://scholar.google.com/citations?user=_y-8nrcAAAAJ"
    },
    {
      "name": "Sicheng Mo",
      "scholar_id": "tislq-8AAAAJ",
      "url": "https://scholar.google.com/citations?user=tislq-8AAAAJ"
    },
    {
      "name": "Yong Jae Lee",
      "scholar_id": "4GTpCxcAAAAJ",
      "url": "https://scholar.google.com/citations?user=4GTpCxcAAAAJ"
    },
    {
      "name": "Yuheng Li",
      "scholar_id": "ZphbAXEAAAAJ",
      "url": "https://scholar.google.com/citations?user=ZphbAXEAAAAJ"
    },
    {
      "name": "Andreas Velten",
      "scholar_id": "sLyD5csAAAAJ",
      "url": "https://scholar.google.com/citations?user=sLyD5csAAAAJ"
    },
    {
      "name": "Yingyu Liang",
      "scholar_id": "_RVvnS4AAAAJ",
      "url": "https://scholar.google.com/citations?user=_RVvnS4AAAAJ"
    },
    {
      "name": "Jian Wang",
      "scholar_id": "WNmw2VkAAAAJ",
      "url": "https://scholar.google.com/citations?user=WNmw2VkAAAAJ"
    },
    {
      "name": "Bolei Zhou",
      "scholar_id": "9D4aG8AAAAAJ",
      "url": "https://scholar.google.com/citations?user=9D4aG8AAAAAJ"
    },
    {
      "name": "Yicheng Wu",
      "scholar_id": "SloyGEkAAAAJ",
      "url": "https://scholar.google.com/citations?user=SloyGEkAAAAJ"
    }
  ]
}