{
  "author_info": {
    "name": "Santiago Segarra",
    "affiliation": "Associate Professor, Electrical and Computer Engineering, Rice University",
    "email_verified": "Verified email at rice.edu - Homepage",
    "website": "https://segarra.rice.edu/",
    "interests": [
      "Networks",
      "Machine Learning",
      "Graph Neural Networks",
      "Graph Signal Processing",
      "Communications"
    ],
    "photo_url": "https://scholar.googleusercontent.com/citations?view_op=view_photo&user=O1aSMXQAAAAJ&citpid=3"
  },
  "citation_stats": {
    "citations_all": 6130,
    "citations_since_2020": 4947,
    "h_index_all": 38,
    "h_index_since_2020": 34,
    "i10_index_all": 109,
    "i10_index_since_2020": 99,
    "citation_graph": [
      {
        "year": 2015,
        "citations": 58
      },
      {
        "year": 2016,
        "citations": 146
      },
      {
        "year": 2017,
        "citations": 266
      },
      {
        "year": 2018,
        "citations": 320
      },
      {
        "year": 2019,
        "citations": 356
      },
      {
        "year": 2020,
        "citations": 521
      },
      {
        "year": 2021,
        "citations": 620
      },
      {
        "year": 2022,
        "citations": 709
      },
      {
        "year": 2023,
        "citations": 869
      },
      {
        "year": 2024,
        "citations": 1118
      },
      {
        "year": 2025,
        "citations": 1095
      }
    ]
  },
  "papers": [
    {
      "title": "Graph filters for signal processing and machine learning on graphs",
      "url": "https://scholar.google.com/citations?view_op=view_citation&hl=en&user=O1aSMXQAAAAJ&citation_for_view=O1aSMXQAAAAJ:7H_MAutzIkAC",
      "authors": "E Isufi, F Gama, DI Shuman, S Segarra",
      "venue": "IEEE Transactions on Signal Processing 72, 4745-4781, 2024",
      "year": 2024,
      "citations": 163
    },
    {
      "title": "Signal processing on higher-order networks: Livin’on the edge... and beyond",
      "url": "https://scholar.google.com/citations?view_op=view_citation&hl=en&user=O1aSMXQAAAAJ&citation_for_view=O1aSMXQAAAAJ:5MTHONV0fEkC",
      "authors": "MT Schaub, Y Zhu, JB Seby, TM Roddenberry, S Segarra",
      "venue": "Signal Processing 187, 108149, 2021",
      "year": 2021,
      "citations": 193
    },
    {
      "title": "Unfolding WMMSE using graph neural networks for efficient power allocation",
      "url": "https://scholar.google.com/citations?view_op=view_citation&hl=en&user=O1aSMXQAAAAJ&citation_for_view=O1aSMXQAAAAJ:LhH-TYMQEocC",
      "authors": "A Chowdhury, G Verma, C Rao, A Swami, S Segarra",
      "venue": "IEEE Transactions on Wireless Communications 20 (9), 6004-6017, 2021",
      "year": 2021,
      "citations": 176
    },
    {
      "title": "Principled simplicial neural networks for trajectory prediction",
      "url": "https://scholar.google.com/citations?view_op=view_citation&hl=en&user=O1aSMXQAAAAJ&citation_for_view=O1aSMXQAAAAJ:nVrZBo8bIpAC",
      "authors": "TM Roddenberry, N Glaze, S Segarra",
      "venue": "International Conference on Machine Learning, 9020-9029, 2021",
      "year": 2021,
      "citations": 136
    },
    {
      "title": "Distributed scheduling using graph neural networks",
      "url": "https://scholar.google.com/citations?view_op=view_citation&hl=en&user=O1aSMXQAAAAJ&citation_for_view=O1aSMXQAAAAJ:8xutWZnSdmoC",
      "authors": "Z Zhao, G Verma, C Rao, A Swami, S Segarra",
      "venue": "ICASSP 2021-2021 IEEE International Conference on Acoustics, Speech and …, 2021",
      "year": 2021,
      "citations": 79
    },
    {
      "title": "Signal processing on directed graphs: The role of edge directionality when processing and learning from network data",
      "url": "https://scholar.google.com/citations?view_op=view_citation&hl=en&user=O1aSMXQAAAAJ&citation_for_view=O1aSMXQAAAAJ:r_AWSJRzSzQC",
      "authors": "AG Marques, S Segarra, G Mateos",
      "venue": "IEEE Signal Processing Magazine 37 (6), 99-116, 2020",
      "year": 2020,
      "citations": 75
    },
    {
      "title": "Connecting the dots: Identifying network structure via graph signal processing",
      "url": "https://scholar.google.com/citations?view_op=view_citation&hl=en&user=O1aSMXQAAAAJ&citation_for_view=O1aSMXQAAAAJ:_5tno0g5mFcC",
      "authors": "G Mateos, S Segarra, AG Marques, A Ribeiro",
      "venue": "IEEE Signal Processing Magazine 36 (3), 16-43, 2019",
      "year": 2019,
      "citations": 453
    },
    {
      "title": "Graph-based semi-supervised & active learning for edge flows",
      "url": "https://scholar.google.com/citations?view_op=view_citation&hl=en&user=O1aSMXQAAAAJ&citation_for_view=O1aSMXQAAAAJ:QYdC8u9Cj1oC",
      "authors": "J Jia, MT Schaub, S Segarra, AR Benson",
      "venue": "Proceedings of the 25th ACM SIGKDD international conference on knowledge …, 2019",
      "year": 2019,
      "citations": 103
    },
    {
      "title": "HodgeNet: Graph neural networks for edge data",
      "url": "https://scholar.google.com/citations?view_op=view_citation&hl=en&user=O1aSMXQAAAAJ&citation_for_view=O1aSMXQAAAAJ:OcBU2YAGkTUC",
      "authors": "TM Roddenberry, S Segarra",
      "venue": "2019 53rd Asilomar Conference on Signals, Systems, and Computers, 220-224, 2019",
      "year": 2019,
      "citations": 68
    },
    {
      "title": "Centrality measures for graphons: Accounting for uncertainty in networks",
      "url": "https://scholar.google.com/citations?view_op=view_citation&hl=en&user=O1aSMXQAAAAJ&citation_for_view=O1aSMXQAAAAJ:2VqYfGB8ITEC",
      "authors": "M Avella-Medina, F Parise, M Schaub, S Segarra",
      "venue": "IEEE Transactions on Network Science and Engineering, 2018",
      "year": 2018,
      "citations": 127
    },
    {
      "title": "Flow smoothing and denoising: Graph signal processing in the edge-space",
      "url": "https://scholar.google.com/citations?view_op=view_citation&hl=en&user=O1aSMXQAAAAJ&citation_for_view=O1aSMXQAAAAJ:a9-T7VOCCH8C",
      "authors": "MT Schaub, S Segarra",
      "venue": "2018 IEEE Global Conference on Signal and Information Processing (GlobalSIP …, 2018",
      "year": 2018,
      "citations": 102
    },
    {
      "title": "Network topology inference from spectral templates",
      "url": "https://scholar.google.com/citations?view_op=view_citation&hl=en&user=O1aSMXQAAAAJ&citation_for_view=O1aSMXQAAAAJ:Ug5p-4gJ2f0C",
      "authors": "S Segarra, AG Marques, G Mateos, A Ribeiro",
      "venue": "IEEE Transactions on Signal and Information Processing over Networks 3 (3 …, 2017",
      "year": 2017,
      "citations": 367
    },
    {
      "title": "Optimal graph-filter design and applications to distributed linear network operators",
      "url": "https://scholar.google.com/citations?view_op=view_citation&hl=en&user=O1aSMXQAAAAJ&citation_for_view=O1aSMXQAAAAJ:rmuvC79q63oC",
      "authors": "S Segarra, AG Marques, A Ribeiro",
      "venue": "IEEE Transactions on Signal Processing 65 (15), 4117-4131, 2017",
      "year": 2017,
      "citations": 300
    },
    {
      "title": "Stationary graph processes and spectral estimation",
      "url": "https://scholar.google.com/citations?view_op=view_citation&hl=en&user=O1aSMXQAAAAJ&citation_for_view=O1aSMXQAAAAJ:-FonjvnnhkoC",
      "authors": "AG Marques, S Segarra, G Leus, A Ribeiro",
      "venue": "IEEE Transactions on Signal Processing 65 (22), 5911-5926, 2017",
      "year": 2017,
      "citations": 283
    },
    {
      "title": "Reconstruction of graph signals through percolation from seeding nodes",
      "url": "https://scholar.google.com/citations?view_op=view_citation&hl=en&user=O1aSMXQAAAAJ&citation_for_view=O1aSMXQAAAAJ:MLfJN-KU85MC",
      "authors": "S Segarra, AG Marques, G Leus, A Ribeiro",
      "venue": "IEEE Transactions on Signal Processing 64 (16), 4363-4378, 2016",
      "year": 2016,
      "citations": 116
    },
    {
      "title": "Blind identification of graph filters",
      "url": "https://scholar.google.com/citations?view_op=view_citation&hl=en&user=O1aSMXQAAAAJ&citation_for_view=O1aSMXQAAAAJ:xtoqd-5pKcoC",
      "authors": "S Segarra, G Mateos, AG Marques, A Ribeiro",
      "venue": "IEEE Transactions on Signal Processing 65 (5), 1146-1159, 2016",
      "year": 2016,
      "citations": 104
    },
    {
      "title": "Attributing the authorship of the Henry VI plays by word adjacency",
      "url": "https://scholar.google.com/citations?view_op=view_citation&hl=en&user=O1aSMXQAAAAJ&citation_for_view=O1aSMXQAAAAJ:hCrLmN-GePgC",
      "authors": "S Segarra, M Eisen, G Egan, A Ribeiro",
      "venue": "Shakespeare Quarterly 67 (2), 232-256, 2016",
      "year": 2016,
      "citations": 68
    },
    {
      "title": "Sampling of graph signals with successive local aggregations",
      "url": "https://scholar.google.com/citations?view_op=view_citation&hl=en&user=O1aSMXQAAAAJ&citation_for_view=O1aSMXQAAAAJ:_FxGoFyzp5QC",
      "authors": "AG Marques, S Segarra, G Leus, A Ribeiro",
      "venue": "IEEE Transactions on Signal Processing 64 (7), 1832-1843, 2015",
      "year": 2015,
      "citations": 337
    },
    {
      "title": "Stability and continuity of centrality measures in weighted graphs",
      "url": "https://scholar.google.com/citations?view_op=view_citation&hl=en&user=O1aSMXQAAAAJ&citation_for_view=O1aSMXQAAAAJ:Y0pCki6q_DkC",
      "authors": "S Segarra, A Ribeiro",
      "venue": "IEEE Transactions on Signal Processing 64 (3), 543-555, 2015",
      "year": 2015,
      "citations": 159
    },
    {
      "title": "Authorship attribution through function word adjacency networks",
      "url": "https://scholar.google.com/citations?view_op=view_citation&hl=en&user=O1aSMXQAAAAJ&citation_for_view=O1aSMXQAAAAJ:9yKSN-GCB0IC",
      "authors": "S Segarra, M Eisen, A Ribeiro",
      "venue": "IEEE Transactions on Signal Processing 63 (20), 5464-5478, 2015",
      "year": 2015,
      "citations": 111
    }
  ],
  "co_authors": [
    {
      "name": "Antonio G. Marques",
      "scholar_id": "d05JMMkAAAAJ",
      "url": "https://scholar.google.com/citations?user=d05JMMkAAAAJ"
    },
    {
      "name": "Alejandro Ribeiro",
      "scholar_id": "7mrPM4kAAAAJ",
      "url": "https://scholar.google.com/citations?user=7mrPM4kAAAAJ"
    },
    {
      "name": "Gunjan Verma",
      "scholar_id": "3wkOpJ4AAAAJ",
      "url": "https://scholar.google.com/citations?user=3wkOpJ4AAAAJ"
    },
    {
      "name": "Gonzalo Mateos",
      "scholar_id": "4QAOifUAAAAJ",
      "url": "https://scholar.google.com/citations?user=4QAOifUAAAAJ"
    },
    {
      "name": "T. Mitchell Roddenberry",
      "scholar_id": "WnncFfIAAAAJ",
      "url": "https://scholar.google.com/citations?user=WnncFfIAAAAJ"
    },
    {
      "name": "Geert Leus",
      "scholar_id": "P9MqNggAAAAJ",
      "url": "https://scholar.google.com/citations?user=P9MqNggAAAAJ"
    },
    {
      "name": "Madeline Navarro",
      "scholar_id": "LJxDdfMAAAAJ",
      "url": "https://scholar.google.com/citations?user=LJxDdfMAAAAJ"
    },
    {
      "name": "Michael T. Schaub",
      "scholar_id": "FCGOxvYAAAAJ",
      "url": "https://scholar.google.com/citations?user=FCGOxvYAAAAJ"
    },
    {
      "name": "Yu Zhu",
      "scholar_id": "ONQel1wAAAAJ",
      "url": "https://scholar.google.com/citations?user=ONQel1wAAAAJ"
    },
    {
      "name": "Zhongyuan Zhao",
      "scholar_id": "WHf47YgAAAAJ",
      "url": "https://scholar.google.com/citations?user=WHf47YgAAAAJ"
    },
    {
      "name": "Samuel Rey",
      "scholar_id": "fUy5BM4AAAAJ",
      "url": "https://scholar.google.com/citations?user=fUy5BM4AAAAJ"
    },
    {
      "name": "Mark Eisen",
      "scholar_id": "DfzKDJwAAAAJ",
      "url": "https://scholar.google.com/citations?user=DfzKDJwAAAAJ"
    },
    {
      "name": "Ashutosh Sabharwal",
      "scholar_id": "MiqMO-kAAAAJ",
      "url": "https://scholar.google.com/citations?user=MiqMO-kAAAAJ"
    },
    {
      "name": "Nicolas Zilberstein",
      "scholar_id": "nXRpGgkAAAAJ",
      "url": "https://scholar.google.com/citations?user=nXRpGgkAAAAJ"
    },
    {
      "name": "Srikanth Kandula",
      "scholar_id": "2QkR2WoAAAAJ",
      "url": "https://scholar.google.com/citations?user=2QkR2WoAAAAJ"
    },
    {
      "name": "Facundo Mémoli",
      "scholar_id": "E3APGcgAAAAJ",
      "url": "https://scholar.google.com/citations?user=E3APGcgAAAAJ"
    },
    {
      "name": "Chirag R. Rao",
      "scholar_id": "SuMxSIMAAAAJ",
      "url": "https://scholar.google.com/citations?user=SuMxSIMAAAAJ"
    },
    {
      "name": "Boning Li",
      "scholar_id": "fMlK2x8AAAAJ",
      "url": "https://scholar.google.com/citations?user=fMlK2x8AAAAJ"
    },
    {
      "name": "Fernando Gama",
      "scholar_id": "DwYn408AAAAJ",
      "url": "https://scholar.google.com/citations?user=DwYn408AAAAJ"
    },
    {
      "name": "Rahman Doost-Mohammady",
      "scholar_id": "kuJfCcsAAAAJ",
      "url": "https://scholar.google.com/citations?user=kuJfCcsAAAAJ"
    }
  ]
}