{
  "author_info": {
    "name": "Jianqing Zhang",
    "affiliation": "Shanghai Jiao Tong University",
    "email_verified": "Verified email at sjtu.edu.cn - Homepage",
    "website": "https://github.com/TsingZ0",
    "interests": [
      "federated learning",
      "synthetic data generation",
      "domain adaptation"
    ],
    "photo_url": "https://scholar.googleusercontent.com/citations?view_op=view_photo&user=lppe2vwAAAAJ&citpid=8"
  },
  "citation_stats": {
    "citations_all": 1011,
    "citations_since_2020": 1011,
    "h_index_all": 9,
    "h_index_since_2020": 9,
    "i10_index_all": 9,
    "i10_index_since_2020": 9,
    "citation_graph": [
      {
        "year": 2022,
        "citations": 8
      },
      {
        "year": 2023,
        "citations": 57
      },
      {
        "year": 2024,
        "citations": 322
      },
      {
        "year": 2025,
        "citations": 615
      }
    ]
  },
  "papers": [
    {
      "title": "Pfllib: A beginner-friendly and comprehensive personalized federated learning library and benchmark",
      "url": "https://scholar.google.com/citations?view_op=view_citation&hl=en&user=lppe2vwAAAAJ&citation_for_view=lppe2vwAAAAJ:eflP2zaiRacC",
      "authors": "J Zhang, Y Liu, Y Hua, H Wang, T Song, Z Xue, R Ma, J Cao",
      "venue": "Journal of Machine Learning Research 26 (50), 1-10, 2025",
      "year": 2025,
      "citations": 54
    },
    {
      "title": "Contrastive private data synthesis via weighted multi-plm fusion",
      "url": "https://scholar.google.com/citations?view_op=view_citation&hl=en&user=lppe2vwAAAAJ&citation_for_view=lppe2vwAAAAJ:eJXPG6dFmWUC",
      "authors": "T Zou, Y Liu, P Li, Y Xiong, J Zhang, J Liu, X Ye, Y Ouyang, YQ Zhang",
      "venue": "arXiv preprint arXiv:2502.00245, 2025",
      "year": 2025,
      "citations": 5
    },
    {
      "title": "Fedmabench: Benchmarking mobile agents on decentralized heterogeneous user data",
      "url": "https://scholar.google.com/citations?view_op=view_citation&hl=en&user=lppe2vwAAAAJ&citation_for_view=lppe2vwAAAAJ:D_sINldO8mEC",
      "authors": "W Wang, Z Yu, R Ye, J Zhang, S Chen, Y Wang",
      "venue": "arXiv preprint arXiv:2503.05143, 2025",
      "year": 2025,
      "citations": 2
    },
    {
      "title": "Htfllib: A comprehensive heterogeneous federated learning library and benchmark",
      "url": "https://scholar.google.com/citations?view_op=view_citation&hl=en&user=lppe2vwAAAAJ&citation_for_view=lppe2vwAAAAJ:q3oQSFYPqjQC",
      "authors": "J Zhang, X Wu, Y Zhou, X Sun, Q Cai, Y Liu, Y Hua, Z Zheng, J Cao, ...",
      "venue": "Proceedings of the 31st ACM SIGKDD Conference on Knowledge Discovery and …, 2025",
      "year": 2025,
      "citations": 1
    },
    {
      "title": "PCEvolve: Private Contrastive Evolution for Synthetic Dataset Generation via Few-Shot Private Data and Generative APIs",
      "url": "https://scholar.google.com/citations?view_op=view_citation&hl=en&user=lppe2vwAAAAJ&citation_for_view=lppe2vwAAAAJ:mvPsJ3kp5DgC",
      "authors": "J Zhang, Y Liu, J Fu, Y Hua, T Zou, J Cao, Q Yang",
      "venue": "arXiv preprint arXiv:2506.05407, 2025",
      "year": 2025,
      "citations": 1
    },
    {
      "title": "Fedtgp: Trainable global prototypes with adaptive-margin-enhanced contrastive learning for data and model heterogeneity in federated learning",
      "url": "https://scholar.google.com/citations?view_op=view_citation&hl=en&user=lppe2vwAAAAJ&citation_for_view=lppe2vwAAAAJ:4fKUyHm3Qg0C",
      "authors": "J Zhang, Y Liu, Y Hua, J Cao",
      "venue": "Proceedings of the AAAI conference on artificial intelligence 38 (15), 16768 …, 2024",
      "year": 2024,
      "citations": 108
    },
    {
      "title": "An upload-efficient scheme for transferring knowledge from a server-side pre-trained generator to clients in heterogeneous federated learning",
      "url": "https://scholar.google.com/citations?view_op=view_citation&hl=en&user=lppe2vwAAAAJ&citation_for_view=lppe2vwAAAAJ:8AbLer7MMksC",
      "authors": "J Zhang, Y Liu, Y Hua, J Cao",
      "venue": "Proceedings of the IEEE/CVF conference on computer vision and pattern …, 2024",
      "year": 2024,
      "citations": 39
    },
    {
      "title": "Fusegen: Plm fusion for data-generation based zero-shot learning",
      "url": "https://scholar.google.com/citations?view_op=view_citation&hl=en&user=lppe2vwAAAAJ&citation_for_view=lppe2vwAAAAJ:5Ul4iDaHHb8C",
      "authors": "T Zou, Y Liu, P Li, J Zhang, J Liu, YQ Zhang",
      "venue": "arXiv preprint arXiv:2406.12527, 2024",
      "year": 2024,
      "citations": 12
    },
    {
      "title": "Adaptive Guidance for Local Training in Heterogeneous Federated Learning",
      "url": "https://scholar.google.com/citations?view_op=view_citation&hl=en&user=lppe2vwAAAAJ&citation_for_view=lppe2vwAAAAJ:VOx2b1Wkg3QC",
      "authors": "J Zhang, Y Liu, Y Hua, J Cao, Q Yang",
      "venue": "arXiv preprint arXiv:2410.06490, 2024",
      "year": 2024,
      "citations": 0
    },
    {
      "title": "Fedala: Adaptive local aggregation for personalized federated learning",
      "url": "https://scholar.google.com/citations?view_op=view_citation&hl=en&user=lppe2vwAAAAJ&citation_for_view=lppe2vwAAAAJ:738O_yMBCRsC",
      "authors": "J Zhang, Y Hua, H Wang, T Song, Z Xue, R Ma, H Guan",
      "venue": "Proceedings of the AAAI conference on artificial intelligence 37 (9), 11237 …, 2023",
      "year": 2023,
      "citations": 458
    },
    {
      "title": "Fedcp: Separating feature information for personalized federated learning via conditional policy",
      "url": "https://scholar.google.com/citations?view_op=view_citation&hl=en&user=lppe2vwAAAAJ&citation_for_view=lppe2vwAAAAJ:K3LRdlH-MEoC",
      "authors": "J Zhang, Y Hua, H Wang, T Song, Z Xue, R Ma, H Guan",
      "venue": "Proceedings of the 29th ACM SIGKDD conference on knowledge discovery and …, 2023",
      "year": 2023,
      "citations": 108
    },
    {
      "title": "Gpfl: Simultaneously learning global and personalized feature information for personalized federated learning",
      "url": "https://scholar.google.com/citations?view_op=view_citation&hl=en&user=lppe2vwAAAAJ&citation_for_view=lppe2vwAAAAJ:08ZZubdj9fEC",
      "authors": "J Zhang, Y Hua, H Wang, T Song, Z Xue, R Ma, J Cao, H Guan",
      "venue": "Proceedings of the IEEE/CVF international conference on computer vision …, 2023",
      "year": 2023,
      "citations": 106
    },
    {
      "title": "Eliminating domain bias for federated learning in representation space",
      "url": "https://scholar.google.com/citations?view_op=view_citation&hl=en&user=lppe2vwAAAAJ&citation_for_view=lppe2vwAAAAJ:vRqMK49ujn8C",
      "authors": "J Zhang, Y Hua, J Cao, H Wang, T Song, Z Xue, R Ma, H Guan",
      "venue": "Advances in Neural Information Processing Systems 36, 2023",
      "year": 2023,
      "citations": 65
    },
    {
      "title": "PFedEff: an efficient and personalized federated cognitive learning framework in multiagent systems",
      "url": "https://scholar.google.com/citations?view_op=view_citation&hl=en&user=lppe2vwAAAAJ&citation_for_view=lppe2vwAAAAJ:tOudhMTPpwUC",
      "authors": "H Shi, J Zhang, S Fan, R Ma, H Guan",
      "venue": "IEEE Transactions on Cognitive and Developmental Systems 16 (1), 31-45, 2023",
      "year": 2023,
      "citations": 9
    },
    {
      "title": "TLSAN: Time-aware long-and short-term attention network for next-item recommendation",
      "url": "https://scholar.google.com/citations?view_op=view_citation&hl=en&user=lppe2vwAAAAJ&citation_for_view=lppe2vwAAAAJ:XiSMed-E-HIC",
      "authors": "J Zhang, D Wang, D Yu",
      "venue": "Neurocomputing 441, 179-191, 2021",
      "year": 2021,
      "citations": 43
    }
  ],
  "co_authors": [
    {
      "name": "Yang Hua (华扬)",
      "scholar_id": "N0tFi8MAAAAJ",
      "url": "https://scholar.google.com/citations?user=N0tFi8MAAAAJ"
    },
    {
      "name": "Ruhui Ma",
      "scholar_id": "PcrtqDsAAAAJ",
      "url": "https://scholar.google.com/citations?user=PcrtqDsAAAAJ"
    },
    {
      "name": "Tao Song",
      "scholar_id": "tIjK-3QAAAAJ",
      "url": "https://scholar.google.com/citations?user=tIjK-3QAAAAJ"
    },
    {
      "name": "Jian Cao",
      "scholar_id": "aEacdCQAAAAJ",
      "url": "https://scholar.google.com/citations?user=aEacdCQAAAAJ"
    },
    {
      "name": "Hao Wang",
      "scholar_id": "r-Ik__gAAAAJ",
      "url": "https://scholar.google.com/citations?user=r-Ik__gAAAAJ"
    },
    {
      "name": "Yang (Veronica) Liu",
      "scholar_id": "JEieoFsAAAAJ",
      "url": "https://scholar.google.com/citations?user=JEieoFsAAAAJ"
    },
    {
      "name": "Tianyuan Zou",
      "scholar_id": "vlV8sCQAAAAJ",
      "url": "https://scholar.google.com/citations?user=vlV8sCQAAAAJ"
    },
    {
      "name": "Dongjin Yu",
      "scholar_id": "DwG4deYAAAAJ",
      "url": "https://scholar.google.com/citations?user=DwG4deYAAAAJ"
    },
    {
      "name": "Dongjing WANG (王东京)",
      "scholar_id": "D1_RC_kAAAAJ",
      "url": "https://scholar.google.com/citations?user=D1_RC_kAAAAJ"
    },
    {
      "name": "YA-QIN ZHANG",
      "scholar_id": "mDOMfxIAAAAJ",
      "url": "https://scholar.google.com/citations?user=mDOMfxIAAAAJ"
    },
    {
      "name": "Peng LI",
      "scholar_id": "hgYzkOQAAAAJ",
      "url": "https://scholar.google.com/citations?user=hgYzkOQAAAAJ"
    },
    {
      "name": "Qiang Yang (杨强）",
      "scholar_id": "1LxWZLQAAAAJ",
      "url": "https://scholar.google.com/citations?user=1LxWZLQAAAAJ"
    },
    {
      "name": "Siheng Chen",
      "scholar_id": "W_Q33RMAAAAJ",
      "url": "https://scholar.google.com/citations?user=W_Q33RMAAAAJ"
    }
  ]
}