{
  "author_info": {
    "name": "Lei Guo",
    "affiliation": "Professor in School of Automation Science and Electrical Engineering. Beihang University",
    "email_verified": "Verified email at buaa.edu.cn",
    "interests": [
      "nonlinear control",
      "anti-disturbance control",
      "stochastic control"
    ],
    "photo_url": "https://scholar.googleusercontent.com/citations?view_op=view_photo&user=IxO-SDwAAAAJ&citpid=1"
  },
  "citation_stats": {
    "citations_all": 20202,
    "citations_since_2020": 12555,
    "h_index_all": 66,
    "h_index_since_2020": 51,
    "i10_index_all": 255,
    "i10_index_since_2020": 197,
    "citation_graph": [
      {
        "year": 2006,
        "citations": 81
      },
      {
        "year": 2007,
        "citations": 56
      },
      {
        "year": 2008,
        "citations": 155
      },
      {
        "year": 2009,
        "citations": 192
      },
      {
        "year": 2010,
        "citations": 162
      },
      {
        "year": 2011,
        "citations": 269
      },
      {
        "year": 2012,
        "citations": 352
      },
      {
        "year": 2013,
        "citations": 414
      },
      {
        "year": 2014,
        "citations": 483
      },
      {
        "year": 2015,
        "citations": 565
      },
      {
        "year": 2016,
        "citations": 889
      },
      {
        "year": 2017,
        "citations": 999
      },
      {
        "year": 2018,
        "citations": 1350
      },
      {
        "year": 2019,
        "citations": 1505
      },
      {
        "year": 2020,
        "citations": 1624
      },
      {
        "year": 2021,
        "citations": 1829
      },
      {
        "year": 2022,
        "citations": 2045
      },
      {
        "year": 2023,
        "citations": 2327
      },
      {
        "year": 2024,
        "citations": 2454
      },
      {
        "year": 2025,
        "citations": 2255
      }
    ]
  },
  "papers": [
    {
      "title": "Multiple observers based anti-disturbance control for a quadrotor UAV against payload and wind disturbances",
      "url": "https://scholar.google.com/citations?view_op=view_citation&hl=en&user=IxO-SDwAAAAJ&citation_for_view=IxO-SDwAAAAJ:i2xiXl-TujoC",
      "authors": "K Guo, J Jia, X Yu, L Guo, L Xie",
      "venue": "Control Engineering Practice 102, 104560, 2020",
      "year": 2020,
      "citations": 205
    },
    {
      "title": "Aerial visual perception in smart farming: Field study of wheat yellow rust monitoring",
      "url": "https://scholar.google.com/citations?view_op=view_citation&hl=en&user=IxO-SDwAAAAJ&citation_for_view=IxO-SDwAAAAJ:kRWSkSYxWN8C",
      "authors": "J Su, D Yi, B Su, Z Mi, C Liu, X Hu, X Xu, L Guo, WH Chen",
      "venue": "IEEE transactions on industrial informatics 17 (3), 2242-2249, 2020",
      "year": 2020,
      "citations": 200
    },
    {
      "title": "Event-triggered adaptive attitude tracking control for spacecraft with unknown actuator faults",
      "url": "https://scholar.google.com/citations?view_op=view_citation&hl=en&user=IxO-SDwAAAAJ&citation_for_view=IxO-SDwAAAAJ:j3f4tGmQtD8C",
      "authors": "C Wang, L Guo, C Wen, Q Hu, J Qiao",
      "venue": "IEEE Transactions on Industrial Electronics 67 (3), 2241-2250, 2019",
      "year": 2019,
      "citations": 181
    },
    {
      "title": "Adaptive sliding mode disturbance observer-based composite control with prescribed performance of space manipulators for target capturing",
      "url": "https://scholar.google.com/citations?view_op=view_citation&hl=en&user=IxO-SDwAAAAJ&citation_for_view=IxO-SDwAAAAJ:g3aElNc5_aQC",
      "authors": "Y Zhu, J Qiao, L Guo",
      "venue": "IEEE Transactions on Industrial Electronics 66 (3), 1973-1983, 2018",
      "year": 2018,
      "citations": 361
    },
    {
      "title": "Wheat yellow rust monitoring by learning from multispectral UAV aerial imagery",
      "url": "https://scholar.google.com/citations?view_op=view_citation&hl=en&user=IxO-SDwAAAAJ&citation_for_view=IxO-SDwAAAAJ:j8SEvjWlNXcC",
      "authors": "J Su, C Liu, M Coombes, X Hu, C Wang, X Xu, Q Li, L Guo, WH Chen",
      "venue": "Computers and electronics in agriculture 155, 157-166, 2018",
      "year": 2018,
      "citations": 315
    },
    {
      "title": "Adaptive fault-tolerant attitude tracking control of spacecraft with prescribed performance",
      "url": "https://scholar.google.com/citations?view_op=view_citation&hl=en&user=IxO-SDwAAAAJ&citation_for_view=IxO-SDwAAAAJ:5Ul4iDaHHb8C",
      "authors": "Q Hu, X Shao, L Guo",
      "venue": "IEEE/ASME Transactions On Mechatronics 23 (1), 331-341, 2017",
      "year": 2017,
      "citations": 382
    },
    {
      "title": "Disturbance/uncertainty estimation and attenuation techniques in PMSM drives—A survey",
      "url": "https://scholar.google.com/citations?view_op=view_citation&hl=en&user=IxO-SDwAAAAJ&citation_for_view=IxO-SDwAAAAJ:zLWjf1WUPmwC",
      "authors": "J Yang, WH Chen, S Li, L Guo, Y Yan",
      "venue": "IEEE Transactions on Industrial Electronics 64 (4), 3273-3285, 2016",
      "year": 2016,
      "citations": 701
    },
    {
      "title": "Resilient control of networked control system under DoS attacks: A unified game approach",
      "url": "https://scholar.google.com/citations?view_op=view_citation&hl=en&user=IxO-SDwAAAAJ&citation_for_view=IxO-SDwAAAAJ:ldfaerwXgEUC",
      "authors": "Y Yuan, H Yuan, L Guo, H Yang, S Sun",
      "venue": "IEEE transactions on Industrial Informatics 12 (5), 1786-1794, 2016",
      "year": 2016,
      "citations": 337
    },
    {
      "title": "Disturbance-observer-based control and related methods—An overview",
      "url": "https://scholar.google.com/citations?view_op=view_citation&hl=en&user=IxO-SDwAAAAJ&citation_for_view=IxO-SDwAAAAJ:u9iWguZQMMsC",
      "authors": "WH Chen, J Yang, L Guo, S Li",
      "venue": "IEEE Transactions on industrial electronics 63 (2), 1083-1095, 2015",
      "year": 2015,
      "citations": 3115
    },
    {
      "title": "Anti-disturbance control theory for systems with multiple disturbances: A survey",
      "url": "https://scholar.google.com/citations?view_op=view_citation&hl=en&user=IxO-SDwAAAAJ&citation_for_view=IxO-SDwAAAAJ:z_wVstp3MssC",
      "authors": "L Guo, S Cao",
      "venue": "ISA transactions 53 (4), 846-849, 2014",
      "year": 2014,
      "citations": 382
    },
    {
      "title": "Nonlinear-disturbance-observer-based robust flight control for airbreathing hypersonic vehicles",
      "url": "https://scholar.google.com/citations?view_op=view_citation&hl=en&user=IxO-SDwAAAAJ&citation_for_view=IxO-SDwAAAAJ:08ZZubdj9fEC",
      "authors": "J Yang, S Li, C Sun, L Guo",
      "venue": "IEEE Transactions on Aerospace and Electronic systems 49 (2), 1263-1275, 2013",
      "year": 2013,
      "citations": 359
    },
    {
      "title": "Composite anti-disturbance control for Markovian jump nonlinear systems via disturbance observer",
      "url": "https://scholar.google.com/citations?view_op=view_citation&hl=en&user=IxO-SDwAAAAJ&citation_for_view=IxO-SDwAAAAJ:evX43VCCuoAC",
      "authors": "X Yao, L Guo",
      "venue": "Automatica 49 (8), 2538-2545, 2013",
      "year": 2013,
      "citations": 251
    },
    {
      "title": "Anti-disturbance control for systems with multiple disturbances",
      "url": "https://scholar.google.com/citations?view_op=view_citation&hl=en&user=IxO-SDwAAAAJ&citation_for_view=IxO-SDwAAAAJ:ML0RJ9NH7IQC",
      "authors": "L Guo, S Cao",
      "venue": "Crc Press, 2013",
      "year": 2013,
      "citations": 237
    },
    {
      "title": "An anti-disturbance PD control scheme for attitude control and stabilization of flexible spacecrafts",
      "url": "https://scholar.google.com/citations?view_op=view_citation&hl=en&user=IxO-SDwAAAAJ&citation_for_view=IxO-SDwAAAAJ:6ZxmRoH8BuwC",
      "authors": "H Liu, L Guo, Y Zhang",
      "venue": "Nonlinear Dynamics 67 (3), 2081-2088, 2012",
      "year": 2012,
      "citations": 176
    },
    {
      "title": "Composite disturbance‐observer‐based control and H∞ control for complex continuous models",
      "url": "https://scholar.google.com/citations?view_op=view_citation&hl=en&user=IxO-SDwAAAAJ&citation_for_view=IxO-SDwAAAAJ:OTTXONDVkokC",
      "authors": "X Wei, L Guo",
      "venue": "International Journal of Robust and Nonlinear Control: IFAC‐Affiliated …, 2010",
      "year": 2010,
      "citations": 411
    },
    {
      "title": "Stochastic distribution control system design: a convex optimization approach",
      "url": "https://scholar.google.com/citations?view_op=view_citation&hl=en&user=IxO-SDwAAAAJ&citation_for_view=IxO-SDwAAAAJ:nrtMV_XWKgEC",
      "authors": "L Guo, H Wang",
      "venue": "Springer London, 2010",
      "year": 2010,
      "citations": 168
    },
    {
      "title": "Composite disturbance-observer-based control and terminal sliding mode control for non-linear systems with disturbances",
      "url": "https://scholar.google.com/citations?view_op=view_citation&hl=en&user=IxO-SDwAAAAJ&citation_for_view=IxO-SDwAAAAJ:ILKRHgRFtOwC",
      "authors": "X Wei, L Guo",
      "venue": "International Journal of Control 82 (6), 1082-1098, 2009",
      "year": 2009,
      "citations": 279
    },
    {
      "title": "Disturbance attenuation and rejection for systems with nonlinearity via DOBC approach",
      "url": "https://scholar.google.com/citations?view_op=view_citation&hl=en&user=IxO-SDwAAAAJ&citation_for_view=IxO-SDwAAAAJ:hqOjcs7Dif8C",
      "authors": "L Guo, WH Chen",
      "venue": "International Journal of Robust and Nonlinear Control: IFAC‐Affiliated …, 2005",
      "year": 2005,
      "citations": 882
    },
    {
      "title": "Fault detection and diagnosis for general stochastic systems using B-spline expansions and nonlinear filters",
      "url": "https://scholar.google.com/citations?view_op=view_citation&hl=en&user=IxO-SDwAAAAJ&citation_for_view=IxO-SDwAAAAJ:URolC5Kub84C",
      "authors": "L Guo, H Wang",
      "venue": "IEEE Transactions on Circuits and Systems I: Regular Papers 52 (8), 1644-1652, 2005",
      "year": 2005,
      "citations": 201
    },
    {
      "title": "PID controller design for output PDFs of stochastic systems using linear matrix inequalities",
      "url": "https://scholar.google.com/citations?view_op=view_citation&hl=en&user=IxO-SDwAAAAJ&citation_for_view=IxO-SDwAAAAJ:R3hNpaxXUhUC",
      "authors": "L Guo, H Wang",
      "venue": "IEEE Transactions on Systems, Man, and Cybernetics, Part B (Cybernetics) 35 …, 2005",
      "year": 2005,
      "citations": 175
    }
  ],
  "co_authors": [
    {
      "name": "Xiang Yu",
      "scholar_id": "6UgtuZ8AAAAJ",
      "url": "https://scholar.google.com/citations?user=6UgtuZ8AAAAJ"
    },
    {
      "name": "Shihua Li",
      "scholar_id": "Gg2jy5MAAAAJ",
      "url": "https://scholar.google.com/citations?user=Gg2jy5MAAAAJ"
    },
    {
      "name": "Huai-Ning Wu (吴淮宁)",
      "scholar_id": "xKl7sBwAAAAJ",
      "url": "https://scholar.google.com/citations?user=xKl7sBwAAAAJ"
    },
    {
      "name": "Zidong Wang",
      "scholar_id": "Bbz0jRUAAAAJ",
      "url": "https://scholar.google.com/citations?user=Bbz0jRUAAAAJ"
    },
    {
      "name": "Changyun Wen",
      "scholar_id": "NZRLvswAAAAJ",
      "url": "https://scholar.google.com/citations?user=NZRLvswAAAAJ"
    },
    {
      "name": "Lihua Xie",
      "scholar_id": "Fmrv3J8AAAAJ",
      "url": "https://scholar.google.com/citations?user=Fmrv3J8AAAAJ"
    },
    {
      "name": "Wei Xing Zheng",
      "scholar_id": "9wBTFEQAAAAJ",
      "url": "https://scholar.google.com/citations?user=9wBTFEQAAAAJ"
    }
  ]
}