{
  "author_info": {
    "name": "Le Sun",
    "affiliation": "Institute of Software, CAS",
    "email_verified": "Verified email at iscas.ac.cn",
    "interests": [
      "information_retrieval",
      "natural_language_processing"
    ],
    "photo_url": "https://scholar.googleusercontent.com/citations?view_op=view_photo&user=6bFNhtwAAAAJ&citpid=2"
  },
  "citation_stats": {
    "citations_all": 8219,
    "citations_since_2020": 6384,
    "h_index_all": 41,
    "h_index_since_2020": 39,
    "i10_index_all": 117,
    "i10_index_since_2020": 91,
    "citation_graph": [
      {
        "year": 2007,
        "citations": 30
      },
      {
        "year": 2008,
        "citations": 71
      },
      {
        "year": 2009,
        "citations": 63
      },
      {
        "year": 2010,
        "citations": 118
      },
      {
        "year": 2011,
        "citations": 89
      },
      {
        "year": 2012,
        "citations": 111
      },
      {
        "year": 2013,
        "citations": 175
      },
      {
        "year": 2014,
        "citations": 158
      },
      {
        "year": 2015,
        "citations": 171
      },
      {
        "year": 2016,
        "citations": 208
      },
      {
        "year": 2017,
        "citations": 185
      },
      {
        "year": 2018,
        "citations": 170
      },
      {
        "year": 2019,
        "citations": 200
      },
      {
        "year": 2020,
        "citations": 308
      },
      {
        "year": 2021,
        "citations": 464
      },
      {
        "year": 2022,
        "citations": 620
      },
      {
        "year": 2023,
        "citations": 995
      },
      {
        "year": 2024,
        "citations": 1726
      },
      {
        "year": 2025,
        "citations": 2242
      }
    ]
  },
  "papers": [
    {
      "title": "Benchmarking large language models in retrieval-augmented generation",
      "url": "https://scholar.google.com/citations?view_op=view_citation&hl=en&user=6bFNhtwAAAAJ&citation_for_view=6bFNhtwAAAAJ:MagRZZew-58C",
      "authors": "J Chen, H Lin, X Han, L Sun",
      "venue": "Proceedings of the AAAI Conference on Artificial Intelligence 38 (16), 17754 …, 2024",
      "year": 2024,
      "citations": 839
    },
    {
      "title": "Chatgpt is a knowledgeable but inexperienced solver: An investigation of commonsense problem in large language models",
      "url": "https://scholar.google.com/citations?view_op=view_citation&hl=en&user=6bFNhtwAAAAJ&citation_for_view=6bFNhtwAAAAJ:e6AMIDGT8rIC",
      "authors": "N Bian, X Han, L Sun, H Lin, Y Lu, B He, S Jiang, B Dong",
      "venue": "Proceedings of the 2024 Joint International Conference on Computational …, 2024",
      "year": 2024,
      "citations": 166
    },
    {
      "title": "Mitigating large language model hallucinations via autonomous knowledge graph-based retrofitting",
      "url": "https://scholar.google.com/citations?view_op=view_citation&hl=en&user=6bFNhtwAAAAJ&citation_for_view=6bFNhtwAAAAJ:KjbfwUOO_FMC",
      "authors": "X Guan, Y Liu, H Lin, Y Lu, B He, X Han, L Sun",
      "venue": "Proceedings of the AAAI Conference on Artificial Intelligence 38 (16), 18126 …, 2024",
      "year": 2024,
      "citations": 141
    },
    {
      "title": "AI for social science and social science of AI: A survey",
      "url": "https://scholar.google.com/citations?view_op=view_citation&hl=en&user=6bFNhtwAAAAJ&citation_for_view=6bFNhtwAAAAJ:UX7E2m6xpKUC",
      "authors": "R Xu, Y Sun, M Ren, S Guo, R Pan, H Lin, L Sun, X Han",
      "venue": "Information Processing & Management 61 (3), 103665, 2024",
      "year": 2024,
      "citations": 129
    },
    {
      "title": "Toolalpaca: Generalized tool learning for language models with 3000 simulated cases",
      "url": "https://scholar.google.com/citations?view_op=view_citation&hl=en&user=6bFNhtwAAAAJ&citation_for_view=6bFNhtwAAAAJ:sJRvXmEhuqoC",
      "authors": "Q Tang, Z Deng, H Lin, X Han, Q Liang, B Cao, L Sun",
      "venue": "arXiv preprint arXiv:2306.05301, 2023",
      "year": 2023,
      "citations": 244
    },
    {
      "title": "Unified structure generation for universal information extraction",
      "url": "https://scholar.google.com/citations?view_op=view_citation&hl=en&user=6bFNhtwAAAAJ&citation_for_view=6bFNhtwAAAAJ:94rQ0kDLHKYC",
      "authors": "Y Lu, Q Liu, D Dai, X Xiao, H Lin, X Han, L Sun, H Wu",
      "venue": "arXiv preprint arXiv:2203.12277, 2022",
      "year": 2022,
      "citations": 606
    },
    {
      "title": "Text2Event: Controllable sequence-to-structure generation for end-to-end event extraction",
      "url": "https://scholar.google.com/citations?view_op=view_citation&hl=en&user=6bFNhtwAAAAJ&citation_for_view=6bFNhtwAAAAJ:FGlqWXlxCNkC",
      "authors": "Y Lu, H Lin, J Xu, X Han, J Tang, A Li, L Sun, M Liao, S Chen",
      "venue": "arXiv preprint arXiv:2106.09232, 2021",
      "year": 2021,
      "citations": 370
    },
    {
      "title": "Knowledgeable or educated guess? revisiting language models as knowledge bases",
      "url": "https://scholar.google.com/citations?view_op=view_citation&hl=en&user=6bFNhtwAAAAJ&citation_for_view=6bFNhtwAAAAJ:8BwKzHq_VgYC",
      "authors": "B Cao, H Lin, X Han, L Sun, L Yan, M Liao, T Xue, J Xu",
      "venue": "arXiv preprint arXiv:2106.09231, 2021",
      "year": 2021,
      "citations": 166
    },
    {
      "title": "BERT-QE: contextualized query expansion for document re-ranking",
      "url": "https://scholar.google.com/citations?view_op=view_citation&hl=en&user=6bFNhtwAAAAJ&citation_for_view=6bFNhtwAAAAJ:-Xpk-jsdKCIC",
      "authors": "Z Zheng, K Hui, B He, X Han, L Sun, A Yates",
      "venue": "arXiv preprint arXiv:2009.07258, 2020",
      "year": 2020,
      "citations": 135
    },
    {
      "title": "Sequence-to-nuggets: Nested entity mention detection via anchor-region networks",
      "url": "https://scholar.google.com/citations?view_op=view_citation&hl=en&user=6bFNhtwAAAAJ&citation_for_view=6bFNhtwAAAAJ:VsjxJ5V0Y48C",
      "authors": "H Lin, Y Lu, X Han, L Sun",
      "venue": "arXiv preprint arXiv:1906.03783, 2019",
      "year": 2019,
      "citations": 136
    },
    {
      "title": "Deep sequence-to-sequence entity matching for heterogeneous entity resolution",
      "url": "https://scholar.google.com/citations?view_op=view_citation&hl=en&user=6bFNhtwAAAAJ&citation_for_view=6bFNhtwAAAAJ:53CL4OiWbn0C",
      "authors": "H Nie, X Han, B He, L Sun, B Chen, W Zhang, S Wu, H Kong",
      "venue": "Proceedings of the 28th ACM International Conference on Information and …, 2019",
      "year": 2019,
      "citations": 126
    },
    {
      "title": "Progressive self-supervised attention learning for aspect-level sentiment analysis",
      "url": "https://scholar.google.com/citations?view_op=view_citation&hl=en&user=6bFNhtwAAAAJ&citation_for_view=6bFNhtwAAAAJ:iC1Mcd5kvfwC",
      "authors": "J Tang, Z Lu, J Su, Y Ge, L Song, L Sun, J Luo",
      "venue": "arXiv preprint arXiv:1906.01213, 2019",
      "year": 2019,
      "citations": 125
    },
    {
      "title": "TDNN: A two-stage deep neural network for prompt-independent automated essay scoring",
      "url": "https://scholar.google.com/citations?view_op=view_citation&hl=en&user=6bFNhtwAAAAJ&citation_for_view=6bFNhtwAAAAJ:Hf1drVALF3gC",
      "authors": "C Jin, B He, K Hui, L Sun",
      "venue": "Proceedings of the 56th annual meeting of the association for computational …, 2018",
      "year": 2018,
      "citations": 159
    },
    {
      "title": "Accurate text-enhanced knowledge graph representation learning",
      "url": "https://scholar.google.com/citations?view_op=view_citation&hl=en&user=6bFNhtwAAAAJ&citation_for_view=6bFNhtwAAAAJ:-qiMcZ-2Z0YC",
      "authors": "B An, B Chen, X Han, L Sun",
      "venue": "Proceedings of the 2018 Conference of the North American Chapter of the …, 2018",
      "year": 2018,
      "citations": 124
    },
    {
      "title": "Nugget proposal networks for Chinese event detection",
      "url": "https://scholar.google.com/citations?view_op=view_citation&hl=en&user=6bFNhtwAAAAJ&citation_for_view=6bFNhtwAAAAJ:xyhAN3YsZoYC",
      "authors": "H Lin, Y Lu, X Han, L Sun",
      "venue": "arXiv preprint arXiv:1805.00249, 2018",
      "year": 2018,
      "citations": 103
    },
    {
      "title": "Sentence rewriting for semantic parsing",
      "url": "https://scholar.google.com/citations?view_op=view_citation&hl=en&user=6bFNhtwAAAAJ&citation_for_view=6bFNhtwAAAAJ:ssyqJ5znRdsC",
      "authors": "B Chen, L Sun, X Han, B An",
      "venue": "Proceedings of the 54th Annual Meeting of the Association for Computational …, 2016",
      "year": 2016,
      "citations": 103
    },
    {
      "title": "An entity-topic model for entity linking",
      "url": "https://scholar.google.com/citations?view_op=view_citation&hl=en&user=6bFNhtwAAAAJ&citation_for_view=6bFNhtwAAAAJ:q3oQSFYPqjQC",
      "authors": "X Han, L Sun",
      "venue": "Proceedings of the 2012 Joint Conference on Empirical Methods in Natural …, 2012",
      "year": 2012,
      "citations": 134
    },
    {
      "title": "Collective entity linking in web text: a graph-based method",
      "url": "https://scholar.google.com/citations?view_op=view_citation&hl=en&user=6bFNhtwAAAAJ&citation_for_view=6bFNhtwAAAAJ:L8Ckcad2t8MC",
      "authors": "X Han, L Sun, J Zhao",
      "venue": "Proceedings of the 34th international ACM SIGIR conference on Research and …, 2011",
      "year": 2011,
      "citations": 591
    },
    {
      "title": "A generative entity-mention model for linking entities with knowledge base",
      "url": "https://scholar.google.com/citations?view_op=view_citation&hl=en&user=6bFNhtwAAAAJ&citation_for_view=6bFNhtwAAAAJ:ZeXyd9-uunAC",
      "authors": "X Han, L Sun",
      "venue": "Proceedings of the 49th Annual Meeting of the Association for Computational …, 2011",
      "year": 2011,
      "citations": 215
    },
    {
      "title": "Overview of multilingual opinion analysis task at NTCIR-7.",
      "url": "https://scholar.google.com/citations?view_op=view_citation&hl=en&user=6bFNhtwAAAAJ&citation_for_view=6bFNhtwAAAAJ:u5HHmVD_uO8C",
      "authors": "Y Seki, DK Evans, LW Ku, Le Sun 0001, HH Chen, N Kando",
      "venue": "NTCIR, 185-203, 2008",
      "year": 2008,
      "citations": 152
    }
  ],
  "co_authors": [
    {
      "name": "Han Xianpei",
      "scholar_id": "pA88bm4AAAAJ",
      "url": "https://scholar.google.com/citations?user=pA88bm4AAAAJ"
    },
    {
      "name": "Hongyu Lin",
      "scholar_id": "mu5lLakAAAAJ",
      "url": "https://scholar.google.com/citations?user=mu5lLakAAAAJ"
    },
    {
      "name": "Yaojie Lu",
      "scholar_id": "s0mCSI0AAAAJ",
      "url": "https://scholar.google.com/citations?user=s0mCSI0AAAAJ"
    },
    {
      "name": "Ben He",
      "scholar_id": "EmTFUdQAAAAJ",
      "url": "https://scholar.google.com/citations?user=EmTFUdQAAAAJ"
    },
    {
      "name": "junlin zhang",
      "scholar_id": "nYl5trAAAAAJ",
      "url": "https://scholar.google.com/citations?user=nYl5trAAAAAJ"
    },
    {
      "name": "Jian-Yun Nie",
      "scholar_id": "W7uYg0UAAAAJ",
      "url": "https://scholar.google.com/citations?user=W7uYg0UAAAAJ"
    },
    {
      "name": "Yuanhua Lv",
      "scholar_id": "kIHxcVYAAAAJ",
      "url": "https://scholar.google.com/citations?user=kIHxcVYAAAAJ"
    },
    {
      "name": "Lun-Wei Ku",
      "scholar_id": "SzcLXlkAAAAJ",
      "url": "https://scholar.google.com/citations?user=SzcLXlkAAAAJ"
    },
    {
      "name": "noriko kando",
      "scholar_id": "IKVCQG8AAAAJ",
      "url": "https://scholar.google.com/citations?user=IKVCQG8AAAAJ"
    },
    {
      "name": "Ruihong Huang",
      "scholar_id": "NU2aHWUAAAAJ",
      "url": "https://scholar.google.com/citations?user=NU2aHWUAAAAJ"
    },
    {
      "name": "Bo Chen (陈波)",
      "scholar_id": "oBgPI9gAAAAJ",
      "url": "https://scholar.google.com/citations?user=oBgPI9gAAAAJ"
    },
    {
      "name": "Xue Jiang",
      "scholar_id": "UksO8XYAAAAJ",
      "url": "https://scholar.google.com/citations?user=UksO8XYAAAAJ"
    },
    {
      "name": "Bei Shi",
      "scholar_id": "UJ_tgMYAAAAJ",
      "url": "https://scholar.google.com/citations?user=UJ_tgMYAAAAJ"
    },
    {
      "name": "Jinming Min",
      "scholar_id": "Gd_kviUAAAAJ",
      "url": "https://scholar.google.com/citations?user=Gd_kviUAAAAJ"
    },
    {
      "name": "Chin-Yew Lin",
      "scholar_id": "cDF07aYAAAAJ",
      "url": "https://scholar.google.com/citations?user=cDF07aYAAAAJ"
    }
  ]
}