{
  "author_info": {
    "name": "Marc Lelarge",
    "affiliation": "INRIA and ENS",
    "email_verified": "Verified email at ens.fr - Homepage",
    "website": "http://www.di.ens.fr/~lelarge/",
    "interests": [
      "machine learning",
      "probability",
      "networks"
    ],
    "photo_url": "https://scholar.googleusercontent.com/citations?view_op=view_photo&user=cLGOIdMAAAAJ&citpid=4"
  },
  "citation_stats": {
    "citations_all": 5230,
    "citations_since_2020": 2721,
    "h_index_all": 37,
    "h_index_since_2020": 28,
    "i10_index_all": 76,
    "i10_index_since_2020": 50,
    "citation_graph": [
      {
        "year": 2005,
        "citations": 17
      },
      {
        "year": 2006,
        "citations": 15
      },
      {
        "year": 2007,
        "citations": 21
      },
      {
        "year": 2008,
        "citations": 35
      },
      {
        "year": 2009,
        "citations": 47
      },
      {
        "year": 2010,
        "citations": 75
      },
      {
        "year": 2011,
        "citations": 115
      },
      {
        "year": 2012,
        "citations": 139
      },
      {
        "year": 2013,
        "citations": 125
      },
      {
        "year": 2014,
        "citations": 190
      },
      {
        "year": 2015,
        "citations": 253
      },
      {
        "year": 2016,
        "citations": 320
      },
      {
        "year": 2017,
        "citations": 358
      },
      {
        "year": 2018,
        "citations": 375
      },
      {
        "year": 2019,
        "citations": 369
      },
      {
        "year": 2020,
        "citations": 439
      },
      {
        "year": 2021,
        "citations": 449
      },
      {
        "year": 2022,
        "citations": 416
      },
      {
        "year": 2023,
        "citations": 494
      },
      {
        "year": 2024,
        "citations": 498
      },
      {
        "year": 2025,
        "citations": 424
      }
    ]
  },
  "papers": [
    {
      "title": "Expressive power of invariant and equivariant graph neural networks",
      "url": "https://scholar.google.com/citations?view_op=view_citation&hl=en&user=cLGOIdMAAAAJ&citation_for_view=cLGOIdMAAAAJ:ZfRJV9d4-WMC",
      "authors": "W Azizian, M Lelarge",
      "venue": "arXiv preprint arXiv:2006.15646, 2020",
      "year": 2020,
      "citations": 206
    },
    {
      "title": "Fundamental limits of symmetric low-rank matrix estimation",
      "url": "https://scholar.google.com/citations?view_op=view_citation&hl=en&user=cLGOIdMAAAAJ&citation_for_view=cLGOIdMAAAAJ:LjlpjdlvIbIC",
      "authors": "M Lelarge, L Miolane",
      "venue": "Conference on Learning Theory, 1297-1301, 2017",
      "year": 2017,
      "citations": 252
    },
    {
      "title": "Statistical and computational phase transitions in spiked tensor estimation",
      "url": "https://scholar.google.com/citations?view_op=view_citation&hl=en&user=cLGOIdMAAAAJ&citation_for_view=cLGOIdMAAAAJ:fQNAKQ3IYiAC",
      "authors": "T Lesieur, L Miolane, M Lelarge, F Krzakala, L Zdeborová",
      "venue": "2017 ieee international symposium on information theory (isit), 511-515, 2017",
      "year": 2017,
      "citations": 158
    },
    {
      "title": "A spectral method for community detection in moderately sparse degree-corrected stochastic block models",
      "url": "https://scholar.google.com/citations?view_op=view_citation&hl=en&user=cLGOIdMAAAAJ&citation_for_view=cLGOIdMAAAAJ:_xSYboBqXhAC",
      "authors": "L Gulikers, M Lelarge, L Massoulié",
      "venue": "Advances in Applied Probability 49 (3), 686-721, 2017",
      "year": 2017,
      "citations": 79
    },
    {
      "title": "Non-backtracking spectrum of random graphs: community detection and non-regular ramanujan graphs",
      "url": "https://scholar.google.com/citations?view_op=view_citation&hl=en&user=cLGOIdMAAAAJ&citation_for_view=cLGOIdMAAAAJ:3s1wT3WcHBgC",
      "authors": "C Bordenave, M Lelarge, L Massoulié",
      "venue": "2015 IEEE 56th Annual Symposium on Foundations of Computer Science, 1347-1357, 2015",
      "year": 2015,
      "citations": 371
    },
    {
      "title": "Universality in polytope phase transitions and message passing algorithms",
      "url": "https://scholar.google.com/citations?view_op=view_citation&hl=en&user=cLGOIdMAAAAJ&citation_for_view=cLGOIdMAAAAJ:D_sINldO8mEC",
      "authors": "M Bayati, M Lelarge, A Montanari",
      "venue": "",
      "citations": 321,
      "year": 2015
    },
    {
      "title": "Combinatorial Bandits Revisited",
      "url": "https://scholar.google.com/citations?view_op=view_citation&hl=en&user=cLGOIdMAAAAJ&citation_for_view=cLGOIdMAAAAJ:tS2w5q8j5-wC",
      "authors": "R Combes, S Talebi, A Proutière, M Lelarge",
      "venue": "nips, 2015",
      "year": 2015,
      "citations": 320
    },
    {
      "title": "Reconstruction in the labelled stochastic block model",
      "url": "https://scholar.google.com/citations?view_op=view_citation&hl=en&user=cLGOIdMAAAAJ&citation_for_view=cLGOIdMAAAAJ:K3LRdlH-MEoC",
      "authors": "M Lelarge, L Massoulié, J Xu",
      "venue": "IEEE Transactions on Network Science and Engineering 2 (4), 152-163, 2015",
      "year": 2015,
      "citations": 104
    },
    {
      "title": "Balanced graph edge partition",
      "url": "https://scholar.google.com/citations?view_op=view_citation&hl=en&user=cLGOIdMAAAAJ&citation_for_view=cLGOIdMAAAAJ:ldfaerwXgEUC",
      "authors": "F Bourse, M Lelarge, M Vojnovic",
      "venue": "Proceedings of the 20th ACM SIGKDD international conference on Knowledge …, 2014",
      "year": 2014,
      "citations": 195
    },
    {
      "title": "Matchings on infinite graphs",
      "url": "https://scholar.google.com/citations?view_op=view_citation&hl=en&user=cLGOIdMAAAAJ&citation_for_view=cLGOIdMAAAAJ:5nxA0vEk-isC",
      "authors": "C Bordenave, M Lelarge, J Salez",
      "venue": "Probability Theory and Related Fields 157 (1), 183-208, 2013",
      "year": 2013,
      "citations": 96
    },
    {
      "title": "Diffusion and cascading behavior in random networks",
      "url": "https://scholar.google.com/citations?view_op=view_citation&hl=en&user=cLGOIdMAAAAJ&citation_for_view=cLGOIdMAAAAJ:iH-uZ7U-co4C",
      "authors": "M Lelarge",
      "venue": "Games and Economic Behavior 75 (2), 752-775, 2012",
      "year": 2012,
      "citations": 150
    },
    {
      "title": "Community detection in the labelled stochastic block model",
      "url": "https://scholar.google.com/citations?view_op=view_citation&hl=en&user=cLGOIdMAAAAJ&citation_for_view=cLGOIdMAAAAJ:blknAaTinKkC",
      "authors": "S Heimlicher, M Lelarge, L Massoulié",
      "venue": "arXiv preprint arXiv:1209.2910, 2012",
      "year": 2012,
      "citations": 121
    },
    {
      "title": "The rank of diluted random graphs",
      "url": "https://scholar.google.com/citations?view_op=view_citation&hl=en&user=cLGOIdMAAAAJ&citation_for_view=cLGOIdMAAAAJ:-f6ydRqryjwC",
      "authors": "C Bordenave, M Lelarge, J Salez",
      "venue": "Annals of Probability 39 (3), 1097-1121, 2011",
      "year": 2011,
      "citations": 85
    },
    {
      "title": "Resolvent of large random graphs",
      "url": "https://scholar.google.com/citations?view_op=view_citation&hl=en&user=cLGOIdMAAAAJ&citation_for_view=cLGOIdMAAAAJ:Tyk-4Ss8FVUC",
      "authors": "C Bordenave, M Lelarge",
      "venue": "Random Structures & Algorithms 37 (3), 332-352, 2010",
      "year": 2010,
      "citations": 153
    },
    {
      "title": "Economic incentives to increase security in the internet: The case for insurance",
      "url": "https://scholar.google.com/citations?view_op=view_citation&hl=en&user=cLGOIdMAAAAJ&citation_for_view=cLGOIdMAAAAJ:9yKSN-GCB0IC",
      "authors": "M Lelarge, J Bolot",
      "venue": "IEEE INFOCOM 2009, 1494-1502, 2009",
      "year": 2009,
      "citations": 183
    },
    {
      "title": "Cyber insurance as an incentivefor internet security",
      "url": "https://scholar.google.com/citations?view_op=view_citation&hl=en&user=cLGOIdMAAAAJ&citation_for_view=cLGOIdMAAAAJ:Y0pCki6q_DkC",
      "authors": "J Bolot, M Lelarge",
      "venue": "Managing information risk and the economics of security, 269-290, 2008",
      "year": 2008,
      "citations": 123
    },
    {
      "title": "A local mean field analysis of security investments in networks",
      "url": "https://scholar.google.com/citations?view_op=view_citation&hl=en&user=cLGOIdMAAAAJ&citation_for_view=cLGOIdMAAAAJ:d1gkVwhDpl0C",
      "authors": "M Lelarge, J Bolot",
      "venue": "Proceedings of the 3rd international workshop on Economics of networked …, 2008",
      "year": 2008,
      "citations": 112
    },
    {
      "title": "Network externalities and the deployment of security features and protocols in the internet",
      "url": "https://scholar.google.com/citations?view_op=view_citation&hl=en&user=cLGOIdMAAAAJ&citation_for_view=cLGOIdMAAAAJ:u5HHmVD_uO8C",
      "authors": "M Lelarge, J Bolot",
      "venue": "ACM SIGMETRICS Performance Evaluation Review 36 (1), 37-48, 2008",
      "year": 2008,
      "citations": 100
    },
    {
      "title": "A new perspective on internet security using insurance",
      "url": "https://scholar.google.com/citations?view_op=view_citation&hl=en&user=cLGOIdMAAAAJ&citation_for_view=cLGOIdMAAAAJ:UeHWp8X0CEIC",
      "authors": "JC Bolot, M Lelarge",
      "venue": "IEEE INFOCOM 2008-The 27th Conference on Computer Communications, 1948-1956, 2008",
      "year": 2008,
      "citations": 96
    },
    {
      "title": "Leveraging Side Observations in Stochastic Bandits",
      "url": "https://scholar.google.com/citations?view_op=view_citation&hl=en&user=cLGOIdMAAAAJ&citation_for_view=cLGOIdMAAAAJ:k_IJM867U9cC",
      "authors": "S Caron, B Kveton, M Lelarge, S Bhagat",
      "venue": "",
      "citations": 129
    }
  ],
  "co_authors": [
    {
      "name": "Laurent Massoulié",
      "scholar_id": "TvVmLjUAAAAJ",
      "url": "https://scholar.google.com/citations?user=TvVmLjUAAAAJ"
    },
    {
      "name": "Charles Bordenave",
      "scholar_id": "9tosRDkAAAAJ",
      "url": "https://scholar.google.com/citations?user=9tosRDkAAAAJ"
    },
    {
      "name": "Jean Bolot",
      "scholar_id": "JlCCoHIAAAAJ",
      "url": "https://scholar.google.com/citations?user=JlCCoHIAAAAJ"
    },
    {
      "name": "Alexandre Proutiere",
      "scholar_id": "g5sya5cAAAAJ",
      "url": "https://scholar.google.com/citations?user=g5sya5cAAAAJ"
    },
    {
      "name": "Thomas Bonald",
      "scholar_id": "gw-JPVEAAAAJ",
      "url": "https://scholar.google.com/citations?user=gw-JPVEAAAAJ"
    },
    {
      "name": "Leo Miolane",
      "scholar_id": "bgI5L7oAAAAJ",
      "url": "https://scholar.google.com/citations?user=bgI5L7oAAAAJ"
    },
    {
      "name": "M. Sadegh Talebi",
      "scholar_id": "Q4_AHDYAAAAJ",
      "url": "https://scholar.google.com/citations?user=Q4_AHDYAAAAJ"
    },
    {
      "name": "Florent Krzakala",
      "scholar_id": "3jDeUlMAAAAJ",
      "url": "https://scholar.google.com/citations?user=3jDeUlMAAAAJ"
    },
    {
      "name": "Lenka Zdeborová",
      "scholar_id": "gkCjy_UAAAAJ",
      "url": "https://scholar.google.com/citations?user=gkCjy_UAAAAJ"
    },
    {
      "name": "Hamed Amini",
      "scholar_id": "3oiQwWkAAAAJ",
      "url": "https://scholar.google.com/citations?user=3oiQwWkAAAAJ"
    },
    {
      "name": "Jiaming Xu",
      "scholar_id": "46MDvXcAAAAJ",
      "url": "https://scholar.google.com/citations?user=46MDvXcAAAAJ"
    },
    {
      "name": "Richard Combes",
      "scholar_id": "ojq6NbAAAAAJ",
      "url": "https://scholar.google.com/citations?user=ojq6NbAAAAAJ"
    },
    {
      "name": "Luca Ganassali",
      "scholar_id": "afDIpsYAAAAJ",
      "url": "https://scholar.google.com/citations?user=afDIpsYAAAAJ"
    },
    {
      "name": "Andrea Montanari",
      "scholar_id": "r3q68rcAAAAJ",
      "url": "https://scholar.google.com/citations?user=r3q68rcAAAAJ"
    },
    {
      "name": "Mohsen Bayati",
      "scholar_id": "PS-TM94AAAAJ",
      "url": "https://scholar.google.com/citations?user=PS-TM94AAAAJ"
    },
    {
      "name": "Alaa Saade",
      "scholar_id": "KkwDhxwAAAAJ",
      "url": "https://scholar.google.com/citations?user=KkwDhxwAAAAJ"
    },
    {
      "name": "Waïss Azizian",
      "scholar_id": "oXxTTe8AAAAJ",
      "url": "https://scholar.google.com/citations?user=oXxTTe8AAAAJ"
    },
    {
      "name": "Francois Baccelli",
      "scholar_id": "jFeA9G0AAAAJ",
      "url": "https://scholar.google.com/citations?user=jFeA9G0AAAAJ"
    },
    {
      "name": "Justin Salez",
      "scholar_id": "WX5bDBwAAAAJ",
      "url": "https://scholar.google.com/citations?user=WX5bDBwAAAAJ"
    },
    {
      "name": "Branislav Kveton",
      "scholar_id": "CZaDvPgAAAAJ",
      "url": "https://scholar.google.com/citations?user=CZaDvPgAAAAJ"
    }
  ]
}