{
  "author_info": {
    "name": "Haggai Maron",
    "affiliation": "Assistant Professor at the Technion, Research Scientist at NVIDIA Research",
    "email_verified": "Verified email at technion.ac.il - Homepage",
    "website": "http://haggaim.github.io/",
    "interests": [
      "Graph Neural Networks",
      "Geometric Deep Learning",
      "Deep Learning",
      "Equivariant Architectures"
    ],
    "photo_url": "https://scholar.googleusercontent.com/citations?view_op=view_photo&user=4v8uJrIAAAAJ&citpid=5"
  },
  "citation_stats": {
    "citations_all": 7139,
    "citations_since_2020": 6859,
    "h_index_all": 32,
    "h_index_since_2020": 32,
    "i10_index_all": 47,
    "i10_index_since_2020": 47,
    "citation_graph": [
      {
        "year": 2017,
        "citations": 18
      },
      {
        "year": 2018,
        "citations": 58
      },
      {
        "year": 2019,
        "citations": 193
      },
      {
        "year": 2020,
        "citations": 413
      },
      {
        "year": 2021,
        "citations": 591
      },
      {
        "year": 2022,
        "citations": 1002
      },
      {
        "year": 2023,
        "citations": 1498
      },
      {
        "year": 2024,
        "citations": 1816
      },
      {
        "year": 2025,
        "citations": 1533
      }
    ]
  },
  "papers": [
    {
      "title": "Weisfeiler and leman go machine learning: The story so far",
      "url": "https://scholar.google.com/citations?view_op=view_citation&hl=en&user=4v8uJrIAAAAJ&citation_for_view=4v8uJrIAAAAJ:J_g5lzvAfSwC",
      "authors": "C Morris, Y Lipman, H Maron, B Rieck, NM Kriege, M Grohe, M Fey, ...",
      "venue": "Journal of Machine Learning Research 24 (333), 1-59, 2023",
      "year": 2023,
      "citations": 182
    },
    {
      "title": "Equivariant architectures for learning in deep weight spaces",
      "url": "https://scholar.google.com/citations?view_op=view_citation&hl=en&user=4v8uJrIAAAAJ&citation_for_view=4v8uJrIAAAAJ:g5m5HwL7SMYC",
      "authors": "A Navon, A Shamsian, I Achituve, E Fetaya, G Chechik, H Maron",
      "venue": "International Conference on Machine Learning, 25790-25816, 2023",
      "year": 2023,
      "citations": 99
    },
    {
      "title": "Stylegan-nada: Clip-guided domain adaptation of image generators",
      "url": "https://scholar.google.com/citations?view_op=view_citation&hl=en&user=4v8uJrIAAAAJ&citation_for_view=4v8uJrIAAAAJ:ldfaerwXgEUC",
      "authors": "R Gal, O Patashnik, H Maron, AH Bermano, G Chechik, D Cohen-Or",
      "venue": "ACM Transactions on Graphics (TOG) 41 (4), 1-13, 2022",
      "year": 2022,
      "citations": 840
    },
    {
      "title": "Equivariant subgraph aggregation networks",
      "url": "https://scholar.google.com/citations?view_op=view_citation&hl=en&user=4v8uJrIAAAAJ&citation_for_view=4v8uJrIAAAAJ:RHpTSmoSYBkC",
      "authors": "B Bevilacqua, F Frasca, D Lim, B Srinivasan, C Cai, G Balamurugan, ...",
      "venue": "International Conference on Learning Representations (ICLR) 2022 (Spotlight), 2022",
      "year": 2022,
      "citations": 272
    },
    {
      "title": "Multi-task learning as a bargaining game",
      "url": "https://scholar.google.com/citations?view_op=view_citation&hl=en&user=4v8uJrIAAAAJ&citation_for_view=4v8uJrIAAAAJ:TFP_iSt0sucC",
      "authors": "A Navon, A Shamsian, I Achituve, H Maron, K Kawaguchi, G Chechik, ...",
      "venue": "International Conference on Machine Learning (ICML) 2022, 2022",
      "year": 2022,
      "citations": 258
    },
    {
      "title": "Sign and basis invariant networks for spectral graph representation learning",
      "url": "https://scholar.google.com/citations?view_op=view_citation&hl=en&user=4v8uJrIAAAAJ&citation_for_view=4v8uJrIAAAAJ:SeFeTyx0c_EC",
      "authors": "D Lim, J Robinson, L Zhao, T Smidt, S Sra, H Maron, S Jegelka",
      "venue": "arXiv preprint arXiv:2202.13013, 2022",
      "year": 2022,
      "citations": 239
    },
    {
      "title": "Understanding and extending subgraph gnns by rethinking their symmetries",
      "url": "https://scholar.google.com/citations?view_op=view_citation&hl=en&user=4v8uJrIAAAAJ&citation_for_view=4v8uJrIAAAAJ:JV2RwH3_ST0C",
      "authors": "F Frasca, B Bevilacqua, MM Bronstein, H Maron",
      "venue": "Advances in Neural Information Processing Systems 2022 (Oral), 2022",
      "year": 2022,
      "citations": 200
    },
    {
      "title": "Self-Supervised Learning for Domain Adaptation on Point-Clouds",
      "url": "https://scholar.google.com/citations?view_op=view_citation&hl=en&user=4v8uJrIAAAAJ&citation_for_view=4v8uJrIAAAAJ:ULOm3_A8WrAC",
      "authors": "I Achituve, H Maron, G Chechik",
      "venue": "Winter Conference on Applications of Computer Vision (WACV), 2021, 2021",
      "year": 2021,
      "citations": 234
    },
    {
      "title": "From Local Structures to Size Generalization in Graph Neural Networks",
      "url": "https://scholar.google.com/citations?view_op=view_citation&hl=en&user=4v8uJrIAAAAJ&citation_for_view=4v8uJrIAAAAJ:ZeXyd9-uunAC",
      "authors": "G Yehudai, E Fetaya, E Meirom, G Chechik, H Maron",
      "venue": "International Conference on Machine Learning (ICML) 2021, 2021",
      "year": 2021,
      "citations": 204
    },
    {
      "title": "On the Universality of Rotation Equivariant Point Cloud Networks",
      "url": "https://scholar.google.com/citations?view_op=view_citation&hl=en&user=4v8uJrIAAAAJ&citation_for_view=4v8uJrIAAAAJ:Wp0gIr-vW9MC",
      "authors": "N Dym, H Maron",
      "venue": "International Conference on Learning Representations (ICLR) 2021, 2021",
      "year": 2021,
      "citations": 124
    },
    {
      "title": "On Learning Sets of Symmetric Elements",
      "url": "https://scholar.google.com/citations?view_op=view_citation&hl=en&user=4v8uJrIAAAAJ&citation_for_view=4v8uJrIAAAAJ:KlAtU1dfN6UC",
      "authors": "H Maron, O Litany, G Chechik, E Fetaya",
      "venue": "International Conference on Machine Learning (ICML 2020), Outstanding paper …, 2020",
      "year": 2020,
      "citations": 163
    },
    {
      "title": "Learning Algebraic Multigrid Using Graph Neural Networks",
      "url": "https://scholar.google.com/citations?view_op=view_citation&hl=en&user=4v8uJrIAAAAJ&citation_for_view=4v8uJrIAAAAJ:Zph67rFs4hoC",
      "authors": "I Luz, M Galun, H Maron, R Basri, I Yavneh",
      "venue": "International Conference on Machine Learning (ICML 2020), 2020",
      "year": 2020,
      "citations": 110
    },
    {
      "title": "Provably Powerful Graph Networks",
      "url": "https://scholar.google.com/citations?view_op=view_citation&hl=en&user=4v8uJrIAAAAJ&citation_for_view=4v8uJrIAAAAJ:UebtZRa9Y70C",
      "authors": "H Maron*, H Ben-Hamu*, H Serviansky*, Y Lipman",
      "venue": "Advances in Neural Information Processing Systems, 2019",
      "year": 2019,
      "citations": 792
    },
    {
      "title": "Invariant and Equivariant Graph Networks",
      "url": "https://scholar.google.com/citations?view_op=view_citation&hl=en&user=4v8uJrIAAAAJ&citation_for_view=4v8uJrIAAAAJ:WF5omc3nYNoC",
      "authors": "H Maron, H Ben-Hamu, N Shamir, Y Lipman",
      "venue": "International Conference on Learning Representations (ICLR), 2019",
      "year": 2019,
      "citations": 666
    },
    {
      "title": "On the Universality of Invariant Networks",
      "url": "https://scholar.google.com/citations?view_op=view_citation&hl=en&user=4v8uJrIAAAAJ&citation_for_view=4v8uJrIAAAAJ:roLk4NBRz8UC",
      "authors": "H Maron, E Fetaya, N Segol, Y Lipman",
      "venue": "International Conference on Machine Learning (ICML), 2019",
      "year": 2019,
      "citations": 323
    },
    {
      "title": "Controlling Neural Level Sets",
      "url": "https://scholar.google.com/citations?view_op=view_citation&hl=en&user=4v8uJrIAAAAJ&citation_for_view=4v8uJrIAAAAJ:hqOjcs7Dif8C",
      "authors": "M Atzmon, N Haim, L Yariv, O Israelov, H Maron, Y Lipman",
      "venue": "Advances in Neural Information Processing Systems, 2019",
      "year": 2019,
      "citations": 140
    },
    {
      "title": "Point convolutional neural networks by extension operators",
      "url": "https://scholar.google.com/citations?view_op=view_citation&hl=en&user=4v8uJrIAAAAJ&citation_for_view=4v8uJrIAAAAJ:yD5IFk8b50cC",
      "authors": "M Atzmon*, H Maron*, Y Lipman",
      "venue": "SIGGRAPH 2018, 2018",
      "year": 2018,
      "citations": 668
    },
    {
      "title": "Multi-chart generative surface modeling",
      "url": "https://scholar.google.com/citations?view_op=view_citation&hl=en&user=4v8uJrIAAAAJ&citation_for_view=4v8uJrIAAAAJ:Se3iqnhoufwC",
      "authors": "H Ben-Hamu, H Maron, I Kezurer, G Avineri, Y Lipman",
      "venue": "SIGGRAPH Asia 2018 Technical Papers, 215, 2018",
      "year": 2018,
      "citations": 95
    },
    {
      "title": "Convolutional neural networks on surfaces via seamless toric covers",
      "url": "https://scholar.google.com/citations?view_op=view_citation&hl=en&user=4v8uJrIAAAAJ&citation_for_view=4v8uJrIAAAAJ:YsMSGLbcyi4C",
      "authors": "H Maron, M Galun, N Aigerman, M Trope, N Dym, E Yumer, VG Kim, ...",
      "venue": "ACM Trans. Graph 36 (4), 71, 2017",
      "year": 2017,
      "citations": 293
    },
    {
      "title": "Point registration via efficient convex relaxation",
      "url": "https://scholar.google.com/citations?view_op=view_citation&hl=en&user=4v8uJrIAAAAJ&citation_for_view=4v8uJrIAAAAJ:u-x6o8ySG0sC",
      "authors": "H Maron, N Dym, I Kezurer, S Kovalsky, Y Lipman",
      "venue": "ACM Transactions on Graphics (TOG) 35 (4), 73, 2016",
      "year": 2016,
      "citations": 172
    }
  ],
  "co_authors": [
    {
      "name": "Gal Chechik",
      "scholar_id": "Wk2gAZUAAAAJ",
      "url": "https://scholar.google.com/citations?user=Wk2gAZUAAAAJ"
    },
    {
      "name": "Ethan Fetaya",
      "scholar_id": "zLuqh-0AAAAJ",
      "url": "https://scholar.google.com/citations?user=zLuqh-0AAAAJ"
    },
    {
      "name": "Fabrizio Frasca",
      "scholar_id": "PT2CDA4AAAAJ",
      "url": "https://scholar.google.com/citations?user=PT2CDA4AAAAJ"
    },
    {
      "name": "Derek Lim",
      "scholar_id": "jvMqp3sAAAAJ",
      "url": "https://scholar.google.com/citations?user=jvMqp3sAAAAJ"
    },
    {
      "name": "nadav dym",
      "scholar_id": "qOyXmMYAAAAJ",
      "url": "https://scholar.google.com/citations?user=qOyXmMYAAAAJ"
    },
    {
      "name": "Heli Ben-Hamu",
      "scholar_id": "DL6Gk3AAAAAJ",
      "url": "https://scholar.google.com/citations?user=DL6Gk3AAAAAJ"
    },
    {
      "name": "Michael Bronstein",
      "scholar_id": "UU3N6-UAAAAJ",
      "url": "https://scholar.google.com/citations?user=UU3N6-UAAAAJ"
    },
    {
      "name": "Beatrice Bevilacqua",
      "scholar_id": "RvtEObEAAAAJ",
      "url": "https://scholar.google.com/citations?user=RvtEObEAAAAJ"
    },
    {
      "name": "Stefanie Jegelka",
      "scholar_id": "gTWUZlsAAAAJ",
      "url": "https://scholar.google.com/citations?user=gTWUZlsAAAAJ"
    },
    {
      "name": "Aviv Navon",
      "scholar_id": "N-sME4wAAAAJ",
      "url": "https://scholar.google.com/citations?user=N-sME4wAAAAJ"
    },
    {
      "name": "Idan Achituve",
      "scholar_id": "UQIBiUcAAAAJ",
      "url": "https://scholar.google.com/citations?user=UQIBiUcAAAAJ"
    },
    {
      "name": "Eli Meirom",
      "scholar_id": "ZYEgD7wAAAAJ",
      "url": "https://scholar.google.com/citations?user=ZYEgD7wAAAAJ"
    },
    {
      "name": "Matan Atzmon",
      "scholar_id": "BXNft08AAAAJ",
      "url": "https://scholar.google.com/citations?user=BXNft08AAAAJ"
    },
    {
      "name": "Aviv Shamsian",
      "scholar_id": "R0kl_BUAAAAJ",
      "url": "https://scholar.google.com/citations?user=R0kl_BUAAAAJ"
    },
    {
      "name": "meirav galun",
      "scholar_id": "oVsC3XcAAAAJ",
      "url": "https://scholar.google.com/citations?user=oVsC3XcAAAAJ"
    },
    {
      "name": "Rinon Gal",
      "scholar_id": "928yXx4AAAAJ",
      "url": "https://scholar.google.com/citations?user=928yXx4AAAAJ"
    },
    {
      "name": "Guy Bar-Shalom",
      "scholar_id": "9Zvzm5MAAAAJ",
      "url": "https://scholar.google.com/citations?user=9Zvzm5MAAAAJ"
    },
    {
      "name": "Martin Grohe",
      "scholar_id": "Sou5ih0AAAAJ",
      "url": "https://scholar.google.com/citations?user=Sou5ih0AAAAJ"
    },
    {
      "name": "Christopher Morris",
      "scholar_id": "3f6_I8MAAAAJ",
      "url": "https://scholar.google.com/citations?user=3f6_I8MAAAAJ"
    },
    {
      "name": "Moshe Eliasof",
      "scholar_id": "44LKqBsAAAAJ",
      "url": "https://scholar.google.com/citations?user=44LKqBsAAAAJ"
    }
  ]
}