{
  "author_info": {
    "name": "Ricards Marcinkevics",
    "affiliation": "ETH Zurich",
    "email_verified": "Verified email at inf.ethz.ch - Homepage",
    "website": "https://rmarcinkevics.github.io/",
    "interests": [
      "Machine Learning",
      "Interpretable Machine Learning",
      "Biostatistics",
      "Computational Biomedicine"
    ],
    "photo_url": "https://scholar.googleusercontent.com/citations?view_op=view_photo&user=XcxXOJsAAAAJ&citpid=2"
  },
  "citation_stats": {
    "citations_all": 929,
    "citations_since_2020": 927,
    "h_index_all": 12,
    "h_index_since_2020": 12,
    "i10_index_all": 12,
    "i10_index_since_2020": 12,
    "citation_graph": [
      {
        "year": 2020,
        "citations": 4
      },
      {
        "year": 2021,
        "citations": 32
      },
      {
        "year": 2022,
        "citations": 113
      },
      {
        "year": 2023,
        "citations": 167
      },
      {
        "year": 2024,
        "citations": 305
      },
      {
        "year": 2025,
        "citations": 303
      }
    ]
  },
  "papers": [
    {
      "title": "External validation of predictive models for diagnosis, management and severity of pediatric appendicitis",
      "url": "https://scholar.google.com/citations?view_op=view_citation&hl=en&user=XcxXOJsAAAAJ&citation_for_view=XcxXOJsAAAAJ:TFP_iSt0sucC",
      "authors": "R Marcinkevics, K Sokol, A Paulraj, MA Hilbert, V Rimili, S Wellmann, ...",
      "venue": "Frontiers in Pediatrics 13, 1587488, 2025",
      "year": 2025,
      "citations": 1
    },
    {
      "title": "Stochastic concept bottleneck models",
      "url": "https://scholar.google.com/citations?view_op=view_citation&hl=en&user=XcxXOJsAAAAJ&citation_for_view=XcxXOJsAAAAJ:r0BpntZqJG4C",
      "authors": "M Vandenhirtz, S Laguna, R Marcinkevičs, J Vogt",
      "venue": "Advances in Neural Information Processing Systems 37, 51787-51810, 2024",
      "year": 2024,
      "citations": 30
    },
    {
      "title": "Beyond concept bottleneck models: How to make black boxes intervenable?",
      "url": "https://scholar.google.com/citations?view_op=view_citation&hl=en&user=XcxXOJsAAAAJ&citation_for_view=XcxXOJsAAAAJ:isC4tDSrTZIC",
      "authors": "S Laguna Cillero, R Marcinkevičs, M Vandenhirtz, JE Vogt",
      "venue": "38th Annual Conference on Neural Information Processing Systems (NeurIPS …, 2024",
      "year": 2024,
      "citations": 29
    },
    {
      "title": "Interpretable and explainable machine learning: A methods‐centric overview with concrete examples",
      "url": "https://scholar.google.com/citations?view_op=view_citation&hl=en&user=XcxXOJsAAAAJ&citation_for_view=XcxXOJsAAAAJ:aqlVkmm33-oC",
      "authors": "R Marcinkevičs, JE Vogt",
      "venue": "Wiley Interdisciplinary Reviews: Data Mining and Knowledge Discovery 13 (3 …, 2023",
      "year": 2023,
      "citations": 162
    },
    {
      "title": "Interpretable and intervenable ultrasonography-based machine learning models for pediatric appendicitis",
      "url": "https://scholar.google.com/citations?view_op=view_citation&hl=en&user=XcxXOJsAAAAJ&citation_for_view=XcxXOJsAAAAJ:TQgYirikUcIC",
      "authors": "R Marcinkevičs, PR Wolfertstetter, U Klimiene, K Chin-Cheong, ...",
      "venue": "Medical Image Analysis, 103042, 2023",
      "year": 2023,
      "citations": 62
    },
    {
      "title": "Signal Is Harder To Learn Than Bias: Debiasing with Focal Loss",
      "url": "https://scholar.google.com/citations?view_op=view_citation&hl=en&user=XcxXOJsAAAAJ&citation_for_view=XcxXOJsAAAAJ:QIV2ME_5wuYC",
      "authors": "M Vandenhirtz, L Manduchi, R Marcinkevičs, JE Vogt",
      "venue": "What do we need for successful domain generalization? ICLR 2023, 2023",
      "year": 2023,
      "citations": 4
    },
    {
      "title": "Multimodal Remote Home Monitoring of Lung Transplant Recipients during COVID-19 Vaccinations: Usability Pilot Study of the COVIDA Desk Incorporating Wearable Devices",
      "url": "https://scholar.google.com/citations?view_op=view_citation&hl=en&user=XcxXOJsAAAAJ&citation_for_view=XcxXOJsAAAAJ:Wp0gIr-vW9MC",
      "authors": "MM Schuurmans, M Muszynski, X Li, R Marcinkevičs, L Zimmerli, ...",
      "venue": "Medicina 59 (3), 617, 2023",
      "year": 2023,
      "citations": 3
    },
    {
      "title": "Machine learning analysis of humoral and cellular responses to SARS-CoV-2 infection in young adults",
      "url": "https://scholar.google.com/citations?view_op=view_citation&hl=en&user=XcxXOJsAAAAJ&citation_for_view=XcxXOJsAAAAJ:dhFuZR0502QC",
      "authors": "R Marcinkevics, PN Silva, AK Hankele, C Dörnte, S Kadelka, K Csik, ...",
      "venue": "Frontiers in Immunology 14, 2608, 2023",
      "year": 2023,
      "citations": 3
    },
    {
      "title": "Breathing New Life into COPD Assessment: Multisensory Home-monitoring for Predicting Severity",
      "url": "https://scholar.google.com/citations?view_op=view_citation&hl=en&user=XcxXOJsAAAAJ&citation_for_view=XcxXOJsAAAAJ:mB3voiENLucC",
      "authors": "Z Xiao, M Muszynski, R Marcinkevičs, L Zimmerli, AD Ivankay, ...",
      "venue": "Proceedings of the 25th International Conference on Multimodal Interaction …, 2023",
      "year": 2023,
      "citations": 2
    },
    {
      "title": "Introduction to Machine Learning for Physicians: A Survival Guide for Data Deluge",
      "url": "https://scholar.google.com/citations?view_op=view_citation&hl=en&user=XcxXOJsAAAAJ&citation_for_view=XcxXOJsAAAAJ:9ZlFYXVOiuMC",
      "authors": "JE Vogt, E Özkan Elsen, R Marcinkevičs",
      "venue": "Digital Medicine: Bringing Digital Solutions to Medical Practice, 2023",
      "year": 2023,
      "citations": 2
    },
    {
      "title": "A Deep Variational Approach to Clustering Survival Data",
      "url": "https://scholar.google.com/citations?view_op=view_citation&hl=en&user=XcxXOJsAAAAJ&citation_for_view=XcxXOJsAAAAJ:UebtZRa9Y70C",
      "authors": "L Manduchi, R Marcinkevičs, MC Massi, T Weikert, A Sauter, V Gotta, ...",
      "venue": "The 10th International Conference on Learning Representations, ICLR 2022, 2022",
      "year": 2022,
      "citations": 58
    },
    {
      "title": "Debiasing deep chest X-ray classifiers using intra-and post-processing methods",
      "url": "https://scholar.google.com/citations?view_op=view_citation&hl=en&user=XcxXOJsAAAAJ&citation_for_view=XcxXOJsAAAAJ:hC7cP41nSMkC",
      "authors": "R Marcinkevics, E Ozkan, JE Vogt",
      "venue": "Machine Learning for Healthcare Conference, 504-536, 2022",
      "year": 2022,
      "citations": 35
    },
    {
      "title": "Interpretable models for Granger causality using self-explaining neural networks",
      "url": "https://scholar.google.com/citations?view_op=view_citation&hl=en&user=XcxXOJsAAAAJ&citation_for_view=XcxXOJsAAAAJ:qUcmZB5y_30C",
      "authors": "R Marcinkevičs, JE Vogt",
      "venue": "The 9th International Conference on Learning Representations, ICLR 2021, 2021",
      "year": 2021,
      "citations": 111
    },
    {
      "title": "Using machine learning to predict the diagnosis, management and severity of pediatric appendicitis",
      "url": "https://scholar.google.com/citations?view_op=view_citation&hl=en&user=XcxXOJsAAAAJ&citation_for_view=XcxXOJsAAAAJ:LkGwnXOMwfcC",
      "authors": "R Marcinkevics, P Reis Wolfertstetter, S Wellmann, C Knorr, JE Vogt",
      "venue": "Frontiers in pediatrics 9, 662183, 2021",
      "year": 2021,
      "citations": 78
    },
    {
      "title": "Rapid and reversible control of human metabolism by individual sleep states",
      "url": "https://scholar.google.com/citations?view_op=view_citation&hl=en&user=XcxXOJsAAAAJ&citation_for_view=XcxXOJsAAAAJ:0EnyYjriUFMC",
      "authors": "N Nowak, T Gaisl, D Miladinovic, R Marcinkevics, M Osswald, S Bauer, ...",
      "venue": "Cell Reports 37 (4), 2021",
      "year": 2021,
      "citations": 55
    },
    {
      "title": "Learning medical risk scores for pediatric appendicitis",
      "url": "https://scholar.google.com/citations?view_op=view_citation&hl=en&user=XcxXOJsAAAAJ&citation_for_view=XcxXOJsAAAAJ:8k81kl-MbHgC",
      "authors": "PR Aparicio, R Marcinkevičs, PR Wolfertstetter, S Wellmann, C Knorr, ...",
      "venue": "2021 20th IEEE International Conference on Machine Learning and Applications …, 2021",
      "year": 2021,
      "citations": 13
    },
    {
      "title": "Exploring Relationships between Cerebral and Peripheral Biosignals with Neural Networks",
      "url": "https://scholar.google.com/citations?view_op=view_citation&hl=en&user=XcxXOJsAAAAJ&citation_for_view=XcxXOJsAAAAJ:hqOjcs7Dif8C",
      "authors": "AH Hatteland, R Marcinkevičs, R Marquis, T Frick, I Hubbard, JE Vogt, ...",
      "venue": "2021 IEEE International Conference on Digital Health (ICDH), 103-113, 2021",
      "year": 2021,
      "citations": 2
    },
    {
      "title": "Interpretability and explainability: A machine learning zoo mini-tour",
      "url": "https://scholar.google.com/citations?view_op=view_citation&hl=en&user=XcxXOJsAAAAJ&citation_for_view=XcxXOJsAAAAJ:YsMSGLbcyi4C",
      "authors": "R Marcinkevičs, JE Vogt",
      "venue": "arXiv preprint arXiv:2012.01805, 2020",
      "year": 2020,
      "citations": 233
    },
    {
      "title": "Self-supervised disentanglement of modality-specific and shared factors improves multimodal generative models",
      "url": "https://scholar.google.com/citations?view_op=view_citation&hl=en&user=XcxXOJsAAAAJ&citation_for_view=XcxXOJsAAAAJ:Y0pCki6q_DkC",
      "authors": "I Daunhawer, TM Sutter, R Marcinkevičs, JE Vogt",
      "venue": "DAGM German Conference on Pattern Recognition, 459-473, 2020",
      "year": 2020,
      "citations": 35
    },
    {
      "title": "Multichannel electrocardiogram diagnostics for the diagnosis of arrhythmogenic right ventricular dysplasia",
      "url": "https://scholar.google.com/citations?view_op=view_citation&hl=en&user=XcxXOJsAAAAJ&citation_for_view=XcxXOJsAAAAJ:u-x6o8ySG0sC",
      "authors": "R Marcinkevics, J O’neill, H Law, E Pervolaraki, A Hogarth, C Russell, ...",
      "venue": "EP Europace 20 (FI1), f13-f19, 2018",
      "year": 2018,
      "citations": 9
    }
  ],
  "co_authors": [
    {
      "name": "Julia E Vogt",
      "scholar_id": "UoeV-8kAAAAJ",
      "url": "https://scholar.google.com/citations?user=UoeV-8kAAAAJ"
    },
    {
      "name": "Sven Wellmann",
      "scholar_id": "-0wWZk8AAAAJ",
      "url": "https://scholar.google.com/citations?user=-0wWZk8AAAAJ"
    },
    {
      "name": "Ece Ozkan",
      "scholar_id": "JMTkJPoAAAAJ",
      "url": "https://scholar.google.com/citations?user=JMTkJPoAAAAJ"
    },
    {
      "name": "Moritz Vandenhirtz",
      "scholar_id": "H2cG0BwAAAAJ",
      "url": "https://scholar.google.com/citations?user=H2cG0BwAAAAJ"
    },
    {
      "name": "Sonia Laguna",
      "scholar_id": "PljVnCQAAAAJ",
      "url": "https://scholar.google.com/citations?user=PljVnCQAAAAJ"
    },
    {
      "name": "Laura Manduchi",
      "scholar_id": "Yn4tGJgAAAAJ",
      "url": "https://scholar.google.com/citations?user=Yn4tGJgAAAAJ"
    },
    {
      "name": "Kieran Chin-Cheong",
      "scholar_id": "Y8qI4TwAAAAJ",
      "url": "https://scholar.google.com/citations?user=Y8qI4TwAAAAJ"
    },
    {
      "name": "Michela Carlotta Massi",
      "scholar_id": "8Ixx4AYAAAAJ",
      "url": "https://scholar.google.com/citations?user=8Ixx4AYAAAAJ"
    },
    {
      "name": "Prof. Dr. med. Marc Pfister MD FCP",
      "scholar_id": "hqSJOx8AAAAJ",
      "url": "https://scholar.google.com/citations?user=hqSJOx8AAAAJ"
    },
    {
      "name": "Marian Christoph Neidert",
      "scholar_id": "X0kYrMMAAAAJ",
      "url": "https://scholar.google.com/citations?user=X0kYrMMAAAAJ"
    },
    {
      "name": "Bram Stieltjes",
      "scholar_id": "KTHyyT4AAAAJ",
      "url": "https://scholar.google.com/citations?user=KTHyyT4AAAAJ"
    },
    {
      "name": "Joachim M. Buhmann",
      "scholar_id": "zQWbCzYAAAAJ",
      "url": "https://scholar.google.com/citations?user=zQWbCzYAAAAJ"
    },
    {
      "name": "Djordje Miladinovic",
      "scholar_id": "t81PmsgAAAAJ",
      "url": "https://scholar.google.com/citations?user=t81PmsgAAAAJ"
    },
    {
      "name": "Stefan Bauer",
      "scholar_id": "O-oICE8AAAAJ",
      "url": "https://scholar.google.com/citations?user=O-oICE8AAAAJ"
    },
    {
      "name": "Steven A. Brown",
      "scholar_id": "Zx-9U-QAAAAJ",
      "url": "https://scholar.google.com/citations?user=Zx-9U-QAAAAJ"
    },
    {
      "name": "Renato Zenobi",
      "scholar_id": "nvFeNKYAAAAJ",
      "url": "https://scholar.google.com/citations?user=nvFeNKYAAAAJ"
    },
    {
      "name": "Pablo Sinues",
      "scholar_id": "-yeDlOsAAAAJ",
      "url": "https://scholar.google.com/citations?user=-yeDlOsAAAAJ"
    },
    {
      "name": "Thomas M. Sutter",
      "scholar_id": "eySN1UkAAAAJ",
      "url": "https://scholar.google.com/citations?user=eySN1UkAAAAJ"
    },
    {
      "name": "Imant Daunhawer",
      "scholar_id": "g-ku5LEAAAAJ",
      "url": "https://scholar.google.com/citations?user=g-ku5LEAAAAJ"
    },
    {
      "name": "Thomas Brunschwiler",
      "scholar_id": "hceAIuQAAAAJ",
      "url": "https://scholar.google.com/citations?user=hceAIuQAAAAJ"
    }
  ]
}