{
  "author_info": {
    "name": "Dong Yin",
    "affiliation": "Research Scientist, Apple",
    "email_verified": "Verified email at apple.com - Homepage",
    "website": "https://dongyin92.github.io/",
    "interests": [
      "Machine learning",
      "Deep learning"
    ],
    "photo_url": "https://scholar.googleusercontent.com/citations?view_op=view_photo&user=YtM8P88AAAAJ&citpid=1"
  },
  "citation_stats": {
    "citations_all": 6652,
    "citations_since_2020": 6371,
    "h_index_all": 20,
    "h_index_since_2020": 20,
    "i10_index_all": 26,
    "i10_index_since_2020": 24,
    "citation_graph": [
      {
        "year": 2015,
        "citations": 17
      },
      {
        "year": 2016,
        "citations": 19
      },
      {
        "year": 2017,
        "citations": 24
      },
      {
        "year": 2018,
        "citations": 45
      },
      {
        "year": 2019,
        "citations": 159
      },
      {
        "year": 2020,
        "citations": 379
      },
      {
        "year": 2021,
        "citations": 609
      },
      {
        "year": 2022,
        "citations": 897
      },
      {
        "year": 2023,
        "citations": 1268
      },
      {
        "year": 2024,
        "citations": 1644
      },
      {
        "year": 2025,
        "citations": 1566
      }
    ]
  },
  "papers": [
    {
      "title": "Apple Intelligence Foundation Language Models",
      "url": "https://scholar.google.com/citations?view_op=view_citation&hl=en&user=YtM8P88AAAAJ&citation_for_view=YtM8P88AAAAJ:uJ-U7cs_P_0C",
      "authors": "T Gunter, Z Wang, C Wang, R Pang, A Narayanan, A Zhang, B Zhang, ...",
      "venue": "arXiv preprint arXiv:2407.21075, 2024",
      "year": 2024,
      "citations": 103
    },
    {
      "title": "An efficient framework for clustered federated learning",
      "url": "https://scholar.google.com/citations?view_op=view_citation&hl=en&user=YtM8P88AAAAJ&citation_for_view=YtM8P88AAAAJ:fEOibwPWpKIC",
      "authors": "A Ghosh, J Chung, D Yin, K Ramchandran",
      "venue": "IEEE Transactions on Information Theory 68 (12), 8076-8091, 2022",
      "year": 2022,
      "citations": 1427
    },
    {
      "title": "Wide neural networks forget less catastrophically",
      "url": "https://scholar.google.com/citations?view_op=view_citation&hl=en&user=YtM8P88AAAAJ&citation_for_view=YtM8P88AAAAJ:35r97b3x0nAC",
      "authors": "SI Mirzadeh, A Chaudhry, D Yin, H Hu, R Pascanu, D Gorur, M Farajtabar",
      "venue": "International Conference on Machine Learning, 15699-15717, 2022",
      "year": 2022,
      "citations": 97
    },
    {
      "title": "Architecture matters in continual learning",
      "url": "https://scholar.google.com/citations?view_op=view_citation&hl=en&user=YtM8P88AAAAJ&citation_for_view=YtM8P88AAAAJ:2KloaMYe4IUC",
      "authors": "SI Mirzadeh, A Chaudhry, D Yin, T Nguyen, R Pascanu, D Gorur, ...",
      "venue": "arXiv preprint arXiv:2202.00275, 2022",
      "year": 2022,
      "citations": 94
    },
    {
      "title": "Efficient local planning with linear function approximation",
      "url": "https://scholar.google.com/citations?view_op=view_citation&hl=en&user=YtM8P88AAAAJ&citation_for_view=YtM8P88AAAAJ:ZfRJV9d4-WMC",
      "authors": "D Yin, B Hao, Y Abbasi-Yadkori, N Lazić, C Szepesvári",
      "venue": "International Conference on Algorithmic Learning Theory, 1165-1192, 2022",
      "year": 2022,
      "citations": 38
    },
    {
      "title": "An instance-dependent simulation framework for learning with label noise",
      "url": "https://scholar.google.com/citations?view_op=view_citation&hl=en&user=YtM8P88AAAAJ&citation_for_view=YtM8P88AAAAJ:_Re3VWB3Y0AC",
      "authors": "K Gu, X Masotto, V Bachani, B Lakshminarayanan, J Nikodem, D Yin",
      "venue": "Machine Learning, 1-26, 2022",
      "year": 2022,
      "citations": 34
    },
    {
      "title": "Optimization and Generalization of Regularization-Based Continual Learning: a Loss Approximation Viewpoint",
      "url": "https://scholar.google.com/citations?view_op=view_citation&hl=en&user=YtM8P88AAAAJ&citation_for_view=YtM8P88AAAAJ:hkOj_22Ku90C",
      "authors": "D Yin, M Farajtabar, A Li, N Levine, A Mott",
      "venue": "arXiv preprint arXiv:2006.10974, 2020",
      "year": 2020,
      "citations": 63
    },
    {
      "title": "The Effectiveness of Memory Replay in Large Scale Continual Learning",
      "url": "https://scholar.google.com/citations?view_op=view_citation&hl=en&user=YtM8P88AAAAJ&citation_for_view=YtM8P88AAAAJ:uLbwQdceFCQC",
      "authors": "Y Balaji, M Farajtabar, D Yin, A Mott, A Li",
      "venue": "arXiv preprint arXiv:2010.02418, 2020",
      "year": 2020,
      "citations": 41
    },
    {
      "title": "A fourier perspective on model robustness in computer vision",
      "url": "https://scholar.google.com/citations?view_op=view_citation&hl=en&user=YtM8P88AAAAJ&citation_for_view=YtM8P88AAAAJ:XiVPGOgt02cC",
      "authors": "D Yin, R Gontijo Lopes, J Shlens, ED Cubuk, J Gilmer",
      "venue": "Advances in Neural Information Processing Systems 32, 13276-13286, 2019",
      "year": 2019,
      "citations": 696
    },
    {
      "title": "Rademacher complexity for adversarially robust generalization",
      "url": "https://scholar.google.com/citations?view_op=view_citation&hl=en&user=YtM8P88AAAAJ&citation_for_view=YtM8P88AAAAJ:5awf1xo2G04C",
      "authors": "D Yin, R Kannan, P Bartlett",
      "venue": "International Conference on Machine Learning, 7085-7094, 2019",
      "year": 2019,
      "citations": 372
    },
    {
      "title": "Robust federated learning in a heterogeneous environment",
      "url": "https://scholar.google.com/citations?view_op=view_citation&hl=en&user=YtM8P88AAAAJ&citation_for_view=YtM8P88AAAAJ:ZuybSZzF8UAC",
      "authors": "A Ghosh, J Hong, D Yin, K Ramchandran",
      "venue": "arXiv preprint arXiv:1906.06629, 2019",
      "year": 2019,
      "citations": 348
    },
    {
      "title": "Improving robustness without sacrificing accuracy with patch gaussian augmentation",
      "url": "https://scholar.google.com/citations?view_op=view_citation&hl=en&user=YtM8P88AAAAJ&citation_for_view=YtM8P88AAAAJ:kzcrU_BdoSEC",
      "authors": "RG Lopes, D Yin, B Poole, J Gilmer, ED Cubuk",
      "venue": "arXiv preprint arXiv:1906.02611, 2019",
      "year": 2019,
      "citations": 279
    },
    {
      "title": "Defending against saddle point attack in Byzantine-robust distributed learning",
      "url": "https://scholar.google.com/citations?view_op=view_citation&hl=en&user=YtM8P88AAAAJ&citation_for_view=YtM8P88AAAAJ:9vf0nzSNQJEC",
      "authors": "D Yin, Y Chen, R Kannan, P Bartlett",
      "venue": "International Conference on Machine Learning, 7074-7084, 2019",
      "year": 2019,
      "citations": 136
    },
    {
      "title": "Stochastic Gradient and Langevin Processes",
      "url": "https://scholar.google.com/citations?view_op=view_citation&hl=en&user=YtM8P88AAAAJ&citation_for_view=YtM8P88AAAAJ:Mojj43d5GZwC",
      "authors": "X Cheng, D Yin, P Bartlett, M Jordan",
      "venue": "arXiv preprint arXiv:1907.03215, 2019",
      "year": 2019,
      "citations": 66
    },
    {
      "title": "Sub-linear time support recovery for compressed sensing using sparse-graph codes",
      "url": "https://scholar.google.com/citations?view_op=view_citation&hl=en&user=YtM8P88AAAAJ&citation_for_view=YtM8P88AAAAJ:JQOojiI6XY0C",
      "authors": "X Li, D Yin, S Pawar, R Pedarsani, K Ramchandran",
      "venue": "IEEE Transactions on Information Theory 65 (10), 6580-6619, 2019",
      "year": 2019,
      "citations": 41
    },
    {
      "title": "Sub-linear time support recovery for compressed sensing using sparse-graph codes",
      "url": "https://scholar.google.com/citations?view_op=view_citation&hl=en&user=YtM8P88AAAAJ&citation_for_view=YtM8P88AAAAJ:N5tVd3kTz84C",
      "authors": "X Li, D Yin, S Pawar, R Pedarsani, K Ramchandran",
      "venue": "IEEE Transactions on Information Theory 65 (10), 6580-6619, 2019",
      "year": 2019,
      "citations": 41
    },
    {
      "title": "Learning mixtures of sparse linear regressions using sparse graph codes",
      "url": "https://scholar.google.com/citations?view_op=view_citation&hl=en&user=YtM8P88AAAAJ&citation_for_view=YtM8P88AAAAJ:f2IySw72cVMC",
      "authors": "D Yin, R Pedarsani, Y Chen, K Ramchandran",
      "venue": "IEEE Transactions on Information Theory 65 (3), 1430-1451, 2019",
      "year": 2019,
      "citations": 37
    },
    {
      "title": "Byzantine-robust distributed learning: Towards optimal statistical rates",
      "url": "https://scholar.google.com/citations?view_op=view_citation&hl=en&user=YtM8P88AAAAJ&citation_for_view=YtM8P88AAAAJ:Fu2w8maKXqMC",
      "authors": "D Yin, Y Chen, R Kannan, P Bartlett",
      "venue": "International Conference on Machine Learning, 5650-5659, 2018",
      "year": 2018,
      "citations": 2390
    },
    {
      "title": "Gradient diversity: a key ingredient for scalable distributed learning",
      "url": "https://scholar.google.com/citations?view_op=view_citation&hl=en&user=YtM8P88AAAAJ&citation_for_view=YtM8P88AAAAJ:Y5dfb0dijaUC",
      "authors": "D Yin, A Pananjady, M Lam, D Papailiopoulos, K Ramchandran, P Bartlett",
      "venue": "International Conference on Artificial Intelligence and Statistics, 1998-2007, 2018",
      "year": 2018,
      "citations": 188
    },
    {
      "title": "Phasecode: Fast and efficient compressive phase retrieval based on sparse-graph codes",
      "url": "https://scholar.google.com/citations?view_op=view_citation&hl=en&user=YtM8P88AAAAJ&citation_for_view=YtM8P88AAAAJ:PELIpwtuRlgC",
      "authors": "R Pedarsani, D Yin, K Lee, K Ramchandran",
      "venue": "IEEE Transactions on Information Theory 63 (6), 3663-3691, 2017",
      "year": 2017,
      "citations": 76
    }
  ],
  "co_authors": []
}