{
  "author_info": {
    "name": "Liheng Chen",
    "affiliation": "MSc in Advanced Computer Science, the University of Oxford",
    "email_verified": "Verified email at reuben.ox.ac.uk",
    "interests": [
      "Natural Language Processing",
      "Machine Learning",
      "Automatic Speech Recognition"
    ],
    "photo_url": "https://scholar.googleusercontent.com/citations?view_op=view_photo&user=MX0S_1IAAAAJ&citpid=7"
  },
  "citation_stats": {
    "citations_all": 306,
    "citations_since_2020": 306,
    "h_index_all": 5,
    "h_index_since_2020": 5,
    "i10_index_all": 5,
    "i10_index_since_2020": 5,
    "citation_graph": [
      {
        "year": 2024,
        "citations": 14
      },
      {
        "year": 2025,
        "citations": 290
      }
    ]
  },
  "papers": [
    {
      "title": "OS-ATLAS: A Foundation Action Model for Generalist GUI Agents",
      "url": "https://scholar.google.com/citations?view_op=view_citation&hl=en&user=MX0S_1IAAAAJ&citation_for_view=MX0S_1IAAAAJ:zYLM7Y9cAGgC",
      "authors": "Z Wu*, Z Wu*, F Xu*, Y Wang*, Q Sun, C Jia, K Cheng, Z Ding, L Chen, ...",
      "venue": "ICLR 2025 Spotlight, 2024",
      "year": 2024,
      "citations": 171
    },
    {
      "title": "OS-Genesis: Automating GUI Agent Trajectory Construction via Reverse Task Synthesis",
      "url": "https://scholar.google.com/citations?view_op=view_citation&hl=en&user=MX0S_1IAAAAJ&citation_for_view=MX0S_1IAAAAJ:Y0pCki6q_DkC",
      "authors": "Q Sun, K Cheng, Z Ding, C Jin, Y Wang, F Xu, Z Wu, C Jia, L Chen, Z Liu, ...",
      "venue": "ACL 2025, 2024",
      "year": 2024,
      "citations": 61
    },
    {
      "title": "Diffusion of Thoughts: Chain-of-Thought Reasoning in Diffusion Language Models",
      "url": "https://scholar.google.com/citations?view_op=view_citation&hl=en&user=MX0S_1IAAAAJ&citation_for_view=MX0S_1IAAAAJ:UeHWp8X0CEIC",
      "authors": "J Ye*, S Gong*, L Chen*, L Zheng, J Gao, H Shi, C Wu, Z Li, W Bi, L Kong",
      "venue": "NeurIPS 2024, 2024",
      "year": 2024,
      "citations": 42
    },
    {
      "title": "LoRA Meets Dropout under a Unified Framework",
      "url": "https://scholar.google.com/citations?view_op=view_citation&hl=en&user=MX0S_1IAAAAJ&citation_for_view=MX0S_1IAAAAJ:9yKSN-GCB0IC",
      "authors": "S Wang*, L Chen*, J Jiang, B Xue, L Kong, C Wu",
      "venue": "ACL 2024, 2024",
      "year": 2024,
      "citations": 16
    },
    {
      "title": "PRoLoRA: Partial Rotation Empowers More Parameter-Efficient LoRA",
      "url": "https://scholar.google.com/citations?view_op=view_citation&hl=en&user=MX0S_1IAAAAJ&citation_for_view=MX0S_1IAAAAJ:u-x6o8ySG0sC",
      "authors": "S Wang, B Xue, J Ye, J Jiang, L Chen, L Kong, C Wu",
      "venue": "ACL 2024, 2024",
      "year": 2024,
      "citations": 11
    },
    {
      "title": "MoS: Unleashing Parameter Efficiency of Low-Rank Adaptation with Mixture of Shards",
      "url": "https://scholar.google.com/citations?view_op=view_citation&hl=en&user=MX0S_1IAAAAJ&citation_for_view=MX0S_1IAAAAJ:IjCSPb-OGe4C",
      "authors": "S Wang*, L Chen*, P Chen, J Dong, B Xue, J Jiang, L Kong, C Wu",
      "venue": "ICLR 2025, 2024",
      "year": 2024,
      "citations": 3
    },
    {
      "title": "How Far Can Cantonese NLP Go? Benchmarking Cantonese Capabilities of Large Language Models",
      "url": "https://scholar.google.com/citations?view_op=view_citation&hl=en&user=MX0S_1IAAAAJ&citation_for_view=MX0S_1IAAAAJ:Tyk-4Ss8FVUC",
      "authors": "J Jiang, L Chen, P Chen, S Wang, Q Bao, L Kong, Y Li, C Wu",
      "venue": "arXiv e-prints, arXiv: 2408.16756, 2024",
      "year": 2024,
      "citations": 1
    },
    {
      "title": "Data Augmentation of Multi-turn Psychological Dialogue via Knowledge-driven Progressive Thought Prompting",
      "url": "https://scholar.google.com/citations?view_op=view_citation&hl=en&user=MX0S_1IAAAAJ&citation_for_view=MX0S_1IAAAAJ:2osOgNQ5qMEC",
      "authors": "J Jiang, L Chen, S Wang, L Kong, Y Li, C Wu",
      "venue": "arXiv preprint arXiv:2406.16567, 2024",
      "year": 2024,
      "citations": 1
    }
  ],
  "co_authors": [
    {
      "name": "Chuan Wu",
      "scholar_id": "mY7MWXMAAAAJ",
      "url": "https://scholar.google.com/citations?user=mY7MWXMAAAAJ"
    },
    {
      "name": "Lingpeng Kong",
      "scholar_id": "f1hBi5wAAAAJ",
      "url": "https://scholar.google.com/citations?user=f1hBi5wAAAAJ"
    },
    {
      "name": "Qiushi Sun",
      "scholar_id": "QgMkYFAAAAAJ",
      "url": "https://scholar.google.com/citations?user=QgMkYFAAAAAJ"
    },
    {
      "name": "Sheng Wang",
      "scholar_id": "BYxiWaIAAAAJ",
      "url": "https://scholar.google.com/citations?user=BYxiWaIAAAAJ"
    },
    {
      "name": "Jiacheng Ye",
      "scholar_id": "gh0CyxgAAAAJ",
      "url": "https://scholar.google.com/citations?user=gh0CyxgAAAAJ"
    },
    {
      "name": "Zhiyong Wu",
      "scholar_id": "wIlpfXEAAAAJ",
      "url": "https://scholar.google.com/citations?user=wIlpfXEAAAAJ"
    },
    {
      "name": "Shansan Gong",
      "scholar_id": "F86VNoMAAAAJ",
      "url": "https://scholar.google.com/citations?user=F86VNoMAAAAJ"
    }
  ]
}