{
  "author_info": {
    "name": "Akram Aldroubi",
    "affiliation": "Professor of Mathematics, Vanderbilt Unversity",
    "email_verified": "Verified email at vanderbilt.edu - Homepage",
    "website": "http://math.vanderbilt.edu/aldroua/",
    "interests": [
      "Fourier analysis",
      "sampling",
      "frames",
      "signal processing"
    ],
    "photo_url": "https://scholar.googleusercontent.com/citations?view_op=view_photo&user=kAj25wwAAAAJ&citpid=2"
  },
  "citation_stats": {
    "citations_all": 19633,
    "citations_since_2020": 3432,
    "h_index_all": 52,
    "h_index_since_2020": 28,
    "i10_index_all": 119,
    "i10_index_since_2020": 56,
    "citation_graph": [
      {
        "year": 1993,
        "citations": 80
      },
      {
        "year": 1994,
        "citations": 153
      },
      {
        "year": 1995,
        "citations": 206
      },
      {
        "year": 1996,
        "citations": 238
      },
      {
        "year": 1997,
        "citations": 233
      },
      {
        "year": 1998,
        "citations": 295
      },
      {
        "year": 1999,
        "citations": 273
      },
      {
        "year": 2000,
        "citations": 346
      },
      {
        "year": 2001,
        "citations": 403
      },
      {
        "year": 2002,
        "citations": 773
      },
      {
        "year": 2003,
        "citations": 603
      },
      {
        "year": 2004,
        "citations": 662
      },
      {
        "year": 2005,
        "citations": 754
      },
      {
        "year": 2006,
        "citations": 799
      },
      {
        "year": 2007,
        "citations": 820
      },
      {
        "year": 2008,
        "citations": 870
      },
      {
        "year": 2009,
        "citations": 909
      },
      {
        "year": 2010,
        "citations": 738
      },
      {
        "year": 2011,
        "citations": 854
      },
      {
        "year": 2012,
        "citations": 832
      },
      {
        "year": 2013,
        "citations": 780
      },
      {
        "year": 2014,
        "citations": 737
      },
      {
        "year": 2015,
        "citations": 766
      },
      {
        "year": 2016,
        "citations": 659
      },
      {
        "year": 2017,
        "citations": 772
      },
      {
        "year": 2018,
        "citations": 587
      },
      {
        "year": 2019,
        "citations": 679
      },
      {
        "year": 2020,
        "citations": 616
      },
      {
        "year": 2021,
        "citations": 701
      },
      {
        "year": 2022,
        "citations": 497
      },
      {
        "year": 2023,
        "citations": 544
      },
      {
        "year": 2024,
        "citations": 518
      },
      {
        "year": 2025,
        "citations": 556
      }
    ]
  },
  "papers": [
    {
      "title": "The adaptive bases algorithm for intensity-based nonrigid image registration",
      "url": "https://scholar.google.com/citations?view_op=view_citation&hl=en&user=kAj25wwAAAAJ&citation_for_view=kAj25wwAAAAJ:UeHWp8X0CEIC",
      "authors": "GK Rohde, A Aldroubi, BM Dawant",
      "venue": "IEEE transactions on medical imaging 22 (11), 1470-1479, 2003",
      "year": 2003,
      "citations": 565
    },
    {
      "title": "A review of wavelets in biomedical applications",
      "url": "https://scholar.google.com/citations?view_op=view_citation&hl=en&user=kAj25wwAAAAJ&citation_for_view=kAj25wwAAAAJ:ldfaerwXgEUC",
      "authors": "M Unser, A Aldroubi",
      "venue": "Proceedings of the IEEE 84 (4), 626-638, 2002",
      "year": 2002,
      "citations": 1117
    },
    {
      "title": "B-spline signal processing. II. Efficiency design and applications",
      "url": "https://scholar.google.com/citations?view_op=view_citation&hl=en&user=kAj25wwAAAAJ&citation_for_view=kAj25wwAAAAJ:hkOj_22Ku90C",
      "authors": "M Unser, A Aldroubi, M Eden",
      "venue": "IEEE transactions on signal processing 41 (2), 834-848, 2002",
      "year": 2002,
      "citations": 1061
    },
    {
      "title": "A general sampling theory for nonideal acquisition devices",
      "url": "https://scholar.google.com/citations?view_op=view_citation&hl=en&user=kAj25wwAAAAJ&citation_for_view=kAj25wwAAAAJ:qjMakFHDy7sC",
      "authors": "M Unser, A Aldroubi",
      "venue": "IEEE Transactions on Signal Processing 42 (11), 2915-2925, 2002",
      "year": 2002,
      "citations": 471
    },
    {
      "title": "On the asymptotic convergence of B-spline wavelets to Gabor functions",
      "url": "https://scholar.google.com/citations?view_op=view_citation&hl=en&user=kAj25wwAAAAJ&citation_for_view=kAj25wwAAAAJ:IjCSPb-OGe4C",
      "authors": "M Unser, A Aldroubi, M Eden",
      "venue": "IEEE transactions on information theory 38 (2), 864-872, 2002",
      "year": 2002,
      "citations": 452
    },
    {
      "title": "The l/sub 2/-polynomial spline pyramid",
      "url": "https://scholar.google.com/citations?view_op=view_citation&hl=en&user=kAj25wwAAAAJ&citation_for_view=kAj25wwAAAAJ:Y0pCki6q_DkC",
      "authors": "M Unser, A Aldroubi, M Eden",
      "venue": "IEEE Transactions on Pattern Analysis and Machine Intelligence 15 (4), 364-379, 2002",
      "year": 2002,
      "citations": 242
    },
    {
      "title": "A continuous tensor field approximation of discrete DT-MRI data for extracting microstructural and architectural features of tissue",
      "url": "https://scholar.google.com/citations?view_op=view_citation&hl=en&user=kAj25wwAAAAJ&citation_for_view=kAj25wwAAAAJ:WF5omc3nYNoC",
      "authors": "S Pajevic, A Aldroubi, PJ Basser",
      "venue": "Journal of magnetic resonance 154 (1), 85-100, 2002",
      "year": 2002,
      "citations": 206
    },
    {
      "title": "Nonuniform sampling and reconstruction in shift-invariant spaces",
      "url": "https://scholar.google.com/citations?view_op=view_citation&hl=en&user=kAj25wwAAAAJ&citation_for_view=kAj25wwAAAAJ:9yKSN-GCB0IC",
      "authors": "A Aldroubi, K Gröchenig",
      "venue": "SIAM review 43 (4), 585-620, 2001",
      "year": 2001,
      "citations": 946
    },
    {
      "title": "p-frames and shift invariant subspaces of L p",
      "url": "https://scholar.google.com/citations?view_op=view_citation&hl=en&user=kAj25wwAAAAJ&citation_for_view=kAj25wwAAAAJ:ufrVoPGSRksC",
      "authors": "A Aldroubi, Q Sun, WS Tang",
      "venue": "Journal of Fourier Analysis and Applications 7 (1), 1-22, 2001",
      "year": 2001,
      "citations": 275
    },
    {
      "title": "In vivo fiber tractography using DT‐MRI data",
      "url": "https://scholar.google.com/citations?view_op=view_citation&hl=en&user=kAj25wwAAAAJ&citation_for_view=kAj25wwAAAAJ:u5HHmVD_uO8C",
      "authors": "PJ Basser, S Pajevic, C Pierpaoli, J Duda, A Aldroubi",
      "venue": "Magnetic resonance in medicine 44 (4), 625-632, 2000",
      "year": 2000,
      "citations": 4098
    },
    {
      "title": "Beurling-Landau-type theorems for non-uniform sampling in shift invariant spline spaces",
      "url": "https://scholar.google.com/citations?view_op=view_citation&hl=en&user=kAj25wwAAAAJ&citation_for_view=kAj25wwAAAAJ:LkGwnXOMwfcC",
      "authors": "A Aldroubi, K Gröchenig",
      "venue": "Journal of Fourier Analysis and Applications 6 (1), 93-103, 2000",
      "year": 2000,
      "citations": 194
    },
    {
      "title": "Wavelets in medicine and biology",
      "url": "https://scholar.google.com/citations?view_op=view_citation&hl=en&user=kAj25wwAAAAJ&citation_for_view=kAj25wwAAAAJ:2osOgNQ5qMEC",
      "authors": "A Aldroubi, M Unser",
      "venue": "CRC press, 1996",
      "year": 1996,
      "citations": 633
    },
    {
      "title": "Enlargement or reduction of digital images with minimum loss of information",
      "url": "https://scholar.google.com/citations?view_op=view_citation&hl=en&user=kAj25wwAAAAJ&citation_for_view=kAj25wwAAAAJ:g5m5HwL7SMYC",
      "authors": "M Unser, A Aldroubi, M Eden",
      "venue": "IEEE Transactions on Image Processing 4 (3), 247-258, 1995",
      "year": 1995,
      "citations": 316
    },
    {
      "title": "Sampling procedures in function spaces and asymptotic equivalence with Shannon's sampling theory",
      "url": "https://scholar.google.com/citations?view_op=view_citation&hl=en&user=kAj25wwAAAAJ&citation_for_view=kAj25wwAAAAJ:Tyk-4Ss8FVUC",
      "authors": "A Aldroubi, M Unser, A Aldroubi",
      "venue": "Numerical functional analysis and optimization 15 (1-2), 1-21, 1994",
      "year": 1994,
      "citations": 335
    },
    {
      "title": "Fast wavelet transformation of EEG",
      "url": "https://scholar.google.com/citations?view_op=view_citation&hl=en&user=kAj25wwAAAAJ&citation_for_view=kAj25wwAAAAJ:W7OEmFMy1HYC",
      "authors": "SJ Schiff, A Aldroubi, M Unser, S Sato",
      "venue": "Electroencephalography and clinical neurophysiology 91 (6), 442-455, 1994",
      "year": 1994,
      "citations": 325
    },
    {
      "title": "B-spline signal processing. I. Theory",
      "url": "https://scholar.google.com/citations?view_op=view_citation&hl=en&user=kAj25wwAAAAJ&citation_for_view=kAj25wwAAAAJ:u-x6o8ySG0sC",
      "authors": "M Unser, A Aldroubi, M Eden",
      "venue": "Signal Processing, IEEE Transactions on 41 (2), 821-833, 1993",
      "year": 1993,
      "citations": 1609
    },
    {
      "title": "A family of polynomial spline wavelet transforms",
      "url": "https://scholar.google.com/citations?view_op=view_citation&hl=en&user=kAj25wwAAAAJ&citation_for_view=kAj25wwAAAAJ:zYLM7Y9cAGgC",
      "authors": "M Unser, A Aldroubi, M Eden",
      "venue": "Signal processing 30 (2), 141-162, 1993",
      "year": 1993,
      "citations": 319
    },
    {
      "title": "Families of multiresolution and wavelet spaces with optimal properties",
      "url": "https://scholar.google.com/citations?view_op=view_citation&hl=en&user=kAj25wwAAAAJ&citation_for_view=kAj25wwAAAAJ:eQOLeE2rZwMC",
      "authors": "A Aldroubi, M Unser",
      "venue": "Numerical Functional Analysis and Optimization 14 (5-6), 417-446, 1993",
      "year": 1993,
      "citations": 204
    },
    {
      "title": "Cardinal spline filters: Stability and convergence to the ideal sinc interpolator",
      "url": "https://scholar.google.com/citations?view_op=view_citation&hl=en&user=kAj25wwAAAAJ&citation_for_view=kAj25wwAAAAJ:YsMSGLbcyi4C",
      "authors": "A Aldroubi, M Unser, M Eden",
      "venue": "Signal Processing 28 (2), 127-138, 1992",
      "year": 1992,
      "citations": 229
    },
    {
      "title": "Fast B-spline transforms for continuous image representation and interpolation",
      "url": "https://scholar.google.com/citations?view_op=view_citation&hl=en&user=kAj25wwAAAAJ&citation_for_view=kAj25wwAAAAJ:M05iB0D1s5AC",
      "authors": "M Unser, A Aldroubi, M Eden",
      "venue": "IEEE Transactions on pattern analysis and machine intelligence 13 (3), 277-285, 1991",
      "year": 1991,
      "citations": 857
    }
  ],
  "co_authors": [
    {
      "name": "Michael Unser",
      "scholar_id": "nKVDcQoAAAAJ",
      "url": "https://scholar.google.com/citations?user=nKVDcQoAAAAJ"
    },
    {
      "name": "Peter J. Basser, Ph.D.",
      "scholar_id": "FtyOQzwAAAAJ",
      "url": "https://scholar.google.com/citations?user=FtyOQzwAAAAJ"
    },
    {
      "name": "Sinisa Pajevic",
      "scholar_id": "OoBYCFUAAAAJ",
      "url": "https://scholar.google.com/citations?user=OoBYCFUAAAAJ"
    },
    {
      "name": "Carlos Cabrelli",
      "scholar_id": "wztfxGgAAAAJ",
      "url": "https://scholar.google.com/citations?user=wztfxGgAAAAJ"
    },
    {
      "name": "Gustavo Kunde Rohde",
      "scholar_id": "UnRdQPMAAAAJ",
      "url": "https://scholar.google.com/citations?user=UnRdQPMAAAAJ"
    },
    {
      "name": "Ursula Molter",
      "scholar_id": "DMFsYsUAAAAJ",
      "url": "https://scholar.google.com/citations?user=DMFsYsUAAAAJ"
    },
    {
      "name": "Karlheinz Groechenig",
      "scholar_id": "HzTbeT0AAAAJ",
      "url": "https://scholar.google.com/citations?user=HzTbeT0AAAAJ"
    },
    {
      "name": "Qiyu Sun",
      "scholar_id": "HB6PWJ0AAAAJ",
      "url": "https://scholar.google.com/citations?user=HB6PWJ0AAAAJ"
    }
  ]
}