{
  "author_info": {
    "name": "Tai-Jiang Mu",
    "affiliation": "Tsinghua University",
    "email_verified": "Verified email at tsinghua.edu.cn - Homepage",
    "website": "https://cg.cs.tsinghua.edu.cn/people/~mtj/",
    "interests": [
      "Computer Graphics",
      "Computer Vision"
    ],
    "photo_url": "https://scholar.googleusercontent.com/citations?view_op=view_photo&user=V-0oiTYAAAAJ&citpid=1"
  },
  "citation_stats": {
    "citations_all": 7416,
    "citations_since_2020": 7331,
    "h_index_all": 22,
    "h_index_since_2020": 21,
    "i10_index_all": 38,
    "i10_index_since_2020": 35,
    "citation_graph": [
      {
        "year": 2019,
        "citations": 31
      },
      {
        "year": 2020,
        "citations": 71
      },
      {
        "year": 2021,
        "citations": 241
      },
      {
        "year": 2022,
        "citations": 930
      },
      {
        "year": 2023,
        "citations": 1710
      },
      {
        "year": 2024,
        "citations": 2256
      },
      {
        "year": 2025,
        "citations": 2084
      }
    ]
  },
  "papers": [
    {
      "title": "A survey of deep learning-based 3D shape generation",
      "url": "https://scholar.google.com/citations?view_op=view_citation&hl=en&user=V-0oiTYAAAAJ&citation_for_view=V-0oiTYAAAAJ:L8Ckcad2t8MC",
      "authors": "QC Xu, TJ Mu, YL Yang",
      "venue": "Computational Visual Media 9 (3), 407-442, 2023",
      "year": 2023,
      "citations": 43
    },
    {
      "title": "Attention mechanisms in computer vision: A survey",
      "url": "https://scholar.google.com/citations?view_op=view_citation&hl=en&user=V-0oiTYAAAAJ&citation_for_view=V-0oiTYAAAAJ:4TOpqqG69KYC",
      "authors": "MH Guo, TX Xu, JJ Liu, ZN Liu, PT Jiang, TJ Mu, SH Zhang, RR Martin, ...",
      "venue": "Computational visual media 8 (3), 331-368, 2022",
      "year": 2022,
      "citations": 2578
    },
    {
      "title": "Beyond Self-attention: External Attention using Two Linear Layers for Visual Tasks",
      "url": "https://scholar.google.com/citations?view_op=view_citation&hl=en&user=V-0oiTYAAAAJ&citation_for_view=V-0oiTYAAAAJ:kNdYIx-mwKoC",
      "authors": "MH Guo, ZN Liu, TJ Mu, SM Hu",
      "venue": "IEEE Transactions on Pattern Analysis and Machine Intelligence 45 (5), 5436-5447, 2022",
      "year": 2022,
      "citations": 787
    },
    {
      "title": "Subdivision-based mesh convolution networks",
      "url": "https://scholar.google.com/citations?view_op=view_citation&hl=en&user=V-0oiTYAAAAJ&citation_for_view=V-0oiTYAAAAJ:ULOm3_A8WrAC",
      "authors": "SM Hu, ZN Liu, MH Guo, JX Cai, J Huang, TJ Mu, RR Martin",
      "venue": "ACM Transactions on Graphics 41 (3), 25:1-25:16, 2022",
      "year": 2022,
      "citations": 175
    },
    {
      "title": "ClusterGNN: Cluster-based coarse-to-fine graph neural network for efficient feature matching",
      "url": "https://scholar.google.com/citations?view_op=view_citation&hl=en&user=V-0oiTYAAAAJ&citation_for_view=V-0oiTYAAAAJ:qxL8FJ1GzNcC",
      "authors": "Y Shi, JX Cai, Y Shavit, TJ Mu, W Feng, K Zhang",
      "venue": "IEEE/CVF Conference on Computer Vision and Pattern Recognition (CVPR), 12517 …, 2022",
      "year": 2022,
      "citations": 128
    },
    {
      "title": "Recursive-NeRF: An Efficient and Dynamically Growing NeRF",
      "url": "https://scholar.google.com/citations?view_op=view_citation&hl=en&user=V-0oiTYAAAAJ&citation_for_view=V-0oiTYAAAAJ:KlAtU1dfN6UC",
      "authors": "GW Yang, WY Zhou, HY Peng, D Liang, TJ Mu, SM Hu",
      "venue": "IEEE Transactions on Visualization and Computer Graphics 29 (12), 5124-5136, 2022",
      "year": 2022,
      "citations": 69
    },
    {
      "title": "PCT: Point Cloud Transformer",
      "url": "https://scholar.google.com/citations?view_op=view_citation&hl=en&user=V-0oiTYAAAAJ&citation_for_view=V-0oiTYAAAAJ:8k81kl-MbHgC",
      "authors": "MH Guo, JX Cai, ZN Liu, TJ Mu, RR Martin, SM Hu",
      "venue": "Computational Visual Media 7 (2), 187-199, 2021",
      "year": 2021,
      "citations": 2244
    },
    {
      "title": "Supervoxel convolution for online 3D semantic segmentation",
      "url": "https://scholar.google.com/citations?view_op=view_citation&hl=en&user=V-0oiTYAAAAJ&citation_for_view=V-0oiTYAAAAJ:_kc_bZDykSQC",
      "authors": "SS Huang, ZY Ma, TJ Mu, H Fu, SM Hu",
      "venue": "ACM Transactions on Graphics 40 (3), 34:1-34:15, 2021",
      "year": 2021,
      "citations": 59
    },
    {
      "title": "Detecting  human–object interaction with multi-level pairwise feature network",
      "url": "https://scholar.google.com/citations?view_op=view_citation&hl=en&user=V-0oiTYAAAAJ&citation_for_view=V-0oiTYAAAAJ:5nxA0vEk-isC",
      "authors": "H Liu, TJ Mu, X Huang",
      "venue": "Computational Visual Media 7 (2), 229-239, 2021",
      "year": 2021,
      "citations": 27
    },
    {
      "title": "ClusterVO: Clustering moving instances and estimating visual odometry for self and surroundings",
      "url": "https://scholar.google.com/citations?view_op=view_citation&hl=en&user=V-0oiTYAAAAJ&citation_for_view=V-0oiTYAAAAJ:WF5omc3nYNoC",
      "authors": "J Huang, S Yang, TJ Mu, SM Hu",
      "venue": "IEEE/CVF conference on computer vision and pattern recognition (CVPR), 2168-2177, 2020",
      "year": 2020,
      "citations": 138
    },
    {
      "title": "Accurate dynamic SLAM using CRF-based long-term consistency",
      "url": "https://scholar.google.com/citations?view_op=view_citation&hl=en&user=V-0oiTYAAAAJ&citation_for_view=V-0oiTYAAAAJ:hqOjcs7Dif8C",
      "authors": "ZJ Du, SS Huang, TJ Mu, Q Zhao, RR Martin, K Xu",
      "venue": "IEEE Transactions on Visualization and Computer Graphics 28 (4), 1745-1757, 2020",
      "year": 2020,
      "citations": 110
    },
    {
      "title": "Lidar-Monocular Visual Odometry using Point and Line Features",
      "url": "https://scholar.google.com/citations?view_op=view_citation&hl=en&user=V-0oiTYAAAAJ&citation_for_view=V-0oiTYAAAAJ:ufrVoPGSRksC",
      "authors": "SS Huang, ZY Ma, TJ Mu, H Fu, SM Hu",
      "venue": "International Conference on Robotics and Automation, 1091-1097, 2020",
      "year": 2020,
      "citations": 98
    },
    {
      "title": "Lane Detection: A Survey with New Results",
      "url": "https://scholar.google.com/citations?view_op=view_citation&hl=en&user=V-0oiTYAAAAJ&citation_for_view=V-0oiTYAAAAJ:roLk4NBRz8UC",
      "authors": "D Liang, YC Guo, SK Zhang, TJ Mu, X Huang",
      "venue": "Journal of Computer Science and Technology 35 (3), 493-505, 2020",
      "year": 2020,
      "citations": 65
    },
    {
      "title": "A new dataset of dog breed images and a benchmark for finegrained classification",
      "url": "https://scholar.google.com/citations?view_op=view_citation&hl=en&user=V-0oiTYAAAAJ&citation_for_view=V-0oiTYAAAAJ:0EnyYjriUFMC",
      "authors": "DN Zou, SH Zhang, TJ Mu, M Zhang",
      "venue": "Computational Visual Media 6 (4), 477-487, 2020",
      "year": 2020,
      "citations": 41
    },
    {
      "title": "A large chinese text dataset in the wild",
      "url": "https://scholar.google.com/citations?view_op=view_citation&hl=en&user=V-0oiTYAAAAJ&citation_for_view=V-0oiTYAAAAJ:W7OEmFMy1HYC",
      "authors": "TL Yuan, Z Zhu, K Xu, CJ Li, TJ Mu, SM Hu",
      "venue": "Journal of Computer Science and Technology 34 (3), 509-521, 2019",
      "year": 2019,
      "citations": 145
    },
    {
      "title": "S4Net: Single stage salient-instance segmentation",
      "url": "https://scholar.google.com/citations?view_op=view_citation&hl=en&user=V-0oiTYAAAAJ&citation_for_view=V-0oiTYAAAAJ:9yKSN-GCB0IC",
      "authors": "R Fan, MM Cheng, Q Hou, TJ Mu, J Wang, SM Hu",
      "venue": "IEEE/CVF conference on computer vision and pattern recognition (CVPR), 6103-6112, 2019",
      "year": 2019,
      "citations": 114
    },
    {
      "title": "SpinNet: Spinning convolutional network for lane boundary detection",
      "url": "https://scholar.google.com/citations?view_op=view_citation&hl=en&user=V-0oiTYAAAAJ&citation_for_view=V-0oiTYAAAAJ:eQOLeE2rZwMC",
      "authors": "R Fan, X Wang, Q Hou, H Liu, TJ Mu",
      "venue": "Computational Visual Media 5 (4), 417-428, 2019",
      "year": 2019,
      "citations": 33
    },
    {
      "title": "Deep video stabilization using adversarial networks",
      "url": "https://scholar.google.com/citations?view_op=view_citation&hl=en&user=V-0oiTYAAAAJ&citation_for_view=V-0oiTYAAAAJ:qjMakFHDy7sC",
      "authors": "SZ Xu, J Hu, M Wang, TJ Mu, SM Hu",
      "venue": "Computer graphics forum 37 (7), 267-276, 2018",
      "year": 2018,
      "citations": 78
    },
    {
      "title": "Knowledge graph construction with structure and parameter learning for indoor scene design",
      "url": "https://scholar.google.com/citations?view_op=view_citation&hl=en&user=V-0oiTYAAAAJ&citation_for_view=V-0oiTYAAAAJ:u5HHmVD_uO8C",
      "authors": "Y Liang, F Xu, SH Zhang, YK Lai, T Mu",
      "venue": "Computational Visual Media 4 (2), 123-137, 2018",
      "year": 2018,
      "citations": 46
    },
    {
      "title": "Stereoscopic image completion and depth recovery",
      "url": "https://scholar.google.com/citations?view_op=view_citation&hl=en&user=V-0oiTYAAAAJ&citation_for_view=V-0oiTYAAAAJ:IjCSPb-OGe4C",
      "authors": "TJ Mu, JH Wang, SP Du, SM Hu",
      "venue": "The Visual Computer 30 (6), 833-843, 2014",
      "year": 2014,
      "citations": 30
    }
  ],
  "co_authors": [
    {
      "name": "Shi-Min Hu",
      "scholar_id": "LDb4tb0AAAAJ",
      "url": "https://scholar.google.com/citations?user=LDb4tb0AAAAJ"
    },
    {
      "name": "Ralph R. Martin",
      "scholar_id": "INLQHkrsd2QJ",
      "url": "https://scholar.google.com/citations?user=INLQHkrsd2QJ"
    },
    {
      "name": "Zheng-Ning liu",
      "scholar_id": "wjPqa9EAAAAJ",
      "url": "https://scholar.google.com/citations?user=wjPqa9EAAAAJ"
    },
    {
      "name": "Meng-Hao Guo",
      "scholar_id": "DnXVAgcAAAAJ",
      "url": "https://scholar.google.com/citations?user=DnXVAgcAAAAJ"
    },
    {
      "name": "Jun-Xiong Cai",
      "scholar_id": "RqEVaosAAAAJ",
      "url": "https://scholar.google.com/citations?user=RqEVaosAAAAJ"
    },
    {
      "name": "Song-Hai Zhang",
      "scholar_id": "AWtV-EQAAAAJ",
      "url": "https://scholar.google.com/citations?user=AWtV-EQAAAAJ"
    },
    {
      "name": "Ming-Ming Cheng",
      "scholar_id": "huWpVyEAAAAJ",
      "url": "https://scholar.google.com/citations?user=huWpVyEAAAAJ"
    },
    {
      "name": "Jiahui Huang",
      "scholar_id": "3Cuki_wAAAAJ",
      "url": "https://scholar.google.com/citations?user=3Cuki_wAAAAJ"
    },
    {
      "name": "Shi-Sheng Huang",
      "scholar_id": "5m5qVKsAAAAJ",
      "url": "https://scholar.google.com/citations?user=5m5qVKsAAAAJ"
    },
    {
      "name": "Tian-Xing Xu",
      "scholar_id": "zHp0rMIAAAAJ",
      "url": "https://scholar.google.com/citations?user=zHp0rMIAAAAJ"
    },
    {
      "name": "Kun Xu",
      "scholar_id": "W2XJUmUAAAAJ",
      "url": "https://scholar.google.com/citations?user=W2XJUmUAAAAJ"
    },
    {
      "name": "Hongbo Fu",
      "scholar_id": "S7D5ygcAAAAJ",
      "url": "https://scholar.google.com/citations?user=S7D5ygcAAAAJ"
    },
    {
      "name": "Yu-Kun Lai",
      "scholar_id": "0i-Nzv0AAAAJ",
      "url": "https://scholar.google.com/citations?user=0i-Nzv0AAAAJ"
    },
    {
      "name": "Sharon X. Huang",
      "scholar_id": "iTtzc1UAAAAJ",
      "url": "https://scholar.google.com/citations?user=iTtzc1UAAAAJ"
    },
    {
      "name": "Zeyu Ma",
      "scholar_id": "45XMX24AAAAJ",
      "url": "https://scholar.google.com/citations?user=45XMX24AAAAJ"
    },
    {
      "name": "Qibin Hou",
      "scholar_id": "fF8OFV8AAAAJ",
      "url": "https://scholar.google.com/citations?user=fF8OFV8AAAAJ"
    },
    {
      "name": "Zhe Zhu(朱哲)",
      "scholar_id": "aDxWTxgAAAAJ",
      "url": "https://scholar.google.com/citations?user=aDxWTxgAAAAJ"
    },
    {
      "name": "Shao-Kui Zhang",
      "scholar_id": "yoad2jgAAAAJ",
      "url": "https://scholar.google.com/citations?user=yoad2jgAAAAJ"
    },
    {
      "name": "Tailing Yuan",
      "scholar_id": "1VOkQnwAAAAJ",
      "url": "https://scholar.google.com/citations?user=1VOkQnwAAAAJ"
    },
    {
      "name": "Yoli Shavit",
      "scholar_id": "te9b4X0AAAAJ",
      "url": "https://scholar.google.com/citations?user=te9b4X0AAAAJ"
    }
  ]
}