{
  "author_info": {
    "name": "Phanwadee Sinthong",
    "affiliation": "Unknown affiliation",
    "email_verified": "Verified email at uci.edu",
    "interests": [
      "Data engineering",
      "Data management",
      "Big data analysis",
      "Distributed systems"
    ],
    "photo_url": "https://scholar.googleusercontent.com/citations?view_op=view_photo&user=cYkA19sAAAAJ&citpid=1"
  },
  "citation_stats": {
    "citations_all": 3848,
    "citations_since_2020": 3839,
    "h_index_all": 8,
    "h_index_since_2020": 8,
    "i10_index_all": 8,
    "i10_index_since_2020": 8,
    "citation_graph": [
      {
        "year": 2020,
        "citations": 12
      },
      {
        "year": 2021,
        "citations": 22
      },
      {
        "year": 2022,
        "citations": 10
      },
      {
        "year": 2023,
        "citations": 189
      },
      {
        "year": 2024,
        "citations": 1261
      },
      {
        "year": 2025,
        "citations": 2318
      }
    ]
  },
  "papers": [
    {
      "title": "Memory-Efficient Batching for Time Series Transformer Training: A Systematic Evaluation.",
      "url": "https://scholar.google.com/citations?view_op=view_citation&hl=en&user=cYkA19sAAAAJ&citation_for_view=cYkA19sAAAAJ:5nxA0vEk-isC",
      "authors": "P Sinthong, N Nguyen, V Ekambaram, A Jati, J Kalagnanam, P Koad",
      "venue": "Algorithms 18 (6), 2025",
      "year": 2025,
      "citations": 1
    },
    {
      "title": "Hyperparameter optimization",
      "url": "https://scholar.google.com/citations?view_op=view_citation&hl=en&user=cYkA19sAAAAJ&citation_for_view=cYkA19sAAAAJ:0EnyYjriUFMC",
      "authors": "P SINTHONG, NH Nguyen, A Jati, V Ekambaram, JR Kalagnanam",
      "venue": "US Patent App. 18/507,046, 2025",
      "year": 2025,
      "citations": 0
    },
    {
      "title": "Tsmixer: Lightweight mlp-mixer model for multivariate time series forecasting",
      "url": "https://scholar.google.com/citations?view_op=view_citation&hl=en&user=cYkA19sAAAAJ&citation_for_view=cYkA19sAAAAJ:zYLM7Y9cAGgC",
      "authors": "V Ekambaram, A Jati, N Nguyen, P Sinthong, J Kalagnanam",
      "venue": "Proceedings of the 29th ACM SIGKDD conference on knowledge discovery and …, 2023",
      "year": 2023,
      "citations": 367
    },
    {
      "title": "A time series is worth 64 words: long-term forecasting with transformers (2022)",
      "url": "https://scholar.google.com/citations?view_op=view_citation&hl=en&user=cYkA19sAAAAJ&citation_for_view=cYkA19sAAAAJ:Se3iqnhoufwC",
      "authors": "Y Nie, NH Nguyen, P Sinthong, J Kalagnanam",
      "venue": "arXiv preprint arXiv:2211.14730, 2023",
      "year": 2023,
      "citations": 55
    },
    {
      "title": "A Time Series is Worth 64 Words: Long-term Forecasting with Transformers (arXiv: 2211.14730). arXiv",
      "url": "https://scholar.google.com/citations?view_op=view_citation&hl=en&user=cYkA19sAAAAJ&citation_for_view=cYkA19sAAAAJ:MXK_kJrjxJIC",
      "authors": "Y Nie, NH Nguyen, P Sinthong, J Kalagnanam",
      "venue": "",
      "citations": 7,
      "year": 2023
    },
    {
      "title": "A time series is worth 64 words: Long-term forecasting with Transformers (arXiv: 2211.14730)",
      "url": "https://scholar.google.com/citations?view_op=view_citation&hl=en&user=cYkA19sAAAAJ&citation_for_view=cYkA19sAAAAJ:8k81kl-MbHgC",
      "authors": "Y Nie, NH Nguyen, P Sinthong, J Kalagnanam",
      "venue": "arXiv, 2023",
      "year": 2023,
      "citations": 7
    },
    {
      "title": "A Time Series is Worth 64Words: Long-term Forecasting with Transformers",
      "url": "https://scholar.google.com/citations?view_op=view_citation&hl=en&user=cYkA19sAAAAJ&citation_for_view=cYkA19sAAAAJ:kNdYIx-mwKoC",
      "authors": "Y Nie",
      "venue": "arXiv preprint arXiv:2211.14730, 2022",
      "year": 2022,
      "citations": 3220
    },
    {
      "title": "A time series is worth 64 words: Long-term forecasting with transformers. arXiv 2022",
      "url": "https://scholar.google.com/citations?view_op=view_citation&hl=en&user=cYkA19sAAAAJ&citation_for_view=cYkA19sAAAAJ:ufrVoPGSRksC",
      "authors": "Y Nie, NH Nguyen, P Sinthong, J Kalagnanam",
      "venue": "arXiv preprint arXiv:2211.14730, 2022",
      "year": 2022,
      "citations": 92
    },
    {
      "title": "A time series is worth 64 words: Long-term forecasting with transformers. arXiv preprint",
      "url": "https://scholar.google.com/citations?view_op=view_citation&hl=en&user=cYkA19sAAAAJ&citation_for_view=cYkA19sAAAAJ:ULOm3_A8WrAC",
      "authors": "Y Nie, NH Nguyen, P Sinthong, J Kalagnanam",
      "venue": "arXiv preprint arXiv:2211.14730, 2022",
      "year": 2022,
      "citations": 5
    },
    {
      "title": "A time series is worth 64 words: Long-term forecasting with transformers, CoRR abs/2211.14730 (2022)",
      "url": "https://scholar.google.com/citations?view_op=view_citation&hl=en&user=cYkA19sAAAAJ&citation_for_view=cYkA19sAAAAJ:KlAtU1dfN6UC",
      "authors": "Y Nie, NH Nguyen, P Sinthong, J Kalagnanam",
      "venue": "arXiv preprint arXiv:2211.14730, 2022",
      "year": 2022,
      "citations": 2
    },
    {
      "title": "DQDF: data-quality-aware dataframes",
      "url": "https://scholar.google.com/citations?view_op=view_citation&hl=en&user=cYkA19sAAAAJ&citation_for_view=cYkA19sAAAAJ:W7OEmFMy1HYC",
      "authors": "P Sinthong, D Patel, N Zhou, S Shrivastava, A Iyengar, A Bhamidipaty",
      "venue": "Proceedings of the VLDB Endowment 15 (4), 949-957, 2021",
      "year": 2021,
      "citations": 11
    },
    {
      "title": "PolyFrame: A retargetable query-based approach to scaling dataframes",
      "url": "https://scholar.google.com/citations?view_op=view_citation&hl=en&user=cYkA19sAAAAJ&citation_for_view=cYkA19sAAAAJ:9yKSN-GCB0IC",
      "authors": "P Sinthong, MJ Carey",
      "venue": "Proceedings of the VLDB Endowment 14 (11), 2296-2304, 2021",
      "year": 2021,
      "citations": 11
    },
    {
      "title": "Exploratory data analysis with database-backed dataframes: A case study on airbnb data",
      "url": "https://scholar.google.com/citations?view_op=view_citation&hl=en&user=cYkA19sAAAAJ&citation_for_view=cYkA19sAAAAJ:qjMakFHDy7sC",
      "authors": "P Sinthong, MJ Carey",
      "venue": "2021 IEEE International Conference on Big Data (Big Data), 3119-3129, 2021",
      "year": 2021,
      "citations": 4
    },
    {
      "title": "PolyFrame: A retargetable query-based approach to scaling dataframes (extended version)",
      "url": "https://scholar.google.com/citations?view_op=view_citation&hl=en&user=cYkA19sAAAAJ&citation_for_view=cYkA19sAAAAJ:Tyk-4Ss8FVUC",
      "authors": "P Sinthong, MJ Carey",
      "venue": "arXiv preprint arXiv:2010.05529, 2020",
      "year": 2020,
      "citations": 3
    },
    {
      "title": "Scaling DNN-based video analysis by coarse-grained and fine-grained parallelism",
      "url": "https://scholar.google.com/citations?view_op=view_citation&hl=en&user=cYkA19sAAAAJ&citation_for_view=cYkA19sAAAAJ:u-x6o8ySG0sC",
      "authors": "P Sinthong, K Mahadik, S Sarkhel, S Mitra",
      "venue": "2020 IEEE International Conference on Multimedia and Expo (ICME), 1-6, 2020",
      "year": 2020,
      "citations": 3
    },
    {
      "title": "Aframe: Extending dataframes for large-scale modern data analysis",
      "url": "https://scholar.google.com/citations?view_op=view_citation&hl=en&user=cYkA19sAAAAJ&citation_for_view=cYkA19sAAAAJ:UeHWp8X0CEIC",
      "authors": "P Sinthong, MJ Carey",
      "venue": "2019 IEEE International Conference on Big Data (Big Data), 359-371, 2019",
      "year": 2019,
      "citations": 25
    },
    {
      "title": "AFrame: Extending DataFrames for large-scale modern data analysis (Extended Version)",
      "url": "https://scholar.google.com/citations?view_op=view_citation&hl=en&user=cYkA19sAAAAJ&citation_for_view=cYkA19sAAAAJ:eQOLeE2rZwMC",
      "authors": "P Sinthong, MJ Carey",
      "venue": "arXiv preprint arXiv:1908.06719, 2019",
      "year": 2019,
      "citations": 8
    },
    {
      "title": "End-to-end machine learning with Apache AsterixDB",
      "url": "https://scholar.google.com/citations?view_op=view_citation&hl=en&user=cYkA19sAAAAJ&citation_for_view=cYkA19sAAAAJ:u5HHmVD_uO8C",
      "authors": "W Alkowaileet, S Alsubaiee, MJ Carey, C Li, H Ramampiaro, P Sinthong, ...",
      "venue": "Proceedings of the Second Workshop on Data Management for End-To-End Machine …, 2018",
      "year": 2018,
      "citations": 17
    },
    {
      "title": "Enhancing big data with semantics: The AsterixDB approach (poster)",
      "url": "https://scholar.google.com/citations?view_op=view_citation&hl=en&user=cYkA19sAAAAJ&citation_for_view=cYkA19sAAAAJ:Y0pCki6q_DkC",
      "authors": "W Alkowaileet, S Alsubaiee, M Carey, C Li, H Ramampiaro, P Sinthong, ...",
      "venue": "2018 IEEE 12th International Conference on Semantic Computing (ICSC), 314-315, 2018",
      "year": 2018,
      "citations": 5
    },
    {
      "title": "Words: Long-term Forecasting with Transformers,(2023)",
      "url": "https://scholar.google.com/citations?view_op=view_citation&hl=en&user=cYkA19sAAAAJ&citation_for_view=cYkA19sAAAAJ:3fE2CSJIrl8C",
      "authors": "Y Nie, NH Nguyen, P Sinthong, J Kalagnanam, ATS is Worth",
      "venue": "International Conference on Learning Representations (ICLR 2023), 64",
      "year": 64,
      "citations": 5
    }
  ],
  "co_authors": [
    {
      "name": "Yuqi Nie",
      "scholar_id": "GBS7CdkAAAAJ",
      "url": "https://scholar.google.com/citations?user=GBS7CdkAAAAJ"
    },
    {
      "name": "jayant kalagnanam",
      "scholar_id": "dlytHK4AAAAJ",
      "url": "https://scholar.google.com/citations?user=dlytHK4AAAAJ"
    },
    {
      "name": "Vijay Ekambaram",
      "scholar_id": "xBgnlFMAAAAJ",
      "url": "https://scholar.google.com/citations?user=xBgnlFMAAAAJ"
    },
    {
      "name": "Arindam Jati",
      "scholar_id": "Gzal1y8AAAAJ",
      "url": "https://scholar.google.com/citations?user=Gzal1y8AAAAJ"
    },
    {
      "name": "Michael J. Carey",
      "scholar_id": "B8tFrksAAAAJ",
      "url": "https://scholar.google.com/citations?user=B8tFrksAAAAJ"
    },
    {
      "name": "Nam H. Nguyen",
      "scholar_id": "zzBcUpEAAAAJ",
      "url": "https://scholar.google.com/citations?user=zzBcUpEAAAAJ"
    },
    {
      "name": "Chen Li",
      "scholar_id": "BRMbGhgAAAAJ",
      "url": "https://scholar.google.com/citations?user=BRMbGhgAAAAJ"
    },
    {
      "name": "Xikui Wang",
      "scholar_id": "PYf9Mi4AAAAJ",
      "url": "https://scholar.google.com/citations?user=PYf9Mi4AAAAJ"
    },
    {
      "name": "Heri Ramampiaro",
      "scholar_id": "3H_HYnIAAAAJ",
      "url": "https://scholar.google.com/citations?user=3H_HYnIAAAAJ"
    },
    {
      "name": "Wail Y. Alkowaileet",
      "scholar_id": "5YpsSbQAAAAJ",
      "url": "https://scholar.google.com/citations?user=5YpsSbQAAAAJ"
    },
    {
      "name": "Anuradha Bhamidipaty",
      "scholar_id": "4ZzrL-AAAAAJ",
      "url": "https://scholar.google.com/citations?user=4ZzrL-AAAAAJ"
    },
    {
      "name": "Arun Iyengar",
      "scholar_id": "Pn0Tmj4AAAAJ",
      "url": "https://scholar.google.com/citations?user=Pn0Tmj4AAAAJ"
    },
    {
      "name": "Nianjun Zhou",
      "scholar_id": "QUh5Ho0AAAAJ",
      "url": "https://scholar.google.com/citations?user=QUh5Ho0AAAAJ"
    },
    {
      "name": "Dhaval Patel",
      "scholar_id": "c06_VJAAAAAJ",
      "url": "https://scholar.google.com/citations?user=c06_VJAAAAAJ"
    },
    {
      "name": "Shrey Shrivastava",
      "scholar_id": "Wz4MgfAAAAAJ",
      "url": "https://scholar.google.com/citations?user=Wz4MgfAAAAAJ"
    },
    {
      "name": "Pankaj Dayama",
      "scholar_id": "dDpul0QAAAAJ",
      "url": "https://scholar.google.com/citations?user=dDpul0QAAAAJ"
    }
  ]
}