{
  "author_info": {
    "name": "Linjing You",
    "affiliation": "Institute of Automation, Chinese Academy of Sciences",
    "email_verified": "Verified email at ia.ac.cn",
    "interests": [
      "AI"
    ],
    "photo_url": "https://scholar.googleusercontent.com/citations?view_op=view_photo&user=Onz2JF0AAAAJ&citpid=2"
  },
  "citation_stats": {
    "citations_all": 43,
    "citations_since_2020": 43,
    "h_index_all": 3,
    "h_index_since_2020": 3,
    "i10_index_all": 1,
    "i10_index_since_2020": 1,
    "citation_graph": [
      {
        "year": 2022,
        "citations": 2
      },
      {
        "year": 2023,
        "citations": 12
      },
      {
        "year": 2024,
        "citations": 29
      }
    ]
  },
  "papers": [
    {
      "title": "Probabilistic contrastive test-time adaptation",
      "url": "https://scholar.google.com/citations?view_op=view_citation&hl=en&user=Onz2JF0AAAAJ&citation_for_view=Onz2JF0AAAAJ:9yKSN-GCB0IC",
      "authors": "L You, J Lu, X Huang",
      "venue": "ICASSP 2025-2025 IEEE International Conference on Acoustics, Speech and …, 2025",
      "year": 2025,
      "citations": 1
    },
    {
      "title": "G2IFS: Global-to-Instance Feature Selection in Deep Recommender System",
      "url": "https://scholar.google.com/citations?view_op=view_citation&hl=en&user=Onz2JF0AAAAJ&citation_for_view=Onz2JF0AAAAJ:UeHWp8X0CEIC",
      "authors": "L Chen, L You, J Lu, X Huang, X Nie",
      "venue": "Proceedings of the 34th ACM International Conference on Information and …, 2025",
      "year": 2025,
      "citations": 0
    },
    {
      "title": "FRET: Feature Redundancy Elimination for Test Time Adaptation",
      "url": "https://scholar.google.com/citations?view_op=view_citation&hl=en&user=Onz2JF0AAAAJ&citation_for_view=Onz2JF0AAAAJ:qjMakFHDy7sC",
      "authors": "L You, J Lu, X Huang, X Nie",
      "venue": "arXiv preprint arXiv:2505.10641, 2025",
      "year": 2025,
      "citations": 0
    },
    {
      "title": "Test-time Correlation Alignment",
      "url": "https://scholar.google.com/citations?view_op=view_citation&hl=en&user=Onz2JF0AAAAJ&citation_for_view=Onz2JF0AAAAJ:2osOgNQ5qMEC",
      "authors": "L You, J Lu, X Huang",
      "venue": "arXiv preprint arXiv:2505.00533, 2025",
      "year": 2025,
      "citations": 0
    },
    {
      "title": "Achieving stable and effective stick-slip motions of piezoelectric actuators with a small mass rotor by means of the auxiliary friction",
      "url": "https://scholar.google.com/citations?view_op=view_citation&hl=en&user=Onz2JF0AAAAJ&citation_for_view=Onz2JF0AAAAJ:u-x6o8ySG0sC",
      "authors": "H Huang, L You, Y Wu, Z Xu, X Li",
      "venue": "IEEE Transactions on Industrial Electronics 71 (10), 12835-12845, 2024",
      "year": 2024,
      "citations": 27
    },
    {
      "title": "Monocular 6-dof pose estimation of spacecrafts utilizing self-iterative optimization and motion consistency",
      "url": "https://scholar.google.com/citations?view_op=view_citation&hl=en&user=Onz2JF0AAAAJ&citation_for_view=Onz2JF0AAAAJ:u5HHmVD_uO8C",
      "authors": "Y Zhang, L You, L Yang, Z Zhang, X Nie, B Zhang",
      "venue": "Proceedings of the IEEE/CVF Conference on Computer Vision and Pattern …, 2024",
      "year": 2024,
      "citations": 9
    },
    {
      "title": "An inertial piezoelectric actuator with small structure but large loading capacity",
      "url": "https://scholar.google.com/citations?view_op=view_citation&hl=en&user=Onz2JF0AAAAJ&citation_for_view=Onz2JF0AAAAJ:d1gkVwhDpl0C",
      "authors": "Y Cao, Z Xu, L You, Y Wu, H Huang",
      "venue": "Review of Scientific Instruments 92 (8), 2021",
      "year": 2021,
      "citations": 6
    }
  ],
  "co_authors": []
}