{
  "author_info": {
    "name": "Qichao Zhang",
    "affiliation": "中国科学院自动化研究所",
    "email_verified": "Verified email at ia.ac.cn",
    "interests": [
      "人工智能 强化学习 博弈论 自适应动态规划"
    ],
    "photo_url": "/citations/images/avatar_scholar_128.png"
  },
  "citation_stats": {
    "citations_all": 3241,
    "citations_since_2020": 2643,
    "h_index_all": 26,
    "h_index_since_2020": 25,
    "i10_index_all": 43,
    "i10_index_since_2020": 42,
    "citation_graph": [
      {
        "year": 2016,
        "citations": 33
      },
      {
        "year": 2017,
        "citations": 122
      },
      {
        "year": 2018,
        "citations": 199
      },
      {
        "year": 2019,
        "citations": 237
      },
      {
        "year": 2020,
        "citations": 302
      },
      {
        "year": 2021,
        "citations": 330
      },
      {
        "year": 2022,
        "citations": 424
      },
      {
        "year": 2023,
        "citations": 467
      },
      {
        "year": 2024,
        "citations": 537
      },
      {
        "year": 2025,
        "citations": 576
      }
    ]
  },
  "papers": [
    {
      "title": "Monoocc: Digging into monocular semantic occupancy prediction",
      "url": "https://scholar.google.com/citations?view_op=view_citation&hl=en&user=snkECPAAAAAJ&citation_for_view=snkECPAAAAAJ:NMxIlDl6LWMC",
      "authors": "Y Zheng, X Li, P Li, Y Zheng, B Jin, C Zhong, X Long, H Zhao, Q Zhang",
      "venue": "2024 IEEE International Conference on Robotics and Automation (ICRA), 18398 …, 2024",
      "year": 2024,
      "citations": 45
    },
    {
      "title": "Planagent: A multi-modal large language agent for closed-loop vehicle motion planning",
      "url": "https://scholar.google.com/citations?view_op=view_citation&hl=en&user=snkECPAAAAAJ&citation_for_view=snkECPAAAAAJ:O3NaXMp0MMsC",
      "authors": "Y Zheng, Z Xing, Q Zhang, B Jin, P Li, Y Zheng, Z Xia, K Zhan, X Lang, ...",
      "venue": "arXiv preprint arXiv:2406.01587, 2024",
      "year": 2024,
      "citations": 39
    },
    {
      "title": "Steps: Joint self-supervised nighttime image enhancement and depth estimation",
      "url": "https://scholar.google.com/citations?view_op=view_citation&hl=en&user=snkECPAAAAAJ&citation_for_view=snkECPAAAAAJ:k_IJM867U9cC",
      "authors": "Y Zheng, C Zhong, P Li, H Gao, Y Zheng, B Jin, L Wang, H Zhao, G Zhou, ...",
      "venue": "arXiv preprint arXiv:2302.01334, 2023",
      "year": 2023,
      "citations": 63
    },
    {
      "title": "Offline reinforcement learning for autonomous driving with real world driving data",
      "url": "https://scholar.google.com/citations?view_op=view_citation&hl=en&user=snkECPAAAAAJ&citation_for_view=snkECPAAAAAJ:r0BpntZqJG4C",
      "authors": "X Fang, Q Zhang, Y Gao, D Zhao",
      "venue": "2022 IEEE 25th International Conference on Intelligent Transportation …, 2022",
      "year": 2022,
      "citations": 56
    },
    {
      "title": "Trajgen: Generating realistic and diverse trajectories with reactive and feasible agent behaviors for autonomous driving",
      "url": "https://scholar.google.com/citations?view_op=view_citation&hl=en&user=snkECPAAAAAJ&citation_for_view=snkECPAAAAAJ:_Qo2XoVZTnwC",
      "authors": "Q Zhang, Y Gao, Y Zhang, Y Guo, D Ding, Y Wang, P Sun, D Zhao",
      "venue": "IEEE Transactions on Intelligent Transportation Systems 23 (12), 24474-24487, 2022",
      "year": 2022,
      "citations": 55
    },
    {
      "title": "Highway lane change decision-making via attention-based deep reinforcement learning",
      "url": "https://scholar.google.com/citations?view_op=view_citation&hl=en&user=snkECPAAAAAJ&citation_for_view=snkECPAAAAAJ:HDshCWvjkbEC",
      "authors": "J Wang, Q Zhang, D Zhao",
      "venue": "IEEE/CAA Journal of Automatica Sinica 9 (3), 567-569, 2021",
      "year": 2021,
      "citations": 70
    },
    {
      "title": "Bifnet: Bidirectional fusion network for road segmentation",
      "url": "https://scholar.google.com/citations?view_op=view_citation&hl=en&user=snkECPAAAAAJ&citation_for_view=snkECPAAAAAJ:L8Ckcad2t8MC",
      "authors": "H Li, Y Chen, Q Zhang, D Zhao",
      "venue": "IEEE transactions on cybernetics 52 (9), 8617-8628, 2021",
      "year": 2021,
      "citations": 40
    },
    {
      "title": "Deep reinforcement learning-based automatic exploration for navigation in unknown environment",
      "url": "https://scholar.google.com/citations?view_op=view_citation&hl=en&user=snkECPAAAAAJ&citation_for_view=snkECPAAAAAJ:4DMP91E08xMC",
      "authors": "H Li, Q Zhang, D Zhao",
      "venue": "IEEE transactions on neural networks and learning systems 31 (6), 2064-2076, 2019",
      "year": 2019,
      "citations": 293
    },
    {
      "title": "Lane change decision-making through deep reinforcement learning with rule-based constraints",
      "url": "https://scholar.google.com/citations?view_op=view_citation&hl=en&user=snkECPAAAAAJ&citation_for_view=snkECPAAAAAJ:4TOpqqG69KYC",
      "authors": "J Wang, Q Zhang, D Zhao, Y Chen",
      "venue": "2019 International Joint Conference on Neural Networks (IJCNN), 1-6, 2019",
      "year": 2019,
      "citations": 222
    },
    {
      "title": "Reinforcement learning and deep learning based lateral control for autonomous driving [application notes]",
      "url": "https://scholar.google.com/citations?view_op=view_citation&hl=en&user=snkECPAAAAAJ&citation_for_view=snkECPAAAAAJ:M3ejUd6NZC8C",
      "authors": "D Li, D Zhao, Q Zhang, Y Chen",
      "venue": "IEEE Computational Intelligence Magazine 14 (2), 83-98, 2019",
      "year": 2019,
      "citations": 209
    },
    {
      "title": "Multi-task learning for dangerous object detection in autonomous driving",
      "url": "https://scholar.google.com/citations?view_op=view_citation&hl=en&user=snkECPAAAAAJ&citation_for_view=snkECPAAAAAJ:roLk4NBRz8UC",
      "authors": "Y Chen, D Zhao, L Lv, Q Zhang",
      "venue": "Information Sciences 432, 559-571, 2018",
      "year": 2018,
      "citations": 168
    },
    {
      "title": "Data-based reinforcement learning for nonzero-sum games with unknown drift dynamics",
      "url": "https://scholar.google.com/citations?view_op=view_citation&hl=en&user=snkECPAAAAAJ&citation_for_view=snkECPAAAAAJ:5nxA0vEk-isC",
      "authors": "Q Zhang, D Zhao",
      "venue": "IEEE Transactions on Cybernetics 49 (8), 2874-2885, 2018",
      "year": 2018,
      "citations": 118
    },
    {
      "title": "Policy Iteration for  Optimal Control of Polynomial Nonlinear Systems via Sum of Squares Programming",
      "url": "https://scholar.google.com/citations?view_op=view_citation&hl=en&user=snkECPAAAAAJ&citation_for_view=snkECPAAAAAJ:IjCSPb-OGe4C",
      "authors": "Y Zhu, D Zhao, X Yang, Q Zhang",
      "venue": "IEEE transactions on cybernetics 48 (2), 500-509, 2017",
      "year": 2017,
      "citations": 83
    },
    {
      "title": "Data-driven adaptive dynamic programming for continuous-time fully cooperative games with partially constrained inputs",
      "url": "https://scholar.google.com/citations?view_op=view_citation&hl=en&user=snkECPAAAAAJ&citation_for_view=snkECPAAAAAJ:zYLM7Y9cAGgC",
      "authors": "Q Zhang, D Zhao, Y Zhu",
      "venue": "Neurocomputing 238, 377-386, 2017",
      "year": 2017,
      "citations": 71
    },
    {
      "title": "Model-free optimal control based intelligent cruise control with hardware-in-the-loop demonstration [research frontier]",
      "url": "https://scholar.google.com/citations?view_op=view_citation&hl=en&user=snkECPAAAAAJ&citation_for_view=snkECPAAAAAJ:W7OEmFMy1HYC",
      "authors": "D Zhao, Z Xia, Q Zhang",
      "venue": "IEEE Computational Intelligence Magazine 12 (2), 56-69, 2017",
      "year": 2017,
      "citations": 48
    },
    {
      "title": "Event-Triggered  Control for Continuous-Time Nonlinear System via Concurrent Learning",
      "url": "https://scholar.google.com/citations?view_op=view_citation&hl=en&user=snkECPAAAAAJ&citation_for_view=snkECPAAAAAJ:d1gkVwhDpl0C",
      "authors": "Q Zhang, D Zhao, Y Zhu",
      "venue": "IEEE Transactions on Systems, Man, and Cybernetics: Systems 47 (7), 1071-1081, 2016",
      "year": 2016,
      "citations": 307
    },
    {
      "title": "Event-based robust control for uncertain nonlinear systems using adaptive dynamic programming",
      "url": "https://scholar.google.com/citations?view_op=view_citation&hl=en&user=snkECPAAAAAJ&citation_for_view=snkECPAAAAAJ:9yKSN-GCB0IC",
      "authors": "Q Zhang, D Zhao, D Wang",
      "venue": "IEEE transactions on neural networks and learning systems 29 (1), 37-50, 2016",
      "year": 2016,
      "citations": 203
    },
    {
      "title": "Event-based input-constrained nonlinear H∞ state feedback with adaptive critic and neural implementation",
      "url": "https://scholar.google.com/citations?view_op=view_citation&hl=en&user=snkECPAAAAAJ&citation_for_view=snkECPAAAAAJ:2osOgNQ5qMEC",
      "authors": "D Wang, C Mu, Q Zhang, D Liu",
      "venue": "Neurocomputing 214, 848-856, 2016",
      "year": 2016,
      "citations": 46
    },
    {
      "title": "Data-based adaptive critic designs for nonlinear robust optimal control with uncertain dynamics",
      "url": "https://scholar.google.com/citations?view_op=view_citation&hl=en&user=snkECPAAAAAJ&citation_for_view=snkECPAAAAAJ:u5HHmVD_uO8C",
      "authors": "D Wang, D Liu, Q Zhang, D Zhao",
      "venue": "IEEE Transactions on Systems, Man, and Cybernetics: Systems 46 (11), 1544-1555, 2015",
      "year": 2015,
      "citations": 233
    },
    {
      "title": "Experience replay for optimal control of nonzero-sum game systems with unknown dynamics",
      "url": "https://scholar.google.com/citations?view_op=view_citation&hl=en&user=snkECPAAAAAJ&citation_for_view=snkECPAAAAAJ:u-x6o8ySG0sC",
      "authors": "D Zhao, Q Zhang, D Wang, Y Zhu",
      "venue": "IEEE transactions on cybernetics 46 (3), 854-865, 2015",
      "year": 2015,
      "citations": 231
    }
  ],
  "co_authors": []
}