{
  "author_info": {
    "name": "Junyong Noh",
    "affiliation": "KAIST",
    "email_verified": "Verified email at kaist.ac.kr - Homepage",
    "website": "http://vml.kaist.ac.kr/",
    "interests": [
      "Facial/Character Animation",
      "VR/AR",
      "Immersive Display"
    ],
    "photo_url": "https://scholar.googleusercontent.com/citations?view_op=view_photo&user=u75_aBgAAAAJ&citpid=1"
  },
  "citation_stats": {
    "citations_all": 3019,
    "citations_since_2020": 1042,
    "h_index_all": 25,
    "h_index_since_2020": 16,
    "i10_index_all": 52,
    "i10_index_since_2020": 32,
    "citation_graph": [
      {
        "year": 2001,
        "citations": 19
      },
      {
        "year": 2002,
        "citations": 44
      },
      {
        "year": 2003,
        "citations": 77
      },
      {
        "year": 2004,
        "citations": 62
      },
      {
        "year": 2005,
        "citations": 81
      },
      {
        "year": 2006,
        "citations": 117
      },
      {
        "year": 2007,
        "citations": 109
      },
      {
        "year": 2008,
        "citations": 95
      },
      {
        "year": 2009,
        "citations": 89
      },
      {
        "year": 2010,
        "citations": 100
      },
      {
        "year": 2011,
        "citations": 105
      },
      {
        "year": 2012,
        "citations": 99
      },
      {
        "year": 2013,
        "citations": 139
      },
      {
        "year": 2014,
        "citations": 136
      },
      {
        "year": 2015,
        "citations": 130
      },
      {
        "year": 2016,
        "citations": 119
      },
      {
        "year": 2017,
        "citations": 140
      },
      {
        "year": 2018,
        "citations": 156
      },
      {
        "year": 2019,
        "citations": 127
      },
      {
        "year": 2020,
        "citations": 136
      },
      {
        "year": 2021,
        "citations": 142
      },
      {
        "year": 2022,
        "citations": 138
      },
      {
        "year": 2023,
        "citations": 183
      },
      {
        "year": 2024,
        "citations": 201
      },
      {
        "year": 2025,
        "citations": 240
      }
    ]
  },
  "papers": [
    {
      "title": "22.1 A 1.1 V 16GB 640GB/s HBM2E DRAM with a data-bus window-extension technique and a synergetic on-die ECC scheme",
      "url": "https://scholar.google.com/citations?view_op=view_citation&hl=en&user=u75_aBgAAAAJ&citation_for_view=u75_aBgAAAAJ:buQ7SEKw-1sC",
      "authors": "CS Oh, KC Chun, YY Byun, YK Kim, SY Kim, Y Ryu, J Park, S Kim, S Cha, ...",
      "venue": "2020 IEEE International Solid-State Circuits Conference-(ISSCC), 330-332, 2020",
      "year": 2020,
      "citations": 70
    },
    {
      "title": "Physics-based full-body soccer motion control for dribbling and shooting",
      "url": "https://scholar.google.com/citations?view_op=view_citation&hl=en&user=u75_aBgAAAAJ&citation_for_view=u75_aBgAAAAJ:4X0JR2_MtJMC",
      "authors": "S Hong, D Han, K Cho, JS Shin, J Noh",
      "venue": "ACM Transactions on Graphics (TOG) 38 (4), 1-12, 2019",
      "year": 2019,
      "citations": 53
    },
    {
      "title": "Facial retargeting with automatic range of motion alignment",
      "url": "https://scholar.google.com/citations?view_op=view_citation&hl=en&user=u75_aBgAAAAJ&citation_for_view=u75_aBgAAAAJ:XD-gHx7UXLsC",
      "authors": "RBI Ribera, E Zell, JP Lewis, J Noh, M Botsch",
      "venue": "ACM Transactions on graphics (TOG) 36 (4), 1-12, 2017",
      "year": 2017,
      "citations": 62
    },
    {
      "title": "Rich360: optimized spherical representation from structured panoramic camera arrays",
      "url": "https://scholar.google.com/citations?view_op=view_citation&hl=en&user=u75_aBgAAAAJ&citation_for_view=u75_aBgAAAAJ:PELIpwtuRlgC",
      "authors": "J Lee, B Kim, K Kim, Y Kim, J Noh",
      "venue": "ACM Transactions on Graphics (TOG) 35 (4), 1-11, 2016",
      "year": 2016,
      "citations": 92
    },
    {
      "title": "SketchiMo: sketch-based motion editing for articulated characters",
      "url": "https://scholar.google.com/citations?view_op=view_citation&hl=en&user=u75_aBgAAAAJ&citation_for_view=u75_aBgAAAAJ:JoZmwDi-zQgC",
      "authors": "B Choi, RB i Ribera, JP Lewis, Y Seol, S Hong, H Eom, S Jung, J Noh",
      "venue": "ACM Transactions on Graphics (ToG) 35 (4), 1-12, 2016",
      "year": 2016,
      "citations": 58
    },
    {
      "title": "Data-driven control of flapping flight",
      "url": "https://scholar.google.com/citations?view_op=view_citation&hl=en&user=u75_aBgAAAAJ&citation_for_view=u75_aBgAAAAJ:GnPB-g6toBAC",
      "authors": "E Ju, J Won, J Lee, B Choi, J Noh, MG Choi",
      "venue": "ACM Transactions on Graphics (TOG) 32 (5), 1-12, 2013",
      "year": 2013,
      "citations": 67
    },
    {
      "title": "Spacetime expression cloning for blendshapes",
      "url": "https://scholar.google.com/citations?view_op=view_citation&hl=en&user=u75_aBgAAAAJ&citation_for_view=u75_aBgAAAAJ:roLk4NBRz8UC",
      "authors": "Y Seol, JP Lewis, J Seo, B Choi, K Anjyo, J Noh",
      "venue": "ACM Transactions on Graphics (TOG) 31 (2), 1-12, 2012",
      "year": 2012,
      "citations": 99
    },
    {
      "title": "Artist friendly facial animation retargeting",
      "url": "https://scholar.google.com/citations?view_op=view_citation&hl=en&user=u75_aBgAAAAJ&citation_for_view=u75_aBgAAAAJ:WF5omc3nYNoC",
      "authors": "Y Seol, J Seo, PH Kim, JP Lewis, J Noh",
      "venue": "ACM Transactions on Graphics (TOG) 30 (6), 1-10, 2011",
      "year": 2011,
      "citations": 80
    },
    {
      "title": "Compression and direct manipulation of complex blendshape models",
      "url": "https://scholar.google.com/citations?view_op=view_citation&hl=en&user=u75_aBgAAAAJ&citation_for_view=u75_aBgAAAAJ:YsMSGLbcyi4C",
      "authors": "J Seo, G Irving, JP Lewis, J Noh",
      "venue": "ACM Transactions on Graphics (TOG) 30 (6), 1-10, 2011",
      "year": 2011,
      "citations": 75
    },
    {
      "title": "Sketching of mirror-symmetric shapes",
      "url": "https://scholar.google.com/citations?view_op=view_citation&hl=en&user=u75_aBgAAAAJ&citation_for_view=u75_aBgAAAAJ:_FxGoFyzp5QC",
      "authors": "F Cordier, H Seo, J Park, JY Noh",
      "venue": "IEEE Transactions on Visualization and Computer Graphics 17 (11), 1650-1662, 2011",
      "year": 2011,
      "citations": 43
    },
    {
      "title": "Characteristic facial retargeting",
      "url": "https://scholar.google.com/citations?view_op=view_citation&hl=en&user=u75_aBgAAAAJ&citation_for_view=u75_aBgAAAAJ:8k81kl-MbHgC",
      "authors": "J Song, B Choi, Y Seol, J Noh",
      "venue": "Computer Animation and Virtual Worlds 22 (2‐3), 187-194, 2011",
      "year": 2011,
      "citations": 43
    },
    {
      "title": "A hybrid approach to multiple fluid simulation using volume fractions",
      "url": "https://scholar.google.com/citations?view_op=view_citation&hl=en&user=u75_aBgAAAAJ&citation_for_view=u75_aBgAAAAJ:IjCSPb-OGe4C",
      "authors": "N Kang, J Park, J Noh, SY Shin",
      "venue": "Computer Graphics Forum 29 (2), 685-694, 2010",
      "year": 2010,
      "citations": 55
    },
    {
      "title": "Computer facial animation: A survey",
      "url": "https://scholar.google.com/citations?view_op=view_citation&hl=en&user=u75_aBgAAAAJ&citation_for_view=u75_aBgAAAAJ:2osOgNQ5qMEC",
      "authors": "Z Deng, J Noh",
      "venue": "Data-driven 3D facial animation, 1-28, 2008",
      "year": 2008,
      "citations": 118
    },
    {
      "title": "A unified handling of immiscible and miscible fluids",
      "url": "https://scholar.google.com/citations?view_op=view_citation&hl=en&user=u75_aBgAAAAJ&citation_for_view=u75_aBgAAAAJ:UeHWp8X0CEIC",
      "authors": "J Park, Y Kim, D Wi, N Kang, SY Shin, J Noh",
      "venue": "Computer Animation and Virtual Worlds 19 (3‐4), 455-467, 2008",
      "year": 2008,
      "citations": 36
    },
    {
      "title": "Expression cloning",
      "url": "https://scholar.google.com/citations?view_op=view_citation&hl=en&user=u75_aBgAAAAJ&citation_for_view=u75_aBgAAAAJ:u5HHmVD_uO8C",
      "authors": "J Noh, U Neumann",
      "venue": "Proceedings of the 28th annual conference on Computer graphics and …, 2001",
      "year": 2001,
      "citations": 604
    },
    {
      "title": "Performance-driven facial animation: basic research on human judgments of emotional state in facial avatars",
      "url": "https://scholar.google.com/citations?view_op=view_citation&hl=en&user=u75_aBgAAAAJ&citation_for_view=u75_aBgAAAAJ:4MWp96NkSFoC",
      "authors": "AA Rizzo, U Neumann, R Enciso, D Fidaleo, JY Noh",
      "venue": "CyberPsychology & Behavior 4 (4), 471-487, 2001",
      "year": 2001,
      "citations": 68
    },
    {
      "title": "Animated deformations with radial basis functions",
      "url": "https://scholar.google.com/citations?view_op=view_citation&hl=en&user=u75_aBgAAAAJ&citation_for_view=u75_aBgAAAAJ:d1gkVwhDpl0C",
      "authors": "J Noh, D Fidaleo, U Neumann",
      "venue": "Proceedings of the ACM symposium on Virtual reality software and technology …, 2000",
      "year": 2000,
      "citations": 165
    },
    {
      "title": "Classification and volume morphing for performance-driven facial animation",
      "url": "https://scholar.google.com/citations?view_op=view_citation&hl=en&user=u75_aBgAAAAJ&citation_for_view=u75_aBgAAAAJ:9yKSN-GCB0IC",
      "authors": "D Fidaleo, JY Noh, T Kim, R Enciso, U Neumann",
      "venue": "International Workshop on Digital and Computational Video 10, 2000",
      "year": 2000,
      "citations": 48
    },
    {
      "title": "Synthesis of 3D faces",
      "url": "https://scholar.google.com/citations?view_op=view_citation&hl=en&user=u75_aBgAAAAJ&citation_for_view=u75_aBgAAAAJ:BwyfMAYsbu0C",
      "authors": "R Enciso, J Li, D Fidaleo, TY Kim, JY Noh, U Neumann",
      "venue": "International Workshop on Digital and Computational Video, 146-151, 1999",
      "year": 1999,
      "citations": 50
    },
    {
      "title": "A survey of facial modeling and animation techniques",
      "url": "https://scholar.google.com/citations?view_op=view_citation&hl=en&user=u75_aBgAAAAJ&citation_for_view=u75_aBgAAAAJ:u-x6o8ySG0sC",
      "authors": "J Noh, U Neumann",
      "venue": "USC Technical Report, 99–705, 1998",
      "year": 1998,
      "citations": 214
    }
  ],
  "co_authors": [
    {
      "name": "Byungkuk Choi",
      "scholar_id": "0Qntg6YAAAAJ",
      "url": "https://scholar.google.com/citations?user=0Qntg6YAAAAJ"
    },
    {
      "name": "Ulrich Neumann",
      "scholar_id": "MHet2VoAAAAJ",
      "url": "https://scholar.google.com/citations?user=MHet2VoAAAAJ"
    },
    {
      "name": "Kwanggyoon Seo",
      "scholar_id": "AQt43oYAAAAJ",
      "url": "https://scholar.google.com/citations?user=AQt43oYAAAAJ"
    },
    {
      "name": "J P Lewis",
      "scholar_id": "jGEPl8kAAAAJ",
      "url": "https://scholar.google.com/citations?user=jGEPl8kAAAAJ"
    },
    {
      "name": "Roger Blanco Ribera",
      "scholar_id": "-4IQLS8AAAAJ",
      "url": "https://scholar.google.com/citations?user=-4IQLS8AAAAJ"
    },
    {
      "name": "Jungjin Lee",
      "scholar_id": "a5JnQ_IAAAAJ",
      "url": "https://scholar.google.com/citations?user=a5JnQ_IAAAAJ"
    },
    {
      "name": "Bumki Kim",
      "scholar_id": "vxrvlMkAAAAJ",
      "url": "https://scholar.google.com/citations?user=vxrvlMkAAAAJ"
    },
    {
      "name": "Jaewoo Seo",
      "scholar_id": "3IOC9IsAAAAJ",
      "url": "https://scholar.google.com/citations?user=3IOC9IsAAAAJ"
    },
    {
      "name": "Jinho Park",
      "scholar_id": "BAK1ALoAAAAJ",
      "url": "https://scholar.google.com/citations?user=BAK1ALoAAAAJ"
    },
    {
      "name": "Seunghoon Cha",
      "scholar_id": "80ZfB5EAAAAJ",
      "url": "https://scholar.google.com/citations?user=80ZfB5EAAAAJ"
    },
    {
      "name": "Sung Yong Shin",
      "scholar_id": "63k_Uo4AAAAJ",
      "url": "https://scholar.google.com/citations?user=63k_Uo4AAAAJ"
    },
    {
      "name": "Sihun Cha",
      "scholar_id": "gwSV7H4AAAAJ",
      "url": "https://scholar.google.com/citations?user=gwSV7H4AAAAJ"
    },
    {
      "name": "Seokpyo Hong",
      "scholar_id": "sSkSSPIAAAAJ",
      "url": "https://scholar.google.com/citations?user=sSkSSPIAAAAJ"
    },
    {
      "name": "Chang Wook Seo",
      "scholar_id": "DyxGxDMAAAAJ",
      "url": "https://scholar.google.com/citations?user=DyxGxDMAAAAJ"
    },
    {
      "name": "Nahyup Kang",
      "scholar_id": "ob6L7lAAAAAJ",
      "url": "https://scholar.google.com/citations?user=ob6L7lAAAAAJ"
    },
    {
      "name": "Tae-Yong Kim",
      "scholar_id": "XR_SevEAAAAJ",
      "url": "https://scholar.google.com/citations?user=XR_SevEAAAAJ"
    },
    {
      "name": "Ken Anjyo",
      "scholar_id": "p3MSN8gAAAAJ",
      "url": "https://scholar.google.com/citations?user=p3MSN8gAAAAJ"
    },
    {
      "name": "Seonghyeon Kim",
      "scholar_id": "U4TSOdIAAAAJ",
      "url": "https://scholar.google.com/citations?user=U4TSOdIAAAAJ"
    },
    {
      "name": "Jehee Lee",
      "scholar_id": "YHlvUsAAAAAJ",
      "url": "https://scholar.google.com/citations?user=YHlvUsAAAAAJ"
    },
    {
      "name": "Xiaogang Jin",
      "scholar_id": "yryOvLwAAAAJ",
      "url": "https://scholar.google.com/citations?user=yryOvLwAAAAJ"
    }
  ]
}