{
  "author_info": {
    "name": "Dong Wang",
    "affiliation": "Dalian University of Technology",
    "email_verified": "Verified email at dlut.edu.cn",
    "interests": [
      "Computer Vision",
      "Image Processing",
      "Object Tracking",
      "Visual Tracking"
    ],
    "photo_url": "https://scholar.googleusercontent.com/citations?view_op=view_photo&user=nVgPQpoAAAAJ&citpid=3"
  },
  "citation_stats": {
    "citations_all": 17538,
    "citations_since_2020": 14794,
    "h_index_all": 54,
    "h_index_since_2020": 47,
    "i10_index_all": 69,
    "i10_index_since_2020": 67,
    "citation_graph": [
      {
        "year": 2013,
        "citations": 48
      },
      {
        "year": 2014,
        "citations": 135
      },
      {
        "year": 2015,
        "citations": 269
      },
      {
        "year": 2016,
        "citations": 314
      },
      {
        "year": 2017,
        "citations": 272
      },
      {
        "year": 2018,
        "citations": 562
      },
      {
        "year": 2019,
        "citations": 1109
      },
      {
        "year": 2020,
        "citations": 1451
      },
      {
        "year": 2021,
        "citations": 1823
      },
      {
        "year": 2022,
        "citations": 2174
      },
      {
        "year": 2023,
        "citations": 2567
      },
      {
        "year": 2024,
        "citations": 3355
      },
      {
        "year": 2025,
        "citations": 3397
      }
    ]
  },
  "papers": [
    {
      "title": "SeqTrack: Sequence to Sequence Learning for Visual Object Tracking",
      "url": "https://scholar.google.com/citations?view_op=view_citation&hl=en&user=nVgPQpoAAAAJ&citation_for_view=nVgPQpoAAAAJ:sJPMR1oEGYQC",
      "authors": "X Chen, H Peng*, D Wang*, H Lu, H Hu",
      "venue": "IEEE/CVF Conference on Computer Vision and Pattern Recognition (CVPR), 2023",
      "year": 2023,
      "citations": 469
    },
    {
      "title": "Visual Prompt Multi-modal Tracking",
      "url": "https://scholar.google.com/citations?view_op=view_citation&hl=en&user=nVgPQpoAAAAJ&citation_for_view=nVgPQpoAAAAJ:yY3RG6sOEgwC",
      "authors": "J Zhu, S Lai, X Chen, D Wang*, H Lu",
      "venue": "IEEE/CVF Conference on Computer Vision and Pattern Recognition (CVPR), 2023",
      "year": 2023,
      "citations": 391
    },
    {
      "title": "Universal Instance Perception as Object Discovery and Retrieval",
      "url": "https://scholar.google.com/citations?view_op=view_citation&hl=en&user=nVgPQpoAAAAJ&citation_for_view=nVgPQpoAAAAJ:wSy_KLzO7YEC",
      "authors": "B Yan, Y Jiang, J Wu, D Wang, P Luo, Z Yuan, H Lu",
      "venue": "IEEE/CVF Conference on Computer Vision and Pattern Recognition (CVPR), 2023",
      "year": 2023,
      "citations": 261
    },
    {
      "title": "Visible-Thermal UAV Tracking: A Large-Scale Benchmark and New Baseline",
      "url": "https://scholar.google.com/citations?view_op=view_citation&hl=en&user=nVgPQpoAAAAJ&citation_for_view=nVgPQpoAAAAJ:dAp6zn-oMfAC",
      "authors": "P Zhang, J Zhao, D Wang*, H Lu, X Ruan",
      "venue": "IEEE/CVF Conference on Computer Vision and Pattern Recognition (CVPR), 2022",
      "year": 2022,
      "citations": 269
    },
    {
      "title": "Transformer Tracking",
      "url": "https://scholar.google.com/citations?view_op=view_citation&hl=en&user=nVgPQpoAAAAJ&citation_for_view=nVgPQpoAAAAJ:LK8CI43ZvvMC",
      "authors": "X Chen, B Yan, J Zhu, D Wang*, X Yang, H Lu",
      "venue": "IEEE Conference on Computer Vision and Pattern Recognition (CVPR), 2021",
      "year": 2021,
      "citations": 1698
    },
    {
      "title": "Learning Spatio-Temporal Transformer for Visual Tracking",
      "url": "https://scholar.google.com/citations?view_op=view_citation&hl=en&user=nVgPQpoAAAAJ&citation_for_view=nVgPQpoAAAAJ:s85pQhAUCrAC",
      "authors": "B Yan, H Peng*, J Fu, D Wang*, H Lu",
      "venue": "International Conference on Computer Vision (ICCV), 2021",
      "year": 2021,
      "citations": 1336
    },
    {
      "title": "LightTrack: Finding Lightweight Neural Networks for Object Tracking via One-Shot Architecture Search",
      "url": "https://scholar.google.com/citations?view_op=view_citation&hl=en&user=nVgPQpoAAAAJ&citation_for_view=nVgPQpoAAAAJ:TaaCk18tZOkC",
      "authors": "B Yan, H Peng, K Wu, D Wang, J Fu, H Lu",
      "venue": "IEEE Conference on Computer Vision and Pattern Recognition (CVPR), 2021",
      "year": 2021,
      "citations": 301
    },
    {
      "title": "Alpha-Refine: Boosting Tracking Performance by Precise Bounding Box Estimation",
      "url": "https://scholar.google.com/citations?view_op=view_citation&hl=en&user=nVgPQpoAAAAJ&citation_for_view=nVgPQpoAAAAJ:zUl2_INMlC4C",
      "authors": "B Yan, X Zhang, D Wang*, H Lu, X Yang",
      "venue": "IEEE Conference on Computer Vision and Pattern Recognition (CVPR), 2021",
      "year": 2021,
      "citations": 298
    },
    {
      "title": "High-Performance Long-Term Tracking with Meta-Updater",
      "url": "https://scholar.google.com/citations?view_op=view_citation&hl=en&user=nVgPQpoAAAAJ&citation_for_view=nVgPQpoAAAAJ:silx2ntsSuwC",
      "authors": "K Dai, Y Zhang, D Wang*, J Li, H Lu, X Yang",
      "venue": "IEEE Conference on Computer Vision and Pattern Recognition (CVPR), 2020",
      "year": 2020,
      "citations": 356
    },
    {
      "title": "Visual Tracking via Adaptive Spatially-Regularized Correlation Filters",
      "url": "https://scholar.google.com/citations?view_op=view_citation&hl=en&user=nVgPQpoAAAAJ&citation_for_view=nVgPQpoAAAAJ:-nhnvRiOwuoC",
      "authors": "K Dai, D Wang*, H Lu, C Sun, J Li",
      "venue": "IEEE Conference on Computer Vision and Pattern Recognition (CVPR), 2019",
      "year": 2019,
      "citations": 521
    },
    {
      "title": "GradNet: Gradient-guided Network for Visual Object Tracking",
      "url": "https://scholar.google.com/citations?view_op=view_citation&hl=en&user=nVgPQpoAAAAJ&citation_for_view=nVgPQpoAAAAJ:An6A6Jpfc1oC",
      "authors": "P Li, B Chen, W Ouyang, D Wang*, X Yang, H Lu",
      "venue": "International Conference on Computer Vision (ICCV), 2019",
      "year": 2019,
      "citations": 413
    },
    {
      "title": "A Mutual Learning Method for Salient Object Detection with Intertwined Multi-Supervision",
      "url": "https://scholar.google.com/citations?view_op=view_citation&hl=en&user=nVgPQpoAAAAJ&citation_for_view=nVgPQpoAAAAJ:3bvyWxjaHKcC",
      "authors": "R Wu, M Feng, W Guan, D Wang*, H Lu, E Ding",
      "venue": "IEEE Conference on Computer Vision and Pattern Recognition (CVPR), 2019",
      "year": 2019,
      "citations": 304
    },
    {
      "title": "Deep Visual Tracking: Review and Experimental Comparison",
      "url": "https://scholar.google.com/citations?view_op=view_citation&hl=en&user=nVgPQpoAAAAJ&citation_for_view=nVgPQpoAAAAJ:PYBJJbyH-FwC",
      "authors": "P Li, D Wang, L Wang, H Lu",
      "venue": "Pattern Recognition (PR), 76, 323-338, 2018",
      "year": 2018,
      "citations": 598
    },
    {
      "title": "Motor Anomaly Detection for Unmanned Aerial Vehicles using Reinforcement Learning",
      "url": "https://scholar.google.com/citations?view_op=view_citation&hl=en&user=nVgPQpoAAAAJ&citation_for_view=nVgPQpoAAAAJ:c59VksA5Vz4C",
      "authors": "H Lu, Y Li, S Mu, D Wang, H Kim, S Serikawa",
      "venue": "IEEE Internet of Things Journal, 2018",
      "year": 2018,
      "citations": 570
    },
    {
      "title": "Structured Siamese Network for Real-time Visual Tracking",
      "url": "https://scholar.google.com/citations?view_op=view_citation&hl=en&user=nVgPQpoAAAAJ&citation_for_view=nVgPQpoAAAAJ:SxCCDk4iOpsC",
      "authors": "Y Zhang, L Wang, J Qi, D Wang, M Feng, H Lu",
      "venue": "European conference on computer vision (ECCV), 351-366, 2018",
      "year": 2018,
      "citations": 328
    },
    {
      "title": "Learning to Detect Salient Objects with Image-level Supervision",
      "url": "https://scholar.google.com/citations?view_op=view_citation&hl=en&user=nVgPQpoAAAAJ&citation_for_view=nVgPQpoAAAAJ:FiytvqdAVhgC",
      "authors": "L Wang, H Lu, Y Wang, M Feng, D Wang, B Yin, X Ruan",
      "venue": "IEEE Conference on Computer Vision and Pattern Recognition (CVPR), 2017",
      "year": 2017,
      "citations": 1564
    },
    {
      "title": "Amulet: Aggregating Multi-level Convolutional Features for Salient Object Detection",
      "url": "https://scholar.google.com/citations?view_op=view_citation&hl=en&user=nVgPQpoAAAAJ&citation_for_view=nVgPQpoAAAAJ:L1USKYWJimsC",
      "authors": "P Zhang, D Wang, H Lu, H Wang, X Ruan",
      "venue": "International Conference on Computer Vision (ICCV), 2017",
      "year": 2017,
      "citations": 1055
    },
    {
      "title": "Learning Uncertain Convolutional Features for Accurate Saliency Detection",
      "url": "https://scholar.google.com/citations?view_op=view_citation&hl=en&user=nVgPQpoAAAAJ&citation_for_view=nVgPQpoAAAAJ:XUvXOeBm_78C",
      "authors": "P Zhang, D Wang, H Lu, H Wang, B Yin",
      "venue": "International Conference on Computer Vision (ICCV), 2017",
      "year": 2017,
      "citations": 556
    },
    {
      "title": "Online Object Tracking with Sparse Prototypes",
      "url": "https://scholar.google.com/citations?view_op=view_citation&hl=en&user=nVgPQpoAAAAJ&citation_for_view=nVgPQpoAAAAJ:MXK_kJrjxJIC",
      "authors": "D Wang, H Lu, MH Yang",
      "venue": "IEEE Transactions on Image Processing (TIP), 2013",
      "year": 2013,
      "citations": 552
    },
    {
      "title": "Least Soft-threshold Squares Tracking",
      "url": "https://scholar.google.com/citations?view_op=view_citation&hl=en&user=nVgPQpoAAAAJ&citation_for_view=nVgPQpoAAAAJ:z8nqeaKD1nsC",
      "authors": "D Wang, H Lu, MH Yang",
      "venue": "IEEE Conference on Computer Vision and Pattern Recognition (CVPR), 2013",
      "year": 2013,
      "citations": 340
    }
  ],
  "co_authors": [
    {
      "name": "Huchuan Lu,  IEEE FELLOW",
      "scholar_id": "D3nE0agAAAAJ",
      "url": "https://scholar.google.com/citations?user=D3nE0agAAAAJ"
    },
    {
      "name": "Bin Yan",
      "scholar_id": "3f8qn4cAAAAJ",
      "url": "https://scholar.google.com/citations?user=3f8qn4cAAAAJ"
    },
    {
      "name": "Xin Chen",
      "scholar_id": "A04HWTIAAAAJ",
      "url": "https://scholar.google.com/citations?user=A04HWTIAAAAJ"
    },
    {
      "name": "Ming-Hsuan Yang",
      "scholar_id": "p9-ohHsAAAAJ",
      "url": "https://scholar.google.com/citations?user=p9-ohHsAAAAJ"
    },
    {
      "name": "Pingping Zhang (张平平)",
      "scholar_id": "MfbIbuEAAAAJ",
      "url": "https://scholar.google.com/citations?user=MfbIbuEAAAAJ"
    },
    {
      "name": "Jie Zhao",
      "scholar_id": "Oi42Tc8AAAAJ",
      "url": "https://scholar.google.com/citations?user=Oi42Tc8AAAAJ"
    },
    {
      "name": "Chong Sun",
      "scholar_id": "-GLJ0D4AAAAJ",
      "url": "https://scholar.google.com/citations?user=-GLJ0D4AAAAJ"
    },
    {
      "name": "Houwen Peng",
      "scholar_id": "UYlhQS8AAAAJ",
      "url": "https://scholar.google.com/citations?user=UYlhQS8AAAAJ"
    },
    {
      "name": "Lijun Wang 王立君",
      "scholar_id": "EfTwkXMolscC",
      "url": "https://scholar.google.com/citations?user=EfTwkXMolscC"
    },
    {
      "name": "Pengyu Zhang",
      "scholar_id": "GPGbDfQAAAAJ",
      "url": "https://scholar.google.com/citations?user=GPGbDfQAAAAJ"
    },
    {
      "name": "Huimin Lu",
      "scholar_id": "IuME_8AAAAAJ",
      "url": "https://scholar.google.com/citations?user=IuME_8AAAAAJ"
    },
    {
      "name": "Lu Zhang",
      "scholar_id": "bUtRE5UAAAAJ",
      "url": "https://scholar.google.com/citations?user=bUtRE5UAAAAJ"
    },
    {
      "name": "Wanli Ouyang (欧阳万里)",
      "scholar_id": "pw_0Z_UAAAAJ",
      "url": "https://scholar.google.com/citations?user=pw_0Z_UAAAAJ"
    },
    {
      "name": "Bohan Zhuang",
      "scholar_id": "DFuDBBwAAAAJ",
      "url": "https://scholar.google.com/citations?user=DFuDBBwAAAAJ"
    },
    {
      "name": "Xu Jia",
      "scholar_id": "0YI9rvsAAAAJ",
      "url": "https://scholar.google.com/citations?user=0YI9rvsAAAAJ"
    }
  ]
}