{
  "author_info": {
    "name": "Arie Kaufman",
    "affiliation": "Distinguished Professor and Chair of Computer Science, Stony Brook University",
    "email_verified": "Verified email at cs.stonybrook.edu - Homepage",
    "website": "http://www.cs.stonybrook.edu/~ari/",
    "interests": [
      "visualization",
      "computer graphics",
      "virtual reality",
      "geometric modeling",
      "medical imaging"
    ],
    "photo_url": "https://scholar.googleusercontent.com/citations?view_op=view_photo&user=fDdcWBEAAAAJ&citpid=3"
  },
  "citation_stats": {
    "citations_all": 26894,
    "citations_since_2020": 4303,
    "h_index_all": 89,
    "h_index_since_2020": 33,
    "i10_index_all": 331,
    "i10_index_since_2020": 105,
    "citation_graph": [
      {
        "year": 1990,
        "citations": 86
      },
      {
        "year": 1991,
        "citations": 151
      },
      {
        "year": 1992,
        "citations": 155
      },
      {
        "year": 1993,
        "citations": 180
      },
      {
        "year": 1994,
        "citations": 255
      },
      {
        "year": 1995,
        "citations": 338
      },
      {
        "year": 1996,
        "citations": 425
      },
      {
        "year": 1997,
        "citations": 436
      },
      {
        "year": 1998,
        "citations": 472
      },
      {
        "year": 1999,
        "citations": 637
      },
      {
        "year": 2000,
        "citations": 718
      },
      {
        "year": 2001,
        "citations": 772
      },
      {
        "year": 2002,
        "citations": 1013
      },
      {
        "year": 2003,
        "citations": 841
      },
      {
        "year": 2004,
        "citations": 963
      },
      {
        "year": 2005,
        "citations": 1189
      },
      {
        "year": 2006,
        "citations": 1080
      },
      {
        "year": 2007,
        "citations": 1153
      },
      {
        "year": 2008,
        "citations": 1194
      },
      {
        "year": 2009,
        "citations": 1135
      },
      {
        "year": 2010,
        "citations": 971
      },
      {
        "year": 2011,
        "citations": 1075
      },
      {
        "year": 2012,
        "citations": 966
      },
      {
        "year": 2013,
        "citations": 1092
      },
      {
        "year": 2014,
        "citations": 863
      },
      {
        "year": 2015,
        "citations": 816
      },
      {
        "year": 2016,
        "citations": 754
      },
      {
        "year": 2017,
        "citations": 702
      },
      {
        "year": 2018,
        "citations": 696
      },
      {
        "year": 2019,
        "citations": 731
      },
      {
        "year": 2020,
        "citations": 723
      },
      {
        "year": 2021,
        "citations": 727
      },
      {
        "year": 2022,
        "citations": 709
      },
      {
        "year": 2023,
        "citations": 764
      },
      {
        "year": 2024,
        "citations": 733
      },
      {
        "year": 2025,
        "citations": 643
      }
    ]
  },
  "papers": [
    {
      "title": "Towards virtual reality infinite walking: dynamic saccadic redirection",
      "url": "https://scholar.google.com/citations?view_op=view_citation&hl=en&user=fDdcWBEAAAAJ&citation_for_view=fDdcWBEAAAAJ:cF7EPgIk0B4C",
      "authors": "Q Sun, A Patney, LY Wei, O Shapira, J Lu, P Asente, S Zhu, M McGuire, ...",
      "venue": "ACM Transactions on Graphics (TOG) 37 (4), 1-13, 2018",
      "year": 2018,
      "citations": 298
    },
    {
      "title": "Computer aided treatment planning and visualization with image registration and fusion",
      "url": "https://scholar.google.com/citations?view_op=view_citation&hl=en&user=fDdcWBEAAAAJ&citation_for_view=fDdcWBEAAAAJ:PR6Y55bgFSsC",
      "authors": "Z Liang, D Chen, B Li, CT Roque, EE Smouha, AE Kaufman, MR Wax, ...",
      "venue": "US Patent 7,356,367, 2008",
      "year": 2008,
      "citations": 357
    },
    {
      "title": "System and method for performing a three-dimensional virtual examination of objects, such as internal organs",
      "url": "https://scholar.google.com/citations?view_op=view_citation&hl=en&user=fDdcWBEAAAAJ&citation_for_view=fDdcWBEAAAAJ:PVjk1bu6vJQC",
      "authors": "AE Kaufman, Z Liang, MR Wax, M Wan, D Chen, B Li",
      "venue": "US Patent 7,194,117, 2007",
      "year": 2007,
      "citations": 441
    },
    {
      "title": "Apparatus and method for volume processing and rendering",
      "url": "https://scholar.google.com/citations?view_op=view_citation&hl=en&user=fDdcWBEAAAAJ&citation_for_view=fDdcWBEAAAAJ:mB3voiENLucC",
      "authors": "AE Kaufman, I Bitter, F Dachille, K Kreeger, B Chen",
      "venue": "US Patent 7,133,041, 2006",
      "year": 2006,
      "citations": 524
    },
    {
      "title": "GPU cluster for high performance computing",
      "url": "https://scholar.google.com/citations?view_op=view_citation&hl=en&user=fDdcWBEAAAAJ&citation_for_view=fDdcWBEAAAAJ:9yKSN-GCB0IC",
      "authors": "Z Fan, F Qiu, A Kaufman, S Yoakum-Stover",
      "venue": "SC'04: Proceedings of the 2004 ACM/IEEE conference on Supercomputing, 47-47, 2004",
      "year": 2004,
      "citations": 768
    },
    {
      "title": "Implementing lattice Boltzmann computation on graphics hardware",
      "url": "https://scholar.google.com/citations?view_op=view_citation&hl=en&user=fDdcWBEAAAAJ&citation_for_view=fDdcWBEAAAAJ:_FxGoFyzp5QC",
      "authors": "W Li, X Wei, A Kaufman",
      "venue": "The Visual Computer 19 (7), 444-456, 2003",
      "year": 2003,
      "citations": 296
    },
    {
      "title": "Volume graphics",
      "url": "https://scholar.google.com/citations?view_op=view_citation&hl=en&user=fDdcWBEAAAAJ&citation_for_view=fDdcWBEAAAAJ:u-x6o8ySG0sC",
      "authors": "A Kaufman, D Cohen, R Yagel",
      "venue": "Computer 26 (7), 51-64, 2002",
      "year": 2002,
      "citations": 775
    },
    {
      "title": "Penalized-distance volumetric skeleton algorithm",
      "url": "https://scholar.google.com/citations?view_op=view_citation&hl=en&user=fDdcWBEAAAAJ&citation_for_view=fDdcWBEAAAAJ:IjCSPb-OGe4C",
      "authors": "I Bitter, AE Kaufman, M Sato",
      "venue": "IEEE Transactions on Visualization and computer Graphics 7 (3), 195-206, 2002",
      "year": 2002,
      "citations": 405
    },
    {
      "title": "Automatic centerline extraction for virtual colonoscopy",
      "url": "https://scholar.google.com/citations?view_op=view_citation&hl=en&user=fDdcWBEAAAAJ&citation_for_view=fDdcWBEAAAAJ:5nxA0vEk-isC",
      "authors": "M Wan, Z Liang, Q Ke, L Hong, I Bitter, A Kaufman",
      "venue": "IEEE transactions on medical imaging 21 (12), 1450-1460, 2002",
      "year": 2002,
      "citations": 258
    },
    {
      "title": "Virtual voyage: Interactive navigation in the human colon",
      "url": "https://scholar.google.com/citations?view_op=view_citation&hl=en&user=fDdcWBEAAAAJ&citation_for_view=fDdcWBEAAAAJ:d1gkVwhDpl0C",
      "authors": "L Hong, S Muraki, A Kaufman, D Bartz, T He",
      "venue": "Proceedings of the 24th annual conference on Computer graphics and …, 1997",
      "year": 1997,
      "citations": 517
    },
    {
      "title": "Generation of transfer functions with stochastic search techniques",
      "url": "https://scholar.google.com/citations?view_op=view_citation&hl=en&user=fDdcWBEAAAAJ&citation_for_view=fDdcWBEAAAAJ:BmWJbWwHJAwC",
      "authors": "T He, L Hong, A Kaufman, H Pfister",
      "venue": "Proceedings of Seventh Annual IEEE Visualization'96, 227-234, 1996",
      "year": 1996,
      "citations": 364
    },
    {
      "title": "Cube-4-a scalable architecture for real-time volume rendering",
      "url": "https://scholar.google.com/citations?view_op=view_citation&hl=en&user=fDdcWBEAAAAJ&citation_for_view=fDdcWBEAAAAJ:Tyk-4Ss8FVUC",
      "authors": "H Pfister, A Kaufman",
      "venue": "Proceedings of 1996 Symposium on Volume Visualization, 47-54, 1996",
      "year": 1996,
      "citations": 250
    },
    {
      "title": "Fundamentals of surface voxelization",
      "url": "https://scholar.google.com/citations?view_op=view_citation&hl=en&user=fDdcWBEAAAAJ&citation_for_view=fDdcWBEAAAAJ:8k81kl-MbHgC",
      "authors": "D Cohen-Or, A Kaufman",
      "venue": "Graphical models and image processing 57 (6), 453-461, 1995",
      "year": 1995,
      "citations": 331
    },
    {
      "title": "3D virtual colonoscopy",
      "url": "https://scholar.google.com/citations?view_op=view_citation&hl=en&user=fDdcWBEAAAAJ&citation_for_view=fDdcWBEAAAAJ:Y0pCki6q_DkC",
      "authors": "L Hong, A Kaufman, YC Wei, A Viswambharan, M Wax, Z Liang",
      "venue": "Proceedings 1995 Biomedical Visualization, 26-32, 1995",
      "year": 1995,
      "citations": 312
    },
    {
      "title": "Volume sculpting",
      "url": "https://scholar.google.com/citations?view_op=view_citation&hl=en&user=fDdcWBEAAAAJ&citation_for_view=fDdcWBEAAAAJ:m4fbC6XIj1kC",
      "authors": "SW Wang, AE Kaufman",
      "venue": "Proceedings of the 1995 symposium on Interactive 3D graphics, 151-ff., 1995",
      "year": 1995,
      "citations": 309
    },
    {
      "title": "Volume visualization",
      "url": "https://scholar.google.com/citations?view_op=view_citation&hl=en&user=fDdcWBEAAAAJ&citation_for_view=fDdcWBEAAAAJ:u5HHmVD_uO8C",
      "authors": "AE Kaufman, R Yagel, KH Hoehne, A Pommert",
      "venue": "Visualization in Biomedical Computing 1994 2359, 6-6, 1994",
      "year": 1994,
      "citations": 699
    },
    {
      "title": "Discrete ray tracing",
      "url": "https://scholar.google.com/citations?view_op=view_citation&hl=en&user=fDdcWBEAAAAJ&citation_for_view=fDdcWBEAAAAJ:W7OEmFMy1HYC",
      "authors": "R Yagel, D Cohen, A Kaufman",
      "venue": "IEEE Computer graphics and applications 12 (5), 19-28, 1992",
      "year": 1992,
      "citations": 280
    },
    {
      "title": "Template‐based volume viewing",
      "url": "https://scholar.google.com/citations?view_op=view_citation&hl=en&user=fDdcWBEAAAAJ&citation_for_view=fDdcWBEAAAAJ:YsMSGLbcyi4C",
      "authors": "R Yagel, A Kaufman",
      "venue": "Computer Graphics Forum 11 (3), 153-167, 1992",
      "year": 1992,
      "citations": 276
    },
    {
      "title": "3D scan-conversion algorithms for voxel-based graphics",
      "url": "https://scholar.google.com/citations?view_op=view_citation&hl=en&user=fDdcWBEAAAAJ&citation_for_view=fDdcWBEAAAAJ:zYLM7Y9cAGgC",
      "authors": "A Kaufman, E Shimony",
      "venue": "Proceedings of the 1986 workshop on Interactive 3D graphics, 45-75, 1987",
      "year": 1987,
      "citations": 357
    },
    {
      "title": "Efficient algorithms for 3D scan-conversion of parametric curves, surfaces, and volumes",
      "url": "https://scholar.google.com/citations?view_op=view_citation&hl=en&user=fDdcWBEAAAAJ&citation_for_view=fDdcWBEAAAAJ:qjMakFHDy7sC",
      "authors": "A Kaufman",
      "venue": "ACM Siggraph Computer Graphics 21 (4), 171-179, 1987",
      "year": 1987,
      "citations": 333
    }
  ],
  "co_authors": [
    {
      "name": "Hanspeter Pfister",
      "scholar_id": "VWX-GMAAAAAJ",
      "url": "https://scholar.google.com/citations?user=VWX-GMAAAAAJ"
    },
    {
      "name": "David Xianfeng Gu",
      "scholar_id": "Y063_CIAAAAJ",
      "url": "https://scholar.google.com/citations?user=Y063_CIAAAAJ"
    },
    {
      "name": "Claudio T. Silva",
      "scholar_id": "YIwiAAsAAAAJ",
      "url": "https://scholar.google.com/citations?user=YIwiAAsAAAAJ"
    },
    {
      "name": "Lisa Sobierajski Avila",
      "scholar_id": "WeuFS4AAAAAJ",
      "url": "https://scholar.google.com/citations?user=WeuFS4AAAAAJ"
    },
    {
      "name": "Amitabh Varshney",
      "scholar_id": "b053OdAAAAAJ",
      "url": "https://scholar.google.com/citations?user=b053OdAAAAAJ"
    }
  ]
}