{
  "author_info": {
    "name": "Kwonjoon Lee",
    "affiliation": "Honda Research Institute USA",
    "email_verified": "Verified email at honda-ri.com",
    "interests": [
      "Machine Learning",
      "Computer Vision",
      "Vision & Language"
    ],
    "photo_url": "https://scholar.googleusercontent.com/citations?view_op=view_photo&user=C6Wu8M0AAAAJ&citpid=1"
  },
  "citation_stats": {
    "citations_all": 2769,
    "citations_since_2020": 2703,
    "h_index_all": 15,
    "h_index_since_2020": 15,
    "i10_index_all": 15,
    "i10_index_since_2020": 15,
    "citation_graph": [
      {
        "year": 2019,
        "citations": 54
      },
      {
        "year": 2020,
        "citations": 198
      },
      {
        "year": 2021,
        "citations": 361
      },
      {
        "year": 2022,
        "citations": 477
      },
      {
        "year": 2023,
        "citations": 501
      },
      {
        "year": 2024,
        "citations": 579
      },
      {
        "year": 2025,
        "citations": 585
      }
    ]
  },
  "papers": [
    {
      "title": "Combo: Compositional world models for embodied multi-agent cooperation",
      "url": "https://scholar.google.com/citations?view_op=view_citation&hl=en&user=C6Wu8M0AAAAJ&citation_for_view=C6Wu8M0AAAAJ:aqlVkmm33-oC",
      "authors": "H Zhang, Z Wang, Q Lyu, Z Zhang, S Chen, T Shu, B Dariush, K Lee, Y Du, ...",
      "venue": "ICLR 2025, 2025",
      "year": 2025,
      "citations": 24
    },
    {
      "title": "Generalized Mission Planning for Heterogeneous Multi-Robot Teams via LLM-constructed Hierarchical Trees",
      "url": "https://scholar.google.com/citations?view_op=view_citation&hl=en&user=C6Wu8M0AAAAJ&citation_for_view=C6Wu8M0AAAAJ:qxL8FJ1GzNcC",
      "authors": "P Gupta, D Isele, E Sachdeva, PH Huang, B Dariush, K Lee, S Bae",
      "venue": "ICRA 2025, 2025",
      "year": 2025,
      "citations": 6
    },
    {
      "title": "GFlowVLM: Enhancing Multi-step Reasoning in Vision-Language Models with Generative Flow Networks",
      "url": "https://scholar.google.com/citations?view_op=view_citation&hl=en&user=C6Wu8M0AAAAJ&citation_for_view=C6Wu8M0AAAAJ:M3ejUd6NZC8C",
      "authors": "H Kang, E Sachdeva, P Gupta, S Bae, K Lee",
      "venue": "CVPR 2025, 2025",
      "year": 2025,
      "citations": 4
    },
    {
      "title": "AntGPT: Can Large Language Models Help Long-term Action Anticipation from Videos?",
      "url": "https://scholar.google.com/citations?view_op=view_citation&hl=en&user=C6Wu8M0AAAAJ&citation_for_view=C6Wu8M0AAAAJ:Y0pCki6q_DkC",
      "authors": "Q Zhao, C Zhang, S Wang, C Fu, N Agarwal, K Lee, C Sun",
      "venue": "ICLR 2024, 2024",
      "year": 2024,
      "citations": 87
    },
    {
      "title": "Follow the Rules: Reasoning for Video Anomaly Detection with Large Language Models",
      "url": "https://scholar.google.com/citations?view_op=view_citation&hl=en&user=C6Wu8M0AAAAJ&citation_for_view=C6Wu8M0AAAAJ:8k81kl-MbHgC",
      "authors": "Y Yang, K Lee, B Dariush, Y Cao, SY Lo",
      "venue": "ECCV 2024, 2024",
      "year": 2024,
      "citations": 63
    },
    {
      "title": "Vamos: Versatile action models for video understanding",
      "url": "https://scholar.google.com/citations?view_op=view_citation&hl=en&user=C6Wu8M0AAAAJ&citation_for_view=C6Wu8M0AAAAJ:eQOLeE2rZwMC",
      "authors": "S Wang, Q Zhao, MQ Do, N Agarwal, K Lee, C Sun",
      "venue": "ECCV 2024, 2024",
      "year": 2024,
      "citations": 37
    },
    {
      "title": "Object-centric Video Representation for Long-term Action Anticipation",
      "url": "https://scholar.google.com/citations?view_op=view_citation&hl=en&user=C6Wu8M0AAAAJ&citation_for_view=C6Wu8M0AAAAJ:YsMSGLbcyi4C",
      "authors": "C Zhang, C Fu, S Wang, N Agarwal, K Lee, C Choi, C Sun",
      "venue": "WACV 2024, 2024",
      "year": 2024,
      "citations": 34
    },
    {
      "title": "Can’t make an Omelette without Breaking some Eggs: Plausible Action Anticipation using Large Video-Language Models",
      "url": "https://scholar.google.com/citations?view_op=view_citation&hl=en&user=C6Wu8M0AAAAJ&citation_for_view=C6Wu8M0AAAAJ:ufrVoPGSRksC",
      "authors": "H Mittal, N Agarwal, SY Lo, K Lee",
      "venue": "CVPR 2024, 2024",
      "year": 2024,
      "citations": 32
    },
    {
      "title": "Language grounded multi-agent reinforcement learning with human-interpretable communication",
      "url": "https://scholar.google.com/citations?view_op=view_citation&hl=en&user=C6Wu8M0AAAAJ&citation_for_view=C6Wu8M0AAAAJ:YOwf2qJgpHMC",
      "authors": "H Li, H Nourkhiz Mahjoub, B Chalaki, V Tadiparthi, K Lee, E Moradi Pari, ...",
      "venue": "NeurIPS 2024, 2024",
      "year": 2024,
      "citations": 22
    },
    {
      "title": "M2D2M: Multi-Motion Generation from Text with Discrete Diffusion Models",
      "url": "https://scholar.google.com/citations?view_op=view_citation&hl=en&user=C6Wu8M0AAAAJ&citation_for_view=C6Wu8M0AAAAJ:MXK_kJrjxJIC",
      "authors": "S Chi, H Chi, H Ma, N Agarwal, F Siddiqui, K Ramani, K Lee",
      "venue": "ECCV 2024, 2024",
      "year": 2024,
      "citations": 19
    },
    {
      "title": "Uncertainty-aware Action Decoupling Transformer for Action Anticipation",
      "url": "https://scholar.google.com/citations?view_op=view_citation&hl=en&user=C6Wu8M0AAAAJ&citation_for_view=C6Wu8M0AAAAJ:WF5omc3nYNoC",
      "authors": "H Guo, N Agarwal, SY Lo, K Lee, Q Ji",
      "venue": "CVPR 2024 (Highlight), 2024",
      "year": 2024,
      "citations": 19
    },
    {
      "title": "Vicor: Bridging visual understanding and commonsense reasoning with large language models",
      "url": "https://scholar.google.com/citations?view_op=view_citation&hl=en&user=C6Wu8M0AAAAJ&citation_for_view=C6Wu8M0AAAAJ:W7OEmFMy1HYC",
      "authors": "K Zhou, K Lee, T Misu, XE Wang",
      "venue": "ACL (Findings) 2024, 2024",
      "year": 2024,
      "citations": 17
    },
    {
      "title": "Constrained Human-AI Cooperation: An Inclusive Embodied Social Intelligence Challenge",
      "url": "https://scholar.google.com/citations?view_op=view_citation&hl=en&user=C6Wu8M0AAAAJ&citation_for_view=C6Wu8M0AAAAJ:Zph67rFs4hoC",
      "authors": "W Du, Q Lyu, J Shan, Z Qi, H Zhang, S Chen, A Peng, T Shu, K Lee, ...",
      "venue": "NeurIPS 2024 Datasets and Benchmarks Track, 2024",
      "year": 2024,
      "citations": 6
    },
    {
      "title": "Estimating Ego-Body Pose from Doubly Sparse Egocentric Video Data",
      "url": "https://scholar.google.com/citations?view_op=view_citation&hl=en&user=C6Wu8M0AAAAJ&citation_for_view=C6Wu8M0AAAAJ:ULOm3_A8WrAC",
      "authors": "S Chi, PH Huang, E Sachdeva, H Ma, K Ramani, K Lee",
      "venue": "NeurIPS 2024, 2024",
      "year": 2024,
      "citations": 5
    },
    {
      "title": "AdamsFormer for Spatial Action Localization in the Future",
      "url": "https://scholar.google.com/citations?view_op=view_citation&hl=en&user=C6Wu8M0AAAAJ&citation_for_view=C6Wu8M0AAAAJ:9yKSN-GCB0IC",
      "authors": "H Chi, K Lee, N Agarwal, Y Xu, K Ramani, C Choi",
      "venue": "CVPR 2023, 2023",
      "year": 2023,
      "citations": 9
    },
    {
      "title": "Vitgan: Training gans with vision transformers",
      "url": "https://scholar.google.com/citations?view_op=view_citation&hl=en&user=C6Wu8M0AAAAJ&citation_for_view=C6Wu8M0AAAAJ:qjMakFHDy7sC",
      "authors": "K Lee, H Chang, L Jiang, H Zhang, Z Tu, C Liu",
      "venue": "ICLR 2022 (Spotlight), 2022",
      "year": 2022,
      "citations": 298
    },
    {
      "title": "Dual contradistinctive generative autoencoder",
      "url": "https://scholar.google.com/citations?view_op=view_citation&hl=en&user=C6Wu8M0AAAAJ&citation_for_view=C6Wu8M0AAAAJ:u-x6o8ySG0sC",
      "authors": "G Parmar, D Li, K Lee, Z Tu",
      "venue": "CVPR 2021, 2021",
      "year": 2021,
      "citations": 112
    },
    {
      "title": "Learning instance occlusion for panoptic segmentation",
      "url": "https://scholar.google.com/citations?view_op=view_citation&hl=en&user=C6Wu8M0AAAAJ&citation_for_view=C6Wu8M0AAAAJ:2osOgNQ5qMEC",
      "authors": "J Lazarow, K Lee, K Shi, Z Tu",
      "venue": "CVPR 2020, 2020",
      "year": 2020,
      "citations": 108
    },
    {
      "title": "Meta-learning with differentiable convex optimization",
      "url": "https://scholar.google.com/citations?view_op=view_citation&hl=en&user=C6Wu8M0AAAAJ&citation_for_view=C6Wu8M0AAAAJ:IjCSPb-OGe4C",
      "authors": "K Lee, S Maji, A Ravichandran, S Soatto",
      "venue": "CVPR 2019 (Oral), 2019",
      "year": 2019,
      "citations": 1794
    },
    {
      "title": "Wasserstein introspective neural networks",
      "url": "https://scholar.google.com/citations?view_op=view_citation&hl=en&user=C6Wu8M0AAAAJ&citation_for_view=C6Wu8M0AAAAJ:d1gkVwhDpl0C",
      "authors": "K Lee, W Xu, F Fan, Z Tu",
      "venue": "CVPR 2018 (Oral), 2018",
      "year": 2018,
      "citations": 64
    }
  ],
  "co_authors": []
}