{
  "author_info": {
    "name": "Wei Feng",
    "affiliation": "School of Computer Science and Technology, College of Intelligence and Computing, Tianjin University",
    "email_verified": "Verified email at tju.edu.cn",
    "interests": [
      "Computer Vision",
      "Image Processing",
      "Machine Learning"
    ],
    "photo_url": "https://scholar.googleusercontent.com/citations?view_op=view_photo&user=7ory1i8AAAAJ&citpid=1"
  },
  "citation_stats": {
    "citations_all": 9117,
    "citations_since_2020": 7653,
    "h_index_all": 41,
    "h_index_since_2020": 37,
    "i10_index_all": 128,
    "i10_index_since_2020": 108,
    "citation_graph": [
      {
        "year": 2009,
        "citations": 26
      },
      {
        "year": 2010,
        "citations": 53
      },
      {
        "year": 2011,
        "citations": 47
      },
      {
        "year": 2012,
        "citations": 65
      },
      {
        "year": 2013,
        "citations": 56
      },
      {
        "year": 2014,
        "citations": 89
      },
      {
        "year": 2015,
        "citations": 109
      },
      {
        "year": 2016,
        "citations": 102
      },
      {
        "year": 2017,
        "citations": 137
      },
      {
        "year": 2018,
        "citations": 266
      },
      {
        "year": 2019,
        "citations": 466
      },
      {
        "year": 2020,
        "citations": 765
      },
      {
        "year": 2021,
        "citations": 1016
      },
      {
        "year": 2022,
        "citations": 1210
      },
      {
        "year": 2023,
        "citations": 1282
      },
      {
        "year": 2024,
        "citations": 1652
      },
      {
        "year": 2025,
        "citations": 1706
      }
    ]
  },
  "papers": [
    {
      "title": "Continuous sign language recognition with correlation network",
      "url": "https://scholar.google.com/citations?view_op=view_citation&hl=en&user=7ory1i8AAAAJ&citation_for_view=7ory1i8AAAAJ:9pM33mqn1YgC",
      "authors": "L Hu, L Gao, Z Liu, W Feng",
      "venue": "IEEE/CVF Conference on Computer Vision and Pattern Recognition (CVPR 2023 …, 2023",
      "year": 2023,
      "citations": 154
    },
    {
      "title": "Self-emphasizing network for continuous sign language recognition",
      "url": "https://scholar.google.com/citations?view_op=view_citation&hl=en&user=7ory1i8AAAAJ&citation_for_view=7ory1i8AAAAJ:hCrLmN-GePgC",
      "authors": "L Hu, L Gao, Z Liu, W Feng",
      "venue": "AAAI Conference on Artificial Intelligence (AAAI 2023), 854-862, 2023",
      "year": 2023,
      "citations": 98
    },
    {
      "title": "MISF: Multi-level interactive siamese filtering for high-fidelity image inpainting",
      "url": "https://scholar.google.com/citations?view_op=view_citation&hl=en&user=7ory1i8AAAAJ&citation_for_view=7ory1i8AAAAJ:UHK10RUVsp4C",
      "authors": "X Li, Q Guo, D Lin, P Li, W Feng, S Wang",
      "venue": "IEEE/CVF Conference on Computer Vision and Pattern Recognition (CVPR 2022), 2022",
      "year": 2022,
      "citations": 147
    },
    {
      "title": "Auto-exposure fusion for single-image shadow removal",
      "url": "https://scholar.google.com/citations?view_op=view_citation&hl=en&user=7ory1i8AAAAJ&citation_for_view=7ory1i8AAAAJ:Fu2w8maKXqMC",
      "authors": "L Fu, C Zhou, Q Guo, F Juefei-Xu, H Yu, W Feng, Y Liu, S Wang",
      "venue": "IEEE/CVF Conference on Computer Vision and Pattern Recognition (CVPR 2021), 2021",
      "year": 2021,
      "citations": 206
    },
    {
      "title": "From synthetic to real: Image dehazing collaborating with unlabeled real data",
      "url": "https://scholar.google.com/citations?view_op=view_citation&hl=en&user=7ory1i8AAAAJ&citation_for_view=7ory1i8AAAAJ:URolC5Kub84C",
      "authors": "Y Liu, L Zhu, S Pei, H Fu, J Qin, Q Zhang, L Wan, W Feng",
      "venue": "The 29th ACM International Conference on Multimedia (ACM MM 2021), 50-58, 2021",
      "year": 2021,
      "citations": 177
    },
    {
      "title": "Efficientderain: Learning pixel-wise dilation filtering for high-efficiency single-image deraining",
      "url": "https://scholar.google.com/citations?view_op=view_citation&hl=en&user=7ory1i8AAAAJ&citation_for_view=7ory1i8AAAAJ:t6usbXjVLHcC",
      "authors": "Q Guo, J Sun, F Juefei-Xu, L Ma, X Xie, W Feng, Y Liu",
      "venue": "Thirty-Fifth AAAI Conference on Artificial Intelligence (AAAI 2021), 2021",
      "year": 2021,
      "citations": 141
    },
    {
      "title": "Learning guided convolutional network for depth completion",
      "url": "https://scholar.google.com/citations?view_op=view_citation&hl=en&user=7ory1i8AAAAJ&citation_for_view=7ory1i8AAAAJ:P5F9QuxV20EC",
      "authors": "J Tang, FP Tian, W Feng, J Li, P Tan",
      "venue": "IEEE Transactions on Image Processing 30, 1116-1129, 2020",
      "year": 2020,
      "citations": 336
    },
    {
      "title": "Deeprhythm: Exposing deepfakes with attentional visual heartbeat rhythms",
      "url": "https://scholar.google.com/citations?view_op=view_citation&hl=en&user=7ory1i8AAAAJ&citation_for_view=7ory1i8AAAAJ:5Ul4iDaHHb8C",
      "authors": "H Qi, Q Guo, F Juefei-Xu, X Xie, L Ma, W Feng, Y Liu, J Zhao",
      "venue": "The 28th ACM International Conference on Multimedia (ACM MM 2020), 4318-4327, 2020",
      "year": 2020,
      "citations": 310
    },
    {
      "title": "A multi-task mean teacher for semi-supervised shadow detection",
      "url": "https://scholar.google.com/citations?view_op=view_citation&hl=en&user=7ory1i8AAAAJ&citation_for_view=7ory1i8AAAAJ:8AbLer7MMksC",
      "authors": "Z Chen, L Zhu, L Wan, S Wang, W Feng, PA Heng",
      "venue": "IEEE/CVF Conference on Computer Vision and Pattern Recognition (CVPR 2020 …, 2020",
      "year": 2020,
      "citations": 209
    },
    {
      "title": "SPARK: Spatial-aware online incremental attack against visual tracking",
      "url": "https://scholar.google.com/citations?view_op=view_citation&hl=en&user=7ory1i8AAAAJ&citation_for_view=7ory1i8AAAAJ:abG-DnoFyZgC",
      "authors": "Q Guo, X Xie, F Juefei-Xu, L Ma, Z Li, W Xue, W Feng, Y Liu",
      "venue": "European Conference on Computer Vision (ECCV 2020), 202-219, 2020",
      "year": 2020,
      "citations": 122
    },
    {
      "title": "Watch out! motion is blurring the vision of your deep neural networks",
      "url": "https://scholar.google.com/citations?view_op=view_citation&hl=en&user=7ory1i8AAAAJ&citation_for_view=7ory1i8AAAAJ:p2g8aNsByqUC",
      "authors": "Q Guo, F Juefei-Xu, X Xie, L Ma, J Wang, B Yu, W Feng, Y Liu",
      "venue": "Advances in Neural Information Processing Systems (NeurIPS 2020) 33, 975-985, 2020",
      "year": 2020,
      "citations": 93
    },
    {
      "title": "The seventh visual object tracking vot2019 challenge results",
      "url": "https://scholar.google.com/citations?view_op=view_citation&hl=en&user=7ory1i8AAAAJ&citation_for_view=7ory1i8AAAAJ:bFI3QPDXJZMC",
      "authors": "M Kristan, J Matas, A Leonardis, M Felsberg, R Pflugfelder, ...",
      "venue": "Proceedings of the IEEE/CVF international conference on computer vision …, 2019",
      "year": 2019,
      "citations": 651
    },
    {
      "title": "Dynamic Saliency-Aware Regularization for Correlation Filter based Object Tracking",
      "url": "https://scholar.google.com/citations?view_op=view_citation&hl=en&user=7ory1i8AAAAJ&citation_for_view=7ory1i8AAAAJ:a0OBvERweLwC",
      "authors": "W Feng, R Han, Q Guo, J Zhu, S Wang",
      "venue": "IEEE Transactions on Image Processing 28 (7), 3232-3245, 2019",
      "year": 2019,
      "citations": 143
    },
    {
      "title": "Learned Map Prediction for Enhanced Mobile Robot Exploration",
      "url": "https://scholar.google.com/citations?view_op=view_citation&hl=en&user=7ory1i8AAAAJ&citation_for_view=7ory1i8AAAAJ:D03iK_w7-QYC",
      "authors": "R Shrestha, FP Tian, W Feng, P Tan, R Vaughan",
      "venue": "International Conference on Robotics and Automation (ICRA 2019), 2019",
      "year": 2019,
      "citations": 141
    },
    {
      "title": "The sixth visual object tracking vot2018 challenge results",
      "url": "https://scholar.google.com/citations?view_op=view_citation&hl=en&user=7ory1i8AAAAJ&citation_for_view=7ory1i8AAAAJ:cFHS6HbyZ2cC",
      "authors": "M Kristan, A Leonardis, J Matas, M Felsberg, R Pflugfelder, ...",
      "venue": "Proceedings of the European conference on computer vision (ECCV) workshops, 0-0, 2018",
      "year": 2018,
      "citations": 1067
    },
    {
      "title": "Learning Dynamic Siamese Network for Visual Object Tracking",
      "url": "https://scholar.google.com/citations?view_op=view_citation&hl=en&user=7ory1i8AAAAJ&citation_for_view=7ory1i8AAAAJ:r0BpntZqJG4C",
      "authors": "Q Guo, W Feng, C Zhou, R Huang, L Wan, S Wang",
      "venue": "IEEE International Conference on Computer Vision (ICCV 2017), 2017",
      "year": 2017,
      "citations": 1068
    },
    {
      "title": "SPHORB: A fast and robust binary feature on the sphere",
      "url": "https://scholar.google.com/citations?view_op=view_citation&hl=en&user=7ory1i8AAAAJ&citation_for_view=7ory1i8AAAAJ:Y0pCki6q_DkC",
      "authors": "Q Zhao, W Feng, L Wan, J Zhang",
      "venue": "International Journal of Computer Vision 31 (5), 143-159, 2015",
      "year": 2015,
      "citations": 104
    },
    {
      "title": "Self-adaptively weighted co-saliency detection via rank constraint",
      "url": "https://scholar.google.com/citations?view_op=view_citation&hl=en&user=7ory1i8AAAAJ&citation_for_view=7ory1i8AAAAJ:ufrVoPGSRksC",
      "authors": "X Cao, Z Tao, B Zhang, H Fu, W Feng",
      "venue": "IEEE Transactions on Image Processing 23 (9), 4175-4186, 2014",
      "year": 2014,
      "citations": 218
    },
    {
      "title": "Self-validated labeling of Markov random fields for image segmentation",
      "url": "https://scholar.google.com/citations?view_op=view_citation&hl=en&user=7ory1i8AAAAJ&citation_for_view=7ory1i8AAAAJ:qjMakFHDy7sC",
      "authors": "W Feng, J Jia, ZQ Liu",
      "venue": "IEEE Transactions on Pattern Analysis and Machine Intelligence (TPAMI) 32 …, 2010",
      "year": 2010,
      "citations": 100
    },
    {
      "title": "Minimizing sparse higher order energy functions of discrete variables",
      "url": "https://scholar.google.com/citations?view_op=view_citation&hl=en&user=7ory1i8AAAAJ&citation_for_view=7ory1i8AAAAJ:9yKSN-GCB0IC",
      "authors": "C Rother, P Kohli, W Feng, J Jia",
      "venue": "IEEE Conference on Computer Vision and Pattern Recognition (CVPR 2009), 2009",
      "year": 2009,
      "citations": 224
    }
  ],
  "co_authors": [
    {
      "name": "Fei-Peng Tian",
      "scholar_id": "GUSTl88AAAAJ",
      "url": "https://scholar.google.com/citations?user=GUSTl88AAAAJ"
    },
    {
      "name": "Huazhu Fu",
      "scholar_id": "jCvUBYMAAAAJ",
      "url": "https://scholar.google.com/citations?user=jCvUBYMAAAAJ"
    },
    {
      "name": "Jiawan Zhang",
      "scholar_id": "w6F9EssAAAAJ",
      "url": "https://scholar.google.com/citations?user=w6F9EssAAAAJ"
    },
    {
      "name": "Tien-Tsin Wong",
      "scholar_id": "05U81tIAAAAJ",
      "url": "https://scholar.google.com/citations?user=05U81tIAAAAJ"
    },
    {
      "name": "Jiaya Jia",
      "scholar_id": "XPAkzTEAAAAJ",
      "url": "https://scholar.google.com/citations?user=XPAkzTEAAAAJ"
    },
    {
      "name": "Zhouchen Lin",
      "scholar_id": "TanjFwoAAAAJ",
      "url": "https://scholar.google.com/citations?user=TanjFwoAAAAJ"
    },
    {
      "name": "Pushmeet Kohli",
      "scholar_id": "3pyzQQ8AAAAJ",
      "url": "https://scholar.google.com/citations?user=3pyzQQ8AAAAJ"
    },
    {
      "name": "Carsten Rother",
      "scholar_id": "N_YNMIMAAAAJ",
      "url": "https://scholar.google.com/citations?user=N_YNMIMAAAAJ"
    },
    {
      "name": "Xiaochun Cao",
      "scholar_id": "PDgp6OkAAAAJ",
      "url": "https://scholar.google.com/citations?user=PDgp6OkAAAAJ"
    },
    {
      "name": "Jianmin Jiang",
      "scholar_id": "IpMcSfcAAAAJ",
      "url": "https://scholar.google.com/citations?user=IpMcSfcAAAAJ"
    },
    {
      "name": "Yulian Yang",
      "scholar_id": "E399kToAAAAJ",
      "url": "https://scholar.google.com/citations?user=E399kToAAAAJ"
    },
    {
      "name": "William K. Cheung",
      "scholar_id": "e42JkYIAAAAJ",
      "url": "https://scholar.google.com/citations?user=e42JkYIAAAAJ"
    }
  ]
}