{
  "author_info": {
    "name": "Zehao Dong",
    "affiliation": "Ph.D candidate of Computer Science, Washington University in St. Louis",
    "email_verified": "Verified email at wustl.edu",
    "interests": [
      "Machine learning",
      "Deep learning"
    ],
    "photo_url": "/citations/images/avatar_scholar_128.png"
  },
  "citation_stats": {
    "citations_all": 229,
    "citations_since_2020": 229,
    "h_index_all": 7,
    "h_index_since_2020": 7,
    "i10_index_all": 6,
    "i10_index_since_2020": 6,
    "citation_graph": [
      {
        "year": 2021,
        "citations": 1
      },
      {
        "year": 2022,
        "citations": 5
      },
      {
        "year": 2023,
        "citations": 50
      },
      {
        "year": 2024,
        "citations": 78
      },
      {
        "year": 2025,
        "citations": 93
      }
    ]
  },
  "papers": [
    {
      "title": "Large‐language‐model empowered 3D dose prediction for intensity‐modulated radiotherapy",
      "url": "https://scholar.google.com/citations?view_op=view_citation&hl=en&user=xcKId0oAAAAJ&citation_for_view=xcKId0oAAAAJ:MXK_kJrjxJIC",
      "authors": "Z Dong, Y Chen, H Gay, Y Hao, GD Hugo, P Samson, T Zhao",
      "venue": "Medical physics 52 (1), 619-632, 2025",
      "year": 2025,
      "citations": 6
    },
    {
      "title": "Large-Language-Model Empowered Dose Volume Histogram Prediction for Intensity Modulated Radiotherapy",
      "url": "https://scholar.google.com/citations?view_op=view_citation&hl=en&user=xcKId0oAAAAJ&citation_for_view=xcKId0oAAAAJ:0EnyYjriUFMC",
      "authors": "Z Dong, Y Chen, H Gay, Y Hao, GD Hugo, P Samson, T Zhao",
      "venue": "arXiv preprint arXiv:2402.07167, 2024",
      "year": 2024,
      "citations": 2
    },
    {
      "title": "SPGNN: Recognizing Salient Subgraph Patterns via Enhanced Graph Convolution and Pooling",
      "url": "https://scholar.google.com/citations?view_op=view_citation&hl=en&user=xcKId0oAAAAJ&citation_for_view=xcKId0oAAAAJ:8k81kl-MbHgC",
      "authors": "Z Dong, M Zhang, Y Chen",
      "venue": "arXiv preprint arXiv:2404.13655, 2024",
      "year": 2024,
      "citations": 1
    },
    {
      "title": "DoseGNN: Improving the Performance of Deep Learning Models in Adaptive Dose-Volume Histogram Prediction through Graph Neural Networks",
      "url": "https://scholar.google.com/citations?view_op=view_citation&hl=en&user=xcKId0oAAAAJ&citation_for_view=xcKId0oAAAAJ:Se3iqnhoufwC",
      "authors": "Z Dong, Y Chen, T Zhao",
      "venue": "arXiv preprint arXiv:2402.01076, 2024",
      "year": 2024,
      "citations": 1
    },
    {
      "title": "CktGNN: Circuit graph neural network for electronic design automation",
      "url": "https://scholar.google.com/citations?view_op=view_citation&hl=en&user=xcKId0oAAAAJ&citation_for_view=xcKId0oAAAAJ:zYLM7Y9cAGgC",
      "authors": "Z Dong, W Cao, M Zhang, D Tao, Y Chen, X Zhang",
      "venue": "arXiv preprint arXiv:2308.16406, 2023",
      "year": 2023,
      "citations": 74
    },
    {
      "title": "Interpreting the mechanism of synergism for drug combinations using attention-based hierarchical graph pooling",
      "url": "https://scholar.google.com/citations?view_op=view_citation&hl=en&user=xcKId0oAAAAJ&citation_for_view=xcKId0oAAAAJ:UeHWp8X0CEIC",
      "authors": "Z Dong, H Zhang, Y Chen, PRO Payne, F Li",
      "venue": "Cancers 15 (17), 4210, 2023",
      "year": 2023,
      "citations": 17
    },
    {
      "title": "Road safety performance rating through PSI-PRIDIT: A planning tool for designing policies and identifying best practices for EAS countries",
      "url": "https://scholar.google.com/citations?view_op=view_citation&hl=en&user=xcKId0oAAAAJ&citation_for_view=xcKId0oAAAAJ:UebtZRa9Y70C",
      "authors": "F Chen, Y Li, Q Feng, Z Dong, Y Qian, Y Yan, MS Ho, Q Ma, D Zhang, ...",
      "venue": "Socio-Economic Planning Sciences 85, 101438, 2023",
      "year": 2023,
      "citations": 14
    },
    {
      "title": "Rethinking the power of graph canonization in graph representation learning with stability",
      "url": "https://scholar.google.com/citations?view_op=view_citation&hl=en&user=xcKId0oAAAAJ&citation_for_view=xcKId0oAAAAJ:_FxGoFyzp5QC",
      "authors": "Z Dong, M Zhang, PRO Payne, MA Province, C Cruchaga, T Zhao, F Li, ...",
      "venue": "arXiv preprint arXiv:2309.00738, 2023",
      "year": 2023,
      "citations": 11
    },
    {
      "title": "Highly accurate disease diagnosis and highly reproducible biomarker identification with PathFormer",
      "url": "https://scholar.google.com/citations?view_op=view_citation&hl=en&user=xcKId0oAAAAJ&citation_for_view=xcKId0oAAAAJ:WF5omc3nYNoC",
      "authors": "Z Dong, Q Zhao, PRO Payne, MA Province, C Cruchaga, M Zhang, ...",
      "venue": "Research Square, rs. 3. rs-3576068, 2023",
      "year": 2023,
      "citations": 6
    },
    {
      "title": "GNNHLS: evaluating graph neural network inference via high-level synthesis",
      "url": "https://scholar.google.com/citations?view_op=view_citation&hl=en&user=xcKId0oAAAAJ&citation_for_view=xcKId0oAAAAJ:W7OEmFMy1HYC",
      "authors": "C Zhao, Z Dong, Y Chen, X Zhang, RD Chamberlain",
      "venue": "2023 IEEE 41st international conference on computer design (ICCD), 574-577, 2023",
      "year": 2023,
      "citations": 6
    },
    {
      "title": "Performance of adaptive deep learning models for dose predictions on high-quality cone-beam computed tomography images",
      "url": "https://scholar.google.com/citations?view_op=view_citation&hl=en&user=xcKId0oAAAAJ&citation_for_view=xcKId0oAAAAJ:roLk4NBRz8UC",
      "authors": "Z Dong, Y Hao, E Laugeman, GD Hugo, P Samson, Y Chen, T Zhao",
      "venue": "International Journal of Radiation Oncology, Biology, Physics 117 (2), e661, 2023",
      "year": 2023,
      "citations": 2
    },
    {
      "title": "Graph Neural Network High-Level Synthesis Benchmark Suite V1",
      "url": "https://scholar.google.com/citations?view_op=view_citation&hl=en&user=xcKId0oAAAAJ&citation_for_view=xcKId0oAAAAJ:ufrVoPGSRksC",
      "authors": "C Zhao, Z Dong, Y Chen, X Zhang, R Chamberlain",
      "venue": "Washington University in St. Louis, 2023",
      "year": 2023,
      "citations": 2
    },
    {
      "title": "Dosegnn: An Adaptive Deep Learning Model for Dose-Volume Histogram Prediction",
      "url": "https://scholar.google.com/citations?view_op=view_citation&hl=en&user=xcKId0oAAAAJ&citation_for_view=xcKId0oAAAAJ:LkGwnXOMwfcC",
      "authors": "Z Dnog, Y Chen, T Zhao",
      "venue": "AAPM 65th Annual Meeting & Exhibition, 2023",
      "year": 2023,
      "citations": 1
    },
    {
      "title": "Interpreting the mechanism of synergis m for drug combinations using attention-based hierarchical graph pooling. Cancers 2023; 15: 4210",
      "url": "https://scholar.google.com/citations?view_op=view_citation&hl=en&user=xcKId0oAAAAJ&citation_for_view=xcKId0oAAAAJ:eQOLeE2rZwMC",
      "authors": "Z Dong, H Zhang, Y Chen, PRO Payne, F Li",
      "venue": "",
      "citations": 1,
      "year": 2023
    },
    {
      "title": "Time Associated Meta Learning for Clinical Prediction",
      "url": "https://scholar.google.com/citations?view_op=view_citation&hl=en&user=xcKId0oAAAAJ&citation_for_view=xcKId0oAAAAJ:Tyk-4Ss8FVUC",
      "authors": "H Liu, M Zhang, Z Dong, L Kong, Y Chen, B Fritz, D Tao, C King",
      "venue": "arXiv preprint arXiv:2303.02570, 2023",
      "year": 2023,
      "citations": 0
    },
    {
      "title": "Universal Normalization Enhanced Graph Representation Learning for Gene Network Prediction",
      "url": "https://scholar.google.com/citations?view_op=view_citation&hl=en&user=xcKId0oAAAAJ&citation_for_view=xcKId0oAAAAJ:hqOjcs7Dif8C",
      "authors": "Z Dong, M Zhang, Q Zhao, PRO Payne, MA Province, C Cruchaga, ...",
      "venue": "CoRR, 2023",
      "year": 2023,
      "citations": 0
    },
    {
      "title": "TOI-3714 b and TOI-3629 b: Two Gas Giants Transiting M Dwarfs Confirmed with the Habitable-zone Planet Finder and NEID",
      "url": "https://scholar.google.com/citations?view_op=view_citation&hl=en&user=xcKId0oAAAAJ&citation_for_view=xcKId0oAAAAJ:5nxA0vEk-isC",
      "authors": "CI Cañas, S Kanodia, CF Bender, S Mahadevan, G Stefánsson, ...",
      "venue": "The Astronomical Journal 164 (2), 50, 2022",
      "year": 2022,
      "citations": 46
    },
    {
      "title": "Pace: A parallelizable computation encoder for directed acyclic graphs",
      "url": "https://scholar.google.com/citations?view_op=view_citation&hl=en&user=xcKId0oAAAAJ&citation_for_view=xcKId0oAAAAJ:qjMakFHDy7sC",
      "authors": "Z Dong, M Zhang, F Li, Y Chen",
      "venue": "International conference on machine learning, 5360-5377, 2022",
      "year": 2022,
      "citations": 26
    },
    {
      "title": "Efficient nonmyopic online allocation of scarce reusable resources",
      "url": "https://scholar.google.com/citations?view_op=view_citation&hl=en&user=xcKId0oAAAAJ&citation_for_view=xcKId0oAAAAJ:9yKSN-GCB0IC",
      "authors": "Z Dong, S Das, P Fowler, CJ Ho",
      "venue": "AAMAS Conference proceedings, 2021",
      "year": 2021,
      "citations": 7
    },
    {
      "title": "Interpretable drug synergy prediction with graph neural networks for human-AI collaboration in healthcare",
      "url": "https://scholar.google.com/citations?view_op=view_citation&hl=en&user=xcKId0oAAAAJ&citation_for_view=xcKId0oAAAAJ:d1gkVwhDpl0C",
      "authors": "Z Dong, H Zhang, Y Chen, F Li",
      "venue": "arXiv preprint arXiv:2105.07082, 2021",
      "year": 2021,
      "citations": 6
    }
  ],
  "co_authors": []
}