{
  "author_info": {
    "name": "Yibo Yang",
    "affiliation": "Research Scientist, KAUST",
    "email_verified": "Verified email at pku.edu.cn - Homepage",
    "website": "https://iboing.github.io/",
    "interests": [
      "Machine Learning",
      "Continual Learning",
      "Post-Training"
    ],
    "photo_url": "https://scholar.googleusercontent.com/citations?view_op=view_photo&user=DxXXnCcAAAAJ&citpid=8"
  },
  "citation_stats": {
    "citations_all": 3571,
    "citations_since_2020": 3505,
    "h_index_all": 26,
    "h_index_since_2020": 26,
    "i10_index_all": 40,
    "i10_index_since_2020": 40,
    "citation_graph": [
      {
        "year": 2018,
        "citations": 11
      },
      {
        "year": 2019,
        "citations": 51
      },
      {
        "year": 2020,
        "citations": 144
      },
      {
        "year": 2021,
        "citations": 283
      },
      {
        "year": 2022,
        "citations": 380
      },
      {
        "year": 2023,
        "citations": 585
      },
      {
        "year": 2024,
        "citations": 1046
      },
      {
        "year": 2025,
        "citations": 1060
      }
    ]
  },
  "papers": [
    {
      "title": "Towards open vocabulary learning: A survey",
      "url": "https://scholar.google.com/citations?view_op=view_citation&hl=en&user=DxXXnCcAAAAJ&citation_for_view=DxXXnCcAAAAJ:_FM0Bhl9EiAC",
      "authors": "J Wu, X Li, S Xu, H Yuan, H Ding, Y Yang, X Li, J Zhang, Y Tong, X Jiang, ...",
      "venue": "IEEE Transactions on Pattern Analysis and Machine Intelligence 46 (7), 5092-5113, 2024",
      "year": 2024,
      "citations": 235
    },
    {
      "title": "Renaissance: A survey into ai text-to-image generation in the era of large model",
      "url": "https://scholar.google.com/citations?view_op=view_citation&hl=en&user=DxXXnCcAAAAJ&citation_for_view=DxXXnCcAAAAJ:3htObqc8RwsC",
      "authors": "F Bie, Y Yang, Z Zhou, A Ghanem, M Zhang, Z Yao, X Wu, C Holmes, ...",
      "venue": "IEEE transactions on pattern analysis and machine intelligence, 2024",
      "year": 2024,
      "citations": 68
    },
    {
      "title": "Neural collapse inspired feature-classifier alignment for few-shot class incremental learning",
      "url": "https://scholar.google.com/citations?view_op=view_citation&hl=en&user=DxXXnCcAAAAJ&citation_for_view=DxXXnCcAAAAJ:_axFR9aDTf0C",
      "authors": "Y Yang, H Yuan, X Li, Z Lin, P Torr, D Tao",
      "venue": "ICLR 2023, 2023",
      "year": 2023,
      "citations": 228
    },
    {
      "title": "Understanding imbalanced semantic segmentation through neural collapse",
      "url": "https://scholar.google.com/citations?view_op=view_citation&hl=en&user=DxXXnCcAAAAJ&citation_for_view=DxXXnCcAAAAJ:bz8QjSJIRt4C",
      "authors": "Z Zhong*, J Cui*, Y Yang*, X Wu, X Qi, X Zhang, J Jia",
      "venue": "Proceedings of the IEEE/CVF Conference on Computer Vision and Pattern …, 2023",
      "year": 2023,
      "citations": 81
    },
    {
      "title": "Multi-task learning with multi-query transformer for dense prediction",
      "url": "https://scholar.google.com/citations?view_op=view_citation&hl=en&user=DxXXnCcAAAAJ&citation_for_view=DxXXnCcAAAAJ:t7zJ5fGR-2UC",
      "authors": "Y Xu, X Li, H Yuan, Y Yang, L Zhang",
      "venue": "IEEE Transactions on Circuits and Systems for Video Technology 34 (2), 1228-1240, 2023",
      "year": 2023,
      "citations": 80
    },
    {
      "title": "DeMT: Deformable mixer transformer for multi-task learning of dense prediction",
      "url": "https://scholar.google.com/citations?view_op=view_citation&hl=en&user=DxXXnCcAAAAJ&citation_for_view=DxXXnCcAAAAJ:sNmaIFBj_lkC",
      "authors": "Y Xu, Y Yang, L Zhang",
      "venue": "Proceedings of the AAAI conference on artificial intelligence 37 (3), 3072-3080, 2023",
      "year": 2023,
      "citations": 79
    },
    {
      "title": "Neural collapse inspired attraction–repulsion-balanced loss for imbalanced learning",
      "url": "https://scholar.google.com/citations?view_op=view_citation&hl=en&user=DxXXnCcAAAAJ&citation_for_view=DxXXnCcAAAAJ:k8Z6L05lTy4C",
      "authors": "L Xie, Y Yang, D Cai, X He",
      "venue": "Neurocomputing 527, 60-70, 2023",
      "year": 2023,
      "citations": 62
    },
    {
      "title": "Problem-Dependent Power of Quantum Neural Networks on Multiclass Classification",
      "url": "https://scholar.google.com/citations?view_op=view_citation&hl=en&user=DxXXnCcAAAAJ&citation_for_view=DxXXnCcAAAAJ:foquWX3nUaYC",
      "authors": "Y Du, Y Yang, D Tao, MH Hsieh",
      "venue": "Physical Review Letters 131 (14), 140601, 2023",
      "year": 2023,
      "citations": 60
    },
    {
      "title": "Sfnet: Faster and Accurate Semantic Segmentation Via Semantic Flow",
      "url": "https://scholar.google.com/citations?view_op=view_citation&hl=en&user=DxXXnCcAAAAJ&citation_for_view=DxXXnCcAAAAJ:xtoqd-5pKcoC",
      "authors": "X Li, J Zhang, Y Yang, G Cheng, K Yang, Y Tong, D Tao",
      "venue": "International Journal of Computer Vision, 1-24, 2023",
      "year": 2023,
      "citations": 60
    },
    {
      "title": "TransVOD: End-to-end Video Object Detection with Spatial-Temporal Transformers",
      "url": "https://scholar.google.com/citations?view_op=view_citation&hl=en&user=DxXXnCcAAAAJ&citation_for_view=DxXXnCcAAAAJ:tuHXwOkdijsC",
      "authors": "Q Zhou, X Li, L He, Y Yang, G Cheng, Y Tong, L Ma, D Tao",
      "venue": "IEEE Transactions on Pattern Analysis and Machine Intelligence, 2022",
      "year": 2022,
      "citations": 214
    },
    {
      "title": "Inducing Neural Collapse in Imbalanced Learning: Do We Really Need a Learnable Classifier at the End of Deep Neural Network?",
      "url": "https://scholar.google.com/citations?view_op=view_citation&hl=en&user=DxXXnCcAAAAJ&citation_for_view=DxXXnCcAAAAJ:0N-VGjzr574C",
      "authors": "Y Yang, S Chen, X Li, L Xie, Z Lin, D Tao",
      "venue": "Advances in Neural Information Processing Systems 35, 37991-38002, 2022",
      "year": 2022,
      "citations": 180
    },
    {
      "title": "View vertically: A hierarchical network for trajectory prediction via fourier spectrums",
      "url": "https://scholar.google.com/citations?view_op=view_citation&hl=en&user=DxXXnCcAAAAJ&citation_for_view=DxXXnCcAAAAJ:5qfkUJPXOUwC",
      "authors": "C Wong, B Xia, Z Hong, Q Peng, W Yuan, Q Cao, Y Yang, X You",
      "venue": "European Conference on Computer Vision, 682-700, 2022",
      "year": 2022,
      "citations": 97
    },
    {
      "title": "Panoptic-partformer: Learning a unified model for panoptic part segmentation",
      "url": "https://scholar.google.com/citations?view_op=view_citation&hl=en&user=DxXXnCcAAAAJ&citation_for_view=DxXXnCcAAAAJ:PVjk1bu6vJQC",
      "authors": "X Li, S Xu, Y Yang, G Cheng, Y Tong, D Tao",
      "venue": "European Conference on Computer Vision, 729-747, 2022",
      "year": 2022,
      "citations": 58
    },
    {
      "title": "Towards improving the consistency, efficiency, and flexibility of differentiable neural architecture search",
      "url": "https://scholar.google.com/citations?view_op=view_citation&hl=en&user=DxXXnCcAAAAJ&citation_for_view=DxXXnCcAAAAJ:edDO8Oi4QzsC",
      "authors": "Y Yang, S You, H Li, F Wang, C Qian, Z Lin",
      "venue": "Proceedings of the IEEE/CVF conference on computer vision and pattern …, 2021",
      "year": 2021,
      "citations": 59
    },
    {
      "title": "Spatial pyramid based graph reasoning for semantic segmentation",
      "url": "https://scholar.google.com/citations?view_op=view_citation&hl=en&user=DxXXnCcAAAAJ&citation_for_view=DxXXnCcAAAAJ:q3CdL3IzO_QC",
      "authors": "X Li*, Y Yang*, Q Zhao, T Shen, Z Lin, H Liu",
      "venue": "Proceedings of the IEEE/CVF Conference on Computer Vision and Pattern …, 2020",
      "year": 2020,
      "citations": 234
    },
    {
      "title": "Sognet: Scene overlap graph network for panoptic segmentation",
      "url": "https://scholar.google.com/citations?view_op=view_citation&hl=en&user=DxXXnCcAAAAJ&citation_for_view=DxXXnCcAAAAJ:ruyezt5ZtCIC",
      "authors": "Y Yang, H Li, X Li, Q Zhao, J Wu, Z Lin",
      "venue": "Proceedings of the AAAI Conference on Artificial Intelligence 34 (07), 12637 …, 2020",
      "year": 2020,
      "citations": 80
    },
    {
      "title": "Ista-nas: Efficient and consistent neural architecture search by sparse coding",
      "url": "https://scholar.google.com/citations?view_op=view_citation&hl=en&user=DxXXnCcAAAAJ&citation_for_view=DxXXnCcAAAAJ:XoXfffV-tXoC",
      "authors": "Y Yang, H Li, S You, F Wang, C Qian, Z Lin",
      "venue": "Advances in Neural Information Processing Systems 33, 10503-10513, 2020",
      "year": 2020,
      "citations": 70
    },
    {
      "title": "Expectation-maximization attention networks for semantic segmentation",
      "url": "https://scholar.google.com/citations?view_op=view_citation&hl=en&user=DxXXnCcAAAAJ&citation_for_view=DxXXnCcAAAAJ:B3FOqHPlNUQC",
      "authors": "X Li, Z Zhong, J Wu, Y Yang, Z Lin, H Liu",
      "venue": "Proceedings of the IEEE/CVF International Conference on Computer Vision …, 2019",
      "year": 2019,
      "citations": 830
    },
    {
      "title": "Convolutional neural networks with alternately updated clique",
      "url": "https://scholar.google.com/citations?view_op=view_citation&hl=en&user=DxXXnCcAAAAJ&citation_for_view=DxXXnCcAAAAJ:08ZZubdj9fEC",
      "authors": "Y Yang, Z Zhong, T Shen, Z Lin",
      "venue": "Proceedings of the IEEE Conference on Computer Vision and Pattern …, 2018",
      "year": 2018,
      "citations": 167
    },
    {
      "title": "Joint sub-bands learning with clique structures for wavelet domain super-resolution",
      "url": "https://scholar.google.com/citations?view_op=view_citation&hl=en&user=DxXXnCcAAAAJ&citation_for_view=DxXXnCcAAAAJ:vRqMK49ujn8C",
      "authors": "Z Zhong, T Shen, Y Yang, Z Lin, C Zhang",
      "venue": "Advances in Neural Information Processing Systems 31, 165-175, 2018",
      "year": 2018,
      "citations": 93
    }
  ],
  "co_authors": [
    {
      "name": "Zhouchen Lin",
      "scholar_id": "TanjFwoAAAAJ",
      "url": "https://scholar.google.com/citations?user=TanjFwoAAAAJ"
    },
    {
      "name": "Dacheng Tao",
      "scholar_id": "RwlJNLcAAAAJ",
      "url": "https://scholar.google.com/citations?user=RwlJNLcAAAAJ"
    },
    {
      "name": "Xiangtai Li",
      "scholar_id": "FL3ReD0AAAAJ",
      "url": "https://scholar.google.com/citations?user=FL3ReD0AAAAJ"
    },
    {
      "name": "Bernard Ghanem",
      "scholar_id": "rVsGTeEAAAAJ",
      "url": "https://scholar.google.com/citations?user=rVsGTeEAAAAJ"
    },
    {
      "name": "Yunhai Tong",
      "scholar_id": "T4gqdPkAAAAJ",
      "url": "https://scholar.google.com/citations?user=T4gqdPkAAAAJ"
    },
    {
      "name": "Jianlong Wu",
      "scholar_id": "XGeEH-IAAAAJ",
      "url": "https://scholar.google.com/citations?user=XGeEH-IAAAAJ"
    },
    {
      "name": "Xia Li",
      "scholar_id": "XKGZhEcAAAAJ",
      "url": "https://scholar.google.com/citations?user=XKGZhEcAAAAJ"
    },
    {
      "name": "Zhisheng Zhong",
      "scholar_id": "u-2_7C8AAAAJ",
      "url": "https://scholar.google.com/citations?user=u-2_7C8AAAAJ"
    },
    {
      "name": "Philip Torr",
      "scholar_id": "kPxa2w0AAAAJ",
      "url": "https://scholar.google.com/citations?user=kPxa2w0AAAAJ"
    },
    {
      "name": "Hong Liu",
      "scholar_id": "WLMUAjsAAAAJ",
      "url": "https://scholar.google.com/citations?user=WLMUAjsAAAAJ"
    },
    {
      "name": "Hongyang Li",
      "scholar_id": "eDAw--gAAAAJ",
      "url": "https://scholar.google.com/citations?user=eDAw--gAAAAJ"
    },
    {
      "name": "Xiaojie Li",
      "scholar_id": "0PcPQfQAAAAJ",
      "url": "https://scholar.google.com/citations?user=0PcPQfQAAAAJ"
    },
    {
      "name": "Shan You",
      "scholar_id": "rFe-3twAAAAJ",
      "url": "https://scholar.google.com/citations?user=rFe-3twAAAAJ"
    },
    {
      "name": "Ming-Hsuan Yang",
      "scholar_id": "p9-ohHsAAAAJ",
      "url": "https://scholar.google.com/citations?user=p9-ohHsAAAAJ"
    },
    {
      "name": "Liqiang Nie, IAPR Fellow",
      "scholar_id": "yywVMhUAAAAJ",
      "url": "https://scholar.google.com/citations?user=yywVMhUAAAAJ"
    },
    {
      "name": "Yuxuan Du",
      "scholar_id": "50sFkzIAAAAJ",
      "url": "https://scholar.google.com/citations?user=50sFkzIAAAAJ"
    },
    {
      "name": "Shixiang Chen",
      "scholar_id": "WChDBRkAAAAJ",
      "url": "https://scholar.google.com/citations?user=WChDBRkAAAAJ"
    },
    {
      "name": "Xiangyu Zhang",
      "scholar_id": "yuB-cfoAAAAJ",
      "url": "https://scholar.google.com/citations?user=yuB-cfoAAAAJ"
    },
    {
      "name": "Tongliang Liu",
      "scholar_id": "EiLdZ_YAAAAJ",
      "url": "https://scholar.google.com/citations?user=EiLdZ_YAAAAJ"
    },
    {
      "name": "Hasan Abed Al Kader Hammoud",
      "scholar_id": "Plf1JSIAAAAJ",
      "url": "https://scholar.google.com/citations?user=Plf1JSIAAAAJ"
    }
  ]
}