{
  "author_info": {
    "name": "Yunhao Fang",
    "affiliation": "Research Scientist @ ByteDance",
    "email_verified": "Verified email at bytedance.com - Homepage",
    "website": "https://seerkfang.github.io/",
    "interests": [
      "Artificial Intelligence",
      "Machine Learning"
    ],
    "photo_url": "https://scholar.googleusercontent.com/citations?view_op=view_photo&user=vrYHLMgAAAAJ&citpid=1"
  },
  "citation_stats": {
    "citations_all": 938,
    "citations_since_2020": 938,
    "h_index_all": 11,
    "h_index_since_2020": 11,
    "i10_index_all": 11,
    "i10_index_since_2020": 11,
    "citation_graph": [
      {
        "year": 2023,
        "citations": 25
      },
      {
        "year": 2024,
        "citations": 156
      },
      {
        "year": 2025,
        "citations": 757
      }
    ]
  },
  "papers": [
    {
      "title": "Seed1. 5-vl technical report",
      "url": "https://scholar.google.com/citations?view_op=view_citation&hl=en&user=vrYHLMgAAAAJ&citation_for_view=vrYHLMgAAAAJ:eQOLeE2rZwMC",
      "authors": "D Guo, F Wu, F Zhu, F Leng, G Shi, H Chen, H Fan, J Wang, J Jiang, ...",
      "venue": "arXiv preprint arXiv:2505.07062, 2025",
      "year": 2025,
      "citations": 117
    },
    {
      "title": "Nvila: Efficient frontier visual language models",
      "url": "https://scholar.google.com/citations?view_op=view_citation&hl=en&user=vrYHLMgAAAAJ&citation_for_view=vrYHLMgAAAAJ:Y0pCki6q_DkC",
      "authors": "Z Liu, L Zhu, B Shi, Z Zhang, Y Lou, S Yang, H Xi, S Cao, Y Gu, D Li, X Li, ...",
      "venue": "Proceedings of the Computer Vision and Pattern Recognition Conference, 4122-4134, 2025",
      "year": 2025,
      "citations": 93
    },
    {
      "title": "WorldModelBench: Judging Video Generation Models As World Models",
      "url": "https://scholar.google.com/citations?view_op=view_citation&hl=en&user=vrYHLMgAAAAJ&citation_for_view=vrYHLMgAAAAJ:YsMSGLbcyi4C",
      "authors": "D Li*, Y Fang*, Y Chen, S Yang, S Cao, J Wong, M Luo, X Wang, H Yin, ...",
      "venue": "arXiv preprint arXiv:2502.20694, 2025",
      "year": 2025,
      "citations": 21
    },
    {
      "title": "Egovla: Learning vision-language-action models from egocentric human videos",
      "url": "https://scholar.google.com/citations?view_op=view_citation&hl=en&user=vrYHLMgAAAAJ&citation_for_view=vrYHLMgAAAAJ:_FxGoFyzp5QC",
      "authors": "R Yang, Q Yu, Y Wu, R Yan, B Li, AC Cheng, X Zou, Y Fang, X Cheng, ...",
      "venue": "arXiv preprint arXiv:2507.12440, 2025",
      "year": 2025,
      "citations": 19
    },
    {
      "title": "Lumine: An Open Recipe for Building Generalist Agents in 3D Open Worlds",
      "url": "https://scholar.google.com/citations?view_op=view_citation&hl=en&user=vrYHLMgAAAAJ&citation_for_view=vrYHLMgAAAAJ:UebtZRa9Y70C",
      "authors": "W Tan, X Li, Y Fang, H Yao, S Yan, H Luo, T Ao, H Li, H Ren, B Yi, Y Qin, ...",
      "venue": "arXiv preprint arXiv:2511.08892, 2025",
      "year": 2025,
      "citations": 0
    },
    {
      "title": "Artificial Hippocampus Networks for Efficient Long-Context Modeling",
      "url": "https://scholar.google.com/citations?view_op=view_citation&hl=en&user=vrYHLMgAAAAJ&citation_for_view=vrYHLMgAAAAJ:roLk4NBRz8UC",
      "authors": "Y Fang, W Yu, S Zhong, Q Ye, X Xiong, L Wei",
      "venue": "arXiv preprint arXiv:2510.07318, 2025",
      "year": 2025,
      "citations": 0
    },
    {
      "title": "Deductive verification of chain-of-thought reasoning",
      "url": "https://scholar.google.com/citations?view_op=view_citation&hl=en&user=vrYHLMgAAAAJ&citation_for_view=vrYHLMgAAAAJ:u5HHmVD_uO8C",
      "authors": "Z Ling*, Y Fang*, X Li, Z Huang, M Lee, R Memisevic, H Su",
      "venue": "Advances in Neural Information Processing Systems 36, 2024",
      "year": 2024,
      "citations": 211
    },
    {
      "title": "Longvila: Scaling long-context visual language models for long videos",
      "url": "https://scholar.google.com/citations?view_op=view_citation&hl=en&user=vrYHLMgAAAAJ&citation_for_view=vrYHLMgAAAAJ:IjCSPb-OGe4C",
      "authors": "Y Chen, F Xue, D Li, Q Hu, L Zhu, X Li, Y Fang, H Tang, S Yang, Z Liu, ...",
      "venue": "arXiv preprint arXiv:2408.10188, 2024",
      "year": 2024,
      "citations": 171
    },
    {
      "title": "Vila-u: a unified foundation model integrating visual understanding and generation",
      "url": "https://scholar.google.com/citations?view_op=view_citation&hl=en&user=vrYHLMgAAAAJ&citation_for_view=vrYHLMgAAAAJ:zYLM7Y9cAGgC",
      "authors": "Y Wu, Z Zhang, J Chen, H Tang, D Li, Y Fang, L Zhu, E Xie, H Yin, L Yi, ...",
      "venue": "arXiv preprint arXiv:2409.04429, 2024",
      "year": 2024,
      "citations": 164
    },
    {
      "title": "VILA: VILA Augmented VILA",
      "url": "https://scholar.google.com/citations?view_op=view_citation&hl=en&user=vrYHLMgAAAAJ&citation_for_view=vrYHLMgAAAAJ:UeHWp8X0CEIC",
      "authors": "Y Fang*, L Zhu*, Y Lu, Y Wang, P Molchanov, JH Cho, M Pavone, S Han, ...",
      "venue": "arXiv preprint arXiv:2407.17453, 2024",
      "year": 2024,
      "citations": 35
    },
    {
      "title": "Policy decorator: Model-agnostic online refinement for large policy model",
      "url": "https://scholar.google.com/citations?view_op=view_citation&hl=en&user=vrYHLMgAAAAJ&citation_for_view=vrYHLMgAAAAJ:W7OEmFMy1HYC",
      "authors": "X Yuan, T Mu, S Tao, Y Fang, M Zhang, H Su",
      "venue": "arXiv preprint arXiv:2412.13630, 2024",
      "year": 2024,
      "citations": 13
    },
    {
      "title": "Distilling large vision-language model with out-of-distribution generalizability",
      "url": "https://scholar.google.com/citations?view_op=view_citation&hl=en&user=vrYHLMgAAAAJ&citation_for_view=vrYHLMgAAAAJ:u-x6o8ySG0sC",
      "authors": "X Li*, Y Fang*, M Liu, Z Ling, Z Tu, H Su",
      "venue": "Proceedings of the IEEE/CVF International Conference on Computer Vision …, 2023",
      "year": 2023,
      "citations": 54
    },
    {
      "title": "Partslip++: Enhancing low-shot 3d part segmentation via multi-view instance segmentation and maximum likelihood estimation",
      "url": "https://scholar.google.com/citations?view_op=view_citation&hl=en&user=vrYHLMgAAAAJ&citation_for_view=vrYHLMgAAAAJ:9yKSN-GCB0IC",
      "authors": "Y Zhou, J Gu, X Li, M Liu, Y Fang, H Su",
      "venue": "arXiv preprint arXiv:2312.03015, 2023",
      "year": 2023,
      "citations": 33
    },
    {
      "title": "Unleashing the creative mind: Language model as hierarchical policy for improved exploration on challenging problem solving",
      "url": "https://scholar.google.com/citations?view_op=view_citation&hl=en&user=vrYHLMgAAAAJ&citation_for_view=vrYHLMgAAAAJ:d1gkVwhDpl0C",
      "authors": "Z Ling, Y Fang, X Li, T Mu, M Lee, R Pourreza, R Memisevic, H Su",
      "venue": "arXiv preprint arXiv:2311.00694, 2023",
      "year": 2023,
      "citations": 7
    }
  ],
  "co_authors": [
    {
      "name": "Song Han",
      "scholar_id": "E0iCaa4AAAAJ",
      "url": "https://scholar.google.com/citations?user=E0iCaa4AAAAJ"
    },
    {
      "name": "Hao Su",
      "scholar_id": "1P8Zu04AAAAJ",
      "url": "https://scholar.google.com/citations?user=1P8Zu04AAAAJ"
    }
  ]
}