{
  "author_info": {
    "name": "Chensheng Peng",
    "affiliation": "UC Berkeley",
    "email_verified": "Verified email at berkeley.edu",
    "interests": [
      "Computer Vision",
      "Robotics",
      "Computer Graphics"
    ],
    "photo_url": "/citations/images/avatar_scholar_128.png"
  },
  "citation_stats": {
    "citations_all": 207,
    "citations_since_2020": 207,
    "h_index_all": 9,
    "h_index_since_2020": 9,
    "i10_index_all": 8,
    "i10_index_since_2020": 8,
    "citation_graph": [
      {
        "year": 2022,
        "citations": 4
      },
      {
        "year": 2023,
        "citations": 12
      },
      {
        "year": 2024,
        "citations": 48
      },
      {
        "year": 2025,
        "citations": 142
      }
    ]
  },
  "papers": [
    {
      "title": "Desire-gs: 4d street gaussians for static-dynamic decomposition and surface reconstruction for urban driving scenes",
      "url": "https://scholar.google.com/citations?view_op=view_citation&hl=en&user=DbZxclcAAAAJ&citation_for_view=DbZxclcAAAAJ:RYcK_YlVTxYC",
      "authors": "C Peng, C Zhang, Y Wang, C Xu, Y Xie, W Zheng, K Keutzer, M Tomizuka, ...",
      "venue": "Proceedings of the Computer Vision and Pattern Recognition Conference (CVPR …, 2025",
      "year": 2025,
      "citations": 19
    },
    {
      "title": "Compgs: Unleashing 2d compositionality for compositional text-to-3d via dynamically optimizing 3d gaussians",
      "url": "https://scholar.google.com/citations?view_op=view_citation&hl=en&user=DbZxclcAAAAJ&citation_for_view=DbZxclcAAAAJ:RGFaLdJalmkC",
      "authors": "C Ge, C Xu, Y Ji, C Peng, M Tomizuka, P Luo, M Ding, V Jampani, ...",
      "venue": "Proceedings of the Computer Vision and Pattern Recognition Conference (CVPR …, 2025",
      "year": 2025,
      "citations": 6
    },
    {
      "title": "R3D2: Realistic 3D Asset Insertion via Diffusion for Autonomous Driving Simulation",
      "url": "https://scholar.google.com/citations?view_op=view_citation&hl=en&user=DbZxclcAAAAJ&citation_for_view=DbZxclcAAAAJ:2P1L_qKh6hAC",
      "authors": "W Ljungbergh, B Taveira, W Zheng, A Tonderski, C Peng, F Kahl, ...",
      "venue": "arXiv preprint arXiv:2506.07826, 2025",
      "year": 2025,
      "citations": 2
    },
    {
      "title": "S2GO: Streaming Sparse Gaussian Occupancy Prediction",
      "url": "https://scholar.google.com/citations?view_op=view_citation&hl=en&user=DbZxclcAAAAJ&citation_for_view=DbZxclcAAAAJ:70eg2SAEIzsC",
      "authors": "J Park, Y Hu, C Peng, W Zheng, K Kitani, W Zhan",
      "venue": "arXiv preprint arXiv:2506.05473, 2025",
      "year": 2025,
      "citations": 2
    },
    {
      "title": "Ver: Vision expert transformer for robot learning via foundation distillation and dynamic routing",
      "url": "https://scholar.google.com/citations?view_op=view_citation&hl=en&user=DbZxclcAAAAJ&citation_for_view=DbZxclcAAAAJ:ldfaerwXgEUC",
      "authors": "Y Wang, M Huo, Z Liang, Y Du, L Sun, H Lin, J Shang, C Peng, M Bansal, ...",
      "venue": "arXiv preprint arXiv:2510.05213, 2025",
      "year": 2025,
      "citations": 1
    },
    {
      "title": "A Lesson in Splats: Teacher-Guided Diffusion for 3D Gaussian Splats Generation with 2D Supervision",
      "url": "https://scholar.google.com/citations?view_op=view_citation&hl=en&user=DbZxclcAAAAJ&citation_for_view=DbZxclcAAAAJ:vV6vV6tmYwMC",
      "authors": "C Peng, I Sobol, M Tomizuka, K Keutzer, C Xu, O Litany",
      "venue": "Proceedings of the IEEE/CVF International Conference on Computer Vision …, 2025",
      "year": 2025,
      "citations": 1
    },
    {
      "title": "BEV-GS: Feed-forward Gaussian Splatting in Bird's-Eye-View for Road Reconstruction",
      "url": "https://scholar.google.com/citations?view_op=view_citation&hl=en&user=DbZxclcAAAAJ&citation_for_view=DbZxclcAAAAJ:35N4QoGY0k4C",
      "authors": "W Wu, T Zhao, C Peng, L Yang, Y Wei, Z Liu, H Wang",
      "venue": "arXiv preprint arXiv:2504.13207, 2025",
      "year": 2025,
      "citations": 0
    },
    {
      "title": "Dvlo: Deep visual-lidar odometry with local-to-global feature fusion and bi-directional structure alignment",
      "url": "https://scholar.google.com/citations?view_op=view_citation&hl=en&user=DbZxclcAAAAJ&citation_for_view=DbZxclcAAAAJ:YFjsv_pBGBYC",
      "authors": "J Liu, D Zhuo, Z Feng, S Zhu, C Peng, Z Liu, H Wang",
      "venue": "European Conference on Computer Vision, 475-493, 2024",
      "year": 2024,
      "citations": 39
    },
    {
      "title": "Optimizing diffusion models for joint trajectory prediction and controllable generation",
      "url": "https://scholar.google.com/citations?view_op=view_citation&hl=en&user=DbZxclcAAAAJ&citation_for_view=DbZxclcAAAAJ:O3NaXMp0MMsC",
      "authors": "Y Wang, C Tang, L Sun, S Rossi, Y Xie, C Peng, T Hannagan, S Sabatini, ...",
      "venue": "European Conference on Computer Vision, 324-341, 2024",
      "year": 2024,
      "citations": 21
    },
    {
      "title": "PNAS-MOT: multi-modal object tracking with pareto neural architecture search",
      "url": "https://scholar.google.com/citations?view_op=view_citation&hl=en&user=DbZxclcAAAAJ&citation_for_view=DbZxclcAAAAJ:NMxIlDl6LWMC",
      "authors": "C Peng, Z Zeng, J Gao, J Zhou, M Tomizuka, X Wang, C Zhou, N Ye",
      "venue": "IEEE Robotics and Automation Letters 9 (5), 4377-4384, 2024",
      "year": 2024,
      "citations": 17
    },
    {
      "title": "Q-slam: Quadric representations for monocular slam",
      "url": "https://scholar.google.com/citations?view_op=view_citation&hl=en&user=DbZxclcAAAAJ&citation_for_view=DbZxclcAAAAJ:hMod-77fHWUC",
      "authors": "C Peng, C Xu, Y Wang, M Ding, H Yang, M Tomizuka, K Keutzer, ...",
      "venue": "Conference on Robot Learning (CoRL), 2024",
      "year": 2024,
      "citations": 13
    },
    {
      "title": "Joint pedestrian trajectory prediction through posterior sampling",
      "url": "https://scholar.google.com/citations?view_op=view_citation&hl=en&user=DbZxclcAAAAJ&citation_for_view=DbZxclcAAAAJ:BqipwSGYUEgC",
      "authors": "H Lin, Y Wang, M Huo, C Peng, Z Liu, M Tomizuka",
      "venue": "2024 IEEE/RSJ International Conference on Intelligent Robots and Systems …, 2024",
      "year": 2024,
      "citations": 9
    },
    {
      "title": "X-Drive: Cross-modality consistent multi-sensor data synthesis for driving scenarios",
      "url": "https://scholar.google.com/citations?view_op=view_citation&hl=en&user=DbZxclcAAAAJ&citation_for_view=DbZxclcAAAAJ:J_g5lzvAfSwC",
      "authors": "Y Xie, C Xu, C Peng, S Zhao, N Ho, AT Pham, M Ding, M Tomizuka, ...",
      "venue": "arXiv preprint arXiv:2411.01123, 2024",
      "year": 2024,
      "citations": 7
    },
    {
      "title": "Certifiable out-of-distribution generalization method, medium, and electronic device",
      "url": "https://scholar.google.com/citations?view_op=view_citation&hl=en&user=DbZxclcAAAAJ&citation_for_view=DbZxclcAAAAJ:NaGl4SEjCO4C",
      "authors": "N Ye, GU Qinying, L Zhu, Z Zhaoyu, S Jiayao, P Chensheng, PAN Bikang, ...",
      "venue": "US Patent App. 18/597,857, 2024",
      "year": 2024,
      "citations": 0
    },
    {
      "title": "Interactive multi-scale fusion of 2D and 3D features for multi-object vehicle tracking",
      "url": "https://scholar.google.com/citations?view_op=view_citation&hl=en&user=DbZxclcAAAAJ&citation_for_view=DbZxclcAAAAJ:4JMBOYKVnBMC",
      "authors": "G Wang, C Peng, Y Gu, J Zhang, H Wang",
      "venue": "IEEE Transactions on Intelligent Transportation Systems 24 (10), 10618-10627, 2023",
      "year": 2023,
      "citations": 39
    },
    {
      "title": "Delflow: Dense efficient learning of scene flow for large-scale point clouds",
      "url": "https://scholar.google.com/citations?view_op=view_citation&hl=en&user=DbZxclcAAAAJ&citation_for_view=DbZxclcAAAAJ:r0BpntZqJG4C",
      "authors": "C Peng, G Wang, XW Lo, X Wu, C Xu, M Tomizuka, W Zhan, H Wang",
      "venue": "Proceedings of the International Conference on Computer Vision (ICCV), 16901 …, 2023",
      "year": 2023,
      "citations": 17
    },
    {
      "title": "Certifiable out-of-distribution generalization",
      "url": "https://scholar.google.com/citations?view_op=view_citation&hl=en&user=DbZxclcAAAAJ&citation_for_view=DbZxclcAAAAJ:TFP_iSt0sucC",
      "authors": "N Ye, L Zhu, J Wang, Z Zeng, J Shao, C Peng, B Pan, K Li, J Zhu",
      "venue": "Proceedings of the AAAI Conference on Artificial Intelligence 37 (9), 10927 …, 2023",
      "year": 2023,
      "citations": 10
    },
    {
      "title": "DetectBench: an object detection benchmark for OOD generalization algorithms",
      "url": "https://scholar.google.com/citations?view_op=view_citation&hl=en&user=DbZxclcAAAAJ&citation_for_view=DbZxclcAAAAJ:JV2RwH3_ST0C",
      "authors": "F Wu, N Ye, C Peng, B Pan, H Lyu, H Shi",
      "venue": "",
      "citations": 4,
      "year": 2023
    },
    {
      "title": "Object Detection with OOD Generalizable Neural Architecture Search",
      "url": "https://scholar.google.com/citations?view_op=view_citation&hl=en&user=DbZxclcAAAAJ&citation_for_view=DbZxclcAAAAJ:GnPB-g6toBAC",
      "authors": "F Wu, N Ye, H Lanqing, Z Li, C Peng",
      "venue": "ICLR 2023 Workshop DG Poster, 2022",
      "year": 2022,
      "citations": 0
    }
  ],
  "co_authors": []
}