{
  "author_info": {
    "name": "Héctor Martínez Alonso",
    "affiliation": "Apple Inc",
    "email_verified": "Verified email at apple.com - Homepage",
    "website": "http://hectormartinez.github.io/",
    "interests": [
      "Natural language processing",
      "computational linguistics",
      "lexical semantics"
    ],
    "photo_url": "/citations/images/avatar_scholar_128.png"
  },
  "citation_stats": {
    "citations_all": 2326,
    "citations_since_2020": 1275,
    "h_index_all": 19,
    "h_index_since_2020": 12,
    "i10_index_all": 36,
    "i10_index_since_2020": 20,
    "citation_graph": [
      {
        "year": 2013,
        "citations": 16
      },
      {
        "year": 2014,
        "citations": 35
      },
      {
        "year": 2015,
        "citations": 72
      },
      {
        "year": 2016,
        "citations": 95
      },
      {
        "year": 2017,
        "citations": 164
      },
      {
        "year": 2018,
        "citations": 299
      },
      {
        "year": 2019,
        "citations": 344
      },
      {
        "year": 2020,
        "citations": 281
      },
      {
        "year": 2021,
        "citations": 287
      },
      {
        "year": 2022,
        "citations": 226
      },
      {
        "year": 2023,
        "citations": 221
      },
      {
        "year": 2024,
        "citations": 139
      },
      {
        "year": 2025,
        "citations": 121
      }
    ]
  },
  "papers": [
    {
      "title": "Conversational semantic parsing for dialog state tracking",
      "url": "https://scholar.google.com/citations?view_op=view_citation&hl=en&user=o0SKd-8AAAAJ&citation_for_view=o0SKd-8AAAAJ:rO6llkc54NcC",
      "authors": "J Cheng, D Agrawal, HM Alonso, S Bhargava, J Driesen, F Flego, ...",
      "venue": "Proceedings of the 2020 Conference on Empirical Methods in Natural Language …, 2020",
      "year": 2020,
      "citations": 63
    },
    {
      "title": "Multiword expressions: Between lexicography and NLP",
      "url": "https://scholar.google.com/citations?view_op=view_citation&hl=en&user=o0SKd-8AAAAJ&citation_for_view=o0SKd-8AAAAJ:RYcK_YlVTxYC",
      "authors": "P Gantar, L Colman, C Parra Escartín, H Martínez Alonso",
      "venue": "International Journal of Lexicography 32 (2), 138-162, 2019",
      "year": 2019,
      "citations": 38
    },
    {
      "title": "CoNLL 2018 shared task: Multilingual parsing from raw text to universal dependencies",
      "url": "https://scholar.google.com/citations?view_op=view_citation&hl=en&user=o0SKd-8AAAAJ&citation_for_view=o0SKd-8AAAAJ:isC4tDSrTZIC",
      "authors": "D Zeman, J Hajic, M Popel, M Potthast, M Straka, F Ginter, J Nivre, ...",
      "venue": "Proceedings of the CoNLL 2018 Shared Task: Multilingual parsing from raw …, 2018",
      "year": 2018,
      "citations": 745
    },
    {
      "title": "Universal Dependencies 2.2",
      "url": "https://scholar.google.com/citations?view_op=view_citation&hl=en&user=o0SKd-8AAAAJ&citation_for_view=o0SKd-8AAAAJ:D03iK_w7-QYC",
      "authors": "J Nivre, M Abrams, Ž Agić, L Ahrenberg, L Antonsen, MJ Aranzabe, ...",
      "venue": "",
      "citations": 259,
      "year": 2018
    },
    {
      "title": "When is multitask learning effective? semantic sequence prediction under varying data conditions",
      "url": "https://scholar.google.com/citations?view_op=view_citation&hl=en&user=o0SKd-8AAAAJ&citation_for_view=o0SKd-8AAAAJ:maZDTaKrznsC",
      "authors": "HM Alonso, B Plank",
      "venue": "Proceedings of the 15th Conference of the European Chapter of the …, 2017",
      "year": 2017,
      "citations": 232
    },
    {
      "title": "Parsing universal dependencies without training",
      "url": "https://scholar.google.com/citations?view_op=view_citation&hl=en&user=o0SKd-8AAAAJ&citation_for_view=o0SKd-8AAAAJ:4JMBOYKVnBMC",
      "authors": "HM Alonso, Ž Agić, B Plank, A Søgaard",
      "venue": "arXiv preprint arXiv:1701.03163, 2017",
      "year": 2017,
      "citations": 18
    },
    {
      "title": "Multilingual projection for parsing truly low-resource languages",
      "url": "https://scholar.google.com/citations?view_op=view_citation&hl=en&user=o0SKd-8AAAAJ&citation_for_view=o0SKd-8AAAAJ:IWHjjKOFINEC",
      "authors": "Ž Agić, A Johannsen, B Plank, HM Alonso, N Schluter, A Søgaard",
      "venue": "Transactions of the Association for Computational Linguistics 4, 301-312, 2016",
      "year": 2016,
      "citations": 154
    },
    {
      "title": "Universal Dependencies for the AnCora treebanks",
      "url": "https://scholar.google.com/citations?view_op=view_citation&hl=en&user=o0SKd-8AAAAJ&citation_for_view=o0SKd-8AAAAJ:mB3voiENLucC",
      "authors": "HM Alonso, D Zeman",
      "venue": "Procesamiento del Lenguaje Natural, 2016",
      "year": 2016,
      "citations": 32
    },
    {
      "title": "Msejrku at semeval-2016 task 14: Taxonomy enrichment by evidence ranking",
      "url": "https://scholar.google.com/citations?view_op=view_citation&hl=en&user=o0SKd-8AAAAJ&citation_for_view=o0SKd-8AAAAJ:7PzlFSSx8tAC",
      "authors": "M Schlichtkrull, HM Alonso",
      "venue": "Proceedings of the 10th international workshop on semantic evaluation …, 2016",
      "year": 2016,
      "citations": 20
    },
    {
      "title": "The SemDaX Corpus―Sense Annotations with Scalable Sense Inventories",
      "url": "https://scholar.google.com/citations?view_op=view_citation&hl=en&user=o0SKd-8AAAAJ&citation_for_view=o0SKd-8AAAAJ:QIV2ME_5wuYC",
      "authors": "BS Pedersen, A Braasch, A Johannsen, HM Alonso, S Nimb, S Olsen, ...",
      "venue": "Proceedings of the Tenth International Conference on Language Resources and …, 2016",
      "year": 2016,
      "citations": 19
    },
    {
      "title": "Inverted indexing for cross-lingual NLP",
      "url": "https://scholar.google.com/citations?view_op=view_citation&hl=en&user=o0SKd-8AAAAJ&citation_for_view=o0SKd-8AAAAJ:hqOjcs7Dif8C",
      "authors": "A Søgaard, Ž Agić, HM Alonso, B Plank, B Bohnet, A Johannsen",
      "venue": "Proceedings of the 53rd Annual Meeting of the Association for Computational …, 2015",
      "year": 2015,
      "citations": 84
    },
    {
      "title": "Universal dependencies for danish",
      "url": "https://scholar.google.com/citations?view_op=view_citation&hl=en&user=o0SKd-8AAAAJ&citation_for_view=o0SKd-8AAAAJ:5nxA0vEk-isC",
      "authors": "A Johannsen, HM Alonso, B Plank",
      "venue": "International Workshop on Treebanks and Linguistic Theories (TLT14), 157, 2015",
      "year": 2015,
      "citations": 42
    },
    {
      "title": "Using frame semantics for knowledge extraction from twitter",
      "url": "https://scholar.google.com/citations?view_op=view_citation&hl=en&user=o0SKd-8AAAAJ&citation_for_view=o0SKd-8AAAAJ:qjMakFHDy7sC",
      "authors": "A Søgaard, B Plank, H Alonso",
      "venue": "Proceedings of the AAAI Conference on Artificial Intelligence 29 (1), 2015",
      "year": 2015,
      "citations": 39
    },
    {
      "title": "Supersense tagging for Danish",
      "url": "https://scholar.google.com/citations?view_op=view_citation&hl=en&user=o0SKd-8AAAAJ&citation_for_view=o0SKd-8AAAAJ:bEWYMUwI8FkC",
      "authors": "HM Alonso, A Johannsen, S Olsen, S Nimb, NH Sørensen, A Braasch, ...",
      "venue": "Proceedings of the 20th Nordic Conference of Computational Linguistics …, 2015",
      "year": 2015,
      "citations": 27
    },
    {
      "title": "Looking hard: Eye tracking for detecting grammaticality of automatically compressed sentences",
      "url": "https://scholar.google.com/citations?view_op=view_citation&hl=en&user=o0SKd-8AAAAJ&citation_for_view=o0SKd-8AAAAJ:Y0pCki6q_DkC",
      "authors": "S Klerke, HM Alonso, A Søgaard",
      "venue": "",
      "citations": 27,
      "year": 2015
    },
    {
      "title": "Any-language frame-semantic parsing",
      "url": "https://scholar.google.com/citations?view_op=view_citation&hl=en&user=o0SKd-8AAAAJ&citation_for_view=o0SKd-8AAAAJ:_FxGoFyzp5QC",
      "authors": "A Johannsen, HM Alonso, A Søgaard",
      "venue": "Proceedings of the 2015 Conference on Empirical Methods in Natural Language …, 2015",
      "year": 2015,
      "citations": 22
    },
    {
      "title": "What’s in a p-value in NLP?",
      "url": "https://scholar.google.com/citations?view_op=view_citation&hl=en&user=o0SKd-8AAAAJ&citation_for_view=o0SKd-8AAAAJ:qxL8FJ1GzNcC",
      "authors": "A Søgaard, A Johannsen, B Plank, D Hovy, HM Alonso",
      "venue": "Proceedings of the eighteenth conference on computational natural language …, 2014",
      "year": 2014,
      "citations": 86
    },
    {
      "title": "More or less supervised supersense tagging of Twitter",
      "url": "https://scholar.google.com/citations?view_op=view_citation&hl=en&user=o0SKd-8AAAAJ&citation_for_view=o0SKd-8AAAAJ:M3ejUd6NZC8C",
      "authors": "A Johannsen, D Hovy, HM Alonso, B Plank, A Søgaard",
      "venue": "Proceedings of the Third Joint Conference on Lexical and Computational …, 2014",
      "year": 2014,
      "citations": 35
    },
    {
      "title": "Down-stream effects of tree-to-dependency conversions",
      "url": "https://scholar.google.com/citations?view_op=view_citation&hl=en&user=o0SKd-8AAAAJ&citation_for_view=o0SKd-8AAAAJ:u5HHmVD_uO8C",
      "authors": "J Elming, A Johannsen, S Klerke, E Lapponi, HM Alonso, A Søgaard",
      "venue": "Proceedings of the 2013 Conference of the North American Chapter of the …, 2013",
      "year": 2013,
      "citations": 47
    },
    {
      "title": "Annotation of regular polysemy and underspecification",
      "url": "https://scholar.google.com/citations?view_op=view_citation&hl=en&user=o0SKd-8AAAAJ&citation_for_view=o0SKd-8AAAAJ:u-x6o8ySG0sC",
      "authors": "HM Alonso, BS Pedersen, N Bel",
      "venue": "Proceedings of the 51st Annual Meeting of the Association for Computational …, 2013",
      "year": 2013,
      "citations": 27
    }
  ],
  "co_authors": [
    {
      "name": "Barbara Plank",
      "scholar_id": "5nGlwIQAAAAJ",
      "url": "https://scholar.google.com/citations?user=5nGlwIQAAAAJ"
    },
    {
      "name": "Zeljko Agic",
      "scholar_id": "uSnOCdkAAAAJ",
      "url": "https://scholar.google.com/citations?user=uSnOCdkAAAAJ"
    },
    {
      "name": "Daniel Zeman",
      "scholar_id": "QZsuZ_cAAAAJ",
      "url": "https://scholar.google.com/citations?user=QZsuZ_cAAAAJ"
    },
    {
      "name": "Dirk Hovy",
      "scholar_id": "7xluaTAAAAAJ",
      "url": "https://scholar.google.com/citations?user=7xluaTAAAAAJ"
    },
    {
      "name": "Benoît Sagot",
      "scholar_id": "HXUT9ZkAAAAJ",
      "url": "https://scholar.google.com/citations?user=HXUT9ZkAAAAJ"
    },
    {
      "name": "Núria Bel",
      "scholar_id": "AfK2EpIAAAAJ",
      "url": "https://scholar.google.com/citations?user=AfK2EpIAAAAJ"
    },
    {
      "name": "Bernd Bohnet",
      "scholar_id": "IzqMoZMAAAAJ",
      "url": "https://scholar.google.com/citations?user=IzqMoZMAAAAJ"
    },
    {
      "name": "Miguel Ballesteros",
      "scholar_id": "lhDwr-AAAAAJ",
      "url": "https://scholar.google.com/citations?user=lhDwr-AAAAAJ"
    },
    {
      "name": "Djamé Seddah",
      "scholar_id": "P7EtARsAAAAJ",
      "url": "https://scholar.google.com/citations?user=P7EtARsAAAAJ"
    },
    {
      "name": "Chris Biemann",
      "scholar_id": "BdwP-3QAAAAJ",
      "url": "https://scholar.google.com/citations?user=BdwP-3QAAAAJ"
    }
  ]
}