{
  "author_info": {
    "name": "Wenjie Wei",
    "affiliation": "University of Electronic Science and Technology of China",
    "email_verified": "Verified email at std.uestc.edu.cn - Homepage",
    "website": "https://wenjie-wei.github.io/",
    "interests": [
      "Spiking Neural Network",
      "Neuromorphic Computing",
      "Model Compression",
      "Event-based Vision"
    ],
    "photo_url": "https://scholar.googleusercontent.com/citations?view_op=view_photo&user=OIZR2YYAAAAJ&citpid=11"
  },
  "citation_stats": {
    "citations_all": 225,
    "citations_since_2020": 225,
    "h_index_all": 8,
    "h_index_since_2020": 8,
    "i10_index_all": 8,
    "i10_index_since_2020": 8,
    "citation_graph": [
      {
        "year": 2024,
        "citations": 44
      },
      {
        "year": 2025,
        "citations": 181
      }
    ]
  },
  "papers": [
    {
      "title": "Ternary spike-based neuromorphic signal processing system",
      "url": "https://scholar.google.com/citations?view_op=view_citation&hl=en&user=OIZR2YYAAAAJ&citation_for_view=OIZR2YYAAAAJ:IjCSPb-OGe4C",
      "authors": "S Wang, D Zhang, A Belatreche, Y Xiao, H Qing, W Wei, M Zhang, Y Yang",
      "venue": "Neural Networks 187, 107333, 2025",
      "year": 2025,
      "citations": 22
    },
    {
      "title": "QP-SNN: Quantized and Pruned Spiking Neural Networks",
      "url": "https://scholar.google.com/citations?view_op=view_citation&hl=en&user=OIZR2YYAAAAJ&citation_for_view=OIZR2YYAAAAJ:UebtZRa9Y70C",
      "authors": "W Wei, M Zhang, Z Zhou, A Belatreche, Y Shan, Y Liang, H Cao, J Zhang, ...",
      "venue": "ICLR 2025, 2025",
      "year": 2025,
      "citations": 16
    },
    {
      "title": "Quantized Spike-driven Transformer",
      "url": "https://scholar.google.com/citations?view_op=view_citation&hl=en&user=OIZR2YYAAAAJ&citation_for_view=OIZR2YYAAAAJ:Y0pCki6q_DkC",
      "authors": "X Qiu, J Zhang, W Wei, H Cao, J Guo, RJ Zhu, Y Shan, Y Yang, M Zhang, ...",
      "venue": "ICLR 2025, 2025",
      "year": 2025,
      "citations": 13
    },
    {
      "title": "Memory-Free and Parallel Computation for Quantized Spiking Neural Networks",
      "url": "https://scholar.google.com/citations?view_op=view_citation&hl=en&user=OIZR2YYAAAAJ&citation_for_view=OIZR2YYAAAAJ:eQOLeE2rZwMC",
      "authors": "D Zhang, S Wang, Y Xiao, W Wei, Y Shan, M Zhang, Y Yang",
      "venue": "ICASSP 2025, 2025",
      "year": 2025,
      "citations": 7
    },
    {
      "title": "Rethinking Spiking Self-Attention Mechanism: Implementing a-XNOR Similarity Calculation in Spiking Transformers",
      "url": "https://scholar.google.com/citations?view_op=view_citation&hl=en&user=OIZR2YYAAAAJ&citation_for_view=OIZR2YYAAAAJ:Se3iqnhoufwC",
      "authors": "Y Xiao, S Wang, D Zhang, W Wei, Y Shan, X Liu, Y Jiang, M Zhang",
      "venue": "CVPR 2025 (oral), 2025",
      "year": 2025,
      "citations": 6
    },
    {
      "title": "Binary Event-Driven Spiking Transformer",
      "url": "https://scholar.google.com/citations?view_op=view_citation&hl=en&user=OIZR2YYAAAAJ&citation_for_view=OIZR2YYAAAAJ:Tyk-4Ss8FVUC",
      "authors": "H Cao, Z Zhou, W Wei, A Belatreche, Y Liang, D Zhang, M Zhang, Y Yang, ...",
      "venue": "IJCAI 2025, 2025",
      "year": 2025,
      "citations": 5
    },
    {
      "title": "Sdtrack: A baseline for event-based tracking via spiking neural networks",
      "url": "https://scholar.google.com/citations?view_op=view_citation&hl=en&user=OIZR2YYAAAAJ&citation_for_view=OIZR2YYAAAAJ:ufrVoPGSRksC",
      "authors": "Y Shan, Z Ren, H Wu, W Wei, RJ Zhu, S Wang, D Zhang, Y Xiao, J Zhang, ...",
      "venue": "arXiv preprint arXiv:2503.08703, 2025",
      "year": 2025,
      "citations": 4
    },
    {
      "title": "Towards Accurate Binary Spiking Neural Networks: Learning with Adaptive Gradient Modulation Mechanism",
      "url": "https://scholar.google.com/citations?view_op=view_citation&hl=en&user=OIZR2YYAAAAJ&citation_for_view=OIZR2YYAAAAJ:YsMSGLbcyi4C",
      "authors": "Y Liang, W Wei, A Belatreche, H Cao, Z Zhou, S Wang, M Zhang, Y Yang",
      "venue": "AAAI 2025 (oral), 2025",
      "year": 2025,
      "citations": 4
    },
    {
      "title": "ESTSformer: Efficient Spatio-Temporal Spiking Transformer",
      "url": "https://scholar.google.com/citations?view_op=view_citation&hl=en&user=OIZR2YYAAAAJ&citation_for_view=OIZR2YYAAAAJ:5nxA0vEk-isC",
      "authors": "C Lu, H Du, W Wei*, Q Sun, Y Wang, D Zeng, W Chen, M Zhang, Y Yang",
      "venue": "Neural Networks, 107786, 2025",
      "year": 2025,
      "citations": 3
    },
    {
      "title": "Training-free ann-to-snn conversion for high-performance spiking transformer",
      "url": "https://scholar.google.com/citations?view_op=view_citation&hl=en&user=OIZR2YYAAAAJ&citation_for_view=OIZR2YYAAAAJ:8k81kl-MbHgC",
      "authors": "J Wang, X Deng, W Wei, D Zhang, S Wang, Q Sun, J Zhang, H Liu, N Xie, ...",
      "venue": "AAAI 2026, 2025",
      "year": 2025,
      "citations": 2
    },
    {
      "title": "Toward Energy-Efficient Spike-Based Deep Reinforcement Learning With Temporal Coding",
      "url": "https://scholar.google.com/citations?view_op=view_citation&hl=en&user=OIZR2YYAAAAJ&citation_for_view=OIZR2YYAAAAJ:_FxGoFyzp5QC",
      "authors": "M Zhang, S Wang, J Wu, W Wei, D Zhang, Z Zhou, S Wang, F Zhang, ...",
      "venue": "IEEE Computational Intelligence Magazine 20 (2), 45-57, 2025",
      "year": 2025,
      "citations": 2
    },
    {
      "title": "Hierarchical and distinct biological motion processing in macaque visual cortical areas MT and MST",
      "url": "https://scholar.google.com/citations?view_op=view_citation&hl=en&user=OIZR2YYAAAAJ&citation_for_view=OIZR2YYAAAAJ:WF5omc3nYNoC",
      "authors": "T Feng, Y Zhang, W Han, X Luo, Y Han, W Wei, H Qu, S Kuang, T Zhang, ...",
      "venue": "Communications Biology 8 (1), 408, 2025",
      "year": 2025,
      "citations": 2
    },
    {
      "title": "What is next for LLMs? Pushing the boundaries of next-gen AI computing hardware with photonic chips",
      "url": "https://scholar.google.com/citations?view_op=view_citation&hl=en&user=OIZR2YYAAAAJ&citation_for_view=OIZR2YYAAAAJ:Zph67rFs4hoC",
      "authors": "R Li, Q Xin, W Wei, S Mao, E Ma, Z Chen, J Gao, M Zhang, H Li, Z Zhang",
      "venue": "Nanophotonics 14 (22), 3499-3525, 2025",
      "year": 2025,
      "citations": 1
    },
    {
      "title": "Temporal-coded Spiking Transformer",
      "url": "https://scholar.google.com/citations?view_op=view_citation&hl=en&user=OIZR2YYAAAAJ&citation_for_view=OIZR2YYAAAAJ:ULOm3_A8WrAC",
      "authors": "Q Sun, C Lu, W Chen, W Wei*, J Wang, J Zhang, X Liu, Y Ye, Y Yang, ...",
      "venue": "ACM MM 2025, 2616-2624, 2025",
      "year": 2025,
      "citations": 0
    },
    {
      "title": "Unveiling the Spatial-temporal Effective Receptive Fields of Spiking Neural Networks",
      "url": "https://scholar.google.com/citations?view_op=view_citation&hl=en&user=OIZR2YYAAAAJ&citation_for_view=OIZR2YYAAAAJ:YOwf2qJgpHMC",
      "authors": "J Zhang, X Zhou, S Wang, W Wei, H Liu, Q Sun, M Zhang, Y Yang, H Li",
      "venue": "NeurIPS 2025, 2025",
      "year": 2025,
      "citations": 0
    },
    {
      "title": "Event-driven learning for spiking neural networks",
      "url": "https://scholar.google.com/citations?view_op=view_citation&hl=en&user=OIZR2YYAAAAJ&citation_for_view=OIZR2YYAAAAJ:d1gkVwhDpl0C",
      "authors": "W Wei, M Zhang, J Zhang, A Belatreche, J Wu, Z Xu, X Qiu, H Chen, ...",
      "venue": "arXiv preprint arXiv:2403.00270, 2024",
      "year": 2024,
      "citations": 39
    },
    {
      "title": "Q-SNNs: Quantized Spiking Neural Networks",
      "url": "https://scholar.google.com/citations?view_op=view_citation&hl=en&user=OIZR2YYAAAAJ&citation_for_view=OIZR2YYAAAAJ:qjMakFHDy7sC",
      "authors": "W Wei, Y Liang, A Belatreche, Y Xiao, H Cao, Z Ren, G Wang, M Zhang, ...",
      "venue": "ACM MM 2024, 8441-8450, 2024",
      "year": 2024,
      "citations": 22
    },
    {
      "title": "Spike-based Neuromorphic Model for Sound Source Localization",
      "url": "https://scholar.google.com/citations?view_op=view_citation&hl=en&user=OIZR2YYAAAAJ&citation_for_view=OIZR2YYAAAAJ:zYLM7Y9cAGgC",
      "authors": "D Zhang, S Wang, A Belatreche, W Wei, Y Xiao, H Zheng, Z Zhou, ...",
      "venue": "NeurIPS 2024, 2024",
      "year": 2024,
      "citations": 17
    },
    {
      "title": "Global-Local Convolution with Spiking Neural Networks for Energy-efficient Keyword Spotting",
      "url": "https://scholar.google.com/citations?view_op=view_citation&hl=en&user=OIZR2YYAAAAJ&citation_for_view=OIZR2YYAAAAJ:UeHWp8X0CEIC",
      "authors": "S Wang, D Zhang, K Shi, Y Wang, W Wei, J Wu, M Zhang",
      "venue": "INTERSPEECH 2024, 2024",
      "year": 2024,
      "citations": 12
    },
    {
      "title": "Temporal-coded spiking neural networks with dynamic firing threshold: Learning with event-driven backpropagation",
      "url": "https://scholar.google.com/citations?view_op=view_citation&hl=en&user=OIZR2YYAAAAJ&citation_for_view=OIZR2YYAAAAJ:u-x6o8ySG0sC",
      "authors": "W Wei, M Zhang, H Qu, A Belatreche, J Zhang, H Chen",
      "venue": "ICCV 2023, 10552-10562, 2023",
      "year": 2023,
      "citations": 48
    }
  ],
  "co_authors": [
    {
      "name": "Ammar Belatreche",
      "scholar_id": "DsJo3T8AAAAJ",
      "url": "https://scholar.google.com/citations?user=DsJo3T8AAAAJ"
    },
    {
      "name": "Shuai Wang",
      "scholar_id": "89j9Uu4AAAAJ",
      "url": "https://scholar.google.com/citations?user=89j9Uu4AAAAJ"
    },
    {
      "name": "Dehao Zhang",
      "scholar_id": "JNSktnMylNQC",
      "url": "https://scholar.google.com/citations?user=JNSktnMylNQC"
    },
    {
      "name": "Jieyuan ZHANG",
      "scholar_id": "c8Qww6YAAAAJ",
      "url": "https://scholar.google.com/citations?user=c8Qww6YAAAAJ"
    },
    {
      "name": "Yimeng Shan",
      "scholar_id": "4TvmWlcAAAAJ",
      "url": "https://scholar.google.com/citations?user=4TvmWlcAAAAJ"
    },
    {
      "name": "Zijian Zhou",
      "scholar_id": "1VlWbnMAAAAJ",
      "url": "https://scholar.google.com/citations?user=1VlWbnMAAAAJ"
    },
    {
      "name": "Honglin Cao",
      "scholar_id": "h207oG4AAAAJ",
      "url": "https://scholar.google.com/citations?user=h207oG4AAAAJ"
    },
    {
      "name": "yu liang",
      "scholar_id": "cxsgMC8AAAAJ",
      "url": "https://scholar.google.com/citations?user=cxsgMC8AAAAJ"
    },
    {
      "name": "Jibin Wu",
      "scholar_id": "QwDyvrgAAAAJ",
      "url": "https://scholar.google.com/citations?user=QwDyvrgAAAAJ"
    },
    {
      "name": "Hong Chen",
      "scholar_id": "irCGn5oAAAAJ",
      "url": "https://scholar.google.com/citations?user=irCGn5oAAAAJ"
    },
    {
      "name": "Xuerui Qiu",
      "scholar_id": "bMwW4e8AAAAJ",
      "url": "https://scholar.google.com/citations?user=bMwW4e8AAAAJ"
    },
    {
      "name": "Haizhou Li",
      "scholar_id": "z8_x7C8AAAAJ",
      "url": "https://scholar.google.com/citations?user=z8_x7C8AAAAJ"
    }
  ]
}