{
  "author_info": {
    "name": "Boeun Kim",
    "affiliation": "Assistant Professor @ Dankook University",
    "email_verified": "Verified email at snu.ac.kr - Homepage",
    "website": "https://aivlab.pages.dev/faculty",
    "interests": [
      "Computer Vision"
    ],
    "photo_url": "https://scholar.googleusercontent.com/citations?view_op=view_photo&user=o0JYrXUAAAAJ&citpid=1"
  },
  "citation_stats": {
    "citations_all": 126,
    "citations_since_2020": 122,
    "h_index_all": 4,
    "h_index_since_2020": 4,
    "i10_index_all": 2,
    "i10_index_since_2020": 2,
    "citation_graph": [
      {
        "year": 2019,
        "citations": 4
      },
      {
        "year": 2020,
        "citations": 5
      },
      {
        "year": 2021,
        "citations": 2
      },
      {
        "year": 2022,
        "citations": 2
      },
      {
        "year": 2023,
        "citations": 27
      },
      {
        "year": 2024,
        "citations": 38
      },
      {
        "year": 2025,
        "citations": 48
      }
    ]
  },
  "papers": [
    {
      "title": "A unified framework for unsupervised action learning via global-to-local motion transformer",
      "url": "https://scholar.google.com/citations?view_op=view_citation&hl=en&user=o0JYrXUAAAAJ&citation_for_view=o0JYrXUAAAAJ:ufrVoPGSRksC",
      "authors": "B Kim, J Kim, HJ Chang, TH Oh",
      "venue": "Pattern Recognition 159, 111118, 2025",
      "year": 2025,
      "citations": 2
    },
    {
      "title": "PersonaBooth: Personalized Text-to-Motion Generation",
      "url": "https://scholar.google.com/citations?view_op=view_citation&hl=en&user=o0JYrXUAAAAJ&citation_for_view=o0JYrXUAAAAJ:LkGwnXOMwfcC",
      "authors": "B Kim, HI Jeong, JH Sung, Y Cheng, J Lee, JY Chang, SI Choi, Y Choi, ...",
      "venue": "CVPR 2025, 22756-22765, 2025",
      "year": 2025,
      "citations": 2
    },
    {
      "title": "Roll Your Eyes: Gaze Redirection via Explicit 3D Eyeball Rotation",
      "url": "https://scholar.google.com/citations?view_op=view_citation&hl=en&user=o0JYrXUAAAAJ&citation_for_view=o0JYrXUAAAAJ:0EnyYjriUFMC",
      "authors": "YC Choi, HF Wang, YH Cheng, B Kim, HJ Chang, YG Choi, SI Choi",
      "venue": "Proceedings of the 33rd ACM International Conference on Multimedia, 10516-10524, 2025",
      "year": 2025,
      "citations": 1
    },
    {
      "title": "3D Prior is All You Need: Cross-Task Few-shot 2D Gaze Estimation",
      "url": "https://scholar.google.com/citations?view_op=view_citation&hl=en&user=o0JYrXUAAAAJ&citation_for_view=o0JYrXUAAAAJ:UebtZRa9Y70C",
      "authors": "Y Cheng, H Wang, Z Zhang, Y Yue, B Kim, F Lu, HJ Chang",
      "venue": "CVPR 2025, 23891-23900, 2025",
      "year": 2025,
      "citations": 1
    },
    {
      "title": "High-Resolution Spatiotemporal Modeling with Global-Local State Space Models for Video-Based Human Pose Estimation",
      "url": "https://scholar.google.com/citations?view_op=view_citation&hl=en&user=o0JYrXUAAAAJ&citation_for_view=o0JYrXUAAAAJ:Se3iqnhoufwC",
      "authors": "R Feng, HJ Chang, THE Tse, B Kim, Y Chang, Y Gao",
      "venue": "ICCV 2025, 8929-8938, 2025",
      "year": 2025,
      "citations": 0
    },
    {
      "title": "InterLevel: Synthesizing Stair-Navigation Skills in Character-Scene Interactions",
      "url": "https://scholar.google.com/citations?view_op=view_citation&hl=en&user=o0JYrXUAAAAJ&citation_for_view=o0JYrXUAAAAJ:roLk4NBRz8UC",
      "authors": "J Shilton, B Kim, HJ Chang",
      "venue": "AAAI 2025 Workshop, 2025",
      "year": 2025,
      "citations": 0
    },
    {
      "title": "MoST: Motion Style Transformer between Diverse Action Contents",
      "url": "https://scholar.google.com/citations?view_op=view_citation&hl=en&user=o0JYrXUAAAAJ&citation_for_view=o0JYrXUAAAAJ:zYLM7Y9cAGgC",
      "authors": "B Kim, J Kim, HJ Chang, JY Choi",
      "venue": "CVPR 2024, 2024",
      "year": 2024,
      "citations": 22
    },
    {
      "title": "Supervised Contrastive Learning for 3D Cross-Modal Retrieval",
      "url": "https://scholar.google.com/citations?view_op=view_citation&hl=en&user=o0JYrXUAAAAJ&citation_for_view=o0JYrXUAAAAJ:_FxGoFyzp5QC",
      "authors": "YS Choo, B Kim, HS Kim, YS Park",
      "venue": "Applied Sciences 14 (22), 10322, 2024",
      "year": 2024,
      "citations": 2
    },
    {
      "title": "3D Cross-Modal Retrieval Using Noisy Center Loss and SimSiam for Small Batch Training.",
      "url": "https://scholar.google.com/citations?view_op=view_citation&hl=en&user=o0JYrXUAAAAJ&citation_for_view=o0JYrXUAAAAJ:Tyk-4Ss8FVUC",
      "authors": "YS Choo, B Kim, HS Kim, YS Park",
      "venue": "KSII Transactions on Internet & Information Systems 18 (3), 2024",
      "year": 2024,
      "citations": 1
    },
    {
      "title": "Proposal for Simulation System of Emotion Recognition-Based Motion Style Transformation and Character Application",
      "url": "https://scholar.google.com/citations?view_op=view_citation&hl=en&user=o0JYrXUAAAAJ&citation_for_view=o0JYrXUAAAAJ:W7OEmFMy1HYC",
      "authors": "HI Jeong, B Kim, J Kim",
      "venue": "Korea Computer Congress 2024, 930 - 932, 2024",
      "year": 2024,
      "citations": 0
    },
    {
      "title": "Improvement of 3D Instance Segmentation Model by Scene-to-Scene  Composition",
      "url": "https://scholar.google.com/citations?view_op=view_citation&hl=en&user=o0JYrXUAAAAJ&citation_for_view=o0JYrXUAAAAJ:WF5omc3nYNoC",
      "authors": "S Baek, B Kim, J Kim",
      "venue": "Image Processing and Image Understanding 2024, 2024",
      "year": 2024,
      "citations": 0
    },
    {
      "title": "Omission-free inpainting: a three-stage approach to ensure object generation",
      "url": "https://scholar.google.com/citations?view_op=view_citation&hl=en&user=o0JYrXUAAAAJ&citation_for_view=o0JYrXUAAAAJ:IjCSPb-OGe4C",
      "authors": "HI Jeong, B Kim, CI Kim, S Shin",
      "venue": "2023 IEEE International Conference on Image Processing (ICIP), 705-709, 2023",
      "year": 2023,
      "citations": 1
    },
    {
      "title": "Global-local motion transformer for unsupervised skeleton-based action learning",
      "url": "https://scholar.google.com/citations?view_op=view_citation&hl=en&user=o0JYrXUAAAAJ&citation_for_view=o0JYrXUAAAAJ:2osOgNQ5qMEC",
      "authors": "B Kim, HJ Chang, J Kim, JY Choi",
      "venue": "ECCV 2022, 209-225, 2022",
      "year": 2022,
      "citations": 73
    },
    {
      "title": "Learning spectral transform for 3D human motion prediction",
      "url": "https://scholar.google.com/citations?view_op=view_citation&hl=en&user=o0JYrXUAAAAJ&citation_for_view=o0JYrXUAAAAJ:qjMakFHDy7sC",
      "authors": "B Kim, JY Choi",
      "venue": "Computer Vision and Image Understanding 223, 103548, 2022",
      "year": 2022,
      "citations": 1
    },
    {
      "title": "Multi-resolution Fusion Network for Human Pose Estimation in Low-resolution Images",
      "url": "https://scholar.google.com/citations?view_op=view_citation&hl=en&user=o0JYrXUAAAAJ&citation_for_view=o0JYrXUAAAAJ:UeHWp8X0CEIC",
      "authors": "B Kim, YS Choo, HI Jeong, CI Kim, S Shin, J Kim",
      "venue": "KSII Transactions on Internet & Information Systems 16 (7), 2022",
      "year": 2022,
      "citations": 1
    },
    {
      "title": "Implementation of Real-Time Top-Down Pose Estimation Method Using Deep Learning Inference Acceleration toolkit",
      "url": "https://scholar.google.com/citations?view_op=view_citation&hl=en&user=o0JYrXUAAAAJ&citation_for_view=o0JYrXUAAAAJ:eQOLeE2rZwMC",
      "authors": "CI Kim, B Kim, YS Choo, HI Jung, J Kim",
      "venue": "대한전자공학회 하계종합학술대회, 1011 - 1014, 2022",
      "year": 2022,
      "citations": 0
    },
    {
      "title": "Inpainting Backgrounds on Images with Various Objects and Complicated Backgrounds",
      "url": "https://scholar.google.com/citations?view_op=view_citation&hl=en&user=o0JYrXUAAAAJ&citation_for_view=o0JYrXUAAAAJ:YsMSGLbcyi4C",
      "authors": "HI Jeong, B Kim, YS Choo, CI Kim, H Park, S Shin",
      "venue": "대한전자공학회 하계종합학술대회, 1979 - 1982, 2022",
      "year": 2022,
      "citations": 0
    },
    {
      "title": "Variational autoencoder-based multiple image captioning using a caption attention map",
      "url": "https://scholar.google.com/citations?view_op=view_citation&hl=en&user=o0JYrXUAAAAJ&citation_for_view=o0JYrXUAAAAJ:9yKSN-GCB0IC",
      "authors": "B Kim, S Shin, H Jung",
      "venue": "Applied Sciences 9 (13), 2699, 2019",
      "year": 2019,
      "citations": 9
    },
    {
      "title": "Distinctive-attribute extraction for image captioning",
      "url": "https://scholar.google.com/citations?view_op=view_citation&hl=en&user=o0JYrXUAAAAJ&citation_for_view=o0JYrXUAAAAJ:d1gkVwhDpl0C",
      "authors": "B Kim, Y Han Lee, H Jung, C Cho",
      "venue": "Proceedings of the European Conference on Computer Vision (ECCV) Workshops, 0-0, 2018",
      "year": 2018,
      "citations": 9
    },
    {
      "title": "Information gain-based initialization for stable topological derivative segmentation",
      "url": "https://scholar.google.com/citations?view_op=view_citation&hl=en&user=o0JYrXUAAAAJ&citation_for_view=o0JYrXUAAAAJ:Y0pCki6q_DkC",
      "authors": "C Cho, NI Park, B Kim, Y Lee, IH Yoon",
      "venue": "TECHART: Journal of Arts and Imaging Science 5 (3), 32-37, 2018",
      "year": 2018,
      "citations": 1
    }
  ],
  "co_authors": [
    {
      "name": "Hyung Jin Chang",
      "scholar_id": "3TggrEkAAAAJ",
      "url": "https://scholar.google.com/citations?user=3TggrEkAAAAJ"
    },
    {
      "name": "Jungho Kim",
      "scholar_id": "da-w-IAAAAAJ",
      "url": "https://scholar.google.com/citations?user=da-w-IAAAAAJ"
    },
    {
      "name": "jin young choi",
      "scholar_id": "NoEVFWQAAAAJ",
      "url": "https://scholar.google.com/citations?user=NoEVFWQAAAAJ"
    },
    {
      "name": "Yihua Cheng",
      "scholar_id": "cGn8lUAAAAAJ",
      "url": "https://scholar.google.com/citations?user=cGn8lUAAAAAJ"
    },
    {
      "name": "Tae-Hyun Oh",
      "scholar_id": "dMCBjeIAAAAJ",
      "url": "https://scholar.google.com/citations?user=dMCBjeIAAAAJ"
    }
  ]
}