{
  "author_info": {
    "name": "Alberto Castellini",
    "affiliation": "Università degli studi di Verona",
    "email_verified": "Verified email at univr.it",
    "interests": [
      "Reinforcement Learning",
      "Planning under uncertainty",
      "Time Series forecasting",
      "Anomaly detection"
    ],
    "photo_url": "https://scholar.googleusercontent.com/citations?view_op=view_photo&user=AploBScAAAAJ&citpid=1"
  },
  "citation_stats": {
    "citations_all": 883,
    "citations_since_2020": 654,
    "h_index_all": 17,
    "h_index_since_2020": 15,
    "i10_index_all": 32,
    "i10_index_since_2020": 20,
    "citation_graph": [
      {
        "year": 2008,
        "citations": 6
      },
      {
        "year": 2009,
        "citations": 30
      },
      {
        "year": 2010,
        "citations": 9
      },
      {
        "year": 2011,
        "citations": 11
      },
      {
        "year": 2012,
        "citations": 15
      },
      {
        "year": 2013,
        "citations": 18
      },
      {
        "year": 2014,
        "citations": 10
      },
      {
        "year": 2015,
        "citations": 26
      },
      {
        "year": 2016,
        "citations": 22
      },
      {
        "year": 2017,
        "citations": 20
      },
      {
        "year": 2018,
        "citations": 20
      },
      {
        "year": 2019,
        "citations": 39
      },
      {
        "year": 2020,
        "citations": 62
      },
      {
        "year": 2021,
        "citations": 66
      },
      {
        "year": 2022,
        "citations": 84
      },
      {
        "year": 2023,
        "citations": 127
      },
      {
        "year": 2024,
        "citations": 171
      },
      {
        "year": 2025,
        "citations": 141
      }
    ]
  },
  "papers": [
    {
      "title": "Reinforcement learning applications in environmental sustainability: a review",
      "url": "https://scholar.google.com/citations?view_op=view_citation&hl=en&user=AploBScAAAAJ&citation_for_view=AploBScAAAAJ:ldfaerwXgEUC",
      "authors": "M Zuccotto, A Castellini, DL Torre, L Mola, A Farinelli",
      "venue": "Artificial Intelligence Review 57 (4), 88, 2024",
      "year": 2024,
      "citations": 39
    },
    {
      "title": "Learning logic specifications for soft policy guidance in POMCP",
      "url": "https://scholar.google.com/citations?view_op=view_citation&hl=en&user=AploBScAAAAJ&citation_for_view=AploBScAAAAJ:hMod-77fHWUC",
      "authors": "G Mazzi, D Meli, A Castellini, A Farinelli",
      "venue": "arXiv preprint arXiv:2303.09172, 2023",
      "year": 2023,
      "citations": 25
    },
    {
      "title": "Risk-aware shielding of partially observable monte carlo planning policies",
      "url": "https://scholar.google.com/citations?view_op=view_citation&hl=en&user=AploBScAAAAJ&citation_for_view=AploBScAAAAJ:RYcK_YlVTxYC",
      "authors": "G Mazzi, A Castellini, A Farinelli",
      "venue": "Artificial Intelligence 324, 103987, 2023",
      "year": 2023,
      "citations": 23
    },
    {
      "title": "Adversarial data augmentation for hmm-based anomaly detection",
      "url": "https://scholar.google.com/citations?view_op=view_citation&hl=en&user=AploBScAAAAJ&citation_for_view=AploBScAAAAJ:J_g5lzvAfSwC",
      "authors": "A Castellini, F Masillo, D Azzalini, F Amigoni, A Farinelli",
      "venue": "IEEE Transactions on Pattern Analysis and Machine Intelligence 45 (12 …, 2023",
      "year": 2023,
      "citations": 15
    },
    {
      "title": "Partially Observable Monte Carlo Planning with state variable constraints for mobile robot navigation",
      "url": "https://scholar.google.com/citations?view_op=view_citation&hl=en&user=AploBScAAAAJ&citation_for_view=AploBScAAAAJ:4JMBOYKVnBMC",
      "authors": "A Castellini, E Marchesini, A Farinelli",
      "venue": "Engineering Applications of Artificial Intelligence 104, 104382, 2021",
      "year": 2021,
      "citations": 23
    },
    {
      "title": "Rule-based shielding for partially observable monte-carlo planning",
      "url": "https://scholar.google.com/citations?view_op=view_citation&hl=en&user=AploBScAAAAJ&citation_for_view=AploBScAAAAJ:e5wmG9Sq2KIC",
      "authors": "G Mazzi, A Castellini, A Farinelli",
      "venue": "Proceedings of the international conference on automated planning and …, 2021",
      "year": 2021,
      "citations": 20
    },
    {
      "title": "Pomp++: Pomcp-based active visual search in unknown indoor environments",
      "url": "https://scholar.google.com/citations?view_op=view_citation&hl=en&user=AploBScAAAAJ&citation_for_view=AploBScAAAAJ:RHpTSmoSYBkC",
      "authors": "F Giuliari, A Castellini, R Berra, A Del Bue, A Farinelli, M Cristani, F Setti, ...",
      "venue": "2021 IEEE/RSJ International Conference on Intelligent Robots and Systems …, 2021",
      "year": 2021,
      "citations": 17
    },
    {
      "title": "Waterline and obstacle detection in images from low-cost autonomous boats for environmental monitoring",
      "url": "https://scholar.google.com/citations?view_op=view_citation&hl=en&user=AploBScAAAAJ&citation_for_view=AploBScAAAAJ:QIV2ME_5wuYC",
      "authors": "L Steccanella, DD Bloisi, A Castellini, A Farinelli",
      "venue": "Robotics and Autonomous Systems 124, 103346, 2020",
      "year": 2020,
      "citations": 100
    },
    {
      "title": "HMMs for anomaly detection in autonomous robots",
      "url": "https://scholar.google.com/citations?view_op=view_citation&hl=en&user=AploBScAAAAJ&citation_for_view=AploBScAAAAJ:hC7cP41nSMkC",
      "authors": "D Azzalini, A Castellini, M Luperto, A Farinelli, F Amigoni",
      "venue": "Proceedings of the 19th International Conference on Autonomous Agents and …, 2020",
      "year": 2020,
      "citations": 38
    },
    {
      "title": "Time series segmentation for state-model generation of autonomous aquatic drones: A systematic framework",
      "url": "https://scholar.google.com/citations?view_op=view_citation&hl=en&user=AploBScAAAAJ&citation_for_view=AploBScAAAAJ:ZeXyd9-uunAC",
      "authors": "A Castellini, M Bicego, F Masillo, M Zuccotto, A Farinelli",
      "venue": "Engineering Applications of Artificial Intelligence 90, 103499, 2020",
      "year": 2020,
      "citations": 22
    },
    {
      "title": "POMP: Pomcp-based Online Motion Planning for active visual search in indoor environments",
      "url": "https://scholar.google.com/citations?view_op=view_citation&hl=en&user=AploBScAAAAJ&citation_for_view=AploBScAAAAJ:hFOr9nPyWt4C",
      "authors": "Y Wang, F Giuliari, R Berra, A Castellini, A Del Bue, A Farinelli, M Cristani, ...",
      "venue": "arXiv preprint arXiv:2009.08140, 2020",
      "year": 2020,
      "citations": 20
    },
    {
      "title": "Multivariate sensor signals collected by aquatic drones involved in water monitoring: A complete dataset",
      "url": "https://scholar.google.com/citations?view_op=view_citation&hl=en&user=AploBScAAAAJ&citation_for_view=AploBScAAAAJ:IWHjjKOFINEC",
      "authors": "A Castellini, D Bloisi, J Blum, F Masillo, A Farinelli",
      "venue": "Data in Brief 30, 105436, 2020",
      "year": 2020,
      "citations": 19
    },
    {
      "title": "Identification of Unexpected Decisions in Partially Observable Monte-Carlo Planning: a Rule-Based Approach",
      "url": "https://scholar.google.com/citations?view_op=view_citation&hl=en&user=AploBScAAAAJ&citation_for_view=AploBScAAAAJ:mB3voiENLucC",
      "authors": "G Mazzi, A Castellini, A Farinelli",
      "venue": "arXiv preprint arXiv:2012.12732, 2020",
      "year": 2020,
      "citations": 16
    },
    {
      "title": "Influence of state-variable constraints on partially observable monte carlo planning",
      "url": "https://scholar.google.com/citations?view_op=view_citation&hl=en&user=AploBScAAAAJ&citation_for_view=AploBScAAAAJ:mVmsd5A6BfQC",
      "authors": "A Castellini, G Chalkiadakis, A Farinelli",
      "venue": "Proceedings of 28th International Joint Conference on Artificial …, 2019",
      "year": 2019,
      "citations": 34
    },
    {
      "title": "Subspace clustering for situation assessment in aquatic drones",
      "url": "https://scholar.google.com/citations?view_op=view_citation&hl=en&user=AploBScAAAAJ&citation_for_view=AploBScAAAAJ:4DMP91E08xMC",
      "authors": "A Castellini, F Masillo, M Bicego, D Bloisi, J Blum, A Farinelli, S Peigner",
      "venue": "Proceedings of the 34th ACM/SIGAPP Symposium on Applied Computing, 930-937, 2019",
      "year": 2019,
      "citations": 20
    },
    {
      "title": "A dictionary based informational genome analysis",
      "url": "https://scholar.google.com/citations?view_op=view_citation&hl=en&user=AploBScAAAAJ&citation_for_view=AploBScAAAAJ:IjCSPb-OGe4C",
      "authors": "A Castellini, G Franco, V Manca",
      "venue": "BMC genomics 13 (1), 485, 2012",
      "year": 2012,
      "citations": 26
    },
    {
      "title": "Data analysis pipeline from laboratory to MP models",
      "url": "https://scholar.google.com/citations?view_op=view_citation&hl=en&user=AploBScAAAAJ&citation_for_view=AploBScAAAAJ:2osOgNQ5qMEC",
      "authors": "A Castellini, G Franco, R Pagliarini",
      "venue": "Natural Computing 10 (1), 55-76, 2011",
      "year": 2011,
      "citations": 20
    },
    {
      "title": "Hybrid functional Petri nets as MP systems",
      "url": "https://scholar.google.com/citations?view_op=view_citation&hl=en&user=AploBScAAAAJ&citation_for_view=AploBScAAAAJ:9yKSN-GCB0IC",
      "authors": "A Castellini, G Franco, V Manca",
      "venue": "Natural Computing 9 (1), 61-81, 2010",
      "year": 2010,
      "citations": 21
    },
    {
      "title": "MetaPlab: A computational framework for metabolic P systems",
      "url": "https://scholar.google.com/citations?view_op=view_citation&hl=en&user=AploBScAAAAJ&citation_for_view=AploBScAAAAJ:u5HHmVD_uO8C",
      "authors": "A Castellini, V Manca",
      "venue": "International Workshop on Membrane Computing, 157-168, 2008",
      "year": 2008,
      "citations": 37
    },
    {
      "title": "Psim: a computational platform for Metabolic P systems",
      "url": "https://scholar.google.com/citations?view_op=view_citation&hl=en&user=AploBScAAAAJ&citation_for_view=AploBScAAAAJ:d1gkVwhDpl0C",
      "authors": "L Bianco, A Castellini",
      "venue": "International Workshop on Membrane Computing, 1-20, 2007",
      "year": 2007,
      "citations": 20
    }
  ],
  "co_authors": [
    {
      "name": "Alessandro Farinelli",
      "scholar_id": "KHAIAA8AAAAJ",
      "url": "https://scholar.google.com/citations?user=KHAIAA8AAAAJ"
    },
    {
      "name": "Vincenzo Manca",
      "scholar_id": "MpHCyW4AAAAJ",
      "url": "https://scholar.google.com/citations?user=MpHCyW4AAAAJ"
    },
    {
      "name": "Giuditta Franco",
      "scholar_id": "8DEJmpwAAAAJ",
      "url": "https://scholar.google.com/citations?user=8DEJmpwAAAAJ"
    },
    {
      "name": "Giulio Mazzi",
      "scholar_id": "PtuGa40AAAAJ",
      "url": "https://scholar.google.com/citations?user=PtuGa40AAAAJ"
    },
    {
      "name": "Domenico D. Bloisi",
      "scholar_id": "_90LQXQAAAAJ",
      "url": "https://scholar.google.com/citations?user=_90LQXQAAAAJ"
    },
    {
      "name": "Manuele Bicego",
      "scholar_id": "uw1ZcTYAAAAJ",
      "url": "https://scholar.google.com/citations?user=uw1ZcTYAAAAJ"
    },
    {
      "name": "Enrico Marchesini",
      "scholar_id": "9V1_SGkAAAAJ",
      "url": "https://scholar.google.com/citations?user=9V1_SGkAAAAJ"
    },
    {
      "name": "Alessio Del Bue",
      "scholar_id": "LUzvbGIAAAAJ",
      "url": "https://scholar.google.com/citations?user=LUzvbGIAAAAJ"
    },
    {
      "name": "Francesco Setti",
      "scholar_id": "P50aGF4AAAAJ",
      "url": "https://scholar.google.com/citations?user=P50aGF4AAAAJ"
    },
    {
      "name": "Riccardo Berra",
      "scholar_id": "MpyI900AAAAJ",
      "url": "https://scholar.google.com/citations?user=MpyI900AAAAJ"
    },
    {
      "name": "Francesco Giuliari",
      "scholar_id": "EOU10lkAAAAJ",
      "url": "https://scholar.google.com/citations?user=EOU10lkAAAAJ"
    },
    {
      "name": "Roberto Pagliarini",
      "scholar_id": "EnjWH-8AAAAJ",
      "url": "https://scholar.google.com/citations?user=EnjWH-8AAAAJ"
    },
    {
      "name": "Francesco Amigoni",
      "scholar_id": "qsOtJtsAAAAJ",
      "url": "https://scholar.google.com/citations?user=qsOtJtsAAAAJ"
    },
    {
      "name": "Mauro Zucchelli",
      "scholar_id": "MLXDA9gAAAAJ",
      "url": "https://scholar.google.com/citations?user=MLXDA9gAAAAJ"
    },
    {
      "name": "Georgios Chalkiadakis",
      "scholar_id": "KdYD5-cAAAAJ",
      "url": "https://scholar.google.com/citations?user=KdYD5-cAAAAJ"
    },
    {
      "name": "Sergio Peignier",
      "scholar_id": "nQMCbSIAAAAJ",
      "url": "https://scholar.google.com/citations?user=nQMCbSIAAAAJ"
    },
    {
      "name": "Matteo Denitto",
      "scholar_id": "Ptfs-b4AAAAJ",
      "url": "https://scholar.google.com/citations?user=Ptfs-b4AAAAJ"
    },
    {
      "name": "Matteo Luperto",
      "scholar_id": "CLZhSq8AAAAJ",
      "url": "https://scholar.google.com/citations?user=CLZhSq8AAAAJ"
    },
    {
      "name": "Mirko Busato",
      "scholar_id": "HvuRHjgAAAAJ",
      "url": "https://scholar.google.com/citations?user=HvuRHjgAAAAJ"
    },
    {
      "name": "Luca Bianco",
      "scholar_id": "iLTZtUwAAAAJ",
      "url": "https://scholar.google.com/citations?user=iLTZtUwAAAAJ"
    }
  ]
}