{
  "author_info": {
    "name": "Li Shen",
    "affiliation": "Professor of Informatics, Radiology and CIS, University of Pennsylvania",
    "email_verified": "Verified email at pennmedicine.upenn.edu - Homepage",
    "website": "https://www.med.upenn.edu/shenlab/",
    "interests": [
      "Biomedical informatics and image computing",
      "trustworthy AI/ML",
      "NLP/LLM",
      "imaging genomics",
      "AD/ADRD"
    ],
    "photo_url": "https://scholar.googleusercontent.com/citations?view_op=view_photo&user=QnWpiskAAAAJ&citpid=2"
  },
  "citation_stats": {
    "citations_all": 23954,
    "citations_since_2020": 13134,
    "h_index_all": 74,
    "h_index_since_2020": 53,
    "i10_index_all": 245,
    "i10_index_since_2020": 196,
    "citation_graph": [
      {
        "year": 2006,
        "citations": 70
      },
      {
        "year": 2007,
        "citations": 97
      },
      {
        "year": 2008,
        "citations": 82
      },
      {
        "year": 2009,
        "citations": 120
      },
      {
        "year": 2010,
        "citations": 225
      },
      {
        "year": 2011,
        "citations": 370
      },
      {
        "year": 2012,
        "citations": 597
      },
      {
        "year": 2013,
        "citations": 880
      },
      {
        "year": 2014,
        "citations": 1022
      },
      {
        "year": 2015,
        "citations": 1129
      },
      {
        "year": 2016,
        "citations": 1166
      },
      {
        "year": 2017,
        "citations": 1543
      },
      {
        "year": 2018,
        "citations": 1524
      },
      {
        "year": 2019,
        "citations": 1662
      },
      {
        "year": 2020,
        "citations": 1750
      },
      {
        "year": 2021,
        "citations": 2029
      },
      {
        "year": 2022,
        "citations": 2221
      },
      {
        "year": 2023,
        "citations": 2122
      },
      {
        "year": 2024,
        "citations": 2386
      },
      {
        "year": 2025,
        "citations": 2589
      }
    ]
  },
  "papers": [
    {
      "title": "Longitudinal associations of blood phosphorylated Tau181 and neurofilament light chain with neurodegeneration in Alzheimer disease",
      "url": "https://scholar.google.com/citations?view_op=view_citation&hl=en&user=QnWpiskAAAAJ&citation_for_view=QnWpiskAAAAJ:1werCE7_32MC",
      "authors": "A Moscoso, MJ Grothe, NJ Ashton, TK Karikari, JL Rodríguez, A Snellman, ...",
      "venue": "JAMA neurology 78 (4), 396-406, 2021",
      "year": 2021,
      "citations": 274
    },
    {
      "title": "The genetic architecture of the human cerebral cortex",
      "url": "https://scholar.google.com/citations?view_op=view_citation&hl=en&user=QnWpiskAAAAJ&citation_for_view=QnWpiskAAAAJ:K0avj1FDtHUC",
      "authors": "KL Grasby, N Jahanshad, JN Painter, L Colodro-Conde, J Bralten, ...",
      "venue": "Science 367 (6484), eaay6690, 2020",
      "year": 2020,
      "citations": 865
    },
    {
      "title": "A multi-model deep convolutional neural network for automatic hippocampus segmentation and classification in Alzheimer’s disease",
      "url": "https://scholar.google.com/citations?view_op=view_citation&hl=en&user=QnWpiskAAAAJ&citation_for_view=QnWpiskAAAAJ:J9pY9yJF5awC",
      "authors": "M Liu, F Li, H Yan, K Wang, Y Ma, L Shen, M Xu, ...",
      "venue": "Neuroimage 208, 116459, 2020",
      "year": 2020,
      "citations": 592
    },
    {
      "title": "Genetic architecture of subcortical brain structures in 38,851 individuals",
      "url": "https://scholar.google.com/citations?view_op=view_citation&hl=en&user=QnWpiskAAAAJ&citation_for_view=QnWpiskAAAAJ:JO-RqYbuJvsC",
      "authors": "CL Satizabal, HHH Adams, DP Hibar, CC White, MJ Knol, JL Stein, ...",
      "venue": "Nature genetics 51 (11), 1624-1636, 2019",
      "year": 2019,
      "citations": 296
    },
    {
      "title": "Network approaches to systems biology analysis of complex disease: integrative methods for multi-omics data",
      "url": "https://scholar.google.com/citations?view_op=view_citation&hl=en&user=QnWpiskAAAAJ&citation_for_view=QnWpiskAAAAJ:W-zclTkWZekC",
      "authors": "J Yan, SL Risacher, L Shen, AJ Saykin",
      "venue": "Briefings in bioinformatics 19 (6), 1370-1381, 2018",
      "year": 2018,
      "citations": 441
    },
    {
      "title": "Metabolic network failures in Alzheimer's disease: A biochemical road map",
      "url": "https://scholar.google.com/citations?view_op=view_citation&hl=en&user=QnWpiskAAAAJ&citation_for_view=QnWpiskAAAAJ:DV9_XzxHpocC",
      "authors": "JB Toledo, M Arnold, G Kastenmüller, R Chang, RA Baillie, X Han, ...",
      "venue": "Alzheimer's & Dementia 13 (9), 965-984, 2017",
      "year": 2017,
      "citations": 483
    },
    {
      "title": "Novel genetic loci associated with hippocampal volume",
      "url": "https://scholar.google.com/citations?view_op=view_citation&hl=en&user=QnWpiskAAAAJ&citation_for_view=QnWpiskAAAAJ:iMbXGt5dmAEC",
      "authors": "DP Hibar, HHH Adams, N Jahanshad, G Chauhan, JL Stein, E Hofer, ...",
      "venue": "Nature communications 8 (1), 13624, 2017",
      "year": 2017,
      "citations": 353
    },
    {
      "title": "Common genetic variants influence human subcortical brain structures",
      "url": "https://scholar.google.com/citations?view_op=view_citation&hl=en&user=QnWpiskAAAAJ&citation_for_view=QnWpiskAAAAJ:fGk8ZXjgAbkC",
      "authors": "DP Hibar, JL Stein, ME Renteria, A Arias-Vasquez, S Desrivières, ...",
      "venue": "Nature 520 (7546), 224-229, 2015",
      "year": 2015,
      "citations": 951
    },
    {
      "title": "Genetic studies of quantitative MCI and AD phenotypes in ADNI: Progress, opportunities, and plans",
      "url": "https://scholar.google.com/citations?view_op=view_citation&hl=en&user=QnWpiskAAAAJ&citation_for_view=QnWpiskAAAAJ:zG6RlwjYRPQC",
      "authors": "AJ Saykin, L Shen, X Yao, S Kim, K Nho, SL Risacher, VK Ramanan, ...",
      "venue": "Alzheimer's & Dementia 11 (7), 792-814, 2015",
      "year": 2015,
      "citations": 335
    },
    {
      "title": "The ENIGMA Consortium: large-scale collaborative analyses of neuroimaging and genetic data",
      "url": "https://scholar.google.com/citations?view_op=view_citation&hl=en&user=QnWpiskAAAAJ&citation_for_view=QnWpiskAAAAJ:6VlyvFCUEfcC",
      "authors": "PM Thompson, JL Stein, SE Medland, DP Hibar, AA Vasquez, ...",
      "venue": "Brain imaging and behavior 8 (2), 153-182, 2014",
      "year": 2014,
      "citations": 789
    },
    {
      "title": "The Alzheimer's Disease Neuroimaging Initiative: a review of papers published since its inception",
      "url": "https://scholar.google.com/citations?view_op=view_citation&hl=en&user=QnWpiskAAAAJ&citation_for_view=QnWpiskAAAAJ:PFhWnMnuT1QC",
      "authors": "MW Weiner, DP Veitch, PS Aisen, LA Beckett, NJ Cairns, RC Green, ...",
      "venue": "Alzheimer's & Dementia 9 (5), e111-e194, 2013",
      "year": 2013,
      "citations": 1441
    },
    {
      "title": "Identification of common variants associated with human hippocampal and intracranial volumes",
      "url": "https://scholar.google.com/citations?view_op=view_citation&hl=en&user=QnWpiskAAAAJ&citation_for_view=QnWpiskAAAAJ:_Re3VWB3Y0AC",
      "authors": "JL Stein, SE Medland, AA Vasquez, DP Hibar, RE Senstad, AM Winkler, ...",
      "venue": "Nature genetics 44 (5), 552-561, 2012",
      "year": 2012,
      "citations": 745
    },
    {
      "title": "Pathway analysis of genomic data: concepts, methods, and prospects for future development",
      "url": "https://scholar.google.com/citations?view_op=view_citation&hl=en&user=QnWpiskAAAAJ&citation_for_view=QnWpiskAAAAJ:tKAzc9rXhukC",
      "authors": "VK Ramanan, L Shen, JH Moore, AJ Saykin",
      "venue": "TRENDS in Genetics 28 (7), 323-332, 2012",
      "year": 2012,
      "citations": 341
    },
    {
      "title": "Alzheimer's Disease Neuroimaging Initiative biomarkers as quantitative phenotypes: Genetics core aims, progress, and plans",
      "url": "https://scholar.google.com/citations?view_op=view_citation&hl=en&user=QnWpiskAAAAJ&citation_for_view=QnWpiskAAAAJ:YsMSGLbcyi4C",
      "authors": "AJ Saykin, L Shen, TM Foroud, SG Potkin, S Swaminathan, S Kim, ...",
      "venue": "Alzheimer's & dementia 6 (3), 265-273, 2010",
      "year": 2010,
      "citations": 487
    },
    {
      "title": "Whole genome association study of brain-wide imaging phenotypes for identifying quantitative trait loci in MCI and AD: A study of the ADNI cohort",
      "url": "https://scholar.google.com/citations?view_op=view_citation&hl=en&user=QnWpiskAAAAJ&citation_for_view=QnWpiskAAAAJ:UeHWp8X0CEIC",
      "authors": "L Shen, S Kim, SL Risacher, K Nho, S Swaminathan, JD West, T Foroud, ...",
      "venue": "Neuroimage 53 (3), 1051-1063, 2010",
      "year": 2010,
      "citations": 453
    },
    {
      "title": "Longitudinal MRI atrophy biomarkers: relationship to conversion in the ADNI cohort",
      "url": "https://scholar.google.com/citations?view_op=view_citation&hl=en&user=QnWpiskAAAAJ&citation_for_view=QnWpiskAAAAJ:0EnyYjriUFMC",
      "authors": "SL Risacher, L Shen, JD West, S Kim, BC McDonald, LA Beckett, ...",
      "venue": "Neurobiology of aging 31 (8), 1401-1418, 2010",
      "year": 2010,
      "citations": 346
    },
    {
      "title": "Voxelwise genome-wide association study (vGWAS)",
      "url": "https://scholar.google.com/citations?view_op=view_citation&hl=en&user=QnWpiskAAAAJ&citation_for_view=QnWpiskAAAAJ:qjMakFHDy7sC",
      "authors": "JL Stein, X Hua, S Lee, AJ Ho, AD Leow, AW Toga, AJ Saykin, L Shen, ...",
      "venue": "neuroimage 53 (3), 1160-1174, 2010",
      "year": 2010,
      "citations": 319
    },
    {
      "title": "A commonly carried allele of the obesity-related FTO gene is associated with reduced brain volume in the healthy elderly",
      "url": "https://scholar.google.com/citations?view_op=view_citation&hl=en&user=QnWpiskAAAAJ&citation_for_view=QnWpiskAAAAJ:Tyk-4Ss8FVUC",
      "authors": "AJ Ho, JL Stein, X Hua, S Lee, DP Hibar, AD Leow, ID Dinov, AW Toga, ...",
      "venue": "Proceedings of the National Academy of Sciences 107 (18), 8404-8409, 2010",
      "year": 2010,
      "citations": 310
    },
    {
      "title": "Baseline MRI predictors of conversion from MCI to probable AD in the ADNI cohort",
      "url": "https://scholar.google.com/citations?view_op=view_citation&hl=en&user=QnWpiskAAAAJ&citation_for_view=QnWpiskAAAAJ:u5HHmVD_uO8C",
      "authors": "SL Risacher, AJ Saykin, JD Wes, L Shen, HA Firpi, BC McDonald",
      "venue": "Current Alzheimer Research 6 (4), 347-361, 2009",
      "year": 2009,
      "citations": 655
    },
    {
      "title": "Modeling three-dimensional morphological structures using spherical harmonics",
      "url": "https://scholar.google.com/citations?view_op=view_citation&hl=en&user=QnWpiskAAAAJ&citation_for_view=QnWpiskAAAAJ:LkGwnXOMwfcC",
      "authors": "L Shen, H Farid, MA McPeek",
      "venue": "Evolution 63 (4), 1003-1016, 2009",
      "year": 2009,
      "citations": 291
    }
  ],
  "co_authors": [
    {
      "name": "Andrew Saykin",
      "scholar_id": "OuT5GMoAAAAJ",
      "url": "https://scholar.google.com/citations?user=OuT5GMoAAAAJ"
    },
    {
      "name": "Sungeun Kim",
      "scholar_id": "uE8vVB4AAAAJ",
      "url": "https://scholar.google.com/citations?user=uE8vVB4AAAAJ"
    },
    {
      "name": "Kwangsik Nho",
      "scholar_id": "LgDWV6oAAAAJ",
      "url": "https://scholar.google.com/citations?user=LgDWV6oAAAAJ"
    },
    {
      "name": "Jingwen Yan",
      "scholar_id": "9ZIOjDQAAAAJ",
      "url": "https://scholar.google.com/citations?user=9ZIOjDQAAAAJ"
    },
    {
      "name": "Heng Huang",
      "scholar_id": "4OqLaDwAAAAJ",
      "url": "https://scholar.google.com/citations?user=4OqLaDwAAAAJ"
    },
    {
      "name": "Jason H. Moore",
      "scholar_id": "mE1Te78AAAAJ",
      "url": "https://scholar.google.com/citations?user=mE1Te78AAAAJ"
    },
    {
      "name": "Xiaohui Yao",
      "scholar_id": "81yb1TAAAAAJ",
      "url": "https://scholar.google.com/citations?user=81yb1TAAAAAJ"
    },
    {
      "name": "Alzheimer's Disease Neuroimaging Ini...",
      "scholar_id": "8pqSUpkAAAAJ",
      "url": "https://scholar.google.com/citations?user=8pqSUpkAAAAJ"
    },
    {
      "name": "Arthur Toga",
      "scholar_id": "B2YRmGgAAAAJ",
      "url": "https://scholar.google.com/citations?user=B2YRmGgAAAAJ"
    },
    {
      "name": "Matthew Huentelman",
      "scholar_id": "TI6TeN8AAAAJ",
      "url": "https://scholar.google.com/citations?user=TI6TeN8AAAAJ"
    },
    {
      "name": "Kefei Liu",
      "scholar_id": "-Dh-Tp8AAAAJ",
      "url": "https://scholar.google.com/citations?user=-Dh-Tp8AAAAJ"
    },
    {
      "name": "Vijay K Ramanan, MD PhD",
      "scholar_id": "ZQaeGMQAAAAJ",
      "url": "https://scholar.google.com/citations?user=ZQaeGMQAAAAJ"
    },
    {
      "name": "Jingxuan Bao",
      "scholar_id": "CiYAo8cAAAAJ",
      "url": "https://scholar.google.com/citations?user=CiYAo8cAAAAJ"
    },
    {
      "name": "Paul Thompson",
      "scholar_id": "qCVy9hgAAAAJ",
      "url": "https://scholar.google.com/citations?user=qCVy9hgAAAAJ"
    },
    {
      "name": "Lei Du (杜磊)",
      "scholar_id": "sGIDKDQAAAAJ",
      "url": "https://scholar.google.com/citations?user=sGIDKDQAAAAJ"
    },
    {
      "name": "Qi Long",
      "scholar_id": "gfklepYAAAAJ",
      "url": "https://scholar.google.com/citations?user=gfklepYAAAAJ"
    },
    {
      "name": "Christos Davatzikos",
      "scholar_id": "RId1qZ8AAAAJ",
      "url": "https://scholar.google.com/citations?user=RId1qZ8AAAAJ"
    },
    {
      "name": "Hua Wang",
      "scholar_id": "irHoDM8AAAAJ",
      "url": "https://scholar.google.com/citations?user=irHoDM8AAAAJ"
    },
    {
      "name": "Dokyoon Kim",
      "scholar_id": "gkI4j0AAAAAJ",
      "url": "https://scholar.google.com/citations?user=gkI4j0AAAAAJ"
    },
    {
      "name": "Marylyn D Ritchie",
      "scholar_id": "cfuoZagAAAAJ",
      "url": "https://scholar.google.com/citations?user=cfuoZagAAAAJ"
    }
  ]
}