{
  "author_info": {
    "name": "Daichi Mochihashi",
    "affiliation": "The Institute of Statistical Mathematics",
    "email_verified": "Verified email at ism.ac.jp - Homepage",
    "website": "http://chasen.org/~daiti-m/",
    "interests": [
      "natural language processing",
      "machine learning"
    ],
    "photo_url": "/citations/images/avatar_scholar_128.png"
  },
  "citation_stats": {
    "citations_all": 1309,
    "citations_since_2020": 573,
    "h_index_all": 17,
    "h_index_since_2020": 12,
    "i10_index_all": 29,
    "i10_index_since_2020": 15,
    "citation_graph": [
      {
        "year": 2005,
        "citations": 4
      },
      {
        "year": 2006,
        "citations": 6
      },
      {
        "year": 2007,
        "citations": 9
      },
      {
        "year": 2008,
        "citations": 12
      },
      {
        "year": 2009,
        "citations": 13
      },
      {
        "year": 2010,
        "citations": 33
      },
      {
        "year": 2011,
        "citations": 48
      },
      {
        "year": 2012,
        "citations": 58
      },
      {
        "year": 2013,
        "citations": 64
      },
      {
        "year": 2014,
        "citations": 68
      },
      {
        "year": 2015,
        "citations": 77
      },
      {
        "year": 2016,
        "citations": 92
      },
      {
        "year": 2017,
        "citations": 67
      },
      {
        "year": 2018,
        "citations": 90
      },
      {
        "year": 2019,
        "citations": 83
      },
      {
        "year": 2020,
        "citations": 67
      },
      {
        "year": 2021,
        "citations": 83
      },
      {
        "year": 2022,
        "citations": 114
      },
      {
        "year": 2023,
        "citations": 114
      },
      {
        "year": 2024,
        "citations": 105
      },
      {
        "year": 2025,
        "citations": 88
      }
    ]
  },
  "papers": [
    {
      "title": "A comprehensive analysis of PMI-based models for measuring semantic differences",
      "url": "https://scholar.google.com/citations?view_op=view_citation&hl=en&user=ZxABgB0AAAAJ&citation_for_view=ZxABgB0AAAAJ:fPk4N6BV_jEC",
      "authors": "T Aida, M Komachi, T Ogiso, H Takamura, D Mochihashi",
      "venue": "Proceedings of the 35th Pacific Asia conference on language, information and …, 2021",
      "year": 2021,
      "citations": 27
    },
    {
      "title": "Survey on frontiers of language and robotics",
      "url": "https://scholar.google.com/citations?view_op=view_citation&hl=en&user=ZxABgB0AAAAJ&citation_for_view=ZxABgB0AAAAJ:qjMakFHDy7sC",
      "authors": "T Taniguchi, D Mochihashi, T Nagai, S Uchida, N Inoue, I Kobayashi, ...",
      "venue": "Advanced Robotics 33 (15-16), 700-730, 2019",
      "year": 2019,
      "citations": 86
    },
    {
      "title": "HVGH: unsupervised segmentation for high-dimensional time series using deep neural compression and statistical generative model",
      "url": "https://scholar.google.com/citations?view_op=view_citation&hl=en&user=ZxABgB0AAAAJ&citation_for_view=ZxABgB0AAAAJ:j3f4tGmQtD8C",
      "authors": "M Nagano, T Nakamura, T Nagai, D Mochihashi, I Kobayashi, W Takano",
      "venue": "Frontiers in Robotics and AI 6, 115, 2019",
      "year": 2019,
      "citations": 27
    },
    {
      "title": "Gaussian process and machine learning",
      "url": "https://scholar.google.com/citations?view_op=view_citation&hl=en&user=ZxABgB0AAAAJ&citation_for_view=ZxABgB0AAAAJ:P5F9QuxV20EC",
      "authors": "D Mochihashi, S Oba",
      "venue": "Tokyo: Kodansha Ltd, 2019",
      "year": 2019,
      "citations": 18
    },
    {
      "title": "Sequence pattern extraction by segmenting time series data using GP-HSMM with hierarchical dirichlet process",
      "url": "https://scholar.google.com/citations?view_op=view_citation&hl=en&user=ZxABgB0AAAAJ&citation_for_view=ZxABgB0AAAAJ:LkGwnXOMwfcC",
      "authors": "M Nagano, T Nakamura, T Nagai, D Mochihashi, I Kobayashi, M Kaneko",
      "venue": "2018 IEEE/RSJ International Conference on Intelligent Robots and Systems …, 2018",
      "year": 2018,
      "citations": 25
    },
    {
      "title": "Segmenting continuous motions with hidden semi-markov models and gaussian processes",
      "url": "https://scholar.google.com/citations?view_op=view_citation&hl=en&user=ZxABgB0AAAAJ&citation_for_view=ZxABgB0AAAAJ:_Qo2XoVZTnwC",
      "authors": "T Nakamura, T Nagai, D Mochihashi, I Kobayashi, H Asoh, M Kaneko",
      "venue": "Frontiers in neurorobotics 11, 67, 2017",
      "year": 2017,
      "citations": 71
    },
    {
      "title": "Nonparametric bayesian semi-supervised word segmentation",
      "url": "https://scholar.google.com/citations?view_op=view_citation&hl=en&user=ZxABgB0AAAAJ&citation_for_view=ZxABgB0AAAAJ:L8Ckcad2t8MC",
      "authors": "R Fujii, R Domoto, D Mochihashi",
      "venue": "Transactions of the Association for Computational Linguistics 5, 179-189, 2017",
      "year": 2017,
      "citations": 15
    },
    {
      "title": "Learning word meanings and grammar for verbalization of daily life activities using multilayered multimodal latent Dirichlet allocation and Bayesian hidden Markov models",
      "url": "https://scholar.google.com/citations?view_op=view_citation&hl=en&user=ZxABgB0AAAAJ&citation_for_view=ZxABgB0AAAAJ:Tyk-4Ss8FVUC",
      "authors": "M Attamimi, Y Ando, T Nakamura, T Nagai, D Mochihashi, I Kobayashi, ...",
      "venue": "Advanced Robotics 30 (11-12), 806-824, 2016",
      "year": 2016,
      "citations": 23
    },
    {
      "title": "Human-like natural language generation using monte carlo tree search",
      "url": "https://scholar.google.com/citations?view_op=view_citation&hl=en&user=ZxABgB0AAAAJ&citation_for_view=ZxABgB0AAAAJ:ZeXyd9-uunAC",
      "authors": "K Kumagai, I Kobayashi, D Mochihashi, H Asoh, T Nakamura, T Nagai",
      "venue": "Proceedings of the INLG 2016 Workshop on Computational Creativity in Natural …, 2016",
      "year": 2016,
      "citations": 18
    },
    {
      "title": "Inducing word and part-of-speech with Pitman-Yor hidden semi-Markov models",
      "url": "https://scholar.google.com/citations?view_op=view_citation&hl=en&user=ZxABgB0AAAAJ&citation_for_view=ZxABgB0AAAAJ:roLk4NBRz8UC",
      "authors": "K Uchiumi, H Tsukahara, D Mochihashi",
      "venue": "Proceedings of the 53rd Annual Meeting of the Association for Computational …, 2015",
      "year": 2015,
      "citations": 48
    },
    {
      "title": "Mixture of Gaussian process experts for predicting sung melodic contour with expressive dynamic fluctuations",
      "url": "https://scholar.google.com/citations?view_op=view_citation&hl=en&user=ZxABgB0AAAAJ&citation_for_view=ZxABgB0AAAAJ:YsMSGLbcyi4C",
      "authors": "Y Ohishi, D Mochihashi, H Kameoka, K Kashino",
      "venue": "2014 IEEE International Conference on Acoustics, Speech and Signal …, 2014",
      "year": 2014,
      "citations": 17
    },
    {
      "title": "Infinite positive semidefinite tensor factorization for source separation of mixture signals",
      "url": "https://scholar.google.com/citations?view_op=view_citation&hl=en&user=ZxABgB0AAAAJ&citation_for_view=ZxABgB0AAAAJ:UeHWp8X0CEIC",
      "authors": "K Yoshii, R Tomioka, D Mochihashi, M Goto",
      "venue": "International conference on machine learning, 576-584, 2013",
      "year": 2013,
      "citations": 66
    },
    {
      "title": "Beyond NMF: Time-Domain Audio Source Separation without Phase Reconstruction.",
      "url": "https://scholar.google.com/citations?view_op=view_citation&hl=en&user=ZxABgB0AAAAJ&citation_for_view=ZxABgB0AAAAJ:5nxA0vEk-isC",
      "authors": "K Yoshii, R Tomioka, D Mochihashi, M Goto",
      "venue": "ISMIR, 369-374, 2013",
      "year": 2013,
      "citations": 58
    },
    {
      "title": "Bayesian semi-supervised audio event transcription based on Markov Indian buffet process",
      "url": "https://scholar.google.com/citations?view_op=view_citation&hl=en&user=ZxABgB0AAAAJ&citation_for_view=ZxABgB0AAAAJ:hqOjcs7Dif8C",
      "authors": "Y Ohishi, D Mochihashi, T Matsui, M Nakano, H Kameoka, T Izumitani, ...",
      "venue": "2013 IEEE international conference on acoustics, speech and signal …, 2013",
      "year": 2013,
      "citations": 36
    },
    {
      "title": "A Stochastic Model of Singing Voice F0 Contours for Characterizing Expressive Dynamic Components.",
      "url": "https://scholar.google.com/citations?view_op=view_citation&hl=en&user=ZxABgB0AAAAJ&citation_for_view=ZxABgB0AAAAJ:hC7cP41nSMkC",
      "authors": "Y Ohishi, H Kameoka, D Mochihashi, K Kashino",
      "venue": "INTERSPEECH, 474-477, 2012",
      "year": 2012,
      "citations": 26
    },
    {
      "title": "Predicting word fixations in text with a CRF model for capturing general reading strategies among readers",
      "url": "https://scholar.google.com/citations?view_op=view_citation&hl=en&user=ZxABgB0AAAAJ&citation_for_view=ZxABgB0AAAAJ:TQgYirikUcIC",
      "authors": "T Hara, D Mochihashi, Y Kano, A Aizawa",
      "venue": "Proceedings of the First Workshop on Eye-Tracking and Natural Language …, 2012",
      "year": 2012,
      "citations": 20
    },
    {
      "title": "Learning common grammar from multilingual corpus",
      "url": "https://scholar.google.com/citations?view_op=view_citation&hl=en&user=ZxABgB0AAAAJ&citation_for_view=ZxABgB0AAAAJ:RHpTSmoSYBkC",
      "authors": "T Iwata, D Mochihashi, H Sawada",
      "venue": "Proceedings of the ACL 2010 conference short papers, 184-188, 2010",
      "year": 2010,
      "citations": 16
    },
    {
      "title": "Bayesian unsupervised word segmentation with nested Pitman-Yor language modeling",
      "url": "https://scholar.google.com/citations?view_op=view_citation&hl=en&user=ZxABgB0AAAAJ&citation_for_view=ZxABgB0AAAAJ:MXK_kJrjxJIC",
      "authors": "D Mochihashi, T Yamada, N Ueda",
      "venue": "Proceedings of the Joint Conference of the 47th Annual Meeting of the ACL …, 2009",
      "year": 2009,
      "citations": 340
    },
    {
      "title": "The infinite Markov model",
      "url": "https://scholar.google.com/citations?view_op=view_citation&hl=en&user=ZxABgB0AAAAJ&citation_for_view=ZxABgB0AAAAJ:W7OEmFMy1HYC",
      "authors": "D Mochihashi, E Sumita",
      "venue": "Advances in neural information processing systems 20, 2007",
      "year": 2007,
      "citations": 66
    },
    {
      "title": "The NiCT-ATR Statistical Machine Translation System for IWSLT 2006",
      "url": "https://scholar.google.com/citations?view_op=view_citation&hl=en&user=ZxABgB0AAAAJ&citation_for_view=ZxABgB0AAAAJ:dhFuZR0502QC",
      "authors": "R Zhang, H Yamamoto, M Paul, H Okuma, K Yasuda, Y Lepage, ...",
      "venue": "Proceedings of the Third International Workshop on Spoken Language …, 2006",
      "year": 2006,
      "citations": 45
    }
  ],
  "co_authors": []
}