{
  "author_info": {
    "name": "Péter Vajda",
    "affiliation": "Facebook",
    "email_verified": "Verified email at stanford.edu - Homepage",
    "website": "http://www.stanford.edu/~pvajda/",
    "interests": [
      "Mobile visual search",
      "Computer vision",
      "Artificial intelligence"
    ],
    "photo_url": "https://scholar.googleusercontent.com/citations?view_op=view_photo&user=8DEW7fwAAAAJ&citpid=3"
  },
  "citation_stats": {
    "citations_all": 10394,
    "citations_since_2020": 9792,
    "h_index_all": 38,
    "h_index_since_2020": 37,
    "i10_index_all": 67,
    "i10_index_since_2020": 58,
    "citation_graph": [
      {
        "year": 2011,
        "citations": 28
      },
      {
        "year": 2012,
        "citations": 26
      },
      {
        "year": 2013,
        "citations": 25
      },
      {
        "year": 2014,
        "citations": 30
      },
      {
        "year": 2015,
        "citations": 30
      },
      {
        "year": 2016,
        "citations": 29
      },
      {
        "year": 2017,
        "citations": 40
      },
      {
        "year": 2018,
        "citations": 78
      },
      {
        "year": 2019,
        "citations": 279
      },
      {
        "year": 2020,
        "citations": 667
      },
      {
        "year": 2021,
        "citations": 1218
      },
      {
        "year": 2022,
        "citations": 1439
      },
      {
        "year": 2023,
        "citations": 1755
      },
      {
        "year": 2024,
        "citations": 2301
      },
      {
        "year": 2025,
        "citations": 2391
      }
    ]
  },
  "papers": [
    {
      "title": "Movie gen: A cast of media foundation models",
      "url": "https://scholar.google.com/citations?view_op=view_citation&hl=en&user=8DEW7fwAAAAJ&citation_for_view=8DEW7fwAAAAJ:AXkvAH5U_nMC",
      "authors": "A Polyak, A Zohar, A Brown, A Tjandra, A Sinha, A Lee, A Vyas, B Shi, ...",
      "venue": "arXiv preprint arXiv:2410.13720, 2024",
      "year": 2024,
      "citations": 292
    },
    {
      "title": "Cache me if you can: Accelerating diffusion models through block caching",
      "url": "https://scholar.google.com/citations?view_op=view_citation&hl=en&user=8DEW7fwAAAAJ&citation_for_view=8DEW7fwAAAAJ:prdVHNxh-e8C",
      "authors": "F Wimbauer, B Wu, E Schoenfeld, X Dai, J Hou, Z He, A Sanakoyeu, ...",
      "venue": "Proceedings of the IEEE/CVF Conference on Computer Vision and Pattern …, 2024",
      "year": 2024,
      "citations": 109
    },
    {
      "title": "Open-vocabulary semantic segmentation with mask-adapted clip",
      "url": "https://scholar.google.com/citations?view_op=view_citation&hl=en&user=8DEW7fwAAAAJ&citation_for_view=8DEW7fwAAAAJ:j7_hQOaDUrUC",
      "authors": "F Liang, B Wu, X Dai, K Li, Y Zhao, H Zhang, P Zhang, P Vajda, ...",
      "venue": "Proceedings of the IEEE/CVF conference on computer vision and pattern …, 2023",
      "year": 2023,
      "citations": 683
    },
    {
      "title": "Emu: Enhancing image generation models using photogenic needles in a haystack",
      "url": "https://scholar.google.com/citations?view_op=view_citation&hl=en&user=8DEW7fwAAAAJ&citation_for_view=8DEW7fwAAAAJ:owLR8QvbtFgC",
      "authors": "X Dai, J Hou, CY Ma, S Tsai, J Wang, R Wang, P Zhang, S Vandenhende, ...",
      "venue": "arXiv preprint arXiv:2309.15807, 2023",
      "year": 2023,
      "citations": 271
    },
    {
      "title": "Cross-domain adaptive teacher for object detection",
      "url": "https://scholar.google.com/citations?view_op=view_citation&hl=en&user=8DEW7fwAAAAJ&citation_for_view=8DEW7fwAAAAJ:PaBasH6fAo0C",
      "authors": "YJ Li, X Dai, CY Ma, YC Liu, K Chen, B Wu, Z He, K Kitani, P Vajda",
      "venue": "Proceedings of the IEEE/CVF conference on computer vision and pattern …, 2022",
      "year": 2022,
      "citations": 307
    },
    {
      "title": "Unbiased teacher for semi-supervised object detection",
      "url": "https://scholar.google.com/citations?view_op=view_citation&hl=en&user=8DEW7fwAAAAJ&citation_for_view=8DEW7fwAAAAJ:otzGkya1bYkC",
      "authors": "YC Liu, CY Ma, Z He, CW Kuo, K Chen, P Zhang, B Wu, Z Kira, P Vajda",
      "venue": "arXiv preprint arXiv:2102.09480, 2021",
      "year": 2021,
      "citations": 695
    },
    {
      "title": "Fbnetv3: Joint architecture-recipe search using predictor pretraining",
      "url": "https://scholar.google.com/citations?view_op=view_citation&hl=en&user=8DEW7fwAAAAJ&citation_for_view=8DEW7fwAAAAJ:jgBuDB5drN8C",
      "authors": "X Dai, A Wan, P Zhang, B Wu, Z He, Z Wei, K Chen, Y Tian, M Yu, P Vajda, ...",
      "venue": "Proceedings of the IEEE/CVF Conference on Computer Vision and Pattern …, 2021",
      "year": 2021,
      "citations": 144
    },
    {
      "title": "Visual transformers: Token-based image representation and processing for computer vision",
      "url": "https://scholar.google.com/citations?view_op=view_citation&hl=en&user=8DEW7fwAAAAJ&citation_for_view=8DEW7fwAAAAJ:4xDN1ZYqzskC",
      "authors": "B Wu, C Xu, X Dai, A Wan, P Zhang, Z Yan, M Tomizuka, J Gonzalez, ...",
      "venue": "arXiv preprint arXiv:2006.03677, 2020",
      "year": 2020,
      "citations": 838
    },
    {
      "title": "Squeezesegv3: Spatially-adaptive convolution for efficient point-cloud segmentation",
      "url": "https://scholar.google.com/citations?view_op=view_citation&hl=en&user=8DEW7fwAAAAJ&citation_for_view=8DEW7fwAAAAJ:NyGDZy8z5eUC",
      "authors": "C Xu, B Wu, Z Wang, W Zhan, P Vajda, K Keutzer, M Tomizuka",
      "venue": "European Conference on Computer Vision, 1-19, 2020",
      "year": 2020,
      "citations": 577
    },
    {
      "title": "Fbnetv2: Differentiable neural architecture search for spatial and channel dimensions",
      "url": "https://scholar.google.com/citations?view_op=view_citation&hl=en&user=8DEW7fwAAAAJ&citation_for_view=8DEW7fwAAAAJ:PVgj2kMGcgYC",
      "authors": "A Wan, X Dai, P Zhang, Z He, Y Tian, S Xie, B Wu, M Yu, T Xu, K Chen, ...",
      "venue": "Proceedings of the IEEE/CVF conference on computer vision and pattern …, 2020",
      "year": 2020,
      "citations": 430
    },
    {
      "title": "One shot 3d photography",
      "url": "https://scholar.google.com/citations?view_op=view_citation&hl=en&user=8DEW7fwAAAAJ&citation_for_view=8DEW7fwAAAAJ:wMgC3FpKEyYC",
      "authors": "J Kopf, K Matzen, S Alsisan, O Quigley, F Ge, Y Chong, J Patterson, ...",
      "venue": "ACM Transactions on Graphics (TOG) 39 (4), 76: 1-76: 13, 2020",
      "year": 2020,
      "citations": 103
    },
    {
      "title": "Fbnet: Hardware-aware efficient convnet design via differentiable neural architecture search",
      "url": "https://scholar.google.com/citations?view_op=view_citation&hl=en&user=8DEW7fwAAAAJ&citation_for_view=8DEW7fwAAAAJ:sJsF-0ZLhtgC",
      "authors": "B Wu, X Dai, P Zhang, Y Wang, F Sun, Y Wu, Y Tian, P Vajda, Y Jia, ...",
      "venue": "Proceedings of the IEEE Conference on Computer Vision and Pattern …, 2019",
      "year": 2019,
      "citations": 1827
    },
    {
      "title": "Machine Learning at Facebook: Understanding Inference at the Edge",
      "url": "https://scholar.google.com/citations?view_op=view_citation&hl=en&user=8DEW7fwAAAAJ&citation_for_view=8DEW7fwAAAAJ:tH6gc1N1XXoC",
      "authors": "CJ Wu, D Brooks, K Chen, D Chen, S Choudhury, M Dukhan, ...",
      "venue": "2019 IEEE International Symposium on High Performance Computer Architecture …, 2019",
      "year": 2019,
      "citations": 661
    },
    {
      "title": "Chamnet: Towards efficient network design through platform-aware model adaptation",
      "url": "https://scholar.google.com/citations?view_op=view_citation&hl=en&user=8DEW7fwAAAAJ&citation_for_view=8DEW7fwAAAAJ:5icHVeHT4IsC",
      "authors": "X Dai, P Zhang, B Wu, H Yin, F Sun, Y Wang, M Dukhan, Y Hu, Y Wu, ...",
      "venue": "Proceedings of the IEEE Conference on Computer Vision and Pattern …, 2019",
      "year": 2019,
      "citations": 355
    },
    {
      "title": "Efficient segmentation: Learning downsampling near semantic boundaries",
      "url": "https://scholar.google.com/citations?view_op=view_citation&hl=en&user=8DEW7fwAAAAJ&citation_for_view=8DEW7fwAAAAJ:LgRImbQfgY4C",
      "authors": "D Marin, Z He, P Vajda, P Chatterjee, S Tsai, F Yang, Y Boykov",
      "venue": "Proceedings of the IEEE/CVF international conference on computer vision …, 2019",
      "year": 2019,
      "citations": 122
    },
    {
      "title": "Mixed Precision Quantization of ConvNets via Differentiable Neural Architecture Search",
      "url": "https://scholar.google.com/citations?view_op=view_citation&hl=en&user=8DEW7fwAAAAJ&citation_for_view=8DEW7fwAAAAJ:artPoR2Yc-kC",
      "authors": "B Wu, Y Wang, P Zhang, Y Tian, P Vajda, K Keutzer",
      "venue": "arXiv preprint arXiv:1812.00090, 2018",
      "year": 2018,
      "citations": 371
    },
    {
      "title": "Value-aware quantization for training and inference of neural networks",
      "url": "https://scholar.google.com/citations?view_op=view_citation&hl=en&user=8DEW7fwAAAAJ&citation_for_view=8DEW7fwAAAAJ:vDZJ-YLwNdEC",
      "authors": "E Park, S Yoo, P Vajda",
      "venue": "Proceedings of the European Conference on Computer Vision (ECCV), 580-595, 2018",
      "year": 2018,
      "citations": 254
    },
    {
      "title": "DSD: Dense-Sparse-Dense Training for Deep Neural Networks",
      "url": "https://scholar.google.com/citations?view_op=view_citation&hl=en&user=8DEW7fwAAAAJ&citation_for_view=8DEW7fwAAAAJ:mNrWkgRL2YcC",
      "authors": "S Han, J Pool, S Narang, H Mao, S Tang, E Elsen, B Catanzaro, J Tran, ...",
      "venue": "arXiv preprint arXiv:1607.04381, 2016",
      "year": 2016,
      "citations": 374
    },
    {
      "title": "Systems and Methods for Generating Video Summary Sequences From One or More Video Segments",
      "url": "https://scholar.google.com/citations?view_op=view_citation&hl=en&user=8DEW7fwAAAAJ&citation_for_view=8DEW7fwAAAAJ:HtS1dXgVpQUC",
      "authors": "DM Chen, H Chen, M Daneshi, AF de Araujo, B Girod, S Tsai, P Vajda, ...",
      "venue": "US Patent App. 14/798,457, 2016",
      "year": 2016,
      "citations": 126
    },
    {
      "title": "Systems and methods for performing multi-modal video datastream segmentation",
      "url": "https://scholar.google.com/citations?view_op=view_citation&hl=en&user=8DEW7fwAAAAJ&citation_for_view=8DEW7fwAAAAJ:bKqednn6t2AC",
      "authors": "DM Chen, H Chen, M Daneshi, AF de Araujo, B Girod, S Tsai, P Vajda, ...",
      "venue": "US Patent 9,253,511, 2016",
      "year": 2016,
      "citations": 81
    }
  ],
  "co_authors": [
    {
      "name": "Peizhao Zhang",
      "scholar_id": "eqQQkM4AAAAJ",
      "url": "https://scholar.google.com/citations?user=eqQQkM4AAAAJ"
    },
    {
      "name": "Bichen Wu",
      "scholar_id": "K3QJPdMAAAAJ",
      "url": "https://scholar.google.com/citations?user=K3QJPdMAAAAJ"
    },
    {
      "name": "Sam S. Tsai",
      "scholar_id": "JdE_LFYAAAAJ",
      "url": "https://scholar.google.com/citations?user=JdE_LFYAAAAJ"
    },
    {
      "name": "Touradj Ebrahimi",
      "scholar_id": "jt-UsrcAAAAJ",
      "url": "https://scholar.google.com/citations?user=jt-UsrcAAAAJ"
    },
    {
      "name": "Yangqing Jia",
      "scholar_id": "mu5Y2rYAAAAJ",
      "url": "https://scholar.google.com/citations?user=mu5Y2rYAAAAJ"
    },
    {
      "name": "David M. Chen",
      "scholar_id": "VatsnGUAAAAJ",
      "url": "https://scholar.google.com/citations?user=VatsnGUAAAAJ"
    },
    {
      "name": "Bernd Girod",
      "scholar_id": "lEGGMI0AAAAJ",
      "url": "https://scholar.google.com/citations?user=lEGGMI0AAAAJ"
    },
    {
      "name": "Andre Araujo",
      "scholar_id": "_ASUnDcAAAAJ",
      "url": "https://scholar.google.com/citations?user=_ASUnDcAAAAJ"
    },
    {
      "name": "Huizhong Chen",
      "scholar_id": "WghqyVMAAAAJ",
      "url": "https://scholar.google.com/citations?user=WghqyVMAAAAJ"
    },
    {
      "name": "Jong-Seok Lee",
      "scholar_id": "YGwwt6cAAAAJ",
      "url": "https://scholar.google.com/citations?user=YGwwt6cAAAAJ"
    },
    {
      "name": "Song Han",
      "scholar_id": "E0iCaa4AAAAJ",
      "url": "https://scholar.google.com/citations?user=E0iCaa4AAAAJ"
    },
    {
      "name": "Sungjoo Yoo",
      "scholar_id": "__waCuYAAAAJ",
      "url": "https://scholar.google.com/citations?user=__waCuYAAAAJ"
    },
    {
      "name": "Pavel Korshunov",
      "scholar_id": "vSRZIvUAAAAJ",
      "url": "https://scholar.google.com/citations?user=vSRZIvUAAAAJ"
    },
    {
      "name": "A.E. Eiben",
      "scholar_id": "NMuDAe0AAAAJ",
      "url": "https://scholar.google.com/citations?user=NMuDAe0AAAAJ"
    },
    {
      "name": "Frederic Dufaux",
      "scholar_id": "ziqjbTIAAAAJ",
      "url": "https://scholar.google.com/citations?user=ziqjbTIAAAAJ"
    }
  ]
}