{
  "author_info": {
    "name": "Yiding Chen",
    "affiliation": "Cornell University",
    "email_verified": "Verified email at cornell.edu - Homepage",
    "website": "https://chenyd.github.io/",
    "interests": [
      "Machine Learning"
    ],
    "photo_url": "https://scholar.googleusercontent.com/citations?view_op=view_photo&user=AtMBDPUAAAAJ&citpid=1"
  },
  "citation_stats": {
    "citations_all": 224,
    "citations_since_2020": 223,
    "h_index_all": 6,
    "h_index_since_2020": 6,
    "i10_index_all": 5,
    "i10_index_since_2020": 5,
    "citation_graph": [
      {
        "year": 2020,
        "citations": 4
      },
      {
        "year": 2021,
        "citations": 21
      },
      {
        "year": 2022,
        "citations": 28
      },
      {
        "year": 2023,
        "citations": 46
      },
      {
        "year": 2024,
        "citations": 51
      },
      {
        "year": 2025,
        "citations": 72
      }
    ]
  },
  "papers": [
    {
      "title": "Scaling Offline RL via Efficient and Expressive Shortcut Models",
      "url": "https://scholar.google.com/citations?view_op=view_citation&hl=en&user=AtMBDPUAAAAJ&citation_for_view=AtMBDPUAAAAJ:LkGwnXOMwfcC",
      "authors": "N Espinosa-Dice, Y Zhang, Y Chen, B Guo, O Oertell, G Swamy, ...",
      "venue": "arXiv preprint arXiv:2505.22866, 2025",
      "year": 2025,
      "citations": 4
    },
    {
      "title": "Convergence of consistency model with multistep sampling under general data assumptions",
      "url": "https://scholar.google.com/citations?view_op=view_citation&hl=en&user=AtMBDPUAAAAJ&citation_for_view=AtMBDPUAAAAJ:WF5omc3nYNoC",
      "authors": "Y Chen, Y Zhang, O Oertell, W Sun",
      "venue": "arXiv preprint arXiv:2505.03194, 2025",
      "year": 2025,
      "citations": 3
    },
    {
      "title": "Efficient Controllable Diffusion via Optimal Classifier Guidance",
      "url": "https://scholar.google.com/citations?view_op=view_citation&hl=en&user=AtMBDPUAAAAJ&citation_for_view=AtMBDPUAAAAJ:roLk4NBRz8UC",
      "authors": "O Oertell, S Sun, Y Chen, JP Zhou, Z Wang, W Sun",
      "venue": "arXiv preprint arXiv:2505.21666, 2025",
      "year": 2025,
      "citations": 1
    },
    {
      "title": "A Cram\\'er-von Mises Approach to Incentivizing Truthful Data Sharing",
      "url": "https://scholar.google.com/citations?view_op=view_citation&hl=en&user=AtMBDPUAAAAJ&citation_for_view=AtMBDPUAAAAJ:Se3iqnhoufwC",
      "authors": "A Clinton, T Zeng, Y Chen, X Zhu, K Kandasamy",
      "venue": "arXiv preprint arXiv:2506.07272, 2025",
      "year": 2025,
      "citations": 0
    },
    {
      "title": "Avoiding  scaling in RLHF through Preference-based Exploration",
      "url": "https://scholar.google.com/citations?view_op=view_citation&hl=en&user=AtMBDPUAAAAJ&citation_for_view=AtMBDPUAAAAJ:_FxGoFyzp5QC",
      "authors": "M Chen, Y Chen, W Sun, X Zhang",
      "venue": "arXiv preprint arXiv:2502.00666, 2025",
      "year": 2025,
      "citations": 0
    },
    {
      "title": "Diffusing states and matching scores: A new framework for imitation learning",
      "url": "https://scholar.google.com/citations?view_op=view_citation&hl=en&user=AtMBDPUAAAAJ&citation_for_view=AtMBDPUAAAAJ:eQOLeE2rZwMC",
      "authors": "R Wu, Y Chen, G Swamy, K Brantley, W Sun",
      "venue": "arXiv preprint arXiv:2410.13855, 2024",
      "year": 2024,
      "citations": 10
    },
    {
      "title": "Exact policy recovery in offline rl with both heavy-tailed rewards and data corruption",
      "url": "https://scholar.google.com/citations?view_op=view_citation&hl=en&user=AtMBDPUAAAAJ&citation_for_view=AtMBDPUAAAAJ:W7OEmFMy1HYC",
      "authors": "Y Chen, X Zhang, Q Xie, X Zhu",
      "venue": "Proceedings of the AAAI Conference on Artificial Intelligence 38 (10), 11416 …, 2024",
      "year": 2024,
      "citations": 2
    },
    {
      "title": "Byzantine-robust online and offline distributed reinforcement learning",
      "url": "https://scholar.google.com/citations?view_op=view_citation&hl=en&user=AtMBDPUAAAAJ&citation_for_view=AtMBDPUAAAAJ:IjCSPb-OGe4C",
      "authors": "Y Chen, X Zhang, K Zhang, M Wang, X Zhu",
      "venue": "International Conference on Artificial Intelligence and Statistics, 3230-3269, 2023",
      "year": 2023,
      "citations": 30
    },
    {
      "title": "Mechanism design for collaborative normal mean estimation",
      "url": "https://scholar.google.com/citations?view_op=view_citation&hl=en&user=AtMBDPUAAAAJ&citation_for_view=AtMBDPUAAAAJ:Tyk-4Ss8FVUC",
      "authors": "Y Chen, J Zhu, K Kandasamy",
      "venue": "Advances in Neural Information Processing Systems 36, 49365-49402, 2023",
      "year": 2023,
      "citations": 9
    },
    {
      "title": "Minimally modifying a Markov game to achieve any nash equilibrium and value",
      "url": "https://scholar.google.com/citations?view_op=view_citation&hl=en&user=AtMBDPUAAAAJ&citation_for_view=AtMBDPUAAAAJ:Y0pCki6q_DkC",
      "authors": "Y Wu, J McMahan, Y Chen, Y Chen, X Zhu, Q Xie",
      "venue": "arXiv preprint arXiv:2311.00582, 2023",
      "year": 2023,
      "citations": 2
    },
    {
      "title": "Robust Decision-making Under Data Corruption",
      "url": "https://scholar.google.com/citations?view_op=view_citation&hl=en&user=AtMBDPUAAAAJ&citation_for_view=AtMBDPUAAAAJ:ufrVoPGSRksC",
      "authors": "Y Chen",
      "venue": "The University of Wisconsin-Madison, 2023",
      "year": 2023,
      "citations": 0
    },
    {
      "title": "Corruption-robust offline reinforcement learning",
      "url": "https://scholar.google.com/citations?view_op=view_citation&hl=en&user=AtMBDPUAAAAJ&citation_for_view=AtMBDPUAAAAJ:UeHWp8X0CEIC",
      "authors": "X Zhang, Y Chen, X Zhu, W Sun",
      "venue": "International Conference on Artificial Intelligence and Statistics, 5757-5773, 2022",
      "year": 2022,
      "citations": 81
    },
    {
      "title": "The game of hidden rules: A new kind of benchmark challenge for machine learning",
      "url": "https://scholar.google.com/citations?view_op=view_citation&hl=en&user=AtMBDPUAAAAJ&citation_for_view=AtMBDPUAAAAJ:zYLM7Y9cAGgC",
      "authors": "E Pulick, S Bharti, Y Chen, V Menkov, Y Mintz, P Kantor, VM Bier",
      "venue": "arXiv preprint arXiv:2207.10218, 2022",
      "year": 2022,
      "citations": 2
    },
    {
      "title": "Robust policy gradient against strong data corruption",
      "url": "https://scholar.google.com/citations?view_op=view_citation&hl=en&user=AtMBDPUAAAAJ&citation_for_view=AtMBDPUAAAAJ:2osOgNQ5qMEC",
      "authors": "X Zhang, Y Chen, X Zhu, W Sun",
      "venue": "International Conference on Machine Learning, 12391-12401, 2021",
      "year": 2021,
      "citations": 51
    },
    {
      "title": "Optimal attack against autoregressive models by manipulating the environment",
      "url": "https://scholar.google.com/citations?view_op=view_citation&hl=en&user=AtMBDPUAAAAJ&citation_for_view=AtMBDPUAAAAJ:qjMakFHDy7sC",
      "authors": "Y Chen, X Zhu",
      "venue": "Proceedings of the AAAI conference on artificial intelligence 34 (04), 3545-3552, 2020",
      "year": 2020,
      "citations": 22
    },
    {
      "title": "Error lower bounds of constant step-size stochastic gradient descent",
      "url": "https://scholar.google.com/citations?view_op=view_citation&hl=en&user=AtMBDPUAAAAJ&citation_for_view=AtMBDPUAAAAJ:d1gkVwhDpl0C",
      "authors": "Z Ding, Y Chen, Q Li, X Zhu",
      "venue": "arXiv preprint arXiv:1910.08212, 2019",
      "year": 2019,
      "citations": 5
    },
    {
      "title": "Collaborative Mean Estimation Among Heterogeneous Strategic Agents: Individual Rationality, Fairness, and Truthful Contribution",
      "url": "https://scholar.google.com/citations?view_op=view_citation&hl=en&user=AtMBDPUAAAAJ&citation_for_view=AtMBDPUAAAAJ:UebtZRa9Y70C",
      "authors": "A Clinton, Y Chen, J Zhu, K Kandasamy",
      "venue": "Forty-second International Conference on Machine Learning, 0",
      "citations": 2
    }
  ],
  "co_authors": [
    {
      "name": "Xiaojin Zhu",
      "scholar_id": "hqTu-QcAAAAJ",
      "url": "https://scholar.google.com/citations?user=hqTu-QcAAAAJ"
    },
    {
      "name": "Wen Sun",
      "scholar_id": "iOLC30YAAAAJ",
      "url": "https://scholar.google.com/citations?user=iOLC30YAAAAJ"
    },
    {
      "name": "Xuezhou Zhang",
      "scholar_id": "tR-p-r8AAAAJ",
      "url": "https://scholar.google.com/citations?user=tR-p-r8AAAAJ"
    },
    {
      "name": "ZHIYAN DING",
      "scholar_id": "jpvAJFkAAAAJ",
      "url": "https://scholar.google.com/citations?user=jpvAJFkAAAAJ"
    }
  ]
}