{
  "author_info": {
    "name": "Jun Hao Koh",
    "affiliation": "Singapore University of Technology and Design",
    "email_verified": "Verified email at sutd.edu.sg",
    "interests": [
      "Computer Vision",
      "Deep Learning",
      "Artificial Intelligence"
    ],
    "photo_url": "/citations/images/avatar_scholar_128.png"
  },
  "citation_stats": {
    "citations_all": 20,
    "citations_since_2020": 20,
    "h_index_all": 2,
    "h_index_since_2020": 2,
    "i10_index_all": 1,
    "i10_index_since_2020": 1,
    "citation_graph": [
      {
        "year": 2024,
        "citations": 8
      },
      {
        "year": 2025,
        "citations": 12
      }
    ]
  },
  "papers": [
    {
      "title": "Model Inversion Attacks on Vision-Language Models: Do They Leak What They Learn?",
      "url": "https://scholar.google.com/citations?view_op=view_citation&hl=en&user=PN-tchoAAAAJ&citation_for_view=PN-tchoAAAAJ:qjMakFHDy7sC",
      "authors": "NB Nguyen, ST Ho, KJ Hao, NM Cheung",
      "venue": "arXiv preprint arXiv:2508.04097, 2025",
      "year": 2025,
      "citations": 1
    },
    {
      "title": "Revisiting Model Inversion Evaluation: From Misleading Standards to Reliable Privacy Assessment",
      "url": "https://scholar.google.com/citations?view_op=view_citation&hl=en&user=PN-tchoAAAAJ&citation_for_view=PN-tchoAAAAJ:2osOgNQ5qMEC",
      "authors": "ST Ho, KJ Hao, NB Nguyen, A Binder, NM Cheung",
      "venue": "arXiv preprint arXiv:2505.03519, 2025",
      "year": 2025,
      "citations": 0
    },
    {
      "title": "Uncovering the Limitations of Model Inversion Evaluation--Benchmarks and Connection to Type-I Adversarial Attacks",
      "url": "https://scholar.google.com/citations?view_op=view_citation&hl=en&user=PN-tchoAAAAJ&citation_for_view=PN-tchoAAAAJ:9yKSN-GCB0IC",
      "authors": "ST Ho, KJ Hao, NB Nguyen, A Binder, NM Cheung",
      "venue": "arXiv e-prints, arXiv: 2505.03519, 2025",
      "year": 2025,
      "citations": 0
    },
    {
      "title": "Model inversion robustness: Can transfer learning help?",
      "url": "https://scholar.google.com/citations?view_op=view_citation&hl=en&user=PN-tchoAAAAJ&citation_for_view=PN-tchoAAAAJ:u5HHmVD_uO8C",
      "authors": "ST Ho, KJ Hao, K Chandrasegaran, NB Nguyen, NM Cheung",
      "venue": "Proceedings of the IEEE/CVF Conference on Computer Vision and Pattern …, 2024",
      "year": 2024,
      "citations": 17
    },
    {
      "title": "On the Vulnerability of Skip Connections to Model Inversion Attacks",
      "url": "https://scholar.google.com/citations?view_op=view_citation&hl=en&user=PN-tchoAAAAJ&citation_for_view=PN-tchoAAAAJ:d1gkVwhDpl0C",
      "authors": "KJ Hao, ST Ho, NB Nguyen, NM Cheung",
      "venue": "European Conference on Computer Vision, 140-157, 2024",
      "year": 2024,
      "citations": 2
    },
    {
      "title": "Model Inversion Robustness: Can Transfer Learning Help? Supplementary",
      "url": "https://scholar.google.com/citations?view_op=view_citation&hl=en&user=PN-tchoAAAAJ&citation_for_view=PN-tchoAAAAJ:u-x6o8ySG0sC",
      "authors": "ST Ho, KJ Hao, K Chandrasegaran, NB Nguyen, NM Cheung",
      "venue": "",
      "citations": 0
    }
  ],
  "co_authors": []
}