{
  "author_info": {
    "name": "Yangfan Ye",
    "affiliation": "Harbin Institute of Technology (HIT)",
    "email_verified": "Verified email at ir.hit.edu.cn - Homepage",
    "website": "https://yyf-tommy.github.io/",
    "interests": [
      "NLP",
      "Multilingualism",
      "Globally Inclusive LLMs"
    ],
    "photo_url": "https://scholar.googleusercontent.com/citations?view_op=view_photo&user=l9N6dl8AAAAJ&citpid=1"
  },
  "citation_stats": {
    "citations_all": 31,
    "citations_since_2020": 31,
    "h_index_all": 4,
    "h_index_since_2020": 4,
    "i10_index_all": 0,
    "i10_index_since_2020": 0,
    "citation_graph": [
      {
        "year": 2023,
        "citations": 1
      },
      {
        "year": 2024,
        "citations": 30
      }
    ]
  },
  "papers": [
    {
      "title": "Improving Contextual Faithfulness of Large Language Models via Retrieval Heads-Induced Optimization",
      "url": "https://scholar.google.com/citations?view_op=view_citation&hl=en&user=l9N6dl8AAAAJ&citation_for_view=l9N6dl8AAAAJ:IjCSPb-OGe4C",
      "authors": "L Huang, X Feng, W Ma, Y Fan, X Feng, Y Ye, W Zhong, Y Gu, B Wang, ...",
      "venue": "🏆ACL 2025 (Main Conference, SAC Highlight Paper), 2025",
      "year": 2025,
      "citations": 8
    },
    {
      "title": "Enhancing Non-English Capabilities of English-Centric Large Language Models through Deep Supervision Fine-Tuning",
      "url": "https://scholar.google.com/citations?view_op=view_citation&hl=en&user=l9N6dl8AAAAJ&citation_for_view=l9N6dl8AAAAJ:zYLM7Y9cAGgC",
      "authors": "W Huo, X Feng, Y Huang, C Fu, B Li, Y Ye, Z Zhang, D Tu, D Tang, Y Lu, ...",
      "venue": "AAAI 2025, 2025",
      "year": 2025,
      "citations": 5
    },
    {
      "title": "Alleviating Hallucinations from Knowledge Misalignment in Large Language Models via Selective Abstention Learning",
      "url": "https://scholar.google.com/citations?view_op=view_citation&hl=en&user=l9N6dl8AAAAJ&citation_for_view=l9N6dl8AAAAJ:W7OEmFMy1HYC",
      "authors": "L Huang, X Feng, W Ma, Y Fan, X Feng, Y Gu, Y Ye, L Zhao, W Zhong, ...",
      "venue": "ACL 2025 (Main Conference, Oral), 24564-24579, 2025",
      "year": 2025,
      "citations": 1
    },
    {
      "title": "CC-Tuning: A Cross-Lingual Connection Mechanism for Improving Joint Multilingual Supervised Fine-Tuning",
      "url": "https://scholar.google.com/citations?view_op=view_citation&hl=en&user=l9N6dl8AAAAJ&citation_for_view=l9N6dl8AAAAJ:Y0pCki6q_DkC",
      "authors": "Y Ye, X Feng, Z Yuan, X Feng, L Qin, L Huang, W Ma, Y Huang, Z Zhang, ...",
      "venue": "ACL 2025 (Main Conference), 2025",
      "year": 2025,
      "citations": 1
    },
    {
      "title": "LangGPS: Language Separability Guided Data Pre-Selection for Joint Multilingual Instruction Tuning",
      "url": "https://scholar.google.com/citations?view_op=view_citation&hl=en&user=l9N6dl8AAAAJ&citation_for_view=l9N6dl8AAAAJ:YsMSGLbcyi4C",
      "authors": "Y Ye, X Feng, X Feng, L Huang, W Ma, Q Hong, Y Lu, D Tang, D Tu, B Qin",
      "venue": "AAAI2026 (Main Track), 2025",
      "year": 2025,
      "citations": 0
    },
    {
      "title": "GlobeSumm: A Challenging Benchmark Towards Unifying Multi-lingual, Cross-lingual and Multi-document News Summarization",
      "url": "https://scholar.google.com/citations?view_op=view_citation&hl=en&user=l9N6dl8AAAAJ&citation_for_view=l9N6dl8AAAAJ:9yKSN-GCB0IC",
      "authors": "Y Ye, X Feng, X Feng, W Ma, L Qin, D Xu, Q Yang, H Liu, B Qin",
      "venue": "EMNLP 2024 (Main Conference), 2024",
      "year": 2024,
      "citations": 7
    },
    {
      "title": "Unveiling Entity-Level Unlearning for Large Language Models: A Comprehensive Analysis",
      "url": "https://scholar.google.com/citations?view_op=view_citation&hl=en&user=l9N6dl8AAAAJ&citation_for_view=l9N6dl8AAAAJ:2osOgNQ5qMEC",
      "authors": "W Ma, X Feng, W Zhong, L Huang, Y Ye, X Feng, B Qin",
      "venue": "COLING 2025 (Oral), 2024",
      "year": 2024,
      "citations": 5
    },
    {
      "title": "Exploring Cross-lingual Latent Transplantation: Mutual Opportunities and Open Challenges",
      "url": "https://scholar.google.com/citations?view_op=view_citation&hl=en&user=l9N6dl8AAAAJ&citation_for_view=l9N6dl8AAAAJ:qjMakFHDy7sC",
      "authors": "Y Ye, X Feng, X Feng, L Qin, Y Huang, L Huang, W Ma, Z Zhang, Y Lu, ...",
      "venue": "arXiv preprint arXiv:2412.12686, 2024",
      "year": 2024,
      "citations": 2
    },
    {
      "title": "Dialogue context modelling for action item detection: Solution for ICASSP 2023 mug challenge track 5",
      "url": "https://scholar.google.com/citations?view_op=view_citation&hl=en&user=l9N6dl8AAAAJ&citation_for_view=l9N6dl8AAAAJ:u5HHmVD_uO8C",
      "authors": "J Huang, X Feng, Y Ye, L Zhao, X Feng, B Qin, T Liu",
      "venue": "ICASSP 2023-2023 IEEE International Conference on Acoustics, Speech and …, 2023",
      "year": 2023,
      "citations": 2
    },
    {
      "title": "基于大型语言模型的无监督细粒度长文本会议摘要框架",
      "url": "https://scholar.google.com/citations?view_op=view_citation&hl=en&user=l9N6dl8AAAAJ&citation_for_view=l9N6dl8AAAAJ:eQOLeE2rZwMC",
      "authors": "Y Ye, X Feng, X Feng, X Yu, B Qin",
      "venue": "CCIR2023 (Best Paper Candidate), The 29th China Conference on Information …, 2023",
      "year": 2023,
      "citations": 0
    }
  ],
  "co_authors": [
    {
      "name": "Xiaocheng Feng",
      "scholar_id": "Xu8NbhYAAAAJ",
      "url": "https://scholar.google.com/citations?user=Xu8NbhYAAAAJ"
    },
    {
      "name": "Xiachong Feng",
      "scholar_id": "Wifx6goAAAAJ",
      "url": "https://scholar.google.com/citations?user=Wifx6goAAAAJ"
    },
    {
      "name": "weitao ma",
      "scholar_id": "xJ6gGLMAAAAJ",
      "url": "https://scholar.google.com/citations?user=xJ6gGLMAAAAJ"
    },
    {
      "name": "Lei Huang",
      "scholar_id": "thexHRkAAAAJ",
      "url": "https://scholar.google.com/citations?user=thexHRkAAAAJ"
    },
    {
      "name": "Duyu Tang",
      "scholar_id": "9uz-D-kAAAAJ",
      "url": "https://scholar.google.com/citations?user=9uz-D-kAAAAJ"
    },
    {
      "name": "Libo Qin (覃立波)",
      "scholar_id": "8lVpK1QAAAAJ",
      "url": "https://scholar.google.com/citations?user=8lVpK1QAAAAJ"
    },
    {
      "name": "Weihong Zhong",
      "scholar_id": "2EQU-T0AAAAJ",
      "url": "https://scholar.google.com/citations?user=2EQU-T0AAAAJ"
    },
    {
      "name": "Yichong Huang (黄毅翀)",
      "scholar_id": "e0H1eqEAAAAJ",
      "url": "https://scholar.google.com/citations?user=e0H1eqEAAAAJ"
    }
  ]
}