{
  "author_info": {
    "name": "Chengtao Jian",
    "affiliation": "Tongji University",
    "email_verified": "Verified email at tongji.edu.cn",
    "interests": [
      "Machine Learning",
      "Nested Optimization",
      "Large Language Model"
    ],
    "photo_url": "/citations/images/avatar_scholar_128.png"
  },
  "citation_stats": {
    "citations_all": 61,
    "citations_since_2020": 61,
    "h_index_all": 4,
    "h_index_since_2020": 4,
    "i10_index_all": 3,
    "i10_index_since_2020": 3,
    "citation_graph": [
      {
        "year": 2023,
        "citations": 6
      },
      {
        "year": 2024,
        "citations": 15
      },
      {
        "year": 2025,
        "citations": 40
      }
    ]
  },
  "papers": [
    {
      "title": "A Nested Zeroth-Order Fine-Tuning Approach for Cloud-Edge LLM Agents",
      "url": "https://scholar.google.com/citations?view_op=view_citation&hl=en&user=SCBBO8oAAAAJ&citation_for_view=SCBBO8oAAAAJ:8k81kl-MbHgC",
      "authors": "Y Liu, K Yang, Y Zhu, K Yang, C Jian, W Ni, X Ye, Y Ouyang",
      "venue": "Pacific-Asia Conference on Knowledge Discovery and Data Mining, 3-15, 2025",
      "year": 2025,
      "citations": 2
    },
    {
      "title": "Stable Preference Optimization for LLMs: A Bilevel Approach Beyond Direct Preference Optimization",
      "url": "https://scholar.google.com/citations?view_op=view_citation&hl=en&user=SCBBO8oAAAAJ&citation_for_view=SCBBO8oAAAAJ:kNdYIx-mwKoC",
      "authors": "C Jian, K Yang, Y Ouyang, X Ye",
      "venue": "arXiv preprint arXiv:2507.07723, 2025",
      "year": 2025,
      "citations": 0
    },
    {
      "title": "UrbanMind: Towards Urban General Intelligence via Tool-Enhanced Retrieval-Augmented Generation and Multilevel Optimization",
      "url": "https://scholar.google.com/citations?view_op=view_citation&hl=en&user=SCBBO8oAAAAJ&citation_for_view=SCBBO8oAAAAJ:3fE2CSJIrl8C",
      "authors": "K Yang, Z Zhu, C Jian, H Ma, S Zhao, X Ye, Y Ouyang",
      "venue": "arXiv preprint arXiv:2507.04706, 2025",
      "year": 2025,
      "citations": 0
    },
    {
      "title": "Tri-Level Navigator: LLM-Empowered Tri-Level Learning for Time Series OOD Generalization",
      "url": "https://scholar.google.com/citations?view_op=view_citation&hl=en&user=SCBBO8oAAAAJ&citation_for_view=SCBBO8oAAAAJ:UebtZRa9Y70C",
      "authors": "C Jian, K Yang, Y Jiao",
      "venue": "Advances in Neural Information Processing Systems 37, 110613-110642, 2024",
      "year": 2024,
      "citations": 12
    },
    {
      "title": "Provably convergent federated trilevel learning",
      "url": "https://scholar.google.com/citations?view_op=view_citation&hl=en&user=SCBBO8oAAAAJ&citation_for_view=SCBBO8oAAAAJ:UeHWp8X0CEIC",
      "authors": "Y Jiao, K Yang, T Wu, C Jian, J Huang",
      "venue": "Proceedings of the AAAI Conference on Artificial Intelligence 38 (11), 12928 …, 2024",
      "year": 2024,
      "citations": 11
    },
    {
      "title": "Asynchronous distributed bilevel optimization",
      "url": "https://scholar.google.com/citations?view_op=view_citation&hl=en&user=SCBBO8oAAAAJ&citation_for_view=SCBBO8oAAAAJ:qjMakFHDy7sC",
      "authors": "Y Jiao, K Yang, T Wu, D Song, C Jian",
      "venue": "Eleventh International Conference on Learning Representations (ICLR 2023), 2022",
      "year": 2022,
      "citations": 32
    },
    {
      "title": "DTZO: Distributed Trilevel Zeroth Order Learning with Provable Non-Asymptotic Convergence",
      "url": "https://scholar.google.com/citations?view_op=view_citation&hl=en&user=SCBBO8oAAAAJ&citation_for_view=SCBBO8oAAAAJ:MXK_kJrjxJIC",
      "authors": "Y Jiao, K Yang, C Jian",
      "venue": "Forty-second International Conference on Machine Learning, 0",
      "citations": 4
    }
  ],
  "co_authors": []
}