{
  "author_info": {
    "name": "Egor Lakomkin",
    "affiliation": "Meta SuperIntelligence",
    "email_verified": "Verified email at fb.com - Homepage",
    "website": "http://lakomkin.me/",
    "interests": [
      "Multimodal Large Language Models"
    ],
    "photo_url": "https://scholar.googleusercontent.com/citations?view_op=view_photo&user=Svmv-7EAAAAJ&citpid=3"
  },
  "citation_stats": {
    "citations_all": 12851,
    "citations_since_2020": 12753,
    "h_index_all": 15,
    "h_index_since_2020": 14,
    "i10_index_all": 18,
    "i10_index_since_2020": 17,
    "citation_graph": [
      {
        "year": 2018,
        "citations": 32
      },
      {
        "year": 2019,
        "citations": 47
      },
      {
        "year": 2020,
        "citations": 63
      },
      {
        "year": 2021,
        "citations": 65
      },
      {
        "year": 2022,
        "citations": 63
      },
      {
        "year": 2023,
        "citations": 93
      },
      {
        "year": 2024,
        "citations": 2149
      },
      {
        "year": 2025,
        "citations": 10273
      }
    ]
  },
  "papers": [
    {
      "title": "The Llama 4 herd: The beginning of a new era of natively multimodal AI innovation",
      "url": "https://scholar.google.com/citations?view_op=view_citation&hl=en&user=Svmv-7EAAAAJ&citation_for_view=Svmv-7EAAAAJ:L8Ckcad2t8MC",
      "authors": "AI Meta",
      "venue": "",
      "citations": 200,
      "year": 2025
    },
    {
      "title": "The llama 3 herd of models",
      "url": "https://scholar.google.com/citations?view_op=view_citation&hl=en&user=Svmv-7EAAAAJ&citation_for_view=Svmv-7EAAAAJ:qxL8FJ1GzNcC",
      "authors": "A Dubey, A Jauhri, A Pandey, A Kadian, A Al-Dahle, A Letman, A Mathur, ...",
      "venue": "arXiv e-prints, arXiv: 2407.21783, 2024",
      "year": 2024,
      "citations": 11376
    },
    {
      "title": "The llama 3 herd of models, 2024",
      "url": "https://scholar.google.com/citations?view_op=view_citation&hl=en&user=Svmv-7EAAAAJ&citation_for_view=Svmv-7EAAAAJ:aqlVkmm33-oC",
      "authors": "A Dubey, A Jauhri, A Pandey, A Kadian, A Al-Dahle, A Letman, A Mathur, ...",
      "venue": "URL https://arxiv. org/abs/2407.21783 2407, 21783, 2024",
      "year": 2024,
      "citations": 346
    },
    {
      "title": "Prompting large language models with speech recognition abilities",
      "url": "https://scholar.google.com/citations?view_op=view_citation&hl=en&user=Svmv-7EAAAAJ&citation_for_view=Svmv-7EAAAAJ:ULOm3_A8WrAC",
      "authors": "Y Fathullah, C Wu, E Lakomkin, J Jia, Y Shangguan, K Li, J Guo, W Xiong, ...",
      "venue": "ICASSP 2024-2024 IEEE International Conference on Acoustics, Speech and …, 2024",
      "year": 2024,
      "citations": 192
    },
    {
      "title": "The llama 3 herd of models. CoRR, abs/2407.21783, 2024. doi: 10.48550",
      "url": "https://scholar.google.com/citations?view_op=view_citation&hl=en&user=Svmv-7EAAAAJ&citation_for_view=Svmv-7EAAAAJ:7PzlFSSx8tAC",
      "authors": "A Dubey, A Jauhri, A Pandey, A Kadian, A Al-Dahle, A Letman, A Mathur, ...",
      "venue": "arXiv preprint ARXIV.2407.21783 10, 2024",
      "year": 2024,
      "citations": 102
    },
    {
      "title": "Audiochatllama: Towards general-purpose speech abilities for llms",
      "url": "https://scholar.google.com/citations?view_op=view_citation&hl=en&user=Svmv-7EAAAAJ&citation_for_view=Svmv-7EAAAAJ:M3ejUd6NZC8C",
      "authors": "Y Fathullah, C Wu, E Lakomkin, K Li, J Jia, Y Shangguan, J Mahadeokar, ...",
      "venue": "Proceedings of the 2024 Conference of the North American Chapter of the …, 2024",
      "year": 2024,
      "citations": 61
    },
    {
      "title": "End-to-end speech recognition contextualization with large language models",
      "url": "https://scholar.google.com/citations?view_op=view_citation&hl=en&user=Svmv-7EAAAAJ&citation_for_view=Svmv-7EAAAAJ:_kc_bZDykSQC",
      "authors": "E Lakomkin, C Wu, Y Fathullah, O Kalinli, ML Seltzer, C Fuegen",
      "venue": "ICASSP 2024-2024 IEEE International Conference on Acoustics, Speech and …, 2024",
      "year": 2024,
      "citations": 52
    },
    {
      "title": "Frozen large language models can perceive paralinguistic aspects of speech",
      "url": "https://scholar.google.com/citations?view_op=view_citation&hl=en&user=Svmv-7EAAAAJ&citation_for_view=Svmv-7EAAAAJ:Wp0gIr-vW9MC",
      "authors": "W Kang, J Jia, C Wu, W Zhou, E Lakomkin, Y Gaur, L Sari, S Kim, K Li, ...",
      "venue": "arXiv preprint arXiv:2410.01162, 2024",
      "year": 2024,
      "citations": 9
    },
    {
      "title": "Synthvsr: Scaling up visual speech recognition with synthetic supervision",
      "url": "https://scholar.google.com/citations?view_op=view_citation&hl=en&user=Svmv-7EAAAAJ&citation_for_view=Svmv-7EAAAAJ:kNdYIx-mwKoC",
      "authors": "X Liu, E Lakomkin, K Vougioukas, P Ma, H Chen, R Xie, M Doulaty, ...",
      "venue": "Proceedings of the IEEE/CVF conference on computer vision and pattern …, 2023",
      "year": 2023,
      "citations": 36
    },
    {
      "title": "Towards general-purpose speech abilities for large language models using unpaired data",
      "url": "https://scholar.google.com/citations?view_op=view_citation&hl=en&user=Svmv-7EAAAAJ&citation_for_view=Svmv-7EAAAAJ:4TOpqqG69KYC",
      "authors": "Y Fathullah, C Wu, E Lakomkin, J Jia, Y Shangguan, J Mahadeokar, ...",
      "venue": "arXiv preprint arXiv:2311.06753, 104, 2023",
      "year": 2023,
      "citations": 10
    },
    {
      "title": "Subword regularization: An analysis of scalability and generalization for end-to-end automatic speech recognition",
      "url": "https://scholar.google.com/citations?view_op=view_citation&hl=en&user=Svmv-7EAAAAJ&citation_for_view=Svmv-7EAAAAJ:0EnyYjriUFMC",
      "authors": "E Lakomkin, J Heymann, I Sklyar, S Wiesler",
      "venue": "arXiv preprint arXiv:2008.04034, 2020",
      "year": 2020,
      "citations": 11
    },
    {
      "title": "Incorporating end-to-end speech recognition models for sentiment analysis",
      "url": "https://scholar.google.com/citations?view_op=view_citation&hl=en&user=Svmv-7EAAAAJ&citation_for_view=Svmv-7EAAAAJ:UebtZRa9Y70C",
      "authors": "E Lakomkin, MA Zamani, C Weber, S Magg, S Wermter",
      "venue": "2019 International Conference on Robotics and Automation (ICRA), 7976-7982, 2019",
      "year": 2019,
      "citations": 35
    },
    {
      "title": "The OMG-emotion behavior dataset",
      "url": "https://scholar.google.com/citations?view_op=view_citation&hl=en&user=Svmv-7EAAAAJ&citation_for_view=Svmv-7EAAAAJ:eQOLeE2rZwMC",
      "authors": "P Barros, N Churamani, E Lakomkin, H Siqueira, A Sutherland, S Wermter",
      "venue": "2018 International Joint Conference on Neural Networks (IJCNN), 1-7, 2018",
      "year": 2018,
      "citations": 153
    },
    {
      "title": "On the robustness of speech emotion recognition for human-robot interaction with deep neural networks",
      "url": "https://scholar.google.com/citations?view_op=view_citation&hl=en&user=Svmv-7EAAAAJ&citation_for_view=Svmv-7EAAAAJ:WF5omc3nYNoC",
      "authors": "E Lakomkin, MA Zamani, C Weber, S Magg, S Wermter",
      "venue": "2018 IEEE/RSJ International Conference on Intelligent Robots and Systems …, 2018",
      "year": 2018,
      "citations": 84
    },
    {
      "title": "Emorl: continuous acoustic emotion classification using deep reinforcement learning",
      "url": "https://scholar.google.com/citations?view_op=view_citation&hl=en&user=Svmv-7EAAAAJ&citation_for_view=Svmv-7EAAAAJ:ufrVoPGSRksC",
      "authors": "E Lakomkin, MA Zamani, C Weber, S Magg, S Wermter",
      "venue": "2018 IEEE International Conference on Robotics and Automation (ICRA), 4445-4450, 2018",
      "year": 2018,
      "citations": 31
    },
    {
      "title": "KT-speech-crawler: Automatic dataset construction for speech recognition from YouTube videos",
      "url": "https://scholar.google.com/citations?view_op=view_citation&hl=en&user=Svmv-7EAAAAJ&citation_for_view=Svmv-7EAAAAJ:roLk4NBRz8UC",
      "authors": "E Lakomkin, S Magg, C Weber, S Wermter",
      "venue": "Proceedings of the 2018 conference on empirical methods in natural language …, 2018",
      "year": 2018,
      "citations": 28
    },
    {
      "title": "Combining articulatory features with end-to-end learning in speech recognition",
      "url": "https://scholar.google.com/citations?view_op=view_citation&hl=en&user=Svmv-7EAAAAJ&citation_for_view=Svmv-7EAAAAJ:LkGwnXOMwfcC",
      "authors": "L Qu, C Weber, E Lakomkin, J Twiefel, S Wermter",
      "venue": "International Conference on Artificial Neural Networks, 500-510, 2018",
      "year": 2018,
      "citations": 10
    },
    {
      "title": "Reusing neural speech representations for auditory emotion recognition",
      "url": "https://scholar.google.com/citations?view_op=view_citation&hl=en&user=Svmv-7EAAAAJ&citation_for_view=Svmv-7EAAAAJ:YsMSGLbcyi4C",
      "authors": "E Lakomkin, C Weber, S Magg, S Wermter",
      "venue": "Proceedings of the Eighth International Joint Conference on Natural Language …, 2017",
      "year": 2017,
      "citations": 47
    },
    {
      "title": "GradAscent at EmoInt-2017: character and word level recurrent neural network models for tweet emotion intensity detection",
      "url": "https://scholar.google.com/citations?view_op=view_citation&hl=en&user=Svmv-7EAAAAJ&citation_for_view=Svmv-7EAAAAJ:Y0pCki6q_DkC",
      "authors": "E Lakomkin, C Bothe, S Wermter",
      "venue": "Proceedings of the 8th Workshop on Computational Approaches to Subjectivity …, 2017",
      "year": 2017,
      "citations": 26
    },
    {
      "title": "Анализ статистических алгоритмов снятия морфологической омонимии в русском языке",
      "url": "https://scholar.google.com/citations?view_op=view_citation&hl=en&user=Svmv-7EAAAAJ&citation_for_view=Svmv-7EAAAAJ:d1gkVwhDpl0C",
      "authors": "ЕД Лакомкин, ИВ Пузыревский, ДА Рыжова",
      "venue": "URL: http://aistconf. org/stuff/aist2013/submissions/aist2013_submission_33. pdf, 2013",
      "year": 2013,
      "citations": 6
    }
  ],
  "co_authors": [
    {
      "name": "Mohammad Ali Zamani",
      "scholar_id": "ttBza5QAAAAJ",
      "url": "https://scholar.google.com/citations?user=ttBza5QAAAAJ"
    },
    {
      "name": "Pablo Barros",
      "scholar_id": "LU9tpkMAAAAJ",
      "url": "https://scholar.google.com/citations?user=LU9tpkMAAAAJ"
    },
    {
      "name": "Dr. Chandrakant Bothe",
      "scholar_id": "tbXp3XsAAAAJ",
      "url": "https://scholar.google.com/citations?user=tbXp3XsAAAAJ"
    }
  ]
}