{
  "author_info": {
    "name": "Simon Omlor",
    "affiliation": "TU Dortmund",
    "email_verified": "Verified email at tu-dortmund.de",
    "interests": [
      "Kombinatorische Optimierung",
      "l_1 regression"
    ],
    "photo_url": "/citations/images/avatar_scholar_128.png"
  },
  "citation_stats": {
    "citations_all": 103,
    "citations_since_2020": 102,
    "h_index_all": 7,
    "h_index_since_2020": 6,
    "i10_index_all": 4,
    "i10_index_since_2020": 4,
    "citation_graph": [
      {
        "year": 2019,
        "citations": 1
      },
      {
        "year": 2020,
        "citations": 1
      },
      {
        "year": 2021,
        "citations": 3
      },
      {
        "year": 2022,
        "citations": 16
      },
      {
        "year": 2023,
        "citations": 26
      },
      {
        "year": 2024,
        "citations": 38
      },
      {
        "year": 2025,
        "citations": 18
      }
    ]
  },
  "papers": [
    {
      "title": "Optimal bounds for  sensitivity sampling via  augmentation",
      "url": "https://scholar.google.com/citations?view_op=view_citation&hl=en&user=h_CVewsAAAAJ&citation_for_view=h_CVewsAAAAJ:zYLM7Y9cAGgC",
      "authors": "A Munteanu, S Omlor",
      "venue": "arXiv preprint arXiv:2406.00328, 2024",
      "year": 2024,
      "citations": 7
    },
    {
      "title": "Turnstile  leverage score sampling with applications",
      "url": "https://scholar.google.com/citations?view_op=view_citation&hl=en&user=h_CVewsAAAAJ&citation_for_view=h_CVewsAAAAJ:IjCSPb-OGe4C",
      "authors": "A Munteanu, S Omlor",
      "venue": "arXiv preprint arXiv:2406.00339, 2024",
      "year": 2024,
      "citations": 2
    },
    {
      "title": "Serial batching to minimize the weighted number of tardy jobs",
      "url": "https://scholar.google.com/citations?view_op=view_citation&hl=en&user=h_CVewsAAAAJ&citation_for_view=h_CVewsAAAAJ:Y0pCki6q_DkC",
      "authors": "D Hermelin, M Mnich, S Omlor",
      "venue": "Journal of Scheduling 27 (6), 545-556, 2024",
      "year": 2024,
      "citations": 1
    },
    {
      "title": "Scalable Bayesian p-generalized probit and logistic regression",
      "url": "https://scholar.google.com/citations?view_op=view_citation&hl=en&user=h_CVewsAAAAJ&citation_for_view=h_CVewsAAAAJ:Tyk-4Ss8FVUC",
      "authors": "Z Ding, S Omlor, K Ickstadt, A Munteanu",
      "venue": "Advances in Data Analysis and Classification, 1-35, 2024",
      "year": 2024,
      "citations": 1
    },
    {
      "title": "Almost Linear Constant-Factor Sketching for  and Logistic Regression",
      "url": "https://scholar.google.com/citations?view_op=view_citation&hl=en&user=h_CVewsAAAAJ&citation_for_view=h_CVewsAAAAJ:u5HHmVD_uO8C",
      "authors": "A Munteanu, S Omlor, D Woodruff",
      "venue": "arXiv preprint arXiv:2304.00051, 2023",
      "year": 2023,
      "citations": 11
    },
    {
      "title": "Bounding the width of neural networks via coupled initialization a worst case analysis",
      "url": "https://scholar.google.com/citations?view_op=view_citation&hl=en&user=h_CVewsAAAAJ&citation_for_view=h_CVewsAAAAJ:9yKSN-GCB0IC",
      "authors": "A Munteanu, S Omlor, Z Song, D Woodruff",
      "venue": "International Conference on Machine Learning, 16083-16122, 2022",
      "year": 2022,
      "citations": 27
    },
    {
      "title": "p-Generalized probit regression and scalable maximum likelihood estimation via sketching and coresets",
      "url": "https://scholar.google.com/citations?view_op=view_citation&hl=en&user=h_CVewsAAAAJ&citation_for_view=h_CVewsAAAAJ:2osOgNQ5qMEC",
      "authors": "A Munteanu, S Omlor, C Peters",
      "venue": "International Conference on Artificial Intelligence and Statistics, 2073-2100, 2022",
      "year": 2022,
      "citations": 11
    },
    {
      "title": "Compressing data for generalized linear regression",
      "url": "https://scholar.google.com/citations?view_op=view_citation&hl=en&user=h_CVewsAAAAJ&citation_for_view=h_CVewsAAAAJ:UeHWp8X0CEIC",
      "authors": "S Omlor",
      "venue": "Dissertation, Dortmund, Technische Universität, 2023, 2022",
      "year": 2022,
      "citations": 0
    },
    {
      "title": "Oblivious sketching for logistic regression",
      "url": "https://scholar.google.com/citations?view_op=view_citation&hl=en&user=h_CVewsAAAAJ&citation_for_view=h_CVewsAAAAJ:qjMakFHDy7sC",
      "authors": "A Munteanu, S Omlor, D Woodruff",
      "venue": "International Conference on Machine Learning, 7861-7871, 2021",
      "year": 2021,
      "citations": 28
    },
    {
      "title": "Scheduling with non-renewable resources: Minimizing the sum of completion times",
      "url": "https://scholar.google.com/citations?view_op=view_citation&hl=en&user=h_CVewsAAAAJ&citation_for_view=h_CVewsAAAAJ:d1gkVwhDpl0C",
      "authors": "K Bérczi, T Király, S Omlor",
      "venue": "International symposium on combinatorial optimization, 167-178, 2020",
      "year": 2020,
      "citations": 8
    },
    {
      "title": "Single machine batch scheduling to minimize the weighted number of tardy jobs",
      "url": "https://scholar.google.com/citations?view_op=view_citation&hl=en&user=h_CVewsAAAAJ&citation_for_view=h_CVewsAAAAJ:u-x6o8ySG0sC",
      "authors": "D Hermelin, M Mnich, S Omlor",
      "venue": "arXiv preprint arXiv:1911.12350, 2019",
      "year": 2019,
      "citations": 7
    }
  ],
  "co_authors": []
}