{
  "author_info": {
    "name": "Pascal Monasse",
    "affiliation": "Researcher, IMAGINE, Ecole des Ponts ParisTech",
    "email_verified": "Verified email at imagine.enpc.fr",
    "interests": [
      "computer vision",
      "image processing"
    ],
    "photo_url": "/citations/images/avatar_scholar_128.png"
  },
  "citation_stats": {
    "citations_all": 4638,
    "citations_since_2020": 2153,
    "h_index_all": 31,
    "h_index_since_2020": 19,
    "i10_index_all": 65,
    "i10_index_since_2020": 41,
    "citation_graph": [
      {
        "year": 2000,
        "citations": 19
      },
      {
        "year": 2001,
        "citations": 22
      },
      {
        "year": 2002,
        "citations": 46
      },
      {
        "year": 2003,
        "citations": 40
      },
      {
        "year": 2004,
        "citations": 41
      },
      {
        "year": 2005,
        "citations": 69
      },
      {
        "year": 2006,
        "citations": 66
      },
      {
        "year": 2007,
        "citations": 64
      },
      {
        "year": 2008,
        "citations": 69
      },
      {
        "year": 2009,
        "citations": 93
      },
      {
        "year": 2010,
        "citations": 58
      },
      {
        "year": 2011,
        "citations": 100
      },
      {
        "year": 2012,
        "citations": 100
      },
      {
        "year": 2013,
        "citations": 123
      },
      {
        "year": 2014,
        "citations": 148
      },
      {
        "year": 2015,
        "citations": 175
      },
      {
        "year": 2016,
        "citations": 229
      },
      {
        "year": 2017,
        "citations": 291
      },
      {
        "year": 2018,
        "citations": 324
      },
      {
        "year": 2019,
        "citations": 315
      },
      {
        "year": 2020,
        "citations": 302
      },
      {
        "year": 2021,
        "citations": 331
      },
      {
        "year": 2022,
        "citations": 383
      },
      {
        "year": 2023,
        "citations": 379
      },
      {
        "year": 2024,
        "citations": 414
      },
      {
        "year": 2025,
        "citations": 343
      }
    ]
  },
  "papers": [
    {
      "title": "Improving neural implicit surfaces geometry with patch warping",
      "url": "https://scholar.google.com/citations?view_op=view_citation&hl=en&user=dZRK3HsAAAAJ&citation_for_view=dZRK3HsAAAAJ:tzM49s52ZIMC",
      "authors": "F Darmon, B Bascle, JC Devaux, P Monasse, M Aubry",
      "venue": "Proceedings of the IEEE/CVF Conference on Computer Vision and Pattern …, 2022",
      "year": 2022,
      "citations": 176
    },
    {
      "title": "Theory and practice of image B-spline interpolation",
      "url": "https://scholar.google.com/citations?view_op=view_citation&hl=en&user=dZRK3HsAAAAJ&citation_for_view=dZRK3HsAAAAJ:kRWSkSYxWN8C",
      "authors": "T Briand, P Monasse",
      "venue": "Image Processing On Line 8, 99-141, 2018",
      "year": 2018,
      "citations": 46
    },
    {
      "title": "A precision analysis of camera distortion models",
      "url": "https://scholar.google.com/citations?view_op=view_citation&hl=en&user=dZRK3HsAAAAJ&citation_for_view=dZRK3HsAAAAJ:l7t_Zn2s7bgC",
      "authors": "Z Tang, RG Von Gioi, P Monasse, JM Morel",
      "venue": "IEEE Transactions on Image Processing 26 (6), 2694-2704, 2017",
      "year": 2017,
      "citations": 153
    },
    {
      "title": "Openmvg: Open multiple view geometry",
      "url": "https://scholar.google.com/citations?view_op=view_citation&hl=en&user=dZRK3HsAAAAJ&citation_for_view=dZRK3HsAAAAJ:Tiz5es2fbqcC",
      "authors": "P Moulon, P Monasse, R Perrot, R Marlet",
      "venue": "International Workshop on Reproducible Research in Pattern Recognition, 60-74, 2016",
      "year": 2016,
      "citations": 503
    },
    {
      "title": "Openmvg. an open multiple view geometry library",
      "url": "https://scholar.google.com/citations?view_op=view_citation&hl=en&user=dZRK3HsAAAAJ&citation_for_view=dZRK3HsAAAAJ:vRqMK49ujn8C",
      "authors": "P Moulon, P Monasse, R Marlet",
      "venue": "Openmvg. an open multiple view geometry library, 2014",
      "year": 2014,
      "citations": 108
    },
    {
      "title": "Tree-based morse regions: A topological approach to local feature detection",
      "url": "https://scholar.google.com/citations?view_op=view_citation&hl=en&user=dZRK3HsAAAAJ&citation_for_view=dZRK3HsAAAAJ:3s1wT3WcHBgC",
      "authors": "Y Xu, P Monasse, T Géraud, L Najman",
      "venue": "IEEE Transactions on Image Processing 23 (12), 5612-5625, 2014",
      "year": 2014,
      "citations": 70
    },
    {
      "title": "Global fusion of relative motions for robust, accurate and scalable structure from motion",
      "url": "https://scholar.google.com/citations?view_op=view_citation&hl=en&user=dZRK3HsAAAAJ&citation_for_view=dZRK3HsAAAAJ:NaGl4SEjCO4C",
      "authors": "P Moulon, P Monasse, R Marlet",
      "venue": "Proceedings of the IEEE international conference on computer vision, 3248-3255, 2013",
      "year": 2013,
      "citations": 482
    },
    {
      "title": "Adaptive Structure from Motion with a Contrario Model Estimation",
      "url": "https://scholar.google.com/citations?view_op=view_citation&hl=en&user=dZRK3HsAAAAJ&citation_for_view=dZRK3HsAAAAJ:4JMBOYKVnBMC",
      "authors": "P Moulon, P Monasse, R Marlet",
      "venue": "Asian conference on computer vision, 257-270, 2012",
      "year": 2012,
      "citations": 388
    },
    {
      "title": "Automatic homographic registration of a pair of images, with a contrario elimination of outliers",
      "url": "https://scholar.google.com/citations?view_op=view_citation&hl=en&user=dZRK3HsAAAAJ&citation_for_view=dZRK3HsAAAAJ:IWHjjKOFINEC",
      "authors": "L Moisan, P Moulon, P Monasse",
      "venue": "Image Processing On Line 2, 56-73, 2012",
      "year": 2012,
      "citations": 190
    },
    {
      "title": "Unordered feature tracking made fast and easy",
      "url": "https://scholar.google.com/citations?view_op=view_citation&hl=en&user=dZRK3HsAAAAJ&citation_for_view=dZRK3HsAAAAJ:_Qo2XoVZTnwC",
      "authors": "P Moulon, P Monasse",
      "venue": "CVMP 2012, 1, 2012",
      "year": 2012,
      "citations": 49
    },
    {
      "title": "Three-step image rectification",
      "url": "https://scholar.google.com/citations?view_op=view_citation&hl=en&user=dZRK3HsAAAAJ&citation_for_view=dZRK3HsAAAAJ:8k81kl-MbHgC",
      "authors": "P Monasse, JM Morel, Z Tang",
      "venue": "BMVC 2010-British Machine Vision Conference, 89.1--89.10, 2010",
      "year": 2010,
      "citations": 62
    },
    {
      "title": "Geometric description of images as topographic maps",
      "url": "https://scholar.google.com/citations?view_op=view_citation&hl=en&user=dZRK3HsAAAAJ&citation_for_view=dZRK3HsAAAAJ:-f6ydRqryjwC",
      "authors": "V Caselles, P Monasse",
      "venue": "Springer, 2009",
      "year": 2009,
      "citations": 166
    },
    {
      "title": "Dense and accurate spatio-temporal multi-view stereovision",
      "url": "https://scholar.google.com/citations?view_op=view_citation&hl=en&user=dZRK3HsAAAAJ&citation_for_view=dZRK3HsAAAAJ:Y0pCki6q_DkC",
      "authors": "J Courchay, JP Pons, P Monasse, R Keriven",
      "venue": "Asian Conference on Computer Vision, 11-22, 2009",
      "year": 2009,
      "citations": 56
    },
    {
      "title": "The tree of shapes of an image",
      "url": "https://scholar.google.com/citations?view_op=view_citation&hl=en&user=dZRK3HsAAAAJ&citation_for_view=dZRK3HsAAAAJ:JoZmwDi-zQgC",
      "authors": "C Ballester, V Caselles, P Monasse",
      "venue": "ESAIM: Control, Optimisation and Calculus of Variations 9, 1-18, 2003",
      "year": 2003,
      "citations": 77
    },
    {
      "title": "On the theory of planar shape",
      "url": "https://scholar.google.com/citations?view_op=view_citation&hl=en&user=dZRK3HsAAAAJ&citation_for_view=dZRK3HsAAAAJ:u-x6o8ySG0sC",
      "authors": "JL Lisani, L Moisan, P Monasse, JM Morel",
      "venue": "Multiscale Modeling & Simulation 1 (1), 1-24, 2003",
      "year": 2003,
      "citations": 69
    },
    {
      "title": "Grain filters",
      "url": "https://scholar.google.com/citations?view_op=view_citation&hl=en&user=dZRK3HsAAAAJ&citation_for_view=dZRK3HsAAAAJ:TFP_iSt0sucC",
      "authors": "V Caselles, P Monasse",
      "venue": "Journal of Mathematical Imaging and Vision 17 (3), 249-270, 2002",
      "year": 2002,
      "citations": 63
    },
    {
      "title": "Fast computation of a contrast-invariant image representation",
      "url": "https://scholar.google.com/citations?view_op=view_citation&hl=en&user=dZRK3HsAAAAJ&citation_for_view=dZRK3HsAAAAJ:u5HHmVD_uO8C",
      "authors": "P Monasse, F Guichard",
      "venue": "IEEE transactions on image processing 9 (5), 860-872, 2000",
      "year": 2000,
      "citations": 474
    },
    {
      "title": "Scale-space from a level lines tree",
      "url": "https://scholar.google.com/citations?view_op=view_citation&hl=en&user=dZRK3HsAAAAJ&citation_for_view=dZRK3HsAAAAJ:2osOgNQ5qMEC",
      "authors": "P Monasse, F Guichard",
      "venue": "Journal of Visual Communication and Image Representation 11 (2), 224-236, 2000",
      "year": 2000,
      "citations": 93
    },
    {
      "title": "Contrast invariant registration of images",
      "url": "https://scholar.google.com/citations?view_op=view_citation&hl=en&user=dZRK3HsAAAAJ&citation_for_view=dZRK3HsAAAAJ:d1gkVwhDpl0C",
      "authors": "P Monasse",
      "venue": "1999 IEEE International Conference on Acoustics, Speech, and Signal …, 1999",
      "year": 1999,
      "citations": 51
    },
    {
      "title": "Orthonormal wavelet bases adapted for partial differential equations with boundary conditions",
      "url": "https://scholar.google.com/citations?view_op=view_citation&hl=en&user=dZRK3HsAAAAJ&citation_for_view=dZRK3HsAAAAJ:7PzlFSSx8tAC",
      "authors": "P Monasse, V Perrier",
      "venue": "SIAM journal on mathematical analysis 29 (4), 1040-1065, 1998",
      "year": 1998,
      "citations": 139
    }
  ],
  "co_authors": []
}