{
  "author_info": {
    "name": "John Guttag",
    "affiliation": "Unknown affiliation",
    "email_verified": "Verified email at mit.edu",
    "interests": [],
    "photo_url": "/citations/images/avatar_scholar_128.png"
  },
  "citation_stats": {
    "citations_all": 35299,
    "citations_since_2020": 16477,
    "h_index_all": 76,
    "h_index_since_2020": 46,
    "i10_index_all": 199,
    "i10_index_since_2020": 115,
    "citation_graph": [
      {
        "year": 1986,
        "citations": 129
      },
      {
        "year": 1987,
        "citations": 232
      },
      {
        "year": 1988,
        "citations": 226
      },
      {
        "year": 1989,
        "citations": 281
      },
      {
        "year": 1990,
        "citations": 301
      },
      {
        "year": 1991,
        "citations": 352
      },
      {
        "year": 1992,
        "citations": 310
      },
      {
        "year": 1993,
        "citations": 317
      },
      {
        "year": 1994,
        "citations": 326
      },
      {
        "year": 1995,
        "citations": 353
      },
      {
        "year": 1996,
        "citations": 339
      },
      {
        "year": 1997,
        "citations": 335
      },
      {
        "year": 1998,
        "citations": 343
      },
      {
        "year": 1999,
        "citations": 464
      },
      {
        "year": 2000,
        "citations": 408
      },
      {
        "year": 2001,
        "citations": 432
      },
      {
        "year": 2002,
        "citations": 603
      },
      {
        "year": 2003,
        "citations": 427
      },
      {
        "year": 2004,
        "citations": 417
      },
      {
        "year": 2005,
        "citations": 484
      },
      {
        "year": 2006,
        "citations": 462
      },
      {
        "year": 2007,
        "citations": 433
      },
      {
        "year": 2008,
        "citations": 357
      },
      {
        "year": 2009,
        "citations": 429
      },
      {
        "year": 2010,
        "citations": 503
      },
      {
        "year": 2011,
        "citations": 516
      },
      {
        "year": 2012,
        "citations": 671
      },
      {
        "year": 2013,
        "citations": 651
      },
      {
        "year": 2014,
        "citations": 741
      },
      {
        "year": 2015,
        "citations": 784
      },
      {
        "year": 2016,
        "citations": 961
      },
      {
        "year": 2017,
        "citations": 1040
      },
      {
        "year": 2018,
        "citations": 1106
      },
      {
        "year": 2019,
        "citations": 1372
      },
      {
        "year": 2020,
        "citations": 1885
      },
      {
        "year": 2021,
        "citations": 2365
      },
      {
        "year": 2022,
        "citations": 2855
      },
      {
        "year": 2023,
        "citations": 3037
      },
      {
        "year": 2024,
        "citations": 3288
      },
      {
        "year": 2025,
        "citations": 3007
      }
    ]
  },
  "papers": [
    {
      "title": "Application of machine learning in epileptic seizure detection",
      "url": "https://scholar.google.com/citations?view_op=view_citation&hl=en&user=TvyZkdwAAAAJ&citation_for_view=TvyZkdwAAAAJ:_5tno0g5mFcC",
      "authors": "LV Tran, HM Tran, TM Le, TTM Huynh, HT Tran, SVT Dao",
      "venue": "Diagnostics 12 (11), 2879, 2022",
      "year": 2022,
      "citations": 943
    },
    {
      "title": "A framework for understanding sources of harm throughout the machine learning life cycle",
      "url": "https://scholar.google.com/citations?view_op=view_citation&hl=en&user=TvyZkdwAAAAJ&citation_for_view=TvyZkdwAAAAJ:-mN3Mh-tlDkC",
      "authors": "H Suresh, J Guttag",
      "venue": "Proceedings of the 1st ACM Conference on Equity and Access in Algorithms …, 2021",
      "year": 2021,
      "citations": 912
    },
    {
      "title": "What is the state of neural network pruning?",
      "url": "https://scholar.google.com/citations?view_op=view_citation&hl=en&user=TvyZkdwAAAAJ&citation_for_view=TvyZkdwAAAAJ:QD3KBmkZPeQC",
      "authors": "D Blalock, JJ Gonzalez Ortiz, J Frankle, J Guttag",
      "venue": "Proceedings of machine learning and systems 2, 129-146, 2020",
      "year": 2020,
      "citations": 1647
    },
    {
      "title": "Voxelmorph: a learning framework for deformable medical image registration",
      "url": "https://scholar.google.com/citations?view_op=view_citation&hl=en&user=TvyZkdwAAAAJ&citation_for_view=TvyZkdwAAAAJ:OcBU2YAGkTUC",
      "authors": "G Balakrishnan, A Zhao, MR Sabuncu, J Guttag, AV Dalca",
      "venue": "IEEE transactions on medical imaging 38 (8), 1788-1800, 2019",
      "year": 2019,
      "citations": 2646
    },
    {
      "title": "Unsupervised learning of probabilistic diffeomorphic registration for images and surfaces",
      "url": "https://scholar.google.com/citations?view_op=view_citation&hl=en&user=TvyZkdwAAAAJ&citation_for_view=TvyZkdwAAAAJ:4vMrXwiscB8C",
      "authors": "AV Dalca, G Balakrishnan, J Guttag, MR Sabuncu",
      "venue": "Medical image analysis 57, 226-236, 2019",
      "year": 2019,
      "citations": 964
    },
    {
      "title": "A framework for understanding unintended consequences of machine learning",
      "url": "https://scholar.google.com/citations?view_op=view_citation&hl=en&user=TvyZkdwAAAAJ&citation_for_view=TvyZkdwAAAAJ:LhH-TYMQEocC",
      "authors": "H Suresh, JV Guttag",
      "venue": "arXiv preprint arXiv:1901.10002 2 (8), 73, 2019",
      "year": 2019,
      "citations": 689
    },
    {
      "title": "Data augmentation using learned transformations for one-shot medical image segmentation",
      "url": "https://scholar.google.com/citations?view_op=view_citation&hl=en&user=TvyZkdwAAAAJ&citation_for_view=TvyZkdwAAAAJ:gVv57TyPmFsC",
      "authors": "A Zhao, G Balakrishnan, F Durand, JV Guttag, AV Dalca",
      "venue": "Proceedings of the IEEE/CVF conference on computer vision and pattern …, 2019",
      "year": 2019,
      "citations": 635
    },
    {
      "title": "An unsupervised learning model for deformable medical image registration",
      "url": "https://scholar.google.com/citations?view_op=view_citation&hl=en&user=TvyZkdwAAAAJ&citation_for_view=TvyZkdwAAAAJ:WJVC3Jt7v1AC",
      "authors": "G Balakrishnan, A Zhao, MR Sabuncu, J Guttag, AV Dalca",
      "venue": "Proceedings of the IEEE conference on computer vision and pattern …, 2018",
      "year": 2018,
      "citations": 959
    },
    {
      "title": "Detecting pulse from head motions in video",
      "url": "https://scholar.google.com/citations?view_op=view_citation&hl=en&user=TvyZkdwAAAAJ&citation_for_view=TvyZkdwAAAAJ:D03iK_w7-QYC",
      "authors": "G Balakrishnan, F Durand, J Guttag",
      "venue": "Proceedings of the IEEE conference on computer vision and pattern …, 2013",
      "year": 2013,
      "citations": 899
    },
    {
      "title": "Eulerian video magnification for revealing subtle changes in the world",
      "url": "https://scholar.google.com/citations?view_op=view_citation&hl=en&user=TvyZkdwAAAAJ&citation_for_view=TvyZkdwAAAAJ:9ZlFYXVOiuMC",
      "authors": "HY Wu, M Rubinstein, E Shih, J Guttag, F Durand, W Freeman",
      "venue": "ACM transactions on graphics (TOG) 31 (4), 1-8, 2012",
      "year": 2012,
      "citations": 2009
    },
    {
      "title": "Larch: languages and tools for formal specification",
      "url": "https://scholar.google.com/citations?view_op=view_citation&hl=en&user=TvyZkdwAAAAJ&citation_for_view=TvyZkdwAAAAJ:gsN89kCJA0AC",
      "authors": "JV Guttag, JJ Horning",
      "venue": "Springer Science & Business Media, 2012",
      "year": 2012,
      "citations": 1199
    },
    {
      "title": "A micro-power EEG acquisition SoC with integrated feature extraction processor for a chronic seizure detection system",
      "url": "https://scholar.google.com/citations?view_op=view_citation&hl=en&user=TvyZkdwAAAAJ&citation_for_view=TvyZkdwAAAAJ:UebtZRa9Y70C",
      "authors": "N Verma, A Shoeb, J Bohorquez, J Dawson, J Guttag, AP Chandrakasan",
      "venue": "IEEE journal of solid-state circuits 45 (4), 804-816, 2010",
      "year": 2010,
      "citations": 677
    },
    {
      "title": "Cutting the electric bill for internet-scale systems",
      "url": "https://scholar.google.com/citations?view_op=view_citation&hl=en&user=TvyZkdwAAAAJ&citation_for_view=TvyZkdwAAAAJ:IjCSPb-OGe4C",
      "authors": "A Qureshi, R Weber, H Balakrishnan, J Guttag, B Maggs",
      "venue": "Proceedings of the ACM SIGCOMM 2009 conference on Data communication, 123-134, 2009",
      "year": 2009,
      "citations": 1134
    },
    {
      "title": "Patient-specific seizure onset detection",
      "url": "https://scholar.google.com/citations?view_op=view_citation&hl=en&user=TvyZkdwAAAAJ&citation_for_view=TvyZkdwAAAAJ:0EnyYjriUFMC",
      "authors": "A Shoeb, H Edwards, J Connolly, B Bourgeois, ST Treves, J Guttag",
      "venue": "Epilepsy & Behavior 5 (4), 483-498, 2004",
      "year": 2004,
      "citations": 484
    },
    {
      "title": "ANTS: A toolkit for building and dynamically deploying network protocols",
      "url": "https://scholar.google.com/citations?view_op=view_citation&hl=en&user=TvyZkdwAAAAJ&citation_for_view=TvyZkdwAAAAJ:u-x6o8ySG0sC",
      "authors": "DJ Wetherall, JV Guttag, DL Tennenhouse",
      "venue": "1998 IEEE Open Architectures and Network Programming, 117-129, 1998",
      "year": 1998,
      "citations": 1054
    },
    {
      "title": "Abstraction and specification in program development",
      "url": "https://scholar.google.com/citations?view_op=view_citation&hl=en&user=TvyZkdwAAAAJ&citation_for_view=TvyZkdwAAAAJ:d1gkVwhDpl0C",
      "authors": "B Liskov, J Guttag",
      "venue": "MIT press, 1986",
      "year": 1986,
      "citations": 1050
    },
    {
      "title": "The algebraic specification of abstract data types",
      "url": "https://scholar.google.com/citations?view_op=view_citation&hl=en&user=TvyZkdwAAAAJ&citation_for_view=TvyZkdwAAAAJ:9yKSN-GCB0IC",
      "authors": "JV Guttag, JJ Horning",
      "venue": "Acta informatica 10 (1), 27-52, 1978",
      "year": 1978,
      "citations": 844
    },
    {
      "title": "Abstract data types and software validation",
      "url": "https://scholar.google.com/citations?view_op=view_citation&hl=en&user=TvyZkdwAAAAJ&citation_for_view=TvyZkdwAAAAJ:qjMakFHDy7sC",
      "authors": "JV Guttag, E Horowitz, DR Musser",
      "venue": "Communications of the ACM 21 (12), 1048-1064, 1978",
      "year": 1978,
      "citations": 613
    },
    {
      "title": "Abstract data types and the development of data structures",
      "url": "https://scholar.google.com/citations?view_op=view_citation&hl=en&user=TvyZkdwAAAAJ&citation_for_view=TvyZkdwAAAAJ:2osOgNQ5qMEC",
      "authors": "J Guttag",
      "venue": "Communications of the ACM 20 (6), 396-404, 1977",
      "year": 1977,
      "citations": 764
    },
    {
      "title": "The specification and application to programming of abstract data types.",
      "url": "https://scholar.google.com/citations?view_op=view_citation&hl=en&user=TvyZkdwAAAAJ&citation_for_view=TvyZkdwAAAAJ:UeHWp8X0CEIC",
      "authors": "JV Guttag",
      "venue": "University of Toronto, 1975",
      "year": 1975,
      "citations": 498
    }
  ],
  "co_authors": [
    {
      "name": "Adrian V Dalca",
      "scholar_id": "zRy-zdAAAAAJ",
      "url": "https://scholar.google.com/citations?user=zRy-zdAAAAAJ"
    },
    {
      "name": "Fredo Durand",
      "scholar_id": "NJ9c4ygAAAAJ",
      "url": "https://scholar.google.com/citations?user=NJ9c4ygAAAAJ"
    },
    {
      "name": "Jenna Wiens",
      "scholar_id": "fvEfKxkAAAAJ",
      "url": "https://scholar.google.com/citations?user=fvEfKxkAAAAJ"
    },
    {
      "name": "William T. Freeman",
      "scholar_id": "0zZnyMEAAAAJ",
      "url": "https://scholar.google.com/citations?user=0zZnyMEAAAAJ"
    },
    {
      "name": "Jeannette M Wing",
      "scholar_id": "2NjS1dUAAAAJ",
      "url": "https://scholar.google.com/citations?user=2NjS1dUAAAAJ"
    },
    {
      "name": "Hari Balakrishnan",
      "scholar_id": "Qf4bw4UAAAAJ",
      "url": "https://scholar.google.com/citations?user=Qf4bw4UAAAAJ"
    }
  ]
}