{
  "author_info": {
    "name": "Chul Lee",
    "affiliation": "Indeed",
    "email_verified": "Verified email at indeed.com - Homepage",
    "website": "https://www.linkedin.com/in/chullee/",
    "interests": [
      "AI",
      "Optimization",
      "Machine Learning",
      "Computer Vision",
      "Data/Web Mining"
    ],
    "photo_url": "https://scholar.googleusercontent.com/citations?view_op=view_photo&user=axgc8sIAAAAJ&citpid=1"
  },
  "citation_stats": {
    "citations_all": 1481,
    "citations_since_2020": 816,
    "h_index_all": 17,
    "h_index_since_2020": 15,
    "i10_index_all": 25,
    "i10_index_since_2020": 18,
    "citation_graph": [
      {
        "year": 2004,
        "citations": 5
      },
      {
        "year": 2005,
        "citations": 6
      },
      {
        "year": 2006,
        "citations": 2
      },
      {
        "year": 2007,
        "citations": 6
      },
      {
        "year": 2008,
        "citations": 18
      },
      {
        "year": 2009,
        "citations": 23
      },
      {
        "year": 2010,
        "citations": 32
      },
      {
        "year": 2011,
        "citations": 29
      },
      {
        "year": 2012,
        "citations": 32
      },
      {
        "year": 2013,
        "citations": 43
      },
      {
        "year": 2014,
        "citations": 57
      },
      {
        "year": 2015,
        "citations": 48
      },
      {
        "year": 2016,
        "citations": 66
      },
      {
        "year": 2017,
        "citations": 108
      },
      {
        "year": 2018,
        "citations": 95
      },
      {
        "year": 2019,
        "citations": 82
      },
      {
        "year": 2020,
        "citations": 100
      },
      {
        "year": 2021,
        "citations": 110
      },
      {
        "year": 2022,
        "citations": 133
      },
      {
        "year": 2023,
        "citations": 133
      },
      {
        "year": 2024,
        "citations": 176
      },
      {
        "year": 2025,
        "citations": 162
      }
    ]
  },
  "papers": [
    {
      "title": "Personal large language model agents: A case study on tailored travel planning",
      "url": "https://scholar.google.com/citations?view_op=view_citation&hl=en&user=axgc8sIAAAAJ&citation_for_view=axgc8sIAAAAJ:70eg2SAEIzsC",
      "authors": "H Singh, N Verma, Y Wang, M Bharadwaj, H Fashandi, K Ferreira, C Lee",
      "venue": "Proceedings of the 2024 Conference on Empirical Methods in Natural Language …, 2024",
      "year": 2024,
      "citations": 30
    },
    {
      "title": "Blending-nerf: Text-driven localized editing in neural radiance fields",
      "url": "https://scholar.google.com/citations?view_op=view_citation&hl=en&user=axgc8sIAAAAJ&citation_for_view=axgc8sIAAAAJ:O3NaXMp0MMsC",
      "authors": "H Song, S Choi, H Do, C Lee, T Kim",
      "venue": "Proceedings of the IEEE/CVF international conference on computer vision …, 2023",
      "year": 2023,
      "citations": 44
    },
    {
      "title": "Harmonic neural networks",
      "url": "https://scholar.google.com/citations?view_op=view_citation&hl=en&user=axgc8sIAAAAJ&citation_for_view=axgc8sIAAAAJ:YFjsv_pBGBYC",
      "authors": "A Ghosh, AA Gentile, M Dagrada, C Lee, SHS Kim, H Cha, Y Choi, D Kim, ...",
      "venue": "International Conference on Machine Learning, 11340-11359, 2023",
      "year": 2023,
      "citations": 15
    },
    {
      "title": "Methods and apparatus for enhanced product recommendations",
      "url": "https://scholar.google.com/citations?view_op=view_citation&hl=en&user=axgc8sIAAAAJ&citation_for_view=axgc8sIAAAAJ:3fE2CSJIrl8C",
      "authors": "MT Rose, P Howell, M Ali, S Jatia, C Lee",
      "venue": "US Patent 11,393,007, 2022",
      "year": 2022,
      "citations": 56
    },
    {
      "title": "MTL-SLT: multi-task learning for spoken language tasks",
      "url": "https://scholar.google.com/citations?view_op=view_citation&hl=en&user=axgc8sIAAAAJ&citation_for_view=axgc8sIAAAAJ:e5wmG9Sq2KIC",
      "authors": "Z Huang, M Rao, A Raju, Z Zhang, B Bui, C Lee",
      "venue": "Proceedings of the 4th Workshop on NLP for Conversational AI, 120-130, 2022",
      "year": 2022,
      "citations": 28
    },
    {
      "title": "On joint training with interfaces for spoken language understanding",
      "url": "https://scholar.google.com/citations?view_op=view_citation&hl=en&user=axgc8sIAAAAJ&citation_for_view=axgc8sIAAAAJ:r0BpntZqJG4C",
      "authors": "A Raju, M Rao, G Tiwari, P Dheram, B Anderson, Z Zhang, C Lee, B Bui, ...",
      "venue": "Proc. Interspeech 2022, 1253-1257, 2022",
      "year": 2022,
      "citations": 22
    },
    {
      "title": "OpenFEAT: improving speaker identification by open-set few-shot embedding adaptation with transformer",
      "url": "https://scholar.google.com/citations?view_op=view_citation&hl=en&user=axgc8sIAAAAJ&citation_for_view=axgc8sIAAAAJ:R3hNpaxXUhUC",
      "authors": "KC Kishan, Z Tan, L Chen, M Jin, E Han, A Stolcke, C Lee",
      "venue": "ICASSP 2022-2022 IEEE International Conference on Acoustics, Speech and …, 2022",
      "year": 2022,
      "citations": 18
    },
    {
      "title": "End-to-end Neural Diarization: From Transformer to Conformer",
      "url": "https://scholar.google.com/citations?view_op=view_citation&hl=en&user=axgc8sIAAAAJ&citation_for_view=axgc8sIAAAAJ:IWHjjKOFINEC",
      "authors": "YC Liu, E Han, C Lee, A Stolcke",
      "venue": "Interspeech 2021, 2021",
      "year": 2021,
      "citations": 58
    },
    {
      "title": "BW-EDA-EEND: Streaming end-to-end neural speaker diarization for a variable number of speakers",
      "url": "https://scholar.google.com/citations?view_op=view_citation&hl=en&user=axgc8sIAAAAJ&citation_for_view=axgc8sIAAAAJ:7PzlFSSx8tAC",
      "authors": "E Han, C Lee, A Stolcke",
      "venue": "ICASSP 2021-2021 IEEE International Conference on Acoustics, Speech and …, 2021",
      "year": 2021,
      "citations": 51
    },
    {
      "title": "Cross-modal non-linear guided attention and temporal coherence in multi-modal deep video models",
      "url": "https://scholar.google.com/citations?view_op=view_citation&hl=en&user=axgc8sIAAAAJ&citation_for_view=axgc8sIAAAAJ:blknAaTinKkC",
      "authors": "S Sahu, P Goyal, S Ghosh, C Lee",
      "venue": "Proceedings of the 28th ACM International Conference on Multimedia, 313-321, 2020",
      "year": 2020,
      "citations": 20
    },
    {
      "title": "System and method for food categorization",
      "url": "https://scholar.google.com/citations?view_op=view_citation&hl=en&user=axgc8sIAAAAJ&citation_for_view=axgc8sIAAAAJ:5nxA0vEk-isC",
      "authors": "KIM Joohyun, C Lee, B Levine",
      "venue": "US Patent 10,671,657, 2020",
      "year": 2020,
      "citations": 16
    },
    {
      "title": "Max-sum diversification, monotone submodular functions, and dynamic updates",
      "url": "https://scholar.google.com/citations?view_op=view_citation&hl=en&user=axgc8sIAAAAJ&citation_for_view=axgc8sIAAAAJ:UeHWp8X0CEIC",
      "authors": "A Borodin, A Jain, HC Lee, Y Ye",
      "venue": "ACM Transactions on Algorithms (TALG) 13 (3), 1-25, 2017",
      "year": 2017,
      "citations": 241
    },
    {
      "title": "Persistent sharing of fitness app status on twitter",
      "url": "https://scholar.google.com/citations?view_op=view_citation&hl=en&user=axgc8sIAAAAJ&citation_for_view=axgc8sIAAAAJ:ufrVoPGSRksC",
      "authors": "K Park, I Weber, M Cha, C Lee",
      "venue": "Proceedings of the 19th ACM Conference on Computer-Supported Cooperative …, 2016",
      "year": 2016,
      "citations": 65
    },
    {
      "title": "Analyzing taste preferences from crowdsourced food entries",
      "url": "https://scholar.google.com/citations?view_op=view_citation&hl=en&user=axgc8sIAAAAJ&citation_for_view=axgc8sIAAAAJ:WF5omc3nYNoC",
      "authors": "PD Howell, LD Martin, H Salehian, C Lee, KM Eastman, J Kim",
      "venue": "Proceedings of the 6th International Conference on Digital Health Conference …, 2016",
      "year": 2016,
      "citations": 23
    },
    {
      "title": "System and method for grouping multiple streams of data",
      "url": "https://scholar.google.com/citations?view_op=view_citation&hl=en&user=axgc8sIAAAAJ&citation_for_view=axgc8sIAAAAJ:Se3iqnhoufwC",
      "authors": "M Cvet, P Andritsos, F Estrada, D Braziunas",
      "venue": "US Patent 8,965,893, 2015",
      "year": 2015,
      "citations": 26
    },
    {
      "title": "Framework for evaluating clustering algorithms in duplicate detection",
      "url": "https://scholar.google.com/citations?view_op=view_citation&hl=en&user=axgc8sIAAAAJ&citation_for_view=axgc8sIAAAAJ:qjMakFHDy7sC",
      "authors": "O Hassanzadeh, F Chiang, HC Lee, RJ Miller",
      "venue": "Proceedings of the VLDB Endowment 2 (1), 1282-1293, 2009",
      "year": 2009,
      "citations": 329
    },
    {
      "title": "Geographically-sensitive link analysis",
      "url": "https://scholar.google.com/citations?view_op=view_citation&hl=en&user=axgc8sIAAAAJ&citation_for_view=axgc8sIAAAAJ:u-x6o8ySG0sC",
      "authors": "HC Lee, H Liu, RJ Miller",
      "venue": "IEEE/WIC/ACM International Conference on Web Intelligence (WI'07), 628-634, 2007",
      "year": 2007,
      "citations": 14
    },
    {
      "title": "System and method for ranking web content",
      "url": "https://scholar.google.com/citations?view_op=view_citation&hl=en&user=axgc8sIAAAAJ&citation_for_view=axgc8sIAAAAJ:LkGwnXOMwfcC",
      "authors": "H Lee, Y Miao",
      "venue": "US Patent App. 11/150,206, 2006",
      "year": 2006,
      "citations": 160
    },
    {
      "title": "Geographically focused collaborative crawling",
      "url": "https://scholar.google.com/citations?view_op=view_citation&hl=en&user=axgc8sIAAAAJ&citation_for_view=axgc8sIAAAAJ:IjCSPb-OGe4C",
      "authors": "W Gao, HC Lee, Y Miao",
      "venue": "Proceedings of the 15th international conference on World Wide Web, 287-296, 2006",
      "year": 2006,
      "citations": 49
    },
    {
      "title": "Perturbation of the hyper-linked environment",
      "url": "https://scholar.google.com/citations?view_op=view_citation&hl=en&user=axgc8sIAAAAJ&citation_for_view=axgc8sIAAAAJ:u5HHmVD_uO8C",
      "authors": "HC Lee, A Borodin",
      "venue": "International Computing and Combinatorics Conference, 272-283, 2003",
      "year": 2003,
      "citations": 42
    }
  ],
  "co_authors": [
    {
      "name": "Hesam Salehian",
      "scholar_id": "iW65xrEAAAAJ",
      "url": "https://scholar.google.com/citations?user=iW65xrEAAAAJ"
    },
    {
      "name": "Allan Borodin",
      "scholar_id": "VIFfuYgAAAAJ",
      "url": "https://scholar.google.com/citations?user=VIFfuYgAAAAJ"
    },
    {
      "name": "Renee Miller",
      "scholar_id": "NjeM1LsAAAAJ",
      "url": "https://scholar.google.com/citations?user=NjeM1LsAAAAJ"
    },
    {
      "name": "Fei Chiang",
      "scholar_id": "gbH5eZQAAAAJ",
      "url": "https://scholar.google.com/citations?user=gbH5eZQAAAAJ"
    },
    {
      "name": "Oktie Hassanzadeh",
      "scholar_id": "w6-6MLkAAAAJ",
      "url": "https://scholar.google.com/citations?user=w6-6MLkAAAAJ"
    },
    {
      "name": "Andreas Stolcke",
      "scholar_id": "NK36Tw0AAAAJ",
      "url": "https://scholar.google.com/citations?user=NK36Tw0AAAAJ"
    },
    {
      "name": "Eunjung Han",
      "scholar_id": "E-r_q6UAAAAJ",
      "url": "https://scholar.google.com/citations?user=E-r_q6UAAAAJ"
    },
    {
      "name": "Taehyeong Kim",
      "scholar_id": "niiIBS0AAAAJ",
      "url": "https://scholar.google.com/citations?user=niiIBS0AAAAJ"
    },
    {
      "name": "Anirudh Raju",
      "scholar_id": "e7-T8U8AAAAJ",
      "url": "https://scholar.google.com/citations?user=e7-T8U8AAAAJ"
    },
    {
      "name": "Hyeonseop Song",
      "scholar_id": "kD2rscQAAAAJ",
      "url": "https://scholar.google.com/citations?user=kD2rscQAAAAJ"
    },
    {
      "name": "Manasa Bharadwaj",
      "scholar_id": "RL2NQp0AAAAJ",
      "url": "https://scholar.google.com/citations?user=RL2NQp0AAAAJ"
    },
    {
      "name": "Yixiao Wang",
      "scholar_id": "clKas98AAAAJ",
      "url": "https://scholar.google.com/citations?user=clKas98AAAAJ"
    },
    {
      "name": "nikhil verma",
      "scholar_id": "iTOEcekAAAAJ",
      "url": "https://scholar.google.com/citations?user=iTOEcekAAAAJ"
    },
    {
      "name": "Kyler Eastman",
      "scholar_id": "uUwIlwcAAAAJ",
      "url": "https://scholar.google.com/citations?user=uUwIlwcAAAAJ"
    },
    {
      "name": "Hoseok Do",
      "scholar_id": "52vpqpcAAAAJ",
      "url": "https://scholar.google.com/citations?user=52vpqpcAAAAJ"
    },
    {
      "name": "Seokhun Choi",
      "scholar_id": "uPzTtQMAAAAJ",
      "url": "https://scholar.google.com/citations?user=uPzTtQMAAAAJ"
    },
    {
      "name": "Milind Rao",
      "scholar_id": "WVrLiJYAAAAJ",
      "url": "https://scholar.google.com/citations?user=WVrLiJYAAAAJ"
    },
    {
      "name": "Darius Braziunas",
      "scholar_id": "jaAqwnAAAAAJ",
      "url": "https://scholar.google.com/citations?user=jaAqwnAAAAAJ"
    },
    {
      "name": "Jinmiao Huang",
      "scholar_id": "uLI92NkAAAAJ",
      "url": "https://scholar.google.com/citations?user=uLI92NkAAAAJ"
    },
    {
      "name": "Periklis Andritsos",
      "scholar_id": "4gP-dEIAAAAJ",
      "url": "https://scholar.google.com/citations?user=4gP-dEIAAAAJ"
    }
  ]
}