{
  "author_info": {
    "name": "Zhou Xian",
    "affiliation": "Genesis AI, Carnegie Mellon University",
    "email_verified": "Verified email at genesis-ai.company - Homepage",
    "website": "https://www.zhou-xian.com/",
    "interests": [
      "Robotics"
    ],
    "photo_url": "https://scholar.googleusercontent.com/citations?view_op=view_photo&user=Kbi2t9sAAAAJ&citpid=14"
  },
  "citation_stats": {
    "citations_all": 1456,
    "citations_since_2020": 1412,
    "h_index_all": 17,
    "h_index_since_2020": 17,
    "i10_index_all": 20,
    "i10_index_since_2020": 20,
    "citation_graph": [
      {
        "year": 2018,
        "citations": 10
      },
      {
        "year": 2019,
        "citations": 28
      },
      {
        "year": 2020,
        "citations": 35
      },
      {
        "year": 2021,
        "citations": 53
      },
      {
        "year": 2022,
        "citations": 58
      },
      {
        "year": 2023,
        "citations": 156
      },
      {
        "year": 2024,
        "citations": 407
      },
      {
        "year": 2025,
        "citations": 693
      }
    ]
  },
  "papers": [
    {
      "title": "Articulate anymesh: Open-vocabulary 3d articulated objects modeling",
      "url": "https://scholar.google.com/citations?view_op=view_citation&hl=en&user=Kbi2t9sAAAAJ&citation_for_view=Kbi2t9sAAAAJ:ZgPQhQxLujAC",
      "authors": "X Qiu, J Yang, Y Wang, Z Chen, Y Wang, TH Wang, Z Xian, C Gan",
      "venue": "arXiv preprint arXiv:2502.02590, 2025",
      "year": 2025,
      "citations": 17
    },
    {
      "title": "Robogen: Towards unleashing infinite data for automated robot learning via generative simulation",
      "url": "https://scholar.google.com/citations?view_op=view_citation&hl=en&user=Kbi2t9sAAAAJ&citation_for_view=Kbi2t9sAAAAJ:goOyc-W9OFwC",
      "authors": "Y Wang*, Z Xian*, F Chen, TH Wang, Y Wang, K Fragkiadaki, Z Erickson, ...",
      "venue": "ICML 2024, 2024",
      "year": 2024,
      "citations": 155
    },
    {
      "title": "RL-VLM-F: Reinforcement Learning from Vision Language Foundation Model Feedback",
      "url": "https://scholar.google.com/citations?view_op=view_citation&hl=en&user=Kbi2t9sAAAAJ&citation_for_view=Kbi2t9sAAAAJ:9wUeeRLfbNYC",
      "authors": "Y Wang, Z Sun, J Zhang, Z Xian, E Biyik, D Held, Z Erickson",
      "venue": "ICML 2024, 2024",
      "year": 2024,
      "citations": 114
    },
    {
      "title": "Genesis: A universal and generative physics engine for robotics and beyond",
      "url": "https://scholar.google.com/citations?view_op=view_citation&hl=en&user=Kbi2t9sAAAAJ&citation_for_view=Kbi2t9sAAAAJ:q7hqJx8pYzEC",
      "authors": "G Authors",
      "venue": "December, 2024",
      "year": 2024,
      "citations": 78
    },
    {
      "title": "Gen2sim: Scaling up robot learning in simulation with generative models",
      "url": "https://scholar.google.com/citations?view_op=view_citation&hl=en&user=Kbi2t9sAAAAJ&citation_for_view=Kbi2t9sAAAAJ:uK1dVpBkok0C",
      "authors": "P Katara*, Z Xian*, K Fragkiadaki",
      "venue": "ICRA 2024, 2024",
      "year": 2024,
      "citations": 59
    },
    {
      "title": "DIFFTACTILE: A Physics-based Differentiable Tactile Simulator for Contact-rich Robotic Manipulation",
      "url": "https://scholar.google.com/citations?view_op=view_citation&hl=en&user=Kbi2t9sAAAAJ&citation_for_view=Kbi2t9sAAAAJ:pqufTfZDgs0C",
      "authors": "Z Si, G Zhang, Q Ben, B Romero, Z Xian, C Liu, C Gan",
      "venue": "ICLR 2024, 2024",
      "year": 2024,
      "citations": 34
    },
    {
      "title": "Architect: Generating vivid and interactive 3d scenes with hierarchical 2d inpainting",
      "url": "https://scholar.google.com/citations?view_op=view_citation&hl=en&user=Kbi2t9sAAAAJ&citation_for_view=Kbi2t9sAAAAJ:eb1hsBXB1ukC",
      "authors": "Y Wang, X Qiu, J Liu, Z Chen, J Cai, Y Wang, TH Wang, Z Xian, C Gan",
      "venue": "Advances in Neural Information Processing Systems 37, 67575-67603, 2024",
      "year": 2024,
      "citations": 16
    },
    {
      "title": "Act3d: 3d feature field transformers for multi-task robotic manipulation",
      "url": "https://scholar.google.com/citations?view_op=view_citation&hl=en&user=Kbi2t9sAAAAJ&citation_for_view=Kbi2t9sAAAAJ:Lc9Ei6r3docC",
      "authors": "T Gervet*, Z Xian*, N Gkanatsios, K Fragkiadaki",
      "venue": "CoRL 2023, 2023",
      "year": 2023,
      "citations": 180
    },
    {
      "title": "Chaineddiffuser: Unifying trajectory diffusion and keypose prediction for robotic manipulation",
      "url": "https://scholar.google.com/citations?view_op=view_citation&hl=en&user=Kbi2t9sAAAAJ&citation_for_view=Kbi2t9sAAAAJ:b15ltGHXyxQC",
      "authors": "Z Xian*, N Gkanatsios*, T Gervet*, TW Ke, K Fragkiadaki",
      "venue": "CoRL 2023, 2023",
      "year": 2023,
      "citations": 145
    },
    {
      "title": "FluidLab: A Differentiable Environment for Benchmarking Complex Fluid Manipulation",
      "url": "https://scholar.google.com/citations?view_op=view_citation&hl=en&user=Kbi2t9sAAAAJ&citation_for_view=Kbi2t9sAAAAJ:srBcWmd28BQC",
      "authors": "Z Xian, B Zhu, Z Xu, HY Tung, A Torralba, K Fragkiadaki, C Gan",
      "venue": "ICLR 2023, 2023",
      "year": 2023,
      "citations": 73
    },
    {
      "title": "Energy-based Models as Zero-Shot Planners for Compositional Scene Rearrangement",
      "url": "https://scholar.google.com/citations?view_op=view_citation&hl=en&user=Kbi2t9sAAAAJ&citation_for_view=Kbi2t9sAAAAJ:RRCMsQZi3KMC",
      "authors": "N Gkanatsios, A Jain, Z Xian, Y Zhang, C Atkeson, K Fragkiadaki",
      "venue": "RSS 2023, 2023",
      "year": 2023,
      "citations": 52
    },
    {
      "title": "Roboninja: Learning an adaptive cutting policy for multi-material objects",
      "url": "https://scholar.google.com/citations?view_op=view_citation&hl=en&user=Kbi2t9sAAAAJ&citation_for_view=Kbi2t9sAAAAJ:yuCoZvLJRl8C",
      "authors": "Z Xu, Z Xian, X Lin, C Chi, Z Huang, C Gan, S Song",
      "venue": "RSS 2023, 2023",
      "year": 2023,
      "citations": 39
    },
    {
      "title": "SoftZoo: A Soft Robot Co-design Benchmark For Locomotion In Diverse Environments",
      "url": "https://scholar.google.com/citations?view_op=view_citation&hl=en&user=Kbi2t9sAAAAJ&citation_for_view=Kbi2t9sAAAAJ:UamA9ItEL6YC",
      "authors": "TH Wang, P Ma, AE Spielberg, Z Xian, H Zhang, JB Tenenbaum, D Rus, ...",
      "venue": "ICLR 2023, 2023",
      "year": 2023,
      "citations": 38
    },
    {
      "title": "Towards generalist robots: A promising paradigm via generative simulation",
      "url": "https://scholar.google.com/citations?view_op=view_citation&hl=en&user=Kbi2t9sAAAAJ&citation_for_view=Kbi2t9sAAAAJ:UBSsHvkqiq4C",
      "authors": "Z Xian, T Gervet, Z Xu, YL Qiao, TH Wang, Y Wang",
      "venue": "arXiv preprint arXiv:2305.10455, 2023",
      "year": 2023,
      "citations": 12
    },
    {
      "title": "Hyperdynamics: Meta-learning object and agent dynamics with hypernetworks",
      "url": "https://scholar.google.com/citations?view_op=view_citation&hl=en&user=Kbi2t9sAAAAJ&citation_for_view=Kbi2t9sAAAAJ:VofzgsFG4o0C",
      "authors": "Z Xian, S Lal, HY Tung, EA Platanios, K Fragkiadaki",
      "venue": "ICLR 2021, 2021",
      "year": 2021,
      "citations": 37
    },
    {
      "title": "Graph-structured visual imitation",
      "url": "https://scholar.google.com/citations?view_op=view_citation&hl=en&user=Kbi2t9sAAAAJ&citation_for_view=Kbi2t9sAAAAJ:vuU-T12QLgwC",
      "authors": "M Sieb*, Z Xian*, A Huang, O Kroemer, K Fragkiadaki",
      "venue": "CoRL 2019, 2020",
      "year": 2020,
      "citations": 87
    },
    {
      "title": "3d-oes: Viewpoint-invariant object-factorized environment simulators",
      "url": "https://scholar.google.com/citations?view_op=view_citation&hl=en&user=Kbi2t9sAAAAJ&citation_for_view=Kbi2t9sAAAAJ:JTutsjMeBaAC",
      "authors": "HYF Tung*, Z Xian*, M Prabhudesai, S Lal, K Fragkiadaki",
      "venue": "CoRL 2020, 2020",
      "year": 2020,
      "citations": 31
    },
    {
      "title": "Learning from unlabelled videos using contrastive predictive neural 3d mapping",
      "url": "https://scholar.google.com/citations?view_op=view_citation&hl=en&user=Kbi2t9sAAAAJ&citation_for_view=Kbi2t9sAAAAJ:_Xy5tTOxz_oC",
      "authors": "AW Harley, SK Lakshmikanth, F Li, Z Xian, HYF Tung, K Fragkiadaki",
      "venue": "ICLR 2020, 2019",
      "year": 2019,
      "citations": 39
    },
    {
      "title": "Can robots assemble an IKEA chair?",
      "url": "https://scholar.google.com/citations?view_op=view_citation&hl=en&user=Kbi2t9sAAAAJ&citation_for_view=Kbi2t9sAAAAJ:aAWV-AKBBEQC",
      "authors": "F Suárez-Ruiz, Z Xian, QC Pham",
      "venue": "Science Robotics 3 (17), eaat6385, 2018",
      "year": 2018,
      "citations": 153
    },
    {
      "title": "Closed-chain manipulation of large objects by multi-arm robotic systems",
      "url": "https://scholar.google.com/citations?view_op=view_citation&hl=en&user=Kbi2t9sAAAAJ&citation_for_view=Kbi2t9sAAAAJ:H7WDvlwkmv8C",
      "authors": "Z Xian, P Lertkultanon, QC Pham",
      "venue": "IEEE Robotics and Automation Letters 2 (4), 1832-1839, 2017",
      "year": 2017,
      "citations": 76
    }
  ],
  "co_authors": []
}