{
  "author_info": {
    "name": "Erik Wallin",
    "affiliation": "Chalmers University of Technology",
    "email_verified": "Verified email at chalmers.se",
    "interests": [
      "machine learning"
    ],
    "photo_url": "/citations/images/avatar_scholar_128.png"
  },
  "citation_stats": {
    "citations_all": 51,
    "citations_since_2020": 51,
    "h_index_all": 3,
    "h_index_since_2020": 3,
    "i10_index_all": 2,
    "i10_index_since_2020": 2,
    "citation_graph": [
      {
        "year": 2023,
        "citations": 12
      },
      {
        "year": 2024,
        "citations": 16
      },
      {
        "year": 2025,
        "citations": 22
      }
    ]
  },
  "papers": [
    {
      "title": "Exploring semi-supervised learning for online mapping",
      "url": "https://scholar.google.com/citations?view_op=view_citation&hl=en&user=BdbAgaUAAAAJ&citation_for_view=BdbAgaUAAAAJ:qjMakFHDy7sC",
      "authors": "A Lilja, E Wallin, J Fu, L Hammarstrand",
      "venue": "Proceedings of the Computer Vision and Pattern Recognition Conference, 2477-2487, 2025",
      "year": 2025,
      "citations": 2
    },
    {
      "title": "ProHOC: Probabilistic Hierarchical Out-of-Distribution Classification via Multi-Depth Networks",
      "url": "https://scholar.google.com/citations?view_op=view_citation&hl=en&user=BdbAgaUAAAAJ&citation_for_view=BdbAgaUAAAAJ:UeHWp8X0CEIC",
      "authors": "E Wallin, F Kahl, L Hammarstrand",
      "venue": "Proceedings of the Computer Vision and Pattern Recognition Conference, 20612 …, 2025",
      "year": 2025,
      "citations": 1
    },
    {
      "title": "Improving open-set semi-supervised learning with self-supervision",
      "url": "https://scholar.google.com/citations?view_op=view_citation&hl=en&user=BdbAgaUAAAAJ&citation_for_view=BdbAgaUAAAAJ:9yKSN-GCB0IC",
      "authors": "E Wallin, L Svensson, F Kahl, L Hammarstrand",
      "venue": "Proceedings of the IEEE/CVF Winter Conference on Applications of Computer …, 2024",
      "year": 2024,
      "citations": 17
    },
    {
      "title": "Prosub: Probabilistic open-set semi-supervised learning with subspace-based out-of-distribution detection",
      "url": "https://scholar.google.com/citations?view_op=view_citation&hl=en&user=BdbAgaUAAAAJ&citation_for_view=BdbAgaUAAAAJ:2osOgNQ5qMEC",
      "authors": "E Wallin, L Svensson, F Kahl, L Hammarstrand",
      "venue": "European Conference on Computer Vision, 129-147, 2024",
      "year": 2024,
      "citations": 4
    },
    {
      "title": "Semi-supervised learning with self-supervision for closed and open sets",
      "url": "https://scholar.google.com/citations?view_op=view_citation&hl=en&user=BdbAgaUAAAAJ&citation_for_view=BdbAgaUAAAAJ:d1gkVwhDpl0C",
      "authors": "E Wallin",
      "venue": "PQDT-Global, 2023",
      "year": 2023,
      "citations": 0
    },
    {
      "title": "DoubleMatch: Improving Semi-Supervised Learning with Self-Supervision",
      "url": "https://scholar.google.com/citations?view_op=view_citation&hl=en&user=BdbAgaUAAAAJ&citation_for_view=BdbAgaUAAAAJ:u5HHmVD_uO8C",
      "authors": "E Wallin, L Svensson, F Kahl, L Hammarstrand",
      "venue": "2022 26th International Conference on Pattern Recognition (ICPR), 2022",
      "year": 2022,
      "citations": 27
    }
  ],
  "co_authors": []
}