{
  "author_info": {
    "name": "Divyam Madaan",
    "affiliation": "New York University",
    "email_verified": "Verified email at nyu.edu - Homepage",
    "website": "https://dmadaan.com/",
    "interests": [
      "Machine Learning",
      "Deep Learning",
      "Multimodal Learning",
      "Continual Learning"
    ],
    "photo_url": "https://scholar.googleusercontent.com/citations?view_op=view_photo&user=DNk4dZkAAAAJ&citpid=4"
  },
  "citation_stats": {
    "citations_all": 790,
    "citations_since_2020": 781,
    "h_index_all": 9,
    "h_index_since_2020": 9,
    "i10_index_all": 9,
    "i10_index_since_2020": 9,
    "citation_graph": [
      {
        "year": 2019,
        "citations": 7
      },
      {
        "year": 2020,
        "citations": 27
      },
      {
        "year": 2021,
        "citations": 62
      },
      {
        "year": 2022,
        "citations": 98
      },
      {
        "year": 2023,
        "citations": 189
      },
      {
        "year": 2024,
        "citations": 212
      },
      {
        "year": 2025,
        "citations": 193
      }
    ]
  },
  "papers": [
    {
      "title": "Multi-modal Data Spectrum: Multi-modal Datasets are Multi-dimensional",
      "url": "https://scholar.google.com/citations?view_op=view_citation&hl=en&user=DNk4dZkAAAAJ&citation_for_view=DNk4dZkAAAAJ:mVmsd5A6BfQC",
      "authors": "D Madaan, V Muhunthan, K Cho, S Chopra",
      "venue": "arXiv preprint arXiv:2509.23499, 2025",
      "year": 2025,
      "citations": 1
    },
    {
      "title": "Temporal Generalization: A Reality Check",
      "url": "https://scholar.google.com/citations?view_op=view_citation&hl=en&user=DNk4dZkAAAAJ&citation_for_view=DNk4dZkAAAAJ:Wp0gIr-vW9MC",
      "authors": "D Madaan, S Chopra, K Cho",
      "venue": "arXiv preprint arXiv:2509.23487, 2025",
      "year": 2025,
      "citations": 0
    },
    {
      "title": "Multi-modal Learning: A Look Back and the Road Ahead",
      "url": "https://scholar.google.com/citations?view_op=view_citation&hl=en&user=DNk4dZkAAAAJ&citation_for_view=DNk4dZkAAAAJ:aqlVkmm33-oC",
      "authors": "D Madaan, S Chopra, K Cho",
      "venue": "The Fourth Blogpost Track at ICLR 2025, 0",
      "year": 2025,
      "citations": 0
    },
    {
      "title": "Jointly Modeling Inter-& Intra-Modality Dependencies for Multi-modal Learning",
      "url": "https://scholar.google.com/citations?view_op=view_citation&hl=en&user=DNk4dZkAAAAJ&citation_for_view=DNk4dZkAAAAJ:M3ejUd6NZC8C",
      "authors": "D Madaan, T Makino, S Chopra, K Cho",
      "venue": "The Thirty-eighth Annual Conference on Neural Information Processing Systems, 2024",
      "year": 2024,
      "citations": 12
    },
    {
      "title": "Predicting Risk of Alzheimer’s Diseases and Related Dementias with AI Foundation Model on Electronic Health Records",
      "url": "https://scholar.google.com/citations?view_op=view_citation&hl=en&user=DNk4dZkAAAAJ&citation_for_view=DNk4dZkAAAAJ:YOwf2qJgpHMC",
      "authors": "W Zhu, H Tang, H Zhang, HR Rajamohan, SL Huang, X Ma, A Chaudhari, ...",
      "venue": "medRxiv, 2024",
      "year": 2024,
      "citations": 7
    },
    {
      "title": "HIST-AID: Leveraging Historical Patient Reports for Enhanced Multi-Modal Automatic Diagnosis",
      "url": "https://scholar.google.com/citations?view_op=view_citation&hl=en&user=DNk4dZkAAAAJ&citation_for_view=DNk4dZkAAAAJ:qxL8FJ1GzNcC",
      "authors": "H Huang, CM Deniz, K Cho, S Chopra, D Madaan",
      "venue": "arXiv preprint arXiv:2411.10684, 2024",
      "year": 2024,
      "citations": 2
    },
    {
      "title": "TECHNIQUES FOR HETEROGENEOUS CONTINUAL LEARNING WITH MACHINE LEARNING MODEL ARCHITECTURE PROGRESSION",
      "url": "https://scholar.google.com/citations?view_op=view_citation&hl=en&user=DNk4dZkAAAAJ&citation_for_view=DNk4dZkAAAAJ:KlAtU1dfN6UC",
      "authors": "H Yin, W Byeon, J Kautz, D Madaan, P Molchanov",
      "venue": "US Patent App. 18/348,286, 2024",
      "year": 2024,
      "citations": 0
    },
    {
      "title": "Heterogeneous Continual Learning",
      "url": "https://scholar.google.com/citations?view_op=view_citation&hl=en&user=DNk4dZkAAAAJ&citation_for_view=DNk4dZkAAAAJ:0EnyYjriUFMC",
      "authors": "D Madaan, H Yin, W Byeon, J Kautz, P Molchanov",
      "venue": "Proceedings of the IEEE/CVF Conference on Computer Vision and Pattern …, 2023",
      "year": 2023,
      "citations": 13
    },
    {
      "title": "Improving representational continuity via continued pretraining",
      "url": "https://scholar.google.com/citations?view_op=view_citation&hl=en&user=DNk4dZkAAAAJ&citation_for_view=DNk4dZkAAAAJ:4TOpqqG69KYC",
      "authors": "M Sun, A Kumar, D Madaan, P Liang",
      "venue": "arXiv preprint arXiv:2302.13289, 2023",
      "year": 2023,
      "citations": 2
    },
    {
      "title": "On Sensitivity and Robustness of Normalization Schemes to Input Distribution Shifts in Automatic MR Image Diagnosis",
      "url": "https://scholar.google.com/citations?view_op=view_citation&hl=en&user=DNk4dZkAAAAJ&citation_for_view=DNk4dZkAAAAJ:8k81kl-MbHgC",
      "authors": "D Madaan, D Sodickson, K Cho, S Chopra",
      "venue": "Medical Imaging with Deep Learning, 2023",
      "year": 2023,
      "citations": 2
    },
    {
      "title": "What Do NLP Researchers Believe? Results of the NLP Community Metasurvey",
      "url": "https://scholar.google.com/citations?view_op=view_citation&hl=en&user=DNk4dZkAAAAJ&citation_for_view=DNk4dZkAAAAJ:hqOjcs7Dif8C",
      "authors": "J Michael, A Holtzman, A Parrish, A Mueller, A Wang, A Chen, D Madaan, ...",
      "venue": "arXiv preprint arXiv:2208.12852, 2022",
      "year": 2022,
      "citations": 53
    },
    {
      "title": "Online Coreset Selection for Rehearsal-based Continual Learning",
      "url": "https://scholar.google.com/citations?view_op=view_citation&hl=en&user=DNk4dZkAAAAJ&citation_for_view=DNk4dZkAAAAJ:WF5omc3nYNoC",
      "authors": "J Yoon, D Madaan, E Yang, SJ Hwang",
      "venue": "arXiv preprint arXiv:2106.01085, 2021",
      "year": 2021,
      "citations": 214
    },
    {
      "title": "Representational Continuity for Unsupervised Continual Learning",
      "url": "https://scholar.google.com/citations?view_op=view_citation&hl=en&user=DNk4dZkAAAAJ&citation_for_view=DNk4dZkAAAAJ:Se3iqnhoufwC",
      "authors": "D Madaan, J Yoon, Y Li, Y Liu, SJ Hwang",
      "venue": "International Conference on Learning Representations, 2021",
      "year": 2021,
      "citations": 199
    },
    {
      "title": "Learning to Generate Noise for Multi-Attack Robustness",
      "url": "https://scholar.google.com/citations?view_op=view_citation&hl=en&user=DNk4dZkAAAAJ&citation_for_view=DNk4dZkAAAAJ:_FxGoFyzp5QC",
      "authors": "D Madaan, J Shin, SJ Hwang",
      "venue": "38th International Conference on Machine Learning, 2021",
      "year": 2021,
      "citations": 45
    },
    {
      "title": "Generalizable robust deep learning via adversarial pruning and meta-noise generation",
      "url": "https://scholar.google.com/citations?view_op=view_citation&hl=en&user=DNk4dZkAAAAJ&citation_for_view=DNk4dZkAAAAJ:UebtZRa9Y70C",
      "authors": "D Madaan",
      "venue": "한국과학기술원, 2021",
      "year": 2021,
      "citations": 0
    },
    {
      "title": "Adversarial Neural Pruning with Latent Vulnerability Suppression",
      "url": "https://scholar.google.com/citations?view_op=view_citation&hl=en&user=DNk4dZkAAAAJ&citation_for_view=DNk4dZkAAAAJ:u-x6o8ySG0sC",
      "authors": "D Madaan, J Shin, SJ Hwang",
      "venue": "37th International Conference on Machine Learning, 2020",
      "year": 2020,
      "citations": 79
    },
    {
      "title": "Learning Sparse Networks Using Targeted Dropout",
      "url": "https://scholar.google.com/citations?view_op=view_citation&hl=en&user=DNk4dZkAAAAJ&citation_for_view=DNk4dZkAAAAJ:zYLM7Y9cAGgC",
      "authors": "AN Gomez, I Zhang, SR Kamalakara, D Madaan, K Swersky, Y Gal, ...",
      "venue": "arXiv preprint arXiv:1905.13678, 2019",
      "year": 2019,
      "citations": 142
    },
    {
      "title": "VayuAnukulani: Adaptive Memory Networks for Air Pollution Forecasting",
      "url": "https://scholar.google.com/citations?view_op=view_citation&hl=en&user=DNk4dZkAAAAJ&citation_for_view=DNk4dZkAAAAJ:d1gkVwhDpl0C",
      "authors": "D Madaan, R Dua, P Mukherjee, B Lall",
      "venue": "2019 IEEE Global Conference on Signal and Information Processing (GlobalSIP), 2019",
      "year": 2019,
      "citations": 19
    },
    {
      "title": "Separating Multimodal Modeling from Multidimensional Modeling for Multimodal Learning",
      "url": "https://scholar.google.com/citations?view_op=view_citation&hl=en&user=DNk4dZkAAAAJ&citation_for_view=DNk4dZkAAAAJ:kNdYIx-mwKoC",
      "authors": "D Madaan, T Makino, S Chopra, K Cho",
      "venue": "",
      "citations": 0
    }
  ],
  "co_authors": [
    {
      "name": "Sung Ju Hwang",
      "scholar_id": "RP4Qx3QAAAAJ",
      "url": "https://scholar.google.com/citations?user=RP4Qx3QAAAAJ"
    },
    {
      "name": "Jaehong Yoon",
      "scholar_id": "-5comoUAAAAJ",
      "url": "https://scholar.google.com/citations?user=-5comoUAAAAJ"
    },
    {
      "name": "Jinwoo Shin",
      "scholar_id": "m3eDp7kAAAAJ",
      "url": "https://scholar.google.com/citations?user=m3eDp7kAAAAJ"
    },
    {
      "name": "Sumit Chopra",
      "scholar_id": "ETU-ePAAAAAJ",
      "url": "https://scholar.google.com/citations?user=ETU-ePAAAAAJ"
    },
    {
      "name": "Kyunghyun Cho",
      "scholar_id": "0RAmmIAAAAAJ",
      "url": "https://scholar.google.com/citations?user=0RAmmIAAAAAJ"
    },
    {
      "name": "Yarin Gal",
      "scholar_id": "SIayDoQAAAAJ",
      "url": "https://scholar.google.com/citations?user=SIayDoQAAAAJ"
    },
    {
      "name": "Siddhartha Rao Kamalakara",
      "scholar_id": "BIhyCUEAAAAJ",
      "url": "https://scholar.google.com/citations?user=BIhyCUEAAAAJ"
    },
    {
      "name": "Ivan Zhang",
      "scholar_id": "qtPcPs4AAAAJ",
      "url": "https://scholar.google.com/citations?user=qtPcPs4AAAAJ"
    },
    {
      "name": "Eunho Yang",
      "scholar_id": "UWO1mloAAAAJ",
      "url": "https://scholar.google.com/citations?user=UWO1mloAAAAJ"
    },
    {
      "name": "Yuanchun Li",
      "scholar_id": "B3hg7BgAAAAJ",
      "url": "https://scholar.google.com/citations?user=B3hg7BgAAAAJ"
    },
    {
      "name": "Yunxin Liu",
      "scholar_id": "TFGBA9cAAAAJ",
      "url": "https://scholar.google.com/citations?user=TFGBA9cAAAAJ"
    },
    {
      "name": "Aidan Gomez",
      "scholar_id": "2oq9614AAAAJ",
      "url": "https://scholar.google.com/citations?user=2oq9614AAAAJ"
    },
    {
      "name": "Kevin Swersky",
      "scholar_id": "IrixA8MAAAAJ",
      "url": "https://scholar.google.com/citations?user=IrixA8MAAAAJ"
    },
    {
      "name": "Geoffrey Hinton",
      "scholar_id": "JicYPdAAAAAJ",
      "url": "https://scholar.google.com/citations?user=JicYPdAAAAAJ"
    },
    {
      "name": "Pavlo Molchanov",
      "scholar_id": "J9PoyoIAAAAJ",
      "url": "https://scholar.google.com/citations?user=J9PoyoIAAAAJ"
    },
    {
      "name": "Brejesh Lall",
      "scholar_id": "7EnEz7gaXWcC",
      "url": "https://scholar.google.com/citations?user=7EnEz7gaXWcC"
    },
    {
      "name": "Dr. Prerana Mukherjee",
      "scholar_id": "c0_Uf4sAAAAJ",
      "url": "https://scholar.google.com/citations?user=c0_Uf4sAAAAJ"
    },
    {
      "name": "Radhika Dua",
      "scholar_id": "SeBAKsUAAAAJ",
      "url": "https://scholar.google.com/citations?user=SeBAKsUAAAAJ"
    },
    {
      "name": "Jan Kautz",
      "scholar_id": "P9FclNEAAAAJ",
      "url": "https://scholar.google.com/citations?user=P9FclNEAAAAJ"
    }
  ]
}