{
  "author_info": {
    "name": "Chuan Wen",
    "affiliation": "Shanghai Jiao Tong University",
    "email_verified": "Verified email at sjtu.edu.cn - Homepage",
    "website": "https://alvinwen428.github.io/",
    "interests": [
      "Robotics",
      "Machine Learning",
      "Computer Vision"
    ],
    "photo_url": "https://scholar.googleusercontent.com/citations?view_op=view_photo&user=G5M9nYwAAAAJ&citpid=1"
  },
  "citation_stats": {
    "citations_all": 758,
    "citations_since_2020": 753,
    "h_index_all": 14,
    "h_index_since_2020": 14,
    "i10_index_all": 16,
    "i10_index_since_2020": 16,
    "citation_graph": [
      {
        "year": 2020,
        "citations": 5
      },
      {
        "year": 2021,
        "citations": 23
      },
      {
        "year": 2022,
        "citations": 37
      },
      {
        "year": 2023,
        "citations": 59
      },
      {
        "year": 2024,
        "citations": 182
      },
      {
        "year": 2025,
        "citations": 440
      }
    ]
  },
  "papers": [
    {
      "title": "EfficientVLA: Training-Free Acceleration and Compression for Vision-Language-Action Models",
      "url": "https://scholar.google.com/citations?view_op=view_citation&hl=en&user=G5M9nYwAAAAJ&citation_for_view=G5M9nYwAAAAJ:9ZlFYXVOiuMC",
      "authors": "Y Yang, Y Wang, Z Wen, L Zhongwei, C Zou, Z Zhang, C Wen, L Zhang",
      "venue": "arXiv preprint arXiv:2506.10100, 2025",
      "year": 2025,
      "citations": 14
    },
    {
      "title": "Fp3: A 3d foundation policy for robotic manipulation",
      "url": "https://scholar.google.com/citations?view_op=view_citation&hl=en&user=G5M9nYwAAAAJ&citation_for_view=G5M9nYwAAAAJ:qxL8FJ1GzNcC",
      "authors": "R Yang, G Chen, C Wen, Y Gao",
      "venue": "arXiv preprint arXiv:2503.08950, 2025",
      "year": 2025,
      "citations": 14
    },
    {
      "title": "Tactile-VLA: Unlocking Vision-Language-Action Model's Physical Knowledge for Tactile Generalization",
      "url": "https://scholar.google.com/citations?view_op=view_citation&hl=en&user=G5M9nYwAAAAJ&citation_for_view=G5M9nYwAAAAJ:mVmsd5A6BfQC",
      "authors": "J Huang, S Wang, F Lin, Y Hu, C Wen, Y Gao",
      "venue": "arXiv preprint arXiv:2507.09160, 2025",
      "year": 2025,
      "citations": 13
    },
    {
      "title": "Motiontrans: Human vr data enable motion-level learning for robotic manipulation policies",
      "url": "https://scholar.google.com/citations?view_op=view_citation&hl=en&user=G5M9nYwAAAAJ&citation_for_view=G5M9nYwAAAAJ:QIV2ME_5wuYC",
      "authors": "C Yuan, R Zhou, M Liu, Y Hu, S Wang, L Yi, C Wen, S Zhang, Y Gao",
      "venue": "arXiv preprint arXiv:2509.17759, 2025",
      "year": 2025,
      "citations": 5
    },
    {
      "title": "Adapt Your Body: Mitigating Proprioception Shifts in Imitation Learning",
      "url": "https://scholar.google.com/citations?view_op=view_citation&hl=en&user=G5M9nYwAAAAJ&citation_for_view=G5M9nYwAAAAJ:Wp0gIr-vW9MC",
      "authors": "F Kuang, J You, Y Hu, T Zhang, C Wen, Y Gao",
      "venue": "arXiv preprint arXiv:2506.23944, 2025",
      "year": 2025,
      "citations": 2
    },
    {
      "title": "KineDex: Learning Tactile-Informed Visuomotor Policies via Kinesthetic Teaching for Dexterous Manipulation",
      "url": "https://scholar.google.com/citations?view_op=view_citation&hl=en&user=G5M9nYwAAAAJ&citation_for_view=G5M9nYwAAAAJ:4DMP91E08xMC",
      "authors": "D Zhang, C Yuan, C Wen, H Zhang, J Zhao, Y Gao",
      "venue": "arXiv preprint arXiv:2505.01974, 2025",
      "year": 2025,
      "citations": 2
    },
    {
      "title": "Data scaling laws in imitation learning for robotic manipulation",
      "url": "https://scholar.google.com/citations?view_op=view_citation&hl=en&user=G5M9nYwAAAAJ&citation_for_view=G5M9nYwAAAAJ:YOwf2qJgpHMC",
      "authors": "Y Hu, F Lin, P Sheng, C Wen, J You, Y Gao",
      "venue": "arXiv preprint arXiv:2410.18647, 2024",
      "year": 2024,
      "citations": 100
    },
    {
      "title": "General flow as foundation affordance for scalable robot learning",
      "url": "https://scholar.google.com/citations?view_op=view_citation&hl=en&user=G5M9nYwAAAAJ&citation_for_view=G5M9nYwAAAAJ:5nxA0vEk-isC",
      "authors": "C Yuan, C Wen, T Zhang, Y Gao",
      "venue": "arXiv preprint arXiv:2401.11439, 2024",
      "year": 2024,
      "citations": 70
    },
    {
      "title": "Can Transformers Capture Spatial Relations between Objects?",
      "url": "https://scholar.google.com/citations?view_op=view_citation&hl=en&user=G5M9nYwAAAAJ&citation_for_view=G5M9nYwAAAAJ:MXK_kJrjxJIC",
      "authors": "C Wen, D Jayaraman, Y Gao",
      "venue": "arXiv preprint arXiv:2403.00729, 2024",
      "year": 2024,
      "citations": 7
    },
    {
      "title": "Any-point trajectory modeling for policy learning",
      "url": "https://scholar.google.com/citations?view_op=view_citation&hl=en&user=G5M9nYwAAAAJ&citation_for_view=G5M9nYwAAAAJ:0EnyYjriUFMC",
      "authors": "C Wen, X Lin, J So, K Chen, Q Dou, Y Gao, P Abbeel",
      "venue": "arXiv preprint arXiv:2401.00025, 2023",
      "year": 2023,
      "citations": 160
    },
    {
      "title": "Seer: Language instructed video prediction with latent diffusion models",
      "url": "https://scholar.google.com/citations?view_op=view_citation&hl=en&user=G5M9nYwAAAAJ&citation_for_view=G5M9nYwAAAAJ:Se3iqnhoufwC",
      "authors": "X Gu, C Wen, W Ye, J Song, Y Gao",
      "venue": "arXiv preprint arXiv:2303.14897, 2023",
      "year": 2023,
      "citations": 65
    },
    {
      "title": "Imitation learning from observation with automatic discount scheduling",
      "url": "https://scholar.google.com/citations?view_op=view_citation&hl=en&user=G5M9nYwAAAAJ&citation_for_view=G5M9nYwAAAAJ:UebtZRa9Y70C",
      "authors": "Y Liu, W Dong, Y Hu, C Wen, ZH Yin, C Zhang, Y Gao",
      "venue": "arXiv preprint arXiv:2310.07433, 2023",
      "year": 2023,
      "citations": 16
    },
    {
      "title": "Predictive inference with feature conformal prediction",
      "url": "https://scholar.google.com/citations?view_op=view_citation&hl=en&user=G5M9nYwAAAAJ&citation_for_view=G5M9nYwAAAAJ:ufrVoPGSRksC",
      "authors": "J Teng, C Wen, D Zhang, Y Bengio, Y Gao, Y Yuan",
      "venue": "The Eleventh International Conference on Learning Representations. 2022, 2022",
      "year": 2022,
      "citations": 37
    },
    {
      "title": "Fighting fire with fire: Avoiding dnn shortcuts through priming",
      "url": "https://scholar.google.com/citations?view_op=view_citation&hl=en&user=G5M9nYwAAAAJ&citation_for_view=G5M9nYwAAAAJ:eQOLeE2rZwMC",
      "authors": "C Wen, J Qian, J Lin, J Teng, D Jayaraman, Y Gao",
      "venue": "International Conference on Machine Learning, 23723-23750, 2022",
      "year": 2022,
      "citations": 24
    },
    {
      "title": "Resolving copycat problems in visual imitation learning via residual action prediction",
      "url": "https://scholar.google.com/citations?view_op=view_citation&hl=en&user=G5M9nYwAAAAJ&citation_for_view=G5M9nYwAAAAJ:WF5omc3nYNoC",
      "authors": "CC Chuang, D Yang, C Wen, Y Gao",
      "venue": "European Conference on Computer Vision, 392-409, 2022",
      "year": 2022,
      "citations": 17
    },
    {
      "title": "Handwritten Chinese font generation with collaborative stroke refinement",
      "url": "https://scholar.google.com/citations?view_op=view_citation&hl=en&user=G5M9nYwAAAAJ&citation_for_view=G5M9nYwAAAAJ:9yKSN-GCB0IC",
      "authors": "C Wen, Y Pan, J Chang, Y Zhang, S Chen, Y Wang, M Han, Q Tian",
      "venue": "Proceedings of the IEEE/CVF winter conference on applications of computer …, 2021",
      "year": 2021,
      "citations": 43
    },
    {
      "title": "Keyframe-focused visual imitation learning",
      "url": "https://scholar.google.com/citations?view_op=view_citation&hl=en&user=G5M9nYwAAAAJ&citation_for_view=G5M9nYwAAAAJ:UeHWp8X0CEIC",
      "authors": "C Wen, J Lin, J Qian, Y Gao, D Jayaraman",
      "venue": "International Conference on Machine Learning. PMLR, 2021: 11123-11133., 2021",
      "year": 2021,
      "citations": 26
    },
    {
      "title": "Fighting copycat agents in behavioral cloning from observation histories",
      "url": "https://scholar.google.com/citations?view_op=view_citation&hl=en&user=G5M9nYwAAAAJ&citation_for_view=G5M9nYwAAAAJ:qjMakFHDy7sC",
      "authors": "C Wen, J Lin, T Darrell, D Jayaraman, Y Gao",
      "venue": "Advances in Neural Information Processing Systems 33, 2564-2575, 2020",
      "year": 2020,
      "citations": 80
    },
    {
      "title": "Author name disambiguation on heterogeneous information network with adversarial representation learning",
      "url": "https://scholar.google.com/citations?view_op=view_citation&hl=en&user=G5M9nYwAAAAJ&citation_for_view=G5M9nYwAAAAJ:d1gkVwhDpl0C",
      "authors": "H Wang, R Wan, C Wen, S Li, Y Jia, W Zhang, X Wang",
      "venue": "Proceedings of the AAAI Conference on Artificial Intelligence 34 (01), 238-245, 2020",
      "year": 2020,
      "citations": 46
    },
    {
      "title": "Data scaling laws in imitation learning for robotic manipulation, 2024",
      "url": "https://scholar.google.com/citations?view_op=view_citation&hl=en&user=G5M9nYwAAAAJ&citation_for_view=G5M9nYwAAAAJ:aqlVkmm33-oC",
      "authors": "F Lin, Y Hu, P Sheng, C Wen, J You, Y Gao",
      "venue": "URL https://arxiv. org/abs/2410.18647 12, 0",
      "citations": 13
    }
  ],
  "co_authors": [
    {
      "name": "Gao Yang",
      "scholar_id": "bo0P2qYAAAAJ",
      "url": "https://scholar.google.com/citations?user=bo0P2qYAAAAJ"
    },
    {
      "name": "Dinesh Jayaraman",
      "scholar_id": "QxLpghAAAAAJ",
      "url": "https://scholar.google.com/citations?user=QxLpghAAAAAJ"
    },
    {
      "name": "Jierui Lin",
      "scholar_id": "Nr_yTQgAAAAJ",
      "url": "https://scholar.google.com/citations?user=Nr_yTQgAAAAJ"
    },
    {
      "name": "Jiaye Teng",
      "scholar_id": "NGqfK2wAAAAJ",
      "url": "https://scholar.google.com/citations?user=NGqfK2wAAAAJ"
    },
    {
      "name": "Jianing Qian",
      "scholar_id": "o67NTxYAAAAJ",
      "url": "https://scholar.google.com/citations?user=o67NTxYAAAAJ"
    },
    {
      "name": "Trevor Darrell",
      "scholar_id": "bh-uRFMAAAAJ",
      "url": "https://scholar.google.com/citations?user=bh-uRFMAAAAJ"
    },
    {
      "name": "Pieter Abbeel",
      "scholar_id": "vtwH6GkAAAAJ",
      "url": "https://scholar.google.com/citations?user=vtwH6GkAAAAJ"
    },
    {
      "name": "Xingyu Lin",
      "scholar_id": "hankD2kAAAAJ",
      "url": "https://scholar.google.com/citations?user=hankD2kAAAAJ"
    },
    {
      "name": "John Ian So",
      "scholar_id": "r0vGtTwAAAAJ",
      "url": "https://scholar.google.com/citations?user=r0vGtTwAAAAJ"
    },
    {
      "name": "Ruijie Wang",
      "scholar_id": "S1TuNNIAAAAJ",
      "url": "https://scholar.google.com/citations?user=S1TuNNIAAAAJ"
    },
    {
      "name": "Dinghuai Zhang 张鼎怀",
      "scholar_id": "8W-MW9sAAAAJ",
      "url": "https://scholar.google.com/citations?user=8W-MW9sAAAAJ"
    },
    {
      "name": "Jun Lv",
      "scholar_id": "DtaiAjwAAAAJ",
      "url": "https://scholar.google.com/citations?user=DtaiAjwAAAAJ"
    },
    {
      "name": "cewu lu",
      "scholar_id": "QZVQEWAAAAAJ",
      "url": "https://scholar.google.com/citations?user=QZVQEWAAAAAJ"
    },
    {
      "name": "Han Xue",
      "scholar_id": "kQMFnUkAAAAJ",
      "url": "https://scholar.google.com/citations?user=kQMFnUkAAAAJ"
    }
  ]
}