{
  "author_info": {
    "name": "Matthias Hein",
    "affiliation": "Professor of Computer Science, University of Tübingen",
    "email_verified": "Verified email at uni-tuebingen.de - Homepage",
    "website": "https://uni-tuebingen.de/fakultaeten/mathematisch-naturwissenschaftliche-fakultaet/fachbereiche/informatik/lehrstuehle/maschinelles-lernen/news/",
    "interests": [
      "Machine Learning",
      "Optimization",
      "Statistics"
    ],
    "photo_url": "https://scholar.googleusercontent.com/citations?view_op=view_photo&user=0ZAb3tsAAAAJ&citpid=1"
  },
  "citation_stats": {
    "citations_all": 22260,
    "citations_since_2020": 17076,
    "h_index_all": 67,
    "h_index_since_2020": 53,
    "i10_index_all": 134,
    "i10_index_since_2020": 117,
    "citation_graph": [
      {
        "year": 2006,
        "citations": 63
      },
      {
        "year": 2007,
        "citations": 78
      },
      {
        "year": 2008,
        "citations": 109
      },
      {
        "year": 2009,
        "citations": 158
      },
      {
        "year": 2010,
        "citations": 148
      },
      {
        "year": 2011,
        "citations": 175
      },
      {
        "year": 2012,
        "citations": 243
      },
      {
        "year": 2013,
        "citations": 279
      },
      {
        "year": 2014,
        "citations": 268
      },
      {
        "year": 2015,
        "citations": 358
      },
      {
        "year": 2016,
        "citations": 498
      },
      {
        "year": 2017,
        "citations": 554
      },
      {
        "year": 2018,
        "citations": 906
      },
      {
        "year": 2019,
        "citations": 1156
      },
      {
        "year": 2020,
        "citations": 1560
      },
      {
        "year": 2021,
        "citations": 2284
      },
      {
        "year": 2022,
        "citations": 2924
      },
      {
        "year": 2023,
        "citations": 3432
      },
      {
        "year": 2024,
        "citations": 3540
      },
      {
        "year": 2025,
        "citations": 3328
      }
    ]
  },
  "papers": [
    {
      "title": "Reliable evaluation of adversarial robustness with an ensemble of diverse parameter-free attacks",
      "url": "https://scholar.google.com/citations?view_op=view_citation&hl=en&user=0ZAb3tsAAAAJ&citation_for_view=0ZAb3tsAAAAJ:BwyfMAYsbu0C",
      "authors": "F Croce, M Hein",
      "venue": "International conference on machine learning, 2206-2216, 2020",
      "year": 2020,
      "citations": 2661
    },
    {
      "title": "Square attack: a query-efficient black-box adversarial attack via random search",
      "url": "https://scholar.google.com/citations?view_op=view_citation&hl=en&user=0ZAb3tsAAAAJ&citation_for_view=0ZAb3tsAAAAJ:vDijr-p_gm4C",
      "authors": "M Andriushchenko, F Croce, N Flammarion, M Hein",
      "venue": "European conference on computer vision, 484-501, 2020",
      "year": 2020,
      "citations": 1467
    },
    {
      "title": "Robustbench: a standardized adversarial robustness benchmark",
      "url": "https://scholar.google.com/citations?view_op=view_citation&hl=en&user=0ZAb3tsAAAAJ&citation_for_view=0ZAb3tsAAAAJ:XoXfffV-tXoC",
      "authors": "F Croce, M Andriushchenko, V Sehwag, E Debenedetti, N Flammarion, ...",
      "venue": "arXiv preprint arXiv:2010.09670, 2020",
      "year": 2020,
      "citations": 1026
    },
    {
      "title": "Minimally distorted adversarial examples with a fast adaptive boundary attack",
      "url": "https://scholar.google.com/citations?view_op=view_citation&hl=en&user=0ZAb3tsAAAAJ&citation_for_view=0ZAb3tsAAAAJ:nrtMV_XWKgEC",
      "authors": "F Croce, M Hein",
      "venue": "International conference on machine learning, 2196-2205, 2020",
      "year": 2020,
      "citations": 702
    },
    {
      "title": "Being bayesian, even just a bit, fixes overconfidence in relu networks",
      "url": "https://scholar.google.com/citations?view_op=view_citation&hl=en&user=0ZAb3tsAAAAJ&citation_for_view=0ZAb3tsAAAAJ:4MWp96NkSFoC",
      "authors": "A Kristiadi, M Hein, P Hennig",
      "venue": "International conference on machine learning, 5436-5446, 2020",
      "year": 2020,
      "citations": 421
    },
    {
      "title": "Why relu networks yield high-confidence predictions far away from the training data and how to mitigate the problem",
      "url": "https://scholar.google.com/citations?view_op=view_citation&hl=en&user=0ZAb3tsAAAAJ&citation_for_view=0ZAb3tsAAAAJ:tzM49s52ZIMC",
      "authors": "M Hein, M Andriushchenko, J Bitterwolf",
      "venue": "Proceedings of the IEEE/CVF conference on computer vision and pattern …, 2019",
      "year": 2019,
      "citations": 795
    },
    {
      "title": "Disentangling adversarial robustness and generalization",
      "url": "https://scholar.google.com/citations?view_op=view_citation&hl=en&user=0ZAb3tsAAAAJ&citation_for_view=0ZAb3tsAAAAJ:_Re3VWB3Y0AC",
      "authors": "D Stutz, M Hein, B Schiele",
      "venue": "Proceedings of the IEEE/CVF conference on computer vision and pattern …, 2019",
      "year": 2019,
      "citations": 379
    },
    {
      "title": "Provably robust boosted decision stumps and trees against adversarial attacks",
      "url": "https://scholar.google.com/citations?view_op=view_citation&hl=en&user=0ZAb3tsAAAAJ&citation_for_view=0ZAb3tsAAAAJ:t7zJ5fGR-2UC",
      "authors": "M Andriushchenko, M Hein",
      "venue": "Advances in neural information processing systems 32, 2019",
      "year": 2019,
      "citations": 350
    },
    {
      "title": "Sparse and imperceivable adversarial attacks",
      "url": "https://scholar.google.com/citations?view_op=view_citation&hl=en&user=0ZAb3tsAAAAJ&citation_for_view=0ZAb3tsAAAAJ:ipzZ9siozwsC",
      "authors": "F Croce, M Hein",
      "venue": "Proceedings of the IEEE/CVF international conference on computer vision …, 2019",
      "year": 2019,
      "citations": 284
    },
    {
      "title": "Simple does it: Weakly supervised instance and semantic segmentation",
      "url": "https://scholar.google.com/citations?view_op=view_citation&hl=en&user=0ZAb3tsAAAAJ&citation_for_view=0ZAb3tsAAAAJ:bnK-pcrLprsC",
      "authors": "A Khoreva, R Benenson, J Hosang, M Hein, B Schiele",
      "venue": "Proceedings of the IEEE conference on computer vision and pattern …, 2017",
      "year": 2017,
      "citations": 1041
    },
    {
      "title": "Formal guarantees on the robustness of a classifier against adversarial manipulation",
      "url": "https://scholar.google.com/citations?view_op=view_citation&hl=en&user=0ZAb3tsAAAAJ&citation_for_view=0ZAb3tsAAAAJ:PELIpwtuRlgC",
      "authors": "M Hein, M Andriushchenko",
      "venue": "NIPS 2017, 2017",
      "year": 2017,
      "citations": 693
    },
    {
      "title": "Variants of rmsprop and adagrad with logarithmic regret bounds",
      "url": "https://scholar.google.com/citations?view_op=view_citation&hl=en&user=0ZAb3tsAAAAJ&citation_for_view=0ZAb3tsAAAAJ:9vf0nzSNQJEC",
      "authors": "MC Mukkamala, M Hein",
      "venue": "International conference on machine learning, 2545-2553, 2017",
      "year": 2017,
      "citations": 402
    },
    {
      "title": "The loss surface of deep and wide neural networks",
      "url": "https://scholar.google.com/citations?view_op=view_citation&hl=en&user=0ZAb3tsAAAAJ&citation_for_view=0ZAb3tsAAAAJ:Y5dfb0dijaUC",
      "authors": "Q Nguyen, M Hein",
      "venue": "International conference on machine learning, 2603-2612, 2017",
      "year": 2017,
      "citations": 346
    },
    {
      "title": "Latent embeddings for zero-shot classification",
      "url": "https://scholar.google.com/citations?view_op=view_citation&hl=en&user=0ZAb3tsAAAAJ&citation_for_view=0ZAb3tsAAAAJ:738O_yMBCRsC",
      "authors": "Y Xian, Z Akata, G Sharma, Q Nguyen, M Hein, B Schiele",
      "venue": "Proceedings of the IEEE conference on computer vision and pattern …, 2016",
      "year": 2016,
      "citations": 925
    },
    {
      "title": "An inverse power method for nonlinear eigenproblems with applications in 1-spectral clustering and sparse PCA",
      "url": "https://scholar.google.com/citations?view_op=view_citation&hl=en&user=0ZAb3tsAAAAJ&citation_for_view=0ZAb3tsAAAAJ:roLk4NBRz8UC",
      "authors": "M Hein, T Bühler",
      "venue": "Advances in neural information processing systems 23, 2010",
      "year": 2010,
      "citations": 263
    },
    {
      "title": "Spectral clustering based on the graph p-Laplacian",
      "url": "https://scholar.google.com/citations?view_op=view_citation&hl=en&user=0ZAb3tsAAAAJ&citation_for_view=0ZAb3tsAAAAJ:Y0pCki6q_DkC",
      "authors": "T Bühler, M Hein",
      "venue": "Proceedings of the 26th annual international conference on machine learning …, 2009",
      "year": 2009,
      "citations": 412
    },
    {
      "title": "Graph laplacians and their convergence on random neighborhood graphs.",
      "url": "https://scholar.google.com/citations?view_op=view_citation&hl=en&user=0ZAb3tsAAAAJ&citation_for_view=0ZAb3tsAAAAJ:9yKSN-GCB0IC",
      "authors": "M Hein, JY Audibert, U Luxburg",
      "venue": "Journal of Machine Learning Research 8 (6), 2007",
      "year": 2007,
      "citations": 393
    },
    {
      "title": "Manifold denoising",
      "url": "https://scholar.google.com/citations?view_op=view_citation&hl=en&user=0ZAb3tsAAAAJ&citation_for_view=0ZAb3tsAAAAJ:2osOgNQ5qMEC",
      "authors": "M Hein, M Maier",
      "venue": "Advances in neural information processing systems 19, 2006",
      "year": 2006,
      "citations": 265
    },
    {
      "title": "From graphs to manifolds–weak and strong pointwise consistency of graph Laplacians",
      "url": "https://scholar.google.com/citations?view_op=view_citation&hl=en&user=0ZAb3tsAAAAJ&citation_for_view=0ZAb3tsAAAAJ:u5HHmVD_uO8C",
      "authors": "M Hein, JY Audibert, U Von Luxburg",
      "venue": "International Conference on Computational Learning Theory, 470-485, 2005",
      "year": 2005,
      "citations": 431
    },
    {
      "title": "Intrinsic dimensionality estimation of submanifolds in Rd",
      "url": "https://scholar.google.com/citations?view_op=view_citation&hl=en&user=0ZAb3tsAAAAJ&citation_for_view=0ZAb3tsAAAAJ:qjMakFHDy7sC",
      "authors": "M Hein, JY Audibert",
      "venue": "Proceedings of the 22nd international conference on Machine learning, 289-296, 2005",
      "year": 2005,
      "citations": 317
    }
  ],
  "co_authors": [
    {
      "name": "Francesco Croce",
      "scholar_id": "laq9cq0AAAAJ",
      "url": "https://scholar.google.com/citations?user=laq9cq0AAAAJ"
    },
    {
      "name": "Bernt Schiele",
      "scholar_id": "z76PBfYAAAAJ",
      "url": "https://scholar.google.com/citations?user=z76PBfYAAAAJ"
    },
    {
      "name": "Maksym Andriushchenko",
      "scholar_id": "ZNtuJYoAAAAJ",
      "url": "https://scholar.google.com/citations?user=ZNtuJYoAAAAJ"
    },
    {
      "name": "Ulrike von Luxburg",
      "scholar_id": "mMifMdoAAAAJ",
      "url": "https://scholar.google.com/citations?user=mMifMdoAAAAJ"
    },
    {
      "name": "Quynh Nguyen",
      "scholar_id": "WJNkMakAAAAJ",
      "url": "https://scholar.google.com/citations?user=WJNkMakAAAAJ"
    },
    {
      "name": "Julian Bitterwolf",
      "scholar_id": "mNUvbzEAAAAJ",
      "url": "https://scholar.google.com/citations?user=mNUvbzEAAAAJ"
    },
    {
      "name": "Francesco Tudisco",
      "scholar_id": "uND_5REAAAAJ",
      "url": "https://scholar.google.com/citations?user=uND_5REAAAAJ"
    },
    {
      "name": "David Stutz",
      "scholar_id": "TxEy3cwAAAAJ",
      "url": "https://scholar.google.com/citations?user=TxEy3cwAAAAJ"
    },
    {
      "name": "Nicolas Flammarion",
      "scholar_id": "7nVGYfgAAAAJ",
      "url": "https://scholar.google.com/citations?user=7nVGYfgAAAAJ"
    },
    {
      "name": "Anna Khoreva",
      "scholar_id": "ILgZT7MAAAAJ",
      "url": "https://scholar.google.com/citations?user=ILgZT7MAAAAJ"
    },
    {
      "name": "Antoine Gautier",
      "scholar_id": "ymx43BUAAAAJ",
      "url": "https://scholar.google.com/citations?user=ymx43BUAAAAJ"
    },
    {
      "name": "Naman D Singh",
      "scholar_id": "zfObWM0AAAAJ",
      "url": "https://scholar.google.com/citations?user=zfObWM0AAAAJ"
    },
    {
      "name": "Maximilian Augustin",
      "scholar_id": "f82UrTYAAAAJ",
      "url": "https://scholar.google.com/citations?user=f82UrTYAAAAJ"
    },
    {
      "name": "Alexander Meinke",
      "scholar_id": "lPM1t5oAAAAJ",
      "url": "https://scholar.google.com/citations?user=lPM1t5oAAAAJ"
    },
    {
      "name": "Max Lapin",
      "scholar_id": "axpNZUAAAAAJ",
      "url": "https://scholar.google.com/citations?user=axpNZUAAAAAJ"
    },
    {
      "name": "Thomas Bühler",
      "scholar_id": "1gmol3cAAAAJ",
      "url": "https://scholar.google.com/citations?user=1gmol3cAAAAJ"
    },
    {
      "name": "Maximilian Müller",
      "scholar_id": "ii_xC_sAAAAJ",
      "url": "https://scholar.google.com/citations?user=ii_xC_sAAAAJ"
    },
    {
      "name": "Christian Schlarmann",
      "scholar_id": "reM28tAAAAAJ",
      "url": "https://scholar.google.com/citations?user=reM28tAAAAAJ"
    },
    {
      "name": "Valentyn Boreiko",
      "scholar_id": "gzRuY4cAAAAJ",
      "url": "https://scholar.google.com/citations?user=gzRuY4cAAAAJ"
    },
    {
      "name": "Olivier Bousquet",
      "scholar_id": "CHO-UV8AAAAJ",
      "url": "https://scholar.google.com/citations?user=CHO-UV8AAAAJ"
    }
  ]
}