{
  "author_info": {
    "name": "Tengyu Liu",
    "affiliation": "Beijing Institute for General Artificial Intelligence",
    "email_verified": "Verified email at bigai.ai - Homepage",
    "website": "http://tengyu.ai/",
    "interests": [
      "computer vision",
      "human object interaction",
      "human motion generation",
      "grasping"
    ],
    "photo_url": "https://scholar.googleusercontent.com/citations?view_op=view_photo&user=p_4vLiwAAAAJ&citpid=1"
  },
  "citation_stats": {
    "citations_all": 1813,
    "citations_since_2020": 1812,
    "h_index_all": 17,
    "h_index_since_2020": 17,
    "i10_index_all": 20,
    "i10_index_since_2020": 20,
    "citation_graph": [
      {
        "year": 2022,
        "citations": 22
      },
      {
        "year": 2023,
        "citations": 143
      },
      {
        "year": 2024,
        "citations": 579
      },
      {
        "year": 2025,
        "citations": 1059
      }
    ]
  },
  "papers": [
    {
      "title": "Maniptrans: Efficient dexterous bimanual manipulation transfer via residual learning",
      "url": "https://scholar.google.com/citations?view_op=view_citation&hl=en&user=p_4vLiwAAAAJ&citation_for_view=p_4vLiwAAAAJ:mVmsd5A6BfQC",
      "authors": "K Li, P Li, T Liu, Y Li, S Huang",
      "venue": "Proceedings of the Computer Vision and Pattern Recognition Conference, 6991-7003, 2025",
      "year": 2025,
      "citations": 26
    },
    {
      "title": "Dexterous manipulation through imitation learning: A survey",
      "url": "https://scholar.google.com/citations?view_op=view_citation&hl=en&user=p_4vLiwAAAAJ&citation_for_view=p_4vLiwAAAAJ:ZeXyd9-uunAC",
      "authors": "S An, Z Meng, C Tang, Y Zhou, T Liu, F Ding, S Zhang, Y Mu, R Song, ...",
      "venue": "arXiv preprint arXiv:2504.03515, 2025",
      "year": 2025,
      "citations": 18
    },
    {
      "title": "Embedding high-resolution touch across robotic hands enables adaptive human-like grasping",
      "url": "https://scholar.google.com/citations?view_op=view_citation&hl=en&user=p_4vLiwAAAAJ&citation_for_view=p_4vLiwAAAAJ:4DMP91E08xMC",
      "authors": "Z Zhao, W Li, Y Li, T Liu, B Li, M Wang, K Du, H Liu, Y Zhu, Q Wang, ...",
      "venue": "Nature Machine Intelligence, 1-12, 2025",
      "year": 2025,
      "citations": 17
    },
    {
      "title": "CLONE: Closed-Loop Whole-Body Humanoid Teleoperation for Long-Horizon Tasks",
      "url": "https://scholar.google.com/citations?view_op=view_citation&hl=en&user=p_4vLiwAAAAJ&citation_for_view=p_4vLiwAAAAJ:hC7cP41nSMkC",
      "authors": "Y Li, Y Lin, J Cui, T Liu, W Liang, Y Zhu, S Huang",
      "venue": "arXiv preprint arXiv:2506.08931, 2025",
      "year": 2025,
      "citations": 13
    },
    {
      "title": "SceneVerse: Scaling 3D Vision-Language Learning for Grounded Scene Understanding",
      "url": "https://scholar.google.com/citations?view_op=view_citation&hl=en&user=p_4vLiwAAAAJ&citation_for_view=p_4vLiwAAAAJ:ULOm3_A8WrAC",
      "authors": "B Jia, Y Chen, H Yu, Y Wang, X Niu, T Liu, Q Li, S Huang",
      "venue": "European Conference on Computer Vision, 289-310, 2024",
      "year": 2024,
      "citations": 121
    },
    {
      "title": "Scaling up dynamic human-scene interaction modeling",
      "url": "https://scholar.google.com/citations?view_op=view_citation&hl=en&user=p_4vLiwAAAAJ&citation_for_view=p_4vLiwAAAAJ:KlAtU1dfN6UC",
      "authors": "N Jiang, Z Zhang, H Li, X Ma, Z Wang, Y Chen, T Liu, Y Zhu, S Huang",
      "venue": "Proceedings of the IEEE/CVF Conference on Computer Vision and Pattern …, 2024",
      "year": 2024,
      "citations": 97
    },
    {
      "title": "Move as you say interact as you can: Language-guided human motion generation with scene affordance",
      "url": "https://scholar.google.com/citations?view_op=view_citation&hl=en&user=p_4vLiwAAAAJ&citation_for_view=p_4vLiwAAAAJ:YOwf2qJgpHMC",
      "authors": "Z Wang, Y Chen, B Jia, P Li, J Zhang, J Zhang, T Liu, Y Zhu, W Liang, ...",
      "venue": "Proceedings of the IEEE/CVF Conference on Computer Vision and Pattern …, 2024",
      "year": 2024,
      "citations": 89
    },
    {
      "title": "The tong test: Evaluating artificial general intelligence through dynamic embodied physical and social interactions",
      "url": "https://scholar.google.com/citations?view_op=view_citation&hl=en&user=p_4vLiwAAAAJ&citation_for_view=p_4vLiwAAAAJ:MXK_kJrjxJIC",
      "authors": "Y Peng, J Han, Z Zhang, L Fan, T Liu, S Qi, X Feng, Y Ma, Y Wang, ...",
      "venue": "Engineering 34, 12-22, 2024",
      "year": 2024,
      "citations": 50
    },
    {
      "title": "Grasp multiple objects with one hand",
      "url": "https://scholar.google.com/citations?view_op=view_citation&hl=en&user=p_4vLiwAAAAJ&citation_for_view=p_4vLiwAAAAJ:3fE2CSJIrl8C",
      "authors": "Y Li, B Liu, Y Geng, P Li, Y Yang, Y Zhu, T Liu, S Huang",
      "venue": "IEEE Robotics and Automation Letters 9 (5), 4027-4034, 2024",
      "year": 2024,
      "citations": 44
    },
    {
      "title": "Anyskill: Learning open-vocabulary physical skill for interactive agents",
      "url": "https://scholar.google.com/citations?view_op=view_citation&hl=en&user=p_4vLiwAAAAJ&citation_for_view=p_4vLiwAAAAJ:kNdYIx-mwKoC",
      "authors": "J Cui, T Liu, N Liu, Y Yang, Y Zhu, S Huang",
      "venue": "Proceedings of the IEEE/CVF conference on computer vision and pattern …, 2024",
      "year": 2024,
      "citations": 30
    },
    {
      "title": "Ag2manip: Learning novel manipulation skills with agent-agnostic visual and action representations",
      "url": "https://scholar.google.com/citations?view_op=view_citation&hl=en&user=p_4vLiwAAAAJ&citation_for_view=p_4vLiwAAAAJ:_kc_bZDykSQC",
      "authors": "P Li, T Liu, Y Li, M Han, H Geng, S Wang, Y Zhu, SC Zhu, S Huang",
      "venue": "2024 IEEE/RSJ International Conference on Intelligent Robots and Systems …, 2024",
      "year": 2024,
      "citations": 26
    },
    {
      "title": "Task-oriented sequential grounding in 3d scenes",
      "url": "https://scholar.google.com/citations?view_op=view_citation&hl=en&user=p_4vLiwAAAAJ&citation_for_view=p_4vLiwAAAAJ:L8Ckcad2t8MC",
      "authors": "Z Zhang, Z Zhu, P Li, T Wang, T Liu, X Ma, Y Chen, B Jia, S Huang, Q Li",
      "venue": "",
      "citations": 10,
      "year": 2024
    },
    {
      "title": "Diffusion-based generation, optimization, and planning in 3d scenes",
      "url": "https://scholar.google.com/citations?view_op=view_citation&hl=en&user=p_4vLiwAAAAJ&citation_for_view=p_4vLiwAAAAJ:WF5omc3nYNoC",
      "authors": "S Huang, Z Wang, P Li, B Jia, T Liu, Y Zhu, W Liang, SC Zhu",
      "venue": "Proceedings of the IEEE/CVF Conference on Computer Vision and Pattern …, 2023",
      "year": 2023,
      "citations": 313
    },
    {
      "title": "Unidexgrasp: Universal robotic dexterous grasping via learning diverse proposal generation and goal-conditioned policy",
      "url": "https://scholar.google.com/citations?view_op=view_citation&hl=en&user=p_4vLiwAAAAJ&citation_for_view=p_4vLiwAAAAJ:LkGwnXOMwfcC",
      "authors": "Y Xu, W Wan, J Zhang, H Liu, Z Shan, H Shen, R Wang, H Geng, Y Weng, ...",
      "venue": "Proceedings of the IEEE/CVF Conference on Computer Vision and Pattern …, 2023",
      "year": 2023,
      "citations": 179
    },
    {
      "title": "Full-body articulated human-object interaction",
      "url": "https://scholar.google.com/citations?view_op=view_citation&hl=en&user=p_4vLiwAAAAJ&citation_for_view=p_4vLiwAAAAJ:Zph67rFs4hoC",
      "authors": "N Jiang, T Liu, Z Cao, J Cui, Z Zhang, Y Chen, H Wang, Y Zhu, S Huang",
      "venue": "Proceedings of the IEEE/CVF International Conference on Computer Vision …, 2023",
      "year": 2023,
      "citations": 84
    },
    {
      "title": "Dexgraspnet: A large-scale robotic dexterous grasp dataset for general objects based on simulation",
      "url": "https://scholar.google.com/citations?view_op=view_citation&hl=en&user=p_4vLiwAAAAJ&citation_for_view=p_4vLiwAAAAJ:Y0pCki6q_DkC",
      "authors": "R Wang, J Zhang, J Chen, Y Xu, P Li, T Liu, H Wang",
      "venue": "arXiv preprint arXiv:2210.02697, 2022",
      "year": 2022,
      "citations": 185
    },
    {
      "title": "Humanise: Language-conditioned human motion generation in 3d scenes",
      "url": "https://scholar.google.com/citations?view_op=view_citation&hl=en&user=p_4vLiwAAAAJ&citation_for_view=p_4vLiwAAAAJ:W7OEmFMy1HYC",
      "authors": "Z Wang, Y Chen, T Liu, Y Zhu, W Liang, S Huang",
      "venue": "Advances in Neural Information Processing Systems 35, 14959-14971, 2022",
      "year": 2022,
      "citations": 181
    },
    {
      "title": "Gendexgrasp: Generalizable dexterous grasping",
      "url": "https://scholar.google.com/citations?view_op=view_citation&hl=en&user=p_4vLiwAAAAJ&citation_for_view=p_4vLiwAAAAJ:UeHWp8X0CEIC",
      "authors": "P Li, T Liu, Y Li, Y Geng, Y Zhu, Y Yang, S Huang",
      "venue": "arXiv preprint arXiv:2210.00722, 2022",
      "year": 2022,
      "citations": 113
    },
    {
      "title": "Synthesizing diverse and physically stable grasps with arbitrary hand structures using differentiable force closure estimator",
      "url": "https://scholar.google.com/citations?view_op=view_citation&hl=en&user=p_4vLiwAAAAJ&citation_for_view=p_4vLiwAAAAJ:Tyk-4Ss8FVUC",
      "authors": "T Liu, Z Liu, Z Jiao, Y Zhu, SC Zhu",
      "venue": "IEEE Robotics and Automation Letters 7 (1), 470-477, 2021",
      "year": 2021,
      "citations": 133
    },
    {
      "title": "Monocular 3D pose estimation via pose grammar and data augmentation",
      "url": "https://scholar.google.com/citations?view_op=view_citation&hl=en&user=p_4vLiwAAAAJ&citation_for_view=p_4vLiwAAAAJ:IjCSPb-OGe4C",
      "authors": "Y Xu, W Wang, T Liu, X Liu, J Xie, SC Zhu",
      "venue": "IEEE transactions on pattern analysis and machine intelligence 44 (10), 6327 …, 2021",
      "year": 2021,
      "citations": 61
    }
  ],
  "co_authors": [
    {
      "name": "Siyuan Huang",
      "scholar_id": "1NN7Ee8AAAAJ",
      "url": "https://scholar.google.com/citations?user=1NN7Ee8AAAAJ"
    },
    {
      "name": "Yixin Zhu",
      "scholar_id": "qG9l6JEAAAAJ",
      "url": "https://scholar.google.com/citations?user=qG9l6JEAAAAJ"
    },
    {
      "name": "Puhao Li",
      "scholar_id": "HTsO18AAAAAJ",
      "url": "https://scholar.google.com/citations?user=HTsO18AAAAAJ"
    },
    {
      "name": "Yixin Chen",
      "scholar_id": "FCdDIOQAAAAJ",
      "url": "https://scholar.google.com/citations?user=FCdDIOQAAAAJ"
    },
    {
      "name": "Wei Liang (梁玮)",
      "scholar_id": "3p6YfBEAAAAJ",
      "url": "https://scholar.google.com/citations?user=3p6YfBEAAAAJ"
    },
    {
      "name": "Baoxiong Jia",
      "scholar_id": "qIBUK6sAAAAJ",
      "url": "https://scholar.google.com/citations?user=qIBUK6sAAAAJ"
    },
    {
      "name": "Zan Wang (王赞)",
      "scholar_id": "vZxFyK8AAAAJ",
      "url": "https://scholar.google.com/citations?user=vZxFyK8AAAAJ"
    },
    {
      "name": "Yuyang Li",
      "scholar_id": "tBmAmTwAAAAJ",
      "url": "https://scholar.google.com/citations?user=tBmAmTwAAAAJ"
    },
    {
      "name": "He Wang",
      "scholar_id": "roCAWkoAAAAJ",
      "url": "https://scholar.google.com/citations?user=roCAWkoAAAAJ"
    },
    {
      "name": "Yaodong Yang",
      "scholar_id": "6yL0xw8AAAAJ",
      "url": "https://scholar.google.com/citations?user=6yL0xw8AAAAJ"
    },
    {
      "name": "Jieming Cui",
      "scholar_id": "9LcNpvYAAAAJ",
      "url": "https://scholar.google.com/citations?user=9LcNpvYAAAAJ"
    },
    {
      "name": "Ruicheng Wang",
      "scholar_id": "gs0y7WUAAAAJ",
      "url": "https://scholar.google.com/citations?user=gs0y7WUAAAAJ"
    },
    {
      "name": "Jiayi Chen",
      "scholar_id": "2lmpbXIAAAAJ",
      "url": "https://scholar.google.com/citations?user=2lmpbXIAAAAJ"
    },
    {
      "name": "Jialiang Zhang",
      "scholar_id": "YC_3cnYAAAAJ",
      "url": "https://scholar.google.com/citations?user=YC_3cnYAAAAJ"
    },
    {
      "name": "Yinzhen Xu",
      "scholar_id": "VaFCcJ8AAAAJ",
      "url": "https://scholar.google.com/citations?user=VaFCcJ8AAAAJ"
    },
    {
      "name": "NAN JIANG",
      "scholar_id": "xSYWn08AAAAJ",
      "url": "https://scholar.google.com/citations?user=xSYWn08AAAAJ"
    },
    {
      "name": "Haoran Geng",
      "scholar_id": "Inr-6rEAAAAJ",
      "url": "https://scholar.google.com/citations?user=Inr-6rEAAAAJ"
    },
    {
      "name": "Zhiyuan Zhang (John)",
      "scholar_id": "BS7FuB0AAAAJ",
      "url": "https://scholar.google.com/citations?user=BS7FuB0AAAAJ"
    },
    {
      "name": "Yiran Geng",
      "scholar_id": "q22ys2QAAAAJ",
      "url": "https://scholar.google.com/citations?user=q22ys2QAAAAJ"
    },
    {
      "name": "Hongjie Li",
      "scholar_id": "elzAX5YAAAAJ",
      "url": "https://scholar.google.com/citations?user=elzAX5YAAAAJ"
    }
  ]
}