{
  "author_info": {
    "name": "Raffaella Bernardi",
    "affiliation": "Free University of Bolzano Bozen",
    "email_verified": "Verified email at unibz.it - Homepage",
    "website": "https://www.unibz.it/it/faculties/engineering/academic-staff/person/2311-raffaella-bernardi",
    "interests": [
      "Language Grounding to Vision",
      "Dialogues",
      "Reasoning",
      "Syntax-Semantics interface"
    ],
    "photo_url": "https://scholar.googleusercontent.com/citations?view_op=view_photo&user=bMavvosAAAAJ&citpid=3"
  },
  "citation_stats": {
    "citations_all": 5552,
    "citations_since_2020": 3466,
    "h_index_all": 25,
    "h_index_since_2020": 19,
    "i10_index_all": 51,
    "i10_index_since_2020": 29,
    "citation_graph": [
      {
        "year": 2006,
        "citations": 22
      },
      {
        "year": 2007,
        "citations": 60
      },
      {
        "year": 2008,
        "citations": 38
      },
      {
        "year": 2009,
        "citations": 28
      },
      {
        "year": 2010,
        "citations": 48
      },
      {
        "year": 2011,
        "citations": 27
      },
      {
        "year": 2012,
        "citations": 50
      },
      {
        "year": 2013,
        "citations": 80
      },
      {
        "year": 2014,
        "citations": 148
      },
      {
        "year": 2015,
        "citations": 177
      },
      {
        "year": 2016,
        "citations": 234
      },
      {
        "year": 2017,
        "citations": 282
      },
      {
        "year": 2018,
        "citations": 385
      },
      {
        "year": 2019,
        "citations": 391
      },
      {
        "year": 2020,
        "citations": 446
      },
      {
        "year": 2021,
        "citations": 440
      },
      {
        "year": 2022,
        "citations": 496
      },
      {
        "year": 2023,
        "citations": 571
      },
      {
        "year": 2024,
        "citations": 694
      },
      {
        "year": 2025,
        "citations": 817
      }
    ]
  },
  "papers": [
    {
      "title": "Llms instead of human judges? a large scale empirical study across 20 nlp evaluation tasks",
      "url": "https://scholar.google.com/citations?view_op=view_citation&hl=en&user=bMavvosAAAAJ&citation_for_view=bMavvosAAAAJ:bz8QjSJIRt4C",
      "authors": "A Bavaresco, R Bernardi, L Bertolazzi, D Elliott, R Fernández, A Gatt, ...",
      "venue": "Proceedings of the 63rd Annual Meeting of the Association for Computational …, 2025",
      "year": 2025,
      "citations": 153
    },
    {
      "title": "Psycholinguistics meets continual learning: Measuring catastrophic forgetting in visual question answering",
      "url": "https://scholar.google.com/citations?view_op=view_citation&hl=en&user=bMavvosAAAAJ&citation_for_view=bMavvosAAAAJ:evX43VCCuoAC",
      "authors": "C Greco, B Plank, R Fernández, R Bernardi",
      "venue": "arXiv preprint arXiv:1906.04229, 2019",
      "year": 2019,
      "citations": 58
    },
    {
      "title": "Beyond task success: A closer look at jointly learning to see, ask, and guesswhat",
      "url": "https://scholar.google.com/citations?view_op=view_citation&hl=en&user=bMavvosAAAAJ&citation_for_view=bMavvosAAAAJ:LjlpjdlvIbIC",
      "authors": "R Shekhar, A Venkatesh, T Baumgärtner, E Bruni, B Plank, R Bernardi, ...",
      "venue": "Proceedings of the 2019 Conference of the North American Chapter of the …, 2019",
      "year": 2019,
      "citations": 56
    },
    {
      "title": "Grounded textual entailment",
      "url": "https://scholar.google.com/citations?view_op=view_citation&hl=en&user=bMavvosAAAAJ&citation_for_view=bMavvosAAAAJ:eq2jaN3J8jMC",
      "authors": "HT Vu, C Greco, A Erofeeva, S Jafaritazehjani, G Linders, M Tanti, ...",
      "venue": "Proceedings of the 27th international conference on computational …, 2018",
      "year": 2018,
      "citations": 44
    },
    {
      "title": "Probing the mental representation of quantifiers",
      "url": "https://scholar.google.com/citations?view_op=view_citation&hl=en&user=bMavvosAAAAJ&citation_for_view=bMavvosAAAAJ:WqliGbK-hY8C",
      "authors": "S Pezzelle, R Bernardi, M Piazza",
      "venue": "Cognition 181, 117-126, 2018",
      "year": 2018,
      "citations": 39
    },
    {
      "title": "Foil it! find one mismatch between image and language caption",
      "url": "https://scholar.google.com/citations?view_op=view_citation&hl=en&user=bMavvosAAAAJ&citation_for_view=bMavvosAAAAJ:D_sINldO8mEC",
      "authors": "R Shekhar, S Pezzelle, Y Klimovich, A Herbelot, M Nabi, E Sangineto, ...",
      "venue": "arXiv preprint arXiv:1705.01359, 2017",
      "year": 2017,
      "citations": 165
    },
    {
      "title": "The LAMBADA dataset: Word prediction requiring a broad discourse context",
      "url": "https://scholar.google.com/citations?view_op=view_citation&hl=en&user=bMavvosAAAAJ&citation_for_view=bMavvosAAAAJ:sSrBHYA8nusC",
      "authors": "D Paperno, G Kruszewski, A Lazaridou, NQ Pham, R Bernardi, S Pezzelle, ...",
      "venue": "Proceedings of the 54th annual meeting of the association for computational …, 2016",
      "year": 2016,
      "citations": 893
    },
    {
      "title": "Automatic description generation from images: A survey of models, datasets, and evaluation measures",
      "url": "https://scholar.google.com/citations?view_op=view_citation&hl=en&user=bMavvosAAAAJ&citation_for_view=bMavvosAAAAJ:XiSMed-E-HIC",
      "authors": "R Bernardi, R Cakici, D Elliott, A Erdem, E Erdem, N Ikizler-Cinbis, ...",
      "venue": "Journal of Artificial Intelligence Research 55, 409-442, 2016",
      "year": 2016,
      "citations": 509
    },
    {
      "title": "SICK through the SemEval glasses. Lesson learned from the evaluation of compositional distributional semantic models on full sentences through semantic relatedness and textual …",
      "url": "https://scholar.google.com/citations?view_op=view_citation&hl=en&user=bMavvosAAAAJ&citation_for_view=bMavvosAAAAJ:u9iWguZQMMsC",
      "authors": "L Bentivogli, R Bernardi, M Marelli, S Menini, M Baroni, R Zamparelli",
      "venue": "Language Resources and Evaluation 50 (1), 95-124, 2016",
      "year": 2016,
      "citations": 71
    },
    {
      "title": "There is no logical negation here, but there are alternatives: Modeling conversational negation with distributional semantics",
      "url": "https://scholar.google.com/citations?view_op=view_citation&hl=en&user=bMavvosAAAAJ&citation_for_view=bMavvosAAAAJ:vRqMK49ujn8C",
      "authors": "G Kruszewski, D Paperno, R Bernardi, M Baroni",
      "venue": "Computational Linguistics 42 (4), 637-660, 2016",
      "year": 2016,
      "citations": 32
    },
    {
      "title": "Semeval-2014 task 1: Evaluation of compositional distributional semantic models on full sentences through semantic relatedness and textual entailment",
      "url": "https://scholar.google.com/citations?view_op=view_citation&hl=en&user=bMavvosAAAAJ&citation_for_view=bMavvosAAAAJ:3s1wT3WcHBgC",
      "authors": "M Marelli, L Bentivogli, M Baroni, R Bernardi, S Menini, R Zamparelli",
      "venue": "Proceedings of the 8th international workshop on semantic evaluation …, 2014",
      "year": 2014,
      "citations": 1546
    },
    {
      "title": "Frege in space: A program for compositional distributional semantics",
      "url": "https://scholar.google.com/citations?view_op=view_citation&hl=en&user=bMavvosAAAAJ&citation_for_view=bMavvosAAAAJ:ns9cj8rnVeAC",
      "authors": "M Baroni, R Bernardi, R Zamparelli",
      "venue": "Linguistic Issues in language technology 9, 241-346, 2014",
      "year": 2014,
      "citations": 410
    },
    {
      "title": "Tuhoi: Trento universal human object interaction dataset",
      "url": "https://scholar.google.com/citations?view_op=view_citation&hl=en&user=bMavvosAAAAJ&citation_for_view=bMavvosAAAAJ:dfsIfKJdRG4C",
      "authors": "DT Le, J Uijlings, R Bernardi",
      "venue": "Proceedings of the Third Workshop on Vision and Language, 17-24, 2014",
      "year": 2014,
      "citations": 58
    },
    {
      "title": "A relatedness benchmark to test the role of determiners in compositional distributional semantics",
      "url": "https://scholar.google.com/citations?view_op=view_citation&hl=en&user=bMavvosAAAAJ&citation_for_view=bMavvosAAAAJ:35N4QoGY0k4C",
      "authors": "R Bernardi, G Dinu, M Marelli, M Baroni",
      "venue": "Proceedings of the 51st annual meeting of the Association for Computational …, 2013",
      "year": 2013,
      "citations": 31
    },
    {
      "title": "Entailment above the word level in distributional semantics",
      "url": "https://scholar.google.com/citations?view_op=view_citation&hl=en&user=bMavvosAAAAJ&citation_for_view=bMavvosAAAAJ:TFP_iSt0sucC",
      "authors": "M Baroni, R Bernardi, NQ Do, C Shan",
      "venue": "Proceedings of the 13th Conference of the European Chapter of the …, 2012",
      "year": 2012,
      "citations": 300
    },
    {
      "title": "Continuation semantics for the Lambek–Grishin calculus",
      "url": "https://scholar.google.com/citations?view_op=view_citation&hl=en&user=bMavvosAAAAJ&citation_for_view=bMavvosAAAAJ:UeHWp8X0CEIC",
      "authors": "R Bernardi, M Moortgat",
      "venue": "Information and Computation 208 (5), 397-416, 2010",
      "year": 2010,
      "citations": 49
    },
    {
      "title": "Optionality, scope, and licensing: An application of partially ordered categories",
      "url": "https://scholar.google.com/citations?view_op=view_citation&hl=en&user=bMavvosAAAAJ&citation_for_view=bMavvosAAAAJ:W7OEmFMy1HYC",
      "authors": "R Bernardi, A Szabolcsi",
      "venue": "Journal of Logic, Language and Information 17 (3), 237-283, 2008",
      "year": 2008,
      "citations": 33
    },
    {
      "title": "Continuation semantics for symmetric categorial grammar",
      "url": "https://scholar.google.com/citations?view_op=view_citation&hl=en&user=bMavvosAAAAJ&citation_for_view=bMavvosAAAAJ:u-x6o8ySG0sC",
      "authors": "R Bernardi, M Moortgat",
      "venue": "International Workshop on Logic, Language, Information, and Computation, 53-71, 2007",
      "year": 2007,
      "citations": 44
    },
    {
      "title": "Lite natural language",
      "url": "https://scholar.google.com/citations?view_op=view_citation&hl=en&user=bMavvosAAAAJ&citation_for_view=bMavvosAAAAJ:d1gkVwhDpl0C",
      "authors": "R Bernardi, D Calvanese, C Thorne",
      "venue": "Proceedings of the 7th International Workshop on Computational Semantics …, 2007",
      "year": 2007,
      "citations": 38
    },
    {
      "title": "Reasoning with polarity in categorial type logic",
      "url": "https://scholar.google.com/citations?view_op=view_citation&hl=en&user=bMavvosAAAAJ&citation_for_view=bMavvosAAAAJ:VaXvl8Fpj5cC",
      "authors": "RA Bernardi",
      "venue": "",
      "citations": 139,
      "year": 2002
    }
  ],
  "co_authors": [
    {
      "name": "Sandro Pezzelle",
      "scholar_id": "PW6eQ6YAAAAJ",
      "url": "https://scholar.google.com/citations?user=PW6eQ6YAAAAJ"
    },
    {
      "name": "Raquel Fernández",
      "scholar_id": "XbosWYQAAAAJ",
      "url": "https://scholar.google.com/citations?user=XbosWYQAAAAJ"
    },
    {
      "name": "Marco Baroni",
      "scholar_id": "l-xu2w0AAAAJ",
      "url": "https://scholar.google.com/citations?user=l-xu2w0AAAAJ"
    },
    {
      "name": "Alberto Testoni",
      "scholar_id": "gGdWaH4AAAAJ",
      "url": "https://scholar.google.com/citations?user=gGdWaH4AAAAJ"
    },
    {
      "name": "Barbara Plank",
      "scholar_id": "5nGlwIQAAAAJ",
      "url": "https://scholar.google.com/citations?user=5nGlwIQAAAAJ"
    },
    {
      "name": "Marco Marelli",
      "scholar_id": "ztm4vPgAAAAJ",
      "url": "https://scholar.google.com/citations?user=ztm4vPgAAAAJ"
    },
    {
      "name": "Angeliki Lazaridou",
      "scholar_id": "BMgUIC0AAAAJ",
      "url": "https://scholar.google.com/citations?user=BMgUIC0AAAAJ"
    },
    {
      "name": "Denis Paperno",
      "scholar_id": "eGZWAekAAAAJ",
      "url": "https://scholar.google.com/citations?user=eGZWAekAAAAJ"
    },
    {
      "name": "Gemma Boleda",
      "scholar_id": "NFJ9kUEAAAAJ",
      "url": "https://scholar.google.com/citations?user=NFJ9kUEAAAAJ"
    },
    {
      "name": "Stefano Menini",
      "scholar_id": "G9bzM4kAAAAJ",
      "url": "https://scholar.google.com/citations?user=G9bzM4kAAAAJ"
    },
    {
      "name": "Luisa Bentivogli",
      "scholar_id": "P8opGwMAAAAJ",
      "url": "https://scholar.google.com/citations?user=P8opGwMAAAAJ"
    },
    {
      "name": "Ravi Shekhar",
      "scholar_id": "DaGXwicAAAAJ",
      "url": "https://scholar.google.com/citations?user=DaGXwicAAAAJ"
    },
    {
      "name": "Claudio Greco",
      "scholar_id": "AX5jab0AAAAJ",
      "url": "https://scholar.google.com/citations?user=AX5jab0AAAAJ"
    },
    {
      "name": "Aurelie Herbelot",
      "scholar_id": "Sby4DYoAAAAJ",
      "url": "https://scholar.google.com/citations?user=Sby4DYoAAAAJ"
    },
    {
      "name": "Michael Moortgat",
      "scholar_id": "QMaz1rkAAAAJ",
      "url": "https://scholar.google.com/citations?user=QMaz1rkAAAAJ"
    },
    {
      "name": "Germán Kruszewski",
      "scholar_id": "uU3rQI8AAAAJ",
      "url": "https://scholar.google.com/citations?user=uU3rQI8AAAAJ"
    },
    {
      "name": "Ngoc Quan Pham",
      "scholar_id": "AzzJssIAAAAJ",
      "url": "https://scholar.google.com/citations?user=AzzJssIAAAAJ"
    },
    {
      "name": "Desmond Elliott",
      "scholar_id": "OjYpMi4AAAAJ",
      "url": "https://scholar.google.com/citations?user=OjYpMi4AAAAJ"
    },
    {
      "name": "Diego Calvanese",
      "scholar_id": "We0kRfEAAAAJ",
      "url": "https://scholar.google.com/citations?user=We0kRfEAAAAJ"
    },
    {
      "name": "Albert Gatt",
      "scholar_id": "uF5HKZQAAAAJ",
      "url": "https://scholar.google.com/citations?user=uF5HKZQAAAAJ"
    }
  ]
}