{
  "author_info": {
    "name": "Julien Valentin",
    "affiliation": "Microsoft",
    "email_verified": "Verified email at microsoft.com",
    "interests": [
      "Computer Vision",
      "Machine Learning",
      "3D reconstruction"
    ],
    "photo_url": "https://scholar.googleusercontent.com/citations?view_op=view_photo&user=pZPD0hMAAAAJ&citpid=1"
  },
  "citation_stats": {
    "citations_all": 6712,
    "citations_since_2020": 5584,
    "h_index_all": 30,
    "h_index_since_2020": 28,
    "i10_index_all": 47,
    "i10_index_since_2020": 43,
    "citation_graph": [
      {
        "year": 2015,
        "citations": 42
      },
      {
        "year": 2016,
        "citations": 74
      },
      {
        "year": 2017,
        "citations": 188
      },
      {
        "year": 2018,
        "citations": 326
      },
      {
        "year": 2019,
        "citations": 432
      },
      {
        "year": 2020,
        "citations": 579
      },
      {
        "year": 2021,
        "citations": 682
      },
      {
        "year": 2022,
        "citations": 919
      },
      {
        "year": 2023,
        "citations": 1048
      },
      {
        "year": 2024,
        "citations": 1302
      },
      {
        "year": 2025,
        "citations": 1043
      }
    ]
  },
  "papers": [
    {
      "title": "Digiface-1m: 1 million digital face images for face recognition",
      "url": "https://scholar.google.com/citations?view_op=view_citation&hl=en&user=pZPD0hMAAAAJ&citation_for_view=pZPD0hMAAAAJ:isC4tDSrTZIC",
      "authors": "G Bae, M de La Gorce, T Baltrušaitis, C Hewitt, D Chen, J Valentin, ...",
      "venue": "Proceedings of the IEEE/CVF Winter Conference on Applications of Computer …, 2023",
      "year": 2023,
      "citations": 197
    },
    {
      "title": "X-avatar: Expressive human avatars",
      "url": "https://scholar.google.com/citations?view_op=view_citation&hl=en&user=pZPD0hMAAAAJ&citation_for_view=pZPD0hMAAAAJ:maZDTaKrznsC",
      "authors": "K Shen, C Guo, M Kaufmann, JJ Zarate, J Valentin, J Song, O Hilliges",
      "venue": "Proceedings of the IEEE/CVF Conference on Computer Vision and Pattern …, 2023",
      "year": 2023,
      "citations": 105
    },
    {
      "title": "3d face reconstruction with dense landmarks",
      "url": "https://scholar.google.com/citations?view_op=view_citation&hl=en&user=pZPD0hMAAAAJ&citation_for_view=pZPD0hMAAAAJ:bEWYMUwI8FkC",
      "authors": "E Wood, T Baltrušaitis, C Hewitt, M Johnson, J Shen, N Milosavljević, ...",
      "venue": "European Conference on Computer Vision, 160-177, 2022",
      "year": 2022,
      "citations": 149
    },
    {
      "title": "Fastnerf: High-fidelity neural rendering at 200fps",
      "url": "https://scholar.google.com/citations?view_op=view_citation&hl=en&user=pZPD0hMAAAAJ&citation_for_view=pZPD0hMAAAAJ:RHpTSmoSYBkC",
      "authors": "SJ Garbin, M Kowalski, M Johnson, J Shotton, J Valentin",
      "venue": "Proceedings of the IEEE/CVF international conference on computer vision …, 2021",
      "year": 2021,
      "citations": 823
    },
    {
      "title": "Viewal: Active learning with viewpoint entropy for semantic segmentation",
      "url": "https://scholar.google.com/citations?view_op=view_citation&hl=en&user=pZPD0hMAAAAJ&citation_for_view=pZPD0hMAAAAJ:hC7cP41nSMkC",
      "authors": "Y Siddiqui, J Valentin, M Nießner",
      "venue": "Proceedings of the IEEE/CVF conference on computer vision and pattern …, 2020",
      "year": 2020,
      "citations": 214
    },
    {
      "title": "Normalized object coordinate space for category-level 6d object pose and size estimation",
      "url": "https://scholar.google.com/citations?view_op=view_citation&hl=en&user=pZPD0hMAAAAJ&citation_for_view=pZPD0hMAAAAJ:4TOpqqG69KYC",
      "authors": "H Wang, S Sridhar, J Huang, J Valentin, S Song, LJ Guibas",
      "venue": "Proceedings of the IEEE/CVF conference on computer vision and pattern …, 2019",
      "year": 2019,
      "citations": 999
    },
    {
      "title": "Deep reflectance fields: high-quality facial reflectance field inference from color gradient illumination",
      "url": "https://scholar.google.com/citations?view_op=view_citation&hl=en&user=pZPD0hMAAAAJ&citation_for_view=pZPD0hMAAAAJ:dhFuZR0502QC",
      "authors": "A Meka, C Haene, R Pandey, M Zollhöfer, S Fanello, G Fyffe, A Kowdle, ...",
      "venue": "ACM Transactions on Graphics (TOG) 38 (4), 1-12, 2019",
      "year": 2019,
      "citations": 127
    },
    {
      "title": "Real-time RGB-D camera pose estimation in novel scenes using a relocalisation cascade",
      "url": "https://scholar.google.com/citations?view_op=view_citation&hl=en&user=pZPD0hMAAAAJ&citation_for_view=pZPD0hMAAAAJ:kNdYIx-mwKoC",
      "authors": "T Cavallari, S Golodetz, NA Lord, J Valentin, VA Prisacariu, L Di Stefano, ...",
      "venue": "IEEE transactions on pattern analysis and machine intelligence 42 (10), 2465 …, 2019",
      "year": 2019,
      "citations": 103
    },
    {
      "title": "Stereonet: Guided hierarchical refinement for real-time edge-aware depth prediction",
      "url": "https://scholar.google.com/citations?view_op=view_citation&hl=en&user=pZPD0hMAAAAJ&citation_for_view=pZPD0hMAAAAJ:3fE2CSJIrl8C",
      "authors": "S Khamis, S Fanello, C Rhemann, A Kowdle, J Valentin, S Izadi",
      "venue": "Proceedings of the European conference on computer vision (ECCV), 573-590, 2018",
      "year": 2018,
      "citations": 489
    },
    {
      "title": "Lookingood: Enhancing performance capture with real-time neural re-rendering",
      "url": "https://scholar.google.com/citations?view_op=view_citation&hl=en&user=pZPD0hMAAAAJ&citation_for_view=pZPD0hMAAAAJ:KlAtU1dfN6UC",
      "authors": "R Martin-Brualla, R Pandey, S Yang, P Pidlypenskyi, J Taylor, J Valentin, ...",
      "venue": "arXiv preprint arXiv:1811.05029, 2018",
      "year": 2018,
      "citations": 158
    },
    {
      "title": "Depth from motion for smartphone AR",
      "url": "https://scholar.google.com/citations?view_op=view_citation&hl=en&user=pZPD0hMAAAAJ&citation_for_view=pZPD0hMAAAAJ:_kc_bZDykSQC",
      "authors": "J Valentin, A Kowdle, JT Barron, N Wadhwa, M Dzitsiuk, M Schoenberg, ...",
      "venue": "ACM Transactions on Graphics (ToG) 37 (6), 1-19, 2018",
      "year": 2018,
      "citations": 146
    },
    {
      "title": "Activestereonet: End-to-end self-supervised learning for active stereo systems",
      "url": "https://scholar.google.com/citations?view_op=view_citation&hl=en&user=pZPD0hMAAAAJ&citation_for_view=pZPD0hMAAAAJ:5nxA0vEk-isC",
      "authors": "Y Zhang, S Khamis, C Rhemann, J Valentin, A Kowdle, V Tankovich, ...",
      "venue": "Proceedings of the european conference on computer vision (ECCV), 784-801, 2018",
      "year": 2018,
      "citations": 143
    },
    {
      "title": "On-the-fly adaptation of regression forests for online camera relocalisation",
      "url": "https://scholar.google.com/citations?view_op=view_citation&hl=en&user=pZPD0hMAAAAJ&citation_for_view=pZPD0hMAAAAJ:_FxGoFyzp5QC",
      "authors": "T Cavallari, S Golodetz, NA Lord, J Valentin, L Di Stefano, PHS Torr",
      "venue": "Proceedings of the IEEE conference on computer vision and pattern …, 2017",
      "year": 2017,
      "citations": 153
    },
    {
      "title": "Holoportation: Virtual 3d teleportation in real-time",
      "url": "https://scholar.google.com/citations?view_op=view_citation&hl=en&user=pZPD0hMAAAAJ&citation_for_view=pZPD0hMAAAAJ:WF5omc3nYNoC",
      "authors": "S Orts-Escolano, C Rhemann, S Fanello, W Chang, A Kowdle, ...",
      "venue": "Proceedings of the 29th annual symposium on user interface software and …, 2016",
      "year": 2016,
      "citations": 896
    },
    {
      "title": "Efficient and precise interactive hand tracking through joint, continuous optimization of pose and correspondences",
      "url": "https://scholar.google.com/citations?view_op=view_citation&hl=en&user=pZPD0hMAAAAJ&citation_for_view=pZPD0hMAAAAJ:eQOLeE2rZwMC",
      "authors": "J Taylor, L Bordeaux, T Cashman, B Corish, C Keskin, T Sharp, E Soto, ...",
      "venue": "ACM Transactions on Graphics (ToG) 35 (4), 1-12, 2016",
      "year": 2016,
      "citations": 375
    },
    {
      "title": "Learning to navigate the energy landscape",
      "url": "https://scholar.google.com/citations?view_op=view_citation&hl=en&user=pZPD0hMAAAAJ&citation_for_view=pZPD0hMAAAAJ:W7OEmFMy1HYC",
      "authors": "J Valentin, A Dai, M Nießner, P Kohli, P Torr, S Izadi, C Keskin",
      "venue": "2016 Fourth International Conference on 3D Vision (3DV), 323-332, 2016",
      "year": 2016,
      "citations": 197
    },
    {
      "title": "Exploiting uncertainty in regression forests for accurate camera relocalization",
      "url": "https://scholar.google.com/citations?view_op=view_citation&hl=en&user=pZPD0hMAAAAJ&citation_for_view=pZPD0hMAAAAJ:9yKSN-GCB0IC",
      "authors": "J Valentin, M Nießner, J Shotton, A Fitzgibbon, S Izadi, PHS Torr",
      "venue": "Proceedings of the IEEE conference on computer vision and pattern …, 2015",
      "year": 2015,
      "citations": 197
    },
    {
      "title": "Semanticpaint: Interactive 3d labeling and learning at your fingertips",
      "url": "https://scholar.google.com/citations?view_op=view_citation&hl=en&user=pZPD0hMAAAAJ&citation_for_view=pZPD0hMAAAAJ:2osOgNQ5qMEC",
      "authors": "J Valentin, V Vineet, MM Cheng, D Kim, J Shotton, P Kohli, M Nießner, ...",
      "venue": "ACM Transactions on Graphics (TOG) 34 (5), 1-17, 2015",
      "year": 2015,
      "citations": 152
    },
    {
      "title": "Hierarchical voxel block hashing for efficient integration of depth images",
      "url": "https://scholar.google.com/citations?view_op=view_citation&hl=en&user=pZPD0hMAAAAJ&citation_for_view=pZPD0hMAAAAJ:Tyk-4Ss8FVUC",
      "authors": "O Kähler, V Prisacariu, J Valentin, D Murray",
      "venue": "IEEE Robotics and Automation Letters 1 (1), 192-197, 2015",
      "year": 2015,
      "citations": 95
    },
    {
      "title": "Mesh based semantic modelling for indoor and outdoor scenes",
      "url": "https://scholar.google.com/citations?view_op=view_citation&hl=en&user=pZPD0hMAAAAJ&citation_for_view=pZPD0hMAAAAJ:u-x6o8ySG0sC",
      "authors": "JPC Valentin, S Sengupta, J Warrell, A Shahrokni, PHS Torr",
      "venue": "Proceedings of the IEEE Conference on Computer Vision and Pattern …, 2013",
      "year": 2013,
      "citations": 130
    }
  ],
  "co_authors": []
}