{
  "author_info": {
    "name": "Xiaomeng Yang",
    "affiliation": "Google DeepMind",
    "email_verified": "Verified email at google.com",
    "interests": [
      "Artificial Intelligence",
      "Reinforcement Learning"
    ],
    "photo_url": "/citations/images/avatar_scholar_128.png"
  },
  "citation_stats": {
    "citations_all": 1209,
    "citations_since_2020": 1208,
    "h_index_all": 10,
    "h_index_since_2020": 10,
    "i10_index_all": 10,
    "i10_index_since_2020": 10,
    "citation_graph": [
      {
        "year": 2023,
        "citations": 25
      },
      {
        "year": 2024,
        "citations": 135
      },
      {
        "year": 2025,
        "citations": 1037
      }
    ]
  },
  "papers": [
    {
      "title": "Gemini 2.5: Pushing the frontier with advanced reasoning, multimodality, long context, and next generation agentic capabilities",
      "url": "https://scholar.google.com/citations?view_op=view_citation&hl=en&user=t8v3JXsAAAAJ&citation_for_view=t8v3JXsAAAAJ:LkGwnXOMwfcC",
      "authors": "G Comanici, E Bieber, M Schaekermann, I Pasupat, N Sachdeva, I Dhillon, ...",
      "venue": "arXiv preprint arXiv:2507.06261, 2025",
      "year": 2025,
      "citations": 812
    },
    {
      "title": "Gold-medalist performance in solving olympiad geometry with alphageometry2",
      "url": "https://scholar.google.com/citations?view_op=view_citation&hl=en&user=t8v3JXsAAAAJ&citation_for_view=t8v3JXsAAAAJ:ufrVoPGSRksC",
      "authors": "Y Chervonyi, TH Trinh, M Olšák, X Yang, H Nguyen, M Menegali, J Jung, ...",
      "venue": "arXiv preprint arXiv:2502.03544, 2025",
      "year": 2025,
      "citations": 54
    },
    {
      "title": "Megalodon: Efficient llm pretraining and inference with unlimited context length",
      "url": "https://scholar.google.com/citations?view_op=view_citation&hl=en&user=t8v3JXsAAAAJ&citation_for_view=t8v3JXsAAAAJ:YsMSGLbcyi4C",
      "authors": "X Ma, X Yang, W Xiong, B Chen, L Yu, H Zhang, J May, L Zettlemoyer, ...",
      "venue": "Advances in Neural Information Processing Systems 37, 71831-71854, 2024",
      "year": 2024,
      "citations": 55
    },
    {
      "title": "Systems and methods for antenna design",
      "url": "https://scholar.google.com/citations?view_op=view_citation&hl=en&user=t8v3JXsAAAAJ&citation_for_view=t8v3JXsAAAAJ:eQOLeE2rZwMC",
      "authors": "W Dou, Y Tian, A Cohen, J Zhu, G Ye, UJO Mattsson, PE Renner, B Chen, ...",
      "venue": "US Patent App. 18/392,965, 2024",
      "year": 2024,
      "citations": 0
    },
    {
      "title": "Antenna design using artificial intelligence",
      "url": "https://scholar.google.com/citations?view_op=view_citation&hl=en&user=t8v3JXsAAAAJ&citation_for_view=t8v3JXsAAAAJ:W7OEmFMy1HYC",
      "authors": "W Dou, J Zhu, Y Tian, A Cohen, UJO Mattsson, PE Renner, Y Zhong, ...",
      "venue": "US Patent App. 18/048,007, 2024",
      "year": 2024,
      "citations": 0
    },
    {
      "title": "Torchrl: A data-driven decision-making library for pytorch",
      "url": "https://scholar.google.com/citations?view_op=view_citation&hl=en&user=t8v3JXsAAAAJ&citation_for_view=t8v3JXsAAAAJ:IjCSPb-OGe4C",
      "authors": "A Bou, M Bettini, S Dittert, V Kumar, S Sodhani, X Yang, G De Fabritiis, ...",
      "venue": "arXiv preprint arXiv:2306.00577, 2023",
      "year": 2023,
      "citations": 84
    },
    {
      "title": "Learning Personalized Alignment for Evaluating Open-ended Text Generation",
      "url": "https://scholar.google.com/citations?view_op=view_citation&hl=en&user=t8v3JXsAAAAJ&citation_for_view=t8v3JXsAAAAJ:WF5omc3nYNoC",
      "authors": "D Wang, K Yang, H Zhu, X Yang, A Cohen, L Li, Y Tian",
      "venue": "arXiv preprint arXiv:2310.03304, 2023",
      "year": 2023,
      "citations": 46
    },
    {
      "title": "Autocat: Reinforcement learning for automated exploration of cache-timing attacks",
      "url": "https://scholar.google.com/citations?view_op=view_citation&hl=en&user=t8v3JXsAAAAJ&citation_for_view=t8v3JXsAAAAJ:u-x6o8ySG0sC",
      "authors": "M Luo, W Xiong, G Lee, Y Li, X Yang, A Zhang, Y Tian, HHS Lee, GE Suh",
      "venue": "2023 IEEE International Symposium on High-Performance Computer Architecture …, 2023",
      "year": 2023,
      "citations": 26
    },
    {
      "title": "Learning compiler pass orders using coreset and normalized value prediction",
      "url": "https://scholar.google.com/citations?view_op=view_citation&hl=en&user=t8v3JXsAAAAJ&citation_for_view=t8v3JXsAAAAJ:UeHWp8X0CEIC",
      "authors": "Y Liang, K Stone, A Shameli, C Cummins, M Elhoushi, J Guo, B Steiner, ...",
      "venue": "International Conference on Machine Learning, 20746-20762, 2023",
      "year": 2023,
      "citations": 25
    },
    {
      "title": "End-to-end story plot generator",
      "url": "https://scholar.google.com/citations?view_op=view_citation&hl=en&user=t8v3JXsAAAAJ&citation_for_view=t8v3JXsAAAAJ:zYLM7Y9cAGgC",
      "authors": "H Zhu, A Cohen, D Wang, K Yang, X Yang, J Jiao, Y Tian",
      "venue": "arXiv preprint arXiv:2310.08796, 2023",
      "year": 2023,
      "citations": 16
    },
    {
      "title": "Macta: A multi-agent reinforcement learning approach for cache timing attacks and detection",
      "url": "https://scholar.google.com/citations?view_op=view_citation&hl=en&user=t8v3JXsAAAAJ&citation_for_view=t8v3JXsAAAAJ:d1gkVwhDpl0C",
      "authors": "J Cui, X Yang, M Luo, G Lee, P Stone, HHS Lee, B Lee, GE Suh, W Xiong, ...",
      "venue": "The Eleventh International Conference on Learning Representations, 2023",
      "year": 2023,
      "citations": 12
    },
    {
      "title": "Sample-efficient Surrogate Model for Frequency Response of Linear PDEs using Self-Attentive Complex Polynomials",
      "url": "https://scholar.google.com/citations?view_op=view_citation&hl=en&user=t8v3JXsAAAAJ&citation_for_view=t8v3JXsAAAAJ:Y0pCki6q_DkC",
      "authors": "A Cohen, W Dou, J Zhu, S Koziel, P Renner, JO Mattsson, X Yang, ...",
      "venue": "arXiv preprint arXiv:2301.02747, 2023",
      "year": 2023,
      "citations": 3
    },
    {
      "title": "Nocturne: a scalable driving benchmark for bringing multi-agent learning one step closer to the real world",
      "url": "https://scholar.google.com/citations?view_op=view_citation&hl=en&user=t8v3JXsAAAAJ&citation_for_view=t8v3JXsAAAAJ:2osOgNQ5qMEC",
      "authors": "E Vinitsky, N Lichtlé, X Yang, B Amos, J Foerster",
      "venue": "Advances in Neural Information Processing Systems 35, 3962-3974, 2022",
      "year": 2022,
      "citations": 71
    },
    {
      "title": "Hybrid composition with idleblock: more efficient networks for image recognition",
      "url": "https://scholar.google.com/citations?view_op=view_citation&hl=en&user=t8v3JXsAAAAJ&citation_for_view=t8v3JXsAAAAJ:u5HHmVD_uO8C",
      "authors": "B Xu, A Tulloch, Y Chen, X Yang, L Qiao",
      "venue": "arXiv preprint arXiv:1911.08609, 2019",
      "year": 2019,
      "citations": 5
    }
  ],
  "co_authors": []
}