{
  "author_info": {
    "name": "Sanja Fidler",
    "affiliation": "University of Toronto, NVIDIA",
    "email_verified": "Verified email at cs.toronto.edu - Homepage",
    "website": "http://www.cs.utoronto.ca/~fidler/",
    "interests": [
      "Computer Vision"
    ],
    "photo_url": "https://scholar.googleusercontent.com/citations?view_op=view_photo&user=CUlqK5EAAAAJ&citpid=2"
  },
  "citation_stats": {
    "citations_all": 59705,
    "citations_since_2020": 48966,
    "h_index_all": 104,
    "h_index_since_2020": 97,
    "i10_index_all": 237,
    "i10_index_since_2020": 224,
    "citation_graph": [
      {
        "year": 2014,
        "citations": 300
      },
      {
        "year": 2015,
        "citations": 551
      },
      {
        "year": 2016,
        "citations": 1051
      },
      {
        "year": 2017,
        "citations": 1566
      },
      {
        "year": 2018,
        "citations": 2547
      },
      {
        "year": 2019,
        "citations": 3638
      },
      {
        "year": 2020,
        "citations": 4465
      },
      {
        "year": 2021,
        "citations": 5456
      },
      {
        "year": 2022,
        "citations": 6609
      },
      {
        "year": 2023,
        "citations": 9059
      },
      {
        "year": 2024,
        "citations": 11952
      },
      {
        "year": 2025,
        "citations": 11342
      }
    ]
  },
  "papers": [
    {
      "title": "Align your latents: High-resolution video synthesis with latent diffusion models",
      "url": "https://scholar.google.com/citations?view_op=view_citation&hl=en&user=CUlqK5EAAAAJ&citation_for_view=CUlqK5EAAAAJ:MhiOAD_qIWkC",
      "authors": "A Blattmann, R Rombach, H Ling, T Dockhorn, SW Kim, S Fidler, K Kreis",
      "venue": "Proceedings of the IEEE/CVF conference on computer vision and pattern …, 2023",
      "year": 2023,
      "citations": 1589
    },
    {
      "title": "Magic3d: High-resolution text-to-3d content creation",
      "url": "https://scholar.google.com/citations?view_op=view_citation&hl=en&user=CUlqK5EAAAAJ&citation_for_view=CUlqK5EAAAAJ:wMgC3FpKEyYC",
      "authors": "CH Lin, J Gao, L Tang, T Takikawa, X Zeng, X Huang, K Kreis, S Fidler, ...",
      "venue": "Proceedings of the IEEE/CVF conference on computer vision and pattern …, 2023",
      "year": 2023,
      "citations": 1502
    },
    {
      "title": "Lion: Latent point diffusion models for 3d shape generation",
      "url": "https://scholar.google.com/citations?view_op=view_citation&hl=en&user=CUlqK5EAAAAJ&citation_for_view=CUlqK5EAAAAJ:QD3KBmkZPeQC",
      "authors": "A Vahdat, F Williams, Z Gojcic, O Litany, S Fidler, K Kreis",
      "venue": "Advances in Neural Information Processing Systems 35, 10021-10039, 2022",
      "year": 2022,
      "citations": 657
    },
    {
      "title": "Lift, splat, shoot: Encoding images from arbitrary camera rigs by implicitly unprojecting to 3d",
      "url": "https://scholar.google.com/citations?view_op=view_citation&hl=en&user=CUlqK5EAAAAJ&citation_for_view=CUlqK5EAAAAJ:tuHXwOkdijsC",
      "authors": "J Philion, S Fidler",
      "venue": "European conference on computer vision, 194-210, 2020",
      "year": 2020,
      "citations": 1609
    },
    {
      "title": "Semantic understanding of scenes through the ade20k dataset",
      "url": "https://scholar.google.com/citations?view_op=view_citation&hl=en&user=CUlqK5EAAAAJ&citation_for_view=CUlqK5EAAAAJ:nb7KW1ujOQ8C",
      "authors": "B Zhou, H Zhao, X Puig, T Xiao, S Fidler, A Barriuso, A Torralba",
      "venue": "International Journal of Computer Vision 127 (3), 302-321, 2019",
      "year": 2019,
      "citations": 2561
    },
    {
      "title": "Gated-scnn: Gated shape cnns for semantic segmentation",
      "url": "https://scholar.google.com/citations?view_op=view_citation&hl=en&user=CUlqK5EAAAAJ&citation_for_view=CUlqK5EAAAAJ:35r97b3x0nAC",
      "authors": "T Takikawa, D Acuna, V Jampani, S Fidler",
      "venue": "Proceedings of the IEEE/CVF international conference on computer vision …, 2019",
      "year": 2019,
      "citations": 919
    },
    {
      "title": "Scaling egocentric vision: The epic-kitchens dataset",
      "url": "https://scholar.google.com/citations?view_op=view_citation&hl=en&user=CUlqK5EAAAAJ&citation_for_view=CUlqK5EAAAAJ:t6usbXjVLHcC",
      "authors": "D Damen, H Doughty, GM Farinella, S Fidler, A Furnari, E Kazakos, ...",
      "venue": "Proceedings of the European conference on computer vision (ECCV), 720-736, 2018",
      "year": 2018,
      "citations": 1744
    },
    {
      "title": "Virtualhome: Simulating household activities via programs",
      "url": "https://scholar.google.com/citations?view_op=view_citation&hl=en&user=CUlqK5EAAAAJ&citation_for_view=CUlqK5EAAAAJ:Y5dfb0dijaUC",
      "authors": "X Puig, K Ra, M Boben, J Li, T Wang, S Fidler, A Torralba",
      "venue": "Proceedings of the IEEE conference on computer vision and pattern …, 2018",
      "year": 2018,
      "citations": 748
    },
    {
      "title": "Scene parsing through ade20k dataset",
      "url": "https://scholar.google.com/citations?view_op=view_citation&hl=en&user=CUlqK5EAAAAJ&citation_for_view=CUlqK5EAAAAJ:08ZZubdj9fEC",
      "authors": "B Zhou, H Zhao, X Puig, S Fidler, A Barriuso, A Torralba",
      "venue": "Proceedings of the IEEE conference on computer vision and pattern …, 2017",
      "year": 2017,
      "citations": 4602
    },
    {
      "title": "Vse++: Improving visual-semantic embeddings with hard negatives",
      "url": "https://scholar.google.com/citations?view_op=view_citation&hl=en&user=CUlqK5EAAAAJ&citation_for_view=CUlqK5EAAAAJ:B3FOqHPlNUQC",
      "authors": "F Faghri, DJ Fleet, JR Kiros, S Fidler",
      "venue": "arXiv preprint arXiv:1707.05612, 2017",
      "year": 2017,
      "citations": 1715
    },
    {
      "title": "Towards diverse and natural image descriptions via a conditional gan",
      "url": "https://scholar.google.com/citations?view_op=view_citation&hl=en&user=CUlqK5EAAAAJ&citation_for_view=CUlqK5EAAAAJ:l7t_Zn2s7bgC",
      "authors": "B Dai, S Fidler, R Urtasun, D Lin",
      "venue": "Proceedings of the IEEE international conference on computer vision, 2970-2979, 2017",
      "year": 2017,
      "citations": 822
    },
    {
      "title": "3d graph neural networks for rgbd semantic segmentation",
      "url": "https://scholar.google.com/citations?view_op=view_citation&hl=en&user=CUlqK5EAAAAJ&citation_for_view=CUlqK5EAAAAJ:VOx2b1Wkg3QC",
      "authors": "X Qi, R Liao, J Jia, S Fidler, R Urtasun",
      "venue": "Proceedings of the IEEE international conference on computer vision, 5199-5208, 2017",
      "year": 2017,
      "citations": 621
    },
    {
      "title": "Monocular 3d object detection for autonomous driving",
      "url": "https://scholar.google.com/citations?view_op=view_citation&hl=en&user=CUlqK5EAAAAJ&citation_for_view=CUlqK5EAAAAJ:b0M2c_1WBrUC",
      "authors": "X Chen, K Kundu, Z Zhang, H Ma, S Fidler, R Urtasun",
      "venue": "Proceedings of the IEEE conference on computer vision and pattern …, 2016",
      "year": 2016,
      "citations": 1321
    },
    {
      "title": "Movieqa: Understanding stories in movies through question-answering",
      "url": "https://scholar.google.com/citations?view_op=view_citation&hl=en&user=CUlqK5EAAAAJ&citation_for_view=CUlqK5EAAAAJ:ZHo1McVdvXMC",
      "authors": "M Tapaswi, Y Zhu, R Stiefelhagen, A Torralba, R Urtasun, S Fidler",
      "venue": "Proceedings of the IEEE conference on computer vision and pattern …, 2016",
      "year": 2016,
      "citations": 931
    },
    {
      "title": "Aligning books and movies: Towards story-like visual explanations by watching movies and reading books",
      "url": "https://scholar.google.com/citations?view_op=view_citation&hl=en&user=CUlqK5EAAAAJ&citation_for_view=CUlqK5EAAAAJ:g5m5HwL7SMYC",
      "authors": "Y Zhu, R Kiros, R Zemel, R Salakhutdinov, R Urtasun, A Torralba, S Fidler",
      "venue": "Proceedings of the IEEE international conference on computer vision, 19-27, 2015",
      "year": 2015,
      "citations": 3737
    },
    {
      "title": "Skip-thought vectors",
      "url": "https://scholar.google.com/citations?view_op=view_citation&hl=en&user=CUlqK5EAAAAJ&citation_for_view=CUlqK5EAAAAJ:M05iB0D1s5AC",
      "authors": "R Kiros, Y Zhu, RR Salakhutdinov, R Zemel, R Urtasun, A Torralba, ...",
      "venue": "Advances in neural information processing systems 28, 2015",
      "year": 2015,
      "citations": 3348
    },
    {
      "title": "3d object proposals for accurate object class detection",
      "url": "https://scholar.google.com/citations?view_op=view_citation&hl=en&user=CUlqK5EAAAAJ&citation_for_view=CUlqK5EAAAAJ:HoB7MX3m0LUC",
      "authors": "X Chen, K Kundu, Y Zhu, AG Berneshawi, H Ma, S Fidler, R Urtasun",
      "venue": "Advances in neural information processing systems 28, 2015",
      "year": 2015,
      "citations": 1132
    },
    {
      "title": "Order-embeddings of images and language",
      "url": "https://scholar.google.com/citations?view_op=view_citation&hl=en&user=CUlqK5EAAAAJ&citation_for_view=CUlqK5EAAAAJ:SeFeTyx0c_EC",
      "authors": "I Vendrov, R Kiros, S Fidler, R Urtasun",
      "venue": "arXiv preprint arXiv:1511.06361, 2015",
      "year": 2015,
      "citations": 696
    },
    {
      "title": "The role of context for object detection and semantic segmentation in the wild",
      "url": "https://scholar.google.com/citations?view_op=view_citation&hl=en&user=CUlqK5EAAAAJ&citation_for_view=CUlqK5EAAAAJ:TFP_iSt0sucC",
      "authors": "R Mottaghi, X Chen, X Liu, NG Cho, SW Lee, S Fidler, R Urtasun, A Yuille",
      "venue": "Proceedings of the IEEE conference on computer vision and pattern …, 2014",
      "year": 2014,
      "citations": 1989
    },
    {
      "title": "Detect what you can: Detecting and representing objects using holistic models and body parts",
      "url": "https://scholar.google.com/citations?view_op=view_citation&hl=en&user=CUlqK5EAAAAJ&citation_for_view=CUlqK5EAAAAJ:bEWYMUwI8FkC",
      "authors": "X Chen, R Mottaghi, X Liu, S Fidler, R Urtasun, A Yuille",
      "venue": "Proceedings of the IEEE conference on computer vision and pattern …, 2014",
      "year": 2014,
      "citations": 836
    }
  ],
  "co_authors": [
    {
      "name": "Raquel Urtasun",
      "scholar_id": "jyxO2akAAAAJ",
      "url": "https://scholar.google.com/citations?user=jyxO2akAAAAJ"
    },
    {
      "name": "Antonio Torralba",
      "scholar_id": "8cxDHS4AAAAJ",
      "url": "https://scholar.google.com/citations?user=8cxDHS4AAAAJ"
    },
    {
      "name": "Jun Gao",
      "scholar_id": "jTdkr10AAAAJ",
      "url": "https://scholar.google.com/citations?user=jTdkr10AAAAJ"
    },
    {
      "name": "Huan Ling",
      "scholar_id": "03n03GEAAAAJ",
      "url": "https://scholar.google.com/citations?user=03n03GEAAAAJ"
    },
    {
      "name": "Amlan Kar",
      "scholar_id": "iu-Gqo4AAAAJ",
      "url": "https://scholar.google.com/citations?user=iu-Gqo4AAAAJ"
    },
    {
      "name": "David Acuna",
      "scholar_id": "9aFd9dEAAAAJ",
      "url": "https://scholar.google.com/citations?user=9aFd9dEAAAAJ"
    },
    {
      "name": "Wenzheng Chen",
      "scholar_id": "KzhR_TsAAAAJ",
      "url": "https://scholar.google.com/citations?user=KzhR_TsAAAAJ"
    },
    {
      "name": "Yukun Zhu",
      "scholar_id": "_CuXgYIAAAAJ",
      "url": "https://scholar.google.com/citations?user=_CuXgYIAAAAJ"
    },
    {
      "name": "Richard Zemel",
      "scholar_id": "iBeDoRAAAAAJ",
      "url": "https://scholar.google.com/citations?user=iBeDoRAAAAAJ"
    },
    {
      "name": "Kaustav Kundu",
      "scholar_id": "WS2-qlAAAAAJ",
      "url": "https://scholar.google.com/citations?user=WS2-qlAAAAAJ"
    },
    {
      "name": "Xavier Puig",
      "scholar_id": "GbaikvkAAAAJ",
      "url": "https://scholar.google.com/citations?user=GbaikvkAAAAJ"
    },
    {
      "name": "Alan Yuille",
      "scholar_id": "FJ-huxgAAAAJ",
      "url": "https://scholar.google.com/citations?user=FJ-huxgAAAAJ"
    },
    {
      "name": "Jamie Kiros",
      "scholar_id": "W8zwlYQAAAAJ",
      "url": "https://scholar.google.com/citations?user=W8zwlYQAAAAJ"
    },
    {
      "name": "Ruslan Salakhutdinov",
      "scholar_id": "ITZ1e7MAAAAJ",
      "url": "https://scholar.google.com/citations?user=ITZ1e7MAAAAJ"
    },
    {
      "name": "Dahua Lin",
      "scholar_id": "GMzzRRUAAAAJ",
      "url": "https://scholar.google.com/citations?user=GMzzRRUAAAAJ"
    },
    {
      "name": "Renjie Liao",
      "scholar_id": "2wrS35MAAAAJ",
      "url": "https://scholar.google.com/citations?user=2wrS35MAAAAJ"
    },
    {
      "name": "Makarand Tapaswi",
      "scholar_id": "rJotb-YAAAAJ",
      "url": "https://scholar.google.com/citations?user=rJotb-YAAAAJ"
    },
    {
      "name": "Bolei Zhou",
      "scholar_id": "9D4aG8AAAAAJ",
      "url": "https://scholar.google.com/citations?user=9D4aG8AAAAAJ"
    },
    {
      "name": "Hang Zhao",
      "scholar_id": "DmahiOYAAAAJ",
      "url": "https://scholar.google.com/citations?user=DmahiOYAAAAJ"
    },
    {
      "name": "Roozbeh Mottaghi",
      "scholar_id": "CCV58dgAAAAJ",
      "url": "https://scholar.google.com/citations?user=CCV58dgAAAAJ"
    }
  ]
}