{
  "author_info": {
    "name": "Jiayi Chen",
    "affiliation": "Peking University",
    "email_verified": "Verified email at pku.edu.cn",
    "interests": [
      "Robotics",
      "3D Vision"
    ],
    "photo_url": "/citations/images/avatar_scholar_128.png"
  },
  "citation_stats": {
    "citations_all": 627,
    "citations_since_2020": 627,
    "h_index_all": 10,
    "h_index_since_2020": 10,
    "i10_index_all": 11,
    "i10_index_since_2020": 11,
    "citation_graph": [
      {
        "year": 2022,
        "citations": 9
      },
      {
        "year": 2023,
        "citations": 41
      },
      {
        "year": 2024,
        "citations": 191
      },
      {
        "year": 2025,
        "citations": 384
      }
    ]
  },
  "papers": [
    {
      "title": "Graspvla: a grasping foundation model pre-trained on billion-scale synthetic action data",
      "url": "https://scholar.google.com/citations?view_op=view_citation&hl=en&user=2lmpbXIAAAAJ&citation_for_view=2lmpbXIAAAAJ:YsMSGLbcyi4C",
      "authors": "S Deng, M Yan, S Wei, H Ma, Y Yang, J Chen, Z Zhang, T Yang, X Zhang, ...",
      "venue": "arXiv preprint arXiv:2505.03233, 2025",
      "year": 2025,
      "citations": 43
    },
    {
      "title": "Bodex: Scalable and efficient robotic dexterous grasp synthesis using bilevel optimization",
      "url": "https://scholar.google.com/citations?view_op=view_citation&hl=en&user=2lmpbXIAAAAJ&citation_for_view=2lmpbXIAAAAJ:Tyk-4Ss8FVUC",
      "authors": "J Chen, Y Ke, H Wang",
      "venue": "2025 IEEE International Conference on Robotics and Automation (ICRA), 01-08, 2025",
      "year": 2025,
      "citations": 12
    },
    {
      "title": "DexVLG: Dexterous Vision-Language-Grasp Model at Scale",
      "url": "https://scholar.google.com/citations?view_op=view_citation&hl=en&user=2lmpbXIAAAAJ&citation_for_view=2lmpbXIAAAAJ:WF5omc3nYNoC",
      "authors": "J He, D Li, X Yu, Z Qi, W Zhang, J Chen, Z Zhang, Z Zhang, L Yi, H Wang",
      "venue": "arXiv preprint arXiv:2507.02747, 2025",
      "year": 2025,
      "citations": 11
    },
    {
      "title": "Dexonomy: Synthesizing All Dexterous Grasp Types in a Grasp Taxonomy",
      "url": "https://scholar.google.com/citations?view_op=view_citation&hl=en&user=2lmpbXIAAAAJ&citation_for_view=2lmpbXIAAAAJ:W7OEmFMy1HYC",
      "authors": "J Chen, Y Ke, L Peng, H Wang",
      "venue": "arXiv preprint arXiv:2504.18829, 2025",
      "year": 2025,
      "citations": 9
    },
    {
      "title": "RoboHanger: Learning generalizable robotic hanger insertion for diverse garments",
      "url": "https://scholar.google.com/citations?view_op=view_citation&hl=en&user=2lmpbXIAAAAJ&citation_for_view=2lmpbXIAAAAJ:eQOLeE2rZwMC",
      "authors": "Y Chen, S Wei, B Xiao, J Lyu, J Chen, F Zhu, H Wang",
      "venue": "IEEE Robotics and Automation Letters, 2025",
      "year": 2025,
      "citations": 4
    },
    {
      "title": "Robust Differentiable Collision Detection for General Objects",
      "url": "https://scholar.google.com/citations?view_op=view_citation&hl=en&user=2lmpbXIAAAAJ&citation_for_view=2lmpbXIAAAAJ:ufrVoPGSRksC",
      "authors": "J Chen, W Zhao, L Ruan, B Chen, H Wang",
      "venue": "arXiv preprint arXiv:2511.06267, 2025",
      "year": 2025,
      "citations": 0
    },
    {
      "title": "Dexgraspnet 2.0: Learning generative dexterous grasping in large-scale synthetic cluttered scenes",
      "url": "https://scholar.google.com/citations?view_op=view_citation&hl=en&user=2lmpbXIAAAAJ&citation_for_view=2lmpbXIAAAAJ:IjCSPb-OGe4C",
      "authors": "J Zhang, H Liu, D Li, XQ Yu, H Geng, Y Ding, J Chen, H Wang",
      "venue": "8th Annual Conference on Robot Learning, 2024",
      "year": 2024,
      "citations": 41
    },
    {
      "title": "Task-oriented dexterous hand pose synthesis using differentiable grasp wrench boundary estimator",
      "url": "https://scholar.google.com/citations?view_op=view_citation&hl=en&user=2lmpbXIAAAAJ&citation_for_view=2lmpbXIAAAAJ:Y0pCki6q_DkC",
      "authors": "J Chen, Y Chen, J Zhang, H Wang",
      "venue": "2024 IEEE/RSJ International Conference on Intelligent Robots and Systems …, 2024",
      "year": 2024,
      "citations": 14
    },
    {
      "title": "DRoMa:Disparity Diffusion-based Depth Sensing for Material-Agnostic Robotic Manipulation",
      "url": "https://scholar.google.com/citations?view_op=view_citation&hl=en&user=2lmpbXIAAAAJ&citation_for_view=2lmpbXIAAAAJ:zYLM7Y9cAGgC",
      "authors": "S Wei, H Geng, J Chen, C Deng, C Wenbo, C Zhao, X Fang, L Guibas, ...",
      "venue": "ECCV 2024 Workshop on Wild 3D: 3D Modeling, Reconstruction, and Generation …, 2024",
      "year": 2024,
      "citations": 10
    },
    {
      "title": "Unidexgrasp: Universal robotic dexterous grasping via learning diverse proposal generation and goal-conditioned policy",
      "url": "https://scholar.google.com/citations?view_op=view_citation&hl=en&user=2lmpbXIAAAAJ&citation_for_view=2lmpbXIAAAAJ:qjMakFHDy7sC",
      "authors": "Y Xu, W Wan, J Zhang, H Liu, Z Shan, H Shen, R Wang, H Geng, Y Weng, ...",
      "venue": "Proceedings of the IEEE/CVF Conference on Computer Vision and Pattern …, 2023",
      "year": 2023,
      "citations": 179
    },
    {
      "title": "Partmanip: Learning cross-category generalizable part manipulation policy from point cloud observations",
      "url": "https://scholar.google.com/citations?view_op=view_citation&hl=en&user=2lmpbXIAAAAJ&citation_for_view=2lmpbXIAAAAJ:u-x6o8ySG0sC",
      "authors": "H Geng, Z Li, Y Geng, J Chen, H Dong, H Wang",
      "venue": "Proceedings of the IEEE/CVF Conference on Computer Vision and Pattern …, 2023",
      "year": 2023,
      "citations": 53
    },
    {
      "title": "Tracking and reconstructing hand object interactions from point cloud sequences in the wild",
      "url": "https://scholar.google.com/citations?view_op=view_citation&hl=en&user=2lmpbXIAAAAJ&citation_for_view=2lmpbXIAAAAJ:d1gkVwhDpl0C",
      "authors": "J Chen, M Yan, J Zhang, Y Xu, X Li, Y Weng, L Yi, S Song, H Wang",
      "venue": "Proceedings of the AAAI conference on artificial intelligence 37 (1), 304-312, 2023",
      "year": 2023,
      "citations": 23
    },
    {
      "title": "Dexgraspnet: A large-scale robotic dexterous grasp dataset for general objects based on simulation",
      "url": "https://scholar.google.com/citations?view_op=view_citation&hl=en&user=2lmpbXIAAAAJ&citation_for_view=2lmpbXIAAAAJ:2osOgNQ5qMEC",
      "authors": "R Wang, J Zhang, J Chen, Y Xu, P Li, T Liu, H Wang",
      "venue": "arXiv preprint arXiv:2210.02697, 2022",
      "year": 2022,
      "citations": 185
    },
    {
      "title": "Projective manifold gradient layer for deep rotation regression",
      "url": "https://scholar.google.com/citations?view_op=view_citation&hl=en&user=2lmpbXIAAAAJ&citation_for_view=2lmpbXIAAAAJ:u5HHmVD_uO8C",
      "authors": "J Chen, Y Yin, T Birdal, B Chen, LJ Guibas, H Wang",
      "venue": "Proceedings of the IEEE/CVF Conference on Computer Vision and Pattern …, 2022",
      "year": 2022,
      "citations": 43
    }
  ],
  "co_authors": []
}