{
  "author_info": {
    "name": "Zaiqing Nie",
    "affiliation": "Tsinghua University",
    "email_verified": "Verified email at air.tsinghua.edu.cn",
    "interests": [
      "NLP",
      "Data Mining",
      "Machine Learning"
    ],
    "photo_url": "https://scholar.googleusercontent.com/citations?view_op=view_photo&user=Qg7T6vUAAAAJ&citpid=2"
  },
  "citation_stats": {
    "citations_all": 6191,
    "citations_since_2020": 2813,
    "h_index_all": 41,
    "h_index_since_2020": 25,
    "i10_index_all": 75,
    "i10_index_since_2020": 46,
    "citation_graph": [
      {
        "year": 2004,
        "citations": 39
      },
      {
        "year": 2005,
        "citations": 37
      },
      {
        "year": 2006,
        "citations": 54
      },
      {
        "year": 2007,
        "citations": 106
      },
      {
        "year": 2008,
        "citations": 130
      },
      {
        "year": 2009,
        "citations": 200
      },
      {
        "year": 2010,
        "citations": 278
      },
      {
        "year": 2011,
        "citations": 278
      },
      {
        "year": 2012,
        "citations": 309
      },
      {
        "year": 2013,
        "citations": 294
      },
      {
        "year": 2014,
        "citations": 294
      },
      {
        "year": 2015,
        "citations": 251
      },
      {
        "year": 2016,
        "citations": 252
      },
      {
        "year": 2017,
        "citations": 208
      },
      {
        "year": 2018,
        "citations": 244
      },
      {
        "year": 2019,
        "citations": 284
      },
      {
        "year": 2020,
        "citations": 305
      },
      {
        "year": 2021,
        "citations": 266
      },
      {
        "year": 2022,
        "citations": 252
      },
      {
        "year": 2023,
        "citations": 362
      },
      {
        "year": 2024,
        "citations": 710
      },
      {
        "year": 2025,
        "citations": 905
      }
    ]
  },
  "papers": [
    {
      "title": "Biomedgpt: An open multimodal large language model for biomedicine",
      "url": "https://scholar.google.com/citations?view_op=view_citation&hl=en&user=Qg7T6vUAAAAJ&citation_for_view=Qg7T6vUAAAAJ:WC23djZS0W4C",
      "authors": "Y Luo, J Zhang, S Fan, K Yang, M Hong, Y Wu, M Qiao, Z Nie",
      "venue": "IEEE Journal of Biomedical and Health Informatics, 2024",
      "year": 2024,
      "citations": 174
    },
    {
      "title": "V2x-seq: A large-scale sequential dataset for vehicle-infrastructure cooperative perception and forecasting",
      "url": "https://scholar.google.com/citations?view_op=view_citation&hl=en&user=Qg7T6vUAAAAJ&citation_for_view=Qg7T6vUAAAAJ:4xDN1ZYqzskC",
      "authors": "H Yu, W Yang, H Ruan, Z Yang, Y Tang, X Gao, X Hao, Y Shi, Y Pan, ...",
      "venue": "Proceedings of the IEEE/CVF Conference on Computer Vision and Pattern …, 2023",
      "year": 2023,
      "citations": 182
    },
    {
      "title": "Vehicle-infrastructure cooperative 3d object detection via feature flow prediction",
      "url": "https://scholar.google.com/citations?view_op=view_citation&hl=en&user=Qg7T6vUAAAAJ&citation_for_view=Qg7T6vUAAAAJ:4X0JR2_MtJMC",
      "authors": "H Yu, Y Tang, E Xie, J Mao, J Yuan, P Luo, Z Nie",
      "venue": "arXiv preprint arXiv:2303.10552, 2023",
      "year": 2023,
      "citations": 108
    },
    {
      "title": "Dair-v2x: A large-scale dataset for vehicle-infrastructure cooperative 3d object detection",
      "url": "https://scholar.google.com/citations?view_op=view_citation&hl=en&user=Qg7T6vUAAAAJ&citation_for_view=Qg7T6vUAAAAJ:5icHVeHT4IsC",
      "authors": "H Yu, Y Luo, M Shu, Y Huo, Z Yang, Y Shi, Z Guo, H Li, X Hu, J Yuan, ...",
      "venue": "Proceedings of the IEEE/CVF conference on computer vision and pattern …, 2022",
      "year": 2022,
      "citations": 598
    },
    {
      "title": "Contribution-aware federated learning for smart healthcare",
      "url": "https://scholar.google.com/citations?view_op=view_citation&hl=en&user=Qg7T6vUAAAAJ&citation_for_view=Qg7T6vUAAAAJ:48xauSegjOkC",
      "authors": "Z Liu, Y Chen, Y Zhao, H Yu, Y Liu, R Bao, J Jiang, Z Nie, Q Xu, Q Yang",
      "venue": "Proceedings of the AAAI Conference on Artificial Intelligence 36 (11), 12396 …, 2022",
      "year": 2022,
      "citations": 108
    },
    {
      "title": "Learning personalized end-to-end goal-oriented dialog",
      "url": "https://scholar.google.com/citations?view_op=view_citation&hl=en&user=Qg7T6vUAAAAJ&citation_for_view=Qg7T6vUAAAAJ:gVv57TyPmFsC",
      "authors": "L Luo, W Huang, Q Zeng, Z Nie, X Sun",
      "venue": "Proceedings of the AAAI Conference on Artificial Intelligence 33 (01), 6794-6801, 2019",
      "year": 2019,
      "citations": 101
    },
    {
      "title": "Automated social networking graph mining and visualization",
      "url": "https://scholar.google.com/citations?view_op=view_citation&hl=en&user=Qg7T6vUAAAAJ&citation_for_view=Qg7T6vUAAAAJ:ns9cj8rnVeAC",
      "authors": "Z Nie, Y Cao, G Luo, R Zhang, X Liu, Y Ma, B Zhang, YQ Xu, JR Wen",
      "venue": "US Patent 9,990,429, 2018",
      "year": 2018,
      "citations": 167
    },
    {
      "title": "Colink: An unsupervised framework for user identity linkage",
      "url": "https://scholar.google.com/citations?view_op=view_citation&hl=en&user=Qg7T6vUAAAAJ&citation_for_view=Qg7T6vUAAAAJ:Ak0FvsSvgGUC",
      "authors": "Z Zhong, Y Cao, M Guo, Z Nie",
      "venue": "Proceedings of the AAAI Conference on Artificial Intelligence 32 (1), 2018",
      "year": 2018,
      "citations": 87
    },
    {
      "title": "Joint entity recognition and disambiguation",
      "url": "https://scholar.google.com/citations?view_op=view_citation&hl=en&user=Qg7T6vUAAAAJ&citation_for_view=Qg7T6vUAAAAJ:vbGhcppDl1QC",
      "authors": "G Luo, X Huang, CY Lin, Z Nie",
      "venue": "Proceedings of the 2015 conference on empirical methods in natural language …, 2015",
      "year": 2015,
      "citations": 384
    },
    {
      "title": "Learning word representation considering proximity and ambiguity",
      "url": "https://scholar.google.com/citations?view_op=view_citation&hl=en&user=Qg7T6vUAAAAJ&citation_for_view=Qg7T6vUAAAAJ:D_sINldO8mEC",
      "authors": "L Qiu, Y Cao, Z Nie, Y Yu, Y Rui",
      "venue": "Proceedings of the AAAI Conference on Artificial Intelligence 28 (1), 2014",
      "year": 2014,
      "citations": 79
    },
    {
      "title": "Automatic detection of online commercial intention",
      "url": "https://scholar.google.com/citations?view_op=view_citation&hl=en&user=Qg7T6vUAAAAJ&citation_for_view=Qg7T6vUAAAAJ:ZeXyd9-uunAC",
      "authors": "H Dai, L Wang, Y Li, Z Nie, JR Wen, L Zhao",
      "venue": "US Patent 7,831,685, 2010",
      "year": 2010,
      "citations": 99
    },
    {
      "title": "Statsnowball: a statistical approach to extracting entity relationships",
      "url": "https://scholar.google.com/citations?view_op=view_citation&hl=en&user=Qg7T6vUAAAAJ&citation_for_view=Qg7T6vUAAAAJ:qjMakFHDy7sC",
      "authors": "J Zhu, Z Nie, X Liu, B Zhang, JR Wen",
      "venue": "Proceedings of the 18th international conference on World wide web, 101-110, 2009",
      "year": 2009,
      "citations": 411
    },
    {
      "title": "Information classification paradigm",
      "url": "https://scholar.google.com/citations?view_op=view_citation&hl=en&user=Qg7T6vUAAAAJ&citation_for_view=Qg7T6vUAAAAJ:Y0pCki6q_DkC",
      "authors": "JR Wen, YF Sun, WY Ma, Z Nie, R Jiang",
      "venue": "US Patent 7,529,748, 2009",
      "year": 2009,
      "citations": 268
    },
    {
      "title": "Scalable community discovery on textual data with relations",
      "url": "https://scholar.google.com/citations?view_op=view_citation&hl=en&user=Qg7T6vUAAAAJ&citation_for_view=Qg7T6vUAAAAJ:WF5omc3nYNoC",
      "authors": "H Li, Z Nie, WC Lee, L Giles, JR Wen",
      "venue": "Proceedings of the 17th ACM conference on Information and knowledge …, 2008",
      "year": 2008,
      "citations": 95
    },
    {
      "title": "Web object retrieval",
      "url": "https://scholar.google.com/citations?view_op=view_citation&hl=en&user=Qg7T6vUAAAAJ&citation_for_view=Qg7T6vUAAAAJ:9yKSN-GCB0IC",
      "authors": "Z Nie, Y Ma, S Shi, JR Wen, WY Ma",
      "venue": "Proceedings of the 16th international conference on World Wide Web, 81-90, 2007",
      "year": 2007,
      "citations": 191
    },
    {
      "title": "Object-level Vertical Search.",
      "url": "https://scholar.google.com/citations?view_op=view_citation&hl=en&user=Qg7T6vUAAAAJ&citation_for_view=Qg7T6vUAAAAJ:d1gkVwhDpl0C",
      "authors": "Z Nie, JR Wen, WY Ma",
      "venue": "CIDR, 235-246, 2007",
      "year": 2007,
      "citations": 166
    },
    {
      "title": "Simultaneous record detection and attribute labeling in web data extraction",
      "url": "https://scholar.google.com/citations?view_op=view_citation&hl=en&user=Qg7T6vUAAAAJ&citation_for_view=Qg7T6vUAAAAJ:u-x6o8ySG0sC",
      "authors": "J Zhu, Z Nie, JR Wen, B Zhang, WY Ma",
      "venue": "Proceedings of the 12th ACM SIGKDD international conference on Knowledge …, 2006",
      "year": 2006,
      "citations": 257
    },
    {
      "title": "Detecting online commercial intention (OCI)",
      "url": "https://scholar.google.com/citations?view_op=view_citation&hl=en&user=Qg7T6vUAAAAJ&citation_for_view=Qg7T6vUAAAAJ:UeHWp8X0CEIC",
      "authors": "H Dai, L Zhao, Z Nie, JR Wen, L Wang, Y Li",
      "venue": "Proceedings of the 15th international conference on World Wide Web, 829-837, 2006",
      "year": 2006,
      "citations": 175
    },
    {
      "title": "Object-level ranking: bringing order to web objects",
      "url": "https://scholar.google.com/citations?view_op=view_citation&hl=en&user=Qg7T6vUAAAAJ&citation_for_view=Qg7T6vUAAAAJ:u5HHmVD_uO8C",
      "authors": "Z Nie, Y Zhang, JR Wen, WY Ma",
      "venue": "Proceedings of the 14th international conference on World Wide Web, 567-574, 2005",
      "year": 2005,
      "citations": 426
    },
    {
      "title": "2d conditional random fields for web information extraction",
      "url": "https://scholar.google.com/citations?view_op=view_citation&hl=en&user=Qg7T6vUAAAAJ&citation_for_view=Qg7T6vUAAAAJ:2osOgNQ5qMEC",
      "authors": "J Zhu, Z Nie, JR Wen, B Zhang, WY Ma",
      "venue": "Proceedings of the 22nd international conference on Machine learning, 1044-1051, 2005",
      "year": 2005,
      "citations": 189
    }
  ],
  "co_authors": [
    {
      "name": "Ji-Rong Wen",
      "scholar_id": "tbxCHJgAAAAJ",
      "url": "https://scholar.google.com/citations?user=tbxCHJgAAAAJ"
    },
    {
      "name": "Wei-Ying Ma",
      "scholar_id": "SToCbu8AAAAJ",
      "url": "https://scholar.google.com/citations?user=SToCbu8AAAAJ"
    },
    {
      "name": "Yu Haibao",
      "scholar_id": "JW4F5HoAAAAJ",
      "url": "https://scholar.google.com/citations?user=JW4F5HoAAAAJ"
    },
    {
      "name": "Jun Zhu",
      "scholar_id": "axsP38wAAAAJ",
      "url": "https://scholar.google.com/citations?user=axsP38wAAAAJ"
    },
    {
      "name": "Yizhen Luo",
      "scholar_id": "C9bjGWwAAAAJ",
      "url": "https://scholar.google.com/citations?user=C9bjGWwAAAAJ"
    },
    {
      "name": "Yong CAO",
      "scholar_id": "gvrU1lkAAAAJ",
      "url": "https://scholar.google.com/citations?user=gvrU1lkAAAAJ"
    },
    {
      "name": "Xiaojiang Liu",
      "scholar_id": "ukdqC6IAAAAJ",
      "url": "https://scholar.google.com/citations?user=ukdqC6IAAAAJ"
    },
    {
      "name": "wenxian yang",
      "scholar_id": "Kiz73xwAAAAJ",
      "url": "https://scholar.google.com/citations?user=Kiz73xwAAAAJ"
    },
    {
      "name": "Siqi Fan",
      "scholar_id": "Ahy5smMAAAAJ",
      "url": "https://scholar.google.com/citations?user=Ahy5smMAAAAJ"
    },
    {
      "name": "Subbarao Kambhampati",
      "scholar_id": "yl3L07sAAAAJ",
      "url": "https://scholar.google.com/citations?user=yl3L07sAAAAJ"
    },
    {
      "name": "Ping Luo (羅平)",
      "scholar_id": "aXdjxb4AAAAJ",
      "url": "https://scholar.google.com/citations?user=aXdjxb4AAAAJ"
    },
    {
      "name": "Yunxiao Ma",
      "scholar_id": "aBaqt1IAAAAJ",
      "url": "https://scholar.google.com/citations?user=aBaqt1IAAAAJ"
    },
    {
      "name": "Kai Yang",
      "scholar_id": "DZVarZwAAAAJ",
      "url": "https://scholar.google.com/citations?user=DZVarZwAAAAJ"
    },
    {
      "name": "Shuming Shi",
      "scholar_id": "Lg31AKMAAAAJ",
      "url": "https://scholar.google.com/citations?user=Lg31AKMAAAAJ"
    },
    {
      "name": "Seung-won Hwang",
      "scholar_id": "63bBmc3mYrAC",
      "url": "https://scholar.google.com/citations?user=63bBmc3mYrAC"
    },
    {
      "name": "Yushuai Wu",
      "scholar_id": "turp61IAAAAJ",
      "url": "https://scholar.google.com/citations?user=turp61IAAAAJ"
    },
    {
      "name": "Ullas Nambiar",
      "scholar_id": "UbJsDGcAAAAJ",
      "url": "https://scholar.google.com/citations?user=UbJsDGcAAAAJ"
    },
    {
      "name": "Yingjuan Tang",
      "scholar_id": "tq5jfDYAAAAJ",
      "url": "https://scholar.google.com/citations?user=tq5jfDYAAAAJ"
    },
    {
      "name": "Yifeng Shi",
      "scholar_id": "KlHuj2QAAAAJ",
      "url": "https://scholar.google.com/citations?user=KlHuj2QAAAAJ"
    },
    {
      "name": "Jiahuan Zhang",
      "scholar_id": "HeArCKkAAAAJ",
      "url": "https://scholar.google.com/citations?user=HeArCKkAAAAJ"
    }
  ]
}