{
  "author_info": {
    "name": "Qianru Sun 孙倩茹",
    "affiliation": "Singapore Management University",
    "email_verified": "Verified email at smu.edu.sg - Homepage",
    "website": "https://faculty.smu.edu.sg/profile/sun-qianru-551",
    "interests": [
      "Computer Vision",
      "Machine Learning",
      "Transfer Learning",
      "Domain Adaptation"
    ],
    "photo_url": "https://scholar.googleusercontent.com/citations?view_op=view_photo&user=fNfrGMIAAAAJ&citpid=28"
  },
  "citation_stats": {
    "citations_all": 10246,
    "citations_since_2020": 9559,
    "h_index_all": 38,
    "h_index_since_2020": 37,
    "i10_index_all": 68,
    "i10_index_since_2020": 63,
    "citation_graph": [
      {
        "year": 2016,
        "citations": 27
      },
      {
        "year": 2017,
        "citations": 48
      },
      {
        "year": 2018,
        "citations": 167
      },
      {
        "year": 2019,
        "citations": 406
      },
      {
        "year": 2020,
        "citations": 684
      },
      {
        "year": 2021,
        "citations": 1218
      },
      {
        "year": 2022,
        "citations": 1628
      },
      {
        "year": 2023,
        "citations": 1897
      },
      {
        "year": 2024,
        "citations": 2182
      },
      {
        "year": 2025,
        "citations": 1937
      }
    ]
  },
  "papers": [
    {
      "title": "Unbiased Multiple Instance Learning for Weakly Supervised Video Anomaly Detection",
      "url": "https://scholar.google.com/citations?view_op=view_citation&hl=en&user=fNfrGMIAAAAJ&citation_for_view=fNfrGMIAAAAJ:v1_lew4L6wgC",
      "authors": "H Lv, Z Yue, Q Sun, B Luo, Z Cui, H Zhang",
      "venue": "Proceedings of the IEEE/CVF Conference on Computer Vision and Pattern …, 2023",
      "year": 2023,
      "citations": 176
    },
    {
      "title": "Class Re-Activation Maps for Weakly-Supervised Semantic Segmentation",
      "url": "https://scholar.google.com/citations?view_op=view_citation&hl=en&user=fNfrGMIAAAAJ&citation_for_view=fNfrGMIAAAAJ:LgRImbQfgY4C",
      "authors": "Z Chen, T Wang, X Wu, XS Hua, H Zhang, Q Sun",
      "venue": "Proceedings of the IEEE/CVF Conference on Computer Vision and Pattern …, 2022",
      "year": 2022,
      "citations": 264
    },
    {
      "title": "Adaptive Aggregation Networks for Class-Incremental Learning",
      "url": "https://scholar.google.com/citations?view_op=view_citation&hl=en&user=fNfrGMIAAAAJ&citation_for_view=fNfrGMIAAAAJ:OR75R8vi5nAC",
      "authors": "Y Liu, B Schiele, Q Sun",
      "venue": "Proceedings of the IEEE/CVF Conference on Computer Vision and Pattern …, 2021",
      "year": 2021,
      "citations": 358
    },
    {
      "title": "Counterfactual Zero-Shot and Open-Set Visual Recognition",
      "url": "https://scholar.google.com/citations?view_op=view_citation&hl=en&user=fNfrGMIAAAAJ&citation_for_view=fNfrGMIAAAAJ:yqoGN6RLRZoC",
      "authors": "Z Yue, T Wang, H Zhang, Q Sun, XS Hua",
      "venue": "Proceedings of the IEEE/CVF Conference on Computer Vision and Pattern …, 2021",
      "year": 2021,
      "citations": 281
    },
    {
      "title": "Causal Attention for Unbiased Visual Recognition",
      "url": "https://scholar.google.com/citations?view_op=view_citation&hl=en&user=fNfrGMIAAAAJ&citation_for_view=fNfrGMIAAAAJ:5MTHONV0fEkC",
      "authors": "T Wang, C Zhou, Q Sun, H Zhang",
      "venue": "Proceedings of the IEEE/CVF International Conference on Computer Vision …, 2021",
      "year": 2021,
      "citations": 172
    },
    {
      "title": "RMM: Reinforced memory management for class-incremental learning",
      "url": "https://scholar.google.com/citations?view_op=view_citation&hl=en&user=fNfrGMIAAAAJ&citation_for_view=fNfrGMIAAAAJ:nVrZBo8bIpAC",
      "authors": "Y Liu, B Schiele, Q Sun",
      "venue": "Advances in Neural Information Processing Systems (NeurIPS) 34, 3478-3490, 2021",
      "year": 2021,
      "citations": 149
    },
    {
      "title": "Causal intervention for weakly-supervised semantic segmentation",
      "url": "https://scholar.google.com/citations?view_op=view_citation&hl=en&user=fNfrGMIAAAAJ&citation_for_view=fNfrGMIAAAAJ:ODE9OILHJdcC",
      "authors": "D Zhang, H Zhang, J Tang, X Hua, Q Sun",
      "venue": "34th Annual Conference on Neural Information Processing Systems (NeurIPS 2020), 2020",
      "year": 2020,
      "citations": 596
    },
    {
      "title": "Mnemonics Training: Multi-Class Incremental Learning without Forgetting",
      "url": "https://scholar.google.com/citations?view_op=view_citation&hl=en&user=fNfrGMIAAAAJ&citation_for_view=fNfrGMIAAAAJ:9c2xU6iGI7YC",
      "authors": "Y Liu, Y Su, AA Liu, B Schiele, Q Sun",
      "venue": "Proceedings of the IEEE/CVF Conference on Computer Vision and Pattern …, 2020",
      "year": 2020,
      "citations": 496
    },
    {
      "title": "Feature pyramid transformer",
      "url": "https://scholar.google.com/citations?view_op=view_citation&hl=en&user=fNfrGMIAAAAJ&citation_for_view=fNfrGMIAAAAJ:fFSKOagxvKUC",
      "authors": "D Zhang, H Zhang, J Tang, M Wang, X Hua, Q Sun",
      "venue": "European conference on computer vision, 323-339, 2020",
      "year": 2020,
      "citations": 375
    },
    {
      "title": "Visual Commonsense R-CNN",
      "url": "https://scholar.google.com/citations?view_op=view_citation&hl=en&user=fNfrGMIAAAAJ&citation_for_view=fNfrGMIAAAAJ:QYdC8u9Cj1oC",
      "authors": "T Wang, J Huang, H Zhang, Q Sun",
      "venue": "Proceedings of the IEEE/CVF Conference on Computer Vision and Pattern …, 2020",
      "year": 2020,
      "citations": 371
    },
    {
      "title": "Interventional few-shot learning",
      "url": "https://scholar.google.com/citations?view_op=view_citation&hl=en&user=fNfrGMIAAAAJ&citation_for_view=fNfrGMIAAAAJ:OcBU2YAGkTUC",
      "authors": "Z Yue, H Zhang, Q Sun, XS Hua",
      "venue": "34th Annual Conference on Neural Information Processing Systems (NeurIPS 2020), 2020",
      "year": 2020,
      "citations": 321
    },
    {
      "title": "An Ensemble of Epoch-wise Empirical Bayes for Few-shot Learning",
      "url": "https://scholar.google.com/citations?view_op=view_citation&hl=en&user=fNfrGMIAAAAJ&citation_for_view=fNfrGMIAAAAJ:umqufdRvDiIC",
      "authors": "Y Liu, B Schiele, Q Sun",
      "venue": "European Conference on Computer Vision (ECCV 2020), 2020",
      "year": 2020,
      "citations": 198
    },
    {
      "title": "Meta-Transfer Learning through Hard Tasks",
      "url": "https://scholar.google.com/citations?view_op=view_citation&hl=en&user=fNfrGMIAAAAJ&citation_for_view=fNfrGMIAAAAJ:WJVC3Jt7v1AC",
      "authors": "Q Sun, Y Liu, Z Chen, TS Chua, B Schiele",
      "venue": "IEEE Transactions on Pattern Analysis and Machine Intelligence, 2020",
      "year": 2020,
      "citations": 153
    },
    {
      "title": "Meta-Transfer Learning for Few-Shot Learning",
      "url": "https://scholar.google.com/citations?view_op=view_citation&hl=en&user=fNfrGMIAAAAJ&citation_for_view=fNfrGMIAAAAJ:4hFrxpcac9AC",
      "authors": "Q Sun, Y Liu, TS Chua, B Schiele",
      "venue": "Proceedings of the IEEE/CVF Conference on Computer Vision and Pattern …, 2019",
      "year": 2019,
      "citations": 1684
    },
    {
      "title": "Learning to Self-Train for Semi-Supervised Few-Shot Classification",
      "url": "https://scholar.google.com/citations?view_op=view_citation&hl=en&user=fNfrGMIAAAAJ&citation_for_view=fNfrGMIAAAAJ:DUooU5lO8OsC",
      "authors": "X Li, Q Sun, Y Liu, S Zheng, Q Zhou, TS Chua, B Schiele",
      "venue": "33rd Annual Conference on Neural Information Processing Systems (NeurIPS 2019), 2019",
      "year": 2019,
      "citations": 389
    },
    {
      "title": "Disentangled Person Image Generation",
      "url": "https://scholar.google.com/citations?view_op=view_citation&hl=en&user=fNfrGMIAAAAJ&citation_for_view=fNfrGMIAAAAJ:0izLItjtcgwC",
      "authors": "L Ma, Q Sun, S Georgoulis, L Van Gool, B Schiele, M Fritz",
      "venue": "IEEE Conference on Computer Vision and Pattern Recognition, 99-108, 2018",
      "year": 2018,
      "citations": 552
    },
    {
      "title": "Natural and Effective Obfuscation by Head Inpainting",
      "url": "https://scholar.google.com/citations?view_op=view_citation&hl=en&user=fNfrGMIAAAAJ&citation_for_view=fNfrGMIAAAAJ:anf4URPfarAC",
      "authors": "Q Sun, L Ma, SJ Oh, L Van Gool, B Schiele, M Fritz",
      "venue": "IEEE Conference on Computer Vision and Pattern Recognition, 5050-5059, 2018",
      "year": 2018,
      "citations": 281
    },
    {
      "title": "A Hybrid Model for Identity Obfuscation by Face Replacement",
      "url": "https://scholar.google.com/citations?view_op=view_citation&hl=en&user=fNfrGMIAAAAJ&citation_for_view=fNfrGMIAAAAJ:a9-T7VOCCH8C",
      "authors": "Q Sun, A Tewari, W Xu, M Fritz, C Theobalt, B Schiele",
      "venue": "The European Conference on Computer Vision (ECCV), 2018",
      "year": 2018,
      "citations": 153
    },
    {
      "title": "Pose Guided Person Image Generation",
      "url": "https://scholar.google.com/citations?view_op=view_citation&hl=en&user=fNfrGMIAAAAJ&citation_for_view=fNfrGMIAAAAJ:8d8msizDQcsC",
      "authors": "L Ma, X Jia, Q Sun, B Schiele, T Tuytelaars, L Van Gool",
      "venue": "31st Conference on Neural Information Processing Systems (NIPS 2017), 2017",
      "year": 2017,
      "citations": 1124
    },
    {
      "title": "Online growing neural gas for anomaly detection in changing surveillance scenes",
      "url": "https://scholar.google.com/citations?view_op=view_citation&hl=en&user=fNfrGMIAAAAJ&citation_for_view=fNfrGMIAAAAJ:YsMSGLbcyi4C",
      "authors": "Q Sun, H Liu, T Harada",
      "venue": "Pattern Recognition 64, 187-201, 2017",
      "year": 2017,
      "citations": 146
    }
  ],
  "co_authors": [
    {
      "name": "Bernt Schiele",
      "scholar_id": "z76PBfYAAAAJ",
      "url": "https://scholar.google.com/citations?user=z76PBfYAAAAJ"
    },
    {
      "name": "Tat-Seng Chua",
      "scholar_id": "Z9DWCBEAAAAJ",
      "url": "https://scholar.google.com/citations?user=Z9DWCBEAAAAJ"
    },
    {
      "name": "Hong Liu",
      "scholar_id": "WLMUAjsAAAAJ",
      "url": "https://scholar.google.com/citations?user=WLMUAjsAAAAJ"
    },
    {
      "name": "Mario Fritz",
      "scholar_id": "4V1nNm4AAAAJ",
      "url": "https://scholar.google.com/citations?user=4V1nNm4AAAAJ"
    },
    {
      "name": "Tatsuya Harada",
      "scholar_id": "k8rlJ8AAAAAJ",
      "url": "https://scholar.google.com/citations?user=k8rlJ8AAAAAJ"
    }
  ]
}