{
  "author_info": {
    "name": "Yu Sawai",
    "affiliation": "CyberAgent, Inc.",
    "email_verified": "Verified email at cyberagent.co.jp",
    "interests": [
      "Natural Language Processing"
    ],
    "photo_url": "https://scholar.googleusercontent.com/citations?view_op=medium_photo&user=jqtODHIAAAAJ&citpid=1"
  },
  "citation_stats": {
    "citations_all": 141,
    "citations_since_2020": 128,
    "h_index_all": 3,
    "h_index_since_2020": 3,
    "i10_index_all": 2,
    "i10_index_since_2020": 1,
    "citation_graph": [
      {
        "year": 2015,
        "citations": 2
      },
      {
        "year": 2016,
        "citations": 2
      },
      {
        "year": 2017,
        "citations": 2
      },
      {
        "year": 2018,
        "citations": 3
      },
      {
        "year": 2019,
        "citations": 3
      },
      {
        "year": 2020,
        "citations": 2
      },
      {
        "year": 2021,
        "citations": 4
      },
      {
        "year": 2022,
        "citations": 17
      },
      {
        "year": 2023,
        "citations": 51
      },
      {
        "year": 2024,
        "citations": 54
      }
    ]
  },
  "papers": [
    {
      "title": "Toward verifiable and reproducible human evaluation for text-to-image generation",
      "url": "https://scholar.google.com/citations?view_op=view_citation&hl=en&user=jqtODHIAAAAJ&citation_for_view=jqtODHIAAAAJ:YsMSGLbcyi4C",
      "authors": "M Otani, R Togashi, Y Sawai, R Ishigami, Y Nakashima, E Rahtu, ...",
      "venue": "Proceedings of the IEEE/CVF Conference on Computer Vision and Pattern …, 2023",
      "year": 2023,
      "citations": 118
    },
    {
      "title": "FAST: Fast Annotation tool for SmarT devices",
      "url": "https://scholar.google.com/citations?view_op=view_citation&hl=en&user=jqtODHIAAAAJ&citation_for_view=jqtODHIAAAAJ:W7OEmFMy1HYC",
      "authors": "S Kawamoto, Y Sawai, K Wakimoto, P Zhang",
      "venue": "Proceedings of the 2021 Conference on Empirical Methods in Natural Language …, 2021",
      "year": 2021,
      "citations": 5
    },
    {
      "title": "FAST: スマートデバイス用の高速なアノテーションツール",
      "url": "https://scholar.google.com/citations?view_op=view_citation&hl=en&user=jqtODHIAAAAJ&citation_for_view=jqtODHIAAAAJ:Tyk-4Ss8FVUC",
      "authors": "川本峻頌， 澤井悠， 張培楠， 脇本宏平",
      "venue": "人工知能学会全国大会論文集 第 35 回 (2021), 3H2GS9b04-3H2GS9b04, 2021",
      "year": 2021,
      "citations": 0
    },
    {
      "title": "自動生成された広告文の人手評価における評価指標と支援ツールの提案",
      "url": "https://scholar.google.com/citations?view_op=view_citation&hl=en&user=jqtODHIAAAAJ&citation_for_view=jqtODHIAAAAJ:zYLM7Y9cAGgC",
      "authors": "澤井悠， 張培楠， 吉本暁文",
      "venue": "人工知能学会全国大会論文集 第 34 回 (2020), 3Rin480-3Rin480, 2020",
      "year": 2020,
      "citations": 1
    },
    {
      "title": "UE and Nikon at the NTCIR-13 MedWeb Task.",
      "url": "https://scholar.google.com/citations?view_op=view_citation&hl=en&user=jqtODHIAAAAJ&citation_for_view=jqtODHIAAAAJ:Y0pCki6q_DkC",
      "authors": "NTA Hang, H Kobayashi, Y Sawai, P Quaresma",
      "venue": "NTCIR, 2017",
      "year": 2017,
      "citations": 2
    },
    {
      "title": "A learner corpus-based approach to verb suggestion for ESL",
      "url": "https://scholar.google.com/citations?view_op=view_citation&hl=en&user=jqtODHIAAAAJ&citation_for_view=jqtODHIAAAAJ:UeHWp8X0CEIC",
      "authors": "Y Sawai, M Komachi, Y Matsumoto",
      "venue": "Proceedings of the 51st Annual Meeting of the Association for Computational …, 2013",
      "year": 2013,
      "citations": 15
    },
    {
      "title": "Assisting Verb Selection for ESL: Considering Error Patterns Produced by Learners",
      "url": "https://scholar.google.com/citations?view_op=view_citation&hl=en&user=jqtODHIAAAAJ&citation_for_view=jqtODHIAAAAJ:IjCSPb-OGe4C",
      "authors": "Y Sawai",
      "venue": "Nara Institute of Science and Technology, 2013",
      "year": 2013,
      "citations": 0
    }
  ],
  "co_authors": [
    {
      "name": "Mayu Otani",
      "scholar_id": "V5eSgKUAAAAJ",
      "url": "https://scholar.google.com/citations?user=V5eSgKUAAAAJ"
    },
    {
      "name": "Mamoru Komachi",
      "scholar_id": "dFPPwwIAAAAJ",
      "url": "https://scholar.google.com/citations?user=dFPPwwIAAAAJ"
    },
    {
      "name": "Yuji Matsumoto",
      "scholar_id": "GWmahLMAAAAJ",
      "url": "https://scholar.google.com/citations?user=GWmahLMAAAAJ"
    },
    {
      "name": "Peinan Zhang",
      "scholar_id": "FTzaySkAAAAJ",
      "url": "https://scholar.google.com/citations?user=FTzaySkAAAAJ"
    }
  ]
}