{
  "author_info": {
    "name": "Byoung Chul Ko",
    "affiliation": "Keimyung University",
    "email_verified": "Verified email at kmu.ac.kr - Homepage",
    "website": "http://cvpr.kmu.ac.kr/",
    "interests": [
      "Computer Vision",
      "Artificial Intelligence"
    ],
    "photo_url": "https://scholar.googleusercontent.com/citations?view_op=view_photo&user=o8ToM1QAAAAJ&citpid=1"
  },
  "citation_stats": {
    "citations_all": 5883,
    "citations_since_2020": 3384,
    "h_index_all": 39,
    "h_index_since_2020": 28,
    "i10_index_all": 86,
    "i10_index_since_2020": 48,
    "citation_graph": [
      {
        "year": 2002,
        "citations": 18
      },
      {
        "year": 2003,
        "citations": 16
      },
      {
        "year": 2004,
        "citations": 26
      },
      {
        "year": 2005,
        "citations": 25
      },
      {
        "year": 2006,
        "citations": 45
      },
      {
        "year": 2007,
        "citations": 36
      },
      {
        "year": 2008,
        "citations": 66
      },
      {
        "year": 2009,
        "citations": 71
      },
      {
        "year": 2010,
        "citations": 92
      },
      {
        "year": 2011,
        "citations": 121
      },
      {
        "year": 2012,
        "citations": 131
      },
      {
        "year": 2013,
        "citations": 190
      },
      {
        "year": 2014,
        "citations": 201
      },
      {
        "year": 2015,
        "citations": 224
      },
      {
        "year": 2016,
        "citations": 279
      },
      {
        "year": 2017,
        "citations": 209
      },
      {
        "year": 2018,
        "citations": 308
      },
      {
        "year": 2019,
        "citations": 381
      },
      {
        "year": 2020,
        "citations": 439
      },
      {
        "year": 2021,
        "citations": 492
      },
      {
        "year": 2022,
        "citations": 555
      },
      {
        "year": 2023,
        "citations": 625
      },
      {
        "year": 2024,
        "citations": 688
      },
      {
        "year": 2025,
        "citations": 574
      }
    ]
  },
  "papers": [
    {
      "title": "STAR-Transformer: A Spatio-temporal Cross Attention Transformer for Human Action Recognition",
      "url": "https://scholar.google.com/citations?view_op=view_citation&hl=en&user=o8ToM1QAAAAJ&citation_for_view=o8ToM1QAAAAJ:1yQoGdGgb4wC",
      "authors": "D Ahn, S Kim, H Hong, BC Ko",
      "venue": "WACV 2023, 2022",
      "year": 2022,
      "citations": 235
    },
    {
      "title": "Vit-net: Interpretable vision transformers with neural tree decoder",
      "url": "https://scholar.google.com/citations?view_op=view_citation&hl=en&user=o8ToM1QAAAAJ&citation_for_view=o8ToM1QAAAAJ:5awf1xo2G04C",
      "authors": "S Kim, J Nam, BC Ko",
      "venue": "International Conference on Machine Learning (ICML), 11162-11172, 2022",
      "year": 2022,
      "citations": 119
    },
    {
      "title": "Two-step real-time night-time fire detection in an urban environment using Static ELASTIC-YOLOv3 and Temporal Fire-Tube",
      "url": "https://scholar.google.com/citations?view_op=view_citation&hl=en&user=o8ToM1QAAAAJ&citation_for_view=o8ToM1QAAAAJ:t6usbXjVLHcC",
      "authors": "MJ Park, BC Ko",
      "venue": "Sensors 20 (8), 2202, 2020",
      "year": 2020,
      "citations": 90
    },
    {
      "title": "Lightweight multilayer random forests for monitoring driver emotional status",
      "url": "https://scholar.google.com/citations?view_op=view_citation&hl=en&user=o8ToM1QAAAAJ&citation_for_view=o8ToM1QAAAAJ:XiVPGOgt02cC",
      "authors": "M Jeong, J Nam, BC Ko",
      "venue": "Ieee Access 8, 60344-60354, 2020",
      "year": 2020,
      "citations": 71
    },
    {
      "title": "A brief review of facial emotion recognition based on visual information",
      "url": "https://scholar.google.com/citations?view_op=view_citation&hl=en&user=o8ToM1QAAAAJ&citation_for_view=o8ToM1QAAAAJ:tS2w5q8j5-wC",
      "authors": "BC Ko",
      "venue": "sensors 18 (2), 401, 2018",
      "year": 2018,
      "citations": 873
    },
    {
      "title": "Driver’s facial expression recognition in real-time for safe driving",
      "url": "https://scholar.google.com/citations?view_op=view_citation&hl=en&user=o8ToM1QAAAAJ&citation_for_view=o8ToM1QAAAAJ:sSrBHYA8nusC",
      "authors": "M Jeong, BC Ko",
      "venue": "Sensors 18 (12), 4270, 2018",
      "year": 2018,
      "citations": 206
    },
    {
      "title": "Pedestrian detection at night using deep neural networks and saliency maps",
      "url": "https://scholar.google.com/citations?view_op=view_citation&hl=en&user=o8ToM1QAAAAJ&citation_for_view=o8ToM1QAAAAJ:08ZZubdj9fEC",
      "authors": "D Heo, E Lee, BC Ko",
      "venue": "Electronic Imaging 30, 1-9, 2017",
      "year": 2017,
      "citations": 59
    },
    {
      "title": "Early sinkhole detection using a drone-based thermal camera and image processing",
      "url": "https://scholar.google.com/citations?view_op=view_citation&hl=en&user=o8ToM1QAAAAJ&citation_for_view=o8ToM1QAAAAJ:EUQCXRtRnyEC",
      "authors": "EJ Lee, SY Shin, BC Ko, C Chang",
      "venue": "Infrared Physics & Technology 78, 223-232, 2016",
      "year": 2016,
      "citations": 117
    },
    {
      "title": "Early detection of sudden pedestrian crossing for safe driving during summer nights",
      "url": "https://scholar.google.com/citations?view_op=view_citation&hl=en&user=o8ToM1QAAAAJ&citation_for_view=o8ToM1QAAAAJ:zA6iFVUQeVQC",
      "authors": "M Jeong, BC Ko, JY Nam",
      "venue": "IEEE transactions on circuits and systems for video technology 27 (6), 1368-1380, 2016",
      "year": 2016,
      "citations": 89
    },
    {
      "title": "Pedestrian tracking using online boosted random ferns learning in far-infrared imagery for safe driving at night",
      "url": "https://scholar.google.com/citations?view_op=view_citation&hl=en&user=o8ToM1QAAAAJ&citation_for_view=o8ToM1QAAAAJ:_xSYboBqXhAC",
      "authors": "JY Kwak, BC Ko, JY Nam",
      "venue": "IEEE Transactions on Intelligent Transportation Systems 18 (1), 69-81, 2016",
      "year": 2016,
      "citations": 81
    },
    {
      "title": "Classification of potential water bodies using Landsat 8 OLI and a combination of two boosted random forest classifiers",
      "url": "https://scholar.google.com/citations?view_op=view_citation&hl=en&user=o8ToM1QAAAAJ&citation_for_view=o8ToM1QAAAAJ:ZHo1McVdvXMC",
      "authors": "BC Ko, HH Kim, JY Nam",
      "venue": "Sensors 15 (6), 13763-13777, 2015",
      "year": 2015,
      "citations": 203
    },
    {
      "title": "Spatiotemporal bag-of-features for early wildfire smoke detection",
      "url": "https://scholar.google.com/citations?view_op=view_citation&hl=en&user=o8ToM1QAAAAJ&citation_for_view=o8ToM1QAAAAJ:TQgYirikUcIC",
      "authors": "BC Ko, JO Park, JY Nam",
      "venue": "Image and Vision Computing 31 (10), 786-795, 2013",
      "year": 2013,
      "citations": 102
    },
    {
      "title": "Wildfire smoke detection using temporospatial features and random forest classifiers",
      "url": "https://scholar.google.com/citations?view_op=view_citation&hl=en&user=o8ToM1QAAAAJ&citation_for_view=o8ToM1QAAAAJ:_kc_bZDykSQC",
      "authors": "BC Ko, JY Kwak, JY Nam",
      "venue": "Optical Engineering 51 (1), 017208-017208, 2012",
      "year": 2012,
      "citations": 103
    },
    {
      "title": "Automatic white blood cell segmentation using stepwise merging rules and gradient vector flow snake",
      "url": "https://scholar.google.com/citations?view_op=view_citation&hl=en&user=o8ToM1QAAAAJ&citation_for_view=o8ToM1QAAAAJ:W7OEmFMy1HYC",
      "authors": "BC Ko, JW Gim, JY Nam",
      "venue": "Micron 42 (7), 695-705, 2011",
      "year": 2011,
      "citations": 160
    },
    {
      "title": "Modeling and formalization of fuzzy finite automata for detection of irregular fire flames",
      "url": "https://scholar.google.com/citations?view_op=view_citation&hl=en&user=o8ToM1QAAAAJ&citation_for_view=o8ToM1QAAAAJ:_FxGoFyzp5QC",
      "authors": "BC Ko, SJ Ham, JY Nam",
      "venue": "IEEE Transactions on Circuits and Systems for Video Technology 21 (12), 1903 …, 2011",
      "year": 2011,
      "citations": 151
    },
    {
      "title": "X-ray image classification using random forests with local wavelet-based CS-local binary patterns",
      "url": "https://scholar.google.com/citations?view_op=view_citation&hl=en&user=o8ToM1QAAAAJ&citation_for_view=o8ToM1QAAAAJ:eQOLeE2rZwMC",
      "authors": "BC Ko, SH Kim, JY Nam",
      "venue": "Journal of digital imaging 24 (6), 1141-1151, 2011",
      "year": 2011,
      "citations": 122
    },
    {
      "title": "Early fire detection algorithm based on irregular patterns of flames and hierarchical Bayesian Networks",
      "url": "https://scholar.google.com/citations?view_op=view_citation&hl=en&user=o8ToM1QAAAAJ&citation_for_view=o8ToM1QAAAAJ:Tyk-4Ss8FVUC",
      "authors": "BC Ko, KH Cheong, JY Nam",
      "venue": "Fire safety journal 45 (4), 262-270, 2010",
      "year": 2010,
      "citations": 156
    },
    {
      "title": "Fire detection based on vision sensor and support vector machines",
      "url": "https://scholar.google.com/citations?view_op=view_citation&hl=en&user=o8ToM1QAAAAJ&citation_for_view=o8ToM1QAAAAJ:u5HHmVD_uO8C",
      "authors": "BC Ko, KH Cheong, JY Nam",
      "venue": "Fire Safety Journal 44 (3), 322-329, 2009",
      "year": 2009,
      "citations": 505
    },
    {
      "title": "Object-of-interest image segmentation based on human attention and semantic region clustering",
      "url": "https://scholar.google.com/citations?view_op=view_citation&hl=en&user=o8ToM1QAAAAJ&citation_for_view=o8ToM1QAAAAJ:u-x6o8ySG0sC",
      "authors": "BC Ko, JY Nam",
      "venue": "Journal of the optical Society of America A 23 (10), 2462-2470, 2006",
      "year": 2006,
      "citations": 269
    },
    {
      "title": "FRIP: A region-based image retrieval tool using automatic image segmentation and stepwise Boolean AND matching",
      "url": "https://scholar.google.com/citations?view_op=view_citation&hl=en&user=o8ToM1QAAAAJ&citation_for_view=o8ToM1QAAAAJ:d1gkVwhDpl0C",
      "authors": "BC Ko, H Byun",
      "venue": "IEEE Transactions on multimedia 7 (1), 105-113, 2005",
      "year": 2005,
      "citations": 137
    }
  ],
  "co_authors": [
    {
      "name": "Sangwon Kim",
      "scholar_id": "pUHZ-IcAAAAJ",
      "url": "https://scholar.google.com/citations?user=pUHZ-IcAAAAJ"
    },
    {
      "name": "MiRa Jeong",
      "scholar_id": "9wGpaZMAAAAJ",
      "url": "https://scholar.google.com/citations?user=9wGpaZMAAAAJ"
    },
    {
      "name": "Hyeran Byun",
      "scholar_id": "F_NI-dcAAAAJ",
      "url": "https://scholar.google.com/citations?user=F_NI-dcAAAAJ"
    },
    {
      "name": "Dasom Ahn",
      "scholar_id": "SyZb3N8AAAAJ",
      "url": "https://scholar.google.com/citations?user=SyZb3N8AAAAJ"
    },
    {
      "name": "Jong-Ha Lee",
      "scholar_id": "gdqG8gYAAAAJ",
      "url": "https://scholar.google.com/citations?user=gdqG8gYAAAAJ"
    },
    {
      "name": "Jing Peng",
      "scholar_id": "tfOnyFcAAAAJ",
      "url": "https://scholar.google.com/citations?user=tfOnyFcAAAAJ"
    },
    {
      "name": "Deokwoo Lee",
      "scholar_id": "NcGqn0gAAAAJ",
      "url": "https://scholar.google.com/citations?user=NcGqn0gAAAAJ"
    }
  ]
}