{
  "author_info": {
    "name": "Hongxin Zhang",
    "affiliation": "University of Massachusetts, Amherst",
    "email_verified": "Verified email at umass.edu - Homepage",
    "website": "https://icefoxzhx.github.io/",
    "interests": [
      "Artificial Intelligence",
      "Embodied AI",
      "Natural Language Processing"
    ],
    "photo_url": "https://scholar.googleusercontent.com/citations?view_op=view_photo&user=WM-qkBgAAAAJ&citpid=1"
  },
  "citation_stats": {
    "citations_all": 1494,
    "citations_since_2020": 1492,
    "h_index_all": 12,
    "h_index_since_2020": 12,
    "i10_index_all": 12,
    "i10_index_since_2020": 12,
    "citation_graph": [
      {
        "year": 2023,
        "citations": 139
      },
      {
        "year": 2024,
        "citations": 591
      },
      {
        "year": 2025,
        "citations": 755
      }
    ]
  },
  "papers": [
    {
      "title": "TesserAct: learning 4D embodied world models",
      "url": "https://scholar.google.com/citations?view_op=view_citation&hl=en&user=WM-qkBgAAAAJ&citation_for_view=WM-qkBgAAAAJ:LkGwnXOMwfcC",
      "authors": "H Zhen, Q Sun, H Zhang, J Li, S Zhou, Y Du, C Gan",
      "venue": "arXiv preprint arXiv:2504.20995, 2025",
      "year": 2025,
      "citations": 26
    },
    {
      "title": "3D-mem: 3D scene memory for embodied exploration and reasoning",
      "url": "https://scholar.google.com/citations?view_op=view_citation&hl=en&user=WM-qkBgAAAAJ&citation_for_view=WM-qkBgAAAAJ:ufrVoPGSRksC",
      "authors": "Y Yang, H Yang, J Zhou, P Chen, H Zhang, Y Du, C Gan",
      "venue": "Proceedings of the Computer Vision and Pattern Recognition Conference, 17294 …, 2025",
      "year": 2025,
      "citations": 24
    },
    {
      "title": "Virtual community: An open world for humans, robots, and society",
      "url": "https://scholar.google.com/citations?view_op=view_citation&hl=en&user=WM-qkBgAAAAJ&citation_for_view=WM-qkBgAAAAJ:UebtZRa9Y70C",
      "authors": "Q Zhou, H Zhang, X Lin, Z Zhang, Y Chen, W Liu, Z Zhang, S Chen, ...",
      "venue": "arXiv preprint arXiv:2508.14893, 2025",
      "year": 2025,
      "citations": 2
    },
    {
      "title": "Ella: Embodied Social Agents with Lifelong Memory",
      "url": "https://scholar.google.com/citations?view_op=view_citation&hl=en&user=WM-qkBgAAAAJ&citation_for_view=WM-qkBgAAAAJ:hqOjcs7Dif8C",
      "authors": "H Zhang, Z Zhang, Z Wang, Z Zhang, L Fang, Q Zhou, C Gan",
      "venue": "arXiv preprint arXiv:2506.24019, 2025",
      "year": 2025,
      "citations": 1
    },
    {
      "title": "Genesis: A universal and generative physics engine for robotics and beyond",
      "url": "https://scholar.google.com/citations?view_op=view_citation&hl=en&user=WM-qkBgAAAAJ&citation_for_view=WM-qkBgAAAAJ:roLk4NBRz8UC",
      "authors": "G Authors",
      "venue": "URL https://github. com/Genesis-Embodied-AI/Genesis, 2024",
      "year": 2024,
      "citations": 72
    },
    {
      "title": "COMBO: compositional world models for embodied multi-agent cooperation",
      "url": "https://scholar.google.com/citations?view_op=view_citation&hl=en&user=WM-qkBgAAAAJ&citation_for_view=WM-qkBgAAAAJ:Y0pCki6q_DkC",
      "authors": "H Zhang, Z Wang, Q Lyu, Z Zhang, S Chen, T Shu, B Dariush, K Lee, Y Du, ...",
      "venue": "arXiv preprint arXiv:2404.10775, 2024",
      "year": 2024,
      "citations": 49
    },
    {
      "title": "Hazard challenge: Embodied decision making in dynamically changing environments",
      "url": "https://scholar.google.com/citations?view_op=view_citation&hl=en&user=WM-qkBgAAAAJ&citation_for_view=WM-qkBgAAAAJ:IjCSPb-OGe4C",
      "authors": "Q Zhou, S Chen, Y Wang, H Xu, W Du, H Zhang, Y Du, JB Tenenbaum, ...",
      "venue": "arXiv preprint arXiv:2401.12975, 2024",
      "year": 2024,
      "citations": 27
    },
    {
      "title": "Constrained human-ai cooperation: An inclusive embodied social intelligence challenge",
      "url": "https://scholar.google.com/citations?view_op=view_citation&hl=en&user=WM-qkBgAAAAJ&citation_for_view=WM-qkBgAAAAJ:eQOLeE2rZwMC",
      "authors": "W Du, Q Lyu, J Shan, Z Qi, H Zhang, S Chen, A Peng, T Shu, K Lee, ...",
      "venue": "Advances in neural information processing systems 37, 44526-44553, 2024",
      "year": 2024,
      "citations": 6
    },
    {
      "title": "Principle-driven self-alignment of language models from scratch with minimal human supervision",
      "url": "https://scholar.google.com/citations?view_op=view_citation&hl=en&user=WM-qkBgAAAAJ&citation_for_view=WM-qkBgAAAAJ:2osOgNQ5qMEC",
      "authors": "Z Sun, Y Shen, Q Zhou, H Zhang, Z Chen, D Cox, Y Yang, C Gan",
      "venue": "Advances in Neural Information Processing Systems 36, 2511-2565, 2023",
      "year": 2023,
      "citations": 452
    },
    {
      "title": "Building cooperative embodied agents modularly with large language models",
      "url": "https://scholar.google.com/citations?view_op=view_citation&hl=en&user=WM-qkBgAAAAJ&citation_for_view=WM-qkBgAAAAJ:zYLM7Y9cAGgC",
      "authors": "H Zhang, W Du, J Shan, Q Zhou, Y Du, JB Tenenbaum, T Shu, C Gan",
      "venue": "arXiv preprint arXiv:2307.02485, 2023",
      "year": 2023,
      "citations": 392
    },
    {
      "title": "On second thought, let’s not think step by step! bias and toxicity in zero-shot reasoning",
      "url": "https://scholar.google.com/citations?view_op=view_citation&hl=en&user=WM-qkBgAAAAJ&citation_for_view=WM-qkBgAAAAJ:u-x6o8ySG0sC",
      "authors": "O Shaikh, H Zhang, W Held, M Bernstein, D Yang",
      "venue": "Proceedings of the 61st Annual Meeting of the Association for Computational …, 2023",
      "year": 2023,
      "citations": 255
    },
    {
      "title": "SALMON: Self-alignment with instructable reward models",
      "url": "https://scholar.google.com/citations?view_op=view_citation&hl=en&user=WM-qkBgAAAAJ&citation_for_view=WM-qkBgAAAAJ:W7OEmFMy1HYC",
      "authors": "Z Sun, Y Shen, H Zhang, Q Zhou, Z Chen, D Cox, Y Yang, C Gan",
      "venue": "arXiv preprint arXiv:2310.05910, 2023",
      "year": 2023,
      "citations": 105
    },
    {
      "title": "Bounding the capabilities of large language models in open text generation with prompt constraints",
      "url": "https://scholar.google.com/citations?view_op=view_citation&hl=en&user=WM-qkBgAAAAJ&citation_for_view=WM-qkBgAAAAJ:9yKSN-GCB0IC",
      "authors": "A Lu, H Zhang, Y Zhang, X Wang, D Yang",
      "venue": "arXiv preprint arXiv:2302.09185, 2023",
      "year": 2023,
      "citations": 52
    },
    {
      "title": "Robustness of demonstration-based learning under limited data scenario",
      "url": "https://scholar.google.com/citations?view_op=view_citation&hl=en&user=WM-qkBgAAAAJ&citation_for_view=WM-qkBgAAAAJ:u5HHmVD_uO8C",
      "authors": "H Zhang, Y Zhang, R Zhang, D Yang",
      "venue": "arXiv preprint arXiv:2210.10693, 2022",
      "year": 2022,
      "citations": 19
    },
    {
      "title": "Werewolf among us: A multimodal dataset for modeling persuasion behaviors in social deduction games",
      "url": "https://scholar.google.com/citations?view_op=view_citation&hl=en&user=WM-qkBgAAAAJ&citation_for_view=WM-qkBgAAAAJ:d1gkVwhDpl0C",
      "authors": "B Lai, H Zhang, M Liu, A Pariani, F Ryan, W Jia, SA Hayati, JM Rehg, ...",
      "venue": "arXiv preprint arXiv:2212.08279, 2022",
      "year": 2022,
      "citations": 12
    }
  ],
  "co_authors": [
    {
      "name": "Chuang Gan",
      "scholar_id": "PTeSCbIAAAAJ",
      "url": "https://scholar.google.com/citations?user=PTeSCbIAAAAJ"
    },
    {
      "name": "Yilun Du",
      "scholar_id": "GRMMc_MAAAAJ",
      "url": "https://scholar.google.com/citations?user=GRMMc_MAAAAJ"
    },
    {
      "name": "Yikang Shen",
      "scholar_id": "qff5rRYAAAAJ",
      "url": "https://scholar.google.com/citations?user=qff5rRYAAAAJ"
    },
    {
      "name": "Zhiqing Sun",
      "scholar_id": "xkH30GgAAAAJ",
      "url": "https://scholar.google.com/citations?user=xkH30GgAAAAJ"
    },
    {
      "name": "David Cox",
      "scholar_id": "6S-WgLkAAAAJ",
      "url": "https://scholar.google.com/citations?user=6S-WgLkAAAAJ"
    },
    {
      "name": "Yiming Yang",
      "scholar_id": "MlZq4XwAAAAJ",
      "url": "https://scholar.google.com/citations?user=MlZq4XwAAAAJ"
    },
    {
      "name": "Tianmin Shu",
      "scholar_id": "YT_ffdwAAAAJ",
      "url": "https://scholar.google.com/citations?user=YT_ffdwAAAAJ"
    },
    {
      "name": "Diyi Yang",
      "scholar_id": "j9jhYqQAAAAJ",
      "url": "https://scholar.google.com/citations?user=j9jhYqQAAAAJ"
    },
    {
      "name": "Joshua B. Tenenbaum",
      "scholar_id": "rRJ9wTJMUB8C",
      "url": "https://scholar.google.com/citations?user=rRJ9wTJMUB8C"
    },
    {
      "name": "Michael S. Bernstein",
      "scholar_id": "zkhHirIAAAAJ",
      "url": "https://scholar.google.com/citations?user=zkhHirIAAAAJ"
    },
    {
      "name": "Yuncong Yang",
      "scholar_id": "IgQuUY0AAAAJ",
      "url": "https://scholar.google.com/citations?user=IgQuUY0AAAAJ"
    },
    {
      "name": "Peihao Chen",
      "scholar_id": "KkpEXpsAAAAJ",
      "url": "https://scholar.google.com/citations?user=KkpEXpsAAAAJ"
    },
    {
      "name": "Xuezhi Wang",
      "scholar_id": "ScLUQ-YAAAAJ",
      "url": "https://scholar.google.com/citations?user=ScLUQ-YAAAAJ"
    },
    {
      "name": "James M. Rehg",
      "scholar_id": "8kA3eDwAAAAJ",
      "url": "https://scholar.google.com/citations?user=8kA3eDwAAAAJ"
    },
    {
      "name": "Miao Liu",
      "scholar_id": "22ZOlLwAAAAJ",
      "url": "https://scholar.google.com/citations?user=22ZOlLwAAAAJ"
    }
  ]
}