{
  "author_info": {
    "name": "Kailun Yang",
    "affiliation": "Professor. School of Artificial Intelligence and Robotics, Hunan University (HNU); KIT; UAH; ZJU",
    "email_verified": "Verified email at hnu.edu.cn - Homepage",
    "website": "https://www.yangkailun.com/",
    "interests": [
      "Computer Vision",
      "Computational Optics",
      "Intelligent Vehicles",
      "Autonomous Driving",
      "Robotics"
    ],
    "photo_url": "https://scholar.googleusercontent.com/citations?view_op=view_photo&user=pKFqWhgAAAAJ&citpid=7"
  },
  "citation_stats": {
    "citations_all": 6915,
    "citations_since_2020": 6565,
    "h_index_all": 43,
    "h_index_since_2020": 40,
    "i10_index_all": 121,
    "i10_index_since_2020": 117,
    "citation_graph": [
      {
        "year": 2018,
        "citations": 104
      },
      {
        "year": 2019,
        "citations": 220
      },
      {
        "year": 2020,
        "citations": 278
      },
      {
        "year": 2021,
        "citations": 498
      },
      {
        "year": 2022,
        "citations": 784
      },
      {
        "year": 2023,
        "citations": 1222
      },
      {
        "year": 2024,
        "citations": 1792
      },
      {
        "year": 2025,
        "citations": 1969
      }
    ]
  },
  "papers": [
    {
      "title": "TransKD: Transformer knowledge distillation for efficient semantic segmentation",
      "url": "https://scholar.google.com/citations?view_op=view_citation&hl=en&user=pKFqWhgAAAAJ&citation_for_view=pKFqWhgAAAAJ:WA5NYHcadZ8C",
      "authors": "R Liu, K Yang, A Roitberg, J Zhang, K Peng, H Liu, Y Wang, ...",
      "venue": "IEEE Transactions on Intelligent Transportation Systems (T-ITS), 2024",
      "year": 2024,
      "citations": 130
    },
    {
      "title": "CMX: Cross-modal fusion for RGB-X semantic segmentation with transformers",
      "url": "https://scholar.google.com/citations?view_op=view_citation&hl=en&user=pKFqWhgAAAAJ&citation_for_view=pKFqWhgAAAAJ:B3FOqHPlNUQC",
      "authors": "J Zhang, H Liu, K Yang, X Hu, R Liu, R Stiefelhagen",
      "venue": "IEEE Transactions on Intelligent Transportation Systems (T-ITS), 2023",
      "year": 2023,
      "citations": 618
    },
    {
      "title": "Delivering arbitrary-modal semantic segmentation",
      "url": "https://scholar.google.com/citations?view_op=view_citation&hl=en&user=pKFqWhgAAAAJ&citation_for_view=pKFqWhgAAAAJ:eMMeJKvmdy0C",
      "authors": "J Zhang, R Liu, H Shi, K Yang, S Reiß, K Peng, H Fu, K Wang, ...",
      "venue": "IEEE/CVF Conference on Computer Vision and Pattern Recognition (CVPR), 2023",
      "year": 2023,
      "citations": 207
    },
    {
      "title": "MatchFormer: Interleaving attention in transformers for feature matching",
      "url": "https://scholar.google.com/citations?view_op=view_citation&hl=en&user=pKFqWhgAAAAJ&citation_for_view=pKFqWhgAAAAJ:geHnlv5EZngC",
      "authors": "Q Wang, J Zhang, K Yang, K Peng, R Stiefelhagen",
      "venue": "Asian Conference on Computer Vision (ACCV), 2022",
      "year": 2022,
      "citations": 251
    },
    {
      "title": "Event-based fusion for motion deblurring with cross-modal attention",
      "url": "https://scholar.google.com/citations?view_op=view_citation&hl=en&user=pKFqWhgAAAAJ&citation_for_view=pKFqWhgAAAAJ:OU6Ihb5iCvQC",
      "authors": "L Sun, C Sakaridis, J Liang, Q Jiang, K Yang, P Sun, Y Ye, K Wang, ...",
      "venue": "European Conference on Computer Vision (ECCV), 2022",
      "year": 2022,
      "citations": 232
    },
    {
      "title": "Review on panoramic imaging and its applications in scene understanding",
      "url": "https://scholar.google.com/citations?view_op=view_citation&hl=en&user=pKFqWhgAAAAJ&citation_for_view=pKFqWhgAAAAJ:VOx2b1Wkg3QC",
      "authors": "S Gao, K Yang, H Shi, K Wang, J Bai",
      "venue": "IEEE Transactions on Instrumentation and Measurement (TIM), 2022",
      "year": 2022,
      "citations": 156
    },
    {
      "title": "Bending reality: Distortion-aware transformers for adapting to panoramic semantic segmentation",
      "url": "https://scholar.google.com/citations?view_op=view_citation&hl=en&user=pKFqWhgAAAAJ&citation_for_view=pKFqWhgAAAAJ:4fKUyHm3Qg0C",
      "authors": "J Zhang, K Yang, C Ma, S Reiß, K Peng, R Stiefelhagen",
      "venue": "IEEE/CVF Conference on Computer Vision and Pattern Recognition (CVPR), 2022",
      "year": 2022,
      "citations": 136
    },
    {
      "title": "Trans4Trans: Efficient transformer for transparent object and semantic scene segmentation in real-world navigation assistance",
      "url": "https://scholar.google.com/citations?view_op=view_citation&hl=en&user=pKFqWhgAAAAJ&citation_for_view=pKFqWhgAAAAJ:nb7KW1ujOQ8C",
      "authors": "J Zhang, K Yang, A Constantinescu, K Peng, K Müller, R Stiefelhagen",
      "venue": "IEEE Transactions on Intelligent Transportation Systems (T-ITS), 2022",
      "year": 2022,
      "citations": 108
    },
    {
      "title": "Polarization-driven semantic segmentation via efficient attention-bridged fusion",
      "url": "https://scholar.google.com/citations?view_op=view_citation&hl=en&user=pKFqWhgAAAAJ&citation_for_view=pKFqWhgAAAAJ:zA6iFVUQeVQC",
      "authors": "K Xiang, K Yang, K Wang",
      "venue": "Optics Express (OE), 2021",
      "year": 2021,
      "citations": 109
    },
    {
      "title": "Trans4Trans: Efficient transformer for transparent object segmentation to help visually impaired people navigate in the real world",
      "url": "https://scholar.google.com/citations?view_op=view_citation&hl=en&user=pKFqWhgAAAAJ&citation_for_view=pKFqWhgAAAAJ:NhqRSupF_l8C",
      "authors": "J Zhang, K Yang, A Constantinescu, K Peng, K Müller, R Stiefelhagen",
      "venue": "IEEE/CVF International Conference on Computer Vision Workshops (ICCVW), 2021",
      "year": 2021,
      "citations": 100
    },
    {
      "title": "Capturing omni-range context for omnidirectional segmentation",
      "url": "https://scholar.google.com/citations?view_op=view_citation&hl=en&user=pKFqWhgAAAAJ&citation_for_view=pKFqWhgAAAAJ:bFI3QPDXJZMC",
      "authors": "K Yang, J Zhang, S Reiß, X Hu, R Stiefelhagen",
      "venue": "IEEE/CVF Conference on Computer Vision and Pattern Recognition (CVPR), 2021",
      "year": 2021,
      "citations": 99
    },
    {
      "title": "ISSAFE: Improving semantic segmentation in accidents by fusing event-based data",
      "url": "https://scholar.google.com/citations?view_op=view_citation&hl=en&user=pKFqWhgAAAAJ&citation_for_view=pKFqWhgAAAAJ:35N4QoGY0k4C",
      "authors": "J Zhang, K Yang, R Stiefelhagen",
      "venue": "IEEE/RSJ International Conference on Intelligent Robots and Systems (IROS), 2021",
      "year": 2021,
      "citations": 76
    },
    {
      "title": "Real-time fusion network for RGB-D semantic segmentation incorporating unexpected obstacle detection for road-driving images",
      "url": "https://scholar.google.com/citations?view_op=view_citation&hl=en&user=pKFqWhgAAAAJ&citation_for_view=pKFqWhgAAAAJ:RGFaLdJalmkC",
      "authors": "L Sun, K Yang, X Hu, W Hu, K Wang",
      "venue": "IEEE Robotics and Automation Letters (RA-L), 2020",
      "year": 2020,
      "citations": 197
    },
    {
      "title": "ACNet: Attention based network to exploit complementary features for RGBD semantic segmentation",
      "url": "https://scholar.google.com/citations?view_op=view_citation&hl=en&user=pKFqWhgAAAAJ&citation_for_view=pKFqWhgAAAAJ:e5wmG9Sq2KIC",
      "authors": "X Hu, K Yang, L Fei, K Wang",
      "venue": "IEEE International Conference on Image Processing (ICIP), 2019",
      "year": 2019,
      "citations": 548
    },
    {
      "title": "Bridging the day and night domain gap for semantic segmentation",
      "url": "https://scholar.google.com/citations?view_op=view_citation&hl=en&user=pKFqWhgAAAAJ&citation_for_view=pKFqWhgAAAAJ:r0BpntZqJG4C",
      "authors": "E Romera, LM Bergasa, K Yang, JM Alvarez, R Barea",
      "venue": "IEEE Intelligent Vehicles Symposium (IV), 2019",
      "year": 2019,
      "citations": 133
    },
    {
      "title": "PASS: Panoramic annular semantic segmentation",
      "url": "https://scholar.google.com/citations?view_op=view_citation&hl=en&user=pKFqWhgAAAAJ&citation_for_view=pKFqWhgAAAAJ:YFjsv_pBGBYC",
      "authors": "K Yang, X Hu, LM Bergasa, E Romera, K Wang",
      "venue": "IEEE Transactions on Intelligent Transportation Systems (T-ITS), 2019",
      "year": 2019,
      "citations": 127
    },
    {
      "title": "See clearer at night: Towards robust nighttime semantic segmentation through day-night image conversion",
      "url": "https://scholar.google.com/citations?view_op=view_citation&hl=en&user=pKFqWhgAAAAJ&citation_for_view=pKFqWhgAAAAJ:k_IJM867U9cC",
      "authors": "L Sun, K Wang, K Yang, K Xiang",
      "venue": "Artificial Intelligence and Machine Learning in Defense Applications, 2019",
      "year": 2019,
      "citations": 116
    },
    {
      "title": "Unifying obstacle detection, recognition, and fusion based on millimeter wave radar and RGB-depth sensors for the visually impaired",
      "url": "https://scholar.google.com/citations?view_op=view_citation&hl=en&user=pKFqWhgAAAAJ&citation_for_view=pKFqWhgAAAAJ:-f6ydRqryjwC",
      "authors": "N Long, K Wang, R Cheng, W Hu, K Yang",
      "venue": "Review of Scientific Instruments (RSI), 2019",
      "year": 2019,
      "citations": 78
    },
    {
      "title": "Unifying terrain awareness for the visually impaired through real-time semantic segmentation",
      "url": "https://scholar.google.com/citations?view_op=view_citation&hl=en&user=pKFqWhgAAAAJ&citation_for_view=pKFqWhgAAAAJ:W7OEmFMy1HYC",
      "authors": "K Yang, K Wang, LM Bergasa, E Romera, W Hu, D Sun, J Sun, R Cheng, ...",
      "venue": "Sensors, 2018",
      "year": 2018,
      "citations": 132
    },
    {
      "title": "Expanding the detection of traversable area with RealSense for the visually impaired",
      "url": "https://scholar.google.com/citations?view_op=view_citation&hl=en&user=pKFqWhgAAAAJ&citation_for_view=pKFqWhgAAAAJ:2osOgNQ5qMEC",
      "authors": "K Yang, K Wang, W Hu, J Bai",
      "venue": "Sensors, 2016",
      "year": 2016,
      "citations": 107
    }
  ],
  "co_authors": [
    {
      "name": "Kaiwei Wang",
      "scholar_id": "B6xWNvgAAAAJ",
      "url": "https://scholar.google.com/citations?user=B6xWNvgAAAAJ"
    },
    {
      "name": "Rainer Stiefelhagen",
      "scholar_id": "SFCOJxMAAAAJ",
      "url": "https://scholar.google.com/citations?user=SFCOJxMAAAAJ"
    },
    {
      "name": "Jiaming Zhang",
      "scholar_id": "8diau40AAAAJ",
      "url": "https://scholar.google.com/citations?user=8diau40AAAAJ"
    },
    {
      "name": "Kunyu Peng",
      "scholar_id": "pA9c0YsAAAAJ",
      "url": "https://scholar.google.com/citations?user=pA9c0YsAAAAJ"
    },
    {
      "name": "Hao Shi",
      "scholar_id": "0EI9msQAAAAJ",
      "url": "https://scholar.google.com/citations?user=0EI9msQAAAAJ"
    },
    {
      "name": "Ruiping LIU",
      "scholar_id": "tJYUHDgAAAAJ",
      "url": "https://scholar.google.com/citations?user=tJYUHDgAAAAJ"
    },
    {
      "name": "Jian Bai",
      "scholar_id": "U8LLylMAAAAJ",
      "url": "https://scholar.google.com/citations?user=U8LLylMAAAAJ"
    },
    {
      "name": "Ruiqi Cheng",
      "scholar_id": "z4U-du8AAAAJ",
      "url": "https://scholar.google.com/citations?user=z4U-du8AAAAJ"
    },
    {
      "name": "Alina Roitberg",
      "scholar_id": "UuEFRDoAAAAJ",
      "url": "https://scholar.google.com/citations?user=UuEFRDoAAAAJ"
    },
    {
      "name": "Lei Sun",
      "scholar_id": "VLFyM50AAAAJ",
      "url": "https://scholar.google.com/citations?user=VLFyM50AAAAJ"
    },
    {
      "name": "Xinxin Hu",
      "scholar_id": "GFknErYAAAAJ",
      "url": "https://scholar.google.com/citations?user=GFknErYAAAAJ"
    },
    {
      "name": "Luis Miguel Bergasa",
      "scholar_id": "uEBILewAAAAJ",
      "url": "https://scholar.google.com/citations?user=uEBILewAAAAJ"
    },
    {
      "name": "Eduardo Romera",
      "scholar_id": "XtdpNGsAAAAJ",
      "url": "https://scholar.google.com/citations?user=XtdpNGsAAAAJ"
    },
    {
      "name": "Yaozu Ye",
      "scholar_id": "bVDtN9oAAAAJ",
      "url": "https://scholar.google.com/citations?user=bVDtN9oAAAAJ"
    },
    {
      "name": "Junwei Zheng",
      "scholar_id": "i6RJsvwAAAAJ",
      "url": "https://scholar.google.com/citations?user=i6RJsvwAAAAJ"
    },
    {
      "name": "Shaohua Gao",
      "scholar_id": "gO6PvQsAAAAJ",
      "url": "https://scholar.google.com/citations?user=gO6PvQsAAAAJ"
    },
    {
      "name": "Qi Jiang",
      "scholar_id": "6jmjj8EAAAAJ",
      "url": "https://scholar.google.com/citations?user=6jmjj8EAAAAJ"
    },
    {
      "name": "Yufan Chen",
      "scholar_id": "nG2ebe8AAAAJ",
      "url": "https://scholar.google.com/citations?user=nG2ebe8AAAAJ"
    },
    {
      "name": "Ze Wang",
      "scholar_id": "7iVQ_9sAAAAJ",
      "url": "https://scholar.google.com/citations?user=7iVQ_9sAAAAJ"
    },
    {
      "name": "Jiacheng Lin (林家丞)",
      "scholar_id": "rFiGjVEAAAAJ",
      "url": "https://scholar.google.com/citations?user=rFiGjVEAAAAJ"
    }
  ]
}