{
  "author_info": {
    "name": "Xiang Yin",
    "affiliation": "Bytedance AI Lab",
    "email_verified": "Verified email at bytedance.com",
    "interests": [
      "video/audio generation",
      "speech-driven avatar"
    ],
    "photo_url": "/citations/images/avatar_scholar_128.png"
  },
  "citation_stats": {
    "citations_all": 1740,
    "citations_since_2020": 1698,
    "h_index_all": 20,
    "h_index_since_2020": 20,
    "i10_index_all": 33,
    "i10_index_since_2020": 32,
    "citation_graph": [
      {
        "year": 2016,
        "citations": 10
      },
      {
        "year": 2017,
        "citations": 9
      },
      {
        "year": 2018,
        "citations": 11
      },
      {
        "year": 2019,
        "citations": 6
      },
      {
        "year": 2020,
        "citations": 18
      },
      {
        "year": 2021,
        "citations": 45
      },
      {
        "year": 2022,
        "citations": 86
      },
      {
        "year": 2023,
        "citations": 210
      },
      {
        "year": 2024,
        "citations": 577
      },
      {
        "year": 2025,
        "citations": 749
      }
    ]
  },
  "papers": [
    {
      "title": "Real3d-portrait: One-shot realistic 3d talking portrait synthesis",
      "url": "https://scholar.google.com/citations?view_op=view_citation&hl=en&user=e6_J-lEAAAAJ&citation_for_view=e6_J-lEAAAAJ:RHpTSmoSYBkC",
      "authors": "Z Ye, T Zhong, Y Ren, J Yang, W Li, J Huang, Z Jiang, J He, R Huang, ...",
      "venue": "arXiv preprint arXiv:2401.08503, 2024",
      "year": 2024,
      "citations": 85
    },
    {
      "title": "Emotion rendering for conversational speech synthesis with heterogeneous graph-based context modeling",
      "url": "https://scholar.google.com/citations?view_op=view_citation&hl=en&user=e6_J-lEAAAAJ&citation_for_view=e6_J-lEAAAAJ:R3hNpaxXUhUC",
      "authors": "R Liu, Y Hu, Y Ren, X Yin, H Li",
      "venue": "Proceedings of the AAAI Conference on Artificial Intelligence 38 (17), 18698 …, 2024",
      "year": 2024,
      "citations": 31
    },
    {
      "title": "Generative expressive conversational speech synthesis",
      "url": "https://scholar.google.com/citations?view_op=view_citation&hl=en&user=e6_J-lEAAAAJ&citation_for_view=e6_J-lEAAAAJ:TFP_iSt0sucC",
      "authors": "R Liu, Y Hu, Y Ren, X Yin, H Li",
      "venue": "Proceedings of the 32nd ACM International Conference on Multimedia, 4187-4196, 2024",
      "year": 2024,
      "citations": 30
    },
    {
      "title": "Make-an-audio: Text-to-audio generation with prompt-enhanced diffusion models",
      "url": "https://scholar.google.com/citations?view_op=view_citation&hl=en&user=e6_J-lEAAAAJ&citation_for_view=e6_J-lEAAAAJ:kNdYIx-mwKoC",
      "authors": "R Huang, J Huang, D Yang, Y Ren, L Liu, M Li, Z Ye, J Liu, X Yin, Z Zhao",
      "venue": "International Conference on Machine Learning, 13916-13932, 2023",
      "year": 2023,
      "citations": 474
    },
    {
      "title": "Make-an-audio 2: Temporal-enhanced text-to-audio generation",
      "url": "https://scholar.google.com/citations?view_op=view_citation&hl=en&user=e6_J-lEAAAAJ&citation_for_view=e6_J-lEAAAAJ:aqlVkmm33-oC",
      "authors": "J Huang, Y Ren, R Huang, D Yang, Z Ye, C Zhang, J Liu, X Yin, Z Ma, ...",
      "venue": "arXiv preprint arXiv:2305.18474, 2023",
      "year": 2023,
      "citations": 106
    },
    {
      "title": "Mega-tts: Zero-shot text-to-speech at scale with intrinsic inductive bias",
      "url": "https://scholar.google.com/citations?view_op=view_citation&hl=en&user=e6_J-lEAAAAJ&citation_for_view=e6_J-lEAAAAJ:RGFaLdJalmkC",
      "authors": "Z Jiang, Y Ren, Z Ye, J Liu, C Zhang, Q Yang, S Ji, R Huang, C Wang, ...",
      "venue": "arXiv preprint arXiv:2306.03509, 2023",
      "year": 2023,
      "citations": 96
    },
    {
      "title": "Mega-tts 2: Boosting prompting mechanisms for zero-shot speech synthesis",
      "url": "https://scholar.google.com/citations?view_op=view_citation&hl=en&user=e6_J-lEAAAAJ&citation_for_view=e6_J-lEAAAAJ:4JMBOYKVnBMC",
      "authors": "Z Jiang, J Liu, Y Ren, J He, Z Ye, S Ji, Q Yang, C Zhang, P Wei, C Wang, ...",
      "venue": "arXiv preprint arXiv:2307.07218, 2023",
      "year": 2023,
      "citations": 69
    },
    {
      "title": "Geneface++: Generalized and stable real-time audio-driven 3d talking face generation",
      "url": "https://scholar.google.com/citations?view_op=view_citation&hl=en&user=e6_J-lEAAAAJ&citation_for_view=e6_J-lEAAAAJ:YOwf2qJgpHMC",
      "authors": "Z Ye, J He, Z Jiang, R Huang, J Huang, J Liu, Y Ren, X Yin, Z Ma, Z Zhao",
      "venue": "arXiv preprint arXiv:2305.00787, 2023",
      "year": 2023,
      "citations": 62
    },
    {
      "title": "Virtual try-on with pose-garment keypoints guided inpainting",
      "url": "https://scholar.google.com/citations?view_op=view_citation&hl=en&user=e6_J-lEAAAAJ&citation_for_view=e6_J-lEAAAAJ:hFOr9nPyWt4C",
      "authors": "Z Li, P Wei, X Yin, Z Ma, AC Kot",
      "venue": "Proceedings of the IEEE/CVF international conference on computer vision …, 2023",
      "year": 2023,
      "citations": 43
    },
    {
      "title": "Mega-tts 2: Zero-shot text-to-speech with arbitrary length speech prompts",
      "url": "https://scholar.google.com/citations?view_op=view_citation&hl=en&user=e6_J-lEAAAAJ&citation_for_view=e6_J-lEAAAAJ:IWHjjKOFINEC",
      "authors": "Z Jiang, J Liu, Y Ren, J He, C Zhang, Z Ye, P Wei, C Wang, X Yin, Z Ma, ...",
      "venue": "arXiv preprint arXiv:2307.07218, 18698-18706, 2023",
      "year": 2023,
      "citations": 42
    },
    {
      "title": "Clapspeech: Learning prosody from text context with contrastive language-audio pre-training",
      "url": "https://scholar.google.com/citations?view_op=view_citation&hl=en&user=e6_J-lEAAAAJ&citation_for_view=e6_J-lEAAAAJ:4TOpqqG69KYC",
      "authors": "Z Ye, R Huang, Y Ren, Z Jiang, J Liu, J He, X Yin, Z Zhao",
      "venue": "arXiv preprint arXiv:2305.10763, 2023",
      "year": 2023,
      "citations": 24
    },
    {
      "title": "Av-transpeech: Audio-visual robust speech-to-speech translation",
      "url": "https://scholar.google.com/citations?view_op=view_citation&hl=en&user=e6_J-lEAAAAJ&citation_for_view=e6_J-lEAAAAJ:M3ejUd6NZC8C",
      "authors": "R Huang, H Liu, X Cheng, Y Ren, L Li, Z Ye, J He, L Zhang, J Liu, X Yin, ...",
      "venue": "arXiv preprint arXiv:2305.15403, 2023",
      "year": 2023,
      "citations": 22
    },
    {
      "title": "Bytesing: A chinese singing voice synthesis system using duration allocated encoder-decoder acoustic models and wavernn vocoders",
      "url": "https://scholar.google.com/citations?view_op=view_citation&hl=en&user=e6_J-lEAAAAJ&citation_for_view=e6_J-lEAAAAJ:Tyk-4Ss8FVUC",
      "authors": "Y Gu, X Yin, Y Rao, Y Wan, B Tang, Y Zhang, J Chen, Y Wang, Z Ma",
      "venue": "2021 12th International Symposium on Chinese Spoken Language Processing …, 2021",
      "year": 2021,
      "citations": 93
    },
    {
      "title": "Ppg-based singing voice conversion with adversarial representation learning",
      "url": "https://scholar.google.com/citations?view_op=view_citation&hl=en&user=e6_J-lEAAAAJ&citation_for_view=e6_J-lEAAAAJ:YsMSGLbcyi4C",
      "authors": "Z Li, B Tang, X Yin, Y Wan, L Xu, C Shen, Z Ma",
      "venue": "ICASSP 2021-2021 IEEE International Conference on Acoustics, Speech and …, 2021",
      "year": 2021,
      "citations": 55
    },
    {
      "title": "Towards realistic visual dubbing with heterogeneous sources",
      "url": "https://scholar.google.com/citations?view_op=view_citation&hl=en&user=e6_J-lEAAAAJ&citation_for_view=e6_J-lEAAAAJ:LkGwnXOMwfcC",
      "authors": "T Xie, L Liao, C Bi, B Tang, X Yin, J Yang, M Wang, J Yao, Y Zhang, Z Ma",
      "venue": "Proceedings of the 29th ACM international conference on multimedia, 1739-1747, 2021",
      "year": 2021,
      "citations": 45
    },
    {
      "title": "Towards high-fidelity singing voice conversion with acoustic reference and contrastive predictive coding",
      "url": "https://scholar.google.com/citations?view_op=view_citation&hl=en&user=e6_J-lEAAAAJ&citation_for_view=e6_J-lEAAAAJ:_FxGoFyzp5QC",
      "authors": "C Wang, Z Li, B Tang, X Yin, Y Wan, Y Yu, Z Ma",
      "venue": "arXiv preprint arXiv:2110.04754, 2021",
      "year": 2021,
      "citations": 23
    },
    {
      "title": "Cross-speaker emotion transfer based on speaker condition layer normalization and semi-supervised training in text-to-speech",
      "url": "https://scholar.google.com/citations?view_op=view_citation&hl=en&user=e6_J-lEAAAAJ&citation_for_view=e6_J-lEAAAAJ:ufrVoPGSRksC",
      "authors": "P Wu, J Pan, C Xu, J Zhang, L Wu, X Yin, Z Ma",
      "venue": "arXiv preprint arXiv:2110.04153, 2021",
      "year": 2021,
      "citations": 23
    },
    {
      "title": "A unified sequence-to-sequence front-end model for mandarin text-to-speech synthesis",
      "url": "https://scholar.google.com/citations?view_op=view_citation&hl=en&user=e6_J-lEAAAAJ&citation_for_view=e6_J-lEAAAAJ:IjCSPb-OGe4C",
      "authors": "J Pan, X Yin, Z Zhang, S Liu, Y Zhang, Z Ma, Y Wang",
      "venue": "ICASSP 2020-2020 IEEE International Conference on Acoustics, Speech and …, 2020",
      "year": 2020,
      "citations": 42
    },
    {
      "title": "A hybrid text normalization system using multi-head self-attention for mandarin",
      "url": "https://scholar.google.com/citations?view_op=view_citation&hl=en&user=e6_J-lEAAAAJ&citation_for_view=e6_J-lEAAAAJ:zYLM7Y9cAGgC",
      "authors": "J Zhang, J Pan, X Yin, C Li, S Liu, Y Zhang, Y Wang, Z Ma",
      "venue": "ICASSP 2020-2020 IEEE international conference on acoustics, speech and …, 2020",
      "year": 2020,
      "citations": 30
    },
    {
      "title": "Modeling F0 trajectories in hierarchically structured deep neural networks",
      "url": "https://scholar.google.com/citations?view_op=view_citation&hl=en&user=e6_J-lEAAAAJ&citation_for_view=e6_J-lEAAAAJ:qjMakFHDy7sC",
      "authors": "X Yin, M Lei, Y Qian, FK Soong, L He, ZH Ling, LR Dai",
      "venue": "Speech Communication 76, 82-92, 2016",
      "year": 2016,
      "citations": 32
    }
  ],
  "co_authors": []
}