{
  "author_info": {
    "name": "Mohammad Shahab Sepehri",
    "affiliation": "PhD student, University of Southern California",
    "email_verified": "Verified email at usc.edu - Homepage",
    "website": "http://mshahabsepehri.github.io/",
    "interests": [
      "Reliability",
      "Efficiency",
      "VLM"
    ],
    "photo_url": "https://scholar.googleusercontent.com/citations?view_op=view_photo&user=j2scUKoAAAAJ&citpid=1"
  },
  "citation_stats": {
    "citations_all": 31,
    "citations_since_2020": 31,
    "h_index_all": 3,
    "h_index_since_2020": 3,
    "i10_index_all": 1,
    "i10_index_since_2020": 1,
    "citation_graph": [
      {
        "year": 2023,
        "citations": 1
      },
      {
        "year": 2024,
        "citations": 4
      },
      {
        "year": 2025,
        "citations": 26
      }
    ]
  },
  "papers": [
    {
      "title": "MediConfusion: Can you trust your AI radiologist? Probing the reliability of multimodal medical foundation models",
      "url": "https://scholar.google.com/citations?view_op=view_citation&hl=en&user=j2scUKoAAAAJ&citation_for_view=j2scUKoAAAAJ:d1gkVwhDpl0C",
      "authors": "MS Sepehri, Z Fabian, M Soltanolkotabi, M Soltanolkotabi",
      "venue": "The Thirteenth International Conference on Learning Representations, 2025",
      "year": 2025,
      "citations": 21
    },
    {
      "title": "CryptoMamba: Leveraging State Space Models for Accurate Bitcoin Price Prediction",
      "url": "https://scholar.google.com/citations?view_op=view_citation&hl=en&user=j2scUKoAAAAJ&citation_for_view=j2scUKoAAAAJ:2osOgNQ5qMEC",
      "authors": "MS Sepehri, A Mehradfar, M Soltanolkotabi, S Avestimehr",
      "venue": "IEEE International Conference on Blockchain and Cryptocurrency 2025, 0",
      "year": 2025,
      "citations": 4
    },
    {
      "title": "Hyperphantasia: A Benchmark for Evaluating the Mental Visualization Capabilities of Multimodal LLMs",
      "url": "https://scholar.google.com/citations?view_op=view_citation&hl=en&user=j2scUKoAAAAJ&citation_for_view=j2scUKoAAAAJ:YsMSGLbcyi4C",
      "authors": "MS Sepehri, B Tinaz, Z Fabian, M Soltanolkotabi",
      "venue": "The Thirty-ninth Conference on Neural Information Processing Systems …, 2025",
      "year": 2025,
      "citations": 0
    },
    {
      "title": "LANTERN: A Machine Learning Framework for Lipid Nanoparticle Transfection Efficiency Prediction",
      "url": "https://scholar.google.com/citations?view_op=view_citation&hl=en&user=j2scUKoAAAAJ&citation_for_view=j2scUKoAAAAJ:W7OEmFMy1HYC",
      "authors": "A Mehradfar, MS Sepehri, JM Hernandez-Lobato, GS Kwon, ...",
      "venue": "arXiv preprint arXiv:2507.03209, 2025",
      "year": 2025,
      "citations": 0
    },
    {
      "title": "ConceptMix++: Leveling the Playing Field in Text-to-Image Benchmarking via Iterative Prompt Optimization",
      "url": "https://scholar.google.com/citations?view_op=view_citation&hl=en&user=j2scUKoAAAAJ&citation_for_view=j2scUKoAAAAJ:Y0pCki6q_DkC",
      "authors": "H Gan, B Tinaz, MS Sepehri, Z Fabian, M Soltanolkotabi",
      "venue": "Generative Models for Computer Vision Workshop @ CVPR 2025, 2025",
      "year": 2025,
      "citations": 0
    },
    {
      "title": "Serpent: Scalable and Efficient Image Restoration via Multi-scale Structured State Space Models",
      "url": "https://scholar.google.com/citations?view_op=view_citation&hl=en&user=j2scUKoAAAAJ&citation_for_view=j2scUKoAAAAJ:u5HHmVD_uO8C",
      "authors": "MS Sepehri, Z Fabian, M Soltanolkotabi",
      "venue": "Next Generation of Sequence Modeling Architectures Workshop @ ICML 2024, 2024",
      "year": 2024,
      "citations": 6
    }
  ],
  "co_authors": [
    {
      "name": "Mahdi Soltanolkotabi",
      "scholar_id": "narJyMAAAAAJ",
      "url": "https://scholar.google.com/citations?user=narJyMAAAAAJ"
    },
    {
      "name": "Asal Mehradfar",
      "scholar_id": "vRrC7UMAAAAJ",
      "url": "https://scholar.google.com/citations?user=vRrC7UMAAAAJ"
    }
  ]
}