{
  "author_info": {
    "name": "Fang Zhao",
    "affiliation": "Nanjing University",
    "email_verified": "Verified email at nju.edu.cn - Homepage",
    "website": "http://zhaofang0627.github.io/",
    "interests": [
      "Computer Vision",
      "Pattern Recognition",
      "Deep Learning"
    ],
    "photo_url": "https://scholar.googleusercontent.com/citations?view_op=view_photo&user=4C7mvOwAAAAJ&citpid=2"
  },
  "citation_stats": {
    "citations_all": 3667,
    "citations_since_2020": 2903,
    "h_index_all": 26,
    "h_index_since_2020": 24,
    "i10_index_all": 35,
    "i10_index_since_2020": 33,
    "citation_graph": [
      {
        "year": 2015,
        "citations": 10
      },
      {
        "year": 2016,
        "citations": 64
      },
      {
        "year": 2017,
        "citations": 145
      },
      {
        "year": 2018,
        "citations": 223
      },
      {
        "year": 2019,
        "citations": 295
      },
      {
        "year": 2020,
        "citations": 371
      },
      {
        "year": 2021,
        "citations": 491
      },
      {
        "year": 2022,
        "citations": 460
      },
      {
        "year": 2023,
        "citations": 483
      },
      {
        "year": 2024,
        "citations": 607
      },
      {
        "year": 2025,
        "citations": 484
      }
    ]
  },
  "papers": [
    {
      "title": "Skinned motion retargeting with residual perception of motion semantics & geometry",
      "url": "https://scholar.google.com/citations?view_op=view_citation&hl=en&user=4C7mvOwAAAAJ&citation_for_view=4C7mvOwAAAAJ:HDshCWvjkbEC",
      "authors": "J Zhang, J Weng, D Kang, F Zhao, S Huang, X Zhe, L Bao, Y Shan, ...",
      "venue": "Proceedings of the IEEE/CVF Conference on Computer Vision and Pattern …, 2023",
      "year": 2023,
      "citations": 56
    },
    {
      "title": "Regional semantic contrast and aggregation for weakly supervised semantic segmentation",
      "url": "https://scholar.google.com/citations?view_op=view_citation&hl=en&user=4C7mvOwAAAAJ&citation_for_view=4C7mvOwAAAAJ:hC7cP41nSMkC",
      "authors": "T Zhou, M Zhang, F Zhao, J Li",
      "venue": "Proceedings of the IEEE/CVF conference on computer vision and pattern …, 2022",
      "year": 2022,
      "citations": 235
    },
    {
      "title": "Attentive waveblock: complementarity-enhanced mutual networks for unsupervised domain adaptation in person re-identification and beyond",
      "url": "https://scholar.google.com/citations?view_op=view_citation&hl=en&user=4C7mvOwAAAAJ&citation_for_view=4C7mvOwAAAAJ:mVmsd5A6BfQC",
      "authors": "W Wang, F Zhao, S Liao, L Shao",
      "venue": "IEEE Transactions on Image Processing 31, 1532-1544, 2022",
      "year": 2022,
      "citations": 77
    },
    {
      "title": "Beyond monocular deraining: Parallel stereo deraining network via semantic prior",
      "url": "https://scholar.google.com/citations?view_op=view_citation&hl=en&user=4C7mvOwAAAAJ&citation_for_view=4C7mvOwAAAAJ:L8Ckcad2t8MC",
      "authors": "K Zhang, W Luo, Y Yu, W Ren, F Zhao, C Li, L Ma, W Liu, H Li",
      "venue": "International Journal of Computer Vision 130 (7), 1754-1769, 2022",
      "year": 2022,
      "citations": 76
    },
    {
      "title": "Learning anchored unsigned distance functions with gradient direction alignment for single-view garment reconstruction",
      "url": "https://scholar.google.com/citations?view_op=view_citation&hl=en&user=4C7mvOwAAAAJ&citation_for_view=4C7mvOwAAAAJ:IWHjjKOFINEC",
      "authors": "F Zhao, W Wang, S Liao, L Shao",
      "venue": "Proceedings of the IEEE/CVF International Conference on Computer Vision …, 2021",
      "year": 2021,
      "citations": 62
    },
    {
      "title": "Unsupervised domain adaptation with noise resistible mutual-training for person re-identification",
      "url": "https://scholar.google.com/citations?view_op=view_citation&hl=en&user=4C7mvOwAAAAJ&citation_for_view=4C7mvOwAAAAJ:aqlVkmm33-oC",
      "authors": "F Zhao, S Liao, GS Xie, J Zhao, K Zhang, L Shao",
      "venue": "European Conference on Computer Vision, 526-544, 2020",
      "year": 2020,
      "citations": 238
    },
    {
      "title": "Region graph embedding network for zero-shot learning",
      "url": "https://scholar.google.com/citations?view_op=view_citation&hl=en&user=4C7mvOwAAAAJ&citation_for_view=4C7mvOwAAAAJ:Wp0gIr-vW9MC",
      "authors": "GS Xie, L Liu, F Zhu, F Zhao, Z Zhang, Y Yao, J Qin, L Shao",
      "venue": "European conference on computer vision, 562-580, 2020",
      "year": 2020,
      "citations": 214
    },
    {
      "title": "Beyond monocular deraining: Stereo image deraining via semantic understanding",
      "url": "https://scholar.google.com/citations?view_op=view_citation&hl=en&user=4C7mvOwAAAAJ&citation_for_view=4C7mvOwAAAAJ:QIV2ME_5wuYC",
      "authors": "K Zhang, W Luo, W Ren, J Wang, F Zhao, L Ma, H Li",
      "venue": "European Conference on Computer Vision, 71-89, 2020",
      "year": 2020,
      "citations": 58
    },
    {
      "title": "Look across elapse: Disentangled representation learning and photorealistic cross-age face synthesis for age-invariant face recognition",
      "url": "https://scholar.google.com/citations?view_op=view_citation&hl=en&user=4C7mvOwAAAAJ&citation_for_view=4C7mvOwAAAAJ:KlAtU1dfN6UC",
      "authors": "J Zhao, Y Cheng, Y Cheng, Y Yang, F Zhao, J Li, H Liu, S Yan, J Feng",
      "venue": "Proceedings of the AAAI conference on artificial intelligence 33 (01), 9251-9258, 2019",
      "year": 2019,
      "citations": 115
    },
    {
      "title": "Multi-prototype networks for unconstrained set-based face recognition",
      "url": "https://scholar.google.com/citations?view_op=view_citation&hl=en&user=4C7mvOwAAAAJ&citation_for_view=4C7mvOwAAAAJ:4TOpqqG69KYC",
      "authors": "J Zhao, J Li, X Tu, F Zhao, Y Xin, J Xing, H Liu, S Yan, J Feng",
      "venue": "arXiv preprint arXiv:1902.04755, 2019",
      "year": 2019,
      "citations": 63
    },
    {
      "title": "Towards pose invariant face recognition in the wild",
      "url": "https://scholar.google.com/citations?view_op=view_citation&hl=en&user=4C7mvOwAAAAJ&citation_for_view=4C7mvOwAAAAJ:0EnyYjriUFMC",
      "authors": "J Zhao, Y Cheng, Y Xu, L Xiong, J Li, F Zhao, K Jayashree, S Pranata, ...",
      "venue": "Proceedings of the IEEE conference on computer vision and pattern …, 2018",
      "year": 2018,
      "citations": 310
    },
    {
      "title": "Robust LSTM-autoencoders for face de-occlusion in the wild",
      "url": "https://scholar.google.com/citations?view_op=view_citation&hl=en&user=4C7mvOwAAAAJ&citation_for_view=4C7mvOwAAAAJ:LkGwnXOMwfcC",
      "authors": "F Zhao, J Feng, J Zhao, W Yang, S Yan",
      "venue": "IEEE Transactions on Image Processing 27 (2), 778-790, 2018",
      "year": 2018,
      "citations": 211
    },
    {
      "title": "Dynamic conditional networks for few-shot learning",
      "url": "https://scholar.google.com/citations?view_op=view_citation&hl=en&user=4C7mvOwAAAAJ&citation_for_view=4C7mvOwAAAAJ:Zph67rFs4hoC",
      "authors": "F Zhao, J Zhao, S Yan, J Feng",
      "venue": "Proceedings of the European conference on computer vision (ECCV), 19-35, 2018",
      "year": 2018,
      "citations": 86
    },
    {
      "title": "Weakly supervised phrase localization with multi-scale anchored transformer network",
      "url": "https://scholar.google.com/citations?view_op=view_citation&hl=en&user=4C7mvOwAAAAJ&citation_for_view=4C7mvOwAAAAJ:Se3iqnhoufwC",
      "authors": "F Zhao, J Li, J Zhao, J Feng",
      "venue": "Proceedings of the IEEE Conference on Computer Vision and Pattern …, 2018",
      "year": 2018,
      "citations": 83
    },
    {
      "title": "Deep edge guided recurrent residual learning for image super-resolution",
      "url": "https://scholar.google.com/citations?view_op=view_citation&hl=en&user=4C7mvOwAAAAJ&citation_for_view=4C7mvOwAAAAJ:_FxGoFyzp5QC",
      "authors": "W Yang, J Feng, J Yang, F Zhao, J Liu, Z Guo, S Yan",
      "venue": "IEEE Transactions on Image Processing 26 (12), 5895-5907, 2017",
      "year": 2017,
      "citations": 277
    },
    {
      "title": "Dual-agent gans for photorealistic and identity preserving profile face synthesis",
      "url": "https://scholar.google.com/citations?view_op=view_citation&hl=en&user=4C7mvOwAAAAJ&citation_for_view=4C7mvOwAAAAJ:roLk4NBRz8UC",
      "authors": "J Zhao, L Xiong, P Karlekar Jayashree, J Li, F Zhao, Z Wang, ...",
      "venue": "Advances in neural information processing systems 30, 2017",
      "year": 2017,
      "citations": 222
    },
    {
      "title": "Self-supervised neural aggregation networks for human parsing",
      "url": "https://scholar.google.com/citations?view_op=view_citation&hl=en&user=4C7mvOwAAAAJ&citation_for_view=4C7mvOwAAAAJ:8k81kl-MbHgC",
      "authors": "J Zhao, J Li, X Nie, F Zhao, Y Chen, Z Wang, J Feng, S Yan",
      "venue": "Proceedings of the IEEE Conference on Computer Vision and Pattern …, 2017",
      "year": 2017,
      "citations": 88
    },
    {
      "title": "Marginalized CNN: Learning deep invariant representations",
      "url": "https://scholar.google.com/citations?view_op=view_citation&hl=en&user=4C7mvOwAAAAJ&citation_for_view=4C7mvOwAAAAJ:_kc_bZDykSQC",
      "authors": "J Zhao12, J Li, F Zhao, S Yan13, J Feng",
      "venue": "Proc. Brit. Mach. Vis. Conf, 1-12, 2017",
      "year": 2017,
      "citations": 42
    },
    {
      "title": "Robust face recognition with deep multi-view representation learning",
      "url": "https://scholar.google.com/citations?view_op=view_citation&hl=en&user=4C7mvOwAAAAJ&citation_for_view=4C7mvOwAAAAJ:YsMSGLbcyi4C",
      "authors": "J Li, J Zhao, F Zhao, H Liu, J Li, S Shen, J Feng, T Sim",
      "venue": "Proceedings of the 24th ACM international conference on Multimedia, 1068-1072, 2016",
      "year": 2016,
      "citations": 42
    },
    {
      "title": "Deep semantic ranking based hashing for multi-label image retrieval",
      "url": "https://scholar.google.com/citations?view_op=view_citation&hl=en&user=4C7mvOwAAAAJ&citation_for_view=4C7mvOwAAAAJ:d1gkVwhDpl0C",
      "authors": "F Zhao, Y Huang, L Wang, T Tan",
      "venue": "Proceedings of the IEEE conference on computer vision and pattern …, 2015",
      "year": 2015,
      "citations": 746
    }
  ],
  "co_authors": [
    {
      "name": "Jiashi Feng",
      "scholar_id": "Q8iay0gAAAAJ",
      "url": "https://scholar.google.com/citations?user=Q8iay0gAAAAJ"
    },
    {
      "name": "Jianshu Li",
      "scholar_id": "yyz7kMsAAAAJ",
      "url": "https://scholar.google.com/citations?user=yyz7kMsAAAAJ"
    },
    {
      "name": "Shuicheng Yan, with fun in e-AGI: effici...",
      "scholar_id": "DNuiPHwAAAAJ",
      "url": "https://scholar.google.com/citations?user=DNuiPHwAAAAJ"
    },
    {
      "name": "Yongzhen Huang",
      "scholar_id": "OH7-k7oAAAAJ",
      "url": "https://scholar.google.com/citations?user=OH7-k7oAAAAJ"
    },
    {
      "name": "Liang Wang",
      "scholar_id": "8kzzUboAAAAJ",
      "url": "https://scholar.google.com/citations?user=8kzzUboAAAAJ"
    },
    {
      "name": "Yang Wenhan",
      "scholar_id": "S8nAnakAAAAJ",
      "url": "https://scholar.google.com/citations?user=S8nAnakAAAAJ"
    },
    {
      "name": "Tao Xiang",
      "scholar_id": "MeS5d4gAAAAJ",
      "url": "https://scholar.google.com/citations?user=MeS5d4gAAAAJ"
    },
    {
      "name": "Jian ZHAO (赵健)",
      "scholar_id": "zdhRJCkAAAAJ",
      "url": "https://scholar.google.com/citations?user=zdhRJCkAAAAJ"
    }
  ]
}