{
  "author_info": {
    "name": "Aliaksandr Siarohin",
    "affiliation": "unitn.it",
    "email_verified": "Verified email at unitn.it - Homepage",
    "website": "https://aliaksandrsiarohin.github.io/aliaksandr-siarohin-website/",
    "interests": [
      "computer vision",
      "deep learning",
      "image and video generation"
    ],
    "photo_url": "https://scholar.googleusercontent.com/citations?view_op=view_photo&user=uMl5-k4AAAAJ&citpid=1"
  },
  "citation_stats": {
    "citations_all": 6062,
    "citations_since_2020": 5898,
    "h_index_all": 28,
    "h_index_since_2020": 28,
    "i10_index_all": 45,
    "i10_index_since_2020": 45,
    "citation_graph": [
      {
        "year": 2018,
        "citations": 30
      },
      {
        "year": 2019,
        "citations": 123
      },
      {
        "year": 2020,
        "citations": 252
      },
      {
        "year": 2021,
        "citations": 527
      },
      {
        "year": 2022,
        "citations": 718
      },
      {
        "year": 2023,
        "citations": 922
      },
      {
        "year": 2024,
        "citations": 1613
      },
      {
        "year": 2025,
        "citations": 1858
      }
    ]
  },
  "papers": [
    {
      "title": "Panda-70m: Captioning 70m videos with multiple cross-modality teachers",
      "url": "https://scholar.google.com/citations?view_op=view_citation&hl=en&user=uMl5-k4AAAAJ&citation_for_view=uMl5-k4AAAAJ:bEWYMUwI8FkC",
      "authors": "TS Chen, A Siarohin, W Menapace, E Deyneka, H Chao, BE Jeon, Y Fang, ...",
      "venue": "Proceedings of the IEEE/CVF Conference on Computer Vision and Pattern …, 2024",
      "year": 2024,
      "citations": 327
    },
    {
      "title": "Snap video: Scaled spatiotemporal transformers for text-to-video synthesis",
      "url": "https://scholar.google.com/citations?view_op=view_citation&hl=en&user=uMl5-k4AAAAJ&citation_for_view=uMl5-k4AAAAJ:iH-uZ7U-co4C",
      "authors": "W Menapace, A Siarohin, I Skorokhodov, E Deyneka, TS Chen, A Kag, ...",
      "venue": "Proceedings of the IEEE/CVF Conference on Computer Vision and Pattern …, 2024",
      "year": 2024,
      "citations": 100
    },
    {
      "title": "Vd3d: Taming large video diffusion transformers for 3d camera control",
      "url": "https://scholar.google.com/citations?view_op=view_citation&hl=en&user=uMl5-k4AAAAJ&citation_for_view=uMl5-k4AAAAJ:RGFaLdJalmkC",
      "authors": "S Bahmani, I Skorokhodov, A Siarohin, W Menapace, G Qian, ...",
      "venue": "arXiv preprint arXiv:2407.12781, 2024",
      "year": 2024,
      "citations": 88
    },
    {
      "title": "4real: Towards photorealistic 4d scene generation via video diffusion models",
      "url": "https://scholar.google.com/citations?view_op=view_citation&hl=en&user=uMl5-k4AAAAJ&citation_for_view=uMl5-k4AAAAJ:blknAaTinKkC",
      "authors": "H Yu, C Wang, P Zhuang, W Menapace, A Siarohin, J Cao, L Jeni, ...",
      "venue": "Advances in Neural Information Processing Systems 37, 45256-45280, 2024",
      "year": 2024,
      "citations": 53
    },
    {
      "title": "Magic123: One image to high-quality 3d object generation using both 2d and 3d diffusion priors",
      "url": "https://scholar.google.com/citations?view_op=view_citation&hl=en&user=uMl5-k4AAAAJ&citation_for_view=uMl5-k4AAAAJ:IWHjjKOFINEC",
      "authors": "G Qian, J Mai, A Hamdi, J Ren, A Siarohin, B Li, HY Lee, I Skorokhodov, ...",
      "venue": "arXiv preprint arXiv:2306.17843, 2023",
      "year": 2023,
      "citations": 442
    },
    {
      "title": "Infinicity: Infinite-scale city synthesis",
      "url": "https://scholar.google.com/citations?view_op=view_citation&hl=en&user=uMl5-k4AAAAJ&citation_for_view=uMl5-k4AAAAJ:Wp0gIr-vW9MC",
      "authors": "CH Lin, HY Lee, W Menapace, M Chai, A Siarohin, MH Yang, S Tulyakov",
      "venue": "ICCV, 2023",
      "year": 2023,
      "citations": 88
    },
    {
      "title": "DisCoScene: Spatially Disentangled Generative Radiance Fields for Controllable 3D-aware Scene Synthesis",
      "url": "https://scholar.google.com/citations?view_op=view_citation&hl=en&user=uMl5-k4AAAAJ&citation_for_view=uMl5-k4AAAAJ:qxL8FJ1GzNcC",
      "authors": "Y Xu, M Chai, Z Shi, S Peng, I Skorokhodov, A Siarohin, C Yang, Y Shen, ...",
      "venue": "CVPR, 2023",
      "year": 2023,
      "citations": 79
    },
    {
      "title": "Hyperhuman: Hyper-realistic human generation with latent structural diffusion",
      "url": "https://scholar.google.com/citations?view_op=view_citation&hl=en&user=uMl5-k4AAAAJ&citation_for_view=uMl5-k4AAAAJ:HDshCWvjkbEC",
      "authors": "X Liu, J Ren, A Siarohin, I Skorokhodov, Y Li, D Lin, X Liu, Z Liu, ...",
      "venue": "arXiv preprint arXiv:2310.08579, 2023",
      "year": 2023,
      "citations": 72
    },
    {
      "title": "3d generation on imagenet",
      "url": "https://scholar.google.com/citations?view_op=view_citation&hl=en&user=uMl5-k4AAAAJ&citation_for_view=uMl5-k4AAAAJ:9ZlFYXVOiuMC",
      "authors": "I Skorokhodov, A Siarohin, Y Xu, J Ren, HY Lee, P Wonka, S Tulyakov",
      "venue": "ICLR, 2023",
      "year": 2023,
      "citations": 70
    },
    {
      "title": "Autodecoding latent 3d diffusion models",
      "url": "https://scholar.google.com/citations?view_op=view_citation&hl=en&user=uMl5-k4AAAAJ&citation_for_view=uMl5-k4AAAAJ:hC7cP41nSMkC",
      "authors": "E Ntavelis, A Siarohin, K Olszewski, C Wang, LV Gool, S Tulyakov",
      "venue": "Advances in Neural Information Processing Systems 36, 67021-67047, 2023",
      "year": 2023,
      "citations": 56
    },
    {
      "title": "Whitening for self-supervised representation learning",
      "url": "https://scholar.google.com/citations?view_op=view_citation&hl=en&user=uMl5-k4AAAAJ&citation_for_view=uMl5-k4AAAAJ:0EnyYjriUFMC",
      "authors": "A Ermolov, A Siarohin, E Sangineto, N Sebe",
      "venue": "ICML, 2021",
      "year": 2021,
      "citations": 422
    },
    {
      "title": "Motion Representations for Articulated Animation",
      "url": "https://scholar.google.com/citations?view_op=view_citation&hl=en&user=uMl5-k4AAAAJ&citation_for_view=uMl5-k4AAAAJ:MXK_kJrjxJIC",
      "authors": "A Siarohin, OJ Woodford, J Ren, M Chai, S Tulyakov",
      "venue": "CVPR, 2021",
      "year": 2021,
      "citations": 396
    },
    {
      "title": "Playable video generation",
      "url": "https://scholar.google.com/citations?view_op=view_citation&hl=en&user=uMl5-k4AAAAJ&citation_for_view=uMl5-k4AAAAJ:8k81kl-MbHgC",
      "authors": "W Menapace, S Lathuilière, S Tulyakov, A Siarohin, E Ricci",
      "venue": "CVPR, 2021",
      "year": 2021,
      "citations": 78
    },
    {
      "title": "First Order Motion Model for Image Animation",
      "url": "https://scholar.google.com/citations?view_op=view_citation&hl=en&user=uMl5-k4AAAAJ&citation_for_view=uMl5-k4AAAAJ:ufrVoPGSRksC",
      "authors": "A Siarohin, S Lathuillere, S Tulyakov, E Ricci, N Sebe",
      "venue": "NeurIPS, 2019",
      "year": 2019,
      "citations": 1341
    },
    {
      "title": "Animating arbitrary objects via deep motion transfer",
      "url": "https://scholar.google.com/citations?view_op=view_citation&hl=en&user=uMl5-k4AAAAJ&citation_for_view=uMl5-k4AAAAJ:UeHWp8X0CEIC",
      "authors": "A Siarohin, S Lathuilière, S Tulyakov, E Ricci, N Sebe",
      "venue": "CVPR, 2019",
      "year": 2019,
      "citations": 477
    },
    {
      "title": "Unsupervised Domain Adaptation using Feature-Whitening and Consensus Loss",
      "url": "https://scholar.google.com/citations?view_op=view_citation&hl=en&user=uMl5-k4AAAAJ&citation_for_view=uMl5-k4AAAAJ:IjCSPb-OGe4C",
      "authors": "S Roy, A Siarohin, E Sangineto, SR Bulo, N Sebe, E Ricci",
      "venue": "CVPR, 2019",
      "year": 2019,
      "citations": 221
    },
    {
      "title": "DwNet: Dense warp-based network for pose-guided human video generation",
      "url": "https://scholar.google.com/citations?view_op=view_citation&hl=en&user=uMl5-k4AAAAJ&citation_for_view=uMl5-k4AAAAJ:eQOLeE2rZwMC",
      "authors": "P Zablotskaia, A Siarohin, B Zhao, L Sigal",
      "venue": "BMVC, 2019",
      "year": 2019,
      "citations": 170
    },
    {
      "title": "Whitening and Coloring Batch Transform for GANs",
      "url": "https://scholar.google.com/citations?view_op=view_citation&hl=en&user=uMl5-k4AAAAJ&citation_for_view=uMl5-k4AAAAJ:zYLM7Y9cAGgC",
      "authors": "A Siarohin, E Sangineto, N Sebe",
      "venue": "ICLR, 2019",
      "year": 2019,
      "citations": 73
    },
    {
      "title": "Appearance and Pose-Conditioned Human Image Generation using Deformable GANs",
      "url": "https://scholar.google.com/citations?view_op=view_citation&hl=en&user=uMl5-k4AAAAJ&citation_for_view=uMl5-k4AAAAJ:Tyk-4Ss8FVUC",
      "authors": "A Siarohin, S Lathuilière, E Sangineto, N Sebe",
      "venue": "PAMI, 2019",
      "year": 2019,
      "citations": 69
    },
    {
      "title": "Deformable gans for pose-based human image generation",
      "url": "https://scholar.google.com/citations?view_op=view_citation&hl=en&user=uMl5-k4AAAAJ&citation_for_view=uMl5-k4AAAAJ:u5HHmVD_uO8C",
      "authors": "A Siarohin, E Sangineto, S Lathuilière, N Sebe",
      "venue": "CVPR, 2018",
      "year": 2018,
      "citations": 631
    }
  ],
  "co_authors": []
}