{
  "author_info": {
    "name": "Yujia Zhang",
    "affiliation": "The University of Hong Kong",
    "email_verified": "Verified email at connect.hku.hk - Homepage",
    "website": "https://yujia-zhang0913.github.io/",
    "interests": [
      "3D Understanding",
      "Computer Vision"
    ],
    "photo_url": "https://scholar.googleusercontent.com/citations?view_op=view_photo&user=Q7B9oCsAAAAJ&citpid=2"
  },
  "citation_stats": {
    "citations_all": 636,
    "citations_since_2020": 636,
    "h_index_all": 3,
    "h_index_since_2020": 3,
    "i10_index_all": 2,
    "i10_index_since_2020": 2,
    "citation_graph": [
      {
        "year": 2023,
        "citations": 11
      },
      {
        "year": 2024,
        "citations": 207
      },
      {
        "year": 2025,
        "citations": 415
      }
    ]
  },
  "papers": [
    {
      "title": "DriveGPT4-V2: Harnessing Large Language Model Capabilities for Enhanced Closed-Loop Autonomous Driving",
      "url": "https://scholar.google.com/citations?view_op=view_citation&hl=en&user=Q7B9oCsAAAAJ&citation_for_view=Q7B9oCsAAAAJ:u-x6o8ySG0sC",
      "authors": "Z Xu, Y Bai, Y Zhang, Z Li, F Xia, KYK Wong, J Wang, H Zhao",
      "venue": "Computer Vision and Pattern Recognition (CVPR), 17261-17270, 2025",
      "year": 2025,
      "citations": 9
    },
    {
      "title": "Concerto: Joint 2D-3D Self-Supervised Learning Emerges Spatial Representations",
      "url": "https://scholar.google.com/citations?view_op=view_citation&hl=en&user=Q7B9oCsAAAAJ&citation_for_view=Q7B9oCsAAAAJ:9yKSN-GCB0IC",
      "authors": "Y Zhang, X Wu, Y Lao, C Wang, Z Tian, N Wang, H Zhao",
      "venue": "Neural Information Processing Systems (NeurlPS), 2025",
      "year": 2025,
      "citations": 2
    },
    {
      "title": "Drivegpt4: Interpretable end-to-end autonomous driving via large language model",
      "url": "https://scholar.google.com/citations?view_op=view_citation&hl=en&user=Q7B9oCsAAAAJ&citation_for_view=Q7B9oCsAAAAJ:u5HHmVD_uO8C",
      "authors": "Z Xu, Y Zhang, E Xie, Z Zhao, Y Guo, KYK Wong, Z Li, H Zhao",
      "venue": "IEEE Robotics and Automation Letters, 2024",
      "year": 2024,
      "citations": 568
    },
    {
      "title": "Pointcept: A codebase for point cloud perception research",
      "url": "https://scholar.google.com/citations?view_op=view_citation&hl=en&user=Q7B9oCsAAAAJ&citation_for_view=Q7B9oCsAAAAJ:d1gkVwhDpl0C",
      "authors": "P Contributors",
      "venue": "Github. Available online: https://github. com/Pointcept/Pointcept (accessed …, 2023",
      "year": 2023,
      "citations": 57
    }
  ],
  "co_authors": [
    {
      "name": "Hengshuang Zhao",
      "scholar_id": "4uE10I0AAAAJ",
      "url": "https://scholar.google.com/citations?user=4uE10I0AAAAJ"
    },
    {
      "name": "Kwan-Yee Kenneth Wong",
      "scholar_id": "Dxpvy4EAAAAJ",
      "url": "https://scholar.google.com/citations?user=Dxpvy4EAAAAJ"
    },
    {
      "name": "Zhenguo Li",
      "scholar_id": "XboZC1AAAAAJ",
      "url": "https://scholar.google.com/citations?user=XboZC1AAAAAJ"
    },
    {
      "name": "Enze Xie",
      "scholar_id": "42MVVPgAAAAJ",
      "url": "https://scholar.google.com/citations?user=42MVVPgAAAAJ"
    },
    {
      "name": "Zhenhua Xu",
      "scholar_id": "XK8Wg0MAAAAJ",
      "url": "https://scholar.google.com/citations?user=XK8Wg0MAAAAJ"
    },
    {
      "name": "Xiaoyang Wu",
      "scholar_id": "Np1dTpQAAAAJ",
      "url": "https://scholar.google.com/citations?user=Np1dTpQAAAAJ"
    },
    {
      "name": "Zhuotao Tian",
      "scholar_id": "mEjhz-IAAAAJ",
      "url": "https://scholar.google.com/citations?user=mEjhz-IAAAAJ"
    }
  ]
}