{
  "author_info": {
    "name": "Minghui Zhu",
    "affiliation": "Professor, Electrical Engineering and Computer Science, Pennsylvania State University",
    "email_verified": "Verified email at psu.edu - Homepage",
    "website": "https://sites.psu.edu/multiagent/",
    "interests": [
      "Systems and Control",
      "Multi-agent Systems",
      "Robotic Networks",
      "Cyber-physical Systems"
    ],
    "photo_url": "https://scholar.googleusercontent.com/citations?view_op=view_photo&user=d1O4KssAAAAJ&citpid=2"
  },
  "citation_stats": {
    "citations_all": 5307,
    "citations_since_2020": 3009,
    "h_index_all": 32,
    "h_index_since_2020": 26,
    "i10_index_all": 66,
    "i10_index_since_2020": 54,
    "citation_graph": [
      {
        "year": 2010,
        "citations": 32
      },
      {
        "year": 2011,
        "citations": 57
      },
      {
        "year": 2012,
        "citations": 106
      },
      {
        "year": 2013,
        "citations": 93
      },
      {
        "year": 2014,
        "citations": 143
      },
      {
        "year": 2015,
        "citations": 231
      },
      {
        "year": 2016,
        "citations": 329
      },
      {
        "year": 2017,
        "citations": 357
      },
      {
        "year": 2018,
        "citations": 434
      },
      {
        "year": 2019,
        "citations": 467
      },
      {
        "year": 2020,
        "citations": 517
      },
      {
        "year": 2021,
        "citations": 483
      },
      {
        "year": 2022,
        "citations": 455
      },
      {
        "year": 2023,
        "citations": 503
      },
      {
        "year": 2024,
        "citations": 557
      },
      {
        "year": 2025,
        "citations": 484
      }
    ]
  },
  "papers": [
    {
      "title": "Distributed Inverse Constrained Reinforcement Learning for Multi-agent Systems",
      "url": "https://scholar.google.com/citations?view_op=view_citation&hl=en&user=d1O4KssAAAAJ&citation_for_view=d1O4KssAAAAJ:geHnlv5EZngC",
      "authors": "S Liu, M Zhu",
      "venue": "Advances in Neural Information Processing Systems 35, 33444-33456, 2022",
      "year": 2022,
      "citations": 54
    },
    {
      "title": "Adaptive Cyber Defense Against Multi-Stage Attacks Using Learning-Based POMDP",
      "url": "https://scholar.google.com/citations?view_op=view_citation&hl=en&user=d1O4KssAAAAJ&citation_for_view=d1O4KssAAAAJ:UxriW0iASnsC",
      "authors": "Z Hu, M Zhu, P Liu",
      "venue": "ACM Transactions on Privacy and Security (TOPS) 24 (1), 1-25, 2020",
      "year": 2020,
      "citations": 52
    },
    {
      "title": "Privacy preserving distributed optimization using homomorphic encryption",
      "url": "https://scholar.google.com/citations?view_op=view_citation&hl=en&user=d1O4KssAAAAJ&citation_for_view=d1O4KssAAAAJ:rO6llkc54NcC",
      "authors": "Y Lu, M Zhu",
      "venue": "Automatica 96, 314-325, 2018",
      "year": 2018,
      "citations": 234
    },
    {
      "title": "RoboADS: Anomaly detection against sensor and actuator misbehaviors in mobile robots",
      "url": "https://scholar.google.com/citations?view_op=view_citation&hl=en&user=d1O4KssAAAAJ&citation_for_view=d1O4KssAAAAJ:fPk4N6BV_jEC",
      "authors": "P Guo, H Kim, N Virani, J Xu, M Zhu, P Liu",
      "venue": "2018 48th Annual IEEE/IFIP International Conference on Dependable Systems …, 2018",
      "year": 2018,
      "citations": 70
    },
    {
      "title": "Switching and Data Injection Attacks on Stochastic Cyber-Physical Systems: Modeling, Resilient Estimation, and Attack Mitigation",
      "url": "https://scholar.google.com/citations?view_op=view_citation&hl=en&user=d1O4KssAAAAJ&citation_for_view=d1O4KssAAAAJ:2P1L_qKh6hAC",
      "authors": "SZ Yong, M Zhu, E Frazzoli",
      "venue": "ACM Transactions on Cyber-Physical Systems 2 (2), 9, 2018",
      "year": 2018,
      "citations": 54
    },
    {
      "title": "A unified filter for simultaneous input and state estimation of linear discrete-time stochastic systems",
      "url": "https://scholar.google.com/citations?view_op=view_citation&hl=en&user=d1O4KssAAAAJ&citation_for_view=d1O4KssAAAAJ:qUcmZB5y_30C",
      "authors": "SZ Yong, M Zhu, E Frazzoli",
      "venue": "Automatica 63, 321-329, 2016",
      "year": 2016,
      "citations": 229
    },
    {
      "title": "Distributed robust adaptive equilibrium computation for generalized convex games",
      "url": "https://scholar.google.com/citations?view_op=view_citation&hl=en&user=d1O4KssAAAAJ&citation_for_view=d1O4KssAAAAJ:e5wmG9Sq2KIC",
      "authors": "M Zhu, E Frazzoli",
      "venue": "Automatica 63, 82-91, 2016",
      "year": 2016,
      "citations": 147
    },
    {
      "title": "Resilient state estimation against switching attacks on stochastic cyber-physical systems",
      "url": "https://scholar.google.com/citations?view_op=view_citation&hl=en&user=d1O4KssAAAAJ&citation_for_view=d1O4KssAAAAJ:j3f4tGmQtD8C",
      "authors": "SZ Yong, M Zhu, E Frazzoli",
      "venue": "2015 54th IEEE Conference on Decision and Control (CDC), 5162-5169, 2015",
      "year": 2015,
      "citations": 89
    },
    {
      "title": "Distributed Optimization-Based Control of Multi-Agent Networks in Complex Environments",
      "url": "https://scholar.google.com/citations?view_op=view_citation&hl=en&user=d1O4KssAAAAJ&citation_for_view=d1O4KssAAAAJ:mB3voiENLucC",
      "authors": "M Zhu, S Martínez",
      "venue": "Springer, 2015",
      "year": 2015,
      "citations": 75
    },
    {
      "title": "Simultaneous input and state estimation with a delay",
      "url": "https://scholar.google.com/citations?view_op=view_citation&hl=en&user=d1O4KssAAAAJ&citation_for_view=d1O4KssAAAAJ:hMod-77fHWUC",
      "authors": "SZ Yong, M Zhu, E Frazzoli",
      "venue": "2015 54th IEEE Conference on Decision and Control (CDC), 468-475, 2015",
      "year": 2015,
      "citations": 51
    },
    {
      "title": "On the performance analysis of resilient networked control systems under replay attacks",
      "url": "https://scholar.google.com/citations?view_op=view_citation&hl=en&user=d1O4KssAAAAJ&citation_for_view=d1O4KssAAAAJ:Zph67rFs4hoC",
      "authors": "M Zhu, S Martinez",
      "venue": "IEEE Transactions on Automatic Control 59 (3), 804-808, 2014",
      "year": 2014,
      "citations": 553
    },
    {
      "title": "Comparing Different Moving Target Defense Techniques",
      "url": "https://scholar.google.com/citations?view_op=view_citation&hl=en&user=d1O4KssAAAAJ&citation_for_view=d1O4KssAAAAJ:L8Ckcad2t8MC",
      "authors": "J Xu, P Guo, M Zhao, RF Erbacher, M Zhu, P Liu",
      "venue": "Proceedings of the First ACM Workshop on Moving Target Defense, 97-107, 2014",
      "year": 2014,
      "citations": 139
    },
    {
      "title": "Reinforcement learning algorithms for adaptive cyber defense against Heartbleed",
      "url": "https://scholar.google.com/citations?view_op=view_citation&hl=en&user=d1O4KssAAAAJ&citation_for_view=d1O4KssAAAAJ:ZeXyd9-uunAC",
      "authors": "M Zhu, Z Hu, P Liu",
      "venue": "Proceedings of the First ACM Workshop on Moving Target Defense, 51-58, 2014",
      "year": 2014,
      "citations": 81
    },
    {
      "title": "Distributed coverage games for energy-aware mobile sensor networks",
      "url": "https://scholar.google.com/citations?view_op=view_citation&hl=en&user=d1O4KssAAAAJ&citation_for_view=d1O4KssAAAAJ:0EnyYjriUFMC",
      "authors": "M Zhu, S Martínez",
      "venue": "SIAM Journal on Control and Optimization 51 (1), 1-27, 2013",
      "year": 2013,
      "citations": 190
    },
    {
      "title": "An approximate dual subgradient algorithm for multi-agent non-convex optimization",
      "url": "https://scholar.google.com/citations?view_op=view_citation&hl=en&user=d1O4KssAAAAJ&citation_for_view=d1O4KssAAAAJ:WF5omc3nYNoC",
      "authors": "M Zhu, S Martínez",
      "venue": "IEEE Transactions on Automatic Control 58 (6), 1534-1539, 2013",
      "year": 2013,
      "citations": 168
    },
    {
      "title": "On distributed constrained formation control in operator–vehicle adversarial networks",
      "url": "https://scholar.google.com/citations?view_op=view_citation&hl=en&user=d1O4KssAAAAJ&citation_for_view=d1O4KssAAAAJ:KlAtU1dfN6UC",
      "authors": "M Zhu, S Martínez",
      "venue": "Automatica 49 (12), 3571-3582, 2013",
      "year": 2013,
      "citations": 104
    },
    {
      "title": "On distributed convex optimization under inequality and equality constraints",
      "url": "https://scholar.google.com/citations?view_op=view_citation&hl=en&user=d1O4KssAAAAJ&citation_for_view=d1O4KssAAAAJ:LkGwnXOMwfcC",
      "authors": "M Zhu, S Martínez",
      "venue": "IEEE Transactions on Automatic Control 57 (1), 151-164, 2012",
      "year": 2012,
      "citations": 880
    },
    {
      "title": "Stackelberg-game analysis of correlated attacks in cyber-physical systems",
      "url": "https://scholar.google.com/citations?view_op=view_citation&hl=en&user=d1O4KssAAAAJ&citation_for_view=d1O4KssAAAAJ:_FxGoFyzp5QC",
      "authors": "M Zhu, S Martinez",
      "venue": "Proceedings of the 2011 American Control Conference, 4063-4068, 2011",
      "year": 2011,
      "citations": 137
    },
    {
      "title": "On the convergence time of asynchronous distributed quantized averaging algorithms",
      "url": "https://scholar.google.com/citations?view_op=view_citation&hl=en&user=d1O4KssAAAAJ&citation_for_view=d1O4KssAAAAJ:UeHWp8X0CEIC",
      "authors": "M Zhu, S Martínez",
      "venue": "IEEE Transactions on Automatic Control 56 (2), 386-390, 2011",
      "year": 2011,
      "citations": 68
    },
    {
      "title": "Discrete-time dynamic average consensus",
      "url": "https://scholar.google.com/citations?view_op=view_citation&hl=en&user=d1O4KssAAAAJ&citation_for_view=d1O4KssAAAAJ:u5HHmVD_uO8C",
      "authors": "M Zhu, S Martínez",
      "venue": "Automatica 46 (2), 322-329, 2010",
      "year": 2010,
      "citations": 584
    }
  ],
  "co_authors": [
    {
      "name": "Sonia Martinez",
      "scholar_id": "mcsTXIsAAAAJ",
      "url": "https://scholar.google.com/citations?user=mcsTXIsAAAAJ"
    },
    {
      "name": "Peng Liu",
      "scholar_id": "qVOHi9cAAAAJ",
      "url": "https://scholar.google.com/citations?user=qVOHi9cAAAAJ"
    },
    {
      "name": "Emilio Frazzoli",
      "scholar_id": "8JGG3KcAAAAJ",
      "url": "https://scholar.google.com/citations?user=8JGG3KcAAAAJ"
    },
    {
      "name": "Sze Zheng Yong",
      "scholar_id": "Y5uZtkcAAAAJ",
      "url": "https://scholar.google.com/citations?user=Y5uZtkcAAAAJ"
    },
    {
      "name": "Zhisheng Hu",
      "scholar_id": "C-ELa08AAAAJ",
      "url": "https://scholar.google.com/citations?user=C-ELa08AAAAJ"
    },
    {
      "name": "Hunmin Kim",
      "scholar_id": "ud47hnUAAAAJ",
      "url": "https://scholar.google.com/citations?user=ud47hnUAAAAJ"
    },
    {
      "name": "Zhenyuan Yuan",
      "scholar_id": "C6LjwooAAAAJ",
      "url": "https://scholar.google.com/citations?user=C6LjwooAAAAJ"
    },
    {
      "name": "Pinyao Guo",
      "scholar_id": "BQfTkLUAAAAJ",
      "url": "https://scholar.google.com/citations?user=BQfTkLUAAAAJ"
    },
    {
      "name": "Jun Xu",
      "scholar_id": "9nHXbTEAAAAJ",
      "url": "https://scholar.google.com/citations?user=9nHXbTEAAAAJ"
    },
    {
      "name": "Siyuan Xu",
      "scholar_id": "ZV1580IAAAAJ",
      "url": "https://scholar.google.com/citations?user=ZV1580IAAAAJ"
    },
    {
      "name": "Ping Chen",
      "scholar_id": "fhKFGecAAAAJ",
      "url": "https://scholar.google.com/citations?user=fhKFGecAAAAJ"
    },
    {
      "name": "Shicheng Liu",
      "scholar_id": "ewfMTOkAAAAJ",
      "url": "https://scholar.google.com/citations?user=ewfMTOkAAAAJ"
    },
    {
      "name": "Nurali Virani",
      "scholar_id": "BJWRe2oAAAAJ",
      "url": "https://scholar.google.com/citations?user=BJWRe2oAAAAJ"
    },
    {
      "name": "Na Li",
      "scholar_id": "qdGelXoAAAAJ",
      "url": "https://scholar.google.com/citations?user=qdGelXoAAAAJ"
    },
    {
      "name": "Asok Ray",
      "scholar_id": "P62gJzcAAAAJ",
      "url": "https://scholar.google.com/citations?user=P62gJzcAAAAJ"
    },
    {
      "name": "Alan R Wagner",
      "scholar_id": "YP1hCCMAAAAJ",
      "url": "https://scholar.google.com/citations?user=YP1hCCMAAAAJ"
    },
    {
      "name": "Hai Lin",
      "scholar_id": "-44pSHgAAAAJ",
      "url": "https://scholar.google.com/citations?user=-44pSHgAAAAJ"
    },
    {
      "name": "Guoxiang Zhao",
      "scholar_id": "7v55jAQAAAAJ",
      "url": "https://scholar.google.com/citations?user=7v55jAQAAAAJ"
    },
    {
      "name": "Jianming (Jamie) Lian",
      "scholar_id": "hEszyGwAAAAJ",
      "url": "https://scholar.google.com/citations?user=hEszyGwAAAAJ"
    },
    {
      "name": "Samer S. Saab Jr",
      "scholar_id": "XS7mv0sAAAAJ",
      "url": "https://scholar.google.com/citations?user=XS7mv0sAAAAJ"
    }
  ]
}