{
  "author_info": {
    "name": "Yuxuan Guo",
    "affiliation": "Phd Candidate, USTC",
    "email_verified": "Verified email at mail.ustc.edu.cn",
    "interests": [
      "Emergent Communication",
      "Large Language Model"
    ],
    "photo_url": "/citations/images/avatar_scholar_128.png"
  },
  "citation_stats": {
    "citation_graph": []
  },
  "papers": [
    {
      "title": "Emergent communication for numerical concepts generalization",
      "url": "https://scholar.google.com/citations?view_op=view_citation&hl=en&user=NAy6MxAAAAAJ&citation_for_view=NAy6MxAAAAAJ:u-x6o8ySG0sC",
      "authors": "E Zhou, Y Hao, R Zhang, Y Guo, Z Du, X Zhang, X Song, C Wang, X Zhou, ...",
      "venue": "Proceedings of the AAAI Conference on Artificial Intelligence 38 (16), 17609 …, 2024",
      "year": 2024,
      "citations": 0
    },
    {
      "title": "Emergent communication for rules reasoning",
      "url": "https://scholar.google.com/citations?view_op=view_citation&hl=en&user=NAy6MxAAAAAJ&citation_for_view=NAy6MxAAAAAJ:u5HHmVD_uO8C",
      "authors": "Y Guo, Y Hao, R Zhang, E Zhou, Z Du, X Song, Y Wen, Y Zhao, X Zhou, ...",
      "venue": "Advances in Neural Information Processing Systems 36, 68655-68672, 2023",
      "year": 2023,
      "citations": 0
    }
  ],
  "co_authors": []
}