{
  "author_info": {
    "name": "Shayan Shirahmad Gale Bagi",
    "affiliation": "University of Waterloo",
    "email_verified": "Verified email at uwaterloo.ca - Homepage",
    "website": "https://uwaterloo.ca/scholar/sshirahm/",
    "interests": [
      "Deep Learning",
      "Computer Vision",
      "Causality",
      "Causal Representation Learning"
    ],
    "photo_url": "https://scholar.googleusercontent.com/citations?view_op=view_photo&user=3-YdeMMAAAAJ&citpid=3"
  },
  "citation_stats": {
    "citations_all": 74,
    "citations_since_2020": 72,
    "h_index_all": 5,
    "h_index_since_2020": 5,
    "i10_index_all": 3,
    "i10_index_since_2020": 3,
    "citation_graph": [
      {
        "year": 2021,
        "citations": 2
      },
      {
        "year": 2022,
        "citations": 5
      },
      {
        "year": 2023,
        "citations": 17
      },
      {
        "year": 2024,
        "citations": 25
      },
      {
        "year": 2025,
        "citations": 21
      }
    ]
  },
  "papers": [
    {
      "title": "Advancing Causal Representation Learning: Enhancing Robustness and Transferability in Real-World Applications",
      "url": "https://scholar.google.com/citations?view_op=view_citation&hl=en&user=3-YdeMMAAAAJ&citation_for_view=3-YdeMMAAAAJ:Y0pCki6q_DkC",
      "authors": "SSG Bagi",
      "venue": "University of Waterloo, 2025",
      "year": 2025,
      "citations": 0
    },
    {
      "title": "Implicit Causal Representation Learning via Switchable Mechanisms",
      "url": "https://scholar.google.com/citations?view_op=view_citation&hl=en&user=3-YdeMMAAAAJ&citation_for_view=3-YdeMMAAAAJ:Tyk-4Ss8FVUC",
      "authors": "SSG Bagi, Z Gharaee, O Schulte, M Crowley",
      "venue": "arXiv preprint arXiv:2402.11124, 2024",
      "year": 2024,
      "citations": 0
    },
    {
      "title": "Deep representation of imbalanced spatio‐temporal traffic flow data for traffic accident detection",
      "url": "https://scholar.google.com/citations?view_op=view_citation&hl=en&user=3-YdeMMAAAAJ&citation_for_view=3-YdeMMAAAAJ:d1gkVwhDpl0C",
      "authors": "P Mehrannia, SSG Bagi, B Moshiri, OA Al‐Basir",
      "venue": "IET Intelligent Transport Systems 17 (3), 606-619, 2023",
      "year": 2023,
      "citations": 27
    },
    {
      "title": "Generative causal representation learning for out-of-distribution motion forecasting",
      "url": "https://scholar.google.com/citations?view_op=view_citation&hl=en&user=3-YdeMMAAAAJ&citation_for_view=3-YdeMMAAAAJ:2osOgNQ5qMEC",
      "authors": "SSG Bagi, Z Gharaee, O Schulte, M Crowley",
      "venue": "International Conference on Machine Learning, 31596-31612, 2023",
      "year": 2023,
      "citations": 20
    },
    {
      "title": "Real-time pedestrian detection using enhanced representations from light-weight YOLO network",
      "url": "https://scholar.google.com/citations?view_op=view_citation&hl=en&user=3-YdeMMAAAAJ&citation_for_view=3-YdeMMAAAAJ:9yKSN-GCB0IC",
      "authors": "SSG Bagi, B Moshiri, HG Garakani, M Crowley, P Mehrannia",
      "venue": "2022 8th International Conference on Control, Decision and Information …, 2022",
      "year": 2022,
      "citations": 6
    },
    {
      "title": "Blind Spot Detection System in Vehicles Using Fusion of Radar Detections and Camera Verification.",
      "url": "https://scholar.google.com/citations?view_op=view_citation&hl=en&user=3-YdeMMAAAAJ&citation_for_view=3-YdeMMAAAAJ:W7OEmFMy1HYC",
      "authors": "SSG Bagi, B Moshiri, HG Garakani, M Khoshnevisan",
      "venue": "Int. J. Intell. Transp. Syst. Res. 19 (2), 389-404, 2021",
      "year": 2021,
      "citations": 5
    },
    {
      "title": "Blind spot detection system in vehicles using fusion of radar detections and camera verification",
      "url": "https://scholar.google.com/citations?view_op=view_citation&hl=en&user=3-YdeMMAAAAJ&citation_for_view=3-YdeMMAAAAJ:u-x6o8ySG0sC",
      "authors": "S Shirahmad Gale Bagi, B Moshiri, H Gharaee Garakani, ...",
      "venue": "International journal of intelligent transportation systems research 19 (2 …, 2021",
      "year": 2021,
      "citations": 2
    },
    {
      "title": "Sensing structure for blind spot detection system in vehicles",
      "url": "https://scholar.google.com/citations?view_op=view_citation&hl=en&user=3-YdeMMAAAAJ&citation_for_view=3-YdeMMAAAAJ:u5HHmVD_uO8C",
      "authors": "SSG Bagi, HG Garakani, B Moshiri, M Khoshnevisan",
      "venue": "2019 International Conference on Control, Automation and Information …, 2019",
      "year": 2019,
      "citations": 14
    }
  ],
  "co_authors": [
    {
      "name": "Behzad Moshiri",
      "scholar_id": "SmL7-6YAAAAJ",
      "url": "https://scholar.google.com/citations?user=SmL7-6YAAAAJ"
    },
    {
      "name": "Hossein Gharaee Garakani",
      "scholar_id": "BMzzjgYAAAAJ",
      "url": "https://scholar.google.com/citations?user=BMzzjgYAAAAJ"
    },
    {
      "name": "Mark Crowley",
      "scholar_id": "eL_y80EAAAAJ",
      "url": "https://scholar.google.com/citations?user=eL_y80EAAAAJ"
    },
    {
      "name": "Pouya Mehrannia",
      "scholar_id": "pv_KXhgAAAAJ",
      "url": "https://scholar.google.com/citations?user=pv_KXhgAAAAJ"
    },
    {
      "name": "Zahra Gharaee",
      "scholar_id": "nWe8d1MAAAAJ",
      "url": "https://scholar.google.com/citations?user=nWe8d1MAAAAJ"
    }
  ]
}