{
  "author_info": {
    "name": "Yinghong Liao",
    "affiliation": "The Chinese University of Hong Kong, Shenzhen",
    "email_verified": "Verified email at link.cuhk.edu.cn",
    "interests": [
      "Computer Vision"
    ],
    "photo_url": "https://scholar.googleusercontent.com/citations?view_op=view_photo&user=XEJEaCsAAAAJ&citpid=1"
  },
  "citation_stats": {
    "citations_all": 566,
    "citations_since_2020": 564,
    "h_index_all": 8,
    "h_index_since_2020": 8,
    "i10_index_all": 8,
    "i10_index_since_2020": 8,
    "citation_graph": [
      {
        "year": 2019,
        "citations": 2
      },
      {
        "year": 2020,
        "citations": 2
      },
      {
        "year": 2021,
        "citations": 16
      },
      {
        "year": 2022,
        "citations": 51
      },
      {
        "year": 2023,
        "citations": 118
      },
      {
        "year": 2024,
        "citations": 183
      },
      {
        "year": 2025,
        "citations": 190
      }
    ]
  },
  "papers": [
    {
      "title": "Empowering large language models with 3d situation awareness",
      "url": "https://scholar.google.com/citations?view_op=view_citation&hl=en&user=XEJEaCsAAAAJ&citation_for_view=XEJEaCsAAAAJ:_FxGoFyzp5QC",
      "authors": "Z Yuan, Y Peng, J Ren, Y Liao, Y Han, CM Feng, H Zhao, G Li, S Cui, Z Li",
      "venue": "Proceedings of the Computer Vision and Pattern Recognition Conference, 19435 …, 2025",
      "year": 2025,
      "citations": 1
    },
    {
      "title": "Target object tracking method, device, apparatus, and storage medium",
      "url": "https://scholar.google.com/citations?view_op=view_citation&hl=en&user=XEJEaCsAAAAJ&citation_for_view=XEJEaCsAAAAJ:WF5omc3nYNoC",
      "authors": "Z Li, C Zheng, X Yan, W ZHAO, Y Liao, S Cui",
      "venue": "US Patent App. 18/518,423, 2024",
      "year": 2024,
      "citations": 0
    },
    {
      "title": "Bev@ dc: Bird's-eye view assisted training for depth completion",
      "url": "https://scholar.google.com/citations?view_op=view_citation&hl=en&user=XEJEaCsAAAAJ&citation_for_view=XEJEaCsAAAAJ:YsMSGLbcyi4C",
      "authors": "W Zhou, X Yan, Y Liao, Y Lin, J Huang, G Zhao, S Cui, Z Li",
      "venue": "Proceedings of the IEEE/CVF conference on computer vision and pattern …, 2023",
      "year": 2023,
      "citations": 46
    },
    {
      "title": "Comprehensive visual question answering on point clouds through compositional scene manipulation",
      "url": "https://scholar.google.com/citations?view_op=view_citation&hl=en&user=XEJEaCsAAAAJ&citation_for_view=XEJEaCsAAAAJ:eQOLeE2rZwMC",
      "authors": "X Yan, Z Yuan, Y Du, Y Liao, Y Guo, S Cui, Z Li",
      "venue": "IEEE Transactions on Visualization and Computer Graphics 30 (12), 7473-7485, 2023",
      "year": 2023,
      "citations": 25
    },
    {
      "title": "Spatio-temporal contextual learning for single object tracking on point clouds",
      "url": "https://scholar.google.com/citations?view_op=view_citation&hl=en&user=XEJEaCsAAAAJ&citation_for_view=XEJEaCsAAAAJ:W7OEmFMy1HYC",
      "authors": "J Gao, X Yan, W Zhao, Z Lyu, Y Liao, C Zheng",
      "venue": "IEEE Transactions on Neural Networks and Learning Systems 35 (7), 9470-9482, 2023",
      "year": 2023,
      "citations": 22
    },
    {
      "title": "Geometry-aware network for domain adaptive semantic segmentation",
      "url": "https://scholar.google.com/citations?view_op=view_citation&hl=en&user=XEJEaCsAAAAJ&citation_for_view=XEJEaCsAAAAJ:Y0pCki6q_DkC",
      "authors": "Y Liao, W Zhou, X Yan, Z Li, Y Yu, S Cui",
      "venue": "Proceedings of the AAAI Conference on Artificial Intelligence 37 (7), 8755-8763, 2023",
      "year": 2023,
      "citations": 8
    },
    {
      "title": "X-trans2cap: Cross-modal knowledge transfer using transformer for 3d dense captioning",
      "url": "https://scholar.google.com/citations?view_op=view_citation&hl=en&user=XEJEaCsAAAAJ&citation_for_view=XEJEaCsAAAAJ:zYLM7Y9cAGgC",
      "authors": "Z Yuan, X Yan, Y Liao, Y Guo, G Li, S Cui, Z Li",
      "venue": "Proceedings of the IEEE/CVF Conference on Computer Vision and Pattern …, 2022",
      "year": 2022,
      "citations": 115
    },
    {
      "title": "Instancerefer: Cooperative holistic understanding for visual grounding on point clouds through instance multi-level contextual referring",
      "url": "https://scholar.google.com/citations?view_op=view_citation&hl=en&user=XEJEaCsAAAAJ&citation_for_view=XEJEaCsAAAAJ:9yKSN-GCB0IC",
      "authors": "Z Yuan, X Yan, Y Liao, R Zhang, S Wang, Z Li, S Cui",
      "venue": "Proceedings of the IEEE/CVF International Conference on Computer Vision …, 2021",
      "year": 2021,
      "citations": 187
    },
    {
      "title": "Medical-VLBERT: Medical Visual Language BERT for COVID-19 CT Report Generation With Alternate Learning",
      "url": "https://scholar.google.com/citations?view_op=view_citation&hl=en&user=XEJEaCsAAAAJ&citation_for_view=XEJEaCsAAAAJ:UeHWp8X0CEIC",
      "authors": "G Liu, Y Liao, F Wang, B Zhang, L Zhang, X Liang, X Wan, S Li, Z Li, ...",
      "venue": "IEEE Transactions on Neural Networks and Learning Systems 32 (9), 3786 - 3797, 2021",
      "year": 2021,
      "citations": 84
    },
    {
      "title": "CLEVR3D: Compositional language and elementary visual reasoning for question answering in 3D real-world scenes",
      "url": "https://scholar.google.com/citations?view_op=view_citation&hl=en&user=XEJEaCsAAAAJ&citation_for_view=XEJEaCsAAAAJ:IjCSPb-OGe4C",
      "authors": "X Yan, Z Yuan, Y Du, Y Liao, Y Guo, Z Li, S Cui",
      "venue": "arXiv preprint arXiv:2112.11691 2 (3), 2021",
      "year": 2021,
      "citations": 24
    },
    {
      "title": "Learning transmission filtering network for image-based Pm2. 5 estimation",
      "url": "https://scholar.google.com/citations?view_op=view_citation&hl=en&user=XEJEaCsAAAAJ&citation_for_view=XEJEaCsAAAAJ:qjMakFHDy7sC",
      "authors": "Y Liao, B Qiu, Z Su, R Wang, X He",
      "venue": "2019 IEEE International Conference on Multimedia and Expo (ICME), 266-271, 2019",
      "year": 2019,
      "citations": 6
    },
    {
      "title": "Hdp-net: Haze density prediction network for nighttime dehazing",
      "url": "https://scholar.google.com/citations?view_op=view_citation&hl=en&user=XEJEaCsAAAAJ&citation_for_view=XEJEaCsAAAAJ:2osOgNQ5qMEC",
      "authors": "Y Liao, Z Su, X Liang, B Qiu",
      "venue": "Pacific Rim Conference on Multimedia, 469-480, 2018",
      "year": 2018,
      "citations": 48
    }
  ],
  "co_authors": [
    {
      "name": "Shuguang Cui",
      "scholar_id": "1o_qvR0AAAAJ",
      "url": "https://scholar.google.com/citations?user=1o_qvR0AAAAJ"
    },
    {
      "name": "Xu Yan (颜旭)",
      "scholar_id": "TK4Ty0gAAAAJ",
      "url": "https://scholar.google.com/citations?user=TK4Ty0gAAAAJ"
    },
    {
      "name": "Guanbin Li (李冠彬)",
      "scholar_id": "2A2Bx2UAAAAJ",
      "url": "https://scholar.google.com/citations?user=2A2Bx2UAAAAJ"
    },
    {
      "name": "Zhihao Yuan",
      "scholar_id": "jLqS89IAAAAJ",
      "url": "https://scholar.google.com/citations?user=jLqS89IAAAAJ"
    },
    {
      "name": "Guangyi Liu",
      "scholar_id": "CrKPqTMAAAAJ",
      "url": "https://scholar.google.com/citations?user=CrKPqTMAAAAJ"
    },
    {
      "name": "Xiaodan Liang",
      "scholar_id": "voxznZAAAAAJ",
      "url": "https://scholar.google.com/citations?user=voxznZAAAAAJ"
    },
    {
      "name": "Xiang Wan",
      "scholar_id": "e3_kWigAAAAJ",
      "url": "https://scholar.google.com/citations?user=e3_kWigAAAAJ"
    },
    {
      "name": "Chaoda Zheng (郑超达)",
      "scholar_id": "3YuWG1QAAAAJ",
      "url": "https://scholar.google.com/citations?user=3YuWG1QAAAAJ"
    },
    {
      "name": "yuankai lin",
      "scholar_id": "I_WdxZwAAAAJ",
      "url": "https://scholar.google.com/citations?user=I_WdxZwAAAAJ"
    },
    {
      "name": "Jiantao Gao",
      "scholar_id": "C_qUuAQAAAAJ",
      "url": "https://scholar.google.com/citations?user=C_qUuAQAAAAJ"
    },
    {
      "name": "Zhen Li",
      "scholar_id": "0TTt3QsAAAAJ",
      "url": "https://scholar.google.com/citations?user=0TTt3QsAAAAJ"
    },
    {
      "name": "Yizhou Yu",
      "scholar_id": "e38fTZQAAAAJ",
      "url": "https://scholar.google.com/citations?user=e38fTZQAAAAJ"
    }
  ]
}