{
  "author_info": {
    "name": "Simon See",
    "affiliation": "nvidia",
    "email_verified": "Verified email at nvidia.com",
    "interests": [
      "applied mathematics",
      "AI",
      "machine learning",
      "High Performance Computing",
      "Simulation"
    ],
    "photo_url": "https://scholar.googleusercontent.com/citations?view_op=view_photo&user=ebIHTEoAAAAJ&citpid=1"
  },
  "citation_stats": {
    "citations_all": 4585,
    "citations_since_2020": 3597,
    "h_index_all": 36,
    "h_index_since_2020": 30,
    "i10_index_all": 91,
    "i10_index_since_2020": 68,
    "citation_graph": [
      {
        "year": 2006,
        "citations": 23
      },
      {
        "year": 2007,
        "citations": 30
      },
      {
        "year": 2008,
        "citations": 31
      },
      {
        "year": 2009,
        "citations": 45
      },
      {
        "year": 2010,
        "citations": 63
      },
      {
        "year": 2011,
        "citations": 48
      },
      {
        "year": 2012,
        "citations": 61
      },
      {
        "year": 2013,
        "citations": 61
      },
      {
        "year": 2014,
        "citations": 64
      },
      {
        "year": 2015,
        "citations": 65
      },
      {
        "year": 2016,
        "citations": 88
      },
      {
        "year": 2017,
        "citations": 88
      },
      {
        "year": 2018,
        "citations": 103
      },
      {
        "year": 2019,
        "citations": 162
      },
      {
        "year": 2020,
        "citations": 213
      },
      {
        "year": 2021,
        "citations": 275
      },
      {
        "year": 2022,
        "citations": 353
      },
      {
        "year": 2023,
        "citations": 537
      },
      {
        "year": 2024,
        "citations": 929
      },
      {
        "year": 2025,
        "citations": 1265
      }
    ]
  },
  "papers": [
    {
      "title": "Motion-i2v: Consistent and controllable image-to-video generation with explicit motion modeling",
      "url": "https://scholar.google.com/citations?view_op=view_citation&hl=en&user=ebIHTEoAAAAJ&citation_for_view=ebIHTEoAAAAJ:BAanoTsO0WEC",
      "authors": "X Shi, Z Huang, FY Wang, W Bian, D Li, Y Zhang, M Zhang, KC Cheung, ...",
      "venue": "ACM SIGGRAPH 2024 Conference Papers, 1-11, 2024",
      "year": 2024,
      "citations": 152
    },
    {
      "title": "Flowformer++: Masked cost volume autoencoding for pretraining optical flow estimation",
      "url": "https://scholar.google.com/citations?view_op=view_citation&hl=en&user=ebIHTEoAAAAJ&citation_for_view=ebIHTEoAAAAJ:x21FZCSn4ZoC",
      "authors": "X Shi, Z Huang, D Li, M Zhang, KC Cheung, S See, H Qin, J Dai, H Li",
      "venue": "Proceedings of the IEEE/CVF conference on computer vision and pattern …, 2023",
      "year": 2023,
      "citations": 167
    },
    {
      "title": "Videoflow: Exploiting temporal cues for multi-frame optical flow estimation",
      "url": "https://scholar.google.com/citations?view_op=view_citation&hl=en&user=ebIHTEoAAAAJ&citation_for_view=ebIHTEoAAAAJ:EaFouW7jFu4C",
      "authors": "X Shi, Z Huang, W Bian, D Li, M Zhang, KC Cheung, S See, H Qin, J Dai, ...",
      "venue": "Proceedings of the IEEE/CVF International Conference on Computer Vision …, 2023",
      "year": 2023,
      "citations": 144
    },
    {
      "title": "A simple baseline for video restoration with grouped spatial-temporal shift",
      "url": "https://scholar.google.com/citations?view_op=view_citation&hl=en&user=ebIHTEoAAAAJ&citation_for_view=ebIHTEoAAAAJ:L24QuVWYgZ0C",
      "authors": "D Li, X Shi, Y Zhang, KC Cheung, S See, X Wang, H Qin, H Li",
      "venue": "Proceedings of the IEEE/CVF Conference on Computer Vision and Pattern …, 2023",
      "year": 2023,
      "citations": 98
    },
    {
      "title": "Continual semantic segmentation with automatic memory sample selection",
      "url": "https://scholar.google.com/citations?view_op=view_citation&hl=en&user=ebIHTEoAAAAJ&citation_for_view=ebIHTEoAAAAJ:rCNdntzdTkkC",
      "authors": "L Zhu, T Chen, J Yin, S See, J Liu",
      "venue": "Proceedings of the IEEE/CVF Conference on Computer Vision and Pattern …, 2023",
      "year": 2023,
      "citations": 81
    },
    {
      "title": "Copyrnerf: Protecting the copyright of neural radiance fields",
      "url": "https://scholar.google.com/citations?view_op=view_citation&hl=en&user=ebIHTEoAAAAJ&citation_for_view=ebIHTEoAAAAJ:H7nrzBkawXsC",
      "authors": "Z Luo, Q Guo, KC Cheung, S See, R Wan",
      "venue": "Proceedings of the IEEE/CVF international conference on computer vision …, 2023",
      "year": 2023,
      "citations": 65
    },
    {
      "title": "Learning gabor texture features for fine-grained recognition",
      "url": "https://scholar.google.com/citations?view_op=view_citation&hl=en&user=ebIHTEoAAAAJ&citation_for_view=ebIHTEoAAAAJ:KTwcwpFFj4wC",
      "authors": "L Zhu, T Chen, J Yin, S See, J Liu",
      "venue": "Proceedings of the IEEE/CVF international conference on computer vision …, 2023",
      "year": 2023,
      "citations": 56
    },
    {
      "title": "Aligning correlation information for domain adaptation in action recognition",
      "url": "https://scholar.google.com/citations?view_op=view_citation&hl=en&user=ebIHTEoAAAAJ&citation_for_view=ebIHTEoAAAAJ:m92CDrhVnKEC",
      "authors": "Y Xu, H Cao, K Mao, Z Chen, L Xie, J Yang",
      "venue": "IEEE Transactions on Neural Networks and Learning Systems 35 (5), 6767-6778, 2022",
      "year": 2022,
      "citations": 58
    },
    {
      "title": "Arid: A new dataset for recognizing action in the dark",
      "url": "https://scholar.google.com/citations?view_op=view_citation&hl=en&user=ebIHTEoAAAAJ&citation_for_view=ebIHTEoAAAAJ:wLxue7F8ec0C",
      "authors": "Y Xu, J Yang, H Cao, K Mao, J Yin, S See",
      "venue": "International workshop on deep learning for human activity recognition, 70-84, 2021",
      "year": 2021,
      "citations": 94
    },
    {
      "title": "Act: an attentive convolutional transformer for efficient text classification",
      "url": "https://scholar.google.com/citations?view_op=view_citation&hl=en&user=ebIHTEoAAAAJ&citation_for_view=ebIHTEoAAAAJ:Og1tA8FjbJAC",
      "authors": "P Li, P Zhong, K Mao, D Wang, X Yang, Y Liu, J Yin, S See",
      "venue": "Proceedings of the AAAI conference on artificial intelligence 35 (15), 13261 …, 2021",
      "year": 2021,
      "citations": 63
    },
    {
      "title": "Deephunter: a coverage-guided fuzz testing framework for deep neural networks",
      "url": "https://scholar.google.com/citations?view_op=view_citation&hl=en&user=ebIHTEoAAAAJ&citation_for_view=ebIHTEoAAAAJ:QVtou7C4vgoC",
      "authors": "X Xie, L Ma, F Juefei-Xu, M Xue, H Chen, Y Liu, J Zhao, B Li, J Yin, S See",
      "venue": "Proceedings of the 28th ACM SIGSOFT international symposium on software …, 2019",
      "year": 2019,
      "citations": 548
    },
    {
      "title": "Understanding top-k sparsification in distributed deep learning",
      "url": "https://scholar.google.com/citations?view_op=view_citation&hl=en&user=ebIHTEoAAAAJ&citation_for_view=ebIHTEoAAAAJ:NyGDZy8z5eUC",
      "authors": "S Shi, X Chu, KC Cheung, S See",
      "venue": "arXiv preprint arXiv:1911.08772, 2019",
      "year": 2019,
      "citations": 152
    },
    {
      "title": "An empirical analysis of emoji usage on Twitter",
      "url": "https://scholar.google.com/citations?view_op=view_citation&hl=en&user=ebIHTEoAAAAJ&citation_for_view=ebIHTEoAAAAJ:g5Ck-dwhA_QC",
      "authors": "M Li, E Chng, AYL Chong, S See",
      "venue": "Industrial management & data systems 119 (8), 1748-1763, 2019",
      "year": 2019,
      "citations": 62
    },
    {
      "title": "Multi-class Twitter sentiment classification with emojis",
      "url": "https://scholar.google.com/citations?view_op=view_citation&hl=en&user=ebIHTEoAAAAJ&citation_for_view=ebIHTEoAAAAJ:zA6iFVUQeVQC",
      "authors": "M Li, E Ch’ng, AYL Chong, S See",
      "venue": "Industrial Management & Data Systems 118 (9), 1804-1820, 2018",
      "year": 2018,
      "citations": 62
    },
    {
      "title": "CRNN: a joint neural network for redundancy detection",
      "url": "https://scholar.google.com/citations?view_op=view_citation&hl=en&user=ebIHTEoAAAAJ&citation_for_view=ebIHTEoAAAAJ:bnK-pcrLprsC",
      "authors": "X Fu, E Ch'ng, U Aickelin, S See",
      "venue": "2017 IEEE international conference on smart computing (SMARTCOMP), 1-8, 2017",
      "year": 2017,
      "citations": 60
    },
    {
      "title": "Learning common and specific features for RGB-D semantic segmentation with deconvolutional networks",
      "url": "https://scholar.google.com/citations?view_op=view_citation&hl=en&user=ebIHTEoAAAAJ&citation_for_view=ebIHTEoAAAAJ:PVjk1bu6vJQC",
      "authors": "J Wang, Z Wang, D Tao, S See, G Wang",
      "venue": "European conference on computer vision, 664-679, 2016",
      "year": 2016,
      "citations": 203
    },
    {
      "title": "An evaluation of unified memory technology on nvidia gpus",
      "url": "https://scholar.google.com/citations?view_op=view_citation&hl=en&user=ebIHTEoAAAAJ&citation_for_view=ebIHTEoAAAAJ:Ade32sEp0pkC",
      "authors": "W Li, G Jin, X Cui, S See",
      "venue": "2015 15th IEEE/ACM international symposium on cluster, cloud and grid …, 2015",
      "year": 2015,
      "citations": 111
    },
    {
      "title": "Failure prediction of data centers using time series and fault tree analysis",
      "url": "https://scholar.google.com/citations?view_op=view_citation&hl=en&user=ebIHTEoAAAAJ&citation_for_view=ebIHTEoAAAAJ:ClCfbGk0d_YC",
      "authors": "T Chalermarrewong, T Achalakul, SCW See",
      "venue": "2012 IEEE 18th international conference on parallel and distributed systems …, 2012",
      "year": 2012,
      "citations": 75
    },
    {
      "title": "Survey on parallel programming model",
      "url": "https://scholar.google.com/citations?view_op=view_citation&hl=en&user=ebIHTEoAAAAJ&citation_for_view=ebIHTEoAAAAJ:yMeIxYmEMEAC",
      "authors": "H Kasim, V March, R Zhang, S See",
      "venue": "IFIP International Conference on Network and Parallel Computing, 266-275, 2008",
      "year": 2008,
      "citations": 135
    },
    {
      "title": "Sensor grid: Integration of wireless sensor networks and the grid",
      "url": "https://scholar.google.com/citations?view_op=view_citation&hl=en&user=ebIHTEoAAAAJ&citation_for_view=ebIHTEoAAAAJ:8dzOF9BpDQoC",
      "authors": "HB Lim, YM Teo, P Mukherjee, VT Lam, WF Wong, S See",
      "venue": "The IEEE Conference on Local Computer Networks 30th Anniversary (LCN'05) l …, 2005",
      "year": 2005,
      "citations": 139
    }
  ],
  "co_authors": []
}