{
  "author_info": {
    "name": "Olivier Simonin",
    "affiliation": "Prof. INP-ENSEEIHT / IMFT, Université de Toulouse, CNRS",
    "email_verified": "Verified email at imft.fr",
    "interests": [
      "Fluid-Particle Flows",
      "Turbulence",
      "Statistical Modeling",
      "Large Eddy Simulation",
      "CFD"
    ],
    "photo_url": "https://scholar.googleusercontent.com/citations?view_op=view_photo&user=3UZQbNAAAAAJ&citpid=2"
  },
  "citation_stats": {
    "citations_all": 10576,
    "citations_since_2020": 2682,
    "h_index_all": 52,
    "h_index_since_2020": 27,
    "i10_index_all": 176,
    "i10_index_since_2020": 79,
    "citation_graph": [
      {
        "year": 1993,
        "citations": 31
      },
      {
        "year": 1994,
        "citations": 24
      },
      {
        "year": 1995,
        "citations": 54
      },
      {
        "year": 1996,
        "citations": 46
      },
      {
        "year": 1997,
        "citations": 53
      },
      {
        "year": 1998,
        "citations": 97
      },
      {
        "year": 1999,
        "citations": 82
      },
      {
        "year": 2000,
        "citations": 108
      },
      {
        "year": 2001,
        "citations": 134
      },
      {
        "year": 2002,
        "citations": 185
      },
      {
        "year": 2003,
        "citations": 247
      },
      {
        "year": 2004,
        "citations": 234
      },
      {
        "year": 2005,
        "citations": 255
      },
      {
        "year": 2006,
        "citations": 402
      },
      {
        "year": 2007,
        "citations": 359
      },
      {
        "year": 2008,
        "citations": 369
      },
      {
        "year": 2009,
        "citations": 507
      },
      {
        "year": 2010,
        "citations": 415
      },
      {
        "year": 2011,
        "citations": 408
      },
      {
        "year": 2012,
        "citations": 518
      },
      {
        "year": 2013,
        "citations": 465
      },
      {
        "year": 2014,
        "citations": 506
      },
      {
        "year": 2015,
        "citations": 362
      },
      {
        "year": 2016,
        "citations": 556
      },
      {
        "year": 2017,
        "citations": 434
      },
      {
        "year": 2018,
        "citations": 420
      },
      {
        "year": 2019,
        "citations": 458
      },
      {
        "year": 2020,
        "citations": 477
      },
      {
        "year": 2021,
        "citations": 433
      },
      {
        "year": 2022,
        "citations": 468
      },
      {
        "year": 2023,
        "citations": 366
      },
      {
        "year": 2024,
        "citations": 519
      },
      {
        "year": 2025,
        "citations": 411
      }
    ]
  },
  "papers": [
    {
      "title": "Development of filtered Euler–Euler two-phase model for circulating fluidised bed: high resolution simulation, formulation and a priori analyses",
      "url": "https://scholar.google.com/citations?view_op=view_citation&hl=en&user=3UZQbNAAAAAJ&citation_for_view=3UZQbNAAAAAJ:umqufdRvDiIC",
      "authors": "A Ozel, P Fede, O Simonin",
      "venue": "International Journal of Multiphase Flow 55, 43-63, 2013",
      "year": 2013,
      "citations": 218
    },
    {
      "title": "A functional subgrid drift velocity model for filtered drag prediction in dense fluidized bed",
      "url": "https://scholar.google.com/citations?view_op=view_citation&hl=en&user=3UZQbNAAAAAJ&citation_for_view=3UZQbNAAAAAJ:D03iK_w7-QYC",
      "authors": "JF Parmentier, O Simonin, O Delsart",
      "venue": "AIChE Journal 58 (4), 1084-1098, 2012",
      "year": 2012,
      "citations": 294
    },
    {
      "title": "Evaluation of numerical strategies for large eddy simulation of particulate two-phase recirculating flows",
      "url": "https://scholar.google.com/citations?view_op=view_citation&hl=en&user=3UZQbNAAAAAJ&citation_for_view=3UZQbNAAAAAJ:5nxA0vEk-isC",
      "authors": "E Riber, V Moureau, M García, T Poinsot, O Simonin",
      "venue": "Journal of Computational Physics 228 (2), 539-564, 2009",
      "year": 2009,
      "citations": 141
    },
    {
      "title": "Numerical study of the subgrid fluid turbulence effects on the statistics of heavy colliding particles",
      "url": "https://scholar.google.com/citations?view_op=view_citation&hl=en&user=3UZQbNAAAAAJ&citation_for_view=3UZQbNAAAAAJ:Y0pCki6q_DkC",
      "authors": "P Fede, O Simonin",
      "venue": "Physics of Fluids 18 (4), 2006",
      "year": 2006,
      "citations": 183
    },
    {
      "title": "Partitioning of particle velocities in gas–solid turbulent flows into a continuous field and a spatially uncorrelated random distribution: theoretical formalism and numerical study",
      "url": "https://scholar.google.com/citations?view_op=view_citation&hl=en&user=3UZQbNAAAAAJ&citation_for_view=3UZQbNAAAAAJ:2osOgNQ5qMEC",
      "authors": "P Fevrier, O Simonin, KD Squires",
      "venue": "Journal of Fluid Mechanics 533, 1-46, 2005",
      "year": 2005,
      "citations": 366
    },
    {
      "title": "Fluid dynamic numerical simulation of a gas phase polymerization reactor",
      "url": "https://scholar.google.com/citations?view_op=view_citation&hl=en&user=3UZQbNAAAAAJ&citation_for_view=3UZQbNAAAAAJ:Se3iqnhoufwC",
      "authors": "A Gobin, H Neau, O Simonin, JR Llinas, V Reiling, JL Sélo",
      "venue": "International journal for numerical methods in fluids 43 (10‐11), 1199-1220, 2003",
      "year": 2003,
      "citations": 172
    },
    {
      "title": "Two statistical models for predicting collision rates of inertial particles in homogeneous isotropic turbulence",
      "url": "https://scholar.google.com/citations?view_op=view_citation&hl=en&user=3UZQbNAAAAAJ&citation_for_view=3UZQbNAAAAAJ:IjCSPb-OGe4C",
      "authors": "LI Zaichik, O Simonin, VM Alipchenkov",
      "venue": "Physics of Fluids 15 (10), 2995-3005, 2003",
      "year": 2003,
      "citations": 171
    },
    {
      "title": "On the spatial distribution of heavy-particlevelocities in turbulent flow: from continuous field toparticulate chaos",
      "url": "https://scholar.google.com/citations?view_op=view_citation&hl=en&user=3UZQbNAAAAAJ&citation_for_view=3UZQbNAAAAAJ:zYLM7Y9cAGgC",
      "authors": "O Simonin, P Février, J Laviéville",
      "venue": "Journal of Turbulence 3 (1), 040, 2002",
      "year": 2002,
      "citations": 144
    },
    {
      "title": "On the prediction of gas–solid flows with two-way coupling using large eddy simulation",
      "url": "https://scholar.google.com/citations?view_op=view_citation&hl=en&user=3UZQbNAAAAAJ&citation_for_view=3UZQbNAAAAAJ:d1gkVwhDpl0C",
      "authors": "M Boivin, O Simonin, KD Squires",
      "venue": "Physics of Fluids 12 (8), 2080-2090, 2000",
      "year": 2000,
      "citations": 251
    },
    {
      "title": "Statistical and continuum modelling of turbulent reactive particulate flows",
      "url": "https://scholar.google.com/citations?view_op=view_citation&hl=en&user=3UZQbNAAAAAJ&citation_for_view=3UZQbNAAAAAJ:LkGwnXOMwfcC",
      "authors": "O Simonin",
      "venue": "Lecture series 6, 217, 2000",
      "year": 2000,
      "citations": 145
    },
    {
      "title": "Two-and three-dimensional simulations of a bubble plume using a two-fluid model",
      "url": "https://scholar.google.com/citations?view_op=view_citation&hl=en&user=3UZQbNAAAAAJ&citation_for_view=3UZQbNAAAAAJ:EPG8bYD4jVwC",
      "authors": "RF Mudde, O Simonin",
      "venue": "Chemical engineering science 54 (21), 5061-5069, 1999",
      "year": 1999,
      "citations": 267
    },
    {
      "title": "Direct numerical simulation of turbulence modulation by particles in isotropic turbulence",
      "url": "https://scholar.google.com/citations?view_op=view_citation&hl=en&user=3UZQbNAAAAAJ&citation_for_view=3UZQbNAAAAAJ:u5HHmVD_uO8C",
      "authors": "M Boivin, O Simonin, KD Squires",
      "venue": "Journal of Fluid Mechanics 375, 235-263, 1998",
      "year": 1998,
      "citations": 543
    },
    {
      "title": "Continuum modelling of dispersed two-phase flows",
      "url": "https://scholar.google.com/citations?view_op=view_citation&hl=en&user=3UZQbNAAAAAJ&citation_for_view=3UZQbNAAAAAJ:u-x6o8ySG0sC",
      "authors": "O Simonin",
      "venue": "Lecture series-van Kareman Institute for fluid dynamics 2, K1-K47, 1996",
      "year": 1996,
      "citations": 201
    },
    {
      "title": "Large eddy simulation and second-moment closure model of particle fluctuating motion in two-phase turbulent shear flows",
      "url": "https://scholar.google.com/citations?view_op=view_citation&hl=en&user=3UZQbNAAAAAJ&citation_for_view=3UZQbNAAAAAJ:qjMakFHDy7sC",
      "authors": "O Simonin, E Deutsch, M Boivin",
      "venue": "Turbulent Shear Flows 9: Selected Papers from the Ninth International …, 1995",
      "year": 1995,
      "citations": 151
    },
    {
      "title": "Large eddy simulation of interactions between colliding particles and a homogeneous isotropic turbulence field",
      "url": "https://scholar.google.com/citations?view_op=view_citation&hl=en&user=3UZQbNAAAAAJ&citation_for_view=3UZQbNAAAAAJ:eQOLeE2rZwMC",
      "authors": "J Laviéville, E Deutsch, O Simonin",
      "venue": "ASME-Publications-Fed 228, 347-358, 1995",
      "year": 1995,
      "citations": 122
    },
    {
      "title": "Eulerian prediction of the fluid/particle correlated motion in turbulent two-phase flows",
      "url": "https://scholar.google.com/citations?view_op=view_citation&hl=en&user=3UZQbNAAAAAJ&citation_for_view=3UZQbNAAAAAJ:9yKSN-GCB0IC",
      "authors": "O Simonin, E Deutsch, JP Minier",
      "venue": "Applied Scientific Research 51 (1), 275-283, 1993",
      "year": 1993,
      "citations": 322
    },
    {
      "title": "Prediction of the dispersed phase turbulence in particle-laden jets",
      "url": "https://scholar.google.com/citations?view_op=view_citation&hl=en&user=3UZQbNAAAAAJ&citation_for_view=3UZQbNAAAAAJ:UeHWp8X0CEIC",
      "authors": "O Simonin",
      "venue": "Gas-Solid Flows ASME-FED 121, 197-206, 1991",
      "year": 1991,
      "citations": 192
    },
    {
      "title": "Large eddy simulation applied to the motion of particles in stationary homogeneous fluid turbulence",
      "url": "https://scholar.google.com/citations?view_op=view_citation&hl=en&user=3UZQbNAAAAAJ&citation_for_view=3UZQbNAAAAAJ:Tyk-4Ss8FVUC",
      "authors": "E Deutsch",
      "venue": "Proc. of ASME-FED. 110, 35-42, 1991",
      "year": 1991,
      "citations": 152
    },
    {
      "title": "Modelling of turbulent two-phase jets loaded with discrete particles",
      "url": "https://scholar.google.com/citations?view_op=view_citation&hl=en&user=3UZQbNAAAAAJ&citation_for_view=3UZQbNAAAAAJ:0EnyYjriUFMC",
      "authors": "O Simonin, PL Viollet",
      "venue": "Phenomena in multiphase flows 1990, 259-269, 1990",
      "year": 1990,
      "citations": 153
    },
    {
      "title": "Eulerian formulation for particle dispersion in turbulent two-phase flows",
      "url": "https://scholar.google.com/citations?view_op=view_citation&hl=en&user=3UZQbNAAAAAJ&citation_for_view=3UZQbNAAAAAJ:YsMSGLbcyi4C",
      "authors": "O Simonin",
      "venue": "Proceedings of the 5th Workshop on Two-Phase Flow Predictions, Erlangen …, 1990",
      "year": 1990,
      "citations": 124
    }
  ],
  "co_authors": [
    {
      "name": "Pascal Fede",
      "scholar_id": "Ee9cpIcAAAAJ",
      "url": "https://scholar.google.com/citations?user=Ee9cpIcAAAAJ"
    },
    {
      "name": "Renaud Ansart",
      "scholar_id": "8Y4VQj8AAAAJ",
      "url": "https://scholar.google.com/citations?user=8Y4VQj8AAAAJ"
    },
    {
      "name": "Ali Ozel",
      "scholar_id": "6YtWpnUAAAAJ",
      "url": "https://scholar.google.com/citations?user=6YtWpnUAAAAJ"
    },
    {
      "name": "Stéphane VINCENT",
      "scholar_id": "20S-su8AAAAJ",
      "url": "https://scholar.google.com/citations?user=20S-su8AAAAJ"
    },
    {
      "name": "Philippe Villedieu",
      "scholar_id": "ZArqy-wAAAAJ",
      "url": "https://scholar.google.com/citations?user=ZArqy-wAAAAJ"
    },
    {
      "name": "Thierry Poinsot",
      "scholar_id": "p0_jfwcAAAAJ",
      "url": "https://scholar.google.com/citations?user=p0_jfwcAAAAJ"
    },
    {
      "name": "Jean-François Parmentier",
      "scholar_id": "r0dybocAAAAJ",
      "url": "https://scholar.google.com/citations?user=r0dybocAAAAJ"
    },
    {
      "name": "jean-luc estivalezes",
      "scholar_id": "IcdLZZYAAAAJ",
      "url": "https://scholar.google.com/citations?user=IcdLZZYAAAAJ"
    },
    {
      "name": "Jamal Chaouki",
      "scholar_id": "sYgNBMEAAAAJ",
      "url": "https://scholar.google.com/citations?user=sYgNBMEAAAAJ"
    },
    {
      "name": "André Kaufmann",
      "scholar_id": "1uZ984oAAAAJ",
      "url": "https://scholar.google.com/citations?user=1uZ984oAAAAJ"
    },
    {
      "name": "Chaouki HABCHI",
      "scholar_id": "NgJm1l8AAAAJ",
      "url": "https://scholar.google.com/citations?user=NgJm1l8AAAAJ"
    },
    {
      "name": "françois Audard",
      "scholar_id": "4hYW4noAAAAJ",
      "url": "https://scholar.google.com/citations?user=4hYW4noAAAAJ"
    },
    {
      "name": "Adrien Toutant",
      "scholar_id": "9VjMRTYAAAAJ",
      "url": "https://scholar.google.com/citations?user=9VjMRTYAAAAJ"
    },
    {
      "name": "Farzam Fotovat",
      "scholar_id": "lLiN-iIAAAAJ",
      "url": "https://scholar.google.com/citations?user=lLiN-iIAAAAJ"
    },
    {
      "name": "Olivier Vermorel",
      "scholar_id": "rrbfeJIAAAAJ",
      "url": "https://scholar.google.com/citations?user=rrbfeJIAAAAJ"
    },
    {
      "name": "Martin Sommerfeld",
      "scholar_id": "qS7SvTEAAAAJ",
      "url": "https://scholar.google.com/citations?user=qS7SvTEAAAAJ"
    },
    {
      "name": "Rodney O. Fox",
      "scholar_id": "A8v1sFAAAAAJ",
      "url": "https://scholar.google.com/citations?user=A8v1sFAAAAAJ"
    },
    {
      "name": "stephane Blanco",
      "scholar_id": "fUIpMIcAAAAJ",
      "url": "https://scholar.google.com/citations?user=fUIpMIcAAAAJ"
    },
    {
      "name": "Schertzer",
      "scholar_id": "fE9s_rYAAAAJ",
      "url": "https://scholar.google.com/citations?user=fE9s_rYAAAAJ"
    },
    {
      "name": "Berlemont",
      "scholar_id": "bsZ_WYoAAAAJ",
      "url": "https://scholar.google.com/citations?user=bsZ_WYoAAAAJ"
    }
  ]
}