{
  "author_info": {
    "name": "Lin Long",
    "affiliation": "Zhejiang University",
    "email_verified": "Verified email at zju.edu.cn - Homepage",
    "website": "https://llong-cs.github.io/llongme/",
    "interests": [
      "Computer Vision",
      "Natural Language Processing",
      "Multimodal Learning"
    ],
    "photo_url": "https://scholar.googleusercontent.com/citations?view_op=view_photo&user=GdtXxoAAAAAJ&citpid=8"
  },
  "citation_stats": {
    "citations_all": 330,
    "citations_since_2020": 330,
    "h_index_all": 5,
    "h_index_since_2020": 5,
    "i10_index_all": 4,
    "i10_index_since_2020": 4,
    "citation_graph": [
      {
        "year": 2023,
        "citations": 2
      },
      {
        "year": 2024,
        "citations": 40
      },
      {
        "year": 2025,
        "citations": 284
      }
    ]
  },
  "papers": [
    {
      "title": "Seeing, listening, remembering, and reasoning: A multimodal agent with long-term memory",
      "url": "https://scholar.google.com/citations?view_op=view_citation&hl=en&user=GdtXxoAAAAAJ&citation_for_view=GdtXxoAAAAAJ:IjCSPb-OGe4C",
      "authors": "L Long, Y He, W Ye, Y Pan, Y Lin, H Li, J Zhao, W Li",
      "venue": "arXiv preprint arXiv:2508.09736, 2025",
      "year": 2025,
      "citations": 7
    },
    {
      "title": "Bridging the Semantic Gap Between Text and Table: A Case Study on NL2SQL",
      "url": "https://scholar.google.com/citations?view_op=view_citation&hl=en&user=GdtXxoAAAAAJ&citation_for_view=GdtXxoAAAAAJ:UeHWp8X0CEIC",
      "authors": "L Long, X Gu, X Sun, W Ye, H Wang, S Wu, G Chen, J Zhao",
      "venue": "The Thirteenth International Conference on Learning Representations, 2025",
      "year": 2025,
      "citations": 3
    },
    {
      "title": "Understanding language prior of lvlms by contrasting chain-of-embedding",
      "url": "https://scholar.google.com/citations?view_op=view_citation&hl=en&user=GdtXxoAAAAAJ&citation_for_view=GdtXxoAAAAAJ:zYLM7Y9cAGgC",
      "authors": "L Long, C Oh, S Park, S Li",
      "venue": "arXiv preprint arXiv:2509.23050, 2025",
      "year": 2025,
      "citations": 1
    },
    {
      "title": "On llms-driven synthetic data generation, curation, and evaluation: A survey",
      "url": "https://scholar.google.com/citations?view_op=view_citation&hl=en&user=GdtXxoAAAAAJ&citation_for_view=GdtXxoAAAAAJ:9yKSN-GCB0IC",
      "authors": "L Long, R Wang, R Xiao, J Zhao, X Ding, G Chen, H Wang",
      "venue": "arXiv preprint arXiv:2406.15126, 2024",
      "year": 2024,
      "citations": 255
    },
    {
      "title": "Tablegpt2: A large multimodal model with tabular data integration",
      "url": "https://scholar.google.com/citations?view_op=view_citation&hl=en&user=GdtXxoAAAAAJ&citation_for_view=GdtXxoAAAAAJ:qjMakFHDy7sC",
      "authors": "A Su, A Wang, C Ye, C Zhou, G Zhang, G Chen, G Zhu, H Wang, H Xu, ...",
      "venue": "arXiv preprint arXiv:2411.02059, 2024",
      "year": 2024,
      "citations": 42
    },
    {
      "title": "Property existence inference against generative models",
      "url": "https://scholar.google.com/citations?view_op=view_citation&hl=en&user=GdtXxoAAAAAJ&citation_for_view=GdtXxoAAAAAJ:2osOgNQ5qMEC",
      "authors": "L Wang, J Wang, J Wan, L Long, Z Yang, Z Qin",
      "venue": "33rd USENIX Security Symposium (USENIX Security 24), 2423-2440, 2024",
      "year": 2024,
      "citations": 11
    },
    {
      "title": "Positive-Unlabeled Learning by Latent Group-Aware Meta Disambiguation",
      "url": "https://scholar.google.com/citations?view_op=view_citation&hl=en&user=GdtXxoAAAAAJ&citation_for_view=GdtXxoAAAAAJ:d1gkVwhDpl0C",
      "authors": "L Long, H Wang, Z Jiang, L Feng, C Yao, G Chen, J Zhao",
      "venue": "Proceedings of the IEEE/CVF Conference on Computer Vision and Pattern …, 2024",
      "year": 2024,
      "citations": 11
    }
  ],
  "co_authors": [
    {
      "name": "Junbo Zhao",
      "scholar_id": "8ipao8MAAAAJ",
      "url": "https://scholar.google.com/citations?user=8ipao8MAAAAJ"
    },
    {
      "name": "Haobo Wang",
      "scholar_id": "DnN-rggAAAAJ",
      "url": "https://scholar.google.com/citations?user=DnN-rggAAAAJ"
    },
    {
      "name": "Hang Li",
      "scholar_id": "nTl5mSwAAAAJ",
      "url": "https://scholar.google.com/citations?user=nTl5mSwAAAAJ"
    },
    {
      "name": "Yuan Lin (林 苑)",
      "scholar_id": "wD4HrKkAAAAJ",
      "url": "https://scholar.google.com/citations?user=wD4HrKkAAAAJ"
    },
    {
      "name": "Yiyuan Pan",
      "scholar_id": "JgRZwOQAAAAJ",
      "url": "https://scholar.google.com/citations?user=JgRZwOQAAAAJ"
    },
    {
      "name": "Sharon Li",
      "scholar_id": "QSTd1oUAAAAJ",
      "url": "https://scholar.google.com/citations?user=QSTd1oUAAAAJ"
    },
    {
      "name": "Boyi Li",
      "scholar_id": "0JH6YbEAAAAJ",
      "url": "https://scholar.google.com/citations?user=0JH6YbEAAAAJ"
    }
  ]
}