{
  "author_info": {
    "name": "Ljiljana Dolamic",
    "affiliation": "Scientific project manager, armasuisse",
    "email_verified": "Verified email at ar.admin.ch",
    "interests": [
      "NLP",
      "IR",
      "Computational Linguistics",
      "LLM"
    ],
    "photo_url": "/citations/images/avatar_scholar_128.png"
  },
  "citation_stats": {
    "citations_all": 867,
    "citations_since_2020": 443,
    "h_index_all": 15,
    "h_index_since_2020": 12,
    "i10_index_all": 22,
    "i10_index_since_2020": 12,
    "citation_graph": [
      {
        "year": 2007,
        "citations": 5
      },
      {
        "year": 2008,
        "citations": 5
      },
      {
        "year": 2009,
        "citations": 15
      },
      {
        "year": 2010,
        "citations": 22
      },
      {
        "year": 2011,
        "citations": 35
      },
      {
        "year": 2012,
        "citations": 36
      },
      {
        "year": 2013,
        "citations": 43
      },
      {
        "year": 2014,
        "citations": 45
      },
      {
        "year": 2015,
        "citations": 36
      },
      {
        "year": 2016,
        "citations": 49
      },
      {
        "year": 2017,
        "citations": 45
      },
      {
        "year": 2018,
        "citations": 37
      },
      {
        "year": 2019,
        "citations": 42
      },
      {
        "year": 2020,
        "citations": 38
      },
      {
        "year": 2021,
        "citations": 35
      },
      {
        "year": 2022,
        "citations": 55
      },
      {
        "year": 2023,
        "citations": 78
      },
      {
        "year": 2024,
        "citations": 125
      },
      {
        "year": 2025,
        "citations": 111
      }
    ]
  },
  "papers": [
    {
      "title": "BUST: Benchmark for the evaluation of detectors of LLM-Generated Text",
      "url": "https://scholar.google.com/citations?view_op=view_citation&hl=en&user=Ao0hgUMAAAAJ&citation_for_view=Ao0hgUMAAAAJ:pqnbT2bcN3wC",
      "authors": "J Cornelius, O Lithgow-Serrano, S Mitrović, L Dolamic, F Rinaldi",
      "venue": "Proceedings of the 2024 Conference of the North American Chapter of the …, 2024",
      "year": 2024,
      "citations": 12
    },
    {
      "title": "Fundamentals of generative large language models and perspectives in cyber-defense",
      "url": "https://scholar.google.com/citations?view_op=view_citation&hl=en&user=Ao0hgUMAAAAJ&citation_for_view=Ao0hgUMAAAAJ:4TOpqqG69KYC",
      "authors": "A Kucharavy, Z Schillaci, L Maréchal, M Würsch, L Dolamic, ...",
      "venue": "arXiv preprint arXiv:2303.12132, 2023",
      "year": 2023,
      "citations": 41
    },
    {
      "title": "Targeted adversarial attacks against neural machine translation",
      "url": "https://scholar.google.com/citations?view_op=view_citation&hl=en&user=Ao0hgUMAAAAJ&citation_for_view=Ao0hgUMAAAAJ:JV2RwH3_ST0C",
      "authors": "S Sadrizadeh, AHD Aghdam, L Dolamic, P Frossard",
      "venue": "ICASSP 2023-2023 IEEE International Conference on Acoustics, Speech and …, 2023",
      "year": 2023,
      "citations": 15
    },
    {
      "title": "Taxocomplete: Self-supervised taxonomy completion leveraging position-enhanced semantic matching",
      "url": "https://scholar.google.com/citations?view_op=view_citation&hl=en&user=Ao0hgUMAAAAJ&citation_for_view=Ao0hgUMAAAAJ:Y0pCki6q_DkC",
      "authors": "I Arous, L Dolamic, P Cudré-Mauroux",
      "venue": "Proceedings of the ACM Web Conference 2023, 2509-2518, 2023",
      "year": 2023,
      "citations": 15
    },
    {
      "title": "Transfool: An adversarial attack against neural machine translation models",
      "url": "https://scholar.google.com/citations?view_op=view_citation&hl=en&user=Ao0hgUMAAAAJ&citation_for_view=Ao0hgUMAAAAJ:RHpTSmoSYBkC",
      "authors": "S Sadrizadeh, L Dolamic, P Frossard",
      "venue": "arXiv preprint arXiv:2302.00944, 2023",
      "year": 2023,
      "citations": 15
    },
    {
      "title": "Block-sparse adversarial attack to fool transformer-based text classifiers",
      "url": "https://scholar.google.com/citations?view_op=view_citation&hl=en&user=Ao0hgUMAAAAJ&citation_for_view=Ao0hgUMAAAAJ:ns9cj8rnVeAC",
      "authors": "S Sadrizadeh, L Dolamic, P Frossard",
      "venue": "ICASSP 2022-2022 IEEE International Conference on Acoustics, Speech and …, 2022",
      "year": 2022,
      "citations": 17
    },
    {
      "title": "Marta: Leveraging human rationales for explainable text classification",
      "url": "https://scholar.google.com/citations?view_op=view_citation&hl=en&user=Ao0hgUMAAAAJ&citation_for_view=Ao0hgUMAAAAJ:TFP_iSt0sucC",
      "authors": "I Arous, L Dolamic, J Yang, A Bhardwaj, G Cuccu, P Cudré-Mauroux",
      "venue": "Proceedings of the AAAI conference on artificial intelligence 35 (7), 5868-5876, 2021",
      "year": 2021,
      "citations": 69
    },
    {
      "title": "Sensors on the Brain Implantable wireless monitors give researchers a new look inside the human body",
      "url": "https://scholar.google.com/citations?view_op=view_citation&hl=en&user=Ao0hgUMAAAAJ&citation_for_view=Ao0hgUMAAAAJ:HoB7MX3m0LUC",
      "authors": "G Mone",
      "venue": "Communications of the ACM 60 (4), 12-14, 2017",
      "year": 2017,
      "citations": 21
    },
    {
      "title": "Automated detection of HONcode website conformity compared to manual detection: an evaluation",
      "url": "https://scholar.google.com/citations?view_op=view_citation&hl=en&user=Ao0hgUMAAAAJ&citation_for_view=Ao0hgUMAAAAJ:W7OEmFMy1HYC",
      "authors": "C Boyer, L Dolamic",
      "venue": "Journal of medical Internet research 17 (6), e135, 2015",
      "year": 2015,
      "citations": 67
    },
    {
      "title": "Feasibility of automated detection of HONcode conformity for health-related websites",
      "url": "https://scholar.google.com/citations?view_op=view_citation&hl=en&user=Ao0hgUMAAAAJ&citation_for_view=Ao0hgUMAAAAJ:qjMakFHDy7sC",
      "authors": "C Boyer, L Dolamic",
      "venue": "International Journal of Advanced Computer Science and Applications 5 (3), 2014",
      "year": 2014,
      "citations": 20
    },
    {
      "title": "When stopword lists make the difference",
      "url": "https://scholar.google.com/citations?view_op=view_citation&hl=en&user=Ao0hgUMAAAAJ&citation_for_view=Ao0hgUMAAAAJ:_kc_bZDykSQC",
      "authors": "L Dolamic, J Savoy",
      "venue": "Journal of the American Society for Information Science and Technology 61 (1 …, 2010",
      "year": 2010,
      "citations": 106
    },
    {
      "title": "Comparative study of indexing and search strategies for the Hindi, Marathi, and Bengali languages",
      "url": "https://scholar.google.com/citations?view_op=view_citation&hl=en&user=Ao0hgUMAAAAJ&citation_for_view=Ao0hgUMAAAAJ:70eg2SAEIzsC",
      "authors": "L Dolamic, J Savoy",
      "venue": "ACM Transactions on Asian Language Information Processing (TALIP) 9 (3), 1-24, 2010",
      "year": 2010,
      "citations": 48
    },
    {
      "title": "Retrieval effectiveness of machine translated queries",
      "url": "https://scholar.google.com/citations?view_op=view_citation&hl=en&user=Ao0hgUMAAAAJ&citation_for_view=Ao0hgUMAAAAJ:YsMSGLbcyi4C",
      "authors": "L Dolamic, J Savoy",
      "venue": "Journal of the American Society for Information Science and Technology 61 …, 2010",
      "year": 2010,
      "citations": 19
    },
    {
      "title": "Indexing and stemming approaches for the Czech language",
      "url": "https://scholar.google.com/citations?view_op=view_citation&hl=en&user=Ao0hgUMAAAAJ&citation_for_view=Ao0hgUMAAAAJ:hqOjcs7Dif8C",
      "authors": "L Dolamic, J Savoy",
      "venue": "Information Processing & Management 45 (6), 714-720, 2009",
      "year": 2009,
      "citations": 62
    },
    {
      "title": "How effective is Google's translation service in search?",
      "url": "https://scholar.google.com/citations?view_op=view_citation&hl=en&user=Ao0hgUMAAAAJ&citation_for_view=Ao0hgUMAAAAJ:Zph67rFs4hoC",
      "authors": "J Savoy, L Dolamic",
      "venue": "Communications of the ACM 52 (10), 139-143, 2009",
      "year": 2009,
      "citations": 55
    },
    {
      "title": "Persian language, is stemming efficient?",
      "url": "https://scholar.google.com/citations?view_op=view_citation&hl=en&user=Ao0hgUMAAAAJ&citation_for_view=Ao0hgUMAAAAJ:GnPB-g6toBAC",
      "authors": "L Dolamic, J Savoy",
      "venue": "2009 20th International Workshop on Database and Expert Systems Application …, 2009",
      "year": 2009,
      "citations": 15
    },
    {
      "title": "Indexing and searching strategies for the Russian language",
      "url": "https://scholar.google.com/citations?view_op=view_citation&hl=en&user=Ao0hgUMAAAAJ&citation_for_view=Ao0hgUMAAAAJ:ZeXyd9-uunAC",
      "authors": "L Dolamic, J Savoy",
      "venue": "Journal of the American Society for Information Science and Technology 60 …, 2009",
      "year": 2009,
      "citations": 13
    },
    {
      "title": "UniNE at FIRE 2008: Hindi, Bengali, and Marathi IR",
      "url": "https://scholar.google.com/citations?view_op=view_citation&hl=en&user=Ao0hgUMAAAAJ&citation_for_view=Ao0hgUMAAAAJ:qxL8FJ1GzNcC",
      "authors": "L Dolamic, J Savoy",
      "venue": "Working notes of the forum for information retrieval evaluation, 12-14, 2008",
      "year": 2008,
      "citations": 23
    },
    {
      "title": "Stemming approaches for east european languages",
      "url": "https://scholar.google.com/citations?view_op=view_citation&hl=en&user=Ao0hgUMAAAAJ&citation_for_view=Ao0hgUMAAAAJ:9ZlFYXVOiuMC",
      "authors": "L Dolamic, J Savoy",
      "venue": "Workshop of the Cross-Language Evaluation Forum for European Languages, 37-44, 2007",
      "year": 2007,
      "citations": 24
    },
    {
      "title": "& Lenders, V.(2023). Fundamentals of generative large language models and perspectives in cyber-defense. arXiv",
      "url": "https://scholar.google.com/citations?view_op=view_citation&hl=en&user=Ao0hgUMAAAAJ&citation_for_view=Ao0hgUMAAAAJ:_xSYboBqXhAC",
      "authors": "A Kucharavy, Z Schillaci, L Maréchal, M Würsch, L Dolamic, ...",
      "venue": "",
      "citations": 17
    }
  ],
  "co_authors": []
}