{
  "author_info": {
    "name": "Jihyoung Jang",
    "affiliation": "Pohang University of Science and Technology",
    "email_verified": "Verified email at postech.ac.kr - Homepage",
    "website": "https://wlgud2757.github.io/",
    "interests": [
      "Natural Language Processing",
      "Dialogue",
      "Conversation"
    ],
    "photo_url": "https://scholar.googleusercontent.com/citations?view_op=view_photo&user=5eIZ6CoAAAAJ&citpid=2"
  },
  "citation_stats": {
    "citations_all": 39,
    "citations_since_2020": 39,
    "h_index_all": 1,
    "h_index_since_2020": 1,
    "i10_index_all": 1,
    "i10_index_since_2020": 1,
    "citation_graph": [
      {
        "year": 2024,
        "citations": 15
      },
      {
        "year": 2025,
        "citations": 24
      }
    ]
  },
  "papers": [
    {
      "title": "Enabling Chatbots with Eyes and Ears: An Immersive Multimodal Conversation System for Dynamic Interactions",
      "url": "https://scholar.google.com/citations?view_op=view_citation&hl=en&user=5eIZ6CoAAAAJ&citation_for_view=5eIZ6CoAAAAJ:2osOgNQ5qMEC",
      "authors": "J Jang, M Bae, M Kim, D Hakkani-Tur, H Kim",
      "venue": "ACL 2025, 2025",
      "year": 2025,
      "citations": 1
    },
    {
      "title": "Mixed-Session Conversation with Egocentric Memory",
      "url": "https://scholar.google.com/citations?view_op=view_citation&hl=en&user=5eIZ6CoAAAAJ&citation_for_view=5eIZ6CoAAAAJ:d1gkVwhDpl0C",
      "authors": "J Jang, T Kim, H Kim",
      "venue": "Findings of EMNLP 2024, 2024",
      "year": 2024,
      "citations": 1
    },
    {
      "title": "Conversation Chronicles: Towards Diverse Temporal and Relational Dynamics in Multi-Session Conversations",
      "url": "https://scholar.google.com/citations?view_op=view_citation&hl=en&user=5eIZ6CoAAAAJ&citation_for_view=5eIZ6CoAAAAJ:u-x6o8ySG0sC",
      "authors": "J Jang, M Boo, H Kim",
      "venue": "EMNLP 2023, 2023",
      "year": 2023,
      "citations": 37
    },
    {
      "title": "An Automated Production System Design for Natural Language Processing Models Using Korean Pre-trained Model",
      "url": "https://scholar.google.com/citations?view_op=view_citation&hl=en&user=5eIZ6CoAAAAJ&citation_for_view=5eIZ6CoAAAAJ:9yKSN-GCB0IC",
      "authors": "J Jang, H Choi, G Lee, M Choi, C Hong",
      "venue": "Annual Conference on Human and Language Technology, 613-618, 2022",
      "year": 2022,
      "citations": 0
    }
  ],
  "co_authors": []
}