{
  "author_info": {
    "name": "Benedikt Böck",
    "affiliation": "Technical University of Munich",
    "email_verified": "Verified email at tum.de",
    "interests": [
      "Signal Processing",
      "Machine Learning",
      "Covariance Estimation",
      "Wireless Communications"
    ],
    "photo_url": "https://scholar.googleusercontent.com/citations?view_op=view_photo&user=4P04LhwAAAAJ&citpid=3"
  },
  "citation_stats": {
    "citations_all": 118,
    "citations_since_2020": 118,
    "h_index_all": 7,
    "h_index_since_2020": 7,
    "i10_index_all": 4,
    "i10_index_since_2020": 4,
    "citation_graph": [
      {
        "year": 2024,
        "citations": 27
      },
      {
        "year": 2025,
        "citations": 91
      }
    ]
  },
  "papers": [
    {
      "title": "On the asymptotic mean square error optimality of diffusion models",
      "url": "https://scholar.google.com/citations?view_op=view_citation&hl=en&user=4P04LhwAAAAJ&citation_for_view=4P04LhwAAAAJ:ufrVoPGSRksC",
      "authors": "B Fesl, B Böck, F Strasser, M Baur, M Joham, W Utschick",
      "venue": "International Conference on Artificial Intelligence and Statistics (AISTATS), 2025",
      "year": 2025,
      "citations": 12
    },
    {
      "title": "A versatile pilot design scheme for fdd systems utilizing gaussian mixture models",
      "url": "https://scholar.google.com/citations?view_op=view_citation&hl=en&user=4P04LhwAAAAJ&citation_for_view=4P04LhwAAAAJ:9yKSN-GCB0IC",
      "authors": "N Turan, B Böck, B Fesl, M Joham, D Gündüz, W Utschick",
      "venue": "IEEE Transactions on Wireless Communications, 2025",
      "year": 2025,
      "citations": 7
    },
    {
      "title": "Physics-Informed Generative Modeling of Wireless Channels",
      "url": "https://scholar.google.com/citations?view_op=view_citation&hl=en&user=4P04LhwAAAAJ&citation_for_view=4P04LhwAAAAJ:roLk4NBRz8UC",
      "authors": "B Böck, A Oeldemann, T Mayer, F Rossetto, W Utschick",
      "venue": "International Conference on Machine Learning (ICML), 2025",
      "year": 2025,
      "citations": 4
    },
    {
      "title": "Gohberg-Semencul Toeplitz Covariance Estimation via Autoregressive Parameters",
      "url": "https://scholar.google.com/citations?view_op=view_citation&hl=en&user=4P04LhwAAAAJ&citation_for_view=4P04LhwAAAAJ:WF5omc3nYNoC",
      "authors": "B Böck, D Semmler, B Fesl, M Baur, W Utschick",
      "venue": "IEEE Transactions on Signal Processing, 2025",
      "year": 2025,
      "citations": 4
    },
    {
      "title": "Decoupling networks and super-quadratic gains for RIS systems with mutual coupling",
      "url": "https://scholar.google.com/citations?view_op=view_citation&hl=en&user=4P04LhwAAAAJ&citation_for_view=4P04LhwAAAAJ:YsMSGLbcyi4C",
      "authors": "D Semmler, JA Nossek, M Joham, B Böck, W Utschick",
      "venue": "IEEE Transactions on Wireless Communications, 2025",
      "year": 2025,
      "citations": 3
    },
    {
      "title": "Statistical Precoder Design in Multi-User Systems via Graph Neural Networks and Generative Modeling",
      "url": "https://scholar.google.com/citations?view_op=view_citation&hl=en&user=4P04LhwAAAAJ&citation_for_view=4P04LhwAAAAJ:eQOLeE2rZwMC",
      "authors": "N Turan, S Allaparapu, DB Amor, B Böck, M Joham, W Utschick",
      "venue": "IEEE Wireless Communications Letters, 2025",
      "year": 2025,
      "citations": 2
    },
    {
      "title": "Wireless Channel Modeling for Machine Learning--A Critical View on Standardized Channel Models",
      "url": "https://scholar.google.com/citations?view_op=view_citation&hl=en&user=4P04LhwAAAAJ&citation_for_view=4P04LhwAAAAJ:5nxA0vEk-isC",
      "authors": "B Böck, A Kasibovic, W Utschick",
      "venue": "arXiv preprint arXiv:2510.12279, 2025",
      "year": 2025,
      "citations": 0
    },
    {
      "title": "Precoder Design in Multi-User FDD Systems with VQ-VAE and GNN",
      "url": "https://scholar.google.com/citations?view_op=view_citation&hl=en&user=4P04LhwAAAAJ&citation_for_view=4P04LhwAAAAJ:0EnyYjriUFMC",
      "authors": "S Allaparapu, M Baur, B Böck, M Joham, W Utschick",
      "venue": "arXiv preprint arXiv:2510.09495, 2025",
      "year": 2025,
      "citations": 0
    },
    {
      "title": "Autoregressive-Gaussian Mixture Models: Efficient Generative Modeling of WSS Signals",
      "url": "https://scholar.google.com/citations?view_op=view_citation&hl=en&user=4P04LhwAAAAJ&citation_for_view=4P04LhwAAAAJ:hqOjcs7Dif8C",
      "authors": "K Klein, B Böck, N Turan, W Utschick",
      "venue": "arXiv preprint arXiv:2509.17953, 2025",
      "year": 2025,
      "citations": 0
    },
    {
      "title": "No Pilots, No Problem: A Generative Model for Position-Based Downlink Precoding",
      "url": "https://scholar.google.com/citations?view_op=view_citation&hl=en&user=4P04LhwAAAAJ&citation_for_view=4P04LhwAAAAJ:8k81kl-MbHgC",
      "authors": "F Weißer, A Kasibovic, B Böck, W Utschick",
      "venue": "2025 28th International Workshop on Smart Antennas (WSA), 127-132, 2025",
      "year": 2025,
      "citations": 0
    },
    {
      "title": "Sparse Bayesian Generative Modeling for Joint Parameter and Channel Estimation",
      "url": "https://scholar.google.com/citations?view_op=view_citation&hl=en&user=4P04LhwAAAAJ&citation_for_view=4P04LhwAAAAJ:Se3iqnhoufwC",
      "authors": "B Böck, F Weißer, M Baur, W Utschick",
      "venue": "arXiv preprint arXiv:2502.18369, 2025",
      "year": 2025,
      "citations": 0
    },
    {
      "title": "Channel estimation for quantized systems based on conditionally Gaussian latent models",
      "url": "https://scholar.google.com/citations?view_op=view_citation&hl=en&user=4P04LhwAAAAJ&citation_for_view=4P04LhwAAAAJ:Y0pCki6q_DkC",
      "authors": "B Fesl, N Turan, B Böck, W Utschick",
      "venue": "IEEE Transactions on Signal Processing 72, 1475-1490, 2024",
      "year": 2024,
      "citations": 22
    },
    {
      "title": "A statistical characterization of wireless channels conditioned on side information",
      "url": "https://scholar.google.com/citations?view_op=view_citation&hl=en&user=4P04LhwAAAAJ&citation_for_view=4P04LhwAAAAJ:d1gkVwhDpl0C",
      "authors": "B Böck, M Baur, N Turan, D Semmler, W Utschick",
      "venue": "IEEE Wireless Communications Letters, 2024",
      "year": 2024,
      "citations": 18
    },
    {
      "title": "Variational autoencoder for channel estimation: Real-world measurement insights",
      "url": "https://scholar.google.com/citations?view_op=view_citation&hl=en&user=4P04LhwAAAAJ&citation_for_view=4P04LhwAAAAJ:IjCSPb-OGe4C",
      "authors": "M Baur, B Böck, N Turan, W Utschick",
      "venue": "2024 27th International Workshop on Smart Antennas (WSA), 117-122, 2024",
      "year": 2024,
      "citations": 9
    },
    {
      "title": "Wireless channel prediction via Gaussian mixture models",
      "url": "https://scholar.google.com/citations?view_op=view_citation&hl=en&user=4P04LhwAAAAJ&citation_for_view=4P04LhwAAAAJ:2osOgNQ5qMEC",
      "authors": "N Turan, B Böck, KJ Chan, B Fesl, F Burmeister, M Joham, G Fettweis, ...",
      "venue": "2024 27th International Workshop on Smart Antennas (WSA), 1-5, 2024",
      "year": 2024,
      "citations": 8
    },
    {
      "title": "Sparse Bayesian Generative Modeling for Compressive Sensing",
      "url": "https://scholar.google.com/citations?view_op=view_citation&hl=en&user=4P04LhwAAAAJ&citation_for_view=4P04LhwAAAAJ:LkGwnXOMwfcC",
      "authors": "B Böck, S Syed, W Utschick",
      "venue": "Conference on Neural Information Processing Systems (NeurIPS), 2024",
      "year": 2024,
      "citations": 4
    },
    {
      "title": "Channel-adaptive pilot design for FDD-MIMO systems utilizing Gaussian mixture models",
      "url": "https://scholar.google.com/citations?view_op=view_citation&hl=en&user=4P04LhwAAAAJ&citation_for_view=4P04LhwAAAAJ:u-x6o8ySG0sC",
      "authors": "N Turan, B Fesl, B Böck, M Joham, W Utschick",
      "venue": "2024 19th International Symposium on Wireless Communication Systems (ISWCS), 1-6, 2024",
      "year": 2024,
      "citations": 3
    },
    {
      "title": "Reverse ordering techniques for attention-based channel prediction",
      "url": "https://scholar.google.com/citations?view_op=view_citation&hl=en&user=4P04LhwAAAAJ&citation_for_view=4P04LhwAAAAJ:zYLM7Y9cAGgC",
      "authors": "V Rizzello, B Böck, M Joham, W Utschick",
      "venue": "IEEE Open Journal of Signal Processing 5, 248-256, 2023",
      "year": 2023,
      "citations": 13
    },
    {
      "title": "Variational inference aided estimation of time varying channels",
      "url": "https://scholar.google.com/citations?view_op=view_citation&hl=en&user=4P04LhwAAAAJ&citation_for_view=4P04LhwAAAAJ:UeHWp8X0CEIC",
      "authors": "B Böck, M Baur, V Rizzello, W Utschick",
      "venue": "ICASSP 2023-2023 IEEE International Conference on Acoustics, Speech and …, 2023",
      "year": 2023,
      "citations": 8
    },
    {
      "title": "Model Order Selection with Variational Autoencoding",
      "url": "https://scholar.google.com/citations?view_op=view_citation&hl=en&user=4P04LhwAAAAJ&citation_for_view=4P04LhwAAAAJ:Tyk-4Ss8FVUC",
      "authors": "M Baur, F Weißer, B Böck, W Utschick",
      "venue": "2023 IEEE 24th International Workshop on Signal Processing Advances in …, 2023",
      "year": 2023,
      "citations": 1
    }
  ],
  "co_authors": [
    {
      "name": "Wolfgang Utschick",
      "scholar_id": "qflRi8QAAAAJ",
      "url": "https://scholar.google.com/citations?user=qflRi8QAAAAJ"
    },
    {
      "name": "Michael Baur",
      "scholar_id": "DKUggC0AAAAJ",
      "url": "https://scholar.google.com/citations?user=DKUggC0AAAAJ"
    },
    {
      "name": "Nurettin Turan",
      "scholar_id": "ImCjeTYAAAAJ",
      "url": "https://scholar.google.com/citations?user=ImCjeTYAAAAJ"
    },
    {
      "name": "Michael Joham",
      "scholar_id": "Q0dGd5EAAAAJ",
      "url": "https://scholar.google.com/citations?user=Q0dGd5EAAAAJ"
    },
    {
      "name": "Benedikt Fesl",
      "scholar_id": "vTfsc3YAAAAJ",
      "url": "https://scholar.google.com/citations?user=vTfsc3YAAAAJ"
    },
    {
      "name": "Valentina Rizzello",
      "scholar_id": "ptd-FvgAAAAJ",
      "url": "https://scholar.google.com/citations?user=ptd-FvgAAAAJ"
    },
    {
      "name": "Florian Strasser",
      "scholar_id": "pGeSXIoAAAAJ",
      "url": "https://scholar.google.com/citations?user=pGeSXIoAAAAJ"
    },
    {
      "name": "Franz Weißer",
      "scholar_id": "bGd6hhcAAAAJ",
      "url": "https://scholar.google.com/citations?user=bGd6hhcAAAAJ"
    },
    {
      "name": "Deniz Gunduz",
      "scholar_id": "MbmKROkAAAAJ",
      "url": "https://scholar.google.com/citations?user=MbmKROkAAAAJ"
    },
    {
      "name": "Sadaf Syed",
      "scholar_id": "eL9rF-gAAAAJ",
      "url": "https://scholar.google.com/citations?user=eL9rF-gAAAAJ"
    },
    {
      "name": "Josef Nossek",
      "scholar_id": "2Wqx2kAAAAAJ",
      "url": "https://scholar.google.com/citations?user=2Wqx2kAAAAAJ"
    },
    {
      "name": "Amar Kasibovic",
      "scholar_id": "b7MHqiwAAAAJ",
      "url": "https://scholar.google.com/citations?user=b7MHqiwAAAAJ"
    }
  ]
}