{
  "author_info": {
    "name": "Ghazal Khalighinejad",
    "affiliation": "Ph.D student, Duke University",
    "email_verified": "Verified email at duke.edu - Homepage",
    "website": "https://ghazalkhalighinejad.github.io/",
    "interests": [
      "Foundation Models",
      "Natural Language Processing",
      "AI4Science"
    ],
    "photo_url": "https://scholar.googleusercontent.com/citations?view_op=view_photo&user=FlU9aQkAAAAJ&citpid=2"
  },
  "citation_stats": {
    "citations_all": 119,
    "citations_since_2020": 119,
    "h_index_all": 6,
    "h_index_since_2020": 6,
    "i10_index_all": 4,
    "i10_index_since_2020": 4,
    "citation_graph": [
      {
        "year": 2023,
        "citations": 2
      },
      {
        "year": 2024,
        "citations": 23
      },
      {
        "year": 2025,
        "citations": 93
      }
    ]
  },
  "papers": [
    {
      "title": "34 Examples of LLM Applications in Materials Science and Chemistry: Towards Automation, Assistants, Agents, and Accelerated Scientific Discovery",
      "url": "https://scholar.google.com/citations?view_op=view_citation&hl=en&user=FlU9aQkAAAAJ&citation_for_view=FlU9aQkAAAAJ:hqOjcs7Dif8C",
      "authors": "Y Zimmermann, A Bazgir, A Al-Feghali, M Ansari, J Bocarsly, LC Brinson, ...",
      "venue": "arXiv preprint arXiv:2505.03049, 2025",
      "year": 2025,
      "citations": 16
    },
    {
      "title": "Training Neural Networks as Recognizers of Formal Languages",
      "url": "https://scholar.google.com/citations?view_op=view_citation&hl=en&user=FlU9aQkAAAAJ&citation_for_view=FlU9aQkAAAAJ:roLk4NBRz8UC",
      "authors": "A Butoi, G Khalighinejad, A Svete, J Valvoda, R Cotterell, B DuSell",
      "venue": "ICLR 2025, 2025",
      "year": 2025,
      "citations": 12
    },
    {
      "title": "Galloping in Fast-Growth Natural Merge Sorts",
      "url": "https://scholar.google.com/citations?view_op=view_citation&hl=en&user=FlU9aQkAAAAJ&citation_for_view=FlU9aQkAAAAJ:UebtZRa9Y70C",
      "authors": "E Ghasemi, V Jugé, G Khalighinejad, H Yazdanyar",
      "venue": "Algorithmica 87 (5), 812-812, 2025",
      "year": 2025,
      "citations": 6
    },
    {
      "title": "It's LIT! Reliability-Optimized LLMs with Inspectable Tools",
      "url": "https://scholar.google.com/citations?view_op=view_citation&hl=en&user=FlU9aQkAAAAJ&citation_for_view=FlU9aQkAAAAJ:5nxA0vEk-isC",
      "authors": "R Zhang, J Donnelly, Z Guo, G Khalighinejad, H Huang, AJ Barnett, ...",
      "venue": "First Workshop on Multi-Turn Interactions in Large Language Models, 2025",
      "year": 2025,
      "citations": 0
    },
    {
      "title": "Which View Works Best? Evaluating Representations for Scientific Document Retrieval",
      "url": "https://scholar.google.com/citations?view_op=view_citation&hl=en&user=FlU9aQkAAAAJ&citation_for_view=FlU9aQkAAAAJ:0EnyYjriUFMC",
      "authors": "G Khalighinejad, R Thirukovalluru, B Dhingra",
      "venue": "Women in Machine Learning Workshop@ NeurIPS 2025, 2025",
      "year": 2025,
      "citations": 0
    },
    {
      "title": "IsoBench: Benchmarking Multimodal Foundation Models on Isomorphic Representations",
      "url": "https://scholar.google.com/citations?view_op=view_citation&hl=en&user=FlU9aQkAAAAJ&citation_for_view=FlU9aQkAAAAJ:W7OEmFMy1HYC",
      "authors": "D Fu, G Khalighinejad, O Liu, B Dhingra, D Yogatama, R Jia, ...",
      "venue": "Conference on Language Modeling (COLM), 2024",
      "year": 2024,
      "citations": 39
    },
    {
      "title": "How well do large language models understand tables in materials science?",
      "url": "https://scholar.google.com/citations?view_op=view_citation&hl=en&user=FlU9aQkAAAAJ&citation_for_view=FlU9aQkAAAAJ:YsMSGLbcyi4C",
      "authors": "D Circi, G Khalighinejad, A Chen, B Dhingra, LC Brinson",
      "venue": "Integrating Materials and Manufacturing Innovation 13 (3), 669-687, 2024",
      "year": 2024,
      "citations": 17
    },
    {
      "title": "Reflections from the 2024 large language model (llm) hackathon for applications in materials science and chemistry",
      "url": "https://scholar.google.com/citations?view_op=view_citation&hl=en&user=FlU9aQkAAAAJ&citation_for_view=FlU9aQkAAAAJ:Se3iqnhoufwC",
      "authors": "Y Zimmermann, A Bazgir, Z Afzal, F Agbere, Q Ai, N Alampara, ...",
      "venue": "arXiv preprint arXiv:2411.15221, 2024",
      "year": 2024,
      "citations": 9
    },
    {
      "title": "MatViX: Multimodal Information Extraction from Visually Rich Articles",
      "url": "https://scholar.google.com/citations?view_op=view_citation&hl=en&user=FlU9aQkAAAAJ&citation_for_view=FlU9aQkAAAAJ:LkGwnXOMwfcC",
      "authors": "G Khalighinejad, S Scott, O Liu, KL Anderson, R Stureborg, A Tyagi, ...",
      "venue": "NAACL 2025, 2024",
      "year": 2024,
      "citations": 6
    },
    {
      "title": "Extracting Polymer Nanocomposite Samples from Full-Length Documents",
      "url": "https://scholar.google.com/citations?view_op=view_citation&hl=en&user=FlU9aQkAAAAJ&citation_for_view=FlU9aQkAAAAJ:IjCSPb-OGe4C",
      "authors": "G Khalighinejad, D Circi, LC Brinson, B Dhingra",
      "venue": "Findings of ACL 2024, 2024",
      "year": 2024,
      "citations": 6
    },
    {
      "title": "Extracting Materials Science Data from Scientific Tables",
      "url": "https://scholar.google.com/citations?view_op=view_citation&hl=en&user=FlU9aQkAAAAJ&citation_for_view=FlU9aQkAAAAJ:ufrVoPGSRksC",
      "authors": "D Circi, G Khalighinejad, A Chen, B Dhingra, L Brinson",
      "venue": "ACL 2024 Workshop Language+ Molecules, 2024",
      "year": 2024,
      "citations": 3
    },
    {
      "title": "Using Large Language Models for Data Extraction from Tables in Materials Literature",
      "url": "https://scholar.google.com/citations?view_op=view_citation&hl=en&user=FlU9aQkAAAAJ&citation_for_view=FlU9aQkAAAAJ:_FxGoFyzp5QC",
      "authors": "D Circi, G Khalighinejad, B Dhingra, LC Brinson",
      "venue": "SouthNLP 2024, 0",
      "year": 2024,
      "citations": 0
    },
    {
      "title": "Retrieval of synthesis parameters of polymer nanocomposites using llms",
      "url": "https://scholar.google.com/citations?view_op=view_citation&hl=en&user=FlU9aQkAAAAJ&citation_for_view=FlU9aQkAAAAJ:UeHWp8X0CEIC",
      "authors": "D Circi, G Khalighinejad, S Badhwar, B Dhingra, L Brinson",
      "venue": "AI for accelerated materials design-NeurIPS 2023 workshop, 2023",
      "year": 2023,
      "citations": 4
    },
    {
      "title": "Approximating CKY with Transformers",
      "url": "https://scholar.google.com/citations?view_op=view_citation&hl=en&user=FlU9aQkAAAAJ&citation_for_view=FlU9aQkAAAAJ:9yKSN-GCB0IC",
      "authors": "G Khalighinejad, O Liu, S Wiseman",
      "venue": "Findings of EMNLP 2023, 2023",
      "year": 2023,
      "citations": 1
    },
    {
      "title": "Exploring the Effect of Frequency Resolution in FNet",
      "url": "https://scholar.google.com/citations?view_op=view_citation&hl=en&user=FlU9aQkAAAAJ&citation_for_view=FlU9aQkAAAAJ:qjMakFHDy7sC",
      "authors": "G Szumel, G Khalighinejad, R Stureborg, S Wiseman",
      "venue": "Proceedings of The Fourth Workshop on Simple and Efficient Natural Language …, 2023",
      "year": 2023,
      "citations": 0
    }
  ],
  "co_authors": [
    {
      "name": "Bhuwan Dhingra",
      "scholar_id": "SLISZFAAAAAJ",
      "url": "https://scholar.google.com/citations?user=SLISZFAAAAAJ"
    },
    {
      "name": "Ollie Liu",
      "scholar_id": "4rriqlQAAAAJ",
      "url": "https://scholar.google.com/citations?user=4rriqlQAAAAJ"
    },
    {
      "name": "Willie Neiswanger",
      "scholar_id": "QwKHApEAAAAJ",
      "url": "https://scholar.google.com/citations?user=QwKHApEAAAAJ"
    },
    {
      "name": "Deqing Fu",
      "scholar_id": "fsbgfqEAAAAJ",
      "url": "https://scholar.google.com/citations?user=fsbgfqEAAAAJ"
    },
    {
      "name": "Dani Yogatama",
      "scholar_id": "IBlMTLwAAAAJ",
      "url": "https://scholar.google.com/citations?user=IBlMTLwAAAAJ"
    },
    {
      "name": "Robin Jia",
      "scholar_id": "ajZ-_O0AAAAJ",
      "url": "https://scholar.google.com/citations?user=ajZ-_O0AAAAJ"
    },
    {
      "name": "Brian DuSell",
      "scholar_id": "1AkLaFIAAAAJ",
      "url": "https://scholar.google.com/citations?user=1AkLaFIAAAAJ"
    },
    {
      "name": "Alexandra Butoi",
      "scholar_id": "rlgyxLMAAAAJ",
      "url": "https://scholar.google.com/citations?user=rlgyxLMAAAAJ"
    },
    {
      "name": "Ryan Cotterell",
      "scholar_id": "DexOqtoAAAAJ",
      "url": "https://scholar.google.com/citations?user=DexOqtoAAAAJ"
    },
    {
      "name": "Anej Svete",
      "scholar_id": "9ezEOeUAAAAJ",
      "url": "https://scholar.google.com/citations?user=9ezEOeUAAAAJ"
    },
    {
      "name": "Sam Wiseman",
      "scholar_id": "SDavuPAAAAAJ",
      "url": "https://scholar.google.com/citations?user=SDavuPAAAAAJ"
    },
    {
      "name": "Cynthia Rudin",
      "scholar_id": "mezKJyoAAAAJ",
      "url": "https://scholar.google.com/citations?user=mezKJyoAAAAJ"
    },
    {
      "name": "Jon Donnelly",
      "scholar_id": "T1Yfl8cAAAAJ",
      "url": "https://scholar.google.com/citations?user=T1Yfl8cAAAAJ"
    },
    {
      "name": "Raghuveer Thirukovalluru",
      "scholar_id": "HgFkXMgAAAAJ",
      "url": "https://scholar.google.com/citations?user=HgFkXMgAAAAJ"
    }
  ]
}