{
  "author_info": {
    "name": "Martha White",
    "affiliation": "University of Alberta",
    "email_verified": "Verified email at ualberta.ca - Homepage",
    "website": "http://marthawhite.ca/",
    "interests": [
      "Machine Learning"
    ],
    "photo_url": "https://scholar.googleusercontent.com/citations?view_op=view_photo&user=t5zdD_IAAAAJ&citpid=3"
  },
  "citation_stats": {
    "citations_all": 5593,
    "citations_since_2020": 4705,
    "h_index_all": 37,
    "h_index_since_2020": 33,
    "i10_index_all": 72,
    "i10_index_since_2020": 66,
    "citation_graph": [
      {
        "year": 2012,
        "citations": 19
      },
      {
        "year": 2013,
        "citations": 17
      },
      {
        "year": 2014,
        "citations": 42
      },
      {
        "year": 2015,
        "citations": 56
      },
      {
        "year": 2016,
        "citations": 83
      },
      {
        "year": 2017,
        "citations": 111
      },
      {
        "year": 2018,
        "citations": 181
      },
      {
        "year": 2019,
        "citations": 354
      },
      {
        "year": 2020,
        "citations": 500
      },
      {
        "year": 2021,
        "citations": 693
      },
      {
        "year": 2022,
        "citations": 794
      },
      {
        "year": 2023,
        "citations": 831
      },
      {
        "year": 2024,
        "citations": 1044
      },
      {
        "year": 2025,
        "citations": 836
      }
    ]
  },
  "papers": [
    {
      "title": "Empirical design in reinforcement learning",
      "url": "https://scholar.google.com/citations?view_op=view_citation&hl=en&user=t5zdD_IAAAAJ&citation_for_view=t5zdD_IAAAAJ:SpbeaW3--B0C",
      "authors": "A Patterson, S Neumann, M White, A White",
      "venue": "Journal of Machine Learning Research 25 (318), 1-63, 2024",
      "year": 2024,
      "citations": 73
    },
    {
      "title": "Sim2Real in Robotics and Automation: Applications and Challenges",
      "url": "https://scholar.google.com/citations?view_op=view_citation&hl=en&user=t5zdD_IAAAAJ&citation_for_view=t5zdD_IAAAAJ:u9iWguZQMMsC",
      "authors": "S Höfer, K Bekris, A Handa, JC Gamboa, M Mozifian, F Golemo, ...",
      "venue": "IEEE Transactions on Automation Science and Engineering 18 (2), 398-400, 2021",
      "year": 2021,
      "citations": 238
    },
    {
      "title": "Fuzzy Tiling Activations: A Simple Approach to Learning Sparse Representations Online",
      "url": "https://scholar.google.com/citations?view_op=view_citation&hl=en&user=t5zdD_IAAAAJ&citation_for_view=t5zdD_IAAAAJ:uWQEDVKXjbEC",
      "authors": "Y Pan, K Banman, M White",
      "venue": "International Conference on Learning Representations, 2021",
      "year": 2021,
      "citations": 163
    },
    {
      "title": "Maxmin Q-learning: Controlling the Estimation Bias of Q-learning",
      "url": "https://scholar.google.com/citations?view_op=view_citation&hl=en&user=t5zdD_IAAAAJ&citation_for_view=t5zdD_IAAAAJ:lSLTfruPkqcC",
      "authors": "Q Lan, Y Pan, A Fyshe, M White",
      "venue": "International Conference on Learning Representations, 2020",
      "year": 2020,
      "citations": 266
    },
    {
      "title": "Optimizing for the Future in Non-Stationary MDPs",
      "url": "https://scholar.google.com/citations?view_op=view_citation&hl=en&user=t5zdD_IAAAAJ&citation_for_view=t5zdD_IAAAAJ:M05iB0D1s5AC",
      "authors": "Y Chandak, G Theocharous, S Shankar, S Mahadevan, M White, ...",
      "venue": "International Conference on Machine Learning, 2020",
      "year": 2020,
      "citations": 85
    },
    {
      "title": "Adapting Behavior via Intrinsic Reward: A Survey and Empirical Study",
      "url": "https://scholar.google.com/citations?view_op=view_citation&hl=en&user=t5zdD_IAAAAJ&citation_for_view=t5zdD_IAAAAJ:hMod-77fHWUC",
      "authors": "C Linke, NM Ady, M White, T Degris, A White",
      "venue": "Journal of Artificial Intelligence Research 69, 1287-1332, 2020",
      "year": 2020,
      "citations": 62
    },
    {
      "title": "Gradient Temporal-Difference Learning with Regularized Corrections",
      "url": "https://scholar.google.com/citations?view_op=view_citation&hl=en&user=t5zdD_IAAAAJ&citation_for_view=t5zdD_IAAAAJ:ZHo1McVdvXMC",
      "authors": "S Ghiassian, A Patterson, S Garg, D Gupta, A White, M White",
      "venue": "International Conference on Machine Learning, 3524-3534, 2020",
      "year": 2020,
      "citations": 62
    },
    {
      "title": "Meta-learning representations for continual learning",
      "url": "https://scholar.google.com/citations?view_op=view_citation&hl=en&user=t5zdD_IAAAAJ&citation_for_view=t5zdD_IAAAAJ:k_IJM867U9cC",
      "authors": "K Javed, M White",
      "venue": "Advances in Neural Information Processing Systems 32, 2019",
      "year": 2019,
      "citations": 459
    },
    {
      "title": "The utility of sparse representations for control in reinforcement learning",
      "url": "https://scholar.google.com/citations?view_op=view_citation&hl=en&user=t5zdD_IAAAAJ&citation_for_view=t5zdD_IAAAAJ:R3hNpaxXUhUC",
      "authors": "V Liu, R Kumaraswamy, L Le, M White",
      "venue": "AAAI Conference on Artificial Intelligence, 2019",
      "year": 2019,
      "citations": 73
    },
    {
      "title": "Supervised autoencoders: Improving generalization performance with unsupervised regularizers",
      "url": "https://scholar.google.com/citations?view_op=view_citation&hl=en&user=t5zdD_IAAAAJ&citation_for_view=t5zdD_IAAAAJ:4JMBOYKVnBMC",
      "authors": "L Le, A Patterson, M White",
      "venue": "Advances in neural information processing systems 31, 2018",
      "year": 2018,
      "citations": 364
    },
    {
      "title": "Improving Regression Performance with Distributional Losses",
      "url": "https://scholar.google.com/citations?view_op=view_citation&hl=en&user=t5zdD_IAAAAJ&citation_for_view=t5zdD_IAAAAJ:ZeXyd9-uunAC",
      "authors": "E Imani, M White",
      "venue": "Advances in Neural Information Processing Systems, 2018",
      "year": 2018,
      "citations": 96
    },
    {
      "title": "An off-policy policy gradient theorem using emphatic weightings",
      "url": "https://scholar.google.com/citations?view_op=view_citation&hl=en&user=t5zdD_IAAAAJ&citation_for_view=t5zdD_IAAAAJ:RHpTSmoSYBkC",
      "authors": "E Imani, E Graves, M White",
      "venue": "Advances in Neural Information Processing Systems 31, 2018",
      "year": 2018,
      "citations": 94
    },
    {
      "title": "Organizing experience: a deeper look at replay mechanisms for sample-based planning in continuous state domains",
      "url": "https://scholar.google.com/citations?view_op=view_citation&hl=en&user=t5zdD_IAAAAJ&citation_for_view=t5zdD_IAAAAJ:L8Ckcad2t8MC",
      "authors": "Y Pan, M Zaheer, A White, A Patterson, M White",
      "venue": "International Joint Conference on Artificial Intelligence, 2018",
      "year": 2018,
      "citations": 62
    },
    {
      "title": "Recovering true classifier performance in positive-unlabeled learning",
      "url": "https://scholar.google.com/citations?view_op=view_citation&hl=en&user=t5zdD_IAAAAJ&citation_for_view=t5zdD_IAAAAJ:M3ejUd6NZC8C",
      "authors": "S Jain, M White, P Radivojac",
      "venue": "Proceedings of the AAAI Conference on Artificial Intelligence 31 (1), 2017",
      "year": 2017,
      "citations": 102
    },
    {
      "title": "An emphatic approach to the problem of off-policy temporal-difference learning",
      "url": "https://scholar.google.com/citations?view_op=view_citation&hl=en&user=t5zdD_IAAAAJ&citation_for_view=t5zdD_IAAAAJ:roLk4NBRz8UC",
      "authors": "RS Sutton, AR Mahmood, M White",
      "venue": "Journal of Machine Learning Research 17 (73), 1-29, 2016",
      "year": 2016,
      "citations": 362
    },
    {
      "title": "Estimating the class prior and posterior from noisy positives and unlabeled data",
      "url": "https://scholar.google.com/citations?view_op=view_citation&hl=en&user=t5zdD_IAAAAJ&citation_for_view=t5zdD_IAAAAJ:ULOm3_A8WrAC",
      "authors": "S Jain, M White, P Radivojac",
      "venue": "Advances in neural information processing systems 29, 2016",
      "year": 2016,
      "citations": 153
    },
    {
      "title": "Unifying task specification in reinforcement learning",
      "url": "https://scholar.google.com/citations?view_op=view_citation&hl=en&user=t5zdD_IAAAAJ&citation_for_view=t5zdD_IAAAAJ:YOwf2qJgpHMC",
      "authors": "M White",
      "venue": "International Conference on Machine Learning, 2016",
      "year": 2016,
      "citations": 128
    },
    {
      "title": "Nonparametric semi-supervised learning of class proportions",
      "url": "https://scholar.google.com/citations?view_op=view_citation&hl=en&user=t5zdD_IAAAAJ&citation_for_view=t5zdD_IAAAAJ:MXK_kJrjxJIC",
      "authors": "S Jain, M White, MW Trosset, P Radivojac",
      "venue": "arXiv preprint arXiv:1601.01944, 2016",
      "year": 2016,
      "citations": 73
    },
    {
      "title": "Off-Policy Actor-Critic",
      "url": "https://scholar.google.com/citations?view_op=view_citation&hl=en&user=t5zdD_IAAAAJ&citation_for_view=t5zdD_IAAAAJ:2osOgNQ5qMEC",
      "authors": "T Degris, M White, RS Sutton",
      "venue": "Twenty-Ninth International Conference on Machine Learning, 2012",
      "year": 2012,
      "citations": 746
    },
    {
      "title": "Convex multi-view subspace learning",
      "url": "https://scholar.google.com/citations?view_op=view_citation&hl=en&user=t5zdD_IAAAAJ&citation_for_view=t5zdD_IAAAAJ:qjMakFHDy7sC",
      "authors": "M White, X Zhang, D Schuurmans, Y Yu",
      "venue": "Advances in neural information processing systems 25, 2012",
      "year": 2012,
      "citations": 206
    }
  ],
  "co_authors": [
    {
      "name": "Adam White",
      "scholar_id": "1GqGhcsAAAAJ",
      "url": "https://scholar.google.com/citations?user=1GqGhcsAAAAJ"
    },
    {
      "name": "Richard S. Sutton",
      "scholar_id": "6m4wv6gAAAAJ",
      "url": "https://scholar.google.com/citations?user=6m4wv6gAAAAJ"
    },
    {
      "name": "Andrew Patterson",
      "scholar_id": "jd2nCqYAAAAJ",
      "url": "https://scholar.google.com/citations?user=jd2nCqYAAAAJ"
    },
    {
      "name": "Matthew Kyle Schlegel",
      "scholar_id": "-iAxatcAAAAJ",
      "url": "https://scholar.google.com/citations?user=-iAxatcAAAAJ"
    },
    {
      "name": "Dale Schuurmans",
      "scholar_id": "xaQuPloAAAAJ",
      "url": "https://scholar.google.com/citations?user=xaQuPloAAAAJ"
    },
    {
      "name": "Lei Le",
      "scholar_id": "wwMm-e0AAAAJ",
      "url": "https://scholar.google.com/citations?user=wwMm-e0AAAAJ"
    },
    {
      "name": "A. Rupam Mahmood",
      "scholar_id": "YwB8XM4AAAAJ",
      "url": "https://scholar.google.com/citations?user=YwB8XM4AAAAJ"
    },
    {
      "name": "Khurram Javed",
      "scholar_id": "wG1tGakAAAAJ",
      "url": "https://scholar.google.com/citations?user=wG1tGakAAAAJ"
    },
    {
      "name": "Ehsan Imani",
      "scholar_id": "e3BSD8MAAAAJ",
      "url": "https://scholar.google.com/citations?user=e3BSD8MAAAAJ"
    },
    {
      "name": "Thomas Degris",
      "scholar_id": "fwp4np8AAAAJ",
      "url": "https://scholar.google.com/citations?user=fwp4np8AAAAJ"
    },
    {
      "name": "Zaheer Abbas",
      "scholar_id": "i27Wt-cAAAAJ",
      "url": "https://scholar.google.com/citations?user=i27Wt-cAAAAJ"
    },
    {
      "name": "Alona Fyshe",
      "scholar_id": "Vw8z7qwAAAAJ",
      "url": "https://scholar.google.com/citations?user=Vw8z7qwAAAAJ"
    },
    {
      "name": "Predrag Radivojac",
      "scholar_id": "ugj0at8AAAAJ",
      "url": "https://scholar.google.com/citations?user=ugj0at8AAAAJ"
    },
    {
      "name": "Philip S. Thomas",
      "scholar_id": "e8Gzgo4AAAAJ",
      "url": "https://scholar.google.com/citations?user=e8Gzgo4AAAAJ"
    },
    {
      "name": "Sungsu Lim",
      "scholar_id": "Aul6wHUAAAAJ",
      "url": "https://scholar.google.com/citations?user=Aul6wHUAAAAJ"
    },
    {
      "name": "Shantanu Jain",
      "scholar_id": "3twSpvoAAAAJ",
      "url": "https://scholar.google.com/citations?user=3twSpvoAAAAJ"
    },
    {
      "name": "Amir-massoud Farahmand",
      "scholar_id": "G5SAV7gAAAAJ",
      "url": "https://scholar.google.com/citations?user=G5SAV7gAAAAJ"
    },
    {
      "name": "Yaoliang Yu",
      "scholar_id": "zbXIQMsAAAAJ",
      "url": "https://scholar.google.com/citations?user=zbXIQMsAAAAJ"
    },
    {
      "name": "Michael Bowling",
      "scholar_id": "PYtPCHoAAAAJ",
      "url": "https://scholar.google.com/citations?user=PYtPCHoAAAAJ"
    },
    {
      "name": "Wesley Chung",
      "scholar_id": "y5e1qjQAAAAJ",
      "url": "https://scholar.google.com/citations?user=y5e1qjQAAAAJ"
    }
  ]
}