{
  "author_info": {
    "name": "Haotian Xia",
    "affiliation": "Rice University",
    "email_verified": "Verified email at rice.edu - Homepage",
    "website": "https://haotianxia.github.io/",
    "interests": [
      "Natural Language Processing",
      "Sports Analytics"
    ],
    "photo_url": "https://scholar.googleusercontent.com/citations?view_op=view_photo&user=59k_9QwAAAAJ&citpid=1"
  },
  "citation_stats": {
    "citations_all": 200,
    "citations_since_2020": 200,
    "h_index_all": 7,
    "h_index_since_2020": 7,
    "i10_index_all": 6,
    "i10_index_since_2020": 6,
    "citation_graph": [
      {
        "year": 2022,
        "citations": 1
      },
      {
        "year": 2023,
        "citations": 7
      },
      {
        "year": 2024,
        "citations": 60
      },
      {
        "year": 2025,
        "citations": 126
      }
    ]
  },
  "papers": [
    {
      "title": "Fineval: A chinese financial domain knowledge evaluation benchmark for large language models",
      "url": "https://scholar.google.com/citations?view_op=view_citation&hl=en&user=59k_9QwAAAAJ&citation_for_view=59k_9QwAAAAJ:Se3iqnhoufwC",
      "authors": "X Guo, H Xia, Z Liu, H Cao, Z Yang, Z Liu, S Wang, J Niu, C Wang, ...",
      "venue": "NAACL 2025, 2025",
      "year": 2025,
      "citations": 93
    },
    {
      "title": "SPORTU: A comprehensive sports understanding benchmark for multimodal large language models",
      "url": "https://scholar.google.com/citations?view_op=view_citation&hl=en&user=59k_9QwAAAAJ&citation_for_view=59k_9QwAAAAJ:_FxGoFyzp5QC",
      "authors": "H Xia, Z Yang, J Zou, R Tracy, Y Wang, C Lu, C Lai, Y He, X Shao, Z Xie, ...",
      "venue": "The Thirteenth International Conference on Learning Representations (ICLR 2025), 2025",
      "year": 2025,
      "citations": 20
    },
    {
      "title": "Sports intelligence: Assessing the sports understanding capabilities of language models through question answering from text to video",
      "url": "https://scholar.google.com/citations?view_op=view_citation&hl=en&user=59k_9QwAAAAJ&citation_for_view=59k_9QwAAAAJ:WF5omc3nYNoC",
      "authors": "Z Yang, H Xia, J Li, Z Chen, Z Zhu, W Shen",
      "venue": "Electronics 14 (3), 461, 2025",
      "year": 2025,
      "citations": 5
    },
    {
      "title": "DeepSport: A Multimodal Large Language Model for Comprehensive Sports Video Reasoning via Agentic Reinforcement Learning",
      "url": "https://scholar.google.com/citations?view_op=view_citation&hl=en&user=59k_9QwAAAAJ&citation_for_view=59k_9QwAAAAJ:8k81kl-MbHgC",
      "authors": "J Zou, H Xia, Z Ye, S Zhang, C Lai, V Ordonez, W Shen, H Chen",
      "venue": "arXiv preprint arXiv:2511.12908, 2025",
      "year": 2025,
      "citations": 0
    },
    {
      "title": "SportR: A Benchmark for Multimodal Large Language Model Reasoning in Sports",
      "url": "https://scholar.google.com/citations?view_op=view_citation&hl=en&user=59k_9QwAAAAJ&citation_for_view=59k_9QwAAAAJ:5nxA0vEk-isC",
      "authors": "H Xia, H Ge, J Zou, HW Choi, X Zhang, D Suradja, B Rui, E Tran, W Jin, ...",
      "venue": "arXiv preprint arXiv:2511.06499, 2025",
      "year": 2025,
      "citations": 0
    },
    {
      "title": "VisFinEval: A Scenario-Driven Chinese Multimodal Benchmark for Holistic Financial Understanding",
      "url": "https://scholar.google.com/citations?view_op=view_citation&hl=en&user=59k_9QwAAAAJ&citation_for_view=59k_9QwAAAAJ:0EnyYjriUFMC",
      "authors": "Z Liu, X Guo, H Xia, L Zeng, F Lou, J Niu, M Li, Q Qi, J Li, W Zhang, ...",
      "venue": "EMNLP 2025, 2025",
      "year": 2025,
      "citations": 0
    },
    {
      "title": "Sportqa: A benchmark for sports understanding in large language models",
      "url": "https://scholar.google.com/citations?view_op=view_citation&hl=en&user=59k_9QwAAAAJ&citation_for_view=59k_9QwAAAAJ:LkGwnXOMwfcC",
      "authors": "H Xia, Z Yang, Y Wang, R Tracy, Y Zhao, D Huang, Z Chen, Y Zhu, ...",
      "venue": "NAACL 2024, 2024",
      "year": 2024,
      "citations": 27
    },
    {
      "title": "Language and multimodal models in sports: a survey of datasets and applications",
      "url": "https://scholar.google.com/citations?view_op=view_citation&hl=en&user=59k_9QwAAAAJ&citation_for_view=59k_9QwAAAAJ:Y0pCki6q_DkC",
      "authors": "H Xia, Z Yang, Y Zhao, Y Wang, J Li, R Tracy, Z Zhu, Y Wang, H Chen, ...",
      "venue": "arXiv preprint arXiv:2406.12252, 2024",
      "year": 2024,
      "citations": 14
    },
    {
      "title": "FACTS: Fine-Grained Action Classification for Tactical Sports",
      "url": "https://scholar.google.com/citations?view_op=view_citation&hl=en&user=59k_9QwAAAAJ&citation_for_view=59k_9QwAAAAJ:UebtZRa9Y70C",
      "authors": "C Lai, J Mo, H Xia, Y Wang",
      "venue": "arXiv preprint arXiv:2412.16454, 2024",
      "year": 2024,
      "citations": 2
    },
    {
      "title": "Advanced volleyball stats for all levels: Automatic setting tactic detection and classification with a single camera",
      "url": "https://scholar.google.com/citations?view_op=view_citation&hl=en&user=59k_9QwAAAAJ&citation_for_view=59k_9QwAAAAJ:qjMakFHDy7sC",
      "authors": "H Xia, R Tracy, Y Zhao, Y Wang, YF Wang, W Shen",
      "venue": "2023 IEEE International Conference on Data Mining Workshops (ICDMW), 1407-1416, 2023",
      "year": 2023,
      "citations": 8
    },
    {
      "title": "Graph Encoding and Neural Network Approaches for Volleyball Analytics: From Game Outcome to Individual Play Predictions",
      "url": "https://scholar.google.com/citations?view_op=view_citation&hl=en&user=59k_9QwAAAAJ&citation_for_view=59k_9QwAAAAJ:2osOgNQ5qMEC",
      "authors": "R Tracy, H Xia, A Rasla, YF Wang, A Singh",
      "venue": "KDD 2023 Workshop on Data Science and AI for Sports, 2023",
      "year": 2023,
      "citations": 5
    },
    {
      "title": "VREN: volleyball rally dataset with expression notation language",
      "url": "https://scholar.google.com/citations?view_op=view_citation&hl=en&user=59k_9QwAAAAJ&citation_for_view=59k_9QwAAAAJ:eQOLeE2rZwMC",
      "authors": "H Xia, R Tracy, Y Zhao, E Fraisse, YF Wang, L Petzold",
      "venue": "2022 IEEE International Conference on Knowledge Graph (ICKG), 337-346, 2022",
      "year": 2022,
      "citations": 11
    },
    {
      "title": "Implementation of a Business of Healthcare Curriculum for General Surgery Residents",
      "url": "https://scholar.google.com/citations?view_op=view_citation&hl=en&user=59k_9QwAAAAJ&citation_for_view=59k_9QwAAAAJ:9yKSN-GCB0IC",
      "authors": "M Camacho, MBJ Chun, H Xia, HJ Ahn, H Miyasato, KM Murayama",
      "venue": "Journal of Surgical Education, 2022",
      "year": 2022,
      "citations": 2
    },
    {
      "title": "Empirical quantitative analysis of COVID-19 forecasting models",
      "url": "https://scholar.google.com/citations?view_op=view_citation&hl=en&user=59k_9QwAAAAJ&citation_for_view=59k_9QwAAAAJ:YsMSGLbcyi4C",
      "authors": "Y Zhao, Y Wang, J Liu, H Xia, Z Xu, Q Hong, Z Zhou, L Petzold",
      "venue": "2021 International Conference on Data Mining Workshops (ICDMW), 517-526, 2021",
      "year": 2021,
      "citations": 13
    }
  ],
  "co_authors": [
    {
      "name": "Weining Shen",
      "scholar_id": "F0Qkv90AAAAJ",
      "url": "https://scholar.google.com/citations?user=F0Qkv90AAAAJ"
    },
    {
      "name": "Rhys Tracy",
      "scholar_id": "sJYHxIIAAAAJ",
      "url": "https://scholar.google.com/citations?user=sJYHxIIAAAAJ"
    },
    {
      "name": "Zhengbang Yang",
      "scholar_id": "c11Xy9AAAAAJ",
      "url": "https://scholar.google.com/citations?user=c11Xy9AAAAAJ"
    },
    {
      "name": "Hanjie Chen",
      "scholar_id": "DyYOgLwAAAAJ",
      "url": "https://scholar.google.com/citations?user=DyYOgLwAAAAJ"
    }
  ]
}