{
  "author_info": {
    "name": "Efstratios Gavves",
    "affiliation": "Associate Professor at University of Amsterdam",
    "email_verified": "Verified email at uva.nl - Homepage",
    "website": "https://www.egavves.com/",
    "interests": [
      "Dynamical Deep Learning",
      "Cyberphysical AI",
      "Robot Learning"
    ],
    "photo_url": "https://scholar.googleusercontent.com/citations?view_op=view_photo&user=QqfCvsgAAAAJ&citpid=1"
  },
  "citation_stats": {
    "citations_all": 14001,
    "citations_since_2020": 10688,
    "h_index_all": 47,
    "h_index_since_2020": 45,
    "i10_index_all": 110,
    "i10_index_since_2020": 100,
    "citation_graph": [
      {
        "year": 2014,
        "citations": 78
      },
      {
        "year": 2015,
        "citations": 135
      },
      {
        "year": 2016,
        "citations": 309
      },
      {
        "year": 2017,
        "citations": 636
      },
      {
        "year": 2018,
        "citations": 799
      },
      {
        "year": 2019,
        "citations": 1209
      },
      {
        "year": 2020,
        "citations": 1477
      },
      {
        "year": 2021,
        "citations": 1719
      },
      {
        "year": 2022,
        "citations": 1690
      },
      {
        "year": 2023,
        "citations": 1788
      },
      {
        "year": 2024,
        "citations": 2025
      },
      {
        "year": 2025,
        "citations": 1964
      }
    ]
  },
  "papers": [
    {
      "title": "Mechanistic Interpretability for AI Safety--A Review",
      "url": "https://scholar.google.com/citations?view_op=view_citation&hl=en&user=QqfCvsgAAAAJ&citation_for_view=QqfCvsgAAAAJ:VaXvl8Fpj5cC",
      "authors": "L Bereska, E Gavves",
      "venue": "Transactions on Machine Learning Research, 2024",
      "year": 2024,
      "citations": 307
    },
    {
      "title": "Nformer: Robust person re-identification with neighbor transformer",
      "url": "https://scholar.google.com/citations?view_op=view_citation&hl=en&user=QqfCvsgAAAAJ&citation_for_view=QqfCvsgAAAAJ:dTyEYWd-f8wC",
      "authors": "H Wang, J Shen, Y Liu, Y Gao, E Gavves",
      "venue": "Proceedings of the IEEE/CVF conference on computer vision and pattern …, 2022",
      "year": 2022,
      "citations": 220
    },
    {
      "title": "Pointmixup: Augmentation for point clouds",
      "url": "https://scholar.google.com/citations?view_op=view_citation&hl=en&user=QqfCvsgAAAAJ&citation_for_view=QqfCvsgAAAAJ:dshw04ExmUIC",
      "authors": "Y Chen, VT Hu, E Gavves, T Mensink, P Mettes, P Yang, CGM Snoek",
      "venue": "European conference on computer vision, 330-345, 2020",
      "year": 2020,
      "citations": 235
    },
    {
      "title": "The seventh visual object tracking vot2019 challenge results",
      "url": "https://scholar.google.com/citations?view_op=view_citation&hl=en&user=QqfCvsgAAAAJ&citation_for_view=QqfCvsgAAAAJ:LPZeul_q3PIC",
      "authors": "M Kristan, J Matas, A Leonardis, M Felsberg, R Pflugfelder, ...",
      "venue": "Proceedings of the IEEE/CVF international conference on computer vision …, 2019",
      "year": 2019,
      "citations": 652
    },
    {
      "title": "Timeception for complex action recognition",
      "url": "https://scholar.google.com/citations?view_op=view_citation&hl=en&user=QqfCvsgAAAAJ&citation_for_view=QqfCvsgAAAAJ:RYcK_YlVTxYC",
      "authors": "N Hussein, E Gavves, AWM Smeulders",
      "venue": "Proceedings of the IEEE/CVF Conference on Computer Vision and Pattern …, 2019",
      "year": 2019,
      "citations": 300
    },
    {
      "title": "The sixth visual object tracking vot2018 challenge results",
      "url": "https://scholar.google.com/citations?view_op=view_citation&hl=en&user=QqfCvsgAAAAJ&citation_for_view=QqfCvsgAAAAJ:vV6vV6tmYwMC",
      "authors": "M Kristan, A Leonardis, J Matas, M Felsberg, R Pflugfelder, ...",
      "venue": "Proceedings of the European conference on computer vision (ECCV) workshops, 0-0, 2018",
      "year": 2018,
      "citations": 1067
    },
    {
      "title": "Videolstm convolves, attends and flows for action recognition",
      "url": "https://scholar.google.com/citations?view_op=view_citation&hl=en&user=QqfCvsgAAAAJ&citation_for_view=QqfCvsgAAAAJ:4TOpqqG69KYC",
      "authors": "Z Li, K Gavrilyuk, E Gavves, M Jain, CGM Snoek",
      "venue": "Computer Vision and Image Understanding 166, 41-50, 2018",
      "year": 2018,
      "citations": 623
    },
    {
      "title": "Relaxed quantization for discretized neural networks",
      "url": "https://scholar.google.com/citations?view_op=view_citation&hl=en&user=QqfCvsgAAAAJ&citation_for_view=QqfCvsgAAAAJ:NaGl4SEjCO4C",
      "authors": "C Louizos, M Reisser, T Blankevoort, E Gavves, M Welling",
      "venue": "International Conference on Learning Representations, 2018",
      "year": 2018,
      "citations": 235
    },
    {
      "title": "Long-term tracking in the wild: A benchmark",
      "url": "https://scholar.google.com/citations?view_op=view_citation&hl=en&user=QqfCvsgAAAAJ&citation_for_view=QqfCvsgAAAAJ:TFP_iSt0sucC",
      "authors": "J Valmadre, L Bertinetto, JF Henriques, R Tao, A Vedaldi, ...",
      "venue": "Proceedings of the European conference on computer vision (ECCV), 670-685, 2018",
      "year": 2018,
      "citations": 219
    },
    {
      "title": "Self-supervised video representation learning with odd-one-out networks",
      "url": "https://scholar.google.com/citations?view_op=view_citation&hl=en&user=QqfCvsgAAAAJ&citation_for_view=QqfCvsgAAAAJ:Wp0gIr-vW9MC",
      "authors": "B Fernando, H Bilen, E Gavves, S Gould",
      "venue": "Proceedings of the IEEE conference on computer vision and pattern …, 2017",
      "year": 2017,
      "citations": 575
    },
    {
      "title": "Action recognition with dynamic image networks",
      "url": "https://scholar.google.com/citations?view_op=view_citation&hl=en&user=QqfCvsgAAAAJ&citation_for_view=QqfCvsgAAAAJ:mVmsd5A6BfQC",
      "authors": "H Bilen, B Fernando, E Gavves, A Vedaldi",
      "venue": "IEEE transactions on pattern analysis and machine intelligence 40 (12), 2799 …, 2017",
      "year": 2017,
      "citations": 320
    },
    {
      "title": "Tracking by natural language specification",
      "url": "https://scholar.google.com/citations?view_op=view_citation&hl=en&user=QqfCvsgAAAAJ&citation_for_view=QqfCvsgAAAAJ:-f6ydRqryjwC",
      "authors": "Z Li, R Tao, E Gavves, CGM Snoek, AWM Smeulders",
      "venue": "Proceedings of the IEEE conference on computer vision and pattern …, 2017",
      "year": 2017,
      "citations": 234
    },
    {
      "title": "Siamese instance search for tracking",
      "url": "https://scholar.google.com/citations?view_op=view_citation&hl=en&user=QqfCvsgAAAAJ&citation_for_view=QqfCvsgAAAAJ:YOwf2qJgpHMC",
      "authors": "R Tao, E Gavves, AWM Smeulders",
      "venue": "Proceedings of the IEEE conference on computer vision and pattern …, 2016",
      "year": 2016,
      "citations": 1460
    },
    {
      "title": "Dynamic image networks for action recognition",
      "url": "https://scholar.google.com/citations?view_op=view_citation&hl=en&user=QqfCvsgAAAAJ&citation_for_view=QqfCvsgAAAAJ:Zph67rFs4hoC",
      "authors": "H Bilen, B Fernando, E Gavves, A Vedaldi, S Gould",
      "venue": "Proceedings of the IEEE conference on computer vision and pattern …, 2016",
      "year": 2016,
      "citations": 736
    },
    {
      "title": "Rank pooling for action recognition",
      "url": "https://scholar.google.com/citations?view_op=view_citation&hl=en&user=QqfCvsgAAAAJ&citation_for_view=QqfCvsgAAAAJ:kNdYIx-mwKoC",
      "authors": "B Fernando, E Gavves, J Oramas, A Ghodrati, T Tuytelaars",
      "venue": "IEEE transactions on pattern analysis and machine intelligence 39 (4), 773-787, 2016",
      "year": 2016,
      "citations": 393
    },
    {
      "title": "Online action detection",
      "url": "https://scholar.google.com/citations?view_op=view_citation&hl=en&user=QqfCvsgAAAAJ&citation_for_view=QqfCvsgAAAAJ:ULOm3_A8WrAC",
      "authors": "R De Geest, E Gavves, A Ghodrati, Z Li, C Snoek, T Tuytelaars",
      "venue": "European Conference on Computer Vision, 269-284, 2016",
      "year": 2016,
      "citations": 280
    },
    {
      "title": "Modeling video evolution for action recognition",
      "url": "https://scholar.google.com/citations?view_op=view_citation&hl=en&user=QqfCvsgAAAAJ&citation_for_view=QqfCvsgAAAAJ:UebtZRa9Y70C",
      "authors": "B Fernando, E Gavves, JM Oramas, A Ghodrati, T Tuytelaars",
      "venue": "Proceedings of the IEEE conference on computer vision and pattern …, 2015",
      "year": 2015,
      "citations": 716
    },
    {
      "title": "Guiding the long-short term memory model for image caption generation",
      "url": "https://scholar.google.com/citations?view_op=view_citation&hl=en&user=QqfCvsgAAAAJ&citation_for_view=QqfCvsgAAAAJ:0EnyYjriUFMC",
      "authors": "X Jia, E Gavves, B Fernando, T Tuytelaars",
      "venue": "Proceedings of the IEEE international conference on computer vision, 2407-2415, 2015",
      "year": 2015,
      "citations": 604
    },
    {
      "title": "Costa: Co-occurrence statistics for zero-shot classification",
      "url": "https://scholar.google.com/citations?view_op=view_citation&hl=en&user=QqfCvsgAAAAJ&citation_for_view=QqfCvsgAAAAJ:Tyk-4Ss8FVUC",
      "authors": "T Mensink, E Gavves, CGM Snoek",
      "venue": "Proceedings of the IEEE conference on computer vision and pattern …, 2014",
      "year": 2014,
      "citations": 310
    },
    {
      "title": "Fine-grained categorization by alignments",
      "url": "https://scholar.google.com/citations?view_op=view_citation&hl=en&user=QqfCvsgAAAAJ&citation_for_view=QqfCvsgAAAAJ:UeHWp8X0CEIC",
      "authors": "E Gavves, B Fernando, CGM Snoek, AWM Smeulders, T Tuytelaars",
      "venue": "Proceedings of the IEEE international conference on computer vision, 1713-1720, 2013",
      "year": 2013,
      "citations": 258
    }
  ],
  "co_authors": [
    {
      "name": "Cees G. M. Snoek",
      "scholar_id": "0uKdbscAAAAJ",
      "url": "https://scholar.google.com/citations?user=0uKdbscAAAAJ"
    },
    {
      "name": "Arnold Smeulders",
      "scholar_id": "aa5Ou7gAAAAJ",
      "url": "https://scholar.google.com/citations?user=aa5Ou7gAAAAJ"
    },
    {
      "name": "Basura Fernando",
      "scholar_id": "GyvseMkAAAAJ",
      "url": "https://scholar.google.com/citations?user=GyvseMkAAAAJ"
    },
    {
      "name": "Ran Tao",
      "scholar_id": "XrihNW4AAAAJ",
      "url": "https://scholar.google.com/citations?user=XrihNW4AAAAJ"
    },
    {
      "name": "Tinne Tuytelaars",
      "scholar_id": "EuFF9kUAAAAJ",
      "url": "https://scholar.google.com/citations?user=EuFF9kUAAAAJ"
    },
    {
      "name": "Max Welling",
      "scholar_id": "8200InoAAAAJ",
      "url": "https://scholar.google.com/citations?user=8200InoAAAAJ"
    },
    {
      "name": "Hakan Bilen",
      "scholar_id": "PtBtfawAAAAJ",
      "url": "https://scholar.google.com/citations?user=PtBtfawAAAAJ"
    },
    {
      "name": "Yunlu Chen",
      "scholar_id": "BtLaYmUAAAAJ",
      "url": "https://scholar.google.com/citations?user=BtLaYmUAAAAJ"
    },
    {
      "name": "Thomas Mensink",
      "scholar_id": "ADII6_IAAAAJ",
      "url": "https://scholar.google.com/citations?user=ADII6_IAAAAJ"
    },
    {
      "name": "Changyong Oh",
      "scholar_id": "srE0kIkAAAAJ",
      "url": "https://scholar.google.com/citations?user=srE0kIkAAAAJ"
    },
    {
      "name": "Amir Ghodrati",
      "scholar_id": "h1IvkAsAAAAJ",
      "url": "https://scholar.google.com/citations?user=h1IvkAsAAAAJ"
    },
    {
      "name": "Andrea Vedaldi",
      "scholar_id": "bRT7t28AAAAJ",
      "url": "https://scholar.google.com/citations?user=bRT7t28AAAAJ"
    },
    {
      "name": "Stephen Gould",
      "scholar_id": "YvdzeM8AAAAJ",
      "url": "https://scholar.google.com/citations?user=YvdzeM8AAAAJ"
    },
    {
      "name": "Mihir Jain",
      "scholar_id": "A7MCx_kAAAAJ",
      "url": "https://scholar.google.com/citations?user=A7MCx_kAAAAJ"
    },
    {
      "name": "Jakub M. Tomczak",
      "scholar_id": "XB99pR4AAAAJ",
      "url": "https://scholar.google.com/citations?user=XB99pR4AAAAJ"
    },
    {
      "name": "Shuai Liao",
      "scholar_id": "QCp2hbgAAAAJ",
      "url": "https://scholar.google.com/citations?user=QCp2hbgAAAAJ"
    },
    {
      "name": "José Oramas M.",
      "scholar_id": "FurBYlUAAAAJ",
      "url": "https://scholar.google.com/citations?user=FurBYlUAAAAJ"
    },
    {
      "name": "Deepak Gupta",
      "scholar_id": "Nsxpe_kAAAAJ",
      "url": "https://scholar.google.com/citations?user=Nsxpe_kAAAAJ"
    },
    {
      "name": "Christos Louizos",
      "scholar_id": "xrSUChoAAAAJ",
      "url": "https://scholar.google.com/citations?user=xrSUChoAAAAJ"
    },
    {
      "name": "Kirill Gavrilyuk",
      "scholar_id": "xmz6BHAAAAAJ",
      "url": "https://scholar.google.com/citations?user=xmz6BHAAAAAJ"
    }
  ]
}