{
  "author_info": {
    "name": "Fan Wang",
    "affiliation": "Zhejiang University",
    "email_verified": "Verified email at zju.edu.cn",
    "interests": [
      "Data Mining",
      "Causal Inference",
      "Recommender System"
    ],
    "photo_url": "https://scholar.googleusercontent.com/citations?view_op=view_photo&user=xIq5rVAAAAAJ&citpid=4"
  },
  "citation_stats": {
    "citations_all": 1447,
    "citations_since_2020": 1443,
    "h_index_all": 15,
    "h_index_since_2020": 15,
    "i10_index_all": 18,
    "i10_index_since_2020": 18,
    "citation_graph": [
      {
        "year": 2021,
        "citations": 58
      },
      {
        "year": 2022,
        "citations": 224
      },
      {
        "year": 2023,
        "citations": 280
      },
      {
        "year": 2024,
        "citations": 425
      },
      {
        "year": 2025,
        "citations": 452
      }
    ]
  },
  "papers": [
    {
      "title": "Inter-and intra-similarity preserved counterfactual incentive effect estimation for recommendation systems",
      "url": "https://scholar.google.com/citations?view_op=view_citation&hl=en&user=xIq5rVAAAAAJ&citation_for_view=xIq5rVAAAAAJ:Wp0gIr-vW9MC",
      "authors": "F Wang, L Qi, W Liu, B Yu, J Chen, Y Xu",
      "venue": "ACM Transactions on Information Systems 43 (6), 1-24, 2025",
      "year": 2025,
      "citations": 12
    },
    {
      "title": "Learning accurate and bidirectional transformation via dynamic embedding transportation for cross-domain recommendation",
      "url": "https://scholar.google.com/citations?view_op=view_citation&hl=en&user=xIq5rVAAAAAJ&citation_for_view=xIq5rVAAAAAJ:roLk4NBRz8UC",
      "authors": "W Liu, C Chen, X Liao, M Hu, Y Tan, F Wang, X Zheng, YS Ong",
      "venue": "Proceedings of the AAAI Conference on Artificial Intelligence 38 (8), 8815-8823, 2024",
      "year": 2024,
      "citations": 40
    },
    {
      "title": "User distribution mapping modelling with collaborative filtering for cross domain recommendation",
      "url": "https://scholar.google.com/citations?view_op=view_citation&hl=en&user=xIq5rVAAAAAJ&citation_for_view=xIq5rVAAAAAJ:Se3iqnhoufwC",
      "authors": "W Liu, C Chen, X Liao, M Hu, J Su, Y Tan, F Wang",
      "venue": "Proceedings of the ACM Web Conference 2024, 334-343, 2024",
      "year": 2024,
      "citations": 32
    },
    {
      "title": "CE-RCFR: Robust counterfactual regression for consensus-enabled treatment effect estimation",
      "url": "https://scholar.google.com/citations?view_op=view_citation&hl=en&user=xIq5rVAAAAAJ&citation_for_view=xIq5rVAAAAAJ:MXK_kJrjxJIC",
      "authors": "F Wang, C Chen, W Liu, T Fan, X Liao, Y Tan, L Qi, X Zheng",
      "venue": "Proceedings of the 30th ACM SIGKDD Conference on Knowledge Discovery and …, 2024",
      "year": 2024,
      "citations": 28
    },
    {
      "title": "Reducing item discrepancy via differentially private robust embedding alignment for privacy-preserving cross domain recommendation",
      "url": "https://scholar.google.com/citations?view_op=view_citation&hl=en&user=xIq5rVAAAAAJ&citation_for_view=xIq5rVAAAAAJ:Zph67rFs4hoC",
      "authors": "W Liu, X Zheng, C Chen, J Xu, X Liao, F Wang, Y Tan, YS Ong",
      "venue": "Forty-first International Conference on Machine Learning, 2024",
      "year": 2024,
      "citations": 14
    },
    {
      "title": "Maximizing overall service profit: multi-edge service pricing as a stochastic game model",
      "url": "https://scholar.google.com/citations?view_op=view_citation&hl=en&user=xIq5rVAAAAAJ&citation_for_view=xIq5rVAAAAAJ:KlAtU1dfN6UC",
      "authors": "S Pang, X Zhao, J Luo, J Chen, F Wang, J Yin",
      "venue": "Tsinghua Science and Technology 29 (6), 1872-1889, 2024",
      "year": 2024,
      "citations": 9
    },
    {
      "title": "Privacy-aware traffic flow prediction based on multi-party sensor data with zero trust in smart city",
      "url": "https://scholar.google.com/citations?view_op=view_citation&hl=en&user=xIq5rVAAAAAJ&citation_for_view=xIq5rVAAAAAJ:2osOgNQ5qMEC",
      "authors": "F Wang, G Li, Y Wang, W Rafique, MR Khosravi, G Liu, Y Liu, L Qi",
      "venue": "ACM Transactions on Internet Technology 23 (3), 1-19, 2023",
      "year": 2023,
      "citations": 130
    },
    {
      "title": "A novel short-term traffic prediction model based on svd and arima with blockchain in industrial internet of things",
      "url": "https://scholar.google.com/citations?view_op=view_citation&hl=en&user=xIq5rVAAAAAJ&citation_for_view=xIq5rVAAAAAJ:ufrVoPGSRksC",
      "authors": "Y Miao, X Bai, Y Cao, Y Liu, F Dai, F Wang, L Qi, W Dou",
      "venue": "IEEE Internet of Things Journal 10 (24), 21217-21226, 2023",
      "year": 2023,
      "citations": 59
    },
    {
      "title": "Contrastive intra-and inter-modality generation for enhancing incomplete multimedia recommendation",
      "url": "https://scholar.google.com/citations?view_op=view_citation&hl=en&user=xIq5rVAAAAAJ&citation_for_view=xIq5rVAAAAAJ:UebtZRa9Y70C",
      "authors": "Z Lin, Y Tan, Y Zhan, W Liu, F Wang, C Chen, S Wang, C Yang",
      "venue": "Proceedings of the 31st ACM International Conference on Multimedia, 6234-6242, 2023",
      "year": 2023,
      "citations": 28
    },
    {
      "title": "Differentially private sparse mapping for privacy-preserving cross domain recommendation",
      "url": "https://scholar.google.com/citations?view_op=view_citation&hl=en&user=xIq5rVAAAAAJ&citation_for_view=xIq5rVAAAAAJ:0EnyYjriUFMC",
      "authors": "W Liu, X Zheng, C Chen, M Hu, X Liao, F Wang, Y Tan, D Meng, J Wang",
      "venue": "Proceedings of the 31st ACM international conference on multimedia, 6243-6252, 2023",
      "year": 2023,
      "citations": 23
    },
    {
      "title": "A long short‐term memory‐based model for greenhouse climate prediction",
      "url": "https://scholar.google.com/citations?view_op=view_citation&hl=en&user=xIq5rVAAAAAJ&citation_for_view=xIq5rVAAAAAJ:u5HHmVD_uO8C",
      "authors": "Y Liu, D Li, S Wan, F Wang, W Dou, X Xu, S Li, R Ma, L Qi",
      "venue": "International Journal of Intelligent Systems 37 (1), 135-151, 2022",
      "year": 2022,
      "citations": 215
    },
    {
      "title": "Edge-cloud-enabled matrix factorization for diversified APIs recommendation in mashup creation",
      "url": "https://scholar.google.com/citations?view_op=view_citation&hl=en&user=xIq5rVAAAAAJ&citation_for_view=xIq5rVAAAAAJ:Y0pCki6q_DkC",
      "authors": "F Wang, L Wang, G Li, Y Wang, C Lv, L Qi",
      "venue": "World Wide Web 25 (5), 1809-1829, 2022",
      "year": 2022,
      "citations": 73
    },
    {
      "title": "HCFRec: Hash Collaborative Filtering via Normalized Flow with Structural Consensus for Efficient Recommendation",
      "url": "https://scholar.google.com/citations?view_op=view_citation&hl=en&user=xIq5rVAAAAAJ&citation_for_view=xIq5rVAAAAAJ:WF5omc3nYNoC",
      "authors": "F Wang, W Liu, C Chen, M Zhu, X Zheng",
      "venue": "Proceedings of the Thirty-First International Joint Conference on Artificial …, 2022",
      "year": 2022,
      "citations": 7
    },
    {
      "title": "Digital twin-assisted real-time traffic data prediction method for 5G-enabled internet of vehicles",
      "url": "https://scholar.google.com/citations?view_op=view_citation&hl=en&user=xIq5rVAAAAAJ&citation_for_view=xIq5rVAAAAAJ:IjCSPb-OGe4C",
      "authors": "C Hu, W Fan, E Zeng, Z Hang, F Wang, L Qi, MZA Bhuiyan",
      "venue": "IEEE Transactions on Industrial Informatics 18 (4), 2811-2819, 2021",
      "year": 2021,
      "citations": 249
    },
    {
      "title": "Robust collaborative filtering recommendation with user-item-trust records",
      "url": "https://scholar.google.com/citations?view_op=view_citation&hl=en&user=xIq5rVAAAAAJ&citation_for_view=xIq5rVAAAAAJ:qjMakFHDy7sC",
      "authors": "F Wang, H Zhu, G Srivastava, S Li, MR Khosravi, L Qi",
      "venue": "IEEE Transactions on Computational Social Systems 9 (4), 986-996, 2021",
      "year": 2021,
      "citations": 210
    },
    {
      "title": "An attention‐based category‐aware GRU model for the next POI recommendation",
      "url": "https://scholar.google.com/citations?view_op=view_citation&hl=en&user=xIq5rVAAAAAJ&citation_for_view=xIq5rVAAAAAJ:eQOLeE2rZwMC",
      "authors": "Y Liu, A Pei, F Wang, Y Yang, X Zhang, H Wang, H Dai, L Qi, R Ma",
      "venue": "International Journal of Intelligent Systems 36 (7), 3174-3189, 2021",
      "year": 2021,
      "citations": 163
    },
    {
      "title": "Blockchain-enabled HMM model for sports performance prediction",
      "url": "https://scholar.google.com/citations?view_op=view_citation&hl=en&user=xIq5rVAAAAAJ&citation_for_view=xIq5rVAAAAAJ:zYLM7Y9cAGgC",
      "authors": "P Cao, G Zhu, Q Zhang, F Wang, Y Liu, R Mo",
      "venue": "IEEE Access 9, 40255-40262, 2021",
      "year": 2021,
      "citations": 26
    },
    {
      "title": "6G-enabled short-term forecasting for large-scale traffic flow in massive IoT based on time-aware locality-sensitive hashing",
      "url": "https://scholar.google.com/citations?view_op=view_citation&hl=en&user=xIq5rVAAAAAJ&citation_for_view=xIq5rVAAAAAJ:9yKSN-GCB0IC",
      "authors": "F Wang, M Zhu, M Wang, MR Khosravi, Q Ni, S Yu, L Qi",
      "venue": "IEEE Internet of Things Journal 8 (7), 5321-5331, 2020",
      "year": 2020,
      "citations": 49
    },
    {
      "title": "Privacy-aware cold-start recommendation based on collaborative filtering and enhanced trust",
      "url": "https://scholar.google.com/citations?view_op=view_citation&hl=en&user=xIq5rVAAAAAJ&citation_for_view=xIq5rVAAAAAJ:Tyk-4Ss8FVUC",
      "authors": "F Wang, W Zhong, X Xu, W Rafique, Z Zhou, L Qi",
      "venue": "2020 IEEE 7th International Conference on Data Science and Advanced …, 2020",
      "year": 2020,
      "citations": 15
    },
    {
      "title": "Trust‐Based Missing Link Prediction in Signed Social Networks with Privacy Preservation",
      "url": "https://scholar.google.com/citations?view_op=view_citation&hl=en&user=xIq5rVAAAAAJ&citation_for_view=xIq5rVAAAAAJ:YsMSGLbcyi4C",
      "authors": "H Kou, F Wang, C Lv, Z Dong, W Huang, H Wang, Y Liu",
      "venue": "Wireless Communications and Mobile Computing 2020 (1), 8849536, 2020",
      "year": 2020,
      "citations": 11
    }
  ],
  "co_authors": []
}