{
  "author_info": {
    "name": "Haoming Cai",
    "affiliation": "University of Maryland, College Park",
    "email_verified": "Verified email at umd.edu - Homepage",
    "website": "https://www.hm-cai.com/",
    "interests": [
      "Computational Photography"
    ],
    "photo_url": "https://scholar.googleusercontent.com/citations?view_op=view_photo&user=Jzs37TkAAAAJ&citpid=2"
  },
  "citation_stats": {
    "citations_all": 1268,
    "citations_since_2020": 1268,
    "h_index_all": 10,
    "h_index_since_2020": 10,
    "i10_index_all": 10,
    "i10_index_since_2020": 10,
    "citation_graph": [
      {
        "year": 2021,
        "citations": 51
      },
      {
        "year": 2022,
        "citations": 147
      },
      {
        "year": 2023,
        "citations": 233
      },
      {
        "year": 2024,
        "citations": 391
      },
      {
        "year": 2025,
        "citations": 438
      }
    ]
  },
  "papers": [
    {
      "title": "Repurposing pre-trained video diffusion models for event-based video interpolation",
      "url": "https://scholar.google.com/citations?view_op=view_citation&hl=en&user=Jzs37TkAAAAJ&citation_for_view=Jzs37TkAAAAJ:YOwf2qJgpHMC",
      "authors": "J Chen, BY Feng, H Cai, T Wang, L Burner, D Yuan, C Fermuller, ...",
      "venue": "CVPR 2025, 2025",
      "year": 2025,
      "citations": 13
    },
    {
      "title": "Flash-split: 2d reflection removal with flash cues and latent diffusion separation",
      "url": "https://scholar.google.com/citations?view_op=view_citation&hl=en&user=Jzs37TkAAAAJ&citation_for_view=Jzs37TkAAAAJ:UebtZRa9Y70C",
      "authors": "T Wang, M Xie, H Cai, S Shah, CA Metzler",
      "venue": "CVPR 2025, 2025",
      "year": 2025,
      "citations": 3
    },
    {
      "title": "Parametric Shadow Control for Portrait Generation in Text-to-Image Diffusion Models",
      "url": "https://scholar.google.com/citations?view_op=view_citation&hl=en&user=Jzs37TkAAAAJ&citation_for_view=Jzs37TkAAAAJ:KlAtU1dfN6UC",
      "authors": "H Cai, TW Huang, S Gehlot, BY Feng, S Shah, GM Su, C Metzler",
      "venue": "ICCV 2025, 2025",
      "year": 2025,
      "citations": 1
    },
    {
      "title": "Codedevents: optimal point-spread-function engineering for 3d-tracking with event cameras",
      "url": "https://scholar.google.com/citations?view_op=view_citation&hl=en&user=Jzs37TkAAAAJ&citation_for_view=Jzs37TkAAAAJ:WF5omc3nYNoC",
      "authors": "S Shah, MA Chan, H Cai, J Chen, S Kulshrestha, CD Singh, Y Aloimonos, ...",
      "venue": "CVPR 2024, 2024",
      "year": 2024,
      "citations": 7
    },
    {
      "title": "Flash-splat: 3d reflection removal with flash cues and gaussian splats",
      "url": "https://scholar.google.com/citations?view_op=view_citation&hl=en&user=Jzs37TkAAAAJ&citation_for_view=Jzs37TkAAAAJ:eQOLeE2rZwMC",
      "authors": "M Xie, H Cai, S Shah, Y Xu, BY Feng, JB Huang, CA Metzler",
      "venue": "ECCV 2024, 2024",
      "year": 2024,
      "citations": 6
    },
    {
      "title": "Temporally consistent atmospheric turbulence mitigation with neural representations",
      "url": "https://scholar.google.com/citations?view_op=view_citation&hl=en&user=Jzs37TkAAAAJ&citation_for_view=Jzs37TkAAAAJ:LkGwnXOMwfcC",
      "authors": "H Cai, J Chen, B Feng, W Jiang, M Xie, K Zhang, C Fermuller, ...",
      "venue": "NeurIPS 2024, 2024",
      "year": 2024,
      "citations": 4
    },
    {
      "title": "NTIRE 2023 challenge on efficient super-resolution: Methods and results",
      "url": "https://scholar.google.com/citations?view_op=view_citation&hl=en&user=Jzs37TkAAAAJ&citation_for_view=Jzs37TkAAAAJ:u-x6o8ySG0sC",
      "authors": "Y Li, Y Zhang, R Timofte, L Van Gool, L Yu, Y Li, X Li, T Jiang, Q Wu, ...",
      "venue": "CVPR 2023 NTIRE EfficientSR Challenge Report, 1922-1960, 2023",
      "year": 2023,
      "citations": 195
    },
    {
      "title": "Assessor360: Multi-sequence network for blind omnidirectional image quality assessment",
      "url": "https://scholar.google.com/citations?view_op=view_citation&hl=en&user=Jzs37TkAAAAJ&citation_for_view=Jzs37TkAAAAJ:Tyk-4Ss8FVUC",
      "authors": "T Wu, S Shi, H Cai, M Cao, J Xiao, Y Zheng, Y Yang",
      "venue": "NeurIPS 2023, 2023",
      "year": 2023,
      "citations": 46
    },
    {
      "title": "Snow removal in video: A new dataset and a novel method",
      "url": "https://scholar.google.com/citations?view_op=view_citation&hl=en&user=Jzs37TkAAAAJ&citation_for_view=Jzs37TkAAAAJ:Y0pCki6q_DkC",
      "authors": "H Chen, J Ren, J Gu, H Wu, X Lu, H Cai, L Zhu",
      "venue": "ICCV 2023, 2023",
      "year": 2023,
      "citations": 43
    },
    {
      "title": "Blueprint separable residual network for efficient image super-resolution",
      "url": "https://scholar.google.com/citations?view_op=view_citation&hl=en&user=Jzs37TkAAAAJ&citation_for_view=Jzs37TkAAAAJ:UeHWp8X0CEIC",
      "authors": "Z Li, Y Liu, X Chen, H Cai, J Gu, Y Qiao, C Dong",
      "venue": "CVPR 2023 NTIRE Workshop EfficientSR Winner, 2022",
      "year": 2022,
      "citations": 295
    },
    {
      "title": "NTIRE 2022 challenge on perceptual image quality assessment",
      "url": "https://scholar.google.com/citations?view_op=view_citation&hl=en&user=Jzs37TkAAAAJ&citation_for_view=Jzs37TkAAAAJ:qjMakFHDy7sC",
      "authors": "J Gu, H Cai, C Dong, JS Ren, R Timofte, Y Gong, S Lao, S Shi, J Wang, ...",
      "venue": "CVPR 2022 NTIRE IQA Challenge Report, 2022",
      "year": 2022,
      "citations": 142
    },
    {
      "title": "Efficient image super-resolution using vast-receptive-field attention",
      "url": "https://scholar.google.com/citations?view_op=view_citation&hl=en&user=Jzs37TkAAAAJ&citation_for_view=Jzs37TkAAAAJ:IjCSPb-OGe4C",
      "authors": "L Zhou, H Cai, J Gu, Z Li, Y Liu, X Chen, Y Qiao, C Dong",
      "venue": "ECCV 2022 AIM Workshop, 2022",
      "year": 2022,
      "citations": 133
    },
    {
      "title": "Super-resolution by predicting offsets: An ultra-efficient super-resolution network for rasterized images",
      "url": "https://scholar.google.com/citations?view_op=view_citation&hl=en&user=Jzs37TkAAAAJ&citation_for_view=Jzs37TkAAAAJ:zYLM7Y9cAGgC",
      "authors": "J Gu, H Cai, C Dong, R Zhang, Y Zhang, W Yang, C Yuan",
      "venue": "ECCV 2022, 2022",
      "year": 2022,
      "citations": 8
    },
    {
      "title": "Toward interactive modulation for photo-realistic image restoration",
      "url": "https://scholar.google.com/citations?view_op=view_citation&hl=en&user=Jzs37TkAAAAJ&citation_for_view=Jzs37TkAAAAJ:d1gkVwhDpl0C",
      "authors": "H Cai, J He, Y Qiao, C Dong",
      "venue": "CVPR 2021 NTIRE Workshop, 2021",
      "year": 2021,
      "citations": 28
    },
    {
      "title": "Pipal: a large-scale image quality assessment dataset for perceptual image restoration",
      "url": "https://scholar.google.com/citations?view_op=view_citation&hl=en&user=Jzs37TkAAAAJ&citation_for_view=Jzs37TkAAAAJ:9yKSN-GCB0IC",
      "authors": "G Jinjin, C Haoming, C Haoyu, Y Xiaoxing, JS Ren, D Chao",
      "venue": "ECCV 2020, 2020",
      "year": 2020,
      "citations": 287
    },
    {
      "title": "Image quality assessment for perceptual image restoration: A new dataset, benchmark and metric",
      "url": "https://scholar.google.com/citations?view_op=view_citation&hl=en&user=Jzs37TkAAAAJ&citation_for_view=Jzs37TkAAAAJ:Zph67rFs4hoC",
      "authors": "J Gu, H Cai, H Chen, X Ye, J Ren, C Dong",
      "venue": "PIPAL Dataset Extension. arXiv preprint, 2020",
      "year": 2020,
      "citations": 57
    }
  ],
  "co_authors": [
    {
      "name": "Jinjin GU",
      "scholar_id": "uMQ-G-QAAAAJ",
      "url": "https://scholar.google.com/citations?user=uMQ-G-QAAAAJ"
    },
    {
      "name": "Chao Dong",
      "scholar_id": "OSDCB0UAAAAJ",
      "url": "https://scholar.google.com/citations?user=OSDCB0UAAAAJ"
    },
    {
      "name": "Haoyu Chen",
      "scholar_id": "KWbcBucAAAAJ",
      "url": "https://scholar.google.com/citations?user=KWbcBucAAAAJ"
    },
    {
      "name": "Christopher A. Metzler",
      "scholar_id": "on7GFpYAAAAJ",
      "url": "https://scholar.google.com/citations?user=on7GFpYAAAAJ"
    },
    {
      "name": "Brandon Y. Feng",
      "scholar_id": "VCeYRsYAAAAJ",
      "url": "https://scholar.google.com/citations?user=VCeYRsYAAAAJ"
    }
  ]
}