{
  "author_info": {
    "name": "Ziwen Chen",
    "affiliation": "Oregon State University",
    "email_verified": "Verified email at oregonstate.edu - Homepage",
    "website": "https://chenziwe.com/",
    "interests": [
      "Computer Vision"
    ],
    "photo_url": "https://scholar.googleusercontent.com/citations?view_op=view_photo&user=fs3oBJIAAAAJ&citpid=4"
  },
  "citation_stats": {
    "citations_all": 121,
    "citations_since_2020": 116,
    "h_index_all": 5,
    "h_index_since_2020": 5,
    "i10_index_all": 3,
    "i10_index_since_2020": 3,
    "citation_graph": [
      {
        "year": 2019,
        "citations": 5
      },
      {
        "year": 2020,
        "citations": 3
      },
      {
        "year": 2021,
        "citations": 7
      },
      {
        "year": 2022,
        "citations": 10
      },
      {
        "year": 2023,
        "citations": 10
      },
      {
        "year": 2024,
        "citations": 31
      },
      {
        "year": 2025,
        "citations": 55
      }
    ]
  },
  "papers": [
    {
      "title": "Long-lrm: Long-sequence large reconstruction model for wide-coverage gaussian splats",
      "url": "https://scholar.google.com/citations?view_op=view_citation&hl=en&user=fs3oBJIAAAAJ&citation_for_view=fs3oBJIAAAAJ:UeHWp8X0CEIC",
      "authors": "C Ziwen, H Tan, K Zhang, S Bi, F Luan, Y Hong, L Fuxin, Z Xu",
      "venue": "Proceedings of the IEEE/CVF International Conference on Computer Vision …, 2025",
      "year": 2025,
      "citations": 29
    },
    {
      "title": "Megasynth: Scaling up 3d scene reconstruction with synthesized data",
      "url": "https://scholar.google.com/citations?view_op=view_citation&hl=en&user=fs3oBJIAAAAJ&citation_for_view=fs3oBJIAAAAJ:Tyk-4Ss8FVUC",
      "authors": "H Jiang, Z Xu, D Xie, Z Chen, H Jin, F Luan, Z Shu, K Zhang, S Bi, X Sun, ...",
      "venue": "Proceedings of the Computer Vision and Pattern Recognition Conference, 16441 …, 2025",
      "year": 2025,
      "citations": 9
    },
    {
      "title": "4D-LRM: Large Space-Time Reconstruction Model From and To Any View at Any Time",
      "url": "https://scholar.google.com/citations?view_op=view_citation&hl=en&user=fs3oBJIAAAAJ&citation_for_view=fs3oBJIAAAAJ:WF5omc3nYNoC",
      "authors": "Z Ma, X Chen, S Yu, S Bi, K Zhang, C Ziwen, S Xu, J Yang, Z Xu, ...",
      "venue": "arXiv preprint arXiv:2506.18890, 2025",
      "year": 2025,
      "citations": 3
    },
    {
      "title": "GS4: Generalizable Sparse Splatting Semantic SLAM",
      "url": "https://scholar.google.com/citations?view_op=view_citation&hl=en&user=fs3oBJIAAAAJ&citation_for_view=fs3oBJIAAAAJ:eQOLeE2rZwMC",
      "authors": "M Jiang, C Kim, C Ziwen, L Fuxin",
      "venue": "arXiv preprint arXiv:2506.06517, 2025",
      "year": 2025,
      "citations": 2
    },
    {
      "title": "Generating 360 {\\deg} Video is What You Need For a 3D Scene",
      "url": "https://scholar.google.com/citations?view_op=view_citation&hl=en&user=fs3oBJIAAAAJ&citation_for_view=fs3oBJIAAAAJ:YsMSGLbcyi4C",
      "authors": "Z Zhang, Y Hold-Geoffroy, M Hašan, Z Chen, F Luan, J Dorsey, Y Hu",
      "venue": "arXiv preprint arXiv:2504.02045, 2025",
      "year": 2025,
      "citations": 0
    },
    {
      "title": "PointRecon: Online Point-based 3D Reconstruction via Ray-based 2D-3D Matching",
      "url": "https://scholar.google.com/citations?view_op=view_citation&hl=en&user=fs3oBJIAAAAJ&citation_for_view=fs3oBJIAAAAJ:IjCSPb-OGe4C",
      "authors": "C Ziwen, Z Xu, L Fuxin",
      "venue": "arXiv preprint arXiv:2410.23245, 2024",
      "year": 2024,
      "citations": 0
    },
    {
      "title": "Autofocusformer: Image segmentation off the grid",
      "url": "https://scholar.google.com/citations?view_op=view_citation&hl=en&user=fs3oBJIAAAAJ&citation_for_view=fs3oBJIAAAAJ:9yKSN-GCB0IC",
      "authors": "C Ziwen, K Patnaik, S Zhai, A Wan, Z Ren, AG Schwing, A Colburn, ...",
      "venue": "Proceedings of the IEEE/CVF Conference on Computer Vision and Pattern …, 2023",
      "year": 2023,
      "citations": 19
    },
    {
      "title": "Improved Point Transformation Methods For Self-Supervised Depth Prediction",
      "url": "https://scholar.google.com/citations?view_op=view_citation&hl=en&user=fs3oBJIAAAAJ&citation_for_view=fs3oBJIAAAAJ:d1gkVwhDpl0C",
      "authors": "C Ziwen, Z Guo, J Weinman",
      "venue": "2021 18th Conference on Robots and Vision (CRV), 111-118, 2021",
      "year": 2021,
      "citations": 0
    },
    {
      "title": "Deep Neural Networks for Text Detection and Recognition in Historical Maps",
      "url": "https://scholar.google.com/citations?view_op=view_citation&hl=en&user=fs3oBJIAAAAJ&citation_for_view=fs3oBJIAAAAJ:u5HHmVD_uO8C",
      "authors": "J Weinman, Z Chen, B Gafford, N Gifford, A Lamsal, L Niehus-Staab",
      "venue": "Proc. IAPR International Conference on Document Analysis and Recognition …, 2019",
      "year": 2019,
      "citations": 50
    },
    {
      "title": "Visualizing point cloud classifiers by curvature smoothing",
      "url": "https://scholar.google.com/citations?view_op=view_citation&hl=en&user=fs3oBJIAAAAJ&citation_for_view=fs3oBJIAAAAJ:u-x6o8ySG0sC",
      "authors": "C Ziwen, W Wu, Z Qi, L Fuxin",
      "venue": "arXiv preprint arXiv:1911.10415, 2019",
      "year": 2019,
      "citations": 5
    },
    {
      "title": "Historical map annotations for text detection and recognition",
      "url": "https://scholar.google.com/citations?view_op=view_citation&hl=en&user=fs3oBJIAAAAJ&citation_for_view=fs3oBJIAAAAJ:Y0pCki6q_DkC",
      "authors": "A Ray, Z Chen, B Gafford, N Gifford, JJ Kumar, A Lamsal, L Niehus-Staab, ...",
      "venue": "Grinnell College, Grinnell, Iowa, Tech. Rep, 2018",
      "year": 2018,
      "citations": 4
    },
    {
      "title": "PointRecon: Online 3D Point Cloud Reconstruction via Ray-based 2D-3D Matching",
      "url": "https://scholar.google.com/citations?view_op=view_citation&hl=en&user=fs3oBJIAAAAJ&citation_for_view=fs3oBJIAAAAJ:zYLM7Y9cAGgC",
      "authors": "C Ziwen, Z Xu, F Li",
      "venue": "",
      "citations": 0
    },
    {
      "title": "Visualizing Point Cloud Classifiers by Curvature Smoothing Supplementary Materials",
      "url": "https://scholar.google.com/citations?view_op=view_citation&hl=en&user=fs3oBJIAAAAJ&citation_for_view=fs3oBJIAAAAJ:qjMakFHDy7sC",
      "authors": "C Ziwen, W Wu, Z Qi, L Fuxin, PCG Tencent",
      "venue": "",
      "citations": 0
    },
    {
      "title": "Supplementary: AutoFocusFormer: Image Segmentation off the Grid",
      "url": "https://scholar.google.com/citations?view_op=view_citation&hl=en&user=fs3oBJIAAAAJ&citation_for_view=fs3oBJIAAAAJ:2osOgNQ5qMEC",
      "authors": "C Ziwen, K Patnaik, S Zhai, A Wan, Z Ren, A Schwing, A Colburn, L Fuxin",
      "venue": "",
      "citations": 0
    }
  ],
  "co_authors": [
    {
      "name": "Fuxin Li",
      "scholar_id": "snDpfA0AAAAJ",
      "url": "https://scholar.google.com/citations?user=snDpfA0AAAAJ"
    },
    {
      "name": "Zexiang Xu",
      "scholar_id": "_RRIYvEAAAAJ",
      "url": "https://scholar.google.com/citations?user=_RRIYvEAAAAJ"
    },
    {
      "name": "Jerod J. Weinman",
      "scholar_id": "W7vTHe4AAAAJ",
      "url": "https://scholar.google.com/citations?user=W7vTHe4AAAAJ"
    },
    {
      "name": "Hao Tan",
      "scholar_id": "OV1Y3FUAAAAJ",
      "url": "https://scholar.google.com/citations?user=OV1Y3FUAAAAJ"
    },
    {
      "name": "Kai Zhang",
      "scholar_id": "eVv0MrsAAAAJ",
      "url": "https://scholar.google.com/citations?user=eVv0MrsAAAAJ"
    },
    {
      "name": "Fujun Luan",
      "scholar_id": "NLxrmYQAAAAJ",
      "url": "https://scholar.google.com/citations?user=NLxrmYQAAAAJ"
    },
    {
      "name": "Benjamin Gafford",
      "scholar_id": "jh0wkIkAAAAJ",
      "url": "https://scholar.google.com/citations?user=jh0wkIkAAAAJ"
    },
    {
      "name": "Sai Bi",
      "scholar_id": "-q4nE1kAAAAJ",
      "url": "https://scholar.google.com/citations?user=-q4nE1kAAAAJ"
    },
    {
      "name": "Kaushik Patnaik",
      "scholar_id": "jlg7DREAAAAJ",
      "url": "https://scholar.google.com/citations?user=jlg7DREAAAAJ"
    },
    {
      "name": "Alvin Wan",
      "scholar_id": "DwdjBUUAAAAJ",
      "url": "https://scholar.google.com/citations?user=DwdjBUUAAAAJ"
    },
    {
      "name": "Alexander Schwing",
      "scholar_id": "3B2c31wAAAAJ",
      "url": "https://scholar.google.com/citations?user=3B2c31wAAAAJ"
    },
    {
      "name": "Alex Colburn",
      "scholar_id": "PghQbXMAAAAJ",
      "url": "https://scholar.google.com/citations?user=PghQbXMAAAAJ"
    },
    {
      "name": "Zhile Ren",
      "scholar_id": "PlQaW9YAAAAJ",
      "url": "https://scholar.google.com/citations?user=PlQaW9YAAAAJ"
    },
    {
      "name": "Yicong Hong",
      "scholar_id": "AerHOzUAAAAJ",
      "url": "https://scholar.google.com/citations?user=AerHOzUAAAAJ"
    },
    {
      "name": "Shuangfei Zhai",
      "scholar_id": "G6vdBYsAAAAJ",
      "url": "https://scholar.google.com/citations?user=G6vdBYsAAAAJ"
    },
    {
      "name": "Zhongang Qi (祁仲昂)",
      "scholar_id": "zJvrrusAAAAJ",
      "url": "https://scholar.google.com/citations?user=zJvrrusAAAAJ"
    },
    {
      "name": "Wenxuan Wu",
      "scholar_id": "uv3I78wAAAAJ",
      "url": "https://scholar.google.com/citations?user=uv3I78wAAAAJ"
    },
    {
      "name": "Desai Xie",
      "scholar_id": "X4rEjA4AAAAJ",
      "url": "https://scholar.google.com/citations?user=X4rEjA4AAAAJ"
    },
    {
      "name": "Hanwen Jiang",
      "scholar_id": "HJHSuxUAAAAJ",
      "url": "https://scholar.google.com/citations?user=HJHSuxUAAAAJ"
    },
    {
      "name": "Haian Jin",
      "scholar_id": "VZvmpKoAAAAJ",
      "url": "https://scholar.google.com/citations?user=VZvmpKoAAAAJ"
    }
  ]
}