{
  "author_info": {
    "name": "Chenlin Ming",
    "affiliation": "Shanghai Jiao Tong University",
    "email_verified": "Verified email at sjtu.edu.cn - Homepage",
    "website": "https://ming-bot.github.io/",
    "interests": [
      "Robotics",
      "ML",
      "LLM"
    ],
    "photo_url": "https://scholar.googleusercontent.com/citations?view_op=view_photo&user=fmTUXgkAAAAJ&citpid=14"
  },
  "citation_stats": {
    "citations_all": 53,
    "citations_since_2020": 53,
    "h_index_all": 4,
    "h_index_since_2020": 4,
    "i10_index_all": 3,
    "i10_index_since_2020": 3,
    "citation_graph": [
      {
        "year": 2024,
        "citations": 10
      },
      {
        "year": 2025,
        "citations": 41
      }
    ]
  },
  "papers": [
    {
      "title": "LEMMA: Learning from Errors for MatheMatical Advancement in LLMs",
      "url": "https://scholar.google.com/citations?view_op=view_citation&hl=en&user=fmTUXgkAAAAJ&citation_for_view=fmTUXgkAAAAJ:qjMakFHDy7sC",
      "authors": "Z Pan, Y Li, H Lin, Q Pei, Z Tang, W Wu, C Ming, HV Zhao, C He, L Wu",
      "venue": "Association for Computational Linguistics(ACL) Findings, 2025",
      "year": 2025,
      "citations": 15
    },
    {
      "title": "MathFusion: Enhancing mathematic problem-solving of LLM through instruction fusion",
      "url": "https://scholar.google.com/citations?view_op=view_citation&hl=en&user=fmTUXgkAAAAJ&citation_for_view=fmTUXgkAAAAJ:2osOgNQ5qMEC",
      "authors": "Q Pei, L Wu, Z Pan, Y Li, H Lin, C Ming, X Gao, C He, R Yan",
      "venue": "Association for Computational Linguistics(ACL), 2025",
      "year": 2025,
      "citations": 14
    },
    {
      "title": "CipherBank: Exploring the Boundary of LLM Reasoning Capabilities through Cryptography Challenges",
      "url": "https://scholar.google.com/citations?view_op=view_citation&hl=en&user=fmTUXgkAAAAJ&citation_for_view=fmTUXgkAAAAJ:UeHWp8X0CEIC",
      "authors": "Y Li, Q Pei, M Sun, H Lin, C Ming, X Gao, J Wu, C He, L Wu",
      "venue": "Association for Computational Linguistics(ACL) Findings, 2025",
      "year": 2025,
      "citations": 9
    },
    {
      "title": "UniLegs: Universal Multi-Legged Robot Control through Morphology-Agnostic Policy Distillation",
      "url": "https://scholar.google.com/citations?view_op=view_citation&hl=en&user=fmTUXgkAAAAJ&citation_for_view=fmTUXgkAAAAJ:Tyk-4Ss8FVUC",
      "authors": "W Xi, Z Cao, C Ming, J Zheng, G Zhou",
      "venue": "arXiv preprint arXiv:2507.22653, 2025",
      "year": 2025,
      "citations": 0
    },
    {
      "title": "IDEAL: Data Equilibrium Adaptation for Multi-Capability Language Model Alignment",
      "url": "https://scholar.google.com/citations?view_op=view_citation&hl=en&user=fmTUXgkAAAAJ&citation_for_view=fmTUXgkAAAAJ:zYLM7Y9cAGgC",
      "authors": "C Ming, C Qu, M Cai, Q Pei, Z Pan, Y Li, X Duan, L Wu, C He",
      "venue": "arXiv preprint arXiv:2505.12762, 2025",
      "year": 2025,
      "citations": 0
    },
    {
      "title": "Stochastic Trajectory Optimization for Robotic Skill Acquisition From a Suboptimal Demonstration",
      "url": "https://scholar.google.com/citations?view_op=view_citation&hl=en&user=fmTUXgkAAAAJ&citation_for_view=fmTUXgkAAAAJ:d1gkVwhDpl0C",
      "authors": "C Ming, Z Wang, B Zhang, Z Cao, X Duan, J He",
      "venue": "IEEE Robotics and Automation Letters, 2025",
      "year": 2025,
      "citations": 0
    },
    {
      "title": "HiCRISP: An LLM-Based Hierarchical Closed-Loop Robotic Intelligent Self-Correction Planner",
      "url": "https://scholar.google.com/citations?view_op=view_citation&hl=en&user=fmTUXgkAAAAJ&citation_for_view=fmTUXgkAAAAJ:9yKSN-GCB0IC",
      "authors": "C Ming, J Lin, P Fong, H Wang, X Duan, J He",
      "venue": "2024 China Automation Congress (CAC), 4310-4315, 2024",
      "year": 2024,
      "citations": 15
    }
  ],
  "co_authors": [
    {
      "name": "Qizhi Pei",
      "scholar_id": "sf3xGU8AAAAJ",
      "url": "https://scholar.google.com/citations?user=sf3xGU8AAAAJ"
    },
    {
      "name": "Conghui He",
      "scholar_id": "PopTv7kAAAAJ",
      "url": "https://scholar.google.com/citations?user=PopTv7kAAAAJ"
    },
    {
      "name": "Lijun Wu",
      "scholar_id": "RD5kSG0AAAAJ",
      "url": "https://scholar.google.com/citations?user=RD5kSG0AAAAJ"
    },
    {
      "name": "Xiaoming Duan",
      "scholar_id": "OcV15JsAAAAJ",
      "url": "https://scholar.google.com/citations?user=OcV15JsAAAAJ"
    },
    {
      "name": "Zhuoshi Pan",
      "scholar_id": "RuASc_IAAAAJ",
      "url": "https://scholar.google.com/citations?user=RuASc_IAAAAJ"
    },
    {
      "name": "Jianping He",
      "scholar_id": "uMFWYBoAAAAJ",
      "url": "https://scholar.google.com/citations?user=uMFWYBoAAAAJ"
    },
    {
      "name": "Jiacheng Lin",
      "scholar_id": "h9tJLt8AAAAJ",
      "url": "https://scholar.google.com/citations?user=h9tJLt8AAAAJ"
    },
    {
      "name": "Han Wang",
      "scholar_id": "iUn9IvYAAAAJ",
      "url": "https://scholar.google.com/citations?user=iUn9IvYAAAAJ"
    },
    {
      "name": "H. Vicky Zhao",
      "scholar_id": "SDYVImmfQs8C",
      "url": "https://scholar.google.com/citations?user=SDYVImmfQs8C"
    },
    {
      "name": "Jiang Wu",
      "scholar_id": "LHiiL7AAAAAJ",
      "url": "https://scholar.google.com/citations?user=LHiiL7AAAAAJ"
    },
    {
      "name": "Zhanxiang Cao",
      "scholar_id": "Qaqc4IMAAAAJ",
      "url": "https://scholar.google.com/citations?user=Qaqc4IMAAAAJ"
    },
    {
      "name": "Chendi Qu",
      "scholar_id": "851s0_IAAAAJ",
      "url": "https://scholar.google.com/citations?user=851s0_IAAAAJ"
    }
  ]
}