{
  "author_info": {
    "name": "Fengqing Maggie Zhu",
    "affiliation": "Associate Professor of Electrical and Computer Engineering, Purdue University",
    "email_verified": "Verified email at purdue.edu - Homepage",
    "website": "https://engineering.purdue.edu/~zhu0/",
    "interests": [
      "Image Processing",
      "Image and Video Coding",
      "Computer Vision",
      "Smart Health"
    ],
    "photo_url": "https://scholar.googleusercontent.com/citations?view_op=view_photo&user=ZP0UYKEAAAAJ&citpid=2"
  },
  "citation_stats": {
    "citations_all": 5598,
    "citations_since_2020": 3728,
    "h_index_all": 37,
    "h_index_since_2020": 30,
    "i10_index_all": 98,
    "i10_index_since_2020": 88,
    "citation_graph": [
      {
        "year": 2009,
        "citations": 17
      },
      {
        "year": 2010,
        "citations": 44
      },
      {
        "year": 2011,
        "citations": 71
      },
      {
        "year": 2012,
        "citations": 114
      },
      {
        "year": 2013,
        "citations": 126
      },
      {
        "year": 2014,
        "citations": 181
      },
      {
        "year": 2015,
        "citations": 209
      },
      {
        "year": 2016,
        "citations": 207
      },
      {
        "year": 2017,
        "citations": 274
      },
      {
        "year": 2018,
        "citations": 258
      },
      {
        "year": 2019,
        "citations": 324
      },
      {
        "year": 2020,
        "citations": 337
      },
      {
        "year": 2021,
        "citations": 453
      },
      {
        "year": 2022,
        "citations": 657
      },
      {
        "year": 2023,
        "citations": 701
      },
      {
        "year": 2024,
        "citations": 827
      },
      {
        "year": 2025,
        "citations": 746
      }
    ]
  },
  "papers": [
    {
      "title": "Qarv: Quantization-aware resnet vae for lossy image compression",
      "url": "https://scholar.google.com/citations?view_op=view_citation&hl=en&user=ZP0UYKEAAAAJ&citation_for_view=ZP0UYKEAAAAJ:WA5NYHcadZ8C",
      "authors": "Z Duan, M Lu, J Ma, Y Huang, Z Ma, F Zhu",
      "venue": "IEEE Transactions on Pattern Analysis and Machine Intelligence 46 (1), 436-450, 2023",
      "year": 2023,
      "citations": 107
    },
    {
      "title": "Lossy image compression with quantized hierarchical vaes",
      "url": "https://scholar.google.com/citations?view_op=view_citation&hl=en&user=ZP0UYKEAAAAJ&citation_for_view=ZP0UYKEAAAAJ:1qzjygNMrQYC",
      "authors": "Z Duan, M Lu, Z Ma, F Zhu",
      "venue": "Proceedings of the IEEE/CVF winter conference on applications of computer …, 2023",
      "year": 2023,
      "citations": 75
    },
    {
      "title": "Advances in video compression system using deep neural network: A review and case studies",
      "url": "https://scholar.google.com/citations?view_op=view_citation&hl=en&user=ZP0UYKEAAAAJ&citation_for_view=ZP0UYKEAAAAJ:UxriW0iASnsC",
      "authors": "D Ding, Z Ma, D Chen, Q Chen, Z Liu, F Zhu",
      "venue": "Proceedings of the IEEE 109 (9), 1494-1520, 2021",
      "year": 2021,
      "citations": 107
    },
    {
      "title": "Visual aware hierarchy based food recognition",
      "url": "https://scholar.google.com/citations?view_op=view_citation&hl=en&user=ZP0UYKEAAAAJ&citation_for_view=ZP0UYKEAAAAJ:nb7KW1ujOQ8C",
      "authors": "R Mao, J He, Z Shao, SK Yarlagadda, F Zhu",
      "venue": "International conference on pattern recognition, 571-598, 2021",
      "year": 2021,
      "citations": 77
    },
    {
      "title": "Incremental learning in online scenario",
      "url": "https://scholar.google.com/citations?view_op=view_citation&hl=en&user=ZP0UYKEAAAAJ&citation_for_view=ZP0UYKEAAAAJ:_xSYboBqXhAC",
      "authors": "J He, R Mao, Z Shao, F Zhu",
      "venue": "Proceedings of the IEEE/CVF conference on computer vision and pattern …, 2020",
      "year": 2020,
      "citations": 235
    },
    {
      "title": "Deepfakes detection with automatic face weighting",
      "url": "https://scholar.google.com/citations?view_op=view_citation&hl=en&user=ZP0UYKEAAAAJ&citation_for_view=ZP0UYKEAAAAJ:EUQCXRtRnyEC",
      "authors": "DM Montserrat, H Hao, SK Yarlagadda, S Baireddy, R Shao, J Horváth, ...",
      "venue": "Proceedings of the IEEE/CVF conference on computer vision and pattern …, 2020",
      "year": 2020,
      "citations": 223
    },
    {
      "title": "An end-to-end image-based automatic food energy estimation technique based on learned energy distribution images: Protocol and methodology",
      "url": "https://scholar.google.com/citations?view_op=view_citation&hl=en&user=ZP0UYKEAAAAJ&citation_for_view=ZP0UYKEAAAAJ:ZHo1McVdvXMC",
      "authors": "S Fang, Z Shao, DA Kerr, CJ Boushey, F Zhu",
      "venue": "Nutrients 11 (4), 877, 2019",
      "year": 2019,
      "citations": 84
    },
    {
      "title": "Satellite image forgery detection and localization using gan and one-class classifier",
      "url": "https://scholar.google.com/citations?view_op=view_citation&hl=en&user=ZP0UYKEAAAAJ&citation_for_view=ZP0UYKEAAAAJ:hMod-77fHWUC",
      "authors": "SK Yarlagadda, D Güera, P Bestagini, FM Zhu, S Tubaro, EJ Delp",
      "venue": "arXiv preprint arXiv:1802.04881, 2018",
      "year": 2018,
      "citations": 94
    },
    {
      "title": "New mobile methods for dietary assessment: review of image-assisted and image-based dietary assessment methods",
      "url": "https://scholar.google.com/citations?view_op=view_citation&hl=en&user=ZP0UYKEAAAAJ&citation_for_view=ZP0UYKEAAAAJ:j3f4tGmQtD8C",
      "authors": "CJ Boushey, M Spoden, FM Zhu, EJ Delp, DA Kerr",
      "venue": "Proceedings of the Nutrition Society 76 (3), 283-294, 2017",
      "year": 2017,
      "citations": 428
    },
    {
      "title": "Reported energy intake accuracy compared to doubly labeled water and usability of the mobile food record among community dwelling adults",
      "url": "https://scholar.google.com/citations?view_op=view_citation&hl=en&user=ZP0UYKEAAAAJ&citation_for_view=ZP0UYKEAAAAJ:bEWYMUwI8FkC",
      "authors": "CJ Boushey, M Spoden, EJ Delp, F Zhu, M Bosch, Z Ahmad, YB Shvetsov, ...",
      "venue": "Nutrients 9 (3), 312, 2017",
      "year": 2017,
      "citations": 87
    },
    {
      "title": "Single-view food portion estimation based on geometric models",
      "url": "https://scholar.google.com/citations?view_op=view_citation&hl=en&user=ZP0UYKEAAAAJ&citation_for_view=ZP0UYKEAAAAJ:-f6ydRqryjwC",
      "authors": "S Fang, C Liu, F Zhu, EJ Delp, CJ Boushey",
      "venue": "2015 IEEE International Symposium on Multimedia (ISM), 385-390, 2015",
      "year": 2015,
      "citations": 79
    },
    {
      "title": "Multiple hypotheses image segmentation and classification with application to dietary assessment",
      "url": "https://scholar.google.com/citations?view_op=view_citation&hl=en&user=ZP0UYKEAAAAJ&citation_for_view=ZP0UYKEAAAAJ:mVmsd5A6BfQC",
      "authors": "F Zhu, M Bosch, N Khanna, CJ Boushey, EJ Delp",
      "venue": "IEEE journal of biomedical and health informatics 19 (1), 377-388, 2014",
      "year": 2014,
      "citations": 195
    },
    {
      "title": "Novel technologies for assessing dietary intake: evaluating the usability of a mobile telephone food record among adults and adolescents",
      "url": "https://scholar.google.com/citations?view_op=view_citation&hl=en&user=ZP0UYKEAAAAJ&citation_for_view=ZP0UYKEAAAAJ:IjCSPb-OGe4C",
      "authors": "BL Daugherty, TRE Schap, R Ettienne-Gittens, FM Zhu, M Bosch, EJ Delp, ...",
      "venue": "Journal of medical Internet research 14 (2), e58, 2012",
      "year": 2012,
      "citations": 190
    },
    {
      "title": "Combining global and local features for food identification in dietary assessment",
      "url": "https://scholar.google.com/citations?view_op=view_citation&hl=en&user=ZP0UYKEAAAAJ&citation_for_view=ZP0UYKEAAAAJ:UeHWp8X0CEIC",
      "authors": "M Bosch, F Zhu, N Khanna, CJ Boushey, EJ Delp",
      "venue": "2011 18th IEEE International Conference on Image Processing, 1789-1792, 2011",
      "year": 2011,
      "citations": 148
    },
    {
      "title": "Volume estimation using food specific shape templates in mobile image-based dietary assessment",
      "url": "https://scholar.google.com/citations?view_op=view_citation&hl=en&user=ZP0UYKEAAAAJ&citation_for_view=ZP0UYKEAAAAJ:qjMakFHDy7sC",
      "authors": "J Chae, I Woo, SY Kim, R Maciejewski, F Zhu, EJ Delp, CJ Boushey, ...",
      "venue": "Computational Imaging IX 7873, 157-164, 2011",
      "year": 2011,
      "citations": 118
    },
    {
      "title": "The use of mobile devices in aiding dietary assessment and evaluation",
      "url": "https://scholar.google.com/citations?view_op=view_citation&hl=en&user=ZP0UYKEAAAAJ&citation_for_view=ZP0UYKEAAAAJ:u-x6o8ySG0sC",
      "authors": "F Zhu, M Bosch, I Woo, SY Kim, CJ Boushey, DS Ebert, EJ Delp",
      "venue": "IEEE journal of selected topics in signal processing 4 (4), 756-766, 2010",
      "year": 2010,
      "citations": 475
    },
    {
      "title": "Evidence-based development of a mobile telephone food record",
      "url": "https://scholar.google.com/citations?view_op=view_citation&hl=en&user=ZP0UYKEAAAAJ&citation_for_view=ZP0UYKEAAAAJ:u5HHmVD_uO8C",
      "authors": "BL Six, TRE Schap, FM Zhu, A Mariappan, M Bosch, EJ Delp, DS Ebert, ...",
      "venue": "Journal of the American Dietetic Association 110 (1), 74-79, 2010",
      "year": 2010,
      "citations": 260
    },
    {
      "title": "An image analysis system for dietary assessment and evaluation",
      "url": "https://scholar.google.com/citations?view_op=view_citation&hl=en&user=ZP0UYKEAAAAJ&citation_for_view=ZP0UYKEAAAAJ:W7OEmFMy1HYC",
      "authors": "F Zhu, M Bosch, CJ Boushey, EJ Delp",
      "venue": "2010 IEEE International Conference on Image Processing, 1853-1856, 2010",
      "year": 2010,
      "citations": 98
    },
    {
      "title": "Personal dietary assessment using mobile devices",
      "url": "https://scholar.google.com/citations?view_op=view_citation&hl=en&user=ZP0UYKEAAAAJ&citation_for_view=ZP0UYKEAAAAJ:9yKSN-GCB0IC",
      "authors": "A Mariappan, M Bosch, F Zhu, CJ Boushey, DA Kerr, DS Ebert, EJ Delp",
      "venue": "Computational imaging VII 7246, 294-305, 2009",
      "year": 2009,
      "citations": 74
    },
    {
      "title": "Technology-assisted dietary assessment",
      "url": "https://scholar.google.com/citations?view_op=view_citation&hl=en&user=ZP0UYKEAAAAJ&citation_for_view=ZP0UYKEAAAAJ:d1gkVwhDpl0C",
      "authors": "F Zhu, A Mariappan, CJ Boushey, D Kerr, KD Lutes, DS Ebert, EJ Delp",
      "venue": "Proceedings of SPIE 6814, 681411, 2008",
      "year": 2008,
      "citations": 116
    }
  ],
  "co_authors": []
}