{
  "author_info": {
    "name": "Jingdong Wang (王井东), Fellow of CAE & IEEE & IAPR",
    "affiliation": "Baidu",
    "email_verified": "Verified email at baidu.com - Homepage",
    "website": "https://jingdongwang2017.github.io/",
    "interests": [
      "Computer Vision",
      "Deep Learning",
      "Multimedia"
    ],
    "photo_url": "https://scholar.googleusercontent.com/citations?view_op=view_photo&user=z5SPCmgAAAAJ&citpid=5"
  },
  "citation_stats": {
    "citations_all": 71807,
    "citations_since_2020": 56045,
    "h_index_all": 108,
    "h_index_since_2020": 83,
    "i10_index_all": 292,
    "i10_index_since_2020": 259,
    "citation_graph": [
      {
        "year": 2009,
        "citations": 213
      },
      {
        "year": 2010,
        "citations": 278
      },
      {
        "year": 2011,
        "citations": 394
      },
      {
        "year": 2012,
        "citations": 542
      },
      {
        "year": 2013,
        "citations": 782
      },
      {
        "year": 2014,
        "citations": 970
      },
      {
        "year": 2015,
        "citations": 1326
      },
      {
        "year": 2016,
        "citations": 1717
      },
      {
        "year": 2017,
        "citations": 2348
      },
      {
        "year": 2018,
        "citations": 2813
      },
      {
        "year": 2019,
        "citations": 3722
      },
      {
        "year": 2020,
        "citations": 4694
      },
      {
        "year": 2021,
        "citations": 6544
      },
      {
        "year": 2022,
        "citations": 8455
      },
      {
        "year": 2023,
        "citations": 10810
      },
      {
        "year": 2024,
        "citations": 13002
      },
      {
        "year": 2025,
        "citations": 12428
      }
    ]
  },
  "papers": [
    {
      "title": "ByteTrackV2: 2D and 3D Multi-Object Tracking by Associating Every Detection Box",
      "url": "https://scholar.google.com/citations?view_op=view_citation&hl=en&user=z5SPCmgAAAAJ&citation_for_view=z5SPCmgAAAAJ:HAmI6pRF5skC",
      "authors": "Y Zhang, X Wang, X Ye, W Zhang, J Lu, X Tan, E Ding, P Sun, J Wang",
      "venue": "arXiv preprint arXiv:2303.15334, 2023",
      "year": 2023,
      "citations": 2829
    },
    {
      "title": "Semi-Supervised Semantic Segmentation with Cross Pseudo Supervision",
      "url": "https://scholar.google.com/citations?view_op=view_citation&hl=en&user=z5SPCmgAAAAJ&citation_for_view=z5SPCmgAAAAJ:onKP9CxGSkIC",
      "authors": "X Chen, Y Yuan, G Zeng, J Wang",
      "venue": "Proceedings of the IEEE/CVF Conference on Computer Vision and Pattern …, 2021",
      "year": 2021,
      "citations": 1420
    },
    {
      "title": "Conditional DETR for Fast Training Convergence",
      "url": "https://scholar.google.com/citations?view_op=view_citation&hl=en&user=z5SPCmgAAAAJ&citation_for_view=z5SPCmgAAAAJ:QeguYG95ZbAC",
      "authors": "D Meng, X Chen, Z Fan, G Zeng, H Li, Y Yuan, L Sun, J Wang",
      "venue": "Proceedings of the IEEE/CVF International Conference on Computer Vision …, 2021",
      "year": 2021,
      "citations": 1101
    },
    {
      "title": "Lite-hrnet: A lightweight high-resolution network",
      "url": "https://scholar.google.com/citations?view_op=view_citation&hl=en&user=z5SPCmgAAAAJ&citation_for_view=z5SPCmgAAAAJ:IExZWSxeYXUC",
      "authors": "C Yu, B Xiao, C Gao, L Yuan, L Zhang, N Sang, J Wang",
      "venue": "Proceedings of the IEEE/CVF Conference on Computer Vision and Pattern …, 2021",
      "year": 2021,
      "citations": 597
    },
    {
      "title": "Object-contextual representations for semantic segmentation",
      "url": "https://scholar.google.com/citations?view_op=view_citation&hl=en&user=z5SPCmgAAAAJ&citation_for_view=z5SPCmgAAAAJ:U5uP8zs9lfgC",
      "authors": "Y Yuan, X Chen, J Wang",
      "venue": "European conference on computer vision, 173-190, 2020",
      "year": 2020,
      "citations": 2082
    },
    {
      "title": "HigherHRNet: Scale-Aware Representation Learning for Bottom-Up Human Pose Estimation",
      "url": "https://scholar.google.com/citations?view_op=view_citation&hl=en&user=z5SPCmgAAAAJ&citation_for_view=z5SPCmgAAAAJ:ehoypfNsBj8C",
      "authors": "B Cheng, B Xiao, J Wang, H Shi, TS Huang, L Zhang",
      "venue": "Proceedings of the IEEE/CVF Conference on Computer Vision and Pattern …, 2020",
      "year": 2020,
      "citations": 1234
    },
    {
      "title": "Deep High-Resolution Representation Learning for Visual Recognition",
      "url": "https://scholar.google.com/citations?view_op=view_citation&hl=en&user=z5SPCmgAAAAJ&citation_for_view=z5SPCmgAAAAJ:hEXC_dOfxuUC",
      "authors": "K Sun, B Xiao, D Liu, J Wang",
      "venue": "CVPR 2019 / TPAMI, 2019",
      "year": 2019,
      "citations": 12431
    },
    {
      "title": "MMDetection: Open MMLab Detection Toolbox and Benchmark",
      "url": "https://scholar.google.com/citations?view_op=view_citation&hl=en&user=z5SPCmgAAAAJ&citation_for_view=z5SPCmgAAAAJ:_IsBomjs8bsC",
      "authors": "K Chen, J Wang, J Pang, Y Cao, Y Xiong, X Li, S Sun, W Feng, Z Liu, J Xu, ...",
      "venue": "arXiv preprint arXiv:1906.07155, 2019",
      "year": 2019,
      "citations": 4171
    },
    {
      "title": "Structured Knowledge Distillation for Semantic Segmentation",
      "url": "https://scholar.google.com/citations?view_op=view_citation&hl=en&user=z5SPCmgAAAAJ&citation_for_view=z5SPCmgAAAAJ:vjZqxyZ7hS4C",
      "authors": "Y Liu, K Chen, C Liu, Z Qin, Z Luo, J Wang",
      "venue": "Proceedings of the IEEE Conference on Computer Vision and Pattern …, 2019",
      "year": 2019,
      "citations": 1025
    },
    {
      "title": "Ocnet: Object context network for scene parsing",
      "url": "https://scholar.google.com/citations?view_op=view_citation&hl=en&user=z5SPCmgAAAAJ&citation_for_view=z5SPCmgAAAAJ:TY5xIG7f_2sC",
      "authors": "Y Yuan, L Huang, J Guo, C Zhang, X Chen, J Wang",
      "venue": "arXiv preprint arXiv:1809.00916, 2018",
      "year": 2018,
      "citations": 774
    },
    {
      "title": "Weakly-Supervised Semantic Segmentation Network with Deep Seeded Region Growing",
      "url": "https://scholar.google.com/citations?view_op=view_citation&hl=en&user=z5SPCmgAAAAJ&citation_for_view=z5SPCmgAAAAJ:vxA22ZmNLkoC",
      "authors": "Z Huang, X Wang, J Wang, W Liu, J Wang",
      "venue": "Proceedings of the IEEE Conference on Computer Vision and Pattern …, 2018",
      "year": 2018,
      "citations": 726
    },
    {
      "title": "Part-aligned bilinear representations for person re-identification",
      "url": "https://scholar.google.com/citations?view_op=view_citation&hl=en&user=z5SPCmgAAAAJ&citation_for_view=z5SPCmgAAAAJ:adHtZc2wMuEC",
      "authors": "Y Suh, J Wang, S Tang, T Mei, K Mu Lee",
      "venue": "Proceedings of the European Conference on Computer Vision (ECCV), 402-419, 2018",
      "year": 2018,
      "citations": 687
    },
    {
      "title": "A survey on learning to hash",
      "url": "https://scholar.google.com/citations?view_op=view_citation&hl=en&user=z5SPCmgAAAAJ&citation_for_view=z5SPCmgAAAAJ:T_0gP6tLVL0C",
      "authors": "J Wang, T Zhang, N Sebe, HT Shen",
      "venue": "IEEE transactions on pattern analysis and machine intelligence 40 (4), 769-790, 2017",
      "year": 2017,
      "citations": 1831
    },
    {
      "title": "Salient Object Detection: A Discriminative Regional Feature Integration Approach",
      "url": "https://scholar.google.com/citations?view_op=view_citation&hl=en&user=z5SPCmgAAAAJ&citation_for_view=z5SPCmgAAAAJ:S2WlVNSe3u4C",
      "authors": "J Wang, H Jiang, Z Yuan, MM Cheng, X Hu, N Zheng",
      "venue": "International Journal of Computer Vision 123 (2), 251-268, 2017",
      "year": 2017,
      "citations": 1614
    },
    {
      "title": "Deeply-learned part-aligned representations for person re-identification",
      "url": "https://scholar.google.com/citations?view_op=view_citation&hl=en&user=z5SPCmgAAAAJ&citation_for_view=z5SPCmgAAAAJ:N6_Y7JlWxwsC",
      "authors": "L Zhao, X Li, Y Zhuang, J Wang",
      "venue": "ICCV, 2017, 2017",
      "year": 2017,
      "citations": 970
    },
    {
      "title": "Mars: A video benchmark for large-scale person re-identification",
      "url": "https://scholar.google.com/citations?view_op=view_citation&hl=en&user=z5SPCmgAAAAJ&citation_for_view=z5SPCmgAAAAJ:hfzGNhXhx5MC",
      "authors": "L Zheng, Z Bie, Y Sun, J Wang, C Su, S Wang, Q Tian",
      "venue": "European conference on computer vision, 868-884, 2016",
      "year": 2016,
      "citations": 1316
    },
    {
      "title": "DeepSaliency: Multi-task deep neural network model for salient object detection",
      "url": "https://scholar.google.com/citations?view_op=view_citation&hl=en&user=z5SPCmgAAAAJ&citation_for_view=z5SPCmgAAAAJ:tBlTYpvFGQIC",
      "authors": "X Li, L Zhao, L Wei, MH Yang, F Wu, Y Zhuang, H Ling, J Wang",
      "venue": "IEEE Transactions on Image Processing 25 (8), 3919-3930, 2016",
      "year": 2016,
      "citations": 631
    },
    {
      "title": "Scalable person re-identification: A benchmark",
      "url": "https://scholar.google.com/citations?view_op=view_citation&hl=en&user=z5SPCmgAAAAJ&citation_for_view=z5SPCmgAAAAJ:lK9BDNCuzFgC",
      "authors": "L Zheng, L Shen, L Tian, S Wang, J Wang, Q Tian",
      "venue": "Proceedings of the IEEE International Conference on Computer Vision, 1116-1124, 2015",
      "year": 2015,
      "citations": 5819
    },
    {
      "title": "Learning to detect a salient object",
      "url": "https://scholar.google.com/citations?view_op=view_citation&hl=en&user=z5SPCmgAAAAJ&citation_for_view=z5SPCmgAAAAJ:u5HHmVD_uO8C",
      "authors": "T Liu, Z Yuan, J Sun, J Wang, N Zheng, X Tang, HY Shum",
      "venue": "Pattern Analysis and Machine Intelligence, IEEE Transactions on 33 (2), 353-367, 2011",
      "year": 2011,
      "citations": 3338
    },
    {
      "title": "Automatic Salient Object Segmentation Based on Context and Shape Prior",
      "url": "https://scholar.google.com/citations?view_op=view_citation&hl=en&user=z5SPCmgAAAAJ&citation_for_view=z5SPCmgAAAAJ:7PzlFSSx8tAC",
      "authors": "H Jiang, J Wang, Z Yuan, T Liu, N Zheng, S Li",
      "venue": "British Machine Vision Conference (BMVC) 2011, 2011",
      "year": 2011,
      "citations": 621
    }
  ],
  "co_authors": [
    {
      "name": "Shipeng Li, Ph.D., IEEE Fellow, IEAS...",
      "scholar_id": "2sQYtYwAAAAJ",
      "url": "https://scholar.google.com/citations?user=2sQYtYwAAAAJ"
    },
    {
      "name": "Xian-Sheng Hua (华先胜)(IEEE Fellow)",
      "scholar_id": "6G-l4o0AAAAJ",
      "url": "https://scholar.google.com/citations?user=6G-l4o0AAAAJ"
    },
    {
      "name": "Qi Tian (田奇), PhD, Fellow of ACM an...",
      "scholar_id": "61b6eYkAAAAJ",
      "url": "https://scholar.google.com/citations?user=61b6eYkAAAAJ"
    },
    {
      "name": "Gang Zeng",
      "scholar_id": "RuHyY6gAAAAJ",
      "url": "https://scholar.google.com/citations?user=RuHyY6gAAAAJ"
    },
    {
      "name": "Ting Zhang",
      "scholar_id": "XdWdWgcAAAAJ",
      "url": "https://scholar.google.com/citations?user=XdWdWgcAAAAJ"
    },
    {
      "name": "Guo-Jun Qi (齐国君), Fellow of IEEE &...",
      "scholar_id": "Nut-uvoAAAAJ",
      "url": "https://scholar.google.com/citations?user=Nut-uvoAAAAJ"
    },
    {
      "name": "Tao Mei",
      "scholar_id": "7Yq4wf4AAAAJ",
      "url": "https://scholar.google.com/citations?user=7Yq4wf4AAAAJ"
    },
    {
      "name": "Long QUAN",
      "scholar_id": "ZMLhZJ8AAAAJ",
      "url": "https://scholar.google.com/citations?user=ZMLhZJ8AAAAJ"
    },
    {
      "name": "Liang Zheng",
      "scholar_id": "vNHqr3oAAAAJ",
      "url": "https://scholar.google.com/citations?user=vNHqr3oAAAAJ"
    },
    {
      "name": "Changshui Zhang",
      "scholar_id": "GL9M37YAAAAJ",
      "url": "https://scholar.google.com/citations?user=GL9M37YAAAAJ"
    },
    {
      "name": "Lingxi Xie (谢凌曦)",
      "scholar_id": "EEMm7hwAAAAJ",
      "url": "https://scholar.google.com/citations?user=EEMm7hwAAAAJ"
    },
    {
      "name": "Xi Li（李玺）",
      "scholar_id": "TYNPJQMAAAAJ",
      "url": "https://scholar.google.com/citations?user=TYNPJQMAAAAJ"
    },
    {
      "name": "Nicu Sebe",
      "scholar_id": "stFCYOAAAAAJ",
      "url": "https://scholar.google.com/citations?user=stFCYOAAAAAJ"
    },
    {
      "name": "Heng Tao SHEN",
      "scholar_id": "krryaDkAAAAJ",
      "url": "https://scholar.google.com/citations?user=krryaDkAAAAJ"
    },
    {
      "name": "Heung-Yeung Shum",
      "scholar_id": "9akH-n8AAAAJ",
      "url": "https://scholar.google.com/citations?user=9akH-n8AAAAJ"
    },
    {
      "name": "Huaizu Jiang",
      "scholar_id": "0hHqYoAAAAAJ",
      "url": "https://scholar.google.com/citations?user=0hHqYoAAAAAJ"
    },
    {
      "name": "Weiyao Lin",
      "scholar_id": "S9g81n8AAAAJ",
      "url": "https://scholar.google.com/citations?user=S9g81n8AAAAJ"
    },
    {
      "name": "Jian Sun",
      "scholar_id": "ALVSZAYAAAAJ",
      "url": "https://scholar.google.com/citations?user=ALVSZAYAAAAJ"
    },
    {
      "name": "Xiaoou Tang",
      "scholar_id": "qpBtpGsAAAAJ",
      "url": "https://scholar.google.com/citations?user=qpBtpGsAAAAJ"
    },
    {
      "name": "Liming Zhao",
      "scholar_id": "noI8iqIAAAAJ",
      "url": "https://scholar.google.com/citations?user=noI8iqIAAAAJ"
    }
  ]
}