{
  "author_info": {
    "name": "Hwaran Lee",
    "affiliation": "Sogang University",
    "email_verified": "Verified email at sogang.ac.kr - Homepage",
    "website": "http://hwaranlee.github.io/",
    "interests": [
      "artificial intelligence",
      "language models"
    ],
    "photo_url": "https://scholar.googleusercontent.com/citations?view_op=view_photo&user=Jf6padoAAAAJ&citpid=10"
  },
  "citation_stats": {
    "citations_all": 2359,
    "citations_since_2020": 2231,
    "h_index_all": 22,
    "h_index_since_2020": 22,
    "i10_index_all": 32,
    "i10_index_since_2020": 29,
    "citation_graph": [
      {
        "year": 2014,
        "citations": 8
      },
      {
        "year": 2015,
        "citations": 8
      },
      {
        "year": 2016,
        "citations": 17
      },
      {
        "year": 2017,
        "citations": 27
      },
      {
        "year": 2018,
        "citations": 28
      },
      {
        "year": 2019,
        "citations": 31
      },
      {
        "year": 2020,
        "citations": 83
      },
      {
        "year": 2021,
        "citations": 80
      },
      {
        "year": 2022,
        "citations": 106
      },
      {
        "year": 2023,
        "citations": 226
      },
      {
        "year": 2024,
        "citations": 643
      },
      {
        "year": 2025,
        "citations": 1087
      }
    ]
  },
  "papers": [
    {
      "title": "Who wrote this code? watermarking for code generation",
      "url": "https://scholar.google.com/citations?view_op=view_citation&hl=en&user=Jf6padoAAAAJ&citation_for_view=Jf6padoAAAAJ:ns9cj8rnVeAC",
      "authors": "T Lee, S Hong, J Ahn, I Hong, H Lee, S Yun, J Shin, G Kim",
      "venue": "Proceedings of the 62nd Annual Meeting of the Association for Computational …, 2024",
      "year": 2024,
      "citations": 153
    },
    {
      "title": "Blend: A benchmark for llms on everyday knowledge in diverse cultures and languages",
      "url": "https://scholar.google.com/citations?view_op=view_citation&hl=en&user=Jf6padoAAAAJ&citation_for_view=Jf6padoAAAAJ:fPk4N6BV_jEC",
      "authors": "J Myung, N Lee, Y Zhou, J Jin, R Putri, D Antypas, H Borkakoty, E Kim, ...",
      "venue": "Advances in Neural Information Processing Systems 37, 78104-78146, 2024",
      "year": 2024,
      "citations": 115
    },
    {
      "title": "KoBBQ: Korean Bias Benchmark for Question Answering",
      "url": "https://scholar.google.com/citations?view_op=view_citation&hl=en&user=Jf6padoAAAAJ&citation_for_view=Jf6padoAAAAJ:70eg2SAEIzsC",
      "authors": "J Jin, J Kim, N Lee, H Yoo, A Oh, H Lee",
      "venue": "Transactions of the Association for Computational Linguistics 12, 507-524, 2024",
      "year": 2024,
      "citations": 59
    },
    {
      "title": "Hyperclova x technical report",
      "url": "https://scholar.google.com/citations?view_op=view_citation&hl=en&user=Jf6padoAAAAJ&citation_for_view=Jf6padoAAAAJ:rO6llkc54NcC",
      "authors": "KM Yoo, J Han, S In, H Jeon, J Jeong, J Kang, H Kim, KM Kim, M Kim, ...",
      "venue": "arXiv preprint arXiv:2404.01954, 2024",
      "year": 2024,
      "citations": 49
    },
    {
      "title": "Calibrating large language models using their generations only",
      "url": "https://scholar.google.com/citations?view_op=view_citation&hl=en&user=Jf6padoAAAAJ&citation_for_view=Jf6padoAAAAJ:3s1wT3WcHBgC",
      "authors": "D Ulmer, M Gubri, H Lee, S Yun, S Oh",
      "venue": "Proceedings of the 62nd Annual Meeting of the Association for Computational …, 2024",
      "year": 2024,
      "citations": 48
    },
    {
      "title": "KorNAT: LLM Alignment Benchmark for Korean Social Values and Common Knowledge",
      "url": "https://scholar.google.com/citations?view_op=view_citation&hl=en&user=Jf6padoAAAAJ&citation_for_view=Jf6padoAAAAJ:SeFeTyx0c_EC",
      "authors": "J Lee, M Kim, S Kim, J Kim, S Won, H Lee, E Choi",
      "venue": "arXiv preprint arXiv:2402.13605, 2024",
      "year": 2024,
      "citations": 35
    },
    {
      "title": "TimeChara: Evaluating Point-in-Time Character Hallucination of Role-Playing Large Language Models",
      "url": "https://scholar.google.com/citations?view_op=view_citation&hl=en&user=Jf6padoAAAAJ&citation_for_view=Jf6padoAAAAJ:u_35RYKgDlwC",
      "authors": "J Ahn, T Lee, J Lim, JH Kim, S Yun, H Lee, G Kim",
      "venue": "arXiv preprint arXiv:2405.18027, 2024",
      "year": 2024,
      "citations": 34
    },
    {
      "title": "Prometheus: Inducing Fine-grained Evaluation Capability in Language Models",
      "url": "https://scholar.google.com/citations?view_op=view_citation&hl=en&user=Jf6padoAAAAJ&citation_for_view=Jf6padoAAAAJ:M05iB0D1s5AC",
      "authors": "S Kim, J Shin, Y Cho, J Jang, S Longpre, H Lee, S Yun, S Shin, S Kim, ...",
      "venue": "ICLR 2024, 2023",
      "year": 2023,
      "citations": 324
    },
    {
      "title": "ProPILE: Probing Privacy Leakage in Large Language Models",
      "url": "https://scholar.google.com/citations?view_op=view_citation&hl=en&user=Jf6padoAAAAJ&citation_for_view=Jf6padoAAAAJ:vV6vV6tmYwMC",
      "authors": "S Kim, S Yun, H Lee, M Gubri, S Yoon, SJ Oh",
      "venue": "NeurIPS 2023, 2023",
      "year": 2023,
      "citations": 276
    },
    {
      "title": "KoSBi: A Dataset for Mitigating Social Bias Risks Towards Safer Large Language Model Application",
      "url": "https://scholar.google.com/citations?view_op=view_citation&hl=en&user=Jf6padoAAAAJ&citation_for_view=Jf6padoAAAAJ:J_g5lzvAfSwC",
      "authors": "H Lee, S Hong, J Park, T Kim, G Kim, JW Ha",
      "venue": "The 61st Annual Meeting Of The Association For Computational Linguistics, 2023",
      "year": 2023,
      "citations": 49
    },
    {
      "title": "Query-Efficient Black-Box Red Teaming via Bayesian Optimization",
      "url": "https://scholar.google.com/citations?view_op=view_citation&hl=en&user=Jf6padoAAAAJ&citation_for_view=Jf6padoAAAAJ:RGFaLdJalmkC",
      "authors": "D Lee, JY Lee, JW Ha, JH Kim, SW Lee, H Lee, HO Song",
      "venue": "The 61st Annual Meeting Of The Association For Computational Linguistics, 2023",
      "year": 2023,
      "citations": 34
    },
    {
      "title": "SQuARe: A large-scale dataset of sensitive questions and acceptable responses created through human-machine collaboration",
      "url": "https://scholar.google.com/citations?view_op=view_citation&hl=en&user=Jf6padoAAAAJ&citation_for_view=Jf6padoAAAAJ:NaGl4SEjCO4C",
      "authors": "H Lee, S Hong, J Park, T Kim, M Cha, Y Choi, B Kim, G Kim, EJ Lee, Y Lim, ...",
      "venue": "Proceedings of the 61st Annual Meeting of the Association for Computational …, 2023",
      "year": 2023,
      "citations": 33
    },
    {
      "title": "Prometheus: Inducing fine-grained evaluation capability in language models, 2024",
      "url": "https://scholar.google.com/citations?view_op=view_citation&hl=en&user=Jf6padoAAAAJ&citation_for_view=Jf6padoAAAAJ:pyW8ca7W8N0C",
      "authors": "S Kim, J Shin, Y Cho, J Jang, S Longpre, H Lee, S Yun, S Shin, S Kim, ...",
      "venue": "URL https://arxiv. org/abs/2310.08491, 2023",
      "year": 2023,
      "citations": 29
    },
    {
      "title": "TaleBrush: sketching stories with generative pretrained language models",
      "url": "https://scholar.google.com/citations?view_op=view_citation&hl=en&user=Jf6padoAAAAJ&citation_for_view=Jf6padoAAAAJ:YOwf2qJgpHMC",
      "authors": "JJY Chung, W Kim, KM Yoo, H Lee, E Adar, M Chang",
      "venue": "Proceedings of the 2022 CHI Conference on Human Factors in Computing Systems …, 2022",
      "year": 2022,
      "citations": 315
    },
    {
      "title": "Critic-Guided Decoding for Controlled Text Generation",
      "url": "https://scholar.google.com/citations?view_op=view_citation&hl=en&user=Jf6padoAAAAJ&citation_for_view=Jf6padoAAAAJ:GnPB-g6toBAC",
      "authors": "M Kim, H Lee, KM Yoo, J Park, H Lee, K Jung",
      "venue": "Findings of the Association for Computational Linguistics: ACL 2023, 2022",
      "year": 2022,
      "citations": 50
    },
    {
      "title": "Why Knowledge Distillation Amplifies Gender Bias and How to Mitigate from the Perspective of DistilBERT",
      "url": "https://scholar.google.com/citations?view_op=view_citation&hl=en&user=Jf6padoAAAAJ&citation_for_view=Jf6padoAAAAJ:isC4tDSrTZIC",
      "authors": "J Ahn, H Lee, J Kim, A Oh",
      "venue": "Proceedings of the 4th Workshop on Gender Bias in Natural Language …, 2022",
      "year": 2022,
      "citations": 32
    },
    {
      "title": "TaleBrush: Visual Sketching of Story Generation with Pretrained Language Models",
      "url": "https://scholar.google.com/citations?view_op=view_citation&hl=en&user=Jf6padoAAAAJ&citation_for_view=Jf6padoAAAAJ:_kc_bZDykSQC",
      "authors": "JJY Chung, W Kim, KM Yoo, H Lee, E Adar, M Chang",
      "venue": "CHI Conference on Human Factors in Computing Systems Extended Abstracts, 1-4, 2022",
      "year": 2022,
      "citations": 30
    },
    {
      "title": "Plug-and-Play Adaptation for Continuously-updated QA",
      "url": "https://scholar.google.com/citations?view_op=view_citation&hl=en&user=Jf6padoAAAAJ&citation_for_view=Jf6padoAAAAJ:4TOpqqG69KYC",
      "authors": "K Lee, W Han, S Hwang, H Lee, J Park, SW Lee",
      "venue": "Findings of the Association for Computational Linguistics: ACL 2022, 438–447, 2022",
      "year": 2022,
      "citations": 29
    },
    {
      "title": "SUMBT: Slot-Utterance Matching for Universal and Scalable Belief Tracking",
      "url": "https://scholar.google.com/citations?view_op=view_citation&hl=en&user=Jf6padoAAAAJ&citation_for_view=Jf6padoAAAAJ:hqOjcs7Dif8C",
      "authors": "H Lee, J Lee, TY Kim",
      "venue": "Proceedings of the 57th Annual Meeting of the Association for Computational …, 2019",
      "year": 2019,
      "citations": 229
    },
    {
      "title": "Hierarchical committee of deep cnns with exponentially-weighted decision fusion for static facial expression recognition",
      "url": "https://scholar.google.com/citations?view_op=view_citation&hl=en&user=Jf6padoAAAAJ&citation_for_view=Jf6padoAAAAJ:MXK_kJrjxJIC",
      "authors": "BK Kim, H Lee, J Roh, SY Lee",
      "venue": "Proceedings of the 2015 ACM on International Conference on Multimodal …, 2015",
      "year": 2015,
      "citations": 178
    }
  ],
  "co_authors": [
    {
      "name": "Sangdoo Yun",
      "scholar_id": "o0qtjzYAAAAJ",
      "url": "https://scholar.google.com/citations?user=o0qtjzYAAAAJ"
    },
    {
      "name": "Kang Min Yoo",
      "scholar_id": "BqaWtH8AAAAJ",
      "url": "https://scholar.google.com/citations?user=BqaWtH8AAAAJ"
    },
    {
      "name": "Soo-Young Lee",
      "scholar_id": "QXGini0AAAAJ",
      "url": "https://scholar.google.com/citations?user=QXGini0AAAAJ"
    },
    {
      "name": "Joonsuk Park",
      "scholar_id": "3SPMM3oAAAAJ",
      "url": "https://scholar.google.com/citations?user=3SPMM3oAAAAJ"
    },
    {
      "name": "Minjoon Seo",
      "scholar_id": "zYze5fIAAAAJ",
      "url": "https://scholar.google.com/citations?user=zYze5fIAAAAJ"
    },
    {
      "name": "Seungone Kim",
      "scholar_id": "ZNg3w8wAAAAJ",
      "url": "https://scholar.google.com/citations?user=ZNg3w8wAAAAJ"
    },
    {
      "name": "Alice Oh",
      "scholar_id": "B88-xMEAAAAJ",
      "url": "https://scholar.google.com/citations?user=B88-xMEAAAAJ"
    },
    {
      "name": "Minsuk Chang",
      "scholar_id": "1j2nBpoAAAAJ",
      "url": "https://scholar.google.com/citations?user=1j2nBpoAAAAJ"
    },
    {
      "name": "Jamin Shin (Jay)",
      "scholar_id": "GuBHIwsAAAAJ",
      "url": "https://scholar.google.com/citations?user=GuBHIwsAAAAJ"
    },
    {
      "name": "Gunhee Kim",
      "scholar_id": "CiSdOV0AAAAJ",
      "url": "https://scholar.google.com/citations?user=CiSdOV0AAAAJ"
    },
    {
      "name": "Kyomin Jung",
      "scholar_id": "u3uMl4MAAAAJ",
      "url": "https://scholar.google.com/citations?user=u3uMl4MAAAAJ"
    },
    {
      "name": "John Joon Young Chung",
      "scholar_id": "ZHdXUCMAAAAJ",
      "url": "https://scholar.google.com/citations?user=ZHdXUCMAAAAJ"
    },
    {
      "name": "Seong Joon Oh",
      "scholar_id": "kmXOOdsAAAAJ",
      "url": "https://scholar.google.com/citations?user=kmXOOdsAAAAJ"
    },
    {
      "name": "Martin Gubri",
      "scholar_id": "Jt4OYwMAAAAJ",
      "url": "https://scholar.google.com/citations?user=Jt4OYwMAAAAJ"
    },
    {
      "name": "Jin-Hwa Kim",
      "scholar_id": "3f2wPekAAAAJ",
      "url": "https://scholar.google.com/citations?user=3f2wPekAAAAJ"
    },
    {
      "name": "Tae-Yoon Kim",
      "scholar_id": "Ql-D0_0AAAAJ",
      "url": "https://scholar.google.com/citations?user=Ql-D0_0AAAAJ"
    },
    {
      "name": "Geonmin Kim",
      "scholar_id": "QRFMPSMAAAAJ",
      "url": "https://scholar.google.com/citations?user=QRFMPSMAAAAJ"
    },
    {
      "name": "Seokhee Hong",
      "scholar_id": "50h-cM8AAAAJ",
      "url": "https://scholar.google.com/citations?user=50h-cM8AAAAJ"
    },
    {
      "name": "Haneul Yoo",
      "scholar_id": "9voXzU0AAAAJ",
      "url": "https://scholar.google.com/citations?user=9voXzU0AAAAJ"
    },
    {
      "name": "Bo-Kyeong Kim",
      "scholar_id": "hIWBLUgAAAAJ",
      "url": "https://scholar.google.com/citations?user=hIWBLUgAAAAJ"
    }
  ]
}