{
  "author_info": {
    "name": "Xiao Xiang Zhu",
    "affiliation": "Technical University of Munich",
    "email_verified": "Verified email at tum.de - Homepage",
    "website": "https://www.asg.ed.tum.de/sipeo/home/",
    "interests": [
      "Earth Observation",
      "AI4EO",
      "Signal Processing",
      "Data Science",
      "Synthetic Aperture Radar"
    ],
    "photo_url": "https://scholar.googleusercontent.com/citations?view_op=view_photo&user=CNakdIgAAAAJ&citpid=24"
  },
  "citation_stats": {
    "citations_all": 40423,
    "citations_since_2020": 35006,
    "h_index_all": 95,
    "h_index_since_2020": 85,
    "i10_index_all": 405,
    "i10_index_since_2020": 369,
    "citation_graph": [
      {
        "year": 2012,
        "citations": 186
      },
      {
        "year": 2013,
        "citations": 186
      },
      {
        "year": 2014,
        "citations": 298
      },
      {
        "year": 2015,
        "citations": 394
      },
      {
        "year": 2016,
        "citations": 434
      },
      {
        "year": 2017,
        "citations": 518
      },
      {
        "year": 2018,
        "citations": 1159
      },
      {
        "year": 2019,
        "citations": 1944
      },
      {
        "year": 2020,
        "citations": 3000
      },
      {
        "year": 2021,
        "citations": 4271
      },
      {
        "year": 2022,
        "citations": 5416
      },
      {
        "year": 2023,
        "citations": 6200
      },
      {
        "year": 2024,
        "citations": 7758
      },
      {
        "year": 2025,
        "citations": 7970
      }
    ]
  },
  "papers": [
    {
      "title": "A survey of uncertainty in deep neural networks",
      "url": "https://scholar.google.com/citations?view_op=view_citation&hl=en&user=CNakdIgAAAAJ&citation_for_view=CNakdIgAAAAJ:kOdZbmsmKqcC",
      "authors": "J Gawlikowski, CRN Tassi, M Ali, J Lee, M Humt, J Feng, A Kruspe, ...",
      "venue": "Artificial Intelligence Review, 1-77, 2023",
      "year": 2023,
      "citations": 2060
    },
    {
      "title": "Cross-city matters: A multimodal remote sensing benchmark dataset for cross-city semantic segmentation using high-resolution domain adaptation networks",
      "url": "https://scholar.google.com/citations?view_op=view_citation&hl=en&user=CNakdIgAAAAJ&citation_for_view=CNakdIgAAAAJ:polMJLZb0X8C",
      "authors": "D Hong, B Zhang, H Li, Y Li, J Yao, C Li, M Werner, J Chanussote, A Zipf, ...",
      "venue": "Remote Sensing of Environment, 2023",
      "year": 2023,
      "citations": 468
    },
    {
      "title": "The outcome of the 2022 landslide4sense competition: Advanced landslide detection from multisource satellite imagery",
      "url": "https://scholar.google.com/citations?view_op=view_citation&hl=en&user=CNakdIgAAAAJ&citation_for_view=CNakdIgAAAAJ:ec1XJgWlWRUC",
      "authors": "O Ghorbanzadeh, Y Xu, H Zhao, J Wang, Y Zhong, D Zhao, Q Zang, ...",
      "venue": "IEEE Journal of Selected Topics in Applied Earth Observations and Remote …, 2022",
      "year": 2022,
      "citations": 372
    },
    {
      "title": "Self-supervised learning in remote sensing: A review",
      "url": "https://scholar.google.com/citations?view_op=view_citation&hl=en&user=CNakdIgAAAAJ&citation_for_view=CNakdIgAAAAJ:KYgttONoxcsC",
      "authors": "Y Wang, CM Albrecht, NAA Braham, L Mou, XX Zhu",
      "venue": "IEEE Geoscience and Remote Sensing Magazine. 10 (4), pp. 213-247, 2022",
      "year": 2022,
      "citations": 367
    },
    {
      "title": "Common pitfalls and recommendations for using machine learning to detect and prognosticate for COVID-19 using chest radiographs and CT scans",
      "url": "https://scholar.google.com/citations?view_op=view_citation&hl=en&user=CNakdIgAAAAJ&citation_for_view=CNakdIgAAAAJ:w9ZB08sdvuUC",
      "authors": "M Roberts, D Driggs, M Thorpe, J Gilbey, M Yeung, S Ursprung, ...",
      "venue": "Nature Machine Intelligence, 2021",
      "year": 2021,
      "citations": 1115
    },
    {
      "title": "Deep learning meets SAR: Concepts, models, pitfalls, and perspectives",
      "url": "https://scholar.google.com/citations?view_op=view_citation&hl=en&user=CNakdIgAAAAJ&citation_for_view=CNakdIgAAAAJ:RmcNAhKkducC",
      "authors": "XX Zhu, S Montazeri, M Ali, Y Hua, Y Wang, L Mou, Y Shi, F Xu, R Bamler",
      "venue": "IEEE Geoscience and Remote Sensing Magazine 9 (4), 143-172, 2021",
      "year": 2021,
      "citations": 416
    },
    {
      "title": "Linking points with labels in 3D: A review of point cloud semantic segmentation",
      "url": "https://scholar.google.com/citations?view_op=view_citation&hl=en&user=CNakdIgAAAAJ&citation_for_view=CNakdIgAAAAJ:aCwMkEyfDy8C",
      "authors": "Y Xie, J Tian, XX Zhu",
      "venue": "IEEE Geoscience and remote sensing magazine 8 (4), 38-59, 2020",
      "year": 2020,
      "citations": 593
    },
    {
      "title": "Cloud removal in Sentinel-2 imagery using a deep residual neural network and SAR-optical data fusion",
      "url": "https://scholar.google.com/citations?view_op=view_citation&hl=en&user=CNakdIgAAAAJ&citation_for_view=CNakdIgAAAAJ:lPDSu1ZU3VAC",
      "authors": "A Meraner, P Ebel, XX Zhu, M Schmitt",
      "venue": "ISPRS Journal of Photogrammetry and Remote Sensing 166, 333-346, 2020",
      "year": 2020,
      "citations": 449
    },
    {
      "title": "Learning spectral-spatial-temporal features via a recurrent convolutional neural network for change detection in multispectral imagery",
      "url": "https://scholar.google.com/citations?view_op=view_citation&hl=en&user=CNakdIgAAAAJ&citation_for_view=CNakdIgAAAAJ:oynPyU19kbsC",
      "authors": "L Mou, L Bruzzone, XX Zhu",
      "venue": "IEEE Transactions on Geoscience and Remote Sensing 57 (2), 924-935, 2019",
      "year": 2019,
      "citations": 651
    },
    {
      "title": "Semantic segmentation of slums in satellite images using transfer learning on fully convolutional neural networks",
      "url": "https://scholar.google.com/citations?view_op=view_citation&hl=en&user=CNakdIgAAAAJ&citation_for_view=CNakdIgAAAAJ:5F1dSjz1ScoC",
      "authors": "M Wurm, T Stark, XX Zhu, M Weigand, H Taubenböck",
      "venue": "ISPRS journal of photogrammetry and remote sensing 150, 59-69, 2019",
      "year": 2019,
      "citations": 442
    },
    {
      "title": "SEN12MS--A Curated Dataset of Georeferenced Multi-Spectral Sentinel-1/2 Imagery for Deep Learning and Data Fusion",
      "url": "https://scholar.google.com/citations?view_op=view_citation&hl=en&user=CNakdIgAAAAJ&citation_for_view=CNakdIgAAAAJ:mJbmKSuM8toC",
      "authors": "M Schmitt, LH Hughes, C Qiu, XX Zhu",
      "venue": "arXiv preprint arXiv:1906.07789, 2019",
      "year": 2019,
      "citations": 398
    },
    {
      "title": "An augmented linear mixing model to address spectral variability for hyperspectral unmixing",
      "url": "https://scholar.google.com/citations?view_op=view_citation&hl=en&user=CNakdIgAAAAJ&citation_for_view=CNakdIgAAAAJ:TiIbgCYny7sC",
      "authors": "D Hong, N Yokoya, J Chanussot, XX Zhu",
      "venue": "IEEE Transactions on Image Processing 28 (4), 1923-1938, 2018",
      "year": 2018,
      "citations": 959
    },
    {
      "title": "Building instance classification using street view images",
      "url": "https://scholar.google.com/citations?view_op=view_citation&hl=en&user=CNakdIgAAAAJ&citation_for_view=CNakdIgAAAAJ:hKjooKYXoHIC",
      "authors": "J Kang, M Körner, Y Wang, H Taubenböck, XX Zhu",
      "venue": "ISPRS journal of photogrammetry and remote sensing 145, 44-59, 2018",
      "year": 2018,
      "citations": 423
    },
    {
      "title": "Deep learning in remote sensing: A comprehensive review and list of resources",
      "url": "https://scholar.google.com/citations?view_op=view_citation&hl=en&user=CNakdIgAAAAJ&citation_for_view=CNakdIgAAAAJ:yZoBfgUKqwcC",
      "authors": "XX Zhu, D Tuia, L Mou, GS Xia, L Zhang, F Xu, F Fraundorfer",
      "venue": "IEEE Geoscience and Remote Sensing Magazine 5 (4), 8-36, 2017",
      "year": 2017,
      "citations": 3710
    },
    {
      "title": "Deep recurrent neural networks for hyperspectral image classification",
      "url": "https://scholar.google.com/citations?view_op=view_citation&hl=en&user=CNakdIgAAAAJ&citation_for_view=CNakdIgAAAAJ:kO05sadLmrgC",
      "authors": "L Mou, P Ghamisi, XX Zhu",
      "venue": "IEEE transactions on geoscience and remote sensing 55 (7), 3639-3655, 2017",
      "year": 2017,
      "citations": 1576
    },
    {
      "title": "Data fusion and remote sensing: An ever-growing relationship",
      "url": "https://scholar.google.com/citations?view_op=view_citation&hl=en&user=CNakdIgAAAAJ&citation_for_view=CNakdIgAAAAJ:sJK75vZXtG0C",
      "authors": "M Schmitt, XX Zhu",
      "venue": "IEEE Geoscience and Remote Sensing Magazine 4 (4), 6-23, 2016",
      "year": 2016,
      "citations": 366
    },
    {
      "title": "A sparse image fusion algorithm with application to pan-sharpening",
      "url": "https://scholar.google.com/citations?view_op=view_citation&hl=en&user=CNakdIgAAAAJ&citation_for_view=CNakdIgAAAAJ:2l5NCbZemmgC",
      "authors": "XX Zhu, R Bamler",
      "venue": "IEEE transactions on geoscience and remote sensing 51 (5), 2827-2836, 2012",
      "year": 2012,
      "citations": 492
    },
    {
      "title": "Super-resolution power and robustness of compressive sensing for spectral estimation with application to spaceborne tomographic SAR",
      "url": "https://scholar.google.com/citations?view_op=view_citation&hl=en&user=CNakdIgAAAAJ&citation_for_view=CNakdIgAAAAJ:EPG8bYD4jVwC",
      "authors": "XX Zhu, R Bamler",
      "venue": "IEEE Transactions on Geoscience and Remote Sensing 50 (1), 247-258, 2011",
      "year": 2011,
      "citations": 415
    },
    {
      "title": "Tomographic SAR inversion by L1-norm regularization—The compressive sensing approach",
      "url": "https://scholar.google.com/citations?view_op=view_citation&hl=en&user=CNakdIgAAAAJ&citation_for_view=CNakdIgAAAAJ:5bg8sr1QxYwC",
      "authors": "XX Zhu, R Bamler",
      "venue": "Geoscience and Remote Sensing, IEEE Transactions on 48 (10), 3839-3846, 2010",
      "year": 2010,
      "citations": 652
    },
    {
      "title": "Very high resolution spaceborne SAR tomography in urban environment",
      "url": "https://scholar.google.com/citations?view_op=view_citation&hl=en&user=CNakdIgAAAAJ&citation_for_view=CNakdIgAAAAJ:BrOSOlqYqPUC",
      "authors": "XX Zhu, R Bamler",
      "venue": "IEEE Transactions on Geoscience and Remote Sensing 48 (12), 4296-4308, 2010",
      "year": 2010,
      "citations": 595
    }
  ],
  "co_authors": [
    {
      "name": "Lichao Mou",
      "scholar_id": "7k8GAaEAAAAJ",
      "url": "https://scholar.google.com/citations?user=7k8GAaEAAAAJ"
    },
    {
      "name": "Richard Bamler",
      "scholar_id": "NBd-i7YAAAAJ",
      "url": "https://scholar.google.com/citations?user=NBd-i7YAAAAJ"
    },
    {
      "name": "Yilei Shi",
      "scholar_id": "4ykAWEcAAAAJ",
      "url": "https://scholar.google.com/citations?user=4ykAWEcAAAAJ"
    },
    {
      "name": "Michael Schmitt",
      "scholar_id": "CVnD4h4AAAAJ",
      "url": "https://scholar.google.com/citations?user=CVnD4h4AAAAJ"
    },
    {
      "name": "Yuanyuan Wang",
      "scholar_id": "h5NDQRkAAAAJ",
      "url": "https://scholar.google.com/citations?user=h5NDQRkAAAAJ"
    },
    {
      "name": "Muhammad Shahzad",
      "scholar_id": "K4R3lOcAAAAJ",
      "url": "https://scholar.google.com/citations?user=K4R3lOcAAAAJ"
    },
    {
      "name": "Jocelyn Chanussot",
      "scholar_id": "6owK2OQAAAAJ",
      "url": "https://scholar.google.com/citations?user=6owK2OQAAAAJ"
    },
    {
      "name": "Pedram Ghamisi",
      "scholar_id": "Gr9afd0AAAAJ",
      "url": "https://scholar.google.com/citations?user=Gr9afd0AAAAJ"
    },
    {
      "name": "Hannes Taubenböck",
      "scholar_id": "6jmRN58AAAAJ",
      "url": "https://scholar.google.com/citations?user=6jmRN58AAAAJ"
    },
    {
      "name": "Sudipan Saha",
      "scholar_id": "C1_Ukv4AAAAJ",
      "url": "https://scholar.google.com/citations?user=C1_Ukv4AAAAJ"
    },
    {
      "name": "Naoto Yokoya",
      "scholar_id": "DJ2KOn8AAAAJ",
      "url": "https://scholar.google.com/citations?user=DJ2KOn8AAAAJ"
    },
    {
      "name": "Devis Tuia",
      "scholar_id": "p3iJiLIAAAAJ",
      "url": "https://scholar.google.com/citations?user=p3iJiLIAAAAJ"
    },
    {
      "name": "Qingyu Li",
      "scholar_id": "4smM4bAAAAAJ",
      "url": "https://scholar.google.com/citations?user=4smM4bAAAAAJ"
    },
    {
      "name": "Anna Kruspe",
      "scholar_id": "3hmvu5MAAAAJ",
      "url": "https://scholar.google.com/citations?user=3hmvu5MAAAAJ"
    },
    {
      "name": "Sina Montazeri",
      "scholar_id": "oEhF4KEAAAAJ",
      "url": "https://scholar.google.com/citations?user=oEhF4KEAAAAJ"
    },
    {
      "name": "Patrick Ebel",
      "scholar_id": "vOSVVdkAAAAJ",
      "url": "https://scholar.google.com/citations?user=vOSVVdkAAAAJ"
    },
    {
      "name": "Jakob Gawlikowski",
      "scholar_id": "JSDN9rsAAAAJ",
      "url": "https://scholar.google.com/citations?user=JSDN9rsAAAAJ"
    },
    {
      "name": "Lloyd Hughes",
      "scholar_id": "U0iNUnAAAAAJ",
      "url": "https://scholar.google.com/citations?user=U0iNUnAAAAAJ"
    },
    {
      "name": "Friedrich Fraundorfer",
      "scholar_id": "M0boL5kAAAAJ",
      "url": "https://scholar.google.com/citations?user=M0boL5kAAAAJ"
    },
    {
      "name": "Konrad Heidler",
      "scholar_id": "RF9yl6sAAAAJ",
      "url": "https://scholar.google.com/citations?user=RF9yl6sAAAAJ"
    }
  ]
}