{
  "author_info": {
    "name": "Qiwen Cui",
    "affiliation": "PhD, University of Washington",
    "email_verified": "Verified email at uw.edu - Homepage",
    "website": "http://qwcui.github.io/",
    "interests": [
      "Machine Learning Theory"
    ],
    "photo_url": "https://scholar.googleusercontent.com/citations?view_op=view_photo&user=AnSVkUYAAAAJ&citpid=4"
  },
  "citation_stats": {
    "citations_all": 423,
    "citations_since_2020": 423,
    "h_index_all": 12,
    "h_index_since_2020": 12,
    "i10_index_all": 13,
    "i10_index_since_2020": 13,
    "citation_graph": [
      {
        "year": 2020,
        "citations": 2
      },
      {
        "year": 2021,
        "citations": 25
      },
      {
        "year": 2022,
        "citations": 55
      },
      {
        "year": 2023,
        "citations": 115
      },
      {
        "year": 2024,
        "citations": 106
      },
      {
        "year": 2025,
        "citations": 120
      }
    ]
  },
  "papers": [
    {
      "title": "Learning in Structured Multi-Agent Systems With Provable Guarantees",
      "url": "https://scholar.google.com/citations?view_op=view_citation&hl=en&user=AnSVkUYAAAAJ&citation_for_view=AnSVkUYAAAAJ:MXK_kJrjxJIC",
      "authors": "Q Cui",
      "venue": "University of Washington, 2025",
      "year": 2025,
      "citations": 0
    },
    {
      "title": "Multi-agent reinforcement learning from human feedback: Data coverage and algorithmic techniques",
      "url": "https://scholar.google.com/citations?view_op=view_citation&hl=en&user=AnSVkUYAAAAJ&citation_for_view=AnSVkUYAAAAJ:0EnyYjriUFMC",
      "authors": "N Zhang, X Wang, Q Cui, R Zhou, SM Kakade, SS Du",
      "venue": "",
      "citations": 12,
      "year": 2024
    },
    {
      "title": "Refined sample complexity for markov games with independent linear function approximation",
      "url": "https://scholar.google.com/citations?view_op=view_citation&hl=en&user=AnSVkUYAAAAJ&citation_for_view=AnSVkUYAAAAJ:UebtZRa9Y70C",
      "authors": "Y Dai, Q Cui, SS Du",
      "venue": "The Thirty Seventh Annual Conference on Learning Theory, 1260-1261, 2024",
      "year": 2024,
      "citations": 4
    },
    {
      "title": "Learning optimal tax design in nonatomic congestion games",
      "url": "https://scholar.google.com/citations?view_op=view_citation&hl=en&user=AnSVkUYAAAAJ&citation_for_view=AnSVkUYAAAAJ:Se3iqnhoufwC",
      "authors": "Q Cui, M Fazel, SS Du",
      "venue": "Advances in Neural Information Processing Systems 37, 124502-124529, 2024",
      "year": 2024,
      "citations": 3
    },
    {
      "title": "BabelBench: An Omni Benchmark for Code-Driven Analysis of Multimodal and Multistructured Data",
      "url": "https://scholar.google.com/citations?view_op=view_citation&hl=en&user=AnSVkUYAAAAJ&citation_for_view=AnSVkUYAAAAJ:5nxA0vEk-isC",
      "authors": "X Wang, Q Cui, Y Tao, Y Wang, Z Chai, X Han, B Liu, J Yuan, J Su, ...",
      "venue": "arXiv preprint arXiv:2410.00773, 2024",
      "year": 2024,
      "citations": 0
    },
    {
      "title": "Preference-Based Multi-Agent Reinforcement Learning: Data Coverage and Algorithmic Techniques",
      "url": "https://scholar.google.com/citations?view_op=view_citation&hl=en&user=AnSVkUYAAAAJ&citation_for_view=AnSVkUYAAAAJ:3fE2CSJIrl8C",
      "authors": "N Zhang, X Wang, Q Cui, R Zhou, SM Kakade, SS Du",
      "venue": "arXiv preprint arXiv:2409.00717, 2024",
      "year": 2024,
      "citations": 0
    },
    {
      "title": "Breaking the curse of multiagents in a large state space: Rl in markov games with independent linear function approximation",
      "url": "https://scholar.google.com/citations?view_op=view_citation&hl=en&user=AnSVkUYAAAAJ&citation_for_view=AnSVkUYAAAAJ:ufrVoPGSRksC",
      "authors": "Q Cui, K Zhang, S Du",
      "venue": "The Thirty Sixth Annual Conference on Learning Theory, 2651-2652, 2023",
      "year": 2023,
      "citations": 47
    },
    {
      "title": "Free from bellman completeness: Trajectory stitching via model-based return-conditioned supervised learning",
      "url": "https://scholar.google.com/citations?view_op=view_citation&hl=en&user=AnSVkUYAAAAJ&citation_for_view=AnSVkUYAAAAJ:roLk4NBRz8UC",
      "authors": "Z Zhou, C Zhu, R Zhou, Q Cui, A Gupta, SS Du",
      "venue": "arXiv preprint arXiv:2310.19308, 2023",
      "year": 2023,
      "citations": 12
    },
    {
      "title": "A black-box approach for non-stationary multi-agent reinforcement learning",
      "url": "https://scholar.google.com/citations?view_op=view_citation&hl=en&user=AnSVkUYAAAAJ&citation_for_view=AnSVkUYAAAAJ:_FxGoFyzp5QC",
      "authors": "H Jiang, Q Cui, Z Xiong, M Fazel, SS Du",
      "venue": "arXiv preprint arXiv:2306.07465, 2023",
      "year": 2023,
      "citations": 5
    },
    {
      "title": "When are offline two-player zero-sum Markov games solvable?",
      "url": "https://scholar.google.com/citations?view_op=view_citation&hl=en&user=AnSVkUYAAAAJ&citation_for_view=AnSVkUYAAAAJ:zYLM7Y9cAGgC",
      "authors": "Q Cui, SS Du",
      "venue": "Advances in Neural Information Processing Systems 35, 25779-25791, 2022",
      "year": 2022,
      "citations": 65
    },
    {
      "title": "Provably efficient offline multi-agent reinforcement learning via strategy-wise bonus",
      "url": "https://scholar.google.com/citations?view_op=view_citation&hl=en&user=AnSVkUYAAAAJ&citation_for_view=AnSVkUYAAAAJ:Y0pCki6q_DkC",
      "authors": "Q Cui, SS Du",
      "venue": "Advances in Neural Information Processing Systems 35, 11739-11751, 2022",
      "year": 2022,
      "citations": 32
    },
    {
      "title": "Near-optimal randomized exploration for tabular markov decision processes",
      "url": "https://scholar.google.com/citations?view_op=view_citation&hl=en&user=AnSVkUYAAAAJ&citation_for_view=AnSVkUYAAAAJ:WF5omc3nYNoC",
      "authors": "Z Xiong, R Shen, Q Cui, M Fazel, SS Du",
      "venue": "Advances in neural information processing systems 35, 6358-6371, 2022",
      "year": 2022,
      "citations": 31
    },
    {
      "title": "On gap-dependent bounds for offline reinforcement learning",
      "url": "https://scholar.google.com/citations?view_op=view_citation&hl=en&user=AnSVkUYAAAAJ&citation_for_view=AnSVkUYAAAAJ:Tyk-4Ss8FVUC",
      "authors": "X Wang, Q Cui, SS Du",
      "venue": "Advances in Neural Information Processing Systems 35, 14865-14877, 2022",
      "year": 2022,
      "citations": 26
    },
    {
      "title": "Learning in congestion games with bandit feedback",
      "url": "https://scholar.google.com/citations?view_op=view_citation&hl=en&user=AnSVkUYAAAAJ&citation_for_view=AnSVkUYAAAAJ:W7OEmFMy1HYC",
      "authors": "Q Cui, Z Xiong, M Fazel, SS Du",
      "venue": "Advances in Neural Information Processing Systems 35, 11009-11022, 2022",
      "year": 2022,
      "citations": 24
    },
    {
      "title": "An efficient Fisher matrix approximation method for large-scale neural network optimization",
      "url": "https://scholar.google.com/citations?view_op=view_citation&hl=en&user=AnSVkUYAAAAJ&citation_for_view=AnSVkUYAAAAJ:LkGwnXOMwfcC",
      "authors": "M Yang, D Xu, Q Cui, Z Wen, P Xu",
      "venue": "IEEE Transactions on Pattern Analysis and Machine Intelligence 45 (5), 5391-5403, 2022",
      "year": 2022,
      "citations": 17
    },
    {
      "title": "Offline congestion games: How feedback type affects data coverage requirement",
      "url": "https://scholar.google.com/citations?view_op=view_citation&hl=en&user=AnSVkUYAAAAJ&citation_for_view=AnSVkUYAAAAJ:eQOLeE2rZwMC",
      "authors": "H Jiang, Q Cui, Z Xiong, M Fazel, SS Du",
      "venue": "arXiv preprint arXiv:2210.13396, 2022",
      "year": 2022,
      "citations": 1
    },
    {
      "title": "Randomized Exploration for Reinforcement Learning with General Value Function Approximation",
      "url": "https://scholar.google.com/citations?view_op=view_citation&hl=en&user=AnSVkUYAAAAJ&citation_for_view=AnSVkUYAAAAJ:9yKSN-GCB0IC",
      "authors": "H Ishfaq, Q Cui, V Nguyen, A Ayoub, Z Yang, Z Wang, D Precup, LF Yang",
      "venue": "Thirty-eighth International Conference on Machine Learning, 2021",
      "year": 2021,
      "citations": 62
    },
    {
      "title": "Clinical decision support model for tooth extraction therapy derived from electronic dental records",
      "url": "https://scholar.google.com/citations?view_op=view_citation&hl=en&user=AnSVkUYAAAAJ&citation_for_view=AnSVkUYAAAAJ:u-x6o8ySG0sC",
      "authors": "Q Cui, Q Chen, P Liu, D Liu, Z Wen",
      "venue": "The Journal of Prosthetic Dentistry 126 (1), 83-90, 2021",
      "year": 2021,
      "citations": 38
    },
    {
      "title": "Minimax sample complexity for turn-based stochastic game",
      "url": "https://scholar.google.com/citations?view_op=view_citation&hl=en&user=AnSVkUYAAAAJ&citation_for_view=AnSVkUYAAAAJ:qjMakFHDy7sC",
      "authors": "Q Cui, LF Yang",
      "venue": "Thirty-seventh Conference on Uncertainty in Artificial Intelligence, 2020",
      "year": 2020,
      "citations": 31
    },
    {
      "title": "Is Plug-in Solver Sample-Efficient for Feature-based Reinforcement Learning?",
      "url": "https://scholar.google.com/citations?view_op=view_citation&hl=en&user=AnSVkUYAAAAJ&citation_for_view=AnSVkUYAAAAJ:u5HHmVD_uO8C",
      "authors": "Q Cui, LF Yang",
      "venue": "Thirty-fourth Conference on Neural Information Processing Systems, 2020",
      "year": 2020,
      "citations": 13
    }
  ],
  "co_authors": [
    {
      "name": "Simon Shaolei Du",
      "scholar_id": "OttawxUAAAAJ",
      "url": "https://scholar.google.com/citations?user=OttawxUAAAAJ"
    },
    {
      "name": "Lin F. Yang (杨林)",
      "scholar_id": "umivlPQAAAAJ",
      "url": "https://scholar.google.com/citations?user=umivlPQAAAAJ"
    },
    {
      "name": "Maryam Fazel",
      "scholar_id": "vlN_kRoAAAAJ",
      "url": "https://scholar.google.com/citations?user=vlN_kRoAAAAJ"
    },
    {
      "name": "Zaiwen Wen",
      "scholar_id": "QfxrxDoAAAAJ",
      "url": "https://scholar.google.com/citations?user=QfxrxDoAAAAJ"
    },
    {
      "name": "Kaiqing Zhang",
      "scholar_id": "Hi7ZdhQAAAAJ",
      "url": "https://scholar.google.com/citations?user=Hi7ZdhQAAAAJ"
    }
  ]
}