{
  "author_info": {
    "name": "Emma Chen",
    "affiliation": "Harvard University",
    "email_verified": "Verified email at g.harvard.edu",
    "interests": [
      "AI for Healthcare"
    ],
    "photo_url": "https://scholar.googleusercontent.com/citations?view_op=view_photo&user=89ANml4AAAAJ&citpid=1"
  },
  "citation_stats": {
    "citations_all": 2933,
    "citations_since_2020": 2926,
    "h_index_all": 7,
    "h_index_since_2020": 7,
    "i10_index_all": 7,
    "i10_index_since_2020": 7,
    "citation_graph": [
      {
        "year": 2022,
        "citations": 169
      },
      {
        "year": 2023,
        "citations": 572
      },
      {
        "year": 2024,
        "citations": 958
      },
      {
        "year": 2025,
        "citations": 1176
      }
    ]
  },
  "papers": [
    {
      "title": "A framework for integrating artificial intelligence for clinical care with continuous therapeutic monitoring",
      "url": "https://scholar.google.com/citations?view_op=view_citation&hl=en&user=89ANml4AAAAJ&citation_for_view=89ANml4AAAAJ:qjMakFHDy7sC",
      "authors": "E Chen, S Prakash, V Janapa Reddi, D Kim, P Rajpurkar",
      "venue": "Nature Biomedical Engineering 9 (4), 445-454, 2025",
      "year": 2025,
      "citations": 43
    },
    {
      "title": "The generative era of medical AI",
      "url": "https://scholar.google.com/citations?view_op=view_citation&hl=en&user=89ANml4AAAAJ&citation_for_view=89ANml4AAAAJ:roLk4NBRz8UC",
      "authors": "LJ Fahrner, E Chen, E Topol, P Rajpurkar",
      "venue": "Cell 188 (14), 3648-3660, 2025",
      "year": 2025,
      "citations": 24
    },
    {
      "title": "Multimodal clinical monitoring in the emergency department (mc-med)",
      "url": "https://scholar.google.com/citations?view_op=view_citation&hl=en&user=89ANml4AAAAJ&citation_for_view=89ANml4AAAAJ:YsMSGLbcyi4C",
      "authors": "A Kansal, E Chen, T Jin, P Rajpurkar, D Kim",
      "venue": "Published online, 2025",
      "year": 2025,
      "citations": 7
    },
    {
      "title": "MC-MED, multimodal clinical monitoring in the emergency department",
      "url": "https://scholar.google.com/citations?view_op=view_citation&hl=en&user=89ANml4AAAAJ&citation_for_view=89ANml4AAAAJ:ufrVoPGSRksC",
      "authors": "A Kansal, E Chen, BT Jin, P Rajpurkar, DA Kim",
      "venue": "Scientific Data 12 (1), 1094, 2025",
      "year": 2025,
      "citations": 4
    },
    {
      "title": "FactCheXcker: Mitigating Measurement Hallucinations in Chest X-ray Report Generation Models",
      "url": "https://scholar.google.com/citations?view_op=view_citation&hl=en&user=89ANml4AAAAJ&citation_for_view=89ANml4AAAAJ:zYLM7Y9cAGgC",
      "authors": "A Heiman, X Zhang, E Chen, SE Kim, P Rajpurkar",
      "venue": "Proceedings of the Computer Vision and Pattern Recognition Conference, 30787 …, 2025",
      "year": 2025,
      "citations": 3
    },
    {
      "title": "Slm-mux: Orchestrating small language models for reasoning",
      "url": "https://scholar.google.com/citations?view_op=view_citation&hl=en&user=89ANml4AAAAJ&citation_for_view=89ANml4AAAAJ:UebtZRa9Y70C",
      "authors": "C Wang, Z Wan, H Kang, E Chen, Z Xie, T Krishna, VJ Reddi, Y Du",
      "venue": "arXiv preprint arXiv:2510.05077, 2025",
      "year": 2025,
      "citations": 0
    },
    {
      "title": "Lifetime-Aware Design of Item-Level Intelligence",
      "url": "https://scholar.google.com/citations?view_op=view_citation&hl=en&user=89ANml4AAAAJ&citation_for_view=89ANml4AAAAJ:Se3iqnhoufwC",
      "authors": "S Prakash, A Cheng, O Kindgren, A Ahamed, G Knight, J Kufel, ...",
      "venue": "arXiv preprint arXiv:2509.08193, 2025",
      "year": 2025,
      "citations": 0
    },
    {
      "title": "The MAIDA initiative: establishing a framework for global medical-imaging data sharing",
      "url": "https://scholar.google.com/citations?view_op=view_citation&hl=en&user=89ANml4AAAAJ&citation_for_view=89ANml4AAAAJ:UeHWp8X0CEIC",
      "authors": "A Saenz, E Chen, H Marklund, P Rajpurkar",
      "venue": "The Lancet Digital Health 6 (1), e6-e8, 2024",
      "year": 2024,
      "citations": 26
    },
    {
      "title": "Multimodal clinical benchmark for emergency care (mc-bec): A comprehensive benchmark for evaluating foundation models in emergency medicine",
      "url": "https://scholar.google.com/citations?view_op=view_citation&hl=en&user=89ANml4AAAAJ&citation_for_view=89ANml4AAAAJ:2osOgNQ5qMEC",
      "authors": "E Chen, A Kansal, J Chen, BT Jin, J Reisler, DE Kim, P Rajpurkar",
      "venue": "Advances in Neural Information Processing Systems 36, 45794-45811, 2023",
      "year": 2023,
      "citations": 27
    },
    {
      "title": "AI in health and medicine",
      "url": "https://scholar.google.com/citations?view_op=view_citation&hl=en&user=89ANml4AAAAJ&citation_for_view=89ANml4AAAAJ:u-x6o8ySG0sC",
      "authors": "P Rajpurkar, E Chen, O Banerjee, EJ Topol",
      "venue": "Nature medicine 28 (1), 31-38, 2022",
      "year": 2022,
      "citations": 2761
    },
    {
      "title": "Improving hospital readmission prediction using individualized utility analysis",
      "url": "https://scholar.google.com/citations?view_op=view_citation&hl=en&user=89ANml4AAAAJ&citation_for_view=89ANml4AAAAJ:d1gkVwhDpl0C",
      "authors": "M Ko, E Chen, A Agrawal, P Rajpurkar, A Avati, A Ng, S Basu, NH Shah",
      "venue": "Journal of Biomedical Informatics 119, 103826, 2021",
      "year": 2021,
      "citations": 17
    },
    {
      "title": "Chexbreak: Misclassification identification for deep learning models interpreting chest x-rays",
      "url": "https://scholar.google.com/citations?view_op=view_citation&hl=en&user=89ANml4AAAAJ&citation_for_view=89ANml4AAAAJ:9yKSN-GCB0IC",
      "authors": "E Chen, A Kim, R Krishnan, J Long, AY Ng, P Rajpurkar",
      "venue": "Machine Learning for Healthcare Conference, 103-125, 2021",
      "year": 2021,
      "citations": 5
    },
    {
      "title": "EJ Topol AI in health and medicine., 2022, 28",
      "url": "https://scholar.google.com/citations?view_op=view_citation&hl=en&user=89ANml4AAAAJ&citation_for_view=89ANml4AAAAJ:IjCSPb-OGe4C",
      "authors": "P Rajpurkar, E Chen, O Banerjee",
      "venue": "DOI: https://doi. org/10.1038/s41591-021-01614-0, 31-38, 0",
      "citations": 16
    }
  ],
  "co_authors": []
}