{
  "author_info": {
    "name": "Yujie Qiao",
    "affiliation": "Yale University",
    "email_verified": "Verified email at aya.yale.edu",
    "interests": [
      "Natural Language Processing",
      "Machine Learning",
      "Bioinformatics",
      "Single-cell",
      "Immunology"
    ],
    "photo_url": "https://scholar.googleusercontent.com/citations?view_op=view_photo&user=QYv3fJsAAAAJ&citpid=1"
  },
  "citation_stats": {
    "citations_all": 315,
    "citations_since_2020": 315,
    "h_index_all": 5,
    "h_index_since_2020": 5,
    "i10_index_all": 4,
    "i10_index_since_2020": 4,
    "citation_graph": [
      {
        "year": 2022,
        "citations": 1
      },
      {
        "year": 2023,
        "citations": 35
      },
      {
        "year": 2024,
        "citations": 104
      },
      {
        "year": 2025,
        "citations": 172
      }
    ]
  },
  "papers": [
    {
      "title": "Structural and genetic basis of HIV-1 envelope V2 apex recognition by rhesus broadly neutralizing antibodies",
      "url": "https://scholar.google.com/citations?view_op=view_citation&hl=en&user=QYv3fJsAAAAJ&citation_for_view=QYv3fJsAAAAJ:Y0pCki6q_DkC",
      "authors": "RS Roark, R Habib, J Gorman, H Li, AJ Connell, M Bonsignori, Y Guo, ...",
      "venue": "Journal of Experimental Medicine 222 (10), e20250638, 2025",
      "year": 2025,
      "citations": 4
    },
    {
      "title": "Ascle—A Python Natural Language Processing Toolkit for Medical Text Generation: Development and Evaluation Study",
      "url": "https://scholar.google.com/citations?view_op=view_citation&hl=en&user=QYv3fJsAAAAJ&citation_for_view=QYv3fJsAAAAJ:UeHWp8X0CEIC",
      "authors": "R Yang, Q Zeng, K You, Y Qiao, L Huang, CC Hsieh, B Rosand, ...",
      "venue": "Journal of Medical Internet Research 26, e60601, 2024",
      "year": 2024,
      "citations": 22
    },
    {
      "title": "P-FOLIO: Evaluating and Improving Logical Reasoning with Abundant Human-Written Reasoning Chains",
      "url": "https://scholar.google.com/citations?view_op=view_citation&hl=en&user=QYv3fJsAAAAJ&citation_for_view=QYv3fJsAAAAJ:IjCSPb-OGe4C",
      "authors": "S Han, A Yu, R Shen, Z Qi, M Riddell, W Zhou, Y Qiao, Y Zhao, S Yavuz, ...",
      "venue": "arXiv preprint arXiv:2410.09207, 2024",
      "year": 2024,
      "citations": 9
    },
    {
      "title": "Automating literature screening and curation with applications to computational neuroscience",
      "url": "https://scholar.google.com/citations?view_op=view_citation&hl=en&user=QYv3fJsAAAAJ&citation_for_view=QYv3fJsAAAAJ:2osOgNQ5qMEC",
      "authors": "Z Ji, S Guo, Y Qiao, RA McDougal",
      "venue": "Journal of the American Medical Informatics Association 31 (7), 1463-1470, 2024",
      "year": 2024,
      "citations": 2
    },
    {
      "title": "Medgen: a python natural language processing toolkit for medical text processing",
      "url": "https://scholar.google.com/citations?view_op=view_citation&hl=en&user=QYv3fJsAAAAJ&citation_for_view=QYv3fJsAAAAJ:qjMakFHDy7sC",
      "authors": "R Yang, Q Zeng, K You, Y Qiao, L Huang, CC Hsieh, B Rosand, ...",
      "venue": "arXiv, 2023",
      "year": 2023,
      "citations": 2
    },
    {
      "title": "Folio: Natural language reasoning with first-order logic",
      "url": "https://scholar.google.com/citations?view_op=view_citation&hl=en&user=QYv3fJsAAAAJ&citation_for_view=QYv3fJsAAAAJ:u5HHmVD_uO8C",
      "authors": "S Han, H Schoelkopf, Y Zhao, Z Qi, M Riddell, W Zhou, J Coady, D Peng, ...",
      "venue": "arXiv preprint arXiv:2209.00840, 2022",
      "year": 2022,
      "citations": 238
    },
    {
      "title": "Xi Victoria Lin, Caiming Xiong, and Dragomir Radev. 2022",
      "url": "https://scholar.google.com/citations?view_op=view_citation&hl=en&user=QYv3fJsAAAAJ&citation_for_view=QYv3fJsAAAAJ:u-x6o8ySG0sC",
      "authors": "S Han, H Schoelkopf, Y Zhao, Z Qi, M Riddell, L Benson, L Sun, E Zubova, ...",
      "venue": "Folio: Natural language reasoning with first-order logic, 2022",
      "year": 2022,
      "citations": 22
    },
    {
      "title": "Ehrkit: A python natural language processing toolkit for electronic health record texts",
      "url": "https://scholar.google.com/citations?view_op=view_citation&hl=en&user=QYv3fJsAAAAJ&citation_for_view=QYv3fJsAAAAJ:9yKSN-GCB0IC",
      "authors": "I Li, K You, Y Qiao, L Huang, CC Hsieh, B Rosand, J Goldwasser, ...",
      "venue": "arXiv preprint arXiv:2204.06604, 2022",
      "year": 2022,
      "citations": 12
    },
    {
      "title": "Xi Victoria Lin, Caiming Xiong, and Dragomir R",
      "url": "https://scholar.google.com/citations?view_op=view_citation&hl=en&user=QYv3fJsAAAAJ&citation_for_view=QYv3fJsAAAAJ:Tyk-4Ss8FVUC",
      "authors": "S Han, H Schoelkopf, Y Zhao, Z Qi, M Riddell, L Benson, L Sun, E Zubova, ...",
      "venue": "Radev. Folio: Natural language reasoning with first-order logic. ArXiv, abs …, 2022",
      "year": 2022,
      "citations": 4
    },
    {
      "title": "Xi Victoria Lin, Caiming Xiong, and Dragomir Radev. 2022. Folio: Natural language reasoning with first-order logic",
      "url": "https://scholar.google.com/citations?view_op=view_citation&hl=en&user=QYv3fJsAAAAJ&citation_for_view=QYv3fJsAAAAJ:zYLM7Y9cAGgC",
      "authors": "S Han, H Schoelkopf, Y Zhao, Z Qi, M Riddell, L Benson, L Sun, E Zubova, ...",
      "venue": "arXiv preprint arXiv:2209.00840, 0",
      "citations": 0
    }
  ],
  "co_authors": [
    {
      "name": "Irene Li",
      "scholar_id": "JuYPjCMAAAAJ",
      "url": "https://scholar.google.com/citations?user=JuYPjCMAAAAJ"
    },
    {
      "name": "Sophia Simeng Han",
      "scholar_id": "D0dpploAAAAJ",
      "url": "https://scholar.google.com/citations?user=D0dpploAAAAJ"
    },
    {
      "name": "Dragomir Radev",
      "scholar_id": "vIqWvgwAAAAJ",
      "url": "https://scholar.google.com/citations?user=vIqWvgwAAAAJ"
    },
    {
      "name": "Robert A McDougal",
      "scholar_id": "voD3OosAAAAJ",
      "url": "https://scholar.google.com/citations?user=voD3OosAAAAJ"
    }
  ]
}