{
  "author_info": {
    "name": "Dohyung Kim",
    "affiliation": "Yonsei University",
    "email_verified": "Verified email at yonsei.ac.kr",
    "interests": [],
    "photo_url": "/citations/images/avatar_scholar_128.png"
  },
  "citation_stats": {
    "citations_all": 690,
    "citations_since_2020": 688,
    "h_index_all": 8,
    "h_index_since_2020": 8,
    "i10_index_all": 7,
    "i10_index_since_2020": 7,
    "citation_graph": [
      {
        "year": 2020,
        "citations": 21
      },
      {
        "year": 2021,
        "citations": 74
      },
      {
        "year": 2022,
        "citations": 109
      },
      {
        "year": 2023,
        "citations": 146
      },
      {
        "year": 2024,
        "citations": 167
      },
      {
        "year": 2025,
        "citations": 170
      }
    ]
  },
  "papers": [
    {
      "title": "Subnet-Aware Dynamic Supernet Training for Neural Architecture Search",
      "url": "https://scholar.google.com/citations?view_op=view_citation&hl=en&user=AoN2hnoAAAAJ&citation_for_view=AoN2hnoAAAAJ:WF5omc3nYNoC",
      "authors": "J Jeon, Y Oh, J Lee, D Baek, D Kim, C Eom, B Ham",
      "venue": "Proceedings of the Computer Vision and Pattern Recognition Conference, 30137 …, 2025",
      "year": 2025,
      "citations": 2
    },
    {
      "title": "Token-based dynamic bit-width assignment for ViT quantization",
      "url": "https://scholar.google.com/citations?view_op=view_citation&hl=en&user=AoN2hnoAAAAJ&citation_for_view=AoN2hnoAAAAJ:ufrVoPGSRksC",
      "authors": "D Kim, J Moon, J Lee, G Lee, J Jeon, B Ham",
      "venue": "Pattern Recognition, 112269, 2025",
      "year": 2025,
      "citations": 0
    },
    {
      "title": "Instance-aware group quantization for vision transformers",
      "url": "https://scholar.google.com/citations?view_op=view_citation&hl=en&user=AoN2hnoAAAAJ&citation_for_view=AoN2hnoAAAAJ:W7OEmFMy1HYC",
      "authors": "J Moon, D Kim, J Cheon, B Ham",
      "venue": "Proceedings of the IEEE/CVF Conference on Computer Vision and Pattern …, 2024",
      "year": 2024,
      "citations": 25
    },
    {
      "title": "Toward INT4 Fixed-Point Training via Exploring Quantization Error for Gradients",
      "url": "https://scholar.google.com/citations?view_op=view_citation&hl=en&user=AoN2hnoAAAAJ&citation_for_view=AoN2hnoAAAAJ:eQOLeE2rZwMC",
      "authors": "D Kim, J Lee, J Jeon, J Moon, B Ham",
      "venue": "European Conference on Computer Vision, 423-439, 2024",
      "year": 2024,
      "citations": 1
    },
    {
      "title": "Transition Rate Scheduling for Quantization-Aware Training",
      "url": "https://scholar.google.com/citations?view_op=view_citation&hl=en&user=AoN2hnoAAAAJ&citation_for_view=AoN2hnoAAAAJ:YsMSGLbcyi4C",
      "authors": "J Lee, D Kim, J Jeon, B Ham",
      "venue": "CoRR, 2024",
      "year": 2024,
      "citations": 0
    },
    {
      "title": "Camera-driven representation learning for unsupervised domain adaptive person re-identification",
      "url": "https://scholar.google.com/citations?view_op=view_citation&hl=en&user=AoN2hnoAAAAJ&citation_for_view=AoN2hnoAAAAJ:zYLM7Y9cAGgC",
      "authors": "G Lee, S Lee, D Kim, Y Shin, Y Yoon, B Ham",
      "venue": "Proceedings of the IEEE/CVF International Conference on Computer Vision …, 2023",
      "year": 2023,
      "citations": 60
    },
    {
      "title": "SIF-NPU: A 28nm 3.48 TOPS/W 0.25 TOPS/mm2 CNN Accelerator with Spatially Independent Fusion for Real-Time UHD Super-Resolution",
      "url": "https://scholar.google.com/citations?view_op=view_citation&hl=en&user=AoN2hnoAAAAJ&citation_for_view=AoN2hnoAAAAJ:UeHWp8X0CEIC",
      "authors": "S Lee, KB Lee, S Joo, HK Ahn, J Lee, D Kim, B Ham, SO Jung",
      "venue": "ESSCIRC 2022-IEEE 48th European Solid State Circuits Conference (ESSCIRC …, 2022",
      "year": 2022,
      "citations": 8
    },
    {
      "title": "Network quantization with element-wise gradient scaling",
      "url": "https://scholar.google.com/citations?view_op=view_citation&hl=en&user=AoN2hnoAAAAJ&citation_for_view=AoN2hnoAAAAJ:9yKSN-GCB0IC",
      "authors": "J Lee, D Kim, B Ham",
      "venue": "Proceedings of the IEEE/CVF conference on computer vision and pattern …, 2021",
      "year": 2021,
      "citations": 160
    },
    {
      "title": "Distance-aware quantization",
      "url": "https://scholar.google.com/citations?view_op=view_citation&hl=en&user=AoN2hnoAAAAJ&citation_for_view=AoN2hnoAAAAJ:qjMakFHDy7sC",
      "authors": "D Kim, J Lee, B Ham",
      "venue": "Proceedings of the IEEE/CVF international conference on computer vision …, 2021",
      "year": 2021,
      "citations": 52
    },
    {
      "title": "Learning with privileged information for efficient image super-resolution",
      "url": "https://scholar.google.com/citations?view_op=view_citation&hl=en&user=AoN2hnoAAAAJ&citation_for_view=AoN2hnoAAAAJ:u5HHmVD_uO8C",
      "authors": "W Lee, J Lee, D Kim, B Ham",
      "venue": "European Conference on Computer Vision, 465-482, 2020",
      "year": 2020,
      "citations": 177
    },
    {
      "title": "Learning semantic correspondence exploiting an object-level prior",
      "url": "https://scholar.google.com/citations?view_op=view_citation&hl=en&user=AoN2hnoAAAAJ&citation_for_view=AoN2hnoAAAAJ:d1gkVwhDpl0C",
      "authors": "J Lee, D Kim, W Lee, J Ponce, B Ham",
      "venue": "IEEE transactions on pattern analysis and machine intelligence 44 (3), 1399-1414, 2020",
      "year": 2020,
      "citations": 12
    },
    {
      "title": "Sfnet: Learning object-aware semantic correspondence",
      "url": "https://scholar.google.com/citations?view_op=view_citation&hl=en&user=AoN2hnoAAAAJ&citation_for_view=AoN2hnoAAAAJ:u-x6o8ySG0sC",
      "authors": "J Lee, D Kim, J Ponce, B Ham",
      "venue": "Proceedings of the IEEE/CVF conference on computer vision and pattern …, 2019",
      "year": 2019,
      "citations": 187
    },
    {
      "title": "Sfnet: Learning object-aware semantic flow",
      "url": "https://scholar.google.com/citations?view_op=view_citation&hl=en&user=AoN2hnoAAAAJ&citation_for_view=AoN2hnoAAAAJ:IjCSPb-OGe4C",
      "authors": "J Lee, D Kim, J Ponce, B Ham",
      "venue": "Proceedings of IEEE Intl. Conf. on Computer Vision and Pattern Recognition …, 2019",
      "year": 2019,
      "citations": 6
    },
    {
      "title": "Camera-Driven Representation Learning for Unsupervised Domain Adaptive Person Re-identification-Supplementary materials",
      "url": "https://scholar.google.com/citations?view_op=view_citation&hl=en&user=AoN2hnoAAAAJ&citation_for_view=AoN2hnoAAAAJ:Y0pCki6q_DkC",
      "authors": "GLS Lee, D Kim, Y Shin, Y Yoon, B Ham",
      "venue": "",
      "citations": 0
    },
    {
      "title": "SFNet: Learning Object-aware Semantic",
      "url": "https://scholar.google.com/citations?view_op=view_citation&hl=en&user=AoN2hnoAAAAJ&citation_for_view=AoN2hnoAAAAJ:2osOgNQ5qMEC",
      "authors": "J Lee, D Kim, J Ponce, B Ham",
      "venue": "",
      "citations": 0
    }
  ],
  "co_authors": []
}