{
  "author_info": {
    "name": "Jens Schlöter",
    "affiliation": "Postdoctoral Researcher, CWI, Amsterdam",
    "email_verified": "Verified email at cwi.nl",
    "interests": [
      "Combinatorial optimization",
      "optimization under uncertainty",
      "approximation algorithms"
    ],
    "photo_url": "https://scholar.googleusercontent.com/citations?view_op=view_photo&user=QlyMw7AAAAAJ&citpid=1"
  },
  "citation_stats": {
    "citations_all": 183,
    "citations_since_2020": 182,
    "h_index_all": 8,
    "h_index_since_2020": 8,
    "i10_index_all": 6,
    "i10_index_since_2020": 6,
    "citation_graph": [
      {
        "year": 2019,
        "citations": 1
      },
      {
        "year": 2020,
        "citations": 2
      },
      {
        "year": 2021,
        "citations": 10
      },
      {
        "year": 2022,
        "citations": 19
      },
      {
        "year": 2023,
        "citations": 31
      },
      {
        "year": 2024,
        "citations": 65
      },
      {
        "year": 2025,
        "citations": 55
      }
    ]
  },
  "papers": [
    {
      "title": "A Little Clairvoyance Is All You Need",
      "url": "https://scholar.google.com/citations?view_op=view_citation&hl=en&user=QlyMw7AAAAAJ&citation_for_view=QlyMw7AAAAAJ:_kc_bZDykSQC",
      "authors": "A Gupta, H Kaplan, A Lindermayr, J Schlöter, S Yingchareonthawornchai",
      "venue": "arXiv preprint arXiv:2508.17759, 2025",
      "year": 2025,
      "citations": 1
    },
    {
      "title": "Non-Clairvoyant Scheduling with Progress Bars",
      "url": "https://scholar.google.com/citations?view_op=view_citation&hl=en&user=QlyMw7AAAAAJ&citation_for_view=QlyMw7AAAAAJ:4TOpqqG69KYC",
      "authors": "Z Benomar, R Cosson, A Lindermayr, J Schlöter",
      "venue": "arXiv preprint arXiv:2509.19662, 2025",
      "year": 2025,
      "citations": 0
    },
    {
      "title": "On the Complexity of Knapsack under Explorable Uncertainty: Hardness and Algorithms",
      "url": "https://scholar.google.com/citations?view_op=view_citation&hl=en&user=QlyMw7AAAAAJ&citation_for_view=QlyMw7AAAAAJ:YOwf2qJgpHMC",
      "authors": "J Schlöter",
      "venue": "arXiv preprint arXiv:2507.02657, 2025",
      "year": 2025,
      "citations": 0
    },
    {
      "title": "Santa claus meets makespan and matroids: Algorithms and reductions",
      "url": "https://scholar.google.com/citations?view_op=view_citation&hl=en&user=QlyMw7AAAAAJ&citation_for_view=QlyMw7AAAAAJ:hqOjcs7Dif8C",
      "authors": "É Bamas, A Lindermayr, N Megow, L Rohwedder, J Schlöter",
      "venue": "Proceedings of the 2024 Annual ACM-SIAM Symposium on Discrete Algorithms …, 2024",
      "year": 2024,
      "citations": 8
    },
    {
      "title": "Competitive query minimization for stable matching with one-sided uncertainty",
      "url": "https://scholar.google.com/citations?view_op=view_citation&hl=en&user=QlyMw7AAAAAJ&citation_for_view=QlyMw7AAAAAJ:3fE2CSJIrl8C",
      "authors": "E Bampis, K Dogeas, T Erlebach, N Megow, J Schlöter, A Trehan",
      "venue": "arXiv preprint arXiv:2407.10170, 2024",
      "year": 2024,
      "citations": 3
    },
    {
      "title": "Accelerating matroid optimization through fast imprecise oracles",
      "url": "https://scholar.google.com/citations?view_op=view_citation&hl=en&user=QlyMw7AAAAAJ&citation_for_view=QlyMw7AAAAAJ:MXK_kJrjxJIC",
      "authors": "F Eberle, F Hommelsheim, A Lindermayr, Z Liu, N Megow, J Schlöter",
      "venue": "Advances in Neural Information Processing Systems 37, 93790-93825, 2024",
      "year": 2024,
      "citations": 2
    },
    {
      "title": "Optimierung unter Erforschbarer Unsicherheit: Jenseits des Worst-Case",
      "url": "https://scholar.google.com/citations?view_op=view_citation&hl=en&user=QlyMw7AAAAAJ&citation_for_view=QlyMw7AAAAAJ:kNdYIx-mwKoC",
      "authors": "J Schlöter",
      "venue": "Ausgezeichnete Informatikdissertationen 2023 (Band 24), 261-270, 2024",
      "year": 2024,
      "citations": 0
    },
    {
      "title": "Minimalistic predictions to schedule jobs with online precedence constraints",
      "url": "https://scholar.google.com/citations?view_op=view_citation&hl=en&user=QlyMw7AAAAAJ&citation_for_view=QlyMw7AAAAAJ:LkGwnXOMwfcC",
      "authors": "AA Lassota, A Lindermayr, N Megow, J Schlöter",
      "venue": "International Conference on Machine Learning, 18563-18583, 2023",
      "year": 2023,
      "citations": 21
    },
    {
      "title": "Sorting and hypergraph orientation under uncertainty with predictions",
      "url": "https://scholar.google.com/citations?view_op=view_citation&hl=en&user=QlyMw7AAAAAJ&citation_for_view=QlyMw7AAAAAJ:UebtZRa9Y70C",
      "authors": "T Erlebach, MS de Lima, N Megow, J Schlöter",
      "venue": "arXiv preprint arXiv:2305.09245, 2023",
      "year": 2023,
      "citations": 7
    },
    {
      "title": "Set selection under explorable stochastic uncertainty via covering techniques",
      "url": "https://scholar.google.com/citations?view_op=view_citation&hl=en&user=QlyMw7AAAAAJ&citation_for_view=QlyMw7AAAAAJ:_FxGoFyzp5QC",
      "authors": "N Megow, J Schlöter",
      "venue": "International Conference on Integer Programming and Combinatorial …, 2023",
      "year": 2023,
      "citations": 6
    },
    {
      "title": "Robustification of online graph exploration methods",
      "url": "https://scholar.google.com/citations?view_op=view_citation&hl=en&user=QlyMw7AAAAAJ&citation_for_view=QlyMw7AAAAAJ:W7OEmFMy1HYC",
      "authors": "F Eberle, A Lindermayr, N Megow, L Nölke, J Schlöter",
      "venue": "Proceedings of the AAAI Conference on Artificial Intelligence 36 (9), 9732-9740, 2022",
      "year": 2022,
      "citations": 31
    },
    {
      "title": "Learning-augmented query policies for minimum spanning tree with uncertainty",
      "url": "https://scholar.google.com/citations?view_op=view_citation&hl=en&user=QlyMw7AAAAAJ&citation_for_view=QlyMw7AAAAAJ:ufrVoPGSRksC",
      "authors": "T Erlebach, MS de Lima, N Megow, J Schlöter",
      "venue": "arXiv preprint arXiv:2206.15201, 2022",
      "year": 2022,
      "citations": 26
    },
    {
      "title": "Orienting (hyper) graphs under explorable stochastic uncertainty",
      "url": "https://scholar.google.com/citations?view_op=view_citation&hl=en&user=QlyMw7AAAAAJ&citation_for_view=QlyMw7AAAAAJ:IjCSPb-OGe4C",
      "authors": "E Bampis, C Dürr, T Erlebach, MS de Lima, N Megow, J Schlöter",
      "venue": "arXiv preprint arXiv:2107.00572, 2021",
      "year": 2021,
      "citations": 13
    },
    {
      "title": "Throughput scheduling with equal additive laxity",
      "url": "https://scholar.google.com/citations?view_op=view_citation&hl=en&user=QlyMw7AAAAAJ&citation_for_view=QlyMw7AAAAAJ:UeHWp8X0CEIC",
      "authors": "M Böhm, N Megow, J Schlöter",
      "venue": "International Conference on Algorithms and Complexity, 130-143, 2021",
      "year": 2021,
      "citations": 10
    },
    {
      "title": "Explorable Uncertainty Meets Decision-Making in Logistics",
      "url": "https://scholar.google.com/citations?view_op=view_citation&hl=en&user=QlyMw7AAAAAJ&citation_for_view=QlyMw7AAAAAJ:Y0pCki6q_DkC",
      "authors": "N Megow, J Schlöter",
      "venue": "Dynamics in Logistics: Twenty-Five Years of Interdisciplinary Logistics …, 2021",
      "year": 2021,
      "citations": 1
    },
    {
      "title": "On the complexity of conditional DAG scheduling in multiprocessor systems",
      "url": "https://scholar.google.com/citations?view_op=view_citation&hl=en&user=QlyMw7AAAAAJ&citation_for_view=QlyMw7AAAAAJ:u-x6o8ySG0sC",
      "authors": "A Marchetti-Spaccamela, N Megow, J Schlöter, M Skutella, L Stougie",
      "venue": "2020 IEEE International Parallel and Distributed Processing Symposium (IPDPS …, 2020",
      "year": 2020,
      "citations": 26
    },
    {
      "title": "Fully dynamic algorithms for knapsack problems with polylogarithmic update time",
      "url": "https://scholar.google.com/citations?view_op=view_citation&hl=en&user=QlyMw7AAAAAJ&citation_for_view=QlyMw7AAAAAJ:2osOgNQ5qMEC",
      "authors": "F Eberle, N Megow, L Nölke, B Simon, A Wiese",
      "venue": "arXiv preprint arXiv:2007.08415, 2020",
      "year": 2020,
      "citations": 8
    },
    {
      "title": "Untrusted predictions improve trustable query policies",
      "url": "https://scholar.google.com/citations?view_op=view_citation&hl=en&user=QlyMw7AAAAAJ&citation_for_view=QlyMw7AAAAAJ:qjMakFHDy7sC",
      "authors": "T Erlebach, M Hoffmann, MS de Lima, N Megow, J Schlöter",
      "venue": "CoRR, abs/2011.07385, 2020",
      "year": 2020,
      "citations": 4
    },
    {
      "title": "Improving SAT solving using Monte Carlo tree search-based clause learning",
      "url": "https://scholar.google.com/citations?view_op=view_citation&hl=en&user=QlyMw7AAAAAJ&citation_for_view=QlyMw7AAAAAJ:d1gkVwhDpl0C",
      "authors": "O Keszocze, K Schmitz, J Schloeter, R Drechsler",
      "venue": "Advanced Boolean Techniques: Selected Papers from the 13th International …, 2019",
      "year": 2019,
      "citations": 8
    },
    {
      "title": "A Monte Carlo tree search based conflict-driven clause learning SAT solver",
      "url": "https://scholar.google.com/citations?view_op=view_citation&hl=en&user=QlyMw7AAAAAJ&citation_for_view=QlyMw7AAAAAJ:9yKSN-GCB0IC",
      "authors": "J Schloeter",
      "venue": "INFORMATIK 2017, 2549-2560, 2017",
      "year": 2017,
      "citations": 8
    }
  ],
  "co_authors": []
}