{
  "author_info": {
    "name": "Rui Zhao",
    "affiliation": "SenseTime Group Limited",
    "email_verified": "Verified email at sensetime.com - Homepage",
    "website": "http://zhaorui.xyz/",
    "interests": [
      "Computer Vision",
      "Pattern Recognition",
      "Machine Learning"
    ],
    "photo_url": "https://scholar.googleusercontent.com/citations?view_op=view_photo&user=1c9oQNMAAAAJ&citpid=7"
  },
  "citation_stats": {
    "citations_all": 16697,
    "citations_since_2020": 11725,
    "h_index_all": 49,
    "h_index_since_2020": 47,
    "i10_index_all": 114,
    "i10_index_since_2020": 114,
    "citation_graph": [
      {
        "year": 2014,
        "citations": 160
      },
      {
        "year": 2015,
        "citations": 389
      },
      {
        "year": 2016,
        "citations": 693
      },
      {
        "year": 2017,
        "citations": 994
      },
      {
        "year": 2018,
        "citations": 1189
      },
      {
        "year": 2019,
        "citations": 1374
      },
      {
        "year": 2020,
        "citations": 1171
      },
      {
        "year": 2021,
        "citations": 1275
      },
      {
        "year": 2022,
        "citations": 1346
      },
      {
        "year": 2023,
        "citations": 1688
      },
      {
        "year": 2024,
        "citations": 2827
      },
      {
        "year": 2025,
        "citations": 3391
      }
    ]
  },
  "papers": [
    {
      "title": "Spatial-temporal large language model for traffic prediction",
      "url": "https://scholar.google.com/citations?view_op=view_citation&hl=en&user=1c9oQNMAAAAJ&citation_for_view=1c9oQNMAAAAJ:_OXeSy2IsFwC",
      "authors": "C Liu, S Yang, Q Xu, Z Li, C Long, Z Li, R Zhao",
      "venue": "2024 25th IEEE International Conference on Mobile Data Management (MDM), 31-40, 2024",
      "year": 2024,
      "citations": 188
    },
    {
      "title": "Human preference score v2: A solid benchmark for evaluating human preferences of text-to-image synthesis",
      "url": "https://scholar.google.com/citations?view_op=view_citation&hl=en&user=1c9oQNMAAAAJ&citation_for_view=1c9oQNMAAAAJ:WJVC3Jt7v1AC",
      "authors": "X Wu, Y Hao, K Sun, Y Chen, F Zhu, R Zhao, H Li",
      "venue": "arXiv preprint arXiv:2306.09341, 2023",
      "year": 2023,
      "citations": 505
    },
    {
      "title": "Human preference score: Better aligning text-to-image models with human preference",
      "url": "https://scholar.google.com/citations?view_op=view_citation&hl=en&user=1c9oQNMAAAAJ&citation_for_view=1c9oQNMAAAAJ:nZcligLrVowC",
      "authors": "X Wu, K Sun, F Zhu, R Zhao, H Li",
      "venue": "Proceedings of the IEEE/CVF International Conference on Computer Vision …, 2023",
      "year": 2023,
      "citations": 222
    },
    {
      "title": "Cora: Adapting clip for open-vocabulary detection with region prompting and anchor pre-matching",
      "url": "https://scholar.google.com/citations?view_op=view_citation&hl=en&user=1c9oQNMAAAAJ&citation_for_view=1c9oQNMAAAAJ:YohjEiUPhakC",
      "authors": "X Wu, F Zhu, R Zhao, H Li",
      "venue": "Proceedings of the IEEE/CVF conference on computer vision and pattern …, 2023",
      "year": 2023,
      "citations": 202
    },
    {
      "title": "Tptu: Task planning and tool usage of large language model-based ai agents",
      "url": "https://scholar.google.com/citations?view_op=view_citation&hl=en&user=1c9oQNMAAAAJ&citation_for_view=1c9oQNMAAAAJ:4vMrXwiscB8C",
      "authors": "J Ruan, Y Chen, B Zhang, Z Xu, T Bao, H Mao, Z Li, X Zeng, R Zhao",
      "venue": "NeurIPS 2023 Foundation Models for Decision Making Workshop, 2023",
      "year": 2023,
      "citations": 173
    },
    {
      "title": "Better aligning text-to-image models with human preference",
      "url": "https://scholar.google.com/citations?view_op=view_citation&hl=en&user=1c9oQNMAAAAJ&citation_for_view=1c9oQNMAAAAJ:bz8QjSJIRt4C",
      "authors": "X Wu, K Sun, F Zhu, R Zhao, H Li",
      "venue": "arXiv preprint arXiv:2303.14420 1 (3), 2023",
      "year": 2023,
      "citations": 134
    },
    {
      "title": "Semi-supervised semantic segmentation using unreliable pseudo-labels",
      "url": "https://scholar.google.com/citations?view_op=view_citation&hl=en&user=1c9oQNMAAAAJ&citation_for_view=1c9oQNMAAAAJ:4MWp96NkSFoC",
      "authors": "Y Wang, H Wang, Y Shen, J Fei, W Li, G Jin, L Wu, R Zhao, X Le",
      "venue": "Proceedings of the IEEE/CVF conference on computer vision and pattern …, 2022",
      "year": 2022,
      "citations": 605
    },
    {
      "title": "Feature erasing and diffusion network for occluded person re-identification",
      "url": "https://scholar.google.com/citations?view_op=view_citation&hl=en&user=1c9oQNMAAAAJ&citation_for_view=1c9oQNMAAAAJ:L7CI7m0gUJcC",
      "authors": "Z Wang, F Zhu, S Tang, R Zhao, L He, J Song",
      "venue": "Proceedings of the IEEE/CVF conference on computer vision and pattern …, 2022",
      "year": 2022,
      "citations": 227
    },
    {
      "title": "Mst: Masked self-supervised transformer for visual representation",
      "url": "https://scholar.google.com/citations?view_op=view_citation&hl=en&user=1c9oQNMAAAAJ&citation_for_view=1c9oQNMAAAAJ:zLWjf1WUPmwC",
      "authors": "Z Li, Z Chen, F Yang, W Li, Y Zhu, C Zhao, R Deng, L Wu, R Zhao, M Tang, ...",
      "venue": "Advances in Neural Information Processing Systems 34, 13165-13176, 2021",
      "year": 2021,
      "citations": 198
    },
    {
      "title": "Self-paced contrastive learning with hybrid memory for domain adaptive object re-id",
      "url": "https://scholar.google.com/citations?view_op=view_citation&hl=en&user=1c9oQNMAAAAJ&citation_for_view=1c9oQNMAAAAJ:LjlpjdlvIbIC",
      "authors": "Y Ge, F Zhu, D Chen, R Zhao",
      "venue": "Advances in neural information processing systems 33, 11309-11321, 2020",
      "year": 2020,
      "citations": 751
    },
    {
      "title": "Self-supervising fine-grained region similarities for large-scale image localization",
      "url": "https://scholar.google.com/citations?view_op=view_citation&hl=en&user=1c9oQNMAAAAJ&citation_for_view=1c9oQNMAAAAJ:z_wVstp3MssC",
      "authors": "Y Ge, H Wang, F Zhu, R Zhao, H Li",
      "venue": "European conference on computer vision, 369-386, 2020",
      "year": 2020,
      "citations": 222
    },
    {
      "title": "Adacos: Adaptively scaling cosine logits for effectively learning deep face representations",
      "url": "https://scholar.google.com/citations?view_op=view_citation&hl=en&user=1c9oQNMAAAAJ&citation_for_view=1c9oQNMAAAAJ:dTyEYWd-f8wC",
      "authors": "X Zhang, R Zhao, Y Qiao, X Wang, H Li",
      "venue": "Proceedings of the IEEE/CVF Conference on Computer Vision and Pattern …, 2019",
      "year": 2019,
      "citations": 340
    },
    {
      "title": "Attention-aware compositional network for person re-identification",
      "url": "https://scholar.google.com/citations?view_op=view_citation&hl=en&user=1c9oQNMAAAAJ&citation_for_view=1c9oQNMAAAAJ:tkaPQYYpVKoC",
      "authors": "J Xu, R Zhao, F Zhu, H Wang, W Ouyang",
      "venue": "Proceedings of the IEEE conference on computer vision and pattern …, 2018",
      "year": 2018,
      "citations": 584
    },
    {
      "title": "Saliency Detection by Multi-Context Deep Learning",
      "url": "https://scholar.google.com/citations?view_op=view_citation&hl=en&user=1c9oQNMAAAAJ&citation_for_view=1c9oQNMAAAAJ:eMMeJKvmdy0C",
      "authors": "R Zhao, W Ouyang, H Li, X Wang",
      "venue": "IEEE Conference of Computer Vision and Pattern Recognition (CVPR), 1265-1274, 2015",
      "year": 2015,
      "citations": 1287
    },
    {
      "title": "DeepReID: Deep Filter Pairing Neural Network for Person Re-Identification",
      "url": "https://scholar.google.com/citations?view_op=view_citation&hl=en&user=1c9oQNMAAAAJ&citation_for_view=1c9oQNMAAAAJ:V3AGJWp-ZtQC",
      "authors": "W Li, R Zhao, T Xiao, X Wang",
      "venue": "IEEE Conference of Computer Vision and Pattern Recognition (CVPR), 2014",
      "year": 2014,
      "citations": 3392
    },
    {
      "title": "Learning Midlevel Filters for Person Reidentification",
      "url": "https://scholar.google.com/citations?view_op=view_citation&hl=en&user=1c9oQNMAAAAJ&citation_for_view=1c9oQNMAAAAJ:kRWSkSYxWN8C",
      "authors": "R Zhao, W Ouyang, X Wang",
      "venue": "IEEE Conference of Computer Vision and Pattern Recognition (CVPR), 2014",
      "year": 2014,
      "citations": 684
    },
    {
      "title": "Person Re-identification by Saliency Learning",
      "url": "https://scholar.google.com/citations?view_op=view_citation&hl=en&user=1c9oQNMAAAAJ&citation_for_view=1c9oQNMAAAAJ:Mojj43d5GZwC",
      "authors": "R Zhao, W Ouyang, X Wang",
      "venue": "IEEE Transactions on Pattern Analysis and Machine Intelligence (T-PAMI), 2014",
      "year": 2014,
      "citations": 268
    },
    {
      "title": "Unsupervised Salience Learning for Person Re-identification",
      "url": "https://scholar.google.com/citations?view_op=view_citation&hl=en&user=1c9oQNMAAAAJ&citation_for_view=1c9oQNMAAAAJ:9yKSN-GCB0IC",
      "authors": "R Zhao, W Ouyang, X Wang",
      "venue": "IEEE Conference on Computer Vision and Pattern Recognition (CVPR), 2013",
      "year": 2013,
      "citations": 1384
    },
    {
      "title": "Person Re-Identification by Salience Matching",
      "url": "https://scholar.google.com/citations?view_op=view_citation&hl=en&user=1c9oQNMAAAAJ&citation_for_view=1c9oQNMAAAAJ:2osOgNQ5qMEC",
      "authors": "R Zhao, W Ouyang, X Wang",
      "venue": "IEEE International Conference on Computer Vision (ICCV), 2528-2535, 2013",
      "year": 2013,
      "citations": 632
    },
    {
      "title": "Human Reidentification with Transferred Metric Learning",
      "url": "https://scholar.google.com/citations?view_op=view_citation&hl=en&user=1c9oQNMAAAAJ&citation_for_view=1c9oQNMAAAAJ:u-x6o8ySG0sC",
      "authors": "W Li, R Zhao, X Wang",
      "venue": "Asian Conference on Computer Vision (ACCV), 2012",
      "year": 2012,
      "citations": 853
    }
  ],
  "co_authors": [
    {
      "name": "Feng Zhu (朱烽)",
      "scholar_id": "oO53gjEAAAAJ",
      "url": "https://scholar.google.com/citations?user=oO53gjEAAAAJ"
    },
    {
      "name": "Wanli Ouyang (欧阳万里)",
      "scholar_id": "pw_0Z_UAAAAJ",
      "url": "https://scholar.google.com/citations?user=pw_0Z_UAAAAJ"
    },
    {
      "name": "Xiaogang Wang",
      "scholar_id": "-B5JgjsAAAAJ",
      "url": "https://scholar.google.com/citations?user=-B5JgjsAAAAJ"
    },
    {
      "name": "Hongsheng Li (李鸿升)",
      "scholar_id": "BN2Ze-QAAAAJ",
      "url": "https://scholar.google.com/citations?user=BN2Ze-QAAAAJ"
    },
    {
      "name": "Wei Li",
      "scholar_id": "bG7pZHAAAAAJ",
      "url": "https://scholar.google.com/citations?user=bG7pZHAAAAAJ"
    },
    {
      "name": "Tong Xiao",
      "scholar_id": "DGHphywAAAAJ",
      "url": "https://scholar.google.com/citations?user=DGHphywAAAAJ"
    },
    {
      "name": "Nenghai Yu",
      "scholar_id": "7620QAMAAAAJ",
      "url": "https://scholar.google.com/citations?user=7620QAMAAAAJ"
    },
    {
      "name": "Xiaoou Tang",
      "scholar_id": "qpBtpGsAAAAJ",
      "url": "https://scholar.google.com/citations?user=qpBtpGsAAAAJ"
    }
  ]
}