{
  "author_info": {
    "name": "Zifu Wan",
    "affiliation": "General Robotics",
    "email_verified": "Verified email at generalrobotics.company - Homepage",
    "website": "https://zifuwan.github.io/",
    "interests": [
      "Computer Vision",
      "Robotics"
    ],
    "photo_url": "https://scholar.googleusercontent.com/citations?view_op=view_photo&user=cnMGJcMAAAAJ&citpid=1"
  },
  "citation_stats": {
    "citations_all": 339,
    "citations_since_2020": 339,
    "h_index_all": 7,
    "h_index_since_2020": 7,
    "i10_index_all": 7,
    "i10_index_since_2020": 7,
    "citation_graph": [
      {
        "year": 2022,
        "citations": 1
      },
      {
        "year": 2023,
        "citations": 20
      },
      {
        "year": 2024,
        "citations": 95
      },
      {
        "year": 2025,
        "citations": 219
      }
    ]
  },
  "papers": [
    {
      "title": "Sigma: Siamese Mamba Network for Multi-Modal Semantic Segmentation",
      "url": "https://scholar.google.com/citations?view_op=view_citation&hl=en&user=cnMGJcMAAAAJ&citation_for_view=cnMGJcMAAAAJ:eQOLeE2rZwMC",
      "authors": "Z Wan, P Zhang, Y Wang, S Yong, S Stepputtis, K Sycara, Y Xie",
      "venue": "2025 IEEE/CVF Winter Conference on Applications of Computer Vision (WACV), 2025",
      "year": 2025,
      "citations": 112
    },
    {
      "title": "Self-Correcting Decoding with Generative Feedback for Mitigating Hallucinations in Large Vision-Language Models",
      "url": "https://scholar.google.com/citations?view_op=view_citation&hl=en&user=cnMGJcMAAAAJ&citation_for_view=cnMGJcMAAAAJ:_FxGoFyzp5QC",
      "authors": "C Zhang*, Z Wan*, Z Kan, MQ Ma, S Stepputtis, D Ramanan, ...",
      "venue": "arXiv preprint arXiv:2502.06130, 2025",
      "year": 2025,
      "citations": 18
    },
    {
      "title": "OMG: Opacity Matters in Material Modeling with Gaussian Splatting",
      "url": "https://scholar.google.com/citations?view_op=view_citation&hl=en&user=cnMGJcMAAAAJ&citation_for_view=cnMGJcMAAAAJ:LkGwnXOMwfcC",
      "authors": "S Yong, VNP Manivannan, B Kerbl, Z Wan, S Stepputtis, K Sycara, Y Xie",
      "venue": "arXiv preprint arXiv:2502.10988, 2025",
      "year": 2025,
      "citations": 5
    },
    {
      "title": "ONLY: One-Layer Intervention Sufficiently Mitigates Hallucinations in Large Vision-Language Models",
      "url": "https://scholar.google.com/citations?view_op=view_citation&hl=en&user=cnMGJcMAAAAJ&citation_for_view=cnMGJcMAAAAJ:hqOjcs7Dif8C",
      "authors": "Z Wan, C Zhang, S Yong, MQ Ma, S Stepputtis, LP Morency, D Ramanan, ...",
      "venue": "arXiv preprint arXiv:2507.00898, 2025",
      "year": 2025,
      "citations": 2
    },
    {
      "title": "Instructpart: Task-oriented part segmentation with instruction reasoning",
      "url": "https://scholar.google.com/citations?view_op=view_citation&hl=en&user=cnMGJcMAAAAJ&citation_for_view=cnMGJcMAAAAJ:UebtZRa9Y70C",
      "authors": "Z Wan, Y Xie, C Zhang, Z Lin, Z Wang, S Stepputtis, D Ramanan, ...",
      "venue": "Proceedings of the 63rd Annual Meeting of the Association for Computational …, 2025",
      "year": 2025,
      "citations": 1
    },
    {
      "title": "Spectral-Aware Global Fusion for RGB-Thermal Semantic Segmentation",
      "url": "https://scholar.google.com/citations?view_op=view_citation&hl=en&user=cnMGJcMAAAAJ&citation_for_view=cnMGJcMAAAAJ:Se3iqnhoufwC",
      "authors": "C Zhang, Z Wan, S Stepputtis, K Sycara, Y Xie",
      "venue": "arXiv preprint arXiv:2505.15491, 2025",
      "year": 2025,
      "citations": 1
    },
    {
      "title": "MAS-SAM: Segment Any Marine Animal with Aggregated Features",
      "url": "https://scholar.google.com/citations?view_op=view_citation&hl=en&user=cnMGJcMAAAAJ&citation_for_view=cnMGJcMAAAAJ:roLk4NBRz8UC",
      "authors": "T Yan, Z Wan, X Deng, P Zhang, Y Liu, H Lu",
      "venue": "arXiv preprint arXiv:2404.15700, 2024",
      "year": 2024,
      "citations": 16
    },
    {
      "title": "CrossPrune: Cooperative Pruning for Camera–LiDAR Fused Perception Models of Autonomous Driving",
      "url": "https://scholar.google.com/citations?view_op=view_citation&hl=en&user=cnMGJcMAAAAJ&citation_for_view=cnMGJcMAAAAJ:WF5omc3nYNoC",
      "authors": "Y Lu, B Jiang, N Liu, Y Li, J Chen, Y Zhang, Z Wan",
      "venue": "Knowledge-Based Systems 289, 111522, 2024",
      "year": 2024,
      "citations": 15
    },
    {
      "title": "Instructpart: Affordance-based part segmentation from language instruction",
      "url": "https://scholar.google.com/citations?view_op=view_citation&hl=en&user=cnMGJcMAAAAJ&citation_for_view=cnMGJcMAAAAJ:YsMSGLbcyi4C",
      "authors": "Z Wan, Y Xie, C Zhang, Z Lin, Z Wang, S Stepputtis, D Ramanan, ...",
      "venue": "AAAI-2024 Workshop on Public Sector LLMs: Algorithmic and Sociotechnical Design, 2024",
      "year": 2024,
      "citations": 4
    },
    {
      "title": "2023 low-power computer vision challenge (lpcvc) summary",
      "url": "https://scholar.google.com/citations?view_op=view_citation&hl=en&user=cnMGJcMAAAAJ&citation_for_view=cnMGJcMAAAAJ:W7OEmFMy1HYC",
      "authors": "L Chen, B Boardley, P Hu, Y Wang, Y Pu, X Jin, Y Yao, R Gong, B Li, ...",
      "venue": "arXiv preprint arXiv:2403.07153, 2024",
      "year": 2024,
      "citations": 3
    },
    {
      "title": "Incorporating Generative Feedback for Mitigating Hallucinations in Large Vision-Language Models",
      "url": "https://scholar.google.com/citations?view_op=view_citation&hl=en&user=cnMGJcMAAAAJ&citation_for_view=cnMGJcMAAAAJ:ufrVoPGSRksC",
      "authors": "C Zhang*, Z Wan*, Z Kan, MQ Ma, S Stepputtis, D Ramanan, ...",
      "venue": "Workshop on Responsibly Building the Next Generation of Multimodal …, 2024",
      "year": 2024,
      "citations": 1
    },
    {
      "title": "TransY-Net: Learning Fully Transformer Networks for Change Detection of Remote Sensing Images",
      "url": "https://scholar.google.com/citations?view_op=view_citation&hl=en&user=cnMGJcMAAAAJ&citation_for_view=cnMGJcMAAAAJ:qjMakFHDy7sC",
      "authors": "T Yan*, Z Wan*, P Zhang, G Cheng, H Lu",
      "venue": "IEEE Transactions on Geoscience and Remote Sensing, 2023",
      "year": 2023,
      "citations": 48
    },
    {
      "title": "Fully Transformer Network for Change Detection of Remote Sensing Images",
      "url": "https://scholar.google.com/citations?view_op=view_citation&hl=en&user=cnMGJcMAAAAJ&citation_for_view=cnMGJcMAAAAJ:zYLM7Y9cAGgC",
      "authors": "T Yan, Z Wan, P Zhang",
      "venue": "Proceedings of the Asian Conference on Computer Vision, 1691-1708, 2022",
      "year": 2022,
      "citations": 90
    },
    {
      "title": "Reduction of Lift-off Effect in Pulsed Eddy Current Testing for Surface Hardness Classification of Ferromagnetic Steel",
      "url": "https://scholar.google.com/citations?view_op=view_citation&hl=en&user=cnMGJcMAAAAJ&citation_for_view=cnMGJcMAAAAJ:Tyk-4Ss8FVUC",
      "authors": "Z Duan, Y Kang, Y Chen, Z Wan, S Wang",
      "venue": "Measurement 205, 112191, 2022",
      "year": 2022,
      "citations": 18
    },
    {
      "title": "Sigma: Siamese mamba network for multi-modal semantic segmentation. arXiv 2024",
      "url": "https://scholar.google.com/citations?view_op=view_citation&hl=en&user=cnMGJcMAAAAJ&citation_for_view=cnMGJcMAAAAJ:0EnyYjriUFMC",
      "authors": "Z Wan, Y Wang, S Yong, P Zhang, S Stepputtis, K Sycara, Y Xie",
      "venue": "arXiv preprint arXiv:2404.04256, 0",
      "citations": 5
    }
  ],
  "co_authors": [
    {
      "name": "Xie Yaqi",
      "scholar_id": "lBCCo0EAAAAJ",
      "url": "https://scholar.google.com/citations?user=lBCCo0EAAAAJ"
    },
    {
      "name": "Simon Stepputtis",
      "scholar_id": "WUQgzsAAAAAJ",
      "url": "https://scholar.google.com/citations?user=WUQgzsAAAAAJ"
    },
    {
      "name": "Katia Sycara",
      "scholar_id": "VWv6a9kAAAAJ",
      "url": "https://scholar.google.com/citations?user=VWv6a9kAAAAJ"
    },
    {
      "name": "Deva Ramanan",
      "scholar_id": "9B8PoXUAAAAJ",
      "url": "https://scholar.google.com/citations?user=9B8PoXUAAAAJ"
    },
    {
      "name": "Louis-Philippe Morency",
      "scholar_id": "APgaFK0AAAAJ",
      "url": "https://scholar.google.com/citations?user=APgaFK0AAAAJ"
    }
  ]
}