{
  "author_info": {
    "name": "Md Rifat Arefin",
    "affiliation": "Mila - Quebec AI Institute",
    "email_verified": "Verified email at mila.quebec - Homepage",
    "website": "https://rarefin.github.io/",
    "interests": [
      "Deep Learning"
    ],
    "photo_url": "https://scholar.googleusercontent.com/citations?view_op=view_photo&user=aXeKuJ8AAAAJ&citpid=4"
  },
  "citation_stats": {
    "citations_all": 646,
    "citations_since_2020": 635,
    "h_index_all": 11,
    "h_index_since_2020": 10,
    "i10_index_all": 12,
    "i10_index_since_2020": 10,
    "citation_graph": [
      {
        "year": 2019,
        "citations": 5
      },
      {
        "year": 2020,
        "citations": 22
      },
      {
        "year": 2021,
        "citations": 41
      },
      {
        "year": 2022,
        "citations": 70
      },
      {
        "year": 2023,
        "citations": 107
      },
      {
        "year": 2024,
        "citations": 161
      },
      {
        "year": 2025,
        "citations": 234
      }
    ]
  },
  "papers": [
    {
      "title": "Layer by layer: Uncovering hidden representations in language models",
      "url": "https://scholar.google.com/citations?view_op=view_citation&hl=en&user=aXeKuJ8AAAAJ&citation_for_view=aXeKuJ8AAAAJ:M3ejUd6NZC8C",
      "authors": "O Skean, MR Arefin, D Zhao, N Patel, J Naghiyev, Y LeCun, ...",
      "venue": "arXiv preprint arXiv:2502.02013, 2025",
      "year": 2025,
      "citations": 69
    },
    {
      "title": "Does representation matter? exploring intermediate layers in large language models",
      "url": "https://scholar.google.com/citations?view_op=view_citation&hl=en&user=aXeKuJ8AAAAJ&citation_for_view=aXeKuJ8AAAAJ:4TOpqqG69KYC",
      "authors": "O Skean, MR Arefin, Y LeCun, R Shwartz-Ziv",
      "venue": "arXiv preprint arXiv:2412.09563, 2024",
      "year": 2024,
      "citations": 37
    },
    {
      "title": "Amplifying pathological detection in EEG signaling pathways through cross-dataset transfer learning",
      "url": "https://scholar.google.com/citations?view_op=view_citation&hl=en&user=aXeKuJ8AAAAJ&citation_for_view=aXeKuJ8AAAAJ:MXK_kJrjxJIC",
      "authors": "MJ Darvishi-Bayazi, MS Ghaemi, T Lesort, MR Arefin, J Faubert, I Rish",
      "venue": "Computers in biology and medicine 169, 107893, 2024",
      "year": 2024,
      "citations": 30
    },
    {
      "title": "Unsupervised concept discovery mitigates spurious correlations",
      "url": "https://scholar.google.com/citations?view_op=view_citation&hl=en&user=aXeKuJ8AAAAJ&citation_for_view=aXeKuJ8AAAAJ:kNdYIx-mwKoC",
      "authors": "MR Arefin, Y Zhang, A Baratin, F Locatello, I Rish, D Liu, K Kawaguchi",
      "venue": "arXiv preprint arXiv:2402.13368, 2024",
      "year": 2024,
      "citations": 8
    },
    {
      "title": "Seq-VCR: Preventing collapse in intermediate transformer representations for enhanced reasoning",
      "url": "https://scholar.google.com/citations?view_op=view_citation&hl=en&user=aXeKuJ8AAAAJ&citation_for_view=aXeKuJ8AAAAJ:_kc_bZDykSQC",
      "authors": "MR Arefin, G Subbaraj, N Gontier, Y LeCun, I Rish, R Shwartz-Ziv, C Pal",
      "venue": "arXiv preprint arXiv:2411.02344, 2024",
      "year": 2024,
      "citations": 5
    },
    {
      "title": "General-purpose brain foundation models for time-series neuroimaging data",
      "url": "https://scholar.google.com/citations?view_op=view_citation&hl=en&user=aXeKuJ8AAAAJ&citation_for_view=aXeKuJ8AAAAJ:YOwf2qJgpHMC",
      "authors": "MJD Bayazi, H Ghonia, R Riachi, B Aristimunha, A Khorasani, MR Arefin, ...",
      "venue": "NeurIPS Workshop on Time Series in the Age of Large Models, 2024",
      "year": 2024,
      "citations": 3
    },
    {
      "title": "Challenging common assumptions about catastrophic forgetting and knowledge accumulation",
      "url": "https://scholar.google.com/citations?view_op=view_citation&hl=en&user=aXeKuJ8AAAAJ&citation_for_view=aXeKuJ8AAAAJ:3fE2CSJIrl8C",
      "authors": "T Lesort, O Ostapenko, P Rodríguez, D Misra, MR Arefin, L Charlin, I Rish",
      "venue": "Conference on Lifelong Learning Agents, 43-65, 2023",
      "year": 2023,
      "citations": 15
    },
    {
      "title": "Continual learning with foundation models: An empirical study of latent replay",
      "url": "https://scholar.google.com/citations?view_op=view_citation&hl=en&user=aXeKuJ8AAAAJ&citation_for_view=aXeKuJ8AAAAJ:hqOjcs7Dif8C",
      "authors": "O Ostapenko, T Lesort, P Rodriguez, MR Arefin, A Douillard, I Rish, ...",
      "venue": "Conference on lifelong learning agents, 60-91, 2022",
      "year": 2022,
      "citations": 105
    },
    {
      "title": "Scaling the number of tasks in continual learning",
      "url": "https://scholar.google.com/citations?view_op=view_citation&hl=en&user=aXeKuJ8AAAAJ&citation_for_view=aXeKuJ8AAAAJ:aqlVkmm33-oC",
      "authors": "T Lesort, O Ostapenko, D Misra, MR Arefin, P Rodríguez, L Charlin, I Rish",
      "venue": "arXiv preprint arXiv:2207.04543 2, 2022",
      "year": 2022,
      "citations": 9
    },
    {
      "title": "Challenging common assumptions about catastrophic forgetting",
      "url": "https://scholar.google.com/citations?view_op=view_citation&hl=en&user=aXeKuJ8AAAAJ&citation_for_view=aXeKuJ8AAAAJ:8k81kl-MbHgC",
      "authors": "T Lesort, O Ostapenko, D Misra, MR Arefin, P Rodríguez, L Charlin, I Rish",
      "venue": "arXiv preprint arXiv:2207.04543, 2022",
      "year": 2022,
      "citations": 5
    },
    {
      "title": "AvaTr: One-shot speaker extraction with transformers",
      "url": "https://scholar.google.com/citations?view_op=view_citation&hl=en&user=aXeKuJ8AAAAJ&citation_for_view=aXeKuJ8AAAAJ:eQOLeE2rZwMC",
      "authors": "SX Hu, MR Arefin, VN Nguyen, A Dipani, X Pitkow, AS Tolias",
      "venue": "arXiv preprint arXiv:2105.00609, 2021",
      "year": 2021,
      "citations": 4
    },
    {
      "title": "Highres-net: Recursive fusion for multi-frame super-resolution of satellite imagery",
      "url": "https://scholar.google.com/citations?view_op=view_citation&hl=en&user=aXeKuJ8AAAAJ&citation_for_view=aXeKuJ8AAAAJ:W7OEmFMy1HYC",
      "authors": "M Deudon, A Kalaitzis, I Goytom, MR Arefin, Z Lin, K Sankaran, ...",
      "venue": "arXiv preprint arXiv:2002.06460, 2020",
      "year": 2020,
      "citations": 154
    },
    {
      "title": "Multi-image super-resolution for remote sensing using deep recurrent networks",
      "url": "https://scholar.google.com/citations?view_op=view_citation&hl=en&user=aXeKuJ8AAAAJ&citation_for_view=aXeKuJ8AAAAJ:Tyk-4Ss8FVUC",
      "authors": "MR Arefin, V Michalski, PL St-Charles, A Kalaitzis, S Kim, SE Kahou, ...",
      "venue": "Proceedings of the IEEE/CVF Conference on Computer Vision and Pattern …, 2020",
      "year": 2020,
      "citations": 93
    },
    {
      "title": "Highres-net: Recursive fusion for multi-frame super-resolution of satellite imagery. arXiv 2020",
      "url": "https://scholar.google.com/citations?view_op=view_citation&hl=en&user=aXeKuJ8AAAAJ&citation_for_view=aXeKuJ8AAAAJ:qxL8FJ1GzNcC",
      "authors": "M Deudon, A Kalaitzis, I Goytom, MR Arefin, Z Lin, K Sankaran, ...",
      "venue": "arXiv preprint arXiv:2002.06460 3 (7), 2020",
      "year": 2020,
      "citations": 25
    },
    {
      "title": "Highres-net: Multi-frame super-resolution by recursive fusion",
      "url": "https://scholar.google.com/citations?view_op=view_citation&hl=en&user=aXeKuJ8AAAAJ&citation_for_view=aXeKuJ8AAAAJ:5nxA0vEk-isC",
      "authors": "M Deudon, A Kalaitzis, MR Arefin, I Goytom, Z Lin, K Sankaran, ...",
      "venue": "",
      "citations": 12,
      "year": 2020
    },
    {
      "title": "Aggregating CNN and HOG features for real-time distracted driver detection",
      "url": "https://scholar.google.com/citations?view_op=view_citation&hl=en&user=aXeKuJ8AAAAJ&citation_for_view=aXeKuJ8AAAAJ:qjMakFHDy7sC",
      "authors": "MR Arefin, F Makhmudkhujaev, O Chae, J Kim",
      "venue": "2019 IEEE international conference on consumer electronics (ICCE), 1-3, 2019",
      "year": 2019,
      "citations": 32
    },
    {
      "title": "Background subtraction using dominant directional pattern",
      "url": "https://scholar.google.com/citations?view_op=view_citation&hl=en&user=aXeKuJ8AAAAJ&citation_for_view=aXeKuJ8AAAAJ:u-x6o8ySG0sC",
      "authors": "K Roy, R Arefin, F Makhmudkhujaev, O Chae, J Kim",
      "venue": "IEEE Access 6, 39917-39926, 2018",
      "year": 2018,
      "citations": 11
    },
    {
      "title": "Background subtraction based on fusion of color and local patterns",
      "url": "https://scholar.google.com/citations?view_op=view_citation&hl=en&user=aXeKuJ8AAAAJ&citation_for_view=aXeKuJ8AAAAJ:d1gkVwhDpl0C",
      "authors": "MR Arefin, F Makhmudkhujaev, O Chae, J Kim",
      "venue": "Asian Conference on Computer Vision, 214-230, 2018",
      "year": 2018,
      "citations": 4
    },
    {
      "title": "SAL: An effective method for software defect prediction",
      "url": "https://scholar.google.com/citations?view_op=view_citation&hl=en&user=aXeKuJ8AAAAJ&citation_for_view=aXeKuJ8AAAAJ:2osOgNQ5qMEC",
      "authors": "S Sharmin, MR Arefin, M Abdullah-Al Wadud, N Nower, M Shoyaib",
      "venue": "2015 18th International Conference on Computer and Information Technology …, 2015",
      "year": 2015,
      "citations": 12
    },
    {
      "title": "Layer by layer: Uncovering hidden representations in language models, 2025",
      "url": "https://scholar.google.com/citations?view_op=view_citation&hl=en&user=aXeKuJ8AAAAJ&citation_for_view=aXeKuJ8AAAAJ:4DMP91E08xMC",
      "authors": "O Skean, MR Arefin, D Zhao, N Patel, J Naghiyev, Y LeCun, ...",
      "venue": "URL https://arxiv. org/abs/2502.02013, 0",
      "citations": 8
    }
  ],
  "co_authors": [
    {
      "name": "Irina Rish",
      "scholar_id": "Avse5gIAAAAJ",
      "url": "https://scholar.google.com/citations?user=Avse5gIAAAAJ"
    },
    {
      "name": "Timothee Lesort",
      "scholar_id": "5NttkuoAAAAJ",
      "url": "https://scholar.google.com/citations?user=5NttkuoAAAAJ"
    },
    {
      "name": "Freddie Kalaitzis",
      "scholar_id": "SywTqIIAAAAJ",
      "url": "https://scholar.google.com/citations?user=SywTqIIAAAAJ"
    },
    {
      "name": "Samira Ebrahimi Kahou",
      "scholar_id": "F99FuaAAAAAJ",
      "url": "https://scholar.google.com/citations?user=F99FuaAAAAAJ"
    },
    {
      "name": "Yoshua Bengio",
      "scholar_id": "kukA0LcAAAAJ",
      "url": "https://scholar.google.com/citations?user=kukA0LcAAAAJ"
    },
    {
      "name": "Vincent Michalski",
      "scholar_id": "9BGzHdUAAAAJ",
      "url": "https://scholar.google.com/citations?user=9BGzHdUAAAAJ"
    },
    {
      "name": "Pau Rodríguez",
      "scholar_id": "IwBx73wAAAAJ",
      "url": "https://scholar.google.com/citations?user=IwBx73wAAAAJ"
    },
    {
      "name": "Ravid Shwartz-Ziv",
      "scholar_id": "SqsLFwMAAAAJ",
      "url": "https://scholar.google.com/citations?user=SqsLFwMAAAAJ"
    },
    {
      "name": "Yann LeCun",
      "scholar_id": "WLN3QrAAAAAJ",
      "url": "https://scholar.google.com/citations?user=WLN3QrAAAAAJ"
    },
    {
      "name": "Farkhod Makhmudkhujaev",
      "scholar_id": "tvbEp0sAAAAJ",
      "url": "https://scholar.google.com/citations?user=tvbEp0sAAAAJ"
    },
    {
      "name": "Oksam Chae",
      "scholar_id": "LvF6Ie8AAAAJ",
      "url": "https://scholar.google.com/citations?user=LvF6Ie8AAAAJ"
    },
    {
      "name": "Jaemyun Kim",
      "scholar_id": "kauXdXoAAAAJ",
      "url": "https://scholar.google.com/citations?user=kauXdXoAAAAJ"
    },
    {
      "name": "M. Abdullah-Al-Wadud",
      "scholar_id": "LBIJjxQAAAAJ",
      "url": "https://scholar.google.com/citations?user=LBIJjxQAAAAJ"
    },
    {
      "name": "Naushin Nower",
      "scholar_id": "3megJH0AAAAJ",
      "url": "https://scholar.google.com/citations?user=3megJH0AAAAJ"
    },
    {
      "name": "Kenji Kawaguchi",
      "scholar_id": "aLl3rYoAAAAJ",
      "url": "https://scholar.google.com/citations?user=aLl3rYoAAAAJ"
    },
    {
      "name": "Francesco Locatello",
      "scholar_id": "wQanfTIAAAAJ",
      "url": "https://scholar.google.com/citations?user=wQanfTIAAAAJ"
    },
    {
      "name": "Aristide Baratin",
      "scholar_id": "ZK7OfxkAAAAJ",
      "url": "https://scholar.google.com/citations?user=ZK7OfxkAAAAJ"
    },
    {
      "name": "Dianbo Liu",
      "scholar_id": "kGSzBpMAAAAJ",
      "url": "https://scholar.google.com/citations?user=kGSzBpMAAAAJ"
    },
    {
      "name": "Chris Pal",
      "scholar_id": "1ScWJOoAAAAJ",
      "url": "https://scholar.google.com/citations?user=1ScWJOoAAAAJ"
    }
  ]
}