{
  "author_info": {
    "name": "Anuj Sharma",
    "affiliation": "Iowa State University",
    "email_verified": "Verified email at iastate.edu",
    "interests": [
      "Transportation"
    ],
    "photo_url": "https://scholar.googleusercontent.com/citations?view_op=view_photo&user=xnMScfIAAAAJ&citpid=1"
  },
  "citation_stats": {
    "citations_all": 5393,
    "citations_since_2020": 4048,
    "h_index_all": 38,
    "h_index_since_2020": 33,
    "i10_index_all": 91,
    "i10_index_since_2020": 75,
    "citation_graph": [
      {
        "year": 2008,
        "citations": 32
      },
      {
        "year": 2009,
        "citations": 42
      },
      {
        "year": 2010,
        "citations": 42
      },
      {
        "year": 2011,
        "citations": 75
      },
      {
        "year": 2012,
        "citations": 64
      },
      {
        "year": 2013,
        "citations": 65
      },
      {
        "year": 2014,
        "citations": 79
      },
      {
        "year": 2015,
        "citations": 104
      },
      {
        "year": 2016,
        "citations": 138
      },
      {
        "year": 2017,
        "citations": 116
      },
      {
        "year": 2018,
        "citations": 200
      },
      {
        "year": 2019,
        "citations": 319
      },
      {
        "year": 2020,
        "citations": 431
      },
      {
        "year": 2021,
        "citations": 586
      },
      {
        "year": 2022,
        "citations": 696
      },
      {
        "year": 2023,
        "citations": 738
      },
      {
        "year": 2024,
        "citations": 883
      },
      {
        "year": 2025,
        "citations": 691
      }
    ]
  },
  "papers": [
    {
      "title": "The 7th ai city challenge",
      "url": "https://scholar.google.com/citations?view_op=view_citation&hl=en&user=xnMScfIAAAAJ&citation_for_view=xnMScfIAAAAJ:4hFrxpcac9AC",
      "authors": "M Naphade, S Wang, DC Anastasiu, Z Tang, MC Chang, Y Yao, L Zheng, ...",
      "venue": "Proceedings of the IEEE/CVF Conference on Computer Vision and Pattern …, 2023",
      "year": 2023,
      "citations": 316
    },
    {
      "title": "Deep convolutional generative adversarial networks for traffic data imputation encoding time series as images",
      "url": "https://scholar.google.com/citations?view_op=view_citation&hl=en&user=xnMScfIAAAAJ&citation_for_view=xnMScfIAAAAJ:eflP2zaiRacC",
      "authors": "T Huang, P Chakraborty, A Sharma",
      "venue": "International Journal of Transportation Science and Technology 12 (1), 1-18, 2023",
      "year": 2023,
      "citations": 73
    },
    {
      "title": "A vision-based system for traffic anomaly detection using deep learning and decision trees",
      "url": "https://scholar.google.com/citations?view_op=view_citation&hl=en&user=xnMScfIAAAAJ&citation_for_view=xnMScfIAAAAJ:t6usbXjVLHcC",
      "authors": "A Aboah",
      "venue": "Proceedings of the IEEE/CVF Conference on Computer Vision and Pattern …, 2021",
      "year": 2021,
      "citations": 172
    },
    {
      "title": "A survey on driver behavior analysis from in-vehicle cameras",
      "url": "https://scholar.google.com/citations?view_op=view_citation&hl=en&user=xnMScfIAAAAJ&citation_for_view=xnMScfIAAAAJ:z_wVstp3MssC",
      "authors": "J Wang, W Chai, A Venkatachalapathy, KL Tan, A Haghighat, ...",
      "venue": "IEEE Transactions on Intelligent Transportation Systems 23 (8), 10186-10209, 2021",
      "year": 2021,
      "citations": 108
    },
    {
      "title": "A deep‐learning‐based computer vision solution for construction vehicle detection",
      "url": "https://scholar.google.com/citations?view_op=view_citation&hl=en&user=xnMScfIAAAAJ&citation_for_view=xnMScfIAAAAJ:geHnlv5EZngC",
      "authors": "S Arabi, A Haghighat, A Sharma",
      "venue": "Computer‐Aided Civil and Infrastructure Engineering 35 (7), 753-767, 2020",
      "year": 2020,
      "citations": 219
    },
    {
      "title": "Highway crash detection and risk estimation using deep learning",
      "url": "https://scholar.google.com/citations?view_op=view_citation&hl=en&user=xnMScfIAAAAJ&citation_for_view=xnMScfIAAAAJ:5ugPr518TE4C",
      "authors": "T Huang, S Wang, A Sharma",
      "venue": "Accident Analysis & Prevention 135, 105392, 2020",
      "year": 2020,
      "citations": 192
    },
    {
      "title": "Applications of deep learning in intelligent transportation systems",
      "url": "https://scholar.google.com/citations?view_op=view_citation&hl=en&user=xnMScfIAAAAJ&citation_for_view=xnMScfIAAAAJ:q3oQSFYPqjQC",
      "authors": "AK Haghighat, V Ravichandra-Mouli, P Chakraborty, Y Esfandiari, S Arabi, ...",
      "venue": "Journal of Big Data Analytics in Transportation 2 (2), 115-145, 2020",
      "year": 2020,
      "citations": 159
    },
    {
      "title": "The 2019 AI City Challenge.",
      "url": "https://scholar.google.com/citations?view_op=view_citation&hl=en&user=xnMScfIAAAAJ&citation_for_view=xnMScfIAAAAJ:ZHo1McVdvXMC",
      "authors": "M Naphade, Z Tang, MC Chang, DC Anastasiu, A Sharma, R Chellappa, ...",
      "venue": "CVPR workshops 8, 2, 2019",
      "year": 2019,
      "citations": 105
    },
    {
      "title": "Traffic congestion detection from camera images using deep convolution neural networks",
      "url": "https://scholar.google.com/citations?view_op=view_citation&hl=en&user=xnMScfIAAAAJ&citation_for_view=xnMScfIAAAAJ:KxtntwgDAa4C",
      "authors": "P Chakraborty, YO Adu-Gyamfi, S Poddar, V Ahsani, A Sharma, S Sarkar",
      "venue": "Transportation Research Record 2672 (45), 222-231, 2018",
      "year": 2018,
      "citations": 168
    },
    {
      "title": "Evaluating the reliability, coverage, and added value of crowdsourced traffic incident reports from Waze",
      "url": "https://scholar.google.com/citations?view_op=view_citation&hl=en&user=xnMScfIAAAAJ&citation_for_view=xnMScfIAAAAJ:nb7KW1ujOQ8C",
      "authors": "M Amin-Naseri, P Chakraborty, A Sharma, SB Gilbert, M Hong",
      "venue": "Transportation research record 2672 (43), 34-43, 2018",
      "year": 2018,
      "citations": 119
    },
    {
      "title": "Using the multivariate spatio-temporal Bayesian model to analyze traffic crashes by severity",
      "url": "https://scholar.google.com/citations?view_op=view_citation&hl=en&user=xnMScfIAAAAJ&citation_for_view=xnMScfIAAAAJ:2P1L_qKh6hAC",
      "authors": "C Liu, A Sharma",
      "venue": "Analytic Methods in Accident Research 17, 14-31, 2018",
      "year": 2018,
      "citations": 115
    },
    {
      "title": "The 2018 nvidia ai city challenge",
      "url": "https://scholar.google.com/citations?view_op=view_citation&hl=en&user=xnMScfIAAAAJ&citation_for_view=xnMScfIAAAAJ:u_35RYKgDlwC",
      "authors": "M Naphade, MC Chang, A Sharma, DC Anastasiu, V Jagarlamudi, ...",
      "venue": "Proceedings of the IEEE Conference on Computer Vision and Pattern …, 2018",
      "year": 2018,
      "citations": 96
    },
    {
      "title": "Automated vehicle recognition with deep convolutional neural networks",
      "url": "https://scholar.google.com/citations?view_op=view_citation&hl=en&user=xnMScfIAAAAJ&citation_for_view=xnMScfIAAAAJ:BrmTIyaxlBUC",
      "authors": "YO Adu-Gyamfi, SK Asare, A Sharma, T Titus",
      "venue": "Transportation Research Record 2645 (1), 113-122, 2017",
      "year": 2017,
      "citations": 99
    },
    {
      "title": "Exploring spatio-temporal effects in traffic crash trend analysis",
      "url": "https://scholar.google.com/citations?view_op=view_citation&hl=en&user=xnMScfIAAAAJ&citation_for_view=xnMScfIAAAAJ:35N4QoGY0k4C",
      "authors": "C Liu, A Sharma",
      "venue": "Analytic Methods in Accident Research 16, 104-116, 2017",
      "year": 2017,
      "citations": 93
    },
    {
      "title": "Traffic flow through an intersection by reducing platoon interference",
      "url": "https://scholar.google.com/citations?view_op=view_citation&hl=en&user=xnMScfIAAAAJ&citation_for_view=xnMScfIAAAAJ:k_IJM867U9cC",
      "authors": "A Sharma",
      "venue": "US Patent 9,412,271, 2016",
      "year": 2016,
      "citations": 86
    },
    {
      "title": "Safety impacts of signal-warning flashers and speed control at high-speed signalized intersections",
      "url": "https://scholar.google.com/citations?view_op=view_citation&hl=en&user=xnMScfIAAAAJ&citation_for_view=xnMScfIAAAAJ:qUcmZB5y_30C",
      "authors": "Z Wu, A Sharma, FL Mannering, S Wang",
      "venue": "Accident Analysis & Prevention 54, 90-98, 2013",
      "year": 2013,
      "citations": 122
    },
    {
      "title": "Estimating dilemma zone hazard function at high speed isolated intersection",
      "url": "https://scholar.google.com/citations?view_op=view_citation&hl=en&user=xnMScfIAAAAJ&citation_for_view=xnMScfIAAAAJ:UeHWp8X0CEIC",
      "authors": "A Sharma, D Bullock, S Peeta",
      "venue": "Transportation Research Part C: Emerging Technologies 19 (3), 400-412, 2011",
      "year": 2011,
      "citations": 118
    },
    {
      "title": "Input–output and hybrid techniques for real-time prediction of delay and maximum queue length at signalized intersections",
      "url": "https://scholar.google.com/citations?view_op=view_citation&hl=en&user=xnMScfIAAAAJ&citation_for_view=xnMScfIAAAAJ:u-x6o8ySG0sC",
      "authors": "A Sharma, DM Bullock, JA Bonneson",
      "venue": "Transportation Research Record 2035 (1), 69-80, 2007",
      "year": 2007,
      "citations": 290
    },
    {
      "title": "Event-based data collection for generating actuated controller performance measures",
      "url": "https://scholar.google.com/citations?view_op=view_citation&hl=en&user=xnMScfIAAAAJ&citation_for_view=xnMScfIAAAAJ:u5HHmVD_uO8C",
      "authors": "EJ Smaglik, A Sharma, DM Bullock, JR Sturdevant, G Duncan",
      "venue": "Transportation Research Record 2035 (1), 97-106, 2007",
      "year": 2007,
      "citations": 196
    },
    {
      "title": "Recasting dilemma zone design as a marginal cost–benefit problem",
      "url": "https://scholar.google.com/citations?view_op=view_citation&hl=en&user=xnMScfIAAAAJ&citation_for_view=xnMScfIAAAAJ:d1gkVwhDpl0C",
      "authors": "A Sharma, DM Bullock, S Peeta",
      "venue": "Transportation Research Record 2035 (1), 88-96, 2007",
      "year": 2007,
      "citations": 71
    }
  ],
  "co_authors": [
    {
      "name": "Pranamesh Chakraborty",
      "scholar_id": "NimM6-gAAAAJ",
      "url": "https://scholar.google.com/citations?user=NimM6-gAAAAJ"
    },
    {
      "name": "Darcy Bullock",
      "scholar_id": "iRsPqCMAAAAJ",
      "url": "https://scholar.google.com/citations?user=iRsPqCMAAAAJ"
    },
    {
      "name": "Soumik Sarkar",
      "scholar_id": "-rmRjqIAAAAJ",
      "url": "https://scholar.google.com/citations?user=-rmRjqIAAAAJ"
    },
    {
      "name": "Skylar Knickerbocker",
      "scholar_id": "J0x3RDYAAAAJ",
      "url": "https://scholar.google.com/citations?user=J0x3RDYAAAAJ"
    },
    {
      "name": "Tingting Huang",
      "scholar_id": "tHAnmvgAAAAJ",
      "url": "https://scholar.google.com/citations?user=tHAnmvgAAAAJ"
    },
    {
      "name": "Jennifer Merickel",
      "scholar_id": "L9Gg6-QAAAAJ",
      "url": "https://scholar.google.com/citations?user=L9Gg6-QAAAAJ"
    },
    {
      "name": "Shuo Wang",
      "scholar_id": "r0UjaNUAAAAJ",
      "url": "https://scholar.google.com/citations?user=r0UjaNUAAAAJ"
    },
    {
      "name": "David C. Anastasiu",
      "scholar_id": "N9Lu6j8AAAAJ",
      "url": "https://scholar.google.com/citations?user=N9Lu6j8AAAAJ"
    },
    {
      "name": "Subhadipto Poddar",
      "scholar_id": "yu-0VKIAAAAJ",
      "url": "https://scholar.google.com/citations?user=yu-0VKIAAAAJ"
    },
    {
      "name": "Lelitha Devi Vanajakshi",
      "scholar_id": "NFQxp20AAAAJ",
      "url": "https://scholar.google.com/citations?user=NFQxp20AAAAJ"
    },
    {
      "name": "Mohammed Shaiqur Rahman",
      "scholar_id": "5kvdX3oAAAAJ",
      "url": "https://scholar.google.com/citations?user=5kvdX3oAAAAJ"
    },
    {
      "name": "Yaw Adu-Gyamfi",
      "scholar_id": "-C5LLqQAAAAJ",
      "url": "https://scholar.google.com/citations?user=-C5LLqQAAAAJ"
    },
    {
      "name": "Edward J. Smaglik",
      "scholar_id": "BqILDWkAAAAJ",
      "url": "https://scholar.google.com/citations?user=BqILDWkAAAAJ"
    },
    {
      "name": "Ming-Ching Chang 張明清",
      "scholar_id": "a3-Gl8YAAAAJ",
      "url": "https://scholar.google.com/citations?user=a3-Gl8YAAAAJ"
    },
    {
      "name": "Chinmay Hegde",
      "scholar_id": "eJAV17IAAAAJ",
      "url": "https://scholar.google.com/citations?user=eJAV17IAAAAJ"
    },
    {
      "name": "Saeed Arabi",
      "scholar_id": "Oy5cECsAAAAJ",
      "url": "https://scholar.google.com/citations?user=Oy5cECsAAAAJ"
    },
    {
      "name": "Senem Velipasalar",
      "scholar_id": "HEAE9XsAAAAJ",
      "url": "https://scholar.google.com/citations?user=HEAE9XsAAAAJ"
    },
    {
      "name": "Archana Venkatachalapathy, Ph.D.",
      "scholar_id": "A3NM4CYAAAAJ",
      "url": "https://scholar.google.com/citations?user=A3NM4CYAAAAJ"
    },
    {
      "name": "Rama Chellappa",
      "scholar_id": "L60tuywAAAAJ",
      "url": "https://scholar.google.com/citations?user=L60tuywAAAAJ"
    },
    {
      "name": "Milind Naphade",
      "scholar_id": "aZ-O-f4AAAAJ",
      "url": "https://scholar.google.com/citations?user=aZ-O-f4AAAAJ"
    }
  ]
}