{
  "author_info": {
    "name": "Tin D. Nguyen",
    "affiliation": "Quantitative Researcher, Quantbot Technologies LP",
    "email_verified": "Verified email at mit.edu - Homepage",
    "website": "https://tinnguyen96.github.io/",
    "interests": [
      "bayesian inference",
      "computational statistics",
      "machine learning"
    ],
    "photo_url": "https://scholar.googleusercontent.com/citations?view_op=view_photo&user=djheYP0AAAAJ&citpid=2"
  },
  "citation_stats": {
    "citations_all": 113,
    "citations_since_2020": 113,
    "h_index_all": 6,
    "h_index_since_2020": 6,
    "i10_index_all": 5,
    "i10_index_since_2020": 5,
    "citation_graph": [
      {
        "year": 2020,
        "citations": 2
      },
      {
        "year": 2021,
        "citations": 4
      },
      {
        "year": 2022,
        "citations": 15
      },
      {
        "year": 2023,
        "citations": 22
      },
      {
        "year": 2024,
        "citations": 31
      },
      {
        "year": 2025,
        "citations": 38
      }
    ]
  },
  "papers": [
    {
      "title": "Are you using test log-likelihood correctly?",
      "url": "https://scholar.google.com/citations?view_op=view_citation&hl=en&user=djheYP0AAAAJ&citation_for_view=djheYP0AAAAJ:_FxGoFyzp5QC",
      "authors": "SK Deshpande, S Ghosh, TD Nguyen, T Broderick",
      "venue": "Transactions of Machine Learning Research, 2024",
      "year": 2024,
      "citations": 14
    },
    {
      "title": "Approximations to worst-case data dropping: unmasking failure modes",
      "url": "https://scholar.google.com/citations?view_op=view_citation&hl=en&user=djheYP0AAAAJ&citation_for_view=djheYP0AAAAJ:UebtZRa9Y70C",
      "authors": "JY Huang, DR Burt, Y Shen, TD Nguyen, T Broderick",
      "venue": "Transactions of Machine Learning Research, 2024",
      "year": 2024,
      "citations": 6
    },
    {
      "title": "Sensitivity of MCMC-based analyses to small-data removal",
      "url": "https://scholar.google.com/citations?view_op=view_citation&hl=en&user=djheYP0AAAAJ&citation_for_view=djheYP0AAAAJ:Se3iqnhoufwC",
      "authors": "TD Nguyen, R Giordano, R Meager, T Broderick",
      "venue": "arXiv preprint arXiv:2408.07240, 2024",
      "year": 2024,
      "citations": 5
    },
    {
      "title": "Using gradients to check sensitivity of MCMC-based analyses to removing data",
      "url": "https://scholar.google.com/citations?view_op=view_citation&hl=en&user=djheYP0AAAAJ&citation_for_view=djheYP0AAAAJ:hqOjcs7Dif8C",
      "authors": "TD Nguyen, RJ Giordano, R Meager, T Broderick",
      "venue": "ICML 2024 Workshop on Differentiable Almost Everything: Differentiable …, 2024",
      "year": 2024,
      "citations": 1
    },
    {
      "title": "Toward Faster Methods in Bayesian Unsupervised Learning",
      "url": "https://scholar.google.com/citations?view_op=view_citation&hl=en&user=djheYP0AAAAJ&citation_for_view=djheYP0AAAAJ:0EnyYjriUFMC",
      "authors": "TD Nguyen",
      "venue": "Massachusetts Institute of Technology, 2024",
      "year": 2024,
      "citations": 0
    },
    {
      "title": "On regularization and inference with label constraints",
      "url": "https://scholar.google.com/citations?view_op=view_citation&hl=en&user=djheYP0AAAAJ&citation_for_view=djheYP0AAAAJ:roLk4NBRz8UC",
      "authors": "K Wang, H He, TD Nguyen, P Kumar, D Roth",
      "venue": "International Conference on Machine Learning, 35740-35762, 2023",
      "year": 2023,
      "citations": 10
    },
    {
      "title": "Independent finite approximations for Bayesian nonparametric inference",
      "url": "https://scholar.google.com/citations?view_op=view_citation&hl=en&user=djheYP0AAAAJ&citation_for_view=djheYP0AAAAJ:ufrVoPGSRksC",
      "authors": "TD Nguyen, J Huggins, L Masoero, L Mackey, T Broderick",
      "venue": "Bayesian Analysis Advance Publication, 2023",
      "year": 2023,
      "citations": 9
    },
    {
      "title": "Measuring the robustness of Gaussian processes to kernel choice",
      "url": "https://scholar.google.com/citations?view_op=view_citation&hl=en&user=djheYP0AAAAJ&citation_for_view=djheYP0AAAAJ:WF5omc3nYNoC",
      "authors": "WT Stephenson, S Ghosh, TD Nguyen, M Yurochkin, S Deshpande, ...",
      "venue": "International Conference on Artificial Intelligence and Statistics, 3308-3331, 2022",
      "year": 2022,
      "citations": 22
    },
    {
      "title": "Many processors, little time: MCMC for partitions via optimal transport couplings",
      "url": "https://scholar.google.com/citations?view_op=view_citation&hl=en&user=djheYP0AAAAJ&citation_for_view=djheYP0AAAAJ:eQOLeE2rZwMC",
      "authors": "TD Nguyen, BL Trippe, T Broderick",
      "venue": "International Conference on Artificial Intelligence and Statistics, 3483-3514, 2022",
      "year": 2022,
      "citations": 17
    },
    {
      "title": "Optimal transport couplings of Gibbs samplers on partitions for unbiased estimation",
      "url": "https://scholar.google.com/citations?view_op=view_citation&hl=en&user=djheYP0AAAAJ&citation_for_view=djheYP0AAAAJ:LkGwnXOMwfcC",
      "authors": "BL Trippe, TD Nguyen, T Broderick",
      "venue": "arXiv preprint arXiv:2104.04514, 2021",
      "year": 2021,
      "citations": 3
    },
    {
      "title": "Approximate Cross-Validation for Structured Models",
      "url": "https://scholar.google.com/citations?view_op=view_citation&hl=en&user=djheYP0AAAAJ&citation_for_view=djheYP0AAAAJ:UeHWp8X0CEIC",
      "authors": "S Ghosh, WT Stephenson, TD Nguyen, S Deshpande, T Broderick",
      "venue": "Advances in Neural Information Processing Systems 33, 2020",
      "year": 2020,
      "citations": 26
    },
    {
      "title": "PAC-Bayes Tree: weighted subtrees with guarantees",
      "url": "https://scholar.google.com/citations?view_op=view_citation&hl=en&user=djheYP0AAAAJ&citation_for_view=djheYP0AAAAJ:9yKSN-GCB0IC",
      "authors": "TD Nguyen, S Kpotufe",
      "venue": "Advances in Neural Information Processing Systems 31, 9484-9492, 2018",
      "year": 2018,
      "citations": 0
    }
  ],
  "co_authors": [
    {
      "name": "Tamara Broderick",
      "scholar_id": "dPX0wQcAAAAJ",
      "url": "https://scholar.google.com/citations?user=dPX0wQcAAAAJ"
    },
    {
      "name": "Soumya Ghosh",
      "scholar_id": "GEYQenQAAAAJ",
      "url": "https://scholar.google.com/citations?user=GEYQenQAAAAJ"
    },
    {
      "name": "Sameer K. Deshpande",
      "scholar_id": "coVrnWIAAAAJ",
      "url": "https://scholar.google.com/citations?user=coVrnWIAAAAJ"
    },
    {
      "name": "William T. Stephenson",
      "scholar_id": "Wx-ul64AAAAJ",
      "url": "https://scholar.google.com/citations?user=Wx-ul64AAAAJ"
    },
    {
      "name": "Brian L Trippe",
      "scholar_id": "UBrbfSwAAAAJ",
      "url": "https://scholar.google.com/citations?user=UBrbfSwAAAAJ"
    },
    {
      "name": "Mikhail Yurochkin",
      "scholar_id": "QjBF9sUAAAAJ",
      "url": "https://scholar.google.com/citations?user=QjBF9sUAAAAJ"
    },
    {
      "name": "Jonathan Huggins",
      "scholar_id": "x1mbRloAAAAJ",
      "url": "https://scholar.google.com/citations?user=x1mbRloAAAAJ"
    },
    {
      "name": "Lester Mackey",
      "scholar_id": "erv7TP0AAAAJ",
      "url": "https://scholar.google.com/citations?user=erv7TP0AAAAJ"
    },
    {
      "name": "Lorenzo Masoero",
      "scholar_id": "qFFGfdYAAAAJ",
      "url": "https://scholar.google.com/citations?user=qFFGfdYAAAAJ"
    },
    {
      "name": "Ryan Giordano",
      "scholar_id": "RZ2KXioAAAAJ",
      "url": "https://scholar.google.com/citations?user=RZ2KXioAAAAJ"
    },
    {
      "name": "Rachael Meager",
      "scholar_id": "5V7VFi8AAAAJ",
      "url": "https://scholar.google.com/citations?user=5V7VFi8AAAAJ"
    },
    {
      "name": "Hangfeng He",
      "scholar_id": "BbpI6QoAAAAJ",
      "url": "https://scholar.google.com/citations?user=BbpI6QoAAAAJ"
    },
    {
      "name": "Dan Roth",
      "scholar_id": "E-bpPWgAAAAJ",
      "url": "https://scholar.google.com/citations?user=E-bpPWgAAAAJ"
    },
    {
      "name": "Kaifu Wang",
      "scholar_id": "06grmqwAAAAJ",
      "url": "https://scholar.google.com/citations?user=06grmqwAAAAJ"
    },
    {
      "name": "David R. Burt",
      "scholar_id": "Kve55S4AAAAJ",
      "url": "https://scholar.google.com/citations?user=Kve55S4AAAAJ"
    },
    {
      "name": "Jenny Y. Huang",
      "scholar_id": "RPVZLH4AAAAJ",
      "url": "https://scholar.google.com/citations?user=RPVZLH4AAAAJ"
    },
    {
      "name": "Yunyi Shen",
      "scholar_id": "943yT78AAAAJ",
      "url": "https://scholar.google.com/citations?user=943yT78AAAAJ"
    },
    {
      "name": "Samory Kpotufe",
      "scholar_id": "9r7_pN8AAAAJ",
      "url": "https://scholar.google.com/citations?user=9r7_pN8AAAAJ"
    }
  ]
}