{
  "author_info": {
    "name": "Geon-Hyeong Kim",
    "affiliation": "LG AI Research",
    "email_verified": "Verified email at lgresearch.ai - Homepage",
    "website": "https://sites.google.com/view/ghkim",
    "interests": [
      "Imitation Learning",
      "Reinforcement Learning"
    ],
    "photo_url": "https://scholar.googleusercontent.com/citations?view_op=view_photo&user=IJL0uXoAAAAJ&citpid=2"
  },
  "citation_stats": {
    "citations_all": 468,
    "citations_since_2020": 462,
    "h_index_all": 8,
    "h_index_since_2020": 8,
    "i10_index_all": 8,
    "i10_index_since_2020": 8,
    "citation_graph": [
      {
        "year": 2019,
        "citations": 5
      },
      {
        "year": 2020,
        "citations": 8
      },
      {
        "year": 2021,
        "citations": 24
      },
      {
        "year": 2022,
        "citations": 52
      },
      {
        "year": 2023,
        "citations": 112
      },
      {
        "year": 2024,
        "citations": 138
      },
      {
        "year": 2025,
        "citations": 128
      }
    ]
  },
  "papers": [
    {
      "title": "SafeDPO: A simple approach to direct preference optimization with enhanced safety",
      "url": "https://scholar.google.com/citations?view_op=view_citation&hl=en&user=IJL0uXoAAAAJ&citation_for_view=IJL0uXoAAAAJ:_FxGoFyzp5QC",
      "authors": "GH Kim, Y Jang, YJ Kim, B Kim, H Lee, K Bae, M Lee",
      "venue": "arXiv preprint arXiv:2505.20065, 2025",
      "year": 2025,
      "citations": 11
    },
    {
      "title": "Online pre-training for offline-to-online reinforcement learning",
      "url": "https://scholar.google.com/citations?view_op=view_citation&hl=en&user=IJL0uXoAAAAJ&citation_for_view=IJL0uXoAAAAJ:ufrVoPGSRksC",
      "authors": "Y Shin, J Kim, W Jung, S Hong, D Yoon, Y Jang, G Kim, J Chae, Y Sung, ...",
      "venue": "arXiv preprint arXiv:2507.08387, 2025",
      "year": 2025,
      "citations": 4
    },
    {
      "title": "Prospector: Improving LLM agents with self-asking and trajectory ranking",
      "url": "https://scholar.google.com/citations?view_op=view_citation&hl=en&user=IJL0uXoAAAAJ&citation_for_view=IJL0uXoAAAAJ:W7OEmFMy1HYC",
      "authors": "B Kim, Y Jang, L Logeswaran, GH Kim, YJ Kim, H Lee, M Lee",
      "venue": "Findings of the Association for Computational Linguistics: EMNLP 2024, 14958 …, 2024",
      "year": 2024,
      "citations": 13
    },
    {
      "title": "Degeneration-free policy optimization: RL fine-tuning for language models without degeneration",
      "url": "https://scholar.google.com/citations?view_op=view_citation&hl=en&user=IJL0uXoAAAAJ&citation_for_view=IJL0uXoAAAAJ:WF5omc3nYNoC",
      "authors": "Y Jang, GH Kim, B Kim, YJ Kim, H Lee, M Lee",
      "venue": "Forty-first International Conference on Machine Learning, 2024",
      "year": 2024,
      "citations": 1
    },
    {
      "title": "Safedice: offline safe imitation learning with non-preferred demonstrations",
      "url": "https://scholar.google.com/citations?view_op=view_citation&hl=en&user=IJL0uXoAAAAJ&citation_for_view=IJL0uXoAAAAJ:YsMSGLbcyi4C",
      "authors": "Y Jang, GH Kim, J Lee, S Sohn, B Kim, H Lee, M Lee",
      "venue": "Advances in Neural Information Processing Systems 36, 74921-74951, 2023",
      "year": 2023,
      "citations": 5
    },
    {
      "title": "Information-theoretic state space model for multi-view reinforcement learning",
      "url": "https://scholar.google.com/citations?view_op=view_citation&hl=en&user=IJL0uXoAAAAJ&citation_for_view=IJL0uXoAAAAJ:Y0pCki6q_DkC",
      "authors": "HJ Hwang, S Seo, Y Jang, S Kim, GH Kim, S Hong, KE Kim",
      "venue": "",
      "citations": 5,
      "year": 2023
    },
    {
      "title": "Demodice: Offline imitation learning with supplementary imperfect demonstrations",
      "url": "https://scholar.google.com/citations?view_op=view_citation&hl=en&user=IJL0uXoAAAAJ&citation_for_view=IJL0uXoAAAAJ:Tyk-4Ss8FVUC",
      "authors": "GH Kim, S Seo, J Lee, W Jeon, HJ Hwang, H Yang, KE Kim",
      "venue": "International Conference on Learning Representations, 2022",
      "year": 2022,
      "citations": 126
    },
    {
      "title": "Lobsdice: Offline learning from observation via stationary distribution correction estimation",
      "url": "https://scholar.google.com/citations?view_op=view_citation&hl=en&user=IJL0uXoAAAAJ&citation_for_view=IJL0uXoAAAAJ:u5HHmVD_uO8C",
      "authors": "GH Kim, J Lee, Y Jang, H Yang, KE Kim",
      "venue": "Advances in Neural Information Processing Systems 35, 8252-8264, 2022",
      "year": 2022,
      "citations": 33
    },
    {
      "title": "Multi-view representation learning via total correlation objective",
      "url": "https://scholar.google.com/citations?view_op=view_citation&hl=en&user=IJL0uXoAAAAJ&citation_for_view=IJL0uXoAAAAJ:UeHWp8X0CEIC",
      "authors": "HJ Hwang, GH Kim, S Hong, KE Kim",
      "venue": "Advances in Neural Information Processing Systems 34, 12194-12207, 2021",
      "year": 2021,
      "citations": 61
    },
    {
      "title": "Variational interaction information maximization for cross-domain disentanglement",
      "url": "https://scholar.google.com/citations?view_op=view_citation&hl=en&user=IJL0uXoAAAAJ&citation_for_view=IJL0uXoAAAAJ:zYLM7Y9cAGgC",
      "authors": "HJ Hwang, GH Kim, S Hong, KE Kim",
      "venue": "Advances in Neural Information Processing Systems 33, 22479-22491, 2020",
      "year": 2020,
      "citations": 62
    },
    {
      "title": "Monte-carlo tree search in continuous action spaces with value gradients",
      "url": "https://scholar.google.com/citations?view_op=view_citation&hl=en&user=IJL0uXoAAAAJ&citation_for_view=IJL0uXoAAAAJ:2osOgNQ5qMEC",
      "authors": "J Lee, W Jeon, GH Kim, KE Kim",
      "venue": "Proceedings of the AAAI conference on artificial intelligence 34 (04), 4561-4568, 2020",
      "year": 2020,
      "citations": 42
    },
    {
      "title": "Variational inference for sequential data with future likelihood estimates",
      "url": "https://scholar.google.com/citations?view_op=view_citation&hl=en&user=IJL0uXoAAAAJ&citation_for_view=IJL0uXoAAAAJ:qjMakFHDy7sC",
      "authors": "GH Kim, Y Jang, H Yang, KE Kim",
      "venue": "International Conference on Machine Learning, 5296-5305, 2020",
      "year": 2020,
      "citations": 7
    },
    {
      "title": "Trust region sequential variational inference",
      "url": "https://scholar.google.com/citations?view_op=view_citation&hl=en&user=IJL0uXoAAAAJ&citation_for_view=IJL0uXoAAAAJ:IjCSPb-OGe4C",
      "authors": "GH Kim, Y Jang, J Lee, W Jeon, H Yang, KE Kim",
      "venue": "Asian conference on machine learning, 1033-1048, 2019",
      "year": 2019,
      "citations": 2
    },
    {
      "title": "Bayesian optimistic kullback–leibler exploration",
      "url": "https://scholar.google.com/citations?view_op=view_citation&hl=en&user=IJL0uXoAAAAJ&citation_for_view=IJL0uXoAAAAJ:d1gkVwhDpl0C",
      "authors": "K Lee, GH Kim, P Ortega, DD Lee, KE Kim",
      "venue": "Machine Learning 108 (5), 765-783, 2019",
      "year": 2019,
      "citations": 2
    },
    {
      "title": "Monte-Carlo tree search for constrained POMDPs",
      "url": "https://scholar.google.com/citations?view_op=view_citation&hl=en&user=IJL0uXoAAAAJ&citation_for_view=IJL0uXoAAAAJ:9yKSN-GCB0IC",
      "authors": "J Lee, GH Kim, P Poupart, KE Kim",
      "venue": "Advances in Neural Information Processing Systems 31, 2018",
      "year": 2018,
      "citations": 94
    },
    {
      "title": "DfPO: Degeneration-free Policy Optimization via Action Masking in Natural Language Action Spaces",
      "url": "https://scholar.google.com/citations?view_op=view_citation&hl=en&user=IJL0uXoAAAAJ&citation_for_view=IJL0uXoAAAAJ:eQOLeE2rZwMC",
      "authors": "Y Jang, GH Kim, B Kim, H Lee, M Lee",
      "venue": "",
      "citations": 0
    }
  ],
  "co_authors": [
    {
      "name": "Kee-Eung Kim",
      "scholar_id": "uGk7CJ0AAAAJ",
      "url": "https://scholar.google.com/citations?user=uGk7CJ0AAAAJ"
    },
    {
      "name": "Jongmin Lee",
      "scholar_id": "rFcK8EEAAAAJ",
      "url": "https://scholar.google.com/citations?user=rFcK8EEAAAAJ"
    },
    {
      "name": "Youngsoo Jang",
      "scholar_id": "6EoBBggAAAAJ",
      "url": "https://scholar.google.com/citations?user=6EoBBggAAAAJ"
    },
    {
      "name": "HyeongJoo Hwang",
      "scholar_id": "IK5bNo0AAAAJ",
      "url": "https://scholar.google.com/citations?user=IK5bNo0AAAAJ"
    },
    {
      "name": "Hongseok Yang",
      "scholar_id": "cLuwH14AAAAJ",
      "url": "https://scholar.google.com/citations?user=cLuwH14AAAAJ"
    },
    {
      "name": "Wonseok Jeon",
      "scholar_id": "ETQY9KAAAAAJ",
      "url": "https://scholar.google.com/citations?user=ETQY9KAAAAAJ"
    },
    {
      "name": "Seunghoon Hong",
      "scholar_id": "hvr3ALkAAAAJ",
      "url": "https://scholar.google.com/citations?user=hvr3ALkAAAAJ"
    },
    {
      "name": "Seokin Seo",
      "scholar_id": "CJnVq-UAAAAJ",
      "url": "https://scholar.google.com/citations?user=CJnVq-UAAAAJ"
    },
    {
      "name": "Pascal Poupart",
      "scholar_id": "KhAJWroAAAAJ",
      "url": "https://scholar.google.com/citations?user=KhAJWroAAAAJ"
    },
    {
      "name": "Kanghoon Lee",
      "scholar_id": "DiiPFc4AAAAJ",
      "url": "https://scholar.google.com/citations?user=DiiPFc4AAAAJ"
    },
    {
      "name": "Daniel D. Lee",
      "scholar_id": "J0l7wWwAAAAJ",
      "url": "https://scholar.google.com/citations?user=J0l7wWwAAAAJ"
    },
    {
      "name": "Pedro A. Ortega",
      "scholar_id": "GK-j94AAAAAJ",
      "url": "https://scholar.google.com/citations?user=GK-j94AAAAAJ"
    }
  ]
}