{
  "author_info": {
    "name": "Renat Aksitov",
    "affiliation": "Google DeepMind",
    "email_verified": "Verified email at google.com",
    "interests": [
      "Large Language Models",
      "Retrieval",
      "Reasoning",
      "Agents"
    ],
    "photo_url": "/citations/images/avatar_scholar_128.png"
  },
  "citation_stats": {
    "citations_all": 348,
    "citations_since_2020": 347,
    "h_index_all": 6,
    "h_index_since_2020": 6,
    "i10_index_all": 6,
    "i10_index_since_2020": 6,
    "citation_graph": [
      {
        "year": 2023,
        "citations": 10
      },
      {
        "year": 2024,
        "citations": 127
      },
      {
        "year": 2025,
        "citations": 209
      }
    ]
  },
  "papers": [
    {
      "title": "How new data permeates LLM knowledge and how to dilute it",
      "url": "https://scholar.google.com/citations?view_op=view_citation&hl=en&user=KX76N_UAAAAJ&citation_for_view=KX76N_UAAAAJ:Tyk-4Ss8FVUC",
      "authors": "C Sun, R Aksitov, A Zhmoginov, NA Miller, M Vladymyrov, U Rueckert, ...",
      "venue": "arXiv preprint arXiv:2504.09522, 2025",
      "year": 2025,
      "citations": 10
    },
    {
      "title": "Universal self-consistency for large language model generation",
      "url": "https://scholar.google.com/citations?view_op=view_citation&hl=en&user=KX76N_UAAAAJ&citation_for_view=KX76N_UAAAAJ:UeHWp8X0CEIC",
      "authors": "X Chen, R Aksitov, U Alon, J Ren, K Xiao, P Yin, S Prakash, C Sutton, ...",
      "venue": "arXiv preprint arXiv:2311.17311, 2023",
      "year": 2023,
      "citations": 181
    },
    {
      "title": "Rest meets react: Self-improvement for multi-step reasoning llm agent",
      "url": "https://scholar.google.com/citations?view_op=view_citation&hl=en&user=KX76N_UAAAAJ&citation_for_view=KX76N_UAAAAJ:IjCSPb-OGe4C",
      "authors": "R Aksitov, S Miryoosefi, Z Li, D Li, S Babayan, K Kopparapu, Z Fisher, ...",
      "venue": "arXiv preprint arXiv:2312.10003, 2023",
      "year": 2023,
      "citations": 78
    },
    {
      "title": "Characterizing attribution and fluency tradeoffs for retrieval-augmented large language models",
      "url": "https://scholar.google.com/citations?view_op=view_citation&hl=en&user=KX76N_UAAAAJ&citation_for_view=KX76N_UAAAAJ:9yKSN-GCB0IC",
      "authors": "R Aksitov, CC Chang, D Reitter, S Shakeri, Y Sung",
      "venue": "arXiv preprint arXiv:2302.05578, 2023",
      "year": 2023,
      "citations": 34
    },
    {
      "title": "Kl-divergence guided temperature sampling",
      "url": "https://scholar.google.com/citations?view_op=view_citation&hl=en&user=KX76N_UAAAAJ&citation_for_view=KX76N_UAAAAJ:d1gkVwhDpl0C",
      "authors": "CC Chang, D Reitter, R Aksitov, YH Sung",
      "venue": "arXiv preprint arXiv:2306.01286, 2023",
      "year": 2023,
      "citations": 29
    },
    {
      "title": "Hallucination augmented recitations for language models",
      "url": "https://scholar.google.com/citations?view_op=view_citation&hl=en&user=KX76N_UAAAAJ&citation_for_view=KX76N_UAAAAJ:qjMakFHDy7sC",
      "authors": "A Köksal, R Aksitov, CC Chang",
      "venue": "arXiv preprint arXiv:2311.07424, 2023",
      "year": 2023,
      "citations": 12
    },
    {
      "title": "Conversational recommendation as retrieval: A simple, strong baseline",
      "url": "https://scholar.google.com/citations?view_op=view_citation&hl=en&user=KX76N_UAAAAJ&citation_for_view=KX76N_UAAAAJ:u-x6o8ySG0sC",
      "authors": "R Gupta, R Aksitov, S Phatale, S Chaudhary, H Lee, A Rastogi",
      "venue": "arXiv preprint arXiv:2305.13725, 2023",
      "year": 2023,
      "citations": 4
    },
    {
      "title": "Permutations of tori in integrable Hamiltonian systems and spectral series of pseudodifferential operators",
      "url": "https://scholar.google.com/citations?view_op=view_citation&hl=en&user=KX76N_UAAAAJ&citation_for_view=KX76N_UAAAAJ:2osOgNQ5qMEC",
      "authors": "RI Aksitov",
      "venue": "Mathematical Notes 81 (1), 156-163, 2007",
      "year": 2007,
      "citations": 0
    }
  ],
  "co_authors": []
}