{
  "author_info": {
    "name": "Daniel Ruffinelli",
    "affiliation": "University of Mannheim",
    "email_verified": "Verified email at uni-mannheim.de - Homepage",
    "website": "https://www.uni-mannheim.de/dws/people/researchers/postdoctoral-research-fellows/daniel-ruffinelli/",
    "interests": [
      "Natural Language Processing",
      "Representation Learning",
      "Machine Learning",
      "dws@uma"
    ],
    "photo_url": "https://scholar.googleusercontent.com/citations?view_op=view_photo&user=4p48uSoAAAAJ&citpid=6"
  },
  "citation_stats": {
    "citations_all": 860,
    "citations_since_2020": 820,
    "h_index_all": 8,
    "h_index_since_2020": 8,
    "i10_index_all": 7,
    "i10_index_since_2020": 6,
    "citation_graph": [
      {
        "year": 2017,
        "citations": 3
      },
      {
        "year": 2018,
        "citations": 5
      },
      {
        "year": 2019,
        "citations": 29
      },
      {
        "year": 2020,
        "citations": 66
      },
      {
        "year": 2021,
        "citations": 135
      },
      {
        "year": 2022,
        "citations": 167
      },
      {
        "year": 2023,
        "citations": 156
      },
      {
        "year": 2024,
        "citations": 149
      },
      {
        "year": 2025,
        "citations": 147
      }
    ]
  },
  "papers": [
    {
      "title": "Randomly Removing 50% of Dimensions in Text Embeddings has Minimal Impact on Retrieval and Classification Tasks",
      "url": "https://scholar.google.com/citations?view_op=view_citation&hl=en&user=4p48uSoAAAAJ&citation_for_view=4p48uSoAAAAJ:0EnyYjriUFMC",
      "authors": "S Takeshita, Y Takeshita, D Ruffinelli, SP Ponzetto",
      "venue": "Proceedings of the 2025 Conference on Empirical Methods in Natural Language …, 2025",
      "year": 2025,
      "citations": 1
    },
    {
      "title": "Steering Language Models in Multi-Token Generation: A Case Study on Tense and Aspect",
      "url": "https://scholar.google.com/citations?view_op=view_citation&hl=en&user=4p48uSoAAAAJ&citation_for_view=4p48uSoAAAAJ:5nxA0vEk-isC",
      "authors": "A Klerings, J Brinkmann, D Ruffinelli, SP Ponzetto",
      "venue": "Proceedings of the 2025 Conference on Empirical Methods in Natural Language …, 2025",
      "year": 2025,
      "citations": 0
    },
    {
      "title": "Beyond link prediction: On pre-training knowledge graph embeddings",
      "url": "https://scholar.google.com/citations?view_op=view_citation&hl=en&user=4p48uSoAAAAJ&citation_for_view=4p48uSoAAAAJ:UebtZRa9Y70C",
      "authors": "D Ruffinelli, R Gemulla",
      "venue": "Proceedings of the 9th Workshop on Representation Learning for NLP (RepL4NLP …, 2024",
      "year": 2024,
      "citations": 4
    },
    {
      "title": "Enriching Social Science Research via Survey Item Linking",
      "url": "https://scholar.google.com/citations?view_op=view_citation&hl=en&user=4p48uSoAAAAJ&citation_for_view=4p48uSoAAAAJ:Se3iqnhoufwC",
      "authors": "T Tsereteli, D Ruffinelli, SP Ponzetto",
      "venue": "arXiv preprint arXiv:2412.15831, 2024",
      "year": 2024,
      "citations": 0
    },
    {
      "title": "Knowledge Graph Embeddings: Link Prediction and Beyond",
      "url": "https://scholar.google.com/citations?view_op=view_citation&hl=en&user=4p48uSoAAAAJ&citation_for_view=4p48uSoAAAAJ:LkGwnXOMwfcC",
      "authors": "D Ruffinelli",
      "venue": "PQDT-Global, 2023",
      "year": 2023,
      "citations": 0
    },
    {
      "title": "Kgxboard: Explainable and interactive leaderboard for evaluation of knowledge graph completion models",
      "url": "https://scholar.google.com/citations?view_op=view_citation&hl=en&user=4p48uSoAAAAJ&citation_for_view=4p48uSoAAAAJ:eQOLeE2rZwMC",
      "authors": "H Widjaja, K Gashteovski, WB Rim, P Liu, C Malon, D Ruffinelli, ...",
      "venue": "arXiv preprint arXiv:2208.11024, 2022",
      "year": 2022,
      "citations": 8
    },
    {
      "title": "You can teach an old dog new tricks! on training knowledge graph embeddings",
      "url": "https://scholar.google.com/citations?view_op=view_citation&hl=en&user=4p48uSoAAAAJ&citation_for_view=4p48uSoAAAAJ:2osOgNQ5qMEC",
      "authors": "D Ruffinelli, S Broscheit, R Gemulla",
      "venue": "ICLR, 2020",
      "year": 2020,
      "citations": 303
    },
    {
      "title": "LibKGE-A knowledge graph embedding library for reproducible research",
      "url": "https://scholar.google.com/citations?view_op=view_citation&hl=en&user=4p48uSoAAAAJ&citation_for_view=4p48uSoAAAAJ:YsMSGLbcyi4C",
      "authors": "S Broscheit, D Ruffinelli, A Kochsiek, P Betz, R Gemulla",
      "venue": "Proceedings of the 2020 conference on empirical methods in natural language …, 2020",
      "year": 2020,
      "citations": 119
    },
    {
      "title": "You can teach an old dog new tricks",
      "url": "https://scholar.google.com/citations?view_op=view_citation&hl=en&user=4p48uSoAAAAJ&citation_for_view=4p48uSoAAAAJ:roLk4NBRz8UC",
      "authors": "D Ruffinelli, S Broscheit, R Gemulla",
      "venue": "On training knowledge graph embeddings. ICLR 20, 2020",
      "year": 2020,
      "citations": 8
    },
    {
      "title": "Data and Web Science Group University of Mannheim, Germany broscheit, daniel, adrian@ informatik. uni-mannheim. de, pbetz@ mail. uni-mannheim. de",
      "url": "https://scholar.google.com/citations?view_op=view_citation&hl=en&user=4p48uSoAAAAJ&citation_for_view=4p48uSoAAAAJ:UeHWp8X0CEIC",
      "authors": "S Broscheit, D Ruffinelli, A Kochsiek, P Betz, R Gemulla",
      "venue": "EMNLP 2020, 165, 2020",
      "year": 2020,
      "citations": 0
    },
    {
      "title": "On evaluating embedding models for knowledge base completion",
      "url": "https://scholar.google.com/citations?view_op=view_citation&hl=en&user=4p48uSoAAAAJ&citation_for_view=4p48uSoAAAAJ:Y0pCki6q_DkC",
      "authors": "Y Wang, D Ruffinelli, R Gemulla, S Broscheit, C Meilicke",
      "venue": "Proceedings of the 4th Workshop on Representation Learning for NLP (RepL4NLP …, 2019",
      "year": 2019,
      "citations": 72
    },
    {
      "title": "An introduction to AnyBURL",
      "url": "https://scholar.google.com/citations?view_op=view_citation&hl=en&user=4p48uSoAAAAJ&citation_for_view=4p48uSoAAAAJ:qjMakFHDy7sC",
      "authors": "C Meilicke, MW Chekol, D Ruffinelli, H Stuckenschmidt",
      "venue": "Joint German/Austrian Conference on Artificial Intelligence (Künstliche …, 2019",
      "year": 2019,
      "citations": 23
    },
    {
      "title": "Fine-grained evaluation of rule-and embedding-based systems for knowledge graph completion",
      "url": "https://scholar.google.com/citations?view_op=view_citation&hl=en&user=4p48uSoAAAAJ&citation_for_view=4p48uSoAAAAJ:Tyk-4Ss8FVUC",
      "authors": "C Meilicke, M Fink, Y Wang, D Ruffinelli, R Gemulla, H Stuckenschmidt",
      "venue": "International semantic web conference, 3-20, 2018",
      "year": 2018,
      "citations": 274
    },
    {
      "title": "Linear nearest neighbor optimization in quantum circuits: a multiobjective perspective",
      "url": "https://scholar.google.com/citations?view_op=view_citation&hl=en&user=4p48uSoAAAAJ&citation_for_view=4p48uSoAAAAJ:IjCSPb-OGe4C",
      "authors": "D Ruffinelli, B Barán",
      "venue": "Quantum Information Processing 16 (9), 220, 2017",
      "year": 2017,
      "citations": 25
    },
    {
      "title": "Fast ABox consistency checking using incomplete reasoning and caching",
      "url": "https://scholar.google.com/citations?view_op=view_citation&hl=en&user=4p48uSoAAAAJ&citation_for_view=4p48uSoAAAAJ:W7OEmFMy1HYC",
      "authors": "C Meilicke, D Ruffinelli, A Nolle, H Paulheim, H Stuckenschmidt",
      "venue": "International Joint Conference on Rules and Reasoning, 168-183, 2017",
      "year": 2017,
      "citations": 14
    },
    {
      "title": "Towards Scalable Ontological Reasoning using Machine Learning.",
      "url": "https://scholar.google.com/citations?view_op=view_citation&hl=en&user=4p48uSoAAAAJ&citation_for_view=4p48uSoAAAAJ:9yKSN-GCB0IC",
      "authors": "D Ruffinelli",
      "venue": "RuleML+ RR (Supplement), 2017",
      "year": 2017,
      "citations": 4
    },
    {
      "title": "A multiobjective approach to linear nearest neighbor optimization for 2D quantum circuits",
      "url": "https://scholar.google.com/citations?view_op=view_citation&hl=en&user=4p48uSoAAAAJ&citation_for_view=4p48uSoAAAAJ:zYLM7Y9cAGgC",
      "authors": "D Ruffinelli, B Baran",
      "venue": "2016 XLII Latin American Computing Conference (CLEI), 1-8, 2016",
      "year": 2016,
      "citations": 5
    },
    {
      "title": "Workshop on Learning To Sense (L2S)",
      "url": "https://scholar.google.com/citations?view_op=view_citation&hl=en&user=4p48uSoAAAAJ&citation_for_view=4p48uSoAAAAJ:hqOjcs7Dif8C",
      "authors": "D Analytics, WD Mining, C People, C Matters, C Bizer, R Gemulla, ...",
      "venue": "Machine Learning 6 (l2s), l2s, 0",
      "citations": 0
    }
  ],
  "co_authors": [
    {
      "name": "Samuel Broscheit",
      "scholar_id": "Lz0pTxcAAAAJ",
      "url": "https://scholar.google.com/citations?user=Lz0pTxcAAAAJ"
    },
    {
      "name": "Christian Meilicke",
      "scholar_id": "S94MsswAAAAJ",
      "url": "https://scholar.google.com/citations?user=S94MsswAAAAJ"
    },
    {
      "name": "Heiner Stuckenschmidt",
      "scholar_id": "oqpT1YUAAAAJ",
      "url": "https://scholar.google.com/citations?user=oqpT1YUAAAAJ"
    },
    {
      "name": "Adrian Kochsiek",
      "scholar_id": "T_DxgacAAAAJ",
      "url": "https://scholar.google.com/citations?user=T_DxgacAAAAJ"
    },
    {
      "name": "Benjamin Baran",
      "scholar_id": "-i8xuxgAAAAJ",
      "url": "https://scholar.google.com/citations?user=-i8xuxgAAAAJ"
    },
    {
      "name": "Kiril Gashteovski",
      "scholar_id": "ZO5DW7MAAAAJ",
      "url": "https://scholar.google.com/citations?user=ZO5DW7MAAAAJ"
    }
  ]
}