{
  "author_info": {
    "name": "Willis Guo",
    "affiliation": "Carnegie Mellon University",
    "email_verified": "Verified email at andrew.cmu.edu - Homepage",
    "website": "https://willisguo14.github.io/",
    "interests": [],
    "photo_url": "/citations/images/avatar_scholar_128.png"
  },
  "citation_stats": {
    "citations_all": 41,
    "citations_since_2020": 41,
    "h_index_all": 3,
    "h_index_since_2020": 3,
    "i10_index_all": 3,
    "i10_index_since_2020": 3,
    "citation_graph": [
      {
        "year": 2024,
        "citations": 9
      },
      {
        "year": 2025,
        "citations": 31
      }
    ]
  },
  "papers": [
    {
      "title": "CoLoTa: A Dataset for Entity-based Commonsense Reasoning over Long-Tail Knowledge",
      "url": "https://scholar.google.com/citations?view_op=view_citation&hl=en&user=Orm_3AsAAAAJ&citation_for_view=Orm_3AsAAAAJ:u5HHmVD_uO8C",
      "authors": "A Toroghi, W Guo, S Sanner",
      "venue": "Proceedings of the 48th International ACM SIGIR Conference on Research and …, 2025",
      "year": 2025,
      "citations": 1
    },
    {
      "title": "Right for right reasons: Large language models for verifiable commonsense knowledge graph question answering",
      "url": "https://scholar.google.com/citations?view_op=view_citation&hl=en&user=Orm_3AsAAAAJ&citation_for_view=Orm_3AsAAAAJ:d1gkVwhDpl0C",
      "authors": "A Toroghi, W Guo, MMA Pour, S Sanner",
      "venue": "arXiv preprint arXiv:2403.01390, 2024",
      "year": 2024,
      "citations": 18
    },
    {
      "title": "Verifiable, debuggable, and repairable commonsense logical reasoning via llm-based theory resolution",
      "url": "https://scholar.google.com/citations?view_op=view_citation&hl=en&user=Orm_3AsAAAAJ&citation_for_view=Orm_3AsAAAAJ:u-x6o8ySG0sC",
      "authors": "A Toroghi, W Guo, A Pesaranghader, S Sanner",
      "venue": "Proceedings of the 2024 Conference on Empirical Methods in Natural Language …, 2024",
      "year": 2024,
      "citations": 11
    },
    {
      "title": "Cr-lt-kgqa: A knowledge graph question answering dataset requiring commonsense reasoning and long-tail knowledge",
      "url": "https://scholar.google.com/citations?view_op=view_citation&hl=en&user=Orm_3AsAAAAJ&citation_for_view=Orm_3AsAAAAJ:9yKSN-GCB0IC",
      "authors": "W Guo, A Toroghi, S Sanner",
      "venue": "arXiv preprint arXiv:2403.01395, 2024",
      "year": 2024,
      "citations": 11
    }
  ],
  "co_authors": []
}