{
  "author_info": {
    "name": "Zhenpeng Chen",
    "affiliation": "Research Fellow, Nanyang Technological University",
    "email_verified": "Verified email at ntu.edu.sg - Homepage",
    "website": "https://chenzhenpeng18.github.io/",
    "interests": [
      "Software Engineering",
      "Machine Learning",
      "Data Science",
      "Trustworthy AI"
    ],
    "photo_url": "https://scholar.googleusercontent.com/citations?view_op=view_photo&user=x_MdCmEAAAAJ&citpid=6"
  },
  "citation_stats": {
    "citations_all": 2804,
    "citations_since_2020": 2725,
    "h_index_all": 24,
    "h_index_since_2020": 24,
    "i10_index_all": 37,
    "i10_index_since_2020": 37,
    "citation_graph": [
      {
        "year": 2018,
        "citations": 28
      },
      {
        "year": 2019,
        "citations": 42
      },
      {
        "year": 2020,
        "citations": 64
      },
      {
        "year": 2021,
        "citations": 123
      },
      {
        "year": 2022,
        "citations": 218
      },
      {
        "year": 2023,
        "citations": 453
      },
      {
        "year": 2024,
        "citations": 712
      },
      {
        "year": 2025,
        "citations": 1129
      }
    ]
  },
  "papers": [
    {
      "title": "LLM-Powered Test Case Generation for Detecting Bugs in Plausible Programs",
      "url": "https://scholar.google.com/citations?view_op=view_citation&hl=en&user=x_MdCmEAAAAJ&citation_for_view=x_MdCmEAAAAJ:M3NEmzRMIkIC",
      "authors": "K Liu, Z Chen, Y Liu, JM Zhang, M Harman, Y Han, Y Ma, G Li, G Huang",
      "venue": "ACL 2025 Main Track, 2025",
      "year": 2025,
      "citations": 59
    },
    {
      "title": "Bias Mitigation for Machine Learning Classifiers: A Comprehensive Survey",
      "url": "https://scholar.google.com/citations?view_op=view_citation&hl=en&user=x_MdCmEAAAAJ&citation_for_view=x_MdCmEAAAAJ:aqlVkmm33-oC",
      "authors": "M Hort, Z Chen, JM Zhang, F Sarro, M Harman",
      "venue": "ACM Journal on Responsible Computing, 2024",
      "year": 2024,
      "citations": 337
    },
    {
      "title": "Large language model-based agents for software engineering: A survey",
      "url": "https://scholar.google.com/citations?view_op=view_citation&hl=en&user=x_MdCmEAAAAJ&citation_for_view=x_MdCmEAAAAJ:BqipwSGYUEgC",
      "authors": "J Liu, K Wang, Y Chen, X Peng, Z Chen, L Zhang, Y Lou",
      "venue": "arXiv preprint arXiv:2409.02977, 2024",
      "year": 2024,
      "citations": 139
    },
    {
      "title": "Fairness testing: A comprehensive survey and analysis of trends",
      "url": "https://scholar.google.com/citations?view_op=view_citation&hl=en&user=x_MdCmEAAAAJ&citation_for_view=x_MdCmEAAAAJ:mVmsd5A6BfQC",
      "authors": "Z Chen, JM Zhang, M Hort, M Harman, F Sarro",
      "venue": "ACM Transactions on Software Engineering and Methodology (TOSEM) 2024, 2024",
      "year": 2024,
      "citations": 136
    },
    {
      "title": "Fairness Improvement with Multiple Protected Attributes: How Far Are We?",
      "url": "https://scholar.google.com/citations?view_op=view_citation&hl=en&user=x_MdCmEAAAAJ&citation_for_view=x_MdCmEAAAAJ:bEWYMUwI8FkC",
      "authors": "Z Chen, J Zhang, F Sarro, M Harman",
      "venue": "The 46th International Conference on Software Engineering (ICSE 2024), 2024",
      "year": 2024,
      "citations": 56
    },
    {
      "title": "Rise of the Planet of Serverless Computing: A Systematic Review",
      "url": "https://scholar.google.com/citations?view_op=view_citation&hl=en&user=x_MdCmEAAAAJ&citation_for_view=x_MdCmEAAAAJ:M3ejUd6NZC8C",
      "authors": "J Wen, Z Chen, X Jin, X Liu",
      "venue": "ACM Transactions on Software Engineering and Methodology (TOSEM) 2023 32 (5 …, 2023",
      "year": 2023,
      "citations": 158
    },
    {
      "title": "A comprehensive empirical study of bias mitigation methods for machine learning classifiers",
      "url": "https://scholar.google.com/citations?view_op=view_citation&hl=en&user=x_MdCmEAAAAJ&citation_for_view=x_MdCmEAAAAJ:D03iK_w7-QYC",
      "authors": "Z Chen, JM Zhang, F Sarro, M Harman",
      "venue": "ACM transactions on software engineering and methodology 32 (4), 1-30, 2023",
      "year": 2023,
      "citations": 133
    },
    {
      "title": "FaaSLight: general application-level cold-start latency optimization for function-as-a-service in serverless computing",
      "url": "https://scholar.google.com/citations?view_op=view_citation&hl=en&user=x_MdCmEAAAAJ&citation_for_view=x_MdCmEAAAAJ:mB3voiENLucC",
      "authors": "X Liu, J Wen, Z Chen, D Li, J Chen, Y Liu, H Wang, X Jin",
      "venue": "ACM Transactions on Software Engineering and Methodology (TOSEM) 2023 32 (5 …, 2023",
      "year": 2023,
      "citations": 108
    },
    {
      "title": "MAAT: A Novel Ensemble Approach to Addressing Fairness and Performance Bugs for Machine Learning Software",
      "url": "https://scholar.google.com/citations?view_op=view_citation&hl=en&user=x_MdCmEAAAAJ&citation_for_view=x_MdCmEAAAAJ:_kc_bZDykSQC",
      "authors": "Z Chen, JM Zhang, F Sarro, M Harman",
      "venue": "ESEC/FSE 2022, 1122-1134, 2022",
      "year": 2022,
      "citations": 92
    },
    {
      "title": "FLASH: Heterogeneity-Aware Federated Learning at Scale",
      "url": "https://scholar.google.com/citations?view_op=view_citation&hl=en&user=x_MdCmEAAAAJ&citation_for_view=x_MdCmEAAAAJ:IWHjjKOFINEC",
      "authors": "C Yang, M Xu, Q Wang, Z Chen, K Huang, Y Ma, K Bian, G Huang, Y Liu, ...",
      "venue": "IEEE Transactions on Mobile Computing (TMC) 2022, 2022",
      "year": 2022,
      "citations": 51
    },
    {
      "title": "Characterizing impacts of heterogeneity in federated learning upon large-scale smartphone data",
      "url": "https://scholar.google.com/citations?view_op=view_citation&hl=en&user=x_MdCmEAAAAJ&citation_for_view=x_MdCmEAAAAJ:EUQCXRtRnyEC",
      "authors": "C Yang, Q Wang, M Xu, Z Chen, K Bian, Y Liu, X Liu",
      "venue": "Proceedings of the Web Conference 2021, 935-946, 2021",
      "year": 2021,
      "citations": 197
    },
    {
      "title": "An empirical study on challenges of application development in serverless computing",
      "url": "https://scholar.google.com/citations?view_op=view_citation&hl=en&user=x_MdCmEAAAAJ&citation_for_view=x_MdCmEAAAAJ:KlAtU1dfN6UC",
      "authors": "J Wen, Z Chen, Y Liu, Y Lou, Y Ma, G Huang, X Jin, X Liu",
      "venue": "ESEC/FSE 2021, 416-428, 2021",
      "year": 2021,
      "citations": 99
    },
    {
      "title": "An empirical study on deployment faults of deep learning based mobile applications",
      "url": "https://scholar.google.com/citations?view_op=view_citation&hl=en&user=x_MdCmEAAAAJ&citation_for_view=x_MdCmEAAAAJ:f2IySw72cVMC",
      "authors": "Z Chen, H Yao, Y Lou, Y Cao, Y Liu, H Wang, X Liu",
      "venue": "2021 IEEE/ACM 43rd International Conference on Software Engineering (ICSE …, 2021",
      "year": 2021,
      "citations": 98
    },
    {
      "title": "Emoji-powered sentiment and emotion detection from software developers’ communication data",
      "url": "https://scholar.google.com/citations?view_op=view_citation&hl=en&user=x_MdCmEAAAAJ&citation_for_view=x_MdCmEAAAAJ:b0M2c_1WBrUC",
      "authors": "Z Chen, Y Cao, H Yao, X Lu, X Peng, H Mei, X Liu",
      "venue": "ACM Transactions on Software Engineering and Methodology (TOSEM) 30 (2), 1-48, 2021",
      "year": 2021,
      "citations": 65
    },
    {
      "title": "Characterizing Commodity Serverless Computing Platforms",
      "url": "https://scholar.google.com/citations?view_op=view_citation&hl=en&user=x_MdCmEAAAAJ&citation_for_view=x_MdCmEAAAAJ:Zph67rFs4hoC",
      "authors": "J Wen, Y Liu, Z Chen, J Chen, Y Ma",
      "venue": "Journal of Software: Evolution and Process 35 (10), e2394, 2021",
      "year": 2021,
      "citations": 44
    },
    {
      "title": "A comprehensive study on challenges in deploying deep learning based software",
      "url": "https://scholar.google.com/citations?view_op=view_citation&hl=en&user=x_MdCmEAAAAJ&citation_for_view=x_MdCmEAAAAJ:cFHS6HbyZ2cC",
      "authors": "Z Chen, Y Cao, Y Liu, H Wang, T Xie, X Liu",
      "venue": "Proceedings of the 28th ACM joint meeting on European software engineering …, 2020",
      "year": 2020,
      "citations": 162
    },
    {
      "title": "Understanding Build Issue Resolution in Practice: Symptoms and Fix Patterns",
      "url": "https://scholar.google.com/citations?view_op=view_citation&hl=en&user=x_MdCmEAAAAJ&citation_for_view=x_MdCmEAAAAJ:ufrVoPGSRksC",
      "authors": "Y Lou, Z Chen, Y Cao, D Hao, L Zhang",
      "venue": "ESEC/FSE 2020, 617-628, 2020",
      "year": 2020,
      "citations": 46
    },
    {
      "title": "Emoji-Powered Representation Learning for Cross-Lingual Sentiment Classification",
      "url": "https://scholar.google.com/citations?view_op=view_citation&hl=en&user=x_MdCmEAAAAJ&citation_for_view=x_MdCmEAAAAJ:IjCSPb-OGe4C",
      "authors": "Z Chen, S Shen, Z Hu, X Lu, Q Mei, X Liu",
      "venue": "WWW 2019, Best Paper Award, 251-262, 2019",
      "year": 2019,
      "citations": 100
    },
    {
      "title": "SEntiMoji: An Emoji-Powered Learning Approach for Sentiment Analysis in Software Engineering",
      "url": "https://scholar.google.com/citations?view_op=view_citation&hl=en&user=x_MdCmEAAAAJ&citation_for_view=x_MdCmEAAAAJ:W7OEmFMy1HYC",
      "authors": "Z Chen, Y Cao, X Lu, Q Mei, X Liu",
      "venue": "ESEC/FSE 2019, 841-852, 2019",
      "year": 2019,
      "citations": 75
    },
    {
      "title": "Through a Gender Lens: Learning Usage Patterns of Emojis from Large-scale Android Users",
      "url": "https://scholar.google.com/citations?view_op=view_citation&hl=en&user=x_MdCmEAAAAJ&citation_for_view=x_MdCmEAAAAJ:9yKSN-GCB0IC",
      "authors": "Z Chen, X Lu, W Ai, H Li, Q Mei, X Liu",
      "venue": "WWW 2018, 763-772, 2018",
      "year": 2018,
      "citations": 253
    }
  ],
  "co_authors": [
    {
      "name": "Xuanzhe Liu",
      "scholar_id": "eOhSVi8AAAAJ",
      "url": "https://scholar.google.com/citations?user=eOhSVi8AAAAJ"
    },
    {
      "name": "Federica Sarro",
      "scholar_id": "nW9MDIQAAAAJ",
      "url": "https://scholar.google.com/citations?user=nW9MDIQAAAAJ"
    },
    {
      "name": "Jie M. Zhang",
      "scholar_id": "rPWRqf8AAAAJ",
      "url": "https://scholar.google.com/citations?user=rPWRqf8AAAAJ"
    },
    {
      "name": "Yun Ma",
      "scholar_id": "1hnJ3TgAAAAJ",
      "url": "https://scholar.google.com/citations?user=1hnJ3TgAAAAJ"
    },
    {
      "name": "Mark Harman",
      "scholar_id": "IwSN8IgAAAAJ",
      "url": "https://scholar.google.com/citations?user=IwSN8IgAAAAJ"
    },
    {
      "name": "Xuan Lu",
      "scholar_id": "vxvh-8oAAAAJ",
      "url": "https://scholar.google.com/citations?user=vxvh-8oAAAAJ"
    },
    {
      "name": "Yiling Lou",
      "scholar_id": "FTf12C0AAAAJ",
      "url": "https://scholar.google.com/citations?user=FTf12C0AAAAJ"
    },
    {
      "name": "Qiaozhu Mei",
      "scholar_id": "zr22WkQAAAAJ",
      "url": "https://scholar.google.com/citations?user=zr22WkQAAAAJ"
    },
    {
      "name": "Haoyu WANG (王浩宇)",
      "scholar_id": "b1Oh6BQAAAAJ",
      "url": "https://scholar.google.com/citations?user=b1Oh6BQAAAAJ"
    },
    {
      "name": "Yang Liu",
      "scholar_id": "_Pvgwd0AAAAJ",
      "url": "https://scholar.google.com/citations?user=_Pvgwd0AAAAJ"
    },
    {
      "name": "Max Hort",
      "scholar_id": "bdC0upIAAAAJ",
      "url": "https://scholar.google.com/citations?user=bdC0upIAAAAJ"
    },
    {
      "name": "Mengwei Xu",
      "scholar_id": "hFmJwKQAAAAJ",
      "url": "https://scholar.google.com/citations?user=hFmJwKQAAAAJ"
    },
    {
      "name": "Yunxin Liu",
      "scholar_id": "TFGBA9cAAAAJ",
      "url": "https://scholar.google.com/citations?user=TFGBA9cAAAAJ"
    },
    {
      "name": "Tao Xie",
      "scholar_id": "DhhH9J4AAAAJ",
      "url": "https://scholar.google.com/citations?user=DhhH9J4AAAAJ"
    },
    {
      "name": "Gang Huang",
      "scholar_id": "5FxmC14AAAAJ",
      "url": "https://scholar.google.com/citations?user=5FxmC14AAAAJ"
    },
    {
      "name": "Peng Xin",
      "scholar_id": "wATYGXEAAAAJ",
      "url": "https://scholar.google.com/citations?user=wATYGXEAAAAJ"
    },
    {
      "name": "Dan Hao",
      "scholar_id": "34W2ZrMAAAAJ",
      "url": "https://scholar.google.com/citations?user=34W2ZrMAAAAJ"
    },
    {
      "name": "Lingming Zhang",
      "scholar_id": "zzbWQE4AAAAJ",
      "url": "https://scholar.google.com/citations?user=zzbWQE4AAAAJ"
    },
    {
      "name": "Lu Zhang",
      "scholar_id": "JUnz2VcAAAAJ",
      "url": "https://scholar.google.com/citations?user=JUnz2VcAAAAJ"
    },
    {
      "name": "Hong Mei",
      "scholar_id": "QMIdsa8AAAAJ",
      "url": "https://scholar.google.com/citations?user=QMIdsa8AAAAJ"
    }
  ]
}