{
  "author_info": {
    "name": "Zhenwen Liang",
    "affiliation": "Tencent AI Lab@Seattle, USA",
    "email_verified": "Verified email at global.tencent.com - Homepage",
    "website": "http://zhenwen-nlp.github.io/",
    "interests": [
      "Natural Language Processing",
      "Math Reasoning",
      "Large Language Models"
    ],
    "photo_url": "https://scholar.googleusercontent.com/citations?view_op=view_photo&user=4rKhF2AAAAAJ&citpid=7"
  },
  "citation_stats": {
    "citations_all": 1584,
    "citations_since_2020": 1574,
    "h_index_all": 22,
    "h_index_since_2020": 22,
    "i10_index_all": 32,
    "i10_index_since_2020": 31,
    "citation_graph": [
      {
        "year": 2019,
        "citations": 6
      },
      {
        "year": 2020,
        "citations": 17
      },
      {
        "year": 2021,
        "citations": 76
      },
      {
        "year": 2022,
        "citations": 101
      },
      {
        "year": 2023,
        "citations": 202
      },
      {
        "year": 2024,
        "citations": 445
      },
      {
        "year": 2025,
        "citations": 728
      }
    ]
  },
  "papers": [
    {
      "title": "Deepmath-103k: A large-scale, challenging, decontaminated, and verifiable mathematical dataset for advancing reasoning",
      "url": "https://scholar.google.com/citations?view_op=view_citation&hl=en&user=4rKhF2AAAAAJ&citation_for_view=4rKhF2AAAAAJ:M3NEmzRMIkIC",
      "authors": "Z He, T Liang, J Xu, Q Liu, X Chen, Y Wang, L Song, D Yu, Z Liang, ...",
      "venue": "arXiv preprint arXiv:2504.11456, 2025",
      "year": 2025,
      "citations": 87
    },
    {
      "title": "Mmvu: Measuring expert-level multi-discipline video understanding",
      "url": "https://scholar.google.com/citations?view_op=view_citation&hl=en&user=4rKhF2AAAAAJ&citation_for_view=4rKhF2AAAAAJ:mB3voiENLucC",
      "authors": "Y Zhao, H Zhang, L Xie, T Hu, G Gan, Y Long, Z Hu, W Chen, C Li, Z Xu, ...",
      "venue": "Proceedings of the Computer Vision and Pattern Recognition Conference, 8475-8489, 2025",
      "year": 2025,
      "citations": 48
    },
    {
      "title": "Improving llm reasoning through scaling inference computation with collaborative verification",
      "url": "https://scholar.google.com/citations?view_op=view_citation&hl=en&user=4rKhF2AAAAAJ&citation_for_view=4rKhF2AAAAAJ:L8Ckcad2t8MC",
      "authors": "Z Liang, Y Liu, T Niu, X Zhang, Y Zhou, S Yavuz",
      "venue": "arXiv preprint arXiv:2410.05318, 2024",
      "year": 2024,
      "citations": 36
    },
    {
      "title": "Scemqa: A scientific college entrance level multimodal question answering benchmark",
      "url": "https://scholar.google.com/citations?view_op=view_citation&hl=en&user=4rKhF2AAAAAJ&citation_for_view=4rKhF2AAAAAJ:M3ejUd6NZC8C",
      "authors": "Z Liang, K Guo, G Liu, T Guo, Y Zhou, T Yang, J Jiao, R Pi, J Zhang, ...",
      "venue": "arXiv preprint arXiv:2402.05138, 2024",
      "year": 2024,
      "citations": 36
    },
    {
      "title": "Chain-of-layer: Iteratively prompting large language models for taxonomy induction from limited examples",
      "url": "https://scholar.google.com/citations?view_op=view_citation&hl=en&user=4rKhF2AAAAAJ&citation_for_view=4rKhF2AAAAAJ:qxL8FJ1GzNcC",
      "authors": "Q Zeng, Y Bai, Z Tan, S Feng, Z Liang, Z Zhang, M Jiang",
      "venue": "Proceedings of the 33rd ACM International Conference on Information and …, 2024",
      "year": 2024,
      "citations": 27
    },
    {
      "title": "Can llms solve molecule puzzles? a multimodal benchmark for molecular structure elucidation",
      "url": "https://scholar.google.com/citations?view_op=view_citation&hl=en&user=4rKhF2AAAAAJ&citation_for_view=4rKhF2AAAAAJ:IWHjjKOFINEC",
      "authors": "K Guo, B Nan, Y Zhou, T Guo, Z Guo, M Surve, Z Liang, N Chawla, ...",
      "venue": "Advances in Neural Information Processing Systems 37, 134721-134746, 2024",
      "year": 2024,
      "citations": 26
    },
    {
      "title": "Defending jailbreak prompts via in-context adversarial game",
      "url": "https://scholar.google.com/citations?view_op=view_citation&hl=en&user=4rKhF2AAAAAJ&citation_for_view=4rKhF2AAAAAJ:aqlVkmm33-oC",
      "authors": "Y Zhou, Y Han, H Zhuang, K Guo, Z Liang, H Bao, X Zhang",
      "venue": "arXiv preprint arXiv:2402.13148, 2024",
      "year": 2024,
      "citations": 26
    },
    {
      "title": "Mint: Boosting generalization in mathematical reasoning via multi-view fine-tuning",
      "url": "https://scholar.google.com/citations?view_op=view_citation&hl=en&user=4rKhF2AAAAAJ&citation_for_view=4rKhF2AAAAAJ:MXK_kJrjxJIC",
      "authors": "Z Liang, D Yu, X Pan, W Yao, Q Zeng, X Zhang, D Yu",
      "venue": "Proceedings of the 2024 Joint International Conference on Computational …, 2024",
      "year": 2024,
      "citations": 24
    },
    {
      "title": "What can large language models do in chemistry? a comprehensive benchmark on eight tasks",
      "url": "https://scholar.google.com/citations?view_op=view_citation&hl=en&user=4rKhF2AAAAAJ&citation_for_view=4rKhF2AAAAAJ:iH-uZ7U-co4C",
      "authors": "T Guo, B Nan, Z Liang, Z Guo, N Chawla, O Wiest, X Zhang",
      "venue": "Advances in Neural Information Processing Systems 36, 59662-59688, 2023",
      "year": 2023,
      "citations": 338
    },
    {
      "title": "Improving language models via plug-and-play retrieval feedback",
      "url": "https://scholar.google.com/citations?view_op=view_citation&hl=en&user=4rKhF2AAAAAJ&citation_for_view=4rKhF2AAAAAJ:0EnyYjriUFMC",
      "authors": "W Yu, Z Zhang, Z Liang, M Jiang, A Sabharwal",
      "venue": "arXiv preprint arXiv:2305.14002, 2023",
      "year": 2023,
      "citations": 95
    },
    {
      "title": "Let gpt be a math tutor: Teaching math word problem solvers with customized exercise generation",
      "url": "https://scholar.google.com/citations?view_op=view_citation&hl=en&user=4rKhF2AAAAAJ&citation_for_view=4rKhF2AAAAAJ:hqOjcs7Dif8C",
      "authors": "Z Liang, W Yu, T Rajpurohit, P Clark, X Zhang, A Kalyan",
      "venue": "Proceedings of the 2023 conference on empirical methods in natural language …, 2023",
      "year": 2023,
      "citations": 62
    },
    {
      "title": "Unimath: A foundational and multimodal mathematical reasoner",
      "url": "https://scholar.google.com/citations?view_op=view_citation&hl=en&user=4rKhF2AAAAAJ&citation_for_view=4rKhF2AAAAAJ:KlAtU1dfN6UC",
      "authors": "Z Liang, T Yang, J Zhang, X Zhang",
      "venue": "Proceedings of the 2023 Conference on Empirical Methods in Natural Language …, 2023",
      "year": 2023,
      "citations": 38
    },
    {
      "title": "Analogical math word problems solving with enhanced problem-solution association",
      "url": "https://scholar.google.com/citations?view_op=view_citation&hl=en&user=4rKhF2AAAAAJ&citation_for_view=4rKhF2AAAAAJ:Se3iqnhoufwC",
      "authors": "Z Liang, J Zhang, X Zhang",
      "venue": "arXiv preprint arXiv:2212.00837, 2022",
      "year": 2022,
      "citations": 26
    },
    {
      "title": "Mwp-bert: Numeracy-augmented pre-training for math word problem solving",
      "url": "https://scholar.google.com/citations?view_op=view_citation&hl=en&user=4rKhF2AAAAAJ&citation_for_view=4rKhF2AAAAAJ:k_IJM867U9cC",
      "authors": "Z Liang, J Zhang, L Wang, W Qin, Y Lan, J Shao, X Zhang",
      "venue": "arXiv preprint arXiv:2107.13435, 2021",
      "year": 2021,
      "citations": 144
    },
    {
      "title": "Solving Math Word Problems with Teacher Supervision.",
      "url": "https://scholar.google.com/citations?view_op=view_citation&hl=en&user=4rKhF2AAAAAJ&citation_for_view=4rKhF2AAAAAJ:Tyk-4Ss8FVUC",
      "authors": "Z Liang, X Zhang",
      "venue": "IJCAI, 3522-3528, 2021",
      "year": 2021,
      "citations": 31
    },
    {
      "title": "Artificial intelligence: The silver bullet for sustainable materials development",
      "url": "https://scholar.google.com/citations?view_op=view_citation&hl=en&user=4rKhF2AAAAAJ&citation_for_view=4rKhF2AAAAAJ:9yKSN-GCB0IC",
      "authors": "R Hardian, Z Liang, X Zhang, G Szekely",
      "venue": "Green Chemistry 22 (21), 7521-7528, 2020",
      "year": 2020,
      "citations": 89
    },
    {
      "title": "Traffic sign detection and recognition based on pyramidal convolutional networks",
      "url": "https://scholar.google.com/citations?view_op=view_citation&hl=en&user=4rKhF2AAAAAJ&citation_for_view=4rKhF2AAAAAJ:u-x6o8ySG0sC",
      "authors": "Z Liang, J Shao, D Zhang, L Gao",
      "venue": "Neural Computing and Applications 32 (11), 6533-6543, 2020",
      "year": 2020,
      "citations": 67
    },
    {
      "title": "Multi-branch networks for video super-resolution with dynamic reconstruction strategy",
      "url": "https://scholar.google.com/citations?view_op=view_citation&hl=en&user=4rKhF2AAAAAJ&citation_for_view=4rKhF2AAAAAJ:qjMakFHDy7sC",
      "authors": "D Zhang, J Shao, Z Liang, X Liu, HT Shen",
      "venue": "IEEE Transactions on Circuits and Systems for Video Technology 31 (10), 3954 …, 2020",
      "year": 2020,
      "citations": 28
    },
    {
      "title": "Large factor image super-resolution with cascaded convolutional neural networks",
      "url": "https://scholar.google.com/citations?view_op=view_citation&hl=en&user=4rKhF2AAAAAJ&citation_for_view=4rKhF2AAAAAJ:IjCSPb-OGe4C",
      "authors": "D Zhang, J Shao, Z Liang, L Gao, HT Shen",
      "venue": "IEEE Transactions on Multimedia 23, 2172-2184, 2020",
      "year": 2020,
      "citations": 27
    },
    {
      "title": "Small object detection using deep feature pyramid networks",
      "url": "https://scholar.google.com/citations?view_op=view_citation&hl=en&user=4rKhF2AAAAAJ&citation_for_view=4rKhF2AAAAAJ:2osOgNQ5qMEC",
      "authors": "Z Liang, J Shao, D Zhang, L Gao",
      "venue": "Pacific Rim Conference on Multimedia, 554-564, 2018",
      "year": 2018,
      "citations": 78
    }
  ],
  "co_authors": [
    {
      "name": "Xiangliang Zhang",
      "scholar_id": "BhRJe4wAAAAJ",
      "url": "https://scholar.google.com/citations?user=BhRJe4wAAAAJ"
    },
    {
      "name": "Jie Shao",
      "scholar_id": "ikbw5okAAAAJ",
      "url": "https://scholar.google.com/citations?user=ikbw5okAAAAJ"
    },
    {
      "name": "Dong Yu (俞栋)",
      "scholar_id": "tMY31_gAAAAJ",
      "url": "https://scholar.google.com/citations?user=tMY31_gAAAAJ"
    },
    {
      "name": "Nitesh V Chawla, Fellow: ACM, IEEE,...",
      "scholar_id": "hDLBEhkAAAAJ",
      "url": "https://scholar.google.com/citations?user=hDLBEhkAAAAJ"
    },
    {
      "name": "Jipeng Zhang",
      "scholar_id": "q0De288AAAAJ",
      "url": "https://scholar.google.com/citations?user=q0De288AAAAJ"
    },
    {
      "name": "Haitao Mi",
      "scholar_id": "G3OMbFSm858C",
      "url": "https://scholar.google.com/citations?user=G3OMbFSm858C"
    },
    {
      "name": "Wenhao Yu",
      "scholar_id": "z4qSdX8AAAAJ",
      "url": "https://scholar.google.com/citations?user=z4qSdX8AAAAJ"
    },
    {
      "name": "Dian Yu",
      "scholar_id": "ERdzqyYAAAAJ",
      "url": "https://scholar.google.com/citations?user=ERdzqyYAAAAJ"
    },
    {
      "name": "Wenlin Yao",
      "scholar_id": "qwo2A24AAAAJ",
      "url": "https://scholar.google.com/citations?user=qwo2A24AAAAJ"
    },
    {
      "name": "Peter Clark",
      "scholar_id": "o-5vyEsAAAAJ",
      "url": "https://scholar.google.com/citations?user=o-5vyEsAAAAJ"
    },
    {
      "name": "Yingbo Zhou",
      "scholar_id": "H_6RQ7oAAAAJ",
      "url": "https://scholar.google.com/citations?user=H_6RQ7oAAAAJ"
    },
    {
      "name": "Semih Yavuz",
      "scholar_id": "krh3p8AAAAAJ",
      "url": "https://scholar.google.com/citations?user=krh3p8AAAAAJ"
    },
    {
      "name": "Linfeng Song",
      "scholar_id": "yWZdmLYAAAAJ",
      "url": "https://scholar.google.com/citations?user=yWZdmLYAAAAJ"
    },
    {
      "name": "Xiaoman Pan",
      "scholar_id": "tRPF03IAAAAJ",
      "url": "https://scholar.google.com/citations?user=tRPF03IAAAAJ"
    }
  ]
}