{
  "author_info": {
    "name": "Rakesh R Menon",
    "affiliation": "Adobe Inc.",
    "email_verified": "Verified email at cs.unc.edu - Homepage",
    "website": "http://cs.unc.edu/~rrmenon",
    "interests": [
      "Natural Language Processing",
      "Reinforcement Learning",
      "Deep Learning",
      "Computer Vision"
    ],
    "photo_url": "https://scholar.googleusercontent.com/citations?view_op=view_photo&user=GyFb98kAAAAJ&citpid=2"
  },
  "citation_stats": {
    "citations_all": 405,
    "citations_since_2020": 386,
    "h_index_all": 8,
    "h_index_since_2020": 8,
    "i10_index_all": 6,
    "i10_index_since_2020": 6,
    "citation_graph": [
      {
        "year": 2018,
        "citations": 3
      },
      {
        "year": 2019,
        "citations": 14
      },
      {
        "year": 2020,
        "citations": 13
      },
      {
        "year": 2021,
        "citations": 41
      },
      {
        "year": 2022,
        "citations": 62
      },
      {
        "year": 2023,
        "citations": 75
      },
      {
        "year": 2024,
        "citations": 96
      },
      {
        "year": 2025,
        "citations": 98
      }
    ]
  },
  "papers": [
    {
      "title": "INTERACT: Enabling Interactive, Question-Driven Learning in Large Language Models",
      "url": "https://scholar.google.com/citations?view_op=view_citation&hl=en&user=GyFb98kAAAAJ&citation_for_view=GyFb98kAAAAJ:8k81kl-MbHgC",
      "authors": "A Kendapadi, K Zaman, RR Menon, S Srivastava",
      "venue": "ACL 2025, 2025",
      "year": 2025,
      "citations": 6
    },
    {
      "title": "Fisql: Enhancing text-to-sql systems with rich interactive feedback",
      "url": "https://scholar.google.com/citations?view_op=view_citation&hl=en&user=GyFb98kAAAAJ&citation_for_view=GyFb98kAAAAJ:MXK_kJrjxJIC",
      "authors": "RR Menon, K Qian, L Chen, I Joshi, D Pandyan, J Harrison, S Srivastava, ...",
      "venue": "Proceedings 28th International Conference on Extending Database Technology …, 2025",
      "year": 2025,
      "citations": 4
    },
    {
      "title": "Explaining Differences Between Model Pairs in Natural Language through Sample Learning",
      "url": "https://scholar.google.com/citations?view_op=view_citation&hl=en&user=GyFb98kAAAAJ&citation_for_view=GyFb98kAAAAJ:kNdYIx-mwKoC",
      "authors": "A Malladi, RR Menon, Y Jain, S Srivastava",
      "venue": "Proceedings of the 2025 Conference on Empirical Methods in Natural Language …, 2025",
      "year": 2025,
      "citations": 0
    },
    {
      "title": "Differentiate positive and negative weak labels with robust training in bootstrapping framework",
      "url": "https://scholar.google.com/citations?view_op=view_citation&hl=en&user=GyFb98kAAAAJ&citation_for_view=GyFb98kAAAAJ:5nxA0vEk-isC",
      "authors": "RR Menon, W Bingqing, J Araki, Z Zhou, Z Feng",
      "venue": "US Patent App. 18/345,162, 2025",
      "year": 2025,
      "citations": 0
    },
    {
      "title": "Using Language for Efficient, Explainable, and Interactive Machine Learning",
      "url": "https://scholar.google.com/citations?view_op=view_citation&hl=en&user=GyFb98kAAAAJ&citation_for_view=GyFb98kAAAAJ:3fE2CSJIrl8C",
      "authors": "RR Menon",
      "venue": "The University of North Carolina at Chapel Hill, 2025",
      "year": 2025,
      "citations": 0
    },
    {
      "title": "SocialGaze: Improving the Integration of Human Social Norms in Large Language Models",
      "url": "https://scholar.google.com/citations?view_op=view_citation&hl=en&user=GyFb98kAAAAJ&citation_for_view=GyFb98kAAAAJ:UebtZRa9Y70C",
      "authors": "AR Vijjini*, RR Menon*, J Fu, S Srivastava, S Chaturvedi",
      "venue": "Findings of EMNLP 2024, 2024",
      "year": 2024,
      "citations": 9
    },
    {
      "title": "DISCERN: Decoding Systematic Errors in Natural Language for Text Classifiers",
      "url": "https://scholar.google.com/citations?view_op=view_citation&hl=en&user=GyFb98kAAAAJ&citation_for_view=GyFb98kAAAAJ:hqOjcs7Dif8C",
      "authors": "RR Menon, S Srivastava",
      "venue": "EMNLP 2024, 2024",
      "year": 2024,
      "citations": 8
    },
    {
      "title": "DelucionQA: Detecting Hallucinations in Domain-specific Question Answering",
      "url": "https://scholar.google.com/citations?view_op=view_citation&hl=en&user=GyFb98kAAAAJ&citation_for_view=GyFb98kAAAAJ:roLk4NBRz8UC",
      "authors": "M Sadat, Z Zhou, L Lange, J Araki, A Gundroo, B Wang, RR Menon, ...",
      "venue": "Findings of EMNLP 2023, 2023",
      "year": 2023,
      "citations": 66
    },
    {
      "title": "MaNtLE: Model-agnostic Natural Language Explainer",
      "url": "https://scholar.google.com/citations?view_op=view_citation&hl=en&user=GyFb98kAAAAJ&citation_for_view=GyFb98kAAAAJ:WF5omc3nYNoC",
      "authors": "RR Menon, K Zaman, S Srivastava",
      "venue": "EMNLP 2023, 2023",
      "year": 2023,
      "citations": 11
    },
    {
      "title": "Leveraging Multiple Teachers for Test-Time Adaptation of Language-Guided Classifiers",
      "url": "https://scholar.google.com/citations?view_op=view_citation&hl=en&user=GyFb98kAAAAJ&citation_for_view=GyFb98kAAAAJ:Se3iqnhoufwC",
      "authors": "K Wei, S Ghosh, RR Menon, S Srivastava",
      "venue": "Findings of EMNLP 2023, 2023",
      "year": 2023,
      "citations": 4
    },
    {
      "title": "Pragmatic Reasoning Unlocks Quantifier Semantics for Foundation Models",
      "url": "https://scholar.google.com/citations?view_op=view_citation&hl=en&user=GyFb98kAAAAJ&citation_for_view=GyFb98kAAAAJ:LkGwnXOMwfcC",
      "authors": "Y Li, RR Menon, S Ghosh, S Srivastava",
      "venue": "EMNLP 2023, 2023",
      "year": 2023,
      "citations": 4
    },
    {
      "title": "LaSQuE: Improved Zero-Shot Classification from Explanations Through Quantifier Modeling and Curriculum Learning",
      "url": "https://scholar.google.com/citations?view_op=view_citation&hl=en&user=GyFb98kAAAAJ&citation_for_view=GyFb98kAAAAJ:Tyk-4Ss8FVUC",
      "authors": "S Ghosh*, RR Menon*, S Srivastava",
      "venue": "Findings of ACL 2023, 2023",
      "year": 2023,
      "citations": 4
    },
    {
      "title": "CoAug: Combining Augmentation of Labels and Labelling Rules",
      "url": "https://scholar.google.com/citations?view_op=view_citation&hl=en&user=GyFb98kAAAAJ&citation_for_view=GyFb98kAAAAJ:ufrVoPGSRksC",
      "authors": "RR Menon, B Wang, J Araki, Z Zhou, Z Feng, L Ren",
      "venue": "Findings of the Association for Computational Linguistics: ACL 2023, 9062-9071, 2023",
      "year": 2023,
      "citations": 3
    },
    {
      "title": "CLUES: A Benchmark for Learning Classifiers using Natural Language Explanations",
      "url": "https://scholar.google.com/citations?view_op=view_citation&hl=en&user=GyFb98kAAAAJ&citation_for_view=GyFb98kAAAAJ:IjCSPb-OGe4C",
      "authors": "RR Menon*, S Ghosh*, S Srivastava",
      "venue": "ACL 2022, 2022",
      "year": 2022,
      "citations": 14
    },
    {
      "title": "Improving and Simplifying Pattern Exploiting Training",
      "url": "https://scholar.google.com/citations?view_op=view_citation&hl=en&user=GyFb98kAAAAJ&citation_for_view=GyFb98kAAAAJ:UeHWp8X0CEIC",
      "authors": "D Tam*, RR Menon*, M Bansal, S Srivastava, C Raffel",
      "venue": "EMNLP 2021, 2021",
      "year": 2021,
      "citations": 171
    },
    {
      "title": "The Best of Both Worlds: Combining CNNs and Geometric Constraints for Hierarchical Motion Segmentation",
      "url": "https://scholar.google.com/citations?view_op=view_citation&hl=en&user=GyFb98kAAAAJ&citation_for_view=GyFb98kAAAAJ:d1gkVwhDpl0C",
      "authors": "P Bideau, A RoyChowdhury, RR Menon, E Learned-Miller",
      "venue": "Proceedings of the IEEE Conference on Computer Vision and Pattern …, 2018",
      "year": 2018,
      "citations": 60
    },
    {
      "title": "MoA-Net: self-supervised motion segmentation",
      "url": "https://scholar.google.com/citations?view_op=view_citation&hl=en&user=GyFb98kAAAAJ&citation_for_view=GyFb98kAAAAJ:2osOgNQ5qMEC",
      "authors": "P Bideau, RR Menon, E Learned-Miller",
      "venue": "Proceedings of the European Conference on Computer Vision (ECCV) Workshops, 0-0, 2018",
      "year": 2018,
      "citations": 37
    },
    {
      "title": "Shared Learning : Enhancing Reinforcement in -Ensembles",
      "url": "https://scholar.google.com/citations?view_op=view_citation&hl=en&user=GyFb98kAAAAJ&citation_for_view=GyFb98kAAAAJ:u-x6o8ySG0sC",
      "authors": "RR Menon, B Ravindran",
      "venue": "arXiv preprint arXiv:1709.04909, 2017",
      "year": 2017,
      "citations": 3
    },
    {
      "title": "Shared Learning in Ensemble Deep Q-Networks",
      "url": "https://scholar.google.com/citations?view_op=view_citation&hl=en&user=GyFb98kAAAAJ&citation_for_view=GyFb98kAAAAJ:u5HHmVD_uO8C",
      "authors": "RR Menon, MS Halvagal, B Ravindran",
      "venue": "RLDM 2017, 0",
      "year": 2017,
      "citations": 1
    },
    {
      "title": "Enhancing Reinforcement through Ensemble Learning",
      "url": "https://scholar.google.com/citations?view_op=view_citation&hl=en&user=GyFb98kAAAAJ&citation_for_view=GyFb98kAAAAJ:0EnyYjriUFMC",
      "authors": "RR MENON",
      "venue": "INDIAN INSTITUTE OF TECHNOLOGY MADRAS, 2017",
      "year": 2017,
      "citations": 0
    }
  ],
  "co_authors": [
    {
      "name": "Shashank Srivastava",
      "scholar_id": "-vKI5s0AAAAJ",
      "url": "https://scholar.google.com/citations?user=-vKI5s0AAAAJ"
    },
    {
      "name": "Erik Learned-Miller",
      "scholar_id": "Li-BrU4AAAAJ",
      "url": "https://scholar.google.com/citations?user=Li-BrU4AAAAJ"
    },
    {
      "name": "Balaraman Ravindran",
      "scholar_id": "nGUcGrYAAAAJ",
      "url": "https://scholar.google.com/citations?user=nGUcGrYAAAAJ"
    }
  ]
}