{
  "author_info": {
    "name": "ni xuanfan",
    "affiliation": "Alibaba International",
    "email_verified": "Verified email at alibaba-inc.com",
    "interests": [
      "Natural Language Generation",
      "Large Language Models"
    ],
    "photo_url": "https://scholar.googleusercontent.com/citations?view_op=view_photo&user=LgeFCiQAAAAJ&citpid=5"
  },
  "citation_stats": {
    "citations_all": 77,
    "citations_since_2020": 77,
    "h_index_all": 6,
    "h_index_since_2020": 6,
    "i10_index_all": 3,
    "i10_index_since_2020": 3,
    "citation_graph": [
      {
        "year": 2022,
        "citations": 1
      },
      {
        "year": 2023,
        "citations": 4
      },
      {
        "year": 2024,
        "citations": 29
      },
      {
        "year": 2025,
        "citations": 43
      }
    ]
  },
  "papers": [
    {
      "title": "Towards widening the distillation bottleneck for reasoning models",
      "url": "https://scholar.google.com/citations?view_op=view_citation&hl=en&user=LgeFCiQAAAAJ&citation_for_view=LgeFCiQAAAAJ:Y0pCki6q_DkC",
      "authors": "H Yin, Y Zhao, M Wu, X Ni, B Zeng, H Wang, T Shi, L Shao, C Lyu, ...",
      "venue": "arXiv e-prints, arXiv: 2503.01461, 2025",
      "year": 2025,
      "citations": 7
    },
    {
      "title": "Marco-Bench-MIF: On Multilingual Instruction-Following Capability of Large Language",
      "url": "https://scholar.google.com/citations?view_op=view_citation&hl=en&user=LgeFCiQAAAAJ&citation_for_view=LgeFCiQAAAAJ:W7OEmFMy1HYC",
      "authors": "B Zeng, C Lyu, S Liu, M Zeng, M Wu, X Ni, T Shi, Y Zhao, Y Liu, C Zhu, ...",
      "venue": "Proceedings of the 63rd Annual Meeting of the Association for Computational …, 2025",
      "year": 2025,
      "citations": 3
    },
    {
      "title": "Marco-voice technical report",
      "url": "https://scholar.google.com/citations?view_op=view_citation&hl=en&user=LgeFCiQAAAAJ&citation_for_view=LgeFCiQAAAAJ:YsMSGLbcyi4C",
      "authors": "F Tian, C Lyu, X Ni, H Sun, Q Li, Z Qian, H Li, L Wang, Z Xu, W Luo, ...",
      "venue": "arXiv preprint arXiv:2508.02038, 2025",
      "year": 2025,
      "citations": 1
    },
    {
      "title": "Marco-o1 v2: Towards Widening The Distillation Bottleneck for Reasoning Models",
      "url": "https://scholar.google.com/citations?view_op=view_citation&hl=en&user=LgeFCiQAAAAJ&citation_for_view=LgeFCiQAAAAJ:zYLM7Y9cAGgC",
      "authors": "H Yin, Y Zhao, M Wu, X Ni, B Zeng, T Shi, L Shao, C Lyu, L Wang, W Luo, ...",
      "venue": "Proceedings of the 63rd Annual Meeting of the Association for Computational …, 2025",
      "year": 2025,
      "citations": 0
    },
    {
      "title": "DBudgetKV: Dynamic Budget in KV Cache Compression for Ensuring Optimal Performance",
      "url": "https://scholar.google.com/citations?view_op=view_citation&hl=en&user=LgeFCiQAAAAJ&citation_for_view=LgeFCiQAAAAJ:Tyk-4Ss8FVUC",
      "authors": "X Ni, L Xu, C Lyu, L Wang, M Yu, L Liu, F Meng, J Zhou, P Li",
      "venue": "arXiv preprint arXiv:2502.16886, 2025",
      "year": 2025,
      "citations": 0
    },
    {
      "title": "XLBench: A Benchmark for Extremely Long Context Understanding with Long-range Dependencies",
      "url": "https://scholar.google.com/citations?view_op=view_citation&hl=en&user=LgeFCiQAAAAJ&citation_for_view=LgeFCiQAAAAJ:qjMakFHDy7sC",
      "authors": "X Ni, H Cai, X Wei, S Wang, D Yin, P Li",
      "venue": "arXiv preprint arXiv:2404.05446, 2024",
      "year": 2024,
      "citations": 14
    },
    {
      "title": "A systematic evaluation of large language models for natural language generation tasks",
      "url": "https://scholar.google.com/citations?view_op=view_citation&hl=en&user=LgeFCiQAAAAJ&citation_for_view=LgeFCiQAAAAJ:UeHWp8X0CEIC",
      "authors": "X Ni, P Li",
      "venue": "arXiv preprint arXiv:2405.10251, 2024",
      "year": 2024,
      "citations": 9
    },
    {
      "title": "Unified text structuralization with instruction-tuned language models",
      "url": "https://scholar.google.com/citations?view_op=view_citation&hl=en&user=LgeFCiQAAAAJ&citation_for_view=LgeFCiQAAAAJ:u-x6o8ySG0sC",
      "authors": "X Ni, P Li, H Li",
      "venue": "arXiv preprint arXiv:2303.14956, 2023",
      "year": 2023,
      "citations": 17
    },
    {
      "title": "A Systematic Evaluation of Large Language Models for Natural Language Generation Tasks",
      "url": "https://scholar.google.com/citations?view_op=view_citation&hl=en&user=LgeFCiQAAAAJ&citation_for_view=LgeFCiQAAAAJ:u5HHmVD_uO8C",
      "authors": "N Xuanfan, L Piji",
      "venue": "Proceedings of the 22nd Chinese National Conference on Computational …, 2023",
      "year": 2023,
      "citations": 16
    },
    {
      "title": "Multi-source multi-type knowledge exploration and exploitation for dialogue generation",
      "url": "https://scholar.google.com/citations?view_op=view_citation&hl=en&user=LgeFCiQAAAAJ&citation_for_view=LgeFCiQAAAAJ:9yKSN-GCB0IC",
      "authors": "X Ni, H Dai, Z Ren, P Li",
      "venue": "Proceedings of the 2023 Conference on Empirical Methods in Natural Language …, 2023",
      "year": 2023,
      "citations": 8
    },
    {
      "title": "Neural Machine Translation for Chinese Patent Medicine Instructions",
      "url": "https://scholar.google.com/citations?view_op=view_citation&hl=en&user=LgeFCiQAAAAJ&citation_for_view=LgeFCiQAAAAJ:d1gkVwhDpl0C",
      "authors": "X Ji, Y Cao, X Ni, X Wang, X Mao, P Li, C Guo",
      "venue": "Proceedings of the 2023 International Joint Conference on Robotics and …, 2023",
      "year": 2023,
      "citations": 1
    },
    {
      "title": "融合提示学习的故事生成方法 (A Story Generation Method Incorporating Prompt Learning)",
      "url": "https://scholar.google.com/citations?view_op=view_citation&hl=en&user=LgeFCiQAAAAJ&citation_for_view=LgeFCiQAAAAJ:2osOgNQ5qMEC",
      "authors": "X Ni, P Li",
      "venue": "Proceedings of the 21st Chinese National Conference on Computational …, 2022",
      "year": 2022,
      "citations": 1
    }
  ],
  "co_authors": [
    {
      "name": "Piji Li (李丕绩)",
      "scholar_id": "88ZlyicAAAAJ",
      "url": "https://scholar.google.com/citations?user=88ZlyicAAAAJ"
    },
    {
      "name": "Hongliang Dai",
      "scholar_id": "UE0zIG4AAAAJ",
      "url": "https://scholar.google.com/citations?user=UE0zIG4AAAAJ"
    },
    {
      "name": "Zhaochun Ren",
      "scholar_id": "fPcIPt0AAAAJ",
      "url": "https://scholar.google.com/citations?user=fPcIPt0AAAAJ"
    }
  ]
}