{
  "author_info": {
    "name": "Wenlong Zhao",
    "affiliation": "University of Massachusetts Amherst",
    "email_verified": "Verified email at umass.edu",
    "interests": [
      "Machine Learning",
      "Natural Language Processing",
      "Computational Sustainability"
    ],
    "photo_url": "/citations/images/avatar_scholar_128.png"
  },
  "citation_stats": {
    "citations_all": 312,
    "citations_since_2020": 312,
    "h_index_all": 10,
    "h_index_since_2020": 10,
    "i10_index_all": 12,
    "i10_index_since_2020": 12,
    "citation_graph": [
      {
        "year": 2021,
        "citations": 4
      },
      {
        "year": 2022,
        "citations": 7
      },
      {
        "year": 2023,
        "citations": 21
      },
      {
        "year": 2024,
        "citations": 87
      },
      {
        "year": 2025,
        "citations": 189
      }
    ]
  },
  "papers": [
    {
      "title": "OpenUnlearning: Accelerating LLM Unlearning via Unified Benchmarking of Methods and Metrics",
      "url": "https://scholar.google.com/citations?view_op=view_citation&hl=en&user=i0lW2EAAAAAJ&citation_for_view=i0lW2EAAAAAJ:qxL8FJ1GzNcC",
      "authors": "V Dorna*, A Mekala*, W Zhao, A McCallum, ZC Lipton, JZ Kolter, P Maini",
      "venue": "arXiv preprint arXiv:2506.12618, 2025",
      "year": 2025,
      "citations": 11
    },
    {
      "title": "Continental Connections: Changing Temperature, Wind and Precipitation Advance the Postbreeding Roosting Phenology of Avian Aerial Insectivores",
      "url": "https://scholar.google.com/citations?view_op=view_citation&hl=en&user=i0lW2EAAAAAJ&citation_for_view=i0lW2EAAAAAJ:M3ejUd6NZC8C",
      "authors": "Y Deng, B Haest, MCTD Belotti, W Zhao, G Perez, EK Tielens, ...",
      "venue": "Global Ecology and Biogeography 34 (5), e70052, 2025",
      "year": 2025,
      "citations": 2
    },
    {
      "title": "Hop, Skip, and Overthink: Diagnosing Why Reasoning Models Fumble during Multi-Hop Analysis",
      "url": "https://scholar.google.com/citations?view_op=view_citation&hl=en&user=i0lW2EAAAAAJ&citation_for_view=i0lW2EAAAAAJ:Wp0gIr-vW9MC",
      "authors": "A Yadav*, I Nalawade*, S Pillarichety*, Y Babu*, R Ghosh, S Basu, ...",
      "venue": "arXiv preprint arXiv:2508.04699, 2025",
      "year": 2025,
      "citations": 1
    },
    {
      "title": "Active Measurement: Efficient Estimation at Scale",
      "url": "https://scholar.google.com/citations?view_op=view_citation&hl=en&user=i0lW2EAAAAAJ&citation_for_view=i0lW2EAAAAAJ:4DMP91E08xMC",
      "authors": "M Hamilton*, J Lai*, W Zhao, S Maji, D Sheldon",
      "venue": "arXiv preprint arXiv:2507.01372, 2025",
      "year": 2025,
      "citations": 1
    },
    {
      "title": "Worldvaluesbench: A large-scale benchmark dataset for multi-cultural value awareness of language models",
      "url": "https://scholar.google.com/citations?view_op=view_citation&hl=en&user=i0lW2EAAAAAJ&citation_for_view=i0lW2EAAAAAJ:hC7cP41nSMkC",
      "authors": "W Zhao, D Mondal, N Tandon, D Dillion, K Gray, Y Gu",
      "venue": "arXiv preprint arXiv:2404.16308, 2024",
      "year": 2024,
      "citations": 40
    },
    {
      "title": "Unveiling the secret recipe: A guide for supervised fine-tuning small llms",
      "url": "https://scholar.google.com/citations?view_op=view_citation&hl=en&user=i0lW2EAAAAAJ&citation_for_view=i0lW2EAAAAAJ:IWHjjKOFINEC",
      "authors": "A Pareja, NS Nayak, H Wang, K Killamsetty, S Sudalairaj, W Zhao, S Han, ...",
      "venue": "arXiv preprint arXiv:2412.13337, 2024",
      "year": 2024,
      "citations": 32
    },
    {
      "title": "Faithfulness Hallucination Detection in Healthcare AI",
      "url": "https://scholar.google.com/citations?view_op=view_citation&hl=en&user=i0lW2EAAAAAJ&citation_for_view=i0lW2EAAAAAJ:MXK_kJrjxJIC",
      "authors": "PR Vishwanath*, S Tiwari*, TG Naik*, S Gupta*, DN Thai*, W Zhao*, ...",
      "venue": "KDD 2024 Workshop - Artificial Intelligence and Data Science for Healthcare …, 2024",
      "year": 2024,
      "citations": 31
    },
    {
      "title": "Multistage Collaborative Knowledge Distillation from a Large Language Model for Semi-Supervised Sequence Generation",
      "url": "https://scholar.google.com/citations?view_op=view_citation&hl=en&user=i0lW2EAAAAAJ&citation_for_view=i0lW2EAAAAAJ:3fE2CSJIrl8C",
      "authors": "J Zhao, W Zhao*, A Drozdov*, B Rozonoyer, A Sultan, J Lee, M Iyyer, ...",
      "venue": "The 62th Annual Meeting of the Association for Computational Linguistics …, 2024",
      "year": 2024,
      "citations": 24
    },
    {
      "title": "Quantifying reliance on external information over parametric knowledge during Retrieval Augmented Generation (RAG) using mechanistic analysis",
      "url": "https://scholar.google.com/citations?view_op=view_citation&hl=en&user=i0lW2EAAAAAJ&citation_for_view=i0lW2EAAAAAJ:kNdYIx-mwKoC",
      "authors": "R Ghosh, R Seetharaman, H Wadhwa, S Aggarwal, S Basu, S Srinivasan, ...",
      "venue": "The 7th BlackboxNLP Workshop, 2024",
      "year": 2024,
      "citations": 18
    },
    {
      "title": "Using spatiotemporal information in weather radar data to detect and track communal roosts",
      "url": "https://scholar.google.com/citations?view_op=view_citation&hl=en&user=i0lW2EAAAAAJ&citation_for_view=i0lW2EAAAAAJ:UeHWp8X0CEIC",
      "authors": "G Perez*, W Zhao*, Z Cheng, MCTD Belotti, Y Deng, VF Simons, ...",
      "venue": "Remote Sensing in Ecology and Conservation, 2024",
      "year": 2024,
      "citations": 10
    },
    {
      "title": "Comparing Neighbors Together Makes it Easy: Jointly Comparing Multiple Candidates for Efficient and Effective Retrieval",
      "url": "https://scholar.google.com/citations?view_op=view_citation&hl=en&user=i0lW2EAAAAAJ&citation_for_view=i0lW2EAAAAAJ:5nxA0vEk-isC",
      "authors": "J Song, C Jin, W Zhao, A McCallum, JY Lee",
      "venue": "The 2024 Conference on Empirical Methods in Natural Language Processing …, 2024",
      "year": 2024,
      "citations": 3
    },
    {
      "title": "Editing Common Sense in Transformers",
      "url": "https://scholar.google.com/citations?view_op=view_citation&hl=en&user=i0lW2EAAAAAJ&citation_for_view=i0lW2EAAAAAJ:hqOjcs7Dif8C",
      "authors": "A Gupta*, D Mondal*, A Sheshadri*, W Zhao, X Li, S Wiegreffe, N Tandon",
      "venue": "Proceedings of the 2023 Conference on Empirical Methods in Natural Language …, 2023",
      "year": 2023,
      "citations": 56
    },
    {
      "title": "Long‐term analysis of persistence and size of swallow and martin roosts in the US Great Lakes",
      "url": "https://scholar.google.com/citations?view_op=view_citation&hl=en&user=i0lW2EAAAAAJ&citation_for_view=i0lW2EAAAAAJ:-f6ydRqryjwC",
      "authors": "MCTD Belotti, Y Deng, W Zhao, VF Simons, Z Cheng, G Perez, E Tielens, ...",
      "venue": "Remote Sensing in Ecology and Conservation 9 (4), 469-482, 2023",
      "year": 2023,
      "citations": 15
    },
    {
      "title": "Quantifying long‐term phenological patterns of aerial insectivores roosting in the Great Lakes region using weather surveillance radar",
      "url": "https://scholar.google.com/citations?view_op=view_citation&hl=en&user=i0lW2EAAAAAJ&citation_for_view=i0lW2EAAAAAJ:zYLM7Y9cAGgC",
      "authors": "Y Deng, MCTD Belotti, W Zhao, Z Cheng, G Perez, E Tielens, VF Simons, ...",
      "venue": "Global Change Biology 29 (5), 1407-1419, 2023",
      "year": 2023,
      "citations": 15
    },
    {
      "title": "Machine Reading Comprehension using Case-based Reasoning",
      "url": "https://scholar.google.com/citations?view_op=view_citation&hl=en&user=i0lW2EAAAAAJ&citation_for_view=i0lW2EAAAAAJ:ufrVoPGSRksC",
      "authors": "D Thai, D Agarwal, M Chaudhary, W Zhao, R Das, M Zaheer, JY Lee, ...",
      "venue": "Findings of the Association for Computational Linguistics: EMNLP 2023, 2023",
      "year": 2023,
      "citations": 5
    },
    {
      "title": "ezCoref: Towards Unifying Annotation Guidelines for Coreference Resolution",
      "url": "https://scholar.google.com/citations?view_op=view_citation&hl=en&user=i0lW2EAAAAAJ&citation_for_view=i0lW2EAAAAAJ:qjMakFHDy7sC",
      "authors": "A Gupta, M Karpinska, W Zhao, K Krishna, J Merullo, L Yeh, M Iyyer, ...",
      "venue": "Findings of the Association for Computational Linguistics: EACL 2023, 2022",
      "year": 2022,
      "citations": 6
    },
    {
      "title": "Structured Energy Network As a Loss",
      "url": "https://scholar.google.com/citations?view_op=view_citation&hl=en&user=i0lW2EAAAAAJ&citation_for_view=i0lW2EAAAAAJ:Tyk-4Ss8FVUC",
      "authors": "JY Lee, D Patel, P Goyal, W Zhao, Z Xu, A McCallum",
      "venue": "Advances in Neural Information Processing Systems, 2022",
      "year": 2022,
      "citations": 5
    },
    {
      "title": "IGA: An Intent-Guided Authoring Assistant",
      "url": "https://scholar.google.com/citations?view_op=view_citation&hl=en&user=i0lW2EAAAAAJ&citation_for_view=i0lW2EAAAAAJ:d1gkVwhDpl0C",
      "authors": "S Sun, W Zhao, V Manjunatha, R Jain, V Morariu, F Dernoncourt, ...",
      "venue": "Proceedings of the 2021 Conference on Empirical Methods in Natural Language …, 2021",
      "year": 2021,
      "citations": 20
    },
    {
      "title": "Compressing transformer-based semantic parsing models using compositional code embeddings",
      "url": "https://scholar.google.com/citations?view_op=view_citation&hl=en&user=i0lW2EAAAAAJ&citation_for_view=i0lW2EAAAAAJ:YsMSGLbcyi4C",
      "authors": "P Prakash*, SK Shashidhar*, W Zhao*, S Rongali, H Khan, M Kayser",
      "venue": "Findings of the Association for Computational Linguistics: EMNLP 2020, 2020",
      "year": 2020,
      "citations": 5
    },
    {
      "title": "Rethinking exposure bias in language modeling",
      "url": "https://scholar.google.com/citations?view_op=view_citation&hl=en&user=i0lW2EAAAAAJ&citation_for_view=i0lW2EAAAAAJ:2osOgNQ5qMEC",
      "authors": "Y Xu, K Zhang, H Dong, Y Sun, W Zhao, Z Tu",
      "venue": "arXiv preprint arXiv:1910.11235, 2019",
      "year": 2019,
      "citations": 10
    }
  ],
  "co_authors": []
}