{
  "author_info": {
    "name": "Yiwen Guo",
    "affiliation": "Research Scientist",
    "email_verified": "Verified email at bytedance.com - Homepage",
    "website": "https://yiwenguo.github.io/",
    "interests": [
      "Machine Learning",
      "Deep Learning",
      "Image Processing"
    ],
    "photo_url": "https://scholar.googleusercontent.com/citations?view_op=view_photo&user=oi_lEwYAAAAJ&citpid=1"
  },
  "citation_stats": {
    "citations_all": 5690,
    "citations_since_2020": 4850,
    "h_index_all": 28,
    "h_index_since_2020": 28,
    "i10_index_all": 54,
    "i10_index_since_2020": 53,
    "citation_graph": [
      {
        "year": 2017,
        "citations": 79
      },
      {
        "year": 2018,
        "citations": 278
      },
      {
        "year": 2019,
        "citations": 453
      },
      {
        "year": 2020,
        "citations": 592
      },
      {
        "year": 2021,
        "citations": 731
      },
      {
        "year": 2022,
        "citations": 767
      },
      {
        "year": 2023,
        "citations": 795
      },
      {
        "year": 2024,
        "citations": 1010
      },
      {
        "year": 2025,
        "citations": 943
      }
    ]
  },
  "papers": [
    {
      "title": "Recent Advances in Speech Language Models: A Survey",
      "url": "https://scholar.google.com/citations?view_op=view_citation&hl=en&user=oi_lEwYAAAAJ&citation_for_view=oi_lEwYAAAAJ:P5F9QuxV20EC",
      "authors": "W Cui, D Yu, X Jiao, Z Meng, G Zhang, Q Wang, Y Guo, I King",
      "venue": "ACL, 2025",
      "year": 2025,
      "citations": 63
    },
    {
      "title": "Texts as Images in Prompt Tuning for Multi-Label Image Recognition",
      "url": "https://scholar.google.com/citations?view_op=view_citation&hl=en&user=oi_lEwYAAAAJ&citation_for_view=oi_lEwYAAAAJ:g5m5HwL7SMYC",
      "authors": "Z Guo, B Dong, Z Ji, J Bai, Y Guo, W Zuo",
      "venue": "CVPR, 2023",
      "year": 2023,
      "citations": 102
    },
    {
      "title": "CFA: Class-wise Calibrated Fair Adversarial Training",
      "url": "https://scholar.google.com/citations?view_op=view_citation&hl=en&user=oi_lEwYAAAAJ&citation_for_view=oi_lEwYAAAAJ:pqnbT2bcN3wC",
      "authors": "Z Wei, Y Wang, Y Guo, Y Wang",
      "venue": "CVPR, 2023",
      "year": 2023,
      "citations": 93
    },
    {
      "title": "Myriad: A Large multimodal model applying vision experts for industrial anomaly detection",
      "url": "https://scholar.google.com/citations?view_op=view_citation&hl=en&user=oi_lEwYAAAAJ&citation_for_view=oi_lEwYAAAAJ:UxriW0iASnsC",
      "authors": "Y Li, H Wang, S Yuan, M Liu, D Zhao, Y Guo, C Xu, G Shi, W Zuo",
      "venue": "arXiv preprint arXiv:2310.19070, 2023",
      "year": 2023,
      "citations": 54
    },
    {
      "title": "When Adversarial Training Meets Vision Transformers: Recipes from Training to Architecture",
      "url": "https://scholar.google.com/citations?view_op=view_citation&hl=en&user=oi_lEwYAAAAJ&citation_for_view=oi_lEwYAAAAJ:70eg2SAEIzsC",
      "authors": "Y Mo, D Wu, Y Wang, Y Guo, Y Wang",
      "venue": "NeurIPS, 2022",
      "year": 2022,
      "citations": 104
    },
    {
      "title": "Convolutional neural network framework using reverse connections and objectness priors for object detection",
      "url": "https://scholar.google.com/citations?view_op=view_citation&hl=en&user=oi_lEwYAAAAJ&citation_for_view=oi_lEwYAAAAJ:GnPB-g6toBAC",
      "authors": "A Yao, T Kong, M Lu, Y Guo, Y Chen",
      "venue": "US Patent 11,188,794, 2021",
      "year": 2021,
      "citations": 64
    },
    {
      "title": "Backpropagating linearly improves transferability of adversarial examples",
      "url": "https://scholar.google.com/citations?view_op=view_citation&hl=en&user=oi_lEwYAAAAJ&citation_for_view=oi_lEwYAAAAJ:isC4tDSrTZIC",
      "authors": "Y Guo, Q Li, H Chen",
      "venue": "NeurIPS, 2020",
      "year": 2020,
      "citations": 142
    },
    {
      "title": "Adjusting the imbalance ratio by the dimensionality of imbalanced data",
      "url": "https://scholar.google.com/citations?view_op=view_citation&hl=en&user=oi_lEwYAAAAJ&citation_for_view=oi_lEwYAAAAJ:e5wmG9Sq2KIC",
      "authors": "R Zhu, Y Guo, JH Xue",
      "venue": "Pattern Recognition Letters 133, 217-223, 2020",
      "year": 2020,
      "citations": 119
    },
    {
      "title": "Practical no-box adversarial attacks against DNNs",
      "url": "https://scholar.google.com/citations?view_op=view_citation&hl=en&user=oi_lEwYAAAAJ&citation_for_view=oi_lEwYAAAAJ:k_IJM867U9cC",
      "authors": "Q Li, Y Guo, H Chen",
      "venue": "NeurIPS, 2020",
      "year": 2020,
      "citations": 84
    },
    {
      "title": "Yet Another Intermediate-Level Attack",
      "url": "https://scholar.google.com/citations?view_op=view_citation&hl=en&user=oi_lEwYAAAAJ&citation_for_view=oi_lEwYAAAAJ:j3f4tGmQtD8C",
      "authors": "Q Li, Y Guo, H Chen",
      "venue": "ECCV, 2020",
      "year": 2020,
      "citations": 64
    },
    {
      "title": "Sparse Coding with Gated Learned ISTA",
      "url": "https://scholar.google.com/citations?view_op=view_citation&hl=en&user=oi_lEwYAAAAJ&citation_for_view=oi_lEwYAAAAJ:_Qo2XoVZTnwC",
      "authors": "K Wu, Y Guo, Z Li, C Zhang",
      "venue": "ICLR, 2020",
      "year": 2020,
      "citations": 56
    },
    {
      "title": "Subspace Attack: Exploiting Promising Subspaces for Query-Efficient Black-Box Attacks",
      "url": "https://scholar.google.com/citations?view_op=view_citation&hl=en&user=oi_lEwYAAAAJ&citation_for_view=oi_lEwYAAAAJ:hC7cP41nSMkC",
      "authors": "Z Yan, Y Guo, C Zhang",
      "venue": "NeurIPS, 2019",
      "year": 2019,
      "citations": 119
    },
    {
      "title": "Deep discriminative clustering analysis",
      "url": "https://scholar.google.com/citations?view_op=view_citation&hl=en&user=oi_lEwYAAAAJ&citation_for_view=oi_lEwYAAAAJ:O3NaXMp0MMsC",
      "authors": "J Chang, Y Guo, L Wang, G Meng, S Xiang, C Pan",
      "venue": "arXiv preprint arXiv:1905.01681, 2019",
      "year": 2019,
      "citations": 87
    },
    {
      "title": "DATA: Differentiable ArchiTecture Approximation",
      "url": "https://scholar.google.com/citations?view_op=view_citation&hl=en&user=oi_lEwYAAAAJ&citation_for_view=oi_lEwYAAAAJ:mB3voiENLucC",
      "authors": "J Chang, X Zhang, Y Guo, G Meng, S Xiang, C Pan",
      "venue": "NeurIPS, 2019",
      "year": 2019,
      "citations": 87
    },
    {
      "title": "Sparse DNNs with Improved Adversarial Robustness",
      "url": "https://scholar.google.com/citations?view_op=view_citation&hl=en&user=oi_lEwYAAAAJ&citation_for_view=oi_lEwYAAAAJ:IWHjjKOFINEC",
      "authors": "Y Guo, C Zhang, C Zhang, Y Chen",
      "venue": "NeurIPS, 2018",
      "year": 2018,
      "citations": 214
    },
    {
      "title": "Deep Defense: Training DNNs with Improved Adversarial Robustness",
      "url": "https://scholar.google.com/citations?view_op=view_citation&hl=en&user=oi_lEwYAAAAJ&citation_for_view=oi_lEwYAAAAJ:ZeXyd9-uunAC",
      "authors": "Z Yan, Y Guo, C Zhang",
      "venue": "NeurIPS, 2018",
      "year": 2018,
      "citations": 170
    },
    {
      "title": "Incremental network quantization: Towards lossless CNNs with low-precision weights",
      "url": "https://scholar.google.com/citations?view_op=view_citation&hl=en&user=oi_lEwYAAAAJ&citation_for_view=oi_lEwYAAAAJ:qxL8FJ1GzNcC",
      "authors": "A Zhou, A Yao, Y Guo, L Xu, Y Chen",
      "venue": "ICLR, 2017",
      "year": 2017,
      "citations": 1442
    },
    {
      "title": "Network sketching: Exploiting binary structure in deep CNNs",
      "url": "https://scholar.google.com/citations?view_op=view_citation&hl=en&user=oi_lEwYAAAAJ&citation_for_view=oi_lEwYAAAAJ:4DMP91E08xMC",
      "authors": "Y Guo, A Yao, H Zhao, Y Chen",
      "venue": "CVPR, 2017",
      "year": 2017,
      "citations": 163
    },
    {
      "title": "Physics Inspired Optimization on Semantic Transfer Features: An Alternative Method for Room Layout Estimation",
      "url": "https://scholar.google.com/citations?view_op=view_citation&hl=en&user=oi_lEwYAAAAJ&citation_for_view=oi_lEwYAAAAJ:dhFuZR0502QC",
      "authors": "H Zhao, M Lu, A Yao, Y Guo, Y Chen, L Zhang",
      "venue": "CVPR, 2017",
      "year": 2017,
      "citations": 90
    },
    {
      "title": "Dynamic network surgery for efficient DNNs",
      "url": "https://scholar.google.com/citations?view_op=view_citation&hl=en&user=oi_lEwYAAAAJ&citation_for_view=oi_lEwYAAAAJ:9yKSN-GCB0IC",
      "authors": "Y Guo, A Yao, Y Chen",
      "venue": "NeurIPS, 2016",
      "year": 2016,
      "citations": 1464
    }
  ],
  "co_authors": [
    {
      "name": "Anbang Yao (姚安邦)",
      "scholar_id": "b9hCmPYAAAAJ",
      "url": "https://scholar.google.com/citations?user=b9hCmPYAAAAJ"
    },
    {
      "name": "Yurong Chen",
      "scholar_id": "MKRyHXsAAAAJ",
      "url": "https://scholar.google.com/citations?user=MKRyHXsAAAAJ"
    },
    {
      "name": "Wangmeng Zuo",
      "scholar_id": "rUOpCEYAAAAJ",
      "url": "https://scholar.google.com/citations?user=rUOpCEYAAAAJ"
    },
    {
      "name": "Qizhang Li",
      "scholar_id": "W5JLehEAAAAJ",
      "url": "https://scholar.google.com/citations?user=W5JLehEAAAAJ"
    },
    {
      "name": "Changshui Zhang",
      "scholar_id": "GL9M37YAAAAJ",
      "url": "https://scholar.google.com/citations?user=GL9M37YAAAAJ"
    },
    {
      "name": "Aojun Zhou",
      "scholar_id": "cC8lXi8AAAAJ",
      "url": "https://scholar.google.com/citations?user=cC8lXi8AAAAJ"
    },
    {
      "name": "Ziang Yan",
      "scholar_id": "X5_vg1wAAAAJ",
      "url": "https://scholar.google.com/citations?user=X5_vg1wAAAAJ"
    },
    {
      "name": "Jing-Hao Xue",
      "scholar_id": "a6Pul3UAAAAJ",
      "url": "https://scholar.google.com/citations?user=a6Pul3UAAAAJ"
    },
    {
      "name": "Yisen Wang",
      "scholar_id": "uMWPDboAAAAJ",
      "url": "https://scholar.google.com/citations?user=uMWPDboAAAAJ"
    },
    {
      "name": "Jianlong Chang",
      "scholar_id": "RDwnNsQAAAAJ",
      "url": "https://scholar.google.com/citations?user=RDwnNsQAAAAJ"
    },
    {
      "name": "Zixian Guo",
      "scholar_id": "fYhh7EwAAAAJ",
      "url": "https://scholar.google.com/citations?user=fYhh7EwAAAAJ"
    },
    {
      "name": "Xiaochen Yang",
      "scholar_id": "mVzcKggAAAAJ",
      "url": "https://scholar.google.com/citations?user=mVzcKggAAAAJ"
    },
    {
      "name": "Bing Bai (白冰)",
      "scholar_id": "I67_yUEAAAAJ",
      "url": "https://scholar.google.com/citations?user=I67_yUEAAAAJ"
    },
    {
      "name": "Hao Chen",
      "scholar_id": "1Aa3qxIAAAAJ",
      "url": "https://scholar.google.com/citations?user=1Aa3qxIAAAAJ"
    },
    {
      "name": "Chao ZHANG (张超)",
      "scholar_id": "ug8EzPoAAAAJ",
      "url": "https://scholar.google.com/citations?user=ug8EzPoAAAAJ"
    }
  ]
}