{
  "author_info": {
    "name": "Juergen Gall",
    "affiliation": "University of Bonn, Lamarr - Institute for Machine Learning and Artificial Intelligence",
    "email_verified": "Verified email at iai.uni-bonn.de - Homepage",
    "website": "https://pages.iai.uni-bonn.de/gall_juergen/",
    "interests": [
      "Action recognition",
      "Video understanding",
      "Anticipation",
      "Forecasting",
      "Human pose estimation"
    ],
    "photo_url": "/citations/images/avatar_scholar_128.png"
  },
  "citation_stats": {
    "citations_all": 27750,
    "citations_since_2020": 17429,
    "h_index_all": 80,
    "h_index_since_2020": 65,
    "i10_index_all": 167,
    "i10_index_since_2020": 138,
    "citation_graph": [
      {
        "year": 2010,
        "citations": 178
      },
      {
        "year": 2011,
        "citations": 317
      },
      {
        "year": 2012,
        "citations": 636
      },
      {
        "year": 2013,
        "citations": 910
      },
      {
        "year": 2014,
        "citations": 1180
      },
      {
        "year": 2015,
        "citations": 1109
      },
      {
        "year": 2016,
        "citations": 1257
      },
      {
        "year": 2017,
        "citations": 1228
      },
      {
        "year": 2018,
        "citations": 1442
      },
      {
        "year": 2019,
        "citations": 1572
      },
      {
        "year": 2020,
        "citations": 1940
      },
      {
        "year": 2021,
        "citations": 2521
      },
      {
        "year": 2022,
        "citations": 2867
      },
      {
        "year": 2023,
        "citations": 3330
      },
      {
        "year": 2024,
        "citations": 3662
      },
      {
        "year": 2025,
        "citations": 3090
      }
    ]
  },
  "papers": [
    {
      "title": "Semantickitti: A dataset for semantic scene understanding of lidar sequences",
      "url": "https://scholar.google.com/citations?view_op=view_citation&hl=en&user=1CLaPMEAAAAJ&citation_for_view=1CLaPMEAAAAJ:5awf1xo2G04C",
      "authors": "J Behley, M Garbade, A Milioto, J Quenzel, S Behnke, C Stachniss, J Gall",
      "venue": "Proceedings of the IEEE/CVF international conference on computer vision …, 2019",
      "year": 2019,
      "citations": 2792
    },
    {
      "title": "Ms-tcn: Multi-stage temporal convolutional network for action segmentation",
      "url": "https://scholar.google.com/citations?view_op=view_citation&hl=en&user=1CLaPMEAAAAJ&citation_for_view=1CLaPMEAAAAJ:AXPGKjj_ei8C",
      "authors": "YA Farha, J Gall",
      "venue": "Proceedings of the IEEE/CVF conference on computer vision and pattern …, 2019",
      "year": 2019,
      "citations": 1048
    },
    {
      "title": "Posetrack: A benchmark for human pose estimation and tracking",
      "url": "https://scholar.google.com/citations?view_op=view_citation&hl=en&user=1CLaPMEAAAAJ&citation_for_view=1CLaPMEAAAAJ:XiSMed-E-HIC",
      "authors": "M Andriluka, U Iqbal, E Insafutdinov, L Pishchulin, A Milan, J Gall, ...",
      "venue": "Proceedings of the IEEE conference on computer vision and pattern …, 2018",
      "year": 2018,
      "citations": 675
    },
    {
      "title": "Hand pose estimation via latent 2.5 d heatmap regression",
      "url": "https://scholar.google.com/citations?view_op=view_citation&hl=en&user=1CLaPMEAAAAJ&citation_for_view=1CLaPMEAAAAJ:geHnlv5EZngC",
      "authors": "U Iqbal, P Molchanov, TBJ Gall, J Kautz",
      "venue": "Proceedings of the European conference on computer vision (ECCV), 118-134, 2018",
      "year": 2018,
      "citations": 421
    },
    {
      "title": "Open set domain adaptation",
      "url": "https://scholar.google.com/citations?view_op=view_citation&hl=en&user=1CLaPMEAAAAJ&citation_for_view=1CLaPMEAAAAJ:u9iWguZQMMsC",
      "authors": "P Panareda Busto, J Gall",
      "venue": "Proceedings of the IEEE international conference on computer vision, 754-763, 2017",
      "year": 2017,
      "citations": 789
    },
    {
      "title": "Surfacenet: An end-to-end 3d neural network for multiview stereopsis",
      "url": "https://scholar.google.com/citations?view_op=view_citation&hl=en&user=1CLaPMEAAAAJ&citation_for_view=1CLaPMEAAAAJ:-f6ydRqryjwC",
      "authors": "M Ji, J Gall, H Zheng, Y Liu, L Fang",
      "venue": "Proceedings of the IEEE international conference on computer vision, 2307-2315, 2017",
      "year": 2017,
      "citations": 532
    },
    {
      "title": "Capturing hands in action using discriminative salient points and physics simulation",
      "url": "https://scholar.google.com/citations?view_op=view_citation&hl=en&user=1CLaPMEAAAAJ&citation_for_view=1CLaPMEAAAAJ:35N4QoGY0k4C",
      "authors": "D Tzionas, L Ballan, A Srikantha, P Aponte, M Pollefeys, J Gall",
      "venue": "International Journal of Computer Vision 118 (2), 172-193, 2016",
      "year": 2016,
      "citations": 358
    },
    {
      "title": "Towards understanding action recognition",
      "url": "https://scholar.google.com/citations?view_op=view_citation&hl=en&user=1CLaPMEAAAAJ&citation_for_view=1CLaPMEAAAAJ:3s1wT3WcHBgC",
      "authors": "H Jhuang, J Gall, S Zuffi, C Schmid, MJ Black",
      "venue": "Proceedings of the IEEE international conference on computer vision, 3192-3199, 2013",
      "year": 2013,
      "citations": 1190
    },
    {
      "title": "Random forests for real time 3d face analysis",
      "url": "https://scholar.google.com/citations?view_op=view_citation&hl=en&user=1CLaPMEAAAAJ&citation_for_view=1CLaPMEAAAAJ:0EnyYjriUFMC",
      "authors": "G Fanelli, M Dantone, J Gall, A Fossati, L Van Gool",
      "venue": "International journal of computer vision 101 (3), 437-458, 2013",
      "year": 2013,
      "citations": 730
    },
    {
      "title": "Human pose estimation using body parts dependent joint regressors",
      "url": "https://scholar.google.com/citations?view_op=view_citation&hl=en&user=1CLaPMEAAAAJ&citation_for_view=1CLaPMEAAAAJ:2osOgNQ5qMEC",
      "authors": "M Dantone, J Gall, C Leistner, L Van Gool",
      "venue": "Proceedings of the IEEE conference on computer vision and pattern …, 2013",
      "year": 2013,
      "citations": 399
    },
    {
      "title": "A survey on human motion analysis from depth data",
      "url": "https://scholar.google.com/citations?view_op=view_citation&hl=en&user=1CLaPMEAAAAJ&citation_for_view=1CLaPMEAAAAJ:hMod-77fHWUC",
      "authors": "M Ye, Q Zhang, L Wang, J Zhu, R Yang, J Gall",
      "venue": "Time-of-flight and depth imaging. Sensors, algorithms, and applications …, 2013",
      "year": 2013,
      "citations": 333
    },
    {
      "title": "Real-time facial feature detection using conditional regression forests",
      "url": "https://scholar.google.com/citations?view_op=view_citation&hl=en&user=1CLaPMEAAAAJ&citation_for_view=1CLaPMEAAAAJ:j3f4tGmQtD8C",
      "authors": "M Dantone, J Gall, G Fanelli, L Van Gool",
      "venue": "2012 IEEE conference on computer vision and pattern recognition, 2578-2585, 2012",
      "year": 2012,
      "citations": 556
    },
    {
      "title": "Motion capture of hands in action using discriminative salient points",
      "url": "https://scholar.google.com/citations?view_op=view_citation&hl=en&user=1CLaPMEAAAAJ&citation_for_view=1CLaPMEAAAAJ:RHpTSmoSYBkC",
      "authors": "L Ballan, A Taneja, J Gall, L Van Gool, M Pollefeys",
      "venue": "European Conference on Computer Vision, 640-653, 2012",
      "year": 2012,
      "citations": 392
    },
    {
      "title": "Hough forests for object detection, tracking, and action recognition",
      "url": "https://scholar.google.com/citations?view_op=view_citation&hl=en&user=1CLaPMEAAAAJ&citation_for_view=1CLaPMEAAAAJ:RYcK_YlVTxYC",
      "authors": "J Gall, A Yao, N Razavi, L Van Gool, V Lempitsky",
      "venue": "IEEE transactions on pattern analysis and machine intelligence 33 (11), 2188 …, 2011",
      "year": 2011,
      "citations": 811
    },
    {
      "title": "Real time head pose estimation with random regression forests",
      "url": "https://scholar.google.com/citations?view_op=view_citation&hl=en&user=1CLaPMEAAAAJ&citation_for_view=1CLaPMEAAAAJ:e5wmG9Sq2KIC",
      "authors": "G Fanelli, J Gall, L Van Gool",
      "venue": "CVPR 2011, 617-624, 2011",
      "year": 2011,
      "citations": 649
    },
    {
      "title": "Real time head pose estimation from consumer depth cameras",
      "url": "https://scholar.google.com/citations?view_op=view_citation&hl=en&user=1CLaPMEAAAAJ&citation_for_view=1CLaPMEAAAAJ:WF5omc3nYNoC",
      "authors": "G Fanelli, T Weise, J Gall, L Van Gool",
      "venue": "Joint pattern recognition symposium, 101-110, 2011",
      "year": 2011,
      "citations": 470
    },
    {
      "title": "What makes a chair a chair?",
      "url": "https://scholar.google.com/citations?view_op=view_citation&hl=en&user=1CLaPMEAAAAJ&citation_for_view=1CLaPMEAAAAJ:M3ejUd6NZC8C",
      "authors": "H Grabner, J Gall, L Van Gool",
      "venue": "CVPR 2011, 1529-1536, 2011",
      "year": 2011,
      "citations": 352
    },
    {
      "title": "A hough transform-based voting framework for action recognition",
      "url": "https://scholar.google.com/citations?view_op=view_citation&hl=en&user=1CLaPMEAAAAJ&citation_for_view=1CLaPMEAAAAJ:_Qo2XoVZTnwC",
      "authors": "A Yao, J Gall, L Van Gool",
      "venue": "2010 IEEE computer society conference on computer vision and pattern …, 2010",
      "year": 2010,
      "citations": 386
    },
    {
      "title": "Class-specific hough forests for object detection",
      "url": "https://scholar.google.com/citations?view_op=view_citation&hl=en&user=1CLaPMEAAAAJ&citation_for_view=1CLaPMEAAAAJ:9ZlFYXVOiuMC",
      "authors": "J Gall, V Lempitsky",
      "venue": "2009 IEEE Conference on Computer Vision and Pattern Recognition, 1022-1029, 2009",
      "year": 2009,
      "citations": 858
    },
    {
      "title": "Motion capture using joint skeleton tracking and surface estimation",
      "url": "https://scholar.google.com/citations?view_op=view_citation&hl=en&user=1CLaPMEAAAAJ&citation_for_view=1CLaPMEAAAAJ:QIV2ME_5wuYC",
      "authors": "J Gall, C Stoll, E De Aguiar, C Theobalt, B Rosenhahn, HP Seidel",
      "venue": "2009 IEEE Conference on Computer Vision and Pattern Recognition, 1746-1753, 2009",
      "year": 2009,
      "citations": 541
    }
  ],
  "co_authors": [
    {
      "name": "Luc Van Gool",
      "scholar_id": "TwMib_QAAAAJ",
      "url": "https://scholar.google.com/citations?user=TwMib_QAAAAJ"
    },
    {
      "name": "Hans-Peter Seidel",
      "scholar_id": "s2Ibok8AAAAJ",
      "url": "https://scholar.google.com/citations?user=s2Ibok8AAAAJ"
    },
    {
      "name": "Bodo Rosenhahn",
      "scholar_id": "qq3TxtcAAAAJ",
      "url": "https://scholar.google.com/citations?user=qq3TxtcAAAAJ"
    },
    {
      "name": "Angela Yao",
      "scholar_id": "-LJCZMMAAAAJ",
      "url": "https://scholar.google.com/citations?user=-LJCZMMAAAAJ"
    },
    {
      "name": "Umar Iqbal",
      "scholar_id": "QSKXFiYAAAAJ",
      "url": "https://scholar.google.com/citations?user=QSKXFiYAAAAJ"
    },
    {
      "name": "Hilde Kuehne",
      "scholar_id": "pxhCcH0AAAAJ",
      "url": "https://scholar.google.com/citations?user=pxhCcH0AAAAJ"
    },
    {
      "name": "Nima Razavi",
      "scholar_id": "ODn41L4AAAAJ",
      "url": "https://scholar.google.com/citations?user=ODn41L4AAAAJ"
    },
    {
      "name": "Carsten Stoll",
      "scholar_id": "ArKKNxwAAAAJ",
      "url": "https://scholar.google.com/citations?user=ArKKNxwAAAAJ"
    },
    {
      "name": "Christian Theobalt",
      "scholar_id": "eIWg8NMAAAAJ",
      "url": "https://scholar.google.com/citations?user=eIWg8NMAAAAJ"
    },
    {
      "name": "Abhilash Srikantha",
      "scholar_id": "aWhlrPwAAAAJ",
      "url": "https://scholar.google.com/citations?user=aWhlrPwAAAAJ"
    },
    {
      "name": "Matthias Dantone",
      "scholar_id": "mLp9H4oAAAAJ",
      "url": "https://scholar.google.com/citations?user=mLp9H4oAAAAJ"
    },
    {
      "name": "Bastian Leibe",
      "scholar_id": "ZcULDB0AAAAJ",
      "url": "https://scholar.google.com/citations?user=ZcULDB0AAAAJ"
    },
    {
      "name": "Thomas Brox",
      "scholar_id": "0VAe-TQAAAAJ",
      "url": "https://scholar.google.com/citations?user=0VAe-TQAAAAJ"
    },
    {
      "name": "Dimitrios (Dimitris) Tzionas",
      "scholar_id": "vPVX4TIAAAAJ",
      "url": "https://scholar.google.com/citations?user=vPVX4TIAAAAJ"
    },
    {
      "name": "Victor Lempitsky",
      "scholar_id": "gYYVokYAAAAJ",
      "url": "https://scholar.google.com/citations?user=gYYVokYAAAAJ"
    },
    {
      "name": "Nils Hasler",
      "scholar_id": "DJRhzzYAAAAJ",
      "url": "https://scholar.google.com/citations?user=DJRhzzYAAAAJ"
    },
    {
      "name": "Andrea Fossati",
      "scholar_id": "X0GMj20AAAAJ",
      "url": "https://scholar.google.com/citations?user=X0GMj20AAAAJ"
    },
    {
      "name": "Yebin Liu",
      "scholar_id": "ogXIdlYAAAAJ",
      "url": "https://scholar.google.com/citations?user=ogXIdlYAAAAJ"
    },
    {
      "name": "Andreas Weber",
      "scholar_id": "bUbZY3kAAAAJ",
      "url": "https://scholar.google.com/citations?user=bUbZY3kAAAAJ"
    },
    {
      "name": "Christian Leistner",
      "scholar_id": "wPn4oBwAAAAJ",
      "url": "https://scholar.google.com/citations?user=wPn4oBwAAAAJ"
    }
  ]
}