{
  "author_info": {
    "name": "Zhenan Sun",
    "affiliation": "Institute of Automation, Chinese Academy of Sciences",
    "email_verified": "Verified email at nlpr.ia.ac.cn - Homepage",
    "website": "http://www.cbsr.ia.ac.cn/users/znsun/",
    "interests": [
      "Biometrics",
      "Pattern Recognition",
      "Computer Vision"
    ],
    "photo_url": "https://scholar.googleusercontent.com/citations?view_op=view_photo&user=PuZGODYAAAAJ&citpid=2"
  },
  "citation_stats": {
    "citations_all": 23599,
    "citations_since_2020": 15530,
    "h_index_all": 73,
    "h_index_since_2020": 57,
    "i10_index_all": 257,
    "i10_index_since_2020": 190,
    "citation_graph": [
      {
        "year": 2007,
        "citations": 85
      },
      {
        "year": 2008,
        "citations": 156
      },
      {
        "year": 2009,
        "citations": 202
      },
      {
        "year": 2010,
        "citations": 290
      },
      {
        "year": 2011,
        "citations": 385
      },
      {
        "year": 2012,
        "citations": 634
      },
      {
        "year": 2013,
        "citations": 482
      },
      {
        "year": 2014,
        "citations": 630
      },
      {
        "year": 2015,
        "citations": 673
      },
      {
        "year": 2016,
        "citations": 740
      },
      {
        "year": 2017,
        "citations": 784
      },
      {
        "year": 2018,
        "citations": 1136
      },
      {
        "year": 2019,
        "citations": 1660
      },
      {
        "year": 2020,
        "citations": 1834
      },
      {
        "year": 2021,
        "citations": 2362
      },
      {
        "year": 2022,
        "citations": 2513
      },
      {
        "year": 2023,
        "citations": 2769
      },
      {
        "year": 2024,
        "citations": 3153
      },
      {
        "year": 2025,
        "citations": 2861
      }
    ]
  },
  "papers": [
    {
      "title": "A survey on self-supervised learning: Algorithms, applications, and future trends",
      "url": "https://scholar.google.com/citations?view_op=view_citation&hl=en&user=PuZGODYAAAAJ&citation_for_view=PuZGODYAAAAJ:fMXnj547Ig4C",
      "authors": "J Gui, T Chen, J Zhang, Q Cao, Z Sun, H Luo, D Tao",
      "venue": "IEEE Transactions on Pattern Analysis and Machine Intelligence 46 (12), 9052 …, 2024",
      "year": 2024,
      "citations": 509
    },
    {
      "title": "A review on generative adversarial networks: Algorithms, theory, and applications",
      "url": "https://scholar.google.com/citations?view_op=view_citation&hl=en&user=PuZGODYAAAAJ&citation_for_view=PuZGODYAAAAJ:wsgvyqnMGiIC",
      "authors": "J Gui, Z Sun, Y Wen, D Tao, J Ye",
      "venue": "IEEE transactions on knowledge and data engineering 35 (4), 3313-3332, 2021",
      "year": 2021,
      "citations": 1629
    },
    {
      "title": "Pymaf: 3d human pose and shape regression with pyramidal mesh alignment feedback loop",
      "url": "https://scholar.google.com/citations?view_op=view_citation&hl=en&user=PuZGODYAAAAJ&citation_for_view=PuZGODYAAAAJ:m6NpXP4PQyIC",
      "authors": "H Zhang, Y Tian, X Zhou, W Ouyang, Y Liu, L Wang, Z Sun",
      "venue": "Proceedings of the IEEE/CVF international conference on computer vision …, 2021",
      "year": 2021,
      "citations": 450
    },
    {
      "title": "Foreground-aware pyramid reconstruction for alignment-free occluded person re-identification",
      "url": "https://scholar.google.com/citations?view_op=view_citation&hl=en&user=PuZGODYAAAAJ&citation_for_view=PuZGODYAAAAJ:FI5ykjsP95gC",
      "authors": "L He, Y Wang, W Liu, H Zhao, Z Sun, J Feng",
      "venue": "Proceedings of the IEEE/CVF international conference on computer vision …, 2019",
      "year": 2019,
      "citations": 267
    },
    {
      "title": "A light CNN for deep face representation with noisy labels",
      "url": "https://scholar.google.com/citations?view_op=view_citation&hl=en&user=PuZGODYAAAAJ&citation_for_view=PuZGODYAAAAJ:mknn8xuUkmsC",
      "authors": "X Wu, R He, Z Sun, T Tan",
      "venue": "IEEE transactions on information forensics and security 13 (11), 2884-2896, 2018",
      "year": 2018,
      "citations": 1437
    },
    {
      "title": "Deep spatial feature reconstruction for partial person re-identification: Alignment-free approach",
      "url": "https://scholar.google.com/citations?view_op=view_citation&hl=en&user=PuZGODYAAAAJ&citation_for_view=PuZGODYAAAAJ:0-VSGmPhd2EC",
      "authors": "L He, J Liang, H Li, Z Sun",
      "venue": "Proceedings of the IEEE conference on computer vision and pattern …, 2018",
      "year": 2018,
      "citations": 394
    },
    {
      "title": "Introvae: Introspective variational autoencoders for photographic image synthesis",
      "url": "https://scholar.google.com/citations?view_op=view_citation&hl=en&user=PuZGODYAAAAJ&citation_for_view=PuZGODYAAAAJ:aPC4W50LcyUC",
      "authors": "H Huang, R He, Z Sun, T Tan",
      "venue": "Advances in neural information processing systems 31, 2018",
      "year": 2018,
      "citations": 380
    },
    {
      "title": "Wasserstein CNN: Learning invariant features for NIR-VIS face recognition",
      "url": "https://scholar.google.com/citations?view_op=view_citation&hl=en&user=PuZGODYAAAAJ&citation_for_view=PuZGODYAAAAJ:MTvNnY4oB4UC",
      "authors": "R He, X Wu, Z Sun, T Tan",
      "venue": "IEEE transactions on pattern analysis and machine intelligence 41 (7), 1761-1773, 2018",
      "year": 2018,
      "citations": 377
    },
    {
      "title": "Wavelet-srnet: A wavelet-based cnn for multi-scale face super resolution",
      "url": "https://scholar.google.com/citations?view_op=view_citation&hl=en&user=PuZGODYAAAAJ&citation_for_view=PuZGODYAAAAJ:am5FR3_r3McC",
      "authors": "H Huang, R He, Z Sun, T Tan",
      "venue": "Proceedings of the IEEE international conference on computer vision, 1689-1697, 2017",
      "year": 2017,
      "citations": 600
    },
    {
      "title": "Deep supervised discrete hashing",
      "url": "https://scholar.google.com/citations?view_op=view_citation&hl=en&user=PuZGODYAAAAJ&citation_for_view=PuZGODYAAAAJ:tfFR5hCbSrAC",
      "authors": "Q Li, Z Sun, R He, T Tan",
      "venue": "Advances in neural information processing systems 30, 2017",
      "year": 2017,
      "citations": 409
    },
    {
      "title": "Fast supervised discrete hashing",
      "url": "https://scholar.google.com/citations?view_op=view_citation&hl=en&user=PuZGODYAAAAJ&citation_for_view=PuZGODYAAAAJ:iiZUkH1jxVAC",
      "authors": "J Gui, T Liu, Z Sun, D Tao, T Tan",
      "venue": "IEEE transactions on pattern analysis and machine intelligence 40 (2), 490-496, 2017",
      "year": 2017,
      "citations": 292
    },
    {
      "title": "Feature selection based on structured sparsity: A comprehensive study",
      "url": "https://scholar.google.com/citations?view_op=view_citation&hl=en&user=PuZGODYAAAAJ&citation_for_view=PuZGODYAAAAJ:yj0jDpv2chsC",
      "authors": "J Gui, Z Sun, S Ji, D Tao, T Tan",
      "venue": "IEEE transactions on neural networks and learning systems 28 (7), 1490-1507, 2016",
      "year": 2016,
      "citations": 361
    },
    {
      "title": "Accurate iris segmentation in non-cooperative environments using fully convolutional networks",
      "url": "https://scholar.google.com/citations?view_op=view_citation&hl=en&user=PuZGODYAAAAJ&citation_for_view=PuZGODYAAAAJ:pcZehKZDzkAC",
      "authors": "N Liu, H Li, M Zhang, J Liu, Z Sun, T Tan",
      "venue": "2016 International Conference on Biometrics (ICB), 1-8, 2016",
      "year": 2016,
      "citations": 250
    },
    {
      "title": "Half-quadratic-based iterative minimization for robust sparse representation",
      "url": "https://scholar.google.com/citations?view_op=view_citation&hl=en&user=PuZGODYAAAAJ&citation_for_view=PuZGODYAAAAJ:D03iK_w7-QYC",
      "authors": "R He, WS Zheng, T Tan, Z Sun",
      "venue": "IEEE transactions on pattern analysis and machine intelligence 36 (2), 261-275, 2013",
      "year": 2013,
      "citations": 367
    },
    {
      "title": "Discriminant sparse neighborhood preserving embedding for face recognition",
      "url": "https://scholar.google.com/citations?view_op=view_citation&hl=en&user=PuZGODYAAAAJ&citation_for_view=PuZGODYAAAAJ:BqipwSGYUEgC",
      "authors": "J Gui, Z Sun, W Jia, R Hu, Y Lei, S Ji",
      "venue": "Pattern Recognition 45 (8), 2884-2893, 2012",
      "year": 2012,
      "citations": 301
    },
    {
      "title": "Efficient and robust segmentation of noisy iris images for non-cooperative iris recognition",
      "url": "https://scholar.google.com/citations?view_op=view_citation&hl=en&user=PuZGODYAAAAJ&citation_for_view=PuZGODYAAAAJ:W7OEmFMy1HYC",
      "authors": "T Tan, Z He, Z Sun",
      "venue": "Image and vision computing 28 (2), 223-230, 2010",
      "year": 2010,
      "citations": 383
    },
    {
      "title": "Toward accurate and fast iris segmentation for iris biometrics",
      "url": "https://scholar.google.com/citations?view_op=view_citation&hl=en&user=PuZGODYAAAAJ&citation_for_view=PuZGODYAAAAJ:d1gkVwhDpl0C",
      "authors": "Z He, T Tan, Z Sun, X Qiu",
      "venue": "IEEE transactions on pattern analysis and machine intelligence 31 (9), 1670-1684, 2008",
      "year": 2008,
      "citations": 557
    },
    {
      "title": "Ordinal measures for iris recognition",
      "url": "https://scholar.google.com/citations?view_op=view_citation&hl=en&user=PuZGODYAAAAJ&citation_for_view=PuZGODYAAAAJ:qjMakFHDy7sC",
      "authors": "Z Sun, T Tan",
      "venue": "IEEE Transactions on pattern analysis and machine intelligence 31 (12), 2211 …, 2008",
      "year": 2008,
      "citations": 400
    },
    {
      "title": "Multispectral palm image fusion for accurate contact-free palmprint recognition",
      "url": "https://scholar.google.com/citations?view_op=view_citation&hl=en&user=PuZGODYAAAAJ&citation_for_view=PuZGODYAAAAJ:Tyk-4Ss8FVUC",
      "authors": "Y Hao, Z Sun, T Tan, C Ren",
      "venue": "2008 15th IEEE International Conference on Image Processing, 281-284, 2008",
      "year": 2008,
      "citations": 278
    },
    {
      "title": "Ordinal palmprint represention for personal identification [represention read representation]",
      "url": "https://scholar.google.com/citations?view_op=view_citation&hl=en&user=PuZGODYAAAAJ&citation_for_view=PuZGODYAAAAJ:u5HHmVD_uO8C",
      "authors": "Z Sun, T Tan, Y Wang, SZ Li",
      "venue": "2005 IEEE computer society conference on computer vision and pattern …, 2005",
      "year": 2005,
      "citations": 672
    }
  ],
  "co_authors": [
    {
      "name": "Ran He, IAPR/IEEE Fellow",
      "scholar_id": "ayrg9AUAAAAJ",
      "url": "https://scholar.google.com/citations?user=ayrg9AUAAAAJ"
    },
    {
      "name": "Xiang Wu",
      "scholar_id": "ZykwvvYAAAAJ",
      "url": "https://scholar.google.com/citations?user=ZykwvvYAAAAJ"
    },
    {
      "name": "Jie Gui",
      "scholar_id": "f8oE8NgAAAAJ",
      "url": "https://scholar.google.com/citations?user=f8oE8NgAAAAJ"
    },
    {
      "name": "Dacheng Tao",
      "scholar_id": "RwlJNLcAAAAJ",
      "url": "https://scholar.google.com/citations?user=RwlJNLcAAAAJ"
    },
    {
      "name": "Yunhong Wang",
      "scholar_id": "0ez7lA0AAAAJ",
      "url": "https://scholar.google.com/citations?user=0ez7lA0AAAAJ"
    },
    {
      "name": "Zhenhua Chai",
      "scholar_id": "NAE43roAAAAJ",
      "url": "https://scholar.google.com/citations?user=NAE43roAAAAJ"
    },
    {
      "name": "Han Yufei",
      "scholar_id": "xdCvBg0AAAAJ",
      "url": "https://scholar.google.com/citations?user=xdCvBg0AAAAJ"
    },
    {
      "name": "Hui Zhang (张慧)",
      "scholar_id": "iXtCV_QAAAAJ",
      "url": "https://scholar.google.com/citations?user=iXtCV_QAAAAJ"
    },
    {
      "name": "Lingxiao He (何凌霄)",
      "scholar_id": "XH_9XiMAAAAJ",
      "url": "https://scholar.google.com/citations?user=XH_9XiMAAAAJ"
    }
  ]
}