{
  "author_info": {
    "name": "Han Xianpei",
    "affiliation": "Professor, Institute of Software, Chinese Academy of Sciences",
    "email_verified": "Verified email at iscas.ac.cn - Homepage",
    "website": "http://www.icip.org.cn/team/hanxianpei/",
    "interests": [
      "Information Extraction",
      "Natural language Understanding",
      "Large Language Models",
      "Semantic Parsing"
    ],
    "photo_url": "https://scholar.googleusercontent.com/citations?view_op=view_photo&user=pA88bm4AAAAJ&citpid=9"
  },
  "citation_stats": {
    "citations_all": 8203,
    "citations_since_2020": 6770,
    "h_index_all": 41,
    "h_index_since_2020": 39,
    "i10_index_all": 97,
    "i10_index_since_2020": 86,
    "citation_graph": [
      {
        "year": 2010,
        "citations": 33
      },
      {
        "year": 2011,
        "citations": 42
      },
      {
        "year": 2012,
        "citations": 96
      },
      {
        "year": 2013,
        "citations": 135
      },
      {
        "year": 2014,
        "citations": 142
      },
      {
        "year": 2015,
        "citations": 163
      },
      {
        "year": 2016,
        "citations": 206
      },
      {
        "year": 2017,
        "citations": 208
      },
      {
        "year": 2018,
        "citations": 181
      },
      {
        "year": 2019,
        "citations": 205
      },
      {
        "year": 2020,
        "citations": 327
      },
      {
        "year": 2021,
        "citations": 471
      },
      {
        "year": 2022,
        "citations": 702
      },
      {
        "year": 2023,
        "citations": 1052
      },
      {
        "year": 2024,
        "citations": 1831
      },
      {
        "year": 2025,
        "citations": 2362
      }
    ]
  },
  "papers": [
    {
      "title": "Shortgpt: Layers in large language models are more redundant than you expect",
      "url": "https://scholar.google.com/citations?view_op=view_citation&hl=en&user=pA88bm4AAAAJ&citation_for_view=pA88bm4AAAAJ:WC23djZS0W4C",
      "authors": "X Men, M Xu, Q Zhang, Q Yuan, B Wang, H Lin, Y Lu, X Han, W Chen",
      "venue": "Findings of the Association for Computational Linguistics: ACL 2025, 20192-20204, 2025",
      "year": 2025,
      "citations": 239
    },
    {
      "title": "Benchmarking large language models in retrieval-augmented generation",
      "url": "https://scholar.google.com/citations?view_op=view_citation&hl=en&user=pA88bm4AAAAJ&citation_for_view=pA88bm4AAAAJ:v1_lew4L6wgC",
      "authors": "J Chen, H Lin, X Han, L Sun",
      "venue": "Proceedings of the AAAI Conference on Artificial Intelligence 38 (16), 17754 …, 2024",
      "year": 2024,
      "citations": 839
    },
    {
      "title": "Chatgpt is a knowledgeable but inexperienced solver: An investigation of commonsense problem in large language models",
      "url": "https://scholar.google.com/citations?view_op=view_citation&hl=en&user=pA88bm4AAAAJ&citation_for_view=pA88bm4AAAAJ:otzGkya1bYkC",
      "authors": "N Bian, X Han, L Sun, H Lin, Y Lu, B He, S Jiang, B Dong",
      "venue": "Proceedings of the 2024 Joint International Conference on Computational …, 2024",
      "year": 2024,
      "citations": 166
    },
    {
      "title": "Mitigating large language model hallucinations via autonomous knowledge graph-based retrofitting",
      "url": "https://scholar.google.com/citations?view_op=view_citation&hl=en&user=pA88bm4AAAAJ&citation_for_view=pA88bm4AAAAJ:MpfHP-DdYjUC",
      "authors": "X Guan, Y Liu, H Lin, Y Lu, B He, X Han, L Sun",
      "venue": "Proceedings of the AAAI Conference on Artificial Intelligence 38 (16), 18126 …, 2024",
      "year": 2024,
      "citations": 141
    },
    {
      "title": "AI for social science and social science of AI: A survey",
      "url": "https://scholar.google.com/citations?view_op=view_citation&hl=en&user=pA88bm4AAAAJ&citation_for_view=pA88bm4AAAAJ:j7_hQOaDUrUC",
      "authors": "R Xu, Y Sun, M Ren, S Guo, R Pan, H Lin, L Sun, X Han",
      "venue": "Information Processing & Management 61 (3), 103665, 2024",
      "year": 2024,
      "citations": 129
    },
    {
      "title": "Toolalpaca: Generalized tool learning for language models with 3000 simulated cases",
      "url": "https://scholar.google.com/citations?view_op=view_citation&hl=en&user=pA88bm4AAAAJ&citation_for_view=pA88bm4AAAAJ:ubry08Y2EpUC",
      "authors": "Q Tang, Z Deng, H Lin, X Han, Q Liang, B Cao, L Sun",
      "venue": "arXiv preprint arXiv:2306.05301, 2023",
      "year": 2023,
      "citations": 244
    },
    {
      "title": "Unified structure generation for universal information extraction",
      "url": "https://scholar.google.com/citations?view_op=view_citation&hl=en&user=pA88bm4AAAAJ&citation_for_view=pA88bm4AAAAJ:4X0JR2_MtJMC",
      "authors": "Y Lu, Q Liu, D Dai, X Xiao, H Lin, X Han, L Sun, H Wu",
      "venue": "arXiv preprint arXiv:2203.12277, 2022",
      "year": 2022,
      "citations": 606
    },
    {
      "title": "Text2Event: Controllable sequence-to-structure generation for end-to-end event extraction",
      "url": "https://scholar.google.com/citations?view_op=view_citation&hl=en&user=pA88bm4AAAAJ&citation_for_view=pA88bm4AAAAJ:u-coK7KVo8oC",
      "authors": "Y Lu, H Lin, J Xu, X Han, J Tang, A Li, L Sun, M Liao, S Chen",
      "venue": "arXiv preprint arXiv:2106.09232, 2021",
      "year": 2021,
      "citations": 370
    },
    {
      "title": "Knowledgeable or educated guess? revisiting language models as knowledge bases",
      "url": "https://scholar.google.com/citations?view_op=view_citation&hl=en&user=pA88bm4AAAAJ&citation_for_view=pA88bm4AAAAJ:fbc8zXXH2BUC",
      "authors": "B Cao, H Lin, X Han, L Sun, L Yan, M Liao, T Xue, J Xu",
      "venue": "arXiv preprint arXiv:2106.09231, 2021",
      "year": 2021,
      "citations": 166
    },
    {
      "title": "BERT-QE: contextualized query expansion for document re-ranking",
      "url": "https://scholar.google.com/citations?view_op=view_citation&hl=en&user=pA88bm4AAAAJ&citation_for_view=pA88bm4AAAAJ:KbBQZpvPDL4C",
      "authors": "Z Zheng, K Hui, B He, X Han, L Sun, A Yates",
      "venue": "arXiv preprint arXiv:2009.07258, 2020",
      "year": 2020,
      "citations": 135
    },
    {
      "title": "Sequence-to-nuggets: Nested entity mention detection via anchor-region networks",
      "url": "https://scholar.google.com/citations?view_op=view_citation&hl=en&user=pA88bm4AAAAJ&citation_for_view=pA88bm4AAAAJ:Ri6SYOTghG4C",
      "authors": "H Lin, Y Lu, X Han, L Sun",
      "venue": "arXiv preprint arXiv:1906.03783, 2019",
      "year": 2019,
      "citations": 136
    },
    {
      "title": "Deep sequence-to-sequence entity matching for heterogeneous entity resolution",
      "url": "https://scholar.google.com/citations?view_op=view_citation&hl=en&user=pA88bm4AAAAJ&citation_for_view=pA88bm4AAAAJ:8d8msizDQcsC",
      "authors": "H Nie, X Han, B He, L Sun, B Chen, W Zhang, S Wu, H Kong",
      "venue": "Proceedings of the 28th ACM International Conference on Information and …, 2019",
      "year": 2019,
      "citations": 126
    },
    {
      "title": "Cail2018: A large-scale legal dataset for judgment prediction",
      "url": "https://scholar.google.com/citations?view_op=view_citation&hl=en&user=pA88bm4AAAAJ&citation_for_view=pA88bm4AAAAJ:4hFrxpcac9AC",
      "authors": "C Xiao, H Zhong, Z Guo, C Tu, Z Liu, M Sun, Y Feng, X Han, Z Hu, ...",
      "venue": "arXiv preprint arXiv:1807.02478, 2018",
      "year": 2018,
      "citations": 409
    },
    {
      "title": "Accurate text-enhanced knowledge graph representation learning",
      "url": "https://scholar.google.com/citations?view_op=view_citation&hl=en&user=pA88bm4AAAAJ&citation_for_view=pA88bm4AAAAJ:0N-VGjzr574C",
      "authors": "B An, B Chen, X Han, L Sun",
      "venue": "Proceedings of the 2018 Conference of the North American Chapter of the …, 2018",
      "year": 2018,
      "citations": 124
    },
    {
      "title": "Sequence-to-action: End-to-end semantic graph generation for semantic parsing",
      "url": "https://scholar.google.com/citations?view_op=view_citation&hl=en&user=pA88bm4AAAAJ&citation_for_view=pA88bm4AAAAJ:YohjEiUPhakC",
      "authors": "B Chen, L Sun, X Han",
      "venue": "arXiv preprint arXiv:1809.00773, 2018",
      "year": 2018,
      "citations": 103
    },
    {
      "title": "An Entity-Topic Model for Entity Linking",
      "url": "https://scholar.google.com/citations?view_op=view_citation&hl=en&user=pA88bm4AAAAJ&citation_for_view=pA88bm4AAAAJ:UebtZRa9Y70C",
      "authors": "X Han, L Sun",
      "venue": "",
      "citations": 134,
      "year": 2012
    },
    {
      "title": "Collective entity linking in web text: a graph-based method",
      "url": "https://scholar.google.com/citations?view_op=view_citation&hl=en&user=pA88bm4AAAAJ&citation_for_view=pA88bm4AAAAJ:zYLM7Y9cAGgC",
      "authors": "X Han, L Sun, J Zhao",
      "venue": "Proceedings of the 34th international ACM SIGIR conference on Research and …, 2011",
      "year": 2011,
      "citations": 591
    },
    {
      "title": "A generative entity-mention model for linking entities with knowledge base",
      "url": "https://scholar.google.com/citations?view_op=view_citation&hl=en&user=pA88bm4AAAAJ&citation_for_view=pA88bm4AAAAJ:UeHWp8X0CEIC",
      "authors": "X Han, L Sun",
      "venue": "Proceedings of the 49th Annual Meeting of the Association for Computational …, 2011",
      "year": 2011,
      "citations": 216
    },
    {
      "title": "Structural semantic relatedness: a knowledge-based method to named entity disambiguation",
      "url": "https://scholar.google.com/citations?view_op=view_citation&hl=en&user=pA88bm4AAAAJ&citation_for_view=pA88bm4AAAAJ:u-x6o8ySG0sC",
      "authors": "X Han, J Zhao",
      "venue": "Proceedings of the 48th Annual Meeting of the Association for Computational …, 2010",
      "year": 2010,
      "citations": 104
    },
    {
      "title": "Named entity disambiguation by leveraging wikipedia semantic knowledge",
      "url": "https://scholar.google.com/citations?view_op=view_citation&hl=en&user=pA88bm4AAAAJ&citation_for_view=pA88bm4AAAAJ:u5HHmVD_uO8C",
      "authors": "X Han, J Zhao",
      "venue": "Proceedings of the 18th ACM conference on Information and knowledge …, 2009",
      "year": 2009,
      "citations": 254
    }
  ],
  "co_authors": [
    {
      "name": "Le Sun",
      "scholar_id": "6bFNhtwAAAAJ",
      "url": "https://scholar.google.com/citations?user=6bFNhtwAAAAJ"
    },
    {
      "name": "Hongyu Lin",
      "scholar_id": "mu5lLakAAAAJ",
      "url": "https://scholar.google.com/citations?user=mu5lLakAAAAJ"
    },
    {
      "name": "Yaojie Lu",
      "scholar_id": "s0mCSI0AAAAJ",
      "url": "https://scholar.google.com/citations?user=s0mCSI0AAAAJ"
    },
    {
      "name": "Ben He",
      "scholar_id": "EmTFUdQAAAAJ",
      "url": "https://scholar.google.com/citations?user=EmTFUdQAAAAJ"
    },
    {
      "name": "Boxi Cao",
      "scholar_id": "kVECJ-UAAAAJ",
      "url": "https://scholar.google.com/citations?user=kVECJ-UAAAAJ"
    },
    {
      "name": "Xinyan Guan",
      "scholar_id": "g8HUF-UAAAAJ",
      "url": "https://scholar.google.com/citations?user=g8HUF-UAAAAJ"
    },
    {
      "name": "Jialong Tang",
      "scholar_id": "J57FNKcAAAAJ",
      "url": "https://scholar.google.com/citations?user=J57FNKcAAAAJ"
    },
    {
      "name": "Hua Wu",
      "scholar_id": "9X2ThuAAAAAJ",
      "url": "https://scholar.google.com/citations?user=9X2ThuAAAAAJ"
    },
    {
      "name": "Qiaoyu Tang",
      "scholar_id": "Zk0cvdwAAAAJ",
      "url": "https://scholar.google.com/citations?user=Zk0cvdwAAAAJ"
    },
    {
      "name": "Lingyong Yan",
      "scholar_id": "NksMJFcAAAAJ",
      "url": "https://scholar.google.com/citations?user=NksMJFcAAAAJ"
    },
    {
      "name": "Ning Bian",
      "scholar_id": "jYKyyYYAAAAJ",
      "url": "https://scholar.google.com/citations?user=jYKyyYYAAAAJ"
    },
    {
      "name": "Dai Dai",
      "scholar_id": "a_ssb-0AAAAJ",
      "url": "https://scholar.google.com/citations?user=a_ssb-0AAAAJ"
    },
    {
      "name": "Tianshu WANG",
      "scholar_id": "L5ZGmXMAAAAJ",
      "url": "https://scholar.google.com/citations?user=L5ZGmXMAAAAJ"
    },
    {
      "name": "Zhiyuan Liu",
      "scholar_id": "dT0v5u0AAAAJ",
      "url": "https://scholar.google.com/citations?user=dT0v5u0AAAAJ"
    },
    {
      "name": "Jie Lou",
      "scholar_id": "MAz9FHYAAAAJ",
      "url": "https://scholar.google.com/citations?user=MAz9FHYAAAAJ"
    },
    {
      "name": "Xinyan Xiao",
      "scholar_id": "lWRYa3wAAAAJ",
      "url": "https://scholar.google.com/citations?user=lWRYa3wAAAAJ"
    },
    {
      "name": "Bowen Yu",
      "scholar_id": "oHoEp34AAAAJ",
      "url": "https://scholar.google.com/citations?user=oHoEp34AAAAJ"
    },
    {
      "name": "Xuanang Chen",
      "scholar_id": "kFEZBOkAAAAJ",
      "url": "https://scholar.google.com/citations?user=kFEZBOkAAAAJ"
    },
    {
      "name": "Maosong Sun",
      "scholar_id": "zIgT0HMAAAAJ",
      "url": "https://scholar.google.com/citations?user=zIgT0HMAAAAJ"
    },
    {
      "name": "Cheng Fu",
      "scholar_id": "xOyEDMcAAAAJ",
      "url": "https://scholar.google.com/citations?user=xOyEDMcAAAAJ"
    }
  ]
}