{
  "author_info": {
    "name": "Shuai Yi",
    "affiliation": "SenseTime Group Limited",
    "email_verified": "Verified email at sensetime.com",
    "interests": [
      "Computer Vision",
      "Deep Learning"
    ],
    "photo_url": "https://scholar.googleusercontent.com/citations?view_op=view_photo&user=afbbNmwAAAAJ&citpid=2"
  },
  "citation_stats": {
    "citations_all": 11086,
    "citations_since_2020": 9675,
    "h_index_all": 38,
    "h_index_since_2020": 37,
    "i10_index_all": 59,
    "i10_index_since_2020": 57,
    "citation_graph": [
      {
        "year": 2016,
        "citations": 58
      },
      {
        "year": 2017,
        "citations": 99
      },
      {
        "year": 2018,
        "citations": 343
      },
      {
        "year": 2019,
        "citations": 869
      },
      {
        "year": 2020,
        "citations": 1044
      },
      {
        "year": 2021,
        "citations": 1268
      },
      {
        "year": 2022,
        "citations": 1691
      },
      {
        "year": 2023,
        "citations": 1888
      },
      {
        "year": 2024,
        "citations": 2024
      },
      {
        "year": 2025,
        "citations": 1737
      }
    ]
  },
  "papers": [
    {
      "title": "Efficient attention: Attention with linear complexities",
      "url": "https://scholar.google.com/citations?view_op=view_citation&hl=en&user=afbbNmwAAAAJ&citation_for_view=afbbNmwAAAAJ:ULOm3_A8WrAC",
      "authors": "Z Shen, M Zhang, H Zhao, S Yi, H Li",
      "venue": "Proceedings of the IEEE/CVF winter conference on applications of computer …, 2021",
      "year": 2021,
      "citations": 876
    },
    {
      "title": "Delving into localization errors for monocular 3d object detection",
      "url": "https://scholar.google.com/citations?view_op=view_citation&hl=en&user=afbbNmwAAAAJ&citation_for_view=afbbNmwAAAAJ:4JMBOYKVnBMC",
      "authors": "X Ma, Y Zhang, D Xu, D Zhou, S Yi, H Li, W Ouyang",
      "venue": "Proceedings of the IEEE/CVF Conference on Computer Vision and Pattern …, 2021",
      "year": 2021,
      "citations": 322
    },
    {
      "title": "Variational relational point completion network",
      "url": "https://scholar.google.com/citations?view_op=view_citation&hl=en&user=afbbNmwAAAAJ&citation_for_view=afbbNmwAAAAJ:r0BpntZqJG4C",
      "authors": "L Pan, X Chen, Z Cai, J Zhang, H Zhao, S Yi, Z Liu",
      "venue": "Proceedings of the IEEE/CVF conference on computer vision and pattern …, 2021",
      "year": 2021,
      "citations": 292
    },
    {
      "title": "Groupformer: Group activity recognition with clustered spatial-temporal transformer",
      "url": "https://scholar.google.com/citations?view_op=view_citation&hl=en&user=afbbNmwAAAAJ&citation_for_view=afbbNmwAAAAJ:BqipwSGYUEgC",
      "authors": "S Li, Q Cao, L Liu, K Yang, S Liu, J Hou, S Yi",
      "venue": "Proceedings of the IEEE/CVF International Conference on Computer Vision …, 2021",
      "year": 2021,
      "citations": 186
    },
    {
      "title": "Unsupervised 3d shape completion through gan inversion",
      "url": "https://scholar.google.com/citations?view_op=view_citation&hl=en&user=afbbNmwAAAAJ&citation_for_view=afbbNmwAAAAJ:bEWYMUwI8FkC",
      "authors": "J Zhang, X Chen, Z Cai, L Pan, H Zhao, S Yi, CK Yeo, B Dai, CC Loy",
      "venue": "Proceedings of the IEEE/CVF conference on computer vision and pattern …, 2021",
      "year": 2021,
      "citations": 186
    },
    {
      "title": "Balanced meta-softmax for long-tailed visual recognition",
      "url": "https://scholar.google.com/citations?view_op=view_citation&hl=en&user=afbbNmwAAAAJ&citation_for_view=afbbNmwAAAAJ:mVmsd5A6BfQC",
      "authors": "J Ren, C Yu, X Ma, H Zhao, S Yi",
      "venue": "Advances in neural information processing systems 33, 4175-4186, 2020",
      "year": 2020,
      "citations": 814
    },
    {
      "title": "Spatio-temporal graph transformer networks for pedestrian trajectory prediction",
      "url": "https://scholar.google.com/citations?view_op=view_citation&hl=en&user=afbbNmwAAAAJ&citation_for_view=afbbNmwAAAAJ:Wp0gIr-vW9MC",
      "authors": "C Yu, X Ma, J Ren, H Zhao, S Yi",
      "venue": "European conference on computer vision, 507-523, 2020",
      "year": 2020,
      "citations": 744
    },
    {
      "title": "Gtc: Guided training of ctc towards efficient and accurate scene text recognition",
      "url": "https://scholar.google.com/citations?view_op=view_citation&hl=en&user=afbbNmwAAAAJ&citation_for_view=afbbNmwAAAAJ:YOwf2qJgpHMC",
      "authors": "W Hu, X Cai, J Hou, S Yi, Z Lin",
      "venue": "Proceedings of the AAAI conference on artificial intelligence 34 (07), 11005 …, 2020",
      "year": 2020,
      "citations": 181
    },
    {
      "title": "Hms-net: Hierarchical multi-scale sparsity-invariant network for sparse depth completion",
      "url": "https://scholar.google.com/citations?view_op=view_citation&hl=en&user=afbbNmwAAAAJ&citation_for_view=afbbNmwAAAAJ:9ZlFYXVOiuMC",
      "authors": "Z Huang, J Fan, S Cheng, S Yi, X Wang, H Li",
      "venue": "IEEE Transactions on Image Processing 29, 3429-3441, 2019",
      "year": 2019,
      "citations": 202
    },
    {
      "title": "Fd-gan: Pose-guided feature distilling gan for robust person re-identification",
      "url": "https://scholar.google.com/citations?view_op=view_citation&hl=en&user=afbbNmwAAAAJ&citation_for_view=afbbNmwAAAAJ:8k81kl-MbHgC",
      "authors": "Y Ge, Z Li, H Zhao, G Yin, S Yi, X Wang",
      "venue": "Advances in neural information processing systems 31, 2018",
      "year": 2018,
      "citations": 458
    },
    {
      "title": "Person re-identification with deep similarity-guided graph neural network",
      "url": "https://scholar.google.com/citations?view_op=view_citation&hl=en&user=afbbNmwAAAAJ&citation_for_view=afbbNmwAAAAJ:0EnyYjriUFMC",
      "authors": "Y Shen, H Li, S Yi, D Chen, X Wang",
      "venue": "Proceedings of the European conference on computer vision (ECCV), 486-504, 2018",
      "year": 2018,
      "citations": 395
    },
    {
      "title": "Video person re-identification with competitive snippet-similarity aggregation and co-attentive snippet embedding",
      "url": "https://scholar.google.com/citations?view_op=view_citation&hl=en&user=afbbNmwAAAAJ&citation_for_view=afbbNmwAAAAJ:roLk4NBRz8UC",
      "authors": "D Chen, H Li, T Xiao, S Yi, X Wang",
      "venue": "Proceedings of the IEEE conference on computer vision and pattern …, 2018",
      "year": 2018,
      "citations": 267
    },
    {
      "title": "Learning monocular depth by distilling cross-domain stereo networks",
      "url": "https://scholar.google.com/citations?view_op=view_citation&hl=en&user=afbbNmwAAAAJ&citation_for_view=afbbNmwAAAAJ:5nxA0vEk-isC",
      "authors": "X Guo, H Li, S Yi, J Ren, X Wang",
      "venue": "Proceedings of the European conference on computer vision (ECCV), 484-500, 2018",
      "year": 2018,
      "citations": 244
    },
    {
      "title": "Eliminating background-bias for robust person re-identification",
      "url": "https://scholar.google.com/citations?view_op=view_citation&hl=en&user=afbbNmwAAAAJ&citation_for_view=afbbNmwAAAAJ:hqOjcs7Dif8C",
      "authors": "M Tian, S Yi, H Li, S Li, X Zhang, J Shi, J Yan, X Wang",
      "venue": "Proceedings of the IEEE conference on computer vision and pattern …, 2018",
      "year": 2018,
      "citations": 213
    },
    {
      "title": "Spindle net: Person re-identification with human body region guided feature decomposition and fusion",
      "url": "https://scholar.google.com/citations?view_op=view_citation&hl=en&user=afbbNmwAAAAJ&citation_for_view=afbbNmwAAAAJ:eQOLeE2rZwMC",
      "authors": "H Zhao, M Tian, S Sun, J Shao, J Yan, S Yi, X Wang, X Tang",
      "venue": "Proceedings of the IEEE conference on computer vision and pattern …, 2017",
      "year": 2017,
      "citations": 1128
    },
    {
      "title": "Hydraplus-net: Attentive deep features for pedestrian analysis",
      "url": "https://scholar.google.com/citations?view_op=view_citation&hl=en&user=afbbNmwAAAAJ&citation_for_view=afbbNmwAAAAJ:ufrVoPGSRksC",
      "authors": "X Liu, H Zhao, M Tian, L Sheng, J Shao, S Yi, J Yan, X Wang",
      "venue": "Proceedings of the IEEE international conference on computer vision, 350-359, 2017",
      "year": 2017,
      "citations": 708
    },
    {
      "title": "Orientation invariant feature embedding and spatial temporal regularization for vehicle re-identification",
      "url": "https://scholar.google.com/citations?view_op=view_citation&hl=en&user=afbbNmwAAAAJ&citation_for_view=afbbNmwAAAAJ:_FxGoFyzp5QC",
      "authors": "Z Wang, L Tang, X Liu, Z Yao, S Yi, J Shao, J Yan, S Wang, H Li, X Wang",
      "venue": "Proceedings of the IEEE international conference on computer vision, 379-387, 2017",
      "year": 2017,
      "citations": 472
    },
    {
      "title": "Learning deep neural networks for vehicle re-id with visual-spatio-temporal path proposals",
      "url": "https://scholar.google.com/citations?view_op=view_citation&hl=en&user=afbbNmwAAAAJ&citation_for_view=afbbNmwAAAAJ:WF5omc3nYNoC",
      "authors": "Y Shen, T Xiao, H Li, S Yi, X Wang",
      "venue": "Proceedings of the IEEE international conference on computer vision, 1900-1909, 2017",
      "year": 2017,
      "citations": 388
    },
    {
      "title": "Pedestrian behavior understanding and prediction with deep neural networks",
      "url": "https://scholar.google.com/citations?view_op=view_citation&hl=en&user=afbbNmwAAAAJ&citation_for_view=afbbNmwAAAAJ:Y0pCki6q_DkC",
      "authors": "S Yi, H Li, X Wang",
      "venue": "European Conference on Computer Vision, 263-279, 2016",
      "year": 2016,
      "citations": 222
    },
    {
      "title": "Understanding Pedestrian Behaviors from Stationary Crowd Groups",
      "url": "https://scholar.google.com/citations?view_op=view_citation&hl=en&user=afbbNmwAAAAJ&citation_for_view=afbbNmwAAAAJ:UeHWp8X0CEIC",
      "authors": "S Yi, H Li, X Wang",
      "venue": "Computer Vision and Pattern Recognition (CVPR), 2015 IEEE Conference on …, 2015",
      "year": 2015,
      "citations": 319
    }
  ],
  "co_authors": [
    {
      "name": "Hongsheng Li (李鸿升)",
      "scholar_id": "BN2Ze-QAAAAJ",
      "url": "https://scholar.google.com/citations?user=BN2Ze-QAAAAJ"
    },
    {
      "name": "Xiaogang Wang",
      "scholar_id": "-B5JgjsAAAAJ",
      "url": "https://scholar.google.com/citations?user=-B5JgjsAAAAJ"
    },
    {
      "name": "Xiaoou Tang",
      "scholar_id": "qpBtpGsAAAAJ",
      "url": "https://scholar.google.com/citations?user=qpBtpGsAAAAJ"
    },
    {
      "name": "Jiaya Jia",
      "scholar_id": "XPAkzTEAAAAJ",
      "url": "https://scholar.google.com/citations?user=XPAkzTEAAAAJ"
    },
    {
      "name": "Junjie Yan",
      "scholar_id": "rEYarG0AAAAJ",
      "url": "https://scholar.google.com/citations?user=rEYarG0AAAAJ"
    }
  ]
}