{
  "author_info": {
    "name": "Ping Wang",
    "affiliation": "Assistant Professor, Computer Science, Stevens Institute of Technology",
    "email_verified": "Verified email at stevens.edu - Homepage",
    "website": "https://leafnlp.org/ping",
    "interests": [
      "Data mining",
      "Machine learning",
      "Healthcare informatics"
    ],
    "photo_url": "https://scholar.googleusercontent.com/citations?view_op=view_photo&user=Lc5_NXEAAAAJ&citpid=2"
  },
  "citation_stats": {
    "citations_all": 1401,
    "citations_since_2020": 1301,
    "h_index_all": 10,
    "h_index_since_2020": 10,
    "i10_index_all": 11,
    "i10_index_since_2020": 10,
    "citation_graph": [
      {
        "year": 2017,
        "citations": 11
      },
      {
        "year": 2018,
        "citations": 20
      },
      {
        "year": 2019,
        "citations": 55
      },
      {
        "year": 2020,
        "citations": 100
      },
      {
        "year": 2021,
        "citations": 160
      },
      {
        "year": 2022,
        "citations": 197
      },
      {
        "year": 2023,
        "citations": 251
      },
      {
        "year": 2024,
        "citations": 325
      },
      {
        "year": 2025,
        "citations": 266
      }
    ]
  },
  "papers": [
    {
      "title": "Understanding student sentiment on mental health support in colleges using large language models",
      "url": "https://scholar.google.com/citations?view_op=view_citation&hl=en&user=Lc5_NXEAAAAJ&citation_for_view=Lc5_NXEAAAAJ:RHpTSmoSYBkC",
      "authors": "P Sood, C He, D Gupta, Y Ning, P Wang",
      "venue": "2024 IEEE International Conference on Big Data (BigData), 1865-1872, 2024",
      "year": 2024,
      "citations": 1
    },
    {
      "title": "Natural language querying on domain-specific nosql database with large language models",
      "url": "https://scholar.google.com/citations?view_op=view_citation&hl=en&user=Lc5_NXEAAAAJ&citation_for_view=Lc5_NXEAAAAJ:j3f4tGmQtD8C",
      "authors": "W Zhang, C He, G Yang, D Bandyopadhyay, T Shi, P Wang",
      "venue": "2024 IEEE International Conference on Bioinformatics and Biomedicine (BIBM …, 2024",
      "year": 2024,
      "citations": 1
    },
    {
      "title": "Multi-label clinical time-series generation via conditional GAN",
      "url": "https://scholar.google.com/citations?view_op=view_citation&hl=en&user=Lc5_NXEAAAAJ&citation_for_view=Lc5_NXEAAAAJ:L8Ckcad2t8MC",
      "authors": "C Lu, CK Reddy, P Wang, D Nie, Y Ning",
      "venue": "IEEE Transactions on Knowledge and Data Engineering 36 (4), 1728-1740, 2023",
      "year": 2023,
      "citations": 53
    },
    {
      "title": "Event detection explorer: An interactive tool for event detection exploration",
      "url": "https://scholar.google.com/citations?view_op=view_citation&hl=en&user=Lc5_NXEAAAAJ&citation_for_view=Lc5_NXEAAAAJ:ZeXyd9-uunAC",
      "authors": "W Zhang, B Ingale, H Shabir, T Li, T Shi, P Wang",
      "venue": "Companion Proceedings of the 28th International Conference on Intelligent …, 2023",
      "year": 2023,
      "citations": 10
    },
    {
      "title": "Towards semi-structured automatic ICD coding via tree-based contrastive learning",
      "url": "https://scholar.google.com/citations?view_op=view_citation&hl=en&user=Lc5_NXEAAAAJ&citation_for_view=Lc5_NXEAAAAJ:hFOr9nPyWt4C",
      "authors": "C Lu, C Reddy, P Wang, Y Ning",
      "venue": "Advances in Neural Information Processing Systems 36, 68300-68315, 2023",
      "year": 2023,
      "citations": 8
    },
    {
      "title": "Enhancing depression detection from narrative interviews using language models",
      "url": "https://scholar.google.com/citations?view_op=view_citation&hl=en&user=Lc5_NXEAAAAJ&citation_for_view=Lc5_NXEAAAAJ:TQgYirikUcIC",
      "authors": "P Sood, X Yang, P Wang",
      "venue": "2023 IEEE International Conference on Bioinformatics and Biomedicine (BIBM …, 2023",
      "year": 2023,
      "citations": 7
    },
    {
      "title": "Text-to-esq: A two-stage controllable approach for efficient retrieval of vaccine adverse events from nosql database",
      "url": "https://scholar.google.com/citations?view_op=view_citation&hl=en&user=Lc5_NXEAAAAJ&citation_for_view=Lc5_NXEAAAAJ:hC7cP41nSMkC",
      "authors": "W Zhang, K Zeng, X Yang, T Shi, P Wang",
      "venue": "Proceedings of the 14th ACM International Conference on Bioinformatics …, 2023",
      "year": 2023,
      "citations": 5
    },
    {
      "title": "Task as Context: A Sensemaking Perspective on Annotating Inter-Dependent Event Attributes with Non-Experts",
      "url": "https://scholar.google.com/citations?view_op=view_citation&hl=en&user=Lc5_NXEAAAAJ&citation_for_view=Lc5_NXEAAAAJ:mB3voiENLucC",
      "authors": "T Li, P Wang, T Shi, Y Bian, A Esakia",
      "venue": "Proceedings of the AAAI Conference on Human Computation and Crowdsourcing 11 …, 2023",
      "year": 2023,
      "citations": 1
    },
    {
      "title": "Attention-based aspect reasoning for knowledge base question answering on clinical notes",
      "url": "https://scholar.google.com/citations?view_op=view_citation&hl=en&user=Lc5_NXEAAAAJ&citation_for_view=Lc5_NXEAAAAJ:QIV2ME_5wuYC",
      "authors": "P Wang, T Shi, K Agarwal, S Choudhury, CK Reddy",
      "venue": "Proceedings of the 13th ACM International Conference on Bioinformatics …, 2022",
      "year": 2022,
      "citations": 8
    },
    {
      "title": "Self-supervised learning of contextual embeddings for link prediction in heterogeneous networks",
      "url": "https://scholar.google.com/citations?view_op=view_citation&hl=en&user=Lc5_NXEAAAAJ&citation_for_view=Lc5_NXEAAAAJ:qxL8FJ1GzNcC",
      "authors": "P Wang, K Agarwal, C Ham, S Choudhury, CK Reddy",
      "venue": "Proceedings of the web conference 2021, 2946-2957, 2021",
      "year": 2021,
      "citations": 79
    },
    {
      "title": "A simple and effective self-supervised contrastive learning framework for aspect detection",
      "url": "https://scholar.google.com/citations?view_op=view_citation&hl=en&user=Lc5_NXEAAAAJ&citation_for_view=Lc5_NXEAAAAJ:Wp0gIr-vW9MC",
      "authors": "T Shi, L Li, P Wang, CK Reddy",
      "venue": "Proceedings of the AAAI conference on artificial intelligence 35 (15), 13815 …, 2021",
      "year": 2021,
      "citations": 58
    },
    {
      "title": "Corpus-level and concept-based explanations for interpretable document classification",
      "url": "https://scholar.google.com/citations?view_op=view_citation&hl=en&user=Lc5_NXEAAAAJ&citation_for_view=Lc5_NXEAAAAJ:9ZlFYXVOiuMC",
      "authors": "T Shi, X Zhang, P Wang, CK Reddy",
      "venue": "ACM Transactions on Knowledge Discovery from Data (TKDD) 16 (3), 1-17, 2021",
      "year": 2021,
      "citations": 10
    },
    {
      "title": "Text-to-SQL generation for question answering on electronic medical records",
      "url": "https://scholar.google.com/citations?view_op=view_citation&hl=en&user=Lc5_NXEAAAAJ&citation_for_view=Lc5_NXEAAAAJ:_kc_bZDykSQC",
      "authors": "P Wang, T Shi, CK Reddy",
      "venue": "Proceedings of The Web Conference 2020, 350-361, 2020",
      "year": 2020,
      "citations": 145
    },
    {
      "title": "A novel tensor-based temporal multi-task survival analysis model",
      "url": "https://scholar.google.com/citations?view_op=view_citation&hl=en&user=Lc5_NXEAAAAJ&citation_for_view=Lc5_NXEAAAAJ:YOwf2qJgpHMC",
      "authors": "P Wang, T Shi, CK Reddy",
      "venue": "IEEE Transactions on Knowledge and Data Engineering 33 (9), 3311-3322, 2020",
      "year": 2020,
      "citations": 15
    },
    {
      "title": "An interpretable and uncertainty aware multi-task framework for multi-aspect sentiment analysis",
      "url": "https://scholar.google.com/citations?view_op=view_citation&hl=en&user=Lc5_NXEAAAAJ&citation_for_view=Lc5_NXEAAAAJ:7PzlFSSx8tAC",
      "authors": "T Shi, P Wang, CK Reddy",
      "venue": "arXiv preprint arXiv:2009.09112, 2020",
      "year": 2020,
      "citations": 1
    },
    {
      "title": "Machine learning for survival analysis: A survey",
      "url": "https://scholar.google.com/citations?view_op=view_citation&hl=en&user=Lc5_NXEAAAAJ&citation_for_view=Lc5_NXEAAAAJ:MXK_kJrjxJIC",
      "authors": "P Wang, Y Li, CK Reddy",
      "venue": "ACM Computing Surveys (CSUR) 51 (6), 1-36, 2019",
      "year": 2019,
      "citations": 902
    },
    {
      "title": "LeafNATS: An open-source toolkit and live demo system for neural abstractive text summarization",
      "url": "https://scholar.google.com/citations?view_op=view_citation&hl=en&user=Lc5_NXEAAAAJ&citation_for_view=Lc5_NXEAAAAJ:Zph67rFs4hoC",
      "authors": "T Shi, P Wang, CK Reddy",
      "venue": "arXiv preprint arXiv:1906.01512, 2019",
      "year": 2019,
      "citations": 17
    },
    {
      "title": "A bayesian perspective on early stage event prediction in longitudinal data",
      "url": "https://scholar.google.com/citations?view_op=view_citation&hl=en&user=Lc5_NXEAAAAJ&citation_for_view=Lc5_NXEAAAAJ:roLk4NBRz8UC",
      "authors": "MJ Fard, P Wang, S Chawla, CK Reddy",
      "venue": "IEEE Transactions on Knowledge and Data Engineering 28 (12), 3126-3139, 2016",
      "year": 2016,
      "citations": 65
    },
    {
      "title": "GPView: A program for wave function analysis and visualization",
      "url": "https://scholar.google.com/citations?view_op=view_citation&hl=en&user=Lc5_NXEAAAAJ&citation_for_view=Lc5_NXEAAAAJ:LkGwnXOMwfcC",
      "authors": "T Shi, P Wang",
      "venue": "Journal of Molecular Graphics and Modelling 70, 305-314, 2016",
      "year": 2016,
      "citations": 12
    },
    {
      "title": "Crisp: Consensus regularized selection based prediction",
      "url": "https://scholar.google.com/citations?view_op=view_citation&hl=en&user=Lc5_NXEAAAAJ&citation_for_view=Lc5_NXEAAAAJ:5nxA0vEk-isC",
      "authors": "P Wang, KK Padthe, B Vinzamuri, CK Reddy",
      "venue": "Proceedings of the 25th ACM International on Conference on Information and …, 2016",
      "year": 2016,
      "citations": 3
    }
  ],
  "co_authors": [
    {
      "name": "Chandan K. Reddy",
      "scholar_id": "LoXnMOIAAAAJ",
      "url": "https://scholar.google.com/citations?user=LoXnMOIAAAAJ"
    },
    {
      "name": "Tian Shi",
      "scholar_id": "muaz7AoAAAAJ",
      "url": "https://scholar.google.com/citations?user=muaz7AoAAAAJ"
    },
    {
      "name": "Yan Li",
      "scholar_id": "FTgrqGIAAAAJ",
      "url": "https://scholar.google.com/citations?user=FTgrqGIAAAAJ"
    },
    {
      "name": "Sutanay Choudhury",
      "scholar_id": "oouJk7YAAAAJ",
      "url": "https://scholar.google.com/citations?user=oouJk7YAAAAJ"
    },
    {
      "name": "khushbu agarwal",
      "scholar_id": "F6639o4AAAAJ",
      "url": "https://scholar.google.com/citations?user=F6639o4AAAAJ"
    },
    {
      "name": "sanjay chawla",
      "scholar_id": "fdUJcwYAAAAJ",
      "url": "https://scholar.google.com/citations?user=fdUJcwYAAAAJ"
    },
    {
      "name": "Mahtab Fard",
      "scholar_id": "Ey_bldEAAAAJ",
      "url": "https://scholar.google.com/citations?user=Ey_bldEAAAAJ"
    },
    {
      "name": "Liuqing Li",
      "scholar_id": "eVG56DkAAAAJ",
      "url": "https://scholar.google.com/citations?user=eVG56DkAAAAJ"
    },
    {
      "name": "Xuchao Zhang",
      "scholar_id": "bWvMtN8AAAAJ",
      "url": "https://scholar.google.com/citations?user=bWvMtN8AAAAJ"
    },
    {
      "name": "Bhanukiran Vinzamuri",
      "scholar_id": "JbI-zokAAAAJ",
      "url": "https://scholar.google.com/citations?user=JbI-zokAAAAJ"
    }
  ]
}