{
  "author_info": {
    "name": "Mingchen Gao",
    "affiliation": "University at Buffalo SUNY, Department of Computer Science and Engineering",
    "email_verified": "Verified email at buffalo.edu - Homepage",
    "website": "https://www.cse.buffalo.edu/~mgao8/",
    "interests": [
      "Medical Imaging Informatics",
      "Computer Vision",
      "Machine Learning"
    ],
    "photo_url": "https://scholar.googleusercontent.com/citations?view_op=view_photo&user=1KUHms8AAAAJ&citpid=2"
  },
  "citation_stats": {
    "citations_all": 9593,
    "citations_since_2020": 7158,
    "h_index_all": 26,
    "h_index_since_2020": 24,
    "i10_index_all": 44,
    "i10_index_since_2020": 38,
    "citation_graph": [
      {
        "year": 2013,
        "citations": 50
      },
      {
        "year": 2014,
        "citations": 50
      },
      {
        "year": 2015,
        "citations": 53
      },
      {
        "year": 2016,
        "citations": 117
      },
      {
        "year": 2017,
        "citations": 361
      },
      {
        "year": 2018,
        "citations": 652
      },
      {
        "year": 2019,
        "citations": 1053
      },
      {
        "year": 2020,
        "citations": 1143
      },
      {
        "year": 2021,
        "citations": 1272
      },
      {
        "year": 2022,
        "citations": 1304
      },
      {
        "year": 2023,
        "citations": 1239
      },
      {
        "year": 2024,
        "citations": 1199
      },
      {
        "year": 2025,
        "citations": 997
      }
    ]
  },
  "papers": [
    {
      "title": "Continual segment: Towards a single, unified and non-forgetting continual segmentation model of 143 whole-body organs in ct scans",
      "url": "https://scholar.google.com/citations?view_op=view_citation&hl=en&user=1KUHms8AAAAJ&citation_for_view=1KUHms8AAAAJ:KNjnJ3z-R6IC",
      "authors": "Z Ji, D Guo, P Wang, K Yan, L Lu, M Xu, Q Wang, J Ge, M Gao, X Ye, ...",
      "venue": "Proceedings of the IEEE/CVF International Conference on Computer Vision …, 2023",
      "year": 2023,
      "citations": 44
    },
    {
      "title": "Improving task-free continual learning by distributionally robust memory evolution",
      "url": "https://scholar.google.com/citations?view_op=view_citation&hl=en&user=1KUHms8AAAAJ&citation_for_view=1KUHms8AAAAJ:MAUkC_7iAq8C",
      "authors": "Z Wang, L Shen, L Fang, Q Suo, T Duan, M Gao",
      "venue": "International conference on machine learning, 22985-22998, 2022",
      "year": 2022,
      "citations": 62
    },
    {
      "title": "Learning to learn and remember super long multi-domain task sequence",
      "url": "https://scholar.google.com/citations?view_op=view_citation&hl=en&user=1KUHms8AAAAJ&citation_for_view=1KUHms8AAAAJ:jE2MZjpN3IcC",
      "authors": "Z Wang, L Shen, T Duan, D Zhan, L Fang, M Gao",
      "venue": "Proceedings of the IEEE/CVF Conference on Computer Vision and Pattern …, 2022",
      "year": 2022,
      "citations": 39
    },
    {
      "title": "Meta-learning without data via wasserstein distributionally-robust model fusion",
      "url": "https://scholar.google.com/citations?view_op=view_citation&hl=en&user=1KUHms8AAAAJ&citation_for_view=1KUHms8AAAAJ:-7ulzOJl1JYC",
      "authors": "Z Wang, X Wang, L Shen, Q Suo, K Song, D Yu, Y Shen, M Gao",
      "venue": "Uncertainty in Artificial Intelligence, 2045-2055, 2022",
      "year": 2022,
      "citations": 32
    },
    {
      "title": "Soft attention improves skin cancer classification performance",
      "url": "https://scholar.google.com/citations?view_op=view_citation&hl=en&user=1KUHms8AAAAJ&citation_for_view=1KUHms8AAAAJ:3NQIlFlcGxIC",
      "authors": "SK Datta, MA Shaikh, SN Srihari, M Gao",
      "venue": "International Workshop on Interpretability of Machine Intelligence in …, 2021",
      "year": 2021,
      "citations": 192
    },
    {
      "title": "Realistic lung nodule synthesis with multi-target co-guided adversarial mechanism",
      "url": "https://scholar.google.com/citations?view_op=view_citation&hl=en&user=1KUHms8AAAAJ&citation_for_view=1KUHms8AAAAJ:j7_hQOaDUrUC",
      "authors": "Q Wang, X Zhang, W Zhang, M Gao, S Huang, J Wang, J Zhang, D Yang, ...",
      "venue": "IEEE Transactions on Medical Imaging 40 (9), 2343-2353, 2021",
      "year": 2021,
      "citations": 38
    },
    {
      "title": "Brain tumor segmentation on MRI with missing modalities",
      "url": "https://scholar.google.com/citations?view_op=view_citation&hl=en&user=1KUHms8AAAAJ&citation_for_view=1KUHms8AAAAJ:v1_lew4L6wgC",
      "authors": "Y Shen, M Gao",
      "venue": "International conference on information processing in medical imaging, 417-428, 2019",
      "year": 2019,
      "citations": 114
    },
    {
      "title": "Scribble-based hierarchical weakly supervised learning for brain tumor segmentation",
      "url": "https://scholar.google.com/citations?view_op=view_citation&hl=en&user=1KUHms8AAAAJ&citation_for_view=1KUHms8AAAAJ:7Hz3ACDFbsoC",
      "authors": "Z Ji, Y Shen, C Ma, M Gao",
      "venue": "International Conference on Medical Image Computing and Computer-Assisted …, 2019",
      "year": 2019,
      "citations": 100
    },
    {
      "title": "Neural style transfer improves 3d cardiovascular mr image segmentation on inconsistent data",
      "url": "https://scholar.google.com/citations?view_op=view_citation&hl=en&user=1KUHms8AAAAJ&citation_for_view=1KUHms8AAAAJ:LdasjJ6CEcoC",
      "authors": "C Ma, Z Ji, M Gao",
      "venue": "International Conference on Medical Image Computing and Computer-Assisted …, 2019",
      "year": 2019,
      "citations": 65
    },
    {
      "title": "Holistic brain tumor screening and classification based on densenet and recurrent neural network",
      "url": "https://scholar.google.com/citations?view_op=view_citation&hl=en&user=1KUHms8AAAAJ&citation_for_view=1KUHms8AAAAJ:BzfGm06jWhQC",
      "authors": "Y Zhou, Z Li, H Zhu, C Chen, M Gao, K Xu, J Xu",
      "venue": "International MICCAI brainlesion workshop, 208-217, 2018",
      "year": 2018,
      "citations": 126
    },
    {
      "title": "Dynamic routing on deep neural network for thoracic disease classification and sensitive area localization",
      "url": "https://scholar.google.com/citations?view_op=view_citation&hl=en&user=1KUHms8AAAAJ&citation_for_view=1KUHms8AAAAJ:U4n9YNQMCAIC",
      "authors": "Y Shen, M Gao",
      "venue": "International workshop on machine learning in medical imaging, 389-397, 2018",
      "year": 2018,
      "citations": 71
    },
    {
      "title": "Joint solution for PET image segmentation, denoising, and partial volume correction",
      "url": "https://scholar.google.com/citations?view_op=view_citation&hl=en&user=1KUHms8AAAAJ&citation_for_view=1KUHms8AAAAJ:43bX7VzcjpAC",
      "authors": "Z Xu, M Gao, GZ Papadakis, B Luna, S Jain, DJ Mollura, U Bagci",
      "venue": "Medical image analysis 46, 229-243, 2018",
      "year": 2018,
      "citations": 52
    },
    {
      "title": "Deep convolutional neural networks for computer-aided detection: CNN architectures, dataset characteristics and transfer learning",
      "url": "https://scholar.google.com/citations?view_op=view_citation&hl=en&user=1KUHms8AAAAJ&citation_for_view=1KUHms8AAAAJ:sJsF-0ZLhtgC",
      "authors": "HC Shin, HR Roth, M Gao, L Lu, Z Xu, I Nogues, J Yao, D Mollura, ...",
      "venue": "IEEE transactions on medical imaging 35 (5), 1285-1298, 2016",
      "year": 2016,
      "citations": 7097
    },
    {
      "title": "Holistic Classification of CT Attenuation Patterns for Interstitial Lung Diseases via Deep Convolutional Neural Networks",
      "url": "https://scholar.google.com/citations?view_op=view_citation&hl=en&user=1KUHms8AAAAJ&citation_for_view=1KUHms8AAAAJ:Ak0FvsSvgGUC",
      "authors": "M Gao, U Bagci, L Lu, A Wu, M Buty, HC Shin, H Roth, GZ Papadakis, ...",
      "venue": "",
      "citations": 329,
      "year": 2016
    },
    {
      "title": "Deep vessel tracking: A generalized probabilistic approach via deep learning",
      "url": "https://scholar.google.com/citations?view_op=view_citation&hl=en&user=1KUHms8AAAAJ&citation_for_view=1KUHms8AAAAJ:wMgC3FpKEyYC",
      "authors": "A Wu, Z Xu, M Gao, M Buty, DJ Mollura",
      "venue": "2016 IEEE 13th International Symposium on Biomedical Imaging (ISBI), 1363-1367, 2016",
      "year": 2016,
      "citations": 99
    },
    {
      "title": "Characterization of lung nodule malignancy using hybrid shape and appearance features",
      "url": "https://scholar.google.com/citations?view_op=view_citation&hl=en&user=1KUHms8AAAAJ&citation_for_view=1KUHms8AAAAJ:QD3KBmkZPeQC",
      "authors": "M Buty, Z Xu, M Gao, U Bagci, A Wu, DJ Mollura",
      "venue": "International Conference on Medical Image Computing and Computer-Assisted …, 2016",
      "year": 2016,
      "citations": 75
    },
    {
      "title": "Segmentation label propagation using deep convolutional neural networks and dense conditional random field",
      "url": "https://scholar.google.com/citations?view_op=view_citation&hl=en&user=1KUHms8AAAAJ&citation_for_view=1KUHms8AAAAJ:4X0JR2_MtJMC",
      "authors": "M Gao, Z Xu, L Lu, A Wu, I Nogues, RM Summers, DJ Mollura",
      "venue": "2016 IEEE 13th International Symposium on Biomedical Imaging (ISBI), 1265--1268, 2016",
      "year": 2016,
      "citations": 62
    },
    {
      "title": "Segmenting the papillary muscles and the trabeculae from high resolution cardiac CT through restoration of topological handles",
      "url": "https://scholar.google.com/citations?view_op=view_citation&hl=en&user=1KUHms8AAAAJ&citation_for_view=1KUHms8AAAAJ:tYavs44e6CUC",
      "authors": "M Gao, C Chen, S Zhang, Z Qian, D Metaxas, L Axel",
      "venue": "International Conference on Information Processing in Medical Imaging, 184-195, 2013",
      "year": 2013,
      "citations": 45
    },
    {
      "title": "Abnormal detection using interaction energy potentials",
      "url": "https://scholar.google.com/citations?view_op=view_citation&hl=en&user=1KUHms8AAAAJ&citation_for_view=1KUHms8AAAAJ:fFSKOagxvKUC",
      "authors": "X Cui, Q Liu, M Gao, DN Metaxas",
      "venue": "CVPR 2011, 3161-3167, 2011",
      "year": 2011,
      "citations": 299
    },
    {
      "title": "Using high resolution cardiac CT data to model and visualize patient-specific interactions between trabeculae and blood flow",
      "url": "https://scholar.google.com/citations?view_op=view_citation&hl=en&user=1KUHms8AAAAJ&citation_for_view=1KUHms8AAAAJ:nrtMV_XWKgEC",
      "authors": "S Kulp, M Gao, S Zhang, Z Qian, S Voros, D Metaxas, L Axel",
      "venue": "International Conference on Medical Image Computing and Computer-Assisted …, 2011",
      "year": 2011,
      "citations": 40
    }
  ],
  "co_authors": [
    {
      "name": "Ziyue Xu",
      "scholar_id": "gmUta74AAAAJ",
      "url": "https://scholar.google.com/citations?user=gmUta74AAAAJ"
    },
    {
      "name": "Daniel Mollura",
      "scholar_id": "qWO6PE0AAAAJ",
      "url": "https://scholar.google.com/citations?user=qWO6PE0AAAAJ"
    },
    {
      "name": "Le Lu",
      "scholar_id": "kZn0f6gAAAAJ",
      "url": "https://scholar.google.com/citations?user=kZn0f6gAAAAJ"
    },
    {
      "name": "Ronald M. Summers, MD, PhD",
      "scholar_id": "j4cvq80AAAAJ",
      "url": "https://scholar.google.com/citations?user=j4cvq80AAAAJ"
    },
    {
      "name": "Hoo-Chang Shin",
      "scholar_id": "kxq9tr8AAAAJ",
      "url": "https://scholar.google.com/citations?user=kxq9tr8AAAAJ"
    },
    {
      "name": "Holger R. Roth",
      "scholar_id": "pzNwAsEAAAAJ",
      "url": "https://scholar.google.com/citations?user=pzNwAsEAAAAJ"
    },
    {
      "name": "Dimitris N. Metaxas",
      "scholar_id": "a7VNhCIAAAAJ",
      "url": "https://scholar.google.com/citations?user=a7VNhCIAAAAJ"
    },
    {
      "name": "Chunwei Ma",
      "scholar_id": "4NOrXN8AAAAJ",
      "url": "https://scholar.google.com/citations?user=4NOrXN8AAAAJ"
    },
    {
      "name": "Shen Yan",
      "scholar_id": "UbPmaEQAAAAJ",
      "url": "https://scholar.google.com/citations?user=UbPmaEQAAAAJ"
    },
    {
      "name": "Jianhua Yao",
      "scholar_id": "3bQwlCQAAAAJ",
      "url": "https://scholar.google.com/citations?user=3bQwlCQAAAAJ"
    },
    {
      "name": "Zhanghexuan Ji",
      "scholar_id": "P82JEXcAAAAJ",
      "url": "https://scholar.google.com/citations?user=P82JEXcAAAAJ"
    },
    {
      "name": "Zhenyi Wang",
      "scholar_id": "F4uLsroAAAAJ",
      "url": "https://scholar.google.com/citations?user=F4uLsroAAAAJ"
    },
    {
      "name": "Ulas Bagci",
      "scholar_id": "9LUdPM4AAAAJ",
      "url": "https://scholar.google.com/citations?user=9LUdPM4AAAAJ"
    },
    {
      "name": "Shaoting Zhang",
      "scholar_id": "oiBMWK4AAAAJ",
      "url": "https://scholar.google.com/citations?user=oiBMWK4AAAAJ"
    },
    {
      "name": "Jinhui Xu",
      "scholar_id": "qIPV_KsAAAAJ",
      "url": "https://scholar.google.com/citations?user=qIPV_KsAAAAJ"
    },
    {
      "name": "Leon Axel",
      "scholar_id": "iR0ASjYAAAAJ",
      "url": "https://scholar.google.com/citations?user=iR0ASjYAAAAJ"
    },
    {
      "name": "Zhen Qian",
      "scholar_id": "9LA_2BgAAAAJ",
      "url": "https://scholar.google.com/citations?user=9LA_2BgAAAAJ"
    },
    {
      "name": "Junzhou Huang",
      "scholar_id": "X7KrguAAAAAJ",
      "url": "https://scholar.google.com/citations?user=X7KrguAAAAAJ"
    },
    {
      "name": "Scott Kulp",
      "scholar_id": "wJ49pwEAAAAJ",
      "url": "https://scholar.google.com/citations?user=wJ49pwEAAAAJ"
    },
    {
      "name": "Chao Chen",
      "scholar_id": "J-iIIFAAAAAJ",
      "url": "https://scholar.google.com/citations?user=J-iIIFAAAAAJ"
    }
  ]
}