{
  "author_info": {
    "name": "Alexandre Mourachko",
    "affiliation": "Meta AI",
    "email_verified": "Verified email at meta.com",
    "interests": [
      "Language Modeling",
      "Translation"
    ],
    "photo_url": "/citations/images/avatar_scholar_128.png"
  },
  "citation_stats": {
    "citations_all": 1995,
    "citations_since_2020": 1994,
    "h_index_all": 12,
    "h_index_since_2020": 12,
    "i10_index_all": 12,
    "i10_index_since_2020": 12,
    "citation_graph": [
      {
        "year": 2022,
        "citations": 36
      },
      {
        "year": 2023,
        "citations": 266
      },
      {
        "year": 2024,
        "citations": 726
      },
      {
        "year": 2025,
        "citations": 947
      }
    ]
  },
  "papers": [
    {
      "title": "Joint speech and text machine translation for up to 100 languages",
      "url": "https://scholar.google.com/citations?view_op=view_citation&hl=en&user=OD9-erYAAAAJ&citation_for_view=OD9-erYAAAAJ:Zph67rFs4hoC",
      "authors": "",
      "venue": "Nature 637 (8046), 587-593, 2025",
      "year": 2025,
      "citations": 20
    },
    {
      "title": "Lcfo: Long context and long form output dataset and benchmarking",
      "url": "https://scholar.google.com/citations?view_op=view_citation&hl=en&user=OD9-erYAAAAJ&citation_for_view=OD9-erYAAAAJ:Se3iqnhoufwC",
      "authors": "MR Costa-jussà, P Andrews, MC Meglioli, J Chen, J Chuang, D Dale, ...",
      "venue": "Findings of the Association for Computational Linguistics: ACL 2025, 10672-10700, 2025",
      "year": 2025,
      "citations": 7
    },
    {
      "title": "BOUQuET: dataset, Benchmark and Open initiative for Universal Quality Evaluation in Translation",
      "url": "https://scholar.google.com/citations?view_op=view_citation&hl=en&user=OD9-erYAAAAJ&citation_for_view=OD9-erYAAAAJ:8k81kl-MbHgC",
      "authors": "P Andrews, M Artetxe, MC Meglioli, MR Costa-jussà, J Chuang, D Dale, ...",
      "venue": "Proceedings of the 2025 Conference on Empirical Methods in Natural Language …, 2025",
      "year": 2025,
      "citations": 1
    },
    {
      "title": "Omnilingual ASR: Open-Source Multilingual Speech Recognition for 1600+ Languages",
      "url": "https://scholar.google.com/citations?view_op=view_citation&hl=en&user=OD9-erYAAAAJ&citation_for_view=OD9-erYAAAAJ:qxL8FJ1GzNcC",
      "authors": "ASR Omnilingual, G Keren, A Kozhevnikov, Y Meng, C Ropers, M Setzler, ...",
      "venue": "arXiv preprint arXiv:2511.09690, 2025",
      "year": 2025,
      "citations": 0
    },
    {
      "title": "Large concept models: Language modeling in a sentence representation space",
      "url": "https://scholar.google.com/citations?view_op=view_citation&hl=en&user=OD9-erYAAAAJ&citation_for_view=OD9-erYAAAAJ:0EnyYjriUFMC",
      "authors": "L Barrault, PA Duquenne, M Elbayad, A Kozhevnikov, B Alastruey, ...",
      "venue": "arXiv preprint arXiv:2412.08821, 2024",
      "year": 2024,
      "citations": 30
    },
    {
      "title": "Video seal: Open and efficient video watermarking",
      "url": "https://scholar.google.com/citations?view_op=view_citation&hl=en&user=OD9-erYAAAAJ&citation_for_view=OD9-erYAAAAJ:UebtZRa9Y70C",
      "authors": "P Fernandez, H Elsahar, IZ Yalniz, A Mourachko",
      "venue": "arXiv preprint arXiv:2412.09492, 2024",
      "year": 2024,
      "citations": 22
    },
    {
      "title": "Mutox: Universal multilingual audio-based toxicity dataset and zero-shot detector",
      "url": "https://scholar.google.com/citations?view_op=view_citation&hl=en&user=OD9-erYAAAAJ&citation_for_view=OD9-erYAAAAJ:2osOgNQ5qMEC",
      "authors": "M Costa-jussà, M Meglioli, P Andrews, D Dale, P Hansanti, E Kalbassi, ...",
      "venue": "Findings of the Association for Computational Linguistics: ACL 2024, 5725-5734, 2024",
      "year": 2024,
      "citations": 14
    },
    {
      "title": "Aligning speech segments beyond pure semantics",
      "url": "https://scholar.google.com/citations?view_op=view_citation&hl=en&user=OD9-erYAAAAJ&citation_for_view=OD9-erYAAAAJ:LkGwnXOMwfcC",
      "authors": "K Heffernan, A Kozhevnikov, L Barrault, A Mourachko, H Schwenk",
      "venue": "Findings of the Association for Computational Linguistics ACL 2024, 3626-3635, 2024",
      "year": 2024,
      "citations": 3
    },
    {
      "title": "SeamlessM4T: massively multilingual & multimodal machine translation",
      "url": "https://scholar.google.com/citations?view_op=view_citation&hl=en&user=OD9-erYAAAAJ&citation_for_view=OD9-erYAAAAJ:Tyk-4Ss8FVUC",
      "authors": "L Barrault, YA Chung, MC Meglioli, D Dale, N Dong, PA Duquenne, ...",
      "venue": "arXiv preprint arXiv:2308.11596, 2023",
      "year": 2023,
      "citations": 222
    },
    {
      "title": "Seamless: Multilingual Expressive and Streaming Speech Translation",
      "url": "https://scholar.google.com/citations?view_op=view_citation&hl=en&user=OD9-erYAAAAJ&citation_for_view=OD9-erYAAAAJ:WF5omc3nYNoC",
      "authors": "L Barrault, YA Chung, MC Meglioli, D Dale, N Dong, M Duppenthaler, ...",
      "venue": "arXiv preprint arXiv:2312.05187, 2023",
      "year": 2023,
      "citations": 202
    },
    {
      "title": "BLASER: A text-free speech-to-speech translation evaluation metric",
      "url": "https://scholar.google.com/citations?view_op=view_citation&hl=en&user=OD9-erYAAAAJ&citation_for_view=OD9-erYAAAAJ:W7OEmFMy1HYC",
      "authors": "M Chen, PA Duquenne, P Andrews, J Kao, A Mourachko, H Schwenk, ...",
      "venue": "Proceedings of the 61st Annual Meeting of the Association for Computational …, 2023",
      "year": 2023,
      "citations": 28
    },
    {
      "title": "xSIM++: An improved proxy to bitext mining performance for low-resource languages",
      "url": "https://scholar.google.com/citations?view_op=view_citation&hl=en&user=OD9-erYAAAAJ&citation_for_view=OD9-erYAAAAJ:Y0pCki6q_DkC",
      "authors": "M Chen, K Heffernan, O Çelebi, A Mourachko, H Schwenk",
      "venue": "Proceedings of the 61st Annual Meeting of the Association for Computational …, 2023",
      "year": 2023,
      "citations": 8
    },
    {
      "title": "Sonar expressive: Zero-shot expressive speech-to-speech translation",
      "url": "https://scholar.google.com/citations?view_op=view_citation&hl=en&user=OD9-erYAAAAJ&citation_for_view=OD9-erYAAAAJ:ufrVoPGSRksC",
      "authors": "PA Duquenne, K Heffernan, A Mourachko, B Sagot, H Schwenk",
      "venue": "",
      "citations": 4,
      "year": 2023
    },
    {
      "title": "No language left behind: Scaling human-centered machine translation",
      "url": "https://scholar.google.com/citations?view_op=view_citation&hl=en&user=OD9-erYAAAAJ&citation_for_view=OD9-erYAAAAJ:IjCSPb-OGe4C",
      "authors": "MR Costa-Jussà, J Cross, O Çelebi, M Elbayad, K Heafield, K Heffernan, ...",
      "venue": "arXiv preprint arXiv:2207.04672, 2022",
      "year": 2022,
      "citations": 1116
    },
    {
      "title": "No language left behind: Scaling human-centered machine translation",
      "url": "https://scholar.google.com/citations?view_op=view_citation&hl=en&user=OD9-erYAAAAJ&citation_for_view=OD9-erYAAAAJ:3fE2CSJIrl8C",
      "authors": "N Team, MR Costa-Jussà, J Cross, O Çelebi, M Elbayad, K Heafield, ...",
      "venue": "arXiv preprint arXiv:2207.04672, 2022",
      "year": 2022,
      "citations": 139
    },
    {
      "title": "No language left behind: Scaling human-centered machine translation, 2022",
      "url": "https://scholar.google.com/citations?view_op=view_citation&hl=en&user=OD9-erYAAAAJ&citation_for_view=OD9-erYAAAAJ:zYLM7Y9cAGgC",
      "authors": "NLLB Team, MR Costa-jussà, J Cross, O Çelebi, M Elbayad, K Heafield, ...",
      "venue": "URL https://arxiv. org/abs/2207.04672, 2022",
      "year": 2022,
      "citations": 134
    },
    {
      "title": "Findings of the WMT’22 shared task on large-scale machine translation evaluation for African languages",
      "url": "https://scholar.google.com/citations?view_op=view_citation&hl=en&user=OD9-erYAAAAJ&citation_for_view=OD9-erYAAAAJ:u5HHmVD_uO8C",
      "authors": "DI Adelani, MMI Alam, A Anastasopoulos, A Bhagia, MR Costa-jussà, ...",
      "venue": "Proceedings of the Seventh Conference on Machine Translation (WMT), 773-800, 2022",
      "year": 2022,
      "citations": 21
    },
    {
      "title": "No language left behind: scaling human-centered machine translation. arXiv",
      "url": "https://scholar.google.com/citations?view_op=view_citation&hl=en&user=OD9-erYAAAAJ&citation_for_view=OD9-erYAAAAJ:MXK_kJrjxJIC",
      "authors": "MR Costa-Jussà, J Cross, O Çelebi, M Elbayad, K Heafield, K Heffernan, ...",
      "venue": "Preprint, 2022",
      "year": 2022,
      "citations": 20
    },
    {
      "title": "stopes-Modular Machine Translation Pipelines",
      "url": "https://scholar.google.com/citations?view_op=view_citation&hl=en&user=OD9-erYAAAAJ&citation_for_view=OD9-erYAAAAJ:qjMakFHDy7sC",
      "authors": "P Andrews, G Wenzek, K Heffernan, O Çelebi, A Sun, A Kamran, Y Guo, ...",
      "venue": "Proceedings of the 2022 Conference on Empirical Methods in Natural Language …, 2022",
      "year": 2022,
      "citations": 2
    },
    {
      "title": "A Taxonomy of Watermarking Methods for AI-Generated Content",
      "url": "https://scholar.google.com/citations?view_op=view_citation&hl=en&user=OD9-erYAAAAJ&citation_for_view=OD9-erYAAAAJ:kNdYIx-mwKoC",
      "authors": "P Fernandez, H Elsahar, SA Rebuffi, T Soucek, V Lacatusu, T Tran, ...",
      "venue": "The 1st Workshop on GenAI Watermarking, 0",
      "citations": 2
    }
  ],
  "co_authors": []
}