{
  "author_info": {
    "name": "Abouzar Eslami",
    "affiliation": "Head of Translational Research Lab, Carl Zeiss Meditec.",
    "email_verified": "Verified email at zeiss.com",
    "interests": [],
    "photo_url": "https://scholar.googleusercontent.com/citations?view_op=view_photo&user=PmHOyT0AAAAJ&citpid=2"
  },
  "citation_stats": {
    "citations_all": 1935,
    "citations_since_2020": 1328,
    "h_index_all": 23,
    "h_index_since_2020": 19,
    "i10_index_all": 42,
    "i10_index_since_2020": 30,
    "citation_graph": [
      {
        "year": 2007,
        "citations": 11
      },
      {
        "year": 2008,
        "citations": 8
      },
      {
        "year": 2009,
        "citations": 3
      },
      {
        "year": 2010,
        "citations": 3
      },
      {
        "year": 2011,
        "citations": 4
      },
      {
        "year": 2012,
        "citations": 9
      },
      {
        "year": 2013,
        "citations": 34
      },
      {
        "year": 2014,
        "citations": 38
      },
      {
        "year": 2015,
        "citations": 51
      },
      {
        "year": 2016,
        "citations": 83
      },
      {
        "year": 2017,
        "citations": 96
      },
      {
        "year": 2018,
        "citations": 112
      },
      {
        "year": 2019,
        "citations": 142
      },
      {
        "year": 2020,
        "citations": 178
      },
      {
        "year": 2021,
        "citations": 184
      },
      {
        "year": 2022,
        "citations": 225
      },
      {
        "year": 2023,
        "citations": 252
      },
      {
        "year": 2024,
        "citations": 248
      },
      {
        "year": 2025,
        "citations": 238
      }
    ]
  },
  "papers": [
    {
      "title": "Fairness by learning orthogonal disentangled representations",
      "url": "https://scholar.google.com/citations?view_op=view_citation&hl=en&user=PmHOyT0AAAAJ&citation_for_view=PmHOyT0AAAAJ:3s1wT3WcHBgC",
      "authors": "MH Sarhan, N Navab, A Eslami, S Albarqouni",
      "venue": "European Conference on Computer Vision, 746-761, 2020",
      "year": 2020,
      "citations": 128
    },
    {
      "title": "Machine learning techniques for ophthalmic data processing: a review",
      "url": "https://scholar.google.com/citations?view_op=view_citation&hl=en&user=PmHOyT0AAAAJ&citation_for_view=PmHOyT0AAAAJ:a0OBvERweLwC",
      "authors": "MH Sarhan, MA Nasseri, D Zapp, M Maier, CP Lohmann, N Navab, ...",
      "venue": "IEEE Journal of Biomedical and Health Informatics 24 (12), 3338-3350, 2020",
      "year": 2020,
      "citations": 91
    },
    {
      "title": "Towards robotic-assisted subretinal injection: A hybrid parallel–serial robot system design and preliminary evaluation",
      "url": "https://scholar.google.com/citations?view_op=view_citation&hl=en&user=PmHOyT0AAAAJ&citation_for_view=PmHOyT0AAAAJ:2P1L_qKh6hAC",
      "authors": "M Zhou, Q Yu, K Huang, S Mahov, A Eslami, M Maier, CP Lohmann, ...",
      "venue": "IEEE Transactions on Industrial Electronics 67 (8), 6617-6628, 2019",
      "year": 2019,
      "citations": 126
    },
    {
      "title": "Multi-scale microaneurysms segmentation using embedding triplet loss",
      "url": "https://scholar.google.com/citations?view_op=view_citation&hl=en&user=PmHOyT0AAAAJ&citation_for_view=PmHOyT0AAAAJ:NMxIlDl6LWMC",
      "authors": "MH Sarhan, S Albarqouni, M Yigitsoy, N Navab, A Eslami",
      "venue": "International conference on medical image computing and computer-assisted …, 2019",
      "year": 2019,
      "citations": 46
    },
    {
      "title": "Needle localization for robot-assisted subretinal injection based on deep learning",
      "url": "https://scholar.google.com/citations?view_op=view_citation&hl=en&user=PmHOyT0AAAAJ&citation_for_view=PmHOyT0AAAAJ:ldfaerwXgEUC",
      "authors": "M Zhou, X Wang, J Weiss, A Eslami, K Huang, M Maier, CP Lohmann, ...",
      "venue": "2019 International Conference on Robotics and Automation (ICRA), 8727-8732, 2019",
      "year": 2019,
      "citations": 27
    },
    {
      "title": "6DOF needle pose estimation for robot-assisted vitreoretinal surgery",
      "url": "https://scholar.google.com/citations?view_op=view_citation&hl=en&user=PmHOyT0AAAAJ&citation_for_view=PmHOyT0AAAAJ:YFjsv_pBGBYC",
      "authors": "M Zhou, X Hao, A Eslami, KAI Huang, C Cai, CP Lohmann, N Navab, ...",
      "venue": "IEEE Access 7, 63113-63122, 2019",
      "year": 2019,
      "citations": 26
    },
    {
      "title": "Towards robotic eye surgery: Marker-free, online hand-eye calibration using optical coherence tomography images",
      "url": "https://scholar.google.com/citations?view_op=view_citation&hl=en&user=PmHOyT0AAAAJ&citation_for_view=PmHOyT0AAAAJ:bEWYMUwI8FkC",
      "authors": "M Zhou, M Hamad, J Weiss, A Eslami, K Huang, M Maier, CP Lohmann, ...",
      "venue": "IEEE Robotics and Automation Letters 3 (4), 3944-3951, 2018",
      "year": 2018,
      "citations": 48
    },
    {
      "title": "Precision needle tip localization using optical coherence tomography images for subretinal injection",
      "url": "https://scholar.google.com/citations?view_op=view_citation&hl=en&user=PmHOyT0AAAAJ&citation_for_view=PmHOyT0AAAAJ:TFP_iSt0sucC",
      "authors": "M Zhou, K Huang, A Eslami, H Roodaki, D Zapp, M Maier, CP Lohmann, ...",
      "venue": "2018 IEEE International Conference on Robotics and Automation (ICRA), 4033-4040, 2018",
      "year": 2018,
      "citations": 39
    },
    {
      "title": "Fast 5DOF needle tracking in iOCT",
      "url": "https://scholar.google.com/citations?view_op=view_citation&hl=en&user=PmHOyT0AAAAJ&citation_for_view=PmHOyT0AAAAJ:r0BpntZqJG4C",
      "authors": "J Weiss, N Rieke, MA Nasseri, M Maier, A Eslami, N Navab",
      "venue": "International journal of computer assisted radiology and surgery 13 (6), 787-796, 2018",
      "year": 2018,
      "citations": 29
    },
    {
      "title": "Concurrent segmentation and localization for tracking of surgical instruments",
      "url": "https://scholar.google.com/citations?view_op=view_citation&hl=en&user=PmHOyT0AAAAJ&citation_for_view=PmHOyT0AAAAJ:-f6ydRqryjwC",
      "authors": "I Laina, N Rieke, C Rupprecht, JP Vizcaíno, A Eslami, F Tombari, ...",
      "venue": "International conference on medical image computing and computer-assisted …, 2017",
      "year": 2017,
      "citations": 218
    },
    {
      "title": "Sonifeye: Sonification of visual information using physical modeling sound synthesis",
      "url": "https://scholar.google.com/citations?view_op=view_citation&hl=en&user=PmHOyT0AAAAJ&citation_for_view=PmHOyT0AAAAJ:4JMBOYKVnBMC",
      "authors": "H Roodaki, N Navab, A Eslami, C Stapleton, N Navab",
      "venue": "IEEE transactions on Visualization and Computer Graphics 23 (11), 2366-2371, 2017",
      "year": 2017,
      "citations": 43
    },
    {
      "title": "Needle segmentation in volumetric optical coherence tomography images for ophthalmic microsurgery",
      "url": "https://scholar.google.com/citations?view_op=view_citation&hl=en&user=PmHOyT0AAAAJ&citation_for_view=PmHOyT0AAAAJ:_Qo2XoVZTnwC",
      "authors": "M Zhou, H Roodaki, A Eslami, G Chen, K Huang, M Maier, CP Lohmann, ...",
      "venue": "Applied Sciences 7 (8), 748, 2017",
      "year": 2017,
      "citations": 34
    },
    {
      "title": "Real-time localization of articulated surgical instruments in retinal microsurgery",
      "url": "https://scholar.google.com/citations?view_op=view_citation&hl=en&user=PmHOyT0AAAAJ&citation_for_view=PmHOyT0AAAAJ:9ZlFYXVOiuMC",
      "authors": "N Rieke, DJ Tan, CA di San Filippo, F Tombari, M Alsheakhali, ...",
      "venue": "Medical image analysis 34, 82-100, 2016",
      "year": 2016,
      "citations": 66
    },
    {
      "title": "Surgical tool tracking and pose estimation in retinal microsurgery",
      "url": "https://scholar.google.com/citations?view_op=view_citation&hl=en&user=PmHOyT0AAAAJ&citation_for_view=PmHOyT0AAAAJ:ULOm3_A8WrAC",
      "authors": "N Rieke, DJ Tan, M Alsheakhali, F Tombari, CA di San Filippo, ...",
      "venue": "Medical Image Computing and Computer-Assisted Intervention, 266-273, 2015",
      "year": 2015,
      "citations": 56
    },
    {
      "title": "Introducing augmented reality to optical coherence tomography in ophthalmic microsurgery",
      "url": "https://scholar.google.com/citations?view_op=view_citation&hl=en&user=PmHOyT0AAAAJ&citation_for_view=PmHOyT0AAAAJ:4TOpqqG69KYC",
      "authors": "H Roodaki, K Filippatos, A Eslami, N Navab",
      "venue": "2015 IEEE international symposium on mixed and augmented reality, 1-6, 2015",
      "year": 2015,
      "citations": 41
    },
    {
      "title": "Joint learning of ultrasonic backscattering statistical physics and signal confidence primal for characterizing atherosclerotic plaques using intravascular ultrasound",
      "url": "https://scholar.google.com/citations?view_op=view_citation&hl=en&user=PmHOyT0AAAAJ&citation_for_view=PmHOyT0AAAAJ:UebtZRa9Y70C",
      "authors": "D Sheet, A Karamalis, A Eslami, P Noel, J Chatterjee, AK Ray, AF Laine, ...",
      "venue": "Medical Image Analysis 18 (1), 103-117, 2014",
      "year": 2014,
      "citations": 30
    },
    {
      "title": "Standardized evaluation framework for evaluating coronary artery stenosis detection, stenosis quantification and lumen segmentation algorithms in computed tomography angiography",
      "url": "https://scholar.google.com/citations?view_op=view_citation&hl=en&user=PmHOyT0AAAAJ&citation_for_view=PmHOyT0AAAAJ:LkGwnXOMwfcC",
      "authors": "HA Kirişli, M Schaap, CT Metz, AS Dharampal, WB Meijboom, ...",
      "venue": "Medical image analysis 17 (8), 859-876, 2013",
      "year": 2013,
      "citations": 259
    },
    {
      "title": "Segmentation by retrieval with guided random walks: application to left ventricle segmentation in MRI",
      "url": "https://scholar.google.com/citations?view_op=view_citation&hl=en&user=PmHOyT0AAAAJ&citation_for_view=PmHOyT0AAAAJ:eQOLeE2rZwMC",
      "authors": "A Eslami, A Karamalis, A Katouzian, N Navab",
      "venue": "Medical image analysis 17 (2), 236-253, 2013",
      "year": 2013,
      "citations": 91
    },
    {
      "title": "Iterative self-organizing atherosclerotic tissue labeling in intravascular ultrasound images and comparison with virtual histology",
      "url": "https://scholar.google.com/citations?view_op=view_citation&hl=en&user=PmHOyT0AAAAJ&citation_for_view=PmHOyT0AAAAJ:IjCSPb-OGe4C",
      "authors": "A Katouzian, A Karamalis, D Sheet, E Konofagou, B Baseri, SG Carlier, ...",
      "venue": "IEEE transactions on biomedical engineering 59 (11), 3039-3049, 2012",
      "year": 2012,
      "citations": 36
    },
    {
      "title": "Kidney segmentation from ultrasound images using gradient vector force",
      "url": "https://scholar.google.com/citations?view_op=view_citation&hl=en&user=PmHOyT0AAAAJ&citation_for_view=PmHOyT0AAAAJ:RYcK_YlVTxYC",
      "authors": "AM Kop, R Hegadi",
      "venue": "International Journal of Computer Application. IJCA Special Issue on “Recent …, 2010",
      "year": 2010,
      "citations": 26
    }
  ],
  "co_authors": [
    {
      "name": "Nassir Navab",
      "scholar_id": "kzoVUPYAAAAJ",
      "url": "https://scholar.google.com/citations?user=kzoVUPYAAAAJ"
    },
    {
      "name": "M. Ali Nasseri",
      "scholar_id": "vfwNmzsAAAAJ",
      "url": "https://scholar.google.com/citations?user=vfwNmzsAAAAJ"
    },
    {
      "name": "Hessam Roodaki",
      "scholar_id": "ZerJgMQAAAAJ",
      "url": "https://scholar.google.com/citations?user=ZerJgMQAAAAJ"
    },
    {
      "name": "Mingchuan Zhou",
      "scholar_id": "DdMIRNUAAAAJ",
      "url": "https://scholar.google.com/citations?user=DdMIRNUAAAAJ"
    },
    {
      "name": "Nicola Rieke",
      "scholar_id": "4wvRrK4AAAAJ",
      "url": "https://scholar.google.com/citations?user=4wvRrK4AAAAJ"
    },
    {
      "name": "Amin Katouzian",
      "scholar_id": "StsglDYAAAAJ",
      "url": "https://scholar.google.com/citations?user=StsglDYAAAAJ"
    },
    {
      "name": "Federico Tombari",
      "scholar_id": "TFsE4BIAAAAJ",
      "url": "https://scholar.google.com/citations?user=TFsE4BIAAAAJ"
    },
    {
      "name": "Athanasios Karamalis",
      "scholar_id": "kXbkewEAAAAJ",
      "url": "https://scholar.google.com/citations?user=kXbkewEAAAAJ"
    },
    {
      "name": "David Joseph Tan",
      "scholar_id": "iEwvGPkAAAAJ",
      "url": "https://scholar.google.com/citations?user=iEwvGPkAAAAJ"
    },
    {
      "name": "Stephane Carlier",
      "scholar_id": "ORaUOSoAAAAJ",
      "url": "https://scholar.google.com/citations?user=ORaUOSoAAAAJ"
    },
    {
      "name": "Debdoot Sheet",
      "scholar_id": "x-0vLSsAAAAJ",
      "url": "https://scholar.google.com/citations?user=x-0vLSsAAAAJ"
    },
    {
      "name": "Slobodan Ilic",
      "scholar_id": "ELOVd8sAAAAJ",
      "url": "https://scholar.google.com/citations?user=ELOVd8sAAAAJ"
    },
    {
      "name": "Wiro Niessen",
      "scholar_id": "jmKtufcAAAAJ",
      "url": "https://scholar.google.com/citations?user=jmKtufcAAAAJ"
    }
  ]
}