{
  "author_info": {
    "name": "Chris Callison-Burch",
    "affiliation": "Professor, University of Pennsylvania",
    "email_verified": "Verified email at upenn.edu - Homepage",
    "website": "http://cis.upenn.edu/~ccb",
    "interests": [
      "Natural Language Processing",
      "Crowdsourcing",
      "Artificial Intelligence"
    ],
    "photo_url": "https://scholar.googleusercontent.com/citations?view_op=view_photo&user=nv-MV58AAAAJ&citpid=8"
  },
  "citation_stats": {
    "citations_all": 34630,
    "citations_since_2020": 17258,
    "h_index_all": 74,
    "h_index_since_2020": 56,
    "i10_index_all": 212,
    "i10_index_since_2020": 150,
    "citation_graph": [
      {
        "year": 2006,
        "citations": 104
      },
      {
        "year": 2007,
        "citations": 224
      },
      {
        "year": 2008,
        "citations": 449
      },
      {
        "year": 2009,
        "citations": 728
      },
      {
        "year": 2010,
        "citations": 1027
      },
      {
        "year": 2011,
        "citations": 1178
      },
      {
        "year": 2012,
        "citations": 1458
      },
      {
        "year": 2013,
        "citations": 1499
      },
      {
        "year": 2014,
        "citations": 1657
      },
      {
        "year": 2015,
        "citations": 1633
      },
      {
        "year": 2016,
        "citations": 1754
      },
      {
        "year": 2017,
        "citations": 1602
      },
      {
        "year": 2018,
        "citations": 1790
      },
      {
        "year": 2019,
        "citations": 1909
      },
      {
        "year": 2020,
        "citations": 1850
      },
      {
        "year": 2021,
        "citations": 2034
      },
      {
        "year": 2022,
        "citations": 2089
      },
      {
        "year": 2023,
        "citations": 2894
      },
      {
        "year": 2024,
        "citations": 3906
      },
      {
        "year": 2025,
        "citations": 4433
      }
    ]
  },
  "papers": [
    {
      "title": "Beyond the imitation game: Quantifying and extrapolating the capabilities of language models",
      "url": "https://scholar.google.com/citations?view_op=view_citation&hl=en&user=nv-MV58AAAAJ&citation_for_view=nv-MV58AAAAJ:Bg7qf7VwUHIC",
      "authors": "A Srivastava, A Rastogi, A Rao, AAM Shoeb, A Abid, A Fisch, AR Brown, ...",
      "venue": "Transactions on machine learning research, 2023",
      "year": 2023,
      "citations": 2105
    },
    {
      "title": "Faithful chain-of-thought reasoning",
      "url": "https://scholar.google.com/citations?view_op=view_citation&hl=en&user=nv-MV58AAAAJ&citation_for_view=nv-MV58AAAAJ:1taIhTC69MYC",
      "authors": "Q Lyu, S Havaldar, A Stein, L Zhang, D Rao, E Wong, M Apidianaki, ...",
      "venue": "The 13th International Joint Conference on Natural Language Processing and …, 2023",
      "year": 2023,
      "citations": 432
    },
    {
      "title": "Deduplicating training data makes language models better",
      "url": "https://scholar.google.com/citations?view_op=view_citation&hl=en&user=nv-MV58AAAAJ&citation_for_view=nv-MV58AAAAJ:r_AWSJRzSzQC",
      "authors": "K Lee, D Ippolito, A Nystrom, C Zhang, D Eck, C Callison-Burch, N Carlini",
      "venue": "Proceedings of the 60th Annual Meeting of the Association for Computational …, 2022",
      "year": 2022,
      "citations": 857
    },
    {
      "title": "Automatic detection of generated text is easiest when humans are fooled",
      "url": "https://scholar.google.com/citations?view_op=view_citation&hl=en&user=nv-MV58AAAAJ&citation_for_view=nv-MV58AAAAJ:_5tno0g5mFcC",
      "authors": "D Ippolito, D Duckworth, C Callison-Burch, D Eck",
      "venue": "Proceedings of the 58th annual meeting of the association for computational …, 2020",
      "year": 2020,
      "citations": 512
    },
    {
      "title": "A data-driven analysis of workers' earnings on Amazon Mechanical Turk",
      "url": "https://scholar.google.com/citations?view_op=view_citation&hl=en&user=nv-MV58AAAAJ&citation_for_view=nv-MV58AAAAJ:M7yex6snE4oC",
      "authors": "K Hara, A Adams, K Milland, S Savage, C Callison-Burch, JP Bigham",
      "venue": "Proceedings of the 2018 CHI conference on human factors in computing systems …, 2018",
      "year": 2018,
      "citations": 805
    },
    {
      "title": "Optimizing statistical machine translation for text simplification",
      "url": "https://scholar.google.com/citations?view_op=view_citation&hl=en&user=nv-MV58AAAAJ&citation_for_view=nv-MV58AAAAJ:35r97b3x0nAC",
      "authors": "W Xu, C Napoles, E Pavlick, Q Chen, C Callison-Burch",
      "venue": "Transactions of the Association for Computational Linguistics 4, 401-415, 2016",
      "year": 2016,
      "citations": 821
    },
    {
      "title": "Problems in current text simplification research: New data can help",
      "url": "https://scholar.google.com/citations?view_op=view_citation&hl=en&user=nv-MV58AAAAJ&citation_for_view=nv-MV58AAAAJ:VL0QpB8kHFEC",
      "authors": "W Xu, C Callison-Burch, C Napoles",
      "venue": "Transactions of the Association for Computational Linguistics 3, 283-297, 2015",
      "year": 2015,
      "citations": 595
    },
    {
      "title": "PPDB 2.0: Better paraphrase ranking, fine-grained entailment relations, word embeddings, and style classification",
      "url": "https://scholar.google.com/citations?view_op=view_citation&hl=en&user=nv-MV58AAAAJ&citation_for_view=nv-MV58AAAAJ:uJ-U7cs_P_0C",
      "authors": "E Pavlick, P Rastogi, J Ganitkevitch, B Van Durme, C Callison-Burch",
      "venue": "Proceedings of the 53rd Annual Meeting of the Association for Computational …, 2015",
      "year": 2015,
      "citations": 412
    },
    {
      "title": "Arabic dialect identification",
      "url": "https://scholar.google.com/citations?view_op=view_citation&hl=en&user=nv-MV58AAAAJ&citation_for_view=nv-MV58AAAAJ:fQNAKQ3IYiAC",
      "authors": "OF Zaidan, C Callison-Burch",
      "venue": "Computational Linguistics 40 (1), 171-202, 2014",
      "year": 2014,
      "citations": 468
    },
    {
      "title": "PPDB: The paraphrase database",
      "url": "https://scholar.google.com/citations?view_op=view_citation&hl=en&user=nv-MV58AAAAJ&citation_for_view=nv-MV58AAAAJ:4fKUyHm3Qg0C",
      "authors": "J Ganitkevitch, B Van Durme, C Callison-Burch",
      "venue": "Proceedings of NAACL-HLT, 758-764, 2013",
      "year": 2013,
      "citations": 1011
    },
    {
      "title": "Crowdsourcing translation: professional quality from non-professionals",
      "url": "https://scholar.google.com/citations?view_op=view_citation&hl=en&user=nv-MV58AAAAJ&citation_for_view=nv-MV58AAAAJ:4DMP91E08xMC",
      "authors": "OF Zaidan, C Callison-Burch",
      "venue": "Proceedings of ACL (this volume), 2011",
      "year": 2011,
      "citations": 533
    },
    {
      "title": "Creating speech and language data with Amazon’s Mechanical Turk",
      "url": "https://scholar.google.com/citations?view_op=view_citation&hl=en&user=nv-MV58AAAAJ&citation_for_view=nv-MV58AAAAJ:roLk4NBRz8UC",
      "authors": "C Callison-Burch, M Dredze",
      "venue": "Proceedings of the NAACL HLT 2010 workshop on creating speech and language …, 2010",
      "year": 2010,
      "citations": 454
    },
    {
      "title": "Findings of the 2009 workshop on statistical machine translation",
      "url": "https://scholar.google.com/citations?view_op=view_citation&hl=en&user=nv-MV58AAAAJ&citation_for_view=nv-MV58AAAAJ:UeHWp8X0CEIC",
      "authors": "C Callison-Burch, P Koehn, C Monz, J Schroeder",
      "venue": "",
      "citations": 880,
      "year": 2009
    },
    {
      "title": "Fast, cheap, and creative: Evaluating translation quality using Amazon’s Mechanical Turk",
      "url": "https://scholar.google.com/citations?view_op=view_citation&hl=en&user=nv-MV58AAAAJ&citation_for_view=nv-MV58AAAAJ:qjMakFHDy7sC",
      "authors": "C Callison-Burch",
      "venue": "Proceedings of the 2009 conference on empirical methods in natural language …, 2009",
      "year": 2009,
      "citations": 676
    },
    {
      "title": "Moses: Open source toolkit for statistical machine translation",
      "url": "https://scholar.google.com/citations?view_op=view_citation&hl=en&user=nv-MV58AAAAJ&citation_for_view=nv-MV58AAAAJ:u5HHmVD_uO8C",
      "authors": "P Koehn, H Hoang, A Birch, C Callison-Burch, M Federico, N Bertoldi, ...",
      "venue": "Proceedings of the 45th annual meeting of the association for computational …, 2007",
      "year": 2007,
      "citations": 7458
    },
    {
      "title": "Re-evaluating the role of BLEU in machine translation research",
      "url": "https://scholar.google.com/citations?view_op=view_citation&hl=en&user=nv-MV58AAAAJ&citation_for_view=nv-MV58AAAAJ:u-x6o8ySG0sC",
      "authors": "C Callison-Burch, M Osborne, P Koehn",
      "venue": "Proceedings of EACL 2006, 249-256, 2006",
      "year": 2006,
      "citations": 1193
    },
    {
      "title": "Improved statistical machine translation using paraphrases",
      "url": "https://scholar.google.com/citations?view_op=view_citation&hl=en&user=nv-MV58AAAAJ&citation_for_view=nv-MV58AAAAJ:9yKSN-GCB0IC",
      "authors": "C Callison-Burch, P Koehn, M Osborne",
      "venue": "Human Language Technology Conference of the North American Chapter of the …, 2006",
      "year": 2006,
      "citations": 406
    },
    {
      "title": "Paraphrasing with bilingual parallel corpora",
      "url": "https://scholar.google.com/citations?view_op=view_citation&hl=en&user=nv-MV58AAAAJ&citation_for_view=nv-MV58AAAAJ:d1gkVwhDpl0C",
      "authors": "C Bannard, C Callison-Burch",
      "venue": "Proceedings of the 43rd Annual Meeting on Association for Computational …, 2005",
      "year": 2005,
      "citations": 807
    },
    {
      "title": "Edinburgh system description for the 2005 IWSLT speech translation evaluation",
      "url": "https://scholar.google.com/citations?view_op=view_citation&hl=en&user=nv-MV58AAAAJ&citation_for_view=nv-MV58AAAAJ:2osOgNQ5qMEC",
      "authors": "P Koehn, A Axelrod, AB Mayne, C Callison-Burch, M Osborne, D Talbot",
      "venue": "International Workshop on Spoken Language Translation, 2005",
      "year": 2005,
      "citations": 464
    },
    {
      "title": "Method and apparatus for providing multilingual translation over a network",
      "url": "https://scholar.google.com/citations?view_op=view_citation&hl=en&user=nv-MV58AAAAJ&citation_for_view=nv-MV58AAAAJ:lSLTfruPkqcC",
      "authors": "J Chin, C Callison-Burch, R Flournoy, P Hidisyan, R Horiuchi, Y Kassum, ...",
      "venue": "US Patent App. 09/825,437, 2001",
      "year": 2001,
      "citations": 669
    }
  ],
  "co_authors": [
    {
      "name": "Philipp Koehn",
      "scholar_id": "OsIZgIYAAAAJ",
      "url": "https://scholar.google.com/citations?user=OsIZgIYAAAAJ"
    },
    {
      "name": "Daphne Ippolito",
      "scholar_id": "COEsqLYAAAAJ",
      "url": "https://scholar.google.com/citations?user=COEsqLYAAAAJ"
    },
    {
      "name": "Benjamin Van Durme",
      "scholar_id": "wIujAJoAAAAJ",
      "url": "https://scholar.google.com/citations?user=wIujAJoAAAAJ"
    },
    {
      "name": "Ellie Pavlick",
      "scholar_id": "sFyrSa8AAAAJ",
      "url": "https://scholar.google.com/citations?user=sFyrSa8AAAAJ"
    },
    {
      "name": "Marianna Apidianaki",
      "scholar_id": "9Kls8jYAAAAJ",
      "url": "https://scholar.google.com/citations?user=9Kls8jYAAAAJ"
    },
    {
      "name": "Chris Dyer",
      "scholar_id": "W2DsnAkAAAAJ",
      "url": "https://scholar.google.com/citations?user=W2DsnAkAAAAJ"
    },
    {
      "name": "Omar F. Zaidan",
      "scholar_id": "bahbb80AAAAJ",
      "url": "https://scholar.google.com/citations?user=bahbb80AAAAJ"
    },
    {
      "name": "Miles Osborne",
      "scholar_id": "Jbv2XYwAAAAJ",
      "url": "https://scholar.google.com/citations?user=Jbv2XYwAAAAJ"
    },
    {
      "name": "Juri Ganitkevitch",
      "scholar_id": "-WS_Jp4AAAAJ",
      "url": "https://scholar.google.com/citations?user=-WS_Jp4AAAAJ"
    },
    {
      "name": "Christof Monz",
      "scholar_id": "0r3PWLQAAAAJ",
      "url": "https://scholar.google.com/citations?user=0r3PWLQAAAAJ"
    },
    {
      "name": "Li Zhang",
      "scholar_id": "_VLzlBIAAAAJ",
      "url": "https://scholar.google.com/citations?user=_VLzlBIAAAAJ"
    },
    {
      "name": "Hieu Hoang",
      "scholar_id": "j1CxU9wAAAAJ",
      "url": "https://scholar.google.com/citations?user=j1CxU9wAAAAJ"
    },
    {
      "name": "Ondřej Bojar",
      "scholar_id": "G_65vFsAAAAJ",
      "url": "https://scholar.google.com/citations?user=G_65vFsAAAAJ"
    },
    {
      "name": "Marcello Federico",
      "scholar_id": "WaGw_qYAAAAJ",
      "url": "https://scholar.google.com/citations?user=WaGw_qYAAAAJ"
    },
    {
      "name": "Qing Lyu",
      "scholar_id": "RD8UGoAAAAAJ",
      "url": "https://scholar.google.com/citations?user=RD8UGoAAAAAJ"
    },
    {
      "name": "Matt Post",
      "scholar_id": "4w7LhxsAAAAJ",
      "url": "https://scholar.google.com/citations?user=4w7LhxsAAAAJ"
    },
    {
      "name": "Liam Dugan",
      "scholar_id": "ILGf0IIAAAAJ",
      "url": "https://scholar.google.com/citations?user=ILGf0IIAAAAJ"
    },
    {
      "name": "Brooke Cowan",
      "scholar_id": "SELJO_0AAAAJ",
      "url": "https://scholar.google.com/citations?user=SELJO_0AAAAJ"
    },
    {
      "name": "Mark Yatskar",
      "scholar_id": "6RxMYNEAAAAJ",
      "url": "https://scholar.google.com/citations?user=6RxMYNEAAAAJ"
    },
    {
      "name": "Courtney Napoles",
      "scholar_id": "u9BBh5cAAAAJ",
      "url": "https://scholar.google.com/citations?user=u9BBh5cAAAAJ"
    }
  ]
}