{
  "author_info": {
    "name": "Armand Kassaï Koupaï",
    "affiliation": "Sorbonne Université, ISIR",
    "email_verified": "Verified email at isir.upmc.fr",
    "interests": [
      "Deep learning"
    ],
    "photo_url": "https://scholar.googleusercontent.com/citations?view_op=view_photo&user=uG3VApUAAAAJ&citpid=6"
  },
  "citation_stats": {
    "citations_all": 108,
    "citations_since_2020": 108,
    "h_index_all": 4,
    "h_index_since_2020": 4,
    "i10_index_all": 2,
    "i10_index_since_2020": 2,
    "citation_graph": [
      {
        "year": 2022,
        "citations": 1
      },
      {
        "year": 2023,
        "citations": 4
      },
      {
        "year": 2024,
        "citations": 36
      },
      {
        "year": 2025,
        "citations": 65
      }
    ]
  },
  "papers": [
    {
      "title": "ENMA: Tokenwise Autoregression for Generative Neural PDE Operators",
      "url": "https://scholar.google.com/citations?view_op=view_citation&hl=en&user=uG3VApUAAAAJ&citation_for_view=uG3VApUAAAAJ:roLk4NBRz8UC",
      "authors": "AK Koupaï, LL Boudec, L Serrano, P Gallinari",
      "venue": "NeurIPS 2025, 2025",
      "year": 2025,
      "citations": 0
    },
    {
      "title": "GEPS: Boosting Generalization in Parametric PDE Neural Solvers through Adaptive Conditioning",
      "url": "https://scholar.google.com/citations?view_op=view_citation&hl=en&user=uG3VApUAAAAJ&citation_for_view=uG3VApUAAAAJ:eQOLeE2rZwMC",
      "authors": "A Kassaï Koupaï, JM Benet, Y Yin, JN Vittaut, P Gallinari",
      "venue": "Neurips 2024, 2024",
      "year": 2024,
      "citations": 7
    },
    {
      "title": "Zebra: In-Context and Generative Pretraining for Solving Parametric PDEs",
      "url": "https://scholar.google.com/citations?view_op=view_citation&hl=en&user=uG3VApUAAAAJ&citation_for_view=uG3VApUAAAAJ:qjMakFHDy7sC",
      "authors": "L Serrano, A Kassaï Koupaï, TX Wang, P Erbacher, P Gallinari",
      "venue": "ICML 2025, 2024",
      "year": 2024,
      "citations": 5
    },
    {
      "title": "LEARN TO ADAPT PARAMETRIC SOLVERS UNDER INCOMPLETE PHYSICS",
      "url": "https://scholar.google.com/citations?view_op=view_citation&hl=en&user=uG3VApUAAAAJ&citation_for_view=uG3VApUAAAAJ:2osOgNQ5qMEC",
      "authors": "A Kassaï Koupaï, Y Yin",
      "venue": "ICLR 2024 Workshop on AI4DifferentialEquations In Science, 2024",
      "year": 2024,
      "citations": 0
    },
    {
      "title": "Operator learning with neural fields: Tackling pdes on general geometries",
      "url": "https://scholar.google.com/citations?view_op=view_citation&hl=en&user=uG3VApUAAAAJ&citation_for_view=uG3VApUAAAAJ:9yKSN-GCB0IC",
      "authors": "L Serrano, L Le Boudec, A Kassaï Koupaï, TX Wang, Y Yin, JN Vittaut, ...",
      "venue": "Neurips 2023, 2023",
      "year": 2023,
      "citations": 76
    },
    {
      "title": "Privacy in multimodal federated human activity recognition",
      "url": "https://scholar.google.com/citations?view_op=view_citation&hl=en&user=uG3VApUAAAAJ&citation_for_view=uG3VApUAAAAJ:d1gkVwhDpl0C",
      "authors": "A Iacob, PPB Gusmão, ND Lane, A Kassaï Koupaï, MJ Bocus, ...",
      "venue": "Workshop@MLSys 23, 2023",
      "year": 2023,
      "citations": 2
    },
    {
      "title": "Self‐supervised multimodal fusion transformer for passive activity recognition",
      "url": "https://scholar.google.com/citations?view_op=view_citation&hl=en&user=uG3VApUAAAAJ&citation_for_view=uG3VApUAAAAJ:u-x6o8ySG0sC",
      "authors": "A Kassaï Koupaï, MJ Bocus, R Santos‐Rodriguez, RJ Piechocki, ...",
      "venue": "IET Wireless Sensor Systems 12 (5-6), 149-160, 2022",
      "year": 2022,
      "citations": 18
    }
  ],
  "co_authors": [
    {
      "name": "Patrick Gallinari",
      "scholar_id": "rFaxB20AAAAJ",
      "url": "https://scholar.google.com/citations?user=rFaxB20AAAAJ"
    },
    {
      "name": "Yuan Yin",
      "scholar_id": "ynep174AAAAJ",
      "url": "https://scholar.google.com/citations?user=ynep174AAAAJ"
    },
    {
      "name": "Louis Serrano",
      "scholar_id": "fKlo-lUAAAAJ",
      "url": "https://scholar.google.com/citations?user=fKlo-lUAAAAJ"
    },
    {
      "name": "Lise Le Boudec",
      "scholar_id": "HMYBPrEAAAAJ",
      "url": "https://scholar.google.com/citations?user=HMYBPrEAAAAJ"
    },
    {
      "name": "Robert Piechocki",
      "scholar_id": "s92C6dAAAAAJ",
      "url": "https://scholar.google.com/citations?user=s92C6dAAAAAJ"
    },
    {
      "name": "Ryan McConville",
      "scholar_id": "5fslgt0AAAAJ",
      "url": "https://scholar.google.com/citations?user=5fslgt0AAAAJ"
    }
  ]
}