{
  "author_info": {
    "name": "Xiao Yang",
    "affiliation": "Bytedance Inc.",
    "email_verified": "Verified email at cs.unc.edu",
    "interests": [],
    "photo_url": "/citations/images/avatar_scholar_128.png"
  },
  "citation_stats": {
    "citations_all": 3118,
    "citations_since_2020": 2866,
    "h_index_all": 17,
    "h_index_since_2020": 17,
    "i10_index_all": 22,
    "i10_index_since_2020": 21,
    "citation_graph": [
      {
        "year": 2017,
        "citations": 41
      },
      {
        "year": 2018,
        "citations": 76
      },
      {
        "year": 2019,
        "citations": 128
      },
      {
        "year": 2020,
        "citations": 152
      },
      {
        "year": 2021,
        "citations": 169
      },
      {
        "year": 2022,
        "citations": 204
      },
      {
        "year": 2023,
        "citations": 268
      },
      {
        "year": 2024,
        "citations": 931
      },
      {
        "year": 2025,
        "citations": 1133
      }
    ]
  },
  "papers": [
    {
      "title": "Common diffusion noise schedules and sample steps are flawed",
      "url": "https://scholar.google.com/citations?view_op=view_citation&hl=en&user=_MAKSLkAAAAJ&citation_for_view=_MAKSLkAAAAJ:YOwf2qJgpHMC",
      "authors": "S Lin, B Liu, J Li, X Yang",
      "venue": "Proceedings of the IEEE/CVF winter conference on applications of computer …, 2024",
      "year": 2024,
      "citations": 290
    },
    {
      "title": "Sdxl-lightning: Progressive adversarial diffusion distillation",
      "url": "https://scholar.google.com/citations?view_op=view_citation&hl=en&user=_MAKSLkAAAAJ&citation_for_view=_MAKSLkAAAAJ:aqlVkmm33-oC",
      "authors": "S Lin, A Wang, X Yang",
      "venue": "arXiv preprint arXiv:2402.13929, 2024",
      "year": 2024,
      "citations": 187
    },
    {
      "title": "Animatediff-lightning: Cross-model diffusion distillation",
      "url": "https://scholar.google.com/citations?view_op=view_citation&hl=en&user=_MAKSLkAAAAJ&citation_for_view=_MAKSLkAAAAJ:4DMP91E08xMC",
      "authors": "S Lin, X Yang",
      "venue": "arXiv preprint arXiv:2403.12706, 2024",
      "year": 2024,
      "citations": 44
    },
    {
      "title": "Moma: Multimodal llm adapter for fast personalized image generation",
      "url": "https://scholar.google.com/citations?view_op=view_citation&hl=en&user=_MAKSLkAAAAJ&citation_for_view=_MAKSLkAAAAJ:Wp0gIr-vW9MC",
      "authors": "K Song, Y Zhu, B Liu, Q Yan, A Elgammal, X Yang",
      "venue": "European Conference on Computer Vision, 117-132, 2024",
      "year": 2024,
      "citations": 42
    },
    {
      "title": "Mvdream: Multi-view diffusion for 3d generation",
      "url": "https://scholar.google.com/citations?view_op=view_citation&hl=en&user=_MAKSLkAAAAJ&citation_for_view=_MAKSLkAAAAJ:_kc_bZDykSQC",
      "authors": "Y Shi, P Wang, J Ye, M Long, K Li, X Yang",
      "venue": "arXiv preprint arXiv:2308.16512, 2023",
      "year": 2023,
      "citations": 905
    },
    {
      "title": "Magicpose: Realistic human poses and facial expressions retargeting with identity-aware diffusion",
      "url": "https://scholar.google.com/citations?view_op=view_citation&hl=en&user=_MAKSLkAAAAJ&citation_for_view=_MAKSLkAAAAJ:ZeXyd9-uunAC",
      "authors": "D Chang, Y Shi, Q Gao, J Fu, H Xu, G Song, Q Yan, Y Zhu, X Yang, ...",
      "venue": "arXiv preprint arXiv:2311.12052, 2023",
      "year": 2023,
      "citations": 98
    },
    {
      "title": "Shifted diffusion for text-to-image generation",
      "url": "https://scholar.google.com/citations?view_op=view_citation&hl=en&user=_MAKSLkAAAAJ&citation_for_view=_MAKSLkAAAAJ:Zph67rFs4hoC",
      "authors": "Y Zhou, B Liu, Y Zhu, X Yang, C Chen, J Xu",
      "venue": "Proceedings of the IEEE/CVF conference on computer vision and pattern …, 2023",
      "year": 2023,
      "citations": 82
    },
    {
      "title": "Magicdance: Realistic human dance video generation with motions & facial expressions transfer",
      "url": "https://scholar.google.com/citations?view_op=view_citation&hl=en&user=_MAKSLkAAAAJ&citation_for_view=_MAKSLkAAAAJ:9ZlFYXVOiuMC",
      "authors": "D Chang, Y Shi, Q Gao, J Fu, H Xu, G Song, Q Yan, X Yang, M Soleymani",
      "venue": "CoRR, 2023",
      "year": 2023,
      "citations": 56
    },
    {
      "title": "Panic-3d: Stylized single-view 3d reconstruction from portraits of anime characters",
      "url": "https://scholar.google.com/citations?view_op=view_citation&hl=en&user=_MAKSLkAAAAJ&citation_for_view=_MAKSLkAAAAJ:ULOm3_A8WrAC",
      "authors": "S Chen, K Zhang, Y Shi, H Wang, Y Zhu, G Song, S An, J Kristjansson, ...",
      "venue": "Proceedings of the IEEE/CVF Conference on Computer Vision and Pattern …, 2023",
      "year": 2023,
      "citations": 31
    },
    {
      "title": "Diffusion model with perceptual loss",
      "url": "https://scholar.google.com/citations?view_op=view_citation&hl=en&user=_MAKSLkAAAAJ&citation_for_view=_MAKSLkAAAAJ:M3ejUd6NZC8C",
      "authors": "S Lin, X Yang",
      "venue": "arXiv preprint arXiv:2401.00110, 2023",
      "year": 2023,
      "citations": 17
    },
    {
      "title": "Semanticstylegan: Learning compositional generative priors for controllable image synthesis and editing",
      "url": "https://scholar.google.com/citations?view_op=view_citation&hl=en&user=_MAKSLkAAAAJ&citation_for_view=_MAKSLkAAAAJ:8k81kl-MbHgC",
      "authors": "Y Shi, X Yang, Y Wan, X Shen",
      "venue": "Proceedings of the IEEE/CVF Conference on Computer Vision and Pattern …, 2022",
      "year": 2022,
      "citations": 134
    },
    {
      "title": "Adversarial open domain adaptation for sketch-to-photo synthesis",
      "url": "https://scholar.google.com/citations?view_op=view_citation&hl=en&user=_MAKSLkAAAAJ&citation_for_view=_MAKSLkAAAAJ:5nxA0vEk-isC",
      "authors": "X Xiang, D Liu, X Yang, Y Zhu, X Shen, JP Allebach",
      "venue": "Proceedings of the IEEE/CVF Winter Conference on Applications of Computer …, 2022",
      "year": 2022,
      "citations": 63
    },
    {
      "title": "Anime2sketch: A sketch extractor for anime arts with deep networks",
      "url": "https://scholar.google.com/citations?view_op=view_citation&hl=en&user=_MAKSLkAAAAJ&citation_for_view=_MAKSLkAAAAJ:HDshCWvjkbEC",
      "authors": "X Xiang, D Liu, X Yang, Y Zhu, X Shen",
      "venue": "",
      "citations": 15,
      "year": 2021
    },
    {
      "title": "Fast predictive simple geodesic regression",
      "url": "https://scholar.google.com/citations?view_op=view_citation&hl=en&user=_MAKSLkAAAAJ&citation_for_view=_MAKSLkAAAAJ:Se3iqnhoufwC",
      "authors": "Z Ding, G Fleishman, X Yang, P Thompson, R Kwitt, M Niethammer, ...",
      "venue": "Medical image analysis 56, 193-209, 2019",
      "year": 2019,
      "citations": 25
    },
    {
      "title": "Quicksilver: Fast predictive image registration–a deep learning approach",
      "url": "https://scholar.google.com/citations?view_op=view_citation&hl=en&user=_MAKSLkAAAAJ&citation_for_view=_MAKSLkAAAAJ:roLk4NBRz8UC",
      "authors": "X Yang, R Kwitt, M Styner, M Niethammer",
      "venue": "NeuroImage 158, 378-396, 2017",
      "year": 2017,
      "citations": 787
    },
    {
      "title": "Fast predictive multimodal image registration",
      "url": "https://scholar.google.com/citations?view_op=view_citation&hl=en&user=_MAKSLkAAAAJ&citation_for_view=_MAKSLkAAAAJ:ufrVoPGSRksC",
      "authors": "X Yang, R Kwitt, M Styner, M Niethammer",
      "venue": "Biomedical Imaging (ISBI 2017), 2017 IEEE 14th International Symposium on …, 2017",
      "year": 2017,
      "citations": 34
    },
    {
      "title": "Efficient Registration of Pathological Images: A Joint PCA/Image-Reconstruction Approach",
      "url": "https://scholar.google.com/citations?view_op=view_citation&hl=en&user=_MAKSLkAAAAJ&citation_for_view=_MAKSLkAAAAJ:LkGwnXOMwfcC",
      "authors": "X Han, X Yang, S Aylward, R Kwitt, M Niethammer",
      "venue": "Biomedical Imaging (ISBI 2017), 2017 IEEE 14th International Symposium on, 10-14, 2017",
      "year": 2017,
      "citations": 17
    },
    {
      "title": "Fast predictive image registration",
      "url": "https://scholar.google.com/citations?view_op=view_citation&hl=en&user=_MAKSLkAAAAJ&citation_for_view=_MAKSLkAAAAJ:WF5omc3nYNoC",
      "authors": "X Yang, R Kwitt, M Niethammer",
      "venue": "International Workshop on Deep Learning in Medical Image Analysis, 48-57, 2016",
      "year": 2016,
      "citations": 187
    },
    {
      "title": "Registration of pathological images",
      "url": "https://scholar.google.com/citations?view_op=view_citation&hl=en&user=_MAKSLkAAAAJ&citation_for_view=_MAKSLkAAAAJ:eQOLeE2rZwMC",
      "authors": "X Yang, X Han, E Park, S Aylward, R Kwitt, M Niethammer",
      "venue": "International Workshop on Simulation and Synthesis in Medical Imaging, 97-107, 2016",
      "year": 2016,
      "citations": 37
    },
    {
      "title": "Uncertainty quantification for LDDMM using a low-rank Hessian approximation",
      "url": "https://scholar.google.com/citations?view_op=view_citation&hl=en&user=_MAKSLkAAAAJ&citation_for_view=_MAKSLkAAAAJ:u5HHmVD_uO8C",
      "authors": "X Yang, M Niethammer",
      "venue": "International Conference on Medical Image Computing and Computer-Assisted …, 2015",
      "year": 2015,
      "citations": 22
    }
  ],
  "co_authors": []
}