{
  "author_info": {
    "name": "Muzhi Li",
    "affiliation": "The Chinese University of Hong Kong",
    "email_verified": "Verified email at cse.cuhk.edu.hk",
    "interests": [
      "Knowledge Graph",
      "Natural Language Processing",
      "LLM Agent",
      "RAG"
    ],
    "photo_url": "/citations/images/avatar_scholar_128.png"
  },
  "citation_stats": {
    "citations_all": 160,
    "citations_since_2020": 160,
    "h_index_all": 5,
    "h_index_since_2020": 5,
    "i10_index_all": 3,
    "i10_index_since_2020": 3,
    "citation_graph": [
      {
        "year": 2023,
        "citations": 2
      },
      {
        "year": 2024,
        "citations": 19
      },
      {
        "year": 2025,
        "citations": 136
      }
    ]
  },
  "papers": [
    {
      "title": "FinSage: A Multi-aspect RAG System for Financial Filings Question Answering",
      "url": "https://scholar.google.com/citations?view_op=view_citation&hl=en&user=jIInDQMAAAAJ&citation_for_view=jIInDQMAAAAJ:Tyk-4Ss8FVUC",
      "authors": "X Wang, J Chi, Z Tai, TST Kwok, H He, Z Li, Y Hua, M Li, P Lu, S Wang, ...",
      "venue": "Proceedings of the 34th ACM International Conference on Information and …, 2025",
      "year": 2025,
      "citations": 17
    },
    {
      "title": "Context-aware inductive knowledge graph completion with latent type constraints and subgraph reasoning",
      "url": "https://scholar.google.com/citations?view_op=view_citation&hl=en&user=jIInDQMAAAAJ&citation_for_view=jIInDQMAAAAJ:qjMakFHDy7sC",
      "authors": "M Li, C Yang, C Xu, Z Song, X Jiang, J Guo, H Leung, I King",
      "venue": "Proceedings of the AAAI Conference on Artificial Intelligence 39 (11), 12102 …, 2025",
      "year": 2025,
      "citations": 6
    },
    {
      "title": "Reinforcing Question Answering Agents with Minimalist Policy Gradient Optimization",
      "url": "https://scholar.google.com/citations?view_op=view_citation&hl=en&user=jIInDQMAAAAJ&citation_for_view=jIInDQMAAAAJ:YsMSGLbcyi4C",
      "authors": "Y Wu, L Ma, M Li, J Zhou, J Hao, H Leung, I King, Y Zhang, JY Nie",
      "venue": "arXiv preprint arXiv:2505.17086, 2025",
      "year": 2025,
      "citations": 1
    },
    {
      "title": "VeritasFi: An Adaptable, Multi-tiered RAG Framework for Multi-modal Financial Question Answering",
      "url": "https://scholar.google.com/citations?view_op=view_citation&hl=en&user=jIInDQMAAAAJ&citation_for_view=jIInDQMAAAAJ:roLk4NBRz8UC",
      "authors": "Z Tai, H Wu, Q Hu, J Chi, H He, L Ding, TST Kwok, B Xiao, Y Hua, S Wang, ...",
      "venue": "arXiv preprint arXiv:2510.10828, 2025",
      "year": 2025,
      "citations": 0
    },
    {
      "title": "It Takes Two: Your GRPO Is Secretly DPO",
      "url": "https://scholar.google.com/citations?view_op=view_citation&hl=en&user=jIInDQMAAAAJ&citation_for_view=jIInDQMAAAAJ:LkGwnXOMwfcC",
      "authors": "Y Wu, L Ma, L Ding, M Li, X Wang, K Chen, Z Su, Z Zhang, C Huang, ...",
      "venue": "arXiv preprint arXiv:2510.00977, 2025",
      "year": 2025,
      "citations": 0
    },
    {
      "title": "From Evidence to Trajectory: Abductive Reasoning Path Synthesis for Training Retrieval-Augmented Generation Agents",
      "url": "https://scholar.google.com/citations?view_op=view_citation&hl=en&user=jIInDQMAAAAJ&citation_for_view=jIInDQMAAAAJ:_FxGoFyzp5QC",
      "authors": "M Li, J Qi, Y Wu, M Zhao, L Ma, Y Li, X Wang, Y Zhang, H Leung, I King",
      "venue": "arXiv preprint arXiv:2509.23071, 2025",
      "year": 2025,
      "citations": 0
    },
    {
      "title": "An Entity Linking Agent for Question Answering",
      "url": "https://scholar.google.com/citations?view_op=view_citation&hl=en&user=jIInDQMAAAAJ&citation_for_view=jIInDQMAAAAJ:ufrVoPGSRksC",
      "authors": "Y Luo, Y Wu, M Li, F Mo, JA Sun, X Wang, L Ma, Y Zhang, JY Nie",
      "venue": "arXiv preprint arXiv:2508.03865, 2025",
      "year": 2025,
      "citations": 0
    },
    {
      "title": "Track and Tweak: Monitoring and Improving Group Fairness for Temporal Graph Neural Networks in Real Time",
      "url": "https://scholar.google.com/citations?view_op=view_citation&hl=en&user=jIInDQMAAAAJ&citation_for_view=jIInDQMAAAAJ:WF5omc3nYNoC",
      "authors": "Z Song, M Li, Y Zhang, I King, JM Hernández-Lobato",
      "venue": "Proceedings of the 31st ACM SIGKDD Conference on Knowledge Discovery and …, 2025",
      "year": 2025,
      "citations": 0
    },
    {
      "title": "Think-on-graph 2.0: Deep and faithful large language model reasoning with knowledge-guided retrieval augmented generation",
      "url": "https://scholar.google.com/citations?view_op=view_citation&hl=en&user=jIInDQMAAAAJ&citation_for_view=jIInDQMAAAAJ:W7OEmFMy1HYC",
      "authors": "S Ma, C Xu, X Jiang, M Li, H Qu, C Yang, J Mao, J Guo",
      "venue": "arXiv preprint arXiv:2407.10805, 2024",
      "year": 2024,
      "citations": 110
    },
    {
      "title": "The Integration of Semantic and Structural Knowledge in Knowledge Graph Entity Typing",
      "url": "https://scholar.google.com/citations?view_op=view_citation&hl=en&user=jIInDQMAAAAJ&citation_for_view=jIInDQMAAAAJ:zYLM7Y9cAGgC",
      "authors": "M Li, M Hu, I King, H Leung",
      "venue": "Proceedings of the 2024 Conference of the North American Chapter of the …, 2024",
      "year": 2024,
      "citations": 12
    },
    {
      "title": "Retrieval, Reasoning, Re-ranking: A Context-Enriched Framework for Knowledge Graph Completion",
      "url": "https://scholar.google.com/citations?view_op=view_citation&hl=en&user=jIInDQMAAAAJ&citation_for_view=jIInDQMAAAAJ:eQOLeE2rZwMC",
      "authors": "M Li, C Yang, C Xu, X Jiang, Y Qi, J Guo, H Leung, I King",
      "venue": "Proceedings of the 2025 Conference of the Nations of the Americas Chapter of …, 2024",
      "year": 2024,
      "citations": 7
    },
    {
      "title": "Move beyond triples: Contextual knowledge graph representation and reasoning",
      "url": "https://scholar.google.com/citations?view_op=view_citation&hl=en&user=jIInDQMAAAAJ&citation_for_view=jIInDQMAAAAJ:UeHWp8X0CEIC",
      "authors": "C Xu, M Li, C Yang, X Jiang, L Tang, Y Qi, J Guo",
      "venue": "arXiv e-prints, arXiv: 2406.11160, 2024",
      "year": 2024,
      "citations": 2
    },
    {
      "title": "Momentum Contrastive Pre-training for Question Answering",
      "url": "https://scholar.google.com/citations?view_op=view_citation&hl=en&user=jIInDQMAAAAJ&citation_for_view=jIInDQMAAAAJ:u5HHmVD_uO8C",
      "authors": "M Hu, M Li, Y Wang, I King",
      "venue": "Proceedings of the 2022 Conference on Empirical Methods in Natural Language …, 2022",
      "year": 2022,
      "citations": 5
    }
  ],
  "co_authors": [
    {
      "name": "Chengjin Xu",
      "scholar_id": "sIts5VgAAAAJ",
      "url": "https://scholar.google.com/citations?user=sIts5VgAAAAJ"
    },
    {
      "name": "Xuhui Jiang",
      "scholar_id": "10GD-YMAAAAJ",
      "url": "https://scholar.google.com/citations?user=10GD-YMAAAAJ"
    },
    {
      "name": "Jian Guo",
      "scholar_id": "copD0fsAAAAJ",
      "url": "https://scholar.google.com/citations?user=copD0fsAAAAJ"
    },
    {
      "name": "Cehao Yang",
      "scholar_id": "EtrIsisAAAAJ",
      "url": "https://scholar.google.com/citations?user=EtrIsisAAAAJ"
    },
    {
      "name": "Irwin King",
      "scholar_id": "MXvC7tkAAAAJ",
      "url": "https://scholar.google.com/citations?user=MXvC7tkAAAAJ"
    },
    {
      "name": "Shengjie Ma",
      "scholar_id": "-BapYIIAAAAJ",
      "url": "https://scholar.google.com/citations?user=-BapYIIAAAAJ"
    },
    {
      "name": "Ho-fung Leung",
      "scholar_id": "JDErdKcAAAAJ",
      "url": "https://scholar.google.com/citations?user=JDErdKcAAAAJ"
    },
    {
      "name": "Yihong Wu",
      "scholar_id": "MBsQnu4AAAAJ",
      "url": "https://scholar.google.com/citations?user=MBsQnu4AAAAJ"
    },
    {
      "name": "Xinyu Wang",
      "scholar_id": "gNQIDzQAAAAJ",
      "url": "https://scholar.google.com/citations?user=gNQIDzQAAAAJ"
    },
    {
      "name": "Jiaxin Mao",
      "scholar_id": "DDXcKKcAAAAJ",
      "url": "https://scholar.google.com/citations?user=DDXcKKcAAAAJ"
    },
    {
      "name": "Minda Hu",
      "scholar_id": "uQlkNn8AAAAJ",
      "url": "https://scholar.google.com/citations?user=uQlkNn8AAAAJ"
    },
    {
      "name": "Fengran Mo",
      "scholar_id": "AqsGXGkAAAAJ",
      "url": "https://scholar.google.com/citations?user=AqsGXGkAAAAJ"
    },
    {
      "name": "Yiyan Qi",
      "scholar_id": "ZG9GqnMAAAAJ",
      "url": "https://scholar.google.com/citations?user=ZG9GqnMAAAAJ"
    },
    {
      "name": "Yufei Cui",
      "scholar_id": "eiXIBZ0AAAAJ",
      "url": "https://scholar.google.com/citations?user=eiXIBZ0AAAAJ"
    },
    {
      "name": "Suyuchen Wang",
      "scholar_id": "fiy_i68AAAAJ",
      "url": "https://scholar.google.com/citations?user=fiy_i68AAAAJ"
    },
    {
      "name": "Peng Lu",
      "scholar_id": "c4xAa8gAAAAJ",
      "url": "https://scholar.google.com/citations?user=c4xAa8gAAAAJ"
    },
    {
      "name": "Zixing Song",
      "scholar_id": "dglpEtMAAAAJ",
      "url": "https://scholar.google.com/citations?user=dglpEtMAAAAJ"
    },
    {
      "name": "Liheng Ma",
      "scholar_id": "abfvaXwAAAAJ",
      "url": "https://scholar.google.com/citations?user=abfvaXwAAAAJ"
    },
    {
      "name": "Yasheng Wang",
      "scholar_id": "x-UYeJ4AAAAJ",
      "url": "https://scholar.google.com/citations?user=x-UYeJ4AAAAJ"
    }
  ]
}