{
  "author_info": {
    "name": "Chunyuan Deng",
    "affiliation": "Rice University",
    "email_verified": "Verified email at rice.edu - Homepage",
    "website": "https://charlesdddd.github.io/",
    "interests": [
      "Machine Learning",
      "Natural Language Processing"
    ],
    "photo_url": "https://scholar.googleusercontent.com/citations?view_op=view_photo&user=g7Y0RHcAAAAJ&citpid=20"
  },
  "citation_stats": {
    "citations_all": 339,
    "citations_since_2020": 339,
    "h_index_all": 7,
    "h_index_since_2020": 7,
    "i10_index_all": 5,
    "i10_index_since_2020": 5,
    "citation_graph": [
      {
        "year": 2023,
        "citations": 4
      },
      {
        "year": 2024,
        "citations": 88
      },
      {
        "year": 2025,
        "citations": 247
      }
    ]
  },
  "papers": [
    {
      "title": "Rethinking Diverse Human Preference Learning through Principal Component Analysis",
      "url": "https://scholar.google.com/citations?view_op=view_citation&hl=en&user=g7Y0RHcAAAAJ&citation_for_view=g7Y0RHcAAAAJ:mVmsd5A6BfQC",
      "authors": "F Luo, R Yang, H Sun, C Deng, J Yao, J Shen, H Zhang, H Chen",
      "venue": "ACL 2025 Findings, 2025",
      "year": 2025,
      "citations": 6
    },
    {
      "title": "The generalization ridge: Information flow in natural language generation",
      "url": "https://scholar.google.com/citations?view_op=view_citation&hl=en&user=g7Y0RHcAAAAJ&citation_for_view=g7Y0RHcAAAAJ:hFOr9nPyWt4C",
      "authors": "R Chang, C Deng, H Chen",
      "venue": "arXiv preprint arXiv:2507.05387, 2025",
      "year": 2025,
      "citations": 1
    },
    {
      "title": "Learning Distribution-Wise Control in Representation Space for Language Models",
      "url": "https://scholar.google.com/citations?view_op=view_citation&hl=en&user=g7Y0RHcAAAAJ&citation_for_view=g7Y0RHcAAAAJ:hC7cP41nSMkC",
      "authors": "C Deng, R Chang, H Chen",
      "venue": "ICML 2025, 2025",
      "year": 2025,
      "citations": 1
    },
    {
      "title": "Knowing when to stop: Dynamic context cutoff for large language models",
      "url": "https://scholar.google.com/citations?view_op=view_citation&hl=en&user=g7Y0RHcAAAAJ&citation_for_view=g7Y0RHcAAAAJ:_kc_bZDykSQC",
      "authors": "R Xie, J Wang, P Rosu, C Deng, B Sun, Z Lin, B Dhingra",
      "venue": "NeurIPS 2025, 2025",
      "year": 2025,
      "citations": 1
    },
    {
      "title": "SAFR: Neuron Redistribution for Interpretability",
      "url": "https://scholar.google.com/citations?view_op=view_citation&hl=en&user=g7Y0RHcAAAAJ&citation_for_view=g7Y0RHcAAAAJ:4TOpqqG69KYC",
      "authors": "R Chang, C Deng, H Chen",
      "venue": "NAACL 2025 Findings, 2025",
      "year": 2025,
      "citations": 1
    },
    {
      "title": "Steering Information Utility in Key-Value Memory for Language Model Post-Training",
      "url": "https://scholar.google.com/citations?view_op=view_citation&hl=en&user=g7Y0RHcAAAAJ&citation_for_view=g7Y0RHcAAAAJ:mB3voiENLucC",
      "authors": "C Deng, R Chang, H Chen",
      "venue": "NeurIPS 2025, 2025",
      "year": 2025,
      "citations": 0
    },
    {
      "title": "Unveiling the Spectrum of Data Contamination in Language Models: A Survey from Detection to Remediation",
      "url": "https://scholar.google.com/citations?view_op=view_citation&hl=en&user=g7Y0RHcAAAAJ&citation_for_view=g7Y0RHcAAAAJ:W7OEmFMy1HYC",
      "authors": "C Deng, Y Zhao, Y Heng, Y Li, J Cao, X Tang, A Cohan",
      "venue": "ACL 2024 Findings, 2024",
      "year": 2024,
      "citations": 30
    },
    {
      "title": "ProgGen: Generating Named Entity Recognition Datasets Step-by-step with Self-Reflexive Large Language Models",
      "url": "https://scholar.google.com/citations?view_op=view_citation&hl=en&user=g7Y0RHcAAAAJ&citation_for_view=g7Y0RHcAAAAJ:2osOgNQ5qMEC",
      "authors": "Y Heng, C Deng, Y Li, Y Yu, Y Li, R Zhang, C Zhang",
      "venue": "ACL 2024 Findings, 2024",
      "year": 2024,
      "citations": 18
    },
    {
      "title": "Simulated Misinformation Susceptibility (SMISTS): Enhancing Misinformation Research with Large Language Model Simulations",
      "url": "https://scholar.google.com/citations?view_op=view_citation&hl=en&user=g7Y0RHcAAAAJ&citation_for_view=g7Y0RHcAAAAJ:WF5omc3nYNoC",
      "authors": "W Ma, C Deng, A Moossavi, L Wang, S Vosoughi, D Yang",
      "venue": "ACL 2024 Findings, 2024",
      "year": 2024,
      "citations": 12
    },
    {
      "title": "Language Models are Symbolic Learners in Arithmetic",
      "url": "https://scholar.google.com/citations?view_op=view_citation&hl=en&user=g7Y0RHcAAAAJ&citation_for_view=g7Y0RHcAAAAJ:LkGwnXOMwfcC",
      "authors": "C Deng, Z Li, R Xie, R Chang, H Chen",
      "venue": "arXiv preprint arXiv:2410.15580, 2024",
      "year": 2024,
      "citations": 7
    },
    {
      "title": "Better Late Than Never: Model-Agnostic Hallucination Post-Processing Framework Towards Clinical Text Summarization",
      "url": "https://scholar.google.com/citations?view_op=view_citation&hl=en&user=g7Y0RHcAAAAJ&citation_for_view=g7Y0RHcAAAAJ:Wp0gIr-vW9MC",
      "authors": "S Li, Y Zhang, C Deng, Y Niu, H Zhao",
      "venue": "ACL 2024 Findings, 995-1011, 2024",
      "year": 2024,
      "citations": 7
    },
    {
      "title": "MIMIR: A Customizable Agent Tuning Platform for Enhanced Scientific Applications",
      "url": "https://scholar.google.com/citations?view_op=view_citation&hl=en&user=g7Y0RHcAAAAJ&citation_for_view=g7Y0RHcAAAAJ:IWHjjKOFINEC",
      "authors": "X Tang, C Deng, H Hanminwang, H Wang, Y Zhao, W Shi, Y Fung, ...",
      "venue": "EMNLP 2024 Demo, 2024",
      "year": 2024,
      "citations": 4
    },
    {
      "title": "Think Before You Act: A Two-Stage Framework for Mitigating Gender Bias Towards Vision-Language Tasks",
      "url": "https://scholar.google.com/citations?view_op=view_citation&hl=en&user=g7Y0RHcAAAAJ&citation_for_view=g7Y0RHcAAAAJ:Tyk-4Ss8FVUC",
      "authors": "Y Zhang, S Li, C Deng, L Wang, H Zhao",
      "venue": "NAACL 2024, 2024",
      "year": 2024,
      "citations": 1
    },
    {
      "title": "Investigating Data Contamination in Modern Benchmarks for Large Language Models",
      "url": "https://scholar.google.com/citations?view_op=view_citation&hl=en&user=g7Y0RHcAAAAJ&citation_for_view=g7Y0RHcAAAAJ:d1gkVwhDpl0C",
      "authors": "C Deng, Y Zhao, X Tang, M Gerstein, A Cohan",
      "venue": "NAACL 2024 | Backdoor in Deep Learning @ NeurIPS 2023, 2023",
      "year": 2023,
      "citations": 220
    },
    {
      "title": "The first visual object tracking segmentation vots2023 challenge results",
      "url": "https://scholar.google.com/citations?view_op=view_citation&hl=en&user=g7Y0RHcAAAAJ&citation_for_view=g7Y0RHcAAAAJ:u5HHmVD_uO8C",
      "authors": "M Kristan, J Matas, M Danelljan, M Felsberg, HJ Chang, LČ Zajc, ...",
      "venue": "ICCV 2023, 2023",
      "year": 2023,
      "citations": 30
    }
  ],
  "co_authors": [
    {
      "name": "Arman Cohan",
      "scholar_id": "baI7IY0AAAAJ",
      "url": "https://scholar.google.com/citations?user=baI7IY0AAAAJ"
    },
    {
      "name": "Hanjie Chen",
      "scholar_id": "DyYOgLwAAAAJ",
      "url": "https://scholar.google.com/citations?user=DyYOgLwAAAAJ"
    }
  ]
}