{
  "author_info": {
    "name": "Hyung Jin Chang",
    "affiliation": "Associate Professor, University of Birmingham",
    "email_verified": "Verified email at bham.ac.uk - Homepage",
    "website": "http://hyungjinchang.wordpress.com/",
    "interests": [
      "Computer Vision",
      "Robotics",
      "Deep Learning",
      "Machine Learning"
    ],
    "photo_url": "https://scholar.googleusercontent.com/citations?view_op=view_photo&user=3TggrEkAAAAJ&citpid=13"
  },
  "citation_stats": {
    "citations_all": 9116,
    "citations_since_2020": 6430,
    "h_index_all": 40,
    "h_index_since_2020": 36,
    "i10_index_all": 75,
    "i10_index_since_2020": 62,
    "citation_graph": [
      {
        "year": 2014,
        "citations": 85
      },
      {
        "year": 2015,
        "citations": 184
      },
      {
        "year": 2016,
        "citations": 322
      },
      {
        "year": 2017,
        "citations": 440
      },
      {
        "year": 2018,
        "citations": 676
      },
      {
        "year": 2019,
        "citations": 839
      },
      {
        "year": 2020,
        "citations": 915
      },
      {
        "year": 2021,
        "citations": 919
      },
      {
        "year": 2022,
        "citations": 1044
      },
      {
        "year": 2023,
        "citations": 1108
      },
      {
        "year": 2024,
        "citations": 1274
      },
      {
        "year": 2025,
        "citations": 1161
      }
    ]
  },
  "papers": [
    {
      "title": "On the design fundamentals of diffusion models: A survey",
      "url": "https://scholar.google.com/citations?view_op=view_citation&hl=en&user=3TggrEkAAAAJ&citation_for_view=3TggrEkAAAAJ:qkm5LKljiV4C",
      "authors": "Z Chang, GA Koulieris, HJ Chang, HPH Shum",
      "venue": "Pattern Recognition 169, 111934, 2026",
      "year": 2026,
      "citations": 104
    },
    {
      "title": "Hs-pose: Hybrid scope feature extraction for category-level object pose estimation",
      "url": "https://scholar.google.com/citations?view_op=view_citation&hl=en&user=3TggrEkAAAAJ&citation_for_view=3TggrEkAAAAJ:2_BaaiyHPJIC",
      "authors": "L Zheng, C Wang, Y Sun, E Dasgupta, H Chen, A Leonardis, W Zhang, ...",
      "venue": "Proceedings of the IEEE/CVF conference on computer vision and pattern …, 2023",
      "year": 2023,
      "citations": 79
    },
    {
      "title": "The tenth visual object tracking vot2022 challenge results",
      "url": "https://scholar.google.com/citations?view_op=view_citation&hl=en&user=3TggrEkAAAAJ&citation_for_view=3TggrEkAAAAJ:4uoR24qA-WYC",
      "authors": "M Kristan, A Leonardis, J Matas, M Felsberg, R Pflugfelder, ...",
      "venue": "European Conference on Computer Vision, 431-460, 2022",
      "year": 2022,
      "citations": 120
    },
    {
      "title": "Fixbi: Bridging domain spaces for unsupervised domain adaptation",
      "url": "https://scholar.google.com/citations?view_op=view_citation&hl=en&user=3TggrEkAAAAJ&citation_for_view=3TggrEkAAAAJ:rJyh6hJnyfgC",
      "authors": "J Na, H Jung, HJ Chang, W Hwang",
      "venue": "Proceedings of the IEEE/CVF conference on computer vision and pattern …, 2021",
      "year": 2021,
      "citations": 337
    },
    {
      "title": "Fs-net: Fast shape-based network for category-level 6d object pose estimation with decoupled rotation mechanism",
      "url": "https://scholar.google.com/citations?view_op=view_citation&hl=en&user=3TggrEkAAAAJ&citation_for_view=3TggrEkAAAAJ:bkKuixW_xMkC",
      "authors": "W Chen, X Jia, HJ Chang, J Duan, L Shen, A Leonardis",
      "venue": "Proceedings of the IEEE/CVF conference on computer vision and pattern …, 2021",
      "year": 2021,
      "citations": 231
    },
    {
      "title": "The ninth visual object tracking vot2021 challenge results",
      "url": "https://scholar.google.com/citations?view_op=view_citation&hl=en&user=3TggrEkAAAAJ&citation_for_view=3TggrEkAAAAJ:qhW0HyKmSusC",
      "authors": "M Kristan, J Matas, A Leonardis, M Felsberg, R Pflugfelder, ...",
      "venue": "Proceedings of the IEEE/CVF international conference on computer vision …, 2021",
      "year": 2021,
      "citations": 157
    },
    {
      "title": "G2l-net: Global to local network for real-time 6d pose estimation with embedding vector features",
      "url": "https://scholar.google.com/citations?view_op=view_citation&hl=en&user=3TggrEkAAAAJ&citation_for_view=3TggrEkAAAAJ:Zbx7W2Xs4QsC",
      "authors": "W Chen, X Jia, HJ Chang, J Duan, A Leonardis",
      "venue": "Proceedings of the IEEE/CVF conference on computer vision and pattern …, 2020",
      "year": 2020,
      "citations": 141
    },
    {
      "title": "Symmetric graph convolutional autoencoder for unsupervised graph representation learning",
      "url": "https://scholar.google.com/citations?view_op=view_citation&hl=en&user=3TggrEkAAAAJ&citation_for_view=3TggrEkAAAAJ:sYWwZaPVD1oC",
      "authors": "J Park, M Lee, HJ Chang, K Lee, JY Choi",
      "venue": "Proceedings of the IEEE/CVF international conference on computer vision …, 2019",
      "year": 2019,
      "citations": 347
    },
    {
      "title": "Rt-gene: Real-time eye gaze estimation in natural environments",
      "url": "https://scholar.google.com/citations?view_op=view_citation&hl=en&user=3TggrEkAAAAJ&citation_for_view=3TggrEkAAAAJ:MqTxh1vmwXEC",
      "authors": "T Fischer, HJ Chang, Y Demiris",
      "venue": "Proceedings of the European conference on computer vision (ECCV), 334-352, 2018",
      "year": 2018,
      "citations": 463
    },
    {
      "title": "Context-aware deep feature compression for high-speed visual tracking",
      "url": "https://scholar.google.com/citations?view_op=view_citation&hl=en&user=3TggrEkAAAAJ&citation_for_view=3TggrEkAAAAJ:cx97FdCJQX8C",
      "authors": "J Choi, HJ Chang, T Fischer, S Yun, K Lee, J Jeong, Y Demiris, JY Choi",
      "venue": "Proceedings of the IEEE conference on computer vision and pattern …, 2018",
      "year": 2018,
      "citations": 266
    },
    {
      "title": "Attentional correlation filter network for adaptive visual tracking",
      "url": "https://scholar.google.com/citations?view_op=view_citation&hl=en&user=3TggrEkAAAAJ&citation_for_view=3TggrEkAAAAJ:SP6oXDckpogC",
      "authors": "J Choi, H Jin Chang, S Yun, T Fischer, Y Demiris, J Young Choi",
      "venue": "Proceedings of the IEEE conference on computer vision and pattern …, 2017",
      "year": 2017,
      "citations": 393
    },
    {
      "title": "DAC-h3: a proactive robot cognitive architecture to acquire and express knowledge about the world and the self",
      "url": "https://scholar.google.com/citations?view_op=view_citation&hl=en&user=3TggrEkAAAAJ&citation_for_view=3TggrEkAAAAJ:Yw6v6SrDvuUC",
      "authors": "C Moulin-Frier, T Fischer, M Petit, G Pointeau, JY Puigbo, U Pattacini, ...",
      "venue": "IEEE Transactions on Cognitive and Developmental Systems 10 (4), 1005-1022, 2017",
      "year": 2017,
      "citations": 102
    },
    {
      "title": "The visual object tracking VOT2016 challenge results",
      "url": "https://scholar.google.com/citations?view_op=view_citation&hl=en&user=3TggrEkAAAAJ&citation_for_view=3TggrEkAAAAJ:dMpQl7XwOw4C",
      "authors": "M Kristan, et al.",
      "venue": "ECCV Workshops 9914, 777-823, 2016",
      "year": 2016,
      "citations": 3047
    },
    {
      "title": "Visual tracking using attention-modulated disintegration and integration",
      "url": "https://scholar.google.com/citations?view_op=view_citation&hl=en&user=3TggrEkAAAAJ&citation_for_view=3TggrEkAAAAJ:f2IySw72cVMC",
      "authors": "J Choi, HJ Chang, J Jeong, Y Demiris, JY Choi",
      "venue": "Proceedings of the IEEE conference on computer vision and pattern …, 2016",
      "year": 2016,
      "citations": 219
    },
    {
      "title": "Iterative path optimisation for personalised dressing assistance using vision and force information",
      "url": "https://scholar.google.com/citations?view_op=view_citation&hl=en&user=3TggrEkAAAAJ&citation_for_view=3TggrEkAAAAJ:abG-DnoFyZgC",
      "authors": "Y Gao, HJ Chang, Y Demiris",
      "venue": "2016 IEEE/RSJ international conference on intelligent robots and systems …, 2016",
      "year": 2016,
      "citations": 87
    },
    {
      "title": "3d finger cape: Clicking action and position estimation under self-occlusions in egocentric viewpoint",
      "url": "https://scholar.google.com/citations?view_op=view_citation&hl=en&user=3TggrEkAAAAJ&citation_for_view=3TggrEkAAAAJ:SeFeTyx0c_EC",
      "authors": "Y Jang, ST Noh, HJ Chang, TK Kim, W Woo",
      "venue": "IEEE Transactions on Visualization and Computer Graphics 21 (4), 501-510, 2015",
      "year": 2015,
      "citations": 116
    },
    {
      "title": "User modelling for personalised dressing assistance by humanoid robots",
      "url": "https://scholar.google.com/citations?view_op=view_citation&hl=en&user=3TggrEkAAAAJ&citation_for_view=3TggrEkAAAAJ:4OULZ7Gr8RgC",
      "authors": "Y Gao, HJ Chang, Y Demiris",
      "venue": "2015 IEEE/RSJ International Conference on Intelligent Robots and Systems …, 2015",
      "year": 2015,
      "citations": 92
    },
    {
      "title": "Latent regression forest: Structured estimation of 3d articulated hand posture",
      "url": "https://scholar.google.com/citations?view_op=view_citation&hl=en&user=3TggrEkAAAAJ&citation_for_view=3TggrEkAAAAJ:J_g5lzvAfSwC",
      "authors": "D Tang, H Jin Chang, A Tejani, TK Kim",
      "venue": "Proceedings of the IEEE conference on computer vision and pattern …, 2014",
      "year": 2014,
      "citations": 526
    },
    {
      "title": "Robust action recognition using local motion and group sparsity",
      "url": "https://scholar.google.com/citations?view_op=view_citation&hl=en&user=3TggrEkAAAAJ&citation_for_view=3TggrEkAAAAJ:BqipwSGYUEgC",
      "authors": "J Cho, M Lee, HJ Chang, S Oh",
      "venue": "Pattern Recognition 47 (5), 1813-1825, 2014",
      "year": 2014,
      "citations": 79
    },
    {
      "title": "Detection of moving objects with non-stationary cameras in 5.8 ms: Bringing motion detection to your mobile device",
      "url": "https://scholar.google.com/citations?view_op=view_citation&hl=en&user=3TggrEkAAAAJ&citation_for_view=3TggrEkAAAAJ:blknAaTinKkC",
      "authors": "K Moo Yi, K Yun, S Wan Kim, H Jin Chang, J Young Choi",
      "venue": "Proceedings of the IEEE Conference on Computer Vision and Pattern …, 2013",
      "year": 2013,
      "citations": 157
    }
  ],
  "co_authors": [
    {
      "name": "jin young choi",
      "scholar_id": "NoEVFWQAAAAJ",
      "url": "https://scholar.google.com/citations?user=NoEVFWQAAAAJ"
    },
    {
      "name": "Ales Leonardis",
      "scholar_id": "BEFl4j0AAAAJ",
      "url": "https://scholar.google.com/citations?user=BEFl4j0AAAAJ"
    },
    {
      "name": "Yiannis Demiris",
      "scholar_id": "B2o5i-AAAAAJ",
      "url": "https://scholar.google.com/citations?user=B2o5i-AAAAAJ"
    },
    {
      "name": "Tobias Fischer",
      "scholar_id": "eq46ylAAAAAJ",
      "url": "https://scholar.google.com/citations?user=eq46ylAAAAAJ"
    },
    {
      "name": "Tae-Kyun (T-K) Kim",
      "scholar_id": "j2WcLecAAAAJ",
      "url": "https://scholar.google.com/citations?user=j2WcLecAAAAJ"
    },
    {
      "name": "Tze Ho Elden Tse",
      "scholar_id": "KAOah3QAAAAJ",
      "url": "https://scholar.google.com/citations?user=KAOah3QAAAAJ"
    },
    {
      "name": "Jongwon Choi",
      "scholar_id": "F3u9qHcAAAAJ",
      "url": "https://scholar.google.com/citations?user=F3u9qHcAAAAJ"
    },
    {
      "name": "Danhang Tang",
      "scholar_id": "9uxs6G4AAAAJ",
      "url": "https://scholar.google.com/citations?user=9uxs6G4AAAAJ"
    },
    {
      "name": "Yixing Gao",
      "scholar_id": "XhT2KswAAAAJ",
      "url": "https://scholar.google.com/citations?user=XhT2KswAAAAJ"
    },
    {
      "name": "Wonjun Hwang",
      "scholar_id": "-I8AfBAAAAAJ",
      "url": "https://scholar.google.com/citations?user=-I8AfBAAAAAJ"
    },
    {
      "name": "Jinming DUAN",
      "scholar_id": "s2tA2YgAAAAJ",
      "url": "https://scholar.google.com/citations?user=s2tA2YgAAAAJ"
    },
    {
      "name": "Wei Chen",
      "scholar_id": "Wv68qZwAAAAJ",
      "url": "https://scholar.google.com/citations?user=Wv68qZwAAAAJ"
    },
    {
      "name": "Jaemin Na",
      "scholar_id": "C1Jl61oAAAAJ",
      "url": "https://scholar.google.com/citations?user=C1Jl61oAAAAJ"
    },
    {
      "name": "Zhongqun Zhang",
      "scholar_id": "B1mu6ugAAAAJ",
      "url": "https://scholar.google.com/citations?user=B1mu6ugAAAAJ"
    },
    {
      "name": "Kwang Moo Yi",
      "scholar_id": "pr6rIJEAAAAJ",
      "url": "https://scholar.google.com/citations?user=pr6rIJEAAAAJ"
    },
    {
      "name": "Xi Jia",
      "scholar_id": "LEvFR3MAAAAJ",
      "url": "https://scholar.google.com/citations?user=LEvFR3MAAAAJ"
    },
    {
      "name": "Alykhan Tejani",
      "scholar_id": "A_yhnEgAAAAJ",
      "url": "https://scholar.google.com/citations?user=A_yhnEgAAAAJ"
    },
    {
      "name": "Kim, Kwang In",
      "scholar_id": "0wIdMGEAAAAJ",
      "url": "https://scholar.google.com/citations?user=0wIdMGEAAAAJ"
    },
    {
      "name": "Sangdoo Yun",
      "scholar_id": "o0qtjzYAAAAJ",
      "url": "https://scholar.google.com/citations?user=o0qtjzYAAAAJ"
    },
    {
      "name": "Linfang Zheng",
      "scholar_id": "GeE0cQ0AAAAJ",
      "url": "https://scholar.google.com/citations?user=GeE0cQ0AAAAJ"
    }
  ]
}