{
  "author_info": {
    "name": "Syamantak Kumar",
    "affiliation": "CS PhD, UT Austin",
    "email_verified": "Verified email at utexas.edu - Homepage",
    "website": "https://syamantakk.github.io/",
    "interests": [
      "Machine Learning",
      "Statistics",
      "AI"
    ],
    "photo_url": "https://scholar.googleusercontent.com/citations?view_op=view_photo&user=lNVTz20AAAAJ&citpid=1"
  },
  "citation_stats": {
    "citations_all": 90,
    "citations_since_2020": 90,
    "h_index_all": 4,
    "h_index_since_2020": 4,
    "i10_index_all": 2,
    "i10_index_since_2020": 2,
    "citation_graph": [
      {
        "year": 2020,
        "citations": 1
      },
      {
        "year": 2021,
        "citations": 5
      },
      {
        "year": 2022,
        "citations": 12
      },
      {
        "year": 2023,
        "citations": 20
      },
      {
        "year": 2024,
        "citations": 24
      },
      {
        "year": 2025,
        "citations": 28
      }
    ]
  },
  "papers": [
    {
      "title": "Spike-and-slab posterior sampling in high dimensions",
      "url": "https://scholar.google.com/citations?view_op=view_citation&hl=en&user=lNVTz20AAAAJ&citation_for_view=lNVTz20AAAAJ:iH-uZ7U-co4C",
      "authors": "S Kumar, P Sarkar, K Tian, Y Zhu",
      "venue": "arXiv preprint arXiv:2503.02798, 2025",
      "year": 2025,
      "citations": 2
    },
    {
      "title": "Beyond Sin-Squared Error: Linear-Time Entrywise Uncertainty Quantification for Streaming PCA",
      "url": "https://scholar.google.com/citations?view_op=view_citation&hl=en&user=lNVTz20AAAAJ&citation_for_view=lNVTz20AAAAJ:ZHo1McVdvXMC",
      "authors": "S Kumar, S Pandey, P Sarkar",
      "venue": "arXiv preprint arXiv:2506.12655, 2025",
      "year": 2025,
      "citations": 1
    },
    {
      "title": "Low-Precision Streaming PCA",
      "url": "https://scholar.google.com/citations?view_op=view_citation&hl=en&user=lNVTz20AAAAJ&citation_for_view=lNVTz20AAAAJ:P5F9QuxV20EC",
      "authors": "S Dasgupta, S Kumar, S Pandey, P Sarkar",
      "venue": "arXiv preprint arXiv:2510.22440, 2025",
      "year": 2025,
      "citations": 0
    },
    {
      "title": "Private Geometric Median in Nearly-Linear Time",
      "url": "https://scholar.google.com/citations?view_op=view_citation&hl=en&user=lNVTz20AAAAJ&citation_for_view=lNVTz20AAAAJ:pqnbT2bcN3wC",
      "authors": "S Kumar, D Liu, K Tian, C Yang",
      "venue": "arXiv preprint arXiv:2505.20189, 2025",
      "year": 2025,
      "citations": 0
    },
    {
      "title": "Dimension-free Score Matching and Time Bootstrapping for Diffusion Models",
      "url": "https://scholar.google.com/citations?view_op=view_citation&hl=en&user=lNVTz20AAAAJ&citation_for_view=lNVTz20AAAAJ:j3f4tGmQtD8C",
      "authors": "S Kumar, D Nagaraj, P Sarkar",
      "venue": "arXiv preprint arXiv:2502.10354, 2025",
      "year": 2025,
      "citations": 0
    },
    {
      "title": "Black-Box -to--PCA Reductions: Theory and Applications",
      "url": "https://scholar.google.com/citations?view_op=view_citation&hl=en&user=lNVTz20AAAAJ&citation_for_view=lNVTz20AAAAJ:Tyk-4Ss8FVUC",
      "authors": "A Jambulapati, S Kumar, J Li, S Pandey, A Pensia, K Tian",
      "venue": "Conference on Learning Theory (COLT) 2024, 2564-2607, 2024",
      "year": 2024,
      "citations": 6
    },
    {
      "title": "Oja's Algorithm for Streaming Sparse PCA",
      "url": "https://scholar.google.com/citations?view_op=view_citation&hl=en&user=lNVTz20AAAAJ&citation_for_view=lNVTz20AAAAJ:KlAtU1dfN6UC",
      "authors": "S Kumar, P Sarkar",
      "venue": "Advances in Neural Information Processing Systems 37, 74528-74578, 2024",
      "year": 2024,
      "citations": 3
    },
    {
      "title": "Nonparametric evaluation of noisy ICA solutions",
      "url": "https://scholar.google.com/citations?view_op=view_citation&hl=en&user=lNVTz20AAAAJ&citation_for_view=lNVTz20AAAAJ:Zph67rFs4hoC",
      "authors": "S Kumar, D Bean, P Sarkar",
      "venue": "Advances in Neural Information Processing Systems 37, 132647-132690, 2024",
      "year": 2024,
      "citations": 2
    },
    {
      "title": "Streaming pca for markovian data",
      "url": "https://scholar.google.com/citations?view_op=view_citation&hl=en&user=lNVTz20AAAAJ&citation_for_view=lNVTz20AAAAJ:d1gkVwhDpl0C",
      "authors": "S Kumar, P Sarkar",
      "venue": "Advances in Neural Information Processing Systems 36, 64650-64662, 2023",
      "year": 2023,
      "citations": 14
    },
    {
      "title": "Some new algorithms and old theory for Independent Component Analysis (ICA)",
      "url": "https://scholar.google.com/citations?view_op=view_citation&hl=en&user=lNVTz20AAAAJ&citation_for_view=lNVTz20AAAAJ:UeHWp8X0CEIC",
      "authors": "S Kumar, P Sarkar, P Bickel",
      "venue": "2023 IMS International Conference on Statistics and Data Science (ICSDS), 248, 2023",
      "year": 2023,
      "citations": 0
    },
    {
      "title": "Frequency of anemia in patients admitted with acute decompensated heart failure in tertiary care cardiac hospital",
      "url": "https://scholar.google.com/citations?view_op=view_citation&hl=en&user=lNVTz20AAAAJ&citation_for_view=lNVTz20AAAAJ:KxtntwgDAa4C",
      "authors": "A Shrivastava, N Kumar, S Kumar",
      "venue": "Stud J Health Res Africa 4, 5, 2023",
      "year": 2023,
      "citations": 0
    },
    {
      "title": "From Machine Translation to Code-Switching: Generating High-Quality Code-Switched Text",
      "url": "https://scholar.google.com/citations?view_op=view_citation&hl=en&user=lNVTz20AAAAJ&citation_for_view=lNVTz20AAAAJ:u-x6o8ySG0sC",
      "authors": "I Tarunesh, S Kumar, P Jyothi",
      "venue": "ACL-IJCNLP 2021, 2021",
      "year": 2021,
      "citations": 55
    },
    {
      "title": "Comparative evaluation of aquatic biomass feedstocks for energy application and potential for extraction of plant nutrients from their ash",
      "url": "https://scholar.google.com/citations?view_op=view_citation&hl=en&user=lNVTz20AAAAJ&citation_for_view=lNVTz20AAAAJ:UxriW0iASnsC",
      "authors": "RE Masto, A Pandit, S Kumar, S Datta, S Mukhopadhyay, VA Selvi",
      "venue": "TIDEE: TERI Information Digest on Energy and Environment 20 (4), 476-477, 2021",
      "year": 2021,
      "citations": 0
    },
    {
      "title": "Evaluation of the Fuel Value and Soil Application Potential of the Cadmium Contaminated Biochar Obtained after Water Treatment",
      "url": "https://scholar.google.com/citations?view_op=view_citation&hl=en&user=lNVTz20AAAAJ&citation_for_view=lNVTz20AAAAJ:SP6oXDckpogC",
      "authors": "S Kumar, G Kaushik, RE Masto",
      "venue": "Solid Fuel Chemistry 54 (6), 411-417, 2020",
      "year": 2020,
      "citations": 1
    },
    {
      "title": "A comparison of open source libraries ready for 3d reconstruction of wounds",
      "url": "https://scholar.google.com/citations?view_op=view_citation&hl=en&user=lNVTz20AAAAJ&citation_for_view=lNVTz20AAAAJ:u5HHmVD_uO8C",
      "authors": "S Kumar, D Jaglan, N Ganapathy, TM Deserno",
      "venue": "Medical Imaging 2019: Imaging Informatics for Healthcare, Research, and …, 2019",
      "year": 2019,
      "citations": 6
    },
    {
      "title": "Anonymous Communication using Onion Routing",
      "url": "https://scholar.google.com/citations?view_op=view_citation&hl=en&user=lNVTz20AAAAJ&citation_for_view=lNVTz20AAAAJ:9yKSN-GCB0IC",
      "authors": "A Bansal, S Kumar",
      "venue": "",
      "citations": 0,
      "year": 2018
    },
    {
      "title": "A sensor-based novel potato planter-cum pre-emergence (PE) applicator for cut tuber planting and herbicide application for higher tuber production",
      "url": "https://scholar.google.com/citations?view_op=view_citation&hl=en&user=lNVTz20AAAAJ&citation_for_view=lNVTz20AAAAJ:dshw04ExmUIC",
      "authors": "C CR, LK Baishya, AK Shrivastava, R Singh, PK Mishra, A BHOWMIK, ...",
      "venue": "Jamkhokai and Gaibimei, P and Machanuru, Raviteja, A sensor-based novel …, 0",
      "citations": 0
    }
  ],
  "co_authors": [
    {
      "name": "Purnamrita Sarkar",
      "scholar_id": "KfT3_0AAAAAJ",
      "url": "https://scholar.google.com/citations?user=KfT3_0AAAAAJ"
    },
    {
      "name": "Preethi Jyothi",
      "scholar_id": "QN_uhu8AAAAJ",
      "url": "https://scholar.google.com/citations?user=QN_uhu8AAAAJ"
    },
    {
      "name": "Ishan Tarunesh",
      "scholar_id": "MP3lwPoAAAAJ",
      "url": "https://scholar.google.com/citations?user=MP3lwPoAAAAJ"
    },
    {
      "name": "Kevin Tian",
      "scholar_id": "busWvZkAAAAJ",
      "url": "https://scholar.google.com/citations?user=busWvZkAAAAJ"
    },
    {
      "name": "Shourya Pandey",
      "scholar_id": "19evEwcAAAAJ",
      "url": "https://scholar.google.com/citations?user=19evEwcAAAAJ"
    },
    {
      "name": "Thomas M. Deserno, geb. Lehmann",
      "scholar_id": "sdsxvdwAAAAJ",
      "url": "https://scholar.google.com/citations?user=sdsxvdwAAAAJ"
    },
    {
      "name": "Dhruv Jaglan",
      "scholar_id": "sL25phMAAAAJ",
      "url": "https://scholar.google.com/citations?user=sL25phMAAAAJ"
    },
    {
      "name": "NAGARAJAN GANAPATHY",
      "scholar_id": "Bja-JAwAAAAJ",
      "url": "https://scholar.google.com/citations?user=Bja-JAwAAAAJ"
    },
    {
      "name": "Ankit Pensia",
      "scholar_id": "u1Qs7YIAAAAJ",
      "url": "https://scholar.google.com/citations?user=u1Qs7YIAAAAJ"
    },
    {
      "name": "Arun Jambulapati",
      "scholar_id": "XeEA6r8AAAAJ",
      "url": "https://scholar.google.com/citations?user=XeEA6r8AAAAJ"
    },
    {
      "name": "Jerry Li",
      "scholar_id": "4zybTq4AAAAJ",
      "url": "https://scholar.google.com/citations?user=4zybTq4AAAAJ"
    },
    {
      "name": "peter bickel",
      "scholar_id": "t4w1jE4AAAAJ",
      "url": "https://scholar.google.com/citations?user=t4w1jE4AAAAJ"
    },
    {
      "name": "Yusong Zhu",
      "scholar_id": "abdQY_YAAAAJ",
      "url": "https://scholar.google.com/citations?user=abdQY_YAAAAJ"
    },
    {
      "name": "Dheeraj Nagaraj",
      "scholar_id": "0g80b7sAAAAJ",
      "url": "https://scholar.google.com/citations?user=0g80b7sAAAAJ"
    },
    {
      "name": "Daogao Liu",
      "scholar_id": "auA3AaQAAAAJ",
      "url": "https://scholar.google.com/citations?user=auA3AaQAAAAJ"
    },
    {
      "name": "Chutong Yang",
      "scholar_id": "9BBSgO4AAAAJ",
      "url": "https://scholar.google.com/citations?user=9BBSgO4AAAAJ"
    },
    {
      "name": "Sanjoy Dasgupta",
      "scholar_id": "0f5AXE0AAAAJ",
      "url": "https://scholar.google.com/citations?user=0f5AXE0AAAAJ"
    }
  ]
}