{
  "author_info": {
    "name": "Edoardo Barba",
    "affiliation": "Sapienza University of Rome",
    "email_verified": "Verified email at di.uniroma1.it - Homepage",
    "website": "http://edobobo.github.io/",
    "interests": [
      "NLP",
      "Machine Learning"
    ],
    "photo_url": "https://scholar.googleusercontent.com/citations?view_op=view_photo&user=hVjbi_QAAAAJ&citpid=3"
  },
  "citation_stats": {
    "citations_all": 558,
    "citations_since_2020": 555,
    "h_index_all": 10,
    "h_index_since_2020": 10,
    "i10_index_all": 10,
    "i10_index_since_2020": 10,
    "citation_graph": [
      {
        "year": 2020,
        "citations": 8
      },
      {
        "year": 2021,
        "citations": 37
      },
      {
        "year": 2022,
        "citations": 82
      },
      {
        "year": 2023,
        "citations": 120
      },
      {
        "year": 2024,
        "citations": 129
      },
      {
        "year": 2025,
        "citations": 177
      }
    ]
  },
  "papers": [
    {
      "title": "Optimizing LLMs for Italian: Reducing token fertility and enhancing efficiency through vocabulary adaptation",
      "url": "https://scholar.google.com/citations?view_op=view_citation&hl=en&user=hVjbi_QAAAAJ&citation_for_view=hVjbi_QAAAAJ:5nxA0vEk-isC",
      "authors": "L Moroni, G Puccetti, PLH Cabot, AS Bejgu, A Miaschi, E Barba, ...",
      "venue": "Findings of the Association for Computational Linguistics: NAACL 2025, 6646-6660, 2025",
      "year": 2025,
      "citations": 5
    },
    {
      "title": "Minerva llms: The first family of large language models trained from scratch on italian data",
      "url": "https://scholar.google.com/citations?view_op=view_citation&hl=en&user=hVjbi_QAAAAJ&citation_for_view=hVjbi_QAAAAJ:0EnyYjriUFMC",
      "authors": "R Orlando, L Moroni, PLH Cabot, S Conia, E Barba, S Orlandini, ...",
      "venue": "Proceedings of the 10th Italian conference on computational linguistics …, 2024",
      "year": 2024,
      "citations": 42
    },
    {
      "title": "ReLiK: Retrieve and LinK, fast and accurate entity linking and relation extraction on an academic budget",
      "url": "https://scholar.google.com/citations?view_op=view_citation&hl=en&user=hVjbi_QAAAAJ&citation_for_view=hVjbi_QAAAAJ:roLk4NBRz8UC",
      "authors": "R Orlando, PLH Cabot, E Barba, R Navigli",
      "venue": "arXiv preprint arXiv:2408.00103, 2024",
      "year": 2024,
      "citations": 31
    },
    {
      "title": "Maverick: Efficient and accurate coreference resolution defying recent trends",
      "url": "https://scholar.google.com/citations?view_op=view_citation&hl=en&user=hVjbi_QAAAAJ&citation_for_view=hVjbi_QAAAAJ:LkGwnXOMwfcC",
      "authors": "G Martinelli, E Barba, R Navigli",
      "venue": "arXiv preprint arXiv:2407.21489, 2024",
      "year": 2024,
      "citations": 24
    },
    {
      "title": "Guardians of the Machine Translation Meta-Evaluation: Sentinel Metrics Fall In!",
      "url": "https://scholar.google.com/citations?view_op=view_citation&hl=en&user=hVjbi_QAAAAJ&citation_for_view=hVjbi_QAAAAJ:UebtZRa9Y70C",
      "authors": "S Perrella, L Proietti, A Scirè, E Barba, R Navigli",
      "venue": "arXiv preprint arXiv:2408.13831, 2024",
      "year": 2024,
      "citations": 17
    },
    {
      "title": "Beyond correlation: Interpretable evaluation of machine translation metrics",
      "url": "https://scholar.google.com/citations?view_op=view_citation&hl=en&user=hVjbi_QAAAAJ&citation_for_view=hVjbi_QAAAAJ:hqOjcs7Dif8C",
      "authors": "S Perrella, L Proietti, PLH Cabot, E Barba, R Navigli",
      "venue": "arXiv preprint arXiv:2410.05183, 2024",
      "year": 2024,
      "citations": 8
    },
    {
      "title": "MOSAICo: a multilingual open-text semantically annotated interlinked corpus",
      "url": "https://scholar.google.com/citations?view_op=view_citation&hl=en&user=hVjbi_QAAAAJ&citation_for_view=hVjbi_QAAAAJ:_FxGoFyzp5QC",
      "authors": "S Conia, E Barba, ACM Lorenzo, PLH Cabot, R Orlando, L Procopio, ...",
      "venue": "Proceedings of the 2024 Conference of the North American Chapter of the …, 2024",
      "year": 2024,
      "citations": 3
    },
    {
      "title": "Entity disambiguation with entity definitions",
      "url": "https://scholar.google.com/citations?view_op=view_citation&hl=en&user=hVjbi_QAAAAJ&citation_for_view=hVjbi_QAAAAJ:IjCSPb-OGe4C",
      "authors": "L Procopio, S Conia, E Barba, R Navigli",
      "venue": "Proceedings of the 17th Conference of the European Chapter of the …, 2023",
      "year": 2023,
      "citations": 9
    },
    {
      "title": "Code-switching with word senses for pretraining in neural machine translation",
      "url": "https://scholar.google.com/citations?view_op=view_citation&hl=en&user=hVjbi_QAAAAJ&citation_for_view=hVjbi_QAAAAJ:YsMSGLbcyi4C",
      "authors": "V Iyer, E Barba, A Birch, J Pan, R Navigli",
      "venue": "Findings of the Association for Computational Linguistics: EMNLP 2023, 12889 …, 2023",
      "year": 2023,
      "citations": 7
    },
    {
      "title": "Dmlm: Descriptive masked language modeling",
      "url": "https://scholar.google.com/citations?view_op=view_citation&hl=en&user=hVjbi_QAAAAJ&citation_for_view=hVjbi_QAAAAJ:W7OEmFMy1HYC",
      "authors": "E Barba, N Campolungo, R Navigli",
      "venue": "Findings of the Association for Computational Linguistics: ACL 2023, 12770-12788, 2023",
      "year": 2023,
      "citations": 6
    },
    {
      "title": "LexicoMatic: Automatic creation of multilingual lexical-semantic dictionaries",
      "url": "https://scholar.google.com/citations?view_op=view_citation&hl=en&user=hVjbi_QAAAAJ&citation_for_view=hVjbi_QAAAAJ:eQOLeE2rZwMC",
      "authors": "F Martelli, L Procopio, E Barba, R Navigli",
      "venue": "Proceedings of the 13th International Joint Conference on Natural Language …, 2023",
      "year": 2023,
      "citations": 4
    },
    {
      "title": "ExtEnD: Extractive entity disambiguation",
      "url": "https://scholar.google.com/citations?view_op=view_citation&hl=en&user=hVjbi_QAAAAJ&citation_for_view=hVjbi_QAAAAJ:UeHWp8X0CEIC",
      "authors": "E Barba, L Procopio, R Navigli",
      "venue": "PROCEEDINGS OF THE CONFERENCE-ASSOCIATION FOR COMPUTATIONAL LINGUISTICS …, 2022",
      "year": 2022,
      "citations": 70
    },
    {
      "title": "Semantic role labeling meets definition modeling: Using natural language to describe predicate-argument structures",
      "url": "https://scholar.google.com/citations?view_op=view_citation&hl=en&user=hVjbi_QAAAAJ&citation_for_view=hVjbi_QAAAAJ:Tyk-4Ss8FVUC",
      "authors": "S Conia, E Barba, A Scirè, R Navigli",
      "venue": "arXiv preprint arXiv:2212.01094, 2022",
      "year": 2022,
      "citations": 7
    },
    {
      "title": "Steps: Semantic typing of event processes with a sequence-to-sequence approach",
      "url": "https://scholar.google.com/citations?view_op=view_citation&hl=en&user=hVjbi_QAAAAJ&citation_for_view=hVjbi_QAAAAJ:qjMakFHDy7sC",
      "authors": "S Pepe, E Barba, R Blloshmi, R Navigli",
      "venue": "Proceedings of the AAAI Conference on Artificial Intelligence 36 (10), 11156 …, 2022",
      "year": 2022,
      "citations": 6
    },
    {
      "title": "A tour of explicit multilingual semantics: Word sense disambiguation, semantic role labeling and semantic parsing",
      "url": "https://scholar.google.com/citations?view_op=view_citation&hl=en&user=hVjbi_QAAAAJ&citation_for_view=hVjbi_QAAAAJ:zYLM7Y9cAGgC",
      "authors": "R Navigli, E Barba, S Conia, R Blloshmi",
      "venue": "Proceedings of the 2nd conference of the asia-pacific chapter of the …, 2022",
      "year": 2022,
      "citations": 3
    },
    {
      "title": "ESC: Redesigning WSD with extractive sense comprehension",
      "url": "https://scholar.google.com/citations?view_op=view_citation&hl=en&user=hVjbi_QAAAAJ&citation_for_view=hVjbi_QAAAAJ:u-x6o8ySG0sC",
      "authors": "E Barba, T Pasini, R Navigli",
      "venue": "Proceedings of the 2021 conference of the North American chapter of the …, 2021",
      "year": 2021,
      "citations": 117
    },
    {
      "title": "ConSeC: Word sense disambiguation as continuous sense comprehension",
      "url": "https://scholar.google.com/citations?view_op=view_citation&hl=en&user=hVjbi_QAAAAJ&citation_for_view=hVjbi_QAAAAJ:2osOgNQ5qMEC",
      "authors": "E Barba, L Procopio, R Navigli",
      "venue": "Proceedings of the 2021 Conference on Empirical Methods in Natural Language …, 2021",
      "year": 2021,
      "citations": 96
    },
    {
      "title": "Exemplification modeling: Can you give me an example, please?",
      "url": "https://scholar.google.com/citations?view_op=view_citation&hl=en&user=hVjbi_QAAAAJ&citation_for_view=hVjbi_QAAAAJ:d1gkVwhDpl0C",
      "authors": "E Barba, L Procopio, C Lacerra, T Pasini, R Navigli",
      "venue": "30th International Joint Conference on Artificial Intelligence, IJCAI 2021 …, 2021",
      "year": 2021,
      "citations": 23
    },
    {
      "title": "Multimirror: Neural cross-lingual word alignment for multilingual word sense disambiguation",
      "url": "https://scholar.google.com/citations?view_op=view_citation&hl=en&user=hVjbi_QAAAAJ&citation_for_view=hVjbi_QAAAAJ:9yKSN-GCB0IC",
      "authors": "L Procopio, E Barba, F Martelli, R Navigli",
      "venue": "30th International Joint Conference on Artificial Intelligence, IJCAI 2021 …, 2021",
      "year": 2021,
      "citations": 22
    },
    {
      "title": "Mulan: Multilingual label propagation for word sense disambiguation",
      "url": "https://scholar.google.com/citations?view_op=view_citation&hl=en&user=hVjbi_QAAAAJ&citation_for_view=hVjbi_QAAAAJ:u5HHmVD_uO8C",
      "authors": "E Barba, L Procopio, N Campolungo, T Pasini, R Navigli",
      "venue": "Twenty-Ninth International Joint Conference on Artificial Intelligence, 3837 …, 2020",
      "year": 2020,
      "citations": 57
    }
  ],
  "co_authors": []
}