{
  "author_info": {
    "name": "Chuan Guo",
    "affiliation": "Research Scientist, Reality Labs Research @ Meta",
    "email_verified": "Verified email at meta.com - Homepage",
    "website": "https://ericguo5513.github.io/",
    "interests": [
      "3D Animation",
      "Human Motion Synthesis",
      "Deep Generative Model"
    ],
    "photo_url": "https://scholar.googleusercontent.com/citations?view_op=view_photo&user=eCdqvJoAAAAJ&citpid=1"
  },
  "citation_stats": {
    "citations_all": 3014,
    "citations_since_2020": 3010,
    "h_index_all": 15,
    "h_index_since_2020": 15,
    "i10_index_all": 17,
    "i10_index_since_2020": 17,
    "citation_graph": [
      {
        "year": 2020,
        "citations": 24
      },
      {
        "year": 2021,
        "citations": 38
      },
      {
        "year": 2022,
        "citations": 118
      },
      {
        "year": 2023,
        "citations": 355
      },
      {
        "year": 2024,
        "citations": 907
      },
      {
        "year": 2025,
        "citations": 1316
      }
    ]
  },
  "papers": [
    {
      "title": "Sketch2anim: Towards transferring sketch storyboards into 3d animation",
      "url": "https://scholar.google.com/citations?view_op=view_citation&hl=en&user=eCdqvJoAAAAJ&citation_for_view=eCdqvJoAAAAJ:4DMP91E08xMC",
      "authors": "L Zhong, C Guo, Y Xie, J Wang, C Li",
      "venue": "ACM Transactions on Graphics (TOG) 44 (4), 1-15, 2025",
      "year": 2025,
      "citations": 270
    },
    {
      "title": "A survey on human interaction motion generation",
      "url": "https://scholar.google.com/citations?view_op=view_citation&hl=en&user=eCdqvJoAAAAJ&citation_for_view=eCdqvJoAAAAJ:4TOpqqG69KYC",
      "authors": "K Sui, A Ghosh, I Hwang, B Zhou, J Wang, C Guo",
      "venue": "arXiv preprint arXiv:2503.12763, 2025",
      "year": 2025,
      "citations": 8
    },
    {
      "title": "Duetgen: Music driven two-person dance generation via hierarchical masked modeling",
      "url": "https://scholar.google.com/citations?view_op=view_citation&hl=en&user=eCdqvJoAAAAJ&citation_for_view=eCdqvJoAAAAJ:Wp0gIr-vW9MC",
      "authors": "A Ghosh, B Zhou, R Dabral, J Wang, V Golyanik, C Theobalt, P Slusallek, ...",
      "venue": "Proceedings of the Special Interest Group on Computer Graphics and …, 2025",
      "year": 2025,
      "citations": 3
    },
    {
      "title": "Dance Like a Chicken: Low-Rank Stylization for Human Motion Diffusion",
      "url": "https://scholar.google.com/citations?view_op=view_citation&hl=en&user=eCdqvJoAAAAJ&citation_for_view=eCdqvJoAAAAJ:qxL8FJ1GzNcC",
      "authors": "H Sawdayee, C Guo, G Tevet, B Zhou, J Wang, AH Bermano",
      "venue": "arXiv preprint arXiv:2503.19557, 2025",
      "year": 2025,
      "citations": 2
    },
    {
      "title": "Momask: Generative masked modeling of 3d human motions",
      "url": "https://scholar.google.com/citations?view_op=view_citation&hl=en&user=eCdqvJoAAAAJ&citation_for_view=eCdqvJoAAAAJ:zYLM7Y9cAGgC",
      "authors": "C Guo, Y Mu, MG Javed, S Wang, L Cheng",
      "venue": "Proceedings of the IEEE/CVF Conference on Computer Vision and Pattern …, 2024",
      "year": 2024,
      "citations": 290
    },
    {
      "title": "Generative Human Motion Stylization in Latent Space",
      "url": "https://scholar.google.com/citations?view_op=view_citation&hl=en&user=eCdqvJoAAAAJ&citation_for_view=eCdqvJoAAAAJ:W7OEmFMy1HYC",
      "authors": "C Guo, Y Mu, X Zuo, P Dai, Y Yan, J Lu, L Cheng",
      "venue": "The 12th International Conference on Learning Representations, 2024",
      "year": 2024,
      "citations": 30
    },
    {
      "title": "InterMask: 3D Human Interaction Generation via Collaborative Masked Modelling",
      "url": "https://scholar.google.com/citations?view_op=view_citation&hl=en&user=eCdqvJoAAAAJ&citation_for_view=eCdqvJoAAAAJ:3fE2CSJIrl8C",
      "authors": "MG Javed, C Guo, L Cheng, X Li",
      "venue": "The Thirteenth International Conference on Learning Representations, 2024",
      "year": 2024,
      "citations": 19
    },
    {
      "title": "GSD: View-Guided Gaussian Splatting Diffusion for 3D Reconstruction",
      "url": "https://scholar.google.com/citations?view_op=view_citation&hl=en&user=eCdqvJoAAAAJ&citation_for_view=eCdqvJoAAAAJ:YsMSGLbcyi4C",
      "authors": "Y Mu, X Zuo, C Guo, Y Wang, J Lu, X Wu, S Xu, P Dai, Y Yan, L Cheng",
      "venue": "The 18th European Conference on Computer Vision ECCV 2024, 2024",
      "year": 2024,
      "citations": 17
    },
    {
      "title": "Controlmm: Controllable masked motion generation",
      "url": "https://scholar.google.com/citations?view_op=view_citation&hl=en&user=eCdqvJoAAAAJ&citation_for_view=eCdqvJoAAAAJ:ULOm3_A8WrAC",
      "authors": "E Pinyoanuntapong, MU Saleem, K Karunratanakul, P Wang, H Xue, ...",
      "venue": "International Conference on Computer Vision, ICCV 2025, 2024",
      "year": 2024,
      "citations": 15
    },
    {
      "title": "Motionmix: Weakly-supervised diffusion for controllable motion generation",
      "url": "https://scholar.google.com/citations?view_op=view_citation&hl=en&user=eCdqvJoAAAAJ&citation_for_view=eCdqvJoAAAAJ:Y0pCki6q_DkC",
      "authors": "NM Hoang, K Gong, C Guo, MB Mi",
      "venue": "Proceedings of the AAAI Conference on Artificial Intelligence 38 (3), 2157-2165, 2024",
      "year": 2024,
      "citations": 11
    },
    {
      "title": "Tm2d: Bimodality driven 3d dance generation via music-text integration",
      "url": "https://scholar.google.com/citations?view_op=view_citation&hl=en&user=eCdqvJoAAAAJ&citation_for_view=eCdqvJoAAAAJ:LkGwnXOMwfcC",
      "authors": "K Gong, D Lian, H Chang, C Guo, Z Jiang, X Zuo, MB Mi, X Wang",
      "venue": "Proceedings of the IEEE/CVF International Conference on Computer Vision …, 2023",
      "year": 2023,
      "citations": 103
    },
    {
      "title": "Generating diverse and natural 3d human motions from text",
      "url": "https://scholar.google.com/citations?view_op=view_citation&hl=en&user=eCdqvJoAAAAJ&citation_for_view=eCdqvJoAAAAJ:hqOjcs7Dif8C",
      "authors": "C Guo, S Zou, X Zuo, S Wang, W Ji, X Li, L Cheng",
      "venue": "Proceedings of the IEEE/CVF conference on computer vision and pattern …, 2022",
      "year": 2022,
      "citations": 903
    },
    {
      "title": "Tm2t: Stochastic and tokenized modeling for the reciprocal generation of 3d human motions and texts",
      "url": "https://scholar.google.com/citations?view_op=view_citation&hl=en&user=eCdqvJoAAAAJ&citation_for_view=eCdqvJoAAAAJ:IjCSPb-OGe4C",
      "authors": "C Guo, X Zuo, S Wang, L Cheng",
      "venue": "European Conference on Computer Vision, 580-597, 2022",
      "year": 2022,
      "citations": 367
    },
    {
      "title": "Promoting saliency from depth: Deep unsupervised rgb-d saliency detection",
      "url": "https://scholar.google.com/citations?view_op=view_citation&hl=en&user=eCdqvJoAAAAJ&citation_for_view=eCdqvJoAAAAJ:UebtZRa9Y70C",
      "authors": "W Ji, J Li, Q Bi, C Guo, J Liu, L Cheng",
      "venue": "International Conference on Learning Representations, 2022",
      "year": 2022,
      "citations": 49
    },
    {
      "title": "Human pose and shape estimation from single polarization images",
      "url": "https://scholar.google.com/citations?view_op=view_citation&hl=en&user=eCdqvJoAAAAJ&citation_for_view=eCdqvJoAAAAJ:roLk4NBRz8UC",
      "authors": "S Zou, X Zuo, S Wang, Y Qian, C Guo, L Cheng",
      "venue": "IEEE Transactions on Multimedia 25, 3560-3572, 2022",
      "year": 2022,
      "citations": 35
    },
    {
      "title": "Action2video: Generating videos of human 3d actions",
      "url": "https://scholar.google.com/citations?view_op=view_citation&hl=en&user=eCdqvJoAAAAJ&citation_for_view=eCdqvJoAAAAJ:ufrVoPGSRksC",
      "authors": "C Guo, X Zuo, S Wang, X Liu, S Zou, M Gong, L Cheng",
      "venue": "International Journal of Computer Vision 130 (2), 285-315, 2022",
      "year": 2022,
      "citations": 33
    },
    {
      "title": "Eventhpe: Event-based 3d human pose and shape estimation",
      "url": "https://scholar.google.com/citations?view_op=view_citation&hl=en&user=eCdqvJoAAAAJ&citation_for_view=eCdqvJoAAAAJ:WF5omc3nYNoC",
      "authors": "S Zou, C Guo, X Zuo, S Wang, P Wang, X Hu, S Chen, M Gong, L Cheng",
      "venue": "Proceedings of the IEEE/CVF International Conference on Computer Vision …, 2021",
      "year": 2021,
      "citations": 72
    },
    {
      "title": "Action2motion: Conditioned generation of 3d human motions",
      "url": "https://scholar.google.com/citations?view_op=view_citation&hl=en&user=eCdqvJoAAAAJ&citation_for_view=eCdqvJoAAAAJ:Se3iqnhoufwC",
      "authors": "C Guo, X Zuo, S Wang, S Zou, Q Sun, A Deng, M Gong, L Cheng",
      "venue": "Proceedings of the 28th ACM international conference on multimedia, 2021-2029, 2020",
      "year": 2020,
      "citations": 598
    },
    {
      "title": "Polarization human shape and pose dataset",
      "url": "https://scholar.google.com/citations?view_op=view_citation&hl=en&user=eCdqvJoAAAAJ&citation_for_view=eCdqvJoAAAAJ:eQOLeE2rZwMC",
      "authors": "S Zou, X Zuo, Y Qian, S Wang, C Guo, C Xu, M Gong, L Cheng",
      "venue": "arXiv preprint arXiv:2004.14899, 2020",
      "year": 2020,
      "citations": 20
    },
    {
      "title": "Exploiting emotions for fake news detection on social media",
      "url": "https://scholar.google.com/citations?view_op=view_citation&hl=en&user=eCdqvJoAAAAJ&citation_for_view=eCdqvJoAAAAJ:0EnyYjriUFMC",
      "authors": "C Guo, J Cao, X Zhang, K Shu, M Yu",
      "venue": "arXiv preprint arXiv:1903.01728, 2019",
      "year": 2019,
      "citations": 164
    }
  ],
  "co_authors": [
    {
      "name": "Li Cheng",
      "scholar_id": "9IRFiEQAAAAJ",
      "url": "https://scholar.google.com/citations?user=9IRFiEQAAAAJ"
    },
    {
      "name": "Xinxin Zuo",
      "scholar_id": "lv0UjhIAAAAJ",
      "url": "https://scholar.google.com/citations?user=lv0UjhIAAAAJ"
    },
    {
      "name": "Sen Wang",
      "scholar_id": "QQTUl1cAAAAJ",
      "url": "https://scholar.google.com/citations?user=QQTUl1cAAAAJ"
    },
    {
      "name": "Shihao Zou",
      "scholar_id": "FFm6HDkAAAAJ",
      "url": "https://scholar.google.com/citations?user=FFm6HDkAAAAJ"
    },
    {
      "name": "Yuxuan Mu",
      "scholar_id": "Feoyh4AAAAAJ",
      "url": "https://scholar.google.com/citations?user=Feoyh4AAAAAJ"
    },
    {
      "name": "Bing Zhou",
      "scholar_id": "xc4mjhkAAAAJ",
      "url": "https://scholar.google.com/citations?user=xc4mjhkAAAAJ"
    },
    {
      "name": "Jian Wang",
      "scholar_id": "WNmw2VkAAAAJ",
      "url": "https://scholar.google.com/citations?user=WNmw2VkAAAAJ"
    },
    {
      "name": "Changjian Li",
      "scholar_id": "aCgyQsQAAAAJ",
      "url": "https://scholar.google.com/citations?user=aCgyQsQAAAAJ"
    },
    {
      "name": "Yiming Xie",
      "scholar_id": "86y0joUAAAAJ",
      "url": "https://scholar.google.com/citations?user=86y0joUAAAAJ"
    },
    {
      "name": "Kehong Gong",
      "scholar_id": "zHKIX_gAAAAJ",
      "url": "https://scholar.google.com/citations?user=zHKIX_gAAAAJ"
    },
    {
      "name": "Ekkasit Pinyoanuntapong",
      "scholar_id": "P_4uz3UAAAAJ",
      "url": "https://scholar.google.com/citations?user=P_4uz3UAAAAJ"
    },
    {
      "name": "Guy Tevet",
      "scholar_id": "P9ROgN8AAAAJ",
      "url": "https://scholar.google.com/citations?user=P9ROgN8AAAAJ"
    },
    {
      "name": "Amit Haim Bermano",
      "scholar_id": "EPO5_f4AAAAJ",
      "url": "https://scholar.google.com/citations?user=EPO5_f4AAAAJ"
    },
    {
      "name": "Young Min Kim",
      "scholar_id": "TjYQs-AAAAAJ",
      "url": "https://scholar.google.com/citations?user=TjYQs-AAAAAJ"
    },
    {
      "name": "Wei Ji",
      "scholar_id": "G4uCKHcAAAAJ",
      "url": "https://scholar.google.com/citations?user=G4uCKHcAAAAJ"
    }
  ]
}