{
  "author_info": {
    "name": "Eamon Duede",
    "affiliation": "Assistant Professor, Purdue University and Argonne National Laboratory",
    "email_verified": "Verified email at purdue.edu - Homepage",
    "website": "http://eamonduede.com/",
    "interests": [
      "Philosophy of Science",
      "Science of Science",
      "Machine Learning",
      "Artificial Intelligence",
      "AI Ethics"
    ],
    "photo_url": "https://scholar.googleusercontent.com/citations?view_op=view_photo&user=xjLKbBcAAAAJ&citpid=5"
  },
  "citation_stats": {
    "citations_all": 875,
    "citations_since_2020": 740,
    "h_index_all": 11,
    "h_index_since_2020": 10,
    "i10_index_all": 12,
    "i10_index_since_2020": 10,
    "citation_graph": [
      {
        "year": 2016,
        "citations": 8
      },
      {
        "year": 2017,
        "citations": 24
      },
      {
        "year": 2018,
        "citations": 37
      },
      {
        "year": 2019,
        "citations": 44
      },
      {
        "year": 2020,
        "citations": 65
      },
      {
        "year": 2021,
        "citations": 60
      },
      {
        "year": 2022,
        "citations": 87
      },
      {
        "year": 2023,
        "citations": 111
      },
      {
        "year": 2024,
        "citations": 192
      },
      {
        "year": 2025,
        "citations": 220
      }
    ]
  },
  "papers": [
    {
      "title": "Confabulation: The surprising value of large language model hallucinations",
      "url": "https://scholar.google.com/citations?view_op=view_citation&hl=en&user=xjLKbBcAAAAJ&citation_for_view=xjLKbBcAAAAJ:-f6ydRqryjwC",
      "authors": "P Sui, E Duede, S Wu, R So",
      "venue": "Proceedings of the 62nd Annual Meeting of the Association for Computational …, 2024",
      "year": 2024,
      "citations": 50
    },
    {
      "title": "Being together in place as a catalyst for scientific advance",
      "url": "https://scholar.google.com/citations?view_op=view_citation&hl=en&user=xjLKbBcAAAAJ&citation_for_view=xjLKbBcAAAAJ:UebtZRa9Y70C",
      "authors": "E Duede, M Teplitskiy, K Lakhani, J Evans",
      "venue": "Research Policy 53 (2), 104911, 2024",
      "year": 2024,
      "citations": 20
    },
    {
      "title": "Oil & water? Diffusion of AI within and across scientific fields",
      "url": "https://scholar.google.com/citations?view_op=view_citation&hl=en&user=xjLKbBcAAAAJ&citation_for_view=xjLKbBcAAAAJ:hC7cP41nSMkC",
      "authors": "E Duede, W Dolan, A Bauer, I Foster, K Lakhani",
      "venue": "arXiv preprint arXiv:2405.15828, 2024",
      "year": 2024,
      "citations": 18
    },
    {
      "title": "The Paradox of Collective Certainty in Science",
      "url": "https://scholar.google.com/citations?view_op=view_citation&hl=en&user=xjLKbBcAAAAJ&citation_for_view=xjLKbBcAAAAJ:hFOr9nPyWt4C",
      "authors": "E Duede, J Evans",
      "venue": "arXiv preprint arXiv:2406.05809, 2024",
      "year": 2024,
      "citations": 2
    },
    {
      "title": "The Humanistic Case for AI Optimism",
      "url": "https://scholar.google.com/citations?view_op=view_citation&hl=en&user=xjLKbBcAAAAJ&citation_for_view=xjLKbBcAAAAJ:mB3voiENLucC",
      "authors": "E Duede, RJ So",
      "venue": "Poetics Today 45 (2), 215-222, 2024",
      "year": 2024,
      "citations": 2
    },
    {
      "title": "Apriori Knowledge in an Era of Computational Opacity: The Role of AI in Mathematical Discovery",
      "url": "https://scholar.google.com/citations?view_op=view_citation&hl=en&user=xjLKbBcAAAAJ&citation_for_view=xjLKbBcAAAAJ:dhFuZR0502QC",
      "authors": "E Duede, K Davey",
      "venue": "arXiv preprint arXiv:2403.15437, 2024",
      "year": 2024,
      "citations": 1
    },
    {
      "title": "Deep learning opacity in scientific discovery",
      "url": "https://scholar.google.com/citations?view_op=view_citation&hl=en&user=xjLKbBcAAAAJ&citation_for_view=xjLKbBcAAAAJ:kNdYIx-mwKoC",
      "authors": "E Duede",
      "venue": "Philosophy of Science 90 (5), 1089-1099, 2023",
      "year": 2023,
      "citations": 57
    },
    {
      "title": "The diminishing returns of masked language models to science",
      "url": "https://scholar.google.com/citations?view_op=view_citation&hl=en&user=xjLKbBcAAAAJ&citation_for_view=xjLKbBcAAAAJ:mVmsd5A6BfQC",
      "authors": "Z Hong, A Ajith, J Pauloski, E Duede, K Chard, I Foster",
      "venue": "Findings of the Association for Computational Linguistics: ACL 2023, 1270-1283, 2023",
      "year": 2023,
      "citations": 54
    },
    {
      "title": "The Representational Status of Deep Learning Models",
      "url": "https://scholar.google.com/citations?view_op=view_citation&hl=en&user=xjLKbBcAAAAJ&citation_for_view=xjLKbBcAAAAJ:aqlVkmm33-oC",
      "authors": "E Duede",
      "venue": "arXiv preprint arXiv:2303.12032, 2023",
      "year": 2023,
      "citations": 3
    },
    {
      "title": "How status of research papers affects the way they are read and cited",
      "url": "https://scholar.google.com/citations?view_op=view_citation&hl=en&user=xjLKbBcAAAAJ&citation_for_view=xjLKbBcAAAAJ:8k81kl-MbHgC",
      "authors": "M Teplitskiy, E Duede, M Menietti, KR Lakhani",
      "venue": "Research policy 51 (4), 104484, 2022",
      "year": 2022,
      "citations": 154
    },
    {
      "title": "Instruments, agents, and artificial intelligence: novel epistemic categories of reliability",
      "url": "https://scholar.google.com/citations?view_op=view_citation&hl=en&user=xjLKbBcAAAAJ&citation_for_view=xjLKbBcAAAAJ:_kc_bZDykSQC",
      "authors": "E Duede",
      "venue": "Synthese 200 (6), 491, 2022",
      "year": 2022,
      "citations": 30
    },
    {
      "title": "The social abduction of science",
      "url": "https://scholar.google.com/citations?view_op=view_citation&hl=en&user=xjLKbBcAAAAJ&citation_for_view=xjLKbBcAAAAJ:5nxA0vEk-isC",
      "authors": "E Duede, J Evans",
      "venue": "arXiv preprint arXiv:2111.13251, 2021",
      "year": 2021,
      "citations": 6
    },
    {
      "title": "The wisdom of polarized crowds",
      "url": "https://scholar.google.com/citations?view_op=view_citation&hl=en&user=xjLKbBcAAAAJ&citation_for_view=xjLKbBcAAAAJ:W7OEmFMy1HYC",
      "authors": "F Shi, M Teplitskiy, E Duede, JA Evans",
      "venue": "Nature human behaviour 3 (4), 329-336, 2019",
      "year": 2019,
      "citations": 242
    },
    {
      "title": "Are politically diverse teams more effective",
      "url": "https://scholar.google.com/citations?view_op=view_citation&hl=en&user=xjLKbBcAAAAJ&citation_for_view=xjLKbBcAAAAJ:9ZlFYXVOiuMC",
      "authors": "F Shi, M Teplitskiy, E Duede, J Evans",
      "venue": "Harvard Business Review, 2-5, 2019",
      "year": 2019,
      "citations": 5
    },
    {
      "title": "Enabling interactive analytics of secure data using cloud kotta",
      "url": "https://scholar.google.com/citations?view_op=view_citation&hl=en&user=xjLKbBcAAAAJ&citation_for_view=xjLKbBcAAAAJ:IjCSPb-OGe4C",
      "authors": "YN Babuji, K Chard, E Duede",
      "venue": "Proceedings of the 8th Workshop on Scientific Cloud Computing, 9-15, 2017",
      "year": 2017,
      "citations": 5
    },
    {
      "title": "Amplifying the impact of Open Access: Wikipedia and the diffusion of science",
      "url": "https://scholar.google.com/citations?view_op=view_citation&hl=en&user=xjLKbBcAAAAJ&citation_for_view=xjLKbBcAAAAJ:u5HHmVD_uO8C",
      "authors": "M Teplitskiy, G Lu, E Duede",
      "venue": "Journal of the Association for Information Science and Technology, 2016",
      "year": 2016,
      "citations": 170
    },
    {
      "title": "Cloud Kotta: Enabling Secure and Scalable Data Analytics in the Cloud",
      "url": "https://scholar.google.com/citations?view_op=view_citation&hl=en&user=xjLKbBcAAAAJ&citation_for_view=xjLKbBcAAAAJ:2osOgNQ5qMEC",
      "authors": "YN Babuji, K Chard, A Gerow, E Duede",
      "venue": "IEEE BigData 2016, 2016",
      "year": 2016,
      "citations": 23
    },
    {
      "title": "Convergence of Economic Growth and the Great Recession as Seen From a Celestial Observatory",
      "url": "https://scholar.google.com/citations?view_op=view_citation&hl=en&user=xjLKbBcAAAAJ&citation_for_view=xjLKbBcAAAAJ:9yKSN-GCB0IC",
      "authors": "E Duede, V Zhorin",
      "venue": "EPJ Data Science, 2016",
      "year": 2016,
      "citations": 15
    },
    {
      "title": "A Secure Data Enclave and Analytics Platform for Social Scientists",
      "url": "https://scholar.google.com/citations?view_op=view_citation&hl=en&user=xjLKbBcAAAAJ&citation_for_view=xjLKbBcAAAAJ:qjMakFHDy7sC",
      "authors": "YN Babuji, K Chard, A Gerow, E Duede",
      "venue": "IEEE eScience 2016, 2016",
      "year": 2016,
      "citations": 11
    },
    {
      "title": "Proposing ties in a dense hypergraph of academics",
      "url": "https://scholar.google.com/citations?view_op=view_citation&hl=en&user=xjLKbBcAAAAJ&citation_for_view=xjLKbBcAAAAJ:d1gkVwhDpl0C",
      "authors": "A Gerow, B Lou, E Duede, J Evans",
      "venue": "International Conference on Social Informatics, 209-226, 2015",
      "year": 2015,
      "citations": 6
    }
  ],
  "co_authors": [
    {
      "name": "Misha Teplitskiy",
      "scholar_id": "DzSXZd9yYy8C",
      "url": "https://scholar.google.com/citations?user=DzSXZd9yYy8C"
    },
    {
      "name": "James Evans",
      "scholar_id": "kV4N4zoAAAAJ",
      "url": "https://scholar.google.com/citations?user=kV4N4zoAAAAJ"
    },
    {
      "name": "Karim R. Lakhani",
      "scholar_id": "4mNN000AAAAJ",
      "url": "https://scholar.google.com/citations?user=4mNN000AAAAJ"
    },
    {
      "name": "Kyle Chard",
      "scholar_id": "-EKotCgAAAAJ",
      "url": "https://scholar.google.com/citations?user=-EKotCgAAAAJ"
    },
    {
      "name": "Ian T. Foster",
      "scholar_id": "VGoSakQAAAAJ",
      "url": "https://scholar.google.com/citations?user=VGoSakQAAAAJ"
    }
  ]
}