{
  "author_info": {
    "name": "Wooseong Jeong",
    "affiliation": "Korea Advanced Institute of Science and Technology",
    "email_verified": "Verified email at kaist.ac.kr",
    "interests": [
      "Optimization",
      "Multi-Task Learning",
      "Computer Vision"
    ],
    "photo_url": "/citations/images/avatar_scholar_128.png"
  },
  "citation_stats": {
    "citations_all": 56,
    "citations_since_2020": 56,
    "h_index_all": 4,
    "h_index_since_2020": 4,
    "i10_index_all": 3,
    "i10_index_since_2020": 3,
    "citation_graph": [
      {
        "year": 2023,
        "citations": 7
      },
      {
        "year": 2024,
        "citations": 13
      },
      {
        "year": 2025,
        "citations": 35
      }
    ]
  },
  "papers": [
    {
      "title": "Selective Task Group Updates for Multi-Task Optimization",
      "url": "https://scholar.google.com/citations?view_op=view_citation&hl=en&user=o3eMeC8AAAAJ&citation_for_view=o3eMeC8AAAAJ:2osOgNQ5qMEC",
      "authors": "W Jeong, KJ Yoon",
      "venue": "International Conference on Learning Representations (ICLR), 2025",
      "year": 2025,
      "citations": 4
    },
    {
      "title": "Multi-View 3D Scene Abstraction From Drone-Captured RGB Images",
      "url": "https://scholar.google.com/citations?view_op=view_citation&hl=en&user=o3eMeC8AAAAJ&citation_for_view=o3eMeC8AAAAJ:d1gkVwhDpl0C",
      "authors": "W Jeong, J Kim, H Kweon, KJ Yoon",
      "venue": "IEEE Access, 2025",
      "year": 2025,
      "citations": 3
    },
    {
      "title": "Resolving Token-Space Gradient Conflicts: Token Space Manipulation for Transformer-Based Multi-Task Learning",
      "url": "https://scholar.google.com/citations?view_op=view_citation&hl=en&user=o3eMeC8AAAAJ&citation_for_view=o3eMeC8AAAAJ:YsMSGLbcyi4C",
      "authors": "W Jeong, KJ Yoon",
      "venue": "International Conference on Computer Vision, ICCV 2025, 2025",
      "year": 2025,
      "citations": 0
    },
    {
      "title": "Synchronizing Task Behavior: Aligning Multiple Tasks during Test-Time Training",
      "url": "https://scholar.google.com/citations?view_op=view_citation&hl=en&user=o3eMeC8AAAAJ&citation_for_view=o3eMeC8AAAAJ:Tyk-4Ss8FVUC",
      "authors": "W Jeong, J Cho, Y Yoon, KJ Yoon",
      "venue": "International Conference on Computer Vision, ICCV 2025, 2025",
      "year": 2025,
      "citations": 0
    },
    {
      "title": "Interaction-Merged Motion Planning: Effectively Leveraging Diverse Motion Datasets for Robust Planning",
      "url": "https://scholar.google.com/citations?view_op=view_citation&hl=en&user=o3eMeC8AAAAJ&citation_for_view=o3eMeC8AAAAJ:Y0pCki6q_DkC",
      "authors": "G Lee, W Jeong, D Park, J Jeong, KJ Yoon",
      "venue": "International Conference on Computer Vision, ICCV 2025, 2025",
      "year": 2025,
      "citations": 0
    },
    {
      "title": "DC-TTA: Divide-and-Conquer Framework for Test-Time Adaptation of Interactive Segmentation",
      "url": "https://scholar.google.com/citations?view_op=view_citation&hl=en&user=o3eMeC8AAAAJ&citation_for_view=o3eMeC8AAAAJ:W7OEmFMy1HYC",
      "authors": "J Kim, H Kwon, H Kweon, W Jeong, KJ Yoon",
      "venue": "International Conference on Computer Vision, ICCV 2025, 2025",
      "year": 2025,
      "citations": 0
    },
    {
      "title": "Quantifying task priority for multi-task optimization",
      "url": "https://scholar.google.com/citations?view_op=view_citation&hl=en&user=o3eMeC8AAAAJ&citation_for_view=o3eMeC8AAAAJ:u-x6o8ySG0sC",
      "authors": "W Jeong, KJ Yoon",
      "venue": "Proceedings of the IEEE/CVF Conference on Computer Vision and Pattern …, 2024",
      "year": 2024,
      "citations": 13
    },
    {
      "title": "Pixel-wise warping for deep image stitching",
      "url": "https://scholar.google.com/citations?view_op=view_citation&hl=en&user=o3eMeC8AAAAJ&citation_for_view=o3eMeC8AAAAJ:qjMakFHDy7sC",
      "authors": "H Kweon, H Kim, Y Kang, Y Yoon, W Jeong, KJ Yoon",
      "venue": "Proceedings of the AAAI conference on artificial intelligence 37 (1), 1196-1204, 2023",
      "year": 2023,
      "citations": 20
    },
    {
      "title": "Pixel-wise deep image stitching",
      "url": "https://scholar.google.com/citations?view_op=view_citation&hl=en&user=o3eMeC8AAAAJ&citation_for_view=o3eMeC8AAAAJ:9yKSN-GCB0IC",
      "authors": "H Kweon, H Kim, Y Kang, Y Yoon, W Jeong, KJ Yoon",
      "venue": "arXiv preprint arXiv:2112.06171, 2021",
      "year": 2021,
      "citations": 16
    },
    {
      "title": "Aligning Task-Rank Preferences: Subspace Coverage and Anisotropy in LoRA Merging",
      "url": "https://scholar.google.com/citations?view_op=view_citation&hl=en&user=o3eMeC8AAAAJ&citation_for_view=o3eMeC8AAAAJ:WF5omc3nYNoC",
      "authors": "W Jeong, W Lee, KJ Yoon",
      "venue": "",
      "citations": 0
    },
    {
      "title": "Dynamic Token Modulation and Expansion for Multi-Task Learning",
      "url": "https://scholar.google.com/citations?view_op=view_citation&hl=en&user=o3eMeC8AAAAJ&citation_for_view=o3eMeC8AAAAJ:zYLM7Y9cAGgC",
      "authors": "W Jeong, KJ Yoon",
      "venue": "",
      "citations": 0
    },
    {
      "title": "Connection Strength-Based Optimization for Multi-Task Learning",
      "url": "https://scholar.google.com/citations?view_op=view_citation&hl=en&user=o3eMeC8AAAAJ&citation_for_view=o3eMeC8AAAAJ:IjCSPb-OGe4C",
      "authors": "W Jeong, KJ Yoon",
      "venue": "",
      "citations": 0
    },
    {
      "title": "Learning Task Relations for Test-Time Training",
      "url": "https://scholar.google.com/citations?view_op=view_citation&hl=en&user=o3eMeC8AAAAJ&citation_for_view=o3eMeC8AAAAJ:UeHWp8X0CEIC",
      "authors": "W Jeong, J Cho, Y Yoon, KJ Yoon",
      "venue": "",
      "citations": 0
    }
  ],
  "co_authors": [
    {
      "name": "Kuk-Jin Yoon",
      "scholar_id": "1NvBj_gAAAAJ",
      "url": "https://scholar.google.com/citations?user=1NvBj_gAAAAJ"
    },
    {
      "name": "Hyeokjun Kweon",
      "scholar_id": "em3aymgAAAAJ",
      "url": "https://scholar.google.com/citations?user=em3aymgAAAAJ"
    },
    {
      "name": "Youngho Yoon",
      "scholar_id": "kwPE48EAAAAJ",
      "url": "https://scholar.google.com/citations?user=kwPE48EAAAAJ"
    },
    {
      "name": "Yoonsu Kang",
      "scholar_id": "toSjxOAAAAAJ",
      "url": "https://scholar.google.com/citations?user=toSjxOAAAAAJ"
    },
    {
      "name": "Hyeonseong Kim",
      "scholar_id": "EP5c3uwAAAAJ",
      "url": "https://scholar.google.com/citations?user=EP5c3uwAAAAJ"
    },
    {
      "name": "Jihun Kim",
      "scholar_id": "8UVicysAAAAJ",
      "url": "https://scholar.google.com/citations?user=8UVicysAAAAJ"
    },
    {
      "name": "Hoyong Kwon",
      "scholar_id": "76Bbek8AAAAJ",
      "url": "https://scholar.google.com/citations?user=76Bbek8AAAAJ"
    },
    {
      "name": "Jaewoo Jeong",
      "scholar_id": "1TqLFogAAAAJ",
      "url": "https://scholar.google.com/citations?user=1TqLFogAAAAJ"
    },
    {
      "name": "Giwon Lee",
      "scholar_id": "HjGmqNkAAAAJ",
      "url": "https://scholar.google.com/citations?user=HjGmqNkAAAAJ"
    },
    {
      "name": "\"Daehee Park\"",
      "scholar_id": "BvaJYO4AAAAJ",
      "url": "https://scholar.google.com/citations?user=BvaJYO4AAAAJ"
    }
  ]
}