{
  "author_info": {
    "name": "Shuo Zhang",
    "affiliation": "New York University, PhD candidate",
    "email_verified": "Verified email at nyu.edu",
    "interests": [
      "HCI",
      "VR/AR",
      "Transportation safety",
      "Sensors"
    ],
    "photo_url": "https://scholar.googleusercontent.com/citations?view_op=view_photo&user=0SdVj4MAAAAJ&citpid=1"
  },
  "citation_stats": {
    "citations_all": 282,
    "citations_since_2020": 282,
    "h_index_all": 2,
    "h_index_since_2020": 2,
    "i10_index_all": 1,
    "i10_index_since_2020": 1,
    "citation_graph": [
      {
        "year": 2022,
        "citations": 1
      },
      {
        "year": 2023,
        "citations": 36
      },
      {
        "year": 2024,
        "citations": 104
      },
      {
        "year": 2025,
        "citations": 139
      }
    ]
  },
  "papers": [
    {
      "title": "Improving work zone safety: Integrating VR-CARLA co-simulation and eye tracking for behavior analysis of drivers around work zones",
      "url": "https://scholar.google.com/citations?view_op=view_citation&hl=en&user=0SdVj4MAAAAJ&citation_for_view=0SdVj4MAAAAJ:d1gkVwhDpl0C",
      "authors": "S Zhang, F Zuo, S Ergan, K Ozbay",
      "venue": "Journal of Transportation Safety & Security, 1-24, 2025",
      "year": 2025,
      "citations": 2
    },
    {
      "title": "VR-WISE: VR based work zone immersive simulation with eye tracking and biometric sensors for capturing driver’s awareness",
      "url": "https://scholar.google.com/citations?view_op=view_citation&hl=en&user=0SdVj4MAAAAJ&citation_for_view=0SdVj4MAAAAJ:9yKSN-GCB0IC",
      "authors": "S Zhang, Z Wang, S Ergan, K Ozbay",
      "venue": "Proceedings of the 17th International Conference on Automotive User …, 2025",
      "year": 2025,
      "citations": 0
    },
    {
      "title": "Work Zone Safety: Benchmarking Studies between Virtual Reality-based Traffic Co-simulation Platform and Real Work-Zones",
      "url": "https://scholar.google.com/citations?view_op=view_citation&hl=en&user=0SdVj4MAAAAJ&citation_for_view=0SdVj4MAAAAJ:u-x6o8ySG0sC",
      "authors": "S Zhang, S Ergan, K Ozbay",
      "venue": "ICRA 3rd Workshop on Future of Construction: Lifelong Learning Robots in …, 2024",
      "year": 2024,
      "citations": 3
    },
    {
      "title": "V2v4real: A real-world large-scale dataset for vehicle-to-vehicle cooperative perception",
      "url": "https://scholar.google.com/citations?view_op=view_citation&hl=en&user=0SdVj4MAAAAJ&citation_for_view=0SdVj4MAAAAJ:u5HHmVD_uO8C",
      "authors": "R Xu, X Xia, J Li, H Li, S Zhang, Z Tu, Z Meng, H Xiang, X Dong, R Song, ...",
      "venue": "Proceedings of the IEEE/CVF Conference on Computer Vision and Pattern …, 2023",
      "year": 2023,
      "citations": 277
    }
  ],
  "co_authors": []
}