{
  "author_info": {
    "name": "Feiliang Ren",
    "affiliation": "Northeastern University",
    "email_verified": "Verified email at ise.neu.edu.cn",
    "interests": [
      "machine translation",
      "text mining"
    ],
    "photo_url": "/citations/images/avatar_scholar_128.png"
  },
  "citation_stats": {
    "citations_all": 558,
    "citations_since_2020": 420,
    "h_index_all": 10,
    "h_index_since_2020": 9,
    "i10_index_all": 13,
    "i10_index_since_2020": 8,
    "citation_graph": [
      {
        "year": 2005,
        "citations": 2
      },
      {
        "year": 2006,
        "citations": 3
      },
      {
        "year": 2007,
        "citations": 6
      },
      {
        "year": 2008,
        "citations": 3
      },
      {
        "year": 2009,
        "citations": 6
      },
      {
        "year": 2010,
        "citations": 17
      },
      {
        "year": 2011,
        "citations": 7
      },
      {
        "year": 2012,
        "citations": 12
      },
      {
        "year": 2013,
        "citations": 21
      },
      {
        "year": 2014,
        "citations": 15
      },
      {
        "year": 2015,
        "citations": 7
      },
      {
        "year": 2016,
        "citations": 10
      },
      {
        "year": 2017,
        "citations": 3
      },
      {
        "year": 2018,
        "citations": 4
      },
      {
        "year": 2019,
        "citations": 20
      },
      {
        "year": 2020,
        "citations": 17
      },
      {
        "year": 2021,
        "citations": 20
      },
      {
        "year": 2022,
        "citations": 50
      },
      {
        "year": 2023,
        "citations": 89
      },
      {
        "year": 2024,
        "citations": 136
      },
      {
        "year": 2025,
        "citations": 104
      }
    ]
  },
  "papers": [
    {
      "title": "TechGPT-2.0: A large language model project to solve the task of knowledge graph construction",
      "url": "https://scholar.google.com/citations?view_op=view_citation&hl=en&user=W7iUHB8AAAAJ&citation_for_view=W7iUHB8AAAAJ:HoB7MX3m0LUC",
      "authors": "J Wang, Y Chang, Z Li, N An, Q Ma, L Hei, H Luo, Y Lu, F Ren",
      "venue": "arXiv preprint arXiv:2401.04507, 2024",
      "year": 2024,
      "citations": 10
    },
    {
      "title": "A simple but effective bidirectional framework for relational triple extraction",
      "url": "https://scholar.google.com/citations?view_op=view_citation&hl=en&user=W7iUHB8AAAAJ&citation_for_view=W7iUHB8AAAAJ:ldfaerwXgEUC",
      "authors": "F Ren, L Zhang, X Zhao, S Yin, S Liu, B Li",
      "venue": "Proceedings of the fifteenth ACM international conference on web search and …, 2022",
      "year": 2022,
      "citations": 89
    },
    {
      "title": "A novel global feature-oriented relational triple extraction model based on table filling",
      "url": "https://scholar.google.com/citations?view_op=view_citation&hl=en&user=W7iUHB8AAAAJ&citation_for_view=W7iUHB8AAAAJ:2P1L_qKh6hAC",
      "authors": "F Ren, L Zhang, S Yin, X Zhao, S Liu, B Li, Y Liu",
      "venue": "arXiv preprint arXiv:2109.06705, 2021",
      "year": 2021,
      "citations": 108
    },
    {
      "title": "A three-stage learning framework for low-resource knowledge-grounded dialogue generation",
      "url": "https://scholar.google.com/citations?view_op=view_citation&hl=en&user=W7iUHB8AAAAJ&citation_for_view=W7iUHB8AAAAJ:70eg2SAEIzsC",
      "authors": "S Liu, X Zhao, B Li, F Ren, L Zhang, S Yin",
      "venue": "arXiv preprint arXiv:2109.04096, 2021",
      "year": 2021,
      "citations": 32
    },
    {
      "title": "A graph reasoning network for multi-turn response selection via customized pre-training",
      "url": "https://scholar.google.com/citations?view_op=view_citation&hl=en&user=W7iUHB8AAAAJ&citation_for_view=W7iUHB8AAAAJ:RYcK_YlVTxYC",
      "authors": "Y Liu, S Feng, D Wang, K Song, F Ren, Y Zhang",
      "venue": "Proceedings of the AAAI Conference on Artificial Intelligence 35 (15), 13433 …, 2021",
      "year": 2021,
      "citations": 26
    },
    {
      "title": "A conditional cascade model for relational triple extraction",
      "url": "https://scholar.google.com/citations?view_op=view_citation&hl=en&user=W7iUHB8AAAAJ&citation_for_view=W7iUHB8AAAAJ:vV6vV6tmYwMC",
      "authors": "F Ren, L Zhang, S Yin, X Zhao, S Liu, B Li",
      "venue": "Proceedings of the 30th ACM international conference on information …, 2021",
      "year": 2021,
      "citations": 10
    },
    {
      "title": "Knowledge graph embedding with atrous convolution and residual learning",
      "url": "https://scholar.google.com/citations?view_op=view_citation&hl=en&user=W7iUHB8AAAAJ&citation_for_view=W7iUHB8AAAAJ:RGFaLdJalmkC",
      "authors": "F Ren, J Li, H Zhang, S Liu, B Li, R Ming, Y Bai",
      "venue": "arXiv preprint arXiv:2010.12121, 2020",
      "year": 2020,
      "citations": 47
    },
    {
      "title": "Transp: a new knowledge graph embedding model by translating on positions",
      "url": "https://scholar.google.com/citations?view_op=view_citation&hl=en&user=W7iUHB8AAAAJ&citation_for_view=W7iUHB8AAAAJ:ns9cj8rnVeAC",
      "authors": "F Ren, J Li, H Zhang, X Yang",
      "venue": "2020 IEEE International Conference on Knowledge Graph (ICKG), 344-351, 2020",
      "year": 2020,
      "citations": 8
    },
    {
      "title": "Neural relation classification with text descriptions",
      "url": "https://scholar.google.com/citations?view_op=view_citation&hl=en&user=W7iUHB8AAAAJ&citation_for_view=W7iUHB8AAAAJ:JV2RwH3_ST0C",
      "authors": "F Ren, D Zhou, Z Liu, Y Li, R Zhao, Y Liu, X Liang",
      "venue": "Proceedings of the 27th international conference on computational …, 2018",
      "year": 2018,
      "citations": 26
    },
    {
      "title": "A Multiple Utterances based Neural Network Model for Joint Intent Detection and Slot Filling.",
      "url": "https://scholar.google.com/citations?view_op=view_citation&hl=en&user=W7iUHB8AAAAJ&citation_for_view=W7iUHB8AAAAJ:blknAaTinKkC",
      "authors": "L Pan, Y Zhang, F Ren, Y Hou, Y Li, X Liang, Y Liu",
      "venue": "CCKS Tasks, 25-33, 2018",
      "year": 2018,
      "citations": 9
    },
    {
      "title": "An Enhanced ESIM Model for Sentence Pair Matching with Self-Attention.",
      "url": "https://scholar.google.com/citations?view_op=view_citation&hl=en&user=W7iUHB8AAAAJ&citation_for_view=W7iUHB8AAAAJ:M3NEmzRMIkIC",
      "authors": "Y Liu, X Liang, F Ren, Y Li, Y Hou, Y Zhang, L Pan",
      "venue": "CCKS Tasks, 52-62, 2018",
      "year": 2018,
      "citations": 6
    },
    {
      "title": "Clinical named entity recognition via bi-directional LSTM-CRF model",
      "url": "https://scholar.google.com/citations?view_op=view_citation&hl=en&user=W7iUHB8AAAAJ&citation_for_view=W7iUHB8AAAAJ:GnPB-g6toBAC",
      "authors": "J Wu, X Hu, R Zhao, F Ren, M Hu",
      "venue": "CEUR Workshop Proc 1976, 31-6, 2017",
      "year": 2017,
      "citations": 10
    },
    {
      "title": "Learning time-sensitive domain ontology from scientific papers with a hybrid learning method",
      "url": "https://scholar.google.com/citations?view_op=view_citation&hl=en&user=W7iUHB8AAAAJ&citation_for_view=W7iUHB8AAAAJ:mVmsd5A6BfQC",
      "authors": "F Ren",
      "venue": "Journal of information science 40 (3), 329-345, 2014",
      "year": 2014,
      "citations": 6
    },
    {
      "title": "Easy-first chinese pos tagging and dependency parsing",
      "url": "https://scholar.google.com/citations?view_op=view_citation&hl=en&user=W7iUHB8AAAAJ&citation_for_view=W7iUHB8AAAAJ:YsMSGLbcyi4C",
      "authors": "J Ma, T Xiao, J Zhu, F Ren",
      "venue": "Proceedings of COLING 2012, 1731-1746, 2012",
      "year": 2012,
      "citations": 14
    },
    {
      "title": "A demo for constructing domain ontology from academic papers",
      "url": "https://scholar.google.com/citations?view_op=view_citation&hl=en&user=W7iUHB8AAAAJ&citation_for_view=W7iUHB8AAAAJ:iH-uZ7U-co4C",
      "authors": "F Ren",
      "venue": "Proceedings of COLING 2012: demonstration papers, 369-376, 2012",
      "year": 2012,
      "citations": 11
    },
    {
      "title": "A cheap domain ontology construction method based on graph generation and conversion method",
      "url": "https://scholar.google.com/citations?view_op=view_citation&hl=en&user=W7iUHB8AAAAJ&citation_for_view=W7iUHB8AAAAJ:j3f4tGmQtD8C",
      "authors": "F REN",
      "venue": "JOURNAL OF INFORMATION &COMPUTATIONAL SCIENCE 9 (18), 5823-5830, 2012",
      "year": 2012,
      "citations": 7
    },
    {
      "title": "Chinese-English organization name translation based on correlative expansion",
      "url": "https://scholar.google.com/citations?view_op=view_citation&hl=en&user=W7iUHB8AAAAJ&citation_for_view=W7iUHB8AAAAJ:u5HHmVD_uO8C",
      "authors": "F Ren, M Zhu, H Wang, J Zhu",
      "venue": "Proceedings of the 2009 Named Entities Workshop: Shared Task on …, 2009",
      "year": 2009,
      "citations": 8
    },
    {
      "title": "Fuzzy formal concept analysis and fuzzy concept lattices",
      "url": "https://scholar.google.com/citations?view_op=view_citation&hl=en&user=W7iUHB8AAAAJ&citation_for_view=W7iUHB8AAAAJ:9yKSN-GCB0IC",
      "authors": "MH Hu, L Zhang, FL Ren",
      "venue": "Journal of Northeastern University (Natural Science) 28 (9), 1274, 2007",
      "year": 2007,
      "citations": 15
    },
    {
      "title": "Ebmt based on finite automata state transfer generation",
      "url": "https://scholar.google.com/citations?view_op=view_citation&hl=en&user=W7iUHB8AAAAJ&citation_for_view=W7iUHB8AAAAJ:qjMakFHDy7sC",
      "authors": "R Feiliang, Z Li, H Minghan, Y Tianshun",
      "venue": "Proceedings of the 11th Conference on Theoretical and Methodological Issues …, 2007",
      "year": 2007,
      "citations": 8
    },
    {
      "title": "Sentence similarity model and the most similar sentence search algorithm",
      "url": "https://scholar.google.com/citations?view_op=view_citation&hl=en&user=W7iUHB8AAAAJ&citation_for_view=W7iUHB8AAAAJ:Wp0gIr-vW9MC",
      "authors": "XQ Lu, F Ren, Z Huang, T Yao",
      "venue": "JOURNAL-NORTHEASTERN UNIVERSITY NATURAL SCIENCE 24, 531-534, 2003",
      "year": 2003,
      "citations": 24
    }
  ],
  "co_authors": []
}