{
  "author_info": {
    "name": "Dhruv Kumar",
    "affiliation": "University of Waterloo",
    "email_verified": "Verified email at uwaterloo.ca - Homepage",
    "website": "https://ddhruvkr.github.io/",
    "interests": [],
    "photo_url": "https://scholar.googleusercontent.com/citations?view_op=view_photo&user=IiMW328AAAAJ&citpid=8"
  },
  "citation_stats": {
    "citations_all": 783,
    "citations_since_2020": 779,
    "h_index_all": 12,
    "h_index_since_2020": 12,
    "i10_index_all": 13,
    "i10_index_since_2020": 13,
    "citation_graph": [
      {
        "year": 2019,
        "citations": 2
      },
      {
        "year": 2020,
        "citations": 12
      },
      {
        "year": 2021,
        "citations": 64
      },
      {
        "year": 2022,
        "citations": 124
      },
      {
        "year": 2023,
        "citations": 179
      },
      {
        "year": 2024,
        "citations": 189
      },
      {
        "year": 2025,
        "citations": 208
      }
    ]
  },
  "papers": [
    {
      "title": "Personalized Text Generation with Fine-Grained Linguistic Control",
      "url": "https://scholar.google.com/citations?view_op=view_citation&hl=en&user=IiMW328AAAAJ&citation_for_view=IiMW328AAAAJ:qxL8FJ1GzNcC",
      "authors": "B Alhafni, V Kulkarni, D Kumar, V Raheja",
      "venue": "PERSONALIZE - EACL 2024, 2024",
      "year": 2024,
      "citations": 21
    },
    {
      "title": "mEdIT: Multilingual Text Editing via Instruction Tuning",
      "url": "https://scholar.google.com/citations?view_op=view_citation&hl=en&user=IiMW328AAAAJ&citation_for_view=IiMW328AAAAJ:aqlVkmm33-oC",
      "authors": "V Raheja, D Alikaniotis, V Kulkarni, B Alhafni, D Kumar",
      "venue": "NAACL 2024, 2024",
      "year": 2024,
      "citations": 10
    },
    {
      "title": "Voice instructed machine authoring of electronic documents",
      "url": "https://scholar.google.com/citations?view_op=view_citation&hl=en&user=IiMW328AAAAJ&citation_for_view=IiMW328AAAAJ:ULOm3_A8WrAC",
      "authors": "T Mertens, V Raheja, C Mills, I Skliarevskyi, I Blazhko, R Perry, N BERN, ...",
      "venue": "US Patent 11,941,345, 2024",
      "year": 2024,
      "citations": 0
    },
    {
      "title": "CoEdIT: Text Editing by Task-Specific Instruction Tuning",
      "url": "https://scholar.google.com/citations?view_op=view_citation&hl=en&user=IiMW328AAAAJ&citation_for_view=IiMW328AAAAJ:Zph67rFs4hoC",
      "authors": "V Raheja, D Kumar, R Koo, D Kang",
      "venue": "EMNLP Findings 2023, 2023",
      "year": 2023,
      "citations": 64
    },
    {
      "title": "ContraDoc: understanding self-contradictions in documents with large language models",
      "url": "https://scholar.google.com/citations?view_op=view_citation&hl=en&user=IiMW328AAAAJ&citation_for_view=IiMW328AAAAJ:_kc_bZDykSQC",
      "authors": "J Li, V Raheja, D Kumar",
      "venue": "NAACL 2024, 2023",
      "year": 2023,
      "citations": 23
    },
    {
      "title": "Speakerly: A Voice-based Writing Assistant for Text Composition",
      "url": "https://scholar.google.com/citations?view_op=view_citation&hl=en&user=IiMW328AAAAJ&citation_for_view=IiMW328AAAAJ:YOwf2qJgpHMC",
      "authors": "D Kumar, V Raheja, A Kaiser-Schatzlein, R Perry, A Joshi, ...",
      "venue": "EMNLP 2023 Industry Track, 2023",
      "year": 2023,
      "citations": 2
    },
    {
      "title": "Read, Revise, Repeat: A System Demonstration for Human-in-the-loop Iterative Text Revision",
      "url": "https://scholar.google.com/citations?view_op=view_citation&hl=en&user=IiMW328AAAAJ&citation_for_view=IiMW328AAAAJ:kNdYIx-mwKoC",
      "authors": "W Du, ZM Kim, V Raheja, D Kumar, D Kang",
      "venue": "First Workshop on Intelligent and Interactive Writing Assistants - ACL 2022, 2022",
      "year": 2022,
      "citations": 85
    },
    {
      "title": "Understanding Iterative Revision from Human-Written Text",
      "url": "https://scholar.google.com/citations?view_op=view_citation&hl=en&user=IiMW328AAAAJ&citation_for_view=IiMW328AAAAJ:8k81kl-MbHgC",
      "authors": "W Du, V Raheja, D Kumar, ZM Kim, M Lopez, D Kang",
      "venue": "ACL 2022, 2022",
      "year": 2022,
      "citations": 75
    },
    {
      "title": "GRS: Combining Generation and Revision in Unsupervised Sentence Simplification",
      "url": "https://scholar.google.com/citations?view_op=view_citation&hl=en&user=IiMW328AAAAJ&citation_for_view=IiMW328AAAAJ:3fE2CSJIrl8C",
      "authors": "M Dehghan, D Kumar, L Golab",
      "venue": "Findings of ACL, 2022, 2022",
      "year": 2022,
      "citations": 16
    },
    {
      "title": "Improving iterative text revision by learning where to edit from other revision tasks",
      "url": "https://scholar.google.com/citations?view_op=view_citation&hl=en&user=IiMW328AAAAJ&citation_for_view=IiMW328AAAAJ:M3ejUd6NZC8C",
      "authors": "ZM Kim, W Du, V Raheja, D Kumar, D Kang",
      "venue": "EMNLP 2022, 9986-9999, 2022",
      "year": 2022,
      "citations": 9
    },
    {
      "title": "The gem benchmark: Natural language generation, its evaluation and metrics",
      "url": "https://scholar.google.com/citations?view_op=view_citation&hl=en&user=IiMW328AAAAJ&citation_for_view=IiMW328AAAAJ:hqOjcs7Dif8C",
      "authors": "S Gehrmann, T Adewumi, K Aggarwal, PS Ammanamanchi, A Aremu, ...",
      "venue": "Proceedings of the 1st Workshop on Natural Language Generation, Evaluation …, 2021",
      "year": 2021,
      "citations": 202
    },
    {
      "title": "LyricJam: A system for generating lyrics for live instrumental music",
      "url": "https://scholar.google.com/citations?view_op=view_citation&hl=en&user=IiMW328AAAAJ&citation_for_view=IiMW328AAAAJ:5nxA0vEk-isC",
      "authors": "O Vechtomova, G Sahu, D Kumar",
      "venue": "International Conference on Computational Creativity (ICCC 2021), 2021",
      "year": 2021,
      "citations": 15
    },
    {
      "title": "Iterative edit-based unsupervised sentence simplification",
      "url": "https://scholar.google.com/citations?view_op=view_citation&hl=en&user=IiMW328AAAAJ&citation_for_view=IiMW328AAAAJ:WF5omc3nYNoC",
      "authors": "D Kumar, L Mou, L Golab, O Vechtomova",
      "venue": "ACL 2020, 7918--7928, 2020",
      "year": 2020,
      "citations": 86
    },
    {
      "title": "Optimizing Deeper Transformers on Small Datasets",
      "url": "https://scholar.google.com/citations?view_op=view_citation&hl=en&user=IiMW328AAAAJ&citation_for_view=IiMW328AAAAJ:0EnyYjriUFMC",
      "authors": "P Xu, D Kumar, W Yang, W Zi, K Tang, C Huang, JCK Cheung, ...",
      "venue": "ACL-IJCNLP 2021, 2020",
      "year": 2020,
      "citations": 81
    },
    {
      "title": "Generation of lyrics lines conditioned on music audio clips",
      "url": "https://scholar.google.com/citations?view_op=view_citation&hl=en&user=IiMW328AAAAJ&citation_for_view=IiMW328AAAAJ:Se3iqnhoufwC",
      "authors": "O Vechtomova, G Sahu, D Kumar",
      "venue": "Workshop on NLP for Music and Audio (NLP4MusA - ISMIR 2020), 2020",
      "year": 2020,
      "citations": 15
    },
    {
      "title": "Text mining of COVID-19 discussions on Reddit",
      "url": "https://scholar.google.com/citations?view_op=view_citation&hl=en&user=IiMW328AAAAJ&citation_for_view=IiMW328AAAAJ:MXK_kJrjxJIC",
      "authors": "SS Naseem, D Kumar, MS Parsa, L Golab",
      "venue": "2020 IEEE/WIC/ACM International Joint Conference on Web Intelligence and …, 2020",
      "year": 2020,
      "citations": 9
    },
    {
      "title": "Sensitivity to Risk Profiles of Users When Developing AI Systems",
      "url": "https://scholar.google.com/citations?view_op=view_citation&hl=en&user=IiMW328AAAAJ&citation_for_view=IiMW328AAAAJ:eQOLeE2rZwMC",
      "authors": "R Cohen, RR Agarwal, D Kumar, A Parmentier, TH Leung",
      "venue": "Advances in Artificial Intelligence: 33rd Canadian Conference on Artificial …, 2020",
      "year": 2020,
      "citations": 5
    },
    {
      "title": "Consentio: Managing consent to data access using permissioned blockchains",
      "url": "https://scholar.google.com/citations?view_op=view_citation&hl=en&user=IiMW328AAAAJ&citation_for_view=IiMW328AAAAJ:d1gkVwhDpl0C",
      "authors": "RR Agarwal*, D Kumar*, L Golab, S Keshav",
      "venue": "IEEE International Conference on Blockchain and Cryptocurrency (ICBC 2020), 2019",
      "year": 2019,
      "citations": 51
    },
    {
      "title": "Online abuse detection: the value of preprocessing and neural attention models",
      "url": "https://scholar.google.com/citations?view_op=view_citation&hl=en&user=IiMW328AAAAJ&citation_for_view=IiMW328AAAAJ:u-x6o8ySG0sC",
      "authors": "D Kumar, R Cohen, L Golab",
      "venue": "WASSA - NAACL 2019, 16-24, 2019",
      "year": 2019,
      "citations": 8
    },
    {
      "title": "Inclusion of semantic and time-variant information using matrix factorization approach for implicit rating of last. fm dataset",
      "url": "https://scholar.google.com/citations?view_op=view_citation&hl=en&user=IiMW328AAAAJ&citation_for_view=IiMW328AAAAJ:u5HHmVD_uO8C",
      "authors": "N Kushwaha, S Mehrotra, R Kalia, D Kumar, OP Vyas",
      "venue": "Arabian Journal for Science and Engineering 41 (12), 5077-5092, 2016",
      "year": 2016,
      "citations": 6
    }
  ],
  "co_authors": [
    {
      "name": "Vipul Raheja",
      "scholar_id": "-Ap77UMAAAAJ",
      "url": "https://scholar.google.com/citations?user=-Ap77UMAAAAJ"
    },
    {
      "name": "Dongyeop Kang",
      "scholar_id": "fMKZOjwAAAAJ",
      "url": "https://scholar.google.com/citations?user=fMKZOjwAAAAJ"
    },
    {
      "name": "Wanyu Du",
      "scholar_id": "pmjB_ZQAAAAJ",
      "url": "https://scholar.google.com/citations?user=pmjB_ZQAAAAJ"
    },
    {
      "name": "Zae Myung Kim",
      "scholar_id": "WIpsTa4AAAAJ",
      "url": "https://scholar.google.com/citations?user=WIpsTa4AAAAJ"
    },
    {
      "name": "Olga Vechtomova",
      "scholar_id": "Ln1-_JIAAAAJ",
      "url": "https://scholar.google.com/citations?user=Ln1-_JIAAAAJ"
    },
    {
      "name": "Rishav Agarwal",
      "scholar_id": "HJHYhkoAAAAJ",
      "url": "https://scholar.google.com/citations?user=HJHYhkoAAAAJ"
    },
    {
      "name": "Lili Mou",
      "scholar_id": "32UrMrQAAAAJ",
      "url": "https://scholar.google.com/citations?user=32UrMrQAAAAJ"
    },
    {
      "name": "Yanshuai Cao",
      "scholar_id": "RTVRTSsAAAAJ",
      "url": "https://scholar.google.com/citations?user=RTVRTSsAAAAJ"
    },
    {
      "name": "Jackie Chi Kit Cheung",
      "scholar_id": "Um-wmYQAAAAJ",
      "url": "https://scholar.google.com/citations?user=Um-wmYQAAAAJ"
    },
    {
      "name": "Peng (Billy) Xu",
      "scholar_id": "6uEnoCEAAAAJ",
      "url": "https://scholar.google.com/citations?user=6uEnoCEAAAAJ"
    },
    {
      "name": "Wei (Victor) Yang",
      "scholar_id": "NNrBJsMAAAAJ",
      "url": "https://scholar.google.com/citations?user=NNrBJsMAAAAJ"
    },
    {
      "name": "Bashar Alhafni",
      "scholar_id": "DFkVNJwAAAAJ",
      "url": "https://scholar.google.com/citations?user=DFkVNJwAAAAJ"
    },
    {
      "name": "Vivek Kulkarni",
      "scholar_id": "bCwtPMUAAAAJ",
      "url": "https://scholar.google.com/citations?user=bCwtPMUAAAAJ"
    },
    {
      "name": "Gaurav Sahu",
      "scholar_id": "nMAt7UMAAAAJ",
      "url": "https://scholar.google.com/citations?user=nMAt7UMAAAAJ"
    },
    {
      "name": "Srinivasan Keshav",
      "scholar_id": "-EMkK7QAAAAJ",
      "url": "https://scholar.google.com/citations?user=-EMkK7QAAAAJ"
    },
    {
      "name": "Jierui Li",
      "scholar_id": "bRGcMbIAAAAJ",
      "url": "https://scholar.google.com/citations?user=bRGcMbIAAAAJ"
    },
    {
      "name": "Dimitris Alikaniotis",
      "scholar_id": "8ZsPobcAAAAJ",
      "url": "https://scholar.google.com/citations?user=8ZsPobcAAAAJ"
    },
    {
      "name": "Prof.Dr.Om Prakash Vyas",
      "scholar_id": "9-NwhCAAAAAJ",
      "url": "https://scholar.google.com/citations?user=9-NwhCAAAAAJ"
    }
  ]
}