{
  "author_info": {
    "name": "Dong Li",
    "affiliation": "University of Science and Technology of China",
    "email_verified": "Verified email at mail.ustc.edu.cn",
    "interests": [],
    "photo_url": "/citations/images/avatar_scholar_128.png"
  },
  "citation_stats": {
    "citations_all": 839,
    "citations_since_2020": 839,
    "h_index_all": 17,
    "h_index_since_2020": 17,
    "i10_index_all": 22,
    "i10_index_since_2020": 22,
    "citation_graph": [
      {
        "year": 2020,
        "citations": 4
      },
      {
        "year": 2021,
        "citations": 23
      },
      {
        "year": 2022,
        "citations": 60
      },
      {
        "year": 2023,
        "citations": 123
      },
      {
        "year": 2024,
        "citations": 246
      },
      {
        "year": 2025,
        "citations": 369
      }
    ]
  },
  "papers": [
    {
      "title": "NTIRE 2025 ambient lighting normalization challenge report",
      "url": "https://scholar.google.com/citations?view_op=view_citation&hl=en&user=LdfwzzQAAAAJ&citation_for_view=LdfwzzQAAAAJ:hMod-77fHWUC",
      "authors": "FA Vasluianu, T Seizinger, Z Zhou, Z Wu, R Timofte, Y Bao, X Wang, X Lu, ...",
      "venue": "Proceedings of the Computer Vision and Pattern Recognition Conference, 1289-1300, 2025",
      "year": 2025,
      "citations": 26
    },
    {
      "title": "NTIRE 2024 image shadow removal challenge report",
      "url": "https://scholar.google.com/citations?view_op=view_citation&hl=en&user=LdfwzzQAAAAJ&citation_for_view=LdfwzzQAAAAJ:kNdYIx-mwKoC",
      "authors": "FA Vasluianu, T Seizinger, Z Zhou, Z Wu, C Chen, R Timofte, W Dong, ...",
      "venue": "Proceedings of the IEEE/CVF conference on computer vision and pattern …, 2024",
      "year": 2024,
      "citations": 91
    },
    {
      "title": "Homoformer: Homogenized transformer for image shadow removal",
      "url": "https://scholar.google.com/citations?view_op=view_citation&hl=en&user=LdfwzzQAAAAJ&citation_for_view=LdfwzzQAAAAJ:KlAtU1dfN6UC",
      "authors": "J Xiao, X Fu, Y Zhu, D Li, J Huang, K Zhu, ZJ Zha",
      "venue": "Proceedings of the IEEE/CVF conference on computer vision and pattern …, 2024",
      "year": 2024,
      "citations": 40
    },
    {
      "title": "Fouriermamba: Fourier learning integration with state space models for image deraining",
      "url": "https://scholar.google.com/citations?view_op=view_citation&hl=en&user=LdfwzzQAAAAJ&citation_for_view=LdfwzzQAAAAJ:4TOpqqG69KYC",
      "authors": "D Li, Y Liu, X Fu, S Xu, ZJ Zha",
      "venue": "arXiv preprint arXiv:2405.19450, 2024",
      "year": 2024,
      "citations": 33
    },
    {
      "title": "NTIRE 2024 dense and non-homogeneous dehazing challenge report",
      "url": "https://scholar.google.com/citations?view_op=view_citation&hl=en&user=LdfwzzQAAAAJ&citation_for_view=LdfwzzQAAAAJ:MXK_kJrjxJIC",
      "authors": "CO Ancuti, C Ancuti, FA Vasluianu, R Timofte, Y Liu, X Wang, Y Zhu, ...",
      "venue": "Proceedings of the IEEE/CVF Conference on Computer Vision and Pattern …, 2024",
      "year": 2024,
      "citations": 30
    },
    {
      "title": "Learning discriminative noise guidance for image forgery detection and localization",
      "url": "https://scholar.google.com/citations?view_op=view_citation&hl=en&user=LdfwzzQAAAAJ&citation_for_view=LdfwzzQAAAAJ:_kc_bZDykSQC",
      "authors": "J Zhu, D Li, X Fu, G Yang, J Huang, A Liu, ZJ Zha",
      "venue": "Proceedings of the AAAI Conference on Artificial Intelligence 38 (7), 7739-7747, 2024",
      "year": 2024,
      "citations": 25
    },
    {
      "title": "Catmullrom splines-based regression for image forgery localization",
      "url": "https://scholar.google.com/citations?view_op=view_citation&hl=en&user=LdfwzzQAAAAJ&citation_for_view=LdfwzzQAAAAJ:mVmsd5A6BfQC",
      "authors": "L Zhang, M Xu, D Li, J Du, R Wang",
      "venue": "Proceedings of the AAAI Conference on Artificial Intelligence 38 (7), 7196-7204, 2024",
      "year": 2024,
      "citations": 17
    },
    {
      "title": "A modified transformer and adapter-based transfer learning for fault detection and diagnosis in HVAC systems",
      "url": "https://scholar.google.com/citations?view_op=view_citation&hl=en&user=LdfwzzQAAAAJ&citation_for_view=LdfwzzQAAAAJ:hC7cP41nSMkC",
      "authors": "ZC Wang, D Li, ZW Cao, F Gao, MJ Li",
      "venue": "Energy Storage and Saving 3 (2), 96-105, 2024",
      "year": 2024,
      "citations": 14
    },
    {
      "title": "An intelligent fault detection and diagnosis model for refrigeration systems with a comprehensive feature selection method",
      "url": "https://scholar.google.com/citations?view_op=view_citation&hl=en&user=LdfwzzQAAAAJ&citation_for_view=LdfwzzQAAAAJ:9ZlFYXVOiuMC",
      "authors": "ZC Wang, SC Wang, D Li, ZW Cao, YL He",
      "venue": "International Journal of Refrigeration 160, 28-39, 2024",
      "year": 2024,
      "citations": 13
    },
    {
      "title": "Ultra-short-term wind power forecasting based on deep Bayesian model with uncertainty",
      "url": "https://scholar.google.com/citations?view_op=view_citation&hl=en&user=LdfwzzQAAAAJ&citation_for_view=LdfwzzQAAAAJ:aqlVkmm33-oC",
      "authors": "L Liu, J Liu, Y Ye, H Liu, K Chen, D Li, X Dong, M Sun",
      "venue": "Renewable Energy 205, 598-607, 2023",
      "year": 2023,
      "citations": 91
    },
    {
      "title": "Edge-aware regional message passing controller for image forgery localization",
      "url": "https://scholar.google.com/citations?view_op=view_citation&hl=en&user=LdfwzzQAAAAJ&citation_for_view=LdfwzzQAAAAJ:3fE2CSJIrl8C",
      "authors": "D Li, J Zhu, M Wang, J Liu, X Fu, ZJ Zha",
      "venue": "Proceedings of the IEEE/CVF Conference on Computer Vision and Pattern …, 2023",
      "year": 2023,
      "citations": 65
    },
    {
      "title": "Optimization and design criterion of the shell-and-tube thermal energy storage with cascaded PCMs under the constraint of outlet threshold temperature",
      "url": "https://scholar.google.com/citations?view_op=view_citation&hl=en&user=LdfwzzQAAAAJ&citation_for_view=LdfwzzQAAAAJ:RHpTSmoSYBkC",
      "authors": "MJ Li, MJ Li, XD Xue, D Li",
      "venue": "Renewable Energy 181, 1371-1385, 2022",
      "year": 2022,
      "citations": 42
    },
    {
      "title": "Assessing forest fire properties in Northeastern Asia and Southern China with satellite microwave emissivity difference vegetation index (EDVI)",
      "url": "https://scholar.google.com/citations?view_op=view_citation&hl=en&user=LdfwzzQAAAAJ&citation_for_view=LdfwzzQAAAAJ:qxL8FJ1GzNcC",
      "authors": "R Li, Y Fu, Y Bergeron, O Valeria, RD Chavardès, J Hu, Y Wang, J Duan, ...",
      "venue": "ISPRS Journal of Photogrammetry and Remote Sensing 183, 54-65, 2022",
      "year": 2022,
      "citations": 24
    },
    {
      "title": "Coupled optical-thermal-stress characteristics of a multi-tube external molten salt receiver for the next generation concentrating solar power",
      "url": "https://scholar.google.com/citations?view_op=view_citation&hl=en&user=LdfwzzQAAAAJ&citation_for_view=LdfwzzQAAAAJ:qUcmZB5y_30C",
      "authors": "WQ Wang, MJ Li, ZD Cheng, D Li, ZB Liu",
      "venue": "Energy 233, 121110, 2021",
      "year": 2021,
      "citations": 39
    },
    {
      "title": "Numerical investigation of transient phase-change transpiration cooling based on variable properties of coolant",
      "url": "https://scholar.google.com/citations?view_op=view_citation&hl=en&user=LdfwzzQAAAAJ&citation_for_view=LdfwzzQAAAAJ:ZeXyd9-uunAC",
      "authors": "Y Chen, S Du, D Li, Y Gao, YL He",
      "venue": "Applied Thermal Engineering 184, 116204, 2021",
      "year": 2021,
      "citations": 36
    },
    {
      "title": "Analysis and optimization about electromagnetics-temperature-component distribution in calcium carbide electric furnace",
      "url": "https://scholar.google.com/citations?view_op=view_citation&hl=en&user=LdfwzzQAAAAJ&citation_for_view=LdfwzzQAAAAJ:e5wmG9Sq2KIC",
      "authors": "XK Zhang, ZX Tong, D Li, X Hu, YL He",
      "venue": "Applied Thermal Engineering 185, 115980, 2021",
      "year": 2021,
      "citations": 25
    },
    {
      "title": "Experiment and optimization study on the radial graded porous volumetric solar receiver matching non-uniform solar flux distribution",
      "url": "https://scholar.google.com/citations?view_op=view_citation&hl=en&user=LdfwzzQAAAAJ&citation_for_view=LdfwzzQAAAAJ:dhFuZR0502QC",
      "authors": "S Du, T Xia, YL He, ZY Li, D Li, XQ Xie",
      "venue": "Applied energy 275, 115343, 2020",
      "year": 2020,
      "citations": 69
    },
    {
      "title": "Theoretical modeling and experimental validation for the effective thermal conductivity of moist silica aerogel",
      "url": "https://scholar.google.com/citations?view_op=view_citation&hl=en&user=LdfwzzQAAAAJ&citation_for_view=LdfwzzQAAAAJ:L8Ckcad2t8MC",
      "authors": "Y Chen, D Li, XQ Xie, Y Gao, YL He",
      "venue": "International Journal of Heat and Mass Transfer 147, 118842, 2020",
      "year": 2020,
      "citations": 49
    },
    {
      "title": "Experimental and numerical analysis of the hydraulic and thermal performances of the gradually-varied porous volumetric solar receiver",
      "url": "https://scholar.google.com/citations?view_op=view_citation&hl=en&user=LdfwzzQAAAAJ&citation_for_view=LdfwzzQAAAAJ:hFOr9nPyWt4C",
      "authors": "S Du, ZY Li, YL He, D Li, XQ Xie, Y Gao",
      "venue": "Science China Technological Sciences 63 (7), 1224-1234, 2020",
      "year": 2020,
      "citations": 29
    },
    {
      "title": "Two-dimensional numerical model for predicting fouling shape growth based on immersed boundary method and lattice Boltzmann method",
      "url": "https://scholar.google.com/citations?view_op=view_citation&hl=en&user=LdfwzzQAAAAJ&citation_for_view=LdfwzzQAAAAJ:TQgYirikUcIC",
      "authors": "ZX Tong, MJ Li, D Li, Z Gu, WQ Tao",
      "venue": "Applied Thermal Engineering 179, 115755, 2020",
      "year": 2020,
      "citations": 18
    }
  ],
  "co_authors": [
    {
      "name": "Xueyang Fu (傅雪阳)",
      "scholar_id": "tFNDn5EAAAAJ",
      "url": "https://scholar.google.com/citations?user=tFNDn5EAAAAJ"
    },
    {
      "name": "查正军，Zheng-Jun Zha",
      "scholar_id": "gDnBC1gAAAAJ",
      "url": "https://scholar.google.com/citations?user=gDnBC1gAAAAJ"
    },
    {
      "name": "Jie Xiao",
      "scholar_id": "8UUpq5oAAAAJ",
      "url": "https://scholar.google.com/citations?user=8UUpq5oAAAAJ"
    },
    {
      "name": "Yurui Zhu",
      "scholar_id": "KYCxGy4AAAAJ",
      "url": "https://scholar.google.com/citations?user=KYCxGy4AAAAJ"
    },
    {
      "name": "Aiping Liu",
      "scholar_id": "vEDf62sAAAAJ",
      "url": "https://scholar.google.com/citations?user=vEDf62sAAAAJ"
    },
    {
      "name": "Rui Li",
      "scholar_id": "9CagXHgAAAAJ",
      "url": "https://scholar.google.com/citations?user=9CagXHgAAAAJ"
    },
    {
      "name": "Yves bergeron",
      "scholar_id": "LsRv4GMAAAAJ",
      "url": "https://scholar.google.com/citations?user=LsRv4GMAAAAJ"
    }
  ]
}