{
  "author_info": {
    "name": "Minghui Li",
    "affiliation": "Huazhong University of Science and Technology",
    "email_verified": "Verified email at hust.edu.cn",
    "interests": [
      "AI Security"
    ],
    "photo_url": "https://scholar.googleusercontent.com/citations?view_op=view_photo&user=j_y67gEAAAAJ&citpid=3"
  },
  "citation_stats": {
    "citations_all": 1441,
    "citations_since_2020": 1396,
    "h_index_all": 21,
    "h_index_since_2020": 21,
    "i10_index_all": 32,
    "i10_index_since_2020": 32,
    "citation_graph": [
      {
        "year": 2019,
        "citations": 35
      },
      {
        "year": 2020,
        "citations": 58
      },
      {
        "year": 2021,
        "citations": 90
      },
      {
        "year": 2022,
        "citations": 133
      },
      {
        "year": 2023,
        "citations": 220
      },
      {
        "year": 2024,
        "citations": 358
      },
      {
        "year": 2025,
        "citations": 529
      }
    ]
  },
  "papers": [
    {
      "title": "Why does little robustness help? a further step towards understanding adversarial transferability",
      "url": "https://scholar.google.com/citations?view_op=view_citation&hl=en&user=j_y67gEAAAAJ&citation_for_view=j_y67gEAAAAJ:YOwf2qJgpHMC",
      "authors": "Y Zhang, S Hu, LY Zhang, J Shi, M Li, X Liu, W Wan, H Jin",
      "venue": "2024 IEEE Symposium on Security and Privacy (SP), 3365-3384, 2024",
      "year": 2024,
      "citations": 45
    },
    {
      "title": "BadRobot: Jailbreaking embodied LLMs in the physical world",
      "url": "https://scholar.google.com/citations?view_op=view_citation&hl=en&user=j_y67gEAAAAJ&citation_for_view=j_y67gEAAAAJ:IWHjjKOFINEC",
      "authors": "H Zhang, C Zhu, X Wang, Z Zhou, C Yin, M Li, L Xue, Y Wang, S Hu, A Liu, ...",
      "venue": "arXiv preprint arXiv:2407.20242, 2024",
      "year": 2024,
      "citations": 41
    },
    {
      "title": "Darksam: Fooling segment anything model to segment nothing",
      "url": "https://scholar.google.com/citations?view_op=view_citation&hl=en&user=j_y67gEAAAAJ&citation_for_view=j_y67gEAAAAJ:7PzlFSSx8tAC",
      "authors": "Z Zhou, Y Song, M Li, S Hu, X Wang, LY Zhang, D Yao, H Jin",
      "venue": "Advances in Neural Information Processing Systems 37, 49859-49880, 2024",
      "year": 2024,
      "citations": 29
    },
    {
      "title": "Securely fine-tuning pre-trained encoders against adversarial examples",
      "url": "https://scholar.google.com/citations?view_op=view_citation&hl=en&user=j_y67gEAAAAJ&citation_for_view=j_y67gEAAAAJ:Wp0gIr-vW9MC",
      "authors": "Z Zhou, M Li, W Liu, S Hu, Y Zhang, W Wan, L Xue, LY Zhang, D Yao, ...",
      "venue": "2024 IEEE Symposium on Security and Privacy (SP), 3015-3033, 2024",
      "year": 2024,
      "citations": 22
    },
    {
      "title": "Advclip: Downstream-agnostic adversarial examples in multimodal contrastive learning",
      "url": "https://scholar.google.com/citations?view_op=view_citation&hl=en&user=j_y67gEAAAAJ&citation_for_view=j_y67gEAAAAJ:MXK_kJrjxJIC",
      "authors": "Z Zhou, S Hu, M Li, H Zhang, Y Zhang, H Jin",
      "venue": "Proceedings of the 31st ACM International Conference on Multimedia, 6311-6320, 2023",
      "year": 2023,
      "citations": 97
    },
    {
      "title": "Detecting backdoors during the inference stage based on corruption robustness consistency",
      "url": "https://scholar.google.com/citations?view_op=view_citation&hl=en&user=j_y67gEAAAAJ&citation_for_view=j_y67gEAAAAJ:0EnyYjriUFMC",
      "authors": "X Liu, M Li, H Wang, S Hu, D Ye, H Jin, L Wu, C Xiao",
      "venue": "Proceedings of the IEEE/CVF Conference on Computer Vision and Pattern …, 2023",
      "year": 2023,
      "citations": 63
    },
    {
      "title": "A four-pronged defense against byzantine attacks in federated learning",
      "url": "https://scholar.google.com/citations?view_op=view_citation&hl=en&user=j_y67gEAAAAJ&citation_for_view=j_y67gEAAAAJ:Zph67rFs4hoC",
      "authors": "W Wan, S Hu, M Li, J Lu, L Zhang, LY Zhang, H Jin",
      "venue": "Proceedings of the 31st ACM international conference on multimedia, 7394-7402, 2023",
      "year": 2023,
      "citations": 35
    },
    {
      "title": "Protecting facial privacy: Generating adversarial identity masks via style-robust makeup transfer",
      "url": "https://scholar.google.com/citations?view_op=view_citation&hl=en&user=j_y67gEAAAAJ&citation_for_view=j_y67gEAAAAJ:roLk4NBRz8UC",
      "authors": "S Hu, X Liu, Y Zhang, M Li, LY Zhang, H Jin, L Wu",
      "venue": "Proceedings of the IEEE/CVF conference on computer vision and pattern …, 2022",
      "year": 2022,
      "citations": 174
    },
    {
      "title": "Advhash: Set-to-set targeted attack on deep hashing with one single adversarial patch",
      "url": "https://scholar.google.com/citations?view_op=view_citation&hl=en&user=j_y67gEAAAAJ&citation_for_view=j_y67gEAAAAJ:LkGwnXOMwfcC",
      "authors": "S Hu, Y Zhang, X Liu, LY Zhang, M Li, H Jin",
      "venue": "Proceedings of the 29th ACM international conference on multimedia, 2335-2343, 2021",
      "year": 2021,
      "citations": 45
    },
    {
      "title": "A secure and authenticated mobile payment protocol against off-site attack strategy",
      "url": "https://scholar.google.com/citations?view_op=view_citation&hl=en&user=j_y67gEAAAAJ&citation_for_view=j_y67gEAAAAJ:O3NaXMp0MMsC",
      "authors": "L Fang, M Li, Z Liu, C Lin, S Ji, A Zhou, W Susilo, C Ge",
      "venue": "IEEE Transactions on Dependable and Secure Computing 19 (5), 3564-3578, 2021",
      "year": 2021,
      "citations": 43
    },
    {
      "title": "A practical model based on anomaly detection for protecting medical IoT control services against external attacks",
      "url": "https://scholar.google.com/citations?view_op=view_citation&hl=en&user=j_y67gEAAAAJ&citation_for_view=j_y67gEAAAAJ:NaGl4SEjCO4C",
      "authors": "L Fang, Y Li, Z Liu, C Yin, M Li, ZJ Cao",
      "venue": "IEEE Transactions on Industrial Informatics 17 (6), 4260-4269, 2020",
      "year": 2020,
      "citations": 69
    },
    {
      "title": "Optimizing privacy-preserving outsourced convolutional neural network predictions",
      "url": "https://scholar.google.com/citations?view_op=view_citation&hl=en&user=j_y67gEAAAAJ&citation_for_view=j_y67gEAAAAJ:UebtZRa9Y70C",
      "authors": "M Li, SSM Chow, S Hu, Y Yan, S Chao, Q Wang",
      "venue": "IEEE Transactions on Dependable and Secure Computing, 2020",
      "year": 2020,
      "citations": 68
    },
    {
      "title": "Survive and thrive: A stochastic game for DDoS attacks in bitcoin mining pools",
      "url": "https://scholar.google.com/citations?view_op=view_citation&hl=en&user=j_y67gEAAAAJ&citation_for_view=j_y67gEAAAAJ:W7OEmFMy1HYC",
      "authors": "S Wu, Y Chen, M Li, X Luo, Z Liu, L Liu",
      "venue": "IEEE/ACM Transactions On Networking 28 (2), 874-887, 2020",
      "year": 2020,
      "citations": 61
    },
    {
      "title": "A secure and fine-grained scheme for data security in industrial IoT platforms for smart city",
      "url": "https://scholar.google.com/citations?view_op=view_citation&hl=en&user=j_y67gEAAAAJ&citation_for_view=j_y67gEAAAAJ:J_g5lzvAfSwC",
      "authors": "L Fang, H Zhang, M Li, C Ge, L Liu, Z Liu",
      "venue": "IEEE Internet of Things Journal 7 (9), 7982-7990, 2020",
      "year": 2020,
      "citations": 33
    },
    {
      "title": "SAFE: A general secure and fair auction framework for wireless markets with privacy preservation",
      "url": "https://scholar.google.com/citations?view_op=view_citation&hl=en&user=j_y67gEAAAAJ&citation_for_view=j_y67gEAAAAJ:eQOLeE2rZwMC",
      "authors": "Y Chen, X Tian, Q Wang, J Jiang, M Li, Q Zhang",
      "venue": "IEEE Transactions on Dependable and Secure Computing 19 (3), 2038-2053, 2020",
      "year": 2020,
      "citations": 23
    },
    {
      "title": "Adversarial examples for automatic speech recognition: Attacks and countermeasures",
      "url": "https://scholar.google.com/citations?view_op=view_citation&hl=en&user=j_y67gEAAAAJ&citation_for_view=j_y67gEAAAAJ:IjCSPb-OGe4C",
      "authors": "S Hu, X Shang, Z Qin, M Li, Q Wang, C Wang",
      "venue": "IEEE Communications Magazine 57 (10), 120-126, 2019",
      "year": 2019,
      "citations": 55
    },
    {
      "title": "CReam: A smart contract enabled collusion-resistant e-auction",
      "url": "https://scholar.google.com/citations?view_op=view_citation&hl=en&user=j_y67gEAAAAJ&citation_for_view=j_y67gEAAAAJ:qjMakFHDy7sC",
      "authors": "S Wu, Y Chen, Q Wang, M Li, C Wang, X Luo",
      "venue": "IEEE Transactions on Information Forensics and Security 14 (7), 1687-1701, 2018",
      "year": 2018,
      "citations": 127
    },
    {
      "title": "Outsourced biometric identification with privacy",
      "url": "https://scholar.google.com/citations?view_op=view_citation&hl=en&user=j_y67gEAAAAJ&citation_for_view=j_y67gEAAAAJ:9yKSN-GCB0IC",
      "authors": "S Hu, M Li, Q Wang, SSM Chow, M Du",
      "venue": "IEEE Transactions on information forensics and security 13 (10), 2448-2463, 2018",
      "year": 2018,
      "citations": 56
    },
    {
      "title": "InstantCryptoGram: Secure image retrieval service",
      "url": "https://scholar.google.com/citations?view_op=view_citation&hl=en&user=j_y67gEAAAAJ&citation_for_view=j_y67gEAAAAJ:u5HHmVD_uO8C",
      "authors": "M Li, M Zhang, Q Wang, SSM Chow, M Du, Y Chen, C Lit",
      "venue": "IEEE INFOCOM 2018-IEEE Conference on Computer Communications, 2222-2230, 2018",
      "year": 2018,
      "citations": 36
    },
    {
      "title": "ARMOR: A Secure Combinatorial Auction for Heterogeneous Spectrum",
      "url": "https://scholar.google.com/citations?view_op=view_citation&hl=en&user=j_y67gEAAAAJ&citation_for_view=j_y67gEAAAAJ:2osOgNQ5qMEC",
      "authors": "Y Chen, X Tian, Q Wang, M Li, M Du, Q Li",
      "venue": "IEEE Transactions on Mobile Computing 18 (10), 2270-2284, 2018",
      "year": 2018,
      "citations": 29
    }
  ],
  "co_authors": []
}