{
  "author_info": {
    "name": "Chen Jason Zhang",
    "affiliation": "Hong Kong Polytechnic University",
    "email_verified": "Verified email at polyu.edu.hk",
    "interests": [
      "AI/NLP for DB",
      "AI for Science",
      "AI for Hospitality Management"
    ],
    "photo_url": "https://scholar.googleusercontent.com/citations?view_op=view_photo&user=U6-ouN0AAAAJ&citpid=1"
  },
  "citation_stats": {
    "citations_all": 1667,
    "citations_since_2020": 1228,
    "h_index_all": 21,
    "h_index_since_2020": 19,
    "i10_index_all": 36,
    "i10_index_since_2020": 32,
    "citation_graph": [
      {
        "year": 2014,
        "citations": 24
      },
      {
        "year": 2015,
        "citations": 43
      },
      {
        "year": 2016,
        "citations": 80
      },
      {
        "year": 2017,
        "citations": 100
      },
      {
        "year": 2018,
        "citations": 91
      },
      {
        "year": 2019,
        "citations": 88
      },
      {
        "year": 2020,
        "citations": 83
      },
      {
        "year": 2021,
        "citations": 63
      },
      {
        "year": 2022,
        "citations": 60
      },
      {
        "year": 2023,
        "citations": 73
      },
      {
        "year": 2024,
        "citations": 224
      },
      {
        "year": 2025,
        "citations": 700
      }
    ]
  },
  "papers": [
    {
      "title": "Non-fullerene acceptors with high crystallinity and photoluminescence quantum yield enable> 20% efficiency organic solar cells",
      "url": "https://scholar.google.com/citations?view_op=view_citation&hl=en&user=U6-ouN0AAAAJ&citation_for_view=U6-ouN0AAAAJ:ldfaerwXgEUC",
      "authors": "C Li, J Song, H Lai, H Zhang, R Zhou, J Xu, H Huang, L Liu, J Gao, Y Li, ...",
      "venue": "Nature Materials 24 (3), 433-443, 2025",
      "year": 2025,
      "citations": 168
    },
    {
      "title": "prompt4vis: prompting large language models with example mining for tabular data visualization",
      "url": "https://scholar.google.com/citations?view_op=view_citation&hl=en&user=U6-ouN0AAAAJ&citation_for_view=U6-ouN0AAAAJ:_xSYboBqXhAC",
      "authors": "S Li, X Chen, Y Song, Y Song, CJ Zhang, F Hao, L Chen",
      "venue": "The VLDB Journal 34 (4), 1-26, 2025",
      "year": 2025,
      "citations": 34
    },
    {
      "title": "Megapairs: Massive data synthesis for universal multimodal retrieval",
      "url": "https://scholar.google.com/citations?view_op=view_citation&hl=en&user=U6-ouN0AAAAJ&citation_for_view=U6-ouN0AAAAJ:OU6Ihb5iCvQC",
      "authors": "J Zhou, Y Xiong, Z Liu, Z Liu, S Xiao, Y Wang, B Zhao, CJ Zhang, D Lian",
      "venue": "Proceedings of the 63rd Annual Meeting of the Association for Computational …, 2025",
      "year": 2025,
      "citations": 31
    },
    {
      "title": "DGEKT: A dual graph ensemble learning method for knowledge tracing",
      "url": "https://scholar.google.com/citations?view_op=view_citation&hl=en&user=U6-ouN0AAAAJ&citation_for_view=U6-ouN0AAAAJ:mVmsd5A6BfQC",
      "authors": "C Cui, Y Yao, C Zhang, H Ma, Y Ma, Z Ren, C Zhang, J Ko",
      "venue": "ACM Transactions on Information Systems 42 (3), 1-24, 2024",
      "year": 2024,
      "citations": 72
    },
    {
      "title": "A polymer acceptor with double-decker configuration enhances molecular packing for high-performance all-polymer solar cells",
      "url": "https://scholar.google.com/citations?view_op=view_citation&hl=en&user=U6-ouN0AAAAJ&citation_for_view=U6-ouN0AAAAJ:r0BpntZqJG4C",
      "authors": "H Yu, Y Wang, CH Kwok, R Zhou, Z Yao, S Mukherjee, A Sergeev, H Hu, ...",
      "venue": "Joule 8 (8), 2304-2324, 2024",
      "year": 2024,
      "citations": 43
    },
    {
      "title": "Blockchain= better food? The adoption of blockchain technology in food supply chain",
      "url": "https://scholar.google.com/citations?view_op=view_citation&hl=en&user=U6-ouN0AAAAJ&citation_for_view=U6-ouN0AAAAJ:4DMP91E08xMC",
      "authors": "F Hao, Y Guo, C Zhang, KKSKS Chon",
      "venue": "International Journal of Contemporary Hospitality Management 36 (10), 3340-3360, 2024",
      "year": 2024,
      "citations": 32
    },
    {
      "title": "Using an external electric field to tune active layer morphology enabling high-efficiency organic solar cells via ambient blade coating",
      "url": "https://scholar.google.com/citations?view_op=view_citation&hl=en&user=U6-ouN0AAAAJ&citation_for_view=U6-ouN0AAAAJ:bEWYMUwI8FkC",
      "authors": "F Cui, J Qiao, Y Xu, Z Fu, R Gui, C Zhang, R Zhou, L Ye, X Du, F Chen, ...",
      "venue": "Science advances 10 (26), eado5460, 2024",
      "year": 2024,
      "citations": 25
    },
    {
      "title": "Road extraction with satellite images and partial road maps",
      "url": "https://scholar.google.com/citations?view_op=view_citation&hl=en&user=U6-ouN0AAAAJ&citation_for_view=U6-ouN0AAAAJ:0EnyYjriUFMC",
      "authors": "Q Xu, C Long, L Yu, C Zhang",
      "venue": "IEEE Transactions on Geoscience and Remote Sensing 61, 1-14, 2023",
      "year": 2023,
      "citations": 38
    },
    {
      "title": "Trust in virtual interaction: The role of avatars in sustainable customer relationships",
      "url": "https://scholar.google.com/citations?view_op=view_citation&hl=en&user=U6-ouN0AAAAJ&citation_for_view=U6-ouN0AAAAJ:ULOm3_A8WrAC",
      "authors": "YM Guo, WL Ng, F Hao, C Zhang, SX Liu, AM Aman",
      "venue": "Sustainability 15 (18), 14026, 2023",
      "year": 2023,
      "citations": 24
    },
    {
      "title": "Familia: A configurable topic modeling framework for industrial text engineering",
      "url": "https://scholar.google.com/citations?view_op=view_citation&hl=en&user=U6-ouN0AAAAJ&citation_for_view=U6-ouN0AAAAJ:LkGwnXOMwfcC",
      "authors": "D Jiang, Y Song, R Lian, S Bao, J Peng, H He, H Wu, C Zhang, L Chen",
      "venue": "International Conference on Database Systems for Advanced Applications, 516-528, 2021",
      "year": 2021,
      "citations": 23
    },
    {
      "title": "Joint multi-view hashing for large-scale near-duplicate video retrieval",
      "url": "https://scholar.google.com/citations?view_op=view_citation&hl=en&user=U6-ouN0AAAAJ&citation_for_view=U6-ouN0AAAAJ:roLk4NBRz8UC",
      "authors": "X Nie, W Jing, C Cui, CJ Zhang, L Zhu, Y Yin",
      "venue": "IEEE Transactions on Knowledge and Data Engineering 32 (10), 1951-1965, 2019",
      "year": 2019,
      "citations": 51
    },
    {
      "title": "Reducing uncertainty of schema matching via crowdsourcing with accuracy rates",
      "url": "https://scholar.google.com/citations?view_op=view_citation&hl=en&user=U6-ouN0AAAAJ&citation_for_view=U6-ouN0AAAAJ:d1gkVwhDpl0C",
      "authors": "CJ Zhang, L Chen, HV Jagadish, M Zhang, Y Tong",
      "venue": "IEEE Transactions on Knowledge and Data Engineering 32 (1), 135-151, 2018",
      "year": 2018,
      "citations": 40
    },
    {
      "title": "Knowledge base semantic integration using crowdsourcing",
      "url": "https://scholar.google.com/citations?view_op=view_citation&hl=en&user=U6-ouN0AAAAJ&citation_for_view=U6-ouN0AAAAJ:YsMSGLbcyi4C",
      "authors": "R Meng, L Chen, Y Tong, C Zhang",
      "venue": "IEEE transactions on knowledge and data engineering 29 (5), 1087-1100, 2017",
      "year": 2017,
      "citations": 24
    },
    {
      "title": "Hear the whole story: Towards the diversity of opinion in crowdsourcing markets",
      "url": "https://scholar.google.com/citations?view_op=view_citation&hl=en&user=U6-ouN0AAAAJ&citation_for_view=U6-ouN0AAAAJ:W7OEmFMy1HYC",
      "authors": "T Wu, L Chen, P Hui, CJ Zhang, W Li",
      "venue": "Proceedings of the VLDB Endowment 8 (5), 485-496, 2015",
      "year": 2015,
      "citations": 59
    },
    {
      "title": "Cleaning uncertain data with a noisy crowd",
      "url": "https://scholar.google.com/citations?view_op=view_citation&hl=en&user=U6-ouN0AAAAJ&citation_for_view=U6-ouN0AAAAJ:qjMakFHDy7sC",
      "authors": "CJ Zhang, L Chen, Y Tong, Z Liu",
      "venue": "2015 IEEE 31st International Conference on Data Engineering, 6-17, 2015",
      "year": 2015,
      "citations": 50
    },
    {
      "title": "gmission: A general spatial crowdsourcing platform",
      "url": "https://scholar.google.com/citations?view_op=view_citation&hl=en&user=U6-ouN0AAAAJ&citation_for_view=U6-ouN0AAAAJ:zYLM7Y9cAGgC",
      "authors": "Z Chen, R Fu, Z Zhao, Z Liu, L Xia, L Chen, P Cheng, CC Cao, Y Tong, ...",
      "venue": "Proceedings of the VLDB Endowment 7 (13), 1629-1632, 2014",
      "year": 2014,
      "citations": 173
    },
    {
      "title": "Crowdcleaner: Data cleaning for multi-version data on the web via crowdsourcing",
      "url": "https://scholar.google.com/citations?view_op=view_citation&hl=en&user=U6-ouN0AAAAJ&citation_for_view=U6-ouN0AAAAJ:Tyk-4Ss8FVUC",
      "authors": "Y Tong, CC Cao, CJ Zhang, Y Li, L Chen",
      "venue": "2014 IEEE 30th International Conference on Data Engineering, 1182-1185, 2014",
      "year": 2014,
      "citations": 88
    },
    {
      "title": "Where to: Crowd-aided path selection",
      "url": "https://scholar.google.com/citations?view_op=view_citation&hl=en&user=U6-ouN0AAAAJ&citation_for_view=U6-ouN0AAAAJ:u-x6o8ySG0sC",
      "authors": "CJ Zhang, Y Tong, L Chen",
      "venue": "Proceedings of the VLDB Endowment 7 (14), 2005-2016, 2014",
      "year": 2014,
      "citations": 49
    },
    {
      "title": "Crowdmatcher: crowd-assisted schema matching",
      "url": "https://scholar.google.com/citations?view_op=view_citation&hl=en&user=U6-ouN0AAAAJ&citation_for_view=U6-ouN0AAAAJ:UeHWp8X0CEIC",
      "authors": "CJ Zhang, Z Zhao, L Chen, HV Jagadish, CC Cao",
      "venue": "Proceedings of the 2014 ACM SIGMOD international conference on Management of …, 2014",
      "year": 2014,
      "citations": 30
    },
    {
      "title": "Reducing uncertainty of schema matching via crowdsourcing",
      "url": "https://scholar.google.com/citations?view_op=view_citation&hl=en&user=U6-ouN0AAAAJ&citation_for_view=U6-ouN0AAAAJ:u5HHmVD_uO8C",
      "authors": "CJ Zhang, L Chen, HV Jagadish, CC Cao",
      "venue": "Proceedings of the VLDB Endowment 6 (9), 757-768, 2013",
      "year": 2013,
      "citations": 141
    }
  ],
  "co_authors": [
    {
      "name": "Lei Chen",
      "scholar_id": "gtglwgYAAAAJ",
      "url": "https://scholar.google.com/citations?user=gtglwgYAAAAJ"
    },
    {
      "name": "H. V. Jagadish",
      "scholar_id": "SKVnHakAAAAJ",
      "url": "https://scholar.google.com/citations?user=SKVnHakAAAAJ"
    }
  ]
}