{
  "author_info": {
    "name": "Yuhao Yang",
    "affiliation": "University of Hong Kong",
    "email_verified": "Verified email at connect.hku.hk - Homepage",
    "website": "https://x.com/itsyuhao",
    "interests": [
      "Large Language Models",
      "Agentic Models",
      "Foundation Models",
      "Graph Learning"
    ],
    "photo_url": "https://scholar.googleusercontent.com/citations?view_op=view_photo&user=kCGC_DMAAAAJ&citpid=7"
  },
  "citation_stats": {
    "citations_all": 1991,
    "citations_since_2020": 1990,
    "h_index_all": 12,
    "h_index_since_2020": 12,
    "i10_index_all": 13,
    "i10_index_since_2020": 13,
    "citation_graph": [
      {
        "year": 2022,
        "citations": 26
      },
      {
        "year": 2023,
        "citations": 189
      },
      {
        "year": 2024,
        "citations": 620
      },
      {
        "year": 2025,
        "citations": 1126
      }
    ]
  },
  "papers": [
    {
      "title": "Aria-ui: Visual grounding for gui instructions",
      "url": "https://scholar.google.com/citations?view_op=view_citation&hl=en&user=kCGC_DMAAAAJ&citation_for_view=kCGC_DMAAAAJ:ULOm3_A8WrAC",
      "authors": "Y Yang, Y Wang, D Li, Z Luo, B Chen, C Huang, J Li",
      "venue": "Findings of the Association for Computational Linguistics: ACL 2025, 22418-22433, 2025",
      "year": 2025,
      "citations": 72
    },
    {
      "title": "Gta1: Gui test-time scaling agent",
      "url": "https://scholar.google.com/citations?view_op=view_citation&hl=en&user=kCGC_DMAAAAJ&citation_for_view=kCGC_DMAAAAJ:YOwf2qJgpHMC",
      "authors": "Y Yang, D Li, Y Dai, Y Yang, Z Luo, Z Zhao, Z Hu, J Huang, A Saha, ...",
      "venue": "arXiv preprint arXiv:2507.05791, 2025",
      "year": 2025,
      "citations": 20
    },
    {
      "title": "Graphagent: Agentic graph language assistant",
      "url": "https://scholar.google.com/citations?view_op=view_citation&hl=en&user=kCGC_DMAAAAJ&citation_for_view=kCGC_DMAAAAJ:KlAtU1dfN6UC",
      "authors": "Y Yang, J Tang, L Xia, X Zou, Y Liang, C Huang",
      "venue": "Proceedings of the 2025 Conference on Empirical Methods in Natural Language …, 2025",
      "year": 2025,
      "citations": 6
    },
    {
      "title": "Reclm: Recommendation instruction tuning",
      "url": "https://scholar.google.com/citations?view_op=view_citation&hl=en&user=kCGC_DMAAAAJ&citation_for_view=kCGC_DMAAAAJ:kNdYIx-mwKoC",
      "authors": "Y Jiang, Y Yang, L Xia, D Luo, K Lin, C Huang",
      "venue": "Proceedings of the 63rd Annual Meeting of the Association for Computational …, 2025",
      "year": 2025,
      "citations": 5
    },
    {
      "title": "Traffic-r1: Reinforced llms bring human-like reasoning to traffic signal control systems",
      "url": "https://scholar.google.com/citations?view_op=view_citation&hl=en&user=kCGC_DMAAAAJ&citation_for_view=kCGC_DMAAAAJ:_kc_bZDykSQC",
      "authors": "X Zou, Y Yang, Z Chen, X Hao, Y Chen, C Huang, Y Liang",
      "venue": "arXiv preprint arXiv:2508.02344, 2025",
      "year": 2025,
      "citations": 3
    },
    {
      "title": "Ferret-ui lite: Lessons from building small on-device gui agents",
      "url": "https://scholar.google.com/citations?view_op=view_citation&hl=en&user=kCGC_DMAAAAJ&citation_for_view=kCGC_DMAAAAJ:qxL8FJ1GzNcC",
      "authors": "Z Yang, ZY Dou, D Feng, F Huang, A Nguyen, K You, O Attia, Y Yang, ...",
      "venue": "arXiv preprint arXiv:2509.26539, 2025",
      "year": 2025,
      "citations": 1
    },
    {
      "title": "Scaling synthetic task generation for agents via exploration",
      "url": "https://scholar.google.com/citations?view_op=view_citation&hl=en&user=kCGC_DMAAAAJ&citation_for_view=kCGC_DMAAAAJ:aqlVkmm33-oC",
      "authors": "R Ramrakhya, A Szot, O Attia, Y Yang, A Nguyen, B Mazoure, Z Gan, ...",
      "venue": "arXiv preprint arXiv:2509.25047, 2025",
      "year": 2025,
      "citations": 1
    },
    {
      "title": "UltraCUA: A Foundation Model for Computer Use Agents with Hybrid Action",
      "url": "https://scholar.google.com/citations?view_op=view_citation&hl=en&user=kCGC_DMAAAAJ&citation_for_view=kCGC_DMAAAAJ:4DMP91E08xMC",
      "authors": "Y Yang, Z Yang, ZY Dou, A Nguyen, K You, O Attia, A Szot, M Feng, ...",
      "venue": "arXiv preprint arXiv:2510.17790, 2025",
      "year": 2025,
      "citations": 0
    },
    {
      "title": "Graphgpt: Graph instruction tuning for large language models",
      "url": "https://scholar.google.com/citations?view_op=view_citation&hl=en&user=kCGC_DMAAAAJ&citation_for_view=kCGC_DMAAAAJ:_FxGoFyzp5QC",
      "authors": "J Tang, Y Yang, W Wei, L Shi, L Su, S Cheng, D Yin, C Huang",
      "venue": "Proceedings of the 47th International ACM SIGIR Conference on Research and …, 2024",
      "year": 2024,
      "citations": 381
    },
    {
      "title": "Diffkg: Knowledge graph diffusion model for recommendation",
      "url": "https://scholar.google.com/citations?view_op=view_citation&hl=en&user=kCGC_DMAAAAJ&citation_for_view=kCGC_DMAAAAJ:roLk4NBRz8UC",
      "authors": "Y Jiang, Y Yang, L Xia, C Huang",
      "venue": "Proceedings of the 17th ACM international conference on web search and data …, 2024",
      "year": 2024,
      "citations": 141
    },
    {
      "title": "Higpt: Heterogeneous graph language model",
      "url": "https://scholar.google.com/citations?view_op=view_citation&hl=en&user=kCGC_DMAAAAJ&citation_for_view=kCGC_DMAAAAJ:Se3iqnhoufwC",
      "authors": "J Tang, Y Yang, W Wei, L Shi, L Xia, D Yin, C Huang",
      "venue": "Proceedings of the 30th ACM SIGKDD conference on knowledge discovery and …, 2024",
      "year": 2024,
      "citations": 80
    },
    {
      "title": "Learning geospatial region embedding with heterogeneous graph",
      "url": "https://scholar.google.com/citations?view_op=view_citation&hl=en&user=kCGC_DMAAAAJ&citation_for_view=kCGC_DMAAAAJ:Zph67rFs4hoC",
      "authors": "X Zou, J Huang, X Hao, Y Yang, H Wen, Y Yan, C Huang, Y Liang",
      "venue": "arXiv e-prints, arXiv: 2405.14135, 2024",
      "year": 2024,
      "citations": 11
    },
    {
      "title": "Debiased contrastive learning for sequential recommendation",
      "url": "https://scholar.google.com/citations?view_op=view_citation&hl=en&user=kCGC_DMAAAAJ&citation_for_view=kCGC_DMAAAAJ:hqOjcs7Dif8C",
      "authors": "Y Yang, C Huang, L Xia, C Huang, D Luo, K Lin",
      "venue": "Proceedings of the ACM web conference 2023, 1063-1073, 2023",
      "year": 2023,
      "citations": 201
    },
    {
      "title": "Knowledge graph self-supervised rationalization for recommendation",
      "url": "https://scholar.google.com/citations?view_op=view_citation&hl=en&user=kCGC_DMAAAAJ&citation_for_view=kCGC_DMAAAAJ:WF5omc3nYNoC",
      "authors": "Y Yang, C Huang, L Xia, C Huang",
      "venue": "Proceedings of the 29th ACM SIGKDD conference on knowledge discovery and …, 2023",
      "year": 2023,
      "citations": 171
    },
    {
      "title": "Sslrec: A self-supervised learning library for recommendation",
      "url": "https://scholar.google.com/citations?view_op=view_citation&hl=en&user=kCGC_DMAAAAJ&citation_for_view=kCGC_DMAAAAJ:MXK_kJrjxJIC",
      "authors": "X Ren, L Xia, Y Yang, W Wei, T Wang, X Cai, C Huang",
      "venue": "CoRR, 2023",
      "year": 2023,
      "citations": 68
    },
    {
      "title": "GraphPro: Graph Pre-training and Prompt Learning for Recommendation",
      "url": "https://scholar.google.com/citations?view_op=view_citation&hl=en&user=kCGC_DMAAAAJ&citation_for_view=kCGC_DMAAAAJ:UebtZRa9Y70C",
      "authors": "Y Yang, L Xia, D Luo, K Lin, C Huang",
      "venue": "TheWebConf 2024, 2023",
      "year": 2023,
      "citations": 38
    },
    {
      "title": "Knowledge Graph Contrastive Learning for Recommendation",
      "url": "https://scholar.google.com/citations?view_op=view_citation&hl=en&user=kCGC_DMAAAAJ&citation_for_view=kCGC_DMAAAAJ:qjMakFHDy7sC",
      "authors": "Y Yang, C Huang, L Xia, C Li",
      "venue": "Proceedings of the 45th International ACM SIGIR Conference on Research and …, 2022",
      "year": 2022,
      "citations": 531
    },
    {
      "title": "Multi-behavior hypergraph-enhanced transformer for sequential recommendation",
      "url": "https://scholar.google.com/citations?view_op=view_citation&hl=en&user=kCGC_DMAAAAJ&citation_for_view=kCGC_DMAAAAJ:Y0pCki6q_DkC",
      "authors": "Y Yang, C Huang, L Xia, Y Liang, Y Yu, C Li",
      "venue": "Proceedings of the 28th ACM SIGKDD conference on knowledge discovery and …, 2022",
      "year": 2022,
      "citations": 188
    },
    {
      "title": "Joint knowledge pruning and recurrent graph convolution for news recommendation",
      "url": "https://scholar.google.com/citations?view_op=view_citation&hl=en&user=kCGC_DMAAAAJ&citation_for_view=kCGC_DMAAAAJ:UeHWp8X0CEIC",
      "authors": "Y Tian, Y Yang, X Ren, P Wang, F Wu, Q Wang, C Li",
      "venue": "Proceedings of the 44th international ACM SIGIR conference on research and …, 2021",
      "year": 2021,
      "citations": 73
    }
  ],
  "co_authors": [
    {
      "name": "Chao Huang",
      "scholar_id": "Zkv9FqwAAAAJ",
      "url": "https://scholar.google.com/citations?user=Zkv9FqwAAAAJ"
    },
    {
      "name": "Lianghao Xia",
      "scholar_id": "fDDjoUEAAAAJ",
      "url": "https://scholar.google.com/citations?user=fDDjoUEAAAAJ"
    },
    {
      "name": "Chenliang Li",
      "scholar_id": "p4RNNCQAAAAJ",
      "url": "https://scholar.google.com/citations?user=p4RNNCQAAAAJ"
    },
    {
      "name": "Yuxuan Liang",
      "scholar_id": "n9cODgcAAAAJ",
      "url": "https://scholar.google.com/citations?user=n9cODgcAAAAJ"
    },
    {
      "name": "Dawei Yin",
      "scholar_id": "GuQ9bpAAAAAJ",
      "url": "https://scholar.google.com/citations?user=GuQ9bpAAAAAJ"
    },
    {
      "name": "Junnan Li",
      "scholar_id": "MuUhwi0AAAAJ",
      "url": "https://scholar.google.com/citations?user=MuUhwi0AAAAJ"
    },
    {
      "name": "Dongxu Li",
      "scholar_id": "h5XtaUUAAAAJ",
      "url": "https://scholar.google.com/citations?user=h5XtaUUAAAAJ"
    },
    {
      "name": "Yue Wang",
      "scholar_id": "iyxbtcEAAAAJ",
      "url": "https://scholar.google.com/citations?user=iyxbtcEAAAAJ"
    },
    {
      "name": "Bei Chen",
      "scholar_id": "Po65v_MAAAAJ",
      "url": "https://scholar.google.com/citations?user=Po65v_MAAAAJ"
    }
  ]
}