{
  "author_info": {
    "name": "Zhuang Liu",
    "affiliation": "Assistant Professor, Princeton University",
    "email_verified": "Verified email at princeton.edu - Homepage",
    "website": "http://liuzhuang13.github.io/",
    "interests": [
      "Deep Learning",
      "Computer Vision",
      "Machine Learning"
    ],
    "photo_url": "https://scholar.googleusercontent.com/citations?view_op=view_photo&user=7OTD-LEAAAAJ&citpid=3"
  },
  "citation_stats": {
    "citations_all": 91875,
    "citations_since_2020": 82502,
    "h_index_all": 31,
    "h_index_since_2020": 31,
    "i10_index_all": 36,
    "i10_index_since_2020": 36,
    "citation_graph": [
      {
        "year": 2017,
        "citations": 587
      },
      {
        "year": 2018,
        "citations": 2790
      },
      {
        "year": 2019,
        "citations": 5381
      },
      {
        "year": 2020,
        "citations": 7912
      },
      {
        "year": 2021,
        "citations": 10500
      },
      {
        "year": 2022,
        "citations": 12824
      },
      {
        "year": 2023,
        "citations": 15410
      },
      {
        "year": 2024,
        "citations": 18128
      },
      {
        "year": 2025,
        "citations": 17577
      }
    ]
  },
  "papers": [
    {
      "title": "Longvu: Spatiotemporal adaptive compression for long video-language understanding",
      "url": "https://scholar.google.com/citations?view_op=view_citation&hl=en&user=7OTD-LEAAAAJ&citation_for_view=7OTD-LEAAAAJ:anf4URPfarAC",
      "authors": "X Shen, Y Xiong, C Zhao, L Wu, J Chen, C Zhu, Z Liu, F Xiao, ...",
      "venue": "International Conference on Computer Vision (ICCV), 2025, 2025",
      "year": 2025,
      "citations": 143
    },
    {
      "title": "Deconstructing Denoising Diffusion Models for Self-supervised Learning",
      "url": "https://scholar.google.com/citations?view_op=view_citation&hl=en&user=7OTD-LEAAAAJ&citation_for_view=7OTD-LEAAAAJ:edDO8Oi4QzsC",
      "authors": "X Chen, Z Liu, S Xie, K He",
      "venue": "International Conference on Learning Representations (ICLR), 2025, 2025",
      "year": 2025,
      "citations": 130
    },
    {
      "title": "A Simple and Effective Pruning Approach for Large Language Models",
      "url": "https://scholar.google.com/citations?view_op=view_citation&hl=en&user=7OTD-LEAAAAJ&citation_for_view=7OTD-LEAAAAJ:N5tVd3kTz84C",
      "authors": "M Sun*, Z Liu*, A Bair, JZ Kolter",
      "venue": "International Conference on Learning Representations (ICLR), 2024, 2024",
      "year": 2024,
      "citations": 998
    },
    {
      "title": "Eyes Wide Shut? Exploring the Visual Shortcomings of Multimodal LLMs",
      "url": "https://scholar.google.com/citations?view_op=view_citation&hl=en&user=7OTD-LEAAAAJ&citation_for_view=7OTD-LEAAAAJ:0N-VGjzr574C",
      "authors": "S Tong, Z Liu, Y Zhai, Y Ma, Y LeCun, S Xie",
      "venue": "Computer Vision and Pattern Recognition (CVPR), 2024, 2024",
      "year": 2024,
      "citations": 591
    },
    {
      "title": "Massive activations in large language models",
      "url": "https://scholar.google.com/citations?view_op=view_citation&hl=en&user=7OTD-LEAAAAJ&citation_for_view=7OTD-LEAAAAJ:PVjk1bu6vJQC",
      "authors": "M Sun, X Chen, JZ Kolter, Z Liu",
      "venue": "Conference on Language Modeling (COLM), 2024, 2024",
      "year": 2024,
      "citations": 206
    },
    {
      "title": "ConvNeXt V2: Co-designing and Scaling ConvNets with Masked Autoencoders",
      "url": "https://scholar.google.com/citations?view_op=view_citation&hl=en&user=7OTD-LEAAAAJ&citation_for_view=7OTD-LEAAAAJ:dTyEYWd-f8wC",
      "authors": "S Woo, S Debnath, R Hu, X Chen, Z Liu, IS Kweon, S Xie",
      "venue": "Computer Vision and Pattern Recognition (CVPR), 2023, 2023",
      "year": 2023,
      "citations": 1730
    },
    {
      "title": "Imagebind: One Embedding Space to Bind Them All",
      "url": "https://scholar.google.com/citations?view_op=view_citation&hl=en&user=7OTD-LEAAAAJ&citation_for_view=7OTD-LEAAAAJ:VL0QpB8kHFEC",
      "authors": "R Girdhar*, A El-Nouby*, Z Liu, M Singh, KV Alwala, A Joulin, I Misra*",
      "venue": "Computer Vision and Pattern Recognition (CVPR), 2023, 2023",
      "year": 2023,
      "citations": 1523
    },
    {
      "title": "A ConvNet for the 2020s",
      "url": "https://scholar.google.com/citations?view_op=view_citation&hl=en&user=7OTD-LEAAAAJ&citation_for_view=7OTD-LEAAAAJ:sSrBHYA8nusC",
      "authors": "Z Liu, H Mao, CY Wu, C Feichtenhofer, T Darrell, S Xie",
      "venue": "Computer Vision and Pattern Recognition (CVPR), 2022, 2022",
      "year": 2022,
      "citations": 10789
    },
    {
      "title": "Un-mix: Rethinking Image Mixtures for Unsupervised Visual Representation Learning",
      "url": "https://scholar.google.com/citations?view_op=view_citation&hl=en&user=7OTD-LEAAAAJ&citation_for_view=7OTD-LEAAAAJ:f2IySw72cVMC",
      "authors": "Z Shen, Z Liu, Z Liu, M Savvides, T Darrell, E Xing",
      "venue": "AAAI Conference on Artificial Intelligence (AAAI), 2022, 2022",
      "year": 2022,
      "citations": 157
    },
    {
      "title": "Meta-Baseline: Exploring Simple Meta-Learning for Few-Shot Learning",
      "url": "https://scholar.google.com/citations?view_op=view_citation&hl=en&user=7OTD-LEAAAAJ&citation_for_view=7OTD-LEAAAAJ:pyW8ca7W8N0C",
      "authors": "Y Chen, Z Liu, H Xu, T Darrell, X Wang",
      "venue": "International Conference on Computer Vision (ICCV), 2021, 2021",
      "year": 2021,
      "citations": 870
    },
    {
      "title": "Test-time Training with Self-supervision for Generalization under Distribution Shifts",
      "url": "https://scholar.google.com/citations?view_op=view_citation&hl=en&user=7OTD-LEAAAAJ&citation_for_view=7OTD-LEAAAAJ:abG-DnoFyZgC",
      "authors": "Y Sun, X Wang, Z Liu, J Miller, A Efros, M Hardt",
      "venue": "International Conference on Machine Learning (ICML), 2020, 2020",
      "year": 2020,
      "citations": 1283
    },
    {
      "title": "MSeg: A Composite Dataset for Multi-domain Semantic Segmentation",
      "url": "https://scholar.google.com/citations?view_op=view_citation&hl=en&user=7OTD-LEAAAAJ&citation_for_view=7OTD-LEAAAAJ:EUQCXRtRnyEC",
      "authors": "J Lambert*, Z Liu*, O Sener, J Hayes, V Koltun",
      "venue": "Computer Vision and Pattern Recognition (CVPR), 2020, 2020",
      "year": 2020,
      "citations": 251
    },
    {
      "title": "Few Sample Knowledge Distillation for Efficient Network Compression",
      "url": "https://scholar.google.com/citations?view_op=view_citation&hl=en&user=7OTD-LEAAAAJ&citation_for_view=7OTD-LEAAAAJ:dfsIfKJdRG4C",
      "authors": "T Li, J Li, Z Liu, C Zhang",
      "venue": "Computer Vision and Pattern Recognition (CVPR), 2020, 2020",
      "year": 2020,
      "citations": 207
    },
    {
      "title": "Rethinking the Value of Network Pruning",
      "url": "https://scholar.google.com/citations?view_op=view_citation&hl=en&user=7OTD-LEAAAAJ&citation_for_view=7OTD-LEAAAAJ:rO6llkc54NcC",
      "authors": "Z Liu*, M Sun*, T Zhou, G Huang, T Darrell",
      "venue": "International Conference on Learning Representations (ICLR), 2019, 2019",
      "year": 2019,
      "citations": 2120
    },
    {
      "title": "Few-shot Object Detection via Feature Reweighting",
      "url": "https://scholar.google.com/citations?view_op=view_citation&hl=en&user=7OTD-LEAAAAJ&citation_for_view=7OTD-LEAAAAJ:3s1wT3WcHBgC",
      "authors": "B Kang*, Z Liu*, X Wang, F Yu, J Feng, T Darrell",
      "venue": "International Conference on Computer Vision (ICCV), 2019, 2019",
      "year": 2019,
      "citations": 1103
    },
    {
      "title": "Densely Connected Convolutional Networks",
      "url": "https://scholar.google.com/citations?view_op=view_citation&hl=en&user=7OTD-LEAAAAJ&citation_for_view=7OTD-LEAAAAJ:4JMBOYKVnBMC",
      "authors": "Z Liu*, G Huang*, L Maaten, KQ Weinberger",
      "venue": "Computer Vision and Pattern Recognition (CVPR), 2017, 2017",
      "year": 2017,
      "citations": 59676
    },
    {
      "title": "Learning Efficient Convolutional Networks through Network Slimming",
      "url": "https://scholar.google.com/citations?view_op=view_citation&hl=en&user=7OTD-LEAAAAJ&citation_for_view=7OTD-LEAAAAJ:TFP_iSt0sucC",
      "authors": "Z Liu, J Li, Z Shen, G Huang, S Yan, C Zhang",
      "venue": "International Conference on Computer Vision (ICCV), 2017, 2017",
      "year": 2017,
      "citations": 3594
    },
    {
      "title": "Snapshot ensembles: Train 1, get m for free",
      "url": "https://scholar.google.com/citations?view_op=view_citation&hl=en&user=7OTD-LEAAAAJ&citation_for_view=7OTD-LEAAAAJ:PVgj2kMGcgYC",
      "authors": "G Huang, Y Li, G Pleiss, Z Liu, JE Hopcroft, KQ Weinberger",
      "venue": "arXiv preprint arXiv:1704.00109, 2017",
      "year": 2017,
      "citations": 1321
    },
    {
      "title": "DSOD: Learning Deeply Supervised Object Detectors from Scratch",
      "url": "https://scholar.google.com/citations?view_op=view_citation&hl=en&user=7OTD-LEAAAAJ&citation_for_view=7OTD-LEAAAAJ:ldfaerwXgEUC",
      "authors": "Z Shen*, Z Liu*, J Li, YG Jiang, Y Chen, X Xue",
      "venue": "International Conference on Computer Vision (ICCV), 2017, 2017",
      "year": 2017,
      "citations": 939
    },
    {
      "title": "Deep Networks with Stochastic Depth",
      "url": "https://scholar.google.com/citations?view_op=view_citation&hl=en&user=7OTD-LEAAAAJ&citation_for_view=7OTD-LEAAAAJ:j3f4tGmQtD8C",
      "authors": "G Huang*, Y Sun*, Z Liu, D Sedra, KQ Weinberger",
      "venue": "European Conference on Computer Vision (ECCV), 2016, 2016",
      "year": 2016,
      "citations": 3228
    }
  ],
  "co_authors": [
    {
      "name": "Kilian Weinberger",
      "scholar_id": "8RVWMycAAAAJ",
      "url": "https://scholar.google.com/citations?user=8RVWMycAAAAJ"
    },
    {
      "name": "Saining Xie",
      "scholar_id": "Y2GtJkAAAAAJ",
      "url": "https://scholar.google.com/citations?user=Y2GtJkAAAAAJ"
    },
    {
      "name": "Trevor Darrell",
      "scholar_id": "bh-uRFMAAAAJ",
      "url": "https://scholar.google.com/citations?user=bh-uRFMAAAAJ"
    },
    {
      "name": "Laurens van der Maaten",
      "scholar_id": "6GDfcqEAAAAJ",
      "url": "https://scholar.google.com/citations?user=6GDfcqEAAAAJ"
    },
    {
      "name": "Zhiqiang Shen",
      "scholar_id": "DGr0fVoAAAAJ",
      "url": "https://scholar.google.com/citations?user=DGr0fVoAAAAJ"
    },
    {
      "name": "Christoph Feichtenhofer",
      "scholar_id": "UxuqG1EAAAAJ",
      "url": "https://scholar.google.com/citations?user=UxuqG1EAAAAJ"
    },
    {
      "name": "Chao-Yuan Wu",
      "scholar_id": "QiJPlOIAAAAJ",
      "url": "https://scholar.google.com/citations?user=QiJPlOIAAAAJ"
    },
    {
      "name": "Hanzi Mao",
      "scholar_id": "fHfJh9cAAAAJ",
      "url": "https://scholar.google.com/citations?user=fHfJh9cAAAAJ"
    },
    {
      "name": "Jianguo Li",
      "scholar_id": "n44GlFcAAAAJ",
      "url": "https://scholar.google.com/citations?user=n44GlFcAAAAJ"
    },
    {
      "name": "Xinlei Chen",
      "scholar_id": "bSU7LYoAAAAJ",
      "url": "https://scholar.google.com/citations?user=bSU7LYoAAAAJ"
    },
    {
      "name": "Mingjie Sun",
      "scholar_id": "wCZbouUAAAAJ",
      "url": "https://scholar.google.com/citations?user=wCZbouUAAAAJ"
    },
    {
      "name": "Yu Sun",
      "scholar_id": "a7drwRMAAAAJ",
      "url": "https://scholar.google.com/citations?user=a7drwRMAAAAJ"
    },
    {
      "name": "Bingyi Kang",
      "scholar_id": "NmHgX-wAAAAJ",
      "url": "https://scholar.google.com/citations?user=NmHgX-wAAAAJ"
    },
    {
      "name": "Tinghui Zhou",
      "scholar_id": "yA4rb60AAAAJ",
      "url": "https://scholar.google.com/citations?user=yA4rb60AAAAJ"
    },
    {
      "name": "Xiaolong Wang",
      "scholar_id": "Y8O9N_0AAAAJ",
      "url": "https://scholar.google.com/citations?user=Y8O9N_0AAAAJ"
    },
    {
      "name": "Rohit Girdhar",
      "scholar_id": "7cuwdr8AAAAJ",
      "url": "https://scholar.google.com/citations?user=7cuwdr8AAAAJ"
    },
    {
      "name": "Yann LeCun",
      "scholar_id": "WLN3QrAAAAAJ",
      "url": "https://scholar.google.com/citations?user=WLN3QrAAAAAJ"
    },
    {
      "name": "Zico Kolter",
      "scholar_id": "UXh1I6UAAAAJ",
      "url": "https://scholar.google.com/citations?user=UXh1I6UAAAAJ"
    },
    {
      "name": "Geoff Pleiss",
      "scholar_id": "XO8T-Y4AAAAJ",
      "url": "https://scholar.google.com/citations?user=XO8T-Y4AAAAJ"
    },
    {
      "name": "Anna Bair",
      "scholar_id": "saWjkLQAAAAJ",
      "url": "https://scholar.google.com/citations?user=saWjkLQAAAAJ"
    }
  ]
}