{
  "author_info": {
    "name": "Fangru Lin",
    "affiliation": "DPhil student at University of Oxford",
    "email_verified": "Verified email at ling-phil.ox.ac.uk - Homepage",
    "website": "http://fangru-lin.github.io/",
    "interests": [
      "Language Modelling",
      "Evaluation",
      "Neuro-symbolic methods",
      "Computational Linguistics",
      "LLM agent"
    ],
    "photo_url": "https://scholar.googleusercontent.com/citations?view_op=view_photo&user=LFS5dV0AAAAJ&citpid=2"
  },
  "citation_stats": {
    "citations_all": 69,
    "citations_since_2020": 69,
    "h_index_all": 4,
    "h_index_since_2020": 4,
    "i10_index_all": 2,
    "i10_index_since_2020": 2,
    "citation_graph": [
      {
        "year": 2024,
        "citations": 26
      },
      {
        "year": 2025,
        "citations": 43
      }
    ]
  },
  "papers": [
    {
      "title": "TCP: a Benchmark for Temporal Constraint-Based Planning",
      "url": "https://scholar.google.com/citations?view_op=view_citation&hl=en&user=LFS5dV0AAAAJ&citation_for_view=LFS5dV0AAAAJ:ufrVoPGSRksC",
      "authors": "Z Ding, S Yan, Z Yuan, X Hu, F Lin, A Vlachos",
      "venue": "EMNLP 2025 main, 2025",
      "year": 2025,
      "citations": 2
    },
    {
      "title": "Code Simulation as a Proxy for High-order Tasks in Large Language Models",
      "url": "https://scholar.google.com/citations?view_op=view_citation&hl=en&user=LFS5dV0AAAAJ&citation_for_view=LFS5dV0AAAAJ:W7OEmFMy1HYC",
      "authors": "E La Malfa, C Weinhuber, O Torre, F Lin, XA Huang, S Marro, A Cohn, ...",
      "venue": "arXiv preprint arXiv:2502.03568, 2025",
      "year": 2025,
      "citations": 1
    },
    {
      "title": "Measuring what Matters: Construct Validity in Large Language Model Benchmarks",
      "url": "https://scholar.google.com/citations?view_op=view_citation&hl=en&user=LFS5dV0AAAAJ&citation_for_view=LFS5dV0AAAAJ:LkGwnXOMwfcC",
      "authors": "AM Bean, RO Kearns, A Romanou, FS Hafner, H Mayne, J Batzner, ...",
      "venue": "arXiv preprint arXiv:2511.04703, 2025",
      "year": 2025,
      "citations": 0
    },
    {
      "title": "Loong: Synthesize Long Chain-of-Thoughts at Scale through Verifiers",
      "url": "https://scholar.google.com/citations?view_op=view_citation&hl=en&user=LFS5dV0AAAAJ&citation_for_view=LFS5dV0AAAAJ:_FxGoFyzp5QC",
      "authors": "X Huang, G Franke, Z Yang, J Bai, W Bai, J Bi, Z Ding, Y Duan, C Fan, ...",
      "venue": "arXiv preprint arXiv:2509.03059, 2025",
      "year": 2025,
      "citations": 0
    },
    {
      "title": "Graph-enhanced Large Language Models in Asynchronous Plan Reasoning",
      "url": "https://scholar.google.com/citations?view_op=view_citation&hl=en&user=LFS5dV0AAAAJ&citation_for_view=LFS5dV0AAAAJ:UeHWp8X0CEIC",
      "authors": "F Lin, E La Malfa, V Hofmann, EM Yang, A Cohn, JB Pierrehumbert",
      "venue": "ICML 2024, 2024",
      "year": 2024,
      "citations": 32
    },
    {
      "title": "Code simulation challenges for large language models",
      "url": "https://scholar.google.com/citations?view_op=view_citation&hl=en&user=LFS5dV0AAAAJ&citation_for_view=LFS5dV0AAAAJ:qjMakFHDy7sC",
      "authors": "E La Malfa, C Weinhuber, O Torre, F Lin, A Cohn, N Shadbolt, ...",
      "venue": "arXiv preprint arXiv:2401.09074, 2024",
      "year": 2024,
      "citations": 21
    },
    {
      "title": "Assessing Dialect Fairness and Robustness of Large Language Models in Reasoning Tasks",
      "url": "https://scholar.google.com/citations?view_op=view_citation&hl=en&user=LFS5dV0AAAAJ&citation_for_view=LFS5dV0AAAAJ:Y0pCki6q_DkC",
      "authors": "F Lin, S Mao, E La Malfa, V Hofmann, A de Wynter, X Wang, SQ Chen, ...",
      "venue": "ACL 2025 main, 2024",
      "year": 2024,
      "citations": 9
    },
    {
      "title": "Probing Large Language Models for Scalar Adjective Lexical Semantics and Scalar Diversity Pragmatics",
      "url": "https://scholar.google.com/citations?view_op=view_citation&hl=en&user=LFS5dV0AAAAJ&citation_for_view=LFS5dV0AAAAJ:IjCSPb-OGe4C",
      "authors": "F Lin, D Altshuler, JB Pierrehumbert",
      "venue": "LREC-COLING 2024, 2024",
      "year": 2024,
      "citations": 4
    }
  ],
  "co_authors": [
    {
      "name": "Emanuele La Malfa",
      "scholar_id": "4_91m08AAAAJ",
      "url": "https://scholar.google.com/citations?user=4_91m08AAAAJ"
    },
    {
      "name": "Janet B. Pierrehumbert",
      "scholar_id": "ebzKiiwAAAAJ",
      "url": "https://scholar.google.com/citations?user=ebzKiiwAAAAJ"
    },
    {
      "name": "Anthony (Tony) G Cohn",
      "scholar_id": "tal4mMkAAAAJ",
      "url": "https://scholar.google.com/citations?user=tal4mMkAAAAJ"
    },
    {
      "name": "Michael Wooldridge",
      "scholar_id": "JD8v9fkAAAAJ",
      "url": "https://scholar.google.com/citations?user=JD8v9fkAAAAJ"
    },
    {
      "name": "Valentin Hofmann",
      "scholar_id": "bbHOPKwAAAAJ",
      "url": "https://scholar.google.com/citations?user=bbHOPKwAAAAJ"
    },
    {
      "name": "Christoph Weinhuber",
      "scholar_id": "ZK9goDEAAAAJ",
      "url": "https://scholar.google.com/citations?user=ZK9goDEAAAAJ"
    }
  ]
}