{
  "author_info": {
    "name": "Mohammad Mozaffari",
    "affiliation": "Ph.D. Student, University of Toronto",
    "email_verified": "Verified email at cs.toronto.edu - Homepage",
    "website": "https://www.cs.toronto.edu/~mmozaffari/",
    "interests": [
      "Machine Learning",
      "Large Language Models",
      "Optimizers",
      "Neural Networks"
    ],
    "photo_url": "https://scholar.googleusercontent.com/citations?view_op=view_photo&user=1IReIVUAAAAJ&citpid=2"
  },
  "citation_stats": {
    "citations_all": 22,
    "citations_since_2020": 22,
    "h_index_all": 3,
    "h_index_since_2020": 3,
    "i10_index_all": 1,
    "i10_index_since_2020": 1,
    "citation_graph": [
      {
        "year": 2024,
        "citations": 10
      },
      {
        "year": 2025,
        "citations": 12
      }
    ]
  },
  "papers": [
    {
      "title": "PATCH: Learnable Tile-level Hybrid Sparsity for LLMs",
      "url": "https://scholar.google.com/citations?view_op=view_citation&hl=en&user=1IReIVUAAAAJ&citation_for_view=1IReIVUAAAAJ:qjMakFHDy7sC",
      "authors": "Y Hourri, M Mozaffari, MM Dehnavi",
      "venue": "arXiv preprint arXiv:2509.23410, 2025",
      "year": 2025,
      "citations": 0
    },
    {
      "title": "Slope: Double-pruned sparse plus lazy low-rank adapter pretraining of llms",
      "url": "https://scholar.google.com/citations?view_op=view_citation&hl=en&user=1IReIVUAAAAJ&citation_for_view=1IReIVUAAAAJ:u-x6o8ySG0sC",
      "authors": "M Mozaffari, A Yazdanbakhsh, Z Zhang, MM Dehnavi",
      "venue": "arXiv preprint arXiv:2405.16325, 2024",
      "year": 2024,
      "citations": 11
    },
    {
      "title": "SLiM: One-shot Quantization and Sparsity with Low-rank Approximation for LLM Weight Compression",
      "url": "https://scholar.google.com/citations?view_op=view_citation&hl=en&user=1IReIVUAAAAJ&citation_for_view=1IReIVUAAAAJ:2osOgNQ5qMEC",
      "authors": "M Mozaffari, A Yazdanbakhsh, MM Dehnavi",
      "venue": "arXiv preprint arXiv:2410.09615, 2024",
      "year": 2024,
      "citations": 4
    },
    {
      "title": "MKOR: Momentum-enabled kronecker-factor-based optimizer using rank-1 updates",
      "url": "https://scholar.google.com/citations?view_op=view_citation&hl=en&user=1IReIVUAAAAJ&citation_for_view=1IReIVUAAAAJ:u5HHmVD_uO8C",
      "authors": "M Mozaffari, S Li, Z Zhang, M Mehri Dehnavi",
      "venue": "Advances in Neural Information Processing Systems 36, 17832-17853, 2023",
      "year": 2023,
      "citations": 7
    }
  ],
  "co_authors": [
    {
      "name": "Maryam Mehri Dehnavi",
      "scholar_id": "f3V6gZMAAAAJ",
      "url": "https://scholar.google.com/citations?user=f3V6gZMAAAAJ"
    },
    {
      "name": "Zhao Zhang",
      "scholar_id": "0bd5fscAAAAJ",
      "url": "https://scholar.google.com/citations?user=0bd5fscAAAAJ"
    },
    {
      "name": "Amir Yazdanbakhsh",
      "scholar_id": "Vdu_sqwAAAAJ",
      "url": "https://scholar.google.com/citations?user=Vdu_sqwAAAAJ"
    }
  ]
}