{
  "author_info": {
    "name": "Samuel Clarke",
    "affiliation": "Graduate Student, Stanford University",
    "email_verified": "Verified email at stanford.edu",
    "interests": [
      "Robotics",
      "Acoustic Perception"
    ],
    "photo_url": "/citations/images/avatar_scholar_128.png"
  },
  "citation_stats": {
    "citations_all": 431,
    "citations_since_2020": 370,
    "h_index_all": 9,
    "h_index_since_2020": 8,
    "i10_index_all": 8,
    "i10_index_since_2020": 8,
    "citation_graph": [
      {
        "year": 2015,
        "citations": 6
      },
      {
        "year": 2016,
        "citations": 10
      },
      {
        "year": 2017,
        "citations": 15
      },
      {
        "year": 2018,
        "citations": 12
      },
      {
        "year": 2019,
        "citations": 16
      },
      {
        "year": 2020,
        "citations": 18
      },
      {
        "year": 2021,
        "citations": 17
      },
      {
        "year": 2022,
        "citations": 26
      },
      {
        "year": 2023,
        "citations": 46
      },
      {
        "year": 2024,
        "citations": 122
      },
      {
        "year": 2025,
        "citations": 137
      }
    ]
  },
  "papers": [
    {
      "title": "X-Capture: An Open-Source Portable Device for Multi-Sensory Learning",
      "url": "https://scholar.google.com/citations?view_op=view_citation&hl=en&user=qfHceIAAAAAJ&citation_for_view=qfHceIAAAAAJ:Y0pCki6q_DkC",
      "authors": "S Clarke, S Wistreich, Y Ze, J Wu",
      "venue": "arXiv preprint arXiv:2504.02318, 2025",
      "year": 2025,
      "citations": 2
    },
    {
      "title": "DexSkin: High-Coverage Conformable Robotic Skin for Learning Contact-Rich Manipulation",
      "url": "https://scholar.google.com/citations?view_op=view_citation&hl=en&user=qfHceIAAAAAJ&citation_for_view=qfHceIAAAAAJ:WF5omc3nYNoC",
      "authors": "S Wistreich, B Shi, S Tian, S Clarke, M Nath, C Xu, Z Bao, J Wu",
      "venue": "arXiv preprint arXiv:2509.18830, 2025",
      "year": 2025,
      "citations": 0
    },
    {
      "title": "Hearing Anything Anywhere",
      "url": "https://scholar.google.com/citations?view_op=view_citation&hl=en&user=qfHceIAAAAAJ&citation_for_view=qfHceIAAAAAJ:Tyk-4Ss8FVUC",
      "authors": "ML Wang, R Sawata, S Clarke, R Gao, S Wu, J Wu",
      "venue": "Proceedings of the IEEE/CVF Conference on Computer Vision and Pattern …, 2024",
      "year": 2024,
      "citations": 16
    },
    {
      "title": "SoundCam: A Dataset for Finding Humans Using Room Acoustics",
      "url": "https://scholar.google.com/citations?view_op=view_citation&hl=en&user=qfHceIAAAAAJ&citation_for_view=qfHceIAAAAAJ:IjCSPb-OGe4C",
      "authors": "M Wang, S Clarke, JH Wang, R Gao, J Wu",
      "venue": "Advances in Neural Information Processing Systems 36, 2024",
      "year": 2024,
      "citations": 13
    },
    {
      "title": "RoboCook: Long-Horizon Elasto-Plastic Object Manipulation with Diverse Tools",
      "url": "https://scholar.google.com/citations?view_op=view_citation&hl=en&user=qfHceIAAAAAJ&citation_for_view=qfHceIAAAAAJ:zYLM7Y9cAGgC",
      "authors": "H Shi, H Xu, S Clarke, Y Li, J Wu",
      "venue": "arXiv preprint arXiv:2306.14447, 2023",
      "year": 2023,
      "citations": 112
    },
    {
      "title": "RealImpact: A Dataset of Impact Sound Fields for Real Objects",
      "url": "https://scholar.google.com/citations?view_op=view_citation&hl=en&user=qfHceIAAAAAJ&citation_for_view=qfHceIAAAAAJ:UeHWp8X0CEIC",
      "authors": "S Clarke, R Gao, M Wang, M Rau, J Xu, JH Wang, DL James, J Wu",
      "venue": "Proceedings of the IEEE/CVF Conference on Computer Vision and Pattern …, 2023",
      "year": 2023,
      "citations": 12
    },
    {
      "title": "ObjectFolder 2.0: A Multisensory Object Dataset for Sim2Real Transfer",
      "url": "https://scholar.google.com/citations?view_op=view_citation&hl=en&user=qfHceIAAAAAJ&citation_for_view=qfHceIAAAAAJ:qjMakFHDy7sC",
      "authors": "R Gao, Z Si, YY Chang, S Clarke, J Bohg, L Fei-Fei, W Yuan, J Wu",
      "venue": "Proceedings of the IEEE/CVF Conference on Computer Vision and Pattern …, 2022",
      "year": 2022,
      "citations": 86
    },
    {
      "title": "DiffImpact: Differentiable Rendering and Identification of Impact Sounds",
      "url": "https://scholar.google.com/citations?view_op=view_citation&hl=en&user=qfHceIAAAAAJ&citation_for_view=qfHceIAAAAAJ:2osOgNQ5qMEC",
      "authors": "S Clarke, N Heravi, M Rau, R Gao, J Wu, D James, J Bohg",
      "venue": "Conference on Robot Learning, 662-673, 2022",
      "year": 2022,
      "citations": 32
    },
    {
      "title": "Robot learning for manipulation of granular materials using vision and sound",
      "url": "https://scholar.google.com/citations?view_op=view_citation&hl=en&user=qfHceIAAAAAJ&citation_for_view=qfHceIAAAAAJ:9yKSN-GCB0IC",
      "authors": "S Clarke",
      "venue": "Master’s thesis, Carnegie Mellon University Pittsburgh, 2019",
      "year": 2019,
      "citations": 7
    },
    {
      "title": "Learning Audio Feedback for Estimating Amount and Flow of Granular Material",
      "url": "https://scholar.google.com/citations?view_op=view_citation&hl=en&user=qfHceIAAAAAJ&citation_for_view=qfHceIAAAAAJ:d1gkVwhDpl0C",
      "authors": "S Clarke, T Rhodes, CG Atkeson, O Kroemer",
      "venue": "Conference on Robot Learning, 529-550, 2018",
      "year": 2018,
      "citations": 76
    },
    {
      "title": "Naturalmotion: Exploring gesture controls for visualizing time-evolving graphs",
      "url": "https://scholar.google.com/citations?view_op=view_citation&hl=en&user=qfHceIAAAAAJ&citation_for_view=qfHceIAAAAAJ:u-x6o8ySG0sC",
      "authors": "S Clarke, N Dass, DHP Chau",
      "venue": "Proceedings of IEEE VIS (poster session), 2016",
      "year": 2016,
      "citations": 9
    },
    {
      "title": "Latentgesture: active user authentication through background touch analysis",
      "url": "https://scholar.google.com/citations?view_op=view_citation&hl=en&user=qfHceIAAAAAJ&citation_for_view=qfHceIAAAAAJ:u5HHmVD_uO8C",
      "authors": "P Saravanan, S Clarke, DHP Chau, H Zha",
      "venue": "Proceedings of the Second International Symposium of Chinese CHI, 110-113, 2014",
      "year": 2014,
      "citations": 66
    }
  ],
  "co_authors": [
    {
      "name": "Jiajun Wu",
      "scholar_id": "2efgcS0AAAAJ",
      "url": "https://scholar.google.com/citations?user=2efgcS0AAAAJ"
    },
    {
      "name": "Jeannette Bohg",
      "scholar_id": "rjnJnEkAAAAJ",
      "url": "https://scholar.google.com/citations?user=rjnJnEkAAAAJ"
    },
    {
      "name": "Duen Horng Chau",
      "scholar_id": "YON32W4AAAAJ",
      "url": "https://scholar.google.com/citations?user=YON32W4AAAAJ"
    },
    {
      "name": "Doug L. James",
      "scholar_id": "r70ags0AAAAJ",
      "url": "https://scholar.google.com/citations?user=r70ags0AAAAJ"
    },
    {
      "name": "Christopher Granger Atkeson",
      "scholar_id": "NB4pgZYAAAAJ",
      "url": "https://scholar.google.com/citations?user=NB4pgZYAAAAJ"
    },
    {
      "name": "Oliver Kroemer",
      "scholar_id": "_tbXjP4AAAAJ",
      "url": "https://scholar.google.com/citations?user=_tbXjP4AAAAJ"
    },
    {
      "name": "Travers Rhodes",
      "scholar_id": "Bf66PJEAAAAJ",
      "url": "https://scholar.google.com/citations?user=Bf66PJEAAAAJ"
    }
  ]
}