{
  "author_info": {
    "name": "Zhijian Yang",
    "affiliation": "University of Pennsylvania",
    "email_verified": "Verified email at sas.upenn.edu - Homepage",
    "website": "https://zhijian-yang.github.io/",
    "interests": [
      "Deep learning",
      "AI in Healthcare"
    ],
    "photo_url": "https://scholar.googleusercontent.com/citations?view_op=view_photo&user=CdJ2xRIAAAAJ&citpid=1"
  },
  "citation_stats": {
    "citations_all": 902,
    "citations_since_2020": 900,
    "h_index_all": 15,
    "h_index_since_2020": 15,
    "i10_index_all": 19,
    "i10_index_since_2020": 19,
    "citation_graph": [
      {
        "year": 2021,
        "citations": 9
      },
      {
        "year": 2022,
        "citations": 43
      },
      {
        "year": 2023,
        "citations": 136
      },
      {
        "year": 2024,
        "citations": 250
      },
      {
        "year": 2025,
        "citations": 456
      }
    ]
  },
  "papers": [
    {
      "title": "Neuroimaging endophenotypes reveal underlying mechanisms and genetic factors contributing to progression and development of four brain disorders",
      "url": "https://scholar.google.com/citations?view_op=view_citation&hl=en&user=CdJ2xRIAAAAJ&citation_for_view=CdJ2xRIAAAAJ:JV2RwH3_ST0C",
      "authors": "J Wen, I Skampardoni, YE Tian, Z Yang, Y Cui, G Erus, G Hwang, E Varol, ...",
      "venue": "Nature Biomedical Engineering, 1-18, 2025",
      "year": 2025,
      "citations": 14
    },
    {
      "title": "MUTATE: a human genetic atlas of multiorgan artificial intelligence endophenotypes using genome-wide association summary statistics",
      "url": "https://scholar.google.com/citations?view_op=view_citation&hl=en&user=CdJ2xRIAAAAJ&citation_for_view=CdJ2xRIAAAAJ:k_IJM867U9cC",
      "authors": "A Boquet-Pujadas, J Zeng, YE Tian, Z Yang, L Shen, A Zalesky, ...",
      "venue": "Briefings in Bioinformatics 26 (2), bbaf125, 2025",
      "year": 2025,
      "citations": 11
    },
    {
      "title": "Brain aging patterns in a large and diverse cohort of 49,482 individuals",
      "url": "https://scholar.google.com/citations?view_op=view_citation&hl=en&user=CdJ2xRIAAAAJ&citation_for_view=CdJ2xRIAAAAJ:iH-uZ7U-co4C",
      "authors": "Z Yang, J Wen, G Erus, ST Govindarajan, R Melhem, E Mamourian, Y Cui, ...",
      "venue": "Nature medicine 30 (10), 3015-3026, 2024",
      "year": 2024,
      "citations": 57
    },
    {
      "title": "The genetic architecture of multimodal human brain age",
      "url": "https://scholar.google.com/citations?view_op=view_citation&hl=en&user=CdJ2xRIAAAAJ&citation_for_view=CdJ2xRIAAAAJ:7PzlFSSx8tAC",
      "authors": "J Wen, B Zhao, Z Yang, G Erus, I Skampardoni, E Mamourian, Y Cui, ...",
      "venue": "Nature communications 15 (1), 2604, 2024",
      "year": 2024,
      "citations": 54
    },
    {
      "title": "The genetic architecture of biological age in nine human organ systems",
      "url": "https://scholar.google.com/citations?view_op=view_citation&hl=en&user=CdJ2xRIAAAAJ&citation_for_view=CdJ2xRIAAAAJ:3fE2CSJIrl8C",
      "authors": "J Wen, YE Tian, I Skampardoni, Z Yang, Y Cui, F Anagnostakis, ...",
      "venue": "Nature aging 4 (9), 1290-1307, 2024",
      "year": 2024,
      "citations": 50
    },
    {
      "title": "Gene-SGAN: discovering disease subtypes with imaging and genetic signatures via multi-view weakly-supervised deep clustering",
      "url": "https://scholar.google.com/citations?view_op=view_citation&hl=en&user=CdJ2xRIAAAAJ&citation_for_view=CdJ2xRIAAAAJ:4DMP91E08xMC",
      "authors": "Z Yang, J Wen, A Abdulkadir, Y Cui, G Erus, E Mamourian, R Melhem, ...",
      "venue": "Nature Communications 15 (1), 354, 2024",
      "year": 2024,
      "citations": 44
    },
    {
      "title": "Genetic and clinical correlates of two neuroanatomical AI dimensions in the Alzheimer’s disease continuum",
      "url": "https://scholar.google.com/citations?view_op=view_citation&hl=en&user=CdJ2xRIAAAAJ&citation_for_view=CdJ2xRIAAAAJ:_Qo2XoVZTnwC",
      "authors": "J Wen, Z Yang, IM Nasrallah, Y Cui, G Erus, D Srinivasan, A Abdulkadir, ...",
      "venue": "Translational Psychiatry 14 (1), 420, 2024",
      "year": 2024,
      "citations": 32
    },
    {
      "title": "Genetic and Clinical Correlates of AI-Based Brain Aging Patterns in Cognitively Unimpaired Individuals",
      "url": "https://scholar.google.com/citations?view_op=view_citation&hl=en&user=CdJ2xRIAAAAJ&citation_for_view=CdJ2xRIAAAAJ:mVmsd5A6BfQC",
      "authors": "I Skampardoni, IM Nasrallah, A Abdulkadir, J Wen, R Melhem, ...",
      "venue": "JAMA psychiatry 81 (5), 456-467, 2024",
      "year": 2024,
      "citations": 20
    },
    {
      "title": "Dimensional Neuroimaging Endophenotypes: Neurobiological Representations of Disease Heterogeneity Through Machine Learning",
      "url": "https://scholar.google.com/citations?view_op=view_citation&hl=en&user=CdJ2xRIAAAAJ&citation_for_view=CdJ2xRIAAAAJ:Wp0gIr-vW9MC",
      "authors": "J Wen, M Antoniades, Z Yang, G Hwang, I Skampardoni, R Wang, ...",
      "venue": "Biological Psychiatry, 2024",
      "year": 2024,
      "citations": 17
    },
    {
      "title": "Proteomic analyses reveal plasma EFEMP1 and CXCL12 as biomarkers and determinants of neurodegeneration",
      "url": "https://scholar.google.com/citations?view_op=view_citation&hl=en&user=CdJ2xRIAAAAJ&citation_for_view=CdJ2xRIAAAAJ:mB3voiENLucC",
      "authors": "MR Duggan, Z Yang, Y Cui, HE Dark, J Wen, G Erus, TJ Hohman, J Chen, ...",
      "venue": "Alzheimer's & Dementia 20 (9), 6486-6505, 2024",
      "year": 2024,
      "citations": 10
    },
    {
      "title": "Relationship between MRI brain-age heterogeneity, cognition, genetics and Alzheimer’s disease neuropathology",
      "url": "https://scholar.google.com/citations?view_op=view_citation&hl=en&user=CdJ2xRIAAAAJ&citation_for_view=CdJ2xRIAAAAJ:4JMBOYKVnBMC",
      "authors": "M Antoniades, D Srinivasan, J Wen, G Erus, A Abdulkadir, E Mamourian, ...",
      "venue": "EBioMedicine 109, 2024",
      "year": 2024,
      "citations": 7
    },
    {
      "title": "Applications of generative adversarial networks in neuroimaging and clinical neuroscience",
      "url": "https://scholar.google.com/citations?view_op=view_citation&hl=en&user=CdJ2xRIAAAAJ&citation_for_view=CdJ2xRIAAAAJ:ufrVoPGSRksC",
      "authors": "R Wang, V Bashyam, Z Yang, F Yu, V Tassopoulou, SS Chintapalli, ...",
      "venue": "Neuroimage 269, 119898, 2023",
      "year": 2023,
      "citations": 92
    },
    {
      "title": "Genomic loci influence patterns of structural covariance in the human brain",
      "url": "https://scholar.google.com/citations?view_op=view_citation&hl=en&user=CdJ2xRIAAAAJ&citation_for_view=CdJ2xRIAAAAJ:4TOpqqG69KYC",
      "authors": "J Wen, IM Nasrallah, A Abdulkadir, TD Satterthwaite, Z Yang, G Erus, ...",
      "venue": "Proceedings of the National Academy of Sciences 120 (52), e2300842120, 2023",
      "year": 2023,
      "citations": 36
    },
    {
      "title": "Subtyping brain diseases from imaging data",
      "url": "https://scholar.google.com/citations?view_op=view_citation&hl=en&user=CdJ2xRIAAAAJ&citation_for_view=CdJ2xRIAAAAJ:W7OEmFMy1HYC",
      "authors": "J Wen, E Varol, Z Yang, G Hwang, D Dwyer, AF Kazerooni, PA Lalousis, ...",
      "venue": "Machine Learning for Brain Disorders, 491-510, 2023",
      "year": 2023,
      "citations": 24
    },
    {
      "title": "Brain-wide genome-wide colocalization study for integrating genetics, transcriptomics and brain morphometry in Alzheimer's disease",
      "url": "https://scholar.google.com/citations?view_op=view_citation&hl=en&user=CdJ2xRIAAAAJ&citation_for_view=CdJ2xRIAAAAJ:_kc_bZDykSQC",
      "authors": "J Bao, J Wen, Z Wen, S Yang, Y Cui, Z Yang, G Erus, AJ Saykin, Q Long, ...",
      "venue": "NeuroImage 280, 120346, 2023",
      "year": 2023,
      "citations": 15
    },
    {
      "title": "Characterizing Heterogeneity in Neuroimaging, Cognition, Clinical Symptoms, and Genetics Among Patients With Late-Life Depression",
      "url": "https://scholar.google.com/citations?view_op=view_citation&hl=en&user=CdJ2xRIAAAAJ&citation_for_view=CdJ2xRIAAAAJ:YsMSGLbcyi4C",
      "authors": "J Wen, CHY Fu, D Tosun, Y Veturi, Z Yang, A Abdulkadir, E Mamourian, ...",
      "venue": "JAMA psychiatry 79 (5), 464-474, 2022",
      "year": 2022,
      "citations": 133
    },
    {
      "title": "Multi-scale semi-supervised clustering of brain images: deriving disease subtypes",
      "url": "https://scholar.google.com/citations?view_op=view_citation&hl=en&user=CdJ2xRIAAAAJ&citation_for_view=CdJ2xRIAAAAJ:d1gkVwhDpl0C",
      "authors": "J Wen, E Varol, A Sotiras, Z Yang, GB Chand, G Erus, H Shou, ...",
      "venue": "Medical Image Analysis 75, 102304, 2022",
      "year": 2022,
      "citations": 71
    },
    {
      "title": "Surreal-GAN: Semi-Supervised Representation Learning via GAN for uncovering heterogeneous disease-related imaging patterns",
      "url": "https://scholar.google.com/citations?view_op=view_citation&hl=en&user=CdJ2xRIAAAAJ&citation_for_view=CdJ2xRIAAAAJ:Y0pCki6q_DkC",
      "authors": "Z Yang, J Wen, C Davatzikos",
      "venue": "International Conference on Learning Representations (ICLR), 2022",
      "year": 2022,
      "citations": 24
    },
    {
      "title": "A deep learning framework identifies dimensional representations of Alzheimer’s Disease from brain structure",
      "url": "https://scholar.google.com/citations?view_op=view_citation&hl=en&user=CdJ2xRIAAAAJ&citation_for_view=CdJ2xRIAAAAJ:UeHWp8X0CEIC",
      "authors": "Z Yang, IM Nasrallah, H Shou, J Wen, J Doshi, M Habes, G Erus, ...",
      "venue": "Nature communications 12 (1), 7065, 2021",
      "year": 2021,
      "citations": 134
    },
    {
      "title": "Machine learning and statistical prediction of patient quality-of-life after prostate radiation therapy",
      "url": "https://scholar.google.com/citations?view_op=view_citation&hl=en&user=CdJ2xRIAAAAJ&citation_for_view=CdJ2xRIAAAAJ:IjCSPb-OGe4C",
      "authors": "Z Yang, D Olszewski, C He, G Pintea, J Lian, T Chou, RC Chen, B Shtylla",
      "venue": "Computers in Biology and Medicine 129, 104127, 2021",
      "year": 2021,
      "citations": 32
    }
  ],
  "co_authors": [
    {
      "name": "Christos Davatzikos",
      "scholar_id": "RId1qZ8AAAAJ",
      "url": "https://scholar.google.com/citations?user=RId1qZ8AAAAJ"
    },
    {
      "name": "Junhao (Hao) Wen",
      "scholar_id": "4Wq_FukAAAAJ",
      "url": "https://scholar.google.com/citations?user=4Wq_FukAAAAJ"
    },
    {
      "name": "Guray Erus",
      "scholar_id": "RNiP4hsAAAAJ",
      "url": "https://scholar.google.com/citations?user=RNiP4hsAAAAJ"
    },
    {
      "name": "Haochang Shou",
      "scholar_id": "DFwje0AAAAAJ",
      "url": "https://scholar.google.com/citations?user=DFwje0AAAAAJ"
    },
    {
      "name": "Ahmed Abdulkadir",
      "scholar_id": "XqaePW0AAAAJ",
      "url": "https://scholar.google.com/citations?user=XqaePW0AAAAJ"
    }
  ]
}