{
  "author_info": {
    "name": "Yifei Chen",
    "affiliation": "Renmin University of China",
    "email_verified": "Verified email at ruc.edu.cn",
    "interests": [
      "RAG",
      "IR",
      "LLM",
      "agent"
    ],
    "photo_url": "https://scholar.googleusercontent.com/citations?view_op=view_photo&user=nq_-2vUAAAAJ&citpid=2"
  },
  "citation_stats": {
    "citations_all": 105,
    "citations_since_2020": 105,
    "h_index_all": 3,
    "h_index_since_2020": 3,
    "i10_index_all": 3,
    "i10_index_since_2020": 3,
    "citation_graph": [
      {
        "year": 2024,
        "citations": 9
      },
      {
        "year": 2025,
        "citations": 96
      }
    ]
  },
  "papers": [
    {
      "title": "Agentic reinforced policy optimization",
      "url": "https://scholar.google.com/citations?view_op=view_citation&hl=en&user=nq_-2vUAAAAJ&citation_for_view=nq_-2vUAAAAJ:2osOgNQ5qMEC",
      "authors": "G Dong, H Mao, K Ma, L Bao, Y Chen, Z Wang, Z Chen, J Du, H Wang, ...",
      "venue": "arXiv preprint arXiv:2507.19849, 2025",
      "year": 2025,
      "citations": 37
    },
    {
      "title": "Tool-Star: Empowering LLM-Brained Multi-Tool Reasoner via Reinforcement Learning",
      "url": "https://scholar.google.com/citations?view_op=view_citation&hl=en&user=nq_-2vUAAAAJ&citation_for_view=nq_-2vUAAAAJ:d1gkVwhDpl0C",
      "authors": "G Dong, Y Chen, X Li, J Jin, H Qian, Y Zhu, H Mao, G Zhou, Z Dou, ...",
      "venue": "arXiv preprint arXiv:2505.16410, 2025",
      "year": 2025,
      "citations": 33
    },
    {
      "title": "Toward Effective Tool-Integrated Reasoning via Self-Evolved Preference Learning",
      "url": "https://scholar.google.com/citations?view_op=view_citation&hl=en&user=nq_-2vUAAAAJ&citation_for_view=nq_-2vUAAAAJ:qjMakFHDy7sC",
      "authors": "Y Chen, G Dong, Z Dou",
      "venue": "arXiv preprint arXiv:2509.23285, 2025",
      "year": 2025,
      "citations": 2
    },
    {
      "title": "Revisiting RAG Ensemble: A Theoretical and Mechanistic Analysis of Multi-RAG System Collaboration",
      "url": "https://scholar.google.com/citations?view_op=view_citation&hl=en&user=nq_-2vUAAAAJ&citation_for_view=nq_-2vUAAAAJ:9yKSN-GCB0IC",
      "authors": "Y Chen, G Dong, Y Zhu, Z Dou",
      "venue": "arXiv preprint arXiv:2508.13828, 2025",
      "year": 2025,
      "citations": 2
    },
    {
      "title": "Inters: Unlocking the power of large language models in search with instruction tuning",
      "url": "https://scholar.google.com/citations?view_op=view_citation&hl=en&user=nq_-2vUAAAAJ&citation_for_view=nq_-2vUAAAAJ:u-x6o8ySG0sC",
      "authors": "Y Zhu, P Zhang, C Zhang, Y Chen, B Xie, Z Liu, JR Wen, Z Dou",
      "venue": "arXiv preprint arXiv:2401.06532, 2024",
      "year": 2024,
      "citations": 31
    }
  ],
  "co_authors": [
    {
      "name": "Zhicheng Dou",
      "scholar_id": "ChCjAAwAAAAJ",
      "url": "https://scholar.google.com/citations?user=ChCjAAwAAAAJ"
    },
    {
      "name": "Yutao ZHU",
      "scholar_id": "tBqVOWsAAAAJ",
      "url": "https://scholar.google.com/citations?user=tBqVOWsAAAAJ"
    },
    {
      "name": "Guanting Dong",
      "scholar_id": "amozZDkAAAAJ",
      "url": "https://scholar.google.com/citations?user=amozZDkAAAAJ"
    },
    {
      "name": "Ji-Rong Wen",
      "scholar_id": "tbxCHJgAAAAJ",
      "url": "https://scholar.google.com/citations?user=tbxCHJgAAAAJ"
    },
    {
      "name": "Chenghao Zhang",
      "scholar_id": "q4CnV3oAAAAJ",
      "url": "https://scholar.google.com/citations?user=q4CnV3oAAAAJ"
    },
    {
      "name": "Peitian Zhang",
      "scholar_id": "KyH5b58AAAAJ",
      "url": "https://scholar.google.com/citations?user=KyH5b58AAAAJ"
    }
  ]
}