{
  "author_info": {
    "name": "XIAO Yaxin",
    "affiliation": "Post Doc, The Hong Kong Polytechinc University",
    "email_verified": "Verified email at connect.polyu.hk",
    "interests": [
      "adversarial machine learning",
      "machine unlearning",
      "ML privacy and security"
    ],
    "photo_url": "https://scholar.googleusercontent.com/citations?view_op=view_photo&user=spRkQ2oAAAAJ&citpid=3"
  },
  "citation_stats": {
    "citations_all": 66,
    "citations_since_2020": 66,
    "h_index_all": 4,
    "h_index_since_2020": 4,
    "i10_index_all": 3,
    "i10_index_since_2020": 3,
    "citation_graph": [
      {
        "year": 2023,
        "citations": 2
      },
      {
        "year": 2024,
        "citations": 10
      },
      {
        "year": 2025,
        "citations": 54
      }
    ]
  },
  "papers": [
    {
      "title": "A Sample-Level Evaluation and Generative Framework for Model Inversion Attacks",
      "url": "https://scholar.google.com/citations?view_op=view_citation&hl=en&user=spRkQ2oAAAAJ&citation_for_view=spRkQ2oAAAAJ:Tyk-4Ss8FVUC",
      "authors": "H Li, L Bai, Q Ye, H Hu, Y Xiao, H Zheng, J Xu",
      "venue": "Proceedings of the AAAI Conference on Artificial Intelligence 39 (17), 18287 …, 2025",
      "year": 2025,
      "citations": 3
    },
    {
      "title": "“Yes, My LoRD.” Guiding Language Model Extraction with Locality Reinforced Distillation",
      "url": "https://scholar.google.com/citations?view_op=view_citation&hl=en&user=spRkQ2oAAAAJ&citation_for_view=spRkQ2oAAAAJ:YsMSGLbcyi4C",
      "authors": "Z Liang, Q Ye, Y Wang, S Zhang, Y Xiao, R Li, J Xu, H Hu",
      "venue": "Proceedings of the 63rd Annual Meeting of the Association for Computational …, 2025",
      "year": 2025,
      "citations": 2
    },
    {
      "title": "Exploring intrinsic alignments within text corpus",
      "url": "https://scholar.google.com/citations?view_op=view_citation&hl=en&user=spRkQ2oAAAAJ&citation_for_view=spRkQ2oAAAAJ:zYLM7Y9cAGgC",
      "authors": "Z Liang, P Wang, R Zhang, H Hu, S Zhang, Q Ye, N Xu, Y Xiao, C Zhang, ...",
      "venue": "Proceedings of the AAAI Conference on Artificial Intelligence 39 (26), 27455 …, 2025",
      "year": 2025,
      "citations": 2
    },
    {
      "title": "Class-feature Watermark: A Resilient Black-box Watermark Against Model Extraction Attacks",
      "url": "https://scholar.google.com/citations?view_op=view_citation&hl=en&user=spRkQ2oAAAAJ&citation_for_view=spRkQ2oAAAAJ:ufrVoPGSRksC",
      "authors": "Y Xiao, Q Ye, Z Liang, H Li, RH Li, H Zheng, H Hu",
      "venue": "arXiv preprint arXiv:2511.07947, 2025",
      "year": 2025,
      "citations": 0
    },
    {
      "title": "Unlocking High-Fidelity Learning: Towards Neuron-Grained Model Extraction",
      "url": "https://scholar.google.com/citations?view_op=view_citation&hl=en&user=spRkQ2oAAAAJ&citation_for_view=spRkQ2oAAAAJ:eQOLeE2rZwMC",
      "authors": "Y Xiao, H Hu, Q Ye, L Tang, Z Liang, H Zheng",
      "venue": "IEEE Transactions on Dependable and Secure Computing, 2025",
      "year": 2025,
      "citations": 0
    },
    {
      "title": "Does Low Rank Adaptation Lead to Lower Robustness against Training-Time Attacks?",
      "url": "https://scholar.google.com/citations?view_op=view_citation&hl=en&user=spRkQ2oAAAAJ&citation_for_view=spRkQ2oAAAAJ:W7OEmFMy1HYC",
      "authors": "Z Liang, H Hu, Q Ye, Y Xiao, R Li",
      "venue": "arXiv preprint arXiv:2505.12871, 2025",
      "year": 2025,
      "citations": 0
    },
    {
      "title": "Dual Utilization of Perturbation for Stream Data Publication under Local Differential Privacy",
      "url": "https://scholar.google.com/citations?view_op=view_citation&hl=en&user=spRkQ2oAAAAJ&citation_for_view=spRkQ2oAAAAJ:Y0pCki6q_DkC",
      "authors": "R Du, Q Ye, Y Xiao, L Yu, Y Fu, H Hu",
      "venue": "arXiv preprint arXiv:2504.14993, 2025",
      "year": 2025,
      "citations": 0
    },
    {
      "title": "Reminiscence attack on residuals: Exploiting approximate machine unlearning for privacy",
      "url": "https://scholar.google.com/citations?view_op=view_citation&hl=en&user=spRkQ2oAAAAJ&citation_for_view=spRkQ2oAAAAJ:WF5omc3nYNoC",
      "authors": "Y Xiao, Q Ye, L Hu, H Zheng, H Hu, Z Liang, H Li, Y Jiao",
      "venue": "Proceedings of the IEEE/CVF International Conference on Computer Vision …, 2025",
      "year": 2025,
      "citations": 0
    },
    {
      "title": "Why are my prompts leaked? unraveling prompt extraction threats in customized large language models",
      "url": "https://scholar.google.com/citations?view_op=view_citation&hl=en&user=spRkQ2oAAAAJ&citation_for_view=spRkQ2oAAAAJ:UeHWp8X0CEIC",
      "authors": "Z Liang, H Hu, Q Ye, Y Xiao, H Li",
      "venue": "arXiv preprint arXiv:2408.02416, 2024",
      "year": 2024,
      "citations": 18
    },
    {
      "title": "DeepMark: A scalable and robust framework for DeepFake video detection",
      "url": "https://scholar.google.com/citations?view_op=view_citation&hl=en&user=spRkQ2oAAAAJ&citation_for_view=spRkQ2oAAAAJ:2osOgNQ5qMEC",
      "authors": "L Tang, Q Ye, H Hu, Q Xue, Y Xiao, J Li",
      "venue": "ACM Transactions on Privacy and Security 27 (1), 1-26, 2024",
      "year": 2024,
      "citations": 15
    },
    {
      "title": "Alignment-aware model extraction attacks on large language models",
      "url": "https://scholar.google.com/citations?view_op=view_citation&hl=en&user=spRkQ2oAAAAJ&citation_for_view=spRkQ2oAAAAJ:qjMakFHDy7sC",
      "authors": "Z Liang, Q Ye, Y Wang, S Zhang, Y Xiao, R Li, J Xu, H Hu",
      "venue": "",
      "citations": 7,
      "year": 2024
    },
    {
      "title": "Mexmi: Pool-based active model extraction crossover membership inference",
      "url": "https://scholar.google.com/citations?view_op=view_citation&hl=en&user=spRkQ2oAAAAJ&citation_for_view=spRkQ2oAAAAJ:9yKSN-GCB0IC",
      "authors": "Y Xiao, Q Ye, H Hu, H Zheng, C Fang, J Shi",
      "venue": "Advances in Neural Information Processing Systems, 2022",
      "year": 2022,
      "citations": 19
    }
  ],
  "co_authors": []
}