{
  "author_info": {
    "name": "Parikshit Gopalan",
    "affiliation": "Apple",
    "email_verified": "Verified email at apple.com - Homepage",
    "website": "http://parikg.github.io/",
    "interests": [
      "Algorithms",
      "Machine Learning",
      "Coding and Information theory"
    ],
    "photo_url": "https://scholar.googleusercontent.com/citations?view_op=view_photo&user=fb2-dasAAAAJ&citpid=1"
  },
  "citation_stats": {
    "citations_all": 7932,
    "citations_since_2020": 4417,
    "h_index_all": 40,
    "h_index_since_2020": 29,
    "i10_index_all": 70,
    "i10_index_since_2020": 57,
    "citation_graph": [
      {
        "year": 2007,
        "citations": 32
      },
      {
        "year": 2008,
        "citations": 40
      },
      {
        "year": 2009,
        "citations": 71
      },
      {
        "year": 2010,
        "citations": 119
      },
      {
        "year": 2011,
        "citations": 89
      },
      {
        "year": 2012,
        "citations": 122
      },
      {
        "year": 2013,
        "citations": 233
      },
      {
        "year": 2014,
        "citations": 363
      },
      {
        "year": 2015,
        "citations": 338
      },
      {
        "year": 2016,
        "citations": 412
      },
      {
        "year": 2017,
        "citations": 442
      },
      {
        "year": 2018,
        "citations": 508
      },
      {
        "year": 2019,
        "citations": 608
      },
      {
        "year": 2020,
        "citations": 676
      },
      {
        "year": 2021,
        "citations": 735
      },
      {
        "year": 2022,
        "citations": 702
      },
      {
        "year": 2023,
        "citations": 693
      },
      {
        "year": 2024,
        "citations": 803
      },
      {
        "year": 2025,
        "citations": 808
      }
    ]
  },
  "papers": [
    {
      "title": "Omnipredictors",
      "url": "https://scholar.google.com/citations?view_op=view_citation&hl=en&user=fb2-dasAAAAJ&citation_for_view=fb2-dasAAAAJ:geHnlv5EZngC",
      "authors": "P Gopalan, AT Kalai, O Reingold, V Sharan, U Wieder",
      "venue": "arXiv preprint arXiv:2109.05389, 2021",
      "year": 2021,
      "citations": 107
    },
    {
      "title": "Flexible erasure coding with enhanced local protection group structures",
      "url": "https://scholar.google.com/citations?view_op=view_citation&hl=en&user=fb2-dasAAAAJ&citation_for_view=fb2-dasAAAAJ:zA6iFVUQeVQC",
      "authors": "BG Calder, PS Gopalan, C Huang, AW Ogus, H Simitci, SM Yekhanin",
      "venue": "US Patent 10,187,083, 2019",
      "year": 2019,
      "citations": 76
    },
    {
      "title": "Random access in large-scale DNA data storage",
      "url": "https://scholar.google.com/citations?view_op=view_citation&hl=en&user=fb2-dasAAAAJ&citation_for_view=fb2-dasAAAAJ:4OULZ7Gr8RgC",
      "authors": "L Organick, SD Ang, YJ Chen, R Lopez, S Yekhanin, K Makarychev, ...",
      "venue": "Nature biotechnology 36 (3), 242-248, 2018",
      "year": 2018,
      "citations": 879
    },
    {
      "title": "Erasure coding across multiple zones and sub-zones",
      "url": "https://scholar.google.com/citations?view_op=view_citation&hl=en&user=fb2-dasAAAAJ&citation_for_view=fb2-dasAAAAJ:YFjsv_pBGBYC",
      "authors": "S Yekhanin, H Simitci, AW Ogus, J Li, C Huang, PS Gopalan, BG Calder",
      "venue": "US Patent 9,244,761, 2016",
      "year": 2016,
      "citations": 458
    },
    {
      "title": "Erasure coding across multiple zones",
      "url": "https://scholar.google.com/citations?view_op=view_citation&hl=en&user=fb2-dasAAAAJ&citation_for_view=fb2-dasAAAAJ:blknAaTinKkC",
      "authors": "BG Calder, PS Gopalan, C Huang, J Li, AW Ogus, H Simitci, S Yekhanin",
      "venue": "US Patent 9,378,084, 2016",
      "year": 2016,
      "citations": 429
    },
    {
      "title": "Making the long code shorter",
      "url": "https://scholar.google.com/citations?view_op=view_citation&hl=en&user=fb2-dasAAAAJ&citation_for_view=fb2-dasAAAAJ:8k81kl-MbHgC",
      "authors": "B Barak, P Gopalan, J Håstad, R Meka, P Raghavendra, D Steurer",
      "venue": "SIAM Journal on Computing 44 (5), 1287-1324, 2015",
      "year": 2015,
      "citations": 97
    },
    {
      "title": "Explicit maximally recoverable codes with locality",
      "url": "https://scholar.google.com/citations?view_op=view_citation&hl=en&user=fb2-dasAAAAJ&citation_for_view=fb2-dasAAAAJ:4DMP91E08xMC",
      "authors": "P Gopalan, C Huang, B Jenkins, S Yekhanin",
      "venue": "IEEE Transactions on Information Theory 60 (9), 5245-5256, 2014",
      "year": 2014,
      "citations": 167
    },
    {
      "title": "Zombie memory: Extending memory lifetime by reviving dead blocks",
      "url": "https://scholar.google.com/citations?view_op=view_citation&hl=en&user=fb2-dasAAAAJ&citation_for_view=fb2-dasAAAAJ:qxL8FJ1GzNcC",
      "authors": "R Azevedo, JD Davis, K Strauss, P Gopalan, M Manasse, S Yekhanin",
      "venue": "Proceedings of the 40th Annual International Symposium on Computer …, 2013",
      "year": 2013,
      "citations": 84
    },
    {
      "title": "Erasure coding in windows azure storage",
      "url": "https://scholar.google.com/citations?view_op=view_citation&hl=en&user=fb2-dasAAAAJ&citation_for_view=fb2-dasAAAAJ:u5HHmVD_uO8C",
      "authors": "C Huang, H Simitci, Y Xu, A Ogus, B Calder, P Gopalan, J Li, S Yekhanin",
      "venue": "2012 USENIX Annual Technical Conference (USENIX ATC 12), 15-26, 2012",
      "year": 2012,
      "citations": 1412
    },
    {
      "title": "On the locality of codeword symbols",
      "url": "https://scholar.google.com/citations?view_op=view_citation&hl=en&user=fb2-dasAAAAJ&citation_for_view=fb2-dasAAAAJ:d1gkVwhDpl0C",
      "authors": "P Gopalan, C Huang, H Simitci, S Yekhanin",
      "venue": "IEEE Transactions on Information theory 58 (11), 6925-6934, 2012",
      "year": 2012,
      "citations": 950
    },
    {
      "title": "Better pseudorandom generators from milder pseudorandom restrictions",
      "url": "https://scholar.google.com/citations?view_op=view_citation&hl=en&user=fb2-dasAAAAJ&citation_for_view=fb2-dasAAAAJ:roLk4NBRz8UC",
      "authors": "P Gopalan, R Meka, O Reingold, L Trevisan, S Vadhan",
      "venue": "2012 IEEE 53rd Annual Symposium on Foundations of Computer Science, 120-129, 2012",
      "year": 2012,
      "citations": 101
    },
    {
      "title": "Testing Fourier dimensionality and sparsity",
      "url": "https://scholar.google.com/citations?view_op=view_citation&hl=en&user=fb2-dasAAAAJ&citation_for_view=fb2-dasAAAAJ:UeHWp8X0CEIC",
      "authors": "P Gopalan, R O'Donnell, RA Servedio, A Shpilka, K Wimmer",
      "venue": "SIAM Journal on Computing 40 (4), 1075-1100, 2011",
      "year": 2011,
      "citations": 126
    },
    {
      "title": "Matching vector codes",
      "url": "https://scholar.google.com/citations?view_op=view_citation&hl=en&user=fb2-dasAAAAJ&citation_for_view=fb2-dasAAAAJ:IjCSPb-OGe4C",
      "authors": "Z Dvir, P Gopalan, S Yekhanin",
      "venue": "SIAM Journal on Computing 40 (4), 1154-1178, 2011",
      "year": 2011,
      "citations": 118
    },
    {
      "title": "An FPTAS for# knapsack and related counting problems",
      "url": "https://scholar.google.com/citations?view_op=view_citation&hl=en&user=fb2-dasAAAAJ&citation_for_view=fb2-dasAAAAJ:UebtZRa9Y70C",
      "authors": "P Gopalan, A Klivans, R Meka, D Štefankovic, S Vempala, E Vigoda",
      "venue": "2011 IEEE 52nd Annual Symposium on Foundations of Computer Science, 817-826, 2011",
      "year": 2011,
      "citations": 83
    },
    {
      "title": "Bounded independence fools halfspaces",
      "url": "https://scholar.google.com/citations?view_op=view_citation&hl=en&user=fb2-dasAAAAJ&citation_for_view=fb2-dasAAAAJ:9yKSN-GCB0IC",
      "authors": "I Diakonikolas, P Gopalan, R Jaiswal, RA Servedio, E Viola",
      "venue": "SIAM Journal on Computing 39 (8), 3441-3462, 2010",
      "year": 2010,
      "citations": 171
    },
    {
      "title": "On agnostic learning of parities, monomials, and halfspaces",
      "url": "https://scholar.google.com/citations?view_op=view_citation&hl=en&user=fb2-dasAAAAJ&citation_for_view=fb2-dasAAAAJ:Tyk-4Ss8FVUC",
      "authors": "V Feldman, P Gopalan, S Khot, AK Ponnuswami",
      "venue": "SIAM Journal on Computing 39 (2), 606-645, 2009",
      "year": 2009,
      "citations": 323
    },
    {
      "title": "The connectivity of Boolean satisfiability: computational and structural dichotomies",
      "url": "https://scholar.google.com/citations?view_op=view_citation&hl=en&user=fb2-dasAAAAJ&citation_for_view=fb2-dasAAAAJ:qjMakFHDy7sC",
      "authors": "P Gopalan, PG Kolaitis, E Maneva, CH Papadimitriou",
      "venue": "SIAM Journal on Computing 38 (6), 2330-2355, 2009",
      "year": 2009,
      "citations": 221
    },
    {
      "title": "List-decoding Reed-Muller codes over small fields",
      "url": "https://scholar.google.com/citations?view_op=view_citation&hl=en&user=fb2-dasAAAAJ&citation_for_view=fb2-dasAAAAJ:2osOgNQ5qMEC",
      "authors": "P Gopalan, AR Klivans, D Zuckerman",
      "venue": "Proceedings of the fortieth annual ACM symposium on Theory of computing, 265-274, 2008",
      "year": 2008,
      "citations": 88
    },
    {
      "title": "Agnostically learning decision trees",
      "url": "https://scholar.google.com/citations?view_op=view_citation&hl=en&user=fb2-dasAAAAJ&citation_for_view=fb2-dasAAAAJ:Y0pCki6q_DkC",
      "authors": "P Gopalan, AT Kalai, AR Klivans",
      "venue": "Proceedings of the fortieth annual ACM symposium on Theory of computing, 527-536, 2008",
      "year": 2008,
      "citations": 85
    },
    {
      "title": "Estimating the sortedness of a data stream",
      "url": "https://scholar.google.com/citations?view_op=view_citation&hl=en&user=fb2-dasAAAAJ&citation_for_view=fb2-dasAAAAJ:zYLM7Y9cAGgC",
      "authors": "P Gopalan, TS Jayram, R Krauthgamer, R Kumar",
      "venue": "SODA 7, 318-327, 2007",
      "year": 2007,
      "citations": 91
    }
  ],
  "co_authors": [
    {
      "name": "Sergey Yekhanin",
      "scholar_id": "4WEQ8h0AAAAJ",
      "url": "https://scholar.google.com/citations?user=4WEQ8h0AAAAJ"
    },
    {
      "name": "Cheng Huang",
      "scholar_id": "EcxJ43YAAAAJ",
      "url": "https://scholar.google.com/citations?user=EcxJ43YAAAAJ"
    },
    {
      "name": "Huseyin Simitci",
      "scholar_id": "Obnk55YAAAAJ",
      "url": "https://scholar.google.com/citations?user=Obnk55YAAAAJ"
    },
    {
      "name": "Karin Strauss",
      "scholar_id": "tKxzUYwAAAAJ",
      "url": "https://scholar.google.com/citations?user=tKxzUYwAAAAJ"
    },
    {
      "name": "Raghu Meka",
      "scholar_id": "xuDZ9-sAAAAJ",
      "url": "https://scholar.google.com/citations?user=xuDZ9-sAAAAJ"
    },
    {
      "name": "Omer Reingold",
      "scholar_id": "TD9RhcgAAAAJ",
      "url": "https://scholar.google.com/citations?user=TD9RhcgAAAAJ"
    },
    {
      "name": "Udi Wieder",
      "scholar_id": "NlT6TIwAAAAJ",
      "url": "https://scholar.google.com/citations?user=NlT6TIwAAAAJ"
    },
    {
      "name": "Brad Calder",
      "scholar_id": "ToaGb5YAAAAJ",
      "url": "https://scholar.google.com/citations?user=ToaGb5YAAAAJ"
    },
    {
      "name": "Aaron W Ogus",
      "scholar_id": "KKZTD4MAAAAJ",
      "url": "https://scholar.google.com/citations?user=KKZTD4MAAAAJ"
    },
    {
      "name": "Jin Li",
      "scholar_id": "Ld_KnGsAAAAJ",
      "url": "https://scholar.google.com/citations?user=Ld_KnGsAAAAJ"
    },
    {
      "name": "Adam Klivans",
      "scholar_id": "UD87zMYAAAAJ",
      "url": "https://scholar.google.com/citations?user=UD87zMYAAAAJ"
    },
    {
      "name": "Rocco Anthony Servedio",
      "scholar_id": "x7cbdTcAAAAJ",
      "url": "https://scholar.google.com/citations?user=x7cbdTcAAAAJ"
    },
    {
      "name": "Lunjia Hu",
      "scholar_id": "ss7CIgcAAAAJ",
      "url": "https://scholar.google.com/citations?user=ss7CIgcAAAAJ"
    },
    {
      "name": "Vatsal Sharan",
      "scholar_id": "Ize17HEAAAAJ",
      "url": "https://scholar.google.com/citations?user=Ize17HEAAAAJ"
    },
    {
      "name": "Adam Tauman Kalai",
      "scholar_id": "gRxBNZoAAAAJ",
      "url": "https://scholar.google.com/citations?user=gRxBNZoAAAAJ"
    },
    {
      "name": "Prasad Raghavendra",
      "scholar_id": "t5KSayQAAAAJ",
      "url": "https://scholar.google.com/citations?user=t5KSayQAAAAJ"
    },
    {
      "name": "Venkatesan Guruswami",
      "scholar_id": "Es6jE1kAAAAJ",
      "url": "https://scholar.google.com/citations?user=Es6jE1kAAAAJ"
    },
    {
      "name": "Vitaly Feldman",
      "scholar_id": "GqZBmfgAAAAJ",
      "url": "https://scholar.google.com/citations?user=GqZBmfgAAAAJ"
    },
    {
      "name": "David Zuckerman",
      "scholar_id": "MCe-I6wAAAAJ",
      "url": "https://scholar.google.com/citations?user=MCe-I6wAAAAJ"
    },
    {
      "name": "Michael P. Kim",
      "scholar_id": "2sFj-kcAAAAJ",
      "url": "https://scholar.google.com/citations?user=2sFj-kcAAAAJ"
    }
  ]
}