{
  "author_info": {
    "name": "yingya zhang",
    "affiliation": "alibaba group",
    "email_verified": "Verified email at alibaba-inc.com",
    "interests": [],
    "photo_url": "/citations/images/avatar_scholar_128.png"
  },
  "citation_stats": {
    "citations_all": 3909,
    "citations_since_2020": 3796,
    "h_index_all": 29,
    "h_index_since_2020": 27,
    "i10_index_all": 39,
    "i10_index_since_2020": 38,
    "citation_graph": [
      {
        "year": 2015,
        "citations": 13
      },
      {
        "year": 2016,
        "citations": 13
      },
      {
        "year": 2017,
        "citations": 21
      },
      {
        "year": 2018,
        "citations": 22
      },
      {
        "year": 2019,
        "citations": 34
      },
      {
        "year": 2020,
        "citations": 52
      },
      {
        "year": 2021,
        "citations": 79
      },
      {
        "year": 2022,
        "citations": 111
      },
      {
        "year": 2023,
        "citations": 294
      },
      {
        "year": 2024,
        "citations": 1286
      },
      {
        "year": 2025,
        "citations": 1963
      }
    ]
  },
  "papers": [
    {
      "title": "Wan: Open and advanced large-scale video generative models",
      "url": "https://scholar.google.com/citations?view_op=view_citation&hl=en&user=16RDSEUAAAAJ&citation_for_view=16RDSEUAAAAJ:qUcmZB5y_30C",
      "authors": "T Wan, A Wang, B Ai, B Wen, C Mao, CW Xie, D Chen, F Yu, H Zhao, ...",
      "venue": "arXiv preprint arXiv:2503.20314, 2025",
      "year": 2025,
      "citations": 127
    },
    {
      "title": "Unianimate: Taming unified video diffusion models for consistent human image animation",
      "url": "https://scholar.google.com/citations?view_op=view_citation&hl=en&user=16RDSEUAAAAJ&citation_for_view=16RDSEUAAAAJ:ZeXyd9-uunAC",
      "authors": "X Wang, S Zhang, C Gao, J Wang, X Zhou, Y Zhang, L Yan, N Sang",
      "venue": "Science China Information Sciences 68 (10), 1-14, 2025",
      "year": 2025,
      "citations": 79
    },
    {
      "title": "Timestep Embedding Tells: It's Time to Cache for Video Diffusion Model",
      "url": "https://scholar.google.com/citations?view_op=view_citation&hl=en&user=16RDSEUAAAAJ&citation_for_view=16RDSEUAAAAJ:-f6ydRqryjwC",
      "authors": "F Liu, S Zhang, X Wang, Y Wei, H Qiu, Y Zhao, Y Zhang, Q Ye, F Wan",
      "venue": "Proceedings of the Computer Vision and Pattern Recognition Conference, 7353-7363, 2025",
      "year": 2025,
      "citations": 64
    },
    {
      "title": "Dreamvideo: Composing your dream videos with customized subject and motion",
      "url": "https://scholar.google.com/citations?view_op=view_citation&hl=en&user=16RDSEUAAAAJ&citation_for_view=16RDSEUAAAAJ:4DMP91E08xMC",
      "authors": "Y Wei, S Zhang, Z Qing, H Yuan, Z Liu, Y Liu, Y Zhang, J Zhou, H Shan",
      "venue": "Proceedings of the IEEE/CVF Conference on Computer Vision and Pattern …, 2024",
      "year": 2024,
      "citations": 163
    },
    {
      "title": "Clip-guided prototype modulating for few-shot action recognition",
      "url": "https://scholar.google.com/citations?view_op=view_citation&hl=en&user=16RDSEUAAAAJ&citation_for_view=16RDSEUAAAAJ:UebtZRa9Y70C",
      "authors": "X Wang, S Zhang, J Cen, C Gao, Y Zhang, D Zhao, N Sang",
      "venue": "International Journal of Computer Vision 132 (6), 1899-1912, 2024",
      "year": 2024,
      "citations": 99
    },
    {
      "title": "Instructvideo: Instructing video diffusion models with human feedback",
      "url": "https://scholar.google.com/citations?view_op=view_citation&hl=en&user=16RDSEUAAAAJ&citation_for_view=16RDSEUAAAAJ:QIV2ME_5wuYC",
      "authors": "H Yuan, S Zhang, X Wang, Y Wei, T Feng, Y Pan, Y Zhang, Z Liu, ...",
      "venue": "Proceedings of the IEEE/CVF Conference on Computer Vision and Pattern …, 2024",
      "year": 2024,
      "citations": 79
    },
    {
      "title": "A recipe for scaling up text-to-video generation with text-free videos",
      "url": "https://scholar.google.com/citations?view_op=view_citation&hl=en&user=16RDSEUAAAAJ&citation_for_view=16RDSEUAAAAJ:9ZlFYXVOiuMC",
      "authors": "X Wang, S Zhang, H Yuan, Z Qing, B Gong, Y Zhang, Y Shen, C Gao, ...",
      "venue": "Proceedings of the IEEE/CVF Conference on Computer Vision and Pattern …, 2024",
      "year": 2024,
      "citations": 62
    },
    {
      "title": "Hierarchical spatio-temporal decoupling for text-to-video generation",
      "url": "https://scholar.google.com/citations?view_op=view_citation&hl=en&user=16RDSEUAAAAJ&citation_for_view=16RDSEUAAAAJ:Wp0gIr-vW9MC",
      "authors": "Z Qing, S Zhang, J Wang, X Wang, Y Wei, Y Zhang, C Gao, N Sang",
      "venue": "Proceedings of the IEEE/CVF Conference on Computer Vision and Pattern …, 2024",
      "year": 2024,
      "citations": 58
    },
    {
      "title": "Modelscope text-to-video technical report",
      "url": "https://scholar.google.com/citations?view_op=view_citation&hl=en&user=16RDSEUAAAAJ&citation_for_view=16RDSEUAAAAJ:YOwf2qJgpHMC",
      "authors": "J Wang, H Yuan, D Chen, Y Zhang, X Wang, S Zhang",
      "venue": "arXiv preprint arXiv:2308.06571, 2023",
      "year": 2023,
      "citations": 630
    },
    {
      "title": "Videocomposer: Compositional video synthesis with motion controllability",
      "url": "https://scholar.google.com/citations?view_op=view_citation&hl=en&user=16RDSEUAAAAJ&citation_for_view=16RDSEUAAAAJ:Zph67rFs4hoC",
      "authors": "X Wang, H Yuan, S Zhang, D Chen, J Wang, Y Zhang, Y Shen, D Zhao, ...",
      "venue": "Advances in Neural Information Processing Systems 36, 7594-7611, 2023",
      "year": 2023,
      "citations": 474
    },
    {
      "title": "Videofusion: Decomposed diffusion models for high-quality video generation",
      "url": "https://scholar.google.com/citations?view_op=view_citation&hl=en&user=16RDSEUAAAAJ&citation_for_view=16RDSEUAAAAJ:MXK_kJrjxJIC",
      "authors": "Z Luo, D Chen, Y Zhang, Y Huang, L Wang, Y Shen, D Zhao, J Zhou, ...",
      "venue": "arXiv preprint arXiv:2303.08320, 2023",
      "year": 2023,
      "citations": 430
    },
    {
      "title": "I2vgen-xl: High-quality image-to-video synthesis via cascaded diffusion models",
      "url": "https://scholar.google.com/citations?view_op=view_citation&hl=en&user=16RDSEUAAAAJ&citation_for_view=16RDSEUAAAAJ:M3ejUd6NZC8C",
      "authors": "S Zhang, J Wang, Y Zhang, K Zhao, H Yuan, Z Qin, X Wang, D Zhao, ...",
      "venue": "arXiv preprint arXiv:2311.04145, 2023",
      "year": 2023,
      "citations": 310
    },
    {
      "title": "Molo: Motion-augmented long-short contrastive learning for few-shot action recognition",
      "url": "https://scholar.google.com/citations?view_op=view_citation&hl=en&user=16RDSEUAAAAJ&citation_for_view=16RDSEUAAAAJ:KlAtU1dfN6UC",
      "authors": "X Wang, S Zhang, Z Qing, C Gao, Y Zhang, D Zhao, N Sang",
      "venue": "Proceedings of the IEEE/CVF conference on computer vision and pattern …, 2023",
      "year": 2023,
      "citations": 110
    },
    {
      "title": "Dreamtalk: When expressive talking head generation meets diffusion probabilistic models",
      "url": "https://scholar.google.com/citations?view_op=view_citation&hl=en&user=16RDSEUAAAAJ&citation_for_view=16RDSEUAAAAJ:qxL8FJ1GzNcC",
      "authors": "Y Ma, S Zhang, J Wang, X Wang, Y Zhang, Z Deng",
      "venue": "arXiv preprint arXiv:2312.09767 2 (3), 2023",
      "year": 2023,
      "citations": 106
    },
    {
      "title": "Videolcm: Video latent consistency model",
      "url": "https://scholar.google.com/citations?view_op=view_citation&hl=en&user=16RDSEUAAAAJ&citation_for_view=16RDSEUAAAAJ:aqlVkmm33-oC",
      "authors": "X Wang, S Zhang, H Zhang, Y Liu, Y Zhang, C Gao, N Sang",
      "venue": "arXiv preprint arXiv:2312.09109, 2023",
      "year": 2023,
      "citations": 90
    },
    {
      "title": "Distribution adaptive int8 quantization for training cnns",
      "url": "https://scholar.google.com/citations?view_op=view_citation&hl=en&user=16RDSEUAAAAJ&citation_for_view=16RDSEUAAAAJ:roLk4NBRz8UC",
      "authors": "K Zhao, S Huang, P Pan, Y Li, Y Zhang, Z Gu, Y Xu",
      "venue": "Proceedings of the AAAI Conference on Artificial Intelligence 35 (4), 3483-3491, 2021",
      "year": 2021,
      "citations": 93
    },
    {
      "title": "DecentLaM: Decentralized momentum SGD for large-batch deep training",
      "url": "https://scholar.google.com/citations?view_op=view_citation&hl=en&user=16RDSEUAAAAJ&citation_for_view=16RDSEUAAAAJ:_FxGoFyzp5QC",
      "authors": "K Yuan, Y Chen, X Huang, Y Zhang, P Pan, Y Xu, W Yin",
      "venue": "Proceedings of the IEEE/CVF International Conference on Computer Vision …, 2021",
      "year": 2021,
      "citations": 61
    },
    {
      "title": "Eflops: Algorithm and system co-design for a high performance distributed training platform",
      "url": "https://scholar.google.com/citations?view_op=view_citation&hl=en&user=16RDSEUAAAAJ&citation_for_view=16RDSEUAAAAJ:ufrVoPGSRksC",
      "authors": "J Dong, Z Cao, T Zhang, J Ye, S Wang, F Feng, L Zhao, X Liu, L Song, ...",
      "venue": "2020 IEEE International Symposium on High Performance Computer Architecture …, 2020",
      "year": 2020,
      "citations": 85
    },
    {
      "title": "Visual search at alibaba",
      "url": "https://scholar.google.com/citations?view_op=view_citation&hl=en&user=16RDSEUAAAAJ&citation_for_view=16RDSEUAAAAJ:UeHWp8X0CEIC",
      "authors": "Y Zhang, P Pan, Y Zheng, K Zhao, Y Zhang, X Ren, R Jin",
      "venue": "Proceedings of the 24th ACM SIGKDD international conference on knowledge …, 2018",
      "year": 2018,
      "citations": 164
    },
    {
      "title": "Robust subspace clustering via half-quadratic minimization",
      "url": "https://scholar.google.com/citations?view_op=view_citation&hl=en&user=16RDSEUAAAAJ&citation_for_view=16RDSEUAAAAJ:u-x6o8ySG0sC",
      "authors": "Y Zhang, Z Sun, R He, T Tan",
      "venue": "Proceedings of the IEEE International Conference on Computer Vision, 3096-3103, 2013",
      "year": 2013,
      "citations": 63
    }
  ],
  "co_authors": [
    {
      "name": "Kang Zhao",
      "scholar_id": "02H8RBIAAAAJ",
      "url": "https://scholar.google.com/citations?user=02H8RBIAAAAJ"
    },
    {
      "name": "Rong Jin",
      "scholar_id": "CS5uNscAAAAJ",
      "url": "https://scholar.google.com/citations?user=CS5uNscAAAAJ"
    },
    {
      "name": "Zhenan Sun",
      "scholar_id": "PuZGODYAAAAJ",
      "url": "https://scholar.google.com/citations?user=PuZGODYAAAAJ"
    },
    {
      "name": "Ran He, IAPR/IEEE Fellow",
      "scholar_id": "ayrg9AUAAAAJ",
      "url": "https://scholar.google.com/citations?user=ayrg9AUAAAAJ"
    },
    {
      "name": "Kun Yuan",
      "scholar_id": "aMnHLz4AAAAJ",
      "url": "https://scholar.google.com/citations?user=aMnHLz4AAAAJ"
    },
    {
      "name": "Wotao Yin",
      "scholar_id": "kpQGGFUAAAAJ",
      "url": "https://scholar.google.com/citations?user=kpQGGFUAAAAJ"
    }
  ]
}