{
  "author_info": {
    "name": "Yiran Xu",
    "affiliation": "PhD candidate, Fudan University",
    "email_verified": "Verified email at m.fudan.edu.cn",
    "interests": [
      "AI Security",
      "Backdoor Attack",
      "AIGC Detection"
    ],
    "photo_url": "https://scholar.googleusercontent.com/citations?view_op=view_photo&user=eMUkI4MAAAAJ&citpid=2"
  },
  "citation_stats": {
    "citations_all": 122,
    "citations_since_2020": 122,
    "h_index_all": 2,
    "h_index_since_2020": 2,
    "i10_index_all": 1,
    "i10_index_since_2020": 1,
    "citation_graph": [
      {
        "year": 2024,
        "citations": 31
      },
      {
        "year": 2025,
        "citations": 91
      }
    ]
  },
  "papers": [
    {
      "title": "Beyond Generation: A Diffusion-based Low-level Feature Extractor for Detecting AI-generated Images",
      "url": "https://scholar.google.com/citations?view_op=view_citation&hl=en&user=eMUkI4MAAAAJ&citation_for_view=eMUkI4MAAAAJ:Tyk-4Ss8FVUC",
      "authors": "N Zhong, H Chen, Y Xu, Z Qian, X Zhang",
      "venue": "Proceedings of the Computer Vision and Pattern Recognition Conference, 8258-8268, 2025",
      "year": 2025,
      "citations": 4
    },
    {
      "title": "Fine-grained Prompt Screening: Defending Against Backdoor Attack on Text-to-Image Diffusion Models",
      "url": "https://scholar.google.com/citations?view_op=view_citation&hl=en&user=eMUkI4MAAAAJ&citation_for_view=eMUkI4MAAAAJ:IjCSPb-OGe4C",
      "authors": "Y Xu, N Zhong, G Li, A Cheng, Y Wang, Z Qian, X Zhang",
      "venue": "IJCAI 2025, 2025",
      "year": 2025,
      "citations": 0
    },
    {
      "title": "Revocable backdoor for deep model trading",
      "url": "https://scholar.google.com/citations?view_op=view_citation&hl=en&user=eMUkI4MAAAAJ&citation_for_view=eMUkI4MAAAAJ:zYLM7Y9cAGgC",
      "authors": "Y Xu, N Zhong, Z Qian, X Zhang",
      "venue": "ECAI 2024, 2024",
      "year": 2024,
      "citations": 1
    },
    {
      "title": "PatchCraft: Exploring Texture Patch for Efficient AI-generated Image Detection",
      "url": "https://scholar.google.com/citations?view_op=view_citation&hl=en&user=eMUkI4MAAAAJ&citation_for_view=eMUkI4MAAAAJ:d1gkVwhDpl0C",
      "authors": "N Zhong, Y Xu, Z Qian, X Zhang",
      "venue": "arXiv preprint arXiv:2311.12397v3, 2023",
      "year": 2023,
      "citations": 117
    }
  ],
  "co_authors": []
}