{
  "author_info": {
    "name": "Junhao Liang (梁峻豪)",
    "affiliation": "Southern University of Science and Technology in China",
    "email_verified": "Verified email at mail.sustech.edu.cn",
    "interests": [
      "Video Generation",
      "Image Generation",
      "Gait Recognition"
    ],
    "photo_url": "/citations/images/avatar_scholar_128.png"
  },
  "citation_stats": {
    "citations_all": 608,
    "citations_since_2020": 608,
    "h_index_all": 5,
    "h_index_since_2020": 5,
    "i10_index_all": 5,
    "i10_index_since_2020": 5,
    "citation_graph": [
      {
        "year": 2022,
        "citations": 6
      },
      {
        "year": 2023,
        "citations": 82
      },
      {
        "year": 2024,
        "citations": 225
      },
      {
        "year": 2025,
        "citations": 293
      }
    ]
  },
  "papers": [
    {
      "title": "OpenGait: A Comprehensive Benchmark Study for Gait Recognition towards Better Practicality",
      "url": "https://scholar.google.com/citations?view_op=view_citation&hl=en&user=KbSra3UAAAAJ&citation_for_view=KbSra3UAAAAJ:qjMakFHDy7sC",
      "authors": "C Fan, S Hou, J Liang, C Shen, J Ma, D Jin, Y Huang, S Yu",
      "venue": "IEEE Transactions on Pattern Analysis and Machine Intelligence, 2025",
      "year": 2025,
      "citations": 17
    },
    {
      "title": "Subject-diffusion: Open domain personalized text-to-image generation without test-time fine-tuning",
      "url": "https://scholar.google.com/citations?view_op=view_citation&hl=en&user=KbSra3UAAAAJ&citation_for_view=KbSra3UAAAAJ:2osOgNQ5qMEC",
      "authors": "J Ma, J Liang, C Chen, H Lu",
      "venue": "ACM SIGGRAPH 2024 Conference Papers, 1-12, 2024",
      "year": 2024,
      "citations": 177
    },
    {
      "title": "Gait patterns as biomarkers: A video-based approach for classifying scoliosis",
      "url": "https://scholar.google.com/citations?view_op=view_citation&hl=en&user=KbSra3UAAAAJ&citation_for_view=KbSra3UAAAAJ:UeHWp8X0CEIC",
      "authors": "Z Zhou, J Liang, Z Peng, C Fan, F An, S Yu",
      "venue": "International conference on medical image computing and computer-assisted …, 2024",
      "year": 2024,
      "citations": 12
    },
    {
      "title": "Opengait: Revisiting gait recognition towards better practicality",
      "url": "https://scholar.google.com/citations?view_op=view_citation&hl=en&user=KbSra3UAAAAJ&citation_for_view=KbSra3UAAAAJ:d1gkVwhDpl0C",
      "authors": "C Fan, J Liang, C Shen, S Hou, Y Huang, S Yu",
      "venue": "Proceedings of the IEEE/CVF conference on computer vision and pattern …, 2023",
      "year": 2023,
      "citations": 277
    },
    {
      "title": "Gaitedge: Beyond plain end-to-end gait recognition for better practicality",
      "url": "https://scholar.google.com/citations?view_op=view_citation&hl=en&user=KbSra3UAAAAJ&citation_for_view=KbSra3UAAAAJ:u-x6o8ySG0sC",
      "authors": "J Liang, C Fan, S Hou, C Shen, Y Huang, S Yu",
      "venue": "European conference on computer vision, 375-390, 2022",
      "year": 2022,
      "citations": 120
    },
    {
      "title": "Opengait",
      "url": "https://scholar.google.com/citations?view_op=view_citation&hl=en&user=KbSra3UAAAAJ&citation_for_view=KbSra3UAAAAJ:IjCSPb-OGe4C",
      "authors": "C Fan, C Shen, J Liang",
      "venue": "URL: https://github. com/ShiqiYu/OpenGait, 2022",
      "year": 2022,
      "citations": 5
    }
  ],
  "co_authors": [
    {
      "name": "Chao Fan (樊超)",
      "scholar_id": "lgDtKZcAAAAJ",
      "url": "https://scholar.google.com/citations?user=lgDtKZcAAAAJ"
    },
    {
      "name": "Shiqi Yu",
      "scholar_id": "rcrtTYEAAAAJ",
      "url": "https://scholar.google.com/citations?user=rcrtTYEAAAAJ"
    },
    {
      "name": "Chuanfu Shen",
      "scholar_id": "jKJt7rsAAAAJ",
      "url": "https://scholar.google.com/citations?user=jKJt7rsAAAAJ"
    }
  ]
}