{
  "author_info": {
    "name": "Yixin Chen",
    "affiliation": "Professor of Computer Science, Washington University",
    "email_verified": "Verified email at cse.wustl.edu - Homepage",
    "website": "http://www.cse.wustl.edu/~ychen",
    "interests": [
      "graph neural networks",
      "deep learning",
      "machine learning",
      "data science",
      "foundation models"
    ],
    "photo_url": "https://scholar.googleusercontent.com/citations?view_op=view_photo&user=NByrsK0AAAAJ&citpid=9"
  },
  "citation_stats": {
    "citations_all": 27107,
    "citations_since_2020": 17313,
    "h_index_all": 80,
    "h_index_since_2020": 56,
    "i10_index_all": 270,
    "i10_index_since_2020": 181,
    "citation_graph": [
      {
        "year": 2003,
        "citations": 70
      },
      {
        "year": 2004,
        "citations": 98
      },
      {
        "year": 2005,
        "citations": 143
      },
      {
        "year": 2006,
        "citations": 201
      },
      {
        "year": 2007,
        "citations": 213
      },
      {
        "year": 2008,
        "citations": 277
      },
      {
        "year": 2009,
        "citations": 357
      },
      {
        "year": 2010,
        "citations": 326
      },
      {
        "year": 2011,
        "citations": 468
      },
      {
        "year": 2012,
        "citations": 559
      },
      {
        "year": 2013,
        "citations": 608
      },
      {
        "year": 2014,
        "citations": 709
      },
      {
        "year": 2015,
        "citations": 789
      },
      {
        "year": 2016,
        "citations": 892
      },
      {
        "year": 2017,
        "citations": 978
      },
      {
        "year": 2018,
        "citations": 1260
      },
      {
        "year": 2019,
        "citations": 1558
      },
      {
        "year": 2020,
        "citations": 1978
      },
      {
        "year": 2021,
        "citations": 2347
      },
      {
        "year": 2022,
        "citations": 2900
      },
      {
        "year": 2023,
        "citations": 3215
      },
      {
        "year": 2024,
        "citations": 3594
      },
      {
        "year": 2025,
        "citations": 3263
      }
    ]
  },
  "papers": [
    {
      "title": "One for all: Towards training one graph model for all classification tasks",
      "url": "https://scholar.google.com/citations?view_op=view_citation&hl=en&user=NByrsK0AAAAJ&citation_for_view=NByrsK0AAAAJ:CBgv6AxxBp0C",
      "authors": "H Liu, J Feng, L Kong, N Liang, D Tao, Y Chen, M Zhang",
      "venue": "arXiv preprint arXiv:2310.00149, 2023",
      "year": 2023,
      "citations": 223
    },
    {
      "title": "3d-vista: Pre-trained transformer for 3d vision and text alignment",
      "url": "https://scholar.google.com/citations?view_op=view_citation&hl=en&user=NByrsK0AAAAJ&citation_for_view=NByrsK0AAAAJ:0dL35dZyZCwC",
      "authors": "Z Zhu, X Ma, Y Chen, Z Deng, S Huang, Q Li",
      "venue": "Proceedings of the IEEE/CVF International Conference on Computer Vision …, 2023",
      "year": 2023,
      "citations": 212
    },
    {
      "title": "How powerful are k-hop message passing graph neural networks",
      "url": "https://scholar.google.com/citations?view_op=view_citation&hl=en&user=NByrsK0AAAAJ&citation_for_view=NByrsK0AAAAJ:m6NpXP4PQyIC",
      "authors": "J Feng, Y Chen, F Li, A Sarkar, M Zhang",
      "venue": "Advances in Neural Information Processing Systems 35, 4776-4790, 2022",
      "year": 2022,
      "citations": 221
    },
    {
      "title": "BLOCK-DBSCAN: Fast clustering for large scale data",
      "url": "https://scholar.google.com/citations?view_op=view_citation&hl=en&user=NByrsK0AAAAJ&citation_for_view=NByrsK0AAAAJ:23IbrMdp7nQC",
      "authors": "Y Chen, L Zhou, N Bouguila, C Wang, Y Chen, J Du",
      "venue": "Pattern Recognition 109, 107624, 2021",
      "year": 2021,
      "citations": 205
    },
    {
      "title": "Inductive matrix completion based on graph neural networks",
      "url": "https://scholar.google.com/citations?view_op=view_citation&hl=en&user=NByrsK0AAAAJ&citation_for_view=NByrsK0AAAAJ:AimQIn9zGmEC",
      "authors": "M Zhang, Y Chen",
      "venue": "arXiv preprint arXiv:1904.12058, 2019",
      "year": 2019,
      "citations": 375
    },
    {
      "title": "D-vae: A variational autoencoder for directed acyclic graphs",
      "url": "https://scholar.google.com/citations?view_op=view_citation&hl=en&user=NByrsK0AAAAJ&citation_for_view=NByrsK0AAAAJ:O4XjznA6cfkC",
      "authors": "M Zhang, S Jiang, Z Cui, R Garnett, Y Chen",
      "venue": "Advances in neural information processing systems 32, 2019",
      "year": 2019,
      "citations": 271
    },
    {
      "title": "Link prediction based on graph neural networks",
      "url": "https://scholar.google.com/citations?view_op=view_citation&hl=en&user=NByrsK0AAAAJ&citation_for_view=NByrsK0AAAAJ:CrdmdnJxex8C",
      "authors": "M Zhang, Y Chen",
      "venue": "Advances in neural information processing systems 31, 2018",
      "year": 2018,
      "citations": 2949
    },
    {
      "title": "An end-to-end deep learning architecture for graph classification",
      "url": "https://scholar.google.com/citations?view_op=view_citation&hl=en&user=NByrsK0AAAAJ&citation_for_view=NByrsK0AAAAJ:uMOojA9gXroC",
      "authors": "M Zhang, Z Cui, M Neumann, Y Chen",
      "venue": "Proceedings of the AAAI conference on artificial intelligence 32 (1), 2018",
      "year": 2018,
      "citations": 2274
    },
    {
      "title": "Predicting hospital readmission via cost-sensitive deep learning",
      "url": "https://scholar.google.com/citations?view_op=view_citation&hl=en&user=NByrsK0AAAAJ&citation_for_view=NByrsK0AAAAJ:jsRXtjpS08UC",
      "authors": "H Wang, Z Cui, Y Chen, M Avidan, AB Abdallah, A Kronzer",
      "venue": "IEEE/ACM transactions on computational biology and bioinformatics 15 (6 …, 2018",
      "year": 2018,
      "citations": 270
    },
    {
      "title": "Weisfeiler-lehman neural machine for link prediction",
      "url": "https://scholar.google.com/citations?view_op=view_citation&hl=en&user=NByrsK0AAAAJ&citation_for_view=NByrsK0AAAAJ:jT7pUvmeQrMC",
      "authors": "M Zhang, Y Chen",
      "venue": "Proceedings of the 23rd ACM SIGKDD international conference on knowledge …, 2017",
      "year": 2017,
      "citations": 325
    },
    {
      "title": "Multi-scale convolutional neural networks for time series classification",
      "url": "https://scholar.google.com/citations?view_op=view_citation&hl=en&user=NByrsK0AAAAJ&citation_for_view=NByrsK0AAAAJ:MTvNnY4oB4UC",
      "authors": "Z Cui, W Chen, Y Chen",
      "venue": "arXiv preprint arXiv:1603.06995, 2016",
      "year": 2016,
      "citations": 976
    },
    {
      "title": "Compressing convolutional neural networks in the frequency domain",
      "url": "https://scholar.google.com/citations?view_op=view_citation&hl=en&user=NByrsK0AAAAJ&citation_for_view=NByrsK0AAAAJ:vKvsjmpZL3QC",
      "authors": "W Chen, J Wilson, S Tyree, KQ Weinberger, Y Chen",
      "venue": "Proceedings of the 22nd ACM SIGKDD international conference on knowledge …, 2016",
      "year": 2016,
      "citations": 239
    },
    {
      "title": "Compressing Neural Networks with the Hashing Trick",
      "url": "https://scholar.google.com/citations?view_op=view_citation&hl=en&user=NByrsK0AAAAJ&citation_for_view=NByrsK0AAAAJ:PGOTqER0XmoC",
      "authors": "W Chen, J Wilson, S Tyree, K Weinberger, Y Chen",
      "venue": "International Conference on Machine Learning, 2015",
      "year": 2015,
      "citations": 1534
    },
    {
      "title": "Real-time wireless sensor-actuator networks for industrial cyber-physical systems",
      "url": "https://scholar.google.com/citations?view_op=view_citation&hl=en&user=NByrsK0AAAAJ&citation_for_view=NByrsK0AAAAJ:_jjH_pYez2EC",
      "authors": "C Lu, A Saifullah, B Li, M Sha, H Gonzalez, D Gunatilaka, C Wu, L Nie, ...",
      "venue": "Proceedings of the IEEE 104 (5), 1013-1024, 2015",
      "year": 2015,
      "citations": 485
    },
    {
      "title": "Real-time scheduling for WirelessHART networks",
      "url": "https://scholar.google.com/citations?view_op=view_citation&hl=en&user=NByrsK0AAAAJ&citation_for_view=NByrsK0AAAAJ:R3hNpaxXUhUC",
      "authors": "A Saifullah, Y Xu, C Lu, Y Chen",
      "venue": "2010 31st IEEE Real-Time Systems Symposium, 150-159, 2010",
      "year": 2010,
      "citations": 346
    },
    {
      "title": "Stream data clustering based on grid density and attraction",
      "url": "https://scholar.google.com/citations?view_op=view_citation&hl=en&user=NByrsK0AAAAJ&citation_for_view=NByrsK0AAAAJ:miWjVyTa_KoC",
      "authors": "L Tu, Y Chen",
      "venue": "ACM Transactions on Knowledge Discovery from Data (TKDD) 3 (3), 1-27, 2009",
      "year": 2009,
      "citations": 221
    },
    {
      "title": "Density-based clustering for real-time stream data",
      "url": "https://scholar.google.com/citations?view_op=view_citation&hl=en&user=NByrsK0AAAAJ&citation_for_view=NByrsK0AAAAJ:2osOgNQ5qMEC",
      "authors": "Y Chen, L Tu",
      "venue": "Proceedings of the 13th ACM SIGKDD international conference on Knowledge …, 2007",
      "year": 2007,
      "citations": 1068
    },
    {
      "title": "Temporal planning using subgoal partitioning and resolution in SGPlan",
      "url": "https://scholar.google.com/citations?view_op=view_citation&hl=en&user=NByrsK0AAAAJ&citation_for_view=NByrsK0AAAAJ:d1gkVwhDpl0C",
      "authors": "Y Chen, BW Wah, C Hsu",
      "venue": "Journal of Artificial Intelligence Research 26, 323-369, 2006",
      "year": 2006,
      "citations": 246
    },
    {
      "title": "Application of artificial neural networks in the design of controlled release drug delivery systems",
      "url": "https://scholar.google.com/citations?view_op=view_citation&hl=en&user=NByrsK0AAAAJ&citation_for_view=NByrsK0AAAAJ:joaEdbMnRSAC",
      "authors": "Y Sun, Y Peng, Y Chen, AJ Shukla",
      "venue": "Advanced drug delivery reviews 55 (9), 1201-1215, 2003",
      "year": 2003,
      "citations": 327
    },
    {
      "title": "Multi-dimensional regression analysis of time-series data streams",
      "url": "https://scholar.google.com/citations?view_op=view_citation&hl=en&user=NByrsK0AAAAJ&citation_for_view=NByrsK0AAAAJ:u5HHmVD_uO8C",
      "authors": "Y Chen, G Dong, J Han, BW Wah, J Wang",
      "venue": "VLDB'02: Proceedings of the 28th International Conference on Very Large …, 2002",
      "year": 2002,
      "citations": 474
    }
  ],
  "co_authors": [
    {
      "name": "Benjamin W. Wah",
      "scholar_id": "WL8igVEAAAAJ",
      "url": "https://scholar.google.com/citations?user=WL8igVEAAAAJ"
    },
    {
      "name": "Abusayeed Saifullah",
      "scholar_id": "CYwffSUAAAAJ",
      "url": "https://scholar.google.com/citations?user=CYwffSUAAAAJ"
    },
    {
      "name": "Ruoyun Huang",
      "scholar_id": "rYsw7D4AAAAJ",
      "url": "https://scholar.google.com/citations?user=rYsw7D4AAAAJ"
    },
    {
      "name": "Guozhu Dong",
      "scholar_id": "mL6QKeQAAAAJ",
      "url": "https://scholar.google.com/citations?user=mL6QKeQAAAAJ"
    },
    {
      "name": "Jiawei Han",
      "scholar_id": "Kv9AbjMAAAAJ",
      "url": "https://scholar.google.com/citations?user=Kv9AbjMAAAAJ"
    },
    {
      "name": "Minmin Chen",
      "scholar_id": "kR7DersAAAAJ",
      "url": "https://scholar.google.com/citations?user=kR7DersAAAAJ"
    },
    {
      "name": "Yi Pan",
      "scholar_id": "2F-jTfEAAAAJ",
      "url": "https://scholar.google.com/citations?user=2F-jTfEAAAAJ"
    },
    {
      "name": "Joseph O. Deasy, PhD",
      "scholar_id": "3L2Ih0wAAAAJ",
      "url": "https://scholar.google.com/citations?user=3L2Ih0wAAAAJ"
    },
    {
      "name": "Ruibin Xi",
      "scholar_id": "f0DADzYAAAAJ",
      "url": "https://scholar.google.com/citations?user=f0DADzYAAAAJ"
    },
    {
      "name": "xiaohua xu",
      "scholar_id": "DhckaXkAAAAJ",
      "url": "https://scholar.google.com/citations?user=DhckaXkAAAAJ"
    }
  ]
}