{
  "author_info": {
    "name": "Eric Chamoun",
    "affiliation": "PhD student, University of Cambridge",
    "email_verified": "Verified email at cam.ac.uk - Homepage",
    "website": "https://www.linkedin.com/in/eric-chamoun-25b998133/",
    "interests": [
      "Natural Language Processing",
      "Machine Learning"
    ],
    "photo_url": "https://scholar.googleusercontent.com/citations?view_op=view_photo&user=1sHKMQ4AAAAJ&citpid=4"
  },
  "citation_stats": {
    "citations_all": 43,
    "citations_since_2020": 43,
    "h_index_all": 3,
    "h_index_since_2020": 3,
    "i10_index_all": 1,
    "i10_index_since_2020": 1,
    "citation_graph": [
      {
        "year": 2024,
        "citations": 10
      },
      {
        "year": 2025,
        "citations": 32
      }
    ]
  },
  "papers": [
    {
      "title": "MTPA: MultiTask Personalization Assessment",
      "url": "https://scholar.google.com/citations?view_op=view_citation&hl=en&user=1sHKMQ4AAAAJ&citation_for_view=1sHKMQ4AAAAJ:UeHWp8X0CEIC",
      "authors": "M Tehenan, E Chamoun, A Vlachos",
      "venue": "Findings of the Association for Computational Linguistics: EMNLP 2025, 11982 …, 2025",
      "year": 2025,
      "citations": 0
    },
    {
      "title": "Social Good or Scientific Curiosity? Uncovering the Research Framing Behind NLP Artefacts",
      "url": "https://scholar.google.com/citations?view_op=view_citation&hl=en&user=1sHKMQ4AAAAJ&citation_for_view=1sHKMQ4AAAAJ:qjMakFHDy7sC",
      "authors": "E Chamoun, N Ousidhoum, M Schlichtkrull, A Vlachos",
      "venue": "Empirical Methods in Natural Language Processing (EMNLP), 2025",
      "year": 2025,
      "citations": 0
    },
    {
      "title": "Automated Focused Feedback Generation for Scientific Writing Assistance",
      "url": "https://scholar.google.com/citations?view_op=view_citation&hl=en&user=1sHKMQ4AAAAJ&citation_for_view=1sHKMQ4AAAAJ:9yKSN-GCB0IC",
      "authors": "E Chamoun, M Schlichktrull, A Vlachos",
      "venue": "Association for Computational Linguistics (ACL), 2024",
      "year": 2024,
      "citations": 32
    },
    {
      "title": "PRobELM: Plausibility Ranking Evaluation for Language Models",
      "url": "https://scholar.google.com/citations?view_op=view_citation&hl=en&user=1sHKMQ4AAAAJ&citation_for_view=1sHKMQ4AAAAJ:d1gkVwhDpl0C",
      "authors": "Z Yuan, E Chamoun, R Aly, C Whitehouse, A Vlachos",
      "venue": "Conference on Language Modeling (COLM), 2024",
      "year": 2024,
      "citations": 8
    },
    {
      "title": "Automated Fact-Checking in Dialogue: Are Specialized Models Needed?",
      "url": "https://scholar.google.com/citations?view_op=view_citation&hl=en&user=1sHKMQ4AAAAJ&citation_for_view=1sHKMQ4AAAAJ:u-x6o8ySG0sC",
      "authors": "E Chamoun, M Saeidi, A Vlachos",
      "venue": "Empirical Methods in Natural Language Processing (EMNLP), 2023",
      "year": 2023,
      "citations": 3
    }
  ],
  "co_authors": [
    {
      "name": "Andreas Vlachos",
      "scholar_id": "XjWnyM4AAAAJ",
      "url": "https://scholar.google.com/citations?user=XjWnyM4AAAAJ"
    },
    {
      "name": "Michael Sejr Schlichtkrull",
      "scholar_id": "z8YvWyEAAAAJ",
      "url": "https://scholar.google.com/citations?user=z8YvWyEAAAAJ"
    },
    {
      "name": "Rami Aly",
      "scholar_id": "dbzGY5YAAAAJ",
      "url": "https://scholar.google.com/citations?user=dbzGY5YAAAAJ"
    },
    {
      "name": "Chenxi Whitehouse",
      "scholar_id": "MxJqtPIAAAAJ",
      "url": "https://scholar.google.com/citations?user=MxJqtPIAAAAJ"
    },
    {
      "name": "Moy Yuan",
      "scholar_id": "VFRl2CoAAAAJ",
      "url": "https://scholar.google.com/citations?user=VFRl2CoAAAAJ"
    },
    {
      "name": "Marzieh Saeidi",
      "scholar_id": "IKtAxx4AAAAJ",
      "url": "https://scholar.google.com/citations?user=IKtAxx4AAAAJ"
    },
    {
      "name": "Nedjma Ousidhoum",
      "scholar_id": "6ZZtzmQAAAAJ",
      "url": "https://scholar.google.com/citations?user=6ZZtzmQAAAAJ"
    }
  ]
}