{
  "author_info": {
    "name": "Yizhou Zhao",
    "affiliation": "Carnegie Mellon University",
    "email_verified": "Verified email at andrew.cmu.edu",
    "interests": [],
    "photo_url": "https://scholar.googleusercontent.com/citations?view_op=view_photo&user=nVKRaf4AAAAJ&citpid=2"
  },
  "citation_stats": {
    "citations_all": 154,
    "citations_since_2020": 154,
    "h_index_all": 7,
    "h_index_since_2020": 7,
    "i10_index_all": 4,
    "i10_index_since_2020": 4,
    "citation_graph": [
      {
        "year": 2022,
        "citations": 4
      },
      {
        "year": 2023,
        "citations": 22
      },
      {
        "year": 2024,
        "citations": 46
      },
      {
        "year": 2025,
        "citations": 82
      }
    ]
  },
  "papers": [
    {
      "title": "Geometry aware operator transformer as an efficient and accurate neural surrogate for pdes on arbitrary domains",
      "url": "https://scholar.google.com/citations?view_op=view_citation&hl=en&user=nVKRaf4AAAAJ&citation_for_view=nVKRaf4AAAAJ:_FxGoFyzp5QC",
      "authors": "S Wen, A Kumbhat, L Lingsch, S Mousavi, Y Zhao, P Chandrashekar, ...",
      "venue": "arXiv preprint arXiv:2505.18781, 2025",
      "year": 2025,
      "citations": 3
    },
    {
      "title": "HoliGS: Holistic Gaussian Splatting for Embodied View Synthesis",
      "url": "https://scholar.google.com/citations?view_op=view_citation&hl=en&user=nVKRaf4AAAAJ&citation_for_view=nVKRaf4AAAAJ:hqOjcs7Dif8C",
      "authors": "X Wang, Y Zhao, B Ye, X Shan, W Lyu, L Qi, KCK Chan, Y Li, MH Yang",
      "venue": "arXiv preprint arXiv:2506.19291, 2025",
      "year": 2025,
      "citations": 2
    },
    {
      "title": "Masiv: Toward material-agnostic system identification from videos",
      "url": "https://scholar.google.com/citations?view_op=view_citation&hl=en&user=nVKRaf4AAAAJ&citation_for_view=nVKRaf4AAAAJ:0EnyYjriUFMC",
      "authors": "Y Zhao, H Chen, C Liu, Z Li, C Herrmann, J Hur, Y Li, MH Yang, B Raj, ...",
      "venue": "arXiv preprint arXiv:2508.01112, 2025",
      "year": 2025,
      "citations": 1
    },
    {
      "title": "Aligning Proteins and Language: A Foundation Model for Protein Retrieval",
      "url": "https://scholar.google.com/citations?view_op=view_citation&hl=en&user=nVKRaf4AAAAJ&citation_for_view=nVKRaf4AAAAJ:Se3iqnhoufwC",
      "authors": "Q Wu, Z Liu, H Zhu, Y Zhao, D Kihara, M Xu",
      "venue": "arXiv preprint arXiv:2506.08023, 2025",
      "year": 2025,
      "citations": 1
    },
    {
      "title": "BOE-ViT: Boosting Orientation Estimation with Equivariance in Self-Supervised 3D Subtomogram Alignment",
      "url": "https://scholar.google.com/citations?view_op=view_citation&hl=en&user=nVKRaf4AAAAJ&citation_for_view=nVKRaf4AAAAJ:UebtZRa9Y70C",
      "authors": "R Jiang, J Daggett, S Pingulkar, Y Zhao, P Dhingra, D Brown, Q Wu, ...",
      "venue": "Proceedings of the Computer Vision and Pattern Recognition Conference, 29352 …, 2025",
      "year": 2025,
      "citations": 1
    },
    {
      "title": "MVGFormer: Multi-View Perspective with Graph-guided Transformer for Cryo-ET Segmentation",
      "url": "https://scholar.google.com/citations?view_op=view_citation&hl=en&user=nVKRaf4AAAAJ&citation_for_view=nVKRaf4AAAAJ:MXK_kJrjxJIC",
      "authors": "H Li, X Li, H Wang, J Shi, H Chen, Y Zhao, B Du, J Barthelemy, D Kihara, ...",
      "venue": "Knowledge-Based Systems, 114810, 2025",
      "year": 2025,
      "citations": 0
    },
    {
      "title": "CryoCCD: Conditional Cycle-consistent Diffusion with Biophysical Modeling for Cryo-EM Synthesis",
      "url": "https://scholar.google.com/citations?view_op=view_citation&hl=en&user=nVKRaf4AAAAJ&citation_for_view=nVKRaf4AAAAJ:roLk4NBRz8UC",
      "authors": "R Jiang, G Zhang, Y Yang, S Wu, M Wu, W Feng, Y Zhao, X Xiao, X Wang, ...",
      "venue": "arXiv preprint arXiv:2505.23444, 2025",
      "year": 2025,
      "citations": 0
    },
    {
      "title": "Total-Editing: Head Avatar with Editable Appearance, Motion, and Lighting",
      "url": "https://scholar.google.com/citations?view_op=view_citation&hl=en&user=nVKRaf4AAAAJ&citation_for_view=nVKRaf4AAAAJ:ufrVoPGSRksC",
      "authors": "Y Zhao, C Liu, H Chen, B Raj, M Xu, T Baltrusaitis, M Rundle, HT Wu, ...",
      "venue": "arXiv preprint arXiv:2505.20582, 2025",
      "year": 2025,
      "citations": 0
    },
    {
      "title": "Toward Material-Agnostic System Identification from Videos",
      "url": "https://scholar.google.com/citations?view_op=view_citation&hl=en&user=nVKRaf4AAAAJ&citation_for_view=nVKRaf4AAAAJ:8k81kl-MbHgC",
      "authors": "Y Zhao, H Chen, C Liu, Z Li, C Herrmann, J Hur, Y Li, MH Yang, B Raj, ...",
      "venue": "Proceedings of the IEEE/CVF International Conference on Computer Vision …, 2025",
      "year": 2025,
      "citations": 0
    },
    {
      "title": "Metric from human: Zero-shot monocular metric depth estimation via test-time adaptation",
      "url": "https://scholar.google.com/citations?view_op=view_citation&hl=en&user=nVKRaf4AAAAJ&citation_for_view=nVKRaf4AAAAJ:eQOLeE2rZwMC",
      "authors": "Y Zhao, H Bian, K Chen, P Ji, L Qu, S Lin, W Yu, H Li, H Chen, J Shen, ...",
      "venue": "Advances in Neural Information Processing Systems 37, 104724-104753, 2024",
      "year": 2024,
      "citations": 9
    },
    {
      "title": "Synergistic global-space camera and human reconstruction from videos",
      "url": "https://scholar.google.com/citations?view_op=view_citation&hl=en&user=nVKRaf4AAAAJ&citation_for_view=nVKRaf4AAAAJ:Y0pCki6q_DkC",
      "authors": "Y Zhao, TY Wang, B Raj, M Xu, J Yang, CHP Huang",
      "venue": "Proceedings of the IEEE/CVF Conference on Computer Vision and Pattern …, 2024",
      "year": 2024,
      "citations": 8
    },
    {
      "title": "Cryosam: Training-free cryoet tomogram segmentation with foundation models",
      "url": "https://scholar.google.com/citations?view_op=view_citation&hl=en&user=nVKRaf4AAAAJ&citation_for_view=nVKRaf4AAAAJ:YsMSGLbcyi4C",
      "authors": "Y Zhao, H Bian, M Mu, MR Uddin, Z Li, X Li, T Wang, M Xu",
      "venue": "International Conference on Medical Image Computing and Computer-Assisted …, 2024",
      "year": 2024,
      "citations": 7
    },
    {
      "title": "Training-free CryoET Tomogram Segmentation",
      "url": "https://scholar.google.com/citations?view_op=view_citation&hl=en&user=nVKRaf4AAAAJ&citation_for_view=nVKRaf4AAAAJ:5nxA0vEk-isC",
      "authors": "Y Zhao, H Bian, M Mu, MR Uddin, Z Li, X Li, T Wang, M Xu",
      "venue": "ArXiv, arXiv: 2407.06833 v1, 2024",
      "year": 2024,
      "citations": 2
    },
    {
      "title": "Point Resampling and Ray Transformation Aid to Editable NeRF Models",
      "url": "https://scholar.google.com/citations?view_op=view_citation&hl=en&user=nVKRaf4AAAAJ&citation_for_view=nVKRaf4AAAAJ:WF5omc3nYNoC",
      "authors": "Z Li, Z Chen, F Qu, M Wang, Y Zhao, K Zhang, Y Peng",
      "venue": "arXiv preprint arXiv:2405.07306, 2024",
      "year": 2024,
      "citations": 2
    },
    {
      "title": "Breaking filter bubble: A reinforcement learning framework of controllable recommender system",
      "url": "https://scholar.google.com/citations?view_op=view_citation&hl=en&user=nVKRaf4AAAAJ&citation_for_view=nVKRaf4AAAAJ:qjMakFHDy7sC",
      "authors": "Z Li, Y Dong, C Gao, Y Zhao, D Li, J Hao, K Zhang, Y Li, Z Wang",
      "venue": "Proceedings of the ACM web conference 2023, 4041-4049, 2023",
      "year": 2023,
      "citations": 25
    },
    {
      "title": "Towards noise-tolerant speech-referring video object segmentation: Bridging speech and text",
      "url": "https://scholar.google.com/citations?view_op=view_citation&hl=en&user=nVKRaf4AAAAJ&citation_for_view=nVKRaf4AAAAJ:Tyk-4Ss8FVUC",
      "authors": "X Li, J Wang, X Xu, M Yang, F Yang, Y Zhao, R Singh, B Raj",
      "venue": "Proceedings of the 2023 Conference on Empirical Methods in Natural Language …, 2023",
      "year": 2023,
      "citations": 17
    },
    {
      "title": "Semantic-aligned fusion transformer for one-shot object detection",
      "url": "https://scholar.google.com/citations?view_op=view_citation&hl=en&user=nVKRaf4AAAAJ&citation_for_view=nVKRaf4AAAAJ:u5HHmVD_uO8C",
      "authors": "Y Zhao, X Guo, Y Lu",
      "venue": "Proceedings of the IEEE/CVF Conference on Computer Vision and Pattern …, 2022",
      "year": 2022,
      "citations": 42
    },
    {
      "title": "Alignment-guided Temporal Attention for Video Action Recognition",
      "url": "https://scholar.google.com/citations?view_op=view_citation&hl=en&user=nVKRaf4AAAAJ&citation_for_view=nVKRaf4AAAAJ:zYLM7Y9cAGgC",
      "authors": "Y Zhao, Z Li, X Guo, Y Lu",
      "venue": "Advances in Neural Information Processing Systems 35, 13627-13639, 2022",
      "year": 2022,
      "citations": 32
    },
    {
      "title": "Impact of the stratosphere on the sea surface temperature and ENSO based on HadGEM control runs comparing high top and low top model configurations.",
      "url": "https://scholar.google.com/citations?view_op=view_citation&hl=en&user=nVKRaf4AAAAJ&citation_for_view=nVKRaf4AAAAJ:9yKSN-GCB0IC",
      "authors": "S Cai, W Zhang, Y Zhao",
      "venue": "Idöjárás 124 (1), 2020",
      "year": 2020,
      "citations": 0
    },
    {
      "title": "On Integration of Any Factor with Distance for Navigation: Walk Safely and Fast Enough",
      "url": "https://scholar.google.com/citations?view_op=view_citation&hl=en&user=nVKRaf4AAAAJ&citation_for_view=nVKRaf4AAAAJ:u-x6o8ySG0sC",
      "authors": "Y Zhao, Y Xie, S Ahvar",
      "venue": "2019 IEEE 23rd International Enterprise Distributed Object Computing …, 2019",
      "year": 2019,
      "citations": 2
    }
  ],
  "co_authors": [
    {
      "name": "Min Xu",
      "scholar_id": "Y3Cqt0cAAAAJ",
      "url": "https://scholar.google.com/citations?user=Y3Cqt0cAAAAJ"
    },
    {
      "name": "Bhiksha Raj",
      "scholar_id": "IWcGY98AAAAJ",
      "url": "https://scholar.google.com/citations?user=IWcGY98AAAAJ"
    },
    {
      "name": "Xun Guo",
      "scholar_id": "Ow4R8-EAAAAJ",
      "url": "https://scholar.google.com/citations?user=Ow4R8-EAAAAJ"
    },
    {
      "name": "Yan Lu",
      "scholar_id": "djk5l-4AAAAJ",
      "url": "https://scholar.google.com/citations?user=djk5l-4AAAAJ"
    },
    {
      "name": "Ming-Hsuan Yang",
      "scholar_id": "p9-ohHsAAAAJ",
      "url": "https://scholar.google.com/citations?user=p9-ohHsAAAAJ"
    },
    {
      "name": "Chun-Hao Paul Huang",
      "scholar_id": "LphRgywAAAAJ",
      "url": "https://scholar.google.com/citations?user=LphRgywAAAAJ"
    },
    {
      "name": "Yinxiao Li",
      "scholar_id": "kZsIU74AAAAJ",
      "url": "https://scholar.google.com/citations?user=kZsIU74AAAAJ"
    },
    {
      "name": "Charles Herrmann",
      "scholar_id": "LQvi5XAAAAAJ",
      "url": "https://scholar.google.com/citations?user=LQvi5XAAAAAJ"
    },
    {
      "name": "Junhwa Hur",
      "scholar_id": "z4dNJdkAAAAJ",
      "url": "https://scholar.google.com/citations?user=z4dNJdkAAAAJ"
    },
    {
      "name": "Kamran Ghasedi Dizaji",
      "scholar_id": "l2ARN0kAAAAJ",
      "url": "https://scholar.google.com/citations?user=l2ARN0kAAAAJ"
    },
    {
      "name": "Tadas Baltrušaitis",
      "scholar_id": "xPqd-FMAAAAJ",
      "url": "https://scholar.google.com/citations?user=xPqd-FMAAAAJ"
    },
    {
      "name": "Tuanfeng Y. Wang",
      "scholar_id": "NJmBzK4AAAAJ",
      "url": "https://scholar.google.com/citations?user=NJmBzK4AAAAJ"
    },
    {
      "name": "Jimei Yang",
      "scholar_id": "GwKF9rMAAAAJ",
      "url": "https://scholar.google.com/citations?user=GwKF9rMAAAAJ"
    }
  ]
}