{
  "author_info": {
    "name": "Ted Briscoe",
    "affiliation": "Professor of Natural Language Processing, MBZUAI",
    "email_verified": "Verified email at mbzuai.ac.ae - Homepage",
    "website": "http://www.cl.cam.ac.uk/~ejb1/",
    "interests": [
      "Computational Linguistics",
      "Natural Language Processing",
      "Evolutionary Linguistics"
    ],
    "photo_url": "https://scholar.googleusercontent.com/citations?view_op=view_photo&user=qNP6lAwAAAAJ&citpid=3"
  },
  "citation_stats": {
    "citations_all": 13766,
    "citations_since_2020": 4335,
    "h_index_all": 58,
    "h_index_since_2020": 24,
    "i10_index_all": 106,
    "i10_index_since_2020": 39,
    "citation_graph": [
      {
        "year": 1990,
        "citations": 41
      },
      {
        "year": 1991,
        "citations": 54
      },
      {
        "year": 1992,
        "citations": 105
      },
      {
        "year": 1993,
        "citations": 129
      },
      {
        "year": 1994,
        "citations": 162
      },
      {
        "year": 1995,
        "citations": 207
      },
      {
        "year": 1996,
        "citations": 191
      },
      {
        "year": 1997,
        "citations": 192
      },
      {
        "year": 1998,
        "citations": 282
      },
      {
        "year": 1999,
        "citations": 266
      },
      {
        "year": 2000,
        "citations": 255
      },
      {
        "year": 2001,
        "citations": 201
      },
      {
        "year": 2002,
        "citations": 317
      },
      {
        "year": 2003,
        "citations": 343
      },
      {
        "year": 2004,
        "citations": 306
      },
      {
        "year": 2005,
        "citations": 343
      },
      {
        "year": 2006,
        "citations": 397
      },
      {
        "year": 2007,
        "citations": 464
      },
      {
        "year": 2008,
        "citations": 455
      },
      {
        "year": 2009,
        "citations": 359
      },
      {
        "year": 2010,
        "citations": 418
      },
      {
        "year": 2011,
        "citations": 327
      },
      {
        "year": 2012,
        "citations": 368
      },
      {
        "year": 2013,
        "citations": 396
      },
      {
        "year": 2014,
        "citations": 378
      },
      {
        "year": 2015,
        "citations": 311
      },
      {
        "year": 2016,
        "citations": 407
      },
      {
        "year": 2017,
        "citations": 391
      },
      {
        "year": 2018,
        "citations": 460
      },
      {
        "year": 2019,
        "citations": 590
      },
      {
        "year": 2020,
        "citations": 557
      },
      {
        "year": 2021,
        "citations": 698
      },
      {
        "year": 2022,
        "citations": 723
      },
      {
        "year": 2023,
        "citations": 891
      },
      {
        "year": 2024,
        "citations": 764
      },
      {
        "year": 2025,
        "citations": 673
      }
    ]
  },
  "papers": [
    {
      "title": "Grammatical error correction: A survey of the state of the art",
      "url": "https://scholar.google.com/citations?view_op=view_citation&hl=en&user=qNP6lAwAAAAJ&citation_for_view=qNP6lAwAAAAJ:UUAsIpEgjrcC",
      "authors": "C Bryant, Z Yuan, MR Qorib, H Cao, HT Ng, T Briscoe",
      "venue": "Computational Linguistics 49 (3), 643-701, 2023",
      "year": 2023,
      "citations": 454
    },
    {
      "title": "The BEA-2019 shared task on grammatical error correction",
      "url": "https://scholar.google.com/citations?view_op=view_citation&hl=en&user=qNP6lAwAAAAJ&citation_for_view=qNP6lAwAAAAJ:kmGFBRAO0EoC",
      "authors": "C Bryant, M Felice, ØE Andersen, T Briscoe",
      "venue": "Proceedings of the fourteenth workshop on innovative use of NLP for building …, 2019",
      "year": 2019,
      "citations": 453
    },
    {
      "title": "Automatic annotation and evaluation of error types for grammatical error correction",
      "url": "https://scholar.google.com/citations?view_op=view_citation&hl=en&user=qNP6lAwAAAAJ&citation_for_view=qNP6lAwAAAAJ:EUsVPkoNztoC",
      "authors": "C Bryant, M Felice, T Briscoe",
      "venue": "Proceedings of the 55th annual meeting of the association for computational …, 2017",
      "year": 2017,
      "citations": 446
    },
    {
      "title": "Automated assessment of examination scripts",
      "url": "https://scholar.google.com/citations?view_op=view_citation&hl=en&user=qNP6lAwAAAAJ&citation_for_view=qNP6lAwAAAAJ:tOudhMTPpwUC",
      "authors": "T Briscoe, B Medlock, O Andersen",
      "venue": "US Patent 9,679,256, 2017",
      "year": 2017,
      "citations": 260
    },
    {
      "title": "Grammatical error correction using neural machine translation",
      "url": "https://scholar.google.com/citations?view_op=view_citation&hl=en&user=qNP6lAwAAAAJ&citation_for_view=qNP6lAwAAAAJ:ZWXmI6zqLYMC",
      "authors": "Z Yuan, T Briscoe",
      "venue": "Proceedings of the 2016 conference of the north American Chapter of the …, 2016",
      "year": 2016,
      "citations": 323
    },
    {
      "title": "Text readability assessment for second language learners",
      "url": "https://scholar.google.com/citations?view_op=view_citation&hl=en&user=qNP6lAwAAAAJ&citation_for_view=qNP6lAwAAAAJ:S9ByAo1SvpUC",
      "authors": "M Xia, E Kochmar, T Briscoe",
      "venue": "Proceedings of the 11th workshop on innovative use of NLP for building …, 2016",
      "year": 2016,
      "citations": 252
    },
    {
      "title": "The CoNLL-2014 shared task on grammatical error correction",
      "url": "https://scholar.google.com/citations?view_op=view_citation&hl=en&user=qNP6lAwAAAAJ&citation_for_view=qNP6lAwAAAAJ:_r6PDwDh8pAC",
      "authors": "HT Ng, SM Wu, T Briscoe, C Hadiwinoto, RH Susanto, C Bryant",
      "venue": "Proceedings of the eighteenth conference on computational natural language …, 2014",
      "year": 2014,
      "citations": 824
    },
    {
      "title": "A new dataset and method for automatically grading ESOL texts",
      "url": "https://scholar.google.com/citations?view_op=view_citation&hl=en&user=qNP6lAwAAAAJ&citation_for_view=qNP6lAwAAAAJ:3fE2CSJIrl8C",
      "authors": "H Yannakoudakis, T Briscoe, B Medlock",
      "venue": "Proceedings of the 49th Annual Meeting of the Association for Computational …, 2011",
      "year": 2011,
      "citations": 762
    },
    {
      "title": "Weakly supervised learning for hedge classification in scientific literature",
      "url": "https://scholar.google.com/citations?view_op=view_citation&hl=en&user=qNP6lAwAAAAJ&citation_for_view=qNP6lAwAAAAJ:dhFuZR0502QC",
      "authors": "B Medlock, T Briscoe",
      "venue": "ANNUAL MEETING-ASSOCIATION FOR COMPUTATIONAL LINGUISTICS 45 (1), 992, 2007",
      "year": 2007,
      "citations": 295
    },
    {
      "title": "The second release of the RASP system",
      "url": "https://scholar.google.com/citations?view_op=view_citation&hl=en&user=qNP6lAwAAAAJ&citation_for_view=qNP6lAwAAAAJ:_kc_bZDykSQC",
      "authors": "T Briscoe, J Carroll, R Watson",
      "venue": "Proceedings of the COLING/ACL on Interactive presentation sessions, 77-80, 2006",
      "year": 2006,
      "citations": 460
    },
    {
      "title": "Robust accurate statistical annotation of general text",
      "url": "https://scholar.google.com/citations?view_op=view_citation&hl=en&user=qNP6lAwAAAAJ&citation_for_view=qNP6lAwAAAAJ:ULOm3_A8WrAC",
      "authors": "T Briscoe, J Carroll",
      "venue": "Proceedings of the 3rd International Conference on Language Resources and …, 2002",
      "year": 2002,
      "citations": 368
    },
    {
      "title": "Grammatical acquisition and linguistic selection",
      "url": "https://scholar.google.com/citations?view_op=view_citation&hl=en&user=qNP6lAwAAAAJ&citation_for_view=qNP6lAwAAAAJ:k_IJM867U9cC",
      "authors": "T Briscoe, CUP Book",
      "venue": "Linguistic evolution through language acquisition: formal and computational …, 2002",
      "year": 2002,
      "citations": 305
    },
    {
      "title": "Grammatical acquisition: Inductive bias and coevolution of language and the language acquisition device",
      "url": "https://scholar.google.com/citations?view_op=view_citation&hl=en&user=qNP6lAwAAAAJ&citation_for_view=qNP6lAwAAAAJ:qxL8FJ1GzNcC",
      "authors": "T Briscoe",
      "venue": "Language, 245-296, 2000",
      "year": 2000,
      "citations": 235
    },
    {
      "title": "Parser evaluation: a survey and a new proposal",
      "url": "https://scholar.google.com/citations?view_op=view_citation&hl=en&user=qNP6lAwAAAAJ&citation_for_view=qNP6lAwAAAAJ:YOwf2qJgpHMC",
      "authors": "J Carroll, T Briscoe, A Sanfilippo",
      "venue": "Proceedings of the 1st International Conference on Language Resources and …, 1998",
      "year": 1998,
      "citations": 322
    },
    {
      "title": "Automatic extraction of subcategorization from corpora",
      "url": "https://scholar.google.com/citations?view_op=view_citation&hl=en&user=qNP6lAwAAAAJ&citation_for_view=qNP6lAwAAAAJ:KlAtU1dfN6UC",
      "authors": "T Briscoe, J Carroll",
      "venue": "Proceedings of the fifth conference on Applied natural language processing …, 1997",
      "year": 1997,
      "citations": 445
    },
    {
      "title": "Natural language processing in medicine: an overview",
      "url": "https://scholar.google.com/citations?view_op=view_citation&hl=en&user=qNP6lAwAAAAJ&citation_for_view=qNP6lAwAAAAJ:bu5pTcyXo34C",
      "authors": "P Spyns",
      "venue": "Methods of information in medicine 35 (04/05), 285-301, 1996",
      "year": 1996,
      "citations": 245
    },
    {
      "title": "Using the framework",
      "url": "https://scholar.google.com/citations?view_op=view_citation&hl=en&user=qNP6lAwAAAAJ&citation_for_view=qNP6lAwAAAAJ:hMod-77fHWUC",
      "authors": "R Cooper, D Crouch, J Van Eijck, C Fox, J Van Genabith, J Jaspars, ...",
      "venue": "Technical Report LRE 62-051 D-16, The FraCaS Consortium, 1996",
      "year": 1996,
      "citations": 230
    },
    {
      "title": "Semi-productive polysemy and sense extension",
      "url": "https://scholar.google.com/citations?view_op=view_citation&hl=en&user=qNP6lAwAAAAJ&citation_for_view=qNP6lAwAAAAJ:Zph67rFs4hoC",
      "authors": "A Copestake, T Briscoe",
      "venue": "Journal of semantics 12 (1), 15-67, 1995",
      "year": 1995,
      "citations": 666
    },
    {
      "title": "Generalized probabilistic LR parsing of natural language (corpora) with unification-based grammars",
      "url": "https://scholar.google.com/citations?view_op=view_citation&hl=en&user=qNP6lAwAAAAJ&citation_for_view=qNP6lAwAAAAJ:kNdYIx-mwKoC",
      "authors": "T Briscoe, J Carroll",
      "venue": "Computational linguistics 19 (1), 25-59, 1993",
      "year": 1993,
      "citations": 474
    },
    {
      "title": "Computational lexicography for natural language processing",
      "url": "https://scholar.google.com/citations?view_op=view_citation&hl=en&user=qNP6lAwAAAAJ&citation_for_view=qNP6lAwAAAAJ:ntg98fmFLVcC",
      "authors": "B Boguraev, T Briscoe",
      "venue": "Longman Publishing Group, 1989",
      "year": 1989,
      "citations": 400
    }
  ],
  "co_authors": [
    {
      "name": "John A. Carroll",
      "scholar_id": "p_gHNi4AAAAJ",
      "url": "https://scholar.google.com/citations?user=p_gHNi4AAAAJ"
    },
    {
      "name": "Ann Copestake",
      "scholar_id": "wqzh1HwAAAAJ",
      "url": "https://scholar.google.com/citations?user=wqzh1HwAAAAJ"
    },
    {
      "name": "Christopher Bryant",
      "scholar_id": "jMq-Pg4AAAAJ",
      "url": "https://scholar.google.com/citations?user=jMq-Pg4AAAAJ"
    },
    {
      "name": "Helen Yannakoudakis",
      "scholar_id": "B3WGvRsAAAAJ",
      "url": "https://scholar.google.com/citations?user=B3WGvRsAAAAJ"
    },
    {
      "name": "Claire Grover",
      "scholar_id": "n_F6-wwAAAAJ",
      "url": "https://scholar.google.com/citations?user=n_F6-wwAAAAJ"
    },
    {
      "name": "Zheng Yuan",
      "scholar_id": "7B4GHsMAAAAJ",
      "url": "https://scholar.google.com/citations?user=7B4GHsMAAAAJ"
    },
    {
      "name": "Antonio Sanfilippo",
      "scholar_id": "24SlfB0AAAAJ",
      "url": "https://scholar.google.com/citations?user=24SlfB0AAAAJ"
    },
    {
      "name": "Hwee Tou Ng",
      "scholar_id": "FABZCeAAAAAJ",
      "url": "https://scholar.google.com/citations?user=FABZCeAAAAAJ"
    },
    {
      "name": "Ekaterina Kochmar",
      "scholar_id": "e2HTYnkAAAAJ",
      "url": "https://scholar.google.com/citations?user=e2HTYnkAAAAJ"
    },
    {
      "name": "Anna Korhonen",
      "scholar_id": "SCoVoOYAAAAJ",
      "url": "https://scholar.google.com/citations?user=SCoVoOYAAAAJ"
    },
    {
      "name": "Marek Rei",
      "scholar_id": "nNeD95EAAAAJ",
      "url": "https://scholar.google.com/citations?user=nNeD95EAAAAJ"
    },
    {
      "name": "Caroline Gasperin",
      "scholar_id": "Ss4cvncAAAAJ",
      "url": "https://scholar.google.com/citations?user=Ss4cvncAAAAJ"
    },
    {
      "name": "Valeria de Paiva",
      "scholar_id": "AYdo1hMAAAAJ",
      "url": "https://scholar.google.com/citations?user=AYdo1hMAAAAJ"
    },
    {
      "name": "Judita Preiss",
      "scholar_id": "i8PP1qkAAAAJ",
      "url": "https://scholar.google.com/citations?user=i8PP1qkAAAAJ"
    },
    {
      "name": "Andreas Vlachos",
      "scholar_id": "XjWnyM4AAAAJ",
      "url": "https://scholar.google.com/citations?user=XjWnyM4AAAAJ"
    },
    {
      "name": "Ronan Cummins",
      "scholar_id": "wQEvGP0AAAAJ",
      "url": "https://scholar.google.com/citations?user=wQEvGP0AAAAJ"
    },
    {
      "name": "Alex Lascarides",
      "scholar_id": "fVRKVf4AAAAJ",
      "url": "https://scholar.google.com/citations?user=fVRKVf4AAAAJ"
    },
    {
      "name": "Youmna Farag",
      "scholar_id": "qUR_CY4AAAAJ",
      "url": "https://scholar.google.com/citations?user=qUR_CY4AAAAJ"
    },
    {
      "name": "Menglin Xia",
      "scholar_id": "0_NzsskAAAAJ",
      "url": "https://scholar.google.com/citations?user=0_NzsskAAAAJ"
    },
    {
      "name": "Ian Lewin",
      "scholar_id": "zTJI-N8AAAAJ",
      "url": "https://scholar.google.com/citations?user=zTJI-N8AAAAJ"
    }
  ]
}