{
  "author_info": {
    "name": "Mudit Gaur",
    "affiliation": "Purdue University",
    "email_verified": "Verified email at purdue.edu",
    "interests": [
      "Reinforcement Learning"
    ],
    "photo_url": "/citations/images/avatar_scholar_128.png"
  },
  "citation_stats": {
    "citations_all": 21,
    "citations_since_2020": 21,
    "h_index_all": 3,
    "h_index_since_2020": 3,
    "i10_index_all": 0,
    "i10_index_since_2020": 0,
    "citation_graph": [
      {
        "year": 2023,
        "citations": 2
      },
      {
        "year": 2024,
        "citations": 6
      },
      {
        "year": 2025,
        "citations": 13
      }
    ]
  },
  "papers": [
    {
      "title": "On The Sample Complexity Bounds In Bilevel Reinforcement Learning",
      "url": "https://scholar.google.com/citations?view_op=view_citation&hl=en&user=aA4GjhAAAAAJ&citation_for_view=aA4GjhAAAAAJ:Tyk-4Ss8FVUC",
      "authors": "M Gaur, U Singh, AS Bedi, R Pasupathy, V Aggarwal",
      "venue": "Neural Information Processing Systems 2025, 2025",
      "year": 2025,
      "citations": 3
    },
    {
      "title": "Discrete State Diffusion Models: A Sample Complexity Perspective",
      "url": "https://scholar.google.com/citations?view_op=view_citation&hl=en&user=aA4GjhAAAAAJ&citation_for_view=aA4GjhAAAAAJ:YsMSGLbcyi4C",
      "authors": "A Srikanth, M Gaur, V Aggarwal",
      "venue": "arXiv preprint arXiv:2510.10854, 2025",
      "year": 2025,
      "citations": 0
    },
    {
      "title": "Sample Complexity of Diffusion Model Training Without Empirical Risk Minimizer Access",
      "url": "https://scholar.google.com/citations?view_op=view_citation&hl=en&user=aA4GjhAAAAAJ&citation_for_view=aA4GjhAAAAAJ:Y0pCki6q_DkC",
      "authors": "M Gaur, P Trivedi, S Kunapuli, AS Bedi, V Aggarwal",
      "venue": "arXiv preprint arXiv:2505.18344, 2025",
      "year": 2025,
      "citations": 0
    },
    {
      "title": "Closing the gap: Achieving global convergence (last iterate) of actor-critic under markovian sampling with neural network parametrization",
      "url": "https://scholar.google.com/citations?view_op=view_citation&hl=en&user=aA4GjhAAAAAJ&citation_for_view=aA4GjhAAAAAJ:qjMakFHDy7sC",
      "authors": "M Gaur, AS Bedi, D Wang, V Aggarwal",
      "venue": "International Conference of Machine Learning, 15153-15179, 2024",
      "year": 2024,
      "citations": 7
    },
    {
      "title": "On the global convergence of online rlhf with neural parametrization",
      "url": "https://scholar.google.com/citations?view_op=view_citation&hl=en&user=aA4GjhAAAAAJ&citation_for_view=aA4GjhAAAAAJ:IjCSPb-OGe4C",
      "authors": "M Gaur, AS Bedi, R Pasupathy, V Aggarwal",
      "venue": "arXiv preprint arXiv:2410.15610, 2024",
      "year": 2024,
      "citations": 2
    },
    {
      "title": "On the global convergence of natural actor-critic with two-layer neural network parametrization",
      "url": "https://scholar.google.com/citations?view_op=view_citation&hl=en&user=aA4GjhAAAAAJ&citation_for_view=aA4GjhAAAAAJ:9yKSN-GCB0IC",
      "authors": "M Gaur, AS Bedi, D Wang, V Aggarwal",
      "venue": "arXiv preprint arXiv:2306.10486, 2023",
      "year": 2023,
      "citations": 6
    },
    {
      "title": "On the global convergence of fitted Q-iteration with two-layer neural network parametrization",
      "url": "https://scholar.google.com/citations?view_op=view_citation&hl=en&user=aA4GjhAAAAAJ&citation_for_view=aA4GjhAAAAAJ:d1gkVwhDpl0C",
      "authors": "M Gaur, V Aggarwal, M Agarwal",
      "venue": "International Conference on Machine Learning, 11013-11049, 2023",
      "year": 2023,
      "citations": 3
    }
  ],
  "co_authors": [
    {
      "name": "Vaneet Aggarwal",
      "scholar_id": "Tu4lmGwAAAAJ",
      "url": "https://scholar.google.com/citations?user=Tu4lmGwAAAAJ"
    },
    {
      "name": "Amrit Singh Bedi",
      "scholar_id": "91WLA6QAAAAJ",
      "url": "https://scholar.google.com/citations?user=91WLA6QAAAAJ"
    },
    {
      "name": "Di Wang",
      "scholar_id": "5hGRe_QAAAAJ",
      "url": "https://scholar.google.com/citations?user=5hGRe_QAAAAJ"
    },
    {
      "name": "Mridul Agarwal",
      "scholar_id": "LlUC-pIAAAAJ",
      "url": "https://scholar.google.com/citations?user=LlUC-pIAAAAJ"
    }
  ]
}