{
  "author_info": {
    "name": "Angjoo Kanazawa",
    "affiliation": "UC Berkeley",
    "email_verified": "Verified email at berkeley.edu - Homepage",
    "website": "https://people.eecs.berkeley.edu/~kanazawa/",
    "interests": [
      "Computer Vision",
      "Computer Graphics",
      "Machine Learning"
    ],
    "photo_url": "https://scholar.googleusercontent.com/citations?view_op=view_photo&user=Ci-_QYIAAAAJ&citpid=8"
  },
  "citation_stats": {
    "citations_all": 26313,
    "citations_since_2020": 24890,
    "h_index_all": 56,
    "h_index_since_2020": 56,
    "i10_index_all": 74,
    "i10_index_since_2020": 74,
    "citation_graph": [
      {
        "year": 2017,
        "citations": 126
      },
      {
        "year": 2018,
        "citations": 308
      },
      {
        "year": 2019,
        "citations": 799
      },
      {
        "year": 2020,
        "citations": 1252
      },
      {
        "year": 2021,
        "citations": 1972
      },
      {
        "year": 2022,
        "citations": 2703
      },
      {
        "year": 2023,
        "citations": 4581
      },
      {
        "year": 2024,
        "citations": 7148
      },
      {
        "year": 2025,
        "citations": 7170
      }
    ]
  },
  "papers": [
    {
      "title": "Nerfstudio: A modular framework for neural radiance field development",
      "url": "https://scholar.google.com/citations?view_op=view_citation&hl=en&user=Ci-_QYIAAAAJ&citation_for_view=Ci-_QYIAAAAJ:GnPB-g6toBAC",
      "authors": "M Tancik, E Weber, E Ng, R Li, B Yi, T Wang, A Kristoffersen, J Austin, ...",
      "venue": "ACM SIGGRAPH 2023 conference proceedings, 1-12, 2023",
      "year": 2023,
      "citations": 912
    },
    {
      "title": "K-planes: Explicit radiance fields in space, time, and appearance",
      "url": "https://scholar.google.com/citations?view_op=view_citation&hl=en&user=Ci-_QYIAAAAJ&citation_for_view=Ci-_QYIAAAAJ:BqipwSGYUEgC",
      "authors": "S Fridovich-Keil, G Meanti, FR Warburg, B Recht, A Kanazawa",
      "venue": "Proceedings of the IEEE/CVF Conference on Computer Vision and Pattern …, 2023",
      "year": 2023,
      "citations": 805
    },
    {
      "title": "Lerf: Language embedded radiance fields",
      "url": "https://scholar.google.com/citations?view_op=view_citation&hl=en&user=Ci-_QYIAAAAJ&citation_for_view=Ci-_QYIAAAAJ:NaGl4SEjCO4C",
      "authors": "J Kerr, CM Kim, K Goldberg, A Kanazawa, M Tancik",
      "venue": "Proceedings of the IEEE/CVF international conference on computer vision …, 2023",
      "year": 2023,
      "citations": 586
    },
    {
      "title": "Instruct-nerf2nerf: Editing 3d scenes with instructions",
      "url": "https://scholar.google.com/citations?view_op=view_citation&hl=en&user=Ci-_QYIAAAAJ&citation_for_view=Ci-_QYIAAAAJ:J_g5lzvAfSwC",
      "authors": "A Haque, M Tancik, AA Efros, A Holynski, A Kanazawa",
      "venue": "Proceedings of the IEEE/CVF international conference on computer vision …, 2023",
      "year": 2023,
      "citations": 574
    },
    {
      "title": "Humans in 4d: Reconstructing and tracking humans with transformers",
      "url": "https://scholar.google.com/citations?view_op=view_citation&hl=en&user=Ci-_QYIAAAAJ&citation_for_view=Ci-_QYIAAAAJ:ldfaerwXgEUC",
      "authors": "S Goel, G Pavlakos, J Rajasegaran, A Kanazawa, J Malik",
      "venue": "Proceedings of the IEEE/CVF International Conference on Computer Vision …, 2023",
      "year": 2023,
      "citations": 361
    },
    {
      "title": "Plenoxels: Radiance fields without neural networks",
      "url": "https://scholar.google.com/citations?view_op=view_citation&hl=en&user=Ci-_QYIAAAAJ&citation_for_view=Ci-_QYIAAAAJ:4JMBOYKVnBMC",
      "authors": "S Fridovich-Keil, A Yu, M Tancik, Q Chen, B Recht, A Kanazawa",
      "venue": "Proceedings of the IEEE/CVF conference on computer vision and pattern …, 2022",
      "year": 2022,
      "citations": 2120
    },
    {
      "title": "pixelnerf: Neural radiance fields from one or few images",
      "url": "https://scholar.google.com/citations?view_op=view_citation&hl=en&user=Ci-_QYIAAAAJ&citation_for_view=Ci-_QYIAAAAJ:_kc_bZDykSQC",
      "authors": "A Yu, V Ye, M Tancik, A Kanazawa",
      "venue": "Proceedings of the IEEE/CVF conference on computer vision and pattern …, 2021",
      "year": 2021,
      "citations": 2233
    },
    {
      "title": "Plenoctrees for real-time rendering of neural radiance fields",
      "url": "https://scholar.google.com/citations?view_op=view_citation&hl=en&user=Ci-_QYIAAAAJ&citation_for_view=Ci-_QYIAAAAJ:4DMP91E08xMC",
      "authors": "A Yu, R Li, M Tancik, H Li, R Ng, A Kanazawa",
      "venue": "Proceedings of the IEEE/CVF international conference on computer vision …, 2021",
      "year": 2021,
      "citations": 1346
    },
    {
      "title": "Ai choreographer: Music conditioned 3d dance generation with aist++",
      "url": "https://scholar.google.com/citations?view_op=view_citation&hl=en&user=Ci-_QYIAAAAJ&citation_for_view=Ci-_QYIAAAAJ:qUcmZB5y_30C",
      "authors": "R Li, S Yang, DA Ross, A Kanazawa",
      "venue": "Proceedings of the IEEE/CVF international conference on computer vision …, 2021",
      "year": 2021,
      "citations": 842
    },
    {
      "title": "Amp: Adversarial motion priors for stylized physics-based character control",
      "url": "https://scholar.google.com/citations?view_op=view_citation&hl=en&user=Ci-_QYIAAAAJ&citation_for_view=Ci-_QYIAAAAJ:Wp0gIr-vW9MC",
      "authors": "XB Peng, Z Ma, P Abbeel, S Levine, A Kanazawa",
      "venue": "ACM Transactions on Graphics (ToG) 40 (4), 1-20, 2021",
      "year": 2021,
      "citations": 617
    },
    {
      "title": "Proceedings of the IEEE/CVF conference on computer vision and pattern recognition",
      "url": "https://scholar.google.com/citations?view_op=view_citation&hl=en&user=Ci-_QYIAAAAJ&citation_for_view=Ci-_QYIAAAAJ:LPZeul_q3PIC",
      "authors": "A Yu, V Ye, M Tancik, A Kanazawa",
      "venue": "Proceedings of the IEEE/CVF Conference on Computer Vision and Pattern …, 2020",
      "year": 2020,
      "citations": 863
    },
    {
      "title": "Pifu: Pixel-aligned implicit function for high-resolution clothed human digitization",
      "url": "https://scholar.google.com/citations?view_op=view_citation&hl=en&user=Ci-_QYIAAAAJ&citation_for_view=Ci-_QYIAAAAJ:UebtZRa9Y70C",
      "authors": "S Saito, Z Huang, R Natsume, S Morishima, A Kanazawa, H Li",
      "venue": "Proceedings of the IEEE/CVF international conference on computer vision …, 2019",
      "year": 2019,
      "citations": 1657
    },
    {
      "title": "Learning 3d human dynamics from video",
      "url": "https://scholar.google.com/citations?view_op=view_citation&hl=en&user=Ci-_QYIAAAAJ&citation_for_view=Ci-_QYIAAAAJ:LkGwnXOMwfcC",
      "authors": "A Kanazawa, JY Zhang, P Felsen, J Malik",
      "venue": "Proceedings of the IEEE/CVF conference on computer vision and pattern …, 2019",
      "year": 2019,
      "citations": 678
    },
    {
      "title": "End-to-end recovery of human shape and pose",
      "url": "https://scholar.google.com/citations?view_op=view_citation&hl=en&user=Ci-_QYIAAAAJ&citation_for_view=Ci-_QYIAAAAJ:Y0pCki6q_DkC",
      "authors": "A Kanazawa, MJ Black, DW Jacobs, J Malik",
      "venue": "Proceedings of the IEEE conference on computer vision and pattern …, 2018",
      "year": 2018,
      "citations": 2432
    },
    {
      "title": "Learning category-specific mesh reconstruction from image collections",
      "url": "https://scholar.google.com/citations?view_op=view_citation&hl=en&user=Ci-_QYIAAAAJ&citation_for_view=Ci-_QYIAAAAJ:W7OEmFMy1HYC",
      "authors": "A Kanazawa, S Tulsiani, AA Efros, J Malik",
      "venue": "Proceedings of the European conference on computer vision (ECCV), 371-386, 2018",
      "year": 2018,
      "citations": 739
    },
    {
      "title": "Sfsnet: Learning shape, reflectance and illuminance of facesin the wild'",
      "url": "https://scholar.google.com/citations?view_op=view_citation&hl=en&user=Ci-_QYIAAAAJ&citation_for_view=Ci-_QYIAAAAJ:Tyk-4Ss8FVUC",
      "authors": "S Sengupta, A Kanazawa, CD Castillo, DW Jacobs",
      "venue": "Proceedings of the IEEE conference on computer vision and pattern …, 2018",
      "year": 2018,
      "citations": 394
    },
    {
      "title": "Sfv: Reinforcement learning of physical skills from videos",
      "url": "https://scholar.google.com/citations?view_op=view_citation&hl=en&user=Ci-_QYIAAAAJ&citation_for_view=Ci-_QYIAAAAJ:_FxGoFyzp5QC",
      "authors": "XB Peng, A Kanazawa, J Malik, P Abbeel, S Levine",
      "venue": "ACM Transactions On Graphics (TOG) 37 (6), 1-14, 2018",
      "year": 2018,
      "citations": 311
    },
    {
      "title": "Variational discriminator bottleneck: Improving imitation learning, inverse rl, and gans by constraining information flow",
      "url": "https://scholar.google.com/citations?view_op=view_citation&hl=en&user=Ci-_QYIAAAAJ&citation_for_view=Ci-_QYIAAAAJ:ufrVoPGSRksC",
      "authors": "XB Peng, A Kanazawa, S Toyer, P Abbeel, S Levine",
      "venue": "arXiv preprint arXiv:1810.00821, 2018",
      "year": 2018,
      "citations": 294
    },
    {
      "title": "3D menagerie: Modeling the 3D shape and pose of animals",
      "url": "https://scholar.google.com/citations?view_op=view_citation&hl=en&user=Ci-_QYIAAAAJ&citation_for_view=Ci-_QYIAAAAJ:IjCSPb-OGe4C",
      "authors": "S Zuffi, A Kanazawa, DW Jacobs, MJ Black",
      "venue": "Proceedings of the IEEE conference on computer vision and pattern …, 2017",
      "year": 2017,
      "citations": 541
    },
    {
      "title": "Keep it SMPL: Automatic estimation of 3D human pose and shape from a single image",
      "url": "https://scholar.google.com/citations?view_op=view_citation&hl=en&user=Ci-_QYIAAAAJ&citation_for_view=Ci-_QYIAAAAJ:UeHWp8X0CEIC",
      "authors": "F Bogo, A Kanazawa, C Lassner, P Gehler, J Romero, MJ Black",
      "venue": "European conference on computer vision, 561-578, 2016",
      "year": 2016,
      "citations": 2118
    }
  ],
  "co_authors": [
    {
      "name": "Jitendra MALIK",
      "scholar_id": "aOklxsQAAAAJ",
      "url": "https://scholar.google.com/citations?user=aOklxsQAAAAJ"
    },
    {
      "name": "Matthew Tancik",
      "scholar_id": "l0Bj7U8AAAAJ",
      "url": "https://scholar.google.com/citations?user=l0Bj7U8AAAAJ"
    },
    {
      "name": "Michael J. Black",
      "scholar_id": "6NjbexEAAAAJ",
      "url": "https://scholar.google.com/citations?user=6NjbexEAAAAJ"
    },
    {
      "name": "Vickie Ye",
      "scholar_id": "UFo0PcAAAAAJ",
      "url": "https://scholar.google.com/citations?user=UFo0PcAAAAAJ"
    },
    {
      "name": "Georgios Pavlakos",
      "scholar_id": "iH2BZ8UAAAAJ",
      "url": "https://scholar.google.com/citations?user=iH2BZ8UAAAAJ"
    },
    {
      "name": "David W. Jacobs",
      "scholar_id": "WH2KmRgAAAAJ",
      "url": "https://scholar.google.com/citations?user=WH2KmRgAAAAJ"
    },
    {
      "name": "Justin Kerr",
      "scholar_id": "k6fOmQgAAAAJ",
      "url": "https://scholar.google.com/citations?user=k6fOmQgAAAAJ"
    },
    {
      "name": "Ethan Weber",
      "scholar_id": "zw1TzeEAAAAJ",
      "url": "https://scholar.google.com/citations?user=zw1TzeEAAAAJ"
    },
    {
      "name": "Alexei A. Efros",
      "scholar_id": "d97bGd8AAAAJ",
      "url": "https://scholar.google.com/citations?user=d97bGd8AAAAJ"
    },
    {
      "name": "Noah Snavely",
      "scholar_id": "Db4BCX8AAAAJ",
      "url": "https://scholar.google.com/citations?user=Db4BCX8AAAAJ"
    },
    {
      "name": "Alex Yu",
      "scholar_id": "LltfiXgAAAAJ",
      "url": "https://scholar.google.com/citations?user=LltfiXgAAAAJ"
    },
    {
      "name": "Brent Yi",
      "scholar_id": "Ecy6lXwAAAAJ",
      "url": "https://scholar.google.com/citations?user=Ecy6lXwAAAAJ"
    },
    {
      "name": "Aleksander Holynski",
      "scholar_id": "ypBMJMgAAAAJ",
      "url": "https://scholar.google.com/citations?user=ypBMJMgAAAAJ"
    },
    {
      "name": "Chung Min Kim",
      "scholar_id": "ODr5lMgAAAAJ",
      "url": "https://scholar.google.com/citations?user=ODr5lMgAAAAJ"
    },
    {
      "name": "Pieter Abbeel",
      "scholar_id": "vtwH6GkAAAAJ",
      "url": "https://scholar.google.com/citations?user=vtwH6GkAAAAJ"
    },
    {
      "name": "Christoph Lassner",
      "scholar_id": "o_M5CBMAAAAJ",
      "url": "https://scholar.google.com/citations?user=o_M5CBMAAAAJ"
    },
    {
      "name": "Ken Goldberg",
      "scholar_id": "8fztli4AAAAJ",
      "url": "https://scholar.google.com/citations?user=8fztli4AAAAJ"
    },
    {
      "name": "Hao Li",
      "scholar_id": "NFeigSoAAAAJ",
      "url": "https://scholar.google.com/citations?user=NFeigSoAAAAJ"
    },
    {
      "name": "Benjamin Recht",
      "scholar_id": "a_dbdxAAAAAJ",
      "url": "https://scholar.google.com/citations?user=a_dbdxAAAAAJ"
    },
    {
      "name": "Sara Fridovich-Keil",
      "scholar_id": "9xF7M6wAAAAJ",
      "url": "https://scholar.google.com/citations?user=9xF7M6wAAAAJ"
    }
  ]
}