{
  "author_info": {
    "name": "Alekh Agarwal",
    "affiliation": "Google",
    "email_verified": "Verified email at google.com - Homepage",
    "website": "https://alekhagarwal.net/",
    "interests": [
      "Machine Learning"
    ],
    "photo_url": "/citations/images/avatar_scholar_128.png"
  },
  "citation_stats": {
    "citations_all": 24175,
    "citations_since_2020": 17601,
    "h_index_all": 66,
    "h_index_since_2020": 57,
    "i10_index_all": 181,
    "i10_index_since_2020": 119,
    "citation_graph": [
      {
        "year": 2008,
        "citations": 73
      },
      {
        "year": 2009,
        "citations": 106
      },
      {
        "year": 2010,
        "citations": 129
      },
      {
        "year": 2011,
        "citations": 210
      },
      {
        "year": 2012,
        "citations": 281
      },
      {
        "year": 2013,
        "citations": 367
      },
      {
        "year": 2014,
        "citations": 478
      },
      {
        "year": 2015,
        "citations": 608
      },
      {
        "year": 2016,
        "citations": 765
      },
      {
        "year": 2017,
        "citations": 811
      },
      {
        "year": 2018,
        "citations": 927
      },
      {
        "year": 2019,
        "citations": 1333
      },
      {
        "year": 2020,
        "citations": 1747
      },
      {
        "year": 2021,
        "citations": 2342
      },
      {
        "year": 2022,
        "citations": 2734
      },
      {
        "year": 2023,
        "citations": 3305
      },
      {
        "year": 2024,
        "citations": 3562
      },
      {
        "year": 2025,
        "citations": 3897
      }
    ]
  },
  "papers": [
    {
      "title": "Gemini 2.5: Pushing the frontier with advanced reasoning, multimodality, long context, and next generation agentic capabilities",
      "url": "https://scholar.google.com/citations?view_op=view_citation&hl=en&user=9nnDvooAAAAJ&citation_for_view=9nnDvooAAAAJ:YanO1q2l3soC",
      "authors": "G Comanici, E Bieber, M Schaekermann, I Pasupat, N Sachdeva, I Dhillon, ...",
      "venue": "arXiv preprint arXiv:2507.06261, 2025",
      "year": 2025,
      "citations": 812
    },
    {
      "title": "On the theory of policy gradient methods: Optimality, approximation, and distribution shift",
      "url": "https://scholar.google.com/citations?view_op=view_citation&hl=en&user=9nnDvooAAAAJ&citation_for_view=9nnDvooAAAAJ:nZcligLrVowC",
      "authors": "A Agarwal, SM Kakade, JD Lee, G Mahajan",
      "venue": "Journal of Machine Learning Research 22 (98), 1-76, 2021",
      "year": 2021,
      "citations": 1044
    },
    {
      "title": "Bellman-consistent pessimism for offline reinforcement learning",
      "url": "https://scholar.google.com/citations?view_op=view_citation&hl=en&user=9nnDvooAAAAJ&citation_for_view=9nnDvooAAAAJ:GFxP56DSvIMC",
      "authors": "T Xie, CA Cheng, N Jiang, P Mineiro, A Agarwal",
      "venue": "Advances in neural information processing systems 34, 6683-6694, 2021",
      "year": 2021,
      "citations": 364
    },
    {
      "title": "Flambe: Structural complexity and representation learning of low rank mdps",
      "url": "https://scholar.google.com/citations?view_op=view_citation&hl=en&user=9nnDvooAAAAJ&citation_for_view=9nnDvooAAAAJ:PVjk1bu6vJQC",
      "authors": "A Agarwal, S Kakade, A Krishnamurthy, W Sun",
      "venue": "Advances in neural information processing systems 33, 20095-20107, 2020",
      "year": 2020,
      "citations": 351
    },
    {
      "title": "Deep batch active learning by diverse, uncertain gradient lower bounds",
      "url": "https://scholar.google.com/citations?view_op=view_citation&hl=en&user=9nnDvooAAAAJ&citation_for_view=9nnDvooAAAAJ:fEOibwPWpKIC",
      "authors": "JT Ash, C Zhang, A Krishnamurthy, J Langford, A Agarwal",
      "venue": "arXiv preprint arXiv:1906.03671, 2019",
      "year": 2019,
      "citations": 1126
    },
    {
      "title": "Reinforcement learning: Theory and algorithms",
      "url": "https://scholar.google.com/citations?view_op=view_citation&hl=en&user=9nnDvooAAAAJ&citation_for_view=9nnDvooAAAAJ:35r97b3x0nAC",
      "authors": "A Agarwal, N Jiang, SM Kakade, W Sun",
      "venue": "CS Dept., UW Seattle, Seattle, WA, USA, Tech. Rep 32, 96, 2019",
      "year": 2019,
      "citations": 444
    },
    {
      "title": "Fair regression: Quantitative definitions and reduction-based algorithms",
      "url": "https://scholar.google.com/citations?view_op=view_citation&hl=en&user=9nnDvooAAAAJ&citation_for_view=9nnDvooAAAAJ:evX43VCCuoAC",
      "authors": "A Agarwal, M Dudík, ZS Wu",
      "venue": "International conference on machine learning, 120-129, 2019",
      "year": 2019,
      "citations": 419
    },
    {
      "title": "Provably efficient rl with rich observations via latent state decoding",
      "url": "https://scholar.google.com/citations?view_op=view_citation&hl=en&user=9nnDvooAAAAJ&citation_for_view=9nnDvooAAAAJ:LjlpjdlvIbIC",
      "authors": "S Du, A Krishnamurthy, N Jiang, A Agarwal, M Dudik, J Langford",
      "venue": "International Conference on Machine Learning, 1665-1674, 2019",
      "year": 2019,
      "citations": 314
    },
    {
      "title": "Model-based rl in contextual decision processes: Pac bounds and exponential improvements over model-free approaches",
      "url": "https://scholar.google.com/citations?view_op=view_citation&hl=en&user=9nnDvooAAAAJ&citation_for_view=9nnDvooAAAAJ:XD-gHx7UXLsC",
      "authors": "W Sun, N Jiang, A Krishnamurthy, A Agarwal, J Langford",
      "venue": "Conference on learning theory, 2898-2933, 2019",
      "year": 2019,
      "citations": 296
    },
    {
      "title": "A reductions approach to fair classification",
      "url": "https://scholar.google.com/citations?view_op=view_citation&hl=en&user=9nnDvooAAAAJ&citation_for_view=9nnDvooAAAAJ:5Ul4iDaHHb8C",
      "authors": "A Agarwal, A Beygelzimer, M Dudík, J Langford, H Wallach",
      "venue": "International conference on machine learning, 60-69, 2018",
      "year": 2018,
      "citations": 1607
    },
    {
      "title": "Contextual decision processes with low bellman rank are pac-learnable",
      "url": "https://scholar.google.com/citations?view_op=view_citation&hl=en&user=9nnDvooAAAAJ&citation_for_view=9nnDvooAAAAJ:bFI3QPDXJZMC",
      "authors": "N Jiang, A Krishnamurthy, A Agarwal, J Langford, RE Schapire",
      "venue": "International Conference on Machine Learning, 1704-1713, 2017",
      "year": 2017,
      "citations": 566
    },
    {
      "title": "Fast convergence of regularized learning in games",
      "url": "https://scholar.google.com/citations?view_op=view_citation&hl=en&user=9nnDvooAAAAJ&citation_for_view=9nnDvooAAAAJ:HoB7MX3m0LUC",
      "authors": "V Syrgkanis, A Agarwal, H Luo, RE Schapire",
      "venue": "Advances in Neural Information Processing Systems 28, 2015",
      "year": 2015,
      "citations": 351
    },
    {
      "title": "Taming the monster: A fast and simple algorithm for contextual bandits",
      "url": "https://scholar.google.com/citations?view_op=view_citation&hl=en&user=9nnDvooAAAAJ&citation_for_view=9nnDvooAAAAJ:maZDTaKrznsC",
      "authors": "A Agarwal, D Hsu, S Kale, J Langford, L Li, R Schapire",
      "venue": "International conference on machine learning, 1638-1646, 2014",
      "year": 2014,
      "citations": 659
    },
    {
      "title": "A reliable effective terascale linear learning system",
      "url": "https://scholar.google.com/citations?view_op=view_citation&hl=en&user=9nnDvooAAAAJ&citation_for_view=9nnDvooAAAAJ:WF5omc3nYNoC",
      "authors": "A Agarwal, O Chapelle, M Dudík, J Langford",
      "venue": "The Journal of Machine Learning Research 15 (1), 1111-1133, 2014",
      "year": 2014,
      "citations": 463
    },
    {
      "title": "Noisy matrix decomposition via convex relaxation: Optimal rates in high dimensions",
      "url": "https://scholar.google.com/citations?view_op=view_citation&hl=en&user=9nnDvooAAAAJ&citation_for_view=9nnDvooAAAAJ:Y0pCki6q_DkC",
      "authors": "A Agarwal, S Negahban, MJ Wainwright",
      "venue": "",
      "citations": 333,
      "year": 2012
    },
    {
      "title": "Dual averaging for distributed optimization: Convergence analysis and network scaling",
      "url": "https://scholar.google.com/citations?view_op=view_citation&hl=en&user=9nnDvooAAAAJ&citation_for_view=9nnDvooAAAAJ:u-x6o8ySG0sC",
      "authors": "JC Duchi, A Agarwal, MJ Wainwright",
      "venue": "IEEE Transactions on Automatic control 57 (3), 592-606, 2011",
      "year": 2011,
      "citations": 1534
    },
    {
      "title": "Distributed delayed stochastic optimization",
      "url": "https://scholar.google.com/citations?view_op=view_citation&hl=en&user=9nnDvooAAAAJ&citation_for_view=9nnDvooAAAAJ:W7OEmFMy1HYC",
      "authors": "A Agarwal, JC Duchi",
      "venue": "Advances in neural information processing systems 24, 2011",
      "year": 2011,
      "citations": 852
    },
    {
      "title": "Optimal algorithms for online convex optimization with multi-point bandit feedback.",
      "url": "https://scholar.google.com/citations?view_op=view_citation&hl=en&user=9nnDvooAAAAJ&citation_for_view=9nnDvooAAAAJ:ufrVoPGSRksC",
      "authors": "A Agarwal, O Dekel, L Xiao",
      "venue": "Colt, 28-40, 2010",
      "year": 2010,
      "citations": 486
    },
    {
      "title": "Fast global convergence rates of gradient methods for high-dimensional statistical recovery",
      "url": "https://scholar.google.com/citations?view_op=view_citation&hl=en&user=9nnDvooAAAAJ&citation_for_view=9nnDvooAAAAJ:zYLM7Y9cAGgC",
      "authors": "A Agarwal, S Negahban, MJ Wainwright",
      "venue": "Advances in Neural Information Processing Systems 23, 2010",
      "year": 2010,
      "citations": 480
    },
    {
      "title": "Information-theoretic lower bounds on the oracle complexity of convex optimization",
      "url": "https://scholar.google.com/citations?view_op=view_citation&hl=en&user=9nnDvooAAAAJ&citation_for_view=9nnDvooAAAAJ:qjMakFHDy7sC",
      "authors": "A Agarwal, MJ Wainwright, P Bartlett, P Ravikumar",
      "venue": "Advances in Neural Information Processing Systems 22, 2009",
      "year": 2009,
      "citations": 579
    }
  ],
  "co_authors": [
    {
      "name": "John Langford",
      "scholar_id": "LFiqVpwAAAAJ",
      "url": "https://scholar.google.com/citations?user=LFiqVpwAAAAJ"
    },
    {
      "name": "Akshay Krishnamurthy",
      "scholar_id": "K0kaNvkAAAAJ",
      "url": "https://scholar.google.com/citations?user=K0kaNvkAAAAJ"
    },
    {
      "name": "Miroslav Dudik",
      "scholar_id": "wYMTld8AAAAJ",
      "url": "https://scholar.google.com/citations?user=wYMTld8AAAAJ"
    },
    {
      "name": "Nan Jiang",
      "scholar_id": "nUlanA8AAAAJ",
      "url": "https://scholar.google.com/citations?user=nUlanA8AAAAJ"
    },
    {
      "name": "John Duchi",
      "scholar_id": "i5srt20AAAAJ",
      "url": "https://scholar.google.com/citations?user=i5srt20AAAAJ"
    },
    {
      "name": "Sham M Kakade",
      "scholar_id": "wb-DKCIAAAAJ",
      "url": "https://scholar.google.com/citations?user=wb-DKCIAAAAJ"
    },
    {
      "name": "Robert Schapire",
      "scholar_id": "39JcQcEAAAAJ",
      "url": "https://scholar.google.com/citations?user=39JcQcEAAAAJ"
    },
    {
      "name": "Peter Bartlett",
      "scholar_id": "yQNhFGUAAAAJ",
      "url": "https://scholar.google.com/citations?user=yQNhFGUAAAAJ"
    },
    {
      "name": "Sahand Negahban",
      "scholar_id": "3p-KQUwAAAAJ",
      "url": "https://scholar.google.com/citations?user=3p-KQUwAAAAJ"
    }
  ]
}