{
  "author_info": {
    "name": "Xinyu Huang",
    "affiliation": "Robert Bosch LLC - Research and Technology Center",
    "email_verified": "Verified email at us.bosch.com",
    "interests": [
      "Computer Vision"
    ],
    "photo_url": "https://scholar.googleusercontent.com/citations?view_op=view_photo&user=cL4bNBwAAAAJ&citpid=3"
  },
  "citation_stats": {
    "citations_all": 2902,
    "citations_since_2020": 2228,
    "h_index_all": 20,
    "h_index_since_2020": 15,
    "i10_index_all": 36,
    "i10_index_since_2020": 21,
    "citation_graph": [
      {
        "year": 2006,
        "citations": 9
      },
      {
        "year": 2007,
        "citations": 6
      },
      {
        "year": 2008,
        "citations": 11
      },
      {
        "year": 2009,
        "citations": 19
      },
      {
        "year": 2010,
        "citations": 16
      },
      {
        "year": 2011,
        "citations": 23
      },
      {
        "year": 2012,
        "citations": 27
      },
      {
        "year": 2013,
        "citations": 41
      },
      {
        "year": 2014,
        "citations": 44
      },
      {
        "year": 2015,
        "citations": 55
      },
      {
        "year": 2016,
        "citations": 44
      },
      {
        "year": 2017,
        "citations": 54
      },
      {
        "year": 2018,
        "citations": 89
      },
      {
        "year": 2019,
        "citations": 208
      },
      {
        "year": 2020,
        "citations": 240
      },
      {
        "year": 2021,
        "citations": 258
      },
      {
        "year": 2022,
        "citations": 330
      },
      {
        "year": 2023,
        "citations": 425
      },
      {
        "year": 2024,
        "citations": 503
      },
      {
        "year": 2025,
        "citations": 471
      }
    ]
  },
  "papers": [
    {
      "title": "Omnifusion: 360 Monocular Depth Estimation via Geometry-aware Fusion",
      "url": "https://scholar.google.com/citations?view_op=view_citation&hl=en&user=cL4bNBwAAAAJ&citation_for_view=cL4bNBwAAAAJ:BqipwSGYUEgC",
      "authors": "Y Li, Y Guo, Z Yan, X Huang, Y Duan, L Ren",
      "venue": "2022 IEEE Conference on Computer Vision and Pattern Recognition (CVPR), 2022",
      "year": 2022,
      "citations": 114
    },
    {
      "title": "Symmetry and Uncertainty-Aware Object SLAM for 6DoF Object Pose Estimation",
      "url": "https://scholar.google.com/citations?view_op=view_citation&hl=en&user=cL4bNBwAAAAJ&citation_for_view=cL4bNBwAAAAJ:GnPB-g6toBAC",
      "authors": "N Merrill, Y Guo, X Zuo, X Huang, S Leutenegger, X Peng, L Ren, ...",
      "venue": "2022 IEEE Conference on Computer Vision and Pattern Recognition (CVPR), 2022",
      "year": 2022,
      "citations": 63
    },
    {
      "title": "AADS: Augmented Autonomous Driving Simulation using Data-driven Algorithms",
      "url": "https://scholar.google.com/citations?view_op=view_citation&hl=en&user=cL4bNBwAAAAJ&citation_for_view=cL4bNBwAAAAJ:R3hNpaxXUhUC",
      "authors": "W Li, C Pan, R Zhang, J Ren, Y Ma, J Fang, F Yan, Q Geng, X Huang, ...",
      "venue": "Science Robotics 4 (28), 2019",
      "year": 2019,
      "citations": 251
    },
    {
      "title": "Mask-off: Synthesizing Face Images in the Presence of Head-mounted Displays",
      "url": "https://scholar.google.com/citations?view_op=view_citation&hl=en&user=cL4bNBwAAAAJ&citation_for_view=cL4bNBwAAAAJ:QIV2ME_5wuYC",
      "authors": "Y Zhao, Q Xu, W Chen, C Du, J Xing, X Huang, R Yang",
      "venue": "2019 IEEE Conference on Virtual Reality and 3D User Interfaces (VR), 267-276, 2019",
      "year": 2019,
      "citations": 29
    },
    {
      "title": "The ApolloScape Dataset for Autonomous Driving",
      "url": "https://scholar.google.com/citations?view_op=view_citation&hl=en&user=cL4bNBwAAAAJ&citation_for_view=cL4bNBwAAAAJ:-f6ydRqryjwC",
      "authors": "X Huang, X Cheng, Q Geng, B Cao, D Zhou, P Wang, Y Lin, R Yang",
      "venue": "Proceedings of the IEEE Conference on Computer Vision and Pattern …, 2018",
      "year": 2018,
      "citations": 1420
    },
    {
      "title": "Integration of positional data and overhead images for lane identification",
      "url": "https://scholar.google.com/citations?view_op=view_citation&hl=en&user=cL4bNBwAAAAJ&citation_for_view=cL4bNBwAAAAJ:HDshCWvjkbEC",
      "authors": "X Chen, X Huang",
      "venue": "US Patent US 10,013,610 B2, 2018",
      "year": 2018,
      "citations": 47
    },
    {
      "title": "Fusion of RGB images and LiDAR data for lane classification",
      "url": "https://scholar.google.com/citations?view_op=view_citation&hl=en&user=cL4bNBwAAAAJ&citation_for_view=cL4bNBwAAAAJ:IWHjjKOFINEC",
      "authors": "X Chen, A Zang, X Huang",
      "venue": "US Patent 9,710,714, 2017",
      "year": 2017,
      "citations": 107
    },
    {
      "title": "Ubisol-Q10 Prevents Glutamate-Induced Cell Death by Blocking Mitochondrial Fragmentation and Permeability Transition Pore Opening",
      "url": "https://scholar.google.com/citations?view_op=view_citation&hl=en&user=cL4bNBwAAAAJ&citation_for_view=cL4bNBwAAAAJ:9ZlFYXVOiuMC",
      "authors": "S Kumari, SL Mehta, GZ Milledge, X Huang, H Li, PA Li",
      "venue": "International journal of biological sciences 12 (6), 688, 2016",
      "year": 2016,
      "citations": 30
    },
    {
      "title": "Counting and Classification of Highway Vehicles by Regression Analysis",
      "url": "https://scholar.google.com/citations?view_op=view_citation&hl=en&user=cL4bNBwAAAAJ&citation_for_view=cL4bNBwAAAAJ:aqlVkmm33-oC",
      "authors": "M Liang, X Huang, CH Chen, X Chen, A Tokuta",
      "venue": "Intelligent Transportation Systems, IEEE Transactions on, 1-11, 2015",
      "year": 2015,
      "citations": 89
    },
    {
      "title": "An experimental study of pupil constriction for liveness detection",
      "url": "https://scholar.google.com/citations?view_op=view_citation&hl=en&user=cL4bNBwAAAAJ&citation_for_view=cL4bNBwAAAAJ:3fE2CSJIrl8C",
      "authors": "X Huang, C Ti, Q Hou, A Tokuta, R Yang",
      "venue": "2013 IEEE Workshop on Applications of Computer Vision (WACV), 252-258, 2013",
      "year": 2013,
      "citations": 52
    },
    {
      "title": "Identification of Abnormal Cervical Regions from Colposcopy Image Sequences",
      "url": "https://scholar.google.com/citations?view_op=view_citation&hl=en&user=cL4bNBwAAAAJ&citation_for_view=cL4bNBwAAAAJ:Wp0gIr-vW9MC",
      "authors": "M Liang, G Zheng, X Huang, G Milledge, A Tokuta",
      "venue": "Václav Skala-UNION Agency, 2013",
      "year": 2013,
      "citations": 26
    },
    {
      "title": "Iris deblurring method based on global and local iris image statistics",
      "url": "https://scholar.google.com/citations?view_op=view_citation&hl=en&user=cL4bNBwAAAAJ&citation_for_view=cL4bNBwAAAAJ:ULOm3_A8WrAC",
      "authors": "L Ren, X Huang, R Yang",
      "venue": "US Patent 8,374,389, 2013",
      "year": 2013,
      "citations": 22
    },
    {
      "title": "Time-of-flight sensor-assisted iris capture system and method",
      "url": "https://scholar.google.com/citations?view_op=view_citation&hl=en&user=cL4bNBwAAAAJ&citation_for_view=cL4bNBwAAAAJ:W7OEmFMy1HYC",
      "authors": "L Ren, X Huang, R Yang",
      "venue": "US Patent 7,912,252, 2011",
      "year": 2011,
      "citations": 47
    },
    {
      "title": "Interreflection removal for photometric stereo by using spectrum-dependent albedo",
      "url": "https://scholar.google.com/citations?view_op=view_citation&hl=en&user=cL4bNBwAAAAJ&citation_for_view=cL4bNBwAAAAJ:WF5omc3nYNoC",
      "authors": "M Liao, X Huang, R Yang",
      "venue": "Computer Vision and Pattern Recognition (CVPR), 2011 IEEE Conference on, 689-696, 2011",
      "year": 2011,
      "citations": 45
    },
    {
      "title": "Image deblurring for less intrusive iris capture",
      "url": "https://scholar.google.com/citations?view_op=view_citation&hl=en&user=cL4bNBwAAAAJ&citation_for_view=cL4bNBwAAAAJ:2osOgNQ5qMEC",
      "authors": "X Huang, L Ren, R Yang",
      "venue": "2009 IEEE Conference on Computer Vision and Pattern Recognition, 1558-1565, 2009",
      "year": 2009,
      "citations": 33
    },
    {
      "title": "Toward the light field display: Autostereoscopic rendering via a cluster of projectors",
      "url": "https://scholar.google.com/citations?view_op=view_citation&hl=en&user=cL4bNBwAAAAJ&citation_for_view=cL4bNBwAAAAJ:u5HHmVD_uO8C",
      "authors": "R Yang, X Huang, S Li, C Jaynes",
      "venue": "IEEE Transactions on Visualization and Computer Graphics 14 (1), 84-96, 2008",
      "year": 2008,
      "citations": 72
    },
    {
      "title": "Illumination and person-insensitive head pose estimation using distance metric learning",
      "url": "https://scholar.google.com/citations?view_op=view_citation&hl=en&user=cL4bNBwAAAAJ&citation_for_view=cL4bNBwAAAAJ:d1gkVwhDpl0C",
      "authors": "X Wang, X Huang, J Gao, R Yang",
      "venue": "European conference on computer vision, 624-637, 2008",
      "year": 2008,
      "citations": 40
    },
    {
      "title": "Examplar-based shape from shading",
      "url": "https://scholar.google.com/citations?view_op=view_citation&hl=en&user=cL4bNBwAAAAJ&citation_for_view=cL4bNBwAAAAJ:UeHWp8X0CEIC",
      "authors": "X Huang, J Gao, L Wang, R Yang",
      "venue": "Sixth International Conference on 3-D Digital Imaging and Modeling (3DIM …, 2007",
      "year": 2007,
      "citations": 26
    },
    {
      "title": "Calibrating pan-tilt cameras with telephoto lenses",
      "url": "https://scholar.google.com/citations?view_op=view_citation&hl=en&user=cL4bNBwAAAAJ&citation_for_view=cL4bNBwAAAAJ:9yKSN-GCB0IC",
      "authors": "X Huang, J Gao, R Yang",
      "venue": "Asian Conference on Computer Vision, 127-137, 2007",
      "year": 2007,
      "citations": 21
    },
    {
      "title": "Efficient rendering of integral images",
      "url": "https://scholar.google.com/citations?view_op=view_citation&hl=en&user=cL4bNBwAAAAJ&citation_for_view=cL4bNBwAAAAJ:qjMakFHDy7sC",
      "authors": "R Yang, X Huang, S Chen",
      "venue": "ACM SIGGRAPH 2005 Posters, 44, 2005",
      "year": 2005,
      "citations": 35
    }
  ],
  "co_authors": [
    {
      "name": "Ruigang Yang",
      "scholar_id": "yveq40QAAAAJ",
      "url": "https://scholar.google.com/citations?user=yveq40QAAAAJ"
    },
    {
      "name": "Liu Ren",
      "scholar_id": "6NfC90UAAAAJ",
      "url": "https://scholar.google.com/citations?user=6NfC90UAAAAJ"
    },
    {
      "name": "Yuliang Guo",
      "scholar_id": "CP-YkUwAAAAJ",
      "url": "https://scholar.google.com/citations?user=CP-YkUwAAAAJ"
    },
    {
      "name": "Xin Chen",
      "scholar_id": "dnkinp8AAAAJ",
      "url": "https://scholar.google.com/citations?user=dnkinp8AAAAJ"
    },
    {
      "name": "Xinjing Cheng(程新景)",
      "scholar_id": "8QbRVCsAAAAJ",
      "url": "https://scholar.google.com/citations?user=8QbRVCsAAAAJ"
    },
    {
      "name": "Dingfu Zhou",
      "scholar_id": "pfBeKioAAAAJ",
      "url": "https://scholar.google.com/citations?user=pfBeKioAAAAJ"
    },
    {
      "name": "Peng Wang",
      "scholar_id": "Svk4ntYAAAAJ",
      "url": "https://scholar.google.com/citations?user=Svk4ntYAAAAJ"
    },
    {
      "name": "Jizhou Gao",
      "scholar_id": "Vu8LvBYAAAAJ",
      "url": "https://scholar.google.com/citations?user=Vu8LvBYAAAAJ"
    },
    {
      "name": "Yuanqing Lin",
      "scholar_id": "FZY0k_kAAAAJ",
      "url": "https://scholar.google.com/citations?user=FZY0k_kAAAAJ"
    },
    {
      "name": "Zhixin Yan",
      "scholar_id": "gZlN3RsAAAAJ",
      "url": "https://scholar.google.com/citations?user=gZlN3RsAAAAJ"
    },
    {
      "name": "Andi Zang",
      "scholar_id": "R9moubwAAAAJ",
      "url": "https://scholar.google.com/citations?user=R9moubwAAAAJ"
    },
    {
      "name": "Dinesh Manocha",
      "scholar_id": "X08l_4IAAAAJ",
      "url": "https://scholar.google.com/citations?user=X08l_4IAAAAJ"
    },
    {
      "name": "Jiaping Ren",
      "scholar_id": "_ii8uI4AAAAJ",
      "url": "https://scholar.google.com/citations?user=_ii8uI4AAAAJ"
    },
    {
      "name": "Zhang Rong",
      "scholar_id": "cD3MI5gAAAAJ",
      "url": "https://scholar.google.com/citations?user=cD3MI5gAAAAJ"
    },
    {
      "name": "Wei Li",
      "scholar_id": "i8jP6q8AAAAJ",
      "url": "https://scholar.google.com/citations?user=i8jP6q8AAAAJ"
    },
    {
      "name": "Yuexin Ma",
      "scholar_id": "DIsP7rUAAAAJ",
      "url": "https://scholar.google.com/citations?user=DIsP7rUAAAAJ"
    },
    {
      "name": "Jin Fang",
      "scholar_id": "jueyHcIAAAAJ",
      "url": "https://scholar.google.com/citations?user=jueyHcIAAAAJ"
    },
    {
      "name": "Xiaoming Liu",
      "scholar_id": "Bii0w1oAAAAJ",
      "url": "https://scholar.google.com/citations?user=Bii0w1oAAAAJ"
    },
    {
      "name": "Yajie Zhao",
      "scholar_id": "AdiIxrcAAAAJ",
      "url": "https://scholar.google.com/citations?user=AdiIxrcAAAAJ"
    },
    {
      "name": "Guoquan (Paul) Huang",
      "scholar_id": "trMUyZIAAAAJ",
      "url": "https://scholar.google.com/citations?user=trMUyZIAAAAJ"
    }
  ]
}