{
  "author_info": {
    "name": "Théo Uscidda",
    "affiliation": "CREST - ENSAE",
    "email_verified": "Verified email at ensae.fr - Homepage",
    "website": "https://theouscidda6.github.io/",
    "interests": [
      "Optimal Transport",
      "Generative Modeling",
      "Representational Learning"
    ],
    "photo_url": "https://scholar.googleusercontent.com/citations?view_op=view_photo&user=xnQZonMAAAAJ&citpid=4"
  },
  "citation_stats": {
    "citations_all": 132,
    "citations_since_2020": 131,
    "h_index_all": 5,
    "h_index_since_2020": 5,
    "i10_index_all": 4,
    "i10_index_since_2020": 4,
    "citation_graph": [
      {
        "year": 2023,
        "citations": 14
      },
      {
        "year": 2024,
        "citations": 41
      },
      {
        "year": 2025,
        "citations": 76
      }
    ]
  },
  "papers": [
    {
      "title": "CellFlow enables generative single-cell phenotype modeling with flow matching",
      "url": "https://scholar.google.com/citations?view_op=view_citation&hl=en&user=xnQZonMAAAAJ&citation_for_view=xnQZonMAAAAJ:W7OEmFMy1HYC",
      "authors": "D Klein, JS Fleck, D Bobrovskiy, L Zimmermann, S Becker, A Palma, ...",
      "venue": "bioRxiv, 2025.04. 11.648220, 2025",
      "year": 2025,
      "citations": 9
    },
    {
      "title": "Disentangled Representation Learning with the Gromov-Monge Gap",
      "url": "https://scholar.google.com/citations?view_op=view_citation&hl=en&user=xnQZonMAAAAJ&citation_for_view=xnQZonMAAAAJ:Tyk-4Ss8FVUC",
      "authors": "T Uscidda*, L Eyring*, K Roth, F Theis, Z Akata, M Cuturi",
      "venue": "The Thirteenth International Conference on Learning Representations (ICLR), 2025, 2025",
      "year": 2025,
      "citations": 3
    },
    {
      "title": "Latts: Locally adaptive test-time scaling",
      "url": "https://scholar.google.com/citations?view_op=view_citation&hl=en&user=xnQZonMAAAAJ&citation_for_view=xnQZonMAAAAJ:WF5omc3nYNoC",
      "authors": "T Uscidda, M Trager, M Kleinman, A Chattopadhyay, W Xia, S Soatto",
      "venue": "arXiv preprint arXiv:2509.20368, 2025",
      "year": 2025,
      "citations": 2
    },
    {
      "title": "GeOT: a spatially explicit framework for evaluating spatio-temporal predictions",
      "url": "https://scholar.google.com/citations?view_op=view_citation&hl=en&user=xnQZonMAAAAJ&citation_for_view=xnQZonMAAAAJ:Y0pCki6q_DkC",
      "authors": "N Wiedemann, T Uscidda, M Raubal",
      "venue": "International Journal of Geographical Information Science, 1-31, 2025",
      "year": 2025,
      "citations": 2
    },
    {
      "title": "Unbalancedness in Neural Monge Maps Improves Unpaired Domain Translation",
      "url": "https://scholar.google.com/citations?view_op=view_citation&hl=en&user=xnQZonMAAAAJ&citation_for_view=xnQZonMAAAAJ:d1gkVwhDpl0C",
      "authors": "L Eyring*, D Klein*, T Uscidda*, G Palla, N Kilbertus, Z Akata, F Theis",
      "venue": "The Twelveth International Conference on Learning Representations (ICLR), 2024, 2024",
      "year": 2024,
      "citations": 33
    },
    {
      "title": "GENOT: Entropic (Gromov) Wasserstein Flow Matching with Applications to Single-Cell Genomics",
      "url": "https://scholar.google.com/citations?view_op=view_citation&hl=en&user=xnQZonMAAAAJ&citation_for_view=xnQZonMAAAAJ:zYLM7Y9cAGgC",
      "authors": "D Klein*, T Uscidda*, FJ Theis",
      "venue": "The Thirty-eighth Annual Conference on Neural Information Processing Systems …, 2024",
      "year": 2024,
      "citations": 27
    },
    {
      "title": "Mirror and Preconditioned Gradient Descent in Wasserstein Space",
      "url": "https://scholar.google.com/citations?view_op=view_citation&hl=en&user=xnQZonMAAAAJ&citation_for_view=xnQZonMAAAAJ:2osOgNQ5qMEC",
      "authors": "C Bonet, T Uscidda, A David, PC Aubin-Frankowski, A Korba",
      "venue": "The Thirty-eighth Annual Conference on Neural Information Processing Systems …, 2024",
      "year": 2024,
      "citations": 16
    },
    {
      "title": "The monge gap: A regularizer to learn all transport maps",
      "url": "https://scholar.google.com/citations?view_op=view_citation&hl=en&user=xnQZonMAAAAJ&citation_for_view=xnQZonMAAAAJ:u5HHmVD_uO8C",
      "authors": "T Uscidda, M Cuturi",
      "venue": "The Fortieth International Conference on Machine Learning (ICML), 2023, 2023",
      "year": 2023,
      "citations": 40
    }
  ],
  "co_authors": [
    {
      "name": "Fabian J Theis",
      "scholar_id": "sqWpn2AAAAAJ",
      "url": "https://scholar.google.com/citations?user=sqWpn2AAAAAJ"
    },
    {
      "name": "Dominik Klein",
      "scholar_id": "Zs1w-ukAAAAJ",
      "url": "https://scholar.google.com/citations?user=Zs1w-ukAAAAJ"
    },
    {
      "name": "Luca Eyring",
      "scholar_id": "wbqHAq0AAAAJ",
      "url": "https://scholar.google.com/citations?user=wbqHAq0AAAAJ"
    },
    {
      "name": "Marco Cuturi",
      "scholar_id": "kQEydDMAAAAJ",
      "url": "https://scholar.google.com/citations?user=kQEydDMAAAAJ"
    },
    {
      "name": "Zeynep Akata",
      "scholar_id": "jQl9RtkAAAAJ",
      "url": "https://scholar.google.com/citations?user=jQl9RtkAAAAJ"
    },
    {
      "name": "Stefano Soatto",
      "scholar_id": "lH1PdF8AAAAJ",
      "url": "https://scholar.google.com/citations?user=lH1PdF8AAAAJ"
    },
    {
      "name": "Matthew Trager",
      "scholar_id": "g3sXAWkAAAAJ",
      "url": "https://scholar.google.com/citations?user=g3sXAWkAAAAJ"
    }
  ]
}