{
  "author_info": {
    "name": "Enjie Ghorbel",
    "affiliation": "Assistant Professor, ENSI (University of Manouba) /Research Fellow at SnT (Univeristy of Luxembourg)",
    "email_verified": "Verified email at ensi-uma.tn",
    "interests": [
      "computer vision",
      "machine learning",
      "action recognition",
      "medical imaging",
      "rehabilitation"
    ],
    "photo_url": "https://scholar.googleusercontent.com/citations?view_op=view_photo&user=gQjuVcEAAAAJ&citpid=3"
  },
  "citation_stats": {
    "citations_all": 764,
    "citations_since_2020": 707,
    "h_index_all": 15,
    "h_index_since_2020": 15,
    "i10_index_all": 24,
    "i10_index_since_2020": 23,
    "citation_graph": [
      {
        "year": 2016,
        "citations": 5
      },
      {
        "year": 2017,
        "citations": 2
      },
      {
        "year": 2018,
        "citations": 12
      },
      {
        "year": 2019,
        "citations": 35
      },
      {
        "year": 2020,
        "citations": 66
      },
      {
        "year": 2021,
        "citations": 72
      },
      {
        "year": 2022,
        "citations": 65
      },
      {
        "year": 2023,
        "citations": 70
      },
      {
        "year": 2024,
        "citations": 166
      },
      {
        "year": 2025,
        "citations": 263
      }
    ]
  },
  "papers": [
    {
      "title": "Laa-net: Localized artifact attention network for quality-agnostic and generalizable deepfake detection",
      "url": "https://scholar.google.com/citations?view_op=view_citation&hl=en&user=gQjuVcEAAAAJ&citation_for_view=gQjuVcEAAAAJ:_Qo2XoVZTnwC",
      "authors": "D Nguyen, N Mejri, IP Singh, P Kuleshova, M Astrid, A Kacem, E Ghorbel, ...",
      "venue": "Proceedings of the IEEE/CVF Conference on Computer Vision and Pattern …, 2024",
      "year": 2024,
      "citations": 94
    },
    {
      "title": "Unsupervised anomaly detection in time-series: An extensive evaluation and analysis of state-of-the-art methods",
      "url": "https://scholar.google.com/citations?view_op=view_citation&hl=en&user=gQjuVcEAAAAJ&citation_for_view=gQjuVcEAAAAJ:hC7cP41nSMkC",
      "authors": "N Mejri, L Lopez-Fuentes, K Roy, P Chernakov, E Ghorbel, D Aouada",
      "venue": "Expert Systems with Applications 256, 124922, 2024",
      "year": 2024,
      "citations": 63
    },
    {
      "title": "Multi-label image classification using adaptive graph convolutional networks: from a single domain to multiple domains",
      "url": "https://scholar.google.com/citations?view_op=view_citation&hl=en&user=gQjuVcEAAAAJ&citation_for_view=gQjuVcEAAAAJ:-f6ydRqryjwC",
      "authors": "IP Singh, E Ghorbel, O Oyedotun, D Aouada",
      "venue": "Computer Vision and Image Understanding 247, 104062, 2024",
      "year": 2024,
      "citations": 22
    },
    {
      "title": "Untag: Learning generic features for unsupervised type-agnostic deepfake detection",
      "url": "https://scholar.google.com/citations?view_op=view_citation&hl=en&user=gQjuVcEAAAAJ&citation_for_view=gQjuVcEAAAAJ:HDshCWvjkbEC",
      "authors": "N Mejri, E Ghorbel, D Aouada",
      "venue": "ICASSP 2023-2023 IEEE International Conference on Acoustics, Speech and …, 2023",
      "year": 2023,
      "citations": 15
    },
    {
      "title": "Iml-gcn: Improved multi-label graph convolutional network for efficient yet precise image classification",
      "url": "https://scholar.google.com/citations?view_op=view_citation&hl=en&user=gQjuVcEAAAAJ&citation_for_view=gQjuVcEAAAAJ:ZeXyd9-uunAC",
      "authors": "IP Singh, O Oyedotun, E Ghorbel, D Aouada",
      "venue": "AAAI-22 Workshop Program-Deep Learning on Graphs: Methods and Applications, 2022",
      "year": 2022,
      "citations": 16
    },
    {
      "title": "Multi label image classification using adaptive graph convolutional networks (ML-AGCN)",
      "url": "https://scholar.google.com/citations?view_op=view_citation&hl=en&user=gQjuVcEAAAAJ&citation_for_view=gQjuVcEAAAAJ:qUcmZB5y_30C",
      "authors": "IP Singh, E Ghorbel, O Oyedotun, D Aouada",
      "venue": "2022 IEEE International Conference on Image Processing (ICIP), 1806-1810, 2022",
      "year": 2022,
      "citations": 15
    },
    {
      "title": "Spacecraft recognition leveraging knowledge of space environment: Simulator, dataset, competition design and analysis",
      "url": "https://scholar.google.com/citations?view_op=view_citation&hl=en&user=gQjuVcEAAAAJ&citation_for_view=gQjuVcEAAAAJ:7PzlFSSx8tAC",
      "authors": "MA Musallam, V Gaudilliere, E Ghorbel, K Al Ismaeil, MD Perez, M Poucet, ...",
      "venue": "2021 IEEE International Conference on Image Processing Challenges (ICIPC), 11-15, 2021",
      "year": 2021,
      "citations": 61
    },
    {
      "title": "Lspnet: A 2d localization-oriented spacecraft pose estimation neural network",
      "url": "https://scholar.google.com/citations?view_op=view_citation&hl=en&user=gQjuVcEAAAAJ&citation_for_view=gQjuVcEAAAAJ:4DMP91E08xMC",
      "authors": "A Garcia, MA Musallam, V Gaudilliere, E Ghorbel, K Al Ismaeil, M Perez, ...",
      "venue": "Proceedings of the IEEE/CVF conference on computer vision and pattern …, 2021",
      "year": 2021,
      "citations": 57
    },
    {
      "title": "Detection & identification of on-orbit objects using machine learning",
      "url": "https://scholar.google.com/citations?view_op=view_citation&hl=en&user=gQjuVcEAAAAJ&citation_for_view=gQjuVcEAAAAJ:QIV2ME_5wuYC",
      "authors": "M Perez, MA MOHAMED ALI, A GARCIA SANCHEZ, E Ghorbel, ...",
      "venue": "European conference on space debris 8 (1), 2021",
      "year": 2021,
      "citations": 16
    },
    {
      "title": "Home-based rehabilitation system for stroke survivors: a clinical evaluation",
      "url": "https://scholar.google.com/citations?view_op=view_citation&hl=en&user=gQjuVcEAAAAJ&citation_for_view=gQjuVcEAAAAJ:aqlVkmm33-oC",
      "authors": "E Ghorbel, R Baptista, A Shabayek, D Aouada, MG Oramaeche, JO Lago, ...",
      "venue": "Journal of medical systems 44 (12), 203, 2020",
      "year": 2020,
      "citations": 15
    },
    {
      "title": "Vertex feature encoding and hierarchical temporal modeling in a spatial-temporal graph convolutional network for action recognition",
      "url": "https://scholar.google.com/citations?view_op=view_citation&hl=en&user=gQjuVcEAAAAJ&citation_for_view=gQjuVcEAAAAJ:_kc_bZDykSQC",
      "authors": "K Papadopoulos, E Ghorbel, D Aouada, B Ottersten",
      "venue": "IEEE International Conference on Pattern Recognition (ICPR), 2019",
      "year": 2019,
      "citations": 61
    },
    {
      "title": "Home self-training: Visual feedback for assisting physical activity for stroke survivors",
      "url": "https://scholar.google.com/citations?view_op=view_citation&hl=en&user=gQjuVcEAAAAJ&citation_for_view=gQjuVcEAAAAJ:KlAtU1dfN6UC",
      "authors": "R Baptista, E Ghorbel, F Moissenet, D Aouada, A Douchet, M André, ...",
      "venue": "Computer methods and programs in biomedicine 176, 111-120, 2019",
      "year": 2019,
      "citations": 29
    },
    {
      "title": "View-invariant action recognition from rgb data via 3d pose estimation",
      "url": "https://scholar.google.com/citations?view_op=view_citation&hl=en&user=gQjuVcEAAAAJ&citation_for_view=gQjuVcEAAAAJ:8k81kl-MbHgC",
      "authors": "R Baptista, E Ghorbel, K Papadopoulos, GG Demisse, D Aouada, ...",
      "venue": "ICASSP 2019-2019 IEEE International Conference on Acoustics, Speech and …, 2019",
      "year": 2019,
      "citations": 20
    },
    {
      "title": "Localized Trajectories for 2D and 3D Action Recognition",
      "url": "https://scholar.google.com/citations?view_op=view_citation&hl=en&user=gQjuVcEAAAAJ&citation_for_view=gQjuVcEAAAAJ:kNdYIx-mwKoC",
      "authors": "K Papadopoulos, G Demisse, E Ghorbel, M Antunes, D Aouada, ...",
      "venue": "Sensors, 2019",
      "year": 2019,
      "citations": 20
    },
    {
      "title": "Two-stage rgb-based action detection using augmented 3d poses",
      "url": "https://scholar.google.com/citations?view_op=view_citation&hl=en&user=gQjuVcEAAAAJ&citation_for_view=gQjuVcEAAAAJ:ULOm3_A8WrAC",
      "authors": "K Papadopoulos, E Ghorbel, R Baptista, D Aouada, B Ottersten",
      "venue": "International Conference on Computer Analysis of Images and Patterns, 26-35, 2019",
      "year": 2019,
      "citations": 15
    },
    {
      "title": "A View-invariant Framework for Fast Skeleton-based Action Recognition Using a Single RGB Camera",
      "url": "https://scholar.google.com/citations?view_op=view_citation&hl=en&user=gQjuVcEAAAAJ&citation_for_view=gQjuVcEAAAAJ:5nxA0vEk-isC",
      "authors": "E Ghorbel, K Papadopoulos, R Baptista, H Pathak, G Demisse, D Aouada, ...",
      "venue": "International Joint Conference on Computer Vision, Imaging and Computer …, 2019",
      "year": 2019,
      "citations": 14
    },
    {
      "title": "Features and Classification Schemes for View-Invariant and Real-Time Human Action Recognition",
      "url": "https://scholar.google.com/citations?view_op=view_citation&hl=en&user=gQjuVcEAAAAJ&citation_for_view=gQjuVcEAAAAJ:roLk4NBRz8UC",
      "authors": "SAW Talha, M Hammouche, E Ghorbel, A Fleury, S Ambellouis",
      "venue": "IEEE Transactions on Cognitive and Developmental Systems, 2018",
      "year": 2018,
      "citations": 28
    },
    {
      "title": "Kinematic Spline Curves: A temporal invariant descriptor for fast action recognition",
      "url": "https://scholar.google.com/citations?view_op=view_citation&hl=en&user=gQjuVcEAAAAJ&citation_for_view=gQjuVcEAAAAJ:Se3iqnhoufwC",
      "authors": "E Ghorbel, R Boutteau, jacques Boonaert, X Savatier, S Leceouche",
      "venue": "Image and Vision Computing, 2018",
      "year": 2018,
      "citations": 24
    },
    {
      "title": "An extension of kernel learning methods using a modified Log-Euclidean distance for fast and accurate skeleton-based Human Action Recognition",
      "url": "https://scholar.google.com/citations?view_op=view_citation&hl=en&user=gQjuVcEAAAAJ&citation_for_view=gQjuVcEAAAAJ:0EnyYjriUFMC",
      "authors": "E Ghorbel, J Boonaert, R Boutteau, S Lecoeuche, X Savatier",
      "venue": "Computer Vision and Image Understanding, 2018",
      "year": 2018,
      "citations": 19
    },
    {
      "title": "3D real-time human action recognition using a spline interpolation approach",
      "url": "https://scholar.google.com/citations?view_op=view_citation&hl=en&user=gQjuVcEAAAAJ&citation_for_view=gQjuVcEAAAAJ:YsMSGLbcyi4C",
      "authors": "E Ghorbel, R Boutteau, J Boonaert, X Savatier, S Lecoeuche",
      "venue": "International Conference on Image Processing Theory, Tools and Applications …, 2015",
      "year": 2015,
      "citations": 22
    }
  ],
  "co_authors": [
    {
      "name": "Djamila Aouada",
      "scholar_id": "WBmJVSkAAAAJ",
      "url": "https://scholar.google.com/citations?user=WBmJVSkAAAAJ"
    },
    {
      "name": "Anis Kacem",
      "scholar_id": "K3EWusMAAAAJ",
      "url": "https://scholar.google.com/citations?user=K3EWusMAAAAJ"
    },
    {
      "name": "Björn Ottersten",
      "scholar_id": "OAWYhh0AAAAJ",
      "url": "https://scholar.google.com/citations?user=OAWYhh0AAAAJ"
    },
    {
      "name": "Nesryne Mejri",
      "scholar_id": "0iQcMBQAAAAJ",
      "url": "https://scholar.google.com/citations?user=0iQcMBQAAAAJ"
    },
    {
      "name": "Inder Pal SINGH",
      "scholar_id": "EByNsQ0AAAAJ",
      "url": "https://scholar.google.com/citations?user=EByNsQ0AAAAJ"
    },
    {
      "name": "Dat NGUYEN",
      "scholar_id": "kXNJXMAAAAAJ",
      "url": "https://scholar.google.com/citations?user=kXNJXMAAAAAJ"
    },
    {
      "name": "Renato Baptista",
      "scholar_id": "KZHTJVMAAAAJ",
      "url": "https://scholar.google.com/citations?user=KZHTJVMAAAAJ"
    },
    {
      "name": "Rémi Boutteau",
      "scholar_id": "U-SrcPkAAAAJ",
      "url": "https://scholar.google.com/citations?user=U-SrcPkAAAAJ"
    },
    {
      "name": "Stéphane Lecoeuche",
      "scholar_id": "uBc-mLEAAAAJ",
      "url": "https://scholar.google.com/citations?user=uBc-mLEAAAAJ"
    },
    {
      "name": "Girum Demisse",
      "scholar_id": "dppFtgoAAAAJ",
      "url": "https://scholar.google.com/citations?user=dppFtgoAAAAJ"
    },
    {
      "name": "Anthony Fleury",
      "scholar_id": "vmRF1tQAAAAJ",
      "url": "https://scholar.google.com/citations?user=vmRF1tQAAAAJ"
    },
    {
      "name": "Sébastien Ambellouis",
      "scholar_id": "BEpOWFkAAAAJ",
      "url": "https://scholar.google.com/citations?user=BEpOWFkAAAAJ"
    },
    {
      "name": "Bhushan S. Borotikar",
      "scholar_id": "u4wHEJoAAAAJ",
      "url": "https://scholar.google.com/citations?user=u4wHEJoAAAAJ"
    },
    {
      "name": "Tinashe Mutsvangwa",
      "scholar_id": "Rrcp2eUAAAAJ",
      "url": "https://scholar.google.com/citations?user=Rrcp2eUAAAAJ"
    },
    {
      "name": "Sid talha",
      "scholar_id": "RcxmshMAAAAJ",
      "url": "https://scholar.google.com/citations?user=RcxmshMAAAAJ"
    },
    {
      "name": "Michel Antunes",
      "scholar_id": "hM5uzzwAAAAJ",
      "url": "https://scholar.google.com/citations?user=hM5uzzwAAAAJ"
    },
    {
      "name": "BROCHARD Sylvain,",
      "scholar_id": "o6fqFn0AAAAJ",
      "url": "https://scholar.google.com/citations?user=o6fqFn0AAAAJ"
    },
    {
      "name": "Christian Roux",
      "scholar_id": "ttP5qaEAAAAJ",
      "url": "https://scholar.google.com/citations?user=ttP5qaEAAAAJ"
    },
    {
      "name": "Xavier SAVATIER",
      "scholar_id": "JpDipu4AAAAJ",
      "url": "https://scholar.google.com/citations?user=JpDipu4AAAAJ"
    },
    {
      "name": "Konstantinos Papadopoulos",
      "scholar_id": "4wLw-U8AAAAJ",
      "url": "https://scholar.google.com/citations?user=4wLw-U8AAAAJ"
    }
  ]
}