{
  "author_info": {
    "name": "Ayoung Kim",
    "affiliation": "Seoul National University",
    "email_verified": "Verified email at snu.ac.kr - Homepage",
    "website": "https://rpm.snu.ac.kr/",
    "interests": [
      "SLAM",
      "Underwater Robot",
      "navigation",
      "mapping",
      "computer vision"
    ],
    "photo_url": "https://scholar.googleusercontent.com/citations?view_op=view_photo&user=7yveufgAAAAJ&citpid=5"
  },
  "citation_stats": {
    "citations_all": 6988,
    "citations_since_2020": 5923,
    "h_index_all": 40,
    "h_index_since_2020": 39,
    "i10_index_all": 81,
    "i10_index_since_2020": 74,
    "citation_graph": [
      {
        "year": 2012,
        "citations": 35
      },
      {
        "year": 2013,
        "citations": 64
      },
      {
        "year": 2014,
        "citations": 65
      },
      {
        "year": 2015,
        "citations": 109
      },
      {
        "year": 2016,
        "citations": 154
      },
      {
        "year": 2017,
        "citations": 134
      },
      {
        "year": 2018,
        "citations": 180
      },
      {
        "year": 2019,
        "citations": 277
      },
      {
        "year": 2020,
        "citations": 418
      },
      {
        "year": 2021,
        "citations": 641
      },
      {
        "year": 2022,
        "citations": 851
      },
      {
        "year": 2023,
        "citations": 1118
      },
      {
        "year": 2024,
        "citations": 1471
      },
      {
        "year": 2025,
        "citations": 1419
      }
    ]
  },
  "papers": [
    {
      "title": "Lidar odometry survey: recent advancements and remaining challenges",
      "url": "https://scholar.google.com/citations?view_op=view_citation&hl=en&user=7yveufgAAAAJ&citation_for_view=7yveufgAAAAJ:D_sINldO8mEC",
      "authors": "D Lee, M Jung, W Yang, A Kim",
      "venue": "Intelligent Service Robotics 17 (2), 95-118, 2024",
      "year": 2024,
      "citations": 111
    },
    {
      "title": "ViViD++: Vision for visibility dataset",
      "url": "https://scholar.google.com/citations?view_op=view_citation&hl=en&user=7yveufgAAAAJ&citation_for_view=7yveufgAAAAJ:D03iK_w7-QYC",
      "authors": "AJ Lee, Y Cho, Y Shin, A Kim, H Myung",
      "venue": "IEEE Robotics and Automation Letters 7 (3), 6282-6289, 2022",
      "year": 2022,
      "citations": 109
    },
    {
      "title": "Scan context++: Structural place recognition robust to rotation and lateral variations in urban environments",
      "url": "https://scholar.google.com/citations?view_op=view_citation&hl=en&user=7yveufgAAAAJ&citation_for_view=7yveufgAAAAJ:uWQEDVKXjbEC",
      "authors": "G Kim, S Choi, A Kim",
      "venue": "IEEE Transactions on Robotics 38 (3), 1856-1874, 2021",
      "year": 2021,
      "citations": 300
    },
    {
      "title": "Mulran: Multimodal range dataset for urban place recognition",
      "url": "https://scholar.google.com/citations?view_op=view_citation&hl=en&user=7yveufgAAAAJ&citation_for_view=7yveufgAAAAJ:SeFeTyx0c_EC",
      "authors": "G Kim, YS Park, Y Cho, J Jeong, A Kim",
      "venue": "2020 IEEE international conference on robotics and automation (ICRA), 6246-6253, 2020",
      "year": 2020,
      "citations": 371
    },
    {
      "title": "Remove, then revert: Static point cloud map construction using multiresolution range images",
      "url": "https://scholar.google.com/citations?view_op=view_citation&hl=en&user=7yveufgAAAAJ&citation_for_view=7yveufgAAAAJ:cFHS6HbyZ2cC",
      "authors": "G Kim, A Kim",
      "venue": "2020 IEEE/RSJ International Conference on Intelligent Robots and Systems …, 2020",
      "year": 2020,
      "citations": 217
    },
    {
      "title": "DVL-SLAM: Sparse depth enhanced direct visual-LiDAR SLAM",
      "url": "https://scholar.google.com/citations?view_op=view_citation&hl=en&user=7yveufgAAAAJ&citation_for_view=7yveufgAAAAJ:vV6vV6tmYwMC",
      "authors": "YS Shin, YS Park, A Kim",
      "venue": "Autonomous Robots 44 (2), 115-130, 2020",
      "year": 2020,
      "citations": 126
    },
    {
      "title": "Pharao: Direct radar odometry using phase correlation",
      "url": "https://scholar.google.com/citations?view_op=view_citation&hl=en&user=7yveufgAAAAJ&citation_for_view=7yveufgAAAAJ:HoB7MX3m0LUC",
      "authors": "YS Park, YS Shin, A Kim",
      "venue": "2020 IEEE International Conference on Robotics and Automation (ICRA), 2617-2623, 2020",
      "year": 2020,
      "citations": 98
    },
    {
      "title": "Unsupervised geometry-aware deep lidar odometry",
      "url": "https://scholar.google.com/citations?view_op=view_citation&hl=en&user=7yveufgAAAAJ&citation_for_view=7yveufgAAAAJ:3s1wT3WcHBgC",
      "authors": "Y Cho, G Kim, A Kim",
      "venue": "2020 IEEE international conference on robotics and automation (ICRA), 2145-2152, 2020",
      "year": 2020,
      "citations": 94
    },
    {
      "title": "Complex urban dataset with multi-level sensors from highly diverse urban environments",
      "url": "https://scholar.google.com/citations?view_op=view_citation&hl=en&user=7yveufgAAAAJ&citation_for_view=7yveufgAAAAJ:GnPB-g6toBAC",
      "authors": "J Jeong, Y Cho, YS Shin, H Roh, A Kim",
      "venue": "The International Journal of Robotics Research 38 (6), 642-657, 2019",
      "year": 2019,
      "citations": 345
    },
    {
      "title": "1-day learning, 1-year localization: Long-term lidar localization using scan context image",
      "url": "https://scholar.google.com/citations?view_op=view_citation&hl=en&user=7yveufgAAAAJ&citation_for_view=7yveufgAAAAJ:blknAaTinKkC",
      "authors": "G Kim, B Park, A Kim",
      "venue": "IEEE Robotics and Automation Letters 4 (2), 1948-1955, 2019",
      "year": 2019,
      "citations": 165
    },
    {
      "title": "Scan context: Egocentric spatial descriptor for place recognition within 3d point cloud map",
      "url": "https://scholar.google.com/citations?view_op=view_citation&hl=en&user=7yveufgAAAAJ&citation_for_view=7yveufgAAAAJ:bEWYMUwI8FkC",
      "authors": "G Kim, A Kim",
      "venue": "2018 IEEE/RSJ International Conference on Intelligent Robots and Systems …, 2018",
      "year": 2018,
      "citations": 987
    },
    {
      "title": "Direct visual slam using sparse depth for camera-lidar system",
      "url": "https://scholar.google.com/citations?view_op=view_citation&hl=en&user=7yveufgAAAAJ&citation_for_view=7yveufgAAAAJ:hFOr9nPyWt4C",
      "authors": "YS Shin, YS Park, A Kim",
      "venue": "2018 IEEE International Conference on Robotics and Automation (ICRA), 5144-5151, 2018",
      "year": 2018,
      "citations": 162
    },
    {
      "title": "Model-assisted multiband fusion for single image enhancement and applications to robot vision",
      "url": "https://scholar.google.com/citations?view_op=view_citation&hl=en&user=7yveufgAAAAJ&citation_for_view=7yveufgAAAAJ:HDshCWvjkbEC",
      "authors": "Y Cho, J Jeong, A Kim",
      "venue": "IEEE Robotics and Automation Letters 3 (4), 2822-2829, 2018",
      "year": 2018,
      "citations": 123
    },
    {
      "title": "Estimation of ambient light and transmission map with common convolutional architecture",
      "url": "https://scholar.google.com/citations?view_op=view_citation&hl=en&user=7yveufgAAAAJ&citation_for_view=7yveufgAAAAJ:Wp0gIr-vW9MC",
      "authors": "YS Shin, Y Cho, G Pandey, A Kim",
      "venue": "OCEANS 2016 MTS/IEEE Monterey, 1-7, 2016",
      "year": 2016,
      "citations": 107
    },
    {
      "title": "Long‐term mapping techniques for ship hull inspection and surveillance using an autonomous underwater vehicle",
      "url": "https://scholar.google.com/citations?view_op=view_citation&hl=en&user=7yveufgAAAAJ&citation_for_view=7yveufgAAAAJ:hqOjcs7Dif8C",
      "authors": "P Ozog, N Carlevaris‐Bianco, A Kim, RM Eustice",
      "venue": "Journal of Field Robotics 33 (3), 265-289, 2016",
      "year": 2016,
      "citations": 96
    },
    {
      "title": "Active visual SLAM for robotic area coverage: Theory and experiment",
      "url": "https://scholar.google.com/citations?view_op=view_citation&hl=en&user=7yveufgAAAAJ&citation_for_view=7yveufgAAAAJ:UebtZRa9Y70C",
      "authors": "A Kim, RM Eustice",
      "venue": "The International Journal of Robotics Research 34 (4-5), 457-475, 2015",
      "year": 2015,
      "citations": 188
    },
    {
      "title": "Real-time visual SLAM for autonomous underwater hull inspection using visual saliency",
      "url": "https://scholar.google.com/citations?view_op=view_citation&hl=en&user=7yveufgAAAAJ&citation_for_view=7yveufgAAAAJ:Tyk-4Ss8FVUC",
      "authors": "A Kim, RM Eustice",
      "venue": "IEEE Transactions on Robotics 29 (3), 719-733, 2013",
      "year": 2013,
      "citations": 333
    },
    {
      "title": "Perception-driven navigation: Active visual SLAM for robotic area coverage",
      "url": "https://scholar.google.com/citations?view_op=view_citation&hl=en&user=7yveufgAAAAJ&citation_for_view=7yveufgAAAAJ:Y0pCki6q_DkC",
      "authors": "A Kim, RM Eustice",
      "venue": "2013 IEEE International Conference on Robotics and Automation, 3196-3203, 2013",
      "year": 2013,
      "citations": 105
    },
    {
      "title": "Advanced perception, navigation and planning for autonomous in-water ship hull inspection",
      "url": "https://scholar.google.com/citations?view_op=view_citation&hl=en&user=7yveufgAAAAJ&citation_for_view=7yveufgAAAAJ:IjCSPb-OGe4C",
      "authors": "FS Hover, RM Eustice, A Kim, B Englot, H Johannsson, M Kaess, ...",
      "venue": "The International Journal of Robotics Research 31 (12), 1445-1464, 2012",
      "year": 2012,
      "citations": 321
    },
    {
      "title": "Pose-graph visual SLAM with geometric model selection for autonomous underwater ship hull inspection",
      "url": "https://scholar.google.com/citations?view_op=view_citation&hl=en&user=7yveufgAAAAJ&citation_for_view=7yveufgAAAAJ:u5HHmVD_uO8C",
      "authors": "A Kim, R Eustice",
      "venue": "2009 IEEE/RSJ International Conference on Intelligent Robots and Systems …, 2009",
      "year": 2009,
      "citations": 140
    }
  ],
  "co_authors": [
    {
      "name": "Younggun Cho",
      "scholar_id": "W5MOKWIAAAAJ",
      "url": "https://scholar.google.com/citations?user=W5MOKWIAAAAJ"
    },
    {
      "name": "Giseop Kim",
      "scholar_id": "9mKOLX8AAAAJ",
      "url": "https://scholar.google.com/citations?user=9mKOLX8AAAAJ"
    },
    {
      "name": "Young-Sik Shin",
      "scholar_id": "gGfBRawAAAAJ",
      "url": "https://scholar.google.com/citations?user=gGfBRawAAAAJ"
    },
    {
      "name": "Ryan M. Eustice",
      "scholar_id": "WroYmiAAAAAJ",
      "url": "https://scholar.google.com/citations?user=WroYmiAAAAAJ"
    },
    {
      "name": "Minwoo Jung",
      "scholar_id": "aKPTi7gAAAAJ",
      "url": "https://scholar.google.com/citations?user=aKPTi7gAAAAJ"
    },
    {
      "name": "Hyesu Jang",
      "scholar_id": "liSzSegAAAAJ",
      "url": "https://scholar.google.com/citations?user=liSzSegAAAAJ"
    },
    {
      "name": "Myung-Hwan Jeon",
      "scholar_id": "ivOqySYAAAAJ",
      "url": "https://scholar.google.com/citations?user=ivOqySYAAAAJ"
    },
    {
      "name": "Yeong Sang Park",
      "scholar_id": "XzUGdHYAAAAJ",
      "url": "https://scholar.google.com/citations?user=XzUGdHYAAAAJ"
    },
    {
      "name": "Wooseong Yang",
      "scholar_id": "lh2KUKMAAAAJ",
      "url": "https://scholar.google.com/citations?user=lh2KUKMAAAAJ"
    },
    {
      "name": "Sangwoo Jung",
      "scholar_id": "I2pNZDkAAAAJ",
      "url": "https://scholar.google.com/citations?user=I2pNZDkAAAAJ"
    },
    {
      "name": "Dongjae Lee",
      "scholar_id": "t_5U_98AAAAJ",
      "url": "https://scholar.google.com/citations?user=t_5U_98AAAAJ"
    },
    {
      "name": "Jeongyun Kim",
      "scholar_id": "vW2JtFAAAAAJ",
      "url": "https://scholar.google.com/citations?user=vW2JtFAAAAAJ"
    },
    {
      "name": "Hyeonjae Gil",
      "scholar_id": "n15gehEAAAAJ",
      "url": "https://scholar.google.com/citations?user=n15gehEAAAAJ"
    },
    {
      "name": "SEJIN LEE",
      "scholar_id": "yOjJxtkAAAAJ",
      "url": "https://scholar.google.com/citations?user=yOjJxtkAAAAJ"
    },
    {
      "name": "Seungsang Yun",
      "scholar_id": "7hfH-jQAAAAJ",
      "url": "https://scholar.google.com/citations?user=7hfH-jQAAAAJ"
    },
    {
      "name": "Gaurav Pandey",
      "scholar_id": "RYeonw0AAAAJ",
      "url": "https://scholar.google.com/citations?user=RYeonw0AAAAJ"
    },
    {
      "name": "Sungho Yoon",
      "scholar_id": "PUvBz80AAAAJ",
      "url": "https://scholar.google.com/citations?user=PUvBz80AAAAJ"
    },
    {
      "name": "Youngchul Kim",
      "scholar_id": "lJBJOtcAAAAJ",
      "url": "https://scholar.google.com/citations?user=lJBJOtcAAAAJ"
    },
    {
      "name": "Dong-Guw Lee",
      "scholar_id": "u6VDnlgAAAAJ",
      "url": "https://scholar.google.com/citations?user=u6VDnlgAAAAJ"
    },
    {
      "name": "Jaeho Shin",
      "scholar_id": "jwq-rwMAAAAJ",
      "url": "https://scholar.google.com/citations?user=jwq-rwMAAAAJ"
    }
  ]
}