{
  "author_info": {
    "name": "Gitta Kutyniok",
    "affiliation": "Bavarian AI Chair for Mathematical Foundations of Artificial Intelligence, LMU Munich",
    "email_verified": "Verified email at math.lmu.de - Homepage",
    "website": "http://www.math.lmu.de/~kutyniok",
    "interests": [
      "Applied Harmonic Analysis",
      "Artificial Intelligence",
      "Data Science",
      "Imaging Science",
      "Inverse Problems"
    ],
    "photo_url": "https://scholar.googleusercontent.com/citations?view_op=view_photo&user=JHs9LssAAAAJ&citpid=3"
  },
  "citation_stats": {
    "citations_all": 25853,
    "citations_since_2020": 15605,
    "h_index_all": 62,
    "h_index_since_2020": 43,
    "i10_index_all": 174,
    "i10_index_since_2020": 114,
    "citation_graph": [
      {
        "year": 2007,
        "citations": 107
      },
      {
        "year": 2008,
        "citations": 158
      },
      {
        "year": 2009,
        "citations": 222
      },
      {
        "year": 2010,
        "citations": 193
      },
      {
        "year": 2011,
        "citations": 457
      },
      {
        "year": 2012,
        "citations": 583
      },
      {
        "year": 2013,
        "citations": 887
      },
      {
        "year": 2014,
        "citations": 994
      },
      {
        "year": 2015,
        "citations": 1240
      },
      {
        "year": 2016,
        "citations": 1288
      },
      {
        "year": 2017,
        "citations": 1237
      },
      {
        "year": 2018,
        "citations": 1303
      },
      {
        "year": 2019,
        "citations": 1253
      },
      {
        "year": 2020,
        "citations": 1174
      },
      {
        "year": 2021,
        "citations": 1268
      },
      {
        "year": 2022,
        "citations": 1432
      },
      {
        "year": 2023,
        "citations": 2470
      },
      {
        "year": 2024,
        "citations": 4413
      },
      {
        "year": 2025,
        "citations": 4683
      }
    ]
  },
  "papers": [
    {
      "title": "ChatGPT for good? On opportunities and challenges of large language models for education",
      "url": "https://scholar.google.com/citations?view_op=view_citation&hl=en&user=JHs9LssAAAAJ&citation_for_view=JHs9LssAAAAJ:prdVHNxh-e8C",
      "authors": "E Kasneci, K Seßler, S Küchemann, M Bannert, D Dementieva, F Fischer, ...",
      "venue": "Learning and individual differences 103, 102274, 2023",
      "year": 2023,
      "citations": 6879
    },
    {
      "title": "A theoretical analysis of deep neural networks and parametric PDEs",
      "url": "https://scholar.google.com/citations?view_op=view_citation&hl=en&user=JHs9LssAAAAJ&citation_for_view=JHs9LssAAAAJ:dBIO0h50nwkC",
      "authors": "G Kutyniok, P Petersen, M Raslan, R Schneider",
      "venue": "Constructive Approximation 55 (1), 73-125, 2022",
      "year": 2022,
      "citations": 270
    },
    {
      "title": "RadioUNet: Fast radio map estimation with convolutional neural networks",
      "url": "https://scholar.google.com/citations?view_op=view_citation&hl=en&user=JHs9LssAAAAJ&citation_for_view=JHs9LssAAAAJ:KbBQZpvPDL4C",
      "authors": "R Levie, Ç Yapar, G Kutyniok, G Caire",
      "venue": "IEEE Transactions on Wireless Communications 20 (6), 4001-4015, 2021",
      "year": 2021,
      "citations": 391
    },
    {
      "title": "The modern mathematics of deep learning",
      "url": "https://scholar.google.com/citations?view_op=view_citation&hl=en&user=JHs9LssAAAAJ&citation_for_view=JHs9LssAAAAJ:sJsF-0ZLhtgC",
      "authors": "J Berner, P Grohs, G Kutyniok, P Petersen",
      "venue": "arXiv preprint arXiv:2105.04026 78, 3, 2021",
      "year": 2021,
      "citations": 258
    },
    {
      "title": "Error bounds for approximations with deep ReLU neural networks in  norms",
      "url": "https://scholar.google.com/citations?view_op=view_citation&hl=en&user=JHs9LssAAAAJ&citation_for_view=JHs9LssAAAAJ:IUKN3-7HHlwC",
      "authors": "I Gühring, G Kutyniok, P Petersen",
      "venue": "Analysis and Applications 18 (05), 803-859, 2020",
      "year": 2020,
      "citations": 260
    },
    {
      "title": "Optimal approximation with sparsely connected deep neural networks",
      "url": "https://scholar.google.com/citations?view_op=view_citation&hl=en&user=JHs9LssAAAAJ&citation_for_view=JHs9LssAAAAJ:MLfJN-KU85MC",
      "authors": "H Bolcskei, P Grohs, G Kutyniok, P Petersen",
      "venue": "SIAM Journal on Mathematics of Data Science 1 (1), 8-45, 2019",
      "year": 2019,
      "citations": 357
    },
    {
      "title": "A Haar wavelet-based perceptual similarity index for image quality assessment",
      "url": "https://scholar.google.com/citations?view_op=view_citation&hl=en&user=JHs9LssAAAAJ&citation_for_view=JHs9LssAAAAJ:uc_IGeMz5qoC",
      "authors": "R Reisenhofer, S Bosse, G Kutyniok, T Wiegand",
      "venue": "Signal Processing: Image Communication 61, 33-43, 2018",
      "year": 2018,
      "citations": 398
    },
    {
      "title": "Shearlab 3D: Faithful digital shearlet transforms based on compactly supported shearlets",
      "url": "https://scholar.google.com/citations?view_op=view_citation&hl=en&user=JHs9LssAAAAJ&citation_for_view=JHs9LssAAAAJ:RYcK_YlVTxYC",
      "authors": "G Kutyniok, WQ Lim, R Reisenhofer",
      "venue": "ACM Transactions on Mathematical Software (TOMS) 42 (1), 1-42, 2016",
      "year": 2016,
      "citations": 239
    },
    {
      "title": "Compressed sensing: theory and applications",
      "url": "https://scholar.google.com/citations?view_op=view_citation&hl=en&user=JHs9LssAAAAJ&citation_for_view=JHs9LssAAAAJ:OBSaB-F7qqsC",
      "authors": "YC Eldar, G Kutyniok",
      "venue": "Cambridge university press, 2012",
      "year": 2012,
      "citations": 3243
    },
    {
      "title": "Introduction to compressed sensing.",
      "url": "https://scholar.google.com/citations?view_op=view_citation&hl=en&user=JHs9LssAAAAJ&citation_for_view=JHs9LssAAAAJ:u-x6o8ySG0sC",
      "authors": "MA Davenport, MF Duarte, YC Eldar, G Kutyniok",
      "venue": "Compressed sensing, 1-64, 2012",
      "year": 2012,
      "citations": 805
    },
    {
      "title": "Finite frames: Theory and applications",
      "url": "https://scholar.google.com/citations?view_op=view_citation&hl=en&user=JHs9LssAAAAJ&citation_for_view=JHs9LssAAAAJ:Tyk-4Ss8FVUC",
      "authors": "PG Casazza, G Kutyniok",
      "venue": "Springer Science & Business Media, 2012",
      "year": 2012,
      "citations": 658
    },
    {
      "title": "Shearlets: Multiscale analysis for multivariate data",
      "url": "https://scholar.google.com/citations?view_op=view_citation&hl=en&user=JHs9LssAAAAJ&citation_for_view=JHs9LssAAAAJ:VaXvl8Fpj5cC",
      "authors": "G Kutyniok, D Labate",
      "venue": "Springer Science & Business Media, 2012",
      "year": 2012,
      "citations": 462
    },
    {
      "title": "Graphical models concepts in compressed sensing.",
      "url": "https://scholar.google.com/citations?view_op=view_citation&hl=en&user=JHs9LssAAAAJ&citation_for_view=JHs9LssAAAAJ:OTTXONDVkokC",
      "authors": "A Montanari, YC Eldar, G Kutyniok",
      "venue": "Compressed Sensing, 394-438, 2012",
      "year": 2012,
      "citations": 270
    },
    {
      "title": "Construction of compactly supported shearlet frames",
      "url": "https://scholar.google.com/citations?view_op=view_citation&hl=en&user=JHs9LssAAAAJ&citation_for_view=JHs9LssAAAAJ:zYLM7Y9cAGgC",
      "authors": "P Kittipoom, G Kutyniok, WQ Lim",
      "venue": "Constructive Approximation 35 (1), 21-72, 2012",
      "year": 2012,
      "citations": 232
    },
    {
      "title": "Compactly supported shearlets are optimally sparse",
      "url": "https://scholar.google.com/citations?view_op=view_citation&hl=en&user=JHs9LssAAAAJ&citation_for_view=JHs9LssAAAAJ:IjCSPb-OGe4C",
      "authors": "G Kutyniok, WQ Lim",
      "venue": "Journal of Approximation Theory 163 (11), 1564-1589, 2011",
      "year": 2011,
      "citations": 318
    },
    {
      "title": "Resolution of the wavefront set using continuous shearlets",
      "url": "https://scholar.google.com/citations?view_op=view_citation&hl=en&user=JHs9LssAAAAJ&citation_for_view=JHs9LssAAAAJ:UeHWp8X0CEIC",
      "authors": "G Kutyniok, D Labate",
      "venue": "Transactions of the American Mathematical Society 361 (5), 2719-2754, 2009",
      "year": 2009,
      "citations": 350
    },
    {
      "title": "Fusion frames and distributed processing",
      "url": "https://scholar.google.com/citations?view_op=view_citation&hl=en&user=JHs9LssAAAAJ&citation_for_view=JHs9LssAAAAJ:2osOgNQ5qMEC",
      "authors": "PG Casazza, G Kutyniok, S Li",
      "venue": "Applied and computational harmonic analysis 25 (1), 114-132, 2008",
      "year": 2008,
      "citations": 480
    },
    {
      "title": "Sparse multidimensional representations using anisotropic dilation and shear operators",
      "url": "https://scholar.google.com/citations?view_op=view_citation&hl=en&user=JHs9LssAAAAJ&citation_for_view=JHs9LssAAAAJ:qjMakFHDy7sC",
      "authors": "K Guo, G Kutyniok, D Labate",
      "venue": "Wavelets and splines 14, 189-201, 2006",
      "year": 2006,
      "citations": 467
    },
    {
      "title": "Sparse multidimensional representation using shearlets",
      "url": "https://scholar.google.com/citations?view_op=view_citation&hl=en&user=JHs9LssAAAAJ&citation_for_view=JHs9LssAAAAJ:d1gkVwhDpl0C",
      "authors": "D Labate, WQ Lim, G Kutyniok, G Weiss",
      "venue": "Wavelets XI 5914, 254-262, 2005",
      "year": 2005,
      "citations": 680
    },
    {
      "title": "Frames of subspaces",
      "url": "https://scholar.google.com/citations?view_op=view_citation&hl=en&user=JHs9LssAAAAJ&citation_for_view=JHs9LssAAAAJ:9yKSN-GCB0IC",
      "authors": "PG Casazza, G Kutyniok",
      "venue": "arXiv preprint math/0311384, 2003",
      "year": 2003,
      "citations": 693
    }
  ],
  "co_authors": []
}