{
  "author_info": {
    "name": "Hai X. Pham",
    "affiliation": "Samsung AI Center Cambridge",
    "email_verified": "Verified email at samsung.com - Homepage",
    "website": "https://haixpham.github.io/",
    "interests": [
      "computer vision",
      "machine learning"
    ],
    "photo_url": "/citations/images/avatar_scholar_128.png"
  },
  "citation_stats": {
    "citations_all": 413,
    "citations_since_2020": 339,
    "h_index_all": 11,
    "h_index_since_2020": 8,
    "i10_index_all": 11,
    "i10_index_since_2020": 8,
    "citation_graph": [
      {
        "year": 2014,
        "citations": 2
      },
      {
        "year": 2015,
        "citations": 3
      },
      {
        "year": 2016,
        "citations": 4
      },
      {
        "year": 2017,
        "citations": 10
      },
      {
        "year": 2018,
        "citations": 19
      },
      {
        "year": 2019,
        "citations": 33
      },
      {
        "year": 2020,
        "citations": 36
      },
      {
        "year": 2021,
        "citations": 26
      },
      {
        "year": 2022,
        "citations": 49
      },
      {
        "year": 2023,
        "citations": 72
      },
      {
        "year": 2024,
        "citations": 96
      },
      {
        "year": 2025,
        "citations": 60
      }
    ]
  },
  "papers": [
    {
      "title": "Fam diffusion: Frequency and attention modulation for high-resolution image generation with stable diffusion",
      "url": "https://scholar.google.com/citations?view_op=view_citation&hl=en&user=u4D3guYAAAAJ&citation_for_view=u4D3guYAAAAJ:_kc_bZDykSQC",
      "authors": "H Yang, A Bulat, I Hadji, HX Pham, X Zhu, G Tzimiropoulos, B Martinez",
      "venue": "Proceedings of the Computer Vision and Pattern Recognition Conference, 2459-2468, 2025",
      "year": 2025,
      "citations": 2
    },
    {
      "title": "Graph guided question answer generation for procedural Question-Answering",
      "url": "https://scholar.google.com/citations?view_op=view_citation&hl=en&user=u4D3guYAAAAJ&citation_for_view=u4D3guYAAAAJ:YOwf2qJgpHMC",
      "authors": "H Pham, I Hadji, X Xu, Z Degutyte, J Rainey, E Kazakos, A Fazly, ...",
      "venue": "Proceedings of the 18th Conference of the European Chapter of the …, 2024",
      "year": 2024,
      "citations": 1
    },
    {
      "title": "Method and apparatus for concept matching",
      "url": "https://scholar.google.com/citations?view_op=view_citation&hl=en&user=u4D3guYAAAAJ&citation_for_view=u4D3guYAAAAJ:ULOm3_A8WrAC",
      "authors": "V Pavlovic, M Kim, R Guerrero, HX PHAM",
      "venue": "US Patent App. 17/434,314, 2023",
      "year": 2023,
      "citations": 1
    },
    {
      "title": "Flow graph to video grounding for weakly-supervised multi-step localization",
      "url": "https://scholar.google.com/citations?view_op=view_citation&hl=en&user=u4D3guYAAAAJ&citation_for_view=u4D3guYAAAAJ:Zph67rFs4hoC",
      "authors": "N Dvornik, I Hadji, H Pham, D Bhatt, B Martinez, A Fazly, AD Jepson",
      "venue": "European Conference on Computer Vision, 319-335, 2022",
      "year": 2022,
      "citations": 21
    },
    {
      "title": "Graph2vid: Flow graph to video grounding for weakly-supervised multi-step localization",
      "url": "https://scholar.google.com/citations?view_op=view_citation&hl=en&user=u4D3guYAAAAJ&citation_for_view=u4D3guYAAAAJ:kNdYIx-mwKoC",
      "authors": "N Dvornik, I Hadji, H Pham, D Bhatt, B Martinez, A Fazly, AD Jepson",
      "venue": "arXiv preprint arXiv:2210.04996, 2022",
      "year": 2022,
      "citations": 6
    },
    {
      "title": "Variational Continual Proxy-Anchor for Deep Metric Learning.",
      "url": "https://scholar.google.com/citations?view_op=view_citation&hl=en&user=u4D3guYAAAAJ&citation_for_view=u4D3guYAAAAJ:3fE2CSJIrl8C",
      "authors": "M Kim, R Guerrero, HX Pham, V Pavlovic",
      "venue": "AISTATS, 4552-4573, 2022",
      "year": 2022,
      "citations": 2
    },
    {
      "title": "Cross-modal retrieval and synthesis (x-mrs): Closing the modality gap in shared subspace learning",
      "url": "https://scholar.google.com/citations?view_op=view_citation&hl=en&user=u4D3guYAAAAJ&citation_for_view=u4D3guYAAAAJ:8k81kl-MbHgC",
      "authors": "R Guerrero, HX Pham, V Pavlovic",
      "venue": "Proceedings of the 29th ACM International Conference on Multimedia, 3192-3201, 2021",
      "year": 2021,
      "citations": 39
    },
    {
      "title": "CHEF: Cross-modal hierarchical embeddings for food domain retrieval",
      "url": "https://scholar.google.com/citations?view_op=view_citation&hl=en&user=u4D3guYAAAAJ&citation_for_view=u4D3guYAAAAJ:5nxA0vEk-isC",
      "authors": "HX Pham, R Guerrero, J Li, V Pavlovic",
      "venue": "AAAI 2021, 2021",
      "year": 2021,
      "citations": 28
    },
    {
      "title": "Learning continuous facial actions from speech for real-time animation",
      "url": "https://scholar.google.com/citations?view_op=view_citation&hl=en&user=u4D3guYAAAAJ&citation_for_view=u4D3guYAAAAJ:hqOjcs7Dif8C",
      "authors": "HX Pham, Y Wang, V Pavlovic",
      "venue": "IEEE Transactions on Affective Computing 13 (3), 1567-1580, 2020",
      "year": 2020,
      "citations": 12
    },
    {
      "title": "Cross-modal Retrieval and Synthesis (X-MRS): Closing the modality gap in shared representation learning",
      "url": "https://scholar.google.com/citations?view_op=view_citation&hl=en&user=u4D3guYAAAAJ&citation_for_view=u4D3guYAAAAJ:MXK_kJrjxJIC",
      "authors": "R Guerrero, HX Pham, V Pavlovic",
      "venue": "arXiv preprint arXiv:2012.01345, 2020",
      "year": 2020,
      "citations": 5
    },
    {
      "title": "End-to-end learning for 3d facial animation from speech",
      "url": "https://scholar.google.com/citations?view_op=view_citation&hl=en&user=u4D3guYAAAAJ&citation_for_view=u4D3guYAAAAJ:W7OEmFMy1HYC",
      "authors": "HX Pham, Y Wang, V Pavlovic",
      "venue": "Proceedings of the 20th ACM International Conference on Multimodal …, 2018",
      "year": 2018,
      "citations": 69
    },
    {
      "title": "Generative adversarial talking head: Bringing portraits to life with a weakly supervised neural network",
      "url": "https://scholar.google.com/citations?view_op=view_citation&hl=en&user=u4D3guYAAAAJ&citation_for_view=u4D3guYAAAAJ:UeHWp8X0CEIC",
      "authors": "HX Pham, Y Wang, V Pavlovic",
      "venue": "arXiv preprint arXiv:1803.07716, 2018",
      "year": 2018,
      "citations": 48
    },
    {
      "title": "Speech-driven 3D facial animation with implicit emotional awareness: A deep learning approach",
      "url": "https://scholar.google.com/citations?view_op=view_citation&hl=en&user=u4D3guYAAAAJ&citation_for_view=u4D3guYAAAAJ:9yKSN-GCB0IC",
      "authors": "HX Pham, S Cheung, V Pavlovic",
      "venue": "Proceedings of the IEEE conference on computer vision and pattern …, 2017",
      "year": 2017,
      "citations": 105
    },
    {
      "title": "End-to-end learning for 3d facial animation from raw waveforms of speech",
      "url": "https://scholar.google.com/citations?view_op=view_citation&hl=en&user=u4D3guYAAAAJ&citation_for_view=u4D3guYAAAAJ:2osOgNQ5qMEC",
      "authors": "HX Pham, Y Wang, V Pavlovic",
      "venue": "arXiv preprint arXiv:1710.00920, 2017",
      "year": 2017,
      "citations": 23
    },
    {
      "title": "Using 3D face priors for depth recovery",
      "url": "https://scholar.google.com/citations?view_op=view_citation&hl=en&user=u4D3guYAAAAJ&citation_for_view=u4D3guYAAAAJ:IjCSPb-OGe4C",
      "authors": "C Chen, HX Pham, V Pavlovic, J Cai, G Shi, Y Gao, H Cheng",
      "venue": "Journal of Visual Communication and Image Representation 48, 16-29, 2017",
      "year": 2017,
      "citations": 3
    },
    {
      "title": "Robust real-time performance-driven 3D face tracking",
      "url": "https://scholar.google.com/citations?view_op=view_citation&hl=en&user=u4D3guYAAAAJ&citation_for_view=u4D3guYAAAAJ:u-x6o8ySG0sC",
      "authors": "HX Pham, V Pavlovic, J Cai, T Cham",
      "venue": "2016 23rd International Conference on Pattern Recognition (ICPR), 1851-1856, 2016",
      "year": 2016,
      "citations": 13
    },
    {
      "title": "Robust real-time 3d face tracking from rgbd videos under extreme pose, depth, and expression variation",
      "url": "https://scholar.google.com/citations?view_op=view_citation&hl=en&user=u4D3guYAAAAJ&citation_for_view=u4D3guYAAAAJ:u5HHmVD_uO8C",
      "authors": "HX Pham, V Pavlovic",
      "venue": "2016 Fourth International Conference on 3D Vision (3DV), 441-449, 2016",
      "year": 2016,
      "citations": 13
    },
    {
      "title": "Robust performance-driven 3d face tracking in long range depth scenes",
      "url": "https://scholar.google.com/citations?view_op=view_citation&hl=en&user=u4D3guYAAAAJ&citation_for_view=u4D3guYAAAAJ:d1gkVwhDpl0C",
      "authors": "HX Pham, C Chen, LN Dao, V Pavlovic, J Cai, T Cham",
      "venue": "arXiv preprint arXiv:1507.02779, 2015",
      "year": 2015,
      "citations": 2
    },
    {
      "title": "Hybrid on-line 3D face and facial actions tracking in RGBD video sequences",
      "url": "https://scholar.google.com/citations?view_op=view_citation&hl=en&user=u4D3guYAAAAJ&citation_for_view=u4D3guYAAAAJ:qjMakFHDy7sC",
      "authors": "HX Pham, V Pavlovic",
      "venue": "2014 22nd International Conference on Pattern Recognition, 4194-4199, 2014",
      "year": 2014,
      "citations": 13
    },
    {
      "title": "Depth recovery with face priors",
      "url": "https://scholar.google.com/citations?view_op=view_citation&hl=en&user=u4D3guYAAAAJ&citation_for_view=u4D3guYAAAAJ:zYLM7Y9cAGgC",
      "authors": "C Chen, HX Pham, V Pavlovic, J Cai, G Shi",
      "venue": "Asian Conference on Computer Vision, 336-351, 2014",
      "year": 2014,
      "citations": 7
    }
  ],
  "co_authors": []
}