{
  "author_info": {
    "name": "Zhe Zhao",
    "affiliation": "Department of Computer Science, University of California, Davis",
    "email_verified": "Verified email at ucdavis.edu - Homepage",
    "website": "https://sites.google.com/view/zhezhao",
    "interests": [
      "Machine Learning",
      "Artificial Intelligence",
      "Recommender System"
    ],
    "photo_url": "https://scholar.googleusercontent.com/citations?view_op=view_photo&user=TRZB0J4AAAAJ&citpid=17"
  },
  "citation_stats": {
    "citations_all": 7408,
    "citations_since_2020": 6611,
    "h_index_all": 25,
    "h_index_since_2020": 23,
    "i10_index_all": 33,
    "i10_index_since_2020": 29,
    "citation_graph": [
      {
        "year": 2014,
        "citations": 23
      },
      {
        "year": 2015,
        "citations": 42
      },
      {
        "year": 2016,
        "citations": 105
      },
      {
        "year": 2017,
        "citations": 131
      },
      {
        "year": 2018,
        "citations": 182
      },
      {
        "year": 2019,
        "citations": 255
      },
      {
        "year": 2020,
        "citations": 453
      },
      {
        "year": 2021,
        "citations": 724
      },
      {
        "year": 2022,
        "citations": 1015
      },
      {
        "year": 2023,
        "citations": 1403
      },
      {
        "year": 2024,
        "citations": 1528
      },
      {
        "year": 2025,
        "citations": 1480
      }
    ]
  },
  "papers": [
    {
      "title": "Transformer memory as a differentiable search index",
      "url": "https://scholar.google.com/citations?view_op=view_citation&hl=en&user=TRZB0J4AAAAJ&citation_for_view=TRZB0J4AAAAJ:HE397vMXCloC",
      "authors": "Y Tay, V Tran, M Dehghani, J Ni, D Bahri, H Mehta, Z Qin, K Hui, Z Zhao, ...",
      "venue": "Advances in Neural Information Processing Systems 35, 21831-21843, 2022",
      "year": 2022,
      "citations": 399
    },
    {
      "title": "Hyperprompt: Prompt-based task-conditioning of transformers",
      "url": "https://scholar.google.com/citations?view_op=view_citation&hl=en&user=TRZB0J4AAAAJ&citation_for_view=TRZB0J4AAAAJ:WA5NYHcadZ8C",
      "authors": "Y He, S Zheng, Y Tay, J Gupta, Y Du, V Aribandi, Z Zhao, YG Li, Z Chen, ...",
      "venue": "International conference on machine learning, 8678-8690, 2022",
      "year": 2022,
      "citations": 110
    },
    {
      "title": "Synthesizer: Rethinking self-attention for transformer models",
      "url": "https://scholar.google.com/citations?view_op=view_citation&hl=en&user=TRZB0J4AAAAJ&citation_for_view=TRZB0J4AAAAJ:eflP2zaiRacC",
      "authors": "Y Tay, D Bahri, D Metzler, DC Juan, Z Zhao, C Zheng",
      "venue": "International conference on machine learning, 10183-10192, 2021",
      "year": 2021,
      "citations": 472
    },
    {
      "title": "Efficiently identifying task groupings for multi-task learning",
      "url": "https://scholar.google.com/citations?view_op=view_citation&hl=en&user=TRZB0J4AAAAJ&citation_for_view=TRZB0J4AAAAJ:XiVPGOgt02cC",
      "authors": "C Fifty, E Amid, Z Zhao, T Yu, R Anil, C Finn",
      "venue": "Advances in Neural Information Processing Systems 34, 27503-27516, 2021",
      "year": 2021,
      "citations": 388
    },
    {
      "title": "Dselect-k: Differentiable selection in the mixture of experts with applications to multi-task learning",
      "url": "https://scholar.google.com/citations?view_op=view_citation&hl=en&user=TRZB0J4AAAAJ&citation_for_view=TRZB0J4AAAAJ:5ugPr518TE4C",
      "authors": "H Hazimeh, Z Zhao, A Chowdhery, M Sathiamoorthy, Y Chen, ...",
      "venue": "Advances in Neural Information Processing Systems 34, 29335-29347, 2021",
      "year": 2021,
      "citations": 195
    },
    {
      "title": "The benchmark lottery",
      "url": "https://scholar.google.com/citations?view_op=view_citation&hl=en&user=TRZB0J4AAAAJ&citation_for_view=TRZB0J4AAAAJ:bnK-pcrLprsC",
      "authors": "M Dehghani, Y Tay, AA Gritsenko, Z Zhao, N Houlsby, F Diaz, D Metzler, ...",
      "venue": "arXiv preprint arXiv:2107.07002, 2021",
      "year": 2021,
      "citations": 111
    },
    {
      "title": "Understanding and improving knowledge distillation",
      "url": "https://scholar.google.com/citations?view_op=view_citation&hl=en&user=TRZB0J4AAAAJ&citation_for_view=TRZB0J4AAAAJ:D_sINldO8mEC",
      "authors": "J Tang, R Shivanna, Z Zhao, D Lin, A Singh, EH Chi, S Jain",
      "venue": "arXiv preprint arXiv:2002.03532, 2020",
      "year": 2020,
      "citations": 184
    },
    {
      "title": "Off-policy learning in two-stage recommender systems",
      "url": "https://scholar.google.com/citations?view_op=view_citation&hl=en&user=TRZB0J4AAAAJ&citation_for_view=TRZB0J4AAAAJ:eJXPG6dFmWUC",
      "authors": "J Ma, Z Zhao, X Yi, J Yang, M Chen, J Tang, L Hong, EH Chi",
      "venue": "Proceedings of The Web Conference 2020, 463-473, 2020",
      "year": 2020,
      "citations": 127
    },
    {
      "title": "Multitask mixture of sequential experts for user activity streams",
      "url": "https://scholar.google.com/citations?view_op=view_citation&hl=en&user=TRZB0J4AAAAJ&citation_for_view=TRZB0J4AAAAJ:q3oQSFYPqjQC",
      "authors": "Z Qin, Y Cheng, Z Zhao, Z Chen, D Metzler, J Qin",
      "venue": "Proceedings of the 26th ACM SIGKDD international conference on knowledge …, 2020",
      "year": 2020,
      "citations": 103
    },
    {
      "title": "Fairness in recommendation ranking through pairwise comparisons",
      "url": "https://scholar.google.com/citations?view_op=view_citation&hl=en&user=TRZB0J4AAAAJ&citation_for_view=TRZB0J4AAAAJ:5Ul4iDaHHb8C",
      "authors": "A Beutel, J Chen, T Doshi, H Qian, L Wei, Y Wu, L Heldt, Z Zhao, L Hong, ...",
      "venue": "Proceedings of the 25th ACM SIGKDD international conference on knowledge …, 2019",
      "year": 2019,
      "citations": 513
    },
    {
      "title": "Recommending what video to watch next: a multitask ranking system",
      "url": "https://scholar.google.com/citations?view_op=view_citation&hl=en&user=TRZB0J4AAAAJ&citation_for_view=TRZB0J4AAAAJ:VOx2b1Wkg3QC",
      "authors": "Z Zhao, L Hong, L Wei, J Chen, A Nath, S Andrews, A Kumthekar, ...",
      "venue": "Proceedings of the 13th ACM conference on recommender systems, 43-51, 2019",
      "year": 2019,
      "citations": 453
    },
    {
      "title": "Sampling-bias-corrected neural modeling for large corpus item recommendations",
      "url": "https://scholar.google.com/citations?view_op=view_citation&hl=en&user=TRZB0J4AAAAJ&citation_for_view=TRZB0J4AAAAJ:fQNAKQ3IYiAC",
      "authors": "X Yi, J Yang, L Hong, DZ Cheng, L Heldt, A Kumthekar, Z Zhao, L Wei, ...",
      "venue": "Proceedings of the 13th ACM conference on recommender systems, 269-277, 2019",
      "year": 2019,
      "citations": 322
    },
    {
      "title": "SNR: Sub-Network Routing for Flexible Parameter Sharing in Multi-task Learning",
      "url": "https://scholar.google.com/citations?view_op=view_citation&hl=en&user=TRZB0J4AAAAJ&citation_for_view=TRZB0J4AAAAJ:sSrBHYA8nusC",
      "authors": "J Ma, Z Zhao, J Chen, A Li, L Hong, E Chi",
      "venue": "AAAI, 2019",
      "year": 2019,
      "citations": 148
    },
    {
      "title": "Modeling task relationships in multi-task learning with multi-gate mixture-of-experts",
      "url": "https://scholar.google.com/citations?view_op=view_citation&hl=en&user=TRZB0J4AAAAJ&citation_for_view=TRZB0J4AAAAJ:B3FOqHPlNUQC",
      "authors": "J Ma, Z Zhao, X Yi, J Chen, L Hong, EH Chi",
      "venue": "Proceedings of the 24th ACM SIGKDD international conference on knowledge …, 2018",
      "year": 2018,
      "citations": 1614
    },
    {
      "title": "Data decisions and theoretical implications when adversarially learning fair representations",
      "url": "https://scholar.google.com/citations?view_op=view_citation&hl=en&user=TRZB0J4AAAAJ&citation_for_view=TRZB0J4AAAAJ:vRqMK49ujn8C",
      "authors": "A Beutel, J Chen, Z Zhao, EH Chi",
      "venue": "arXiv preprint arXiv:1707.00075, 2017",
      "year": 2017,
      "citations": 566
    },
    {
      "title": "Enquiring minds: Early detection of rumors in social media from enquiry posts",
      "url": "https://scholar.google.com/citations?view_op=view_citation&hl=en&user=TRZB0J4AAAAJ&citation_for_view=TRZB0J4AAAAJ:WbkHhVStYXYC",
      "authors": "Z Zhao, P Resnick, Q Mei",
      "venue": "Proceedings of the 24th international conference on world wide web, 1395-1405, 2015",
      "year": 2015,
      "citations": 845
    },
    {
      "title": "Improving user topic interest profiles by behavior factorization",
      "url": "https://scholar.google.com/citations?view_op=view_citation&hl=en&user=TRZB0J4AAAAJ&citation_for_view=TRZB0J4AAAAJ:738O_yMBCRsC",
      "authors": "Z Zhao, Z Cheng, L Hong, EH Chi",
      "venue": "Proceedings of the 24th international conference on world wide web, 1406-1416, 2015",
      "year": 2015,
      "citations": 210
    },
    {
      "title": "Predicting bursts and popularity of hashtags in real-time",
      "url": "https://scholar.google.com/citations?view_op=view_citation&hl=en&user=TRZB0J4AAAAJ&citation_for_view=TRZB0J4AAAAJ:Tyk-4Ss8FVUC",
      "authors": "S Kong, Q Mei, L Feng, F Ye, Z Zhao",
      "venue": "Proceedings of the 37th international ACM SIGIR conference on Research …, 2014",
      "year": 2014,
      "citations": 99
    },
    {
      "title": "Questions about questions: An empirical analysis of information needs on twitter",
      "url": "https://scholar.google.com/citations?view_op=view_citation&hl=en&user=TRZB0J4AAAAJ&citation_for_view=TRZB0J4AAAAJ:d1gkVwhDpl0C",
      "authors": "Z Zhao, Q Mei",
      "venue": "Proceedings of the 22nd international conference on World Wide Web, 1545-1556, 2013",
      "year": 2013,
      "citations": 80
    },
    {
      "title": "Recommending flickr groups with social topic model",
      "url": "https://scholar.google.com/citations?view_op=view_citation&hl=en&user=TRZB0J4AAAAJ&citation_for_view=TRZB0J4AAAAJ:u-x6o8ySG0sC",
      "authors": "J Wang, Z Zhao, J Zhou, H Wang, B Cui, G Qi",
      "venue": "Information retrieval 15 (3), 278-295, 2012",
      "year": 2012,
      "citations": 71
    }
  ],
  "co_authors": [
    {
      "name": "Ed H. Chi",
      "scholar_id": "VuWl-KUAAAAJ",
      "url": "https://scholar.google.com/citations?user=VuWl-KUAAAAJ"
    },
    {
      "name": "Lichan Hong",
      "scholar_id": "20Y73oIAAAAJ",
      "url": "https://scholar.google.com/citations?user=20Y73oIAAAAJ"
    },
    {
      "name": "Xinyang Yi",
      "scholar_id": "r0c4bz4AAAAJ",
      "url": "https://scholar.google.com/citations?user=r0c4bz4AAAAJ"
    },
    {
      "name": "Donald Metzler",
      "scholar_id": "bmXpOd8AAAAJ",
      "url": "https://scholar.google.com/citations?user=bmXpOd8AAAAJ"
    },
    {
      "name": "Qiaozhu Mei",
      "scholar_id": "zr22WkQAAAAJ",
      "url": "https://scholar.google.com/citations?user=zr22WkQAAAAJ"
    },
    {
      "name": "Yi Tay",
      "scholar_id": "VBclY_cAAAAJ",
      "url": "https://scholar.google.com/citations?user=VBclY_cAAAAJ"
    },
    {
      "name": "Jiaqi W. Ma",
      "scholar_id": "Z9X2A1MAAAAJ",
      "url": "https://scholar.google.com/citations?user=Z9X2A1MAAAAJ"
    },
    {
      "name": "Dara Bahri",
      "scholar_id": "j5PpTOwAAAAJ",
      "url": "https://scholar.google.com/citations?user=j5PpTOwAAAAJ"
    },
    {
      "name": "Maheswaran (Mahesh) Sathiamoorthy",
      "scholar_id": "HLkvYl0AAAAJ",
      "url": "https://scholar.google.com/citations?user=HLkvYl0AAAAJ"
    },
    {
      "name": "Bin CUI",
      "scholar_id": "IJAU8KoAAAAJ",
      "url": "https://scholar.google.com/citations?user=IJAU8KoAAAAJ"
    },
    {
      "name": "Christopher Fifty",
      "scholar_id": "lg2M2RYAAAAJ",
      "url": "https://scholar.google.com/citations?user=lg2M2RYAAAAJ"
    },
    {
      "name": "Alex Beutel",
      "scholar_id": "zEYMVR0AAAAJ",
      "url": "https://scholar.google.com/citations?user=zEYMVR0AAAAJ"
    },
    {
      "name": "Hussein Hazimeh",
      "scholar_id": "zPgtqfEAAAAJ",
      "url": "https://scholar.google.com/citations?user=zPgtqfEAAAAJ"
    },
    {
      "name": "Derek Zhiyuan Cheng",
      "scholar_id": "qYYPst0AAAAJ",
      "url": "https://scholar.google.com/citations?user=qYYPst0AAAAJ"
    },
    {
      "name": "Da-Cheng Juan",
      "scholar_id": "-bgrJfsAAAAJ",
      "url": "https://scholar.google.com/citations?user=-bgrJfsAAAAJ"
    },
    {
      "name": "Aniruddh Nath",
      "scholar_id": "oU_YWL4AAAAJ",
      "url": "https://scholar.google.com/citations?user=oU_YWL4AAAAJ"
    },
    {
      "name": "Rahul Mazumder",
      "scholar_id": "cyCp3pIAAAAJ",
      "url": "https://scholar.google.com/citations?user=cyCp3pIAAAAJ"
    },
    {
      "name": "Yi Wu",
      "scholar_id": "QTirHXcAAAAJ",
      "url": "https://scholar.google.com/citations?user=QTirHXcAAAAJ"
    },
    {
      "name": "Mostafa Dehghani",
      "scholar_id": "MiHOX3QAAAAJ",
      "url": "https://scholar.google.com/citations?user=MiHOX3QAAAAJ"
    },
    {
      "name": "Jai Gupta",
      "scholar_id": "RisiAbYAAAAJ",
      "url": "https://scholar.google.com/citations?user=RisiAbYAAAAJ"
    }
  ]
}