{
  "author_info": {
    "name": "Yuang Zhang",
    "affiliation": "Shanghai Jiao Tong University",
    "email_verified": "Verified email at sjtu.edu.cn",
    "interests": [],
    "photo_url": "https://scholar.googleusercontent.com/citations?view_op=view_photo&user=pP5WG9wAAAAJ&citpid=2"
  },
  "citation_stats": {
    "citations_all": 1652,
    "citations_since_2020": 1652,
    "h_index_all": 10,
    "h_index_since_2020": 10,
    "i10_index_all": 10,
    "i10_index_since_2020": 10,
    "citation_graph": [
      {
        "year": 2021,
        "citations": 14
      },
      {
        "year": 2022,
        "citations": 101
      },
      {
        "year": 2023,
        "citations": 251
      },
      {
        "year": 2024,
        "citations": 545
      },
      {
        "year": 2025,
        "citations": 737
      }
    ]
  },
  "papers": [
    {
      "title": "Learning vision-based agile flight via differentiable physics",
      "url": "https://scholar.google.com/citations?view_op=view_citation&hl=en&user=pP5WG9wAAAAJ&citation_for_view=pP5WG9wAAAAJ:hqOjcs7Dif8C",
      "authors": "Y Zhang, Y Hu, Y Song, D Zou, W Lin",
      "venue": "Nature Machine Intelligence, 1-13, 2025",
      "year": 2025,
      "citations": 35
    },
    {
      "title": "Seeing through pixel motion: learning obstacle avoidance from optical flow with one camera",
      "url": "https://scholar.google.com/citations?view_op=view_citation&hl=en&user=pP5WG9wAAAAJ&citation_for_view=pP5WG9wAAAAJ:Se3iqnhoufwC",
      "authors": "Y Hu, Y Zhang, Y Song, Y Deng, F Yu, L Zhang, W Lin, D Zou, W Yu",
      "venue": "IEEE Robotics and Automation Letters, 2025",
      "year": 2025,
      "citations": 11
    },
    {
      "title": "Toward Accurate and Robust Pedestrian Detection via Variational Inference",
      "url": "https://scholar.google.com/citations?view_op=view_citation&hl=en&user=pP5WG9wAAAAJ&citation_for_view=pP5WG9wAAAAJ:eQOLeE2rZwMC",
      "authors": "H He, W Lin, Y Zhang, T He, Y Li, J Li",
      "venue": "International Journal of Computer Vision 133 (2), 867-889, 2025",
      "year": 2025,
      "citations": 1
    },
    {
      "title": "Consistent Video Colorization via Palette Guidance",
      "url": "https://scholar.google.com/citations?view_op=view_citation&hl=en&user=pP5WG9wAAAAJ&citation_for_view=pP5WG9wAAAAJ:UebtZRa9Y70C",
      "authors": "H Wang, Y Zhang, Y Zhang, L Lu, L Song",
      "venue": "arXiv preprint arXiv:2501.19331, 2025",
      "year": 2025,
      "citations": 1
    },
    {
      "title": "Mimicmotion: High-quality human motion video generation with confidence-aware pose guidance",
      "url": "https://scholar.google.com/citations?view_op=view_citation&hl=en&user=pP5WG9wAAAAJ&citation_for_view=pP5WG9wAAAAJ:roLk4NBRz8UC",
      "authors": "Y Zhang, J Gu, LW Wang, H Wang, J Cheng, Y Zhu, F Zou",
      "venue": "arXiv preprint arXiv:2406.19680, 2024",
      "year": 2024,
      "citations": 148
    },
    {
      "title": "Motrv2: Bootstrapping end-to-end multi-object tracking by pretrained object detectors",
      "url": "https://scholar.google.com/citations?view_op=view_citation&hl=en&user=pP5WG9wAAAAJ&citation_for_view=pP5WG9wAAAAJ:qjMakFHDy7sC",
      "authors": "Y Zhang, T Wang, X Zhang",
      "venue": "Proceedings of the IEEE/CVF Conference on Computer Vision and Pattern …, 2023",
      "year": 2023,
      "citations": 277
    },
    {
      "title": "Onlinerefer: A simple online baseline for referring video object segmentation",
      "url": "https://scholar.google.com/citations?view_op=view_citation&hl=en&user=pP5WG9wAAAAJ&citation_for_view=pP5WG9wAAAAJ:IjCSPb-OGe4C",
      "authors": "D Wu, T Wang, Y Zhang, X Zhang, J Shen",
      "venue": "Proceedings of the IEEE/CVF International Conference on Computer Vision …, 2023",
      "year": 2023,
      "citations": 90
    },
    {
      "title": "Motrv3: Release-fetch supervision for end-to-end multi-object tracking",
      "url": "https://scholar.google.com/citations?view_op=view_citation&hl=en&user=pP5WG9wAAAAJ&citation_for_view=pP5WG9wAAAAJ:UeHWp8X0CEIC",
      "authors": "E Yu, T Wang, Z Li, Y Zhang, X Zhang, W Tao",
      "venue": "arXiv preprint arXiv:2305.14298, 2023",
      "year": 2023,
      "citations": 60
    },
    {
      "title": "Vlm-eval: A general evaluation on video large language models",
      "url": "https://scholar.google.com/citations?view_op=view_citation&hl=en&user=pP5WG9wAAAAJ&citation_for_view=pP5WG9wAAAAJ:Tyk-4Ss8FVUC",
      "authors": "S Li, Y Zhang, Y Zhao, Q Wang, F Jia, Y Liu, T Wang",
      "venue": "arXiv preprint arXiv:2311.11865, 2023",
      "year": 2023,
      "citations": 10
    },
    {
      "title": "Motr: End-to-end multiple-object tracking with transformer",
      "url": "https://scholar.google.com/citations?view_op=view_citation&hl=en&user=pP5WG9wAAAAJ&citation_for_view=pP5WG9wAAAAJ:d1gkVwhDpl0C",
      "authors": "F Zeng, B Dong, Y Zhang, T Wang, X Zhang, Y Wei",
      "venue": "European conference on computer vision, 659-675, 2022",
      "year": 2022,
      "citations": 864
    },
    {
      "title": "Progressive end-to-end object detection in crowded scenes",
      "url": "https://scholar.google.com/citations?view_op=view_citation&hl=en&user=pP5WG9wAAAAJ&citation_for_view=pP5WG9wAAAAJ:u-x6o8ySG0sC",
      "authors": "A Zheng, Y Zhang, X Zhang, X Qi, J Sun",
      "venue": "Proceedings of the IEEE/CVF conference on computer vision and pattern …, 2022",
      "year": 2022,
      "citations": 98
    },
    {
      "title": "Interaction Guided Hand-Held Object Detection",
      "url": "https://scholar.google.com/citations?view_op=view_citation&hl=en&user=pP5WG9wAAAAJ&citation_for_view=pP5WG9wAAAAJ:Y0pCki6q_DkC",
      "authors": "K Dong, Y Zhang, A Zhang",
      "venue": "2022 IEEE International Conference on Multimedia and Expo Workshops (ICMEW), 1-6, 2022",
      "year": 2022,
      "citations": 3
    },
    {
      "title": "Variational pedestrian detection",
      "url": "https://scholar.google.com/citations?view_op=view_citation&hl=en&user=pP5WG9wAAAAJ&citation_for_view=pP5WG9wAAAAJ:u5HHmVD_uO8C",
      "authors": "Y Zhang, H He, J Li, Y Li, J See, W Lin",
      "venue": "Proceedings of the IEEE/CVF conference on computer vision and pattern …, 2021",
      "year": 2021,
      "citations": 54
    }
  ],
  "co_authors": []
}