{
  "author_info": {
    "name": "Litian Liu",
    "affiliation": "Qualcomm AI Research",
    "email_verified": "Verified email at qti.qualcomm.com - Homepage",
    "website": "https://litianliu.github.io/",
    "interests": [
      "Machine Learning",
      "Information Theory"
    ],
    "photo_url": "/citations/images/avatar_scholar_128.png"
  },
  "citation_stats": {
    "citations_all": 126,
    "citations_since_2020": 125,
    "h_index_all": 6,
    "h_index_since_2020": 6,
    "i10_index_all": 5,
    "i10_index_since_2020": 5,
    "citation_graph": [
      {
        "year": 2019,
        "citations": 1
      },
      {
        "year": 2020,
        "citations": 4
      },
      {
        "year": 2021,
        "citations": 11
      },
      {
        "year": 2022,
        "citations": 9
      },
      {
        "year": 2023,
        "citations": 7
      },
      {
        "year": 2024,
        "citations": 21
      },
      {
        "year": 2025,
        "citations": 72
      }
    ]
  },
  "papers": [
    {
      "title": "Detecting Out-of-Distribution through the Lens of Neural Collapse",
      "url": "https://scholar.google.com/citations?view_op=view_citation&hl=en&user=TJP9iAEAAAAJ&citation_for_view=TJP9iAEAAAAJ:UebtZRa9Y70C",
      "authors": "L Liu, Y Qin",
      "venue": "IEEE Conference on Computer Vision and Pattern Recognition (CVPR), 2025",
      "year": 2025,
      "citations": 17
    },
    {
      "title": "Distilling Multi-modal Large Language Models for Autonomous Driving",
      "url": "https://scholar.google.com/citations?view_op=view_citation&hl=en&user=TJP9iAEAAAAJ&citation_for_view=TJP9iAEAAAAJ:hqOjcs7Dif8C",
      "authors": "D Hegde, R Yasarla, H Cai, S Han, A Bhattacharyya, S Mahajan, L Liu, ...",
      "venue": "IEEE Conference on Computer Vision and Pattern Recognition (CVPR), 2025",
      "year": 2025,
      "citations": 16
    },
    {
      "title": "Enhancing hallucination detection through noise injection",
      "url": "https://scholar.google.com/citations?view_op=view_citation&hl=en&user=TJP9iAEAAAAJ&citation_for_view=TJP9iAEAAAAJ:Se3iqnhoufwC",
      "authors": "L Liu, R Pourreza, S Panchal, A Bhattacharyya, Y Qin, R Memisevic",
      "venue": "arXiv preprint arXiv:2502.03799, 2025",
      "year": 2025,
      "citations": 4
    },
    {
      "title": "RoCA: Robust Cross-Domain End-to-End Autonomous Driving",
      "url": "https://scholar.google.com/citations?view_op=view_citation&hl=en&user=TJP9iAEAAAAJ&citation_for_view=TJP9iAEAAAAJ:8k81kl-MbHgC",
      "authors": "R Yasarla, S Han, HP Cheng, L Liu, S Mahajan, A Bhattacharyya, Y Shi, ...",
      "venue": "arXiv preprint arXiv:2506.10145, 2025",
      "year": 2025,
      "citations": 3
    },
    {
      "title": "Machine Learning in Drug Development for Neurological Diseases: A Review of Blood Brain Barrier Permeability Prediction Models",
      "url": "https://scholar.google.com/citations?view_op=view_citation&hl=en&user=TJP9iAEAAAAJ&citation_for_view=TJP9iAEAAAAJ:0EnyYjriUFMC",
      "authors": "AE Nabi, P Pouladvand, L Liu, Y Hua, C Ayubcha",
      "venue": "Molecular Informatics 44 (3), e202400325, 2025",
      "year": 2025,
      "citations": 0
    },
    {
      "title": "Can Multi-Modal LLMs Provide Live Step-by-Step Task Guidance?",
      "url": "https://scholar.google.com/citations?view_op=view_citation&hl=en&user=TJP9iAEAAAAJ&citation_for_view=TJP9iAEAAAAJ:kNdYIx-mwKoC",
      "authors": "A Bhattacharyya, B Xu, S Haresh, R Pourreza, L Liu, S Panchal, L Sigal, ...",
      "venue": "The Thirty-ninth Annual Conference on Neural Information Processing Systems, 2025",
      "year": 2025,
      "citations": 0
    },
    {
      "title": "Fast Decision Boundary based Out-of-Distribution Detector",
      "url": "https://scholar.google.com/citations?view_op=view_citation&hl=en&user=TJP9iAEAAAAJ&citation_for_view=TJP9iAEAAAAJ:eQOLeE2rZwMC",
      "authors": "L Liu, Y Qin",
      "venue": "International Conference on Machine Learning (ICML), 2024",
      "year": 2024,
      "citations": 37
    },
    {
      "title": "Coding for multiplexed fluorescence microscopy",
      "url": "https://scholar.google.com/citations?view_op=view_citation&hl=en&user=TJP9iAEAAAAJ&citation_for_view=TJP9iAEAAAAJ:LkGwnXOMwfcC",
      "authors": "M Babadi, L D'Alessio, M Medard, K Duffy, Y Eldar, L Liu",
      "venue": "US Patent 12,131,498, 2024",
      "year": 2024,
      "citations": 0
    },
    {
      "title": "Machine learning in the positron emission tomography imaging of Alzheimer’s disease",
      "url": "https://scholar.google.com/citations?view_op=view_citation&hl=en&user=TJP9iAEAAAAJ&citation_for_view=TJP9iAEAAAAJ:W7OEmFMy1HYC",
      "authors": "C Ayubcha, SB Singh, KH Patel, A Rahmim, J Hasan, L Liu, T Werner, ...",
      "venue": "Nuclear Medicine Communications 44 (9), 751-766, 2023",
      "year": 2023,
      "citations": 6
    },
    {
      "title": "Application-driven intersections between information theory and machine learning",
      "url": "https://scholar.google.com/citations?view_op=view_citation&hl=en&user=TJP9iAEAAAAJ&citation_for_view=TJP9iAEAAAAJ:zYLM7Y9cAGgC",
      "authors": "L Liu",
      "venue": "Massachusetts Institute of Technology, 2021",
      "year": 2021,
      "citations": 1
    },
    {
      "title": "Neural Network Coding",
      "url": "https://scholar.google.com/citations?view_op=view_citation&hl=en&user=TJP9iAEAAAAJ&citation_for_view=TJP9iAEAAAAJ:qjMakFHDy7sC",
      "authors": "L Liu, A Solomon, S Salamatian, M Médard",
      "venue": "ICC 2020-2020 IEEE International Conference on Communications (ICC), 1-6, 2020",
      "year": 2020,
      "citations": 19
    },
    {
      "title": "A Coding Theory Perspective on Multiplexed Molecular Profiling of Biological Tissues",
      "url": "https://scholar.google.com/citations?view_op=view_citation&hl=en&user=TJP9iAEAAAAJ&citation_for_view=TJP9iAEAAAAJ:UeHWp8X0CEIC",
      "authors": "L D'Alessio, L Liu, K Duffy, Y Eldar, M Medard, M Babadi",
      "venue": "The International Symposium on Information Theory and Its Applications …, 2020",
      "year": 2020,
      "citations": 7
    },
    {
      "title": "Mismatched guesswork and one-to-one codes",
      "url": "https://scholar.google.com/citations?view_op=view_citation&hl=en&user=TJP9iAEAAAAJ&citation_for_view=TJP9iAEAAAAJ:9yKSN-GCB0IC",
      "authors": "S Salamatian, L Liu, A Beirami, M Médard",
      "venue": "2019 IEEE Information Theory Workshop (ITW), 1-5, 2019",
      "year": 2019,
      "citations": 11
    },
    {
      "title": "Guesswork for inference in machine translation with Seq2Seq model",
      "url": "https://scholar.google.com/citations?view_op=view_citation&hl=en&user=TJP9iAEAAAAJ&citation_for_view=TJP9iAEAAAAJ:u-x6o8ySG0sC",
      "authors": "L Liu, D Malak, M Médard",
      "venue": "2019 IEEE Information Theory Workshop (ITW), 1-5, 2019",
      "year": 2019,
      "citations": 5
    }
  ],
  "co_authors": []
}