{
  "author_info": {
    "name": "Kai Ma",
    "affiliation": "Tencent",
    "email_verified": "Verified email at tencent.com - Homepage",
    "website": "http://jarvislab.tencent.com/",
    "interests": [
      "Computer Vision",
      "Deep Learning",
      "Medical Imaging Analysis"
    ],
    "photo_url": "https://scholar.googleusercontent.com/citations?view_op=view_photo&user=FSSXeyAAAAAJ&citpid=6"
  },
  "citation_stats": {
    "citations_all": 10776,
    "citations_since_2020": 10374,
    "h_index_all": 47,
    "h_index_since_2020": 47,
    "i10_index_all": 114,
    "i10_index_since_2020": 111,
    "citation_graph": [
      {
        "year": 2018,
        "citations": 85
      },
      {
        "year": 2019,
        "citations": 191
      },
      {
        "year": 2020,
        "citations": 576
      },
      {
        "year": 2021,
        "citations": 1070
      },
      {
        "year": 2022,
        "citations": 1673
      },
      {
        "year": 2023,
        "citations": 2142
      },
      {
        "year": 2024,
        "citations": 2589
      },
      {
        "year": 2025,
        "citations": 2280
      }
    ]
  },
  "papers": [
    {
      "title": "Dense cross-query-and-support attention weighted mask aggregation for few-shot segmentation",
      "url": "https://scholar.google.com/citations?view_op=view_citation&hl=en&user=FSSXeyAAAAAJ&citation_for_view=FSSXeyAAAAAJ:qE4H1tSSYIIC",
      "authors": "X Shi, D Wei, Y Zhang, D Lu, M Ning, J Chen, K Ma, Y Zheng",
      "venue": "European Conference on Computer Vision, 151-168, 2022",
      "year": 2022,
      "citations": 182
    },
    {
      "title": "Unsupervised domain adaptation for medical image segmentation by disentanglement learning and self-training",
      "url": "https://scholar.google.com/citations?view_op=view_citation&hl=en&user=FSSXeyAAAAAJ&citation_for_view=FSSXeyAAAAAJ:Wq2b2clWBLsC",
      "authors": "Q Xie, Y Li, N He, M Ning, K Ma, G Wang, Y Lian, Y Zheng",
      "venue": "IEEE Transactions on Medical Imaging 43 (1), 4-14, 2022",
      "year": 2022,
      "citations": 111
    },
    {
      "title": "Calibrated RGB-D salient object detection",
      "url": "https://scholar.google.com/citations?view_op=view_citation&hl=en&user=FSSXeyAAAAAJ&citation_for_view=FSSXeyAAAAAJ:HhcuHIWmDEUC",
      "authors": "W Ji, J Li, S Yu, M Zhang, Y Piao, S Yao, Q Bi, K Ma, Y Zheng, H Lu, ...",
      "venue": "Proceedings of the IEEE/CVF conference on computer vision and pattern …, 2021",
      "year": 2021,
      "citations": 332
    },
    {
      "title": "Complex networks and deep learning for EEG signal analysis",
      "url": "https://scholar.google.com/citations?view_op=view_citation&hl=en&user=FSSXeyAAAAAJ&citation_for_view=FSSXeyAAAAAJ:CdxZDUztZiMC",
      "authors": "Z Gao, W Dang, X Wang, X Hong, L Hou, K Ma, M Perc",
      "venue": "Cognitive Neurodynamics 15 (3), 369-388, 2021",
      "year": 2021,
      "citations": 246
    },
    {
      "title": "Learning calibrated medical image segmentation via multi-rater agreement modeling",
      "url": "https://scholar.google.com/citations?view_op=view_citation&hl=en&user=FSSXeyAAAAAJ&citation_for_view=FSSXeyAAAAAJ:FiDNX6EVdGUC",
      "authors": "W Ji, S Yu, J Wu, K Ma, C Bian, Q Bi, J Li, H Liu, L Cheng, Y Zheng",
      "venue": "Proceedings of the IEEE/CVF conference on computer vision and pattern …, 2021",
      "year": 2021,
      "citations": 214
    },
    {
      "title": "Mil-vt: Multiple instance learning enhanced vision transformer for fundus image classification",
      "url": "https://scholar.google.com/citations?view_op=view_citation&hl=en&user=FSSXeyAAAAAJ&citation_for_view=FSSXeyAAAAAJ:TlpoogIpr_IC",
      "authors": "S Yu, K Ma, Q Bi, C Bian, M Ning, N He, Y Li, H Liu, Y Zheng",
      "venue": "International Conference on Medical Image Computing and Computer-Assisted …, 2021",
      "year": 2021,
      "citations": 201
    },
    {
      "title": "Preoperative identification of microvascular invasion in hepatocellular carcinoma by XGBoost and deep learning",
      "url": "https://scholar.google.com/citations?view_op=view_citation&hl=en&user=FSSXeyAAAAAJ&citation_for_view=FSSXeyAAAAAJ:LPtt_HFRSbwC",
      "authors": "YQ Jiang, SE Cao, S Cao, JN Chen, GY Wang, WQ Shi, YN Deng, ...",
      "venue": "Journal of cancer research and clinical oncology 147 (3), 821-833, 2021",
      "year": 2021,
      "citations": 164
    },
    {
      "title": "Anomaly detection for medical images using self-supervised and translation-consistent features",
      "url": "https://scholar.google.com/citations?view_op=view_citation&hl=en&user=FSSXeyAAAAAJ&citation_for_view=FSSXeyAAAAAJ:WAzi4Gm8nLoC",
      "authors": "H Zhao, Y Li, N He, K Ma, L Fang, H Li, Y Zheng",
      "venue": "IEEE Transactions on Medical Imaging 40 (12), 3641-3651, 2021",
      "year": 2021,
      "citations": 135
    },
    {
      "title": "Dynamic Joint Domain Adaptation Network for Motor Imagery Classification",
      "url": "https://scholar.google.com/citations?view_op=view_citation&hl=en&user=FSSXeyAAAAAJ&citation_for_view=FSSXeyAAAAAJ:KaMxkj08jr0C",
      "authors": "X Hong, Q Zheng, L Liu, P Chen, K Ma, Z Gao, Y Zheng",
      "venue": "IEEE transactions on neural systems and rehabilitation engineering, 2021",
      "year": 2021,
      "citations": 120
    },
    {
      "title": "Deep Representation-Based Domain Adaptation for Nonstationary EEG Classification",
      "url": "https://scholar.google.com/citations?view_op=view_citation&hl=en&user=FSSXeyAAAAAJ&citation_for_view=FSSXeyAAAAAJ:-mN3Mh-tlDkC",
      "authors": "H Zhao, Q Zheng, K Ma, H Li, Y Zheng",
      "venue": "IEEE transactions on neural networks and learning systems, 2020",
      "year": 2020,
      "citations": 237
    },
    {
      "title": "Rubik’s cube+: A self-supervised feature learning framework for 3d medical image analysis",
      "url": "https://scholar.google.com/citations?view_op=view_citation&hl=en&user=FSSXeyAAAAAJ&citation_for_view=FSSXeyAAAAAJ:cK4Rrx0J3m0C",
      "authors": "J Zhu, Y Li, Y Hu, K Ma, SK Zhou, Y Zheng",
      "venue": "Medical image analysis 64, 101746, 2020",
      "year": 2020,
      "citations": 198
    },
    {
      "title": "A channel-fused dense convolutional network for EEG-based emotion recognition",
      "url": "https://scholar.google.com/citations?view_op=view_citation&hl=en&user=FSSXeyAAAAAJ&citation_for_view=FSSXeyAAAAAJ:ALROH1vI_8AC",
      "authors": "Z Gao, X Wang, Y Yang, Y Li, K Ma, G Chen",
      "venue": "IEEE Transactions on Cognitive and Developmental Systems 13 (4), 945-954, 2020",
      "year": 2020,
      "citations": 178
    },
    {
      "title": "Self-Loop Uncertainty: A Novel Pseudo-Label for Semi-Supervised Medical Image Segmentation",
      "url": "https://scholar.google.com/citations?view_op=view_citation&hl=en&user=FSSXeyAAAAAJ&citation_for_view=FSSXeyAAAAAJ:WHdLCjDvYFkC",
      "authors": "Y Li, J Chen, X Xie, K Ma, Y Zheng",
      "venue": "International Conference on Medical Image Computing and Computer-Assisted …, 2020",
      "year": 2020,
      "citations": 154
    },
    {
      "title": "Comparing to Learn: Surpassing ImageNet Pretraining on Radiographs By Comparing Image Representations",
      "url": "https://scholar.google.com/citations?view_op=view_citation&hl=en&user=FSSXeyAAAAAJ&citation_for_view=FSSXeyAAAAAJ:1taIhTC69MYC",
      "authors": "HY Zhou, S Yu, C Bian, Y Hu, K Ma, Y Zheng",
      "venue": "International Conference on Medical Image Computing and Computer-Assisted …, 2020",
      "year": 2020,
      "citations": 133
    },
    {
      "title": "Computer-aided cervical cancer diagnosis using time-lapsed colposcopic images",
      "url": "https://scholar.google.com/citations?view_op=view_citation&hl=en&user=FSSXeyAAAAAJ&citation_for_view=FSSXeyAAAAAJ:v1_lew4L6wgC",
      "authors": "Y Li, J Chen, P Xue, C Tang, J Chang, C Chu, K Ma, Q Li, Y Zheng, ...",
      "venue": "IEEE transactions on medical imaging 39 (11), 3403-3415, 2020",
      "year": 2020,
      "citations": 125
    },
    {
      "title": "Med3d: Transfer learning for 3d medical image analysis",
      "url": "https://scholar.google.com/citations?view_op=view_citation&hl=en&user=FSSXeyAAAAAJ&citation_for_view=FSSXeyAAAAAJ:ODE9OILHJdcC",
      "authors": "S Chen, K Ma, Y Zheng",
      "venue": "arXiv preprint arXiv:1904.00625, 2019",
      "year": 2019,
      "citations": 775
    },
    {
      "title": "X2CT-GAN: reconstructing CT from biplanar X-rays with generative adversarial networks",
      "url": "https://scholar.google.com/citations?view_op=view_citation&hl=en&user=FSSXeyAAAAAJ&citation_for_view=FSSXeyAAAAAJ:vDZJ-YLwNdEC",
      "authors": "X Ying, H Guo, K Ma, J Wu, Z Weng, Y Zheng",
      "venue": "Proceedings of the IEEE/CVF conference on computer vision and pattern …, 2019",
      "year": 2019,
      "citations": 340
    },
    {
      "title": "Self-supervised feature learning for 3d medical images by playing a rubik’s cube",
      "url": "https://scholar.google.com/citations?view_op=view_citation&hl=en&user=FSSXeyAAAAAJ&citation_for_view=FSSXeyAAAAAJ:NyGDZy8z5eUC",
      "authors": "X Zhuang, Y Li, Y Hu, K Ma, Y Yang, Y Zheng",
      "venue": "International conference on medical image computing and computer-assisted …, 2019",
      "year": 2019,
      "citations": 229
    },
    {
      "title": "Identifying the best machine learning algorithms for brain tumor segmentation, progression assessment, and overall survival prediction in the BRATS challenge",
      "url": "https://scholar.google.com/citations?view_op=view_citation&hl=en&user=FSSXeyAAAAAJ&citation_for_view=FSSXeyAAAAAJ:sJsF-0ZLhtgC",
      "authors": "S Bakas, M Reyes, A Jakab, S Bauer, M Rempfler, A Crimi, RT Shinohara, ...",
      "venue": "arXiv preprint arXiv:1811.02629, 2018",
      "year": 2018,
      "citations": 2702
    },
    {
      "title": "Multimodal image registration with deep context reinforcement learning",
      "url": "https://scholar.google.com/citations?view_op=view_citation&hl=en&user=FSSXeyAAAAAJ&citation_for_view=FSSXeyAAAAAJ:_5tno0g5mFcC",
      "authors": "K Ma, J Wang, V Singh, B Tamersoy, YJ Chang, A Wimmer, T Chen",
      "venue": "International conference on medical image computing and computer-assisted …, 2017",
      "year": 2017,
      "citations": 116
    }
  ],
  "co_authors": [
    {
      "name": "Yefeng Zheng",
      "scholar_id": "vAIECxgAAAAJ",
      "url": "https://scholar.google.com/citations?user=vAIECxgAAAAJ"
    },
    {
      "name": "Yuexiang Li",
      "scholar_id": "WsKu4EMAAAAJ",
      "url": "https://scholar.google.com/citations?user=WsKu4EMAAAAJ"
    },
    {
      "name": "Terrence Chen",
      "scholar_id": "S2BT6ogAAAAJ",
      "url": "https://scholar.google.com/citations?user=S2BT6ogAAAAJ"
    },
    {
      "name": "Vivek Kumar Singh",
      "scholar_id": "E9-rksMAAAAJ",
      "url": "https://scholar.google.com/citations?user=E9-rksMAAAAJ"
    },
    {
      "name": "Shuang Yu",
      "scholar_id": "fIeXDoAAAAAJ",
      "url": "https://scholar.google.com/citations?user=fIeXDoAAAAAJ"
    },
    {
      "name": "DONG WEI",
      "scholar_id": "njMpTPwAAAAJ",
      "url": "https://scholar.google.com/citations?user=njMpTPwAAAAJ"
    },
    {
      "name": "Cheng Bian",
      "scholar_id": "QGrtFboAAAAJ",
      "url": "https://scholar.google.com/citations?user=QGrtFboAAAAJ"
    },
    {
      "name": "Yao-Jen (Kevin) Chang",
      "scholar_id": "7YPQDQ0AAAAJ",
      "url": "https://scholar.google.com/citations?user=7YPQDQ0AAAAJ"
    },
    {
      "name": "Donghuan Lu",
      "scholar_id": "3Kp_9lwAAAAJ",
      "url": "https://scholar.google.com/citations?user=3Kp_9lwAAAAJ"
    },
    {
      "name": "Munan Ning",
      "scholar_id": "zdBKgeUAAAAJ",
      "url": "https://scholar.google.com/citations?user=zdBKgeUAAAAJ"
    },
    {
      "name": "Nanjun He",
      "scholar_id": "w3iS1G0AAAAJ",
      "url": "https://scholar.google.com/citations?user=w3iS1G0AAAAJ"
    },
    {
      "name": "Yi Lin",
      "scholar_id": "JaSNrNEAAAAJ",
      "url": "https://scholar.google.com/citations?user=JaSNrNEAAAAJ"
    },
    {
      "name": "Wei Ji",
      "scholar_id": "mna2LlkAAAAJ",
      "url": "https://scholar.google.com/citations?user=mna2LlkAAAAJ"
    },
    {
      "name": "Zhong-Ke Gao",
      "scholar_id": "IOZ7pBgAAAAJ",
      "url": "https://scholar.google.com/citations?user=IOZ7pBgAAAAJ"
    },
    {
      "name": "Hong-Yu Zhou (周洪宇)",
      "scholar_id": "aJnvh8gAAAAJ",
      "url": "https://scholar.google.com/citations?user=aJnvh8gAAAAJ"
    },
    {
      "name": "Linlin Shen",
      "scholar_id": "AZ_y9HgAAAAJ",
      "url": "https://scholar.google.com/citations?user=AZ_y9HgAAAAJ"
    },
    {
      "name": "Xinpeng Xie",
      "scholar_id": "mjg2xocAAAAJ",
      "url": "https://scholar.google.com/citations?user=mjg2xocAAAAJ"
    },
    {
      "name": "Stefan Kluckner",
      "scholar_id": "YA5vGB8AAAAJ",
      "url": "https://scholar.google.com/citations?user=YA5vGB8AAAAJ"
    },
    {
      "name": "Tianyi Qian",
      "scholar_id": "hhhNcQMAAAAJ",
      "url": "https://scholar.google.com/citations?user=hhhNcQMAAAAJ"
    },
    {
      "name": "Renzhen Wang",
      "scholar_id": "QZ1-nnwAAAAJ",
      "url": "https://scholar.google.com/citations?user=QZ1-nnwAAAAJ"
    }
  ]
}