{
  "author_info": {
    "name": "Kaushik Koneripalli",
    "affiliation": "Applied Researcher",
    "email_verified": "Verified email at asu.edu",
    "interests": [
      "Representational learning",
      "Generative modeling",
      "Anomaly detection",
      "Deep Learning",
      "Computer Vision"
    ],
    "photo_url": "https://scholar.googleusercontent.com/citations?view_op=view_photo&user=faK6RPMAAAAJ&citpid=2"
  },
  "citation_stats": {
    "citations_all": 138,
    "citations_since_2020": 135,
    "h_index_all": 6,
    "h_index_since_2020": 6,
    "i10_index_all": 5,
    "i10_index_since_2020": 5,
    "citation_graph": [
      {
        "year": 2017,
        "citations": 2
      },
      {
        "year": 2018,
        "citations": 3
      },
      {
        "year": 2019,
        "citations": 6
      },
      {
        "year": 2020,
        "citations": 11
      },
      {
        "year": 2021,
        "citations": 22
      },
      {
        "year": 2022,
        "citations": 33
      },
      {
        "year": 2023,
        "citations": 60
      }
    ]
  },
  "papers": [
    {
      "title": "Large language model-based evolutionary optimizer: Reasoning with elitism",
      "url": "https://scholar.google.com/citations?view_op=view_citation&hl=en&user=faK6RPMAAAAJ&citation_for_view=faK6RPMAAAAJ:Y0pCki6q_DkC",
      "authors": "S Brahmachary, SM Joshi, A Panda, K Koneripalli, AK Sagotra, H Patel, ...",
      "venue": "Neurocomputing 622, 129272, 2025",
      "year": 2025,
      "citations": 46
    },
    {
      "title": "SimGraph: A Scalable Physics-Informed Graph Neural Network-Based Smart Proxy for Reservoir Simulation Workflows",
      "url": "https://scholar.google.com/citations?view_op=view_citation&hl=en&user=faK6RPMAAAAJ&citation_for_view=faK6RPMAAAAJ:W7OEmFMy1HYC",
      "authors": "SM Joshi, K Koneripalli, D Vyas, K Kalyanaraman",
      "venue": "2024 IEEE 31st International Conference on High Performance Computing, Data …, 2024",
      "year": 2024,
      "citations": 1
    },
    {
      "title": "Tijo: Trigger inversion with joint optimization for defending multimodal backdoored models",
      "url": "https://scholar.google.com/citations?view_op=view_citation&hl=en&user=faK6RPMAAAAJ&citation_for_view=faK6RPMAAAAJ:Tyk-4Ss8FVUC",
      "authors": "I Sur, K Sikka, M Walmer, K Koneripalli, A Roy, X Lin, A Divakaran, S Jha",
      "venue": "Proceedings of the IEEE/CVF International Conference on Computer Vision, 165-175, 2023",
      "year": 2023,
      "citations": 23
    },
    {
      "title": "Detecting out-of-context objects using graph context reasoning network",
      "url": "https://scholar.google.com/citations?view_op=view_citation&hl=en&user=faK6RPMAAAAJ&citation_for_view=faK6RPMAAAAJ:zYLM7Y9cAGgC",
      "authors": "M Acharya, A Roy, K Koneripalli, S Jha, C Kanan, A Divakaran",
      "venue": "IJCAI, 2022",
      "year": 2022,
      "citations": 18
    },
    {
      "title": "Detecting out-of-context objects using contextual cues",
      "url": "https://scholar.google.com/citations?view_op=view_citation&hl=en&user=faK6RPMAAAAJ&citation_for_view=faK6RPMAAAAJ:UeHWp8X0CEIC",
      "authors": "M Acharya, A Roy, K Koneripalli, S Jha, C Kanan, A Divakaran",
      "venue": "arXiv preprint arXiv:2202.05930, 2022",
      "year": 2022,
      "citations": 9
    },
    {
      "title": "On diverse system-level design using manifold learning and partial simulated annealing",
      "url": "https://scholar.google.com/citations?view_op=view_citation&hl=en&user=faK6RPMAAAAJ&citation_for_view=faK6RPMAAAAJ:IjCSPb-OGe4C",
      "authors": "A Cobb, A Roy, D Elenius, K Koneripalli, S Jha",
      "venue": "Proceedings of the Design Society 2, 1541-1548, 2022",
      "year": 2022,
      "citations": 4
    },
    {
      "title": "Physical System Design Using Hamiltonian Monte Carlo over Learned Manifolds",
      "url": "https://scholar.google.com/citations?view_op=view_citation&hl=en&user=faK6RPMAAAAJ&citation_for_view=faK6RPMAAAAJ:YsMSGLbcyi4C",
      "authors": "AD Cobb, A Roy, K Koneripalli, D Elenius, S Jha",
      "venue": "",
      "citations": 0,
      "year": 2021
    },
    {
      "title": "Rate-Invariant Autoencoding of Time-Series",
      "url": "https://scholar.google.com/citations?view_op=view_citation&hl=en&user=faK6RPMAAAAJ&citation_for_view=faK6RPMAAAAJ:d1gkVwhDpl0C",
      "authors": "K Koneripalli, S Lohit, R Anirudh, P Turaga",
      "venue": "ICASSP 2020-2020 IEEE International Conference on Acoustics, Speech and …, 2020",
      "year": 2020,
      "citations": 21
    },
    {
      "title": "Diag2graph: Representing deep learning diagrams in research papers as knowledge graphs",
      "url": "https://scholar.google.com/citations?view_op=view_citation&hl=en&user=faK6RPMAAAAJ&citation_for_view=faK6RPMAAAAJ:2osOgNQ5qMEC",
      "authors": "A Roy, I Akrotirianakis, AV Kannan, D Fradkin, A Canedo, K Koneripalli, ...",
      "venue": "2020 IEEE international conference on image processing (ICIP), 2581-2585, 2020",
      "year": 2020,
      "citations": 10
    },
    {
      "title": "Structured Disentangling Networks for Learning Deformation Invariant Latent Spaces",
      "url": "https://scholar.google.com/citations?view_op=view_citation&hl=en&user=faK6RPMAAAAJ&citation_for_view=faK6RPMAAAAJ:u-x6o8ySG0sC",
      "authors": "KK Seetharam",
      "venue": "Arizona State University, 2019",
      "year": 2019,
      "citations": 3
    },
    {
      "title": "SAR image compression using optimum threshold based support vector machines",
      "url": "https://scholar.google.com/citations?view_op=view_citation&hl=en&user=faK6RPMAAAAJ&citation_for_view=faK6RPMAAAAJ:u5HHmVD_uO8C",
      "authors": "K Kaushik, J Manikandan",
      "venue": "2016 IEEE Annual India Conference (INDICON), 1-6, 2016",
      "year": 2016,
      "citations": 3
    }
  ],
  "co_authors": [
    {
      "name": "Pavan Turaga",
      "scholar_id": "zJH58wkAAAAJ",
      "url": "https://scholar.google.com/citations?user=zJH58wkAAAAJ"
    },
    {
      "name": "Rushil Anirudh",
      "scholar_id": "WkoIlpQAAAAJ",
      "url": "https://scholar.google.com/citations?user=WkoIlpQAAAAJ"
    },
    {
      "name": "Suhas Lohit",
      "scholar_id": "GMRYY5cAAAAJ",
      "url": "https://scholar.google.com/citations?user=GMRYY5cAAAAJ"
    },
    {
      "name": "Ioannis Akrotirianakis",
      "scholar_id": "gyXLZUYAAAAJ",
      "url": "https://scholar.google.com/citations?user=gyXLZUYAAAAJ"
    },
    {
      "name": "Arquimedes Canedo",
      "scholar_id": "r2zo9HQAAAAJ",
      "url": "https://scholar.google.com/citations?user=r2zo9HQAAAAJ"
    },
    {
      "name": "Aditi Roy",
      "scholar_id": "uQ4DkXgAAAAJ",
      "url": "https://scholar.google.com/citations?user=uQ4DkXgAAAAJ"
    },
    {
      "name": "Dmitriy Fradkin",
      "scholar_id": "j6FbbLEAAAAJ",
      "url": "https://scholar.google.com/citations?user=j6FbbLEAAAAJ"
    },
    {
      "name": "Dr Manikandan J",
      "scholar_id": "Xw--zsIAAAAJ",
      "url": "https://scholar.google.com/citations?user=Xw--zsIAAAAJ"
    }
  ]
}