{
  "author_info": {
    "name": "Raquel Urtasun",
    "affiliation": "Founder & CEO Waabi, Professor, University of Toronto.",
    "email_verified": "Verified email at cs.toronto.edu - Homepage",
    "website": "http://www.cs.toronto.edu/~urtasun/",
    "interests": [
      "Machine Learning",
      "Computer Vision",
      "Artificial Intelligence",
      "Autonomous driving"
    ],
    "photo_url": "https://scholar.googleusercontent.com/citations?view_op=view_photo&user=jyxO2akAAAAJ&citpid=2"
  },
  "citation_stats": {
    "citations_all": 98714,
    "citations_since_2020": 72556,
    "h_index_all": 128,
    "h_index_since_2020": 102,
    "i10_index_all": 316,
    "i10_index_since_2020": 281,
    "citation_graph": [
      {
        "year": 2009,
        "citations": 295
      },
      {
        "year": 2010,
        "citations": 410
      },
      {
        "year": 2011,
        "citations": 436
      },
      {
        "year": 2012,
        "citations": 591
      },
      {
        "year": 2013,
        "citations": 822
      },
      {
        "year": 2014,
        "citations": 1174
      },
      {
        "year": 2015,
        "citations": 1758
      },
      {
        "year": 2016,
        "citations": 2614
      },
      {
        "year": 2017,
        "citations": 3696
      },
      {
        "year": 2018,
        "citations": 5297
      },
      {
        "year": 2019,
        "citations": 7593
      },
      {
        "year": 2020,
        "citations": 9333
      },
      {
        "year": 2021,
        "citations": 11474
      },
      {
        "year": 2022,
        "citations": 12519
      },
      {
        "year": 2023,
        "citations": 13725
      },
      {
        "year": 2024,
        "citations": 14074
      },
      {
        "year": 2025,
        "citations": 11353
      }
    ]
  },
  "papers": [
    {
      "title": "Learning lane graph representations for motion forecasting",
      "url": "https://scholar.google.com/citations?view_op=view_citation&hl=en&user=jyxO2akAAAAJ&citation_for_view=jyxO2akAAAAJ:CB2v5VPnA5kC",
      "authors": "M Liang, B Yang, R Hu, Y Chen, R Liao, S Feng, R Urtasun",
      "venue": "European Conference on Computer Vision, 541-556, 2020",
      "year": 2020,
      "citations": 870
    },
    {
      "title": "Multi-task multi-sensor fusion for 3d object detection",
      "url": "https://scholar.google.com/citations?view_op=view_citation&hl=en&user=jyxO2akAAAAJ&citation_for_view=jyxO2akAAAAJ:gVv57TyPmFsC",
      "authors": "M Liang, B Yang, Y Chen, R Hu, R Urtasun",
      "venue": "Proceedings of the IEEE/CVF conference on computer vision and pattern …, 2019",
      "year": 2019,
      "citations": 917
    },
    {
      "title": "Learning to reweight examples for robust deep learning",
      "url": "https://scholar.google.com/citations?view_op=view_citation&hl=en&user=jyxO2akAAAAJ&citation_for_view=jyxO2akAAAAJ:bz8QjSJIRt4C",
      "authors": "M Ren, W Zeng, B Yang, R Urtasun",
      "venue": "International conference on machine learning, 4334-4343, 2018",
      "year": 2018,
      "citations": 1947
    },
    {
      "title": "Pixor: Real-time 3d object detection from point clouds",
      "url": "https://scholar.google.com/citations?view_op=view_citation&hl=en&user=jyxO2akAAAAJ&citation_for_view=jyxO2akAAAAJ:HIFyuExEbWQC",
      "authors": "B Yang, W Luo, R Urtasun",
      "venue": "Proceedings of the IEEE conference on Computer Vision and Pattern …, 2018",
      "year": 2018,
      "citations": 1581
    },
    {
      "title": "Deep continuous fusion for multi-sensor 3d object detection",
      "url": "https://scholar.google.com/citations?view_op=view_citation&hl=en&user=jyxO2akAAAAJ&citation_for_view=jyxO2akAAAAJ:OcBU2YAGkTUC",
      "authors": "M Liang, B Yang, S Wang, R Urtasun",
      "venue": "Proceedings of the European conference on computer vision (ECCV), 641-656, 2018",
      "year": 2018,
      "citations": 1225
    },
    {
      "title": "Multinet: Real-time joint semantic reasoning for autonomous driving",
      "url": "https://scholar.google.com/citations?view_op=view_citation&hl=en&user=jyxO2akAAAAJ&citation_for_view=jyxO2akAAAAJ:gsN89kCJA0AC",
      "authors": "M Teichmann, M Weber, M Zoellner, R Cipolla, R Urtasun",
      "venue": "2018 IEEE intelligent vehicles symposium (IV), 1013-1020, 2018",
      "year": 2018,
      "citations": 978
    },
    {
      "title": "Fast and furious: Real time end-to-end 3d detection, tracking and motion forecasting with a single convolutional net",
      "url": "https://scholar.google.com/citations?view_op=view_citation&hl=en&user=jyxO2akAAAAJ&citation_for_view=jyxO2akAAAAJ:IUKN3-7HHlwC",
      "authors": "W Luo, B Yang, R Urtasun",
      "venue": "Proceedings of the IEEE conference on Computer Vision and Pattern …, 2018",
      "year": 2018,
      "citations": 874
    },
    {
      "title": "Towards diverse and natural image descriptions via a conditional gan",
      "url": "https://scholar.google.com/citations?view_op=view_citation&hl=en&user=jyxO2akAAAAJ&citation_for_view=jyxO2akAAAAJ:tuHXwOkdijsC",
      "authors": "B Dai, S Fidler, R Urtasun, D Lin",
      "venue": "Proceedings of the IEEE international conference on computer vision, 2970-2979, 2017",
      "year": 2017,
      "citations": 822
    },
    {
      "title": "Understanding the effective receptive field in deep convolutional neural networks",
      "url": "https://scholar.google.com/citations?view_op=view_citation&hl=en&user=jyxO2akAAAAJ&citation_for_view=jyxO2akAAAAJ:ILKRHgRFtOwC",
      "authors": "W Luo, Y Li, R Urtasun, R Zemel",
      "venue": "Advances in neural information processing systems 29, 2016",
      "year": 2016,
      "citations": 2785
    },
    {
      "title": "Monocular 3d object detection for autonomous driving",
      "url": "https://scholar.google.com/citations?view_op=view_citation&hl=en&user=jyxO2akAAAAJ&citation_for_view=jyxO2akAAAAJ:uc_IGeMz5qoC",
      "authors": "X Chen, K Kundu, Z Zhang, H Ma, S Fidler, R Urtasun",
      "venue": "Proceedings of the IEEE conference on computer vision and pattern …, 2016",
      "year": 2016,
      "citations": 1321
    },
    {
      "title": "Efficient deep learning for stereo matching",
      "url": "https://scholar.google.com/citations?view_op=view_citation&hl=en&user=jyxO2akAAAAJ&citation_for_view=jyxO2akAAAAJ:EkHepimYqZsC",
      "authors": "W Luo, AG Schwing, R Urtasun",
      "venue": "Proceedings of the IEEE conference on computer vision and pattern …, 2016",
      "year": 2016,
      "citations": 983
    },
    {
      "title": "Movieqa: Understanding stories in movies through question-answering",
      "url": "https://scholar.google.com/citations?view_op=view_citation&hl=en&user=jyxO2akAAAAJ&citation_for_view=jyxO2akAAAAJ:UHK10RUVsp4C",
      "authors": "M Tapaswi, Y Zhu, R Stiefelhagen, A Torralba, R Urtasun, S Fidler",
      "venue": "Proceedings of the IEEE conference on computer vision and pattern …, 2016",
      "year": 2016,
      "citations": 931
    },
    {
      "title": "Aligning books and movies: Towards story-like visual explanations by watching movies and reading books",
      "url": "https://scholar.google.com/citations?view_op=view_citation&hl=en&user=jyxO2akAAAAJ&citation_for_view=jyxO2akAAAAJ:ye4kPcJQO24C",
      "authors": "Y Zhu, R Kiros, R Zemel, R Salakhutdinov, R Urtasun, A Torralba, S Fidler",
      "venue": "Proceedings of the IEEE international conference on computer vision, 19-27, 2015",
      "year": 2015,
      "citations": 3737
    },
    {
      "title": "Skip-thought vectors",
      "url": "https://scholar.google.com/citations?view_op=view_citation&hl=en&user=jyxO2akAAAAJ&citation_for_view=jyxO2akAAAAJ:LjlpjdlvIbIC",
      "authors": "R Kiros, Y Zhu, RR Salakhutdinov, R Zemel, R Urtasun, A Torralba, ...",
      "venue": "Advances in neural information processing systems 28, 2015",
      "year": 2015,
      "citations": 3348
    },
    {
      "title": "3d object proposals for accurate object class detection",
      "url": "https://scholar.google.com/citations?view_op=view_citation&hl=en&user=jyxO2akAAAAJ&citation_for_view=jyxO2akAAAAJ:PR6Y55bgFSsC",
      "authors": "X Chen, K Kundu, Y Zhu, AG Berneshawi, H Ma, S Fidler, R Urtasun",
      "venue": "Advances in neural information processing systems 28, 2015",
      "year": 2015,
      "citations": 1132
    },
    {
      "title": "The role of context for object detection and semantic segmentation in the wild",
      "url": "https://scholar.google.com/citations?view_op=view_citation&hl=en&user=jyxO2akAAAAJ&citation_for_view=jyxO2akAAAAJ:sSrBHYA8nusC",
      "authors": "R Mottaghi, X Chen, X Liu, NG Cho, SW Lee, S Fidler, R Urtasun, A Yuille",
      "venue": "Proceedings of the IEEE conference on computer vision and pattern …, 2014",
      "year": 2014,
      "citations": 1989
    },
    {
      "title": "Detect what you can: Detecting and representing objects using holistic models and body parts",
      "url": "https://scholar.google.com/citations?view_op=view_citation&hl=en&user=jyxO2akAAAAJ&citation_for_view=jyxO2akAAAAJ:B3FOqHPlNUQC",
      "authors": "X Chen, R Mottaghi, X Liu, S Fidler, R Urtasun, A Yuille",
      "venue": "Proceedings of the IEEE conference on computer vision and pattern …, 2014",
      "year": 2014,
      "citations": 836
    },
    {
      "title": "Vision meets Robotics: The KITTI Dataset",
      "url": "https://scholar.google.com/citations?view_op=view_citation&hl=en&user=jyxO2akAAAAJ&citation_for_view=jyxO2akAAAAJ:a0OBvERweLwC",
      "authors": "A Geiger, P Lenz, C Stiller, R Urtasun",
      "venue": "IJRR, 2013",
      "year": 2013,
      "citations": 12425
    },
    {
      "title": "Are we ready for autonomous driving? the kitti vision benchmark suite",
      "url": "https://scholar.google.com/citations?view_op=view_citation&hl=en&user=jyxO2akAAAAJ&citation_for_view=jyxO2akAAAAJ:RGFaLdJalmkC",
      "authors": "A Geiger, P Lenz, R Urtasun",
      "venue": "2012 IEEE conference on computer vision and pattern recognition, 3354-3361, 2012",
      "year": 2012,
      "citations": 19071
    },
    {
      "title": "Efficient large-scale stereo matching",
      "url": "https://scholar.google.com/citations?view_op=view_citation&hl=en&user=jyxO2akAAAAJ&citation_for_view=jyxO2akAAAAJ:UebtZRa9Y70C",
      "authors": "A Geiger, M Roser, R Urtasun",
      "venue": "Computer Vision–ACCV 2010, 25-38, 2010",
      "year": 2010,
      "citations": 1165
    }
  ],
  "co_authors": [
    {
      "name": "Sanja Fidler",
      "scholar_id": "CUlqK5EAAAAJ",
      "url": "https://scholar.google.com/citations?user=CUlqK5EAAAAJ"
    },
    {
      "name": "Shenlong Wang",
      "scholar_id": "QFpswmcAAAAJ",
      "url": "https://scholar.google.com/citations?user=QFpswmcAAAAJ"
    },
    {
      "name": "Bin Yang",
      "scholar_id": "DSKXnkkAAAAJ",
      "url": "https://scholar.google.com/citations?user=DSKXnkkAAAAJ"
    },
    {
      "name": "Mengye Ren",
      "scholar_id": "XcQ9WqMAAAAJ",
      "url": "https://scholar.google.com/citations?user=XcQ9WqMAAAAJ"
    },
    {
      "name": "Renjie Liao",
      "scholar_id": "2wrS35MAAAAJ",
      "url": "https://scholar.google.com/citations?user=2wrS35MAAAAJ"
    },
    {
      "name": "Wei-Chiu Ma",
      "scholar_id": "SVIdh6AAAAAJ",
      "url": "https://scholar.google.com/citations?user=SVIdh6AAAAAJ"
    },
    {
      "name": "Richard Zemel",
      "scholar_id": "iBeDoRAAAAAJ",
      "url": "https://scholar.google.com/citations?user=iBeDoRAAAAAJ"
    },
    {
      "name": "Wenyuan Zeng",
      "scholar_id": "qSo45J0AAAAJ",
      "url": "https://scholar.google.com/citations?user=qSo45J0AAAAJ"
    },
    {
      "name": "Andreas Geiger",
      "scholar_id": "SrVnrPcAAAAJ",
      "url": "https://scholar.google.com/citations?user=SrVnrPcAAAAJ"
    },
    {
      "name": "Alexander Schwing",
      "scholar_id": "3B2c31wAAAAJ",
      "url": "https://scholar.google.com/citations?user=3B2c31wAAAAJ"
    },
    {
      "name": "Philip Lenz",
      "scholar_id": "ARmv8N4AAAAJ",
      "url": "https://scholar.google.com/citations?user=ARmv8N4AAAAJ"
    },
    {
      "name": "Pascal Fua",
      "scholar_id": "kzFmAkYAAAAJ",
      "url": "https://scholar.google.com/citations?user=kzFmAkYAAAAJ"
    },
    {
      "name": "Antonio Torralba",
      "scholar_id": "8cxDHS4AAAAJ",
      "url": "https://scholar.google.com/citations?user=8cxDHS4AAAAJ"
    },
    {
      "name": "Trevor Darrell",
      "scholar_id": "bh-uRFMAAAAJ",
      "url": "https://scholar.google.com/citations?user=bh-uRFMAAAAJ"
    },
    {
      "name": "Yukun Zhu",
      "scholar_id": "_CuXgYIAAAAJ",
      "url": "https://scholar.google.com/citations?user=_CuXgYIAAAAJ"
    },
    {
      "name": "Kaustav Kundu",
      "scholar_id": "WS2-qlAAAAAJ",
      "url": "https://scholar.google.com/citations?user=WS2-qlAAAAAJ"
    },
    {
      "name": "Alan Yuille",
      "scholar_id": "FJ-huxgAAAAJ",
      "url": "https://scholar.google.com/citations?user=FJ-huxgAAAAJ"
    },
    {
      "name": "Tamir Hazan",
      "scholar_id": "fqi186AAAAAJ",
      "url": "https://scholar.google.com/citations?user=fqi186AAAAAJ"
    },
    {
      "name": "Ruslan Salakhutdinov",
      "scholar_id": "ITZ1e7MAAAAJ",
      "url": "https://scholar.google.com/citations?user=ITZ1e7MAAAAJ"
    },
    {
      "name": "Mathieu Salzmann",
      "scholar_id": "n-B0jr4AAAAJ",
      "url": "https://scholar.google.com/citations?user=n-B0jr4AAAAJ"
    }
  ]
}