{
  "author_info": {
    "name": "Peiwen Sun",
    "affiliation": "Multimedia lab, The Chinese University of Hong Kong",
    "email_verified": "Verified email at link.cuhk.edu.hk",
    "interests": [
      "multimodal learning"
    ],
    "photo_url": "https://scholar.googleusercontent.com/citations?view_op=view_photo&user=z7qS03sAAAAJ&citpid=10"
  },
  "citation_stats": {
    "citations_all": 188,
    "citations_since_2020": 188,
    "h_index_all": 8,
    "h_index_since_2020": 8,
    "i10_index_all": 7,
    "i10_index_since_2020": 7,
    "citation_graph": [
      {
        "year": 2023,
        "citations": 3
      },
      {
        "year": 2024,
        "citations": 31
      },
      {
        "year": 2025,
        "citations": 154
      }
    ]
  },
  "papers": [
    {
      "title": "OmniAudio: Generating Spatial Audio from 360-Degree Video",
      "url": "https://scholar.google.com/citations?view_op=view_citation&hl=en&user=z7qS03sAAAAJ&citation_for_view=z7qS03sAAAAJ:LkGwnXOMwfcC",
      "authors": "H Liu, T Luo, Q Jiang, K Luo, P Sun, J Wan, R Huang, Q Chen, W Wang, ...",
      "venue": "ICML 2025, 2025",
      "year": 2025,
      "citations": 8
    },
    {
      "title": "SpaceVista: All-Scale Visual Spatial Reasoning from mm to km",
      "url": "https://scholar.google.com/citations?view_op=view_citation&hl=en&user=z7qS03sAAAAJ&citation_for_view=z7qS03sAAAAJ:0EnyYjriUFMC",
      "authors": "P Sun, S Lang, D Wu, Y Ding, K Feng, H Liu, Z Ye, R Liu, YH Liu, J Wang, ...",
      "venue": "arXiv preprint arXiv:2510.09606, 2025",
      "year": 2025,
      "citations": 0
    },
    {
      "title": "Codec Does Matter: Exploring the Semantic Shortcoming of Codec for Audio Language Model",
      "url": "https://scholar.google.com/citations?view_op=view_citation&hl=en&user=z7qS03sAAAAJ&citation_for_view=z7qS03sAAAAJ:W7OEmFMy1HYC",
      "authors": "Z Ye, P Sun, J Lei, H Lin, X Tan, Z Dai, Q Kong, J Chen, J Pan, Q Liu, ...",
      "venue": "AAAI 2025, 2024",
      "year": 2024,
      "citations": 53
    },
    {
      "title": "FlashSpeech: Efficient Zero-Shot Speech Synthesis",
      "url": "https://scholar.google.com/citations?view_op=view_citation&hl=en&user=z7qS03sAAAAJ&citation_for_view=z7qS03sAAAAJ:qjMakFHDy7sC",
      "authors": "Z Ye, Z Ju, H Liu, X Tan, J Chen, Y Lu, P Sun, J Pan, W Bian, S He, Q Liu, ...",
      "venue": "ACM MM 2024, 2024",
      "year": 2024,
      "citations": 31
    },
    {
      "title": "Both Ears Wide Open: Towards Language-Driven Spatial Audio Generation",
      "url": "https://scholar.google.com/citations?view_op=view_citation&hl=en&user=z7qS03sAAAAJ&citation_for_view=z7qS03sAAAAJ:ufrVoPGSRksC",
      "authors": "P Sun, S Cheng, X Li, Z Ye, H Liu, H Zhang, W Xue, Y Guo",
      "venue": "ICLR 2025, 2024",
      "year": 2024,
      "citations": 23
    },
    {
      "title": "Ref-avs: Refer and segment objects in audio-visual scenes",
      "url": "https://scholar.google.com/citations?view_op=view_citation&hl=en&user=z7qS03sAAAAJ&citation_for_view=z7qS03sAAAAJ:zYLM7Y9cAGgC",
      "authors": "Y Wang*, P Sun*, D Zhou*, G Li, H Zhang, D Hu",
      "venue": "ECCV 2024, 2024",
      "year": 2024,
      "citations": 23
    },
    {
      "title": "Stepping stones: A progressive training strategy for audio-visual semantic segmentation",
      "url": "https://scholar.google.com/citations?view_op=view_citation&hl=en&user=z7qS03sAAAAJ&citation_for_view=z7qS03sAAAAJ:UeHWp8X0CEIC",
      "authors": "J Ma, P Sun, Y Wang, D Hu",
      "venue": "ECCV 2024, 2024",
      "year": 2024,
      "citations": 17
    },
    {
      "title": "Can Textual Semantics Mitigate Sounding Object Segmentation Preference?",
      "url": "https://scholar.google.com/citations?view_op=view_citation&hl=en&user=z7qS03sAAAAJ&citation_for_view=z7qS03sAAAAJ:IjCSPb-OGe4C",
      "authors": "Y Wang*, P Sun*, Y Li, H Zhang, D Hu",
      "venue": "ECCV 2024, 2024",
      "year": 2024,
      "citations": 13
    },
    {
      "title": "Unveiling and Mitigating Bias in Audio Visual Segmentation",
      "url": "https://scholar.google.com/citations?view_op=view_citation&hl=en&user=z7qS03sAAAAJ&citation_for_view=z7qS03sAAAAJ:Tyk-4Ss8FVUC",
      "authors": "P Sun, H Zhang, D Hu",
      "venue": "ACM MM 2024, 2024",
      "year": 2024,
      "citations": 7
    },
    {
      "title": "Enhancing Few-shot Classification through Token Selection for Balanced Learning",
      "url": "https://scholar.google.com/citations?view_op=view_citation&hl=en&user=z7qS03sAAAAJ&citation_for_view=z7qS03sAAAAJ:eQOLeE2rZwMC",
      "authors": "W Zeng, P Sun, H Zhang",
      "venue": "2024 International Joint Conference on Neural Networks (IJCNN), 1-9, 2024",
      "year": 2024,
      "citations": 0
    },
    {
      "title": "A method of audio-visual person verification by mining connections between time series",
      "url": "https://scholar.google.com/citations?view_op=view_citation&hl=en&user=z7qS03sAAAAJ&citation_for_view=z7qS03sAAAAJ:u-x6o8ySG0sC",
      "authors": "P Sun, S Zhang, Z Liu, Y Yuan, T Zhang, H Zhang, P Hu",
      "venue": "Proc. Interspeech 2023, 3227-3231, 2023",
      "year": 2023,
      "citations": 12
    },
    {
      "title": "Predicting central cervical lymph node metastasis of papillary thyroid carcinomas using multi-view ultrasound images",
      "url": "https://scholar.google.com/citations?view_op=view_citation&hl=en&user=z7qS03sAAAAJ&citation_for_view=z7qS03sAAAAJ:2osOgNQ5qMEC",
      "authors": "Z Liu, P Sun, D Chen, H Zhang, Y Li",
      "venue": "International Conference on Medical Imaging and Computer-Aided Diagnosis, 83-91, 2023",
      "year": 2023,
      "citations": 1
    }
  ],
  "co_authors": []
}