{
  "author_info": {
    "name": "Malcolm Burdorf",
    "affiliation": "RWTH Aachen",
    "email_verified": "Verified email at rwth-aachen.de",
    "interests": [],
    "photo_url": "/citations/images/avatar_scholar_128.png"
  },
  "citation_stats": {
    "citations_all": 5,
    "citations_since_2020": 5,
    "h_index_all": 2,
    "h_index_since_2020": 2,
    "i10_index_all": 0,
    "i10_index_since_2020": 0,
    "citation_graph": []
  },
  "papers": [
    {
      "title": "Spotting the Unexpected (STU): A 3D LiDAR Dataset for Anomaly Segmentation in Autonomous Driving",
      "url": "https://scholar.google.com/citations?view_op=view_citation&hl=en&user=wEWN7RcAAAAJ&citation_for_view=wEWN7RcAAAAJ:d1gkVwhDpl0C",
      "authors": "A Nekrasov, M Burdorf, S Worrall, B Leibe, JSB Perez",
      "venue": "Proceedings of the Computer Vision and Pattern Recognition Conference, 11875 …, 2025",
      "year": 2025,
      "citations": 3
    },
    {
      "title": "Panoptic-CUDAL Technical Report: Rural Australia Point Cloud Dataset in Rainy Conditions",
      "url": "https://scholar.google.com/citations?view_op=view_citation&hl=en&user=wEWN7RcAAAAJ&citation_for_view=wEWN7RcAAAAJ:u-x6o8ySG0sC",
      "authors": "TY Tseng, A Nekrasov, M Burdorf, B Leibe, JS Berrio, M Shan, S Worrall",
      "venue": "arXiv preprint arXiv:2503.16378, 2025",
      "year": 2025,
      "citations": 2
    }
  ],
  "co_authors": [
    {
      "name": "Alexey Nekrasov",
      "scholar_id": "xJW2v3cAAAAJ",
      "url": "https://scholar.google.com/citations?user=xJW2v3cAAAAJ"
    },
    {
      "name": "Bastian Leibe",
      "scholar_id": "ZcULDB0AAAAJ",
      "url": "https://scholar.google.com/citations?user=ZcULDB0AAAAJ"
    }
  ]
}