{
  "author_info": {
    "name": "Hongyi Liu",
    "affiliation": "Rice University",
    "email_verified": "Verified email at rice.edu - Homepage",
    "website": "https://aladinggit.github.io/",
    "interests": [
      "Large Language Model",
      "ML efficiency",
      "Security"
    ],
    "photo_url": "/citations/images/avatar_scholar_128.png"
  },
  "citation_stats": {
    "citations_all": 472,
    "citations_since_2020": 472,
    "h_index_all": 9,
    "h_index_since_2020": 9,
    "i10_index_all": 8,
    "i10_index_since_2020": 8,
    "citation_graph": [
      {
        "year": 2022,
        "citations": 11
      },
      {
        "year": 2023,
        "citations": 22
      },
      {
        "year": 2024,
        "citations": 60
      },
      {
        "year": 2025,
        "citations": 377
      }
    ]
  },
  "papers": [
    {
      "title": "Stop overthinking: A survey on efficient reasoning for large language models",
      "url": "https://scholar.google.com/citations?view_op=view_citation&hl=en&user=87yywd4AAAAJ&citation_for_view=87yywd4AAAAJ:u5HHmVD_uO8C",
      "authors": "Y Sui, YN Chuang, G Wang, J Zhang, T Zhang, J Yuan, H Liu, A Wen, ...",
      "venue": "arXiv preprint arXiv:2503.16419, 2025",
      "year": 2025,
      "citations": 269
    },
    {
      "title": "Autol2s: Auto long-short reasoning for efficient large language models",
      "url": "https://scholar.google.com/citations?view_op=view_citation&hl=en&user=87yywd4AAAAJ&citation_for_view=87yywd4AAAAJ:2osOgNQ5qMEC",
      "authors": "F Luo, YN Chuang, G Wang, HAD Le, S Zhong, H Liu, J Yuan, Y Sui, ...",
      "venue": "arXiv preprint arXiv:2505.22662, 2025",
      "year": 2025,
      "citations": 12
    },
    {
      "title": "ProxSparse: Regularized Learning of Semi-Structured Sparsity Masks for Pretrained LLMs",
      "url": "https://scholar.google.com/citations?view_op=view_citation&hl=en&user=87yywd4AAAAJ&citation_for_view=87yywd4AAAAJ:Tyk-4Ss8FVUC",
      "authors": "H Liu, R Saha, Z Jia, Y Park, J Huang, S Sabach, YX Wang, G Karypis",
      "venue": "Forty-Second International Conference on Machine Learning, 2025",
      "year": 2025,
      "citations": 4
    },
    {
      "title": "Chain-of-Query: Unleashing the Power of LLMs in SQL-Aided Table Understanding via Multi-Agent Collaboration",
      "url": "https://scholar.google.com/citations?view_op=view_citation&hl=en&user=87yywd4AAAAJ&citation_for_view=87yywd4AAAAJ:zYLM7Y9cAGgC",
      "authors": "S Sui, H Liu, S Liu, L Li, SH Choi, R Chen, X Hu",
      "venue": "arXiv preprint arXiv:2508.15809, 2025",
      "year": 2025,
      "citations": 1
    },
    {
      "title": "Not-a-Bandit: Provably No-Regret Drafter Selection in Speculative Decoding for LLMs",
      "url": "https://scholar.google.com/citations?view_op=view_citation&hl=en&user=87yywd4AAAAJ&citation_for_view=87yywd4AAAAJ:UebtZRa9Y70C",
      "authors": "H Liu, J Huang, Z Jia, Y Park, YX Wang",
      "venue": "arXiv preprint arXiv:2510.20064, 2025",
      "year": 2025,
      "citations": 0
    },
    {
      "title": "RouterArena: An Open Platform for Comprehensive Comparison of LLM Routers",
      "url": "https://scholar.google.com/citations?view_op=view_citation&hl=en&user=87yywd4AAAAJ&citation_for_view=87yywd4AAAAJ:Se3iqnhoufwC",
      "authors": "Y Lu, R Liu, J Yuan, X Cui, S Zhang, H Liu, J Xing",
      "venue": "arXiv preprint arXiv:2510.00202, 2025",
      "year": 2025,
      "citations": 0
    },
    {
      "title": "Confident or Seek Stronger: Exploring Uncertainty-Based Small LM Routing",
      "url": "https://scholar.google.com/citations?view_op=view_citation&hl=en&user=87yywd4AAAAJ&citation_for_view=87yywd4AAAAJ:roLk4NBRz8UC",
      "authors": "YN Chuang, L Yu, G Wang, L Zhang, L Chang, H Liu, Z Liu, X Cai, Y Sui, ...",
      "venue": "NeurIPS 2025 Workshop on Evaluating the Evolving LLM Lifecycle: Benchmarks …, 0",
      "year": 2025,
      "citations": 0
    },
    {
      "title": "Who Routes the Router: Rethinking the Evaluation of LLM Routing Systems",
      "url": "https://scholar.google.com/citations?view_op=view_citation&hl=en&user=87yywd4AAAAJ&citation_for_view=87yywd4AAAAJ:LkGwnXOMwfcC",
      "authors": "J Yuan, Y Lu, R Liu, YN Chuang, H Liu, S Zhong, Y Sui, G Wang, J Xing, ...",
      "venue": "NeurIPS 2025 Workshop on Evaluating the Evolving LLM Lifecycle: Benchmarks …, 0",
      "year": 2025,
      "citations": 0
    },
    {
      "title": "Kv cache compression, but what must we give in return? a comprehensive benchmark of long context capable approaches",
      "url": "https://scholar.google.com/citations?view_op=view_citation&hl=en&user=87yywd4AAAAJ&citation_for_view=87yywd4AAAAJ:u-x6o8ySG0sC",
      "authors": "J Yuan*, H Liu*, S Zhong*, YN Chuang, S Li, G Wang, D Le, H Jin, ...",
      "venue": "arXiv preprint arXiv:2407.01527, 2024",
      "year": 2024,
      "citations": 36
    },
    {
      "title": "Lora-as-an-attack! piercing llm safety under the share-and-play scenario",
      "url": "https://scholar.google.com/citations?view_op=view_citation&hl=en&user=87yywd4AAAAJ&citation_for_view=87yywd4AAAAJ:d1gkVwhDpl0C",
      "authors": "H Liu, Z Liu, R Tang, J Yuan, S Zhong, YN Chuang, L Li, R Chen, X Hu",
      "venue": "arXiv e-prints, arXiv: 2403.00108, 2024",
      "year": 2024,
      "citations": 33
    },
    {
      "title": "Simplifying cloud management with cloudless computing",
      "url": "https://scholar.google.com/citations?view_op=view_citation&hl=en&user=87yywd4AAAAJ&citation_for_view=87yywd4AAAAJ:IjCSPb-OGe4C",
      "authors": "Y Qiu, PTJ Kon, J Xing, Y Huang, H Liu, X Wang, P Huang, M Chowdhury, ...",
      "venue": "Proceedings of the 22nd ACM Workshop on Hot Topics in Networks, 95-101, 2023",
      "year": 2023,
      "citations": 10
    },
    {
      "title": "Remote direct memory introspection",
      "url": "https://scholar.google.com/citations?view_op=view_citation&hl=en&user=87yywd4AAAAJ&citation_for_view=87yywd4AAAAJ:YsMSGLbcyi4C",
      "authors": "H Liu, J Xing, Y Huang, D Zhuo, S Devadas, A Chen",
      "venue": "32nd USENIX Security Symposium (USENIX Security 23), 6043-6060, 2023",
      "year": 2023,
      "citations": 9
    },
    {
      "title": "Bedrock: Programmable network support for secure {RDMA} systems",
      "url": "https://scholar.google.com/citations?view_op=view_citation&hl=en&user=87yywd4AAAAJ&citation_for_view=87yywd4AAAAJ:UeHWp8X0CEIC",
      "authors": "J Xing, KF Hsu, Y Qiu, Z Yang, H Liu, A Chen",
      "venue": "31st USENIX Security Symposium (USENIX Security 22), 2585-2600, 2022",
      "year": 2022,
      "citations": 53
    },
    {
      "title": "A vision for runtime programmable networks",
      "url": "https://scholar.google.com/citations?view_op=view_citation&hl=en&user=87yywd4AAAAJ&citation_for_view=87yywd4AAAAJ:Y0pCki6q_DkC",
      "authors": "J Xing, Y Qiu, KF Hsu, H Liu, M Kadosh, A Lo, A Akella, T Anderson, ...",
      "venue": "Proceedings of the 20th ACM Workshop on Hot Topics in Networks, 91-98, 2021",
      "year": 2021,
      "citations": 27
    },
    {
      "title": "Toward reconfigurable kernel datapaths with learned optimizations",
      "url": "https://scholar.google.com/citations?view_op=view_citation&hl=en&user=87yywd4AAAAJ&citation_for_view=87yywd4AAAAJ:W7OEmFMy1HYC",
      "authors": "Y Qiu, H Liu, T Anderson, Y Lin, A Chen",
      "venue": "Proceedings of the Workshop on Hot Topics in Operating Systems, 175-182, 2021",
      "year": 2021,
      "citations": 18
    },
    {
      "title": "STRUCTDROP: A STRUCTURED RANDOM ALGORITHM TOWARDS EFFICIENT LARGE-SCALE GRAPH TRAINING",
      "url": "https://scholar.google.com/citations?view_op=view_citation&hl=en&user=87yywd4AAAAJ&citation_for_view=87yywd4AAAAJ:qjMakFHDy7sC",
      "authors": "H Liu, Z Liu, K Zhou, T Zhao, N Shah, X Hu",
      "venue": "",
      "citations": 0
    }
  ],
  "co_authors": [
    {
      "name": "Jiayi Yuan",
      "scholar_id": "XMrlrV8AAAAJ",
      "url": "https://scholar.google.com/citations?user=XMrlrV8AAAAJ"
    },
    {
      "name": "Yu-Neng Chuang",
      "scholar_id": "EQ_TuKQAAAAJ",
      "url": "https://scholar.google.com/citations?user=EQ_TuKQAAAAJ"
    },
    {
      "name": "Xia \"Ben\" Hu",
      "scholar_id": "pcCS60IAAAAJ",
      "url": "https://scholar.google.com/citations?user=pcCS60IAAAAJ"
    },
    {
      "name": "Shaochen (Henry) Zhong",
      "scholar_id": "zB9lUvMAAAAJ",
      "url": "https://scholar.google.com/citations?user=zB9lUvMAAAAJ"
    },
    {
      "name": "Yang Sui",
      "scholar_id": "Q2W1p6sAAAAJ",
      "url": "https://scholar.google.com/citations?user=Q2W1p6sAAAAJ"
    },
    {
      "name": "Jiarong Xing",
      "scholar_id": "PeFSwuoAAAAJ",
      "url": "https://scholar.google.com/citations?user=PeFSwuoAAAAJ"
    },
    {
      "name": "Zirui (Ray) Liu",
      "scholar_id": "0i1w_egAAAAJ",
      "url": "https://scholar.google.com/citations?user=0i1w_egAAAAJ"
    },
    {
      "name": "Ruixiang (Ryan) Tang",
      "scholar_id": "xZk3FfsAAAAJ",
      "url": "https://scholar.google.com/citations?user=xZk3FfsAAAAJ"
    },
    {
      "name": "Yu-Xiang Wang",
      "scholar_id": "HGNZ1fkAAAAJ",
      "url": "https://scholar.google.com/citations?user=HGNZ1fkAAAAJ"
    }
  ]
}