{
  "author_info": {
    "name": "Haim Sompolinsky",
    "affiliation": "Professor of Molecular and Cellular Biology and of Physics, Harvard University",
    "email_verified": "Verified email at mcb.harvard.edu - Homepage",
    "website": "https://cbs.fas.harvard.edu/directory/haim-sompolinsky/",
    "interests": [
      "Neuroscience",
      "AI",
      "Physics"
    ],
    "photo_url": "https://scholar.googleusercontent.com/citations?view_op=view_photo&user=T8o_MdkAAAAJ&citpid=2"
  },
  "citation_stats": {
    "citations_all": 37866,
    "citations_since_2020": 12253,
    "h_index_all": 86,
    "h_index_since_2020": 51,
    "i10_index_all": 172,
    "i10_index_since_2020": 119,
    "citation_graph": [
      {
        "year": 1986,
        "citations": 232
      },
      {
        "year": 1987,
        "citations": 322
      },
      {
        "year": 1988,
        "citations": 433
      },
      {
        "year": 1989,
        "citations": 451
      },
      {
        "year": 1990,
        "citations": 550
      },
      {
        "year": 1991,
        "citations": 500
      },
      {
        "year": 1992,
        "citations": 495
      },
      {
        "year": 1993,
        "citations": 545
      },
      {
        "year": 1994,
        "citations": 513
      },
      {
        "year": 1995,
        "citations": 582
      },
      {
        "year": 1996,
        "citations": 497
      },
      {
        "year": 1997,
        "citations": 497
      },
      {
        "year": 1998,
        "citations": 548
      },
      {
        "year": 1999,
        "citations": 485
      },
      {
        "year": 2000,
        "citations": 473
      },
      {
        "year": 2001,
        "citations": 634
      },
      {
        "year": 2002,
        "citations": 499
      },
      {
        "year": 2003,
        "citations": 613
      },
      {
        "year": 2004,
        "citations": 565
      },
      {
        "year": 2005,
        "citations": 677
      },
      {
        "year": 2006,
        "citations": 686
      },
      {
        "year": 2007,
        "citations": 856
      },
      {
        "year": 2008,
        "citations": 722
      },
      {
        "year": 2009,
        "citations": 827
      },
      {
        "year": 2010,
        "citations": 847
      },
      {
        "year": 2011,
        "citations": 864
      },
      {
        "year": 2012,
        "citations": 978
      },
      {
        "year": 2013,
        "citations": 1137
      },
      {
        "year": 2014,
        "citations": 1118
      },
      {
        "year": 2015,
        "citations": 1071
      },
      {
        "year": 2016,
        "citations": 1272
      },
      {
        "year": 2017,
        "citations": 1241
      },
      {
        "year": 2018,
        "citations": 1357
      },
      {
        "year": 2019,
        "citations": 1567
      },
      {
        "year": 2020,
        "citations": 1822
      },
      {
        "year": 2021,
        "citations": 1798
      },
      {
        "year": 2022,
        "citations": 1870
      },
      {
        "year": 2023,
        "citations": 2045
      },
      {
        "year": 2024,
        "citations": 2239
      },
      {
        "year": 2025,
        "citations": 2475
      }
    ]
  },
  "papers": [
    {
      "title": "High-dimensional dynamics of generalization error in neural networks",
      "url": "https://scholar.google.com/citations?view_op=view_citation&hl=en&user=T8o_MdkAAAAJ&citation_for_view=T8o_MdkAAAAJ:OTTXONDVkokC",
      "authors": "MS Advani, AM Saxe, H Sompolinsky",
      "venue": "Neural Networks 132, 428-446, 2020",
      "year": 2020,
      "citations": 598
    },
    {
      "title": "The tempotron: a neuron that learns spike timing–based decisions",
      "url": "https://scholar.google.com/citations?view_op=view_citation&hl=en&user=T8o_MdkAAAAJ&citation_for_view=T8o_MdkAAAAJ:roLk4NBRz8UC",
      "authors": "R Gütig, H Sompolinsky",
      "venue": "Nature neuroscience 9 (3), 420-428, 2006",
      "year": 2006,
      "citations": 1018
    },
    {
      "title": "Learning input correlations through nonlinear temporally asymmetric Hebbian plasticity",
      "url": "https://scholar.google.com/citations?view_op=view_citation&hl=en&user=T8o_MdkAAAAJ&citation_for_view=T8o_MdkAAAAJ:LkGwnXOMwfcC",
      "authors": "R Gütig, R Aharonov, S Rotter, H Sompolinsky",
      "venue": "Journal of Neuroscience 23 (9), 3697-3714, 2003",
      "year": 2003,
      "citations": 517
    },
    {
      "title": "Chaotic balanced state in a model of cortical circuits",
      "url": "https://scholar.google.com/citations?view_op=view_citation&hl=en&user=T8o_MdkAAAAJ&citation_for_view=T8o_MdkAAAAJ:YsMSGLbcyi4C",
      "authors": "C van Vreeswijk, H Sompolinsky",
      "venue": "Neural computation 10 (6), 1321-1371, 1998",
      "year": 1998,
      "citations": 890
    },
    {
      "title": "Chaos in neuronal networks with balanced excitatory and inhibitory activity",
      "url": "https://scholar.google.com/citations?view_op=view_citation&hl=en&user=T8o_MdkAAAAJ&citation_for_view=T8o_MdkAAAAJ:9yKSN-GCB0IC",
      "authors": "C Van Vreeswijk, H Sompolinsky",
      "venue": "Science 274 (5293), 1724-1726, 1996",
      "year": 1996,
      "citations": 2264
    },
    {
      "title": "Theory of orientation tuning in visual cortex.",
      "url": "https://scholar.google.com/citations?view_op=view_citation&hl=en&user=T8o_MdkAAAAJ&citation_for_view=T8o_MdkAAAAJ:2osOgNQ5qMEC",
      "authors": "R Ben-Yishai, RL Bar-Or, H Sompolinsky",
      "venue": "Proceedings of the National Academy of Sciences 92 (9), 3844-3848, 1995",
      "year": 1995,
      "citations": 1387
    },
    {
      "title": "Simple models for reading neuronal population codes.",
      "url": "https://scholar.google.com/citations?view_op=view_citation&hl=en&user=T8o_MdkAAAAJ&citation_for_view=T8o_MdkAAAAJ:Y0pCki6q_DkC",
      "authors": "HS Seung, H Sompolinsky",
      "venue": "Proceedings of the national academy of sciences 90 (22), 10749-10753, 1993",
      "year": 1993,
      "citations": 761
    },
    {
      "title": "Query by committee",
      "url": "https://scholar.google.com/citations?view_op=view_citation&hl=en&user=T8o_MdkAAAAJ&citation_for_view=T8o_MdkAAAAJ:u-x6o8ySG0sC",
      "authors": "HS Seung, M Opper, H Sompolinsky",
      "venue": "Proceedings of the fifth annual workshop on Computational learning theory …, 1992",
      "year": 1992,
      "citations": 2505
    },
    {
      "title": "Statistical mechanics of learning from examples",
      "url": "https://scholar.google.com/citations?view_op=view_citation&hl=en&user=T8o_MdkAAAAJ&citation_for_view=T8o_MdkAAAAJ:W7OEmFMy1HYC",
      "authors": "HS Seung, H Sompolinsky, N Tishby",
      "venue": "Physical review A 45 (8), 6056, 1992",
      "year": 1992,
      "citations": 766
    },
    {
      "title": "Chaos in random neural networks",
      "url": "https://scholar.google.com/citations?view_op=view_citation&hl=en&user=T8o_MdkAAAAJ&citation_for_view=T8o_MdkAAAAJ:UeHWp8X0CEIC",
      "authors": "H Sompolinsky, A Crisanti, HJ Sommers",
      "venue": "Physical review letters 61 (3), 259, 1988",
      "year": 1988,
      "citations": 1418
    },
    {
      "title": "Spectrum of large random asymmetric matrices",
      "url": "https://scholar.google.com/citations?view_op=view_citation&hl=en&user=T8o_MdkAAAAJ&citation_for_view=T8o_MdkAAAAJ:5nxA0vEk-isC",
      "authors": "HJ Sommers, A Crisanti, H Sompolinsky, Y Stein",
      "venue": "Physical review letters 60 (19), 1895, 1988",
      "year": 1988,
      "citations": 490
    },
    {
      "title": "Statistical mechanics of neural networks near saturation",
      "url": "https://scholar.google.com/citations?view_op=view_citation&hl=en&user=T8o_MdkAAAAJ&citation_for_view=T8o_MdkAAAAJ:qjMakFHDy7sC",
      "authors": "DJ Amit, H Gutfreund, H Sompolinsky",
      "venue": "Annals of physics 173 (1), 30-67, 1987",
      "year": 1987,
      "citations": 1140
    },
    {
      "title": "Associative recall of memory without errors",
      "url": "https://scholar.google.com/citations?view_op=view_citation&hl=en&user=T8o_MdkAAAAJ&citation_for_view=T8o_MdkAAAAJ:eQOLeE2rZwMC",
      "authors": "I Kanter, H Sompolinsky",
      "venue": "Physical Review A 35 (1), 380, 1987",
      "year": 1987,
      "citations": 509
    },
    {
      "title": "Information storage in neural networks with low levels of activity",
      "url": "https://scholar.google.com/citations?view_op=view_citation&hl=en&user=T8o_MdkAAAAJ&citation_for_view=T8o_MdkAAAAJ:WF5omc3nYNoC",
      "authors": "DJ Amit, H Gutfreund, H Sompolinsky",
      "venue": "Physical Review A 35 (5), 2293, 1987",
      "year": 1987,
      "citations": 491
    },
    {
      "title": "Temporal association in asymmetric neural networks",
      "url": "https://scholar.google.com/citations?view_op=view_citation&hl=en&user=T8o_MdkAAAAJ&citation_for_view=T8o_MdkAAAAJ:IjCSPb-OGe4C",
      "authors": "H Sompolinsky, I Kanter",
      "venue": "Physical review letters 57 (22), 2861, 1986",
      "year": 1986,
      "citations": 727
    },
    {
      "title": "Spin-glass models of neural networks",
      "url": "https://scholar.google.com/citations?view_op=view_citation&hl=en&user=T8o_MdkAAAAJ&citation_for_view=T8o_MdkAAAAJ:u5HHmVD_uO8C",
      "authors": "DJ Amit, H Gutfreund, H Sompolinsky",
      "venue": "Physical Review A 32 (2), 1007, 1985",
      "year": 1985,
      "citations": 1587
    },
    {
      "title": "Storing infinite numbers of patterns in a spin-glass model of neural networks",
      "url": "https://scholar.google.com/citations?view_op=view_citation&hl=en&user=T8o_MdkAAAAJ&citation_for_view=T8o_MdkAAAAJ:d1gkVwhDpl0C",
      "authors": "DJ Amit, H Gutfreund, H Sompolinsky",
      "venue": "Physical Review Letters 55 (14), 1530, 1985",
      "year": 1985,
      "citations": 1513
    },
    {
      "title": "Mean-field theory of the Potts glass",
      "url": "https://scholar.google.com/citations?view_op=view_citation&hl=en&user=T8o_MdkAAAAJ&citation_for_view=T8o_MdkAAAAJ:_FxGoFyzp5QC",
      "authors": "DJ Gross, I Kanter, H Sompolinsky",
      "venue": "Physical review letters 55 (3), 304, 1985",
      "year": 1985,
      "citations": 443
    },
    {
      "title": "Relaxational dynamics of the Edwards-Anderson model and the mean-field theory of spin-glasses",
      "url": "https://scholar.google.com/citations?view_op=view_citation&hl=en&user=T8o_MdkAAAAJ&citation_for_view=T8o_MdkAAAAJ:zYLM7Y9cAGgC",
      "authors": "H Sompolinsky, A Zippelius",
      "venue": "Physical Review B 25 (11), 6860, 1982",
      "year": 1982,
      "citations": 662
    },
    {
      "title": "Time-dependent order parameters in spin-glasses",
      "url": "https://scholar.google.com/citations?view_op=view_citation&hl=en&user=T8o_MdkAAAAJ&citation_for_view=T8o_MdkAAAAJ:Tyk-4Ss8FVUC",
      "authors": "H Sompolinsky",
      "venue": "Physical Review Letters 47 (13), 935, 1981",
      "year": 1981,
      "citations": 480
    }
  ],
  "co_authors": []
}