{
  "author_info": {
    "name": "Xiaojie Wang",
    "affiliation": "Amazon.com, Inc.",
    "email_verified": "Verified email at amazon.com",
    "interests": [
      "Artificial Intelligence",
      "Machine Learning",
      "Information Retrieval",
      "Recommender Systems"
    ],
    "photo_url": "https://scholar.googleusercontent.com/citations?view_op=view_photo&user=arKL9twAAAAJ&citpid=1"
  },
  "citation_stats": {
    "citations_all": 963,
    "citations_since_2020": 854,
    "h_index_all": 10,
    "h_index_since_2020": 10,
    "i10_index_all": 11,
    "i10_index_since_2020": 10,
    "citation_graph": [
      {
        "year": 2016,
        "citations": 16
      },
      {
        "year": 2017,
        "citations": 20
      },
      {
        "year": 2018,
        "citations": 24
      },
      {
        "year": 2019,
        "citations": 43
      },
      {
        "year": 2020,
        "citations": 84
      },
      {
        "year": 2021,
        "citations": 122
      },
      {
        "year": 2022,
        "citations": 146
      },
      {
        "year": 2023,
        "citations": 179
      },
      {
        "year": 2024,
        "citations": 186
      },
      {
        "year": 2025,
        "citations": 135
      }
    ]
  },
  "papers": [
    {
      "title": "A non-contrastive learning framework for sequential recommendation with preference preserving profile generation",
      "url": "https://scholar.google.com/citations?view_op=view_citation&hl=en&user=arKL9twAAAAJ&citation_for_view=arKL9twAAAAJ:dhFuZR0502QC",
      "authors": "H Zeng, X Wang, A Jain, Z Dou, D Wang",
      "venue": "",
      "citations": 2,
      "year": 2025
    },
    {
      "title": "Towards robustness analysis of e-commerce ranking system",
      "url": "https://scholar.google.com/citations?view_op=view_citation&hl=en&user=arKL9twAAAAJ&citation_for_view=arKL9twAAAAJ:7PzlFSSx8tAC",
      "authors": "N Wang, Y Huang, H Cheng, J Gesi, X Wang, V Mittal",
      "venue": "Companion Proceedings of the ACM Web Conference 2024, 364-373, 2024",
      "year": 2024,
      "citations": 2
    },
    {
      "title": "How well do offline metrics predict online performance of product ranking models?",
      "url": "https://scholar.google.com/citations?view_op=view_citation&hl=en&user=arKL9twAAAAJ&citation_for_view=arKL9twAAAAJ:QIV2ME_5wuYC",
      "authors": "X Wang, R Gao, A Jain, G Edge, S Ahuja",
      "venue": "Proceedings of the 46th International ACM SIGIR conference on Research and …, 2023",
      "year": 2023,
      "citations": 9
    },
    {
      "title": "Combating selection biases in recommender systems with a few unbiased ratings",
      "url": "https://scholar.google.com/citations?view_op=view_citation&hl=en&user=arKL9twAAAAJ&citation_for_view=arKL9twAAAAJ:4DMP91E08xMC",
      "authors": "X Wang, R Zhang, Y Sun, J Qi",
      "venue": "Proceedings of the 14th ACM International Conference on Web Search and Data …, 2021",
      "year": 2021,
      "citations": 121
    },
    {
      "title": "Grouped-Attention for Content-Selection and Content-Plan Generation",
      "url": "https://scholar.google.com/citations?view_op=view_citation&hl=en&user=arKL9twAAAAJ&citation_for_view=arKL9twAAAAJ:Wp0gIr-vW9MC",
      "authors": "B Distiawan, X Wang, J Qi, R Zhang, Q Cui",
      "venue": "Findings of the Association for Computational Linguistics: EMNLP 2021, 1935-1944, 2021",
      "year": 2021,
      "citations": 1
    },
    {
      "title": "DVGAN: A minimax game for search result diversification combining explicit and implicit features",
      "url": "https://scholar.google.com/citations?view_op=view_citation&hl=en&user=arKL9twAAAAJ&citation_for_view=arKL9twAAAAJ:aqlVkmm33-oC",
      "authors": "J Liu, Z Dou, X Wang, S Lu, JR Wen",
      "venue": "Proceedings of the 43rd International ACM SIGIR Conference on Research and …, 2020",
      "year": 2020,
      "citations": 38
    },
    {
      "title": "Knowledge enhanced personalized search",
      "url": "https://scholar.google.com/citations?view_op=view_citation&hl=en&user=arKL9twAAAAJ&citation_for_view=arKL9twAAAAJ:qxL8FJ1GzNcC",
      "authors": "S Lu, Z Dou, C Xiong, X Wang, JR Wen",
      "venue": "Proceedings of the 43rd International ACM SIGIR conference on research and …, 2020",
      "year": 2020,
      "citations": 37
    },
    {
      "title": "Training accurate, diverse, and unbiased recommender systems by joint optimization.",
      "url": "https://scholar.google.com/citations?view_op=view_citation&hl=en&user=arKL9twAAAAJ&citation_for_view=arKL9twAAAAJ:mVmsd5A6BfQC",
      "authors": "X Wang",
      "venue": "University of Melbourne, Parkville, Victoria, Australia, 2020",
      "year": 2020,
      "citations": 0
    },
    {
      "title": "Doubly robust joint learning for recommendation on data missing not at random",
      "url": "https://scholar.google.com/citations?view_op=view_citation&hl=en&user=arKL9twAAAAJ&citation_for_view=arKL9twAAAAJ:4TOpqqG69KYC",
      "authors": "X Wang, R Zhang, Y Sun, J Qi",
      "venue": "International Conference on Machine Learning, 6638-6647, 2019",
      "year": 2019,
      "citations": 297
    },
    {
      "title": "Adversarial distillation for learning with privileged provisions",
      "url": "https://scholar.google.com/citations?view_op=view_citation&hl=en&user=arKL9twAAAAJ&citation_for_view=arKL9twAAAAJ:KlAtU1dfN6UC",
      "authors": "X Wang, R Zhang, Y Sun, J Qi",
      "venue": "IEEE transactions on pattern analysis and machine intelligence 43 (3), 786-797, 2019",
      "year": 2019,
      "citations": 19
    },
    {
      "title": "Kdgan: Knowledge distillation with generative adversarial networks",
      "url": "https://scholar.google.com/citations?view_op=view_citation&hl=en&user=arKL9twAAAAJ&citation_for_view=arKL9twAAAAJ:M3ejUd6NZC8C",
      "authors": "X Wang, R Zhang, Y Sun, J Qi",
      "venue": "Advances in neural information processing systems 31, 2018",
      "year": 2018,
      "citations": 257
    },
    {
      "title": "A joint optimization approach for personalized recommendation diversification",
      "url": "https://scholar.google.com/citations?view_op=view_citation&hl=en&user=arKL9twAAAAJ&citation_for_view=arKL9twAAAAJ:Zph67rFs4hoC",
      "authors": "X Wang, J Qi, K Ramamohanarao, Y Sun, B Li, R Zhang",
      "venue": "Pacific-Asia Conference on Knowledge Discovery and Data Mining, 597-609, 2018",
      "year": 2018,
      "citations": 18
    },
    {
      "title": "Search result diversity evaluation based on intent hierarchies",
      "url": "https://scholar.google.com/citations?view_op=view_citation&hl=en&user=arKL9twAAAAJ&citation_for_view=arKL9twAAAAJ:3fE2CSJIrl8C",
      "authors": "X Wang, JR Wen, Z Dou, T Sakai, R Zhang",
      "venue": "IEEE Transactions on Knowledge and Data Engineering 30 (1), 156-169, 2017",
      "year": 2017,
      "citations": 23
    },
    {
      "title": "Evaluating search result diversity using intent hierarchies",
      "url": "https://scholar.google.com/citations?view_op=view_citation&hl=en&user=arKL9twAAAAJ&citation_for_view=arKL9twAAAAJ:MXK_kJrjxJIC",
      "authors": "X Wang, Z Dou, T Sakai, JR Wen",
      "venue": "Proceedings of the 39th International ACM SIGIR conference on Research and …, 2016",
      "year": 2016,
      "citations": 30
    },
    {
      "title": "RUCIR at NTCIR-12 IMINE-2 Task.",
      "url": "https://scholar.google.com/citations?view_op=view_citation&hl=en&user=arKL9twAAAAJ&citation_for_view=arKL9twAAAAJ:ULOm3_A8WrAC",
      "authors": "M Yue, Z Dou, S Hu, J Li, X Wang, JR Wen",
      "venue": "NTCIR, 2016",
      "year": 2016,
      "citations": 1
    },
    {
      "title": "Search result diversification based on hierarchical intents",
      "url": "https://scholar.google.com/citations?view_op=view_citation&hl=en&user=arKL9twAAAAJ&citation_for_view=arKL9twAAAAJ:kNdYIx-mwKoC",
      "authors": "S Hu, Z Dou, X Wang, T Sakai, JR Wen",
      "venue": "Proceedings of the 24th ACM international on conference on information and …, 2015",
      "year": 2015,
      "citations": 98
    },
    {
      "title": "Search result diversification based on query facets",
      "url": "https://scholar.google.com/citations?view_op=view_citation&hl=en&user=arKL9twAAAAJ&citation_for_view=arKL9twAAAAJ:_kc_bZDykSQC",
      "authors": "S Hu, ZC Dou, XJ Wang, JR Wen",
      "venue": "Journal of computer science and technology 30 (4), 888-901, 2015",
      "year": 2015,
      "citations": 10
    },
    {
      "title": "基于查询分面的搜索结果多样性研究",
      "url": "https://scholar.google.com/citations?view_op=view_citation&hl=en&user=arKL9twAAAAJ&citation_for_view=arKL9twAAAAJ:YOwf2qJgpHMC",
      "authors": "胡莎， 窦志成， 王晓捷， 文继荣",
      "venue": "计算机科学技术学报 30 (4), 888-901, 2015",
      "year": 2015,
      "citations": 0
    }
  ],
  "co_authors": [
    {
      "name": "Jianzhong Qi",
      "scholar_id": "mxS6eHYAAAAJ",
      "url": "https://scholar.google.com/citations?user=mxS6eHYAAAAJ"
    },
    {
      "name": "Yu Sun",
      "scholar_id": "9xYBbNQAAAAJ",
      "url": "https://scholar.google.com/citations?user=9xYBbNQAAAAJ"
    },
    {
      "name": "Zhicheng Dou",
      "scholar_id": "ChCjAAwAAAAJ",
      "url": "https://scholar.google.com/citations?user=ChCjAAwAAAAJ"
    },
    {
      "name": "Ji-Rong Wen",
      "scholar_id": "tbxCHJgAAAAJ",
      "url": "https://scholar.google.com/citations?user=tbxCHJgAAAAJ"
    },
    {
      "name": "Tetsuya Sakai",
      "scholar_id": "svFlK5IAAAAJ",
      "url": "https://scholar.google.com/citations?user=svFlK5IAAAAJ"
    },
    {
      "name": "Sha Hu",
      "scholar_id": "3nCiZjIAAAAJ",
      "url": "https://scholar.google.com/citations?user=3nCiZjIAAAAJ"
    },
    {
      "name": "Shuqi Lu",
      "scholar_id": "vrXBYX8AAAAJ",
      "url": "https://scholar.google.com/citations?user=vrXBYX8AAAAJ"
    },
    {
      "name": "Jiongnan Liu",
      "scholar_id": "9El3sbQAAAAJ",
      "url": "https://scholar.google.com/citations?user=9El3sbQAAAAJ"
    },
    {
      "name": "Chenyan Xiong",
      "scholar_id": "E9BaEBYAAAAJ",
      "url": "https://scholar.google.com/citations?user=E9BaEBYAAAAJ"
    },
    {
      "name": "Bo Li",
      "scholar_id": "K8vJkTcAAAAJ",
      "url": "https://scholar.google.com/citations?user=K8vJkTcAAAAJ"
    },
    {
      "name": "Ruoyuan Gao",
      "scholar_id": "y32vxNsAAAAJ",
      "url": "https://scholar.google.com/citations?user=y32vxNsAAAAJ"
    },
    {
      "name": "Huimin Zeng",
      "scholar_id": "N-2sGUkAAAAJ",
      "url": "https://scholar.google.com/citations?user=N-2sGUkAAAAJ"
    },
    {
      "name": "Ningfei Wang",
      "scholar_id": "RB6wfIsAAAAJ",
      "url": "https://scholar.google.com/citations?user=RB6wfIsAAAAJ"
    },
    {
      "name": "Yupin Huang",
      "scholar_id": "pZCCkJ0AAAAJ",
      "url": "https://scholar.google.com/citations?user=pZCCkJ0AAAAJ"
    },
    {
      "name": "Han Cheng",
      "scholar_id": "sAaVPMQAAAAJ",
      "url": "https://scholar.google.com/citations?user=sAaVPMQAAAAJ"
    },
    {
      "name": "Jiri Gesi",
      "scholar_id": "pZTCjMsAAAAJ",
      "url": "https://scholar.google.com/citations?user=pZTCjMsAAAAJ"
    },
    {
      "name": "Bayu Distiawan Trisedya",
      "scholar_id": "YMoyMTwAAAAJ",
      "url": "https://scholar.google.com/citations?user=YMoyMTwAAAAJ"
    },
    {
      "name": "Qingjun Cui",
      "scholar_id": "wvaWrz8AAAAJ",
      "url": "https://scholar.google.com/citations?user=wvaWrz8AAAAJ"
    }
  ]
}