{
  "author_info": {
    "name": "Wei Ma",
    "affiliation": "The Hong Kong Polytechnic University",
    "email_verified": "Verified email at polyu.edu.hk - Homepage",
    "website": "http://polyu-mobility-ai-lab.com/",
    "interests": [
      "Intelligent Transportation Systems",
      "Urban Computing",
      "Machine Learning",
      "Data Mining",
      "Network Modeling"
    ],
    "photo_url": "https://scholar.googleusercontent.com/citations?view_op=view_photo&user=syUpc-gAAAAJ&citpid=5"
  },
  "citation_stats": {
    "citations_all": 2167,
    "citations_since_2020": 2095,
    "h_index_all": 23,
    "h_index_since_2020": 23,
    "i10_index_all": 47,
    "i10_index_since_2020": 46,
    "citation_graph": [
      {
        "year": 2019,
        "citations": 55
      },
      {
        "year": 2020,
        "citations": 75
      },
      {
        "year": 2021,
        "citations": 114
      },
      {
        "year": 2022,
        "citations": 221
      },
      {
        "year": 2023,
        "citations": 288
      },
      {
        "year": 2024,
        "citations": 480
      },
      {
        "year": 2025,
        "citations": 899
      }
    ]
  },
  "papers": [
    {
      "title": "Physics-informed deep learning for traffic state estimation based on the traffic flow model and computational graph method",
      "url": "https://scholar.google.com/citations?view_op=view_citation&hl=en&user=syUpc-gAAAAJ&citation_for_view=syUpc-gAAAAJ:3s1wT3WcHBgC",
      "authors": "J Zhang, S Mao, L Yang, W Ma, S Li, Z Gao",
      "venue": "Information Fusion 101, 101971, 2024",
      "year": 2024,
      "citations": 86
    },
    {
      "title": "ImputeFormer: Low rankness-induced transformers for generalizable spatiotemporal imputation",
      "url": "https://scholar.google.com/citations?view_op=view_citation&hl=en&user=syUpc-gAAAAJ&citation_for_view=syUpc-gAAAAJ:tOudhMTPpwUC",
      "authors": "T Nie, G Qin, W Ma, Y Mei, J Sun",
      "venue": "Proceedings of the 30th ACM SIGKDD Conference on Knowledge Discovery and …, 2024",
      "year": 2024,
      "citations": 82
    },
    {
      "title": "ITINERA: Integrating Spatial Optimization with Large Language Models for Open-domain Urban Itinerary Planning",
      "url": "https://scholar.google.com/citations?view_op=view_citation&hl=en&user=syUpc-gAAAAJ&citation_for_view=syUpc-gAAAAJ:tS2w5q8j5-wC",
      "authors": "Y Tang, Z Wang, A Qu, Y Yan, Z Wu, D Zhuang, J Kai, K Hou, X Guo, ...",
      "venue": "Proceedings of the 2024 Conference on Empirical Methods in Natural Language …, 2024",
      "year": 2024,
      "citations": 38
    },
    {
      "title": "Estimating and Mitigating the Congestion Effect of Curbside Pick-ups and Drop-offs: A Causal Inference Approach",
      "url": "https://scholar.google.com/citations?view_op=view_citation&hl=en&user=syUpc-gAAAAJ&citation_for_view=syUpc-gAAAAJ:hMod-77fHWUC",
      "authors": "X Liu, S Qian, HH Teo, W Ma",
      "venue": "Transportation Science 58 (2), 355-376, 2024",
      "year": 2024,
      "citations": 26
    },
    {
      "title": "Adversarial Attacks on Deep Reinforcement Learning-Based Traffic Signal Control Systems with Colluding Vehicles",
      "url": "https://scholar.google.com/citations?view_op=view_citation&hl=en&user=syUpc-gAAAAJ&citation_for_view=syUpc-gAAAAJ:rO6llkc54NcC",
      "authors": "A Qu, Y Tang, W Ma",
      "venue": "ACM Transactions on Intelligent Systems and Technology, 2023",
      "year": 2023,
      "citations": 35
    },
    {
      "title": "Optimal curbside pricing for managing ride-hailing pick-ups and drop-offs",
      "url": "https://scholar.google.com/citations?view_op=view_citation&hl=en&user=syUpc-gAAAAJ&citation_for_view=syUpc-gAAAAJ:D03iK_w7-QYC",
      "authors": "J Liu, W Ma, S Qian",
      "venue": "Transportation Research Part C: Emerging Technologies 146, 103960, 2023",
      "year": 2023,
      "citations": 30
    },
    {
      "title": "Adversarial diffusion attacks on graph-based traffic prediction models",
      "url": "https://scholar.google.com/citations?view_op=view_citation&hl=en&user=syUpc-gAAAAJ&citation_for_view=syUpc-gAAAAJ:qUcmZB5y_30C",
      "authors": "L Zhu, K Feng, Z Pu, W Ma",
      "venue": "IEEE Internet of Things Journal 11 (1), 1481-1495, 2023",
      "year": 2023,
      "citations": 29
    },
    {
      "title": "Domain adversarial spatial-temporal network: A transferable framework for short-term traffic forecasting across cities",
      "url": "https://scholar.google.com/citations?view_op=view_citation&hl=en&user=syUpc-gAAAAJ&citation_for_view=syUpc-gAAAAJ:j3f4tGmQtD8C",
      "authors": "Y Tang, A Qu, AHF Chow, WHK Lam, SC Wong, W Ma",
      "venue": "Proceedings of the 31st ACM International Conference on Information …, 2022",
      "year": 2022,
      "citations": 88
    },
    {
      "title": "Short-term origin-destination demand prediction in urban rail transit systems: A channel-wise attentive split-convolutional neural network method",
      "url": "https://scholar.google.com/citations?view_op=view_citation&hl=en&user=syUpc-gAAAAJ&citation_for_view=syUpc-gAAAAJ:ZeXyd9-uunAC",
      "authors": "J Zhang, H Che, F Chen, W Ma, Z He",
      "venue": "Transportation Research Part C: Emerging Technologies 124, 102928, 2021",
      "year": 2021,
      "citations": 177
    },
    {
      "title": "COVID-19, community response, public policy, and travel patterns: A tale of Hong Kong",
      "url": "https://scholar.google.com/citations?view_op=view_citation&hl=en&user=syUpc-gAAAAJ&citation_for_view=syUpc-gAAAAJ:IWHjjKOFINEC",
      "authors": "HY Chan, A Chen, W Ma, NN Sze, X Liu",
      "venue": "Transport policy 106, 173-184, 2021",
      "year": 2021,
      "citations": 88
    },
    {
      "title": "High-Resolution Traffic Sensing with Probe Autonomous Vehicles: A Data-Driven Approach",
      "url": "https://scholar.google.com/citations?view_op=view_citation&hl=en&user=syUpc-gAAAAJ&citation_for_view=syUpc-gAAAAJ:7PzlFSSx8tAC",
      "authors": "W Ma, S Qian",
      "venue": "Sensors 21 (2), 464, 2021",
      "year": 2021,
      "citations": 45
    },
    {
      "title": "Vehicle re-identification for lane-level travel time estimations on congested urban road networks using video images",
      "url": "https://scholar.google.com/citations?view_op=view_citation&hl=en&user=syUpc-gAAAAJ&citation_for_view=syUpc-gAAAAJ:e5wmG9Sq2KIC",
      "authors": "C Zhang, BY Chen, WHK Lam, HW Ho, X Shi, X Yang, W Ma, SC Wong, ...",
      "venue": "IEEE Transactions on Intelligent Transportation Systems 23 (8), 12877-12893, 2021",
      "year": 2021,
      "citations": 39
    },
    {
      "title": "A bi-objective reliable path-finding algorithm for battery electric vehicle routing",
      "url": "https://scholar.google.com/citations?view_op=view_citation&hl=en&user=syUpc-gAAAAJ&citation_for_view=syUpc-gAAAAJ:hC7cP41nSMkC",
      "authors": "XW Chen, BY Chen, WHK Lam, ML Tam, W Ma",
      "venue": "Expert Systems with Applications 182, 115228, 2021",
      "year": 2021,
      "citations": 34
    },
    {
      "title": "Estimating multi-class dynamic origin-destination demand through a forward-backward algorithm on computational graphs",
      "url": "https://scholar.google.com/citations?view_op=view_citation&hl=en&user=syUpc-gAAAAJ&citation_for_view=syUpc-gAAAAJ:9ZlFYXVOiuMC",
      "authors": "W Ma, X Pi, S Qian",
      "venue": "Transportation Research Part C: Emerging Technologies 119, 102747, 2020",
      "year": 2020,
      "citations": 95
    },
    {
      "title": "A deep learning approach to real-time parking occupancy prediction in transportation networks incorporating multiple spatio-temporal data sources",
      "url": "https://scholar.google.com/citations?view_op=view_citation&hl=en&user=syUpc-gAAAAJ&citation_for_view=syUpc-gAAAAJ:aqlVkmm33-oC",
      "authors": "S Yang, W Ma, X Pi, S Qian",
      "venue": "Transportation Research Part C: Emerging Technologies 107, 248-265, 2019",
      "year": 2019,
      "citations": 257
    },
    {
      "title": "A general formulation for multi-modal dynamic traffic assignment considering multi-class vehicles, public transit and parking",
      "url": "https://scholar.google.com/citations?view_op=view_citation&hl=en&user=syUpc-gAAAAJ&citation_for_view=syUpc-gAAAAJ:3fE2CSJIrl8C",
      "authors": "X Pi, W Ma, ZS Qian",
      "venue": "Transportation Research Part C: Emerging Technologies 104, 369-389, 2019",
      "year": 2019,
      "citations": 100
    },
    {
      "title": "Missing not at random in matrix completion: The effectiveness of estimating missingness probabilities under a low nuclear norm assumption",
      "url": "https://scholar.google.com/citations?view_op=view_citation&hl=en&user=syUpc-gAAAAJ&citation_for_view=syUpc-gAAAAJ:qxL8FJ1GzNcC",
      "authors": "W Ma, GH Chen",
      "venue": "Advances in Neural Information Processing Systems, 14900-14909, 2019",
      "year": 2019,
      "citations": 83
    },
    {
      "title": "Estimating multi-year 24/7 origin-destination demand using high-granular multi-source traffic data",
      "url": "https://scholar.google.com/citations?view_op=view_citation&hl=en&user=syUpc-gAAAAJ&citation_for_view=syUpc-gAAAAJ:Tyk-4Ss8FVUC",
      "authors": "W Ma, ZS Qian",
      "venue": "Transportation Research Part C: Emerging Technologies 96, 96-121, 2018",
      "year": 2018,
      "citations": 81
    },
    {
      "title": "Statistical inference of probabilistic origin-destination demand using day-to-day traffic data",
      "url": "https://scholar.google.com/citations?view_op=view_citation&hl=en&user=syUpc-gAAAAJ&citation_for_view=syUpc-gAAAAJ:9yKSN-GCB0IC",
      "authors": "W Ma, ZS Qian",
      "venue": "Transportation Research Part C: Emerging Technologies 88, 227-256, 2018",
      "year": 2018,
      "citations": 65
    },
    {
      "title": "On the variance of recurrent traffic flow for statistical traffic assignment",
      "url": "https://scholar.google.com/citations?view_op=view_citation&hl=en&user=syUpc-gAAAAJ&citation_for_view=syUpc-gAAAAJ:2osOgNQ5qMEC",
      "authors": "W Ma, ZS Qian",
      "venue": "Transportation Research Part C: Emerging Technologies 81, 57-82, 2017",
      "year": 2017,
      "citations": 39
    }
  ],
  "co_authors": []
}