{
  "author_info": {
    "name": "Sean Richardson",
    "affiliation": "PhD Student, UC Berkeley",
    "email_verified": "Verified email at berkeley.edu - Homepage",
    "website": "https://statistics.berkeley.edu/people/sean-richardson",
    "interests": [
      "Machine Learning",
      "Statistics"
    ],
    "photo_url": "https://scholar.googleusercontent.com/citations?view_op=view_photo&user=sViyVfIAAAAJ&citpid=1"
  },
  "citation_stats": {
    "citations_all": 67,
    "citations_since_2020": 67,
    "h_index_all": 2,
    "h_index_since_2020": 2,
    "i10_index_all": 1,
    "i10_index_since_2020": 1,
    "citation_graph": []
  },
  "papers": [
    {
      "title": "Llm social simulations are a promising research method",
      "url": "https://scholar.google.com/citations?view_op=view_citation&hl=en&user=sViyVfIAAAAJ&citation_for_view=sViyVfIAAAAJ:9yKSN-GCB0IC",
      "authors": "JR Anthis, R Liu, SM Richardson, AC Kozlowski, B Koch, J Evans, ...",
      "venue": "arXiv preprint arXiv:2504.02234, 2025",
      "year": 2025,
      "citations": 62
    },
    {
      "title": "Incorporating Hierarchical Semantics in Sparse Autoencoder Architectures",
      "url": "https://scholar.google.com/citations?view_op=view_citation&hl=en&user=sViyVfIAAAAJ&citation_for_view=sViyVfIAAAAJ:u-x6o8ySG0sC",
      "authors": "M Muchane, S Richardson, K Park, V Veitch",
      "venue": "arXiv preprint arXiv:2506.01197, 2025",
      "year": 2025,
      "citations": 2
    },
    {
      "title": "Multiple Streams of Relation Extraction: Enriching and Recalling in Transformers",
      "url": "https://scholar.google.com/citations?view_op=view_citation&hl=en&user=sViyVfIAAAAJ&citation_for_view=sViyVfIAAAAJ:UebtZRa9Y70C",
      "authors": "T Nief, D Reber, S Richardson, A Holtzman",
      "venue": "arXiv preprint arXiv:2506.20746, 2025",
      "year": 2025,
      "citations": 0
    },
    {
      "title": "RATE: Causal Explainability of Reward Models with Imperfect Counterfactuals",
      "url": "https://scholar.google.com/citations?view_op=view_citation&hl=en&user=sViyVfIAAAAJ&citation_for_view=sViyVfIAAAAJ:UeHWp8X0CEIC",
      "authors": "D Reber, S Richardson, T Nief, C Garbacea, V Veitch",
      "venue": "arXiv preprint arXiv:2410.11348, 2024",
      "year": 2024,
      "citations": 3
    }
  ],
  "co_authors": []
}