{
  "author_info": {
    "name": "Junsoo Oh",
    "affiliation": "PhD Student, KAIST AI",
    "email_verified": "Verified email at kaist.ac.kr - Homepage",
    "website": "http://junsoo424.github.io/",
    "interests": [
      "Deep Learning Theory"
    ],
    "photo_url": "https://scholar.googleusercontent.com/citations?view_op=view_photo&user=jFsKvesAAAAJ&citpid=2"
  },
  "citation_stats": {
    "citations_all": 34,
    "citations_since_2020": 34,
    "h_index_all": 3,
    "h_index_since_2020": 3,
    "i10_index_all": 2,
    "i10_index_since_2020": 2,
    "citation_graph": [
      {
        "year": 2023,
        "citations": 4
      },
      {
        "year": 2024,
        "citations": 10
      },
      {
        "year": 2025,
        "citations": 20
      }
    ]
  },
  "papers": [
    {
      "title": "From Linear to Nonlinear: Provable Weak-to-Strong Generalization through Feature Learning",
      "url": "https://scholar.google.com/citations?view_op=view_citation&hl=en&user=jFsKvesAAAAJ&citation_for_view=jFsKvesAAAAJ:ufrVoPGSRksC",
      "authors": "J Oh, J Song, C Yun",
      "venue": "NeurIPS 2025 (arXiv:2510.24812), 2025",
      "year": 2025,
      "citations": 1
    },
    {
      "title": "Mamba Can Learn Low-Dimensional Targets In-Context via Test-Time Feature Learning",
      "url": "https://scholar.google.com/citations?view_op=view_citation&hl=en&user=jFsKvesAAAAJ&citation_for_view=jFsKvesAAAAJ:UebtZRa9Y70C",
      "authors": "J Oh, W Huang, T Suzuki",
      "venue": "arXiv preprint arXiv:2510.12026, 2025",
      "year": 2025,
      "citations": 0
    },
    {
      "title": "Provable Benefit of Cutout and CutMix for Feature Learning",
      "url": "https://scholar.google.com/citations?view_op=view_citation&hl=en&user=jFsKvesAAAAJ&citation_for_view=jFsKvesAAAAJ:W7OEmFMy1HYC",
      "authors": "J Oh, C Yun",
      "venue": "NeurIPS 2024 (arXiv:2410.23672), 2024",
      "year": 2024,
      "citations": 14
    },
    {
      "title": "DASH: Warm-Starting Neural Network Training in Stationary Settings without Loss of Plasticity",
      "url": "https://scholar.google.com/citations?view_op=view_citation&hl=en&user=jFsKvesAAAAJ&citation_for_view=jFsKvesAAAAJ:eQOLeE2rZwMC",
      "authors": "B Shin, J Oh, H Cho, C Yun",
      "venue": "NeurIPS 2024 (arXiv:2410.23495), 2024",
      "year": 2024,
      "citations": 6
    },
    {
      "title": "Provable Benefit of Mixup for Finding Optimal Decision Boundaries",
      "url": "https://scholar.google.com/citations?view_op=view_citation&hl=en&user=jFsKvesAAAAJ&citation_for_view=jFsKvesAAAAJ:IjCSPb-OGe4C",
      "authors": "J Oh, C Yun",
      "venue": "ICML 2023 (arXiv:2306.00267), 2023",
      "year": 2023,
      "citations": 13
    }
  ],
  "co_authors": [
    {
      "name": "Chulhee Yun",
      "scholar_id": "Ukl64ggAAAAJ",
      "url": "https://scholar.google.com/citations?user=Ukl64ggAAAAJ"
    },
    {
      "name": "Baekrok Shin",
      "scholar_id": "b4lF3cEAAAAJ",
      "url": "https://scholar.google.com/citations?user=b4lF3cEAAAAJ"
    },
    {
      "name": "Hanseul Cho",
      "scholar_id": "IczOXwsAAAAJ",
      "url": "https://scholar.google.com/citations?user=IczOXwsAAAAJ"
    },
    {
      "name": "Wei Huang",
      "scholar_id": "RZfDh4MAAAAJ",
      "url": "https://scholar.google.com/citations?user=RZfDh4MAAAAJ"
    }
  ]
}