{
  "author_info": {
    "name": "Saksham Singhal",
    "affiliation": "Microsoft",
    "email_verified": "Verified email at microsoft.com",
    "interests": [
      "NLP",
      "Large Scale Modeling",
      "Multimodal"
    ],
    "photo_url": "https://scholar.googleusercontent.com/citations?view_op=view_photo&user=lKABSfAAAAAJ&citpid=3"
  },
  "citation_stats": {
    "citations_all": 3428,
    "citations_since_2020": 3424,
    "h_index_all": 15,
    "h_index_since_2020": 15,
    "i10_index_all": 15,
    "i10_index_since_2020": 15,
    "citation_graph": [
      {
        "year": 2020,
        "citations": 12
      },
      {
        "year": 2021,
        "citations": 88
      },
      {
        "year": 2022,
        "citations": 277
      },
      {
        "year": 2023,
        "citations": 863
      },
      {
        "year": 2024,
        "citations": 1104
      },
      {
        "year": 2025,
        "citations": 1067
      }
    ]
  },
  "papers": [
    {
      "title": "Phi-4-mini technical report: Compact yet powerful multimodal language models via mixture-of-loras",
      "url": "https://scholar.google.com/citations?view_op=view_citation&hl=en&user=lKABSfAAAAAJ&citation_for_view=lKABSfAAAAAJ:M3ejUd6NZC8C",
      "authors": "A Abouelenin, A Ashfaq, A Atkinson, H Awadalla, N Bach, J Bao, ...",
      "venue": "arXiv preprint arXiv:2503.01743, 2025",
      "year": 2025,
      "citations": 164
    },
    {
      "title": "Informational grounding with respect to a generative model",
      "url": "https://scholar.google.com/citations?view_op=view_citation&hl=en&user=lKABSfAAAAAJ&citation_for_view=lKABSfAAAAAJ:qxL8FJ1GzNcC",
      "authors": "Z Liu, S SINGHAL, X Song, R Lal",
      "venue": "US Patent App. 19/012,830, 2025",
      "year": 2025,
      "citations": 0
    },
    {
      "title": "Enhancing Multimedia Content Analysis: A Unified Method for Video and Audio Summarization.",
      "url": "https://scholar.google.com/citations?view_op=view_citation&hl=en&user=lKABSfAAAAAJ&citation_for_view=lKABSfAAAAAJ:aqlVkmm33-oC",
      "authors": "J Gonsalves, A Nagmote, S Singhal",
      "venue": "Grenze International Journal of Engineering & Technology (GIJET) 11, 2025",
      "year": 2025,
      "citations": 0
    },
    {
      "title": "On the adaptation of unlimiformer for decoder-only transformers",
      "url": "https://scholar.google.com/citations?view_op=view_citation&hl=en&user=lKABSfAAAAAJ&citation_for_view=lKABSfAAAAAJ:Zph67rFs4hoC",
      "authors": "K Ahrabian, A Benhaim, B Patra, J Pujara, S Singhal, X Song",
      "venue": "arXiv preprint arXiv:2410.01637, 2024",
      "year": 2024,
      "citations": 1
    },
    {
      "title": "Image as a foreign language: Beit pretraining for vision and vision-language tasks",
      "url": "https://scholar.google.com/citations?view_op=view_citation&hl=en&user=lKABSfAAAAAJ&citation_for_view=lKABSfAAAAAJ:3fE2CSJIrl8C",
      "authors": "W Wang, H Bao, L Dong, J Bjorck, Z Peng, Q Liu, K Aggarwal, ...",
      "venue": "Proceedings of the IEEE/CVF Conference on Computer Vision and Pattern …, 2023",
      "year": 2023,
      "citations": 1248
    },
    {
      "title": "Language is not all you need: Aligning perception with language models",
      "url": "https://scholar.google.com/citations?view_op=view_citation&hl=en&user=lKABSfAAAAAJ&citation_for_view=lKABSfAAAAAJ:UebtZRa9Y70C",
      "authors": "S Huang, L Dong, W Wang, Y Hao, S Singhal, S Ma, T Lv, L Cui, ...",
      "venue": "Advances in Neural Information Processing Systems 36, 72096-72109, 2023",
      "year": 2023,
      "citations": 807
    },
    {
      "title": "Magneto: A foundation transformer",
      "url": "https://scholar.google.com/citations?view_op=view_citation&hl=en&user=lKABSfAAAAAJ&citation_for_view=lKABSfAAAAAJ:kNdYIx-mwKoC",
      "authors": "H Wang, S Ma, S Huang, L Dong, W Wang, Z Peng, Y Wu, P Bajaj, ...",
      "venue": "International conference on machine learning, 36077-36092, 2023",
      "year": 2023,
      "citations": 60
    },
    {
      "title": "Beyond English-centric bitexts for better multilingual language representation learning",
      "url": "https://scholar.google.com/citations?view_op=view_citation&hl=en&user=lKABSfAAAAAJ&citation_for_view=lKABSfAAAAAJ:_FxGoFyzp5QC",
      "authors": "B Patra, S Singhal, S Huang, Z Chi, L Dong, F Wei, V Chaudhary, X Song",
      "venue": "Proceedings of the 61st Annual Meeting of the Association for Computational …, 2023",
      "year": 2023,
      "citations": 25
    },
    {
      "title": "Bootstrapping a high quality multilingual multimodal dataset for Bletchley",
      "url": "https://scholar.google.com/citations?view_op=view_citation&hl=en&user=lKABSfAAAAAJ&citation_for_view=lKABSfAAAAAJ:0EnyYjriUFMC",
      "authors": "OK Mohammed, K Aggarwal, Q Liu, S Singhal, J Bjorck, S Som",
      "venue": "Asian Conference on Machine Learning, 738-753, 2023",
      "year": 2023,
      "citations": 4
    },
    {
      "title": "XLM-E: Cross-lingual language model pre-training via ELECTRA",
      "url": "https://scholar.google.com/citations?view_op=view_citation&hl=en&user=lKABSfAAAAAJ&citation_for_view=lKABSfAAAAAJ:UeHWp8X0CEIC",
      "authors": "Z Chi, S Huang, L Dong, S Ma, B Zheng, S Singhal, P Bajaj, X Song, ...",
      "venue": "Proceedings of the 60th annual meeting of the association for computational …, 2022",
      "year": 2022,
      "citations": 152
    },
    {
      "title": "On the representation collapse of sparse mixture of experts",
      "url": "https://scholar.google.com/citations?view_op=view_citation&hl=en&user=lKABSfAAAAAJ&citation_for_view=lKABSfAAAAAJ:Y0pCki6q_DkC",
      "authors": "Z Chi, L Dong, S Huang, D Dai, S Ma, B Patra, S Singhal, P Bajaj, X Song, ...",
      "venue": "Advances in Neural Information Processing Systems 35, 34600-34613, 2022",
      "year": 2022,
      "citations": 142
    },
    {
      "title": "Subhojit Som, and Furu Wei. 2022b",
      "url": "https://scholar.google.com/citations?view_op=view_citation&hl=en&user=lKABSfAAAAAJ&citation_for_view=lKABSfAAAAAJ:4TOpqqG69KYC",
      "authors": "W Wang, H Bao, L Dong, J Bjorck, Z Peng, Q Liu, K Aggarwal, ...",
      "venue": "Image as a foreign language: Beit pretraining for all vision and …, 2022",
      "year": 2022,
      "citations": 48
    },
    {
      "title": "InfoXLM: An information-theoretic framework for cross-lingual language model pre-training",
      "url": "https://scholar.google.com/citations?view_op=view_citation&hl=en&user=lKABSfAAAAAJ&citation_for_view=lKABSfAAAAAJ:u-x6o8ySG0sC",
      "authors": "Z Chi, L Dong, F Wei, N Yang, S Singhal, W Wang, X Song, XL Mao, ...",
      "venue": "Proceedings of the 2021 Conference of the North American Chapter of the …, 2021",
      "year": 2021,
      "citations": 436
    },
    {
      "title": "mT6: Multilingual pretrained text-to-text transformer with translation pairs",
      "url": "https://scholar.google.com/citations?view_op=view_citation&hl=en&user=lKABSfAAAAAJ&citation_for_view=lKABSfAAAAAJ:Se3iqnhoufwC",
      "authors": "Z Chi, L Dong, S Ma, S Huang, S Singhal, XL Mao, H Huang, X Song, ...",
      "venue": "arXiv preprint arXiv:2104.08692, 2021",
      "year": 2021,
      "citations": 94
    },
    {
      "title": "Deltalm: Encoder-decoder pre-training for language generation and translation by augmenting pretrained multilingual encoders",
      "url": "https://scholar.google.com/citations?view_op=view_citation&hl=en&user=lKABSfAAAAAJ&citation_for_view=lKABSfAAAAAJ:qjMakFHDy7sC",
      "authors": "S Ma, L Dong, S Huang, D Zhang, A Muzio, S Singhal, HH Awadalla, ...",
      "venue": "arXiv preprint arXiv:2106.13736, 2021",
      "year": 2021,
      "citations": 78
    },
    {
      "title": "Consistency regularization for cross-lingual fine-tuning",
      "url": "https://scholar.google.com/citations?view_op=view_citation&hl=en&user=lKABSfAAAAAJ&citation_for_view=lKABSfAAAAAJ:2osOgNQ5qMEC",
      "authors": "B Zheng, L Dong, S Huang, W Wang, Z Chi, S Singhal, W Che, T Liu, ...",
      "venue": "arXiv preprint arXiv:2106.08226, 2021",
      "year": 2021,
      "citations": 57
    },
    {
      "title": "Multilingual machine translation systems from Microsoft for WMT21 shared task",
      "url": "https://scholar.google.com/citations?view_op=view_citation&hl=en&user=lKABSfAAAAAJ&citation_for_view=lKABSfAAAAAJ:Tyk-4Ss8FVUC",
      "authors": "J Yang, S Ma, H Huang, D Zhang, L Dong, S Huang, A Muzio, S Singhal, ...",
      "venue": "arXiv preprint arXiv:2111.02086, 2021",
      "year": 2021,
      "citations": 43
    },
    {
      "title": "Allocating large vocabulary capacity for cross-lingual language model pre-training",
      "url": "https://scholar.google.com/citations?view_op=view_citation&hl=en&user=lKABSfAAAAAJ&citation_for_view=lKABSfAAAAAJ:IjCSPb-OGe4C",
      "authors": "B Zheng, L Dong, S Huang, S Singhal, W Che, T Liu, X Song, F Wei",
      "venue": "arXiv preprint arXiv:2109.07306, 2021",
      "year": 2021,
      "citations": 31
    },
    {
      "title": "Xlm-t: Scaling up multilingual machine translation with pretrained cross-lingual transformer encoders",
      "url": "https://scholar.google.com/citations?view_op=view_citation&hl=en&user=lKABSfAAAAAJ&citation_for_view=lKABSfAAAAAJ:d1gkVwhDpl0C",
      "authors": "S Ma, J Yang, H Huang, Z Chi, L Dong, D Zhang, HH Awadalla, A Muzio, ...",
      "venue": "arXiv preprint arXiv:2012.15547, 2020",
      "year": 2020,
      "citations": 36
    },
    {
      "title": "Dispersion based similarity for mining similar papers in citation network",
      "url": "https://scholar.google.com/citations?view_op=view_citation&hl=en&user=lKABSfAAAAAJ&citation_for_view=lKABSfAAAAAJ:9yKSN-GCB0IC",
      "authors": "S Singhal, V Pudi",
      "venue": "2015 IEEE International Conference on Data Mining Workshop (ICDMW), 524-531, 2015",
      "year": 2015,
      "citations": 2
    }
  ],
  "co_authors": [
    {
      "name": "Li Dong",
      "scholar_id": "wEfQgPgAAAAJ",
      "url": "https://scholar.google.com/citations?user=wEfQgPgAAAAJ"
    },
    {
      "name": "Furu Wei",
      "scholar_id": "G-V1VpwAAAAJ",
      "url": "https://scholar.google.com/citations?user=G-V1VpwAAAAJ"
    }
  ]
}