{
  "author_info": {
    "name": "Ziyang Xiao",
    "affiliation": "Ph.D. student in Computer Science at Zhejiang University",
    "email_verified": "Verified email at zju.edu.cn",
    "interests": [
      "Large Language Model for Operations Research"
    ],
    "photo_url": "https://scholar.googleusercontent.com/citations?view_op=view_photo&user=uSb7TOAAAAAJ&citpid=4"
  },
  "citation_stats": {
    "citations_all": 161,
    "citations_since_2020": 161,
    "h_index_all": 5,
    "h_index_since_2020": 5,
    "i10_index_all": 2,
    "i10_index_since_2020": 2,
    "citation_graph": [
      {
        "year": 2023,
        "citations": 2
      },
      {
        "year": 2024,
        "citations": 40
      },
      {
        "year": 2025,
        "citations": 119
      }
    ]
  },
  "papers": [
    {
      "title": "A survey of optimization modeling meets llms: Progress and future directions",
      "url": "https://scholar.google.com/citations?view_op=view_citation&hl=en&user=uSb7TOAAAAAJ&citation_for_view=uSb7TOAAAAAJ:zYLM7Y9cAGgC",
      "authors": "Z Xiao, J Xie, L Xu, S Guan, J Zhu, X Han, X Fu, WY Yu, H Wu, W Shi, ...",
      "venue": "arXiv preprint arXiv:2508.10047, 2025",
      "year": 2025,
      "citations": 3
    },
    {
      "title": "Enhancing llm reasoning via vision-augmented prompting",
      "url": "https://scholar.google.com/citations?view_op=view_citation&hl=en&user=uSb7TOAAAAAJ&citation_for_view=uSb7TOAAAAAJ:IjCSPb-OGe4C",
      "authors": "Z Xiao, D Zhang, X Han, X Fu, WY Yu, T Zhong, S Wu, Y Wang, J Yin, ...",
      "venue": "Advances in Neural Information Processing Systems 37, 28772-28797, 2024",
      "year": 2024,
      "citations": 8
    },
    {
      "title": "PREACT: Predictive Resource Allocation for Bursty Workloads in a Co-located Data Center",
      "url": "https://scholar.google.com/citations?view_op=view_citation&hl=en&user=uSb7TOAAAAAJ&citation_for_view=uSb7TOAAAAAJ:UeHWp8X0CEIC",
      "authors": "D Yang, Z Xiao, D Zhang, S Zhang, J Cao, G Chen",
      "venue": "Proceedings of the 53rd International Conference on Parallel Processing, 722-731, 2024",
      "year": 2024,
      "citations": 3
    },
    {
      "title": "Chain-of-experts: When llms meet complex operations research problems",
      "url": "https://scholar.google.com/citations?view_op=view_citation&hl=en&user=uSb7TOAAAAAJ&citation_for_view=uSb7TOAAAAAJ:qjMakFHDy7sC",
      "authors": "Z Xiao, D Zhang, Y Wu, L Xu, YJ Wang, X Han, X Fu, T Zhong, J Zeng, ...",
      "venue": "The twelfth international conference on learning representations, 2023",
      "year": 2023,
      "citations": 115
    },
    {
      "title": "Neural TSP solver with progressive distillation",
      "url": "https://scholar.google.com/citations?view_op=view_citation&hl=en&user=uSb7TOAAAAAJ&citation_for_view=uSb7TOAAAAAJ:9yKSN-GCB0IC",
      "authors": "D Zhang, Z Xiao, Y Wang, M Song, G Chen",
      "venue": "Proceedings of the AAAI Conference on Artificial Intelligence 37 (10), 12147 …, 2023",
      "year": 2023,
      "citations": 20
    },
    {
      "title": "A deep reinforcement learning agent for geometry online tutoring",
      "url": "https://scholar.google.com/citations?view_op=view_citation&hl=en&user=uSb7TOAAAAAJ&citation_for_view=uSb7TOAAAAAJ:d1gkVwhDpl0C",
      "authors": "Z Xiao, D Zhang",
      "venue": "Knowledge and Information Systems 65 (4), 1611-1625, 2023",
      "year": 2023,
      "citations": 7
    },
    {
      "title": "DoveDB: A Declarative and Low-Latency Video Database",
      "url": "https://scholar.google.com/citations?view_op=view_citation&hl=en&user=uSb7TOAAAAAJ&citation_for_view=uSb7TOAAAAAJ:2osOgNQ5qMEC",
      "authors": "Z Xiao, D Zhang, Z Li, S Wu, KL Tan, G Chen",
      "venue": "Proceedings of the VLDB Endowment 16 (12), 3906-3909, 2023",
      "year": 2023,
      "citations": 5
    }
  ],
  "co_authors": []
}