{
  "author_info": {
    "name": "Jannik Thümmel",
    "affiliation": "University of Tübingen",
    "email_verified": "Verified email at uni-tuebingen.de",
    "interests": [
      "self-supervised learning",
      "weather forecasting"
    ],
    "photo_url": "/citations/images/avatar_scholar_128.png"
  },
  "citation_stats": {
    "citations_all": 40,
    "citations_since_2020": 40,
    "h_index_all": 3,
    "h_index_since_2020": 3,
    "i10_index_all": 1,
    "i10_index_since_2020": 1,
    "citation_graph": [
      {
        "year": 2022,
        "citations": 1
      },
      {
        "year": 2023,
        "citations": 10
      },
      {
        "year": 2024,
        "citations": 14
      },
      {
        "year": 2025,
        "citations": 15
      }
    ]
  },
  "papers": [
    {
      "title": "Fault Detection in Solar Thermal Systems using Probabilistic Reconstructions",
      "url": "https://scholar.google.com/citations?view_op=view_citation&hl=en&user=FW1JmIQAAAAJ&citation_for_view=FW1JmIQAAAAJ:Y0pCki6q_DkC",
      "authors": "F Ebmeier, N Ludwig, J Thuemmel, G Martius, VH Franz",
      "venue": "arXiv preprint arXiv:2511.10296, 2025",
      "year": 2025,
      "citations": 0
    },
    {
      "title": "A Hybrid Deep-Learning Model for El Ni\\~ no Southern Oscillation in the Low-Data Regime",
      "url": "https://scholar.google.com/citations?view_op=view_citation&hl=en&user=FW1JmIQAAAAJ&citation_for_view=FW1JmIQAAAAJ:YsMSGLbcyi4C",
      "authors": "J Schlör, M Newman, J Thuemmel, A Capotondi, B Goswami",
      "venue": "arXiv preprint arXiv:2412.03743, 2024",
      "year": 2024,
      "citations": 5
    },
    {
      "title": "Conditioning Deep Learning Weather Prediction Models On Exogenous Fields",
      "url": "https://scholar.google.com/citations?view_op=view_citation&hl=en&user=FW1JmIQAAAAJ&citation_for_view=FW1JmIQAAAAJ:zYLM7Y9cAGgC",
      "authors": "S Hoffmann, J Thümmel, B Goswami",
      "venue": "EGU General Assembly Conference Abstracts, 17165, 2024",
      "year": 2024,
      "citations": 0
    },
    {
      "title": "Identifying Windows of Opportunity in Deep Learning Weather Models",
      "url": "https://scholar.google.com/citations?view_op=view_citation&hl=en&user=FW1JmIQAAAAJ&citation_for_view=FW1JmIQAAAAJ:d1gkVwhDpl0C",
      "authors": "B Goswami, J Thuemmel, D Banciu",
      "venue": "European Geosciences Union General Assembly 2024, 2024",
      "year": 2024,
      "citations": 0
    },
    {
      "title": "Inductive biases in deep learning models for weather prediction",
      "url": "https://scholar.google.com/citations?view_op=view_citation&hl=en&user=FW1JmIQAAAAJ&citation_for_view=FW1JmIQAAAAJ:W7OEmFMy1HYC",
      "authors": "J Thuemmel, M Karlbauer, S Otte, C Zarfl, G Martius, N Ludwig, ...",
      "venue": "arXiv preprint arXiv:2304.04664, 2023",
      "year": 2023,
      "citations": 7
    },
    {
      "title": "Sub-seasonal to seasonal forecasts through self-supervised learning (Proposals Track)",
      "url": "https://scholar.google.com/citations?view_op=view_citation&hl=en&user=FW1JmIQAAAAJ&citation_for_view=FW1JmIQAAAAJ:qjMakFHDy7sC",
      "authors": "J Thuemmel, F Strnad, J Schlör, MV Butz, B Goswami",
      "venue": "ICLR 2023 Workshop on Tackling Climate Change with Machine Learning, 2023",
      "year": 2023,
      "citations": 0
    },
    {
      "title": "Learning what and where: Disentangling location and identity tracking without supervision",
      "url": "https://scholar.google.com/citations?view_op=view_citation&hl=en&user=FW1JmIQAAAAJ&citation_for_view=FW1JmIQAAAAJ:9yKSN-GCB0IC",
      "authors": "M Traub, S Otte, T Menge, M Karlbauer, J Thuemmel, MV Butz",
      "venue": "arXiv preprint arXiv:2205.13349, 2022",
      "year": 2022,
      "citations": 28
    }
  ],
  "co_authors": [
    {
      "name": "Bedartha Goswami",
      "scholar_id": "GG--jpsAAAAJ",
      "url": "https://scholar.google.com/citations?user=GG--jpsAAAAJ"
    }
  ]
}