{
  "author_info": {
    "name": "Anqi Li",
    "affiliation": "University of Washington",
    "email_verified": "Verified email at cs.washington.edu - Homepage",
    "website": "http://anqili.github.io/",
    "interests": [],
    "photo_url": "https://scholar.googleusercontent.com/citations?view_op=view_photo&user=HG08FCMAAAAJ&citpid=1"
  },
  "citation_stats": {
    "citations_all": 974,
    "citations_since_2020": 957,
    "h_index_all": 17,
    "h_index_since_2020": 16,
    "i10_index_all": 18,
    "i10_index_since_2020": 18,
    "citation_graph": [
      {
        "year": 2019,
        "citations": 14
      },
      {
        "year": 2020,
        "citations": 44
      },
      {
        "year": 2021,
        "citations": 59
      },
      {
        "year": 2022,
        "citations": 72
      },
      {
        "year": 2023,
        "citations": 127
      },
      {
        "year": 2024,
        "citations": 198
      },
      {
        "year": 2025,
        "citations": 455
      }
    ]
  },
  "papers": [
    {
      "title": "Cosmos world foundation model platform for physical ai",
      "url": "https://scholar.google.com/citations?view_op=view_citation&hl=en&user=HG08FCMAAAAJ&citation_for_view=HG08FCMAAAAJ:dhFuZR0502QC",
      "authors": "N Agarwal, A Ali, M Bala, Y Balaji, E Barker, T Cai, P Chattopadhyay, ...",
      "venue": "arXiv preprint arXiv:2501.03575, 2025",
      "year": 2025,
      "citations": 261
    },
    {
      "title": "Hamster: Hierarchical action models for open-world robot manipulation",
      "url": "https://scholar.google.com/citations?view_op=view_citation&hl=en&user=HG08FCMAAAAJ&citation_for_view=HG08FCMAAAAJ:QIV2ME_5wuYC",
      "authors": "Y Li, Y Deng, J Zhang, J Jang, M Memmel, R Yu, CR Garrett, F Ramos, ...",
      "venue": "arXiv preprint arXiv:2502.05485, 2025",
      "year": 2025,
      "citations": 52
    },
    {
      "title": "TerrainNet: Visual Modeling of Complex Terrain for High-speed, Off-road Navigation",
      "url": "https://scholar.google.com/citations?view_op=view_citation&hl=en&user=HG08FCMAAAAJ&citation_for_view=HG08FCMAAAAJ:ULOm3_A8WrAC",
      "authors": "X Meng, N Hatch, A Lambert, A Li, N Wagener, M Schmittle, JH Lee, ...",
      "venue": "arXiv preprint arXiv:2303.15771, 2023",
      "year": 2023,
      "citations": 80
    },
    {
      "title": "Composable energy policies for reactive motion generation and reinforcement learning",
      "url": "https://scholar.google.com/citations?view_op=view_citation&hl=en&user=HG08FCMAAAAJ&citation_for_view=HG08FCMAAAAJ:hqOjcs7Dif8C",
      "authors": "J Urain, A Li, P Liu, C D’Eramo, J Peters",
      "venue": "The International Journal of Robotics Research 42 (10), 827-858, 2023",
      "year": 2023,
      "citations": 37
    },
    {
      "title": "Model Predictive Control for Aggressive Driving Over Uneven Terrain",
      "url": "https://scholar.google.com/citations?view_op=view_citation&hl=en&user=HG08FCMAAAAJ&citation_for_view=HG08FCMAAAAJ:aqlVkmm33-oC",
      "authors": "T Han, A Liu, A Li, A Spitzer, G Shi, B Boots",
      "venue": "arXiv preprint arXiv:2311.12284, 2023",
      "year": 2023,
      "citations": 33
    },
    {
      "title": "Survival instinct in offline reinforcement learning",
      "url": "https://scholar.google.com/citations?view_op=view_citation&hl=en&user=HG08FCMAAAAJ&citation_for_view=HG08FCMAAAAJ:YOwf2qJgpHMC",
      "authors": "A Li, D Misra, A Kolobov, CA Cheng",
      "venue": "Advances in neural information processing systems 36, 62062-62120, 2023",
      "year": 2023,
      "citations": 27
    },
    {
      "title": "Mahalo: Unifying offline reinforcement learning and imitation learning from observations",
      "url": "https://scholar.google.com/citations?view_op=view_citation&hl=en&user=HG08FCMAAAAJ&citation_for_view=HG08FCMAAAAJ:KlAtU1dfN6UC",
      "authors": "A Li, B Boots, CA Cheng",
      "venue": "International Conference on Machine Learning, 19360-19384, 2023",
      "year": 2023,
      "citations": 26
    },
    {
      "title": "Geometric fabrics: Generalizing classical mechanics to capture the physics of behavior",
      "url": "https://scholar.google.com/citations?view_op=view_citation&hl=en&user=HG08FCMAAAAJ&citation_for_view=HG08FCMAAAAJ:8k81kl-MbHgC",
      "authors": "K Van Wyk, M Xie, A Li, MA Rana, B Babich, B Peele, Q Wan, I Akinola, ...",
      "venue": "IEEE Robotics and Automation Letters 7 (2), 3202-3209, 2022",
      "year": 2022,
      "citations": 57
    },
    {
      "title": "Generalized nonlinear and finsler geometry for robotics",
      "url": "https://scholar.google.com/citations?view_op=view_citation&hl=en&user=HG08FCMAAAAJ&citation_for_view=HG08FCMAAAAJ:ufrVoPGSRksC",
      "authors": "ND Ratliff, K Van Wyk, M Xie, A Li, MA Rana",
      "venue": "2021 IEEE International Conference on Robotics and Automation (ICRA), 10206 …, 2021",
      "year": 2021,
      "citations": 33
    },
    {
      "title": "RMP2: A Structured Composable Policy Class for Robot Learning",
      "url": "https://scholar.google.com/citations?view_op=view_citation&hl=en&user=HG08FCMAAAAJ&citation_for_view=HG08FCMAAAAJ:Se3iqnhoufwC",
      "authors": "A Li, CA Cheng, MA Rana, M Xie, K Van Wyk, N Ratliff, B Boots",
      "venue": "arXiv preprint arXiv:2103.05922, 2021",
      "year": 2021,
      "citations": 23
    },
    {
      "title": "Towards Coordinated Robot Motions: End-to-End Learning of Motion Policies on Transform Trees",
      "url": "https://scholar.google.com/citations?view_op=view_citation&hl=en&user=HG08FCMAAAAJ&citation_for_view=HG08FCMAAAAJ:roLk4NBRz8UC",
      "authors": "MA Rana, A Li, D Fox, S Chernova, B Boots, N Ratliff",
      "venue": "2021 IEEE/RSJ International Conference on Intelligent Robots and Systems …, 2021",
      "year": 2021,
      "citations": 9
    },
    {
      "title": "Euclideanizing flows: Diffeomorphic reduction for learning stable dynamical systems",
      "url": "https://scholar.google.com/citations?view_op=view_citation&hl=en&user=HG08FCMAAAAJ&citation_for_view=HG08FCMAAAAJ:YsMSGLbcyi4C",
      "authors": "MA Rana, A Li, D Fox, B Boots, F Ramos, N Ratliff",
      "venue": "Learning for Dynamics and Control, 630-639, 2020",
      "year": 2020,
      "citations": 85
    },
    {
      "title": "Learning reactive motion policies in multiple task spaces from human demonstrations",
      "url": "https://scholar.google.com/citations?view_op=view_citation&hl=en&user=HG08FCMAAAAJ&citation_for_view=HG08FCMAAAAJ:W7OEmFMy1HYC",
      "authors": "MA Rana, A Li, H Ravichandar, M Mukadam, S Chernova, D Fox, B Boots, ...",
      "venue": "Conference on Robot Learning, 1457-1468, 2020",
      "year": 2020,
      "citations": 32
    },
    {
      "title": "Geometric Fabrics for the Acceleration-based Design of Robotic Motion",
      "url": "https://scholar.google.com/citations?view_op=view_citation&hl=en&user=HG08FCMAAAAJ&citation_for_view=HG08FCMAAAAJ:_FxGoFyzp5QC",
      "authors": "M Xie, K Van Wyk, A Li, MA Rana, Q Wan, D Fox, B Boots, N Ratliff",
      "venue": "arXiv preprint arXiv:2010.14750, 2020",
      "year": 2020,
      "citations": 30
    },
    {
      "title": "Optimization fabrics",
      "url": "https://scholar.google.com/citations?view_op=view_citation&hl=en&user=HG08FCMAAAAJ&citation_for_view=HG08FCMAAAAJ:LkGwnXOMwfcC",
      "authors": "ND Ratliff, K Van Wyk, M Xie, A Li, MA Rana",
      "venue": "arXiv preprint arXiv:2008.02399, 2020",
      "year": 2020,
      "citations": 25
    },
    {
      "title": "A Sequential Composition Framework for Coordinating Multirobot Behaviors",
      "url": "https://scholar.google.com/citations?view_op=view_citation&hl=en&user=HG08FCMAAAAJ&citation_for_view=HG08FCMAAAAJ:d1gkVwhDpl0C",
      "authors": "P Pierpaoli, A Li, M Srinivasan, X Cai, S Coogan, M Egerstedt",
      "venue": "IEEE Transactions on Robotics 37 (3), 864-876, 2020",
      "year": 2020,
      "citations": 22
    },
    {
      "title": "Multi-Objective Policy Generation for Multi-Robot Systems Using Riemannian Motion Policies",
      "url": "https://scholar.google.com/citations?view_op=view_citation&hl=en&user=HG08FCMAAAAJ&citation_for_view=HG08FCMAAAAJ:IjCSPb-OGe4C",
      "authors": "A Li, M Mukadam, M Egerstedt, B Boots",
      "venue": "arXiv preprint arXiv:1902.05177, 2019",
      "year": 2019,
      "citations": 17
    },
    {
      "title": "Stable, concurrent controller composition for multi-objective robotic tasks",
      "url": "https://scholar.google.com/citations?view_op=view_citation&hl=en&user=HG08FCMAAAAJ&citation_for_view=HG08FCMAAAAJ:qjMakFHDy7sC",
      "authors": "A Li, CA Cheng, B Boots, M Egerstedt",
      "venue": "2019 IEEE 58th Conference on Decision and Control (CDC), 1144-1151, 2019",
      "year": 2019,
      "citations": 14
    },
    {
      "title": "Inferring and Learning Multi-Robot Policies by Observing an Expert",
      "url": "https://scholar.google.com/citations?view_op=view_citation&hl=en&user=HG08FCMAAAAJ&citation_for_view=HG08FCMAAAAJ:Tyk-4Ss8FVUC",
      "authors": "P Pierpaoli, H Ravichandar, N Waytowich, A Li, D Asher, M Egerstedt",
      "venue": "arXiv preprint arXiv:1909.07887, 2019",
      "year": 2019,
      "citations": 7
    },
    {
      "title": "Formally correct composition of coordinated behaviors using control barrier certificates",
      "url": "https://scholar.google.com/citations?view_op=view_citation&hl=en&user=HG08FCMAAAAJ&citation_for_view=HG08FCMAAAAJ:2osOgNQ5qMEC",
      "authors": "A Li, L Wang, P Pierpaoli, M Egerstedt",
      "venue": "2018 IEEE/RSJ International Conference on Intelligent Robots and Systems …, 2018",
      "year": 2018,
      "citations": 90
    }
  ],
  "co_authors": [
    {
      "name": "Byron Boots",
      "scholar_id": "kXB8FBoAAAAJ",
      "url": "https://scholar.google.com/citations?user=kXB8FBoAAAAJ"
    },
    {
      "name": "Nathan Ratliff",
      "scholar_id": "4bl7qAgAAAAJ",
      "url": "https://scholar.google.com/citations?user=4bl7qAgAAAAJ"
    },
    {
      "name": "Asif Rana",
      "scholar_id": "0dQzZH8AAAAJ",
      "url": "https://scholar.google.com/citations?user=0dQzZH8AAAAJ"
    },
    {
      "name": "Dieter Fox",
      "scholar_id": "DqXsbPAAAAAJ",
      "url": "https://scholar.google.com/citations?user=DqXsbPAAAAAJ"
    },
    {
      "name": "Karl Van Wyk",
      "scholar_id": "TCYAoF8AAAAJ",
      "url": "https://scholar.google.com/citations?user=TCYAoF8AAAAJ"
    },
    {
      "name": "Magnus Egerstedt",
      "scholar_id": "hYMvCbwAAAAJ",
      "url": "https://scholar.google.com/citations?user=hYMvCbwAAAAJ"
    },
    {
      "name": "Ching-An Cheng",
      "scholar_id": "bMZFLZ_V4goC",
      "url": "https://scholar.google.com/citations?user=bMZFLZ_V4goC"
    },
    {
      "name": "Fabio Ramos",
      "scholar_id": "T_mJiHoAAAAJ",
      "url": "https://scholar.google.com/citations?user=T_mJiHoAAAAJ"
    },
    {
      "name": "Pietro Pierpaoli",
      "scholar_id": "GcMwQBUAAAAJ",
      "url": "https://scholar.google.com/citations?user=GcMwQBUAAAAJ"
    },
    {
      "name": "Mustafa Mukadam",
      "scholar_id": "yYpm9LoAAAAJ",
      "url": "https://scholar.google.com/citations?user=yYpm9LoAAAAJ"
    },
    {
      "name": "Sonia Chernova",
      "scholar_id": "EYo_WkEAAAAJ",
      "url": "https://scholar.google.com/citations?user=EYo_WkEAAAAJ"
    },
    {
      "name": "Li Wang",
      "scholar_id": "8V_GaUoAAAAJ",
      "url": "https://scholar.google.com/citations?user=8V_GaUoAAAAJ"
    },
    {
      "name": "Harish Ravichandar",
      "scholar_id": "d2HP6SMAAAAJ",
      "url": "https://scholar.google.com/citations?user=d2HP6SMAAAAJ"
    },
    {
      "name": "Katia Sycara",
      "scholar_id": "VWv6a9kAAAAJ",
      "url": "https://scholar.google.com/citations?user=VWv6a9kAAAAJ"
    },
    {
      "name": "Samuel Coogan",
      "scholar_id": "mTf9sk8AAAAJ",
      "url": "https://scholar.google.com/citations?user=mTf9sk8AAAAJ"
    },
    {
      "name": "Mohit Srinivasan",
      "scholar_id": "mPN4BP0AAAAJ",
      "url": "https://scholar.google.com/citations?user=mPN4BP0AAAAJ"
    },
    {
      "name": "Wenhao Luo",
      "scholar_id": "9huOSj4AAAAJ",
      "url": "https://scholar.google.com/citations?user=9huOSj4AAAAJ"
    },
    {
      "name": "Sasanka Nagavalli",
      "scholar_id": "oJ0io1QAAAAJ",
      "url": "https://scholar.google.com/citations?user=oJ0io1QAAAAJ"
    },
    {
      "name": "Yuqing Tang",
      "scholar_id": "dm3LyggAAAAJ",
      "url": "https://scholar.google.com/citations?user=dm3LyggAAAAJ"
    },
    {
      "name": "Christian Lebiere",
      "scholar_id": "UWr1yg0AAAAJ",
      "url": "https://scholar.google.com/citations?user=UWr1yg0AAAAJ"
    }
  ]
}