{
  "author_info": {
    "name": "Shengji Tang",
    "affiliation": "CUHK & Fudan University & Shanghai AI Lab",
    "email_verified": "Verified email at m.fudan.edu.cn",
    "interests": [
      "machine learning",
      "model compression",
      "model design"
    ],
    "photo_url": "https://scholar.googleusercontent.com/citations?view_op=view_photo&user=K7drMDgAAAAJ&citpid=1"
  },
  "citation_stats": {
    "citations_all": 67,
    "citations_since_2020": 67,
    "h_index_all": 4,
    "h_index_since_2020": 4,
    "i10_index_all": 2,
    "i10_index_since_2020": 2,
    "citation_graph": [
      {
        "year": 2023,
        "citations": 4
      },
      {
        "year": 2024,
        "citations": 22
      },
      {
        "year": 2025,
        "citations": 40
      }
    ]
  },
  "papers": [
    {
      "title": "Stimulative training++: Go beyond the performance limits of residual networks",
      "url": "https://scholar.google.com/citations?view_op=view_citation&hl=en&user=K7drMDgAAAAJ&citation_for_view=K7drMDgAAAAJ:u-x6o8ySG0sC",
      "authors": "P Ye, T He, S Tang, B Li, T Chen, L Bai, W Ouyang",
      "venue": "IEEE Transactions on Pattern Analysis and Machine Intelligence, 2025",
      "year": 2025,
      "citations": 6
    },
    {
      "title": "Open-Source LLMs Collaboration Beats Closed-Source LLMs: A Scalable Multi-Agent System",
      "url": "https://scholar.google.com/citations?view_op=view_citation&hl=en&user=K7drMDgAAAAJ&citation_for_view=K7drMDgAAAAJ:W7OEmFMy1HYC",
      "authors": "S Tang, J Cao, W Lin, J Hong, B Zhang, S Hu, L Bai, T Chen, W Ouyang, ...",
      "venue": "arXiv preprint arXiv:2507.14200, 2025",
      "year": 2025,
      "citations": 3
    },
    {
      "title": "Wisdom of the Crowd: Reinforcement Learning from Coevolutionary Collective Feedback",
      "url": "https://scholar.google.com/citations?view_op=view_citation&hl=en&user=K7drMDgAAAAJ&citation_for_view=K7drMDgAAAAJ:eQOLeE2rZwMC",
      "authors": "W Yuan, S Tang, W Lin, J Ruan, G Cui, B Zhang, T Chen, T Liu, Y Fu, ...",
      "venue": "arXiv preprint arXiv:2508.12338, 2025",
      "year": 2025,
      "citations": 1
    },
    {
      "title": "CTTS: Collective Test-Time Scaling",
      "url": "https://scholar.google.com/citations?view_op=view_citation&hl=en&user=K7drMDgAAAAJ&citation_for_view=K7drMDgAAAAJ:YsMSGLbcyi4C",
      "authors": "Z Song, S Tang, P Ye, J Fan, L Bai, T Chen, W Ouyang",
      "venue": "arXiv preprint arXiv:2508.03333, 2025",
      "year": 2025,
      "citations": 1
    },
    {
      "title": "DreamFrame: Enhancing Video Understanding via Automatically Generated QA and Style-Consistent Keyframes",
      "url": "https://scholar.google.com/citations?view_op=view_citation&hl=en&user=K7drMDgAAAAJ&citation_for_view=K7drMDgAAAAJ:zYLM7Y9cAGgC",
      "authors": "Z Song, C Wang, J Sheng, C Zhang, S Tang, J Fan, T Chen",
      "venue": "Proceedings of the 33rd ACM International Conference on Multimedia, 13030-13037, 2025",
      "year": 2025,
      "citations": 0
    },
    {
      "title": "WI3D: Weakly Incremental 3D Detection via Vision Foundation Models",
      "url": "https://scholar.google.com/citations?view_op=view_citation&hl=en&user=K7drMDgAAAAJ&citation_for_view=K7drMDgAAAAJ:Tyk-4Ss8FVUC",
      "authors": "M Li, S Chen, S Tang, H Zhu, Y Fang, X Chen, Z Li, F Yin, T Chen",
      "venue": "IEEE Transactions on Multimedia, 2025",
      "year": 2025,
      "citations": 0
    },
    {
      "title": "A Comprehensive Survey of LLM-Driven Collective Intelligence: Past, Present, and Future",
      "url": "https://scholar.google.com/citations?view_op=view_citation&hl=en&user=K7drMDgAAAAJ&citation_for_view=K7drMDgAAAAJ:WF5omc3nYNoC",
      "authors": "Y JIANG, S YANG, S TANG, S ZHENG, J CAO",
      "venue": "",
      "citations": 0,
      "year": 2025
    },
    {
      "title": "Hisplat: Hierarchical 3d gaussian splatting for generalizable sparse-view reconstruction",
      "url": "https://scholar.google.com/citations?view_op=view_citation&hl=en&user=K7drMDgAAAAJ&citation_for_view=K7drMDgAAAAJ:IjCSPb-OGe4C",
      "authors": "S Tang, W Ye, P Ye, W Lin, Y Zhou, T Chen, W Ouyang",
      "venue": "The Thirteenth International Conference on Learning Representations, 2024",
      "year": 2024,
      "citations": 29
    },
    {
      "title": "Enhanced sparsification via stimulative training",
      "url": "https://scholar.google.com/citations?view_op=view_citation&hl=en&user=K7drMDgAAAAJ&citation_for_view=K7drMDgAAAAJ:9yKSN-GCB0IC",
      "authors": "S Tang, W Lin, H Ye, P Ye, C Yu, B Li, T Chen",
      "venue": "The 18th European Conference on Computer Vision ECCV 2024, 2024",
      "year": 2024,
      "citations": 3
    },
    {
      "title": "Multi-dimensional Search with Strip Convolution and R-Squared Loss for Lane Detection",
      "url": "https://scholar.google.com/citations?view_op=view_citation&hl=en&user=K7drMDgAAAAJ&citation_for_view=K7drMDgAAAAJ:2osOgNQ5qMEC",
      "authors": "Z Lin, P Ye, T Chen, S Tang",
      "venue": "2024 International Joint Conference on Neural Networks (IJCNN), 1-8, 2024",
      "year": 2024,
      "citations": 1
    },
    {
      "title": "S2HPruner: Soft-to-Hard Distillation Bridges the Discretization Gap in Pruning",
      "url": "https://scholar.google.com/citations?view_op=view_citation&hl=en&user=K7drMDgAAAAJ&citation_for_view=K7drMDgAAAAJ:UeHWp8X0CEIC",
      "authors": "W Lin, S Tang, C Yu, P Ye, T Chen",
      "venue": "The Thirty-Eighth Annual Conference on Neural Information Processing Systems, 2024",
      "year": 2024,
      "citations": 0
    },
    {
      "title": "Boosting residual networks with group knowledge",
      "url": "https://scholar.google.com/citations?view_op=view_citation&hl=en&user=K7drMDgAAAAJ&citation_for_view=K7drMDgAAAAJ:d1gkVwhDpl0C",
      "authors": "S Tang, P Ye, B Li, W Lin, T Chen, T He, C Yu, W Ouyang",
      "venue": "The 38th Annual AAAI Conference on Artificial Intelligence, 2023",
      "year": 2023,
      "citations": 6
    },
    {
      "title": "Stimulative Training of Residual Networks: A Social Psychology Perspective of Loafing",
      "url": "https://scholar.google.com/citations?view_op=view_citation&hl=en&user=K7drMDgAAAAJ&citation_for_view=K7drMDgAAAAJ:u5HHmVD_uO8C",
      "authors": "P Ye, S Tang, B Li, T Chen, W Ouyang",
      "venue": "Thirty-Sixth Conference on Neural Information Processing Systems, 2022",
      "year": 2022,
      "citations": 17
    }
  ],
  "co_authors": [
    {
      "name": "Chen Tao (陈涛)",
      "scholar_id": "w3OoFL0AAAAJ",
      "url": "https://scholar.google.com/citations?user=w3OoFL0AAAAJ"
    },
    {
      "name": "Wanli Ouyang (欧阳万里)",
      "scholar_id": "pw_0Z_UAAAAJ",
      "url": "https://scholar.google.com/citations?user=pw_0Z_UAAAAJ"
    },
    {
      "name": "Weihao Lin",
      "scholar_id": "k5MQpaIAAAAJ",
      "url": "https://scholar.google.com/citations?user=k5MQpaIAAAAJ"
    },
    {
      "name": "Baopu LI",
      "scholar_id": "OOY-4CwAAAAJ",
      "url": "https://scholar.google.com/citations?user=OOY-4CwAAAAJ"
    },
    {
      "name": "Lei Bai",
      "scholar_id": "sakOO04AAAAJ",
      "url": "https://scholar.google.com/citations?user=sakOO04AAAAJ"
    },
    {
      "name": "Chong Yu",
      "scholar_id": "gfeep90AAAAJ",
      "url": "https://scholar.google.com/citations?user=gfeep90AAAAJ"
    },
    {
      "name": "Tong He (贺通)",
      "scholar_id": "kWADCMUAAAAJ",
      "url": "https://scholar.google.com/citations?user=kWADCMUAAAAJ"
    },
    {
      "name": "Hancheng Ye",
      "scholar_id": "I9rLoV8AAAAJ",
      "url": "https://scholar.google.com/citations?user=I9rLoV8AAAAJ"
    },
    {
      "name": "Weicai Ye",
      "scholar_id": "qsMRsnsAAAAJ",
      "url": "https://scholar.google.com/citations?user=qsMRsnsAAAAJ"
    },
    {
      "name": "Bo Zhang (张铂)",
      "scholar_id": "UoAEwT0AAAAJ",
      "url": "https://scholar.google.com/citations?user=UoAEwT0AAAAJ"
    }
  ]
}