{
  "author_info": {
    "name": "Manuela M. Veloso",
    "affiliation": "Herbert A. Simon University Professor of Computer Science, Carnegie Mellon University",
    "email_verified": "Verified email at cs.cmu.edu - Homepage",
    "website": "http://www.cs.cmu.edu/~mmv",
    "interests": [
      "Artificial Intelligence",
      "Robotics",
      "Planning",
      "Learning",
      "Multirobot Systems"
    ],
    "photo_url": "https://scholar.googleusercontent.com/citations?view_op=view_photo&user=2FbkAzYAAAAJ&citpid=3"
  },
  "citation_stats": {
    "citations_all": 51992,
    "citations_since_2020": 16285,
    "h_index_all": 98,
    "h_index_since_2020": 52,
    "i10_index_all": 521,
    "i10_index_since_2020": 201,
    "citation_graph": [
      {
        "year": 1994,
        "citations": 182
      },
      {
        "year": 1995,
        "citations": 224
      },
      {
        "year": 1996,
        "citations": 254
      },
      {
        "year": 1997,
        "citations": 308
      },
      {
        "year": 1998,
        "citations": 542
      },
      {
        "year": 1999,
        "citations": 563
      },
      {
        "year": 2000,
        "citations": 685
      },
      {
        "year": 2001,
        "citations": 774
      },
      {
        "year": 2002,
        "citations": 829
      },
      {
        "year": 2003,
        "citations": 1113
      },
      {
        "year": 2004,
        "citations": 1218
      },
      {
        "year": 2005,
        "citations": 1484
      },
      {
        "year": 2006,
        "citations": 1333
      },
      {
        "year": 2007,
        "citations": 1543
      },
      {
        "year": 2008,
        "citations": 1467
      },
      {
        "year": 2009,
        "citations": 1617
      },
      {
        "year": 2010,
        "citations": 1725
      },
      {
        "year": 2011,
        "citations": 1698
      },
      {
        "year": 2012,
        "citations": 1827
      },
      {
        "year": 2013,
        "citations": 1881
      },
      {
        "year": 2014,
        "citations": 2050
      },
      {
        "year": 2015,
        "citations": 2135
      },
      {
        "year": 2016,
        "citations": 2152
      },
      {
        "year": 2017,
        "citations": 2150
      },
      {
        "year": 2018,
        "citations": 2394
      },
      {
        "year": 2019,
        "citations": 2654
      },
      {
        "year": 2020,
        "citations": 2566
      },
      {
        "year": 2021,
        "citations": 2601
      },
      {
        "year": 2022,
        "citations": 2584
      },
      {
        "year": 2023,
        "citations": 2668
      },
      {
        "year": 2024,
        "citations": 2867
      },
      {
        "year": 2025,
        "citations": 2976
      }
    ]
  },
  "papers": [
    {
      "title": "Generating synthetic data in finance: opportunities, challenges and pitfalls",
      "url": "https://scholar.google.com/citations?view_op=view_citation&hl=en&user=2FbkAzYAAAAJ&citation_for_view=2FbkAzYAAAAJ:QxlgOPrhsAcC",
      "authors": "SA Assefa, D Dervovic, M Mahfouz, RE Tillman, P Reddy, M Veloso",
      "venue": "Proceedings of the First ACM International Conference on AI in Finance, 1-8, 2020",
      "year": 2020,
      "citations": 421
    },
    {
      "title": "The grand challenges of Science Robotics",
      "url": "https://scholar.google.com/citations?view_op=view_citation&hl=en&user=2FbkAzYAAAAJ&citation_for_view=2FbkAzYAAAAJ:RZBefGmQYygC",
      "authors": "GZ Yang, J Bellingham, PE Dupont, P Fischer, L Floridi, R Full, ...",
      "venue": "Science robotics 3 (14), eaar7650, 2018",
      "year": 2018,
      "citations": 1458
    },
    {
      "title": "Depth camera based indoor mobile robot localization and navigation",
      "url": "https://scholar.google.com/citations?view_op=view_citation&hl=en&user=2FbkAzYAAAAJ&citation_for_view=2FbkAzYAAAAJ:HJSXoJQnj-YC",
      "authors": "J Biswas, M Veloso",
      "venue": "2012 IEEE International Conference on Robotics and Automation, 1697-1702, 2012",
      "year": 2012,
      "citations": 461
    },
    {
      "title": "Wifi localization and navigation for autonomous indoor mobile robots",
      "url": "https://scholar.google.com/citations?view_op=view_citation&hl=en&user=2FbkAzYAAAAJ&citation_for_view=2FbkAzYAAAAJ:dTyEYWd-f8wC",
      "authors": "J Biswas, M Veloso",
      "venue": "2010 IEEE international conference on robotics and automation, 4379-4384, 2010",
      "year": 2010,
      "citations": 450
    },
    {
      "title": "A survey of robot learning from demonstration",
      "url": "https://scholar.google.com/citations?view_op=view_citation&hl=en&user=2FbkAzYAAAAJ&citation_for_view=2FbkAzYAAAAJ:WF5omc3nYNoC",
      "authors": "BD Argall, S Chernova, M Veloso, B Browning",
      "venue": "Robotics and autonomous systems 57 (5), 469-483, 2009",
      "year": 2009,
      "citations": 4780
    },
    {
      "title": "ProbLog: A probabilistic Prolog and its application in link discovery",
      "url": "https://scholar.google.com/citations?view_op=view_citation&hl=en&user=2FbkAzYAAAAJ&citation_for_view=2FbkAzYAAAAJ:Xnn2mF3JXD4C",
      "authors": "L De Raedt, A Kimmig, H Toivonen",
      "venue": "IJCAI 2007, Proceedings of the 20th international joint conference on …, 2007",
      "year": 2007,
      "citations": 1242
    },
    {
      "title": "Conditional random fields for activity recognition",
      "url": "https://scholar.google.com/citations?view_op=view_citation&hl=en&user=2FbkAzYAAAAJ&citation_for_view=2FbkAzYAAAAJ:YOwf2qJgpHMC",
      "authors": "DL Vail, MM Veloso, JD Lafferty",
      "venue": "Proceedings of the 6th international joint conference on Autonomous agents …, 2007",
      "year": 2007,
      "citations": 469
    },
    {
      "title": "Probabilistic policy reuse in a reinforcement learning agent",
      "url": "https://scholar.google.com/citations?view_op=view_citation&hl=en&user=2FbkAzYAAAAJ&citation_for_view=2FbkAzYAAAAJ:_Qo2XoVZTnwC",
      "authors": "F Fernández, M Veloso",
      "venue": "Proceedings of the fifth international joint conference on Autonomous agents …, 2006",
      "year": 2006,
      "citations": 473
    },
    {
      "title": "SPIRAL: Code generation for DSP transforms",
      "url": "https://scholar.google.com/citations?view_op=view_citation&hl=en&user=2FbkAzYAAAAJ&citation_for_view=2FbkAzYAAAAJ:2osOgNQ5qMEC",
      "authors": "M Puschel, JMF Moura, JR Johnson, D Padua, MM Veloso, BW Singer, ...",
      "venue": "Proceedings of the IEEE 93 (2), 232-275, 2005",
      "year": 2005,
      "citations": 1127
    },
    {
      "title": "Multiagent learning using a variable learning rate",
      "url": "https://scholar.google.com/citations?view_op=view_citation&hl=en&user=2FbkAzYAAAAJ&citation_for_view=2FbkAzYAAAAJ:qjMakFHDy7sC",
      "authors": "M Bowling, M Veloso",
      "venue": "Artificial intelligence 136 (2), 215-250, 2002",
      "year": 2002,
      "citations": 1136
    },
    {
      "title": "Real-time randomized path planning for robot navigation",
      "url": "https://scholar.google.com/citations?view_op=view_citation&hl=en&user=2FbkAzYAAAAJ&citation_for_view=2FbkAzYAAAAJ:ufrVoPGSRksC",
      "authors": "J Bruce, M Veloso",
      "venue": "IEEE/RSJ international conference on intelligent robots and systems 3, 2383-2388, 2002",
      "year": 2002,
      "citations": 779
    },
    {
      "title": "Rational and convergent learning in stochastic games",
      "url": "https://scholar.google.com/citations?view_op=view_citation&hl=en&user=2FbkAzYAAAAJ&citation_for_view=2FbkAzYAAAAJ:LkGwnXOMwfcC",
      "authors": "M Bowling, M Veloso",
      "venue": "International joint conference on artificial intelligence 17 (1), 1021-1026, 2001",
      "year": 2001,
      "citations": 513
    },
    {
      "title": "Multiagent systems: A survey from a machine learning perspective",
      "url": "https://scholar.google.com/citations?view_op=view_citation&hl=en&user=2FbkAzYAAAAJ&citation_for_view=2FbkAzYAAAAJ:u5HHmVD_uO8C",
      "authors": "P Stone, M Veloso",
      "venue": "Autonomous Robots 8 (3), 345-383, 2000",
      "year": 2000,
      "citations": 2212
    },
    {
      "title": "Fast and inexpensive color image segmentation for interactive robots",
      "url": "https://scholar.google.com/citations?view_op=view_citation&hl=en&user=2FbkAzYAAAAJ&citation_for_view=2FbkAzYAAAAJ:u-x6o8ySG0sC",
      "authors": "J Bruce, T Balch, M Veloso",
      "venue": "Proceedings. 2000 IEEE/RSJ International Conference on Intelligent Robots …, 2000",
      "year": 2000,
      "citations": 893
    },
    {
      "title": "Sensor resetting localization for poorly modelled mobile robots",
      "url": "https://scholar.google.com/citations?view_op=view_citation&hl=en&user=2FbkAzYAAAAJ&citation_for_view=2FbkAzYAAAAJ:Y0pCki6q_DkC",
      "authors": "S Lenser, M Veloso",
      "venue": "Proceedings 2000 ICRA. Millennium Conference. IEEE International Conference …, 2000",
      "year": 2000,
      "citations": 461
    },
    {
      "title": "Task decomposition, dynamic role assignment, and low-bandwidth communication for real-time strategic teamwork",
      "url": "https://scholar.google.com/citations?view_op=view_citation&hl=en&user=2FbkAzYAAAAJ&citation_for_view=2FbkAzYAAAAJ:w2UhwfzvF0QC",
      "authors": "P Stone, M Veloso",
      "venue": "Artificial Intelligence 110 (2), 241-273, 1999",
      "year": 1999,
      "citations": 664
    },
    {
      "title": "PDDL-the planning domain definition language",
      "url": "https://scholar.google.com/citations?view_op=view_citation&hl=en&user=2FbkAzYAAAAJ&citation_for_view=2FbkAzYAAAAJ:UeHWp8X0CEIC",
      "authors": "D McDermott, M Ghallab, A Howe, C Knoblock, A Ram, M Veloso, D Weld, ...",
      "venue": "",
      "citations": 2733,
      "year": 1998
    },
    {
      "title": "The RoboCup synthetic agent challenge 97",
      "url": "https://scholar.google.com/citations?view_op=view_citation&hl=en&user=2FbkAzYAAAAJ&citation_for_view=2FbkAzYAAAAJ:IjCSPb-OGe4C",
      "authors": "H Kitano, M Tambe, P Stone, M Veloso, S Coradeschi, E Osawa, ...",
      "venue": "Robot Soccer World Cup, 62-73, 1997",
      "year": 1997,
      "citations": 510
    },
    {
      "title": "Integrating planning and learning: The PRODIGY architecture",
      "url": "https://scholar.google.com/citations?view_op=view_citation&hl=en&user=2FbkAzYAAAAJ&citation_for_view=2FbkAzYAAAAJ:9yKSN-GCB0IC",
      "authors": "M Veloso, J Carbonell, A Perez, D Borrajo, E Fink, J Blythe",
      "venue": "Journal of Experimental & Theoretical Artificial Intelligence 7 (1), 81-120, 1995",
      "year": 1995,
      "citations": 584
    },
    {
      "title": "Planning and learning by analogical reasoning",
      "url": "https://scholar.google.com/citations?view_op=view_citation&hl=en&user=2FbkAzYAAAAJ&citation_for_view=2FbkAzYAAAAJ:zYLM7Y9cAGgC",
      "authors": "MM Veloso",
      "venue": "Springer Berlin Heidelberg, 1994",
      "year": 1994,
      "citations": 428
    }
  ],
  "co_authors": [
    {
      "name": "Peter Stone",
      "scholar_id": "qnwjcfAAAAAJ",
      "url": "https://scholar.google.com/citations?user=qnwjcfAAAAAJ"
    },
    {
      "name": "Brett Browning",
      "scholar_id": "UKUngBoAAAAJ",
      "url": "https://scholar.google.com/citations?user=UKUngBoAAAAJ"
    },
    {
      "name": "Tucker Balch",
      "scholar_id": "jM1cT4QAAAAJ",
      "url": "https://scholar.google.com/citations?user=jM1cT4QAAAAJ"
    },
    {
      "name": "Sonia Chernova",
      "scholar_id": "EYo_WkEAAAAJ",
      "url": "https://scholar.google.com/citations?user=EYo_WkEAAAAJ"
    },
    {
      "name": "James R Bruce",
      "scholar_id": "YdJhMdcAAAAJ",
      "url": "https://scholar.google.com/citations?user=YdJhMdcAAAAJ"
    },
    {
      "name": "Michael Bowling",
      "scholar_id": "PYtPCHoAAAAJ",
      "url": "https://scholar.google.com/citations?user=PYtPCHoAAAAJ"
    },
    {
      "name": "Joydeep Biswas",
      "scholar_id": "f28F1YUAAAAJ",
      "url": "https://scholar.google.com/citations?user=f28F1YUAAAAJ"
    },
    {
      "name": "Daniel Borrajo",
      "scholar_id": "gWi0D8IAAAAJ",
      "url": "https://scholar.google.com/citations?user=gWi0D8IAAAAJ"
    },
    {
      "name": "Stephanie Rosenthal",
      "scholar_id": "UN0INoIAAAAJ",
      "url": "https://scholar.google.com/citations?user=UN0INoIAAAAJ"
    },
    {
      "name": "Brenna Argall",
      "scholar_id": "nhpEPFgAAAAJ",
      "url": "https://scholar.google.com/citations?user=nhpEPFgAAAAJ"
    },
    {
      "name": "Hiroaki Kitano",
      "scholar_id": "027fc-oAAAAJ",
      "url": "https://scholar.google.com/citations?user=027fc-oAAAAJ"
    },
    {
      "name": "M Asada",
      "scholar_id": "eG10MqcAAAAJ",
      "url": "https://scholar.google.com/citations?user=eG10MqcAAAAJ"
    },
    {
      "name": "Patrick Riley",
      "scholar_id": "Q7H4FhYAAAAJ",
      "url": "https://scholar.google.com/citations?user=Q7H4FhYAAAAJ"
    },
    {
      "name": "Brian Coltin",
      "scholar_id": "6ghdWKAAAAAJ",
      "url": "https://scholar.google.com/citations?user=6ghdWKAAAAAJ"
    },
    {
      "name": "Francisco S. Melo",
      "scholar_id": "5AEeWU4AAAAJ",
      "url": "https://scholar.google.com/citations?user=5AEeWU4AAAAJ"
    },
    {
      "name": "Craig A. Knoblock",
      "scholar_id": "onXXy6MAAAAJ",
      "url": "https://scholar.google.com/citations?user=onXXy6MAAAAJ"
    },
    {
      "name": "Daniel Weld",
      "scholar_id": "IUZgJogAAAAJ",
      "url": "https://scholar.google.com/citations?user=IUZgJogAAAAJ"
    },
    {
      "name": "Reid G. Simmons",
      "scholar_id": "t-VqN7sAAAAJ",
      "url": "https://scholar.google.com/citations?user=t-VqN7sAAAAJ"
    },
    {
      "name": "Jose M. F. Moura",
      "scholar_id": "qoFYHTMAAAAJ",
      "url": "https://scholar.google.com/citations?user=qoFYHTMAAAAJ"
    },
    {
      "name": "Somchaya Liemhetcharat",
      "scholar_id": "vmgHLzAAAAAJ",
      "url": "https://scholar.google.com/citations?user=vmgHLzAAAAAJ"
    }
  ]
}