{
  "author_info": {
    "name": "Yang Shu",
    "affiliation": "Assistant Professor, East China Normal University",
    "email_verified": "Verified email at mails.tsinghua.edu.cn - Homepage",
    "website": "https://shuyang96.github.io/",
    "interests": [
      "transfer learning",
      "time series",
      "deep learning"
    ],
    "photo_url": "https://scholar.googleusercontent.com/citations?view_op=view_photo&user=VdyHmIwAAAAJ&citpid=1"
  },
  "citation_stats": {
    "citations_all": 1235,
    "citations_since_2020": 1230,
    "h_index_all": 12,
    "h_index_since_2020": 12,
    "i10_index_all": 14,
    "i10_index_since_2020": 14,
    "citation_graph": [
      {
        "year": 2019,
        "citations": 4
      },
      {
        "year": 2020,
        "citations": 18
      },
      {
        "year": 2021,
        "citations": 32
      },
      {
        "year": 2022,
        "citations": 81
      },
      {
        "year": 2023,
        "citations": 167
      },
      {
        "year": 2024,
        "citations": 310
      },
      {
        "year": 2025,
        "citations": 617
      }
    ]
  },
  "papers": [
    {
      "title": "Easytime: Time series forecasting made easy",
      "url": "https://scholar.google.com/citations?view_op=view_citation&hl=en&user=VdyHmIwAAAAJ&citation_for_view=VdyHmIwAAAAJ:moWhu9_CcosC",
      "authors": "X Qiu, X Li, R Pang, Z Pan, X Wu, L Yang, J Hu, Y Shu, X Lu, C Yang, ...",
      "venue": "2025 IEEE 41st International Conference on Data Engineering (ICDE), 4564-4567, 2025",
      "year": 2025,
      "citations": 31
    },
    {
      "title": "Towards a General Time Series Forecasting Model with Unified Representation and Adaptive Transfer",
      "url": "https://scholar.google.com/citations?view_op=view_citation&hl=en&user=VdyHmIwAAAAJ&citation_for_view=VdyHmIwAAAAJ:3GgZsIzdB2YC",
      "authors": "Y Wang, Y Qiu, P Chen, K Zhao, Y Shu, Z Rao, L Pan, B Yang, C Guo",
      "venue": "International Conference on Machine Learning (ICML), 2025",
      "year": 2025,
      "citations": 23
    },
    {
      "title": "Towards a General Time Series Anomaly Detector with Adaptive Bottlenecks and Dual Adversarial Decoders",
      "url": "https://scholar.google.com/citations?view_op=view_citation&hl=en&user=VdyHmIwAAAAJ&citation_for_view=VdyHmIwAAAAJ:8s_vhd3wPlUC",
      "authors": "Q Shentu, B Li, K Zhao, Y Shu, Z Rao, L Pan, B Yang, C Guo",
      "venue": "International Conference on Learning Representations (ICLR), 2025",
      "year": 2025,
      "citations": 16
    },
    {
      "title": "Learning Generalizable Skills from Offline Multi-Task Data for Multi-Agent Cooperation",
      "url": "https://scholar.google.com/citations?view_op=view_citation&hl=en&user=VdyHmIwAAAAJ&citation_for_view=VdyHmIwAAAAJ:OJBCU0UFcNkC",
      "authors": "S Liu, Y Shu, C Guo, B Yang",
      "venue": "International Conference on Learning Representations (ICLR), 2025",
      "year": 2025,
      "citations": 11
    },
    {
      "title": "LightGTS: A Lightweight General Time Series Forecasting Model",
      "url": "https://scholar.google.com/citations?view_op=view_citation&hl=en&user=VdyHmIwAAAAJ&citation_for_view=VdyHmIwAAAAJ:GOtIa6ILFcwC",
      "authors": "Y Wang, Y Qiu, P Chen, Y Shu, Z Rao, L Pan, B Yang, C Guo",
      "venue": "arXiv preprint arXiv:2506.06005, 2025",
      "year": 2025,
      "citations": 9
    },
    {
      "title": "AimTS: Augmented Series and Image Contrastive Learning for Time Series Classification",
      "url": "https://scholar.google.com/citations?view_op=view_citation&hl=en&user=VdyHmIwAAAAJ&citation_for_view=VdyHmIwAAAAJ:2hxEYnSErgUC",
      "authors": "Y Chen, S Huang, Y Cheng, P Chen, Z Rao, Y Shu, B Yang, L Pan, C Guo",
      "venue": "IEEE International Conference on Data Engineering (ICDE), 2025",
      "year": 2025,
      "citations": 4
    },
    {
      "title": "RCRank: Multimodal Ranking of Root Causes of Slow Queries in Cloud Database Systems",
      "url": "https://scholar.google.com/citations?view_op=view_citation&hl=en&user=VdyHmIwAAAAJ&citation_for_view=VdyHmIwAAAAJ:STWYWLtSq6gC",
      "authors": "B Ouyang, Y Zhang, H Cheng, Y Shu, C Guo, B Yang, Q Wen, L Fan, ...",
      "venue": "International Conference on Very Large Data Bases (VLDB), 2025",
      "year": 2025,
      "citations": 4
    },
    {
      "title": "Assessing Pre-trained Models for Transfer Learning through Distribution of Spectral Components",
      "url": "https://scholar.google.com/citations?view_op=view_citation&hl=en&user=VdyHmIwAAAAJ&citation_for_view=VdyHmIwAAAAJ:aOEnwurrEPcC",
      "authors": "T Zhang, Y Shu, X Chen, Y Long, C Guo, B Yang",
      "venue": "AAAI Conference on Artificial Intelligence (AAAI), 2025",
      "year": 2025,
      "citations": 4
    },
    {
      "title": "Enhancing diversity for data-free quantization",
      "url": "https://scholar.google.com/citations?view_op=view_citation&hl=en&user=VdyHmIwAAAAJ&citation_for_view=VdyHmIwAAAAJ:eA5wQj470iYC",
      "authors": "K Zhao, Z Zhuang, M Zhang, C Guo, Y Shu, B Yang",
      "venue": "Computer Vision and Pattern Recognition (CVPR), 20969-20978, 2025",
      "year": 2025,
      "citations": 2
    },
    {
      "title": "Pathformer: Multi-scale Transformers with Adaptive Pathways for Time Series Forecasting",
      "url": "https://scholar.google.com/citations?view_op=view_citation&hl=en&user=VdyHmIwAAAAJ&citation_for_view=VdyHmIwAAAAJ:UO8fSLLLPykC",
      "authors": "P Chen, Y Zhang, Y Cheng, Y Shu, Y Wang, Q Wen, B Yang, C Guo",
      "venue": "International Conference on Learning Representations (ICLR), 2024",
      "year": 2024,
      "citations": 280
    },
    {
      "title": "TSFM-Bench: A Comprehensive and Unified Benchmarking of Foundation Models for Time Series Forecasting",
      "url": "https://scholar.google.com/citations?view_op=view_citation&hl=en&user=VdyHmIwAAAAJ&citation_for_view=VdyHmIwAAAAJ:xvKSgulxyWUC",
      "authors": "Z Li, X Qiu, P Chen, Y Wang, H Cheng, Y Shu, J Hu, C Guo, A Zhou, ...",
      "venue": "arXiv preprint arXiv:2410.11802, 2024",
      "year": 2024,
      "citations": 41
    },
    {
      "title": "Multirc: Joint learning for time series anomaly prediction and detection with multi-scale reconstructive contrast",
      "url": "https://scholar.google.com/citations?view_op=view_citation&hl=en&user=VdyHmIwAAAAJ&citation_for_view=VdyHmIwAAAAJ:NM66qo_NnlUC",
      "authors": "S Hu, K Zhao, X Qiu, Y Shu, J Hu, B Yang, C Guo",
      "venue": "arXiv preprint arXiv:2410.15997, 2024",
      "year": 2024,
      "citations": 20
    },
    {
      "title": "Boosting Transferability and Discriminability for Time Series Domain Adaptation",
      "url": "https://scholar.google.com/citations?view_op=view_citation&hl=en&user=VdyHmIwAAAAJ&citation_for_view=VdyHmIwAAAAJ:OvCsJ6o9tOQC",
      "authors": "M Liu, X Chen, Y Shu, X Li, W Guan, L Nie",
      "venue": "Advances in Neural Information Processing Systems (NeurIPS), 2024",
      "year": 2024,
      "citations": 9
    },
    {
      "title": "CLIPood: Generalizing CLIP to Out-of-Distributions",
      "url": "https://scholar.google.com/citations?view_op=view_citation&hl=en&user=VdyHmIwAAAAJ&citation_for_view=VdyHmIwAAAAJ:RtRctb2lSbAC",
      "authors": "Y Shu, X Guo, J Wu, X Wang, J Wang, M Long",
      "venue": "International Conference on Machine Learning (ICML), 2023",
      "year": 2023,
      "citations": 117
    },
    {
      "title": "Omni-Training: Bridging Pre-Training and Meta-Training for Few-Shot Learning",
      "url": "https://scholar.google.com/citations?view_op=view_citation&hl=en&user=VdyHmIwAAAAJ&citation_for_view=VdyHmIwAAAAJ:4oJvMfeQlr8C",
      "authors": "Y Shu, Z Cao, J Gao, J Wang, SY Philip, M Long",
      "venue": "IEEE Transactions on Pattern Analysis and Machine Intelligence (TPAMI), 2023",
      "year": 2023,
      "citations": 14
    },
    {
      "title": "Transferability in Deep Learning: A Survey",
      "url": "https://scholar.google.com/citations?view_op=view_citation&hl=en&user=VdyHmIwAAAAJ&citation_for_view=VdyHmIwAAAAJ:1sJd4Hv_s6UC",
      "authors": "J Jiang, Y Shu, J Wang, M Long",
      "venue": "arXiv preprint arXiv:2201.05867, 2022",
      "year": 2022,
      "citations": 198
    },
    {
      "title": "Hub-Pathway: Transfer Learning from A Hub of Pre-trained Models",
      "url": "https://scholar.google.com/citations?view_op=view_citation&hl=en&user=VdyHmIwAAAAJ&citation_for_view=VdyHmIwAAAAJ:OTTXONDVkokC",
      "authors": "Y Shu, Z Cao, Z Zhang, J Wang, M Long",
      "venue": "Advances in Neural Information Processing Systems (NeurIPS), 2022",
      "year": 2022,
      "citations": 11
    },
    {
      "title": "Open Domain Generalization with Domain-Augmented Meta-Learning",
      "url": "https://scholar.google.com/citations?view_op=view_citation&hl=en&user=VdyHmIwAAAAJ&citation_for_view=VdyHmIwAAAAJ:9yKSN-GCB0IC",
      "authors": "Y Shu, Z Cao, C Wang, J Wang, M Long",
      "venue": "Computer Vision and Pattern Recognition (CVPR), 9624-9633, 2021",
      "year": 2021,
      "citations": 248
    },
    {
      "title": "Zoo-Tuning: Adaptive Transfer from a Zoo of Models",
      "url": "https://scholar.google.com/citations?view_op=view_citation&hl=en&user=VdyHmIwAAAAJ&citation_for_view=VdyHmIwAAAAJ:eQOLeE2rZwMC",
      "authors": "Y Shu, Z Kou, Z Cao, J Wang, M Long",
      "venue": "International Conference on Machine Learning (ICML), 9626-9637, 2021",
      "year": 2021,
      "citations": 53
    },
    {
      "title": "Transferable curriculum for weakly-supervised domain adaptation",
      "url": "https://scholar.google.com/citations?view_op=view_citation&hl=en&user=VdyHmIwAAAAJ&citation_for_view=VdyHmIwAAAAJ:d1gkVwhDpl0C",
      "authors": "Y Shu, Z Cao, M Long, J Wang",
      "venue": "AAAI Conference on Artificial Intelligence (AAAI) 33 (01), 4951-4958, 2019",
      "year": 2019,
      "citations": 138
    }
  ],
  "co_authors": [
    {
      "name": "Chenjuan Guo",
      "scholar_id": "WMXNm88AAAAJ",
      "url": "https://scholar.google.com/citations?user=WMXNm88AAAAJ"
    },
    {
      "name": "Bin Yang (杨彬)",
      "scholar_id": "qjBQhoUAAAAJ",
      "url": "https://scholar.google.com/citations?user=qjBQhoUAAAAJ"
    },
    {
      "name": "Jianmin Wang",
      "scholar_id": "MiovcboAAAAJ",
      "url": "https://scholar.google.com/citations?user=MiovcboAAAAJ"
    },
    {
      "name": "Mingsheng Long",
      "scholar_id": "_MjXpXkAAAAJ",
      "url": "https://scholar.google.com/citations?user=_MjXpXkAAAAJ"
    },
    {
      "name": "Peng Chen",
      "scholar_id": "xWrQThQAAAAJ",
      "url": "https://scholar.google.com/citations?user=xWrQThQAAAAJ"
    },
    {
      "name": "Zhangjie Cao",
      "scholar_id": "pA-TqMEAAAAJ",
      "url": "https://scholar.google.com/citations?user=pA-TqMEAAAAJ"
    },
    {
      "name": "Jilin Hu",
      "scholar_id": "6eSvRMkAAAAJ",
      "url": "https://scholar.google.com/citations?user=6eSvRMkAAAAJ"
    },
    {
      "name": "Christian S. Jensen",
      "scholar_id": "wo20cPYAAAAJ",
      "url": "https://scholar.google.com/citations?user=wo20cPYAAAAJ"
    },
    {
      "name": "Chenyu Wang",
      "scholar_id": "Kq0dhLAAAAAJ",
      "url": "https://scholar.google.com/citations?user=Kq0dhLAAAAAJ"
    },
    {
      "name": "Junguang Jiang",
      "scholar_id": "dXS9TPUAAAAJ",
      "url": "https://scholar.google.com/citations?user=dXS9TPUAAAAJ"
    },
    {
      "name": "Ximei Wang",
      "scholar_id": "WmOCCVgAAAAJ",
      "url": "https://scholar.google.com/citations?user=WmOCCVgAAAAJ"
    },
    {
      "name": "Jialong Wu",
      "scholar_id": "FfTZ66gAAAAJ",
      "url": "https://scholar.google.com/citations?user=FfTZ66gAAAAJ"
    },
    {
      "name": "Xingzhuo Guo",
      "scholar_id": "Cbinj9QAAAAJ",
      "url": "https://scholar.google.com/citations?user=Cbinj9QAAAAJ"
    },
    {
      "name": "Xinyang Chen",
      "scholar_id": "qVxhGWUAAAAJ",
      "url": "https://scholar.google.com/citations?user=qVxhGWUAAAAJ"
    },
    {
      "name": "Zhi Kou",
      "scholar_id": "kVeP0SYAAAAJ",
      "url": "https://scholar.google.com/citations?user=kVeP0SYAAAAJ"
    },
    {
      "name": "Gao Jinghan",
      "scholar_id": "SpKOSMkAAAAJ",
      "url": "https://scholar.google.com/citations?user=SpKOSMkAAAAJ"
    },
    {
      "name": "Philip S. Yu",
      "scholar_id": "D0lL1r0AAAAJ",
      "url": "https://scholar.google.com/citations?user=D0lL1r0AAAAJ"
    }
  ]
}