{
  "author_info": {
    "name": "Chuning Zhu",
    "affiliation": "University of Washington",
    "email_verified": "Verified email at cs.washington.edu - Homepage",
    "website": "https://homes.cs.washington.edu/~zchuning/",
    "interests": [
      "Reinforcement learning",
      "Robotics"
    ],
    "photo_url": "/citations/images/avatar_scholar_128.png"
  },
  "citation_stats": {
    "citations_all": 172,
    "citations_since_2020": 171,
    "h_index_all": 7,
    "h_index_since_2020": 7,
    "i10_index_all": 6,
    "i10_index_since_2020": 6,
    "citation_graph": [
      {
        "year": 2021,
        "citations": 2
      },
      {
        "year": 2022,
        "citations": 14
      },
      {
        "year": 2023,
        "citations": 20
      },
      {
        "year": 2024,
        "citations": 48
      },
      {
        "year": 2025,
        "citations": 87
      }
    ]
  },
  "papers": [
    {
      "title": "Unified World Models: Coupling Video and Action Diffusion for Pretraining on Large Robotic Datasets",
      "url": "https://scholar.google.com/citations?view_op=view_citation&hl=en&user=eFVB3ksAAAAJ&citation_for_view=eFVB3ksAAAAJ:Tyk-4Ss8FVUC",
      "authors": "C Zhu, R Yu, S Feng, B Burchfiel, P Shah, A Gupta",
      "venue": "Robotics: Sciences and Systems 2025, 2025",
      "year": 2025,
      "citations": 23
    },
    {
      "title": "Semantic World Models",
      "url": "https://scholar.google.com/citations?view_op=view_citation&hl=en&user=eFVB3ksAAAAJ&citation_for_view=eFVB3ksAAAAJ:Y0pCki6q_DkC",
      "authors": "J Berg, C Zhu, Y Bao, I Durugkar, A Gupta",
      "venue": "arXiv preprint arXiv:2510.19818, 2025",
      "year": 2025,
      "citations": 0
    },
    {
      "title": "ASID: Active Exploration for System Identification and Reconstruction in Robotic Manipulation",
      "url": "https://scholar.google.com/citations?view_op=view_citation&hl=en&user=eFVB3ksAAAAJ&citation_for_view=eFVB3ksAAAAJ:zYLM7Y9cAGgC",
      "authors": "M Memmel, A Wagenmaker, C Zhu, D Fox, A Gupta",
      "venue": "The Twelfth International Conference on Learning Representations, 2024",
      "year": 2024,
      "citations": 33
    },
    {
      "title": "Distributional Successor Features Enable Zero-Shot Policy Optimization",
      "url": "https://scholar.google.com/citations?view_op=view_citation&hl=en&user=eFVB3ksAAAAJ&citation_for_view=eFVB3ksAAAAJ:IjCSPb-OGe4C",
      "authors": "C Zhu, X Wang, T Han, SS Du, A Gupta",
      "venue": "Advances in Neural Information Processing Systems 37, 2024",
      "year": 2024,
      "citations": 7
    },
    {
      "title": "RePo: Resilient model-based reinforcement learning by regularizing posterior predictability",
      "url": "https://scholar.google.com/citations?view_op=view_citation&hl=en&user=eFVB3ksAAAAJ&citation_for_view=eFVB3ksAAAAJ:UeHWp8X0CEIC",
      "authors": "C Zhu, M Simchowitz, S Gadipudi, A Gupta",
      "venue": "Advances in Neural Information Processing Systems 36, 2023",
      "year": 2023,
      "citations": 20
    },
    {
      "title": "Self-supervised reinforcement learning that transfers using random features",
      "url": "https://scholar.google.com/citations?view_op=view_citation&hl=en&user=eFVB3ksAAAAJ&citation_for_view=eFVB3ksAAAAJ:qjMakFHDy7sC",
      "authors": "B Chen*, C Zhu*, P Agrawal, K Zhang, A Gupta",
      "venue": "Advances in Neural Information Processing Systems 36, 2023",
      "year": 2023,
      "citations": 16
    },
    {
      "title": "Free from Bellman Completeness: Trajectory Stitching via Model-based Return-conditioned Supervised Learning",
      "url": "https://scholar.google.com/citations?view_op=view_citation&hl=en&user=eFVB3ksAAAAJ&citation_for_view=eFVB3ksAAAAJ:2osOgNQ5qMEC",
      "authors": "Z Zhou, C Zhu, R Zhou, Q Cui, A Gupta, SS Du",
      "venue": "The Twelfth International Conference on Learning Representations, 2023",
      "year": 2023,
      "citations": 12
    },
    {
      "title": "Model-Based Reinforcement Learning via Latent-Space Collocation",
      "url": "https://scholar.google.com/citations?view_op=view_citation&hl=en&user=eFVB3ksAAAAJ&citation_for_view=eFVB3ksAAAAJ:u5HHmVD_uO8C",
      "authors": "O Rybkin*, C Zhu*, A Nagabandi, K Daniilidis, I Mordatch, S Levine",
      "venue": "International Conference on Machine Learning, 9190-9201, 2021",
      "year": 2021,
      "citations": 61
    }
  ],
  "co_authors": [
    {
      "name": "Abhishek Gupta",
      "scholar_id": "1wLVDP4AAAAJ",
      "url": "https://scholar.google.com/citations?user=1wLVDP4AAAAJ"
    },
    {
      "name": "Simon Shaolei Du",
      "scholar_id": "OttawxUAAAAJ",
      "url": "https://scholar.google.com/citations?user=OttawxUAAAAJ"
    },
    {
      "name": "Kostas Daniilidis",
      "scholar_id": "dGs2BcIAAAAJ",
      "url": "https://scholar.google.com/citations?user=dGs2BcIAAAAJ"
    },
    {
      "name": "Oleh Rybkin",
      "scholar_id": "CQEyVPMAAAAJ",
      "url": "https://scholar.google.com/citations?user=CQEyVPMAAAAJ"
    },
    {
      "name": "Sergey Levine",
      "scholar_id": "8R35rCwAAAAJ",
      "url": "https://scholar.google.com/citations?user=8R35rCwAAAAJ"
    },
    {
      "name": "Igor Mordatch",
      "scholar_id": "Vzr1RukAAAAJ",
      "url": "https://scholar.google.com/citations?user=Vzr1RukAAAAJ"
    }
  ]
}