{
  "author_info": {
    "name": "Kumiko Tanaka-Ishii",
    "affiliation": "Waseda University",
    "email_verified": "Verified email at waseda.jp - Homepage",
    "website": "https://ml-waseda.jp/",
    "interests": [
      "Computational Linguistics",
      "Language Eng. for Finance",
      "Semiotics"
    ],
    "photo_url": "https://scholar.googleusercontent.com/citations?view_op=view_photo&user=C7eBj4kAAAAJ&citpid=3"
  },
  "citation_stats": {
    "citations_all": 2620,
    "citations_since_2020": 1085,
    "h_index_all": 27,
    "h_index_since_2020": 16,
    "i10_index_all": 47,
    "i10_index_since_2020": 23,
    "citation_graph": [
      {
        "year": 1998,
        "citations": 12
      },
      {
        "year": 1999,
        "citations": 10
      },
      {
        "year": 2000,
        "citations": 33
      },
      {
        "year": 2001,
        "citations": 38
      },
      {
        "year": 2002,
        "citations": 19
      },
      {
        "year": 2003,
        "citations": 46
      },
      {
        "year": 2004,
        "citations": 47
      },
      {
        "year": 2005,
        "citations": 41
      },
      {
        "year": 2006,
        "citations": 36
      },
      {
        "year": 2007,
        "citations": 64
      },
      {
        "year": 2008,
        "citations": 64
      },
      {
        "year": 2009,
        "citations": 70
      },
      {
        "year": 2010,
        "citations": 86
      },
      {
        "year": 2011,
        "citations": 105
      },
      {
        "year": 2012,
        "citations": 87
      },
      {
        "year": 2013,
        "citations": 91
      },
      {
        "year": 2014,
        "citations": 118
      },
      {
        "year": 2015,
        "citations": 96
      },
      {
        "year": 2016,
        "citations": 88
      },
      {
        "year": 2017,
        "citations": 92
      },
      {
        "year": 2018,
        "citations": 103
      },
      {
        "year": 2019,
        "citations": 130
      },
      {
        "year": 2020,
        "citations": 122
      },
      {
        "year": 2021,
        "citations": 170
      },
      {
        "year": 2022,
        "citations": 185
      },
      {
        "year": 2023,
        "citations": 214
      },
      {
        "year": 2024,
        "citations": 202
      },
      {
        "year": 2025,
        "citations": 189
      }
    ]
  },
  "papers": [
    {
      "title": "Stock embeddings acquired from news articles and price history, and an application to portfolio optimization",
      "url": "https://scholar.google.com/citations?view_op=view_citation&hl=en&user=C7eBj4kAAAAJ&citation_for_view=C7eBj4kAAAAJ:70eg2SAEIzsC",
      "authors": "X Du, K Tanaka-Ishii",
      "venue": "Proceedings of the 58th annual meeting of the association for computational …, 2020",
      "year": 2020,
      "citations": 82
    },
    {
      "title": "Modeling financial time-series with generative adversarial networks",
      "url": "https://scholar.google.com/citations?view_op=view_citation&hl=en&user=C7eBj4kAAAAJ&citation_for_view=C7eBj4kAAAAJ:pyW8ca7W8N0C",
      "authors": "S Takahashi, Y Chen, K Tanaka-Ishii",
      "venue": "Physica A: Statistical Mechanics and its Applications 527, 121261, 2019",
      "year": 2019,
      "citations": 258
    },
    {
      "title": "Evaluating computational language models with scaling properties of natural language",
      "url": "https://scholar.google.com/citations?view_op=view_citation&hl=en&user=C7eBj4kAAAAJ&citation_for_view=C7eBj4kAAAAJ:zA6iFVUQeVQC",
      "authors": "S Takahashi, K Tanaka-Ishii",
      "venue": "Computational Linguistics 45 (3), 481-513, 2019",
      "year": 2019,
      "citations": 44
    },
    {
      "title": "Do neural nets learn statistical laws behind natural language?",
      "url": "https://scholar.google.com/citations?view_op=view_citation&hl=en&user=C7eBj4kAAAAJ&citation_for_view=C7eBj4kAAAAJ:738O_yMBCRsC",
      "authors": "S Takahashi, K Tanaka-Ishii",
      "venue": "PloS one 12 (12), e0189326, 2017",
      "year": 2017,
      "citations": 39
    },
    {
      "title": "Entropy rate estimates for natural language—a new extrapolation of compressed large-scale corpora",
      "url": "https://scholar.google.com/citations?view_op=view_citation&hl=en&user=C7eBj4kAAAAJ&citation_for_view=C7eBj4kAAAAJ:cFHS6HbyZ2cC",
      "authors": "R Takahira, K Tanaka-Ishii, Ł Dębowski",
      "venue": "Entropy 18 (10), 364, 2016",
      "year": 2016,
      "citations": 67
    },
    {
      "title": "Computational Constancy Measures of Texts—Yule's K and Rényi's Entropy",
      "url": "https://scholar.google.com/citations?view_op=view_citation&hl=en&user=C7eBj4kAAAAJ&citation_for_view=C7eBj4kAAAAJ:WA5NYHcadZ8C",
      "authors": "K Tanaka-Ishii, S Aihara",
      "venue": "Computational Linguistics 41 (3), 481-502, 2015",
      "year": 2015,
      "citations": 59
    },
    {
      "title": "Text segmentation by language using minimum description length",
      "url": "https://scholar.google.com/citations?view_op=view_citation&hl=en&user=C7eBj4kAAAAJ&citation_for_view=C7eBj4kAAAAJ:08ZZubdj9fEC",
      "authors": "H Yamaguchi, K Tanaka-Ishii",
      "venue": "Proceedings of the 50th Annual Meeting of the Association for Computational …, 2012",
      "year": 2012,
      "citations": 56
    },
    {
      "title": "Word familiarity and frequency",
      "url": "https://scholar.google.com/citations?view_op=view_citation&hl=en&user=C7eBj4kAAAAJ&citation_for_view=C7eBj4kAAAAJ:abG-DnoFyZgC",
      "authors": "K Tanaka‐Ishii, H Terada",
      "venue": "Studia Linguistica 65 (1), 96-116, 2011",
      "year": 2011,
      "citations": 97
    },
    {
      "title": "Text entry systems: Mobility, accessibility, universality",
      "url": "https://scholar.google.com/citations?view_op=view_citation&hl=en&user=C7eBj4kAAAAJ&citation_for_view=C7eBj4kAAAAJ:k_IJM867U9cC",
      "authors": "IS MacKenzie, K Tanaka-Ishii",
      "venue": "Elsevier, 2010",
      "year": 2010,
      "citations": 254
    },
    {
      "title": "Sorting texts by readability",
      "url": "https://scholar.google.com/citations?view_op=view_citation&hl=en&user=C7eBj4kAAAAJ&citation_for_view=C7eBj4kAAAAJ:Y5dfb0dijaUC",
      "authors": "K Tanaka-Ishii, S Tezuka, H Terada",
      "venue": "Computational linguistics 36 (2), 203-227, 2010",
      "year": 2010,
      "citations": 129
    },
    {
      "title": "Semiotics of programming",
      "url": "https://scholar.google.com/citations?view_op=view_citation&hl=en&user=C7eBj4kAAAAJ&citation_for_view=C7eBj4kAAAAJ:isC4tDSrTZIC",
      "authors": "K Tanaka-Ishii",
      "venue": "Cambridge University Press, 2010",
      "year": 2010,
      "citations": 99
    },
    {
      "title": "Word-based predictive text entry using adaptive language models",
      "url": "https://scholar.google.com/citations?view_op=view_citation&hl=en&user=C7eBj4kAAAAJ&citation_for_view=C7eBj4kAAAAJ:Mojj43d5GZwC",
      "authors": "K Tanaka-Ishii",
      "venue": "Natural Language Engineering 13 (1), 51-74, 2007",
      "year": 2007,
      "citations": 36
    },
    {
      "title": "Text entry using a small number of buttons",
      "url": "https://scholar.google.com/citations?view_op=view_citation&hl=en&user=C7eBj4kAAAAJ&citation_for_view=C7eBj4kAAAAJ:kRWSkSYxWN8C",
      "authors": "IS MacKenzie, K Tanaka-Ishii",
      "venue": "Text entry systems: Mobility, accessibility, universality, 105-121, 2007",
      "year": 2007,
      "citations": 34
    },
    {
      "title": "Unsupervised segmentation of Chinese text by use of branching entropy",
      "url": "https://scholar.google.com/citations?view_op=view_citation&hl=en&user=C7eBj4kAAAAJ&citation_for_view=C7eBj4kAAAAJ:vRqMK49ujn8C",
      "authors": "Z Jin, K Tanaka-Ishii",
      "venue": "Proceedings of the COLING/ACL 2006 Main Conference Poster Sessions, 428-435, 2006",
      "year": 2006,
      "citations": 104
    },
    {
      "title": "Entropy as an indicator of context boundaries: An experiment using a web search engine",
      "url": "https://scholar.google.com/citations?view_op=view_citation&hl=en&user=C7eBj4kAAAAJ&citation_for_view=C7eBj4kAAAAJ:HoB7MX3m0LUC",
      "authors": "K Tanaka-Ishii",
      "venue": "International Conference on Natural Language Processing, 93-105, 2005",
      "year": 2005,
      "citations": 37
    },
    {
      "title": "Entering text with a four-button device",
      "url": "https://scholar.google.com/citations?view_op=view_citation&hl=en&user=C7eBj4kAAAAJ&citation_for_view=C7eBj4kAAAAJ:KxtntwgDAa4C",
      "authors": "K Tanaka-Ishii, Y Inutsuka, M Takeichi",
      "venue": "COLING 2002: The 19th International Conference on Computational Linguistics, 2002",
      "year": 2002,
      "citations": 62
    },
    {
      "title": "Three RoboCup simulation league commentator systems",
      "url": "https://scholar.google.com/citations?view_op=view_citation&hl=en&user=C7eBj4kAAAAJ&citation_for_view=C7eBj4kAAAAJ:UxriW0iASnsC",
      "authors": "E André, K Binsted, K Tanaka-Ishii, S Luke, G Herzog, T Rist",
      "venue": "AI Magazine 21 (1), 57-57, 2000",
      "year": 2000,
      "citations": 90
    },
    {
      "title": "MIKE: An automatic commentary system for soccer",
      "url": "https://scholar.google.com/citations?view_op=view_citation&hl=en&user=C7eBj4kAAAAJ&citation_for_view=C7eBj4kAAAAJ:LI9QrySNdTsC",
      "authors": "K Tanaka, H Nakashima, I Noda, K Hasida, I Frank, H Matsubara",
      "venue": "Proceedings International Conference on Multi Agent Systems (Cat. No …, 1998",
      "year": 1998,
      "citations": 88
    },
    {
      "title": "Reactive content selection in the generation of real-time soccer commentary",
      "url": "https://scholar.google.com/citations?view_op=view_citation&hl=en&user=C7eBj4kAAAAJ&citation_for_view=C7eBj4kAAAAJ:e5wmG9Sq2KIC",
      "authors": "K Tanaka-Ishii, K Hasida, I Noda",
      "venue": "COLING 1998 Volume 2: The 17th International Conference on Computational …, 1998",
      "year": 1998,
      "citations": 56
    },
    {
      "title": "Construction of a bilingual dictionary intermediated by a third language",
      "url": "https://scholar.google.com/citations?view_op=view_citation&hl=en&user=C7eBj4kAAAAJ&citation_for_view=C7eBj4kAAAAJ:4OULZ7Gr8RgC",
      "authors": "K Tanaka-Ishii, K Umemura",
      "venue": "COLING 1994 Volume 1: The 15th International Conference on Computational …, 1994",
      "year": 1994,
      "citations": 169
    }
  ],
  "co_authors": []
}