{
  "author_info": {
    "name": "Shenao Zhang",
    "affiliation": "Northwestern University",
    "email_verified": "Verified email at gatech.edu - Homepage",
    "website": "https://shenao-zhang.github.io/",
    "interests": [
      "Large Language Models",
      "Reinforcement Learning",
      "Machine Learning"
    ],
    "photo_url": "https://scholar.googleusercontent.com/citations?view_op=view_photo&user=8NamuusAAAAJ&citpid=23"
  },
  "citation_stats": {
    "citations_all": 410,
    "citations_since_2020": 410,
    "h_index_all": 9,
    "h_index_since_2020": 9,
    "i10_index_all": 9,
    "i10_index_since_2020": 9,
    "citation_graph": [
      {
        "year": 2021,
        "citations": 2
      },
      {
        "year": 2022,
        "citations": 2
      },
      {
        "year": 2023,
        "citations": 20
      },
      {
        "year": 2024,
        "citations": 149
      },
      {
        "year": 2025,
        "citations": 235
      }
    ]
  },
  "papers": [
    {
      "title": "BRiTE: Bootstrapping Reinforced Thinking Process to Enhance Language Model Reasoning",
      "url": "https://scholar.google.com/citations?view_op=view_citation&hl=en&user=8NamuusAAAAJ&citation_for_view=8NamuusAAAAJ:3fE2CSJIrl8C",
      "authors": "H Zhong*, Y Yin*, S Zhang*, X Xu*, Y Liu*, Y Zuo*, Z Liu*, B Liu, S Zheng, ...",
      "venue": "International Conference on Machine Learning (ICML), 2025",
      "year": 2025,
      "citations": 5
    },
    {
      "title": "Beyond Markovian: Reflective Exploration via Bayes-Adaptive RL for LLM Reasoning",
      "url": "https://scholar.google.com/citations?view_op=view_citation&hl=en&user=8NamuusAAAAJ&citation_for_view=8NamuusAAAAJ:KlAtU1dfN6UC",
      "authors": "S Zhang, Y Wang, Y Liu, T Liu, P Grabowski, E Ie, Z Wang, Y Li",
      "venue": "arXiv preprint arXiv:2505.20561, 2025",
      "year": 2025,
      "citations": 4
    },
    {
      "title": "Controlling Performance and Budget of a Centralized Multi-agent LLM System with Reinforcement Learning",
      "url": "https://scholar.google.com/citations?view_op=view_citation&hl=en&user=8NamuusAAAAJ&citation_for_view=8NamuusAAAAJ:YOwf2qJgpHMC",
      "authors": "B Jin, TJ Collins, D Yu, M Cemri, S Zhang, M Li, J Tang, T Qin, Z Xu, J Lu, ...",
      "venue": "arXiv preprint arXiv:2511.02755, 2025",
      "year": 2025,
      "citations": 0
    },
    {
      "title": "Learning to Reason as Action Abstractions with Scalable Mid-Training RL",
      "url": "https://scholar.google.com/citations?view_op=view_citation&hl=en&user=8NamuusAAAAJ&citation_for_view=8NamuusAAAAJ:ULOm3_A8WrAC",
      "authors": "S Zhang, D Yu, Y Feng, B Jin, Z Wang, J Peebles, Z Wang",
      "venue": "arXiv preprint arXiv:2509.25810, 2025",
      "year": 2025,
      "citations": 0
    },
    {
      "title": "Provably Mitigating Overoptimization in RLHF: Your SFT Loss is Implicitly an Adversarial Regularizer",
      "url": "https://scholar.google.com/citations?view_op=view_citation&hl=en&user=8NamuusAAAAJ&citation_for_view=8NamuusAAAAJ:_FxGoFyzp5QC",
      "authors": "Z Liu*, M Lu*, S Zhang, B Liu, H Guo, Y Yang, J Blanchet, Z Wang",
      "venue": "Advances in Neural Information Processing Systems (NeurIPS), 2024",
      "year": 2024,
      "citations": 93
    },
    {
      "title": "Self-Exploring Language Models: Active Preference Elicitation for Online Alignment",
      "url": "https://scholar.google.com/citations?view_op=view_citation&hl=en&user=8NamuusAAAAJ&citation_for_view=8NamuusAAAAJ:roLk4NBRz8UC",
      "authors": "S Zhang, D Yu, H Sharma, Z Yang, S Wang, H Hassan, Z Wang",
      "venue": "Transactions on Machine Learning Research (TMLR), 2024",
      "year": 2024,
      "citations": 60
    },
    {
      "title": "Offline Reinforcement Learning for LLM Multi-Step Reasoning",
      "url": "https://scholar.google.com/citations?view_op=view_citation&hl=en&user=8NamuusAAAAJ&citation_for_view=8NamuusAAAAJ:MXK_kJrjxJIC",
      "authors": "H Wang*, S Hao*, H Dong, S Zhang, Y Bao, Z Yang, Y Wu",
      "venue": "Findings of the Association for Computational Linguistics (ACL), 2024",
      "year": 2024,
      "citations": 33
    },
    {
      "title": "How Can LLM Guide RL? A Value-Based Approach",
      "url": "https://scholar.google.com/citations?view_op=view_citation&hl=en&user=8NamuusAAAAJ&citation_for_view=8NamuusAAAAJ:LkGwnXOMwfcC",
      "authors": "S Zhang*, S Zheng*, S Ke, Z Liu, W Jin, J Yuan, Y Yang, H Yang, Z Wang",
      "venue": "arXiv preprint arXiv:2402.16181, 2024",
      "year": 2024,
      "citations": 18
    },
    {
      "title": "DSTC: Direct Preference Learning with Only Self-Generated Tests and Code to Improve Code LMs",
      "url": "https://scholar.google.com/citations?view_op=view_citation&hl=en&user=8NamuusAAAAJ&citation_for_view=8NamuusAAAAJ:8k81kl-MbHgC",
      "authors": "Z Liu, S Zhang, Y Liu, B Liu, Y Yang, Z Wang",
      "venue": "arXiv preprint arXiv:2411.13611, 2024",
      "year": 2024,
      "citations": 8
    },
    {
      "title": "Reward-Augmented Data Enhances Direct Preference Alignment of LLMs",
      "url": "https://scholar.google.com/citations?view_op=view_citation&hl=en&user=8NamuusAAAAJ&citation_for_view=8NamuusAAAAJ:0EnyYjriUFMC",
      "authors": "S Zhang, Z Liu, B Liu, Y Zhang, Y Yang, Y Liu, L Chen, T Sun, Z Wang",
      "venue": "International Conference on Machine Learning (ICML), 2024",
      "year": 2024,
      "citations": 5
    },
    {
      "title": "Adaptive-Gradient Policy Optimization: Enhancing Policy Learning in Non-Smooth Differentiable Simulations",
      "url": "https://scholar.google.com/citations?view_op=view_citation&hl=en&user=8NamuusAAAAJ&citation_for_view=8NamuusAAAAJ:5nxA0vEk-isC",
      "authors": "F Gao*, L Shi*, S Zhang, Z Wang, Y Wu",
      "venue": "International Conference on Machine Learning (ICML), 2024",
      "year": 2024,
      "citations": 4
    },
    {
      "title": "Hindsight Planner: A Closed-Loop Few-Shot Planner for Embodied Instruction Following",
      "url": "https://scholar.google.com/citations?view_op=view_citation&hl=en&user=8NamuusAAAAJ&citation_for_view=8NamuusAAAAJ:kNdYIx-mwKoC",
      "authors": "Y Yang, S Zhang, Z Liu, H Yao, Z Wang",
      "venue": "arXiv preprint arXiv:2412.19562, 2024",
      "year": 2024,
      "citations": 1
    },
    {
      "title": "Reason for Future, Act for Now: A Principled Framework for Autonomous LLM Agents with Provable Sample Efficiency",
      "url": "https://scholar.google.com/citations?view_op=view_citation&hl=en&user=8NamuusAAAAJ&citation_for_view=8NamuusAAAAJ:W7OEmFMy1HYC",
      "authors": "Z Liu*, H Hu*, S Zhang*, H Guo, S Ke, B Liu, Z Wang",
      "venue": "International Conference on Machine Learning (ICML), 2023",
      "year": 2023,
      "citations": 78
    },
    {
      "title": "Maximize to Explore: One Objective Function Fusing Estimation, Planning, and Exploration",
      "url": "https://scholar.google.com/citations?view_op=view_citation&hl=en&user=8NamuusAAAAJ&citation_for_view=8NamuusAAAAJ:WF5omc3nYNoC",
      "authors": "Z Liu*, M Lu*, W Xiong*, H Zhong, H Hu, S Zhang, S Zheng, Z Yang, ...",
      "venue": "Advances in Neural Information Processing Systems (NeurIPS), 2023",
      "year": 2023,
      "citations": 51
    },
    {
      "title": "Adaptive Barrier Smoothing for First-Order Policy Gradient with Contact Dynamics",
      "url": "https://scholar.google.com/citations?view_op=view_citation&hl=en&user=8NamuusAAAAJ&citation_for_view=8NamuusAAAAJ:zYLM7Y9cAGgC",
      "authors": "S Zhang, W Jin, Z Wang",
      "venue": "International Conference on Machine Learning (ICML), 2023",
      "year": 2023,
      "citations": 12
    },
    {
      "title": "Asking Before Action: Gather Information in Embodied Decision Making with Language Models",
      "url": "https://scholar.google.com/citations?view_op=view_citation&hl=en&user=8NamuusAAAAJ&citation_for_view=8NamuusAAAAJ:UeHWp8X0CEIC",
      "authors": "X Chen, S Zhang, P Zhang, L Zhao, J Chen",
      "venue": "arXiv preprint arXiv:2305.15695, 2023",
      "year": 2023,
      "citations": 11
    },
    {
      "title": "Model-Based Reparameterization Policy Gradient Methods: Theory and Practical Algorithms",
      "url": "https://scholar.google.com/citations?view_op=view_citation&hl=en&user=8NamuusAAAAJ&citation_for_view=8NamuusAAAAJ:eQOLeE2rZwMC",
      "authors": "S Zhang, B Liu, Z Wang, T Zhao",
      "venue": "Advances in Neural Information Processing Systems (NeurIPS), 2023",
      "year": 2023,
      "citations": 7
    },
    {
      "title": "Conservative Dual Policy Optimization for Efficient Model-Based Reinforcement Learning",
      "url": "https://scholar.google.com/citations?view_op=view_citation&hl=en&user=8NamuusAAAAJ&citation_for_view=8NamuusAAAAJ:qjMakFHDy7sC",
      "authors": "S Zhang",
      "venue": "Advances in Neural Information Processing Systems (NeurIPS), 2022",
      "year": 2022,
      "citations": 7
    },
    {
      "title": "Learning Meta Representations for Agents in Multi-Agent Reinforcement Learning",
      "url": "https://scholar.google.com/citations?view_op=view_citation&hl=en&user=8NamuusAAAAJ&citation_for_view=8NamuusAAAAJ:u-x6o8ySG0sC",
      "authors": "S Zhang, L Shen, L Han, L Shen",
      "venue": "Conference on Lifelong Learning Agents (CoLLAs), 2021",
      "year": 2021,
      "citations": 11
    },
    {
      "title": "Structure-Regularized Attention for Deformable Object Representation",
      "url": "https://scholar.google.com/citations?view_op=view_citation&hl=en&user=8NamuusAAAAJ&citation_for_view=8NamuusAAAAJ:u5HHmVD_uO8C",
      "authors": "S Zhang, L Shen, Z Li, W Liu",
      "venue": "NeurIPS 2020 Workshop on Object Representations for Learning and Reasoning, 2021",
      "year": 2021,
      "citations": 2
    }
  ],
  "co_authors": []
}