{
  "author_info": {
    "name": "Chunwei Liu",
    "affiliation": "Massachusetts Institute of Technology",
    "email_verified": "Verified email at csail.mit.edu - Homepage",
    "website": "https://people.csail.mit.edu/chunwei",
    "interests": [
      "Databases",
      "Compound AI Systems",
      "LLM",
      "Data Compression",
      "IoT"
    ],
    "photo_url": "https://scholar.googleusercontent.com/citations?view_op=view_photo&user=Q0LOhAgAAAAJ&citpid=7"
  },
  "citation_stats": {
    "citations_all": 722,
    "citations_since_2020": 683,
    "h_index_all": 15,
    "h_index_since_2020": 14,
    "i10_index_all": 17,
    "i10_index_since_2020": 15,
    "citation_graph": [
      {
        "year": 2015,
        "citations": 2
      },
      {
        "year": 2016,
        "citations": 7
      },
      {
        "year": 2017,
        "citations": 11
      },
      {
        "year": 2018,
        "citations": 6
      },
      {
        "year": 2019,
        "citations": 13
      },
      {
        "year": 2020,
        "citations": 7
      },
      {
        "year": 2021,
        "citations": 34
      },
      {
        "year": 2022,
        "citations": 62
      },
      {
        "year": 2023,
        "citations": 113
      },
      {
        "year": 2024,
        "citations": 172
      },
      {
        "year": 2025,
        "citations": 294
      }
    ]
  },
  "papers": [
    {
      "title": "Palimpzest: Optimizing AI-Powered Analytics with Declarative Query Processing",
      "url": "https://scholar.google.com/citations?view_op=view_citation&hl=en&user=Q0LOhAgAAAAJ&citation_for_view=Q0LOhAgAAAAJ:7PzlFSSx8tAC",
      "authors": "C Liu, M Russo, M Cafarella, L Cao, PB Chen, Z Chen, M Franklin, ...",
      "venue": "",
      "citations": 29,
      "year": 2025
    },
    {
      "title": "PalimpChat: Declarative and Interactive AI analytics",
      "url": "https://scholar.google.com/citations?view_op=view_citation&hl=en&user=Q0LOhAgAAAAJ&citation_for_view=Q0LOhAgAAAAJ:-f6ydRqryjwC",
      "authors": "C Liu, G Vitagliano, B Rose, M Printz, DA Samson, M Cafarella",
      "venue": "Companion of the 2025 International Conference on Management of Data, 183-186, 2025",
      "year": 2025,
      "citations": 6
    },
    {
      "title": "Abacus: A Cost-Based Optimizer for Semantic Operator Systems",
      "url": "https://scholar.google.com/citations?view_op=view_citation&hl=en&user=Q0LOhAgAAAAJ&citation_for_view=Q0LOhAgAAAAJ:hFOr9nPyWt4C",
      "authors": "M Russo, S Sudhir, G Vitagliano, C Liu, T Kraska, S Madden, M Cafarella",
      "venue": "arXiv preprint arXiv:2505.14661, 2025",
      "year": 2025,
      "citations": 6
    },
    {
      "title": "A declarative system for optimizing ai workloads",
      "url": "https://scholar.google.com/citations?view_op=view_citation&hl=en&user=Q0LOhAgAAAAJ&citation_for_view=Q0LOhAgAAAAJ:4TOpqqG69KYC",
      "authors": "C Liu, M Russo, M Cafarella, L Cao, PB Chen, Z Chen, M Franklin, ...",
      "venue": "arXiv preprint arXiv:2405.14696, 2024",
      "year": 2024,
      "citations": 52
    },
    {
      "title": "Adaedge: A dynamic compression selection framework for resource constrained devices",
      "url": "https://scholar.google.com/citations?view_op=view_citation&hl=en&user=Q0LOhAgAAAAJ&citation_for_view=Q0LOhAgAAAAJ:L8Ckcad2t8MC",
      "authors": "C Liu, J Paparrizos, AJ Elmore",
      "venue": "2024 IEEE 40th International Conference on Data Engineering (ICDE), 1506-1519, 2024",
      "year": 2024,
      "citations": 16
    },
    {
      "title": "Don't Stop Me Now: Embedding Based Scheduling for LLMs",
      "url": "https://scholar.google.com/citations?view_op=view_citation&hl=en&user=Q0LOhAgAAAAJ&citation_for_view=Q0LOhAgAAAAJ:Wp0gIr-vW9MC",
      "authors": "R Shahout, E Malach, C Liu, W Jiang, M Yu, M Mitzenmacher",
      "venue": "arXiv preprint arXiv:2410.01035, 2024",
      "year": 2024,
      "citations": 10
    },
    {
      "title": "Seed: Simple, efficient, and effective data management via large language models",
      "url": "https://scholar.google.com/citations?view_op=view_citation&hl=en&user=Q0LOhAgAAAAJ&citation_for_view=Q0LOhAgAAAAJ:0EnyYjriUFMC",
      "authors": "Z CHen, L Cao, S Madden, J Fan, N Tang, Z Gu, Z Shang, C Liu, ...",
      "venue": "arXiv preprint arXiv:2310.00749, 2023",
      "year": 2023,
      "citations": 31
    },
    {
      "title": "A Deep Dive into Common Open Formats for Analytical DBMSs",
      "url": "https://scholar.google.com/citations?view_op=view_citation&hl=en&user=Q0LOhAgAAAAJ&citation_for_view=Q0LOhAgAAAAJ:hqOjcs7Dif8C",
      "authors": "C Liu, A Pavlenko, M Interlandi, B Haynes",
      "venue": "Proceedings of the VLDB Endowment 16 (11), 3044-3056, 2023",
      "year": 2023,
      "citations": 23
    },
    {
      "title": "SEED: Domain-specific data curation with large language models",
      "url": "https://scholar.google.com/citations?view_op=view_citation&hl=en&user=Q0LOhAgAAAAJ&citation_for_view=Q0LOhAgAAAAJ:8k81kl-MbHgC",
      "authors": "Z Chen, L Cao, S Madden, T Kraska, Z Shang, J Fan, N Tang, Z Gu, C Liu, ...",
      "venue": "arXiv preprint arXiv:2310.00749, 2023",
      "year": 2023,
      "citations": 19
    },
    {
      "title": "Querying Time-Series Data: A Comprehensive Comparison of Distance Measures",
      "url": "https://scholar.google.com/citations?view_op=view_citation&hl=en&user=Q0LOhAgAAAAJ&citation_for_view=Q0LOhAgAAAAJ:5nxA0vEk-isC",
      "authors": "J Paparrizos, C Liu, AJ Elmore, MJ Franklin",
      "venue": "Data Engineering, 69-88, 2023",
      "year": 2023,
      "citations": 15
    },
    {
      "title": "Fast adaptive similarity search through variance-aware quantization",
      "url": "https://scholar.google.com/citations?view_op=view_citation&hl=en&user=Q0LOhAgAAAAJ&citation_for_view=Q0LOhAgAAAAJ:LkGwnXOMwfcC",
      "authors": "J Paparrizos, I Edian, C Liu, AJ Elmore, MJ Franklin",
      "venue": "2022 IEEE 38th International Conference on Data Engineering (ICDE), 2969-2983, 2022",
      "year": 2022,
      "citations": 51
    },
    {
      "title": "VergeDB: A Database for IoT Analytics on Edge Devices.",
      "url": "https://scholar.google.com/citations?view_op=view_citation&hl=en&user=Q0LOhAgAAAAJ&citation_for_view=Q0LOhAgAAAAJ:eQOLeE2rZwMC",
      "authors": "J Paparrizos, C Liu, B Barbarioli, J Hwang, I Edian, AJ Elmore, ...",
      "venue": "CIDR, 2021",
      "year": 2021,
      "citations": 86
    },
    {
      "title": "Good to the last bit: Data-driven encoding with codecdb",
      "url": "https://scholar.google.com/citations?view_op=view_citation&hl=en&user=Q0LOhAgAAAAJ&citation_for_view=Q0LOhAgAAAAJ:WF5omc3nYNoC",
      "authors": "H Jiang, C Liu, J Paparrizos, AA Chien, J Ma, AJ Elmore",
      "venue": "Proceedings of the 2021 International Conference on Management of Data, 843-856, 2021",
      "year": 2021,
      "citations": 63
    },
    {
      "title": "Decomposed Bounded Floats for Fast Compression and Queries",
      "url": "https://scholar.google.com/citations?view_op=view_citation&hl=en&user=Q0LOhAgAAAAJ&citation_for_view=Q0LOhAgAAAAJ:ufrVoPGSRksC",
      "authors": "C Liu, H Jiang, J Paparrizos, AJ Elmore",
      "venue": "VLDB 14 (11), 2586 - 2598, 2021",
      "year": 2021,
      "citations": 63
    },
    {
      "title": "Debunking four long-standing misconceptions of time-series distance measures",
      "url": "https://scholar.google.com/citations?view_op=view_citation&hl=en&user=Q0LOhAgAAAAJ&citation_for_view=Q0LOhAgAAAAJ:W7OEmFMy1HYC",
      "authors": "J Paparrizos, C Liu, AJ Elmore, MJ Franklin",
      "venue": "Proceedings of the 2020 ACM SIGMOD international conference on management of …, 2020",
      "year": 2020,
      "citations": 99
    },
    {
      "title": "Pids: attribute decomposition for improved compression and query performance in columnar storage",
      "url": "https://scholar.google.com/citations?view_op=view_citation&hl=en&user=Q0LOhAgAAAAJ&citation_for_view=Q0LOhAgAAAAJ:Y0pCki6q_DkC",
      "authors": "H Jiang, C Liu, Q Jin, J Paparrizos, AJ Elmore",
      "venue": "Proceedings of the VLDB Endowment 13 (6), 925-938, 2020",
      "year": 2020,
      "citations": 42
    },
    {
      "title": "Mostly Order Preserving Dictionaries",
      "url": "https://scholar.google.com/citations?view_op=view_citation&hl=en&user=Q0LOhAgAAAAJ&citation_for_view=Q0LOhAgAAAAJ:IjCSPb-OGe4C",
      "authors": "C Liu, MK Umbenhower, H Jiang, P Subramaniam, J Ma, AJ Elmore",
      "venue": "2019 IEEE 35th International Conference on Data Engineering (ICDE), 1214-1225, 2019",
      "year": 2019,
      "citations": 23
    },
    {
      "title": "Cloud computing-based map-matching for transportation data center",
      "url": "https://scholar.google.com/citations?view_op=view_citation&hl=en&user=Q0LOhAgAAAAJ&citation_for_view=Q0LOhAgAAAAJ:qjMakFHDy7sC",
      "authors": "J Huang, J Qie, C Liu, S Li, J Weng, W Lv",
      "venue": "Electronic Commerce Research and Applications 14 (6), 431-443, 2015",
      "year": 2015,
      "citations": 22
    },
    {
      "title": "Developing map matching algorithm for transportation data center",
      "url": "https://scholar.google.com/citations?view_op=view_citation&hl=en&user=Q0LOhAgAAAAJ&citation_for_view=Q0LOhAgAAAAJ:d1gkVwhDpl0C",
      "authors": "J Huang, C Liu, J Qie",
      "venue": "2014 ninth international conference on P2P, parallel, grid, cloud and …, 2014",
      "year": 2014,
      "citations": 9
    },
    {
      "title": "Parallel map matching on massive vehicle GPS data using MapReduce",
      "url": "https://scholar.google.com/citations?view_op=view_citation&hl=en&user=Q0LOhAgAAAAJ&citation_for_view=Q0LOhAgAAAAJ:u5HHmVD_uO8C",
      "authors": "J Huang, S Qiao, H Yu, J Qie, C Liu",
      "venue": "2013 IEEE 10th international conference on high performance computing and …, 2013",
      "year": 2013,
      "citations": 22
    }
  ],
  "co_authors": [
    {
      "name": "Aaron J Elmore",
      "scholar_id": "bEXfdkoAAAAJ",
      "url": "https://scholar.google.com/citations?user=bEXfdkoAAAAJ"
    },
    {
      "name": "John Paparrizos",
      "scholar_id": "CmxltbUAAAAJ",
      "url": "https://scholar.google.com/citations?user=CmxltbUAAAAJ"
    },
    {
      "name": "Michael Cafarella",
      "scholar_id": "r1quzEkAAAAJ",
      "url": "https://scholar.google.com/citations?user=r1quzEkAAAAJ"
    },
    {
      "name": "Michael Franklin",
      "scholar_id": "p0sQC6sAAAAJ",
      "url": "https://scholar.google.com/citations?user=p0sQC6sAAAAJ"
    },
    {
      "name": "Samuel Madden",
      "scholar_id": "a1ngrCIAAAAJ",
      "url": "https://scholar.google.com/citations?user=a1ngrCIAAAAJ"
    },
    {
      "name": "Tim Kraska",
      "scholar_id": "biuxbRsAAAAJ",
      "url": "https://scholar.google.com/citations?user=biuxbRsAAAAJ"
    },
    {
      "name": "Peter Baile Chen",
      "scholar_id": "hVnM4FgAAAAJ",
      "url": "https://scholar.google.com/citations?user=hVnM4FgAAAAJ"
    },
    {
      "name": "Hao Jiang",
      "scholar_id": "EcT_Ve4AAAAJ",
      "url": "https://scholar.google.com/citations?user=EcT_Ve4AAAAJ"
    },
    {
      "name": "Gerardo Vitagliano",
      "scholar_id": "zYBXv3sAAAAJ",
      "url": "https://scholar.google.com/citations?user=zYBXv3sAAAAJ"
    },
    {
      "name": "Markos Markakis",
      "scholar_id": "b_1jULoAAAAJ",
      "url": "https://scholar.google.com/citations?user=b_1jULoAAAAJ"
    },
    {
      "name": "Sanjay Krishnan",
      "scholar_id": "Yxh9WWoAAAAJ",
      "url": "https://scholar.google.com/citations?user=Yxh9WWoAAAAJ"
    },
    {
      "name": "Andrew A. Chien",
      "scholar_id": "zkqz0_0AAAAJ",
      "url": "https://scholar.google.com/citations?user=zkqz0_0AAAAJ"
    },
    {
      "name": "Matteo Interlandi",
      "scholar_id": "KnDm7b4AAAAJ",
      "url": "https://scholar.google.com/citations?user=KnDm7b4AAAAJ"
    },
    {
      "name": "Brandon Haynes",
      "scholar_id": "lEWpgi8AAAAJ",
      "url": "https://scholar.google.com/citations?user=lEWpgi8AAAAJ"
    }
  ]
}