{
  "author_info": {
    "name": "Chao-Han Huck Yang",
    "affiliation": "Sr. Research Scientist, NVIDIA Research",
    "email_verified": "Verified email at nvidia.com - Homepage",
    "website": "https://huckiyang.github.io/",
    "interests": [
      "Post-Training",
      "Robust Speech Recognition",
      "Language Models",
      "Sequence Modeling"
    ],
    "photo_url": "https://scholar.googleusercontent.com/citations?view_op=view_photo&user=TT3XJW8AAAAJ&citpid=32"
  },
  "citation_stats": {
    "citations_all": 3692,
    "citations_since_2020": 3639,
    "h_index_all": 32,
    "h_index_since_2020": 31,
    "i10_index_all": 73,
    "i10_index_since_2020": 72,
    "citation_graph": [
      {
        "year": 2018,
        "citations": 19
      },
      {
        "year": 2019,
        "citations": 15
      },
      {
        "year": 2020,
        "citations": 68
      },
      {
        "year": 2021,
        "citations": 261
      },
      {
        "year": 2022,
        "citations": 339
      },
      {
        "year": 2023,
        "citations": 598
      },
      {
        "year": 2024,
        "citations": 992
      },
      {
        "year": 2025,
        "citations": 1370
      }
    ]
  },
  "papers": [
    {
      "title": "An investigation of incorporating mamba for speech enhancement",
      "url": "https://scholar.google.com/citations?view_op=view_citation&hl=en&user=TT3XJW8AAAAJ&citation_for_view=TT3XJW8AAAAJ:CYCckWUYoCcC",
      "authors": "R Chao, WH Cheng, M La Quatra, SM Siniscalchi, CHH Yang, SW Fu, ...",
      "venue": "2024 IEEE Spoken Language Technology Workshop (SLT), 302-308, 2024",
      "year": 2024,
      "citations": 102
    },
    {
      "title": "Large Language Models are Efficient Learners of Noise-Robust Speech Recognition",
      "url": "https://scholar.google.com/citations?view_op=view_citation&hl=en&user=TT3XJW8AAAAJ&citation_for_view=TT3XJW8AAAAJ:w0F2JDEymm0C",
      "authors": "Y Hu, C Chen, CHH Yang, R Li, C Zhang, PY Chen, ES Chng",
      "venue": "International Conference on Learning Representations (ICLR), Spotlight 5%, 2024",
      "year": 2024,
      "citations": 62
    },
    {
      "title": "Can whisper perform speech-based in-context learning?",
      "url": "https://scholar.google.com/citations?view_op=view_citation&hl=en&user=TT3XJW8AAAAJ&citation_for_view=TT3XJW8AAAAJ:QyXJ3EUuO1IC",
      "authors": "S Wang, CHH Yang, J Wu, C Zhang",
      "venue": "IEEE International Conference on Acoustics, Speech and Signal Processing …, 2024",
      "year": 2024,
      "citations": 55
    },
    {
      "title": "Dynamic-superb phase-2: A collaboratively expanding benchmark for measuring the capabilities of spoken language models with 180 tasks",
      "url": "https://scholar.google.com/citations?view_op=view_citation&hl=en&user=TT3XJW8AAAAJ&citation_for_view=TT3XJW8AAAAJ:isU91gLudPYC",
      "authors": "C Huang, WC Chen, S Yang, AT Liu, CA Li, YX Lin, WC Tseng, A Diwan, ...",
      "venue": "International Conference on Learning Representations (ICLR) 2025, 2024",
      "year": 2024,
      "citations": 49
    },
    {
      "title": "Hyporadise: An open baseline for generative speech recognition with large language models",
      "url": "https://scholar.google.com/citations?view_op=view_citation&hl=en&user=TT3XJW8AAAAJ&citation_for_view=TT3XJW8AAAAJ:rbm3iO8VlycC",
      "authors": "C Chen, Y Hu, CHH Yang, SM Siniscalchi, PY Chen, ES Chng",
      "venue": "Advances in Neural Information Processing Systems 36, 31665-31688, 2023",
      "year": 2023,
      "citations": 97
    },
    {
      "title": "Generative Speech Recognition Error Correction with Large Language Models and Task-Activating Prompting",
      "url": "https://scholar.google.com/citations?view_op=view_citation&hl=en&user=TT3XJW8AAAAJ&citation_for_view=TT3XJW8AAAAJ:ce2CqMG-AY4C",
      "authors": "CHH Yang, Y Gu, YC Liu, S Ghosh, I Bulyko, A Stolcke",
      "venue": "IEEE ASRU 2023, 2023",
      "year": 2023,
      "citations": 91
    },
    {
      "title": "Whispering LLaMA: A Cross-Modal Generative Error Correction Framework for Speech Recognition",
      "url": "https://scholar.google.com/citations?view_op=view_citation&hl=en&user=TT3XJW8AAAAJ&citation_for_view=TT3XJW8AAAAJ:mKu_rENv82IC",
      "authors": "S Radhakrishnan, CHH Yang, SA Khan, R Kumar, NA Kiani, ...",
      "venue": "EMNLP 2023, Oral, 2023",
      "year": 2023,
      "citations": 76
    },
    {
      "title": "Low-rank Adaptation of Large Language Model Rescoring for Parameter-Efficient Speech Recognition",
      "url": "https://scholar.google.com/citations?view_op=view_citation&hl=en&user=TT3XJW8AAAAJ&citation_for_view=TT3XJW8AAAAJ:jE2MZjpN3IcC",
      "authors": "Y Yu, CHH Yang, J Kolehmainen, PG Shivakumar, Y Gu, S Ryu, R Ren, ...",
      "venue": "IEEE ASRU 2023, 2023",
      "year": 2023,
      "citations": 75
    },
    {
      "title": "Qtn-vqc: An end-to-end learning framework for quantum neural networks",
      "url": "https://scholar.google.com/citations?view_op=view_citation&hl=en&user=TT3XJW8AAAAJ&citation_for_view=TT3XJW8AAAAJ:PYBJJbyH-FwC",
      "authors": "J Qi, CH Yang, PY Chen",
      "venue": "Physica Scripta 99 (1), 015111, 2023",
      "year": 2023,
      "citations": 61
    },
    {
      "title": "Theoretical error performance analysis for variational quantum circuit based functional regression",
      "url": "https://scholar.google.com/citations?view_op=view_citation&hl=en&user=TT3XJW8AAAAJ&citation_for_view=TT3XJW8AAAAJ:owLR8QvbtFgC",
      "authors": "J Qi, CHH Yang, PY Chen, MH Hsieh",
      "venue": "npj Quantum Information 9 (1), 4, 2023",
      "year": 2023,
      "citations": 58
    },
    {
      "title": "When bert meets quantum temporal convolution learning for text classification in heterogeneous computing",
      "url": "https://scholar.google.com/citations?view_op=view_citation&hl=en&user=TT3XJW8AAAAJ&citation_for_view=TT3XJW8AAAAJ:artPoR2Yc-kC",
      "authors": "CHH Yang, J Qi, SYC Chen, Y Tsao, PY Chen",
      "venue": "ICASSP 2022-2022 IEEE International Conference on Acoustics, Speech and …, 2022",
      "year": 2022,
      "citations": 80
    },
    {
      "title": "Training a resilient q-network against observational interference",
      "url": "https://scholar.google.com/citations?view_op=view_citation&hl=en&user=TT3XJW8AAAAJ&citation_for_view=TT3XJW8AAAAJ:KbBQZpvPDL4C",
      "authors": "CHH Yang, ITD Hung, Y Ouyang, PY Chen",
      "venue": "Proceedings of the AAAI Conference on Artificial Intelligence 36 (8), 8814-8822, 2022",
      "year": 2022,
      "citations": 47
    },
    {
      "title": "Decentralizing feature extraction with quantum convolutional neural network for automatic speech recognition",
      "url": "https://scholar.google.com/citations?view_op=view_citation&hl=en&user=TT3XJW8AAAAJ&citation_for_view=TT3XJW8AAAAJ:IaI1MmNe2tcC",
      "authors": "CHH Yang, J Qi, SYC Chen, PY Chen, SM Siniscalchi, X Ma, CH Lee",
      "venue": "ICASSP 2021-2021 IEEE International Conference on Acoustics, Speech and …, 2021",
      "year": 2021,
      "citations": 227
    },
    {
      "title": "Voice2series: Reprogramming acoustic models for time series classification",
      "url": "https://scholar.google.com/citations?view_op=view_citation&hl=en&user=TT3XJW8AAAAJ&citation_for_view=TT3XJW8AAAAJ:OzeSX8-yOCQC",
      "authors": "CHH Yang, YY Tsai, PY Chen",
      "venue": "International conference on machine learning, 11808-11819, 2021",
      "year": 2021,
      "citations": 201
    },
    {
      "title": "Deepopht: medical report generation for retinal images via deep models and visual explanation",
      "url": "https://scholar.google.com/citations?view_op=view_citation&hl=en&user=TT3XJW8AAAAJ&citation_for_view=TT3XJW8AAAAJ:ubry08Y2EpUC",
      "authors": "JH Huang, CHH Yang, F Liu, M Tian, YC Liu, TW Wu, I Lin, K Wang, ...",
      "venue": "Proceedings of the IEEE/CVF winter conference on applications of computer …, 2021",
      "year": 2021,
      "citations": 84
    },
    {
      "title": "A two-stage approach to device-robust acoustic scene classification",
      "url": "https://scholar.google.com/citations?view_op=view_citation&hl=en&user=TT3XJW8AAAAJ&citation_for_view=TT3XJW8AAAAJ:yFnVuubrUp4C",
      "authors": "H Hu, CHH Yang, X Xia, X Bai, X Tang, Y Wang, S Niu, L Chai, J Li, H Zhu, ...",
      "venue": "IEEE International Conference on Acoustics, Speech and Signal Processing …, 2021",
      "year": 2021,
      "citations": 54
    },
    {
      "title": "Variational quantum circuits for deep reinforcement learning",
      "url": "https://scholar.google.com/citations?view_op=view_citation&hl=en&user=TT3XJW8AAAAJ&citation_for_view=TT3XJW8AAAAJ:cWzG1nlazyYC",
      "authors": "SYC Chen, CHH Yang, J Qi, PY Chen, X Ma, HS Goan",
      "venue": "IEEE Xanadu Quantum AI Competition, Research Track 1st Prize, 8, 141007-141024, 2020",
      "year": 2020,
      "citations": 524
    },
    {
      "title": "Y-net: Multi-scale feature aggregation network with wavelet structure similarity loss function for single image dehazing",
      "url": "https://scholar.google.com/citations?view_op=view_citation&hl=en&user=TT3XJW8AAAAJ&citation_for_view=TT3XJW8AAAAJ:HtS1dXgVpQUC",
      "authors": "HH Yang, CHH Yang, YCJ Tsai",
      "venue": "IEEE International Conference on Acoustics, Speech and Signal Processing …, 2020",
      "year": 2020,
      "citations": 98
    },
    {
      "title": "Device-robust acoustic scene classification based on two-stage categorization and data augmentation",
      "url": "https://scholar.google.com/citations?view_op=view_citation&hl=en&user=TT3XJW8AAAAJ&citation_for_view=TT3XJW8AAAAJ:OR75R8vi5nAC",
      "authors": "H Hu, CHH Yang, X Xia, X Bai, X Tang, Y Wang, S Niu, L Chai, J Li, H Zhu, ...",
      "venue": "Detection and Classification of Acoustic Scenes and Events (DCASE), Best …, 2020",
      "year": 2020,
      "citations": 87
    },
    {
      "title": "Characterizing speech adversarial examples using self-attention u-net enhancement",
      "url": "https://scholar.google.com/citations?view_op=view_citation&hl=en&user=TT3XJW8AAAAJ&citation_for_view=TT3XJW8AAAAJ:QD3KBmkZPeQC",
      "authors": "CH Yang, J Qi, PY Chen, X Ma, CH Lee",
      "venue": "IEEE International Conference on Acoustics, Speech and Signal Processing …, 2020",
      "year": 2020,
      "citations": 70
    }
  ],
  "co_authors": [
    {
      "name": "Pin-Yu Chen",
      "scholar_id": "jxwlCUUAAAAJ",
      "url": "https://scholar.google.com/citations?user=jxwlCUUAAAAJ"
    },
    {
      "name": "sabato marco siniscalchi",
      "scholar_id": "iHhGIcEAAAAJ",
      "url": "https://scholar.google.com/citations?user=iHhGIcEAAAAJ"
    },
    {
      "name": "Jun Qi",
      "scholar_id": "7oZpnlkAAAAJ",
      "url": "https://scholar.google.com/citations?user=7oZpnlkAAAAJ"
    },
    {
      "name": "Chin-Hui Lee",
      "scholar_id": "TKQZ16hbpPwC",
      "url": "https://scholar.google.com/citations?user=TKQZ16hbpPwC"
    },
    {
      "name": "Jesper Tegnér",
      "scholar_id": "_DUppAgAAAAJ",
      "url": "https://scholar.google.com/citations?user=_DUppAgAAAAJ"
    },
    {
      "name": "Andreas Stolcke",
      "scholar_id": "NK36Tw0AAAAJ",
      "url": "https://scholar.google.com/citations?user=NK36Tw0AAAAJ"
    },
    {
      "name": "Ivan Bulyko",
      "scholar_id": "DXRt6TwAAAAJ",
      "url": "https://scholar.google.com/citations?user=DXRt6TwAAAAJ"
    },
    {
      "name": "Zhehuai Chen",
      "scholar_id": "AZrMB-AAAAAJ",
      "url": "https://scholar.google.com/citations?user=AZrMB-AAAAAJ"
    },
    {
      "name": "Boris Ginsburg",
      "scholar_id": "7BRYaGcAAAAJ",
      "url": "https://scholar.google.com/citations?user=7BRYaGcAAAAJ"
    },
    {
      "name": "Pin-Jui Ku",
      "scholar_id": "jmNLv9EAAAAJ",
      "url": "https://scholar.google.com/citations?user=jmNLv9EAAAAJ"
    },
    {
      "name": "Shinji Watanabe",
      "scholar_id": "U5xRA6QAAAAJ",
      "url": "https://scholar.google.com/citations?user=U5xRA6QAAAAJ"
    },
    {
      "name": "Zhifeng Kong",
      "scholar_id": "jAOD1dsAAAAJ",
      "url": "https://scholar.google.com/citations?user=jAOD1dsAAAAJ"
    },
    {
      "name": "Tara Sainath",
      "scholar_id": "aMeteU4AAAAJ",
      "url": "https://scholar.google.com/citations?user=aMeteU4AAAAJ"
    },
    {
      "name": "Bo Li",
      "scholar_id": "iRhp1PAAAAAJ",
      "url": "https://scholar.google.com/citations?user=iRhp1PAAAAAJ"
    },
    {
      "name": "Nanxin Chen",
      "scholar_id": "4iFb9qYAAAAJ",
      "url": "https://scholar.google.com/citations?user=4iFb9qYAAAAJ"
    },
    {
      "name": "Hector Zenil",
      "scholar_id": "P6z3U-wAAAAJ",
      "url": "https://scholar.google.com/citations?user=P6z3U-wAAAAJ"
    },
    {
      "name": "Hao Yen",
      "scholar_id": "NxeLOA8AAAAJ",
      "url": "https://scholar.google.com/citations?user=NxeLOA8AAAAJ"
    },
    {
      "name": "Rohit Prabhavalkar",
      "scholar_id": "JgltxisAAAAJ",
      "url": "https://scholar.google.com/citations?user=JgltxisAAAAJ"
    },
    {
      "name": "Yu Zhang",
      "scholar_id": "EilVnKwAAAAJ",
      "url": "https://scholar.google.com/citations?user=EilVnKwAAAAJ"
    },
    {
      "name": "Alexander Lerch",
      "scholar_id": "29dF3UIAAAAJ",
      "url": "https://scholar.google.com/citations?user=29dF3UIAAAAJ"
    }
  ]
}