{
  "author_info": {
    "name": "Eric Todd",
    "affiliation": "PhD Student at Northeastern University",
    "email_verified": "Verified email at northeastern.edu - Homepage",
    "website": "https://ericwtodd.github.io/",
    "interests": [
      "Machine Learning",
      "Model Interpretability"
    ],
    "photo_url": "https://scholar.googleusercontent.com/citations?view_op=view_photo&user=o12WPZEAAAAJ&citpid=8"
  },
  "citation_stats": {
    "citations_all": 541,
    "citations_since_2020": 540,
    "h_index_all": 6,
    "h_index_since_2020": 6,
    "i10_index_all": 5,
    "i10_index_since_2020": 5,
    "citation_graph": [
      {
        "year": 2021,
        "citations": 2
      },
      {
        "year": 2022,
        "citations": 5
      },
      {
        "year": 2023,
        "citations": 8
      },
      {
        "year": 2024,
        "citations": 143
      },
      {
        "year": 2025,
        "citations": 381
      }
    ]
  },
  "papers": [
    {
      "title": "Open Problems in Mechanistic Interpretability",
      "url": "https://scholar.google.com/citations?view_op=view_citation&hl=en&user=o12WPZEAAAAJ&citation_for_view=o12WPZEAAAAJ:TFP_iSt0sucC",
      "authors": "L Sharkey, B Chughtai, J Batson, J Lindsey, J Wu, L Bushnaq, ...",
      "venue": "Transactions on Machine Learning (TMLR), 2025",
      "year": 2025,
      "citations": 126
    },
    {
      "title": "The Quest for the Right Mediator: Surveying Mechanistic Interpretability for NLP Through the Lens of Causal Mediation Analysis",
      "url": "https://scholar.google.com/citations?view_op=view_citation&hl=en&user=o12WPZEAAAAJ&citation_for_view=o12WPZEAAAAJ:2P1L_qKh6hAC",
      "authors": "A Mueller, J Brinkmann, M Li, S Marks, K Pal, N Prakash, C Rager, ...",
      "venue": "Computational Linguistics, 1-48, 2025",
      "year": 2025,
      "citations": 48
    },
    {
      "title": "NNsight and NDIF: Democratizing Access to Open-Weight Foundation Model Internals",
      "url": "https://scholar.google.com/citations?view_op=view_citation&hl=en&user=o12WPZEAAAAJ&citation_for_view=o12WPZEAAAAJ:M3NEmzRMIkIC",
      "authors": "J Fiotto-Kaufman, AR Loftus, E Todd, J Brinkmann, K Pal, D Troitskii, ...",
      "venue": "The Thirteenth International Conference on Learning Representations (ICLR 2025), 2025",
      "year": 2025,
      "citations": 39
    },
    {
      "title": "The Dual-Route Model of Induction",
      "url": "https://scholar.google.com/citations?view_op=view_citation&hl=en&user=o12WPZEAAAAJ&citation_for_view=o12WPZEAAAAJ:NMxIlDl6LWMC",
      "authors": "S Feucht, E Todd, B Wallace, D Bau",
      "venue": "arXiv preprint arXiv:2504.03022, 2025",
      "year": 2025,
      "citations": 7
    },
    {
      "title": "Function Vectors in Large Language Models",
      "url": "https://scholar.google.com/citations?view_op=view_citation&hl=en&user=o12WPZEAAAAJ&citation_for_view=o12WPZEAAAAJ:HoB7MX3m0LUC",
      "authors": "E Todd, ML Li, AS Sharma, A Mueller, BC Wallace, D Bau",
      "venue": "The Twelfth International Conference on Learning Representations (ICLR 2024), 2024",
      "year": 2024,
      "citations": 306
    },
    {
      "title": "Automatic Detection of Instances of Focused Crowd Involvement at Recreational Events",
      "url": "https://scholar.google.com/citations?view_op=view_citation&hl=en&user=o12WPZEAAAAJ&citation_for_view=o12WPZEAAAAJ:eQOLeE2rZwMC",
      "authors": "E Todd, MR Cook, K Pedersen, DS Woolworth, BA Butler, X Zhao, C Liu, ...",
      "venue": "Proceedings of Meetings on Acoustics 39 (1), 2019",
      "year": 2019,
      "citations": 3
    },
    {
      "title": "Classifying Crowd Behavior at Collegiate Basketball Games using Acoustic Data",
      "url": "https://scholar.google.com/citations?view_op=view_citation&hl=en&user=o12WPZEAAAAJ&citation_for_view=o12WPZEAAAAJ:d1gkVwhDpl0C",
      "authors": "BA Butler, K Pedersen, MR Cook, SG Wadsworth, E Todd, D Stark, ...",
      "venue": "Proceedings of Meetings on Acoustics 35 (1), 2018",
      "year": 2018,
      "citations": 12
    }
  ],
  "co_authors": [
    {
      "name": "Aaron Mueller",
      "scholar_id": "lhwxXg4AAAAJ",
      "url": "https://scholar.google.com/citations?user=lhwxXg4AAAAJ"
    },
    {
      "name": "David Bau",
      "scholar_id": "CYI6cKgAAAAJ",
      "url": "https://scholar.google.com/citations?user=CYI6cKgAAAAJ"
    },
    {
      "name": "Millicent Li",
      "scholar_id": "UZ1gBvAAAAAJ",
      "url": "https://scholar.google.com/citations?user=UZ1gBvAAAAAJ"
    },
    {
      "name": "Byron Wallace",
      "scholar_id": "KTzRHmwAAAAJ",
      "url": "https://scholar.google.com/citations?user=KTzRHmwAAAAJ"
    },
    {
      "name": "Arnab Sen Sharma",
      "scholar_id": "8ihSLrwAAAAJ",
      "url": "https://scholar.google.com/citations?user=8ihSLrwAAAAJ"
    },
    {
      "name": "Koyena Pal",
      "scholar_id": "W-rD5x0AAAAJ",
      "url": "https://scholar.google.com/citations?user=W-rD5x0AAAAJ"
    },
    {
      "name": "Samuel Marks",
      "scholar_id": "fW7yK10AAAAJ",
      "url": "https://scholar.google.com/citations?user=fW7yK10AAAAJ"
    },
    {
      "name": "Jannik Brinkmann",
      "scholar_id": "YtdTeaMAAAAJ",
      "url": "https://scholar.google.com/citations?user=YtdTeaMAAAAJ"
    },
    {
      "name": "Mark Transtrum",
      "scholar_id": "YtfPZDAAAAAJ",
      "url": "https://scholar.google.com/citations?user=YtfPZDAAAAAJ"
    },
    {
      "name": "Kent L. Gee",
      "scholar_id": "-ZqZRbYAAAAJ",
      "url": "https://scholar.google.com/citations?user=-ZqZRbYAAAAJ"
    },
    {
      "name": "Aruna Sankaranarayanan",
      "scholar_id": "ycsmuksAAAAJ",
      "url": "https://scholar.google.com/citations?user=ycsmuksAAAAJ"
    },
    {
      "name": "Jiuding Sun",
      "scholar_id": "Fi3VYNkAAAAJ",
      "url": "https://scholar.google.com/citations?user=Fi3VYNkAAAAJ"
    },
    {
      "name": "Alexander R Loftus",
      "scholar_id": "_Njcmm8AAAAJ",
      "url": "https://scholar.google.com/citations?user=_Njcmm8AAAAJ"
    },
    {
      "name": "Arjun Guha",
      "scholar_id": "yMU0f9EAAAAJ",
      "url": "https://scholar.google.com/citations?user=yMU0f9EAAAAJ"
    },
    {
      "name": "Carla Brodley",
      "scholar_id": "sQ8u6h4AAAAJ",
      "url": "https://scholar.google.com/citations?user=sQ8u6h4AAAAJ"
    },
    {
      "name": "Caden Juang",
      "scholar_id": "xB3N70IAAAAJ",
      "url": "https://scholar.google.com/citations?user=xB3N70IAAAAJ"
    },
    {
      "name": "Jaden Fiotto-Kaufman",
      "scholar_id": "Ch043PoAAAAJ",
      "url": "https://scholar.google.com/citations?user=Ch043PoAAAAJ"
    },
    {
      "name": "Brooks A. Butler",
      "scholar_id": "aqKiF3wAAAAJ",
      "url": "https://scholar.google.com/citations?user=aqKiF3wAAAAJ"
    },
    {
      "name": "Nikhil Prakash",
      "scholar_id": "kUfq-fEAAAAJ",
      "url": "https://scholar.google.com/citations?user=kUfq-fEAAAAJ"
    },
    {
      "name": "Sean Warnick",
      "scholar_id": "k7WBrxoAAAAJ",
      "url": "https://scholar.google.com/citations?user=k7WBrxoAAAAJ"
    }
  ]
}