{
  "author_info": {
    "name": "Fabrice Popineau",
    "affiliation": "CentraleSupelec, LISN",
    "email_verified": "Verified email at centralesupelec.fr - Homepage",
    "website": "http://fabrice.popineau.net/",
    "interests": [
      "Artificial Intelligence"
    ],
    "photo_url": "https://scholar.googleusercontent.com/citations?view_op=view_photo&user=GnAp7uoAAAAJ&citpid=1"
  },
  "citation_stats": {
    "citations_all": 697,
    "citations_since_2020": 508,
    "h_index_all": 12,
    "h_index_since_2020": 11,
    "i10_index_all": 15,
    "i10_index_since_2020": 11,
    "citation_graph": [
      {
        "year": 2004,
        "citations": 5
      },
      {
        "year": 2005,
        "citations": 1
      },
      {
        "year": 2006,
        "citations": 5
      },
      {
        "year": 2007,
        "citations": 3
      },
      {
        "year": 2008,
        "citations": 7
      },
      {
        "year": 2009,
        "citations": 6
      },
      {
        "year": 2010,
        "citations": 4
      },
      {
        "year": 2011,
        "citations": 10
      },
      {
        "year": 2012,
        "citations": 6
      },
      {
        "year": 2013,
        "citations": 6
      },
      {
        "year": 2014,
        "citations": 16
      },
      {
        "year": 2015,
        "citations": 11
      },
      {
        "year": 2016,
        "citations": 10
      },
      {
        "year": 2017,
        "citations": 13
      },
      {
        "year": 2018,
        "citations": 37
      },
      {
        "year": 2019,
        "citations": 22
      },
      {
        "year": 2020,
        "citations": 49
      },
      {
        "year": 2021,
        "citations": 67
      },
      {
        "year": 2022,
        "citations": 79
      },
      {
        "year": 2023,
        "citations": 98
      },
      {
        "year": 2024,
        "citations": 113
      },
      {
        "year": 2025,
        "citations": 99
      }
    ]
  },
  "papers": [
    {
      "title": "Comparative evaluation of anomaly detection methods for fraud detection in online credit card payments",
      "url": "https://scholar.google.com/citations?view_op=view_citation&hl=en&user=GnAp7uoAAAAJ&citation_for_view=GnAp7uoAAAAJ:sA9dB-pw3HoC",
      "authors": "H Thimonier, F Popineau, A Rimmel, BL Doan, F Daniel",
      "venue": "International Congress on Information and Communication Technology, 37-50, 2024",
      "year": 2024,
      "citations": 15
    },
    {
      "title": "Beyond Individual Input for Deep Anomaly Detection on Tabular Data",
      "url": "https://scholar.google.com/citations?view_op=view_citation&hl=en&user=GnAp7uoAAAAJ&citation_for_view=GnAp7uoAAAAJ:hSRAE-fF4OAC",
      "authors": "H Thimonier, F Popineau, A Rimmel, BL Doan",
      "venue": "International Conference on Machine Learning, 48097-48123, 2024",
      "year": 2024,
      "citations": 13
    },
    {
      "title": "Benchmarking robustness of deep reinforcement learning approaches to online portfolio management",
      "url": "https://scholar.google.com/citations?view_op=view_citation&hl=en&user=GnAp7uoAAAAJ&citation_for_view=GnAp7uoAAAAJ:Xl6nMSl579sC",
      "authors": "M Velay, BL Doan, A Rimmel, F Popineau, F Daniel",
      "venue": "2023 International Conference on Innovations in Intelligent Systems and …, 2023",
      "year": 2023,
      "citations": 7
    },
    {
      "title": "Tracinad: Measuring influence for anomaly detection",
      "url": "https://scholar.google.com/citations?view_op=view_citation&hl=en&user=GnAp7uoAAAAJ&citation_for_view=GnAp7uoAAAAJ:PkcyUWeTMh0C",
      "authors": "H Thimonier, F Popineau, A Rimmel, BL Doan, F Daniel",
      "venue": "2022 International joint conference on neural networks (IJCNN), 1-6, 2022",
      "year": 2022,
      "citations": 17
    },
    {
      "title": "Intelligence artificielle: une approche moderne (4ᵉ édition)",
      "url": "https://scholar.google.com/citations?view_op=view_citation&hl=en&user=GnAp7uoAAAAJ&citation_for_view=GnAp7uoAAAAJ:8Xgff_V0N9gC",
      "authors": "S Russell, P Norvig, F Popineau, L Miclet, C Cadet",
      "venue": "Pearson France, 2021",
      "year": 2021,
      "citations": 32
    },
    {
      "title": "Intelligence artificielle: une approche moderne (4e éd.)",
      "url": "https://scholar.google.com/citations?view_op=view_citation&hl=en&user=GnAp7uoAAAAJ&citation_for_view=GnAp7uoAAAAJ:X9ykpCP0fEIC",
      "authors": "SJ Russell, P Norvig, F Popineau, L Miclet, C Cadet",
      "venue": "Pearson France.(in French), 2021",
      "year": 2021,
      "citations": 9
    },
    {
      "title": "Representation learning of writing style",
      "url": "https://scholar.google.com/citations?view_op=view_citation&hl=en&user=GnAp7uoAAAAJ&citation_for_view=GnAp7uoAAAAJ:mWEH9CqjF64C",
      "authors": "J Hay, BL Doan, F Popineau, O Ait Elhara",
      "venue": "Proceedings of the Sixth Workshop on Noisy User-generated Text (W-NUT 2020 …, 2020",
      "year": 2020,
      "citations": 23
    },
    {
      "title": "DAS3H: modeling student learning and forgetting for optimally scheduling distributed practice of skills",
      "url": "https://scholar.google.com/citations?view_op=view_citation&hl=en&user=GnAp7uoAAAAJ&citation_for_view=GnAp7uoAAAAJ:2l5NCbZemmgC",
      "authors": "B Choffin, F Popineau, Y Bourda, JJ Vie",
      "venue": "arXiv preprint arXiv:1905.06873, 2019",
      "year": 2019,
      "citations": 144
    },
    {
      "title": "Automated test assembly for handling learner cold-start in large-scale assessments",
      "url": "https://scholar.google.com/citations?view_op=view_citation&hl=en&user=GnAp7uoAAAAJ&citation_for_view=GnAp7uoAAAAJ:kzcSZmkxUKAC",
      "authors": "JJ Vie, F Popineau, É Bruillard, Y Bourda",
      "venue": "International journal of artificial intelligence in education 28 (4), 616-631, 2018",
      "year": 2018,
      "citations": 23
    },
    {
      "title": "Personalized recommendation of open educational resources in MOOCs",
      "url": "https://scholar.google.com/citations?view_op=view_citation&hl=en&user=GnAp7uoAAAAJ&citation_for_view=GnAp7uoAAAAJ:SGW5VrABaM0C",
      "authors": "H Hajri, Y Bourda, F Popineau",
      "venue": "International Conference on Computer Supported Education, 166-190, 2018",
      "year": 2018,
      "citations": 20
    },
    {
      "title": "A System to Recommend Open Educational Resources during an Online Course.",
      "url": "https://scholar.google.com/citations?view_op=view_citation&hl=en&user=GnAp7uoAAAAJ&citation_for_view=GnAp7uoAAAAJ:BrOSOlqYqPUC",
      "authors": "H Hajri, Y Bourda, F Popineau",
      "venue": "CSEDU (1), 99-109, 2018",
      "year": 2018,
      "citations": 10
    },
    {
      "title": "A review of recent advances in adaptive assessment",
      "url": "https://scholar.google.com/citations?view_op=view_citation&hl=en&user=GnAp7uoAAAAJ&citation_for_view=GnAp7uoAAAAJ:dhFuZR0502QC",
      "authors": "JJ Vie, F Popineau, É Bruillard, Y Bourda",
      "venue": "Learning analytics: Fundaments, applications, and trends: A view of the …, 2017",
      "year": 2017,
      "citations": 94
    },
    {
      "title": "MORS: A system for recommending OERs in a MOOC",
      "url": "https://scholar.google.com/citations?view_op=view_citation&hl=en&user=GnAp7uoAAAAJ&citation_for_view=GnAp7uoAAAAJ:raTqNPD5sRQC",
      "authors": "H Hajri, Y Bourda, F Popineau",
      "venue": "2017 IEEE 17th International Conference on Advanced Learning Technologies …, 2017",
      "year": 2017,
      "citations": 22
    },
    {
      "title": "A heuristic method for large-scale cognitive-diagnostic computerized adaptive testing",
      "url": "https://scholar.google.com/citations?view_op=view_citation&hl=en&user=GnAp7uoAAAAJ&citation_for_view=GnAp7uoAAAAJ:-nhnvRiOwuoC",
      "authors": "JJ Vie, F Popineau, F Tort, B Marteau, N Denos",
      "venue": "Proceedings of the Fourth (2017) ACM Conference on Learning@ Scale, 323-326, 2017",
      "year": 2017,
      "citations": 12
    },
    {
      "title": "Towards better news article recommendation: with the help of user comments",
      "url": "https://scholar.google.com/citations?view_op=view_citation&hl=en&user=GnAp7uoAAAAJ&citation_for_view=GnAp7uoAAAAJ:7PzlFSSx8tAC",
      "authors": "Y Meguebli, M Kacimi, BL Doan, F Popineau",
      "venue": "World Wide Web 20 (6), 1293-1312, 2017",
      "year": 2017,
      "citations": 9
    },
    {
      "title": "Querying repositories of oer descriptions: The challenge of educational metadata schemas diversity",
      "url": "https://scholar.google.com/citations?view_op=view_citation&hl=en&user=GnAp7uoAAAAJ&citation_for_view=GnAp7uoAAAAJ:4TOpqqG69KYC",
      "authors": "H Hajri, Y Bourda, F Popineau",
      "venue": "European Conference on Technology Enhanced Learning, 582-586, 2015",
      "year": 2015,
      "citations": 8
    },
    {
      "title": "Building Rich User Profiles for Personalized News Recommendation.",
      "url": "https://scholar.google.com/citations?view_op=view_citation&hl=en&user=GnAp7uoAAAAJ&citation_for_view=GnAp7uoAAAAJ:8k81kl-MbHgC",
      "authors": "Y Meguebli, M Kacimi, B Doan, F Popineau",
      "venue": "UMAP Workshops, 2014",
      "year": 2014,
      "citations": 11
    },
    {
      "title": "Unsupervised approach for identifying users’ political orientations",
      "url": "https://scholar.google.com/citations?view_op=view_citation&hl=en&user=GnAp7uoAAAAJ&citation_for_view=GnAp7uoAAAAJ:5nxA0vEk-isC",
      "authors": "Y Meguebli, M Kacimi, BL Doan, F Popineau",
      "venue": "European Conference on Information Retrieval, 507-512, 2014",
      "year": 2014,
      "citations": 7
    },
    {
      "title": "Intelligence artificielle: Avec plus de 500 exercices",
      "url": "https://scholar.google.com/citations?view_op=view_citation&hl=en&user=GnAp7uoAAAAJ&citation_for_view=GnAp7uoAAAAJ:QIV2ME_5wuYC",
      "authors": "S Russell, P Norvig",
      "venue": "Pearson Education France, 2010",
      "year": 2010,
      "citations": 109
    },
    {
      "title": "Glam: A generic layered adaptation model for adaptive hypermedia systems",
      "url": "https://scholar.google.com/citations?view_op=view_citation&hl=en&user=GnAp7uoAAAAJ&citation_for_view=GnAp7uoAAAAJ:u5HHmVD_uO8C",
      "authors": "C Jacquiot, Y Bourda, F Popineau, A Delteil, C Reynaud",
      "venue": "International Conference on Adaptive Hypermedia and Adaptive Web-Based …, 2006",
      "year": 2006,
      "citations": 21
    }
  ],
  "co_authors": [
    {
      "name": "Yolaine Bourda",
      "scholar_id": "l4JTYmwAAAAJ",
      "url": "https://scholar.google.com/citations?user=l4JTYmwAAAAJ"
    },
    {
      "name": "Jill-Jênn Vie",
      "scholar_id": "7oCGHIMAAAAJ",
      "url": "https://scholar.google.com/citations?user=7oCGHIMAAAAJ"
    },
    {
      "name": "Bich-Liên DOAN",
      "scholar_id": "Oo6uX2oAAAAJ",
      "url": "https://scholar.google.com/citations?user=Oo6uX2oAAAAJ"
    },
    {
      "name": "Arpad Rimmel",
      "scholar_id": "8fECLSMAAAAJ",
      "url": "https://scholar.google.com/citations?user=8fECLSMAAAAJ"
    },
    {
      "name": "Benoît Choffin",
      "scholar_id": "s_pI0i4AAAAJ",
      "url": "https://scholar.google.com/citations?user=s_pI0i4AAAAJ"
    },
    {
      "name": "Meguebli Youssef",
      "scholar_id": "H9UbuPsAAAAJ",
      "url": "https://scholar.google.com/citations?user=H9UbuPsAAAAJ"
    },
    {
      "name": "Hugo Thimonier",
      "scholar_id": "p1mWlucAAAAJ",
      "url": "https://scholar.google.com/citations?user=p1mWlucAAAAJ"
    },
    {
      "name": "Mouna KACIMI",
      "scholar_id": "R4JLtN8AAAAJ",
      "url": "https://scholar.google.com/citations?user=R4JLtN8AAAAJ"
    },
    {
      "name": "Hiba Hajri",
      "scholar_id": "XR1WofbH4gYC",
      "url": "https://scholar.google.com/citations?user=XR1WofbH4gYC"
    },
    {
      "name": "Georges Dubus",
      "scholar_id": "WG6a8eAAAAAJ",
      "url": "https://scholar.google.com/citations?user=WG6a8eAAAAAJ"
    }
  ]
}