{
  "author_info": {
    "name": "Johannes Schusterbauer",
    "affiliation": "PhD Student, LMU Munich",
    "email_verified": "Verified email at lmu.de",
    "interests": [
      "Generative Models",
      "Computer Vision"
    ],
    "photo_url": "https://scholar.googleusercontent.com/citations?view_op=view_photo&user=vC6qVJIAAAAJ&citpid=7"
  },
  "citation_stats": {
    "citations_all": 337,
    "citations_since_2020": 337,
    "h_index_all": 5,
    "h_index_since_2020": 5,
    "i10_index_all": 4,
    "i10_index_since_2020": 4,
    "citation_graph": [
      {
        "year": 2022,
        "citations": 1
      },
      {
        "year": 2023,
        "citations": 2
      },
      {
        "year": 2024,
        "citations": 89
      },
      {
        "year": 2025,
        "citations": 244
      }
    ]
  },
  "papers": [
    {
      "title": "Zigma: A dit-style zigzag mamba diffusion model",
      "url": "https://scholar.google.com/citations?view_op=view_citation&hl=en&user=vC6qVJIAAAAJ&citation_for_view=vC6qVJIAAAAJ:zYLM7Y9cAGgC",
      "authors": "VT Hu, SA Baumann, M Gui, O Grebenkova, P Ma, J Schusterbauer, ...",
      "venue": "European Conference on Computer Vision, 148-166, 2025",
      "year": 2025,
      "citations": 158
    },
    {
      "title": "DepthFM: Fast Generative Monocular Depth Estimation with Flow Matching",
      "url": "https://scholar.google.com/citations?view_op=view_citation&hl=en&user=vC6qVJIAAAAJ&citation_for_view=vC6qVJIAAAAJ:YsMSGLbcyi4C",
      "authors": "M Gui*, J Schusterbauer*, U Prestel, P Ma, D Kotovenko, O Grebenkova, ...",
      "venue": "Proceedings of the AAAI Conference on Artificial Intelligence (Oral) 39 (3 …, 2025",
      "year": 2025,
      "citations": 88
    },
    {
      "title": "Distillation of Diffusion Features for Semantic Correspondence",
      "url": "https://scholar.google.com/citations?view_op=view_citation&hl=en&user=vC6qVJIAAAAJ&citation_for_view=vC6qVJIAAAAJ:Y0pCki6q_DkC",
      "authors": "F Fundel, J Schusterbauer, VT Hu, B Ommer",
      "venue": "Winter Conference on Applications of Computer Vision, 2025",
      "year": 2025,
      "citations": 9
    },
    {
      "title": "Diff2Flow: Training Flow Matching Models via Diffusion Model Alignment",
      "url": "https://scholar.google.com/citations?view_op=view_citation&hl=en&user=vC6qVJIAAAAJ&citation_for_view=vC6qVJIAAAAJ:WF5omc3nYNoC",
      "authors": "J Schusterbauer*, M Gui*, F Fundel, B Ommer",
      "venue": "Proceedings of the Computer Vision and Pattern Recognition Conference, 28347 …, 2025",
      "year": 2025,
      "citations": 5
    },
    {
      "title": "SCFlow: Implicitly Learning Style and Content Disentanglement with Flow Models",
      "url": "https://scholar.google.com/citations?view_op=view_citation&hl=en&user=vC6qVJIAAAAJ&citation_for_view=vC6qVJIAAAAJ:ufrVoPGSRksC",
      "authors": "P Ma, X Yang, Y Li, M Gui, F Krause, J Schusterbauer, B Ommer",
      "venue": "Proceedings of the IEEE/CVF International Conference on Computer Vision, 2025",
      "year": 2025,
      "citations": 1
    },
    {
      "title": "Adapting Self-Supervised Representations as a Latent Space for Efficient Generation",
      "url": "https://scholar.google.com/citations?view_op=view_citation&hl=en&user=vC6qVJIAAAAJ&citation_for_view=vC6qVJIAAAAJ:_FxGoFyzp5QC",
      "authors": "M Gui*, J Schusterbauer*, T Phan, F Krause, J Susskind, MA Bautista, ...",
      "venue": "arXiv preprint arXiv:2510.14630, 2025",
      "year": 2025,
      "citations": 0
    },
    {
      "title": "Side-specific implicit training of attentional disengagement and reorienting",
      "url": "https://scholar.google.com/citations?view_op=view_citation&hl=en&user=vC6qVJIAAAAJ&citation_for_view=vC6qVJIAAAAJ:eQOLeE2rZwMC",
      "authors": "K Ludwig, RMM Böswald, J Schusterbauer, T Schenk",
      "venue": "Experimental Brain Research 243 (7), 156, 2025",
      "year": 2025,
      "citations": 0
    },
    {
      "title": "Stochastic Interpolants for Revealing Stylistic Flows across the History of Art",
      "url": "https://scholar.google.com/citations?view_op=view_citation&hl=en&user=vC6qVJIAAAAJ&citation_for_view=vC6qVJIAAAAJ:LkGwnXOMwfcC",
      "authors": "P Ma, M Gui, J Schusterbauer, X Yang, O Grebenkova, VT Hu, B Ommer",
      "venue": "Proceedings of the IEEE/CVF International Conference on Computer Vision …, 2025",
      "year": 2025,
      "citations": 0
    },
    {
      "title": "Diffusion Models and Representation Learning: A Survey",
      "url": "https://scholar.google.com/citations?view_op=view_citation&hl=en&user=vC6qVJIAAAAJ&citation_for_view=vC6qVJIAAAAJ:IjCSPb-OGe4C",
      "authors": "M Fuest, P Ma, M Gui, J Schusterbauer, VT Hu, B Ommer",
      "venue": "arXiv preprint arXiv:2407.00783, 2024",
      "year": 2024,
      "citations": 39
    },
    {
      "title": "Boosting Latent Diffusion with Flow Matching",
      "url": "https://scholar.google.com/citations?view_op=view_citation&hl=en&user=vC6qVJIAAAAJ&citation_for_view=vC6qVJIAAAAJ:u5HHmVD_uO8C",
      "authors": "J Schusterbauer, M Gui, P Ma, N Stracke, SA Baumann, B Ommer",
      "venue": "European Conference on Computer Vision (Oral), 338–355, 2024",
      "year": 2024,
      "citations": 33
    },
    {
      "title": "Delineating morbidity patterns in preterm infants at near-term age using a data-driven approach",
      "url": "https://scholar.google.com/citations?view_op=view_citation&hl=en&user=vC6qVJIAAAAJ&citation_for_view=vC6qVJIAAAAJ:2osOgNQ5qMEC",
      "authors": "OA Ciora, T Seegmüller, J Schusterbauer, T Wirth, F Häfner, S Stoecklein, ...",
      "venue": "BMC pediatrics 24 (1), 249, 2024",
      "year": 2024,
      "citations": 1
    },
    {
      "title": "Correlation-based feature selection",
      "url": "https://scholar.google.com/citations?view_op=view_citation&hl=en&user=vC6qVJIAAAAJ&citation_for_view=vC6qVJIAAAAJ:9yKSN-GCB0IC",
      "authors": "J Schusterbauer",
      "venue": "Universitat Pompeu Fabra, 2021",
      "year": 2021,
      "citations": 3
    }
  ],
  "co_authors": [
    {
      "name": "Björn Ommer",
      "scholar_id": "zWbvIUcAAAAJ",
      "url": "https://scholar.google.com/citations?user=zWbvIUcAAAAJ"
    },
    {
      "name": "Ming Gui",
      "scholar_id": "Uiv6gU8AAAAJ",
      "url": "https://scholar.google.com/citations?user=Uiv6gU8AAAAJ"
    },
    {
      "name": "Pingchuan Ma",
      "scholar_id": "a5JMcsgAAAAJ",
      "url": "https://scholar.google.com/citations?user=a5JMcsgAAAAJ"
    },
    {
      "name": "Vincent Tao Hu",
      "scholar_id": "EchdyZEAAAAJ",
      "url": "https://scholar.google.com/citations?user=EchdyZEAAAAJ"
    },
    {
      "name": "Stefan Andreas Baumann",
      "scholar_id": "egzbdnoAAAAJ",
      "url": "https://scholar.google.com/citations?user=egzbdnoAAAAJ"
    },
    {
      "name": "Olga Grebenkova",
      "scholar_id": "OBeGHt4AAAAJ",
      "url": "https://scholar.google.com/citations?user=OBeGHt4AAAAJ"
    },
    {
      "name": "Dima Kotovenko",
      "scholar_id": "T_U8yxwAAAAJ",
      "url": "https://scholar.google.com/citations?user=T_U8yxwAAAAJ"
    },
    {
      "name": "Ulrich Prestel",
      "scholar_id": "-kkLqx0AAAAJ",
      "url": "https://scholar.google.com/citations?user=-kkLqx0AAAAJ"
    },
    {
      "name": "Nick Stracke",
      "scholar_id": "xw6iotwAAAAJ",
      "url": "https://scholar.google.com/citations?user=xw6iotwAAAAJ"
    },
    {
      "name": "Michael Fuest",
      "scholar_id": "NpoHYxgAAAAJ",
      "url": "https://scholar.google.com/citations?user=NpoHYxgAAAAJ"
    },
    {
      "name": "Frank Fundel",
      "scholar_id": "1_049o0AAAAJ",
      "url": "https://scholar.google.com/citations?user=1_049o0AAAAJ"
    },
    {
      "name": "Felix Krause",
      "scholar_id": "2Il9dwMAAAAJ",
      "url": "https://scholar.google.com/citations?user=2Il9dwMAAAAJ"
    },
    {
      "name": "Narges Ahmidi",
      "scholar_id": "SKLSzpEAAAAJ",
      "url": "https://scholar.google.com/citations?user=SKLSzpEAAAAJ"
    },
    {
      "name": "Octavia-Andreea Ciora",
      "scholar_id": "tiuByTsAAAAJ",
      "url": "https://scholar.google.com/citations?user=tiuByTsAAAAJ"
    },
    {
      "name": "Yusong Li",
      "scholar_id": "2UBIiWMAAAAJ",
      "url": "https://scholar.google.com/citations?user=2UBIiWMAAAAJ"
    },
    {
      "name": "Karin Ludwig",
      "scholar_id": "pHKbRSoAAAAJ",
      "url": "https://scholar.google.com/citations?user=pHKbRSoAAAAJ"
    },
    {
      "name": "Miguel Angel Bautista",
      "scholar_id": "ZrRs-qoAAAAJ",
      "url": "https://scholar.google.com/citations?user=ZrRs-qoAAAAJ"
    },
    {
      "name": "Joshua M Susskind",
      "scholar_id": "Sv2TGqsAAAAJ",
      "url": "https://scholar.google.com/citations?user=Sv2TGqsAAAAJ"
    },
    {
      "name": "Timy Phan",
      "scholar_id": "yhTTLNgAAAAJ",
      "url": "https://scholar.google.com/citations?user=yhTTLNgAAAAJ"
    }
  ]
}