{
  "author_info": {
    "name": "Weixuan Liang（梁伟轩）",
    "affiliation": "国防科技大学",
    "email_verified": "Verified email at nudt.edu.cn",
    "interests": [
      "learning theory",
      "kernel method",
      "clustering"
    ],
    "photo_url": "https://scholar.googleusercontent.com/citations?view_op=view_photo&user=z4HFkUMAAAAJ&citpid=1"
  },
  "citation_stats": {
    "citations_all": 942,
    "citations_since_2020": 941,
    "h_index_all": 13,
    "h_index_since_2020": 13,
    "i10_index_all": 16,
    "i10_index_since_2020": 16,
    "citation_graph": [
      {
        "year": 2021,
        "citations": 14
      },
      {
        "year": 2022,
        "citations": 49
      },
      {
        "year": 2023,
        "citations": 124
      },
      {
        "year": 2024,
        "citations": 315
      },
      {
        "year": 2025,
        "citations": 428
      }
    ]
  },
  "papers": [
    {
      "title": "Large-scale Multi-view Tensor Clustering with Implicit Linear Kernels",
      "url": "https://scholar.google.com/citations?view_op=view_citation&hl=en&user=z4HFkUMAAAAJ&citation_for_view=z4HFkUMAAAAJ:5nxA0vEk-isC",
      "authors": "J Liu, X Liu, C Li, X Wan, H Tan, Y Zhang, W Liang, Q Qu, Y Feng, R Guan, ...",
      "venue": "Proceedings of the Computer Vision and Pattern Recognition Conference, 20727 …, 2025",
      "year": 2025,
      "citations": 8
    },
    {
      "title": "Incremental Nyström-based Multiple Kernel Clustering",
      "url": "https://scholar.google.com/citations?view_op=view_citation&hl=en&user=z4HFkUMAAAAJ&citation_for_view=z4HFkUMAAAAJ:0EnyYjriUFMC",
      "authors": "Y Feng, W Liang, X Wan, J Liu, S Liu, Q Qu, R Guan, H Xu, X Liu",
      "venue": "Proceedings of the AAAI Conference on Artificial Intelligence 39 (16), 16613 …, 2025",
      "year": 2025,
      "citations": 7
    },
    {
      "title": "Fast continual multi-view clustering with incomplete views",
      "url": "https://scholar.google.com/citations?view_op=view_citation&hl=en&user=z4HFkUMAAAAJ&citation_for_view=z4HFkUMAAAAJ:YsMSGLbcyi4C",
      "authors": "X Wan, B Xiao, X Liu, J Liu, W Liang, E Zhu",
      "venue": "IEEE Transactions on Image Processing 33, 2995-3008, 2024",
      "year": 2024,
      "citations": 71
    },
    {
      "title": "Towards resource-friendly, extensible and stable incomplete multi-view clustering",
      "url": "https://scholar.google.com/citations?view_op=view_citation&hl=en&user=z4HFkUMAAAAJ&citation_for_view=z4HFkUMAAAAJ:roLk4NBRz8UC",
      "authors": "S Yu, Z Dong, S Wang, X Wan, Y Liu, W Liang, P Zhang, W Tu, X Liu",
      "venue": "Forty-first international conference on machine learning, 2024",
      "year": 2024,
      "citations": 25
    },
    {
      "title": "On the consistency and large-scale extension of multiple kernel clustering",
      "url": "https://scholar.google.com/citations?view_op=view_citation&hl=en&user=z4HFkUMAAAAJ&citation_for_view=z4HFkUMAAAAJ:_FxGoFyzp5QC",
      "authors": "W Liang, C Tang, X Liu, Y Liu, J Liu, E Zhu, K He",
      "venue": "IEEE Transactions on Pattern Analysis and Machine Intelligence 46 (10), 6935 …, 2024",
      "year": 2024,
      "citations": 19
    },
    {
      "title": "Scalable multiple kernel clustering: Learning clustering structure from expectation",
      "url": "https://scholar.google.com/citations?view_op=view_citation&hl=en&user=z4HFkUMAAAAJ&citation_for_view=z4HFkUMAAAAJ:LkGwnXOMwfcC",
      "authors": "W Liang, E Zhu, S Yu, H Xu, X Zhu, X Liu",
      "venue": "Forty-first International Conference on Machine Learning, 2024",
      "year": 2024,
      "citations": 11
    },
    {
      "title": "A Lightweight Anchor-Based Incremental Framework for Multi-view Clustering",
      "url": "https://scholar.google.com/citations?view_op=view_citation&hl=en&user=z4HFkUMAAAAJ&citation_for_view=z4HFkUMAAAAJ:Se3iqnhoufwC",
      "authors": "Q Qu, X Wan, W Liang, J Liu, Y Feng, H Xu, X Liu, E Zhu",
      "venue": "Proceedings of the 32nd ACM International Conference on Multimedia, 8652-8661, 2024",
      "year": 2024,
      "citations": 8
    },
    {
      "title": "Auto-weighted multi-view clustering for large-scale data",
      "url": "https://scholar.google.com/citations?view_op=view_citation&hl=en&user=z4HFkUMAAAAJ&citation_for_view=z4HFkUMAAAAJ:W7OEmFMy1HYC",
      "authors": "X Wan, X Liu, J Liu, S Wang, Y Wen, W Liang, E Zhu, Z Liu, L Zhou",
      "venue": "Proceedings of the AAAI Conference on Artificial Intelligence 37 (8), 10078 …, 2023",
      "year": 2023,
      "citations": 131
    },
    {
      "title": "Unpaired multi-view graph clustering with cross-view structure matching",
      "url": "https://scholar.google.com/citations?view_op=view_citation&hl=en&user=z4HFkUMAAAAJ&citation_for_view=z4HFkUMAAAAJ:WF5omc3nYNoC",
      "authors": "Y Wen, S Wang, Q Liao, W Liang, K Liang, X Wan, X Liu",
      "venue": "IEEE Transactions on Neural Networks and Learning Systems, 2023",
      "year": 2023,
      "citations": 71
    },
    {
      "title": "Scalable incomplete multi-view clustering with structure alignment",
      "url": "https://scholar.google.com/citations?view_op=view_citation&hl=en&user=z4HFkUMAAAAJ&citation_for_view=z4HFkUMAAAAJ:ufrVoPGSRksC",
      "authors": "Y Wen, S Wang, K Liang, W Liang, X Wan, X Liu, S Liu, J Liu, E Zhu",
      "venue": "Proceedings of the 31st ACM international conference on multimedia, 3031-3040, 2023",
      "year": 2023,
      "citations": 36
    },
    {
      "title": "Late fusion multiview clustering via min-max optimization",
      "url": "https://scholar.google.com/citations?view_op=view_citation&hl=en&user=z4HFkUMAAAAJ&citation_for_view=z4HFkUMAAAAJ:zYLM7Y9cAGgC",
      "authors": "M Li, X Liu, Y Zhang, W Liang",
      "venue": "IEEE Transactions on Neural Networks and Learning Systems 35 (7), 9417-9427, 2023",
      "year": 2023,
      "citations": 23
    },
    {
      "title": "Consistency of multiple kernel clustering",
      "url": "https://scholar.google.com/citations?view_op=view_citation&hl=en&user=z4HFkUMAAAAJ&citation_for_view=z4HFkUMAAAAJ:eQOLeE2rZwMC",
      "authors": "W Liang, X Liu, Y Liu, C Ma, Y Zhao, Z Liu, E Zhu",
      "venue": "International Conference on Machine Learning, 20650-20676, 2023",
      "year": 2023,
      "citations": 14
    },
    {
      "title": "Continual multi-view clustering",
      "url": "https://scholar.google.com/citations?view_op=view_citation&hl=en&user=z4HFkUMAAAAJ&citation_for_view=z4HFkUMAAAAJ:UeHWp8X0CEIC",
      "authors": "X Wan, J Liu, W Liang, X Liu, Y Wen, E Zhu",
      "venue": "Proceedings of the 30th ACM International Conference on Multimedia, 3676-3684, 2022",
      "year": 2022,
      "citations": 76
    },
    {
      "title": "Robust Graph-based Multi-view Clustering",
      "url": "https://scholar.google.com/citations?view_op=view_citation&hl=en&user=z4HFkUMAAAAJ&citation_for_view=z4HFkUMAAAAJ:d1gkVwhDpl0C",
      "authors": "W Liang, X Liu, S Zhou, J Liu, S Wang, E Zhu",
      "venue": "AAAI 2022, 2022",
      "year": 2022,
      "citations": 44
    },
    {
      "title": "Sample weighted multiple kernel k-means via min-max optimization",
      "url": "https://scholar.google.com/citations?view_op=view_citation&hl=en&user=z4HFkUMAAAAJ&citation_for_view=z4HFkUMAAAAJ:qjMakFHDy7sC",
      "authors": "Y Zhang, W Liang, X Liu, S Dai, S Wang, L Xu, E Zhu",
      "venue": "Proceedings of the 30th ACM International Conference on Multimedia, 1679-1687, 2022",
      "year": 2022,
      "citations": 11
    },
    {
      "title": "Stability and generalization of kernel clustering: From single kernel to multiple kernel",
      "url": "https://scholar.google.com/citations?view_op=view_citation&hl=en&user=z4HFkUMAAAAJ&citation_for_view=z4HFkUMAAAAJ:IjCSPb-OGe4C",
      "authors": "W Liang, X Liu, Y Liu, JJ Huang, S Wang, J Liu, Y Zhang, E Zhu",
      "venue": "Advances in Neural Information Processing Systems 35, 33633-33645, 2022",
      "year": 2022,
      "citations": 7
    },
    {
      "title": "One-pass multi-view clustering for large-scale data",
      "url": "https://scholar.google.com/citations?view_op=view_citation&hl=en&user=z4HFkUMAAAAJ&citation_for_view=z4HFkUMAAAAJ:u5HHmVD_uO8C",
      "authors": "J Liu, X Liu, Y Yang, L Liu, S Wang, W Liang, J Shi",
      "venue": "Proceedings of the IEEE/CVF international conference on computer vision …, 2021",
      "year": 2021,
      "citations": 146
    },
    {
      "title": "Self-representation subspace clustering for incomplete multi-view data",
      "url": "https://scholar.google.com/citations?view_op=view_citation&hl=en&user=z4HFkUMAAAAJ&citation_for_view=z4HFkUMAAAAJ:9yKSN-GCB0IC",
      "authors": "J Liu, X Liu, Y Zhang, P Zhang, W Tu, S Wang, S Zhou, W Liang, S Wang, ...",
      "venue": "Proceedings of the 29th ACM international conference on multimedia, 2726-2734, 2021",
      "year": 2021,
      "citations": 113
    },
    {
      "title": "Multi-view clustering with learned bipartite graph",
      "url": "https://scholar.google.com/citations?view_op=view_citation&hl=en&user=z4HFkUMAAAAJ&citation_for_view=z4HFkUMAAAAJ:2osOgNQ5qMEC",
      "authors": "M Li, W Liang, X Liu",
      "venue": "IEEE Access 9, 87952-87961, 2021",
      "year": 2021,
      "citations": 10
    },
    {
      "title": "Multi-view spectral clustering with high-order optimal neighborhood laplacian matrix",
      "url": "https://scholar.google.com/citations?view_op=view_citation&hl=en&user=z4HFkUMAAAAJ&citation_for_view=z4HFkUMAAAAJ:u-x6o8ySG0sC",
      "authors": "W Liang, S Zhou, J Xiong, X Liu, S Wang, E Zhu, Z Cai, X Xu",
      "venue": "IEEE Transactions on Knowledge and Data Engineering 34 (7), 3418-3430, 2020",
      "year": 2020,
      "citations": 97
    }
  ],
  "co_authors": [
    {
      "name": "Xinwang Liu",
      "scholar_id": "A56vWC4AAAAJ",
      "url": "https://scholar.google.com/citations?user=A56vWC4AAAAJ"
    },
    {
      "name": "Jiyuan Liu",
      "scholar_id": "frKTkdoAAAAJ",
      "url": "https://scholar.google.com/citations?user=frKTkdoAAAAJ"
    },
    {
      "name": "Xinhang Wan",
      "scholar_id": "4CxuLpsAAAAJ",
      "url": "https://scholar.google.com/citations?user=4CxuLpsAAAAJ"
    },
    {
      "name": "Siwei Wang",
      "scholar_id": "5o9hK3EAAAAJ",
      "url": "https://scholar.google.com/citations?user=5o9hK3EAAAAJ"
    },
    {
      "name": "Yi Wen",
      "scholar_id": "lrwiztgAAAAJ",
      "url": "https://scholar.google.com/citations?user=lrwiztgAAAAJ"
    },
    {
      "name": "Sihang Zhou",
      "scholar_id": "p9Se8kYAAAAJ",
      "url": "https://scholar.google.com/citations?user=p9Se8kYAAAAJ"
    },
    {
      "name": "Yi Zhang",
      "scholar_id": "QP-2FmIAAAAJ",
      "url": "https://scholar.google.com/citations?user=QP-2FmIAAAAJ"
    },
    {
      "name": "Pei Zhang",
      "scholar_id": "Vh1eFgoAAAAJ",
      "url": "https://scholar.google.com/citations?user=Vh1eFgoAAAAJ"
    },
    {
      "name": "Zhiping Cai(蔡志平)",
      "scholar_id": "uVwk4XIAAAAJ",
      "url": "https://scholar.google.com/citations?user=uVwk4XIAAAAJ"
    },
    {
      "name": "Yong Liu （刘勇）",
      "scholar_id": "vVhmzbAAAAAJ",
      "url": "https://scholar.google.com/citations?user=vVhmzbAAAAAJ"
    },
    {
      "name": "Li Liu",
      "scholar_id": "9cMQrVsAAAAJ",
      "url": "https://scholar.google.com/citations?user=9cMQrVsAAAAJ"
    },
    {
      "name": "Wenxuan Tu",
      "scholar_id": "MmH2POsAAAAJ",
      "url": "https://scholar.google.com/citations?user=MmH2POsAAAAJ"
    }
  ]
}