{
  "author_info": {
    "name": "Minjie Wang",
    "affiliation": "AWS Shanghai AI Lab",
    "email_verified": "Verified email at nyu.edu - Homepage",
    "website": "https://jermainewang.github.io/",
    "interests": [
      "Deep Learning System"
    ],
    "photo_url": "/citations/images/avatar_scholar_128.png"
  },
  "citation_stats": {
    "citations_all": 7383,
    "citations_since_2020": 5809,
    "h_index_all": 18,
    "h_index_since_2020": 15,
    "i10_index_all": 33,
    "i10_index_since_2020": 20,
    "citation_graph": [
      {
        "year": 2012,
        "citations": 28
      },
      {
        "year": 2013,
        "citations": 30
      },
      {
        "year": 2014,
        "citations": 21
      },
      {
        "year": 2015,
        "citations": 36
      },
      {
        "year": 2016,
        "citations": 108
      },
      {
        "year": 2017,
        "citations": 214
      },
      {
        "year": 2018,
        "citations": 473
      },
      {
        "year": 2019,
        "citations": 593
      },
      {
        "year": 2020,
        "citations": 690
      },
      {
        "year": 2021,
        "citations": 849
      },
      {
        "year": 2022,
        "citations": 1077
      },
      {
        "year": 2023,
        "citations": 1065
      },
      {
        "year": 2024,
        "citations": 1209
      },
      {
        "year": 2025,
        "citations": 917
      }
    ]
  },
  "papers": [
    {
      "title": "FreshGNN: reducing memory access via stable historical embeddings for graph neural network training",
      "url": "https://scholar.google.com/citations?view_op=view_citation&hl=en&user=OJja8NgAAAAJ&citation_for_view=OJja8NgAAAAJ:g3aElNc5_aQC",
      "authors": "K Huang, H Jiang, M Wang, G Xiao, D Wipf, X Song, Q Gan, Z Huang, ...",
      "venue": "arXiv preprint arXiv:2301.07482, 2023",
      "year": 2023,
      "citations": 26
    },
    {
      "title": "Dgi: An easy and efficient framework for gnn model evaluation",
      "url": "https://scholar.google.com/citations?view_op=view_citation&hl=en&user=OJja8NgAAAAJ&citation_for_view=OJja8NgAAAAJ:J-pR_7NvFogC",
      "authors": "P Yin, X Yan, J Zhou, Q Fu, Z Cai, J Cheng, B Tang, M Wang",
      "venue": "Proceedings of the 29th ACM SIGKDD Conference on Knowledge Discovery and …, 2023",
      "year": 2023,
      "citations": 24
    },
    {
      "title": "gsampler: General and efficient gpu-based graph sampling for graph learning",
      "url": "https://scholar.google.com/citations?view_op=view_citation&hl=en&user=OJja8NgAAAAJ&citation_for_view=OJja8NgAAAAJ:eMMeJKvmdy0C",
      "authors": "P Gong, R Liu, Z Mao, Z Cai, X Yan, C Li, M Wang, Z Li",
      "venue": "Proceedings of the 29th Symposium on Operating Systems Principles, 562-578, 2023",
      "year": 2023,
      "citations": 21
    },
    {
      "title": "Distributed hybrid cpu and gpu training for graph neural networks on billion-scale heterogeneous graphs",
      "url": "https://scholar.google.com/citations?view_op=view_citation&hl=en&user=OJja8NgAAAAJ&citation_for_view=OJja8NgAAAAJ:M3ejUd6NZC8C",
      "authors": "D Zheng, X Song, C Yang, D LaSalle, G Karypis",
      "venue": "Proceedings of the 28th ACM SIGKDD Conference on Knowledge Discovery and …, 2022",
      "year": 2022,
      "citations": 95
    },
    {
      "title": "Graphiler: Optimizing graph neural networks with message passing data flow graph",
      "url": "https://scholar.google.com/citations?view_op=view_citation&hl=en&user=OJja8NgAAAAJ&citation_for_view=OJja8NgAAAAJ:RYcK_YlVTxYC",
      "authors": "Z Xie, M Wang, Z Ye, Z Zhang, R Fan",
      "venue": "Proceedings of Machine Learning and Systems 4, 515-528, 2022",
      "year": 2022,
      "citations": 37
    },
    {
      "title": "Scalable graph neural networks with deep graph library",
      "url": "https://scholar.google.com/citations?view_op=view_citation&hl=en&user=OJja8NgAAAAJ&citation_for_view=OJja8NgAAAAJ:_FxGoFyzp5QC",
      "authors": "D Zheng, M Wang, Q Gan, X Song, Z Zhang, G Karypis",
      "venue": "Proceedings of the 14th ACM International Conference on Web Search and Data …, 2021",
      "year": 2021,
      "citations": 36
    },
    {
      "title": "DistDGL: Distributed graph neural network training for billion-scale graphs",
      "url": "https://scholar.google.com/citations?view_op=view_citation&hl=en&user=OJja8NgAAAAJ&citation_for_view=OJja8NgAAAAJ:Se3iqnhoufwC",
      "authors": "D Zheng, C Ma, M Wang, J Zhou, Q Su, X Song, Q Gan, Z Zhang, ...",
      "venue": "2020 IEEE/ACM 10th Workshop on Irregular Applications: Architectures and …, 2020",
      "year": 2020,
      "citations": 230
    },
    {
      "title": "Qidong Su, Xiang Song, Quan Gan, Zheng Zhang, and George Karypis. 2020. DistDGL: Distributed Graph Neural Network Training for Billion-Scale Graphs",
      "url": "https://scholar.google.com/citations?view_op=view_citation&hl=en&user=OJja8NgAAAAJ&citation_for_view=OJja8NgAAAAJ:edDO8Oi4QzsC",
      "authors": "CM Da Zheng, M Wang, J Zhou",
      "venue": "arXiv preprint arXiv:2010.05337, 2020",
      "year": 2020,
      "citations": 150
    },
    {
      "title": "Featgraph: A flexible and efficient backend for graph neural network systems",
      "url": "https://scholar.google.com/citations?view_op=view_citation&hl=en&user=OJja8NgAAAAJ&citation_for_view=OJja8NgAAAAJ:LkGwnXOMwfcC",
      "authors": "Y Hu, Z Ye, M Wang, J Yu, D Zheng, M Li, Z Zhang, Z Zhang, Y Wang",
      "venue": "SC20: International Conference for High Performance Computing, Networking …, 2020",
      "year": 2020,
      "citations": 118
    },
    {
      "title": "Learning graph neural networks with deep graph library",
      "url": "https://scholar.google.com/citations?view_op=view_citation&hl=en&user=OJja8NgAAAAJ&citation_for_view=OJja8NgAAAAJ:eQOLeE2rZwMC",
      "authors": "D Zheng, M Wang, Q Gan, Z Zhang, G Karypis",
      "venue": "Companion Proceedings of the Web Conference 2020, 305-306, 2020",
      "year": 2020,
      "citations": 28
    },
    {
      "title": "Deep graph library: A graph-centric, highly-performant package for graph neural networks",
      "url": "https://scholar.google.com/citations?view_op=view_citation&hl=en&user=OJja8NgAAAAJ&citation_for_view=OJja8NgAAAAJ:UebtZRa9Y70C",
      "authors": "M Wang, D Zheng, Z Ye, Q Gan, M Li, X Song, J Zhou, C Ma, L Yu, Y Gai, ...",
      "venue": "arXiv preprint arXiv:1909.01315, 2019",
      "year": 2019,
      "citations": 2725
    },
    {
      "title": "Supporting very large models using automatic dataflow graph partitioning",
      "url": "https://scholar.google.com/citations?view_op=view_citation&hl=en&user=OJja8NgAAAAJ&citation_for_view=OJja8NgAAAAJ:UeHWp8X0CEIC",
      "authors": "M Wang, C Huang, J Li",
      "venue": "Proceedings of the Fourteenth EuroSys Conference 2019, 1-17, 2019",
      "year": 2019,
      "citations": 215
    },
    {
      "title": "Deep graph library: A graph-centric, highly-performant package for graph neural networks. arXiv",
      "url": "https://scholar.google.com/citations?view_op=view_citation&hl=en&user=OJja8NgAAAAJ&citation_for_view=OJja8NgAAAAJ:kz9GbA2Ns4gC",
      "authors": "M Wang, D Zheng, Z Ye, Q Gan, M Li, X Song, J Zhou, C Ma, L Yu, Y Gai, ...",
      "venue": "arXiv preprint arXiv:1909.01315, 2019",
      "year": 2019,
      "citations": 48
    },
    {
      "title": "Unifying data, model and hybrid parallelism in deep learning via tensor tiling",
      "url": "https://scholar.google.com/citations?view_op=view_citation&hl=en&user=OJja8NgAAAAJ&citation_for_view=OJja8NgAAAAJ:qjMakFHDy7sC",
      "authors": "M Wang, C Huang, J Li",
      "venue": "arXiv preprint arXiv:1805.04170, 2018",
      "year": 2018,
      "citations": 32
    },
    {
      "title": "Mxnet: A flexible and efficient machine learning library for heterogeneous distributed systems",
      "url": "https://scholar.google.com/citations?view_op=view_citation&hl=en&user=OJja8NgAAAAJ&citation_for_view=OJja8NgAAAAJ:u5HHmVD_uO8C",
      "authors": "T Chen, M Li, Y Li, M Lin, N Wang, M Wang, T Xiao, B Xu, C Zhang, ...",
      "venue": "arXiv preprint arXiv:1512.01274, 2015",
      "year": 2015,
      "citations": 3060
    },
    {
      "title": "Minerva: A scalable and highly efficient training platform for deep learning",
      "url": "https://scholar.google.com/citations?view_op=view_citation&hl=en&user=OJja8NgAAAAJ&citation_for_view=OJja8NgAAAAJ:u-x6o8ySG0sC",
      "authors": "M Wang, T Xiao, J Li, J Zhang, C Hong, Z Zhang",
      "venue": "NIPS Workshop, Distributed Machine Learning and Matrix Computations, 51, 2014",
      "year": 2014,
      "citations": 35
    },
    {
      "title": "Impression store: Compressive sensing-based storage for big data analytics",
      "url": "https://scholar.google.com/citations?view_op=view_citation&hl=en&user=OJja8NgAAAAJ&citation_for_view=OJja8NgAAAAJ:d1gkVwhDpl0C",
      "authors": "J Zhang, Y Yan, LJ Chen, M Wang, T Moscibroda, Z Zhang",
      "venue": "6th USENIX Workshop on Hot Topics in Cloud Computing (HotCloud 14), 2014",
      "year": 2014,
      "citations": 25
    },
    {
      "title": "Study on viscosity of polymer melt flowing through microchannels considering the wall‐slip effect",
      "url": "https://scholar.google.com/citations?view_op=view_citation&hl=en&user=OJja8NgAAAAJ&citation_for_view=OJja8NgAAAAJ:j8SEvjWlNXcC",
      "authors": "D Zhao, Y Jin, M Wang",
      "venue": "Polymer Engineering & Science 52 (8), 1806-1814, 2012",
      "year": 2012,
      "citations": 17
    },
    {
      "title": "Viscous dissipation influencing viscosity of polymer melt in micro channels",
      "url": "https://scholar.google.com/citations?view_op=view_citation&hl=en&user=OJja8NgAAAAJ&citation_for_view=OJja8NgAAAAJ:-_dYPAW6P2MC",
      "authors": "B Xu, M Wang, T Yu, D Zhao",
      "venue": "Journal of Mechanical science and technology 24 (7), 1417-1423, 2010",
      "year": 2010,
      "citations": 21
    },
    {
      "title": "Theoretical and experimental approach of the viscosity of polymer melt under micro-scale effect",
      "url": "https://scholar.google.com/citations?view_op=view_citation&hl=en&user=OJja8NgAAAAJ&citation_for_view=OJja8NgAAAAJ:Z5m8FVwuT1cC",
      "authors": "徐斌， 王敏杰， 于同敏， 赵丹阳",
      "venue": "Journal of Mechanical Engineering 46 (19), 125-132, 2010",
      "year": 2010,
      "citations": 18
    }
  ],
  "co_authors": [
    {
      "name": "Zheng Zhang",
      "scholar_id": "k0KiE4wAAAAJ",
      "url": "https://scholar.google.com/citations?user=k0KiE4wAAAAJ"
    },
    {
      "name": "David Wipf",
      "scholar_id": "YJx1WSgAAAAJ",
      "url": "https://scholar.google.com/citations?user=YJx1WSgAAAAJ"
    }
  ]
}