{
  "author_info": {
    "name": "Minghao Chen",
    "affiliation": "Hangzhou Dianzi University",
    "email_verified": "Verified email at hdu.edu.cn",
    "interests": [
      "Deep Learning",
      "Domain Adaptation",
      "Vision and Language",
      "LLM Agents"
    ],
    "photo_url": "https://scholar.googleusercontent.com/citations?view_op=view_photo&user=xxPcRRQAAAAJ&citpid=8"
  },
  "citation_stats": {
    "citations_all": 1996,
    "citations_since_2020": 1990,
    "h_index_all": 16,
    "h_index_since_2020": 16,
    "i10_index_all": 17,
    "i10_index_since_2020": 17,
    "citation_graph": [
      {
        "year": 2020,
        "citations": 33
      },
      {
        "year": 2021,
        "citations": 163
      },
      {
        "year": 2022,
        "citations": 267
      },
      {
        "year": 2023,
        "citations": 398
      },
      {
        "year": 2024,
        "citations": 570
      },
      {
        "year": 2025,
        "citations": 552
      }
    ]
  },
  "papers": [
    {
      "title": "Automanual: Constructing instruction manuals by llm agents via interactive environmental learning",
      "url": "https://scholar.google.com/citations?view_op=view_citation&hl=en&user=xxPcRRQAAAAJ&citation_for_view=xxPcRRQAAAAJ:KlAtU1dfN6UC",
      "authors": "M Chen, Y Li, Y Yang, S Yu, B Lin, X He",
      "venue": "Advances in Neural Information Processing Systems 37, 589-631, 2024",
      "year": 2024,
      "citations": 27
    },
    {
      "title": "Tagclip: A local-to-global framework to enhance open-vocabulary multi-label classification of clip without training",
      "url": "https://scholar.google.com/citations?view_op=view_citation&hl=en&user=xxPcRRQAAAAJ&citation_for_view=xxPcRRQAAAAJ:0EnyYjriUFMC",
      "authors": "Y Lin, M Chen, K Zhang, H Li, M Li, Z Yang, D Lv, B Lin, H Liu, D Cai",
      "venue": "Proceedings of the AAAI Conference on Artificial Intelligence 38 (4), 3513-3521, 2024",
      "year": 2024,
      "citations": 25
    },
    {
      "title": "Pseudo label refinery for unsupervised domain adaptation on cross-dataset 3d object detection",
      "url": "https://scholar.google.com/citations?view_op=view_citation&hl=en&user=xxPcRRQAAAAJ&citation_for_view=xxPcRRQAAAAJ:5nxA0vEk-isC",
      "authors": "Z Zhang, M Chen, S Xiao, L Peng, H Li, B Lin, P Li, W Wang, B Wu, D Cai",
      "venue": "Proceedings of the IEEE/CVF Conference on Computer Vision and Pattern …, 2024",
      "year": 2024,
      "citations": 15
    },
    {
      "title": "G2ltraj: A global-to-local generation approach for trajectory prediction",
      "url": "https://scholar.google.com/citations?view_op=view_citation&hl=en&user=xxPcRRQAAAAJ&citation_for_view=xxPcRRQAAAAJ:3fE2CSJIrl8C",
      "authors": "Z Zhang, Z Hua, M Chen, W Lu, B Lin, D Cai, W Wang",
      "venue": "arXiv preprint arXiv:2404.19330, 2024",
      "year": 2024,
      "citations": 8
    },
    {
      "title": "Adapt2Reward: Adapting Video-Language Models to Generalizable Robotic Rewards via Failure Prompts",
      "url": "https://scholar.google.com/citations?view_op=view_citation&hl=en&user=xxPcRRQAAAAJ&citation_for_view=xxPcRRQAAAAJ:MXK_kJrjxJIC",
      "authors": "Y Yang, M Chen, Q Qiu, J Wu, W Wang, B Lin, Z Guan, X He",
      "venue": "European Conference on Computer Vision 15115, 2024",
      "year": 2024,
      "citations": 3
    },
    {
      "title": "Clip is also an efficient segmenter: A text-driven approach for weakly supervised semantic segmentation",
      "url": "https://scholar.google.com/citations?view_op=view_citation&hl=en&user=xxPcRRQAAAAJ&citation_for_view=xxPcRRQAAAAJ:LkGwnXOMwfcC",
      "authors": "Y Lin, M Chen, W Wang, B Wu, K Li, B Lin, H Liu, X He",
      "venue": "Proceedings of the IEEE/CVF Conference on Computer Vision and Pattern …, 2023",
      "year": 2023,
      "citations": 276
    },
    {
      "title": "Pvt-ssd: Single-stage 3d object detector with point-voxel transformer",
      "url": "https://scholar.google.com/citations?view_op=view_citation&hl=en&user=xxPcRRQAAAAJ&citation_for_view=xxPcRRQAAAAJ:Se3iqnhoufwC",
      "authors": "H Yang, W Wang, M Chen, B Lin, T He, H Chen, X He, W Ouyang",
      "venue": "Proceedings of the IEEE/CVF conference on computer vision and pattern …, 2023",
      "year": 2023,
      "citations": 87
    },
    {
      "title": "Morphology and fractal dimension of size‐resolved soot particles emitted from combustion sources",
      "url": "https://scholar.google.com/citations?view_op=view_citation&hl=en&user=xxPcRRQAAAAJ&citation_for_view=xxPcRRQAAAAJ:roLk4NBRz8UC",
      "authors": "Y Pang, M Chen, Y Wang, X Chen, X Teng, S Kong, Z Zheng, W Li",
      "venue": "Journal of Geophysical Research: Atmospheres 128 (6), e2022JD037711, 2023",
      "year": 2023,
      "citations": 30
    },
    {
      "title": "Frame-wise action representations for long videos via sequence contrastive learning",
      "url": "https://scholar.google.com/citations?view_op=view_citation&hl=en&user=xxPcRRQAAAAJ&citation_for_view=xxPcRRQAAAAJ:ufrVoPGSRksC",
      "authors": "M Chen, F Wei, C Li, D Cai",
      "venue": "Proceedings of the IEEE/CVF Conference on Computer Vision and Pattern …, 2022",
      "year": 2022,
      "citations": 66
    },
    {
      "title": "Crfl: Certifiably robust federated learning against backdoor attacks",
      "url": "https://scholar.google.com/citations?view_op=view_citation&hl=en&user=xxPcRRQAAAAJ&citation_for_view=xxPcRRQAAAAJ:Y0pCki6q_DkC",
      "authors": "C Xie, M Chen, PY Chen, B Li",
      "venue": "International conference on machine learning, 11372-11382, 2021",
      "year": 2021,
      "citations": 296
    },
    {
      "title": "KD3A: Unsupervised Multi-Source Decentralized Domain Adaptation via Knowledge Distillation.",
      "url": "https://scholar.google.com/citations?view_op=view_citation&hl=en&user=xxPcRRQAAAAJ&citation_for_view=xxPcRRQAAAAJ:UeHWp8X0CEIC",
      "authors": "H Feng, Z You, M Chen, T Zhang, M Zhu, F Wu, C Wu, W Chen",
      "venue": "ICML 4, 5, 2021",
      "year": 2021,
      "citations": 151
    },
    {
      "title": "Complementary pseudo labels for unsupervised domain adaptation on person re-identification",
      "url": "https://scholar.google.com/citations?view_op=view_citation&hl=en&user=xxPcRRQAAAAJ&citation_for_view=xxPcRRQAAAAJ:zYLM7Y9cAGgC",
      "authors": "H Feng, M Chen, J Hu, D Shen, H Liu, D Cai",
      "venue": "IEEE Transactions on Image Processing 30, 2898-2907, 2021",
      "year": 2021,
      "citations": 97
    },
    {
      "title": "Accelerate cnns from three dimensions: A comprehensive pruning framework",
      "url": "https://scholar.google.com/citations?view_op=view_citation&hl=en&user=xxPcRRQAAAAJ&citation_for_view=xxPcRRQAAAAJ:eQOLeE2rZwMC",
      "authors": "W Wang, M Chen, S Zhao, L Chen, J Hu, H Liu, D Cai, X He, W Liu",
      "venue": "International Conference on Machine Learning, 10717-10726, 2021",
      "year": 2021,
      "citations": 87
    },
    {
      "title": "Salient object ranking with position-preserved attention",
      "url": "https://scholar.google.com/citations?view_op=view_citation&hl=en&user=xxPcRRQAAAAJ&citation_for_view=xxPcRRQAAAAJ:W7OEmFMy1HYC",
      "authors": "H Fang, D Zhang, Y Zhang, M Chen, J Li, Y Hu, D Cai, X He",
      "venue": "Proceedings of the IEEE/CVF International Conference on Computer Vision …, 2021",
      "year": 2021,
      "citations": 34
    },
    {
      "title": "Shot-vae: semi-supervised deep generative models with label-aware elbo approximations",
      "url": "https://scholar.google.com/citations?view_op=view_citation&hl=en&user=xxPcRRQAAAAJ&citation_for_view=xxPcRRQAAAAJ:IjCSPb-OGe4C",
      "authors": "HZ Feng, K Kong, M Chen, T Zhang, M Zhu, W Chen",
      "venue": "Proceedings of the AAAI Conference on Artificial Intelligence 35 (8), 7413-7421, 2021",
      "year": 2021,
      "citations": 29
    },
    {
      "title": "Suppress-and-refine framework for end-to-end 3d object detection",
      "url": "https://scholar.google.com/citations?view_op=view_citation&hl=en&user=xxPcRRQAAAAJ&citation_for_view=xxPcRRQAAAAJ:YsMSGLbcyi4C",
      "authors": "Z Liu, G Xu, H Yang, M Chen, K Wu, Z Yang, H Liu, D Cai",
      "venue": "arXiv preprint arXiv:2103.10042, 2021",
      "year": 2021,
      "citations": 5
    },
    {
      "title": "Adversarial-learned loss for domain adaptation",
      "url": "https://scholar.google.com/citations?view_op=view_citation&hl=en&user=xxPcRRQAAAAJ&citation_for_view=xxPcRRQAAAAJ:u-x6o8ySG0sC",
      "authors": "M Chen, S Zhao, H Liu, D Cai",
      "venue": "Proceedings of the AAAI conference on artificial intelligence 34 (04), 3521-3528, 2020",
      "year": 2020,
      "citations": 246
    },
    {
      "title": "Reducing the teacher-student gap via spherical knowledge disitllation",
      "url": "https://scholar.google.com/citations?view_op=view_citation&hl=en&user=xxPcRRQAAAAJ&citation_for_view=xxPcRRQAAAAJ:Tyk-4Ss8FVUC",
      "authors": "J Guo, M Chen, Y Hu, C Zhu, X He, D Cai",
      "venue": "arXiv preprint arXiv:2010.07485, 2020",
      "year": 2020,
      "citations": 40
    },
    {
      "title": "Domain adaptation for semantic segmentation with maximum squares loss",
      "url": "https://scholar.google.com/citations?view_op=view_citation&hl=en&user=xxPcRRQAAAAJ&citation_for_view=xxPcRRQAAAAJ:u5HHmVD_uO8C",
      "authors": "M Chen, H Xue, D Cai",
      "venue": "Proceedings of the IEEE/CVF international conference on computer vision …, 2019",
      "year": 2019,
      "citations": 412
    },
    {
      "title": "DBP: Discrimination based block-level pruning for deep model acceleration",
      "url": "https://scholar.google.com/citations?view_op=view_citation&hl=en&user=xxPcRRQAAAAJ&citation_for_view=xxPcRRQAAAAJ:d1gkVwhDpl0C",
      "authors": "W Wang, S Zhao, M Chen, J Hu, D Cai, H Liu",
      "venue": "arXiv preprint arXiv:1912.10178, 2019",
      "year": 2019,
      "citations": 52
    }
  ],
  "co_authors": [
    {
      "name": "Deng Cai",
      "scholar_id": "vzxDyJoAAAAJ",
      "url": "https://scholar.google.com/citations?user=vzxDyJoAAAAJ"
    },
    {
      "name": "Xiaofei He",
      "scholar_id": "QLLFowsAAAAJ",
      "url": "https://scholar.google.com/citations?user=QLLFowsAAAAJ"
    },
    {
      "name": "Wenxiao Wang",
      "scholar_id": "rcxOjikAAAAJ",
      "url": "https://scholar.google.com/citations?user=rcxOjikAAAAJ"
    },
    {
      "name": "Shuai Zhao",
      "scholar_id": "2TOSV9EAAAAJ",
      "url": "https://scholar.google.com/citations?user=2TOSV9EAAAAJ"
    },
    {
      "name": "Yuqi Lin",
      "scholar_id": "5-jDh48AAAAJ",
      "url": "https://scholar.google.com/citations?user=5-jDh48AAAAJ"
    },
    {
      "name": "Hongyang Xue",
      "scholar_id": "6dXopFYAAAAJ",
      "url": "https://scholar.google.com/citations?user=6dXopFYAAAAJ"
    },
    {
      "name": "Hao-Zhe Feng",
      "scholar_id": "kKOuziEAAAAJ",
      "url": "https://scholar.google.com/citations?user=kKOuziEAAAAJ"
    },
    {
      "name": "Chulin Xie",
      "scholar_id": "WeJnzAgAAAAJ",
      "url": "https://scholar.google.com/citations?user=WeJnzAgAAAAJ"
    }
  ]
}