{
  "author_info": {
    "name": "Kefan Chen",
    "affiliation": "Brown University",
    "email_verified": "Verified email at brown.edu - Homepage",
    "website": "http://arthurchen0518.github.io/",
    "interests": [
      "Computer Vision",
      "Deep Learning"
    ],
    "photo_url": "https://scholar.googleusercontent.com/citations?view_op=view_photo&user=A6FPlHcAAAAJ&citpid=7"
  },
  "citation_stats": {
    "citations_all": 279,
    "citations_since_2020": 267,
    "h_index_all": 5,
    "h_index_since_2020": 5,
    "i10_index_all": 4,
    "i10_index_since_2020": 4,
    "citation_graph": [
      {
        "year": 2017,
        "citations": 2
      },
      {
        "year": 2018,
        "citations": 6
      },
      {
        "year": 2019,
        "citations": 3
      },
      {
        "year": 2020,
        "citations": 5
      },
      {
        "year": 2021,
        "citations": 17
      },
      {
        "year": 2022,
        "citations": 40
      },
      {
        "year": 2023,
        "citations": 41
      },
      {
        "year": 2024,
        "citations": 69
      },
      {
        "year": 2025,
        "citations": 90
      }
    ]
  },
  "papers": [
    {
      "title": "UVGS: Reimagining Unstructured 3D Gaussian Splatting using UV Mapping",
      "url": "https://scholar.google.com/citations?view_op=view_citation&hl=en&user=A6FPlHcAAAAJ&citation_for_view=A6FPlHcAAAAJ:eQOLeE2rZwMC",
      "authors": "A Rai, D Wang, M Jain, N Sarafianos, K Chen, A Sridhar, Srinath, Prakash",
      "venue": "Proceedings of the IEEE/CVF Conference on Computer Vision and Pattern …, 2025",
      "year": 2025,
      "citations": 4
    },
    {
      "title": "InteractAvatar: Modeling Hand-Face Interaction in Photorealistic Avatars with Deformable Gaussians",
      "url": "https://scholar.google.com/citations?view_op=view_citation&hl=en&user=A6FPlHcAAAAJ&citation_for_view=A6FPlHcAAAAJ:ufrVoPGSRksC",
      "authors": "K Chen, S Oprea, J Theiss, S Mohan, S Sridhar, A Prakash",
      "venue": "Proceedings of the IEEE/CVF International Conference on Computer Vision (ICCV), 2025",
      "year": 2025,
      "citations": 1
    },
    {
      "title": "FoundHand: Large-Scale Domain-Specific Learning for Controllable Hand Image Generation",
      "url": "https://scholar.google.com/citations?view_op=view_citation&hl=en&user=A6FPlHcAAAAJ&citation_for_view=A6FPlHcAAAAJ:YsMSGLbcyi4C",
      "authors": "K Chen, C Min, L Zhang, S Hampali, C Keskin, S Sridhar",
      "venue": "Proceedings of the IEEE/CVF Conference on Computer Vision and Pattern …, 2025",
      "year": 2025,
      "citations": 1
    },
    {
      "title": "Manus: Markerless grasp capture using articulated 3d gaussians",
      "url": "https://scholar.google.com/citations?view_op=view_citation&hl=en&user=A6FPlHcAAAAJ&citation_for_view=A6FPlHcAAAAJ:Y0pCki6q_DkC",
      "authors": "C Pokhariya, IN Shah, A Xing, Z Li, K Chen, A Sharma, S Sridhar",
      "venue": "Proceedings of the IEEE/CVF Conference on Computer Vision and Pattern …, 2024",
      "year": 2024,
      "citations": 32
    },
    {
      "title": "Diva-360: The dynamic visual dataset for immersive neural fields",
      "url": "https://scholar.google.com/citations?view_op=view_citation&hl=en&user=A6FPlHcAAAAJ&citation_for_view=A6FPlHcAAAAJ:zYLM7Y9cAGgC",
      "authors": "CY Lu, P Zhou, A Xing, C Pokhariya, A Dey, IN Shah, R Mavidipalli, D Hu, ...",
      "venue": "Proceedings of the IEEE/CVF Conference on Computer Vision and Pattern …, 2024",
      "year": 2024,
      "citations": 8
    },
    {
      "title": "Wide-Baseline Relative Camera Pose Estimation with Directional Learning",
      "url": "https://scholar.google.com/citations?view_op=view_citation&hl=en&user=A6FPlHcAAAAJ&citation_for_view=A6FPlHcAAAAJ:2osOgNQ5qMEC",
      "authors": "K Chen, N Snavely, A Makadia",
      "venue": "Proceedings of the IEEE/CVF Conference on Computer Vision and Pattern …, 2021",
      "year": 2021,
      "citations": 81
    },
    {
      "title": "An analysis of svd for deep rotation estimation",
      "url": "https://scholar.google.com/citations?view_op=view_citation&hl=en&user=A6FPlHcAAAAJ&citation_for_view=A6FPlHcAAAAJ:u5HHmVD_uO8C",
      "authors": "J Levinson, C Esteves, K Chen, N Snavely, A Kanazawa, A Rostamizadeh, ...",
      "venue": "Advances in Neural Information Processing Systems 33, 22554-22565, 2020",
      "year": 2020,
      "citations": 127
    },
    {
      "title": "Quantum Dot Color-Converting Solids Operating Efficiently in the kW/cm2 Regime",
      "url": "https://scholar.google.com/citations?view_op=view_citation&hl=en&user=A6FPlHcAAAAJ&citation_for_view=A6FPlHcAAAAJ:u-x6o8ySG0sC",
      "authors": "CF Wang, F Fan, RP Sabatini, O Voznyy, K Bicanic, X Li, DP Sellan, ...",
      "venue": "Chemistry of Materials 29 (12), 5104-5112, 2017",
      "year": 2017,
      "citations": 25
    }
  ],
  "co_authors": [
    {
      "name": "Noah Snavely",
      "scholar_id": "Db4BCX8AAAAJ",
      "url": "https://scholar.google.com/citations?user=Db4BCX8AAAAJ"
    },
    {
      "name": "Ameesh Makadia",
      "scholar_id": "OT1uf7kAAAAJ",
      "url": "https://scholar.google.com/citations?user=OT1uf7kAAAAJ"
    },
    {
      "name": "Srinath Sridhar",
      "scholar_id": "qIvZT74AAAAJ",
      "url": "https://scholar.google.com/citations?user=qIvZT74AAAAJ"
    },
    {
      "name": "Jake Levinson",
      "scholar_id": "wqsgWBsAAAAJ",
      "url": "https://scholar.google.com/citations?user=wqsgWBsAAAAJ"
    },
    {
      "name": "Angjoo Kanazawa",
      "scholar_id": "Ci-_QYIAAAAJ",
      "url": "https://scholar.google.com/citations?user=Ci-_QYIAAAAJ"
    },
    {
      "name": "Aayush Prakash",
      "scholar_id": "hUXGzpgAAAAJ",
      "url": "https://scholar.google.com/citations?user=hUXGzpgAAAAJ"
    },
    {
      "name": "Cem Keskin",
      "scholar_id": "9HoiYnYAAAAJ",
      "url": "https://scholar.google.com/citations?user=9HoiYnYAAAAJ"
    },
    {
      "name": "Linguang Zhang",
      "scholar_id": "C7DtSzYAAAAJ",
      "url": "https://scholar.google.com/citations?user=C7DtSzYAAAAJ"
    }
  ]
}