{
  "author_info": {
    "name": "Shahed Masoudian",
    "affiliation": "PhD Student, Johannes Kepler University",
    "email_verified": "Verified email at jku.at",
    "interests": [
      "Controllable DNN",
      "Fairness in DNN",
      "Artificial General Intelligence"
    ],
    "photo_url": "https://scholar.googleusercontent.com/citations?view_op=view_photo&user=hyWDk2wAAAAJ&citpid=1"
  },
  "citation_stats": {
    "citations_all": 196,
    "citations_since_2020": 195,
    "h_index_all": 7,
    "h_index_since_2020": 7,
    "i10_index_all": 6,
    "i10_index_since_2020": 6,
    "citation_graph": [
      {
        "year": 2022,
        "citations": 10
      },
      {
        "year": 2023,
        "citations": 27
      },
      {
        "year": 2024,
        "citations": 85
      },
      {
        "year": 2025,
        "citations": 71
      }
    ]
  },
  "papers": [
    {
      "title": "Just ask for music (jam): Multimodal and personalized natural language music recommendation",
      "url": "https://scholar.google.com/citations?view_op=view_citation&hl=en&user=hyWDk2wAAAAJ&citation_for_view=hyWDk2wAAAAJ:0EnyYjriUFMC",
      "authors": "AB Melchiorre, EV Epure, S Masoudian, G Escobedo, A Hausberger, ...",
      "venue": "Proceedings of the Nineteenth ACM Conference on Recommender Systems, 615-620, 2025",
      "year": 2025,
      "citations": 3
    },
    {
      "title": "Investigating Gender Bias in LLM-Generated Stories via Psychological Stereotypes",
      "url": "https://scholar.google.com/citations?view_op=view_citation&hl=en&user=hyWDk2wAAAAJ&citation_for_view=hyWDk2wAAAAJ:8k81kl-MbHgC",
      "authors": "S Masoudian, G Escobedo, H Strauss, M Schedl",
      "venue": "arXiv preprint arXiv:2508.03292, 2025",
      "year": 2025,
      "citations": 0
    },
    {
      "title": "Mitigating Gender Bias in Job Ranking Systems Using Job Advertisement Neutrality",
      "url": "https://scholar.google.com/citations?view_op=view_citation&hl=en&user=hyWDk2wAAAAJ&citation_for_view=hyWDk2wAAAAJ:5nxA0vEk-isC",
      "authors": "D Kumar, S Masoudian, AB Melchiorre, M Schedl",
      "venue": "Proceedings of the Fourth Workshop on NLP for Positive Impact (NLP4PI), 264-271, 2025",
      "year": 2025,
      "citations": 0
    },
    {
      "title": "Effective Controllable Bias Mitigation for Classification and Retrieval using Gate Adapters",
      "url": "https://scholar.google.com/citations?view_op=view_citation&hl=en&user=hyWDk2wAAAAJ&citation_for_view=hyWDk2wAAAAJ:_FxGoFyzp5QC",
      "authors": "S Masoudian, C Volaucnik, M Schedl, N Rekabsaz",
      "venue": "arXiv preprint arXiv:2401.16457, 2024",
      "year": 2024,
      "citations": 17
    },
    {
      "title": "Unlabeled debiasing in downstream tasks via class-wise low variance regularization",
      "url": "https://scholar.google.com/citations?view_op=view_citation&hl=en&user=hyWDk2wAAAAJ&citation_for_view=hyWDk2wAAAAJ:Se3iqnhoufwC",
      "authors": "S Masoudian, M Frohmann, N Rekabsaz, M Schedl",
      "venue": "arXiv preprint arXiv:2409.19541, 2024",
      "year": 2024,
      "citations": 4
    },
    {
      "title": "Modular debiasing of latent user representations in prototype-based recommender systems",
      "url": "https://scholar.google.com/citations?view_op=view_citation&hl=en&user=hyWDk2wAAAAJ&citation_for_view=hyWDk2wAAAAJ:LkGwnXOMwfcC",
      "authors": "AB Melchiorre, S Masoudian, D Kumar, M Schedl",
      "venue": "Joint European Conference on Machine Learning and Knowledge Discovery in …, 2024",
      "year": 2024,
      "citations": 4
    },
    {
      "title": "The Importance of Cognitive Biases in the Recommendation Ecosystem: Evidence of Feature-Positive Effect, Ikea Effect, and Cultural Homophily",
      "url": "https://scholar.google.com/citations?view_op=view_citation&hl=en&user=hyWDk2wAAAAJ&citation_for_view=hyWDk2wAAAAJ:UebtZRa9Y70C",
      "authors": "M Schedl, O Lesota, S Masoudian",
      "venue": "Proc. of 11th Workshop on Interfaces and Human Decision Making for …, 2024",
      "year": 2024,
      "citations": 3
    },
    {
      "title": "ScaLearn: Simple and highly parameter-efficient task transfer by learning to scale",
      "url": "https://scholar.google.com/citations?view_op=view_citation&hl=en&user=hyWDk2wAAAAJ&citation_for_view=hyWDk2wAAAAJ:WF5omc3nYNoC",
      "authors": "M Frohmann, C Holtermann, S Masoudian, A Lauscher, N Rekabsaz",
      "venue": "Findings of the Association for Computational Linguistics: ACL 2024, 11743-11776, 2024",
      "year": 2024,
      "citations": 3
    },
    {
      "title": "Cp-jku submission to dcase23: Efficient acoustic scene classification with cp-mobile",
      "url": "https://scholar.google.com/citations?view_op=view_citation&hl=en&user=hyWDk2wAAAAJ&citation_for_view=hyWDk2wAAAAJ:W7OEmFMy1HYC",
      "authors": "F Schmid, T Morocutti, S Masoudian, K Koutini, G Widmer",
      "venue": "Tech. Rep., DCASE2023 Chal-lenge, Tech. Rep, 2023",
      "year": 2023,
      "citations": 29
    },
    {
      "title": "Distilling the knowledge of transformers and CNNs with CP-mobile",
      "url": "https://scholar.google.com/citations?view_op=view_citation&hl=en&user=hyWDk2wAAAAJ&citation_for_view=hyWDk2wAAAAJ:ufrVoPGSRksC",
      "authors": "F Schmid, T Morocutti, S Masoudian, K Koutini, G Widmer",
      "venue": "Proceedings of the Detection and Classification of Acoustic Scenes and …, 2023",
      "year": 2023,
      "citations": 28
    },
    {
      "title": "Modular and on-demand bias mitigation with attribute-removal subnetworks",
      "url": "https://scholar.google.com/citations?view_op=view_citation&hl=en&user=hyWDk2wAAAAJ&citation_for_view=hyWDk2wAAAAJ:eQOLeE2rZwMC",
      "authors": "L Hauzenberger, S Masoudian, D Kumar, M Schedl, N Rekabsaz",
      "venue": "Findings of the Association for Computational Linguistics: ACL 2023, 6192-6214, 2023",
      "year": 2023,
      "citations": 27
    },
    {
      "title": "Domain Information Control at Inference Time for Acoustic Scene Classification",
      "url": "https://scholar.google.com/citations?view_op=view_citation&hl=en&user=hyWDk2wAAAAJ&citation_for_view=hyWDk2wAAAAJ:YsMSGLbcyi4C",
      "authors": "S Masoudian, K Koutini, M Schedl, G Widmer, N Rekabsaz",
      "venue": "2023 31st European Signal Processing Conference (EUSIPCO), 181-185, 2023",
      "year": 2023,
      "citations": 0
    },
    {
      "title": "CP-JKU submission to dcase22: Distilling knowledge for low-complexity convolutional neural networks from a patchout audio transformer",
      "url": "https://scholar.google.com/citations?view_op=view_citation&hl=en&user=hyWDk2wAAAAJ&citation_for_view=hyWDk2wAAAAJ:2osOgNQ5qMEC",
      "authors": "F Schmid, S Masoudian, K Koutini, G Widmer",
      "venue": "Tech. Rep., Detection and Classification of Acoustic Scenes and Events …, 2022",
      "year": 2022,
      "citations": 42
    },
    {
      "title": "Knowledge Distillation from Transformers for Low-Complexity Acoustic Scene Classification.",
      "url": "https://scholar.google.com/citations?view_op=view_citation&hl=en&user=hyWDk2wAAAAJ&citation_for_view=hyWDk2wAAAAJ:qjMakFHDy7sC",
      "authors": "F Schmid, S Masoudian, K Koutini, G Widmer",
      "venue": "DCASE, 2022",
      "year": 2022,
      "citations": 25
    },
    {
      "title": "Learning general audio representations with large-scale training of patchout audio transformers",
      "url": "https://scholar.google.com/citations?view_op=view_citation&hl=en&user=hyWDk2wAAAAJ&citation_for_view=hyWDk2wAAAAJ:IjCSPb-OGe4C",
      "authors": "K Koutini, S Masoudian, F Schmid, H Eghbal-zadeh, J Schlüter, G Widmer",
      "venue": "HEAR: Holistic Evaluation of Audio Representations, 65-89, 2022",
      "year": 2022,
      "citations": 8
    },
    {
      "title": "Simulation-assisted training of neural networks for condition monitoring of electrical drives: Approach and proof of concept",
      "url": "https://scholar.google.com/citations?view_op=view_citation&hl=en&user=hyWDk2wAAAAJ&citation_for_view=hyWDk2wAAAAJ:Tyk-4Ss8FVUC",
      "authors": "E Marth, P Zorn, F Schmid, S Masoudian, K Koutini, W Amrhein",
      "venue": "IKMT 2022; 13. GMM/ETG-Symposium, 1-7, 2022",
      "year": 2022,
      "citations": 2
    },
    {
      "title": "Simulation-assisted Training of Neural Networks for Condition Monitoring of Electrical Drives: Enhanced Domain Adaptation Methods",
      "url": "https://scholar.google.com/citations?view_op=view_citation&hl=en&user=hyWDk2wAAAAJ&citation_for_view=hyWDk2wAAAAJ:zYLM7Y9cAGgC",
      "authors": "F Schmid, S Masoudian, E Marth, P Zorn, K Koutini, G Widmer",
      "venue": "IKMT 2022; 13. GMM/ETG-Symposium, 1-7, 2022",
      "year": 2022,
      "citations": 1
    },
    {
      "title": "From simulation to real world: a domain adaptation study/submitted by Shahed Masoudian",
      "url": "https://scholar.google.com/citations?view_op=view_citation&hl=en&user=hyWDk2wAAAAJ&citation_for_view=hyWDk2wAAAAJ:UeHWp8X0CEIC",
      "authors": "S Masoudian",
      "venue": "",
      "citations": 0,
      "year": 2022
    }
  ],
  "co_authors": [
    {
      "name": "Khaled Koutini",
      "scholar_id": "EefJQ3IAAAAJ",
      "url": "https://scholar.google.com/citations?user=EefJQ3IAAAAJ"
    },
    {
      "name": "Florian Schmid",
      "scholar_id": "BYQ5Sy8AAAAJ",
      "url": "https://scholar.google.com/citations?user=BYQ5Sy8AAAAJ"
    },
    {
      "name": "Gerhard Widmer",
      "scholar_id": "dyGS5YYAAAAJ",
      "url": "https://scholar.google.com/citations?user=dyGS5YYAAAAJ"
    },
    {
      "name": "Markus Schedl",
      "scholar_id": "TQR8qIEAAAAJ",
      "url": "https://scholar.google.com/citations?user=TQR8qIEAAAAJ"
    },
    {
      "name": "Navid Rekabsaz",
      "scholar_id": "lZjyLyEAAAAJ",
      "url": "https://scholar.google.com/citations?user=lZjyLyEAAAAJ"
    },
    {
      "name": "Tobias Morocutti",
      "scholar_id": "IL_W8tsAAAAJ",
      "url": "https://scholar.google.com/citations?user=IL_W8tsAAAAJ"
    },
    {
      "name": "Edmund Marth",
      "scholar_id": "DVtFT_0AAAAJ",
      "url": "https://scholar.google.com/citations?user=DVtFT_0AAAAJ"
    },
    {
      "name": "Oleg Lesota",
      "scholar_id": "3qDW7PMAAAAJ",
      "url": "https://scholar.google.com/citations?user=3qDW7PMAAAAJ"
    }
  ]
}