{
  "author_info": {
    "name": "Simone Campanoni",
    "affiliation": "Google, Northwestern University",
    "email_verified": "Verified email at northwestern.edu - Homepage",
    "website": "https://users.cs.northwestern.edu/~simonec",
    "interests": [
      "Compilers",
      "Runtime Systems",
      "Computer Architecture",
      "Parallelism"
    ],
    "photo_url": "https://scholar.googleusercontent.com/citations?view_op=view_photo&user=bY5WiJIAAAAJ&citpid=4"
  },
  "citation_stats": {
    "citations_all": 1251,
    "citations_since_2020": 618,
    "h_index_all": 20,
    "h_index_since_2020": 14,
    "i10_index_all": 33,
    "i10_index_since_2020": 23,
    "citation_graph": [
      {
        "year": 2008,
        "citations": 22
      },
      {
        "year": 2009,
        "citations": 10
      },
      {
        "year": 2010,
        "citations": 21
      },
      {
        "year": 2011,
        "citations": 31
      },
      {
        "year": 2012,
        "citations": 39
      },
      {
        "year": 2013,
        "citations": 61
      },
      {
        "year": 2014,
        "citations": 57
      },
      {
        "year": 2015,
        "citations": 81
      },
      {
        "year": 2016,
        "citations": 75
      },
      {
        "year": 2017,
        "citations": 59
      },
      {
        "year": 2018,
        "citations": 82
      },
      {
        "year": 2019,
        "citations": 70
      },
      {
        "year": 2020,
        "citations": 80
      },
      {
        "year": 2021,
        "citations": 79
      },
      {
        "year": 2022,
        "citations": 92
      },
      {
        "year": 2023,
        "citations": 95
      },
      {
        "year": 2024,
        "citations": 160
      },
      {
        "year": 2025,
        "citations": 111
      }
    ]
  },
  "papers": [
    {
      "title": "ExGen: Cross-platform, Automated Exploit Generation for Smart Contract Vulnerabilities",
      "url": "https://scholar.google.com/citations?view_op=view_citation&hl=en&user=bY5WiJIAAAAJ&citation_for_view=bY5WiJIAAAAJ:lgwcVrK6X84C",
      "authors": "L Jin, Y Cao, Y Chen, D Zhang, S Campanoni",
      "venue": "IEEE Transactions on Dependable and Secure Computing 20 (1), 650-664, 2022",
      "year": 2022,
      "citations": 46
    },
    {
      "title": "Wario: efficient code generation for intermittent computing",
      "url": "https://scholar.google.com/citations?view_op=view_citation&hl=en&user=bY5WiJIAAAAJ&citation_for_view=bY5WiJIAAAAJ:43bX7VzcjpAC",
      "authors": "V Kortbeek, S Ghosh, J Hester, S Campanoni, P Pawełczak",
      "venue": "Proceedings of the 43rd ACM SIGPLAN International Conference on Programming …, 2022",
      "year": 2022,
      "citations": 27
    },
    {
      "title": "NOELLE Offers Empowering LLVM Extensions",
      "url": "https://scholar.google.com/citations?view_op=view_citation&hl=en&user=bY5WiJIAAAAJ&citation_for_view=bY5WiJIAAAAJ:zCSUwVk65WsC",
      "authors": "A Matni, EA Deiana, Y Su, L Gross, S Ghosh, S Apostolakis, Z Xu, Z Tan, ...",
      "venue": "Proceedings of the 20th Annual IEEE/ACM International Symposium on Code …, 2022",
      "year": 2022,
      "citations": 26
    },
    {
      "title": "Perspective: A sensible approach to speculative automatic parallelization",
      "url": "https://scholar.google.com/citations?view_op=view_citation&hl=en&user=bY5WiJIAAAAJ&citation_for_view=bY5WiJIAAAAJ:NyGDZy8z5eUC",
      "authors": "S Apostolakis, Z Xu, G Chan, S Campanoni, DI August",
      "venue": "Proceedings of the Twenty-Fifth International Conference on Architectural …, 2020",
      "year": 2020,
      "citations": 36
    },
    {
      "title": "Carat: A case for virtual memory through compiler-and runtime-based address translation",
      "url": "https://scholar.google.com/citations?view_op=view_citation&hl=en&user=bY5WiJIAAAAJ&citation_for_view=bY5WiJIAAAAJ:uDGL6kOW6j0C",
      "authors": "B Suchy, S Campanoni, N Hardavellas, P Dinda",
      "venue": "Proceedings of the 41st ACM SIGPLAN Conference on Programming Language …, 2020",
      "year": 2020,
      "citations": 23
    },
    {
      "title": "Temporal approximate function memoization",
      "url": "https://scholar.google.com/citations?view_op=view_citation&hl=en&user=bY5WiJIAAAAJ&citation_for_view=bY5WiJIAAAAJ:Bg7qf7VwUHIC",
      "authors": "G Tziantzioulis, N Hardavellas, S Campanoni",
      "venue": "IEEE Micro 38 (4), 60-70, 2018",
      "year": 2018,
      "citations": 36
    },
    {
      "title": "Unconventional Parallelization of Nondeterministic Applications",
      "url": "https://scholar.google.com/citations?view_op=view_citation&hl=en&user=bY5WiJIAAAAJ&citation_for_view=bY5WiJIAAAAJ:tH6gc1N1XXoC",
      "authors": "EA Deiana, V St-Amour, PA Dinda, N Hardavellas, S Campanoni",
      "venue": "ASPLOS, 2018",
      "year": 2018,
      "citations": 22
    },
    {
      "title": "Performance implications of transient loop-carried data dependences in automatically parallelized loops",
      "url": "https://scholar.google.com/citations?view_op=view_citation&hl=en&user=bY5WiJIAAAAJ&citation_for_view=bY5WiJIAAAAJ:Ehil0879vHcC",
      "authors": "N Murphy, T Jones, R Mullins, S Campanoni",
      "venue": "Proceedings of the 25th International Conference on Compiler Construction, 23-33, 2016",
      "year": 2016,
      "citations": 23
    },
    {
      "title": "HELIX-UP: Relaxing program semantics to unleash parallelization",
      "url": "https://scholar.google.com/citations?view_op=view_citation&hl=en&user=bY5WiJIAAAAJ&citation_for_view=bY5WiJIAAAAJ:OR75R8vi5nAC",
      "authors": "S Campanoni, G Holloway, GY Wei, D Brooks",
      "venue": "Proceedings of the 13th Annual IEEE/ACM International Symposium on Code …, 2015",
      "year": 2015,
      "citations": 63
    },
    {
      "title": "HELIX-RC: An Architecture-Compiler Co-Design for Automatic Parallelization of Irregular Programs",
      "url": "https://scholar.google.com/citations?view_op=view_citation&hl=en&user=bY5WiJIAAAAJ&citation_for_view=bY5WiJIAAAAJ:DJbcl8HfkQkC",
      "authors": "S Campanoni, K Brownell, S Kanev, T Jones, GY Wei, D Brooks",
      "venue": "ISCA, 2014",
      "year": 2014,
      "citations": 83
    },
    {
      "title": "HELIX: Automatic Parallelization of Irregular Programs for Chip Multiprocessing",
      "url": "https://scholar.google.com/citations?view_op=view_citation&hl=en&user=bY5WiJIAAAAJ&citation_for_view=bY5WiJIAAAAJ:_Qo2XoVZTnwC",
      "authors": "S Campanoni, T Jones, G Holloway, VJ Reddi, GY Wei, D Brooks",
      "venue": "CGO, 2012",
      "year": 2012,
      "citations": 129
    },
    {
      "title": "Metronome: operating system level performance management via self-adaptive computing",
      "url": "https://scholar.google.com/citations?view_op=view_citation&hl=en&user=bY5WiJIAAAAJ&citation_for_view=bY5WiJIAAAAJ:e5wmG9Sq2KIC",
      "authors": "F Sironi, DB Bartolini, S Campanoni, F Cancare, H Hoffmann, D Sciuto, ...",
      "venue": "Proceedings of the 49th Annual Design Automation Conference, 856-865, 2012",
      "year": 2012,
      "citations": 70
    },
    {
      "title": "HELIX: Making the extraction of thread-level parallelism mainstream",
      "url": "https://scholar.google.com/citations?view_op=view_citation&hl=en&user=bY5WiJIAAAAJ&citation_for_view=bY5WiJIAAAAJ:4JMBOYKVnBMC",
      "authors": "S Campanoni, TM Jones, G Holloway, GY Wei, D Brooks",
      "venue": "IEEE Micro 32 (4), 8-18, 2012",
      "year": 2012,
      "citations": 41
    },
    {
      "title": "Voltage smoothing: Characterizing and mitigating voltage noise in production processors via software-guided thread scheduling",
      "url": "https://scholar.google.com/citations?view_op=view_citation&hl=en&user=bY5WiJIAAAAJ&citation_for_view=bY5WiJIAAAAJ:4TOpqqG69KYC",
      "authors": "VJ Reddi, S Kanev, W Kim, S Campanoni, MD Smith, GY Wei, D Brooks",
      "venue": "2010 43rd Annual IEEE/ACM International Symposium on Microarchitecture, 77-88, 2010",
      "year": 2010,
      "citations": 139
    },
    {
      "title": "Voltage noise in production processors",
      "url": "https://scholar.google.com/citations?view_op=view_citation&hl=en&user=bY5WiJIAAAAJ&citation_for_view=bY5WiJIAAAAJ:mVmsd5A6BfQC",
      "authors": "VJ Reddi, S Kanev, W Kim, S Campanoni, MD Smith, GY Wei, D Brooks",
      "venue": "IEEE micro 31 (1), 20-28, 2010",
      "year": 2010,
      "citations": 44
    },
    {
      "title": "A highly flexible, parallel virtual machine: Design and experience of ILDJIT",
      "url": "https://scholar.google.com/citations?view_op=view_citation&hl=en&user=bY5WiJIAAAAJ&citation_for_view=bY5WiJIAAAAJ:Zph67rFs4hoC",
      "authors": "S Campanoni, G Agosta, S Crespi Reghizzi, A Di Biagio",
      "venue": "Software: Practice and Experience 40 (2), 177-207, 2010",
      "year": 2010,
      "citations": 38
    },
    {
      "title": "Eliminating voltage emergencies via software-guided code transformations",
      "url": "https://scholar.google.com/citations?view_op=view_citation&hl=en&user=bY5WiJIAAAAJ&citation_for_view=bY5WiJIAAAAJ:M3ejUd6NZC8C",
      "authors": "VJ Reddi, S Campanoni, MS Gupta, MD Smith, GY Wei, D Brooks, ...",
      "venue": "ACM Transactions on Architecture and Code Optimization (TACO) 7 (2), 1-28, 2010",
      "year": 2010,
      "citations": 31
    },
    {
      "title": "Software-assisted hardware reliability: abstracting circuit-level challenges to the software stack",
      "url": "https://scholar.google.com/citations?view_op=view_citation&hl=en&user=bY5WiJIAAAAJ&citation_for_view=bY5WiJIAAAAJ:kNdYIx-mwKoC",
      "authors": "VJ Reddi, MS Gupta, MD Smith, G Wei, D Brooks, S Campanoni",
      "venue": "Proceedings of the 46th Annual Design Automation Conference, 788-793, 2009",
      "year": 2009,
      "citations": 34
    },
    {
      "title": "Dynamic look ahead compilation: a technique to hide jit compilation latencies in multicore environment",
      "url": "https://scholar.google.com/citations?view_op=view_citation&hl=en&user=bY5WiJIAAAAJ&citation_for_view=bY5WiJIAAAAJ:KlAtU1dfN6UC",
      "authors": "S Campanoni, M Sykora, G Agosta, S Crespi Reghizzi",
      "venue": "International conference on compiler construction, 220-235, 2009",
      "year": 2009,
      "citations": 21
    },
    {
      "title": "A parallel dynamic compiler for CIL bytecode",
      "url": "https://scholar.google.com/citations?view_op=view_citation&hl=en&user=bY5WiJIAAAAJ&citation_for_view=bY5WiJIAAAAJ:3fE2CSJIrl8C",
      "authors": "S Campanoni, G Agosta, SC Reghizzi",
      "venue": "ACM Sigplan Notices 43 (4), 11-20, 2008",
      "year": 2008,
      "citations": 22
    }
  ],
  "co_authors": [
    {
      "name": "David Brooks",
      "scholar_id": "vXHA_XYAAAAJ",
      "url": "https://scholar.google.com/citations?user=vXHA_XYAAAAJ"
    },
    {
      "name": "Gu-Yeon Wei",
      "scholar_id": "IR0yJB8AAAAJ",
      "url": "https://scholar.google.com/citations?user=IR0yJB8AAAAJ"
    },
    {
      "name": "Timothy M. Jones",
      "scholar_id": "qnn3-gMAAAAJ",
      "url": "https://scholar.google.com/citations?user=qnn3-gMAAAAJ"
    },
    {
      "name": "Peter Dinda",
      "scholar_id": "9m3beGEAAAAJ",
      "url": "https://scholar.google.com/citations?user=9m3beGEAAAAJ"
    },
    {
      "name": "Vijay Janapa Reddi",
      "scholar_id": "gy4UVGcAAAAJ",
      "url": "https://scholar.google.com/citations?user=gy4UVGcAAAAJ"
    },
    {
      "name": "Svilen Kanev",
      "scholar_id": "6ZHvHDEAAAAJ",
      "url": "https://scholar.google.com/citations?user=6ZHvHDEAAAAJ"
    },
    {
      "name": "Nikos Hardavellas",
      "scholar_id": "0pdiFKEAAAAJ",
      "url": "https://scholar.google.com/citations?user=0pdiFKEAAAAJ"
    },
    {
      "name": "David I. August",
      "scholar_id": "Wov5tYoAAAAJ",
      "url": "https://scholar.google.com/citations?user=Wov5tYoAAAAJ"
    },
    {
      "name": "Michael D. Smith",
      "scholar_id": "BiiIlnQAAAAJ",
      "url": "https://scholar.google.com/citations?user=BiiIlnQAAAAJ"
    },
    {
      "name": "Ziyang Xu",
      "scholar_id": "ckqSbQIAAAAJ",
      "url": "https://scholar.google.com/citations?user=ckqSbQIAAAAJ"
    },
    {
      "name": "Giovanni Agosta",
      "scholar_id": "eLxnBysAAAAJ",
      "url": "https://scholar.google.com/citations?user=eLxnBysAAAAJ"
    },
    {
      "name": "Enrico Armenio Deiana",
      "scholar_id": "8_2J9tIAAAAJ",
      "url": "https://scholar.google.com/citations?user=8_2J9tIAAAAJ"
    },
    {
      "name": "Brian Suchy",
      "scholar_id": "wkduTy0AAAAJ",
      "url": "https://scholar.google.com/citations?user=wkduTy0AAAAJ"
    },
    {
      "name": "Kevin Brownell",
      "scholar_id": "frTKUcoAAAAJ",
      "url": "https://scholar.google.com/citations?user=frTKUcoAAAAJ"
    },
    {
      "name": "Souradip Ghosh",
      "scholar_id": "BEu5TxAAAAAJ",
      "url": "https://scholar.google.com/citations?user=BEu5TxAAAAAJ"
    },
    {
      "name": "Brian Homerding",
      "scholar_id": "eHmKZNAAAAAJ",
      "url": "https://scholar.google.com/citations?user=eHmKZNAAAAAJ"
    },
    {
      "name": "Tommy McMichen",
      "scholar_id": "8Z1lO28AAAAJ",
      "url": "https://scholar.google.com/citations?user=8Z1lO28AAAAJ"
    },
    {
      "name": "Yian Su",
      "scholar_id": "63AADzoAAAAJ",
      "url": "https://scholar.google.com/citations?user=63AADzoAAAAJ"
    },
    {
      "name": "Ishita Chaturvedi",
      "scholar_id": "ObVBum0AAAAJ",
      "url": "https://scholar.google.com/citations?user=ObVBum0AAAAJ"
    },
    {
      "name": "William Fornaciari",
      "scholar_id": "-roQElwAAAAJ",
      "url": "https://scholar.google.com/citations?user=-roQElwAAAAJ"
    }
  ]
}