{
  "author_info": {
    "name": "Hojoon Lee",
    "affiliation": "PhD Student @ KAIST AI",
    "email_verified": "Verified email at kaist.ac.kr - Homepage",
    "website": "http://joonleesky.github.io/",
    "interests": [
      "Reinforcement Learning",
      "Deep Learning"
    ],
    "photo_url": "https://scholar.googleusercontent.com/citations?view_op=view_photo&user=g0R5CDMAAAAJ&citpid=2"
  },
  "citation_stats": {
    "citations_all": 230,
    "citations_since_2020": 229,
    "h_index_all": 9,
    "h_index_since_2020": 9,
    "i10_index_all": 8,
    "i10_index_since_2020": 8,
    "citation_graph": [
      {
        "year": 2022,
        "citations": 6
      },
      {
        "year": 2023,
        "citations": 23
      },
      {
        "year": 2024,
        "citations": 72
      },
      {
        "year": 2025,
        "citations": 128
      }
    ]
  },
  "papers": [
    {
      "title": "Hyperspherical Normalization for Scalable Deep Reinforcement Learning",
      "url": "https://scholar.google.com/citations?view_op=view_citation&hl=en&user=g0R5CDMAAAAJ&citation_for_view=g0R5CDMAAAAJ:roLk4NBRz8UC",
      "authors": "H Lee, Y Lee, T Seno, D Kim, P Stone, J Choo",
      "venue": "ICML'25 (𝐒𝐩𝐨𝐭𝐥𝐢𝐠𝐡𝐭), 2025",
      "year": 2025,
      "citations": 14
    },
    {
      "title": "A Champion-level Vision-based Reinforcement Learning Agent for Competitive Racing in Gran Turismo 7",
      "url": "https://scholar.google.com/citations?view_op=view_citation&hl=en&user=g0R5CDMAAAAJ&citation_for_view=g0R5CDMAAAAJ:Se3iqnhoufwC",
      "authors": "H Lee, T Seno, JJ Tai, K Subramanian, K Kawamoto, P Stone, ...",
      "venue": "IEEE RA-L'25, 2025",
      "year": 2025,
      "citations": 4
    },
    {
      "title": "The Comparative Trap: Pairwise Comparisons Amplifies Biased Preferences of LLM Evaluators",
      "url": "https://scholar.google.com/citations?view_op=view_citation&hl=en&user=g0R5CDMAAAAJ&citation_for_view=g0R5CDMAAAAJ:UebtZRa9Y70C",
      "authors": "H Jeong, CH Park, J Hong, H Lee, J Choo",
      "venue": "Proceedings of the 8th BlackboxNLP Workshop: Analyzing and Interpreting …, 2025",
      "year": 2025,
      "citations": 3
    },
    {
      "title": "PHUMA: Physically-Grounded Humanoid Locomotion Dataset",
      "url": "https://scholar.google.com/citations?view_op=view_citation&hl=en&user=g0R5CDMAAAAJ&citation_for_view=g0R5CDMAAAAJ:5nxA0vEk-isC",
      "authors": "K Lee, S Kim, M Park, H Kim, D Hwang, H Lee, J Choo",
      "venue": "arXiv preprint arXiv:2510.26236, 2025",
      "year": 2025,
      "citations": 0
    },
    {
      "title": "ACG: Action Coherence Guidance for Flow-based VLA models",
      "url": "https://scholar.google.com/citations?view_op=view_citation&hl=en&user=g0R5CDMAAAAJ&citation_for_view=g0R5CDMAAAAJ:0EnyYjriUFMC",
      "authors": "M Park, K Kim, J Hyung, H Jang, H Jin, J Yun, H Lee, J Choo",
      "venue": "arXiv preprint arXiv:2510.22201, 2025",
      "year": 2025,
      "citations": 0
    },
    {
      "title": "Simba: Simplicity bias for scaling up parameters in deep reinforcement learning",
      "url": "https://scholar.google.com/citations?view_op=view_citation&hl=en&user=g0R5CDMAAAAJ&citation_for_view=g0R5CDMAAAAJ:_FxGoFyzp5QC",
      "authors": "H Lee, D Hwang, D Kim, H Kim, JJ Tai, K Subramanian, PR Wurman, ...",
      "venue": "ICLR'24 (𝐒𝐩𝐨𝐭𝐥𝐢𝐠𝐡𝐭), 2024",
      "year": 2024,
      "citations": 32
    },
    {
      "title": "Slow and steady wins the race: Maintaining plasticity with hare and tortoise networks",
      "url": "https://scholar.google.com/citations?view_op=view_citation&hl=en&user=g0R5CDMAAAAJ&citation_for_view=g0R5CDMAAAAJ:YsMSGLbcyi4C",
      "authors": "H Lee, H Cho, H Kim, D Kim, D Min, J Choo, C Lyle",
      "venue": "ICML'24, 2024",
      "year": 2024,
      "citations": 30
    },
    {
      "title": "Do's and Don'ts: Learning Desirable Skills with Instruction Videos",
      "url": "https://scholar.google.com/citations?view_op=view_citation&hl=en&user=g0R5CDMAAAAJ&citation_for_view=g0R5CDMAAAAJ:ufrVoPGSRksC",
      "authors": "H Kim, BKUN LEE, H Lee, D Hwang, D Kim, J Choo",
      "venue": "NeurIPS'24 37, 47741-47766, 2024",
      "year": 2024,
      "citations": 4
    },
    {
      "title": "Investigating pre-training objectives for generalization in vision-based reinforcement learning",
      "url": "https://scholar.google.com/citations?view_op=view_citation&hl=en&user=g0R5CDMAAAAJ&citation_for_view=g0R5CDMAAAAJ:eQOLeE2rZwMC",
      "authors": "D Kim, H Lee, K Lee, D Hwang, J Choo",
      "venue": "ICML'24, 2024",
      "year": 2024,
      "citations": 4
    },
    {
      "title": "Adapting pretrained ViTs with convolution injector for visuo-motor control",
      "url": "https://scholar.google.com/citations?view_op=view_citation&hl=en&user=g0R5CDMAAAAJ&citation_for_view=g0R5CDMAAAAJ:WF5omc3nYNoC",
      "authors": "D Hwang, B Lee, H Lee, H Kim, J Choo",
      "venue": "ICML'24, 2024",
      "year": 2024,
      "citations": 0
    },
    {
      "title": "PLASTIC: Improving Input and Label Plasticity for Sample Efficient Reinforcement Learning",
      "url": "https://scholar.google.com/citations?view_op=view_citation&hl=en&user=g0R5CDMAAAAJ&citation_for_view=g0R5CDMAAAAJ:Y0pCki6q_DkC",
      "authors": "H Lee, H Cho, H Kim, D Gwak, J Kim, J Choo, SY Yun, C Yun",
      "venue": "NeurIPS'23, 2023",
      "year": 2023,
      "citations": 50
    },
    {
      "title": "Learning to Discover Skills through Guidance",
      "url": "https://scholar.google.com/citations?view_op=view_citation&hl=en&user=g0R5CDMAAAAJ&citation_for_view=g0R5CDMAAAAJ:Tyk-4Ss8FVUC",
      "authors": "H Kim, B Lee, H Lee, D Hwang, S Park, K Min, J Choo",
      "venue": "NeurIPS'23, 2023",
      "year": 2023,
      "citations": 17
    },
    {
      "title": "St-rap: A spatio-temporal framework for real estate appraisal",
      "url": "https://scholar.google.com/citations?view_op=view_citation&hl=en&user=g0R5CDMAAAAJ&citation_for_view=g0R5CDMAAAAJ:zYLM7Y9cAGgC",
      "authors": "H Lee, H Jeong, B Lee, KD Lee, J Choo",
      "venue": "CIKM'23, 4053-4058, 2023",
      "year": 2023,
      "citations": 9
    },
    {
      "title": "On the Importance of Feature Decorrelation for Unsupervised Representation Learning in Reinforcement Learning",
      "url": "https://scholar.google.com/citations?view_op=view_citation&hl=en&user=g0R5CDMAAAAJ&citation_for_view=g0R5CDMAAAAJ:qjMakFHDy7sC",
      "authors": "H Lee, K Lee, D Hwang, H Lee, B Lee, J Choo",
      "venue": "ICML'23, 2023",
      "year": 2023,
      "citations": 9
    },
    {
      "title": "DraftRec: Personalized Draft Recommendation for Winning in Multi-Player Online Battle Arena Games",
      "url": "https://scholar.google.com/citations?view_op=view_citation&hl=en&user=g0R5CDMAAAAJ&citation_for_view=g0R5CDMAAAAJ:d1gkVwhDpl0C",
      "authors": "H Lee, D Hwang, H Kim, B Lee, J Choo",
      "venue": "WWW '22, 3428-3439, 2022",
      "year": 2022,
      "citations": 18
    },
    {
      "title": "Enemy Spotted: in-game gun sound dataset for gunshot classification and localization",
      "url": "https://scholar.google.com/citations?view_op=view_citation&hl=en&user=g0R5CDMAAAAJ&citation_for_view=g0R5CDMAAAAJ:UeHWp8X0CEIC",
      "authors": "J Park, Y Cho, G Sim, H Lee, J Choo",
      "venue": "CoG'22, 56-63, 2022",
      "year": 2022,
      "citations": 14
    },
    {
      "title": "Towards validating long-term user feedbacks in interactive recommendation systems",
      "url": "https://scholar.google.com/citations?view_op=view_citation&hl=en&user=g0R5CDMAAAAJ&citation_for_view=g0R5CDMAAAAJ:2osOgNQ5qMEC",
      "authors": "H Lee, D Hwang, K Min, J Choo",
      "venue": "SIGIR '22 (𝐇𝐨𝐧𝐨𝐫𝐚𝐛𝐥𝐞 𝐌𝐞𝐧𝐭𝐢𝐨𝐧), 2607-2611, 2022",
      "year": 2022,
      "citations": 8
    },
    {
      "title": "JORLDY: a fully customizable open source framework for reinforcement learning",
      "url": "https://scholar.google.com/citations?view_op=view_citation&hl=en&user=g0R5CDMAAAAJ&citation_for_view=g0R5CDMAAAAJ:9yKSN-GCB0IC",
      "authors": "K Min, H Lee, K Shin, T Lee, H Lee, J Choi, S Son",
      "venue": "arXiv preprint arXiv:2204.04892, 2022",
      "year": 2022,
      "citations": 1
    },
    {
      "title": "Moi-mixer: Improving mlp-mixer with multi order interactions in sequential recommendation",
      "url": "https://scholar.google.com/citations?view_op=view_citation&hl=en&user=g0R5CDMAAAAJ&citation_for_view=g0R5CDMAAAAJ:u5HHmVD_uO8C",
      "authors": "H Lee, D Hwang, S Hong, C Kim, S Kim, J Choo",
      "venue": "arXiv preprint arXiv:2108.07505, 2021",
      "year": 2021,
      "citations": 12
    },
    {
      "title": "Learning representations by contrasting clusters while bootstrapping instances",
      "url": "https://scholar.google.com/citations?view_op=view_citation&hl=en&user=g0R5CDMAAAAJ&citation_for_view=g0R5CDMAAAAJ:u-x6o8ySG0sC",
      "authors": "J Lee, H Lee, I Shin, J Bae, IS Kweon, J Choo",
      "venue": "",
      "citations": 1,
      "year": 2020
    }
  ],
  "co_authors": [
    {
      "name": "Jaegul Choo",
      "scholar_id": "GHJYsLEAAAAJ",
      "url": "https://scholar.google.com/citations?user=GHJYsLEAAAAJ"
    },
    {
      "name": "Dongyoon Hwang",
      "scholar_id": "FQJHN6QAAAAJ",
      "url": "https://scholar.google.com/citations?user=FQJHN6QAAAAJ"
    },
    {
      "name": "Hyunseung Kim",
      "scholar_id": "MPwhSxwAAAAJ",
      "url": "https://scholar.google.com/citations?user=MPwhSxwAAAAJ"
    },
    {
      "name": "DongHu Kim",
      "scholar_id": "LcYjQYcAAAAJ",
      "url": "https://scholar.google.com/citations?user=LcYjQYcAAAAJ"
    },
    {
      "name": "Byungkun Lee",
      "scholar_id": "RFjZjzkAAAAJ",
      "url": "https://scholar.google.com/citations?user=RFjZjzkAAAAJ"
    },
    {
      "name": "Takuma Seno",
      "scholar_id": "uBCMlS4AAAAJ",
      "url": "https://scholar.google.com/citations?user=uBCMlS4AAAAJ"
    },
    {
      "name": "Peter Stone",
      "scholar_id": "qnwjcfAAAAAJ",
      "url": "https://scholar.google.com/citations?user=qnwjcfAAAAAJ"
    },
    {
      "name": "Chulhee Yun",
      "scholar_id": "Ukl64ggAAAAJ",
      "url": "https://scholar.google.com/citations?user=Ukl64ggAAAAJ"
    },
    {
      "name": "Hanseul Cho",
      "scholar_id": "IczOXwsAAAAJ",
      "url": "https://scholar.google.com/citations?user=IczOXwsAAAAJ"
    },
    {
      "name": "Kaushik Subramanian",
      "scholar_id": "Y8ep3h8AAAAJ",
      "url": "https://scholar.google.com/citations?user=Y8ep3h8AAAAJ"
    },
    {
      "name": "Peter Wurman",
      "scholar_id": "8nhpK5IAAAAJ",
      "url": "https://scholar.google.com/citations?user=8nhpK5IAAAAJ"
    },
    {
      "name": "Hawon Jeong",
      "scholar_id": "ZGcHH8UAAAAJ",
      "url": "https://scholar.google.com/citations?user=ZGcHH8UAAAAJ"
    },
    {
      "name": "Clare Lyle",
      "scholar_id": "_JMpZh0AAAAJ",
      "url": "https://scholar.google.com/citations?user=_JMpZh0AAAAJ"
    },
    {
      "name": "Hyeonseo Cho",
      "scholar_id": "6PcTM80AAAAJ",
      "url": "https://scholar.google.com/citations?user=6PcTM80AAAAJ"
    },
    {
      "name": "Youngdo Lee",
      "scholar_id": "5ql17scAAAAJ",
      "url": "https://scholar.google.com/citations?user=5ql17scAAAAJ"
    },
    {
      "name": "Kyungmin Lee",
      "scholar_id": "OKrMvI8AAAAJ",
      "url": "https://scholar.google.com/citations?user=OKrMvI8AAAAJ"
    }
  ]
}