{
  "author_info": {
    "name": "Chengjiang Long",
    "affiliation": "Research Engineer/Tech Leader at  ByteDance Inc.",
    "email_verified": "Verified email at bytedance.com - Homepage",
    "website": "http://www.chengjianglong.com/",
    "interests": [
      "Computer Vision",
      "Computer Graphics",
      "Multimedia",
      "Machine Learning",
      "Artificial Intelligence"
    ],
    "photo_url": "https://scholar.googleusercontent.com/citations?view_op=view_photo&user=k0XkeiAAAAAJ&citpid=6"
  },
  "citation_stats": {
    "citations_all": 4672,
    "citations_since_2020": 4364,
    "h_index_all": 35,
    "h_index_since_2020": 33,
    "i10_index_all": 68,
    "i10_index_since_2020": 64,
    "citation_graph": [
      {
        "year": 2011,
        "citations": 14
      },
      {
        "year": 2012,
        "citations": 17
      },
      {
        "year": 2013,
        "citations": 12
      },
      {
        "year": 2014,
        "citations": 21
      },
      {
        "year": 2015,
        "citations": 41
      },
      {
        "year": 2016,
        "citations": 44
      },
      {
        "year": 2017,
        "citations": 33
      },
      {
        "year": 2018,
        "citations": 51
      },
      {
        "year": 2019,
        "citations": 59
      },
      {
        "year": 2020,
        "citations": 170
      },
      {
        "year": 2021,
        "citations": 362
      },
      {
        "year": 2022,
        "citations": 556
      },
      {
        "year": 2023,
        "citations": 904
      },
      {
        "year": 2024,
        "citations": 1241
      },
      {
        "year": 2025,
        "citations": 1109
      }
    ]
  },
  "papers": [
    {
      "title": "Progressively generating better initial guesses towards next stages for high-quality human motion prediction",
      "url": "https://scholar.google.com/citations?view_op=view_citation&hl=en&user=k0XkeiAAAAAJ&citation_for_view=k0XkeiAAAAAJ:AHdEip9mkN0C",
      "authors": "T Ma, Y Nie, C Long, Q Zhang, G Li",
      "venue": "Proceedings of the IEEE/CVF conference on computer vision and pattern …, 2022",
      "year": 2022,
      "citations": 176
    },
    {
      "title": "SGCN: Sparse graph convolution network for pedestrian trajectory prediction",
      "url": "https://scholar.google.com/citations?view_op=view_citation&hl=en&user=k0XkeiAAAAAJ&citation_for_view=k0XkeiAAAAAJ:ubry08Y2EpUC",
      "authors": "L Shi, L Wang, C Long, S Zhou, M Zhou, Z Niu, G Hua",
      "venue": "Proceedings of the IEEE/CVF Conference on Computer Vision and Pattern …, 2021",
      "year": 2021,
      "citations": 448
    },
    {
      "title": "A Hybrid Video Anomaly Detection Framework via Memory-Augmented Flow Reconstruction and Flow-Guided Frame Prediction",
      "url": "https://scholar.google.com/citations?view_op=view_citation&hl=en&user=k0XkeiAAAAAJ&citation_for_view=k0XkeiAAAAAJ:5MTHONV0fEkC",
      "authors": "Z Liu, Y Nie, C Long, Q Zhang, G Li",
      "venue": "Proceedings of ICCV, 13588-13597, 2021",
      "year": 2021,
      "citations": 403
    },
    {
      "title": "Msr-gcn: Multi-scale residual graph convolution networks for human motion prediction",
      "url": "https://scholar.google.com/citations?view_op=view_citation&hl=en&user=k0XkeiAAAAAJ&citation_for_view=k0XkeiAAAAAJ:vDZJ-YLwNdEC",
      "authors": "L Dang, Y Nie, C Long, Q Zhang, G Li",
      "venue": "Proceedings of the IEEE/CVF International Conference on Computer Vision …, 2021",
      "year": 2021,
      "citations": 311
    },
    {
      "title": "A Hybrid Attention Mechanism for Weakly-Supervised Temporal Action Localization",
      "url": "https://scholar.google.com/citations?view_op=view_citation&hl=en&user=k0XkeiAAAAAJ&citation_for_view=k0XkeiAAAAAJ:u-coK7KVo8oC",
      "authors": "A Islam, C Long, RJ Radke",
      "venue": "Proceedings of the AAAI Conference on Artificial Intelligence, 1637-1645, 2021",
      "year": 2021,
      "citations": 155
    },
    {
      "title": "Drb-gan: A dynamic resblock generative adversarial network for artistic style transfer",
      "url": "https://scholar.google.com/citations?view_op=view_citation&hl=en&user=k0XkeiAAAAAJ&citation_for_view=k0XkeiAAAAAJ:Bg7qf7VwUHIC",
      "authors": "W Xu, C Long, R Wang, G Wang",
      "venue": "Proceedings of the IEEE Conference on Computer Vision and Pattern …, 2021",
      "year": 2021,
      "citations": 138
    },
    {
      "title": "Drb-gan: A dynamic resblock generative adversarial network for artistic style transfer",
      "url": "https://scholar.google.com/citations?view_op=view_citation&hl=en&user=k0XkeiAAAAAJ&citation_for_view=k0XkeiAAAAAJ:BJbdYPG6LGMC",
      "authors": "W Xu, C Long, R Wang, G Wang",
      "venue": "Proceedings of the IEEE Conference on Computer Vision and Pattern …, 2021",
      "year": 2021,
      "citations": 138
    },
    {
      "title": "Drb-gan: A dynamic resblock generative adversarial network for artistic style transfer",
      "url": "https://scholar.google.com/citations?view_op=view_citation&hl=en&user=k0XkeiAAAAAJ&citation_for_view=k0XkeiAAAAAJ:artPoR2Yc-kC",
      "authors": "W Xu, C Long, R Wang, G Wang",
      "venue": "Proceedings of the IEEE Conference on Computer Vision and Pattern …, 2021",
      "year": 2021,
      "citations": 138
    },
    {
      "title": "Canet: A context-aware network for shadow removal",
      "url": "https://scholar.google.com/citations?view_op=view_citation&hl=en&user=k0XkeiAAAAAJ&citation_for_view=k0XkeiAAAAAJ:OP4eGU-M3BUC",
      "authors": "Z Chen, C Long, L Zhang, C Xiao",
      "venue": "Proceedings of the IEEE/CVF international conference on computer vision …, 2021",
      "year": 2021,
      "citations": 134
    },
    {
      "title": "A two-stage attentive network for single image super resolution",
      "url": "https://scholar.google.com/citations?view_op=view_citation&hl=en&user=k0XkeiAAAAAJ&citation_for_view=k0XkeiAAAAAJ:otzGkya1bYkC",
      "authors": "J Zhang, C Long, Y Wang, X Yang, H Mei, B Yin",
      "venue": "IEEE Transactions on Circuits and Systems for Video Technology 1, 2021",
      "year": 2021,
      "citations": 79
    },
    {
      "title": "A two-stage attentive network for single image super resolution",
      "url": "https://scholar.google.com/citations?view_op=view_citation&hl=en&user=k0XkeiAAAAAJ&citation_for_view=k0XkeiAAAAAJ:buQ7SEKw-1sC",
      "authors": "J Zhang, C Long, Y Wang, X Yang, H Mei, B Yin",
      "venue": "IEEE Transactions on Circuits and Systems for Video Technology 1, 2021",
      "year": 2021,
      "citations": 79
    },
    {
      "title": "A two-stage attentive network for single image super resolution",
      "url": "https://scholar.google.com/citations?view_op=view_citation&hl=en&user=k0XkeiAAAAAJ&citation_for_view=k0XkeiAAAAAJ:wMgC3FpKEyYC",
      "authors": "J Zhang, C Long, Y Wang, X Yang, H Mei, B Yin",
      "venue": "IEEE Transactions on Circuits and Systems for Video Technology 1, 2021",
      "year": 2021,
      "citations": 79
    },
    {
      "title": "DOA-GAN: Dual-order attentive generative adversarial network for image copy-move forgery detection and localization",
      "url": "https://scholar.google.com/citations?view_op=view_citation&hl=en&user=k0XkeiAAAAAJ&citation_for_view=k0XkeiAAAAAJ:F1b5ZUV5XREC",
      "authors": "A Islam, C Long, A Basharat, A Hoogs",
      "venue": "Proceedings of the IEEE/CVF Conference on Computer Vision and Pattern …, 2020",
      "year": 2020,
      "citations": 186
    },
    {
      "title": "Doa-gan: Dual-order attentive generative adversarial network for image copy-move forgery detection and localization",
      "url": "https://scholar.google.com/citations?view_op=view_citation&hl=en&user=k0XkeiAAAAAJ&citation_for_view=k0XkeiAAAAAJ:1lhNe0rCu4AC",
      "authors": "A Islam, C Long, A Basharat, A Hoogs",
      "venue": "Proceedings of the IEEE/CVF Conference on Computer Vision and Pattern …, 2020",
      "year": 2020,
      "citations": 181
    },
    {
      "title": "Ris-gan: Explore residual and illumination with generative adversarial networks for shadow removal",
      "url": "https://scholar.google.com/citations?view_op=view_citation&hl=en&user=k0XkeiAAAAAJ&citation_for_view=k0XkeiAAAAAJ:QYdC8u9Cj1oC",
      "authors": "L Zhang, C Long, X Zhang, C Xiao",
      "venue": "Proceedings of the AAAI Conference on Artificial Intelligence (AAAI), 2020",
      "year": 2020,
      "citations": 114
    },
    {
      "title": "Arshadowgan: Shadow generative adversarial network for augmented reality in single light scenes",
      "url": "https://scholar.google.com/citations?view_op=view_citation&hl=en&user=k0XkeiAAAAAJ&citation_for_view=k0XkeiAAAAAJ:4xDN1ZYqzskC",
      "authors": "D Liu, C Long, H Zhang, H Yu, C Xiao",
      "venue": "Proceedings of the IEEE Conference on Computer Vision and Pattern …, 2020",
      "year": 2020,
      "citations": 111
    },
    {
      "title": "Argan: Attentive recurrent generative adversarial network for shadow detection and removal",
      "url": "https://scholar.google.com/citations?view_op=view_citation&hl=en&user=k0XkeiAAAAAJ&citation_for_view=k0XkeiAAAAAJ:Aul-kAQHnToC",
      "authors": "B Ding, C Long, L Zhang, C Xiao",
      "venue": "Proceedings of the IEEE/CVF International Conference on Computer Vision, 2019",
      "year": 2019,
      "citations": 208
    },
    {
      "title": "Automated pig counting using deep learning",
      "url": "https://scholar.google.com/citations?view_op=view_citation&hl=en&user=k0XkeiAAAAAJ&citation_for_view=k0XkeiAAAAAJ:Ug5p-4gJ2f0C",
      "authors": "M Tian, H Guo, H Chen, Q Wang, C Long, Y Ma",
      "venue": "Computers and Electronics in Agriculture 163, 104840, 2019",
      "year": 2019,
      "citations": 162
    },
    {
      "title": "Multi-class Multi-annotator Active Learning with Robust Gaussian Process for Visual Recognition",
      "url": "https://scholar.google.com/citations?view_op=view_citation&hl=en&user=k0XkeiAAAAAJ&citation_for_view=k0XkeiAAAAAJ:VaXvl8Fpj5cC",
      "authors": "C Long, G Hua",
      "venue": "Computer Vision (ICCV), 2015 IEEE International Conference on, 2015",
      "year": 2015,
      "citations": 82
    },
    {
      "title": "Active visual recognition with expertise estimation in crowdsourcing",
      "url": "https://scholar.google.com/citations?view_op=view_citation&hl=en&user=k0XkeiAAAAAJ&citation_for_view=k0XkeiAAAAAJ:ULOm3_A8WrAC",
      "authors": "C Long, G Hua, A Kapoor",
      "venue": "Proceedings of the IEEE International Conference on Computer Vision, 3000-3007, 2013",
      "year": 2013,
      "citations": 95
    }
  ],
  "co_authors": [
    {
      "name": "Yongwei Nie",
      "scholar_id": "jVlU_oQAAAAJ",
      "url": "https://scholar.google.com/citations?user=jVlU_oQAAAAJ"
    },
    {
      "name": "Chunxia Xiao",
      "scholar_id": "hHRl550AAAAJ",
      "url": "https://scholar.google.com/citations?user=hHRl550AAAAJ"
    },
    {
      "name": "Qing Zhang (张青)",
      "scholar_id": "qH0rU44AAAAJ",
      "url": "https://scholar.google.com/citations?user=qH0rU44AAAAJ"
    },
    {
      "name": "Gang Hua",
      "scholar_id": "7SgUlggAAAAJ",
      "url": "https://scholar.google.com/citations?user=7SgUlggAAAAJ"
    },
    {
      "name": "Le Wang",
      "scholar_id": "RypRCUQAAAAJ",
      "url": "https://scholar.google.com/citations?user=RypRCUQAAAAJ"
    },
    {
      "name": "Ashraful Islam",
      "scholar_id": "QC0yhKoAAAAJ",
      "url": "https://scholar.google.com/citations?user=QC0yhKoAAAAJ"
    },
    {
      "name": "Ming Yang",
      "scholar_id": "uBHJx08AAAAJ",
      "url": "https://scholar.google.com/citations?user=uBHJx08AAAAJ"
    },
    {
      "name": "Qingan Yan",
      "scholar_id": "EBQuyRAAAAAJ",
      "url": "https://scholar.google.com/citations?user=EBQuyRAAAAAJ"
    },
    {
      "name": "Jiqing Zhang",
      "scholar_id": "57iWrxUAAAAJ",
      "url": "https://scholar.google.com/citations?user=57iWrxUAAAAJ"
    },
    {
      "name": "Shuping Xiong",
      "scholar_id": "s1GYiDgAAAAJ",
      "url": "https://scholar.google.com/citations?user=s1GYiDgAAAAJ"
    },
    {
      "name": "Zhiyong Wang",
      "scholar_id": "Sqou_P0AAAAJ",
      "url": "https://scholar.google.com/citations?user=Sqou_P0AAAAJ"
    },
    {
      "name": "Shizhong (Steve) Han",
      "scholar_id": "Nlbo2H8AAAAJ",
      "url": "https://scholar.google.com/citations?user=Nlbo2H8AAAAJ"
    },
    {
      "name": "Goonetilleke Ravindra S.",
      "scholar_id": "w0Ge-oUAAAAJ",
      "url": "https://scholar.google.com/citations?user=w0Ge-oUAAAAJ"
    },
    {
      "name": "Ashish Kapoor",
      "scholar_id": "4D1n8scAAAAJ",
      "url": "https://scholar.google.com/citations?user=4D1n8scAAAAJ"
    },
    {
      "name": "Xiaoyu Wang, Fellow of IEEE",
      "scholar_id": "Bce64xEAAAAJ",
      "url": "https://scholar.google.com/citations?user=Bce64xEAAAAJ"
    },
    {
      "name": "Yuanqing Lin",
      "scholar_id": "FZY0k_kAAAAJ",
      "url": "https://scholar.google.com/citations?user=FZY0k_kAAAAJ"
    },
    {
      "name": "Matthew J. Leotta",
      "scholar_id": "bRkzRAoAAAAJ",
      "url": "https://scholar.google.com/citations?user=bRkzRAoAAAAJ"
    },
    {
      "name": "Jia Xue",
      "scholar_id": "KzqSXQQAAAAJ",
      "url": "https://scholar.google.com/citations?user=KzqSXQQAAAAJ"
    }
  ]
}