{
  "author_info": {
    "name": "Adam Letts",
    "affiliation": "II",
    "email_verified": "Verified email at ii.inc",
    "interests": [],
    "photo_url": "/citations/images/avatar_scholar_128.png"
  },
  "citation_stats": {
    "citations_all": 2355,
    "citations_since_2020": 2354,
    "h_index_all": 5,
    "h_index_since_2020": 5,
    "i10_index_all": 4,
    "i10_index_since_2020": 4,
    "citation_graph": [
      {
        "year": 2023,
        "citations": 18
      },
      {
        "year": 2024,
        "citations": 722
      },
      {
        "year": 2025,
        "citations": 1603
      }
    ]
  },
  "papers": [
    {
      "title": "Sv3d: Novel multi-view synthesis and 3d generation from a single image using latent video diffusion",
      "url": "https://scholar.google.com/citations?view_op=view_citation&hl=en&user=kj1KGcYAAAAJ&citation_for_view=kj1KGcYAAAAJ:UeHWp8X0CEIC",
      "authors": "V Voleti, CH Yao, M Boss, A Letts, D Pankratz, D Tochilkin, C Laforte, ...",
      "venue": "European Conference on Computer Vision, 439-457, 2024",
      "year": 2024,
      "citations": 296
    },
    {
      "title": "Triposr: Fast 3d object reconstruction from a single image",
      "url": "https://scholar.google.com/citations?view_op=view_citation&hl=en&user=kj1KGcYAAAAJ&citation_for_view=kj1KGcYAAAAJ:qjMakFHDy7sC",
      "authors": "D Tochilkin, D Pankratz, Z Liu, Z Huang, A Letts, Y Li, D Liang, C Laforte, ...",
      "venue": "arXiv preprint arXiv:2403.02151, 2024",
      "year": 2024,
      "citations": 243
    },
    {
      "title": "Stable video diffusion: Scaling latent video diffusion models to large datasets",
      "url": "https://scholar.google.com/citations?view_op=view_citation&hl=en&user=kj1KGcYAAAAJ&citation_for_view=kj1KGcYAAAAJ:2osOgNQ5qMEC",
      "authors": "A Blattmann, T Dockhorn, S Kulal, D Mendelevitch, M Kilian, D Lorenz, ...",
      "venue": "arXiv preprint arXiv:2311.15127, 2023",
      "year": 2023,
      "citations": 1756
    },
    {
      "title": "Disco diffusion",
      "url": "https://scholar.google.com/citations?view_op=view_citation&hl=en&user=kj1KGcYAAAAJ&citation_for_view=kj1KGcYAAAAJ:u5HHmVD_uO8C",
      "authors": "K Crowson, M Ingham, A Letts, A Spirin",
      "venue": "",
      "citations": 6,
      "year": 2022
    },
    {
      "title": "Disco diffusion",
      "url": "https://scholar.google.com/citations?view_op=view_citation&hl=en&user=kj1KGcYAAAAJ&citation_for_view=kj1KGcYAAAAJ:d1gkVwhDpl0C",
      "authors": "A Letts, C Scalf, A Spirin, T Mason, C Allen, M Ingham, M Howles, N Baer, ...",
      "venue": "",
      "citations": 3,
      "year": 2021
    },
    {
      "title": "Stable video diffusion: Scaling latent video diffusion models to large datasets, 2023",
      "url": "https://scholar.google.com/citations?view_op=view_citation&hl=en&user=kj1KGcYAAAAJ&citation_for_view=kj1KGcYAAAAJ:IjCSPb-OGe4C",
      "authors": "A Blattmann, T Dockhorn, S Kulal, D Mendelevitch, M Kilian, D Lorenz, ...",
      "venue": "URL https://arxiv. org/abs/2311.15127 3 (6), 0",
      "citations": 51
    }
  ],
  "co_authors": []
}