{
  "author_info": {
    "name": "Ritwik Gupta",
    "affiliation": "Postdoctoral Researcher, University of California, Berkeley",
    "email_verified": "Verified email at berkeley.edu - Homepage",
    "website": "https://ritwikgupta.me/",
    "interests": [
      "Computer Vision",
      "Humanitarian Assistance",
      "Disaster Response",
      "Public Policy"
    ],
    "photo_url": "https://scholar.googleusercontent.com/citations?view_op=view_photo&user=4Cdwp_MAAAAJ&citpid=5"
  },
  "citation_stats": {
    "citations_all": 1568,
    "citations_since_2020": 1551,
    "h_index_all": 12,
    "h_index_since_2020": 12,
    "i10_index_all": 13,
    "i10_index_since_2020": 13,
    "citation_graph": [
      {
        "year": 2019,
        "citations": 10
      },
      {
        "year": 2020,
        "citations": 58
      },
      {
        "year": 2021,
        "citations": 101
      },
      {
        "year": 2022,
        "citations": 110
      },
      {
        "year": 2023,
        "citations": 199
      },
      {
        "year": 2024,
        "citations": 437
      },
      {
        "year": 2025,
        "citations": 639
      }
    ]
  },
  "papers": [
    {
      "title": "Enough Coin Flips Can Make LLMs Act Bayesian",
      "url": "https://scholar.google.com/citations?view_op=view_citation&hl=en&user=4Cdwp_MAAAAJ&citation_for_view=4Cdwp_MAAAAJ:2P1L_qKh6hAC",
      "authors": "R Gupta, R Corona, J Ge, E Wang, D Klein, T Darrell, DM Chan",
      "venue": "arXiv preprint arXiv:2503.04722, 2025",
      "year": 2025,
      "citations": 8
    },
    {
      "title": "See say and segment: Teaching LMMs to overcome false premises",
      "url": "https://scholar.google.com/citations?view_op=view_citation&hl=en&user=4Cdwp_MAAAAJ&citation_for_view=4Cdwp_MAAAAJ:vV6vV6tmYwMC",
      "authors": "TH Wu, G Biamby, D Chan, L Dunlap, R Gupta, X Wang, JE Gonzalez, ...",
      "venue": "Proceedings of the IEEE/CVF Conference on Computer Vision and Pattern …, 2024",
      "year": 2024,
      "citations": 33
    },
    {
      "title": "Visual haystacks: A vision-centric needle-in-a-haystack benchmark",
      "url": "https://scholar.google.com/citations?view_op=view_citation&hl=en&user=4Cdwp_MAAAAJ&citation_for_view=4Cdwp_MAAAAJ:RYcK_YlVTxYC",
      "authors": "TH Wu, G Biamby, J Quenum, R Gupta, JE Gonzalez, T Darrell, DM Chan",
      "venue": "arXiv preprint arXiv:2407.13766, 2024",
      "year": 2024,
      "citations": 25
    },
    {
      "title": "xT: Nested Tokenization for Larger Context in Large Images",
      "url": "https://scholar.google.com/citations?view_op=view_citation&hl=en&user=4Cdwp_MAAAAJ&citation_for_view=4Cdwp_MAAAAJ:k_IJM867U9cC",
      "authors": "R Gupta, S Li, T Zhu, J Malik, T Darrell, K Mangalam",
      "venue": "arXiv preprint arXiv:2403.01915, 2024",
      "year": 2024,
      "citations": 8
    },
    {
      "title": "Data-Centric AI Governance: Addressing the Limitations of Model-Focused Policies",
      "url": "https://scholar.google.com/citations?view_op=view_citation&hl=en&user=4Cdwp_MAAAAJ&citation_for_view=4Cdwp_MAAAAJ:NaGl4SEjCO4C",
      "authors": "R Gupta, L Walker, R Corona, S Fu, S Petryk, J Napolitano, T Darrell, ...",
      "venue": "arXiv preprint arXiv:2409.17216, 2024",
      "year": 2024,
      "citations": 7
    },
    {
      "title": "Whack-a-Chip: The Futility of Hardware-Centric Export Controls",
      "url": "https://scholar.google.com/citations?view_op=view_citation&hl=en&user=4Cdwp_MAAAAJ&citation_for_view=4Cdwp_MAAAAJ:lSLTfruPkqcC",
      "authors": "R Gupta, L Walker, AW Reddie",
      "venue": "arXiv preprint arXiv:2411.14425, 2024",
      "year": 2024,
      "citations": 3
    },
    {
      "title": "Scale-MAE: A Scale-aware Masked Autoencoder for Multiscale Geospatial Representation Learning",
      "url": "https://scholar.google.com/citations?view_op=view_citation&hl=en&user=4Cdwp_MAAAAJ&citation_for_view=4Cdwp_MAAAAJ:TFP_iSt0sucC",
      "authors": "CJ Reed*, R Gupta*, S Li*, S Brockman, C Funk, B Clipp, K Keutzer, ...",
      "venue": "Proceedings of the IEEE/CVF International Conference on Computer Vision …, 2023",
      "year": 2023,
      "citations": 317
    },
    {
      "title": "SatlasPretrain: A large-scale dataset for remote sensing image understanding",
      "url": "https://scholar.google.com/citations?view_op=view_citation&hl=en&user=4Cdwp_MAAAAJ&citation_for_view=4Cdwp_MAAAAJ:4JMBOYKVnBMC",
      "authors": "F Bastani, P Wolters, R Gupta, J Ferdinando, A Kembhavi",
      "venue": "Proceedings of the IEEE/CVF International Conference on Computer Vision …, 2023",
      "year": 2023,
      "citations": 200
    },
    {
      "title": "ClimSim: A large multi-scale dataset for hybrid physics-ML climate emulation",
      "url": "https://scholar.google.com/citations?view_op=view_citation&hl=en&user=4Cdwp_MAAAAJ&citation_for_view=4Cdwp_MAAAAJ:iH-uZ7U-co4C",
      "authors": "S Yu, W Hannah, L Peng, J Lin, MA Bhouri, R Gupta, B Lütjens, JC Will, ...",
      "venue": "Advances in neural information processing systems 36, 22070-22084, 2023",
      "year": 2023,
      "citations": 77
    },
    {
      "title": "Harnessing AI and robotics in humanitarian assistance and disaster response",
      "url": "https://scholar.google.com/citations?view_op=view_citation&hl=en&user=4Cdwp_MAAAAJ&citation_for_view=4Cdwp_MAAAAJ:hFOr9nPyWt4C",
      "authors": "T Manzini, RR Murphy, E Heim, C Robinson, G Zarrella, R Gupta",
      "venue": "Science robotics 8 (80), eadj2767, 2023",
      "year": 2023,
      "citations": 13
    },
    {
      "title": "Confidence-building measures for artificial intelligence: Workshop proceedings",
      "url": "https://scholar.google.com/citations?view_op=view_citation&hl=en&user=4Cdwp_MAAAAJ&citation_for_view=4Cdwp_MAAAAJ:mB3voiENLucC",
      "authors": "S Shoker, A Reddie, S Barrington, R Booth, M Brundage, H Chahal, ...",
      "venue": "arXiv preprint arXiv:2308.00862, 2023",
      "year": 2023,
      "citations": 10
    },
    {
      "title": "xView3-SAR: Detecting Dark Fishing Activity Using Synthetic Aperture Radar Imagery",
      "url": "https://scholar.google.com/citations?view_op=view_citation&hl=en&user=4Cdwp_MAAAAJ&citation_for_view=4Cdwp_MAAAAJ:dhFuZR0502QC",
      "authors": "F Paolo*, TT Lin*, R Gupta*, B Goodman, N Patel, D Kuster, D Kroodsma, ...",
      "venue": "Thirty-sixth Conference on Neural Information Processing Systems Datasets …, 2022",
      "year": 2022,
      "citations": 52
    },
    {
      "title": "Snowpack estimation in key mountainous water basins from openly-available, multimodal data sources",
      "url": "https://scholar.google.com/citations?view_op=view_citation&hl=en&user=4Cdwp_MAAAAJ&citation_for_view=4Cdwp_MAAAAJ:YOwf2qJgpHMC",
      "authors": "M Moran, K Woputz, D Hee, M Girotto, P D'Odorico, R Gupta, D Feldman, ...",
      "venue": "arXiv preprint arXiv:2208.04246, 2022",
      "year": 2022,
      "citations": 4
    },
    {
      "title": "Wisosuper: Benchmarking super-resolution methods on wind and solar data",
      "url": "https://scholar.google.com/citations?view_op=view_citation&hl=en&user=4Cdwp_MAAAAJ&citation_for_view=4Cdwp_MAAAAJ:8k81kl-MbHgC",
      "authors": "R Kurinchi-Vendhan, B Lütjens, R Gupta, L Werner, D Newman",
      "venue": "arXiv preprint arXiv:2109.08770, 2021",
      "year": 2021,
      "citations": 26
    },
    {
      "title": "Creating xBD: A Dataset for Assessing Building Damage from Satellite Imagery",
      "url": "https://scholar.google.com/citations?view_op=view_citation&hl=en&user=4Cdwp_MAAAAJ&citation_for_view=4Cdwp_MAAAAJ:Se3iqnhoufwC",
      "authors": "R Gupta, B Goodman, N Patel, R Hosfelt, S Sajeev, E Heim, J Doshi, ...",
      "venue": "Proceedings of the IEEE Conference on Computer Vision and Pattern …, 2019",
      "year": 2019,
      "citations": 373
    },
    {
      "title": "xBD: A Dataset for Assessing Building Damage from Satellite Imagery",
      "url": "https://scholar.google.com/citations?view_op=view_citation&hl=en&user=4Cdwp_MAAAAJ&citation_for_view=4Cdwp_MAAAAJ:ldfaerwXgEUC",
      "authors": "R Gupta, R Hosfelt, S Sajeev, N Patel, B Goodman, J Doshi, E Heim, ...",
      "venue": "arXiv preprint arXiv:1911.09296, 2019",
      "year": 2019,
      "citations": 362
    },
    {
      "title": "Cyber Intelligence Tradecraft Report: The State of Cyber Intelligence Practices in the United States",
      "url": "https://scholar.google.com/citations?view_op=view_citation&hl=en&user=4Cdwp_MAAAAJ&citation_for_view=4Cdwp_MAAAAJ:zYLM7Y9cAGgC",
      "authors": "J Ettinger, A Galyardt, R Gupta, D DeCapria, E Kanal, J Klinedinst, Dan, ...",
      "venue": "Software Engineering Institute Technical Report, 2019",
      "year": 2019,
      "citations": 21
    },
    {
      "title": "Artificial Intelligence and Cyber Intelligence: An Implementation Guide",
      "url": "https://scholar.google.com/citations?view_op=view_citation&hl=en&user=4Cdwp_MAAAAJ&citation_for_view=4Cdwp_MAAAAJ:Tyk-4Ss8FVUC",
      "authors": "A Galyardt, R Gupta, D DeCapria, E Kanal, J Ettinger",
      "venue": "Software Engineering Institute Technical Report, 2019",
      "year": 2019,
      "citations": 5
    },
    {
      "title": "Open Problems in Robotic Anomaly Detection",
      "url": "https://scholar.google.com/citations?view_op=view_citation&hl=en&user=4Cdwp_MAAAAJ&citation_for_view=4Cdwp_MAAAAJ:u5HHmVD_uO8C",
      "authors": "R Gupta, ZT Kurtz, S Scherer, JM Smereka",
      "venue": "arXiv preprint arXiv:1809.03565, 2018",
      "year": 2018,
      "citations": 15
    },
    {
      "title": "Focusing on the Big Picture: Insights into a Systems Approach to Deep Learning for Satellite Imagery",
      "url": "https://scholar.google.com/citations?view_op=view_citation&hl=en&user=4Cdwp_MAAAAJ&citation_for_view=4Cdwp_MAAAAJ:qjMakFHDy7sC",
      "authors": "R Gupta, CD Sestili, JA Vazquez-Trejo, ME Gaston",
      "venue": "2018 IEEE International Conference on Big Data (Big Data), 1931-1936, 2018",
      "year": 2018,
      "citations": 4
    }
  ],
  "co_authors": [
    {
      "name": "Trevor Darrell",
      "scholar_id": "bh-uRFMAAAAJ",
      "url": "https://scholar.google.com/citations?user=bh-uRFMAAAAJ"
    },
    {
      "name": "Nirav Nikunj Patel",
      "scholar_id": "bJ51bBQAAAAJ",
      "url": "https://scholar.google.com/citations?user=bJ51bBQAAAAJ"
    },
    {
      "name": "Matthew E. Gaston",
      "scholar_id": "chgzExsAAAAJ",
      "url": "https://scholar.google.com/citations?user=chgzExsAAAAJ"
    },
    {
      "name": "Eric Heim",
      "scholar_id": "097QGvkAAAAJ",
      "url": "https://scholar.google.com/citations?user=097QGvkAAAAJ"
    },
    {
      "name": "David Chan",
      "scholar_id": "qa4M89wAAAAJ",
      "url": "https://scholar.google.com/citations?user=qa4M89wAAAAJ"
    },
    {
      "name": "Colorado J Reed",
      "scholar_id": "o6LlkNMAAAAJ",
      "url": "https://scholar.google.com/citations?user=o6LlkNMAAAAJ"
    },
    {
      "name": "Andrew Reddie",
      "scholar_id": "5-EG_pgAAAAJ",
      "url": "https://scholar.google.com/citations?user=5-EG_pgAAAAJ"
    },
    {
      "name": "Rupa Kurinchi-Vendhan",
      "scholar_id": "YY9cf7sAAAAJ",
      "url": "https://scholar.google.com/citations?user=YY9cf7sAAAAJ"
    }
  ]
}