{
  "author_info": {
    "name": "chunlin wen",
    "affiliation": "Southeast University",
    "email_verified": "Verified email at seu.edu.cn",
    "interests": [],
    "photo_url": "/citations/images/avatar_scholar_128.png"
  },
  "citation_stats": {
    "citations_all": 14,
    "citations_since_2020": 14,
    "h_index_all": 1,
    "h_index_since_2020": 1,
    "i10_index_all": 1,
    "i10_index_since_2020": 1,
    "citation_graph": [
      {
        "year": 2024,
        "citations": 1
      },
      {
        "year": 2025,
        "citations": 13
      }
    ]
  },
  "papers": [
    {
      "title": "Few-Shot Semantic Segmentation with Frequency Prototype Learning",
      "url": "https://scholar.google.com/citations?view_op=view_citation&hl=en&user=Fohng7UAAAAJ&citation_for_view=Fohng7UAAAAJ:d1gkVwhDpl0C",
      "authors": "C Wen, H Hui, Y Ma, F Yuan, H Zhu, P Zhu",
      "venue": "Computing and Informatics 44 (1), 92–123-92–123, 2025",
      "year": 2025,
      "citations": 1
    },
    {
      "title": "Dual-level correspondence network for few-shot semantic segmentation",
      "url": "https://scholar.google.com/citations?view_op=view_citation&hl=en&user=Fohng7UAAAAJ&citation_for_view=Fohng7UAAAAJ:u-x6o8ySG0sC",
      "authors": "H Hui, C Wen, Y Ma, F Yuan, H Zhu, P Zhu",
      "venue": "Multimedia Tools and Applications, 1-20, 2025",
      "year": 2025,
      "citations": 0
    },
    {
      "title": "Object-level Correlation for Few-Shot Segmentation",
      "url": "https://scholar.google.com/citations?view_op=view_citation&hl=en&user=Fohng7UAAAAJ&citation_for_view=Fohng7UAAAAJ:2osOgNQ5qMEC",
      "authors": "C Wen, Y Zhang, J Fan, H Zhu, XS Wei, Y Wang, Z Kou, S Sun",
      "venue": "Proceedings of the IEEE/CVF International Conference on Computer Vision …, 2025",
      "year": 2025,
      "citations": 0
    },
    {
      "title": "Dual-guided frequency prototype network for few-shot semantic segmentation",
      "url": "https://scholar.google.com/citations?view_op=view_citation&hl=en&user=Fohng7UAAAAJ&citation_for_view=Fohng7UAAAAJ:u5HHmVD_uO8C",
      "authors": "C Wen, H Huang, Y Ma, F Yuan, H Zhu",
      "venue": "IEEE Transactions on Multimedia 26, 8874-8888, 2024",
      "year": 2024,
      "citations": 13
    }
  ],
  "co_authors": []
}