{
  "author_info": {
    "name": "yuankai lin",
    "affiliation": "Huazhong University of Science and Technology",
    "email_verified": "Verified email at hust.edu.cn",
    "interests": [],
    "photo_url": "/citations/images/avatar_scholar_128.png"
  },
  "citation_stats": {
    "citations_all": 299,
    "citations_since_2020": 299,
    "h_index_all": 4,
    "h_index_since_2020": 4,
    "i10_index_all": 4,
    "i10_index_since_2020": 4,
    "citation_graph": [
      {
        "year": 2022,
        "citations": 20
      },
      {
        "year": 2023,
        "citations": 44
      },
      {
        "year": 2024,
        "citations": 99
      },
      {
        "year": 2025,
        "citations": 134
      }
    ]
  },
  "papers": [
    {
      "title": "MTIL: Encoding Full History with Mamba for Temporal Imitation Learning",
      "url": "https://scholar.google.com/citations?view_op=view_citation&hl=en&user=I_WdxZwAAAAJ&citation_for_view=I_WdxZwAAAAJ:UeHWp8X0CEIC",
      "authors": "Y Zhou, Y Lin, F Peng, J Chen, K Huang, H Yang, Z Yin",
      "venue": "IEEE Robotics and Automation Letters, 2025",
      "year": 2025,
      "citations": 3
    },
    {
      "title": "3D Vision-tactile Reconstruction from Infrared and Visible Images for Robotic Fine-grained Tactile Perception",
      "url": "https://scholar.google.com/citations?view_op=view_citation&hl=en&user=I_WdxZwAAAAJ&citation_for_view=I_WdxZwAAAAJ:IjCSPb-OGe4C",
      "authors": "Y Lin, X Lu, J Chen, H Yang",
      "venue": "arXiv preprint arXiv:2506.15087, 2025",
      "year": 2025,
      "citations": 0
    },
    {
      "title": "Tri-perspective view decomposition for geometry-aware depth completion",
      "url": "https://scholar.google.com/citations?view_op=view_citation&hl=en&user=I_WdxZwAAAAJ&citation_for_view=I_WdxZwAAAAJ:qjMakFHDy7sC",
      "authors": "Z Yan, Y Lin, K Wang, Y Zheng, Y Wang, Z Zhang, J Li, J Yang",
      "venue": "Proceedings of the IEEE/CVF Conference on Computer Vision and Pattern …, 2024",
      "year": 2024,
      "citations": 58
    },
    {
      "title": "Bev@ dc: Bird's-eye view assisted training for depth completion",
      "url": "https://scholar.google.com/citations?view_op=view_citation&hl=en&user=I_WdxZwAAAAJ&citation_for_view=I_WdxZwAAAAJ:d1gkVwhDpl0C",
      "authors": "W Zhou, X Yan, Y Liao, Y Lin, J Huang, G Zhao, S Cui, Z Li",
      "venue": "Proceedings of the IEEE/CVF conference on computer vision and pattern …, 2023",
      "year": 2023,
      "citations": 46
    },
    {
      "title": "Dyspn: Learning dynamic affinity for image-guided depth completion",
      "url": "https://scholar.google.com/citations?view_op=view_citation&hl=en&user=I_WdxZwAAAAJ&citation_for_view=I_WdxZwAAAAJ:9yKSN-GCB0IC",
      "authors": "Y Lin, H Yang, T Cheng, W Zhou, Z Yin",
      "venue": "IEEE Transactions on Circuits and Systems for Video Technology 34 (6), 4596-4609, 2023",
      "year": 2023,
      "citations": 25
    },
    {
      "title": "GelSplitter: Tactile Reconstruction from Near Infrared and Visible Images",
      "url": "https://scholar.google.com/citations?view_op=view_citation&hl=en&user=I_WdxZwAAAAJ&citation_for_view=I_WdxZwAAAAJ:2osOgNQ5qMEC",
      "authors": "Y Lin, Y Zhou, K Huang, Q Zhong, T Cheng, H Yang, Z Yin",
      "venue": "International Conference on Intelligent Robotics and Applications, 14-25, 2023",
      "year": 2023,
      "citations": 2
    },
    {
      "title": "Dynamic spatial propagation network for depth completion",
      "url": "https://scholar.google.com/citations?view_op=view_citation&hl=en&user=I_WdxZwAAAAJ&citation_for_view=I_WdxZwAAAAJ:u-x6o8ySG0sC",
      "authors": "Y Lin, T Cheng, Q Zhong, W Zhou, H Yang",
      "venue": "Proceedings of the aaai conference on artificial intelligence 36 (2), 1638-1646, 2022",
      "year": 2022,
      "citations": 165
    }
  ],
  "co_authors": []
}