{
  "author_info": {
    "name": "Liangxiao Jiang",
    "affiliation": "China University of Geosciences",
    "email_verified": "Verified email at cug.edu.cn - Homepage",
    "website": "http://grzy.cug.edu.cn/jlx/",
    "interests": [
      "Machine Learning and Data Mining"
    ],
    "photo_url": "https://scholar.googleusercontent.com/citations?view_op=view_photo&user=S_PLKWEAAAAJ&citpid=5"
  },
  "citation_stats": {
    "citations_all": 6466,
    "citations_since_2020": 4127,
    "h_index_all": 41,
    "h_index_since_2020": 32,
    "i10_index_all": 109,
    "i10_index_since_2020": 84,
    "citation_graph": [
      {
        "year": 2007,
        "citations": 42
      },
      {
        "year": 2008,
        "citations": 50
      },
      {
        "year": 2009,
        "citations": 56
      },
      {
        "year": 2010,
        "citations": 89
      },
      {
        "year": 2011,
        "citations": 125
      },
      {
        "year": 2012,
        "citations": 135
      },
      {
        "year": 2013,
        "citations": 143
      },
      {
        "year": 2014,
        "citations": 194
      },
      {
        "year": 2015,
        "citations": 202
      },
      {
        "year": 2016,
        "citations": 208
      },
      {
        "year": 2017,
        "citations": 255
      },
      {
        "year": 2018,
        "citations": 361
      },
      {
        "year": 2019,
        "citations": 410
      },
      {
        "year": 2020,
        "citations": 529
      },
      {
        "year": 2021,
        "citations": 623
      },
      {
        "year": 2022,
        "citations": 656
      },
      {
        "year": 2023,
        "citations": 823
      },
      {
        "year": 2024,
        "citations": 784
      },
      {
        "year": 2025,
        "citations": 686
      }
    ]
  },
  "papers": [
    {
      "title": "CS-ResNet: Cost-sensitive residual convolutional neural network for PCB cosmetic defect detection",
      "url": "https://scholar.google.com/citations?view_op=view_citation&hl=en&user=S_PLKWEAAAAJ&citation_for_view=S_PLKWEAAAAJ:5ugPr518TE4C",
      "authors": "H Zhang, L Jiang, C Li",
      "venue": "Expert Systems with Applications 185, 115673, 2021",
      "year": 2021,
      "citations": 201
    },
    {
      "title": "Attribute and instance weighted naive Bayes",
      "url": "https://scholar.google.com/citations?view_op=view_citation&hl=en&user=S_PLKWEAAAAJ&citation_for_view=S_PLKWEAAAAJ:V3AGJWp-ZtQC",
      "authors": "H Zhang, L Jiang, L Yu",
      "venue": "Pattern Recognition 111, 107674, 2021",
      "year": 2021,
      "citations": 132
    },
    {
      "title": "Learning from crowds with multiple noisy label distribution propagation",
      "url": "https://scholar.google.com/citations?view_op=view_citation&hl=en&user=S_PLKWEAAAAJ&citation_for_view=S_PLKWEAAAAJ:wbdj-CoPYUoC",
      "authors": "L Jiang, H Zhang, F Tao, C Li",
      "venue": "IEEE Transactions on Neural Networks and Learning Systems 33 (11), 6558-6568, 2021",
      "year": 2021,
      "citations": 89
    },
    {
      "title": "Class-specific attribute value weighting for Naive Bayes",
      "url": "https://scholar.google.com/citations?view_op=view_citation&hl=en&user=S_PLKWEAAAAJ&citation_for_view=S_PLKWEAAAAJ:VOx2b1Wkg3QC",
      "authors": "H Zhang, L Jiang, L Yu",
      "venue": "Information Sciences 508, 260-274, 2020",
      "year": 2020,
      "citations": 96
    },
    {
      "title": "Class-specific attribute weighted naive Bayes",
      "url": "https://scholar.google.com/citations?view_op=view_citation&hl=en&user=S_PLKWEAAAAJ&citation_for_view=S_PLKWEAAAAJ:8AbLer7MMksC",
      "authors": "L Jiang, L Zhang, L Yu, D Wang",
      "venue": "Pattern recognition 88, 321-330, 2019",
      "year": 2019,
      "citations": 218
    },
    {
      "title": "Wrapper framework for test-cost-sensitive feature selection",
      "url": "https://scholar.google.com/citations?view_op=view_citation&hl=en&user=S_PLKWEAAAAJ&citation_for_view=S_PLKWEAAAAJ:LPZeul_q3PIC",
      "authors": "L Jiang, G Kong, C Li",
      "venue": "IEEE Transactions on Systems, Man, and Cybernetics: Systems 51 (3), 1747-1756, 2019",
      "year": 2019,
      "citations": 81
    },
    {
      "title": "A correlation-based feature weighting filter for naive Bayes",
      "url": "https://scholar.google.com/citations?view_op=view_citation&hl=en&user=S_PLKWEAAAAJ&citation_for_view=S_PLKWEAAAAJ:tS2w5q8j5-wC",
      "authors": "L Jiang, L Zhang, C Li, J Wu",
      "venue": "IEEE transactions on knowledge and data engineering 31 (2), 201-213, 2018",
      "year": 2018,
      "citations": 303
    },
    {
      "title": "Deep feature weighting for naive Bayes and its application to text classification",
      "url": "https://scholar.google.com/citations?view_op=view_citation&hl=en&user=S_PLKWEAAAAJ&citation_for_view=S_PLKWEAAAAJ:nb7KW1ujOQ8C",
      "authors": "L Jiang, C Li, S Wang, L Zhang",
      "venue": "Engineering Applications of Artificial Intelligence 52, 26-39, 2016",
      "year": 2016,
      "citations": 394
    },
    {
      "title": "Two feature weighting approaches for naive Bayes text classifiers",
      "url": "https://scholar.google.com/citations?view_op=view_citation&hl=en&user=S_PLKWEAAAAJ&citation_for_view=S_PLKWEAAAAJ:dshw04ExmUIC",
      "authors": "L Zhang, L Jiang, C Li, G Kong",
      "venue": "Knowledge-Based Systems 100, 137-144, 2016",
      "year": 2016,
      "citations": 142
    },
    {
      "title": "Structure extended multinomial naive Bayes",
      "url": "https://scholar.google.com/citations?view_op=view_citation&hl=en&user=S_PLKWEAAAAJ&citation_for_view=S_PLKWEAAAAJ:CHSYGLWDkRkC",
      "authors": "L Jiang, S Wang, C Li, L Zhang",
      "venue": "Information Sciences 329, 346-356, 2016",
      "year": 2016,
      "citations": 128
    },
    {
      "title": "Adapting naive Bayes tree for text classification",
      "url": "https://scholar.google.com/citations?view_op=view_citation&hl=en&user=S_PLKWEAAAAJ&citation_for_view=S_PLKWEAAAAJ:D03iK_w7-QYC",
      "authors": "S Wang, L Jiang, C Li",
      "venue": "Knowledge and Information Systems 44 (1), 77-89, 2015",
      "year": 2015,
      "citations": 151
    },
    {
      "title": "Naive Bayes text classifiers: a locally weighted learning approach",
      "url": "https://scholar.google.com/citations?view_op=view_citation&hl=en&user=S_PLKWEAAAAJ&citation_for_view=S_PLKWEAAAAJ:bEWYMUwI8FkC",
      "authors": "L Jiang, Z Cai, H Zhang, D Wang",
      "venue": "Journal of Experimental & Theoretical Artificial Intelligence 25 (2), 273-286, 2013",
      "year": 2013,
      "citations": 137
    },
    {
      "title": "Improving Tree augmented Naive Bayes for class probability estimation",
      "url": "https://scholar.google.com/citations?view_op=view_citation&hl=en&user=S_PLKWEAAAAJ&citation_for_view=S_PLKWEAAAAJ:M3ejUd6NZC8C",
      "authors": "L Jiang, Z Cai, D Wang, H Zhang",
      "venue": "Knowledge-Based Systems 26, 239-245, 2012",
      "year": 2012,
      "citations": 162
    },
    {
      "title": "Weighted Average of One-Dependence Estimators",
      "url": "https://scholar.google.com/citations?view_op=view_citation&hl=en&user=S_PLKWEAAAAJ&citation_for_view=S_PLKWEAAAAJ:dhFuZR0502QC",
      "authors": "L Jiang, H Zhang, Z Cai, D Wang",
      "venue": "Journal of Experimental and Theoretical Artificial Intelligence 24 (2), 219-230, 2012",
      "year": 2012,
      "citations": 100
    },
    {
      "title": "A novel bayes model: Hidden naive bayes",
      "url": "https://scholar.google.com/citations?view_op=view_citation&hl=en&user=S_PLKWEAAAAJ&citation_for_view=S_PLKWEAAAAJ:d1gkVwhDpl0C",
      "authors": "L Jiang, H Zhang, Z Cai",
      "venue": "IEEE Transactions on knowledge and data engineering 21 (10), 1361-1371, 2008",
      "year": 2008,
      "citations": 442
    },
    {
      "title": "Enhancing the performance of differential evolution using orthogonal design method",
      "url": "https://scholar.google.com/citations?view_op=view_citation&hl=en&user=S_PLKWEAAAAJ&citation_for_view=S_PLKWEAAAAJ:9yKSN-GCB0IC",
      "authors": "W Gong, Z Cai, L Jiang",
      "venue": "Applied Mathematics and Computation 206 (1), 56-69, 2008",
      "year": 2008,
      "citations": 161
    },
    {
      "title": "Survey of Improving K-Nearest-Neighbor for Classification",
      "url": "https://scholar.google.com/citations?view_op=view_citation&hl=en&user=S_PLKWEAAAAJ&citation_for_view=S_PLKWEAAAAJ:UeHWp8X0CEIC",
      "authors": "L Jiang, Z Cai, D Wang, S Jiang",
      "venue": "FSKD (1), 679-683, 2007",
      "year": 2007,
      "citations": 401
    },
    {
      "title": "Survey of improving naive bayes for classification",
      "url": "https://scholar.google.com/citations?view_op=view_citation&hl=en&user=S_PLKWEAAAAJ&citation_for_view=S_PLKWEAAAAJ:qjMakFHDy7sC",
      "authors": "L Jiang, D Wang, Z Cai, X Yan",
      "venue": "International conference on advanced data mining and applications, 134-145, 2007",
      "year": 2007,
      "citations": 184
    },
    {
      "title": "Weightily Averaged One-Dependence Estimators",
      "url": "https://scholar.google.com/citations?view_op=view_citation&hl=en&user=S_PLKWEAAAAJ&citation_for_view=S_PLKWEAAAAJ:QIV2ME_5wuYC",
      "authors": "L Jiang, H Zhang",
      "venue": "PRICAI 2006: Trends in Artificial Intelligence, 970-974, 2006",
      "year": 2006,
      "citations": 109
    },
    {
      "title": "Hidden naive bayes",
      "url": "https://scholar.google.com/citations?view_op=view_citation&hl=en&user=S_PLKWEAAAAJ&citation_for_view=S_PLKWEAAAAJ:u5HHmVD_uO8C",
      "authors": "H Zhang, L Jiang, J Su",
      "venue": "A A 1 (2), 3, 2005",
      "year": 2005,
      "citations": 181
    }
  ],
  "co_authors": [
    {
      "name": "Chaoqun Li",
      "scholar_id": "Q8zTprUAAAAJ",
      "url": "https://scholar.google.com/citations?user=Q8zTprUAAAAJ"
    },
    {
      "name": "Jiang Su",
      "scholar_id": "18Jyo3oAAAAJ",
      "url": "https://scholar.google.com/citations?user=18Jyo3oAAAAJ"
    },
    {
      "name": "Yuanyuan Guo",
      "scholar_id": "ZE8TPSsAAAAJ",
      "url": "https://scholar.google.com/citations?user=ZE8TPSsAAAAJ"
    },
    {
      "name": "Harry Zhang",
      "scholar_id": "MlO-w1cAAAAJ",
      "url": "https://scholar.google.com/citations?user=MlO-w1cAAAAJ"
    }
  ]
}