{
  "author_info": {
    "name": "Shangbin Feng",
    "affiliation": "University of Washington",
    "email_verified": "Verified email at cs.washington.edu - Homepage",
    "website": "http://bunsenfeng.github.io/",
    "interests": [
      "natural language processing",
      "large language models",
      "model collaboration"
    ],
    "photo_url": "https://scholar.googleusercontent.com/citations?view_op=view_photo&user=Y3rLP9UAAAAJ&citpid=5"
  },
  "citation_stats": {
    "citations_all": 2988,
    "citations_since_2020": 2967,
    "h_index_all": 27,
    "h_index_since_2020": 27,
    "i10_index_all": 35,
    "i10_index_since_2020": 35,
    "citation_graph": [
      {
        "year": 2021,
        "citations": 15
      },
      {
        "year": 2022,
        "citations": 67
      },
      {
        "year": 2023,
        "citations": 326
      },
      {
        "year": 2024,
        "citations": 954
      },
      {
        "year": 2025,
        "citations": 1590
      }
    ]
  },
  "papers": [
    {
      "title": "Don't Hallucinate, Abstain: Identifying LLM Knowledge Gaps via Multi-LLM Collaboration",
      "url": "https://scholar.google.com/citations?view_op=view_citation&hl=en&user=Y3rLP9UAAAAJ&citation_for_view=Y3rLP9UAAAAJ:4MWp96NkSFoC",
      "authors": "S Feng, W Shi, Y Wang, W Ding, V Balachandran, Y Tsvetkov",
      "venue": "ACL 2024, Area Chair Award (QA track) 🏆 & Outstanding Paper Award 🏆, 2024",
      "year": 2024,
      "citations": 170
    },
    {
      "title": "MEDIQ: Question-Asking LLMs for Adaptive and Reliable Medical Reasoning",
      "url": "https://scholar.google.com/citations?view_op=view_citation&hl=en&user=Y3rLP9UAAAAJ&citation_for_view=Y3rLP9UAAAAJ:TIZ-Mc8IlK0C",
      "authors": "SS Li, V Balachandran, S Feng, J Ilgen, E Pierson, PW Koh, Y Tsvetkov",
      "venue": "NeurIPS 2024, 2024",
      "year": 2024,
      "citations": 106
    },
    {
      "title": "Modular pluralism: Pluralistic alignment via multi-llm collaboration",
      "url": "https://scholar.google.com/citations?view_op=view_citation&hl=en&user=Y3rLP9UAAAAJ&citation_for_view=Y3rLP9UAAAAJ:kuK5TVdYjLIC",
      "authors": "S Feng, T Sorensen, Y Liu, J Fisher, CY Park, Y Choi, Y Tsvetkov",
      "venue": "EMNLP 2024, 2024",
      "year": 2024,
      "citations": 85
    },
    {
      "title": "DELL: Generating Reactions and Explanations for LLM-Based Misinformation Detection",
      "url": "https://scholar.google.com/citations?view_op=view_citation&hl=en&user=Y3rLP9UAAAAJ&citation_for_view=Y3rLP9UAAAAJ:vbGhcppDl1QC",
      "authors": "H Wan, S Feng, Z Tan, H Wang, Y Tsvetkov, M Luo",
      "venue": "ACL 2024, findings, 2024",
      "year": 2024,
      "citations": 78
    },
    {
      "title": "Know Your Limits: A Survey of Abstention in Large Language Models",
      "url": "https://scholar.google.com/citations?view_op=view_citation&hl=en&user=Y3rLP9UAAAAJ&citation_for_view=Y3rLP9UAAAAJ:lmc2jWPfTJgC",
      "authors": "B Wen, J Yao, S Feng, C Xu, Y Tsvetkov, B Howe, LL Wang",
      "venue": "TACL 2024, 2024",
      "year": 2024,
      "citations": 62
    },
    {
      "title": "Can LLM Graph Reasoning Generalize beyond Pattern Memorization?",
      "url": "https://scholar.google.com/citations?view_op=view_citation&hl=en&user=Y3rLP9UAAAAJ&citation_for_view=Y3rLP9UAAAAJ:b1wdh0AR-JQC",
      "authors": "Y Zhang, H Wang, S Feng, Z Tan, X Han, T He, Y Tsvetkov",
      "venue": "EMNLP 2024, findings, 2024",
      "year": 2024,
      "citations": 44
    },
    {
      "title": "What Does the Bot Say? Opportunities and Risks of Large Language Models in Social Media Bot Detection",
      "url": "https://scholar.google.com/citations?view_op=view_citation&hl=en&user=Y3rLP9UAAAAJ&citation_for_view=Y3rLP9UAAAAJ:ML0RJ9NH7IQC",
      "authors": "S Feng, H Wan, N Wang, Z Tan, M Luo, Y Tsvetkov",
      "venue": "ACL 2024, 2024",
      "year": 2024,
      "citations": 38
    },
    {
      "title": "From Pretraining Data to Language Models to Downstream Tasks: Tracking the Trails of Political Biases Leading to Unfair NLP Models",
      "url": "https://scholar.google.com/citations?view_op=view_citation&hl=en&user=Y3rLP9UAAAAJ&citation_for_view=Y3rLP9UAAAAJ:l7t_Zn2s7bgC",
      "authors": "S Feng, CY Park, Y Liu, Y Tsvetkov",
      "venue": "ACL 2023, Best Paper Award 🏆, 2023",
      "year": 2023,
      "citations": 403
    },
    {
      "title": "Can Language Models Solve Graph Problems in Natural Language?",
      "url": "https://scholar.google.com/citations?view_op=view_citation&hl=en&user=Y3rLP9UAAAAJ&citation_for_view=Y3rLP9UAAAAJ:vRqMK49ujn8C",
      "authors": "H Wang, S Feng, T He, Z Tan, X Han, Y Tsvetkov",
      "venue": "NeurIPS 2023, Spotlight, 2023",
      "year": 2023,
      "citations": 344
    },
    {
      "title": "Resolving knowledge conflicts in large language models",
      "url": "https://scholar.google.com/citations?view_op=view_citation&hl=en&user=Y3rLP9UAAAAJ&citation_for_view=Y3rLP9UAAAAJ:B3FOqHPlNUQC",
      "authors": "Y Wang, S Feng, H Wang, W Shi, V Balachandran, T He, Y Tsvetkov",
      "venue": "COLM 2024, 2023",
      "year": 2023,
      "citations": 78
    },
    {
      "title": "Factkb: Generalizable factuality evaluation using language models enhanced with factual knowledge",
      "url": "https://scholar.google.com/citations?view_op=view_citation&hl=en&user=Y3rLP9UAAAAJ&citation_for_view=Y3rLP9UAAAAJ:tOudhMTPpwUC",
      "authors": "S Feng, V Balachandran, Y Bai, Y Tsvetkov",
      "venue": "EMNLP 2023, 2023",
      "year": 2023,
      "citations": 71
    },
    {
      "title": "BotMoE: Twitter Bot Detection with Community-Aware Mixtures of Modal-Specific Experts",
      "url": "https://scholar.google.com/citations?view_op=view_citation&hl=en&user=Y3rLP9UAAAAJ&citation_for_view=Y3rLP9UAAAAJ:RGFaLdJalmkC",
      "authors": "Y Liu, Z Tan, H Wang, S Feng, Q Zheng, M Luo",
      "venue": "SIGIR 2023, 2023",
      "year": 2023,
      "citations": 61
    },
    {
      "title": "Knowledge Card: Filling LLMs' Knowledge Gaps with Plug-in Specialized Language Models",
      "url": "https://scholar.google.com/citations?view_op=view_citation&hl=en&user=Y3rLP9UAAAAJ&citation_for_view=Y3rLP9UAAAAJ:tYavs44e6CUC",
      "authors": "S Feng, W Shi, Y Bai, V Balachandran, T He, Y Tsvetkov",
      "venue": "ICLR 2024, Oral, 2023",
      "year": 2023,
      "citations": 58
    },
    {
      "title": "TwiBot-22: Towards Graph-Based Twitter Bot Detection",
      "url": "https://scholar.google.com/citations?view_op=view_citation&hl=en&user=Y3rLP9UAAAAJ&citation_for_view=Y3rLP9UAAAAJ:eQOLeE2rZwMC",
      "authors": "S Feng, Z Tan, H Wan, N Wang, Z Chen, B Zhang, Q Zheng, W Zhang, ...",
      "venue": "NeurIPS 2022, Datasets and Benchmarks Track, 2022",
      "year": 2022,
      "citations": 180
    },
    {
      "title": "Heterogeneity-aware twitter bot detection with relational graph transformers",
      "url": "https://scholar.google.com/citations?view_op=view_citation&hl=en&user=Y3rLP9UAAAAJ&citation_for_view=Y3rLP9UAAAAJ:roLk4NBRz8UC",
      "authors": "S Feng, Z Tan, R Li, M Luo",
      "venue": "AAAI 2022, 2022",
      "year": 2022,
      "citations": 146
    },
    {
      "title": "KRACL: Contrastive Learning with Graph Context Modeling for Sparse Knowledge Graph Completion",
      "url": "https://scholar.google.com/citations?view_op=view_citation&hl=en&user=Y3rLP9UAAAAJ&citation_for_view=Y3rLP9UAAAAJ:UebtZRa9Y70C",
      "authors": "Z Tan, Z Chen, S Feng, Q Zhang, Q Zheng, J Li, M Luo",
      "venue": "The Web Conference 2023, 2022",
      "year": 2022,
      "citations": 64
    },
    {
      "title": "BIC: Twitter Bot Detection with Text-Graph Interaction and Semantic Consistency",
      "url": "https://scholar.google.com/citations?view_op=view_citation&hl=en&user=Y3rLP9UAAAAJ&citation_for_view=Y3rLP9UAAAAJ:hqOjcs7Dif8C",
      "authors": "Z Lei, H Wan, W Zhang, S Feng, Z Chen, Q Zheng, M Luo",
      "venue": "ACL 2023, 2022",
      "year": 2022,
      "citations": 48
    },
    {
      "title": "Twibot-20: A comprehensive twitter bot detection benchmark",
      "url": "https://scholar.google.com/citations?view_op=view_citation&hl=en&user=Y3rLP9UAAAAJ&citation_for_view=Y3rLP9UAAAAJ:KlAtU1dfN6UC",
      "authors": "S Feng, H Wan, N Wang, J Li, M Luo",
      "venue": "CIKM 2021, Resource Track, 2021",
      "year": 2021,
      "citations": 236
    },
    {
      "title": "BotRGCN: Twitter bot detection with relational graph convolutional networks",
      "url": "https://scholar.google.com/citations?view_op=view_citation&hl=en&user=Y3rLP9UAAAAJ&citation_for_view=Y3rLP9UAAAAJ:d1gkVwhDpl0C",
      "authors": "S Feng, H Wan, N Wang, M Luo",
      "venue": "ASONAM 2021, 2021",
      "year": 2021,
      "citations": 209
    },
    {
      "title": "SATAR: A Self-supervised Approach to Twitter Account Representation Learning and its Application in Bot Detection",
      "url": "https://scholar.google.com/citations?view_op=view_citation&hl=en&user=Y3rLP9UAAAAJ&citation_for_view=Y3rLP9UAAAAJ:zYLM7Y9cAGgC",
      "authors": "S Feng, H Wan, N Wang, J Li, M Luo",
      "venue": "CIKM 2021, Applied Track, 2021",
      "year": 2021,
      "citations": 102
    }
  ],
  "co_authors": [
    {
      "name": "Yulia Tsvetkov",
      "scholar_id": "SEDPkrsAAAAJ",
      "url": "https://scholar.google.com/citations?user=SEDPkrsAAAAJ"
    },
    {
      "name": "Minnan Luo",
      "scholar_id": "C3ujEF0AAAAJ",
      "url": "https://scholar.google.com/citations?user=C3ujEF0AAAAJ"
    },
    {
      "name": "Zhaoxuan Tan",
      "scholar_id": "0KE2CZsAAAAJ",
      "url": "https://scholar.google.com/citations?user=0KE2CZsAAAAJ"
    },
    {
      "name": "Herun Wan",
      "scholar_id": "2Mrur7QAAAAJ",
      "url": "https://scholar.google.com/citations?user=2Mrur7QAAAAJ"
    },
    {
      "name": "Vidhisha Balachandran",
      "scholar_id": "LgitgaIAAAAJ",
      "url": "https://scholar.google.com/citations?user=LgitgaIAAAAJ"
    },
    {
      "name": "Heng Wang",
      "scholar_id": "SLyDEswAAAAJ",
      "url": "https://scholar.google.com/citations?user=SLyDEswAAAAJ"
    },
    {
      "name": "Tianxing He",
      "scholar_id": "egmfjjwAAAAJ",
      "url": "https://scholar.google.com/citations?user=egmfjjwAAAAJ"
    },
    {
      "name": "Yike Wang",
      "scholar_id": "8sVzP6wAAAAJ",
      "url": "https://scholar.google.com/citations?user=8sVzP6wAAAAJ"
    },
    {
      "name": "Ningnan Wang",
      "scholar_id": "MpG_ZDEAAAAJ",
      "url": "https://scholar.google.com/citations?user=MpG_ZDEAAAAJ"
    },
    {
      "name": "Yuhan Liu",
      "scholar_id": "or-2JE8AAAAJ",
      "url": "https://scholar.google.com/citations?user=or-2JE8AAAAJ"
    },
    {
      "name": "Jundong Li",
      "scholar_id": "uY6ek7sAAAAJ",
      "url": "https://scholar.google.com/citations?user=uY6ek7sAAAAJ"
    },
    {
      "name": "Yuyang Bai",
      "scholar_id": "J2O6M1AAAAAJ",
      "url": "https://scholar.google.com/citations?user=J2O6M1AAAAAJ"
    },
    {
      "name": "Weijia Shi",
      "scholar_id": "zt73PHcAAAAJ",
      "url": "https://scholar.google.com/citations?user=zt73PHcAAAAJ"
    },
    {
      "name": "Chan Young Park",
      "scholar_id": "yjzpOQoAAAAJ",
      "url": "https://scholar.google.com/citations?user=yjzpOQoAAAAJ"
    },
    {
      "name": "Xiaochuang Han",
      "scholar_id": "GamSVF0AAAAJ",
      "url": "https://scholar.google.com/citations?user=GamSVF0AAAAJ"
    },
    {
      "name": "Yejin Choi",
      "scholar_id": "vhP-tlcAAAAJ",
      "url": "https://scholar.google.com/citations?user=vhP-tlcAAAAJ"
    },
    {
      "name": "Zilong Chen",
      "scholar_id": "2pbka1gAAAAJ",
      "url": "https://scholar.google.com/citations?user=2pbka1gAAAAJ"
    },
    {
      "name": "Wenqian Zhang",
      "scholar_id": "M2-UAYUAAAAJ",
      "url": "https://scholar.google.com/citations?user=M2-UAYUAAAAJ"
    },
    {
      "name": "Wenxuan Ding",
      "scholar_id": "GyHBjwQAAAAJ",
      "url": "https://scholar.google.com/citations?user=GyHBjwQAAAAJ"
    },
    {
      "name": "Zhenyu Lei",
      "scholar_id": "y4uMsEIAAAAJ",
      "url": "https://scholar.google.com/citations?user=y4uMsEIAAAAJ"
    }
  ]
}