{
  "author_info": {
    "name": "Carlo D'Eramo",
    "affiliation": "Professor of Reinforcement Learning @ University of Würzburg | Group leader @ TU Darmstadt",
    "email_verified": "Verified email at uni-wuerzburg.de - Homepage",
    "website": "https://go.uniwue.de/deramo",
    "interests": [
      "Reinforcement Learning",
      "Machine Learning",
      "Multi-Task Learning",
      "Transfer Learning",
      "Multi-Agent"
    ],
    "photo_url": "https://scholar.googleusercontent.com/citations?view_op=view_photo&user=1Rt_86gAAAAJ&citpid=18"
  },
  "citation_stats": {
    "citations_all": 953,
    "citations_since_2020": 908,
    "h_index_all": 15,
    "h_index_since_2020": 15,
    "i10_index_all": 23,
    "i10_index_since_2020": 23,
    "citation_graph": [
      {
        "year": 2017,
        "citations": 9
      },
      {
        "year": 2018,
        "citations": 10
      },
      {
        "year": 2019,
        "citations": 24
      },
      {
        "year": 2020,
        "citations": 51
      },
      {
        "year": 2021,
        "citations": 74
      },
      {
        "year": 2022,
        "citations": 154
      },
      {
        "year": 2023,
        "citations": 170
      },
      {
        "year": 2024,
        "citations": 221
      },
      {
        "year": 2025,
        "citations": 233
      }
    ]
  },
  "papers": [
    {
      "title": "Machine Learning with Physics Knowledge for Prediction: A Survey",
      "url": "https://scholar.google.com/citations?view_op=view_citation&hl=en&user=1Rt_86gAAAAJ&citation_for_view=1Rt_86gAAAAJ:SeFeTyx0c_EC",
      "authors": "J Watson, C Song, O Weeger, T Gruner, AT Le, K Hansel, A Hendawy, ...",
      "venue": "Transaction on Machine Learning Research (TMLR), 2025",
      "year": 2025,
      "citations": 11
    },
    {
      "title": "Multi-Task Reinforcement Learning with Mixture of Orthogonal Experts",
      "url": "https://scholar.google.com/citations?view_op=view_citation&hl=en&user=1Rt_86gAAAAJ&citation_for_view=1Rt_86gAAAAJ:vV6vV6tmYwMC",
      "authors": "A Hendawy, J Peters, C D'Eramo",
      "venue": "International Conference on Learning Representations (ICLR), 2024",
      "year": 2024,
      "citations": 34
    },
    {
      "title": "Domain Randomization via Entropy Maximization",
      "url": "https://scholar.google.com/citations?view_op=view_citation&hl=en&user=1Rt_86gAAAAJ&citation_for_view=1Rt_86gAAAAJ:RYcK_YlVTxYC",
      "authors": "G Tiboni, P Klink, J Peters, T Tommasi, C D'Eramo, G Chalvatzaki",
      "venue": "International Conference on Learning Representations (ICLR), 2024",
      "year": 2024,
      "citations": 19
    },
    {
      "title": "On the Benefit of Optimal Transport for Curriculum Reinforcement Learning",
      "url": "https://scholar.google.com/citations?view_op=view_citation&hl=en&user=1Rt_86gAAAAJ&citation_for_view=1Rt_86gAAAAJ:RGFaLdJalmkC",
      "authors": "P Klink, C D'Eramo, J Peters, J Pajarinen",
      "venue": "IEEE Transactions on Pattern Analysis and Machine Intelligence (PAMI), 2024",
      "year": 2024,
      "citations": 14
    },
    {
      "title": "Composable energy policies for reactive motion generation and reinforcement learning",
      "url": "https://scholar.google.com/citations?view_op=view_citation&hl=en&user=1Rt_86gAAAAJ&citation_for_view=1Rt_86gAAAAJ:NaGl4SEjCO4C",
      "authors": "J Urain, A Li, P Liu, C D’Eramo, J Peters",
      "venue": "The International Journal of Robotics Research (IJRR), 2023",
      "year": 2023,
      "citations": 37
    },
    {
      "title": "Curriculum reinforcement learning via constrained optimal transport",
      "url": "https://scholar.google.com/citations?view_op=view_citation&hl=en&user=1Rt_86gAAAAJ&citation_for_view=1Rt_86gAAAAJ:k_IJM867U9cC",
      "authors": "P Klink, H Yang, C D’Eramo, J Peters, J Pajarinen",
      "venue": "International Conference on Machine Learning (ICML), 11341-11358, 2022",
      "year": 2022,
      "citations": 54
    },
    {
      "title": "Boosted Curriculum Reinforcement Learning",
      "url": "https://scholar.google.com/citations?view_op=view_citation&hl=en&user=1Rt_86gAAAAJ&citation_for_view=1Rt_86gAAAAJ:TFP_iSt0sucC",
      "authors": "P Klink, C D'Eramo, J Peters, J Pajarinen",
      "venue": "International Conference on Learning Representations (ICLR), 2022",
      "year": 2022,
      "citations": 12
    },
    {
      "title": "Model Predictive Actor-Critic: Accelerating Robot Skill Acquisition with Deep Reinforcement Learning",
      "url": "https://scholar.google.com/citations?view_op=view_citation&hl=en&user=1Rt_86gAAAAJ&citation_for_view=1Rt_86gAAAAJ:_Qo2XoVZTnwC",
      "authors": "AS Morgan, D Nandha, G Chalvatzaki, C D'Eramo, AM Dollar, J Peters",
      "venue": "International Conference on Robotics and Automation (ICRA), 2021",
      "year": 2021,
      "citations": 66
    },
    {
      "title": "A Probabilistic Interpretation of Self-Paced Learning with Applications to Reinforcement Learning",
      "url": "https://scholar.google.com/citations?view_op=view_citation&hl=en&user=1Rt_86gAAAAJ&citation_for_view=1Rt_86gAAAAJ:e5wmG9Sq2KIC",
      "authors": "P Klink, H Abdulsamad, B Belousov, C D'Eramo, J Peters, J Pajarinen",
      "venue": "Journal of Machine Learning Research (JMLR) 22, 1-52, 2021",
      "year": 2021,
      "citations": 36
    },
    {
      "title": "Convex regularization in Monte-Carlo tree search",
      "url": "https://scholar.google.com/citations?view_op=view_citation&hl=en&user=1Rt_86gAAAAJ&citation_for_view=1Rt_86gAAAAJ:hC7cP41nSMkC",
      "authors": "TQ Dam, C D’Eramo, J Peters, J Pajarinen",
      "venue": "International Conference on Machine Learning (ICML), 2365-2375, 2021",
      "year": 2021,
      "citations": 13
    },
    {
      "title": "Sharing Knowledge in Multi-Task Deep Reinforcement Learning",
      "url": "https://scholar.google.com/citations?view_op=view_citation&hl=en&user=1Rt_86gAAAAJ&citation_for_view=1Rt_86gAAAAJ:L8Ckcad2t8MC",
      "authors": "C D'Eramo, D Tateo, A Bonarini, M Restelli, J Peters",
      "venue": "International Conference on Learning Representations (ICLR), 2020",
      "year": 2020,
      "citations": 179
    },
    {
      "title": "Mushroomrl: Simplifying reinforcement learning research",
      "url": "https://scholar.google.com/citations?view_op=view_citation&hl=en&user=1Rt_86gAAAAJ&citation_for_view=1Rt_86gAAAAJ:mVmsd5A6BfQC",
      "authors": "C D'Eramo, D Tateo, A Bonarini, M Restelli, J Peters",
      "venue": "Journal of Machine Learning Research (JMLR) 22, 1-5, 2020",
      "year": 2020,
      "citations": 96
    },
    {
      "title": "Self-Paced Deep Reinforcement Learning",
      "url": "https://scholar.google.com/citations?view_op=view_citation&hl=en&user=1Rt_86gAAAAJ&citation_for_view=1Rt_86gAAAAJ:R3hNpaxXUhUC",
      "authors": "P Klink, C D'Eramo, J Peters, J Pajarinen",
      "venue": "Advances in Neural Information Processing Systems (NeurIPS), 2020",
      "year": 2020,
      "citations": 77
    },
    {
      "title": "Multi-channel interactive reinforcement learning for sequential tasks",
      "url": "https://scholar.google.com/citations?view_op=view_citation&hl=en&user=1Rt_86gAAAAJ&citation_for_view=1Rt_86gAAAAJ:qUcmZB5y_30C",
      "authors": "D Koert, M Kircher, V Salikutluk, C D'Eramo, J Peters",
      "venue": "Frontiers in Robotics and AI 7, 97, 2020",
      "year": 2020,
      "citations": 22
    },
    {
      "title": "Deep reinforcement learning with weighted Q-Learning",
      "url": "https://scholar.google.com/citations?view_op=view_citation&hl=en&user=1Rt_86gAAAAJ&citation_for_view=1Rt_86gAAAAJ:9ZlFYXVOiuMC",
      "authors": "A Cini, C D'Eramo, J Peters, C Alippi",
      "venue": "arXiv preprint arXiv:2003.09280, 2020",
      "year": 2020,
      "citations": 20
    },
    {
      "title": "Generalized Mean Estimation in Monte-Carlo Tree Search",
      "url": "https://scholar.google.com/citations?view_op=view_citation&hl=en&user=1Rt_86gAAAAJ&citation_for_view=1Rt_86gAAAAJ:HDshCWvjkbEC",
      "authors": "T Dam, P Klink, C D'Eramo, J Peters, J Pajarinen",
      "venue": "International Joint Conference on Artificial Intelligence (IJCAI), 2020",
      "year": 2020,
      "citations": 13
    },
    {
      "title": "Exploiting Action-Value Uncertainty to Drive Exploration in Reinforcement Learning",
      "url": "https://scholar.google.com/citations?view_op=view_citation&hl=en&user=1Rt_86gAAAAJ&citation_for_view=1Rt_86gAAAAJ:qxL8FJ1GzNcC",
      "authors": "C D’Eramo, A Cini, M Restelli",
      "venue": "2019 International Joint Conference on Neural Networks (IJCNN), 1-8, 2019",
      "year": 2019,
      "citations": 18
    },
    {
      "title": "Boosted Fitted Q-Iteration",
      "url": "https://scholar.google.com/citations?view_op=view_citation&hl=en&user=1Rt_86gAAAAJ&citation_for_view=1Rt_86gAAAAJ:MXK_kJrjxJIC",
      "authors": "S Tosatto, M Pirotta, C D'Eramo, M Restelli",
      "venue": "International Conference on Machine Learning (ICML), 3434-3443, 2017",
      "year": 2017,
      "citations": 55
    },
    {
      "title": "Estimating the Maximum Expected Value in Continuous Reinforcement Learning Problems",
      "url": "https://scholar.google.com/citations?view_op=view_citation&hl=en&user=1Rt_86gAAAAJ&citation_for_view=1Rt_86gAAAAJ:0EnyYjriUFMC",
      "authors": "C D'Eramo, A Nuara, M Pirotta, R Marcello",
      "venue": "AAAI Conference on Artificial Intelligence, 1840-1846, 2017",
      "year": 2017,
      "citations": 26
    },
    {
      "title": "Estimating the Maximum Expected Value through Gaussian Approximation",
      "url": "https://scholar.google.com/citations?view_op=view_citation&hl=en&user=1Rt_86gAAAAJ&citation_for_view=1Rt_86gAAAAJ:UebtZRa9Y70C",
      "authors": "C D’Eramo, A Nuara, M Restelli",
      "venue": "International Conference on Machine Learning (ICML), 1032-1040, 2016",
      "year": 2016,
      "citations": 64
    }
  ],
  "co_authors": [
    {
      "name": "Jan Peters",
      "scholar_id": "-kIVAcAAAAAJ",
      "url": "https://scholar.google.com/citations?user=-kIVAcAAAAAJ"
    },
    {
      "name": "Marcello Restelli",
      "scholar_id": "xdgxRiEAAAAJ",
      "url": "https://scholar.google.com/citations?user=xdgxRiEAAAAJ"
    },
    {
      "name": "Joni Pajarinen",
      "scholar_id": "-2fJStwAAAAJ",
      "url": "https://scholar.google.com/citations?user=-2fJStwAAAAJ"
    },
    {
      "name": "Pascal Klink",
      "scholar_id": "ZjqU_KwAAAAJ",
      "url": "https://scholar.google.com/citations?user=ZjqU_KwAAAAJ"
    },
    {
      "name": "Davide Tateo",
      "scholar_id": "LGnu3SEAAAAJ",
      "url": "https://scholar.google.com/citations?user=LGnu3SEAAAAJ"
    },
    {
      "name": "Georgia Chalvatzaki",
      "scholar_id": "mlho5FkAAAAJ",
      "url": "https://scholar.google.com/citations?user=mlho5FkAAAAJ"
    },
    {
      "name": "Andrea Bonarini",
      "scholar_id": "WgxMfwMAAAAJ",
      "url": "https://scholar.google.com/citations?user=WgxMfwMAAAAJ"
    },
    {
      "name": "Alessandro Nuara",
      "scholar_id": "jf-Tq0UAAAAJ",
      "url": "https://scholar.google.com/citations?user=jf-Tq0UAAAAJ"
    },
    {
      "name": "Samuele Tosatto",
      "scholar_id": "4JGHtmEAAAAJ",
      "url": "https://scholar.google.com/citations?user=4JGHtmEAAAAJ"
    },
    {
      "name": "Boris Belousov",
      "scholar_id": "XjNbRVYAAAAJ",
      "url": "https://scholar.google.com/citations?user=XjNbRVYAAAAJ"
    },
    {
      "name": "Ahmed Hendawy",
      "scholar_id": "nwW0K8UAAAAJ",
      "url": "https://scholar.google.com/citations?user=nwW0K8UAAAAJ"
    },
    {
      "name": "Matteo Pirotta",
      "scholar_id": "6qWcDTAAAAAJ",
      "url": "https://scholar.google.com/citations?user=6qWcDTAAAAAJ"
    },
    {
      "name": "Théo Vincent",
      "scholar_id": "nZPOL4wAAAAJ",
      "url": "https://scholar.google.com/citations?user=nZPOL4wAAAAJ"
    },
    {
      "name": "Tuan Dam",
      "scholar_id": "ZwCL6tAAAAAJ",
      "url": "https://scholar.google.com/citations?user=ZwCL6tAAAAAJ"
    },
    {
      "name": "Andrea Cini",
      "scholar_id": "bQI2UIUAAAAJ",
      "url": "https://scholar.google.com/citations?user=bQI2UIUAAAAJ"
    },
    {
      "name": "Andrew S. Morgan",
      "scholar_id": "vYCtlrMAAAAJ",
      "url": "https://scholar.google.com/citations?user=vYCtlrMAAAAJ"
    },
    {
      "name": "Daljeet Nandha",
      "scholar_id": "_e0H23UAAAAJ",
      "url": "https://scholar.google.com/citations?user=_e0H23UAAAAJ"
    },
    {
      "name": "Gabriele Tiboni",
      "scholar_id": "aLiBE6oAAAAJ",
      "url": "https://scholar.google.com/citations?user=aLiBE6oAAAAJ"
    },
    {
      "name": "Cesare Alippi",
      "scholar_id": "zyzNf4AAAAAJ",
      "url": "https://scholar.google.com/citations?user=zyzNf4AAAAAJ"
    },
    {
      "name": "Aryaman Reddi",
      "scholar_id": "C907M-sAAAAJ",
      "url": "https://scholar.google.com/citations?user=C907M-sAAAAJ"
    }
  ]
}