{
  "author_info": {
    "name": "Yulu Gan",
    "affiliation": "PhD student, MIT",
    "email_verified": "Verified email at mit.edu - Homepage",
    "website": "http://www.yulugan.com/",
    "interests": [
      "Computer Vision",
      "Machine Learning",
      "Natural Language Processing",
      "Neuroscience"
    ],
    "photo_url": "https://scholar.googleusercontent.com/citations?view_op=view_photo&user=hQ-J_eAAAAAJ&citpid=45"
  },
  "citation_stats": {
    "citations_all": 351,
    "citations_since_2020": 351,
    "h_index_all": 7,
    "h_index_since_2020": 7,
    "i10_index_all": 7,
    "i10_index_since_2020": 7,
    "citation_graph": [
      {
        "year": 2023,
        "citations": 40
      },
      {
        "year": 2024,
        "citations": 153
      },
      {
        "year": 2025,
        "citations": 157
      }
    ]
  },
  "papers": [
    {
      "title": "Evolution Strategies at Scale: LLM Fine-Tuning Beyond Reinforcement Learning",
      "url": "https://scholar.google.com/citations?view_op=view_citation&hl=en&user=hQ-J_eAAAAAJ&citation_for_view=hQ-J_eAAAAAJ:08ZZubdj9fEC",
      "authors": "X Qiu*, Y Gan*, CF Hayes*, Q Liang, E Meyerson, B Hodjat, ...",
      "venue": "arXiv preprint arXiv:2509.24372, 2025",
      "year": 2025,
      "citations": 2
    },
    {
      "title": "Simulating Society Requires Simulating Thought",
      "url": "https://scholar.google.com/citations?view_op=view_citation&hl=en&user=hQ-J_eAAAAAJ&citation_for_view=hQ-J_eAAAAAJ:4fKUyHm3Qg0C",
      "authors": "CJ Li, J Wu, Z Mo, A Qu, Y Tang, KI Zhao, Y Gan, J Fan, J Yu, J Zhao, ...",
      "venue": "NeurIPS 2025  (Position Paper), 2025",
      "year": 2025,
      "citations": 2
    },
    {
      "title": "SAN: Hypothesizing Long-Term Synaptic Development and Neural Engram Mechanism in Scalable Model's Parameter-Efficient Fine-Tuning",
      "url": "https://scholar.google.com/citations?view_op=view_citation&hl=en&user=hQ-J_eAAAAAJ&citation_for_view=hQ-J_eAAAAAJ:uWQEDVKXjbEC",
      "authors": "G Dai, CK Fan, Y Tang, Z Zhang, Y Zhang, Y Gan, Q Zhang, CC Tseng, ...",
      "venue": "ICML 2025, 2025",
      "year": 2025,
      "citations": 1
    },
    {
      "title": "HugAgent: Evaluating LLMs in Simulating Human-Like Individual Reasoning on Open-Ended Tasks",
      "url": "https://scholar.google.com/citations?view_op=view_citation&hl=en&user=hQ-J_eAAAAAJ&citation_for_view=hQ-J_eAAAAAJ:vRqMK49ujn8C",
      "authors": "CJ Li, Z Mo, Y Tang, A Qu, J Wu, KI Zhao, Y Gan, J Fan, J Yu, H Jiang, ...",
      "venue": "arXiv preprint arXiv:2510.15144, 2025",
      "year": 2025,
      "citations": 0
    },
    {
      "title": "Cross-Modal Alignment Regularization: Enhancing Language Models with Vision Model Representations",
      "url": "https://scholar.google.com/citations?view_op=view_citation&hl=en&user=hQ-J_eAAAAAJ&citation_for_view=hQ-J_eAAAAAJ:p2g8aNsByqUC",
      "authors": "Y Gan*, KI Zhao*, P Isola",
      "venue": "ICLR 2025 Re-Align Workshop, 2025",
      "year": 2025,
      "citations": 0
    },
    {
      "title": "HugAgent: Toward Cognitive-Level Human Alignment and Individual-Level Diversity in LLM Simulation",
      "url": "https://scholar.google.com/citations?view_op=view_citation&hl=en&user=hQ-J_eAAAAAJ&citation_for_view=hQ-J_eAAAAAJ:B3FOqHPlNUQC",
      "authors": "CJ Li, Z Mo, Y Tang, A Qu, J Wu, KI Zhao, Y Gan, J Fan, J Yu, H Jiang, ...",
      "venue": "Socially Responsible and Trustworthy Foundation Models at NeurIPS 2025, 0",
      "year": 2025,
      "citations": 0
    },
    {
      "title": "Decouple content and motion for conditional image-to-video generation",
      "url": "https://scholar.google.com/citations?view_op=view_citation&hl=en&user=hQ-J_eAAAAAJ&citation_for_view=hQ-J_eAAAAAJ:pqnbT2bcN3wC",
      "authors": "C Shen, Y Gan, C Chen, X Zhu, L Cheng, T Gao, J Wang",
      "venue": "Proceedings of the AAAI Conference on Artificial Intelligence 38 (5), 4757-4765, 2024",
      "year": 2024,
      "citations": 12
    },
    {
      "title": "Self-assembly of a biologically plausible learning circuit",
      "url": "https://scholar.google.com/citations?view_op=view_citation&hl=en&user=hQ-J_eAAAAAJ&citation_for_view=hQ-J_eAAAAAJ:f2IySw72cVMC",
      "authors": "Q Liao*, L Ziyin*, Y Gan*, B Cheung, M Harnett, T Poggio",
      "venue": "arXiv preprint arXiv:2412.20018, 2024",
      "year": 2024,
      "citations": 4
    },
    {
      "title": "For HyperBFs AGOP is a greedy approximation to gradient descent",
      "url": "https://scholar.google.com/citations?view_op=view_citation&hl=en&user=hQ-J_eAAAAAJ&citation_for_view=hQ-J_eAAAAAJ:zA6iFVUQeVQC",
      "authors": "Y Gan, T Poggio",
      "venue": "Center for Brains, Minds and Machines (CBMM), 2024",
      "year": 2024,
      "citations": 2
    },
    {
      "title": "On the Power of Decision Trees in Auto-Regressive Language Modeling",
      "url": "https://scholar.google.com/citations?view_op=view_citation&hl=en&user=hQ-J_eAAAAAJ&citation_for_view=hQ-J_eAAAAAJ:u_35RYKgDlwC",
      "authors": "Y Gan, T Galanti, T Poggio, E Malach",
      "venue": "NeurIPS 2024, 2024",
      "year": 2024,
      "citations": 1
    },
    {
      "title": "Decorate the newcomers: Visual domain prompt for continual test time adaptation",
      "url": "https://scholar.google.com/citations?view_op=view_citation&hl=en&user=hQ-J_eAAAAAJ&citation_for_view=hQ-J_eAAAAAJ:qUcmZB5y_30C",
      "authors": "Y Gan, Y Bai, Y Lou, X Ma, R Zhang, N Shi, L Luo",
      "venue": "AAAI Best Student Paper, 2023",
      "year": 2023,
      "citations": 134
    },
    {
      "title": "Exploring sparse visual prompt for cross-domain semantic segmentation",
      "url": "https://scholar.google.com/citations?view_op=view_citation&hl=en&user=hQ-J_eAAAAAJ&citation_for_view=hQ-J_eAAAAAJ:NaGl4SEjCO4C",
      "authors": "S Yang, J Wu, J Liu, X Li, Q Zhang, M Pan, Y Gan, S Zhang",
      "venue": "AAAI 2024, 2023",
      "year": 2023,
      "citations": 60
    },
    {
      "title": "Chain of thought prompt tuning in vision language models",
      "url": "https://scholar.google.com/citations?view_op=view_citation&hl=en&user=hQ-J_eAAAAAJ&citation_for_view=hQ-J_eAAAAAJ:TFP_iSt0sucC",
      "authors": "J Ge, H Luo, S Qian, Y Gan, J Fu, S Zhang",
      "venue": "arXiv preprint arXiv:2304.07919, 2023",
      "year": 2023,
      "citations": 50
    },
    {
      "title": "InstructCV: Instruction-Tuned Text-to-Image Diffusion Models as Vision Generalists",
      "url": "https://scholar.google.com/citations?view_op=view_citation&hl=en&user=hQ-J_eAAAAAJ&citation_for_view=hQ-J_eAAAAAJ:HDshCWvjkbEC",
      "authors": "Y Gan, S Park, A Schubert, A Philippakis, AM Alaa",
      "venue": "ICLR 2024, 2023",
      "year": 2023,
      "citations": 31
    },
    {
      "title": "Cloud-device collaborative adaptation to continual changing environments in the real-world",
      "url": "https://scholar.google.com/citations?view_op=view_citation&hl=en&user=hQ-J_eAAAAAJ&citation_for_view=hQ-J_eAAAAAJ:g5m5HwL7SMYC",
      "authors": "Y Gan*, M Pan*, R Zhang, Z Ling, L Zhao, J Liu, S Zhang",
      "venue": "CVPR 2023, 12157-12166, 2023",
      "year": 2023,
      "citations": 28
    },
    {
      "title": "DiffuseIR: diffusion models for isotropic reconstruction of 3D microscopic images",
      "url": "https://scholar.google.com/citations?view_op=view_citation&hl=en&user=hQ-J_eAAAAAJ&citation_for_view=hQ-J_eAAAAAJ:M05iB0D1s5AC",
      "authors": "M Pan*, Y Gan*, F Zhou, J Liu, Y Zhang, A Wang, S Zhang, D Li",
      "venue": "MICCAI 2023, 323-332, 2023",
      "year": 2023,
      "citations": 17
    },
    {
      "title": "Assessing and enhancing robustness of deep learning models with corruption emulation in digital pathology",
      "url": "https://scholar.google.com/citations?view_op=view_citation&hl=en&user=hQ-J_eAAAAAJ&citation_for_view=hQ-J_eAAAAAJ:HoB7MX3m0LUC",
      "authors": "P Huang, S Zhang, Y Gan, R Xu, R Zhu, W Qin, L Guo, S Jiang, L Luo",
      "venue": "2023 IEEE International Conference on Bioinformatics and Biomedicine (BIBM …, 2023",
      "year": 2023,
      "citations": 4
    },
    {
      "title": "Split-ensemble: efficient OOD-aware ensemble via task and model splitting",
      "url": "https://scholar.google.com/citations?view_op=view_citation&hl=en&user=hQ-J_eAAAAAJ&citation_for_view=hQ-J_eAAAAAJ:4OULZ7Gr8RgC",
      "authors": "A Chen*, H Yang*, Y Gan*, DA Gudovskiy, Z Dong, H Wang, T Okuno, ...",
      "venue": "ICML 2024, 2023",
      "year": 2023,
      "citations": 3
    },
    {
      "title": "A Homogeneous Transformer Architecture",
      "url": "https://scholar.google.com/citations?view_op=view_citation&hl=en&user=hQ-J_eAAAAAJ&citation_for_view=hQ-J_eAAAAAJ:WbkHhVStYXYC",
      "authors": "Y Gan, T Poggio",
      "venue": "Center for Brains, Minds and Machines (CBMM), 2023",
      "year": 2023,
      "citations": 0
    }
  ],
  "co_authors": [
    {
      "name": "Shanghang Zhang",
      "scholar_id": "voqw10cAAAAJ",
      "url": "https://scholar.google.com/citations?user=voqw10cAAAAJ"
    },
    {
      "name": "Mingjie Pan",
      "scholar_id": "QdUeY3IAAAAJ",
      "url": "https://scholar.google.com/citations?user=QdUeY3IAAAAJ"
    },
    {
      "name": "Jiaxin Ge",
      "scholar_id": "I6P0SwgAAAAJ",
      "url": "https://scholar.google.com/citations?user=I6P0SwgAAAAJ"
    },
    {
      "name": "TOMASO POGGIO",
      "scholar_id": "WgAGy7wAAAAJ",
      "url": "https://scholar.google.com/citations?user=WgAGy7wAAAAJ"
    },
    {
      "name": "Kaiya Ivy Zhao",
      "scholar_id": "N0yuICkAAAAJ",
      "url": "https://scholar.google.com/citations?user=N0yuICkAAAAJ"
    },
    {
      "name": "Mark T. Harnett",
      "scholar_id": "bzoKP5wAAAAJ",
      "url": "https://scholar.google.com/citations?user=bzoKP5wAAAAJ"
    },
    {
      "name": "Brian Cheung",
      "scholar_id": "7N-ethYAAAAJ",
      "url": "https://scholar.google.com/citations?user=7N-ethYAAAAJ"
    },
    {
      "name": "liu ziyin",
      "scholar_id": "P5fPJ1oAAAAJ",
      "url": "https://scholar.google.com/citations?user=P5fPJ1oAAAAJ"
    },
    {
      "name": "Qianli Liao",
      "scholar_id": "oSZZ7ncAAAAJ",
      "url": "https://scholar.google.com/citations?user=oSZZ7ncAAAAJ"
    },
    {
      "name": "Risto Miikkulainen",
      "scholar_id": "2SmbjHAAAAAJ",
      "url": "https://scholar.google.com/citations?user=2SmbjHAAAAAJ"
    },
    {
      "name": "Xin Qiu",
      "scholar_id": "SET9oYsAAAAJ",
      "url": "https://scholar.google.com/citations?user=SET9oYsAAAAJ"
    },
    {
      "name": "Qiyao (Catherine) Liang",
      "scholar_id": "qzSOnnwAAAAJ",
      "url": "https://scholar.google.com/citations?user=qzSOnnwAAAAJ"
    },
    {
      "name": "Phillip Isola",
      "scholar_id": "ROILf3EAAAAJ",
      "url": "https://scholar.google.com/citations?user=ROILf3EAAAAJ"
    }
  ]
}