{
  "author_info": {
    "name": "Shahar Jacob",
    "affiliation": "Computer Science MSc, Hebrew University of Jerusalem",
    "email_verified": "Verified email at mail.huji.ac.il",
    "interests": [
      "Natural Language Processing",
      "Data Science"
    ],
    "photo_url": "https://scholar.googleusercontent.com/citations?view_op=view_photo&user=UhAsoTgAAAAJ&citpid=1"
  },
  "citation_stats": {
    "citations_all": 5,
    "citations_since_2020": 5,
    "h_index_all": 1,
    "h_index_since_2020": 1,
    "i10_index_all": 0,
    "i10_index_since_2020": 0,
    "citation_graph": [
      {
        "year": 2024,
        "citations": 3
      },
      {
        "year": 2025,
        "citations": 2
      }
    ]
  },
  "papers": [
    {
      "title": "FAME: Flexible, Scalable Analogy Mappings Engine",
      "url": "https://scholar.google.com/citations?view_op=view_citation&hl=en&user=UhAsoTgAAAAJ&citation_for_view=UhAsoTgAAAAJ:u5HHmVD_uO8C",
      "authors": "S Jacob, C Shani, D Shahaf",
      "venue": "arXiv preprint arXiv:2311.01860, 2023",
      "year": 2023,
      "citations": 5
    }
  ],
  "co_authors": [
    {
      "name": "Chen Shani",
      "scholar_id": "jQzR-IwAAAAJ",
      "url": "https://scholar.google.com/citations?user=jQzR-IwAAAAJ"
    }
  ]
}