{
  "author_info": {
    "name": "Chentao Zhang",
    "affiliation": "Xiamen University",
    "email_verified": "Verified email at stu.xmu.edu.cn",
    "interests": [
      "RAG"
    ],
    "photo_url": "https://scholar.googleusercontent.com/citations?view_op=view_photo&user=XGQUvAkAAAAJ&citpid=1"
  },
  "citation_stats": {
    "citations_all": 2,
    "citations_since_2020": 2,
    "h_index_all": 1,
    "h_index_since_2020": 1,
    "i10_index_all": 0,
    "i10_index_since_2020": 0,
    "citation_graph": []
  },
  "papers": [
    {
      "title": "TPLAD: Template-Parsed Log Anomaly Detection for Electrical Database Systems",
      "url": "https://scholar.google.com/citations?view_op=view_citation&hl=en&user=XGQUvAkAAAAJ&citation_for_view=XGQUvAkAAAAJ:u-x6o8ySG0sC",
      "authors": "H Li, X Peng, D Wang, S An, C Zhang, W Shi",
      "venue": "International Journal of High Speed Electronics and Systems 34 (03), 2440116, 2025",
      "year": 2025,
      "citations": 0
    },
    {
      "title": "Beyond the Answer: Advancing Multi-Hop QA with Fine-Grained Graph Reasoning and Evaluation",
      "url": "https://scholar.google.com/citations?view_op=view_citation&hl=en&user=XGQUvAkAAAAJ&citation_for_view=XGQUvAkAAAAJ:ZeXyd9-uunAC",
      "authors": "Q Liu, C Zhang, C Zheng, G Hu, X Li, Z Zhang",
      "venue": "Proceedings of the 63rd Annual Meeting of the Association for Computational …, 2025",
      "year": 2025,
      "citations": 0
    },
    {
      "title": "Self-consistency, Extract and Rectify: Knowledge Graph Enhance Large Language Model for Electric Power Question Answering",
      "url": "https://scholar.google.com/citations?view_op=view_citation&hl=en&user=XGQUvAkAAAAJ&citation_for_view=XGQUvAkAAAAJ:u5HHmVD_uO8C",
      "authors": "J Zhao, Z Ma, H Zhao, X Zhang, Q Liu, C Zhang",
      "venue": "International Conference on Intelligent Computing, 493-504, 2024",
      "year": 2024,
      "citations": 2
    }
  ],
  "co_authors": []
}