{
  "author_info": {
    "name": "Jieun Kim",
    "affiliation": "연세대학교",
    "email_verified": "Verified email at yonsei.ac.kr - Homepage",
    "website": "http://lilly9928.github.io/",
    "interests": [
      "Computer Vision",
      "Multi Modal",
      "Deep Learning"
    ],
    "photo_url": "https://scholar.googleusercontent.com/citations?view_op=view_photo&user=9fv6A_cAAAAJ&citpid=4"
  },
  "citation_stats": {
    "citations_all": 31,
    "citations_since_2020": 31,
    "h_index_all": 2,
    "h_index_since_2020": 2,
    "i10_index_all": 2,
    "i10_index_since_2020": 2,
    "citation_graph": [
      {
        "year": 2023,
        "citations": 3
      },
      {
        "year": 2024,
        "citations": 7
      },
      {
        "year": 2025,
        "citations": 20
      }
    ]
  },
  "papers": [
    {
      "title": "Visual question answering: A survey of methods, datasets, evaluation, and challenges",
      "url": "https://scholar.google.com/citations?view_op=view_citation&hl=en&user=9fv6A_cAAAAJ&citation_for_view=9fv6A_cAAAAJ:IjCSPb-OGe4C",
      "authors": "BS Kim, J Kim, D Lee, B Jang",
      "venue": "ACM Computing Surveys 57 (10), 1-35, 2025",
      "year": 2025,
      "citations": 13
    },
    {
      "title": "Fuzzy Contrastive Decoding to Alleviate Object Hallucination in Large Vision-Language Models",
      "url": "https://scholar.google.com/citations?view_op=view_citation&hl=en&user=9fv6A_cAAAAJ&citation_for_view=9fv6A_cAAAAJ:Tyk-4Ss8FVUC",
      "authors": "J Kim, J Kim, Y Kim, SB Cho",
      "venue": "Proceedings of the IEEE/CVF International Conference on Computer Vision …, 2025",
      "year": 2025,
      "citations": 0
    },
    {
      "title": "Calibrating a Three-Viewpoints Thermal Camera with Few Correspondences",
      "url": "https://scholar.google.com/citations?view_op=view_citation&hl=en&user=9fv6A_cAAAAJ&citation_for_view=9fv6A_cAAAAJ:u-x6o8ySG0sC",
      "authors": "JO Kim, J Kim, D Lee",
      "venue": "Journal of Signal Processing Systems 96 (3), 191-202, 2024",
      "year": 2024,
      "citations": 2
    },
    {
      "title": "FTT: Fourier transform based transformer for brain CT report generation",
      "url": "https://scholar.google.com/citations?view_op=view_citation&hl=en&user=9fv6A_cAAAAJ&citation_for_view=9fv6A_cAAAAJ:zYLM7Y9cAGgC",
      "authors": "J Kim, BS Kim, I Choi, Z Yang, B Jang",
      "venue": "2024 International Conference on Artificial Intelligence in Information and …, 2024",
      "year": 2024,
      "citations": 2
    },
    {
      "title": "Facial expression recognition robust to occlusion and to intra-similarity problem using relevant subsampling",
      "url": "https://scholar.google.com/citations?view_op=view_citation&hl=en&user=9fv6A_cAAAAJ&citation_for_view=9fv6A_cAAAAJ:d1gkVwhDpl0C",
      "authors": "J Kim, D Lee",
      "venue": "Sensors 23 (5), 2619, 2023",
      "year": 2023,
      "citations": 13
    },
    {
      "title": "잡음 종류와 잡음 제거방식에 따른 영상의 윤곽선 검출 비교",
      "url": "https://scholar.google.com/citations?view_op=view_citation&hl=en&user=9fv6A_cAAAAJ&citation_for_view=9fv6A_cAAAAJ:u5HHmVD_uO8C",
      "authors": "김지은， 이덕우",
      "venue": "멀티미디어학회논문지 26 (4), 533-541, 2023",
      "year": 2023,
      "citations": 0
    },
    {
      "title": "Facial expression recognition using visual transformer with histogram of oriented gradients",
      "url": "https://scholar.google.com/citations?view_op=view_citation&hl=en&user=9fv6A_cAAAAJ&citation_for_view=9fv6A_cAAAAJ:qjMakFHDy7sC",
      "authors": "J Kim, J o Kim, S Je, D Lee",
      "venue": "Electronic Imaging 35, 1-4, 2023",
      "year": 2023,
      "citations": 0
    },
    {
      "title": "Recognition of facial expression using spatial transformation network and convolutional neural network",
      "url": "https://scholar.google.com/citations?view_op=view_citation&hl=en&user=9fv6A_cAAAAJ&citation_for_view=9fv6A_cAAAAJ:2osOgNQ5qMEC",
      "authors": "J Kim, EJ Lee, D Lee",
      "venue": "Pattern Recognition and Tracking XXXIII 12101, 156-160, 2022",
      "year": 2022,
      "citations": 1
    },
    {
      "title": "심층신경망 모델과 얼굴영상 정렬 네트워크를 활용한 얼굴 표정인식",
      "url": "https://scholar.google.com/citations?view_op=view_citation&hl=en&user=9fv6A_cAAAAJ&citation_for_view=9fv6A_cAAAAJ:UeHWp8X0CEIC",
      "authors": "김지은， 김지수， 이덕우",
      "venue": "대한전자공학회 학술대회, 372-373, 2021",
      "year": 2021,
      "citations": 0
    },
    {
      "title": "LSTM 활용 효율적 샘플링 기반 카메라 캘리브레이션",
      "url": "https://scholar.google.com/citations?view_op=view_citation&hl=en&user=9fv6A_cAAAAJ&citation_for_view=9fv6A_cAAAAJ:9yKSN-GCB0IC",
      "authors": "김지수， 김지은， 이덕우",
      "venue": "대한전자공학회 학술대회, 374-376, 2021",
      "year": 2021,
      "citations": 0
    }
  ],
  "co_authors": [
    {
      "name": "Deokwoo Lee",
      "scholar_id": "NcGqn0gAAAAJ",
      "url": "https://scholar.google.com/citations?user=NcGqn0gAAAAJ"
    },
    {
      "name": "Sung-Bae Cho",
      "scholar_id": "px5LGgMAAAAJ",
      "url": "https://scholar.google.com/citations?user=px5LGgMAAAAJ"
    }
  ]
}