{
  "author_info": {
    "name": "Haotian Xu",
    "affiliation": "PhD in Data Science, Stony Brook University",
    "email_verified": "Verified email at stonybrook.edu",
    "interests": [
      "Large Language Model",
      "Model Interpretability",
      "Deep Geometric Learning"
    ],
    "photo_url": "/citations/images/avatar_scholar_128.png"
  },
  "citation_stats": {
    "citations_all": 70,
    "citations_since_2020": 70,
    "h_index_all": 3,
    "h_index_since_2020": 3,
    "i10_index_all": 3,
    "i10_index_since_2020": 3,
    "citation_graph": [
      {
        "year": 2022,
        "citations": 1
      },
      {
        "year": 2023,
        "citations": 6
      },
      {
        "year": 2024,
        "citations": 25
      },
      {
        "year": 2025,
        "citations": 36
      }
    ]
  },
  "papers": [
    {
      "title": "Graph concept bottleneck models",
      "url": "https://scholar.google.com/citations?view_op=view_citation&hl=en&user=48xTUh0AAAAJ&citation_for_view=48xTUh0AAAAJ:2osOgNQ5qMEC",
      "authors": "H Xu, TW Weng, LM Nguyen, T Ma",
      "venue": "arXiv preprint arXiv:2508.14255, 2025",
      "year": 2025,
      "citations": 1
    },
    {
      "title": "When Structure Doesn't Help: LLMs Do Not Read Text-Attributed Graphs as Effectively as We Expected",
      "url": "https://scholar.google.com/citations?view_op=view_citation&hl=en&user=48xTUh0AAAAJ&citation_for_view=48xTUh0AAAAJ:UeHWp8X0CEIC",
      "authors": "H Xu, Y You, T Ma",
      "venue": "arXiv preprint arXiv:2511.16767, 2025",
      "year": 2025,
      "citations": 0
    },
    {
      "title": "Latent 3d graph diffusion",
      "url": "https://scholar.google.com/citations?view_op=view_citation&hl=en&user=48xTUh0AAAAJ&citation_for_view=48xTUh0AAAAJ:u-x6o8ySG0sC",
      "authors": "Y You, R Zhou, J Park, H Xu, C Tian, Z Wang, Y Shen",
      "venue": "International Conference on Learning Representations (ICLR), 2024",
      "year": 2024,
      "citations": 21
    },
    {
      "title": "EMONA: Event-level moral opinions in news articles",
      "url": "https://scholar.google.com/citations?view_op=view_citation&hl=en&user=48xTUh0AAAAJ&citation_for_view=48xTUh0AAAAJ:qjMakFHDy7sC",
      "authors": "Y Lei, MMM Miah, A Qamar, SR Reddy, J Tong, H Xu, R Huang",
      "venue": "arXiv preprint arXiv:2404.01715, 2024",
      "year": 2024,
      "citations": 10
    },
    {
      "title": "Multi-Modal Contrastive Learning for Proteins by Combining Domain-Informed Views",
      "url": "https://scholar.google.com/citations?view_op=view_citation&hl=en&user=48xTUh0AAAAJ&citation_for_view=48xTUh0AAAAJ:9yKSN-GCB0IC",
      "authors": "H Xu, Y You, Y Shen",
      "venue": "Machine Learning for Genomics Explorations workshop at ICLR 2024, 2024",
      "year": 2024,
      "citations": 1
    },
    {
      "title": "Crossroads, buildings and neighborhoods: A dataset for fine-grained location recognition",
      "url": "https://scholar.google.com/citations?view_op=view_citation&hl=en&user=48xTUh0AAAAJ&citation_for_view=48xTUh0AAAAJ:d1gkVwhDpl0C",
      "authors": "P Chen, H Xu, C Zhang, R Huang",
      "venue": "Proceedings of the 2022 conference of the North American chapter of the …, 2022",
      "year": 2022,
      "citations": 37
    }
  ],
  "co_authors": []
}