{
  "author_info": {
    "name": "Kun Wei",
    "affiliation": "Xidian University",
    "email_verified": "Verified email at stu.xidian.edu.cn - Homepage",
    "website": "https://drkun.github.io/xdkunwei.github.io/",
    "interests": [
      "Incremental Learning",
      "Computer Vision"
    ],
    "photo_url": "https://scholar.googleusercontent.com/citations?view_op=view_photo&user=fju0aWQAAAAJ&citpid=4"
  },
  "citation_stats": {
    "citations_all": 1377,
    "citations_since_2020": 1374,
    "h_index_all": 19,
    "h_index_since_2020": 19,
    "i10_index_all": 25,
    "i10_index_since_2020": 25,
    "citation_graph": [
      {
        "year": 2020,
        "citations": 25
      },
      {
        "year": 2021,
        "citations": 89
      },
      {
        "year": 2022,
        "citations": 148
      },
      {
        "year": 2023,
        "citations": 289
      },
      {
        "year": 2024,
        "citations": 378
      },
      {
        "year": 2025,
        "citations": 442
      }
    ]
  },
  "papers": [
    {
      "title": "Class-incremental unsupervised domain adaptation via pseudo-label distillation",
      "url": "https://scholar.google.com/citations?view_op=view_citation&hl=en&user=fju0aWQAAAAJ&citation_for_view=fju0aWQAAAAJ:Zph67rFs4hoC",
      "authors": "K Wei, X Yang, Z Xu, C Deng",
      "venue": "IEEE Transactions on Image Processing 33, 1188-1198, 2024",
      "year": 2024,
      "citations": 32
    },
    {
      "title": "A versatile framework for continual test-time domain adaptation: Balancing discriminability and generalizability",
      "url": "https://scholar.google.com/citations?view_op=view_citation&hl=en&user=fju0aWQAAAAJ&citation_for_view=fju0aWQAAAAJ:M3ejUd6NZC8C",
      "authors": "X Yang, X Chen, M Li, K Wei, C Deng",
      "venue": "Proceedings of the IEEE/CVF Conference on Computer Vision and Pattern …, 2024",
      "year": 2024,
      "citations": 15
    },
    {
      "title": "Hierarchical Prompt Learning for Compositional Zero-Shot Recognition.",
      "url": "https://scholar.google.com/citations?view_op=view_citation&hl=en&user=fju0aWQAAAAJ&citation_for_view=fju0aWQAAAAJ:MXK_kJrjxJIC",
      "authors": "H Wang, M Yang, K Wei, C Deng",
      "venue": "IJCAI 1 (2), 3, 2023",
      "year": 2023,
      "citations": 39
    },
    {
      "title": "ALR-GAN: Adaptive layout refinement for text-to-image synthesis",
      "url": "https://scholar.google.com/citations?view_op=view_citation&hl=en&user=fju0aWQAAAAJ&citation_for_view=fju0aWQAAAAJ:hqOjcs7Dif8C",
      "authors": "H Tan, B Yin, K Wei, X Liu, X Li",
      "venue": "IEEE Transactions on Multimedia 25, 8620-8631, 2023",
      "year": 2023,
      "citations": 33
    },
    {
      "title": "Siamese contrastive embedding network for compositional zero-shot learning",
      "url": "https://scholar.google.com/citations?view_op=view_citation&hl=en&user=fju0aWQAAAAJ&citation_for_view=fju0aWQAAAAJ:ufrVoPGSRksC",
      "authors": "X Li, X Yang, K Wei, C Deng, M Yang",
      "venue": "Proceedings of the IEEE/CVF conference on computer vision and pattern …, 2022",
      "year": 2022,
      "citations": 132
    },
    {
      "title": "Not just selection, but exploration: Online class-incremental continual learning via dual view consistency",
      "url": "https://scholar.google.com/citations?view_op=view_citation&hl=en&user=fju0aWQAAAAJ&citation_for_view=fju0aWQAAAAJ:_FxGoFyzp5QC",
      "authors": "Y Gu, X Yang, K Wei, C Deng",
      "venue": "Proceedings of the IEEE/CVF Conference on Computer Vision and Pattern …, 2022",
      "year": 2022,
      "citations": 131
    },
    {
      "title": "Learning universal adversarial perturbation by adversarial example",
      "url": "https://scholar.google.com/citations?view_op=view_citation&hl=en&user=fju0aWQAAAAJ&citation_for_view=fju0aWQAAAAJ:eQOLeE2rZwMC",
      "authors": "M Li, Y Yang, K Wei, X Yang, H Huang",
      "venue": "Proceedings of the AAAI conference on artificial intelligence 36 (2), 1350-1358, 2022",
      "year": 2022,
      "citations": 43
    },
    {
      "title": "HiSA: Hierarchically semantic associating for video temporal grounding",
      "url": "https://scholar.google.com/citations?view_op=view_citation&hl=en&user=fju0aWQAAAAJ&citation_for_view=fju0aWQAAAAJ:LkGwnXOMwfcC",
      "authors": "Z Xu, D Chen, K Wei, C Deng, H Xue",
      "venue": "IEEE Transactions on Image Processing 31, 5178-5188, 2022",
      "year": 2022,
      "citations": 35
    },
    {
      "title": "ME-GAN: Learning panoptic electrocardio representations for multi-view ECG synthesis conditioned on heart diseases",
      "url": "https://scholar.google.com/citations?view_op=view_citation&hl=en&user=fju0aWQAAAAJ&citation_for_view=fju0aWQAAAAJ:roLk4NBRz8UC",
      "authors": "J Chen, K Liao, K Wei, H Ying, DZ Chen, J Wu",
      "venue": "International Conference on Machine Learning, 3360-3370, 2022",
      "year": 2022,
      "citations": 35
    },
    {
      "title": "Point-supervised video temporal grounding",
      "url": "https://scholar.google.com/citations?view_op=view_citation&hl=en&user=fju0aWQAAAAJ&citation_for_view=fju0aWQAAAAJ:UebtZRa9Y70C",
      "authors": "Z Xu, K Wei, X Yang, C Deng",
      "venue": "IEEE Transactions on Multimedia 25, 6121-6131, 2022",
      "year": 2022,
      "citations": 31
    },
    {
      "title": "A survey on multimodal-guided visual content synthesis",
      "url": "https://scholar.google.com/citations?view_op=view_citation&hl=en&user=fju0aWQAAAAJ&citation_for_view=fju0aWQAAAAJ:WF5omc3nYNoC",
      "authors": "Z Zhang, Z Li, K Wei, S Pan, C Deng",
      "venue": "Neurocomputing 497, 110-128, 2022",
      "year": 2022,
      "citations": 19
    },
    {
      "title": "Nearest neighbor matching for deep clustering",
      "url": "https://scholar.google.com/citations?view_op=view_citation&hl=en&user=fju0aWQAAAAJ&citation_for_view=fju0aWQAAAAJ:Tyk-4Ss8FVUC",
      "authors": "Z Dang, C Deng, X Yang, K Wei, H Huang",
      "venue": "Proceedings of the IEEE/CVF conference on computer vision and pattern …, 2021",
      "year": 2021,
      "citations": 156
    },
    {
      "title": "Generalized zero-shot learning via disentangled representation",
      "url": "https://scholar.google.com/citations?view_op=view_citation&hl=en&user=fju0aWQAAAAJ&citation_for_view=fju0aWQAAAAJ:qjMakFHDy7sC",
      "authors": "X Li, Z Xu, K Wei, C Deng",
      "venue": "Proceedings of the AAAI conference on artificial intelligence 35 (3), 1966-1974, 2021",
      "year": 2021,
      "citations": 97
    },
    {
      "title": "SelfSAGCN: Self-supervised semantic alignment for graph convolution network",
      "url": "https://scholar.google.com/citations?view_op=view_citation&hl=en&user=fju0aWQAAAAJ&citation_for_view=fju0aWQAAAAJ:zYLM7Y9cAGgC",
      "authors": "X Yang, C Deng, Z Dang, K Wei, J Yan",
      "venue": "Proceedings of the IEEE/CVF conference on computer vision and pattern …, 2021",
      "year": 2021,
      "citations": 47
    },
    {
      "title": "Incremental zero-shot learning",
      "url": "https://scholar.google.com/citations?view_op=view_citation&hl=en&user=fju0aWQAAAAJ&citation_for_view=fju0aWQAAAAJ:W7OEmFMy1HYC",
      "authors": "K Wei, C Deng, X Yang, D Tao",
      "venue": "IEEE Transactions on Cybernetics 52 (12), 13788-13799, 2021",
      "year": 2021,
      "citations": 44
    },
    {
      "title": "Class-incremental instance segmentation via multi-teacher networks",
      "url": "https://scholar.google.com/citations?view_op=view_citation&hl=en&user=fju0aWQAAAAJ&citation_for_view=fju0aWQAAAAJ:UeHWp8X0CEIC",
      "authors": "Y Gu, C Deng, K Wei",
      "venue": "Proceedings of the AAAI Conference on Artificial Intelligence 35 (2), 1478-1486, 2021",
      "year": 2021,
      "citations": 37
    },
    {
      "title": "Incremental embedding learning via zero-shot translation",
      "url": "https://scholar.google.com/citations?view_op=view_citation&hl=en&user=fju0aWQAAAAJ&citation_for_view=fju0aWQAAAAJ:IjCSPb-OGe4C",
      "authors": "K Wei, C Deng, X Yang, M Li",
      "venue": "Proceedings of the AAAI Conference on Artificial Intelligence 35 (11), 10254 …, 2021",
      "year": 2021,
      "citations": 30
    },
    {
      "title": "Adversarial learning for robust deep clustering",
      "url": "https://scholar.google.com/citations?view_op=view_citation&hl=en&user=fju0aWQAAAAJ&citation_for_view=fju0aWQAAAAJ:9yKSN-GCB0IC",
      "authors": "X Yang, C Deng, K Wei, J Yan, W Liu",
      "venue": "Advances in Neural Information Processing Systems 33, 9098-9108, 2020",
      "year": 2020,
      "citations": 96
    },
    {
      "title": "Lifelong Zero-Shot Learning.",
      "url": "https://scholar.google.com/citations?view_op=view_citation&hl=en&user=fju0aWQAAAAJ&citation_for_view=fju0aWQAAAAJ:d1gkVwhDpl0C",
      "authors": "K Wei, C Deng, X Yang",
      "venue": "IJCAI, 551-557, 2020",
      "year": 2020,
      "citations": 84
    },
    {
      "title": "Adversarial fine-grained composition learning for unseen attribute-object recognition",
      "url": "https://scholar.google.com/citations?view_op=view_citation&hl=en&user=fju0aWQAAAAJ&citation_for_view=fju0aWQAAAAJ:u5HHmVD_uO8C",
      "authors": "K Wei, M Yang, H Wang, C Deng, X Liu",
      "venue": "Proceedings of the IEEE/CVF International Conference on Computer Vision …, 2019",
      "year": 2019,
      "citations": 124
    }
  ],
  "co_authors": [
    {
      "name": "Cheng Deng （邓成）",
      "scholar_id": "OROjmc8AAAAJ",
      "url": "https://scholar.google.com/citations?user=OROjmc8AAAAJ"
    },
    {
      "name": "Zhe Xu",
      "scholar_id": "m5CD7VYAAAAJ",
      "url": "https://scholar.google.com/citations?user=m5CD7VYAAAAJ"
    },
    {
      "name": "Xiangyu Li",
      "scholar_id": "AIV6EgwAAAAJ",
      "url": "https://scholar.google.com/citations?user=AIV6EgwAAAAJ"
    },
    {
      "name": "Xi Wang",
      "scholar_id": "BRCpUskAAAAJ",
      "url": "https://scholar.google.com/citations?user=BRCpUskAAAAJ"
    }
  ]
}