{
  "author_info": {
    "name": "Yaxin Li",
    "affiliation": "Michigan State University",
    "email_verified": "Verified email at msu.edu - Homepage",
    "website": "http://cse.msu.edu/~liyaxin1/",
    "interests": [
      "Deep Learning",
      "Robustness",
      "Privacy Preserving",
      "AI Fairness",
      "LLM"
    ],
    "photo_url": "https://scholar.googleusercontent.com/citations?view_op=view_photo&user=SdD-Hh4AAAAJ&citpid=4"
  },
  "citation_stats": {
    "citations_all": 1607,
    "citations_since_2020": 1603,
    "h_index_all": 11,
    "h_index_since_2020": 11,
    "i10_index_all": 11,
    "i10_index_since_2020": 11,
    "citation_graph": [
      {
        "year": 2020,
        "citations": 19
      },
      {
        "year": 2021,
        "citations": 116
      },
      {
        "year": 2022,
        "citations": 254
      },
      {
        "year": 2023,
        "citations": 341
      },
      {
        "year": 2024,
        "citations": 441
      },
      {
        "year": 2025,
        "citations": 426
      }
    ]
  },
  "papers": [
    {
      "title": "Unveiling and mitigating memorization in text-to-image diffusion models through cross attention",
      "url": "https://scholar.google.com/citations?view_op=view_citation&hl=en&user=SdD-Hh4AAAAJ&citation_for_view=SdD-Hh4AAAAJ:UebtZRa9Y70C",
      "authors": "J Ren, Y Li, S Zeng, H Xu, L Lyu, Y Xing, J Tang",
      "venue": "European Conference on Computer Vision, 340-356, 2024",
      "year": 2024,
      "citations": 38
    },
    {
      "title": "Neural style protection: Counteracting unauthorized neural style transfer",
      "url": "https://scholar.google.com/citations?view_op=view_citation&hl=en&user=SdD-Hh4AAAAJ&citation_for_view=SdD-Hh4AAAAJ:Se3iqnhoufwC",
      "authors": "Y Li, J Ren, H Xu, H Liu",
      "venue": "Proceedings of the IEEE/CVF winter conference on applications of computer …, 2024",
      "year": 2024,
      "citations": 12
    },
    {
      "title": "Exploring memorization in fine-tuned language models",
      "url": "https://scholar.google.com/citations?view_op=view_citation&hl=en&user=SdD-Hh4AAAAJ&citation_for_view=SdD-Hh4AAAAJ:roLk4NBRz8UC",
      "authors": "S Zeng, Y Li, J Ren, Y Liu, H Xu, P He, Y Xing, S Wang, J Tang, D Yin",
      "venue": "arXiv preprint arXiv:2310.06714, 2023",
      "year": 2023,
      "citations": 44
    },
    {
      "title": "Trustworthy ai: A computational perspective",
      "url": "https://scholar.google.com/citations?view_op=view_citation&hl=en&user=SdD-Hh4AAAAJ&citation_for_view=SdD-Hh4AAAAJ:zYLM7Y9cAGgC",
      "authors": "H Liu, Y Wang, W Fan, X Liu, Y Li, S Jain, Y Liu, A Jain, J Tang",
      "venue": "ACM Transactions on Intelligent Systems and Technology 14 (1), 1-59, 2022",
      "year": 2022,
      "citations": 395
    },
    {
      "title": "Imbalanced adversarial training with reweighting",
      "url": "https://scholar.google.com/citations?view_op=view_citation&hl=en&user=SdD-Hh4AAAAJ&citation_for_view=SdD-Hh4AAAAJ:W7OEmFMy1HYC",
      "authors": "W Wang, H Xu, X Liu, Y Li, B Thuraisingham, J Tang",
      "venue": "2022 IEEE international conference on data mining (ICDM), 1209-1214, 2022",
      "year": 2022,
      "citations": 32
    },
    {
      "title": "Enhancing Adversarial Training with Feature Separability",
      "url": "https://scholar.google.com/citations?view_op=view_citation&hl=en&user=SdD-Hh4AAAAJ&citation_for_view=SdD-Hh4AAAAJ:_FxGoFyzp5QC",
      "authors": "Y Li, X Liu, H Xu, W Wang, J Tang",
      "venue": "arXiv preprint arXiv:2205.00637, 2022",
      "year": 2022,
      "citations": 1
    },
    {
      "title": "Adversarial Attacks and Defenses on Graphs",
      "url": "https://scholar.google.com/citations?view_op=view_citation&hl=en&user=SdD-Hh4AAAAJ&citation_for_view=SdD-Hh4AAAAJ:ufrVoPGSRksC",
      "authors": "W Jin, Y Li, H Xu, Y Wang, S Ji, C Aggarwal, J Tang",
      "venue": "ACM SIGKDD Explorations Newsletter 22 (2), 19-34, 2021",
      "year": 2021,
      "citations": 369
    },
    {
      "title": "To be robust or to be fair: Towards fairness in adversarial training",
      "url": "https://scholar.google.com/citations?view_op=view_citation&hl=en&user=SdD-Hh4AAAAJ&citation_for_view=SdD-Hh4AAAAJ:YsMSGLbcyi4C",
      "authors": "H Xu, X Liu, Y Li, A Jain, J Tang",
      "venue": "International conference on machine learning, 11492-11501, 2021",
      "year": 2021,
      "citations": 256
    },
    {
      "title": "Deeprobust: a platform for adversarial attacks and defenses",
      "url": "https://scholar.google.com/citations?view_op=view_citation&hl=en&user=SdD-Hh4AAAAJ&citation_for_view=SdD-Hh4AAAAJ:eQOLeE2rZwMC",
      "authors": "Y Li, W Jin, H Xu, J Tang",
      "venue": "Proceedings of the AAAI conference on artificial intelligence 35 (18), 16078 …, 2021",
      "year": 2021,
      "citations": 243
    },
    {
      "title": "Elastic graph neural networks",
      "url": "https://scholar.google.com/citations?view_op=view_citation&hl=en&user=SdD-Hh4AAAAJ&citation_for_view=SdD-Hh4AAAAJ:Tyk-4Ss8FVUC",
      "authors": "X Liu, W Jin, Y Ma, Y Li, H Liu, Y Wang, M Yan, J Tang",
      "venue": "International Conference on Machine Learning, 6837-6849, 2021",
      "year": 2021,
      "citations": 170
    },
    {
      "title": "Yet meta learning can adapt fast, it can also break easily",
      "url": "https://scholar.google.com/citations?view_op=view_citation&hl=en&user=SdD-Hh4AAAAJ&citation_for_view=SdD-Hh4AAAAJ:UeHWp8X0CEIC",
      "authors": "H Xu, Y Li, X Liu, H Liu, J Tang",
      "venue": "Proceedings of the 2021 SIAM International Conference on Data Mining (SDM …, 2021",
      "year": 2021,
      "citations": 18
    },
    {
      "title": "Adversarial Robustness in Deep Learning: From Practices to Theories",
      "url": "https://scholar.google.com/citations?view_op=view_citation&hl=en&user=SdD-Hh4AAAAJ&citation_for_view=SdD-Hh4AAAAJ:Y0pCki6q_DkC",
      "authors": "H Xu, Y Li, X Liu, W Wang, J Tang",
      "venue": "Proceedings of the 27th ACM SIGKDD Conference on Knowledge Discovery & Data …, 2021",
      "year": 2021,
      "citations": 1
    },
    {
      "title": "Adversarial attacks and defenses: Frontiers, advances and practice",
      "url": "https://scholar.google.com/citations?view_op=view_citation&hl=en&user=SdD-Hh4AAAAJ&citation_for_view=SdD-Hh4AAAAJ:IjCSPb-OGe4C",
      "authors": "H Xu, Y Li, W Jin, J Tang",
      "venue": "Proceedings of the 26th ACM SIGKDD international conference on knowledge …, 2020",
      "year": 2020,
      "citations": 28
    }
  ],
  "co_authors": [
    {
      "name": "Jiliang Tang",
      "scholar_id": "WtzKMWAAAAAJ",
      "url": "https://scholar.google.com/citations?user=WtzKMWAAAAAJ"
    },
    {
      "name": "Han Xu",
      "scholar_id": "mX2rL3IAAAAJ",
      "url": "https://scholar.google.com/citations?user=mX2rL3IAAAAJ"
    },
    {
      "name": "Xiaorui Liu",
      "scholar_id": "NhvN1KoAAAAJ",
      "url": "https://scholar.google.com/citations?user=NhvN1KoAAAAJ"
    },
    {
      "name": "Wei Jin",
      "scholar_id": "eWow24EAAAAJ",
      "url": "https://scholar.google.com/citations?user=eWow24EAAAAJ"
    },
    {
      "name": "Yiqi Wang",
      "scholar_id": "WF1cFNsAAAAJ",
      "url": "https://scholar.google.com/citations?user=WF1cFNsAAAAJ"
    },
    {
      "name": "Haochen Liu",
      "scholar_id": "lIS4k2gAAAAJ",
      "url": "https://scholar.google.com/citations?user=lIS4k2gAAAAJ"
    },
    {
      "name": "Wenqi FAN",
      "scholar_id": "SQ9UbHIAAAAJ",
      "url": "https://scholar.google.com/citations?user=SQ9UbHIAAAAJ"
    }
  ]
}