{
  "author_info": {
    "name": "Kaimo Lin",
    "affiliation": "Tech Lead, Camera Algorithms, ByteDance Inc.",
    "email_verified": "Verified email at u.nus.edu - Homepage",
    "website": "http://www.linkaimo.com/",
    "interests": [
      "AI",
      "Machine Learning",
      "Computer Vision",
      "Image Processing"
    ],
    "photo_url": "/citations/images/avatar_scholar_128.png"
  },
  "citation_stats": {
    "citations_all": 510,
    "citations_since_2020": 368,
    "h_index_all": 6,
    "h_index_since_2020": 5,
    "i10_index_all": 6,
    "i10_index_since_2020": 5,
    "citation_graph": [
      {
        "year": 2016,
        "citations": 4
      },
      {
        "year": 2017,
        "citations": 20
      },
      {
        "year": 2018,
        "citations": 57
      },
      {
        "year": 2019,
        "citations": 59
      },
      {
        "year": 2020,
        "citations": 49
      },
      {
        "year": 2021,
        "citations": 60
      },
      {
        "year": 2022,
        "citations": 62
      },
      {
        "year": 2023,
        "citations": 64
      },
      {
        "year": 2024,
        "citations": 88
      },
      {
        "year": 2025,
        "citations": 45
      }
    ]
  },
  "papers": [
    {
      "title": "Real-time controllable denoising for image and video",
      "url": "https://scholar.google.com/citations?view_op=view_citation&hl=en&user=URuVjnAAAAAJ&citation_for_view=URuVjnAAAAAJ:UeHWp8X0CEIC",
      "authors": "Z Zhang, Y Jiang, W Shao, X Wang, P Luo, K Lin, J Gu",
      "venue": "Proceedings of the IEEE/CVF Conference on Computer Vision and Pattern …, 2023",
      "year": 2023,
      "citations": 27
    },
    {
      "title": "Wavelet synthesis net for disparity estimation to synthesize dslr calibre bokeh effect on smartphones",
      "url": "https://scholar.google.com/citations?view_op=view_citation&hl=en&user=URuVjnAAAAAJ&citation_for_view=URuVjnAAAAAJ:IjCSPb-OGe4C",
      "authors": "C Luo, Y Li, K Lin, G Chen, SJ Lee, J Choi, YF Yoo, MO Polley",
      "venue": "Proceedings of the IEEE/CVF conference on computer vision and pattern …, 2020",
      "year": 2020,
      "citations": 28
    },
    {
      "title": "Robust video background identification by dominant rigid motion estimation",
      "url": "https://scholar.google.com/citations?view_op=view_citation&hl=en&user=URuVjnAAAAAJ&citation_for_view=URuVjnAAAAAJ:qjMakFHDy7sC",
      "authors": "K Lin, N Jiang, LF Cheong, J Lu, X Xu",
      "venue": "Asian Conference on Computer Vision, 163-178, 2018",
      "year": 2018,
      "citations": 2
    },
    {
      "title": "Direct Photometric Alignment by Mesh Deformation",
      "url": "https://scholar.google.com/citations?view_op=view_citation&hl=en&user=URuVjnAAAAAJ&citation_for_view=URuVjnAAAAAJ:9yKSN-GCB0IC",
      "authors": "K Lin, N Jiang, S Liu, LF Cheong, MD Lu, Jiangbo",
      "venue": "Conference on Computer Vision and Pattern Recognition, 2017",
      "year": 2017,
      "citations": 63
    },
    {
      "title": "Visual stitching under challenging conditions",
      "url": "https://scholar.google.com/citations?view_op=view_citation&hl=en&user=URuVjnAAAAAJ&citation_for_view=URuVjnAAAAAJ:2osOgNQ5qMEC",
      "authors": "K Lin",
      "venue": "PQDT-Global, 2017",
      "year": 2017,
      "citations": 0
    },
    {
      "title": "Seagull: Seam-guided local alignment for parallax-tolerant image stitching",
      "url": "https://scholar.google.com/citations?view_op=view_citation&hl=en&user=URuVjnAAAAAJ&citation_for_view=URuVjnAAAAAJ:u-x6o8ySG0sC",
      "authors": "K Lin, N Jiang, LF Cheong, M Do, J Lu",
      "venue": "European conference on computer vision, 370-385, 2016",
      "year": 2016,
      "citations": 300
    },
    {
      "title": "Seamless video stitching from hand‐held camera inputs",
      "url": "https://scholar.google.com/citations?view_op=view_citation&hl=en&user=URuVjnAAAAAJ&citation_for_view=URuVjnAAAAAJ:u5HHmVD_uO8C",
      "authors": "K Lin, S Liu, LF Cheong, B Zeng",
      "venue": "Computer Graphics Forum 35 (2), 479-487, 2016",
      "year": 2016,
      "citations": 80
    },
    {
      "title": "Intrinsic decomposition for stereoscopic images",
      "url": "https://scholar.google.com/citations?view_op=view_citation&hl=en&user=URuVjnAAAAAJ&citation_for_view=URuVjnAAAAAJ:d1gkVwhDpl0C",
      "authors": "D Xie, S Liu, K Lin, S Zhu, B Zeng",
      "venue": "2016 IEEE International Conference on Image Processing (ICIP), 1744-1748, 2016",
      "year": 2016,
      "citations": 10
    }
  ],
  "co_authors": []
}