{
  "author_info": {
    "name": "Colin Bredenberg",
    "affiliation": "University of Montreal",
    "email_verified": "Verified email at mila.quebec",
    "interests": [
      "Theoretical Neuroscience",
      "Synaptic Plasticity"
    ],
    "photo_url": "https://scholar.googleusercontent.com/citations?view_op=view_photo&user=_U-Gw3gAAAAJ&citpid=3"
  },
  "citation_stats": {
    "citations_all": 833,
    "citations_since_2020": 758,
    "h_index_all": 7,
    "h_index_since_2020": 7,
    "i10_index_all": 6,
    "i10_index_since_2020": 6,
    "citation_graph": [
      {
        "year": 2018,
        "citations": 7
      },
      {
        "year": 2019,
        "citations": 60
      },
      {
        "year": 2020,
        "citations": 99
      },
      {
        "year": 2021,
        "citations": 93
      },
      {
        "year": 2022,
        "citations": 106
      },
      {
        "year": 2023,
        "citations": 140
      },
      {
        "year": 2024,
        "citations": 159
      },
      {
        "year": 2025,
        "citations": 157
      }
    ]
  },
  "papers": [
    {
      "title": "Sufficient conditions for offline reactivation in recurrent neural networks",
      "url": "https://scholar.google.com/citations?view_op=view_citation&hl=en&user=_U-Gw3gAAAAJ&citation_for_view=_U-Gw3gAAAAJ:YsMSGLbcyi4C",
      "authors": "NH Krishna, C Bredenberg, D Levenstein, BA Richards, G Lajoie",
      "venue": "arXiv preprint arXiv:2505.17003, 2025",
      "year": 2025,
      "citations": 7
    },
    {
      "title": "Recurrent neural circuits overcome partial inactivation by compensation and re-learning",
      "url": "https://scholar.google.com/citations?view_op=view_citation&hl=en&user=_U-Gw3gAAAAJ&citation_for_view=_U-Gw3gAAAAJ:2osOgNQ5qMEC",
      "authors": "C Bredenberg, C Savin, R Kiani",
      "venue": "Journal of Neuroscience 44 (16), 2024",
      "year": 2024,
      "citations": 12
    },
    {
      "title": "Desiderata for normative models of synaptic plasticity",
      "url": "https://scholar.google.com/citations?view_op=view_citation&hl=en&user=_U-Gw3gAAAAJ&citation_for_view=_U-Gw3gAAAAJ:Y0pCki6q_DkC",
      "authors": "C Bredenberg, C Savin",
      "venue": "Neural computation 36 (7), 1245-1285, 2024",
      "year": 2024,
      "citations": 10
    },
    {
      "title": "The oneirogen hypothesis: modeling the hallucinatory effects of classical psychedelics in terms of replay-dependent plasticity mechanisms",
      "url": "https://scholar.google.com/citations?view_op=view_citation&hl=en&user=_U-Gw3gAAAAJ&citation_for_view=_U-Gw3gAAAAJ:eQOLeE2rZwMC",
      "authors": "C Bredenberg, F Normandin, B Richards, G Lajoie",
      "venue": "bioRxiv, 2024.09. 27.615483, 2024",
      "year": 2024,
      "citations": 0
    },
    {
      "title": "Formalizing locality for normative synaptic plasticity models",
      "url": "https://scholar.google.com/citations?view_op=view_citation&hl=en&user=_U-Gw3gAAAAJ&citation_for_view=_U-Gw3gAAAAJ:W7OEmFMy1HYC",
      "authors": "C Bredenberg, E Williams, C Savin, B Richards, G Lajoie",
      "venue": "Advances in Neural Information Processing Systems 36, 5653-5684, 2023",
      "year": 2023,
      "citations": 11
    },
    {
      "title": "Adaptive coding efficiency in recurrent cortical circuits via gain control",
      "url": "https://scholar.google.com/citations?view_op=view_citation&hl=en&user=_U-Gw3gAAAAJ&citation_for_view=_U-Gw3gAAAAJ:Tyk-4Ss8FVUC",
      "authors": "LR Duong, C Bredenberg, DJ Heeger, EP Simoncelli",
      "venue": "arXiv preprint arXiv:2305.19869, 2023",
      "year": 2023,
      "citations": 8
    },
    {
      "title": "Flexible phase dynamics for bio-plausible contrastive learning",
      "url": "https://scholar.google.com/citations?view_op=view_citation&hl=en&user=_U-Gw3gAAAAJ&citation_for_view=_U-Gw3gAAAAJ:IjCSPb-OGe4C",
      "authors": "E Williams, C Bredenberg, G Lajoie",
      "venue": "International Conference on Machine Learning, 37042-37065, 2023",
      "year": 2023,
      "citations": 7
    },
    {
      "title": "Normative Theories of Synaptic Plasticity for Representation and Perceptual Discrimination",
      "url": "https://scholar.google.com/citations?view_op=view_citation&hl=en&user=_U-Gw3gAAAAJ&citation_for_view=_U-Gw3gAAAAJ:UeHWp8X0CEIC",
      "authors": "C Bredenberg",
      "venue": "New York University, 2022",
      "year": 2022,
      "citations": 0
    },
    {
      "title": "Impression learning: Online representation learning with synaptic plasticity",
      "url": "https://scholar.google.com/citations?view_op=view_citation&hl=en&user=_U-Gw3gAAAAJ&citation_for_view=_U-Gw3gAAAAJ:9yKSN-GCB0IC",
      "authors": "C Bredenberg, B Lyo, E Simoncelli, C Savin",
      "venue": "Advances in neural information processing systems 34, 11717-11729, 2021",
      "year": 2021,
      "citations": 15
    },
    {
      "title": "Learning efficient task-dependent representations with synaptic plasticity",
      "url": "https://scholar.google.com/citations?view_op=view_citation&hl=en&user=_U-Gw3gAAAAJ&citation_for_view=_U-Gw3gAAAAJ:u-x6o8ySG0sC",
      "authors": "C Bredenberg, E Simoncelli, C Savin",
      "venue": "Advances in neural information processing systems 33, 15714-15724, 2020",
      "year": 2020,
      "citations": 16
    },
    {
      "title": "Neurodegenerative disease concomitant proteinopathies are prevalent, age-related and APOE4-associated",
      "url": "https://scholar.google.com/citations?view_op=view_citation&hl=en&user=_U-Gw3gAAAAJ&citation_for_view=_U-Gw3gAAAAJ:u5HHmVD_uO8C",
      "authors": "JL Robinson, EB Lee, SX Xie, L Rennert, ER Suh, C Bredenberg, ...",
      "venue": "Brain 141 (7), 2181-2193, 2018",
      "year": 2018,
      "citations": 747
    },
    {
      "title": "Examining heterogeneous weight perturbations in neural networks with spike-timing-dependent plasticity",
      "url": "https://scholar.google.com/citations?view_op=view_citation&hl=en&user=_U-Gw3gAAAAJ&citation_for_view=_U-Gw3gAAAAJ:d1gkVwhDpl0C",
      "authors": "C Bredenberg",
      "venue": "University of Pittsburgh, 2017",
      "year": 2017,
      "citations": 0
    },
    {
      "title": "Error Forcing in Recurrent Neural Networks",
      "url": "https://scholar.google.com/citations?view_op=view_citation&hl=en&user=_U-Gw3gAAAAJ&citation_for_view=_U-Gw3gAAAAJ:WF5omc3nYNoC",
      "authors": "AE Sağtekin, C Bredenberg, C Savin",
      "venue": "The Thirty-ninth Annual Conference on Neural Information Processing Systems, 0",
      "citations": 0
    },
    {
      "title": "Impression learning: Online representation learning with synaptic plasticity–Appendices–",
      "url": "https://scholar.google.com/citations?view_op=view_citation&hl=en&user=_U-Gw3gAAAAJ&citation_for_view=_U-Gw3gAAAAJ:zYLM7Y9cAGgC",
      "authors": "C Bredenberg, BSH Lyo, EP Simoncelli, C Savin",
      "venue": "",
      "citations": 0
    }
  ],
  "co_authors": [
    {
      "name": "Cristina Savin",
      "scholar_id": "muNtwgcAAAAJ",
      "url": "https://scholar.google.com/citations?user=muNtwgcAAAAJ"
    },
    {
      "name": "Eero P Simoncelli",
      "scholar_id": "MplR7_cAAAAJ",
      "url": "https://scholar.google.com/citations?user=MplR7_cAAAAJ"
    },
    {
      "name": "Guillaume Lajoie",
      "scholar_id": "ifu_7_0AAAAJ",
      "url": "https://scholar.google.com/citations?user=ifu_7_0AAAAJ"
    },
    {
      "name": "Blake Richards",
      "scholar_id": "1CPY1LsAAAAJ",
      "url": "https://scholar.google.com/citations?user=1CPY1LsAAAAJ"
    },
    {
      "name": "Roozbeh Kiani",
      "scholar_id": "vVhnHm4AAAAJ",
      "url": "https://scholar.google.com/citations?user=vVhnHm4AAAAJ"
    }
  ]
}