{
  "author_info": {
    "name": "Grant Van Horn",
    "affiliation": "UMass, Amherst",
    "email_verified": "Verified email at umass.edu - Homepage",
    "website": "http://gvh.codes/",
    "interests": [
      "Computer Vision",
      "Machine Learning"
    ],
    "photo_url": "https://scholar.googleusercontent.com/citations?view_op=view_photo&user=PxYY_nsAAAAJ&citpid=2"
  },
  "citation_stats": {
    "citations_all": 7668,
    "citations_since_2020": 6755,
    "h_index_all": 21,
    "h_index_since_2020": 20,
    "i10_index_all": 30,
    "i10_index_since_2020": 30,
    "citation_graph": [
      {
        "year": 2015,
        "citations": 74
      },
      {
        "year": 2016,
        "citations": 106
      },
      {
        "year": 2017,
        "citations": 149
      },
      {
        "year": 2018,
        "citations": 213
      },
      {
        "year": 2019,
        "citations": 300
      },
      {
        "year": 2020,
        "citations": 426
      },
      {
        "year": 2021,
        "citations": 753
      },
      {
        "year": 2022,
        "citations": 991
      },
      {
        "year": 2023,
        "citations": 1389
      },
      {
        "year": 2024,
        "citations": 1566
      },
      {
        "year": 2025,
        "citations": 1618
      }
    ]
  },
  "papers": [
    {
      "title": "Improved zero-shot classification by adapting vlms with text descriptions",
      "url": "https://scholar.google.com/citations?view_op=view_citation&hl=en&user=PxYY_nsAAAAJ&citation_for_view=PxYY_nsAAAAJ:dhFuZR0502QC",
      "authors": "O Saha, G Van Horn, S Maji",
      "venue": "Proceedings of the IEEE/CVF conference on computer vision and pattern …, 2024",
      "year": 2024,
      "citations": 63
    },
    {
      "title": "Spatial implicit neural representations for global-scale species mapping",
      "url": "https://scholar.google.com/citations?view_op=view_citation&hl=en&user=PxYY_nsAAAAJ&citation_for_view=PxYY_nsAAAAJ:4DMP91E08xMC",
      "authors": "E Cole, G Van Horn, C Lange, A Shepard, P Leary, P Perona, S Loarie, ...",
      "venue": "International conference on machine learning, 6320-6342, 2023",
      "year": 2023,
      "citations": 64
    },
    {
      "title": "Perspectives in machine learning for wildlife conservation",
      "url": "https://scholar.google.com/citations?view_op=view_citation&hl=en&user=PxYY_nsAAAAJ&citation_for_view=PxYY_nsAAAAJ:kNdYIx-mwKoC",
      "authors": "D Tuia, B Kellenberger, S Beery, BR Costelloe, S Zuffi, B Risse, A Mathis, ...",
      "venue": "Nature communications 13 (1), 792, 2022",
      "year": 2022,
      "citations": 731
    },
    {
      "title": "The caltech fish counting dataset: A benchmark for multiple-object tracking and counting",
      "url": "https://scholar.google.com/citations?view_op=view_citation&hl=en&user=PxYY_nsAAAAJ&citation_for_view=PxYY_nsAAAAJ:Zph67rFs4hoC",
      "authors": "J Kay, P Kulits, S Stathatos, S Deng, E Young, S Beery, G Van Horn, ...",
      "venue": "European Conference on Computer Vision, 290-311, 2022",
      "year": 2022,
      "citations": 47
    },
    {
      "title": "Benchmarking representation learning for natural world image collections",
      "url": "https://scholar.google.com/citations?view_op=view_citation&hl=en&user=PxYY_nsAAAAJ&citation_for_view=PxYY_nsAAAAJ:8k81kl-MbHgC",
      "authors": "G Van Horn, E Cole, S Beery, K Wilber, S Belongie, O Mac Aodha",
      "venue": "Proceedings of the IEEE/CVF conference on computer vision and pattern …, 2021",
      "year": 2021,
      "citations": 234
    },
    {
      "title": "The iwildcam 2018 challenge dataset",
      "url": "https://scholar.google.com/citations?view_op=view_citation&hl=en&user=PxYY_nsAAAAJ&citation_for_view=PxYY_nsAAAAJ:LkGwnXOMwfcC",
      "authors": "S Beery, G Van Horn, O Mac Aodha, P Perona",
      "venue": "arXiv preprint arXiv:1904.05986, 2019",
      "year": 2019,
      "citations": 48
    },
    {
      "title": "The iNaturalist Species Classification and Detection Dataset",
      "url": "https://scholar.google.com/citations?view_op=view_citation&hl=en&user=PxYY_nsAAAAJ&citation_for_view=PxYY_nsAAAAJ:eQOLeE2rZwMC",
      "authors": "G Van Horn, O Mac Aodha, Y Song, Y Cui, C Sun, A Shepard, H Adam, ...",
      "venue": "Computer Vision and Pattern Recognition (CVPR), 8769-8778, 2018",
      "year": 2018,
      "citations": 1665
    },
    {
      "title": "Recognition in Terra Incognita",
      "url": "https://scholar.google.com/citations?view_op=view_citation&hl=en&user=PxYY_nsAAAAJ&citation_for_view=PxYY_nsAAAAJ:WF5omc3nYNoC",
      "authors": "S Beery, G Van Horn, P Perona",
      "venue": "European Conference on Computer Vision (ECCV), 2018",
      "year": 2018,
      "citations": 1286
    },
    {
      "title": "Oisin Mac Aodha, Yang Song, Yin Cui, Chen Sun, Alex Shepard, Hartwig Adam, Pietro Perona, and Serge Belongie. The inaturalist species classification and detection dataset",
      "url": "https://scholar.google.com/citations?view_op=view_citation&hl=en&user=PxYY_nsAAAAJ&citation_for_view=PxYY_nsAAAAJ:zYLM7Y9cAGgC",
      "authors": "G Van Horn",
      "venue": "Proceedings of the IEEE conference on computer vision and pattern …, 2018",
      "year": 2018,
      "citations": 1000
    },
    {
      "title": "Lean multiclass crowdsourcing",
      "url": "https://scholar.google.com/citations?view_op=view_citation&hl=en&user=PxYY_nsAAAAJ&citation_for_view=PxYY_nsAAAAJ:W7OEmFMy1HYC",
      "authors": "G Van Horn, S Branson, S Loarie, S Belongie, P Perona",
      "venue": "Proceedings of the IEEE Conference on Computer Vision and Pattern …, 2018",
      "year": 2018,
      "citations": 30
    },
    {
      "title": "The devil is in the tails: Fine-grained classification in the wild",
      "url": "https://scholar.google.com/citations?view_op=view_citation&hl=en&user=PxYY_nsAAAAJ&citation_for_view=PxYY_nsAAAAJ:Y0pCki6q_DkC",
      "authors": "G Van Horn, P Perona",
      "venue": "arXiv preprint arXiv:1709.01450, 2017",
      "year": 2017,
      "citations": 274
    },
    {
      "title": "Lean crowdsourcing: Combining humans and machines in an online system",
      "url": "https://scholar.google.com/citations?view_op=view_citation&hl=en&user=PxYY_nsAAAAJ&citation_for_view=PxYY_nsAAAAJ:Tyk-4Ss8FVUC",
      "authors": "S Branson, G Van Horn, P Perona",
      "venue": "Proceedings of the IEEE Conference on Computer Vision and Pattern …, 2017",
      "year": 2017,
      "citations": 65
    },
    {
      "title": "The inaturalist challenge 2017 dataset",
      "url": "https://scholar.google.com/citations?view_op=view_citation&hl=en&user=PxYY_nsAAAAJ&citation_for_view=PxYY_nsAAAAJ:ZeXyd9-uunAC",
      "authors": "GV Horn, O Mac Aodha, Y Song, A Shepard, H Adam, P Perona, ...",
      "venue": "arXiv preprint arXiv:1707.06642 20, 2017",
      "year": 2017,
      "citations": 33
    },
    {
      "title": "Building a bird recognition app and large scale dataset with citizen scientists: The fine print in fine-grained dataset collection",
      "url": "https://scholar.google.com/citations?view_op=view_citation&hl=en&user=PxYY_nsAAAAJ&citation_for_view=PxYY_nsAAAAJ:2osOgNQ5qMEC",
      "authors": "G Van Horn, S Branson, R Farrell, S Haber, J Barry, P Ipeirotis, P Perona, ...",
      "venue": "Proceedings of the IEEE Conference on Computer Vision and Pattern …, 2015",
      "year": 2015,
      "citations": 847
    },
    {
      "title": "Tropel: Crowdsourcing detectors with minimal training",
      "url": "https://scholar.google.com/citations?view_op=view_citation&hl=en&user=PxYY_nsAAAAJ&citation_for_view=PxYY_nsAAAAJ:UeHWp8X0CEIC",
      "authors": "G Patterson, G Van Horn, S Belongie, P Perona, J Hays",
      "venue": "Proceedings of the AAAI Conference on Human Computation and Crowdsourcing 3 …, 2015",
      "year": 2015,
      "citations": 34
    },
    {
      "title": "Bird species categorization using pose normalized deep convolutional nets",
      "url": "https://scholar.google.com/citations?view_op=view_citation&hl=en&user=PxYY_nsAAAAJ&citation_for_view=PxYY_nsAAAAJ:9yKSN-GCB0IC",
      "authors": "S Branson, G Van Horn, S Belongie, P Perona",
      "venue": "BMVC 2014, 2014",
      "year": 2014,
      "citations": 688
    },
    {
      "title": "Similarity comparisons for interactive fine-grained categorization",
      "url": "https://scholar.google.com/citations?view_op=view_citation&hl=en&user=PxYY_nsAAAAJ&citation_for_view=PxYY_nsAAAAJ:d1gkVwhDpl0C",
      "authors": "C Wah, G Van Horn, S Branson, S Maji, P Perona, S Belongie",
      "venue": "Proceedings of the IEEE Conference on Computer Vision and Pattern …, 2014",
      "year": 2014,
      "citations": 127
    },
    {
      "title": "The ignorant led by the blind: A hybrid human–machine vision system for fine-grained categorization",
      "url": "https://scholar.google.com/citations?view_op=view_citation&hl=en&user=PxYY_nsAAAAJ&citation_for_view=PxYY_nsAAAAJ:u-x6o8ySG0sC",
      "authors": "S Branson, G Van Horn, C Wah, P Perona, S Belongie",
      "venue": "International Journal of Computer Vision 108 (1), 3-29, 2014",
      "year": 2014,
      "citations": 108
    },
    {
      "title": "Improved bird species recognition using pose normalized deep convolutional nets",
      "url": "https://scholar.google.com/citations?view_op=view_citation&hl=en&user=PxYY_nsAAAAJ&citation_for_view=PxYY_nsAAAAJ:Wp0gIr-vW9MC",
      "authors": "S Branson, G Van Horn, P Perona, S Belongie",
      "venue": "Proceedings of the British Machine Vision Conference 2014, 87.1-87.14, 2014",
      "year": 2014,
      "citations": 65
    },
    {
      "title": "Oisin Mac Aodha, Yang Song, Yin Cui, Chen Sun, Alex Shepard, Hartwig Adam, Pietro Perona, and Serge Belongie. 2018. The inaturalist species classification and detection dataset",
      "url": "https://scholar.google.com/citations?view_op=view_citation&hl=en&user=PxYY_nsAAAAJ&citation_for_view=PxYY_nsAAAAJ:_Qo2XoVZTnwC",
      "authors": "G Van Horn",
      "venue": "Proceedings of the IEEE conference on computer vision and pattern …, 0",
      "citations": 73
    }
  ],
  "co_authors": [
    {
      "name": "Pietro Perona",
      "scholar_id": "j29kMCwAAAAJ",
      "url": "https://scholar.google.com/citations?user=j29kMCwAAAAJ"
    },
    {
      "name": "Oisin Mac Aodha",
      "scholar_id": "IfZBjkUAAAAJ",
      "url": "https://scholar.google.com/citations?user=IfZBjkUAAAAJ"
    },
    {
      "name": "Sara Beery",
      "scholar_id": "Hbr4c10AAAAJ",
      "url": "https://scholar.google.com/citations?user=Hbr4c10AAAAJ"
    },
    {
      "name": "Steve Branson",
      "scholar_id": "H6ArRNYAAAAJ",
      "url": "https://scholar.google.com/citations?user=H6ArRNYAAAAJ"
    },
    {
      "name": "Hartwig Adam",
      "scholar_id": "fWd88tEAAAAJ",
      "url": "https://scholar.google.com/citations?user=fWd88tEAAAAJ"
    },
    {
      "name": "Subhransu Maji",
      "scholar_id": "l7Qx0zAAAAAJ",
      "url": "https://scholar.google.com/citations?user=l7Qx0zAAAAAJ"
    },
    {
      "name": "Elijah Cole",
      "scholar_id": "-atuVWQAAAAJ",
      "url": "https://scholar.google.com/citations?user=-atuVWQAAAAJ"
    },
    {
      "name": "Yang Song",
      "scholar_id": "Y6L6ZYsAAAAJ",
      "url": "https://scholar.google.com/citations?user=Y6L6ZYsAAAAJ"
    },
    {
      "name": "Yin Cui",
      "scholar_id": "iP5m52IAAAAJ",
      "url": "https://scholar.google.com/citations?user=iP5m52IAAAAJ"
    },
    {
      "name": "Chen Sun",
      "scholar_id": "vQa7heEAAAAJ",
      "url": "https://scholar.google.com/citations?user=vQa7heEAAAAJ"
    },
    {
      "name": "Ryan Farrell",
      "scholar_id": "56EZh6YAAAAJ",
      "url": "https://scholar.google.com/citations?user=56EZh6YAAAAJ"
    },
    {
      "name": "Panos Ipeirotis",
      "scholar_id": "PA9La6oAAAAJ",
      "url": "https://scholar.google.com/citations?user=PA9La6oAAAAJ"
    },
    {
      "name": "Catherine Wah",
      "scholar_id": "rCDdLUsAAAAJ",
      "url": "https://scholar.google.com/citations?user=rCDdLUsAAAAJ"
    },
    {
      "name": "James Hays",
      "scholar_id": "vjZrDKQAAAAJ",
      "url": "https://scholar.google.com/citations?user=vjZrDKQAAAAJ"
    },
    {
      "name": "Genevieve Patterson",
      "scholar_id": "OogER9cAAAAJ",
      "url": "https://scholar.google.com/citations?user=OogER9cAAAAJ"
    }
  ]
}