{
  "author_info": {
    "name": "Shuangfei Zhai",
    "affiliation": "Apple, Machine Learning Research",
    "email_verified": "Verified email at apple.com - Homepage",
    "website": "https://www.linkedin.com/in/shuangfei-zhai/",
    "interests": [
      "Machine Learning",
      "Deep Learning"
    ],
    "photo_url": "https://scholar.googleusercontent.com/citations?view_op=view_photo&user=G6vdBYsAAAAJ&citpid=9"
  },
  "citation_stats": {
    "citations_all": 4245,
    "citations_since_2020": 3688,
    "h_index_all": 29,
    "h_index_since_2020": 27,
    "i10_index_all": 43,
    "i10_index_since_2020": 42,
    "citation_graph": [
      {
        "year": 2016,
        "citations": 14
      },
      {
        "year": 2017,
        "citations": 64
      },
      {
        "year": 2018,
        "citations": 170
      },
      {
        "year": 2019,
        "citations": 271
      },
      {
        "year": 2020,
        "citations": 363
      },
      {
        "year": 2021,
        "citations": 473
      },
      {
        "year": 2022,
        "citations": 490
      },
      {
        "year": 2023,
        "citations": 612
      },
      {
        "year": 2024,
        "citations": 939
      },
      {
        "year": 2025,
        "citations": 805
      }
    ]
  },
  "papers": [
    {
      "title": "Scalable pre-training of large autoregressive image models",
      "url": "https://scholar.google.com/citations?view_op=view_citation&hl=en&user=G6vdBYsAAAAJ&citation_for_view=G6vdBYsAAAAJ:R3hNpaxXUhUC",
      "authors": "A El-Nouby, M Klein, S Zhai, MA Bautista, A Toshev, V Shankar, ...",
      "venue": "arXiv preprint arXiv:2401.08541, 2024",
      "year": 2024,
      "citations": 111
    },
    {
      "title": "Control3diff: Learning controllable 3d diffusion models from single-view images",
      "url": "https://scholar.google.com/citations?view_op=view_citation&hl=en&user=G6vdBYsAAAAJ&citation_for_view=G6vdBYsAAAAJ:r0BpntZqJG4C",
      "authors": "J Gu, Q Gao, S Zhai, B Chen, L Liu, J Susskind",
      "venue": "2024 International Conference on 3D Vision (3DV), 685-696, 2024",
      "year": 2024,
      "citations": 47
    },
    {
      "title": "Stabilizing transformer training by preventing attention entropy collapse",
      "url": "https://scholar.google.com/citations?view_op=view_citation&hl=en&user=G6vdBYsAAAAJ&citation_for_view=G6vdBYsAAAAJ:qUcmZB5y_30C",
      "authors": "S Zhai, T Likhomanenko, E Littwin, D Busbridge, J Ramapuram, Y Zhang, ...",
      "venue": "International Conference on Machine Learning, 40770-40803, 2023",
      "year": 2023,
      "citations": 123
    },
    {
      "title": "Tract: Denoising diffusion models with transitive closure time-distillation",
      "url": "https://scholar.google.com/citations?view_op=view_citation&hl=en&user=G6vdBYsAAAAJ&citation_for_view=G6vdBYsAAAAJ:IWHjjKOFINEC",
      "authors": "D Berthelot, A Autef, J Lin, DA Yap, S Zhai, S Hu, D Zheng, W Talbott, ...",
      "venue": "arXiv preprint arXiv:2303.04248, 2023",
      "year": 2023,
      "citations": 122
    },
    {
      "title": "Boot: Data-free distillation of denoising diffusion models with bootstrapping",
      "url": "https://scholar.google.com/citations?view_op=view_citation&hl=en&user=G6vdBYsAAAAJ&citation_for_view=G6vdBYsAAAAJ:mB3voiENLucC",
      "authors": "J Gu, S Zhai, Y Zhang, L Liu, JM Susskind",
      "venue": "ICML 2023 Workshop on Structured Probabilistic Inference {\\&} Generative …, 2023",
      "year": 2023,
      "citations": 82
    },
    {
      "title": "Matryoshka diffusion models",
      "url": "https://scholar.google.com/citations?view_op=view_citation&hl=en&user=G6vdBYsAAAAJ&citation_for_view=G6vdBYsAAAAJ:TQgYirikUcIC",
      "authors": "J Gu, S Zhai, Y Zhang, J Susskind, N Jaitly",
      "venue": "arXiv preprint arXiv:2310.15111, 2023",
      "year": 2023,
      "citations": 77
    },
    {
      "title": "Gaudi: A neural architect for immersive 3d scene generation",
      "url": "https://scholar.google.com/citations?view_op=view_citation&hl=en&user=G6vdBYsAAAAJ&citation_for_view=G6vdBYsAAAAJ:7PzlFSSx8tAC",
      "authors": "MA Bautista, P Guo, S Abnar, W Talbott, A Toshev, Z Chen, L Dinh, S Zhai, ...",
      "venue": "Advances in Neural Information Processing Systems 35, 25102-25116, 2022",
      "year": 2022,
      "citations": 169
    },
    {
      "title": "The slingshot mechanism: An empirical study of adaptive optimizers and the grokking phenomenon",
      "url": "https://scholar.google.com/citations?view_op=view_citation&hl=en&user=G6vdBYsAAAAJ&citation_for_view=G6vdBYsAAAAJ:QIV2ME_5wuYC",
      "authors": "V Thilak, E Littwin, S Zhai, O Saremi, R Paiss, J Susskind",
      "venue": "arXiv preprint arXiv:2206.04817, 2022",
      "year": 2022,
      "citations": 65
    },
    {
      "title": "Semisupervised autoencoder for sentiment analysis",
      "url": "https://scholar.google.com/citations?view_op=view_citation&hl=en&user=G6vdBYsAAAAJ&citation_for_view=G6vdBYsAAAAJ:roLk4NBRz8UC",
      "authors": "Z Zhang, S Zhai",
      "venue": "US Patent 11,205,103, 2021",
      "year": 2021,
      "citations": 317
    },
    {
      "title": "Uncertainty weighted actor-critic for offline reinforcement learning",
      "url": "https://scholar.google.com/citations?view_op=view_citation&hl=en&user=G6vdBYsAAAAJ&citation_for_view=G6vdBYsAAAAJ:_kc_bZDykSQC",
      "authors": "Y Wu, S Zhai, N Srivastava, J Susskind, J Zhang, R Salakhutdinov, H Goh",
      "venue": "arXiv preprint arXiv:2105.08140, 2021",
      "year": 2021,
      "citations": 253
    },
    {
      "title": "An attention free transformer",
      "url": "https://scholar.google.com/citations?view_op=view_citation&hl=en&user=G6vdBYsAAAAJ&citation_for_view=G6vdBYsAAAAJ:4TOpqqG69KYC",
      "authors": "S Zhai, W Talbott, N Srivastava, C Huang, H Goh, R Zhang, J Susskind",
      "venue": "arXiv preprint arXiv:2105.14103, 2021",
      "year": 2021,
      "citations": 197
    },
    {
      "title": "Addressing the loss-metric mismatch with adaptive loss alignment",
      "url": "https://scholar.google.com/citations?view_op=view_citation&hl=en&user=G6vdBYsAAAAJ&citation_for_view=G6vdBYsAAAAJ:UebtZRa9Y70C",
      "authors": "C Huang, S Zhai, W Talbott, MB Martin, SY Sun, C Guestrin, J Susskind",
      "venue": "International conference on machine learning, 2891-2900, 2019",
      "year": 2019,
      "citations": 103
    },
    {
      "title": "Boosting deep learning risk prediction with generative adversarial networks for electronic health records",
      "url": "https://scholar.google.com/citations?view_op=view_citation&hl=en&user=G6vdBYsAAAAJ&citation_for_view=G6vdBYsAAAAJ:_FxGoFyzp5QC",
      "authors": "Z Che, Y Cheng, S Zhai, Z Sun, Y Liu",
      "venue": "2017 IEEE International Conference on Data Mining (ICDM), 787-792, 2017",
      "year": 2017,
      "citations": 260
    },
    {
      "title": "Identifying Relevant Content Items using a Deep-Structured Neural Network",
      "url": "https://scholar.google.com/citations?view_op=view_citation&hl=en&user=G6vdBYsAAAAJ&citation_for_view=G6vdBYsAAAAJ:ufrVoPGSRksC",
      "authors": "KH Chang, R Zhang, S Zhai",
      "venue": "US Patent App. 14/926,617, 2017",
      "year": 2017,
      "citations": 76
    },
    {
      "title": "Deep Structured Energy Based Models for Anomaly Detection",
      "url": "https://scholar.google.com/citations?view_op=view_citation&hl=en&user=G6vdBYsAAAAJ&citation_for_view=G6vdBYsAAAAJ:qjMakFHDy7sC",
      "authors": "S Zhai, Y Cheng, W Lu, Z Zhang",
      "venue": "ICML 2016, 2016",
      "year": 2016,
      "citations": 586
    },
    {
      "title": "Fully-adaptive Feature Sharing in Multi-Task Networks with Applications in Person Attribute Classification",
      "url": "https://scholar.google.com/citations?view_op=view_citation&hl=en&user=G6vdBYsAAAAJ&citation_for_view=G6vdBYsAAAAJ:YsMSGLbcyi4C",
      "authors": "Y Lu, A Kumar, S Zhai, Y Cheng, T Javidi, R Feris",
      "venue": "CVPR 2017, 2016",
      "year": 2016,
      "citations": 547
    },
    {
      "title": "DeepIntent: Learning Attentions for Online Advertising with Recurrent Neural Networks",
      "url": "https://scholar.google.com/citations?view_op=view_citation&hl=en&user=G6vdBYsAAAAJ&citation_for_view=G6vdBYsAAAAJ:UeHWp8X0CEIC",
      "authors": "S Zhai, K Chang, R Zhang, ZM Zhang",
      "venue": "KDD 2016, 2016",
      "year": 2016,
      "citations": 142
    },
    {
      "title": "S3Pool: Pooling with Stochastic Spatial Sampling",
      "url": "https://scholar.google.com/citations?view_op=view_citation&hl=en&user=G6vdBYsAAAAJ&citation_for_view=G6vdBYsAAAAJ:W7OEmFMy1HYC",
      "authors": "S Zhai, H Wu, A Kumar, Y Cheng, Y Lu, Z Zhang, R Feris",
      "venue": "CVPR 2017, 2016",
      "year": 2016,
      "citations": 113
    },
    {
      "title": "Doubly Convolutional Neural Networks",
      "url": "https://scholar.google.com/citations?view_op=view_citation&hl=en&user=G6vdBYsAAAAJ&citation_for_view=G6vdBYsAAAAJ:zYLM7Y9cAGgC",
      "authors": "S Zhai, Y Cheng, W Lu, Z Zhang",
      "venue": "NIPS 2016, 2016",
      "year": 2016,
      "citations": 96
    },
    {
      "title": "Semisupervised Autoencoder for Sentiment Analysis",
      "url": "https://scholar.google.com/citations?view_op=view_citation&hl=en&user=G6vdBYsAAAAJ&citation_for_view=G6vdBYsAAAAJ:9yKSN-GCB0IC",
      "authors": "S Zhai, Z Zhang",
      "venue": "AAAI 2016, 2016",
      "year": 2016,
      "citations": 84
    }
  ],
  "co_authors": [
    {
      "name": "Joshua M Susskind",
      "scholar_id": "Sv2TGqsAAAAJ",
      "url": "https://scholar.google.com/citations?user=Sv2TGqsAAAAJ"
    },
    {
      "name": "Zhongfei (Mark) Zhang",
      "scholar_id": "RM7y-rcAAAAJ",
      "url": "https://scholar.google.com/citations?user=RM7y-rcAAAAJ"
    },
    {
      "name": "Jiatao Gu",
      "scholar_id": "cB1mFBsAAAAJ",
      "url": "https://scholar.google.com/citations?user=cB1mFBsAAAAJ"
    },
    {
      "name": "Yizhe Zhang",
      "scholar_id": "WDVMfggAAAAJ",
      "url": "https://scholar.google.com/citations?user=WDVMfggAAAAJ"
    },
    {
      "name": "Walter A Talbott",
      "scholar_id": "Wf4sG10AAAAJ",
      "url": "https://scholar.google.com/citations?user=Wf4sG10AAAAJ"
    },
    {
      "name": "Yu Cheng",
      "scholar_id": "ORPxbV4AAAAJ",
      "url": "https://scholar.google.com/citations?user=ORPxbV4AAAAJ"
    },
    {
      "name": "Navdeep Jaitly",
      "scholar_id": "kjMNMLkAAAAJ",
      "url": "https://scholar.google.com/citations?user=kjMNMLkAAAAJ"
    },
    {
      "name": "Hanlin Goh",
      "scholar_id": "B_5DFeMAAAAJ",
      "url": "https://scholar.google.com/citations?user=B_5DFeMAAAAJ"
    },
    {
      "name": "Ruixiang Zhang",
      "scholar_id": "VQYdApgAAAAJ",
      "url": "https://scholar.google.com/citations?user=VQYdApgAAAAJ"
    },
    {
      "name": "Miguel Angel Bautista",
      "scholar_id": "ZrRs-qoAAAAJ",
      "url": "https://scholar.google.com/citations?user=ZrRs-qoAAAAJ"
    },
    {
      "name": "Nitish Srivastava",
      "scholar_id": "s1PgoeUAAAAJ",
      "url": "https://scholar.google.com/citations?user=s1PgoeUAAAAJ"
    },
    {
      "name": "Etai Littwin",
      "scholar_id": "NOVS7vwAAAAJ",
      "url": "https://scholar.google.com/citations?user=NOVS7vwAAAAJ"
    },
    {
      "name": "Rogerio Feris",
      "scholar_id": "xt3XLjcAAAAJ",
      "url": "https://scholar.google.com/citations?user=xt3XLjcAAAAJ"
    },
    {
      "name": "David Berthelot",
      "scholar_id": "46--eogAAAAJ",
      "url": "https://scholar.google.com/citations?user=46--eogAAAAJ"
    },
    {
      "name": "Abhishek Kumar",
      "scholar_id": "6vghMS0AAAAJ",
      "url": "https://scholar.google.com/citations?user=6vghMS0AAAAJ"
    },
    {
      "name": "Tianrong Chen",
      "scholar_id": "r9D3Fg50gMoC",
      "url": "https://scholar.google.com/citations?user=r9D3Fg50gMoC"
    },
    {
      "name": "Dan Busbridge",
      "scholar_id": "CvA9jjMAAAAJ",
      "url": "https://scholar.google.com/citations?user=CvA9jjMAAAAJ"
    },
    {
      "name": "Carlos Guestrin",
      "scholar_id": "DpLFv4gAAAAJ",
      "url": "https://scholar.google.com/citations?user=DpLFv4gAAAAJ"
    },
    {
      "name": "Jason Ramapuram",
      "scholar_id": "U-MT4IsAAAAJ",
      "url": "https://scholar.google.com/citations?user=U-MT4IsAAAAJ"
    },
    {
      "name": "Tatiana Likhomanenko",
      "scholar_id": "x7Z3ysQAAAAJ",
      "url": "https://scholar.google.com/citations?user=x7Z3ysQAAAAJ"
    }
  ]
}