{
  "author_info": {
    "name": "Liangliang Shi",
    "affiliation": "Assistant Professor, Shanghai Institute for Mathematics and Interdisciplinary Sciences (SIMIS)",
    "email_verified": "Verified email at simis.cn",
    "interests": [
      "Optimal Transport",
      "Diffusion Models",
      "Combinatorial optimization"
    ],
    "photo_url": "https://scholar.googleusercontent.com/citations?view_op=view_photo&user=Qf1k8lUAAAAJ&citpid=1"
  },
  "citation_stats": {
    "citations_all": 225,
    "citations_since_2020": 216,
    "h_index_all": 8,
    "h_index_since_2020": 8,
    "i10_index_all": 8,
    "i10_index_since_2020": 8,
    "citation_graph": [
      {
        "year": 2019,
        "citations": 9
      },
      {
        "year": 2020,
        "citations": 10
      },
      {
        "year": 2021,
        "citations": 17
      },
      {
        "year": 2022,
        "citations": 21
      },
      {
        "year": 2023,
        "citations": 36
      },
      {
        "year": 2024,
        "citations": 59
      },
      {
        "year": 2025,
        "citations": 73
      }
    ]
  },
  "papers": [
    {
      "title": "SelKD: Selective Knowledge Distillation via Optimal Transport Perspective",
      "url": "https://scholar.google.com/citations?view_op=view_citation&hl=en&user=Qf1k8lUAAAAJ&citation_for_view=Qf1k8lUAAAAJ:roLk4NBRz8UC",
      "authors": "L Shi, Z Shi, J Yan",
      "venue": "The Thirteenth International Conference on Learning Representations, 2025",
      "year": 2025,
      "citations": 2
    },
    {
      "title": "Optimal Flow Transport and its Entropic Regularization: a GPU-friendly Matrix Iterative Algorithm for Flow Balance Satisfaction",
      "url": "https://scholar.google.com/citations?view_op=view_citation&hl=en&user=Qf1k8lUAAAAJ&citation_for_view=Qf1k8lUAAAAJ:Se3iqnhoufwC",
      "authors": "L Shi, Y Li, K Zeng, Y Tu, J Yan",
      "venue": "The Thirteenth International Conference on Learning Representations, 2025",
      "year": 2025,
      "citations": 1
    },
    {
      "title": "BiQAP: Neural Bi-level Optimization-based Framework for Solving Quadratic Assignment Problems",
      "url": "https://scholar.google.com/citations?view_op=view_citation&hl=en&user=Qf1k8lUAAAAJ&citation_for_view=Qf1k8lUAAAAJ:0EnyYjriUFMC",
      "authors": "L Shi, H Zhang, S Shen, C Meng, W Wang, J Yan",
      "venue": "Proceedings of the 31st ACM SIGKDD Conference on Knowledge Discovery and …, 2025",
      "year": 2025,
      "citations": 0
    },
    {
      "title": "Yes or No: Active Learning with Binary Feedback for Efficient Label Acquisition",
      "url": "https://scholar.google.com/citations?view_op=view_citation&hl=en&user=Qf1k8lUAAAAJ&citation_for_view=Qf1k8lUAAAAJ:5nxA0vEk-isC",
      "authors": "H Lu, C Zhong, H Ruan, M Qian, X Zuo, L Shi",
      "venue": "International Conference on Intelligent Computing, 273-284, 2025",
      "year": 2025,
      "citations": 0
    },
    {
      "title": "OT-CLIP: Understanding and Generalizing CLIP via Optimal Transport",
      "url": "https://scholar.google.com/citations?view_op=view_citation&hl=en&user=Qf1k8lUAAAAJ&citation_for_view=Qf1k8lUAAAAJ:WF5omc3nYNoC",
      "authors": "L Shi, J Fan, J Yan",
      "venue": "Forty-first International Conference on Machine Learning, 2024",
      "year": 2024,
      "citations": 13
    },
    {
      "title": "Double-Bounded Optimal Transport for Advanced Clustering and Classification",
      "url": "https://scholar.google.com/citations?view_op=view_citation&hl=en&user=Qf1k8lUAAAAJ&citation_for_view=Qf1k8lUAAAAJ:2osOgNQ5qMEC",
      "authors": "L Shi, Z Shen, J Yan",
      "venue": "Association for the Advancement of Artificial Intelligence, 2024",
      "year": 2024,
      "citations": 10
    },
    {
      "title": "Routing evidence for unseen actions in video moment retrieval",
      "url": "https://scholar.google.com/citations?view_op=view_citation&hl=en&user=Qf1k8lUAAAAJ&citation_for_view=Qf1k8lUAAAAJ:ufrVoPGSRksC",
      "authors": "G Wang, X Wu, Z Qin, L Shi",
      "venue": "Proceedings of the 30th ACM SIGKDD conference on knowledge discovery and …, 2024",
      "year": 2024,
      "citations": 5
    },
    {
      "title": "Understanding and generalizing contrastive learning from the inverse optimal transport perspective",
      "url": "https://scholar.google.com/citations?view_op=view_citation&hl=en&user=Qf1k8lUAAAAJ&citation_for_view=Qf1k8lUAAAAJ:UeHWp8X0CEIC",
      "authors": "L Shi, G Zhang, H Zhen, J Fan, J Yan",
      "venue": "International conference on machine learning, 31408-31421, 2023",
      "year": 2023,
      "citations": 27
    },
    {
      "title": "Iid-gan: an iid sampling perspective for regularizing mode collapse",
      "url": "https://scholar.google.com/citations?view_op=view_citation&hl=en&user=Qf1k8lUAAAAJ&citation_for_view=Qf1k8lUAAAAJ:Y0pCki6q_DkC",
      "authors": "Y Li*, L Shi*, J Yan",
      "venue": "International Joint Conferences on Artificial Intelligence 2023, 2023",
      "year": 2023,
      "citations": 19
    },
    {
      "title": "Relative entropic optimal transport: a (prior-aware) matching perspective to (unbalanced) classification",
      "url": "https://scholar.google.com/citations?view_op=view_citation&hl=en&user=Qf1k8lUAAAAJ&citation_for_view=Qf1k8lUAAAAJ:qjMakFHDy7sC",
      "authors": "L Shi, H Zhen, G Zhang, J Yan",
      "venue": "Advances in Neural Information Processing Systems 36, 22085-22098, 2023",
      "year": 2023,
      "citations": 13
    },
    {
      "title": "Adaptive Semi-Supervised Mixup with Implicit Label Learning and Sample Ratio Balancing",
      "url": "https://scholar.google.com/citations?view_op=view_citation&hl=en&user=Qf1k8lUAAAAJ&citation_for_view=Qf1k8lUAAAAJ:Tyk-4Ss8FVUC",
      "authors": "Y Su, L Shi, Z Feng, P Chu, J Yan",
      "venue": "2023 IEEE International Conference on Image Processing (ICIP), 430-434, 2023",
      "year": 2023,
      "citations": 0
    },
    {
      "title": "Improving generative adversarial networks via adversarial learning in latent space",
      "url": "https://scholar.google.com/citations?view_op=view_citation&hl=en&user=Qf1k8lUAAAAJ&citation_for_view=Qf1k8lUAAAAJ:IjCSPb-OGe4C",
      "authors": "Y Li, Y Mo, L Shi, J Yan",
      "venue": "Advances in neural information processing systems 35, 8868-8881, 2022",
      "year": 2022,
      "citations": 35
    },
    {
      "title": "Automix: Mixup networks for sample interpolation via cooperative barycenter learning",
      "url": "https://scholar.google.com/citations?view_op=view_citation&hl=en&user=Qf1k8lUAAAAJ&citation_for_view=Qf1k8lUAAAAJ:d1gkVwhDpl0C",
      "authors": "J Zhu, L Shi, J Yan, H Zha",
      "venue": "European conference on computer vision, 633-649, 2020",
      "year": 2020,
      "citations": 37
    },
    {
      "title": "Causality Learning from Time Series Data for the Industrial Finance Analysis via the Multi-Dimensional Point Process.",
      "url": "https://scholar.google.com/citations?view_op=view_citation&hl=en&user=Qf1k8lUAAAAJ&citation_for_view=Qf1k8lUAAAAJ:zYLM7Y9cAGgC",
      "authors": "L Shi, P Lu, J Yan",
      "venue": "Intelligent Automation & Soft Computing 26 (5), 2020",
      "year": 2020,
      "citations": 8
    },
    {
      "title": "Improving Maximum Likelihood Estimation of Temporal Point Process via Discriminative and Adversarial Learning.",
      "url": "https://scholar.google.com/citations?view_op=view_citation&hl=en&user=Qf1k8lUAAAAJ&citation_for_view=Qf1k8lUAAAAJ:eQOLeE2rZwMC",
      "authors": "J Yan, X Liu, L Shi, C Li, H Zha",
      "venue": "IJCAI, 2948-2954, 2018",
      "year": 2018,
      "citations": 55
    },
    {
      "title": "DSBRouter: End-to-end Global Routing via Diffusion Schr\\\"{o} dinger Bridge",
      "url": "https://scholar.google.com/citations?view_op=view_citation&hl=en&user=Qf1k8lUAAAAJ&citation_for_view=Qf1k8lUAAAAJ:hqOjcs7Dif8C",
      "authors": "L Shi, S Zhang, X Du, N Yang, J Yan",
      "venue": "Forty-second International Conference on Machine Learning, 0",
      "citations": 0
    }
  ],
  "co_authors": [
    {
      "name": "Junchi Yan",
      "scholar_id": "ga230VoAAAAJ",
      "url": "https://scholar.google.com/citations?user=ga230VoAAAAJ"
    }
  ]
}