{
  "author_info": {
    "name": "Hyolim Jeon",
    "affiliation": "Woori Bank",
    "email_verified": "Verified email at g.skku.edu - Homepage",
    "website": "https://www.linkedin.com/in/hyolim-jeon-3b9816296/",
    "interests": [
      "Deep Learning",
      "Natural Language Processing"
    ],
    "photo_url": "https://scholar.googleusercontent.com/citations?view_op=view_photo&user=lOf_d_AAAAAJ&citpid=2"
  },
  "citation_stats": {
    "citations_all": 33,
    "citations_since_2020": 33,
    "h_index_all": 4,
    "h_index_since_2020": 4,
    "i10_index_all": 0,
    "i10_index_since_2020": 0,
    "citation_graph": [
      {
        "year": 2024,
        "citations": 5
      },
      {
        "year": 2025,
        "citations": 28
      }
    ]
  },
  "papers": [
    {
      "title": "Recent Trends and Future Directions in Multimodal Artificial Intelligence for Supporting Language Disorders",
      "url": "https://scholar.google.com/citations?view_op=view_citation&hl=en&user=lOf_d_AAAAAJ&citation_for_view=lOf_d_AAAAAJ:zYLM7Y9cAGgC",
      "authors": "J Han, S Kim, D Lee, C Kang, H Jeon",
      "venue": "Korean Institute of Information Scientists and Engineers 43 (2), 9-15, 2025",
      "year": 2025,
      "citations": 0
    },
    {
      "title": "CURE: Context-and uncertainty-aware mental disorder detection",
      "url": "https://scholar.google.com/citations?view_op=view_citation&hl=en&user=lOf_d_AAAAAJ&citation_for_view=lOf_d_AAAAAJ:UeHWp8X0CEIC",
      "authors": "M Kang, G Choi, H Jeon, JH An, D Choi, J Han",
      "venue": "Proceedings of the 2024 Conference on Empirical Methods in Natural Language …, 2024",
      "year": 2024,
      "citations": 8
    },
    {
      "title": "Sejung Son, Seungbae Kim, and Jinyoung Han. 2024. A Dual-Prompting for Interpretable Mental Health Language Models",
      "url": "https://scholar.google.com/citations?view_op=view_citation&hl=en&user=lOf_d_AAAAAJ&citation_for_view=lOf_d_AAAAAJ:Y0pCki6q_DkC",
      "authors": "H Jeon, D Yoo, D Lee",
      "venue": "arXiv preprint arXiv:2402.14854, 2024",
      "year": 2024,
      "citations": 6
    },
    {
      "title": "A Dual-Prompting for Interpretable Mental Health Language Models",
      "url": "https://scholar.google.com/citations?view_op=view_citation&hl=en&user=lOf_d_AAAAAJ&citation_for_view=lOf_d_AAAAAJ:9yKSN-GCB0IC",
      "authors": "H Jeon, D Yoo, D Lee, S Son, S Kim, J Han",
      "venue": "Proceedings of the 9th Workshop on Computational Linguistics and Clinical …, 2024",
      "year": 2024,
      "citations": 5
    },
    {
      "title": "Detecting bipolar disorder from misdiagnosed major depressive disorder with mood-aware multi-task learning",
      "url": "https://scholar.google.com/citations?view_op=view_citation&hl=en&user=lOf_d_AAAAAJ&citation_for_view=lOf_d_AAAAAJ:2osOgNQ5qMEC",
      "authors": "D Lee, H Jeon, S Son, C Park, JH An, S Kim, J Han",
      "venue": "Proceedings of the 2024 Conference of the North American Chapter of the …, 2024",
      "year": 2024,
      "citations": 4
    },
    {
      "title": "Towards suicide prevention from bipolar disorder with temporal symptom-aware multitask learning",
      "url": "https://scholar.google.com/citations?view_op=view_citation&hl=en&user=lOf_d_AAAAAJ&citation_for_view=lOf_d_AAAAAJ:d1gkVwhDpl0C",
      "authors": "D Lee, S Son, H Jeon, S Kim, J Han",
      "venue": "Proceedings of the 29th ACM SIGKDD conference on knowledge discovery and …, 2023",
      "year": 2023,
      "citations": 7
    },
    {
      "title": "Learning Co-Speech Gesture for Multimodal Aphasia Type Detection",
      "url": "https://scholar.google.com/citations?view_op=view_citation&hl=en&user=lOf_d_AAAAAJ&citation_for_view=lOf_d_AAAAAJ:u-x6o8ySG0sC",
      "authors": "D Lee, S Son, H Jeon, S Kim, J Han",
      "venue": "Proceedings of the 2023 Conference on Empirical Methods in Natural Language …, 2023",
      "year": 2023,
      "citations": 3
    },
    {
      "title": "A Study on Ensemble Model for Predicting Prompts in Images generated by Diffusion Model",
      "url": "https://scholar.google.com/citations?view_op=view_citation&hl=en&user=lOf_d_AAAAAJ&citation_for_view=lOf_d_AAAAAJ:qjMakFHDy7sC",
      "authors": "C Park, M Yang, J Kim, M Kim, M Cho, H Jeon, K Eun, J Han",
      "venue": "한국방송미디어공학회 학술발표대회 논문집, 993-996, 2023",
      "year": 2023,
      "citations": 0
    }
  ],
  "co_authors": [
    {
      "name": "Jinyoung Han",
      "scholar_id": "4rkPSC8AAAAJ",
      "url": "https://scholar.google.com/citations?user=4rkPSC8AAAAJ"
    },
    {
      "name": "Daeun Lee",
      "scholar_id": "p_AZi1QAAAAJ",
      "url": "https://scholar.google.com/citations?user=p_AZi1QAAAAJ"
    },
    {
      "name": "Sejung Son",
      "scholar_id": "oousrI0AAAAJ",
      "url": "https://scholar.google.com/citations?user=oousrI0AAAAJ"
    },
    {
      "name": "Seungbae Kim",
      "scholar_id": "gFZlotAAAAAJ",
      "url": "https://scholar.google.com/citations?user=gFZlotAAAAAJ"
    },
    {
      "name": "Ji Hyun An",
      "scholar_id": "_dJHk6EAAAAJ",
      "url": "https://scholar.google.com/citations?user=_dJHk6EAAAAJ"
    },
    {
      "name": "Daejin Choi",
      "scholar_id": "kEX5OAoAAAAJ",
      "url": "https://scholar.google.com/citations?user=kEX5OAoAAAAJ"
    },
    {
      "name": "Migyeong Kang",
      "scholar_id": "3GAeEVIAAAAJ",
      "url": "https://scholar.google.com/citations?user=3GAeEVIAAAAJ"
    },
    {
      "name": "Goun Choi",
      "scholar_id": "p_nNuWQAAAAJ",
      "url": "https://scholar.google.com/citations?user=p_nNuWQAAAAJ"
    }
  ]
}