{
  "author_info": {
    "name": "Alon Cohen",
    "affiliation": "Tel-Aviv University and Google",
    "email_verified": "Verified email at google.com - Homepage",
    "website": "https://sites.google.com/site/aloncohentechnion/",
    "interests": [
      "Machine Learning"
    ],
    "photo_url": "https://scholar.googleusercontent.com/citations?view_op=view_photo&user=shoYR_AAAAAJ&citpid=2"
  },
  "citation_stats": {
    "citations_all": 1700,
    "citations_since_2020": 1640,
    "h_index_all": 16,
    "h_index_since_2020": 16,
    "i10_index_all": 18,
    "i10_index_since_2020": 18,
    "citation_graph": [
      {
        "year": 2016,
        "citations": 5
      },
      {
        "year": 2017,
        "citations": 5
      },
      {
        "year": 2018,
        "citations": 9
      },
      {
        "year": 2019,
        "citations": 39
      },
      {
        "year": 2020,
        "citations": 104
      },
      {
        "year": 2021,
        "citations": 155
      },
      {
        "year": 2022,
        "citations": 244
      },
      {
        "year": 2023,
        "citations": 325
      },
      {
        "year": 2024,
        "citations": 405
      },
      {
        "year": 2025,
        "citations": 400
      }
    ]
  },
  "papers": [
    {
      "title": "Rate-optimal policy optimization for linear markov decision processes",
      "url": "https://scholar.google.com/citations?view_op=view_citation&hl=en&user=shoYR_AAAAAJ&citation_for_view=shoYR_AAAAAJ:9ZlFYXVOiuMC",
      "authors": "U Sherman, A Cohen, T Koren, Y Mansour",
      "venue": "International Conference on Machine Learning, 2024, 2024",
      "year": 2024,
      "citations": 16
    },
    {
      "title": "Efficient rate optimal regret for adversarial contextual mdps using online function approximation",
      "url": "https://scholar.google.com/citations?view_op=view_citation&hl=en&user=shoYR_AAAAAJ&citation_for_view=shoYR_AAAAAJ:qxL8FJ1GzNcC",
      "authors": "O Levy, A Cohen, A Cassel, Y Mansour",
      "venue": "International Conference on Machine Learning, 19287-19314, 2023",
      "year": 2023,
      "citations": 11
    },
    {
      "title": "Shared computational principles for language processing in humans and deep language models",
      "url": "https://scholar.google.com/citations?view_op=view_citation&hl=en&user=shoYR_AAAAAJ&citation_for_view=shoYR_AAAAAJ:Zph67rFs4hoC",
      "authors": "A Goldstein, Z Zada, E Buchnik, M Schain, A Price, B Aubrey, SA Nastase, ...",
      "venue": "Nature neuroscience 25 (3), 369-380, 2022",
      "year": 2022,
      "citations": 590
    },
    {
      "title": "Learning approximately optimal contracts",
      "url": "https://scholar.google.com/citations?view_op=view_citation&hl=en&user=shoYR_AAAAAJ&citation_for_view=shoYR_AAAAAJ:YOwf2qJgpHMC",
      "authors": "A Cohen, A Deligkas, M Koren",
      "venue": "International Symposium on Algorithmic Game Theory, 331-346, 2022",
      "year": 2022,
      "citations": 38
    },
    {
      "title": "Rate-optimal online convex optimization in adaptive linear control",
      "url": "https://scholar.google.com/citations?view_op=view_citation&hl=en&user=shoYR_AAAAAJ&citation_for_view=shoYR_AAAAAJ:ULOm3_A8WrAC",
      "authors": "AB Cassel, A Peled-Cohen, T Koren",
      "venue": "Advances in Neural Information Processing Systems 35, 7410-7422, 2022",
      "year": 2022,
      "citations": 8
    },
    {
      "title": "Learning and evaluating a differentially private pre-trained language model",
      "url": "https://scholar.google.com/citations?view_op=view_citation&hl=en&user=shoYR_AAAAAJ&citation_for_view=shoYR_AAAAAJ:5nxA0vEk-isC",
      "authors": "S Hoory, A Feder, A Tendler, S Erell, A Peled-Cohen, I Laish, H Nakhost, ...",
      "venue": "Findings of the Association for Computational Linguistics: EMNLP 2021, 1178-1189, 2021",
      "year": 2021,
      "citations": 99
    },
    {
      "title": "Asynchronous stochastic optimization robust to arbitrary delays",
      "url": "https://scholar.google.com/citations?view_op=view_citation&hl=en&user=shoYR_AAAAAJ&citation_for_view=shoYR_AAAAAJ:MXK_kJrjxJIC",
      "authors": "A Cohen, A Daniely, Y Drori, T Koren, M Schain",
      "venue": "Advances in Neural Information Processing Systems 34, 9024-9035, 2021",
      "year": 2021,
      "citations": 47
    },
    {
      "title": "Minimax regret for stochastic shortest path",
      "url": "https://scholar.google.com/citations?view_op=view_citation&hl=en&user=shoYR_AAAAAJ&citation_for_view=shoYR_AAAAAJ:0EnyYjriUFMC",
      "authors": "A Cohen, Y Efroni, Y Mansour, A Rosenberg",
      "venue": "Advances in neural information processing systems 34, 28350-28361, 2021",
      "year": 2021,
      "citations": 39
    },
    {
      "title": "Online markov decision processes with aggregate bandit feedback",
      "url": "https://scholar.google.com/citations?view_op=view_citation&hl=en&user=shoYR_AAAAAJ&citation_for_view=shoYR_AAAAAJ:hqOjcs7Dif8C",
      "authors": "A Cohen, H Kaplan, T Koren, Y Mansour",
      "venue": "Conference on Learning Theory, 1301-1329, 2021",
      "year": 2021,
      "citations": 11
    },
    {
      "title": "Logarithmic regret for learning linear quadratic regulators efficiently",
      "url": "https://scholar.google.com/citations?view_op=view_citation&hl=en&user=shoYR_AAAAAJ&citation_for_view=shoYR_AAAAAJ:LkGwnXOMwfcC",
      "authors": "A Cassel, A Cohen, T Koren",
      "venue": "International Conference on Machine Learning, 1328-1337, 2020",
      "year": 2020,
      "citations": 88
    },
    {
      "title": "Near-optimal regret bounds for stochastic shortest path",
      "url": "https://scholar.google.com/citations?view_op=view_citation&hl=en&user=shoYR_AAAAAJ&citation_for_view=shoYR_AAAAAJ:roLk4NBRz8UC",
      "authors": "A Cohen, H Kaplan, Y Mansour, A Rosenberg",
      "venue": "International Conference on Machine Learning, 2020, 2020",
      "year": 2020,
      "citations": 66
    },
    {
      "title": "Apprenticeship learning via frank-wolfe",
      "url": "https://scholar.google.com/citations?view_op=view_citation&hl=en&user=shoYR_AAAAAJ&citation_for_view=shoYR_AAAAAJ:ufrVoPGSRksC",
      "authors": "T Zahavy, A Cohen, H Kaplan, Y Mansour",
      "venue": "Proceedings of the AAAI Conference on Artificial Intelligence 34 (04), 6720-6728, 2020",
      "year": 2020,
      "citations": 19
    },
    {
      "title": "Unknown mixing times in apprenticeship and reinforcement learning",
      "url": "https://scholar.google.com/citations?view_op=view_citation&hl=en&user=shoYR_AAAAAJ&citation_for_view=shoYR_AAAAAJ:Se3iqnhoufwC",
      "authors": "T Zahavy, A Cohen, H Kaplan, Y Mansour",
      "venue": "Conference on Uncertainty in Artificial Intelligence, 430-439, 2020",
      "year": 2020,
      "citations": 18
    },
    {
      "title": "Learning Linear-Quadratic Regulators Efficiently with only $\\sqrtT $ Regret",
      "url": "https://scholar.google.com/citations?view_op=view_citation&hl=en&user=shoYR_AAAAAJ&citation_for_view=shoYR_AAAAAJ:eQOLeE2rZwMC",
      "authors": "A Cohen, T Koren, Y Mansour",
      "venue": "International Conference on Machine Learning, 1300-1309, 2019",
      "year": 2019,
      "citations": 240
    },
    {
      "title": "Online linear quadratic control",
      "url": "https://scholar.google.com/citations?view_op=view_citation&hl=en&user=shoYR_AAAAAJ&citation_for_view=shoYR_AAAAAJ:Y0pCki6q_DkC",
      "authors": "A Cohen, A Hasidim, T Koren, N Lazic, Y Mansour, K Talwar",
      "venue": "International Conference on Machine Learning, 1029-1038, 2018",
      "year": 2018,
      "citations": 184
    },
    {
      "title": "Planning and learning with stochastic action sets",
      "url": "https://scholar.google.com/citations?view_op=view_citation&hl=en&user=shoYR_AAAAAJ&citation_for_view=shoYR_AAAAAJ:Tyk-4Ss8FVUC",
      "authors": "C Boutilier, A Cohen, A Daniely, A Hassidim, Y Mansour, O Meshi, ...",
      "venue": "International Joint Conference on Artificial Intelligence (2018) , 2018",
      "year": 2018,
      "citations": 30
    },
    {
      "title": "Tight bounds for bandit combinatorial optimization",
      "url": "https://scholar.google.com/citations?view_op=view_citation&hl=en&user=shoYR_AAAAAJ&citation_for_view=shoYR_AAAAAJ:IjCSPb-OGe4C",
      "authors": "A Cohen, T Hazan, T Koren",
      "venue": "Conference on Learning Theory, 629-642, 2017",
      "year": 2017,
      "citations": 33
    },
    {
      "title": "Online learning with many experts",
      "url": "https://scholar.google.com/citations?view_op=view_citation&hl=en&user=shoYR_AAAAAJ&citation_for_view=shoYR_AAAAAJ:UeHWp8X0CEIC",
      "authors": "A Cohen, S Mannor",
      "venue": "arXiv preprint arXiv:1702.07870, 2017",
      "year": 2017,
      "citations": 8
    },
    {
      "title": "Online learning with feedback graphs without the graphs",
      "url": "https://scholar.google.com/citations?view_op=view_citation&hl=en&user=shoYR_AAAAAJ&citation_for_view=shoYR_AAAAAJ:qjMakFHDy7sC",
      "authors": "A Cohen, T Hazan, T Koren",
      "venue": "International Conference on Machine Learning, 811-819, 2016",
      "year": 2016,
      "citations": 70
    },
    {
      "title": "Following the Perturbed Leader for Online Structured Learning",
      "url": "https://scholar.google.com/citations?view_op=view_citation&hl=en&user=shoYR_AAAAAJ&citation_for_view=shoYR_AAAAAJ:2osOgNQ5qMEC",
      "authors": "A Cohen, T Hazan",
      "venue": "Proceedings of The 32nd International Conference on Machine Learning, 1034-1042, 2015",
      "year": 2015,
      "citations": 53
    }
  ],
  "co_authors": [
    {
      "name": "Yishay Mansour",
      "scholar_id": "OEJUgwkAAAAJ",
      "url": "https://scholar.google.com/citations?user=OEJUgwkAAAAJ"
    },
    {
      "name": "Tomer Koren",
      "scholar_id": "wGG1voYAAAAJ",
      "url": "https://scholar.google.com/citations?user=wGG1voYAAAAJ"
    },
    {
      "name": "avinatan hassidim",
      "scholar_id": "CnBvgwcAAAAJ",
      "url": "https://scholar.google.com/citations?user=CnBvgwcAAAAJ"
    },
    {
      "name": "Haim Kaplan",
      "scholar_id": "0hb9cdIAAAAJ",
      "url": "https://scholar.google.com/citations?user=0hb9cdIAAAAJ"
    },
    {
      "name": "Asaf Cassel",
      "scholar_id": "vhIydFkAAAAJ",
      "url": "https://scholar.google.com/citations?user=vhIydFkAAAAJ"
    },
    {
      "name": "Amir Feder",
      "scholar_id": "ERwoPLIAAAAJ",
      "url": "https://scholar.google.com/citations?user=ERwoPLIAAAAJ"
    },
    {
      "name": "Tamir Hazan",
      "scholar_id": "fqi186AAAAAJ",
      "url": "https://scholar.google.com/citations?user=fqi186AAAAAJ"
    },
    {
      "name": "Amit Daniely",
      "scholar_id": "jUtYwE0AAAAJ",
      "url": "https://scholar.google.com/citations?user=jUtYwE0AAAAJ"
    },
    {
      "name": "Tom Zahavy",
      "scholar_id": "9dXN6cMAAAAJ",
      "url": "https://scholar.google.com/citations?user=9dXN6cMAAAAJ"
    },
    {
      "name": "Itay Laish",
      "scholar_id": "DNLqsH8AAAAJ",
      "url": "https://scholar.google.com/citations?user=DNLqsH8AAAAJ"
    },
    {
      "name": "Mariano R Schain",
      "scholar_id": "NtmhkjwAAAAJ",
      "url": "https://scholar.google.com/citations?user=NtmhkjwAAAAJ"
    },
    {
      "name": "Aviv Rosenberg",
      "scholar_id": "cg8_-foAAAAJ",
      "url": "https://scholar.google.com/citations?user=cg8_-foAAAAJ"
    },
    {
      "name": "Kunal Talwar",
      "scholar_id": "XD_01h8AAAAJ",
      "url": "https://scholar.google.com/citations?user=XD_01h8AAAAJ"
    },
    {
      "name": "Nevena Lazic",
      "scholar_id": "TXHN2DMAAAAJ",
      "url": "https://scholar.google.com/citations?user=TXHN2DMAAAAJ"
    },
    {
      "name": "Moran Koren",
      "scholar_id": "ivzD5oQAAAAJ",
      "url": "https://scholar.google.com/citations?user=ivzD5oQAAAAJ"
    },
    {
      "name": "Argyrios Deligkas",
      "scholar_id": "mAaAe9sAAAAJ",
      "url": "https://scholar.google.com/citations?user=mAaAe9sAAAAJ"
    },
    {
      "name": "Shay Moran",
      "scholar_id": "kALYnggAAAAJ",
      "url": "https://scholar.google.com/citations?user=kALYnggAAAAJ"
    },
    {
      "name": "Yoel Drori",
      "scholar_id": "7pRQY3MAAAAJ",
      "url": "https://scholar.google.com/citations?user=7pRQY3MAAAAJ"
    },
    {
      "name": "Uri Stemmer",
      "scholar_id": "Ew7QLzsAAAAJ",
      "url": "https://scholar.google.com/citations?user=Ew7QLzsAAAAJ"
    },
    {
      "name": "Yossi Matias",
      "scholar_id": "IwSe1-MAAAAJ",
      "url": "https://scholar.google.com/citations?user=IwSe1-MAAAAJ"
    }
  ]
}