{
  "author_info": {
    "name": "Jie Cheng (程捷)",
    "affiliation": "Huawei Technology Co. Ltd",
    "email_verified": "Verified email at huawei.com",
    "interests": [
      "Artificial Intelligence",
      "Machine Learning"
    ],
    "photo_url": "/citations/images/avatar_scholar_128.png"
  },
  "citation_stats": {
    "citations_all": 1451,
    "citations_since_2020": 1015,
    "h_index_all": 20,
    "h_index_since_2020": 15,
    "i10_index_all": 33,
    "i10_index_since_2020": 23,
    "citation_graph": [
      {
        "year": 2012,
        "citations": 14
      },
      {
        "year": 2013,
        "citations": 21
      },
      {
        "year": 2014,
        "citations": 23
      },
      {
        "year": 2015,
        "citations": 58
      },
      {
        "year": 2016,
        "citations": 51
      },
      {
        "year": 2017,
        "citations": 64
      },
      {
        "year": 2018,
        "citations": 79
      },
      {
        "year": 2019,
        "citations": 115
      },
      {
        "year": 2020,
        "citations": 104
      },
      {
        "year": 2021,
        "citations": 87
      },
      {
        "year": 2022,
        "citations": 112
      },
      {
        "year": 2023,
        "citations": 165
      },
      {
        "year": 2024,
        "citations": 285
      },
      {
        "year": 2025,
        "citations": 262
      }
    ]
  },
  "papers": [
    {
      "title": "Overcoming catastrophic forgetting for multi-label class-incremental learning",
      "url": "https://scholar.google.com/citations?view_op=view_citation&hl=en&user=2u88ffsAAAAJ&citation_for_view=2u88ffsAAAAJ:nrtMV_XWKgEC",
      "authors": "X Song, K Shu, S Dong, J Cheng, X Wei, Y Gong",
      "venue": "Proceedings of the IEEE/CVF Winter Conference on Applications of Computer …, 2024",
      "year": 2024,
      "citations": 27
    },
    {
      "title": "Accurate and efficient event-based semantic segmentation using adaptive spiking encoder–decoder network",
      "url": "https://scholar.google.com/citations?view_op=view_citation&hl=en&user=2u88ffsAAAAJ&citation_for_view=2u88ffsAAAAJ:j8SEvjWlNXcC",
      "authors": "R Zhang, L Leng, K Che, H Zhang, J Cheng, Q Guo, J Liao, R Cheng",
      "venue": "IEEE Transactions on Neural Networks and Learning Systems, 2024",
      "year": 2024,
      "citations": 25
    },
    {
      "title": "E-MLB: Multilevel benchmark for event-based camera denoising",
      "url": "https://scholar.google.com/citations?view_op=view_citation&hl=en&user=2u88ffsAAAAJ&citation_for_view=2u88ffsAAAAJ:yB1At4FlUx8C",
      "authors": "S Ding, J Chen, Y Wang, Y Kang, W Song, J Cheng, Y Cao",
      "venue": "IEEE Transactions on Multimedia 26, 65-76, 2023",
      "year": 2023,
      "citations": 46
    },
    {
      "title": "Neuro-Modulated Hebbian Learning for Fully Test-Time Adaptation",
      "url": "https://scholar.google.com/citations?view_op=view_citation&hl=en&user=2u88ffsAAAAJ&citation_for_view=2u88ffsAAAAJ:tzM49s52ZIMC",
      "authors": "ZH Yushun Tang, Ce Zhang, Heng Xu, Shuoshuo Chen, Jie Cheng, Luziwei Leng ...",
      "venue": "CVPR 2023, 2023",
      "year": 2023,
      "citations": 41
    },
    {
      "title": "Knowledge restore and transfer for multi-label class-incremental learning",
      "url": "https://scholar.google.com/citations?view_op=view_citation&hl=en&user=2u88ffsAAAAJ&citation_for_view=2u88ffsAAAAJ:XD-gHx7UXLsC",
      "authors": "S Dong, H Luo, Y He, X Wei, J Cheng, Y Gong",
      "venue": "Proceedings of the IEEE/CVF International Conference on Computer Vision …, 2023",
      "year": 2023,
      "citations": 24
    },
    {
      "title": "DKT: Diverse knowledge transfer transformer for class incremental learning",
      "url": "https://scholar.google.com/citations?view_op=view_citation&hl=en&user=2u88ffsAAAAJ&citation_for_view=2u88ffsAAAAJ:uJ-U7cs_P_0C",
      "authors": "X Gao, Y He, S Dong, J Cheng, X Wei, Y Gong",
      "venue": "Proceedings of the IEEE/CVF Conference on Computer Vision and Pattern …, 2023",
      "year": 2023,
      "citations": 22
    },
    {
      "title": "Differentiable hierarchical and surrogate gradient search for spiking neural networks",
      "url": "https://scholar.google.com/citations?view_op=view_citation&hl=en&user=2u88ffsAAAAJ&citation_for_view=2u88ffsAAAAJ:NJ774b8OgUMC",
      "authors": "K Che, L Leng, K Zhang, J Zhang, Q Meng, J Cheng, Q Guo, J Liao",
      "venue": "Advances in Neural Information Processing Systems, 2022",
      "year": 2022,
      "citations": 58
    },
    {
      "title": "Discrete time convolution for fast event-based stereo",
      "url": "https://scholar.google.com/citations?view_op=view_citation&hl=en&user=2u88ffsAAAAJ&citation_for_view=2u88ffsAAAAJ:_Ybze24A_UAC",
      "authors": "K Zhang, K Che, J Zhang, J Cheng, Z Zhang, Q Guo, L Leng",
      "venue": "Proceedings of the IEEE/CVF conference on computer vision and pattern …, 2022",
      "year": 2022,
      "citations": 44
    },
    {
      "title": "Brain-inspired chaotic backpropagation for MLP",
      "url": "https://scholar.google.com/citations?view_op=view_citation&hl=en&user=2u88ffsAAAAJ&citation_for_view=2u88ffsAAAAJ:uLbwQdceFCQC",
      "authors": "P Tao, J Cheng, L Chen",
      "venue": "Neural Networks 155, 1-13, 2022",
      "year": 2022,
      "citations": 23
    },
    {
      "title": "Self-promoted prototype refinement for few-shot class-incremental learning",
      "url": "https://scholar.google.com/citations?view_op=view_citation&hl=en&user=2u88ffsAAAAJ&citation_for_view=2u88ffsAAAAJ:PR6Y55bgFSsC",
      "authors": "K Zhu, Y Cao, W Zhai, J Cheng, ZJ Zha",
      "venue": "Proceedings of the IEEE/CVF conference on computer vision and pattern …, 2021",
      "year": 2021,
      "citations": 239
    },
    {
      "title": "Multi-scale deep context convolutional neural networks for semantic segmentation",
      "url": "https://scholar.google.com/citations?view_op=view_citation&hl=en&user=2u88ffsAAAAJ&citation_for_view=2u88ffsAAAAJ:VL0QpB8kHFEC",
      "authors": "Q Zhou, W Yang, G Gao, W Ou, H Lu, J Chen, LJ Latecki",
      "venue": "World Wide Web 22 (2), 555-570, 2019",
      "year": 2019,
      "citations": 139
    },
    {
      "title": "An adaptive breadth-first search algorithm on integrated architectures",
      "url": "https://scholar.google.com/citations?view_op=view_citation&hl=en&user=2u88ffsAAAAJ&citation_for_view=2u88ffsAAAAJ:N5tVd3kTz84C",
      "authors": "F Zhang, H Lin, J Zhai, J Cheng, D Xiang, J Li, Y Chai, X Du",
      "venue": "the Journal of Supercomputing 74 (11), 6135-6155, 2018",
      "year": 2018,
      "citations": 29
    },
    {
      "title": "DISCS: A distributed coordinate system based on robust nonnegative matrix completion",
      "url": "https://scholar.google.com/citations?view_op=view_citation&hl=en&user=2u88ffsAAAAJ&citation_for_view=2u88ffsAAAAJ:dTyEYWd-f8wC",
      "authors": "J Cheng, Y Liu, Q Ye, H Du, AV Vasilakos",
      "venue": "IEEE/ACM Transactions on Networking 25 (2), 934-947, 2016",
      "year": 2016,
      "citations": 22
    },
    {
      "title": "RSSI-based bluetooth indoor localization",
      "url": "https://scholar.google.com/citations?view_op=view_citation&hl=en&user=2u88ffsAAAAJ&citation_for_view=2u88ffsAAAAJ:SdhP9T11ey4C",
      "authors": "Y Wang, Q Ye, J Cheng, L Wang",
      "venue": "2015 11th international conference on mobile ad-hoc and sensor networks (MSN …, 2015",
      "year": 2015,
      "citations": 153
    },
    {
      "title": "Hill: A hybrid indoor localization scheme",
      "url": "https://scholar.google.com/citations?view_op=view_citation&hl=en&user=2u88ffsAAAAJ&citation_for_view=2u88ffsAAAAJ:t6usbXjVLHcC",
      "authors": "SA Kharidia, Q Ye, S Sampalli, J Cheng, H Du, L Wang",
      "venue": "2014 10th International Conference on Mobile Ad-hoc and Sensor Networks, 201-206, 2014",
      "year": 2014,
      "citations": 32
    },
    {
      "title": "STCDG: An efficient data gathering algorithm based on matrix completion for wireless sensor networks",
      "url": "https://scholar.google.com/citations?view_op=view_citation&hl=en&user=2u88ffsAAAAJ&citation_for_view=2u88ffsAAAAJ:zYLM7Y9cAGgC",
      "authors": "J Cheng, Q Ye, H Jiang, D Wang, C Wang",
      "venue": "IEEE Transactions on Wireless Communications 12 (2), 850-861, 2012",
      "year": 2012,
      "citations": 164
    },
    {
      "title": "A general framework for efficient continuous multidimensional top-k query processing in sensor networks",
      "url": "https://scholar.google.com/citations?view_op=view_citation&hl=en&user=2u88ffsAAAAJ&citation_for_view=2u88ffsAAAAJ:9yKSN-GCB0IC",
      "authors": "H Jiang, J Cheng, D Wang, C Wang, G Tan",
      "venue": "IEEE Transactions on Parallel and Distributed Systems 23 (9), 1668-1680, 2012",
      "year": 2012,
      "citations": 27
    },
    {
      "title": "Fault-tolerant scheduling for data collection in wireless sensor networks",
      "url": "https://scholar.google.com/citations?view_op=view_citation&hl=en&user=2u88ffsAAAAJ&citation_for_view=2u88ffsAAAAJ:2osOgNQ5qMEC",
      "authors": "L Zhang, Q Ye, J Cheng, H Jiang, Y Wang, R Zhou, P Zhao",
      "venue": "2012 IEEE Global Communications Conference (GLOBECOM), 5345-5349, 2012",
      "year": 2012,
      "citations": 21
    },
    {
      "title": "Continuous multi-dimensional top-k query processing in sensor networks",
      "url": "https://scholar.google.com/citations?view_op=view_citation&hl=en&user=2u88ffsAAAAJ&citation_for_view=2u88ffsAAAAJ:Tyk-4Ss8FVUC",
      "authors": "H Jiang, J Cheng, D Wang, C Wang, G Tan",
      "venue": "2011 Proceedings IEEE INFOCOM, 793-801, 2011",
      "year": 2011,
      "citations": 47
    },
    {
      "title": "Efficient data collection with sampling in WSNs: Making use of matrix completion techniques",
      "url": "https://scholar.google.com/citations?view_op=view_citation&hl=en&user=2u88ffsAAAAJ&citation_for_view=2u88ffsAAAAJ:u5HHmVD_uO8C",
      "authors": "J Cheng, H Jiang, X Ma, L Liu, L Qian, C Tian, W Liu",
      "venue": "2010 IEEE Global Telecommunications Conference GLOBECOM 2010, 1-5, 2010",
      "year": 2010,
      "citations": 61
    }
  ],
  "co_authors": [
    {
      "name": "Hongwei Du",
      "scholar_id": "sObwxHAAAAAJ",
      "url": "https://scholar.google.com/citations?user=sObwxHAAAAAJ"
    },
    {
      "name": "Dan Wang",
      "scholar_id": "QTRtp9cAAAAJ",
      "url": "https://scholar.google.com/citations?user=QTRtp9cAAAAJ"
    },
    {
      "name": "LONGIN JAN LATECKI",
      "scholar_id": "6sQtqo8AAAAJ",
      "url": "https://scholar.google.com/citations?user=6sQtqo8AAAAJ"
    },
    {
      "name": "Wenyu Liu",
      "scholar_id": "D7jDk7gAAAAJ",
      "url": "https://scholar.google.com/citations?user=D7jDk7gAAAAJ"
    },
    {
      "name": "Guang Tan",
      "scholar_id": "JerZls4AAAAJ",
      "url": "https://scholar.google.com/citations?user=JerZls4AAAAJ"
    },
    {
      "name": "Chen Tian",
      "scholar_id": "OYNQpFYAAAAJ",
      "url": "https://scholar.google.com/citations?user=OYNQpFYAAAAJ"
    },
    {
      "name": "Xiaoqiang Ma",
      "scholar_id": "jrDdvVEAAAAJ",
      "url": "https://scholar.google.com/citations?user=jrDdvVEAAAAJ"
    },
    {
      "name": "lanchao Liu",
      "scholar_id": "DX8NOn0AAAAJ",
      "url": "https://scholar.google.com/citations?user=DX8NOn0AAAAJ"
    },
    {
      "name": "lijun qian",
      "scholar_id": "BGS5uxUAAAAJ",
      "url": "https://scholar.google.com/citations?user=BGS5uxUAAAAJ"
    },
    {
      "name": "Lei Wang",
      "scholar_id": "zSHj7dMAAAAJ",
      "url": "https://scholar.google.com/citations?user=zSHj7dMAAAAJ"
    },
    {
      "name": "Distinguished Prof. Athanasios Vasilak...",
      "scholar_id": "_yWPQWoAAAAJ",
      "url": "https://scholar.google.com/citations?user=_yWPQWoAAAAJ"
    },
    {
      "name": "Liang Zhang",
      "scholar_id": "MKlx5KsAAAAJ",
      "url": "https://scholar.google.com/citations?user=MKlx5KsAAAAJ"
    },
    {
      "name": "Jiangchuan Liu",
      "scholar_id": "VU2Jw1YAAAAJ",
      "url": "https://scholar.google.com/citations?user=VU2Jw1YAAAAJ"
    },
    {
      "name": "Xiaohua JIA",
      "scholar_id": "L5iEhq0AAAAJ",
      "url": "https://scholar.google.com/citations?user=L5iEhq0AAAAJ"
    },
    {
      "name": "Chunming Qiao",
      "scholar_id": "uqLD3qYAAAAJ",
      "url": "https://scholar.google.com/citations?user=uqLD3qYAAAAJ"
    },
    {
      "name": "Lei Zhang",
      "scholar_id": "aKgV8B8AAAAJ",
      "url": "https://scholar.google.com/citations?user=aKgV8B8AAAAJ"
    },
    {
      "name": "Jidong Zhai",
      "scholar_id": "_mBdZBMAAAAJ",
      "url": "https://scholar.google.com/citations?user=_mBdZBMAAAAJ"
    }
  ]
}