{
  "author_info": {
    "name": "Paul-Ambroise Duquenne",
    "affiliation": "Meta AI, FAIR",
    "email_verified": "Verified email at meta.com",
    "interests": [
      "Multilinguality",
      "Speech",
      "LLMs",
      "Embeddings"
    ],
    "photo_url": "https://scholar.googleusercontent.com/citations?view_op=view_photo&user=Uah8IcAAAAAJ&citpid=1"
  },
  "citation_stats": {
    "citations_all": 1407,
    "citations_since_2020": 1398,
    "h_index_all": 13,
    "h_index_since_2020": 13,
    "i10_index_all": 13,
    "i10_index_since_2020": 13,
    "citation_graph": [
      {
        "year": 2022,
        "citations": 28
      },
      {
        "year": 2023,
        "citations": 144
      },
      {
        "year": 2024,
        "citations": 495
      },
      {
        "year": 2025,
        "citations": 722
      }
    ]
  },
  "papers": [
    {
      "title": "SpiRit-LM: Interleaved Spoken and Written Language Model",
      "url": "https://scholar.google.com/citations?view_op=view_citation&hl=en&user=Uah8IcAAAAAJ&citation_for_view=Uah8IcAAAAAJ:YOwf2qJgpHMC",
      "authors": "TA Nguyen, B Muller, B Yu, MR Costa-Jussa, M Elbayad, S Popuri, ...",
      "venue": "Transactions of the Association for Computational Linguistics 13, 30-52, 2025",
      "year": 2025,
      "citations": 117
    },
    {
      "title": "Joint speech and text machine translation for up to 100 languages",
      "url": "https://scholar.google.com/citations?view_op=view_citation&hl=en&user=Uah8IcAAAAAJ&citation_for_view=Uah8IcAAAAAJ:blknAaTinKkC",
      "authors": "",
      "venue": "Nature 637 (8046), 587-593, 2025",
      "year": 2025,
      "citations": 20
    },
    {
      "title": "Omnilingual ASR: Open-Source Multilingual Speech Recognition for 1600+ Languages",
      "url": "https://scholar.google.com/citations?view_op=view_citation&hl=en&user=Uah8IcAAAAAJ&citation_for_view=Uah8IcAAAAAJ:B3FOqHPlNUQC",
      "authors": "ASR Omnilingual, G Keren, A Kozhevnikov, Y Meng, C Ropers, M Setzler, ...",
      "venue": "arXiv preprint arXiv:2511.09690, 2025",
      "year": 2025,
      "citations": 0
    },
    {
      "title": "Large Concept Models: Language Modeling in a Sentence Representation Space",
      "url": "https://scholar.google.com/citations?view_op=view_citation&hl=en&user=Uah8IcAAAAAJ&citation_for_view=Uah8IcAAAAAJ:O3NaXMp0MMsC",
      "authors": "L Barrault, PA Duquenne, M Elbayad, A Kozhevnikov, B Alastruey, ...",
      "venue": "arXiv preprint arXiv:2412.08821, 2024",
      "year": 2024,
      "citations": 38
    },
    {
      "title": "Language Modeling is Compression",
      "url": "https://scholar.google.com/citations?view_op=view_citation&hl=en&user=Uah8IcAAAAAJ&citation_for_view=Uah8IcAAAAAJ:4DMP91E08xMC",
      "authors": "G Delétang, A Ruoss, PA Duquenne, E Catt, T Genewein, C Mattern, ...",
      "venue": "International Conference on Learning Representations 12, 2023",
      "year": 2023,
      "citations": 294
    },
    {
      "title": "SeamlessM4T-Massively Multilingual & Multimodal Machine Translation",
      "url": "https://scholar.google.com/citations?view_op=view_citation&hl=en&user=Uah8IcAAAAAJ&citation_for_view=Uah8IcAAAAAJ:W7OEmFMy1HYC",
      "authors": "L Barrault, YA Chung, MC Meglioli, D Dale, N Dong, PA Duquenne, ...",
      "venue": "arXiv preprint arXiv:2308.11596, 2023",
      "year": 2023,
      "citations": 243
    },
    {
      "title": "Seamless: Multilingual Expressive and Streaming Speech Translation",
      "url": "https://scholar.google.com/citations?view_op=view_citation&hl=en&user=Uah8IcAAAAAJ&citation_for_view=Uah8IcAAAAAJ:ULOm3_A8WrAC",
      "authors": "L Barrault, YA Chung, MC Meglioli, D Dale, N Dong, M Duppenthaler, ...",
      "venue": "arXiv preprint arXiv:2312.05187, 2023",
      "year": 2023,
      "citations": 217
    },
    {
      "title": "SONAR: Sentence-Level Multimodal and Language-Agnostic Representations",
      "url": "https://scholar.google.com/citations?view_op=view_citation&hl=en&user=Uah8IcAAAAAJ&citation_for_view=Uah8IcAAAAAJ:J_g5lzvAfSwC",
      "authors": "PA Duquenne, H Schwenk, B Sagot",
      "venue": "arXiv preprint arXiv:2308.11466, 2023",
      "year": 2023,
      "citations": 101
    },
    {
      "title": "Speech-to-Speech Translation For A Real-world Unwritten Language",
      "url": "https://scholar.google.com/citations?view_op=view_citation&hl=en&user=Uah8IcAAAAAJ&citation_for_view=Uah8IcAAAAAJ:IjCSPb-OGe4C",
      "authors": "PJ Chen, K Tran, Y Yang, J Du, J Kao, YA Chung, P Tomasello, ...",
      "venue": "Findings of the Association for Computational Linguistics: ACL 2023, 4969--4983, 2023",
      "year": 2023,
      "citations": 44
    },
    {
      "title": "SpeechMatrix: A Large-Scale Mined Corpus of Multilingual Speech-to-Speech Translations",
      "url": "https://scholar.google.com/citations?view_op=view_citation&hl=en&user=Uah8IcAAAAAJ&citation_for_view=Uah8IcAAAAAJ:UeHWp8X0CEIC",
      "authors": "PA Duquenne, H Gong, N Dong, J Du, A Lee, V Goswani, C Wang, J Pino, ...",
      "venue": "Proceedings of the 61st Annual Meeting of the Association for Computational …, 2023",
      "year": 2023,
      "citations": 38
    },
    {
      "title": "BLASER: A Text-Free Speech-to-Speech Translation Evaluation Metric",
      "url": "https://scholar.google.com/citations?view_op=view_citation&hl=en&user=Uah8IcAAAAAJ&citation_for_view=Uah8IcAAAAAJ:YsMSGLbcyi4C",
      "authors": "M Chen, PA Duquenne, P Andrews, J Kao, A Mourachko, H Schwenk, ...",
      "venue": "Proceedings of the 61st Annual Meeting of the Association for Computational …, 2023",
      "year": 2023,
      "citations": 30
    },
    {
      "title": "Modular Speech-to-Text Translation for Zero-Shot Cross-Modal Transfer",
      "url": "https://scholar.google.com/citations?view_op=view_citation&hl=en&user=Uah8IcAAAAAJ&citation_for_view=Uah8IcAAAAAJ:WF5omc3nYNoC",
      "authors": "PA Duquenne, H Schwenk, B Sagot",
      "venue": "Proc. INTERSPEECH 2023, 2023",
      "year": 2023,
      "citations": 5
    },
    {
      "title": "SONAR EXPRESSIVE: Zero-shot Expressive Speech-to-Speech Translation",
      "url": "https://scholar.google.com/citations?view_op=view_citation&hl=en&user=Uah8IcAAAAAJ&citation_for_view=Uah8IcAAAAAJ:mVmsd5A6BfQC",
      "authors": "PA Duquenne, K Heffernan, A Mourachko, B Sagot, H Schwenk",
      "venue": "",
      "citations": 4,
      "year": 2023
    },
    {
      "title": "Textless Speech-to-Speech Translation on Real Data",
      "url": "https://scholar.google.com/citations?view_op=view_citation&hl=en&user=Uah8IcAAAAAJ&citation_for_view=Uah8IcAAAAAJ:5nxA0vEk-isC",
      "authors": "A Lee, H Gong, PA Duquenne, H Schwenk, PJ Chen, C Wang, S Popuri, ...",
      "venue": "Proceedings of the 2022 Conference of the North American Chapter of the …, 2022",
      "year": 2022,
      "citations": 180
    },
    {
      "title": "T-Modules: Translation Modules for Zero-Shot Cross-Modal Machine Translation",
      "url": "https://scholar.google.com/citations?view_op=view_citation&hl=en&user=Uah8IcAAAAAJ&citation_for_view=Uah8IcAAAAAJ:MXK_kJrjxJIC",
      "authors": "PA Duquenne, H Gong, B Sagot, H Schwenk",
      "venue": "Proceedings of the 2022 Conference on Empirical Methods in Natural Language …, 2022",
      "year": 2022,
      "citations": 23
    },
    {
      "title": "Multimodal and Multilingual Embeddings for Large-Scale Speech Mining",
      "url": "https://scholar.google.com/citations?view_op=view_citation&hl=en&user=Uah8IcAAAAAJ&citation_for_view=Uah8IcAAAAAJ:d1gkVwhDpl0C",
      "authors": "PA Duquenne, H Gong, H Schwenk",
      "venue": "Advances in Neural Information Processing Systems 34, 15748-15761, 2021",
      "year": 2021,
      "citations": 45
    },
    {
      "title": "Mobile Device Detection and Tracking",
      "url": "https://scholar.google.com/citations?view_op=view_citation&hl=en&user=Uah8IcAAAAAJ&citation_for_view=Uah8IcAAAAAJ:u-x6o8ySG0sC",
      "authors": "JW Korver, T Sandholm, PR Morin, T de Lacheze-Murel, GT de la Tour, ...",
      "venue": "US Patent 11,151,611, 2021",
      "year": 2021,
      "citations": 8
    }
  ],
  "co_authors": []
}