{
  "author_info": {
    "name": "Yucheng WANG",
    "affiliation": "Hong Kong University of Science and Technology",
    "email_verified": "Verified email at cse.ust.hk - Homepage",
    "website": "https://wangandyyucheng.github.io/",
    "interests": [
      "Computer Vision"
    ],
    "photo_url": "https://scholar.googleusercontent.com/citations?view_op=view_photo&user=KWvFLQwAAAAJ&citpid=7"
  },
  "citation_stats": {
    "citations_all": 19,
    "citations_since_2020": 19,
    "h_index_all": 2,
    "h_index_since_2020": 2,
    "i10_index_all": 1,
    "i10_index_since_2020": 1,
    "citation_graph": []
  },
  "papers": [
    {
      "title": "Controllable Video Generation: A Survey",
      "url": "https://scholar.google.com/citations?view_op=view_citation&hl=en&user=KWvFLQwAAAAJ&citation_for_view=KWvFLQwAAAAJ:d1gkVwhDpl0C",
      "authors": "Y Ma, K Feng, Z Hu, X Wang, Y Wang, M Zheng, X He, C Zhu, H Liu, Y He, ...",
      "venue": "arXiv preprint arXiv:2507.16869, 2025",
      "year": 2025,
      "citations": 15
    },
    {
      "title": "From one to more: Contextual part latents for 3d generation",
      "url": "https://scholar.google.com/citations?view_op=view_citation&hl=en&user=KWvFLQwAAAAJ&citation_for_view=KWvFLQwAAAAJ:9yKSN-GCB0IC",
      "authors": "S Dong, L Ding, X Chen, Y Li, Y Wang, Y Wang, Q Wang, J Kim, C Gao, ...",
      "venue": "Proceedings of the IEEE/CVF International Conference on Computer Vision …, 2025",
      "year": 2025,
      "citations": 4
    },
    {
      "title": "MoDiT: Learning Highly Consistent 3D Motion Coefficients with Diffusion Transformer for Talking Head Generation",
      "url": "https://scholar.google.com/citations?view_op=view_citation&hl=en&user=KWvFLQwAAAAJ&citation_for_view=KWvFLQwAAAAJ:2osOgNQ5qMEC",
      "authors": "Y Wang, D Xu",
      "venue": "arXiv preprint arXiv:2507.05092, 2025",
      "year": 2025,
      "citations": 0
    }
  ],
  "co_authors": [
    {
      "name": "Dan Xu",
      "scholar_id": "OuSPv-AAAAAJ",
      "url": "https://scholar.google.com/citations?user=OuSPv-AAAAAJ"
    }
  ]
}