{
  "author_info": {
    "name": "Shoukai Xu",
    "affiliation": "Unknown affiliation",
    "email_verified": "Verified email at mail.scut.edu.cn",
    "interests": [],
    "photo_url": "/citations/images/avatar_scholar_128.png"
  },
  "citation_stats": {
    "citations_all": 234,
    "citations_since_2020": 234,
    "h_index_all": 4,
    "h_index_since_2020": 4,
    "i10_index_all": 3,
    "i10_index_since_2020": 3,
    "citation_graph": [
      {
        "year": 2020,
        "citations": 1
      },
      {
        "year": 2021,
        "citations": 22
      },
      {
        "year": 2022,
        "citations": 32
      },
      {
        "year": 2023,
        "citations": 47
      },
      {
        "year": 2024,
        "citations": 63
      },
      {
        "year": 2025,
        "citations": 69
      }
    ]
  },
  "papers": [
    {
      "title": "Towards robust and efficient cloud-edge elastic model adaptation via selective entropy distillation",
      "url": "https://scholar.google.com/citations?view_op=view_citation&hl=en&user=iNpECVsAAAAJ&citation_for_view=iNpECVsAAAAJ:9yKSN-GCB0IC",
      "authors": "Y Chen, S Niu, Y Wang, S Xu, H Song, M Tan",
      "venue": "arXiv preprint arXiv:2402.17316, 2024",
      "year": 2024,
      "citations": 18
    },
    {
      "title": "Generative data free model quantization with knowledge matching for classification",
      "url": "https://scholar.google.com/citations?view_op=view_citation&hl=en&user=iNpECVsAAAAJ&citation_for_view=iNpECVsAAAAJ:u-x6o8ySG0sC",
      "authors": "S Xu, S Zhang, J Liu, B Zhuang, Y Wang, M Tan",
      "venue": "IEEE Transactions on Circuits and Systems for Video Technology 33 (12), 7296 …, 2023",
      "year": 2023,
      "citations": 17
    },
    {
      "title": "Towards efficient task-driven model reprogramming with foundation models",
      "url": "https://scholar.google.com/citations?view_op=view_citation&hl=en&user=iNpECVsAAAAJ&citation_for_view=iNpECVsAAAAJ:2osOgNQ5qMEC",
      "authors": "S Xu, J Yao, R Luo, S Zhang, Z Lian, M Tan, B Han, Y Wang",
      "venue": "arXiv preprint arXiv:2304.02263, 2023",
      "year": 2023,
      "citations": 9
    },
    {
      "title": "Generative low-bitwidth data free quantization",
      "url": "https://scholar.google.com/citations?view_op=view_citation&hl=en&user=iNpECVsAAAAJ&citation_for_view=iNpECVsAAAAJ:d1gkVwhDpl0C",
      "authors": "S Xu, H Li, B Zhuang, J Liu, J Cao, C Liang, M Tan",
      "venue": "European conference on computer vision, 1-17, 2020",
      "year": 2020,
      "citations": 190
    }
  ],
  "co_authors": []
}