{
  "author_info": {
    "name": "Ali Shirali",
    "affiliation": "Ph.D. Student, University of California at Berkeley",
    "email_verified": "Verified email at berkeley.edu - Homepage",
    "website": "https://sites.google.com/berkeley.edu/ali/home",
    "interests": [
      "machine learning",
      "human-ai alignment",
      "algorithms and society",
      "economics and computation"
    ],
    "photo_url": "https://scholar.googleusercontent.com/citations?view_op=view_photo&user=FUSSkq0AAAAJ&citpid=6"
  },
  "citation_stats": {
    "citations_all": 145,
    "citations_since_2020": 145,
    "h_index_all": 7,
    "h_index_since_2020": 7,
    "i10_index_all": 5,
    "i10_index_since_2020": 5,
    "citation_graph": [
      {
        "year": 2021,
        "citations": 1
      },
      {
        "year": 2022,
        "citations": 10
      },
      {
        "year": 2023,
        "citations": 20
      },
      {
        "year": 2024,
        "citations": 48
      },
      {
        "year": 2025,
        "citations": 66
      }
    ]
  },
  "papers": [
    {
      "title": "Direct Alignment with Heterogeneous Preferences",
      "url": "https://scholar.google.com/citations?view_op=view_citation&hl=en&user=FUSSkq0AAAAJ&citation_for_view=FUSSkq0AAAAJ:5nxA0vEk-isC",
      "authors": "A Shirali, A Nasr-Esfahany, A Alomar, P Mirtaheri, R Abebe, A Procaccia",
      "venue": "arXiv preprint arXiv:2502.16320, 2025",
      "year": 2025,
      "citations": 9
    },
    {
      "title": "What Makes ImageNet Look Unlike LAION",
      "url": "https://scholar.google.com/citations?view_op=view_citation&hl=en&user=FUSSkq0AAAAJ&citation_for_view=FUSSkq0AAAAJ:Zph67rFs4hoC",
      "authors": "A Shirali, M Hardt",
      "venue": "Transactions on Machine Learning Research, 2025",
      "year": 2025,
      "citations": 9
    },
    {
      "title": "The Burden of Interactive Alignment with Inconsistent Preferences",
      "url": "https://scholar.google.com/citations?view_op=view_citation&hl=en&user=FUSSkq0AAAAJ&citation_for_view=FUSSkq0AAAAJ:ULOm3_A8WrAC",
      "authors": "A Shirali",
      "venue": "arXiv preprint arXiv:2510.16368, 2025",
      "year": 2025,
      "citations": 0
    },
    {
      "title": "The Hidden Cost of Waiting for Accurate Predictions",
      "url": "https://scholar.google.com/citations?view_op=view_citation&hl=en&user=FUSSkq0AAAAJ&citation_for_view=FUSSkq0AAAAJ:8k81kl-MbHgC",
      "authors": "A Shirali, A Procaccia, R Abebe",
      "venue": "The Thirteenth International Conference on Learning Representations, 2025",
      "year": 2025,
      "citations": 0
    },
    {
      "title": "Pruning the Way to Reliable Policies: A Multi-Objective Deep Q-Learning Approach to Critical Care",
      "url": "https://scholar.google.com/citations?view_op=view_citation&hl=en&user=FUSSkq0AAAAJ&citation_for_view=FUSSkq0AAAAJ:zYLM7Y9cAGgC",
      "authors": "A Shirali, A Schubert, A Alaa",
      "venue": "IEEE Journal of Biomedical and Health Informatics, 2024",
      "year": 2024,
      "citations": 11
    },
    {
      "title": "Allocation Requires Prediction Only if Inequality Is Low",
      "url": "https://scholar.google.com/citations?view_op=view_citation&hl=en&user=FUSSkq0AAAAJ&citation_for_view=FUSSkq0AAAAJ:0EnyYjriUFMC",
      "authors": "A Shirali, R Abebe, M Hardt",
      "venue": "Forty-first International Conference on Machine Learning, ICML 2024, 2024",
      "year": 2024,
      "citations": 11
    },
    {
      "title": "Collaborative Filtering with Representation Learning in the Frequency Domain",
      "url": "https://scholar.google.com/citations?view_op=view_citation&hl=en&user=FUSSkq0AAAAJ&citation_for_view=FUSSkq0AAAAJ:hqOjcs7Dif8C",
      "authors": "A Shirali, R Kazemi, A Amini",
      "venue": "Information Sciences 681, 121240, 2024",
      "year": 2024,
      "citations": 5
    },
    {
      "title": "Participatory Objective Design via Preference Elicitation",
      "url": "https://scholar.google.com/citations?view_op=view_citation&hl=en&user=FUSSkq0AAAAJ&citation_for_view=FUSSkq0AAAAJ:Se3iqnhoufwC",
      "authors": "A Shirali, J Finocchiaro, R Abebe",
      "venue": "Proceedings of the 2024 ACM Conference on Fairness, Accountability, and …, 2024",
      "year": 2024,
      "citations": 1
    },
    {
      "title": "A Theory of Dynamic Benchmarks",
      "url": "https://scholar.google.com/citations?view_op=view_citation&hl=en&user=FUSSkq0AAAAJ&citation_for_view=FUSSkq0AAAAJ:roLk4NBRz8UC",
      "authors": "A Shirali, R Abebe, M Hardt",
      "venue": "The Eleventh International Conference on Learning Representations, 2023",
      "year": 2023,
      "citations": 19
    },
    {
      "title": "On the Effect of Triadic Closure on Network Segregation",
      "url": "https://scholar.google.com/citations?view_op=view_citation&hl=en&user=FUSSkq0AAAAJ&citation_for_view=FUSSkq0AAAAJ:qjMakFHDy7sC",
      "authors": "R Abebe, N Immorlica, J Kleinberg, B Lucier, A Shirali",
      "venue": "Proceedings of the 23rd ACM Conference on Economics and Computation, 249–284, 2022",
      "year": 2022,
      "citations": 19
    },
    {
      "title": "Sequential Nature of Recommender Systems Disrupts the Evaluation Process",
      "url": "https://scholar.google.com/citations?view_op=view_citation&hl=en&user=FUSSkq0AAAAJ&citation_for_view=FUSSkq0AAAAJ:u-x6o8ySG0sC",
      "authors": "A Shirali",
      "venue": "Advances in Bias and Fairness in Information Retrieval, 21-34, 2022",
      "year": 2022,
      "citations": 5
    },
    {
      "title": "Using Distance on the Riemannian Manifold to Compare Representations in Brain and in Models",
      "url": "https://scholar.google.com/citations?view_op=view_citation&hl=en&user=FUSSkq0AAAAJ&citation_for_view=FUSSkq0AAAAJ:u5HHmVD_uO8C",
      "authors": "M Shahbazi, A Shirali, H Aghajan, H Nili",
      "venue": "NeuroImage 239, 118271, 2021",
      "year": 2021,
      "citations": 54
    },
    {
      "title": "Collective Counterfactual Explanations: Balancing Individual Goals and Collective Dynamics",
      "url": "https://scholar.google.com/citations?view_op=view_citation&hl=en&user=FUSSkq0AAAAJ&citation_for_view=FUSSkq0AAAAJ:_kc_bZDykSQC",
      "authors": "AR Ehyaei, A Shirali, S Samadi",
      "venue": "The Thirty-ninth Annual Conference on Neural Information Processing Systems, 0",
      "citations": 2
    }
  ],
  "co_authors": [
    {
      "name": "Rediet Abebe",
      "scholar_id": "sDHHglIAAAAJ",
      "url": "https://scholar.google.com/citations?user=sDHHglIAAAAJ"
    },
    {
      "name": "Moritz Hardt",
      "scholar_id": "adnTgaAAAAAJ",
      "url": "https://scholar.google.com/citations?user=adnTgaAAAAAJ"
    },
    {
      "name": "Mahdiyar Shahbazi",
      "scholar_id": "LNNI_QoAAAAJ",
      "url": "https://scholar.google.com/citations?user=LNNI_QoAAAAJ"
    },
    {
      "name": "Ariel Procaccia",
      "scholar_id": "8ZpV-lkAAAAJ",
      "url": "https://scholar.google.com/citations?user=8ZpV-lkAAAAJ"
    }
  ]
}