{
  "author_info": {
    "name": "Jong Hwan Ko",
    "affiliation": "SungKyunKwan Univ. (SKKU)",
    "email_verified": "Verified email at skku.edu - Homepage",
    "website": "http://iris.skku.edu/",
    "interests": [
      "Deep learning accelerator",
      "Image/audio processing",
      "VLSI/IoT systems design"
    ],
    "photo_url": "/citations/images/avatar_scholar_128.png"
  },
  "citation_stats": {
    "citations_all": 2401,
    "citations_since_2020": 2140,
    "h_index_all": 24,
    "h_index_since_2020": 22,
    "i10_index_all": 54,
    "i10_index_since_2020": 51,
    "citation_graph": [
      {
        "year": 2016,
        "citations": 10
      },
      {
        "year": 2017,
        "citations": 24
      },
      {
        "year": 2018,
        "citations": 92
      },
      {
        "year": 2019,
        "citations": 121
      },
      {
        "year": 2020,
        "citations": 127
      },
      {
        "year": 2021,
        "citations": 157
      },
      {
        "year": 2022,
        "citations": 238
      },
      {
        "year": 2023,
        "citations": 352
      },
      {
        "year": 2024,
        "citations": 556
      },
      {
        "year": 2025,
        "citations": 703
      }
    ]
  },
  "papers": [
    {
      "title": "Compact 3d gaussian representation for radiance field",
      "url": "https://scholar.google.com/citations?view_op=view_citation&hl=en&user=UN_OIs4AAAAJ&citation_for_view=UN_OIs4AAAAJ:sSrBHYA8nusC",
      "authors": "JC Lee, D Rho, X Sun, JH Ko, E Park",
      "venue": "Proceedings of the IEEE/CVF Conference on Computer Vision and Pattern …, 2024",
      "year": 2024,
      "citations": 374
    },
    {
      "title": "Masked wavelet representation for compact neural radiance fields",
      "url": "https://scholar.google.com/citations?view_op=view_citation&hl=en&user=UN_OIs4AAAAJ&citation_for_view=UN_OIs4AAAAJ:CHSYGLWDkRkC",
      "authors": "D Rho, B Lee, S Nam, JC Lee, JH Ko, E Park",
      "venue": "Proceedings of the IEEE/CVF Conference on Computer Vision and Pattern …, 2023",
      "year": 2023,
      "citations": 76
    },
    {
      "title": "Ffnerv: Flow-guided frame-wise neural representations for videos",
      "url": "https://scholar.google.com/citations?view_op=view_citation&hl=en&user=UN_OIs4AAAAJ&citation_for_view=UN_OIs4AAAAJ:1sJd4Hv_s6UC",
      "authors": "JC Lee, D Rho, JH Ko, E Park",
      "venue": "Proceedings of the 31st ACM International Conference on Multimedia, 7859-7870, 2023",
      "year": 2023,
      "citations": 66
    },
    {
      "title": "Bi-pointflownet: Bidirectional learning for point cloud based scene flow estimation",
      "url": "https://scholar.google.com/citations?view_op=view_citation&hl=en&user=UN_OIs4AAAAJ&citation_for_view=UN_OIs4AAAAJ:f2IySw72cVMC",
      "authors": "W Cheng, JH Ko",
      "venue": "European Conference on Computer Vision, 108-124, 2022",
      "year": 2022,
      "citations": 83
    },
    {
      "title": "Neural residual flow fields for efficient video representations",
      "url": "https://scholar.google.com/citations?view_op=view_citation&hl=en&user=UN_OIs4AAAAJ&citation_for_view=UN_OIs4AAAAJ:4OULZ7Gr8RgC",
      "authors": "D Rho, J Cho, JH Ko, E Park",
      "venue": "Proceedings of the Asian Conference on Computer Vision, 3447-3463, 2022",
      "year": 2022,
      "citations": 30
    },
    {
      "title": "HandFoldingNet: A 3D Hand Pose Estimation Network Using Multiscale-Feature Guided Folding of a 2D Hand Skeleton",
      "url": "https://scholar.google.com/citations?view_op=view_citation&hl=en&user=UN_OIs4AAAAJ&citation_for_view=UN_OIs4AAAAJ:M05iB0D1s5AC",
      "authors": "W Cheng, JH Park, JH Ko",
      "venue": "arXiv preprint arXiv:2108.05545 (Accepted for presentation at ICCV 2021), 2021",
      "year": 2021,
      "citations": 70
    },
    {
      "title": "A charge-domain scalable-weight in-memory computing macro with dual-SRAM architecture for precision-scalable DNN accelerators",
      "url": "https://scholar.google.com/citations?view_op=view_citation&hl=en&user=UN_OIs4AAAAJ&citation_for_view=UN_OIs4AAAAJ:35N4QoGY0k4C",
      "authors": "E Lee, T Han, D Seo, G Shin, J Kim, S Kim, S Jeong, J Rhe, J Park, JH Ko, ...",
      "venue": "IEEE Transactions on Circuits and Systems I: Regular Papers 68 (8), 3305-3316, 2021",
      "year": 2021,
      "citations": 65
    },
    {
      "title": "Binary-classifiers-enabled filters for semi-supervised learning",
      "url": "https://scholar.google.com/citations?view_op=view_citation&hl=en&user=UN_OIs4AAAAJ&citation_for_view=UN_OIs4AAAAJ:ZHo1McVdvXMC",
      "authors": "T Kumar, J Park, MS Ali, AFMS Uddin, JH Ko, SH Bae",
      "venue": "IEEE Access 9, 167663-167673, 2021",
      "year": 2021,
      "citations": 48
    },
    {
      "title": "Edge-host partitioning of deep neural networks with feature space encoding for resource-constrained internet-of-things platforms",
      "url": "https://scholar.google.com/citations?view_op=view_citation&hl=en&user=UN_OIs4AAAAJ&citation_for_view=UN_OIs4AAAAJ:iH-uZ7U-co4C",
      "authors": "JH Ko, T Na, MF Amir, S Mukhopadhyay",
      "venue": "2018 15th IEEE International Conference on Advanced Video and Signal Based …, 2018",
      "year": 2018,
      "citations": 181
    },
    {
      "title": "3-D stacked image sensor with deep neural network computation",
      "url": "https://scholar.google.com/citations?view_op=view_citation&hl=en&user=UN_OIs4AAAAJ&citation_for_view=UN_OIs4AAAAJ:l7t_Zn2s7bgC",
      "authors": "MF Amir, JH Ko, T Na, D Kim, S Mukhopadhyay",
      "venue": "IEEE Sensors Journal 18 (10), 4187-4199, 2018",
      "year": 2018,
      "citations": 79
    },
    {
      "title": "Energy efficient and side-channel secure cryptographic hardware for IoT-edge nodes",
      "url": "https://scholar.google.com/citations?view_op=view_citation&hl=en&user=UN_OIs4AAAAJ&citation_for_view=UN_OIs4AAAAJ:JV2RwH3_ST0C",
      "authors": "A Singh, N Chawla, JH Ko, M Kar, S Mukhopadhyay",
      "venue": "IEEE Internet of Things Journal 6 (1), 421-434, 2018",
      "year": 2018,
      "citations": 61
    },
    {
      "title": "Edge-cloud collaborative processing for intelligent internet of things: A case study on smart surveillance",
      "url": "https://scholar.google.com/citations?view_op=view_citation&hl=en&user=UN_OIs4AAAAJ&citation_for_view=UN_OIs4AAAAJ:M3NEmzRMIkIC",
      "authors": "BA Mudassar, JH Ko, S Mukhopadhyay",
      "venue": "Proceedings of the 55th Annual Design Automation Conference, 1-6, 2018",
      "year": 2018,
      "citations": 46
    },
    {
      "title": "Taesik Na, Mohammad Faisal Amir, and Saibal Mukhopadhyay. 2018. Edge-host partitioning of deep neural networks with feature space encoding for resource-constrained internet-of …",
      "url": "https://scholar.google.com/citations?view_op=view_citation&hl=en&user=UN_OIs4AAAAJ&citation_for_view=UN_OIs4AAAAJ:J_g5lzvAfSwC",
      "authors": "JH Ko",
      "venue": "2018 15th IEEE International Conference on Advanced Video and Signal Based …, 2018",
      "year": 2018,
      "citations": 44
    },
    {
      "title": "Cascade Adversarial Machine Learning Regularized with a Unified Embedding",
      "url": "https://scholar.google.com/citations?view_op=view_citation&hl=en&user=UN_OIs4AAAAJ&citation_for_view=UN_OIs4AAAAJ:_Qo2XoVZTnwC",
      "authors": "T Na, JH Ko, S Mukhopadhyay",
      "venue": "International Conference on Learning Representations (ICLR), 2017",
      "year": 2017,
      "citations": 133
    },
    {
      "title": "Design of an energy-efficient accelerator for training of convolutional neural networks using frequency-domain computation",
      "url": "https://scholar.google.com/citations?view_op=view_citation&hl=en&user=UN_OIs4AAAAJ&citation_for_view=UN_OIs4AAAAJ:TQgYirikUcIC",
      "authors": "JH Ko, B Mudassar, T Na, S Mukhopadhyay",
      "venue": "Proceedings of the 54th Annual Design Automation Conference 2017, 1-6, 2017",
      "year": 2017,
      "citations": 68
    },
    {
      "title": "Adaptive Weight Compression for Memory-Efficient Neural Networks",
      "url": "https://scholar.google.com/citations?view_op=view_citation&hl=en&user=UN_OIs4AAAAJ&citation_for_view=UN_OIs4AAAAJ:hC7cP41nSMkC",
      "authors": "JH Ko, D Kim, T Na, J Kung, Saibal Mukhopadhyay",
      "venue": "Design, Automation, and Test in Europe (DATE 2017), 2017",
      "year": 2017,
      "citations": 61
    },
    {
      "title": "On-Chip Training of Recurrent Neural Networks with Limited Numerical Precision",
      "url": "https://scholar.google.com/citations?view_op=view_citation&hl=en&user=UN_OIs4AAAAJ&citation_for_view=UN_OIs4AAAAJ:mB3voiENLucC",
      "authors": "T Na, JH Ko, J Kung, S Mukhopadhyay",
      "venue": "International Joint Conference on Neural Networks (IJCNN 2017), 2017",
      "year": 2017,
      "citations": 59
    },
    {
      "title": "A single-chip image sensor node with energy harvesting from a CMOS pixel array",
      "url": "https://scholar.google.com/citations?view_op=view_citation&hl=en&user=UN_OIs4AAAAJ&citation_for_view=UN_OIs4AAAAJ:R3hNpaxXUhUC",
      "authors": "JH Ko, MF Amir, KZ Ahmed, T Na, S Mukhopadhyay",
      "venue": "IEEE transactions on circuits and systems I: regular papers 64 (9), 2295-2307, 2017",
      "year": 2017,
      "citations": 28
    },
    {
      "title": "An energy-efficient wireless video sensor node for moving object surveillance",
      "url": "https://scholar.google.com/citations?view_op=view_citation&hl=en&user=UN_OIs4AAAAJ&citation_for_view=UN_OIs4AAAAJ:u-x6o8ySG0sC",
      "authors": "JH Ko, BA Mudassar, S Mukhopadhyay",
      "venue": "IEEE Transactions on Multi-Scale Computing Systems 1 (1), 7-18, 2015",
      "year": 2015,
      "citations": 37
    },
    {
      "title": "Exploring power attack protection of resource constrained encryption engines using integrated low-drop-out regulators",
      "url": "https://scholar.google.com/citations?view_op=view_citation&hl=en&user=UN_OIs4AAAAJ&citation_for_view=UN_OIs4AAAAJ:d1gkVwhDpl0C",
      "authors": "A Singh, M Kar, JH Ko, S Mukhopadhyay",
      "venue": "2015 IEEE/ACM International Symposium on Low Power Electronics and Design …, 2015",
      "year": 2015,
      "citations": 34
    }
  ],
  "co_authors": [
    {
      "name": "Saibal Mukhopadhyay",
      "scholar_id": "5KRtMEkAAAAJ",
      "url": "https://scholar.google.com/citations?user=5KRtMEkAAAAJ"
    },
    {
      "name": "Taesik Na",
      "scholar_id": "z5kbXTUAAAAJ",
      "url": "https://scholar.google.com/citations?user=z5kbXTUAAAAJ"
    },
    {
      "name": "Joo Chan Lee",
      "scholar_id": "WKCHKk8AAAAJ",
      "url": "https://scholar.google.com/citations?user=WKCHKk8AAAAJ"
    },
    {
      "name": "Eunbyung Park",
      "scholar_id": "iPyuJmQAAAAJ",
      "url": "https://scholar.google.com/citations?user=iPyuJmQAAAAJ"
    },
    {
      "name": "Daniel Rho",
      "scholar_id": "nEC0wK4AAAAJ",
      "url": "https://scholar.google.com/citations?user=nEC0wK4AAAAJ"
    },
    {
      "name": "Johnny Rhe",
      "scholar_id": "fRI_O0UAAAAJ",
      "url": "https://scholar.google.com/citations?user=fRI_O0UAAAAJ"
    },
    {
      "name": "WENCAN CHENG",
      "scholar_id": "irMS3GIAAAAJ",
      "url": "https://scholar.google.com/citations?user=irMS3GIAAAAJ"
    },
    {
      "name": "Mohammad Faisal Amir",
      "scholar_id": "kQ0adEcFxk4C",
      "url": "https://scholar.google.com/citations?user=kQ0adEcFxk4C"
    },
    {
      "name": "Burhan Ahmad Mudassar",
      "scholar_id": "J2b77u0AAAAJ",
      "url": "https://scholar.google.com/citations?user=J2b77u0AAAAJ"
    },
    {
      "name": "Jaeha Kung",
      "scholar_id": "dQvmSAoAAAAJ",
      "url": "https://scholar.google.com/citations?user=dQvmSAoAAAAJ"
    },
    {
      "name": "Duckhwan Kim",
      "scholar_id": "JzknJQYAAAAJ",
      "url": "https://scholar.google.com/citations?user=JzknJQYAAAAJ"
    },
    {
      "name": "Monodeep Kar",
      "scholar_id": "jbV35uQAAAAJ",
      "url": "https://scholar.google.com/citations?user=jbV35uQAAAAJ"
    },
    {
      "name": "Arvind Singh",
      "scholar_id": "BKIkF7wAAAAJ",
      "url": "https://scholar.google.com/citations?user=BKIkF7wAAAAJ"
    },
    {
      "name": "Priyabrata Saha",
      "scholar_id": "jhzXDhoAAAAJ",
      "url": "https://scholar.google.com/citations?user=jhzXDhoAAAAJ"
    },
    {
      "name": "Shuayb Zarar",
      "scholar_id": "yLaIGQUAAAAJ",
      "url": "https://scholar.google.com/citations?user=yLaIGQUAAAAJ"
    },
    {
      "name": "Ivan Tashev",
      "scholar_id": "spTjPZMAAAAJ",
      "url": "https://scholar.google.com/citations?user=spTjPZMAAAAJ"
    },
    {
      "name": "Matthai Philipose",
      "scholar_id": "Nn5I5qcAAAAJ",
      "url": "https://scholar.google.com/citations?user=Nn5I5qcAAAAJ"
    },
    {
      "name": "Yoonmyung Lee",
      "scholar_id": "_638q4UAAAAJ",
      "url": "https://scholar.google.com/citations?user=_638q4UAAAAJ"
    },
    {
      "name": "Gicheol Shin (신기철)",
      "scholar_id": "ldF84xgAAAAJ",
      "url": "https://scholar.google.com/citations?user=ldF84xgAAAAJ"
    },
    {
      "name": "Jungrae Kim",
      "scholar_id": "Jbpv5q0AAAAJ",
      "url": "https://scholar.google.com/citations?user=Jbpv5q0AAAAJ"
    }
  ]
}