{
  "author_info": {
    "name": "Rongzhen Zhao",
    "affiliation": "Aalto University",
    "email_verified": "Verified email at aalto.fi - Homepage",
    "website": "https://genera1z.github.io/",
    "interests": [
      "Object-Centric Learning",
      "World Model",
      "Neural-Symbolic",
      "Artificial General Intelligence"
    ],
    "photo_url": "/citations/images/avatar_scholar_128.png"
  },
  "citation_stats": {
    "citations_all": 54,
    "citations_since_2020": 52,
    "h_index_all": 4,
    "h_index_since_2020": 4,
    "i10_index_all": 2,
    "i10_index_since_2020": 2,
    "citation_graph": [
      {
        "year": 2019,
        "citations": 2
      },
      {
        "year": 2020,
        "citations": 1
      },
      {
        "year": 2021,
        "citations": 8
      },
      {
        "year": 2022,
        "citations": 6
      },
      {
        "year": 2023,
        "citations": 5
      },
      {
        "year": 2024,
        "citations": 7
      },
      {
        "year": 2025,
        "citations": 25
      }
    ]
  },
  "papers": [
    {
      "title": "Vector-Quantized Vision Foundation Models for Object-Centric Learning",
      "url": "https://scholar.google.com/citations?view_op=view_citation&hl=en&user=MqlwrKAAAAAJ&citation_for_view=MqlwrKAAAAAJ:dhFuZR0502QC",
      "authors": "R Zhao, VH Wang, J Kannala, J Pajarinen",
      "venue": "Proceedings of the 33rd ACM International Conference on Multimedia, 5422-5430, 2025",
      "year": 2025,
      "citations": 4
    },
    {
      "title": "Grouped Discrete Representation for Object-Centric Learning",
      "url": "https://scholar.google.com/citations?view_op=view_citation&hl=en&user=MqlwrKAAAAAJ&citation_for_view=MqlwrKAAAAAJ:Zph67rFs4hoC",
      "authors": "R Zhao, V Wang, J Kannala, J Pajarinen",
      "venue": "Joint European Conference on Machine Learning and Knowledge Discovery in …, 2025",
      "year": 2025,
      "citations": 4
    },
    {
      "title": "Slot Attention with Re-Initialization and Self-Distillation",
      "url": "https://scholar.google.com/citations?view_op=view_citation&hl=en&user=MqlwrKAAAAAJ&citation_for_view=MqlwrKAAAAAJ:4TOpqqG69KYC",
      "authors": "R Zhao, Y Zhao, J Kannala, J Pajarinen",
      "venue": "Proceedings of the 33rd ACM International Conference on Multimedia, 4185-4192, 2025",
      "year": 2025,
      "citations": 2
    },
    {
      "title": "Predicting Video Slot Attention Queries from Random Slot-Feature Pairs",
      "url": "https://scholar.google.com/citations?view_op=view_citation&hl=en&user=MqlwrKAAAAAJ&citation_for_view=MqlwrKAAAAAJ:4DMP91E08xMC",
      "authors": "R Zhao, J Li, J Kannala, J Pajarinen",
      "venue": "arXiv preprint arXiv:2508.01345, 2025",
      "year": 2025,
      "citations": 1
    },
    {
      "title": "Smoothing Slot Attention Iterations and Recurrences",
      "url": "https://scholar.google.com/citations?view_op=view_citation&hl=en&user=MqlwrKAAAAAJ&citation_for_view=MqlwrKAAAAAJ:Wp0gIr-vW9MC",
      "authors": "R Zhao, W Yang, J Kannala, J Pajarinen",
      "venue": "arXiv preprint arXiv:2508.05417, 2025",
      "year": 2025,
      "citations": 0
    },
    {
      "title": "Break Through the Fixed Number of Slots in Object-Centric Learning",
      "url": "https://scholar.google.com/citations?view_op=view_citation&hl=en&user=MqlwrKAAAAAJ&citation_for_view=MqlwrKAAAAAJ:QIV2ME_5wuYC",
      "authors": "H Liu, R Zhao*, H Chen, J Pajarinen",
      "venue": "Conference on Neural Information Processing Systems, 2025",
      "year": 2025,
      "citations": 0
    },
    {
      "title": "Multi-Scale Fusion for Object Representation",
      "url": "https://scholar.google.com/citations?view_op=view_citation&hl=en&user=MqlwrKAAAAAJ&citation_for_view=MqlwrKAAAAAJ:7PzlFSSx8tAC",
      "authors": "R Zhao, V Wang, J Kannala, J Pajarinen",
      "venue": "arXiv preprint arXiv:2410.01539, 2024",
      "year": 2024,
      "citations": 4
    },
    {
      "title": "BIDL: a Brain-inspired Deep Learning Framework for Spatiotemporal Processing",
      "url": "https://scholar.google.com/citations?view_op=view_citation&hl=en&user=MqlwrKAAAAAJ&citation_for_view=MqlwrKAAAAAJ:IjCSPb-OGe4C",
      "authors": "Z Wu, Y Shen, J Zhang, H Liang, R Zhao, H Li, J Xiong, X Zhang, Y Chua",
      "venue": "Frontiers in Neuroscience 17, 1213720, 2023",
      "year": 2023,
      "citations": 1
    },
    {
      "title": "Modeling Learnable Electrical Synapse for High Precision Spatio-temporal Recognition",
      "url": "https://scholar.google.com/citations?view_op=view_citation&hl=en&user=MqlwrKAAAAAJ&citation_for_view=MqlwrKAAAAAJ:u-x6o8ySG0sC",
      "authors": "Z Wu, Z Zhang, H Gao, J Qin, R Zhao, G Zhao, G Li",
      "venue": "Neural Networks 149, 184-194, 2022",
      "year": 2022,
      "citations": 11
    },
    {
      "title": "Convolution of Convolution: Let Kernels Spatially Collaborate",
      "url": "https://scholar.google.com/citations?view_op=view_citation&hl=en&user=MqlwrKAAAAAJ&citation_for_view=MqlwrKAAAAAJ:u5HHmVD_uO8C",
      "authors": "R Zhao, J Li, Z Wu",
      "venue": "Proceedings of the IEEE/CVF Conference on Computer Vision and Pattern …, 2022",
      "year": 2022,
      "citations": 4
    },
    {
      "title": "Learnable Heterogeneous Convolution: Learning both Topology and Strength",
      "url": "https://scholar.google.com/citations?view_op=view_citation&hl=en&user=MqlwrKAAAAAJ&citation_for_view=MqlwrKAAAAAJ:9yKSN-GCB0IC",
      "authors": "R Zhao, Z Wu, Q Zhang",
      "venue": "Neural Networks 141, 270-280, 2021",
      "year": 2021,
      "citations": 6
    },
    {
      "title": "oneM2M-compliant Stacked Middleware Promoting IoT Research and Development",
      "url": "https://scholar.google.com/citations?view_op=view_citation&hl=en&user=MqlwrKAAAAAJ&citation_for_view=MqlwrKAAAAAJ:d1gkVwhDpl0C",
      "authors": "R Zhao, L Wang, X Zhang, Y Zhang, L Wang, H Peng",
      "venue": "IEEE Access 6, 63546-63559, 2018",
      "year": 2018,
      "citations": 17
    }
  ],
  "co_authors": [
    {
      "name": "Joni Pajarinen",
      "scholar_id": "-2fJStwAAAAJ",
      "url": "https://scholar.google.com/citations?user=-2fJStwAAAAJ"
    },
    {
      "name": "Juho Kannala",
      "scholar_id": "c4mWQPQAAAAJ",
      "url": "https://scholar.google.com/citations?user=c4mWQPQAAAAJ"
    },
    {
      "name": "Zhenzhi Wu",
      "scholar_id": "yMIy_IEAAAAJ",
      "url": "https://scholar.google.com/citations?user=yMIy_IEAAAAJ"
    },
    {
      "name": "Vivienne Wang",
      "scholar_id": "hN0MLgYAAAAJ",
      "url": "https://scholar.google.com/citations?user=hN0MLgYAAAAJ"
    },
    {
      "name": "Wenyan Yang",
      "scholar_id": "0bTF5XUAAAAJ",
      "url": "https://scholar.google.com/citations?user=0bTF5XUAAAAJ"
    },
    {
      "name": "Yi Zhao",
      "scholar_id": "OxdZ3CIAAAAJ",
      "url": "https://scholar.google.com/citations?user=OxdZ3CIAAAAJ"
    },
    {
      "name": "Hongjia Liu",
      "scholar_id": "eA6piPgAAAAJ",
      "url": "https://scholar.google.com/citations?user=eA6piPgAAAAJ"
    }
  ]
}