{
  "author_info": {
    "name": "Zhihao Duan",
    "affiliation": "PhD candidate, Purdue University",
    "email_verified": "Verified email at purdue.edu - Homepage",
    "website": "https://duanzhiihao.github.io/",
    "interests": [
      "machine learning",
      "computer vision",
      "data compression"
    ],
    "photo_url": "https://scholar.googleusercontent.com/citations?view_op=view_photo&user=9ctnr1kAAAAJ&citpid=1"
  },
  "citation_stats": {
    "citations_all": 421,
    "citations_since_2020": 421,
    "h_index_all": 10,
    "h_index_since_2020": 10,
    "i10_index_all": 10,
    "i10_index_since_2020": 10,
    "citation_graph": [
      {
        "year": 2021,
        "citations": 11
      },
      {
        "year": 2022,
        "citations": 17
      },
      {
        "year": 2023,
        "citations": 64
      },
      {
        "year": 2024,
        "citations": 154
      },
      {
        "year": 2025,
        "citations": 172
      }
    ]
  },
  "papers": [
    {
      "title": "CL-LoRA: Continual Low-Rank Adaptation for Rehearsal-Free Class-Incremental Learning",
      "url": "https://scholar.google.com/citations?view_op=view_citation&hl=en&user=9ctnr1kAAAAJ&citation_for_view=9ctnr1kAAAAJ:LkGwnXOMwfcC",
      "authors": "J He, Z Duan, F Zhu",
      "venue": "Proceedings of the Computer Vision and Pattern Recognition Conference, 30534 …, 2025",
      "year": 2025,
      "citations": 6
    },
    {
      "title": "Balanced rate-distortion optimization in learned image compression",
      "url": "https://scholar.google.com/citations?view_op=view_citation&hl=en&user=9ctnr1kAAAAJ&citation_for_view=9ctnr1kAAAAJ:_FxGoFyzp5QC",
      "authors": "Y Zhang, Z Duan, Y Huang, F Zhu",
      "venue": "Proceedings of the Computer Vision and Pattern Recognition Conference, 2428-2438, 2025",
      "year": 2025,
      "citations": 4
    },
    {
      "title": "Accelerating Learned Image Compression Through Modeling Neural Training Dynamics",
      "url": "https://scholar.google.com/citations?view_op=view_citation&hl=en&user=9ctnr1kAAAAJ&citation_for_view=9ctnr1kAAAAJ:roLk4NBRz8UC",
      "authors": "Y Zhang, Z Duan, Y Huang, F Zhu",
      "venue": "Transactions on machine learning research 2025, 4249, 2025",
      "year": 2025,
      "citations": 0
    },
    {
      "title": "Deep Hierarchical Video Compression",
      "url": "https://scholar.google.com/citations?view_op=view_citation&hl=en&user=9ctnr1kAAAAJ&citation_for_view=9ctnr1kAAAAJ:W7OEmFMy1HYC",
      "authors": "M Lu, Z Duan, F Zhu, Z Ma",
      "venue": "Proceedings of the AAAI Conference on Artificial Intelligence 38 (8), 8859-8867, 2024",
      "year": 2024,
      "citations": 21
    },
    {
      "title": "Towards Backward-Compatible Continual Learning of Image Compression",
      "url": "https://scholar.google.com/citations?view_op=view_citation&hl=en&user=9ctnr1kAAAAJ&citation_for_view=9ctnr1kAAAAJ:eQOLeE2rZwMC",
      "authors": "Z Duan, M Lu, J Yang, J He, Z Ma, F Zhu",
      "venue": "Proceedings of the IEEE/CVF Conference on Computer Vision and Pattern …, 2024",
      "year": 2024,
      "citations": 11
    },
    {
      "title": "Another Way to the Top: Exploit Contextual Clustering in Learned Image Coding",
      "url": "https://scholar.google.com/citations?view_op=view_citation&hl=en&user=9ctnr1kAAAAJ&citation_for_view=9ctnr1kAAAAJ:YsMSGLbcyi4C",
      "authors": "Y Zhang, Z Duan, M Lu, D Ding, F Zhu, Z Ma",
      "venue": "Proceedings of the AAAI Conference on Artificial Intelligence 38 (8), 9377-9386, 2024",
      "year": 2024,
      "citations": 10
    },
    {
      "title": "High-Efficiency Neural Video Compression via Hierarchical Predictive Learning",
      "url": "https://scholar.google.com/citations?view_op=view_citation&hl=en&user=9ctnr1kAAAAJ&citation_for_view=9ctnr1kAAAAJ:ufrVoPGSRksC",
      "authors": "M Lu, Z Duan, W Cong, D Ding, F Zhu, Z Ma",
      "venue": "arXiv preprint arXiv:2410.02598, 2024",
      "year": 2024,
      "citations": 2
    },
    {
      "title": "Qarv: Quantization-aware resnet vae for lossy image compression",
      "url": "https://scholar.google.com/citations?view_op=view_citation&hl=en&user=9ctnr1kAAAAJ&citation_for_view=9ctnr1kAAAAJ:IjCSPb-OGe4C",
      "authors": "Z Duan, M Lu, J Ma, Y Huang, Z Ma, F Zhu",
      "venue": "IEEE Transactions on Pattern Analysis and Machine Intelligence 46 (1), 436-450, 2023",
      "year": 2023,
      "citations": 107
    },
    {
      "title": "Lossy Image Compression with Quantized Hierarchical VAEs",
      "url": "https://scholar.google.com/citations?view_op=view_citation&hl=en&user=9ctnr1kAAAAJ&citation_for_view=9ctnr1kAAAAJ:2osOgNQ5qMEC",
      "authors": "Z Duan, M Lu, Z Ma, F Zhu",
      "venue": "Proceedings of the IEEE/CVF Winter Conference on Applications of Computer …, 2023",
      "year": 2023,
      "citations": 75
    },
    {
      "title": "Unified architecture adaptation for compressed domain semantic inference",
      "url": "https://scholar.google.com/citations?view_op=view_citation&hl=en&user=9ctnr1kAAAAJ&citation_for_view=9ctnr1kAAAAJ:UeHWp8X0CEIC",
      "authors": "Z Duan, Z Ma, F Zhu",
      "venue": "IEEE Transactions on Circuits and Systems for Video Technology 33 (8), 4108-4121, 2023",
      "year": 2023,
      "citations": 20
    },
    {
      "title": "An Improved Upper Bound on the Rate-Distortion Function of Images",
      "url": "https://scholar.google.com/citations?view_op=view_citation&hl=en&user=9ctnr1kAAAAJ&citation_for_view=9ctnr1kAAAAJ:Y0pCki6q_DkC",
      "authors": "Z Duan, J Ma, J He, F Zhu",
      "venue": "2023 IEEE International Conference on Image Processing (ICIP), 246-250, 2023",
      "year": 2023,
      "citations": 3
    },
    {
      "title": "WEPDTOF: A Dataset and Benchmark Algorithms for In-the-Wild People Detection and Tracking From Overhead Fisheye Cameras",
      "url": "https://scholar.google.com/citations?view_op=view_citation&hl=en&user=9ctnr1kAAAAJ&citation_for_view=9ctnr1kAAAAJ:u5HHmVD_uO8C",
      "authors": "O Tezcan, Z Duan, M Cokbas, P Ishwar, J Konrad",
      "venue": "Proceedings of the IEEE/CVF Winter Conference on Applications of Computer …, 2022",
      "year": 2022,
      "citations": 32
    },
    {
      "title": "Efficient Feature Compression for Edge-Cloud Systems",
      "url": "https://scholar.google.com/citations?view_op=view_citation&hl=en&user=9ctnr1kAAAAJ&citation_for_view=9ctnr1kAAAAJ:qjMakFHDy7sC",
      "authors": "Z Duan, F Zhu",
      "venue": "2022 Picture Coding Symposium (PCS), 187-191, 2022",
      "year": 2022,
      "citations": 18
    },
    {
      "title": "Opening the Black Box of Learned Image Coders",
      "url": "https://scholar.google.com/citations?view_op=view_citation&hl=en&user=9ctnr1kAAAAJ&citation_for_view=9ctnr1kAAAAJ:d1gkVwhDpl0C",
      "authors": "Z Duan, M Lu, Z Ma, F Zhu",
      "venue": "2022 Picture Coding Symposium (PCS), 73-77, 2022",
      "year": 2022,
      "citations": 15
    },
    {
      "title": "Rapid: rotation-aware people detection in overhead fisheye images",
      "url": "https://scholar.google.com/citations?view_op=view_citation&hl=en&user=9ctnr1kAAAAJ&citation_for_view=9ctnr1kAAAAJ:u-x6o8ySG0sC",
      "authors": "Z Duan, O Tezcan, H Nakamura, P Ishwar, J Konrad",
      "venue": "Proceedings of the IEEE/CVF Conference on Computer Vision and Pattern …, 2020",
      "year": 2020,
      "citations": 97
    }
  ],
  "co_authors": [
    {
      "name": "Fengqing Maggie Zhu",
      "scholar_id": "ZP0UYKEAAAAJ",
      "url": "https://scholar.google.com/citations?user=ZP0UYKEAAAAJ"
    },
    {
      "name": "Zhan Ma",
      "scholar_id": "78KxtRMAAAAJ",
      "url": "https://scholar.google.com/citations?user=78KxtRMAAAAJ"
    },
    {
      "name": "Ming Lu",
      "scholar_id": "qDtMMVgAAAAJ",
      "url": "https://scholar.google.com/citations?user=qDtMMVgAAAAJ"
    },
    {
      "name": "Janusz Konrad",
      "scholar_id": "8YSC1isAAAAJ",
      "url": "https://scholar.google.com/citations?user=8YSC1isAAAAJ"
    },
    {
      "name": "Prakash Ishwar",
      "scholar_id": "RYvdtGcAAAAJ",
      "url": "https://scholar.google.com/citations?user=RYvdtGcAAAAJ"
    },
    {
      "name": "Mustafa Ozan Tezcan",
      "scholar_id": "0XBU5mQAAAAJ",
      "url": "https://scholar.google.com/citations?user=0XBU5mQAAAAJ"
    },
    {
      "name": "Hayato Nakamura",
      "scholar_id": "isAbMcYAAAAJ",
      "url": "https://scholar.google.com/citations?user=isAbMcYAAAAJ"
    },
    {
      "name": "Jiangpeng He",
      "scholar_id": "YEsCw1IAAAAJ",
      "url": "https://scholar.google.com/citations?user=YEsCw1IAAAAJ"
    },
    {
      "name": "Yichi Zhang",
      "scholar_id": "bFDDzWoAAAAJ",
      "url": "https://scholar.google.com/citations?user=bFDDzWoAAAAJ"
    },
    {
      "name": "Mertcan Cokbas",
      "scholar_id": "hwwUt_kAAAAJ",
      "url": "https://scholar.google.com/citations?user=hwwUt_kAAAAJ"
    }
  ]
}