{
  "author_info": {
    "name": "ZHENG YOUYI",
    "affiliation": "ZJU100 Professor of Computer Science, Zhejiang University",
    "email_verified": "Verified email at zju.edu.cn - Homepage",
    "website": "http://zyouyi.com/",
    "interests": [
      "Computer Graphics"
    ],
    "photo_url": "https://scholar.googleusercontent.com/citations?view_op=view_photo&user=7gA-o6gAAAAJ&citpid=7"
  },
  "citation_stats": {
    "citations_all": 3418,
    "citations_since_2020": 2273,
    "h_index_all": 33,
    "h_index_since_2020": 27,
    "i10_index_all": 49,
    "i10_index_since_2020": 45,
    "citation_graph": [
      {
        "year": 2011,
        "citations": 31
      },
      {
        "year": 2012,
        "citations": 51
      },
      {
        "year": 2013,
        "citations": 73
      },
      {
        "year": 2014,
        "citations": 116
      },
      {
        "year": 2015,
        "citations": 141
      },
      {
        "year": 2016,
        "citations": 179
      },
      {
        "year": 2017,
        "citations": 152
      },
      {
        "year": 2018,
        "citations": 189
      },
      {
        "year": 2019,
        "citations": 178
      },
      {
        "year": 2020,
        "citations": 287
      },
      {
        "year": 2021,
        "citations": 288
      },
      {
        "year": 2022,
        "citations": 322
      },
      {
        "year": 2023,
        "citations": 420
      },
      {
        "year": 2024,
        "citations": 470
      },
      {
        "year": 2025,
        "citations": 481
      }
    ]
  },
  "papers": [
    {
      "title": "Domain adaptation on point clouds via geometry-aware implicits",
      "url": "https://scholar.google.com/citations?view_op=view_citation&hl=en&user=7gA-o6gAAAAJ&citation_for_view=7gA-o6gAAAAJ:YTuZlYwrTOUC",
      "authors": "Y Shen, Y Yang, M Yan, H Wang, Y Zheng, LJ Guibas",
      "venue": "Proceedings of the IEEE/CVF conference on computer vision and pattern …, 2022",
      "year": 2022,
      "citations": 76
    },
    {
      "title": "Motion In-Betweening via Two-Stage Transformers.",
      "url": "https://scholar.google.com/citations?view_op=view_citation&hl=en&user=7gA-o6gAAAAJ&citation_for_view=7gA-o6gAAAAJ:s85pQhAUCrAC",
      "authors": "J Qin, Y Zheng, K Zhou",
      "venue": "ACM Trans. Graph. 41 (6), 184:1-184:16, 2022",
      "year": 2022,
      "citations": 72
    },
    {
      "title": "Neuralhdhair: Automatic high-fidelity hair modeling from a single image using implicit neural representations",
      "url": "https://scholar.google.com/citations?view_op=view_citation&hl=en&user=7gA-o6gAAAAJ&citation_for_view=7gA-o6gAAAAJ:nPT8s1NX_-sC",
      "authors": "K Wu, Y Ye, L Yang, H Fu, K Zhou, Y Zheng",
      "venue": "Proceedings of the IEEE/CVF Conference on Computer Vision and Pattern …, 2022",
      "year": 2022,
      "citations": 58
    },
    {
      "title": "Sketchgnn: Semantic sketch segmentation with graph neural networks",
      "url": "https://scholar.google.com/citations?view_op=view_citation&hl=en&user=7gA-o6gAAAAJ&citation_for_view=7gA-o6gAAAAJ:mel-f30kHHgC",
      "authors": "L Yang, J Zhuang, H Fu, X Wei, K Zhou, Y Zheng",
      "venue": "ACM Transactions on Graphics (TOG) 40 (3), 1-13, 2021",
      "year": 2021,
      "citations": 109
    },
    {
      "title": "Neuroskinning: Automatic skin binding for production characters with deep graph networks",
      "url": "https://scholar.google.com/citations?view_op=view_citation&hl=en&user=7gA-o6gAAAAJ&citation_for_view=7gA-o6gAAAAJ:H_jBuBxbQIAC",
      "authors": "L Liu, Y Zheng, D Tang, Y Yuan, C Fan, K Zhou",
      "venue": "ACM Transactions on Graphics (ToG) 38 (4), 1-12, 2019",
      "year": 2019,
      "citations": 116
    },
    {
      "title": "3D tooth segmentation and labeling using deep convolutional neural networks",
      "url": "https://scholar.google.com/citations?view_op=view_citation&hl=en&user=7gA-o6gAAAAJ&citation_for_view=7gA-o6gAAAAJ:SAZ1SQo2q1kC",
      "authors": "X Xu, C Liu, Y Zheng",
      "venue": "IEEE transactions on visualization and computer graphics 25 (7), 2336-2348, 2018",
      "year": 2018,
      "citations": 287
    },
    {
      "title": "Warp-guided gans for single-photo facial animation",
      "url": "https://scholar.google.com/citations?view_op=view_citation&hl=en&user=7gA-o6gAAAAJ&citation_for_view=7gA-o6gAAAAJ:c1e4I3QdEKYC",
      "authors": "J Geng, T Shao, Y Zheng, Y Weng, K Zhou",
      "venue": "ACM Transactions on Graphics (ToG) 37 (6), 1-12, 2018",
      "year": 2018,
      "citations": 173
    },
    {
      "title": "Toward support-free 3D printing: A skeletal approach for partitioning models",
      "url": "https://scholar.google.com/citations?view_op=view_citation&hl=en&user=7gA-o6gAAAAJ&citation_for_view=7gA-o6gAAAAJ:C33y2ycGS3YC",
      "authors": "X Wei, S Qiu, L Zhu, R Feng, Y Tian, J Xi, Y Zheng",
      "venue": "Ieee Transactions on visualization and computer graphics 24 (10), 2799-2812, 2017",
      "year": 2017,
      "citations": 87
    },
    {
      "title": "Shapesynth: Parameterizing model collections for coupled shape exploration and synthesis",
      "url": "https://scholar.google.com/citations?view_op=view_citation&hl=en&user=7gA-o6gAAAAJ&citation_for_view=7gA-o6gAAAAJ:WC9gN4BGCRcC",
      "authors": "M Averkiou, VG Kim, Y Zheng, NJ Mitra",
      "venue": "Computer Graphics Forum 33 (2), 125-134, 2014",
      "year": 2014,
      "citations": 91
    },
    {
      "title": "Imagining the unseen: Stability-based cuboid arrangements for scene understanding",
      "url": "https://scholar.google.com/citations?view_op=view_citation&hl=en&user=7gA-o6gAAAAJ&citation_for_view=7gA-o6gAAAAJ:1Ye0OR6EYb4C",
      "authors": "T Shao, A Monszpart, Y Zheng, B Koo, W Xu, K Zhou, NJ Mitra",
      "venue": "ACM Transactions on Graphics 33 (6), 2014",
      "year": 2014,
      "citations": 82
    },
    {
      "title": "Coupled structure-from-motion and 3D symmetry detection for urban facades",
      "url": "https://scholar.google.com/citations?view_op=view_citation&hl=en&user=7gA-o6gAAAAJ&citation_for_view=7gA-o6gAAAAJ:yxmsSjX2EkcC",
      "authors": "D Ceylan, NJ Mitra, Y Zheng, M Pauly",
      "venue": "ACM Transactions on Graphics (TOG) 33 (1), 1-15, 2014",
      "year": 2014,
      "citations": 78
    },
    {
      "title": "Recurring part arrangements in shape collections",
      "url": "https://scholar.google.com/citations?view_op=view_citation&hl=en&user=7gA-o6gAAAAJ&citation_for_view=7gA-o6gAAAAJ:Ade32sEp0pkC",
      "authors": "Y Zheng, D Cohen‐Or, M Averkiou, NJ Mitra",
      "venue": "Computer Graphics Forum 33 (2), 115-124, 2014",
      "year": 2014,
      "citations": 67
    },
    {
      "title": "Smart Variations: Functional Substructures for Part Compatibility",
      "url": "https://scholar.google.com/citations?view_op=view_citation&hl=en&user=7gA-o6gAAAAJ&citation_for_view=7gA-o6gAAAAJ:Br1UauaknNIC",
      "authors": "Y Zheng, D Cohen‐Or, NJ Mitra",
      "venue": "Computer Graphics Forum 32 (2pt2), 195-204, 2013",
      "year": 2013,
      "citations": 119
    },
    {
      "title": "Interactive images: cuboid proxies for smart image manipulation",
      "url": "https://scholar.google.com/citations?view_op=view_citation&hl=en&user=7gA-o6gAAAAJ&citation_for_view=7gA-o6gAAAAJ:L1USKYWJimsC",
      "authors": "Y Zheng, X Chen, MM Cheng, K Zhou, SM Hu, NJ Mitra",
      "venue": "ACM Transactions on Graphics (TOG) 31 (4), 99, 2012",
      "year": 2012,
      "citations": 173
    },
    {
      "title": "Mesh Segmentation with Concavity-Aware Fields",
      "url": "https://scholar.google.com/citations?view_op=view_citation&hl=en&user=7gA-o6gAAAAJ&citation_for_view=7gA-o6gAAAAJ:WC23djZS0W4C",
      "authors": "O Kin-Chung Au, Y Zheng, M Chen, P Xu, C Tai",
      "venue": "Visualization and Computer Graphics, IEEE Transactions on, 1-1, 2011",
      "year": 2011,
      "citations": 146
    },
    {
      "title": "Component‐wise controllers for structure‐preserving shape manipulation",
      "url": "https://scholar.google.com/citations?view_op=view_citation&hl=en&user=7gA-o6gAAAAJ&citation_for_view=7gA-o6gAAAAJ:WHdLCjDvYFkC",
      "authors": "Y Zheng, H Fu, D Cohen‐Or, OKC Au, CL Tai",
      "venue": "Computer Graphics Forum 30 (2), 563-572, 2011",
      "year": 2011,
      "citations": 112
    },
    {
      "title": "Dot Scissor: A Single-Click Interface for Mesh Segmentation",
      "url": "https://scholar.google.com/citations?view_op=view_citation&hl=en&user=7gA-o6gAAAAJ&citation_for_view=7gA-o6gAAAAJ:7wO8s98CvbsC",
      "authors": "Y Zheng, C Tai, O Au",
      "venue": "Visualization and Computer Graphics, IEEE Transactions on, 1-1, 2011",
      "year": 2011,
      "citations": 67
    },
    {
      "title": "Bilateral Normal Filtering for Mesh Denoising",
      "url": "https://scholar.google.com/citations?view_op=view_citation&hl=en&user=7gA-o6gAAAAJ&citation_for_view=7gA-o6gAAAAJ:7H_MAutzIkAC",
      "authors": "Y Zheng, H Fu, O Au, C Tai",
      "venue": "Visualization and Computer Graphics, IEEE Transactions on, 1-1, 2010",
      "year": 2010,
      "citations": 299
    },
    {
      "title": "Electors Voting for Fast Automatic Shape Correspondence.",
      "url": "https://scholar.google.com/citations?view_op=view_citation&hl=en&user=7gA-o6gAAAAJ&citation_for_view=7gA-o6gAAAAJ:NxmKEeNBbOMC",
      "authors": "OKC Au, CL Tai, D Cohen-Or, Y Zheng, H Fu",
      "venue": "Comput. Graph. Forum 29 (2), 645-654, 2010",
      "year": 2010,
      "citations": 98
    },
    {
      "title": "Mesh decomposition with cross‐boundary brushes",
      "url": "https://scholar.google.com/citations?view_op=view_citation&hl=en&user=7gA-o6gAAAAJ&citation_for_view=7gA-o6gAAAAJ:wKETBy42zhYC",
      "authors": "Y Zheng, CL Tai",
      "venue": "Computer Graphics Forum 29 (2), 527-535, 2010",
      "year": 2010,
      "citations": 87
    }
  ],
  "co_authors": [
    {
      "name": "Kun Zhou",
      "scholar_id": "N-iYby0AAAAJ",
      "url": "https://scholar.google.com/citations?user=N-iYby0AAAAJ"
    },
    {
      "name": "Hongbo Fu",
      "scholar_id": "S7D5ygcAAAAJ",
      "url": "https://scholar.google.com/citations?user=S7D5ygcAAAAJ"
    },
    {
      "name": "Chiew-Lan Tai",
      "scholar_id": "DORzgBQAAAAJ",
      "url": "https://scholar.google.com/citations?user=DORzgBQAAAAJ"
    },
    {
      "name": "Niloy J. Mitra",
      "scholar_id": "dPrZJWMAAAAJ",
      "url": "https://scholar.google.com/citations?user=dPrZJWMAAAAJ"
    },
    {
      "name": "Xiang Chen, 陈翔",
      "scholar_id": "I6P3k0AAAAAJ",
      "url": "https://scholar.google.com/citations?user=I6P3k0AAAAAJ"
    },
    {
      "name": "Yanchao Yang",
      "scholar_id": "r2tKnV4AAAAJ",
      "url": "https://scholar.google.com/citations?user=r2tKnV4AAAAJ"
    },
    {
      "name": "Daniel Cohen-Or",
      "scholar_id": "fAxws1sAAAAJ",
      "url": "https://scholar.google.com/citations?user=fAxws1sAAAAJ"
    },
    {
      "name": "Pengfei XU",
      "scholar_id": "bmC8UcoAAAAJ",
      "url": "https://scholar.google.com/citations?user=bmC8UcoAAAAJ"
    },
    {
      "name": "Leonidas Guibas",
      "scholar_id": "5JlEyTAAAAAJ",
      "url": "https://scholar.google.com/citations?user=5JlEyTAAAAAJ"
    },
    {
      "name": "Melinos Averkiou",
      "scholar_id": "U4svWXwAAAAJ",
      "url": "https://scholar.google.com/citations?user=U4svWXwAAAAJ"
    },
    {
      "name": "Ming-Ming Cheng",
      "scholar_id": "huWpVyEAAAAJ",
      "url": "https://scholar.google.com/citations?user=huWpVyEAAAAJ"
    },
    {
      "name": "Shi-Min Hu",
      "scholar_id": "LDb4tb0AAAAJ",
      "url": "https://scholar.google.com/citations?user=LDb4tb0AAAAJ"
    },
    {
      "name": "Duygu Ceylan",
      "scholar_id": "56Kj2QoAAAAJ",
      "url": "https://scholar.google.com/citations?user=56Kj2QoAAAAJ"
    },
    {
      "name": "Oscar Kin Chung Au",
      "scholar_id": "MA4RSrwAAAAJ",
      "url": "https://scholar.google.com/citations?user=MA4RSrwAAAAJ"
    }
  ]
}