{
  "author_info": {
    "name": "Chen-Xiao Gao",
    "affiliation": "Georgia Institute of Technology",
    "email_verified": "Verified email at gatech.edu - Homepage",
    "website": "https://about.gaocx.io/",
    "interests": [
      "Reinforcement Learning"
    ],
    "photo_url": "/citations/images/avatar_scholar_128.png"
  },
  "citation_stats": {
    "citations_all": 268,
    "citations_since_2020": 268,
    "h_index_all": 6,
    "h_index_since_2020": 6,
    "i10_index_all": 4,
    "i10_index_since_2020": 4,
    "citation_graph": [
      {
        "year": 2023,
        "citations": 1
      },
      {
        "year": 2024,
        "citations": 40
      },
      {
        "year": 2025,
        "citations": 227
      }
    ]
  },
  "papers": [
    {
      "title": "Kimi k2: Open agentic intelligence",
      "url": "https://scholar.google.com/citations?view_op=view_citation&hl=en&user=1rG07lQAAAAJ&citation_for_view=1rG07lQAAAAJ:UebtZRa9Y70C",
      "authors": "K Team, Y Bai, Y Bao, G Chen, J Chen, N Chen, R Chen, Y Chen, Y Chen, ...",
      "venue": "arXiv preprint arXiv:2507.20534, 2025",
      "year": 2025,
      "citations": 171
    },
    {
      "title": "Reinforced in-context black-box optimization",
      "url": "https://scholar.google.com/citations?view_op=view_citation&hl=en&user=1rG07lQAAAAJ&citation_for_view=1rG07lQAAAAJ:_FxGoFyzp5QC",
      "authors": "L Song, C Gao, K Xue, C Wu, D Li, J Hao, Z Zhang, C Qian",
      "venue": "Proceedings of the Thirty-Four International Joint Conference on Artificial …, 2025",
      "year": 2025,
      "citations": 19
    },
    {
      "title": "Reward Models in Deep Reinforcement Learning: A Survey",
      "url": "https://scholar.google.com/citations?view_op=view_citation&hl=en&user=1rG07lQAAAAJ&citation_for_view=1rG07lQAAAAJ:roLk4NBRz8UC",
      "authors": "R Yu, S Wan, Y Wang, CX Gao, L Gan, Z Zhang, DC Zhan",
      "venue": "Proceedings of the Thirty-Four International Joint Conference on Artificial …, 2025",
      "year": 2025,
      "citations": 5
    },
    {
      "title": "Behavior-regularized diffusion policy optimization for offline reinforcement learning",
      "url": "https://scholar.google.com/citations?view_op=view_citation&hl=en&user=1rG07lQAAAAJ&citation_for_view=1rG07lQAAAAJ:WF5omc3nYNoC",
      "authors": "CX Gao, C Wu, M Cao, C Xiao, Y Yu, Z Zhang",
      "venue": "Proceedings of the 42nd International Conference on Machine Learning (ICML 2025), 0",
      "year": 2025,
      "citations": 4
    },
    {
      "title": "ACT: Empowering decision transformer with dynamic programming via advantage conditioning",
      "url": "https://scholar.google.com/citations?view_op=view_citation&hl=en&user=1rG07lQAAAAJ&citation_for_view=1rG07lQAAAAJ:2osOgNQ5qMEC",
      "authors": "CX Gao, C Wu, M Cao, R Kong, Z Zhang, Y Yu",
      "venue": "The Thirty-Eighth AAAI Conference on Artificial Intelligence (AAAI-24), 2024",
      "year": 2024,
      "citations": 24
    },
    {
      "title": "Generalizable task representation learning for offline meta-reinforcement learning with data limitations",
      "url": "https://scholar.google.com/citations?view_op=view_citation&hl=en&user=1rG07lQAAAAJ&citation_for_view=1rG07lQAAAAJ:UeHWp8X0CEIC",
      "authors": "R Zhou, CX Gao, Z Zhang, Y Yu",
      "venue": "Proceedings of the AAAI Conference on Artificial Intelligence 38 (15), 17132 …, 2024",
      "year": 2024,
      "citations": 18
    },
    {
      "title": "Hindsight preference learning for offline preference-based reinforcement learning",
      "url": "https://scholar.google.com/citations?view_op=view_citation&hl=en&user=1rG07lQAAAAJ&citation_for_view=1rG07lQAAAAJ:Y0pCki6q_DkC",
      "authors": "CX Gao, S Fang, C Xiao, Y Yu, Z Zhang",
      "venue": "arXiv preprint arXiv:2407.04451, 2024",
      "year": 2024,
      "citations": 9
    },
    {
      "title": "Diffusion spectral representation for reinforcement learning",
      "url": "https://scholar.google.com/citations?view_op=view_citation&hl=en&user=1rG07lQAAAAJ&citation_for_view=1rG07lQAAAAJ:eQOLeE2rZwMC",
      "authors": "D Shribak, CX Gao, Y Li, C Xiao, B Dai",
      "venue": "Advances in Neural Information Processing Systems 37, 110028-110056, 2024",
      "year": 2024,
      "citations": 6
    },
    {
      "title": "Policy rehearsing: Training generalizable policies for reinforcement learning",
      "url": "https://scholar.google.com/citations?view_op=view_citation&hl=en&user=1rG07lQAAAAJ&citation_for_view=1rG07lQAAAAJ:IjCSPb-OGe4C",
      "authors": "C Jia, C Gao, H Yin, F Zhang, XH Chen, T Xu, L Yuan, Z Zhang, ZH Zhou, ...",
      "venue": "The Twelfth International Conference on Learning Representations, 2024",
      "year": 2024,
      "citations": 5
    },
    {
      "title": "Disentangling policy from offline task representation learning via adversarial data augmentation",
      "url": "https://scholar.google.com/citations?view_op=view_citation&hl=en&user=1rG07lQAAAAJ&citation_for_view=1rG07lQAAAAJ:zYLM7Y9cAGgC",
      "authors": "C Jia, F Zhang, YC Li, CX Gao, XH Liu, L Yuan, Z Zhang, Y Yu",
      "venue": "Proceedings of the 23rd International Conference on Autonomous Agents and …, 2024",
      "year": 2024,
      "citations": 4
    },
    {
      "title": "Efficient and stable offline-to-online reinforcement learning via continual policy revitalization",
      "url": "https://scholar.google.com/citations?view_op=view_citation&hl=en&user=1rG07lQAAAAJ&citation_for_view=1rG07lQAAAAJ:W7OEmFMy1HYC",
      "authors": "R Kong, C Wu, CX Gao, Z Zhang, M Li",
      "venue": "Proceedings of the Thirty-Third International Joint Conference on Artificial …, 2024",
      "year": 2024,
      "citations": 3
    }
  ],
  "co_authors": []
}