{
  "author_info": {
    "name": "Zeke Xie",
    "affiliation": "Assistant Professor, The Hong Kong University of Science and Technology (Guangzhou)/ PI, xLeaF Lab",
    "email_verified": "Verified email at hkust-gz.edu.cn - Homepage",
    "website": "https://sites.google.com/view/zeke-xie",
    "interests": [
      "Generative AI",
      "Data-centric AI",
      "Deep Learning Theory",
      "Optimization"
    ],
    "photo_url": "https://scholar.googleusercontent.com/citations?view_op=view_photo&user=ysXmZCMAAAAJ&citpid=5"
  },
  "citation_stats": {
    "citations_all": 1050,
    "citations_since_2020": 1048,
    "h_index_all": 17,
    "h_index_since_2020": 17,
    "i10_index_all": 18,
    "i10_index_since_2020": 18,
    "citation_graph": [
      {
        "year": 2020,
        "citations": 10
      },
      {
        "year": 2021,
        "citations": 42
      },
      {
        "year": 2022,
        "citations": 102
      },
      {
        "year": 2023,
        "citations": 185
      },
      {
        "year": 2024,
        "citations": 294
      },
      {
        "year": 2025,
        "citations": 410
      }
    ]
  },
  "papers": [
    {
      "title": "Golden noise for diffusion models: A learning framework",
      "url": "https://scholar.google.com/citations?view_op=view_citation&hl=en&user=ysXmZCMAAAAJ&citation_for_view=ysXmZCMAAAAJ:M3NEmzRMIkIC",
      "authors": "Z Zhou, S Shao, L Bai, S Zhang, Z Xu, B Han, Z Xie",
      "venue": "International Conference on Computer Vision (ICCV 2025), 2025",
      "year": 2025,
      "citations": 46
    },
    {
      "title": "Zigzag Diffusion Sampling: Diffusion Models Can Self-Improve via Self-Reflection",
      "url": "https://scholar.google.com/citations?view_op=view_citation&hl=en&user=ysXmZCMAAAAJ&citation_for_view=ysXmZCMAAAAJ:NMxIlDl6LWMC",
      "authors": "L Bai, S Shao, Z Zhou, Z Qi, Z Xu, H Xiong, Z Xie",
      "venue": "International Conference on Learning Representations (ICLR 2025), 2025",
      "year": 2025,
      "citations": 19
    },
    {
      "title": "Principled data selection for alignment: The hidden risks of difficult examples",
      "url": "https://scholar.google.com/citations?view_op=view_citation&hl=en&user=ysXmZCMAAAAJ&citation_for_view=ysXmZCMAAAAJ:RGFaLdJalmkC",
      "authors": "C Gao, H Li, L Liu, Z Xie, P Zhao, Z Xu",
      "venue": "International Conference on Machine Learning (ICML 2025), 2025",
      "year": 2025,
      "citations": 16
    },
    {
      "title": "Magicinfinite: Generating infinite talking videos with your words and voice",
      "url": "https://scholar.google.com/citations?view_op=view_citation&hl=en&user=ysXmZCMAAAAJ&citation_for_view=ysXmZCMAAAAJ:XiSMed-E-HIC",
      "authors": "H Yi, T Ye, S Shao, X Yang, J Zhao, H Guo, T Wang, Q Yin, Z Xie, L Zhu, ...",
      "venue": "arXiv preprint arXiv:2503.05978, 2025",
      "year": 2025,
      "citations": 8
    },
    {
      "title": "Not All Noises Are Created Equally: Diffusion Noise Selection and Optimization",
      "url": "https://scholar.google.com/citations?view_op=view_citation&hl=en&user=ysXmZCMAAAAJ&citation_for_view=ysXmZCMAAAAJ:r0BpntZqJG4C",
      "authors": "Z Qi, L Bai, H Xiong, Z Xie",
      "venue": "arXiv preprint arXiv:2407.14041, 2024",
      "year": 2024,
      "citations": 38
    },
    {
      "title": "On the Overlooked Pitfalls of Weight Decay and How to Mitigate Them: A Gradient-Norm Perspective",
      "url": "https://scholar.google.com/citations?view_op=view_citation&hl=en&user=ysXmZCMAAAAJ&citation_for_view=ysXmZCMAAAAJ:MXK_kJrjxJIC",
      "authors": "Z Xie, Z Xu, J Zhang, I Sato, M Sugiyama",
      "venue": "Neural Information Processing Systems (NeurIPS 2023), 2024",
      "year": 2024,
      "citations": 32
    },
    {
      "title": "Converging paradigms: The synergy of symbolic and connectionist ai in llm-empowered autonomous agents",
      "url": "https://scholar.google.com/citations?view_op=view_citation&hl=en&user=ysXmZCMAAAAJ&citation_for_view=ysXmZCMAAAAJ:j3f4tGmQtD8C",
      "authors": "H Xiong, Z Wang, X Li, J Bian, Z Xie, S Mumtaz, A Al-Dulaimi, LE Barnes",
      "venue": "arXiv preprint arXiv:2407.08516, 2024",
      "year": 2024,
      "citations": 25
    },
    {
      "title": "Alignment of Diffusion Models: Fundamentals, Challenges, and Future",
      "url": "https://scholar.google.com/citations?view_op=view_citation&hl=en&user=ysXmZCMAAAAJ&citation_for_view=ysXmZCMAAAAJ:isC4tDSrTZIC",
      "authors": "B Liu, S Shao, B Li, L Bai, Z Xu, H Xiong, J Kwok, S Helal, Z Xie",
      "venue": "arXiv preprint arXiv:2409.07253, 2024",
      "year": 2024,
      "citations": 24
    },
    {
      "title": "On the Overlooked Structure of Stochastic Gradients",
      "url": "https://scholar.google.com/citations?view_op=view_citation&hl=en&user=ysXmZCMAAAAJ&citation_for_view=ysXmZCMAAAAJ:mVmsd5A6BfQC",
      "authors": "Z Xie, QY Tang, M Sun, P Li",
      "venue": "Neural Information Processing Systems (NeurIPS 2023), 2024",
      "year": 2024,
      "citations": 17
    },
    {
      "title": "Hicast: Highly customized arbitrary style transfer with adapter enhanced diffusion models",
      "url": "https://scholar.google.com/citations?view_op=view_citation&hl=en&user=ysXmZCMAAAAJ&citation_for_view=ysXmZCMAAAAJ:SeFeTyx0c_EC",
      "authors": "H Wang, H Wang, J Yang, Z Yu, Z Xie, L Tian, X Xiao, J Jiang, X Liu, ...",
      "venue": "arXiv preprint arXiv:2401.05870, 2024",
      "year": 2024,
      "citations": 6
    },
    {
      "title": "Dataset Pruning: Reducing Training Data by Examining Generalization Influence",
      "url": "https://scholar.google.com/citations?view_op=view_citation&hl=en&user=ysXmZCMAAAAJ&citation_for_view=ysXmZCMAAAAJ:4TOpqqG69KYC",
      "authors": "S Yang, Z Xie, H Peng, M Xu, M Sun, P Li",
      "venue": "International Conference on Learning Representations (ICLR 2023), 2023",
      "year": 2023,
      "citations": 175
    },
    {
      "title": "S3IM: Stochastic Structural SIMilarity and Its Unreasonable Effectiveness for Neural Fields",
      "url": "https://scholar.google.com/citations?view_op=view_citation&hl=en&user=ysXmZCMAAAAJ&citation_for_view=ysXmZCMAAAAJ:dhFuZR0502QC",
      "authors": "Z Xie, X Yang, Y Yang, Q Sun, Y Jiang, H Wang, Y Cai, M Sun",
      "venue": "International Conference on Computer Vision (ICCV 2023), 2023",
      "year": 2023,
      "citations": 54
    },
    {
      "title": "Adaptive Inertia: Disentangling the effects of adaptive learning rate and momentum",
      "url": "https://scholar.google.com/citations?view_op=view_citation&hl=en&user=ysXmZCMAAAAJ&citation_for_view=ysXmZCMAAAAJ:UeHWp8X0CEIC",
      "authors": "Z Xie, X Wang, H Zhang, I Sato, M Sugiyama",
      "venue": "International Conference on Machine Learning (ICML 2022, Oral), 2022",
      "year": 2022,
      "citations": 85
    },
    {
      "title": "Sparse Double Descent: Where Network Pruning Aggravates Overfitting",
      "url": "https://scholar.google.com/citations?view_op=view_citation&hl=en&user=ysXmZCMAAAAJ&citation_for_view=ysXmZCMAAAAJ:_kc_bZDykSQC",
      "authors": "Z He, Z Xie, Q Zhu, Z Qin",
      "venue": "International Conference on Machine Learning (ICML 2022), 2022",
      "year": 2022,
      "citations": 48
    },
    {
      "title": "On the power-law spectrum in deep learning: A bridge to protein science",
      "url": "https://scholar.google.com/citations?view_op=view_citation&hl=en&user=ysXmZCMAAAAJ&citation_for_view=ysXmZCMAAAAJ:uWQEDVKXjbEC",
      "authors": "Z Xie, QY Tang, Y Cai, M Sun, P Li",
      "venue": "arXiv preprint arXiv:2201.13011 2, 2022",
      "year": 2022,
      "citations": 25
    },
    {
      "title": "A diffusion theory for deep learning dynamics: Stochastic gradient descent exponentially favors flat minima",
      "url": "https://scholar.google.com/citations?view_op=view_citation&hl=en&user=ysXmZCMAAAAJ&citation_for_view=ysXmZCMAAAAJ:WF5omc3nYNoC",
      "authors": "Z Xie, I Sato, M Sugiyama",
      "venue": "International Conference on Learning Representations (ICLR 2021), 2021",
      "year": 2021,
      "citations": 210
    },
    {
      "title": "Artificial Neural Variability for Deep Learning: On Overfitting, Noise Memorization, and Catastrophic Forgetting",
      "url": "https://scholar.google.com/citations?view_op=view_citation&hl=en&user=ysXmZCMAAAAJ&citation_for_view=ysXmZCMAAAAJ:Tyk-4Ss8FVUC",
      "authors": "Z Xie, F He, S Fu, I Sato, D Tao, M Sugiyama",
      "venue": "Neural Computation 33 (8), 2163–2192, 2021",
      "year": 2021,
      "citations": 81
    },
    {
      "title": "Positive-Negative Momentum: Manipulating Stochastic Gradient Noise to Improve Generalization",
      "url": "https://scholar.google.com/citations?view_op=view_citation&hl=en&user=ysXmZCMAAAAJ&citation_for_view=ysXmZCMAAAAJ:LkGwnXOMwfcC",
      "authors": "Z Xie, L Yuan, Z Zhu, M Sugiyama",
      "venue": "International Conference on Machine Learning (ICML 2021) 139, 11448--11458, 2021",
      "year": 2021,
      "citations": 50
    },
    {
      "title": "Stable weight decay regularization",
      "url": "https://scholar.google.com/citations?view_op=view_citation&hl=en&user=ysXmZCMAAAAJ&citation_for_view=ysXmZCMAAAAJ:70eg2SAEIzsC",
      "authors": "Z Xie, I Sato, M Sugiyama",
      "venue": "",
      "citations": 36,
      "year": 2020
    },
    {
      "title": "Understanding and scheduling weight decay",
      "url": "https://scholar.google.com/citations?view_op=view_citation&hl=en&user=ysXmZCMAAAAJ&citation_for_view=ysXmZCMAAAAJ:35N4QoGY0k4C",
      "authors": "Z Xie, I Sato, M Sugiyama",
      "venue": "",
      "citations": 23,
      "year": 2020
    }
  ],
  "co_authors": [
    {
      "name": "Masashi Sugiyama",
      "scholar_id": "GkYIrlIAAAAJ",
      "url": "https://scholar.google.com/citations?user=GkYIrlIAAAAJ"
    },
    {
      "name": "Issei Sato",
      "scholar_id": "i4t2aUEAAAAJ",
      "url": "https://scholar.google.com/citations?user=i4t2aUEAAAAJ"
    },
    {
      "name": "Dacheng Tao",
      "scholar_id": "RwlJNLcAAAAJ",
      "url": "https://scholar.google.com/citations?user=RwlJNLcAAAAJ"
    },
    {
      "name": "Bo Han",
      "scholar_id": "nTNjqHwAAAAJ",
      "url": "https://scholar.google.com/citations?user=nTNjqHwAAAAJ"
    },
    {
      "name": "Abdelsalam (Sumi) Helal",
      "scholar_id": "mTJLF-sAAAAJ",
      "url": "https://scholar.google.com/citations?user=mTJLF-sAAAAJ"
    },
    {
      "name": "James T. Kwok",
      "scholar_id": "-oTraZ4AAAAJ",
      "url": "https://scholar.google.com/citations?user=-oTraZ4AAAAJ"
    }
  ]
}