{
  "author_info": {
    "name": "Hilal Asi",
    "affiliation": "Apple",
    "email_verified": "Verified email at apple.com - Homepage",
    "website": "http://web.stanford.edu/~asi/",
    "interests": [
      "Machine Learning",
      "Trustworthy AI",
      "Differential Privacy"
    ],
    "photo_url": "https://scholar.googleusercontent.com/citations?view_op=view_photo&user=QGcz9-kAAAAJ&citpid=1"
  },
  "citation_stats": {
    "citations_all": 1055,
    "citations_since_2020": 1014,
    "h_index_all": 16,
    "h_index_since_2020": 16,
    "i10_index_all": 19,
    "i10_index_since_2020": 19,
    "citation_graph": [
      {
        "year": 2017,
        "citations": 3
      },
      {
        "year": 2018,
        "citations": 6
      },
      {
        "year": 2019,
        "citations": 28
      },
      {
        "year": 2020,
        "citations": 50
      },
      {
        "year": 2021,
        "citations": 88
      },
      {
        "year": 2022,
        "citations": 158
      },
      {
        "year": 2023,
        "citations": 230
      },
      {
        "year": 2024,
        "citations": 260
      },
      {
        "year": 2025,
        "citations": 224
      }
    ]
  },
  "papers": [
    {
      "title": "User-level differentially private stochastic convex optimization: Efficient algorithms with optimal rates",
      "url": "https://scholar.google.com/citations?view_op=view_citation&hl=en&user=QGcz9-kAAAAJ&citation_for_view=QGcz9-kAAAAJ:MXK_kJrjxJIC",
      "authors": "D Liu, H Asi",
      "venue": "International Conference on Artificial Intelligence and Statistics, 4240-4248, 2024",
      "year": 2024,
      "citations": 16
    },
    {
      "title": "Scalable private search with wally",
      "url": "https://scholar.google.com/citations?view_op=view_citation&hl=en&user=QGcz9-kAAAAJ&citation_for_view=QGcz9-kAAAAJ:ULOm3_A8WrAC",
      "authors": "H Asi, F Boemer, N Genise, MH Mughees, T Ogilvie, R Rishi, K Talwar, ...",
      "venue": "arXiv preprint arXiv:2406.06761, 2024",
      "year": 2024,
      "citations": 11
    },
    {
      "title": "Private stochastic convex optimization with heavy tails: Near-optimality from simple reductions",
      "url": "https://scholar.google.com/citations?view_op=view_citation&hl=en&user=QGcz9-kAAAAJ&citation_for_view=QGcz9-kAAAAJ:KlAtU1dfN6UC",
      "authors": "H Asi, D Liu, K Tian",
      "venue": "Advances in Neural Information Processing Systems 37, 59174-59215, 2024",
      "year": 2024,
      "citations": 9
    },
    {
      "title": "From robustness to privacy and back",
      "url": "https://scholar.google.com/citations?view_op=view_citation&hl=en&user=QGcz9-kAAAAJ&citation_for_view=QGcz9-kAAAAJ:0EnyYjriUFMC",
      "authors": "H Asi, J Ullman, L Zakynthinou",
      "venue": "International Conference on Machine Learning, 1121-1146, 2023",
      "year": 2023,
      "citations": 49
    },
    {
      "title": "Private online prediction from experts: Separations and faster rates",
      "url": "https://scholar.google.com/citations?view_op=view_citation&hl=en&user=QGcz9-kAAAAJ&citation_for_view=QGcz9-kAAAAJ:UebtZRa9Y70C",
      "authors": "H Asi, V Feldman, T Koren, K Talwar",
      "venue": "The Thirty Sixth Annual Conference on Learning Theory, 674-699, 2023",
      "year": 2023,
      "citations": 26
    },
    {
      "title": "Near-optimal algorithms for private online optimization in the realizable regime",
      "url": "https://scholar.google.com/citations?view_op=view_citation&hl=en&user=QGcz9-kAAAAJ&citation_for_view=QGcz9-kAAAAJ:5nxA0vEk-isC",
      "authors": "H Asi, V Feldman, T Koren, K Talwar",
      "venue": "International Conference on Machine Learning, 1107-1120, 2023",
      "year": 2023,
      "citations": 16
    },
    {
      "title": "Fast optimal locally private mean estimation via random projections",
      "url": "https://scholar.google.com/citations?view_op=view_citation&hl=en&user=QGcz9-kAAAAJ&citation_for_view=QGcz9-kAAAAJ:8k81kl-MbHgC",
      "authors": "H Asi, V Feldman, J Nelson, H Nguyen, K Talwar",
      "venue": "Advances in Neural Information Processing Systems 36, 16271-16282, 2023",
      "year": 2023,
      "citations": 14
    },
    {
      "title": "Optimal algorithms for mean estimation under local differential privacy",
      "url": "https://scholar.google.com/citations?view_op=view_citation&hl=en&user=QGcz9-kAAAAJ&citation_for_view=QGcz9-kAAAAJ:LkGwnXOMwfcC",
      "authors": "H Asi, V Feldman, K Talwar",
      "venue": "International Conference on Machine Learning, 1046-1056, 2022",
      "year": 2022,
      "citations": 59
    },
    {
      "title": "How many labelers do you have? A closer look at gold-standard labels",
      "url": "https://scholar.google.com/citations?view_op=view_citation&hl=en&user=QGcz9-kAAAAJ&citation_for_view=QGcz9-kAAAAJ:roLk4NBRz8UC",
      "authors": "C Cheng, H Asi, J Duchi",
      "venue": "arXiv preprint arXiv:2206.12041, 2022",
      "year": 2022,
      "citations": 11
    },
    {
      "title": "Private Stochastic Convex Optimization: Optimal Rates in  Geometry",
      "url": "https://scholar.google.com/citations?view_op=view_citation&hl=en&user=QGcz9-kAAAAJ&citation_for_view=QGcz9-kAAAAJ:Y0pCki6q_DkC",
      "authors": "H Asi, V Feldman, T Koren, K Talwar",
      "venue": "ICML 2021 (Oral), 2021",
      "year": 2021,
      "citations": 124
    },
    {
      "title": "Private adaptive gradient methods for convex optimization",
      "url": "https://scholar.google.com/citations?view_op=view_citation&hl=en&user=QGcz9-kAAAAJ&citation_for_view=QGcz9-kAAAAJ:eQOLeE2rZwMC",
      "authors": "H Asi, J Duchi, A Fallah, O Javidbakht, K Talwar",
      "venue": "International Conference on Machine Learning, 383-392, 2021",
      "year": 2021,
      "citations": 80
    },
    {
      "title": "Stochastic bias-reduced gradient methods",
      "url": "https://scholar.google.com/citations?view_op=view_citation&hl=en&user=QGcz9-kAAAAJ&citation_for_view=QGcz9-kAAAAJ:_FxGoFyzp5QC",
      "authors": "H Asi, Y Carmon, A Jambulapati, Y Jin, A Sidford",
      "venue": "Advances in Neural Information Processing Systems 34, 10810-10822, 2021",
      "year": 2021,
      "citations": 41
    },
    {
      "title": "Adapting to function difficulty and growth conditions in private optimization",
      "url": "https://scholar.google.com/citations?view_op=view_citation&hl=en&user=QGcz9-kAAAAJ&citation_for_view=QGcz9-kAAAAJ:WF5omc3nYNoC",
      "authors": "H Asi, D Lévy, JC Duchi",
      "venue": "Advances in Neural Information Processing Systems 34, 19069-19081, 2021",
      "year": 2021,
      "citations": 32
    },
    {
      "title": "Instance-optimality in differential privacy via approximate inverse sensitivity mechanisms",
      "url": "https://scholar.google.com/citations?view_op=view_citation&hl=en&user=QGcz9-kAAAAJ&citation_for_view=QGcz9-kAAAAJ:zYLM7Y9cAGgC",
      "authors": "H Asi, JC Duchi",
      "venue": "Advances in neural information processing systems 33, 14106-14117, 2020",
      "year": 2020,
      "citations": 87
    },
    {
      "title": "Near instance-optimality in differential privacy",
      "url": "https://scholar.google.com/citations?view_op=view_citation&hl=en&user=QGcz9-kAAAAJ&citation_for_view=QGcz9-kAAAAJ:u-x6o8ySG0sC",
      "authors": "H Asi, JC Duchi",
      "venue": "arXiv preprint arXiv:2005.10630, 2020",
      "year": 2020,
      "citations": 55
    },
    {
      "title": "Minibatch stochastic approximate proximal point methods",
      "url": "https://scholar.google.com/citations?view_op=view_citation&hl=en&user=QGcz9-kAAAAJ&citation_for_view=QGcz9-kAAAAJ:Tyk-4Ss8FVUC",
      "authors": "H Asi, K Chadha, G Cheng, JC Duchi",
      "venue": "Advances in neural information processing systems 33, 21958-21968, 2020",
      "year": 2020,
      "citations": 27
    },
    {
      "title": "Stochastic (approximate) proximal point methods: Convergence, optimality, and adaptivity",
      "url": "https://scholar.google.com/citations?view_op=view_citation&hl=en&user=QGcz9-kAAAAJ&citation_for_view=QGcz9-kAAAAJ:2osOgNQ5qMEC",
      "authors": "H Asi, JC Duchi",
      "venue": "SIAM Journal on Optimization 29 (3), 2257-2290, 2019",
      "year": 2019,
      "citations": 183
    },
    {
      "title": "The importance of better models in stochastic optimization",
      "url": "https://scholar.google.com/citations?view_op=view_citation&hl=en&user=QGcz9-kAAAAJ&citation_for_view=QGcz9-kAAAAJ:qjMakFHDy7sC",
      "authors": "H Asi, JC Duchi",
      "venue": "Proceedings of the National Academy of Sciences 116 (46), 22924-22930, 2019",
      "year": 2019,
      "citations": 111
    },
    {
      "title": "Element level differential privacy: The right granularity of privacy",
      "url": "https://scholar.google.com/citations?view_op=view_citation&hl=en&user=QGcz9-kAAAAJ&citation_for_view=QGcz9-kAAAAJ:9yKSN-GCB0IC",
      "authors": "H Asi, J Duchi, O Javidbakht",
      "venue": "arXiv preprint arXiv:1912.04042, 2019",
      "year": 2019,
      "citations": 23
    },
    {
      "title": "Nearly optimal constructions of PIR and batch codes",
      "url": "https://scholar.google.com/citations?view_op=view_citation&hl=en&user=QGcz9-kAAAAJ&citation_for_view=QGcz9-kAAAAJ:d1gkVwhDpl0C",
      "authors": "H Asi, E Yaakobi",
      "venue": "IEEE Transactions on Information Theory 65 (2), 947-964, 2018",
      "year": 2018,
      "citations": 40
    }
  ],
  "co_authors": [
    {
      "name": "John Duchi",
      "scholar_id": "i5srt20AAAAJ",
      "url": "https://scholar.google.com/citations?user=i5srt20AAAAJ"
    },
    {
      "name": "Kunal Talwar",
      "scholar_id": "XD_01h8AAAAJ",
      "url": "https://scholar.google.com/citations?user=XD_01h8AAAAJ"
    },
    {
      "name": "Vitaly Feldman",
      "scholar_id": "GqZBmfgAAAAJ",
      "url": "https://scholar.google.com/citations?user=GqZBmfgAAAAJ"
    },
    {
      "name": "Tomer Koren",
      "scholar_id": "wGG1voYAAAAJ",
      "url": "https://scholar.google.com/citations?user=wGG1voYAAAAJ"
    },
    {
      "name": "Eitan Yaakobi",
      "scholar_id": "Viv2E9AAAAAJ",
      "url": "https://scholar.google.com/citations?user=Viv2E9AAAAAJ"
    },
    {
      "name": "Karan Chadha",
      "scholar_id": "A6BcRcoAAAAJ",
      "url": "https://scholar.google.com/citations?user=A6BcRcoAAAAJ"
    },
    {
      "name": "Alireza Fallah",
      "scholar_id": "2qkqvm4AAAAJ",
      "url": "https://scholar.google.com/citations?user=2qkqvm4AAAAJ"
    },
    {
      "name": "Jonathan Ullman",
      "scholar_id": "WfS41RAAAAAJ",
      "url": "https://scholar.google.com/citations?user=WfS41RAAAAAJ"
    },
    {
      "name": "Lydia Zakynthinou",
      "scholar_id": "s1UQI6kAAAAJ",
      "url": "https://scholar.google.com/citations?user=s1UQI6kAAAAJ"
    },
    {
      "name": "Yair Carmon",
      "scholar_id": "kTKmpT0AAAAJ",
      "url": "https://scholar.google.com/citations?user=kTKmpT0AAAAJ"
    },
    {
      "name": "Yujia Jin",
      "scholar_id": "XTncVoQAAAAJ",
      "url": "https://scholar.google.com/citations?user=XTncVoQAAAAJ"
    },
    {
      "name": "Aaron Sidford",
      "scholar_id": "SWqd2rgAAAAJ",
      "url": "https://scholar.google.com/citations?user=SWqd2rgAAAAJ"
    },
    {
      "name": "Huy L Nguyễn",
      "scholar_id": "MDCu0WEAAAAJ",
      "url": "https://scholar.google.com/citations?user=MDCu0WEAAAAJ"
    },
    {
      "name": "Jelani Nelson",
      "scholar_id": "W6gQqWcAAAAJ",
      "url": "https://scholar.google.com/citations?user=W6gQqWcAAAAJ"
    },
    {
      "name": "Chen Cheng",
      "scholar_id": "UqiD090AAAAJ",
      "url": "https://scholar.google.com/citations?user=UqiD090AAAAJ"
    },
    {
      "name": "Kabir Aladin Verchand",
      "scholar_id": "TN-sNaMAAAAJ",
      "url": "https://scholar.google.com/citations?user=TN-sNaMAAAAJ"
    },
    {
      "name": "Omid Javidbakht",
      "scholar_id": "_JXjrEp9FhYC",
      "url": "https://scholar.google.com/citations?user=_JXjrEp9FhYC"
    },
    {
      "name": "Gary Cheng",
      "scholar_id": "qArWV_wAAAAJ",
      "url": "https://scholar.google.com/citations?user=qArWV_wAAAAJ"
    }
  ]
}